<?xml version="1.0" encoding="US-ASCII" standalone="no"?>
    <!-- Field: Doc-Info; Name: Generator; Value: GoFiler Complete; Version: 3.3b -->
    <!-- Field: Doc-Info; Name: VendorURI; Value: http://www.novaworks.co -->
    <!-- Field: Doc-Info; Name: Source; Value: november.xfr; Date: 2013/01/31T17:41:27 -->
    <!-- Field: Doc-Info; Name: Status; Value: 0x00000000 -->
<link:linkbase xmlns:xsi="http://www.w3.org/2001/XMLSchema-instance" xmlns:xlink="http://www.w3.org/1999/xlink" xmlns:link="http://www.xbrl.org/2003/linkbase" xmlns:xbrli="http://www.xbrl.org/2003/instance" xsi:schemaLocation="http://www.xbrl.org/2003/linkbase http://www.xbrl.org/2003/xbrl-linkbase-2003-12-31.xsd">
    <link:roleRef roleURI="http://biozonelabs.com/role/DocumentAndEntityInformation" xlink:href="bzne-20120930.xsd#DocumentAndEntityInformation" xlink:type="simple" />
    <link:roleRef roleURI="http://biozonelabs.com/role/ConsolidatedBalanceSheets" xlink:href="bzne-20120930.xsd#ConsolidatedBalanceSheets" xlink:type="simple" />
    <link:roleRef roleURI="http://biozonelabs.com/role/ConsolidatedBalanceSheetsParenthetical" xlink:href="bzne-20120930.xsd#ConsolidatedBalanceSheetsParenthetical" xlink:type="simple" />
    <link:roleRef roleURI="http://biozonelabs.com/role/ConsolidatedStatementsOfOperations" xlink:href="bzne-20120930.xsd#ConsolidatedStatementsOfOperations" xlink:type="simple" />
    <link:roleRef roleURI="http://biozonelabs.com/role/ConsolidatedStatementsOfCashFlows" xlink:href="bzne-20120930.xsd#ConsolidatedStatementsOfCashFlows" xlink:type="simple" />
    <link:roleRef roleURI="http://biozonelabs.com/role/BasisOfPresentation" xlink:href="bzne-20120930.xsd#BasisOfPresentation" xlink:type="simple" />
    <link:roleRef roleURI="http://biozonelabs.com/role/BusinessDescriptionAndGoingConcern" xlink:href="bzne-20120930.xsd#BusinessDescriptionAndGoingConcern" xlink:type="simple" />
    <link:roleRef roleURI="http://biozonelabs.com/role/SummaryOfSignificantAccountingPolicies" xlink:href="bzne-20120930.xsd#SummaryOfSignificantAccountingPolicies" xlink:type="simple" />
    <link:roleRef roleURI="http://biozonelabs.com/role/PropertyAndEquipment" xlink:href="bzne-20120930.xsd#PropertyAndEquipment" xlink:type="simple" />
    <link:roleRef roleURI="http://biozonelabs.com/role/EquityMethodInvestments" xlink:href="bzne-20120930.xsd#EquityMethodInvestments" xlink:type="simple" />
    <link:roleRef roleURI="http://biozonelabs.com/role/ConvertibleNotesPayable" xlink:href="bzne-20120930.xsd#ConvertibleNotesPayable" xlink:type="simple" />
    <link:roleRef roleURI="http://biozonelabs.com/role/NotesPayable-Shareholder" xlink:href="bzne-20120930.xsd#NotesPayable-Shareholder" xlink:type="simple" />
    <link:roleRef roleURI="http://biozonelabs.com/role/LongTermDebt" xlink:href="bzne-20120930.xsd#LongTermDebt" xlink:type="simple" />
    <link:roleRef roleURI="http://biozonelabs.com/role/Warrants" xlink:href="bzne-20120930.xsd#Warrants" xlink:type="simple" />
    <link:roleRef roleURI="http://biozonelabs.com/role/Concentrations" xlink:href="bzne-20120930.xsd#Concentrations" xlink:type="simple" />
    <link:roleRef roleURI="http://biozonelabs.com/role/Contingencies" xlink:href="bzne-20120930.xsd#Contingencies" xlink:type="simple" />
    <link:roleRef roleURI="http://biozonelabs.com/role/CapitalDeficiency" xlink:href="bzne-20120930.xsd#CapitalDeficiency" xlink:type="simple" />
    <link:roleRef roleURI="http://biozonelabs.com/role/IncomeTaxes" xlink:href="bzne-20120930.xsd#IncomeTaxes" xlink:type="simple" />
    <link:roleRef roleURI="http://biozonelabs.com/role/SummaryOfSignificantAccountingPoliciesPolicies" xlink:href="bzne-20120930.xsd#SummaryOfSignificantAccountingPoliciesPolicies" xlink:type="simple" />
    <link:roleRef roleURI="http://biozonelabs.com/role/BusinessDescriptionAndGoingConcernTables" xlink:href="bzne-20120930.xsd#BusinessDescriptionAndGoingConcernTables" xlink:type="simple" />
    <link:roleRef roleURI="http://biozonelabs.com/role/SummaryOfSignificantAccountingPoliciesTables" xlink:href="bzne-20120930.xsd#SummaryOfSignificantAccountingPoliciesTables" xlink:type="simple" />
    <link:roleRef roleURI="http://biozonelabs.com/role/PropertyAndEquipmentTables" xlink:href="bzne-20120930.xsd#PropertyAndEquipmentTables" xlink:type="simple" />
    <link:roleRef roleURI="http://biozonelabs.com/role/EquityMethodInvestmentsTables" xlink:href="bzne-20120930.xsd#EquityMethodInvestmentsTables" xlink:type="simple" />
    <link:roleRef roleURI="http://biozonelabs.com/role/ConvertibleNotesPayableTables" xlink:href="bzne-20120930.xsd#ConvertibleNotesPayableTables" xlink:type="simple" />
    <link:roleRef roleURI="http://biozonelabs.com/role/LongTermDebtTables" xlink:href="bzne-20120930.xsd#LongTermDebtTables" xlink:type="simple" />
    <link:roleRef roleURI="http://biozonelabs.com/role/BusinessDescriptionAndGoingConcernDetailsNarrative" xlink:href="bzne-20120930.xsd#BusinessDescriptionAndGoingConcernDetailsNarrative" xlink:type="simple" />
    <link:roleRef roleURI="http://biozonelabs.com/role/BusinessDescriptionAndGoingConcernDetailsNarrative2" xlink:href="bzne-20120930.xsd#BusinessDescriptionAndGoingConcernDetailsNarrative2" xlink:type="simple" />
    <link:roleRef roleURI="http://biozonelabs.com/role/BusinessDescriptionAndGoingConcernDetailsNarrative3" xlink:href="bzne-20120930.xsd#BusinessDescriptionAndGoingConcernDetailsNarrative3" xlink:type="simple" />
    <link:roleRef roleURI="http://biozonelabs.com/role/SummaryOfSignificantAccountingPoliciesDetailsNarrative" xlink:href="bzne-20120930.xsd#SummaryOfSignificantAccountingPoliciesDetailsNarrative" xlink:type="simple" />
    <link:roleRef roleURI="http://biozonelabs.com/role/BusinessDescriptionAndGoingConcernDetails" xlink:href="bzne-20120930.xsd#BusinessDescriptionAndGoingConcernDetails" xlink:type="simple" />
    <link:roleRef roleURI="http://biozonelabs.com/role/SummaryOfSignificantAccountingPoliciesDetails" xlink:href="bzne-20120930.xsd#SummaryOfSignificantAccountingPoliciesDetails" xlink:type="simple" />
    <link:roleRef roleURI="http://biozonelabs.com/role/PropertyAndEquipmentDetails" xlink:href="bzne-20120930.xsd#PropertyAndEquipmentDetails" xlink:type="simple" />
    <link:roleRef roleURI="http://biozonelabs.com/role/ScheduleOfResultsAndPro-FormaInformationOfEquityInvestmentsDetails" xlink:href="bzne-20120930.xsd#ScheduleOfResultsAndPro-FormaInformationOfEquityInvestmentsDetails" xlink:type="simple" />
    <link:roleRef roleURI="http://biozonelabs.com/role/ConvertibleNotesPayableDetailsNarrative" xlink:href="bzne-20120930.xsd#ConvertibleNotesPayableDetailsNarrative" xlink:type="simple" />
    <link:roleRef roleURI="http://biozonelabs.com/role/ConvertibleNotesPayableDetailsNarrative2" xlink:href="bzne-20120930.xsd#ConvertibleNotesPayableDetailsNarrative2" xlink:type="simple" />
    <link:roleRef roleURI="http://biozonelabs.com/role/ConvertibleNotesPayableDetailsNarrative3" xlink:href="bzne-20120930.xsd#ConvertibleNotesPayableDetailsNarrative3" xlink:type="simple" />
    <link:roleRef roleURI="http://biozonelabs.com/role/ConvertibleNotesPayableDetailsNarrative4" xlink:href="bzne-20120930.xsd#ConvertibleNotesPayableDetailsNarrative4" xlink:type="simple" />
    <link:roleRef roleURI="http://biozonelabs.com/role/ConvertibleNotesPayableDetailsNarrative5" xlink:href="bzne-20120930.xsd#ConvertibleNotesPayableDetailsNarrative5" xlink:type="simple" />
    <link:roleRef roleURI="http://biozonelabs.com/role/ConvertibleNotesPayableDetailsNarrative6" xlink:href="bzne-20120930.xsd#ConvertibleNotesPayableDetailsNarrative6" xlink:type="simple" />
    <link:roleRef roleURI="http://biozonelabs.com/role/ConvertibleNotesPayableDetailsNarrative7" xlink:href="bzne-20120930.xsd#ConvertibleNotesPayableDetailsNarrative7" xlink:type="simple" />
    <link:roleRef roleURI="http://biozonelabs.com/role/ConvertibleNotesPayableDetails" xlink:href="bzne-20120930.xsd#ConvertibleNotesPayableDetails" xlink:type="simple" />
    <link:roleRef roleURI="http://biozonelabs.com/role/LongTermDebtDetails" xlink:href="bzne-20120930.xsd#LongTermDebtDetails" xlink:type="simple" />
    <link:roleRef roleURI="http://biozonelabs.com/role/WarrantsDetailsNarrative" xlink:href="bzne-20120930.xsd#WarrantsDetailsNarrative" xlink:type="simple" />
    <link:roleRef roleURI="http://biozonelabs.com/role/WarrantsDetailsNarrative2" xlink:href="bzne-20120930.xsd#WarrantsDetailsNarrative2" xlink:type="simple" />
    <link:roleRef roleURI="http://biozonelabs.com/role/WarrantsDetailsNarrative3" xlink:href="bzne-20120930.xsd#WarrantsDetailsNarrative3" xlink:type="simple" />
    <link:roleRef roleURI="http://biozonelabs.com/role/WarrantsDetailsNarrative4" xlink:href="bzne-20120930.xsd#WarrantsDetailsNarrative4" xlink:type="simple" />
    <link:roleRef roleURI="http://biozonelabs.com/role/WarrantsDetailsNarrative5" xlink:href="bzne-20120930.xsd#WarrantsDetailsNarrative5" xlink:type="simple" />
    <link:roleRef roleURI="http://biozonelabs.com/role/WarrantsDetailsNarrative6" xlink:href="bzne-20120930.xsd#WarrantsDetailsNarrative6" xlink:type="simple" />
    <link:roleRef roleURI="http://biozonelabs.com/role/ConcentrationsDetailsNarrative" xlink:href="bzne-20120930.xsd#ConcentrationsDetailsNarrative" xlink:type="simple" />
    <link:roleRef roleURI="http://biozonelabs.com/role/ContingenciesDetailsNarrative" xlink:href="bzne-20120930.xsd#ContingenciesDetailsNarrative" xlink:type="simple" />
    <link:roleRef roleURI="http://biozonelabs.com/role/ContingenciesDetailsNarrative2" xlink:href="bzne-20120930.xsd#ContingenciesDetailsNarrative2" xlink:type="simple" />
    <link:roleRef roleURI="http://biozonelabs.com/role/ContingenciesDetailsNarrative3" xlink:href="bzne-20120930.xsd#ContingenciesDetailsNarrative3" xlink:type="simple" />
    <link:roleRef roleURI="http://biozonelabs.com/role/CapitalDeficiencyDetailsNarrative" xlink:href="bzne-20120930.xsd#CapitalDeficiencyDetailsNarrative" xlink:type="simple" />
    <link:calculationLink xlink:type="extended" xlink:role="http://biozonelabs.com/role/DocumentAndEntityInformation" xlink:title="0001 - Document - Document and Entity Information" />
    <link:calculationLink xlink:type="extended" xlink:role="http://biozonelabs.com/role/ConsolidatedBalanceSheets" xlink:title="0002 - Statement - Consolidated Balance Sheets (Unaudited)">
      <link:loc xlink:type="locator" xlink:href="http://xbrl.fasb.org/us-gaap/2012/elts/us-gaap-2012-01-31.xsd#us-gaap_AssetsCurrent" xlink:label="loc_bzneAssetsCurrent" />
      <link:loc xlink:type="locator" xlink:href="http://xbrl.fasb.org/us-gaap/2012/elts/us-gaap-2012-01-31.xsd#us-gaap_CashAndCashEquivalentsAtCarryingValue" xlink:label="loc_bzneCashAndCashEquivalentsAtCarryingValue" />
      <link:calculationArc order="100" xlink:arcrole="http://www.xbrl.org/2003/arcrole/summation-item" xlink:from="loc_bzneAssetsCurrent" xlink:to="loc_bzneCashAndCashEquivalentsAtCarryingValue" xlink:type="arc" weight="1" />
      <link:loc xlink:type="locator" xlink:href="http://xbrl.fasb.org/us-gaap/2012/elts/us-gaap-2012-01-31.xsd#us-gaap_AccountsReceivableNetCurrent" xlink:label="loc_bzneAccountsReceivableNetCurrent" />
      <link:calculationArc order="200" xlink:arcrole="http://www.xbrl.org/2003/arcrole/summation-item" xlink:from="loc_bzneAssetsCurrent" xlink:to="loc_bzneAccountsReceivableNetCurrent" xlink:type="arc" weight="1" />
      <link:loc xlink:type="locator" xlink:href="http://xbrl.fasb.org/us-gaap/2012/elts/us-gaap-2012-01-31.xsd#us-gaap_InventoryNet" xlink:label="loc_bzneInventoryNet" />
      <link:calculationArc order="300" xlink:arcrole="http://www.xbrl.org/2003/arcrole/summation-item" xlink:from="loc_bzneAssetsCurrent" xlink:to="loc_bzneInventoryNet" xlink:type="arc" weight="1" />
      <link:loc xlink:type="locator" xlink:href="http://xbrl.fasb.org/us-gaap/2012/elts/us-gaap-2012-01-31.xsd#us-gaap_PrepaidExpenseAndOtherAssetsCurrent" xlink:label="loc_bznePrepaidExpenseAndOtherAssetsCurrent" />
      <link:calculationArc order="400" xlink:arcrole="http://www.xbrl.org/2003/arcrole/summation-item" xlink:from="loc_bzneAssetsCurrent" xlink:to="loc_bznePrepaidExpenseAndOtherAssetsCurrent" xlink:type="arc" weight="1" />
      <link:loc xlink:type="locator" xlink:href="http://xbrl.fasb.org/us-gaap/2012/elts/us-gaap-2012-01-31.xsd#us-gaap_AssetsNoncurrent" xlink:label="loc_bzneAssetsNoncurrent" />
      <link:loc xlink:type="locator" xlink:href="http://xbrl.fasb.org/us-gaap/2012/elts/us-gaap-2012-01-31.xsd#us-gaap_PropertyPlantAndEquipmentNet" xlink:label="loc_bznePropertyPlantAndEquipmentNet" />
      <link:calculationArc order="100" xlink:arcrole="http://www.xbrl.org/2003/arcrole/summation-item" xlink:from="loc_bzneAssetsNoncurrent" xlink:to="loc_bznePropertyPlantAndEquipmentNet" xlink:type="arc" weight="1" />
      <link:loc xlink:type="locator" xlink:href="http://xbrl.fasb.org/us-gaap/2012/elts/us-gaap-2012-01-31.xsd#us-gaap_DeferredFinanceCostsNoncurrentNet" xlink:label="loc_bzneDeferredFinanceCostsNoncurrentNet" />
      <link:calculationArc order="200" xlink:arcrole="http://www.xbrl.org/2003/arcrole/summation-item" xlink:from="loc_bzneAssetsNoncurrent" xlink:to="loc_bzneDeferredFinanceCostsNoncurrentNet" xlink:type="arc" weight="1" />
      <link:loc xlink:type="locator" xlink:href="http://xbrl.fasb.org/us-gaap/2012/elts/us-gaap-2012-01-31.xsd#us-gaap_Goodwill" xlink:label="loc_bzneGoodwill" />
      <link:calculationArc order="300" xlink:arcrole="http://www.xbrl.org/2003/arcrole/summation-item" xlink:from="loc_bzneAssetsNoncurrent" xlink:to="loc_bzneGoodwill" xlink:type="arc" weight="1" />
      <link:loc xlink:type="locator" xlink:href="http://xbrl.fasb.org/us-gaap/2012/elts/us-gaap-2012-01-31.xsd#us-gaap_FiniteLivedIntangibleAssetsNet" xlink:label="loc_bzneFiniteLivedIntangibleAssetsNet" />
      <link:calculationArc order="400" xlink:arcrole="http://www.xbrl.org/2003/arcrole/summation-item" xlink:from="loc_bzneAssetsNoncurrent" xlink:to="loc_bzneFiniteLivedIntangibleAssetsNet" xlink:type="arc" weight="1" />
      <link:loc xlink:type="locator" xlink:href="http://xbrl.fasb.org/us-gaap/2012/elts/us-gaap-2012-01-31.xsd#us-gaap_Assets" xlink:label="loc_bzneAssets" />
      <link:calculationArc order="100" xlink:arcrole="http://www.xbrl.org/2003/arcrole/summation-item" xlink:from="loc_bzneAssets" xlink:to="loc_bzneAssetsCurrent" xlink:type="arc" weight="1" />
      <link:calculationArc order="200" xlink:arcrole="http://www.xbrl.org/2003/arcrole/summation-item" xlink:from="loc_bzneAssets" xlink:to="loc_bzneAssetsNoncurrent" xlink:type="arc" weight="1" />
      <link:loc xlink:type="locator" xlink:href="http://xbrl.fasb.org/us-gaap/2012/elts/us-gaap-2012-01-31.xsd#us-gaap_LiabilitiesCurrent" xlink:label="loc_bzneLiabilitiesCurrent" />
      <link:loc xlink:type="locator" xlink:href="http://xbrl.fasb.org/us-gaap/2012/elts/us-gaap-2012-01-31.xsd#us-gaap_AccountsPayableCurrent" xlink:label="loc_bzneAccountsPayableCurrent" />
      <link:calculationArc order="100" xlink:arcrole="http://www.xbrl.org/2003/arcrole/summation-item" xlink:from="loc_bzneLiabilitiesCurrent" xlink:to="loc_bzneAccountsPayableCurrent" xlink:type="arc" weight="1" />
      <link:loc xlink:type="locator" xlink:href="http://xbrl.fasb.org/us-gaap/2012/elts/us-gaap-2012-01-31.xsd#us-gaap_AccountsPayableAndAccruedLiabilitiesCurrent" xlink:label="loc_bzneAccountsPayableAndAccruedLiabilitiesCurrent" />
      <link:calculationArc order="200" xlink:arcrole="http://www.xbrl.org/2003/arcrole/summation-item" xlink:from="loc_bzneLiabilitiesCurrent" xlink:to="loc_bzneAccountsPayableAndAccruedLiabilitiesCurrent" xlink:type="arc" weight="1" />
      <link:loc xlink:type="locator" xlink:href="http://xbrl.fasb.org/us-gaap/2012/elts/us-gaap-2012-01-31.xsd#us-gaap_InterestPayableCurrent" xlink:label="loc_bzneInterestPayableCurrent" />
      <link:calculationArc order="300" xlink:arcrole="http://www.xbrl.org/2003/arcrole/summation-item" xlink:from="loc_bzneLiabilitiesCurrent" xlink:to="loc_bzneInterestPayableCurrent" xlink:type="arc" weight="1" />
      <link:loc xlink:type="locator" xlink:href="http://xbrl.fasb.org/us-gaap/2012/elts/us-gaap-2012-01-31.xsd#us-gaap_NotesPayableRelatedPartiesClassifiedCurrent" xlink:label="loc_bzneNotesPayableRelatedPartiesClassifiedCurrent" />
      <link:calculationArc order="400" xlink:arcrole="http://www.xbrl.org/2003/arcrole/summation-item" xlink:from="loc_bzneLiabilitiesCurrent" xlink:to="loc_bzneNotesPayableRelatedPartiesClassifiedCurrent" xlink:type="arc" weight="1" />
      <link:loc xlink:type="locator" xlink:href="http://xbrl.fasb.org/us-gaap/2012/elts/us-gaap-2012-01-31.xsd#us-gaap_ConvertibleNotesPayableCurrent" xlink:label="loc_bzneConvertibleNotesPayableCurrent" />
      <link:calculationArc order="500" xlink:arcrole="http://www.xbrl.org/2003/arcrole/summation-item" xlink:from="loc_bzneLiabilitiesCurrent" xlink:to="loc_bzneConvertibleNotesPayableCurrent" xlink:type="arc" weight="1" />
      <link:loc xlink:type="locator" xlink:href="http://xbrl.fasb.org/us-gaap/2012/elts/us-gaap-2012-01-31.xsd#us-gaap_DeferredIncomeTaxLiabilities" xlink:label="loc_bzneDeferredIncomeTaxLiabilities" />
      <link:calculationArc order="600" xlink:arcrole="http://www.xbrl.org/2003/arcrole/summation-item" xlink:from="loc_bzneLiabilitiesCurrent" xlink:to="loc_bzneDeferredIncomeTaxLiabilities" xlink:type="arc" weight="1" />
      <link:loc xlink:type="locator" xlink:href="http://xbrl.fasb.org/us-gaap/2012/elts/us-gaap-2012-01-31.xsd#us-gaap_DerivativeLiabilitiesCurrent" xlink:label="loc_bzneDerivativeLiabilitiesCurrent" />
      <link:calculationArc order="700" xlink:arcrole="http://www.xbrl.org/2003/arcrole/summation-item" xlink:from="loc_bzneLiabilitiesCurrent" xlink:to="loc_bzneDerivativeLiabilitiesCurrent" xlink:type="arc" weight="1" />
      <link:loc xlink:type="locator" xlink:href="http://xbrl.fasb.org/us-gaap/2012/elts/us-gaap-2012-01-31.xsd#us-gaap_LongTermDebtCurrent" xlink:label="loc_bzneLongTermDebtCurrent" />
      <link:calculationArc order="800" xlink:arcrole="http://www.xbrl.org/2003/arcrole/summation-item" xlink:from="loc_bzneLiabilitiesCurrent" xlink:to="loc_bzneLongTermDebtCurrent" xlink:type="arc" weight="1" />
      <link:loc xlink:type="locator" xlink:href="http://xbrl.fasb.org/us-gaap/2012/elts/us-gaap-2012-01-31.xsd#us-gaap_StockholdersEquity" xlink:label="loc_bzneStockholdersEquity" />
      <link:loc xlink:type="locator" xlink:href="http://xbrl.fasb.org/us-gaap/2012/elts/us-gaap-2012-01-31.xsd#us-gaap_CommonStockValue" xlink:label="loc_bzneCommonStockValue" />
      <link:calculationArc order="100" xlink:arcrole="http://www.xbrl.org/2003/arcrole/summation-item" xlink:from="loc_bzneStockholdersEquity" xlink:to="loc_bzneCommonStockValue" xlink:type="arc" weight="1" />
      <link:loc xlink:type="locator" xlink:href="http://xbrl.fasb.org/us-gaap/2012/elts/us-gaap-2012-01-31.xsd#us-gaap_AdditionalPaidInCapital" xlink:label="loc_bzneAdditionalPaidInCapital" />
      <link:calculationArc order="200" xlink:arcrole="http://www.xbrl.org/2003/arcrole/summation-item" xlink:from="loc_bzneStockholdersEquity" xlink:to="loc_bzneAdditionalPaidInCapital" xlink:type="arc" weight="1" />
      <link:loc xlink:type="locator" xlink:href="http://xbrl.fasb.org/us-gaap/2012/elts/us-gaap-2012-01-31.xsd#us-gaap_RetainedEarningsAccumulatedDeficit" xlink:label="loc_bzneRetainedEarningsAccumulatedDeficit" />
      <link:calculationArc order="300" xlink:arcrole="http://www.xbrl.org/2003/arcrole/summation-item" xlink:from="loc_bzneStockholdersEquity" xlink:to="loc_bzneRetainedEarningsAccumulatedDeficit" xlink:type="arc" weight="1" />
      <link:loc xlink:type="locator" xlink:href="http://xbrl.fasb.org/us-gaap/2012/elts/us-gaap-2012-01-31.xsd#us-gaap_LiabilitiesAndStockholdersEquity" xlink:label="loc_bzneLiabilitiesAndStockholdersEquity" />
      <link:calculationArc order="100" xlink:arcrole="http://www.xbrl.org/2003/arcrole/summation-item" xlink:from="loc_bzneLiabilitiesAndStockholdersEquity" xlink:to="loc_bzneLiabilitiesCurrent" xlink:type="arc" weight="1" />
      <link:calculationArc order="200" xlink:arcrole="http://www.xbrl.org/2003/arcrole/summation-item" xlink:from="loc_bzneLiabilitiesAndStockholdersEquity" xlink:to="loc_bzneStockholdersEquity" xlink:type="arc" weight="1" />
      <link:loc xlink:type="locator" xlink:href="http://xbrl.fasb.org/us-gaap/2012/elts/us-gaap-2012-01-31.xsd#us-gaap_OtherLongTermDebtNoncurrent" xlink:label="loc_bzneOtherLongTermDebtNoncurrent" />
      <link:calculationArc order="300" xlink:arcrole="http://www.xbrl.org/2003/arcrole/summation-item" xlink:from="loc_bzneLiabilitiesAndStockholdersEquity" xlink:to="loc_bzneOtherLongTermDebtNoncurrent" xlink:type="arc" weight="1" />
    </link:calculationLink>
    <link:calculationLink xlink:type="extended" xlink:role="http://biozonelabs.com/role/ConsolidatedBalanceSheetsParenthetical" xlink:title="0003 - Statement - Consolidated Balance Sheets (Parenthetical)" />
    <link:calculationLink xlink:type="extended" xlink:role="http://biozonelabs.com/role/ConsolidatedStatementsOfOperations" xlink:title="0004 - Statement - Consolidated Statements of Operations (Unaudited)">
      <link:loc xlink:type="locator" xlink:href="http://xbrl.fasb.org/us-gaap/2012/elts/us-gaap-2012-01-31.xsd#us-gaap_GrossProfit" xlink:label="loc_bzneGrossProfit" />
      <link:loc xlink:type="locator" xlink:href="http://xbrl.fasb.org/us-gaap/2012/elts/us-gaap-2012-01-31.xsd#us-gaap_SalesRevenueGoodsGross" xlink:label="loc_bzneSalesRevenueGoodsGross" />
      <link:calculationArc order="100" xlink:arcrole="http://www.xbrl.org/2003/arcrole/summation-item" xlink:from="loc_bzneGrossProfit" xlink:to="loc_bzneSalesRevenueGoodsGross" xlink:type="arc" weight="1" />
      <link:loc xlink:type="locator" xlink:href="http://xbrl.fasb.org/us-gaap/2012/elts/us-gaap-2012-01-31.xsd#us-gaap_CostOfGoodsSold" xlink:label="loc_bzneCostOfGoodsSold" />
      <link:calculationArc order="200" xlink:arcrole="http://www.xbrl.org/2003/arcrole/summation-item" xlink:from="loc_bzneGrossProfit" xlink:to="loc_bzneCostOfGoodsSold" xlink:type="arc" weight="-1" />
      <link:loc xlink:type="locator" xlink:href="http://xbrl.fasb.org/us-gaap/2012/elts/us-gaap-2012-01-31.xsd#us-gaap_OperatingExpenses" xlink:label="loc_bzneOperatingExpenses" />
      <link:loc xlink:type="locator" xlink:href="http://xbrl.fasb.org/us-gaap/2012/elts/us-gaap-2012-01-31.xsd#us-gaap_GeneralAndAdministrativeExpense" xlink:label="loc_bzneGeneralAndAdministrativeExpense" />
      <link:calculationArc order="100" xlink:arcrole="http://www.xbrl.org/2003/arcrole/summation-item" xlink:from="loc_bzneOperatingExpenses" xlink:to="loc_bzneGeneralAndAdministrativeExpense" xlink:type="arc" weight="1" />
      <link:loc xlink:type="locator" xlink:href="http://xbrl.fasb.org/us-gaap/2012/elts/us-gaap-2012-01-31.xsd#us-gaap_SellingAndMarketingExpense" xlink:label="loc_bzneSellingAndMarketingExpense" />
      <link:calculationArc order="200" xlink:arcrole="http://www.xbrl.org/2003/arcrole/summation-item" xlink:from="loc_bzneOperatingExpenses" xlink:to="loc_bzneSellingAndMarketingExpense" xlink:type="arc" weight="1" />
      <link:loc xlink:type="locator" xlink:href="http://xbrl.fasb.org/us-gaap/2012/elts/us-gaap-2012-01-31.xsd#us-gaap_ResearchAndDevelopmentExpense" xlink:label="loc_bzneResearchAndDevelopmentExpense" />
      <link:calculationArc order="300" xlink:arcrole="http://www.xbrl.org/2003/arcrole/summation-item" xlink:from="loc_bzneOperatingExpenses" xlink:to="loc_bzneResearchAndDevelopmentExpense" xlink:type="arc" weight="1" />
    </link:calculationLink>
    <link:calculationLink xlink:type="extended" xlink:role="http://biozonelabs.com/role/ConsolidatedStatementsOfCashFlows" xlink:title="0005 - Statement - Consolidated Statements of Cash Flows (Unaudited)">
      <link:loc xlink:type="locator" xlink:href="http://xbrl.fasb.org/us-gaap/2012/elts/us-gaap-2012-01-31.xsd#us-gaap_NetCashProvidedByUsedInOperatingActivitiesContinuingOperations" xlink:label="loc_bzneNetCashProvidedByUsedInOperatingActivitiesContinuingOperations" />
      <link:loc xlink:type="locator" xlink:href="http://xbrl.fasb.org/us-gaap/2012/elts/us-gaap-2012-01-31.xsd#us-gaap_NetIncomeLoss" xlink:label="loc_bzneNetIncomeLoss" />
      <link:calculationArc order="100" xlink:arcrole="http://www.xbrl.org/2003/arcrole/summation-item" xlink:from="loc_bzneNetCashProvidedByUsedInOperatingActivitiesContinuingOperations" xlink:to="loc_bzneNetIncomeLoss" xlink:type="arc" weight="1" />
      <link:loc xlink:type="locator" xlink:href="http://xbrl.fasb.org/us-gaap/2012/elts/us-gaap-2012-01-31.xsd#us-gaap_ProvisionForDoubtfulAccounts" xlink:label="loc_bzneProvisionForDoubtfulAccounts" />
      <link:calculationArc order="200" xlink:arcrole="http://www.xbrl.org/2003/arcrole/summation-item" xlink:from="loc_bzneNetCashProvidedByUsedInOperatingActivitiesContinuingOperations" xlink:to="loc_bzneProvisionForDoubtfulAccounts" xlink:type="arc" weight="1" />
      <link:loc xlink:type="locator" xlink:href="http://xbrl.fasb.org/us-gaap/2012/elts/us-gaap-2012-01-31.xsd#us-gaap_DepreciationAndAmortization" xlink:label="loc_bzneDepreciationAndAmortization" />
      <link:calculationArc order="300" xlink:arcrole="http://www.xbrl.org/2003/arcrole/summation-item" xlink:from="loc_bzneNetCashProvidedByUsedInOperatingActivitiesContinuingOperations" xlink:to="loc_bzneDepreciationAndAmortization" xlink:type="arc" weight="1" />
      <link:loc xlink:type="locator" xlink:href="http://xbrl.fasb.org/us-gaap/2012/elts/us-gaap-2012-01-31.xsd#us-gaap_AmortizationOfFinancingCosts" xlink:label="loc_bzneAmortizationOfFinancingCosts" />
      <link:calculationArc order="400" xlink:arcrole="http://www.xbrl.org/2003/arcrole/summation-item" xlink:from="loc_bzneNetCashProvidedByUsedInOperatingActivitiesContinuingOperations" xlink:to="loc_bzneAmortizationOfFinancingCosts" xlink:type="arc" weight="1" />
      <link:loc xlink:type="locator" xlink:href="http://xbrl.fasb.org/us-gaap/2012/elts/us-gaap-2012-01-31.xsd#us-gaap_DerivativeGainLossOnDerivativeNet" xlink:label="loc_bzneDerivativeGainLossOnDerivativeNet" />
      <link:calculationArc order="500" xlink:arcrole="http://www.xbrl.org/2003/arcrole/summation-item" xlink:from="loc_bzneNetCashProvidedByUsedInOperatingActivitiesContinuingOperations" xlink:to="loc_bzneDerivativeGainLossOnDerivativeNet" xlink:type="arc" weight="-1" />
      <link:loc xlink:type="locator" xlink:href="http://xbrl.fasb.org/us-gaap/2012/elts/us-gaap-2012-01-31.xsd#us-gaap_ShareBasedCompensation" xlink:label="loc_bzneShareBasedCompensation" />
      <link:calculationArc order="600" xlink:arcrole="http://www.xbrl.org/2003/arcrole/summation-item" xlink:from="loc_bzneNetCashProvidedByUsedInOperatingActivitiesContinuingOperations" xlink:to="loc_bzneShareBasedCompensation" xlink:type="arc" weight="1" />
      <link:loc xlink:type="locator" xlink:href="http://xbrl.fasb.org/us-gaap/2012/elts/us-gaap-2012-01-31.xsd#us-gaap_PaidInKindInterest" xlink:label="loc_bznePaidInKindInterest" />
      <link:calculationArc order="700" xlink:arcrole="http://www.xbrl.org/2003/arcrole/summation-item" xlink:from="loc_bzneNetCashProvidedByUsedInOperatingActivitiesContinuingOperations" xlink:to="loc_bznePaidInKindInterest" xlink:type="arc" weight="1" />
      <link:loc xlink:type="locator" xlink:href="http://xbrl.fasb.org/us-gaap/2012/elts/us-gaap-2012-01-31.xsd#us-gaap_IncreaseDecreaseInAccountsReceivable" xlink:label="loc_bzneIncreaseDecreaseInAccountsReceivable" />
      <link:calculationArc order="800" xlink:arcrole="http://www.xbrl.org/2003/arcrole/summation-item" xlink:from="loc_bzneNetCashProvidedByUsedInOperatingActivitiesContinuingOperations" xlink:to="loc_bzneIncreaseDecreaseInAccountsReceivable" xlink:type="arc" weight="1" />
      <link:loc xlink:type="locator" xlink:href="http://xbrl.fasb.org/us-gaap/2012/elts/us-gaap-2012-01-31.xsd#us-gaap_IncreaseDecreaseInInventories" xlink:label="loc_bzneIncreaseDecreaseInInventories" />
      <link:calculationArc order="900" xlink:arcrole="http://www.xbrl.org/2003/arcrole/summation-item" xlink:from="loc_bzneNetCashProvidedByUsedInOperatingActivitiesContinuingOperations" xlink:to="loc_bzneIncreaseDecreaseInInventories" xlink:type="arc" weight="1" />
      <link:loc xlink:type="locator" xlink:href="http://xbrl.fasb.org/us-gaap/2012/elts/us-gaap-2012-01-31.xsd#us-gaap_IncreaseDecreaseInPrepaidDeferredExpenseAndOtherAssets" xlink:label="loc_bzneIncreaseDecreaseInPrepaidDeferredExpenseAndOtherAssets" />
      <link:calculationArc order="1000" xlink:arcrole="http://www.xbrl.org/2003/arcrole/summation-item" xlink:from="loc_bzneNetCashProvidedByUsedInOperatingActivitiesContinuingOperations" xlink:to="loc_bzneIncreaseDecreaseInPrepaidDeferredExpenseAndOtherAssets" xlink:type="arc" weight="1" />
      <link:loc xlink:type="locator" xlink:href="http://xbrl.fasb.org/us-gaap/2012/elts/us-gaap-2012-01-31.xsd#us-gaap_IncreaseDecreaseInAccountsPayable" xlink:label="loc_bzneIncreaseDecreaseInAccountsPayable" />
      <link:calculationArc order="1100" xlink:arcrole="http://www.xbrl.org/2003/arcrole/summation-item" xlink:from="loc_bzneNetCashProvidedByUsedInOperatingActivitiesContinuingOperations" xlink:to="loc_bzneIncreaseDecreaseInAccountsPayable" xlink:type="arc" weight="1" />
      <link:loc xlink:type="locator" xlink:href="http://xbrl.fasb.org/us-gaap/2012/elts/us-gaap-2012-01-31.xsd#us-gaap_IncreaseDecreaseInAccruedLiabilitiesAndOtherOperatingLiabilities" xlink:label="loc_bzneIncreaseDecreaseInAccruedLiabilitiesAndOtherOperatingLiabilities" />
      <link:calculationArc order="1200" xlink:arcrole="http://www.xbrl.org/2003/arcrole/summation-item" xlink:from="loc_bzneNetCashProvidedByUsedInOperatingActivitiesContinuingOperations" xlink:to="loc_bzneIncreaseDecreaseInAccruedLiabilitiesAndOtherOperatingLiabilities" xlink:type="arc" weight="1" />
      <link:loc xlink:type="locator" xlink:href="http://xbrl.fasb.org/us-gaap/2012/elts/us-gaap-2012-01-31.xsd#us-gaap_NetCashProvidedByUsedInInvestingActivities" xlink:label="loc_bzneNetCashProvidedByUsedInInvestingActivities" />
      <link:loc xlink:type="locator" xlink:href="http://xbrl.fasb.org/us-gaap/2012/elts/us-gaap-2012-01-31.xsd#us-gaap_PaymentsToAcquirePropertyPlantAndEquipment" xlink:label="loc_bznePaymentsToAcquirePropertyPlantAndEquipment" />
      <link:calculationArc order="100" xlink:arcrole="http://www.xbrl.org/2003/arcrole/summation-item" xlink:from="loc_bzneNetCashProvidedByUsedInInvestingActivities" xlink:to="loc_bznePaymentsToAcquirePropertyPlantAndEquipment" xlink:type="arc" weight="-1" />
      <link:loc xlink:type="locator" xlink:href="http://xbrl.fasb.org/us-gaap/2012/elts/us-gaap-2012-01-31.xsd#us-gaap_CashAcquiredFromAcquisition" xlink:label="loc_bzneCashAcquiredFromAcquisition" />
      <link:calculationArc order="200" xlink:arcrole="http://www.xbrl.org/2003/arcrole/summation-item" xlink:from="loc_bzneNetCashProvidedByUsedInInvestingActivities" xlink:to="loc_bzneCashAcquiredFromAcquisition" xlink:type="arc" weight="1" />
      <link:loc xlink:type="locator" xlink:href="http://xbrl.fasb.org/us-gaap/2012/elts/us-gaap-2012-01-31.xsd#us-gaap_NetCashProvidedByUsedInFinancingActivities" xlink:label="loc_bzneNetCashProvidedByUsedInFinancingActivities" />
      <link:loc xlink:type="locator" xlink:href="http://xbrl.fasb.org/us-gaap/2012/elts/us-gaap-2012-01-31.xsd#us-gaap_ProceedsFromConvertibleDebt" xlink:label="loc_bzneProceedsFromConvertibleDebt" />
      <link:calculationArc order="100" xlink:arcrole="http://www.xbrl.org/2003/arcrole/summation-item" xlink:from="loc_bzneNetCashProvidedByUsedInFinancingActivities" xlink:to="loc_bzneProceedsFromConvertibleDebt" xlink:type="arc" weight="1" />
      <link:loc xlink:type="locator" xlink:href="http://xbrl.fasb.org/us-gaap/2012/elts/us-gaap-2012-01-31.xsd#us-gaap_ProceedsFromIssuanceOfCommonStock" xlink:label="loc_bzneProceedsFromIssuanceOfCommonStock" />
      <link:calculationArc order="200" xlink:arcrole="http://www.xbrl.org/2003/arcrole/summation-item" xlink:from="loc_bzneNetCashProvidedByUsedInFinancingActivities" xlink:to="loc_bzneProceedsFromIssuanceOfCommonStock" xlink:type="arc" weight="1" />
      <link:loc xlink:type="locator" xlink:href="http://xbrl.fasb.org/us-gaap/2012/elts/us-gaap-2012-01-31.xsd#us-gaap_PaymentsOfFinancingCosts" xlink:label="loc_bznePaymentsOfFinancingCosts" />
      <link:calculationArc order="300" xlink:arcrole="http://www.xbrl.org/2003/arcrole/summation-item" xlink:from="loc_bzneNetCashProvidedByUsedInFinancingActivities" xlink:to="loc_bznePaymentsOfFinancingCosts" xlink:type="arc" weight="-1" />
      <link:loc xlink:type="locator" xlink:href="http://xbrl.fasb.org/us-gaap/2012/elts/us-gaap-2012-01-31.xsd#us-gaap_RepaymentsOfDebt" xlink:label="loc_bzneRepaymentsOfDebt" />
      <link:calculationArc order="400" xlink:arcrole="http://www.xbrl.org/2003/arcrole/summation-item" xlink:from="loc_bzneNetCashProvidedByUsedInFinancingActivities" xlink:to="loc_bzneRepaymentsOfDebt" xlink:type="arc" weight="-1" />
      <link:loc xlink:type="locator" xlink:href="http://xbrl.fasb.org/us-gaap/2012/elts/us-gaap-2012-01-31.xsd#us-gaap_RepaymentsOfNotesPayable" xlink:label="loc_bzneRepaymentsOfNotesPayable" />
      <link:calculationArc order="500" xlink:arcrole="http://www.xbrl.org/2003/arcrole/summation-item" xlink:from="loc_bzneNetCashProvidedByUsedInFinancingActivities" xlink:to="loc_bzneRepaymentsOfNotesPayable" xlink:type="arc" weight="-1" />
      <link:loc xlink:type="locator" xlink:href="http://xbrl.fasb.org/us-gaap/2012/elts/us-gaap-2012-01-31.xsd#us-gaap_RepaymentsOfRelatedPartyDebt" xlink:label="loc_bzneRepaymentsOfRelatedPartyDebt" />
      <link:calculationArc order="600" xlink:arcrole="http://www.xbrl.org/2003/arcrole/summation-item" xlink:from="loc_bzneNetCashProvidedByUsedInFinancingActivities" xlink:to="loc_bzneRepaymentsOfRelatedPartyDebt" xlink:type="arc" weight="-1" />
    </link:calculationLink>
    <link:calculationLink xlink:type="extended" xlink:role="http://biozonelabs.com/role/BasisOfPresentation" xlink:title="0006 - Disclosure - Basis of Presentation" />
    <link:calculationLink xlink:type="extended" xlink:role="http://biozonelabs.com/role/BusinessDescriptionAndGoingConcern" xlink:title="0007 - Disclosure - Business Description and Going Concern" />
    <link:calculationLink xlink:type="extended" xlink:role="http://biozonelabs.com/role/SummaryOfSignificantAccountingPolicies" xlink:title="0008 - Disclosure - Summary of Significant Accounting Policies" />
    <link:calculationLink xlink:type="extended" xlink:role="http://biozonelabs.com/role/PropertyAndEquipment" xlink:title="0009 - Disclosure - Property and Equipment" />
    <link:calculationLink xlink:type="extended" xlink:role="http://biozonelabs.com/role/EquityMethodInvestments" xlink:title="0010 - Disclosure - Equity Method Investments" />
    <link:calculationLink xlink:type="extended" xlink:role="http://biozonelabs.com/role/ConvertibleNotesPayable" xlink:title="0011 - Disclosure - Convertible Notes Payable" />
    <link:calculationLink xlink:type="extended" xlink:role="http://biozonelabs.com/role/NotesPayable-Shareholder" xlink:title="0012 - Disclosure - Notes Payable - Shareholder" />
    <link:calculationLink xlink:type="extended" xlink:role="http://biozonelabs.com/role/LongTermDebt" xlink:title="0013 - Disclosure - Long Term Debt" />
    <link:calculationLink xlink:type="extended" xlink:role="http://biozonelabs.com/role/Warrants" xlink:title="0014 - Disclosure - Warrants" />
    <link:calculationLink xlink:type="extended" xlink:role="http://biozonelabs.com/role/Concentrations" xlink:title="0015 - Disclosure - Concentrations" />
    <link:calculationLink xlink:type="extended" xlink:role="http://biozonelabs.com/role/Contingencies" xlink:title="0016 - Disclosure - Contingencies" />
    <link:calculationLink xlink:type="extended" xlink:role="http://biozonelabs.com/role/CapitalDeficiency" xlink:title="0017 - Disclosure - Capital Deficiency" />
    <link:calculationLink xlink:type="extended" xlink:role="http://biozonelabs.com/role/IncomeTaxes" xlink:title="0018 - Disclosure - Income Taxes" />
    <link:calculationLink xlink:type="extended" xlink:role="http://biozonelabs.com/role/SummaryOfSignificantAccountingPoliciesPolicies" xlink:title="0019 - Disclosure - Summary of Significant Accounting Policies (Policies)" />
    <link:calculationLink xlink:type="extended" xlink:role="http://biozonelabs.com/role/BusinessDescriptionAndGoingConcernTables" xlink:title="0020 - Disclosure - Business Description and Going Concern (Tables)" />
    <link:calculationLink xlink:type="extended" xlink:role="http://biozonelabs.com/role/SummaryOfSignificantAccountingPoliciesTables" xlink:title="0021 - Disclosure - Summary of Significant Accounting Policies (Tables)" />
    <link:calculationLink xlink:type="extended" xlink:role="http://biozonelabs.com/role/PropertyAndEquipmentTables" xlink:title="0022 - Disclosure - Property and Equipment (Tables)" />
    <link:calculationLink xlink:type="extended" xlink:role="http://biozonelabs.com/role/EquityMethodInvestmentsTables" xlink:title="0023 - Disclosure - Equity Method Investments (Tables)" />
    <link:calculationLink xlink:type="extended" xlink:role="http://biozonelabs.com/role/ConvertibleNotesPayableTables" xlink:title="0024 - Disclosure - Convertible Notes Payable (Tables)" />
    <link:calculationLink xlink:type="extended" xlink:role="http://biozonelabs.com/role/LongTermDebtTables" xlink:title="0025 - Disclosure - Long Term Debt (Tables)" />
    <link:calculationLink xlink:type="extended" xlink:role="http://biozonelabs.com/role/BusinessDescriptionAndGoingConcernDetailsNarrative" xlink:title="0026 - Disclosure - Business Description and Going Concern (Details Narrative)" />
    <link:calculationLink xlink:type="extended" xlink:role="http://biozonelabs.com/role/BusinessDescriptionAndGoingConcernDetailsNarrative2" xlink:title="0027 - Disclosure - Business Description and Going Concern (Details Narrative 2)" />
    <link:calculationLink xlink:type="extended" xlink:role="http://biozonelabs.com/role/BusinessDescriptionAndGoingConcernDetailsNarrative3" xlink:title="0028 - Disclosure - Business Description and Going Concern (Details Narrative 3)" />
    <link:calculationLink xlink:type="extended" xlink:role="http://biozonelabs.com/role/SummaryOfSignificantAccountingPoliciesDetailsNarrative" xlink:title="0029 - Disclosure - Summary of Significant Accounting Policies (Details Narrative)" />
    <link:calculationLink xlink:type="extended" xlink:role="http://biozonelabs.com/role/BusinessDescriptionAndGoingConcernDetails" xlink:title="0030 - Disclosure - Business Description and Going Concern (Details)" />
    <link:calculationLink xlink:type="extended" xlink:role="http://biozonelabs.com/role/SummaryOfSignificantAccountingPoliciesDetails" xlink:title="0031 - Disclosure - Summary of Significant Accounting Policies (Details)" />
    <link:calculationLink xlink:type="extended" xlink:role="http://biozonelabs.com/role/PropertyAndEquipmentDetails" xlink:title="0032 - Disclosure - Property and Equipment (Details)" />
    <link:calculationLink xlink:type="extended" xlink:role="http://biozonelabs.com/role/ScheduleOfResultsAndPro-FormaInformationOfEquityInvestmentsDetails" xlink:title="0033 - Disclosure - Schedule of Results and Pro-Forma information of equity investments (Details)" />
    <link:calculationLink xlink:type="extended" xlink:role="http://biozonelabs.com/role/ConvertibleNotesPayableDetailsNarrative" xlink:title="0034 - Disclosure - Convertible Notes Payable (Details Narrative)" />
    <link:calculationLink xlink:type="extended" xlink:role="http://biozonelabs.com/role/ConvertibleNotesPayableDetailsNarrative2" xlink:title="0035 - Disclosure - Convertible Notes Payable (Details Narrative 2)" />
    <link:calculationLink xlink:type="extended" xlink:role="http://biozonelabs.com/role/ConvertibleNotesPayableDetailsNarrative3" xlink:title="0036 - Disclosure - Convertible Notes Payable (Details Narrative 3)" />
    <link:calculationLink xlink:type="extended" xlink:role="http://biozonelabs.com/role/ConvertibleNotesPayableDetailsNarrative4" xlink:title="0037 - Disclosure - Convertible Notes Payable (Details Narrative 4)" />
    <link:calculationLink xlink:type="extended" xlink:role="http://biozonelabs.com/role/ConvertibleNotesPayableDetailsNarrative5" xlink:title="0038 - Disclosure - Convertible Notes Payable (Details Narrative 5)" />
    <link:calculationLink xlink:type="extended" xlink:role="http://biozonelabs.com/role/ConvertibleNotesPayableDetailsNarrative6" xlink:title="0039 - Disclosure - Convertible Notes Payable (Details Narrative 6)" />
    <link:calculationLink xlink:type="extended" xlink:role="http://biozonelabs.com/role/ConvertibleNotesPayableDetailsNarrative7" xlink:title="0040 - Disclosure - Convertible Notes Payable (Details Narrative 7)" />
    <link:calculationLink xlink:type="extended" xlink:role="http://biozonelabs.com/role/ConvertibleNotesPayableDetails" xlink:title="0041 - Disclosure - Convertible Notes Payable (Details)" />
    <link:calculationLink xlink:type="extended" xlink:role="http://biozonelabs.com/role/LongTermDebtDetails" xlink:title="0042 - Disclosure - Long Term Debt (Details)" />
    <link:calculationLink xlink:type="extended" xlink:role="http://biozonelabs.com/role/WarrantsDetailsNarrative" xlink:title="0043 - Disclosure - Warrants (Details Narrative)" />
    <link:calculationLink xlink:type="extended" xlink:role="http://biozonelabs.com/role/WarrantsDetailsNarrative2" xlink:title="0044 - Disclosure - Warrants (Details Narrative 2)" />
    <link:calculationLink xlink:type="extended" xlink:role="http://biozonelabs.com/role/WarrantsDetailsNarrative3" xlink:title="0045 - Disclosure - Warrants (Details Narrative 3)" />
    <link:calculationLink xlink:type="extended" xlink:role="http://biozonelabs.com/role/WarrantsDetailsNarrative4" xlink:title="0046 - Disclosure - Warrants (Details Narrative 4)" />
    <link:calculationLink xlink:type="extended" xlink:role="http://biozonelabs.com/role/WarrantsDetailsNarrative5" xlink:title="0047 - Disclosure - Warrants (Details Narrative 5)" />
    <link:calculationLink xlink:type="extended" xlink:role="http://biozonelabs.com/role/WarrantsDetailsNarrative6" xlink:title="0048 - Disclosure - Warrants (Details Narrative 6)" />
    <link:calculationLink xlink:type="extended" xlink:role="http://biozonelabs.com/role/ConcentrationsDetailsNarrative" xlink:title="0049 - Disclosure - Concentrations (Details Narrative)" />
    <link:calculationLink xlink:type="extended" xlink:role="http://biozonelabs.com/role/ContingenciesDetailsNarrative" xlink:title="0050 - Disclosure - Contingencies (Details Narrative)" />
    <link:calculationLink xlink:type="extended" xlink:role="http://biozonelabs.com/role/ContingenciesDetailsNarrative2" xlink:title="0051 - Disclosure - Contingencies (Details Narrative 2)" />
    <link:calculationLink xlink:type="extended" xlink:role="http://biozonelabs.com/role/ContingenciesDetailsNarrative3" xlink:title="0052 - Disclosure - Contingencies (Details Narrative 3)" />
    <link:calculationLink xlink:type="extended" xlink:role="http://biozonelabs.com/role/CapitalDeficiencyDetailsNarrative" xlink:title="0053 - Disclosure - Capital Deficiency (Details Narrative)" />
</link:linkbase>
