<?xml version="1.0" encoding="US-ASCII" standalone="no"?>
    <!-- Field: Doc-Info; Name: Generator; Value: GoFiler Complete; Version: 3.4b -->
    <!-- Field: Doc-Info; Name: VendorURI; Value: http://www.novaworks.co -->
    <!-- Field: Doc-Info; Name: Source; Value: gelt%2D20120630_v4.xfr; Date: 2013/01/30T17:41:46 -->
    <!-- Field: Doc-Info; Name: Status; Value: 0x80050000 -->
<link:linkbase xmlns:xsi="http://www.w3.org/2001/XMLSchema-instance" xmlns:xlink="http://www.w3.org/1999/xlink" xmlns:link="http://www.xbrl.org/2003/linkbase" xmlns:xbrli="http://www.xbrl.org/2003/instance" xsi:schemaLocation="http://www.xbrl.org/2003/linkbase http://www.xbrl.org/2003/xbrl-linkbase-2003-12-31.xsd">
    <link:roleRef xlink:type="simple" xlink:href="http://www.xbrl.org/lrr/role/negated-2009-12-16.xsd#negatedLabel" roleURI="http://www.xbrl.org/2009/role/negatedLabel" />
    <link:roleRef xlink:type="simple" xlink:href="http://www.xbrl.org/lrr/role/negated-2009-12-16.xsd#negatedPeriodEndLabel" roleURI="http://www.xbrl.org/2009/role/negatedPeriodEndLabel" />
    <link:roleRef xlink:type="simple" xlink:href="http://www.xbrl.org/lrr/role/negated-2009-12-16.xsd#negatedPeriodStartLabel" roleURI="http://www.xbrl.org/2009/role/negatedPeriodStartLabel" />
    <link:roleRef xlink:type="simple" xlink:href="http://www.xbrl.org/lrr/role/negated-2009-12-16.xsd#negatedTotalLabel" roleURI="http://www.xbrl.org/2009/role/negatedTotalLabel" />
    <link:roleRef xlink:type="simple" xlink:href="http://www.xbrl.org/lrr/role/negated-2009-12-16.xsd#negatedNetLabel" roleURI="http://www.xbrl.org/2009/role/negatedNetLabel" />
    <link:roleRef xlink:type="simple" xlink:href="http://www.xbrl.org/lrr/role/negated-2009-12-16.xsd#negatedTerseLabel" roleURI="http://www.xbrl.org/2009/role/negatedTerseLabel" />
    <link:labelLink xlink:type="extended" xlink:role="http://www.xbrl.org/2003/role/link">
      <link:loc xlink:type="locator" xlink:href="http://xbrl.fasb.org/us-gaap/2012/elts/us-gaap-2012-01-31.xsd#us-gaap_CommonStockMember" xlink:label="us-gaap_CommonStockMember" />
      <link:labelArc xlink:arcrole="http://www.xbrl.org/2003/arcrole/concept-label" xlink:from="us-gaap_CommonStockMember" xlink:to="us-gaap_CommonStockMember_lbl" xlink:type="arc" />
      <link:label xlink:type="resource" xlink:role="http://www.xbrl.org/2003/role/label" xlink:label="us-gaap_CommonStockMember_lbl" xml:lang="en-US">Common Stock Shares</link:label>
      <link:loc xlink:type="locator" xlink:href="http://xbrl.fasb.org/us-gaap/2012/elts/us-gaap-2012-01-31.xsd#us-gaap_StatementEquityComponentsAxis" xlink:label="us-gaap_StatementEquityComponentsAxis" />
      <link:labelArc xlink:arcrole="http://www.xbrl.org/2003/arcrole/concept-label" xlink:from="us-gaap_StatementEquityComponentsAxis" xlink:to="us-gaap_StatementEquityComponentsAxis_lbl" xlink:type="arc" />
      <link:label xlink:type="resource" xlink:role="http://www.xbrl.org/2003/role/label" xlink:label="us-gaap_StatementEquityComponentsAxis_lbl" xml:lang="en-US">Equity Components [Axis]</link:label>
      <link:loc xlink:type="locator" xlink:href="http://xbrl.fasb.org/us-gaap/2012/elts/us-gaap-2012-01-31.xsd#us-gaap_TreasuryStockMember" xlink:label="us-gaap_TreasuryStockMember" />
      <link:labelArc xlink:arcrole="http://www.xbrl.org/2003/arcrole/concept-label" xlink:from="us-gaap_TreasuryStockMember" xlink:to="us-gaap_TreasuryStockMember_lbl" xlink:type="arc" />
      <link:label xlink:type="resource" xlink:role="http://www.xbrl.org/2003/role/label" xlink:label="us-gaap_TreasuryStockMember_lbl" xml:lang="en-US">Common Stock Amount</link:label>
      <link:loc xlink:type="locator" xlink:href="http://xbrl.fasb.org/us-gaap/2012/elts/us-gaap-2012-01-31.xsd#us-gaap_AdditionalPaidInCapitalMember" xlink:label="us-gaap_AdditionalPaidInCapitalMember" />
      <link:labelArc xlink:arcrole="http://www.xbrl.org/2003/arcrole/concept-label" xlink:from="us-gaap_AdditionalPaidInCapitalMember" xlink:to="us-gaap_AdditionalPaidInCapitalMember_lbl" xlink:type="arc" />
      <link:label xlink:type="resource" xlink:role="http://www.xbrl.org/2003/role/label" xlink:label="us-gaap_AdditionalPaidInCapitalMember_lbl" xml:lang="en-US">Additional Paid-in Capital</link:label>
      <link:loc xlink:type="locator" xlink:href="http://xbrl.fasb.org/us-gaap/2012/elts/us-gaap-2012-01-31.xsd#us-gaap_RetainedEarningsMember" xlink:label="us-gaap_RetainedEarningsMember" />
      <link:labelArc xlink:arcrole="http://www.xbrl.org/2003/arcrole/concept-label" xlink:from="us-gaap_RetainedEarningsMember" xlink:to="us-gaap_RetainedEarningsMember_lbl" xlink:type="arc" />
      <link:label xlink:type="resource" xlink:role="http://www.xbrl.org/2003/role/label" xlink:label="us-gaap_RetainedEarningsMember_lbl" xml:lang="en-US">Retained Earnings (Deficit)</link:label>
      <link:labelArc xlink:arcrole="http://www.xbrl.org/2003/arcrole/concept-label" xlink:from="us-gaap_CommonStockMember" xlink:to="us-gaap_CommonStockMember_2_lbl" xlink:type="arc" />
      <link:label xlink:type="resource" xlink:role="http://www.xbrl.org/2003/role/verboseLabel" xlink:label="us-gaap_CommonStockMember_2_lbl" xml:lang="en-US">Common Stock</link:label>
      <link:labelArc xlink:arcrole="http://www.xbrl.org/2003/arcrole/concept-label" xlink:from="us-gaap_AdditionalPaidInCapitalMember" xlink:to="us-gaap_AdditionalPaidInCapitalMember_2_lbl" xlink:type="arc" />
      <link:label xlink:type="resource" xlink:role="http://www.xbrl.org/2003/role/verboseLabel" xlink:label="us-gaap_AdditionalPaidInCapitalMember_2_lbl" xml:lang="en-US">Additional Paid-In Capital</link:label>
      <link:loc xlink:type="locator" xlink:href="http://xbrl.fasb.org/us-gaap/2012/elts/us-gaap-2012-01-31.xsd#us-gaap_DirectorMember" xlink:label="us-gaap_DirectorMember" />
      <link:labelArc xlink:arcrole="http://www.xbrl.org/2003/arcrole/concept-label" xlink:from="us-gaap_DirectorMember" xlink:to="us-gaap_DirectorMember_lbl" xlink:type="arc" />
      <link:label xlink:type="resource" xlink:role="http://www.xbrl.org/2003/role/label" xlink:label="us-gaap_DirectorMember_lbl" xml:lang="en-US">Director</link:label>
      <link:loc xlink:type="locator" xlink:href="http://xbrl.fasb.org/us-gaap/2012/elts/us-gaap-2012-01-31.xsd#us-gaap_RelatedPartyTransactionsByRelatedPartyAxis" xlink:label="us-gaap_RelatedPartyTransactionsByRelatedPartyAxis" />
      <link:labelArc xlink:arcrole="http://www.xbrl.org/2003/arcrole/concept-label" xlink:from="us-gaap_RelatedPartyTransactionsByRelatedPartyAxis" xlink:to="us-gaap_RelatedPartyTransactionsByRelatedPartyAxis_lbl" xlink:type="arc" />
      <link:label xlink:type="resource" xlink:role="http://www.xbrl.org/2003/role/label" xlink:label="us-gaap_RelatedPartyTransactionsByRelatedPartyAxis_lbl" xml:lang="en-US">Related Party [Axis]</link:label>
      <link:loc xlink:type="locator" xlink:href="http://xbrl.fasb.org/us-gaap/2012/elts/us-gaap-2012-01-31.xsd#us-gaap_OfficerMember" xlink:label="us-gaap_OfficerMember" />
      <link:labelArc xlink:arcrole="http://www.xbrl.org/2003/arcrole/concept-label" xlink:from="us-gaap_OfficerMember" xlink:to="us-gaap_OfficerMember_lbl" xlink:type="arc" />
      <link:label xlink:type="resource" xlink:role="http://www.xbrl.org/2003/role/label" xlink:label="us-gaap_OfficerMember_lbl" xml:lang="en-US">Officer</link:label>
      <link:loc xlink:type="locator" xlink:href="gelt-20120630.xsd#GELT_DocumentAndEntityInformationAbstract" xlink:label="GELT_DocumentAndEntityInformationAbstract" />
      <link:labelArc xlink:arcrole="http://www.xbrl.org/2003/arcrole/concept-label" xlink:from="GELT_DocumentAndEntityInformationAbstract" xlink:to="GELT_DocumentAndEntityInformationAbstract_lbl" xlink:type="arc" />
      <link:label xlink:type="resource" xlink:role="http://www.xbrl.org/2003/role/label" xlink:label="GELT_DocumentAndEntityInformationAbstract_lbl" xml:lang="en-US">Document And Entity Information</link:label>
      <link:loc xlink:type="locator" xlink:href="http://xbrl.sec.gov/dei/2012/dei-2012-01-31.xsd#dei_EntityRegistrantName" xlink:label="dei_EntityRegistrantName" />
      <link:labelArc xlink:arcrole="http://www.xbrl.org/2003/arcrole/concept-label" xlink:from="dei_EntityRegistrantName" xlink:to="dei_EntityRegistrantName_lbl" xlink:type="arc" />
      <link:label xlink:type="resource" xlink:role="http://www.xbrl.org/2003/role/label" xlink:label="dei_EntityRegistrantName_lbl" xml:lang="en-US">Entity Registrant Name</link:label>
      <link:loc xlink:type="locator" xlink:href="http://xbrl.sec.gov/dei/2012/dei-2012-01-31.xsd#dei_EntityCentralIndexKey" xlink:label="dei_EntityCentralIndexKey" />
      <link:labelArc xlink:arcrole="http://www.xbrl.org/2003/arcrole/concept-label" xlink:from="dei_EntityCentralIndexKey" xlink:to="dei_EntityCentralIndexKey_lbl" xlink:type="arc" />
      <link:label xlink:type="resource" xlink:role="http://www.xbrl.org/2003/role/label" xlink:label="dei_EntityCentralIndexKey_lbl" xml:lang="en-US">Entity Central Index Key</link:label>
      <link:loc xlink:type="locator" xlink:href="http://xbrl.sec.gov/dei/2012/dei-2012-01-31.xsd#dei_DocumentType" xlink:label="dei_DocumentType" />
      <link:labelArc xlink:arcrole="http://www.xbrl.org/2003/arcrole/concept-label" xlink:from="dei_DocumentType" xlink:to="dei_DocumentType_lbl" xlink:type="arc" />
      <link:label xlink:type="resource" xlink:role="http://www.xbrl.org/2003/role/label" xlink:label="dei_DocumentType_lbl" xml:lang="en-US">Document Type</link:label>
      <link:loc xlink:type="locator" xlink:href="http://xbrl.sec.gov/dei/2012/dei-2012-01-31.xsd#dei_DocumentPeriodEndDate" xlink:label="dei_DocumentPeriodEndDate" />
      <link:labelArc xlink:arcrole="http://www.xbrl.org/2003/arcrole/concept-label" xlink:from="dei_DocumentPeriodEndDate" xlink:to="dei_DocumentPeriodEndDate_lbl" xlink:type="arc" />
      <link:label xlink:type="resource" xlink:role="http://www.xbrl.org/2003/role/label" xlink:label="dei_DocumentPeriodEndDate_lbl" xml:lang="en-US">Document Period End Date</link:label>
      <link:loc xlink:type="locator" xlink:href="http://xbrl.sec.gov/dei/2012/dei-2012-01-31.xsd#dei_AmendmentFlag" xlink:label="dei_AmendmentFlag" />
      <link:labelArc xlink:arcrole="http://www.xbrl.org/2003/arcrole/concept-label" xlink:from="dei_AmendmentFlag" xlink:to="dei_AmendmentFlag_lbl" xlink:type="arc" />
      <link:label xlink:type="resource" xlink:role="http://www.xbrl.org/2003/role/label" xlink:label="dei_AmendmentFlag_lbl" xml:lang="en-US">Amendment Flag</link:label>
      <link:loc xlink:type="locator" xlink:href="http://xbrl.sec.gov/dei/2012/dei-2012-01-31.xsd#dei_CurrentFiscalYearEndDate" xlink:label="dei_CurrentFiscalYearEndDate" />
      <link:labelArc xlink:arcrole="http://www.xbrl.org/2003/arcrole/concept-label" xlink:from="dei_CurrentFiscalYearEndDate" xlink:to="dei_CurrentFiscalYearEndDate_lbl" xlink:type="arc" />
      <link:label xlink:type="resource" xlink:role="http://www.xbrl.org/2003/role/label" xlink:label="dei_CurrentFiscalYearEndDate_lbl" xml:lang="en-US">Current Fiscal Year End Date</link:label>
      <link:loc xlink:type="locator" xlink:href="http://xbrl.sec.gov/dei/2012/dei-2012-01-31.xsd#dei_EntityWellKnownSeasonedIssuer" xlink:label="dei_EntityWellKnownSeasonedIssuer" />
      <link:labelArc xlink:arcrole="http://www.xbrl.org/2003/arcrole/concept-label" xlink:from="dei_EntityWellKnownSeasonedIssuer" xlink:to="dei_EntityWellKnownSeasonedIssuer_lbl" xlink:type="arc" />
      <link:label xlink:type="resource" xlink:role="http://www.xbrl.org/2003/role/label" xlink:label="dei_EntityWellKnownSeasonedIssuer_lbl" xml:lang="en-US">Is Entity a Well-known Seasoned Issuer?</link:label>
      <link:loc xlink:type="locator" xlink:href="http://xbrl.sec.gov/dei/2012/dei-2012-01-31.xsd#dei_EntityVoluntaryFilers" xlink:label="dei_EntityVoluntaryFilers" />
      <link:labelArc xlink:arcrole="http://www.xbrl.org/2003/arcrole/concept-label" xlink:from="dei_EntityVoluntaryFilers" xlink:to="dei_EntityVoluntaryFilers_lbl" xlink:type="arc" />
      <link:label xlink:type="resource" xlink:role="http://www.xbrl.org/2003/role/label" xlink:label="dei_EntityVoluntaryFilers_lbl" xml:lang="en-US">Is Entity a Voluntary Filer?</link:label>
      <link:loc xlink:type="locator" xlink:href="http://xbrl.sec.gov/dei/2012/dei-2012-01-31.xsd#dei_EntityCurrentReportingStatus" xlink:label="dei_EntityCurrentReportingStatus" />
      <link:labelArc xlink:arcrole="http://www.xbrl.org/2003/arcrole/concept-label" xlink:from="dei_EntityCurrentReportingStatus" xlink:to="dei_EntityCurrentReportingStatus_lbl" xlink:type="arc" />
      <link:label xlink:type="resource" xlink:role="http://www.xbrl.org/2003/role/label" xlink:label="dei_EntityCurrentReportingStatus_lbl" xml:lang="en-US">Is Entity's Reporting Status Current?</link:label>
      <link:loc xlink:type="locator" xlink:href="http://xbrl.sec.gov/dei/2012/dei-2012-01-31.xsd#dei_EntityFilerCategory" xlink:label="dei_EntityFilerCategory" />
      <link:labelArc xlink:arcrole="http://www.xbrl.org/2003/arcrole/concept-label" xlink:from="dei_EntityFilerCategory" xlink:to="dei_EntityFilerCategory_lbl" xlink:type="arc" />
      <link:label xlink:type="resource" xlink:role="http://www.xbrl.org/2003/role/label" xlink:label="dei_EntityFilerCategory_lbl" xml:lang="en-US">Entity Filer Category</link:label>
      <link:loc xlink:type="locator" xlink:href="http://xbrl.sec.gov/dei/2012/dei-2012-01-31.xsd#dei_EntityPublicFloat" xlink:label="dei_EntityPublicFloat" />
      <link:labelArc xlink:arcrole="http://www.xbrl.org/2003/arcrole/concept-label" xlink:from="dei_EntityPublicFloat" xlink:to="dei_EntityPublicFloat_lbl" xlink:type="arc" />
      <link:label xlink:type="resource" xlink:role="http://www.xbrl.org/2003/role/label" xlink:label="dei_EntityPublicFloat_lbl" xml:lang="en-US">Entity Public Float</link:label>
      <link:loc xlink:type="locator" xlink:href="http://xbrl.sec.gov/dei/2012/dei-2012-01-31.xsd#dei_EntityCommonStockSharesOutstanding" xlink:label="dei_EntityCommonStockSharesOutstanding" />
      <link:labelArc xlink:arcrole="http://www.xbrl.org/2003/arcrole/concept-label" xlink:from="dei_EntityCommonStockSharesOutstanding" xlink:to="dei_EntityCommonStockSharesOutstanding_lbl" xlink:type="arc" />
      <link:label xlink:type="resource" xlink:role="http://www.xbrl.org/2003/role/label" xlink:label="dei_EntityCommonStockSharesOutstanding_lbl" xml:lang="en-US">Entity Common Stock, Shares Outstanding</link:label>
      <link:loc xlink:type="locator" xlink:href="http://xbrl.sec.gov/dei/2012/dei-2012-01-31.xsd#dei_DocumentFiscalPeriodFocus" xlink:label="dei_DocumentFiscalPeriodFocus" />
      <link:labelArc xlink:arcrole="http://www.xbrl.org/2003/arcrole/concept-label" xlink:from="dei_DocumentFiscalPeriodFocus" xlink:to="dei_DocumentFiscalPeriodFocus_lbl" xlink:type="arc" />
      <link:label xlink:type="resource" xlink:role="http://www.xbrl.org/2003/role/label" xlink:label="dei_DocumentFiscalPeriodFocus_lbl" xml:lang="en-US">Document Fiscal Period Focus</link:label>
      <link:loc xlink:type="locator" xlink:href="http://xbrl.sec.gov/dei/2012/dei-2012-01-31.xsd#dei_DocumentFiscalYearFocus" xlink:label="dei_DocumentFiscalYearFocus" />
      <link:labelArc xlink:arcrole="http://www.xbrl.org/2003/arcrole/concept-label" xlink:from="dei_DocumentFiscalYearFocus" xlink:to="dei_DocumentFiscalYearFocus_lbl" xlink:type="arc" />
      <link:label xlink:type="resource" xlink:role="http://www.xbrl.org/2003/role/label" xlink:label="dei_DocumentFiscalYearFocus_lbl" xml:lang="en-US">Document Fiscal Year Focus</link:label>
      <link:loc xlink:type="locator" xlink:href="http://xbrl.sec.gov/dei/2012/dei-2012-01-31.xsd#dei_AmendmentDescription" xlink:label="dei_AmendmentDescription" />
      <link:labelArc xlink:arcrole="http://www.xbrl.org/2003/arcrole/concept-label" xlink:from="dei_AmendmentDescription" xlink:to="dei_AmendmentDescription_lbl" xlink:type="arc" />
      <link:label xlink:type="resource" xlink:role="http://www.xbrl.org/2003/role/label" xlink:label="dei_AmendmentDescription_lbl" xml:lang="en-US">Amendment Description</link:label>
      <link:loc xlink:type="locator" xlink:href="http://xbrl.fasb.org/us-gaap/2012/elts/us-gaap-2012-01-31.xsd#us-gaap_StatementOfFinancialPositionAbstract" xlink:label="us-gaap_StatementOfFinancialPositionAbstract" />
      <link:labelArc xlink:arcrole="http://www.xbrl.org/2003/arcrole/concept-label" xlink:from="us-gaap_StatementOfFinancialPositionAbstract" xlink:to="us-gaap_StatementOfFinancialPositionAbstract_lbl" xlink:type="arc" />
      <link:label xlink:type="resource" xlink:role="http://www.xbrl.org/2003/role/label" xlink:label="us-gaap_StatementOfFinancialPositionAbstract_lbl" xml:lang="en-US">Statement of Financial Position [Abstract]</link:label>
      <link:loc xlink:type="locator" xlink:href="http://xbrl.fasb.org/us-gaap/2012/elts/us-gaap-2012-01-31.xsd#us-gaap_AssetsAbstract" xlink:label="us-gaap_AssetsAbstract" />
      <link:labelArc xlink:arcrole="http://www.xbrl.org/2003/arcrole/concept-label" xlink:from="us-gaap_AssetsAbstract" xlink:to="us-gaap_AssetsAbstract_lbl" xlink:type="arc" />
      <link:label xlink:type="resource" xlink:role="http://www.xbrl.org/2003/role/label" xlink:label="us-gaap_AssetsAbstract_lbl" xml:lang="en-US">ASSETS</link:label>
      <link:loc xlink:type="locator" xlink:href="http://xbrl.fasb.org/us-gaap/2012/elts/us-gaap-2012-01-31.xsd#us-gaap_AssetsCurrentAbstract" xlink:label="us-gaap_AssetsCurrentAbstract" />
      <link:labelArc xlink:arcrole="http://www.xbrl.org/2003/arcrole/concept-label" xlink:from="us-gaap_AssetsCurrentAbstract" xlink:to="us-gaap_AssetsCurrentAbstract_lbl" xlink:type="arc" />
      <link:label xlink:type="resource" xlink:role="http://www.xbrl.org/2003/role/label" xlink:label="us-gaap_AssetsCurrentAbstract_lbl" xml:lang="en-US">Current Assets:</link:label>
      <link:loc xlink:type="locator" xlink:href="http://xbrl.fasb.org/us-gaap/2012/elts/us-gaap-2012-01-31.xsd#us-gaap_CashAndCashEquivalentsAtCarryingValue" xlink:label="us-gaap_CashAndCashEquivalentsAtCarryingValue" />
      <link:labelArc xlink:arcrole="http://www.xbrl.org/2003/arcrole/concept-label" xlink:from="us-gaap_CashAndCashEquivalentsAtCarryingValue" xlink:to="us-gaap_CashAndCashEquivalentsAtCarryingValue_lbl" xlink:type="arc" />
      <link:label xlink:type="resource" xlink:role="http://www.xbrl.org/2003/role/label" xlink:label="us-gaap_CashAndCashEquivalentsAtCarryingValue_lbl" xml:lang="en-US">Cash and cash equivalents</link:label>
      <link:loc xlink:type="locator" xlink:href="http://xbrl.fasb.org/us-gaap/2012/elts/us-gaap-2012-01-31.xsd#us-gaap_AssetsCurrent" xlink:label="us-gaap_AssetsCurrent" />
      <link:labelArc xlink:arcrole="http://www.xbrl.org/2003/arcrole/concept-label" xlink:from="us-gaap_AssetsCurrent" xlink:to="us-gaap_AssetsCurrent_lbl" xlink:type="arc" />
      <link:label xlink:type="resource" xlink:role="http://www.xbrl.org/2003/role/totalLabel" xlink:label="us-gaap_AssetsCurrent_lbl" xml:lang="en-US">Total current assets</link:label>
      <link:loc xlink:type="locator" xlink:href="http://xbrl.fasb.org/us-gaap/2012/elts/us-gaap-2012-01-31.xsd#us-gaap_Assets" xlink:label="us-gaap_Assets" />
      <link:labelArc xlink:arcrole="http://www.xbrl.org/2003/arcrole/concept-label" xlink:from="us-gaap_Assets" xlink:to="us-gaap_Assets_lbl" xlink:type="arc" />
      <link:label xlink:type="resource" xlink:role="http://www.xbrl.org/2003/role/totalLabel" xlink:label="us-gaap_Assets_lbl" xml:lang="en-US">Total Assets</link:label>
      <link:loc xlink:type="locator" xlink:href="http://xbrl.fasb.org/us-gaap/2012/elts/us-gaap-2012-01-31.xsd#us-gaap_LiabilitiesAndStockholdersEquityAbstract" xlink:label="us-gaap_LiabilitiesAndStockholdersEquityAbstract" />
      <link:labelArc xlink:arcrole="http://www.xbrl.org/2003/arcrole/concept-label" xlink:from="us-gaap_LiabilitiesAndStockholdersEquityAbstract" xlink:to="us-gaap_LiabilitiesAndStockholdersEquityAbstract_lbl" xlink:type="arc" />
      <link:label xlink:type="resource" xlink:role="http://www.xbrl.org/2003/role/label" xlink:label="us-gaap_LiabilitiesAndStockholdersEquityAbstract_lbl" xml:lang="en-US">LIABILITIES AND STOCKHOLDERS' EQUITY</link:label>
      <link:loc xlink:type="locator" xlink:href="http://xbrl.fasb.org/us-gaap/2012/elts/us-gaap-2012-01-31.xsd#us-gaap_LiabilitiesCurrentAbstract" xlink:label="us-gaap_LiabilitiesCurrentAbstract" />
      <link:labelArc xlink:arcrole="http://www.xbrl.org/2003/arcrole/concept-label" xlink:from="us-gaap_LiabilitiesCurrentAbstract" xlink:to="us-gaap_LiabilitiesCurrentAbstract_lbl" xlink:type="arc" />
      <link:label xlink:type="resource" xlink:role="http://www.xbrl.org/2003/role/label" xlink:label="us-gaap_LiabilitiesCurrentAbstract_lbl" xml:lang="en-US">Current Liabilities:</link:label>
      <link:loc xlink:type="locator" xlink:href="http://xbrl.fasb.org/us-gaap/2012/elts/us-gaap-2012-01-31.xsd#us-gaap_AccountsPayableAndAccruedLiabilitiesCurrent" xlink:label="us-gaap_AccountsPayableAndAccruedLiabilitiesCurrent" />
      <link:labelArc xlink:arcrole="http://www.xbrl.org/2003/arcrole/concept-label" xlink:from="us-gaap_AccountsPayableAndAccruedLiabilitiesCurrent" xlink:to="us-gaap_AccountsPayableAndAccruedLiabilitiesCurrent_lbl" xlink:type="arc" />
      <link:label xlink:type="resource" xlink:role="http://www.xbrl.org/2003/role/label" xlink:label="us-gaap_AccountsPayableAndAccruedLiabilitiesCurrent_lbl" xml:lang="en-US">Accounts payable and accrued expenses</link:label>
      <link:loc xlink:type="locator" xlink:href="http://xbrl.fasb.org/us-gaap/2012/elts/us-gaap-2012-01-31.xsd#us-gaap_LiabilitiesCurrent" xlink:label="us-gaap_LiabilitiesCurrent" />
      <link:labelArc xlink:arcrole="http://www.xbrl.org/2003/arcrole/concept-label" xlink:from="us-gaap_LiabilitiesCurrent" xlink:to="us-gaap_LiabilitiesCurrent_lbl" xlink:type="arc" />
      <link:label xlink:type="resource" xlink:role="http://www.xbrl.org/2003/role/totalLabel" xlink:label="us-gaap_LiabilitiesCurrent_lbl" xml:lang="en-US">Total Current Liabilities</link:label>
      <link:loc xlink:type="locator" xlink:href="http://xbrl.fasb.org/us-gaap/2012/elts/us-gaap-2012-01-31.xsd#us-gaap_CommitmentsAndContingencies" xlink:label="us-gaap_CommitmentsAndContingencies" />
      <link:labelArc xlink:arcrole="http://www.xbrl.org/2003/arcrole/concept-label" xlink:from="us-gaap_CommitmentsAndContingencies" xlink:to="us-gaap_CommitmentsAndContingencies_lbl" xlink:type="arc" />
      <link:label xlink:type="resource" xlink:role="http://www.xbrl.org/2003/role/label" xlink:label="us-gaap_CommitmentsAndContingencies_lbl" xml:lang="en-US">Commitments and Contingencies</link:label>
      <link:loc xlink:type="locator" xlink:href="http://xbrl.fasb.org/us-gaap/2012/elts/us-gaap-2012-01-31.xsd#us-gaap_StockholdersEquityAbstract" xlink:label="us-gaap_StockholdersEquityAbstract" />
      <link:labelArc xlink:arcrole="http://www.xbrl.org/2003/arcrole/concept-label" xlink:from="us-gaap_StockholdersEquityAbstract" xlink:to="us-gaap_StockholdersEquityAbstract_lbl" xlink:type="arc" />
      <link:label xlink:type="resource" xlink:role="http://www.xbrl.org/2003/role/label" xlink:label="us-gaap_StockholdersEquityAbstract_lbl" xml:lang="en-US">Stockholders' Equity (Deficit):</link:label>
      <link:loc xlink:type="locator" xlink:href="http://xbrl.fasb.org/us-gaap/2012/elts/us-gaap-2012-01-31.xsd#us-gaap_CommonStockValue" xlink:label="us-gaap_CommonStockValue" />
      <link:labelArc xlink:arcrole="http://www.xbrl.org/2003/arcrole/concept-label" xlink:from="us-gaap_CommonStockValue" xlink:to="us-gaap_CommonStockValue_lbl" xlink:type="arc" />
      <link:label xlink:type="resource" xlink:role="http://www.xbrl.org/2003/role/label" xlink:label="us-gaap_CommonStockValue_lbl" xml:lang="en-US">Common stock, par value $0.0001 per share, 200,000,000 shares authorized; 6,750,000 shares issued and outstanding</link:label>
      <link:loc xlink:type="locator" xlink:href="http://xbrl.fasb.org/us-gaap/2012/elts/us-gaap-2012-01-31.xsd#us-gaap_AdditionalPaidInCapitalCommonStock" xlink:label="us-gaap_AdditionalPaidInCapitalCommonStock" />
      <link:labelArc xlink:arcrole="http://www.xbrl.org/2003/arcrole/concept-label" xlink:from="us-gaap_AdditionalPaidInCapitalCommonStock" xlink:to="us-gaap_AdditionalPaidInCapitalCommonStock_lbl" xlink:type="arc" />
      <link:label xlink:type="resource" xlink:role="http://www.xbrl.org/2003/role/label" xlink:label="us-gaap_AdditionalPaidInCapitalCommonStock_lbl" xml:lang="en-US">Additional paid-in capital</link:label>
      <link:loc xlink:type="locator" xlink:href="http://xbrl.fasb.org/us-gaap/2012/elts/us-gaap-2012-01-31.xsd#us-gaap_RetainedEarningsAccumulatedDeficit" xlink:label="us-gaap_RetainedEarningsAccumulatedDeficit" />
      <link:labelArc xlink:arcrole="http://www.xbrl.org/2003/arcrole/concept-label" xlink:from="us-gaap_RetainedEarningsAccumulatedDeficit" xlink:to="us-gaap_RetainedEarningsAccumulatedDeficit_lbl" xlink:type="arc" />
      <link:label xlink:type="resource" xlink:role="http://www.xbrl.org/2003/role/label" xlink:label="us-gaap_RetainedEarningsAccumulatedDeficit_lbl" xml:lang="en-US">Retained earnings (Deficit)</link:label>
      <link:loc xlink:type="locator" xlink:href="http://xbrl.fasb.org/us-gaap/2012/elts/us-gaap-2012-01-31.xsd#us-gaap_StockholdersEquity" xlink:label="us-gaap_StockholdersEquity" />
      <link:labelArc xlink:arcrole="http://www.xbrl.org/2003/arcrole/concept-label" xlink:from="us-gaap_StockholdersEquity" xlink:to="us-gaap_StockholdersEquity_lbl" xlink:type="arc" />
      <link:label xlink:type="resource" xlink:role="http://www.xbrl.org/2003/role/totalLabel" xlink:label="us-gaap_StockholdersEquity_lbl" xml:lang="en-US">Total stockholders' equity (deficit)</link:label>
      <link:loc xlink:type="locator" xlink:href="http://xbrl.fasb.org/us-gaap/2012/elts/us-gaap-2012-01-31.xsd#us-gaap_LiabilitiesAndStockholdersEquity" xlink:label="us-gaap_LiabilitiesAndStockholdersEquity" />
      <link:labelArc xlink:arcrole="http://www.xbrl.org/2003/arcrole/concept-label" xlink:from="us-gaap_LiabilitiesAndStockholdersEquity" xlink:to="us-gaap_LiabilitiesAndStockholdersEquity_lbl" xlink:type="arc" />
      <link:label xlink:type="resource" xlink:role="http://www.xbrl.org/2003/role/totalLabel" xlink:label="us-gaap_LiabilitiesAndStockholdersEquity_lbl" xml:lang="en-US">Total Liabilities and Stockholders' Equity</link:label>
      <link:loc xlink:type="locator" xlink:href="http://xbrl.fasb.org/us-gaap/2012/elts/us-gaap-2012-01-31.xsd#us-gaap_CommonStockParOrStatedValuePerShare" xlink:label="us-gaap_CommonStockParOrStatedValuePerShare" />
      <link:labelArc xlink:arcrole="http://www.xbrl.org/2003/arcrole/concept-label" xlink:from="us-gaap_CommonStockParOrStatedValuePerShare" xlink:to="us-gaap_CommonStockParOrStatedValuePerShare_lbl" xlink:type="arc" />
      <link:label xlink:type="resource" xlink:role="http://www.xbrl.org/2003/role/label" xlink:label="us-gaap_CommonStockParOrStatedValuePerShare_lbl" xml:lang="en-US">Common stock, par value per share</link:label>
      <link:loc xlink:type="locator" xlink:href="http://xbrl.fasb.org/us-gaap/2012/elts/us-gaap-2012-01-31.xsd#us-gaap_CommonStockSharesAuthorized" xlink:label="us-gaap_CommonStockSharesAuthorized" />
      <link:labelArc xlink:arcrole="http://www.xbrl.org/2003/arcrole/concept-label" xlink:from="us-gaap_CommonStockSharesAuthorized" xlink:to="us-gaap_CommonStockSharesAuthorized_lbl" xlink:type="arc" />
      <link:label xlink:type="resource" xlink:role="http://www.xbrl.org/2003/role/label" xlink:label="us-gaap_CommonStockSharesAuthorized_lbl" xml:lang="en-US">Common stock, shares authorized</link:label>
      <link:loc xlink:type="locator" xlink:href="http://xbrl.fasb.org/us-gaap/2012/elts/us-gaap-2012-01-31.xsd#us-gaap_CommonStockSharesIssued" xlink:label="us-gaap_CommonStockSharesIssued" />
      <link:labelArc xlink:arcrole="http://www.xbrl.org/2003/arcrole/concept-label" xlink:from="us-gaap_CommonStockSharesIssued" xlink:to="us-gaap_CommonStockSharesIssued_lbl" xlink:type="arc" />
      <link:label xlink:type="resource" xlink:role="http://www.xbrl.org/2003/role/label" xlink:label="us-gaap_CommonStockSharesIssued_lbl" xml:lang="en-US">Common stock, shares issued</link:label>
      <link:loc xlink:type="locator" xlink:href="http://xbrl.fasb.org/us-gaap/2012/elts/us-gaap-2012-01-31.xsd#us-gaap_CommonStockSharesOutstanding" xlink:label="us-gaap_CommonStockSharesOutstanding" />
      <link:labelArc xlink:arcrole="http://www.xbrl.org/2003/arcrole/concept-label" xlink:from="us-gaap_CommonStockSharesOutstanding" xlink:to="us-gaap_CommonStockSharesOutstanding_lbl" xlink:type="arc" />
      <link:label xlink:type="resource" xlink:role="http://www.xbrl.org/2003/role/label" xlink:label="us-gaap_CommonStockSharesOutstanding_lbl" xml:lang="en-US">Common stock, shares outstanding</link:label>
      <link:loc xlink:type="locator" xlink:href="http://xbrl.fasb.org/us-gaap/2012/elts/us-gaap-2012-01-31.xsd#us-gaap_IncomeStatementAbstract" xlink:label="us-gaap_IncomeStatementAbstract" />
      <link:labelArc xlink:arcrole="http://www.xbrl.org/2003/arcrole/concept-label" xlink:from="us-gaap_IncomeStatementAbstract" xlink:to="us-gaap_IncomeStatementAbstract_lbl" xlink:type="arc" />
      <link:label xlink:type="resource" xlink:role="http://www.xbrl.org/2003/role/label" xlink:label="us-gaap_IncomeStatementAbstract_lbl" xml:lang="en-US">Income Statement [Abstract]</link:label>
      <link:loc xlink:type="locator" xlink:href="http://xbrl.fasb.org/us-gaap/2012/elts/us-gaap-2012-01-31.xsd#us-gaap_Revenues" xlink:label="us-gaap_Revenues" />
      <link:labelArc xlink:arcrole="http://www.xbrl.org/2003/arcrole/concept-label" xlink:from="us-gaap_Revenues" xlink:to="us-gaap_Revenues_lbl" xlink:type="arc" />
      <link:label xlink:type="resource" xlink:role="http://www.xbrl.org/2003/role/label" xlink:label="us-gaap_Revenues_lbl" xml:lang="en-US">Revenues</link:label>
      <link:loc xlink:type="locator" xlink:href="http://xbrl.fasb.org/us-gaap/2012/elts/us-gaap-2012-01-31.xsd#us-gaap_OperatingExpensesAbstract" xlink:label="us-gaap_OperatingExpensesAbstract" />
      <link:labelArc xlink:arcrole="http://www.xbrl.org/2003/arcrole/concept-label" xlink:from="us-gaap_OperatingExpensesAbstract" xlink:to="us-gaap_OperatingExpensesAbstract_lbl" xlink:type="arc" />
      <link:label xlink:type="resource" xlink:role="http://www.xbrl.org/2003/role/label" xlink:label="us-gaap_OperatingExpensesAbstract_lbl" xml:lang="en-US">Expenses:</link:label>
      <link:loc xlink:type="locator" xlink:href="http://xbrl.fasb.org/us-gaap/2012/elts/us-gaap-2012-01-31.xsd#us-gaap_GeneralAndAdministrativeExpenseAbstract" xlink:label="us-gaap_GeneralAndAdministrativeExpenseAbstract" />
      <link:labelArc xlink:arcrole="http://www.xbrl.org/2003/arcrole/concept-label" xlink:from="us-gaap_GeneralAndAdministrativeExpenseAbstract" xlink:to="us-gaap_GeneralAndAdministrativeExpenseAbstract_lbl" xlink:type="arc" />
      <link:label xlink:type="resource" xlink:role="http://www.xbrl.org/2003/role/label" xlink:label="us-gaap_GeneralAndAdministrativeExpenseAbstract_lbl" xml:lang="en-US">General and administrative-</link:label>
      <link:loc xlink:type="locator" xlink:href="http://xbrl.fasb.org/us-gaap/2012/elts/us-gaap-2012-01-31.xsd#us-gaap_ProfessionalFees" xlink:label="us-gaap_ProfessionalFees" />
      <link:labelArc xlink:arcrole="http://www.xbrl.org/2003/arcrole/concept-label" xlink:from="us-gaap_ProfessionalFees" xlink:to="us-gaap_ProfessionalFees_lbl" xlink:type="arc" />
      <link:label xlink:type="resource" xlink:role="http://www.xbrl.org/2003/role/label" xlink:label="us-gaap_ProfessionalFees_lbl" xml:lang="en-US">Professional fees</link:label>
      <link:loc xlink:type="locator" xlink:href="http://xbrl.fasb.org/us-gaap/2012/elts/us-gaap-2012-01-31.xsd#us-gaap_OtherGeneralAndAdministrativeExpense" xlink:label="us-gaap_OtherGeneralAndAdministrativeExpense" />
      <link:labelArc xlink:arcrole="http://www.xbrl.org/2003/arcrole/concept-label" xlink:from="us-gaap_OtherGeneralAndAdministrativeExpense" xlink:to="us-gaap_OtherGeneralAndAdministrativeExpense_lbl" xlink:type="arc" />
      <link:label xlink:type="resource" xlink:role="http://www.xbrl.org/2003/role/label" xlink:label="us-gaap_OtherGeneralAndAdministrativeExpense_lbl" xml:lang="en-US">Consulting fees</link:label>
      <link:loc xlink:type="locator" xlink:href="http://xbrl.fasb.org/us-gaap/2012/elts/us-gaap-2012-01-31.xsd#us-gaap_NoninterestExpenseDistributionAndServicingFees" xlink:label="us-gaap_NoninterestExpenseDistributionAndServicingFees" />
      <link:labelArc xlink:arcrole="http://www.xbrl.org/2003/arcrole/concept-label" xlink:from="us-gaap_NoninterestExpenseDistributionAndServicingFees" xlink:to="us-gaap_NoninterestExpenseDistributionAndServicingFees_lbl" xlink:type="arc" />
      <link:label xlink:type="resource" xlink:role="http://www.xbrl.org/2003/role/label" xlink:label="us-gaap_NoninterestExpenseDistributionAndServicingFees_lbl" xml:lang="en-US">Filing fees</link:label>
      <link:loc xlink:type="locator" xlink:href="http://xbrl.fasb.org/us-gaap/2012/elts/us-gaap-2012-01-31.xsd#us-gaap_TravelAndEntertainmentExpense" xlink:label="us-gaap_TravelAndEntertainmentExpense" />
      <link:labelArc xlink:arcrole="http://www.xbrl.org/2003/arcrole/concept-label" xlink:from="us-gaap_TravelAndEntertainmentExpense" xlink:to="us-gaap_TravelAndEntertainmentExpense_lbl" xlink:type="arc" />
      <link:label xlink:type="resource" xlink:role="http://www.xbrl.org/2003/role/label" xlink:label="us-gaap_TravelAndEntertainmentExpense_lbl" xml:lang="en-US">Travel fees</link:label>
      <link:loc xlink:type="locator" xlink:href="http://xbrl.fasb.org/us-gaap/2012/elts/us-gaap-2012-01-31.xsd#us-gaap_TaxesExcludingIncomeAndExciseTaxes" xlink:label="us-gaap_TaxesExcludingIncomeAndExciseTaxes" />
      <link:labelArc xlink:arcrole="http://www.xbrl.org/2003/arcrole/concept-label" xlink:from="us-gaap_TaxesExcludingIncomeAndExciseTaxes" xlink:to="us-gaap_TaxesExcludingIncomeAndExciseTaxes_lbl" xlink:type="arc" />
      <link:label xlink:type="resource" xlink:role="http://www.xbrl.org/2003/role/label" xlink:label="us-gaap_TaxesExcludingIncomeAndExciseTaxes_lbl" xml:lang="en-US">Franchise tax expense</link:label>
      <link:loc xlink:type="locator" xlink:href="http://xbrl.fasb.org/us-gaap/2012/elts/us-gaap-2012-01-31.xsd#us-gaap_OtherGeneralExpense" xlink:label="us-gaap_OtherGeneralExpense" />
      <link:labelArc xlink:arcrole="http://www.xbrl.org/2003/arcrole/concept-label" xlink:from="us-gaap_OtherGeneralExpense" xlink:to="us-gaap_OtherGeneralExpense_lbl" xlink:type="arc" />
      <link:label xlink:type="resource" xlink:role="http://www.xbrl.org/2003/role/label" xlink:label="us-gaap_OtherGeneralExpense_lbl" xml:lang="en-US">Other</link:label>
      <link:loc xlink:type="locator" xlink:href="http://xbrl.fasb.org/us-gaap/2012/elts/us-gaap-2012-01-31.xsd#us-gaap_GeneralAndAdministrativeExpense" xlink:label="us-gaap_GeneralAndAdministrativeExpense" />
      <link:labelArc xlink:arcrole="http://www.xbrl.org/2003/arcrole/concept-label" xlink:from="us-gaap_GeneralAndAdministrativeExpense" xlink:to="us-gaap_GeneralAndAdministrativeExpense_lbl" xlink:type="arc" />
      <link:label xlink:type="resource" xlink:role="http://www.xbrl.org/2003/role/totalLabel" xlink:label="us-gaap_GeneralAndAdministrativeExpense_lbl" xml:lang="en-US">Total general and administrative expenses</link:label>
      <link:loc xlink:type="locator" xlink:href="http://xbrl.fasb.org/us-gaap/2012/elts/us-gaap-2012-01-31.xsd#us-gaap_OperatingIncomeLoss" xlink:label="us-gaap_OperatingIncomeLoss" />
      <link:labelArc xlink:arcrole="http://www.xbrl.org/2003/arcrole/concept-label" xlink:from="us-gaap_OperatingIncomeLoss" xlink:to="us-gaap_OperatingIncomeLoss_lbl" xlink:type="arc" />
      <link:label xlink:type="resource" xlink:role="http://www.xbrl.org/2003/role/totalLabel" xlink:label="us-gaap_OperatingIncomeLoss_lbl" xml:lang="en-US">Income (Loss) from Operations</link:label>
      <link:loc xlink:type="locator" xlink:href="http://xbrl.fasb.org/us-gaap/2012/elts/us-gaap-2012-01-31.xsd#us-gaap_IncomeTaxExpenseBenefit" xlink:label="us-gaap_IncomeTaxExpenseBenefit" />
      <link:labelArc xlink:arcrole="http://www.xbrl.org/2003/arcrole/concept-label" xlink:from="us-gaap_IncomeTaxExpenseBenefit" xlink:to="us-gaap_IncomeTaxExpenseBenefit_lbl" xlink:type="arc" />
      <link:label xlink:type="resource" xlink:role="http://www.xbrl.org/2009/role/negatedLabel" xlink:label="us-gaap_IncomeTaxExpenseBenefit_lbl" xml:lang="en-US">Provision for income taxes</link:label>
      <link:loc xlink:type="locator" xlink:href="http://xbrl.fasb.org/us-gaap/2012/elts/us-gaap-2012-01-31.xsd#us-gaap_NetIncomeLoss" xlink:label="us-gaap_NetIncomeLoss" />
      <link:labelArc xlink:arcrole="http://www.xbrl.org/2003/arcrole/concept-label" xlink:from="us-gaap_NetIncomeLoss" xlink:to="us-gaap_NetIncomeLoss_lbl" xlink:type="arc" />
      <link:label xlink:type="resource" xlink:role="http://www.xbrl.org/2003/role/totalLabel" xlink:label="us-gaap_NetIncomeLoss_lbl" xml:lang="en-US">Net Income (Loss)</link:label>
      <link:loc xlink:type="locator" xlink:href="http://xbrl.fasb.org/us-gaap/2012/elts/us-gaap-2012-01-31.xsd#us-gaap_EarningsPerShareBasicAndDilutedAbstract" xlink:label="us-gaap_EarningsPerShareBasicAndDilutedAbstract" />
      <link:labelArc xlink:arcrole="http://www.xbrl.org/2003/arcrole/concept-label" xlink:from="us-gaap_EarningsPerShareBasicAndDilutedAbstract" xlink:to="us-gaap_EarningsPerShareBasicAndDilutedAbstract_lbl" xlink:type="arc" />
      <link:label xlink:type="resource" xlink:role="http://www.xbrl.org/2003/role/label" xlink:label="us-gaap_EarningsPerShareBasicAndDilutedAbstract_lbl" xml:lang="en-US">Earnings (Loss) Per Common Share:</link:label>
      <link:loc xlink:type="locator" xlink:href="http://xbrl.fasb.org/us-gaap/2012/elts/us-gaap-2012-01-31.xsd#us-gaap_EarningsPerShareBasicAndDiluted" xlink:label="us-gaap_EarningsPerShareBasicAndDiluted" />
      <link:labelArc xlink:arcrole="http://www.xbrl.org/2003/arcrole/concept-label" xlink:from="us-gaap_EarningsPerShareBasicAndDiluted" xlink:to="us-gaap_EarningsPerShareBasicAndDiluted_lbl" xlink:type="arc" />
      <link:label xlink:type="resource" xlink:role="http://www.xbrl.org/2003/role/label" xlink:label="us-gaap_EarningsPerShareBasicAndDiluted_lbl" xml:lang="en-US">Earnings (Loss) per common share - Basic and Diluted</link:label>
      <link:loc xlink:type="locator" xlink:href="http://xbrl.fasb.org/us-gaap/2012/elts/us-gaap-2012-01-31.xsd#us-gaap_WeightedAverageNumberOfShareOutstandingBasicAndDiluted" xlink:label="us-gaap_WeightedAverageNumberOfShareOutstandingBasicAndDiluted" />
      <link:labelArc xlink:arcrole="http://www.xbrl.org/2003/arcrole/concept-label" xlink:from="us-gaap_WeightedAverageNumberOfShareOutstandingBasicAndDiluted" xlink:to="us-gaap_WeightedAverageNumberOfShareOutstandingBasicAndDiluted_lbl" xlink:type="arc" />
      <link:label xlink:type="resource" xlink:role="http://www.xbrl.org/2003/role/label" xlink:label="us-gaap_WeightedAverageNumberOfShareOutstandingBasicAndDiluted_lbl" xml:lang="en-US">Weighted Average Number of Common Shares Outstanding - Basic and Diluted</link:label>
      <link:loc xlink:type="locator" xlink:href="http://xbrl.fasb.org/us-gaap/2012/elts/us-gaap-2012-01-31.xsd#us-gaap_StatementTable" xlink:label="us-gaap_StatementTable" />
      <link:labelArc xlink:arcrole="http://www.xbrl.org/2003/arcrole/concept-label" xlink:from="us-gaap_StatementTable" xlink:to="us-gaap_StatementTable_lbl" xlink:type="arc" />
      <link:label xlink:type="resource" xlink:role="http://www.xbrl.org/2003/role/label" xlink:label="us-gaap_StatementTable_lbl" xml:lang="en-US">Statement [Table]</link:label>
      <link:loc xlink:type="locator" xlink:href="http://xbrl.fasb.org/us-gaap/2012/elts/us-gaap-2012-01-31.xsd#us-gaap_StatementLineItems" xlink:label="us-gaap_StatementLineItems" />
      <link:labelArc xlink:arcrole="http://www.xbrl.org/2003/arcrole/concept-label" xlink:from="us-gaap_StatementLineItems" xlink:to="us-gaap_StatementLineItems_lbl" xlink:type="arc" />
      <link:label xlink:type="resource" xlink:role="http://www.xbrl.org/2003/role/label" xlink:label="us-gaap_StatementLineItems_lbl" xml:lang="en-US">Statement [Line Items]</link:label>
      <link:loc xlink:type="locator" xlink:href="http://xbrl.fasb.org/us-gaap/2012/elts/us-gaap-2012-01-31.xsd#us-gaap_SharesOutstanding" xlink:label="us-gaap_SharesOutstanding" />
      <link:labelArc xlink:arcrole="http://www.xbrl.org/2003/arcrole/concept-label" xlink:from="us-gaap_SharesOutstanding" xlink:to="us-gaap_SharesOutstanding_lbl" xlink:type="arc" />
      <link:label xlink:type="resource" xlink:role="http://www.xbrl.org/2003/role/periodStartLabel" xlink:label="us-gaap_SharesOutstanding_lbl" xml:lang="en-US">Balance,shares</link:label>
      <link:labelArc xlink:arcrole="http://www.xbrl.org/2003/arcrole/concept-label" xlink:from="us-gaap_StockholdersEquity" xlink:to="us-gaap_StockholdersEquity_2_lbl" xlink:type="arc" />
      <link:label xlink:type="resource" xlink:role="http://www.xbrl.org/2003/role/periodStartLabel" xlink:label="us-gaap_StockholdersEquity_2_lbl" xml:lang="en-US">Balance,value</link:label>
      <link:loc xlink:type="locator" xlink:href="http://xbrl.fasb.org/us-gaap/2012/elts/us-gaap-2012-01-31.xsd#us-gaap_StockIssuedDuringPeriodSharesIssuedForCash" xlink:label="us-gaap_StockIssuedDuringPeriodSharesIssuedForCash" />
      <link:labelArc xlink:arcrole="http://www.xbrl.org/2003/arcrole/concept-label" xlink:from="us-gaap_StockIssuedDuringPeriodSharesIssuedForCash" xlink:to="us-gaap_StockIssuedDuringPeriodSharesIssuedForCash_lbl" xlink:type="arc" />
      <link:label xlink:type="resource" xlink:role="http://www.xbrl.org/2003/role/label" xlink:label="us-gaap_StockIssuedDuringPeriodSharesIssuedForCash_lbl" xml:lang="en-US">Common stock issued for cash ($0.0001/share),share</link:label>
      <link:loc xlink:type="locator" xlink:href="http://xbrl.fasb.org/us-gaap/2012/elts/us-gaap-2012-01-31.xsd#us-gaap_StockIssuedDuringPeriodValueIssuedForCash" xlink:label="us-gaap_StockIssuedDuringPeriodValueIssuedForCash" />
      <link:labelArc xlink:arcrole="http://www.xbrl.org/2003/arcrole/concept-label" xlink:from="us-gaap_StockIssuedDuringPeriodValueIssuedForCash" xlink:to="us-gaap_StockIssuedDuringPeriodValueIssuedForCash_lbl" xlink:type="arc" />
      <link:label xlink:type="resource" xlink:role="http://www.xbrl.org/2003/role/label" xlink:label="us-gaap_StockIssuedDuringPeriodValueIssuedForCash_lbl" xml:lang="en-US">Common stock issued for cash ($0.0001/share),value</link:label>
      <link:loc xlink:type="locator" xlink:href="http://xbrl.fasb.org/us-gaap/2012/elts/us-gaap-2012-01-31.xsd#us-gaap_StockIssuedDuringPeriodSharesNewIssues" xlink:label="us-gaap_StockIssuedDuringPeriodSharesNewIssues" />
      <link:labelArc xlink:arcrole="http://www.xbrl.org/2003/arcrole/concept-label" xlink:from="us-gaap_StockIssuedDuringPeriodSharesNewIssues" xlink:to="us-gaap_StockIssuedDuringPeriodSharesNewIssues_lbl" xlink:type="arc" />
      <link:label xlink:type="resource" xlink:role="http://www.xbrl.org/2003/role/label" xlink:label="us-gaap_StockIssuedDuringPeriodSharesNewIssues_lbl" xml:lang="en-US">Common stock issued for cash ($0.02/share),share</link:label>
      <link:loc xlink:type="locator" xlink:href="http://xbrl.fasb.org/us-gaap/2012/elts/us-gaap-2012-01-31.xsd#us-gaap_StockIssuedDuringPeriodValueNewIssues" xlink:label="us-gaap_StockIssuedDuringPeriodValueNewIssues" />
      <link:labelArc xlink:arcrole="http://www.xbrl.org/2003/arcrole/concept-label" xlink:from="us-gaap_StockIssuedDuringPeriodValueNewIssues" xlink:to="us-gaap_StockIssuedDuringPeriodValueNewIssues_lbl" xlink:type="arc" />
      <link:label xlink:type="resource" xlink:role="http://www.xbrl.org/2003/role/label" xlink:label="us-gaap_StockIssuedDuringPeriodValueNewIssues_lbl" xml:lang="en-US">Common stock issued for cash ($0.02/share),value</link:label>
      <link:labelArc xlink:arcrole="http://www.xbrl.org/2003/arcrole/concept-label" xlink:from="us-gaap_NetIncomeLoss" xlink:to="us-gaap_NetIncomeLoss_2_lbl" xlink:type="arc" />
      <link:label xlink:type="resource" xlink:role="http://www.xbrl.org/2003/role/label" xlink:label="us-gaap_NetIncomeLoss_2_lbl" xml:lang="en-US">Net loss for the period</link:label>
      <link:labelArc xlink:arcrole="http://www.xbrl.org/2003/arcrole/concept-label" xlink:from="us-gaap_SharesOutstanding" xlink:to="us-gaap_SharesOutstanding_2_lbl" xlink:type="arc" />
      <link:label xlink:type="resource" xlink:role="http://www.xbrl.org/2003/role/periodEndLabel" xlink:label="us-gaap_SharesOutstanding_2_lbl" xml:lang="en-US">Balance,shares</link:label>
      <link:labelArc xlink:arcrole="http://www.xbrl.org/2003/arcrole/concept-label" xlink:from="us-gaap_StockholdersEquity" xlink:to="us-gaap_StockholdersEquity_3_lbl" xlink:type="arc" />
      <link:label xlink:type="resource" xlink:role="http://www.xbrl.org/2003/role/periodEndLabel" xlink:label="us-gaap_StockholdersEquity_3_lbl" xml:lang="en-US">Balance,value</link:label>
      <link:loc xlink:type="locator" xlink:href="http://xbrl.fasb.org/us-gaap/2012/elts/us-gaap-2012-01-31.xsd#us-gaap_StatementOfStockholdersEquityAbstract" xlink:label="us-gaap_StatementOfStockholdersEquityAbstract" />
      <link:labelArc xlink:arcrole="http://www.xbrl.org/2003/arcrole/concept-label" xlink:from="us-gaap_StatementOfStockholdersEquityAbstract" xlink:to="us-gaap_StatementOfStockholdersEquityAbstract_lbl" xlink:type="arc" />
      <link:label xlink:type="resource" xlink:role="http://www.xbrl.org/2003/role/label" xlink:label="us-gaap_StatementOfStockholdersEquityAbstract_lbl" xml:lang="en-US">Statement of Stockholders' Equity [Abstract]</link:label>
      <link:loc xlink:type="locator" xlink:href="http://xbrl.fasb.org/us-gaap/2012/elts/us-gaap-2012-01-31.xsd#us-gaap_SaleOfStockPricePerShare" xlink:label="us-gaap_SaleOfStockPricePerShare" />
      <link:labelArc xlink:arcrole="http://www.xbrl.org/2003/arcrole/concept-label" xlink:from="us-gaap_SaleOfStockPricePerShare" xlink:to="us-gaap_SaleOfStockPricePerShare_lbl" xlink:type="arc" />
      <link:label xlink:type="resource" xlink:role="http://www.xbrl.org/2003/role/label" xlink:label="us-gaap_SaleOfStockPricePerShare_lbl" xml:lang="en-US">Par value, Price per share</link:label>
      <link:loc xlink:type="locator" xlink:href="http://xbrl.fasb.org/us-gaap/2012/elts/us-gaap-2012-01-31.xsd#us-gaap_StatementOfCashFlowsAbstract" xlink:label="us-gaap_StatementOfCashFlowsAbstract" />
      <link:labelArc xlink:arcrole="http://www.xbrl.org/2003/arcrole/concept-label" xlink:from="us-gaap_StatementOfCashFlowsAbstract" xlink:to="us-gaap_StatementOfCashFlowsAbstract_lbl" xlink:type="arc" />
      <link:label xlink:type="resource" xlink:role="http://www.xbrl.org/2003/role/label" xlink:label="us-gaap_StatementOfCashFlowsAbstract_lbl" xml:lang="en-US">Statement of Cash Flows [Abstract]</link:label>
      <link:loc xlink:type="locator" xlink:href="http://xbrl.fasb.org/us-gaap/2012/elts/us-gaap-2012-01-31.xsd#us-gaap_NetCashProvidedByUsedInOperatingActivitiesAbstract" xlink:label="us-gaap_NetCashProvidedByUsedInOperatingActivitiesAbstract" />
      <link:labelArc xlink:arcrole="http://www.xbrl.org/2003/arcrole/concept-label" xlink:from="us-gaap_NetCashProvidedByUsedInOperatingActivitiesAbstract" xlink:to="us-gaap_NetCashProvidedByUsedInOperatingActivitiesAbstract_lbl" xlink:type="arc" />
      <link:label xlink:type="resource" xlink:role="http://www.xbrl.org/2003/role/label" xlink:label="us-gaap_NetCashProvidedByUsedInOperatingActivitiesAbstract_lbl" xml:lang="en-US">Operating Activities:</link:label>
      <link:labelArc xlink:arcrole="http://www.xbrl.org/2003/arcrole/concept-label" xlink:from="us-gaap_NetIncomeLoss" xlink:to="us-gaap_NetIncomeLoss_3_lbl" xlink:type="arc" />
      <link:label xlink:type="resource" xlink:role="http://www.xbrl.org/2003/role/verboseLabel" xlink:label="us-gaap_NetIncomeLoss_3_lbl" xml:lang="en-US">Net (loss)</link:label>
      <link:loc xlink:type="locator" xlink:href="http://xbrl.fasb.org/us-gaap/2012/elts/us-gaap-2012-01-31.xsd#us-gaap_AdjustmentsToReconcileNetIncomeLossToCashProvidedByUsedInOperatingActivitiesAbstract" xlink:label="us-gaap_AdjustmentsToReconcileNetIncomeLossToCashProvidedByUsedInOperatingActivitiesAbstract" />
      <link:labelArc xlink:arcrole="http://www.xbrl.org/2003/arcrole/concept-label" xlink:from="us-gaap_AdjustmentsToReconcileNetIncomeLossToCashProvidedByUsedInOperatingActivitiesAbstract" xlink:to="us-gaap_AdjustmentsToReconcileNetIncomeLossToCashProvidedByUsedInOperatingActivitiesAbstract_lbl" xlink:type="arc" />
      <link:label xlink:type="resource" xlink:role="http://www.xbrl.org/2003/role/label" xlink:label="us-gaap_AdjustmentsToReconcileNetIncomeLossToCashProvidedByUsedInOperatingActivitiesAbstract_lbl" xml:lang="en-US">Adjustments to reconcile net (loss) to net cash provided by operating activities:</link:label>
      <link:loc xlink:type="locator" xlink:href="http://xbrl.fasb.org/us-gaap/2012/elts/us-gaap-2012-01-31.xsd#us-gaap_IncreaseDecreaseInOperatingCapitalAbstract" xlink:label="us-gaap_IncreaseDecreaseInOperatingCapitalAbstract" />
      <link:labelArc xlink:arcrole="http://www.xbrl.org/2003/arcrole/concept-label" xlink:from="us-gaap_IncreaseDecreaseInOperatingCapitalAbstract" xlink:to="us-gaap_IncreaseDecreaseInOperatingCapitalAbstract_lbl" xlink:type="arc" />
      <link:label xlink:type="resource" xlink:role="http://www.xbrl.org/2003/role/label" xlink:label="us-gaap_IncreaseDecreaseInOperatingCapitalAbstract_lbl" xml:lang="en-US">Changes in net assets and liabilities-</link:label>
      <link:loc xlink:type="locator" xlink:href="http://xbrl.fasb.org/us-gaap/2012/elts/us-gaap-2012-01-31.xsd#us-gaap_IncreaseDecreaseInDeferredLiabilities" xlink:label="us-gaap_IncreaseDecreaseInDeferredLiabilities" />
      <link:labelArc xlink:arcrole="http://www.xbrl.org/2003/arcrole/concept-label" xlink:from="us-gaap_IncreaseDecreaseInDeferredLiabilities" xlink:to="us-gaap_IncreaseDecreaseInDeferredLiabilities_lbl" xlink:type="arc" />
      <link:label xlink:type="resource" xlink:role="http://www.xbrl.org/2003/role/label" xlink:label="us-gaap_IncreaseDecreaseInDeferredLiabilities_lbl" xml:lang="en-US">Deferred offering costs</link:label>
      <link:loc xlink:type="locator" xlink:href="http://xbrl.fasb.org/us-gaap/2012/elts/us-gaap-2012-01-31.xsd#us-gaap_IncreaseDecreaseInPrepaidExpense" xlink:label="us-gaap_IncreaseDecreaseInPrepaidExpense" />
      <link:labelArc xlink:arcrole="http://www.xbrl.org/2003/arcrole/concept-label" xlink:from="us-gaap_IncreaseDecreaseInPrepaidExpense" xlink:to="us-gaap_IncreaseDecreaseInPrepaidExpense_lbl" xlink:type="arc" />
      <link:label xlink:type="resource" xlink:role="http://www.xbrl.org/2003/role/label" xlink:label="us-gaap_IncreaseDecreaseInPrepaidExpense_lbl" xml:lang="en-US">Prepaid expenses</link:label>
      <link:loc xlink:type="locator" xlink:href="http://xbrl.fasb.org/us-gaap/2012/elts/us-gaap-2012-01-31.xsd#us-gaap_IncreaseDecreaseInAccountsPayableAndAccruedLiabilities" xlink:label="us-gaap_IncreaseDecreaseInAccountsPayableAndAccruedLiabilities" />
      <link:labelArc xlink:arcrole="http://www.xbrl.org/2003/arcrole/concept-label" xlink:from="us-gaap_IncreaseDecreaseInAccountsPayableAndAccruedLiabilities" xlink:to="us-gaap_IncreaseDecreaseInAccountsPayableAndAccruedLiabilities_lbl" xlink:type="arc" />
      <link:label xlink:type="resource" xlink:role="http://www.xbrl.org/2003/role/label" xlink:label="us-gaap_IncreaseDecreaseInAccountsPayableAndAccruedLiabilities_lbl" xml:lang="en-US">Accounts payable and accrued liabilities</link:label>
      <link:loc xlink:type="locator" xlink:href="http://xbrl.fasb.org/us-gaap/2012/elts/us-gaap-2012-01-31.xsd#us-gaap_NetCashProvidedByUsedInOperatingActivities" xlink:label="us-gaap_NetCashProvidedByUsedInOperatingActivities" />
      <link:labelArc xlink:arcrole="http://www.xbrl.org/2003/arcrole/concept-label" xlink:from="us-gaap_NetCashProvidedByUsedInOperatingActivities" xlink:to="us-gaap_NetCashProvidedByUsedInOperatingActivities_lbl" xlink:type="arc" />
      <link:label xlink:type="resource" xlink:role="http://www.xbrl.org/2003/role/totalLabel" xlink:label="us-gaap_NetCashProvidedByUsedInOperatingActivities_lbl" xml:lang="en-US">Net Cash Provided by (Used in) Operating Activities</link:label>
      <link:loc xlink:type="locator" xlink:href="http://xbrl.fasb.org/us-gaap/2012/elts/us-gaap-2012-01-31.xsd#us-gaap_NetCashProvidedByUsedInInvestingActivitiesAbstract" xlink:label="us-gaap_NetCashProvidedByUsedInInvestingActivitiesAbstract" />
      <link:labelArc xlink:arcrole="http://www.xbrl.org/2003/arcrole/concept-label" xlink:from="us-gaap_NetCashProvidedByUsedInInvestingActivitiesAbstract" xlink:to="us-gaap_NetCashProvidedByUsedInInvestingActivitiesAbstract_lbl" xlink:type="arc" />
      <link:label xlink:type="resource" xlink:role="http://www.xbrl.org/2003/role/label" xlink:label="us-gaap_NetCashProvidedByUsedInInvestingActivitiesAbstract_lbl" xml:lang="en-US">Investing Activities:</link:label>
      <link:loc xlink:type="locator" xlink:href="http://xbrl.fasb.org/us-gaap/2012/elts/us-gaap-2012-01-31.xsd#us-gaap_NetCashProvidedByUsedInInvestingActivities" xlink:label="us-gaap_NetCashProvidedByUsedInInvestingActivities" />
      <link:labelArc xlink:arcrole="http://www.xbrl.org/2003/arcrole/concept-label" xlink:from="us-gaap_NetCashProvidedByUsedInInvestingActivities" xlink:to="us-gaap_NetCashProvidedByUsedInInvestingActivities_lbl" xlink:type="arc" />
      <link:label xlink:type="resource" xlink:role="http://www.xbrl.org/2003/role/label" xlink:label="us-gaap_NetCashProvidedByUsedInInvestingActivities_lbl" xml:lang="en-US">Net Cash Provided by Investing Activities</link:label>
      <link:loc xlink:type="locator" xlink:href="http://xbrl.fasb.org/us-gaap/2012/elts/us-gaap-2012-01-31.xsd#us-gaap_NetCashProvidedByUsedInFinancingActivitiesAbstract" xlink:label="us-gaap_NetCashProvidedByUsedInFinancingActivitiesAbstract" />
      <link:labelArc xlink:arcrole="http://www.xbrl.org/2003/arcrole/concept-label" xlink:from="us-gaap_NetCashProvidedByUsedInFinancingActivitiesAbstract" xlink:to="us-gaap_NetCashProvidedByUsedInFinancingActivitiesAbstract_lbl" xlink:type="arc" />
      <link:label xlink:type="resource" xlink:role="http://www.xbrl.org/2003/role/label" xlink:label="us-gaap_NetCashProvidedByUsedInFinancingActivitiesAbstract_lbl" xml:lang="en-US">Financing Activities:</link:label>
      <link:loc xlink:type="locator" xlink:href="http://xbrl.fasb.org/us-gaap/2012/elts/us-gaap-2012-01-31.xsd#us-gaap_ProceedsFromIssuanceOfCommonStock" xlink:label="us-gaap_ProceedsFromIssuanceOfCommonStock" />
      <link:labelArc xlink:arcrole="http://www.xbrl.org/2003/arcrole/concept-label" xlink:from="us-gaap_ProceedsFromIssuanceOfCommonStock" xlink:to="us-gaap_ProceedsFromIssuanceOfCommonStock_lbl" xlink:type="arc" />
      <link:label xlink:type="resource" xlink:role="http://www.xbrl.org/2003/role/label" xlink:label="us-gaap_ProceedsFromIssuanceOfCommonStock_lbl" xml:lang="en-US">Proceeds from common stock</link:label>
      <link:loc xlink:type="locator" xlink:href="http://xbrl.fasb.org/us-gaap/2012/elts/us-gaap-2012-01-31.xsd#us-gaap_NetCashProvidedByUsedInFinancingActivities" xlink:label="us-gaap_NetCashProvidedByUsedInFinancingActivities" />
      <link:labelArc xlink:arcrole="http://www.xbrl.org/2003/arcrole/concept-label" xlink:from="us-gaap_NetCashProvidedByUsedInFinancingActivities" xlink:to="us-gaap_NetCashProvidedByUsedInFinancingActivities_lbl" xlink:type="arc" />
      <link:label xlink:type="resource" xlink:role="http://www.xbrl.org/2003/role/totalLabel" xlink:label="us-gaap_NetCashProvidedByUsedInFinancingActivities_lbl" xml:lang="en-US">Net Cash Provided by Financing Activities</link:label>
      <link:loc xlink:type="locator" xlink:href="http://xbrl.fasb.org/us-gaap/2012/elts/us-gaap-2012-01-31.xsd#us-gaap_CashAndCashEquivalentsPeriodIncreaseDecrease" xlink:label="us-gaap_CashAndCashEquivalentsPeriodIncreaseDecrease" />
      <link:labelArc xlink:arcrole="http://www.xbrl.org/2003/arcrole/concept-label" xlink:from="us-gaap_CashAndCashEquivalentsPeriodIncreaseDecrease" xlink:to="us-gaap_CashAndCashEquivalentsPeriodIncreaseDecrease_lbl" xlink:type="arc" />
      <link:label xlink:type="resource" xlink:role="http://www.xbrl.org/2003/role/totalLabel" xlink:label="us-gaap_CashAndCashEquivalentsPeriodIncreaseDecrease_lbl" xml:lang="en-US">Net (Decrease) Increase in Cash</link:label>
      <link:labelArc xlink:arcrole="http://www.xbrl.org/2003/arcrole/concept-label" xlink:from="us-gaap_CashAndCashEquivalentsAtCarryingValue" xlink:to="us-gaap_CashAndCashEquivalentsAtCarryingValue_2_lbl" xlink:type="arc" />
      <link:label xlink:type="resource" xlink:role="http://www.xbrl.org/2003/role/periodStartLabel" xlink:label="us-gaap_CashAndCashEquivalentsAtCarryingValue_2_lbl" xml:lang="en-US">Cash - Beginning of Period</link:label>
      <link:labelArc xlink:arcrole="http://www.xbrl.org/2003/arcrole/concept-label" xlink:from="us-gaap_CashAndCashEquivalentsAtCarryingValue" xlink:to="us-gaap_CashAndCashEquivalentsAtCarryingValue_3_lbl" xlink:type="arc" />
      <link:label xlink:type="resource" xlink:role="http://www.xbrl.org/2003/role/periodEndLabel" xlink:label="us-gaap_CashAndCashEquivalentsAtCarryingValue_3_lbl" xml:lang="en-US">Cash - End of Period</link:label>
      <link:loc xlink:type="locator" xlink:href="http://xbrl.fasb.org/us-gaap/2012/elts/us-gaap-2012-01-31.xsd#us-gaap_SupplementalCashFlowInformationAbstract" xlink:label="us-gaap_SupplementalCashFlowInformationAbstract" />
      <link:labelArc xlink:arcrole="http://www.xbrl.org/2003/arcrole/concept-label" xlink:from="us-gaap_SupplementalCashFlowInformationAbstract" xlink:to="us-gaap_SupplementalCashFlowInformationAbstract_lbl" xlink:type="arc" />
      <link:label xlink:type="resource" xlink:role="http://www.xbrl.org/2003/role/label" xlink:label="us-gaap_SupplementalCashFlowInformationAbstract_lbl" xml:lang="en-US">Supplemental Disclosure of Cash Flow Information:</link:label>
      <link:loc xlink:type="locator" xlink:href="http://xbrl.fasb.org/us-gaap/2012/elts/us-gaap-2012-01-31.xsd#us-gaap_InterestPaid" xlink:label="us-gaap_InterestPaid" />
      <link:labelArc xlink:arcrole="http://www.xbrl.org/2003/arcrole/concept-label" xlink:from="us-gaap_InterestPaid" xlink:to="us-gaap_InterestPaid_lbl" xlink:type="arc" />
      <link:label xlink:type="resource" xlink:role="http://www.xbrl.org/2003/role/label" xlink:label="us-gaap_InterestPaid_lbl" xml:lang="en-US">Cash paid during the period for interest</link:label>
      <link:loc xlink:type="locator" xlink:href="http://xbrl.fasb.org/us-gaap/2012/elts/us-gaap-2012-01-31.xsd#us-gaap_IncomeTaxesPaid" xlink:label="us-gaap_IncomeTaxesPaid" />
      <link:labelArc xlink:arcrole="http://www.xbrl.org/2003/arcrole/concept-label" xlink:from="us-gaap_IncomeTaxesPaid" xlink:to="us-gaap_IncomeTaxesPaid_lbl" xlink:type="arc" />
      <link:label xlink:type="resource" xlink:role="http://www.xbrl.org/2003/role/label" xlink:label="us-gaap_IncomeTaxesPaid_lbl" xml:lang="en-US">Cash paid during the period for income taxes</link:label>
      <link:loc xlink:type="locator" xlink:href="gelt-20120630.xsd#GELT_NotesToFinancialStatementsAbstract" xlink:label="GELT_NotesToFinancialStatementsAbstract" />
      <link:labelArc xlink:arcrole="http://www.xbrl.org/2003/arcrole/concept-label" xlink:from="GELT_NotesToFinancialStatementsAbstract" xlink:to="GELT_NotesToFinancialStatementsAbstract_lbl" xlink:type="arc" />
      <link:label xlink:type="resource" xlink:role="http://www.xbrl.org/2003/role/label" xlink:label="GELT_NotesToFinancialStatementsAbstract_lbl" xml:lang="en-US">Notes to Financial Statements</link:label>
      <link:loc xlink:type="locator" xlink:href="http://xbrl.fasb.org/us-gaap/2012/elts/us-gaap-2012-01-31.xsd#us-gaap_SignificantAccountingPoliciesTextBlock" xlink:label="us-gaap_SignificantAccountingPoliciesTextBlock" />
      <link:labelArc xlink:arcrole="http://www.xbrl.org/2003/arcrole/concept-label" xlink:from="us-gaap_SignificantAccountingPoliciesTextBlock" xlink:to="us-gaap_SignificantAccountingPoliciesTextBlock_lbl" xlink:type="arc" />
      <link:label xlink:type="resource" xlink:role="http://www.xbrl.org/2003/role/label" xlink:label="us-gaap_SignificantAccountingPoliciesTextBlock_lbl" xml:lang="en-US">Summary of Significant Accounting Policies</link:label>
      <link:loc xlink:type="locator" xlink:href="http://xbrl.fasb.org/us-gaap/2012/elts/us-gaap-2012-01-31.xsd#us-gaap_LiquidityDisclosureTextBlock" xlink:label="us-gaap_LiquidityDisclosureTextBlock" />
      <link:labelArc xlink:arcrole="http://www.xbrl.org/2003/arcrole/concept-label" xlink:from="us-gaap_LiquidityDisclosureTextBlock" xlink:to="us-gaap_LiquidityDisclosureTextBlock_lbl" xlink:type="arc" />
      <link:label xlink:type="resource" xlink:role="http://www.xbrl.org/2003/role/label" xlink:label="us-gaap_LiquidityDisclosureTextBlock_lbl" xml:lang="en-US">Development Stage Activities and Going Concern</link:label>
      <link:loc xlink:type="locator" xlink:href="http://xbrl.fasb.org/us-gaap/2012/elts/us-gaap-2012-01-31.xsd#us-gaap_StockholdersEquityNoteDisclosureTextBlock" xlink:label="us-gaap_StockholdersEquityNoteDisclosureTextBlock" />
      <link:labelArc xlink:arcrole="http://www.xbrl.org/2003/arcrole/concept-label" xlink:from="us-gaap_StockholdersEquityNoteDisclosureTextBlock" xlink:to="us-gaap_StockholdersEquityNoteDisclosureTextBlock_lbl" xlink:type="arc" />
      <link:label xlink:type="resource" xlink:role="http://www.xbrl.org/2003/role/label" xlink:label="us-gaap_StockholdersEquityNoteDisclosureTextBlock_lbl" xml:lang="en-US">Common Stock</link:label>
      <link:loc xlink:type="locator" xlink:href="http://xbrl.fasb.org/us-gaap/2012/elts/us-gaap-2012-01-31.xsd#us-gaap_IncomeTaxDisclosureTextBlock" xlink:label="us-gaap_IncomeTaxDisclosureTextBlock" />
      <link:labelArc xlink:arcrole="http://www.xbrl.org/2003/arcrole/concept-label" xlink:from="us-gaap_IncomeTaxDisclosureTextBlock" xlink:to="us-gaap_IncomeTaxDisclosureTextBlock_lbl" xlink:type="arc" />
      <link:label xlink:type="resource" xlink:role="http://www.xbrl.org/2003/role/label" xlink:label="us-gaap_IncomeTaxDisclosureTextBlock_lbl" xml:lang="en-US">Income Taxes</link:label>
      <link:loc xlink:type="locator" xlink:href="http://xbrl.fasb.org/us-gaap/2012/elts/us-gaap-2012-01-31.xsd#us-gaap_RelatedPartyTransactionsDisclosureTextBlock" xlink:label="us-gaap_RelatedPartyTransactionsDisclosureTextBlock" />
      <link:labelArc xlink:arcrole="http://www.xbrl.org/2003/arcrole/concept-label" xlink:from="us-gaap_RelatedPartyTransactionsDisclosureTextBlock" xlink:to="us-gaap_RelatedPartyTransactionsDisclosureTextBlock_lbl" xlink:type="arc" />
      <link:label xlink:type="resource" xlink:role="http://www.xbrl.org/2003/role/label" xlink:label="us-gaap_RelatedPartyTransactionsDisclosureTextBlock_lbl" xml:lang="en-US">Related Party Loans and Transactions</link:label>
      <link:loc xlink:type="locator" xlink:href="http://xbrl.fasb.org/us-gaap/2012/elts/us-gaap-2012-01-31.xsd#us-gaap_NewAccountingPronouncementsAndChangesInAccountingPrinciplesTextBlock" xlink:label="us-gaap_NewAccountingPronouncementsAndChangesInAccountingPrinciplesTextBlock" />
      <link:labelArc xlink:arcrole="http://www.xbrl.org/2003/arcrole/concept-label" xlink:from="us-gaap_NewAccountingPronouncementsAndChangesInAccountingPrinciplesTextBlock" xlink:to="us-gaap_NewAccountingPronouncementsAndChangesInAccountingPrinciplesTextBlock_lbl" xlink:type="arc" />
      <link:label xlink:type="resource" xlink:role="http://www.xbrl.org/2003/role/label" xlink:label="us-gaap_NewAccountingPronouncementsAndChangesInAccountingPrinciplesTextBlock_lbl" xml:lang="en-US">Recent Accounting Pronouncements</link:label>
      <link:loc xlink:type="locator" xlink:href="gelt-20120630.xsd#GELT_DisclosureSummaryOfSignificantAccountingPoliciesPoliciesAbstract" xlink:label="GELT_DisclosureSummaryOfSignificantAccountingPoliciesPoliciesAbstract" />
      <link:labelArc xlink:arcrole="http://www.xbrl.org/2003/arcrole/concept-label" xlink:from="GELT_DisclosureSummaryOfSignificantAccountingPoliciesPoliciesAbstract" xlink:to="GELT_DisclosureSummaryOfSignificantAccountingPoliciesPoliciesAbstract_lbl" xlink:type="arc" />
      <link:label xlink:type="resource" xlink:role="http://www.xbrl.org/2003/role/label" xlink:label="GELT_DisclosureSummaryOfSignificantAccountingPoliciesPoliciesAbstract_lbl" xml:lang="en-US">Summary Of Significant Accounting Policies Policies</link:label>
      <link:loc xlink:type="locator" xlink:href="http://xbrl.fasb.org/us-gaap/2012/elts/us-gaap-2012-01-31.xsd#us-gaap_BasisOfPresentationAndSignificantAccountingPoliciesTextBlock" xlink:label="us-gaap_BasisOfPresentationAndSignificantAccountingPoliciesTextBlock" />
      <link:labelArc xlink:arcrole="http://www.xbrl.org/2003/arcrole/concept-label" xlink:from="us-gaap_BasisOfPresentationAndSignificantAccountingPoliciesTextBlock" xlink:to="us-gaap_BasisOfPresentationAndSignificantAccountingPoliciesTextBlock_lbl" xlink:type="arc" />
      <link:label xlink:type="resource" xlink:role="http://www.xbrl.org/2003/role/label" xlink:label="us-gaap_BasisOfPresentationAndSignificantAccountingPoliciesTextBlock_lbl" xml:lang="en-US">Basis of Presentation and Organization</link:label>
      <link:loc xlink:type="locator" xlink:href="http://xbrl.fasb.org/us-gaap/2012/elts/us-gaap-2012-01-31.xsd#us-gaap_QuarterlyFinancialInformationTextBlock" xlink:label="us-gaap_QuarterlyFinancialInformationTextBlock" />
      <link:labelArc xlink:arcrole="http://www.xbrl.org/2003/arcrole/concept-label" xlink:from="us-gaap_QuarterlyFinancialInformationTextBlock" xlink:to="us-gaap_QuarterlyFinancialInformationTextBlock_lbl" xlink:type="arc" />
      <link:label xlink:type="resource" xlink:role="http://www.xbrl.org/2003/role/label" xlink:label="us-gaap_QuarterlyFinancialInformationTextBlock_lbl" xml:lang="en-US">Unaudited Interim Financial Statements</link:label>
      <link:loc xlink:type="locator" xlink:href="http://xbrl.fasb.org/us-gaap/2012/elts/us-gaap-2012-01-31.xsd#us-gaap_CashAndCashEquivalentsPolicyTextBlock" xlink:label="us-gaap_CashAndCashEquivalentsPolicyTextBlock" />
      <link:labelArc xlink:arcrole="http://www.xbrl.org/2003/arcrole/concept-label" xlink:from="us-gaap_CashAndCashEquivalentsPolicyTextBlock" xlink:to="us-gaap_CashAndCashEquivalentsPolicyTextBlock_lbl" xlink:type="arc" />
      <link:label xlink:type="resource" xlink:role="http://www.xbrl.org/2003/role/label" xlink:label="us-gaap_CashAndCashEquivalentsPolicyTextBlock_lbl" xml:lang="en-US">Cash and Cash Equivalents</link:label>
      <link:loc xlink:type="locator" xlink:href="http://xbrl.fasb.org/us-gaap/2012/elts/us-gaap-2012-01-31.xsd#us-gaap_RevenueRecognitionPolicyTextBlock" xlink:label="us-gaap_RevenueRecognitionPolicyTextBlock" />
      <link:labelArc xlink:arcrole="http://www.xbrl.org/2003/arcrole/concept-label" xlink:from="us-gaap_RevenueRecognitionPolicyTextBlock" xlink:to="us-gaap_RevenueRecognitionPolicyTextBlock_lbl" xlink:type="arc" />
      <link:label xlink:type="resource" xlink:role="http://www.xbrl.org/2003/role/label" xlink:label="us-gaap_RevenueRecognitionPolicyTextBlock_lbl" xml:lang="en-US">Revenue Recognition</link:label>
      <link:loc xlink:type="locator" xlink:href="http://xbrl.fasb.org/us-gaap/2012/elts/us-gaap-2012-01-31.xsd#us-gaap_EarningsPerSharePolicyTextBlock" xlink:label="us-gaap_EarningsPerSharePolicyTextBlock" />
      <link:labelArc xlink:arcrole="http://www.xbrl.org/2003/arcrole/concept-label" xlink:from="us-gaap_EarningsPerSharePolicyTextBlock" xlink:to="us-gaap_EarningsPerSharePolicyTextBlock_lbl" xlink:type="arc" />
      <link:label xlink:type="resource" xlink:role="http://www.xbrl.org/2003/role/label" xlink:label="us-gaap_EarningsPerSharePolicyTextBlock_lbl" xml:lang="en-US">Earnings per Common Share</link:label>
      <link:loc xlink:type="locator" xlink:href="http://xbrl.fasb.org/us-gaap/2012/elts/us-gaap-2012-01-31.xsd#us-gaap_IncomeTaxPolicyTextBlock" xlink:label="us-gaap_IncomeTaxPolicyTextBlock" />
      <link:labelArc xlink:arcrole="http://www.xbrl.org/2003/arcrole/concept-label" xlink:from="us-gaap_IncomeTaxPolicyTextBlock" xlink:to="us-gaap_IncomeTaxPolicyTextBlock_lbl" xlink:type="arc" />
      <link:label xlink:type="resource" xlink:role="http://www.xbrl.org/2003/role/verboseLabel" xlink:label="us-gaap_IncomeTaxPolicyTextBlock_lbl" xml:lang="en-US">Income Taxes</link:label>
      <link:loc xlink:type="locator" xlink:href="http://xbrl.fasb.org/us-gaap/2012/elts/us-gaap-2012-01-31.xsd#us-gaap_FairValueOfFinancialInstrumentsPolicy" xlink:label="us-gaap_FairValueOfFinancialInstrumentsPolicy" />
      <link:labelArc xlink:arcrole="http://www.xbrl.org/2003/arcrole/concept-label" xlink:from="us-gaap_FairValueOfFinancialInstrumentsPolicy" xlink:to="us-gaap_FairValueOfFinancialInstrumentsPolicy_lbl" xlink:type="arc" />
      <link:label xlink:type="resource" xlink:role="http://www.xbrl.org/2003/role/label" xlink:label="us-gaap_FairValueOfFinancialInstrumentsPolicy_lbl" xml:lang="en-US">Fair Value of Financial Instruments</link:label>
      <link:loc xlink:type="locator" xlink:href="http://xbrl.fasb.org/us-gaap/2012/elts/us-gaap-2012-01-31.xsd#us-gaap_DeferredChargesPolicyTextBlock" xlink:label="us-gaap_DeferredChargesPolicyTextBlock" />
      <link:labelArc xlink:arcrole="http://www.xbrl.org/2003/arcrole/concept-label" xlink:from="us-gaap_DeferredChargesPolicyTextBlock" xlink:to="us-gaap_DeferredChargesPolicyTextBlock_lbl" xlink:type="arc" />
      <link:label xlink:type="resource" xlink:role="http://www.xbrl.org/2003/role/label" xlink:label="us-gaap_DeferredChargesPolicyTextBlock_lbl" xml:lang="en-US">Deferred Offering Costs</link:label>
      <link:loc xlink:type="locator" xlink:href="gelt-20120630.xsd#GELT_CommonStockRegistrationExpensesPolicy" xlink:label="GELT_CommonStockRegistrationExpensesPolicy" />
      <link:labelArc xlink:arcrole="http://www.xbrl.org/2003/arcrole/concept-label" xlink:from="GELT_CommonStockRegistrationExpensesPolicy" xlink:to="GELT_CommonStockRegistrationExpensesPolicy_lbl" xlink:type="arc" />
      <link:label xlink:type="resource" xlink:role="http://www.xbrl.org/2003/role/label" xlink:label="GELT_CommonStockRegistrationExpensesPolicy_lbl" xml:lang="en-US">Common Stock Registration Expenses</link:label>
      <link:loc xlink:type="locator" xlink:href="http://xbrl.fasb.org/us-gaap/2012/elts/us-gaap-2012-01-31.xsd#us-gaap_LeasePolicyTextBlock" xlink:label="us-gaap_LeasePolicyTextBlock" />
      <link:labelArc xlink:arcrole="http://www.xbrl.org/2003/arcrole/concept-label" xlink:from="us-gaap_LeasePolicyTextBlock" xlink:to="us-gaap_LeasePolicyTextBlock_lbl" xlink:type="arc" />
      <link:label xlink:type="resource" xlink:role="http://www.xbrl.org/2003/role/label" xlink:label="us-gaap_LeasePolicyTextBlock_lbl" xml:lang="en-US">Lease Obligations</link:label>
      <link:loc xlink:type="locator" xlink:href="http://xbrl.fasb.org/us-gaap/2012/elts/us-gaap-2012-01-31.xsd#us-gaap_UseOfEstimates" xlink:label="us-gaap_UseOfEstimates" />
      <link:labelArc xlink:arcrole="http://www.xbrl.org/2003/arcrole/concept-label" xlink:from="us-gaap_UseOfEstimates" xlink:to="us-gaap_UseOfEstimates_lbl" xlink:type="arc" />
      <link:label xlink:type="resource" xlink:role="http://www.xbrl.org/2003/role/label" xlink:label="us-gaap_UseOfEstimates_lbl" xml:lang="en-US">Estimates</link:label>
      <link:loc xlink:type="locator" xlink:href="http://xbrl.fasb.org/us-gaap/2012/elts/us-gaap-2012-01-31.xsd#us-gaap_FiscalPeriod" xlink:label="us-gaap_FiscalPeriod" />
      <link:labelArc xlink:arcrole="http://www.xbrl.org/2003/arcrole/concept-label" xlink:from="us-gaap_FiscalPeriod" xlink:to="us-gaap_FiscalPeriod_lbl" xlink:type="arc" />
      <link:label xlink:type="resource" xlink:role="http://www.xbrl.org/2003/role/label" xlink:label="us-gaap_FiscalPeriod_lbl" xml:lang="en-US">Fiscal Year End</link:label>
      <link:loc xlink:type="locator" xlink:href="gelt-20120630.xsd#GELT_DisclosureIncomeTaxesTablesAbstract" xlink:label="GELT_DisclosureIncomeTaxesTablesAbstract" />
      <link:labelArc xlink:arcrole="http://www.xbrl.org/2003/arcrole/concept-label" xlink:from="GELT_DisclosureIncomeTaxesTablesAbstract" xlink:to="GELT_DisclosureIncomeTaxesTablesAbstract_lbl" xlink:type="arc" />
      <link:label xlink:type="resource" xlink:role="http://www.xbrl.org/2003/role/label" xlink:label="GELT_DisclosureIncomeTaxesTablesAbstract_lbl" xml:lang="en-US">Income Taxes Tables</link:label>
      <link:loc xlink:type="locator" xlink:href="http://xbrl.fasb.org/us-gaap/2012/elts/us-gaap-2012-01-31.xsd#us-gaap_ScheduleOfComponentsOfIncomeTaxExpenseBenefitTableTextBlock" xlink:label="us-gaap_ScheduleOfComponentsOfIncomeTaxExpenseBenefitTableTextBlock" />
      <link:labelArc xlink:arcrole="http://www.xbrl.org/2003/arcrole/concept-label" xlink:from="us-gaap_ScheduleOfComponentsOfIncomeTaxExpenseBenefitTableTextBlock" xlink:to="us-gaap_ScheduleOfComponentsOfIncomeTaxExpenseBenefitTableTextBlock_lbl" xlink:type="arc" />
      <link:label xlink:type="resource" xlink:role="http://www.xbrl.org/2003/role/label" xlink:label="us-gaap_ScheduleOfComponentsOfIncomeTaxExpenseBenefitTableTextBlock_lbl" xml:lang="en-US">Provision for income taxes</link:label>
      <link:loc xlink:type="locator" xlink:href="http://xbrl.fasb.org/us-gaap/2012/elts/us-gaap-2012-01-31.xsd#us-gaap_ScheduleOfDeferredTaxAssetsAndLiabilitiesTableTextBlock" xlink:label="us-gaap_ScheduleOfDeferredTaxAssetsAndLiabilitiesTableTextBlock" />
      <link:labelArc xlink:arcrole="http://www.xbrl.org/2003/arcrole/concept-label" xlink:from="us-gaap_ScheduleOfDeferredTaxAssetsAndLiabilitiesTableTextBlock" xlink:to="us-gaap_ScheduleOfDeferredTaxAssetsAndLiabilitiesTableTextBlock_lbl" xlink:type="arc" />
      <link:label xlink:type="resource" xlink:role="http://www.xbrl.org/2003/role/label" xlink:label="us-gaap_ScheduleOfDeferredTaxAssetsAndLiabilitiesTableTextBlock_lbl" xml:lang="en-US">Deferred income tax assets</link:label>
      <link:loc xlink:type="locator" xlink:href="gelt-20120630.xsd#GELT_DisclosureIncomeTaxesDetailsAbstract" xlink:label="GELT_DisclosureIncomeTaxesDetailsAbstract" />
      <link:labelArc xlink:arcrole="http://www.xbrl.org/2003/arcrole/concept-label" xlink:from="GELT_DisclosureIncomeTaxesDetailsAbstract" xlink:to="GELT_DisclosureIncomeTaxesDetailsAbstract_lbl" xlink:type="arc" />
      <link:label xlink:type="resource" xlink:role="http://www.xbrl.org/2003/role/label" xlink:label="GELT_DisclosureIncomeTaxesDetailsAbstract_lbl" xml:lang="en-US">Provision For Income Tax Details</link:label>
      <link:loc xlink:type="locator" xlink:href="http://xbrl.fasb.org/us-gaap/2012/elts/us-gaap-2012-01-31.xsd#us-gaap_CurrentIncomeTaxExpenseBenefitAbstract" xlink:label="us-gaap_CurrentIncomeTaxExpenseBenefitAbstract" />
      <link:labelArc xlink:arcrole="http://www.xbrl.org/2003/arcrole/concept-label" xlink:from="us-gaap_CurrentIncomeTaxExpenseBenefitAbstract" xlink:to="us-gaap_CurrentIncomeTaxExpenseBenefitAbstract_lbl" xlink:type="arc" />
      <link:label xlink:type="resource" xlink:role="http://www.xbrl.org/2003/role/label" xlink:label="us-gaap_CurrentIncomeTaxExpenseBenefitAbstract_lbl" xml:lang="en-US">Current Tax Provision</link:label>
      <link:loc xlink:type="locator" xlink:href="http://xbrl.fasb.org/us-gaap/2012/elts/us-gaap-2012-01-31.xsd#us-gaap_IncomeLossFromContinuingOperationsBeforeIncomeTaxesExtraordinaryItemsNoncontrollingInterest" xlink:label="us-gaap_IncomeLossFromContinuingOperationsBeforeIncomeTaxesExtraordinaryItemsNoncontrollingInterest" />
      <link:labelArc xlink:arcrole="http://www.xbrl.org/2003/arcrole/concept-label" xlink:from="us-gaap_IncomeLossFromContinuingOperationsBeforeIncomeTaxesExtraordinaryItemsNoncontrollingInterest" xlink:to="us-gaap_IncomeLossFromContinuingOperationsBeforeIncomeTaxesExtraordinaryItemsNoncontrollingInterest_lbl" xlink:type="arc" />
      <link:label xlink:type="resource" xlink:role="http://www.xbrl.org/2003/role/label" xlink:label="us-gaap_IncomeLossFromContinuingOperationsBeforeIncomeTaxesExtraordinaryItemsNoncontrollingInterest_lbl" xml:lang="en-US">Federal Taxable income</link:label>
      <link:loc xlink:type="locator" xlink:href="http://xbrl.fasb.org/us-gaap/2012/elts/us-gaap-2012-01-31.xsd#us-gaap_CurrentFederalTaxExpenseBenefit" xlink:label="us-gaap_CurrentFederalTaxExpenseBenefit" />
      <link:labelArc xlink:arcrole="http://www.xbrl.org/2003/arcrole/concept-label" xlink:from="us-gaap_CurrentFederalTaxExpenseBenefit" xlink:to="us-gaap_CurrentFederalTaxExpenseBenefit_lbl" xlink:type="arc" />
      <link:label xlink:type="resource" xlink:role="http://www.xbrl.org/2003/role/label" xlink:label="us-gaap_CurrentFederalTaxExpenseBenefit_lbl" xml:lang="en-US">Total Current Tax Provision</link:label>
      <link:loc xlink:type="locator" xlink:href="http://xbrl.fasb.org/us-gaap/2012/elts/us-gaap-2012-01-31.xsd#us-gaap_DeferredIncomeTaxExpenseBenefitAbstract" xlink:label="us-gaap_DeferredIncomeTaxExpenseBenefitAbstract" />
      <link:labelArc xlink:arcrole="http://www.xbrl.org/2003/arcrole/concept-label" xlink:from="us-gaap_DeferredIncomeTaxExpenseBenefitAbstract" xlink:to="us-gaap_DeferredIncomeTaxExpenseBenefitAbstract_lbl" xlink:type="arc" />
      <link:label xlink:type="resource" xlink:role="http://www.xbrl.org/2003/role/label" xlink:label="us-gaap_DeferredIncomeTaxExpenseBenefitAbstract_lbl" xml:lang="en-US">Deferred Tax Provision</link:label>
      <link:loc xlink:type="locator" xlink:href="http://xbrl.fasb.org/us-gaap/2012/elts/us-gaap-2012-01-31.xsd#us-gaap_OperatingLossCarryforwards" xlink:label="us-gaap_OperatingLossCarryforwards" />
      <link:labelArc xlink:arcrole="http://www.xbrl.org/2003/arcrole/concept-label" xlink:from="us-gaap_OperatingLossCarryforwards" xlink:to="us-gaap_OperatingLossCarryforwards_lbl" xlink:type="arc" />
      <link:label xlink:type="resource" xlink:role="http://www.xbrl.org/2003/role/periodEndLabel" xlink:label="us-gaap_OperatingLossCarryforwards_lbl" xml:lang="en-US">Federal Loss Carryforwards</link:label>
      <link:loc xlink:type="locator" xlink:href="http://xbrl.fasb.org/us-gaap/2012/elts/us-gaap-2012-01-31.xsd#us-gaap_ValuationAllowanceDeferredTaxAssetChangeInAmount" xlink:label="us-gaap_ValuationAllowanceDeferredTaxAssetChangeInAmount" />
      <link:labelArc xlink:arcrole="http://www.xbrl.org/2003/arcrole/concept-label" xlink:from="us-gaap_ValuationAllowanceDeferredTaxAssetChangeInAmount" xlink:to="us-gaap_ValuationAllowanceDeferredTaxAssetChangeInAmount_lbl" xlink:type="arc" />
      <link:label xlink:type="resource" xlink:role="http://www.xbrl.org/2009/role/negatedLabel" xlink:label="us-gaap_ValuationAllowanceDeferredTaxAssetChangeInAmount_lbl" xml:lang="en-US">Change in Valuation allowance</link:label>
      <link:loc xlink:type="locator" xlink:href="http://xbrl.fasb.org/us-gaap/2012/elts/us-gaap-2012-01-31.xsd#us-gaap_DeferredFederalIncomeTaxExpenseBenefit" xlink:label="us-gaap_DeferredFederalIncomeTaxExpenseBenefit" />
      <link:labelArc xlink:arcrole="http://www.xbrl.org/2003/arcrole/concept-label" xlink:from="us-gaap_DeferredFederalIncomeTaxExpenseBenefit" xlink:to="us-gaap_DeferredFederalIncomeTaxExpenseBenefit_lbl" xlink:type="arc" />
      <link:label xlink:type="resource" xlink:role="http://www.xbrl.org/2003/role/label" xlink:label="us-gaap_DeferredFederalIncomeTaxExpenseBenefit_lbl" xml:lang="en-US">Total deferred Tax Provision</link:label>
      <link:loc xlink:type="locator" xlink:href="gelt-20120630.xsd#GELT_DisclosureDeferredIncomeTaxAssetsDetailsAbstract" xlink:label="GELT_DisclosureDeferredIncomeTaxAssetsDetailsAbstract" />
      <link:labelArc xlink:arcrole="http://www.xbrl.org/2003/arcrole/concept-label" xlink:from="GELT_DisclosureDeferredIncomeTaxAssetsDetailsAbstract" xlink:to="GELT_DisclosureDeferredIncomeTaxAssetsDetailsAbstract_lbl" xlink:type="arc" />
      <link:label xlink:type="resource" xlink:role="http://www.xbrl.org/2003/role/label" xlink:label="GELT_DisclosureDeferredIncomeTaxAssetsDetailsAbstract_lbl" xml:lang="en-US">Deferred Income Tax Assets Details</link:label>
      <link:loc xlink:type="locator" xlink:href="http://xbrl.fasb.org/us-gaap/2012/elts/us-gaap-2012-01-31.xsd#us-gaap_DeferredTaxAssetsOperatingLossCarryforwards" xlink:label="us-gaap_DeferredTaxAssetsOperatingLossCarryforwards" />
      <link:labelArc xlink:arcrole="http://www.xbrl.org/2003/arcrole/concept-label" xlink:from="us-gaap_DeferredTaxAssetsOperatingLossCarryforwards" xlink:to="us-gaap_DeferredTaxAssetsOperatingLossCarryforwards_lbl" xlink:type="arc" />
      <link:label xlink:type="resource" xlink:role="http://www.xbrl.org/2003/role/label" xlink:label="us-gaap_DeferredTaxAssetsOperatingLossCarryforwards_lbl" xml:lang="en-US">Loss Carryforwards</link:label>
      <link:loc xlink:type="locator" xlink:href="http://xbrl.fasb.org/us-gaap/2012/elts/us-gaap-2012-01-31.xsd#us-gaap_DeferredTaxAssetsValuationAllowance" xlink:label="us-gaap_DeferredTaxAssetsValuationAllowance" />
      <link:labelArc xlink:arcrole="http://www.xbrl.org/2003/arcrole/concept-label" xlink:from="us-gaap_DeferredTaxAssetsValuationAllowance" xlink:to="us-gaap_DeferredTaxAssetsValuationAllowance_lbl" xlink:type="arc" />
      <link:label xlink:type="resource" xlink:role="http://www.xbrl.org/2009/role/negatedLabel" xlink:label="us-gaap_DeferredTaxAssetsValuationAllowance_lbl" xml:lang="en-US">Less - Valuation allowance</link:label>
      <link:loc xlink:type="locator" xlink:href="http://xbrl.fasb.org/us-gaap/2012/elts/us-gaap-2012-01-31.xsd#us-gaap_DeferredTaxAssetsNet" xlink:label="us-gaap_DeferredTaxAssetsNet" />
      <link:labelArc xlink:arcrole="http://www.xbrl.org/2003/arcrole/concept-label" xlink:from="us-gaap_DeferredTaxAssetsNet" xlink:to="us-gaap_DeferredTaxAssetsNet_lbl" xlink:type="arc" />
      <link:label xlink:type="resource" xlink:role="http://www.xbrl.org/2003/role/totalLabel" xlink:label="us-gaap_DeferredTaxAssetsNet_lbl" xml:lang="en-US">Total net deferred tax assets</link:label>
      <link:loc xlink:type="locator" xlink:href="http://xbrl.fasb.org/us-gaap/2012/elts/us-gaap-2012-01-31.xsd#us-gaap_ScheduleOfRelatedPartyTransactionsByRelatedPartyTable" xlink:label="us-gaap_ScheduleOfRelatedPartyTransactionsByRelatedPartyTable" />
      <link:labelArc xlink:arcrole="http://www.xbrl.org/2003/arcrole/concept-label" xlink:from="us-gaap_ScheduleOfRelatedPartyTransactionsByRelatedPartyTable" xlink:to="us-gaap_ScheduleOfRelatedPartyTransactionsByRelatedPartyTable_lbl" xlink:type="arc" />
      <link:label xlink:type="resource" xlink:role="http://www.xbrl.org/2003/role/label" xlink:label="us-gaap_ScheduleOfRelatedPartyTransactionsByRelatedPartyTable_lbl" xml:lang="en-US">Schedule of Related Party Transactions, by Related Party [Table]</link:label>
      <link:loc xlink:type="locator" xlink:href="http://xbrl.fasb.org/us-gaap/2012/elts/us-gaap-2012-01-31.xsd#us-gaap_RelatedPartyTransactionLineItems" xlink:label="us-gaap_RelatedPartyTransactionLineItems" />
      <link:labelArc xlink:arcrole="http://www.xbrl.org/2003/arcrole/concept-label" xlink:from="us-gaap_RelatedPartyTransactionLineItems" xlink:to="us-gaap_RelatedPartyTransactionLineItems_lbl" xlink:type="arc" />
      <link:label xlink:type="resource" xlink:role="http://www.xbrl.org/2003/role/label" xlink:label="us-gaap_RelatedPartyTransactionLineItems_lbl" xml:lang="en-US">Related Party Transaction [Line Items]</link:label>
      <link:loc xlink:type="locator" xlink:href="http://xbrl.fasb.org/us-gaap/2012/elts/us-gaap-2012-01-31.xsd#us-gaap_SharesIssued" xlink:label="us-gaap_SharesIssued" />
      <link:labelArc xlink:arcrole="http://www.xbrl.org/2003/arcrole/concept-label" xlink:from="us-gaap_SharesIssued" xlink:to="us-gaap_SharesIssued_lbl" xlink:type="arc" />
      <link:label xlink:type="resource" xlink:role="http://www.xbrl.org/2003/role/label" xlink:label="us-gaap_SharesIssued_lbl" xml:lang="en-US">Common stock shares issued</link:label>
      <link:loc xlink:type="locator" xlink:href="http://xbrl.fasb.org/us-gaap/2012/elts/us-gaap-2012-01-31.xsd#us-gaap_CommonStockShareSubscribedButUnissuedSubscriptionsReceivable" xlink:label="us-gaap_CommonStockShareSubscribedButUnissuedSubscriptionsReceivable" />
      <link:labelArc xlink:arcrole="http://www.xbrl.org/2003/arcrole/concept-label" xlink:from="us-gaap_CommonStockShareSubscribedButUnissuedSubscriptionsReceivable" xlink:to="us-gaap_CommonStockShareSubscribedButUnissuedSubscriptionsReceivable_lbl" xlink:type="arc" />
      <link:label xlink:type="resource" xlink:role="http://www.xbrl.org/2003/role/label" xlink:label="us-gaap_CommonStockShareSubscribedButUnissuedSubscriptionsReceivable_lbl" xml:lang="en-US">Subscription receivable</link:label>
      <link:loc xlink:type="locator" xlink:href="gelt-20120630.xsd#GELT_SharesOfferedS1" xlink:label="GELT_SharesOfferedS1" />
      <link:labelArc xlink:arcrole="http://www.xbrl.org/2003/arcrole/concept-label" xlink:from="GELT_SharesOfferedS1" xlink:to="GELT_SharesOfferedS1_lbl" xlink:type="arc" />
      <link:label xlink:type="resource" xlink:role="http://www.xbrl.org/2003/role/label" xlink:label="GELT_SharesOfferedS1_lbl" xml:lang="en-US">Shares registered in registration statement of S-1</link:label>
      <link:loc xlink:type="locator" xlink:href="gelt-20120630.xsd#GELT_ShareValueOfferedS1" xlink:label="GELT_ShareValueOfferedS1" />
      <link:labelArc xlink:arcrole="http://www.xbrl.org/2003/arcrole/concept-label" xlink:from="GELT_ShareValueOfferedS1" xlink:to="GELT_ShareValueOfferedS1_lbl" xlink:type="arc" />
      <link:label xlink:type="resource" xlink:role="http://www.xbrl.org/2003/role/label" xlink:label="GELT_ShareValueOfferedS1_lbl" xml:lang="en-US">Share value of shares registered in registration statement of S-1</link:label>
      <link:labelArc xlink:arcrole="http://www.xbrl.org/2003/arcrole/concept-label" xlink:from="us-gaap_SaleOfStockPricePerShare" xlink:to="us-gaap_SaleOfStockPricePerShare_2_lbl" xlink:type="arc" />
      <link:label xlink:type="resource" xlink:role="http://www.xbrl.org/2003/role/verboseLabel" xlink:label="us-gaap_SaleOfStockPricePerShare_2_lbl" xml:lang="en-US">Registration of common stock, par value</link:label>
      <link:loc xlink:type="locator" xlink:href="http://xbrl.fasb.org/us-gaap/2012/elts/us-gaap-2012-01-31.xsd#us-gaap_LegalFees" xlink:label="us-gaap_LegalFees" />
      <link:labelArc xlink:arcrole="http://www.xbrl.org/2003/arcrole/concept-label" xlink:from="us-gaap_LegalFees" xlink:to="us-gaap_LegalFees_lbl" xlink:type="arc" />
      <link:label xlink:type="resource" xlink:role="http://www.xbrl.org/2003/role/label" xlink:label="us-gaap_LegalFees_lbl" xml:lang="en-US">Legal and audit offering cost for capital formation</link:label>
      <link:loc xlink:type="locator" xlink:href="http://xbrl.fasb.org/us-gaap/2012/elts/us-gaap-2012-01-31.xsd#us-gaap_RelatedPartyTransactionAmountsOfTransaction" xlink:label="us-gaap_RelatedPartyTransactionAmountsOfTransaction" />
      <link:labelArc xlink:arcrole="http://www.xbrl.org/2003/arcrole/concept-label" xlink:from="us-gaap_RelatedPartyTransactionAmountsOfTransaction" xlink:to="us-gaap_RelatedPartyTransactionAmountsOfTransaction_lbl" xlink:type="arc" />
      <link:label xlink:type="resource" xlink:role="http://www.xbrl.org/2003/role/label" xlink:label="us-gaap_RelatedPartyTransactionAmountsOfTransaction_lbl" xml:lang="en-US">Consulting and Management fees</link:label>
      <link:loc xlink:type="locator" xlink:href="http://xbrl.fasb.org/us-gaap/2012/elts/us-gaap-2012-01-31.xsd#us-gaap_DueToRelatedPartiesCurrent" xlink:label="us-gaap_DueToRelatedPartiesCurrent" />
      <link:labelArc xlink:arcrole="http://www.xbrl.org/2003/arcrole/concept-label" xlink:from="us-gaap_DueToRelatedPartiesCurrent" xlink:to="us-gaap_DueToRelatedPartiesCurrent_lbl" xlink:type="arc" />
      <link:label xlink:type="resource" xlink:role="http://www.xbrl.org/2003/role/label" xlink:label="us-gaap_DueToRelatedPartiesCurrent_lbl" xml:lang="en-US">Consulting fees payable</link:label>
      <link:labelArc xlink:arcrole="http://www.xbrl.org/2003/arcrole/concept-label" xlink:from="us-gaap_AssetsCurrent" xlink:to="us-gaap_AssetsCurrent_2_lbl" xlink:type="arc" />
      <link:label xlink:type="resource" xlink:role="http://www.xbrl.org/2003/role/label" xlink:label="us-gaap_AssetsCurrent_2_lbl" xml:lang="en-US">Assets, Current</link:label>
      <link:labelArc xlink:arcrole="http://www.xbrl.org/2003/arcrole/concept-label" xlink:from="us-gaap_Assets" xlink:to="us-gaap_Assets_2_lbl" xlink:type="arc" />
      <link:label xlink:type="resource" xlink:role="http://www.xbrl.org/2003/role/label" xlink:label="us-gaap_Assets_2_lbl" xml:lang="en-US">Assets</link:label>
      <link:labelArc xlink:arcrole="http://www.xbrl.org/2003/arcrole/concept-label" xlink:from="us-gaap_LiabilitiesCurrent" xlink:to="us-gaap_LiabilitiesCurrent_2_lbl" xlink:type="arc" />
      <link:label xlink:type="resource" xlink:role="http://www.xbrl.org/2003/role/label" xlink:label="us-gaap_LiabilitiesCurrent_2_lbl" xml:lang="en-US">Liabilities, Current</link:label>
      <link:labelArc xlink:arcrole="http://www.xbrl.org/2003/arcrole/concept-label" xlink:from="us-gaap_StockholdersEquity" xlink:to="us-gaap_StockholdersEquity_4_lbl" xlink:type="arc" />
      <link:label xlink:type="resource" xlink:role="http://www.xbrl.org/2003/role/label" xlink:label="us-gaap_StockholdersEquity_4_lbl" xml:lang="en-US">Stockholders' Equity Attributable to Parent</link:label>
      <link:labelArc xlink:arcrole="http://www.xbrl.org/2003/arcrole/concept-label" xlink:from="us-gaap_LiabilitiesAndStockholdersEquity" xlink:to="us-gaap_LiabilitiesAndStockholdersEquity_2_lbl" xlink:type="arc" />
      <link:label xlink:type="resource" xlink:role="http://www.xbrl.org/2003/role/label" xlink:label="us-gaap_LiabilitiesAndStockholdersEquity_2_lbl" xml:lang="en-US">Liabilities and Equity</link:label>
      <link:labelArc xlink:arcrole="http://www.xbrl.org/2003/arcrole/concept-label" xlink:from="us-gaap_GeneralAndAdministrativeExpense" xlink:to="us-gaap_GeneralAndAdministrativeExpense_2_lbl" xlink:type="arc" />
      <link:label xlink:type="resource" xlink:role="http://www.xbrl.org/2003/role/label" xlink:label="us-gaap_GeneralAndAdministrativeExpense_2_lbl" xml:lang="en-US">General and Administrative Expense</link:label>
      <link:labelArc xlink:arcrole="http://www.xbrl.org/2003/arcrole/concept-label" xlink:from="us-gaap_OperatingIncomeLoss" xlink:to="us-gaap_OperatingIncomeLoss_2_lbl" xlink:type="arc" />
      <link:label xlink:type="resource" xlink:role="http://www.xbrl.org/2003/role/label" xlink:label="us-gaap_OperatingIncomeLoss_2_lbl" xml:lang="en-US">Operating Income (Loss)</link:label>
      <link:labelArc xlink:arcrole="http://www.xbrl.org/2003/arcrole/concept-label" xlink:from="us-gaap_IncomeTaxExpenseBenefit" xlink:to="us-gaap_IncomeTaxExpenseBenefit_2_lbl" xlink:type="arc" />
      <link:label xlink:type="resource" xlink:role="http://www.xbrl.org/2003/role/label" xlink:label="us-gaap_IncomeTaxExpenseBenefit_2_lbl" xml:lang="en-US">Income Tax Expense (Benefit)</link:label>
      <link:labelArc xlink:arcrole="http://www.xbrl.org/2003/arcrole/concept-label" xlink:from="us-gaap_SharesOutstanding" xlink:to="us-gaap_SharesOutstanding_3_lbl" xlink:type="arc" />
      <link:label xlink:type="resource" xlink:role="http://www.xbrl.org/2003/role/label" xlink:label="us-gaap_SharesOutstanding_3_lbl" xml:lang="en-US">Shares, Outstanding</link:label>
      <link:labelArc xlink:arcrole="http://www.xbrl.org/2003/arcrole/concept-label" xlink:from="us-gaap_NetCashProvidedByUsedInOperatingActivities" xlink:to="us-gaap_NetCashProvidedByUsedInOperatingActivities_2_lbl" xlink:type="arc" />
      <link:label xlink:type="resource" xlink:role="http://www.xbrl.org/2003/role/label" xlink:label="us-gaap_NetCashProvidedByUsedInOperatingActivities_2_lbl" xml:lang="en-US">Net Cash Provided by (Used in) Operating Activities</link:label>
      <link:labelArc xlink:arcrole="http://www.xbrl.org/2003/arcrole/concept-label" xlink:from="us-gaap_NetCashProvidedByUsedInFinancingActivities" xlink:to="us-gaap_NetCashProvidedByUsedInFinancingActivities_2_lbl" xlink:type="arc" />
      <link:label xlink:type="resource" xlink:role="http://www.xbrl.org/2003/role/label" xlink:label="us-gaap_NetCashProvidedByUsedInFinancingActivities_2_lbl" xml:lang="en-US">Net Cash Provided by (Used in) Financing Activities</link:label>
      <link:labelArc xlink:arcrole="http://www.xbrl.org/2003/arcrole/concept-label" xlink:from="us-gaap_CashAndCashEquivalentsPeriodIncreaseDecrease" xlink:to="us-gaap_CashAndCashEquivalentsPeriodIncreaseDecrease_2_lbl" xlink:type="arc" />
      <link:label xlink:type="resource" xlink:role="http://www.xbrl.org/2003/role/label" xlink:label="us-gaap_CashAndCashEquivalentsPeriodIncreaseDecrease_2_lbl" xml:lang="en-US">Cash and Cash Equivalents, Period Increase (Decrease)</link:label>
      <link:labelArc xlink:arcrole="http://www.xbrl.org/2003/arcrole/concept-label" xlink:from="us-gaap_IncomeTaxPolicyTextBlock" xlink:to="us-gaap_IncomeTaxPolicyTextBlock_2_lbl" xlink:type="arc" />
      <link:label xlink:type="resource" xlink:role="http://www.xbrl.org/2003/role/label" xlink:label="us-gaap_IncomeTaxPolicyTextBlock_2_lbl" xml:lang="en-US">Income Tax, Policy [Policy Text Block]</link:label>
      <link:labelArc xlink:arcrole="http://www.xbrl.org/2003/arcrole/concept-label" xlink:from="us-gaap_OperatingLossCarryforwards" xlink:to="us-gaap_OperatingLossCarryforwards_2_lbl" xlink:type="arc" />
      <link:label xlink:type="resource" xlink:role="http://www.xbrl.org/2003/role/label" xlink:label="us-gaap_OperatingLossCarryforwards_2_lbl" xml:lang="en-US">Operating Loss Carryforwards</link:label>
      <link:labelArc xlink:arcrole="http://www.xbrl.org/2003/arcrole/concept-label" xlink:from="us-gaap_ValuationAllowanceDeferredTaxAssetChangeInAmount" xlink:to="us-gaap_ValuationAllowanceDeferredTaxAssetChangeInAmount_2_lbl" xlink:type="arc" />
      <link:label xlink:type="resource" xlink:role="http://www.xbrl.org/2003/role/label" xlink:label="us-gaap_ValuationAllowanceDeferredTaxAssetChangeInAmount_2_lbl" xml:lang="en-US">Valuation Allowance, Deferred Tax Asset, Change in Amount</link:label>
      <link:labelArc xlink:arcrole="http://www.xbrl.org/2003/arcrole/concept-label" xlink:from="us-gaap_DeferredTaxAssetsValuationAllowance" xlink:to="us-gaap_DeferredTaxAssetsValuationAllowance_2_lbl" xlink:type="arc" />
      <link:label xlink:type="resource" xlink:role="http://www.xbrl.org/2003/role/label" xlink:label="us-gaap_DeferredTaxAssetsValuationAllowance_2_lbl" xml:lang="en-US">Deferred Tax Assets, Valuation Allowance</link:label>
      <link:labelArc xlink:arcrole="http://www.xbrl.org/2003/arcrole/concept-label" xlink:from="us-gaap_DeferredTaxAssetsNet" xlink:to="us-gaap_DeferredTaxAssetsNet_2_lbl" xlink:type="arc" />
      <link:label xlink:type="resource" xlink:role="http://www.xbrl.org/2003/role/label" xlink:label="us-gaap_DeferredTaxAssetsNet_2_lbl" xml:lang="en-US">Deferred Tax Assets, Net of Valuation Allowance</link:label>
    </link:labelLink>
</link:linkbase>
