<?xml version="1.0" encoding="US-ASCII" standalone="no"?>
    <!-- Field: Doc-Info; Name: Generator; Value: GoFiler Complete; Version: 3.4b -->
    <!-- Field: Doc-Info; Name: VendorURI; Value: http://www.novaworks.co -->
    <!-- Field: Doc-Info; Name: Source; Value: gelt%2D20120630_v4.xfr; Date: 2013/01/30T17:41:46 -->
    <!-- Field: Doc-Info; Name: Status; Value: 0x80050000 -->
<link:linkbase xmlns:xsi="http://www.w3.org/2001/XMLSchema-instance" xmlns:xlink="http://www.w3.org/1999/xlink" xmlns:link="http://www.xbrl.org/2003/linkbase" xmlns:xbrldt="http://xbrl.org/2005/xbrldt" xmlns:xbrli="http://www.xbrl.org/2003/instance" xsi:schemaLocation="http://www.xbrl.org/2003/linkbase http://www.xbrl.org/2003/xbrl-linkbase-2003-12-31.xsd">
    <link:roleRef roleURI="http://gelotology.com/role/DocumentAndEntityInformation" xlink:href="gelt-20120630.xsd#DocumentAndEntityInformation" xlink:type="simple" />
    <link:roleRef roleURI="http://gelotology.com/role/StatementOfBalanceSheet" xlink:href="gelt-20120630.xsd#StatementOfBalanceSheet" xlink:type="simple" />
    <link:roleRef roleURI="http://gelotology.com/role/StatementOfBalanceSheetParenthetical" xlink:href="gelt-20120630.xsd#StatementOfBalanceSheetParenthetical" xlink:type="simple" />
    <link:roleRef roleURI="http://gelotology.com/role/StatementOfOperations" xlink:href="gelt-20120630.xsd#StatementOfOperations" xlink:type="simple" />
    <link:roleRef roleURI="http://gelotology.com/role/StatementOfStockholdersEquity" xlink:href="gelt-20120630.xsd#StatementOfStockholdersEquity" xlink:type="simple" />
    <link:roleRef roleURI="http://gelotology.com/role/StatementOfStockholdersEquityParenthetical" xlink:href="gelt-20120630.xsd#StatementOfStockholdersEquityParenthetical" xlink:type="simple" />
    <link:roleRef roleURI="http://gelotology.com/role/StatementOfCashFlows" xlink:href="gelt-20120630.xsd#StatementOfCashFlows" xlink:type="simple" />
    <link:roleRef roleURI="http://gelotology.com/role/SummaryOfSignificantAccountingPolicies" xlink:href="gelt-20120630.xsd#SummaryOfSignificantAccountingPolicies" xlink:type="simple" />
    <link:roleRef roleURI="http://gelotology.com/role/DevelopmentStageActivitiesAndGoingConcern" xlink:href="gelt-20120630.xsd#DevelopmentStageActivitiesAndGoingConcern" xlink:type="simple" />
    <link:roleRef roleURI="http://gelotology.com/role/CommonStock" xlink:href="gelt-20120630.xsd#CommonStock" xlink:type="simple" />
    <link:roleRef roleURI="http://gelotology.com/role/IncomeTaxes" xlink:href="gelt-20120630.xsd#IncomeTaxes" xlink:type="simple" />
    <link:roleRef roleURI="http://gelotology.com/role/RelatedPartyLoansAndTransactions" xlink:href="gelt-20120630.xsd#RelatedPartyLoansAndTransactions" xlink:type="simple" />
    <link:roleRef roleURI="http://gelotology.com/role/RecentAccountingPronouncement" xlink:href="gelt-20120630.xsd#RecentAccountingPronouncement" xlink:type="simple" />
    <link:roleRef roleURI="http://gelotology.com/role/SummaryOfSignificantAccountingPoliciesPolicies" xlink:href="gelt-20120630.xsd#SummaryOfSignificantAccountingPoliciesPolicies" xlink:type="simple" />
    <link:roleRef roleURI="http://gelotology.com/role/IncomeTaxesTables" xlink:href="gelt-20120630.xsd#IncomeTaxesTables" xlink:type="simple" />
    <link:roleRef roleURI="http://gelotology.com/role/ProvisionForIncomeTaxDetails" xlink:href="gelt-20120630.xsd#ProvisionForIncomeTaxDetails" xlink:type="simple" />
    <link:roleRef roleURI="http://gelotology.com/role/DeferredIncomeTaxAssetsDetails" xlink:href="gelt-20120630.xsd#DeferredIncomeTaxAssetsDetails" xlink:type="simple" />
    <link:roleRef roleURI="http://gelotology.com/role/CommonStockNarrativeDetails" xlink:href="gelt-20120630.xsd#CommonStockNarrativeDetails" xlink:type="simple" />
    <link:roleRef roleURI="http://gelotology.com/role/RelatedPartyLoansAndTransactionsNarrativeDetails" xlink:href="gelt-20120630.xsd#RelatedPartyLoansAndTransactionsNarrativeDetails" xlink:type="simple" />
    <link:arcroleRef xlink:type="simple" xlink:href="http://www.xbrl.org/2005/xbrldt-2005.xsd#hypercube-dimension" arcroleURI="http://xbrl.org/int/dim/arcrole/hypercube-dimension" />
    <link:arcroleRef xlink:type="simple" xlink:href="http://www.xbrl.org/2005/xbrldt-2005.xsd#dimension-domain" arcroleURI="http://xbrl.org/int/dim/arcrole/dimension-domain" />
    <link:arcroleRef xlink:type="simple" xlink:href="http://www.xbrl.org/2005/xbrldt-2005.xsd#domain-member" arcroleURI="http://xbrl.org/int/dim/arcrole/domain-member" />
    <link:arcroleRef xlink:type="simple" xlink:href="http://www.xbrl.org/2005/xbrldt-2005.xsd#all" arcroleURI="http://xbrl.org/int/dim/arcrole/all" />
    <link:arcroleRef xlink:type="simple" xlink:href="http://www.xbrl.org/2005/xbrldt-2005.xsd#notAll" arcroleURI="http://xbrl.org/int/dim/arcrole/notAll" />
    <link:arcroleRef xlink:type="simple" xlink:href="http://www.xbrl.org/2005/xbrldt-2005.xsd#dimension-default" arcroleURI="http://xbrl.org/int/dim/arcrole/dimension-default" />
    <link:definitionLink xlink:type="extended" xlink:role="http://gelotology.com/role/DocumentAndEntityInformation" xlink:title="0001 - Document - Document and Entity Information" />
    <link:definitionLink xlink:type="extended" xlink:role="http://gelotology.com/role/StatementOfBalanceSheet" xlink:title="0002 - Statement - STATEMENT OF BALANCE SHEET" />
    <link:definitionLink xlink:type="extended" xlink:role="http://gelotology.com/role/StatementOfBalanceSheetParenthetical" xlink:title="0003 - Statement - STATEMENT OF BALANCE SHEET (PARENTHETICAL)" />
    <link:definitionLink xlink:type="extended" xlink:role="http://gelotology.com/role/StatementOfOperations" xlink:title="0004 - Statement - STATEMENT OF OPERATIONS" />
    <link:definitionLink xlink:type="extended" xlink:role="http://gelotology.com/role/StatementOfStockholdersEquity" xlink:title="0005 - Statement - STATEMENT OF STOCKHOLDERS' EQUITY">
      <link:loc xlink:type="locator" xlink:href="http://xbrl.fasb.org/us-gaap/2012/elts/us-gaap-2012-01-31.xsd#us-gaap_StatementLineItems" xlink:label="loc_GELTStatementLineItems" />
      <link:loc xlink:type="locator" xlink:href="http://xbrl.fasb.org/us-gaap/2012/elts/us-gaap-2012-01-31.xsd#us-gaap_StatementTable" xlink:label="loc_GELTStatementTable" />
      <link:definitionArc xlink:arcrole="http://xbrl.org/int/dim/arcrole/all" xbrldt:contextElement="segment" xlink:from="loc_GELTStatementLineItems" xlink:to="loc_GELTStatementTable" xlink:type="arc" order="10" xbrldt:closed="true" />
      <link:loc xlink:type="locator" xlink:href="http://xbrl.fasb.org/us-gaap/2012/elts/us-gaap-2012-01-31.xsd#us-gaap_StatementEquityComponentsAxis" xlink:label="loc_GELTStatementEquityComponentsAxis" />
      <link:definitionArc xlink:arcrole="http://xbrl.org/int/dim/arcrole/hypercube-dimension" xlink:from="loc_GELTStatementTable" xlink:to="loc_GELTStatementEquityComponentsAxis" xlink:type="arc" order="1" />
      <link:loc xlink:type="locator" xlink:href="http://xbrl.fasb.org/us-gaap/2012/elts/us-gaap-2012-01-31.xsd#us-gaap_EquityComponentDomain" xlink:label="loc_GELTEquityComponentDomain" />
      <link:definitionArc xlink:arcrole="http://xbrl.org/int/dim/arcrole/dimension-domain" xlink:from="loc_GELTStatementEquityComponentsAxis" xlink:to="loc_GELTEquityComponentDomain" xlink:type="arc" order="20" />
      <link:loc xlink:type="locator" xlink:href="http://xbrl.fasb.org/us-gaap/2012/elts/us-gaap-2012-01-31.xsd#us-gaap_EquityComponentDomain" xlink:label="loc_GELTEquityComponentDomain_10" />
      <link:definitionArc xlink:arcrole="http://xbrl.org/int/dim/arcrole/dimension-default" xbrldt:contextElement="segment" xlink:from="loc_GELTStatementEquityComponentsAxis" xlink:to="loc_GELTEquityComponentDomain_10" xlink:type="arc" order="30" />
      <link:loc xlink:type="locator" xlink:href="http://xbrl.fasb.org/us-gaap/2012/elts/us-gaap-2012-01-31.xsd#us-gaap_CommonStockMember" xlink:label="loc_GELTCommonStockMember_0" />
      <link:definitionArc xlink:arcrole="http://xbrl.org/int/dim/arcrole/domain-member" xlink:from="loc_GELTEquityComponentDomain" xlink:to="loc_GELTCommonStockMember_0" xlink:type="arc" order="1" />
      <link:loc xlink:type="locator" xlink:href="http://xbrl.fasb.org/us-gaap/2012/elts/us-gaap-2012-01-31.xsd#us-gaap_AdditionalPaidInCapitalMember" xlink:label="loc_GELTAdditionalPaidInCapitalMember_10" />
      <link:definitionArc xlink:arcrole="http://xbrl.org/int/dim/arcrole/domain-member" xlink:from="loc_GELTEquityComponentDomain" xlink:to="loc_GELTAdditionalPaidInCapitalMember_10" xlink:type="arc" order="11" />
      <link:loc xlink:type="locator" xlink:href="http://xbrl.fasb.org/us-gaap/2012/elts/us-gaap-2012-01-31.xsd#us-gaap_RetainedEarningsMember" xlink:label="loc_GELTRetainedEarningsMember_20" />
      <link:definitionArc xlink:arcrole="http://xbrl.org/int/dim/arcrole/domain-member" xlink:from="loc_GELTEquityComponentDomain" xlink:to="loc_GELTRetainedEarningsMember_20" xlink:type="arc" order="21" />
      <link:loc xlink:type="locator" xlink:href="http://xbrl.fasb.org/us-gaap/2012/elts/us-gaap-2012-01-31.xsd#us-gaap_SharesOutstanding" xlink:label="loc_GELTSharesOutstanding_50" />
      <link:definitionArc xlink:arcrole="http://xbrl.org/int/dim/arcrole/domain-member" xlink:from="loc_GELTStatementLineItems" xlink:to="loc_GELTSharesOutstanding_50" xlink:type="arc" order="2" />
      <link:loc xlink:type="locator" xlink:href="http://xbrl.fasb.org/us-gaap/2012/elts/us-gaap-2012-01-31.xsd#us-gaap_StockholdersEquity" xlink:label="loc_GELTStockholdersEquity_50" />
      <link:definitionArc xlink:arcrole="http://xbrl.org/int/dim/arcrole/domain-member" xlink:from="loc_GELTStatementLineItems" xlink:to="loc_GELTStockholdersEquity_50" xlink:type="arc" order="3" />
      <link:loc xlink:type="locator" xlink:href="http://xbrl.fasb.org/us-gaap/2012/elts/us-gaap-2012-01-31.xsd#us-gaap_StockIssuedDuringPeriodSharesIssuedForCash" xlink:label="loc_GELTStockIssuedDuringPeriodSharesIssuedForCash_50" />
      <link:definitionArc xlink:arcrole="http://xbrl.org/int/dim/arcrole/domain-member" xlink:from="loc_GELTStatementLineItems" xlink:to="loc_GELTStockIssuedDuringPeriodSharesIssuedForCash_50" xlink:type="arc" order="4" />
      <link:loc xlink:type="locator" xlink:href="http://xbrl.fasb.org/us-gaap/2012/elts/us-gaap-2012-01-31.xsd#us-gaap_StockIssuedDuringPeriodValueIssuedForCash" xlink:label="loc_GELTStockIssuedDuringPeriodValueIssuedForCash_50" />
      <link:definitionArc xlink:arcrole="http://xbrl.org/int/dim/arcrole/domain-member" xlink:from="loc_GELTStatementLineItems" xlink:to="loc_GELTStockIssuedDuringPeriodValueIssuedForCash_50" xlink:type="arc" order="5" />
      <link:loc xlink:type="locator" xlink:href="http://xbrl.fasb.org/us-gaap/2012/elts/us-gaap-2012-01-31.xsd#us-gaap_StockIssuedDuringPeriodSharesNewIssues" xlink:label="loc_GELTStockIssuedDuringPeriodSharesNewIssues_50" />
      <link:definitionArc xlink:arcrole="http://xbrl.org/int/dim/arcrole/domain-member" xlink:from="loc_GELTStatementLineItems" xlink:to="loc_GELTStockIssuedDuringPeriodSharesNewIssues_50" xlink:type="arc" order="6" />
      <link:loc xlink:type="locator" xlink:href="http://xbrl.fasb.org/us-gaap/2012/elts/us-gaap-2012-01-31.xsd#us-gaap_StockIssuedDuringPeriodValueNewIssues" xlink:label="loc_GELTStockIssuedDuringPeriodValueNewIssues_50" />
      <link:definitionArc xlink:arcrole="http://xbrl.org/int/dim/arcrole/domain-member" xlink:from="loc_GELTStatementLineItems" xlink:to="loc_GELTStockIssuedDuringPeriodValueNewIssues_50" xlink:type="arc" order="7" />
      <link:loc xlink:type="locator" xlink:href="http://xbrl.fasb.org/us-gaap/2012/elts/us-gaap-2012-01-31.xsd#us-gaap_NetIncomeLoss" xlink:label="loc_GELTNetIncomeLoss_50" />
      <link:definitionArc xlink:arcrole="http://xbrl.org/int/dim/arcrole/domain-member" xlink:from="loc_GELTStatementLineItems" xlink:to="loc_GELTNetIncomeLoss_50" xlink:type="arc" order="8" />
    </link:definitionLink>
    <link:definitionLink xlink:type="extended" xlink:role="http://gelotology.com/role/StatementOfStockholdersEquityParenthetical" xlink:title="0006 - Statement - STATEMENT OF STOCKHOLDERS' EQUITY (Parenthetical)" />
    <link:definitionLink xlink:type="extended" xlink:role="http://gelotology.com/role/StatementOfCashFlows" xlink:title="0007 - Statement - STATEMENT OF CASH FLOWS" />
    <link:definitionLink xlink:type="extended" xlink:role="http://gelotology.com/role/SummaryOfSignificantAccountingPolicies" xlink:title="0008 - Disclosure - SUMMARY OF SIGNIFICANT ACCOUNTING POLICIES" />
    <link:definitionLink xlink:type="extended" xlink:role="http://gelotology.com/role/DevelopmentStageActivitiesAndGoingConcern" xlink:title="0009 - Disclosure - DEVELOPMENT STAGE ACTIVITIES AND GOING CONCERN" />
    <link:definitionLink xlink:type="extended" xlink:role="http://gelotology.com/role/CommonStock" xlink:title="0010 - Disclosure - COMMON STOCK" />
    <link:definitionLink xlink:type="extended" xlink:role="http://gelotology.com/role/IncomeTaxes" xlink:title="0011 - Disclosure - INCOME TAXES" />
    <link:definitionLink xlink:type="extended" xlink:role="http://gelotology.com/role/RelatedPartyLoansAndTransactions" xlink:title="0012 - Disclosure - RELATED PARTY LOANS AND TRANSACTIONS" />
    <link:definitionLink xlink:type="extended" xlink:role="http://gelotology.com/role/RecentAccountingPronouncement" xlink:title="0013 - Disclosure - RECENT ACCOUNTING PRONOUNCEMENT" />
    <link:definitionLink xlink:type="extended" xlink:role="http://gelotology.com/role/SummaryOfSignificantAccountingPoliciesPolicies" xlink:title="0014 - Disclosure - SUMMARY OF SIGNIFICANT ACCOUNTING POLICIES (Policies)" />
    <link:definitionLink xlink:type="extended" xlink:role="http://gelotology.com/role/IncomeTaxesTables" xlink:title="0015 - Disclosure - INCOME TAXES (Tables)" />
    <link:definitionLink xlink:type="extended" xlink:role="http://gelotology.com/role/ProvisionForIncomeTaxDetails" xlink:title="0016 - Disclosure - PROVISION FOR INCOME TAX (Details)" />
    <link:definitionLink xlink:type="extended" xlink:role="http://gelotology.com/role/DeferredIncomeTaxAssetsDetails" xlink:title="0017 - Disclosure - DEFERRED INCOME TAX ASSETS (Details)" />
    <link:definitionLink xlink:type="extended" xlink:role="http://gelotology.com/role/CommonStockNarrativeDetails" xlink:title="0018 - Disclosure - COMMON STOCK (Narrative) (Details)">
      <link:loc xlink:type="locator" xlink:href="http://xbrl.fasb.org/us-gaap/2012/elts/us-gaap-2012-01-31.xsd#us-gaap_RelatedPartyTransactionLineItems" xlink:label="loc_GELTRelatedPartyTransactionLineItems" />
      <link:loc xlink:type="locator" xlink:href="http://xbrl.fasb.org/us-gaap/2012/elts/us-gaap-2012-01-31.xsd#us-gaap_ScheduleOfRelatedPartyTransactionsByRelatedPartyTable" xlink:label="loc_GELTScheduleOfRelatedPartyTransactionsByRelatedPartyTable" />
      <link:definitionArc xlink:arcrole="http://xbrl.org/int/dim/arcrole/all" xbrldt:contextElement="segment" xlink:from="loc_GELTRelatedPartyTransactionLineItems" xlink:to="loc_GELTScheduleOfRelatedPartyTransactionsByRelatedPartyTable" xlink:type="arc" order="10" xbrldt:closed="true" />
      <link:loc xlink:type="locator" xlink:href="http://xbrl.fasb.org/us-gaap/2012/elts/us-gaap-2012-01-31.xsd#us-gaap_RelatedPartyTransactionsByRelatedPartyAxis" xlink:label="loc_GELTRelatedPartyTransactionsByRelatedPartyAxis" />
      <link:definitionArc xlink:arcrole="http://xbrl.org/int/dim/arcrole/hypercube-dimension" xlink:from="loc_GELTScheduleOfRelatedPartyTransactionsByRelatedPartyTable" xlink:to="loc_GELTRelatedPartyTransactionsByRelatedPartyAxis" xlink:type="arc" order="1" />
      <link:loc xlink:type="locator" xlink:href="http://xbrl.fasb.org/us-gaap/2012/elts/us-gaap-2012-01-31.xsd#us-gaap_RelatedPartyDomain" xlink:label="loc_GELTRelatedPartyDomain" />
      <link:definitionArc xlink:arcrole="http://xbrl.org/int/dim/arcrole/dimension-domain" xlink:from="loc_GELTRelatedPartyTransactionsByRelatedPartyAxis" xlink:to="loc_GELTRelatedPartyDomain" xlink:type="arc" order="20" />
      <link:loc xlink:type="locator" xlink:href="http://xbrl.fasb.org/us-gaap/2012/elts/us-gaap-2012-01-31.xsd#us-gaap_RelatedPartyDomain" xlink:label="loc_GELTRelatedPartyDomain_10" />
      <link:definitionArc xlink:arcrole="http://xbrl.org/int/dim/arcrole/dimension-default" xbrldt:contextElement="segment" xlink:from="loc_GELTRelatedPartyTransactionsByRelatedPartyAxis" xlink:to="loc_GELTRelatedPartyDomain_10" xlink:type="arc" order="30" />
      <link:loc xlink:type="locator" xlink:href="http://xbrl.fasb.org/us-gaap/2012/elts/us-gaap-2012-01-31.xsd#us-gaap_DirectorMember" xlink:label="loc_GELTDirectorMember_0" />
      <link:definitionArc xlink:arcrole="http://xbrl.org/int/dim/arcrole/domain-member" xlink:from="loc_GELTRelatedPartyDomain" xlink:to="loc_GELTDirectorMember_0" xlink:type="arc" order="1" />
      <link:loc xlink:type="locator" xlink:href="http://xbrl.fasb.org/us-gaap/2012/elts/us-gaap-2012-01-31.xsd#us-gaap_SharesIssued" xlink:label="loc_GELTSharesIssued_50" />
      <link:definitionArc xlink:arcrole="http://xbrl.org/int/dim/arcrole/domain-member" xlink:from="loc_GELTRelatedPartyTransactionLineItems" xlink:to="loc_GELTSharesIssued_50" xlink:type="arc" order="1" />
      <link:loc xlink:type="locator" xlink:href="http://xbrl.fasb.org/us-gaap/2012/elts/us-gaap-2012-01-31.xsd#us-gaap_CommonStockShareSubscribedButUnissuedSubscriptionsReceivable" xlink:label="loc_GELTCommonStockShareSubscribedButUnissuedSubscriptionsReceivable_50" />
      <link:definitionArc xlink:arcrole="http://xbrl.org/int/dim/arcrole/domain-member" xlink:from="loc_GELTRelatedPartyTransactionLineItems" xlink:to="loc_GELTCommonStockShareSubscribedButUnissuedSubscriptionsReceivable_50" xlink:type="arc" order="2" />
      <link:loc xlink:type="locator" xlink:href="gelt-20120630.xsd#GELT_SharesOfferedS1" xlink:label="loc_GELTSharesOfferedS1_50" />
      <link:definitionArc xlink:arcrole="http://xbrl.org/int/dim/arcrole/domain-member" xlink:from="loc_GELTRelatedPartyTransactionLineItems" xlink:to="loc_GELTSharesOfferedS1_50" xlink:type="arc" order="3" />
      <link:loc xlink:type="locator" xlink:href="gelt-20120630.xsd#GELT_ShareValueOfferedS1" xlink:label="loc_GELTShareValueOfferedS1_50" />
      <link:definitionArc xlink:arcrole="http://xbrl.org/int/dim/arcrole/domain-member" xlink:from="loc_GELTRelatedPartyTransactionLineItems" xlink:to="loc_GELTShareValueOfferedS1_50" xlink:type="arc" order="4" />
      <link:loc xlink:type="locator" xlink:href="http://xbrl.fasb.org/us-gaap/2012/elts/us-gaap-2012-01-31.xsd#us-gaap_SaleOfStockPricePerShare" xlink:label="loc_GELTSaleOfStockPricePerShare_50" />
      <link:definitionArc xlink:arcrole="http://xbrl.org/int/dim/arcrole/domain-member" xlink:from="loc_GELTRelatedPartyTransactionLineItems" xlink:to="loc_GELTSaleOfStockPricePerShare_50" xlink:type="arc" order="5" />
      <link:loc xlink:type="locator" xlink:href="http://xbrl.fasb.org/us-gaap/2012/elts/us-gaap-2012-01-31.xsd#us-gaap_ProceedsFromIssuanceOfCommonStock" xlink:label="loc_GELTProceedsFromIssuanceOfCommonStock_50" />
      <link:definitionArc xlink:arcrole="http://xbrl.org/int/dim/arcrole/domain-member" xlink:from="loc_GELTRelatedPartyTransactionLineItems" xlink:to="loc_GELTProceedsFromIssuanceOfCommonStock_50" xlink:type="arc" order="6" />
      <link:loc xlink:type="locator" xlink:href="http://xbrl.fasb.org/us-gaap/2012/elts/us-gaap-2012-01-31.xsd#us-gaap_LegalFees" xlink:label="loc_GELTLegalFees_50" />
      <link:definitionArc xlink:arcrole="http://xbrl.org/int/dim/arcrole/domain-member" xlink:from="loc_GELTRelatedPartyTransactionLineItems" xlink:to="loc_GELTLegalFees_50" xlink:type="arc" order="7" />
    </link:definitionLink>
    <link:definitionLink xlink:type="extended" xlink:role="http://gelotology.com/role/RelatedPartyLoansAndTransactionsNarrativeDetails" xlink:title="0019 - Disclosure - RELATED PARTY LOANS AND TRANSACTIONS (Narrative) (Details)">
      <link:loc xlink:type="locator" xlink:href="http://xbrl.fasb.org/us-gaap/2012/elts/us-gaap-2012-01-31.xsd#us-gaap_RelatedPartyTransactionLineItems" xlink:label="loc_GELTRelatedPartyTransactionLineItems" />
      <link:loc xlink:type="locator" xlink:href="http://xbrl.fasb.org/us-gaap/2012/elts/us-gaap-2012-01-31.xsd#us-gaap_ScheduleOfRelatedPartyTransactionsByRelatedPartyTable" xlink:label="loc_GELTScheduleOfRelatedPartyTransactionsByRelatedPartyTable" />
      <link:definitionArc xlink:arcrole="http://xbrl.org/int/dim/arcrole/all" xbrldt:contextElement="segment" xlink:from="loc_GELTRelatedPartyTransactionLineItems" xlink:to="loc_GELTScheduleOfRelatedPartyTransactionsByRelatedPartyTable" xlink:type="arc" order="10" xbrldt:closed="true" />
      <link:loc xlink:type="locator" xlink:href="http://xbrl.fasb.org/us-gaap/2012/elts/us-gaap-2012-01-31.xsd#us-gaap_RelatedPartyTransactionsByRelatedPartyAxis" xlink:label="loc_GELTRelatedPartyTransactionsByRelatedPartyAxis" />
      <link:definitionArc xlink:arcrole="http://xbrl.org/int/dim/arcrole/hypercube-dimension" xlink:from="loc_GELTScheduleOfRelatedPartyTransactionsByRelatedPartyTable" xlink:to="loc_GELTRelatedPartyTransactionsByRelatedPartyAxis" xlink:type="arc" order="1" />
      <link:loc xlink:type="locator" xlink:href="http://xbrl.fasb.org/us-gaap/2012/elts/us-gaap-2012-01-31.xsd#us-gaap_RelatedPartyDomain" xlink:label="loc_GELTRelatedPartyDomain" />
      <link:definitionArc xlink:arcrole="http://xbrl.org/int/dim/arcrole/dimension-domain" xlink:from="loc_GELTRelatedPartyTransactionsByRelatedPartyAxis" xlink:to="loc_GELTRelatedPartyDomain" xlink:type="arc" order="20" />
      <link:loc xlink:type="locator" xlink:href="http://xbrl.fasb.org/us-gaap/2012/elts/us-gaap-2012-01-31.xsd#us-gaap_RelatedPartyDomain" xlink:label="loc_GELTRelatedPartyDomain_10" />
      <link:definitionArc xlink:arcrole="http://xbrl.org/int/dim/arcrole/dimension-default" xbrldt:contextElement="segment" xlink:from="loc_GELTRelatedPartyTransactionsByRelatedPartyAxis" xlink:to="loc_GELTRelatedPartyDomain_10" xlink:type="arc" order="30" />
      <link:loc xlink:type="locator" xlink:href="http://xbrl.fasb.org/us-gaap/2012/elts/us-gaap-2012-01-31.xsd#us-gaap_OfficerMember" xlink:label="loc_GELTOfficerMember_0" />
      <link:definitionArc xlink:arcrole="http://xbrl.org/int/dim/arcrole/domain-member" xlink:from="loc_GELTRelatedPartyDomain" xlink:to="loc_GELTOfficerMember_0" xlink:type="arc" order="1" />
      <link:loc xlink:type="locator" xlink:href="http://xbrl.fasb.org/us-gaap/2012/elts/us-gaap-2012-01-31.xsd#us-gaap_RelatedPartyTransactionAmountsOfTransaction" xlink:label="loc_GELTRelatedPartyTransactionAmountsOfTransaction_30" />
      <link:definitionArc xlink:arcrole="http://xbrl.org/int/dim/arcrole/domain-member" xlink:from="loc_GELTRelatedPartyTransactionLineItems" xlink:to="loc_GELTRelatedPartyTransactionAmountsOfTransaction_30" xlink:type="arc" order="1" />
      <link:loc xlink:type="locator" xlink:href="http://xbrl.fasb.org/us-gaap/2012/elts/us-gaap-2012-01-31.xsd#us-gaap_DueToRelatedPartiesCurrent" xlink:label="loc_GELTDueToRelatedPartiesCurrent_30" />
      <link:definitionArc xlink:arcrole="http://xbrl.org/int/dim/arcrole/domain-member" xlink:from="loc_GELTRelatedPartyTransactionLineItems" xlink:to="loc_GELTDueToRelatedPartiesCurrent_30" xlink:type="arc" order="2" />
    </link:definitionLink>
</link:linkbase>
