<?xml version="1.0" encoding="US-ASCII" standalone="no"?>
    <!-- Field: Doc-Info; Name: Generator; Value: GoFiler Complete; Version: 3.4b -->
    <!-- Field: Doc-Info; Name: VendorURI; Value: http://www.novaworks.co -->
    <!-- Field: Doc-Info; Name: Source; Value: gelt%2D20120630_v4.xfr; Date: 2013/01/30T17:41:46 -->
    <!-- Field: Doc-Info; Name: Status; Value: 0x80050000 -->
<link:linkbase xmlns:xsi="http://www.w3.org/2001/XMLSchema-instance" xmlns:xlink="http://www.w3.org/1999/xlink" xmlns:link="http://www.xbrl.org/2003/linkbase" xmlns:xbrli="http://www.xbrl.org/2003/instance" xsi:schemaLocation="http://www.xbrl.org/2003/linkbase http://www.xbrl.org/2003/xbrl-linkbase-2003-12-31.xsd">
    <link:roleRef roleURI="http://gelotology.com/role/DocumentAndEntityInformation" xlink:href="gelt-20120630.xsd#DocumentAndEntityInformation" xlink:type="simple" />
    <link:roleRef roleURI="http://gelotology.com/role/StatementOfBalanceSheet" xlink:href="gelt-20120630.xsd#StatementOfBalanceSheet" xlink:type="simple" />
    <link:roleRef roleURI="http://gelotology.com/role/StatementOfBalanceSheetParenthetical" xlink:href="gelt-20120630.xsd#StatementOfBalanceSheetParenthetical" xlink:type="simple" />
    <link:roleRef roleURI="http://gelotology.com/role/StatementOfOperations" xlink:href="gelt-20120630.xsd#StatementOfOperations" xlink:type="simple" />
    <link:roleRef roleURI="http://gelotology.com/role/StatementOfStockholdersEquity" xlink:href="gelt-20120630.xsd#StatementOfStockholdersEquity" xlink:type="simple" />
    <link:roleRef roleURI="http://gelotology.com/role/StatementOfStockholdersEquityParenthetical" xlink:href="gelt-20120630.xsd#StatementOfStockholdersEquityParenthetical" xlink:type="simple" />
    <link:roleRef roleURI="http://gelotology.com/role/StatementOfCashFlows" xlink:href="gelt-20120630.xsd#StatementOfCashFlows" xlink:type="simple" />
    <link:roleRef roleURI="http://gelotology.com/role/SummaryOfSignificantAccountingPolicies" xlink:href="gelt-20120630.xsd#SummaryOfSignificantAccountingPolicies" xlink:type="simple" />
    <link:roleRef roleURI="http://gelotology.com/role/DevelopmentStageActivitiesAndGoingConcern" xlink:href="gelt-20120630.xsd#DevelopmentStageActivitiesAndGoingConcern" xlink:type="simple" />
    <link:roleRef roleURI="http://gelotology.com/role/CommonStock" xlink:href="gelt-20120630.xsd#CommonStock" xlink:type="simple" />
    <link:roleRef roleURI="http://gelotology.com/role/IncomeTaxes" xlink:href="gelt-20120630.xsd#IncomeTaxes" xlink:type="simple" />
    <link:roleRef roleURI="http://gelotology.com/role/RelatedPartyLoansAndTransactions" xlink:href="gelt-20120630.xsd#RelatedPartyLoansAndTransactions" xlink:type="simple" />
    <link:roleRef roleURI="http://gelotology.com/role/RecentAccountingPronouncement" xlink:href="gelt-20120630.xsd#RecentAccountingPronouncement" xlink:type="simple" />
    <link:roleRef roleURI="http://gelotology.com/role/SummaryOfSignificantAccountingPoliciesPolicies" xlink:href="gelt-20120630.xsd#SummaryOfSignificantAccountingPoliciesPolicies" xlink:type="simple" />
    <link:roleRef roleURI="http://gelotology.com/role/IncomeTaxesTables" xlink:href="gelt-20120630.xsd#IncomeTaxesTables" xlink:type="simple" />
    <link:roleRef roleURI="http://gelotology.com/role/ProvisionForIncomeTaxDetails" xlink:href="gelt-20120630.xsd#ProvisionForIncomeTaxDetails" xlink:type="simple" />
    <link:roleRef roleURI="http://gelotology.com/role/DeferredIncomeTaxAssetsDetails" xlink:href="gelt-20120630.xsd#DeferredIncomeTaxAssetsDetails" xlink:type="simple" />
    <link:roleRef roleURI="http://gelotology.com/role/CommonStockNarrativeDetails" xlink:href="gelt-20120630.xsd#CommonStockNarrativeDetails" xlink:type="simple" />
    <link:roleRef roleURI="http://gelotology.com/role/RelatedPartyLoansAndTransactionsNarrativeDetails" xlink:href="gelt-20120630.xsd#RelatedPartyLoansAndTransactionsNarrativeDetails" xlink:type="simple" />
    <link:presentationLink xlink:type="extended" xlink:role="http://gelotology.com/role/DocumentAndEntityInformation" xlink:title="0001 - Document - Document and Entity Information">
      <link:loc xlink:type="locator" xlink:href="gelt-20120630.xsd#GELT_DocumentAndEntityInformationAbstract" xlink:label="loc_GELTDocumentAndEntityInformationAbstract" />
      <link:loc xlink:type="locator" xlink:href="http://xbrl.sec.gov/dei/2012/dei-2012-01-31.xsd#dei_EntityRegistrantName" xlink:label="loc_GELTEntityRegistrantName" />
      <link:presentationArc order="0" xlink:arcrole="http://www.xbrl.org/2003/arcrole/parent-child" xlink:from="loc_GELTDocumentAndEntityInformationAbstract" xlink:to="loc_GELTEntityRegistrantName" xlink:type="arc" />
      <link:loc xlink:type="locator" xlink:href="http://xbrl.sec.gov/dei/2012/dei-2012-01-31.xsd#dei_EntityCentralIndexKey" xlink:label="loc_GELTEntityCentralIndexKey" />
      <link:presentationArc order="10" xlink:arcrole="http://www.xbrl.org/2003/arcrole/parent-child" xlink:from="loc_GELTDocumentAndEntityInformationAbstract" xlink:to="loc_GELTEntityCentralIndexKey" xlink:type="arc" />
      <link:loc xlink:type="locator" xlink:href="http://xbrl.sec.gov/dei/2012/dei-2012-01-31.xsd#dei_DocumentType" xlink:label="loc_GELTDocumentType" />
      <link:presentationArc order="20" xlink:arcrole="http://www.xbrl.org/2003/arcrole/parent-child" xlink:from="loc_GELTDocumentAndEntityInformationAbstract" xlink:to="loc_GELTDocumentType" xlink:type="arc" />
      <link:loc xlink:type="locator" xlink:href="http://xbrl.sec.gov/dei/2012/dei-2012-01-31.xsd#dei_DocumentPeriodEndDate" xlink:label="loc_GELTDocumentPeriodEndDate" />
      <link:presentationArc order="30" xlink:arcrole="http://www.xbrl.org/2003/arcrole/parent-child" xlink:from="loc_GELTDocumentAndEntityInformationAbstract" xlink:to="loc_GELTDocumentPeriodEndDate" xlink:type="arc" />
      <link:loc xlink:type="locator" xlink:href="http://xbrl.sec.gov/dei/2012/dei-2012-01-31.xsd#dei_AmendmentFlag" xlink:label="loc_GELTAmendmentFlag" />
      <link:presentationArc order="40" xlink:arcrole="http://www.xbrl.org/2003/arcrole/parent-child" xlink:from="loc_GELTDocumentAndEntityInformationAbstract" xlink:to="loc_GELTAmendmentFlag" xlink:type="arc" />
      <link:loc xlink:type="locator" xlink:href="http://xbrl.sec.gov/dei/2012/dei-2012-01-31.xsd#dei_CurrentFiscalYearEndDate" xlink:label="loc_GELTCurrentFiscalYearEndDate" />
      <link:presentationArc order="50" xlink:arcrole="http://www.xbrl.org/2003/arcrole/parent-child" xlink:from="loc_GELTDocumentAndEntityInformationAbstract" xlink:to="loc_GELTCurrentFiscalYearEndDate" xlink:type="arc" />
      <link:loc xlink:type="locator" xlink:href="http://xbrl.sec.gov/dei/2012/dei-2012-01-31.xsd#dei_EntityWellKnownSeasonedIssuer" xlink:label="loc_GELTEntityWellKnownSeasonedIssuer" />
      <link:presentationArc order="60" xlink:arcrole="http://www.xbrl.org/2003/arcrole/parent-child" xlink:from="loc_GELTDocumentAndEntityInformationAbstract" xlink:to="loc_GELTEntityWellKnownSeasonedIssuer" xlink:type="arc" />
      <link:loc xlink:type="locator" xlink:href="http://xbrl.sec.gov/dei/2012/dei-2012-01-31.xsd#dei_EntityVoluntaryFilers" xlink:label="loc_GELTEntityVoluntaryFilers" />
      <link:presentationArc order="70" xlink:arcrole="http://www.xbrl.org/2003/arcrole/parent-child" xlink:from="loc_GELTDocumentAndEntityInformationAbstract" xlink:to="loc_GELTEntityVoluntaryFilers" xlink:type="arc" />
      <link:loc xlink:type="locator" xlink:href="http://xbrl.sec.gov/dei/2012/dei-2012-01-31.xsd#dei_EntityCurrentReportingStatus" xlink:label="loc_GELTEntityCurrentReportingStatus" />
      <link:presentationArc order="80" xlink:arcrole="http://www.xbrl.org/2003/arcrole/parent-child" xlink:from="loc_GELTDocumentAndEntityInformationAbstract" xlink:to="loc_GELTEntityCurrentReportingStatus" xlink:type="arc" />
      <link:loc xlink:type="locator" xlink:href="http://xbrl.sec.gov/dei/2012/dei-2012-01-31.xsd#dei_EntityFilerCategory" xlink:label="loc_GELTEntityFilerCategory" />
      <link:presentationArc order="90" xlink:arcrole="http://www.xbrl.org/2003/arcrole/parent-child" xlink:from="loc_GELTDocumentAndEntityInformationAbstract" xlink:to="loc_GELTEntityFilerCategory" xlink:type="arc" />
      <link:loc xlink:type="locator" xlink:href="http://xbrl.sec.gov/dei/2012/dei-2012-01-31.xsd#dei_EntityPublicFloat" xlink:label="loc_GELTEntityPublicFloat" />
      <link:presentationArc order="100" xlink:arcrole="http://www.xbrl.org/2003/arcrole/parent-child" xlink:from="loc_GELTDocumentAndEntityInformationAbstract" xlink:to="loc_GELTEntityPublicFloat" xlink:type="arc" />
      <link:loc xlink:type="locator" xlink:href="http://xbrl.sec.gov/dei/2012/dei-2012-01-31.xsd#dei_EntityCommonStockSharesOutstanding" xlink:label="loc_GELTEntityCommonStockSharesOutstanding" />
      <link:presentationArc order="110" xlink:arcrole="http://www.xbrl.org/2003/arcrole/parent-child" xlink:from="loc_GELTDocumentAndEntityInformationAbstract" xlink:to="loc_GELTEntityCommonStockSharesOutstanding" xlink:type="arc" />
      <link:loc xlink:type="locator" xlink:href="http://xbrl.sec.gov/dei/2012/dei-2012-01-31.xsd#dei_DocumentFiscalPeriodFocus" xlink:label="loc_GELTDocumentFiscalPeriodFocus" />
      <link:presentationArc order="120" xlink:arcrole="http://www.xbrl.org/2003/arcrole/parent-child" xlink:from="loc_GELTDocumentAndEntityInformationAbstract" xlink:to="loc_GELTDocumentFiscalPeriodFocus" xlink:type="arc" />
      <link:loc xlink:type="locator" xlink:href="http://xbrl.sec.gov/dei/2012/dei-2012-01-31.xsd#dei_DocumentFiscalYearFocus" xlink:label="loc_GELTDocumentFiscalYearFocus" />
      <link:presentationArc order="130" xlink:arcrole="http://www.xbrl.org/2003/arcrole/parent-child" xlink:from="loc_GELTDocumentAndEntityInformationAbstract" xlink:to="loc_GELTDocumentFiscalYearFocus" xlink:type="arc" />
      <link:loc xlink:type="locator" xlink:href="http://xbrl.sec.gov/dei/2012/dei-2012-01-31.xsd#dei_AmendmentDescription" xlink:label="loc_GELTAmendmentDescription" />
      <link:presentationArc order="140" xlink:arcrole="http://www.xbrl.org/2003/arcrole/parent-child" xlink:from="loc_GELTDocumentAndEntityInformationAbstract" xlink:to="loc_GELTAmendmentDescription" xlink:type="arc" />
    </link:presentationLink>
    <link:presentationLink xlink:type="extended" xlink:role="http://gelotology.com/role/StatementOfBalanceSheet" xlink:title="0002 - Statement - STATEMENT OF BALANCE SHEET">
      <link:loc xlink:type="locator" xlink:href="http://xbrl.fasb.org/us-gaap/2012/elts/us-gaap-2012-01-31.xsd#us-gaap_StatementOfFinancialPositionAbstract" xlink:label="loc_GELTStatementOfFinancialPositionAbstract" />
      <link:loc xlink:type="locator" xlink:href="http://xbrl.fasb.org/us-gaap/2012/elts/us-gaap-2012-01-31.xsd#us-gaap_AssetsAbstract" xlink:label="loc_GELTAssetsAbstract" />
      <link:presentationArc order="0" xlink:arcrole="http://www.xbrl.org/2003/arcrole/parent-child" xlink:from="loc_GELTStatementOfFinancialPositionAbstract" xlink:to="loc_GELTAssetsAbstract" xlink:type="arc" />
      <link:loc xlink:type="locator" xlink:href="http://xbrl.fasb.org/us-gaap/2012/elts/us-gaap-2012-01-31.xsd#us-gaap_AssetsCurrentAbstract" xlink:label="loc_GELTAssetsCurrentAbstract" />
      <link:presentationArc order="10" xlink:arcrole="http://www.xbrl.org/2003/arcrole/parent-child" xlink:from="loc_GELTAssetsAbstract" xlink:to="loc_GELTAssetsCurrentAbstract" xlink:type="arc" />
      <link:loc xlink:type="locator" xlink:href="http://xbrl.fasb.org/us-gaap/2012/elts/us-gaap-2012-01-31.xsd#us-gaap_CashAndCashEquivalentsAtCarryingValue" xlink:label="loc_GELTCashAndCashEquivalentsAtCarryingValue" />
      <link:presentationArc order="20" xlink:arcrole="http://www.xbrl.org/2003/arcrole/parent-child" xlink:from="loc_GELTAssetsCurrentAbstract" xlink:to="loc_GELTCashAndCashEquivalentsAtCarryingValue" xlink:type="arc" />
      <link:loc xlink:type="locator" xlink:href="http://xbrl.fasb.org/us-gaap/2012/elts/us-gaap-2012-01-31.xsd#us-gaap_AssetsCurrent" xlink:label="loc_GELTAssetsCurrent" />
      <link:presentationArc order="30" xlink:arcrole="http://www.xbrl.org/2003/arcrole/parent-child" xlink:from="loc_GELTAssetsAbstract" xlink:to="loc_GELTAssetsCurrent" xlink:type="arc" preferredLabel="http://www.xbrl.org/2003/role/totalLabel" />
      <link:loc xlink:type="locator" xlink:href="http://xbrl.fasb.org/us-gaap/2012/elts/us-gaap-2012-01-31.xsd#us-gaap_Assets" xlink:label="loc_GELTAssets" />
      <link:presentationArc order="40" xlink:arcrole="http://www.xbrl.org/2003/arcrole/parent-child" xlink:from="loc_GELTStatementOfFinancialPositionAbstract" xlink:to="loc_GELTAssets" xlink:type="arc" preferredLabel="http://www.xbrl.org/2003/role/totalLabel" />
      <link:loc xlink:type="locator" xlink:href="http://xbrl.fasb.org/us-gaap/2012/elts/us-gaap-2012-01-31.xsd#us-gaap_LiabilitiesAndStockholdersEquityAbstract" xlink:label="loc_GELTLiabilitiesAndStockholdersEquityAbstract" />
      <link:presentationArc order="50" xlink:arcrole="http://www.xbrl.org/2003/arcrole/parent-child" xlink:from="loc_GELTStatementOfFinancialPositionAbstract" xlink:to="loc_GELTLiabilitiesAndStockholdersEquityAbstract" xlink:type="arc" />
      <link:loc xlink:type="locator" xlink:href="http://xbrl.fasb.org/us-gaap/2012/elts/us-gaap-2012-01-31.xsd#us-gaap_LiabilitiesCurrentAbstract" xlink:label="loc_GELTLiabilitiesCurrentAbstract" />
      <link:presentationArc order="60" xlink:arcrole="http://www.xbrl.org/2003/arcrole/parent-child" xlink:from="loc_GELTLiabilitiesAndStockholdersEquityAbstract" xlink:to="loc_GELTLiabilitiesCurrentAbstract" xlink:type="arc" />
      <link:loc xlink:type="locator" xlink:href="http://xbrl.fasb.org/us-gaap/2012/elts/us-gaap-2012-01-31.xsd#us-gaap_AccountsPayableAndAccruedLiabilitiesCurrent" xlink:label="loc_GELTAccountsPayableAndAccruedLiabilitiesCurrent" />
      <link:presentationArc order="70" xlink:arcrole="http://www.xbrl.org/2003/arcrole/parent-child" xlink:from="loc_GELTLiabilitiesCurrentAbstract" xlink:to="loc_GELTAccountsPayableAndAccruedLiabilitiesCurrent" xlink:type="arc" />
      <link:loc xlink:type="locator" xlink:href="http://xbrl.fasb.org/us-gaap/2012/elts/us-gaap-2012-01-31.xsd#us-gaap_LiabilitiesCurrent" xlink:label="loc_GELTLiabilitiesCurrent" />
      <link:presentationArc order="80" xlink:arcrole="http://www.xbrl.org/2003/arcrole/parent-child" xlink:from="loc_GELTLiabilitiesAndStockholdersEquityAbstract" xlink:to="loc_GELTLiabilitiesCurrent" xlink:type="arc" preferredLabel="http://www.xbrl.org/2003/role/totalLabel" />
      <link:loc xlink:type="locator" xlink:href="http://xbrl.fasb.org/us-gaap/2012/elts/us-gaap-2012-01-31.xsd#us-gaap_CommitmentsAndContingencies" xlink:label="loc_GELTCommitmentsAndContingencies" />
      <link:presentationArc order="90" xlink:arcrole="http://www.xbrl.org/2003/arcrole/parent-child" xlink:from="loc_GELTLiabilitiesAndStockholdersEquityAbstract" xlink:to="loc_GELTCommitmentsAndContingencies" xlink:type="arc" />
      <link:loc xlink:type="locator" xlink:href="http://xbrl.fasb.org/us-gaap/2012/elts/us-gaap-2012-01-31.xsd#us-gaap_StockholdersEquityAbstract" xlink:label="loc_GELTStockholdersEquityAbstract" />
      <link:presentationArc order="100" xlink:arcrole="http://www.xbrl.org/2003/arcrole/parent-child" xlink:from="loc_GELTLiabilitiesAndStockholdersEquityAbstract" xlink:to="loc_GELTStockholdersEquityAbstract" xlink:type="arc" />
      <link:loc xlink:type="locator" xlink:href="http://xbrl.fasb.org/us-gaap/2012/elts/us-gaap-2012-01-31.xsd#us-gaap_CommonStockValue" xlink:label="loc_GELTCommonStockValue" />
      <link:presentationArc order="110" xlink:arcrole="http://www.xbrl.org/2003/arcrole/parent-child" xlink:from="loc_GELTStockholdersEquityAbstract" xlink:to="loc_GELTCommonStockValue" xlink:type="arc" />
      <link:loc xlink:type="locator" xlink:href="http://xbrl.fasb.org/us-gaap/2012/elts/us-gaap-2012-01-31.xsd#us-gaap_AdditionalPaidInCapitalCommonStock" xlink:label="loc_GELTAdditionalPaidInCapitalCommonStock" />
      <link:presentationArc order="120" xlink:arcrole="http://www.xbrl.org/2003/arcrole/parent-child" xlink:from="loc_GELTStockholdersEquityAbstract" xlink:to="loc_GELTAdditionalPaidInCapitalCommonStock" xlink:type="arc" />
      <link:loc xlink:type="locator" xlink:href="http://xbrl.fasb.org/us-gaap/2012/elts/us-gaap-2012-01-31.xsd#us-gaap_RetainedEarningsAccumulatedDeficit" xlink:label="loc_GELTRetainedEarningsAccumulatedDeficit" />
      <link:presentationArc order="130" xlink:arcrole="http://www.xbrl.org/2003/arcrole/parent-child" xlink:from="loc_GELTStockholdersEquityAbstract" xlink:to="loc_GELTRetainedEarningsAccumulatedDeficit" xlink:type="arc" />
      <link:loc xlink:type="locator" xlink:href="http://xbrl.fasb.org/us-gaap/2012/elts/us-gaap-2012-01-31.xsd#us-gaap_StockholdersEquity" xlink:label="loc_GELTStockholdersEquity" />
      <link:presentationArc order="140" xlink:arcrole="http://www.xbrl.org/2003/arcrole/parent-child" xlink:from="loc_GELTLiabilitiesAndStockholdersEquityAbstract" xlink:to="loc_GELTStockholdersEquity" xlink:type="arc" preferredLabel="http://www.xbrl.org/2003/role/totalLabel" />
      <link:loc xlink:type="locator" xlink:href="http://xbrl.fasb.org/us-gaap/2012/elts/us-gaap-2012-01-31.xsd#us-gaap_LiabilitiesAndStockholdersEquity" xlink:label="loc_GELTLiabilitiesAndStockholdersEquity" />
      <link:presentationArc order="150" xlink:arcrole="http://www.xbrl.org/2003/arcrole/parent-child" xlink:from="loc_GELTStatementOfFinancialPositionAbstract" xlink:to="loc_GELTLiabilitiesAndStockholdersEquity" xlink:type="arc" preferredLabel="http://www.xbrl.org/2003/role/totalLabel" />
    </link:presentationLink>
    <link:presentationLink xlink:type="extended" xlink:role="http://gelotology.com/role/StatementOfBalanceSheetParenthetical" xlink:title="0003 - Statement - STATEMENT OF BALANCE SHEET (PARENTHETICAL)">
      <link:loc xlink:type="locator" xlink:href="http://xbrl.fasb.org/us-gaap/2012/elts/us-gaap-2012-01-31.xsd#us-gaap_StatementOfFinancialPositionAbstract" xlink:label="loc_GELTStatementOfFinancialPositionAbstract" />
      <link:loc xlink:type="locator" xlink:href="http://xbrl.fasb.org/us-gaap/2012/elts/us-gaap-2012-01-31.xsd#us-gaap_CommonStockParOrStatedValuePerShare" xlink:label="loc_GELTCommonStockParOrStatedValuePerShare" />
      <link:presentationArc order="0" xlink:arcrole="http://www.xbrl.org/2003/arcrole/parent-child" xlink:from="loc_GELTStatementOfFinancialPositionAbstract" xlink:to="loc_GELTCommonStockParOrStatedValuePerShare" xlink:type="arc" />
      <link:loc xlink:type="locator" xlink:href="http://xbrl.fasb.org/us-gaap/2012/elts/us-gaap-2012-01-31.xsd#us-gaap_CommonStockSharesAuthorized" xlink:label="loc_GELTCommonStockSharesAuthorized" />
      <link:presentationArc order="10" xlink:arcrole="http://www.xbrl.org/2003/arcrole/parent-child" xlink:from="loc_GELTStatementOfFinancialPositionAbstract" xlink:to="loc_GELTCommonStockSharesAuthorized" xlink:type="arc" />
      <link:loc xlink:type="locator" xlink:href="http://xbrl.fasb.org/us-gaap/2012/elts/us-gaap-2012-01-31.xsd#us-gaap_CommonStockSharesIssued" xlink:label="loc_GELTCommonStockSharesIssued" />
      <link:presentationArc order="20" xlink:arcrole="http://www.xbrl.org/2003/arcrole/parent-child" xlink:from="loc_GELTStatementOfFinancialPositionAbstract" xlink:to="loc_GELTCommonStockSharesIssued" xlink:type="arc" />
      <link:loc xlink:type="locator" xlink:href="http://xbrl.fasb.org/us-gaap/2012/elts/us-gaap-2012-01-31.xsd#us-gaap_CommonStockSharesOutstanding" xlink:label="loc_GELTCommonStockSharesOutstanding" />
      <link:presentationArc order="30" xlink:arcrole="http://www.xbrl.org/2003/arcrole/parent-child" xlink:from="loc_GELTStatementOfFinancialPositionAbstract" xlink:to="loc_GELTCommonStockSharesOutstanding" xlink:type="arc" />
    </link:presentationLink>
    <link:presentationLink xlink:type="extended" xlink:role="http://gelotology.com/role/StatementOfOperations" xlink:title="0004 - Statement - STATEMENT OF OPERATIONS">
      <link:loc xlink:type="locator" xlink:href="http://xbrl.fasb.org/us-gaap/2012/elts/us-gaap-2012-01-31.xsd#us-gaap_IncomeStatementAbstract" xlink:label="loc_GELTIncomeStatementAbstract" />
      <link:loc xlink:type="locator" xlink:href="http://xbrl.fasb.org/us-gaap/2012/elts/us-gaap-2012-01-31.xsd#us-gaap_Revenues" xlink:label="loc_GELTRevenues" />
      <link:presentationArc order="0" xlink:arcrole="http://www.xbrl.org/2003/arcrole/parent-child" xlink:from="loc_GELTIncomeStatementAbstract" xlink:to="loc_GELTRevenues" xlink:type="arc" />
      <link:loc xlink:type="locator" xlink:href="http://xbrl.fasb.org/us-gaap/2012/elts/us-gaap-2012-01-31.xsd#us-gaap_OperatingExpensesAbstract" xlink:label="loc_GELTOperatingExpensesAbstract" />
      <link:presentationArc order="10" xlink:arcrole="http://www.xbrl.org/2003/arcrole/parent-child" xlink:from="loc_GELTIncomeStatementAbstract" xlink:to="loc_GELTOperatingExpensesAbstract" xlink:type="arc" />
      <link:loc xlink:type="locator" xlink:href="http://xbrl.fasb.org/us-gaap/2012/elts/us-gaap-2012-01-31.xsd#us-gaap_GeneralAndAdministrativeExpenseAbstract" xlink:label="loc_GELTGeneralAndAdministrativeExpenseAbstract" />
      <link:presentationArc order="20" xlink:arcrole="http://www.xbrl.org/2003/arcrole/parent-child" xlink:from="loc_GELTOperatingExpensesAbstract" xlink:to="loc_GELTGeneralAndAdministrativeExpenseAbstract" xlink:type="arc" />
      <link:loc xlink:type="locator" xlink:href="http://xbrl.fasb.org/us-gaap/2012/elts/us-gaap-2012-01-31.xsd#us-gaap_ProfessionalFees" xlink:label="loc_GELTProfessionalFees" />
      <link:presentationArc order="30" xlink:arcrole="http://www.xbrl.org/2003/arcrole/parent-child" xlink:from="loc_GELTGeneralAndAdministrativeExpenseAbstract" xlink:to="loc_GELTProfessionalFees" xlink:type="arc" />
      <link:loc xlink:type="locator" xlink:href="http://xbrl.fasb.org/us-gaap/2012/elts/us-gaap-2012-01-31.xsd#us-gaap_OtherGeneralAndAdministrativeExpense" xlink:label="loc_GELTOtherGeneralAndAdministrativeExpense" />
      <link:presentationArc order="40" xlink:arcrole="http://www.xbrl.org/2003/arcrole/parent-child" xlink:from="loc_GELTGeneralAndAdministrativeExpenseAbstract" xlink:to="loc_GELTOtherGeneralAndAdministrativeExpense" xlink:type="arc" />
      <link:loc xlink:type="locator" xlink:href="http://xbrl.fasb.org/us-gaap/2012/elts/us-gaap-2012-01-31.xsd#us-gaap_NoninterestExpenseDistributionAndServicingFees" xlink:label="loc_GELTNoninterestExpenseDistributionAndServicingFees" />
      <link:presentationArc order="50" xlink:arcrole="http://www.xbrl.org/2003/arcrole/parent-child" xlink:from="loc_GELTGeneralAndAdministrativeExpenseAbstract" xlink:to="loc_GELTNoninterestExpenseDistributionAndServicingFees" xlink:type="arc" />
      <link:loc xlink:type="locator" xlink:href="http://xbrl.fasb.org/us-gaap/2012/elts/us-gaap-2012-01-31.xsd#us-gaap_TravelAndEntertainmentExpense" xlink:label="loc_GELTTravelAndEntertainmentExpense" />
      <link:presentationArc order="60" xlink:arcrole="http://www.xbrl.org/2003/arcrole/parent-child" xlink:from="loc_GELTGeneralAndAdministrativeExpenseAbstract" xlink:to="loc_GELTTravelAndEntertainmentExpense" xlink:type="arc" />
      <link:loc xlink:type="locator" xlink:href="http://xbrl.fasb.org/us-gaap/2012/elts/us-gaap-2012-01-31.xsd#us-gaap_TaxesExcludingIncomeAndExciseTaxes" xlink:label="loc_GELTTaxesExcludingIncomeAndExciseTaxes" />
      <link:presentationArc order="70" xlink:arcrole="http://www.xbrl.org/2003/arcrole/parent-child" xlink:from="loc_GELTGeneralAndAdministrativeExpenseAbstract" xlink:to="loc_GELTTaxesExcludingIncomeAndExciseTaxes" xlink:type="arc" />
      <link:loc xlink:type="locator" xlink:href="http://xbrl.fasb.org/us-gaap/2012/elts/us-gaap-2012-01-31.xsd#us-gaap_OtherGeneralExpense" xlink:label="loc_GELTOtherGeneralExpense" />
      <link:presentationArc order="80" xlink:arcrole="http://www.xbrl.org/2003/arcrole/parent-child" xlink:from="loc_GELTGeneralAndAdministrativeExpenseAbstract" xlink:to="loc_GELTOtherGeneralExpense" xlink:type="arc" />
      <link:loc xlink:type="locator" xlink:href="http://xbrl.fasb.org/us-gaap/2012/elts/us-gaap-2012-01-31.xsd#us-gaap_GeneralAndAdministrativeExpense" xlink:label="loc_GELTGeneralAndAdministrativeExpense" />
      <link:presentationArc order="90" xlink:arcrole="http://www.xbrl.org/2003/arcrole/parent-child" xlink:from="loc_GELTOperatingExpensesAbstract" xlink:to="loc_GELTGeneralAndAdministrativeExpense" xlink:type="arc" preferredLabel="http://www.xbrl.org/2003/role/totalLabel" />
      <link:loc xlink:type="locator" xlink:href="http://xbrl.fasb.org/us-gaap/2012/elts/us-gaap-2012-01-31.xsd#us-gaap_OperatingIncomeLoss" xlink:label="loc_GELTOperatingIncomeLoss" />
      <link:presentationArc order="100" xlink:arcrole="http://www.xbrl.org/2003/arcrole/parent-child" xlink:from="loc_GELTIncomeStatementAbstract" xlink:to="loc_GELTOperatingIncomeLoss" xlink:type="arc" preferredLabel="http://www.xbrl.org/2003/role/totalLabel" />
      <link:loc xlink:type="locator" xlink:href="http://xbrl.fasb.org/us-gaap/2012/elts/us-gaap-2012-01-31.xsd#us-gaap_IncomeTaxExpenseBenefit" xlink:label="loc_GELTIncomeTaxExpenseBenefit" />
      <link:presentationArc order="110" xlink:arcrole="http://www.xbrl.org/2003/arcrole/parent-child" xlink:from="loc_GELTIncomeStatementAbstract" xlink:to="loc_GELTIncomeTaxExpenseBenefit" xlink:type="arc" preferredLabel="http://www.xbrl.org/2009/role/negatedLabel" />
      <link:loc xlink:type="locator" xlink:href="http://xbrl.fasb.org/us-gaap/2012/elts/us-gaap-2012-01-31.xsd#us-gaap_NetIncomeLoss" xlink:label="loc_GELTNetIncomeLoss" />
      <link:presentationArc order="120" xlink:arcrole="http://www.xbrl.org/2003/arcrole/parent-child" xlink:from="loc_GELTIncomeStatementAbstract" xlink:to="loc_GELTNetIncomeLoss" xlink:type="arc" preferredLabel="http://www.xbrl.org/2003/role/totalLabel" />
      <link:loc xlink:type="locator" xlink:href="http://xbrl.fasb.org/us-gaap/2012/elts/us-gaap-2012-01-31.xsd#us-gaap_EarningsPerShareBasicAndDilutedAbstract" xlink:label="loc_GELTEarningsPerShareBasicAndDilutedAbstract" />
      <link:presentationArc order="130" xlink:arcrole="http://www.xbrl.org/2003/arcrole/parent-child" xlink:from="loc_GELTIncomeStatementAbstract" xlink:to="loc_GELTEarningsPerShareBasicAndDilutedAbstract" xlink:type="arc" />
      <link:loc xlink:type="locator" xlink:href="http://xbrl.fasb.org/us-gaap/2012/elts/us-gaap-2012-01-31.xsd#us-gaap_EarningsPerShareBasicAndDiluted" xlink:label="loc_GELTEarningsPerShareBasicAndDiluted" />
      <link:presentationArc order="140" xlink:arcrole="http://www.xbrl.org/2003/arcrole/parent-child" xlink:from="loc_GELTEarningsPerShareBasicAndDilutedAbstract" xlink:to="loc_GELTEarningsPerShareBasicAndDiluted" xlink:type="arc" />
      <link:loc xlink:type="locator" xlink:href="http://xbrl.fasb.org/us-gaap/2012/elts/us-gaap-2012-01-31.xsd#us-gaap_WeightedAverageNumberOfShareOutstandingBasicAndDiluted" xlink:label="loc_GELTWeightedAverageNumberOfShareOutstandingBasicAndDiluted" />
      <link:presentationArc order="150" xlink:arcrole="http://www.xbrl.org/2003/arcrole/parent-child" xlink:from="loc_GELTEarningsPerShareBasicAndDilutedAbstract" xlink:to="loc_GELTWeightedAverageNumberOfShareOutstandingBasicAndDiluted" xlink:type="arc" />
    </link:presentationLink>
    <link:presentationLink xlink:type="extended" xlink:role="http://gelotology.com/role/StatementOfStockholdersEquity" xlink:title="0005 - Statement - STATEMENT OF STOCKHOLDERS' EQUITY">
      <link:loc xlink:type="locator" xlink:href="http://xbrl.fasb.org/us-gaap/2012/elts/us-gaap-2012-01-31.xsd#us-gaap_StatementOfStockholdersEquityAbstract" xlink:label="loc_GELTStatementOfStockholdersEquityAbstract" />
      <link:loc xlink:type="locator" xlink:href="http://xbrl.fasb.org/us-gaap/2012/elts/us-gaap-2012-01-31.xsd#us-gaap_StatementTable" xlink:label="loc_GELTStatementTable" />
      <link:presentationArc xlink:type="arc" xlink:arcrole="http://www.xbrl.org/2003/arcrole/parent-child" xlink:from="loc_GELTStatementOfStockholdersEquityAbstract" xlink:to="loc_GELTStatementTable" order="100" />
      <link:loc xlink:type="locator" xlink:href="http://xbrl.fasb.org/us-gaap/2012/elts/us-gaap-2012-01-31.xsd#us-gaap_StatementLineItems" xlink:label="loc_GELTStatementLineItems" />
      <link:presentationArc xlink:type="arc" xlink:arcrole="http://www.xbrl.org/2003/arcrole/parent-child" xlink:from="loc_GELTStatementTable" xlink:to="loc_GELTStatementLineItems" order="200" />
      <link:loc xlink:type="locator" xlink:href="http://xbrl.fasb.org/us-gaap/2012/elts/us-gaap-2012-01-31.xsd#us-gaap_StatementEquityComponentsAxis" xlink:label="loc_GELTStatementEquityComponentsAxis" />
      <link:presentationArc xlink:type="arc" xlink:arcrole="http://www.xbrl.org/2003/arcrole/parent-child" xlink:from="loc_GELTStatementTable" xlink:to="loc_GELTStatementEquityComponentsAxis" order="10" />
      <link:loc xlink:type="locator" xlink:href="http://xbrl.fasb.org/us-gaap/2012/elts/us-gaap-2012-01-31.xsd#us-gaap_EquityComponentDomain" xlink:label="loc_GELTEquityComponentDomain" />
      <link:presentationArc xlink:type="arc" xlink:arcrole="http://www.xbrl.org/2003/arcrole/parent-child" xlink:from="loc_GELTStatementEquityComponentsAxis" xlink:to="loc_GELTEquityComponentDomain" order="310" />
      <link:loc xlink:type="locator" xlink:href="http://xbrl.fasb.org/us-gaap/2012/elts/us-gaap-2012-01-31.xsd#us-gaap_CommonStockMember" xlink:label="loc_GELTCommonStockMember" />
      <link:presentationArc xlink:type="arc" xlink:arcrole="http://www.xbrl.org/2003/arcrole/parent-child" xlink:from="loc_GELTStatementEquityComponentsAxis" xlink:to="loc_GELTCommonStockMember" order="10" />
      <link:loc xlink:type="locator" xlink:href="http://xbrl.fasb.org/us-gaap/2012/elts/us-gaap-2012-01-31.xsd#us-gaap_AdditionalPaidInCapitalMember" xlink:label="loc_GELTAdditionalPaidInCapitalMember" />
      <link:presentationArc xlink:type="arc" xlink:arcrole="http://www.xbrl.org/2003/arcrole/parent-child" xlink:from="loc_GELTStatementEquityComponentsAxis" xlink:to="loc_GELTAdditionalPaidInCapitalMember" order="110" />
      <link:loc xlink:type="locator" xlink:href="http://xbrl.fasb.org/us-gaap/2012/elts/us-gaap-2012-01-31.xsd#us-gaap_RetainedEarningsMember" xlink:label="loc_GELTRetainedEarningsMember" />
      <link:presentationArc xlink:type="arc" xlink:arcrole="http://www.xbrl.org/2003/arcrole/parent-child" xlink:from="loc_GELTStatementEquityComponentsAxis" xlink:to="loc_GELTRetainedEarningsMember" order="210" />
      <link:loc xlink:type="locator" xlink:href="http://xbrl.fasb.org/us-gaap/2012/elts/us-gaap-2012-01-31.xsd#us-gaap_SharesOutstanding" xlink:label="loc_GELTSharesOutstanding" />
      <link:presentationArc order="20" xlink:arcrole="http://www.xbrl.org/2003/arcrole/parent-child" xlink:from="loc_GELTStatementLineItems" xlink:to="loc_GELTSharesOutstanding" xlink:type="arc" preferredLabel="http://www.xbrl.org/2003/role/periodStartLabel" />
      <link:loc xlink:type="locator" xlink:href="http://xbrl.fasb.org/us-gaap/2012/elts/us-gaap-2012-01-31.xsd#us-gaap_StockholdersEquity" xlink:label="loc_GELTStockholdersEquity" />
      <link:presentationArc order="30" xlink:arcrole="http://www.xbrl.org/2003/arcrole/parent-child" xlink:from="loc_GELTStatementLineItems" xlink:to="loc_GELTStockholdersEquity" xlink:type="arc" preferredLabel="http://www.xbrl.org/2003/role/periodStartLabel" />
      <link:loc xlink:type="locator" xlink:href="http://xbrl.fasb.org/us-gaap/2012/elts/us-gaap-2012-01-31.xsd#us-gaap_StockIssuedDuringPeriodSharesIssuedForCash" xlink:label="loc_GELTStockIssuedDuringPeriodSharesIssuedForCash" />
      <link:presentationArc order="40" xlink:arcrole="http://www.xbrl.org/2003/arcrole/parent-child" xlink:from="loc_GELTStatementLineItems" xlink:to="loc_GELTStockIssuedDuringPeriodSharesIssuedForCash" xlink:type="arc" />
      <link:loc xlink:type="locator" xlink:href="http://xbrl.fasb.org/us-gaap/2012/elts/us-gaap-2012-01-31.xsd#us-gaap_StockIssuedDuringPeriodValueIssuedForCash" xlink:label="loc_GELTStockIssuedDuringPeriodValueIssuedForCash" />
      <link:presentationArc order="50" xlink:arcrole="http://www.xbrl.org/2003/arcrole/parent-child" xlink:from="loc_GELTStatementLineItems" xlink:to="loc_GELTStockIssuedDuringPeriodValueIssuedForCash" xlink:type="arc" />
      <link:loc xlink:type="locator" xlink:href="http://xbrl.fasb.org/us-gaap/2012/elts/us-gaap-2012-01-31.xsd#us-gaap_StockIssuedDuringPeriodSharesNewIssues" xlink:label="loc_GELTStockIssuedDuringPeriodSharesNewIssues" />
      <link:presentationArc order="60" xlink:arcrole="http://www.xbrl.org/2003/arcrole/parent-child" xlink:from="loc_GELTStatementLineItems" xlink:to="loc_GELTStockIssuedDuringPeriodSharesNewIssues" xlink:type="arc" />
      <link:loc xlink:type="locator" xlink:href="http://xbrl.fasb.org/us-gaap/2012/elts/us-gaap-2012-01-31.xsd#us-gaap_StockIssuedDuringPeriodValueNewIssues" xlink:label="loc_GELTStockIssuedDuringPeriodValueNewIssues" />
      <link:presentationArc order="70" xlink:arcrole="http://www.xbrl.org/2003/arcrole/parent-child" xlink:from="loc_GELTStatementLineItems" xlink:to="loc_GELTStockIssuedDuringPeriodValueNewIssues" xlink:type="arc" />
      <link:loc xlink:type="locator" xlink:href="http://xbrl.fasb.org/us-gaap/2012/elts/us-gaap-2012-01-31.xsd#us-gaap_NetIncomeLoss" xlink:label="loc_GELTNetIncomeLoss" />
      <link:presentationArc order="80" xlink:arcrole="http://www.xbrl.org/2003/arcrole/parent-child" xlink:from="loc_GELTStatementLineItems" xlink:to="loc_GELTNetIncomeLoss" xlink:type="arc" />
      <link:loc xlink:type="locator" xlink:href="http://xbrl.fasb.org/us-gaap/2012/elts/us-gaap-2012-01-31.xsd#us-gaap_SharesOutstanding" xlink:label="loc_GELTSharesOutstanding_2" />
      <link:presentationArc order="100" xlink:arcrole="http://www.xbrl.org/2003/arcrole/parent-child" xlink:from="loc_GELTStatementLineItems" xlink:to="loc_GELTSharesOutstanding_2" xlink:type="arc" preferredLabel="http://www.xbrl.org/2003/role/periodEndLabel" />
      <link:loc xlink:type="locator" xlink:href="http://xbrl.fasb.org/us-gaap/2012/elts/us-gaap-2012-01-31.xsd#us-gaap_StockholdersEquity" xlink:label="loc_GELTStockholdersEquity_2" />
      <link:presentationArc order="110" xlink:arcrole="http://www.xbrl.org/2003/arcrole/parent-child" xlink:from="loc_GELTStatementLineItems" xlink:to="loc_GELTStockholdersEquity_2" xlink:type="arc" preferredLabel="http://www.xbrl.org/2003/role/periodEndLabel" />
    </link:presentationLink>
    <link:presentationLink xlink:type="extended" xlink:role="http://gelotology.com/role/StatementOfStockholdersEquityParenthetical" xlink:title="0006 - Statement - STATEMENT OF STOCKHOLDERS' EQUITY (Parenthetical)">
      <link:loc xlink:type="locator" xlink:href="http://xbrl.fasb.org/us-gaap/2012/elts/us-gaap-2012-01-31.xsd#us-gaap_StatementOfStockholdersEquityAbstract" xlink:label="loc_GELTStatementOfStockholdersEquityAbstract" />
      <link:loc xlink:type="locator" xlink:href="http://xbrl.fasb.org/us-gaap/2012/elts/us-gaap-2012-01-31.xsd#us-gaap_SaleOfStockPricePerShare" xlink:label="loc_GELTSaleOfStockPricePerShare" />
      <link:presentationArc order="0" xlink:arcrole="http://www.xbrl.org/2003/arcrole/parent-child" xlink:from="loc_GELTStatementOfStockholdersEquityAbstract" xlink:to="loc_GELTSaleOfStockPricePerShare" xlink:type="arc" />
    </link:presentationLink>
    <link:presentationLink xlink:type="extended" xlink:role="http://gelotology.com/role/StatementOfCashFlows" xlink:title="0007 - Statement - STATEMENT OF CASH FLOWS">
      <link:loc xlink:type="locator" xlink:href="http://xbrl.fasb.org/us-gaap/2012/elts/us-gaap-2012-01-31.xsd#us-gaap_StatementOfCashFlowsAbstract" xlink:label="loc_GELTStatementOfCashFlowsAbstract" />
      <link:loc xlink:type="locator" xlink:href="http://xbrl.fasb.org/us-gaap/2012/elts/us-gaap-2012-01-31.xsd#us-gaap_NetCashProvidedByUsedInOperatingActivitiesAbstract" xlink:label="loc_GELTNetCashProvidedByUsedInOperatingActivitiesAbstract" />
      <link:presentationArc order="0" xlink:arcrole="http://www.xbrl.org/2003/arcrole/parent-child" xlink:from="loc_GELTStatementOfCashFlowsAbstract" xlink:to="loc_GELTNetCashProvidedByUsedInOperatingActivitiesAbstract" xlink:type="arc" />
      <link:loc xlink:type="locator" xlink:href="http://xbrl.fasb.org/us-gaap/2012/elts/us-gaap-2012-01-31.xsd#us-gaap_NetIncomeLoss" xlink:label="loc_GELTNetIncomeLoss" />
      <link:presentationArc order="10" xlink:arcrole="http://www.xbrl.org/2003/arcrole/parent-child" xlink:from="loc_GELTNetCashProvidedByUsedInOperatingActivitiesAbstract" xlink:to="loc_GELTNetIncomeLoss" xlink:type="arc" preferredLabel="http://www.xbrl.org/2003/role/verboseLabel" />
      <link:loc xlink:type="locator" xlink:href="http://xbrl.fasb.org/us-gaap/2012/elts/us-gaap-2012-01-31.xsd#us-gaap_AdjustmentsToReconcileNetIncomeLossToCashProvidedByUsedInOperatingActivitiesAbstract" xlink:label="loc_GELTAdjustmentsToReconcileNetIncomeLossToCashProvidedByUsedInOperatingActivitiesAbstract" />
      <link:presentationArc order="20" xlink:arcrole="http://www.xbrl.org/2003/arcrole/parent-child" xlink:from="loc_GELTNetCashProvidedByUsedInOperatingActivitiesAbstract" xlink:to="loc_GELTAdjustmentsToReconcileNetIncomeLossToCashProvidedByUsedInOperatingActivitiesAbstract" xlink:type="arc" />
      <link:loc xlink:type="locator" xlink:href="http://xbrl.fasb.org/us-gaap/2012/elts/us-gaap-2012-01-31.xsd#us-gaap_IncreaseDecreaseInOperatingCapitalAbstract" xlink:label="loc_GELTIncreaseDecreaseInOperatingCapitalAbstract" />
      <link:presentationArc order="30" xlink:arcrole="http://www.xbrl.org/2003/arcrole/parent-child" xlink:from="loc_GELTAdjustmentsToReconcileNetIncomeLossToCashProvidedByUsedInOperatingActivitiesAbstract" xlink:to="loc_GELTIncreaseDecreaseInOperatingCapitalAbstract" xlink:type="arc" />
      <link:loc xlink:type="locator" xlink:href="http://xbrl.fasb.org/us-gaap/2012/elts/us-gaap-2012-01-31.xsd#us-gaap_IncreaseDecreaseInDeferredLiabilities" xlink:label="loc_GELTIncreaseDecreaseInDeferredLiabilities" />
      <link:presentationArc order="40" xlink:arcrole="http://www.xbrl.org/2003/arcrole/parent-child" xlink:from="loc_GELTIncreaseDecreaseInOperatingCapitalAbstract" xlink:to="loc_GELTIncreaseDecreaseInDeferredLiabilities" xlink:type="arc" />
      <link:loc xlink:type="locator" xlink:href="http://xbrl.fasb.org/us-gaap/2012/elts/us-gaap-2012-01-31.xsd#us-gaap_IncreaseDecreaseInPrepaidExpense" xlink:label="loc_GELTIncreaseDecreaseInPrepaidExpense" />
      <link:presentationArc order="50" xlink:arcrole="http://www.xbrl.org/2003/arcrole/parent-child" xlink:from="loc_GELTIncreaseDecreaseInOperatingCapitalAbstract" xlink:to="loc_GELTIncreaseDecreaseInPrepaidExpense" xlink:type="arc" />
      <link:loc xlink:type="locator" xlink:href="http://xbrl.fasb.org/us-gaap/2012/elts/us-gaap-2012-01-31.xsd#us-gaap_IncreaseDecreaseInAccountsPayableAndAccruedLiabilities" xlink:label="loc_GELTIncreaseDecreaseInAccountsPayableAndAccruedLiabilities" />
      <link:presentationArc order="60" xlink:arcrole="http://www.xbrl.org/2003/arcrole/parent-child" xlink:from="loc_GELTIncreaseDecreaseInOperatingCapitalAbstract" xlink:to="loc_GELTIncreaseDecreaseInAccountsPayableAndAccruedLiabilities" xlink:type="arc" />
      <link:loc xlink:type="locator" xlink:href="http://xbrl.fasb.org/us-gaap/2012/elts/us-gaap-2012-01-31.xsd#us-gaap_NetCashProvidedByUsedInOperatingActivities" xlink:label="loc_GELTNetCashProvidedByUsedInOperatingActivities" />
      <link:presentationArc order="70" xlink:arcrole="http://www.xbrl.org/2003/arcrole/parent-child" xlink:from="loc_GELTStatementOfCashFlowsAbstract" xlink:to="loc_GELTNetCashProvidedByUsedInOperatingActivities" xlink:type="arc" preferredLabel="http://www.xbrl.org/2003/role/totalLabel" />
      <link:loc xlink:type="locator" xlink:href="http://xbrl.fasb.org/us-gaap/2012/elts/us-gaap-2012-01-31.xsd#us-gaap_NetCashProvidedByUsedInInvestingActivitiesAbstract" xlink:label="loc_GELTNetCashProvidedByUsedInInvestingActivitiesAbstract" />
      <link:presentationArc order="80" xlink:arcrole="http://www.xbrl.org/2003/arcrole/parent-child" xlink:from="loc_GELTStatementOfCashFlowsAbstract" xlink:to="loc_GELTNetCashProvidedByUsedInInvestingActivitiesAbstract" xlink:type="arc" />
      <link:loc xlink:type="locator" xlink:href="http://xbrl.fasb.org/us-gaap/2012/elts/us-gaap-2012-01-31.xsd#us-gaap_NetCashProvidedByUsedInInvestingActivities" xlink:label="loc_GELTNetCashProvidedByUsedInInvestingActivities" />
      <link:presentationArc order="90" xlink:arcrole="http://www.xbrl.org/2003/arcrole/parent-child" xlink:from="loc_GELTStatementOfCashFlowsAbstract" xlink:to="loc_GELTNetCashProvidedByUsedInInvestingActivities" xlink:type="arc" />
      <link:loc xlink:type="locator" xlink:href="http://xbrl.fasb.org/us-gaap/2012/elts/us-gaap-2012-01-31.xsd#us-gaap_NetCashProvidedByUsedInFinancingActivitiesAbstract" xlink:label="loc_GELTNetCashProvidedByUsedInFinancingActivitiesAbstract" />
      <link:presentationArc order="100" xlink:arcrole="http://www.xbrl.org/2003/arcrole/parent-child" xlink:from="loc_GELTStatementOfCashFlowsAbstract" xlink:to="loc_GELTNetCashProvidedByUsedInFinancingActivitiesAbstract" xlink:type="arc" />
      <link:loc xlink:type="locator" xlink:href="http://xbrl.fasb.org/us-gaap/2012/elts/us-gaap-2012-01-31.xsd#us-gaap_ProceedsFromIssuanceOfCommonStock" xlink:label="loc_GELTProceedsFromIssuanceOfCommonStock" />
      <link:presentationArc order="110" xlink:arcrole="http://www.xbrl.org/2003/arcrole/parent-child" xlink:from="loc_GELTNetCashProvidedByUsedInFinancingActivitiesAbstract" xlink:to="loc_GELTProceedsFromIssuanceOfCommonStock" xlink:type="arc" />
      <link:loc xlink:type="locator" xlink:href="http://xbrl.fasb.org/us-gaap/2012/elts/us-gaap-2012-01-31.xsd#us-gaap_NetCashProvidedByUsedInFinancingActivities" xlink:label="loc_GELTNetCashProvidedByUsedInFinancingActivities" />
      <link:presentationArc order="120" xlink:arcrole="http://www.xbrl.org/2003/arcrole/parent-child" xlink:from="loc_GELTStatementOfCashFlowsAbstract" xlink:to="loc_GELTNetCashProvidedByUsedInFinancingActivities" xlink:type="arc" preferredLabel="http://www.xbrl.org/2003/role/totalLabel" />
      <link:loc xlink:type="locator" xlink:href="http://xbrl.fasb.org/us-gaap/2012/elts/us-gaap-2012-01-31.xsd#us-gaap_CashAndCashEquivalentsPeriodIncreaseDecrease" xlink:label="loc_GELTCashAndCashEquivalentsPeriodIncreaseDecrease" />
      <link:presentationArc order="130" xlink:arcrole="http://www.xbrl.org/2003/arcrole/parent-child" xlink:from="loc_GELTStatementOfCashFlowsAbstract" xlink:to="loc_GELTCashAndCashEquivalentsPeriodIncreaseDecrease" xlink:type="arc" preferredLabel="http://www.xbrl.org/2003/role/totalLabel" />
      <link:loc xlink:type="locator" xlink:href="http://xbrl.fasb.org/us-gaap/2012/elts/us-gaap-2012-01-31.xsd#us-gaap_CashAndCashEquivalentsAtCarryingValue" xlink:label="loc_GELTCashAndCashEquivalentsAtCarryingValue" />
      <link:presentationArc order="140" xlink:arcrole="http://www.xbrl.org/2003/arcrole/parent-child" xlink:from="loc_GELTStatementOfCashFlowsAbstract" xlink:to="loc_GELTCashAndCashEquivalentsAtCarryingValue" xlink:type="arc" preferredLabel="http://www.xbrl.org/2003/role/periodStartLabel" />
      <link:loc xlink:type="locator" xlink:href="http://xbrl.fasb.org/us-gaap/2012/elts/us-gaap-2012-01-31.xsd#us-gaap_CashAndCashEquivalentsAtCarryingValue" xlink:label="loc_GELTCashAndCashEquivalentsAtCarryingValue_2" />
      <link:presentationArc order="150" xlink:arcrole="http://www.xbrl.org/2003/arcrole/parent-child" xlink:from="loc_GELTStatementOfCashFlowsAbstract" xlink:to="loc_GELTCashAndCashEquivalentsAtCarryingValue_2" xlink:type="arc" preferredLabel="http://www.xbrl.org/2003/role/periodEndLabel" />
      <link:loc xlink:type="locator" xlink:href="http://xbrl.fasb.org/us-gaap/2012/elts/us-gaap-2012-01-31.xsd#us-gaap_SupplementalCashFlowInformationAbstract" xlink:label="loc_GELTSupplementalCashFlowInformationAbstract" />
      <link:presentationArc order="160" xlink:arcrole="http://www.xbrl.org/2003/arcrole/parent-child" xlink:from="loc_GELTStatementOfCashFlowsAbstract" xlink:to="loc_GELTSupplementalCashFlowInformationAbstract" xlink:type="arc" />
      <link:loc xlink:type="locator" xlink:href="http://xbrl.fasb.org/us-gaap/2012/elts/us-gaap-2012-01-31.xsd#us-gaap_InterestPaid" xlink:label="loc_GELTInterestPaid" />
      <link:presentationArc order="170" xlink:arcrole="http://www.xbrl.org/2003/arcrole/parent-child" xlink:from="loc_GELTSupplementalCashFlowInformationAbstract" xlink:to="loc_GELTInterestPaid" xlink:type="arc" />
      <link:loc xlink:type="locator" xlink:href="http://xbrl.fasb.org/us-gaap/2012/elts/us-gaap-2012-01-31.xsd#us-gaap_IncomeTaxesPaid" xlink:label="loc_GELTIncomeTaxesPaid" />
      <link:presentationArc order="180" xlink:arcrole="http://www.xbrl.org/2003/arcrole/parent-child" xlink:from="loc_GELTSupplementalCashFlowInformationAbstract" xlink:to="loc_GELTIncomeTaxesPaid" xlink:type="arc" />
    </link:presentationLink>
    <link:presentationLink xlink:type="extended" xlink:role="http://gelotology.com/role/SummaryOfSignificantAccountingPolicies" xlink:title="0008 - Disclosure - SUMMARY OF SIGNIFICANT ACCOUNTING POLICIES">
      <link:loc xlink:type="locator" xlink:href="gelt-20120630.xsd#GELT_NotesToFinancialStatementsAbstract" xlink:label="loc_GELTNotesToFinancialStatementsAbstract" />
      <link:loc xlink:type="locator" xlink:href="http://xbrl.fasb.org/us-gaap/2012/elts/us-gaap-2012-01-31.xsd#us-gaap_SignificantAccountingPoliciesTextBlock" xlink:label="loc_GELTSignificantAccountingPoliciesTextBlock" />
      <link:presentationArc order="0" xlink:arcrole="http://www.xbrl.org/2003/arcrole/parent-child" xlink:from="loc_GELTNotesToFinancialStatementsAbstract" xlink:to="loc_GELTSignificantAccountingPoliciesTextBlock" xlink:type="arc" />
    </link:presentationLink>
    <link:presentationLink xlink:type="extended" xlink:role="http://gelotology.com/role/DevelopmentStageActivitiesAndGoingConcern" xlink:title="0009 - Disclosure - DEVELOPMENT STAGE ACTIVITIES AND GOING CONCERN">
      <link:loc xlink:type="locator" xlink:href="gelt-20120630.xsd#GELT_NotesToFinancialStatementsAbstract" xlink:label="loc_GELTNotesToFinancialStatementsAbstract" />
      <link:loc xlink:type="locator" xlink:href="http://xbrl.fasb.org/us-gaap/2012/elts/us-gaap-2012-01-31.xsd#us-gaap_LiquidityDisclosureTextBlock" xlink:label="loc_GELTLiquidityDisclosureTextBlock" />
      <link:presentationArc order="0" xlink:arcrole="http://www.xbrl.org/2003/arcrole/parent-child" xlink:from="loc_GELTNotesToFinancialStatementsAbstract" xlink:to="loc_GELTLiquidityDisclosureTextBlock" xlink:type="arc" />
    </link:presentationLink>
    <link:presentationLink xlink:type="extended" xlink:role="http://gelotology.com/role/CommonStock" xlink:title="0010 - Disclosure - COMMON STOCK">
      <link:loc xlink:type="locator" xlink:href="gelt-20120630.xsd#GELT_NotesToFinancialStatementsAbstract" xlink:label="loc_GELTNotesToFinancialStatementsAbstract" />
      <link:loc xlink:type="locator" xlink:href="http://xbrl.fasb.org/us-gaap/2012/elts/us-gaap-2012-01-31.xsd#us-gaap_StockholdersEquityNoteDisclosureTextBlock" xlink:label="loc_GELTStockholdersEquityNoteDisclosureTextBlock" />
      <link:presentationArc order="0" xlink:arcrole="http://www.xbrl.org/2003/arcrole/parent-child" xlink:from="loc_GELTNotesToFinancialStatementsAbstract" xlink:to="loc_GELTStockholdersEquityNoteDisclosureTextBlock" xlink:type="arc" />
    </link:presentationLink>
    <link:presentationLink xlink:type="extended" xlink:role="http://gelotology.com/role/IncomeTaxes" xlink:title="0011 - Disclosure - INCOME TAXES">
      <link:loc xlink:type="locator" xlink:href="gelt-20120630.xsd#GELT_NotesToFinancialStatementsAbstract" xlink:label="loc_GELTNotesToFinancialStatementsAbstract" />
      <link:loc xlink:type="locator" xlink:href="http://xbrl.fasb.org/us-gaap/2012/elts/us-gaap-2012-01-31.xsd#us-gaap_IncomeTaxDisclosureTextBlock" xlink:label="loc_GELTIncomeTaxDisclosureTextBlock" />
      <link:presentationArc order="0" xlink:arcrole="http://www.xbrl.org/2003/arcrole/parent-child" xlink:from="loc_GELTNotesToFinancialStatementsAbstract" xlink:to="loc_GELTIncomeTaxDisclosureTextBlock" xlink:type="arc" />
    </link:presentationLink>
    <link:presentationLink xlink:type="extended" xlink:role="http://gelotology.com/role/RelatedPartyLoansAndTransactions" xlink:title="0012 - Disclosure - RELATED PARTY LOANS AND TRANSACTIONS">
      <link:loc xlink:type="locator" xlink:href="gelt-20120630.xsd#GELT_NotesToFinancialStatementsAbstract" xlink:label="loc_GELTNotesToFinancialStatementsAbstract" />
      <link:loc xlink:type="locator" xlink:href="http://xbrl.fasb.org/us-gaap/2012/elts/us-gaap-2012-01-31.xsd#us-gaap_RelatedPartyTransactionsDisclosureTextBlock" xlink:label="loc_GELTRelatedPartyTransactionsDisclosureTextBlock" />
      <link:presentationArc order="0" xlink:arcrole="http://www.xbrl.org/2003/arcrole/parent-child" xlink:from="loc_GELTNotesToFinancialStatementsAbstract" xlink:to="loc_GELTRelatedPartyTransactionsDisclosureTextBlock" xlink:type="arc" />
    </link:presentationLink>
    <link:presentationLink xlink:type="extended" xlink:role="http://gelotology.com/role/RecentAccountingPronouncement" xlink:title="0013 - Disclosure - RECENT ACCOUNTING PRONOUNCEMENT">
      <link:loc xlink:type="locator" xlink:href="gelt-20120630.xsd#GELT_NotesToFinancialStatementsAbstract" xlink:label="loc_GELTNotesToFinancialStatementsAbstract" />
      <link:loc xlink:type="locator" xlink:href="http://xbrl.fasb.org/us-gaap/2012/elts/us-gaap-2012-01-31.xsd#us-gaap_NewAccountingPronouncementsAndChangesInAccountingPrinciplesTextBlock" xlink:label="loc_GELTNewAccountingPronouncementsAndChangesInAccountingPrinciplesTextBlock" />
      <link:presentationArc order="0" xlink:arcrole="http://www.xbrl.org/2003/arcrole/parent-child" xlink:from="loc_GELTNotesToFinancialStatementsAbstract" xlink:to="loc_GELTNewAccountingPronouncementsAndChangesInAccountingPrinciplesTextBlock" xlink:type="arc" />
    </link:presentationLink>
    <link:presentationLink xlink:type="extended" xlink:role="http://gelotology.com/role/SummaryOfSignificantAccountingPoliciesPolicies" xlink:title="0014 - Disclosure - SUMMARY OF SIGNIFICANT ACCOUNTING POLICIES (Policies)">
      <link:loc xlink:type="locator" xlink:href="gelt-20120630.xsd#GELT_DisclosureSummaryOfSignificantAccountingPoliciesPoliciesAbstract" xlink:label="loc_GELTDisclosureSummaryOfSignificantAccountingPoliciesPoliciesAbstract" />
      <link:loc xlink:type="locator" xlink:href="http://xbrl.fasb.org/us-gaap/2012/elts/us-gaap-2012-01-31.xsd#us-gaap_BasisOfPresentationAndSignificantAccountingPoliciesTextBlock" xlink:label="loc_GELTBasisOfPresentationAndSignificantAccountingPoliciesTextBlock" />
      <link:presentationArc order="0" xlink:arcrole="http://www.xbrl.org/2003/arcrole/parent-child" xlink:from="loc_GELTDisclosureSummaryOfSignificantAccountingPoliciesPoliciesAbstract" xlink:to="loc_GELTBasisOfPresentationAndSignificantAccountingPoliciesTextBlock" xlink:type="arc" />
      <link:loc xlink:type="locator" xlink:href="http://xbrl.fasb.org/us-gaap/2012/elts/us-gaap-2012-01-31.xsd#us-gaap_QuarterlyFinancialInformationTextBlock" xlink:label="loc_GELTQuarterlyFinancialInformationTextBlock" />
      <link:presentationArc order="10" xlink:arcrole="http://www.xbrl.org/2003/arcrole/parent-child" xlink:from="loc_GELTDisclosureSummaryOfSignificantAccountingPoliciesPoliciesAbstract" xlink:to="loc_GELTQuarterlyFinancialInformationTextBlock" xlink:type="arc" />
      <link:loc xlink:type="locator" xlink:href="http://xbrl.fasb.org/us-gaap/2012/elts/us-gaap-2012-01-31.xsd#us-gaap_CashAndCashEquivalentsPolicyTextBlock" xlink:label="loc_GELTCashAndCashEquivalentsPolicyTextBlock" />
      <link:presentationArc order="20" xlink:arcrole="http://www.xbrl.org/2003/arcrole/parent-child" xlink:from="loc_GELTDisclosureSummaryOfSignificantAccountingPoliciesPoliciesAbstract" xlink:to="loc_GELTCashAndCashEquivalentsPolicyTextBlock" xlink:type="arc" />
      <link:loc xlink:type="locator" xlink:href="http://xbrl.fasb.org/us-gaap/2012/elts/us-gaap-2012-01-31.xsd#us-gaap_RevenueRecognitionPolicyTextBlock" xlink:label="loc_GELTRevenueRecognitionPolicyTextBlock" />
      <link:presentationArc order="30" xlink:arcrole="http://www.xbrl.org/2003/arcrole/parent-child" xlink:from="loc_GELTDisclosureSummaryOfSignificantAccountingPoliciesPoliciesAbstract" xlink:to="loc_GELTRevenueRecognitionPolicyTextBlock" xlink:type="arc" />
      <link:loc xlink:type="locator" xlink:href="http://xbrl.fasb.org/us-gaap/2012/elts/us-gaap-2012-01-31.xsd#us-gaap_EarningsPerSharePolicyTextBlock" xlink:label="loc_GELTEarningsPerSharePolicyTextBlock" />
      <link:presentationArc order="40" xlink:arcrole="http://www.xbrl.org/2003/arcrole/parent-child" xlink:from="loc_GELTDisclosureSummaryOfSignificantAccountingPoliciesPoliciesAbstract" xlink:to="loc_GELTEarningsPerSharePolicyTextBlock" xlink:type="arc" />
      <link:loc xlink:type="locator" xlink:href="http://xbrl.fasb.org/us-gaap/2012/elts/us-gaap-2012-01-31.xsd#us-gaap_IncomeTaxPolicyTextBlock" xlink:label="loc_GELTIncomeTaxPolicyTextBlock" />
      <link:presentationArc order="50" xlink:arcrole="http://www.xbrl.org/2003/arcrole/parent-child" xlink:from="loc_GELTDisclosureSummaryOfSignificantAccountingPoliciesPoliciesAbstract" xlink:to="loc_GELTIncomeTaxPolicyTextBlock" xlink:type="arc" preferredLabel="http://www.xbrl.org/2003/role/verboseLabel" />
      <link:loc xlink:type="locator" xlink:href="http://xbrl.fasb.org/us-gaap/2012/elts/us-gaap-2012-01-31.xsd#us-gaap_FairValueOfFinancialInstrumentsPolicy" xlink:label="loc_GELTFairValueOfFinancialInstrumentsPolicy" />
      <link:presentationArc order="60" xlink:arcrole="http://www.xbrl.org/2003/arcrole/parent-child" xlink:from="loc_GELTDisclosureSummaryOfSignificantAccountingPoliciesPoliciesAbstract" xlink:to="loc_GELTFairValueOfFinancialInstrumentsPolicy" xlink:type="arc" />
      <link:loc xlink:type="locator" xlink:href="http://xbrl.fasb.org/us-gaap/2012/elts/us-gaap-2012-01-31.xsd#us-gaap_DeferredChargesPolicyTextBlock" xlink:label="loc_GELTDeferredChargesPolicyTextBlock" />
      <link:presentationArc order="70" xlink:arcrole="http://www.xbrl.org/2003/arcrole/parent-child" xlink:from="loc_GELTDisclosureSummaryOfSignificantAccountingPoliciesPoliciesAbstract" xlink:to="loc_GELTDeferredChargesPolicyTextBlock" xlink:type="arc" />
      <link:loc xlink:type="locator" xlink:href="gelt-20120630.xsd#GELT_CommonStockRegistrationExpensesPolicy" xlink:label="loc_GELTCommonStockRegistrationExpensesPolicy" />
      <link:presentationArc order="80" xlink:arcrole="http://www.xbrl.org/2003/arcrole/parent-child" xlink:from="loc_GELTDisclosureSummaryOfSignificantAccountingPoliciesPoliciesAbstract" xlink:to="loc_GELTCommonStockRegistrationExpensesPolicy" xlink:type="arc" />
      <link:loc xlink:type="locator" xlink:href="http://xbrl.fasb.org/us-gaap/2012/elts/us-gaap-2012-01-31.xsd#us-gaap_LeasePolicyTextBlock" xlink:label="loc_GELTLeasePolicyTextBlock" />
      <link:presentationArc order="90" xlink:arcrole="http://www.xbrl.org/2003/arcrole/parent-child" xlink:from="loc_GELTDisclosureSummaryOfSignificantAccountingPoliciesPoliciesAbstract" xlink:to="loc_GELTLeasePolicyTextBlock" xlink:type="arc" />
      <link:loc xlink:type="locator" xlink:href="http://xbrl.fasb.org/us-gaap/2012/elts/us-gaap-2012-01-31.xsd#us-gaap_UseOfEstimates" xlink:label="loc_GELTUseOfEstimates" />
      <link:presentationArc order="100" xlink:arcrole="http://www.xbrl.org/2003/arcrole/parent-child" xlink:from="loc_GELTDisclosureSummaryOfSignificantAccountingPoliciesPoliciesAbstract" xlink:to="loc_GELTUseOfEstimates" xlink:type="arc" />
      <link:loc xlink:type="locator" xlink:href="http://xbrl.fasb.org/us-gaap/2012/elts/us-gaap-2012-01-31.xsd#us-gaap_FiscalPeriod" xlink:label="loc_GELTFiscalPeriod" />
      <link:presentationArc order="110" xlink:arcrole="http://www.xbrl.org/2003/arcrole/parent-child" xlink:from="loc_GELTDisclosureSummaryOfSignificantAccountingPoliciesPoliciesAbstract" xlink:to="loc_GELTFiscalPeriod" xlink:type="arc" />
    </link:presentationLink>
    <link:presentationLink xlink:type="extended" xlink:role="http://gelotology.com/role/IncomeTaxesTables" xlink:title="0015 - Disclosure - INCOME TAXES (Tables)">
      <link:loc xlink:type="locator" xlink:href="gelt-20120630.xsd#GELT_DisclosureIncomeTaxesTablesAbstract" xlink:label="loc_GELTDisclosureIncomeTaxesTablesAbstract" />
      <link:loc xlink:type="locator" xlink:href="http://xbrl.fasb.org/us-gaap/2012/elts/us-gaap-2012-01-31.xsd#us-gaap_ScheduleOfComponentsOfIncomeTaxExpenseBenefitTableTextBlock" xlink:label="loc_GELTScheduleOfComponentsOfIncomeTaxExpenseBenefitTableTextBlock" />
      <link:presentationArc order="0" xlink:arcrole="http://www.xbrl.org/2003/arcrole/parent-child" xlink:from="loc_GELTDisclosureIncomeTaxesTablesAbstract" xlink:to="loc_GELTScheduleOfComponentsOfIncomeTaxExpenseBenefitTableTextBlock" xlink:type="arc" />
      <link:loc xlink:type="locator" xlink:href="http://xbrl.fasb.org/us-gaap/2012/elts/us-gaap-2012-01-31.xsd#us-gaap_ScheduleOfDeferredTaxAssetsAndLiabilitiesTableTextBlock" xlink:label="loc_GELTScheduleOfDeferredTaxAssetsAndLiabilitiesTableTextBlock" />
      <link:presentationArc order="10" xlink:arcrole="http://www.xbrl.org/2003/arcrole/parent-child" xlink:from="loc_GELTDisclosureIncomeTaxesTablesAbstract" xlink:to="loc_GELTScheduleOfDeferredTaxAssetsAndLiabilitiesTableTextBlock" xlink:type="arc" />
    </link:presentationLink>
    <link:presentationLink xlink:type="extended" xlink:role="http://gelotology.com/role/ProvisionForIncomeTaxDetails" xlink:title="0016 - Disclosure - PROVISION FOR INCOME TAX (Details)">
      <link:loc xlink:type="locator" xlink:href="gelt-20120630.xsd#GELT_DisclosureIncomeTaxesDetailsAbstract" xlink:label="loc_GELTDisclosureIncomeTaxesDetailsAbstract" />
      <link:loc xlink:type="locator" xlink:href="http://xbrl.fasb.org/us-gaap/2012/elts/us-gaap-2012-01-31.xsd#us-gaap_CurrentIncomeTaxExpenseBenefitAbstract" xlink:label="loc_GELTCurrentIncomeTaxExpenseBenefitAbstract" />
      <link:presentationArc order="0" xlink:arcrole="http://www.xbrl.org/2003/arcrole/parent-child" xlink:from="loc_GELTDisclosureIncomeTaxesDetailsAbstract" xlink:to="loc_GELTCurrentIncomeTaxExpenseBenefitAbstract" xlink:type="arc" />
      <link:loc xlink:type="locator" xlink:href="http://xbrl.fasb.org/us-gaap/2012/elts/us-gaap-2012-01-31.xsd#us-gaap_IncomeLossFromContinuingOperationsBeforeIncomeTaxesExtraordinaryItemsNoncontrollingInterest" xlink:label="loc_GELTIncomeLossFromContinuingOperationsBeforeIncomeTaxesExtraordinaryItemsNoncontrollingInterest" />
      <link:presentationArc order="10" xlink:arcrole="http://www.xbrl.org/2003/arcrole/parent-child" xlink:from="loc_GELTCurrentIncomeTaxExpenseBenefitAbstract" xlink:to="loc_GELTIncomeLossFromContinuingOperationsBeforeIncomeTaxesExtraordinaryItemsNoncontrollingInterest" xlink:type="arc" />
      <link:loc xlink:type="locator" xlink:href="http://xbrl.fasb.org/us-gaap/2012/elts/us-gaap-2012-01-31.xsd#us-gaap_CurrentFederalTaxExpenseBenefit" xlink:label="loc_GELTCurrentFederalTaxExpenseBenefit" />
      <link:presentationArc order="20" xlink:arcrole="http://www.xbrl.org/2003/arcrole/parent-child" xlink:from="loc_GELTCurrentIncomeTaxExpenseBenefitAbstract" xlink:to="loc_GELTCurrentFederalTaxExpenseBenefit" xlink:type="arc" />
      <link:loc xlink:type="locator" xlink:href="http://xbrl.fasb.org/us-gaap/2012/elts/us-gaap-2012-01-31.xsd#us-gaap_DeferredIncomeTaxExpenseBenefitAbstract" xlink:label="loc_GELTDeferredIncomeTaxExpenseBenefitAbstract" />
      <link:presentationArc order="30" xlink:arcrole="http://www.xbrl.org/2003/arcrole/parent-child" xlink:from="loc_GELTDisclosureIncomeTaxesDetailsAbstract" xlink:to="loc_GELTDeferredIncomeTaxExpenseBenefitAbstract" xlink:type="arc" />
      <link:loc xlink:type="locator" xlink:href="http://xbrl.fasb.org/us-gaap/2012/elts/us-gaap-2012-01-31.xsd#us-gaap_OperatingLossCarryforwards" xlink:label="loc_GELTOperatingLossCarryforwards" />
      <link:presentationArc order="40" xlink:arcrole="http://www.xbrl.org/2003/arcrole/parent-child" xlink:from="loc_GELTDeferredIncomeTaxExpenseBenefitAbstract" xlink:to="loc_GELTOperatingLossCarryforwards" xlink:type="arc" preferredLabel="http://www.xbrl.org/2003/role/periodEndLabel" />
      <link:loc xlink:type="locator" xlink:href="http://xbrl.fasb.org/us-gaap/2012/elts/us-gaap-2012-01-31.xsd#us-gaap_ValuationAllowanceDeferredTaxAssetChangeInAmount" xlink:label="loc_GELTValuationAllowanceDeferredTaxAssetChangeInAmount" />
      <link:presentationArc order="50" xlink:arcrole="http://www.xbrl.org/2003/arcrole/parent-child" xlink:from="loc_GELTDeferredIncomeTaxExpenseBenefitAbstract" xlink:to="loc_GELTValuationAllowanceDeferredTaxAssetChangeInAmount" xlink:type="arc" preferredLabel="http://www.xbrl.org/2009/role/negatedLabel" />
      <link:loc xlink:type="locator" xlink:href="http://xbrl.fasb.org/us-gaap/2012/elts/us-gaap-2012-01-31.xsd#us-gaap_DeferredFederalIncomeTaxExpenseBenefit" xlink:label="loc_GELTDeferredFederalIncomeTaxExpenseBenefit" />
      <link:presentationArc order="60" xlink:arcrole="http://www.xbrl.org/2003/arcrole/parent-child" xlink:from="loc_GELTDeferredIncomeTaxExpenseBenefitAbstract" xlink:to="loc_GELTDeferredFederalIncomeTaxExpenseBenefit" xlink:type="arc" />
    </link:presentationLink>
    <link:presentationLink xlink:type="extended" xlink:role="http://gelotology.com/role/DeferredIncomeTaxAssetsDetails" xlink:title="0017 - Disclosure - DEFERRED INCOME TAX ASSETS (Details)">
      <link:loc xlink:type="locator" xlink:href="gelt-20120630.xsd#GELT_DisclosureDeferredIncomeTaxAssetsDetailsAbstract" xlink:label="loc_GELTDisclosureDeferredIncomeTaxAssetsDetailsAbstract" />
      <link:loc xlink:type="locator" xlink:href="http://xbrl.fasb.org/us-gaap/2012/elts/us-gaap-2012-01-31.xsd#us-gaap_DeferredTaxAssetsOperatingLossCarryforwards" xlink:label="loc_GELTDeferredTaxAssetsOperatingLossCarryforwards" />
      <link:presentationArc order="0" xlink:arcrole="http://www.xbrl.org/2003/arcrole/parent-child" xlink:from="loc_GELTDisclosureDeferredIncomeTaxAssetsDetailsAbstract" xlink:to="loc_GELTDeferredTaxAssetsOperatingLossCarryforwards" xlink:type="arc" />
      <link:loc xlink:type="locator" xlink:href="http://xbrl.fasb.org/us-gaap/2012/elts/us-gaap-2012-01-31.xsd#us-gaap_DeferredTaxAssetsValuationAllowance" xlink:label="loc_GELTDeferredTaxAssetsValuationAllowance" />
      <link:presentationArc order="10" xlink:arcrole="http://www.xbrl.org/2003/arcrole/parent-child" xlink:from="loc_GELTDisclosureDeferredIncomeTaxAssetsDetailsAbstract" xlink:to="loc_GELTDeferredTaxAssetsValuationAllowance" xlink:type="arc" preferredLabel="http://www.xbrl.org/2009/role/negatedLabel" />
      <link:loc xlink:type="locator" xlink:href="http://xbrl.fasb.org/us-gaap/2012/elts/us-gaap-2012-01-31.xsd#us-gaap_DeferredTaxAssetsNet" xlink:label="loc_GELTDeferredTaxAssetsNet" />
      <link:presentationArc order="20" xlink:arcrole="http://www.xbrl.org/2003/arcrole/parent-child" xlink:from="loc_GELTDisclosureDeferredIncomeTaxAssetsDetailsAbstract" xlink:to="loc_GELTDeferredTaxAssetsNet" xlink:type="arc" preferredLabel="http://www.xbrl.org/2003/role/totalLabel" />
    </link:presentationLink>
    <link:presentationLink xlink:type="extended" xlink:role="http://gelotology.com/role/CommonStockNarrativeDetails" xlink:title="0018 - Disclosure - COMMON STOCK (Narrative) (Details)">
      <link:loc xlink:type="locator" xlink:href="gelt-20120630.xsd#GELT_DisclosureCommonStockNarrativeDetailsAbstract" xlink:label="loc_GELTDisclosureCommonStockNarrativeDetailsAbstract" />
      <link:loc xlink:type="locator" xlink:href="http://xbrl.fasb.org/us-gaap/2012/elts/us-gaap-2012-01-31.xsd#us-gaap_ScheduleOfRelatedPartyTransactionsByRelatedPartyTable" xlink:label="loc_GELTScheduleOfRelatedPartyTransactionsByRelatedPartyTable" />
      <link:presentationArc xlink:type="arc" xlink:arcrole="http://www.xbrl.org/2003/arcrole/parent-child" xlink:from="loc_GELTDisclosureCommonStockNarrativeDetailsAbstract" xlink:to="loc_GELTScheduleOfRelatedPartyTransactionsByRelatedPartyTable" order="100" />
      <link:loc xlink:type="locator" xlink:href="http://xbrl.fasb.org/us-gaap/2012/elts/us-gaap-2012-01-31.xsd#us-gaap_RelatedPartyTransactionLineItems" xlink:label="loc_GELTRelatedPartyTransactionLineItems" />
      <link:presentationArc xlink:type="arc" xlink:arcrole="http://www.xbrl.org/2003/arcrole/parent-child" xlink:from="loc_GELTScheduleOfRelatedPartyTransactionsByRelatedPartyTable" xlink:to="loc_GELTRelatedPartyTransactionLineItems" order="200" />
      <link:loc xlink:type="locator" xlink:href="http://xbrl.fasb.org/us-gaap/2012/elts/us-gaap-2012-01-31.xsd#us-gaap_RelatedPartyTransactionsByRelatedPartyAxis" xlink:label="loc_GELTRelatedPartyTransactionsByRelatedPartyAxis" />
      <link:presentationArc xlink:type="arc" xlink:arcrole="http://www.xbrl.org/2003/arcrole/parent-child" xlink:from="loc_GELTScheduleOfRelatedPartyTransactionsByRelatedPartyTable" xlink:to="loc_GELTRelatedPartyTransactionsByRelatedPartyAxis" order="10" />
      <link:loc xlink:type="locator" xlink:href="http://xbrl.fasb.org/us-gaap/2012/elts/us-gaap-2012-01-31.xsd#us-gaap_RelatedPartyDomain" xlink:label="loc_GELTRelatedPartyDomain" />
      <link:presentationArc xlink:type="arc" xlink:arcrole="http://www.xbrl.org/2003/arcrole/parent-child" xlink:from="loc_GELTRelatedPartyTransactionsByRelatedPartyAxis" xlink:to="loc_GELTRelatedPartyDomain" order="0" />
      <link:loc xlink:type="locator" xlink:href="http://xbrl.fasb.org/us-gaap/2012/elts/us-gaap-2012-01-31.xsd#us-gaap_DirectorMember" xlink:label="loc_GELTDirectorMember" />
      <link:presentationArc xlink:type="arc" xlink:arcrole="http://www.xbrl.org/2003/arcrole/parent-child" xlink:from="loc_GELTRelatedPartyDomain" xlink:to="loc_GELTDirectorMember" order="10" />
      <link:loc xlink:type="locator" xlink:href="http://xbrl.fasb.org/us-gaap/2012/elts/us-gaap-2012-01-31.xsd#us-gaap_SharesIssued" xlink:label="loc_GELTSharesIssued" />
      <link:presentationArc order="10" xlink:arcrole="http://www.xbrl.org/2003/arcrole/parent-child" xlink:from="loc_GELTRelatedPartyTransactionLineItems" xlink:to="loc_GELTSharesIssued" xlink:type="arc" />
      <link:loc xlink:type="locator" xlink:href="http://xbrl.fasb.org/us-gaap/2012/elts/us-gaap-2012-01-31.xsd#us-gaap_CommonStockShareSubscribedButUnissuedSubscriptionsReceivable" xlink:label="loc_GELTCommonStockShareSubscribedButUnissuedSubscriptionsReceivable" />
      <link:presentationArc order="20" xlink:arcrole="http://www.xbrl.org/2003/arcrole/parent-child" xlink:from="loc_GELTRelatedPartyTransactionLineItems" xlink:to="loc_GELTCommonStockShareSubscribedButUnissuedSubscriptionsReceivable" xlink:type="arc" />
      <link:loc xlink:type="locator" xlink:href="gelt-20120630.xsd#GELT_SharesOfferedS1" xlink:label="loc_GELTSharesOfferedS1" />
      <link:presentationArc order="30" xlink:arcrole="http://www.xbrl.org/2003/arcrole/parent-child" xlink:from="loc_GELTRelatedPartyTransactionLineItems" xlink:to="loc_GELTSharesOfferedS1" xlink:type="arc" />
      <link:loc xlink:type="locator" xlink:href="gelt-20120630.xsd#GELT_ShareValueOfferedS1" xlink:label="loc_GELTShareValueOfferedS1" />
      <link:presentationArc order="40" xlink:arcrole="http://www.xbrl.org/2003/arcrole/parent-child" xlink:from="loc_GELTRelatedPartyTransactionLineItems" xlink:to="loc_GELTShareValueOfferedS1" xlink:type="arc" />
      <link:loc xlink:type="locator" xlink:href="http://xbrl.fasb.org/us-gaap/2012/elts/us-gaap-2012-01-31.xsd#us-gaap_SaleOfStockPricePerShare" xlink:label="loc_GELTSaleOfStockPricePerShare" />
      <link:presentationArc order="50" xlink:arcrole="http://www.xbrl.org/2003/arcrole/parent-child" xlink:from="loc_GELTRelatedPartyTransactionLineItems" xlink:to="loc_GELTSaleOfStockPricePerShare" xlink:type="arc" preferredLabel="http://www.xbrl.org/2003/role/verboseLabel" />
      <link:loc xlink:type="locator" xlink:href="http://xbrl.fasb.org/us-gaap/2012/elts/us-gaap-2012-01-31.xsd#us-gaap_ProceedsFromIssuanceOfCommonStock" xlink:label="loc_GELTProceedsFromIssuanceOfCommonStock" />
      <link:presentationArc order="60" xlink:arcrole="http://www.xbrl.org/2003/arcrole/parent-child" xlink:from="loc_GELTRelatedPartyTransactionLineItems" xlink:to="loc_GELTProceedsFromIssuanceOfCommonStock" xlink:type="arc" />
      <link:loc xlink:type="locator" xlink:href="http://xbrl.fasb.org/us-gaap/2012/elts/us-gaap-2012-01-31.xsd#us-gaap_LegalFees" xlink:label="loc_GELTLegalFees" />
      <link:presentationArc order="70" xlink:arcrole="http://www.xbrl.org/2003/arcrole/parent-child" xlink:from="loc_GELTRelatedPartyTransactionLineItems" xlink:to="loc_GELTLegalFees" xlink:type="arc" />
    </link:presentationLink>
    <link:presentationLink xlink:type="extended" xlink:role="http://gelotology.com/role/RelatedPartyLoansAndTransactionsNarrativeDetails" xlink:title="0019 - Disclosure - RELATED PARTY LOANS AND TRANSACTIONS (Narrative) (Details)">
      <link:loc xlink:type="locator" xlink:href="gelt-20120630.xsd#GELT_DisclosureRelatedPartyLoansAndTransactionsNarrativeDetailsAbstract" xlink:label="loc_GELTDisclosureRelatedPartyLoansAndTransactionsNarrativeDetailsAbstract" />
      <link:loc xlink:type="locator" xlink:href="http://xbrl.fasb.org/us-gaap/2012/elts/us-gaap-2012-01-31.xsd#us-gaap_ScheduleOfRelatedPartyTransactionsByRelatedPartyTable" xlink:label="loc_GELTScheduleOfRelatedPartyTransactionsByRelatedPartyTable" />
      <link:presentationArc xlink:type="arc" xlink:arcrole="http://www.xbrl.org/2003/arcrole/parent-child" xlink:from="loc_GELTDisclosureRelatedPartyLoansAndTransactionsNarrativeDetailsAbstract" xlink:to="loc_GELTScheduleOfRelatedPartyTransactionsByRelatedPartyTable" order="100" />
      <link:loc xlink:type="locator" xlink:href="http://xbrl.fasb.org/us-gaap/2012/elts/us-gaap-2012-01-31.xsd#us-gaap_RelatedPartyTransactionLineItems" xlink:label="loc_GELTRelatedPartyTransactionLineItems" />
      <link:presentationArc xlink:type="arc" xlink:arcrole="http://www.xbrl.org/2003/arcrole/parent-child" xlink:from="loc_GELTScheduleOfRelatedPartyTransactionsByRelatedPartyTable" xlink:to="loc_GELTRelatedPartyTransactionLineItems" order="200" />
      <link:loc xlink:type="locator" xlink:href="http://xbrl.fasb.org/us-gaap/2012/elts/us-gaap-2012-01-31.xsd#us-gaap_RelatedPartyTransactionsByRelatedPartyAxis" xlink:label="loc_GELTRelatedPartyTransactionsByRelatedPartyAxis" />
      <link:presentationArc xlink:type="arc" xlink:arcrole="http://www.xbrl.org/2003/arcrole/parent-child" xlink:from="loc_GELTScheduleOfRelatedPartyTransactionsByRelatedPartyTable" xlink:to="loc_GELTRelatedPartyTransactionsByRelatedPartyAxis" order="10" />
      <link:loc xlink:type="locator" xlink:href="http://xbrl.fasb.org/us-gaap/2012/elts/us-gaap-2012-01-31.xsd#us-gaap_RelatedPartyDomain" xlink:label="loc_GELTRelatedPartyDomain" />
      <link:presentationArc xlink:type="arc" xlink:arcrole="http://www.xbrl.org/2003/arcrole/parent-child" xlink:from="loc_GELTRelatedPartyTransactionsByRelatedPartyAxis" xlink:to="loc_GELTRelatedPartyDomain" order="0" />
      <link:loc xlink:type="locator" xlink:href="http://xbrl.fasb.org/us-gaap/2012/elts/us-gaap-2012-01-31.xsd#us-gaap_OfficerMember" xlink:label="loc_GELTOfficerMember" />
      <link:presentationArc xlink:type="arc" xlink:arcrole="http://www.xbrl.org/2003/arcrole/parent-child" xlink:from="loc_GELTRelatedPartyDomain" xlink:to="loc_GELTOfficerMember" order="10" />
      <link:loc xlink:type="locator" xlink:href="http://xbrl.fasb.org/us-gaap/2012/elts/us-gaap-2012-01-31.xsd#us-gaap_RelatedPartyTransactionAmountsOfTransaction" xlink:label="loc_GELTRelatedPartyTransactionAmountsOfTransaction" />
      <link:presentationArc order="10" xlink:arcrole="http://www.xbrl.org/2003/arcrole/parent-child" xlink:from="loc_GELTRelatedPartyTransactionLineItems" xlink:to="loc_GELTRelatedPartyTransactionAmountsOfTransaction" xlink:type="arc" />
      <link:loc xlink:type="locator" xlink:href="http://xbrl.fasb.org/us-gaap/2012/elts/us-gaap-2012-01-31.xsd#us-gaap_DueToRelatedPartiesCurrent" xlink:label="loc_GELTDueToRelatedPartiesCurrent" />
      <link:presentationArc order="20" xlink:arcrole="http://www.xbrl.org/2003/arcrole/parent-child" xlink:from="loc_GELTRelatedPartyTransactionLineItems" xlink:to="loc_GELTDueToRelatedPartiesCurrent" xlink:type="arc" />
    </link:presentationLink>
</link:linkbase>
