<?xml version="1.0" encoding="US-ASCII" standalone="no"?>
    <!-- Field: Doc-Info; Name: Generator; Value: GoFiler Complete; Version: 3.4b -->
    <!-- Field: Doc-Info; Name: VendorURI; Value: http://www.novaworks.co -->
    <!-- Field: Doc-Info; Name: Source; Value: gelt%2D20120630_v4.xfr; Date: 2013/01/30T17:41:46 -->
    <!-- Field: Doc-Info; Name: Status; Value: 0x80050000 -->
<link:linkbase xmlns:xsi="http://www.w3.org/2001/XMLSchema-instance" xmlns:xlink="http://www.w3.org/1999/xlink" xmlns:link="http://www.xbrl.org/2003/linkbase" xmlns:xbrli="http://www.xbrl.org/2003/instance" xsi:schemaLocation="http://www.xbrl.org/2003/linkbase http://www.xbrl.org/2003/xbrl-linkbase-2003-12-31.xsd">
    <link:roleRef roleURI="http://gelotology.com/role/DocumentAndEntityInformation" xlink:href="gelt-20120630.xsd#DocumentAndEntityInformation" xlink:type="simple" />
    <link:roleRef roleURI="http://gelotology.com/role/StatementOfBalanceSheet" xlink:href="gelt-20120630.xsd#StatementOfBalanceSheet" xlink:type="simple" />
    <link:roleRef roleURI="http://gelotology.com/role/StatementOfBalanceSheetParenthetical" xlink:href="gelt-20120630.xsd#StatementOfBalanceSheetParenthetical" xlink:type="simple" />
    <link:roleRef roleURI="http://gelotology.com/role/StatementOfOperations" xlink:href="gelt-20120630.xsd#StatementOfOperations" xlink:type="simple" />
    <link:roleRef roleURI="http://gelotology.com/role/StatementOfStockholdersEquity" xlink:href="gelt-20120630.xsd#StatementOfStockholdersEquity" xlink:type="simple" />
    <link:roleRef roleURI="http://gelotology.com/role/StatementOfStockholdersEquityParenthetical" xlink:href="gelt-20120630.xsd#StatementOfStockholdersEquityParenthetical" xlink:type="simple" />
    <link:roleRef roleURI="http://gelotology.com/role/StatementOfCashFlows" xlink:href="gelt-20120630.xsd#StatementOfCashFlows" xlink:type="simple" />
    <link:roleRef roleURI="http://gelotology.com/role/SummaryOfSignificantAccountingPolicies" xlink:href="gelt-20120630.xsd#SummaryOfSignificantAccountingPolicies" xlink:type="simple" />
    <link:roleRef roleURI="http://gelotology.com/role/DevelopmentStageActivitiesAndGoingConcern" xlink:href="gelt-20120630.xsd#DevelopmentStageActivitiesAndGoingConcern" xlink:type="simple" />
    <link:roleRef roleURI="http://gelotology.com/role/CommonStock" xlink:href="gelt-20120630.xsd#CommonStock" xlink:type="simple" />
    <link:roleRef roleURI="http://gelotology.com/role/IncomeTaxes" xlink:href="gelt-20120630.xsd#IncomeTaxes" xlink:type="simple" />
    <link:roleRef roleURI="http://gelotology.com/role/RelatedPartyLoansAndTransactions" xlink:href="gelt-20120630.xsd#RelatedPartyLoansAndTransactions" xlink:type="simple" />
    <link:roleRef roleURI="http://gelotology.com/role/RecentAccountingPronouncement" xlink:href="gelt-20120630.xsd#RecentAccountingPronouncement" xlink:type="simple" />
    <link:roleRef roleURI="http://gelotology.com/role/SummaryOfSignificantAccountingPoliciesPolicies" xlink:href="gelt-20120630.xsd#SummaryOfSignificantAccountingPoliciesPolicies" xlink:type="simple" />
    <link:roleRef roleURI="http://gelotology.com/role/IncomeTaxesTables" xlink:href="gelt-20120630.xsd#IncomeTaxesTables" xlink:type="simple" />
    <link:roleRef roleURI="http://gelotology.com/role/ProvisionForIncomeTaxDetails" xlink:href="gelt-20120630.xsd#ProvisionForIncomeTaxDetails" xlink:type="simple" />
    <link:roleRef roleURI="http://gelotology.com/role/DeferredIncomeTaxAssetsDetails" xlink:href="gelt-20120630.xsd#DeferredIncomeTaxAssetsDetails" xlink:type="simple" />
    <link:roleRef roleURI="http://gelotology.com/role/CommonStockNarrativeDetails" xlink:href="gelt-20120630.xsd#CommonStockNarrativeDetails" xlink:type="simple" />
    <link:roleRef roleURI="http://gelotology.com/role/RelatedPartyLoansAndTransactionsNarrativeDetails" xlink:href="gelt-20120630.xsd#RelatedPartyLoansAndTransactionsNarrativeDetails" xlink:type="simple" />
    <link:calculationLink xlink:type="extended" xlink:role="http://gelotology.com/role/DocumentAndEntityInformation" xlink:title="0001 - Document - Document and Entity Information" />
    <link:calculationLink xlink:type="extended" xlink:role="http://gelotology.com/role/StatementOfBalanceSheet" xlink:title="0002 - Statement - STATEMENT OF BALANCE SHEET">
      <link:loc xlink:type="locator" xlink:href="http://xbrl.fasb.org/us-gaap/2012/elts/us-gaap-2012-01-31.xsd#us-gaap_AssetsCurrent" xlink:label="loc_GELTAssetsCurrent" />
      <link:loc xlink:type="locator" xlink:href="http://xbrl.fasb.org/us-gaap/2012/elts/us-gaap-2012-01-31.xsd#us-gaap_CashAndCashEquivalentsAtCarryingValue" xlink:label="loc_GELTCashAndCashEquivalentsAtCarryingValue" />
      <link:calculationArc order="100" xlink:arcrole="http://www.xbrl.org/2003/arcrole/summation-item" xlink:from="loc_GELTAssetsCurrent" xlink:to="loc_GELTCashAndCashEquivalentsAtCarryingValue" xlink:type="arc" weight="1" />
      <link:loc xlink:type="locator" xlink:href="http://xbrl.fasb.org/us-gaap/2012/elts/us-gaap-2012-01-31.xsd#us-gaap_Assets" xlink:label="loc_GELTAssets" />
      <link:calculationArc order="100" xlink:arcrole="http://www.xbrl.org/2003/arcrole/summation-item" xlink:from="loc_GELTAssets" xlink:to="loc_GELTAssetsCurrent" xlink:type="arc" weight="1" />
      <link:loc xlink:type="locator" xlink:href="http://xbrl.fasb.org/us-gaap/2012/elts/us-gaap-2012-01-31.xsd#us-gaap_LiabilitiesCurrent" xlink:label="loc_GELTLiabilitiesCurrent" />
      <link:loc xlink:type="locator" xlink:href="http://xbrl.fasb.org/us-gaap/2012/elts/us-gaap-2012-01-31.xsd#us-gaap_AccountsPayableAndAccruedLiabilitiesCurrent" xlink:label="loc_GELTAccountsPayableAndAccruedLiabilitiesCurrent" />
      <link:calculationArc order="100" xlink:arcrole="http://www.xbrl.org/2003/arcrole/summation-item" xlink:from="loc_GELTLiabilitiesCurrent" xlink:to="loc_GELTAccountsPayableAndAccruedLiabilitiesCurrent" xlink:type="arc" weight="1" />
      <link:loc xlink:type="locator" xlink:href="http://xbrl.fasb.org/us-gaap/2012/elts/us-gaap-2012-01-31.xsd#us-gaap_StockholdersEquity" xlink:label="loc_GELTStockholdersEquity" />
      <link:loc xlink:type="locator" xlink:href="http://xbrl.fasb.org/us-gaap/2012/elts/us-gaap-2012-01-31.xsd#us-gaap_CommonStockValue" xlink:label="loc_GELTCommonStockValue" />
      <link:calculationArc order="100" xlink:arcrole="http://www.xbrl.org/2003/arcrole/summation-item" xlink:from="loc_GELTStockholdersEquity" xlink:to="loc_GELTCommonStockValue" xlink:type="arc" weight="1" />
      <link:loc xlink:type="locator" xlink:href="http://xbrl.fasb.org/us-gaap/2012/elts/us-gaap-2012-01-31.xsd#us-gaap_AdditionalPaidInCapitalCommonStock" xlink:label="loc_GELTAdditionalPaidInCapitalCommonStock" />
      <link:calculationArc order="200" xlink:arcrole="http://www.xbrl.org/2003/arcrole/summation-item" xlink:from="loc_GELTStockholdersEquity" xlink:to="loc_GELTAdditionalPaidInCapitalCommonStock" xlink:type="arc" weight="1" />
      <link:loc xlink:type="locator" xlink:href="http://xbrl.fasb.org/us-gaap/2012/elts/us-gaap-2012-01-31.xsd#us-gaap_RetainedEarningsAccumulatedDeficit" xlink:label="loc_GELTRetainedEarningsAccumulatedDeficit" />
      <link:calculationArc order="300" xlink:arcrole="http://www.xbrl.org/2003/arcrole/summation-item" xlink:from="loc_GELTStockholdersEquity" xlink:to="loc_GELTRetainedEarningsAccumulatedDeficit" xlink:type="arc" weight="1" />
      <link:loc xlink:type="locator" xlink:href="http://xbrl.fasb.org/us-gaap/2012/elts/us-gaap-2012-01-31.xsd#us-gaap_LiabilitiesAndStockholdersEquity" xlink:label="loc_GELTLiabilitiesAndStockholdersEquity" />
      <link:calculationArc order="100" xlink:arcrole="http://www.xbrl.org/2003/arcrole/summation-item" xlink:from="loc_GELTLiabilitiesAndStockholdersEquity" xlink:to="loc_GELTLiabilitiesCurrent" xlink:type="arc" weight="1" />
      <link:calculationArc order="200" xlink:arcrole="http://www.xbrl.org/2003/arcrole/summation-item" xlink:from="loc_GELTLiabilitiesAndStockholdersEquity" xlink:to="loc_GELTStockholdersEquity" xlink:type="arc" weight="1" />
    </link:calculationLink>
    <link:calculationLink xlink:type="extended" xlink:role="http://gelotology.com/role/StatementOfBalanceSheetParenthetical" xlink:title="0003 - Statement - STATEMENT OF BALANCE SHEET (PARENTHETICAL)" />
    <link:calculationLink xlink:type="extended" xlink:role="http://gelotology.com/role/StatementOfOperations" xlink:title="0004 - Statement - STATEMENT OF OPERATIONS">
      <link:loc xlink:type="locator" xlink:href="http://xbrl.fasb.org/us-gaap/2012/elts/us-gaap-2012-01-31.xsd#us-gaap_GeneralAndAdministrativeExpense" xlink:label="loc_GELTGeneralAndAdministrativeExpense" />
      <link:loc xlink:type="locator" xlink:href="http://xbrl.fasb.org/us-gaap/2012/elts/us-gaap-2012-01-31.xsd#us-gaap_ProfessionalFees" xlink:label="loc_GELTProfessionalFees" />
      <link:calculationArc order="100" xlink:arcrole="http://www.xbrl.org/2003/arcrole/summation-item" xlink:from="loc_GELTGeneralAndAdministrativeExpense" xlink:to="loc_GELTProfessionalFees" xlink:type="arc" weight="1" />
      <link:loc xlink:type="locator" xlink:href="http://xbrl.fasb.org/us-gaap/2012/elts/us-gaap-2012-01-31.xsd#us-gaap_OtherGeneralAndAdministrativeExpense" xlink:label="loc_GELTOtherGeneralAndAdministrativeExpense" />
      <link:calculationArc order="200" xlink:arcrole="http://www.xbrl.org/2003/arcrole/summation-item" xlink:from="loc_GELTGeneralAndAdministrativeExpense" xlink:to="loc_GELTOtherGeneralAndAdministrativeExpense" xlink:type="arc" weight="1" />
      <link:loc xlink:type="locator" xlink:href="http://xbrl.fasb.org/us-gaap/2012/elts/us-gaap-2012-01-31.xsd#us-gaap_NoninterestExpenseDistributionAndServicingFees" xlink:label="loc_GELTNoninterestExpenseDistributionAndServicingFees" />
      <link:calculationArc order="300" xlink:arcrole="http://www.xbrl.org/2003/arcrole/summation-item" xlink:from="loc_GELTGeneralAndAdministrativeExpense" xlink:to="loc_GELTNoninterestExpenseDistributionAndServicingFees" xlink:type="arc" weight="1" />
      <link:loc xlink:type="locator" xlink:href="http://xbrl.fasb.org/us-gaap/2012/elts/us-gaap-2012-01-31.xsd#us-gaap_TravelAndEntertainmentExpense" xlink:label="loc_GELTTravelAndEntertainmentExpense" />
      <link:calculationArc order="400" xlink:arcrole="http://www.xbrl.org/2003/arcrole/summation-item" xlink:from="loc_GELTGeneralAndAdministrativeExpense" xlink:to="loc_GELTTravelAndEntertainmentExpense" xlink:type="arc" weight="1" />
      <link:loc xlink:type="locator" xlink:href="http://xbrl.fasb.org/us-gaap/2012/elts/us-gaap-2012-01-31.xsd#us-gaap_TaxesExcludingIncomeAndExciseTaxes" xlink:label="loc_GELTTaxesExcludingIncomeAndExciseTaxes" />
      <link:calculationArc order="500" xlink:arcrole="http://www.xbrl.org/2003/arcrole/summation-item" xlink:from="loc_GELTGeneralAndAdministrativeExpense" xlink:to="loc_GELTTaxesExcludingIncomeAndExciseTaxes" xlink:type="arc" weight="1" />
      <link:loc xlink:type="locator" xlink:href="http://xbrl.fasb.org/us-gaap/2012/elts/us-gaap-2012-01-31.xsd#us-gaap_OtherGeneralExpense" xlink:label="loc_GELTOtherGeneralExpense" />
      <link:calculationArc order="600" xlink:arcrole="http://www.xbrl.org/2003/arcrole/summation-item" xlink:from="loc_GELTGeneralAndAdministrativeExpense" xlink:to="loc_GELTOtherGeneralExpense" xlink:type="arc" weight="1" />
      <link:loc xlink:type="locator" xlink:href="http://xbrl.fasb.org/us-gaap/2012/elts/us-gaap-2012-01-31.xsd#us-gaap_OperatingIncomeLoss" xlink:label="loc_GELTOperatingIncomeLoss" />
      <link:loc xlink:type="locator" xlink:href="http://xbrl.fasb.org/us-gaap/2012/elts/us-gaap-2012-01-31.xsd#us-gaap_Revenues" xlink:label="loc_GELTRevenues" />
      <link:calculationArc order="100" xlink:arcrole="http://www.xbrl.org/2003/arcrole/summation-item" xlink:from="loc_GELTOperatingIncomeLoss" xlink:to="loc_GELTRevenues" xlink:type="arc" weight="1" />
      <link:calculationArc order="200" xlink:arcrole="http://www.xbrl.org/2003/arcrole/summation-item" xlink:from="loc_GELTOperatingIncomeLoss" xlink:to="loc_GELTGeneralAndAdministrativeExpense" xlink:type="arc" weight="-1" />
      <link:loc xlink:type="locator" xlink:href="http://xbrl.fasb.org/us-gaap/2012/elts/us-gaap-2012-01-31.xsd#us-gaap_NetIncomeLoss" xlink:label="loc_GELTNetIncomeLoss" />
      <link:calculationArc order="100" xlink:arcrole="http://www.xbrl.org/2003/arcrole/summation-item" xlink:from="loc_GELTNetIncomeLoss" xlink:to="loc_GELTOperatingIncomeLoss" xlink:type="arc" weight="1" />
      <link:loc xlink:type="locator" xlink:href="http://xbrl.fasb.org/us-gaap/2012/elts/us-gaap-2012-01-31.xsd#us-gaap_IncomeTaxExpenseBenefit" xlink:label="loc_GELTIncomeTaxExpenseBenefit" />
      <link:calculationArc order="200" xlink:arcrole="http://www.xbrl.org/2003/arcrole/summation-item" xlink:from="loc_GELTNetIncomeLoss" xlink:to="loc_GELTIncomeTaxExpenseBenefit" xlink:type="arc" weight="-1" />
    </link:calculationLink>
    <link:calculationLink xlink:type="extended" xlink:role="http://gelotology.com/role/StatementOfStockholdersEquity" xlink:title="0005 - Statement - STATEMENT OF STOCKHOLDERS' EQUITY" />
    <link:calculationLink xlink:type="extended" xlink:role="http://gelotology.com/role/StatementOfStockholdersEquityParenthetical" xlink:title="0006 - Statement - STATEMENT OF STOCKHOLDERS' EQUITY (Parenthetical)" />
    <link:calculationLink xlink:type="extended" xlink:role="http://gelotology.com/role/StatementOfCashFlows" xlink:title="0007 - Statement - STATEMENT OF CASH FLOWS">
      <link:loc xlink:type="locator" xlink:href="http://xbrl.fasb.org/us-gaap/2012/elts/us-gaap-2012-01-31.xsd#us-gaap_NetCashProvidedByUsedInOperatingActivities" xlink:label="loc_GELTNetCashProvidedByUsedInOperatingActivities" />
      <link:loc xlink:type="locator" xlink:href="http://xbrl.fasb.org/us-gaap/2012/elts/us-gaap-2012-01-31.xsd#us-gaap_NetIncomeLoss" xlink:label="loc_GELTNetIncomeLoss" />
      <link:calculationArc order="100" xlink:arcrole="http://www.xbrl.org/2003/arcrole/summation-item" xlink:from="loc_GELTNetCashProvidedByUsedInOperatingActivities" xlink:to="loc_GELTNetIncomeLoss" xlink:type="arc" weight="1" />
      <link:loc xlink:type="locator" xlink:href="http://xbrl.fasb.org/us-gaap/2012/elts/us-gaap-2012-01-31.xsd#us-gaap_IncreaseDecreaseInDeferredLiabilities" xlink:label="loc_GELTIncreaseDecreaseInDeferredLiabilities" />
      <link:calculationArc order="200" xlink:arcrole="http://www.xbrl.org/2003/arcrole/summation-item" xlink:from="loc_GELTNetCashProvidedByUsedInOperatingActivities" xlink:to="loc_GELTIncreaseDecreaseInDeferredLiabilities" xlink:type="arc" weight="1" />
      <link:loc xlink:type="locator" xlink:href="http://xbrl.fasb.org/us-gaap/2012/elts/us-gaap-2012-01-31.xsd#us-gaap_IncreaseDecreaseInPrepaidExpense" xlink:label="loc_GELTIncreaseDecreaseInPrepaidExpense" />
      <link:calculationArc order="300" xlink:arcrole="http://www.xbrl.org/2003/arcrole/summation-item" xlink:from="loc_GELTNetCashProvidedByUsedInOperatingActivities" xlink:to="loc_GELTIncreaseDecreaseInPrepaidExpense" xlink:type="arc" weight="1" />
      <link:loc xlink:type="locator" xlink:href="http://xbrl.fasb.org/us-gaap/2012/elts/us-gaap-2012-01-31.xsd#us-gaap_IncreaseDecreaseInAccountsPayableAndAccruedLiabilities" xlink:label="loc_GELTIncreaseDecreaseInAccountsPayableAndAccruedLiabilities" />
      <link:calculationArc order="400" xlink:arcrole="http://www.xbrl.org/2003/arcrole/summation-item" xlink:from="loc_GELTNetCashProvidedByUsedInOperatingActivities" xlink:to="loc_GELTIncreaseDecreaseInAccountsPayableAndAccruedLiabilities" xlink:type="arc" weight="1" />
      <link:loc xlink:type="locator" xlink:href="http://xbrl.fasb.org/us-gaap/2012/elts/us-gaap-2012-01-31.xsd#us-gaap_NetCashProvidedByUsedInFinancingActivities" xlink:label="loc_GELTNetCashProvidedByUsedInFinancingActivities" />
      <link:loc xlink:type="locator" xlink:href="http://xbrl.fasb.org/us-gaap/2012/elts/us-gaap-2012-01-31.xsd#us-gaap_ProceedsFromIssuanceOfCommonStock" xlink:label="loc_GELTProceedsFromIssuanceOfCommonStock" />
      <link:calculationArc order="100" xlink:arcrole="http://www.xbrl.org/2003/arcrole/summation-item" xlink:from="loc_GELTNetCashProvidedByUsedInFinancingActivities" xlink:to="loc_GELTProceedsFromIssuanceOfCommonStock" xlink:type="arc" weight="1" />
      <link:loc xlink:type="locator" xlink:href="http://xbrl.fasb.org/us-gaap/2012/elts/us-gaap-2012-01-31.xsd#us-gaap_CashAndCashEquivalentsPeriodIncreaseDecrease" xlink:label="loc_GELTCashAndCashEquivalentsPeriodIncreaseDecrease" />
      <link:calculationArc order="100" xlink:arcrole="http://www.xbrl.org/2003/arcrole/summation-item" xlink:from="loc_GELTCashAndCashEquivalentsPeriodIncreaseDecrease" xlink:to="loc_GELTNetCashProvidedByUsedInOperatingActivities" xlink:type="arc" weight="1" />
      <link:loc xlink:type="locator" xlink:href="http://xbrl.fasb.org/us-gaap/2012/elts/us-gaap-2012-01-31.xsd#us-gaap_NetCashProvidedByUsedInInvestingActivities" xlink:label="loc_GELTNetCashProvidedByUsedInInvestingActivities" />
      <link:calculationArc order="200" xlink:arcrole="http://www.xbrl.org/2003/arcrole/summation-item" xlink:from="loc_GELTCashAndCashEquivalentsPeriodIncreaseDecrease" xlink:to="loc_GELTNetCashProvidedByUsedInInvestingActivities" xlink:type="arc" weight="1" />
      <link:calculationArc order="300" xlink:arcrole="http://www.xbrl.org/2003/arcrole/summation-item" xlink:from="loc_GELTCashAndCashEquivalentsPeriodIncreaseDecrease" xlink:to="loc_GELTNetCashProvidedByUsedInFinancingActivities" xlink:type="arc" weight="1" />
    </link:calculationLink>
    <link:calculationLink xlink:type="extended" xlink:role="http://gelotology.com/role/SummaryOfSignificantAccountingPolicies" xlink:title="0008 - Disclosure - SUMMARY OF SIGNIFICANT ACCOUNTING POLICIES" />
    <link:calculationLink xlink:type="extended" xlink:role="http://gelotology.com/role/DevelopmentStageActivitiesAndGoingConcern" xlink:title="0009 - Disclosure - DEVELOPMENT STAGE ACTIVITIES AND GOING CONCERN" />
    <link:calculationLink xlink:type="extended" xlink:role="http://gelotology.com/role/CommonStock" xlink:title="0010 - Disclosure - COMMON STOCK" />
    <link:calculationLink xlink:type="extended" xlink:role="http://gelotology.com/role/IncomeTaxes" xlink:title="0011 - Disclosure - INCOME TAXES" />
    <link:calculationLink xlink:type="extended" xlink:role="http://gelotology.com/role/RelatedPartyLoansAndTransactions" xlink:title="0012 - Disclosure - RELATED PARTY LOANS AND TRANSACTIONS" />
    <link:calculationLink xlink:type="extended" xlink:role="http://gelotology.com/role/RecentAccountingPronouncement" xlink:title="0013 - Disclosure - RECENT ACCOUNTING PRONOUNCEMENT" />
    <link:calculationLink xlink:type="extended" xlink:role="http://gelotology.com/role/SummaryOfSignificantAccountingPoliciesPolicies" xlink:title="0014 - Disclosure - SUMMARY OF SIGNIFICANT ACCOUNTING POLICIES (Policies)" />
    <link:calculationLink xlink:type="extended" xlink:role="http://gelotology.com/role/IncomeTaxesTables" xlink:title="0015 - Disclosure - INCOME TAXES (Tables)" />
    <link:calculationLink xlink:type="extended" xlink:role="http://gelotology.com/role/ProvisionForIncomeTaxDetails" xlink:title="0016 - Disclosure - PROVISION FOR INCOME TAX (Details)" />
    <link:calculationLink xlink:type="extended" xlink:role="http://gelotology.com/role/DeferredIncomeTaxAssetsDetails" xlink:title="0017 - Disclosure - DEFERRED INCOME TAX ASSETS (Details)">
      <link:loc xlink:type="locator" xlink:href="http://xbrl.fasb.org/us-gaap/2012/elts/us-gaap-2012-01-31.xsd#us-gaap_DeferredTaxAssetsNet" xlink:label="loc_GELTDeferredTaxAssetsNet" />
      <link:loc xlink:type="locator" xlink:href="http://xbrl.fasb.org/us-gaap/2012/elts/us-gaap-2012-01-31.xsd#us-gaap_DeferredTaxAssetsValuationAllowance" xlink:label="loc_GELTDeferredTaxAssetsValuationAllowance" />
      <link:calculationArc order="100" xlink:arcrole="http://www.xbrl.org/2003/arcrole/summation-item" xlink:from="loc_GELTDeferredTaxAssetsNet" xlink:to="loc_GELTDeferredTaxAssetsValuationAllowance" xlink:type="arc" weight="-1" />
      <link:loc xlink:type="locator" xlink:href="http://xbrl.fasb.org/us-gaap/2012/elts/us-gaap-2012-01-31.xsd#us-gaap_DeferredTaxAssetsOperatingLossCarryforwards" xlink:label="loc_GELTDeferredTaxAssetsOperatingLossCarryforwards" />
      <link:calculationArc order="200" xlink:arcrole="http://www.xbrl.org/2003/arcrole/summation-item" xlink:from="loc_GELTDeferredTaxAssetsNet" xlink:to="loc_GELTDeferredTaxAssetsOperatingLossCarryforwards" xlink:type="arc" weight="1" />
    </link:calculationLink>
    <link:calculationLink xlink:type="extended" xlink:role="http://gelotology.com/role/CommonStockNarrativeDetails" xlink:title="0018 - Disclosure - COMMON STOCK (Narrative) (Details)" />
    <link:calculationLink xlink:type="extended" xlink:role="http://gelotology.com/role/RelatedPartyLoansAndTransactionsNarrativeDetails" xlink:title="0019 - Disclosure - RELATED PARTY LOANS AND TRANSACTIONS (Narrative) (Details)" />
</link:linkbase>
