<?xml version="1.0" encoding="UTF-8" ?>
<linkbase xmlns="http://www.xbrl.org/2003/linkbase" xmlns:xsi="http://www.w3.org/2001/XMLSchema-instance" xmlns:xlink="http://www.w3.org/1999/xlink" xsi:schemaLocation="http://www.xbrl.org/2003/linkbase http://www.xbrl.org/2003/xbrl-linkbase-2003-12-31.xsd" xmlns:xbrldt="http://xbrl.org/2005/xbrldt" >
<arcroleRef arcroleURI="http://xbrl.org/int/dim/arcrole/all" xlink:type="simple" xlink:href="http://www.xbrl.org/2005/xbrldt-2005.xsd#all"/>
<arcroleRef arcroleURI="http://xbrl.org/int/dim/arcrole/dimension-default" xlink:type="simple" xlink:href="http://www.xbrl.org/2005/xbrldt-2005.xsd#dimension-default"/>
<arcroleRef arcroleURI="http://xbrl.org/int/dim/arcrole/dimension-domain" xlink:type="simple" xlink:href="http://www.xbrl.org/2005/xbrldt-2005.xsd#dimension-domain"/>
<arcroleRef arcroleURI="http://xbrl.org/int/dim/arcrole/domain-member" xlink:type="simple" xlink:href="http://www.xbrl.org/2005/xbrldt-2005.xsd#domain-member"/>
<arcroleRef arcroleURI="http://xbrl.org/int/dim/arcrole/hypercube-dimension" xlink:type="simple" xlink:href="http://www.xbrl.org/2005/xbrldt-2005.xsd#hypercube-dimension"/>
<arcroleRef arcroleURI="http://xbrl.org/int/dim/arcrole/notAll" xlink:type="simple" xlink:href="http://www.xbrl.org/2005/xbrldt-2005.xsd#notAll"/>
<roleRef xlink:type="simple" xlink:href="otl-20121231.xsd#Statementsofchangesinstockholdersequity" roleURI="http://www.organictreehouse.net/role/Statementsofchangesinstockholdersequity"/>
<roleRef xlink:type="simple" xlink:href="otl-20121231.xsd#SummaryofSignificantAccountingPoliciesPolicies" roleURI="http://www.organictreehouse.net/role/SummaryofSignificantAccountingPoliciesPolicies"/>
<roleRef xlink:type="simple" xlink:href="otl-20121231.xsd#MajorCustomerDetails" roleURI="http://www.organictreehouse.net/role/MajorCustomerDetails"/>
<roleRef xlink:type="simple" xlink:href="otl-20121231.xsd#MajorCustomerDetailsTextual" roleURI="http://www.organictreehouse.net/role/MajorCustomerDetailsTextual"/>
<roleRef xlink:type="simple" xlink:href="otl-20121231.xsd#StockholdersEquityDetails" roleURI="http://www.organictreehouse.net/role/StockholdersEquityDetails"/>
<definitionLink xlink:type="extended" xlink:role="http://www.organictreehouse.net/role/Statementsofchangesinstockholdersequity">
<loc xlink:type="locator" xlink:href="http://xbrl.fasb.org/us-gaap/2012/elts/us-gaap-2012-01-31.xsd#us-gaap_StatementLineItems" xlink:label="loc_us-gaap_StatementLineItems_0" />
<loc xlink:type="locator" xlink:href="http://xbrl.fasb.org/us-gaap/2012/elts/us-gaap-2012-01-31.xsd#us-gaap_StatementTable" xlink:label="loc_us-gaap_StatementTable_1" />
<definitionArc xlink:type="arc" xlink:arcrole="http://xbrl.org/int/dim/arcrole/all" xlink:from="loc_us-gaap_StatementLineItems_0" xlink:to="loc_us-gaap_StatementTable_1" order="0" use="optional"  xbrldt:contextElement="segment" xbrldt:closed="true" />
<loc xlink:type="locator" xlink:href="http://xbrl.fasb.org/us-gaap/2012/elts/us-gaap-2012-01-31.xsd#us-gaap_StatementEquityComponentsAxis" xlink:label="loc_us-gaap_StatementEquityComponentsAxis_2" />
<definitionArc xlink:type="arc" xlink:arcrole="http://xbrl.org/int/dim/arcrole/hypercube-dimension" xlink:from="loc_us-gaap_StatementTable_1" xlink:to="loc_us-gaap_StatementEquityComponentsAxis_2" order="0" use="optional"  />
<loc xlink:type="locator" xlink:href="http://xbrl.fasb.org/us-gaap/2012/elts/us-gaap-2012-01-31.xsd#us-gaap_EquityComponentDomain" xlink:label="loc_us-gaap_EquityComponentDomain_3" />
<definitionArc xlink:type="arc" xlink:arcrole="http://xbrl.org/int/dim/arcrole/dimension-domain" xlink:from="loc_us-gaap_StatementEquityComponentsAxis_2" xlink:to="loc_us-gaap_EquityComponentDomain_3" order="0" use="optional"  />
<loc xlink:type="locator" xlink:href="http://xbrl.fasb.org/us-gaap/2012/elts/us-gaap-2012-01-31.xsd#us-gaap_EquityComponentDomain" xlink:label="loc_us-gaap_EquityComponentDomain_3_Default" />
<definitionArc xlink:type="arc" xlink:arcrole="http://xbrl.org/int/dim/arcrole/dimension-default" xlink:from="loc_us-gaap_StatementEquityComponentsAxis_2" xlink:to="loc_us-gaap_EquityComponentDomain_3_Default" order="0" use="optional" />
<loc xlink:type="locator" xlink:href="http://xbrl.fasb.org/us-gaap/2012/elts/us-gaap-2012-01-31.xsd#us-gaap_CommonStockMember" xlink:label="loc_us-gaap_CommonStockMember_4" />
<definitionArc xlink:type="arc" xlink:arcrole="http://xbrl.org/int/dim/arcrole/domain-member" xlink:from="loc_us-gaap_EquityComponentDomain_3" xlink:to="loc_us-gaap_CommonStockMember_4" order="0" use="optional"  />
<loc xlink:type="locator" xlink:href="http://xbrl.fasb.org/us-gaap/2012/elts/us-gaap-2012-01-31.xsd#us-gaap_AdditionalPaidInCapitalMember" xlink:label="loc_us-gaap_AdditionalPaidInCapitalMember_5" />
<definitionArc xlink:type="arc" xlink:arcrole="http://xbrl.org/int/dim/arcrole/domain-member" xlink:from="loc_us-gaap_EquityComponentDomain_3" xlink:to="loc_us-gaap_AdditionalPaidInCapitalMember_5" order="10" use="optional"  />
<loc xlink:type="locator" xlink:href="http://xbrl.fasb.org/us-gaap/2012/elts/us-gaap-2012-01-31.xsd#us-gaap_AccumulatedDeficitDuringDevelopmentStageMember" xlink:label="loc_us-gaap_AccumulatedDeficitDuringDevelopmentStageMember_6" />
<definitionArc xlink:type="arc" xlink:arcrole="http://xbrl.org/int/dim/arcrole/domain-member" xlink:from="loc_us-gaap_EquityComponentDomain_3" xlink:to="loc_us-gaap_AccumulatedDeficitDuringDevelopmentStageMember_6" order="20" use="optional"  />
<loc xlink:type="locator" xlink:href="http://xbrl.fasb.org/us-gaap/2012/elts/us-gaap-2012-01-31.xsd#us-gaap_StockholdersEquityIncludingPortionAttributableToNoncontrollingInterest" xlink:label="loc_us-gaap_StockholdersEquityIncludingPortionAttributableToNoncontrollingInterest_7" />
<definitionArc xlink:type="arc" xlink:arcrole="http://xbrl.org/int/dim/arcrole/domain-member" xlink:from="loc_us-gaap_StatementLineItems_0" xlink:to="loc_us-gaap_StockholdersEquityIncludingPortionAttributableToNoncontrollingInterest_7" order="10" use="optional"  />
<loc xlink:type="locator" xlink:href="http://xbrl.fasb.org/us-gaap/2012/elts/us-gaap-2012-01-31.xsd#us-gaap_SharesOutstanding" xlink:label="loc_us-gaap_SharesOutstanding_8" />
<definitionArc xlink:type="arc" xlink:arcrole="http://xbrl.org/int/dim/arcrole/domain-member" xlink:from="loc_us-gaap_StatementLineItems_0" xlink:to="loc_us-gaap_SharesOutstanding_8" order="20" use="optional"  />
<loc xlink:type="locator" xlink:href="http://xbrl.fasb.org/us-gaap/2012/elts/us-gaap-2012-01-31.xsd#us-gaap_StockIssuedDuringPeriodValueNewIssues" xlink:label="loc_us-gaap_StockIssuedDuringPeriodValueNewIssues_9" />
<definitionArc xlink:type="arc" xlink:arcrole="http://xbrl.org/int/dim/arcrole/domain-member" xlink:from="loc_us-gaap_StatementLineItems_0" xlink:to="loc_us-gaap_StockIssuedDuringPeriodValueNewIssues_9" order="30" use="optional"  />
<loc xlink:type="locator" xlink:href="http://xbrl.fasb.org/us-gaap/2012/elts/us-gaap-2012-01-31.xsd#us-gaap_StockIssuedDuringPeriodSharesNewIssues" xlink:label="loc_us-gaap_StockIssuedDuringPeriodSharesNewIssues_10" />
<definitionArc xlink:type="arc" xlink:arcrole="http://xbrl.org/int/dim/arcrole/domain-member" xlink:from="loc_us-gaap_StockIssuedDuringPeriodValueNewIssues_9" xlink:to="loc_us-gaap_StockIssuedDuringPeriodSharesNewIssues_10" order="0" use="optional"  />
<loc xlink:type="locator" xlink:href="otl-20121231.xsd#otl_AdjustmentToAdditionalPaidInCapitalCapitalContribution" xlink:label="loc_otl_AdjustmentToAdditionalPaidInCapitalCapitalContribution_11" />
<definitionArc xlink:type="arc" xlink:arcrole="http://xbrl.org/int/dim/arcrole/domain-member" xlink:from="loc_us-gaap_StatementLineItems_0" xlink:to="loc_otl_AdjustmentToAdditionalPaidInCapitalCapitalContribution_11" order="40" use="optional"  />
<loc xlink:type="locator" xlink:href="http://xbrl.fasb.org/us-gaap/2012/elts/us-gaap-2012-01-31.xsd#us-gaap_NetIncomeLoss" xlink:label="loc_us-gaap_NetIncomeLoss_12" />
<definitionArc xlink:type="arc" xlink:arcrole="http://xbrl.org/int/dim/arcrole/domain-member" xlink:from="loc_us-gaap_StatementLineItems_0" xlink:to="loc_us-gaap_NetIncomeLoss_12" order="50" use="optional"  />
</definitionLink>
<definitionLink xlink:type="extended" xlink:role="http://www.organictreehouse.net/role/SummaryofSignificantAccountingPoliciesPolicies">
<loc xlink:type="locator" xlink:href="http://xbrl.fasb.org/us-gaap/2012/elts/us-gaap-2012-01-31.xsd#us-gaap_NewAccountingPronouncementsOrChangeInAccountingPrincipleLineItems" xlink:label="loc_us-gaap_NewAccountingPronouncementsOrChangeInAccountingPrincipleLineItems_0" />
<loc xlink:type="locator" xlink:href="http://xbrl.fasb.org/us-gaap/2012/elts/us-gaap-2012-01-31.xsd#us-gaap_NewAccountingPronouncementsOrChangeInAccountingPrincipleTable" xlink:label="loc_us-gaap_NewAccountingPronouncementsOrChangeInAccountingPrincipleTable_1" />
<definitionArc xlink:type="arc" xlink:arcrole="http://xbrl.org/int/dim/arcrole/all" xlink:from="loc_us-gaap_NewAccountingPronouncementsOrChangeInAccountingPrincipleLineItems_0" xlink:to="loc_us-gaap_NewAccountingPronouncementsOrChangeInAccountingPrincipleTable_1" order="0" use="optional"  xbrldt:contextElement="segment" xbrldt:closed="true" />
<loc xlink:type="locator" xlink:href="http://xbrl.fasb.org/us-gaap/2012/elts/us-gaap-2012-01-31.xsd#us-gaap_AdjustmentsForNewAccountingPronouncementsAxis" xlink:label="loc_us-gaap_AdjustmentsForNewAccountingPronouncementsAxis_2" />
<definitionArc xlink:type="arc" xlink:arcrole="http://xbrl.org/int/dim/arcrole/hypercube-dimension" xlink:from="loc_us-gaap_NewAccountingPronouncementsOrChangeInAccountingPrincipleTable_1" xlink:to="loc_us-gaap_AdjustmentsForNewAccountingPronouncementsAxis_2" order="0" use="optional"  />
<loc xlink:type="locator" xlink:href="http://xbrl.fasb.org/us-gaap/2012/elts/us-gaap-2012-01-31.xsd#us-gaap_TypeOfAdoptionMember" xlink:label="loc_us-gaap_TypeOfAdoptionMember_3" />
<definitionArc xlink:type="arc" xlink:arcrole="http://xbrl.org/int/dim/arcrole/dimension-domain" xlink:from="loc_us-gaap_AdjustmentsForNewAccountingPronouncementsAxis_2" xlink:to="loc_us-gaap_TypeOfAdoptionMember_3" order="0" use="optional"  />
<loc xlink:type="locator" xlink:href="http://xbrl.fasb.org/us-gaap/2012/elts/us-gaap-2012-01-31.xsd#us-gaap_TypeOfAdoptionMember" xlink:label="loc_us-gaap_TypeOfAdoptionMember_3_Default" />
<definitionArc xlink:type="arc" xlink:arcrole="http://xbrl.org/int/dim/arcrole/dimension-default" xlink:from="loc_us-gaap_AdjustmentsForNewAccountingPronouncementsAxis_2" xlink:to="loc_us-gaap_TypeOfAdoptionMember_3_Default" order="0" use="optional" />
<loc xlink:type="locator" xlink:href="http://xbrl.fasb.org/us-gaap/2012/elts/us-gaap-2012-01-31.xsd#us-gaap_AccountingStandardsUpdate201104Member" xlink:label="loc_us-gaap_AccountingStandardsUpdate201104Member_4" />
<definitionArc xlink:type="arc" xlink:arcrole="http://xbrl.org/int/dim/arcrole/domain-member" xlink:from="loc_us-gaap_TypeOfAdoptionMember_3" xlink:to="loc_us-gaap_AccountingStandardsUpdate201104Member_4" order="0" use="optional"  />
<loc xlink:type="locator" xlink:href="http://xbrl.fasb.org/us-gaap/2012/elts/us-gaap-2012-01-31.xsd#us-gaap_NewAccountingPronouncementsPolicyPolicyTextBlock" xlink:label="loc_us-gaap_NewAccountingPronouncementsPolicyPolicyTextBlock_5" />
<definitionArc xlink:type="arc" xlink:arcrole="http://xbrl.org/int/dim/arcrole/domain-member" xlink:from="loc_us-gaap_NewAccountingPronouncementsOrChangeInAccountingPrincipleLineItems_0" xlink:to="loc_us-gaap_NewAccountingPronouncementsPolicyPolicyTextBlock_5" order="10" use="optional"  />
</definitionLink>
<definitionLink xlink:type="extended" xlink:role="http://www.organictreehouse.net/role/MajorCustomerDetails">
<loc xlink:type="locator" xlink:href="http://xbrl.fasb.org/us-gaap/2012/elts/us-gaap-2012-01-31.xsd#us-gaap_EntityWideRevenueMajorCustomerLineItems" xlink:label="loc_us-gaap_EntityWideRevenueMajorCustomerLineItems_0" />
<loc xlink:type="locator" xlink:href="http://xbrl.fasb.org/us-gaap/2012/elts/us-gaap-2012-01-31.xsd#us-gaap_ScheduleOfEntityWideRevenueByMajorCustomersByReportingSegmentsTable" xlink:label="loc_us-gaap_ScheduleOfEntityWideRevenueByMajorCustomersByReportingSegmentsTable_1" />
<definitionArc xlink:type="arc" xlink:arcrole="http://xbrl.org/int/dim/arcrole/all" xlink:from="loc_us-gaap_EntityWideRevenueMajorCustomerLineItems_0" xlink:to="loc_us-gaap_ScheduleOfEntityWideRevenueByMajorCustomersByReportingSegmentsTable_1" order="0" use="optional"  xbrldt:contextElement="segment" xbrldt:closed="true" />
<loc xlink:type="locator" xlink:href="http://xbrl.fasb.org/us-gaap/2012/elts/us-gaap-2012-01-31.xsd#us-gaap_MajorCustomersAxis" xlink:label="loc_us-gaap_MajorCustomersAxis_2" />
<definitionArc xlink:type="arc" xlink:arcrole="http://xbrl.org/int/dim/arcrole/hypercube-dimension" xlink:from="loc_us-gaap_ScheduleOfEntityWideRevenueByMajorCustomersByReportingSegmentsTable_1" xlink:to="loc_us-gaap_MajorCustomersAxis_2" order="0" use="optional"  />
<loc xlink:type="locator" xlink:href="http://xbrl.fasb.org/us-gaap/2012/elts/us-gaap-2012-01-31.xsd#us-gaap_NameOfMajorCustomerDomain" xlink:label="loc_us-gaap_NameOfMajorCustomerDomain_3" />
<definitionArc xlink:type="arc" xlink:arcrole="http://xbrl.org/int/dim/arcrole/dimension-domain" xlink:from="loc_us-gaap_MajorCustomersAxis_2" xlink:to="loc_us-gaap_NameOfMajorCustomerDomain_3" order="0" use="optional"  />
<loc xlink:type="locator" xlink:href="http://xbrl.fasb.org/us-gaap/2012/elts/us-gaap-2012-01-31.xsd#us-gaap_NameOfMajorCustomerDomain" xlink:label="loc_us-gaap_NameOfMajorCustomerDomain_3_Default" />
<definitionArc xlink:type="arc" xlink:arcrole="http://xbrl.org/int/dim/arcrole/dimension-default" xlink:from="loc_us-gaap_MajorCustomersAxis_2" xlink:to="loc_us-gaap_NameOfMajorCustomerDomain_3_Default" order="0" use="optional" />
<loc xlink:type="locator" xlink:href="otl-20121231.xsd#otl_JubileeRainbowLtdMember" xlink:label="loc_otl_JubileeRainbowLtdMember_4" />
<definitionArc xlink:type="arc" xlink:arcrole="http://xbrl.org/int/dim/arcrole/domain-member" xlink:from="loc_us-gaap_NameOfMajorCustomerDomain_3" xlink:to="loc_otl_JubileeRainbowLtdMember_4" order="0" use="optional"  />
<loc xlink:type="locator" xlink:href="otl-20121231.xsd#otl_RevenueFromMajorCustomerAbstract" xlink:label="loc_otl_RevenueFromMajorCustomerAbstract_5" />
<definitionArc xlink:type="arc" xlink:arcrole="http://xbrl.org/int/dim/arcrole/domain-member" xlink:from="loc_us-gaap_EntityWideRevenueMajorCustomerLineItems_0" xlink:to="loc_otl_RevenueFromMajorCustomerAbstract_5" order="10" use="optional"  />
<loc xlink:type="locator" xlink:href="http://xbrl.fasb.org/us-gaap/2012/elts/us-gaap-2012-01-31.xsd#us-gaap_EntityWideRevenueMajorCustomerAmount" xlink:label="loc_us-gaap_EntityWideRevenueMajorCustomerAmount_6" />
<definitionArc xlink:type="arc" xlink:arcrole="http://xbrl.org/int/dim/arcrole/domain-member" xlink:from="loc_otl_RevenueFromMajorCustomerAbstract_5" xlink:to="loc_us-gaap_EntityWideRevenueMajorCustomerAmount_6" order="0" use="optional"  />
</definitionLink>
<definitionLink xlink:type="extended" xlink:role="http://www.organictreehouse.net/role/MajorCustomerDetailsTextual">
<loc xlink:type="locator" xlink:href="http://xbrl.fasb.org/us-gaap/2012/elts/us-gaap-2012-01-31.xsd#us-gaap_EntityWideRevenueMajorCustomerLineItems" xlink:label="loc_us-gaap_EntityWideRevenueMajorCustomerLineItems_0" />
<loc xlink:type="locator" xlink:href="http://xbrl.fasb.org/us-gaap/2012/elts/us-gaap-2012-01-31.xsd#us-gaap_ScheduleOfEntityWideRevenueByMajorCustomersByReportingSegmentsTable" xlink:label="loc_us-gaap_ScheduleOfEntityWideRevenueByMajorCustomersByReportingSegmentsTable_1" />
<definitionArc xlink:type="arc" xlink:arcrole="http://xbrl.org/int/dim/arcrole/all" xlink:from="loc_us-gaap_EntityWideRevenueMajorCustomerLineItems_0" xlink:to="loc_us-gaap_ScheduleOfEntityWideRevenueByMajorCustomersByReportingSegmentsTable_1" order="0" use="optional"  xbrldt:contextElement="segment" xbrldt:closed="true" />
<loc xlink:type="locator" xlink:href="http://xbrl.fasb.org/us-gaap/2012/elts/us-gaap-2012-01-31.xsd#us-gaap_MajorCustomersAxis" xlink:label="loc_us-gaap_MajorCustomersAxis_2" />
<definitionArc xlink:type="arc" xlink:arcrole="http://xbrl.org/int/dim/arcrole/hypercube-dimension" xlink:from="loc_us-gaap_ScheduleOfEntityWideRevenueByMajorCustomersByReportingSegmentsTable_1" xlink:to="loc_us-gaap_MajorCustomersAxis_2" order="0" use="optional"  />
<loc xlink:type="locator" xlink:href="http://xbrl.fasb.org/us-gaap/2012/elts/us-gaap-2012-01-31.xsd#us-gaap_NameOfMajorCustomerDomain" xlink:label="loc_us-gaap_NameOfMajorCustomerDomain_3" />
<definitionArc xlink:type="arc" xlink:arcrole="http://xbrl.org/int/dim/arcrole/dimension-domain" xlink:from="loc_us-gaap_MajorCustomersAxis_2" xlink:to="loc_us-gaap_NameOfMajorCustomerDomain_3" order="0" use="optional"  />
<loc xlink:type="locator" xlink:href="http://xbrl.fasb.org/us-gaap/2012/elts/us-gaap-2012-01-31.xsd#us-gaap_NameOfMajorCustomerDomain" xlink:label="loc_us-gaap_NameOfMajorCustomerDomain_3_Default" />
<definitionArc xlink:type="arc" xlink:arcrole="http://xbrl.org/int/dim/arcrole/dimension-default" xlink:from="loc_us-gaap_MajorCustomersAxis_2" xlink:to="loc_us-gaap_NameOfMajorCustomerDomain_3_Default" order="0" use="optional" />
<loc xlink:type="locator" xlink:href="otl-20121231.xsd#otl_JubileeRainbowLtdMember" xlink:label="loc_otl_JubileeRainbowLtdMember_4" />
<definitionArc xlink:type="arc" xlink:arcrole="http://xbrl.org/int/dim/arcrole/domain-member" xlink:from="loc_us-gaap_NameOfMajorCustomerDomain_3" xlink:to="loc_otl_JubileeRainbowLtdMember_4" order="0" use="optional"  />
<loc xlink:type="locator" xlink:href="otl-20121231.xsd#otl_MajorCustomerTextualAbstract" xlink:label="loc_otl_MajorCustomerTextualAbstract_5" />
<definitionArc xlink:type="arc" xlink:arcrole="http://xbrl.org/int/dim/arcrole/domain-member" xlink:from="loc_us-gaap_EntityWideRevenueMajorCustomerLineItems_0" xlink:to="loc_otl_MajorCustomerTextualAbstract_5" order="10" use="optional"  />
<loc xlink:type="locator" xlink:href="http://xbrl.fasb.org/us-gaap/2012/elts/us-gaap-2012-01-31.xsd#us-gaap_EntityWideRevenueMajorCustomerPercentage" xlink:label="loc_us-gaap_EntityWideRevenueMajorCustomerPercentage_6" />
<definitionArc xlink:type="arc" xlink:arcrole="http://xbrl.org/int/dim/arcrole/domain-member" xlink:from="loc_otl_MajorCustomerTextualAbstract_5" xlink:to="loc_us-gaap_EntityWideRevenueMajorCustomerPercentage_6" order="0" use="optional"  />
</definitionLink>
<definitionLink xlink:type="extended" xlink:role="http://www.organictreehouse.net/role/StockholdersEquityDetails">
<loc xlink:type="locator" xlink:href="http://xbrl.fasb.org/us-gaap/2012/elts/us-gaap-2012-01-31.xsd#us-gaap_SubsidiarySaleOfStockLineItems" xlink:label="loc_us-gaap_SubsidiarySaleOfStockLineItems_0" />
<loc xlink:type="locator" xlink:href="http://xbrl.fasb.org/us-gaap/2012/elts/us-gaap-2012-01-31.xsd#us-gaap_SubsidiaryOrEquityMethodInvesteeSaleOfStockBySubsidiaryOrEquityInvesteeTable" xlink:label="loc_us-gaap_SubsidiaryOrEquityMethodInvesteeSaleOfStockBySubsidiaryOrEquityInvesteeTable_1" />
<definitionArc xlink:type="arc" xlink:arcrole="http://xbrl.org/int/dim/arcrole/all" xlink:from="loc_us-gaap_SubsidiarySaleOfStockLineItems_0" xlink:to="loc_us-gaap_SubsidiaryOrEquityMethodInvesteeSaleOfStockBySubsidiaryOrEquityInvesteeTable_1" order="0" use="optional"  xbrldt:contextElement="segment" xbrldt:closed="true" />
<loc xlink:type="locator" xlink:href="http://xbrl.fasb.org/us-gaap/2012/elts/us-gaap-2012-01-31.xsd#us-gaap_SubsidiarySaleOfStockAxis" xlink:label="loc_us-gaap_SubsidiarySaleOfStockAxis_2" />
<definitionArc xlink:type="arc" xlink:arcrole="http://xbrl.org/int/dim/arcrole/hypercube-dimension" xlink:from="loc_us-gaap_SubsidiaryOrEquityMethodInvesteeSaleOfStockBySubsidiaryOrEquityInvesteeTable_1" xlink:to="loc_us-gaap_SubsidiarySaleOfStockAxis_2" order="0" use="optional"  />
<loc xlink:type="locator" xlink:href="http://xbrl.fasb.org/us-gaap/2012/elts/us-gaap-2012-01-31.xsd#us-gaap_SaleOfStockNameOfTransactionDomain" xlink:label="loc_us-gaap_SaleOfStockNameOfTransactionDomain_3" />
<definitionArc xlink:type="arc" xlink:arcrole="http://xbrl.org/int/dim/arcrole/dimension-domain" xlink:from="loc_us-gaap_SubsidiarySaleOfStockAxis_2" xlink:to="loc_us-gaap_SaleOfStockNameOfTransactionDomain_3" order="0" use="optional"  />
<loc xlink:type="locator" xlink:href="http://xbrl.fasb.org/us-gaap/2012/elts/us-gaap-2012-01-31.xsd#us-gaap_SaleOfStockNameOfTransactionDomain" xlink:label="loc_us-gaap_SaleOfStockNameOfTransactionDomain_3_Default" />
<definitionArc xlink:type="arc" xlink:arcrole="http://xbrl.org/int/dim/arcrole/dimension-default" xlink:from="loc_us-gaap_SubsidiarySaleOfStockAxis_2" xlink:to="loc_us-gaap_SaleOfStockNameOfTransactionDomain_3_Default" order="0" use="optional" />
<loc xlink:type="locator" xlink:href="http://xbrl.fasb.org/us-gaap/2012/elts/us-gaap-2012-01-31.xsd#us-gaap_PrivatePlacementMember" xlink:label="loc_us-gaap_PrivatePlacementMember_4" />
<definitionArc xlink:type="arc" xlink:arcrole="http://xbrl.org/int/dim/arcrole/domain-member" xlink:from="loc_us-gaap_SaleOfStockNameOfTransactionDomain_3" xlink:to="loc_us-gaap_PrivatePlacementMember_4" order="0" use="optional"  />
<loc xlink:type="locator" xlink:href="http://xbrl.fasb.org/us-gaap/2012/elts/us-gaap-2012-01-31.xsd#us-gaap_RangeAxis" xlink:label="loc_us-gaap_RangeAxis_5" />
<definitionArc xlink:type="arc" xlink:arcrole="http://xbrl.org/int/dim/arcrole/hypercube-dimension" xlink:from="loc_us-gaap_SubsidiaryOrEquityMethodInvesteeSaleOfStockBySubsidiaryOrEquityInvesteeTable_1" xlink:to="loc_us-gaap_RangeAxis_5" order="10" use="optional"  />
<loc xlink:type="locator" xlink:href="http://xbrl.fasb.org/us-gaap/2012/elts/us-gaap-2012-01-31.xsd#us-gaap_RangeMember" xlink:label="loc_us-gaap_RangeMember_6" />
<definitionArc xlink:type="arc" xlink:arcrole="http://xbrl.org/int/dim/arcrole/dimension-domain" xlink:from="loc_us-gaap_RangeAxis_5" xlink:to="loc_us-gaap_RangeMember_6" order="0" use="optional"  />
<loc xlink:type="locator" xlink:href="http://xbrl.fasb.org/us-gaap/2012/elts/us-gaap-2012-01-31.xsd#us-gaap_RangeMember" xlink:label="loc_us-gaap_RangeMember_6_Default" />
<definitionArc xlink:type="arc" xlink:arcrole="http://xbrl.org/int/dim/arcrole/dimension-default" xlink:from="loc_us-gaap_RangeAxis_5" xlink:to="loc_us-gaap_RangeMember_6_Default" order="0" use="optional" />
<loc xlink:type="locator" xlink:href="http://xbrl.fasb.org/us-gaap/2012/elts/us-gaap-2012-01-31.xsd#us-gaap_MaximumMember" xlink:label="loc_us-gaap_MaximumMember_7" />
<definitionArc xlink:type="arc" xlink:arcrole="http://xbrl.org/int/dim/arcrole/domain-member" xlink:from="loc_us-gaap_RangeMember_6" xlink:to="loc_us-gaap_MaximumMember_7" order="0" use="optional"  />
<loc xlink:type="locator" xlink:href="http://xbrl.fasb.org/us-gaap/2012/elts/us-gaap-2012-01-31.xsd#us-gaap_MinimumMember" xlink:label="loc_us-gaap_MinimumMember_8" />
<definitionArc xlink:type="arc" xlink:arcrole="http://xbrl.org/int/dim/arcrole/domain-member" xlink:from="loc_us-gaap_RangeMember_6" xlink:to="loc_us-gaap_MinimumMember_8" order="10" use="optional"  />
<loc xlink:type="locator" xlink:href="otl-20121231.xsd#otl_StockholdersEquityTextualAbstract" xlink:label="loc_otl_StockholdersEquityTextualAbstract_9" />
<definitionArc xlink:type="arc" xlink:arcrole="http://xbrl.org/int/dim/arcrole/domain-member" xlink:from="loc_us-gaap_SubsidiarySaleOfStockLineItems_0" xlink:to="loc_otl_StockholdersEquityTextualAbstract_9" order="10" use="optional"  />
<loc xlink:type="locator" xlink:href="http://xbrl.fasb.org/us-gaap/2012/elts/us-gaap-2012-01-31.xsd#us-gaap_CommonStockSharesAuthorized" xlink:label="loc_us-gaap_CommonStockSharesAuthorized_10" />
<definitionArc xlink:type="arc" xlink:arcrole="http://xbrl.org/int/dim/arcrole/domain-member" xlink:from="loc_otl_StockholdersEquityTextualAbstract_9" xlink:to="loc_us-gaap_CommonStockSharesAuthorized_10" order="0" use="optional"  />
<loc xlink:type="locator" xlink:href="http://xbrl.fasb.org/us-gaap/2012/elts/us-gaap-2012-01-31.xsd#us-gaap_CommonStockParOrStatedValuePerShare" xlink:label="loc_us-gaap_CommonStockParOrStatedValuePerShare_11" />
<definitionArc xlink:type="arc" xlink:arcrole="http://xbrl.org/int/dim/arcrole/domain-member" xlink:from="loc_otl_StockholdersEquityTextualAbstract_9" xlink:to="loc_us-gaap_CommonStockParOrStatedValuePerShare_11" order="10" use="optional"  />
<loc xlink:type="locator" xlink:href="http://xbrl.fasb.org/us-gaap/2012/elts/us-gaap-2012-01-31.xsd#us-gaap_CommonStockSharesIssued" xlink:label="loc_us-gaap_CommonStockSharesIssued_12" />
<definitionArc xlink:type="arc" xlink:arcrole="http://xbrl.org/int/dim/arcrole/domain-member" xlink:from="loc_otl_StockholdersEquityTextualAbstract_9" xlink:to="loc_us-gaap_CommonStockSharesIssued_12" order="20" use="optional"  />
<loc xlink:type="locator" xlink:href="http://xbrl.fasb.org/us-gaap/2012/elts/us-gaap-2012-01-31.xsd#us-gaap_CommonStockValue" xlink:label="loc_us-gaap_CommonStockValue_13" />
<definitionArc xlink:type="arc" xlink:arcrole="http://xbrl.org/int/dim/arcrole/domain-member" xlink:from="loc_otl_StockholdersEquityTextualAbstract_9" xlink:to="loc_us-gaap_CommonStockValue_13" order="30" use="optional"  />
</definitionLink>
</linkbase>
