<?xml version="1.0" encoding="US-ASCII" standalone="no"?>
    <!-- Field: Doc-Info; Name: Generator; Value: GoFiler Complete; Version: 3.4b -->
    <!-- Field: Doc-Info; Name: VendorURI; Value: http://www.novaworks.co -->
    <!-- Field: Doc-Info; Name: Source; Value: gwpc.xfr; Date: 2013/01/30T01:11:59 -->
    <!-- Field: Doc-Info; Name: Status; Value: 0x00000000 -->
<link:linkbase xmlns:xsi="http://www.w3.org/2001/XMLSchema-instance" xmlns:xlink="http://www.w3.org/1999/xlink" xmlns:link="http://www.xbrl.org/2003/linkbase" xmlns:xbrli="http://www.xbrl.org/2003/instance" xsi:schemaLocation="http://www.xbrl.org/2003/linkbase http://www.xbrl.org/2003/xbrl-linkbase-2003-12-31.xsd">
    <link:roleRef xlink:type="simple" xlink:href="http://www.xbrl.org/lrr/role/negated-2009-12-16.xsd#negatedLabel" roleURI="http://www.xbrl.org/2009/role/negatedLabel" />
    <link:roleRef xlink:type="simple" xlink:href="http://www.xbrl.org/lrr/role/negated-2009-12-16.xsd#negatedPeriodEndLabel" roleURI="http://www.xbrl.org/2009/role/negatedPeriodEndLabel" />
    <link:roleRef xlink:type="simple" xlink:href="http://www.xbrl.org/lrr/role/negated-2009-12-16.xsd#negatedPeriodStartLabel" roleURI="http://www.xbrl.org/2009/role/negatedPeriodStartLabel" />
    <link:roleRef xlink:type="simple" xlink:href="http://www.xbrl.org/lrr/role/negated-2009-12-16.xsd#negatedTotalLabel" roleURI="http://www.xbrl.org/2009/role/negatedTotalLabel" />
    <link:roleRef xlink:type="simple" xlink:href="http://www.xbrl.org/lrr/role/negated-2009-12-16.xsd#negatedNetLabel" roleURI="http://www.xbrl.org/2009/role/negatedNetLabel" />
    <link:roleRef xlink:type="simple" xlink:href="http://www.xbrl.org/lrr/role/negated-2009-12-16.xsd#negatedTerseLabel" roleURI="http://www.xbrl.org/2009/role/negatedTerseLabel" />
    <link:labelLink xlink:type="extended" xlink:role="http://www.xbrl.org/2003/role/link">
      <link:loc xlink:type="locator" xlink:href="http://xbrl.fasb.org/us-gaap/2012/elts/us-gaap-2012-01-31.xsd#us-gaap_CommonStockMember" xlink:label="us-gaap_CommonStockMember" />
      <link:labelArc xlink:arcrole="http://www.xbrl.org/2003/arcrole/concept-label" xlink:from="us-gaap_CommonStockMember" xlink:to="us-gaap_CommonStockMember_lbl" xlink:type="arc" />
      <link:label xlink:type="resource" xlink:role="http://www.xbrl.org/2003/role/label" xlink:label="us-gaap_CommonStockMember_lbl" xml:lang="en-US">Common Stock</link:label>
      <link:loc xlink:type="locator" xlink:href="http://xbrl.fasb.org/us-gaap/2012/elts/us-gaap-2012-01-31.xsd#us-gaap_StatementEquityComponentsAxis" xlink:label="us-gaap_StatementEquityComponentsAxis" />
      <link:labelArc xlink:arcrole="http://www.xbrl.org/2003/arcrole/concept-label" xlink:from="us-gaap_StatementEquityComponentsAxis" xlink:to="us-gaap_StatementEquityComponentsAxis_lbl" xlink:type="arc" />
      <link:label xlink:type="resource" xlink:role="http://www.xbrl.org/2003/role/label" xlink:label="us-gaap_StatementEquityComponentsAxis_lbl" xml:lang="en-US">Equity Components [Axis]</link:label>
      <link:loc xlink:type="locator" xlink:href="http://xbrl.fasb.org/us-gaap/2012/elts/us-gaap-2012-01-31.xsd#us-gaap_AdditionalPaidInCapitalMember" xlink:label="us-gaap_AdditionalPaidInCapitalMember" />
      <link:labelArc xlink:arcrole="http://www.xbrl.org/2003/arcrole/concept-label" xlink:from="us-gaap_AdditionalPaidInCapitalMember" xlink:to="us-gaap_AdditionalPaidInCapitalMember_lbl" xlink:type="arc" />
      <link:label xlink:type="resource" xlink:role="http://www.xbrl.org/2003/role/label" xlink:label="us-gaap_AdditionalPaidInCapitalMember_lbl" xml:lang="en-US">Additional Paid-In Capital</link:label>
      <link:loc xlink:type="locator" xlink:href="http://xbrl.fasb.org/us-gaap/2012/elts/us-gaap-2012-01-31.xsd#us-gaap_RetainedEarningsMember" xlink:label="us-gaap_RetainedEarningsMember" />
      <link:labelArc xlink:arcrole="http://www.xbrl.org/2003/arcrole/concept-label" xlink:from="us-gaap_RetainedEarningsMember" xlink:to="us-gaap_RetainedEarningsMember_lbl" xlink:type="arc" />
      <link:label xlink:type="resource" xlink:role="http://www.xbrl.org/2003/role/label" xlink:label="us-gaap_RetainedEarningsMember_lbl" xml:lang="en-US">Retained Earnings / Accumulated Deficit</link:label>
      <link:loc xlink:type="locator" xlink:href="gwpc-20120831.xsd#gwpc_DocumentAndEntityInformationAbstract" xlink:label="gwpc_DocumentAndEntityInformationAbstract" />
      <link:labelArc xlink:arcrole="http://www.xbrl.org/2003/arcrole/concept-label" xlink:from="gwpc_DocumentAndEntityInformationAbstract" xlink:to="gwpc_DocumentAndEntityInformationAbstract_lbl" xlink:type="arc" />
      <link:label xlink:type="resource" xlink:role="http://www.xbrl.org/2003/role/label" xlink:label="gwpc_DocumentAndEntityInformationAbstract_lbl" xml:lang="en-US">Document And Entity Information</link:label>
      <link:loc xlink:type="locator" xlink:href="http://xbrl.sec.gov/dei/2012/dei-2012-01-31.xsd#dei_EntityRegistrantName" xlink:label="dei_EntityRegistrantName" />
      <link:labelArc xlink:arcrole="http://www.xbrl.org/2003/arcrole/concept-label" xlink:from="dei_EntityRegistrantName" xlink:to="dei_EntityRegistrantName_lbl" xlink:type="arc" />
      <link:label xlink:type="resource" xlink:role="http://www.xbrl.org/2003/role/label" xlink:label="dei_EntityRegistrantName_lbl" xml:lang="en-US">Entity Registrant Name</link:label>
      <link:loc xlink:type="locator" xlink:href="http://xbrl.sec.gov/dei/2012/dei-2012-01-31.xsd#dei_EntityCentralIndexKey" xlink:label="dei_EntityCentralIndexKey" />
      <link:labelArc xlink:arcrole="http://www.xbrl.org/2003/arcrole/concept-label" xlink:from="dei_EntityCentralIndexKey" xlink:to="dei_EntityCentralIndexKey_lbl" xlink:type="arc" />
      <link:label xlink:type="resource" xlink:role="http://www.xbrl.org/2003/role/label" xlink:label="dei_EntityCentralIndexKey_lbl" xml:lang="en-US">Entity Central Index Key</link:label>
      <link:loc xlink:type="locator" xlink:href="http://xbrl.sec.gov/dei/2012/dei-2012-01-31.xsd#dei_DocumentType" xlink:label="dei_DocumentType" />
      <link:labelArc xlink:arcrole="http://www.xbrl.org/2003/arcrole/concept-label" xlink:from="dei_DocumentType" xlink:to="dei_DocumentType_lbl" xlink:type="arc" />
      <link:label xlink:type="resource" xlink:role="http://www.xbrl.org/2003/role/label" xlink:label="dei_DocumentType_lbl" xml:lang="en-US">Document Type</link:label>
      <link:loc xlink:type="locator" xlink:href="http://xbrl.sec.gov/dei/2012/dei-2012-01-31.xsd#dei_DocumentPeriodEndDate" xlink:label="dei_DocumentPeriodEndDate" />
      <link:labelArc xlink:arcrole="http://www.xbrl.org/2003/arcrole/concept-label" xlink:from="dei_DocumentPeriodEndDate" xlink:to="dei_DocumentPeriodEndDate_lbl" xlink:type="arc" />
      <link:label xlink:type="resource" xlink:role="http://www.xbrl.org/2003/role/label" xlink:label="dei_DocumentPeriodEndDate_lbl" xml:lang="en-US">Document Period End Date</link:label>
      <link:loc xlink:type="locator" xlink:href="http://xbrl.sec.gov/dei/2012/dei-2012-01-31.xsd#dei_AmendmentFlag" xlink:label="dei_AmendmentFlag" />
      <link:labelArc xlink:arcrole="http://www.xbrl.org/2003/arcrole/concept-label" xlink:from="dei_AmendmentFlag" xlink:to="dei_AmendmentFlag_lbl" xlink:type="arc" />
      <link:label xlink:type="resource" xlink:role="http://www.xbrl.org/2003/role/label" xlink:label="dei_AmendmentFlag_lbl" xml:lang="en-US">Amendment Flag</link:label>
      <link:loc xlink:type="locator" xlink:href="http://xbrl.sec.gov/dei/2012/dei-2012-01-31.xsd#dei_CurrentFiscalYearEndDate" xlink:label="dei_CurrentFiscalYearEndDate" />
      <link:labelArc xlink:arcrole="http://www.xbrl.org/2003/arcrole/concept-label" xlink:from="dei_CurrentFiscalYearEndDate" xlink:to="dei_CurrentFiscalYearEndDate_lbl" xlink:type="arc" />
      <link:label xlink:type="resource" xlink:role="http://www.xbrl.org/2003/role/label" xlink:label="dei_CurrentFiscalYearEndDate_lbl" xml:lang="en-US">Current Fiscal Year End Date</link:label>
      <link:loc xlink:type="locator" xlink:href="http://xbrl.sec.gov/dei/2012/dei-2012-01-31.xsd#dei_EntityWellKnownSeasonedIssuer" xlink:label="dei_EntityWellKnownSeasonedIssuer" />
      <link:labelArc xlink:arcrole="http://www.xbrl.org/2003/arcrole/concept-label" xlink:from="dei_EntityWellKnownSeasonedIssuer" xlink:to="dei_EntityWellKnownSeasonedIssuer_lbl" xlink:type="arc" />
      <link:label xlink:type="resource" xlink:role="http://www.xbrl.org/2003/role/label" xlink:label="dei_EntityWellKnownSeasonedIssuer_lbl" xml:lang="en-US">Is Entity a Well-known Seasoned Issuer?</link:label>
      <link:loc xlink:type="locator" xlink:href="http://xbrl.sec.gov/dei/2012/dei-2012-01-31.xsd#dei_EntityVoluntaryFilers" xlink:label="dei_EntityVoluntaryFilers" />
      <link:labelArc xlink:arcrole="http://www.xbrl.org/2003/arcrole/concept-label" xlink:from="dei_EntityVoluntaryFilers" xlink:to="dei_EntityVoluntaryFilers_lbl" xlink:type="arc" />
      <link:label xlink:type="resource" xlink:role="http://www.xbrl.org/2003/role/label" xlink:label="dei_EntityVoluntaryFilers_lbl" xml:lang="en-US">Is Entity a Voluntary Filer?</link:label>
      <link:loc xlink:type="locator" xlink:href="http://xbrl.sec.gov/dei/2012/dei-2012-01-31.xsd#dei_EntityCurrentReportingStatus" xlink:label="dei_EntityCurrentReportingStatus" />
      <link:labelArc xlink:arcrole="http://www.xbrl.org/2003/arcrole/concept-label" xlink:from="dei_EntityCurrentReportingStatus" xlink:to="dei_EntityCurrentReportingStatus_lbl" xlink:type="arc" />
      <link:label xlink:type="resource" xlink:role="http://www.xbrl.org/2003/role/label" xlink:label="dei_EntityCurrentReportingStatus_lbl" xml:lang="en-US">Is Entity's Reporting Status Current?</link:label>
      <link:loc xlink:type="locator" xlink:href="http://xbrl.sec.gov/dei/2012/dei-2012-01-31.xsd#dei_EntityFilerCategory" xlink:label="dei_EntityFilerCategory" />
      <link:labelArc xlink:arcrole="http://www.xbrl.org/2003/arcrole/concept-label" xlink:from="dei_EntityFilerCategory" xlink:to="dei_EntityFilerCategory_lbl" xlink:type="arc" />
      <link:label xlink:type="resource" xlink:role="http://www.xbrl.org/2003/role/label" xlink:label="dei_EntityFilerCategory_lbl" xml:lang="en-US">Entity Filer Category</link:label>
      <link:loc xlink:type="locator" xlink:href="http://xbrl.sec.gov/dei/2012/dei-2012-01-31.xsd#dei_EntityPublicFloat" xlink:label="dei_EntityPublicFloat" />
      <link:labelArc xlink:arcrole="http://www.xbrl.org/2003/arcrole/concept-label" xlink:from="dei_EntityPublicFloat" xlink:to="dei_EntityPublicFloat_lbl" xlink:type="arc" />
      <link:label xlink:type="resource" xlink:role="http://www.xbrl.org/2003/role/label" xlink:label="dei_EntityPublicFloat_lbl" xml:lang="en-US">Entity Public Float</link:label>
      <link:loc xlink:type="locator" xlink:href="http://xbrl.sec.gov/dei/2012/dei-2012-01-31.xsd#dei_EntityCommonStockSharesOutstanding" xlink:label="dei_EntityCommonStockSharesOutstanding" />
      <link:labelArc xlink:arcrole="http://www.xbrl.org/2003/arcrole/concept-label" xlink:from="dei_EntityCommonStockSharesOutstanding" xlink:to="dei_EntityCommonStockSharesOutstanding_lbl" xlink:type="arc" />
      <link:label xlink:type="resource" xlink:role="http://www.xbrl.org/2003/role/label" xlink:label="dei_EntityCommonStockSharesOutstanding_lbl" xml:lang="en-US">Entity Common Stock, Shares Outstanding</link:label>
      <link:loc xlink:type="locator" xlink:href="http://xbrl.sec.gov/dei/2012/dei-2012-01-31.xsd#dei_DocumentFiscalPeriodFocus" xlink:label="dei_DocumentFiscalPeriodFocus" />
      <link:labelArc xlink:arcrole="http://www.xbrl.org/2003/arcrole/concept-label" xlink:from="dei_DocumentFiscalPeriodFocus" xlink:to="dei_DocumentFiscalPeriodFocus_lbl" xlink:type="arc" />
      <link:label xlink:type="resource" xlink:role="http://www.xbrl.org/2003/role/label" xlink:label="dei_DocumentFiscalPeriodFocus_lbl" xml:lang="en-US">Document Fiscal Period Focus</link:label>
      <link:loc xlink:type="locator" xlink:href="http://xbrl.sec.gov/dei/2012/dei-2012-01-31.xsd#dei_DocumentFiscalYearFocus" xlink:label="dei_DocumentFiscalYearFocus" />
      <link:labelArc xlink:arcrole="http://www.xbrl.org/2003/arcrole/concept-label" xlink:from="dei_DocumentFiscalYearFocus" xlink:to="dei_DocumentFiscalYearFocus_lbl" xlink:type="arc" />
      <link:label xlink:type="resource" xlink:role="http://www.xbrl.org/2003/role/label" xlink:label="dei_DocumentFiscalYearFocus_lbl" xml:lang="en-US">Document Fiscal Year Focus</link:label>
      <link:loc xlink:type="locator" xlink:href="http://xbrl.sec.gov/dei/2012/dei-2012-01-31.xsd#dei_AmendmentDescription" xlink:label="dei_AmendmentDescription" />
      <link:labelArc xlink:arcrole="http://www.xbrl.org/2003/arcrole/concept-label" xlink:from="dei_AmendmentDescription" xlink:to="dei_AmendmentDescription_lbl" xlink:type="arc" />
      <link:label xlink:type="resource" xlink:role="http://www.xbrl.org/2003/role/label" xlink:label="dei_AmendmentDescription_lbl" xml:lang="en-US">Amendment Description</link:label>
      <link:loc xlink:type="locator" xlink:href="http://xbrl.fasb.org/us-gaap/2012/elts/us-gaap-2012-01-31.xsd#us-gaap_StatementOfFinancialPositionAbstract" xlink:label="us-gaap_StatementOfFinancialPositionAbstract" />
      <link:labelArc xlink:arcrole="http://www.xbrl.org/2003/arcrole/concept-label" xlink:from="us-gaap_StatementOfFinancialPositionAbstract" xlink:to="us-gaap_StatementOfFinancialPositionAbstract_lbl" xlink:type="arc" />
      <link:label xlink:type="resource" xlink:role="http://www.xbrl.org/2003/role/label" xlink:label="us-gaap_StatementOfFinancialPositionAbstract_lbl" xml:lang="en-US">Statement of Financial Position [Abstract]</link:label>
      <link:loc xlink:type="locator" xlink:href="http://xbrl.fasb.org/us-gaap/2012/elts/us-gaap-2012-01-31.xsd#us-gaap_AssetsAbstract" xlink:label="us-gaap_AssetsAbstract" />
      <link:labelArc xlink:arcrole="http://www.xbrl.org/2003/arcrole/concept-label" xlink:from="us-gaap_AssetsAbstract" xlink:to="us-gaap_AssetsAbstract_lbl" xlink:type="arc" />
      <link:label xlink:type="resource" xlink:role="http://www.xbrl.org/2003/role/label" xlink:label="us-gaap_AssetsAbstract_lbl" xml:lang="en-US">Assets:</link:label>
      <link:loc xlink:type="locator" xlink:href="http://xbrl.fasb.org/us-gaap/2012/elts/us-gaap-2012-01-31.xsd#us-gaap_AssetsCurrentAbstract" xlink:label="us-gaap_AssetsCurrentAbstract" />
      <link:labelArc xlink:arcrole="http://www.xbrl.org/2003/arcrole/concept-label" xlink:from="us-gaap_AssetsCurrentAbstract" xlink:to="us-gaap_AssetsCurrentAbstract_lbl" xlink:type="arc" />
      <link:label xlink:type="resource" xlink:role="http://www.xbrl.org/2003/role/label" xlink:label="us-gaap_AssetsCurrentAbstract_lbl" xml:lang="en-US">Current Assets</link:label>
      <link:loc xlink:type="locator" xlink:href="http://xbrl.fasb.org/us-gaap/2012/elts/us-gaap-2012-01-31.xsd#us-gaap_Cash" xlink:label="us-gaap_Cash" />
      <link:labelArc xlink:arcrole="http://www.xbrl.org/2003/arcrole/concept-label" xlink:from="us-gaap_Cash" xlink:to="us-gaap_Cash_lbl" xlink:type="arc" />
      <link:label xlink:type="resource" xlink:role="http://www.xbrl.org/2003/role/label" xlink:label="us-gaap_Cash_lbl" xml:lang="en-US">Cash</link:label>
      <link:loc xlink:type="locator" xlink:href="http://xbrl.fasb.org/us-gaap/2012/elts/us-gaap-2012-01-31.xsd#us-gaap_AccountsReceivableNetCurrent" xlink:label="us-gaap_AccountsReceivableNetCurrent" />
      <link:labelArc xlink:arcrole="http://www.xbrl.org/2003/arcrole/concept-label" xlink:from="us-gaap_AccountsReceivableNetCurrent" xlink:to="us-gaap_AccountsReceivableNetCurrent_lbl" xlink:type="arc" />
      <link:label xlink:type="resource" xlink:role="http://www.xbrl.org/2003/role/label" xlink:label="us-gaap_AccountsReceivableNetCurrent_lbl" xml:lang="en-US">Accounts Receivable</link:label>
      <link:loc xlink:type="locator" xlink:href="http://xbrl.fasb.org/us-gaap/2012/elts/us-gaap-2012-01-31.xsd#us-gaap_AssetsCurrent" xlink:label="us-gaap_AssetsCurrent" />
      <link:labelArc xlink:arcrole="http://www.xbrl.org/2003/arcrole/concept-label" xlink:from="us-gaap_AssetsCurrent" xlink:to="us-gaap_AssetsCurrent_lbl" xlink:type="arc" />
      <link:label xlink:type="resource" xlink:role="http://www.xbrl.org/2003/role/totalLabel" xlink:label="us-gaap_AssetsCurrent_lbl" xml:lang="en-US">Total Current Assets</link:label>
      <link:loc xlink:type="locator" xlink:href="http://xbrl.fasb.org/us-gaap/2012/elts/us-gaap-2012-01-31.xsd#us-gaap_Assets" xlink:label="us-gaap_Assets" />
      <link:labelArc xlink:arcrole="http://www.xbrl.org/2003/arcrole/concept-label" xlink:from="us-gaap_Assets" xlink:to="us-gaap_Assets_lbl" xlink:type="arc" />
      <link:label xlink:type="resource" xlink:role="http://www.xbrl.org/2003/role/totalLabel" xlink:label="us-gaap_Assets_lbl" xml:lang="en-US">Total Assets</link:label>
      <link:loc xlink:type="locator" xlink:href="http://xbrl.fasb.org/us-gaap/2012/elts/us-gaap-2012-01-31.xsd#us-gaap_LiabilitiesAbstract" xlink:label="us-gaap_LiabilitiesAbstract" />
      <link:labelArc xlink:arcrole="http://www.xbrl.org/2003/arcrole/concept-label" xlink:from="us-gaap_LiabilitiesAbstract" xlink:to="us-gaap_LiabilitiesAbstract_lbl" xlink:type="arc" />
      <link:label xlink:type="resource" xlink:role="http://www.xbrl.org/2003/role/label" xlink:label="us-gaap_LiabilitiesAbstract_lbl" xml:lang="en-US">Liabilities:</link:label>
      <link:loc xlink:type="locator" xlink:href="http://xbrl.fasb.org/us-gaap/2012/elts/us-gaap-2012-01-31.xsd#us-gaap_LiabilitiesCurrentAbstract" xlink:label="us-gaap_LiabilitiesCurrentAbstract" />
      <link:labelArc xlink:arcrole="http://www.xbrl.org/2003/arcrole/concept-label" xlink:from="us-gaap_LiabilitiesCurrentAbstract" xlink:to="us-gaap_LiabilitiesCurrentAbstract_lbl" xlink:type="arc" />
      <link:label xlink:type="resource" xlink:role="http://www.xbrl.org/2003/role/label" xlink:label="us-gaap_LiabilitiesCurrentAbstract_lbl" xml:lang="en-US">Current Liabilities</link:label>
      <link:loc xlink:type="locator" xlink:href="http://xbrl.fasb.org/us-gaap/2012/elts/us-gaap-2012-01-31.xsd#us-gaap_AccountsPayableCurrent" xlink:label="us-gaap_AccountsPayableCurrent" />
      <link:labelArc xlink:arcrole="http://www.xbrl.org/2003/arcrole/concept-label" xlink:from="us-gaap_AccountsPayableCurrent" xlink:to="us-gaap_AccountsPayableCurrent_lbl" xlink:type="arc" />
      <link:label xlink:type="resource" xlink:role="http://www.xbrl.org/2003/role/label" xlink:label="us-gaap_AccountsPayableCurrent_lbl" xml:lang="en-US">Accounts Payable</link:label>
      <link:loc xlink:type="locator" xlink:href="http://xbrl.fasb.org/us-gaap/2012/elts/us-gaap-2012-01-31.xsd#us-gaap_DueToRelatedPartiesCurrent" xlink:label="us-gaap_DueToRelatedPartiesCurrent" />
      <link:labelArc xlink:arcrole="http://www.xbrl.org/2003/arcrole/concept-label" xlink:from="us-gaap_DueToRelatedPartiesCurrent" xlink:to="us-gaap_DueToRelatedPartiesCurrent_lbl" xlink:type="arc" />
      <link:label xlink:type="resource" xlink:role="http://www.xbrl.org/2003/role/label" xlink:label="us-gaap_DueToRelatedPartiesCurrent_lbl" xml:lang="en-US">Loan Payable - Related Party</link:label>
      <link:loc xlink:type="locator" xlink:href="http://xbrl.fasb.org/us-gaap/2012/elts/us-gaap-2012-01-31.xsd#us-gaap_LiabilitiesCurrent" xlink:label="us-gaap_LiabilitiesCurrent" />
      <link:labelArc xlink:arcrole="http://www.xbrl.org/2003/arcrole/concept-label" xlink:from="us-gaap_LiabilitiesCurrent" xlink:to="us-gaap_LiabilitiesCurrent_lbl" xlink:type="arc" />
      <link:label xlink:type="resource" xlink:role="http://www.xbrl.org/2003/role/totalLabel" xlink:label="us-gaap_LiabilitiesCurrent_lbl" xml:lang="en-US">Total Current Liabilities</link:label>
      <link:loc xlink:type="locator" xlink:href="http://xbrl.fasb.org/us-gaap/2012/elts/us-gaap-2012-01-31.xsd#us-gaap_Liabilities" xlink:label="us-gaap_Liabilities" />
      <link:labelArc xlink:arcrole="http://www.xbrl.org/2003/arcrole/concept-label" xlink:from="us-gaap_Liabilities" xlink:to="us-gaap_Liabilities_lbl" xlink:type="arc" />
      <link:label xlink:type="resource" xlink:role="http://www.xbrl.org/2003/role/label" xlink:label="us-gaap_Liabilities_lbl" xml:lang="en-US">Total Liabilities</link:label>
      <link:loc xlink:type="locator" xlink:href="http://xbrl.fasb.org/us-gaap/2012/elts/us-gaap-2012-01-31.xsd#us-gaap_StockholdersEquityAbstract" xlink:label="us-gaap_StockholdersEquityAbstract" />
      <link:labelArc xlink:arcrole="http://www.xbrl.org/2003/arcrole/concept-label" xlink:from="us-gaap_StockholdersEquityAbstract" xlink:to="us-gaap_StockholdersEquityAbstract_lbl" xlink:type="arc" />
      <link:label xlink:type="resource" xlink:role="http://www.xbrl.org/2003/role/label" xlink:label="us-gaap_StockholdersEquityAbstract_lbl" xml:lang="en-US">Stockholders' Equity (Deficit):</link:label>
      <link:loc xlink:type="locator" xlink:href="http://xbrl.fasb.org/us-gaap/2012/elts/us-gaap-2012-01-31.xsd#us-gaap_PreferredStockValue" xlink:label="us-gaap_PreferredStockValue" />
      <link:labelArc xlink:arcrole="http://www.xbrl.org/2003/arcrole/concept-label" xlink:from="us-gaap_PreferredStockValue" xlink:to="us-gaap_PreferredStockValue_lbl" xlink:type="arc" />
      <link:label xlink:type="resource" xlink:role="http://www.xbrl.org/2003/role/label" xlink:label="us-gaap_PreferredStockValue_lbl" xml:lang="en-US">Preferred stock value</link:label>
      <link:loc xlink:type="locator" xlink:href="http://xbrl.fasb.org/us-gaap/2012/elts/us-gaap-2012-01-31.xsd#us-gaap_CommonStockValue" xlink:label="us-gaap_CommonStockValue" />
      <link:labelArc xlink:arcrole="http://www.xbrl.org/2003/arcrole/concept-label" xlink:from="us-gaap_CommonStockValue" xlink:to="us-gaap_CommonStockValue_lbl" xlink:type="arc" />
      <link:label xlink:type="resource" xlink:role="http://www.xbrl.org/2003/role/label" xlink:label="us-gaap_CommonStockValue_lbl" xml:lang="en-US">Common stock value</link:label>
      <link:loc xlink:type="locator" xlink:href="http://xbrl.fasb.org/us-gaap/2012/elts/us-gaap-2012-01-31.xsd#us-gaap_AdditionalPaidInCapital" xlink:label="us-gaap_AdditionalPaidInCapital" />
      <link:labelArc xlink:arcrole="http://www.xbrl.org/2003/arcrole/concept-label" xlink:from="us-gaap_AdditionalPaidInCapital" xlink:to="us-gaap_AdditionalPaidInCapital_lbl" xlink:type="arc" />
      <link:label xlink:type="resource" xlink:role="http://www.xbrl.org/2003/role/label" xlink:label="us-gaap_AdditionalPaidInCapital_lbl" xml:lang="en-US">Additional Paid in Capital</link:label>
      <link:loc xlink:type="locator" xlink:href="http://xbrl.fasb.org/us-gaap/2012/elts/us-gaap-2012-01-31.xsd#us-gaap_RetainedEarningsAccumulatedDeficit" xlink:label="us-gaap_RetainedEarningsAccumulatedDeficit" />
      <link:labelArc xlink:arcrole="http://www.xbrl.org/2003/arcrole/concept-label" xlink:from="us-gaap_RetainedEarningsAccumulatedDeficit" xlink:to="us-gaap_RetainedEarningsAccumulatedDeficit_lbl" xlink:type="arc" />
      <link:label xlink:type="resource" xlink:role="http://www.xbrl.org/2003/role/label" xlink:label="us-gaap_RetainedEarningsAccumulatedDeficit_lbl" xml:lang="en-US">Accumulated Deficit</link:label>
      <link:loc xlink:type="locator" xlink:href="http://xbrl.fasb.org/us-gaap/2012/elts/us-gaap-2012-01-31.xsd#us-gaap_StockholdersEquity" xlink:label="us-gaap_StockholdersEquity" />
      <link:labelArc xlink:arcrole="http://www.xbrl.org/2003/arcrole/concept-label" xlink:from="us-gaap_StockholdersEquity" xlink:to="us-gaap_StockholdersEquity_lbl" xlink:type="arc" />
      <link:label xlink:type="resource" xlink:role="http://www.xbrl.org/2003/role/totalLabel" xlink:label="us-gaap_StockholdersEquity_lbl" xml:lang="en-US">Total Stockholders' Deficit</link:label>
      <link:loc xlink:type="locator" xlink:href="http://xbrl.fasb.org/us-gaap/2012/elts/us-gaap-2012-01-31.xsd#us-gaap_LiabilitiesAndStockholdersEquity" xlink:label="us-gaap_LiabilitiesAndStockholdersEquity" />
      <link:labelArc xlink:arcrole="http://www.xbrl.org/2003/arcrole/concept-label" xlink:from="us-gaap_LiabilitiesAndStockholdersEquity" xlink:to="us-gaap_LiabilitiesAndStockholdersEquity_lbl" xlink:type="arc" />
      <link:label xlink:type="resource" xlink:role="http://www.xbrl.org/2003/role/label" xlink:label="us-gaap_LiabilitiesAndStockholdersEquity_lbl" xml:lang="en-US">Total Liabilities and Stockholders' Deficit</link:label>
      <link:loc xlink:type="locator" xlink:href="http://xbrl.fasb.org/us-gaap/2012/elts/us-gaap-2012-01-31.xsd#us-gaap_PreferredStockSharesAuthorized" xlink:label="us-gaap_PreferredStockSharesAuthorized" />
      <link:labelArc xlink:arcrole="http://www.xbrl.org/2003/arcrole/concept-label" xlink:from="us-gaap_PreferredStockSharesAuthorized" xlink:to="us-gaap_PreferredStockSharesAuthorized_lbl" xlink:type="arc" />
      <link:label xlink:type="resource" xlink:role="http://www.xbrl.org/2003/role/label" xlink:label="us-gaap_PreferredStockSharesAuthorized_lbl" xml:lang="en-US">Preferred stock, shares authorized</link:label>
      <link:loc xlink:type="locator" xlink:href="http://xbrl.fasb.org/us-gaap/2012/elts/us-gaap-2012-01-31.xsd#us-gaap_PreferredStockParOrStatedValuePerShare" xlink:label="us-gaap_PreferredStockParOrStatedValuePerShare" />
      <link:labelArc xlink:arcrole="http://www.xbrl.org/2003/arcrole/concept-label" xlink:from="us-gaap_PreferredStockParOrStatedValuePerShare" xlink:to="us-gaap_PreferredStockParOrStatedValuePerShare_lbl" xlink:type="arc" />
      <link:label xlink:type="resource" xlink:role="http://www.xbrl.org/2003/role/label" xlink:label="us-gaap_PreferredStockParOrStatedValuePerShare_lbl" xml:lang="en-US">Preferred stock, par value</link:label>
      <link:loc xlink:type="locator" xlink:href="http://xbrl.fasb.org/us-gaap/2012/elts/us-gaap-2012-01-31.xsd#us-gaap_PreferredStockSharesIssued" xlink:label="us-gaap_PreferredStockSharesIssued" />
      <link:labelArc xlink:arcrole="http://www.xbrl.org/2003/arcrole/concept-label" xlink:from="us-gaap_PreferredStockSharesIssued" xlink:to="us-gaap_PreferredStockSharesIssued_lbl" xlink:type="arc" />
      <link:label xlink:type="resource" xlink:role="http://www.xbrl.org/2003/role/label" xlink:label="us-gaap_PreferredStockSharesIssued_lbl" xml:lang="en-US">Preferred stock, issued</link:label>
      <link:loc xlink:type="locator" xlink:href="http://xbrl.fasb.org/us-gaap/2012/elts/us-gaap-2012-01-31.xsd#us-gaap_CommonStockSharesAuthorized" xlink:label="us-gaap_CommonStockSharesAuthorized" />
      <link:labelArc xlink:arcrole="http://www.xbrl.org/2003/arcrole/concept-label" xlink:from="us-gaap_CommonStockSharesAuthorized" xlink:to="us-gaap_CommonStockSharesAuthorized_lbl" xlink:type="arc" />
      <link:label xlink:type="resource" xlink:role="http://www.xbrl.org/2003/role/label" xlink:label="us-gaap_CommonStockSharesAuthorized_lbl" xml:lang="en-US">Common stock, shares authorized</link:label>
      <link:loc xlink:type="locator" xlink:href="http://xbrl.fasb.org/us-gaap/2012/elts/us-gaap-2012-01-31.xsd#us-gaap_CommonStockParOrStatedValuePerShare" xlink:label="us-gaap_CommonStockParOrStatedValuePerShare" />
      <link:labelArc xlink:arcrole="http://www.xbrl.org/2003/arcrole/concept-label" xlink:from="us-gaap_CommonStockParOrStatedValuePerShare" xlink:to="us-gaap_CommonStockParOrStatedValuePerShare_lbl" xlink:type="arc" />
      <link:label xlink:type="resource" xlink:role="http://www.xbrl.org/2003/role/label" xlink:label="us-gaap_CommonStockParOrStatedValuePerShare_lbl" xml:lang="en-US">Common stock, par value</link:label>
      <link:loc xlink:type="locator" xlink:href="http://xbrl.fasb.org/us-gaap/2012/elts/us-gaap-2012-01-31.xsd#us-gaap_CommonStockSharesOutstanding" xlink:label="us-gaap_CommonStockSharesOutstanding" />
      <link:labelArc xlink:arcrole="http://www.xbrl.org/2003/arcrole/concept-label" xlink:from="us-gaap_CommonStockSharesOutstanding" xlink:to="us-gaap_CommonStockSharesOutstanding_lbl" xlink:type="arc" />
      <link:label xlink:type="resource" xlink:role="http://www.xbrl.org/2003/role/label" xlink:label="us-gaap_CommonStockSharesOutstanding_lbl" xml:lang="en-US">Common stock, shares outstanding</link:label>
      <link:loc xlink:type="locator" xlink:href="http://xbrl.fasb.org/us-gaap/2012/elts/us-gaap-2012-01-31.xsd#us-gaap_IncomeStatementAbstract" xlink:label="us-gaap_IncomeStatementAbstract" />
      <link:labelArc xlink:arcrole="http://www.xbrl.org/2003/arcrole/concept-label" xlink:from="us-gaap_IncomeStatementAbstract" xlink:to="us-gaap_IncomeStatementAbstract_lbl" xlink:type="arc" />
      <link:label xlink:type="resource" xlink:role="http://www.xbrl.org/2003/role/label" xlink:label="us-gaap_IncomeStatementAbstract_lbl" xml:lang="en-US">Income Statement [Abstract]</link:label>
      <link:loc xlink:type="locator" xlink:href="http://xbrl.fasb.org/us-gaap/2012/elts/us-gaap-2012-01-31.xsd#us-gaap_Revenues" xlink:label="us-gaap_Revenues" />
      <link:labelArc xlink:arcrole="http://www.xbrl.org/2003/arcrole/concept-label" xlink:from="us-gaap_Revenues" xlink:to="us-gaap_Revenues_lbl" xlink:type="arc" />
      <link:label xlink:type="resource" xlink:role="http://www.xbrl.org/2003/role/label" xlink:label="us-gaap_Revenues_lbl" xml:lang="en-US">Revenues</link:label>
      <link:loc xlink:type="locator" xlink:href="http://xbrl.fasb.org/us-gaap/2012/elts/us-gaap-2012-01-31.xsd#us-gaap_CostOfServices" xlink:label="us-gaap_CostOfServices" />
      <link:labelArc xlink:arcrole="http://www.xbrl.org/2003/arcrole/concept-label" xlink:from="us-gaap_CostOfServices" xlink:to="us-gaap_CostOfServices_lbl" xlink:type="arc" />
      <link:label xlink:type="resource" xlink:role="http://www.xbrl.org/2003/role/label" xlink:label="us-gaap_CostOfServices_lbl" xml:lang="en-US">Costs of Services</link:label>
      <link:loc xlink:type="locator" xlink:href="http://xbrl.fasb.org/us-gaap/2012/elts/us-gaap-2012-01-31.xsd#us-gaap_GrossProfit" xlink:label="us-gaap_GrossProfit" />
      <link:labelArc xlink:arcrole="http://www.xbrl.org/2003/arcrole/concept-label" xlink:from="us-gaap_GrossProfit" xlink:to="us-gaap_GrossProfit_lbl" xlink:type="arc" />
      <link:label xlink:type="resource" xlink:role="http://www.xbrl.org/2003/role/totalLabel" xlink:label="us-gaap_GrossProfit_lbl" xml:lang="en-US">Gross Margin</link:label>
      <link:loc xlink:type="locator" xlink:href="http://xbrl.fasb.org/us-gaap/2012/elts/us-gaap-2012-01-31.xsd#us-gaap_OperatingExpensesAbstract" xlink:label="us-gaap_OperatingExpensesAbstract" />
      <link:labelArc xlink:arcrole="http://www.xbrl.org/2003/arcrole/concept-label" xlink:from="us-gaap_OperatingExpensesAbstract" xlink:to="us-gaap_OperatingExpensesAbstract_lbl" xlink:type="arc" />
      <link:label xlink:type="resource" xlink:role="http://www.xbrl.org/2003/role/label" xlink:label="us-gaap_OperatingExpensesAbstract_lbl" xml:lang="en-US">Operating Expenses:</link:label>
      <link:loc xlink:type="locator" xlink:href="http://xbrl.fasb.org/us-gaap/2012/elts/us-gaap-2012-01-31.xsd#us-gaap_ShareBasedCompensation" xlink:label="us-gaap_ShareBasedCompensation" />
      <link:labelArc xlink:arcrole="http://www.xbrl.org/2003/arcrole/concept-label" xlink:from="us-gaap_ShareBasedCompensation" xlink:to="us-gaap_ShareBasedCompensation_lbl" xlink:type="arc" />
      <link:label xlink:type="resource" xlink:role="http://www.xbrl.org/2003/role/label" xlink:label="us-gaap_ShareBasedCompensation_lbl" xml:lang="en-US">Stock for Services</link:label>
      <link:loc xlink:type="locator" xlink:href="gwpc-20120831.xsd#gwpc_Salaries" xlink:label="gwpc_Salaries" />
      <link:labelArc xlink:arcrole="http://www.xbrl.org/2003/arcrole/concept-label" xlink:from="gwpc_Salaries" xlink:to="gwpc_Salaries_lbl" xlink:type="arc" />
      <link:label xlink:type="resource" xlink:role="http://www.xbrl.org/2003/role/label" xlink:label="gwpc_Salaries_lbl" xml:lang="en-US">Salaries</link:label>
      <link:loc xlink:type="locator" xlink:href="http://xbrl.fasb.org/us-gaap/2012/elts/us-gaap-2012-01-31.xsd#us-gaap_GeneralAndAdministrativeExpense" xlink:label="us-gaap_GeneralAndAdministrativeExpense" />
      <link:labelArc xlink:arcrole="http://www.xbrl.org/2003/arcrole/concept-label" xlink:from="us-gaap_GeneralAndAdministrativeExpense" xlink:to="us-gaap_GeneralAndAdministrativeExpense_lbl" xlink:type="arc" />
      <link:label xlink:type="resource" xlink:role="http://www.xbrl.org/2003/role/label" xlink:label="us-gaap_GeneralAndAdministrativeExpense_lbl" xml:lang="en-US">General and Administrative</link:label>
      <link:loc xlink:type="locator" xlink:href="http://xbrl.fasb.org/us-gaap/2012/elts/us-gaap-2012-01-31.xsd#us-gaap_OperatingExpenses" xlink:label="us-gaap_OperatingExpenses" />
      <link:labelArc xlink:arcrole="http://www.xbrl.org/2003/arcrole/concept-label" xlink:from="us-gaap_OperatingExpenses" xlink:to="us-gaap_OperatingExpenses_lbl" xlink:type="arc" />
      <link:label xlink:type="resource" xlink:role="http://www.xbrl.org/2003/role/totalLabel" xlink:label="us-gaap_OperatingExpenses_lbl" xml:lang="en-US">Operating Expenses</link:label>
      <link:loc xlink:type="locator" xlink:href="http://xbrl.fasb.org/us-gaap/2012/elts/us-gaap-2012-01-31.xsd#us-gaap_OperatingIncomeLoss" xlink:label="us-gaap_OperatingIncomeLoss" />
      <link:labelArc xlink:arcrole="http://www.xbrl.org/2003/arcrole/concept-label" xlink:from="us-gaap_OperatingIncomeLoss" xlink:to="us-gaap_OperatingIncomeLoss_lbl" xlink:type="arc" />
      <link:label xlink:type="resource" xlink:role="http://www.xbrl.org/2003/role/totalLabel" xlink:label="us-gaap_OperatingIncomeLoss_lbl" xml:lang="en-US">Operating (Loss)</link:label>
      <link:loc xlink:type="locator" xlink:href="http://xbrl.fasb.org/us-gaap/2012/elts/us-gaap-2012-01-31.xsd#us-gaap_IncomeLossFromContinuingOperationsBeforeInterestExpenseInterestIncomeIncomeTaxesExtraordinaryItemsNoncontrollingInterestsNet" xlink:label="us-gaap_IncomeLossFromContinuingOperationsBeforeInterestExpenseInterestIncomeIncomeTaxesExtraordinaryItemsNoncontrollingInterestsNet" />
      <link:labelArc xlink:arcrole="http://www.xbrl.org/2003/arcrole/concept-label" xlink:from="us-gaap_IncomeLossFromContinuingOperationsBeforeInterestExpenseInterestIncomeIncomeTaxesExtraordinaryItemsNoncontrollingInterestsNet" xlink:to="us-gaap_IncomeLossFromContinuingOperationsBeforeInterestExpenseInterestIncomeIncomeTaxesExtraordinaryItemsNoncontrollingInterestsNet_lbl" xlink:type="arc" />
      <link:label xlink:type="resource" xlink:role="http://www.xbrl.org/2003/role/label" xlink:label="us-gaap_IncomeLossFromContinuingOperationsBeforeInterestExpenseInterestIncomeIncomeTaxesExtraordinaryItemsNoncontrollingInterestsNet_lbl" xml:lang="en-US">Gain (Loss) Before Taxes</link:label>
      <link:loc xlink:type="locator" xlink:href="http://xbrl.fasb.org/us-gaap/2012/elts/us-gaap-2012-01-31.xsd#us-gaap_IncomeTaxesPaid" xlink:label="us-gaap_IncomeTaxesPaid" />
      <link:labelArc xlink:arcrole="http://www.xbrl.org/2003/arcrole/concept-label" xlink:from="us-gaap_IncomeTaxesPaid" xlink:to="us-gaap_IncomeTaxesPaid_lbl" xlink:type="arc" />
      <link:label xlink:type="resource" xlink:role="http://www.xbrl.org/2003/role/label" xlink:label="us-gaap_IncomeTaxesPaid_lbl" xml:lang="en-US">Income Tax</link:label>
      <link:loc xlink:type="locator" xlink:href="http://xbrl.fasb.org/us-gaap/2012/elts/us-gaap-2012-01-31.xsd#us-gaap_NetIncomeLoss" xlink:label="us-gaap_NetIncomeLoss" />
      <link:labelArc xlink:arcrole="http://www.xbrl.org/2003/arcrole/concept-label" xlink:from="us-gaap_NetIncomeLoss" xlink:to="us-gaap_NetIncomeLoss_lbl" xlink:type="arc" />
      <link:label xlink:type="resource" xlink:role="http://www.xbrl.org/2003/role/label" xlink:label="us-gaap_NetIncomeLoss_lbl" xml:lang="en-US">Net Income (Loss)</link:label>
      <link:loc xlink:type="locator" xlink:href="http://xbrl.fasb.org/us-gaap/2012/elts/us-gaap-2012-01-31.xsd#us-gaap_EarningsPerShareBasicAndDiluted" xlink:label="us-gaap_EarningsPerShareBasicAndDiluted" />
      <link:labelArc xlink:arcrole="http://www.xbrl.org/2003/arcrole/concept-label" xlink:from="us-gaap_EarningsPerShareBasicAndDiluted" xlink:to="us-gaap_EarningsPerShareBasicAndDiluted_lbl" xlink:type="arc" />
      <link:label xlink:type="resource" xlink:role="http://www.xbrl.org/2003/role/label" xlink:label="us-gaap_EarningsPerShareBasicAndDiluted_lbl" xml:lang="en-US">Loss per Share, Basic &amp; Diluted</link:label>
      <link:loc xlink:type="locator" xlink:href="http://xbrl.fasb.org/us-gaap/2012/elts/us-gaap-2012-01-31.xsd#us-gaap_WeightedAverageNumberOfShareOutstandingBasicAndDiluted" xlink:label="us-gaap_WeightedAverageNumberOfShareOutstandingBasicAndDiluted" />
      <link:labelArc xlink:arcrole="http://www.xbrl.org/2003/arcrole/concept-label" xlink:from="us-gaap_WeightedAverageNumberOfShareOutstandingBasicAndDiluted" xlink:to="us-gaap_WeightedAverageNumberOfShareOutstandingBasicAndDiluted_lbl" xlink:type="arc" />
      <link:label xlink:type="resource" xlink:role="http://www.xbrl.org/2003/role/label" xlink:label="us-gaap_WeightedAverageNumberOfShareOutstandingBasicAndDiluted_lbl" xml:lang="en-US">Weighted Average Shares Outstanding</link:label>
      <link:loc xlink:type="locator" xlink:href="http://xbrl.fasb.org/us-gaap/2012/elts/us-gaap-2012-01-31.xsd#us-gaap_StatementOfCashFlowsAbstract" xlink:label="us-gaap_StatementOfCashFlowsAbstract" />
      <link:labelArc xlink:arcrole="http://www.xbrl.org/2003/arcrole/concept-label" xlink:from="us-gaap_StatementOfCashFlowsAbstract" xlink:to="us-gaap_StatementOfCashFlowsAbstract_lbl" xlink:type="arc" />
      <link:label xlink:type="resource" xlink:role="http://www.xbrl.org/2003/role/label" xlink:label="us-gaap_StatementOfCashFlowsAbstract_lbl" xml:lang="en-US">Statement of Cash Flows [Abstract]</link:label>
      <link:loc xlink:type="locator" xlink:href="http://xbrl.fasb.org/us-gaap/2012/elts/us-gaap-2012-01-31.xsd#us-gaap_NetCashProvidedByUsedInOperatingActivitiesAbstract" xlink:label="us-gaap_NetCashProvidedByUsedInOperatingActivitiesAbstract" />
      <link:labelArc xlink:arcrole="http://www.xbrl.org/2003/arcrole/concept-label" xlink:from="us-gaap_NetCashProvidedByUsedInOperatingActivitiesAbstract" xlink:to="us-gaap_NetCashProvidedByUsedInOperatingActivitiesAbstract_lbl" xlink:type="arc" />
      <link:label xlink:type="resource" xlink:role="http://www.xbrl.org/2003/role/label" xlink:label="us-gaap_NetCashProvidedByUsedInOperatingActivitiesAbstract_lbl" xml:lang="en-US">CASH FLOW FROM OPERATING ACTIVITIES:</link:label>
      <link:loc xlink:type="locator" xlink:href="http://xbrl.fasb.org/us-gaap/2012/elts/us-gaap-2012-01-31.xsd#us-gaap_AdjustmentsToReconcileNetIncomeLossToCashProvidedByUsedInOperatingActivitiesAbstract" xlink:label="us-gaap_AdjustmentsToReconcileNetIncomeLossToCashProvidedByUsedInOperatingActivitiesAbstract" />
      <link:labelArc xlink:arcrole="http://www.xbrl.org/2003/arcrole/concept-label" xlink:from="us-gaap_AdjustmentsToReconcileNetIncomeLossToCashProvidedByUsedInOperatingActivitiesAbstract" xlink:to="us-gaap_AdjustmentsToReconcileNetIncomeLossToCashProvidedByUsedInOperatingActivitiesAbstract_lbl" xlink:type="arc" />
      <link:label xlink:type="resource" xlink:role="http://www.xbrl.org/2003/role/label" xlink:label="us-gaap_AdjustmentsToReconcileNetIncomeLossToCashProvidedByUsedInOperatingActivitiesAbstract_lbl" xml:lang="en-US">Adjustments to reconcile net loss to net cash used by operating activities:</link:label>
      <link:loc xlink:type="locator" xlink:href="gwpc-20120831.xsd#gwpc_SharesIssuedForServicesAndContributedServices" xlink:label="gwpc_SharesIssuedForServicesAndContributedServices" />
      <link:labelArc xlink:arcrole="http://www.xbrl.org/2003/arcrole/concept-label" xlink:from="gwpc_SharesIssuedForServicesAndContributedServices" xlink:to="gwpc_SharesIssuedForServicesAndContributedServices_lbl" xlink:type="arc" />
      <link:label xlink:type="resource" xlink:role="http://www.xbrl.org/2003/role/label" xlink:label="gwpc_SharesIssuedForServicesAndContributedServices_lbl" xml:lang="en-US">Shares issued for Services and contributed services</link:label>
      <link:loc xlink:type="locator" xlink:href="http://xbrl.fasb.org/us-gaap/2012/elts/us-gaap-2012-01-31.xsd#us-gaap_IncreaseDecreaseInOperatingCapitalAbstract" xlink:label="us-gaap_IncreaseDecreaseInOperatingCapitalAbstract" />
      <link:labelArc xlink:arcrole="http://www.xbrl.org/2003/arcrole/concept-label" xlink:from="us-gaap_IncreaseDecreaseInOperatingCapitalAbstract" xlink:to="us-gaap_IncreaseDecreaseInOperatingCapitalAbstract_lbl" xlink:type="arc" />
      <link:label xlink:type="resource" xlink:role="http://www.xbrl.org/2003/role/label" xlink:label="us-gaap_IncreaseDecreaseInOperatingCapitalAbstract_lbl" xml:lang="en-US">Changes in Operating Assets and Liabilities:</link:label>
      <link:loc xlink:type="locator" xlink:href="http://xbrl.fasb.org/us-gaap/2012/elts/us-gaap-2012-01-31.xsd#us-gaap_IncreaseDecreaseInInventories" xlink:label="us-gaap_IncreaseDecreaseInInventories" />
      <link:labelArc xlink:arcrole="http://www.xbrl.org/2003/arcrole/concept-label" xlink:from="us-gaap_IncreaseDecreaseInInventories" xlink:to="us-gaap_IncreaseDecreaseInInventories_lbl" xlink:type="arc" />
      <link:label xlink:type="resource" xlink:role="http://www.xbrl.org/2003/role/label" xlink:label="us-gaap_IncreaseDecreaseInInventories_lbl" xml:lang="en-US">Increase in Inventory</link:label>
      <link:loc xlink:type="locator" xlink:href="http://xbrl.fasb.org/us-gaap/2012/elts/us-gaap-2012-01-31.xsd#us-gaap_IncreaseDecreaseInAccountsPayable" xlink:label="us-gaap_IncreaseDecreaseInAccountsPayable" />
      <link:labelArc xlink:arcrole="http://www.xbrl.org/2003/arcrole/concept-label" xlink:from="us-gaap_IncreaseDecreaseInAccountsPayable" xlink:to="us-gaap_IncreaseDecreaseInAccountsPayable_lbl" xlink:type="arc" />
      <link:label xlink:type="resource" xlink:role="http://www.xbrl.org/2003/role/label" xlink:label="us-gaap_IncreaseDecreaseInAccountsPayable_lbl" xml:lang="en-US">Increase in Accounts Payable</link:label>
      <link:loc xlink:type="locator" xlink:href="http://xbrl.fasb.org/us-gaap/2012/elts/us-gaap-2012-01-31.xsd#us-gaap_NetCashProvidedByUsedInOperatingActivities" xlink:label="us-gaap_NetCashProvidedByUsedInOperatingActivities" />
      <link:labelArc xlink:arcrole="http://www.xbrl.org/2003/arcrole/concept-label" xlink:from="us-gaap_NetCashProvidedByUsedInOperatingActivities" xlink:to="us-gaap_NetCashProvidedByUsedInOperatingActivities_lbl" xlink:type="arc" />
      <link:label xlink:type="resource" xlink:role="http://www.xbrl.org/2003/role/label" xlink:label="us-gaap_NetCashProvidedByUsedInOperatingActivities_lbl" xml:lang="en-US">Net Cash (Used) in Operating Activities</link:label>
      <link:loc xlink:type="locator" xlink:href="http://xbrl.fasb.org/us-gaap/2012/elts/us-gaap-2012-01-31.xsd#us-gaap_NetCashProvidedByUsedInInvestingActivitiesAbstract" xlink:label="us-gaap_NetCashProvidedByUsedInInvestingActivitiesAbstract" />
      <link:labelArc xlink:arcrole="http://www.xbrl.org/2003/arcrole/concept-label" xlink:from="us-gaap_NetCashProvidedByUsedInInvestingActivitiesAbstract" xlink:to="us-gaap_NetCashProvidedByUsedInInvestingActivitiesAbstract_lbl" xlink:type="arc" />
      <link:label xlink:type="resource" xlink:role="http://www.xbrl.org/2003/role/label" xlink:label="us-gaap_NetCashProvidedByUsedInInvestingActivitiesAbstract_lbl" xml:lang="en-US">CASH FLOWS FROM INVESTING ACTIVITIES:</link:label>
      <link:loc xlink:type="locator" xlink:href="http://xbrl.fasb.org/us-gaap/2012/elts/us-gaap-2012-01-31.xsd#us-gaap_PaymentsToAcquireInterestInSubsidiariesAndAffiliates" xlink:label="us-gaap_PaymentsToAcquireInterestInSubsidiariesAndAffiliates" />
      <link:labelArc xlink:arcrole="http://www.xbrl.org/2003/arcrole/concept-label" xlink:from="us-gaap_PaymentsToAcquireInterestInSubsidiariesAndAffiliates" xlink:to="us-gaap_PaymentsToAcquireInterestInSubsidiariesAndAffiliates_lbl" xlink:type="arc" />
      <link:label xlink:type="resource" xlink:role="http://www.xbrl.org/2003/role/label" xlink:label="us-gaap_PaymentsToAcquireInterestInSubsidiariesAndAffiliates_lbl" xml:lang="en-US">Purchase of Subsidiaries</link:label>
      <link:loc xlink:type="locator" xlink:href="http://xbrl.fasb.org/us-gaap/2012/elts/us-gaap-2012-01-31.xsd#us-gaap_NetCashProvidedByUsedInInvestingActivities" xlink:label="us-gaap_NetCashProvidedByUsedInInvestingActivities" />
      <link:labelArc xlink:arcrole="http://www.xbrl.org/2003/arcrole/concept-label" xlink:from="us-gaap_NetCashProvidedByUsedInInvestingActivities" xlink:to="us-gaap_NetCashProvidedByUsedInInvestingActivities_lbl" xlink:type="arc" />
      <link:label xlink:type="resource" xlink:role="http://www.xbrl.org/2003/role/totalLabel" xlink:label="us-gaap_NetCashProvidedByUsedInInvestingActivities_lbl" xml:lang="en-US">Net Cash Used by Investing Activities</link:label>
      <link:loc xlink:type="locator" xlink:href="http://xbrl.fasb.org/us-gaap/2012/elts/us-gaap-2012-01-31.xsd#us-gaap_NetCashProvidedByUsedInFinancingActivitiesAbstract" xlink:label="us-gaap_NetCashProvidedByUsedInFinancingActivitiesAbstract" />
      <link:labelArc xlink:arcrole="http://www.xbrl.org/2003/arcrole/concept-label" xlink:from="us-gaap_NetCashProvidedByUsedInFinancingActivitiesAbstract" xlink:to="us-gaap_NetCashProvidedByUsedInFinancingActivitiesAbstract_lbl" xlink:type="arc" />
      <link:label xlink:type="resource" xlink:role="http://www.xbrl.org/2003/role/label" xlink:label="us-gaap_NetCashProvidedByUsedInFinancingActivitiesAbstract_lbl" xml:lang="en-US">CASH FLOWS FROM FINANCING ACTIVITIES:</link:label>
      <link:loc xlink:type="locator" xlink:href="http://xbrl.fasb.org/us-gaap/2012/elts/us-gaap-2012-01-31.xsd#us-gaap_ProceedsFromRelatedPartyDebt" xlink:label="us-gaap_ProceedsFromRelatedPartyDebt" />
      <link:labelArc xlink:arcrole="http://www.xbrl.org/2003/arcrole/concept-label" xlink:from="us-gaap_ProceedsFromRelatedPartyDebt" xlink:to="us-gaap_ProceedsFromRelatedPartyDebt_lbl" xlink:type="arc" />
      <link:label xlink:type="resource" xlink:role="http://www.xbrl.org/2003/role/label" xlink:label="us-gaap_ProceedsFromRelatedPartyDebt_lbl" xml:lang="en-US">Proceeds from Notes Payable - Related Parties</link:label>
      <link:loc xlink:type="locator" xlink:href="http://xbrl.fasb.org/us-gaap/2012/elts/us-gaap-2012-01-31.xsd#us-gaap_NetCashProvidedByUsedInFinancingActivities" xlink:label="us-gaap_NetCashProvidedByUsedInFinancingActivities" />
      <link:labelArc xlink:arcrole="http://www.xbrl.org/2003/arcrole/concept-label" xlink:from="us-gaap_NetCashProvidedByUsedInFinancingActivities" xlink:to="us-gaap_NetCashProvidedByUsedInFinancingActivities_lbl" xlink:type="arc" />
      <link:label xlink:type="resource" xlink:role="http://www.xbrl.org/2003/role/totalLabel" xlink:label="us-gaap_NetCashProvidedByUsedInFinancingActivities_lbl" xml:lang="en-US">Net Cash Provided by Financing Activities</link:label>
      <link:loc xlink:type="locator" xlink:href="http://xbrl.fasb.org/us-gaap/2012/elts/us-gaap-2012-01-31.xsd#us-gaap_CashAndCashEquivalentsPeriodIncreaseDecrease" xlink:label="us-gaap_CashAndCashEquivalentsPeriodIncreaseDecrease" />
      <link:labelArc xlink:arcrole="http://www.xbrl.org/2003/arcrole/concept-label" xlink:from="us-gaap_CashAndCashEquivalentsPeriodIncreaseDecrease" xlink:to="us-gaap_CashAndCashEquivalentsPeriodIncreaseDecrease_lbl" xlink:type="arc" />
      <link:label xlink:type="resource" xlink:role="http://www.xbrl.org/2003/role/label" xlink:label="us-gaap_CashAndCashEquivalentsPeriodIncreaseDecrease_lbl" xml:lang="en-US">Net (Decrease) Increase in Cash</link:label>
      <link:loc xlink:type="locator" xlink:href="http://xbrl.fasb.org/us-gaap/2012/elts/us-gaap-2012-01-31.xsd#us-gaap_CashAndCashEquivalentsAtCarryingValue" xlink:label="us-gaap_CashAndCashEquivalentsAtCarryingValue" />
      <link:labelArc xlink:arcrole="http://www.xbrl.org/2003/arcrole/concept-label" xlink:from="us-gaap_CashAndCashEquivalentsAtCarryingValue" xlink:to="us-gaap_CashAndCashEquivalentsAtCarryingValue_lbl" xlink:type="arc" />
      <link:label xlink:type="resource" xlink:role="http://www.xbrl.org/2003/role/periodStartLabel" xlink:label="us-gaap_CashAndCashEquivalentsAtCarryingValue_lbl" xml:lang="en-US">Cash at Beginning of Period</link:label>
      <link:labelArc xlink:arcrole="http://www.xbrl.org/2003/arcrole/concept-label" xlink:from="us-gaap_CashAndCashEquivalentsAtCarryingValue" xlink:to="us-gaap_CashAndCashEquivalentsAtCarryingValue_2_lbl" xlink:type="arc" />
      <link:label xlink:type="resource" xlink:role="http://www.xbrl.org/2003/role/periodEndLabel" xlink:label="us-gaap_CashAndCashEquivalentsAtCarryingValue_2_lbl" xml:lang="en-US">Cash at End of Period</link:label>
      <link:loc xlink:type="locator" xlink:href="http://xbrl.fasb.org/us-gaap/2012/elts/us-gaap-2012-01-31.xsd#us-gaap_SupplementalCashFlowInformationAbstract" xlink:label="us-gaap_SupplementalCashFlowInformationAbstract" />
      <link:labelArc xlink:arcrole="http://www.xbrl.org/2003/arcrole/concept-label" xlink:from="us-gaap_SupplementalCashFlowInformationAbstract" xlink:to="us-gaap_SupplementalCashFlowInformationAbstract_lbl" xlink:type="arc" />
      <link:label xlink:type="resource" xlink:role="http://www.xbrl.org/2003/role/label" xlink:label="us-gaap_SupplementalCashFlowInformationAbstract_lbl" xml:lang="en-US">SUPPLEMENTAL DISCLOSURE OF CASH FLOW INFORMATION:</link:label>
      <link:loc xlink:type="locator" xlink:href="http://xbrl.fasb.org/us-gaap/2012/elts/us-gaap-2012-01-31.xsd#us-gaap_InterestPaid" xlink:label="us-gaap_InterestPaid" />
      <link:labelArc xlink:arcrole="http://www.xbrl.org/2003/arcrole/concept-label" xlink:from="us-gaap_InterestPaid" xlink:to="us-gaap_InterestPaid_lbl" xlink:type="arc" />
      <link:label xlink:type="resource" xlink:role="http://www.xbrl.org/2003/role/label" xlink:label="us-gaap_InterestPaid_lbl" xml:lang="en-US">Cash paid during the year for Interest</link:label>
      <link:labelArc xlink:arcrole="http://www.xbrl.org/2003/arcrole/concept-label" xlink:from="us-gaap_IncomeTaxesPaid" xlink:to="us-gaap_IncomeTaxesPaid_2_lbl" xlink:type="arc" />
      <link:label xlink:type="resource" xlink:role="http://www.xbrl.org/2003/role/verboseLabel" xlink:label="us-gaap_IncomeTaxesPaid_2_lbl" xml:lang="en-US">Cash paid during the year for Franchise and Income Taxes</link:label>
      <link:loc xlink:type="locator" xlink:href="http://xbrl.fasb.org/us-gaap/2012/elts/us-gaap-2012-01-31.xsd#us-gaap_StatementTable" xlink:label="us-gaap_StatementTable" />
      <link:labelArc xlink:arcrole="http://www.xbrl.org/2003/arcrole/concept-label" xlink:from="us-gaap_StatementTable" xlink:to="us-gaap_StatementTable_lbl" xlink:type="arc" />
      <link:label xlink:type="resource" xlink:role="http://www.xbrl.org/2003/role/label" xlink:label="us-gaap_StatementTable_lbl" xml:lang="en-US">Statement [Table]</link:label>
      <link:loc xlink:type="locator" xlink:href="http://xbrl.fasb.org/us-gaap/2012/elts/us-gaap-2012-01-31.xsd#us-gaap_StatementLineItems" xlink:label="us-gaap_StatementLineItems" />
      <link:labelArc xlink:arcrole="http://www.xbrl.org/2003/arcrole/concept-label" xlink:from="us-gaap_StatementLineItems" xlink:to="us-gaap_StatementLineItems_lbl" xlink:type="arc" />
      <link:label xlink:type="resource" xlink:role="http://www.xbrl.org/2003/role/label" xlink:label="us-gaap_StatementLineItems_lbl" xml:lang="en-US">Statement [Line Items]</link:label>
      <link:labelArc xlink:arcrole="http://www.xbrl.org/2003/arcrole/concept-label" xlink:from="us-gaap_StockholdersEquity" xlink:to="us-gaap_StockholdersEquity_2_lbl" xlink:type="arc" />
      <link:label xlink:type="resource" xlink:role="http://www.xbrl.org/2003/role/periodStartLabel" xlink:label="us-gaap_StockholdersEquity_2_lbl" xml:lang="en-US">Balance, Amount</link:label>
      <link:loc xlink:type="locator" xlink:href="http://xbrl.fasb.org/us-gaap/2012/elts/us-gaap-2012-01-31.xsd#us-gaap_SharesIssued" xlink:label="us-gaap_SharesIssued" />
      <link:labelArc xlink:arcrole="http://www.xbrl.org/2003/arcrole/concept-label" xlink:from="us-gaap_SharesIssued" xlink:to="us-gaap_SharesIssued_lbl" xlink:type="arc" />
      <link:label xlink:type="resource" xlink:role="http://www.xbrl.org/2003/role/periodStartLabel" xlink:label="us-gaap_SharesIssued_lbl" xml:lang="en-US">Balance, Shares</link:label>
      <link:loc xlink:type="locator" xlink:href="http://xbrl.fasb.org/us-gaap/2012/elts/us-gaap-2012-01-31.xsd#us-gaap_StockIssuedDuringPeriodValueShareBasedCompensation" xlink:label="us-gaap_StockIssuedDuringPeriodValueShareBasedCompensation" />
      <link:labelArc xlink:arcrole="http://www.xbrl.org/2003/arcrole/concept-label" xlink:from="us-gaap_StockIssuedDuringPeriodValueShareBasedCompensation" xlink:to="us-gaap_StockIssuedDuringPeriodValueShareBasedCompensation_lbl" xlink:type="arc" />
      <link:label xlink:type="resource" xlink:role="http://www.xbrl.org/2003/role/label" xlink:label="us-gaap_StockIssuedDuringPeriodValueShareBasedCompensation_lbl" xml:lang="en-US">Shares issued for services, Amount</link:label>
      <link:loc xlink:type="locator" xlink:href="http://xbrl.fasb.org/us-gaap/2012/elts/us-gaap-2012-01-31.xsd#us-gaap_StockIssuedDuringPeriodSharesShareBasedCompensation" xlink:label="us-gaap_StockIssuedDuringPeriodSharesShareBasedCompensation" />
      <link:labelArc xlink:arcrole="http://www.xbrl.org/2003/arcrole/concept-label" xlink:from="us-gaap_StockIssuedDuringPeriodSharesShareBasedCompensation" xlink:to="us-gaap_StockIssuedDuringPeriodSharesShareBasedCompensation_lbl" xlink:type="arc" />
      <link:label xlink:type="resource" xlink:role="http://www.xbrl.org/2003/role/label" xlink:label="us-gaap_StockIssuedDuringPeriodSharesShareBasedCompensation_lbl" xml:lang="en-US">Shares issued for services, Shares</link:label>
      <link:labelArc xlink:arcrole="http://www.xbrl.org/2003/arcrole/concept-label" xlink:from="us-gaap_NetIncomeLoss" xlink:to="us-gaap_NetIncomeLoss_2_lbl" xlink:type="arc" />
      <link:label xlink:type="resource" xlink:role="http://www.xbrl.org/2003/role/verboseLabel" xlink:label="us-gaap_NetIncomeLoss_2_lbl" xml:lang="en-US">Net Loss</link:label>
      <link:labelArc xlink:arcrole="http://www.xbrl.org/2003/arcrole/concept-label" xlink:from="us-gaap_StockholdersEquity" xlink:to="us-gaap_StockholdersEquity_3_lbl" xlink:type="arc" />
      <link:label xlink:type="resource" xlink:role="http://www.xbrl.org/2003/role/periodEndLabel" xlink:label="us-gaap_StockholdersEquity_3_lbl" xml:lang="en-US">Balance, Amount</link:label>
      <link:labelArc xlink:arcrole="http://www.xbrl.org/2003/arcrole/concept-label" xlink:from="us-gaap_SharesIssued" xlink:to="us-gaap_SharesIssued_2_lbl" xlink:type="arc" />
      <link:label xlink:type="resource" xlink:role="http://www.xbrl.org/2003/role/periodEndLabel" xlink:label="us-gaap_SharesIssued_2_lbl" xml:lang="en-US">Balance, Shares</link:label>
      <link:loc xlink:type="locator" xlink:href="http://xbrl.fasb.org/us-gaap/2012/elts/us-gaap-2012-01-31.xsd#us-gaap_OrganizationConsolidationAndPresentationOfFinancialStatementsAbstract" xlink:label="us-gaap_OrganizationConsolidationAndPresentationOfFinancialStatementsAbstract" />
      <link:labelArc xlink:arcrole="http://www.xbrl.org/2003/arcrole/concept-label" xlink:from="us-gaap_OrganizationConsolidationAndPresentationOfFinancialStatementsAbstract" xlink:to="us-gaap_OrganizationConsolidationAndPresentationOfFinancialStatementsAbstract_lbl" xlink:type="arc" />
      <link:label xlink:type="resource" xlink:role="http://www.xbrl.org/2003/role/label" xlink:label="us-gaap_OrganizationConsolidationAndPresentationOfFinancialStatementsAbstract_lbl" xml:lang="en-US">Organization, Consolidation and Presentation of Financial Statements [Abstract]</link:label>
      <link:loc xlink:type="locator" xlink:href="http://xbrl.fasb.org/us-gaap/2012/elts/us-gaap-2012-01-31.xsd#us-gaap_NatureOfOperations" xlink:label="us-gaap_NatureOfOperations" />
      <link:labelArc xlink:arcrole="http://www.xbrl.org/2003/arcrole/concept-label" xlink:from="us-gaap_NatureOfOperations" xlink:to="us-gaap_NatureOfOperations_lbl" xlink:type="arc" />
      <link:label xlink:type="resource" xlink:role="http://www.xbrl.org/2003/role/label" xlink:label="us-gaap_NatureOfOperations_lbl" xml:lang="en-US">NOTE 1 - ORGANIZATION AND DESCRIPTION OF BUSINESS</link:label>
      <link:loc xlink:type="locator" xlink:href="http://xbrl.fasb.org/us-gaap/2012/elts/us-gaap-2012-01-31.xsd#us-gaap_AccountingPoliciesAbstract" xlink:label="us-gaap_AccountingPoliciesAbstract" />
      <link:labelArc xlink:arcrole="http://www.xbrl.org/2003/arcrole/concept-label" xlink:from="us-gaap_AccountingPoliciesAbstract" xlink:to="us-gaap_AccountingPoliciesAbstract_lbl" xlink:type="arc" />
      <link:label xlink:type="resource" xlink:role="http://www.xbrl.org/2003/role/label" xlink:label="us-gaap_AccountingPoliciesAbstract_lbl" xml:lang="en-US">Accounting Policies [Abstract]</link:label>
      <link:loc xlink:type="locator" xlink:href="http://xbrl.fasb.org/us-gaap/2012/elts/us-gaap-2012-01-31.xsd#us-gaap_SignificantAccountingPoliciesTextBlock" xlink:label="us-gaap_SignificantAccountingPoliciesTextBlock" />
      <link:labelArc xlink:arcrole="http://www.xbrl.org/2003/arcrole/concept-label" xlink:from="us-gaap_SignificantAccountingPoliciesTextBlock" xlink:to="us-gaap_SignificantAccountingPoliciesTextBlock_lbl" xlink:type="arc" />
      <link:label xlink:type="resource" xlink:role="http://www.xbrl.org/2003/role/label" xlink:label="us-gaap_SignificantAccountingPoliciesTextBlock_lbl" xml:lang="en-US">NOTE 2 - SUMMARY OF SIGNIFICANT ACCOUNTING POLICIES</link:label>
      <link:loc xlink:type="locator" xlink:href="http://xbrl.fasb.org/us-gaap/2012/elts/us-gaap-2012-01-31.xsd#us-gaap_LiquidityDisclosureTextBlock" xlink:label="us-gaap_LiquidityDisclosureTextBlock" />
      <link:labelArc xlink:arcrole="http://www.xbrl.org/2003/arcrole/concept-label" xlink:from="us-gaap_LiquidityDisclosureTextBlock" xlink:to="us-gaap_LiquidityDisclosureTextBlock_lbl" xlink:type="arc" />
      <link:label xlink:type="resource" xlink:role="http://www.xbrl.org/2003/role/label" xlink:label="us-gaap_LiquidityDisclosureTextBlock_lbl" xml:lang="en-US">NOTE 3 &#8211; GOING CONCERN</link:label>
      <link:loc xlink:type="locator" xlink:href="http://xbrl.fasb.org/us-gaap/2012/elts/us-gaap-2012-01-31.xsd#us-gaap_RelatedPartyTransactionsAbstract" xlink:label="us-gaap_RelatedPartyTransactionsAbstract" />
      <link:labelArc xlink:arcrole="http://www.xbrl.org/2003/arcrole/concept-label" xlink:from="us-gaap_RelatedPartyTransactionsAbstract" xlink:to="us-gaap_RelatedPartyTransactionsAbstract_lbl" xlink:type="arc" />
      <link:label xlink:type="resource" xlink:role="http://www.xbrl.org/2003/role/label" xlink:label="us-gaap_RelatedPartyTransactionsAbstract_lbl" xml:lang="en-US">Related Party Transactions [Abstract]</link:label>
      <link:loc xlink:type="locator" xlink:href="http://xbrl.fasb.org/us-gaap/2012/elts/us-gaap-2012-01-31.xsd#us-gaap_RelatedPartyTransactionsDisclosureTextBlock" xlink:label="us-gaap_RelatedPartyTransactionsDisclosureTextBlock" />
      <link:labelArc xlink:arcrole="http://www.xbrl.org/2003/arcrole/concept-label" xlink:from="us-gaap_RelatedPartyTransactionsDisclosureTextBlock" xlink:to="us-gaap_RelatedPartyTransactionsDisclosureTextBlock_lbl" xlink:type="arc" />
      <link:label xlink:type="resource" xlink:role="http://www.xbrl.org/2003/role/label" xlink:label="us-gaap_RelatedPartyTransactionsDisclosureTextBlock_lbl" xml:lang="en-US">NOTE 4 RELATED PARTY TRANSACTIONS</link:label>
      <link:loc xlink:type="locator" xlink:href="http://xbrl.fasb.org/us-gaap/2012/elts/us-gaap-2012-01-31.xsd#us-gaap_IncomeTaxDisclosureAbstract" xlink:label="us-gaap_IncomeTaxDisclosureAbstract" />
      <link:labelArc xlink:arcrole="http://www.xbrl.org/2003/arcrole/concept-label" xlink:from="us-gaap_IncomeTaxDisclosureAbstract" xlink:to="us-gaap_IncomeTaxDisclosureAbstract_lbl" xlink:type="arc" />
      <link:label xlink:type="resource" xlink:role="http://www.xbrl.org/2003/role/label" xlink:label="us-gaap_IncomeTaxDisclosureAbstract_lbl" xml:lang="en-US">Income Tax Disclosure [Abstract]</link:label>
      <link:loc xlink:type="locator" xlink:href="http://xbrl.fasb.org/us-gaap/2012/elts/us-gaap-2012-01-31.xsd#us-gaap_IncomeTaxDisclosureTextBlock" xlink:label="us-gaap_IncomeTaxDisclosureTextBlock" />
      <link:labelArc xlink:arcrole="http://www.xbrl.org/2003/arcrole/concept-label" xlink:from="us-gaap_IncomeTaxDisclosureTextBlock" xlink:to="us-gaap_IncomeTaxDisclosureTextBlock_lbl" xlink:type="arc" />
      <link:label xlink:type="resource" xlink:role="http://www.xbrl.org/2003/role/label" xlink:label="us-gaap_IncomeTaxDisclosureTextBlock_lbl" xml:lang="en-US">NOTE 5 - INCOME TAXES</link:label>
      <link:loc xlink:type="locator" xlink:href="http://xbrl.fasb.org/us-gaap/2012/elts/us-gaap-2012-01-31.xsd#us-gaap_EquityAbstract" xlink:label="us-gaap_EquityAbstract" />
      <link:labelArc xlink:arcrole="http://www.xbrl.org/2003/arcrole/concept-label" xlink:from="us-gaap_EquityAbstract" xlink:to="us-gaap_EquityAbstract_lbl" xlink:type="arc" />
      <link:label xlink:type="resource" xlink:role="http://www.xbrl.org/2003/role/label" xlink:label="us-gaap_EquityAbstract_lbl" xml:lang="en-US">Equity [Abstract]</link:label>
      <link:loc xlink:type="locator" xlink:href="http://xbrl.fasb.org/us-gaap/2012/elts/us-gaap-2012-01-31.xsd#us-gaap_StockholdersEquityNoteDisclosureTextBlock" xlink:label="us-gaap_StockholdersEquityNoteDisclosureTextBlock" />
      <link:labelArc xlink:arcrole="http://www.xbrl.org/2003/arcrole/concept-label" xlink:from="us-gaap_StockholdersEquityNoteDisclosureTextBlock" xlink:to="us-gaap_StockholdersEquityNoteDisclosureTextBlock_lbl" xlink:type="arc" />
      <link:label xlink:type="resource" xlink:role="http://www.xbrl.org/2003/role/label" xlink:label="us-gaap_StockholdersEquityNoteDisclosureTextBlock_lbl" xml:lang="en-US">NOTE 6 - COMMON STOCK</link:label>
      <link:loc xlink:type="locator" xlink:href="http://xbrl.fasb.org/us-gaap/2012/elts/us-gaap-2012-01-31.xsd#us-gaap_SubsequentEventsAbstract" xlink:label="us-gaap_SubsequentEventsAbstract" />
      <link:labelArc xlink:arcrole="http://www.xbrl.org/2003/arcrole/concept-label" xlink:from="us-gaap_SubsequentEventsAbstract" xlink:to="us-gaap_SubsequentEventsAbstract_lbl" xlink:type="arc" />
      <link:label xlink:type="resource" xlink:role="http://www.xbrl.org/2003/role/label" xlink:label="us-gaap_SubsequentEventsAbstract_lbl" xml:lang="en-US">Subsequent Events [Abstract]</link:label>
      <link:loc xlink:type="locator" xlink:href="http://xbrl.fasb.org/us-gaap/2012/elts/us-gaap-2012-01-31.xsd#us-gaap_SubsequentEventsTextBlock" xlink:label="us-gaap_SubsequentEventsTextBlock" />
      <link:labelArc xlink:arcrole="http://www.xbrl.org/2003/arcrole/concept-label" xlink:from="us-gaap_SubsequentEventsTextBlock" xlink:to="us-gaap_SubsequentEventsTextBlock_lbl" xlink:type="arc" />
      <link:label xlink:type="resource" xlink:role="http://www.xbrl.org/2003/role/label" xlink:label="us-gaap_SubsequentEventsTextBlock_lbl" xml:lang="en-US">NOTE 7 &#8211; SUBSEQUENT EVENTS</link:label>
      <link:loc xlink:type="locator" xlink:href="http://xbrl.fasb.org/us-gaap/2012/elts/us-gaap-2012-01-31.xsd#us-gaap_BasisOfAccountingPolicyPolicyTextBlock" xlink:label="us-gaap_BasisOfAccountingPolicyPolicyTextBlock" />
      <link:labelArc xlink:arcrole="http://www.xbrl.org/2003/arcrole/concept-label" xlink:from="us-gaap_BasisOfAccountingPolicyPolicyTextBlock" xlink:to="us-gaap_BasisOfAccountingPolicyPolicyTextBlock_lbl" xlink:type="arc" />
      <link:label xlink:type="resource" xlink:role="http://www.xbrl.org/2003/role/label" xlink:label="us-gaap_BasisOfAccountingPolicyPolicyTextBlock_lbl" xml:lang="en-US">Basis of presentation</link:label>
      <link:loc xlink:type="locator" xlink:href="http://xbrl.fasb.org/us-gaap/2012/elts/us-gaap-2012-01-31.xsd#us-gaap_UseOfEstimates" xlink:label="us-gaap_UseOfEstimates" />
      <link:labelArc xlink:arcrole="http://www.xbrl.org/2003/arcrole/concept-label" xlink:from="us-gaap_UseOfEstimates" xlink:to="us-gaap_UseOfEstimates_lbl" xlink:type="arc" />
      <link:label xlink:type="resource" xlink:role="http://www.xbrl.org/2003/role/label" xlink:label="us-gaap_UseOfEstimates_lbl" xml:lang="en-US">Use of estimates</link:label>
      <link:loc xlink:type="locator" xlink:href="http://xbrl.fasb.org/us-gaap/2012/elts/us-gaap-2012-01-31.xsd#us-gaap_CashAndCashEquivalentsPolicyTextBlock" xlink:label="us-gaap_CashAndCashEquivalentsPolicyTextBlock" />
      <link:labelArc xlink:arcrole="http://www.xbrl.org/2003/arcrole/concept-label" xlink:from="us-gaap_CashAndCashEquivalentsPolicyTextBlock" xlink:to="us-gaap_CashAndCashEquivalentsPolicyTextBlock_lbl" xlink:type="arc" />
      <link:label xlink:type="resource" xlink:role="http://www.xbrl.org/2003/role/label" xlink:label="us-gaap_CashAndCashEquivalentsPolicyTextBlock_lbl" xml:lang="en-US">Cash equivalents</link:label>
      <link:loc xlink:type="locator" xlink:href="http://xbrl.fasb.org/us-gaap/2012/elts/us-gaap-2012-01-31.xsd#us-gaap_FairValueOfFinancialInstrumentsPolicy" xlink:label="us-gaap_FairValueOfFinancialInstrumentsPolicy" />
      <link:labelArc xlink:arcrole="http://www.xbrl.org/2003/arcrole/concept-label" xlink:from="us-gaap_FairValueOfFinancialInstrumentsPolicy" xlink:to="us-gaap_FairValueOfFinancialInstrumentsPolicy_lbl" xlink:type="arc" />
      <link:label xlink:type="resource" xlink:role="http://www.xbrl.org/2003/role/label" xlink:label="us-gaap_FairValueOfFinancialInstrumentsPolicy_lbl" xml:lang="en-US">Fair value of financial instruments</link:label>
      <link:loc xlink:type="locator" xlink:href="http://xbrl.fasb.org/us-gaap/2012/elts/us-gaap-2012-01-31.xsd#us-gaap_PropertyPlantAndEquipmentPolicyTextBlock" xlink:label="us-gaap_PropertyPlantAndEquipmentPolicyTextBlock" />
      <link:labelArc xlink:arcrole="http://www.xbrl.org/2003/arcrole/concept-label" xlink:from="us-gaap_PropertyPlantAndEquipmentPolicyTextBlock" xlink:to="us-gaap_PropertyPlantAndEquipmentPolicyTextBlock_lbl" xlink:type="arc" />
      <link:label xlink:type="resource" xlink:role="http://www.xbrl.org/2003/role/label" xlink:label="us-gaap_PropertyPlantAndEquipmentPolicyTextBlock_lbl" xml:lang="en-US">Equipment</link:label>
      <link:loc xlink:type="locator" xlink:href="http://xbrl.fasb.org/us-gaap/2012/elts/us-gaap-2012-01-31.xsd#us-gaap_ImpairmentOrDisposalOfLongLivedAssetsPolicyTextBlock" xlink:label="us-gaap_ImpairmentOrDisposalOfLongLivedAssetsPolicyTextBlock" />
      <link:labelArc xlink:arcrole="http://www.xbrl.org/2003/arcrole/concept-label" xlink:from="us-gaap_ImpairmentOrDisposalOfLongLivedAssetsPolicyTextBlock" xlink:to="us-gaap_ImpairmentOrDisposalOfLongLivedAssetsPolicyTextBlock_lbl" xlink:type="arc" />
      <link:label xlink:type="resource" xlink:role="http://www.xbrl.org/2003/role/label" xlink:label="us-gaap_ImpairmentOrDisposalOfLongLivedAssetsPolicyTextBlock_lbl" xml:lang="en-US">Impairment of long-lived assets</link:label>
      <link:loc xlink:type="locator" xlink:href="http://xbrl.fasb.org/us-gaap/2012/elts/us-gaap-2012-01-31.xsd#us-gaap_CommitmentsAndContingenciesPolicyTextBlock" xlink:label="us-gaap_CommitmentsAndContingenciesPolicyTextBlock" />
      <link:labelArc xlink:arcrole="http://www.xbrl.org/2003/arcrole/concept-label" xlink:from="us-gaap_CommitmentsAndContingenciesPolicyTextBlock" xlink:to="us-gaap_CommitmentsAndContingenciesPolicyTextBlock_lbl" xlink:type="arc" />
      <link:label xlink:type="resource" xlink:role="http://www.xbrl.org/2003/role/label" xlink:label="us-gaap_CommitmentsAndContingenciesPolicyTextBlock_lbl" xml:lang="en-US">Commitments and contingencies</link:label>
      <link:loc xlink:type="locator" xlink:href="http://xbrl.fasb.org/us-gaap/2012/elts/us-gaap-2012-01-31.xsd#us-gaap_RevenueRecognitionPolicyTextBlock" xlink:label="us-gaap_RevenueRecognitionPolicyTextBlock" />
      <link:labelArc xlink:arcrole="http://www.xbrl.org/2003/arcrole/concept-label" xlink:from="us-gaap_RevenueRecognitionPolicyTextBlock" xlink:to="us-gaap_RevenueRecognitionPolicyTextBlock_lbl" xlink:type="arc" />
      <link:label xlink:type="resource" xlink:role="http://www.xbrl.org/2003/role/label" xlink:label="us-gaap_RevenueRecognitionPolicyTextBlock_lbl" xml:lang="en-US">Revenue recognition</link:label>
      <link:loc xlink:type="locator" xlink:href="http://xbrl.fasb.org/us-gaap/2012/elts/us-gaap-2012-01-31.xsd#us-gaap_IncomeTaxPolicyTextBlock" xlink:label="us-gaap_IncomeTaxPolicyTextBlock" />
      <link:labelArc xlink:arcrole="http://www.xbrl.org/2003/arcrole/concept-label" xlink:from="us-gaap_IncomeTaxPolicyTextBlock" xlink:to="us-gaap_IncomeTaxPolicyTextBlock_lbl" xlink:type="arc" />
      <link:label xlink:type="resource" xlink:role="http://www.xbrl.org/2003/role/label" xlink:label="us-gaap_IncomeTaxPolicyTextBlock_lbl" xml:lang="en-US">Income taxes</link:label>
      <link:loc xlink:type="locator" xlink:href="http://xbrl.fasb.org/us-gaap/2012/elts/us-gaap-2012-01-31.xsd#us-gaap_EarningsPerSharePolicyTextBlock" xlink:label="us-gaap_EarningsPerSharePolicyTextBlock" />
      <link:labelArc xlink:arcrole="http://www.xbrl.org/2003/arcrole/concept-label" xlink:from="us-gaap_EarningsPerSharePolicyTextBlock" xlink:to="us-gaap_EarningsPerSharePolicyTextBlock_lbl" xlink:type="arc" />
      <link:label xlink:type="resource" xlink:role="http://www.xbrl.org/2003/role/label" xlink:label="us-gaap_EarningsPerSharePolicyTextBlock_lbl" xml:lang="en-US">Net income (loss) per common share</link:label>
      <link:loc xlink:type="locator" xlink:href="http://xbrl.fasb.org/us-gaap/2012/elts/us-gaap-2012-01-31.xsd#us-gaap_AdvertisingCostsPolicyTextBlock" xlink:label="us-gaap_AdvertisingCostsPolicyTextBlock" />
      <link:labelArc xlink:arcrole="http://www.xbrl.org/2003/arcrole/concept-label" xlink:from="us-gaap_AdvertisingCostsPolicyTextBlock" xlink:to="us-gaap_AdvertisingCostsPolicyTextBlock_lbl" xlink:type="arc" />
      <link:label xlink:type="resource" xlink:role="http://www.xbrl.org/2003/role/label" xlink:label="us-gaap_AdvertisingCostsPolicyTextBlock_lbl" xml:lang="en-US">Advertising Costs</link:label>
      <link:loc xlink:type="locator" xlink:href="http://xbrl.fasb.org/us-gaap/2012/elts/us-gaap-2012-01-31.xsd#us-gaap_NewAccountingPronouncementsPolicyPolicyTextBlock" xlink:label="us-gaap_NewAccountingPronouncementsPolicyPolicyTextBlock" />
      <link:labelArc xlink:arcrole="http://www.xbrl.org/2003/arcrole/concept-label" xlink:from="us-gaap_NewAccountingPronouncementsPolicyPolicyTextBlock" xlink:to="us-gaap_NewAccountingPronouncementsPolicyPolicyTextBlock_lbl" xlink:type="arc" />
      <link:label xlink:type="resource" xlink:role="http://www.xbrl.org/2003/role/label" xlink:label="us-gaap_NewAccountingPronouncementsPolicyPolicyTextBlock_lbl" xml:lang="en-US">Recently issued accounting pronouncements</link:label>
      <link:loc xlink:type="locator" xlink:href="gwpc-20120831.xsd#gwpc_DisclosureIncomeTaxesTableAbstract" xlink:label="gwpc_DisclosureIncomeTaxesTableAbstract" />
      <link:labelArc xlink:arcrole="http://www.xbrl.org/2003/arcrole/concept-label" xlink:from="gwpc_DisclosureIncomeTaxesTableAbstract" xlink:to="gwpc_DisclosureIncomeTaxesTableAbstract_lbl" xlink:type="arc" />
      <link:label xlink:type="resource" xlink:role="http://www.xbrl.org/2003/role/label" xlink:label="gwpc_DisclosureIncomeTaxesTableAbstract_lbl" xml:lang="en-US">Note 5 - Income Taxes Tables</link:label>
      <link:loc xlink:type="locator" xlink:href="http://xbrl.fasb.org/us-gaap/2012/elts/us-gaap-2012-01-31.xsd#us-gaap_ScheduleOfDeferredTaxAssetsAndLiabilitiesTableTextBlock" xlink:label="us-gaap_ScheduleOfDeferredTaxAssetsAndLiabilitiesTableTextBlock" />
      <link:labelArc xlink:arcrole="http://www.xbrl.org/2003/arcrole/concept-label" xlink:from="us-gaap_ScheduleOfDeferredTaxAssetsAndLiabilitiesTableTextBlock" xlink:to="us-gaap_ScheduleOfDeferredTaxAssetsAndLiabilitiesTableTextBlock_lbl" xlink:type="arc" />
      <link:label xlink:type="resource" xlink:role="http://www.xbrl.org/2003/role/label" xlink:label="us-gaap_ScheduleOfDeferredTaxAssetsAndLiabilitiesTableTextBlock_lbl" xml:lang="en-US">Schedule of net deferred tax assets</link:label>
      <link:loc xlink:type="locator" xlink:href="gwpc-20120831.xsd#gwpc_IncomeTaxDisclosureText" xlink:label="gwpc_IncomeTaxDisclosureText" />
      <link:labelArc xlink:arcrole="http://www.xbrl.org/2003/arcrole/concept-label" xlink:from="gwpc_IncomeTaxDisclosureText" xlink:to="gwpc_IncomeTaxDisclosureText_lbl" xlink:type="arc" />
      <link:label xlink:type="resource" xlink:role="http://www.xbrl.org/2003/role/label" xlink:label="gwpc_IncomeTaxDisclosureText_lbl" xml:lang="en-US">Schedule of income tax continuing operations</link:label>
      <link:loc xlink:type="locator" xlink:href="http://xbrl.fasb.org/us-gaap/2012/elts/us-gaap-2012-01-31.xsd#us-gaap_AdvertisingExpense" xlink:label="us-gaap_AdvertisingExpense" />
      <link:labelArc xlink:arcrole="http://www.xbrl.org/2003/arcrole/concept-label" xlink:from="us-gaap_AdvertisingExpense" xlink:to="us-gaap_AdvertisingExpense_lbl" xlink:type="arc" />
      <link:label xlink:type="resource" xlink:role="http://www.xbrl.org/2003/role/verboseLabel" xlink:label="us-gaap_AdvertisingExpense_lbl" xml:lang="en-US">Advertising Costs</link:label>
      <link:loc xlink:type="locator" xlink:href="gwpc-20120831.xsd#gwpc_DisclosureIncomeTaxesScheduleOfNetDeferredTaxAssetsDetailsAbstract" xlink:label="gwpc_DisclosureIncomeTaxesScheduleOfNetDeferredTaxAssetsDetailsAbstract" />
      <link:labelArc xlink:arcrole="http://www.xbrl.org/2003/arcrole/concept-label" xlink:from="gwpc_DisclosureIncomeTaxesScheduleOfNetDeferredTaxAssetsDetailsAbstract" xlink:to="gwpc_DisclosureIncomeTaxesScheduleOfNetDeferredTaxAssetsDetailsAbstract_lbl" xlink:type="arc" />
      <link:label xlink:type="resource" xlink:role="http://www.xbrl.org/2003/role/label" xlink:label="gwpc_DisclosureIncomeTaxesScheduleOfNetDeferredTaxAssetsDetailsAbstract_lbl" xml:lang="en-US">Note 5 - Income Taxes Details</link:label>
      <link:loc xlink:type="locator" xlink:href="http://xbrl.fasb.org/us-gaap/2012/elts/us-gaap-2012-01-31.xsd#us-gaap_DeferredTaxAssetsNetAbstract" xlink:label="us-gaap_DeferredTaxAssetsNetAbstract" />
      <link:labelArc xlink:arcrole="http://www.xbrl.org/2003/arcrole/concept-label" xlink:from="us-gaap_DeferredTaxAssetsNetAbstract" xlink:to="us-gaap_DeferredTaxAssetsNetAbstract_lbl" xlink:type="arc" />
      <link:label xlink:type="resource" xlink:role="http://www.xbrl.org/2003/role/label" xlink:label="us-gaap_DeferredTaxAssetsNetAbstract_lbl" xml:lang="en-US">Deferred tax assets:</link:label>
      <link:loc xlink:type="locator" xlink:href="http://xbrl.fasb.org/us-gaap/2012/elts/us-gaap-2012-01-31.xsd#us-gaap_DeferredTaxAssetsOperatingLossCarryforwards" xlink:label="us-gaap_DeferredTaxAssetsOperatingLossCarryforwards" />
      <link:labelArc xlink:arcrole="http://www.xbrl.org/2003/arcrole/concept-label" xlink:from="us-gaap_DeferredTaxAssetsOperatingLossCarryforwards" xlink:to="us-gaap_DeferredTaxAssetsOperatingLossCarryforwards_lbl" xlink:type="arc" />
      <link:label xlink:type="resource" xlink:role="http://www.xbrl.org/2003/role/label" xlink:label="us-gaap_DeferredTaxAssetsOperatingLossCarryforwards_lbl" xml:lang="en-US">Net operating loss carry forwards</link:label>
      <link:loc xlink:type="locator" xlink:href="http://xbrl.fasb.org/us-gaap/2012/elts/us-gaap-2012-01-31.xsd#us-gaap_DeferredTaxAssetsValuationAllowance" xlink:label="us-gaap_DeferredTaxAssetsValuationAllowance" />
      <link:labelArc xlink:arcrole="http://www.xbrl.org/2003/arcrole/concept-label" xlink:from="us-gaap_DeferredTaxAssetsValuationAllowance" xlink:to="us-gaap_DeferredTaxAssetsValuationAllowance_lbl" xlink:type="arc" />
      <link:label xlink:type="resource" xlink:role="http://www.xbrl.org/2009/role/negatedLabel" xlink:label="us-gaap_DeferredTaxAssetsValuationAllowance_lbl" xml:lang="en-US">Less valuation allowance</link:label>
      <link:loc xlink:type="locator" xlink:href="http://xbrl.fasb.org/us-gaap/2012/elts/us-gaap-2012-01-31.xsd#us-gaap_DeferredTaxAssetsNet" xlink:label="us-gaap_DeferredTaxAssetsNet" />
      <link:labelArc xlink:arcrole="http://www.xbrl.org/2003/arcrole/concept-label" xlink:from="us-gaap_DeferredTaxAssetsNet" xlink:to="us-gaap_DeferredTaxAssetsNet_lbl" xlink:type="arc" />
      <link:label xlink:type="resource" xlink:role="http://www.xbrl.org/2003/role/totalLabel" xlink:label="us-gaap_DeferredTaxAssetsNet_lbl" xml:lang="en-US">Net deferred tax asset</link:label>
      <link:loc xlink:type="locator" xlink:href="gwpc-20120831.xsd#gwpc_DisclosureStockholdersEquityDetailsAbstract" xlink:label="gwpc_DisclosureStockholdersEquityDetailsAbstract" />
      <link:labelArc xlink:arcrole="http://www.xbrl.org/2003/arcrole/concept-label" xlink:from="gwpc_DisclosureStockholdersEquityDetailsAbstract" xlink:to="gwpc_DisclosureStockholdersEquityDetailsAbstract_lbl" xlink:type="arc" />
      <link:label xlink:type="resource" xlink:role="http://www.xbrl.org/2003/role/label" xlink:label="gwpc_DisclosureStockholdersEquityDetailsAbstract_lbl" xml:lang="en-US">Note 6 - Common Stock Details</link:label>
      <link:loc xlink:type="locator" xlink:href="gwpc-20120831.xsd#gwpc_ShareValue" xlink:label="gwpc_ShareValue" />
      <link:labelArc xlink:arcrole="http://www.xbrl.org/2003/arcrole/concept-label" xlink:from="gwpc_ShareValue" xlink:to="gwpc_ShareValue_lbl" xlink:type="arc" />
      <link:label xlink:type="resource" xlink:role="http://www.xbrl.org/2003/role/label" xlink:label="gwpc_ShareValue_lbl" xml:lang="en-US">Share value, per share</link:label>
      <link:loc xlink:type="locator" xlink:href="gwpc-20120831.xsd#gwpc_DisclosureSubsequentEventsNarrativeDetailsAbstract" xlink:label="gwpc_DisclosureSubsequentEventsNarrativeDetailsAbstract" />
      <link:labelArc xlink:arcrole="http://www.xbrl.org/2003/arcrole/concept-label" xlink:from="gwpc_DisclosureSubsequentEventsNarrativeDetailsAbstract" xlink:to="gwpc_DisclosureSubsequentEventsNarrativeDetailsAbstract_lbl" xlink:type="arc" />
      <link:label xlink:type="resource" xlink:role="http://www.xbrl.org/2003/role/label" xlink:label="gwpc_DisclosureSubsequentEventsNarrativeDetailsAbstract_lbl" xml:lang="en-US">Note 7 - Subsequent Events Details</link:label>
      <link:loc xlink:type="locator" xlink:href="http://xbrl.fasb.org/us-gaap/2012/elts/us-gaap-2012-01-31.xsd#us-gaap_StockholdersEquityNoteStockSplitConversionRatio" xlink:label="us-gaap_StockholdersEquityNoteStockSplitConversionRatio" />
      <link:labelArc xlink:arcrole="http://www.xbrl.org/2003/arcrole/concept-label" xlink:from="us-gaap_StockholdersEquityNoteStockSplitConversionRatio" xlink:to="us-gaap_StockholdersEquityNoteStockSplitConversionRatio_lbl" xlink:type="arc" />
      <link:label xlink:type="resource" xlink:role="http://www.xbrl.org/2003/role/label" xlink:label="us-gaap_StockholdersEquityNoteStockSplitConversionRatio_lbl" xml:lang="en-US">Reverse Stock Split Ratio of Outstanding Common Stock</link:label>
      <link:labelArc xlink:arcrole="http://www.xbrl.org/2003/arcrole/concept-label" xlink:from="gwpc_SharesIssuedForServicesAndContributedServices" xlink:to="gwpc_SharesIssuedForServicesAndContributedServices_doc" xlink:type="arc" />
      <link:label xlink:type="resource" xlink:role="http://www.xbrl.org/2003/role/documentation" xlink:label="gwpc_SharesIssuedForServicesAndContributedServices_doc" xml:lang="en-US">Shares issued for Services and contributed services.</link:label>
      <link:labelArc xlink:arcrole="http://www.xbrl.org/2003/arcrole/concept-label" xlink:from="us-gaap_AssetsCurrent" xlink:to="us-gaap_AssetsCurrent_2_lbl" xlink:type="arc" />
      <link:label xlink:type="resource" xlink:role="http://www.xbrl.org/2003/role/label" xlink:label="us-gaap_AssetsCurrent_2_lbl" xml:lang="en-US">Assets, Current</link:label>
      <link:labelArc xlink:arcrole="http://www.xbrl.org/2003/arcrole/concept-label" xlink:from="us-gaap_Assets" xlink:to="us-gaap_Assets_2_lbl" xlink:type="arc" />
      <link:label xlink:type="resource" xlink:role="http://www.xbrl.org/2003/role/label" xlink:label="us-gaap_Assets_2_lbl" xml:lang="en-US">Assets</link:label>
      <link:labelArc xlink:arcrole="http://www.xbrl.org/2003/arcrole/concept-label" xlink:from="us-gaap_LiabilitiesCurrent" xlink:to="us-gaap_LiabilitiesCurrent_2_lbl" xlink:type="arc" />
      <link:label xlink:type="resource" xlink:role="http://www.xbrl.org/2003/role/label" xlink:label="us-gaap_LiabilitiesCurrent_2_lbl" xml:lang="en-US">Liabilities, Current</link:label>
      <link:labelArc xlink:arcrole="http://www.xbrl.org/2003/arcrole/concept-label" xlink:from="us-gaap_StockholdersEquity" xlink:to="us-gaap_StockholdersEquity_4_lbl" xlink:type="arc" />
      <link:label xlink:type="resource" xlink:role="http://www.xbrl.org/2003/role/label" xlink:label="us-gaap_StockholdersEquity_4_lbl" xml:lang="en-US">Stockholders' Equity Attributable to Parent</link:label>
      <link:labelArc xlink:arcrole="http://www.xbrl.org/2003/arcrole/concept-label" xlink:from="us-gaap_GrossProfit" xlink:to="us-gaap_GrossProfit_2_lbl" xlink:type="arc" />
      <link:label xlink:type="resource" xlink:role="http://www.xbrl.org/2003/role/label" xlink:label="us-gaap_GrossProfit_2_lbl" xml:lang="en-US">Gross Profit</link:label>
      <link:labelArc xlink:arcrole="http://www.xbrl.org/2003/arcrole/concept-label" xlink:from="us-gaap_OperatingExpenses" xlink:to="us-gaap_OperatingExpenses_2_lbl" xlink:type="arc" />
      <link:label xlink:type="resource" xlink:role="http://www.xbrl.org/2003/role/label" xlink:label="us-gaap_OperatingExpenses_2_lbl" xml:lang="en-US">Operating Expenses</link:label>
      <link:labelArc xlink:arcrole="http://www.xbrl.org/2003/arcrole/concept-label" xlink:from="us-gaap_OperatingIncomeLoss" xlink:to="us-gaap_OperatingIncomeLoss_2_lbl" xlink:type="arc" />
      <link:label xlink:type="resource" xlink:role="http://www.xbrl.org/2003/role/label" xlink:label="us-gaap_OperatingIncomeLoss_2_lbl" xml:lang="en-US">Operating Income (Loss)</link:label>
      <link:labelArc xlink:arcrole="http://www.xbrl.org/2003/arcrole/concept-label" xlink:from="us-gaap_NetCashProvidedByUsedInInvestingActivities" xlink:to="us-gaap_NetCashProvidedByUsedInInvestingActivities_2_lbl" xlink:type="arc" />
      <link:label xlink:type="resource" xlink:role="http://www.xbrl.org/2003/role/label" xlink:label="us-gaap_NetCashProvidedByUsedInInvestingActivities_2_lbl" xml:lang="en-US">Net Cash Provided by (Used in) Investing Activities</link:label>
      <link:labelArc xlink:arcrole="http://www.xbrl.org/2003/arcrole/concept-label" xlink:from="us-gaap_NetCashProvidedByUsedInFinancingActivities" xlink:to="us-gaap_NetCashProvidedByUsedInFinancingActivities_2_lbl" xlink:type="arc" />
      <link:label xlink:type="resource" xlink:role="http://www.xbrl.org/2003/role/label" xlink:label="us-gaap_NetCashProvidedByUsedInFinancingActivities_2_lbl" xml:lang="en-US">Net Cash Provided by (Used in) Financing Activities</link:label>
      <link:labelArc xlink:arcrole="http://www.xbrl.org/2003/arcrole/concept-label" xlink:from="us-gaap_CashAndCashEquivalentsAtCarryingValue" xlink:to="us-gaap_CashAndCashEquivalentsAtCarryingValue_3_lbl" xlink:type="arc" />
      <link:label xlink:type="resource" xlink:role="http://www.xbrl.org/2003/role/label" xlink:label="us-gaap_CashAndCashEquivalentsAtCarryingValue_3_lbl" xml:lang="en-US">Cash and Cash Equivalents, at Carrying Value</link:label>
      <link:labelArc xlink:arcrole="http://www.xbrl.org/2003/arcrole/concept-label" xlink:from="us-gaap_SharesIssued" xlink:to="us-gaap_SharesIssued_3_lbl" xlink:type="arc" />
      <link:label xlink:type="resource" xlink:role="http://www.xbrl.org/2003/role/label" xlink:label="us-gaap_SharesIssued_3_lbl" xml:lang="en-US">Shares, Issued</link:label>
      <link:labelArc xlink:arcrole="http://www.xbrl.org/2003/arcrole/concept-label" xlink:from="us-gaap_AdvertisingExpense" xlink:to="us-gaap_AdvertisingExpense_2_lbl" xlink:type="arc" />
      <link:label xlink:type="resource" xlink:role="http://www.xbrl.org/2003/role/label" xlink:label="us-gaap_AdvertisingExpense_2_lbl" xml:lang="en-US">Advertising Expense</link:label>
      <link:labelArc xlink:arcrole="http://www.xbrl.org/2003/arcrole/concept-label" xlink:from="us-gaap_DeferredTaxAssetsValuationAllowance" xlink:to="us-gaap_DeferredTaxAssetsValuationAllowance_2_lbl" xlink:type="arc" />
      <link:label xlink:type="resource" xlink:role="http://www.xbrl.org/2003/role/label" xlink:label="us-gaap_DeferredTaxAssetsValuationAllowance_2_lbl" xml:lang="en-US">Deferred Tax Assets, Valuation Allowance</link:label>
      <link:labelArc xlink:arcrole="http://www.xbrl.org/2003/arcrole/concept-label" xlink:from="us-gaap_DeferredTaxAssetsNet" xlink:to="us-gaap_DeferredTaxAssetsNet_2_lbl" xlink:type="arc" />
      <link:label xlink:type="resource" xlink:role="http://www.xbrl.org/2003/role/label" xlink:label="us-gaap_DeferredTaxAssetsNet_2_lbl" xml:lang="en-US">Deferred Tax Assets, Net of Valuation Allowance</link:label>
    </link:labelLink>
</link:linkbase>
