<?xml version="1.0" encoding="US-ASCII" standalone="no"?>
    <!-- Field: Doc-Info; Name: Generator; Value: GoFiler Complete; Version: 3.4b -->
    <!-- Field: Doc-Info; Name: VendorURI; Value: http://www.novaworks.co -->
    <!-- Field: Doc-Info; Name: Source; Value: gwpc.xfr; Date: 2013/01/30T01:11:59 -->
    <!-- Field: Doc-Info; Name: Status; Value: 0x00000000 -->
<link:linkbase xmlns:xsi="http://www.w3.org/2001/XMLSchema-instance" xmlns:xlink="http://www.w3.org/1999/xlink" xmlns:link="http://www.xbrl.org/2003/linkbase" xmlns:xbrli="http://www.xbrl.org/2003/instance" xsi:schemaLocation="http://www.xbrl.org/2003/linkbase http://www.xbrl.org/2003/xbrl-linkbase-2003-12-31.xsd">
    <link:roleRef roleURI="http://wholehealthproducts.com/role/DocumentAndEntityInformation" xlink:href="gwpc-20120831.xsd#DocumentAndEntityInformation" xlink:type="simple" />
    <link:roleRef roleURI="http://wholehealthproducts.com/role/BalanceSheets" xlink:href="gwpc-20120831.xsd#BalanceSheets" xlink:type="simple" />
    <link:roleRef roleURI="http://wholehealthproducts.com/role/BalanceSheetsParenthetical" xlink:href="gwpc-20120831.xsd#BalanceSheetsParenthetical" xlink:type="simple" />
    <link:roleRef roleURI="http://wholehealthproducts.com/role/StatementsOfOperations" xlink:href="gwpc-20120831.xsd#StatementsOfOperations" xlink:type="simple" />
    <link:roleRef roleURI="http://wholehealthproducts.com/role/StatementsOfCashFlows" xlink:href="gwpc-20120831.xsd#StatementsOfCashFlows" xlink:type="simple" />
    <link:roleRef roleURI="http://wholehealthproducts.com/role/ShareholdersEquity" xlink:href="gwpc-20120831.xsd#ShareholdersEquity" xlink:type="simple" />
    <link:roleRef roleURI="http://wholehealthproducts.com/role/Note1-OrganizationAndDescriptionOfBusiness" xlink:href="gwpc-20120831.xsd#Note1-OrganizationAndDescriptionOfBusiness" xlink:type="simple" />
    <link:roleRef roleURI="http://wholehealthproducts.com/role/Note2-SummaryOfSignificantAccountingPolicies" xlink:href="gwpc-20120831.xsd#Note2-SummaryOfSignificantAccountingPolicies" xlink:type="simple" />
    <link:roleRef roleURI="http://wholehealthproducts.com/role/Note3-GoingConcern" xlink:href="gwpc-20120831.xsd#Note3-GoingConcern" xlink:type="simple" />
    <link:roleRef roleURI="http://wholehealthproducts.com/role/Note4-RelatedPartyTransactions" xlink:href="gwpc-20120831.xsd#Note4-RelatedPartyTransactions" xlink:type="simple" />
    <link:roleRef roleURI="http://wholehealthproducts.com/role/Note5-IncomeTaxes" xlink:href="gwpc-20120831.xsd#Note5-IncomeTaxes" xlink:type="simple" />
    <link:roleRef roleURI="http://wholehealthproducts.com/role/Note6-CommonStock" xlink:href="gwpc-20120831.xsd#Note6-CommonStock" xlink:type="simple" />
    <link:roleRef roleURI="http://wholehealthproducts.com/role/Note7-SubsequentEvents" xlink:href="gwpc-20120831.xsd#Note7-SubsequentEvents" xlink:type="simple" />
    <link:roleRef roleURI="http://wholehealthproducts.com/role/Note2-SummaryOfSignificantAccountingPoliciesPolicies" xlink:href="gwpc-20120831.xsd#Note2-SummaryOfSignificantAccountingPoliciesPolicies" xlink:type="simple" />
    <link:roleRef roleURI="http://wholehealthproducts.com/role/Note5-IncomeTaxesTables" xlink:href="gwpc-20120831.xsd#Note5-IncomeTaxesTables" xlink:type="simple" />
    <link:roleRef roleURI="http://wholehealthproducts.com/role/Note2-SummaryOfSignificantAccountingPoliciesDetails" xlink:href="gwpc-20120831.xsd#Note2-SummaryOfSignificantAccountingPoliciesDetails" xlink:type="simple" />
    <link:roleRef roleURI="http://wholehealthproducts.com/role/Note5-IncomeTaxesDetails" xlink:href="gwpc-20120831.xsd#Note5-IncomeTaxesDetails" xlink:type="simple" />
    <link:roleRef roleURI="http://wholehealthproducts.com/role/Note6-CommonStockDetails" xlink:href="gwpc-20120831.xsd#Note6-CommonStockDetails" xlink:type="simple" />
    <link:roleRef roleURI="http://wholehealthproducts.com/role/Note7-SubsequentEventsDetails" xlink:href="gwpc-20120831.xsd#Note7-SubsequentEventsDetails" xlink:type="simple" />
    <link:presentationLink xlink:type="extended" xlink:role="http://wholehealthproducts.com/role/DocumentAndEntityInformation" xlink:title="0001 - Document - Document and Entity Information">
      <link:loc xlink:type="locator" xlink:href="gwpc-20120831.xsd#gwpc_DocumentAndEntityInformationAbstract" xlink:label="loc_gwpcDocumentAndEntityInformationAbstract" />
      <link:loc xlink:type="locator" xlink:href="http://xbrl.sec.gov/dei/2012/dei-2012-01-31.xsd#dei_EntityRegistrantName" xlink:label="loc_gwpcEntityRegistrantName" />
      <link:presentationArc order="0" xlink:arcrole="http://www.xbrl.org/2003/arcrole/parent-child" xlink:from="loc_gwpcDocumentAndEntityInformationAbstract" xlink:to="loc_gwpcEntityRegistrantName" xlink:type="arc" />
      <link:loc xlink:type="locator" xlink:href="http://xbrl.sec.gov/dei/2012/dei-2012-01-31.xsd#dei_EntityCentralIndexKey" xlink:label="loc_gwpcEntityCentralIndexKey" />
      <link:presentationArc order="10" xlink:arcrole="http://www.xbrl.org/2003/arcrole/parent-child" xlink:from="loc_gwpcDocumentAndEntityInformationAbstract" xlink:to="loc_gwpcEntityCentralIndexKey" xlink:type="arc" />
      <link:loc xlink:type="locator" xlink:href="http://xbrl.sec.gov/dei/2012/dei-2012-01-31.xsd#dei_DocumentType" xlink:label="loc_gwpcDocumentType" />
      <link:presentationArc order="20" xlink:arcrole="http://www.xbrl.org/2003/arcrole/parent-child" xlink:from="loc_gwpcDocumentAndEntityInformationAbstract" xlink:to="loc_gwpcDocumentType" xlink:type="arc" />
      <link:loc xlink:type="locator" xlink:href="http://xbrl.sec.gov/dei/2012/dei-2012-01-31.xsd#dei_DocumentPeriodEndDate" xlink:label="loc_gwpcDocumentPeriodEndDate" />
      <link:presentationArc order="30" xlink:arcrole="http://www.xbrl.org/2003/arcrole/parent-child" xlink:from="loc_gwpcDocumentAndEntityInformationAbstract" xlink:to="loc_gwpcDocumentPeriodEndDate" xlink:type="arc" />
      <link:loc xlink:type="locator" xlink:href="http://xbrl.sec.gov/dei/2012/dei-2012-01-31.xsd#dei_AmendmentFlag" xlink:label="loc_gwpcAmendmentFlag" />
      <link:presentationArc order="40" xlink:arcrole="http://www.xbrl.org/2003/arcrole/parent-child" xlink:from="loc_gwpcDocumentAndEntityInformationAbstract" xlink:to="loc_gwpcAmendmentFlag" xlink:type="arc" />
      <link:loc xlink:type="locator" xlink:href="http://xbrl.sec.gov/dei/2012/dei-2012-01-31.xsd#dei_CurrentFiscalYearEndDate" xlink:label="loc_gwpcCurrentFiscalYearEndDate" />
      <link:presentationArc order="50" xlink:arcrole="http://www.xbrl.org/2003/arcrole/parent-child" xlink:from="loc_gwpcDocumentAndEntityInformationAbstract" xlink:to="loc_gwpcCurrentFiscalYearEndDate" xlink:type="arc" />
      <link:loc xlink:type="locator" xlink:href="http://xbrl.sec.gov/dei/2012/dei-2012-01-31.xsd#dei_EntityWellKnownSeasonedIssuer" xlink:label="loc_gwpcEntityWellKnownSeasonedIssuer" />
      <link:presentationArc order="60" xlink:arcrole="http://www.xbrl.org/2003/arcrole/parent-child" xlink:from="loc_gwpcDocumentAndEntityInformationAbstract" xlink:to="loc_gwpcEntityWellKnownSeasonedIssuer" xlink:type="arc" />
      <link:loc xlink:type="locator" xlink:href="http://xbrl.sec.gov/dei/2012/dei-2012-01-31.xsd#dei_EntityVoluntaryFilers" xlink:label="loc_gwpcEntityVoluntaryFilers" />
      <link:presentationArc order="70" xlink:arcrole="http://www.xbrl.org/2003/arcrole/parent-child" xlink:from="loc_gwpcDocumentAndEntityInformationAbstract" xlink:to="loc_gwpcEntityVoluntaryFilers" xlink:type="arc" />
      <link:loc xlink:type="locator" xlink:href="http://xbrl.sec.gov/dei/2012/dei-2012-01-31.xsd#dei_EntityCurrentReportingStatus" xlink:label="loc_gwpcEntityCurrentReportingStatus" />
      <link:presentationArc order="80" xlink:arcrole="http://www.xbrl.org/2003/arcrole/parent-child" xlink:from="loc_gwpcDocumentAndEntityInformationAbstract" xlink:to="loc_gwpcEntityCurrentReportingStatus" xlink:type="arc" />
      <link:loc xlink:type="locator" xlink:href="http://xbrl.sec.gov/dei/2012/dei-2012-01-31.xsd#dei_EntityFilerCategory" xlink:label="loc_gwpcEntityFilerCategory" />
      <link:presentationArc order="90" xlink:arcrole="http://www.xbrl.org/2003/arcrole/parent-child" xlink:from="loc_gwpcDocumentAndEntityInformationAbstract" xlink:to="loc_gwpcEntityFilerCategory" xlink:type="arc" />
      <link:loc xlink:type="locator" xlink:href="http://xbrl.sec.gov/dei/2012/dei-2012-01-31.xsd#dei_EntityPublicFloat" xlink:label="loc_gwpcEntityPublicFloat" />
      <link:presentationArc order="100" xlink:arcrole="http://www.xbrl.org/2003/arcrole/parent-child" xlink:from="loc_gwpcDocumentAndEntityInformationAbstract" xlink:to="loc_gwpcEntityPublicFloat" xlink:type="arc" />
      <link:loc xlink:type="locator" xlink:href="http://xbrl.sec.gov/dei/2012/dei-2012-01-31.xsd#dei_EntityCommonStockSharesOutstanding" xlink:label="loc_gwpcEntityCommonStockSharesOutstanding" />
      <link:presentationArc order="110" xlink:arcrole="http://www.xbrl.org/2003/arcrole/parent-child" xlink:from="loc_gwpcDocumentAndEntityInformationAbstract" xlink:to="loc_gwpcEntityCommonStockSharesOutstanding" xlink:type="arc" />
      <link:loc xlink:type="locator" xlink:href="http://xbrl.sec.gov/dei/2012/dei-2012-01-31.xsd#dei_DocumentFiscalPeriodFocus" xlink:label="loc_gwpcDocumentFiscalPeriodFocus" />
      <link:presentationArc order="120" xlink:arcrole="http://www.xbrl.org/2003/arcrole/parent-child" xlink:from="loc_gwpcDocumentAndEntityInformationAbstract" xlink:to="loc_gwpcDocumentFiscalPeriodFocus" xlink:type="arc" />
      <link:loc xlink:type="locator" xlink:href="http://xbrl.sec.gov/dei/2012/dei-2012-01-31.xsd#dei_DocumentFiscalYearFocus" xlink:label="loc_gwpcDocumentFiscalYearFocus" />
      <link:presentationArc order="130" xlink:arcrole="http://www.xbrl.org/2003/arcrole/parent-child" xlink:from="loc_gwpcDocumentAndEntityInformationAbstract" xlink:to="loc_gwpcDocumentFiscalYearFocus" xlink:type="arc" />
      <link:loc xlink:type="locator" xlink:href="http://xbrl.sec.gov/dei/2012/dei-2012-01-31.xsd#dei_AmendmentDescription" xlink:label="loc_gwpcAmendmentDescription" />
      <link:presentationArc order="140" xlink:arcrole="http://www.xbrl.org/2003/arcrole/parent-child" xlink:from="loc_gwpcDocumentAndEntityInformationAbstract" xlink:to="loc_gwpcAmendmentDescription" xlink:type="arc" />
    </link:presentationLink>
    <link:presentationLink xlink:type="extended" xlink:role="http://wholehealthproducts.com/role/BalanceSheets" xlink:title="0002 - Statement - Balance Sheets">
      <link:loc xlink:type="locator" xlink:href="http://xbrl.fasb.org/us-gaap/2012/elts/us-gaap-2012-01-31.xsd#us-gaap_StatementOfFinancialPositionAbstract" xlink:label="loc_gwpcStatementOfFinancialPositionAbstract" />
      <link:loc xlink:type="locator" xlink:href="http://xbrl.fasb.org/us-gaap/2012/elts/us-gaap-2012-01-31.xsd#us-gaap_AssetsAbstract" xlink:label="loc_gwpcAssetsAbstract" />
      <link:presentationArc order="0" xlink:arcrole="http://www.xbrl.org/2003/arcrole/parent-child" xlink:from="loc_gwpcStatementOfFinancialPositionAbstract" xlink:to="loc_gwpcAssetsAbstract" xlink:type="arc" />
      <link:loc xlink:type="locator" xlink:href="http://xbrl.fasb.org/us-gaap/2012/elts/us-gaap-2012-01-31.xsd#us-gaap_AssetsCurrentAbstract" xlink:label="loc_gwpcAssetsCurrentAbstract" />
      <link:presentationArc order="10" xlink:arcrole="http://www.xbrl.org/2003/arcrole/parent-child" xlink:from="loc_gwpcAssetsAbstract" xlink:to="loc_gwpcAssetsCurrentAbstract" xlink:type="arc" />
      <link:loc xlink:type="locator" xlink:href="http://xbrl.fasb.org/us-gaap/2012/elts/us-gaap-2012-01-31.xsd#us-gaap_Cash" xlink:label="loc_gwpcCash" />
      <link:presentationArc order="20" xlink:arcrole="http://www.xbrl.org/2003/arcrole/parent-child" xlink:from="loc_gwpcAssetsCurrentAbstract" xlink:to="loc_gwpcCash" xlink:type="arc" />
      <link:loc xlink:type="locator" xlink:href="http://xbrl.fasb.org/us-gaap/2012/elts/us-gaap-2012-01-31.xsd#us-gaap_AccountsReceivableNetCurrent" xlink:label="loc_gwpcAccountsReceivableNetCurrent" />
      <link:presentationArc order="30" xlink:arcrole="http://www.xbrl.org/2003/arcrole/parent-child" xlink:from="loc_gwpcAssetsCurrentAbstract" xlink:to="loc_gwpcAccountsReceivableNetCurrent" xlink:type="arc" />
      <link:loc xlink:type="locator" xlink:href="http://xbrl.fasb.org/us-gaap/2012/elts/us-gaap-2012-01-31.xsd#us-gaap_AssetsCurrent" xlink:label="loc_gwpcAssetsCurrent" />
      <link:presentationArc order="40" xlink:arcrole="http://www.xbrl.org/2003/arcrole/parent-child" xlink:from="loc_gwpcAssetsCurrentAbstract" xlink:to="loc_gwpcAssetsCurrent" xlink:type="arc" preferredLabel="http://www.xbrl.org/2003/role/totalLabel" />
      <link:loc xlink:type="locator" xlink:href="http://xbrl.fasb.org/us-gaap/2012/elts/us-gaap-2012-01-31.xsd#us-gaap_Assets" xlink:label="loc_gwpcAssets" />
      <link:presentationArc order="50" xlink:arcrole="http://www.xbrl.org/2003/arcrole/parent-child" xlink:from="loc_gwpcAssetsCurrentAbstract" xlink:to="loc_gwpcAssets" xlink:type="arc" preferredLabel="http://www.xbrl.org/2003/role/totalLabel" />
      <link:loc xlink:type="locator" xlink:href="http://xbrl.fasb.org/us-gaap/2012/elts/us-gaap-2012-01-31.xsd#us-gaap_LiabilitiesAbstract" xlink:label="loc_gwpcLiabilitiesAbstract" />
      <link:presentationArc order="70" xlink:arcrole="http://www.xbrl.org/2003/arcrole/parent-child" xlink:from="loc_gwpcStatementOfFinancialPositionAbstract" xlink:to="loc_gwpcLiabilitiesAbstract" xlink:type="arc" />
      <link:loc xlink:type="locator" xlink:href="http://xbrl.fasb.org/us-gaap/2012/elts/us-gaap-2012-01-31.xsd#us-gaap_LiabilitiesCurrentAbstract" xlink:label="loc_gwpcLiabilitiesCurrentAbstract" />
      <link:presentationArc order="80" xlink:arcrole="http://www.xbrl.org/2003/arcrole/parent-child" xlink:from="loc_gwpcLiabilitiesAbstract" xlink:to="loc_gwpcLiabilitiesCurrentAbstract" xlink:type="arc" />
      <link:loc xlink:type="locator" xlink:href="http://xbrl.fasb.org/us-gaap/2012/elts/us-gaap-2012-01-31.xsd#us-gaap_AccountsPayableCurrent" xlink:label="loc_gwpcAccountsPayableCurrent" />
      <link:presentationArc order="90" xlink:arcrole="http://www.xbrl.org/2003/arcrole/parent-child" xlink:from="loc_gwpcLiabilitiesCurrentAbstract" xlink:to="loc_gwpcAccountsPayableCurrent" xlink:type="arc" />
      <link:loc xlink:type="locator" xlink:href="http://xbrl.fasb.org/us-gaap/2012/elts/us-gaap-2012-01-31.xsd#us-gaap_DueToRelatedPartiesCurrent" xlink:label="loc_gwpcDueToRelatedPartiesCurrent" />
      <link:presentationArc order="100" xlink:arcrole="http://www.xbrl.org/2003/arcrole/parent-child" xlink:from="loc_gwpcLiabilitiesCurrentAbstract" xlink:to="loc_gwpcDueToRelatedPartiesCurrent" xlink:type="arc" />
      <link:loc xlink:type="locator" xlink:href="http://xbrl.fasb.org/us-gaap/2012/elts/us-gaap-2012-01-31.xsd#us-gaap_LiabilitiesCurrent" xlink:label="loc_gwpcLiabilitiesCurrent" />
      <link:presentationArc order="110" xlink:arcrole="http://www.xbrl.org/2003/arcrole/parent-child" xlink:from="loc_gwpcLiabilitiesCurrentAbstract" xlink:to="loc_gwpcLiabilitiesCurrent" xlink:type="arc" preferredLabel="http://www.xbrl.org/2003/role/totalLabel" />
      <link:loc xlink:type="locator" xlink:href="http://xbrl.fasb.org/us-gaap/2012/elts/us-gaap-2012-01-31.xsd#us-gaap_Liabilities" xlink:label="loc_gwpcLiabilities" />
      <link:presentationArc order="130" xlink:arcrole="http://www.xbrl.org/2003/arcrole/parent-child" xlink:from="loc_gwpcLiabilitiesCurrentAbstract" xlink:to="loc_gwpcLiabilities" xlink:type="arc" />
      <link:loc xlink:type="locator" xlink:href="http://xbrl.fasb.org/us-gaap/2012/elts/us-gaap-2012-01-31.xsd#us-gaap_StockholdersEquityAbstract" xlink:label="loc_gwpcStockholdersEquityAbstract" />
      <link:presentationArc order="150" xlink:arcrole="http://www.xbrl.org/2003/arcrole/parent-child" xlink:from="loc_gwpcStatementOfFinancialPositionAbstract" xlink:to="loc_gwpcStockholdersEquityAbstract" xlink:type="arc" />
      <link:loc xlink:type="locator" xlink:href="http://xbrl.fasb.org/us-gaap/2012/elts/us-gaap-2012-01-31.xsd#us-gaap_PreferredStockValue" xlink:label="loc_gwpcPreferredStockValue" />
      <link:presentationArc order="160" xlink:arcrole="http://www.xbrl.org/2003/arcrole/parent-child" xlink:from="loc_gwpcStockholdersEquityAbstract" xlink:to="loc_gwpcPreferredStockValue" xlink:type="arc" />
      <link:loc xlink:type="locator" xlink:href="http://xbrl.fasb.org/us-gaap/2012/elts/us-gaap-2012-01-31.xsd#us-gaap_CommonStockValue" xlink:label="loc_gwpcCommonStockValue" />
      <link:presentationArc order="170" xlink:arcrole="http://www.xbrl.org/2003/arcrole/parent-child" xlink:from="loc_gwpcStockholdersEquityAbstract" xlink:to="loc_gwpcCommonStockValue" xlink:type="arc" />
      <link:loc xlink:type="locator" xlink:href="http://xbrl.fasb.org/us-gaap/2012/elts/us-gaap-2012-01-31.xsd#us-gaap_AdditionalPaidInCapital" xlink:label="loc_gwpcAdditionalPaidInCapital" />
      <link:presentationArc order="180" xlink:arcrole="http://www.xbrl.org/2003/arcrole/parent-child" xlink:from="loc_gwpcStockholdersEquityAbstract" xlink:to="loc_gwpcAdditionalPaidInCapital" xlink:type="arc" />
      <link:loc xlink:type="locator" xlink:href="http://xbrl.fasb.org/us-gaap/2012/elts/us-gaap-2012-01-31.xsd#us-gaap_RetainedEarningsAccumulatedDeficit" xlink:label="loc_gwpcRetainedEarningsAccumulatedDeficit" />
      <link:presentationArc order="190" xlink:arcrole="http://www.xbrl.org/2003/arcrole/parent-child" xlink:from="loc_gwpcStockholdersEquityAbstract" xlink:to="loc_gwpcRetainedEarningsAccumulatedDeficit" xlink:type="arc" />
      <link:loc xlink:type="locator" xlink:href="http://xbrl.fasb.org/us-gaap/2012/elts/us-gaap-2012-01-31.xsd#us-gaap_StockholdersEquity" xlink:label="loc_gwpcStockholdersEquity" />
      <link:presentationArc order="200" xlink:arcrole="http://www.xbrl.org/2003/arcrole/parent-child" xlink:from="loc_gwpcStockholdersEquityAbstract" xlink:to="loc_gwpcStockholdersEquity" xlink:type="arc" preferredLabel="http://www.xbrl.org/2003/role/totalLabel" />
      <link:loc xlink:type="locator" xlink:href="http://xbrl.fasb.org/us-gaap/2012/elts/us-gaap-2012-01-31.xsd#us-gaap_LiabilitiesAndStockholdersEquity" xlink:label="loc_gwpcLiabilitiesAndStockholdersEquity" />
      <link:presentationArc order="220" xlink:arcrole="http://www.xbrl.org/2003/arcrole/parent-child" xlink:from="loc_gwpcStockholdersEquityAbstract" xlink:to="loc_gwpcLiabilitiesAndStockholdersEquity" xlink:type="arc" />
    </link:presentationLink>
    <link:presentationLink xlink:type="extended" xlink:role="http://wholehealthproducts.com/role/BalanceSheetsParenthetical" xlink:title="0003 - Statement - Balance Sheets (Parenthetical)">
      <link:loc xlink:type="locator" xlink:href="http://xbrl.fasb.org/us-gaap/2012/elts/us-gaap-2012-01-31.xsd#us-gaap_StatementOfFinancialPositionAbstract" xlink:label="loc_gwpcStatementOfFinancialPositionAbstract" />
      <link:loc xlink:type="locator" xlink:href="http://xbrl.fasb.org/us-gaap/2012/elts/us-gaap-2012-01-31.xsd#us-gaap_PreferredStockSharesAuthorized" xlink:label="loc_gwpcPreferredStockSharesAuthorized" />
      <link:presentationArc order="0" xlink:arcrole="http://www.xbrl.org/2003/arcrole/parent-child" xlink:from="loc_gwpcStatementOfFinancialPositionAbstract" xlink:to="loc_gwpcPreferredStockSharesAuthorized" xlink:type="arc" />
      <link:loc xlink:type="locator" xlink:href="http://xbrl.fasb.org/us-gaap/2012/elts/us-gaap-2012-01-31.xsd#us-gaap_PreferredStockParOrStatedValuePerShare" xlink:label="loc_gwpcPreferredStockParOrStatedValuePerShare" />
      <link:presentationArc order="10" xlink:arcrole="http://www.xbrl.org/2003/arcrole/parent-child" xlink:from="loc_gwpcStatementOfFinancialPositionAbstract" xlink:to="loc_gwpcPreferredStockParOrStatedValuePerShare" xlink:type="arc" />
      <link:loc xlink:type="locator" xlink:href="http://xbrl.fasb.org/us-gaap/2012/elts/us-gaap-2012-01-31.xsd#us-gaap_PreferredStockSharesIssued" xlink:label="loc_gwpcPreferredStockSharesIssued" />
      <link:presentationArc order="20" xlink:arcrole="http://www.xbrl.org/2003/arcrole/parent-child" xlink:from="loc_gwpcStatementOfFinancialPositionAbstract" xlink:to="loc_gwpcPreferredStockSharesIssued" xlink:type="arc" />
      <link:loc xlink:type="locator" xlink:href="http://xbrl.fasb.org/us-gaap/2012/elts/us-gaap-2012-01-31.xsd#us-gaap_CommonStockSharesAuthorized" xlink:label="loc_gwpcCommonStockSharesAuthorized" />
      <link:presentationArc order="30" xlink:arcrole="http://www.xbrl.org/2003/arcrole/parent-child" xlink:from="loc_gwpcStatementOfFinancialPositionAbstract" xlink:to="loc_gwpcCommonStockSharesAuthorized" xlink:type="arc" />
      <link:loc xlink:type="locator" xlink:href="http://xbrl.fasb.org/us-gaap/2012/elts/us-gaap-2012-01-31.xsd#us-gaap_CommonStockParOrStatedValuePerShare" xlink:label="loc_gwpcCommonStockParOrStatedValuePerShare" />
      <link:presentationArc order="40" xlink:arcrole="http://www.xbrl.org/2003/arcrole/parent-child" xlink:from="loc_gwpcStatementOfFinancialPositionAbstract" xlink:to="loc_gwpcCommonStockParOrStatedValuePerShare" xlink:type="arc" />
      <link:loc xlink:type="locator" xlink:href="http://xbrl.fasb.org/us-gaap/2012/elts/us-gaap-2012-01-31.xsd#us-gaap_CommonStockSharesOutstanding" xlink:label="loc_gwpcCommonStockSharesOutstanding" />
      <link:presentationArc order="50" xlink:arcrole="http://www.xbrl.org/2003/arcrole/parent-child" xlink:from="loc_gwpcStatementOfFinancialPositionAbstract" xlink:to="loc_gwpcCommonStockSharesOutstanding" xlink:type="arc" />
    </link:presentationLink>
    <link:presentationLink xlink:type="extended" xlink:role="http://wholehealthproducts.com/role/StatementsOfOperations" xlink:title="0004 - Statement - Statements of Operations">
      <link:loc xlink:type="locator" xlink:href="http://xbrl.fasb.org/us-gaap/2012/elts/us-gaap-2012-01-31.xsd#us-gaap_IncomeStatementAbstract" xlink:label="loc_gwpcIncomeStatementAbstract" />
      <link:loc xlink:type="locator" xlink:href="http://xbrl.fasb.org/us-gaap/2012/elts/us-gaap-2012-01-31.xsd#us-gaap_Revenues" xlink:label="loc_gwpcRevenues" />
      <link:presentationArc order="0" xlink:arcrole="http://www.xbrl.org/2003/arcrole/parent-child" xlink:from="loc_gwpcIncomeStatementAbstract" xlink:to="loc_gwpcRevenues" xlink:type="arc" />
      <link:loc xlink:type="locator" xlink:href="http://xbrl.fasb.org/us-gaap/2012/elts/us-gaap-2012-01-31.xsd#us-gaap_CostOfServices" xlink:label="loc_gwpcCostOfServices" />
      <link:presentationArc order="10" xlink:arcrole="http://www.xbrl.org/2003/arcrole/parent-child" xlink:from="loc_gwpcIncomeStatementAbstract" xlink:to="loc_gwpcCostOfServices" xlink:type="arc" />
      <link:loc xlink:type="locator" xlink:href="http://xbrl.fasb.org/us-gaap/2012/elts/us-gaap-2012-01-31.xsd#us-gaap_GrossProfit" xlink:label="loc_gwpcGrossProfit" />
      <link:presentationArc order="30" xlink:arcrole="http://www.xbrl.org/2003/arcrole/parent-child" xlink:from="loc_gwpcIncomeStatementAbstract" xlink:to="loc_gwpcGrossProfit" xlink:type="arc" preferredLabel="http://www.xbrl.org/2003/role/totalLabel" />
      <link:loc xlink:type="locator" xlink:href="http://xbrl.fasb.org/us-gaap/2012/elts/us-gaap-2012-01-31.xsd#us-gaap_OperatingExpensesAbstract" xlink:label="loc_gwpcOperatingExpensesAbstract" />
      <link:presentationArc order="50" xlink:arcrole="http://www.xbrl.org/2003/arcrole/parent-child" xlink:from="loc_gwpcIncomeStatementAbstract" xlink:to="loc_gwpcOperatingExpensesAbstract" xlink:type="arc" />
      <link:loc xlink:type="locator" xlink:href="http://xbrl.fasb.org/us-gaap/2012/elts/us-gaap-2012-01-31.xsd#us-gaap_ShareBasedCompensation" xlink:label="loc_gwpcShareBasedCompensation" />
      <link:presentationArc order="60" xlink:arcrole="http://www.xbrl.org/2003/arcrole/parent-child" xlink:from="loc_gwpcOperatingExpensesAbstract" xlink:to="loc_gwpcShareBasedCompensation" xlink:type="arc" />
      <link:loc xlink:type="locator" xlink:href="gwpc-20120831.xsd#gwpc_Salaries" xlink:label="loc_gwpcSalaries" />
      <link:presentationArc order="70" xlink:arcrole="http://www.xbrl.org/2003/arcrole/parent-child" xlink:from="loc_gwpcOperatingExpensesAbstract" xlink:to="loc_gwpcSalaries" xlink:type="arc" />
      <link:loc xlink:type="locator" xlink:href="http://xbrl.fasb.org/us-gaap/2012/elts/us-gaap-2012-01-31.xsd#us-gaap_GeneralAndAdministrativeExpense" xlink:label="loc_gwpcGeneralAndAdministrativeExpense" />
      <link:presentationArc order="80" xlink:arcrole="http://www.xbrl.org/2003/arcrole/parent-child" xlink:from="loc_gwpcOperatingExpensesAbstract" xlink:to="loc_gwpcGeneralAndAdministrativeExpense" xlink:type="arc" />
      <link:loc xlink:type="locator" xlink:href="http://xbrl.fasb.org/us-gaap/2012/elts/us-gaap-2012-01-31.xsd#us-gaap_OperatingExpenses" xlink:label="loc_gwpcOperatingExpenses" />
      <link:presentationArc order="90" xlink:arcrole="http://www.xbrl.org/2003/arcrole/parent-child" xlink:from="loc_gwpcOperatingExpensesAbstract" xlink:to="loc_gwpcOperatingExpenses" xlink:type="arc" preferredLabel="http://www.xbrl.org/2003/role/totalLabel" />
      <link:loc xlink:type="locator" xlink:href="http://xbrl.fasb.org/us-gaap/2012/elts/us-gaap-2012-01-31.xsd#us-gaap_OperatingIncomeLoss" xlink:label="loc_gwpcOperatingIncomeLoss" />
      <link:presentationArc order="110" xlink:arcrole="http://www.xbrl.org/2003/arcrole/parent-child" xlink:from="loc_gwpcOperatingExpensesAbstract" xlink:to="loc_gwpcOperatingIncomeLoss" xlink:type="arc" preferredLabel="http://www.xbrl.org/2003/role/totalLabel" />
      <link:loc xlink:type="locator" xlink:href="http://xbrl.fasb.org/us-gaap/2012/elts/us-gaap-2012-01-31.xsd#us-gaap_IncomeLossFromContinuingOperationsBeforeInterestExpenseInterestIncomeIncomeTaxesExtraordinaryItemsNoncontrollingInterestsNet" xlink:label="loc_gwpcIncomeLossFromContinuingOperationsBeforeInterestExpenseInterestIncomeIncomeTaxesExtraordinaryItemsNoncontrollingInterestsNet" />
      <link:presentationArc order="130" xlink:arcrole="http://www.xbrl.org/2003/arcrole/parent-child" xlink:from="loc_gwpcOperatingExpensesAbstract" xlink:to="loc_gwpcIncomeLossFromContinuingOperationsBeforeInterestExpenseInterestIncomeIncomeTaxesExtraordinaryItemsNoncontrollingInterestsNet" xlink:type="arc" />
      <link:loc xlink:type="locator" xlink:href="http://xbrl.fasb.org/us-gaap/2012/elts/us-gaap-2012-01-31.xsd#us-gaap_IncomeTaxesPaid" xlink:label="loc_gwpcIncomeTaxesPaid" />
      <link:presentationArc order="150" xlink:arcrole="http://www.xbrl.org/2003/arcrole/parent-child" xlink:from="loc_gwpcOperatingExpensesAbstract" xlink:to="loc_gwpcIncomeTaxesPaid" xlink:type="arc" />
      <link:loc xlink:type="locator" xlink:href="http://xbrl.fasb.org/us-gaap/2012/elts/us-gaap-2012-01-31.xsd#us-gaap_NetIncomeLoss" xlink:label="loc_gwpcNetIncomeLoss" />
      <link:presentationArc order="170" xlink:arcrole="http://www.xbrl.org/2003/arcrole/parent-child" xlink:from="loc_gwpcOperatingExpensesAbstract" xlink:to="loc_gwpcNetIncomeLoss" xlink:type="arc" />
      <link:loc xlink:type="locator" xlink:href="http://xbrl.fasb.org/us-gaap/2012/elts/us-gaap-2012-01-31.xsd#us-gaap_EarningsPerShareBasicAndDiluted" xlink:label="loc_gwpcEarningsPerShareBasicAndDiluted" />
      <link:presentationArc order="200" xlink:arcrole="http://www.xbrl.org/2003/arcrole/parent-child" xlink:from="loc_gwpcOperatingExpensesAbstract" xlink:to="loc_gwpcEarningsPerShareBasicAndDiluted" xlink:type="arc" />
      <link:loc xlink:type="locator" xlink:href="http://xbrl.fasb.org/us-gaap/2012/elts/us-gaap-2012-01-31.xsd#us-gaap_WeightedAverageNumberOfShareOutstandingBasicAndDiluted" xlink:label="loc_gwpcWeightedAverageNumberOfShareOutstandingBasicAndDiluted" />
      <link:presentationArc order="230" xlink:arcrole="http://www.xbrl.org/2003/arcrole/parent-child" xlink:from="loc_gwpcOperatingExpensesAbstract" xlink:to="loc_gwpcWeightedAverageNumberOfShareOutstandingBasicAndDiluted" xlink:type="arc" />
    </link:presentationLink>
    <link:presentationLink xlink:type="extended" xlink:role="http://wholehealthproducts.com/role/StatementsOfCashFlows" xlink:title="0005 - Statement - Statements of Cash Flows">
      <link:loc xlink:type="locator" xlink:href="http://xbrl.fasb.org/us-gaap/2012/elts/us-gaap-2012-01-31.xsd#us-gaap_StatementOfCashFlowsAbstract" xlink:label="loc_gwpcStatementOfCashFlowsAbstract" />
      <link:loc xlink:type="locator" xlink:href="http://xbrl.fasb.org/us-gaap/2012/elts/us-gaap-2012-01-31.xsd#us-gaap_NetCashProvidedByUsedInOperatingActivitiesAbstract" xlink:label="loc_gwpcNetCashProvidedByUsedInOperatingActivitiesAbstract" />
      <link:presentationArc order="0" xlink:arcrole="http://www.xbrl.org/2003/arcrole/parent-child" xlink:from="loc_gwpcStatementOfCashFlowsAbstract" xlink:to="loc_gwpcNetCashProvidedByUsedInOperatingActivitiesAbstract" xlink:type="arc" />
      <link:loc xlink:type="locator" xlink:href="http://xbrl.fasb.org/us-gaap/2012/elts/us-gaap-2012-01-31.xsd#us-gaap_NetIncomeLoss" xlink:label="loc_gwpcNetIncomeLoss" />
      <link:presentationArc order="10" xlink:arcrole="http://www.xbrl.org/2003/arcrole/parent-child" xlink:from="loc_gwpcNetCashProvidedByUsedInOperatingActivitiesAbstract" xlink:to="loc_gwpcNetIncomeLoss" xlink:type="arc" />
      <link:loc xlink:type="locator" xlink:href="http://xbrl.fasb.org/us-gaap/2012/elts/us-gaap-2012-01-31.xsd#us-gaap_AdjustmentsToReconcileNetIncomeLossToCashProvidedByUsedInOperatingActivitiesAbstract" xlink:label="loc_gwpcAdjustmentsToReconcileNetIncomeLossToCashProvidedByUsedInOperatingActivitiesAbstract" />
      <link:presentationArc order="20" xlink:arcrole="http://www.xbrl.org/2003/arcrole/parent-child" xlink:from="loc_gwpcNetCashProvidedByUsedInOperatingActivitiesAbstract" xlink:to="loc_gwpcAdjustmentsToReconcileNetIncomeLossToCashProvidedByUsedInOperatingActivitiesAbstract" xlink:type="arc" />
      <link:loc xlink:type="locator" xlink:href="gwpc-20120831.xsd#gwpc_SharesIssuedForServicesAndContributedServices" xlink:label="loc_gwpcSharesIssuedForServicesAndContributedServices" />
      <link:presentationArc order="30" xlink:arcrole="http://www.xbrl.org/2003/arcrole/parent-child" xlink:from="loc_gwpcNetCashProvidedByUsedInOperatingActivitiesAbstract" xlink:to="loc_gwpcSharesIssuedForServicesAndContributedServices" xlink:type="arc" />
      <link:loc xlink:type="locator" xlink:href="http://xbrl.fasb.org/us-gaap/2012/elts/us-gaap-2012-01-31.xsd#us-gaap_IncreaseDecreaseInOperatingCapitalAbstract" xlink:label="loc_gwpcIncreaseDecreaseInOperatingCapitalAbstract" />
      <link:presentationArc order="40" xlink:arcrole="http://www.xbrl.org/2003/arcrole/parent-child" xlink:from="loc_gwpcNetCashProvidedByUsedInOperatingActivitiesAbstract" xlink:to="loc_gwpcIncreaseDecreaseInOperatingCapitalAbstract" xlink:type="arc" />
      <link:loc xlink:type="locator" xlink:href="http://xbrl.fasb.org/us-gaap/2012/elts/us-gaap-2012-01-31.xsd#us-gaap_IncreaseDecreaseInInventories" xlink:label="loc_gwpcIncreaseDecreaseInInventories" />
      <link:presentationArc order="50" xlink:arcrole="http://www.xbrl.org/2003/arcrole/parent-child" xlink:from="loc_gwpcIncreaseDecreaseInOperatingCapitalAbstract" xlink:to="loc_gwpcIncreaseDecreaseInInventories" xlink:type="arc" />
      <link:loc xlink:type="locator" xlink:href="http://xbrl.fasb.org/us-gaap/2012/elts/us-gaap-2012-01-31.xsd#us-gaap_IncreaseDecreaseInAccountsPayable" xlink:label="loc_gwpcIncreaseDecreaseInAccountsPayable" />
      <link:presentationArc order="60" xlink:arcrole="http://www.xbrl.org/2003/arcrole/parent-child" xlink:from="loc_gwpcIncreaseDecreaseInOperatingCapitalAbstract" xlink:to="loc_gwpcIncreaseDecreaseInAccountsPayable" xlink:type="arc" />
      <link:loc xlink:type="locator" xlink:href="http://xbrl.fasb.org/us-gaap/2012/elts/us-gaap-2012-01-31.xsd#us-gaap_NetCashProvidedByUsedInOperatingActivities" xlink:label="loc_gwpcNetCashProvidedByUsedInOperatingActivities" />
      <link:presentationArc order="70" xlink:arcrole="http://www.xbrl.org/2003/arcrole/parent-child" xlink:from="loc_gwpcIncreaseDecreaseInOperatingCapitalAbstract" xlink:to="loc_gwpcNetCashProvidedByUsedInOperatingActivities" xlink:type="arc" />
      <link:loc xlink:type="locator" xlink:href="http://xbrl.fasb.org/us-gaap/2012/elts/us-gaap-2012-01-31.xsd#us-gaap_NetCashProvidedByUsedInInvestingActivitiesAbstract" xlink:label="loc_gwpcNetCashProvidedByUsedInInvestingActivitiesAbstract" />
      <link:presentationArc order="90" xlink:arcrole="http://www.xbrl.org/2003/arcrole/parent-child" xlink:from="loc_gwpcIncreaseDecreaseInOperatingCapitalAbstract" xlink:to="loc_gwpcNetCashProvidedByUsedInInvestingActivitiesAbstract" xlink:type="arc" />
      <link:loc xlink:type="locator" xlink:href="http://xbrl.fasb.org/us-gaap/2012/elts/us-gaap-2012-01-31.xsd#us-gaap_PaymentsToAcquireInterestInSubsidiariesAndAffiliates" xlink:label="loc_gwpcPaymentsToAcquireInterestInSubsidiariesAndAffiliates" />
      <link:presentationArc order="100" xlink:arcrole="http://www.xbrl.org/2003/arcrole/parent-child" xlink:from="loc_gwpcNetCashProvidedByUsedInInvestingActivitiesAbstract" xlink:to="loc_gwpcPaymentsToAcquireInterestInSubsidiariesAndAffiliates" xlink:type="arc" />
      <link:loc xlink:type="locator" xlink:href="http://xbrl.fasb.org/us-gaap/2012/elts/us-gaap-2012-01-31.xsd#us-gaap_NetCashProvidedByUsedInInvestingActivities" xlink:label="loc_gwpcNetCashProvidedByUsedInInvestingActivities" />
      <link:presentationArc order="110" xlink:arcrole="http://www.xbrl.org/2003/arcrole/parent-child" xlink:from="loc_gwpcNetCashProvidedByUsedInInvestingActivitiesAbstract" xlink:to="loc_gwpcNetCashProvidedByUsedInInvestingActivities" xlink:type="arc" preferredLabel="http://www.xbrl.org/2003/role/totalLabel" />
      <link:loc xlink:type="locator" xlink:href="http://xbrl.fasb.org/us-gaap/2012/elts/us-gaap-2012-01-31.xsd#us-gaap_NetCashProvidedByUsedInFinancingActivitiesAbstract" xlink:label="loc_gwpcNetCashProvidedByUsedInFinancingActivitiesAbstract" />
      <link:presentationArc order="130" xlink:arcrole="http://www.xbrl.org/2003/arcrole/parent-child" xlink:from="loc_gwpcNetCashProvidedByUsedInInvestingActivitiesAbstract" xlink:to="loc_gwpcNetCashProvidedByUsedInFinancingActivitiesAbstract" xlink:type="arc" />
      <link:loc xlink:type="locator" xlink:href="http://xbrl.fasb.org/us-gaap/2012/elts/us-gaap-2012-01-31.xsd#us-gaap_ProceedsFromRelatedPartyDebt" xlink:label="loc_gwpcProceedsFromRelatedPartyDebt" />
      <link:presentationArc order="140" xlink:arcrole="http://www.xbrl.org/2003/arcrole/parent-child" xlink:from="loc_gwpcNetCashProvidedByUsedInFinancingActivitiesAbstract" xlink:to="loc_gwpcProceedsFromRelatedPartyDebt" xlink:type="arc" />
      <link:loc xlink:type="locator" xlink:href="http://xbrl.fasb.org/us-gaap/2012/elts/us-gaap-2012-01-31.xsd#us-gaap_NetCashProvidedByUsedInFinancingActivities" xlink:label="loc_gwpcNetCashProvidedByUsedInFinancingActivities" />
      <link:presentationArc order="150" xlink:arcrole="http://www.xbrl.org/2003/arcrole/parent-child" xlink:from="loc_gwpcNetCashProvidedByUsedInFinancingActivitiesAbstract" xlink:to="loc_gwpcNetCashProvidedByUsedInFinancingActivities" xlink:type="arc" preferredLabel="http://www.xbrl.org/2003/role/totalLabel" />
      <link:loc xlink:type="locator" xlink:href="http://xbrl.fasb.org/us-gaap/2012/elts/us-gaap-2012-01-31.xsd#us-gaap_CashAndCashEquivalentsPeriodIncreaseDecrease" xlink:label="loc_gwpcCashAndCashEquivalentsPeriodIncreaseDecrease" />
      <link:presentationArc order="170" xlink:arcrole="http://www.xbrl.org/2003/arcrole/parent-child" xlink:from="loc_gwpcNetCashProvidedByUsedInFinancingActivitiesAbstract" xlink:to="loc_gwpcCashAndCashEquivalentsPeriodIncreaseDecrease" xlink:type="arc" />
      <link:loc xlink:type="locator" xlink:href="http://xbrl.fasb.org/us-gaap/2012/elts/us-gaap-2012-01-31.xsd#us-gaap_CashAndCashEquivalentsAtCarryingValue" xlink:label="loc_gwpcCashAndCashEquivalentsAtCarryingValue" />
      <link:presentationArc order="180" xlink:arcrole="http://www.xbrl.org/2003/arcrole/parent-child" xlink:from="loc_gwpcNetCashProvidedByUsedInFinancingActivitiesAbstract" xlink:to="loc_gwpcCashAndCashEquivalentsAtCarryingValue" xlink:type="arc" preferredLabel="http://www.xbrl.org/2003/role/periodStartLabel" />
      <link:loc xlink:type="locator" xlink:href="http://xbrl.fasb.org/us-gaap/2012/elts/us-gaap-2012-01-31.xsd#us-gaap_CashAndCashEquivalentsAtCarryingValue" xlink:label="loc_gwpcCashAndCashEquivalentsAtCarryingValue_2" />
      <link:presentationArc order="190" xlink:arcrole="http://www.xbrl.org/2003/arcrole/parent-child" xlink:from="loc_gwpcNetCashProvidedByUsedInFinancingActivitiesAbstract" xlink:to="loc_gwpcCashAndCashEquivalentsAtCarryingValue_2" xlink:type="arc" preferredLabel="http://www.xbrl.org/2003/role/periodEndLabel" />
      <link:loc xlink:type="locator" xlink:href="http://xbrl.fasb.org/us-gaap/2012/elts/us-gaap-2012-01-31.xsd#us-gaap_SupplementalCashFlowInformationAbstract" xlink:label="loc_gwpcSupplementalCashFlowInformationAbstract" />
      <link:presentationArc order="210" xlink:arcrole="http://www.xbrl.org/2003/arcrole/parent-child" xlink:from="loc_gwpcNetCashProvidedByUsedInFinancingActivitiesAbstract" xlink:to="loc_gwpcSupplementalCashFlowInformationAbstract" xlink:type="arc" />
      <link:loc xlink:type="locator" xlink:href="http://xbrl.fasb.org/us-gaap/2012/elts/us-gaap-2012-01-31.xsd#us-gaap_InterestPaid" xlink:label="loc_gwpcInterestPaid" />
      <link:presentationArc order="220" xlink:arcrole="http://www.xbrl.org/2003/arcrole/parent-child" xlink:from="loc_gwpcSupplementalCashFlowInformationAbstract" xlink:to="loc_gwpcInterestPaid" xlink:type="arc" />
      <link:loc xlink:type="locator" xlink:href="http://xbrl.fasb.org/us-gaap/2012/elts/us-gaap-2012-01-31.xsd#us-gaap_IncomeTaxesPaid" xlink:label="loc_gwpcIncomeTaxesPaid" />
      <link:presentationArc order="230" xlink:arcrole="http://www.xbrl.org/2003/arcrole/parent-child" xlink:from="loc_gwpcSupplementalCashFlowInformationAbstract" xlink:to="loc_gwpcIncomeTaxesPaid" xlink:type="arc" preferredLabel="http://www.xbrl.org/2003/role/verboseLabel" />
    </link:presentationLink>
    <link:presentationLink xlink:type="extended" xlink:role="http://wholehealthproducts.com/role/ShareholdersEquity" xlink:title="0006 - Statement - Shareholders Equity">
      <link:loc xlink:type="locator" xlink:href="http://xbrl.fasb.org/us-gaap/2012/elts/us-gaap-2012-01-31.xsd#us-gaap_StatementOfStockholdersEquityAbstract" xlink:label="loc_gwpcStatementOfStockholdersEquityAbstract" />
      <link:loc xlink:type="locator" xlink:href="http://xbrl.fasb.org/us-gaap/2012/elts/us-gaap-2012-01-31.xsd#us-gaap_StatementTable" xlink:label="loc_gwpcStatementTable" />
      <link:presentationArc xlink:type="arc" xlink:arcrole="http://www.xbrl.org/2003/arcrole/parent-child" xlink:from="loc_gwpcStatementOfStockholdersEquityAbstract" xlink:to="loc_gwpcStatementTable" order="100" />
      <link:loc xlink:type="locator" xlink:href="http://xbrl.fasb.org/us-gaap/2012/elts/us-gaap-2012-01-31.xsd#us-gaap_StatementLineItems" xlink:label="loc_gwpcStatementLineItems" />
      <link:presentationArc xlink:type="arc" xlink:arcrole="http://www.xbrl.org/2003/arcrole/parent-child" xlink:from="loc_gwpcStatementTable" xlink:to="loc_gwpcStatementLineItems" order="200" />
      <link:loc xlink:type="locator" xlink:href="http://xbrl.fasb.org/us-gaap/2012/elts/us-gaap-2012-01-31.xsd#us-gaap_StatementEquityComponentsAxis" xlink:label="loc_gwpcStatementEquityComponentsAxis" />
      <link:presentationArc xlink:type="arc" xlink:arcrole="http://www.xbrl.org/2003/arcrole/parent-child" xlink:from="loc_gwpcStatementTable" xlink:to="loc_gwpcStatementEquityComponentsAxis" order="10" />
      <link:loc xlink:type="locator" xlink:href="http://xbrl.fasb.org/us-gaap/2012/elts/us-gaap-2012-01-31.xsd#us-gaap_EquityComponentDomain" xlink:label="loc_gwpcEquityComponentDomain" />
      <link:presentationArc xlink:type="arc" xlink:arcrole="http://www.xbrl.org/2003/arcrole/parent-child" xlink:from="loc_gwpcStatementEquityComponentsAxis" xlink:to="loc_gwpcEquityComponentDomain" order="310" />
      <link:loc xlink:type="locator" xlink:href="http://xbrl.fasb.org/us-gaap/2012/elts/us-gaap-2012-01-31.xsd#us-gaap_CommonStockMember" xlink:label="loc_gwpcCommonStockMember" />
      <link:presentationArc xlink:type="arc" xlink:arcrole="http://www.xbrl.org/2003/arcrole/parent-child" xlink:from="loc_gwpcStatementEquityComponentsAxis" xlink:to="loc_gwpcCommonStockMember" order="10" />
      <link:loc xlink:type="locator" xlink:href="http://xbrl.fasb.org/us-gaap/2012/elts/us-gaap-2012-01-31.xsd#us-gaap_AdditionalPaidInCapitalMember" xlink:label="loc_gwpcAdditionalPaidInCapitalMember" />
      <link:presentationArc xlink:type="arc" xlink:arcrole="http://www.xbrl.org/2003/arcrole/parent-child" xlink:from="loc_gwpcStatementEquityComponentsAxis" xlink:to="loc_gwpcAdditionalPaidInCapitalMember" order="110" />
      <link:loc xlink:type="locator" xlink:href="http://xbrl.fasb.org/us-gaap/2012/elts/us-gaap-2012-01-31.xsd#us-gaap_RetainedEarningsMember" xlink:label="loc_gwpcRetainedEarningsMember" />
      <link:presentationArc xlink:type="arc" xlink:arcrole="http://www.xbrl.org/2003/arcrole/parent-child" xlink:from="loc_gwpcStatementEquityComponentsAxis" xlink:to="loc_gwpcRetainedEarningsMember" order="210" />
      <link:loc xlink:type="locator" xlink:href="http://xbrl.fasb.org/us-gaap/2012/elts/us-gaap-2012-01-31.xsd#us-gaap_StockholdersEquity" xlink:label="loc_gwpcStockholdersEquity" />
      <link:presentationArc order="10" xlink:arcrole="http://www.xbrl.org/2003/arcrole/parent-child" xlink:from="loc_gwpcStatementLineItems" xlink:to="loc_gwpcStockholdersEquity" xlink:type="arc" preferredLabel="http://www.xbrl.org/2003/role/periodStartLabel" />
      <link:loc xlink:type="locator" xlink:href="http://xbrl.fasb.org/us-gaap/2012/elts/us-gaap-2012-01-31.xsd#us-gaap_SharesIssued" xlink:label="loc_gwpcSharesIssued" />
      <link:presentationArc order="20" xlink:arcrole="http://www.xbrl.org/2003/arcrole/parent-child" xlink:from="loc_gwpcStatementLineItems" xlink:to="loc_gwpcSharesIssued" xlink:type="arc" preferredLabel="http://www.xbrl.org/2003/role/periodStartLabel" />
      <link:loc xlink:type="locator" xlink:href="http://xbrl.fasb.org/us-gaap/2012/elts/us-gaap-2012-01-31.xsd#us-gaap_StockIssuedDuringPeriodValueShareBasedCompensation" xlink:label="loc_gwpcStockIssuedDuringPeriodValueShareBasedCompensation" />
      <link:presentationArc order="30" xlink:arcrole="http://www.xbrl.org/2003/arcrole/parent-child" xlink:from="loc_gwpcStatementLineItems" xlink:to="loc_gwpcStockIssuedDuringPeriodValueShareBasedCompensation" xlink:type="arc" />
      <link:loc xlink:type="locator" xlink:href="http://xbrl.fasb.org/us-gaap/2012/elts/us-gaap-2012-01-31.xsd#us-gaap_StockIssuedDuringPeriodSharesShareBasedCompensation" xlink:label="loc_gwpcStockIssuedDuringPeriodSharesShareBasedCompensation" />
      <link:presentationArc order="40" xlink:arcrole="http://www.xbrl.org/2003/arcrole/parent-child" xlink:from="loc_gwpcStatementLineItems" xlink:to="loc_gwpcStockIssuedDuringPeriodSharesShareBasedCompensation" xlink:type="arc" />
      <link:loc xlink:type="locator" xlink:href="http://xbrl.fasb.org/us-gaap/2012/elts/us-gaap-2012-01-31.xsd#us-gaap_NetIncomeLoss" xlink:label="loc_gwpcNetIncomeLoss" />
      <link:presentationArc order="50" xlink:arcrole="http://www.xbrl.org/2003/arcrole/parent-child" xlink:from="loc_gwpcStatementLineItems" xlink:to="loc_gwpcNetIncomeLoss" xlink:type="arc" preferredLabel="http://www.xbrl.org/2003/role/verboseLabel" />
      <link:loc xlink:type="locator" xlink:href="http://xbrl.fasb.org/us-gaap/2012/elts/us-gaap-2012-01-31.xsd#us-gaap_StockholdersEquity" xlink:label="loc_gwpcStockholdersEquity_2" />
      <link:presentationArc order="60" xlink:arcrole="http://www.xbrl.org/2003/arcrole/parent-child" xlink:from="loc_gwpcStatementLineItems" xlink:to="loc_gwpcStockholdersEquity_2" xlink:type="arc" preferredLabel="http://www.xbrl.org/2003/role/periodEndLabel" />
      <link:loc xlink:type="locator" xlink:href="http://xbrl.fasb.org/us-gaap/2012/elts/us-gaap-2012-01-31.xsd#us-gaap_SharesIssued" xlink:label="loc_gwpcSharesIssued_2" />
      <link:presentationArc order="70" xlink:arcrole="http://www.xbrl.org/2003/arcrole/parent-child" xlink:from="loc_gwpcStatementLineItems" xlink:to="loc_gwpcSharesIssued_2" xlink:type="arc" preferredLabel="http://www.xbrl.org/2003/role/periodEndLabel" />
    </link:presentationLink>
    <link:presentationLink xlink:type="extended" xlink:role="http://wholehealthproducts.com/role/Note1-OrganizationAndDescriptionOfBusiness" xlink:title="0007 - Disclosure - NOTE 1 - ORGANIZATION AND DESCRIPTION OF BUSINESS">
      <link:loc xlink:type="locator" xlink:href="http://xbrl.fasb.org/us-gaap/2012/elts/us-gaap-2012-01-31.xsd#us-gaap_OrganizationConsolidationAndPresentationOfFinancialStatementsAbstract" xlink:label="loc_gwpcOrganizationConsolidationAndPresentationOfFinancialStatementsAbstract" />
      <link:loc xlink:type="locator" xlink:href="http://xbrl.fasb.org/us-gaap/2012/elts/us-gaap-2012-01-31.xsd#us-gaap_NatureOfOperations" xlink:label="loc_gwpcNatureOfOperations" />
      <link:presentationArc order="0" xlink:arcrole="http://www.xbrl.org/2003/arcrole/parent-child" xlink:from="loc_gwpcOrganizationConsolidationAndPresentationOfFinancialStatementsAbstract" xlink:to="loc_gwpcNatureOfOperations" xlink:type="arc" />
    </link:presentationLink>
    <link:presentationLink xlink:type="extended" xlink:role="http://wholehealthproducts.com/role/Note2-SummaryOfSignificantAccountingPolicies" xlink:title="0008 - Disclosure - NOTE 2 - SUMMARY OF SIGNIFICANT ACCOUNTING POLICIES">
      <link:loc xlink:type="locator" xlink:href="http://xbrl.fasb.org/us-gaap/2012/elts/us-gaap-2012-01-31.xsd#us-gaap_AccountingPoliciesAbstract" xlink:label="loc_gwpcAccountingPoliciesAbstract" />
      <link:loc xlink:type="locator" xlink:href="http://xbrl.fasb.org/us-gaap/2012/elts/us-gaap-2012-01-31.xsd#us-gaap_SignificantAccountingPoliciesTextBlock" xlink:label="loc_gwpcSignificantAccountingPoliciesTextBlock" />
      <link:presentationArc order="0" xlink:arcrole="http://www.xbrl.org/2003/arcrole/parent-child" xlink:from="loc_gwpcAccountingPoliciesAbstract" xlink:to="loc_gwpcSignificantAccountingPoliciesTextBlock" xlink:type="arc" />
    </link:presentationLink>
    <link:presentationLink xlink:type="extended" xlink:role="http://wholehealthproducts.com/role/Note3-GoingConcern" xlink:title="0009 - Disclosure - NOTE 3 - GOING CONCERN">
      <link:loc xlink:type="locator" xlink:href="http://xbrl.fasb.org/us-gaap/2012/elts/us-gaap-2012-01-31.xsd#us-gaap_OrganizationConsolidationAndPresentationOfFinancialStatementsAbstract" xlink:label="loc_gwpcOrganizationConsolidationAndPresentationOfFinancialStatementsAbstract" />
      <link:loc xlink:type="locator" xlink:href="http://xbrl.fasb.org/us-gaap/2012/elts/us-gaap-2012-01-31.xsd#us-gaap_LiquidityDisclosureTextBlock" xlink:label="loc_gwpcLiquidityDisclosureTextBlock" />
      <link:presentationArc order="0" xlink:arcrole="http://www.xbrl.org/2003/arcrole/parent-child" xlink:from="loc_gwpcOrganizationConsolidationAndPresentationOfFinancialStatementsAbstract" xlink:to="loc_gwpcLiquidityDisclosureTextBlock" xlink:type="arc" />
    </link:presentationLink>
    <link:presentationLink xlink:type="extended" xlink:role="http://wholehealthproducts.com/role/Note4-RelatedPartyTransactions" xlink:title="0010 - Disclosure - NOTE 4 - RELATED PARTY TRANSACTIONS">
      <link:loc xlink:type="locator" xlink:href="http://xbrl.fasb.org/us-gaap/2012/elts/us-gaap-2012-01-31.xsd#us-gaap_RelatedPartyTransactionsAbstract" xlink:label="loc_gwpcRelatedPartyTransactionsAbstract" />
      <link:loc xlink:type="locator" xlink:href="http://xbrl.fasb.org/us-gaap/2012/elts/us-gaap-2012-01-31.xsd#us-gaap_RelatedPartyTransactionsDisclosureTextBlock" xlink:label="loc_gwpcRelatedPartyTransactionsDisclosureTextBlock" />
      <link:presentationArc order="0" xlink:arcrole="http://www.xbrl.org/2003/arcrole/parent-child" xlink:from="loc_gwpcRelatedPartyTransactionsAbstract" xlink:to="loc_gwpcRelatedPartyTransactionsDisclosureTextBlock" xlink:type="arc" />
    </link:presentationLink>
    <link:presentationLink xlink:type="extended" xlink:role="http://wholehealthproducts.com/role/Note5-IncomeTaxes" xlink:title="0011 - Disclosure - NOTE 5 - INCOME TAXES">
      <link:loc xlink:type="locator" xlink:href="http://xbrl.fasb.org/us-gaap/2012/elts/us-gaap-2012-01-31.xsd#us-gaap_IncomeTaxDisclosureAbstract" xlink:label="loc_gwpcIncomeTaxDisclosureAbstract" />
      <link:loc xlink:type="locator" xlink:href="http://xbrl.fasb.org/us-gaap/2012/elts/us-gaap-2012-01-31.xsd#us-gaap_IncomeTaxDisclosureTextBlock" xlink:label="loc_gwpcIncomeTaxDisclosureTextBlock" />
      <link:presentationArc order="0" xlink:arcrole="http://www.xbrl.org/2003/arcrole/parent-child" xlink:from="loc_gwpcIncomeTaxDisclosureAbstract" xlink:to="loc_gwpcIncomeTaxDisclosureTextBlock" xlink:type="arc" />
    </link:presentationLink>
    <link:presentationLink xlink:type="extended" xlink:role="http://wholehealthproducts.com/role/Note6-CommonStock" xlink:title="0012 - Disclosure - NOTE 6 - COMMON STOCK">
      <link:loc xlink:type="locator" xlink:href="http://xbrl.fasb.org/us-gaap/2012/elts/us-gaap-2012-01-31.xsd#us-gaap_EquityAbstract" xlink:label="loc_gwpcEquityAbstract" />
      <link:loc xlink:type="locator" xlink:href="http://xbrl.fasb.org/us-gaap/2012/elts/us-gaap-2012-01-31.xsd#us-gaap_StockholdersEquityNoteDisclosureTextBlock" xlink:label="loc_gwpcStockholdersEquityNoteDisclosureTextBlock" />
      <link:presentationArc order="0" xlink:arcrole="http://www.xbrl.org/2003/arcrole/parent-child" xlink:from="loc_gwpcEquityAbstract" xlink:to="loc_gwpcStockholdersEquityNoteDisclosureTextBlock" xlink:type="arc" />
    </link:presentationLink>
    <link:presentationLink xlink:type="extended" xlink:role="http://wholehealthproducts.com/role/Note7-SubsequentEvents" xlink:title="0013 - Disclosure - NOTE 7 - SUBSEQUENT EVENTS">
      <link:loc xlink:type="locator" xlink:href="http://xbrl.fasb.org/us-gaap/2012/elts/us-gaap-2012-01-31.xsd#us-gaap_SubsequentEventsAbstract" xlink:label="loc_gwpcSubsequentEventsAbstract" />
      <link:loc xlink:type="locator" xlink:href="http://xbrl.fasb.org/us-gaap/2012/elts/us-gaap-2012-01-31.xsd#us-gaap_SubsequentEventsTextBlock" xlink:label="loc_gwpcSubsequentEventsTextBlock" />
      <link:presentationArc order="0" xlink:arcrole="http://www.xbrl.org/2003/arcrole/parent-child" xlink:from="loc_gwpcSubsequentEventsAbstract" xlink:to="loc_gwpcSubsequentEventsTextBlock" xlink:type="arc" />
    </link:presentationLink>
    <link:presentationLink xlink:type="extended" xlink:role="http://wholehealthproducts.com/role/Note2-SummaryOfSignificantAccountingPoliciesPolicies" xlink:title="0014 - Disclosure - NOTE 2 - SUMMARY OF SIGNIFICANT ACCOUNTING POLICIES (Policies)">
      <link:loc xlink:type="locator" xlink:href="http://xbrl.fasb.org/us-gaap/2012/elts/us-gaap-2012-01-31.xsd#us-gaap_AccountingPoliciesAbstract" xlink:label="loc_gwpcAccountingPoliciesAbstract" />
      <link:loc xlink:type="locator" xlink:href="http://xbrl.fasb.org/us-gaap/2012/elts/us-gaap-2012-01-31.xsd#us-gaap_BasisOfAccountingPolicyPolicyTextBlock" xlink:label="loc_gwpcBasisOfAccountingPolicyPolicyTextBlock" />
      <link:presentationArc order="0" xlink:arcrole="http://www.xbrl.org/2003/arcrole/parent-child" xlink:from="loc_gwpcAccountingPoliciesAbstract" xlink:to="loc_gwpcBasisOfAccountingPolicyPolicyTextBlock" xlink:type="arc" />
      <link:loc xlink:type="locator" xlink:href="http://xbrl.fasb.org/us-gaap/2012/elts/us-gaap-2012-01-31.xsd#us-gaap_UseOfEstimates" xlink:label="loc_gwpcUseOfEstimates" />
      <link:presentationArc order="10" xlink:arcrole="http://www.xbrl.org/2003/arcrole/parent-child" xlink:from="loc_gwpcAccountingPoliciesAbstract" xlink:to="loc_gwpcUseOfEstimates" xlink:type="arc" />
      <link:loc xlink:type="locator" xlink:href="http://xbrl.fasb.org/us-gaap/2012/elts/us-gaap-2012-01-31.xsd#us-gaap_CashAndCashEquivalentsPolicyTextBlock" xlink:label="loc_gwpcCashAndCashEquivalentsPolicyTextBlock" />
      <link:presentationArc order="20" xlink:arcrole="http://www.xbrl.org/2003/arcrole/parent-child" xlink:from="loc_gwpcAccountingPoliciesAbstract" xlink:to="loc_gwpcCashAndCashEquivalentsPolicyTextBlock" xlink:type="arc" />
      <link:loc xlink:type="locator" xlink:href="http://xbrl.fasb.org/us-gaap/2012/elts/us-gaap-2012-01-31.xsd#us-gaap_FairValueOfFinancialInstrumentsPolicy" xlink:label="loc_gwpcFairValueOfFinancialInstrumentsPolicy" />
      <link:presentationArc order="30" xlink:arcrole="http://www.xbrl.org/2003/arcrole/parent-child" xlink:from="loc_gwpcAccountingPoliciesAbstract" xlink:to="loc_gwpcFairValueOfFinancialInstrumentsPolicy" xlink:type="arc" />
      <link:loc xlink:type="locator" xlink:href="http://xbrl.fasb.org/us-gaap/2012/elts/us-gaap-2012-01-31.xsd#us-gaap_PropertyPlantAndEquipmentPolicyTextBlock" xlink:label="loc_gwpcPropertyPlantAndEquipmentPolicyTextBlock" />
      <link:presentationArc order="40" xlink:arcrole="http://www.xbrl.org/2003/arcrole/parent-child" xlink:from="loc_gwpcAccountingPoliciesAbstract" xlink:to="loc_gwpcPropertyPlantAndEquipmentPolicyTextBlock" xlink:type="arc" />
      <link:loc xlink:type="locator" xlink:href="http://xbrl.fasb.org/us-gaap/2012/elts/us-gaap-2012-01-31.xsd#us-gaap_ImpairmentOrDisposalOfLongLivedAssetsPolicyTextBlock" xlink:label="loc_gwpcImpairmentOrDisposalOfLongLivedAssetsPolicyTextBlock" />
      <link:presentationArc order="50" xlink:arcrole="http://www.xbrl.org/2003/arcrole/parent-child" xlink:from="loc_gwpcAccountingPoliciesAbstract" xlink:to="loc_gwpcImpairmentOrDisposalOfLongLivedAssetsPolicyTextBlock" xlink:type="arc" />
      <link:loc xlink:type="locator" xlink:href="http://xbrl.fasb.org/us-gaap/2012/elts/us-gaap-2012-01-31.xsd#us-gaap_CommitmentsAndContingenciesPolicyTextBlock" xlink:label="loc_gwpcCommitmentsAndContingenciesPolicyTextBlock" />
      <link:presentationArc order="60" xlink:arcrole="http://www.xbrl.org/2003/arcrole/parent-child" xlink:from="loc_gwpcAccountingPoliciesAbstract" xlink:to="loc_gwpcCommitmentsAndContingenciesPolicyTextBlock" xlink:type="arc" />
      <link:loc xlink:type="locator" xlink:href="http://xbrl.fasb.org/us-gaap/2012/elts/us-gaap-2012-01-31.xsd#us-gaap_RevenueRecognitionPolicyTextBlock" xlink:label="loc_gwpcRevenueRecognitionPolicyTextBlock" />
      <link:presentationArc order="70" xlink:arcrole="http://www.xbrl.org/2003/arcrole/parent-child" xlink:from="loc_gwpcAccountingPoliciesAbstract" xlink:to="loc_gwpcRevenueRecognitionPolicyTextBlock" xlink:type="arc" />
      <link:loc xlink:type="locator" xlink:href="http://xbrl.fasb.org/us-gaap/2012/elts/us-gaap-2012-01-31.xsd#us-gaap_IncomeTaxPolicyTextBlock" xlink:label="loc_gwpcIncomeTaxPolicyTextBlock" />
      <link:presentationArc order="80" xlink:arcrole="http://www.xbrl.org/2003/arcrole/parent-child" xlink:from="loc_gwpcAccountingPoliciesAbstract" xlink:to="loc_gwpcIncomeTaxPolicyTextBlock" xlink:type="arc" />
      <link:loc xlink:type="locator" xlink:href="http://xbrl.fasb.org/us-gaap/2012/elts/us-gaap-2012-01-31.xsd#us-gaap_EarningsPerSharePolicyTextBlock" xlink:label="loc_gwpcEarningsPerSharePolicyTextBlock" />
      <link:presentationArc order="90" xlink:arcrole="http://www.xbrl.org/2003/arcrole/parent-child" xlink:from="loc_gwpcAccountingPoliciesAbstract" xlink:to="loc_gwpcEarningsPerSharePolicyTextBlock" xlink:type="arc" />
      <link:loc xlink:type="locator" xlink:href="http://xbrl.fasb.org/us-gaap/2012/elts/us-gaap-2012-01-31.xsd#us-gaap_AdvertisingCostsPolicyTextBlock" xlink:label="loc_gwpcAdvertisingCostsPolicyTextBlock" />
      <link:presentationArc order="100" xlink:arcrole="http://www.xbrl.org/2003/arcrole/parent-child" xlink:from="loc_gwpcAccountingPoliciesAbstract" xlink:to="loc_gwpcAdvertisingCostsPolicyTextBlock" xlink:type="arc" />
      <link:loc xlink:type="locator" xlink:href="http://xbrl.fasb.org/us-gaap/2012/elts/us-gaap-2012-01-31.xsd#us-gaap_NewAccountingPronouncementsPolicyPolicyTextBlock" xlink:label="loc_gwpcNewAccountingPronouncementsPolicyPolicyTextBlock" />
      <link:presentationArc order="110" xlink:arcrole="http://www.xbrl.org/2003/arcrole/parent-child" xlink:from="loc_gwpcAccountingPoliciesAbstract" xlink:to="loc_gwpcNewAccountingPronouncementsPolicyPolicyTextBlock" xlink:type="arc" />
    </link:presentationLink>
    <link:presentationLink xlink:type="extended" xlink:role="http://wholehealthproducts.com/role/Note5-IncomeTaxesTables" xlink:title="0015 - Disclosure - NOTE 5 - INCOME TAXES (Tables)">
      <link:loc xlink:type="locator" xlink:href="gwpc-20120831.xsd#gwpc_DisclosureIncomeTaxesTableAbstract" xlink:label="loc_gwpcDisclosureIncomeTaxesTableAbstract" />
      <link:loc xlink:type="locator" xlink:href="http://xbrl.fasb.org/us-gaap/2012/elts/us-gaap-2012-01-31.xsd#us-gaap_ScheduleOfDeferredTaxAssetsAndLiabilitiesTableTextBlock" xlink:label="loc_gwpcScheduleOfDeferredTaxAssetsAndLiabilitiesTableTextBlock" />
      <link:presentationArc order="0" xlink:arcrole="http://www.xbrl.org/2003/arcrole/parent-child" xlink:from="loc_gwpcDisclosureIncomeTaxesTableAbstract" xlink:to="loc_gwpcScheduleOfDeferredTaxAssetsAndLiabilitiesTableTextBlock" xlink:type="arc" />
      <link:loc xlink:type="locator" xlink:href="gwpc-20120831.xsd#gwpc_IncomeTaxDisclosureText" xlink:label="loc_gwpcIncomeTaxDisclosureText" />
      <link:presentationArc order="10" xlink:arcrole="http://www.xbrl.org/2003/arcrole/parent-child" xlink:from="loc_gwpcDisclosureIncomeTaxesTableAbstract" xlink:to="loc_gwpcIncomeTaxDisclosureText" xlink:type="arc" />
    </link:presentationLink>
    <link:presentationLink xlink:type="extended" xlink:role="http://wholehealthproducts.com/role/Note2-SummaryOfSignificantAccountingPoliciesDetails" xlink:title="0016 - Disclosure - NOTE 2 - SUMMARY OF SIGNIFICANT ACCOUNTING POLICIES (Details)">
      <link:loc xlink:type="locator" xlink:href="http://xbrl.fasb.org/us-gaap/2012/elts/us-gaap-2012-01-31.xsd#us-gaap_AccountingPoliciesAbstract" xlink:label="loc_gwpcAccountingPoliciesAbstract" />
      <link:loc xlink:type="locator" xlink:href="http://xbrl.fasb.org/us-gaap/2012/elts/us-gaap-2012-01-31.xsd#us-gaap_AdvertisingExpense" xlink:label="loc_gwpcAdvertisingExpense" />
      <link:presentationArc order="0" xlink:arcrole="http://www.xbrl.org/2003/arcrole/parent-child" xlink:from="loc_gwpcAccountingPoliciesAbstract" xlink:to="loc_gwpcAdvertisingExpense" xlink:type="arc" preferredLabel="http://www.xbrl.org/2003/role/verboseLabel" />
    </link:presentationLink>
    <link:presentationLink xlink:type="extended" xlink:role="http://wholehealthproducts.com/role/Note5-IncomeTaxesDetails" xlink:title="0017 - Disclosure - NOTE 5 - INCOME TAXES (Details)">
      <link:loc xlink:type="locator" xlink:href="gwpc-20120831.xsd#gwpc_DisclosureIncomeTaxesScheduleOfNetDeferredTaxAssetsDetailsAbstract" xlink:label="loc_gwpcDisclosureIncomeTaxesScheduleOfNetDeferredTaxAssetsDetailsAbstract" />
      <link:loc xlink:type="locator" xlink:href="http://xbrl.fasb.org/us-gaap/2012/elts/us-gaap-2012-01-31.xsd#us-gaap_DeferredTaxAssetsNetAbstract" xlink:label="loc_gwpcDeferredTaxAssetsNetAbstract" />
      <link:presentationArc order="0" xlink:arcrole="http://www.xbrl.org/2003/arcrole/parent-child" xlink:from="loc_gwpcDisclosureIncomeTaxesScheduleOfNetDeferredTaxAssetsDetailsAbstract" xlink:to="loc_gwpcDeferredTaxAssetsNetAbstract" xlink:type="arc" />
      <link:loc xlink:type="locator" xlink:href="http://xbrl.fasb.org/us-gaap/2012/elts/us-gaap-2012-01-31.xsd#us-gaap_DeferredTaxAssetsOperatingLossCarryforwards" xlink:label="loc_gwpcDeferredTaxAssetsOperatingLossCarryforwards" />
      <link:presentationArc order="10" xlink:arcrole="http://www.xbrl.org/2003/arcrole/parent-child" xlink:from="loc_gwpcDisclosureIncomeTaxesScheduleOfNetDeferredTaxAssetsDetailsAbstract" xlink:to="loc_gwpcDeferredTaxAssetsOperatingLossCarryforwards" xlink:type="arc" />
      <link:loc xlink:type="locator" xlink:href="http://xbrl.fasb.org/us-gaap/2012/elts/us-gaap-2012-01-31.xsd#us-gaap_DeferredTaxAssetsValuationAllowance" xlink:label="loc_gwpcDeferredTaxAssetsValuationAllowance" />
      <link:presentationArc order="20" xlink:arcrole="http://www.xbrl.org/2003/arcrole/parent-child" xlink:from="loc_gwpcDisclosureIncomeTaxesScheduleOfNetDeferredTaxAssetsDetailsAbstract" xlink:to="loc_gwpcDeferredTaxAssetsValuationAllowance" xlink:type="arc" preferredLabel="http://www.xbrl.org/2009/role/negatedLabel" />
      <link:loc xlink:type="locator" xlink:href="http://xbrl.fasb.org/us-gaap/2012/elts/us-gaap-2012-01-31.xsd#us-gaap_DeferredTaxAssetsNet" xlink:label="loc_gwpcDeferredTaxAssetsNet" />
      <link:presentationArc order="30" xlink:arcrole="http://www.xbrl.org/2003/arcrole/parent-child" xlink:from="loc_gwpcDisclosureIncomeTaxesScheduleOfNetDeferredTaxAssetsDetailsAbstract" xlink:to="loc_gwpcDeferredTaxAssetsNet" xlink:type="arc" preferredLabel="http://www.xbrl.org/2003/role/totalLabel" />
    </link:presentationLink>
    <link:presentationLink xlink:type="extended" xlink:role="http://wholehealthproducts.com/role/Note6-CommonStockDetails" xlink:title="0018 - Disclosure - NOTE 6 - COMMON STOCK (Details)">
      <link:loc xlink:type="locator" xlink:href="gwpc-20120831.xsd#gwpc_DisclosureStockholdersEquityDetailsAbstract" xlink:label="loc_gwpcDisclosureStockholdersEquityDetailsAbstract" />
      <link:loc xlink:type="locator" xlink:href="gwpc-20120831.xsd#gwpc_ShareValue" xlink:label="loc_gwpcShareValue" />
      <link:presentationArc order="0" xlink:arcrole="http://www.xbrl.org/2003/arcrole/parent-child" xlink:from="loc_gwpcDisclosureStockholdersEquityDetailsAbstract" xlink:to="loc_gwpcShareValue" xlink:type="arc" />
    </link:presentationLink>
    <link:presentationLink xlink:type="extended" xlink:role="http://wholehealthproducts.com/role/Note7-SubsequentEventsDetails" xlink:title="0019 - Disclosure - NOTE 7 - SUBSEQUENT EVENTS (Details)">
      <link:loc xlink:type="locator" xlink:href="gwpc-20120831.xsd#gwpc_DisclosureSubsequentEventsNarrativeDetailsAbstract" xlink:label="loc_gwpcDisclosureSubsequentEventsNarrativeDetailsAbstract" />
      <link:loc xlink:type="locator" xlink:href="http://xbrl.fasb.org/us-gaap/2012/elts/us-gaap-2012-01-31.xsd#us-gaap_StockholdersEquityNoteStockSplitConversionRatio" xlink:label="loc_gwpcStockholdersEquityNoteStockSplitConversionRatio" />
      <link:presentationArc order="0" xlink:arcrole="http://www.xbrl.org/2003/arcrole/parent-child" xlink:from="loc_gwpcDisclosureSubsequentEventsNarrativeDetailsAbstract" xlink:to="loc_gwpcStockholdersEquityNoteStockSplitConversionRatio" xlink:type="arc" />
    </link:presentationLink>
</link:linkbase>
