<?xml version="1.0" encoding="US-ASCII" standalone="no"?>
    <!-- Field: Doc-Info; Name: Generator; Value: GoFiler Complete; Version: 3.4b -->
    <!-- Field: Doc-Info; Name: VendorURI; Value: http://www.novaworks.co -->
    <!-- Field: Doc-Info; Name: Source; Value: gwpc.xfr; Date: 2013/01/30T01:11:59 -->
    <!-- Field: Doc-Info; Name: Status; Value: 0x00000000 -->
<link:linkbase xmlns:xsi="http://www.w3.org/2001/XMLSchema-instance" xmlns:xlink="http://www.w3.org/1999/xlink" xmlns:link="http://www.xbrl.org/2003/linkbase" xmlns:xbrldt="http://xbrl.org/2005/xbrldt" xmlns:xbrli="http://www.xbrl.org/2003/instance" xsi:schemaLocation="http://www.xbrl.org/2003/linkbase http://www.xbrl.org/2003/xbrl-linkbase-2003-12-31.xsd">
    <link:roleRef roleURI="http://wholehealthproducts.com/role/DocumentAndEntityInformation" xlink:href="gwpc-20120831.xsd#DocumentAndEntityInformation" xlink:type="simple" />
    <link:roleRef roleURI="http://wholehealthproducts.com/role/BalanceSheets" xlink:href="gwpc-20120831.xsd#BalanceSheets" xlink:type="simple" />
    <link:roleRef roleURI="http://wholehealthproducts.com/role/BalanceSheetsParenthetical" xlink:href="gwpc-20120831.xsd#BalanceSheetsParenthetical" xlink:type="simple" />
    <link:roleRef roleURI="http://wholehealthproducts.com/role/StatementsOfOperations" xlink:href="gwpc-20120831.xsd#StatementsOfOperations" xlink:type="simple" />
    <link:roleRef roleURI="http://wholehealthproducts.com/role/StatementsOfCashFlows" xlink:href="gwpc-20120831.xsd#StatementsOfCashFlows" xlink:type="simple" />
    <link:roleRef roleURI="http://wholehealthproducts.com/role/ShareholdersEquity" xlink:href="gwpc-20120831.xsd#ShareholdersEquity" xlink:type="simple" />
    <link:roleRef roleURI="http://wholehealthproducts.com/role/Note1-OrganizationAndDescriptionOfBusiness" xlink:href="gwpc-20120831.xsd#Note1-OrganizationAndDescriptionOfBusiness" xlink:type="simple" />
    <link:roleRef roleURI="http://wholehealthproducts.com/role/Note2-SummaryOfSignificantAccountingPolicies" xlink:href="gwpc-20120831.xsd#Note2-SummaryOfSignificantAccountingPolicies" xlink:type="simple" />
    <link:roleRef roleURI="http://wholehealthproducts.com/role/Note3-GoingConcern" xlink:href="gwpc-20120831.xsd#Note3-GoingConcern" xlink:type="simple" />
    <link:roleRef roleURI="http://wholehealthproducts.com/role/Note4-RelatedPartyTransactions" xlink:href="gwpc-20120831.xsd#Note4-RelatedPartyTransactions" xlink:type="simple" />
    <link:roleRef roleURI="http://wholehealthproducts.com/role/Note5-IncomeTaxes" xlink:href="gwpc-20120831.xsd#Note5-IncomeTaxes" xlink:type="simple" />
    <link:roleRef roleURI="http://wholehealthproducts.com/role/Note6-CommonStock" xlink:href="gwpc-20120831.xsd#Note6-CommonStock" xlink:type="simple" />
    <link:roleRef roleURI="http://wholehealthproducts.com/role/Note7-SubsequentEvents" xlink:href="gwpc-20120831.xsd#Note7-SubsequentEvents" xlink:type="simple" />
    <link:roleRef roleURI="http://wholehealthproducts.com/role/Note2-SummaryOfSignificantAccountingPoliciesPolicies" xlink:href="gwpc-20120831.xsd#Note2-SummaryOfSignificantAccountingPoliciesPolicies" xlink:type="simple" />
    <link:roleRef roleURI="http://wholehealthproducts.com/role/Note5-IncomeTaxesTables" xlink:href="gwpc-20120831.xsd#Note5-IncomeTaxesTables" xlink:type="simple" />
    <link:roleRef roleURI="http://wholehealthproducts.com/role/Note2-SummaryOfSignificantAccountingPoliciesDetails" xlink:href="gwpc-20120831.xsd#Note2-SummaryOfSignificantAccountingPoliciesDetails" xlink:type="simple" />
    <link:roleRef roleURI="http://wholehealthproducts.com/role/Note5-IncomeTaxesDetails" xlink:href="gwpc-20120831.xsd#Note5-IncomeTaxesDetails" xlink:type="simple" />
    <link:roleRef roleURI="http://wholehealthproducts.com/role/Note6-CommonStockDetails" xlink:href="gwpc-20120831.xsd#Note6-CommonStockDetails" xlink:type="simple" />
    <link:roleRef roleURI="http://wholehealthproducts.com/role/Note7-SubsequentEventsDetails" xlink:href="gwpc-20120831.xsd#Note7-SubsequentEventsDetails" xlink:type="simple" />
    <link:arcroleRef xlink:type="simple" xlink:href="http://www.xbrl.org/2005/xbrldt-2005.xsd#hypercube-dimension" arcroleURI="http://xbrl.org/int/dim/arcrole/hypercube-dimension" />
    <link:arcroleRef xlink:type="simple" xlink:href="http://www.xbrl.org/2005/xbrldt-2005.xsd#dimension-domain" arcroleURI="http://xbrl.org/int/dim/arcrole/dimension-domain" />
    <link:arcroleRef xlink:type="simple" xlink:href="http://www.xbrl.org/2005/xbrldt-2005.xsd#domain-member" arcroleURI="http://xbrl.org/int/dim/arcrole/domain-member" />
    <link:arcroleRef xlink:type="simple" xlink:href="http://www.xbrl.org/2005/xbrldt-2005.xsd#all" arcroleURI="http://xbrl.org/int/dim/arcrole/all" />
    <link:arcroleRef xlink:type="simple" xlink:href="http://www.xbrl.org/2005/xbrldt-2005.xsd#notAll" arcroleURI="http://xbrl.org/int/dim/arcrole/notAll" />
    <link:arcroleRef xlink:type="simple" xlink:href="http://www.xbrl.org/2005/xbrldt-2005.xsd#dimension-default" arcroleURI="http://xbrl.org/int/dim/arcrole/dimension-default" />
    <link:definitionLink xlink:type="extended" xlink:role="http://wholehealthproducts.com/role/DocumentAndEntityInformation" xlink:title="0001 - Document - Document and Entity Information" />
    <link:definitionLink xlink:type="extended" xlink:role="http://wholehealthproducts.com/role/BalanceSheets" xlink:title="0002 - Statement - Balance Sheets" />
    <link:definitionLink xlink:type="extended" xlink:role="http://wholehealthproducts.com/role/BalanceSheetsParenthetical" xlink:title="0003 - Statement - Balance Sheets (Parenthetical)" />
    <link:definitionLink xlink:type="extended" xlink:role="http://wholehealthproducts.com/role/StatementsOfOperations" xlink:title="0004 - Statement - Statements of Operations" />
    <link:definitionLink xlink:type="extended" xlink:role="http://wholehealthproducts.com/role/StatementsOfCashFlows" xlink:title="0005 - Statement - Statements of Cash Flows" />
    <link:definitionLink xlink:type="extended" xlink:role="http://wholehealthproducts.com/role/ShareholdersEquity" xlink:title="0006 - Statement - Shareholders Equity">
      <link:loc xlink:type="locator" xlink:href="http://xbrl.fasb.org/us-gaap/2012/elts/us-gaap-2012-01-31.xsd#us-gaap_StatementLineItems" xlink:label="loc_gwpcStatementLineItems" />
      <link:loc xlink:type="locator" xlink:href="http://xbrl.fasb.org/us-gaap/2012/elts/us-gaap-2012-01-31.xsd#us-gaap_StatementTable" xlink:label="loc_gwpcStatementTable" />
      <link:definitionArc xlink:arcrole="http://xbrl.org/int/dim/arcrole/all" xbrldt:contextElement="segment" xlink:from="loc_gwpcStatementLineItems" xlink:to="loc_gwpcStatementTable" xlink:type="arc" order="10" xbrldt:closed="true" />
      <link:loc xlink:type="locator" xlink:href="http://xbrl.fasb.org/us-gaap/2012/elts/us-gaap-2012-01-31.xsd#us-gaap_StatementEquityComponentsAxis" xlink:label="loc_gwpcStatementEquityComponentsAxis" />
      <link:definitionArc xlink:arcrole="http://xbrl.org/int/dim/arcrole/hypercube-dimension" xlink:from="loc_gwpcStatementTable" xlink:to="loc_gwpcStatementEquityComponentsAxis" xlink:type="arc" order="1" />
      <link:loc xlink:type="locator" xlink:href="http://xbrl.fasb.org/us-gaap/2012/elts/us-gaap-2012-01-31.xsd#us-gaap_EquityComponentDomain" xlink:label="loc_gwpcEquityComponentDomain" />
      <link:definitionArc xlink:arcrole="http://xbrl.org/int/dim/arcrole/dimension-domain" xlink:from="loc_gwpcStatementEquityComponentsAxis" xlink:to="loc_gwpcEquityComponentDomain" xlink:type="arc" order="20" />
      <link:loc xlink:type="locator" xlink:href="http://xbrl.fasb.org/us-gaap/2012/elts/us-gaap-2012-01-31.xsd#us-gaap_EquityComponentDomain" xlink:label="loc_gwpcEquityComponentDomain_10" />
      <link:definitionArc xlink:arcrole="http://xbrl.org/int/dim/arcrole/dimension-default" xbrldt:contextElement="segment" xlink:from="loc_gwpcStatementEquityComponentsAxis" xlink:to="loc_gwpcEquityComponentDomain_10" xlink:type="arc" order="30" />
      <link:loc xlink:type="locator" xlink:href="http://xbrl.fasb.org/us-gaap/2012/elts/us-gaap-2012-01-31.xsd#us-gaap_CommonStockMember" xlink:label="loc_gwpcCommonStockMember_0" />
      <link:definitionArc xlink:arcrole="http://xbrl.org/int/dim/arcrole/domain-member" xlink:from="loc_gwpcEquityComponentDomain" xlink:to="loc_gwpcCommonStockMember_0" xlink:type="arc" order="1" />
      <link:loc xlink:type="locator" xlink:href="http://xbrl.fasb.org/us-gaap/2012/elts/us-gaap-2012-01-31.xsd#us-gaap_AdditionalPaidInCapitalMember" xlink:label="loc_gwpcAdditionalPaidInCapitalMember_10" />
      <link:definitionArc xlink:arcrole="http://xbrl.org/int/dim/arcrole/domain-member" xlink:from="loc_gwpcEquityComponentDomain" xlink:to="loc_gwpcAdditionalPaidInCapitalMember_10" xlink:type="arc" order="11" />
      <link:loc xlink:type="locator" xlink:href="http://xbrl.fasb.org/us-gaap/2012/elts/us-gaap-2012-01-31.xsd#us-gaap_RetainedEarningsMember" xlink:label="loc_gwpcRetainedEarningsMember_20" />
      <link:definitionArc xlink:arcrole="http://xbrl.org/int/dim/arcrole/domain-member" xlink:from="loc_gwpcEquityComponentDomain" xlink:to="loc_gwpcRetainedEarningsMember_20" xlink:type="arc" order="21" />
      <link:loc xlink:type="locator" xlink:href="http://xbrl.fasb.org/us-gaap/2012/elts/us-gaap-2012-01-31.xsd#us-gaap_StockholdersEquity" xlink:label="loc_gwpcStockholdersEquity_50" />
      <link:definitionArc xlink:arcrole="http://xbrl.org/int/dim/arcrole/domain-member" xlink:from="loc_gwpcStatementLineItems" xlink:to="loc_gwpcStockholdersEquity_50" xlink:type="arc" order="1" />
      <link:loc xlink:type="locator" xlink:href="http://xbrl.fasb.org/us-gaap/2012/elts/us-gaap-2012-01-31.xsd#us-gaap_SharesIssued" xlink:label="loc_gwpcSharesIssued_50" />
      <link:definitionArc xlink:arcrole="http://xbrl.org/int/dim/arcrole/domain-member" xlink:from="loc_gwpcStatementLineItems" xlink:to="loc_gwpcSharesIssued_50" xlink:type="arc" order="2" />
      <link:loc xlink:type="locator" xlink:href="http://xbrl.fasb.org/us-gaap/2012/elts/us-gaap-2012-01-31.xsd#us-gaap_StockIssuedDuringPeriodValueShareBasedCompensation" xlink:label="loc_gwpcStockIssuedDuringPeriodValueShareBasedCompensation_50" />
      <link:definitionArc xlink:arcrole="http://xbrl.org/int/dim/arcrole/domain-member" xlink:from="loc_gwpcStatementLineItems" xlink:to="loc_gwpcStockIssuedDuringPeriodValueShareBasedCompensation_50" xlink:type="arc" order="3" />
      <link:loc xlink:type="locator" xlink:href="http://xbrl.fasb.org/us-gaap/2012/elts/us-gaap-2012-01-31.xsd#us-gaap_StockIssuedDuringPeriodSharesShareBasedCompensation" xlink:label="loc_gwpcStockIssuedDuringPeriodSharesShareBasedCompensation_50" />
      <link:definitionArc xlink:arcrole="http://xbrl.org/int/dim/arcrole/domain-member" xlink:from="loc_gwpcStatementLineItems" xlink:to="loc_gwpcStockIssuedDuringPeriodSharesShareBasedCompensation_50" xlink:type="arc" order="4" />
      <link:loc xlink:type="locator" xlink:href="http://xbrl.fasb.org/us-gaap/2012/elts/us-gaap-2012-01-31.xsd#us-gaap_NetIncomeLoss" xlink:label="loc_gwpcNetIncomeLoss_50" />
      <link:definitionArc xlink:arcrole="http://xbrl.org/int/dim/arcrole/domain-member" xlink:from="loc_gwpcStatementLineItems" xlink:to="loc_gwpcNetIncomeLoss_50" xlink:type="arc" order="5" />
    </link:definitionLink>
    <link:definitionLink xlink:type="extended" xlink:role="http://wholehealthproducts.com/role/Note1-OrganizationAndDescriptionOfBusiness" xlink:title="0007 - Disclosure - NOTE 1 - ORGANIZATION AND DESCRIPTION OF BUSINESS" />
    <link:definitionLink xlink:type="extended" xlink:role="http://wholehealthproducts.com/role/Note2-SummaryOfSignificantAccountingPolicies" xlink:title="0008 - Disclosure - NOTE 2 - SUMMARY OF SIGNIFICANT ACCOUNTING POLICIES" />
    <link:definitionLink xlink:type="extended" xlink:role="http://wholehealthproducts.com/role/Note3-GoingConcern" xlink:title="0009 - Disclosure - NOTE 3 - GOING CONCERN" />
    <link:definitionLink xlink:type="extended" xlink:role="http://wholehealthproducts.com/role/Note4-RelatedPartyTransactions" xlink:title="0010 - Disclosure - NOTE 4 - RELATED PARTY TRANSACTIONS" />
    <link:definitionLink xlink:type="extended" xlink:role="http://wholehealthproducts.com/role/Note5-IncomeTaxes" xlink:title="0011 - Disclosure - NOTE 5 - INCOME TAXES" />
    <link:definitionLink xlink:type="extended" xlink:role="http://wholehealthproducts.com/role/Note6-CommonStock" xlink:title="0012 - Disclosure - NOTE 6 - COMMON STOCK" />
    <link:definitionLink xlink:type="extended" xlink:role="http://wholehealthproducts.com/role/Note7-SubsequentEvents" xlink:title="0013 - Disclosure - NOTE 7 - SUBSEQUENT EVENTS" />
    <link:definitionLink xlink:type="extended" xlink:role="http://wholehealthproducts.com/role/Note2-SummaryOfSignificantAccountingPoliciesPolicies" xlink:title="0014 - Disclosure - NOTE 2 - SUMMARY OF SIGNIFICANT ACCOUNTING POLICIES (Policies)" />
    <link:definitionLink xlink:type="extended" xlink:role="http://wholehealthproducts.com/role/Note5-IncomeTaxesTables" xlink:title="0015 - Disclosure - NOTE 5 - INCOME TAXES (Tables)" />
    <link:definitionLink xlink:type="extended" xlink:role="http://wholehealthproducts.com/role/Note2-SummaryOfSignificantAccountingPoliciesDetails" xlink:title="0016 - Disclosure - NOTE 2 - SUMMARY OF SIGNIFICANT ACCOUNTING POLICIES (Details)" />
    <link:definitionLink xlink:type="extended" xlink:role="http://wholehealthproducts.com/role/Note5-IncomeTaxesDetails" xlink:title="0017 - Disclosure - NOTE 5 - INCOME TAXES (Details)" />
    <link:definitionLink xlink:type="extended" xlink:role="http://wholehealthproducts.com/role/Note6-CommonStockDetails" xlink:title="0018 - Disclosure - NOTE 6 - COMMON STOCK (Details)" />
    <link:definitionLink xlink:type="extended" xlink:role="http://wholehealthproducts.com/role/Note7-SubsequentEventsDetails" xlink:title="0019 - Disclosure - NOTE 7 - SUBSEQUENT EVENTS (Details)" />
</link:linkbase>
