<?xml version="1.0" encoding="US-ASCII" standalone="no"?>
    <!-- Field: Doc-Info; Name: Generator; Value: GoFiler Complete; Version: 3.4b -->
    <!-- Field: Doc-Info; Name: VendorURI; Value: http://www.novaworks.co -->
    <!-- Field: Doc-Info; Name: Source; Value: gwpc.xfr; Date: 2013/01/30T01:11:59 -->
    <!-- Field: Doc-Info; Name: Status; Value: 0x00000000 -->
<link:linkbase xmlns:xsi="http://www.w3.org/2001/XMLSchema-instance" xmlns:xlink="http://www.w3.org/1999/xlink" xmlns:link="http://www.xbrl.org/2003/linkbase" xmlns:xbrli="http://www.xbrl.org/2003/instance" xsi:schemaLocation="http://www.xbrl.org/2003/linkbase http://www.xbrl.org/2003/xbrl-linkbase-2003-12-31.xsd">
    <link:roleRef roleURI="http://wholehealthproducts.com/role/DocumentAndEntityInformation" xlink:href="gwpc-20120831.xsd#DocumentAndEntityInformation" xlink:type="simple" />
    <link:roleRef roleURI="http://wholehealthproducts.com/role/BalanceSheets" xlink:href="gwpc-20120831.xsd#BalanceSheets" xlink:type="simple" />
    <link:roleRef roleURI="http://wholehealthproducts.com/role/BalanceSheetsParenthetical" xlink:href="gwpc-20120831.xsd#BalanceSheetsParenthetical" xlink:type="simple" />
    <link:roleRef roleURI="http://wholehealthproducts.com/role/StatementsOfOperations" xlink:href="gwpc-20120831.xsd#StatementsOfOperations" xlink:type="simple" />
    <link:roleRef roleURI="http://wholehealthproducts.com/role/StatementsOfCashFlows" xlink:href="gwpc-20120831.xsd#StatementsOfCashFlows" xlink:type="simple" />
    <link:roleRef roleURI="http://wholehealthproducts.com/role/ShareholdersEquity" xlink:href="gwpc-20120831.xsd#ShareholdersEquity" xlink:type="simple" />
    <link:roleRef roleURI="http://wholehealthproducts.com/role/Note1-OrganizationAndDescriptionOfBusiness" xlink:href="gwpc-20120831.xsd#Note1-OrganizationAndDescriptionOfBusiness" xlink:type="simple" />
    <link:roleRef roleURI="http://wholehealthproducts.com/role/Note2-SummaryOfSignificantAccountingPolicies" xlink:href="gwpc-20120831.xsd#Note2-SummaryOfSignificantAccountingPolicies" xlink:type="simple" />
    <link:roleRef roleURI="http://wholehealthproducts.com/role/Note3-GoingConcern" xlink:href="gwpc-20120831.xsd#Note3-GoingConcern" xlink:type="simple" />
    <link:roleRef roleURI="http://wholehealthproducts.com/role/Note4-RelatedPartyTransactions" xlink:href="gwpc-20120831.xsd#Note4-RelatedPartyTransactions" xlink:type="simple" />
    <link:roleRef roleURI="http://wholehealthproducts.com/role/Note5-IncomeTaxes" xlink:href="gwpc-20120831.xsd#Note5-IncomeTaxes" xlink:type="simple" />
    <link:roleRef roleURI="http://wholehealthproducts.com/role/Note6-CommonStock" xlink:href="gwpc-20120831.xsd#Note6-CommonStock" xlink:type="simple" />
    <link:roleRef roleURI="http://wholehealthproducts.com/role/Note7-SubsequentEvents" xlink:href="gwpc-20120831.xsd#Note7-SubsequentEvents" xlink:type="simple" />
    <link:roleRef roleURI="http://wholehealthproducts.com/role/Note2-SummaryOfSignificantAccountingPoliciesPolicies" xlink:href="gwpc-20120831.xsd#Note2-SummaryOfSignificantAccountingPoliciesPolicies" xlink:type="simple" />
    <link:roleRef roleURI="http://wholehealthproducts.com/role/Note5-IncomeTaxesTables" xlink:href="gwpc-20120831.xsd#Note5-IncomeTaxesTables" xlink:type="simple" />
    <link:roleRef roleURI="http://wholehealthproducts.com/role/Note2-SummaryOfSignificantAccountingPoliciesDetails" xlink:href="gwpc-20120831.xsd#Note2-SummaryOfSignificantAccountingPoliciesDetails" xlink:type="simple" />
    <link:roleRef roleURI="http://wholehealthproducts.com/role/Note5-IncomeTaxesDetails" xlink:href="gwpc-20120831.xsd#Note5-IncomeTaxesDetails" xlink:type="simple" />
    <link:roleRef roleURI="http://wholehealthproducts.com/role/Note6-CommonStockDetails" xlink:href="gwpc-20120831.xsd#Note6-CommonStockDetails" xlink:type="simple" />
    <link:roleRef roleURI="http://wholehealthproducts.com/role/Note7-SubsequentEventsDetails" xlink:href="gwpc-20120831.xsd#Note7-SubsequentEventsDetails" xlink:type="simple" />
    <link:calculationLink xlink:type="extended" xlink:role="http://wholehealthproducts.com/role/DocumentAndEntityInformation" xlink:title="0001 - Document - Document and Entity Information" />
    <link:calculationLink xlink:type="extended" xlink:role="http://wholehealthproducts.com/role/BalanceSheets" xlink:title="0002 - Statement - Balance Sheets">
      <link:loc xlink:type="locator" xlink:href="http://xbrl.fasb.org/us-gaap/2012/elts/us-gaap-2012-01-31.xsd#us-gaap_AssetsCurrent" xlink:label="loc_gwpcAssetsCurrent" />
      <link:loc xlink:type="locator" xlink:href="http://xbrl.fasb.org/us-gaap/2012/elts/us-gaap-2012-01-31.xsd#us-gaap_Cash" xlink:label="loc_gwpcCash" />
      <link:calculationArc order="100" xlink:arcrole="http://www.xbrl.org/2003/arcrole/summation-item" xlink:from="loc_gwpcAssetsCurrent" xlink:to="loc_gwpcCash" xlink:type="arc" weight="1" />
      <link:loc xlink:type="locator" xlink:href="http://xbrl.fasb.org/us-gaap/2012/elts/us-gaap-2012-01-31.xsd#us-gaap_AccountsReceivableNetCurrent" xlink:label="loc_gwpcAccountsReceivableNetCurrent" />
      <link:calculationArc order="200" xlink:arcrole="http://www.xbrl.org/2003/arcrole/summation-item" xlink:from="loc_gwpcAssetsCurrent" xlink:to="loc_gwpcAccountsReceivableNetCurrent" xlink:type="arc" weight="1" />
      <link:loc xlink:type="locator" xlink:href="http://xbrl.fasb.org/us-gaap/2012/elts/us-gaap-2012-01-31.xsd#us-gaap_Assets" xlink:label="loc_gwpcAssets" />
      <link:calculationArc order="100" xlink:arcrole="http://www.xbrl.org/2003/arcrole/summation-item" xlink:from="loc_gwpcAssets" xlink:to="loc_gwpcCash" xlink:type="arc" weight="1" />
      <link:calculationArc order="200" xlink:arcrole="http://www.xbrl.org/2003/arcrole/summation-item" xlink:from="loc_gwpcAssets" xlink:to="loc_gwpcAccountsReceivableNetCurrent" xlink:type="arc" weight="1" />
      <link:calculationArc order="300" xlink:arcrole="http://www.xbrl.org/2003/arcrole/summation-item" xlink:from="loc_gwpcAssets" xlink:to="loc_gwpcAssetsCurrent" xlink:type="arc" weight="1" />
      <link:loc xlink:type="locator" xlink:href="http://xbrl.fasb.org/us-gaap/2012/elts/us-gaap-2012-01-31.xsd#us-gaap_LiabilitiesCurrent" xlink:label="loc_gwpcLiabilitiesCurrent" />
      <link:loc xlink:type="locator" xlink:href="http://xbrl.fasb.org/us-gaap/2012/elts/us-gaap-2012-01-31.xsd#us-gaap_AccountsPayableCurrent" xlink:label="loc_gwpcAccountsPayableCurrent" />
      <link:calculationArc order="100" xlink:arcrole="http://www.xbrl.org/2003/arcrole/summation-item" xlink:from="loc_gwpcLiabilitiesCurrent" xlink:to="loc_gwpcAccountsPayableCurrent" xlink:type="arc" weight="1" />
      <link:loc xlink:type="locator" xlink:href="http://xbrl.fasb.org/us-gaap/2012/elts/us-gaap-2012-01-31.xsd#us-gaap_DueToRelatedPartiesCurrent" xlink:label="loc_gwpcDueToRelatedPartiesCurrent" />
      <link:calculationArc order="200" xlink:arcrole="http://www.xbrl.org/2003/arcrole/summation-item" xlink:from="loc_gwpcLiabilitiesCurrent" xlink:to="loc_gwpcDueToRelatedPartiesCurrent" xlink:type="arc" weight="1" />
      <link:loc xlink:type="locator" xlink:href="http://xbrl.fasb.org/us-gaap/2012/elts/us-gaap-2012-01-31.xsd#us-gaap_StockholdersEquity" xlink:label="loc_gwpcStockholdersEquity" />
      <link:loc xlink:type="locator" xlink:href="http://xbrl.fasb.org/us-gaap/2012/elts/us-gaap-2012-01-31.xsd#us-gaap_PreferredStockValue" xlink:label="loc_gwpcPreferredStockValue" />
      <link:calculationArc order="100" xlink:arcrole="http://www.xbrl.org/2003/arcrole/summation-item" xlink:from="loc_gwpcStockholdersEquity" xlink:to="loc_gwpcPreferredStockValue" xlink:type="arc" weight="1" />
      <link:loc xlink:type="locator" xlink:href="http://xbrl.fasb.org/us-gaap/2012/elts/us-gaap-2012-01-31.xsd#us-gaap_CommonStockValue" xlink:label="loc_gwpcCommonStockValue" />
      <link:calculationArc order="200" xlink:arcrole="http://www.xbrl.org/2003/arcrole/summation-item" xlink:from="loc_gwpcStockholdersEquity" xlink:to="loc_gwpcCommonStockValue" xlink:type="arc" weight="1" />
      <link:loc xlink:type="locator" xlink:href="http://xbrl.fasb.org/us-gaap/2012/elts/us-gaap-2012-01-31.xsd#us-gaap_AdditionalPaidInCapital" xlink:label="loc_gwpcAdditionalPaidInCapital" />
      <link:calculationArc order="300" xlink:arcrole="http://www.xbrl.org/2003/arcrole/summation-item" xlink:from="loc_gwpcStockholdersEquity" xlink:to="loc_gwpcAdditionalPaidInCapital" xlink:type="arc" weight="1" />
      <link:loc xlink:type="locator" xlink:href="http://xbrl.fasb.org/us-gaap/2012/elts/us-gaap-2012-01-31.xsd#us-gaap_RetainedEarningsAccumulatedDeficit" xlink:label="loc_gwpcRetainedEarningsAccumulatedDeficit" />
      <link:calculationArc order="400" xlink:arcrole="http://www.xbrl.org/2003/arcrole/summation-item" xlink:from="loc_gwpcStockholdersEquity" xlink:to="loc_gwpcRetainedEarningsAccumulatedDeficit" xlink:type="arc" weight="1" />
    </link:calculationLink>
    <link:calculationLink xlink:type="extended" xlink:role="http://wholehealthproducts.com/role/BalanceSheetsParenthetical" xlink:title="0003 - Statement - Balance Sheets (Parenthetical)" />
    <link:calculationLink xlink:type="extended" xlink:role="http://wholehealthproducts.com/role/StatementsOfOperations" xlink:title="0004 - Statement - Statements of Operations">
      <link:loc xlink:type="locator" xlink:href="http://xbrl.fasb.org/us-gaap/2012/elts/us-gaap-2012-01-31.xsd#us-gaap_GrossProfit" xlink:label="loc_gwpcGrossProfit" />
      <link:loc xlink:type="locator" xlink:href="http://xbrl.fasb.org/us-gaap/2012/elts/us-gaap-2012-01-31.xsd#us-gaap_Revenues" xlink:label="loc_gwpcRevenues" />
      <link:calculationArc order="100" xlink:arcrole="http://www.xbrl.org/2003/arcrole/summation-item" xlink:from="loc_gwpcGrossProfit" xlink:to="loc_gwpcRevenues" xlink:type="arc" weight="1" />
      <link:loc xlink:type="locator" xlink:href="http://xbrl.fasb.org/us-gaap/2012/elts/us-gaap-2012-01-31.xsd#us-gaap_CostOfServices" xlink:label="loc_gwpcCostOfServices" />
      <link:calculationArc order="200" xlink:arcrole="http://www.xbrl.org/2003/arcrole/summation-item" xlink:from="loc_gwpcGrossProfit" xlink:to="loc_gwpcCostOfServices" xlink:type="arc" weight="-1" />
      <link:loc xlink:type="locator" xlink:href="http://xbrl.fasb.org/us-gaap/2012/elts/us-gaap-2012-01-31.xsd#us-gaap_OperatingExpenses" xlink:label="loc_gwpcOperatingExpenses" />
      <link:loc xlink:type="locator" xlink:href="gwpc-20120831.xsd#gwpc_Salaries" xlink:label="loc_gwpcSalaries" />
      <link:calculationArc order="100" xlink:arcrole="http://www.xbrl.org/2003/arcrole/summation-item" xlink:from="loc_gwpcOperatingExpenses" xlink:to="loc_gwpcSalaries" xlink:type="arc" weight="1" />
      <link:loc xlink:type="locator" xlink:href="http://xbrl.fasb.org/us-gaap/2012/elts/us-gaap-2012-01-31.xsd#us-gaap_GeneralAndAdministrativeExpense" xlink:label="loc_gwpcGeneralAndAdministrativeExpense" />
      <link:calculationArc order="200" xlink:arcrole="http://www.xbrl.org/2003/arcrole/summation-item" xlink:from="loc_gwpcOperatingExpenses" xlink:to="loc_gwpcGeneralAndAdministrativeExpense" xlink:type="arc" weight="1" />
      <link:loc xlink:type="locator" xlink:href="http://xbrl.fasb.org/us-gaap/2012/elts/us-gaap-2012-01-31.xsd#us-gaap_ShareBasedCompensation" xlink:label="loc_gwpcShareBasedCompensation" />
      <link:calculationArc order="300" xlink:arcrole="http://www.xbrl.org/2003/arcrole/summation-item" xlink:from="loc_gwpcOperatingExpenses" xlink:to="loc_gwpcShareBasedCompensation" xlink:type="arc" weight="1" />
      <link:loc xlink:type="locator" xlink:href="http://xbrl.fasb.org/us-gaap/2012/elts/us-gaap-2012-01-31.xsd#us-gaap_OperatingIncomeLoss" xlink:label="loc_gwpcOperatingIncomeLoss" />
      <link:calculationArc order="100" xlink:arcrole="http://www.xbrl.org/2003/arcrole/summation-item" xlink:from="loc_gwpcOperatingIncomeLoss" xlink:to="loc_gwpcOperatingExpenses" xlink:type="arc" weight="-1" />
    </link:calculationLink>
    <link:calculationLink xlink:type="extended" xlink:role="http://wholehealthproducts.com/role/StatementsOfCashFlows" xlink:title="0005 - Statement - Statements of Cash Flows">
      <link:loc xlink:type="locator" xlink:href="http://xbrl.fasb.org/us-gaap/2012/elts/us-gaap-2012-01-31.xsd#us-gaap_NetCashProvidedByUsedInInvestingActivities" xlink:label="loc_gwpcNetCashProvidedByUsedInInvestingActivities" />
      <link:loc xlink:type="locator" xlink:href="http://xbrl.fasb.org/us-gaap/2012/elts/us-gaap-2012-01-31.xsd#us-gaap_PaymentsToAcquireInterestInSubsidiariesAndAffiliates" xlink:label="loc_gwpcPaymentsToAcquireInterestInSubsidiariesAndAffiliates" />
      <link:calculationArc order="100" xlink:arcrole="http://www.xbrl.org/2003/arcrole/summation-item" xlink:from="loc_gwpcNetCashProvidedByUsedInInvestingActivities" xlink:to="loc_gwpcPaymentsToAcquireInterestInSubsidiariesAndAffiliates" xlink:type="arc" weight="-1" />
    </link:calculationLink>
    <link:calculationLink xlink:type="extended" xlink:role="http://wholehealthproducts.com/role/ShareholdersEquity" xlink:title="0006 - Statement - Shareholders Equity" />
    <link:calculationLink xlink:type="extended" xlink:role="http://wholehealthproducts.com/role/Note1-OrganizationAndDescriptionOfBusiness" xlink:title="0007 - Disclosure - NOTE 1 - ORGANIZATION AND DESCRIPTION OF BUSINESS" />
    <link:calculationLink xlink:type="extended" xlink:role="http://wholehealthproducts.com/role/Note2-SummaryOfSignificantAccountingPolicies" xlink:title="0008 - Disclosure - NOTE 2 - SUMMARY OF SIGNIFICANT ACCOUNTING POLICIES" />
    <link:calculationLink xlink:type="extended" xlink:role="http://wholehealthproducts.com/role/Note3-GoingConcern" xlink:title="0009 - Disclosure - NOTE 3 - GOING CONCERN" />
    <link:calculationLink xlink:type="extended" xlink:role="http://wholehealthproducts.com/role/Note4-RelatedPartyTransactions" xlink:title="0010 - Disclosure - NOTE 4 - RELATED PARTY TRANSACTIONS" />
    <link:calculationLink xlink:type="extended" xlink:role="http://wholehealthproducts.com/role/Note5-IncomeTaxes" xlink:title="0011 - Disclosure - NOTE 5 - INCOME TAXES" />
    <link:calculationLink xlink:type="extended" xlink:role="http://wholehealthproducts.com/role/Note6-CommonStock" xlink:title="0012 - Disclosure - NOTE 6 - COMMON STOCK" />
    <link:calculationLink xlink:type="extended" xlink:role="http://wholehealthproducts.com/role/Note7-SubsequentEvents" xlink:title="0013 - Disclosure - NOTE 7 - SUBSEQUENT EVENTS" />
    <link:calculationLink xlink:type="extended" xlink:role="http://wholehealthproducts.com/role/Note2-SummaryOfSignificantAccountingPoliciesPolicies" xlink:title="0014 - Disclosure - NOTE 2 - SUMMARY OF SIGNIFICANT ACCOUNTING POLICIES (Policies)" />
    <link:calculationLink xlink:type="extended" xlink:role="http://wholehealthproducts.com/role/Note5-IncomeTaxesTables" xlink:title="0015 - Disclosure - NOTE 5 - INCOME TAXES (Tables)" />
    <link:calculationLink xlink:type="extended" xlink:role="http://wholehealthproducts.com/role/Note2-SummaryOfSignificantAccountingPoliciesDetails" xlink:title="0016 - Disclosure - NOTE 2 - SUMMARY OF SIGNIFICANT ACCOUNTING POLICIES (Details)" />
    <link:calculationLink xlink:type="extended" xlink:role="http://wholehealthproducts.com/role/Note5-IncomeTaxesDetails" xlink:title="0017 - Disclosure - NOTE 5 - INCOME TAXES (Details)">
      <link:loc xlink:type="locator" xlink:href="http://xbrl.fasb.org/us-gaap/2012/elts/us-gaap-2012-01-31.xsd#us-gaap_DeferredTaxAssetsNet" xlink:label="loc_gwpcDeferredTaxAssetsNet" />
      <link:loc xlink:type="locator" xlink:href="http://xbrl.fasb.org/us-gaap/2012/elts/us-gaap-2012-01-31.xsd#us-gaap_DeferredTaxAssetsOperatingLossCarryforwards" xlink:label="loc_gwpcDeferredTaxAssetsOperatingLossCarryforwards" />
      <link:calculationArc order="100" xlink:arcrole="http://www.xbrl.org/2003/arcrole/summation-item" xlink:from="loc_gwpcDeferredTaxAssetsNet" xlink:to="loc_gwpcDeferredTaxAssetsOperatingLossCarryforwards" xlink:type="arc" weight="1" />
      <link:loc xlink:type="locator" xlink:href="http://xbrl.fasb.org/us-gaap/2012/elts/us-gaap-2012-01-31.xsd#us-gaap_DeferredTaxAssetsValuationAllowance" xlink:label="loc_gwpcDeferredTaxAssetsValuationAllowance" />
      <link:calculationArc order="200" xlink:arcrole="http://www.xbrl.org/2003/arcrole/summation-item" xlink:from="loc_gwpcDeferredTaxAssetsNet" xlink:to="loc_gwpcDeferredTaxAssetsValuationAllowance" xlink:type="arc" weight="-1" />
    </link:calculationLink>
    <link:calculationLink xlink:type="extended" xlink:role="http://wholehealthproducts.com/role/Note6-CommonStockDetails" xlink:title="0018 - Disclosure - NOTE 6 - COMMON STOCK (Details)" />
    <link:calculationLink xlink:type="extended" xlink:role="http://wholehealthproducts.com/role/Note7-SubsequentEventsDetails" xlink:title="0019 - Disclosure - NOTE 7 - SUBSEQUENT EVENTS (Details)" />
</link:linkbase>
