<?xml version="1.0" encoding="US-ASCII"?>
<!-- RR Donnelley Xcelerate Taxonomy Calculation Linkbase, based on XBRL 2.1  http://www.edgar-online.com/ -->
<!-- Version: 6.20.1 -->
<!-- Round: 77906d2e-1a41-4230-b229-5616217b99a8 -->
<!-- Creation date: 2013-01-30T02:23:35Z -->
<!-- Copyright (c) 2005-2013 R.R. Donnelley & Sons Company All Rights Reserved. -->
<linkbase xmlns="http://www.xbrl.org/2003/linkbase"
  xmlns:xsi="http://www.w3.org/2001/XMLSchema-instance"
  xmlns:xlink="http://www.w3.org/1999/xlink"
  xsi:schemaLocation="http://www.xbrl.org/2003/linkbase http://www.xbrl.org/2003/xbrl-linkbase-2003-12-31.xsd">
  <roleRef xlink:type="simple" xlink:href="fico-20121231.xsd#DocumentDocumentandEntityInformation" roleURI="http://www.fico.com/taxonomy/role/DocumentDocumentandEntityInformation"/>
  <roleRef xlink:type="simple" xlink:href="fico-20121231.xsd#Role_StatementOfFinancialPositionClassified" roleURI="http://www.fico.com/taxonomy/role/StatementOfFinancialPositionClassified"/>
  <roleRef xlink:type="simple" xlink:href="fico-20121231.xsd#Role_StatementOfFinancialPositionClassifiedParen" roleURI="http://www.fico.com/taxonomy/role/StatementOfFinancialPositionClassifiedParenthetical"/>
  <roleRef xlink:type="simple" xlink:href="fico-20121231.xsd#Role_StatementOfIncomeAlternative" roleURI="http://www.fico.com/taxonomy/role/StatementOfIncomeAlternative"/>
  <roleRef xlink:type="simple" xlink:href="fico-20121231.xsd#Role_ci-StatementOfShareholdersEquityAndOtherComprehensiveIncome" roleURI="http://www.fico.com/taxonomy/role/StatementOfShareholdersEquityAndOtherComprehensiveIncome"/>
  <roleRef xlink:type="simple" xlink:href="fico-20121231.xsd#Role_ci-StatementOfShareholdersEquityAndOtherComprehensiveIncomeParen" roleURI="http://www.fico.com/taxonomy/role/StatementOfShareholdersEquityAndOtherComprehensiveIncomeParenthetical"/>
  <roleRef xlink:type="simple" xlink:href="fico-20121231.xsd#Role_StatementOfCashFlowsIndirect" roleURI="http://www.fico.com/taxonomy/role/StatementOfCashFlowsIndirect"/>
  <roleRef xlink:type="simple" xlink:href="fico-20121231.xsd#DisclosureAcquisitionsAdditionalInformation" roleURI="http://www.fico.com/taxonomy/role/DisclosureAcquisitionsAdditionalInformation"/>
  <roleRef xlink:type="simple" xlink:href="fico-20121231.xsd#DisclosureConsiderationPaidForCRSoftwareAndAmountsForAssetsAcquiredAndLiabilitiesAssumed" roleURI="http://www.fico.com/taxonomy/role/DisclosureConsiderationPaidForCRSoftwareAndAmountsForAssetsAcquiredAndLiabilitiesAssumed"/>
  <roleRef xlink:type="simple" xlink:href="fico-20121231.xsd#DisclosureFinancialAssetsMeasuredAtFairValueOnRecurringBasis" roleURI="http://www.fico.com/taxonomy/role/DisclosureFinancialAssetsMeasuredAtFairValueOnRecurringBasis"/>
  <roleRef xlink:type="simple" xlink:href="fico-20121231.xsd#DisclosureFinancialAssetsMeasuredAtFairValueOnRecurringBasisParenthetical" roleURI="http://www.fico.com/taxonomy/role/DisclosureFinancialAssetsMeasuredAtFairValueOnRecurringBasisParenthetical"/>
  <roleRef xlink:type="simple" xlink:href="fico-20121231.xsd#DisclosureDerivativeFinancialInstrumentsAdditionalInformation" roleURI="http://www.fico.com/taxonomy/role/DisclosureDerivativeFinancialInstrumentsAdditionalInformation"/>
  <roleRef xlink:type="simple" xlink:href="fico-20121231.xsd#DisclosureSummaryOfOutstandingForwardForeignCurrencyContractsByCurrency" roleURI="http://www.fico.com/taxonomy/role/DisclosureSummaryOfOutstandingForwardForeignCurrencyContractsByCurrency"/>
  <roleRef xlink:type="simple" xlink:href="fico-20121231.xsd#DisclosureLossesOnDerivativeFinancialInstrumentsRecordedInConsolidatedStatementsOfIncome" roleURI="http://www.fico.com/taxonomy/role/DisclosureLossesOnDerivativeFinancialInstrumentsRecordedInConsolidatedStatementsOfIncome"/>
  <roleRef xlink:type="simple" xlink:href="fico-20121231.xsd#DisclosureAmortizationExpenseAssociatedWithIntangibleAssets" roleURI="http://www.fico.com/taxonomy/role/DisclosureAmortizationExpenseAssociatedWithIntangibleAssets"/>
  <roleRef xlink:type="simple" xlink:href="fico-20121231.xsd#DisclosureGoodwillAndIntangibleAssetsAdditionalInformation" roleURI="http://www.fico.com/taxonomy/role/DisclosureGoodwillAndIntangibleAssetsAdditionalInformation"/>
  <roleRef xlink:type="simple" xlink:href="fico-20121231.xsd#DisclosureEstimatedFutureIntangibleAssetAmortizationExpense" roleURI="http://www.fico.com/taxonomy/role/DisclosureEstimatedFutureIntangibleAssetAmortizationExpense"/>
  <roleRef xlink:type="simple" xlink:href="fico-20121231.xsd#DisclosureSummaryOfChangesToGoodwill" roleURI="http://www.fico.com/taxonomy/role/DisclosureSummaryOfChangesToGoodwill"/>
  <roleRef xlink:type="simple" xlink:href="fico-20121231.xsd#DisclosurePropertyAndEquipment" roleURI="http://www.fico.com/taxonomy/role/DisclosurePropertyAndEquipment"/>
  <roleRef xlink:type="simple" xlink:href="fico-20121231.xsd#DisclosureRevolvingLineOfCreditAdditionalInformation" roleURI="http://www.fico.com/taxonomy/role/DisclosureRevolvingLineOfCreditAdditionalInformation"/>
  <roleRef xlink:type="simple" xlink:href="fico-20121231.xsd#DisclosureSeniorNotesAdditionalInformation" roleURI="http://www.fico.com/taxonomy/role/DisclosureSeniorNotesAdditionalInformation"/>
  <roleRef xlink:type="simple" xlink:href="fico-20121231.xsd#DisclosureRestructuringExpensesAdditionalInformation" roleURI="http://www.fico.com/taxonomy/role/DisclosureRestructuringExpensesAdditionalInformation"/>
  <roleRef xlink:type="simple" xlink:href="fico-20121231.xsd#DisclosureSummaryOfRestructuringAccrualsAndCertainFacilityClosures" roleURI="http://www.fico.com/taxonomy/role/DisclosureSummaryOfRestructuringAccrualsAndCertainFacilityClosures"/>
  <roleRef xlink:type="simple" xlink:href="fico-20121231.xsd#DisclosureIncomeTaxesAdditionalInformation" roleURI="http://www.fico.com/taxonomy/role/DisclosureIncomeTaxesAdditionalInformation"/>
  <roleRef xlink:type="simple" xlink:href="fico-20121231.xsd#DisclosureShareBasedPaymentsAdditionalInformation" roleURI="http://www.fico.com/taxonomy/role/DisclosureShareBasedPaymentsAdditionalInformation"/>
  <roleRef xlink:type="simple" xlink:href="fico-20121231.xsd#DisclosureSummaryOfOptionActivity" roleURI="http://www.fico.com/taxonomy/role/DisclosureSummaryOfOptionActivity"/>
  <roleRef xlink:type="simple" xlink:href="fico-20121231.xsd#DisclosureSummaryOfRestrictedStockUnitActivity" roleURI="http://www.fico.com/taxonomy/role/DisclosureSummaryOfRestrictedStockUnitActivity"/>
  <roleRef xlink:type="simple" xlink:href="fico-20121231.xsd#DisclosureReconciliationOfNumeratorsAndDenominatorsOfBasicAndDilutedEarningsPerShare" roleURI="http://www.fico.com/taxonomy/role/DisclosureReconciliationOfNumeratorsAndDenominatorsOfBasicAndDilutedEarningsPerShare"/>
  <roleRef xlink:type="simple" xlink:href="fico-20121231.xsd#DisclosureEarningsPerShareAdditionalInformation" roleURI="http://www.fico.com/taxonomy/role/DisclosureEarningsPerShareAdditionalInformation"/>
  <roleRef xlink:type="simple" xlink:href="fico-20121231.xsd#DisclosureSummaryOfSegmentInformation" roleURI="http://www.fico.com/taxonomy/role/DisclosureSummaryOfSegmentInformation"/>
  <roleRef xlink:type="simple" xlink:href="fico-20121231.xsd#Role_NotesToFinancialStatementsBusinessDescriptionAndAccountingPoliciesTextBlock" roleURI="http://www.fico.com/taxonomy/role/NotesToFinancialStatementsBusinessDescriptionAndAccountingPoliciesTextBlock"/>
  <roleRef xlink:type="simple" xlink:href="fico-20121231.xsd#Role_NotesToFinancialStatementsBusinessDescriptionAndAccountingPoliciesTextBlockPolicies" roleURI="http://www.fico.com/taxonomy/role/NotesToFinancialStatementsBusinessDescriptionAndAccountingPoliciesTextBlockPolicies"/>
  <roleRef xlink:type="simple" xlink:href="fico-20121231.xsd#Role_NotesToFinancialStatementsBusinessCombinationDisclosureTextBlock" roleURI="http://www.fico.com/taxonomy/role/NotesToFinancialStatementsBusinessCombinationDisclosureTextBlock"/>
  <roleRef xlink:type="simple" xlink:href="fico-20121231.xsd#Role_NotesToFinancialStatementsBusinessCombinationDisclosureTextBlockTables" roleURI="http://www.fico.com/taxonomy/role/NotesToFinancialStatementsBusinessCombinationDisclosureTextBlockTables"/>
  <roleRef xlink:type="simple" xlink:href="fico-20121231.xsd#Role_NotesToFinancialStatementsFairValueDisclosuresTextBlock" roleURI="http://www.fico.com/taxonomy/role/NotesToFinancialStatementsFairValueDisclosuresTextBlock"/>
  <roleRef xlink:type="simple" xlink:href="fico-20121231.xsd#Role_NotesToFinancialStatementsFairValueDisclosuresTextBlockTables" roleURI="http://www.fico.com/taxonomy/role/NotesToFinancialStatementsFairValueDisclosuresTextBlockTables"/>
  <roleRef xlink:type="simple" xlink:href="fico-20121231.xsd#Role_NotesToFinancialStatementsDerivativeInstrumentsAndHedgingActivitiesDisclosureTextBlock" roleURI="http://www.fico.com/taxonomy/role/NotesToFinancialStatementsDerivativeInstrumentsAndHedgingActivitiesDisclosureTextBlock"/>
  <roleRef xlink:type="simple" xlink:href="fico-20121231.xsd#Role_NotesToFinancialStatementsDerivativeInstrumentsAndHedgingActivitiesDisclosureTextBlockTables" roleURI="http://www.fico.com/taxonomy/role/NotesToFinancialStatementsDerivativeInstrumentsAndHedgingActivitiesDisclosureTextBlockTables"/>
  <roleRef xlink:type="simple" xlink:href="fico-20121231.xsd#Role_NotesToFinancialStatementsGoodwillAndIntangibleAssetsDisclosureTextBlock" roleURI="http://www.fico.com/taxonomy/role/NotesToFinancialStatementsGoodwillAndIntangibleAssetsDisclosureTextBlock"/>
  <roleRef xlink:type="simple" xlink:href="fico-20121231.xsd#Role_NotesToFinancialStatementsGoodwillAndIntangibleAssetsDisclosureTextBlockTables" roleURI="http://www.fico.com/taxonomy/role/NotesToFinancialStatementsGoodwillAndIntangibleAssetsDisclosureTextBlockTables"/>
  <roleRef xlink:type="simple" xlink:href="fico-20121231.xsd#Role_NotesToFinancialStatementsSupplementalBalanceSheetDisclosuresTextBlock" roleURI="http://www.fico.com/taxonomy/role/NotesToFinancialStatementsSupplementalBalanceSheetDisclosuresTextBlock"/>
  <roleRef xlink:type="simple" xlink:href="fico-20121231.xsd#Role_NotesToFinancialStatementsSupplementalBalanceSheetDisclosuresTextBlockTables" roleURI="http://www.fico.com/taxonomy/role/NotesToFinancialStatementsSupplementalBalanceSheetDisclosuresTextBlockTables"/>
  <roleRef xlink:type="simple" xlink:href="fico-20121231.xsd#Role_NotesToFinancialStatementsLineOfCreditFacilitiesTextBlock" roleURI="http://www.fico.com/taxonomy/role/NotesToFinancialStatementsLineOfCreditFacilitiesTextBlock"/>
  <roleRef xlink:type="simple" xlink:href="fico-20121231.xsd#Role_NotesToFinancialStatementsLongTermDebtTextBlock" roleURI="http://www.fico.com/taxonomy/role/NotesToFinancialStatementsLongTermDebtTextBlock"/>
  <roleRef xlink:type="simple" xlink:href="fico-20121231.xsd#Role_NotesToFinancialStatementsRestructuringAndRelatedActivitiesDisclosureTextBlock" roleURI="http://www.fico.com/taxonomy/role/NotesToFinancialStatementsRestructuringAndRelatedActivitiesDisclosureTextBlock"/>
  <roleRef xlink:type="simple" xlink:href="fico-20121231.xsd#Role_NotesToFinancialStatementsRestructuringAndRelatedActivitiesDisclosureTextBlockTables" roleURI="http://www.fico.com/taxonomy/role/NotesToFinancialStatementsRestructuringAndRelatedActivitiesDisclosureTextBlockTables"/>
  <roleRef xlink:type="simple" xlink:href="fico-20121231.xsd#Role_NotesToFinancialStatementsIncomeTaxDisclosureTextBlock" roleURI="http://www.fico.com/taxonomy/role/NotesToFinancialStatementsIncomeTaxDisclosureTextBlock"/>
  <roleRef xlink:type="simple" xlink:href="fico-20121231.xsd#Role_NotesToFinancialStatementsDisclosureOfCompensationRelatedCostsShareBasedPaymentsTextBlock" roleURI="http://www.fico.com/taxonomy/role/NotesToFinancialStatementsDisclosureOfCompensationRelatedCostsShareBasedPaymentsTextBlock"/>
  <roleRef xlink:type="simple" xlink:href="fico-20121231.xsd#Role_NotesToFinancialStatementsDisclosureOfCompensationRelatedCostsShareBasedPaymentsTextBlockTables" roleURI="http://www.fico.com/taxonomy/role/NotesToFinancialStatementsDisclosureOfCompensationRelatedCostsShareBasedPaymentsTextBlockTables"/>
  <roleRef xlink:type="simple" xlink:href="fico-20121231.xsd#Role_NotesToFinancialStatementsEarningsPerShareTextBlock" roleURI="http://www.fico.com/taxonomy/role/NotesToFinancialStatementsEarningsPerShareTextBlock"/>
  <roleRef xlink:type="simple" xlink:href="fico-20121231.xsd#Role_NotesToFinancialStatementsEarningsPerShareTextBlockTables" roleURI="http://www.fico.com/taxonomy/role/NotesToFinancialStatementsEarningsPerShareTextBlockTables"/>
  <roleRef xlink:type="simple" xlink:href="fico-20121231.xsd#Role_NotesToFinancialStatementsSegmentReportingDisclosureTextBlock" roleURI="http://www.fico.com/taxonomy/role/NotesToFinancialStatementsSegmentReportingDisclosureTextBlock"/>
  <roleRef xlink:type="simple" xlink:href="fico-20121231.xsd#Role_NotesToFinancialStatementsSegmentReportingDisclosureTextBlockTables" roleURI="http://www.fico.com/taxonomy/role/NotesToFinancialStatementsSegmentReportingDisclosureTextBlockTables"/>
  <roleRef xlink:type="simple" xlink:href="fico-20121231.xsd#Role_NotesToFinancialStatementsLegalMattersAndContingenciesTextBlock" roleURI="http://www.fico.com/taxonomy/role/NotesToFinancialStatementsLegalMattersAndContingenciesTextBlock"/>
  <calculationLink xlink:type="extended" xlink:role="http://www.fico.com/taxonomy/role/DocumentDocumentandEntityInformation">
  </calculationLink>
  <calculationLink xlink:type="extended" xlink:role="http://www.fico.com/taxonomy/role/StatementOfFinancialPositionClassified">
    <loc xlink:type="locator" xlink:href="http://xbrl.fasb.org/us-gaap/2012/elts/us-gaap-2012-01-31.xsd#us-gaap_AccountsPayableCurrent" xlink:label="us-gaap_AccountsPayableCurrent"/>
    <loc xlink:type="locator" xlink:href="http://xbrl.fasb.org/us-gaap/2012/elts/us-gaap-2012-01-31.xsd#us-gaap_AccountsReceivableNetCurrent" xlink:label="us-gaap_AccountsReceivableNetCurrent"/>
    <loc xlink:type="locator" xlink:href="http://xbrl.fasb.org/us-gaap/2012/elts/us-gaap-2012-01-31.xsd#us-gaap_AccruedLiabilitiesCurrent" xlink:label="us-gaap_AccruedLiabilitiesCurrent"/>
    <loc xlink:type="locator" xlink:href="http://xbrl.fasb.org/us-gaap/2012/elts/us-gaap-2012-01-31.xsd#us-gaap_AccumulatedOtherComprehensiveIncomeLossNetOfTax" xlink:label="us-gaap_AccumulatedOtherComprehensiveIncomeLossNetOfTax"/>
    <loc xlink:type="locator" xlink:href="http://xbrl.fasb.org/us-gaap/2012/elts/us-gaap-2012-01-31.xsd#us-gaap_AdditionalPaidInCapitalCommonStock" xlink:label="us-gaap_AdditionalPaidInCapitalCommonStock"/>
    <loc xlink:type="locator" xlink:href="http://xbrl.fasb.org/us-gaap/2012/elts/us-gaap-2012-01-31.xsd#us-gaap_Assets" xlink:label="us-gaap_Assets"/>
    <loc xlink:type="locator" xlink:href="http://xbrl.fasb.org/us-gaap/2012/elts/us-gaap-2012-01-31.xsd#us-gaap_AssetsCurrent" xlink:label="us-gaap_AssetsCurrent"/>
    <loc xlink:type="locator" xlink:href="http://xbrl.fasb.org/us-gaap/2012/elts/us-gaap-2012-01-31.xsd#us-gaap_AvailableForSaleSecuritiesCurrent" xlink:label="us-gaap_AvailableForSaleSecuritiesCurrent"/>
    <loc xlink:type="locator" xlink:href="http://xbrl.fasb.org/us-gaap/2012/elts/us-gaap-2012-01-31.xsd#us-gaap_AvailableForSaleSecuritiesNoncurrent" xlink:label="us-gaap_AvailableForSaleSecuritiesNoncurrent"/>
    <loc xlink:type="locator" xlink:href="http://xbrl.fasb.org/us-gaap/2012/elts/us-gaap-2012-01-31.xsd#us-gaap_CashAndCashEquivalentsAtCarryingValue" xlink:label="us-gaap_CashAndCashEquivalentsAtCarryingValue"/>
    <loc xlink:type="locator" xlink:href="http://xbrl.fasb.org/us-gaap/2012/elts/us-gaap-2012-01-31.xsd#us-gaap_CommonStockValueOutstanding" xlink:label="us-gaap_CommonStockValueOutstanding"/>
    <loc xlink:type="locator" xlink:href="http://xbrl.fasb.org/us-gaap/2012/elts/us-gaap-2012-01-31.xsd#us-gaap_DeferredRevenueCurrent" xlink:label="us-gaap_DeferredRevenueCurrent"/>
    <loc xlink:type="locator" xlink:href="http://xbrl.fasb.org/us-gaap/2012/elts/us-gaap-2012-01-31.xsd#us-gaap_DeferredTaxAssetsNetNoncurrent" xlink:label="us-gaap_DeferredTaxAssetsNetNoncurrent"/>
    <loc xlink:type="locator" xlink:href="http://xbrl.fasb.org/us-gaap/2012/elts/us-gaap-2012-01-31.xsd#us-gaap_EmployeeRelatedLiabilitiesCurrent" xlink:label="us-gaap_EmployeeRelatedLiabilitiesCurrent"/>
    <loc xlink:type="locator" xlink:href="http://xbrl.fasb.org/us-gaap/2012/elts/us-gaap-2012-01-31.xsd#us-gaap_FiniteLivedIntangibleAssetsNet" xlink:label="us-gaap_FiniteLivedIntangibleAssetsNet"/>
    <loc xlink:type="locator" xlink:href="http://xbrl.fasb.org/us-gaap/2012/elts/us-gaap-2012-01-31.xsd#us-gaap_Goodwill" xlink:label="us-gaap_Goodwill"/>
    <loc xlink:type="locator" xlink:href="http://xbrl.fasb.org/us-gaap/2012/elts/us-gaap-2012-01-31.xsd#us-gaap_InvestmentsInAffiliatesSubsidiariesAssociatesAndJointVentures" xlink:label="us-gaap_InvestmentsInAffiliatesSubsidiariesAssociatesAndJointVentures"/>
    <loc xlink:type="locator" xlink:href="http://xbrl.fasb.org/us-gaap/2012/elts/us-gaap-2012-01-31.xsd#us-gaap_Liabilities" xlink:label="us-gaap_Liabilities"/>
    <loc xlink:type="locator" xlink:href="http://xbrl.fasb.org/us-gaap/2012/elts/us-gaap-2012-01-31.xsd#us-gaap_LiabilitiesAndStockholdersEquity" xlink:label="us-gaap_LiabilitiesAndStockholdersEquity"/>
    <loc xlink:type="locator" xlink:href="http://xbrl.fasb.org/us-gaap/2012/elts/us-gaap-2012-01-31.xsd#us-gaap_LiabilitiesCurrent" xlink:label="us-gaap_LiabilitiesCurrent"/>
    <loc xlink:type="locator" xlink:href="http://xbrl.fasb.org/us-gaap/2012/elts/us-gaap-2012-01-31.xsd#us-gaap_LiabilitiesOtherThanLongtermDebtNoncurrent" xlink:label="us-gaap_LiabilitiesOtherThanLongtermDebtNoncurrent"/>
    <loc xlink:type="locator" xlink:href="http://xbrl.fasb.org/us-gaap/2012/elts/us-gaap-2012-01-31.xsd#us-gaap_OtherAssetsNoncurrent" xlink:label="us-gaap_OtherAssetsNoncurrent"/>
    <loc xlink:type="locator" xlink:href="http://xbrl.fasb.org/us-gaap/2012/elts/us-gaap-2012-01-31.xsd#us-gaap_PreferredStockValueOutstanding" xlink:label="us-gaap_PreferredStockValueOutstanding"/>
    <loc xlink:type="locator" xlink:href="http://xbrl.fasb.org/us-gaap/2012/elts/us-gaap-2012-01-31.xsd#us-gaap_PrepaidExpenseAndOtherAssetsCurrent" xlink:label="us-gaap_PrepaidExpenseAndOtherAssetsCurrent"/>
    <loc xlink:type="locator" xlink:href="http://xbrl.fasb.org/us-gaap/2012/elts/us-gaap-2012-01-31.xsd#us-gaap_PropertyPlantAndEquipmentNet" xlink:label="us-gaap_PropertyPlantAndEquipmentNet"/>
    <loc xlink:type="locator" xlink:href="http://xbrl.fasb.org/us-gaap/2012/elts/us-gaap-2012-01-31.xsd#us-gaap_RetainedEarningsAccumulatedDeficit" xlink:label="us-gaap_RetainedEarningsAccumulatedDeficit"/>
    <loc xlink:type="locator" xlink:href="http://xbrl.fasb.org/us-gaap/2012/elts/us-gaap-2012-01-31.xsd#us-gaap_SeniorLongTermNotes" xlink:label="us-gaap_SeniorLongTermNotes"/>
    <loc xlink:type="locator" xlink:href="http://xbrl.fasb.org/us-gaap/2012/elts/us-gaap-2012-01-31.xsd#us-gaap_SeniorNotesCurrent" xlink:label="us-gaap_SeniorNotesCurrent"/>
    <loc xlink:type="locator" xlink:href="http://xbrl.fasb.org/us-gaap/2012/elts/us-gaap-2012-01-31.xsd#us-gaap_StockholdersEquity" xlink:label="us-gaap_StockholdersEquity"/>
    <loc xlink:type="locator" xlink:href="http://xbrl.fasb.org/us-gaap/2012/elts/us-gaap-2012-01-31.xsd#us-gaap_TreasuryStockValue" xlink:label="us-gaap_TreasuryStockValue"/>
    <calculationArc xlink:type="arc" xlink:arcrole="http://www.xbrl.org/2003/arcrole/summation-item" xlink:from="us-gaap_Assets" xlink:to="us-gaap_AssetsCurrent" order="1.0500" weight="1.00" priority="2" use="optional"/>
    <calculationArc xlink:type="arc" xlink:arcrole="http://www.xbrl.org/2003/arcrole/summation-item" xlink:from="us-gaap_Assets" xlink:to="us-gaap_AvailableForSaleSecuritiesNoncurrent" order="1.0600" weight="1.00" priority="2" use="optional"/>
    <calculationArc xlink:type="arc" xlink:arcrole="http://www.xbrl.org/2003/arcrole/summation-item" xlink:from="us-gaap_Assets" xlink:to="us-gaap_InvestmentsInAffiliatesSubsidiariesAssociatesAndJointVentures" order="1.0700" weight="1.00" priority="2" use="optional"/>
    <calculationArc xlink:type="arc" xlink:arcrole="http://www.xbrl.org/2003/arcrole/summation-item" xlink:from="us-gaap_Assets" xlink:to="us-gaap_PropertyPlantAndEquipmentNet" order="1.0800" weight="1.00" priority="2" use="optional"/>
    <calculationArc xlink:type="arc" xlink:arcrole="http://www.xbrl.org/2003/arcrole/summation-item" xlink:from="us-gaap_Assets" xlink:to="us-gaap_Goodwill" order="1.0900" weight="1.00" priority="2" use="optional"/>
    <calculationArc xlink:type="arc" xlink:arcrole="http://www.xbrl.org/2003/arcrole/summation-item" xlink:from="us-gaap_Assets" xlink:to="us-gaap_FiniteLivedIntangibleAssetsNet" order="1.1000" weight="1.00" priority="2" use="optional"/>
    <calculationArc xlink:type="arc" xlink:arcrole="http://www.xbrl.org/2003/arcrole/summation-item" xlink:from="us-gaap_Assets" xlink:to="us-gaap_DeferredTaxAssetsNetNoncurrent" order="1.1100" weight="1.00" priority="2" use="optional"/>
    <calculationArc xlink:type="arc" xlink:arcrole="http://www.xbrl.org/2003/arcrole/summation-item" xlink:from="us-gaap_Assets" xlink:to="us-gaap_OtherAssetsNoncurrent" order="1.1200" weight="1.00" priority="2" use="optional"/>
    <calculationArc xlink:type="arc" xlink:arcrole="http://www.xbrl.org/2003/arcrole/summation-item" xlink:from="us-gaap_AssetsCurrent" xlink:to="us-gaap_CashAndCashEquivalentsAtCarryingValue" order="1.0100" weight="1.00" priority="2" use="optional"/>
    <calculationArc xlink:type="arc" xlink:arcrole="http://www.xbrl.org/2003/arcrole/summation-item" xlink:from="us-gaap_AssetsCurrent" xlink:to="us-gaap_AvailableForSaleSecuritiesCurrent" order="1.0200" weight="1.00" priority="2" use="optional"/>
    <calculationArc xlink:type="arc" xlink:arcrole="http://www.xbrl.org/2003/arcrole/summation-item" xlink:from="us-gaap_AssetsCurrent" xlink:to="us-gaap_AccountsReceivableNetCurrent" order="1.0300" weight="1.00" priority="2" use="optional"/>
    <calculationArc xlink:type="arc" xlink:arcrole="http://www.xbrl.org/2003/arcrole/summation-item" xlink:from="us-gaap_AssetsCurrent" xlink:to="us-gaap_PrepaidExpenseAndOtherAssetsCurrent" order="1.0400" weight="1.00" priority="2" use="optional"/>
    <calculationArc xlink:type="arc" xlink:arcrole="http://www.xbrl.org/2003/arcrole/summation-item" xlink:from="us-gaap_Liabilities" xlink:to="us-gaap_LiabilitiesCurrent" order="1.1800" weight="1.00" priority="2" use="optional"/>
    <calculationArc xlink:type="arc" xlink:arcrole="http://www.xbrl.org/2003/arcrole/summation-item" xlink:from="us-gaap_Liabilities" xlink:to="us-gaap_SeniorLongTermNotes" order="1.1900" weight="1.00" priority="2" use="optional"/>
    <calculationArc xlink:type="arc" xlink:arcrole="http://www.xbrl.org/2003/arcrole/summation-item" xlink:from="us-gaap_Liabilities" xlink:to="us-gaap_LiabilitiesOtherThanLongtermDebtNoncurrent" order="1.2000" weight="1.00" priority="2" use="optional"/>
    <calculationArc xlink:type="arc" xlink:arcrole="http://www.xbrl.org/2003/arcrole/summation-item" xlink:from="us-gaap_LiabilitiesAndStockholdersEquity" xlink:to="us-gaap_Liabilities" order="1.2100" weight="1.00" priority="2" use="optional"/>
    <calculationArc xlink:type="arc" xlink:arcrole="http://www.xbrl.org/2003/arcrole/summation-item" xlink:from="us-gaap_LiabilitiesAndStockholdersEquity" xlink:to="us-gaap_StockholdersEquity" order="1.2800" weight="1.00" priority="2" use="optional"/>
    <calculationArc xlink:type="arc" xlink:arcrole="http://www.xbrl.org/2003/arcrole/summation-item" xlink:from="us-gaap_LiabilitiesCurrent" xlink:to="us-gaap_AccountsPayableCurrent" order="1.1300" weight="1.00" priority="2" use="optional"/>
    <calculationArc xlink:type="arc" xlink:arcrole="http://www.xbrl.org/2003/arcrole/summation-item" xlink:from="us-gaap_LiabilitiesCurrent" xlink:to="us-gaap_EmployeeRelatedLiabilitiesCurrent" order="1.1400" weight="1.00" priority="2" use="optional"/>
    <calculationArc xlink:type="arc" xlink:arcrole="http://www.xbrl.org/2003/arcrole/summation-item" xlink:from="us-gaap_LiabilitiesCurrent" xlink:to="us-gaap_AccruedLiabilitiesCurrent" order="1.1500" weight="1.00" priority="2" use="optional"/>
    <calculationArc xlink:type="arc" xlink:arcrole="http://www.xbrl.org/2003/arcrole/summation-item" xlink:from="us-gaap_LiabilitiesCurrent" xlink:to="us-gaap_DeferredRevenueCurrent" order="1.1600" weight="1.00" priority="2" use="optional"/>
    <calculationArc xlink:type="arc" xlink:arcrole="http://www.xbrl.org/2003/arcrole/summation-item" xlink:from="us-gaap_LiabilitiesCurrent" xlink:to="us-gaap_SeniorNotesCurrent" order="1.1700" weight="1.00" priority="2" use="optional"/>
    <calculationArc xlink:type="arc" xlink:arcrole="http://www.xbrl.org/2003/arcrole/summation-item" xlink:from="us-gaap_StockholdersEquity" xlink:to="us-gaap_PreferredStockValueOutstanding" order="1.2200" weight="1.00" priority="2" use="optional"/>
    <calculationArc xlink:type="arc" xlink:arcrole="http://www.xbrl.org/2003/arcrole/summation-item" xlink:from="us-gaap_StockholdersEquity" xlink:to="us-gaap_CommonStockValueOutstanding" order="1.2300" weight="1.00" priority="2" use="optional"/>
    <calculationArc xlink:type="arc" xlink:arcrole="http://www.xbrl.org/2003/arcrole/summation-item" xlink:from="us-gaap_StockholdersEquity" xlink:to="us-gaap_AdditionalPaidInCapitalCommonStock" order="1.2400" weight="1.00" priority="2" use="optional"/>
    <calculationArc xlink:type="arc" xlink:arcrole="http://www.xbrl.org/2003/arcrole/summation-item" xlink:from="us-gaap_StockholdersEquity" xlink:to="us-gaap_TreasuryStockValue" order="1.2500" weight="-1.00" priority="2" use="optional"/>
    <calculationArc xlink:type="arc" xlink:arcrole="http://www.xbrl.org/2003/arcrole/summation-item" xlink:from="us-gaap_StockholdersEquity" xlink:to="us-gaap_RetainedEarningsAccumulatedDeficit" order="1.2600" weight="1.00" priority="2" use="optional"/>
    <calculationArc xlink:type="arc" xlink:arcrole="http://www.xbrl.org/2003/arcrole/summation-item" xlink:from="us-gaap_StockholdersEquity" xlink:to="us-gaap_AccumulatedOtherComprehensiveIncomeLossNetOfTax" order="1.2700" weight="1.00" priority="2" use="optional"/>
  </calculationLink>
  <calculationLink xlink:type="extended" xlink:role="http://www.fico.com/taxonomy/role/StatementOfFinancialPositionClassifiedParenthetical">
  </calculationLink>
  <calculationLink xlink:type="extended" xlink:role="http://www.fico.com/taxonomy/role/StatementOfIncomeAlternative">
    <loc xlink:type="locator" xlink:href="http://xbrl.fasb.org/us-gaap/2012/elts/us-gaap-2012-01-31.xsd#us-gaap_AmortizationOfIntangibleAssets" xlink:label="us-gaap_AmortizationOfIntangibleAssets"/>
    <loc xlink:type="locator" xlink:href="http://xbrl.fasb.org/us-gaap/2012/elts/us-gaap-2012-01-31.xsd#us-gaap_ComprehensiveIncomeNetOfTax" xlink:label="us-gaap_ComprehensiveIncomeNetOfTax"/>
    <loc xlink:type="locator" xlink:href="http://xbrl.fasb.org/us-gaap/2012/elts/us-gaap-2012-01-31.xsd#us-gaap_CostOfRevenue" xlink:label="us-gaap_CostOfRevenue"/>
    <loc xlink:type="locator" xlink:href="http://xbrl.fasb.org/us-gaap/2012/elts/us-gaap-2012-01-31.xsd#us-gaap_CostsAndExpenses" xlink:label="us-gaap_CostsAndExpenses"/>
    <loc xlink:type="locator" xlink:href="http://xbrl.fasb.org/us-gaap/2012/elts/us-gaap-2012-01-31.xsd#us-gaap_IncomeLossFromContinuingOperationsBeforeIncomeTaxesMinorityInterestAndIncomeLossFromEquityMethodInvestments" xlink:label="us-gaap_IncomeLossFromContinuingOperationsBeforeIncomeTaxesMinorityInterestAndIncomeLossFromEquityMethodInvestments"/>
    <loc xlink:type="locator" xlink:href="http://xbrl.fasb.org/us-gaap/2012/elts/us-gaap-2012-01-31.xsd#us-gaap_IncomeTaxExpenseBenefit" xlink:label="us-gaap_IncomeTaxExpenseBenefit"/>
    <loc xlink:type="locator" xlink:href="http://xbrl.fasb.org/us-gaap/2012/elts/us-gaap-2012-01-31.xsd#us-gaap_InterestExpense" xlink:label="us-gaap_InterestExpense"/>
    <loc xlink:type="locator" xlink:href="http://xbrl.fasb.org/us-gaap/2012/elts/us-gaap-2012-01-31.xsd#us-gaap_InvestmentIncomeInterest" xlink:label="us-gaap_InvestmentIncomeInterest"/>
    <loc xlink:type="locator" xlink:href="http://xbrl.fasb.org/us-gaap/2012/elts/us-gaap-2012-01-31.xsd#us-gaap_LicensesRevenue" xlink:label="us-gaap_LicensesRevenue"/>
    <loc xlink:type="locator" xlink:href="http://xbrl.fasb.org/us-gaap/2012/elts/us-gaap-2012-01-31.xsd#us-gaap_NetIncomeLoss" xlink:label="us-gaap_NetIncomeLoss"/>
    <loc xlink:type="locator" xlink:href="http://xbrl.fasb.org/us-gaap/2012/elts/us-gaap-2012-01-31.xsd#us-gaap_OperatingIncomeLoss" xlink:label="us-gaap_OperatingIncomeLoss"/>
    <loc xlink:type="locator" xlink:href="http://xbrl.fasb.org/us-gaap/2012/elts/us-gaap-2012-01-31.xsd#us-gaap_OtherComprehensiveIncomeLossForeignCurrencyTransactionAndTranslationAdjustmentNetOfTax" xlink:label="us-gaap_OtherComprehensiveIncomeLossForeignCurrencyTransactionAndTranslationAdjustmentNetOfTax"/>
    <loc xlink:type="locator" xlink:href="http://xbrl.fasb.org/us-gaap/2012/elts/us-gaap-2012-01-31.xsd#us-gaap_OtherComprehensiveIncomeUnrealizedHoldingGainLossOnSecuritiesArisingDuringPeriodNetOfTax" xlink:label="us-gaap_OtherComprehensiveIncomeUnrealizedHoldingGainLossOnSecuritiesArisingDuringPeriodNetOfTax"/>
    <loc xlink:type="locator" xlink:href="http://xbrl.fasb.org/us-gaap/2012/elts/us-gaap-2012-01-31.xsd#us-gaap_OtherNonoperatingIncomeExpense" xlink:label="us-gaap_OtherNonoperatingIncomeExpense"/>
    <loc xlink:type="locator" xlink:href="http://xbrl.fasb.org/us-gaap/2012/elts/us-gaap-2012-01-31.xsd#us-gaap_ResearchAndDevelopmentExpense" xlink:label="us-gaap_ResearchAndDevelopmentExpense"/>
    <loc xlink:type="locator" xlink:href="fico-20121231.xsd#fico_RestructuringAndAcquisitionRelatedCost" xlink:label="fico_RestructuringAndAcquisitionRelatedCost"/>
    <loc xlink:type="locator" xlink:href="http://xbrl.fasb.org/us-gaap/2012/elts/us-gaap-2012-01-31.xsd#us-gaap_SalesRevenueNet" xlink:label="us-gaap_SalesRevenueNet"/>
    <loc xlink:type="locator" xlink:href="http://xbrl.fasb.org/us-gaap/2012/elts/us-gaap-2012-01-31.xsd#us-gaap_SellingGeneralAndAdministrativeExpense" xlink:label="us-gaap_SellingGeneralAndAdministrativeExpense"/>
    <loc xlink:type="locator" xlink:href="http://xbrl.fasb.org/us-gaap/2012/elts/us-gaap-2012-01-31.xsd#us-gaap_TechnologyServicesRevenue" xlink:label="us-gaap_TechnologyServicesRevenue"/>
    <loc xlink:type="locator" xlink:href="fico-20121231.xsd#fico_TransactionalAndMaintenanceRevenue" xlink:label="fico_TransactionalAndMaintenanceRevenue"/>
    <calculationArc xlink:type="arc" xlink:arcrole="http://www.xbrl.org/2003/arcrole/summation-item" xlink:from="us-gaap_ComprehensiveIncomeNetOfTax" xlink:to="us-gaap_NetIncomeLoss" order="1.1700" weight="1.00" priority="2" use="optional"/>
    <calculationArc xlink:type="arc" xlink:arcrole="http://www.xbrl.org/2003/arcrole/summation-item" xlink:from="us-gaap_ComprehensiveIncomeNetOfTax" xlink:to="us-gaap_OtherComprehensiveIncomeUnrealizedHoldingGainLossOnSecuritiesArisingDuringPeriodNetOfTax" order="1.1800" weight="1.00" priority="2" use="optional"/>
    <calculationArc xlink:type="arc" xlink:arcrole="http://www.xbrl.org/2003/arcrole/summation-item" xlink:from="us-gaap_ComprehensiveIncomeNetOfTax" xlink:to="us-gaap_OtherComprehensiveIncomeLossForeignCurrencyTransactionAndTranslationAdjustmentNetOfTax" order="1.1900" weight="1.00" priority="2" use="optional"/>
    <calculationArc xlink:type="arc" xlink:arcrole="http://www.xbrl.org/2003/arcrole/summation-item" xlink:from="us-gaap_CostsAndExpenses" xlink:to="us-gaap_CostOfRevenue" order="1.0500" weight="1.00" priority="2" use="optional"/>
    <calculationArc xlink:type="arc" xlink:arcrole="http://www.xbrl.org/2003/arcrole/summation-item" xlink:from="us-gaap_CostsAndExpenses" xlink:to="us-gaap_ResearchAndDevelopmentExpense" order="1.0600" weight="1.00" priority="2" use="optional"/>
    <calculationArc xlink:type="arc" xlink:arcrole="http://www.xbrl.org/2003/arcrole/summation-item" xlink:from="us-gaap_CostsAndExpenses" xlink:to="us-gaap_SellingGeneralAndAdministrativeExpense" order="1.0700" weight="1.00" priority="2" use="optional"/>
    <calculationArc xlink:type="arc" xlink:arcrole="http://www.xbrl.org/2003/arcrole/summation-item" xlink:from="us-gaap_CostsAndExpenses" xlink:to="us-gaap_AmortizationOfIntangibleAssets" order="1.0800" weight="1.00" priority="2" use="optional"/>
    <calculationArc xlink:type="arc" xlink:arcrole="http://www.xbrl.org/2003/arcrole/summation-item" xlink:from="us-gaap_CostsAndExpenses" xlink:to="fico_RestructuringAndAcquisitionRelatedCost" order="1.0900" weight="1.00" priority="2" use="optional"/>
    <calculationArc xlink:type="arc" xlink:arcrole="http://www.xbrl.org/2003/arcrole/summation-item" xlink:from="us-gaap_IncomeLossFromContinuingOperationsBeforeIncomeTaxesMinorityInterestAndIncomeLossFromEquityMethodInvestments" xlink:to="us-gaap_OperatingIncomeLoss" order="1.1100" weight="1.00" priority="2" use="optional"/>
    <calculationArc xlink:type="arc" xlink:arcrole="http://www.xbrl.org/2003/arcrole/summation-item" xlink:from="us-gaap_IncomeLossFromContinuingOperationsBeforeIncomeTaxesMinorityInterestAndIncomeLossFromEquityMethodInvestments" xlink:to="us-gaap_InvestmentIncomeInterest" order="1.1200" weight="1.00" priority="2" use="optional"/>
    <calculationArc xlink:type="arc" xlink:arcrole="http://www.xbrl.org/2003/arcrole/summation-item" xlink:from="us-gaap_IncomeLossFromContinuingOperationsBeforeIncomeTaxesMinorityInterestAndIncomeLossFromEquityMethodInvestments" xlink:to="us-gaap_InterestExpense" order="1.1300" weight="-1.00" priority="2" use="optional"/>
    <calculationArc xlink:type="arc" xlink:arcrole="http://www.xbrl.org/2003/arcrole/summation-item" xlink:from="us-gaap_IncomeLossFromContinuingOperationsBeforeIncomeTaxesMinorityInterestAndIncomeLossFromEquityMethodInvestments" xlink:to="us-gaap_OtherNonoperatingIncomeExpense" order="1.1400" weight="1.00" priority="2" use="optional"/>
    <calculationArc xlink:type="arc" xlink:arcrole="http://www.xbrl.org/2003/arcrole/summation-item" xlink:from="us-gaap_NetIncomeLoss" xlink:to="us-gaap_IncomeLossFromContinuingOperationsBeforeIncomeTaxesMinorityInterestAndIncomeLossFromEquityMethodInvestments" order="1.1500" weight="1.00" priority="2" use="optional"/>
    <calculationArc xlink:type="arc" xlink:arcrole="http://www.xbrl.org/2003/arcrole/summation-item" xlink:from="us-gaap_NetIncomeLoss" xlink:to="us-gaap_IncomeTaxExpenseBenefit" order="1.1600" weight="-1.00" priority="2" use="optional"/>
    <calculationArc xlink:type="arc" xlink:arcrole="http://www.xbrl.org/2003/arcrole/summation-item" xlink:from="us-gaap_OperatingIncomeLoss" xlink:to="us-gaap_SalesRevenueNet" order="1.0400" weight="1.00" priority="2" use="optional"/>
    <calculationArc xlink:type="arc" xlink:arcrole="http://www.xbrl.org/2003/arcrole/summation-item" xlink:from="us-gaap_OperatingIncomeLoss" xlink:to="us-gaap_CostsAndExpenses" order="1.1000" weight="-1.00" priority="2" use="optional"/>
    <calculationArc xlink:type="arc" xlink:arcrole="http://www.xbrl.org/2003/arcrole/summation-item" xlink:from="us-gaap_SalesRevenueNet" xlink:to="fico_TransactionalAndMaintenanceRevenue" order="1.0100" weight="1.00" priority="2" use="optional"/>
    <calculationArc xlink:type="arc" xlink:arcrole="http://www.xbrl.org/2003/arcrole/summation-item" xlink:from="us-gaap_SalesRevenueNet" xlink:to="us-gaap_TechnologyServicesRevenue" order="1.0200" weight="1.00" priority="2" use="optional"/>
    <calculationArc xlink:type="arc" xlink:arcrole="http://www.xbrl.org/2003/arcrole/summation-item" xlink:from="us-gaap_SalesRevenueNet" xlink:to="us-gaap_LicensesRevenue" order="1.0300" weight="1.00" priority="2" use="optional"/>
  </calculationLink>
  <calculationLink xlink:type="extended" xlink:role="http://www.fico.com/taxonomy/role/StatementOfShareholdersEquityAndOtherComprehensiveIncome">
  </calculationLink>
  <calculationLink xlink:type="extended" xlink:role="http://www.fico.com/taxonomy/role/StatementOfShareholdersEquityAndOtherComprehensiveIncomeParenthetical">
  </calculationLink>
  <calculationLink xlink:type="extended" xlink:role="http://www.fico.com/taxonomy/role/StatementOfCashFlowsIndirect">
    <loc xlink:type="locator" xlink:href="http://xbrl.fasb.org/us-gaap/2012/elts/us-gaap-2012-01-31.xsd#us-gaap_AdjustmentsToAdditionalPaidInCapitalTaxEffectFromShareBasedCompensation" xlink:label="us-gaap_AdjustmentsToAdditionalPaidInCapitalTaxEffectFromShareBasedCompensation"/>
    <loc xlink:type="locator" xlink:href="http://xbrl.fasb.org/us-gaap/2012/elts/us-gaap-2012-01-31.xsd#us-gaap_CashAndCashEquivalentsPeriodIncreaseDecrease" xlink:label="us-gaap_CashAndCashEquivalentsPeriodIncreaseDecrease"/>
    <loc xlink:type="locator" xlink:href="http://xbrl.fasb.org/us-gaap/2012/elts/us-gaap-2012-01-31.xsd#us-gaap_DeferredIncomeTaxExpenseBenefit" xlink:label="us-gaap_DeferredIncomeTaxExpenseBenefit"/>
    <loc xlink:type="locator" xlink:href="http://xbrl.fasb.org/us-gaap/2012/elts/us-gaap-2012-01-31.xsd#us-gaap_DepreciationDepletionAndAmortization" xlink:label="us-gaap_DepreciationDepletionAndAmortization"/>
    <loc xlink:type="locator" xlink:href="http://xbrl.fasb.org/us-gaap/2012/elts/us-gaap-2012-01-31.xsd#us-gaap_EffectOfExchangeRateOnCashAndCashEquivalents" xlink:label="us-gaap_EffectOfExchangeRateOnCashAndCashEquivalents"/>
    <loc xlink:type="locator" xlink:href="http://xbrl.fasb.org/us-gaap/2012/elts/us-gaap-2012-01-31.xsd#us-gaap_ExcessTaxBenefitFromShareBasedCompensationFinancingActivities" xlink:label="us-gaap_ExcessTaxBenefitFromShareBasedCompensationFinancingActivities"/>
    <loc xlink:type="locator" xlink:href="http://xbrl.fasb.org/us-gaap/2012/elts/us-gaap-2012-01-31.xsd#us-gaap_ExcessTaxBenefitFromShareBasedCompensationOperatingActivities" xlink:label="us-gaap_ExcessTaxBenefitFromShareBasedCompensationOperatingActivities"/>
    <loc xlink:type="locator" xlink:href="http://xbrl.fasb.org/us-gaap/2012/elts/us-gaap-2012-01-31.xsd#us-gaap_GainLossOnSaleOfPropertyPlantEquipment" xlink:label="us-gaap_GainLossOnSaleOfPropertyPlantEquipment"/>
    <loc xlink:type="locator" xlink:href="http://xbrl.fasb.org/us-gaap/2012/elts/us-gaap-2012-01-31.xsd#us-gaap_IncreaseDecreaseInAccountsPayable" xlink:label="us-gaap_IncreaseDecreaseInAccountsPayable"/>
    <loc xlink:type="locator" xlink:href="http://xbrl.fasb.org/us-gaap/2012/elts/us-gaap-2012-01-31.xsd#us-gaap_IncreaseDecreaseInAccountsReceivable" xlink:label="us-gaap_IncreaseDecreaseInAccountsReceivable"/>
    <loc xlink:type="locator" xlink:href="http://xbrl.fasb.org/us-gaap/2012/elts/us-gaap-2012-01-31.xsd#us-gaap_IncreaseDecreaseInDeferredRevenue" xlink:label="us-gaap_IncreaseDecreaseInDeferredRevenue"/>
    <loc xlink:type="locator" xlink:href="http://xbrl.fasb.org/us-gaap/2012/elts/us-gaap-2012-01-31.xsd#us-gaap_IncreaseDecreaseInEmployeeRelatedLiabilities" xlink:label="us-gaap_IncreaseDecreaseInEmployeeRelatedLiabilities"/>
    <loc xlink:type="locator" xlink:href="http://xbrl.fasb.org/us-gaap/2012/elts/us-gaap-2012-01-31.xsd#us-gaap_IncreaseDecreaseInOtherOperatingLiabilities" xlink:label="us-gaap_IncreaseDecreaseInOtherOperatingLiabilities"/>
    <loc xlink:type="locator" xlink:href="http://xbrl.fasb.org/us-gaap/2012/elts/us-gaap-2012-01-31.xsd#us-gaap_IncreaseDecreaseInPrepaidDeferredExpenseAndOtherAssets" xlink:label="us-gaap_IncreaseDecreaseInPrepaidDeferredExpenseAndOtherAssets"/>
    <loc xlink:type="locator" xlink:href="http://xbrl.fasb.org/us-gaap/2012/elts/us-gaap-2012-01-31.xsd#us-gaap_InvestmentIncomeNetAmortizationOfDiscountAndPremium" xlink:label="us-gaap_InvestmentIncomeNetAmortizationOfDiscountAndPremium"/>
    <loc xlink:type="locator" xlink:href="http://xbrl.fasb.org/us-gaap/2012/elts/us-gaap-2012-01-31.xsd#us-gaap_NetCashProvidedByUsedInFinancingActivitiesContinuingOperations" xlink:label="us-gaap_NetCashProvidedByUsedInFinancingActivitiesContinuingOperations"/>
    <loc xlink:type="locator" xlink:href="http://xbrl.fasb.org/us-gaap/2012/elts/us-gaap-2012-01-31.xsd#us-gaap_NetCashProvidedByUsedInInvestingActivitiesContinuingOperations" xlink:label="us-gaap_NetCashProvidedByUsedInInvestingActivitiesContinuingOperations"/>
    <loc xlink:type="locator" xlink:href="http://xbrl.fasb.org/us-gaap/2012/elts/us-gaap-2012-01-31.xsd#us-gaap_NetCashProvidedByUsedInOperatingActivitiesContinuingOperations" xlink:label="us-gaap_NetCashProvidedByUsedInOperatingActivitiesContinuingOperations"/>
    <loc xlink:type="locator" xlink:href="http://xbrl.fasb.org/us-gaap/2012/elts/us-gaap-2012-01-31.xsd#us-gaap_NetIncomeLoss" xlink:label="us-gaap_NetIncomeLoss"/>
    <loc xlink:type="locator" xlink:href="http://xbrl.fasb.org/us-gaap/2012/elts/us-gaap-2012-01-31.xsd#us-gaap_PaymentsForProceedsFromOtherInvestingActivities" xlink:label="us-gaap_PaymentsForProceedsFromOtherInvestingActivities"/>
    <loc xlink:type="locator" xlink:href="http://xbrl.fasb.org/us-gaap/2012/elts/us-gaap-2012-01-31.xsd#us-gaap_PaymentsForRepurchaseOfCommonStock" xlink:label="us-gaap_PaymentsForRepurchaseOfCommonStock"/>
    <loc xlink:type="locator" xlink:href="http://xbrl.fasb.org/us-gaap/2012/elts/us-gaap-2012-01-31.xsd#us-gaap_PaymentsOfDividendsCommonStock" xlink:label="us-gaap_PaymentsOfDividendsCommonStock"/>
    <loc xlink:type="locator" xlink:href="http://xbrl.fasb.org/us-gaap/2012/elts/us-gaap-2012-01-31.xsd#us-gaap_PaymentsToAcquireAvailableForSaleSecurities" xlink:label="us-gaap_PaymentsToAcquireAvailableForSaleSecurities"/>
    <loc xlink:type="locator" xlink:href="http://xbrl.fasb.org/us-gaap/2012/elts/us-gaap-2012-01-31.xsd#us-gaap_PaymentsToAcquireBusinessesNetOfCashAcquired" xlink:label="us-gaap_PaymentsToAcquireBusinessesNetOfCashAcquired"/>
    <loc xlink:type="locator" xlink:href="http://xbrl.fasb.org/us-gaap/2012/elts/us-gaap-2012-01-31.xsd#us-gaap_PaymentsToAcquirePropertyPlantAndEquipment" xlink:label="us-gaap_PaymentsToAcquirePropertyPlantAndEquipment"/>
    <loc xlink:type="locator" xlink:href="http://xbrl.fasb.org/us-gaap/2012/elts/us-gaap-2012-01-31.xsd#us-gaap_ProceedsFromIssuanceOfSharesUnderIncentiveAndShareBasedCompensationPlansIncludingStockOptions" xlink:label="us-gaap_ProceedsFromIssuanceOfSharesUnderIncentiveAndShareBasedCompensationPlansIncludingStockOptions"/>
    <loc xlink:type="locator" xlink:href="http://xbrl.fasb.org/us-gaap/2012/elts/us-gaap-2012-01-31.xsd#us-gaap_ProceedsFromMaturitiesPrepaymentsAndCallsOfAvailableForSaleSecurities" xlink:label="us-gaap_ProceedsFromMaturitiesPrepaymentsAndCallsOfAvailableForSaleSecurities"/>
    <loc xlink:type="locator" xlink:href="fico-20121231.xsd#fico_ProvisionForReductionOfDoubtfulAccounts" xlink:label="fico_ProvisionForReductionOfDoubtfulAccounts"/>
    <loc xlink:type="locator" xlink:href="http://xbrl.fasb.org/us-gaap/2012/elts/us-gaap-2012-01-31.xsd#us-gaap_RepaymentsOfLinesOfCredit" xlink:label="us-gaap_RepaymentsOfLinesOfCredit"/>
    <loc xlink:type="locator" xlink:href="http://xbrl.fasb.org/us-gaap/2012/elts/us-gaap-2012-01-31.xsd#us-gaap_ShareBasedCompensation" xlink:label="us-gaap_ShareBasedCompensation"/>
    <calculationArc xlink:type="arc" xlink:arcrole="http://www.xbrl.org/2003/arcrole/summation-item" xlink:from="us-gaap_CashAndCashEquivalentsPeriodIncreaseDecrease" xlink:to="us-gaap_NetCashProvidedByUsedInOperatingActivitiesContinuingOperations" order="1.1600" weight="1.00" priority="2" use="optional"/>
    <calculationArc xlink:type="arc" xlink:arcrole="http://www.xbrl.org/2003/arcrole/summation-item" xlink:from="us-gaap_CashAndCashEquivalentsPeriodIncreaseDecrease" xlink:to="us-gaap_NetCashProvidedByUsedInInvestingActivitiesContinuingOperations" order="1.2200" weight="1.00" priority="2" use="optional"/>
    <calculationArc xlink:type="arc" xlink:arcrole="http://www.xbrl.org/2003/arcrole/summation-item" xlink:from="us-gaap_CashAndCashEquivalentsPeriodIncreaseDecrease" xlink:to="us-gaap_NetCashProvidedByUsedInFinancingActivitiesContinuingOperations" order="1.2800" weight="1.00" priority="2" use="optional"/>
    <calculationArc xlink:type="arc" xlink:arcrole="http://www.xbrl.org/2003/arcrole/summation-item" xlink:from="us-gaap_CashAndCashEquivalentsPeriodIncreaseDecrease" xlink:to="us-gaap_EffectOfExchangeRateOnCashAndCashEquivalents" order="1.2900" weight="1.00" priority="2" use="optional"/>
    <calculationArc xlink:type="arc" xlink:arcrole="http://www.xbrl.org/2003/arcrole/summation-item" xlink:from="us-gaap_NetCashProvidedByUsedInFinancingActivitiesContinuingOperations" xlink:to="us-gaap_RepaymentsOfLinesOfCredit" order="1.2300" weight="-1.00" priority="2" use="optional"/>
    <calculationArc xlink:type="arc" xlink:arcrole="http://www.xbrl.org/2003/arcrole/summation-item" xlink:from="us-gaap_NetCashProvidedByUsedInFinancingActivitiesContinuingOperations" xlink:to="us-gaap_ProceedsFromIssuanceOfSharesUnderIncentiveAndShareBasedCompensationPlansIncludingStockOptions" order="1.2400" weight="1.00" priority="2" use="optional"/>
    <calculationArc xlink:type="arc" xlink:arcrole="http://www.xbrl.org/2003/arcrole/summation-item" xlink:from="us-gaap_NetCashProvidedByUsedInFinancingActivitiesContinuingOperations" xlink:to="us-gaap_PaymentsOfDividendsCommonStock" order="1.2500" weight="-1.00" priority="2" use="optional"/>
    <calculationArc xlink:type="arc" xlink:arcrole="http://www.xbrl.org/2003/arcrole/summation-item" xlink:from="us-gaap_NetCashProvidedByUsedInFinancingActivitiesContinuingOperations" xlink:to="us-gaap_PaymentsForRepurchaseOfCommonStock" order="1.2600" weight="-1.00" priority="2" use="optional"/>
    <calculationArc xlink:type="arc" xlink:arcrole="http://www.xbrl.org/2003/arcrole/summation-item" xlink:from="us-gaap_NetCashProvidedByUsedInFinancingActivitiesContinuingOperations" xlink:to="us-gaap_ExcessTaxBenefitFromShareBasedCompensationFinancingActivities" order="1.2700" weight="1.00" priority="2" use="optional"/>
    <calculationArc xlink:type="arc" xlink:arcrole="http://www.xbrl.org/2003/arcrole/summation-item" xlink:from="us-gaap_NetCashProvidedByUsedInInvestingActivitiesContinuingOperations" xlink:to="us-gaap_PaymentsToAcquirePropertyPlantAndEquipment" order="1.1700" weight="-1.00" priority="2" use="optional"/>
    <calculationArc xlink:type="arc" xlink:arcrole="http://www.xbrl.org/2003/arcrole/summation-item" xlink:from="us-gaap_NetCashProvidedByUsedInInvestingActivitiesContinuingOperations" xlink:to="us-gaap_PaymentsToAcquireAvailableForSaleSecurities" order="1.1800" weight="-1.00" priority="2" use="optional"/>
    <calculationArc xlink:type="arc" xlink:arcrole="http://www.xbrl.org/2003/arcrole/summation-item" xlink:from="us-gaap_NetCashProvidedByUsedInInvestingActivitiesContinuingOperations" xlink:to="us-gaap_ProceedsFromMaturitiesPrepaymentsAndCallsOfAvailableForSaleSecurities" order="1.1900" weight="1.00" priority="2" use="optional"/>
    <calculationArc xlink:type="arc" xlink:arcrole="http://www.xbrl.org/2003/arcrole/summation-item" xlink:from="us-gaap_NetCashProvidedByUsedInInvestingActivitiesContinuingOperations" xlink:to="us-gaap_PaymentsToAcquireBusinessesNetOfCashAcquired" order="1.2000" weight="-1.00" priority="2" use="optional"/>
    <calculationArc xlink:type="arc" xlink:arcrole="http://www.xbrl.org/2003/arcrole/summation-item" xlink:from="us-gaap_NetCashProvidedByUsedInInvestingActivitiesContinuingOperations" xlink:to="us-gaap_PaymentsForProceedsFromOtherInvestingActivities" order="1.2100" weight="-1.00" priority="2" use="optional"/>
    <calculationArc xlink:type="arc" xlink:arcrole="http://www.xbrl.org/2003/arcrole/summation-item" xlink:from="us-gaap_NetCashProvidedByUsedInOperatingActivitiesContinuingOperations" xlink:to="us-gaap_NetIncomeLoss" order="1.0100" weight="1.00" priority="2" use="optional"/>
    <calculationArc xlink:type="arc" xlink:arcrole="http://www.xbrl.org/2003/arcrole/summation-item" xlink:from="us-gaap_NetCashProvidedByUsedInOperatingActivitiesContinuingOperations" xlink:to="us-gaap_DepreciationDepletionAndAmortization" order="1.0200" weight="1.00" priority="2" use="optional"/>
    <calculationArc xlink:type="arc" xlink:arcrole="http://www.xbrl.org/2003/arcrole/summation-item" xlink:from="us-gaap_NetCashProvidedByUsedInOperatingActivitiesContinuingOperations" xlink:to="us-gaap_ShareBasedCompensation" order="1.0300" weight="1.00" priority="2" use="optional"/>
    <calculationArc xlink:type="arc" xlink:arcrole="http://www.xbrl.org/2003/arcrole/summation-item" xlink:from="us-gaap_NetCashProvidedByUsedInOperatingActivitiesContinuingOperations" xlink:to="us-gaap_DeferredIncomeTaxExpenseBenefit" order="1.0400" weight="1.00" priority="2" use="optional"/>
    <calculationArc xlink:type="arc" xlink:arcrole="http://www.xbrl.org/2003/arcrole/summation-item" xlink:from="us-gaap_NetCashProvidedByUsedInOperatingActivitiesContinuingOperations" xlink:to="us-gaap_AdjustmentsToAdditionalPaidInCapitalTaxEffectFromShareBasedCompensation" order="1.0500" weight="-1.00" priority="2" use="optional"/>
    <calculationArc xlink:type="arc" xlink:arcrole="http://www.xbrl.org/2003/arcrole/summation-item" xlink:from="us-gaap_NetCashProvidedByUsedInOperatingActivitiesContinuingOperations" xlink:to="us-gaap_ExcessTaxBenefitFromShareBasedCompensationOperatingActivities" order="1.0600" weight="-1.00" priority="2" use="optional"/>
    <calculationArc xlink:type="arc" xlink:arcrole="http://www.xbrl.org/2003/arcrole/summation-item" xlink:from="us-gaap_NetCashProvidedByUsedInOperatingActivitiesContinuingOperations" xlink:to="us-gaap_InvestmentIncomeNetAmortizationOfDiscountAndPremium" order="1.0700" weight="-1.00" priority="2" use="optional"/>
    <calculationArc xlink:type="arc" xlink:arcrole="http://www.xbrl.org/2003/arcrole/summation-item" xlink:from="us-gaap_NetCashProvidedByUsedInOperatingActivitiesContinuingOperations" xlink:to="fico_ProvisionForReductionOfDoubtfulAccounts" order="1.0800" weight="-1.00" priority="2" use="optional"/>
    <calculationArc xlink:type="arc" xlink:arcrole="http://www.xbrl.org/2003/arcrole/summation-item" xlink:from="us-gaap_NetCashProvidedByUsedInOperatingActivitiesContinuingOperations" xlink:to="us-gaap_GainLossOnSaleOfPropertyPlantEquipment" order="1.0900" weight="-1.00" priority="2" use="optional"/>
    <calculationArc xlink:type="arc" xlink:arcrole="http://www.xbrl.org/2003/arcrole/summation-item" xlink:from="us-gaap_NetCashProvidedByUsedInOperatingActivitiesContinuingOperations" xlink:to="us-gaap_IncreaseDecreaseInAccountsReceivable" order="1.1000" weight="-1.00" priority="2" use="optional"/>
    <calculationArc xlink:type="arc" xlink:arcrole="http://www.xbrl.org/2003/arcrole/summation-item" xlink:from="us-gaap_NetCashProvidedByUsedInOperatingActivitiesContinuingOperations" xlink:to="us-gaap_IncreaseDecreaseInPrepaidDeferredExpenseAndOtherAssets" order="1.1100" weight="-1.00" priority="2" use="optional"/>
    <calculationArc xlink:type="arc" xlink:arcrole="http://www.xbrl.org/2003/arcrole/summation-item" xlink:from="us-gaap_NetCashProvidedByUsedInOperatingActivitiesContinuingOperations" xlink:to="us-gaap_IncreaseDecreaseInAccountsPayable" order="1.1200" weight="1.00" priority="2" use="optional"/>
    <calculationArc xlink:type="arc" xlink:arcrole="http://www.xbrl.org/2003/arcrole/summation-item" xlink:from="us-gaap_NetCashProvidedByUsedInOperatingActivitiesContinuingOperations" xlink:to="us-gaap_IncreaseDecreaseInEmployeeRelatedLiabilities" order="1.1300" weight="1.00" priority="2" use="optional"/>
    <calculationArc xlink:type="arc" xlink:arcrole="http://www.xbrl.org/2003/arcrole/summation-item" xlink:from="us-gaap_NetCashProvidedByUsedInOperatingActivitiesContinuingOperations" xlink:to="us-gaap_IncreaseDecreaseInOtherOperatingLiabilities" order="1.1400" weight="1.00" priority="2" use="optional"/>
    <calculationArc xlink:type="arc" xlink:arcrole="http://www.xbrl.org/2003/arcrole/summation-item" xlink:from="us-gaap_NetCashProvidedByUsedInOperatingActivitiesContinuingOperations" xlink:to="us-gaap_IncreaseDecreaseInDeferredRevenue" order="1.1500" weight="1.00" priority="2" use="optional"/>
  </calculationLink>
  <calculationLink xlink:type="extended" xlink:role="http://www.fico.com/taxonomy/role/DisclosureAcquisitionsAdditionalInformation">
  </calculationLink>
  <calculationLink xlink:type="extended" xlink:role="http://www.fico.com/taxonomy/role/DisclosureConsiderationPaidForCRSoftwareAndAmountsForAssetsAcquiredAndLiabilitiesAssumed">
    <loc xlink:type="locator" xlink:href="http://xbrl.fasb.org/us-gaap/2012/elts/us-gaap-2012-01-31.xsd#us-gaap_BusinessAcquisitionCostOfAcquiredEntityPurchasePrice" xlink:label="us-gaap_BusinessAcquisitionCostOfAcquiredEntityPurchasePrice"/>
    <loc xlink:type="locator" xlink:href="http://xbrl.fasb.org/us-gaap/2012/elts/us-gaap-2012-01-31.xsd#us-gaap_BusinessAcquisitionPurchasePriceAllocationAssetsAcquiredLiabilitiesAssumedNet" xlink:label="us-gaap_BusinessAcquisitionPurchasePriceAllocationAssetsAcquiredLiabilitiesAssumedNet"/>
    <loc xlink:type="locator" xlink:href="http://xbrl.fasb.org/us-gaap/2012/elts/us-gaap-2012-01-31.xsd#us-gaap_BusinessAcquisitionPurchasePriceAllocationGoodwillAmount" xlink:label="us-gaap_BusinessAcquisitionPurchasePriceAllocationGoodwillAmount"/>
    <calculationArc xlink:type="arc" xlink:arcrole="http://www.xbrl.org/2003/arcrole/summation-item" xlink:from="us-gaap_BusinessAcquisitionCostOfAcquiredEntityPurchasePrice" xlink:to="us-gaap_BusinessAcquisitionPurchasePriceAllocationAssetsAcquiredLiabilitiesAssumedNet" order="1.0100" weight="1.00" priority="2" use="optional"/>
    <calculationArc xlink:type="arc" xlink:arcrole="http://www.xbrl.org/2003/arcrole/summation-item" xlink:from="us-gaap_BusinessAcquisitionCostOfAcquiredEntityPurchasePrice" xlink:to="us-gaap_BusinessAcquisitionPurchasePriceAllocationGoodwillAmount" order="1.0200" weight="1.00" priority="2" use="optional"/>
  </calculationLink>
  <calculationLink xlink:type="extended" xlink:role="http://www.fico.com/taxonomy/role/DisclosureFinancialAssetsMeasuredAtFairValueOnRecurringBasis">
  </calculationLink>
  <calculationLink xlink:type="extended" xlink:role="http://www.fico.com/taxonomy/role/DisclosureFinancialAssetsMeasuredAtFairValueOnRecurringBasisParenthetical">
  </calculationLink>
  <calculationLink xlink:type="extended" xlink:role="http://www.fico.com/taxonomy/role/DisclosureDerivativeFinancialInstrumentsAdditionalInformation">
  </calculationLink>
  <calculationLink xlink:type="extended" xlink:role="http://www.fico.com/taxonomy/role/DisclosureSummaryOfOutstandingForwardForeignCurrencyContractsByCurrency">
  </calculationLink>
  <calculationLink xlink:type="extended" xlink:role="http://www.fico.com/taxonomy/role/DisclosureLossesOnDerivativeFinancialInstrumentsRecordedInConsolidatedStatementsOfIncome">
  </calculationLink>
  <calculationLink xlink:type="extended" xlink:role="http://www.fico.com/taxonomy/role/DisclosureAmortizationExpenseAssociatedWithIntangibleAssets">
  </calculationLink>
  <calculationLink xlink:type="extended" xlink:role="http://www.fico.com/taxonomy/role/DisclosureGoodwillAndIntangibleAssetsAdditionalInformation">
  </calculationLink>
  <calculationLink xlink:type="extended" xlink:role="http://www.fico.com/taxonomy/role/DisclosureEstimatedFutureIntangibleAssetAmortizationExpense">
    <loc xlink:type="locator" xlink:href="http://xbrl.fasb.org/us-gaap/2012/elts/us-gaap-2012-01-31.xsd#us-gaap_FiniteLivedIntangibleAssetsAmortizationExpenseAfterYearFive" xlink:label="us-gaap_FiniteLivedIntangibleAssetsAmortizationExpenseAfterYearFive"/>
    <loc xlink:type="locator" xlink:href="http://xbrl.fasb.org/us-gaap/2012/elts/us-gaap-2012-01-31.xsd#us-gaap_FiniteLivedIntangibleAssetsAmortizationExpenseNextTwelveMonths" xlink:label="us-gaap_FiniteLivedIntangibleAssetsAmortizationExpenseNextTwelveMonths"/>
    <loc xlink:type="locator" xlink:href="http://xbrl.fasb.org/us-gaap/2012/elts/us-gaap-2012-01-31.xsd#us-gaap_FiniteLivedIntangibleAssetsAmortizationExpenseYearFive" xlink:label="us-gaap_FiniteLivedIntangibleAssetsAmortizationExpenseYearFive"/>
    <loc xlink:type="locator" xlink:href="http://xbrl.fasb.org/us-gaap/2012/elts/us-gaap-2012-01-31.xsd#us-gaap_FiniteLivedIntangibleAssetsAmortizationExpenseYearFour" xlink:label="us-gaap_FiniteLivedIntangibleAssetsAmortizationExpenseYearFour"/>
    <loc xlink:type="locator" xlink:href="http://xbrl.fasb.org/us-gaap/2012/elts/us-gaap-2012-01-31.xsd#us-gaap_FiniteLivedIntangibleAssetsAmortizationExpenseYearThree" xlink:label="us-gaap_FiniteLivedIntangibleAssetsAmortizationExpenseYearThree"/>
    <loc xlink:type="locator" xlink:href="http://xbrl.fasb.org/us-gaap/2012/elts/us-gaap-2012-01-31.xsd#us-gaap_FiniteLivedIntangibleAssetsAmortizationExpenseYearTwo" xlink:label="us-gaap_FiniteLivedIntangibleAssetsAmortizationExpenseYearTwo"/>
    <loc xlink:type="locator" xlink:href="http://xbrl.fasb.org/us-gaap/2012/elts/us-gaap-2012-01-31.xsd#us-gaap_FiniteLivedIntangibleAssetsNet" xlink:label="us-gaap_FiniteLivedIntangibleAssetsNet"/>
    <calculationArc xlink:type="arc" xlink:arcrole="http://www.xbrl.org/2003/arcrole/summation-item" xlink:from="us-gaap_FiniteLivedIntangibleAssetsNet" xlink:to="us-gaap_FiniteLivedIntangibleAssetsAmortizationExpenseNextTwelveMonths" order="1.0100" weight="1.00" priority="2" use="optional"/>
    <calculationArc xlink:type="arc" xlink:arcrole="http://www.xbrl.org/2003/arcrole/summation-item" xlink:from="us-gaap_FiniteLivedIntangibleAssetsNet" xlink:to="us-gaap_FiniteLivedIntangibleAssetsAmortizationExpenseYearTwo" order="1.0200" weight="1.00" priority="2" use="optional"/>
    <calculationArc xlink:type="arc" xlink:arcrole="http://www.xbrl.org/2003/arcrole/summation-item" xlink:from="us-gaap_FiniteLivedIntangibleAssetsNet" xlink:to="us-gaap_FiniteLivedIntangibleAssetsAmortizationExpenseYearThree" order="1.0300" weight="1.00" priority="2" use="optional"/>
    <calculationArc xlink:type="arc" xlink:arcrole="http://www.xbrl.org/2003/arcrole/summation-item" xlink:from="us-gaap_FiniteLivedIntangibleAssetsNet" xlink:to="us-gaap_FiniteLivedIntangibleAssetsAmortizationExpenseYearFour" order="1.0400" weight="1.00" priority="2" use="optional"/>
    <calculationArc xlink:type="arc" xlink:arcrole="http://www.xbrl.org/2003/arcrole/summation-item" xlink:from="us-gaap_FiniteLivedIntangibleAssetsNet" xlink:to="us-gaap_FiniteLivedIntangibleAssetsAmortizationExpenseYearFive" order="1.0500" weight="1.00" priority="2" use="optional"/>
    <calculationArc xlink:type="arc" xlink:arcrole="http://www.xbrl.org/2003/arcrole/summation-item" xlink:from="us-gaap_FiniteLivedIntangibleAssetsNet" xlink:to="us-gaap_FiniteLivedIntangibleAssetsAmortizationExpenseAfterYearFive" order="1.0600" weight="1.00" priority="2" use="optional"/>
  </calculationLink>
  <calculationLink xlink:type="extended" xlink:role="http://www.fico.com/taxonomy/role/DisclosureSummaryOfChangesToGoodwill">
  </calculationLink>
  <calculationLink xlink:type="extended" xlink:role="http://www.fico.com/taxonomy/role/DisclosurePropertyAndEquipment">
    <loc xlink:type="locator" xlink:href="http://xbrl.fasb.org/us-gaap/2012/elts/us-gaap-2012-01-31.xsd#us-gaap_AccumulatedDepreciationDepletionAndAmortizationPropertyPlantAndEquipment" xlink:label="us-gaap_AccumulatedDepreciationDepletionAndAmortizationPropertyPlantAndEquipment"/>
    <loc xlink:type="locator" xlink:href="http://xbrl.fasb.org/us-gaap/2012/elts/us-gaap-2012-01-31.xsd#us-gaap_PropertyPlantAndEquipmentGross" xlink:label="us-gaap_PropertyPlantAndEquipmentGross"/>
    <loc xlink:type="locator" xlink:href="http://xbrl.fasb.org/us-gaap/2012/elts/us-gaap-2012-01-31.xsd#us-gaap_PropertyPlantAndEquipmentNet" xlink:label="us-gaap_PropertyPlantAndEquipmentNet"/>
    <calculationArc xlink:type="arc" xlink:arcrole="http://www.xbrl.org/2003/arcrole/summation-item" xlink:from="us-gaap_PropertyPlantAndEquipmentNet" xlink:to="us-gaap_PropertyPlantAndEquipmentGross" order="1.0100" weight="1.00" priority="2" use="optional"/>
    <calculationArc xlink:type="arc" xlink:arcrole="http://www.xbrl.org/2003/arcrole/summation-item" xlink:from="us-gaap_PropertyPlantAndEquipmentNet" xlink:to="us-gaap_AccumulatedDepreciationDepletionAndAmortizationPropertyPlantAndEquipment" order="1.0200" weight="-1.00" priority="2" use="optional"/>
  </calculationLink>
  <calculationLink xlink:type="extended" xlink:role="http://www.fico.com/taxonomy/role/DisclosureRevolvingLineOfCreditAdditionalInformation">
  </calculationLink>
  <calculationLink xlink:type="extended" xlink:role="http://www.fico.com/taxonomy/role/DisclosureSeniorNotesAdditionalInformation">
  </calculationLink>
  <calculationLink xlink:type="extended" xlink:role="http://www.fico.com/taxonomy/role/DisclosureRestructuringExpensesAdditionalInformation">
  </calculationLink>
  <calculationLink xlink:type="extended" xlink:role="http://www.fico.com/taxonomy/role/DisclosureSummaryOfRestructuringAccrualsAndCertainFacilityClosures">
  </calculationLink>
  <calculationLink xlink:type="extended" xlink:role="http://www.fico.com/taxonomy/role/DisclosureIncomeTaxesAdditionalInformation">
  </calculationLink>
  <calculationLink xlink:type="extended" xlink:role="http://www.fico.com/taxonomy/role/DisclosureShareBasedPaymentsAdditionalInformation">
  </calculationLink>
  <calculationLink xlink:type="extended" xlink:role="http://www.fico.com/taxonomy/role/DisclosureSummaryOfOptionActivity">
  </calculationLink>
  <calculationLink xlink:type="extended" xlink:role="http://www.fico.com/taxonomy/role/DisclosureSummaryOfRestrictedStockUnitActivity">
  </calculationLink>
  <calculationLink xlink:type="extended" xlink:role="http://www.fico.com/taxonomy/role/DisclosureReconciliationOfNumeratorsAndDenominatorsOfBasicAndDilutedEarningsPerShare">
    <loc xlink:type="locator" xlink:href="http://xbrl.fasb.org/us-gaap/2012/elts/us-gaap-2012-01-31.xsd#us-gaap_WeightedAverageNumberDilutedSharesOutstandingAdjustment" xlink:label="us-gaap_WeightedAverageNumberDilutedSharesOutstandingAdjustment"/>
    <loc xlink:type="locator" xlink:href="http://xbrl.fasb.org/us-gaap/2012/elts/us-gaap-2012-01-31.xsd#us-gaap_WeightedAverageNumberOfDilutedSharesOutstanding" xlink:label="us-gaap_WeightedAverageNumberOfDilutedSharesOutstanding"/>
    <loc xlink:type="locator" xlink:href="http://xbrl.fasb.org/us-gaap/2012/elts/us-gaap-2012-01-31.xsd#us-gaap_WeightedAverageNumberOfSharesOutstandingBasic" xlink:label="us-gaap_WeightedAverageNumberOfSharesOutstandingBasic"/>
    <calculationArc xlink:type="arc" xlink:arcrole="http://www.xbrl.org/2003/arcrole/summation-item" xlink:from="us-gaap_WeightedAverageNumberOfDilutedSharesOutstanding" xlink:to="us-gaap_WeightedAverageNumberOfSharesOutstandingBasic" order="1.0100" weight="1.00" priority="2" use="optional"/>
    <calculationArc xlink:type="arc" xlink:arcrole="http://www.xbrl.org/2003/arcrole/summation-item" xlink:from="us-gaap_WeightedAverageNumberOfDilutedSharesOutstanding" xlink:to="us-gaap_WeightedAverageNumberDilutedSharesOutstandingAdjustment" order="1.0200" weight="1.00" priority="2" use="optional"/>
  </calculationLink>
  <calculationLink xlink:type="extended" xlink:role="http://www.fico.com/taxonomy/role/DisclosureEarningsPerShareAdditionalInformation">
  </calculationLink>
  <calculationLink xlink:type="extended" xlink:role="http://www.fico.com/taxonomy/role/DisclosureSummaryOfSegmentInformation">
    <loc xlink:type="locator" xlink:href="http://xbrl.fasb.org/us-gaap/2012/elts/us-gaap-2012-01-31.xsd#us-gaap_AmortizationOfIntangibleAssets" xlink:label="us-gaap_AmortizationOfIntangibleAssets"/>
    <loc xlink:type="locator" xlink:href="http://xbrl.fasb.org/us-gaap/2012/elts/us-gaap-2012-01-31.xsd#us-gaap_OperatingIncomeLoss" xlink:label="us-gaap_OperatingIncomeLoss"/>
    <loc xlink:type="locator" xlink:href="fico-20121231.xsd#fico_RestructuringAndAcquisitionRelatedCost" xlink:label="fico_RestructuringAndAcquisitionRelatedCost"/>
    <loc xlink:type="locator" xlink:href="http://xbrl.fasb.org/us-gaap/2012/elts/us-gaap-2012-01-31.xsd#us-gaap_SalesRevenueNet" xlink:label="us-gaap_SalesRevenueNet"/>
    <loc xlink:type="locator" xlink:href="fico-20121231.xsd#fico_SegmentReportingInformationNetOperatingIncomeLoss" xlink:label="fico_SegmentReportingInformationNetOperatingIncomeLoss"/>
    <loc xlink:type="locator" xlink:href="fico-20121231.xsd#fico_SegmentReportingInformationOperatingExpense" xlink:label="fico_SegmentReportingInformationOperatingExpense"/>
    <loc xlink:type="locator" xlink:href="http://xbrl.fasb.org/us-gaap/2012/elts/us-gaap-2012-01-31.xsd#us-gaap_ShareBasedCompensation" xlink:label="us-gaap_ShareBasedCompensation"/>
    <calculationArc xlink:type="arc" xlink:arcrole="http://www.xbrl.org/2003/arcrole/summation-item" xlink:from="us-gaap_OperatingIncomeLoss" xlink:to="fico_SegmentReportingInformationNetOperatingIncomeLoss" order="1.0600" weight="1.00" priority="2" use="optional"/>
    <calculationArc xlink:type="arc" xlink:arcrole="http://www.xbrl.org/2003/arcrole/summation-item" xlink:from="us-gaap_OperatingIncomeLoss" xlink:to="us-gaap_ShareBasedCompensation" order="1.0700" weight="-1.00" priority="2" use="optional"/>
    <calculationArc xlink:type="arc" xlink:arcrole="http://www.xbrl.org/2003/arcrole/summation-item" xlink:from="us-gaap_OperatingIncomeLoss" xlink:to="us-gaap_AmortizationOfIntangibleAssets" order="1.0800" weight="-1.00" priority="2" use="optional"/>
    <calculationArc xlink:type="arc" xlink:arcrole="http://www.xbrl.org/2003/arcrole/summation-item" xlink:from="us-gaap_OperatingIncomeLoss" xlink:to="fico_RestructuringAndAcquisitionRelatedCost" order="1.0900" weight="-1.00" priority="2" use="optional"/>
    <calculationArc xlink:type="arc" xlink:arcrole="http://www.xbrl.org/2003/arcrole/summation-item" xlink:from="fico_SegmentReportingInformationNetOperatingIncomeLoss" xlink:to="us-gaap_SalesRevenueNet" order="1.0400" weight="1.00" priority="2" use="optional"/>
    <calculationArc xlink:type="arc" xlink:arcrole="http://www.xbrl.org/2003/arcrole/summation-item" xlink:from="fico_SegmentReportingInformationNetOperatingIncomeLoss" xlink:to="fico_SegmentReportingInformationOperatingExpense" order="1.0500" weight="-1.00" priority="2" use="optional"/>
  </calculationLink>
  <calculationLink xlink:type="extended" xlink:role="http://www.fico.com/taxonomy/role/NotesToFinancialStatementsBusinessDescriptionAndAccountingPoliciesTextBlock">
  </calculationLink>
  <calculationLink xlink:type="extended" xlink:role="http://www.fico.com/taxonomy/role/NotesToFinancialStatementsBusinessDescriptionAndAccountingPoliciesTextBlockPolicies">
  </calculationLink>
  <calculationLink xlink:type="extended" xlink:role="http://www.fico.com/taxonomy/role/NotesToFinancialStatementsBusinessCombinationDisclosureTextBlock">
  </calculationLink>
  <calculationLink xlink:type="extended" xlink:role="http://www.fico.com/taxonomy/role/NotesToFinancialStatementsBusinessCombinationDisclosureTextBlockTables">
  </calculationLink>
  <calculationLink xlink:type="extended" xlink:role="http://www.fico.com/taxonomy/role/NotesToFinancialStatementsFairValueDisclosuresTextBlock">
  </calculationLink>
  <calculationLink xlink:type="extended" xlink:role="http://www.fico.com/taxonomy/role/NotesToFinancialStatementsFairValueDisclosuresTextBlockTables">
  </calculationLink>
  <calculationLink xlink:type="extended" xlink:role="http://www.fico.com/taxonomy/role/NotesToFinancialStatementsDerivativeInstrumentsAndHedgingActivitiesDisclosureTextBlock">
  </calculationLink>
  <calculationLink xlink:type="extended" xlink:role="http://www.fico.com/taxonomy/role/NotesToFinancialStatementsDerivativeInstrumentsAndHedgingActivitiesDisclosureTextBlockTables">
  </calculationLink>
  <calculationLink xlink:type="extended" xlink:role="http://www.fico.com/taxonomy/role/NotesToFinancialStatementsGoodwillAndIntangibleAssetsDisclosureTextBlock">
  </calculationLink>
  <calculationLink xlink:type="extended" xlink:role="http://www.fico.com/taxonomy/role/NotesToFinancialStatementsGoodwillAndIntangibleAssetsDisclosureTextBlockTables">
  </calculationLink>
  <calculationLink xlink:type="extended" xlink:role="http://www.fico.com/taxonomy/role/NotesToFinancialStatementsSupplementalBalanceSheetDisclosuresTextBlock">
  </calculationLink>
  <calculationLink xlink:type="extended" xlink:role="http://www.fico.com/taxonomy/role/NotesToFinancialStatementsSupplementalBalanceSheetDisclosuresTextBlockTables">
  </calculationLink>
  <calculationLink xlink:type="extended" xlink:role="http://www.fico.com/taxonomy/role/NotesToFinancialStatementsLineOfCreditFacilitiesTextBlock">
  </calculationLink>
  <calculationLink xlink:type="extended" xlink:role="http://www.fico.com/taxonomy/role/NotesToFinancialStatementsLongTermDebtTextBlock">
  </calculationLink>
  <calculationLink xlink:type="extended" xlink:role="http://www.fico.com/taxonomy/role/NotesToFinancialStatementsRestructuringAndRelatedActivitiesDisclosureTextBlock">
  </calculationLink>
  <calculationLink xlink:type="extended" xlink:role="http://www.fico.com/taxonomy/role/NotesToFinancialStatementsRestructuringAndRelatedActivitiesDisclosureTextBlockTables">
  </calculationLink>
  <calculationLink xlink:type="extended" xlink:role="http://www.fico.com/taxonomy/role/NotesToFinancialStatementsIncomeTaxDisclosureTextBlock">
  </calculationLink>
  <calculationLink xlink:type="extended" xlink:role="http://www.fico.com/taxonomy/role/NotesToFinancialStatementsDisclosureOfCompensationRelatedCostsShareBasedPaymentsTextBlock">
  </calculationLink>
  <calculationLink xlink:type="extended" xlink:role="http://www.fico.com/taxonomy/role/NotesToFinancialStatementsDisclosureOfCompensationRelatedCostsShareBasedPaymentsTextBlockTables">
  </calculationLink>
  <calculationLink xlink:type="extended" xlink:role="http://www.fico.com/taxonomy/role/NotesToFinancialStatementsEarningsPerShareTextBlock">
  </calculationLink>
  <calculationLink xlink:type="extended" xlink:role="http://www.fico.com/taxonomy/role/NotesToFinancialStatementsEarningsPerShareTextBlockTables">
  </calculationLink>
  <calculationLink xlink:type="extended" xlink:role="http://www.fico.com/taxonomy/role/NotesToFinancialStatementsSegmentReportingDisclosureTextBlock">
  </calculationLink>
  <calculationLink xlink:type="extended" xlink:role="http://www.fico.com/taxonomy/role/NotesToFinancialStatementsSegmentReportingDisclosureTextBlockTables">
  </calculationLink>
  <calculationLink xlink:type="extended" xlink:role="http://www.fico.com/taxonomy/role/NotesToFinancialStatementsLegalMattersAndContingenciesTextBlock">
  </calculationLink>
</linkbase>
