<?xml version="1.0" encoding="US-ASCII" standalone="no"?>
<!--P3XBRL-->
<!--version 4.1.29 -->
<!--http://www.p3xbrl.com-->
<!--produced on 2013-01-24 @ 5:46 AM-->
<link:linkbase xmlns:cowi="http://coroware.com/20110930" xmlns:xbrldt="http://xbrl.org/2005/xbrldt" xmlns:xlink="http://www.w3.org/1999/xlink" xmlns:xsi="http://www.w3.org/2001/XMLSchema-instance" xsi:schemaLocation="http://www.xbrl.org/2003/linkbase http://www.xbrl.org/2003/xbrl-linkbase-2003-12-31.xsd" xmlns:link="http://www.xbrl.org/2003/linkbase">
  <link:roleRef roleURI="http://coroware.com/role/DocumentAndEntityInformation" xlink:href="cowi-20110930.xsd#cowi-daei" xlink:type="simple" />
  <link:roleRef roleURI="http://coroware.com/role/ConsolidatedBalanceSheets" xlink:href="cowi-20110930.xsd#cowi-cbs" xlink:type="simple" />
  <link:roleRef roleURI="http://coroware.com/role/ConsolidatedBalanceSheetsParenthetical" xlink:href="cowi-20110930.xsd#cowi-cbsp" xlink:type="simple" />
  <link:roleRef roleURI="http://coroware.com/role/ConsolidatedStatementsOfOperations" xlink:href="cowi-20110930.xsd#cowi-csoo" xlink:type="simple" />
  <link:roleRef roleURI="http://coroware.com/role/ConsolidatedStatementsOfCashFlows" xlink:href="cowi-20110930.xsd#cowi-csocf" xlink:type="simple" />
  <link:roleRef roleURI="http://coroware.com/role/BasisOfPresentation" xlink:href="cowi-20110930.xsd#cowi-bop" xlink:type="simple" />
  <link:roleRef roleURI="http://coroware.com/role/SummaryOfSignificantAccountingPolicies" xlink:href="cowi-20110930.xsd#cowi-sosap" xlink:type="simple" />
  <link:roleRef roleURI="http://coroware.com/role/FinancialConditionAndGoingConcern" xlink:href="cowi-20110930.xsd#cowi-fcagc1" xlink:type="simple" />
  <link:roleRef roleURI="http://coroware.com/role/AccountsReceivableFactoring" xlink:href="cowi-20110930.xsd#cowi-arf" xlink:type="simple" />
  <link:roleRef roleURI="http://coroware.com/role/ConvertibleDebt" xlink:href="cowi-20110930.xsd#cowi-cd1" xlink:type="simple" />
  <link:roleRef roleURI="http://coroware.com/role/OtherStockholdersEquity" xlink:href="cowi-20110930.xsd#cowi-ose1" xlink:type="simple" />
  <link:roleRef roleURI="http://coroware.com/role/Commitments" xlink:href="cowi-20110930.xsd#cowi-c1" xlink:type="simple" />
  <link:roleRef roleURI="http://coroware.com/role/SubsequentEvents" xlink:href="cowi-20110930.xsd#cowi-se1" xlink:type="simple" />
  <link:presentationLink xlink:title="001 - Document - Document and Entity Information" xlink:role="http://coroware.com/role/DocumentAndEntityInformation" xlink:type="extended">
    <link:loc xlink:label="loc_DocumentAndEntityInformationAbstract.56383.12.6" xlink:href="cowi-20110930.xsd#cowi_DocumentAndEntityInformationAbstract" xlink:type="locator" />
    <link:loc xlink:label="loc_EntityRegistrantName.187.12.6" xlink:href="http://xbrl.sec.gov/dei/2012/dei-2012-01-31.xsd#dei_EntityRegistrantName" xlink:type="locator" />
    <link:presentationArc xlink:from="loc_DocumentAndEntityInformationAbstract.56383.12.6" xlink:to="loc_EntityRegistrantName.187.12.6" order="0.00" priority="0" use="optional" xlink:arcrole="http://www.xbrl.org/2003/arcrole/parent-child" xlink:type="arc" />
    <link:loc xlink:label="loc_EntityCentralIndexKey.188.12.6" xlink:href="http://xbrl.sec.gov/dei/2012/dei-2012-01-31.xsd#dei_EntityCentralIndexKey" xlink:type="locator" />
    <link:presentationArc xlink:from="loc_DocumentAndEntityInformationAbstract.56383.12.6" xlink:to="loc_EntityCentralIndexKey.188.12.6" order="10.00" priority="0" use="optional" xlink:arcrole="http://www.xbrl.org/2003/arcrole/parent-child" xlink:type="arc" />
    <link:loc xlink:label="loc_DocumentType.212.12.6" xlink:href="http://xbrl.sec.gov/dei/2012/dei-2012-01-31.xsd#dei_DocumentType" xlink:type="locator" />
    <link:presentationArc xlink:from="loc_DocumentAndEntityInformationAbstract.56383.12.6" xlink:to="loc_DocumentType.212.12.6" order="20.00" priority="0" use="optional" xlink:arcrole="http://www.xbrl.org/2003/arcrole/parent-child" xlink:type="arc" />
    <link:loc xlink:label="loc_DocumentPeriodEndDate.161.12.6" xlink:href="http://xbrl.sec.gov/dei/2012/dei-2012-01-31.xsd#dei_DocumentPeriodEndDate" xlink:type="locator" />
    <link:presentationArc xlink:from="loc_DocumentAndEntityInformationAbstract.56383.12.6" xlink:to="loc_DocumentPeriodEndDate.161.12.6" order="30.00" priority="0" use="optional" xlink:arcrole="http://www.xbrl.org/2003/arcrole/parent-child" xlink:type="arc" />
    <link:loc xlink:label="loc_AmendmentFlag.144.12.6" xlink:href="http://xbrl.sec.gov/dei/2012/dei-2012-01-31.xsd#dei_AmendmentFlag" xlink:type="locator" />
    <link:presentationArc xlink:from="loc_DocumentAndEntityInformationAbstract.56383.12.6" xlink:to="loc_AmendmentFlag.144.12.6" order="40.00" priority="0" use="optional" xlink:arcrole="http://www.xbrl.org/2003/arcrole/parent-child" xlink:type="arc" />
    <link:loc xlink:label="loc_CurrentFiscalYearEndDate.155.12.6" xlink:href="http://xbrl.sec.gov/dei/2012/dei-2012-01-31.xsd#dei_CurrentFiscalYearEndDate" xlink:type="locator" />
    <link:presentationArc xlink:from="loc_DocumentAndEntityInformationAbstract.56383.12.6" xlink:to="loc_CurrentFiscalYearEndDate.155.12.6" order="50.00" priority="0" use="optional" xlink:arcrole="http://www.xbrl.org/2003/arcrole/parent-child" xlink:type="arc" />
    <link:loc xlink:label="loc_EntityWellKnownSeasonedIssuer.182.12.6" xlink:href="http://xbrl.sec.gov/dei/2012/dei-2012-01-31.xsd#dei_EntityWellKnownSeasonedIssuer" xlink:type="locator" />
    <link:presentationArc xlink:from="loc_DocumentAndEntityInformationAbstract.56383.12.6" xlink:to="loc_EntityWellKnownSeasonedIssuer.182.12.6" order="60.00" priority="0" use="optional" xlink:arcrole="http://www.xbrl.org/2003/arcrole/parent-child" xlink:type="arc" />
    <link:loc xlink:label="loc_EntityVoluntaryFilers.183.12.6" xlink:href="http://xbrl.sec.gov/dei/2012/dei-2012-01-31.xsd#dei_EntityVoluntaryFilers" xlink:type="locator" />
    <link:presentationArc xlink:from="loc_DocumentAndEntityInformationAbstract.56383.12.6" xlink:to="loc_EntityVoluntaryFilers.183.12.6" order="70.00" priority="0" use="optional" xlink:arcrole="http://www.xbrl.org/2003/arcrole/parent-child" xlink:type="arc" />
    <link:loc xlink:label="loc_EntityCurrentReportingStatus.184.12.6" xlink:href="http://xbrl.sec.gov/dei/2012/dei-2012-01-31.xsd#dei_EntityCurrentReportingStatus" xlink:type="locator" />
    <link:presentationArc xlink:from="loc_DocumentAndEntityInformationAbstract.56383.12.6" xlink:to="loc_EntityCurrentReportingStatus.184.12.6" order="80.00" priority="0" use="optional" xlink:arcrole="http://www.xbrl.org/2003/arcrole/parent-child" xlink:type="arc" />
    <link:loc xlink:label="loc_EntityFilerCategory.185.12.6" xlink:href="http://xbrl.sec.gov/dei/2012/dei-2012-01-31.xsd#dei_EntityFilerCategory" xlink:type="locator" />
    <link:presentationArc xlink:from="loc_DocumentAndEntityInformationAbstract.56383.12.6" xlink:to="loc_EntityFilerCategory.185.12.6" order="90.00" priority="0" use="optional" xlink:arcrole="http://www.xbrl.org/2003/arcrole/parent-child" xlink:type="arc" />
    <link:loc xlink:label="loc_EntityPublicFloat.186.12.6" xlink:href="http://xbrl.sec.gov/dei/2012/dei-2012-01-31.xsd#dei_EntityPublicFloat" xlink:type="locator" />
    <link:presentationArc xlink:from="loc_DocumentAndEntityInformationAbstract.56383.12.6" xlink:to="loc_EntityPublicFloat.186.12.6" order="100.00" priority="0" use="optional" xlink:arcrole="http://www.xbrl.org/2003/arcrole/parent-child" xlink:type="arc" />
    <link:loc xlink:label="loc_EntityCommonStockSharesOutstanding.192.12.6" xlink:href="http://xbrl.sec.gov/dei/2012/dei-2012-01-31.xsd#dei_EntityCommonStockSharesOutstanding" xlink:type="locator" />
    <link:presentationArc xlink:from="loc_DocumentAndEntityInformationAbstract.56383.12.6" xlink:to="loc_EntityCommonStockSharesOutstanding.192.12.6" order="110.00" priority="0" use="optional" xlink:arcrole="http://www.xbrl.org/2003/arcrole/parent-child" xlink:type="arc" />
    <link:loc xlink:label="loc_DocumentFiscalPeriodFocus.208.12.6" xlink:href="http://xbrl.sec.gov/dei/2012/dei-2012-01-31.xsd#dei_DocumentFiscalPeriodFocus" xlink:type="locator" />
    <link:presentationArc xlink:from="loc_DocumentAndEntityInformationAbstract.56383.12.6" xlink:to="loc_DocumentFiscalPeriodFocus.208.12.6" order="120.00" priority="0" use="optional" xlink:arcrole="http://www.xbrl.org/2003/arcrole/parent-child" xlink:type="arc" />
    <link:loc xlink:label="loc_DocumentFiscalYearFocus.207.12.6" xlink:href="http://xbrl.sec.gov/dei/2012/dei-2012-01-31.xsd#dei_DocumentFiscalYearFocus" xlink:type="locator" />
    <link:presentationArc xlink:from="loc_DocumentAndEntityInformationAbstract.56383.12.6" xlink:to="loc_DocumentFiscalYearFocus.207.12.6" order="130.00" priority="0" use="optional" xlink:arcrole="http://www.xbrl.org/2003/arcrole/parent-child" xlink:type="arc" />
  </link:presentationLink>
  <link:presentationLink xlink:title="002 - Statement - CONSOLIDATED BALANCE SHEETS" xlink:role="http://coroware.com/role/ConsolidatedBalanceSheets" xlink:type="extended">
    <link:loc xlink:label="loc_AssetsCurrentAbstract.592.12.7" xlink:href="http://xbrl.fasb.org/us-gaap/2012/elts/us-gaap-2012-01-31.xsd#us-gaap_AssetsCurrentAbstract" xlink:type="locator" />
    <link:loc xlink:label="loc_Cash.6547.12.7" xlink:href="http://xbrl.fasb.org/us-gaap/2012/elts/us-gaap-2012-01-31.xsd#us-gaap_Cash" xlink:type="locator" />
    <link:presentationArc xlink:from="loc_AssetsCurrentAbstract.592.12.7" xlink:to="loc_Cash.6547.12.7" order="1.00" priority="0" use="optional" xlink:arcrole="http://www.xbrl.org/2003/arcrole/parent-child" xlink:type="arc" preferredLabel="http://www.xbrl.org/2003/role/terseLabel" />
    <link:loc xlink:label="loc_AccountsReceivableNetCurrent.5451.12.7" xlink:href="http://xbrl.fasb.org/us-gaap/2012/elts/us-gaap-2012-01-31.xsd#us-gaap_AccountsReceivableNetCurrent" xlink:type="locator" />
    <link:presentationArc xlink:from="loc_AssetsCurrentAbstract.592.12.7" xlink:to="loc_AccountsReceivableNetCurrent.5451.12.7" order="2.00" priority="0" use="optional" xlink:arcrole="http://www.xbrl.org/2003/arcrole/parent-child" xlink:type="arc" preferredLabel="http://www.xbrl.org/2003/role/terseLabel" />
    <link:loc xlink:label="loc_InventoryNet.11417.12.7" xlink:href="http://xbrl.fasb.org/us-gaap/2012/elts/us-gaap-2012-01-31.xsd#us-gaap_InventoryNet" xlink:type="locator" />
    <link:presentationArc xlink:from="loc_AssetsCurrentAbstract.592.12.7" xlink:to="loc_InventoryNet.11417.12.7" order="3.00" priority="0" use="optional" xlink:arcrole="http://www.xbrl.org/2003/arcrole/parent-child" xlink:type="arc" preferredLabel="http://www.xbrl.org/2003/role/terseLabel" />
    <link:loc xlink:label="loc_OtherAssetsCurrent.13175.12.7" xlink:href="http://xbrl.fasb.org/us-gaap/2012/elts/us-gaap-2012-01-31.xsd#us-gaap_OtherAssetsCurrent" xlink:type="locator" />
    <link:presentationArc xlink:from="loc_AssetsCurrentAbstract.592.12.7" xlink:to="loc_OtherAssetsCurrent.13175.12.7" order="4.00" priority="0" use="optional" xlink:arcrole="http://www.xbrl.org/2003/arcrole/parent-child" xlink:type="arc" preferredLabel="http://www.xbrl.org/2003/role/terseLabel" />
    <link:loc xlink:label="loc_AssetsCurrentAbstract.592.12.9" xlink:href="http://xbrl.fasb.org/us-gaap/2012/elts/us-gaap-2012-01-31.xsd#us-gaap_AssetsCurrentAbstract" xlink:type="locator" />
    <link:loc xlink:label="loc_AssetsCurrent.5874.12.9" xlink:href="http://xbrl.fasb.org/us-gaap/2012/elts/us-gaap-2012-01-31.xsd#us-gaap_AssetsCurrent" xlink:type="locator" />
    <link:presentationArc xlink:from="loc_AssetsCurrentAbstract.592.12.9" xlink:to="loc_AssetsCurrent.5874.12.9" order="5.00" priority="0" use="optional" xlink:arcrole="http://www.xbrl.org/2003/arcrole/parent-child" xlink:type="arc" preferredLabel="http://www.xbrl.org/2003/role/totalLabel" />
    <link:loc xlink:label="loc_AssetsAbstract.595.12.7" xlink:href="http://xbrl.fasb.org/us-gaap/2012/elts/us-gaap-2012-01-31.xsd#us-gaap_AssetsAbstract" xlink:type="locator" />
    <link:presentationArc xlink:from="loc_AssetsAbstract.595.12.7" xlink:to="loc_AssetsCurrentAbstract.592.12.7" order="1.00" priority="0" use="optional" xlink:arcrole="http://www.xbrl.org/2003/arcrole/parent-child" xlink:type="arc" preferredLabel="http://www.xbrl.org/2003/role/terseLabel" />
    <link:loc xlink:label="loc_PropertyPlantAndEquipmentNet.14697.12.7" xlink:href="http://xbrl.fasb.org/us-gaap/2012/elts/us-gaap-2012-01-31.xsd#us-gaap_PropertyPlantAndEquipmentNet" xlink:type="locator" />
    <link:presentationArc xlink:from="loc_AssetsAbstract.595.12.7" xlink:to="loc_PropertyPlantAndEquipmentNet.14697.12.7" order="2.00" priority="0" use="optional" xlink:arcrole="http://www.xbrl.org/2003/arcrole/parent-child" xlink:type="arc" preferredLabel="http://www.xbrl.org/2003/role/terseLabel" />
    <link:loc xlink:label="loc_IntangibleAssetsNetExcludingGoodwill.11138.12.7" xlink:href="http://xbrl.fasb.org/us-gaap/2012/elts/us-gaap-2012-01-31.xsd#us-gaap_IntangibleAssetsNetExcludingGoodwill" xlink:type="locator" />
    <link:presentationArc xlink:from="loc_AssetsAbstract.595.12.7" xlink:to="loc_IntangibleAssetsNetExcludingGoodwill.11138.12.7" order="3.00" priority="0" use="optional" xlink:arcrole="http://www.xbrl.org/2003/arcrole/parent-child" xlink:type="arc" preferredLabel="http://www.xbrl.org/2003/role/terseLabel" />
    <link:loc xlink:label="loc_OtherAssetsNoncurrent.13227.12.7" xlink:href="http://xbrl.fasb.org/us-gaap/2012/elts/us-gaap-2012-01-31.xsd#us-gaap_OtherAssetsNoncurrent" xlink:type="locator" />
    <link:presentationArc xlink:from="loc_AssetsAbstract.595.12.7" xlink:to="loc_OtherAssetsNoncurrent.13227.12.7" order="4.00" priority="0" use="optional" xlink:arcrole="http://www.xbrl.org/2003/arcrole/parent-child" xlink:type="arc" preferredLabel="http://www.xbrl.org/2003/role/terseLabel" />
    <link:loc xlink:label="loc_AssetsAbstract.595.12.9" xlink:href="http://xbrl.fasb.org/us-gaap/2012/elts/us-gaap-2012-01-31.xsd#us-gaap_AssetsAbstract" xlink:type="locator" />
    <link:loc xlink:label="loc_Assets.5880.12.9" xlink:href="http://xbrl.fasb.org/us-gaap/2012/elts/us-gaap-2012-01-31.xsd#us-gaap_Assets" xlink:type="locator" />
    <link:presentationArc xlink:from="loc_AssetsAbstract.595.12.9" xlink:to="loc_Assets.5880.12.9" order="5.00" priority="0" use="optional" xlink:arcrole="http://www.xbrl.org/2003/arcrole/parent-child" xlink:type="arc" preferredLabel="http://www.xbrl.org/2003/role/totalLabel" />
    <link:loc xlink:label="loc_LiabilitiesCurrentAbstract.2935.12.7" xlink:href="http://xbrl.fasb.org/us-gaap/2012/elts/us-gaap-2012-01-31.xsd#us-gaap_LiabilitiesCurrentAbstract" xlink:type="locator" />
    <link:loc xlink:label="loc_LinesOfCreditCurrent.12020.12.7" xlink:href="http://xbrl.fasb.org/us-gaap/2012/elts/us-gaap-2012-01-31.xsd#us-gaap_LinesOfCreditCurrent" xlink:type="locator" />
    <link:presentationArc xlink:from="loc_LiabilitiesCurrentAbstract.2935.12.7" xlink:to="loc_LinesOfCreditCurrent.12020.12.7" order="1.00" priority="0" use="optional" xlink:arcrole="http://www.xbrl.org/2003/arcrole/parent-child" xlink:type="arc" preferredLabel="http://www.xbrl.org/2003/role/terseLabel" />
    <link:loc xlink:label="loc_AccountsPayableAndAccruedLiabilitiesCurrent.5423.12.7" xlink:href="http://xbrl.fasb.org/us-gaap/2012/elts/us-gaap-2012-01-31.xsd#us-gaap_AccountsPayableAndAccruedLiabilitiesCurrent" xlink:type="locator" />
    <link:presentationArc xlink:from="loc_LiabilitiesCurrentAbstract.2935.12.7" xlink:to="loc_AccountsPayableAndAccruedLiabilitiesCurrent.5423.12.7" order="3.00" priority="0" use="optional" xlink:arcrole="http://www.xbrl.org/2003/arcrole/parent-child" xlink:type="arc" preferredLabel="http://www.xbrl.org/2003/role/terseLabel" />
    <link:loc xlink:label="loc_DueToRelatedPartiesCurrent.8665.12.7" xlink:href="http://xbrl.fasb.org/us-gaap/2012/elts/us-gaap-2012-01-31.xsd#us-gaap_DueToRelatedPartiesCurrent" xlink:type="locator" />
    <link:presentationArc xlink:from="loc_LiabilitiesCurrentAbstract.2935.12.7" xlink:to="loc_DueToRelatedPartiesCurrent.8665.12.7" order="4.00" priority="0" use="optional" xlink:arcrole="http://www.xbrl.org/2003/arcrole/parent-child" xlink:type="arc" preferredLabel="http://www.xbrl.org/2003/role/terseLabel" />
    <link:loc xlink:label="loc_NotesPayableCurrent.12933.12.7" xlink:href="http://xbrl.fasb.org/us-gaap/2012/elts/us-gaap-2012-01-31.xsd#us-gaap_NotesPayableCurrent" xlink:type="locator" />
    <link:presentationArc xlink:from="loc_LiabilitiesCurrentAbstract.2935.12.7" xlink:to="loc_NotesPayableCurrent.12933.12.7" order="5.00" priority="0" use="optional" xlink:arcrole="http://www.xbrl.org/2003/arcrole/parent-child" xlink:type="arc" preferredLabel="http://www.xbrl.org/2003/role/terseLabel" />
    <link:loc xlink:label="loc_DerivativeLiabilitiesCurrent.8056.12.7" xlink:href="http://xbrl.fasb.org/us-gaap/2012/elts/us-gaap-2012-01-31.xsd#us-gaap_DerivativeLiabilitiesCurrent" xlink:type="locator" />
    <link:presentationArc xlink:from="loc_LiabilitiesCurrentAbstract.2935.12.7" xlink:to="loc_DerivativeLiabilitiesCurrent.8056.12.7" order="7.00" priority="0" use="optional" xlink:arcrole="http://www.xbrl.org/2003/arcrole/parent-child" xlink:type="arc" preferredLabel="http://www.xbrl.org/2003/role/terseLabel" />
    <link:loc xlink:label="loc_ConvertibleDebtCurrent.7104.12.7" xlink:href="http://xbrl.fasb.org/us-gaap/2012/elts/us-gaap-2012-01-31.xsd#us-gaap_ConvertibleDebtCurrent" xlink:type="locator" />
    <link:presentationArc xlink:from="loc_LiabilitiesCurrentAbstract.2935.12.7" xlink:to="loc_ConvertibleDebtCurrent.7104.12.7" order="8.00" priority="0" use="optional" xlink:arcrole="http://www.xbrl.org/2003/arcrole/parent-child" xlink:type="arc" preferredLabel="http://www.xbrl.org/2003/role/terseLabel" />
    <link:loc xlink:label="loc_LoansPayableCurrent.12098.12.7" xlink:href="http://xbrl.fasb.org/us-gaap/2012/elts/us-gaap-2012-01-31.xsd#us-gaap_LoansPayableCurrent" xlink:type="locator" />
    <link:presentationArc xlink:from="loc_LiabilitiesCurrentAbstract.2935.12.7" xlink:to="loc_LoansPayableCurrent.12098.12.7" order="10.00" priority="0" use="optional" xlink:arcrole="http://www.xbrl.org/2003/arcrole/parent-child" xlink:type="arc" preferredLabel="http://www.xbrl.org/2003/role/terseLabel" />
    <link:loc xlink:label="loc_LiabilitiesCurrentAbstract.2935.12.9" xlink:href="http://xbrl.fasb.org/us-gaap/2012/elts/us-gaap-2012-01-31.xsd#us-gaap_LiabilitiesCurrentAbstract" xlink:type="locator" />
    <link:loc xlink:label="loc_LiabilitiesCurrent.11668.12.9" xlink:href="http://xbrl.fasb.org/us-gaap/2012/elts/us-gaap-2012-01-31.xsd#us-gaap_LiabilitiesCurrent" xlink:type="locator" />
    <link:presentationArc xlink:from="loc_LiabilitiesCurrentAbstract.2935.12.9" xlink:to="loc_LiabilitiesCurrent.11668.12.9" order="11.00" priority="0" use="optional" xlink:arcrole="http://www.xbrl.org/2003/arcrole/parent-child" xlink:type="arc" preferredLabel="http://www.xbrl.org/2003/role/totalLabel" />
    <link:loc xlink:label="loc_NotesPayableRelatedPartiesClassifiedCurrent.12926.12.7" xlink:href="http://xbrl.fasb.org/us-gaap/2012/elts/us-gaap-2012-01-31.xsd#us-gaap_NotesPayableRelatedPartiesClassifiedCurrent" xlink:type="locator" />
    <link:presentationArc xlink:from="loc_LiabilitiesCurrentAbstract.2935.12.7" xlink:to="loc_NotesPayableRelatedPartiesClassifiedCurrent.12926.12.7" order="6.00" priority="0" use="optional" xlink:arcrole="http://www.xbrl.org/2003/arcrole/parent-child" xlink:type="arc" preferredLabel="http://www.xbrl.org/2003/role/terseLabel" />
    <link:loc xlink:label="loc_MandatorilyRedeemablePreferredStockFairValueDisclosure.12475.12.7" xlink:href="http://xbrl.fasb.org/us-gaap/2012/elts/us-gaap-2012-01-31.xsd#us-gaap_MandatorilyRedeemablePreferredStockFairValueDisclosure" xlink:type="locator" />
    <link:presentationArc xlink:from="loc_LiabilitiesCurrentAbstract.2935.12.7" xlink:to="loc_MandatorilyRedeemablePreferredStockFairValueDisclosure.12475.12.7" order="9.50" priority="0" use="optional" xlink:arcrole="http://www.xbrl.org/2003/arcrole/parent-child" xlink:type="arc" preferredLabel="http://www.xbrl.org/2003/role/terseLabel" />
    <link:loc xlink:label="loc_ObligationsCollateralizedByReceivables.56649.12.7" xlink:href="cowi-20110930.xsd#cowi_ObligationsCollateralizedByReceivables" xlink:type="locator" />
    <link:presentationArc xlink:from="loc_LiabilitiesCurrentAbstract.2935.12.7" xlink:to="loc_ObligationsCollateralizedByReceivables.56649.12.7" order="2.00" priority="0" use="optional" xlink:arcrole="http://www.xbrl.org/2003/arcrole/parent-child" xlink:type="arc" preferredLabel="http://www.xbrl.org/2003/role/terseLabel" />
    <link:loc xlink:label="loc_LiabilitiesNoncurrentAbstract.2937.12.7" xlink:href="http://xbrl.fasb.org/us-gaap/2012/elts/us-gaap-2012-01-31.xsd#us-gaap_LiabilitiesNoncurrentAbstract" xlink:type="locator" />
    <link:loc xlink:label="loc_ConvertibleDebtNoncurrent.7085.12.7" xlink:href="http://xbrl.fasb.org/us-gaap/2012/elts/us-gaap-2012-01-31.xsd#us-gaap_ConvertibleDebtNoncurrent" xlink:type="locator" />
    <link:presentationArc xlink:from="loc_LiabilitiesNoncurrentAbstract.2937.12.7" xlink:to="loc_ConvertibleDebtNoncurrent.7085.12.7" order="1.00" priority="0" use="optional" xlink:arcrole="http://www.xbrl.org/2003/arcrole/parent-child" xlink:type="arc" preferredLabel="http://www.xbrl.org/2003/role/terseLabel" />
    <link:loc xlink:label="loc_LiabilitiesAndStockholdersEquityAbstract.2940.12.7" xlink:href="http://xbrl.fasb.org/us-gaap/2012/elts/us-gaap-2012-01-31.xsd#us-gaap_LiabilitiesAndStockholdersEquityAbstract" xlink:type="locator" />
    <link:presentationArc xlink:from="loc_LiabilitiesAndStockholdersEquityAbstract.2940.12.7" xlink:to="loc_LiabilitiesCurrentAbstract.2935.12.7" order="1.00" priority="0" use="optional" xlink:arcrole="http://www.xbrl.org/2003/arcrole/parent-child" xlink:type="arc" preferredLabel="http://www.xbrl.org/2003/role/terseLabel" />
    <link:presentationArc xlink:from="loc_LiabilitiesAndStockholdersEquityAbstract.2940.12.7" xlink:to="loc_LiabilitiesNoncurrentAbstract.2937.12.7" order="2.00" priority="0" use="optional" xlink:arcrole="http://www.xbrl.org/2003/arcrole/parent-child" xlink:type="arc" preferredLabel="http://www.xbrl.org/2003/role/terseLabel" />
    <link:loc xlink:label="loc_LiabilitiesAndStockholdersEquityAbstract.2940.12.9" xlink:href="http://xbrl.fasb.org/us-gaap/2012/elts/us-gaap-2012-01-31.xsd#us-gaap_LiabilitiesAndStockholdersEquityAbstract" xlink:type="locator" />
    <link:loc xlink:label="loc_Liabilities.11702.12.9" xlink:href="http://xbrl.fasb.org/us-gaap/2012/elts/us-gaap-2012-01-31.xsd#us-gaap_Liabilities" xlink:type="locator" />
    <link:presentationArc xlink:from="loc_LiabilitiesAndStockholdersEquityAbstract.2940.12.9" xlink:to="loc_Liabilities.11702.12.9" order="3.00" priority="0" use="optional" xlink:arcrole="http://www.xbrl.org/2003/arcrole/parent-child" xlink:type="arc" preferredLabel="http://www.xbrl.org/2003/role/totalLabel" />
    <link:loc xlink:label="loc_CommitmentsAndContingencies.6842.12.7" xlink:href="http://xbrl.fasb.org/us-gaap/2012/elts/us-gaap-2012-01-31.xsd#us-gaap_CommitmentsAndContingencies" xlink:type="locator" />
    <link:presentationArc xlink:from="loc_LiabilitiesAndStockholdersEquityAbstract.2940.12.7" xlink:to="loc_CommitmentsAndContingencies.6842.12.7" order="4.00" priority="0" use="optional" xlink:arcrole="http://www.xbrl.org/2003/arcrole/parent-child" xlink:type="arc" preferredLabel="http://www.xbrl.org/2003/role/terseLabel" />
    <link:loc xlink:label="loc_StockholdersEquityAbstract.4986.12.7" xlink:href="http://xbrl.fasb.org/us-gaap/2012/elts/us-gaap-2012-01-31.xsd#us-gaap_StockholdersEquityAbstract" xlink:type="locator" />
    <link:presentationArc xlink:from="loc_LiabilitiesAndStockholdersEquityAbstract.2940.12.7" xlink:to="loc_StockholdersEquityAbstract.4986.12.7" order="5.00" priority="0" use="optional" xlink:arcrole="http://www.xbrl.org/2003/arcrole/parent-child" xlink:type="arc" preferredLabel="http://www.xbrl.org/2003/role/terseLabel" />
    <link:loc xlink:label="loc_LiabilitiesAndStockholdersEquity.11731.12.9" xlink:href="http://xbrl.fasb.org/us-gaap/2012/elts/us-gaap-2012-01-31.xsd#us-gaap_LiabilitiesAndStockholdersEquity" xlink:type="locator" />
    <link:presentationArc xlink:from="loc_LiabilitiesAndStockholdersEquityAbstract.2940.12.9" xlink:to="loc_LiabilitiesAndStockholdersEquity.11731.12.9" order="6.00" priority="0" use="optional" xlink:arcrole="http://www.xbrl.org/2003/arcrole/parent-child" xlink:type="arc" preferredLabel="http://www.xbrl.org/2003/role/totalLabel" />
    <link:loc xlink:label="loc_StatementOfFinancialPositionAbstract.4958.12.7" xlink:href="http://xbrl.fasb.org/us-gaap/2012/elts/us-gaap-2012-01-31.xsd#us-gaap_StatementOfFinancialPositionAbstract" xlink:type="locator" />
    <link:presentationArc xlink:from="loc_StatementOfFinancialPositionAbstract.4958.12.7" xlink:to="loc_AssetsAbstract.595.12.7" order="1.00" priority="0" use="optional" xlink:arcrole="http://www.xbrl.org/2003/arcrole/parent-child" xlink:type="arc" preferredLabel="http://www.xbrl.org/2003/role/terseLabel" />
    <link:presentationArc xlink:from="loc_StatementOfFinancialPositionAbstract.4958.12.7" xlink:to="loc_LiabilitiesAndStockholdersEquityAbstract.2940.12.7" order="2.00" priority="0" use="optional" xlink:arcrole="http://www.xbrl.org/2003/arcrole/parent-child" xlink:type="arc" preferredLabel="http://www.xbrl.org/2003/role/terseLabel" />
    <link:loc xlink:label="loc_CommonStockValue.6874.12.7" xlink:href="http://xbrl.fasb.org/us-gaap/2012/elts/us-gaap-2012-01-31.xsd#us-gaap_CommonStockValue" xlink:type="locator" />
    <link:presentationArc xlink:from="loc_StockholdersEquityAbstract.4986.12.7" xlink:to="loc_CommonStockValue.6874.12.7" order="1.00" priority="0" use="optional" xlink:arcrole="http://www.xbrl.org/2003/arcrole/parent-child" xlink:type="arc" preferredLabel="http://www.xbrl.org/2003/role/terseLabel" />
    <link:loc xlink:label="loc_AdditionalPaidInCapital.5620.12.7" xlink:href="http://xbrl.fasb.org/us-gaap/2012/elts/us-gaap-2012-01-31.xsd#us-gaap_AdditionalPaidInCapital" xlink:type="locator" />
    <link:presentationArc xlink:from="loc_StockholdersEquityAbstract.4986.12.7" xlink:to="loc_AdditionalPaidInCapital.5620.12.7" order="2.00" priority="0" use="optional" xlink:arcrole="http://www.xbrl.org/2003/arcrole/parent-child" xlink:type="arc" preferredLabel="http://www.xbrl.org/2003/role/terseLabel" />
    <link:loc xlink:label="loc_RetainedEarningsAccumulatedDeficit.15457.12.7" xlink:href="http://xbrl.fasb.org/us-gaap/2012/elts/us-gaap-2012-01-31.xsd#us-gaap_RetainedEarningsAccumulatedDeficit" xlink:type="locator" />
    <link:presentationArc xlink:from="loc_StockholdersEquityAbstract.4986.12.7" xlink:to="loc_RetainedEarningsAccumulatedDeficit.15457.12.7" order="3.00" priority="0" use="optional" xlink:arcrole="http://www.xbrl.org/2003/arcrole/parent-child" xlink:type="arc" preferredLabel="http://www.xbrl.org/2003/role/terseLabel" />
    <link:loc xlink:label="loc_StockholdersEquityAbstract.4986.12.42" xlink:href="http://xbrl.fasb.org/us-gaap/2012/elts/us-gaap-2012-01-31.xsd#us-gaap_StockholdersEquityAbstract" xlink:type="locator" />
    <link:loc xlink:label="loc_TreasuryStockValue.17060.12.42" xlink:href="http://xbrl.fasb.org/us-gaap/2012/elts/us-gaap-2012-01-31.xsd#us-gaap_TreasuryStockValue" xlink:type="locator" />
    <link:presentationArc xlink:from="loc_StockholdersEquityAbstract.4986.12.42" xlink:to="loc_TreasuryStockValue.17060.12.42" order="4.00" priority="0" use="optional" xlink:arcrole="http://www.xbrl.org/2003/arcrole/parent-child" xlink:type="arc" preferredLabel="http://www.xbrl.org/2009/role/negatedLabel" />
    <link:loc xlink:label="loc_StockholdersEquityAbstract.4986.12.9" xlink:href="http://xbrl.fasb.org/us-gaap/2012/elts/us-gaap-2012-01-31.xsd#us-gaap_StockholdersEquityAbstract" xlink:type="locator" />
    <link:loc xlink:label="loc_StockholdersEquity.16667.12.9" xlink:href="http://xbrl.fasb.org/us-gaap/2012/elts/us-gaap-2012-01-31.xsd#us-gaap_StockholdersEquity" xlink:type="locator" />
    <link:presentationArc xlink:from="loc_StockholdersEquityAbstract.4986.12.9" xlink:to="loc_StockholdersEquity.16667.12.9" order="5.00" priority="0" use="optional" xlink:arcrole="http://www.xbrl.org/2003/arcrole/parent-child" xlink:type="arc" preferredLabel="http://www.xbrl.org/2003/role/totalLabel" />
  </link:presentationLink>
  <link:presentationLink xlink:title="003 - Statement - CONSOLIDATED BALANCE SHEETS (Parenthetical)" xlink:role="http://coroware.com/role/ConsolidatedBalanceSheetsParenthetical" xlink:type="extended">
    <link:loc xlink:label="loc_ClassOfStockDomain.974.12.7" xlink:href="http://xbrl.fasb.org/us-gaap/2012/elts/us-gaap-2012-01-31.xsd#us-gaap_ClassOfStockDomain" xlink:type="locator" />
    <link:loc xlink:label="loc_MandatorilyRedeemablePreferredStockMember.3203.12.7" xlink:href="http://xbrl.fasb.org/us-gaap/2012/elts/us-gaap-2012-01-31.xsd#us-gaap_MandatorilyRedeemablePreferredStockMember" xlink:type="locator" />
    <link:presentationArc xlink:from="loc_ClassOfStockDomain.974.12.7" xlink:to="loc_MandatorilyRedeemablePreferredStockMember.3203.12.7" order="1.00" priority="0" use="optional" xlink:arcrole="http://www.xbrl.org/2003/arcrole/parent-child" xlink:type="arc" preferredLabel="http://www.xbrl.org/2003/role/terseLabel" />
    <link:loc xlink:label="loc_StatementTable.4950.12.6" xlink:href="http://xbrl.fasb.org/us-gaap/2012/elts/us-gaap-2012-01-31.xsd#us-gaap_StatementTable" xlink:type="locator" />
    <link:loc xlink:label="loc_StatementClassOfStockAxis.4962.12.6" xlink:href="http://xbrl.fasb.org/us-gaap/2012/elts/us-gaap-2012-01-31.xsd#us-gaap_StatementClassOfStockAxis" xlink:type="locator" />
    <link:presentationArc xlink:from="loc_StatementTable.4950.12.6" xlink:to="loc_StatementClassOfStockAxis.4962.12.6" order="1.00" priority="0" use="optional" xlink:arcrole="http://www.xbrl.org/2003/arcrole/parent-child" xlink:type="arc" />
    <link:loc xlink:label="loc_StatementLineItems.4952.12.6" xlink:href="http://xbrl.fasb.org/us-gaap/2012/elts/us-gaap-2012-01-31.xsd#us-gaap_StatementLineItems" xlink:type="locator" />
    <link:presentationArc xlink:from="loc_StatementTable.4950.12.6" xlink:to="loc_StatementLineItems.4952.12.6" order="2.00" priority="0" use="optional" xlink:arcrole="http://www.xbrl.org/2003/arcrole/parent-child" xlink:type="arc" />
    <link:loc xlink:label="loc_StatementLineItems.4952.12.7" xlink:href="http://xbrl.fasb.org/us-gaap/2012/elts/us-gaap-2012-01-31.xsd#us-gaap_StatementLineItems" xlink:type="locator" />
    <link:loc xlink:label="loc_PreferredStockParOrStatedValuePerShare.14166.12.7" xlink:href="http://xbrl.fasb.org/us-gaap/2012/elts/us-gaap-2012-01-31.xsd#us-gaap_PreferredStockParOrStatedValuePerShare" xlink:type="locator" />
    <link:presentationArc xlink:from="loc_StatementLineItems.4952.12.7" xlink:to="loc_PreferredStockParOrStatedValuePerShare.14166.12.7" order="1.00" priority="0" use="optional" xlink:arcrole="http://www.xbrl.org/2003/arcrole/parent-child" xlink:type="arc" preferredLabel="http://www.xbrl.org/2003/role/terseLabel" />
    <link:loc xlink:label="loc_PreferredStockSharesAuthorized.14124.12.7" xlink:href="http://xbrl.fasb.org/us-gaap/2012/elts/us-gaap-2012-01-31.xsd#us-gaap_PreferredStockSharesAuthorized" xlink:type="locator" />
    <link:presentationArc xlink:from="loc_StatementLineItems.4952.12.7" xlink:to="loc_PreferredStockSharesAuthorized.14124.12.7" order="2.00" priority="0" use="optional" xlink:arcrole="http://www.xbrl.org/2003/arcrole/parent-child" xlink:type="arc" preferredLabel="http://www.xbrl.org/2003/role/terseLabel" />
    <link:loc xlink:label="loc_PreferredStockSharesIssued.14157.12.7" xlink:href="http://xbrl.fasb.org/us-gaap/2012/elts/us-gaap-2012-01-31.xsd#us-gaap_PreferredStockSharesIssued" xlink:type="locator" />
    <link:presentationArc xlink:from="loc_StatementLineItems.4952.12.7" xlink:to="loc_PreferredStockSharesIssued.14157.12.7" order="3.00" priority="0" use="optional" xlink:arcrole="http://www.xbrl.org/2003/arcrole/parent-child" xlink:type="arc" preferredLabel="http://www.xbrl.org/2003/role/terseLabel" />
    <link:loc xlink:label="loc_PreferredStockSharesOutstanding.14180.12.7" xlink:href="http://xbrl.fasb.org/us-gaap/2012/elts/us-gaap-2012-01-31.xsd#us-gaap_PreferredStockSharesOutstanding" xlink:type="locator" />
    <link:presentationArc xlink:from="loc_StatementLineItems.4952.12.7" xlink:to="loc_PreferredStockSharesOutstanding.14180.12.7" order="4.00" priority="0" use="optional" xlink:arcrole="http://www.xbrl.org/2003/arcrole/parent-child" xlink:type="arc" preferredLabel="http://www.xbrl.org/2003/role/terseLabel" />
    <link:loc xlink:label="loc_StatementOfFinancialPositionAbstract.4958.12.7" xlink:href="http://xbrl.fasb.org/us-gaap/2012/elts/us-gaap-2012-01-31.xsd#us-gaap_StatementOfFinancialPositionAbstract" xlink:type="locator" />
    <link:loc xlink:label="loc_StockholdersEquityAbstract.4986.12.7" xlink:href="http://xbrl.fasb.org/us-gaap/2012/elts/us-gaap-2012-01-31.xsd#us-gaap_StockholdersEquityAbstract" xlink:type="locator" />
    <link:presentationArc xlink:from="loc_StatementOfFinancialPositionAbstract.4958.12.7" xlink:to="loc_StockholdersEquityAbstract.4986.12.7" order="2.00" priority="0" use="optional" xlink:arcrole="http://www.xbrl.org/2003/arcrole/parent-child" xlink:type="arc" preferredLabel="http://www.xbrl.org/2003/role/terseLabel" />
    <link:loc xlink:label="loc_StatementOfFinancialPositionAbstract.4958.12.6" xlink:href="http://xbrl.fasb.org/us-gaap/2012/elts/us-gaap-2012-01-31.xsd#us-gaap_StatementOfFinancialPositionAbstract" xlink:type="locator" />
    <link:presentationArc xlink:from="loc_StatementOfFinancialPositionAbstract.4958.12.6" xlink:to="loc_StatementTable.4950.12.6" order="1.00" priority="0" use="optional" xlink:arcrole="http://www.xbrl.org/2003/arcrole/parent-child" xlink:type="arc" />
    <link:loc xlink:label="loc_ClassOfStockDomain.974.12.6" xlink:href="http://xbrl.fasb.org/us-gaap/2012/elts/us-gaap-2012-01-31.xsd#us-gaap_ClassOfStockDomain" xlink:type="locator" />
    <link:presentationArc xlink:from="loc_StatementClassOfStockAxis.4962.12.6" xlink:to="loc_ClassOfStockDomain.974.12.6" order="1.00" priority="0" use="optional" xlink:arcrole="http://www.xbrl.org/2003/arcrole/parent-child" xlink:type="arc" />
    <link:loc xlink:label="loc_CommonStockParOrStatedValuePerShare.6878.12.7" xlink:href="http://xbrl.fasb.org/us-gaap/2012/elts/us-gaap-2012-01-31.xsd#us-gaap_CommonStockParOrStatedValuePerShare" xlink:type="locator" />
    <link:presentationArc xlink:from="loc_StockholdersEquityAbstract.4986.12.7" xlink:to="loc_CommonStockParOrStatedValuePerShare.6878.12.7" order="1.00" priority="0" use="optional" xlink:arcrole="http://www.xbrl.org/2003/arcrole/parent-child" xlink:type="arc" preferredLabel="http://www.xbrl.org/2003/role/terseLabel" />
    <link:loc xlink:label="loc_CommonStockSharesAuthorized.6879.12.7" xlink:href="http://xbrl.fasb.org/us-gaap/2012/elts/us-gaap-2012-01-31.xsd#us-gaap_CommonStockSharesAuthorized" xlink:type="locator" />
    <link:presentationArc xlink:from="loc_StockholdersEquityAbstract.4986.12.7" xlink:to="loc_CommonStockSharesAuthorized.6879.12.7" order="2.00" priority="0" use="optional" xlink:arcrole="http://www.xbrl.org/2003/arcrole/parent-child" xlink:type="arc" preferredLabel="http://www.xbrl.org/2003/role/terseLabel" />
    <link:loc xlink:label="loc_CommonStockSharesIssued.6875.12.7" xlink:href="http://xbrl.fasb.org/us-gaap/2012/elts/us-gaap-2012-01-31.xsd#us-gaap_CommonStockSharesIssued" xlink:type="locator" />
    <link:presentationArc xlink:from="loc_StockholdersEquityAbstract.4986.12.7" xlink:to="loc_CommonStockSharesIssued.6875.12.7" order="3.00" priority="0" use="optional" xlink:arcrole="http://www.xbrl.org/2003/arcrole/parent-child" xlink:type="arc" preferredLabel="http://www.xbrl.org/2003/role/terseLabel" />
    <link:loc xlink:label="loc_CommonStockSharesOutstanding.6864.12.7" xlink:href="http://xbrl.fasb.org/us-gaap/2012/elts/us-gaap-2012-01-31.xsd#us-gaap_CommonStockSharesOutstanding" xlink:type="locator" />
    <link:presentationArc xlink:from="loc_StockholdersEquityAbstract.4986.12.7" xlink:to="loc_CommonStockSharesOutstanding.6864.12.7" order="4.00" priority="0" use="optional" xlink:arcrole="http://www.xbrl.org/2003/arcrole/parent-child" xlink:type="arc" preferredLabel="http://www.xbrl.org/2003/role/terseLabel" />
  </link:presentationLink>
  <link:presentationLink xlink:title="004 - Statement - CONSOLIDATED STATEMENTS OF OPERATIONS" xlink:role="http://coroware.com/role/ConsolidatedStatementsOfOperations" xlink:type="extended">
    <link:loc xlink:label="loc_EarningsPerShareAbstract.1670.12.7" xlink:href="http://xbrl.fasb.org/us-gaap/2012/elts/us-gaap-2012-01-31.xsd#us-gaap_EarningsPerShareAbstract" xlink:type="locator" />
    <link:loc xlink:label="loc_EarningsPerShareBasic.8697.12.7" xlink:href="http://xbrl.fasb.org/us-gaap/2012/elts/us-gaap-2012-01-31.xsd#us-gaap_EarningsPerShareBasic" xlink:type="locator" />
    <link:presentationArc xlink:from="loc_EarningsPerShareAbstract.1670.12.7" xlink:to="loc_EarningsPerShareBasic.8697.12.7" order="1.00" priority="0" use="optional" xlink:arcrole="http://www.xbrl.org/2003/arcrole/parent-child" xlink:type="arc" preferredLabel="http://www.xbrl.org/2003/role/terseLabel" />
    <link:loc xlink:label="loc_EarningsPerShareDiluted.8689.12.7" xlink:href="http://xbrl.fasb.org/us-gaap/2012/elts/us-gaap-2012-01-31.xsd#us-gaap_EarningsPerShareDiluted" xlink:type="locator" />
    <link:presentationArc xlink:from="loc_EarningsPerShareAbstract.1670.12.7" xlink:to="loc_EarningsPerShareDiluted.8689.12.7" order="2.00" priority="0" use="optional" xlink:arcrole="http://www.xbrl.org/2003/arcrole/parent-child" xlink:type="arc" preferredLabel="http://www.xbrl.org/2003/role/terseLabel" />
    <link:loc xlink:label="loc_IncomeStatementAbstract.2519.12.7" xlink:href="http://xbrl.fasb.org/us-gaap/2012/elts/us-gaap-2012-01-31.xsd#us-gaap_IncomeStatementAbstract" xlink:type="locator" />
    <link:loc xlink:label="loc_Revenues.15575.12.7" xlink:href="http://xbrl.fasb.org/us-gaap/2012/elts/us-gaap-2012-01-31.xsd#us-gaap_Revenues" xlink:type="locator" />
    <link:presentationArc xlink:from="loc_IncomeStatementAbstract.2519.12.7" xlink:to="loc_Revenues.15575.12.7" order="1.00" priority="0" use="optional" xlink:arcrole="http://www.xbrl.org/2003/arcrole/parent-child" xlink:type="arc" preferredLabel="http://www.xbrl.org/2003/role/terseLabel" />
    <link:loc xlink:label="loc_CostOfRevenue.7176.12.7" xlink:href="http://xbrl.fasb.org/us-gaap/2012/elts/us-gaap-2012-01-31.xsd#us-gaap_CostOfRevenue" xlink:type="locator" />
    <link:presentationArc xlink:from="loc_IncomeStatementAbstract.2519.12.7" xlink:to="loc_CostOfRevenue.7176.12.7" order="2.00" priority="0" use="optional" xlink:arcrole="http://www.xbrl.org/2003/arcrole/parent-child" xlink:type="arc" preferredLabel="http://www.xbrl.org/2003/role/terseLabel" />
    <link:loc xlink:label="loc_IncomeStatementAbstract.2519.12.9" xlink:href="http://xbrl.fasb.org/us-gaap/2012/elts/us-gaap-2012-01-31.xsd#us-gaap_IncomeStatementAbstract" xlink:type="locator" />
    <link:loc xlink:label="loc_GrossProfit.10358.12.9" xlink:href="http://xbrl.fasb.org/us-gaap/2012/elts/us-gaap-2012-01-31.xsd#us-gaap_GrossProfit" xlink:type="locator" />
    <link:presentationArc xlink:from="loc_IncomeStatementAbstract.2519.12.9" xlink:to="loc_GrossProfit.10358.12.9" order="3.00" priority="0" use="optional" xlink:arcrole="http://www.xbrl.org/2003/arcrole/parent-child" xlink:type="arc" preferredLabel="http://www.xbrl.org/2003/role/totalLabel" />
    <link:loc xlink:label="loc_OperatingExpensesAbstract.3531.12.7" xlink:href="http://xbrl.fasb.org/us-gaap/2012/elts/us-gaap-2012-01-31.xsd#us-gaap_OperatingExpensesAbstract" xlink:type="locator" />
    <link:presentationArc xlink:from="loc_IncomeStatementAbstract.2519.12.7" xlink:to="loc_OperatingExpensesAbstract.3531.12.7" order="4.00" priority="0" use="optional" xlink:arcrole="http://www.xbrl.org/2003/arcrole/parent-child" xlink:type="arc" preferredLabel="http://www.xbrl.org/2003/role/terseLabel" />
    <link:loc xlink:label="loc_OperatingIncomeLoss.13080.12.9" xlink:href="http://xbrl.fasb.org/us-gaap/2012/elts/us-gaap-2012-01-31.xsd#us-gaap_OperatingIncomeLoss" xlink:type="locator" />
    <link:presentationArc xlink:from="loc_IncomeStatementAbstract.2519.12.9" xlink:to="loc_OperatingIncomeLoss.13080.12.9" order="5.00" priority="0" use="optional" xlink:arcrole="http://www.xbrl.org/2003/arcrole/parent-child" xlink:type="arc" preferredLabel="http://www.xbrl.org/2003/role/totalLabel" />
    <link:loc xlink:label="loc_NonoperatingIncomeExpenseAbstract.3452.12.7" xlink:href="http://xbrl.fasb.org/us-gaap/2012/elts/us-gaap-2012-01-31.xsd#us-gaap_NonoperatingIncomeExpenseAbstract" xlink:type="locator" />
    <link:presentationArc xlink:from="loc_IncomeStatementAbstract.2519.12.7" xlink:to="loc_NonoperatingIncomeExpenseAbstract.3452.12.7" order="6.00" priority="0" use="optional" xlink:arcrole="http://www.xbrl.org/2003/arcrole/parent-child" xlink:type="arc" preferredLabel="http://www.xbrl.org/2003/role/terseLabel" />
    <link:loc xlink:label="loc_NetIncomeLoss.12771.12.9" xlink:href="http://xbrl.fasb.org/us-gaap/2012/elts/us-gaap-2012-01-31.xsd#us-gaap_NetIncomeLoss" xlink:type="locator" />
    <link:presentationArc xlink:from="loc_IncomeStatementAbstract.2519.12.9" xlink:to="loc_NetIncomeLoss.12771.12.9" order="7.00" priority="0" use="optional" xlink:arcrole="http://www.xbrl.org/2003/arcrole/parent-child" xlink:type="arc" preferredLabel="http://www.xbrl.org/2003/role/totalLabel" />
    <link:presentationArc xlink:from="loc_IncomeStatementAbstract.2519.12.7" xlink:to="loc_EarningsPerShareAbstract.1670.12.7" order="8.00" priority="0" use="optional" xlink:arcrole="http://www.xbrl.org/2003/arcrole/parent-child" xlink:type="arc" preferredLabel="http://www.xbrl.org/2003/role/terseLabel" />
    <link:loc xlink:label="loc_WeightedAverageNumberOfSharesOutstandingAbstract.5357.12.7" xlink:href="http://xbrl.fasb.org/us-gaap/2012/elts/us-gaap-2012-01-31.xsd#us-gaap_WeightedAverageNumberOfSharesOutstandingAbstract" xlink:type="locator" />
    <link:presentationArc xlink:from="loc_IncomeStatementAbstract.2519.12.7" xlink:to="loc_WeightedAverageNumberOfSharesOutstandingAbstract.5357.12.7" order="9.00" priority="0" use="optional" xlink:arcrole="http://www.xbrl.org/2003/arcrole/parent-child" xlink:type="arc" preferredLabel="http://www.xbrl.org/2003/role/terseLabel" />
    <link:loc xlink:label="loc_IncreaseDecreaseInFairValueOfUnhedgedDerivativeInstruments.10905.12.7" xlink:href="http://xbrl.fasb.org/us-gaap/2012/elts/us-gaap-2012-01-31.xsd#us-gaap_IncreaseDecreaseInFairValueOfUnhedgedDerivativeInstruments" xlink:type="locator" />
    <link:presentationArc xlink:from="loc_NonoperatingIncomeExpenseAbstract.3452.12.7" xlink:to="loc_IncreaseDecreaseInFairValueOfUnhedgedDerivativeInstruments.10905.12.7" order="1.00" priority="0" use="optional" xlink:arcrole="http://www.xbrl.org/2003/arcrole/parent-child" xlink:type="arc" preferredLabel="http://www.xbrl.org/2003/role/terseLabel" />
    <link:loc xlink:label="loc_OtherNonoperatingIncome.13432.12.7" xlink:href="http://xbrl.fasb.org/us-gaap/2012/elts/us-gaap-2012-01-31.xsd#us-gaap_OtherNonoperatingIncome" xlink:type="locator" />
    <link:presentationArc xlink:from="loc_NonoperatingIncomeExpenseAbstract.3452.12.7" xlink:to="loc_OtherNonoperatingIncome.13432.12.7" order="3.00" priority="0" use="optional" xlink:arcrole="http://www.xbrl.org/2003/arcrole/parent-child" xlink:type="arc" preferredLabel="http://www.xbrl.org/2003/role/terseLabel" />
    <link:loc xlink:label="loc_GainLossOnSettlementOfLiabilitiesAndMortgageNote.56385.12.7" xlink:href="cowi-20110930.xsd#cowi_GainLossOnSettlementOfLiabilitiesAndMortgageNote" xlink:type="locator" />
    <link:presentationArc xlink:from="loc_NonoperatingIncomeExpenseAbstract.3452.12.7" xlink:to="loc_GainLossOnSettlementOfLiabilitiesAndMortgageNote.56385.12.7" order="4.00" priority="0" use="optional" xlink:arcrole="http://www.xbrl.org/2003/arcrole/parent-child" xlink:type="arc" preferredLabel="http://www.xbrl.org/2003/role/terseLabel" />
    <link:loc xlink:label="loc_NonoperatingIncomeExpenseAbstract.3452.12.9" xlink:href="http://xbrl.fasb.org/us-gaap/2012/elts/us-gaap-2012-01-31.xsd#us-gaap_NonoperatingIncomeExpenseAbstract" xlink:type="locator" />
    <link:loc xlink:label="loc_NonoperatingIncomeExpense.12898.12.9" xlink:href="http://xbrl.fasb.org/us-gaap/2012/elts/us-gaap-2012-01-31.xsd#us-gaap_NonoperatingIncomeExpense" xlink:type="locator" />
    <link:presentationArc xlink:from="loc_NonoperatingIncomeExpenseAbstract.3452.12.9" xlink:to="loc_NonoperatingIncomeExpense.12898.12.9" order="6.00" priority="0" use="optional" xlink:arcrole="http://www.xbrl.org/2003/arcrole/parent-child" xlink:type="arc" preferredLabel="http://www.xbrl.org/2003/role/totalLabel" />
    <link:loc xlink:label="loc_NonoperatingIncomeExpenseAbstract.3452.12.42" xlink:href="http://xbrl.fasb.org/us-gaap/2012/elts/us-gaap-2012-01-31.xsd#us-gaap_NonoperatingIncomeExpenseAbstract" xlink:type="locator" />
    <link:loc xlink:label="loc_InterestExpense.11178.12.42" xlink:href="http://xbrl.fasb.org/us-gaap/2012/elts/us-gaap-2012-01-31.xsd#us-gaap_InterestExpense" xlink:type="locator" />
    <link:presentationArc xlink:from="loc_NonoperatingIncomeExpenseAbstract.3452.12.42" xlink:to="loc_InterestExpense.11178.12.42" order="2.50" priority="0" use="optional" xlink:arcrole="http://www.xbrl.org/2003/arcrole/parent-child" xlink:type="arc" preferredLabel="http://www.xbrl.org/2009/role/negatedLabel" />
    <link:loc xlink:label="loc_GainOnConvertibleDebtRedemptions.56679.12.7" xlink:href="cowi-20110930.xsd#cowi_GainOnConvertibleDebtRedemptions" xlink:type="locator" />
    <link:presentationArc xlink:from="loc_NonoperatingIncomeExpenseAbstract.3452.12.7" xlink:to="loc_GainOnConvertibleDebtRedemptions.56679.12.7" order="5.00" priority="0" use="optional" xlink:arcrole="http://www.xbrl.org/2003/arcrole/parent-child" xlink:type="arc" preferredLabel="http://www.xbrl.org/2003/role/terseLabel" />
    <link:loc xlink:label="loc_GeneralAndAdministrativeExpense.10284.12.7" xlink:href="http://xbrl.fasb.org/us-gaap/2012/elts/us-gaap-2012-01-31.xsd#us-gaap_GeneralAndAdministrativeExpense" xlink:type="locator" />
    <link:presentationArc xlink:from="loc_OperatingExpensesAbstract.3531.12.7" xlink:to="loc_GeneralAndAdministrativeExpense.10284.12.7" order="1.00" priority="0" use="optional" xlink:arcrole="http://www.xbrl.org/2003/arcrole/parent-child" xlink:type="arc" preferredLabel="http://www.xbrl.org/2003/role/terseLabel" />
    <link:loc xlink:label="loc_SellingAndMarketingExpense.16136.12.7" xlink:href="http://xbrl.fasb.org/us-gaap/2012/elts/us-gaap-2012-01-31.xsd#us-gaap_SellingAndMarketingExpense" xlink:type="locator" />
    <link:presentationArc xlink:from="loc_OperatingExpensesAbstract.3531.12.7" xlink:to="loc_SellingAndMarketingExpense.16136.12.7" order="2.00" priority="0" use="optional" xlink:arcrole="http://www.xbrl.org/2003/arcrole/parent-child" xlink:type="arc" preferredLabel="http://www.xbrl.org/2003/role/terseLabel" />
    <link:loc xlink:label="loc_ResearchAndDevelopmentExpense.15293.12.7" xlink:href="http://xbrl.fasb.org/us-gaap/2012/elts/us-gaap-2012-01-31.xsd#us-gaap_ResearchAndDevelopmentExpense" xlink:type="locator" />
    <link:presentationArc xlink:from="loc_OperatingExpensesAbstract.3531.12.7" xlink:to="loc_ResearchAndDevelopmentExpense.15293.12.7" order="3.00" priority="0" use="optional" xlink:arcrole="http://www.xbrl.org/2003/arcrole/parent-child" xlink:type="arc" preferredLabel="http://www.xbrl.org/2003/role/terseLabel" />
    <link:loc xlink:label="loc_DepreciationAndAmortization.8044.12.7" xlink:href="http://xbrl.fasb.org/us-gaap/2012/elts/us-gaap-2012-01-31.xsd#us-gaap_DepreciationAndAmortization" xlink:type="locator" />
    <link:presentationArc xlink:from="loc_OperatingExpensesAbstract.3531.12.7" xlink:to="loc_DepreciationAndAmortization.8044.12.7" order="4.00" priority="0" use="optional" xlink:arcrole="http://www.xbrl.org/2003/arcrole/parent-child" xlink:type="arc" preferredLabel="http://www.xbrl.org/2003/role/terseLabel" />
    <link:loc xlink:label="loc_OperatingExpensesAbstract.3531.12.9" xlink:href="http://xbrl.fasb.org/us-gaap/2012/elts/us-gaap-2012-01-31.xsd#us-gaap_OperatingExpensesAbstract" xlink:type="locator" />
    <link:loc xlink:label="loc_OperatingExpenses.13060.12.9" xlink:href="http://xbrl.fasb.org/us-gaap/2012/elts/us-gaap-2012-01-31.xsd#us-gaap_OperatingExpenses" xlink:type="locator" />
    <link:presentationArc xlink:from="loc_OperatingExpensesAbstract.3531.12.9" xlink:to="loc_OperatingExpenses.13060.12.9" order="5.00" priority="0" use="optional" xlink:arcrole="http://www.xbrl.org/2003/arcrole/parent-child" xlink:type="arc" preferredLabel="http://www.xbrl.org/2003/role/totalLabel" />
    <link:loc xlink:label="loc_WeightedAverageNumberOfSharesOutstandingBasic.17377.12.7" xlink:href="http://xbrl.fasb.org/us-gaap/2012/elts/us-gaap-2012-01-31.xsd#us-gaap_WeightedAverageNumberOfSharesOutstandingBasic" xlink:type="locator" />
    <link:presentationArc xlink:from="loc_WeightedAverageNumberOfSharesOutstandingAbstract.5357.12.7" xlink:to="loc_WeightedAverageNumberOfSharesOutstandingBasic.17377.12.7" order="1.00" priority="0" use="optional" xlink:arcrole="http://www.xbrl.org/2003/arcrole/parent-child" xlink:type="arc" preferredLabel="http://www.xbrl.org/2003/role/terseLabel" />
    <link:loc xlink:label="loc_WeightedAverageNumberOfDilutedSharesOutstanding.17383.12.7" xlink:href="http://xbrl.fasb.org/us-gaap/2012/elts/us-gaap-2012-01-31.xsd#us-gaap_WeightedAverageNumberOfDilutedSharesOutstanding" xlink:type="locator" />
    <link:presentationArc xlink:from="loc_WeightedAverageNumberOfSharesOutstandingAbstract.5357.12.7" xlink:to="loc_WeightedAverageNumberOfDilutedSharesOutstanding.17383.12.7" order="2.00" priority="0" use="optional" xlink:arcrole="http://www.xbrl.org/2003/arcrole/parent-child" xlink:type="arc" preferredLabel="http://www.xbrl.org/2003/role/terseLabel" />
  </link:presentationLink>
  <link:presentationLink xlink:title="005 - Statement - CONSOLIDATED STATEMENTS OF CASH FLOWS" xlink:role="http://coroware.com/role/ConsolidatedStatementsOfCashFlows" xlink:type="extended">
    <link:loc xlink:label="loc_AdjustmentsToReconcileNetIncomeLossToCashProvidedByUsedInOperatingActivitiesAbstract.480.12.7" xlink:href="http://xbrl.fasb.org/us-gaap/2012/elts/us-gaap-2012-01-31.xsd#us-gaap_AdjustmentsToReconcileNetIncomeLossToCashProvidedByUsedInOperatingActivitiesAbstract" xlink:type="locator" />
    <link:loc xlink:label="loc_DepreciationAndAmortization.8044.12.7" xlink:href="http://xbrl.fasb.org/us-gaap/2012/elts/us-gaap-2012-01-31.xsd#us-gaap_DepreciationAndAmortization" xlink:type="locator" />
    <link:presentationArc xlink:from="loc_AdjustmentsToReconcileNetIncomeLossToCashProvidedByUsedInOperatingActivitiesAbstract.480.12.7" xlink:to="loc_DepreciationAndAmortization.8044.12.7" order="1.00" priority="0" use="optional" xlink:arcrole="http://www.xbrl.org/2003/arcrole/parent-child" xlink:type="arc" preferredLabel="http://www.xbrl.org/2003/role/terseLabel" />
    <link:loc xlink:label="loc_StockOptionPlanExpense.16645.12.7" xlink:href="http://xbrl.fasb.org/us-gaap/2012/elts/us-gaap-2012-01-31.xsd#us-gaap_StockOptionPlanExpense" xlink:type="locator" />
    <link:presentationArc xlink:from="loc_AdjustmentsToReconcileNetIncomeLossToCashProvidedByUsedInOperatingActivitiesAbstract.480.12.7" xlink:to="loc_StockOptionPlanExpense.16645.12.7" order="2.00" priority="0" use="optional" xlink:arcrole="http://www.xbrl.org/2003/arcrole/parent-child" xlink:type="arc" preferredLabel="http://www.xbrl.org/2003/role/terseLabel" />
    <link:loc xlink:label="loc_AmortizationOfDebtDiscountPremium.5791.12.7" xlink:href="http://xbrl.fasb.org/us-gaap/2012/elts/us-gaap-2012-01-31.xsd#us-gaap_AmortizationOfDebtDiscountPremium" xlink:type="locator" />
    <link:presentationArc xlink:from="loc_AdjustmentsToReconcileNetIncomeLossToCashProvidedByUsedInOperatingActivitiesAbstract.480.12.7" xlink:to="loc_AmortizationOfDebtDiscountPremium.5791.12.7" order="3.00" priority="0" use="optional" xlink:arcrole="http://www.xbrl.org/2003/arcrole/parent-child" xlink:type="arc" preferredLabel="http://www.xbrl.org/2003/role/terseLabel" />
    <link:loc xlink:label="loc_AmortizationOfFinancingCosts.5771.12.7" xlink:href="http://xbrl.fasb.org/us-gaap/2012/elts/us-gaap-2012-01-31.xsd#us-gaap_AmortizationOfFinancingCosts" xlink:type="locator" />
    <link:presentationArc xlink:from="loc_AdjustmentsToReconcileNetIncomeLossToCashProvidedByUsedInOperatingActivitiesAbstract.480.12.7" xlink:to="loc_AmortizationOfFinancingCosts.5771.12.7" order="4.00" priority="0" use="optional" xlink:arcrole="http://www.xbrl.org/2003/arcrole/parent-child" xlink:type="arc" preferredLabel="http://www.xbrl.org/2003/role/terseLabel" />
    <link:loc xlink:label="loc_AdjustmentsToReconcileNetIncomeLossToCashProvidedByUsedInOperatingActivitiesAbstract.480.12.42" xlink:href="http://xbrl.fasb.org/us-gaap/2012/elts/us-gaap-2012-01-31.xsd#us-gaap_AdjustmentsToReconcileNetIncomeLossToCashProvidedByUsedInOperatingActivitiesAbstract" xlink:type="locator" />
    <link:loc xlink:label="loc_IncreaseDecreaseInFairValueOfUnhedgedDerivativeInstruments.10905.12.42" xlink:href="http://xbrl.fasb.org/us-gaap/2012/elts/us-gaap-2012-01-31.xsd#us-gaap_IncreaseDecreaseInFairValueOfUnhedgedDerivativeInstruments" xlink:type="locator" />
    <link:presentationArc xlink:from="loc_AdjustmentsToReconcileNetIncomeLossToCashProvidedByUsedInOperatingActivitiesAbstract.480.12.42" xlink:to="loc_IncreaseDecreaseInFairValueOfUnhedgedDerivativeInstruments.10905.12.42" order="5.00" priority="0" use="optional" xlink:arcrole="http://www.xbrl.org/2003/arcrole/parent-child" xlink:type="arc" preferredLabel="http://www.xbrl.org/2009/role/negatedLabel" />
    <link:loc xlink:label="loc_IssuanceOfStockAndWarrantsForServicesOrClaims.11556.12.7" xlink:href="http://xbrl.fasb.org/us-gaap/2012/elts/us-gaap-2012-01-31.xsd#us-gaap_IssuanceOfStockAndWarrantsForServicesOrClaims" xlink:type="locator" />
    <link:presentationArc xlink:from="loc_AdjustmentsToReconcileNetIncomeLossToCashProvidedByUsedInOperatingActivitiesAbstract.480.12.7" xlink:to="loc_IssuanceOfStockAndWarrantsForServicesOrClaims.11556.12.7" order="7.00" priority="0" use="optional" xlink:arcrole="http://www.xbrl.org/2003/arcrole/parent-child" xlink:type="arc" preferredLabel="http://www.xbrl.org/2003/role/terseLabel" />
    <link:loc xlink:label="loc_AdjustmentsToReconcileNetIncomeLossToCashProvidedByUsedInOperatingActivitiesAbstract.480.12.47" xlink:href="http://xbrl.fasb.org/us-gaap/2012/elts/us-gaap-2012-01-31.xsd#us-gaap_AdjustmentsToReconcileNetIncomeLossToCashProvidedByUsedInOperatingActivitiesAbstract" xlink:type="locator" />
    <link:loc xlink:label="loc_GainLossOnSettlementOfLiabilitiesWithStock.56386.12.47" xlink:href="cowi-20110930.xsd#cowi_GainLossOnSettlementOfLiabilitiesWithStock" xlink:type="locator" />
    <link:presentationArc xlink:from="loc_AdjustmentsToReconcileNetIncomeLossToCashProvidedByUsedInOperatingActivitiesAbstract.480.12.47" xlink:to="loc_GainLossOnSettlementOfLiabilitiesWithStock.56386.12.47" order="8.00" priority="0" use="optional" xlink:arcrole="http://www.xbrl.org/2003/arcrole/parent-child" xlink:type="arc" preferredLabel="http://www.xbrl.org/2009/role/negatedTerseLabel" />
    <link:loc xlink:label="loc_GainsLossesOnRestructuringOfDebt.10249.12.42" xlink:href="http://xbrl.fasb.org/us-gaap/2012/elts/us-gaap-2012-01-31.xsd#us-gaap_GainsLossesOnRestructuringOfDebt" xlink:type="locator" />
    <link:presentationArc xlink:from="loc_AdjustmentsToReconcileNetIncomeLossToCashProvidedByUsedInOperatingActivitiesAbstract.480.12.42" xlink:to="loc_GainsLossesOnRestructuringOfDebt.10249.12.42" order="10.00" priority="0" use="optional" xlink:arcrole="http://www.xbrl.org/2003/arcrole/parent-child" xlink:type="arc" preferredLabel="http://www.xbrl.org/2009/role/negatedLabel" />
    <link:loc xlink:label="loc_IncreaseDecreaseInOperatingCapitalAbstract.2616.12.7" xlink:href="http://xbrl.fasb.org/us-gaap/2012/elts/us-gaap-2012-01-31.xsd#us-gaap_IncreaseDecreaseInOperatingCapitalAbstract" xlink:type="locator" />
    <link:presentationArc xlink:from="loc_AdjustmentsToReconcileNetIncomeLossToCashProvidedByUsedInOperatingActivitiesAbstract.480.12.7" xlink:to="loc_IncreaseDecreaseInOperatingCapitalAbstract.2616.12.7" order="12.00" priority="0" use="optional" xlink:arcrole="http://www.xbrl.org/2003/arcrole/parent-child" xlink:type="arc" preferredLabel="http://www.xbrl.org/2003/role/terseLabel" />
    <link:loc xlink:label="loc_GainOnConvertibleDebtRedemptionsNetOfCashImpact.58639.12.47" xlink:href="cowi-20110930.xsd#cowi_GainOnConvertibleDebtRedemptionsNetOfCashImpact" xlink:type="locator" />
    <link:presentationArc xlink:from="loc_AdjustmentsToReconcileNetIncomeLossToCashProvidedByUsedInOperatingActivitiesAbstract.480.12.47" xlink:to="loc_GainOnConvertibleDebtRedemptionsNetOfCashImpact.58639.12.47" order="6.50" priority="0" use="optional" xlink:arcrole="http://www.xbrl.org/2003/arcrole/parent-child" xlink:type="arc" preferredLabel="http://www.xbrl.org/2009/role/negatedTerseLabel" />
    <link:loc xlink:label="loc_IncreaseDecreaseInOperatingCapitalAbstract.2616.12.42" xlink:href="http://xbrl.fasb.org/us-gaap/2012/elts/us-gaap-2012-01-31.xsd#us-gaap_IncreaseDecreaseInOperatingCapitalAbstract" xlink:type="locator" />
    <link:loc xlink:label="loc_IncreaseDecreaseInAccountsReceivable.10853.12.42" xlink:href="http://xbrl.fasb.org/us-gaap/2012/elts/us-gaap-2012-01-31.xsd#us-gaap_IncreaseDecreaseInAccountsReceivable" xlink:type="locator" />
    <link:presentationArc xlink:from="loc_IncreaseDecreaseInOperatingCapitalAbstract.2616.12.42" xlink:to="loc_IncreaseDecreaseInAccountsReceivable.10853.12.42" order="1.00" priority="0" use="optional" xlink:arcrole="http://www.xbrl.org/2003/arcrole/parent-child" xlink:type="arc" preferredLabel="http://www.xbrl.org/2009/role/negatedLabel" />
    <link:loc xlink:label="loc_IncreaseDecreaseInOtherCurrentAssets.10834.12.42" xlink:href="http://xbrl.fasb.org/us-gaap/2012/elts/us-gaap-2012-01-31.xsd#us-gaap_IncreaseDecreaseInOtherCurrentAssets" xlink:type="locator" />
    <link:presentationArc xlink:from="loc_IncreaseDecreaseInOperatingCapitalAbstract.2616.12.42" xlink:to="loc_IncreaseDecreaseInOtherCurrentAssets.10834.12.42" order="2.00" priority="0" use="optional" xlink:arcrole="http://www.xbrl.org/2003/arcrole/parent-child" xlink:type="arc" preferredLabel="http://www.xbrl.org/2009/role/negatedLabel" />
    <link:loc xlink:label="loc_IncreaseDecreaseInAccountsPayableAndAccruedLiabilities.10871.12.7" xlink:href="http://xbrl.fasb.org/us-gaap/2012/elts/us-gaap-2012-01-31.xsd#us-gaap_IncreaseDecreaseInAccountsPayableAndAccruedLiabilities" xlink:type="locator" />
    <link:presentationArc xlink:from="loc_IncreaseDecreaseInOperatingCapitalAbstract.2616.12.7" xlink:to="loc_IncreaseDecreaseInAccountsPayableAndAccruedLiabilities.10871.12.7" order="3.00" priority="0" use="optional" xlink:arcrole="http://www.xbrl.org/2003/arcrole/parent-child" xlink:type="arc" preferredLabel="http://www.xbrl.org/2003/role/terseLabel" />
    <link:loc xlink:label="loc_IncreaseDecreaseInDueToRelatedPartiesCurrent.10823.12.7" xlink:href="http://xbrl.fasb.org/us-gaap/2012/elts/us-gaap-2012-01-31.xsd#us-gaap_IncreaseDecreaseInDueToRelatedPartiesCurrent" xlink:type="locator" />
    <link:presentationArc xlink:from="loc_IncreaseDecreaseInOperatingCapitalAbstract.2616.12.7" xlink:to="loc_IncreaseDecreaseInDueToRelatedPartiesCurrent.10823.12.7" order="4.00" priority="0" use="optional" xlink:arcrole="http://www.xbrl.org/2003/arcrole/parent-child" xlink:type="arc" preferredLabel="http://www.xbrl.org/2003/role/terseLabel" />
    <link:loc xlink:label="loc_NetCashProvidedByUsedInFinancingActivitiesAbstract.3365.12.7" xlink:href="http://xbrl.fasb.org/us-gaap/2012/elts/us-gaap-2012-01-31.xsd#us-gaap_NetCashProvidedByUsedInFinancingActivitiesAbstract" xlink:type="locator" />
    <link:loc xlink:label="loc_ProceedsFromIssuanceOfSecuredDebt.14426.12.7" xlink:href="http://xbrl.fasb.org/us-gaap/2012/elts/us-gaap-2012-01-31.xsd#us-gaap_ProceedsFromIssuanceOfSecuredDebt" xlink:type="locator" />
    <link:presentationArc xlink:from="loc_NetCashProvidedByUsedInFinancingActivitiesAbstract.3365.12.7" xlink:to="loc_ProceedsFromIssuanceOfSecuredDebt.14426.12.7" order="1.00" priority="0" use="optional" xlink:arcrole="http://www.xbrl.org/2003/arcrole/parent-child" xlink:type="arc" preferredLabel="http://www.xbrl.org/2003/role/terseLabel" />
    <link:loc xlink:label="loc_ProceedsFromLinesOfCredit.14455.12.7" xlink:href="http://xbrl.fasb.org/us-gaap/2012/elts/us-gaap-2012-01-31.xsd#us-gaap_ProceedsFromLinesOfCredit" xlink:type="locator" />
    <link:presentationArc xlink:from="loc_NetCashProvidedByUsedInFinancingActivitiesAbstract.3365.12.7" xlink:to="loc_ProceedsFromLinesOfCredit.14455.12.7" order="2.00" priority="0" use="optional" xlink:arcrole="http://www.xbrl.org/2003/arcrole/parent-child" xlink:type="arc" preferredLabel="http://www.xbrl.org/2003/role/terseLabel" />
    <link:loc xlink:label="loc_NetCashProvidedByUsedInFinancingActivitiesAbstract.3365.12.42" xlink:href="http://xbrl.fasb.org/us-gaap/2012/elts/us-gaap-2012-01-31.xsd#us-gaap_NetCashProvidedByUsedInFinancingActivitiesAbstract" xlink:type="locator" />
    <link:loc xlink:label="loc_RepaymentsOfNotesPayable.15259.12.42" xlink:href="http://xbrl.fasb.org/us-gaap/2012/elts/us-gaap-2012-01-31.xsd#us-gaap_RepaymentsOfNotesPayable" xlink:type="locator" />
    <link:presentationArc xlink:from="loc_NetCashProvidedByUsedInFinancingActivitiesAbstract.3365.12.42" xlink:to="loc_RepaymentsOfNotesPayable.15259.12.42" order="3.00" priority="0" use="optional" xlink:arcrole="http://www.xbrl.org/2003/arcrole/parent-child" xlink:type="arc" preferredLabel="http://www.xbrl.org/2009/role/negatedLabel" />
    <link:loc xlink:label="loc_RepaymentsOfRelatedPartyDebt.15235.12.42" xlink:href="http://xbrl.fasb.org/us-gaap/2012/elts/us-gaap-2012-01-31.xsd#us-gaap_RepaymentsOfRelatedPartyDebt" xlink:type="locator" />
    <link:presentationArc xlink:from="loc_NetCashProvidedByUsedInFinancingActivitiesAbstract.3365.12.42" xlink:to="loc_RepaymentsOfRelatedPartyDebt.15235.12.42" order="4.00" priority="0" use="optional" xlink:arcrole="http://www.xbrl.org/2003/arcrole/parent-child" xlink:type="arc" preferredLabel="http://www.xbrl.org/2009/role/negatedLabel" />
    <link:loc xlink:label="loc_RepaymentsOfLongTermDebt.15242.12.42" xlink:href="http://xbrl.fasb.org/us-gaap/2012/elts/us-gaap-2012-01-31.xsd#us-gaap_RepaymentsOfLongTermDebt" xlink:type="locator" />
    <link:presentationArc xlink:from="loc_NetCashProvidedByUsedInFinancingActivitiesAbstract.3365.12.42" xlink:to="loc_RepaymentsOfLongTermDebt.15242.12.42" order="5.00" priority="0" use="optional" xlink:arcrole="http://www.xbrl.org/2003/arcrole/parent-child" xlink:type="arc" preferredLabel="http://www.xbrl.org/2009/role/negatedLabel" />
    <link:loc xlink:label="loc_ProceedsFromConvertibleDebt.14328.12.7" xlink:href="http://xbrl.fasb.org/us-gaap/2012/elts/us-gaap-2012-01-31.xsd#us-gaap_ProceedsFromConvertibleDebt" xlink:type="locator" />
    <link:presentationArc xlink:from="loc_NetCashProvidedByUsedInFinancingActivitiesAbstract.3365.12.7" xlink:to="loc_ProceedsFromConvertibleDebt.14328.12.7" order="6.00" priority="0" use="optional" xlink:arcrole="http://www.xbrl.org/2003/arcrole/parent-child" xlink:type="arc" preferredLabel="http://www.xbrl.org/2003/role/terseLabel" />
    <link:loc xlink:label="loc_ProceedsFromNotesPayable.14430.12.7" xlink:href="http://xbrl.fasb.org/us-gaap/2012/elts/us-gaap-2012-01-31.xsd#us-gaap_ProceedsFromNotesPayable" xlink:type="locator" />
    <link:presentationArc xlink:from="loc_NetCashProvidedByUsedInFinancingActivitiesAbstract.3365.12.7" xlink:to="loc_ProceedsFromNotesPayable.14430.12.7" order="7.00" priority="0" use="optional" xlink:arcrole="http://www.xbrl.org/2003/arcrole/parent-child" xlink:type="arc" preferredLabel="http://www.xbrl.org/2003/role/terseLabel" />
    <link:loc xlink:label="loc_ProceedsFromRelatedPartyDebt.14443.12.7" xlink:href="http://xbrl.fasb.org/us-gaap/2012/elts/us-gaap-2012-01-31.xsd#us-gaap_ProceedsFromRelatedPartyDebt" xlink:type="locator" />
    <link:presentationArc xlink:from="loc_NetCashProvidedByUsedInFinancingActivitiesAbstract.3365.12.7" xlink:to="loc_ProceedsFromRelatedPartyDebt.14443.12.7" order="8.00" priority="0" use="optional" xlink:arcrole="http://www.xbrl.org/2003/arcrole/parent-child" xlink:type="arc" preferredLabel="http://www.xbrl.org/2003/role/terseLabel" />
    <link:loc xlink:label="loc_NetCashProvidedByUsedInFinancingActivitiesAbstract.3365.12.9" xlink:href="http://xbrl.fasb.org/us-gaap/2012/elts/us-gaap-2012-01-31.xsd#us-gaap_NetCashProvidedByUsedInFinancingActivitiesAbstract" xlink:type="locator" />
    <link:loc xlink:label="loc_NetCashProvidedByUsedInFinancingActivities.12740.12.9" xlink:href="http://xbrl.fasb.org/us-gaap/2012/elts/us-gaap-2012-01-31.xsd#us-gaap_NetCashProvidedByUsedInFinancingActivities" xlink:type="locator" />
    <link:presentationArc xlink:from="loc_NetCashProvidedByUsedInFinancingActivitiesAbstract.3365.12.9" xlink:to="loc_NetCashProvidedByUsedInFinancingActivities.12740.12.9" order="9.00" priority="0" use="optional" xlink:arcrole="http://www.xbrl.org/2003/arcrole/parent-child" xlink:type="arc" preferredLabel="http://www.xbrl.org/2003/role/totalLabel" />
    <link:loc xlink:label="loc_NetCashProvidedByUsedInInvestingActivitiesAbstract.3385.12.42" xlink:href="http://xbrl.fasb.org/us-gaap/2012/elts/us-gaap-2012-01-31.xsd#us-gaap_NetCashProvidedByUsedInInvestingActivitiesAbstract" xlink:type="locator" />
    <link:loc xlink:label="loc_PaymentsToAcquirePropertyPlantAndEquipment.13779.12.42" xlink:href="http://xbrl.fasb.org/us-gaap/2012/elts/us-gaap-2012-01-31.xsd#us-gaap_PaymentsToAcquirePropertyPlantAndEquipment" xlink:type="locator" />
    <link:presentationArc xlink:from="loc_NetCashProvidedByUsedInInvestingActivitiesAbstract.3385.12.42" xlink:to="loc_PaymentsToAcquirePropertyPlantAndEquipment.13779.12.42" order="1.00" priority="0" use="optional" xlink:arcrole="http://www.xbrl.org/2003/arcrole/parent-child" xlink:type="arc" preferredLabel="http://www.xbrl.org/2009/role/negatedLabel" />
    <link:loc xlink:label="loc_NetCashProvidedByUsedInInvestingActivitiesAbstract.3385.12.9" xlink:href="http://xbrl.fasb.org/us-gaap/2012/elts/us-gaap-2012-01-31.xsd#us-gaap_NetCashProvidedByUsedInInvestingActivitiesAbstract" xlink:type="locator" />
    <link:loc xlink:label="loc_NetCashProvidedByUsedInInvestingActivities.12731.12.9" xlink:href="http://xbrl.fasb.org/us-gaap/2012/elts/us-gaap-2012-01-31.xsd#us-gaap_NetCashProvidedByUsedInInvestingActivities" xlink:type="locator" />
    <link:presentationArc xlink:from="loc_NetCashProvidedByUsedInInvestingActivitiesAbstract.3385.12.9" xlink:to="loc_NetCashProvidedByUsedInInvestingActivities.12731.12.9" order="2.00" priority="0" use="optional" xlink:arcrole="http://www.xbrl.org/2003/arcrole/parent-child" xlink:type="arc" preferredLabel="http://www.xbrl.org/2003/role/totalLabel" />
    <link:loc xlink:label="loc_NetCashProvidedByUsedInOperatingActivitiesAbstract.3386.12.7" xlink:href="http://xbrl.fasb.org/us-gaap/2012/elts/us-gaap-2012-01-31.xsd#us-gaap_NetCashProvidedByUsedInOperatingActivitiesAbstract" xlink:type="locator" />
    <link:loc xlink:label="loc_NetIncomeLoss.12771.12.7" xlink:href="http://xbrl.fasb.org/us-gaap/2012/elts/us-gaap-2012-01-31.xsd#us-gaap_NetIncomeLoss" xlink:type="locator" />
    <link:presentationArc xlink:from="loc_NetCashProvidedByUsedInOperatingActivitiesAbstract.3386.12.7" xlink:to="loc_NetIncomeLoss.12771.12.7" order="1.00" priority="0" use="optional" xlink:arcrole="http://www.xbrl.org/2003/arcrole/parent-child" xlink:type="arc" preferredLabel="http://www.xbrl.org/2003/role/terseLabel" />
    <link:presentationArc xlink:from="loc_NetCashProvidedByUsedInOperatingActivitiesAbstract.3386.12.7" xlink:to="loc_AdjustmentsToReconcileNetIncomeLossToCashProvidedByUsedInOperatingActivitiesAbstract.480.12.7" order="2.00" priority="0" use="optional" xlink:arcrole="http://www.xbrl.org/2003/arcrole/parent-child" xlink:type="arc" preferredLabel="http://www.xbrl.org/2003/role/terseLabel" />
    <link:loc xlink:label="loc_NetCashProvidedByUsedInOperatingActivitiesAbstract.3386.12.9" xlink:href="http://xbrl.fasb.org/us-gaap/2012/elts/us-gaap-2012-01-31.xsd#us-gaap_NetCashProvidedByUsedInOperatingActivitiesAbstract" xlink:type="locator" />
    <link:loc xlink:label="loc_NetCashProvidedByUsedInOperatingActivities.12778.12.9" xlink:href="http://xbrl.fasb.org/us-gaap/2012/elts/us-gaap-2012-01-31.xsd#us-gaap_NetCashProvidedByUsedInOperatingActivities" xlink:type="locator" />
    <link:presentationArc xlink:from="loc_NetCashProvidedByUsedInOperatingActivitiesAbstract.3386.12.9" xlink:to="loc_NetCashProvidedByUsedInOperatingActivities.12778.12.9" order="3.00" priority="0" use="optional" xlink:arcrole="http://www.xbrl.org/2003/arcrole/parent-child" xlink:type="arc" preferredLabel="http://www.xbrl.org/2003/role/totalLabel" />
    <link:loc xlink:label="loc_NoncashInvestingAndFinancingItemsAbstract.3418.12.7" xlink:href="http://xbrl.fasb.org/us-gaap/2012/elts/us-gaap-2012-01-31.xsd#us-gaap_NoncashInvestingAndFinancingItemsAbstract" xlink:type="locator" />
    <link:loc xlink:label="loc_CommonStockIssuedInSatisfactionOfAccruedLiabilities.56387.12.7" xlink:href="cowi-20110930.xsd#cowi_CommonStockIssuedInSatisfactionOfAccruedLiabilities" xlink:type="locator" />
    <link:presentationArc xlink:from="loc_NoncashInvestingAndFinancingItemsAbstract.3418.12.7" xlink:to="loc_CommonStockIssuedInSatisfactionOfAccruedLiabilities.56387.12.7" order="2.00" priority="0" use="optional" xlink:arcrole="http://www.xbrl.org/2003/arcrole/parent-child" xlink:type="arc" preferredLabel="http://www.xbrl.org/2003/role/terseLabel" />
    <link:loc xlink:label="loc_DebtConversionConvertedInstrumentAmount1.7357.12.7" xlink:href="http://xbrl.fasb.org/us-gaap/2012/elts/us-gaap-2012-01-31.xsd#us-gaap_DebtConversionConvertedInstrumentAmount1" xlink:type="locator" />
    <link:presentationArc xlink:from="loc_NoncashInvestingAndFinancingItemsAbstract.3418.12.7" xlink:to="loc_DebtConversionConvertedInstrumentAmount1.7357.12.7" order="1.00" priority="0" use="optional" xlink:arcrole="http://www.xbrl.org/2003/arcrole/parent-child" xlink:type="arc" preferredLabel="http://www.xbrl.org/2003/role/terseLabel" />
    <link:loc xlink:label="loc_CommonStockIssuedForJointVentureContribution.57707.12.7" xlink:href="cowi-20110930.xsd#cowi_CommonStockIssuedForJointVentureContribution" xlink:type="locator" />
    <link:presentationArc xlink:from="loc_NoncashInvestingAndFinancingItemsAbstract.3418.12.7" xlink:to="loc_CommonStockIssuedForJointVentureContribution.57707.12.7" order="3.00" priority="0" use="optional" xlink:arcrole="http://www.xbrl.org/2003/arcrole/parent-child" xlink:type="arc" preferredLabel="http://www.xbrl.org/2003/role/terseLabel" />
    <link:loc xlink:label="loc_CommonStockIssuedInSatisfactionOfNotePayable.57708.12.7" xlink:href="cowi-20110930.xsd#cowi_CommonStockIssuedInSatisfactionOfNotePayable" xlink:type="locator" />
    <link:presentationArc xlink:from="loc_NoncashInvestingAndFinancingItemsAbstract.3418.12.7" xlink:to="loc_CommonStockIssuedInSatisfactionOfNotePayable.57708.12.7" order="4.00" priority="0" use="optional" xlink:arcrole="http://www.xbrl.org/2003/arcrole/parent-child" xlink:type="arc" preferredLabel="http://www.xbrl.org/2003/role/terseLabel" />
    <link:loc xlink:label="loc_StatementOfCashFlowsAbstract.4955.12.7" xlink:href="http://xbrl.fasb.org/us-gaap/2012/elts/us-gaap-2012-01-31.xsd#us-gaap_StatementOfCashFlowsAbstract" xlink:type="locator" />
    <link:presentationArc xlink:from="loc_StatementOfCashFlowsAbstract.4955.12.7" xlink:to="loc_NetCashProvidedByUsedInOperatingActivitiesAbstract.3386.12.7" order="1.00" priority="0" use="optional" xlink:arcrole="http://www.xbrl.org/2003/arcrole/parent-child" xlink:type="arc" preferredLabel="http://www.xbrl.org/2003/role/terseLabel" />
    <link:loc xlink:label="loc_NetCashProvidedByUsedInInvestingActivitiesAbstract.3385.12.7" xlink:href="http://xbrl.fasb.org/us-gaap/2012/elts/us-gaap-2012-01-31.xsd#us-gaap_NetCashProvidedByUsedInInvestingActivitiesAbstract" xlink:type="locator" />
    <link:presentationArc xlink:from="loc_StatementOfCashFlowsAbstract.4955.12.7" xlink:to="loc_NetCashProvidedByUsedInInvestingActivitiesAbstract.3385.12.7" order="2.00" priority="0" use="optional" xlink:arcrole="http://www.xbrl.org/2003/arcrole/parent-child" xlink:type="arc" preferredLabel="http://www.xbrl.org/2003/role/terseLabel" />
    <link:presentationArc xlink:from="loc_StatementOfCashFlowsAbstract.4955.12.7" xlink:to="loc_NetCashProvidedByUsedInFinancingActivitiesAbstract.3365.12.7" order="3.00" priority="0" use="optional" xlink:arcrole="http://www.xbrl.org/2003/arcrole/parent-child" xlink:type="arc" preferredLabel="http://www.xbrl.org/2003/role/terseLabel" />
    <link:loc xlink:label="loc_StatementOfCashFlowsAbstract.4955.12.10" xlink:href="http://xbrl.fasb.org/us-gaap/2012/elts/us-gaap-2012-01-31.xsd#us-gaap_StatementOfCashFlowsAbstract" xlink:type="locator" />
    <link:loc xlink:label="loc_Cash.6547.12.10" xlink:href="http://xbrl.fasb.org/us-gaap/2012/elts/us-gaap-2012-01-31.xsd#us-gaap_Cash" xlink:type="locator" />
    <link:presentationArc xlink:from="loc_StatementOfCashFlowsAbstract.4955.12.10" xlink:to="loc_Cash.6547.12.10" order="5.00" priority="0" use="optional" xlink:arcrole="http://www.xbrl.org/2003/arcrole/parent-child" xlink:type="arc" preferredLabel="http://www.xbrl.org/2003/role/periodStartLabel" />
    <link:loc xlink:label="loc_StatementOfCashFlowsAbstract.4955.12.11" xlink:href="http://xbrl.fasb.org/us-gaap/2012/elts/us-gaap-2012-01-31.xsd#us-gaap_StatementOfCashFlowsAbstract" xlink:type="locator" />
    <link:loc xlink:label="loc_Cash.6547.12.11" xlink:href="http://xbrl.fasb.org/us-gaap/2012/elts/us-gaap-2012-01-31.xsd#us-gaap_Cash" xlink:type="locator" />
    <link:presentationArc xlink:from="loc_StatementOfCashFlowsAbstract.4955.12.11" xlink:to="loc_Cash.6547.12.11" order="6.00" priority="0" use="optional" xlink:arcrole="http://www.xbrl.org/2003/arcrole/parent-child" xlink:type="arc" preferredLabel="http://www.xbrl.org/2003/role/periodEndLabel" />
    <link:loc xlink:label="loc_SupplementalCashFlowInformationAbstract.5043.12.7" xlink:href="http://xbrl.fasb.org/us-gaap/2012/elts/us-gaap-2012-01-31.xsd#us-gaap_SupplementalCashFlowInformationAbstract" xlink:type="locator" />
    <link:presentationArc xlink:from="loc_StatementOfCashFlowsAbstract.4955.12.7" xlink:to="loc_SupplementalCashFlowInformationAbstract.5043.12.7" order="7.00" priority="0" use="optional" xlink:arcrole="http://www.xbrl.org/2003/arcrole/parent-child" xlink:type="arc" preferredLabel="http://www.xbrl.org/2003/role/terseLabel" />
    <link:presentationArc xlink:from="loc_StatementOfCashFlowsAbstract.4955.12.7" xlink:to="loc_NoncashInvestingAndFinancingItemsAbstract.3418.12.7" order="8.00" priority="0" use="optional" xlink:arcrole="http://www.xbrl.org/2003/arcrole/parent-child" xlink:type="arc" preferredLabel="http://www.xbrl.org/2003/role/terseLabel" />
    <link:loc xlink:label="loc_StatementOfCashFlowsAbstract.4955.12.9" xlink:href="http://xbrl.fasb.org/us-gaap/2012/elts/us-gaap-2012-01-31.xsd#us-gaap_StatementOfCashFlowsAbstract" xlink:type="locator" />
    <link:loc xlink:label="loc_CashPeriodIncreaseDecrease.6574.12.9" xlink:href="http://xbrl.fasb.org/us-gaap/2012/elts/us-gaap-2012-01-31.xsd#us-gaap_CashPeriodIncreaseDecrease" xlink:type="locator" />
    <link:presentationArc xlink:from="loc_StatementOfCashFlowsAbstract.4955.12.9" xlink:to="loc_CashPeriodIncreaseDecrease.6574.12.9" order="4.50" priority="0" use="optional" xlink:arcrole="http://www.xbrl.org/2003/arcrole/parent-child" xlink:type="arc" preferredLabel="http://www.xbrl.org/2003/role/totalLabel" />
    <link:loc xlink:label="loc_SupplementalCashFlowInformationAbstract.5043.12.6" xlink:href="http://xbrl.fasb.org/us-gaap/2012/elts/us-gaap-2012-01-31.xsd#us-gaap_SupplementalCashFlowInformationAbstract" xlink:type="locator" />
    <link:loc xlink:label="loc_InterestPaid.11342.12.6" xlink:href="http://xbrl.fasb.org/us-gaap/2012/elts/us-gaap-2012-01-31.xsd#us-gaap_InterestPaid" xlink:type="locator" />
    <link:presentationArc xlink:from="loc_SupplementalCashFlowInformationAbstract.5043.12.6" xlink:to="loc_InterestPaid.11342.12.6" order="390.00" priority="0" use="optional" xlink:arcrole="http://www.xbrl.org/2003/arcrole/parent-child" xlink:type="arc" />
    <link:loc xlink:label="loc_IncomeTaxesPaid.10758.12.6" xlink:href="http://xbrl.fasb.org/us-gaap/2012/elts/us-gaap-2012-01-31.xsd#us-gaap_IncomeTaxesPaid" xlink:type="locator" />
    <link:presentationArc xlink:from="loc_SupplementalCashFlowInformationAbstract.5043.12.6" xlink:to="loc_IncomeTaxesPaid.10758.12.6" order="400.00" priority="0" use="optional" xlink:arcrole="http://www.xbrl.org/2003/arcrole/parent-child" xlink:type="arc" />
  </link:presentationLink>
  <link:presentationLink xlink:title="101 - Disclosure - BASIS OF PRESENTATION" xlink:role="http://coroware.com/role/BasisOfPresentation" xlink:type="extended">
    <link:loc xlink:label="loc_OrganizationConsolidationAndPresentationOfFinancialStatementsAbstract.3564.12.7" xlink:href="http://xbrl.fasb.org/us-gaap/2012/elts/us-gaap-2012-01-31.xsd#us-gaap_OrganizationConsolidationAndPresentationOfFinancialStatementsAbstract" xlink:type="locator" />
    <link:loc xlink:label="loc_OrganizationConsolidationAndPresentationOfFinancialStatementsDisclosureTextBlock.13128.12.7" xlink:href="http://xbrl.fasb.org/us-gaap/2012/elts/us-gaap-2012-01-31.xsd#us-gaap_OrganizationConsolidationAndPresentationOfFinancialStatementsDisclosureTextBlock" xlink:type="locator" />
    <link:presentationArc xlink:from="loc_OrganizationConsolidationAndPresentationOfFinancialStatementsAbstract.3564.12.7" xlink:to="loc_OrganizationConsolidationAndPresentationOfFinancialStatementsDisclosureTextBlock.13128.12.7" order="1.00" priority="0" use="optional" xlink:arcrole="http://www.xbrl.org/2003/arcrole/parent-child" xlink:type="arc" preferredLabel="http://www.xbrl.org/2003/role/terseLabel" />
  </link:presentationLink>
  <link:presentationLink xlink:title="102 - Disclosure - SUMMARY OF SIGNIFICANT ACCOUNTING POLICIES" xlink:role="http://coroware.com/role/SummaryOfSignificantAccountingPolicies" xlink:type="extended">
    <link:loc xlink:label="loc_AccountingPoliciesAbstract.385.12.7" xlink:href="http://xbrl.fasb.org/us-gaap/2012/elts/us-gaap-2012-01-31.xsd#us-gaap_AccountingPoliciesAbstract" xlink:type="locator" />
    <link:loc xlink:label="loc_SignificantAccountingPoliciesTextBlock.16463.12.7" xlink:href="http://xbrl.fasb.org/us-gaap/2012/elts/us-gaap-2012-01-31.xsd#us-gaap_SignificantAccountingPoliciesTextBlock" xlink:type="locator" />
    <link:presentationArc xlink:from="loc_AccountingPoliciesAbstract.385.12.7" xlink:to="loc_SignificantAccountingPoliciesTextBlock.16463.12.7" order="1.00" priority="0" use="optional" xlink:arcrole="http://www.xbrl.org/2003/arcrole/parent-child" xlink:type="arc" preferredLabel="http://www.xbrl.org/2003/role/terseLabel" />
  </link:presentationLink>
  <link:presentationLink xlink:title="103 - Disclosure - FINANCIAL CONDITION AND GOING CONCERN" xlink:role="http://coroware.com/role/FinancialConditionAndGoingConcern" xlink:type="extended">
    <link:loc xlink:label="loc_FinancialConditionAndGoingConcernAbstract.56391.12.7" xlink:href="cowi-20110930.xsd#cowi_FinancialConditionAndGoingConcernAbstract" xlink:type="locator" />
    <link:loc xlink:label="loc_FinancialConditionAndGoingConcernTextBlock.56392.12.7" xlink:href="cowi-20110930.xsd#cowi_FinancialConditionAndGoingConcernTextBlock" xlink:type="locator" />
    <link:presentationArc xlink:from="loc_FinancialConditionAndGoingConcernAbstract.56391.12.7" xlink:to="loc_FinancialConditionAndGoingConcernTextBlock.56392.12.7" order="1.00" priority="0" use="optional" xlink:arcrole="http://www.xbrl.org/2003/arcrole/parent-child" xlink:type="arc" preferredLabel="http://www.xbrl.org/2003/role/terseLabel" />
  </link:presentationLink>
  <link:presentationLink xlink:title="104 - Disclosure - ACCOUNTS RECEIVABLE FACTORING" xlink:role="http://coroware.com/role/AccountsReceivableFactoring" xlink:type="extended">
    <link:loc xlink:label="loc_ReceivablesAbstract.4246.12.7" xlink:href="http://xbrl.fasb.org/us-gaap/2012/elts/us-gaap-2012-01-31.xsd#us-gaap_ReceivablesAbstract" xlink:type="locator" />
    <link:loc xlink:label="loc_AccountsReceivableFactoringTextBlock.56666.12.7" xlink:href="cowi-20110930.xsd#cowi_AccountsReceivableFactoringTextBlock" xlink:type="locator" />
    <link:presentationArc xlink:from="loc_ReceivablesAbstract.4246.12.7" xlink:to="loc_AccountsReceivableFactoringTextBlock.56666.12.7" order="1.00" priority="0" use="optional" xlink:arcrole="http://www.xbrl.org/2003/arcrole/parent-child" xlink:type="arc" preferredLabel="http://www.xbrl.org/2003/role/terseLabel" />
  </link:presentationLink>
  <link:presentationLink xlink:title="105 - Disclosure - CONVERTIBLE DEBT" xlink:role="http://coroware.com/role/ConvertibleDebt" xlink:type="extended">
    <link:loc xlink:label="loc_DebtDisclosureAbstract.1283.12.7" xlink:href="http://xbrl.fasb.org/us-gaap/2012/elts/us-gaap-2012-01-31.xsd#us-gaap_DebtDisclosureAbstract" xlink:type="locator" />
    <link:loc xlink:label="loc_DebtDisclosureTextBlock.7384.12.7" xlink:href="http://xbrl.fasb.org/us-gaap/2012/elts/us-gaap-2012-01-31.xsd#us-gaap_DebtDisclosureTextBlock" xlink:type="locator" />
    <link:presentationArc xlink:from="loc_DebtDisclosureAbstract.1283.12.7" xlink:to="loc_DebtDisclosureTextBlock.7384.12.7" order="1.00" priority="0" use="optional" xlink:arcrole="http://www.xbrl.org/2003/arcrole/parent-child" xlink:type="arc" preferredLabel="http://www.xbrl.org/2003/role/terseLabel" />
  </link:presentationLink>
  <link:presentationLink xlink:title="106 - Disclosure - OTHER STOCKHOLDERS' EQUITY" xlink:role="http://coroware.com/role/OtherStockholdersEquity" xlink:type="extended">
    <link:loc xlink:label="loc_StockholdersEquityNoteAbstract.4988.12.7" xlink:href="http://xbrl.fasb.org/us-gaap/2012/elts/us-gaap-2012-01-31.xsd#us-gaap_StockholdersEquityNoteAbstract" xlink:type="locator" />
    <link:loc xlink:label="loc_StockholdersEquityNoteDisclosureTextBlock.16673.12.7" xlink:href="http://xbrl.fasb.org/us-gaap/2012/elts/us-gaap-2012-01-31.xsd#us-gaap_StockholdersEquityNoteDisclosureTextBlock" xlink:type="locator" />
    <link:presentationArc xlink:from="loc_StockholdersEquityNoteAbstract.4988.12.7" xlink:to="loc_StockholdersEquityNoteDisclosureTextBlock.16673.12.7" order="1.00" priority="0" use="optional" xlink:arcrole="http://www.xbrl.org/2003/arcrole/parent-child" xlink:type="arc" preferredLabel="http://www.xbrl.org/2003/role/terseLabel" />
  </link:presentationLink>
  <link:presentationLink xlink:title="107 - Disclosure - COMMITMENTS" xlink:role="http://coroware.com/role/Commitments" xlink:type="extended">
    <link:loc xlink:label="loc_CommitmentsAndContingenciesDisclosureAbstract.1025.12.7" xlink:href="http://xbrl.fasb.org/us-gaap/2012/elts/us-gaap-2012-01-31.xsd#us-gaap_CommitmentsAndContingenciesDisclosureAbstract" xlink:type="locator" />
    <link:loc xlink:label="loc_CommitmentsDisclosureTextBlock.6839.12.7" xlink:href="http://xbrl.fasb.org/us-gaap/2012/elts/us-gaap-2012-01-31.xsd#us-gaap_CommitmentsDisclosureTextBlock" xlink:type="locator" />
    <link:presentationArc xlink:from="loc_CommitmentsAndContingenciesDisclosureAbstract.1025.12.7" xlink:to="loc_CommitmentsDisclosureTextBlock.6839.12.7" order="1.00" priority="0" use="optional" xlink:arcrole="http://www.xbrl.org/2003/arcrole/parent-child" xlink:type="arc" preferredLabel="http://www.xbrl.org/2003/role/terseLabel" />
  </link:presentationLink>
  <link:presentationLink xlink:title="108 - Disclosure - SUBSEQUENT EVENTS" xlink:role="http://coroware.com/role/SubsequentEvents" xlink:type="extended">
    <link:loc xlink:label="loc_SubsequentEventsAbstract.5004.12.7" xlink:href="http://xbrl.fasb.org/us-gaap/2012/elts/us-gaap-2012-01-31.xsd#us-gaap_SubsequentEventsAbstract" xlink:type="locator" />
    <link:loc xlink:label="loc_SubsequentEventsTextBlock.16697.12.7" xlink:href="http://xbrl.fasb.org/us-gaap/2012/elts/us-gaap-2012-01-31.xsd#us-gaap_SubsequentEventsTextBlock" xlink:type="locator" />
    <link:presentationArc xlink:from="loc_SubsequentEventsAbstract.5004.12.7" xlink:to="loc_SubsequentEventsTextBlock.16697.12.7" order="1.00" priority="0" use="optional" xlink:arcrole="http://www.xbrl.org/2003/arcrole/parent-child" xlink:type="arc" preferredLabel="http://www.xbrl.org/2003/role/terseLabel" />
  </link:presentationLink>
</link:linkbase>
