<?xml version="1.0" encoding="US-ASCII" standalone="no"?>
<!--P3XBRL-->
<!--version 4.1.29 -->
<!--http://www.p3xbrl.com-->
<!--produced on 2013-01-24 @ 5:46 AM-->
<link:linkbase xmlns:cowi="http://coroware.com/20110930" xmlns:xbrldt="http://xbrl.org/2005/xbrldt" xmlns:xlink="http://www.w3.org/1999/xlink" xmlns:xsi="http://www.w3.org/2001/XMLSchema-instance" xsi:schemaLocation="http://www.xbrl.org/2003/linkbase http://www.xbrl.org/2003/xbrl-linkbase-2003-12-31.xsd" xmlns:link="http://www.xbrl.org/2003/linkbase">
  <link:roleRef roleURI="http://coroware.com/role/DocumentAndEntityInformation" xlink:href="cowi-20110930.xsd#cowi-daei" xlink:type="simple" />
  <link:roleRef roleURI="http://coroware.com/role/ConsolidatedBalanceSheets" xlink:href="cowi-20110930.xsd#cowi-cbs" xlink:type="simple" />
  <link:roleRef roleURI="http://coroware.com/role/ConsolidatedBalanceSheetsParenthetical" xlink:href="cowi-20110930.xsd#cowi-cbsp" xlink:type="simple" />
  <link:roleRef roleURI="http://coroware.com/role/ConsolidatedStatementsOfOperations" xlink:href="cowi-20110930.xsd#cowi-csoo" xlink:type="simple" />
  <link:roleRef roleURI="http://coroware.com/role/ConsolidatedStatementsOfCashFlows" xlink:href="cowi-20110930.xsd#cowi-csocf" xlink:type="simple" />
  <link:roleRef roleURI="http://coroware.com/role/BasisOfPresentation" xlink:href="cowi-20110930.xsd#cowi-bop" xlink:type="simple" />
  <link:roleRef roleURI="http://coroware.com/role/SummaryOfSignificantAccountingPolicies" xlink:href="cowi-20110930.xsd#cowi-sosap" xlink:type="simple" />
  <link:roleRef roleURI="http://coroware.com/role/FinancialConditionAndGoingConcern" xlink:href="cowi-20110930.xsd#cowi-fcagc1" xlink:type="simple" />
  <link:roleRef roleURI="http://coroware.com/role/AccountsReceivableFactoring" xlink:href="cowi-20110930.xsd#cowi-arf" xlink:type="simple" />
  <link:roleRef roleURI="http://coroware.com/role/ConvertibleDebt" xlink:href="cowi-20110930.xsd#cowi-cd1" xlink:type="simple" />
  <link:roleRef roleURI="http://coroware.com/role/OtherStockholdersEquity" xlink:href="cowi-20110930.xsd#cowi-ose1" xlink:type="simple" />
  <link:roleRef roleURI="http://coroware.com/role/Commitments" xlink:href="cowi-20110930.xsd#cowi-c1" xlink:type="simple" />
  <link:roleRef roleURI="http://coroware.com/role/SubsequentEvents" xlink:href="cowi-20110930.xsd#cowi-se1" xlink:type="simple" />
  <link:arcroleRef arcroleURI="http://xbrl.org/int/dim/arcrole/all" xlink:href="http://www.xbrl.org/2005/xbrldt-2005.xsd#all" xlink:type="simple" />
  <link:arcroleRef arcroleURI="http://xbrl.org/int/dim/arcrole/notAll" xlink:href="http://www.xbrl.org/2005/xbrldt-2005.xsd#notAll" xlink:type="simple" />
  <link:arcroleRef arcroleURI="http://xbrl.org/int/dim/arcrole/hypercube-dimension" xlink:href="http://www.xbrl.org/2005/xbrldt-2005.xsd#hypercube-dimension" xlink:type="simple" />
  <link:arcroleRef arcroleURI="http://xbrl.org/int/dim/arcrole/dimension-domain" xlink:href="http://www.xbrl.org/2005/xbrldt-2005.xsd#dimension-domain" xlink:type="simple" />
  <link:arcroleRef arcroleURI="http://xbrl.org/int/dim/arcrole/domain-member" xlink:href="http://www.xbrl.org/2005/xbrldt-2005.xsd#domain-member" xlink:type="simple" />
  <link:arcroleRef arcroleURI="http://xbrl.org/int/dim/arcrole/dimension-default" xlink:href="http://www.xbrl.org/2005/xbrldt-2005.xsd#dimension-default" xlink:type="simple" />
  <link:definitionLink xlink:title="003 - Statement - CONSOLIDATED BALANCE SHEETS (Parenthetical)" xlink:role="http://coroware.com/role/ConsolidatedBalanceSheetsParenthetical" xlink:type="extended">
    <link:loc xlink:label="loc_ClassOfStockDomain.974.7.6" xlink:href="http://xbrl.fasb.org/us-gaap/2012/elts/us-gaap-2012-01-31.xsd#us-gaap_ClassOfStockDomain" xlink:type="locator" />
    <link:loc xlink:label="loc_MandatorilyRedeemablePreferredStockMember.3203.7.6" xlink:href="http://xbrl.fasb.org/us-gaap/2012/elts/us-gaap-2012-01-31.xsd#us-gaap_MandatorilyRedeemablePreferredStockMember" xlink:type="locator" />
    <link:definitionArc xlink:from="loc_ClassOfStockDomain.974.7.6" xlink:to="loc_MandatorilyRedeemablePreferredStockMember.3203.7.6" order="1.00" priority="0" use="optional" xlink:arcrole="http://xbrl.org/int/dim/arcrole/domain-member" xlink:type="arc" />
    <link:loc xlink:label="loc_StatementTable.4950.5.6" xlink:href="http://xbrl.fasb.org/us-gaap/2012/elts/us-gaap-2012-01-31.xsd#us-gaap_StatementTable" xlink:type="locator" />
    <link:loc xlink:label="loc_StatementClassOfStockAxis.4962.5.6" xlink:href="http://xbrl.fasb.org/us-gaap/2012/elts/us-gaap-2012-01-31.xsd#us-gaap_StatementClassOfStockAxis" xlink:type="locator" />
    <link:definitionArc xlink:from="loc_StatementTable.4950.5.6" xlink:to="loc_StatementClassOfStockAxis.4962.5.6" order="1.00" priority="0" use="optional" xlink:arcrole="http://xbrl.org/int/dim/arcrole/hypercube-dimension" xlink:type="arc" />
    <link:loc xlink:label="loc_StatementLineItems.4952.9.6" xlink:href="http://xbrl.fasb.org/us-gaap/2012/elts/us-gaap-2012-01-31.xsd#us-gaap_StatementLineItems" xlink:type="locator" />
    <link:loc xlink:label="loc_StatementTable.4950.9.6" xlink:href="http://xbrl.fasb.org/us-gaap/2012/elts/us-gaap-2012-01-31.xsd#us-gaap_StatementTable" xlink:type="locator" />
    <link:definitionArc xlink:from="loc_StatementLineItems.4952.9.6" xlink:to="loc_StatementTable.4950.9.6" order="1.00" xbrldt:closed="true" xbrldt:contextElement="segment" priority="0" use="optional" xlink:arcrole="http://xbrl.org/int/dim/arcrole/all" xlink:type="arc" />
    <link:loc xlink:label="loc_StatementLineItems.4952.7.6" xlink:href="http://xbrl.fasb.org/us-gaap/2012/elts/us-gaap-2012-01-31.xsd#us-gaap_StatementLineItems" xlink:type="locator" />
    <link:loc xlink:label="loc_PreferredStockParOrStatedValuePerShare.14166.7.6" xlink:href="http://xbrl.fasb.org/us-gaap/2012/elts/us-gaap-2012-01-31.xsd#us-gaap_PreferredStockParOrStatedValuePerShare" xlink:type="locator" />
    <link:definitionArc xlink:from="loc_StatementLineItems.4952.7.6" xlink:to="loc_PreferredStockParOrStatedValuePerShare.14166.7.6" order="1.00" priority="0" use="optional" xlink:arcrole="http://xbrl.org/int/dim/arcrole/domain-member" xlink:type="arc" />
    <link:loc xlink:label="loc_PreferredStockSharesAuthorized.14124.7.6" xlink:href="http://xbrl.fasb.org/us-gaap/2012/elts/us-gaap-2012-01-31.xsd#us-gaap_PreferredStockSharesAuthorized" xlink:type="locator" />
    <link:definitionArc xlink:from="loc_StatementLineItems.4952.7.6" xlink:to="loc_PreferredStockSharesAuthorized.14124.7.6" order="2.00" priority="0" use="optional" xlink:arcrole="http://xbrl.org/int/dim/arcrole/domain-member" xlink:type="arc" />
    <link:loc xlink:label="loc_PreferredStockSharesIssued.14157.7.6" xlink:href="http://xbrl.fasb.org/us-gaap/2012/elts/us-gaap-2012-01-31.xsd#us-gaap_PreferredStockSharesIssued" xlink:type="locator" />
    <link:definitionArc xlink:from="loc_StatementLineItems.4952.7.6" xlink:to="loc_PreferredStockSharesIssued.14157.7.6" order="3.00" priority="0" use="optional" xlink:arcrole="http://xbrl.org/int/dim/arcrole/domain-member" xlink:type="arc" />
    <link:loc xlink:label="loc_PreferredStockSharesOutstanding.14180.7.6" xlink:href="http://xbrl.fasb.org/us-gaap/2012/elts/us-gaap-2012-01-31.xsd#us-gaap_PreferredStockSharesOutstanding" xlink:type="locator" />
    <link:definitionArc xlink:from="loc_StatementLineItems.4952.7.6" xlink:to="loc_PreferredStockSharesOutstanding.14180.7.6" order="4.00" priority="0" use="optional" xlink:arcrole="http://xbrl.org/int/dim/arcrole/domain-member" xlink:type="arc" />
    <link:loc xlink:label="loc_StatementClassOfStockAxis.4962.8.6" xlink:href="http://xbrl.fasb.org/us-gaap/2012/elts/us-gaap-2012-01-31.xsd#us-gaap_StatementClassOfStockAxis" xlink:type="locator" />
    <link:loc xlink:label="loc_ClassOfStockDomain.974.8.6" xlink:href="http://xbrl.fasb.org/us-gaap/2012/elts/us-gaap-2012-01-31.xsd#us-gaap_ClassOfStockDomain" xlink:type="locator" />
    <link:definitionArc xlink:from="loc_StatementClassOfStockAxis.4962.8.6" xlink:to="loc_ClassOfStockDomain.974.8.6" order="1.00" priority="0" use="optional" xlink:arcrole="http://xbrl.org/int/dim/arcrole/dimension-default" xlink:type="arc" />
    <link:loc xlink:label="loc_StatementClassOfStockAxis.4962.6.6" xlink:href="http://xbrl.fasb.org/us-gaap/2012/elts/us-gaap-2012-01-31.xsd#us-gaap_StatementClassOfStockAxis" xlink:type="locator" />
    <link:loc xlink:label="loc_ClassOfStockDomain.974.6.6" xlink:href="http://xbrl.fasb.org/us-gaap/2012/elts/us-gaap-2012-01-31.xsd#us-gaap_ClassOfStockDomain" xlink:type="locator" />
    <link:definitionArc xlink:from="loc_StatementClassOfStockAxis.4962.6.6" xlink:to="loc_ClassOfStockDomain.974.6.6" order="1.00" priority="0" use="optional" xlink:arcrole="http://xbrl.org/int/dim/arcrole/dimension-domain" xlink:type="arc" />
  </link:definitionLink>
</link:linkbase>
