<?xml version="1.0" encoding="us-ascii"?>
<!-- Created by Merrill Corporation -->
<!-- Generated by Fujitsu XWand B0126 -->
<!-- Generated by Fujitsu Interstage XWand B0166_M01 -->
<!--Generated by IRIS XBRL Generation Engine-->
<link:linkbase xsi:schemaLocation="http://www.xbrl.org/2003/linkbase http://www.xbrl.org/2003/xbrl-linkbase-2003-12-31.xsd" xmlns:link="http://www.xbrl.org/2003/linkbase" xmlns:xsi="http://www.w3.org/2001/XMLSchema-instance" xmlns:xlink="http://www.w3.org/1999/xlink" xmlns:xbrli="http://www.xbrl.org/2003/instance">
  <link:roleRef roleURI="http://www.kosmosenergy.com/role/BalanceSheet" xlink:type="simple" xlink:href="kos-20120930.xsd#BalanceSheet" />
  <link:roleRef roleURI="http://www.kosmosenergy.com/role/StatementOfIncome" xlink:type="simple" xlink:href="kos-20120930.xsd#StatementOfIncome" />
  <link:roleRef roleURI="http://www.kosmosenergy.com/role/StatementOfShareholdersEquity" xlink:type="simple" xlink:href="kos-20120930.xsd#StatementOfShareholdersEquity" />
  <link:roleRef roleURI="http://www.kosmosenergy.com/role/CashFlows" xlink:type="simple" xlink:href="kos-20120930.xsd#CashFlows" />
  <link:roleRef roleURI="http://www.kosmosenergy.com/role/StatementOfComprehensiveIncome" xlink:type="simple" xlink:href="kos-20120930.xsd#StatementOfComprehensiveIncome" />
  <link:roleRef roleURI="http://www.kosmosenergy.com/role/DisclosurePropertyAndEquipmentDetails" xlink:type="simple" xlink:href="kos-20120930.xsd#DisclosurePropertyAndEquipmentDetails" />
  <link:roleRef roleURI="http://www.kosmosenergy.com/role/DisclosureSuspendedWellCostsDetails" xlink:type="simple" xlink:href="kos-20120930.xsd#DisclosureSuspendedWellCostsDetails" />
  <link:roleRef roleURI="http://www.kosmosenergy.com/role/DisclosureAccountsPayableAndAccruedLiabilitiesDetails" xlink:type="simple" xlink:href="kos-20120930.xsd#DisclosureAccountsPayableAndAccruedLiabilitiesDetails" />
  <link:roleRef roleURI="http://www.kosmosenergy.com/role/DisclosureDerivativeFinancialInstrumentsDetails4" xlink:type="simple" xlink:href="kos-20120930.xsd#DisclosureDerivativeFinancialInstrumentsDetails4" />
  <link:roleRef roleURI="http://www.kosmosenergy.com/role/DisclosureNetIncomeLossPerShareDetails" xlink:type="simple" xlink:href="kos-20120930.xsd#DisclosureNetIncomeLossPerShareDetails" />
  <link:roleRef roleURI="http://www.kosmosenergy.com/role/DisclosureAcquisitionOfFPSODetails" xlink:type="simple" xlink:href="kos-20120930.xsd#DisclosureAcquisitionOfFPSODetails" />
  <link:roleRef roleURI="http://www.kosmosenergy.com/role/DisclosureDerivativeFinancialInstrumentsDetails3" xlink:type="simple" xlink:href="kos-20120930.xsd#DisclosureDerivativeFinancialInstrumentsDetails3" />
  <link:calculationLink xlink:type="extended" xlink:role="http://www.kosmosenergy.com/role/BalanceSheet">
    <link:loc xlink:type="locator" xlink:href="http://xbrl.fasb.org/us-gaap/2012/elts/us-gaap-2012-01-31.xsd#us-gaap_Assets" xlink:label="Assets" xlink:title="Assets" />
    <link:loc xlink:type="locator" xlink:href="http://xbrl.fasb.org/us-gaap/2012/elts/us-gaap-2012-01-31.xsd#us-gaap_AssetsCurrent" xlink:label="AssetsCurrent" xlink:title="AssetsCurrent" />
    <link:calculationArc xlink:type="arc" xlink:arcrole="http://www.xbrl.org/2003/arcrole/summation-item" xlink:from="Assets" xlink:to="AssetsCurrent" xlink:title="calculation: Assets to AssetsCurrent" order="1.0" weight="1" />
    <link:loc xlink:type="locator" xlink:href="http://xbrl.fasb.org/us-gaap/2012/elts/us-gaap-2012-01-31.xsd#us-gaap_CashAndCashEquivalentsAtCarryingValue" xlink:label="CashAndCashEquivalentsAtCarryingValue" xlink:title="CashAndCashEquivalentsAtCarryingValue" />
    <link:calculationArc xlink:type="arc" xlink:arcrole="http://www.xbrl.org/2003/arcrole/summation-item" xlink:from="AssetsCurrent" xlink:to="CashAndCashEquivalentsAtCarryingValue" xlink:title="calculation: AssetsCurrent to CashAndCashEquivalentsAtCarryingValue" order="1.0" weight="1" />
    <link:loc xlink:type="locator" xlink:href="http://xbrl.fasb.org/us-gaap/2012/elts/us-gaap-2012-01-31.xsd#us-gaap_RestrictedCashAndCashEquivalentsAtCarryingValue" xlink:label="RestrictedCashAndCashEquivalentsAtCarryingValue" xlink:title="RestrictedCashAndCashEquivalentsAtCarryingValue" />
    <link:calculationArc xlink:type="arc" xlink:arcrole="http://www.xbrl.org/2003/arcrole/summation-item" xlink:from="AssetsCurrent" xlink:to="RestrictedCashAndCashEquivalentsAtCarryingValue" xlink:title="calculation: AssetsCurrent to RestrictedCashAndCashEquivalentsAtCarryingValue" order="2.0" weight="1" />
    <link:loc xlink:type="locator" xlink:href="http://xbrl.fasb.org/us-gaap/2012/elts/us-gaap-2012-01-31.xsd#us-gaap_OilAndGasJointInterestBillingReceivablesCurrent" xlink:label="OilAndGasJointInterestBillingReceivablesCurrent" xlink:title="OilAndGasJointInterestBillingReceivablesCurrent" />
    <link:calculationArc xlink:type="arc" xlink:arcrole="http://www.xbrl.org/2003/arcrole/summation-item" xlink:from="AssetsCurrent" xlink:to="OilAndGasJointInterestBillingReceivablesCurrent" xlink:title="calculation: AssetsCurrent to OilAndGasJointInterestBillingReceivablesCurrent" order="3.0" weight="1" />
    <link:loc xlink:type="locator" xlink:href="http://xbrl.fasb.org/us-gaap/2012/elts/us-gaap-2012-01-31.xsd#us-gaap_AccountsReceivableNetCurrent" xlink:label="AccountsReceivableNetCurrent" xlink:title="AccountsReceivableNetCurrent" />
    <link:calculationArc xlink:type="arc" xlink:arcrole="http://www.xbrl.org/2003/arcrole/summation-item" xlink:from="AssetsCurrent" xlink:to="AccountsReceivableNetCurrent" xlink:title="calculation: AssetsCurrent to AccountsReceivableNetCurrent" order="4.0" weight="1" />
    <link:loc xlink:type="locator" xlink:href="http://xbrl.fasb.org/us-gaap/2012/elts/us-gaap-2012-01-31.xsd#us-gaap_OtherReceivablesNetCurrent" xlink:label="OtherReceivablesNetCurrent" xlink:title="OtherReceivablesNetCurrent" />
    <link:calculationArc xlink:type="arc" xlink:arcrole="http://www.xbrl.org/2003/arcrole/summation-item" xlink:from="AssetsCurrent" xlink:to="OtherReceivablesNetCurrent" xlink:title="calculation: AssetsCurrent to OtherReceivablesNetCurrent" order="5.0" weight="1" />
    <link:loc xlink:type="locator" xlink:href="http://xbrl.fasb.org/us-gaap/2012/elts/us-gaap-2012-01-31.xsd#us-gaap_InventoryNet" xlink:label="InventoryNet" xlink:title="InventoryNet" />
    <link:calculationArc xlink:type="arc" xlink:arcrole="http://www.xbrl.org/2003/arcrole/summation-item" xlink:from="AssetsCurrent" xlink:to="InventoryNet" xlink:title="calculation: AssetsCurrent to InventoryNet" order="6.0" weight="1" />
    <link:loc xlink:type="locator" xlink:href="http://xbrl.fasb.org/us-gaap/2012/elts/us-gaap-2012-01-31.xsd#us-gaap_PrepaidExpenseAndOtherAssetsCurrent" xlink:label="PrepaidExpenseAndOtherAssetsCurrent" xlink:title="PrepaidExpenseAndOtherAssetsCurrent" />
    <link:calculationArc xlink:type="arc" xlink:arcrole="http://www.xbrl.org/2003/arcrole/summation-item" xlink:from="AssetsCurrent" xlink:to="PrepaidExpenseAndOtherAssetsCurrent" xlink:title="calculation: AssetsCurrent to PrepaidExpenseAndOtherAssetsCurrent" order="7.0" weight="1" />
    <link:loc xlink:type="locator" xlink:href="http://xbrl.fasb.org/us-gaap/2012/elts/us-gaap-2012-01-31.xsd#us-gaap_DeferredTaxAssetsNetCurrent" xlink:label="DeferredTaxAssetsNetCurrent" xlink:title="DeferredTaxAssetsNetCurrent" />
    <link:calculationArc xlink:type="arc" xlink:arcrole="http://www.xbrl.org/2003/arcrole/summation-item" xlink:from="AssetsCurrent" xlink:to="DeferredTaxAssetsNetCurrent" xlink:title="calculation: AssetsCurrent to DeferredTaxAssetsNetCurrent" order="8.0" weight="1" />
    <link:loc xlink:type="locator" xlink:href="http://xbrl.fasb.org/us-gaap/2012/elts/us-gaap-2012-01-31.xsd#us-gaap_DerivativeAssetsCurrent" xlink:label="DerivativeAssetsCurrent" xlink:title="DerivativeAssetsCurrent" />
    <link:calculationArc xlink:type="arc" xlink:arcrole="http://www.xbrl.org/2003/arcrole/summation-item" xlink:from="AssetsCurrent" xlink:to="DerivativeAssetsCurrent" xlink:title="calculation: AssetsCurrent to DerivativeAssetsCurrent" use="optional" order="9.0" weight="1" />
    <link:loc xlink:type="locator" xlink:href="http://xbrl.fasb.org/us-gaap/2012/elts/us-gaap-2012-01-31.xsd#us-gaap_PropertyPlantAndEquipmentNet" xlink:label="PropertyPlantAndEquipmentNet" xlink:title="PropertyPlantAndEquipmentNet" />
    <link:calculationArc xlink:type="arc" xlink:arcrole="http://www.xbrl.org/2003/arcrole/summation-item" xlink:from="Assets" xlink:to="PropertyPlantAndEquipmentNet" xlink:title="calculation: Assets to PropertyPlantAndEquipmentNet" order="2.0" weight="1" />
    <link:loc xlink:type="locator" xlink:href="http://xbrl.fasb.org/us-gaap/2012/elts/us-gaap-2012-01-31.xsd#us-gaap_OilAndGasPropertySuccessfulEffortMethodNet" xlink:label="OilAndGasPropertySuccessfulEffortMethodNet" xlink:title="OilAndGasPropertySuccessfulEffortMethodNet" />
    <link:calculationArc xlink:type="arc" xlink:arcrole="http://www.xbrl.org/2003/arcrole/summation-item" xlink:from="PropertyPlantAndEquipmentNet" xlink:to="OilAndGasPropertySuccessfulEffortMethodNet" xlink:title="calculation: PropertyPlantAndEquipmentNet to OilAndGasPropertySuccessfulEffortMethodNet" order="1.0" weight="1" />
    <link:loc xlink:type="locator" xlink:href="http://xbrl.fasb.org/us-gaap/2012/elts/us-gaap-2012-01-31.xsd#us-gaap_PropertyPlantAndEquipmentOtherNet" xlink:label="PropertyPlantAndEquipmentOtherNet" xlink:title="PropertyPlantAndEquipmentOtherNet" />
    <link:calculationArc xlink:type="arc" xlink:arcrole="http://www.xbrl.org/2003/arcrole/summation-item" xlink:from="PropertyPlantAndEquipmentNet" xlink:to="PropertyPlantAndEquipmentOtherNet" xlink:title="calculation: PropertyPlantAndEquipmentNet to PropertyPlantAndEquipmentOtherNet" order="2.0" weight="1" />
    <link:loc xlink:type="locator" xlink:href="http://xbrl.fasb.org/us-gaap/2012/elts/us-gaap-2012-01-31.xsd#us-gaap_RestrictedCashAndCashEquivalentsNoncurrent" xlink:label="RestrictedCashAndCashEquivalentsNoncurrent" xlink:title="RestrictedCashAndCashEquivalentsNoncurrent" />
    <link:calculationArc xlink:type="arc" xlink:arcrole="http://www.xbrl.org/2003/arcrole/summation-item" xlink:from="Assets" xlink:to="RestrictedCashAndCashEquivalentsNoncurrent" xlink:title="calculation: Assets to RestrictedCashAndCashEquivalentsNoncurrent" use="optional" order="3.0" weight="1" />
    <link:loc xlink:type="locator" xlink:href="http://xbrl.fasb.org/us-gaap/2012/elts/us-gaap-2012-01-31.xsd#us-gaap_DeferredFinanceCostsNoncurrentNet" xlink:label="DeferredFinanceCostsNoncurrentNet" xlink:title="DeferredFinanceCostsNoncurrentNet" />
    <link:calculationArc xlink:type="arc" xlink:arcrole="http://www.xbrl.org/2003/arcrole/summation-item" xlink:from="Assets" xlink:to="DeferredFinanceCostsNoncurrentNet" xlink:title="calculation: Assets to DeferredFinanceCostsNoncurrentNet" use="optional" order="4.0" weight="1" />
    <link:loc xlink:type="locator" xlink:href="http://xbrl.fasb.org/us-gaap/2012/elts/us-gaap-2012-01-31.xsd#us-gaap_DeferredTaxAssetsNetNoncurrent" xlink:label="DeferredTaxAssetsNetNoncurrent" xlink:title="DeferredTaxAssetsNetNoncurrent" />
    <link:calculationArc xlink:type="arc" xlink:arcrole="http://www.xbrl.org/2003/arcrole/summation-item" xlink:from="Assets" xlink:to="DeferredTaxAssetsNetNoncurrent" xlink:title="calculation: Assets to DeferredTaxAssetsNetNoncurrent" use="optional" order="5.0" weight="1" />
    <link:loc xlink:type="locator" xlink:href="http://xbrl.fasb.org/us-gaap/2012/elts/us-gaap-2012-01-31.xsd#us-gaap_LiabilitiesAndStockholdersEquity" xlink:label="LiabilitiesAndStockholdersEquity" xlink:title="LiabilitiesAndStockholdersEquity" />
    <link:loc xlink:type="locator" xlink:href="http://xbrl.fasb.org/us-gaap/2012/elts/us-gaap-2012-01-31.xsd#us-gaap_LiabilitiesCurrent" xlink:label="LiabilitiesCurrent" xlink:title="LiabilitiesCurrent" />
    <link:calculationArc xlink:type="arc" xlink:arcrole="http://www.xbrl.org/2003/arcrole/summation-item" xlink:from="LiabilitiesAndStockholdersEquity" xlink:to="LiabilitiesCurrent" xlink:title="calculation: LiabilitiesAndStockholdersEquity to LiabilitiesCurrent" order="1.0" weight="1" />
    <link:loc xlink:type="locator" xlink:href="http://xbrl.fasb.org/us-gaap/2012/elts/us-gaap-2012-01-31.xsd#us-gaap_AccountsPayableCurrent" xlink:label="AccountsPayableCurrent" xlink:title="AccountsPayableCurrent" />
    <link:calculationArc xlink:type="arc" xlink:arcrole="http://www.xbrl.org/2003/arcrole/summation-item" xlink:from="LiabilitiesCurrent" xlink:to="AccountsPayableCurrent" xlink:title="calculation: LiabilitiesCurrent to AccountsPayableCurrent" order="1.0" weight="1" />
    <link:loc xlink:type="locator" xlink:href="http://xbrl.fasb.org/us-gaap/2012/elts/us-gaap-2012-01-31.xsd#us-gaap_AccruedLiabilitiesCurrent" xlink:label="AccruedLiabilitiesCurrent" xlink:title="AccruedLiabilitiesCurrent" />
    <link:calculationArc xlink:type="arc" xlink:arcrole="http://www.xbrl.org/2003/arcrole/summation-item" xlink:from="LiabilitiesCurrent" xlink:to="AccruedLiabilitiesCurrent" xlink:title="calculation: LiabilitiesCurrent to AccruedLiabilitiesCurrent" order="2.0" weight="1" />
    <link:loc xlink:type="locator" xlink:href="http://xbrl.fasb.org/us-gaap/2012/elts/us-gaap-2012-01-31.xsd#us-gaap_DerivativeLiabilitiesCurrent" xlink:label="DerivativeLiabilitiesCurrent" xlink:title="DerivativeLiabilitiesCurrent" />
    <link:calculationArc xlink:type="arc" xlink:arcrole="http://www.xbrl.org/2003/arcrole/summation-item" xlink:from="LiabilitiesCurrent" xlink:to="DerivativeLiabilitiesCurrent" xlink:title="calculation: LiabilitiesCurrent to DerivativeLiabilitiesCurrent" order="3.0" weight="1" />
    <link:loc xlink:type="locator" xlink:href="http://xbrl.fasb.org/us-gaap/2012/elts/us-gaap-2012-01-31.xsd#us-gaap_LiabilitiesNoncurrent" xlink:label="LiabilitiesNoncurrent" xlink:title="LiabilitiesNoncurrent" />
    <link:calculationArc xlink:type="arc" xlink:arcrole="http://www.xbrl.org/2003/arcrole/summation-item" xlink:from="LiabilitiesAndStockholdersEquity" xlink:to="LiabilitiesNoncurrent" xlink:title="calculation: LiabilitiesAndStockholdersEquity to LiabilitiesNoncurrent" order="2.0" weight="1" />
    <link:loc xlink:type="locator" xlink:href="http://xbrl.fasb.org/us-gaap/2012/elts/us-gaap-2012-01-31.xsd#us-gaap_LongTermDebtNoncurrent" xlink:label="LongTermDebtNoncurrent" xlink:title="LongTermDebtNoncurrent" />
    <link:calculationArc xlink:type="arc" xlink:arcrole="http://www.xbrl.org/2003/arcrole/summation-item" xlink:from="LiabilitiesNoncurrent" xlink:to="LongTermDebtNoncurrent" xlink:title="calculation: LiabilitiesNoncurrent to LongTermDebtNoncurrent" order="1.0" weight="1" />
    <link:loc xlink:type="locator" xlink:href="http://xbrl.fasb.org/us-gaap/2012/elts/us-gaap-2012-01-31.xsd#us-gaap_DerivativeLiabilitiesNoncurrent" xlink:label="DerivativeLiabilitiesNoncurrent" xlink:title="DerivativeLiabilitiesNoncurrent" />
    <link:calculationArc xlink:type="arc" xlink:arcrole="http://www.xbrl.org/2003/arcrole/summation-item" xlink:from="LiabilitiesNoncurrent" xlink:to="DerivativeLiabilitiesNoncurrent" xlink:title="calculation: LiabilitiesNoncurrent to DerivativeLiabilitiesNoncurrent" order="2.0" weight="1" />
    <link:loc xlink:type="locator" xlink:href="http://xbrl.fasb.org/us-gaap/2012/elts/us-gaap-2012-01-31.xsd#us-gaap_AssetRetirementObligationsNoncurrent" xlink:label="AssetRetirementObligationsNoncurrent" xlink:title="AssetRetirementObligationsNoncurrent" />
    <link:calculationArc xlink:type="arc" xlink:arcrole="http://www.xbrl.org/2003/arcrole/summation-item" xlink:from="LiabilitiesNoncurrent" xlink:to="AssetRetirementObligationsNoncurrent" xlink:title="calculation: LiabilitiesNoncurrent to AssetRetirementObligationsNoncurrent" order="3.0" weight="1" />
    <link:loc xlink:type="locator" xlink:href="http://xbrl.fasb.org/us-gaap/2012/elts/us-gaap-2012-01-31.xsd#us-gaap_DeferredTaxLiabilitiesNoncurrent" xlink:label="DeferredTaxLiabilitiesNoncurrent" xlink:title="DeferredTaxLiabilitiesNoncurrent" />
    <link:calculationArc xlink:type="arc" xlink:arcrole="http://www.xbrl.org/2003/arcrole/summation-item" xlink:from="LiabilitiesNoncurrent" xlink:to="DeferredTaxLiabilitiesNoncurrent" xlink:title="calculation: LiabilitiesNoncurrent to DeferredTaxLiabilitiesNoncurrent" order="4.0" weight="1" />
    <link:loc xlink:type="locator" xlink:href="http://xbrl.fasb.org/us-gaap/2012/elts/us-gaap-2012-01-31.xsd#us-gaap_OtherLiabilitiesNoncurrent" xlink:label="OtherLiabilitiesNoncurrent" xlink:title="OtherLiabilitiesNoncurrent" />
    <link:calculationArc xlink:type="arc" xlink:arcrole="http://www.xbrl.org/2003/arcrole/summation-item" xlink:from="LiabilitiesNoncurrent" xlink:to="OtherLiabilitiesNoncurrent" xlink:title="calculation: LiabilitiesNoncurrent to OtherLiabilitiesNoncurrent" order="5.0" weight="1" />
    <link:loc xlink:type="locator" xlink:href="http://xbrl.fasb.org/us-gaap/2012/elts/us-gaap-2012-01-31.xsd#us-gaap_StockholdersEquity" xlink:label="StockholdersEquity" xlink:title="StockholdersEquity" />
    <link:calculationArc xlink:type="arc" xlink:arcrole="http://www.xbrl.org/2003/arcrole/summation-item" xlink:from="LiabilitiesAndStockholdersEquity" xlink:to="StockholdersEquity" xlink:title="calculation: LiabilitiesAndStockholdersEquity to StockholdersEquity" order="3.0" weight="1" />
    <link:loc xlink:type="locator" xlink:href="http://xbrl.fasb.org/us-gaap/2012/elts/us-gaap-2012-01-31.xsd#us-gaap_PreferredStockValue" xlink:label="PreferredStockValue" xlink:title="PreferredStockValue" />
    <link:calculationArc xlink:type="arc" xlink:arcrole="http://www.xbrl.org/2003/arcrole/summation-item" xlink:from="StockholdersEquity" xlink:to="PreferredStockValue" xlink:title="calculation: StockholdersEquity to PreferredStockValue" order="1.0" weight="1" />
    <link:loc xlink:type="locator" xlink:href="http://xbrl.fasb.org/us-gaap/2012/elts/us-gaap-2012-01-31.xsd#us-gaap_CommonStockValue" xlink:label="CommonStockValue" xlink:title="CommonStockValue" />
    <link:calculationArc xlink:type="arc" xlink:arcrole="http://www.xbrl.org/2003/arcrole/summation-item" xlink:from="StockholdersEquity" xlink:to="CommonStockValue" xlink:title="calculation: StockholdersEquity to CommonStockValue" order="2.0" weight="1" />
    <link:loc xlink:type="locator" xlink:href="http://xbrl.fasb.org/us-gaap/2012/elts/us-gaap-2012-01-31.xsd#us-gaap_AdditionalPaidInCapitalCommonStock" xlink:label="AdditionalPaidInCapitalCommonStock" xlink:title="AdditionalPaidInCapitalCommonStock" />
    <link:calculationArc xlink:type="arc" xlink:arcrole="http://www.xbrl.org/2003/arcrole/summation-item" xlink:from="StockholdersEquity" xlink:to="AdditionalPaidInCapitalCommonStock" xlink:title="calculation: StockholdersEquity to AdditionalPaidInCapitalCommonStock" order="3.0" weight="1" />
    <link:loc xlink:type="locator" xlink:href="http://xbrl.fasb.org/us-gaap/2012/elts/us-gaap-2012-01-31.xsd#us-gaap_RetainedEarningsAccumulatedDeficit" xlink:label="RetainedEarningsAccumulatedDeficit" xlink:title="RetainedEarningsAccumulatedDeficit" />
    <link:calculationArc xlink:type="arc" xlink:arcrole="http://www.xbrl.org/2003/arcrole/summation-item" xlink:from="StockholdersEquity" xlink:to="RetainedEarningsAccumulatedDeficit" xlink:title="calculation: StockholdersEquity to RetainedEarningsAccumulatedDeficit" order="4.0" weight="1" />
    <link:loc xlink:type="locator" xlink:href="http://xbrl.fasb.org/us-gaap/2012/elts/us-gaap-2012-01-31.xsd#us-gaap_AccumulatedOtherComprehensiveIncomeLossCumulativeChangesInNetGainLossFromCashFlowHedgesEffectNetOfTax" xlink:label="AccumulatedOtherComprehensiveIncomeLossCumulativeChangesInNetGainLossFromCashFlowHedgesEffectNetOfTax" xlink:title="AccumulatedOtherComprehensiveIncomeLossCumulativeChangesInNetGainLossFromCashFlowHedgesEffectNetOfTax" />
    <link:calculationArc xlink:type="arc" xlink:arcrole="http://www.xbrl.org/2003/arcrole/summation-item" xlink:from="StockholdersEquity" xlink:to="AccumulatedOtherComprehensiveIncomeLossCumulativeChangesInNetGainLossFromCashFlowHedgesEffectNetOfTax" xlink:title="calculation: StockholdersEquity to AccumulatedOtherComprehensiveIncomeLossCumulativeChangesInNetGainLossFromCashFlowHedgesEffectNetOfTax" order="5.0" weight="1" />
    <link:loc xlink:type="locator" xlink:href="http://xbrl.fasb.org/us-gaap/2012/elts/us-gaap-2012-01-31.xsd#us-gaap_TreasuryStockValue" xlink:label="TreasuryStockValue" xlink:title="TreasuryStockValue" />
    <link:calculationArc xlink:type="arc" xlink:arcrole="http://www.xbrl.org/2003/arcrole/summation-item" xlink:from="StockholdersEquity" xlink:to="TreasuryStockValue" xlink:title="calculation: StockholdersEquity to TreasuryStockValue" order="6.0" weight="-1" />
  </link:calculationLink>
  <link:calculationLink xlink:type="extended" xlink:role="http://www.kosmosenergy.com/role/StatementOfIncome">
    <link:loc xlink:type="locator" xlink:href="http://xbrl.fasb.org/us-gaap/2012/elts/us-gaap-2012-01-31.xsd#us-gaap_NetIncomeLoss" xlink:label="NetIncomeLoss" xlink:title="NetIncomeLoss" />
    <link:loc xlink:type="locator" xlink:href="http://xbrl.fasb.org/us-gaap/2012/elts/us-gaap-2012-01-31.xsd#us-gaap_ProfitLoss" xlink:label="ProfitLoss" xlink:title="ProfitLoss" />
    <link:calculationArc xlink:type="arc" xlink:arcrole="http://www.xbrl.org/2003/arcrole/summation-item" xlink:from="NetIncomeLoss" xlink:to="ProfitLoss" xlink:title="calculation: NetIncomeLoss to ProfitLoss" use="optional" order="1.0" weight="1" />
    <link:loc xlink:type="locator" xlink:href="http://xbrl.fasb.org/us-gaap/2012/elts/us-gaap-2012-01-31.xsd#us-gaap_IncomeLossFromContinuingOperationsBeforeIncomeTaxesMinorityInterestAndIncomeLossFromEquityMethodInvestments" xlink:label="IncomeLossFromContinuingOperationsBeforeIncomeTaxesMinorityInterestAndIncomeLossFromEquityMethodInvestments" xlink:title="IncomeLossFromContinuingOperationsBeforeIncomeTaxesMinorityInterestAndIncomeLossFromEquityMethodInvestments" />
    <link:calculationArc xlink:type="arc" xlink:arcrole="http://www.xbrl.org/2003/arcrole/summation-item" xlink:from="ProfitLoss" xlink:to="IncomeLossFromContinuingOperationsBeforeIncomeTaxesMinorityInterestAndIncomeLossFromEquityMethodInvestments" xlink:title="calculation: ProfitLoss to IncomeLossFromContinuingOperationsBeforeIncomeTaxesMinorityInterestAndIncomeLossFromEquityMethodInvestments" order="1.0" weight="1" />
    <link:loc xlink:type="locator" xlink:href="http://xbrl.fasb.org/us-gaap/2012/elts/us-gaap-2012-01-31.xsd#us-gaap_Revenues" xlink:label="Revenues" xlink:title="Revenues" />
    <link:calculationArc xlink:type="arc" xlink:arcrole="http://www.xbrl.org/2003/arcrole/summation-item" xlink:from="IncomeLossFromContinuingOperationsBeforeIncomeTaxesMinorityInterestAndIncomeLossFromEquityMethodInvestments" xlink:to="Revenues" xlink:title="calculation: IncomeLossFromContinuingOperationsBeforeIncomeTaxesMinorityInterestAndIncomeLossFromEquityMethodInvestments to Revenues" order="1.0" weight="1" />
    <link:loc xlink:type="locator" xlink:href="http://xbrl.fasb.org/us-gaap/2012/elts/us-gaap-2012-01-31.xsd#us-gaap_OilAndGasSalesRevenue" xlink:label="OilAndGasSalesRevenue" xlink:title="OilAndGasSalesRevenue" />
    <link:calculationArc xlink:type="arc" xlink:arcrole="http://www.xbrl.org/2003/arcrole/summation-item" xlink:from="Revenues" xlink:to="OilAndGasSalesRevenue" xlink:title="calculation: Revenues to OilAndGasSalesRevenue" order="1.0" weight="1" />
    <link:loc xlink:type="locator" xlink:href="http://xbrl.fasb.org/us-gaap/2012/elts/us-gaap-2012-01-31.xsd#us-gaap_OtherNonoperatingIncome" xlink:label="OtherNonoperatingIncome" xlink:title="OtherNonoperatingIncome" />
    <link:calculationArc xlink:type="arc" xlink:arcrole="http://www.xbrl.org/2003/arcrole/summation-item" xlink:from="Revenues" xlink:to="OtherNonoperatingIncome" xlink:title="calculation: Revenues to OtherNonoperatingIncome" order="2.0" weight="1" />
    <link:loc xlink:type="locator" xlink:href="http://xbrl.fasb.org/us-gaap/2012/elts/us-gaap-2012-01-31.xsd#us-gaap_OtherSalesRevenueNet" xlink:label="OtherSalesRevenueNet" xlink:title="OtherSalesRevenueNet" />
    <link:calculationArc xlink:type="arc" xlink:arcrole="http://www.xbrl.org/2003/arcrole/summation-item" xlink:from="Revenues" xlink:to="OtherSalesRevenueNet" xlink:title="calculation: Revenues to OtherSalesRevenueNet" order="3.0" weight="1" />
    <link:loc xlink:type="locator" xlink:href="http://xbrl.fasb.org/us-gaap/2012/elts/us-gaap-2012-01-31.xsd#us-gaap_CostsAndExpenses" xlink:label="CostsAndExpenses" xlink:title="CostsAndExpenses" />
    <link:calculationArc xlink:type="arc" xlink:arcrole="http://www.xbrl.org/2003/arcrole/summation-item" xlink:from="IncomeLossFromContinuingOperationsBeforeIncomeTaxesMinorityInterestAndIncomeLossFromEquityMethodInvestments" xlink:to="CostsAndExpenses" xlink:title="calculation: IncomeLossFromContinuingOperationsBeforeIncomeTaxesMinorityInterestAndIncomeLossFromEquityMethodInvestments to CostsAndExpenses" order="2.0" weight="-1" />
    <link:loc xlink:type="locator" xlink:href="http://xbrl.fasb.org/us-gaap/2012/elts/us-gaap-2012-01-31.xsd#us-gaap_OilAndGasProductionExpense" xlink:label="OilAndGasProductionExpense" xlink:title="OilAndGasProductionExpense" />
    <link:calculationArc xlink:type="arc" xlink:arcrole="http://www.xbrl.org/2003/arcrole/summation-item" xlink:from="CostsAndExpenses" xlink:to="OilAndGasProductionExpense" xlink:title="calculation: CostsAndExpenses to OilAndGasProductionExpense" order="1.0" weight="1" />
    <link:loc xlink:type="locator" xlink:href="http://xbrl.fasb.org/us-gaap/2012/elts/us-gaap-2012-01-31.xsd#us-gaap_ExplorationExpense" xlink:label="ExplorationExpense" xlink:title="ExplorationExpense" />
    <link:calculationArc xlink:type="arc" xlink:arcrole="http://www.xbrl.org/2003/arcrole/summation-item" xlink:from="CostsAndExpenses" xlink:to="ExplorationExpense" xlink:title="calculation: CostsAndExpenses to ExplorationExpense" order="2.0" weight="1" />
    <link:loc xlink:type="locator" xlink:href="http://xbrl.fasb.org/us-gaap/2012/elts/us-gaap-2012-01-31.xsd#us-gaap_GeneralAndAdministrativeExpense" xlink:label="GeneralAndAdministrativeExpense" xlink:title="GeneralAndAdministrativeExpense" />
    <link:calculationArc xlink:type="arc" xlink:arcrole="http://www.xbrl.org/2003/arcrole/summation-item" xlink:from="CostsAndExpenses" xlink:to="GeneralAndAdministrativeExpense" xlink:title="calculation: CostsAndExpenses to GeneralAndAdministrativeExpense" order="3.0" weight="1" />
    <link:loc xlink:type="locator" xlink:href="http://xbrl.fasb.org/us-gaap/2012/elts/us-gaap-2012-01-31.xsd#us-gaap_ResultsOfOperationsDepreciationDepletionAmortizationAndAccretion" xlink:label="ResultsOfOperationsDepreciationDepletionAmortizationAndAccretion" xlink:title="ResultsOfOperationsDepreciationDepletionAmortizationAndAccretion" />
    <link:calculationArc xlink:type="arc" xlink:arcrole="http://www.xbrl.org/2003/arcrole/summation-item" xlink:from="CostsAndExpenses" xlink:to="ResultsOfOperationsDepreciationDepletionAmortizationAndAccretion" xlink:title="calculation: CostsAndExpenses to ResultsOfOperationsDepreciationDepletionAmortizationAndAccretion" use="optional" order="4.0" weight="1" />
    <link:loc xlink:type="locator" xlink:href="http://xbrl.fasb.org/us-gaap/2012/elts/us-gaap-2012-01-31.xsd#us-gaap_AmortizationOfFinancingCosts" xlink:label="AmortizationOfFinancingCosts" xlink:title="AmortizationOfFinancingCosts" />
    <link:calculationArc xlink:type="arc" xlink:arcrole="http://www.xbrl.org/2003/arcrole/summation-item" xlink:from="CostsAndExpenses" xlink:to="AmortizationOfFinancingCosts" xlink:title="calculation: CostsAndExpenses to AmortizationOfFinancingCosts" order="5.0" weight="1" />
    <link:loc xlink:type="locator" xlink:href="http://xbrl.fasb.org/us-gaap/2012/elts/us-gaap-2012-01-31.xsd#us-gaap_InterestExpense" xlink:label="InterestExpense" xlink:title="InterestExpense" />
    <link:calculationArc xlink:type="arc" xlink:arcrole="http://www.xbrl.org/2003/arcrole/summation-item" xlink:from="CostsAndExpenses" xlink:to="InterestExpense" xlink:title="calculation: CostsAndExpenses to InterestExpense" order="6.0" weight="1" />
    <link:loc xlink:type="locator" xlink:href="kos-20120930.xsd#kos_GainLossOnCommodityDerivativeInstrumentsNetPretax" xlink:label="GainLossOnCommodityDerivativeInstrumentsNetPretax" xlink:title="GainLossOnCommodityDerivativeInstrumentsNetPretax" />
    <link:calculationArc xlink:type="arc" xlink:arcrole="http://www.xbrl.org/2003/arcrole/summation-item" xlink:from="CostsAndExpenses" xlink:to="GainLossOnCommodityDerivativeInstrumentsNetPretax" xlink:title="calculation: CostsAndExpenses to GainLossOnCommodityDerivativeInstrumentsNetPretax" order="7.0" weight="-1" />
    <link:loc xlink:type="locator" xlink:href="http://xbrl.fasb.org/us-gaap/2012/elts/us-gaap-2012-01-31.xsd#us-gaap_GainsLossesOnExtinguishmentOfDebt" xlink:label="GainsLossesOnExtinguishmentOfDebt" xlink:title="GainsLossesOnExtinguishmentOfDebt" />
    <link:calculationArc xlink:type="arc" xlink:arcrole="http://www.xbrl.org/2003/arcrole/summation-item" xlink:from="CostsAndExpenses" xlink:to="GainsLossesOnExtinguishmentOfDebt" xlink:title="calculation: CostsAndExpenses to GainsLossesOnExtinguishmentOfDebt" order="8.0" weight="-1" />
    <link:loc xlink:type="locator" xlink:href="http://xbrl.fasb.org/us-gaap/2012/elts/us-gaap-2012-01-31.xsd#us-gaap_AllowanceForDoubtfulAccountsReceivableRecoveries" xlink:label="AllowanceForDoubtfulAccountsReceivableRecoveries" xlink:title="AllowanceForDoubtfulAccountsReceivableRecoveries" />
    <link:calculationArc xlink:type="arc" xlink:arcrole="http://www.xbrl.org/2003/arcrole/summation-item" xlink:from="CostsAndExpenses" xlink:to="AllowanceForDoubtfulAccountsReceivableRecoveries" xlink:title="calculation: CostsAndExpenses to AllowanceForDoubtfulAccountsReceivableRecoveries" use="optional" order="9.0" weight="-1" />
    <link:loc xlink:type="locator" xlink:href="http://xbrl.fasb.org/us-gaap/2012/elts/us-gaap-2012-01-31.xsd#us-gaap_NonoperatingIncomeExpense" xlink:label="NonoperatingIncomeExpense" xlink:title="NonoperatingIncomeExpense" />
    <link:calculationArc xlink:type="arc" xlink:arcrole="http://www.xbrl.org/2003/arcrole/summation-item" xlink:from="CostsAndExpenses" xlink:to="NonoperatingIncomeExpense" xlink:title="calculation: CostsAndExpenses to NonoperatingIncomeExpense" order="10.0" weight="-1" />
    <link:loc xlink:type="locator" xlink:href="http://xbrl.fasb.org/us-gaap/2012/elts/us-gaap-2012-01-31.xsd#us-gaap_IncomeTaxExpenseBenefit" xlink:label="IncomeTaxExpenseBenefit" xlink:title="IncomeTaxExpenseBenefit" />
    <link:calculationArc xlink:type="arc" xlink:arcrole="http://www.xbrl.org/2003/arcrole/summation-item" xlink:from="ProfitLoss" xlink:to="IncomeTaxExpenseBenefit" xlink:title="calculation: ProfitLoss to IncomeTaxExpenseBenefit" order="2.0" weight="-1" />
    <link:loc xlink:type="locator" xlink:href="http://xbrl.fasb.org/us-gaap/2012/elts/us-gaap-2012-01-31.xsd#us-gaap_TemporaryEquityAccretionToRedemptionValueAdjustment" xlink:label="TemporaryEquityAccretionToRedemptionValueAdjustment" xlink:title="TemporaryEquityAccretionToRedemptionValueAdjustment" />
    <link:calculationArc xlink:type="arc" xlink:arcrole="http://www.xbrl.org/2003/arcrole/summation-item" xlink:from="NetIncomeLoss" xlink:to="TemporaryEquityAccretionToRedemptionValueAdjustment" xlink:title="calculation: NetIncomeLoss to TemporaryEquityAccretionToRedemptionValueAdjustment" use="optional" order="2.0" weight="-1" />
  </link:calculationLink>
  <link:calculationLink xlink:type="extended" xlink:role="http://www.kosmosenergy.com/role/StatementOfShareholdersEquity">
    <link:loc xlink:type="locator" xlink:href="http://xbrl.fasb.org/us-gaap/2012/elts/us-gaap-2012-01-31.xsd#us-gaap_StockholdersEquityPeriodIncreaseDecrease" xlink:label="StockholdersEquityPeriodIncreaseDecrease" xlink:title="StockholdersEquityPeriodIncreaseDecrease" />
    <link:loc xlink:type="locator" xlink:href="http://xbrl.fasb.org/us-gaap/2012/elts/us-gaap-2012-01-31.xsd#us-gaap_AdjustmentsToAdditionalPaidInCapitalSharebasedCompensationRequisiteServicePeriodRecognitionValue" xlink:label="AdjustmentsToAdditionalPaidInCapitalSharebasedCompensationRequisiteServicePeriodRecognitionValue" xlink:title="AdjustmentsToAdditionalPaidInCapitalSharebasedCompensationRequisiteServicePeriodRecognitionValue" />
    <link:calculationArc xlink:type="arc" xlink:arcrole="http://www.xbrl.org/2003/arcrole/summation-item" xlink:from="StockholdersEquityPeriodIncreaseDecrease" xlink:to="AdjustmentsToAdditionalPaidInCapitalSharebasedCompensationRequisiteServicePeriodRecognitionValue" xlink:title="calculation: StockholdersEquityPeriodIncreaseDecrease to AdjustmentsToAdditionalPaidInCapitalSharebasedCompensationRequisiteServicePeriodRecognitionValue" use="optional" order="1.0" weight="1" />
    <link:loc xlink:type="locator" xlink:href="http://xbrl.fasb.org/us-gaap/2012/elts/us-gaap-2012-01-31.xsd#us-gaap_OtherComprehensiveIncomeUnrealizedGainLossOnDerivativesArisingDuringPeriodNetOfTax" xlink:label="OtherComprehensiveIncomeUnrealizedGainLossOnDerivativesArisingDuringPeriodNetOfTax" xlink:title="OtherComprehensiveIncomeUnrealizedGainLossOnDerivativesArisingDuringPeriodNetOfTax" />
    <link:calculationArc xlink:type="arc" xlink:arcrole="http://www.xbrl.org/2003/arcrole/summation-item" xlink:from="StockholdersEquityPeriodIncreaseDecrease" xlink:to="OtherComprehensiveIncomeUnrealizedGainLossOnDerivativesArisingDuringPeriodNetOfTax" xlink:title="calculation: StockholdersEquityPeriodIncreaseDecrease to OtherComprehensiveIncomeUnrealizedGainLossOnDerivativesArisingDuringPeriodNetOfTax" use="optional" order="2.0" weight="1" />
    <link:loc xlink:type="locator" xlink:href="http://xbrl.fasb.org/us-gaap/2012/elts/us-gaap-2012-01-31.xsd#us-gaap_StockIssuedDuringPeriodValueRestrictedStockAwardGross" xlink:label="StockIssuedDuringPeriodValueRestrictedStockAwardGross" xlink:title="StockIssuedDuringPeriodValueRestrictedStockAwardGross" />
    <link:calculationArc xlink:type="arc" xlink:arcrole="http://www.xbrl.org/2003/arcrole/summation-item" xlink:from="StockholdersEquityPeriodIncreaseDecrease" xlink:to="StockIssuedDuringPeriodValueRestrictedStockAwardGross" xlink:title="calculation: StockholdersEquityPeriodIncreaseDecrease to StockIssuedDuringPeriodValueRestrictedStockAwardGross" use="optional" order="3.0" weight="1" />
    <link:loc xlink:type="locator" xlink:href="http://xbrl.fasb.org/us-gaap/2012/elts/us-gaap-2012-01-31.xsd#us-gaap_StockIssuedDuringPeriodValueRestrictedStockAwardForfeitures" xlink:label="StockIssuedDuringPeriodValueRestrictedStockAwardForfeitures" xlink:title="StockIssuedDuringPeriodValueRestrictedStockAwardForfeitures" />
    <link:calculationArc xlink:type="arc" xlink:arcrole="http://www.xbrl.org/2003/arcrole/summation-item" xlink:from="StockholdersEquityPeriodIncreaseDecrease" xlink:to="StockIssuedDuringPeriodValueRestrictedStockAwardForfeitures" xlink:title="calculation: StockholdersEquityPeriodIncreaseDecrease to StockIssuedDuringPeriodValueRestrictedStockAwardForfeitures" use="optional" order="4.0" weight="-1" />
    <link:loc xlink:type="locator" xlink:href="http://xbrl.fasb.org/us-gaap/2012/elts/us-gaap-2012-01-31.xsd#us-gaap_TreasuryStockValueAcquiredCostMethod" xlink:label="TreasuryStockValueAcquiredCostMethod" xlink:title="TreasuryStockValueAcquiredCostMethod" />
    <link:calculationArc xlink:type="arc" xlink:arcrole="http://www.xbrl.org/2003/arcrole/summation-item" xlink:from="StockholdersEquityPeriodIncreaseDecrease" xlink:to="TreasuryStockValueAcquiredCostMethod" xlink:title="calculation: StockholdersEquityPeriodIncreaseDecrease to TreasuryStockValueAcquiredCostMethod" use="optional" order="5.0" weight="-1" />
    <link:loc xlink:type="locator" xlink:href="http://xbrl.fasb.org/us-gaap/2012/elts/us-gaap-2012-01-31.xsd#us-gaap_ProfitLoss" xlink:label="ProfitLoss" xlink:title="ProfitLoss" />
    <link:calculationArc xlink:type="arc" xlink:arcrole="http://www.xbrl.org/2003/arcrole/summation-item" xlink:from="StockholdersEquityPeriodIncreaseDecrease" xlink:to="ProfitLoss" xlink:title="calculation: StockholdersEquityPeriodIncreaseDecrease to ProfitLoss" use="optional" order="6.0" weight="1" />
    <link:loc xlink:type="locator" xlink:href="http://xbrl.fasb.org/us-gaap/2012/elts/us-gaap-2012-01-31.xsd#us-gaap_StockIssuedDuringPeriodSharesPeriodIncreaseDecrease" xlink:label="StockIssuedDuringPeriodSharesPeriodIncreaseDecrease" xlink:title="StockIssuedDuringPeriodSharesPeriodIncreaseDecrease" />
    <link:loc xlink:type="locator" xlink:href="http://xbrl.fasb.org/us-gaap/2012/elts/us-gaap-2012-01-31.xsd#us-gaap_StockIssuedDuringPeriodSharesRestrictedStockAwardGross" xlink:label="StockIssuedDuringPeriodSharesRestrictedStockAwardGross" xlink:title="StockIssuedDuringPeriodSharesRestrictedStockAwardGross" />
    <link:calculationArc xlink:type="arc" xlink:arcrole="http://www.xbrl.org/2003/arcrole/summation-item" xlink:from="StockIssuedDuringPeriodSharesPeriodIncreaseDecrease" xlink:to="StockIssuedDuringPeriodSharesRestrictedStockAwardGross" xlink:title="calculation: StockIssuedDuringPeriodSharesPeriodIncreaseDecrease to StockIssuedDuringPeriodSharesRestrictedStockAwardGross" use="optional" order="1.0" weight="1" />
  </link:calculationLink>
  <link:calculationLink xlink:type="extended" xlink:role="http://www.kosmosenergy.com/role/CashFlows">
    <link:loc xlink:type="locator" xlink:href="http://xbrl.fasb.org/us-gaap/2012/elts/us-gaap-2012-01-31.xsd#us-gaap_NetCashProvidedByUsedInContinuingOperations" xlink:label="NetCashProvidedByUsedInContinuingOperations" xlink:title="NetCashProvidedByUsedInContinuingOperations" />
    <link:loc xlink:type="locator" xlink:href="http://xbrl.fasb.org/us-gaap/2012/elts/us-gaap-2012-01-31.xsd#us-gaap_NetCashProvidedByUsedInOperatingActivitiesContinuingOperations" xlink:label="NetCashProvidedByUsedInOperatingActivitiesContinuingOperations" xlink:title="NetCashProvidedByUsedInOperatingActivitiesContinuingOperations" />
    <link:calculationArc xlink:type="arc" xlink:arcrole="http://www.xbrl.org/2003/arcrole/summation-item" xlink:from="NetCashProvidedByUsedInContinuingOperations" xlink:to="NetCashProvidedByUsedInOperatingActivitiesContinuingOperations" xlink:title="calculation: NetCashProvidedByUsedInContinuingOperations to NetCashProvidedByUsedInOperatingActivitiesContinuingOperations" order="1.0" weight="1" />
    <link:loc xlink:type="locator" xlink:href="http://xbrl.fasb.org/us-gaap/2012/elts/us-gaap-2012-01-31.xsd#us-gaap_ProfitLoss" xlink:label="ProfitLoss" xlink:title="ProfitLoss" />
    <link:calculationArc xlink:type="arc" xlink:arcrole="http://www.xbrl.org/2003/arcrole/summation-item" xlink:from="NetCashProvidedByUsedInOperatingActivitiesContinuingOperations" xlink:to="ProfitLoss" xlink:title="calculation: NetCashProvidedByUsedInOperatingActivitiesContinuingOperations to ProfitLoss" order="1.0" weight="1" />
    <link:loc xlink:type="locator" xlink:href="http://xbrl.fasb.org/us-gaap/2012/elts/us-gaap-2012-01-31.xsd#us-gaap_DepreciationDepletionAndAmortization" xlink:label="DepreciationDepletionAndAmortization" xlink:title="DepreciationDepletionAndAmortization" />
    <link:calculationArc xlink:type="arc" xlink:arcrole="http://www.xbrl.org/2003/arcrole/summation-item" xlink:from="NetCashProvidedByUsedInOperatingActivitiesContinuingOperations" xlink:to="DepreciationDepletionAndAmortization" xlink:title="calculation: NetCashProvidedByUsedInOperatingActivitiesContinuingOperations to DepreciationDepletionAndAmortization" order="2.0" weight="1" />
    <link:loc xlink:type="locator" xlink:href="http://xbrl.fasb.org/us-gaap/2012/elts/us-gaap-2012-01-31.xsd#us-gaap_DeferredIncomeTaxExpenseBenefit" xlink:label="DeferredIncomeTaxExpenseBenefit" xlink:title="DeferredIncomeTaxExpenseBenefit" />
    <link:calculationArc xlink:type="arc" xlink:arcrole="http://www.xbrl.org/2003/arcrole/summation-item" xlink:from="NetCashProvidedByUsedInOperatingActivitiesContinuingOperations" xlink:to="DeferredIncomeTaxExpenseBenefit" xlink:title="calculation: NetCashProvidedByUsedInOperatingActivitiesContinuingOperations to DeferredIncomeTaxExpenseBenefit" order="3.0" weight="1" />
    <link:loc xlink:type="locator" xlink:href="http://xbrl.fasb.org/us-gaap/2012/elts/us-gaap-2012-01-31.xsd#us-gaap_ResultsOfOperationsDryHoleCosts" xlink:label="ResultsOfOperationsDryHoleCosts" xlink:title="ResultsOfOperationsDryHoleCosts" />
    <link:calculationArc xlink:type="arc" xlink:arcrole="http://www.xbrl.org/2003/arcrole/summation-item" xlink:from="NetCashProvidedByUsedInOperatingActivitiesContinuingOperations" xlink:to="ResultsOfOperationsDryHoleCosts" xlink:title="calculation: NetCashProvidedByUsedInOperatingActivitiesContinuingOperations to ResultsOfOperationsDryHoleCosts" order="4.0" weight="1" />
    <link:loc xlink:type="locator" xlink:href="http://xbrl.fasb.org/us-gaap/2012/elts/us-gaap-2012-01-31.xsd#us-gaap_UnrealizedGainLossOnDerivatives" xlink:label="UnrealizedGainLossOnDerivatives" xlink:title="UnrealizedGainLossOnDerivatives" />
    <link:calculationArc xlink:type="arc" xlink:arcrole="http://www.xbrl.org/2003/arcrole/summation-item" xlink:from="NetCashProvidedByUsedInOperatingActivitiesContinuingOperations" xlink:to="UnrealizedGainLossOnDerivatives" xlink:title="calculation: NetCashProvidedByUsedInOperatingActivitiesContinuingOperations to UnrealizedGainLossOnDerivatives" order="5.0" weight="-1" />
    <link:loc xlink:type="locator" xlink:href="kos-20120930.xsd#kos_CashSettlementsOnDerivatives" xlink:label="CashSettlementsOnDerivatives" xlink:title="CashSettlementsOnDerivatives" />
    <link:calculationArc xlink:type="arc" xlink:arcrole="http://www.xbrl.org/2003/arcrole/summation-item" xlink:from="NetCashProvidedByUsedInOperatingActivitiesContinuingOperations" xlink:to="CashSettlementsOnDerivatives" xlink:title="calculation: NetCashProvidedByUsedInOperatingActivitiesContinuingOperations to CashSettlementsOnDerivatives" use="optional" order="6.0" weight="-1" />
    <link:loc xlink:type="locator" xlink:href="http://xbrl.fasb.org/us-gaap/2012/elts/us-gaap-2012-01-31.xsd#us-gaap_ShareBasedCompensation" xlink:label="ShareBasedCompensation" xlink:title="ShareBasedCompensation" />
    <link:calculationArc xlink:type="arc" xlink:arcrole="http://www.xbrl.org/2003/arcrole/summation-item" xlink:from="NetCashProvidedByUsedInOperatingActivitiesContinuingOperations" xlink:to="ShareBasedCompensation" xlink:title="calculation: NetCashProvidedByUsedInOperatingActivitiesContinuingOperations to ShareBasedCompensation" use="optional" order="7.0" weight="1" />
    <link:loc xlink:type="locator" xlink:href="http://xbrl.fasb.org/us-gaap/2012/elts/us-gaap-2012-01-31.xsd#us-gaap_AllowanceForDoubtfulAccountsReceivableRecoveries" xlink:label="AllowanceForDoubtfulAccountsReceivableRecoveries" xlink:title="AllowanceForDoubtfulAccountsReceivableRecoveries" />
    <link:calculationArc xlink:type="arc" xlink:arcrole="http://www.xbrl.org/2003/arcrole/summation-item" xlink:from="NetCashProvidedByUsedInOperatingActivitiesContinuingOperations" xlink:to="AllowanceForDoubtfulAccountsReceivableRecoveries" xlink:title="calculation: NetCashProvidedByUsedInOperatingActivitiesContinuingOperations to AllowanceForDoubtfulAccountsReceivableRecoveries" use="optional" order="8.0" weight="-1" />
    <link:loc xlink:type="locator" xlink:href="http://xbrl.fasb.org/us-gaap/2012/elts/us-gaap-2012-01-31.xsd#us-gaap_GainsLossesOnExtinguishmentOfDebt" xlink:label="GainsLossesOnExtinguishmentOfDebt" xlink:title="GainsLossesOnExtinguishmentOfDebt" />
    <link:calculationArc xlink:type="arc" xlink:arcrole="http://www.xbrl.org/2003/arcrole/summation-item" xlink:from="NetCashProvidedByUsedInOperatingActivitiesContinuingOperations" xlink:to="GainsLossesOnExtinguishmentOfDebt" xlink:title="calculation: NetCashProvidedByUsedInOperatingActivitiesContinuingOperations to GainsLossesOnExtinguishmentOfDebt" use="optional" order="9.0" weight="-1" />
    <link:loc xlink:type="locator" xlink:href="http://xbrl.fasb.org/us-gaap/2012/elts/us-gaap-2012-01-31.xsd#us-gaap_OtherNoncashIncomeExpense" xlink:label="OtherNoncashIncomeExpense" xlink:title="OtherNoncashIncomeExpense" />
    <link:calculationArc xlink:type="arc" xlink:arcrole="http://www.xbrl.org/2003/arcrole/summation-item" xlink:from="NetCashProvidedByUsedInOperatingActivitiesContinuingOperations" xlink:to="OtherNoncashIncomeExpense" xlink:title="calculation: NetCashProvidedByUsedInOperatingActivitiesContinuingOperations to OtherNoncashIncomeExpense" use="optional" order="10.0" weight="-1" />
    <link:loc xlink:type="locator" xlink:href="http://xbrl.fasb.org/us-gaap/2012/elts/us-gaap-2012-01-31.xsd#us-gaap_IncreaseDecreaseInReceivables" xlink:label="IncreaseDecreaseInReceivables" xlink:title="IncreaseDecreaseInReceivables" />
    <link:calculationArc xlink:type="arc" xlink:arcrole="http://www.xbrl.org/2003/arcrole/summation-item" xlink:from="NetCashProvidedByUsedInOperatingActivitiesContinuingOperations" xlink:to="IncreaseDecreaseInReceivables" xlink:title="calculation: NetCashProvidedByUsedInOperatingActivitiesContinuingOperations to IncreaseDecreaseInReceivables" use="optional" order="11.0" weight="-1" />
    <link:loc xlink:type="locator" xlink:href="http://xbrl.fasb.org/us-gaap/2012/elts/us-gaap-2012-01-31.xsd#us-gaap_IncreaseDecreaseInInventories" xlink:label="IncreaseDecreaseInInventories" xlink:title="IncreaseDecreaseInInventories" />
    <link:calculationArc xlink:type="arc" xlink:arcrole="http://www.xbrl.org/2003/arcrole/summation-item" xlink:from="NetCashProvidedByUsedInOperatingActivitiesContinuingOperations" xlink:to="IncreaseDecreaseInInventories" xlink:title="calculation: NetCashProvidedByUsedInOperatingActivitiesContinuingOperations to IncreaseDecreaseInInventories" use="optional" order="12.0" weight="-1" />
    <link:loc xlink:type="locator" xlink:href="http://xbrl.fasb.org/us-gaap/2012/elts/us-gaap-2012-01-31.xsd#us-gaap_IncreaseDecreaseInPrepaidDeferredExpenseAndOtherAssets" xlink:label="IncreaseDecreaseInPrepaidDeferredExpenseAndOtherAssets" xlink:title="IncreaseDecreaseInPrepaidDeferredExpenseAndOtherAssets" />
    <link:calculationArc xlink:type="arc" xlink:arcrole="http://www.xbrl.org/2003/arcrole/summation-item" xlink:from="NetCashProvidedByUsedInOperatingActivitiesContinuingOperations" xlink:to="IncreaseDecreaseInPrepaidDeferredExpenseAndOtherAssets" xlink:title="calculation: NetCashProvidedByUsedInOperatingActivitiesContinuingOperations to IncreaseDecreaseInPrepaidDeferredExpenseAndOtherAssets" use="optional" order="13.0" weight="-1" />
    <link:loc xlink:type="locator" xlink:href="http://xbrl.fasb.org/us-gaap/2012/elts/us-gaap-2012-01-31.xsd#us-gaap_IncreaseDecreaseInAccountsPayable" xlink:label="IncreaseDecreaseInAccountsPayable" xlink:title="IncreaseDecreaseInAccountsPayable" />
    <link:calculationArc xlink:type="arc" xlink:arcrole="http://www.xbrl.org/2003/arcrole/summation-item" xlink:from="NetCashProvidedByUsedInOperatingActivitiesContinuingOperations" xlink:to="IncreaseDecreaseInAccountsPayable" xlink:title="calculation: NetCashProvidedByUsedInOperatingActivitiesContinuingOperations to IncreaseDecreaseInAccountsPayable" use="optional" order="14.0" weight="1" />
    <link:loc xlink:type="locator" xlink:href="http://xbrl.fasb.org/us-gaap/2012/elts/us-gaap-2012-01-31.xsd#us-gaap_IncreaseDecreaseInAccruedLiabilities" xlink:label="IncreaseDecreaseInAccruedLiabilities" xlink:title="IncreaseDecreaseInAccruedLiabilities" />
    <link:calculationArc xlink:type="arc" xlink:arcrole="http://www.xbrl.org/2003/arcrole/summation-item" xlink:from="NetCashProvidedByUsedInOperatingActivitiesContinuingOperations" xlink:to="IncreaseDecreaseInAccruedLiabilities" xlink:title="calculation: NetCashProvidedByUsedInOperatingActivitiesContinuingOperations to IncreaseDecreaseInAccruedLiabilities" use="optional" order="15.0" weight="1" />
    <link:loc xlink:type="locator" xlink:href="http://xbrl.fasb.org/us-gaap/2012/elts/us-gaap-2012-01-31.xsd#us-gaap_NetCashProvidedByUsedInInvestingActivitiesContinuingOperations" xlink:label="NetCashProvidedByUsedInInvestingActivitiesContinuingOperations" xlink:title="NetCashProvidedByUsedInInvestingActivitiesContinuingOperations" />
    <link:calculationArc xlink:type="arc" xlink:arcrole="http://www.xbrl.org/2003/arcrole/summation-item" xlink:from="NetCashProvidedByUsedInContinuingOperations" xlink:to="NetCashProvidedByUsedInInvestingActivitiesContinuingOperations" xlink:title="calculation: NetCashProvidedByUsedInContinuingOperations to NetCashProvidedByUsedInInvestingActivitiesContinuingOperations" order="2.0" weight="1" />
    <link:loc xlink:type="locator" xlink:href="http://xbrl.fasb.org/us-gaap/2012/elts/us-gaap-2012-01-31.xsd#us-gaap_PaymentsToAcquireOilAndGasPropertyAndEquipment" xlink:label="PaymentsToAcquireOilAndGasPropertyAndEquipment" xlink:title="PaymentsToAcquireOilAndGasPropertyAndEquipment" />
    <link:calculationArc xlink:type="arc" xlink:arcrole="http://www.xbrl.org/2003/arcrole/summation-item" xlink:from="NetCashProvidedByUsedInInvestingActivitiesContinuingOperations" xlink:to="PaymentsToAcquireOilAndGasPropertyAndEquipment" xlink:title="calculation: NetCashProvidedByUsedInInvestingActivitiesContinuingOperations to PaymentsToAcquireOilAndGasPropertyAndEquipment" order="1.0" weight="-1" />
    <link:loc xlink:type="locator" xlink:href="http://xbrl.fasb.org/us-gaap/2012/elts/us-gaap-2012-01-31.xsd#us-gaap_PaymentsToAcquireOtherPropertyPlantAndEquipment" xlink:label="PaymentsToAcquireOtherPropertyPlantAndEquipment" xlink:title="PaymentsToAcquireOtherPropertyPlantAndEquipment" />
    <link:calculationArc xlink:type="arc" xlink:arcrole="http://www.xbrl.org/2003/arcrole/summation-item" xlink:from="NetCashProvidedByUsedInInvestingActivitiesContinuingOperations" xlink:to="PaymentsToAcquireOtherPropertyPlantAndEquipment" xlink:title="calculation: NetCashProvidedByUsedInInvestingActivitiesContinuingOperations to PaymentsToAcquireOtherPropertyPlantAndEquipment" order="2.0" weight="-1" />
    <link:loc xlink:type="locator" xlink:href="http://xbrl.fasb.org/us-gaap/2012/elts/us-gaap-2012-01-31.xsd#us-gaap_PaymentsForProceedsFromInvestments" xlink:label="PaymentsForProceedsFromInvestments" xlink:title="PaymentsForProceedsFromInvestments" />
    <link:calculationArc xlink:type="arc" xlink:arcrole="http://www.xbrl.org/2003/arcrole/summation-item" xlink:from="NetCashProvidedByUsedInInvestingActivitiesContinuingOperations" xlink:to="PaymentsForProceedsFromInvestments" xlink:title="calculation: NetCashProvidedByUsedInInvestingActivitiesContinuingOperations to PaymentsForProceedsFromInvestments" order="3.0" weight="-1" />
    <link:loc xlink:type="locator" xlink:href="http://xbrl.fasb.org/us-gaap/2012/elts/us-gaap-2012-01-31.xsd#us-gaap_IncreaseDecreaseInRestrictedCash" xlink:label="IncreaseDecreaseInRestrictedCash" xlink:title="IncreaseDecreaseInRestrictedCash" />
    <link:calculationArc xlink:type="arc" xlink:arcrole="http://www.xbrl.org/2003/arcrole/summation-item" xlink:from="NetCashProvidedByUsedInInvestingActivitiesContinuingOperations" xlink:to="IncreaseDecreaseInRestrictedCash" xlink:title="calculation: NetCashProvidedByUsedInInvestingActivitiesContinuingOperations to IncreaseDecreaseInRestrictedCash" order="4.0" weight="-1" />
    <link:loc xlink:type="locator" xlink:href="http://xbrl.fasb.org/us-gaap/2012/elts/us-gaap-2012-01-31.xsd#us-gaap_NetCashProvidedByUsedInFinancingActivitiesContinuingOperations" xlink:label="NetCashProvidedByUsedInFinancingActivitiesContinuingOperations" xlink:title="NetCashProvidedByUsedInFinancingActivitiesContinuingOperations" />
    <link:calculationArc xlink:type="arc" xlink:arcrole="http://www.xbrl.org/2003/arcrole/summation-item" xlink:from="NetCashProvidedByUsedInContinuingOperations" xlink:to="NetCashProvidedByUsedInFinancingActivitiesContinuingOperations" xlink:title="calculation: NetCashProvidedByUsedInContinuingOperations to NetCashProvidedByUsedInFinancingActivitiesContinuingOperations" order="3.0" weight="1" />
    <link:loc xlink:type="locator" xlink:href="http://xbrl.fasb.org/us-gaap/2012/elts/us-gaap-2012-01-31.xsd#us-gaap_ProceedsFromIssuanceOfLongTermDebt" xlink:label="ProceedsFromIssuanceOfLongTermDebt" xlink:title="ProceedsFromIssuanceOfLongTermDebt" />
    <link:calculationArc xlink:type="arc" xlink:arcrole="http://www.xbrl.org/2003/arcrole/summation-item" xlink:from="NetCashProvidedByUsedInFinancingActivitiesContinuingOperations" xlink:to="ProceedsFromIssuanceOfLongTermDebt" xlink:title="calculation: NetCashProvidedByUsedInFinancingActivitiesContinuingOperations to ProceedsFromIssuanceOfLongTermDebt" order="1.0" weight="1" />
    <link:loc xlink:type="locator" xlink:href="http://xbrl.fasb.org/us-gaap/2012/elts/us-gaap-2012-01-31.xsd#us-gaap_RepaymentsOfLongTermDebt" xlink:label="RepaymentsOfLongTermDebt" xlink:title="RepaymentsOfLongTermDebt" />
    <link:calculationArc xlink:type="arc" xlink:arcrole="http://www.xbrl.org/2003/arcrole/summation-item" xlink:from="NetCashProvidedByUsedInFinancingActivitiesContinuingOperations" xlink:to="RepaymentsOfLongTermDebt" xlink:title="calculation: NetCashProvidedByUsedInFinancingActivitiesContinuingOperations to RepaymentsOfLongTermDebt" order="2.0" weight="-1" />
    <link:loc xlink:type="locator" xlink:href="http://xbrl.fasb.org/us-gaap/2012/elts/us-gaap-2012-01-31.xsd#us-gaap_ProceedsFromIssuanceInitialPublicOffering" xlink:label="ProceedsFromIssuanceInitialPublicOffering" xlink:title="ProceedsFromIssuanceInitialPublicOffering" />
    <link:calculationArc xlink:type="arc" xlink:arcrole="http://www.xbrl.org/2003/arcrole/summation-item" xlink:from="NetCashProvidedByUsedInFinancingActivitiesContinuingOperations" xlink:to="ProceedsFromIssuanceInitialPublicOffering" xlink:title="calculation: NetCashProvidedByUsedInFinancingActivitiesContinuingOperations to ProceedsFromIssuanceInitialPublicOffering" order="3.0" weight="1" />
    <link:loc xlink:type="locator" xlink:href="http://xbrl.fasb.org/us-gaap/2012/elts/us-gaap-2012-01-31.xsd#us-gaap_PaymentsForRepurchaseOfCommonStock" xlink:label="PaymentsForRepurchaseOfCommonStock" xlink:title="PaymentsForRepurchaseOfCommonStock" />
    <link:calculationArc xlink:type="arc" xlink:arcrole="http://www.xbrl.org/2003/arcrole/summation-item" xlink:from="NetCashProvidedByUsedInFinancingActivitiesContinuingOperations" xlink:to="PaymentsForRepurchaseOfCommonStock" xlink:title="calculation: NetCashProvidedByUsedInFinancingActivitiesContinuingOperations to PaymentsForRepurchaseOfCommonStock" order="4.0" weight="-1" />
    <link:loc xlink:type="locator" xlink:href="http://xbrl.fasb.org/us-gaap/2012/elts/us-gaap-2012-01-31.xsd#us-gaap_PaymentsOfFinancingCosts" xlink:label="PaymentsOfFinancingCosts" xlink:title="PaymentsOfFinancingCosts" />
    <link:calculationArc xlink:type="arc" xlink:arcrole="http://www.xbrl.org/2003/arcrole/summation-item" xlink:from="NetCashProvidedByUsedInFinancingActivitiesContinuingOperations" xlink:to="PaymentsOfFinancingCosts" xlink:title="calculation: NetCashProvidedByUsedInFinancingActivitiesContinuingOperations to PaymentsOfFinancingCosts" order="5.0" weight="-1" />
  </link:calculationLink>
  <link:calculationLink xlink:type="extended" xlink:role="http://www.kosmosenergy.com/role/StatementOfComprehensiveIncome">
    <link:loc xlink:type="locator" xlink:href="http://xbrl.fasb.org/us-gaap/2012/elts/us-gaap-2012-01-31.xsd#us-gaap_ComprehensiveIncomeNetOfTax" xlink:label="ComprehensiveIncomeNetOfTax" xlink:title="ComprehensiveIncomeNetOfTax" />
    <link:loc xlink:type="locator" xlink:href="http://xbrl.fasb.org/us-gaap/2012/elts/us-gaap-2012-01-31.xsd#us-gaap_ProfitLoss" xlink:label="ProfitLoss" xlink:title="ProfitLoss" />
    <link:calculationArc xlink:type="arc" xlink:arcrole="http://www.xbrl.org/2003/arcrole/summation-item" xlink:from="ComprehensiveIncomeNetOfTax" xlink:to="ProfitLoss" xlink:title="calculation: ComprehensiveIncomeNetOfTax to ProfitLoss" order="1.0" weight="1" />
    <link:loc xlink:type="locator" xlink:href="http://xbrl.fasb.org/us-gaap/2012/elts/us-gaap-2012-01-31.xsd#us-gaap_OtherComprehensiveIncomeLossNetOfTaxPortionAttributableToParent" xlink:label="OtherComprehensiveIncomeLossNetOfTaxPortionAttributableToParent" xlink:title="OtherComprehensiveIncomeLossNetOfTaxPortionAttributableToParent" />
    <link:calculationArc xlink:type="arc" xlink:arcrole="http://www.xbrl.org/2003/arcrole/summation-item" xlink:from="ComprehensiveIncomeNetOfTax" xlink:to="OtherComprehensiveIncomeLossNetOfTaxPortionAttributableToParent" xlink:title="calculation: ComprehensiveIncomeNetOfTax to OtherComprehensiveIncomeLossNetOfTaxPortionAttributableToParent" order="2.0" weight="1" />
    <link:loc xlink:type="locator" xlink:href="http://xbrl.fasb.org/us-gaap/2012/elts/us-gaap-2012-01-31.xsd#us-gaap_OtherComprehensiveIncomeLossReclassificationAdjustmentOnDerivativesIncludedInNetIncomeBeforeTax" xlink:label="OtherComprehensiveIncomeLossReclassificationAdjustmentOnDerivativesIncludedInNetIncomeBeforeTax" xlink:title="OtherComprehensiveIncomeLossReclassificationAdjustmentOnDerivativesIncludedInNetIncomeBeforeTax" />
    <link:calculationArc xlink:type="arc" xlink:arcrole="http://www.xbrl.org/2003/arcrole/summation-item" xlink:from="OtherComprehensiveIncomeLossNetOfTaxPortionAttributableToParent" xlink:to="OtherComprehensiveIncomeLossReclassificationAdjustmentOnDerivativesIncludedInNetIncomeBeforeTax" xlink:title="calculation: OtherComprehensiveIncomeLossNetOfTaxPortionAttributableToParent to OtherComprehensiveIncomeLossReclassificationAdjustmentOnDerivativesIncludedInNetIncomeBeforeTax" order="1.0" weight="1" />
  </link:calculationLink>
  <link:calculationLink xlink:type="extended" xlink:role="http://www.kosmosenergy.com/role/DisclosurePropertyAndEquipmentDetails">
    <link:loc xlink:type="locator" xlink:href="http://xbrl.fasb.org/us-gaap/2012/elts/us-gaap-2012-01-31.xsd#us-gaap_OilAndGasPropertySuccessfulEffortMethodNet" xlink:label="OilAndGasPropertySuccessfulEffortMethodNet" xlink:title="OilAndGasPropertySuccessfulEffortMethodNet" />
    <link:loc xlink:type="locator" xlink:href="http://xbrl.fasb.org/us-gaap/2012/elts/us-gaap-2012-01-31.xsd#us-gaap_OilAndGasPropertySuccessfulEffortMethodGross" xlink:label="OilAndGasPropertySuccessfulEffortMethodGross" xlink:title="OilAndGasPropertySuccessfulEffortMethodGross" />
    <link:calculationArc xlink:type="arc" xlink:arcrole="http://www.xbrl.org/2003/arcrole/summation-item" xlink:from="OilAndGasPropertySuccessfulEffortMethodNet" xlink:to="OilAndGasPropertySuccessfulEffortMethodGross" xlink:title="calculation: OilAndGasPropertySuccessfulEffortMethodNet to OilAndGasPropertySuccessfulEffortMethodGross" use="optional" order="1.0" weight="1" />
    <link:loc xlink:type="locator" xlink:href="http://xbrl.fasb.org/us-gaap/2012/elts/us-gaap-2012-01-31.xsd#us-gaap_ProvedOilAndGasPropertySuccessfulEffortMethod" xlink:label="ProvedOilAndGasPropertySuccessfulEffortMethod" xlink:title="ProvedOilAndGasPropertySuccessfulEffortMethod" />
    <link:calculationArc xlink:type="arc" xlink:arcrole="http://www.xbrl.org/2003/arcrole/summation-item" xlink:from="OilAndGasPropertySuccessfulEffortMethodGross" xlink:to="ProvedOilAndGasPropertySuccessfulEffortMethod" xlink:title="calculation: OilAndGasPropertySuccessfulEffortMethodGross to ProvedOilAndGasPropertySuccessfulEffortMethod" use="optional" order="1.0" weight="1" />
    <link:loc xlink:type="locator" xlink:href="http://xbrl.fasb.org/us-gaap/2012/elts/us-gaap-2012-01-31.xsd#us-gaap_UnprovedOilAndGasPropertySuccessfulEffortMethod" xlink:label="UnprovedOilAndGasPropertySuccessfulEffortMethod" xlink:title="UnprovedOilAndGasPropertySuccessfulEffortMethod" />
    <link:calculationArc xlink:type="arc" xlink:arcrole="http://www.xbrl.org/2003/arcrole/summation-item" xlink:from="OilAndGasPropertySuccessfulEffortMethodGross" xlink:to="UnprovedOilAndGasPropertySuccessfulEffortMethod" xlink:title="calculation: OilAndGasPropertySuccessfulEffortMethodGross to UnprovedOilAndGasPropertySuccessfulEffortMethod" use="optional" order="2.0" weight="1" />
    <link:loc xlink:type="locator" xlink:href="http://xbrl.fasb.org/us-gaap/2012/elts/us-gaap-2012-01-31.xsd#us-gaap_CapitalizedCostsSupportEquipmentAndFacilities" xlink:label="CapitalizedCostsSupportEquipmentAndFacilities" xlink:title="CapitalizedCostsSupportEquipmentAndFacilities" />
    <link:calculationArc xlink:type="arc" xlink:arcrole="http://www.xbrl.org/2003/arcrole/summation-item" xlink:from="OilAndGasPropertySuccessfulEffortMethodGross" xlink:to="CapitalizedCostsSupportEquipmentAndFacilities" xlink:title="calculation: OilAndGasPropertySuccessfulEffortMethodGross to CapitalizedCostsSupportEquipmentAndFacilities" use="optional" order="3.0" weight="1" />
    <link:loc xlink:type="locator" xlink:href="http://xbrl.fasb.org/us-gaap/2012/elts/us-gaap-2012-01-31.xsd#us-gaap_OilAndGasPropertySuccessfulEffortMethodAccumulatedDepreciationDepletionAndAmortization" xlink:label="OilAndGasPropertySuccessfulEffortMethodAccumulatedDepreciationDepletionAndAmortization" xlink:title="OilAndGasPropertySuccessfulEffortMethodAccumulatedDepreciationDepletionAndAmortization" />
    <link:calculationArc xlink:type="arc" xlink:arcrole="http://www.xbrl.org/2003/arcrole/summation-item" xlink:from="OilAndGasPropertySuccessfulEffortMethodNet" xlink:to="OilAndGasPropertySuccessfulEffortMethodAccumulatedDepreciationDepletionAndAmortization" xlink:title="calculation: OilAndGasPropertySuccessfulEffortMethodNet to OilAndGasPropertySuccessfulEffortMethodAccumulatedDepreciationDepletionAndAmortization" use="optional" order="2.0" weight="-1" />
  </link:calculationLink>
  <link:calculationLink xlink:type="extended" xlink:role="http://www.kosmosenergy.com/role/DisclosureSuspendedWellCostsDetails">
    <link:loc xlink:type="locator" xlink:href="http://xbrl.fasb.org/us-gaap/2012/elts/us-gaap-2012-01-31.xsd#us-gaap_CapitalizedExploratoryWellCosts" xlink:label="CapitalizedExploratoryWellCosts" xlink:title="CapitalizedExploratoryWellCosts" />
    <link:loc xlink:type="locator" xlink:href="http://xbrl.fasb.org/us-gaap/2012/elts/us-gaap-2012-01-31.xsd#us-gaap_CapitalizedExploratoryWellCostsThatHaveBeenCapitalizedForPeriodOfOneYearOrLess" xlink:label="CapitalizedExploratoryWellCostsThatHaveBeenCapitalizedForPeriodOfOneYearOrLess" xlink:title="CapitalizedExploratoryWellCostsThatHaveBeenCapitalizedForPeriodOfOneYearOrLess" />
    <link:calculationArc xlink:type="arc" xlink:arcrole="http://www.xbrl.org/2003/arcrole/summation-item" xlink:from="CapitalizedExploratoryWellCosts" xlink:to="CapitalizedExploratoryWellCostsThatHaveBeenCapitalizedForPeriodOfOneYearOrLess" xlink:title="calculation: CapitalizedExploratoryWellCosts to CapitalizedExploratoryWellCostsThatHaveBeenCapitalizedForPeriodOfOneYearOrLess" order="1.0" weight="1" />
    <link:loc xlink:type="locator" xlink:href="http://xbrl.fasb.org/us-gaap/2012/elts/us-gaap-2012-01-31.xsd#us-gaap_CapitalizedExploratoryWellCostsThatHaveBeenCapitalizedForPeriodGreaterThanOneYear" xlink:label="CapitalizedExploratoryWellCostsThatHaveBeenCapitalizedForPeriodGreaterThanOneYear" xlink:title="CapitalizedExploratoryWellCostsThatHaveBeenCapitalizedForPeriodGreaterThanOneYear" />
    <link:calculationArc xlink:type="arc" xlink:arcrole="http://www.xbrl.org/2003/arcrole/summation-item" xlink:from="CapitalizedExploratoryWellCosts" xlink:to="CapitalizedExploratoryWellCostsThatHaveBeenCapitalizedForPeriodGreaterThanOneYear" xlink:title="calculation: CapitalizedExploratoryWellCosts to CapitalizedExploratoryWellCostsThatHaveBeenCapitalizedForPeriodGreaterThanOneYear" order="2.0" weight="1" />
  </link:calculationLink>
  <link:calculationLink xlink:type="extended" xlink:role="http://www.kosmosenergy.com/role/DisclosureAccountsPayableAndAccruedLiabilitiesDetails">
    <link:loc xlink:type="locator" xlink:href="http://xbrl.fasb.org/us-gaap/2012/elts/us-gaap-2012-01-31.xsd#us-gaap_AccruedLiabilitiesCurrent" xlink:label="AccruedLiabilitiesCurrent" xlink:title="AccruedLiabilitiesCurrent" />
    <link:loc xlink:type="locator" xlink:href="kos-20120930.xsd#kos_AccruedExplorationDevelopmentAndProductionCostsCurrent" xlink:label="AccruedExplorationDevelopmentAndProductionCostsCurrent" xlink:title="AccruedExplorationDevelopmentAndProductionCostsCurrent" />
    <link:calculationArc xlink:type="arc" xlink:arcrole="http://www.xbrl.org/2003/arcrole/summation-item" xlink:from="AccruedLiabilitiesCurrent" xlink:to="AccruedExplorationDevelopmentAndProductionCostsCurrent" xlink:title="calculation: AccruedLiabilitiesCurrent to AccruedExplorationDevelopmentAndProductionCostsCurrent" order="1.0" weight="1" />
    <link:loc xlink:type="locator" xlink:href="kos-20120930.xsd#kos_AccruedGeneralAndAdministrativeExpensesCurrent" xlink:label="AccruedGeneralAndAdministrativeExpensesCurrent" xlink:title="AccruedGeneralAndAdministrativeExpensesCurrent" />
    <link:calculationArc xlink:type="arc" xlink:arcrole="http://www.xbrl.org/2003/arcrole/summation-item" xlink:from="AccruedLiabilitiesCurrent" xlink:to="AccruedGeneralAndAdministrativeExpensesCurrent" xlink:title="calculation: AccruedLiabilitiesCurrent to AccruedGeneralAndAdministrativeExpensesCurrent" order="2.0" weight="1" />
    <link:loc xlink:type="locator" xlink:href="kos-20120930.xsd#kos_AccrualForAllOtherTaxesCurrent" xlink:label="AccrualForAllOtherTaxesCurrent" xlink:title="AccrualForAllOtherTaxesCurrent" />
    <link:calculationArc xlink:type="arc" xlink:arcrole="http://www.xbrl.org/2003/arcrole/summation-item" xlink:from="AccruedLiabilitiesCurrent" xlink:to="AccrualForAllOtherTaxesCurrent" xlink:title="calculation: AccruedLiabilitiesCurrent to AccrualForAllOtherTaxesCurrent" use="optional" order="3.0" weight="1" />
    <link:loc xlink:type="locator" xlink:href="http://xbrl.fasb.org/us-gaap/2012/elts/us-gaap-2012-01-31.xsd#us-gaap_InterestPayableCurrent" xlink:label="InterestPayableCurrent" xlink:title="InterestPayableCurrent" />
    <link:calculationArc xlink:type="arc" xlink:arcrole="http://www.xbrl.org/2003/arcrole/summation-item" xlink:from="AccruedLiabilitiesCurrent" xlink:to="InterestPayableCurrent" xlink:title="calculation: AccruedLiabilitiesCurrent to InterestPayableCurrent" use="optional" order="4.0" weight="1" />
    <link:loc xlink:type="locator" xlink:href="http://xbrl.fasb.org/us-gaap/2012/elts/us-gaap-2012-01-31.xsd#us-gaap_AccruedIncomeTaxesCurrent" xlink:label="AccruedIncomeTaxesCurrent" xlink:title="AccruedIncomeTaxesCurrent" />
    <link:calculationArc xlink:type="arc" xlink:arcrole="http://www.xbrl.org/2003/arcrole/summation-item" xlink:from="AccruedLiabilitiesCurrent" xlink:to="AccruedIncomeTaxesCurrent" xlink:title="calculation: AccruedLiabilitiesCurrent to AccruedIncomeTaxesCurrent" order="5.0" weight="1" />
  </link:calculationLink>
  <link:calculationLink xlink:type="extended" xlink:role="http://www.kosmosenergy.com/role/DisclosureDerivativeFinancialInstrumentsDetails4">
    <link:loc xlink:type="locator" xlink:href="http://xbrl.fasb.org/us-gaap/2012/elts/us-gaap-2012-01-31.xsd#us-gaap_DerivativeGainLossOnDerivativeNet" xlink:label="DerivativeGainLossOnDerivativeNet" xlink:title="DerivativeGainLossOnDerivativeNet" />
    <link:loc xlink:type="locator" xlink:href="http://xbrl.fasb.org/us-gaap/2012/elts/us-gaap-2012-01-31.xsd#us-gaap_DerivativeInstrumentsGainLossReclassifiedFromAccumulatedOCIIntoIncomeEffectivePortionNet" xlink:label="DerivativeInstrumentsGainLossReclassifiedFromAccumulatedOCIIntoIncomeEffectivePortionNet" xlink:title="DerivativeInstrumentsGainLossReclassifiedFromAccumulatedOCIIntoIncomeEffectivePortionNet" />
    <link:calculationArc xlink:type="arc" xlink:arcrole="http://www.xbrl.org/2003/arcrole/summation-item" xlink:from="DerivativeGainLossOnDerivativeNet" xlink:to="DerivativeInstrumentsGainLossReclassifiedFromAccumulatedOCIIntoIncomeEffectivePortionNet" xlink:title="calculation: DerivativeGainLossOnDerivativeNet to DerivativeInstrumentsGainLossReclassifiedFromAccumulatedOCIIntoIncomeEffectivePortionNet" order="1.0" weight="1" />
  </link:calculationLink>
  <link:calculationLink xlink:type="extended" xlink:role="http://www.kosmosenergy.com/role/DisclosureNetIncomeLossPerShareDetails">
    <link:loc xlink:type="locator" xlink:href="http://xbrl.fasb.org/us-gaap/2012/elts/us-gaap-2012-01-31.xsd#us-gaap_WeightedAverageNumberOfDilutedSharesOutstanding" xlink:label="WeightedAverageNumberOfDilutedSharesOutstanding" xlink:title="WeightedAverageNumberOfDilutedSharesOutstanding" />
    <link:loc xlink:type="locator" xlink:href="http://xbrl.fasb.org/us-gaap/2012/elts/us-gaap-2012-01-31.xsd#us-gaap_WeightedAverageNumberOfSharesOutstandingBasic" xlink:label="WeightedAverageNumberOfSharesOutstandingBasic" xlink:title="WeightedAverageNumberOfSharesOutstandingBasic" />
    <link:calculationArc xlink:type="arc" xlink:arcrole="http://www.xbrl.org/2003/arcrole/summation-item" xlink:from="WeightedAverageNumberOfDilutedSharesOutstanding" xlink:to="WeightedAverageNumberOfSharesOutstandingBasic" xlink:title="calculation: WeightedAverageNumberOfDilutedSharesOutstanding to WeightedAverageNumberOfSharesOutstandingBasic" use="optional" order="1.0" weight="1" />
    <link:loc xlink:type="locator" xlink:href="http://xbrl.fasb.org/us-gaap/2012/elts/us-gaap-2012-01-31.xsd#us-gaap_IncrementalCommonSharesAttributableToShareBasedPaymentArrangements" xlink:label="IncrementalCommonSharesAttributableToShareBasedPaymentArrangements" xlink:title="IncrementalCommonSharesAttributableToShareBasedPaymentArrangements" />
    <link:calculationArc xlink:type="arc" xlink:arcrole="http://www.xbrl.org/2003/arcrole/summation-item" xlink:from="WeightedAverageNumberOfDilutedSharesOutstanding" xlink:to="IncrementalCommonSharesAttributableToShareBasedPaymentArrangements" xlink:title="calculation: WeightedAverageNumberOfDilutedSharesOutstanding to IncrementalCommonSharesAttributableToShareBasedPaymentArrangements" use="optional" order="2.0" weight="1" />
  </link:calculationLink>
  <link:calculationLink xlink:type="extended" xlink:role="http://www.kosmosenergy.com/role/DisclosureAcquisitionOfFPSODetails">
    <link:loc xlink:type="locator" xlink:href="http://xbrl.fasb.org/us-gaap/2012/elts/us-gaap-2012-01-31.xsd#us-gaap_SignificantAcquisitionsAndDisposalsAcquisitionCostsOrSaleProceeds" xlink:label="SignificantAcquisitionsAndDisposalsAcquisitionCostsOrSaleProceeds" xlink:title="SignificantAcquisitionsAndDisposalsAcquisitionCostsOrSaleProceeds" />
    <link:loc xlink:type="locator" xlink:href="kos-20120930.xsd#kos_SignificantAcquisitionsAndDisposalsCostOfAcquiredAssetOtherNoncashConsideration" xlink:label="SignificantAcquisitionsAndDisposalsCostOfAcquiredAssetOtherNoncashConsideration" xlink:title="SignificantAcquisitionsAndDisposalsCostOfAcquiredAssetOtherNoncashConsideration" />
    <link:calculationArc xlink:type="arc" xlink:arcrole="http://www.xbrl.org/2003/arcrole/summation-item" xlink:from="SignificantAcquisitionsAndDisposalsAcquisitionCostsOrSaleProceeds" xlink:to="SignificantAcquisitionsAndDisposalsCostOfAcquiredAssetOtherNoncashConsideration" xlink:title="calculation: SignificantAcquisitionsAndDisposalsAcquisitionCostsOrSaleProceeds to SignificantAcquisitionsAndDisposalsCostOfAcquiredAssetOtherNoncashConsideration" order="1.0" weight="1" />
    <link:loc xlink:type="locator" xlink:href="kos-20120930.xsd#kos_SignificantAcquisitionsAndDisposalsCostOfAcquiredAssetsCashPaid" xlink:label="SignificantAcquisitionsAndDisposalsCostOfAcquiredAssetsCashPaid" xlink:title="SignificantAcquisitionsAndDisposalsCostOfAcquiredAssetsCashPaid" />
    <link:calculationArc xlink:type="arc" xlink:arcrole="http://www.xbrl.org/2003/arcrole/summation-item" xlink:from="SignificantAcquisitionsAndDisposalsAcquisitionCostsOrSaleProceeds" xlink:to="SignificantAcquisitionsAndDisposalsCostOfAcquiredAssetsCashPaid" xlink:title="calculation: SignificantAcquisitionsAndDisposalsAcquisitionCostsOrSaleProceeds to SignificantAcquisitionsAndDisposalsCostOfAcquiredAssetsCashPaid" order="2.0" weight="1" />
  </link:calculationLink>
  <link:calculationLink xlink:type="extended" xlink:role="http://www.kosmosenergy.com/role/DisclosureDerivativeFinancialInstrumentsDetails3">
    <link:loc xlink:type="locator" xlink:href="http://xbrl.fasb.org/us-gaap/2012/elts/us-gaap-2012-01-31.xsd#us-gaap_DerivativeAssetsLiabilitiesAtFairValueNet" xlink:label="DerivativeAssetsLiabilitiesAtFairValueNet" xlink:title="DerivativeAssetsLiabilitiesAtFairValueNet" />
    <link:loc xlink:type="locator" xlink:href="http://xbrl.fasb.org/us-gaap/2012/elts/us-gaap-2012-01-31.xsd#us-gaap_DerivativeLiabilitiesCurrent" xlink:label="DerivativeLiabilitiesCurrent" xlink:title="DerivativeLiabilitiesCurrent" />
    <link:calculationArc xlink:type="arc" xlink:arcrole="http://www.xbrl.org/2003/arcrole/summation-item" xlink:from="DerivativeAssetsLiabilitiesAtFairValueNet" xlink:to="DerivativeLiabilitiesCurrent" xlink:title="calculation: DerivativeAssetsLiabilitiesAtFairValueNet to DerivativeLiabilitiesCurrent" use="optional" order="1.0" weight="-1" />
    <link:loc xlink:type="locator" xlink:href="http://xbrl.fasb.org/us-gaap/2012/elts/us-gaap-2012-01-31.xsd#us-gaap_DerivativeLiabilitiesNoncurrent" xlink:label="DerivativeLiabilitiesNoncurrent" xlink:title="DerivativeLiabilitiesNoncurrent" />
    <link:calculationArc xlink:type="arc" xlink:arcrole="http://www.xbrl.org/2003/arcrole/summation-item" xlink:from="DerivativeAssetsLiabilitiesAtFairValueNet" xlink:to="DerivativeLiabilitiesNoncurrent" xlink:title="calculation: DerivativeAssetsLiabilitiesAtFairValueNet to DerivativeLiabilitiesNoncurrent" use="optional" order="2.0" weight="-1" />
    <link:loc xlink:type="locator" xlink:href="http://xbrl.fasb.org/us-gaap/2012/elts/us-gaap-2012-01-31.xsd#us-gaap_DerivativeAssetsCurrent" xlink:label="DerivativeAssetsCurrent" xlink:title="DerivativeAssetsCurrent" />
    <link:calculationArc xlink:type="arc" xlink:arcrole="http://www.xbrl.org/2003/arcrole/summation-item" xlink:from="DerivativeAssetsLiabilitiesAtFairValueNet" xlink:to="DerivativeAssetsCurrent" xlink:title="calculation: DerivativeAssetsLiabilitiesAtFairValueNet to DerivativeAssetsCurrent" use="optional" order="3.0" weight="1" />
  </link:calculationLink>
</link:linkbase>
