<?xml version="1.0" encoding="US-ASCII" standalone="no"?>
    <!-- Field: Doc-Info; Name: Generator; Value: GoFiler Complete; Version: 3.4b -->
    <!-- Field: Doc-Info; Name: VendorURI; Value: http://www.novaworks.co -->
    <!-- Field: Doc-Info; Name: Source; Value: AFHACQXII%2D20121031 10K FY.xfr; Date: 2013/01/29T15:08:44 -->
    <!-- Field: Doc-Info; Name: Status; Value: 0x80000000 -->
<link:linkbase xmlns:xsi="http://www.w3.org/2001/XMLSchema-instance" xmlns:xlink="http://www.w3.org/1999/xlink" xmlns:link="http://www.xbrl.org/2003/linkbase" xmlns:xbrli="http://www.xbrl.org/2003/instance" xsi:schemaLocation="http://www.xbrl.org/2003/linkbase http://www.xbrl.org/2003/xbrl-linkbase-2003-12-31.xsd">
    <link:roleRef roleURI="http://AFHACQXII/role/DocumentAndEntityInformation" xlink:href="afhacqxii-20121031.xsd#DocumentAndEntityInformation" xlink:type="simple" />
    <link:roleRef roleURI="http://AFHACQXII/role/BalanceSheets" xlink:href="afhacqxii-20121031.xsd#BalanceSheets" xlink:type="simple" />
    <link:roleRef roleURI="http://AFHACQXII/role/BalanceSheetsParenthetical" xlink:href="afhacqxii-20121031.xsd#BalanceSheetsParenthetical" xlink:type="simple" />
    <link:roleRef roleURI="http://AFHACQXII/role/StatementsOfChangesInStockholdersDeficit" xlink:href="afhacqxii-20121031.xsd#StatementsOfChangesInStockholdersDeficit" xlink:type="simple" />
    <link:roleRef roleURI="http://AFHACQXII/role/StatementsOfOperations" xlink:href="afhacqxii-20121031.xsd#StatementsOfOperations" xlink:type="simple" />
    <link:roleRef roleURI="http://AFHACQXII/role/StatementOfCashFlows" xlink:href="afhacqxii-20121031.xsd#StatementOfCashFlows" xlink:type="simple" />
    <link:roleRef roleURI="http://AFHACQXII/role/Company" xlink:href="afhacqxii-20121031.xsd#Company" xlink:type="simple" />
    <link:roleRef roleURI="http://AFHACQXII/role/SummaryOfSignificantAccountingPolicies" xlink:href="afhacqxii-20121031.xsd#SummaryOfSignificantAccountingPolicies" xlink:type="simple" />
    <link:roleRef roleURI="http://AFHACQXII/role/EquitySecurities" xlink:href="afhacqxii-20121031.xsd#EquitySecurities" xlink:type="simple" />
    <link:roleRef roleURI="http://AFHACQXII/role/GoingConcern" xlink:href="afhacqxii-20121031.xsd#GoingConcern" xlink:type="simple" />
    <link:roleRef roleURI="http://AFHACQXII/role/DueToParent" xlink:href="afhacqxii-20121031.xsd#DueToParent" xlink:type="simple" />
    <link:roleRef roleURI="http://AFHACQXII/role/SummaryOfSignificantAccountingPoliciesPolicies" xlink:href="afhacqxii-20121031.xsd#SummaryOfSignificantAccountingPoliciesPolicies" xlink:type="simple" />
    <link:roleRef roleURI="http://AFHACQXII/role/GoingConcernDetailsNarrative" xlink:href="afhacqxii-20121031.xsd#GoingConcernDetailsNarrative" xlink:type="simple" />
    <link:calculationLink xlink:type="extended" xlink:role="http://AFHACQXII/role/DocumentAndEntityInformation" xlink:title="0001 - Document - Document and Entity Information" />
    <link:calculationLink xlink:type="extended" xlink:role="http://AFHACQXII/role/BalanceSheets" xlink:title="0002 - Statement - Balance Sheets">
      <link:loc xlink:type="locator" xlink:href="http://xbrl.fasb.org/us-gaap/2012/elts/us-gaap-2012-01-31.xsd#us-gaap_Assets" xlink:label="loc_AFHACQXIIAssets" />
      <link:loc xlink:type="locator" xlink:href="http://xbrl.fasb.org/us-gaap/2012/elts/us-gaap-2012-01-31.xsd#us-gaap_CashAndCashEquivalentsAtCarryingValue" xlink:label="loc_AFHACQXIICashAndCashEquivalentsAtCarryingValue" />
      <link:calculationArc order="100" xlink:arcrole="http://www.xbrl.org/2003/arcrole/summation-item" xlink:from="loc_AFHACQXIIAssets" xlink:to="loc_AFHACQXIICashAndCashEquivalentsAtCarryingValue" xlink:type="arc" weight="1" />
      <link:loc xlink:type="locator" xlink:href="http://xbrl.fasb.org/us-gaap/2012/elts/us-gaap-2012-01-31.xsd#us-gaap_Liabilities" xlink:label="loc_AFHACQXIILiabilities" />
      <link:loc xlink:type="locator" xlink:href="http://xbrl.fasb.org/us-gaap/2012/elts/us-gaap-2012-01-31.xsd#us-gaap_AccruedLiabilitiesCurrentAndNoncurrent" xlink:label="loc_AFHACQXIIAccruedLiabilitiesCurrentAndNoncurrent" />
      <link:calculationArc order="100" xlink:arcrole="http://www.xbrl.org/2003/arcrole/summation-item" xlink:from="loc_AFHACQXIILiabilities" xlink:to="loc_AFHACQXIIAccruedLiabilitiesCurrentAndNoncurrent" xlink:type="arc" weight="1" />
      <link:loc xlink:type="locator" xlink:href="http://xbrl.fasb.org/us-gaap/2012/elts/us-gaap-2012-01-31.xsd#us-gaap_DueToRelatedPartiesCurrentAndNoncurrent" xlink:label="loc_AFHACQXIIDueToRelatedPartiesCurrentAndNoncurrent" />
      <link:calculationArc order="200" xlink:arcrole="http://www.xbrl.org/2003/arcrole/summation-item" xlink:from="loc_AFHACQXIILiabilities" xlink:to="loc_AFHACQXIIDueToRelatedPartiesCurrentAndNoncurrent" xlink:type="arc" weight="1" />
      <link:loc xlink:type="locator" xlink:href="http://xbrl.fasb.org/us-gaap/2012/elts/us-gaap-2012-01-31.xsd#us-gaap_StockholdersEquity" xlink:label="loc_AFHACQXIIStockholdersEquity" />
      <link:loc xlink:type="locator" xlink:href="http://xbrl.fasb.org/us-gaap/2012/elts/us-gaap-2012-01-31.xsd#us-gaap_PreferredStockValue" xlink:label="loc_AFHACQXIIPreferredStockValue" />
      <link:calculationArc order="100" xlink:arcrole="http://www.xbrl.org/2003/arcrole/summation-item" xlink:from="loc_AFHACQXIIStockholdersEquity" xlink:to="loc_AFHACQXIIPreferredStockValue" xlink:type="arc" weight="1" />
      <link:loc xlink:type="locator" xlink:href="http://xbrl.fasb.org/us-gaap/2012/elts/us-gaap-2012-01-31.xsd#us-gaap_CommonStockValue" xlink:label="loc_AFHACQXIICommonStockValue" />
      <link:calculationArc order="200" xlink:arcrole="http://www.xbrl.org/2003/arcrole/summation-item" xlink:from="loc_AFHACQXIIStockholdersEquity" xlink:to="loc_AFHACQXIICommonStockValue" xlink:type="arc" weight="1" />
      <link:loc xlink:type="locator" xlink:href="http://xbrl.fasb.org/us-gaap/2012/elts/us-gaap-2012-01-31.xsd#us-gaap_AdditionalPaidInCapital" xlink:label="loc_AFHACQXIIAdditionalPaidInCapital" />
      <link:calculationArc order="300" xlink:arcrole="http://www.xbrl.org/2003/arcrole/summation-item" xlink:from="loc_AFHACQXIIStockholdersEquity" xlink:to="loc_AFHACQXIIAdditionalPaidInCapital" xlink:type="arc" weight="1" />
      <link:loc xlink:type="locator" xlink:href="http://xbrl.fasb.org/us-gaap/2012/elts/us-gaap-2012-01-31.xsd#us-gaap_DevelopmentStageEnterpriseDeficitAccumulatedDuringDevelopmentStage" xlink:label="loc_AFHACQXIIDevelopmentStageEnterpriseDeficitAccumulatedDuringDevelopmentStage" />
      <link:calculationArc order="400" xlink:arcrole="http://www.xbrl.org/2003/arcrole/summation-item" xlink:from="loc_AFHACQXIIStockholdersEquity" xlink:to="loc_AFHACQXIIDevelopmentStageEnterpriseDeficitAccumulatedDuringDevelopmentStage" xlink:type="arc" weight="-1" />
      <link:loc xlink:type="locator" xlink:href="http://xbrl.fasb.org/us-gaap/2012/elts/us-gaap-2012-01-31.xsd#us-gaap_LiabilitiesAndStockholdersEquity" xlink:label="loc_AFHACQXIILiabilitiesAndStockholdersEquity" />
      <link:calculationArc order="100" xlink:arcrole="http://www.xbrl.org/2003/arcrole/summation-item" xlink:from="loc_AFHACQXIILiabilitiesAndStockholdersEquity" xlink:to="loc_AFHACQXIILiabilities" xlink:type="arc" weight="1" />
      <link:calculationArc order="200" xlink:arcrole="http://www.xbrl.org/2003/arcrole/summation-item" xlink:from="loc_AFHACQXIILiabilitiesAndStockholdersEquity" xlink:to="loc_AFHACQXIIStockholdersEquity" xlink:type="arc" weight="1" />
    </link:calculationLink>
    <link:calculationLink xlink:type="extended" xlink:role="http://AFHACQXII/role/BalanceSheetsParenthetical" xlink:title="0003 - Statement - Balance Sheets (Parenthetical)" />
    <link:calculationLink xlink:type="extended" xlink:role="http://AFHACQXII/role/StatementsOfChangesInStockholdersDeficit" xlink:title="0004 - Statement - Statements of Changes in Stockholder's Deficit" />
    <link:calculationLink xlink:type="extended" xlink:role="http://AFHACQXII/role/StatementsOfOperations" xlink:title="0005 - Statement - Statements of Operations">
      <link:loc xlink:type="locator" xlink:href="http://xbrl.fasb.org/us-gaap/2012/elts/us-gaap-2012-01-31.xsd#us-gaap_OperatingExpenses" xlink:label="loc_AFHACQXIIOperatingExpenses" />
      <link:loc xlink:type="locator" xlink:href="http://xbrl.fasb.org/us-gaap/2012/elts/us-gaap-2012-01-31.xsd#us-gaap_InterestExpense" xlink:label="loc_AFHACQXIIInterestExpense" />
      <link:calculationArc order="100" xlink:arcrole="http://www.xbrl.org/2003/arcrole/summation-item" xlink:from="loc_AFHACQXIIOperatingExpenses" xlink:to="loc_AFHACQXIIInterestExpense" xlink:type="arc" weight="1" />
      <link:loc xlink:type="locator" xlink:href="http://xbrl.fasb.org/us-gaap/2012/elts/us-gaap-2012-01-31.xsd#us-gaap_LeaseAndRentalExpense" xlink:label="loc_AFHACQXIILeaseAndRentalExpense" />
      <link:calculationArc order="200" xlink:arcrole="http://www.xbrl.org/2003/arcrole/summation-item" xlink:from="loc_AFHACQXIIOperatingExpenses" xlink:to="loc_AFHACQXIILeaseAndRentalExpense" xlink:type="arc" weight="1" />
      <link:loc xlink:type="locator" xlink:href="afhacqxii-20121031.xsd#AFHACQXII_ConsultingExpenses" xlink:label="loc_AFHACQXIIConsultingExpenses" />
      <link:calculationArc order="300" xlink:arcrole="http://www.xbrl.org/2003/arcrole/summation-item" xlink:from="loc_AFHACQXIIOperatingExpenses" xlink:to="loc_AFHACQXIIConsultingExpenses" xlink:type="arc" weight="1" />
      <link:loc xlink:type="locator" xlink:href="http://xbrl.fasb.org/us-gaap/2012/elts/us-gaap-2012-01-31.xsd#us-gaap_ProfessionalFees" xlink:label="loc_AFHACQXIIProfessionalFees" />
      <link:calculationArc order="400" xlink:arcrole="http://www.xbrl.org/2003/arcrole/summation-item" xlink:from="loc_AFHACQXIIOperatingExpenses" xlink:to="loc_AFHACQXIIProfessionalFees" xlink:type="arc" weight="1" />
      <link:loc xlink:type="locator" xlink:href="http://xbrl.fasb.org/us-gaap/2012/elts/us-gaap-2012-01-31.xsd#us-gaap_OtherGeneralAndAdministrativeExpense" xlink:label="loc_AFHACQXIIOtherGeneralAndAdministrativeExpense" />
      <link:calculationArc order="500" xlink:arcrole="http://www.xbrl.org/2003/arcrole/summation-item" xlink:from="loc_AFHACQXIIOperatingExpenses" xlink:to="loc_AFHACQXIIOtherGeneralAndAdministrativeExpense" xlink:type="arc" weight="1" />
      <link:loc xlink:type="locator" xlink:href="afhacqxii-20121031.xsd#AFHACQXII_OrganizationalCosts" xlink:label="loc_AFHACQXIIOrganizationalCosts" />
      <link:calculationArc order="600" xlink:arcrole="http://www.xbrl.org/2003/arcrole/summation-item" xlink:from="loc_AFHACQXIIOperatingExpenses" xlink:to="loc_AFHACQXIIOrganizationalCosts" xlink:type="arc" weight="1" />
      <link:loc xlink:type="locator" xlink:href="http://xbrl.fasb.org/us-gaap/2012/elts/us-gaap-2012-01-31.xsd#us-gaap_IncomeLossFromContinuingOperationsBeforeIncomeTaxesExtraordinaryItemsNoncontrollingInterest" xlink:label="loc_AFHACQXIIIncomeLossFromContinuingOperationsBeforeIncomeTaxesExtraordinaryItemsNoncontrollingInterest" />
      <link:loc xlink:type="locator" xlink:href="http://xbrl.fasb.org/us-gaap/2012/elts/us-gaap-2012-01-31.xsd#us-gaap_Revenues" xlink:label="loc_AFHACQXIIRevenues" />
      <link:calculationArc order="100" xlink:arcrole="http://www.xbrl.org/2003/arcrole/summation-item" xlink:from="loc_AFHACQXIIIncomeLossFromContinuingOperationsBeforeIncomeTaxesExtraordinaryItemsNoncontrollingInterest" xlink:to="loc_AFHACQXIIRevenues" xlink:type="arc" weight="1" />
      <link:calculationArc order="200" xlink:arcrole="http://www.xbrl.org/2003/arcrole/summation-item" xlink:from="loc_AFHACQXIIIncomeLossFromContinuingOperationsBeforeIncomeTaxesExtraordinaryItemsNoncontrollingInterest" xlink:to="loc_AFHACQXIIOperatingExpenses" xlink:type="arc" weight="-1" />
      <link:loc xlink:type="locator" xlink:href="http://xbrl.fasb.org/us-gaap/2012/elts/us-gaap-2012-01-31.xsd#us-gaap_NetIncomeLoss" xlink:label="loc_AFHACQXIINetIncomeLoss" />
      <link:calculationArc order="100" xlink:arcrole="http://www.xbrl.org/2003/arcrole/summation-item" xlink:from="loc_AFHACQXIINetIncomeLoss" xlink:to="loc_AFHACQXIIIncomeLossFromContinuingOperationsBeforeIncomeTaxesExtraordinaryItemsNoncontrollingInterest" xlink:type="arc" weight="1" />
      <link:loc xlink:type="locator" xlink:href="http://xbrl.fasb.org/us-gaap/2012/elts/us-gaap-2012-01-31.xsd#us-gaap_CurrentStateAndLocalTaxExpenseBenefit" xlink:label="loc_AFHACQXIICurrentStateAndLocalTaxExpenseBenefit" />
      <link:calculationArc order="200" xlink:arcrole="http://www.xbrl.org/2003/arcrole/summation-item" xlink:from="loc_AFHACQXIINetIncomeLoss" xlink:to="loc_AFHACQXIICurrentStateAndLocalTaxExpenseBenefit" xlink:type="arc" weight="-1" />
    </link:calculationLink>
    <link:calculationLink xlink:type="extended" xlink:role="http://AFHACQXII/role/StatementOfCashFlows" xlink:title="0006 - Statement - Statement of Cash Flows">
      <link:loc xlink:type="locator" xlink:href="http://xbrl.fasb.org/us-gaap/2012/elts/us-gaap-2012-01-31.xsd#us-gaap_NetCashProvidedByUsedInOperatingActivities" xlink:label="loc_AFHACQXIINetCashProvidedByUsedInOperatingActivities" />
      <link:loc xlink:type="locator" xlink:href="http://xbrl.fasb.org/us-gaap/2012/elts/us-gaap-2012-01-31.xsd#us-gaap_NetIncomeLoss" xlink:label="loc_AFHACQXIINetIncomeLoss" />
      <link:calculationArc order="100" xlink:arcrole="http://www.xbrl.org/2003/arcrole/summation-item" xlink:from="loc_AFHACQXIINetCashProvidedByUsedInOperatingActivities" xlink:to="loc_AFHACQXIINetIncomeLoss" xlink:type="arc" weight="1" />
      <link:loc xlink:type="locator" xlink:href="http://xbrl.fasb.org/us-gaap/2012/elts/us-gaap-2012-01-31.xsd#us-gaap_IncreaseDecreaseInAccruedLiabilities" xlink:label="loc_AFHACQXIIIncreaseDecreaseInAccruedLiabilities" />
      <link:calculationArc order="200" xlink:arcrole="http://www.xbrl.org/2003/arcrole/summation-item" xlink:from="loc_AFHACQXIINetCashProvidedByUsedInOperatingActivities" xlink:to="loc_AFHACQXIIIncreaseDecreaseInAccruedLiabilities" xlink:type="arc" weight="1" />
      <link:loc xlink:type="locator" xlink:href="http://xbrl.fasb.org/us-gaap/2012/elts/us-gaap-2012-01-31.xsd#us-gaap_IncreaseDecreaseInPrepaidExpense" xlink:label="loc_AFHACQXIIIncreaseDecreaseInPrepaidExpense" />
      <link:calculationArc order="300" xlink:arcrole="http://www.xbrl.org/2003/arcrole/summation-item" xlink:from="loc_AFHACQXIINetCashProvidedByUsedInOperatingActivities" xlink:to="loc_AFHACQXIIIncreaseDecreaseInPrepaidExpense" xlink:type="arc" weight="1" />
      <link:loc xlink:type="locator" xlink:href="http://xbrl.fasb.org/us-gaap/2012/elts/us-gaap-2012-01-31.xsd#us-gaap_NetCashProvidedByUsedInFinancingActivities" xlink:label="loc_AFHACQXIINetCashProvidedByUsedInFinancingActivities" />
      <link:loc xlink:type="locator" xlink:href="http://xbrl.fasb.org/us-gaap/2012/elts/us-gaap-2012-01-31.xsd#us-gaap_ProceedsFromStockPlans" xlink:label="loc_AFHACQXIIProceedsFromStockPlans" />
      <link:calculationArc order="100" xlink:arcrole="http://www.xbrl.org/2003/arcrole/summation-item" xlink:from="loc_AFHACQXIINetCashProvidedByUsedInFinancingActivities" xlink:to="loc_AFHACQXIIProceedsFromStockPlans" xlink:type="arc" weight="1" />
      <link:loc xlink:type="locator" xlink:href="http://xbrl.fasb.org/us-gaap/2012/elts/us-gaap-2012-01-31.xsd#us-gaap_RepaymentsOfRelatedPartyDebt" xlink:label="loc_AFHACQXIIRepaymentsOfRelatedPartyDebt" />
      <link:calculationArc order="200" xlink:arcrole="http://www.xbrl.org/2003/arcrole/summation-item" xlink:from="loc_AFHACQXIINetCashProvidedByUsedInFinancingActivities" xlink:to="loc_AFHACQXIIRepaymentsOfRelatedPartyDebt" xlink:type="arc" weight="-1" />
      <link:loc xlink:type="locator" xlink:href="http://xbrl.fasb.org/us-gaap/2012/elts/us-gaap-2012-01-31.xsd#us-gaap_ProceedsFromIssuanceOrSaleOfEquity" xlink:label="loc_AFHACQXIIProceedsFromIssuanceOrSaleOfEquity" />
      <link:calculationArc order="300" xlink:arcrole="http://www.xbrl.org/2003/arcrole/summation-item" xlink:from="loc_AFHACQXIINetCashProvidedByUsedInFinancingActivities" xlink:to="loc_AFHACQXIIProceedsFromIssuanceOrSaleOfEquity" xlink:type="arc" weight="1" />
      <link:loc xlink:type="locator" xlink:href="http://xbrl.fasb.org/us-gaap/2012/elts/us-gaap-2012-01-31.xsd#us-gaap_CashAndCashEquivalentsPeriodIncreaseDecrease" xlink:label="loc_AFHACQXIICashAndCashEquivalentsPeriodIncreaseDecrease" />
      <link:calculationArc order="100" xlink:arcrole="http://www.xbrl.org/2003/arcrole/summation-item" xlink:from="loc_AFHACQXIICashAndCashEquivalentsPeriodIncreaseDecrease" xlink:to="loc_AFHACQXIINetCashProvidedByUsedInFinancingActivities" xlink:type="arc" weight="1" />
      <link:calculationArc order="200" xlink:arcrole="http://www.xbrl.org/2003/arcrole/summation-item" xlink:from="loc_AFHACQXIICashAndCashEquivalentsPeriodIncreaseDecrease" xlink:to="loc_AFHACQXIINetCashProvidedByUsedInOperatingActivities" xlink:type="arc" weight="1" />
      <link:loc xlink:type="locator" xlink:href="http://xbrl.fasb.org/us-gaap/2012/elts/us-gaap-2012-01-31.xsd#us-gaap_NetCashProvidedByUsedInInvestingActivities" xlink:label="loc_AFHACQXIINetCashProvidedByUsedInInvestingActivities" />
      <link:calculationArc order="300" xlink:arcrole="http://www.xbrl.org/2003/arcrole/summation-item" xlink:from="loc_AFHACQXIICashAndCashEquivalentsPeriodIncreaseDecrease" xlink:to="loc_AFHACQXIINetCashProvidedByUsedInInvestingActivities" xlink:type="arc" weight="1" />
    </link:calculationLink>
    <link:calculationLink xlink:type="extended" xlink:role="http://AFHACQXII/role/Company" xlink:title="0007 - Disclosure - The Company" />
    <link:calculationLink xlink:type="extended" xlink:role="http://AFHACQXII/role/SummaryOfSignificantAccountingPolicies" xlink:title="0008 - Disclosure - Summary of Significant Accounting Policies" />
    <link:calculationLink xlink:type="extended" xlink:role="http://AFHACQXII/role/EquitySecurities" xlink:title="0009 - Disclosure - Equity Securities" />
    <link:calculationLink xlink:type="extended" xlink:role="http://AFHACQXII/role/GoingConcern" xlink:title="0010 - Disclosure - Going Concern" />
    <link:calculationLink xlink:type="extended" xlink:role="http://AFHACQXII/role/DueToParent" xlink:title="0011 - Disclosure - Due to Parent" />
    <link:calculationLink xlink:type="extended" xlink:role="http://AFHACQXII/role/SummaryOfSignificantAccountingPoliciesPolicies" xlink:title="0012 - Disclosure - Summary of Significant Accounting Policies (Policies)" />
    <link:calculationLink xlink:type="extended" xlink:role="http://AFHACQXII/role/GoingConcernDetailsNarrative" xlink:title="0013 - Disclosure - Going Concern (Details Narrative)" />
</link:linkbase>
