<?xml version="1.0" encoding="US-ASCII" standalone="no"?>
    <!-- Field: Doc-Info; Name: Generator; Value: GoFiler Complete; Version: 3.4b -->
    <!-- Field: Doc-Info; Name: VendorURI; Value: http://www.novaworks.co -->
    <!-- Field: Doc-Info; Name: Source; Value: AFHACQVII%2D20121031 10K FY.xfr; Date: 2013/01/29T21:04:54 -->
    <!-- Field: Doc-Info; Name: Status; Value: 0x00000000 -->
<link:linkbase xmlns:xsi="http://www.w3.org/2001/XMLSchema-instance" xmlns:xlink="http://www.w3.org/1999/xlink" xmlns:link="http://www.xbrl.org/2003/linkbase" xmlns:xbrli="http://www.xbrl.org/2003/instance" xsi:schemaLocation="http://www.xbrl.org/2003/linkbase http://www.xbrl.org/2003/xbrl-linkbase-2003-12-31.xsd">
    <link:roleRef roleURI="http://AFHACQVII/role/DocumentAndEntityInformation" xlink:href="afhacqvii-20121031.xsd#DocumentAndEntityInformation" xlink:type="simple" />
    <link:roleRef roleURI="http://AFHACQVII/role/BalanceSheets" xlink:href="afhacqvii-20121031.xsd#BalanceSheets" xlink:type="simple" />
    <link:roleRef roleURI="http://AFHACQVII/role/BalanceSheetsParenthetical" xlink:href="afhacqvii-20121031.xsd#BalanceSheetsParenthetical" xlink:type="simple" />
    <link:roleRef roleURI="http://AFHACQVII/role/StatementsOfChangesInStockholdersDeficit" xlink:href="afhacqvii-20121031.xsd#StatementsOfChangesInStockholdersDeficit" xlink:type="simple" />
    <link:roleRef roleURI="http://AFHACQVII/role/StatementsOfOperations" xlink:href="afhacqvii-20121031.xsd#StatementsOfOperations" xlink:type="simple" />
    <link:roleRef roleURI="http://AFHACQVII/role/StatementOfCashFlows" xlink:href="afhacqvii-20121031.xsd#StatementOfCashFlows" xlink:type="simple" />
    <link:roleRef roleURI="http://AFHACQVII/role/Company" xlink:href="afhacqvii-20121031.xsd#Company" xlink:type="simple" />
    <link:roleRef roleURI="http://AFHACQVII/role/SummaryOfSignificantAccountingPolicies" xlink:href="afhacqvii-20121031.xsd#SummaryOfSignificantAccountingPolicies" xlink:type="simple" />
    <link:roleRef roleURI="http://AFHACQVII/role/EquitySecurities" xlink:href="afhacqvii-20121031.xsd#EquitySecurities" xlink:type="simple" />
    <link:roleRef roleURI="http://AFHACQVII/role/GoingConcern" xlink:href="afhacqvii-20121031.xsd#GoingConcern" xlink:type="simple" />
    <link:roleRef roleURI="http://AFHACQVII/role/DueToParent" xlink:href="afhacqvii-20121031.xsd#DueToParent" xlink:type="simple" />
    <link:roleRef roleURI="http://AFHACQVII/role/StockTransactions" xlink:href="afhacqvii-20121031.xsd#StockTransactions" xlink:type="simple" />
    <link:roleRef roleURI="http://AFHACQVII/role/SubsequentEvents" xlink:href="afhacqvii-20121031.xsd#SubsequentEvents" xlink:type="simple" />
    <link:roleRef roleURI="http://AFHACQVII/role/SummaryOfSignificantAccountingPoliciesPolicies" xlink:href="afhacqvii-20121031.xsd#SummaryOfSignificantAccountingPoliciesPolicies" xlink:type="simple" />
    <link:roleRef roleURI="http://AFHACQVII/role/GoingConcernDetailsNarrative" xlink:href="afhacqvii-20121031.xsd#GoingConcernDetailsNarrative" xlink:type="simple" />
    <link:roleRef roleURI="http://AFHACQVII/role/StockTransactionsDetailsNarrative" xlink:href="afhacqvii-20121031.xsd#StockTransactionsDetailsNarrative" xlink:type="simple" />
    <link:roleRef roleURI="http://AFHACQVII/role/SubsequentEventsDetailsNarrative" xlink:href="afhacqvii-20121031.xsd#SubsequentEventsDetailsNarrative" xlink:type="simple" />
    <link:calculationLink xlink:type="extended" xlink:role="http://AFHACQVII/role/DocumentAndEntityInformation" xlink:title="0001 - Document - Document and Entity Information" />
    <link:calculationLink xlink:type="extended" xlink:role="http://AFHACQVII/role/BalanceSheets" xlink:title="0002 - Statement - Balance Sheets">
      <link:loc xlink:type="locator" xlink:href="http://xbrl.fasb.org/us-gaap/2012/elts/us-gaap-2012-01-31.xsd#us-gaap_Assets" xlink:label="loc_AFHACQVIIAssets" />
      <link:loc xlink:type="locator" xlink:href="http://xbrl.fasb.org/us-gaap/2012/elts/us-gaap-2012-01-31.xsd#us-gaap_CashAndCashEquivalentsAtCarryingValue" xlink:label="loc_AFHACQVIICashAndCashEquivalentsAtCarryingValue" />
      <link:calculationArc order="100" xlink:arcrole="http://www.xbrl.org/2003/arcrole/summation-item" xlink:from="loc_AFHACQVIIAssets" xlink:to="loc_AFHACQVIICashAndCashEquivalentsAtCarryingValue" xlink:type="arc" weight="1" />
      <link:loc xlink:type="locator" xlink:href="http://xbrl.fasb.org/us-gaap/2012/elts/us-gaap-2012-01-31.xsd#us-gaap_Liabilities" xlink:label="loc_AFHACQVIILiabilities" />
      <link:loc xlink:type="locator" xlink:href="http://xbrl.fasb.org/us-gaap/2012/elts/us-gaap-2012-01-31.xsd#us-gaap_AccruedLiabilitiesCurrentAndNoncurrent" xlink:label="loc_AFHACQVIIAccruedLiabilitiesCurrentAndNoncurrent" />
      <link:calculationArc order="100" xlink:arcrole="http://www.xbrl.org/2003/arcrole/summation-item" xlink:from="loc_AFHACQVIILiabilities" xlink:to="loc_AFHACQVIIAccruedLiabilitiesCurrentAndNoncurrent" xlink:type="arc" weight="1" />
      <link:loc xlink:type="locator" xlink:href="http://xbrl.fasb.org/us-gaap/2012/elts/us-gaap-2012-01-31.xsd#us-gaap_DueToRelatedPartiesCurrentAndNoncurrent" xlink:label="loc_AFHACQVIIDueToRelatedPartiesCurrentAndNoncurrent" />
      <link:calculationArc order="200" xlink:arcrole="http://www.xbrl.org/2003/arcrole/summation-item" xlink:from="loc_AFHACQVIILiabilities" xlink:to="loc_AFHACQVIIDueToRelatedPartiesCurrentAndNoncurrent" xlink:type="arc" weight="1" />
      <link:loc xlink:type="locator" xlink:href="http://xbrl.fasb.org/us-gaap/2012/elts/us-gaap-2012-01-31.xsd#us-gaap_StockholdersEquity" xlink:label="loc_AFHACQVIIStockholdersEquity" />
      <link:loc xlink:type="locator" xlink:href="http://xbrl.fasb.org/us-gaap/2012/elts/us-gaap-2012-01-31.xsd#us-gaap_PreferredStockValue" xlink:label="loc_AFHACQVIIPreferredStockValue" />
      <link:calculationArc order="100" xlink:arcrole="http://www.xbrl.org/2003/arcrole/summation-item" xlink:from="loc_AFHACQVIIStockholdersEquity" xlink:to="loc_AFHACQVIIPreferredStockValue" xlink:type="arc" weight="1" />
      <link:loc xlink:type="locator" xlink:href="http://xbrl.fasb.org/us-gaap/2012/elts/us-gaap-2012-01-31.xsd#us-gaap_CommonStockValue" xlink:label="loc_AFHACQVIICommonStockValue" />
      <link:calculationArc order="200" xlink:arcrole="http://www.xbrl.org/2003/arcrole/summation-item" xlink:from="loc_AFHACQVIIStockholdersEquity" xlink:to="loc_AFHACQVIICommonStockValue" xlink:type="arc" weight="1" />
      <link:loc xlink:type="locator" xlink:href="http://xbrl.fasb.org/us-gaap/2012/elts/us-gaap-2012-01-31.xsd#us-gaap_AdditionalPaidInCapital" xlink:label="loc_AFHACQVIIAdditionalPaidInCapital" />
      <link:calculationArc order="300" xlink:arcrole="http://www.xbrl.org/2003/arcrole/summation-item" xlink:from="loc_AFHACQVIIStockholdersEquity" xlink:to="loc_AFHACQVIIAdditionalPaidInCapital" xlink:type="arc" weight="1" />
      <link:loc xlink:type="locator" xlink:href="http://xbrl.fasb.org/us-gaap/2012/elts/us-gaap-2012-01-31.xsd#us-gaap_DevelopmentStageEnterpriseDeficitAccumulatedDuringDevelopmentStage" xlink:label="loc_AFHACQVIIDevelopmentStageEnterpriseDeficitAccumulatedDuringDevelopmentStage" />
      <link:calculationArc order="400" xlink:arcrole="http://www.xbrl.org/2003/arcrole/summation-item" xlink:from="loc_AFHACQVIIStockholdersEquity" xlink:to="loc_AFHACQVIIDevelopmentStageEnterpriseDeficitAccumulatedDuringDevelopmentStage" xlink:type="arc" weight="-1" />
      <link:loc xlink:type="locator" xlink:href="http://xbrl.fasb.org/us-gaap/2012/elts/us-gaap-2012-01-31.xsd#us-gaap_CommonStockShareSubscribedButUnissuedSubscriptionsReceivable" xlink:label="loc_AFHACQVIICommonStockShareSubscribedButUnissuedSubscriptionsReceivable" />
      <link:calculationArc order="500" xlink:arcrole="http://www.xbrl.org/2003/arcrole/summation-item" xlink:from="loc_AFHACQVIIStockholdersEquity" xlink:to="loc_AFHACQVIICommonStockShareSubscribedButUnissuedSubscriptionsReceivable" xlink:type="arc" weight="-1" />
      <link:loc xlink:type="locator" xlink:href="http://xbrl.fasb.org/us-gaap/2012/elts/us-gaap-2012-01-31.xsd#us-gaap_LiabilitiesAndStockholdersEquity" xlink:label="loc_AFHACQVIILiabilitiesAndStockholdersEquity" />
      <link:calculationArc order="100" xlink:arcrole="http://www.xbrl.org/2003/arcrole/summation-item" xlink:from="loc_AFHACQVIILiabilitiesAndStockholdersEquity" xlink:to="loc_AFHACQVIILiabilities" xlink:type="arc" weight="1" />
      <link:calculationArc order="200" xlink:arcrole="http://www.xbrl.org/2003/arcrole/summation-item" xlink:from="loc_AFHACQVIILiabilitiesAndStockholdersEquity" xlink:to="loc_AFHACQVIIStockholdersEquity" xlink:type="arc" weight="1" />
    </link:calculationLink>
    <link:calculationLink xlink:type="extended" xlink:role="http://AFHACQVII/role/BalanceSheetsParenthetical" xlink:title="0003 - Statement - Balance Sheets (Parenthetical)" />
    <link:calculationLink xlink:type="extended" xlink:role="http://AFHACQVII/role/StatementsOfChangesInStockholdersDeficit" xlink:title="0004 - Statement - Statements of Changes in Stockholder's Deficit" />
    <link:calculationLink xlink:type="extended" xlink:role="http://AFHACQVII/role/StatementsOfOperations" xlink:title="0005 - Statement - Statements of Operations">
      <link:loc xlink:type="locator" xlink:href="http://xbrl.fasb.org/us-gaap/2012/elts/us-gaap-2012-01-31.xsd#us-gaap_OperatingExpenses" xlink:label="loc_AFHACQVIIOperatingExpenses" />
      <link:loc xlink:type="locator" xlink:href="http://xbrl.fasb.org/us-gaap/2012/elts/us-gaap-2012-01-31.xsd#us-gaap_InterestExpense" xlink:label="loc_AFHACQVIIInterestExpense" />
      <link:calculationArc order="100" xlink:arcrole="http://www.xbrl.org/2003/arcrole/summation-item" xlink:from="loc_AFHACQVIIOperatingExpenses" xlink:to="loc_AFHACQVIIInterestExpense" xlink:type="arc" weight="1" />
      <link:loc xlink:type="locator" xlink:href="afhacqvii-20121031.xsd#AFHACQVII_ConsultingExpenses" xlink:label="loc_AFHACQVIIConsultingExpenses" />
      <link:calculationArc order="200" xlink:arcrole="http://www.xbrl.org/2003/arcrole/summation-item" xlink:from="loc_AFHACQVIIOperatingExpenses" xlink:to="loc_AFHACQVIIConsultingExpenses" xlink:type="arc" weight="1" />
      <link:loc xlink:type="locator" xlink:href="http://xbrl.fasb.org/us-gaap/2012/elts/us-gaap-2012-01-31.xsd#us-gaap_ProfessionalFees" xlink:label="loc_AFHACQVIIProfessionalFees" />
      <link:calculationArc order="300" xlink:arcrole="http://www.xbrl.org/2003/arcrole/summation-item" xlink:from="loc_AFHACQVIIOperatingExpenses" xlink:to="loc_AFHACQVIIProfessionalFees" xlink:type="arc" weight="1" />
      <link:loc xlink:type="locator" xlink:href="http://xbrl.fasb.org/us-gaap/2012/elts/us-gaap-2012-01-31.xsd#us-gaap_OtherGeneralAndAdministrativeExpense" xlink:label="loc_AFHACQVIIOtherGeneralAndAdministrativeExpense" />
      <link:calculationArc order="400" xlink:arcrole="http://www.xbrl.org/2003/arcrole/summation-item" xlink:from="loc_AFHACQVIIOperatingExpenses" xlink:to="loc_AFHACQVIIOtherGeneralAndAdministrativeExpense" xlink:type="arc" weight="1" />
      <link:loc xlink:type="locator" xlink:href="afhacqvii-20121031.xsd#AFHACQVII_OrganizationalCosts" xlink:label="loc_AFHACQVIIOrganizationalCosts" />
      <link:calculationArc order="500" xlink:arcrole="http://www.xbrl.org/2003/arcrole/summation-item" xlink:from="loc_AFHACQVIIOperatingExpenses" xlink:to="loc_AFHACQVIIOrganizationalCosts" xlink:type="arc" weight="1" />
      <link:loc xlink:type="locator" xlink:href="http://xbrl.fasb.org/us-gaap/2012/elts/us-gaap-2012-01-31.xsd#us-gaap_IncomeLossFromContinuingOperationsBeforeIncomeTaxesExtraordinaryItemsNoncontrollingInterest" xlink:label="loc_AFHACQVIIIncomeLossFromContinuingOperationsBeforeIncomeTaxesExtraordinaryItemsNoncontrollingInterest" />
      <link:loc xlink:type="locator" xlink:href="http://xbrl.fasb.org/us-gaap/2012/elts/us-gaap-2012-01-31.xsd#us-gaap_Revenues" xlink:label="loc_AFHACQVIIRevenues" />
      <link:calculationArc order="100" xlink:arcrole="http://www.xbrl.org/2003/arcrole/summation-item" xlink:from="loc_AFHACQVIIIncomeLossFromContinuingOperationsBeforeIncomeTaxesExtraordinaryItemsNoncontrollingInterest" xlink:to="loc_AFHACQVIIRevenues" xlink:type="arc" weight="1" />
      <link:calculationArc order="200" xlink:arcrole="http://www.xbrl.org/2003/arcrole/summation-item" xlink:from="loc_AFHACQVIIIncomeLossFromContinuingOperationsBeforeIncomeTaxesExtraordinaryItemsNoncontrollingInterest" xlink:to="loc_AFHACQVIIOperatingExpenses" xlink:type="arc" weight="-1" />
      <link:loc xlink:type="locator" xlink:href="http://xbrl.fasb.org/us-gaap/2012/elts/us-gaap-2012-01-31.xsd#us-gaap_NetIncomeLoss" xlink:label="loc_AFHACQVIINetIncomeLoss" />
      <link:calculationArc order="100" xlink:arcrole="http://www.xbrl.org/2003/arcrole/summation-item" xlink:from="loc_AFHACQVIINetIncomeLoss" xlink:to="loc_AFHACQVIIIncomeLossFromContinuingOperationsBeforeIncomeTaxesExtraordinaryItemsNoncontrollingInterest" xlink:type="arc" weight="1" />
      <link:loc xlink:type="locator" xlink:href="http://xbrl.fasb.org/us-gaap/2012/elts/us-gaap-2012-01-31.xsd#us-gaap_CurrentStateAndLocalTaxExpenseBenefit" xlink:label="loc_AFHACQVIICurrentStateAndLocalTaxExpenseBenefit" />
      <link:calculationArc order="200" xlink:arcrole="http://www.xbrl.org/2003/arcrole/summation-item" xlink:from="loc_AFHACQVIINetIncomeLoss" xlink:to="loc_AFHACQVIICurrentStateAndLocalTaxExpenseBenefit" xlink:type="arc" weight="-1" />
    </link:calculationLink>
    <link:calculationLink xlink:type="extended" xlink:role="http://AFHACQVII/role/StatementOfCashFlows" xlink:title="0006 - Statement - Statement of Cash Flows">
      <link:loc xlink:type="locator" xlink:href="http://xbrl.fasb.org/us-gaap/2012/elts/us-gaap-2012-01-31.xsd#us-gaap_NetCashProvidedByUsedInOperatingActivities" xlink:label="loc_AFHACQVIINetCashProvidedByUsedInOperatingActivities" />
      <link:loc xlink:type="locator" xlink:href="http://xbrl.fasb.org/us-gaap/2012/elts/us-gaap-2012-01-31.xsd#us-gaap_NetIncomeLoss" xlink:label="loc_AFHACQVIINetIncomeLoss" />
      <link:calculationArc order="100" xlink:arcrole="http://www.xbrl.org/2003/arcrole/summation-item" xlink:from="loc_AFHACQVIINetCashProvidedByUsedInOperatingActivities" xlink:to="loc_AFHACQVIINetIncomeLoss" xlink:type="arc" weight="1" />
      <link:loc xlink:type="locator" xlink:href="http://xbrl.fasb.org/us-gaap/2012/elts/us-gaap-2012-01-31.xsd#us-gaap_IncreaseDecreaseInAccruedLiabilities" xlink:label="loc_AFHACQVIIIncreaseDecreaseInAccruedLiabilities" />
      <link:calculationArc order="200" xlink:arcrole="http://www.xbrl.org/2003/arcrole/summation-item" xlink:from="loc_AFHACQVIINetCashProvidedByUsedInOperatingActivities" xlink:to="loc_AFHACQVIIIncreaseDecreaseInAccruedLiabilities" xlink:type="arc" weight="1" />
      <link:loc xlink:type="locator" xlink:href="http://xbrl.fasb.org/us-gaap/2012/elts/us-gaap-2012-01-31.xsd#us-gaap_NetCashProvidedByUsedInFinancingActivities" xlink:label="loc_AFHACQVIINetCashProvidedByUsedInFinancingActivities" />
      <link:loc xlink:type="locator" xlink:href="http://xbrl.fasb.org/us-gaap/2012/elts/us-gaap-2012-01-31.xsd#us-gaap_ProceedsFromStockPlans" xlink:label="loc_AFHACQVIIProceedsFromStockPlans" />
      <link:calculationArc order="100" xlink:arcrole="http://www.xbrl.org/2003/arcrole/summation-item" xlink:from="loc_AFHACQVIINetCashProvidedByUsedInFinancingActivities" xlink:to="loc_AFHACQVIIProceedsFromStockPlans" xlink:type="arc" weight="1" />
      <link:loc xlink:type="locator" xlink:href="http://xbrl.fasb.org/us-gaap/2012/elts/us-gaap-2012-01-31.xsd#us-gaap_ProceedsFromIssuanceOfCommonStock" xlink:label="loc_AFHACQVIIProceedsFromIssuanceOfCommonStock" />
      <link:calculationArc order="200" xlink:arcrole="http://www.xbrl.org/2003/arcrole/summation-item" xlink:from="loc_AFHACQVIINetCashProvidedByUsedInFinancingActivities" xlink:to="loc_AFHACQVIIProceedsFromIssuanceOfCommonStock" xlink:type="arc" weight="1" />
      <link:loc xlink:type="locator" xlink:href="http://xbrl.fasb.org/us-gaap/2012/elts/us-gaap-2012-01-31.xsd#us-gaap_RepaymentsOfRelatedPartyDebt" xlink:label="loc_AFHACQVIIRepaymentsOfRelatedPartyDebt" />
      <link:calculationArc order="300" xlink:arcrole="http://www.xbrl.org/2003/arcrole/summation-item" xlink:from="loc_AFHACQVIINetCashProvidedByUsedInFinancingActivities" xlink:to="loc_AFHACQVIIRepaymentsOfRelatedPartyDebt" xlink:type="arc" weight="-1" />
      <link:loc xlink:type="locator" xlink:href="http://xbrl.fasb.org/us-gaap/2012/elts/us-gaap-2012-01-31.xsd#us-gaap_ProceedsFromIssuanceOrSaleOfEquity" xlink:label="loc_AFHACQVIIProceedsFromIssuanceOrSaleOfEquity" />
      <link:calculationArc order="400" xlink:arcrole="http://www.xbrl.org/2003/arcrole/summation-item" xlink:from="loc_AFHACQVIINetCashProvidedByUsedInFinancingActivities" xlink:to="loc_AFHACQVIIProceedsFromIssuanceOrSaleOfEquity" xlink:type="arc" weight="1" />
      <link:loc xlink:type="locator" xlink:href="http://xbrl.fasb.org/us-gaap/2012/elts/us-gaap-2012-01-31.xsd#us-gaap_CashAndCashEquivalentsPeriodIncreaseDecrease" xlink:label="loc_AFHACQVIICashAndCashEquivalentsPeriodIncreaseDecrease" />
      <link:calculationArc order="100" xlink:arcrole="http://www.xbrl.org/2003/arcrole/summation-item" xlink:from="loc_AFHACQVIICashAndCashEquivalentsPeriodIncreaseDecrease" xlink:to="loc_AFHACQVIINetCashProvidedByUsedInFinancingActivities" xlink:type="arc" weight="1" />
      <link:calculationArc order="200" xlink:arcrole="http://www.xbrl.org/2003/arcrole/summation-item" xlink:from="loc_AFHACQVIICashAndCashEquivalentsPeriodIncreaseDecrease" xlink:to="loc_AFHACQVIINetCashProvidedByUsedInOperatingActivities" xlink:type="arc" weight="1" />
      <link:loc xlink:type="locator" xlink:href="http://xbrl.fasb.org/us-gaap/2012/elts/us-gaap-2012-01-31.xsd#us-gaap_NetCashProvidedByUsedInInvestingActivities" xlink:label="loc_AFHACQVIINetCashProvidedByUsedInInvestingActivities" />
      <link:calculationArc order="300" xlink:arcrole="http://www.xbrl.org/2003/arcrole/summation-item" xlink:from="loc_AFHACQVIICashAndCashEquivalentsPeriodIncreaseDecrease" xlink:to="loc_AFHACQVIINetCashProvidedByUsedInInvestingActivities" xlink:type="arc" weight="1" />
    </link:calculationLink>
    <link:calculationLink xlink:type="extended" xlink:role="http://AFHACQVII/role/Company" xlink:title="0007 - Disclosure - The Company" />
    <link:calculationLink xlink:type="extended" xlink:role="http://AFHACQVII/role/SummaryOfSignificantAccountingPolicies" xlink:title="0008 - Disclosure - Summary of Significant Accounting Policies" />
    <link:calculationLink xlink:type="extended" xlink:role="http://AFHACQVII/role/EquitySecurities" xlink:title="0009 - Disclosure - Equity Securities" />
    <link:calculationLink xlink:type="extended" xlink:role="http://AFHACQVII/role/GoingConcern" xlink:title="0010 - Disclosure - Going Concern" />
    <link:calculationLink xlink:type="extended" xlink:role="http://AFHACQVII/role/DueToParent" xlink:title="0011 - Disclosure - Due to Parent" />
    <link:calculationLink xlink:type="extended" xlink:role="http://AFHACQVII/role/StockTransactions" xlink:title="0012 - Disclosure - Stock Transactions" />
    <link:calculationLink xlink:type="extended" xlink:role="http://AFHACQVII/role/SubsequentEvents" xlink:title="0013 - Disclosure - Subsequent Events" />
    <link:calculationLink xlink:type="extended" xlink:role="http://AFHACQVII/role/SummaryOfSignificantAccountingPoliciesPolicies" xlink:title="0014 - Disclosure - Summary of Significant Accounting Policies (Policies)" />
    <link:calculationLink xlink:type="extended" xlink:role="http://AFHACQVII/role/GoingConcernDetailsNarrative" xlink:title="0015 - Disclosure - Going Concern (Details Narrative)" />
    <link:calculationLink xlink:type="extended" xlink:role="http://AFHACQVII/role/StockTransactionsDetailsNarrative" xlink:title="0016 - Disclosure - Stock Transactions (Details Narrative)" />
    <link:calculationLink xlink:type="extended" xlink:role="http://AFHACQVII/role/SubsequentEventsDetailsNarrative" xlink:title="0017 - Disclosure - Subsequent Events (Details Narrative)" />
</link:linkbase>
