<?xml version="1.0" encoding="US-ASCII" standalone="no"?>
    <!-- Field: Doc-Info; Name: Generator; Value: GoFiler Complete; Version: 3.4b -->
    <!-- Field: Doc-Info; Name: VendorURI; Value: http://www.novaworks.co -->
    <!-- Field: Doc-Info; Name: Source; Value: AFHACQVII%2D20121031 10K FY.xfr; Date: 2013/01/29T21:04:54 -->
    <!-- Field: Doc-Info; Name: Status; Value: 0x00000000 -->
<link:linkbase xmlns:xsi="http://www.w3.org/2001/XMLSchema-instance" xmlns:xlink="http://www.w3.org/1999/xlink" xmlns:link="http://www.xbrl.org/2003/linkbase" xmlns:xbrldt="http://xbrl.org/2005/xbrldt" xmlns:xbrli="http://www.xbrl.org/2003/instance" xsi:schemaLocation="http://www.xbrl.org/2003/linkbase http://www.xbrl.org/2003/xbrl-linkbase-2003-12-31.xsd">
    <link:roleRef roleURI="http://AFHACQVII/role/DocumentAndEntityInformation" xlink:href="afhacqvii-20121031.xsd#DocumentAndEntityInformation" xlink:type="simple" />
    <link:roleRef roleURI="http://AFHACQVII/role/BalanceSheets" xlink:href="afhacqvii-20121031.xsd#BalanceSheets" xlink:type="simple" />
    <link:roleRef roleURI="http://AFHACQVII/role/BalanceSheetsParenthetical" xlink:href="afhacqvii-20121031.xsd#BalanceSheetsParenthetical" xlink:type="simple" />
    <link:roleRef roleURI="http://AFHACQVII/role/StatementsOfChangesInStockholdersDeficit" xlink:href="afhacqvii-20121031.xsd#StatementsOfChangesInStockholdersDeficit" xlink:type="simple" />
    <link:roleRef roleURI="http://AFHACQVII/role/StatementsOfOperations" xlink:href="afhacqvii-20121031.xsd#StatementsOfOperations" xlink:type="simple" />
    <link:roleRef roleURI="http://AFHACQVII/role/StatementOfCashFlows" xlink:href="afhacqvii-20121031.xsd#StatementOfCashFlows" xlink:type="simple" />
    <link:roleRef roleURI="http://AFHACQVII/role/Company" xlink:href="afhacqvii-20121031.xsd#Company" xlink:type="simple" />
    <link:roleRef roleURI="http://AFHACQVII/role/SummaryOfSignificantAccountingPolicies" xlink:href="afhacqvii-20121031.xsd#SummaryOfSignificantAccountingPolicies" xlink:type="simple" />
    <link:roleRef roleURI="http://AFHACQVII/role/EquitySecurities" xlink:href="afhacqvii-20121031.xsd#EquitySecurities" xlink:type="simple" />
    <link:roleRef roleURI="http://AFHACQVII/role/GoingConcern" xlink:href="afhacqvii-20121031.xsd#GoingConcern" xlink:type="simple" />
    <link:roleRef roleURI="http://AFHACQVII/role/DueToParent" xlink:href="afhacqvii-20121031.xsd#DueToParent" xlink:type="simple" />
    <link:roleRef roleURI="http://AFHACQVII/role/StockTransactions" xlink:href="afhacqvii-20121031.xsd#StockTransactions" xlink:type="simple" />
    <link:roleRef roleURI="http://AFHACQVII/role/SubsequentEvents" xlink:href="afhacqvii-20121031.xsd#SubsequentEvents" xlink:type="simple" />
    <link:roleRef roleURI="http://AFHACQVII/role/SummaryOfSignificantAccountingPoliciesPolicies" xlink:href="afhacqvii-20121031.xsd#SummaryOfSignificantAccountingPoliciesPolicies" xlink:type="simple" />
    <link:roleRef roleURI="http://AFHACQVII/role/GoingConcernDetailsNarrative" xlink:href="afhacqvii-20121031.xsd#GoingConcernDetailsNarrative" xlink:type="simple" />
    <link:roleRef roleURI="http://AFHACQVII/role/StockTransactionsDetailsNarrative" xlink:href="afhacqvii-20121031.xsd#StockTransactionsDetailsNarrative" xlink:type="simple" />
    <link:roleRef roleURI="http://AFHACQVII/role/SubsequentEventsDetailsNarrative" xlink:href="afhacqvii-20121031.xsd#SubsequentEventsDetailsNarrative" xlink:type="simple" />
    <link:arcroleRef xlink:type="simple" xlink:href="http://www.xbrl.org/2005/xbrldt-2005.xsd#hypercube-dimension" arcroleURI="http://xbrl.org/int/dim/arcrole/hypercube-dimension" />
    <link:arcroleRef xlink:type="simple" xlink:href="http://www.xbrl.org/2005/xbrldt-2005.xsd#dimension-domain" arcroleURI="http://xbrl.org/int/dim/arcrole/dimension-domain" />
    <link:arcroleRef xlink:type="simple" xlink:href="http://www.xbrl.org/2005/xbrldt-2005.xsd#domain-member" arcroleURI="http://xbrl.org/int/dim/arcrole/domain-member" />
    <link:arcroleRef xlink:type="simple" xlink:href="http://www.xbrl.org/2005/xbrldt-2005.xsd#all" arcroleURI="http://xbrl.org/int/dim/arcrole/all" />
    <link:arcroleRef xlink:type="simple" xlink:href="http://www.xbrl.org/2005/xbrldt-2005.xsd#notAll" arcroleURI="http://xbrl.org/int/dim/arcrole/notAll" />
    <link:arcroleRef xlink:type="simple" xlink:href="http://www.xbrl.org/2005/xbrldt-2005.xsd#dimension-default" arcroleURI="http://xbrl.org/int/dim/arcrole/dimension-default" />
    <link:definitionLink xlink:type="extended" xlink:role="http://AFHACQVII/role/DocumentAndEntityInformation" xlink:title="0001 - Document - Document and Entity Information" />
    <link:definitionLink xlink:type="extended" xlink:role="http://AFHACQVII/role/BalanceSheets" xlink:title="0002 - Statement - Balance Sheets" />
    <link:definitionLink xlink:type="extended" xlink:role="http://AFHACQVII/role/BalanceSheetsParenthetical" xlink:title="0003 - Statement - Balance Sheets (Parenthetical)" />
    <link:definitionLink xlink:type="extended" xlink:role="http://AFHACQVII/role/StatementsOfChangesInStockholdersDeficit" xlink:title="0004 - Statement - Statements of Changes in Stockholder's Deficit">
      <link:loc xlink:type="locator" xlink:href="http://xbrl.fasb.org/us-gaap/2012/elts/us-gaap-2012-01-31.xsd#us-gaap_StatementLineItems" xlink:label="loc_AFHACQVIIStatementLineItems" />
      <link:loc xlink:type="locator" xlink:href="http://xbrl.fasb.org/us-gaap/2012/elts/us-gaap-2012-01-31.xsd#us-gaap_StatementTable" xlink:label="loc_AFHACQVIIStatementTable" />
      <link:definitionArc xlink:arcrole="http://xbrl.org/int/dim/arcrole/all" xbrldt:contextElement="segment" xlink:from="loc_AFHACQVIIStatementLineItems" xlink:to="loc_AFHACQVIIStatementTable" xlink:type="arc" order="10" xbrldt:closed="true" />
      <link:loc xlink:type="locator" xlink:href="http://xbrl.fasb.org/us-gaap/2012/elts/us-gaap-2012-01-31.xsd#us-gaap_StatementEquityComponentsAxis" xlink:label="loc_AFHACQVIIStatementEquityComponentsAxis" />
      <link:definitionArc xlink:arcrole="http://xbrl.org/int/dim/arcrole/hypercube-dimension" xlink:from="loc_AFHACQVIIStatementTable" xlink:to="loc_AFHACQVIIStatementEquityComponentsAxis" xlink:type="arc" order="1" />
      <link:loc xlink:type="locator" xlink:href="http://xbrl.fasb.org/us-gaap/2012/elts/us-gaap-2012-01-31.xsd#us-gaap_EquityComponentDomain" xlink:label="loc_AFHACQVIIEquityComponentDomain" />
      <link:definitionArc xlink:arcrole="http://xbrl.org/int/dim/arcrole/dimension-domain" xlink:from="loc_AFHACQVIIStatementEquityComponentsAxis" xlink:to="loc_AFHACQVIIEquityComponentDomain" xlink:type="arc" order="20" />
      <link:loc xlink:type="locator" xlink:href="http://xbrl.fasb.org/us-gaap/2012/elts/us-gaap-2012-01-31.xsd#us-gaap_EquityComponentDomain" xlink:label="loc_AFHACQVIIEquityComponentDomain_10" />
      <link:definitionArc xlink:arcrole="http://xbrl.org/int/dim/arcrole/dimension-default" xbrldt:contextElement="segment" xlink:from="loc_AFHACQVIIStatementEquityComponentsAxis" xlink:to="loc_AFHACQVIIEquityComponentDomain_10" xlink:type="arc" order="30" />
      <link:loc xlink:type="locator" xlink:href="http://xbrl.fasb.org/us-gaap/2012/elts/us-gaap-2012-01-31.xsd#us-gaap_CommonStockMember" xlink:label="loc_AFHACQVIICommonStockMember_0" />
      <link:definitionArc xlink:arcrole="http://xbrl.org/int/dim/arcrole/domain-member" xlink:from="loc_AFHACQVIIEquityComponentDomain" xlink:to="loc_AFHACQVIICommonStockMember_0" xlink:type="arc" order="1" />
      <link:loc xlink:type="locator" xlink:href="http://xbrl.fasb.org/us-gaap/2012/elts/us-gaap-2012-01-31.xsd#us-gaap_AdditionalPaidInCapitalMember" xlink:label="loc_AFHACQVIIAdditionalPaidInCapitalMember_10" />
      <link:definitionArc xlink:arcrole="http://xbrl.org/int/dim/arcrole/domain-member" xlink:from="loc_AFHACQVIIEquityComponentDomain" xlink:to="loc_AFHACQVIIAdditionalPaidInCapitalMember_10" xlink:type="arc" order="11" />
      <link:loc xlink:type="locator" xlink:href="http://xbrl.fasb.org/us-gaap/2012/elts/us-gaap-2012-01-31.xsd#us-gaap_AccumulatedOtherComprehensiveIncomeMember" xlink:label="loc_AFHACQVIIAccumulatedOtherComprehensiveIncomeMember_20" />
      <link:definitionArc xlink:arcrole="http://xbrl.org/int/dim/arcrole/domain-member" xlink:from="loc_AFHACQVIIEquityComponentDomain" xlink:to="loc_AFHACQVIIAccumulatedOtherComprehensiveIncomeMember_20" xlink:type="arc" order="21" />
      <link:loc xlink:type="locator" xlink:href="http://xbrl.fasb.org/us-gaap/2012/elts/us-gaap-2012-01-31.xsd#us-gaap_RetainedEarningsMember" xlink:label="loc_AFHACQVIIRetainedEarningsMember_30" />
      <link:definitionArc xlink:arcrole="http://xbrl.org/int/dim/arcrole/domain-member" xlink:from="loc_AFHACQVIIEquityComponentDomain" xlink:to="loc_AFHACQVIIRetainedEarningsMember_30" xlink:type="arc" order="31" />
      <link:loc xlink:type="locator" xlink:href="http://xbrl.fasb.org/us-gaap/2012/elts/us-gaap-2012-01-31.xsd#us-gaap_StockholdersEquity" xlink:label="loc_AFHACQVIIStockholdersEquity_60" />
      <link:definitionArc xlink:arcrole="http://xbrl.org/int/dim/arcrole/domain-member" xlink:from="loc_AFHACQVIIStatementLineItems" xlink:to="loc_AFHACQVIIStockholdersEquity_60" xlink:type="arc" order="2" />
      <link:loc xlink:type="locator" xlink:href="http://xbrl.fasb.org/us-gaap/2012/elts/us-gaap-2012-01-31.xsd#us-gaap_SharesOutstanding" xlink:label="loc_AFHACQVIISharesOutstanding_60" />
      <link:definitionArc xlink:arcrole="http://xbrl.org/int/dim/arcrole/domain-member" xlink:from="loc_AFHACQVIIStatementLineItems" xlink:to="loc_AFHACQVIISharesOutstanding_60" xlink:type="arc" order="3" />
      <link:loc xlink:type="locator" xlink:href="http://xbrl.fasb.org/us-gaap/2012/elts/us-gaap-2012-01-31.xsd#us-gaap_StockIssuedDuringPeriodValueNewIssues" xlink:label="loc_AFHACQVIIStockIssuedDuringPeriodValueNewIssues_60" />
      <link:definitionArc xlink:arcrole="http://xbrl.org/int/dim/arcrole/domain-member" xlink:from="loc_AFHACQVIIStatementLineItems" xlink:to="loc_AFHACQVIIStockIssuedDuringPeriodValueNewIssues_60" xlink:type="arc" order="4" />
      <link:loc xlink:type="locator" xlink:href="http://xbrl.fasb.org/us-gaap/2012/elts/us-gaap-2012-01-31.xsd#us-gaap_StockIssuedDuringPeriodSharesNewIssues" xlink:label="loc_AFHACQVIIStockIssuedDuringPeriodSharesNewIssues_60" />
      <link:definitionArc xlink:arcrole="http://xbrl.org/int/dim/arcrole/domain-member" xlink:from="loc_AFHACQVIIStatementLineItems" xlink:to="loc_AFHACQVIIStockIssuedDuringPeriodSharesNewIssues_60" xlink:type="arc" order="5" />
      <link:loc xlink:type="locator" xlink:href="http://xbrl.fasb.org/us-gaap/2012/elts/us-gaap-2012-01-31.xsd#us-gaap_ProceedsFromStockPlans" xlink:label="loc_AFHACQVIIProceedsFromStockPlans_60" />
      <link:definitionArc xlink:arcrole="http://xbrl.org/int/dim/arcrole/domain-member" xlink:from="loc_AFHACQVIIStatementLineItems" xlink:to="loc_AFHACQVIIProceedsFromStockPlans_60" xlink:type="arc" order="6" />
      <link:loc xlink:type="locator" xlink:href="http://xbrl.fasb.org/us-gaap/2012/elts/us-gaap-2012-01-31.xsd#us-gaap_NetIncomeLoss" xlink:label="loc_AFHACQVIINetIncomeLoss_60" />
      <link:definitionArc xlink:arcrole="http://xbrl.org/int/dim/arcrole/domain-member" xlink:from="loc_AFHACQVIIStatementLineItems" xlink:to="loc_AFHACQVIINetIncomeLoss_60" xlink:type="arc" order="7" />
    </link:definitionLink>
    <link:definitionLink xlink:type="extended" xlink:role="http://AFHACQVII/role/StatementsOfOperations" xlink:title="0005 - Statement - Statements of Operations" />
    <link:definitionLink xlink:type="extended" xlink:role="http://AFHACQVII/role/StatementOfCashFlows" xlink:title="0006 - Statement - Statement of Cash Flows" />
    <link:definitionLink xlink:type="extended" xlink:role="http://AFHACQVII/role/Company" xlink:title="0007 - Disclosure - The Company" />
    <link:definitionLink xlink:type="extended" xlink:role="http://AFHACQVII/role/SummaryOfSignificantAccountingPolicies" xlink:title="0008 - Disclosure - Summary of Significant Accounting Policies" />
    <link:definitionLink xlink:type="extended" xlink:role="http://AFHACQVII/role/EquitySecurities" xlink:title="0009 - Disclosure - Equity Securities" />
    <link:definitionLink xlink:type="extended" xlink:role="http://AFHACQVII/role/GoingConcern" xlink:title="0010 - Disclosure - Going Concern" />
    <link:definitionLink xlink:type="extended" xlink:role="http://AFHACQVII/role/DueToParent" xlink:title="0011 - Disclosure - Due to Parent" />
    <link:definitionLink xlink:type="extended" xlink:role="http://AFHACQVII/role/StockTransactions" xlink:title="0012 - Disclosure - Stock Transactions" />
    <link:definitionLink xlink:type="extended" xlink:role="http://AFHACQVII/role/SubsequentEvents" xlink:title="0013 - Disclosure - Subsequent Events" />
    <link:definitionLink xlink:type="extended" xlink:role="http://AFHACQVII/role/SummaryOfSignificantAccountingPoliciesPolicies" xlink:title="0014 - Disclosure - Summary of Significant Accounting Policies (Policies)" />
    <link:definitionLink xlink:type="extended" xlink:role="http://AFHACQVII/role/GoingConcernDetailsNarrative" xlink:title="0015 - Disclosure - Going Concern (Details Narrative)" />
    <link:definitionLink xlink:type="extended" xlink:role="http://AFHACQVII/role/StockTransactionsDetailsNarrative" xlink:title="0016 - Disclosure - Stock Transactions (Details Narrative)" />
    <link:definitionLink xlink:type="extended" xlink:role="http://AFHACQVII/role/SubsequentEventsDetailsNarrative" xlink:title="0017 - Disclosure - Subsequent Events (Details Narrative)" />
</link:linkbase>
