<?xml version="1.0" encoding="UTF-8" ?>
<linkbase xmlns="http://www.xbrl.org/2003/linkbase" xmlns:xsi="http://www.w3.org/2001/XMLSchema-instance" xmlns:xlink="http://www.w3.org/1999/xlink" xsi:schemaLocation="http://www.xbrl.org/2003/linkbase http://www.xbrl.org/2003/xbrl-linkbase-2003-12-31.xsd">
<roleRef xlink:type="simple" xlink:href="iiet-20121231.xsd#DocumentAndEntityInformation" roleURI="http://www.internationalindustrialenterprises.com/role/DocumentAndEntityInformation"/>
<roleRef xlink:type="simple" xlink:href="iiet-20121231.xsd#StatementOfFinancialPositionClassified" roleURI="http://www.internationalindustrialenterprises.com/role/StatementOfFinancialPositionClassified"/>
<roleRef xlink:type="simple" xlink:href="iiet-20121231.xsd#ConsolidatedBalanceSheetsParenthetical" roleURI="http://www.internationalindustrialenterprises.com/role/ConsolidatedBalanceSheetsParenthetical"/>
<roleRef xlink:type="simple" xlink:href="iiet-20121231.xsd#Statementofincomealternative" roleURI="http://www.internationalindustrialenterprises.com/role/Statementofincomealternative"/>
<roleRef xlink:type="simple" xlink:href="iiet-20121231.xsd#StatementOfShareholdersEquityAndOtherComprehensiveIncome" roleURI="http://www.internationalindustrialenterprises.com/role/StatementOfShareholdersEquityAndOtherComprehensiveIncome"/>
<roleRef xlink:type="simple" xlink:href="iiet-20121231.xsd#Statementofcashflowsindirect" roleURI="http://www.internationalindustrialenterprises.com/role/Statementofcashflowsindirect"/>
<roleRef xlink:type="simple" xlink:href="iiet-20121231.xsd#OrganizationAndDescriptionOfBusiness" roleURI="http://www.internationalindustrialenterprises.com/role/OrganizationAndDescriptionOfBusiness"/>
<roleRef xlink:type="simple" xlink:href="iiet-20121231.xsd#GoingConcern" roleURI="http://www.internationalindustrialenterprises.com/role/GoingConcern"/>
<roleRef xlink:type="simple" xlink:href="iiet-20121231.xsd#SummaryOfSignificantAccountingPolicies" roleURI="http://www.internationalindustrialenterprises.com/role/SummaryOfSignificantAccountingPolicies"/>
<roleRef xlink:type="simple" xlink:href="iiet-20121231.xsd#RelatedPartyTransactions" roleURI="http://www.internationalindustrialenterprises.com/role/RelatedPartyTransactions"/>
<roleRef xlink:type="simple" xlink:href="iiet-20121231.xsd#CapitalStock" roleURI="http://www.internationalindustrialenterprises.com/role/CapitalStock"/>
<roleRef xlink:type="simple" xlink:href="iiet-20121231.xsd#NetLossPerShare" roleURI="http://www.internationalindustrialenterprises.com/role/NetLossPerShare"/>
<roleRef xlink:type="simple" xlink:href="iiet-20121231.xsd#IncomeTaxes" roleURI="http://www.internationalindustrialenterprises.com/role/IncomeTaxes"/>
<roleRef xlink:type="simple" xlink:href="iiet-20121231.xsd#SubsequentEvents" roleURI="http://www.internationalindustrialenterprises.com/role/SubsequentEvents"/>
<roleRef xlink:type="simple" xlink:href="iiet-20121231.xsd#SUMMARYOFSIGNIFICANTACCOUNTINGPOLICIESPolicies" roleURI="http://www.internationalindustrialenterprises.com/role/SUMMARYOFSIGNIFICANTACCOUNTINGPOLICIESPolicies"/>
<roleRef xlink:type="simple" xlink:href="iiet-20121231.xsd#NetLossPerShareTables" roleURI="http://www.internationalindustrialenterprises.com/role/NetLossPerShareTables"/>
<roleRef xlink:type="simple" xlink:href="iiet-20121231.xsd#GOINGCONCERNDetails" roleURI="http://www.internationalindustrialenterprises.com/role/GOINGCONCERNDetails"/>
<roleRef xlink:type="simple" xlink:href="iiet-20121231.xsd#RelatedPartyTransactionsDetails" roleURI="http://www.internationalindustrialenterprises.com/role/RelatedPartyTransactionsDetails"/>
<roleRef xlink:type="simple" xlink:href="iiet-20121231.xsd#CAPITALSTOCKDetails" roleURI="http://www.internationalindustrialenterprises.com/role/CAPITALSTOCKDetails"/>
<roleRef xlink:type="simple" xlink:href="iiet-20121231.xsd#NetLossPerShareDetails" roleURI="http://www.internationalindustrialenterprises.com/role/NetLossPerShareDetails"/>
<roleRef xlink:type="simple" xlink:href="iiet-20121231.xsd#NetLossPerShareDetailsTextual" roleURI="http://www.internationalindustrialenterprises.com/role/NetLossPerShareDetailsTextual"/>
<roleRef xlink:type="simple" xlink:href="iiet-20121231.xsd#Incometaxesdetails" roleURI="http://www.internationalindustrialenterprises.com/role/Incometaxesdetails"/>
<roleRef xlink:type="simple" xlink:href="http://www.xbrl.org/lrr/role/negated-2009-12-16.xsd#negatedLabel" roleURI="http://www.xbrl.org/2009/role/negatedLabel"/> <roleRef xlink:type="simple" xlink:href="http://www.xbrl.org/lrr/role/negated-2009-12-16.xsd#negatedPeriodEndLabel" roleURI="http://www.xbrl.org/2009/role/negatedPeriodEndLabel"/> <roleRef xlink:type="simple" xlink:href="http://www.xbrl.org/lrr/role/negated-2009-12-16.xsd#negatedPeriodStartLabel" roleURI="http://www.xbrl.org/2009/role/negatedPeriodStartLabel"/> <roleRef xlink:type="simple" xlink:href="http://www.xbrl.org/lrr/role/negated-2009-12-16.xsd#negatedTotalLabel" roleURI="http://www.xbrl.org/2009/role/negatedTotalLabel"/> <roleRef xlink:type="simple" xlink:href="http://www.xbrl.org/lrr/role/negated-2009-12-16.xsd#negatedNetLabel" roleURI="http://www.xbrl.org/2009/role/negatedNetLabel"/> <roleRef xlink:type="simple" xlink:href="http://www.xbrl.org/lrr/role/negated-2009-12-16.xsd#negatedTerseLabel" roleURI="http://www.xbrl.org/2009/role/negatedTerseLabel"/> <roleRef xlink:type="simple" xlink:href="http://www.xbrl.org/lrr/role/net-2009-12-16.xsd#netLabel" roleURI="http://www.xbrl.org/2009/role/netLabel"/> 
<presentationLink xlink:type="extended" xlink:role="http://www.internationalindustrialenterprises.com/role/DocumentAndEntityInformation">
<loc xlink:type="locator" xlink:href="iiet-20121231.xsd#iiet_DocumentAndEntityInformationAbstract" xlink:label="loc_iiet_DocumentAndEntityInformationAbstract_0" />
<loc xlink:type="locator" xlink:href="http://xbrl.sec.gov/dei/2012/dei-2012-01-31.xsd#dei_EntityRegistrantName" xlink:label="loc_dei_EntityRegistrantName_1" />
<presentationArc xlink:type="arc" xlink:arcrole="http://www.xbrl.org/2003/arcrole/parent-child" xlink:from="loc_iiet_DocumentAndEntityInformationAbstract_0" xlink:to="loc_dei_EntityRegistrantName_1" order="0" use="optional" />
<loc xlink:type="locator" xlink:href="http://xbrl.sec.gov/dei/2012/dei-2012-01-31.xsd#dei_EntityCentralIndexKey" xlink:label="loc_dei_EntityCentralIndexKey_2" />
<presentationArc xlink:type="arc" xlink:arcrole="http://www.xbrl.org/2003/arcrole/parent-child" xlink:from="loc_iiet_DocumentAndEntityInformationAbstract_0" xlink:to="loc_dei_EntityCentralIndexKey_2" order="10" use="optional" />
<loc xlink:type="locator" xlink:href="http://xbrl.sec.gov/dei/2012/dei-2012-01-31.xsd#dei_AmendmentFlag" xlink:label="loc_dei_AmendmentFlag_3" />
<presentationArc xlink:type="arc" xlink:arcrole="http://www.xbrl.org/2003/arcrole/parent-child" xlink:from="loc_iiet_DocumentAndEntityInformationAbstract_0" xlink:to="loc_dei_AmendmentFlag_3" order="20" use="optional" />
<loc xlink:type="locator" xlink:href="http://xbrl.sec.gov/dei/2012/dei-2012-01-31.xsd#dei_CurrentFiscalYearEndDate" xlink:label="loc_dei_CurrentFiscalYearEndDate_4" />
<presentationArc xlink:type="arc" xlink:arcrole="http://www.xbrl.org/2003/arcrole/parent-child" xlink:from="loc_iiet_DocumentAndEntityInformationAbstract_0" xlink:to="loc_dei_CurrentFiscalYearEndDate_4" order="30" use="optional" />
<loc xlink:type="locator" xlink:href="http://xbrl.sec.gov/dei/2012/dei-2012-01-31.xsd#dei_DocumentType" xlink:label="loc_dei_DocumentType_5" />
<presentationArc xlink:type="arc" xlink:arcrole="http://www.xbrl.org/2003/arcrole/parent-child" xlink:from="loc_iiet_DocumentAndEntityInformationAbstract_0" xlink:to="loc_dei_DocumentType_5" order="40" use="optional" />
<loc xlink:type="locator" xlink:href="http://xbrl.sec.gov/dei/2012/dei-2012-01-31.xsd#dei_DocumentPeriodEndDate" xlink:label="loc_dei_DocumentPeriodEndDate_6" />
<presentationArc xlink:type="arc" xlink:arcrole="http://www.xbrl.org/2003/arcrole/parent-child" xlink:from="loc_iiet_DocumentAndEntityInformationAbstract_0" xlink:to="loc_dei_DocumentPeriodEndDate_6" order="50" use="optional" />
<loc xlink:type="locator" xlink:href="http://xbrl.sec.gov/dei/2012/dei-2012-01-31.xsd#dei_DocumentFiscalPeriodFocus" xlink:label="loc_dei_DocumentFiscalPeriodFocus_7" />
<presentationArc xlink:type="arc" xlink:arcrole="http://www.xbrl.org/2003/arcrole/parent-child" xlink:from="loc_iiet_DocumentAndEntityInformationAbstract_0" xlink:to="loc_dei_DocumentFiscalPeriodFocus_7" order="60" use="optional" />
<loc xlink:type="locator" xlink:href="http://xbrl.sec.gov/dei/2012/dei-2012-01-31.xsd#dei_DocumentFiscalYearFocus" xlink:label="loc_dei_DocumentFiscalYearFocus_8" />
<presentationArc xlink:type="arc" xlink:arcrole="http://www.xbrl.org/2003/arcrole/parent-child" xlink:from="loc_iiet_DocumentAndEntityInformationAbstract_0" xlink:to="loc_dei_DocumentFiscalYearFocus_8" order="70" use="optional" />
<loc xlink:type="locator" xlink:href="http://xbrl.sec.gov/dei/2012/dei-2012-01-31.xsd#dei_EntityWellKnownSeasonedIssuer" xlink:label="loc_dei_EntityWellKnownSeasonedIssuer_9" />
<presentationArc xlink:type="arc" xlink:arcrole="http://www.xbrl.org/2003/arcrole/parent-child" xlink:from="loc_iiet_DocumentAndEntityInformationAbstract_0" xlink:to="loc_dei_EntityWellKnownSeasonedIssuer_9" order="80" use="optional" />
<loc xlink:type="locator" xlink:href="http://xbrl.sec.gov/dei/2012/dei-2012-01-31.xsd#dei_EntityVoluntaryFilers" xlink:label="loc_dei_EntityVoluntaryFilers_10" />
<presentationArc xlink:type="arc" xlink:arcrole="http://www.xbrl.org/2003/arcrole/parent-child" xlink:from="loc_iiet_DocumentAndEntityInformationAbstract_0" xlink:to="loc_dei_EntityVoluntaryFilers_10" order="90" use="optional" />
<loc xlink:type="locator" xlink:href="http://xbrl.sec.gov/dei/2012/dei-2012-01-31.xsd#dei_EntityCurrentReportingStatus" xlink:label="loc_dei_EntityCurrentReportingStatus_11" />
<presentationArc xlink:type="arc" xlink:arcrole="http://www.xbrl.org/2003/arcrole/parent-child" xlink:from="loc_iiet_DocumentAndEntityInformationAbstract_0" xlink:to="loc_dei_EntityCurrentReportingStatus_11" order="100" use="optional" />
<loc xlink:type="locator" xlink:href="http://xbrl.sec.gov/dei/2012/dei-2012-01-31.xsd#dei_EntityFilerCategory" xlink:label="loc_dei_EntityFilerCategory_12" />
<presentationArc xlink:type="arc" xlink:arcrole="http://www.xbrl.org/2003/arcrole/parent-child" xlink:from="loc_iiet_DocumentAndEntityInformationAbstract_0" xlink:to="loc_dei_EntityFilerCategory_12" order="110" use="optional" />
<loc xlink:type="locator" xlink:href="http://xbrl.sec.gov/dei/2012/dei-2012-01-31.xsd#dei_EntityPublicFloat" xlink:label="loc_dei_EntityPublicFloat_13" />
<presentationArc xlink:type="arc" xlink:arcrole="http://www.xbrl.org/2003/arcrole/parent-child" xlink:from="loc_iiet_DocumentAndEntityInformationAbstract_0" xlink:to="loc_dei_EntityPublicFloat_13" order="120" use="optional" />
<loc xlink:type="locator" xlink:href="http://xbrl.sec.gov/dei/2012/dei-2012-01-31.xsd#dei_EntityCommonStockSharesOutstanding" xlink:label="loc_dei_EntityCommonStockSharesOutstanding_14" />
<presentationArc xlink:type="arc" xlink:arcrole="http://www.xbrl.org/2003/arcrole/parent-child" xlink:from="loc_iiet_DocumentAndEntityInformationAbstract_0" xlink:to="loc_dei_EntityCommonStockSharesOutstanding_14" order="130" use="optional" />
</presentationLink>
<presentationLink xlink:type="extended" xlink:role="http://www.internationalindustrialenterprises.com/role/StatementOfFinancialPositionClassified">
<loc xlink:type="locator" xlink:href="http://xbrl.fasb.org/us-gaap/2012/elts/us-gaap-2012-01-31.xsd#us-gaap_StatementOfFinancialPositionAbstract" xlink:label="loc_us-gaap_StatementOfFinancialPositionAbstract_0" />
<loc xlink:type="locator" xlink:href="http://xbrl.fasb.org/us-gaap/2012/elts/us-gaap-2012-01-31.xsd#us-gaap_AssetsAbstract" xlink:label="loc_us-gaap_AssetsAbstract_1" />
<presentationArc xlink:type="arc" xlink:arcrole="http://www.xbrl.org/2003/arcrole/parent-child" xlink:from="loc_us-gaap_StatementOfFinancialPositionAbstract_0" xlink:to="loc_us-gaap_AssetsAbstract_1" order="0" use="optional" preferredLabel="http://www.xbrl.org/2003/role/verboseLabel" />
<loc xlink:type="locator" xlink:href="http://xbrl.fasb.org/us-gaap/2012/elts/us-gaap-2012-01-31.xsd#us-gaap_AssetsCurrentAbstract" xlink:label="loc_us-gaap_AssetsCurrentAbstract_2" />
<presentationArc xlink:type="arc" xlink:arcrole="http://www.xbrl.org/2003/arcrole/parent-child" xlink:from="loc_us-gaap_AssetsAbstract_1" xlink:to="loc_us-gaap_AssetsCurrentAbstract_2" order="0" use="optional" preferredLabel="http://www.xbrl.org/2003/role/verboseLabel" />
<loc xlink:type="locator" xlink:href="http://xbrl.fasb.org/us-gaap/2012/elts/us-gaap-2012-01-31.xsd#us-gaap_CashAndCashEquivalentsAtCarryingValue" xlink:label="loc_us-gaap_CashAndCashEquivalentsAtCarryingValue_3" />
<presentationArc xlink:type="arc" xlink:arcrole="http://www.xbrl.org/2003/arcrole/parent-child" xlink:from="loc_us-gaap_AssetsCurrentAbstract_2" xlink:to="loc_us-gaap_CashAndCashEquivalentsAtCarryingValue_3" order="0" use="optional" preferredLabel="http://www.xbrl.org/2003/role/verboseLabel" />
<loc xlink:type="locator" xlink:href="http://xbrl.fasb.org/us-gaap/2012/elts/us-gaap-2012-01-31.xsd#us-gaap_AssetsCurrent" xlink:label="loc_us-gaap_AssetsCurrent_4" />
<presentationArc xlink:type="arc" xlink:arcrole="http://www.xbrl.org/2003/arcrole/parent-child" xlink:from="loc_us-gaap_AssetsCurrentAbstract_2" xlink:to="loc_us-gaap_AssetsCurrent_4" order="10" use="optional" preferredLabel="http://www.xbrl.org/2003/role/verboseLabel" />
<loc xlink:type="locator" xlink:href="http://xbrl.fasb.org/us-gaap/2012/elts/us-gaap-2012-01-31.xsd#us-gaap_Assets" xlink:label="loc_us-gaap_Assets_5" />
<presentationArc xlink:type="arc" xlink:arcrole="http://www.xbrl.org/2003/arcrole/parent-child" xlink:from="loc_us-gaap_AssetsAbstract_1" xlink:to="loc_us-gaap_Assets_5" order="10" use="optional" preferredLabel="http://www.xbrl.org/2003/role/verboseLabel" />
<loc xlink:type="locator" xlink:href="http://xbrl.fasb.org/us-gaap/2012/elts/us-gaap-2012-01-31.xsd#us-gaap_LiabilitiesAndStockholdersEquityAbstract" xlink:label="loc_us-gaap_LiabilitiesAndStockholdersEquityAbstract_6" />
<presentationArc xlink:type="arc" xlink:arcrole="http://www.xbrl.org/2003/arcrole/parent-child" xlink:from="loc_us-gaap_StatementOfFinancialPositionAbstract_0" xlink:to="loc_us-gaap_LiabilitiesAndStockholdersEquityAbstract_6" order="10" use="optional" preferredLabel="http://www.xbrl.org/2003/role/verboseLabel" />
<loc xlink:type="locator" xlink:href="http://xbrl.fasb.org/us-gaap/2012/elts/us-gaap-2012-01-31.xsd#us-gaap_LiabilitiesCurrentAbstract" xlink:label="loc_us-gaap_LiabilitiesCurrentAbstract_7" />
<presentationArc xlink:type="arc" xlink:arcrole="http://www.xbrl.org/2003/arcrole/parent-child" xlink:from="loc_us-gaap_LiabilitiesAndStockholdersEquityAbstract_6" xlink:to="loc_us-gaap_LiabilitiesCurrentAbstract_7" order="0" use="optional" preferredLabel="http://www.xbrl.org/2003/role/verboseLabel" />
<loc xlink:type="locator" xlink:href="http://xbrl.fasb.org/us-gaap/2012/elts/us-gaap-2012-01-31.xsd#us-gaap_DueToRelatedPartiesCurrent" xlink:label="loc_us-gaap_DueToRelatedPartiesCurrent_8" />
<presentationArc xlink:type="arc" xlink:arcrole="http://www.xbrl.org/2003/arcrole/parent-child" xlink:from="loc_us-gaap_LiabilitiesCurrentAbstract_7" xlink:to="loc_us-gaap_DueToRelatedPartiesCurrent_8" order="0" use="optional" preferredLabel="http://www.xbrl.org/2003/role/verboseLabel" />
<loc xlink:type="locator" xlink:href="http://xbrl.fasb.org/us-gaap/2012/elts/us-gaap-2012-01-31.xsd#us-gaap_AccruedLiabilitiesCurrent" xlink:label="loc_us-gaap_AccruedLiabilitiesCurrent_9" />
<presentationArc xlink:type="arc" xlink:arcrole="http://www.xbrl.org/2003/arcrole/parent-child" xlink:from="loc_us-gaap_LiabilitiesCurrentAbstract_7" xlink:to="loc_us-gaap_AccruedLiabilitiesCurrent_9" order="10" use="optional" preferredLabel="http://www.xbrl.org/2003/role/verboseLabel" />
<loc xlink:type="locator" xlink:href="http://xbrl.fasb.org/us-gaap/2012/elts/us-gaap-2012-01-31.xsd#us-gaap_LiabilitiesCurrent" xlink:label="loc_us-gaap_LiabilitiesCurrent_10" />
<presentationArc xlink:type="arc" xlink:arcrole="http://www.xbrl.org/2003/arcrole/parent-child" xlink:from="loc_us-gaap_LiabilitiesCurrentAbstract_7" xlink:to="loc_us-gaap_LiabilitiesCurrent_10" order="20" use="optional" preferredLabel="http://www.xbrl.org/2003/role/totalLabel" />
<loc xlink:type="locator" xlink:href="http://xbrl.fasb.org/us-gaap/2012/elts/us-gaap-2012-01-31.xsd#us-gaap_CommitmentsAndContingencies" xlink:label="loc_us-gaap_CommitmentsAndContingencies_11" />
<presentationArc xlink:type="arc" xlink:arcrole="http://www.xbrl.org/2003/arcrole/parent-child" xlink:from="loc_us-gaap_LiabilitiesAndStockholdersEquityAbstract_6" xlink:to="loc_us-gaap_CommitmentsAndContingencies_11" order="10" use="optional" preferredLabel="http://www.xbrl.org/2003/role/verboseLabel" />
<loc xlink:type="locator" xlink:href="http://xbrl.fasb.org/us-gaap/2012/elts/us-gaap-2012-01-31.xsd#us-gaap_StockholdersEquityAbstract" xlink:label="loc_us-gaap_StockholdersEquityAbstract_12" />
<presentationArc xlink:type="arc" xlink:arcrole="http://www.xbrl.org/2003/arcrole/parent-child" xlink:from="loc_us-gaap_LiabilitiesAndStockholdersEquityAbstract_6" xlink:to="loc_us-gaap_StockholdersEquityAbstract_12" order="20" use="optional" preferredLabel="http://www.xbrl.org/2003/role/verboseLabel" />
<loc xlink:type="locator" xlink:href="http://xbrl.fasb.org/us-gaap/2012/elts/us-gaap-2012-01-31.xsd#us-gaap_CommonStockValue" xlink:label="loc_us-gaap_CommonStockValue_13" />
<presentationArc xlink:type="arc" xlink:arcrole="http://www.xbrl.org/2003/arcrole/parent-child" xlink:from="loc_us-gaap_StockholdersEquityAbstract_12" xlink:to="loc_us-gaap_CommonStockValue_13" order="0" use="optional" preferredLabel="http://www.xbrl.org/2003/role/verboseLabel" />
<loc xlink:type="locator" xlink:href="http://xbrl.fasb.org/us-gaap/2012/elts/us-gaap-2012-01-31.xsd#us-gaap_AdditionalPaidInCapitalCommonStock" xlink:label="loc_us-gaap_AdditionalPaidInCapitalCommonStock_14" />
<presentationArc xlink:type="arc" xlink:arcrole="http://www.xbrl.org/2003/arcrole/parent-child" xlink:from="loc_us-gaap_StockholdersEquityAbstract_12" xlink:to="loc_us-gaap_AdditionalPaidInCapitalCommonStock_14" order="10" use="optional" preferredLabel="http://www.xbrl.org/2003/role/verboseLabel" />
<loc xlink:type="locator" xlink:href="http://xbrl.fasb.org/us-gaap/2012/elts/us-gaap-2012-01-31.xsd#us-gaap_DevelopmentStageEnterpriseDeficitAccumulatedDuringDevelopmentStage" xlink:label="loc_us-gaap_DevelopmentStageEnterpriseDeficitAccumulatedDuringDevelopmentStage_15" />
<presentationArc xlink:type="arc" xlink:arcrole="http://www.xbrl.org/2003/arcrole/parent-child" xlink:from="loc_us-gaap_StockholdersEquityAbstract_12" xlink:to="loc_us-gaap_DevelopmentStageEnterpriseDeficitAccumulatedDuringDevelopmentStage_15" order="20" use="optional" preferredLabel="http://www.xbrl.org/2009/role/negatedLabel" />
<loc xlink:type="locator" xlink:href="http://xbrl.fasb.org/us-gaap/2012/elts/us-gaap-2012-01-31.xsd#us-gaap_StockholdersEquity" xlink:label="loc_us-gaap_StockholdersEquity_16" />
<presentationArc xlink:type="arc" xlink:arcrole="http://www.xbrl.org/2003/arcrole/parent-child" xlink:from="loc_us-gaap_StockholdersEquityAbstract_12" xlink:to="loc_us-gaap_StockholdersEquity_16" order="30" use="optional" preferredLabel="http://www.xbrl.org/2003/role/totalLabel" />
<loc xlink:type="locator" xlink:href="http://xbrl.fasb.org/us-gaap/2012/elts/us-gaap-2012-01-31.xsd#us-gaap_LiabilitiesAndStockholdersEquity" xlink:label="loc_us-gaap_LiabilitiesAndStockholdersEquity_17" />
<presentationArc xlink:type="arc" xlink:arcrole="http://www.xbrl.org/2003/arcrole/parent-child" xlink:from="loc_us-gaap_LiabilitiesAndStockholdersEquityAbstract_6" xlink:to="loc_us-gaap_LiabilitiesAndStockholdersEquity_17" order="30" use="optional" preferredLabel="http://www.xbrl.org/2003/role/totalLabel" />
</presentationLink>
<presentationLink xlink:type="extended" xlink:role="http://www.internationalindustrialenterprises.com/role/ConsolidatedBalanceSheetsParenthetical">
<loc xlink:type="locator" xlink:href="http://xbrl.fasb.org/us-gaap/2012/elts/us-gaap-2012-01-31.xsd#us-gaap_StatementOfFinancialPositionAbstract" xlink:label="loc_us-gaap_StatementOfFinancialPositionAbstract_0" />
<loc xlink:type="locator" xlink:href="http://xbrl.fasb.org/us-gaap/2012/elts/us-gaap-2012-01-31.xsd#us-gaap_CommonStockParOrStatedValuePerShare" xlink:label="loc_us-gaap_CommonStockParOrStatedValuePerShare_1" />
<presentationArc xlink:type="arc" xlink:arcrole="http://www.xbrl.org/2003/arcrole/parent-child" xlink:from="loc_us-gaap_StatementOfFinancialPositionAbstract_0" xlink:to="loc_us-gaap_CommonStockParOrStatedValuePerShare_1" order="0" use="optional" preferredLabel="http://www.xbrl.org/2003/role/verboseLabel" />
<loc xlink:type="locator" xlink:href="http://xbrl.fasb.org/us-gaap/2012/elts/us-gaap-2012-01-31.xsd#us-gaap_CommonStockSharesAuthorized" xlink:label="loc_us-gaap_CommonStockSharesAuthorized_2" />
<presentationArc xlink:type="arc" xlink:arcrole="http://www.xbrl.org/2003/arcrole/parent-child" xlink:from="loc_us-gaap_StatementOfFinancialPositionAbstract_0" xlink:to="loc_us-gaap_CommonStockSharesAuthorized_2" order="10" use="optional" preferredLabel="http://www.xbrl.org/2003/role/verboseLabel" />
<loc xlink:type="locator" xlink:href="http://xbrl.fasb.org/us-gaap/2012/elts/us-gaap-2012-01-31.xsd#us-gaap_CommonStockSharesIssued" xlink:label="loc_us-gaap_CommonStockSharesIssued_3" />
<presentationArc xlink:type="arc" xlink:arcrole="http://www.xbrl.org/2003/arcrole/parent-child" xlink:from="loc_us-gaap_StatementOfFinancialPositionAbstract_0" xlink:to="loc_us-gaap_CommonStockSharesIssued_3" order="20" use="optional" preferredLabel="http://www.xbrl.org/2003/role/verboseLabel" />
<loc xlink:type="locator" xlink:href="http://xbrl.fasb.org/us-gaap/2012/elts/us-gaap-2012-01-31.xsd#us-gaap_CommonStockSharesOutstanding" xlink:label="loc_us-gaap_CommonStockSharesOutstanding_4" />
<presentationArc xlink:type="arc" xlink:arcrole="http://www.xbrl.org/2003/arcrole/parent-child" xlink:from="loc_us-gaap_StatementOfFinancialPositionAbstract_0" xlink:to="loc_us-gaap_CommonStockSharesOutstanding_4" order="30" use="optional" preferredLabel="http://www.xbrl.org/2003/role/verboseLabel" />
</presentationLink>
<presentationLink xlink:type="extended" xlink:role="http://www.internationalindustrialenterprises.com/role/Statementofincomealternative">
<loc xlink:type="locator" xlink:href="http://xbrl.fasb.org/us-gaap/2012/elts/us-gaap-2012-01-31.xsd#us-gaap_IncomeStatementAbstract" xlink:label="loc_us-gaap_IncomeStatementAbstract_0" />
<loc xlink:type="locator" xlink:href="http://xbrl.fasb.org/us-gaap/2012/elts/us-gaap-2012-01-31.xsd#us-gaap_RevenuesAbstract" xlink:label="loc_us-gaap_RevenuesAbstract_1" />
<presentationArc xlink:type="arc" xlink:arcrole="http://www.xbrl.org/2003/arcrole/parent-child" xlink:from="loc_us-gaap_IncomeStatementAbstract_0" xlink:to="loc_us-gaap_RevenuesAbstract_1" order="0" use="optional" preferredLabel="http://www.xbrl.org/2003/role/verboseLabel" />
<loc xlink:type="locator" xlink:href="http://xbrl.fasb.org/us-gaap/2012/elts/us-gaap-2012-01-31.xsd#us-gaap_Revenues" xlink:label="loc_us-gaap_Revenues_2" />
<presentationArc xlink:type="arc" xlink:arcrole="http://www.xbrl.org/2003/arcrole/parent-child" xlink:from="loc_us-gaap_RevenuesAbstract_1" xlink:to="loc_us-gaap_Revenues_2" order="0" use="optional" preferredLabel="http://www.xbrl.org/2003/role/verboseLabel" />
<loc xlink:type="locator" xlink:href="http://xbrl.fasb.org/us-gaap/2012/elts/us-gaap-2012-01-31.xsd#us-gaap_OperatingExpensesAbstract" xlink:label="loc_us-gaap_OperatingExpensesAbstract_3" />
<presentationArc xlink:type="arc" xlink:arcrole="http://www.xbrl.org/2003/arcrole/parent-child" xlink:from="loc_us-gaap_IncomeStatementAbstract_0" xlink:to="loc_us-gaap_OperatingExpensesAbstract_3" order="10" use="optional" preferredLabel="http://www.xbrl.org/2003/role/verboseLabel" />
<loc xlink:type="locator" xlink:href="http://xbrl.fasb.org/us-gaap/2012/elts/us-gaap-2012-01-31.xsd#us-gaap_GeneralAndAdministrativeExpense" xlink:label="loc_us-gaap_GeneralAndAdministrativeExpense_4" />
<presentationArc xlink:type="arc" xlink:arcrole="http://www.xbrl.org/2003/arcrole/parent-child" xlink:from="loc_us-gaap_OperatingExpensesAbstract_3" xlink:to="loc_us-gaap_GeneralAndAdministrativeExpense_4" order="0" use="optional" preferredLabel="http://www.xbrl.org/2003/role/verboseLabel" />
<loc xlink:type="locator" xlink:href="http://xbrl.fasb.org/us-gaap/2012/elts/us-gaap-2012-01-31.xsd#us-gaap_OperatingExpenses" xlink:label="loc_us-gaap_OperatingExpenses_5" />
<presentationArc xlink:type="arc" xlink:arcrole="http://www.xbrl.org/2003/arcrole/parent-child" xlink:from="loc_us-gaap_OperatingExpensesAbstract_3" xlink:to="loc_us-gaap_OperatingExpenses_5" order="10" use="optional" preferredLabel="http://www.xbrl.org/2003/role/verboseLabel" />
<loc xlink:type="locator" xlink:href="http://xbrl.fasb.org/us-gaap/2012/elts/us-gaap-2012-01-31.xsd#us-gaap_OperatingIncomeLoss" xlink:label="loc_us-gaap_OperatingIncomeLoss_6" />
<presentationArc xlink:type="arc" xlink:arcrole="http://www.xbrl.org/2003/arcrole/parent-child" xlink:from="loc_us-gaap_IncomeStatementAbstract_0" xlink:to="loc_us-gaap_OperatingIncomeLoss_6" order="20" use="optional" preferredLabel="http://www.xbrl.org/2003/role/totalLabel" />
<loc xlink:type="locator" xlink:href="http://xbrl.fasb.org/us-gaap/2012/elts/us-gaap-2012-01-31.xsd#us-gaap_NonoperatingIncomeExpenseAbstract" xlink:label="loc_us-gaap_NonoperatingIncomeExpenseAbstract_7" />
<presentationArc xlink:type="arc" xlink:arcrole="http://www.xbrl.org/2003/arcrole/parent-child" xlink:from="loc_us-gaap_IncomeStatementAbstract_0" xlink:to="loc_us-gaap_NonoperatingIncomeExpenseAbstract_7" order="30" use="optional" preferredLabel="http://www.xbrl.org/2003/role/verboseLabel" />
<loc xlink:type="locator" xlink:href="http://xbrl.fasb.org/us-gaap/2012/elts/us-gaap-2012-01-31.xsd#us-gaap_InterestExpense" xlink:label="loc_us-gaap_InterestExpense_8" />
<presentationArc xlink:type="arc" xlink:arcrole="http://www.xbrl.org/2003/arcrole/parent-child" xlink:from="loc_us-gaap_NonoperatingIncomeExpenseAbstract_7" xlink:to="loc_us-gaap_InterestExpense_8" order="0" use="optional" preferredLabel="http://www.xbrl.org/2003/role/verboseLabel" />
<loc xlink:type="locator" xlink:href="http://xbrl.fasb.org/us-gaap/2012/elts/us-gaap-2012-01-31.xsd#us-gaap_NonoperatingIncomeExpense" xlink:label="loc_us-gaap_NonoperatingIncomeExpense_9" />
<presentationArc xlink:type="arc" xlink:arcrole="http://www.xbrl.org/2003/arcrole/parent-child" xlink:from="loc_us-gaap_NonoperatingIncomeExpenseAbstract_7" xlink:to="loc_us-gaap_NonoperatingIncomeExpense_9" order="10" use="optional" preferredLabel="http://www.xbrl.org/2003/role/verboseLabel" />
<loc xlink:type="locator" xlink:href="http://xbrl.fasb.org/us-gaap/2012/elts/us-gaap-2012-01-31.xsd#us-gaap_NetIncomeLoss" xlink:label="loc_us-gaap_NetIncomeLoss_10" />
<presentationArc xlink:type="arc" xlink:arcrole="http://www.xbrl.org/2003/arcrole/parent-child" xlink:from="loc_us-gaap_IncomeStatementAbstract_0" xlink:to="loc_us-gaap_NetIncomeLoss_10" order="40" use="optional" preferredLabel="http://www.xbrl.org/2003/role/totalLabel" />
<loc xlink:type="locator" xlink:href="http://xbrl.fasb.org/us-gaap/2012/elts/us-gaap-2012-01-31.xsd#us-gaap_EarningsPerShareBasicAndDiluted" xlink:label="loc_us-gaap_EarningsPerShareBasicAndDiluted_11" />
<presentationArc xlink:type="arc" xlink:arcrole="http://www.xbrl.org/2003/arcrole/parent-child" xlink:from="loc_us-gaap_IncomeStatementAbstract_0" xlink:to="loc_us-gaap_EarningsPerShareBasicAndDiluted_11" order="50" use="optional" preferredLabel="http://www.xbrl.org/2003/role/verboseLabel" />
<loc xlink:type="locator" xlink:href="http://xbrl.fasb.org/us-gaap/2012/elts/us-gaap-2012-01-31.xsd#us-gaap_WeightedAverageNumberOfShareOutstandingBasicAndDiluted" xlink:label="loc_us-gaap_WeightedAverageNumberOfShareOutstandingBasicAndDiluted_12" />
<presentationArc xlink:type="arc" xlink:arcrole="http://www.xbrl.org/2003/arcrole/parent-child" xlink:from="loc_us-gaap_IncomeStatementAbstract_0" xlink:to="loc_us-gaap_WeightedAverageNumberOfShareOutstandingBasicAndDiluted_12" order="60" use="optional" preferredLabel="http://www.xbrl.org/2003/role/verboseLabel" />
</presentationLink>
<presentationLink xlink:type="extended" xlink:role="http://www.internationalindustrialenterprises.com/role/StatementOfShareholdersEquityAndOtherComprehensiveIncome">
<loc xlink:type="locator" xlink:href="http://xbrl.fasb.org/us-gaap/2012/elts/us-gaap-2012-01-31.xsd#us-gaap_StatementOfStockholdersEquityAbstract" xlink:label="loc_us-gaap_StatementOfStockholdersEquityAbstract_0" />
<loc xlink:type="locator" xlink:href="http://xbrl.fasb.org/us-gaap/2012/elts/us-gaap-2012-01-31.xsd#us-gaap_StatementTable" xlink:label="loc_us-gaap_StatementTable_1" />
<presentationArc xlink:type="arc" xlink:arcrole="http://www.xbrl.org/2003/arcrole/parent-child" xlink:from="loc_us-gaap_StatementOfStockholdersEquityAbstract_0" xlink:to="loc_us-gaap_StatementTable_1" order="0" use="optional" preferredLabel="http://www.xbrl.org/2003/role/label" />
<loc xlink:type="locator" xlink:href="http://xbrl.fasb.org/us-gaap/2012/elts/us-gaap-2012-01-31.xsd#us-gaap_StatementEquityComponentsAxis" xlink:label="loc_us-gaap_StatementEquityComponentsAxis_2" />
<presentationArc xlink:type="arc" xlink:arcrole="http://www.xbrl.org/2003/arcrole/parent-child" xlink:from="loc_us-gaap_StatementTable_1" xlink:to="loc_us-gaap_StatementEquityComponentsAxis_2" order="0" use="optional" preferredLabel="http://www.xbrl.org/2003/role/label" />
<loc xlink:type="locator" xlink:href="http://xbrl.fasb.org/us-gaap/2012/elts/us-gaap-2012-01-31.xsd#us-gaap_EquityComponentDomain" xlink:label="loc_us-gaap_EquityComponentDomain_3" />
<presentationArc xlink:type="arc" xlink:arcrole="http://www.xbrl.org/2003/arcrole/parent-child" xlink:from="loc_us-gaap_StatementEquityComponentsAxis_2" xlink:to="loc_us-gaap_EquityComponentDomain_3" order="0" use="optional" preferredLabel="http://www.xbrl.org/2003/role/label" />
<loc xlink:type="locator" xlink:href="http://xbrl.fasb.org/us-gaap/2012/elts/us-gaap-2012-01-31.xsd#us-gaap_CommonStockMember" xlink:label="loc_us-gaap_CommonStockMember_4" />
<presentationArc xlink:type="arc" xlink:arcrole="http://www.xbrl.org/2003/arcrole/parent-child" xlink:from="loc_us-gaap_EquityComponentDomain_3" xlink:to="loc_us-gaap_CommonStockMember_4" order="0" use="optional" preferredLabel="http://www.xbrl.org/2003/role/verboseLabel" />
<loc xlink:type="locator" xlink:href="http://xbrl.fasb.org/us-gaap/2012/elts/us-gaap-2012-01-31.xsd#us-gaap_AdditionalPaidInCapitalMember" xlink:label="loc_us-gaap_AdditionalPaidInCapitalMember_5" />
<presentationArc xlink:type="arc" xlink:arcrole="http://www.xbrl.org/2003/arcrole/parent-child" xlink:from="loc_us-gaap_EquityComponentDomain_3" xlink:to="loc_us-gaap_AdditionalPaidInCapitalMember_5" order="10" use="optional" preferredLabel="http://www.xbrl.org/2003/role/verboseLabel" />
<loc xlink:type="locator" xlink:href="http://xbrl.fasb.org/us-gaap/2012/elts/us-gaap-2012-01-31.xsd#us-gaap_RetainedEarningsMember" xlink:label="loc_us-gaap_RetainedEarningsMember_6" />
<presentationArc xlink:type="arc" xlink:arcrole="http://www.xbrl.org/2003/arcrole/parent-child" xlink:from="loc_us-gaap_EquityComponentDomain_3" xlink:to="loc_us-gaap_RetainedEarningsMember_6" order="20" use="optional" preferredLabel="http://www.xbrl.org/2003/role/verboseLabel" />
<loc xlink:type="locator" xlink:href="http://xbrl.fasb.org/us-gaap/2012/elts/us-gaap-2012-01-31.xsd#us-gaap_StatementLineItems" xlink:label="loc_us-gaap_StatementLineItems_7" />
<presentationArc xlink:type="arc" xlink:arcrole="http://www.xbrl.org/2003/arcrole/parent-child" xlink:from="loc_us-gaap_StatementTable_1" xlink:to="loc_us-gaap_StatementLineItems_7" order="10" use="optional" preferredLabel="http://www.xbrl.org/2003/role/label" />
<loc xlink:type="locator" xlink:href="http://xbrl.fasb.org/us-gaap/2012/elts/us-gaap-2012-01-31.xsd#us-gaap_StockholdersEquity" xlink:label="loc_us-gaap_StockholdersEquity_8" />
<presentationArc xlink:type="arc" xlink:arcrole="http://www.xbrl.org/2003/arcrole/parent-child" xlink:from="loc_us-gaap_StatementLineItems_7" xlink:to="loc_us-gaap_StockholdersEquity_8" order="0" use="optional" preferredLabel="http://www.xbrl.org/2003/role/periodStartLabel" />
<loc xlink:type="locator" xlink:href="http://xbrl.fasb.org/us-gaap/2012/elts/us-gaap-2012-01-31.xsd#us-gaap_SharesOutstanding" xlink:label="loc_us-gaap_SharesOutstanding_9" />
<presentationArc xlink:type="arc" xlink:arcrole="http://www.xbrl.org/2003/arcrole/parent-child" xlink:from="loc_us-gaap_StatementLineItems_7" xlink:to="loc_us-gaap_SharesOutstanding_9" order="10" use="optional" preferredLabel="http://www.xbrl.org/2003/role/periodStartLabel" />
<loc xlink:type="locator" xlink:href="http://xbrl.fasb.org/us-gaap/2012/elts/us-gaap-2012-01-31.xsd#us-gaap_NetIncomeLoss" xlink:label="loc_us-gaap_NetIncomeLoss_10" />
<presentationArc xlink:type="arc" xlink:arcrole="http://www.xbrl.org/2003/arcrole/parent-child" xlink:from="loc_us-gaap_StatementLineItems_7" xlink:to="loc_us-gaap_NetIncomeLoss_10" order="20" use="optional" preferredLabel="http://www.xbrl.org/2003/role/verboseLabel" />
<loc xlink:type="locator" xlink:href="http://xbrl.fasb.org/us-gaap/2012/elts/us-gaap-2012-01-31.xsd#us-gaap_StockholdersEquity" xlink:label="loc_us-gaap_StockholdersEquity_11" />
<presentationArc xlink:type="arc" xlink:arcrole="http://www.xbrl.org/2003/arcrole/parent-child" xlink:from="loc_us-gaap_StatementLineItems_7" xlink:to="loc_us-gaap_StockholdersEquity_11" order="30" use="optional" preferredLabel="http://www.xbrl.org/2003/role/periodEndLabel" />
<loc xlink:type="locator" xlink:href="http://xbrl.fasb.org/us-gaap/2012/elts/us-gaap-2012-01-31.xsd#us-gaap_SharesOutstanding" xlink:label="loc_us-gaap_SharesOutstanding_12" />
<presentationArc xlink:type="arc" xlink:arcrole="http://www.xbrl.org/2003/arcrole/parent-child" xlink:from="loc_us-gaap_StatementLineItems_7" xlink:to="loc_us-gaap_SharesOutstanding_12" order="40" use="optional" preferredLabel="http://www.xbrl.org/2003/role/periodEndLabel" />
</presentationLink>
<presentationLink xlink:type="extended" xlink:role="http://www.internationalindustrialenterprises.com/role/Statementofcashflowsindirect">
<loc xlink:type="locator" xlink:href="http://xbrl.fasb.org/us-gaap/2012/elts/us-gaap-2012-01-31.xsd#us-gaap_StatementOfCashFlowsAbstract" xlink:label="loc_us-gaap_StatementOfCashFlowsAbstract_0" />
<loc xlink:type="locator" xlink:href="http://xbrl.fasb.org/us-gaap/2012/elts/us-gaap-2012-01-31.xsd#us-gaap_NetCashProvidedByUsedInOperatingActivitiesAbstract" xlink:label="loc_us-gaap_NetCashProvidedByUsedInOperatingActivitiesAbstract_1" />
<presentationArc xlink:type="arc" xlink:arcrole="http://www.xbrl.org/2003/arcrole/parent-child" xlink:from="loc_us-gaap_StatementOfCashFlowsAbstract_0" xlink:to="loc_us-gaap_NetCashProvidedByUsedInOperatingActivitiesAbstract_1" order="0" use="optional" preferredLabel="http://www.xbrl.org/2003/role/verboseLabel" />
<loc xlink:type="locator" xlink:href="http://xbrl.fasb.org/us-gaap/2012/elts/us-gaap-2012-01-31.xsd#us-gaap_NetIncomeLoss" xlink:label="loc_us-gaap_NetIncomeLoss_2" />
<presentationArc xlink:type="arc" xlink:arcrole="http://www.xbrl.org/2003/arcrole/parent-child" xlink:from="loc_us-gaap_NetCashProvidedByUsedInOperatingActivitiesAbstract_1" xlink:to="loc_us-gaap_NetIncomeLoss_2" order="0" use="optional" preferredLabel="http://www.xbrl.org/2003/role/verboseLabel" />
<loc xlink:type="locator" xlink:href="http://xbrl.fasb.org/us-gaap/2012/elts/us-gaap-2012-01-31.xsd#us-gaap_AdjustmentsToReconcileNetIncomeLossToCashProvidedByUsedInOperatingActivitiesAbstract" xlink:label="loc_us-gaap_AdjustmentsToReconcileNetIncomeLossToCashProvidedByUsedInOperatingActivitiesAbstract_3" />
<presentationArc xlink:type="arc" xlink:arcrole="http://www.xbrl.org/2003/arcrole/parent-child" xlink:from="loc_us-gaap_NetCashProvidedByUsedInOperatingActivitiesAbstract_1" xlink:to="loc_us-gaap_AdjustmentsToReconcileNetIncomeLossToCashProvidedByUsedInOperatingActivitiesAbstract_3" order="10" use="optional" preferredLabel="http://www.xbrl.org/2003/role/verboseLabel" />
<loc xlink:type="locator" xlink:href="http://xbrl.fasb.org/us-gaap/2012/elts/us-gaap-2012-01-31.xsd#us-gaap_IncreaseDecreaseInOperatingCapitalAbstract" xlink:label="loc_us-gaap_IncreaseDecreaseInOperatingCapitalAbstract_4" />
<presentationArc xlink:type="arc" xlink:arcrole="http://www.xbrl.org/2003/arcrole/parent-child" xlink:from="loc_us-gaap_AdjustmentsToReconcileNetIncomeLossToCashProvidedByUsedInOperatingActivitiesAbstract_3" xlink:to="loc_us-gaap_IncreaseDecreaseInOperatingCapitalAbstract_4" order="0" use="optional" preferredLabel="http://www.xbrl.org/2003/role/verboseLabel" />
<loc xlink:type="locator" xlink:href="iiet-20121231.xsd#iiet_AdvanceFromShareholder" xlink:label="loc_iiet_AdvanceFromShareholder_5" />
<presentationArc xlink:type="arc" xlink:arcrole="http://www.xbrl.org/2003/arcrole/parent-child" xlink:from="loc_us-gaap_IncreaseDecreaseInOperatingCapitalAbstract_4" xlink:to="loc_iiet_AdvanceFromShareholder_5" order="0" use="optional" preferredLabel="http://www.xbrl.org/2003/role/verboseLabel" />
<loc xlink:type="locator" xlink:href="http://xbrl.fasb.org/us-gaap/2012/elts/us-gaap-2012-01-31.xsd#us-gaap_NetCashProvidedByUsedInOperatingActivities" xlink:label="loc_us-gaap_NetCashProvidedByUsedInOperatingActivities_6" />
<presentationArc xlink:type="arc" xlink:arcrole="http://www.xbrl.org/2003/arcrole/parent-child" xlink:from="loc_us-gaap_NetCashProvidedByUsedInOperatingActivitiesAbstract_1" xlink:to="loc_us-gaap_NetCashProvidedByUsedInOperatingActivities_6" order="20" use="optional" preferredLabel="http://www.xbrl.org/2003/role/verboseLabel" />
<loc xlink:type="locator" xlink:href="http://xbrl.fasb.org/us-gaap/2012/elts/us-gaap-2012-01-31.xsd#us-gaap_NetCashProvidedByUsedInInvestingActivities" xlink:label="loc_us-gaap_NetCashProvidedByUsedInInvestingActivities_7" />
<presentationArc xlink:type="arc" xlink:arcrole="http://www.xbrl.org/2003/arcrole/parent-child" xlink:from="loc_us-gaap_StatementOfCashFlowsAbstract_0" xlink:to="loc_us-gaap_NetCashProvidedByUsedInInvestingActivities_7" order="10" use="optional" preferredLabel="http://www.xbrl.org/2003/role/verboseLabel" />
<loc xlink:type="locator" xlink:href="http://xbrl.fasb.org/us-gaap/2012/elts/us-gaap-2012-01-31.xsd#us-gaap_NetCashProvidedByUsedInFinancingActivitiesAbstract" xlink:label="loc_us-gaap_NetCashProvidedByUsedInFinancingActivitiesAbstract_8" />
<presentationArc xlink:type="arc" xlink:arcrole="http://www.xbrl.org/2003/arcrole/parent-child" xlink:from="loc_us-gaap_StatementOfCashFlowsAbstract_0" xlink:to="loc_us-gaap_NetCashProvidedByUsedInFinancingActivitiesAbstract_8" order="20" use="optional" preferredLabel="http://www.xbrl.org/2003/role/verboseLabel" />
<loc xlink:type="locator" xlink:href="http://xbrl.fasb.org/us-gaap/2012/elts/us-gaap-2012-01-31.xsd#us-gaap_ProceedsFromRelatedPartyDebt" xlink:label="loc_us-gaap_ProceedsFromRelatedPartyDebt_9" />
<presentationArc xlink:type="arc" xlink:arcrole="http://www.xbrl.org/2003/arcrole/parent-child" xlink:from="loc_us-gaap_NetCashProvidedByUsedInFinancingActivitiesAbstract_8" xlink:to="loc_us-gaap_ProceedsFromRelatedPartyDebt_9" order="0" use="optional" preferredLabel="http://www.xbrl.org/2003/role/verboseLabel" />
<loc xlink:type="locator" xlink:href="http://xbrl.fasb.org/us-gaap/2012/elts/us-gaap-2012-01-31.xsd#us-gaap_ProceedsFromIssuanceOfCommonStock" xlink:label="loc_us-gaap_ProceedsFromIssuanceOfCommonStock_10" />
<presentationArc xlink:type="arc" xlink:arcrole="http://www.xbrl.org/2003/arcrole/parent-child" xlink:from="loc_us-gaap_NetCashProvidedByUsedInFinancingActivitiesAbstract_8" xlink:to="loc_us-gaap_ProceedsFromIssuanceOfCommonStock_10" order="10" use="optional" preferredLabel="http://www.xbrl.org/2003/role/verboseLabel" />
<loc xlink:type="locator" xlink:href="http://xbrl.fasb.org/us-gaap/2012/elts/us-gaap-2012-01-31.xsd#us-gaap_ProceedsFromPaymentsForOtherFinancingActivities" xlink:label="loc_us-gaap_ProceedsFromPaymentsForOtherFinancingActivities_11" />
<presentationArc xlink:type="arc" xlink:arcrole="http://www.xbrl.org/2003/arcrole/parent-child" xlink:from="loc_us-gaap_NetCashProvidedByUsedInFinancingActivitiesAbstract_8" xlink:to="loc_us-gaap_ProceedsFromPaymentsForOtherFinancingActivities_11" order="20" use="optional" preferredLabel="http://www.xbrl.org/2003/role/verboseLabel" />
<loc xlink:type="locator" xlink:href="http://xbrl.fasb.org/us-gaap/2012/elts/us-gaap-2012-01-31.xsd#us-gaap_NetCashProvidedByUsedInFinancingActivities" xlink:label="loc_us-gaap_NetCashProvidedByUsedInFinancingActivities_12" />
<presentationArc xlink:type="arc" xlink:arcrole="http://www.xbrl.org/2003/arcrole/parent-child" xlink:from="loc_us-gaap_NetCashProvidedByUsedInFinancingActivitiesAbstract_8" xlink:to="loc_us-gaap_NetCashProvidedByUsedInFinancingActivities_12" order="30" use="optional" preferredLabel="http://www.xbrl.org/2003/role/totalLabel" />
<loc xlink:type="locator" xlink:href="http://xbrl.fasb.org/us-gaap/2012/elts/us-gaap-2012-01-31.xsd#us-gaap_CashAndCashEquivalentsPeriodIncreaseDecrease" xlink:label="loc_us-gaap_CashAndCashEquivalentsPeriodIncreaseDecrease_13" />
<presentationArc xlink:type="arc" xlink:arcrole="http://www.xbrl.org/2003/arcrole/parent-child" xlink:from="loc_us-gaap_StatementOfCashFlowsAbstract_0" xlink:to="loc_us-gaap_CashAndCashEquivalentsPeriodIncreaseDecrease_13" order="30" use="optional" preferredLabel="http://www.xbrl.org/2003/role/totalLabel" />
<loc xlink:type="locator" xlink:href="http://xbrl.fasb.org/us-gaap/2012/elts/us-gaap-2012-01-31.xsd#us-gaap_CashAndCashEquivalentsAtCarryingValue" xlink:label="loc_us-gaap_CashAndCashEquivalentsAtCarryingValue_14" />
<presentationArc xlink:type="arc" xlink:arcrole="http://www.xbrl.org/2003/arcrole/parent-child" xlink:from="loc_us-gaap_StatementOfCashFlowsAbstract_0" xlink:to="loc_us-gaap_CashAndCashEquivalentsAtCarryingValue_14" order="40" use="optional" preferredLabel="http://www.xbrl.org/2003/role/periodStartLabel" />
<loc xlink:type="locator" xlink:href="http://xbrl.fasb.org/us-gaap/2012/elts/us-gaap-2012-01-31.xsd#us-gaap_CashAndCashEquivalentsAtCarryingValue" xlink:label="loc_us-gaap_CashAndCashEquivalentsAtCarryingValue_15" />
<presentationArc xlink:type="arc" xlink:arcrole="http://www.xbrl.org/2003/arcrole/parent-child" xlink:from="loc_us-gaap_StatementOfCashFlowsAbstract_0" xlink:to="loc_us-gaap_CashAndCashEquivalentsAtCarryingValue_15" order="50" use="optional" preferredLabel="http://www.xbrl.org/2003/role/periodEndLabel" />
</presentationLink>
<presentationLink xlink:type="extended" xlink:role="http://www.internationalindustrialenterprises.com/role/OrganizationAndDescriptionOfBusiness">
<loc xlink:type="locator" xlink:href="http://xbrl.fasb.org/us-gaap/2012/elts/us-gaap-2012-01-31.xsd#us-gaap_OrganizationConsolidationAndPresentationOfFinancialStatementsAbstract" xlink:label="loc_us-gaap_OrganizationConsolidationAndPresentationOfFinancialStatementsAbstract_0" />
<loc xlink:type="locator" xlink:href="http://xbrl.fasb.org/us-gaap/2012/elts/us-gaap-2012-01-31.xsd#us-gaap_OrganizationConsolidationAndPresentationOfFinancialStatementsDisclosureTextBlock" xlink:label="loc_us-gaap_OrganizationConsolidationAndPresentationOfFinancialStatementsDisclosureTextBlock_1" />
<presentationArc xlink:type="arc" xlink:arcrole="http://www.xbrl.org/2003/arcrole/parent-child" xlink:from="loc_us-gaap_OrganizationConsolidationAndPresentationOfFinancialStatementsAbstract_0" xlink:to="loc_us-gaap_OrganizationConsolidationAndPresentationOfFinancialStatementsDisclosureTextBlock_1" order="0" use="optional" preferredLabel="http://www.xbrl.org/2003/role/verboseLabel" />
</presentationLink>
<presentationLink xlink:type="extended" xlink:role="http://www.internationalindustrialenterprises.com/role/GoingConcern">
<loc xlink:type="locator" xlink:href="iiet-20121231.xsd#iiet_GoingConcernAbstract" xlink:label="loc_iiet_GoingConcernAbstract_0" />
<loc xlink:type="locator" xlink:href="iiet-20121231.xsd#iiet_GoingConcernDisclosureTextBlock" xlink:label="loc_iiet_GoingConcernDisclosureTextBlock_1" />
<presentationArc xlink:type="arc" xlink:arcrole="http://www.xbrl.org/2003/arcrole/parent-child" xlink:from="loc_iiet_GoingConcernAbstract_0" xlink:to="loc_iiet_GoingConcernDisclosureTextBlock_1" order="0" use="optional" preferredLabel="http://www.xbrl.org/2003/role/verboseLabel" />
</presentationLink>
<presentationLink xlink:type="extended" xlink:role="http://www.internationalindustrialenterprises.com/role/SummaryOfSignificantAccountingPolicies">
<loc xlink:type="locator" xlink:href="http://xbrl.fasb.org/us-gaap/2012/elts/us-gaap-2012-01-31.xsd#us-gaap_AccountingPoliciesAbstract" xlink:label="loc_us-gaap_AccountingPoliciesAbstract_0" />
<loc xlink:type="locator" xlink:href="http://xbrl.fasb.org/us-gaap/2012/elts/us-gaap-2012-01-31.xsd#us-gaap_SignificantAccountingPoliciesTextBlock" xlink:label="loc_us-gaap_SignificantAccountingPoliciesTextBlock_1" />
<presentationArc xlink:type="arc" xlink:arcrole="http://www.xbrl.org/2003/arcrole/parent-child" xlink:from="loc_us-gaap_AccountingPoliciesAbstract_0" xlink:to="loc_us-gaap_SignificantAccountingPoliciesTextBlock_1" order="0" use="optional" preferredLabel="http://www.xbrl.org/2003/role/verboseLabel" />
</presentationLink>
<presentationLink xlink:type="extended" xlink:role="http://www.internationalindustrialenterprises.com/role/RelatedPartyTransactions">
<loc xlink:type="locator" xlink:href="http://xbrl.fasb.org/us-gaap/2012/elts/us-gaap-2012-01-31.xsd#us-gaap_RelatedPartyTransactionsAbstract" xlink:label="loc_us-gaap_RelatedPartyTransactionsAbstract_0" />
<loc xlink:type="locator" xlink:href="http://xbrl.fasb.org/us-gaap/2012/elts/us-gaap-2012-01-31.xsd#us-gaap_RelatedPartyTransactionsDisclosureTextBlock" xlink:label="loc_us-gaap_RelatedPartyTransactionsDisclosureTextBlock_1" />
<presentationArc xlink:type="arc" xlink:arcrole="http://www.xbrl.org/2003/arcrole/parent-child" xlink:from="loc_us-gaap_RelatedPartyTransactionsAbstract_0" xlink:to="loc_us-gaap_RelatedPartyTransactionsDisclosureTextBlock_1" order="0" use="optional" preferredLabel="http://www.xbrl.org/2003/role/verboseLabel" />
</presentationLink>
<presentationLink xlink:type="extended" xlink:role="http://www.internationalindustrialenterprises.com/role/CapitalStock">
<loc xlink:type="locator" xlink:href="http://xbrl.fasb.org/us-gaap/2012/elts/us-gaap-2012-01-31.xsd#us-gaap_StockholdersEquityNoteAbstract" xlink:label="loc_us-gaap_StockholdersEquityNoteAbstract_0" />
<loc xlink:type="locator" xlink:href="http://xbrl.fasb.org/us-gaap/2012/elts/us-gaap-2012-01-31.xsd#us-gaap_StockholdersEquityNoteDisclosureTextBlock" xlink:label="loc_us-gaap_StockholdersEquityNoteDisclosureTextBlock_1" />
<presentationArc xlink:type="arc" xlink:arcrole="http://www.xbrl.org/2003/arcrole/parent-child" xlink:from="loc_us-gaap_StockholdersEquityNoteAbstract_0" xlink:to="loc_us-gaap_StockholdersEquityNoteDisclosureTextBlock_1" order="0" use="optional" preferredLabel="http://www.xbrl.org/2003/role/verboseLabel" />
</presentationLink>
<presentationLink xlink:type="extended" xlink:role="http://www.internationalindustrialenterprises.com/role/NetLossPerShare">
<loc xlink:type="locator" xlink:href="http://xbrl.fasb.org/us-gaap/2012/elts/us-gaap-2012-01-31.xsd#us-gaap_EarningsPerShareAbstract" xlink:label="loc_us-gaap_EarningsPerShareAbstract_0" />
<loc xlink:type="locator" xlink:href="http://xbrl.fasb.org/us-gaap/2012/elts/us-gaap-2012-01-31.xsd#us-gaap_EarningsPerShareTextBlock" xlink:label="loc_us-gaap_EarningsPerShareTextBlock_1" />
<presentationArc xlink:type="arc" xlink:arcrole="http://www.xbrl.org/2003/arcrole/parent-child" xlink:from="loc_us-gaap_EarningsPerShareAbstract_0" xlink:to="loc_us-gaap_EarningsPerShareTextBlock_1" order="0" use="optional" preferredLabel="http://www.xbrl.org/2003/role/verboseLabel" />
</presentationLink>
<presentationLink xlink:type="extended" xlink:role="http://www.internationalindustrialenterprises.com/role/IncomeTaxes">
<loc xlink:type="locator" xlink:href="http://xbrl.fasb.org/us-gaap/2012/elts/us-gaap-2012-01-31.xsd#us-gaap_IncomeTaxDisclosureAbstract" xlink:label="loc_us-gaap_IncomeTaxDisclosureAbstract_0" />
<loc xlink:type="locator" xlink:href="http://xbrl.fasb.org/us-gaap/2012/elts/us-gaap-2012-01-31.xsd#us-gaap_IncomeTaxDisclosureTextBlock" xlink:label="loc_us-gaap_IncomeTaxDisclosureTextBlock_1" />
<presentationArc xlink:type="arc" xlink:arcrole="http://www.xbrl.org/2003/arcrole/parent-child" xlink:from="loc_us-gaap_IncomeTaxDisclosureAbstract_0" xlink:to="loc_us-gaap_IncomeTaxDisclosureTextBlock_1" order="0" use="optional" preferredLabel="http://www.xbrl.org/2003/role/verboseLabel" />
</presentationLink>
<presentationLink xlink:type="extended" xlink:role="http://www.internationalindustrialenterprises.com/role/SubsequentEvents">
<loc xlink:type="locator" xlink:href="http://xbrl.fasb.org/us-gaap/2012/elts/us-gaap-2012-01-31.xsd#us-gaap_SubsequentEventsAbstract" xlink:label="loc_us-gaap_SubsequentEventsAbstract_0" />
<loc xlink:type="locator" xlink:href="http://xbrl.fasb.org/us-gaap/2012/elts/us-gaap-2012-01-31.xsd#us-gaap_SubsequentEventsTextBlock" xlink:label="loc_us-gaap_SubsequentEventsTextBlock_1" />
<presentationArc xlink:type="arc" xlink:arcrole="http://www.xbrl.org/2003/arcrole/parent-child" xlink:from="loc_us-gaap_SubsequentEventsAbstract_0" xlink:to="loc_us-gaap_SubsequentEventsTextBlock_1" order="0" use="optional" preferredLabel="http://www.xbrl.org/2003/role/verboseLabel" />
</presentationLink>
<presentationLink xlink:type="extended" xlink:role="http://www.internationalindustrialenterprises.com/role/SUMMARYOFSIGNIFICANTACCOUNTINGPOLICIESPolicies">
<loc xlink:type="locator" xlink:href="http://xbrl.fasb.org/us-gaap/2012/elts/us-gaap-2012-01-31.xsd#us-gaap_AccountingPoliciesAbstract" xlink:label="loc_us-gaap_AccountingPoliciesAbstract_0" />
<loc xlink:type="locator" xlink:href="http://xbrl.fasb.org/us-gaap/2012/elts/us-gaap-2012-01-31.xsd#us-gaap_ConsolidationPolicyTextBlock" xlink:label="loc_us-gaap_ConsolidationPolicyTextBlock_1" />
<presentationArc xlink:type="arc" xlink:arcrole="http://www.xbrl.org/2003/arcrole/parent-child" xlink:from="loc_us-gaap_AccountingPoliciesAbstract_0" xlink:to="loc_us-gaap_ConsolidationPolicyTextBlock_1" order="0" use="optional" preferredLabel="http://www.xbrl.org/2003/role/verboseLabel" />
<loc xlink:type="locator" xlink:href="http://xbrl.fasb.org/us-gaap/2012/elts/us-gaap-2012-01-31.xsd#us-gaap_UseOfEstimates" xlink:label="loc_us-gaap_UseOfEstimates_2" />
<presentationArc xlink:type="arc" xlink:arcrole="http://www.xbrl.org/2003/arcrole/parent-child" xlink:from="loc_us-gaap_AccountingPoliciesAbstract_0" xlink:to="loc_us-gaap_UseOfEstimates_2" order="10" use="optional" preferredLabel="http://www.xbrl.org/2003/role/verboseLabel" />
<loc xlink:type="locator" xlink:href="http://xbrl.fasb.org/us-gaap/2012/elts/us-gaap-2012-01-31.xsd#us-gaap_CashAndCashEquivalentsPolicyTextBlock" xlink:label="loc_us-gaap_CashAndCashEquivalentsPolicyTextBlock_3" />
<presentationArc xlink:type="arc" xlink:arcrole="http://www.xbrl.org/2003/arcrole/parent-child" xlink:from="loc_us-gaap_AccountingPoliciesAbstract_0" xlink:to="loc_us-gaap_CashAndCashEquivalentsPolicyTextBlock_3" order="20" use="optional" preferredLabel="http://www.xbrl.org/2003/role/verboseLabel" />
<loc xlink:type="locator" xlink:href="http://xbrl.fasb.org/us-gaap/2012/elts/us-gaap-2012-01-31.xsd#us-gaap_FairValueMeasurementPolicyPolicyTextBlock" xlink:label="loc_us-gaap_FairValueMeasurementPolicyPolicyTextBlock_4" />
<presentationArc xlink:type="arc" xlink:arcrole="http://www.xbrl.org/2003/arcrole/parent-child" xlink:from="loc_us-gaap_AccountingPoliciesAbstract_0" xlink:to="loc_us-gaap_FairValueMeasurementPolicyPolicyTextBlock_4" order="30" use="optional" preferredLabel="http://www.xbrl.org/2003/role/verboseLabel" />
<loc xlink:type="locator" xlink:href="http://xbrl.fasb.org/us-gaap/2012/elts/us-gaap-2012-01-31.xsd#us-gaap_FairValueOfFinancialInstrumentsPolicy" xlink:label="loc_us-gaap_FairValueOfFinancialInstrumentsPolicy_5" />
<presentationArc xlink:type="arc" xlink:arcrole="http://www.xbrl.org/2003/arcrole/parent-child" xlink:from="loc_us-gaap_AccountingPoliciesAbstract_0" xlink:to="loc_us-gaap_FairValueOfFinancialInstrumentsPolicy_5" order="40" use="optional" preferredLabel="http://www.xbrl.org/2003/role/verboseLabel" />
<loc xlink:type="locator" xlink:href="http://xbrl.fasb.org/us-gaap/2012/elts/us-gaap-2012-01-31.xsd#us-gaap_IncomeTaxPolicyTextBlock" xlink:label="loc_us-gaap_IncomeTaxPolicyTextBlock_6" />
<presentationArc xlink:type="arc" xlink:arcrole="http://www.xbrl.org/2003/arcrole/parent-child" xlink:from="loc_us-gaap_AccountingPoliciesAbstract_0" xlink:to="loc_us-gaap_IncomeTaxPolicyTextBlock_6" order="50" use="optional" preferredLabel="http://www.xbrl.org/2003/role/verboseLabel" />
<loc xlink:type="locator" xlink:href="http://xbrl.fasb.org/us-gaap/2012/elts/us-gaap-2012-01-31.xsd#us-gaap_EarningsPerSharePolicyTextBlock" xlink:label="loc_us-gaap_EarningsPerSharePolicyTextBlock_7" />
<presentationArc xlink:type="arc" xlink:arcrole="http://www.xbrl.org/2003/arcrole/parent-child" xlink:from="loc_us-gaap_AccountingPoliciesAbstract_0" xlink:to="loc_us-gaap_EarningsPerSharePolicyTextBlock_7" order="60" use="optional" preferredLabel="http://www.xbrl.org/2003/role/verboseLabel" />
<loc xlink:type="locator" xlink:href="http://xbrl.fasb.org/us-gaap/2012/elts/us-gaap-2012-01-31.xsd#us-gaap_GoodwillAndIntangibleAssetsPolicyTextBlock" xlink:label="loc_us-gaap_GoodwillAndIntangibleAssetsPolicyTextBlock_8" />
<presentationArc xlink:type="arc" xlink:arcrole="http://www.xbrl.org/2003/arcrole/parent-child" xlink:from="loc_us-gaap_AccountingPoliciesAbstract_0" xlink:to="loc_us-gaap_GoodwillAndIntangibleAssetsPolicyTextBlock_8" order="70" use="optional" preferredLabel="http://www.xbrl.org/2003/role/verboseLabel" />
<loc xlink:type="locator" xlink:href="http://xbrl.fasb.org/us-gaap/2012/elts/us-gaap-2012-01-31.xsd#us-gaap_NewAccountingPronouncementsPolicyPolicyTextBlock" xlink:label="loc_us-gaap_NewAccountingPronouncementsPolicyPolicyTextBlock_9" />
<presentationArc xlink:type="arc" xlink:arcrole="http://www.xbrl.org/2003/arcrole/parent-child" xlink:from="loc_us-gaap_AccountingPoliciesAbstract_0" xlink:to="loc_us-gaap_NewAccountingPronouncementsPolicyPolicyTextBlock_9" order="80" use="optional" preferredLabel="http://www.xbrl.org/2003/role/verboseLabel" />
<loc xlink:type="locator" xlink:href="http://xbrl.fasb.org/us-gaap/2012/elts/us-gaap-2012-01-31.xsd#us-gaap_SubsequentEventsPolicyPolicyTextBlock" xlink:label="loc_us-gaap_SubsequentEventsPolicyPolicyTextBlock_10" />
<presentationArc xlink:type="arc" xlink:arcrole="http://www.xbrl.org/2003/arcrole/parent-child" xlink:from="loc_us-gaap_AccountingPoliciesAbstract_0" xlink:to="loc_us-gaap_SubsequentEventsPolicyPolicyTextBlock_10" order="90" use="optional" preferredLabel="http://www.xbrl.org/2003/role/verboseLabel" />
</presentationLink>
<presentationLink xlink:type="extended" xlink:role="http://www.internationalindustrialenterprises.com/role/NetLossPerShareTables">
<loc xlink:type="locator" xlink:href="http://xbrl.fasb.org/us-gaap/2012/elts/us-gaap-2012-01-31.xsd#us-gaap_EarningsPerShareAbstract" xlink:label="loc_us-gaap_EarningsPerShareAbstract_0" />
<loc xlink:type="locator" xlink:href="http://xbrl.fasb.org/us-gaap/2012/elts/us-gaap-2012-01-31.xsd#us-gaap_ScheduleOfEarningsPerShareBasicAndDilutedTableTextBlock" xlink:label="loc_us-gaap_ScheduleOfEarningsPerShareBasicAndDilutedTableTextBlock_1" />
<presentationArc xlink:type="arc" xlink:arcrole="http://www.xbrl.org/2003/arcrole/parent-child" xlink:from="loc_us-gaap_EarningsPerShareAbstract_0" xlink:to="loc_us-gaap_ScheduleOfEarningsPerShareBasicAndDilutedTableTextBlock_1" order="0" use="optional" preferredLabel="http://www.xbrl.org/2003/role/verboseLabel" />
</presentationLink>
<presentationLink xlink:type="extended" xlink:role="http://www.internationalindustrialenterprises.com/role/GOINGCONCERNDetails">
<loc xlink:type="locator" xlink:href="iiet-20121231.xsd#iiet_GoingConcernAbstract" xlink:label="loc_iiet_GoingConcernAbstract_0" />
<loc xlink:type="locator" xlink:href="iiet-20121231.xsd#iiet_GoingConcernTextualAbstract" xlink:label="loc_iiet_GoingConcernTextualAbstract_1" />
<presentationArc xlink:type="arc" xlink:arcrole="http://www.xbrl.org/2003/arcrole/parent-child" xlink:from="loc_iiet_GoingConcernAbstract_0" xlink:to="loc_iiet_GoingConcernTextualAbstract_1" order="0" use="optional" preferredLabel="http://www.xbrl.org/2003/role/verboseLabel" />
<loc xlink:type="locator" xlink:href="http://xbrl.fasb.org/us-gaap/2012/elts/us-gaap-2012-01-31.xsd#us-gaap_DevelopmentStageEnterpriseDeficitAccumulatedDuringDevelopmentStage" xlink:label="loc_us-gaap_DevelopmentStageEnterpriseDeficitAccumulatedDuringDevelopmentStage_2" />
<presentationArc xlink:type="arc" xlink:arcrole="http://www.xbrl.org/2003/arcrole/parent-child" xlink:from="loc_iiet_GoingConcernTextualAbstract_1" xlink:to="loc_us-gaap_DevelopmentStageEnterpriseDeficitAccumulatedDuringDevelopmentStage_2" order="0" use="optional" preferredLabel="http://www.xbrl.org/2003/role/verboseLabel" />
<loc xlink:type="locator" xlink:href="iiet-20121231.xsd#iiet_WorkingCapitalDeficit" xlink:label="loc_iiet_WorkingCapitalDeficit_3" />
<presentationArc xlink:type="arc" xlink:arcrole="http://www.xbrl.org/2003/arcrole/parent-child" xlink:from="loc_iiet_GoingConcernTextualAbstract_1" xlink:to="loc_iiet_WorkingCapitalDeficit_3" order="10" use="optional" preferredLabel="http://www.xbrl.org/2003/role/verboseLabel" />
</presentationLink>
<presentationLink xlink:type="extended" xlink:role="http://www.internationalindustrialenterprises.com/role/RelatedPartyTransactionsDetails">
<loc xlink:type="locator" xlink:href="http://xbrl.fasb.org/us-gaap/2012/elts/us-gaap-2012-01-31.xsd#us-gaap_RelatedPartyTransactionsAbstract" xlink:label="loc_us-gaap_RelatedPartyTransactionsAbstract_0" />
<loc xlink:type="locator" xlink:href="iiet-20121231.xsd#iiet_RelatedPartyTransactionsTextualAbstract" xlink:label="loc_iiet_RelatedPartyTransactionsTextualAbstract_1" />
<presentationArc xlink:type="arc" xlink:arcrole="http://www.xbrl.org/2003/arcrole/parent-child" xlink:from="loc_us-gaap_RelatedPartyTransactionsAbstract_0" xlink:to="loc_iiet_RelatedPartyTransactionsTextualAbstract_1" order="0" use="optional" preferredLabel="http://www.xbrl.org/2003/role/verboseLabel" />
<loc xlink:type="locator" xlink:href="iiet-20121231.xsd#iiet_DescriptionOfRelatePartyForCompany" xlink:label="loc_iiet_DescriptionOfRelatePartyForCompany_2" />
<presentationArc xlink:type="arc" xlink:arcrole="http://www.xbrl.org/2003/arcrole/parent-child" xlink:from="loc_iiet_RelatedPartyTransactionsTextualAbstract_1" xlink:to="loc_iiet_DescriptionOfRelatePartyForCompany_2" order="0" use="optional" preferredLabel="http://www.xbrl.org/2003/role/verboseLabel" />
<loc xlink:type="locator" xlink:href="http://xbrl.fasb.org/us-gaap/2012/elts/us-gaap-2012-01-31.xsd#us-gaap_DueToRelatedPartiesCurrent" xlink:label="loc_us-gaap_DueToRelatedPartiesCurrent_3" />
<presentationArc xlink:type="arc" xlink:arcrole="http://www.xbrl.org/2003/arcrole/parent-child" xlink:from="loc_iiet_RelatedPartyTransactionsTextualAbstract_1" xlink:to="loc_us-gaap_DueToRelatedPartiesCurrent_3" order="10" use="optional" preferredLabel="http://www.xbrl.org/2003/role/terseLabel" />
<loc xlink:type="locator" xlink:href="iiet-20121231.xsd#iiet_PercentageOfCommonSharesOutstandingHoldByShareholder" xlink:label="loc_iiet_PercentageOfCommonSharesOutstandingHoldByShareholder_4" />
<presentationArc xlink:type="arc" xlink:arcrole="http://www.xbrl.org/2003/arcrole/parent-child" xlink:from="loc_iiet_RelatedPartyTransactionsTextualAbstract_1" xlink:to="loc_iiet_PercentageOfCommonSharesOutstandingHoldByShareholder_4" order="20" use="optional" preferredLabel="http://www.xbrl.org/2003/role/verboseLabel" />
<loc xlink:type="locator" xlink:href="iiet-20121231.xsd#iiet_AdministrativeExpensesPaidByRelatedParty" xlink:label="loc_iiet_AdministrativeExpensesPaidByRelatedParty_5" />
<presentationArc xlink:type="arc" xlink:arcrole="http://www.xbrl.org/2003/arcrole/parent-child" xlink:from="loc_iiet_RelatedPartyTransactionsTextualAbstract_1" xlink:to="loc_iiet_AdministrativeExpensesPaidByRelatedParty_5" order="30" use="optional" preferredLabel="http://www.xbrl.org/2003/role/verboseLabel" />
</presentationLink>
<presentationLink xlink:type="extended" xlink:role="http://www.internationalindustrialenterprises.com/role/CAPITALSTOCKDetails">
<loc xlink:type="locator" xlink:href="http://xbrl.fasb.org/us-gaap/2012/elts/us-gaap-2012-01-31.xsd#us-gaap_StockholdersEquityNoteAbstract" xlink:label="loc_us-gaap_StockholdersEquityNoteAbstract_0" />
<loc xlink:type="locator" xlink:href="iiet-20121231.xsd#iiet_CapitalStockTextualAbstract" xlink:label="loc_iiet_CapitalStockTextualAbstract_1" />
<presentationArc xlink:type="arc" xlink:arcrole="http://www.xbrl.org/2003/arcrole/parent-child" xlink:from="loc_us-gaap_StockholdersEquityNoteAbstract_0" xlink:to="loc_iiet_CapitalStockTextualAbstract_1" order="0" use="optional" preferredLabel="http://www.xbrl.org/2003/role/verboseLabel" />
<loc xlink:type="locator" xlink:href="http://xbrl.fasb.org/us-gaap/2012/elts/us-gaap-2012-01-31.xsd#us-gaap_CommonStockSharesAuthorized" xlink:label="loc_us-gaap_CommonStockSharesAuthorized_2" />
<presentationArc xlink:type="arc" xlink:arcrole="http://www.xbrl.org/2003/arcrole/parent-child" xlink:from="loc_iiet_CapitalStockTextualAbstract_1" xlink:to="loc_us-gaap_CommonStockSharesAuthorized_2" order="0" use="optional" preferredLabel="http://www.xbrl.org/2003/role/verboseLabel" />
<loc xlink:type="locator" xlink:href="http://xbrl.fasb.org/us-gaap/2012/elts/us-gaap-2012-01-31.xsd#us-gaap_CommonStockParOrStatedValuePerShare" xlink:label="loc_us-gaap_CommonStockParOrStatedValuePerShare_3" />
<presentationArc xlink:type="arc" xlink:arcrole="http://www.xbrl.org/2003/arcrole/parent-child" xlink:from="loc_iiet_CapitalStockTextualAbstract_1" xlink:to="loc_us-gaap_CommonStockParOrStatedValuePerShare_3" order="10" use="optional" preferredLabel="http://www.xbrl.org/2003/role/verboseLabel" />
<loc xlink:type="locator" xlink:href="http://xbrl.fasb.org/us-gaap/2012/elts/us-gaap-2012-01-31.xsd#us-gaap_CommonStockSharesIssued" xlink:label="loc_us-gaap_CommonStockSharesIssued_4" />
<presentationArc xlink:type="arc" xlink:arcrole="http://www.xbrl.org/2003/arcrole/parent-child" xlink:from="loc_iiet_CapitalStockTextualAbstract_1" xlink:to="loc_us-gaap_CommonStockSharesIssued_4" order="20" use="optional" preferredLabel="http://www.xbrl.org/2003/role/verboseLabel" />
<loc xlink:type="locator" xlink:href="http://xbrl.fasb.org/us-gaap/2012/elts/us-gaap-2012-01-31.xsd#us-gaap_CommonStockSharesOutstanding" xlink:label="loc_us-gaap_CommonStockSharesOutstanding_5" />
<presentationArc xlink:type="arc" xlink:arcrole="http://www.xbrl.org/2003/arcrole/parent-child" xlink:from="loc_iiet_CapitalStockTextualAbstract_1" xlink:to="loc_us-gaap_CommonStockSharesOutstanding_5" order="30" use="optional" preferredLabel="http://www.xbrl.org/2003/role/verboseLabel" />
</presentationLink>
<presentationLink xlink:type="extended" xlink:role="http://www.internationalindustrialenterprises.com/role/NetLossPerShareDetails">
<loc xlink:type="locator" xlink:href="http://xbrl.fasb.org/us-gaap/2012/elts/us-gaap-2012-01-31.xsd#us-gaap_EarningsPerShareAbstract" xlink:label="loc_us-gaap_EarningsPerShareAbstract_0" />
<loc xlink:type="locator" xlink:href="iiet-20121231.xsd#iiet_ComputationOfBasicAndDilutedNetLossPerShareAbstract" xlink:label="loc_iiet_ComputationOfBasicAndDilutedNetLossPerShareAbstract_1" />
<presentationArc xlink:type="arc" xlink:arcrole="http://www.xbrl.org/2003/arcrole/parent-child" xlink:from="loc_us-gaap_EarningsPerShareAbstract_0" xlink:to="loc_iiet_ComputationOfBasicAndDilutedNetLossPerShareAbstract_1" order="0" use="optional" preferredLabel="http://www.xbrl.org/2003/role/verboseLabel" />
<loc xlink:type="locator" xlink:href="http://xbrl.fasb.org/us-gaap/2012/elts/us-gaap-2012-01-31.xsd#us-gaap_EarningsPerShareBasicAndDilutedAbstract" xlink:label="loc_us-gaap_EarningsPerShareBasicAndDilutedAbstract_2" />
<presentationArc xlink:type="arc" xlink:arcrole="http://www.xbrl.org/2003/arcrole/parent-child" xlink:from="loc_iiet_ComputationOfBasicAndDilutedNetLossPerShareAbstract_1" xlink:to="loc_us-gaap_EarningsPerShareBasicAndDilutedAbstract_2" order="0" use="optional" preferredLabel="http://www.xbrl.org/2003/role/verboseLabel" />
<loc xlink:type="locator" xlink:href="iiet-20121231.xsd#iiet_NumeratorAbstract" xlink:label="loc_iiet_NumeratorAbstract_3" />
<presentationArc xlink:type="arc" xlink:arcrole="http://www.xbrl.org/2003/arcrole/parent-child" xlink:from="loc_us-gaap_EarningsPerShareBasicAndDilutedAbstract_2" xlink:to="loc_iiet_NumeratorAbstract_3" order="0" use="optional" preferredLabel="http://www.xbrl.org/2003/role/verboseLabel" />
<loc xlink:type="locator" xlink:href="iiet-20121231.xsd#iiet_NetIncomeLossAvailableToCommonStockholdersBasicAndDiluted" xlink:label="loc_iiet_NetIncomeLossAvailableToCommonStockholdersBasicAndDiluted_4" />
<presentationArc xlink:type="arc" xlink:arcrole="http://www.xbrl.org/2003/arcrole/parent-child" xlink:from="loc_iiet_NumeratorAbstract_3" xlink:to="loc_iiet_NetIncomeLossAvailableToCommonStockholdersBasicAndDiluted_4" order="0" use="optional" preferredLabel="http://www.xbrl.org/2003/role/verboseLabel" />
<loc xlink:type="locator" xlink:href="iiet-20121231.xsd#iiet_DenominatorAbstract" xlink:label="loc_iiet_DenominatorAbstract_5" />
<presentationArc xlink:type="arc" xlink:arcrole="http://www.xbrl.org/2003/arcrole/parent-child" xlink:from="loc_us-gaap_EarningsPerShareBasicAndDilutedAbstract_2" xlink:to="loc_iiet_DenominatorAbstract_5" order="10" use="optional" preferredLabel="http://www.xbrl.org/2003/role/verboseLabel" />
<loc xlink:type="locator" xlink:href="http://xbrl.fasb.org/us-gaap/2012/elts/us-gaap-2012-01-31.xsd#us-gaap_WeightedAverageNumberOfShareOutstandingBasicAndDiluted" xlink:label="loc_us-gaap_WeightedAverageNumberOfShareOutstandingBasicAndDiluted_6" />
<presentationArc xlink:type="arc" xlink:arcrole="http://www.xbrl.org/2003/arcrole/parent-child" xlink:from="loc_iiet_DenominatorAbstract_5" xlink:to="loc_us-gaap_WeightedAverageNumberOfShareOutstandingBasicAndDiluted_6" order="0" use="optional" preferredLabel="http://www.xbrl.org/2003/role/terseLabel" />
<loc xlink:type="locator" xlink:href="http://xbrl.fasb.org/us-gaap/2012/elts/us-gaap-2012-01-31.xsd#us-gaap_EarningsPerShareBasicAndDiluted" xlink:label="loc_us-gaap_EarningsPerShareBasicAndDiluted_7" />
<presentationArc xlink:type="arc" xlink:arcrole="http://www.xbrl.org/2003/arcrole/parent-child" xlink:from="loc_us-gaap_EarningsPerShareBasicAndDilutedAbstract_2" xlink:to="loc_us-gaap_EarningsPerShareBasicAndDiluted_7" order="20" use="optional" preferredLabel="http://www.xbrl.org/2003/role/terseLabel" />
</presentationLink>
<presentationLink xlink:type="extended" xlink:role="http://www.internationalindustrialenterprises.com/role/NetLossPerShareDetailsTextual">
<loc xlink:type="locator" xlink:href="http://xbrl.fasb.org/us-gaap/2012/elts/us-gaap-2012-01-31.xsd#us-gaap_EarningsPerShareAbstract" xlink:label="loc_us-gaap_EarningsPerShareAbstract_0" />
<loc xlink:type="locator" xlink:href="iiet-20121231.xsd#iiet_NetLossPerShareTextualAbstract" xlink:label="loc_iiet_NetLossPerShareTextualAbstract_1" />
<presentationArc xlink:type="arc" xlink:arcrole="http://www.xbrl.org/2003/arcrole/parent-child" xlink:from="loc_us-gaap_EarningsPerShareAbstract_0" xlink:to="loc_iiet_NetLossPerShareTextualAbstract_1" order="0" use="optional" preferredLabel="http://www.xbrl.org/2003/role/verboseLabel" />
<loc xlink:type="locator" xlink:href="iiet-20121231.xsd#iiet_OutstandingPotentiallyDilutiveSecuritiesOrDerivativeInstruments" xlink:label="loc_iiet_OutstandingPotentiallyDilutiveSecuritiesOrDerivativeInstruments_2" />
<presentationArc xlink:type="arc" xlink:arcrole="http://www.xbrl.org/2003/arcrole/parent-child" xlink:from="loc_iiet_NetLossPerShareTextualAbstract_1" xlink:to="loc_iiet_OutstandingPotentiallyDilutiveSecuritiesOrDerivativeInstruments_2" order="0" use="optional" preferredLabel="http://www.xbrl.org/2003/role/verboseLabel" />
</presentationLink>
<presentationLink xlink:type="extended" xlink:role="http://www.internationalindustrialenterprises.com/role/Incometaxesdetails">
<loc xlink:type="locator" xlink:href="http://xbrl.fasb.org/us-gaap/2012/elts/us-gaap-2012-01-31.xsd#us-gaap_IncomeTaxDisclosureAbstract" xlink:label="loc_us-gaap_IncomeTaxDisclosureAbstract_0" />
<loc xlink:type="locator" xlink:href="iiet-20121231.xsd#iiet_IncomeTaxesTextualAbstract" xlink:label="loc_iiet_IncomeTaxesTextualAbstract_1" />
<presentationArc xlink:type="arc" xlink:arcrole="http://www.xbrl.org/2003/arcrole/parent-child" xlink:from="loc_us-gaap_IncomeTaxDisclosureAbstract_0" xlink:to="loc_iiet_IncomeTaxesTextualAbstract_1" order="0" use="optional" preferredLabel="http://www.xbrl.org/2003/role/verboseLabel" />
<loc xlink:type="locator" xlink:href="iiet-20121231.xsd#iiet_AllowanceAgainstDeferredTaxAsset" xlink:label="loc_iiet_AllowanceAgainstDeferredTaxAsset_2" />
<presentationArc xlink:type="arc" xlink:arcrole="http://www.xbrl.org/2003/arcrole/parent-child" xlink:from="loc_iiet_IncomeTaxesTextualAbstract_1" xlink:to="loc_iiet_AllowanceAgainstDeferredTaxAsset_2" order="0" use="optional" preferredLabel="http://www.xbrl.org/2003/role/verboseLabel" />
</presentationLink>
</linkbase>
