<?xml version="1.0" encoding="UTF-8" ?>
<linkbase xmlns="http://www.xbrl.org/2003/linkbase" xmlns:xsi="http://www.w3.org/2001/XMLSchema-instance" xmlns:xlink="http://www.w3.org/1999/xlink" xsi:schemaLocation="http://www.xbrl.org/2003/linkbase http://www.xbrl.org/2003/xbrl-linkbase-2003-12-31.xsd">
<roleRef xlink:type="simple" xlink:href="iiet-20121231.xsd#StatementOfFinancialPositionClassified" roleURI="http://www.internationalindustrialenterprises.com/role/StatementOfFinancialPositionClassified"/>
<calculationLink xlink:type="extended" xlink:role="http://www.internationalindustrialenterprises.com/role/StatementOfFinancialPositionClassified">
<loc xlink:type="locator" xlink:href="http://xbrl.fasb.org/us-gaap/2012/elts/us-gaap-2012-01-31.xsd#us-gaap_LiabilitiesCurrent" xlink:label="loc_us-gaap_LiabilitiesCurrent" />
<loc xlink:type="locator" xlink:href="http://xbrl.fasb.org/us-gaap/2012/elts/us-gaap-2012-01-31.xsd#us-gaap_DueToRelatedPartiesCurrent" xlink:label="loc_us-gaap_DueToRelatedPartiesCurrent" />
<calculationArc xlink:type="arc" xlink:arcrole="http://www.xbrl.org/2003/arcrole/summation-item" xlink:from="loc_us-gaap_LiabilitiesCurrent" xlink:to="loc_us-gaap_DueToRelatedPartiesCurrent" order="10" use="optional" weight="1"/>
<loc xlink:type="locator" xlink:href="http://xbrl.fasb.org/us-gaap/2012/elts/us-gaap-2012-01-31.xsd#us-gaap_AccruedLiabilitiesCurrent" xlink:label="loc_us-gaap_AccruedLiabilitiesCurrent" />
<calculationArc xlink:type="arc" xlink:arcrole="http://www.xbrl.org/2003/arcrole/summation-item" xlink:from="loc_us-gaap_LiabilitiesCurrent" xlink:to="loc_us-gaap_AccruedLiabilitiesCurrent" order="20" use="optional" weight="1"/>
</calculationLink>
<calculationLink xlink:type="extended" xlink:role="http://www.internationalindustrialenterprises.com/role/StatementOfFinancialPositionClassified">
<loc xlink:type="locator" xlink:href="http://xbrl.fasb.org/us-gaap/2012/elts/us-gaap-2012-01-31.xsd#us-gaap_StockholdersEquity" xlink:label="loc_us-gaap_StockholdersEquity" />
<loc xlink:type="locator" xlink:href="http://xbrl.fasb.org/us-gaap/2012/elts/us-gaap-2012-01-31.xsd#us-gaap_CommonStockValue" xlink:label="loc_us-gaap_CommonStockValue" />
<calculationArc xlink:type="arc" xlink:arcrole="http://www.xbrl.org/2003/arcrole/summation-item" xlink:from="loc_us-gaap_StockholdersEquity" xlink:to="loc_us-gaap_CommonStockValue" order="10" use="optional" weight="1"/>
<loc xlink:type="locator" xlink:href="http://xbrl.fasb.org/us-gaap/2012/elts/us-gaap-2012-01-31.xsd#us-gaap_AdditionalPaidInCapitalCommonStock" xlink:label="loc_us-gaap_AdditionalPaidInCapitalCommonStock" />
<calculationArc xlink:type="arc" xlink:arcrole="http://www.xbrl.org/2003/arcrole/summation-item" xlink:from="loc_us-gaap_StockholdersEquity" xlink:to="loc_us-gaap_AdditionalPaidInCapitalCommonStock" order="20" use="optional" weight="1"/>
<loc xlink:type="locator" xlink:href="http://xbrl.fasb.org/us-gaap/2012/elts/us-gaap-2012-01-31.xsd#us-gaap_DevelopmentStageEnterpriseDeficitAccumulatedDuringDevelopmentStage" xlink:label="loc_us-gaap_DevelopmentStageEnterpriseDeficitAccumulatedDuringDevelopmentStage" />
<calculationArc xlink:type="arc" xlink:arcrole="http://www.xbrl.org/2003/arcrole/summation-item" xlink:from="loc_us-gaap_StockholdersEquity" xlink:to="loc_us-gaap_DevelopmentStageEnterpriseDeficitAccumulatedDuringDevelopmentStage" order="30" use="optional" weight="-1"/>
</calculationLink>
<calculationLink xlink:type="extended" xlink:role="http://www.internationalindustrialenterprises.com/role/StatementOfFinancialPositionClassified">
<loc xlink:type="locator" xlink:href="http://xbrl.fasb.org/us-gaap/2012/elts/us-gaap-2012-01-31.xsd#us-gaap_LiabilitiesAndStockholdersEquity" xlink:label="loc_us-gaap_LiabilitiesAndStockholdersEquity" />
<loc xlink:type="locator" xlink:href="http://xbrl.fasb.org/us-gaap/2012/elts/us-gaap-2012-01-31.xsd#us-gaap_LiabilitiesCurrent" xlink:label="loc_us-gaap_LiabilitiesCurrent" />
<calculationArc xlink:type="arc" xlink:arcrole="http://www.xbrl.org/2003/arcrole/summation-item" xlink:from="loc_us-gaap_LiabilitiesAndStockholdersEquity" xlink:to="loc_us-gaap_LiabilitiesCurrent" order="10" use="optional" weight="1"/>
<loc xlink:type="locator" xlink:href="http://xbrl.fasb.org/us-gaap/2012/elts/us-gaap-2012-01-31.xsd#us-gaap_StockholdersEquity" xlink:label="loc_us-gaap_StockholdersEquity" />
<calculationArc xlink:type="arc" xlink:arcrole="http://www.xbrl.org/2003/arcrole/summation-item" xlink:from="loc_us-gaap_LiabilitiesAndStockholdersEquity" xlink:to="loc_us-gaap_StockholdersEquity" order="20" use="optional" weight="1"/>
</calculationLink>
<roleRef xlink:type="simple" xlink:href="iiet-20121231.xsd#Statementofincomealternative" roleURI="http://www.internationalindustrialenterprises.com/role/Statementofincomealternative"/>
<calculationLink xlink:type="extended" xlink:role="http://www.internationalindustrialenterprises.com/role/Statementofincomealternative">
<loc xlink:type="locator" xlink:href="http://xbrl.fasb.org/us-gaap/2012/elts/us-gaap-2012-01-31.xsd#us-gaap_OperatingIncomeLoss" xlink:label="loc_us-gaap_OperatingIncomeLoss" />
<loc xlink:type="locator" xlink:href="http://xbrl.fasb.org/us-gaap/2012/elts/us-gaap-2012-01-31.xsd#us-gaap_Revenues" xlink:label="loc_us-gaap_Revenues" />
<calculationArc xlink:type="arc" xlink:arcrole="http://www.xbrl.org/2003/arcrole/summation-item" xlink:from="loc_us-gaap_OperatingIncomeLoss" xlink:to="loc_us-gaap_Revenues" order="10" use="optional" weight="1"/>
<loc xlink:type="locator" xlink:href="http://xbrl.fasb.org/us-gaap/2012/elts/us-gaap-2012-01-31.xsd#us-gaap_OperatingExpenses" xlink:label="loc_us-gaap_OperatingExpenses" />
<calculationArc xlink:type="arc" xlink:arcrole="http://www.xbrl.org/2003/arcrole/summation-item" xlink:from="loc_us-gaap_OperatingIncomeLoss" xlink:to="loc_us-gaap_OperatingExpenses" order="20" use="optional" weight="-1"/>
</calculationLink>
<calculationLink xlink:type="extended" xlink:role="http://www.internationalindustrialenterprises.com/role/Statementofincomealternative">
<loc xlink:type="locator" xlink:href="http://xbrl.fasb.org/us-gaap/2012/elts/us-gaap-2012-01-31.xsd#us-gaap_NetIncomeLoss" xlink:label="loc_us-gaap_NetIncomeLoss" />
<loc xlink:type="locator" xlink:href="http://xbrl.fasb.org/us-gaap/2012/elts/us-gaap-2012-01-31.xsd#us-gaap_OperatingIncomeLoss" xlink:label="loc_us-gaap_OperatingIncomeLoss" />
<calculationArc xlink:type="arc" xlink:arcrole="http://www.xbrl.org/2003/arcrole/summation-item" xlink:from="loc_us-gaap_NetIncomeLoss" xlink:to="loc_us-gaap_OperatingIncomeLoss" order="10" use="optional" weight="1"/>
<loc xlink:type="locator" xlink:href="http://xbrl.fasb.org/us-gaap/2012/elts/us-gaap-2012-01-31.xsd#us-gaap_NonoperatingIncomeExpense" xlink:label="loc_us-gaap_NonoperatingIncomeExpense" />
<calculationArc xlink:type="arc" xlink:arcrole="http://www.xbrl.org/2003/arcrole/summation-item" xlink:from="loc_us-gaap_NetIncomeLoss" xlink:to="loc_us-gaap_NonoperatingIncomeExpense" order="20" use="optional" weight="1"/>
</calculationLink>
<roleRef xlink:type="simple" xlink:href="iiet-20121231.xsd#Statementofcashflowsindirect" roleURI="http://www.internationalindustrialenterprises.com/role/Statementofcashflowsindirect"/>
<calculationLink xlink:type="extended" xlink:role="http://www.internationalindustrialenterprises.com/role/Statementofcashflowsindirect">
<loc xlink:type="locator" xlink:href="http://xbrl.fasb.org/us-gaap/2012/elts/us-gaap-2012-01-31.xsd#us-gaap_NetCashProvidedByUsedInOperatingActivities" xlink:label="loc_us-gaap_NetCashProvidedByUsedInOperatingActivities" />
<loc xlink:type="locator" xlink:href="http://xbrl.fasb.org/us-gaap/2012/elts/us-gaap-2012-01-31.xsd#us-gaap_NetIncomeLoss" xlink:label="loc_us-gaap_NetIncomeLoss" />
<calculationArc xlink:type="arc" xlink:arcrole="http://www.xbrl.org/2003/arcrole/summation-item" xlink:from="loc_us-gaap_NetCashProvidedByUsedInOperatingActivities" xlink:to="loc_us-gaap_NetIncomeLoss" order="10" use="optional" weight="1"/>
<loc xlink:type="locator" xlink:href="iiet-20121231.xsd#iiet_AdvanceFromShareholder" xlink:label="loc_iiet_AdvanceFromShareholder" />
<calculationArc xlink:type="arc" xlink:arcrole="http://www.xbrl.org/2003/arcrole/summation-item" xlink:from="loc_us-gaap_NetCashProvidedByUsedInOperatingActivities" xlink:to="loc_iiet_AdvanceFromShareholder" order="20" use="optional" weight="1"/>
</calculationLink>
<calculationLink xlink:type="extended" xlink:role="http://www.internationalindustrialenterprises.com/role/Statementofcashflowsindirect">
<loc xlink:type="locator" xlink:href="http://xbrl.fasb.org/us-gaap/2012/elts/us-gaap-2012-01-31.xsd#us-gaap_NetCashProvidedByUsedInFinancingActivities" xlink:label="loc_us-gaap_NetCashProvidedByUsedInFinancingActivities" />
<loc xlink:type="locator" xlink:href="http://xbrl.fasb.org/us-gaap/2012/elts/us-gaap-2012-01-31.xsd#us-gaap_ProceedsFromRelatedPartyDebt" xlink:label="loc_us-gaap_ProceedsFromRelatedPartyDebt" />
<calculationArc xlink:type="arc" xlink:arcrole="http://www.xbrl.org/2003/arcrole/summation-item" xlink:from="loc_us-gaap_NetCashProvidedByUsedInFinancingActivities" xlink:to="loc_us-gaap_ProceedsFromRelatedPartyDebt" order="10" use="optional" weight="1"/>
<loc xlink:type="locator" xlink:href="http://xbrl.fasb.org/us-gaap/2012/elts/us-gaap-2012-01-31.xsd#us-gaap_ProceedsFromIssuanceOfCommonStock" xlink:label="loc_us-gaap_ProceedsFromIssuanceOfCommonStock" />
<calculationArc xlink:type="arc" xlink:arcrole="http://www.xbrl.org/2003/arcrole/summation-item" xlink:from="loc_us-gaap_NetCashProvidedByUsedInFinancingActivities" xlink:to="loc_us-gaap_ProceedsFromIssuanceOfCommonStock" order="20" use="optional" weight="1"/>
<loc xlink:type="locator" xlink:href="http://xbrl.fasb.org/us-gaap/2012/elts/us-gaap-2012-01-31.xsd#us-gaap_ProceedsFromPaymentsForOtherFinancingActivities" xlink:label="loc_us-gaap_ProceedsFromPaymentsForOtherFinancingActivities" />
<calculationArc xlink:type="arc" xlink:arcrole="http://www.xbrl.org/2003/arcrole/summation-item" xlink:from="loc_us-gaap_NetCashProvidedByUsedInFinancingActivities" xlink:to="loc_us-gaap_ProceedsFromPaymentsForOtherFinancingActivities" order="30" use="optional" weight="1"/>
</calculationLink>
<calculationLink xlink:type="extended" xlink:role="http://www.internationalindustrialenterprises.com/role/Statementofcashflowsindirect">
<loc xlink:type="locator" xlink:href="http://xbrl.fasb.org/us-gaap/2012/elts/us-gaap-2012-01-31.xsd#us-gaap_CashAndCashEquivalentsPeriodIncreaseDecrease" xlink:label="loc_us-gaap_CashAndCashEquivalentsPeriodIncreaseDecrease" />
<loc xlink:type="locator" xlink:href="http://xbrl.fasb.org/us-gaap/2012/elts/us-gaap-2012-01-31.xsd#us-gaap_NetCashProvidedByUsedInOperatingActivities" xlink:label="loc_us-gaap_NetCashProvidedByUsedInOperatingActivities" />
<calculationArc xlink:type="arc" xlink:arcrole="http://www.xbrl.org/2003/arcrole/summation-item" xlink:from="loc_us-gaap_CashAndCashEquivalentsPeriodIncreaseDecrease" xlink:to="loc_us-gaap_NetCashProvidedByUsedInOperatingActivities" order="10" use="optional" weight="1"/>
<loc xlink:type="locator" xlink:href="http://xbrl.fasb.org/us-gaap/2012/elts/us-gaap-2012-01-31.xsd#us-gaap_NetCashProvidedByUsedInInvestingActivities" xlink:label="loc_us-gaap_NetCashProvidedByUsedInInvestingActivities" />
<calculationArc xlink:type="arc" xlink:arcrole="http://www.xbrl.org/2003/arcrole/summation-item" xlink:from="loc_us-gaap_CashAndCashEquivalentsPeriodIncreaseDecrease" xlink:to="loc_us-gaap_NetCashProvidedByUsedInInvestingActivities" order="20" use="optional" weight="1"/>
<loc xlink:type="locator" xlink:href="http://xbrl.fasb.org/us-gaap/2012/elts/us-gaap-2012-01-31.xsd#us-gaap_NetCashProvidedByUsedInFinancingActivities" xlink:label="loc_us-gaap_NetCashProvidedByUsedInFinancingActivities" />
<calculationArc xlink:type="arc" xlink:arcrole="http://www.xbrl.org/2003/arcrole/summation-item" xlink:from="loc_us-gaap_CashAndCashEquivalentsPeriodIncreaseDecrease" xlink:to="loc_us-gaap_NetCashProvidedByUsedInFinancingActivities" order="30" use="optional" weight="1"/>
</calculationLink>
</linkbase>
