<?xml version="1.0" encoding="UTF-8" ?>
<linkbase xmlns="http://www.xbrl.org/2003/linkbase" xmlns:xsi="http://www.w3.org/2001/XMLSchema-instance" xmlns:xlink="http://www.w3.org/1999/xlink" xsi:schemaLocation="http://www.xbrl.org/2003/linkbase http://www.xbrl.org/2003/xbrl-linkbase-2003-12-31.xsd" xmlns:xbrldt="http://xbrl.org/2005/xbrldt" >
<arcroleRef arcroleURI="http://xbrl.org/int/dim/arcrole/all" xlink:type="simple" xlink:href="http://www.xbrl.org/2005/xbrldt-2005.xsd#all"/>
<arcroleRef arcroleURI="http://xbrl.org/int/dim/arcrole/dimension-default" xlink:type="simple" xlink:href="http://www.xbrl.org/2005/xbrldt-2005.xsd#dimension-default"/>
<arcroleRef arcroleURI="http://xbrl.org/int/dim/arcrole/dimension-domain" xlink:type="simple" xlink:href="http://www.xbrl.org/2005/xbrldt-2005.xsd#dimension-domain"/>
<arcroleRef arcroleURI="http://xbrl.org/int/dim/arcrole/domain-member" xlink:type="simple" xlink:href="http://www.xbrl.org/2005/xbrldt-2005.xsd#domain-member"/>
<arcroleRef arcroleURI="http://xbrl.org/int/dim/arcrole/hypercube-dimension" xlink:type="simple" xlink:href="http://www.xbrl.org/2005/xbrldt-2005.xsd#hypercube-dimension"/>
<arcroleRef arcroleURI="http://xbrl.org/int/dim/arcrole/notAll" xlink:type="simple" xlink:href="http://www.xbrl.org/2005/xbrldt-2005.xsd#notAll"/>
<roleRef xlink:type="simple" xlink:href="iiet-20121231.xsd#StatementOfShareholdersEquityAndOtherComprehensiveIncome" roleURI="http://www.internationalindustrialenterprises.com/role/StatementOfShareholdersEquityAndOtherComprehensiveIncome"/>
<definitionLink xlink:type="extended" xlink:role="http://www.internationalindustrialenterprises.com/role/StatementOfShareholdersEquityAndOtherComprehensiveIncome">
<loc xlink:type="locator" xlink:href="http://xbrl.fasb.org/us-gaap/2012/elts/us-gaap-2012-01-31.xsd#us-gaap_StatementLineItems" xlink:label="loc_us-gaap_StatementLineItems_0" />
<loc xlink:type="locator" xlink:href="http://xbrl.fasb.org/us-gaap/2012/elts/us-gaap-2012-01-31.xsd#us-gaap_StatementTable" xlink:label="loc_us-gaap_StatementTable_1" />
<definitionArc xlink:type="arc" xlink:arcrole="http://xbrl.org/int/dim/arcrole/all" xlink:from="loc_us-gaap_StatementLineItems_0" xlink:to="loc_us-gaap_StatementTable_1" order="0" use="optional"  xbrldt:contextElement="segment" xbrldt:closed="true" />
<loc xlink:type="locator" xlink:href="http://xbrl.fasb.org/us-gaap/2012/elts/us-gaap-2012-01-31.xsd#us-gaap_StatementEquityComponentsAxis" xlink:label="loc_us-gaap_StatementEquityComponentsAxis_2" />
<definitionArc xlink:type="arc" xlink:arcrole="http://xbrl.org/int/dim/arcrole/hypercube-dimension" xlink:from="loc_us-gaap_StatementTable_1" xlink:to="loc_us-gaap_StatementEquityComponentsAxis_2" order="0" use="optional"  />
<loc xlink:type="locator" xlink:href="http://xbrl.fasb.org/us-gaap/2012/elts/us-gaap-2012-01-31.xsd#us-gaap_EquityComponentDomain" xlink:label="loc_us-gaap_EquityComponentDomain_3" />
<definitionArc xlink:type="arc" xlink:arcrole="http://xbrl.org/int/dim/arcrole/dimension-domain" xlink:from="loc_us-gaap_StatementEquityComponentsAxis_2" xlink:to="loc_us-gaap_EquityComponentDomain_3" order="0" use="optional"  />
<loc xlink:type="locator" xlink:href="http://xbrl.fasb.org/us-gaap/2012/elts/us-gaap-2012-01-31.xsd#us-gaap_EquityComponentDomain" xlink:label="loc_us-gaap_EquityComponentDomain_3_Default" />
<definitionArc xlink:type="arc" xlink:arcrole="http://xbrl.org/int/dim/arcrole/dimension-default" xlink:from="loc_us-gaap_StatementEquityComponentsAxis_2" xlink:to="loc_us-gaap_EquityComponentDomain_3_Default" order="0" use="optional" />
<loc xlink:type="locator" xlink:href="http://xbrl.fasb.org/us-gaap/2012/elts/us-gaap-2012-01-31.xsd#us-gaap_CommonStockMember" xlink:label="loc_us-gaap_CommonStockMember_4" />
<definitionArc xlink:type="arc" xlink:arcrole="http://xbrl.org/int/dim/arcrole/domain-member" xlink:from="loc_us-gaap_EquityComponentDomain_3" xlink:to="loc_us-gaap_CommonStockMember_4" order="0" use="optional"  />
<loc xlink:type="locator" xlink:href="http://xbrl.fasb.org/us-gaap/2012/elts/us-gaap-2012-01-31.xsd#us-gaap_AdditionalPaidInCapitalMember" xlink:label="loc_us-gaap_AdditionalPaidInCapitalMember_5" />
<definitionArc xlink:type="arc" xlink:arcrole="http://xbrl.org/int/dim/arcrole/domain-member" xlink:from="loc_us-gaap_EquityComponentDomain_3" xlink:to="loc_us-gaap_AdditionalPaidInCapitalMember_5" order="10" use="optional"  />
<loc xlink:type="locator" xlink:href="http://xbrl.fasb.org/us-gaap/2012/elts/us-gaap-2012-01-31.xsd#us-gaap_RetainedEarningsMember" xlink:label="loc_us-gaap_RetainedEarningsMember_6" />
<definitionArc xlink:type="arc" xlink:arcrole="http://xbrl.org/int/dim/arcrole/domain-member" xlink:from="loc_us-gaap_EquityComponentDomain_3" xlink:to="loc_us-gaap_RetainedEarningsMember_6" order="20" use="optional"  />
<loc xlink:type="locator" xlink:href="http://xbrl.fasb.org/us-gaap/2012/elts/us-gaap-2012-01-31.xsd#us-gaap_StockholdersEquity" xlink:label="loc_us-gaap_StockholdersEquity_7" />
<definitionArc xlink:type="arc" xlink:arcrole="http://xbrl.org/int/dim/arcrole/domain-member" xlink:from="loc_us-gaap_StatementLineItems_0" xlink:to="loc_us-gaap_StockholdersEquity_7" order="10" use="optional"  />
<loc xlink:type="locator" xlink:href="http://xbrl.fasb.org/us-gaap/2012/elts/us-gaap-2012-01-31.xsd#us-gaap_SharesOutstanding" xlink:label="loc_us-gaap_SharesOutstanding_8" />
<definitionArc xlink:type="arc" xlink:arcrole="http://xbrl.org/int/dim/arcrole/domain-member" xlink:from="loc_us-gaap_StatementLineItems_0" xlink:to="loc_us-gaap_SharesOutstanding_8" order="20" use="optional"  />
<loc xlink:type="locator" xlink:href="http://xbrl.fasb.org/us-gaap/2012/elts/us-gaap-2012-01-31.xsd#us-gaap_NetIncomeLoss" xlink:label="loc_us-gaap_NetIncomeLoss_9" />
<definitionArc xlink:type="arc" xlink:arcrole="http://xbrl.org/int/dim/arcrole/domain-member" xlink:from="loc_us-gaap_StatementLineItems_0" xlink:to="loc_us-gaap_NetIncomeLoss_9" order="30" use="optional"  />
</definitionLink>
</linkbase>
