<?xml version="1.0" encoding="US-ASCII"?>
<!-- RR Donnelley Xcelerate Taxonomy Calculation Linkbase, based on XBRL 2.1  http://www.edgar-online.com/ -->
<!-- Version: 6.20.1 -->
<!-- Round: 130b6fb8-61e7-43c3-9593-7586fdc066aa -->
<!-- Creation date: 2013-01-30T13:52:46Z -->
<!-- Copyright (c) 2005-2013 R.R. Donnelley & Sons Company All Rights Reserved. -->
<linkbase xmlns="http://www.xbrl.org/2003/linkbase"
  xmlns:xsi="http://www.w3.org/2001/XMLSchema-instance"
  xmlns:xlink="http://www.w3.org/1999/xlink"
  xsi:schemaLocation="http://www.xbrl.org/2003/linkbase http://www.xbrl.org/2003/xbrl-linkbase-2003-12-31.xsd">
  <roleRef xlink:type="simple" xlink:href="kalop-20120930.xsd#DocumentDocumentandEntityInformation" roleURI="http://kalobios.com/taxonomy/role/DocumentDocumentandEntityInformation"/>
  <roleRef xlink:type="simple" xlink:href="kalop-20120930.xsd#Role_StatementOfFinancialPositionClassified" roleURI="http://kalobios.com/taxonomy/role/StatementOfFinancialPositionClassified"/>
  <roleRef xlink:type="simple" xlink:href="kalop-20120930.xsd#Role_StatementOfFinancialPositionClassifiedParen" roleURI="http://kalobios.com/taxonomy/role/StatementOfFinancialPositionClassifiedParenthetical"/>
  <roleRef xlink:type="simple" xlink:href="kalop-20120930.xsd#Role_StatementOfIncomeAlternative" roleURI="http://kalobios.com/taxonomy/role/StatementOfIncomeAlternative"/>
  <roleRef xlink:type="simple" xlink:href="kalop-20120930.xsd#Role_ci-StatementOfShareholdersEquityAndOtherComprehensiveIncome" roleURI="http://kalobios.com/taxonomy/role/StatementOfShareholdersEquityAndOtherComprehensiveIncome"/>
  <roleRef xlink:type="simple" xlink:href="kalop-20120930.xsd#Role_ci-StatementOfShareholdersEquityAndOtherComprehensiveIncomeParen" roleURI="http://kalobios.com/taxonomy/role/StatementOfShareholdersEquityAndOtherComprehensiveIncomeParenthetical"/>
  <roleRef xlink:type="simple" xlink:href="kalop-20120930.xsd#Role_StatementOfCashFlowsIndirect" roleURI="http://kalobios.com/taxonomy/role/StatementOfCashFlowsIndirect"/>
  <roleRef xlink:type="simple" xlink:href="kalop-20120930.xsd#DisclosureOrganizationAndDescriptionOfBusinessAdditionalInformation" roleURI="http://kalobios.com/taxonomy/role/DisclosureOrganizationAndDescriptionOfBusinessAdditionalInformation"/>
  <roleRef xlink:type="simple" xlink:href="kalop-20120930.xsd#DisclosureSummaryOfSignificantAccountingPoliciesAdditionalInformation" roleURI="http://kalobios.com/taxonomy/role/DisclosureSummaryOfSignificantAccountingPoliciesAdditionalInformation"/>
  <roleRef xlink:type="simple" xlink:href="kalop-20120930.xsd#DisclosureFairValueOfFinancialAssetsAndLiabilitiesMeasuredAtFairValueAndClassificationByLevelOfInput" roleURI="http://kalobios.com/taxonomy/role/DisclosureFairValueOfFinancialAssetsAndLiabilitiesMeasuredAtFairValueAndClassificationByLevelOfInput"/>
  <roleRef xlink:type="simple" xlink:href="kalop-20120930.xsd#DisclosureInputsIncludedInOptionPricingModel" roleURI="http://kalobios.com/taxonomy/role/DisclosureInputsIncludedInOptionPricingModel"/>
  <roleRef xlink:type="simple" xlink:href="kalop-20120930.xsd#DisclosureChangesInFinancialInstrumentsMeasuredAtFairValueUsingLevel3Inputs" roleURI="http://kalobios.com/taxonomy/role/DisclosureChangesInFinancialInstrumentsMeasuredAtFairValueUsingLevel3Inputs"/>
  <roleRef xlink:type="simple" xlink:href="kalop-20120930.xsd#DisclosureOutstandingPotentiallyDilutiveSecuritiesExcludedFromComputationsOfDilutedNetLossPerCommonShare" roleURI="http://kalobios.com/taxonomy/role/DisclosureOutstandingPotentiallyDilutiveSecuritiesExcludedFromComputationsOfDilutedNetLossPerCommonShare"/>
  <roleRef xlink:type="simple" xlink:href="kalop-20120930.xsd#DisclosureProFormaNetLossPerCommonShare" roleURI="http://kalobios.com/taxonomy/role/DisclosureProFormaNetLossPerCommonShare"/>
  <roleRef xlink:type="simple" xlink:href="kalop-20120930.xsd#DisclosureInvestments" roleURI="http://kalobios.com/taxonomy/role/DisclosureInvestments"/>
  <roleRef xlink:type="simple" xlink:href="kalop-20120930.xsd#DisclosurePropertyAndEquipment" roleURI="http://kalobios.com/taxonomy/role/DisclosurePropertyAndEquipment"/>
  <roleRef xlink:type="simple" xlink:href="kalop-20120930.xsd#DisclosurePropertyAndEquipmentAdditionalInformation" roleURI="http://kalobios.com/taxonomy/role/DisclosurePropertyAndEquipmentAdditionalInformation"/>
  <roleRef xlink:type="simple" xlink:href="kalop-20120930.xsd#DisclosureSummaryOfRevenueFromSignificantCollaborationPartnersAsPercentageContractRevenue" roleURI="http://kalobios.com/taxonomy/role/DisclosureSummaryOfRevenueFromSignificantCollaborationPartnersAsPercentageContractRevenue"/>
  <roleRef xlink:type="simple" xlink:href="kalop-20120930.xsd#DisclosureResearchAndDevelopmentCollaborationAndLicenseAgreementsAdditionalInformation" roleURI="http://kalobios.com/taxonomy/role/DisclosureResearchAndDevelopmentCollaborationAndLicenseAgreementsAdditionalInformation"/>
  <roleRef xlink:type="simple" xlink:href="kalop-20120930.xsd#DisclosureRevenueRecognizedUnderSanofiAgreement" roleURI="http://kalobios.com/taxonomy/role/DisclosureRevenueRecognizedUnderSanofiAgreement"/>
  <roleRef xlink:type="simple" xlink:href="kalop-20120930.xsd#DisclosureOtherIncomeAdditionalInformation" roleURI="http://kalobios.com/taxonomy/role/DisclosureOtherIncomeAdditionalInformation"/>
  <roleRef xlink:type="simple" xlink:href="kalop-20120930.xsd#DisclosureNotesPayableAdditionalInformation" roleURI="http://kalobios.com/taxonomy/role/DisclosureNotesPayableAdditionalInformation"/>
  <roleRef xlink:type="simple" xlink:href="kalop-20120930.xsd#DisclosureFuturePayments" roleURI="http://kalobios.com/taxonomy/role/DisclosureFuturePayments"/>
  <roleRef xlink:type="simple" xlink:href="kalop-20120930.xsd#DisclosurePreferredStockWarrantLiabilityAdditionalInformation" roleURI="http://kalobios.com/taxonomy/role/DisclosurePreferredStockWarrantLiabilityAdditionalInformation"/>
  <roleRef xlink:type="simple" xlink:href="kalop-20120930.xsd#DisclosureCommitmentsAndContingenciesAdditionalInformation" roleURI="http://kalobios.com/taxonomy/role/DisclosureCommitmentsAndContingenciesAdditionalInformation"/>
  <roleRef xlink:type="simple" xlink:href="kalop-20120930.xsd#DisclosureFutureMinimumLeasePayments" roleURI="http://kalobios.com/taxonomy/role/DisclosureFutureMinimumLeasePayments"/>
  <roleRef xlink:type="simple" xlink:href="kalop-20120930.xsd#DisclosureSubleasePaymentReceivable" roleURI="http://kalobios.com/taxonomy/role/DisclosureSubleasePaymentReceivable"/>
  <roleRef xlink:type="simple" xlink:href="kalop-20120930.xsd#DisclosureConvertiblePreferredStockAndStockholdersDeficitAdditionalInformation" roleURI="http://kalobios.com/taxonomy/role/DisclosureConvertiblePreferredStockAndStockholdersDeficitAdditionalInformation"/>
  <roleRef xlink:type="simple" xlink:href="kalop-20120930.xsd#DisclosureConvertiblePreferredStockBalances" roleURI="http://kalobios.com/taxonomy/role/DisclosureConvertiblePreferredStockBalances"/>
  <roleRef xlink:type="simple" xlink:href="kalop-20120930.xsd#DisclosureSharesOfCommonStockReservedForIssuance" roleURI="http://kalobios.com/taxonomy/role/DisclosureSharesOfCommonStockReservedForIssuance"/>
  <roleRef xlink:type="simple" xlink:href="kalop-20120930.xsd#DisclosureActivityUnder2012Plan" roleURI="http://kalobios.com/taxonomy/role/DisclosureActivityUnder2012Plan"/>
  <roleRef xlink:type="simple" xlink:href="kalop-20120930.xsd#DisclosureAdditionalInformationRegardingOptionsOutstanding" roleURI="http://kalobios.com/taxonomy/role/DisclosureAdditionalInformationRegardingOptionsOutstanding"/>
  <roleRef xlink:type="simple" xlink:href="kalop-20120930.xsd#DisclosureEmployeeAndDirectorStockOptionsGrantedUnder2001PlanAssumptionUsedInBlackScholesModel" roleURI="http://kalobios.com/taxonomy/role/DisclosureEmployeeAndDirectorStockOptionsGrantedUnder2001PlanAssumptionUsedInBlackScholesModel"/>
  <roleRef xlink:type="simple" xlink:href="kalop-20120930.xsd#DisclosureRecentGrantDatesAndRelatedExercisePricesOfStockOptionsGrantedToEmployeesAndDirectors" roleURI="http://kalobios.com/taxonomy/role/DisclosureRecentGrantDatesAndRelatedExercisePricesOfStockOptionsGrantedToEmployeesAndDirectors"/>
  <roleRef xlink:type="simple" xlink:href="kalop-20120930.xsd#DisclosureRestrictedStockAwardsGranted" roleURI="http://kalobios.com/taxonomy/role/DisclosureRestrictedStockAwardsGranted"/>
  <roleRef xlink:type="simple" xlink:href="kalop-20120930.xsd#DisclosureStockBasedCompensationExpense" roleURI="http://kalobios.com/taxonomy/role/DisclosureStockBasedCompensationExpense"/>
  <roleRef xlink:type="simple" xlink:href="kalop-20120930.xsd#DisclosureSignificantComponentOfDeferredTaxAssets" roleURI="http://kalobios.com/taxonomy/role/DisclosureSignificantComponentOfDeferredTaxAssets"/>
  <roleRef xlink:type="simple" xlink:href="kalop-20120930.xsd#DisclosureReconciliationOfStatutoryTaxRates" roleURI="http://kalobios.com/taxonomy/role/DisclosureReconciliationOfStatutoryTaxRates"/>
  <roleRef xlink:type="simple" xlink:href="kalop-20120930.xsd#DisclosureIncomeTaxesAdditionalInformation" roleURI="http://kalobios.com/taxonomy/role/DisclosureIncomeTaxesAdditionalInformation"/>
  <roleRef xlink:type="simple" xlink:href="kalop-20120930.xsd#DisclosureReconciliationOfBeginningAndEndingAmountOfUnrecognizedTaxBenefits" roleURI="http://kalobios.com/taxonomy/role/DisclosureReconciliationOfBeginningAndEndingAmountOfUnrecognizedTaxBenefits"/>
  <roleRef xlink:type="simple" xlink:href="kalop-20120930.xsd#DisclosureActivityInAccruedRestructuringBalance" roleURI="http://kalobios.com/taxonomy/role/DisclosureActivityInAccruedRestructuringBalance"/>
  <roleRef xlink:type="simple" xlink:href="kalop-20120930.xsd#DisclosureRestructuringChargesAdditionalInformation" roleURI="http://kalobios.com/taxonomy/role/DisclosureRestructuringChargesAdditionalInformation"/>
  <roleRef xlink:type="simple" xlink:href="kalop-20120930.xsd#DisclosureSubsequentEventsunauditedAdditionalInformation" roleURI="http://kalobios.com/taxonomy/role/DisclosureSubsequentEventsunauditedAdditionalInformation"/>
  <roleRef xlink:type="simple" xlink:href="kalop-20120930.xsd#Role_NotesToFinancialStatementsNatureOfOperations" roleURI="http://kalobios.com/taxonomy/role/NotesToFinancialStatementsNatureOfOperations"/>
  <roleRef xlink:type="simple" xlink:href="kalop-20120930.xsd#Role_NotesToFinancialStatementsSignificantAccountingPoliciesTextBlock" roleURI="http://kalobios.com/taxonomy/role/NotesToFinancialStatementsSignificantAccountingPoliciesTextBlock"/>
  <roleRef xlink:type="simple" xlink:href="kalop-20120930.xsd#Role_NotesToFinancialStatementsSignificantAccountingPoliciesTextBlockPolicies" roleURI="http://kalobios.com/taxonomy/role/NotesToFinancialStatementsSignificantAccountingPoliciesTextBlockPolicies"/>
  <roleRef xlink:type="simple" xlink:href="kalop-20120930.xsd#Role_NotesToFinancialStatementsSignificantAccountingPoliciesTextBlockTables" roleURI="http://kalobios.com/taxonomy/role/NotesToFinancialStatementsSignificantAccountingPoliciesTextBlockTables"/>
  <roleRef xlink:type="simple" xlink:href="kalop-20120930.xsd#Role_NotesToFinancialStatementsMarketableSecuritiesDisclosureTextBlock" roleURI="http://kalobios.com/taxonomy/role/NotesToFinancialStatementsMarketableSecuritiesDisclosureTextBlock"/>
  <roleRef xlink:type="simple" xlink:href="kalop-20120930.xsd#Role_NotesToFinancialStatementsMarketableSecuritiesDisclosureTextBlockTables" roleURI="http://kalobios.com/taxonomy/role/NotesToFinancialStatementsMarketableSecuritiesDisclosureTextBlockTables"/>
  <roleRef xlink:type="simple" xlink:href="kalop-20120930.xsd#Role_NotesToFinancialStatementsPropertyPlantAndEquipmentDisclosureTextBlock" roleURI="http://kalobios.com/taxonomy/role/NotesToFinancialStatementsPropertyPlantAndEquipmentDisclosureTextBlock"/>
  <roleRef xlink:type="simple" xlink:href="kalop-20120930.xsd#Role_NotesToFinancialStatementsPropertyPlantAndEquipmentDisclosureTextBlockTables" roleURI="http://kalobios.com/taxonomy/role/NotesToFinancialStatementsPropertyPlantAndEquipmentDisclosureTextBlockTables"/>
  <roleRef xlink:type="simple" xlink:href="kalop-20120930.xsd#Role_NotesToFinancialStatementsResearchDevelopmentAndComputerSoftwareDisclosureTextBlock" roleURI="http://kalobios.com/taxonomy/role/NotesToFinancialStatementsResearchDevelopmentAndComputerSoftwareDisclosureTextBlock"/>
  <roleRef xlink:type="simple" xlink:href="kalop-20120930.xsd#Role_NotesToFinancialStatementsResearchDevelopmentAndComputerSoftwareDisclosureTextBlockTables" roleURI="http://kalobios.com/taxonomy/role/NotesToFinancialStatementsResearchDevelopmentAndComputerSoftwareDisclosureTextBlockTables"/>
  <roleRef xlink:type="simple" xlink:href="kalop-20120930.xsd#Role_NotesToFinancialStatementsOtherIncomeAndOtherExpenseDisclosureTextBlock" roleURI="http://kalobios.com/taxonomy/role/NotesToFinancialStatementsOtherIncomeAndOtherExpenseDisclosureTextBlock"/>
  <roleRef xlink:type="simple" xlink:href="kalop-20120930.xsd#Role_NotesToFinancialStatementsDebtDisclosureTextBlock" roleURI="http://kalobios.com/taxonomy/role/NotesToFinancialStatementsDebtDisclosureTextBlock"/>
  <roleRef xlink:type="simple" xlink:href="kalop-20120930.xsd#Role_NotesToFinancialStatementsDebtDisclosureTextBlockTables" roleURI="http://kalobios.com/taxonomy/role/NotesToFinancialStatementsDebtDisclosureTextBlockTables"/>
  <roleRef xlink:type="simple" xlink:href="kalop-20120930.xsd#Role_NotesToFinancialStatementsWarrantsDisclosureTextBlock" roleURI="http://kalobios.com/taxonomy/role/NotesToFinancialStatementsWarrantsDisclosureTextBlock"/>
  <roleRef xlink:type="simple" xlink:href="kalop-20120930.xsd#Role_NotesToFinancialStatementsCommitmentsAndContingenciesDisclosureTextBlock" roleURI="http://kalobios.com/taxonomy/role/NotesToFinancialStatementsCommitmentsAndContingenciesDisclosureTextBlock"/>
  <roleRef xlink:type="simple" xlink:href="kalop-20120930.xsd#Role_NotesToFinancialStatementsCommitmentsAndContingenciesDisclosureTextBlockTables" roleURI="http://kalobios.com/taxonomy/role/NotesToFinancialStatementsCommitmentsAndContingenciesDisclosureTextBlockTables"/>
  <roleRef xlink:type="simple" xlink:href="kalop-20120930.xsd#Role_NotesToFinancialStatementsStockholdersEquityNoteDisclosureTextBlock" roleURI="http://kalobios.com/taxonomy/role/NotesToFinancialStatementsStockholdersEquityNoteDisclosureTextBlock"/>
  <roleRef xlink:type="simple" xlink:href="kalop-20120930.xsd#Role_NotesToFinancialStatementsStockholdersEquityNoteDisclosureTextBlockTables" roleURI="http://kalobios.com/taxonomy/role/NotesToFinancialStatementsStockholdersEquityNoteDisclosureTextBlockTables"/>
  <roleRef xlink:type="simple" xlink:href="kalop-20120930.xsd#Role_NotesToFinancialStatementsIncomeTaxDisclosureTextBlock" roleURI="http://kalobios.com/taxonomy/role/NotesToFinancialStatementsIncomeTaxDisclosureTextBlock"/>
  <roleRef xlink:type="simple" xlink:href="kalop-20120930.xsd#Role_NotesToFinancialStatementsIncomeTaxDisclosureTextBlockTables" roleURI="http://kalobios.com/taxonomy/role/NotesToFinancialStatementsIncomeTaxDisclosureTextBlockTables"/>
  <roleRef xlink:type="simple" xlink:href="kalop-20120930.xsd#Role_NotesToFinancialStatementsCompensationAndEmployeeBenefitPlansTextBlock" roleURI="http://kalobios.com/taxonomy/role/NotesToFinancialStatementsCompensationAndEmployeeBenefitPlansTextBlock"/>
  <roleRef xlink:type="simple" xlink:href="kalop-20120930.xsd#Role_NotesToFinancialStatementsRestructuringAndRelatedActivitiesDisclosureTextBlock" roleURI="http://kalobios.com/taxonomy/role/NotesToFinancialStatementsRestructuringAndRelatedActivitiesDisclosureTextBlock"/>
  <roleRef xlink:type="simple" xlink:href="kalop-20120930.xsd#Role_NotesToFinancialStatementsRestructuringAndRelatedActivitiesDisclosureTextBlockTables" roleURI="http://kalobios.com/taxonomy/role/NotesToFinancialStatementsRestructuringAndRelatedActivitiesDisclosureTextBlockTables"/>
  <roleRef xlink:type="simple" xlink:href="kalop-20120930.xsd#Role_NotesToFinancialStatementsSubsequentEventsTextBlock" roleURI="http://kalobios.com/taxonomy/role/NotesToFinancialStatementsSubsequentEventsTextBlock"/>
  <calculationLink xlink:type="extended" xlink:role="http://kalobios.com/taxonomy/role/DocumentDocumentandEntityInformation">
  </calculationLink>
  <calculationLink xlink:type="extended" xlink:role="http://kalobios.com/taxonomy/role/StatementOfFinancialPositionClassified">
    <loc xlink:type="locator" xlink:href="http://xbrl.fasb.org/us-gaap/2012/elts/us-gaap-2012-01-31.xsd#us-gaap_AccountsPayableCurrent" xlink:label="us-gaap_AccountsPayableCurrent"/>
    <loc xlink:type="locator" xlink:href="kalop-20120930.xsd#kalop_AccruedResearchAndClinicalLiabilities" xlink:label="kalop_AccruedResearchAndClinicalLiabilities"/>
    <loc xlink:type="locator" xlink:href="http://xbrl.fasb.org/us-gaap/2012/elts/us-gaap-2012-01-31.xsd#us-gaap_AccumulatedOtherComprehensiveIncomeLossNetOfTax" xlink:label="us-gaap_AccumulatedOtherComprehensiveIncomeLossNetOfTax"/>
    <loc xlink:type="locator" xlink:href="http://xbrl.fasb.org/us-gaap/2012/elts/us-gaap-2012-01-31.xsd#us-gaap_AdditionalPaidInCapital" xlink:label="us-gaap_AdditionalPaidInCapital"/>
    <loc xlink:type="locator" xlink:href="http://xbrl.fasb.org/us-gaap/2012/elts/us-gaap-2012-01-31.xsd#us-gaap_Assets" xlink:label="us-gaap_Assets"/>
    <loc xlink:type="locator" xlink:href="http://xbrl.fasb.org/us-gaap/2012/elts/us-gaap-2012-01-31.xsd#us-gaap_AssetsCurrent" xlink:label="us-gaap_AssetsCurrent"/>
    <loc xlink:type="locator" xlink:href="http://xbrl.fasb.org/us-gaap/2012/elts/us-gaap-2012-01-31.xsd#us-gaap_AvailableForSaleSecuritiesCurrent" xlink:label="us-gaap_AvailableForSaleSecuritiesCurrent"/>
    <loc xlink:type="locator" xlink:href="http://xbrl.fasb.org/us-gaap/2012/elts/us-gaap-2012-01-31.xsd#us-gaap_CashAndCashEquivalentsAtCarryingValue" xlink:label="us-gaap_CashAndCashEquivalentsAtCarryingValue"/>
    <loc xlink:type="locator" xlink:href="http://xbrl.fasb.org/us-gaap/2012/elts/us-gaap-2012-01-31.xsd#us-gaap_CommonStockValue" xlink:label="us-gaap_CommonStockValue"/>
    <loc xlink:type="locator" xlink:href="kalop-20120930.xsd#kalop_ContractReceivablesCurrent" xlink:label="kalop_ContractReceivablesCurrent"/>
    <loc xlink:type="locator" xlink:href="kalop-20120930.xsd#kalop_ConvertiblePreferredStockWarrantLiability" xlink:label="kalop_ConvertiblePreferredStockWarrantLiability"/>
    <loc xlink:type="locator" xlink:href="http://xbrl.fasb.org/us-gaap/2012/elts/us-gaap-2012-01-31.xsd#us-gaap_DeferredRentCreditCurrent" xlink:label="us-gaap_DeferredRentCreditCurrent"/>
    <loc xlink:type="locator" xlink:href="http://xbrl.fasb.org/us-gaap/2012/elts/us-gaap-2012-01-31.xsd#us-gaap_DeferredRentCreditNoncurrent" xlink:label="us-gaap_DeferredRentCreditNoncurrent"/>
    <loc xlink:type="locator" xlink:href="http://xbrl.fasb.org/us-gaap/2012/elts/us-gaap-2012-01-31.xsd#us-gaap_DeferredRevenueCurrent" xlink:label="us-gaap_DeferredRevenueCurrent"/>
    <loc xlink:type="locator" xlink:href="http://xbrl.fasb.org/us-gaap/2012/elts/us-gaap-2012-01-31.xsd#us-gaap_DeferredRevenueNoncurrent" xlink:label="us-gaap_DeferredRevenueNoncurrent"/>
    <loc xlink:type="locator" xlink:href="http://xbrl.fasb.org/us-gaap/2012/elts/us-gaap-2012-01-31.xsd#us-gaap_EmployeeRelatedLiabilitiesCurrent" xlink:label="us-gaap_EmployeeRelatedLiabilitiesCurrent"/>
    <loc xlink:type="locator" xlink:href="http://xbrl.fasb.org/us-gaap/2012/elts/us-gaap-2012-01-31.xsd#us-gaap_IntangibleAssetsNetExcludingGoodwill" xlink:label="us-gaap_IntangibleAssetsNetExcludingGoodwill"/>
    <loc xlink:type="locator" xlink:href="http://xbrl.fasb.org/us-gaap/2012/elts/us-gaap-2012-01-31.xsd#us-gaap_InterestReceivableCurrent" xlink:label="us-gaap_InterestReceivableCurrent"/>
    <loc xlink:type="locator" xlink:href="http://xbrl.fasb.org/us-gaap/2012/elts/us-gaap-2012-01-31.xsd#us-gaap_Liabilities" xlink:label="us-gaap_Liabilities"/>
    <loc xlink:type="locator" xlink:href="http://xbrl.fasb.org/us-gaap/2012/elts/us-gaap-2012-01-31.xsd#us-gaap_LiabilitiesAndStockholdersEquity" xlink:label="us-gaap_LiabilitiesAndStockholdersEquity"/>
    <loc xlink:type="locator" xlink:href="http://xbrl.fasb.org/us-gaap/2012/elts/us-gaap-2012-01-31.xsd#us-gaap_LiabilitiesCurrent" xlink:label="us-gaap_LiabilitiesCurrent"/>
    <loc xlink:type="locator" xlink:href="http://xbrl.fasb.org/us-gaap/2012/elts/us-gaap-2012-01-31.xsd#us-gaap_LongTermNotesPayable" xlink:label="us-gaap_LongTermNotesPayable"/>
    <loc xlink:type="locator" xlink:href="http://xbrl.fasb.org/us-gaap/2012/elts/us-gaap-2012-01-31.xsd#us-gaap_OtherAccruedLiabilitiesCurrent" xlink:label="us-gaap_OtherAccruedLiabilitiesCurrent"/>
    <loc xlink:type="locator" xlink:href="http://xbrl.fasb.org/us-gaap/2012/elts/us-gaap-2012-01-31.xsd#us-gaap_OtherLiabilitiesNoncurrent" xlink:label="us-gaap_OtherLiabilitiesNoncurrent"/>
    <loc xlink:type="locator" xlink:href="http://xbrl.fasb.org/us-gaap/2012/elts/us-gaap-2012-01-31.xsd#us-gaap_PrepaidExpenseAndOtherAssetsCurrent" xlink:label="us-gaap_PrepaidExpenseAndOtherAssetsCurrent"/>
    <loc xlink:type="locator" xlink:href="http://xbrl.fasb.org/us-gaap/2012/elts/us-gaap-2012-01-31.xsd#us-gaap_PropertyPlantAndEquipmentNet" xlink:label="us-gaap_PropertyPlantAndEquipmentNet"/>
    <loc xlink:type="locator" xlink:href="http://xbrl.fasb.org/us-gaap/2012/elts/us-gaap-2012-01-31.xsd#us-gaap_RestrictedCashAndCashEquivalentsAtCarryingValue" xlink:label="us-gaap_RestrictedCashAndCashEquivalentsAtCarryingValue"/>
    <loc xlink:type="locator" xlink:href="http://xbrl.fasb.org/us-gaap/2012/elts/us-gaap-2012-01-31.xsd#us-gaap_RestrictedCashAndCashEquivalentsNoncurrent" xlink:label="us-gaap_RestrictedCashAndCashEquivalentsNoncurrent"/>
    <loc xlink:type="locator" xlink:href="http://xbrl.fasb.org/us-gaap/2012/elts/us-gaap-2012-01-31.xsd#us-gaap_RetainedEarningsAccumulatedDeficit" xlink:label="us-gaap_RetainedEarningsAccumulatedDeficit"/>
    <loc xlink:type="locator" xlink:href="http://xbrl.fasb.org/us-gaap/2012/elts/us-gaap-2012-01-31.xsd#us-gaap_StockholdersEquity" xlink:label="us-gaap_StockholdersEquity"/>
    <loc xlink:type="locator" xlink:href="http://xbrl.fasb.org/us-gaap/2012/elts/us-gaap-2012-01-31.xsd#us-gaap_TemporaryEquityValueExcludingAdditionalPaidInCapital" xlink:label="us-gaap_TemporaryEquityValueExcludingAdditionalPaidInCapital"/>
    <calculationArc xlink:type="arc" xlink:arcrole="http://www.xbrl.org/2003/arcrole/summation-item" xlink:from="us-gaap_Assets" xlink:to="us-gaap_AssetsCurrent" order="1.0700" weight="1.00" priority="2" use="optional"/>
    <calculationArc xlink:type="arc" xlink:arcrole="http://www.xbrl.org/2003/arcrole/summation-item" xlink:from="us-gaap_Assets" xlink:to="us-gaap_RestrictedCashAndCashEquivalentsNoncurrent" order="1.0800" weight="1.00" priority="2" use="optional"/>
    <calculationArc xlink:type="arc" xlink:arcrole="http://www.xbrl.org/2003/arcrole/summation-item" xlink:from="us-gaap_Assets" xlink:to="us-gaap_PropertyPlantAndEquipmentNet" order="1.0900" weight="1.00" priority="2" use="optional"/>
    <calculationArc xlink:type="arc" xlink:arcrole="http://www.xbrl.org/2003/arcrole/summation-item" xlink:from="us-gaap_Assets" xlink:to="us-gaap_IntangibleAssetsNetExcludingGoodwill" order="1.1000" weight="1.00" priority="2" use="optional"/>
    <calculationArc xlink:type="arc" xlink:arcrole="http://www.xbrl.org/2003/arcrole/summation-item" xlink:from="us-gaap_AssetsCurrent" xlink:to="us-gaap_CashAndCashEquivalentsAtCarryingValue" order="1.0100" weight="1.00" priority="2" use="optional"/>
    <calculationArc xlink:type="arc" xlink:arcrole="http://www.xbrl.org/2003/arcrole/summation-item" xlink:from="us-gaap_AssetsCurrent" xlink:to="us-gaap_AvailableForSaleSecuritiesCurrent" order="1.0200" weight="1.00" priority="2" use="optional"/>
    <calculationArc xlink:type="arc" xlink:arcrole="http://www.xbrl.org/2003/arcrole/summation-item" xlink:from="us-gaap_AssetsCurrent" xlink:to="us-gaap_RestrictedCashAndCashEquivalentsAtCarryingValue" order="1.0300" weight="1.00" priority="2" use="optional"/>
    <calculationArc xlink:type="arc" xlink:arcrole="http://www.xbrl.org/2003/arcrole/summation-item" xlink:from="us-gaap_AssetsCurrent" xlink:to="us-gaap_InterestReceivableCurrent" order="1.0400" weight="1.00" priority="2" use="optional"/>
    <calculationArc xlink:type="arc" xlink:arcrole="http://www.xbrl.org/2003/arcrole/summation-item" xlink:from="us-gaap_AssetsCurrent" xlink:to="kalop_ContractReceivablesCurrent" order="1.0500" weight="1.00" priority="2" use="optional"/>
    <calculationArc xlink:type="arc" xlink:arcrole="http://www.xbrl.org/2003/arcrole/summation-item" xlink:from="us-gaap_AssetsCurrent" xlink:to="us-gaap_PrepaidExpenseAndOtherAssetsCurrent" order="1.0600" weight="1.00" priority="2" use="optional"/>
    <calculationArc xlink:type="arc" xlink:arcrole="http://www.xbrl.org/2003/arcrole/summation-item" xlink:from="us-gaap_Liabilities" xlink:to="us-gaap_LiabilitiesCurrent" order="1.1700" weight="1.00" priority="2" use="optional"/>
    <calculationArc xlink:type="arc" xlink:arcrole="http://www.xbrl.org/2003/arcrole/summation-item" xlink:from="us-gaap_Liabilities" xlink:to="us-gaap_DeferredRevenueNoncurrent" order="1.1800" weight="1.00" priority="2" use="optional"/>
    <calculationArc xlink:type="arc" xlink:arcrole="http://www.xbrl.org/2003/arcrole/summation-item" xlink:from="us-gaap_Liabilities" xlink:to="us-gaap_DeferredRentCreditNoncurrent" order="1.1900" weight="1.00" priority="2" use="optional"/>
    <calculationArc xlink:type="arc" xlink:arcrole="http://www.xbrl.org/2003/arcrole/summation-item" xlink:from="us-gaap_Liabilities" xlink:to="us-gaap_LongTermNotesPayable" order="1.2000" weight="1.00" priority="2" use="optional"/>
    <calculationArc xlink:type="arc" xlink:arcrole="http://www.xbrl.org/2003/arcrole/summation-item" xlink:from="us-gaap_Liabilities" xlink:to="kalop_ConvertiblePreferredStockWarrantLiability" order="1.2100" weight="1.00" priority="2" use="optional"/>
    <calculationArc xlink:type="arc" xlink:arcrole="http://www.xbrl.org/2003/arcrole/summation-item" xlink:from="us-gaap_Liabilities" xlink:to="us-gaap_OtherLiabilitiesNoncurrent" order="1.2200" weight="1.00" priority="2" use="optional"/>
    <calculationArc xlink:type="arc" xlink:arcrole="http://www.xbrl.org/2003/arcrole/summation-item" xlink:from="us-gaap_LiabilitiesAndStockholdersEquity" xlink:to="us-gaap_Liabilities" order="1.2300" weight="1.00" priority="2" use="optional"/>
    <calculationArc xlink:type="arc" xlink:arcrole="http://www.xbrl.org/2003/arcrole/summation-item" xlink:from="us-gaap_LiabilitiesAndStockholdersEquity" xlink:to="us-gaap_TemporaryEquityValueExcludingAdditionalPaidInCapital" order="1.2400" weight="1.00" priority="2" use="optional"/>
    <calculationArc xlink:type="arc" xlink:arcrole="http://www.xbrl.org/2003/arcrole/summation-item" xlink:from="us-gaap_LiabilitiesAndStockholdersEquity" xlink:to="us-gaap_StockholdersEquity" order="1.2900" weight="1.00" priority="2" use="optional"/>
    <calculationArc xlink:type="arc" xlink:arcrole="http://www.xbrl.org/2003/arcrole/summation-item" xlink:from="us-gaap_LiabilitiesCurrent" xlink:to="us-gaap_AccountsPayableCurrent" order="1.1100" weight="1.00" priority="2" use="optional"/>
    <calculationArc xlink:type="arc" xlink:arcrole="http://www.xbrl.org/2003/arcrole/summation-item" xlink:from="us-gaap_LiabilitiesCurrent" xlink:to="us-gaap_EmployeeRelatedLiabilitiesCurrent" order="1.1200" weight="1.00" priority="2" use="optional"/>
    <calculationArc xlink:type="arc" xlink:arcrole="http://www.xbrl.org/2003/arcrole/summation-item" xlink:from="us-gaap_LiabilitiesCurrent" xlink:to="us-gaap_DeferredRevenueCurrent" order="1.1300" weight="1.00" priority="2" use="optional"/>
    <calculationArc xlink:type="arc" xlink:arcrole="http://www.xbrl.org/2003/arcrole/summation-item" xlink:from="us-gaap_LiabilitiesCurrent" xlink:to="us-gaap_DeferredRentCreditCurrent" order="1.1400" weight="1.00" priority="2" use="optional"/>
    <calculationArc xlink:type="arc" xlink:arcrole="http://www.xbrl.org/2003/arcrole/summation-item" xlink:from="us-gaap_LiabilitiesCurrent" xlink:to="kalop_AccruedResearchAndClinicalLiabilities" order="1.1500" weight="1.00" priority="2" use="optional"/>
    <calculationArc xlink:type="arc" xlink:arcrole="http://www.xbrl.org/2003/arcrole/summation-item" xlink:from="us-gaap_LiabilitiesCurrent" xlink:to="us-gaap_OtherAccruedLiabilitiesCurrent" order="1.1600" weight="1.00" priority="2" use="optional"/>
    <calculationArc xlink:type="arc" xlink:arcrole="http://www.xbrl.org/2003/arcrole/summation-item" xlink:from="us-gaap_StockholdersEquity" xlink:to="us-gaap_CommonStockValue" order="1.2500" weight="1.00" priority="2" use="optional"/>
    <calculationArc xlink:type="arc" xlink:arcrole="http://www.xbrl.org/2003/arcrole/summation-item" xlink:from="us-gaap_StockholdersEquity" xlink:to="us-gaap_AdditionalPaidInCapital" order="1.2600" weight="1.00" priority="2" use="optional"/>
    <calculationArc xlink:type="arc" xlink:arcrole="http://www.xbrl.org/2003/arcrole/summation-item" xlink:from="us-gaap_StockholdersEquity" xlink:to="us-gaap_AccumulatedOtherComprehensiveIncomeLossNetOfTax" order="1.2700" weight="1.00" priority="2" use="optional"/>
    <calculationArc xlink:type="arc" xlink:arcrole="http://www.xbrl.org/2003/arcrole/summation-item" xlink:from="us-gaap_StockholdersEquity" xlink:to="us-gaap_RetainedEarningsAccumulatedDeficit" order="1.2800" weight="1.00" priority="2" use="optional"/>
  </calculationLink>
  <calculationLink xlink:type="extended" xlink:role="http://kalobios.com/taxonomy/role/StatementOfFinancialPositionClassifiedParenthetical">
  </calculationLink>
  <calculationLink xlink:type="extended" xlink:role="http://kalobios.com/taxonomy/role/StatementOfIncomeAlternative">
    <loc xlink:type="locator" xlink:href="http://xbrl.fasb.org/us-gaap/2012/elts/us-gaap-2012-01-31.xsd#us-gaap_ComprehensiveIncomeNetOfTax" xlink:label="us-gaap_ComprehensiveIncomeNetOfTax"/>
    <loc xlink:type="locator" xlink:href="http://xbrl.fasb.org/us-gaap/2012/elts/us-gaap-2012-01-31.xsd#us-gaap_ContractsRevenue" xlink:label="us-gaap_ContractsRevenue"/>
    <loc xlink:type="locator" xlink:href="http://xbrl.fasb.org/us-gaap/2012/elts/us-gaap-2012-01-31.xsd#us-gaap_GeneralAndAdministrativeExpense" xlink:label="us-gaap_GeneralAndAdministrativeExpense"/>
    <loc xlink:type="locator" xlink:href="http://xbrl.fasb.org/us-gaap/2012/elts/us-gaap-2012-01-31.xsd#us-gaap_IncomeLossFromContinuingOperationsBeforeIncomeTaxesMinorityInterestAndIncomeLossFromEquityMethodInvestments" xlink:label="us-gaap_IncomeLossFromContinuingOperationsBeforeIncomeTaxesMinorityInterestAndIncomeLossFromEquityMethodInvestments"/>
    <loc xlink:type="locator" xlink:href="http://xbrl.fasb.org/us-gaap/2012/elts/us-gaap-2012-01-31.xsd#us-gaap_IncomeTaxExpenseBenefit" xlink:label="us-gaap_IncomeTaxExpenseBenefit"/>
    <loc xlink:type="locator" xlink:href="http://xbrl.fasb.org/us-gaap/2012/elts/us-gaap-2012-01-31.xsd#us-gaap_InterestIncomeExpenseNonoperatingNet" xlink:label="us-gaap_InterestIncomeExpenseNonoperatingNet"/>
    <loc xlink:type="locator" xlink:href="http://xbrl.fasb.org/us-gaap/2012/elts/us-gaap-2012-01-31.xsd#us-gaap_MarketableSecuritiesUnrealizedGainLoss" xlink:label="us-gaap_MarketableSecuritiesUnrealizedGainLoss"/>
    <loc xlink:type="locator" xlink:href="http://xbrl.fasb.org/us-gaap/2012/elts/us-gaap-2012-01-31.xsd#us-gaap_NetIncomeLoss" xlink:label="us-gaap_NetIncomeLoss"/>
    <loc xlink:type="locator" xlink:href="http://xbrl.fasb.org/us-gaap/2012/elts/us-gaap-2012-01-31.xsd#us-gaap_OperatingExpenses" xlink:label="us-gaap_OperatingExpenses"/>
    <loc xlink:type="locator" xlink:href="http://xbrl.fasb.org/us-gaap/2012/elts/us-gaap-2012-01-31.xsd#us-gaap_OperatingIncomeLoss" xlink:label="us-gaap_OperatingIncomeLoss"/>
    <loc xlink:type="locator" xlink:href="http://xbrl.fasb.org/us-gaap/2012/elts/us-gaap-2012-01-31.xsd#us-gaap_OtherNonoperatingIncomeExpense" xlink:label="us-gaap_OtherNonoperatingIncomeExpense"/>
    <loc xlink:type="locator" xlink:href="http://xbrl.fasb.org/us-gaap/2012/elts/us-gaap-2012-01-31.xsd#us-gaap_ResearchAndDevelopmentExpense" xlink:label="us-gaap_ResearchAndDevelopmentExpense"/>
    <calculationArc xlink:type="arc" xlink:arcrole="http://www.xbrl.org/2003/arcrole/summation-item" xlink:from="us-gaap_ComprehensiveIncomeNetOfTax" xlink:to="us-gaap_NetIncomeLoss" order="1.1000" weight="1.00" priority="2" use="optional"/>
    <calculationArc xlink:type="arc" xlink:arcrole="http://www.xbrl.org/2003/arcrole/summation-item" xlink:from="us-gaap_ComprehensiveIncomeNetOfTax" xlink:to="us-gaap_MarketableSecuritiesUnrealizedGainLoss" order="1.1100" weight="1.00" priority="2" use="optional"/>
    <calculationArc xlink:type="arc" xlink:arcrole="http://www.xbrl.org/2003/arcrole/summation-item" xlink:from="us-gaap_IncomeLossFromContinuingOperationsBeforeIncomeTaxesMinorityInterestAndIncomeLossFromEquityMethodInvestments" xlink:to="us-gaap_OperatingIncomeLoss" order="1.0500" weight="1.00" priority="2" use="optional"/>
    <calculationArc xlink:type="arc" xlink:arcrole="http://www.xbrl.org/2003/arcrole/summation-item" xlink:from="us-gaap_IncomeLossFromContinuingOperationsBeforeIncomeTaxesMinorityInterestAndIncomeLossFromEquityMethodInvestments" xlink:to="us-gaap_InterestIncomeExpenseNonoperatingNet" order="1.0600" weight="1.00" priority="2" use="optional"/>
    <calculationArc xlink:type="arc" xlink:arcrole="http://www.xbrl.org/2003/arcrole/summation-item" xlink:from="us-gaap_IncomeLossFromContinuingOperationsBeforeIncomeTaxesMinorityInterestAndIncomeLossFromEquityMethodInvestments" xlink:to="us-gaap_OtherNonoperatingIncomeExpense" order="1.0700" weight="1.00" priority="2" use="optional"/>
    <calculationArc xlink:type="arc" xlink:arcrole="http://www.xbrl.org/2003/arcrole/summation-item" xlink:from="us-gaap_NetIncomeLoss" xlink:to="us-gaap_IncomeLossFromContinuingOperationsBeforeIncomeTaxesMinorityInterestAndIncomeLossFromEquityMethodInvestments" order="1.0800" weight="1.00" priority="2" use="optional"/>
    <calculationArc xlink:type="arc" xlink:arcrole="http://www.xbrl.org/2003/arcrole/summation-item" xlink:from="us-gaap_NetIncomeLoss" xlink:to="us-gaap_IncomeTaxExpenseBenefit" order="1.0900" weight="-1.00" priority="2" use="optional"/>
    <calculationArc xlink:type="arc" xlink:arcrole="http://www.xbrl.org/2003/arcrole/summation-item" xlink:from="us-gaap_OperatingExpenses" xlink:to="us-gaap_ResearchAndDevelopmentExpense" order="1.0200" weight="1.00" priority="2" use="optional"/>
    <calculationArc xlink:type="arc" xlink:arcrole="http://www.xbrl.org/2003/arcrole/summation-item" xlink:from="us-gaap_OperatingExpenses" xlink:to="us-gaap_GeneralAndAdministrativeExpense" order="1.0300" weight="1.00" priority="2" use="optional"/>
    <calculationArc xlink:type="arc" xlink:arcrole="http://www.xbrl.org/2003/arcrole/summation-item" xlink:from="us-gaap_OperatingIncomeLoss" xlink:to="us-gaap_ContractsRevenue" order="1.0100" weight="1.00" priority="2" use="optional"/>
    <calculationArc xlink:type="arc" xlink:arcrole="http://www.xbrl.org/2003/arcrole/summation-item" xlink:from="us-gaap_OperatingIncomeLoss" xlink:to="us-gaap_OperatingExpenses" order="1.0400" weight="-1.00" priority="2" use="optional"/>
  </calculationLink>
  <calculationLink xlink:type="extended" xlink:role="http://kalobios.com/taxonomy/role/StatementOfShareholdersEquityAndOtherComprehensiveIncome">
  </calculationLink>
  <calculationLink xlink:type="extended" xlink:role="http://kalobios.com/taxonomy/role/StatementOfShareholdersEquityAndOtherComprehensiveIncomeParenthetical">
  </calculationLink>
  <calculationLink xlink:type="extended" xlink:role="http://kalobios.com/taxonomy/role/StatementOfCashFlowsIndirect">
    <loc xlink:type="locator" xlink:href="http://xbrl.fasb.org/us-gaap/2012/elts/us-gaap-2012-01-31.xsd#us-gaap_AmortizationOfIntangibleAssets" xlink:label="us-gaap_AmortizationOfIntangibleAssets"/>
    <loc xlink:type="locator" xlink:href="http://xbrl.fasb.org/us-gaap/2012/elts/us-gaap-2012-01-31.xsd#us-gaap_CashAndCashEquivalentsPeriodIncreaseDecrease" xlink:label="us-gaap_CashAndCashEquivalentsPeriodIncreaseDecrease"/>
    <loc xlink:type="locator" xlink:href="kalop-20120930.xsd#kalop_ChangeInFairValueOfPreferredStockWarrantLiability" xlink:label="kalop_ChangeInFairValueOfPreferredStockWarrantLiability"/>
    <loc xlink:type="locator" xlink:href="http://xbrl.fasb.org/us-gaap/2012/elts/us-gaap-2012-01-31.xsd#us-gaap_DepreciationDepletionAndAmortization" xlink:label="us-gaap_DepreciationDepletionAndAmortization"/>
    <loc xlink:type="locator" xlink:href="http://xbrl.fasb.org/us-gaap/2012/elts/us-gaap-2012-01-31.xsd#us-gaap_GainLossOnDispositionOfProperty" xlink:label="us-gaap_GainLossOnDispositionOfProperty"/>
    <loc xlink:type="locator" xlink:href="http://xbrl.fasb.org/us-gaap/2012/elts/us-gaap-2012-01-31.xsd#us-gaap_IncreaseDecreaseInAccountsPayable" xlink:label="us-gaap_IncreaseDecreaseInAccountsPayable"/>
    <loc xlink:type="locator" xlink:href="http://xbrl.fasb.org/us-gaap/2012/elts/us-gaap-2012-01-31.xsd#us-gaap_IncreaseDecreaseInAccountsReceivable" xlink:label="us-gaap_IncreaseDecreaseInAccountsReceivable"/>
    <loc xlink:type="locator" xlink:href="kalop-20120930.xsd#kalop_IncreaseDecreaseInAccruedClinicalAndResearch" xlink:label="kalop_IncreaseDecreaseInAccruedClinicalAndResearch"/>
    <loc xlink:type="locator" xlink:href="http://xbrl.fasb.org/us-gaap/2012/elts/us-gaap-2012-01-31.xsd#us-gaap_IncreaseDecreaseInAccruedInterestReceivableNet" xlink:label="us-gaap_IncreaseDecreaseInAccruedInterestReceivableNet"/>
    <loc xlink:type="locator" xlink:href="http://xbrl.fasb.org/us-gaap/2012/elts/us-gaap-2012-01-31.xsd#us-gaap_IncreaseDecreaseInAccruedSalaries" xlink:label="us-gaap_IncreaseDecreaseInAccruedSalaries"/>
    <loc xlink:type="locator" xlink:href="kalop-20120930.xsd#kalop_IncreaseDecreaseInDeferredRent" xlink:label="kalop_IncreaseDecreaseInDeferredRent"/>
    <loc xlink:type="locator" xlink:href="http://xbrl.fasb.org/us-gaap/2012/elts/us-gaap-2012-01-31.xsd#us-gaap_IncreaseDecreaseInDeferredRevenue" xlink:label="us-gaap_IncreaseDecreaseInDeferredRevenue"/>
    <loc xlink:type="locator" xlink:href="http://xbrl.fasb.org/us-gaap/2012/elts/us-gaap-2012-01-31.xsd#us-gaap_IncreaseDecreaseInOtherOperatingLiabilities" xlink:label="us-gaap_IncreaseDecreaseInOtherOperatingLiabilities"/>
    <loc xlink:type="locator" xlink:href="http://xbrl.fasb.org/us-gaap/2012/elts/us-gaap-2012-01-31.xsd#us-gaap_IncreaseDecreaseInPrepaidDeferredExpenseAndOtherAssets" xlink:label="us-gaap_IncreaseDecreaseInPrepaidDeferredExpenseAndOtherAssets"/>
    <loc xlink:type="locator" xlink:href="http://xbrl.fasb.org/us-gaap/2012/elts/us-gaap-2012-01-31.xsd#us-gaap_IncreaseDecreaseInRestrictedCash" xlink:label="us-gaap_IncreaseDecreaseInRestrictedCash"/>
    <loc xlink:type="locator" xlink:href="http://xbrl.fasb.org/us-gaap/2012/elts/us-gaap-2012-01-31.xsd#us-gaap_InvestmentIncomeAmortizationOfPremium" xlink:label="us-gaap_InvestmentIncomeAmortizationOfPremium"/>
    <loc xlink:type="locator" xlink:href="http://xbrl.fasb.org/us-gaap/2012/elts/us-gaap-2012-01-31.xsd#us-gaap_NetCashProvidedByUsedInFinancingActivities" xlink:label="us-gaap_NetCashProvidedByUsedInFinancingActivities"/>
    <loc xlink:type="locator" xlink:href="http://xbrl.fasb.org/us-gaap/2012/elts/us-gaap-2012-01-31.xsd#us-gaap_NetCashProvidedByUsedInInvestingActivities" xlink:label="us-gaap_NetCashProvidedByUsedInInvestingActivities"/>
    <loc xlink:type="locator" xlink:href="http://xbrl.fasb.org/us-gaap/2012/elts/us-gaap-2012-01-31.xsd#us-gaap_NetCashProvidedByUsedInOperatingActivities" xlink:label="us-gaap_NetCashProvidedByUsedInOperatingActivities"/>
    <loc xlink:type="locator" xlink:href="http://xbrl.fasb.org/us-gaap/2012/elts/us-gaap-2012-01-31.xsd#us-gaap_NetIncomeLoss" xlink:label="us-gaap_NetIncomeLoss"/>
    <loc xlink:type="locator" xlink:href="kalop-20120930.xsd#kalop_NoncashInterestExpenseIncomeNet" xlink:label="kalop_NoncashInterestExpenseIncomeNet"/>
    <loc xlink:type="locator" xlink:href="http://xbrl.fasb.org/us-gaap/2012/elts/us-gaap-2012-01-31.xsd#us-gaap_PaymentsForProceedsFromInvestments" xlink:label="us-gaap_PaymentsForProceedsFromInvestments"/>
    <loc xlink:type="locator" xlink:href="http://xbrl.fasb.org/us-gaap/2012/elts/us-gaap-2012-01-31.xsd#us-gaap_PaymentsForRepurchaseOfCommonStock" xlink:label="us-gaap_PaymentsForRepurchaseOfCommonStock"/>
    <loc xlink:type="locator" xlink:href="http://xbrl.fasb.org/us-gaap/2012/elts/us-gaap-2012-01-31.xsd#us-gaap_PaymentsOfStockIssuanceCosts" xlink:label="us-gaap_PaymentsOfStockIssuanceCosts"/>
    <loc xlink:type="locator" xlink:href="http://xbrl.fasb.org/us-gaap/2012/elts/us-gaap-2012-01-31.xsd#us-gaap_PaymentsToAcquireInvestments" xlink:label="us-gaap_PaymentsToAcquireInvestments"/>
    <loc xlink:type="locator" xlink:href="http://xbrl.fasb.org/us-gaap/2012/elts/us-gaap-2012-01-31.xsd#us-gaap_PaymentsToAcquirePropertyPlantAndEquipment" xlink:label="us-gaap_PaymentsToAcquirePropertyPlantAndEquipment"/>
    <loc xlink:type="locator" xlink:href="http://xbrl.fasb.org/us-gaap/2012/elts/us-gaap-2012-01-31.xsd#us-gaap_ProceedsFromIssuanceOfCommonStock" xlink:label="us-gaap_ProceedsFromIssuanceOfCommonStock"/>
    <loc xlink:type="locator" xlink:href="http://xbrl.fasb.org/us-gaap/2012/elts/us-gaap-2012-01-31.xsd#us-gaap_ProceedsFromIssuanceOfConvertiblePreferredStock" xlink:label="us-gaap_ProceedsFromIssuanceOfConvertiblePreferredStock"/>
    <loc xlink:type="locator" xlink:href="http://xbrl.fasb.org/us-gaap/2012/elts/us-gaap-2012-01-31.xsd#us-gaap_ProceedsFromIssuanceOfLongTermDebt" xlink:label="us-gaap_ProceedsFromIssuanceOfLongTermDebt"/>
    <loc xlink:type="locator" xlink:href="http://xbrl.fasb.org/us-gaap/2012/elts/us-gaap-2012-01-31.xsd#us-gaap_ProceedsFromSaleOfPropertyPlantAndEquipment" xlink:label="us-gaap_ProceedsFromSaleOfPropertyPlantAndEquipment"/>
    <loc xlink:type="locator" xlink:href="http://xbrl.fasb.org/us-gaap/2012/elts/us-gaap-2012-01-31.xsd#us-gaap_ShareBasedCompensation" xlink:label="us-gaap_ShareBasedCompensation"/>
    <calculationArc xlink:type="arc" xlink:arcrole="http://www.xbrl.org/2003/arcrole/summation-item" xlink:from="us-gaap_CashAndCashEquivalentsPeriodIncreaseDecrease" xlink:to="us-gaap_NetCashProvidedByUsedInOperatingActivities" order="1.1800" weight="1.00" priority="2" use="optional"/>
    <calculationArc xlink:type="arc" xlink:arcrole="http://www.xbrl.org/2003/arcrole/summation-item" xlink:from="us-gaap_CashAndCashEquivalentsPeriodIncreaseDecrease" xlink:to="us-gaap_NetCashProvidedByUsedInInvestingActivities" order="1.2400" weight="1.00" priority="2" use="optional"/>
    <calculationArc xlink:type="arc" xlink:arcrole="http://www.xbrl.org/2003/arcrole/summation-item" xlink:from="us-gaap_CashAndCashEquivalentsPeriodIncreaseDecrease" xlink:to="us-gaap_NetCashProvidedByUsedInFinancingActivities" order="1.3000" weight="1.00" priority="2" use="optional"/>
    <calculationArc xlink:type="arc" xlink:arcrole="http://www.xbrl.org/2003/arcrole/summation-item" xlink:from="us-gaap_NetCashProvidedByUsedInFinancingActivities" xlink:to="us-gaap_ProceedsFromIssuanceOfCommonStock" order="1.2500" weight="1.00" priority="2" use="optional"/>
    <calculationArc xlink:type="arc" xlink:arcrole="http://www.xbrl.org/2003/arcrole/summation-item" xlink:from="us-gaap_NetCashProvidedByUsedInFinancingActivities" xlink:to="us-gaap_ProceedsFromIssuanceOfConvertiblePreferredStock" order="1.2600" weight="1.00" priority="2" use="optional"/>
    <calculationArc xlink:type="arc" xlink:arcrole="http://www.xbrl.org/2003/arcrole/summation-item" xlink:from="us-gaap_NetCashProvidedByUsedInFinancingActivities" xlink:to="us-gaap_ProceedsFromIssuanceOfLongTermDebt" order="1.2700" weight="1.00" priority="2" use="optional"/>
    <calculationArc xlink:type="arc" xlink:arcrole="http://www.xbrl.org/2003/arcrole/summation-item" xlink:from="us-gaap_NetCashProvidedByUsedInFinancingActivities" xlink:to="us-gaap_PaymentsOfStockIssuanceCosts" order="1.2800" weight="-1.00" priority="2" use="optional"/>
    <calculationArc xlink:type="arc" xlink:arcrole="http://www.xbrl.org/2003/arcrole/summation-item" xlink:from="us-gaap_NetCashProvidedByUsedInFinancingActivities" xlink:to="us-gaap_PaymentsForRepurchaseOfCommonStock" order="1.2900" weight="-1.00" priority="2" use="optional"/>
    <calculationArc xlink:type="arc" xlink:arcrole="http://www.xbrl.org/2003/arcrole/summation-item" xlink:from="us-gaap_NetCashProvidedByUsedInInvestingActivities" xlink:to="us-gaap_PaymentsToAcquirePropertyPlantAndEquipment" order="1.1900" weight="-1.00" priority="2" use="optional"/>
    <calculationArc xlink:type="arc" xlink:arcrole="http://www.xbrl.org/2003/arcrole/summation-item" xlink:from="us-gaap_NetCashProvidedByUsedInInvestingActivities" xlink:to="us-gaap_ProceedsFromSaleOfPropertyPlantAndEquipment" order="1.2000" weight="1.00" priority="2" use="optional"/>
    <calculationArc xlink:type="arc" xlink:arcrole="http://www.xbrl.org/2003/arcrole/summation-item" xlink:from="us-gaap_NetCashProvidedByUsedInInvestingActivities" xlink:to="us-gaap_PaymentsToAcquireInvestments" order="1.2100" weight="-1.00" priority="2" use="optional"/>
    <calculationArc xlink:type="arc" xlink:arcrole="http://www.xbrl.org/2003/arcrole/summation-item" xlink:from="us-gaap_NetCashProvidedByUsedInInvestingActivities" xlink:to="us-gaap_PaymentsForProceedsFromInvestments" order="1.2200" weight="-1.00" priority="2" use="optional"/>
    <calculationArc xlink:type="arc" xlink:arcrole="http://www.xbrl.org/2003/arcrole/summation-item" xlink:from="us-gaap_NetCashProvidedByUsedInInvestingActivities" xlink:to="us-gaap_IncreaseDecreaseInRestrictedCash" order="1.2300" weight="-1.00" priority="2" use="optional"/>
    <calculationArc xlink:type="arc" xlink:arcrole="http://www.xbrl.org/2003/arcrole/summation-item" xlink:from="us-gaap_NetCashProvidedByUsedInOperatingActivities" xlink:to="us-gaap_NetIncomeLoss" order="1.0100" weight="1.00" priority="2" use="optional"/>
    <calculationArc xlink:type="arc" xlink:arcrole="http://www.xbrl.org/2003/arcrole/summation-item" xlink:from="us-gaap_NetCashProvidedByUsedInOperatingActivities" xlink:to="us-gaap_DepreciationDepletionAndAmortization" order="1.0200" weight="1.00" priority="2" use="optional"/>
    <calculationArc xlink:type="arc" xlink:arcrole="http://www.xbrl.org/2003/arcrole/summation-item" xlink:from="us-gaap_NetCashProvidedByUsedInOperatingActivities" xlink:to="us-gaap_AmortizationOfIntangibleAssets" order="1.0300" weight="1.00" priority="2" use="optional"/>
    <calculationArc xlink:type="arc" xlink:arcrole="http://www.xbrl.org/2003/arcrole/summation-item" xlink:from="us-gaap_NetCashProvidedByUsedInOperatingActivities" xlink:to="kalop_NoncashInterestExpenseIncomeNet" order="1.0400" weight="1.00" priority="2" use="optional"/>
    <calculationArc xlink:type="arc" xlink:arcrole="http://www.xbrl.org/2003/arcrole/summation-item" xlink:from="us-gaap_NetCashProvidedByUsedInOperatingActivities" xlink:to="us-gaap_InvestmentIncomeAmortizationOfPremium" order="1.0500" weight="1.00" priority="2" use="optional"/>
    <calculationArc xlink:type="arc" xlink:arcrole="http://www.xbrl.org/2003/arcrole/summation-item" xlink:from="us-gaap_NetCashProvidedByUsedInOperatingActivities" xlink:to="us-gaap_ShareBasedCompensation" order="1.0600" weight="1.00" priority="2" use="optional"/>
    <calculationArc xlink:type="arc" xlink:arcrole="http://www.xbrl.org/2003/arcrole/summation-item" xlink:from="us-gaap_NetCashProvidedByUsedInOperatingActivities" xlink:to="us-gaap_GainLossOnDispositionOfProperty" order="1.0700" weight="-1.00" priority="2" use="optional"/>
    <calculationArc xlink:type="arc" xlink:arcrole="http://www.xbrl.org/2003/arcrole/summation-item" xlink:from="us-gaap_NetCashProvidedByUsedInOperatingActivities" xlink:to="kalop_ChangeInFairValueOfPreferredStockWarrantLiability" order="1.0800" weight="-1.00" priority="2" use="optional"/>
    <calculationArc xlink:type="arc" xlink:arcrole="http://www.xbrl.org/2003/arcrole/summation-item" xlink:from="us-gaap_NetCashProvidedByUsedInOperatingActivities" xlink:to="us-gaap_IncreaseDecreaseInAccountsReceivable" order="1.0900" weight="-1.00" priority="2" use="optional"/>
    <calculationArc xlink:type="arc" xlink:arcrole="http://www.xbrl.org/2003/arcrole/summation-item" xlink:from="us-gaap_NetCashProvidedByUsedInOperatingActivities" xlink:to="us-gaap_IncreaseDecreaseInAccruedInterestReceivableNet" order="1.1000" weight="-1.00" priority="2" use="optional"/>
    <calculationArc xlink:type="arc" xlink:arcrole="http://www.xbrl.org/2003/arcrole/summation-item" xlink:from="us-gaap_NetCashProvidedByUsedInOperatingActivities" xlink:to="us-gaap_IncreaseDecreaseInPrepaidDeferredExpenseAndOtherAssets" order="1.1100" weight="-1.00" priority="2" use="optional"/>
    <calculationArc xlink:type="arc" xlink:arcrole="http://www.xbrl.org/2003/arcrole/summation-item" xlink:from="us-gaap_NetCashProvidedByUsedInOperatingActivities" xlink:to="us-gaap_IncreaseDecreaseInAccountsPayable" order="1.1200" weight="1.00" priority="2" use="optional"/>
    <calculationArc xlink:type="arc" xlink:arcrole="http://www.xbrl.org/2003/arcrole/summation-item" xlink:from="us-gaap_NetCashProvidedByUsedInOperatingActivities" xlink:to="us-gaap_IncreaseDecreaseInAccruedSalaries" order="1.1300" weight="1.00" priority="2" use="optional"/>
    <calculationArc xlink:type="arc" xlink:arcrole="http://www.xbrl.org/2003/arcrole/summation-item" xlink:from="us-gaap_NetCashProvidedByUsedInOperatingActivities" xlink:to="us-gaap_IncreaseDecreaseInDeferredRevenue" order="1.1400" weight="1.00" priority="2" use="optional"/>
    <calculationArc xlink:type="arc" xlink:arcrole="http://www.xbrl.org/2003/arcrole/summation-item" xlink:from="us-gaap_NetCashProvidedByUsedInOperatingActivities" xlink:to="kalop_IncreaseDecreaseInAccruedClinicalAndResearch" order="1.1500" weight="1.00" priority="2" use="optional"/>
    <calculationArc xlink:type="arc" xlink:arcrole="http://www.xbrl.org/2003/arcrole/summation-item" xlink:from="us-gaap_NetCashProvidedByUsedInOperatingActivities" xlink:to="us-gaap_IncreaseDecreaseInOtherOperatingLiabilities" order="1.1600" weight="1.00" priority="2" use="optional"/>
    <calculationArc xlink:type="arc" xlink:arcrole="http://www.xbrl.org/2003/arcrole/summation-item" xlink:from="us-gaap_NetCashProvidedByUsedInOperatingActivities" xlink:to="kalop_IncreaseDecreaseInDeferredRent" order="1.1700" weight="1.00" priority="2" use="optional"/>
  </calculationLink>
  <calculationLink xlink:type="extended" xlink:role="http://kalobios.com/taxonomy/role/DisclosureOrganizationAndDescriptionOfBusinessAdditionalInformation">
  </calculationLink>
  <calculationLink xlink:type="extended" xlink:role="http://kalobios.com/taxonomy/role/DisclosureSummaryOfSignificantAccountingPoliciesAdditionalInformation">
  </calculationLink>
  <calculationLink xlink:type="extended" xlink:role="http://kalobios.com/taxonomy/role/DisclosureFairValueOfFinancialAssetsAndLiabilitiesMeasuredAtFairValueAndClassificationByLevelOfInput">
  </calculationLink>
  <calculationLink xlink:type="extended" xlink:role="http://kalobios.com/taxonomy/role/DisclosureInputsIncludedInOptionPricingModel">
  </calculationLink>
  <calculationLink xlink:type="extended" xlink:role="http://kalobios.com/taxonomy/role/DisclosureChangesInFinancialInstrumentsMeasuredAtFairValueUsingLevel3Inputs">
  </calculationLink>
  <calculationLink xlink:type="extended" xlink:role="http://kalobios.com/taxonomy/role/DisclosureOutstandingPotentiallyDilutiveSecuritiesExcludedFromComputationsOfDilutedNetLossPerCommonShare">
  </calculationLink>
  <calculationLink xlink:type="extended" xlink:role="http://kalobios.com/taxonomy/role/DisclosureProFormaNetLossPerCommonShare">
  </calculationLink>
  <calculationLink xlink:type="extended" xlink:role="http://kalobios.com/taxonomy/role/DisclosureInvestments">
    <loc xlink:type="locator" xlink:href="http://xbrl.fasb.org/us-gaap/2012/elts/us-gaap-2012-01-31.xsd#us-gaap_AvailableForSaleSecuritiesAmortizedCost" xlink:label="us-gaap_AvailableForSaleSecuritiesAmortizedCost"/>
    <loc xlink:type="locator" xlink:href="http://xbrl.fasb.org/us-gaap/2012/elts/us-gaap-2012-01-31.xsd#us-gaap_AvailableForSaleSecuritiesFairValueDisclosure" xlink:label="us-gaap_AvailableForSaleSecuritiesFairValueDisclosure"/>
    <loc xlink:type="locator" xlink:href="http://xbrl.fasb.org/us-gaap/2012/elts/us-gaap-2012-01-31.xsd#us-gaap_AvailableforsaleSecuritiesGrossUnrealizedGain" xlink:label="us-gaap_AvailableforsaleSecuritiesGrossUnrealizedGain"/>
    <loc xlink:type="locator" xlink:href="http://xbrl.fasb.org/us-gaap/2012/elts/us-gaap-2012-01-31.xsd#us-gaap_AvailableForSaleSecuritiesGrossUnrealizedLosses1" xlink:label="us-gaap_AvailableForSaleSecuritiesGrossUnrealizedLosses1"/>
    <calculationArc xlink:type="arc" xlink:arcrole="http://www.xbrl.org/2003/arcrole/summation-item" xlink:from="us-gaap_AvailableForSaleSecuritiesFairValueDisclosure" xlink:to="us-gaap_AvailableForSaleSecuritiesAmortizedCost" order="1.0100" weight="1.00" priority="2" use="optional"/>
    <calculationArc xlink:type="arc" xlink:arcrole="http://www.xbrl.org/2003/arcrole/summation-item" xlink:from="us-gaap_AvailableForSaleSecuritiesFairValueDisclosure" xlink:to="us-gaap_AvailableforsaleSecuritiesGrossUnrealizedGain" order="1.0200" weight="1.00" priority="2" use="optional"/>
    <calculationArc xlink:type="arc" xlink:arcrole="http://www.xbrl.org/2003/arcrole/summation-item" xlink:from="us-gaap_AvailableForSaleSecuritiesFairValueDisclosure" xlink:to="us-gaap_AvailableForSaleSecuritiesGrossUnrealizedLosses1" order="1.0300" weight="-1.00" priority="2" use="optional"/>
  </calculationLink>
  <calculationLink xlink:type="extended" xlink:role="http://kalobios.com/taxonomy/role/DisclosurePropertyAndEquipment">
    <loc xlink:type="locator" xlink:href="http://xbrl.fasb.org/us-gaap/2012/elts/us-gaap-2012-01-31.xsd#us-gaap_AccumulatedDepreciationDepletionAndAmortizationPropertyPlantAndEquipment" xlink:label="us-gaap_AccumulatedDepreciationDepletionAndAmortizationPropertyPlantAndEquipment"/>
    <loc xlink:type="locator" xlink:href="http://xbrl.fasb.org/us-gaap/2012/elts/us-gaap-2012-01-31.xsd#us-gaap_PropertyPlantAndEquipmentGross" xlink:label="us-gaap_PropertyPlantAndEquipmentGross"/>
    <loc xlink:type="locator" xlink:href="http://xbrl.fasb.org/us-gaap/2012/elts/us-gaap-2012-01-31.xsd#us-gaap_PropertyPlantAndEquipmentNet" xlink:label="us-gaap_PropertyPlantAndEquipmentNet"/>
    <calculationArc xlink:type="arc" xlink:arcrole="http://www.xbrl.org/2003/arcrole/summation-item" xlink:from="us-gaap_PropertyPlantAndEquipmentNet" xlink:to="us-gaap_PropertyPlantAndEquipmentGross" order="1.0100" weight="1.00" priority="2" use="optional"/>
    <calculationArc xlink:type="arc" xlink:arcrole="http://www.xbrl.org/2003/arcrole/summation-item" xlink:from="us-gaap_PropertyPlantAndEquipmentNet" xlink:to="us-gaap_AccumulatedDepreciationDepletionAndAmortizationPropertyPlantAndEquipment" order="1.0200" weight="-1.00" priority="2" use="optional"/>
  </calculationLink>
  <calculationLink xlink:type="extended" xlink:role="http://kalobios.com/taxonomy/role/DisclosurePropertyAndEquipmentAdditionalInformation">
  </calculationLink>
  <calculationLink xlink:type="extended" xlink:role="http://kalobios.com/taxonomy/role/DisclosureSummaryOfRevenueFromSignificantCollaborationPartnersAsPercentageContractRevenue">
  </calculationLink>
  <calculationLink xlink:type="extended" xlink:role="http://kalobios.com/taxonomy/role/DisclosureResearchAndDevelopmentCollaborationAndLicenseAgreementsAdditionalInformation">
  </calculationLink>
  <calculationLink xlink:type="extended" xlink:role="http://kalobios.com/taxonomy/role/DisclosureRevenueRecognizedUnderSanofiAgreement">
    <loc xlink:type="locator" xlink:href="kalop-20120930.xsd#kalop_AmortizationOfUpfrontFees" xlink:label="kalop_AmortizationOfUpfrontFees"/>
    <loc xlink:type="locator" xlink:href="http://xbrl.fasb.org/us-gaap/2012/elts/us-gaap-2012-01-31.xsd#us-gaap_ContractsRevenue" xlink:label="us-gaap_ContractsRevenue"/>
    <loc xlink:type="locator" xlink:href="http://xbrl.fasb.org/us-gaap/2012/elts/us-gaap-2012-01-31.xsd#us-gaap_ReimbursementRevenue" xlink:label="us-gaap_ReimbursementRevenue"/>
    <calculationArc xlink:type="arc" xlink:arcrole="http://www.xbrl.org/2003/arcrole/summation-item" xlink:from="us-gaap_ContractsRevenue" xlink:to="kalop_AmortizationOfUpfrontFees" order="1.0100" weight="1.00" priority="2" use="optional"/>
    <calculationArc xlink:type="arc" xlink:arcrole="http://www.xbrl.org/2003/arcrole/summation-item" xlink:from="us-gaap_ContractsRevenue" xlink:to="us-gaap_ReimbursementRevenue" order="1.0200" weight="1.00" priority="2" use="optional"/>
  </calculationLink>
  <calculationLink xlink:type="extended" xlink:role="http://kalobios.com/taxonomy/role/DisclosureOtherIncomeAdditionalInformation">
  </calculationLink>
  <calculationLink xlink:type="extended" xlink:role="http://kalobios.com/taxonomy/role/DisclosureNotesPayableAdditionalInformation">
  </calculationLink>
  <calculationLink xlink:type="extended" xlink:role="http://kalobios.com/taxonomy/role/DisclosureFuturePayments">
    <loc xlink:type="locator" xlink:href="http://xbrl.fasb.org/us-gaap/2012/elts/us-gaap-2012-01-31.xsd#us-gaap_LongTermDebtMaturitiesRepaymentsOfPrincipalInYearFive" xlink:label="us-gaap_LongTermDebtMaturitiesRepaymentsOfPrincipalInYearFive"/>
    <loc xlink:type="locator" xlink:href="http://xbrl.fasb.org/us-gaap/2012/elts/us-gaap-2012-01-31.xsd#us-gaap_LongTermDebtMaturitiesRepaymentsOfPrincipalInYearFour" xlink:label="us-gaap_LongTermDebtMaturitiesRepaymentsOfPrincipalInYearFour"/>
    <loc xlink:type="locator" xlink:href="http://xbrl.fasb.org/us-gaap/2012/elts/us-gaap-2012-01-31.xsd#us-gaap_LongTermDebtMaturitiesRepaymentsOfPrincipalInYearThree" xlink:label="us-gaap_LongTermDebtMaturitiesRepaymentsOfPrincipalInYearThree"/>
    <loc xlink:type="locator" xlink:href="http://xbrl.fasb.org/us-gaap/2012/elts/us-gaap-2012-01-31.xsd#us-gaap_LongTermDebtMaturitiesRepaymentsOfPrincipalInYearTwo" xlink:label="us-gaap_LongTermDebtMaturitiesRepaymentsOfPrincipalInYearTwo"/>
    <loc xlink:type="locator" xlink:href="http://xbrl.fasb.org/us-gaap/2012/elts/us-gaap-2012-01-31.xsd#us-gaap_LongTermDebtMaturitiesRepaymentsOfPrincipalRemainderOfFiscalYear" xlink:label="us-gaap_LongTermDebtMaturitiesRepaymentsOfPrincipalRemainderOfFiscalYear"/>
    <loc xlink:type="locator" xlink:href="kalop-20120930.xsd#kalop_LongtermDebtMinimumPaymentsDue" xlink:label="kalop_LongtermDebtMinimumPaymentsDue"/>
    <calculationArc xlink:type="arc" xlink:arcrole="http://www.xbrl.org/2003/arcrole/summation-item" xlink:from="kalop_LongtermDebtMinimumPaymentsDue" xlink:to="us-gaap_LongTermDebtMaturitiesRepaymentsOfPrincipalRemainderOfFiscalYear" order="1.0100" weight="1.00" priority="2" use="optional"/>
    <calculationArc xlink:type="arc" xlink:arcrole="http://www.xbrl.org/2003/arcrole/summation-item" xlink:from="kalop_LongtermDebtMinimumPaymentsDue" xlink:to="us-gaap_LongTermDebtMaturitiesRepaymentsOfPrincipalInYearTwo" order="1.0200" weight="1.00" priority="2" use="optional"/>
    <calculationArc xlink:type="arc" xlink:arcrole="http://www.xbrl.org/2003/arcrole/summation-item" xlink:from="kalop_LongtermDebtMinimumPaymentsDue" xlink:to="us-gaap_LongTermDebtMaturitiesRepaymentsOfPrincipalInYearThree" order="1.0300" weight="1.00" priority="2" use="optional"/>
    <calculationArc xlink:type="arc" xlink:arcrole="http://www.xbrl.org/2003/arcrole/summation-item" xlink:from="kalop_LongtermDebtMinimumPaymentsDue" xlink:to="us-gaap_LongTermDebtMaturitiesRepaymentsOfPrincipalInYearFour" order="1.0400" weight="1.00" priority="2" use="optional"/>
    <calculationArc xlink:type="arc" xlink:arcrole="http://www.xbrl.org/2003/arcrole/summation-item" xlink:from="kalop_LongtermDebtMinimumPaymentsDue" xlink:to="us-gaap_LongTermDebtMaturitiesRepaymentsOfPrincipalInYearFive" order="1.0500" weight="1.00" priority="2" use="optional"/>
  </calculationLink>
  <calculationLink xlink:type="extended" xlink:role="http://kalobios.com/taxonomy/role/DisclosurePreferredStockWarrantLiabilityAdditionalInformation">
  </calculationLink>
  <calculationLink xlink:type="extended" xlink:role="http://kalobios.com/taxonomy/role/DisclosureCommitmentsAndContingenciesAdditionalInformation">
  </calculationLink>
  <calculationLink xlink:type="extended" xlink:role="http://kalobios.com/taxonomy/role/DisclosureFutureMinimumLeasePayments">
    <loc xlink:type="locator" xlink:href="http://xbrl.fasb.org/us-gaap/2012/elts/us-gaap-2012-01-31.xsd#us-gaap_OperatingLeasesFutureMinimumPaymentsDue" xlink:label="us-gaap_OperatingLeasesFutureMinimumPaymentsDue"/>
    <loc xlink:type="locator" xlink:href="http://xbrl.fasb.org/us-gaap/2012/elts/us-gaap-2012-01-31.xsd#us-gaap_OperatingLeasesFutureMinimumPaymentsDueCurrent" xlink:label="us-gaap_OperatingLeasesFutureMinimumPaymentsDueCurrent"/>
    <loc xlink:type="locator" xlink:href="http://xbrl.fasb.org/us-gaap/2012/elts/us-gaap-2012-01-31.xsd#us-gaap_OperatingLeasesFutureMinimumPaymentsDueInThreeYears" xlink:label="us-gaap_OperatingLeasesFutureMinimumPaymentsDueInThreeYears"/>
    <loc xlink:type="locator" xlink:href="http://xbrl.fasb.org/us-gaap/2012/elts/us-gaap-2012-01-31.xsd#us-gaap_OperatingLeasesFutureMinimumPaymentsDueInTwoYears" xlink:label="us-gaap_OperatingLeasesFutureMinimumPaymentsDueInTwoYears"/>
    <calculationArc xlink:type="arc" xlink:arcrole="http://www.xbrl.org/2003/arcrole/summation-item" xlink:from="us-gaap_OperatingLeasesFutureMinimumPaymentsDue" xlink:to="us-gaap_OperatingLeasesFutureMinimumPaymentsDueCurrent" order="1.0100" weight="1.00" priority="2" use="optional"/>
    <calculationArc xlink:type="arc" xlink:arcrole="http://www.xbrl.org/2003/arcrole/summation-item" xlink:from="us-gaap_OperatingLeasesFutureMinimumPaymentsDue" xlink:to="us-gaap_OperatingLeasesFutureMinimumPaymentsDueInTwoYears" order="1.0200" weight="1.00" priority="2" use="optional"/>
    <calculationArc xlink:type="arc" xlink:arcrole="http://www.xbrl.org/2003/arcrole/summation-item" xlink:from="us-gaap_OperatingLeasesFutureMinimumPaymentsDue" xlink:to="us-gaap_OperatingLeasesFutureMinimumPaymentsDueInThreeYears" order="1.0300" weight="1.00" priority="2" use="optional"/>
  </calculationLink>
  <calculationLink xlink:type="extended" xlink:role="http://kalobios.com/taxonomy/role/DisclosureSubleasePaymentReceivable">
  </calculationLink>
  <calculationLink xlink:type="extended" xlink:role="http://kalobios.com/taxonomy/role/DisclosureConvertiblePreferredStockAndStockholdersDeficitAdditionalInformation">
  </calculationLink>
  <calculationLink xlink:type="extended" xlink:role="http://kalobios.com/taxonomy/role/DisclosureConvertiblePreferredStockBalances">
  </calculationLink>
  <calculationLink xlink:type="extended" xlink:role="http://kalobios.com/taxonomy/role/DisclosureSharesOfCommonStockReservedForIssuance">
  </calculationLink>
  <calculationLink xlink:type="extended" xlink:role="http://kalobios.com/taxonomy/role/DisclosureActivityUnder2012Plan">
  </calculationLink>
  <calculationLink xlink:type="extended" xlink:role="http://kalobios.com/taxonomy/role/DisclosureAdditionalInformationRegardingOptionsOutstanding">
  </calculationLink>
  <calculationLink xlink:type="extended" xlink:role="http://kalobios.com/taxonomy/role/DisclosureEmployeeAndDirectorStockOptionsGrantedUnder2001PlanAssumptionUsedInBlackScholesModel">
  </calculationLink>
  <calculationLink xlink:type="extended" xlink:role="http://kalobios.com/taxonomy/role/DisclosureRecentGrantDatesAndRelatedExercisePricesOfStockOptionsGrantedToEmployeesAndDirectors">
  </calculationLink>
  <calculationLink xlink:type="extended" xlink:role="http://kalobios.com/taxonomy/role/DisclosureRestrictedStockAwardsGranted">
  </calculationLink>
  <calculationLink xlink:type="extended" xlink:role="http://kalobios.com/taxonomy/role/DisclosureStockBasedCompensationExpense">
  </calculationLink>
  <calculationLink xlink:type="extended" xlink:role="http://kalobios.com/taxonomy/role/DisclosureSignificantComponentOfDeferredTaxAssets">
    <loc xlink:type="locator" xlink:href="http://xbrl.fasb.org/us-gaap/2012/elts/us-gaap-2012-01-31.xsd#us-gaap_DeferredTaxAssetsDeferredIncome" xlink:label="us-gaap_DeferredTaxAssetsDeferredIncome"/>
    <loc xlink:type="locator" xlink:href="http://xbrl.fasb.org/us-gaap/2012/elts/us-gaap-2012-01-31.xsd#us-gaap_DeferredTaxAssetsGross" xlink:label="us-gaap_DeferredTaxAssetsGross"/>
    <loc xlink:type="locator" xlink:href="http://xbrl.fasb.org/us-gaap/2012/elts/us-gaap-2012-01-31.xsd#us-gaap_DeferredTaxAssetsNet" xlink:label="us-gaap_DeferredTaxAssetsNet"/>
    <loc xlink:type="locator" xlink:href="http://xbrl.fasb.org/us-gaap/2012/elts/us-gaap-2012-01-31.xsd#us-gaap_DeferredTaxAssetsOperatingLossCarryforwards" xlink:label="us-gaap_DeferredTaxAssetsOperatingLossCarryforwards"/>
    <loc xlink:type="locator" xlink:href="http://xbrl.fasb.org/us-gaap/2012/elts/us-gaap-2012-01-31.xsd#us-gaap_DeferredTaxAssetsOther" xlink:label="us-gaap_DeferredTaxAssetsOther"/>
    <loc xlink:type="locator" xlink:href="http://xbrl.fasb.org/us-gaap/2012/elts/us-gaap-2012-01-31.xsd#us-gaap_DeferredTaxAssetsTaxCreditCarryforwardsResearch" xlink:label="us-gaap_DeferredTaxAssetsTaxCreditCarryforwardsResearch"/>
    <loc xlink:type="locator" xlink:href="http://xbrl.fasb.org/us-gaap/2012/elts/us-gaap-2012-01-31.xsd#us-gaap_DeferredTaxAssetsValuationAllowance" xlink:label="us-gaap_DeferredTaxAssetsValuationAllowance"/>
    <calculationArc xlink:type="arc" xlink:arcrole="http://www.xbrl.org/2003/arcrole/summation-item" xlink:from="us-gaap_DeferredTaxAssetsGross" xlink:to="us-gaap_DeferredTaxAssetsOperatingLossCarryforwards" order="1.0100" weight="1.00" priority="2" use="optional"/>
    <calculationArc xlink:type="arc" xlink:arcrole="http://www.xbrl.org/2003/arcrole/summation-item" xlink:from="us-gaap_DeferredTaxAssetsGross" xlink:to="us-gaap_DeferredTaxAssetsTaxCreditCarryforwardsResearch" order="1.0200" weight="1.00" priority="2" use="optional"/>
    <calculationArc xlink:type="arc" xlink:arcrole="http://www.xbrl.org/2003/arcrole/summation-item" xlink:from="us-gaap_DeferredTaxAssetsGross" xlink:to="us-gaap_DeferredTaxAssetsDeferredIncome" order="1.0300" weight="1.00" priority="2" use="optional"/>
    <calculationArc xlink:type="arc" xlink:arcrole="http://www.xbrl.org/2003/arcrole/summation-item" xlink:from="us-gaap_DeferredTaxAssetsGross" xlink:to="us-gaap_DeferredTaxAssetsOther" order="1.0400" weight="1.00" priority="2" use="optional"/>
    <calculationArc xlink:type="arc" xlink:arcrole="http://www.xbrl.org/2003/arcrole/summation-item" xlink:from="us-gaap_DeferredTaxAssetsNet" xlink:to="us-gaap_DeferredTaxAssetsGross" order="1.0500" weight="1.00" priority="2" use="optional"/>
    <calculationArc xlink:type="arc" xlink:arcrole="http://www.xbrl.org/2003/arcrole/summation-item" xlink:from="us-gaap_DeferredTaxAssetsNet" xlink:to="us-gaap_DeferredTaxAssetsValuationAllowance" order="1.0600" weight="-1.00" priority="2" use="optional"/>
  </calculationLink>
  <calculationLink xlink:type="extended" xlink:role="http://kalobios.com/taxonomy/role/DisclosureReconciliationOfStatutoryTaxRates">
    <loc xlink:type="locator" xlink:href="http://xbrl.fasb.org/us-gaap/2012/elts/us-gaap-2012-01-31.xsd#us-gaap_EffectiveIncomeTaxRateContinuingOperations" xlink:label="us-gaap_EffectiveIncomeTaxRateContinuingOperations"/>
    <loc xlink:type="locator" xlink:href="http://xbrl.fasb.org/us-gaap/2012/elts/us-gaap-2012-01-31.xsd#us-gaap_EffectiveIncomeTaxRateReconciliationAtFederalStatutoryIncomeTaxRate" xlink:label="us-gaap_EffectiveIncomeTaxRateReconciliationAtFederalStatutoryIncomeTaxRate"/>
    <loc xlink:type="locator" xlink:href="http://xbrl.fasb.org/us-gaap/2012/elts/us-gaap-2012-01-31.xsd#us-gaap_EffectiveIncomeTaxRateReconciliationChangeInDeferredTaxAssetsValuationAllowance" xlink:label="us-gaap_EffectiveIncomeTaxRateReconciliationChangeInDeferredTaxAssetsValuationAllowance"/>
    <loc xlink:type="locator" xlink:href="http://xbrl.fasb.org/us-gaap/2012/elts/us-gaap-2012-01-31.xsd#us-gaap_EffectiveIncomeTaxRateReconciliationDeductionsOther" xlink:label="us-gaap_EffectiveIncomeTaxRateReconciliationDeductionsOther"/>
    <loc xlink:type="locator" xlink:href="http://xbrl.fasb.org/us-gaap/2012/elts/us-gaap-2012-01-31.xsd#us-gaap_EffectiveIncomeTaxRateReconciliationNondeductibleExpenseOther" xlink:label="us-gaap_EffectiveIncomeTaxRateReconciliationNondeductibleExpenseOther"/>
    <loc xlink:type="locator" xlink:href="http://xbrl.fasb.org/us-gaap/2012/elts/us-gaap-2012-01-31.xsd#us-gaap_EffectiveIncomeTaxRateReconciliationNondeductibleExpenseShareBasedCompensationCost" xlink:label="us-gaap_EffectiveIncomeTaxRateReconciliationNondeductibleExpenseShareBasedCompensationCost"/>
    <loc xlink:type="locator" xlink:href="http://xbrl.fasb.org/us-gaap/2012/elts/us-gaap-2012-01-31.xsd#us-gaap_EffectiveIncomeTaxRateReconciliationOtherAdjustments" xlink:label="us-gaap_EffectiveIncomeTaxRateReconciliationOtherAdjustments"/>
    <calculationArc xlink:type="arc" xlink:arcrole="http://www.xbrl.org/2003/arcrole/summation-item" xlink:from="us-gaap_EffectiveIncomeTaxRateContinuingOperations" xlink:to="us-gaap_EffectiveIncomeTaxRateReconciliationAtFederalStatutoryIncomeTaxRate" order="1.0100" weight="1.00" priority="2" use="optional"/>
    <calculationArc xlink:type="arc" xlink:arcrole="http://www.xbrl.org/2003/arcrole/summation-item" xlink:from="us-gaap_EffectiveIncomeTaxRateContinuingOperations" xlink:to="us-gaap_EffectiveIncomeTaxRateReconciliationNondeductibleExpenseOther" order="1.0200" weight="1.00" priority="2" use="optional"/>
    <calculationArc xlink:type="arc" xlink:arcrole="http://www.xbrl.org/2003/arcrole/summation-item" xlink:from="us-gaap_EffectiveIncomeTaxRateContinuingOperations" xlink:to="us-gaap_EffectiveIncomeTaxRateReconciliationNondeductibleExpenseShareBasedCompensationCost" order="1.0300" weight="1.00" priority="2" use="optional"/>
    <calculationArc xlink:type="arc" xlink:arcrole="http://www.xbrl.org/2003/arcrole/summation-item" xlink:from="us-gaap_EffectiveIncomeTaxRateContinuingOperations" xlink:to="us-gaap_EffectiveIncomeTaxRateReconciliationDeductionsOther" order="1.0400" weight="1.00" priority="2" use="optional"/>
    <calculationArc xlink:type="arc" xlink:arcrole="http://www.xbrl.org/2003/arcrole/summation-item" xlink:from="us-gaap_EffectiveIncomeTaxRateContinuingOperations" xlink:to="us-gaap_EffectiveIncomeTaxRateReconciliationOtherAdjustments" order="1.0500" weight="1.00" priority="2" use="optional"/>
    <calculationArc xlink:type="arc" xlink:arcrole="http://www.xbrl.org/2003/arcrole/summation-item" xlink:from="us-gaap_EffectiveIncomeTaxRateContinuingOperations" xlink:to="us-gaap_EffectiveIncomeTaxRateReconciliationChangeInDeferredTaxAssetsValuationAllowance" order="1.0600" weight="1.00" priority="2" use="optional"/>
  </calculationLink>
  <calculationLink xlink:type="extended" xlink:role="http://kalobios.com/taxonomy/role/DisclosureIncomeTaxesAdditionalInformation">
  </calculationLink>
  <calculationLink xlink:type="extended" xlink:role="http://kalobios.com/taxonomy/role/DisclosureReconciliationOfBeginningAndEndingAmountOfUnrecognizedTaxBenefits">
  </calculationLink>
  <calculationLink xlink:type="extended" xlink:role="http://kalobios.com/taxonomy/role/DisclosureActivityInAccruedRestructuringBalance">
  </calculationLink>
  <calculationLink xlink:type="extended" xlink:role="http://kalobios.com/taxonomy/role/DisclosureRestructuringChargesAdditionalInformation">
  </calculationLink>
  <calculationLink xlink:type="extended" xlink:role="http://kalobios.com/taxonomy/role/DisclosureSubsequentEventsunauditedAdditionalInformation">
  </calculationLink>
  <calculationLink xlink:type="extended" xlink:role="http://kalobios.com/taxonomy/role/NotesToFinancialStatementsNatureOfOperations">
  </calculationLink>
  <calculationLink xlink:type="extended" xlink:role="http://kalobios.com/taxonomy/role/NotesToFinancialStatementsSignificantAccountingPoliciesTextBlock">
  </calculationLink>
  <calculationLink xlink:type="extended" xlink:role="http://kalobios.com/taxonomy/role/NotesToFinancialStatementsSignificantAccountingPoliciesTextBlockPolicies">
  </calculationLink>
  <calculationLink xlink:type="extended" xlink:role="http://kalobios.com/taxonomy/role/NotesToFinancialStatementsSignificantAccountingPoliciesTextBlockTables">
  </calculationLink>
  <calculationLink xlink:type="extended" xlink:role="http://kalobios.com/taxonomy/role/NotesToFinancialStatementsMarketableSecuritiesDisclosureTextBlock">
  </calculationLink>
  <calculationLink xlink:type="extended" xlink:role="http://kalobios.com/taxonomy/role/NotesToFinancialStatementsMarketableSecuritiesDisclosureTextBlockTables">
  </calculationLink>
  <calculationLink xlink:type="extended" xlink:role="http://kalobios.com/taxonomy/role/NotesToFinancialStatementsPropertyPlantAndEquipmentDisclosureTextBlock">
  </calculationLink>
  <calculationLink xlink:type="extended" xlink:role="http://kalobios.com/taxonomy/role/NotesToFinancialStatementsPropertyPlantAndEquipmentDisclosureTextBlockTables">
  </calculationLink>
  <calculationLink xlink:type="extended" xlink:role="http://kalobios.com/taxonomy/role/NotesToFinancialStatementsResearchDevelopmentAndComputerSoftwareDisclosureTextBlock">
  </calculationLink>
  <calculationLink xlink:type="extended" xlink:role="http://kalobios.com/taxonomy/role/NotesToFinancialStatementsResearchDevelopmentAndComputerSoftwareDisclosureTextBlockTables">
  </calculationLink>
  <calculationLink xlink:type="extended" xlink:role="http://kalobios.com/taxonomy/role/NotesToFinancialStatementsOtherIncomeAndOtherExpenseDisclosureTextBlock">
  </calculationLink>
  <calculationLink xlink:type="extended" xlink:role="http://kalobios.com/taxonomy/role/NotesToFinancialStatementsDebtDisclosureTextBlock">
  </calculationLink>
  <calculationLink xlink:type="extended" xlink:role="http://kalobios.com/taxonomy/role/NotesToFinancialStatementsDebtDisclosureTextBlockTables">
  </calculationLink>
  <calculationLink xlink:type="extended" xlink:role="http://kalobios.com/taxonomy/role/NotesToFinancialStatementsWarrantsDisclosureTextBlock">
  </calculationLink>
  <calculationLink xlink:type="extended" xlink:role="http://kalobios.com/taxonomy/role/NotesToFinancialStatementsCommitmentsAndContingenciesDisclosureTextBlock">
  </calculationLink>
  <calculationLink xlink:type="extended" xlink:role="http://kalobios.com/taxonomy/role/NotesToFinancialStatementsCommitmentsAndContingenciesDisclosureTextBlockTables">
  </calculationLink>
  <calculationLink xlink:type="extended" xlink:role="http://kalobios.com/taxonomy/role/NotesToFinancialStatementsStockholdersEquityNoteDisclosureTextBlock">
  </calculationLink>
  <calculationLink xlink:type="extended" xlink:role="http://kalobios.com/taxonomy/role/NotesToFinancialStatementsStockholdersEquityNoteDisclosureTextBlockTables">
  </calculationLink>
  <calculationLink xlink:type="extended" xlink:role="http://kalobios.com/taxonomy/role/NotesToFinancialStatementsIncomeTaxDisclosureTextBlock">
  </calculationLink>
  <calculationLink xlink:type="extended" xlink:role="http://kalobios.com/taxonomy/role/NotesToFinancialStatementsIncomeTaxDisclosureTextBlockTables">
  </calculationLink>
  <calculationLink xlink:type="extended" xlink:role="http://kalobios.com/taxonomy/role/NotesToFinancialStatementsCompensationAndEmployeeBenefitPlansTextBlock">
  </calculationLink>
  <calculationLink xlink:type="extended" xlink:role="http://kalobios.com/taxonomy/role/NotesToFinancialStatementsRestructuringAndRelatedActivitiesDisclosureTextBlock">
  </calculationLink>
  <calculationLink xlink:type="extended" xlink:role="http://kalobios.com/taxonomy/role/NotesToFinancialStatementsRestructuringAndRelatedActivitiesDisclosureTextBlockTables">
  </calculationLink>
  <calculationLink xlink:type="extended" xlink:role="http://kalobios.com/taxonomy/role/NotesToFinancialStatementsSubsequentEventsTextBlock">
  </calculationLink>
</linkbase>
