<?xml version="1.0" encoding="ASCII"?>
<!-- Prepared by IBM Cognos FSR v6.7.0.218 using Fujitsu Interstage XWand -->
<linkbase xmlns:xsi="http://www.w3.org/2001/XMLSchema-instance" xsi:schemaLocation="http://www.xbrl.org/2003/instance http://www.xbrl.org/2003/xbrl-instance-2003-12-31.xsd" xmlns="http://www.xbrl.org/2003/linkbase" xmlns:xlink="http://www.w3.org/1999/xlink" xmlns:xbrli="http://www.xbrl.org/2003/instance">
    <roleRef roleURI="http://www.endeavourcorp.com/role/StatementCondensedConsolidatedStatementOfOperations" xlink:type="simple" xlink:href="end-20120930.xsd#end_ELRID_StatementStatementOfEarnings" />
    <roleRef roleURI="http://www.endeavourcorp.com/role/StatementCondensedConsolidatedBalanceSheets" xlink:type="simple" xlink:href="end-20120930.xsd#end_ELRID_StatementCondensedConsolidatedBalanceSheets" />
    <roleRef roleURI="http://www.endeavourcorp.com/role/StatementCondensedConsolidatedStatementOfCashFlows" xlink:type="simple" xlink:href="end-20120930.xsd#end_ELRID_StatementStatementOfCashFlows" />
    <roleRef roleURI="http://www.endeavourcorp.com/role/DisclosurePropertyAndEquipmentDetails" xlink:type="simple" xlink:href="end-20120930.xsd#end_ELRID_PropertyAndEquipmentDetails" />
    <roleRef roleURI="http://www.endeavourcorp.com/role/DisclosureAssetRetirementObligationDetails" xlink:type="simple" xlink:href="end-20120930.xsd#end_ELRID_AssetRetirementObligationDetails" />
    <roleRef roleURI="http://www.endeavourcorp.com/role/DisclosureStockBasedCompensationArrangementsNoncashStockbasedCompensationRecordedInGeneralAndAdministrativeDetails" xlink:type="simple" xlink:href="end-20120930.xsd#end_ELRID_StockBasedCompensationArrangementsNoncashStockbasedCompensationRecordedInGeneralAndAdministrativeDetails" />
    <roleRef roleURI="http://www.endeavourcorp.com/role/DisclosureAcquisitionsTableDetails1" xlink:type="simple" xlink:href="end-20120930.xsd#end_ELRID_AcquisitionsTableDetails1" />
    <roleRef roleURI="http://www.endeavourcorp.com/role/DisclosureGuarantorSubsidiariesBalanceSheetDetails" xlink:type="simple" xlink:href="end-20120930.xsd#end_ELRID_GuarantorSubsidiariesBalanceSheetDetails" />
    <roleRef roleURI="http://www.endeavourcorp.com/role/DisclosureGuarantorSubsidiariesIncomeStatementDetails" xlink:type="simple" xlink:href="end-20120930.xsd#end_ELRID_GuarantorSubsidiariesIncomeStatementDetails" />
    <roleRef roleURI="http://www.endeavourcorp.com/role/DisclosureGuarantorSubsidiariesCashFlowStatementDetails" xlink:type="simple" xlink:href="end-20120930.xsd#end_ELRID_GuarantorSubsidiariesCashFlowStatementDetails" />
    <calculationLink xlink:type="extended" xlink:role="http://www.endeavourcorp.com/role/StatementCondensedConsolidatedStatementOfOperations">
        <loc xlink:type="locator" xlink:href="http://xbrl.fasb.org/us-gaap/2012/elts/us-gaap-2012-01-31.xsd#us-gaap_NetIncomeLoss" xlink:label="Locator_us-gaap_NetIncomeLoss_91" />
        <loc xlink:type="locator" xlink:href="http://xbrl.fasb.org/us-gaap/2012/elts/us-gaap-2012-01-31.xsd#us-gaap_IncomeLossFromContinuingOperationsIncludingPortionAttributableToNoncontrollingInterest" xlink:label="Locator_us-gaap_IncomeLossFromContinuingOperationsIncludingPortionAttributableToNoncontrollingInterest_92" />
        <calculationArc xlink:type="arc" xlink:arcrole="http://www.xbrl.org/2003/arcrole/summation-item" xlink:from="Locator_us-gaap_NetIncomeLoss_91" xlink:to="Locator_us-gaap_IncomeLossFromContinuingOperationsIncludingPortionAttributableToNoncontrollingInterest_92" order="23.0" weight="1" />
        <loc xlink:type="locator" xlink:href="http://xbrl.fasb.org/us-gaap/2012/elts/us-gaap-2012-01-31.xsd#us-gaap_IncomeLossFromContinuingOperationsIncludingPortionAttributableToNoncontrollingInterest" xlink:label="Locator_us-gaap_IncomeLossFromContinuingOperationsIncludingPortionAttributableToNoncontrollingInterest_95" />
        <loc xlink:type="locator" xlink:href="http://xbrl.fasb.org/us-gaap/2012/elts/us-gaap-2012-01-31.xsd#us-gaap_IncomeLossFromContinuingOperationsBeforeIncomeTaxesMinorityInterestAndIncomeLossFromEquityMethodInvestments" xlink:label="Locator_us-gaap_IncomeLossFromContinuingOperationsBeforeIncomeTaxesMinorityInterestAndIncomeLossFromEquityMethodInvestments_96" />
        <calculationArc xlink:type="arc" xlink:arcrole="http://www.xbrl.org/2003/arcrole/summation-item" xlink:from="Locator_us-gaap_IncomeLossFromContinuingOperationsIncludingPortionAttributableToNoncontrollingInterest_95" xlink:to="Locator_us-gaap_IncomeLossFromContinuingOperationsBeforeIncomeTaxesMinorityInterestAndIncomeLossFromEquityMethodInvestments_96" order="19.0" weight="1" />
        <loc xlink:type="locator" xlink:href="http://xbrl.fasb.org/us-gaap/2012/elts/us-gaap-2012-01-31.xsd#us-gaap_IncomeLossFromContinuingOperationsBeforeIncomeTaxesMinorityInterestAndIncomeLossFromEquityMethodInvestments" xlink:label="Locator_us-gaap_IncomeLossFromContinuingOperationsBeforeIncomeTaxesMinorityInterestAndIncomeLossFromEquityMethodInvestments_99" />
        <loc xlink:type="locator" xlink:href="http://xbrl.fasb.org/us-gaap/2012/elts/us-gaap-2012-01-31.xsd#us-gaap_NonoperatingIncomeExpense" xlink:label="Locator_us-gaap_NonoperatingIncomeExpense_100" />
        <calculationArc xlink:type="arc" xlink:arcrole="http://www.xbrl.org/2003/arcrole/summation-item" xlink:from="Locator_us-gaap_IncomeLossFromContinuingOperationsBeforeIncomeTaxesMinorityInterestAndIncomeLossFromEquityMethodInvestments_99" xlink:to="Locator_us-gaap_NonoperatingIncomeExpense_100" order="18.0" weight="1" />
        <loc xlink:type="locator" xlink:href="http://xbrl.fasb.org/us-gaap/2012/elts/us-gaap-2012-01-31.xsd#us-gaap_NonoperatingIncomeExpense" xlink:label="Locator_us-gaap_NonoperatingIncomeExpense_103" />
        <loc xlink:type="locator" xlink:href="end-20120930.xsd#end_RealizedGainLossOnDerivatives" xlink:label="Locator_end_RealizedGainLossOnDerivatives_104" />
        <calculationArc xlink:type="arc" xlink:arcrole="http://www.xbrl.org/2003/arcrole/summation-item" xlink:from="Locator_us-gaap_NonoperatingIncomeExpense_103" xlink:to="Locator_end_RealizedGainLossOnDerivatives_104" order="11.0" weight="1" />
        <loc xlink:type="locator" xlink:href="http://xbrl.fasb.org/us-gaap/2012/elts/us-gaap-2012-01-31.xsd#us-gaap_NonoperatingIncomeExpense" xlink:label="Locator_us-gaap_NonoperatingIncomeExpense_105" />
        <loc xlink:type="locator" xlink:href="http://xbrl.fasb.org/us-gaap/2012/elts/us-gaap-2012-01-31.xsd#us-gaap_UnrealizedGainLossOnDerivativesAndCommodityContracts" xlink:label="Locator_us-gaap_UnrealizedGainLossOnDerivativesAndCommodityContracts_106" />
        <calculationArc xlink:type="arc" xlink:arcrole="http://www.xbrl.org/2003/arcrole/summation-item" xlink:from="Locator_us-gaap_NonoperatingIncomeExpense_105" xlink:to="Locator_us-gaap_UnrealizedGainLossOnDerivativesAndCommodityContracts_106" order="13.0" weight="1" />
        <loc xlink:type="locator" xlink:href="http://xbrl.fasb.org/us-gaap/2012/elts/us-gaap-2012-01-31.xsd#us-gaap_NonoperatingIncomeExpense" xlink:label="Locator_us-gaap_NonoperatingIncomeExpense_107" />
        <loc xlink:type="locator" xlink:href="http://xbrl.fasb.org/us-gaap/2012/elts/us-gaap-2012-01-31.xsd#us-gaap_OtherNonoperatingIncomeExpense" xlink:label="Locator_us-gaap_OtherNonoperatingIncomeExpense_108" />
        <calculationArc xlink:type="arc" xlink:arcrole="http://www.xbrl.org/2003/arcrole/summation-item" xlink:from="Locator_us-gaap_NonoperatingIncomeExpense_107" xlink:to="Locator_us-gaap_OtherNonoperatingIncomeExpense_108" order="17.0" weight="1" />
        <loc xlink:type="locator" xlink:href="http://xbrl.fasb.org/us-gaap/2012/elts/us-gaap-2012-01-31.xsd#us-gaap_NonoperatingIncomeExpense" xlink:label="Locator_us-gaap_NonoperatingIncomeExpense_109" />
        <loc xlink:type="locator" xlink:href="end-20120930.xsd#end_RealizedGainLossOnEarlyDerivativeTermination" xlink:label="Locator_end_RealizedGainLossOnEarlyDerivativeTermination_110" />
        <calculationArc xlink:type="arc" xlink:arcrole="http://www.xbrl.org/2003/arcrole/summation-item" xlink:from="Locator_us-gaap_NonoperatingIncomeExpense_109" xlink:to="Locator_end_RealizedGainLossOnEarlyDerivativeTermination_110" order="12.0" weight="1" />
        <loc xlink:type="locator" xlink:href="http://xbrl.fasb.org/us-gaap/2012/elts/us-gaap-2012-01-31.xsd#us-gaap_NonoperatingIncomeExpense" xlink:label="Locator_us-gaap_NonoperatingIncomeExpense_111" />
        <loc xlink:type="locator" xlink:href="http://xbrl.fasb.org/us-gaap/2012/elts/us-gaap-2012-01-31.xsd#us-gaap_InterestExpenseOther" xlink:label="Locator_us-gaap_InterestExpenseOther_112" />
        <calculationArc xlink:type="arc" xlink:arcrole="http://www.xbrl.org/2003/arcrole/summation-item" xlink:from="Locator_us-gaap_NonoperatingIncomeExpense_111" xlink:to="Locator_us-gaap_InterestExpenseOther_112" order="14.0" weight="-1" />
        <loc xlink:type="locator" xlink:href="http://xbrl.fasb.org/us-gaap/2012/elts/us-gaap-2012-01-31.xsd#us-gaap_NonoperatingIncomeExpense" xlink:label="Locator_us-gaap_NonoperatingIncomeExpense_113" />
        <loc xlink:type="locator" xlink:href="http://xbrl.fasb.org/us-gaap/2012/elts/us-gaap-2012-01-31.xsd#us-gaap_GainsLossesOnExtinguishmentOfDebt" xlink:label="Locator_us-gaap_GainsLossesOnExtinguishmentOfDebt_114" />
        <calculationArc xlink:type="arc" xlink:arcrole="http://www.xbrl.org/2003/arcrole/summation-item" xlink:from="Locator_us-gaap_NonoperatingIncomeExpense_113" xlink:to="Locator_us-gaap_GainsLossesOnExtinguishmentOfDebt_114" order="15.0" weight="1" />
        <loc xlink:type="locator" xlink:href="http://xbrl.fasb.org/us-gaap/2012/elts/us-gaap-2012-01-31.xsd#us-gaap_NonoperatingIncomeExpense" xlink:label="Locator_us-gaap_NonoperatingIncomeExpense_115" />
        <loc xlink:type="locator" xlink:href="http://xbrl.fasb.org/us-gaap/2012/elts/us-gaap-2012-01-31.xsd#us-gaap_LineOfCreditFacilityCollateralFeesAmount" xlink:label="Locator_us-gaap_LineOfCreditFacilityCollateralFeesAmount_116" />
        <calculationArc xlink:type="arc" xlink:arcrole="http://www.xbrl.org/2003/arcrole/summation-item" xlink:from="Locator_us-gaap_NonoperatingIncomeExpense_115" xlink:to="Locator_us-gaap_LineOfCreditFacilityCollateralFeesAmount_116" order="16.0" weight="-1" />
        <loc xlink:type="locator" xlink:href="http://xbrl.fasb.org/us-gaap/2012/elts/us-gaap-2012-01-31.xsd#us-gaap_IncomeLossFromContinuingOperationsBeforeIncomeTaxesMinorityInterestAndIncomeLossFromEquityMethodInvestments" xlink:label="Locator_us-gaap_IncomeLossFromContinuingOperationsBeforeIncomeTaxesMinorityInterestAndIncomeLossFromEquityMethodInvestments_101" />
        <loc xlink:type="locator" xlink:href="http://xbrl.fasb.org/us-gaap/2012/elts/us-gaap-2012-01-31.xsd#us-gaap_OperatingIncomeLoss" xlink:label="Locator_us-gaap_OperatingIncomeLoss_102" />
        <calculationArc xlink:type="arc" xlink:arcrole="http://www.xbrl.org/2003/arcrole/summation-item" xlink:from="Locator_us-gaap_IncomeLossFromContinuingOperationsBeforeIncomeTaxesMinorityInterestAndIncomeLossFromEquityMethodInvestments_101" xlink:to="Locator_us-gaap_OperatingIncomeLoss_102" order="8.0" weight="1" />
        <loc xlink:type="locator" xlink:href="http://xbrl.fasb.org/us-gaap/2012/elts/us-gaap-2012-01-31.xsd#us-gaap_OperatingIncomeLoss" xlink:label="Locator_us-gaap_OperatingIncomeLoss_117" />
        <loc xlink:type="locator" xlink:href="http://xbrl.fasb.org/us-gaap/2012/elts/us-gaap-2012-01-31.xsd#us-gaap_CostsAndExpenses" xlink:label="Locator_us-gaap_CostsAndExpenses_118" />
        <calculationArc xlink:type="arc" xlink:arcrole="http://www.xbrl.org/2003/arcrole/summation-item" xlink:from="Locator_us-gaap_OperatingIncomeLoss_117" xlink:to="Locator_us-gaap_CostsAndExpenses_118" order="7.0" weight="-1" />
        <loc xlink:type="locator" xlink:href="http://xbrl.fasb.org/us-gaap/2012/elts/us-gaap-2012-01-31.xsd#us-gaap_CostsAndExpenses" xlink:label="Locator_us-gaap_CostsAndExpenses_121" />
        <loc xlink:type="locator" xlink:href="http://xbrl.fasb.org/us-gaap/2012/elts/us-gaap-2012-01-31.xsd#us-gaap_OperatingCostsAndExpenses" xlink:label="Locator_us-gaap_OperatingCostsAndExpenses_122" />
        <calculationArc xlink:type="arc" xlink:arcrole="http://www.xbrl.org/2003/arcrole/summation-item" xlink:from="Locator_us-gaap_CostsAndExpenses_121" xlink:to="Locator_us-gaap_OperatingCostsAndExpenses_122" order="3.0" weight="1" />
        <loc xlink:type="locator" xlink:href="http://xbrl.fasb.org/us-gaap/2012/elts/us-gaap-2012-01-31.xsd#us-gaap_CostsAndExpenses" xlink:label="Locator_us-gaap_CostsAndExpenses_123" />
        <loc xlink:type="locator" xlink:href="http://xbrl.fasb.org/us-gaap/2012/elts/us-gaap-2012-01-31.xsd#us-gaap_DepreciationDepletionAndAmortization" xlink:label="Locator_us-gaap_DepreciationDepletionAndAmortization_124" />
        <calculationArc xlink:type="arc" xlink:arcrole="http://www.xbrl.org/2003/arcrole/summation-item" xlink:from="Locator_us-gaap_CostsAndExpenses_123" xlink:to="Locator_us-gaap_DepreciationDepletionAndAmortization_124" order="4.0" weight="1" />
        <loc xlink:type="locator" xlink:href="http://xbrl.fasb.org/us-gaap/2012/elts/us-gaap-2012-01-31.xsd#us-gaap_CostsAndExpenses" xlink:label="Locator_us-gaap_CostsAndExpenses_125" />
        <loc xlink:type="locator" xlink:href="http://xbrl.fasb.org/us-gaap/2012/elts/us-gaap-2012-01-31.xsd#us-gaap_ImpairmentOfOilAndGasProperties" xlink:label="Locator_us-gaap_ImpairmentOfOilAndGasProperties_126" />
        <calculationArc xlink:type="arc" xlink:arcrole="http://www.xbrl.org/2003/arcrole/summation-item" xlink:from="Locator_us-gaap_CostsAndExpenses_125" xlink:to="Locator_us-gaap_ImpairmentOfOilAndGasProperties_126" order="5.0" weight="1" />
        <loc xlink:type="locator" xlink:href="http://xbrl.fasb.org/us-gaap/2012/elts/us-gaap-2012-01-31.xsd#us-gaap_CostsAndExpenses" xlink:label="Locator_us-gaap_CostsAndExpenses_127" />
        <loc xlink:type="locator" xlink:href="http://xbrl.fasb.org/us-gaap/2012/elts/us-gaap-2012-01-31.xsd#us-gaap_GeneralAndAdministrativeExpense" xlink:label="Locator_us-gaap_GeneralAndAdministrativeExpense_128" />
        <calculationArc xlink:type="arc" xlink:arcrole="http://www.xbrl.org/2003/arcrole/summation-item" xlink:from="Locator_us-gaap_CostsAndExpenses_127" xlink:to="Locator_us-gaap_GeneralAndAdministrativeExpense_128" order="6.0" weight="1" />
        <loc xlink:type="locator" xlink:href="http://xbrl.fasb.org/us-gaap/2012/elts/us-gaap-2012-01-31.xsd#us-gaap_OperatingIncomeLoss" xlink:label="Locator_us-gaap_OperatingIncomeLoss_119" />
        <loc xlink:type="locator" xlink:href="http://xbrl.fasb.org/us-gaap/2012/elts/us-gaap-2012-01-31.xsd#us-gaap_OilAndGasRevenue" xlink:label="Locator_us-gaap_OilAndGasRevenue_120" />
        <calculationArc xlink:type="arc" xlink:arcrole="http://www.xbrl.org/2003/arcrole/summation-item" xlink:from="Locator_us-gaap_OperatingIncomeLoss_119" xlink:to="Locator_us-gaap_OilAndGasRevenue_120" order="1.0" weight="1" />
        <loc xlink:type="locator" xlink:href="http://xbrl.fasb.org/us-gaap/2012/elts/us-gaap-2012-01-31.xsd#us-gaap_IncomeLossFromContinuingOperationsIncludingPortionAttributableToNoncontrollingInterest" xlink:label="Locator_us-gaap_IncomeLossFromContinuingOperationsIncludingPortionAttributableToNoncontrollingInterest_97" />
        <loc xlink:type="locator" xlink:href="http://xbrl.fasb.org/us-gaap/2012/elts/us-gaap-2012-01-31.xsd#us-gaap_IncomeTaxExpenseBenefit" xlink:label="Locator_us-gaap_IncomeTaxExpenseBenefit_98" />
        <calculationArc xlink:type="arc" xlink:arcrole="http://www.xbrl.org/2003/arcrole/summation-item" xlink:from="Locator_us-gaap_IncomeLossFromContinuingOperationsIncludingPortionAttributableToNoncontrollingInterest_97" xlink:to="Locator_us-gaap_IncomeTaxExpenseBenefit_98" order="22.0" weight="-1" />
        <loc xlink:type="locator" xlink:href="http://xbrl.fasb.org/us-gaap/2012/elts/us-gaap-2012-01-31.xsd#us-gaap_IncomeTaxExpenseBenefit" xlink:label="Locator_us-gaap_IncomeTaxExpenseBenefit_129" />
        <loc xlink:type="locator" xlink:href="end-20120930.xsd#end_DeferredTaxExpenseRelatedToUkTaxRateChange" xlink:label="Locator_end_DeferredTaxExpenseRelatedToUkTaxRateChange_130" />
        <calculationArc xlink:type="arc" xlink:arcrole="http://www.xbrl.org/2003/arcrole/summation-item" xlink:from="Locator_us-gaap_IncomeTaxExpenseBenefit_129" xlink:to="Locator_end_DeferredTaxExpenseRelatedToUkTaxRateChange_130" order="20.0" weight="1" />
        <loc xlink:type="locator" xlink:href="http://xbrl.fasb.org/us-gaap/2012/elts/us-gaap-2012-01-31.xsd#us-gaap_IncomeTaxExpenseBenefit" xlink:label="Locator_us-gaap_IncomeTaxExpenseBenefit_131" />
        <loc xlink:type="locator" xlink:href="http://xbrl.fasb.org/us-gaap/2012/elts/us-gaap-2012-01-31.xsd#us-gaap_OtherIncomeTaxExpenseBenefitContinuingOperations" xlink:label="Locator_us-gaap_OtherIncomeTaxExpenseBenefitContinuingOperations_132" />
        <calculationArc xlink:type="arc" xlink:arcrole="http://www.xbrl.org/2003/arcrole/summation-item" xlink:from="Locator_us-gaap_IncomeTaxExpenseBenefit_131" xlink:to="Locator_us-gaap_OtherIncomeTaxExpenseBenefitContinuingOperations_132" order="21.0" weight="1" />
        <loc xlink:type="locator" xlink:href="http://xbrl.fasb.org/us-gaap/2012/elts/us-gaap-2012-01-31.xsd#us-gaap_NetIncomeLoss" xlink:label="Locator_us-gaap_NetIncomeLoss_93" />
        <loc xlink:type="locator" xlink:href="http://xbrl.fasb.org/us-gaap/2012/elts/us-gaap-2012-01-31.xsd#us-gaap_IncomeLossFromDiscontinuedOperationsNetOfTax" xlink:label="Locator_us-gaap_IncomeLossFromDiscontinuedOperationsNetOfTax_94" />
        <calculationArc xlink:type="arc" xlink:arcrole="http://www.xbrl.org/2003/arcrole/summation-item" xlink:from="Locator_us-gaap_NetIncomeLoss_93" xlink:to="Locator_us-gaap_IncomeLossFromDiscontinuedOperationsNetOfTax_94" order="24.0" weight="1" />
        <loc xlink:type="locator" xlink:href="http://xbrl.fasb.org/us-gaap/2012/elts/us-gaap-2012-01-31.xsd#us-gaap_NetIncomeLossAvailableToCommonStockholdersBasic" xlink:label="Locator_us-gaap_NetIncomeLossAvailableToCommonStockholdersBasic_133" />
        <loc xlink:type="locator" xlink:href="http://xbrl.fasb.org/us-gaap/2012/elts/us-gaap-2012-01-31.xsd#us-gaap_NetIncomeLoss" xlink:label="Locator_us-gaap_NetIncomeLoss_134" />
        <calculationArc xlink:type="arc" xlink:arcrole="http://www.xbrl.org/2003/arcrole/summation-item" xlink:from="Locator_us-gaap_NetIncomeLossAvailableToCommonStockholdersBasic_133" xlink:to="Locator_us-gaap_NetIncomeLoss_134" order="25.0" weight="1" />
        <loc xlink:type="locator" xlink:href="http://xbrl.fasb.org/us-gaap/2012/elts/us-gaap-2012-01-31.xsd#us-gaap_NetIncomeLossAvailableToCommonStockholdersBasic" xlink:label="Locator_us-gaap_NetIncomeLossAvailableToCommonStockholdersBasic_135" />
        <loc xlink:type="locator" xlink:href="http://xbrl.fasb.org/us-gaap/2012/elts/us-gaap-2012-01-31.xsd#us-gaap_DividendsPreferredStock" xlink:label="Locator_us-gaap_DividendsPreferredStock_136" />
        <calculationArc xlink:type="arc" xlink:arcrole="http://www.xbrl.org/2003/arcrole/summation-item" xlink:from="Locator_us-gaap_NetIncomeLossAvailableToCommonStockholdersBasic_135" xlink:to="Locator_us-gaap_DividendsPreferredStock_136" order="26.0" weight="-1" />
    </calculationLink>
    <calculationLink xlink:type="extended" xlink:role="http://www.endeavourcorp.com/role/StatementCondensedConsolidatedBalanceSheets">
        <loc xlink:type="locator" xlink:href="http://xbrl.fasb.org/us-gaap/2012/elts/us-gaap-2012-01-31.xsd#us-gaap_Assets" xlink:label="Locator_us-gaap_Assets_207" />
        <loc xlink:type="locator" xlink:href="http://xbrl.fasb.org/us-gaap/2012/elts/us-gaap-2012-01-31.xsd#us-gaap_AssetsCurrent" xlink:label="Locator_us-gaap_AssetsCurrent_208" />
        <calculationArc xlink:type="arc" xlink:arcrole="http://www.xbrl.org/2003/arcrole/summation-item" xlink:from="Locator_us-gaap_Assets_207" xlink:to="Locator_us-gaap_AssetsCurrent_208" order="8.0" weight="1" />
        <loc xlink:type="locator" xlink:href="http://xbrl.fasb.org/us-gaap/2012/elts/us-gaap-2012-01-31.xsd#us-gaap_AssetsCurrent" xlink:label="Locator_us-gaap_AssetsCurrent_215" />
        <loc xlink:type="locator" xlink:href="http://xbrl.fasb.org/us-gaap/2012/elts/us-gaap-2012-01-31.xsd#us-gaap_CashAndCashEquivalentsAtCarryingValue" xlink:label="Locator_us-gaap_CashAndCashEquivalentsAtCarryingValue_216" />
        <calculationArc xlink:type="arc" xlink:arcrole="http://www.xbrl.org/2003/arcrole/summation-item" xlink:from="Locator_us-gaap_AssetsCurrent_215" xlink:to="Locator_us-gaap_CashAndCashEquivalentsAtCarryingValue_216" order="4.0" weight="1" />
        <loc xlink:type="locator" xlink:href="http://xbrl.fasb.org/us-gaap/2012/elts/us-gaap-2012-01-31.xsd#us-gaap_AssetsCurrent" xlink:label="Locator_us-gaap_AssetsCurrent_217" />
        <loc xlink:type="locator" xlink:href="http://xbrl.fasb.org/us-gaap/2012/elts/us-gaap-2012-01-31.xsd#us-gaap_RestrictedCashAndCashEquivalents" xlink:label="Locator_us-gaap_RestrictedCashAndCashEquivalents_218" />
        <calculationArc xlink:type="arc" xlink:arcrole="http://www.xbrl.org/2003/arcrole/summation-item" xlink:from="Locator_us-gaap_AssetsCurrent_217" xlink:to="Locator_us-gaap_RestrictedCashAndCashEquivalents_218" order="5.0" weight="1" />
        <loc xlink:type="locator" xlink:href="http://xbrl.fasb.org/us-gaap/2012/elts/us-gaap-2012-01-31.xsd#us-gaap_AssetsCurrent" xlink:label="Locator_us-gaap_AssetsCurrent_219" />
        <loc xlink:type="locator" xlink:href="http://xbrl.fasb.org/us-gaap/2012/elts/us-gaap-2012-01-31.xsd#us-gaap_ReceivablesNetCurrent" xlink:label="Locator_us-gaap_ReceivablesNetCurrent_220" />
        <calculationArc xlink:type="arc" xlink:arcrole="http://www.xbrl.org/2003/arcrole/summation-item" xlink:from="Locator_us-gaap_AssetsCurrent_219" xlink:to="Locator_us-gaap_ReceivablesNetCurrent_220" order="6.0" weight="1" />
        <loc xlink:type="locator" xlink:href="http://xbrl.fasb.org/us-gaap/2012/elts/us-gaap-2012-01-31.xsd#us-gaap_AssetsCurrent" xlink:label="Locator_us-gaap_AssetsCurrent_221" />
        <loc xlink:type="locator" xlink:href="http://xbrl.fasb.org/us-gaap/2012/elts/us-gaap-2012-01-31.xsd#us-gaap_OtherAssetsCurrent" xlink:label="Locator_us-gaap_OtherAssetsCurrent_222" />
        <calculationArc xlink:type="arc" xlink:arcrole="http://www.xbrl.org/2003/arcrole/summation-item" xlink:from="Locator_us-gaap_AssetsCurrent_221" xlink:to="Locator_us-gaap_OtherAssetsCurrent_222" order="7.0" weight="1" />
        <loc xlink:type="locator" xlink:href="http://xbrl.fasb.org/us-gaap/2012/elts/us-gaap-2012-01-31.xsd#us-gaap_Assets" xlink:label="Locator_us-gaap_Assets_209" />
        <loc xlink:type="locator" xlink:href="http://xbrl.fasb.org/us-gaap/2012/elts/us-gaap-2012-01-31.xsd#us-gaap_PropertyPlantAndEquipmentNet" xlink:label="Locator_us-gaap_PropertyPlantAndEquipmentNet_210" />
        <calculationArc xlink:type="arc" xlink:arcrole="http://www.xbrl.org/2003/arcrole/summation-item" xlink:from="Locator_us-gaap_Assets_209" xlink:to="Locator_us-gaap_PropertyPlantAndEquipmentNet_210" order="9.0" weight="1" />
        <loc xlink:type="locator" xlink:href="http://xbrl.fasb.org/us-gaap/2012/elts/us-gaap-2012-01-31.xsd#us-gaap_Assets" xlink:label="Locator_us-gaap_Assets_211" />
        <loc xlink:type="locator" xlink:href="http://xbrl.fasb.org/us-gaap/2012/elts/us-gaap-2012-01-31.xsd#us-gaap_Goodwill" xlink:label="Locator_us-gaap_Goodwill_212" />
        <calculationArc xlink:type="arc" xlink:arcrole="http://www.xbrl.org/2003/arcrole/summation-item" xlink:from="Locator_us-gaap_Assets_211" xlink:to="Locator_us-gaap_Goodwill_212" order="10.0" weight="1" />
        <loc xlink:type="locator" xlink:href="http://xbrl.fasb.org/us-gaap/2012/elts/us-gaap-2012-01-31.xsd#us-gaap_Assets" xlink:label="Locator_us-gaap_Assets_213" />
        <loc xlink:type="locator" xlink:href="http://xbrl.fasb.org/us-gaap/2012/elts/us-gaap-2012-01-31.xsd#us-gaap_OtherAssetsNoncurrent" xlink:label="Locator_us-gaap_OtherAssetsNoncurrent_214" />
        <calculationArc xlink:type="arc" xlink:arcrole="http://www.xbrl.org/2003/arcrole/summation-item" xlink:from="Locator_us-gaap_Assets_213" xlink:to="Locator_us-gaap_OtherAssetsNoncurrent_214" order="11.0" weight="1" />
        <loc xlink:type="locator" xlink:href="http://xbrl.fasb.org/us-gaap/2012/elts/us-gaap-2012-01-31.xsd#us-gaap_LiabilitiesAndStockholdersEquity" xlink:label="Locator_us-gaap_LiabilitiesAndStockholdersEquity_223" />
        <loc xlink:type="locator" xlink:href="http://xbrl.fasb.org/us-gaap/2012/elts/us-gaap-2012-01-31.xsd#us-gaap_StockholdersEquityIncludingPortionAttributableToNoncontrollingInterest" xlink:label="Locator_us-gaap_StockholdersEquityIncludingPortionAttributableToNoncontrollingInterest_224" />
        <calculationArc xlink:type="arc" xlink:arcrole="http://www.xbrl.org/2003/arcrole/summation-item" xlink:from="Locator_us-gaap_LiabilitiesAndStockholdersEquity_223" xlink:to="Locator_us-gaap_StockholdersEquityIncludingPortionAttributableToNoncontrollingInterest_224" order="33.0" weight="1" />
        <loc xlink:type="locator" xlink:href="http://xbrl.fasb.org/us-gaap/2012/elts/us-gaap-2012-01-31.xsd#us-gaap_StockholdersEquityIncludingPortionAttributableToNoncontrollingInterest" xlink:label="Locator_us-gaap_StockholdersEquityIncludingPortionAttributableToNoncontrollingInterest_229" />
        <loc xlink:type="locator" xlink:href="http://xbrl.fasb.org/us-gaap/2012/elts/us-gaap-2012-01-31.xsd#us-gaap_CommonStockValue" xlink:label="Locator_us-gaap_CommonStockValue_230" />
        <calculationArc xlink:type="arc" xlink:arcrole="http://www.xbrl.org/2003/arcrole/summation-item" xlink:from="Locator_us-gaap_StockholdersEquityIncludingPortionAttributableToNoncontrollingInterest_229" xlink:to="Locator_us-gaap_CommonStockValue_230" order="29.0" weight="1" />
        <loc xlink:type="locator" xlink:href="http://xbrl.fasb.org/us-gaap/2012/elts/us-gaap-2012-01-31.xsd#us-gaap_StockholdersEquityIncludingPortionAttributableToNoncontrollingInterest" xlink:label="Locator_us-gaap_StockholdersEquityIncludingPortionAttributableToNoncontrollingInterest_231" />
        <loc xlink:type="locator" xlink:href="http://xbrl.fasb.org/us-gaap/2012/elts/us-gaap-2012-01-31.xsd#us-gaap_AdditionalPaidInCapital" xlink:label="Locator_us-gaap_AdditionalPaidInCapital_232" />
        <calculationArc xlink:type="arc" xlink:arcrole="http://www.xbrl.org/2003/arcrole/summation-item" xlink:from="Locator_us-gaap_StockholdersEquityIncludingPortionAttributableToNoncontrollingInterest_231" xlink:to="Locator_us-gaap_AdditionalPaidInCapital_232" order="30.0" weight="1" />
        <loc xlink:type="locator" xlink:href="http://xbrl.fasb.org/us-gaap/2012/elts/us-gaap-2012-01-31.xsd#us-gaap_StockholdersEquityIncludingPortionAttributableToNoncontrollingInterest" xlink:label="Locator_us-gaap_StockholdersEquityIncludingPortionAttributableToNoncontrollingInterest_233" />
        <loc xlink:type="locator" xlink:href="http://xbrl.fasb.org/us-gaap/2012/elts/us-gaap-2012-01-31.xsd#us-gaap_TreasuryStockValue" xlink:label="Locator_us-gaap_TreasuryStockValue_234" />
        <calculationArc xlink:type="arc" xlink:arcrole="http://www.xbrl.org/2003/arcrole/summation-item" xlink:from="Locator_us-gaap_StockholdersEquityIncludingPortionAttributableToNoncontrollingInterest_233" xlink:to="Locator_us-gaap_TreasuryStockValue_234" order="31.0" weight="-1" />
        <loc xlink:type="locator" xlink:href="http://xbrl.fasb.org/us-gaap/2012/elts/us-gaap-2012-01-31.xsd#us-gaap_StockholdersEquityIncludingPortionAttributableToNoncontrollingInterest" xlink:label="Locator_us-gaap_StockholdersEquityIncludingPortionAttributableToNoncontrollingInterest_235" />
        <loc xlink:type="locator" xlink:href="http://xbrl.fasb.org/us-gaap/2012/elts/us-gaap-2012-01-31.xsd#us-gaap_RetainedEarningsAccumulatedDeficit" xlink:label="Locator_us-gaap_RetainedEarningsAccumulatedDeficit_236" />
        <calculationArc xlink:type="arc" xlink:arcrole="http://www.xbrl.org/2003/arcrole/summation-item" xlink:from="Locator_us-gaap_StockholdersEquityIncludingPortionAttributableToNoncontrollingInterest_235" xlink:to="Locator_us-gaap_RetainedEarningsAccumulatedDeficit_236" order="32.0" weight="1" />
        <loc xlink:type="locator" xlink:href="http://xbrl.fasb.org/us-gaap/2012/elts/us-gaap-2012-01-31.xsd#us-gaap_StockholdersEquityIncludingPortionAttributableToNoncontrollingInterest" xlink:label="Locator_us-gaap_StockholdersEquityIncludingPortionAttributableToNoncontrollingInterest_237" />
        <loc xlink:type="locator" xlink:href="http://xbrl.fasb.org/us-gaap/2012/elts/us-gaap-2012-01-31.xsd#us-gaap_PreferredStockValue" xlink:label="Locator_us-gaap_PreferredStockValue_238" />
        <calculationArc xlink:type="arc" xlink:arcrole="http://www.xbrl.org/2003/arcrole/summation-item" xlink:from="Locator_us-gaap_StockholdersEquityIncludingPortionAttributableToNoncontrollingInterest_237" xlink:to="Locator_us-gaap_PreferredStockValue_238" order="28.0" weight="1" />
        <loc xlink:type="locator" xlink:href="http://xbrl.fasb.org/us-gaap/2012/elts/us-gaap-2012-01-31.xsd#us-gaap_LiabilitiesAndStockholdersEquity" xlink:label="Locator_us-gaap_LiabilitiesAndStockholdersEquity_225" />
        <loc xlink:type="locator" xlink:href="http://xbrl.fasb.org/us-gaap/2012/elts/us-gaap-2012-01-31.xsd#us-gaap_Liabilities" xlink:label="Locator_us-gaap_Liabilities_226" />
        <calculationArc xlink:type="arc" xlink:arcrole="http://www.xbrl.org/2003/arcrole/summation-item" xlink:from="Locator_us-gaap_LiabilitiesAndStockholdersEquity_225" xlink:to="Locator_us-gaap_Liabilities_226" order="23.0" weight="1" />
        <loc xlink:type="locator" xlink:href="http://xbrl.fasb.org/us-gaap/2012/elts/us-gaap-2012-01-31.xsd#us-gaap_Liabilities" xlink:label="Locator_us-gaap_Liabilities_239" />
        <loc xlink:type="locator" xlink:href="http://xbrl.fasb.org/us-gaap/2012/elts/us-gaap-2012-01-31.xsd#us-gaap_LiabilitiesCurrent" xlink:label="Locator_us-gaap_LiabilitiesCurrent_240" />
        <calculationArc xlink:type="arc" xlink:arcrole="http://www.xbrl.org/2003/arcrole/summation-item" xlink:from="Locator_us-gaap_Liabilities_239" xlink:to="Locator_us-gaap_LiabilitiesCurrent_240" order="18.0" weight="1" />
        <loc xlink:type="locator" xlink:href="http://xbrl.fasb.org/us-gaap/2012/elts/us-gaap-2012-01-31.xsd#us-gaap_LiabilitiesCurrent" xlink:label="Locator_us-gaap_LiabilitiesCurrent_247" />
        <loc xlink:type="locator" xlink:href="http://xbrl.fasb.org/us-gaap/2012/elts/us-gaap-2012-01-31.xsd#us-gaap_AccountsPayableCurrent" xlink:label="Locator_us-gaap_AccountsPayableCurrent_248" />
        <calculationArc xlink:type="arc" xlink:arcrole="http://www.xbrl.org/2003/arcrole/summation-item" xlink:from="Locator_us-gaap_LiabilitiesCurrent_247" xlink:to="Locator_us-gaap_AccountsPayableCurrent_248" order="15.0" weight="1" />
        <loc xlink:type="locator" xlink:href="http://xbrl.fasb.org/us-gaap/2012/elts/us-gaap-2012-01-31.xsd#us-gaap_LiabilitiesCurrent" xlink:label="Locator_us-gaap_LiabilitiesCurrent_249" />
        <loc xlink:type="locator" xlink:href="http://xbrl.fasb.org/us-gaap/2012/elts/us-gaap-2012-01-31.xsd#us-gaap_DebtCurrent" xlink:label="Locator_us-gaap_DebtCurrent_250" />
        <calculationArc xlink:type="arc" xlink:arcrole="http://www.xbrl.org/2003/arcrole/summation-item" xlink:from="Locator_us-gaap_LiabilitiesCurrent_249" xlink:to="Locator_us-gaap_DebtCurrent_250" order="16.0" weight="1" />
        <loc xlink:type="locator" xlink:href="http://xbrl.fasb.org/us-gaap/2012/elts/us-gaap-2012-01-31.xsd#us-gaap_LiabilitiesCurrent" xlink:label="Locator_us-gaap_LiabilitiesCurrent_251" />
        <loc xlink:type="locator" xlink:href="http://xbrl.fasb.org/us-gaap/2012/elts/us-gaap-2012-01-31.xsd#us-gaap_AccruedLiabilitiesCurrent" xlink:label="Locator_us-gaap_AccruedLiabilitiesCurrent_252" />
        <calculationArc xlink:type="arc" xlink:arcrole="http://www.xbrl.org/2003/arcrole/summation-item" xlink:from="Locator_us-gaap_LiabilitiesCurrent_251" xlink:to="Locator_us-gaap_AccruedLiabilitiesCurrent_252" order="17.0" weight="1" />
        <loc xlink:type="locator" xlink:href="http://xbrl.fasb.org/us-gaap/2012/elts/us-gaap-2012-01-31.xsd#us-gaap_Liabilities" xlink:label="Locator_us-gaap_Liabilities_241" />
        <loc xlink:type="locator" xlink:href="http://xbrl.fasb.org/us-gaap/2012/elts/us-gaap-2012-01-31.xsd#us-gaap_LongTermDebtNoncurrent" xlink:label="Locator_us-gaap_LongTermDebtNoncurrent_242" />
        <calculationArc xlink:type="arc" xlink:arcrole="http://www.xbrl.org/2003/arcrole/summation-item" xlink:from="Locator_us-gaap_Liabilities_241" xlink:to="Locator_us-gaap_LongTermDebtNoncurrent_242" order="20.0" weight="1" />
        <loc xlink:type="locator" xlink:href="http://xbrl.fasb.org/us-gaap/2012/elts/us-gaap-2012-01-31.xsd#us-gaap_Liabilities" xlink:label="Locator_us-gaap_Liabilities_243" />
        <loc xlink:type="locator" xlink:href="http://xbrl.fasb.org/us-gaap/2012/elts/us-gaap-2012-01-31.xsd#us-gaap_DeferredTaxLiabilitiesNoncurrent" xlink:label="Locator_us-gaap_DeferredTaxLiabilitiesNoncurrent_244" />
        <calculationArc xlink:type="arc" xlink:arcrole="http://www.xbrl.org/2003/arcrole/summation-item" xlink:from="Locator_us-gaap_Liabilities_243" xlink:to="Locator_us-gaap_DeferredTaxLiabilitiesNoncurrent_244" order="21.0" weight="1" />
        <loc xlink:type="locator" xlink:href="http://xbrl.fasb.org/us-gaap/2012/elts/us-gaap-2012-01-31.xsd#us-gaap_Liabilities" xlink:label="Locator_us-gaap_Liabilities_245" />
        <loc xlink:type="locator" xlink:href="http://xbrl.fasb.org/us-gaap/2012/elts/us-gaap-2012-01-31.xsd#us-gaap_OtherLiabilitiesNoncurrent" xlink:label="Locator_us-gaap_OtherLiabilitiesNoncurrent_246" />
        <calculationArc xlink:type="arc" xlink:arcrole="http://www.xbrl.org/2003/arcrole/summation-item" xlink:from="Locator_us-gaap_Liabilities_245" xlink:to="Locator_us-gaap_OtherLiabilitiesNoncurrent_246" order="22.0" weight="1" />
        <loc xlink:type="locator" xlink:href="http://xbrl.fasb.org/us-gaap/2012/elts/us-gaap-2012-01-31.xsd#us-gaap_LiabilitiesAndStockholdersEquity" xlink:label="Locator_us-gaap_LiabilitiesAndStockholdersEquity_227" />
        <loc xlink:type="locator" xlink:href="http://xbrl.fasb.org/us-gaap/2012/elts/us-gaap-2012-01-31.xsd#us-gaap_TemporaryEquityCarryingAmountAttributableToParent" xlink:label="Locator_us-gaap_TemporaryEquityCarryingAmountAttributableToParent_228" />
        <calculationArc xlink:type="arc" xlink:arcrole="http://www.xbrl.org/2003/arcrole/summation-item" xlink:from="Locator_us-gaap_LiabilitiesAndStockholdersEquity_227" xlink:to="Locator_us-gaap_TemporaryEquityCarryingAmountAttributableToParent_228" order="26.0" weight="1" />
    </calculationLink>
    <calculationLink xlink:type="extended" xlink:role="http://www.endeavourcorp.com/role/StatementCondensedConsolidatedStatementOfCashFlows">
        <loc xlink:type="locator" xlink:href="http://xbrl.fasb.org/us-gaap/2012/elts/us-gaap-2012-01-31.xsd#us-gaap_CashAndCashEquivalentsPeriodIncreaseDecrease" xlink:label="Locator_us-gaap_CashAndCashEquivalentsPeriodIncreaseDecrease_455" />
        <loc xlink:type="locator" xlink:href="http://xbrl.fasb.org/us-gaap/2012/elts/us-gaap-2012-01-31.xsd#us-gaap_NetCashProvidedByUsedInFinancingActivities" xlink:label="Locator_us-gaap_NetCashProvidedByUsedInFinancingActivities_456" />
        <calculationArc xlink:type="arc" xlink:arcrole="http://www.xbrl.org/2003/arcrole/summation-item" xlink:from="Locator_us-gaap_CashAndCashEquivalentsPeriodIncreaseDecrease_455" xlink:to="Locator_us-gaap_NetCashProvidedByUsedInFinancingActivities_456" order="32.0" weight="1" />
        <loc xlink:type="locator" xlink:href="http://xbrl.fasb.org/us-gaap/2012/elts/us-gaap-2012-01-31.xsd#us-gaap_NetCashProvidedByUsedInFinancingActivities" xlink:label="Locator_us-gaap_NetCashProvidedByUsedInFinancingActivities_461" />
        <loc xlink:type="locator" xlink:href="http://xbrl.fasb.org/us-gaap/2012/elts/us-gaap-2012-01-31.xsd#us-gaap_RepaymentsOfDebt" xlink:label="Locator_us-gaap_RepaymentsOfDebt_462" />
        <calculationArc xlink:type="arc" xlink:arcrole="http://www.xbrl.org/2003/arcrole/summation-item" xlink:from="Locator_us-gaap_NetCashProvidedByUsedInFinancingActivities_461" xlink:to="Locator_us-gaap_RepaymentsOfDebt_462" order="25.0" weight="-1" />
        <loc xlink:type="locator" xlink:href="http://xbrl.fasb.org/us-gaap/2012/elts/us-gaap-2012-01-31.xsd#us-gaap_NetCashProvidedByUsedInFinancingActivities" xlink:label="Locator_us-gaap_NetCashProvidedByUsedInFinancingActivities_463" />
        <loc xlink:type="locator" xlink:href="http://xbrl.fasb.org/us-gaap/2012/elts/us-gaap-2012-01-31.xsd#us-gaap_ProceedsFromIssuanceOfSubordinatedLongTermDebt" xlink:label="Locator_us-gaap_ProceedsFromIssuanceOfSubordinatedLongTermDebt_464" />
        <calculationArc xlink:type="arc" xlink:arcrole="http://www.xbrl.org/2003/arcrole/summation-item" xlink:from="Locator_us-gaap_NetCashProvidedByUsedInFinancingActivities_463" xlink:to="Locator_us-gaap_ProceedsFromIssuanceOfSubordinatedLongTermDebt_464" order="26.0" weight="1" />
        <loc xlink:type="locator" xlink:href="http://xbrl.fasb.org/us-gaap/2012/elts/us-gaap-2012-01-31.xsd#us-gaap_NetCashProvidedByUsedInFinancingActivities" xlink:label="Locator_us-gaap_NetCashProvidedByUsedInFinancingActivities_465" />
        <loc xlink:type="locator" xlink:href="http://xbrl.fasb.org/us-gaap/2012/elts/us-gaap-2012-01-31.xsd#us-gaap_PaymentsOfDividendsPreferredStockAndPreferenceStock" xlink:label="Locator_us-gaap_PaymentsOfDividendsPreferredStockAndPreferenceStock_466" />
        <calculationArc xlink:type="arc" xlink:arcrole="http://www.xbrl.org/2003/arcrole/summation-item" xlink:from="Locator_us-gaap_NetCashProvidedByUsedInFinancingActivities_465" xlink:to="Locator_us-gaap_PaymentsOfDividendsPreferredStockAndPreferenceStock_466" order="28.0" weight="-1" />
        <loc xlink:type="locator" xlink:href="http://xbrl.fasb.org/us-gaap/2012/elts/us-gaap-2012-01-31.xsd#us-gaap_NetCashProvidedByUsedInFinancingActivities" xlink:label="Locator_us-gaap_NetCashProvidedByUsedInFinancingActivities_467" />
        <loc xlink:type="locator" xlink:href="http://xbrl.fasb.org/us-gaap/2012/elts/us-gaap-2012-01-31.xsd#us-gaap_PaymentsOfDebtIssuanceCosts" xlink:label="Locator_us-gaap_PaymentsOfDebtIssuanceCosts_468" />
        <calculationArc xlink:type="arc" xlink:arcrole="http://www.xbrl.org/2003/arcrole/summation-item" xlink:from="Locator_us-gaap_NetCashProvidedByUsedInFinancingActivities_467" xlink:to="Locator_us-gaap_PaymentsOfDebtIssuanceCosts_468" order="30.0" weight="-1" />
        <loc xlink:type="locator" xlink:href="http://xbrl.fasb.org/us-gaap/2012/elts/us-gaap-2012-01-31.xsd#us-gaap_NetCashProvidedByUsedInFinancingActivities" xlink:label="Locator_us-gaap_NetCashProvidedByUsedInFinancingActivities_469" />
        <loc xlink:type="locator" xlink:href="http://xbrl.fasb.org/us-gaap/2012/elts/us-gaap-2012-01-31.xsd#us-gaap_ProceedsFromPaymentsForOtherFinancingActivities" xlink:label="Locator_us-gaap_ProceedsFromPaymentsForOtherFinancingActivities_470" />
        <calculationArc xlink:type="arc" xlink:arcrole="http://www.xbrl.org/2003/arcrole/summation-item" xlink:from="Locator_us-gaap_NetCashProvidedByUsedInFinancingActivities_469" xlink:to="Locator_us-gaap_ProceedsFromPaymentsForOtherFinancingActivities_470" order="31.0" weight="1" />
        <loc xlink:type="locator" xlink:href="http://xbrl.fasb.org/us-gaap/2012/elts/us-gaap-2012-01-31.xsd#us-gaap_NetCashProvidedByUsedInFinancingActivities" xlink:label="Locator_us-gaap_NetCashProvidedByUsedInFinancingActivities_471" />
        <loc xlink:type="locator" xlink:href="http://xbrl.fasb.org/us-gaap/2012/elts/us-gaap-2012-01-31.xsd#us-gaap_ProceedsFromIssuanceOfCommonStock" xlink:label="Locator_us-gaap_ProceedsFromIssuanceOfCommonStock_472" />
        <calculationArc xlink:type="arc" xlink:arcrole="http://www.xbrl.org/2003/arcrole/summation-item" xlink:from="Locator_us-gaap_NetCashProvidedByUsedInFinancingActivities_471" xlink:to="Locator_us-gaap_ProceedsFromIssuanceOfCommonStock_472" order="27.0" weight="1" />
        <loc xlink:type="locator" xlink:href="http://xbrl.fasb.org/us-gaap/2012/elts/us-gaap-2012-01-31.xsd#us-gaap_NetCashProvidedByUsedInFinancingActivities" xlink:label="Locator_us-gaap_NetCashProvidedByUsedInFinancingActivities_473" />
        <loc xlink:type="locator" xlink:href="http://xbrl.fasb.org/us-gaap/2012/elts/us-gaap-2012-01-31.xsd#us-gaap_PaymentsOfDebtExtinguishmentCosts" xlink:label="Locator_us-gaap_PaymentsOfDebtExtinguishmentCosts_474" />
        <calculationArc xlink:type="arc" xlink:arcrole="http://www.xbrl.org/2003/arcrole/summation-item" xlink:from="Locator_us-gaap_NetCashProvidedByUsedInFinancingActivities_473" xlink:to="Locator_us-gaap_PaymentsOfDebtExtinguishmentCosts_474" order="29.0" weight="-1" />
        <loc xlink:type="locator" xlink:href="http://xbrl.fasb.org/us-gaap/2012/elts/us-gaap-2012-01-31.xsd#us-gaap_CashAndCashEquivalentsPeriodIncreaseDecrease" xlink:label="Locator_us-gaap_CashAndCashEquivalentsPeriodIncreaseDecrease_457" />
        <loc xlink:type="locator" xlink:href="http://xbrl.fasb.org/us-gaap/2012/elts/us-gaap-2012-01-31.xsd#us-gaap_NetCashProvidedByUsedInInvestingActivities" xlink:label="Locator_us-gaap_NetCashProvidedByUsedInInvestingActivities_458" />
        <calculationArc xlink:type="arc" xlink:arcrole="http://www.xbrl.org/2003/arcrole/summation-item" xlink:from="Locator_us-gaap_CashAndCashEquivalentsPeriodIncreaseDecrease_457" xlink:to="Locator_us-gaap_NetCashProvidedByUsedInInvestingActivities_458" order="23.0" weight="1" />
        <loc xlink:type="locator" xlink:href="http://xbrl.fasb.org/us-gaap/2012/elts/us-gaap-2012-01-31.xsd#us-gaap_NetCashProvidedByUsedInInvestingActivities" xlink:label="Locator_us-gaap_NetCashProvidedByUsedInInvestingActivities_481" />
        <loc xlink:type="locator" xlink:href="http://xbrl.fasb.org/us-gaap/2012/elts/us-gaap-2012-01-31.xsd#us-gaap_ProceedsFromSaleOfOilAndGasPropertyAndEquipment" xlink:label="Locator_us-gaap_ProceedsFromSaleOfOilAndGasPropertyAndEquipment_482" />
        <calculationArc xlink:type="arc" xlink:arcrole="http://www.xbrl.org/2003/arcrole/summation-item" xlink:from="Locator_us-gaap_NetCashProvidedByUsedInInvestingActivities_481" xlink:to="Locator_us-gaap_ProceedsFromSaleOfOilAndGasPropertyAndEquipment_482" order="21.0" weight="1" />
        <loc xlink:type="locator" xlink:href="http://xbrl.fasb.org/us-gaap/2012/elts/us-gaap-2012-01-31.xsd#us-gaap_NetCashProvidedByUsedInInvestingActivities" xlink:label="Locator_us-gaap_NetCashProvidedByUsedInInvestingActivities_475" />
        <loc xlink:type="locator" xlink:href="http://xbrl.fasb.org/us-gaap/2012/elts/us-gaap-2012-01-31.xsd#us-gaap_PaymentsToExploreAndDevelopOilAndGasProperties" xlink:label="Locator_us-gaap_PaymentsToExploreAndDevelopOilAndGasProperties_476" />
        <calculationArc xlink:type="arc" xlink:arcrole="http://www.xbrl.org/2003/arcrole/summation-item" xlink:from="Locator_us-gaap_NetCashProvidedByUsedInInvestingActivities_475" xlink:to="Locator_us-gaap_PaymentsToExploreAndDevelopOilAndGasProperties_476" order="19.0" weight="-1" />
        <loc xlink:type="locator" xlink:href="http://xbrl.fasb.org/us-gaap/2012/elts/us-gaap-2012-01-31.xsd#us-gaap_NetCashProvidedByUsedInInvestingActivities" xlink:label="Locator_us-gaap_NetCashProvidedByUsedInInvestingActivities_477" />
        <loc xlink:type="locator" xlink:href="http://xbrl.fasb.org/us-gaap/2012/elts/us-gaap-2012-01-31.xsd#us-gaap_PaymentsToAcquireOilAndGasProperty" xlink:label="Locator_us-gaap_PaymentsToAcquireOilAndGasProperty_478" />
        <calculationArc xlink:type="arc" xlink:arcrole="http://www.xbrl.org/2003/arcrole/summation-item" xlink:from="Locator_us-gaap_NetCashProvidedByUsedInInvestingActivities_477" xlink:to="Locator_us-gaap_PaymentsToAcquireOilAndGasProperty_478" order="20.0" weight="-1" />
        <loc xlink:type="locator" xlink:href="http://xbrl.fasb.org/us-gaap/2012/elts/us-gaap-2012-01-31.xsd#us-gaap_NetCashProvidedByUsedInInvestingActivities" xlink:label="Locator_us-gaap_NetCashProvidedByUsedInInvestingActivities_479" />
        <loc xlink:type="locator" xlink:href="http://xbrl.fasb.org/us-gaap/2012/elts/us-gaap-2012-01-31.xsd#us-gaap_IncreaseDecreaseInRestrictedCash" xlink:label="Locator_us-gaap_IncreaseDecreaseInRestrictedCash_480" />
        <calculationArc xlink:type="arc" xlink:arcrole="http://www.xbrl.org/2003/arcrole/summation-item" xlink:from="Locator_us-gaap_NetCashProvidedByUsedInInvestingActivities_479" xlink:to="Locator_us-gaap_IncreaseDecreaseInRestrictedCash_480" order="22.0" weight="-1" />
        <loc xlink:type="locator" xlink:href="http://xbrl.fasb.org/us-gaap/2012/elts/us-gaap-2012-01-31.xsd#us-gaap_CashAndCashEquivalentsPeriodIncreaseDecrease" xlink:label="Locator_us-gaap_CashAndCashEquivalentsPeriodIncreaseDecrease_459" />
        <loc xlink:type="locator" xlink:href="http://xbrl.fasb.org/us-gaap/2012/elts/us-gaap-2012-01-31.xsd#us-gaap_NetCashProvidedByUsedInOperatingActivities" xlink:label="Locator_us-gaap_NetCashProvidedByUsedInOperatingActivities_460" />
        <calculationArc xlink:type="arc" xlink:arcrole="http://www.xbrl.org/2003/arcrole/summation-item" xlink:from="Locator_us-gaap_CashAndCashEquivalentsPeriodIncreaseDecrease_459" xlink:to="Locator_us-gaap_NetCashProvidedByUsedInOperatingActivities_460" order="17.0" weight="1" />
        <loc xlink:type="locator" xlink:href="http://xbrl.fasb.org/us-gaap/2012/elts/us-gaap-2012-01-31.xsd#us-gaap_NetCashProvidedByUsedInOperatingActivities" xlink:label="Locator_us-gaap_NetCashProvidedByUsedInOperatingActivities_483" />
        <loc xlink:type="locator" xlink:href="http://xbrl.fasb.org/us-gaap/2012/elts/us-gaap-2012-01-31.xsd#us-gaap_NetIncomeLoss" xlink:label="Locator_us-gaap_NetIncomeLoss_484" />
        <calculationArc xlink:type="arc" xlink:arcrole="http://www.xbrl.org/2003/arcrole/summation-item" xlink:from="Locator_us-gaap_NetCashProvidedByUsedInOperatingActivities_483" xlink:to="Locator_us-gaap_NetIncomeLoss_484" order="2.0" weight="1" />
        <loc xlink:type="locator" xlink:href="http://xbrl.fasb.org/us-gaap/2012/elts/us-gaap-2012-01-31.xsd#us-gaap_NetCashProvidedByUsedInOperatingActivities" xlink:label="Locator_us-gaap_NetCashProvidedByUsedInOperatingActivities_485" />
        <loc xlink:type="locator" xlink:href="http://xbrl.fasb.org/us-gaap/2012/elts/us-gaap-2012-01-31.xsd#us-gaap_DepreciationDepletionAndAmortization" xlink:label="Locator_us-gaap_DepreciationDepletionAndAmortization_486" />
        <calculationArc xlink:type="arc" xlink:arcrole="http://www.xbrl.org/2003/arcrole/summation-item" xlink:from="Locator_us-gaap_NetCashProvidedByUsedInOperatingActivities_485" xlink:to="Locator_us-gaap_DepreciationDepletionAndAmortization_486" order="4.0" weight="1" />
        <loc xlink:type="locator" xlink:href="http://xbrl.fasb.org/us-gaap/2012/elts/us-gaap-2012-01-31.xsd#us-gaap_NetCashProvidedByUsedInOperatingActivities" xlink:label="Locator_us-gaap_NetCashProvidedByUsedInOperatingActivities_487" />
        <loc xlink:type="locator" xlink:href="http://xbrl.fasb.org/us-gaap/2012/elts/us-gaap-2012-01-31.xsd#us-gaap_ImpairmentOfOilAndGasProperties" xlink:label="Locator_us-gaap_ImpairmentOfOilAndGasProperties_488" />
        <calculationArc xlink:type="arc" xlink:arcrole="http://www.xbrl.org/2003/arcrole/summation-item" xlink:from="Locator_us-gaap_NetCashProvidedByUsedInOperatingActivities_487" xlink:to="Locator_us-gaap_ImpairmentOfOilAndGasProperties_488" order="5.0" weight="1" />
        <loc xlink:type="locator" xlink:href="http://xbrl.fasb.org/us-gaap/2012/elts/us-gaap-2012-01-31.xsd#us-gaap_NetCashProvidedByUsedInOperatingActivities" xlink:label="Locator_us-gaap_NetCashProvidedByUsedInOperatingActivities_489" />
        <loc xlink:type="locator" xlink:href="http://xbrl.fasb.org/us-gaap/2012/elts/us-gaap-2012-01-31.xsd#us-gaap_DeferredIncomeTaxExpenseBenefit" xlink:label="Locator_us-gaap_DeferredIncomeTaxExpenseBenefit_490" />
        <calculationArc xlink:type="arc" xlink:arcrole="http://www.xbrl.org/2003/arcrole/summation-item" xlink:from="Locator_us-gaap_NetCashProvidedByUsedInOperatingActivities_489" xlink:to="Locator_us-gaap_DeferredIncomeTaxExpenseBenefit_490" order="6.0" weight="1" />
        <loc xlink:type="locator" xlink:href="http://xbrl.fasb.org/us-gaap/2012/elts/us-gaap-2012-01-31.xsd#us-gaap_NetCashProvidedByUsedInOperatingActivities" xlink:label="Locator_us-gaap_NetCashProvidedByUsedInOperatingActivities_491" />
        <loc xlink:type="locator" xlink:href="http://xbrl.fasb.org/us-gaap/2012/elts/us-gaap-2012-01-31.xsd#us-gaap_UnrealizedGainLossOnDerivativesAndCommodityContracts" xlink:label="Locator_us-gaap_UnrealizedGainLossOnDerivativesAndCommodityContracts_492" />
        <calculationArc xlink:type="arc" xlink:arcrole="http://www.xbrl.org/2003/arcrole/summation-item" xlink:from="Locator_us-gaap_NetCashProvidedByUsedInOperatingActivities_491" xlink:to="Locator_us-gaap_UnrealizedGainLossOnDerivativesAndCommodityContracts_492" order="7.0" weight="-1" />
        <loc xlink:type="locator" xlink:href="http://xbrl.fasb.org/us-gaap/2012/elts/us-gaap-2012-01-31.xsd#us-gaap_NetCashProvidedByUsedInOperatingActivities" xlink:label="Locator_us-gaap_NetCashProvidedByUsedInOperatingActivities_493" />
        <loc xlink:type="locator" xlink:href="http://xbrl.fasb.org/us-gaap/2012/elts/us-gaap-2012-01-31.xsd#us-gaap_ShareBasedCompensation" xlink:label="Locator_us-gaap_ShareBasedCompensation_494" />
        <calculationArc xlink:type="arc" xlink:arcrole="http://www.xbrl.org/2003/arcrole/summation-item" xlink:from="Locator_us-gaap_NetCashProvidedByUsedInOperatingActivities_493" xlink:to="Locator_us-gaap_ShareBasedCompensation_494" order="8.0" weight="1" />
        <loc xlink:type="locator" xlink:href="http://xbrl.fasb.org/us-gaap/2012/elts/us-gaap-2012-01-31.xsd#us-gaap_NetCashProvidedByUsedInOperatingActivities" xlink:label="Locator_us-gaap_NetCashProvidedByUsedInOperatingActivities_495" />
        <loc xlink:type="locator" xlink:href="http://xbrl.fasb.org/us-gaap/2012/elts/us-gaap-2012-01-31.xsd#us-gaap_AmortizationOfFinancingCostsAndDiscounts" xlink:label="Locator_us-gaap_AmortizationOfFinancingCostsAndDiscounts_496" />
        <calculationArc xlink:type="arc" xlink:arcrole="http://www.xbrl.org/2003/arcrole/summation-item" xlink:from="Locator_us-gaap_NetCashProvidedByUsedInOperatingActivities_495" xlink:to="Locator_us-gaap_AmortizationOfFinancingCostsAndDiscounts_496" order="9.0" weight="1" />
        <loc xlink:type="locator" xlink:href="http://xbrl.fasb.org/us-gaap/2012/elts/us-gaap-2012-01-31.xsd#us-gaap_NetCashProvidedByUsedInOperatingActivities" xlink:label="Locator_us-gaap_NetCashProvidedByUsedInOperatingActivities_497" />
        <loc xlink:type="locator" xlink:href="http://xbrl.fasb.org/us-gaap/2012/elts/us-gaap-2012-01-31.xsd#us-gaap_PaidInKindInterest" xlink:label="Locator_us-gaap_PaidInKindInterest_498" />
        <calculationArc xlink:type="arc" xlink:arcrole="http://www.xbrl.org/2003/arcrole/summation-item" xlink:from="Locator_us-gaap_NetCashProvidedByUsedInOperatingActivities_497" xlink:to="Locator_us-gaap_PaidInKindInterest_498" order="10.0" weight="1" />
        <loc xlink:type="locator" xlink:href="http://xbrl.fasb.org/us-gaap/2012/elts/us-gaap-2012-01-31.xsd#us-gaap_NetCashProvidedByUsedInOperatingActivities" xlink:label="Locator_us-gaap_NetCashProvidedByUsedInOperatingActivities_499" />
        <loc xlink:type="locator" xlink:href="http://xbrl.fasb.org/us-gaap/2012/elts/us-gaap-2012-01-31.xsd#us-gaap_GainsLossesOnExtinguishmentOfDebt" xlink:label="Locator_us-gaap_GainsLossesOnExtinguishmentOfDebt_500" />
        <calculationArc xlink:type="arc" xlink:arcrole="http://www.xbrl.org/2003/arcrole/summation-item" xlink:from="Locator_us-gaap_NetCashProvidedByUsedInOperatingActivities_499" xlink:to="Locator_us-gaap_GainsLossesOnExtinguishmentOfDebt_500" order="11.0" weight="-1" />
        <loc xlink:type="locator" xlink:href="http://xbrl.fasb.org/us-gaap/2012/elts/us-gaap-2012-01-31.xsd#us-gaap_NetCashProvidedByUsedInOperatingActivities" xlink:label="Locator_us-gaap_NetCashProvidedByUsedInOperatingActivities_501" />
        <loc xlink:type="locator" xlink:href="http://xbrl.fasb.org/us-gaap/2012/elts/us-gaap-2012-01-31.xsd#us-gaap_OtherNoncashIncomeExpense" xlink:label="Locator_us-gaap_OtherNoncashIncomeExpense_502" />
        <calculationArc xlink:type="arc" xlink:arcrole="http://www.xbrl.org/2003/arcrole/summation-item" xlink:from="Locator_us-gaap_NetCashProvidedByUsedInOperatingActivities_501" xlink:to="Locator_us-gaap_OtherNoncashIncomeExpense_502" order="12.0" weight="-1" />
        <loc xlink:type="locator" xlink:href="http://xbrl.fasb.org/us-gaap/2012/elts/us-gaap-2012-01-31.xsd#us-gaap_NetCashProvidedByUsedInOperatingActivities" xlink:label="Locator_us-gaap_NetCashProvidedByUsedInOperatingActivities_503" />
        <loc xlink:type="locator" xlink:href="http://xbrl.fasb.org/us-gaap/2012/elts/us-gaap-2012-01-31.xsd#us-gaap_IncreaseDecreaseInAccountsReceivable" xlink:label="Locator_us-gaap_IncreaseDecreaseInAccountsReceivable_504" />
        <calculationArc xlink:type="arc" xlink:arcrole="http://www.xbrl.org/2003/arcrole/summation-item" xlink:from="Locator_us-gaap_NetCashProvidedByUsedInOperatingActivities_503" xlink:to="Locator_us-gaap_IncreaseDecreaseInAccountsReceivable_504" order="14.0" weight="-1" />
        <loc xlink:type="locator" xlink:href="http://xbrl.fasb.org/us-gaap/2012/elts/us-gaap-2012-01-31.xsd#us-gaap_NetCashProvidedByUsedInOperatingActivities" xlink:label="Locator_us-gaap_NetCashProvidedByUsedInOperatingActivities_505" />
        <loc xlink:type="locator" xlink:href="http://xbrl.fasb.org/us-gaap/2012/elts/us-gaap-2012-01-31.xsd#us-gaap_IncreaseDecreaseInOtherOperatingAssets" xlink:label="Locator_us-gaap_IncreaseDecreaseInOtherOperatingAssets_506" />
        <calculationArc xlink:type="arc" xlink:arcrole="http://www.xbrl.org/2003/arcrole/summation-item" xlink:from="Locator_us-gaap_NetCashProvidedByUsedInOperatingActivities_505" xlink:to="Locator_us-gaap_IncreaseDecreaseInOtherOperatingAssets_506" order="15.0" weight="-1" />
        <loc xlink:type="locator" xlink:href="http://xbrl.fasb.org/us-gaap/2012/elts/us-gaap-2012-01-31.xsd#us-gaap_NetCashProvidedByUsedInOperatingActivities" xlink:label="Locator_us-gaap_NetCashProvidedByUsedInOperatingActivities_507" />
        <loc xlink:type="locator" xlink:href="http://xbrl.fasb.org/us-gaap/2012/elts/us-gaap-2012-01-31.xsd#us-gaap_IncreaseDecreaseInOtherAccountsPayableAndAccruedLiabilities" xlink:label="Locator_us-gaap_IncreaseDecreaseInOtherAccountsPayableAndAccruedLiabilities_508" />
        <calculationArc xlink:type="arc" xlink:arcrole="http://www.xbrl.org/2003/arcrole/summation-item" xlink:from="Locator_us-gaap_NetCashProvidedByUsedInOperatingActivities_507" xlink:to="Locator_us-gaap_IncreaseDecreaseInOtherAccountsPayableAndAccruedLiabilities_508" order="16.0" weight="1" />
    </calculationLink>
    <calculationLink xlink:type="extended" xlink:role="http://www.endeavourcorp.com/role/DisclosurePropertyAndEquipmentDetails">
        <loc xlink:type="locator" xlink:href="http://xbrl.fasb.org/us-gaap/2012/elts/us-gaap-2012-01-31.xsd#us-gaap_PropertyPlantAndEquipmentNet" xlink:label="Locator_us-gaap_PropertyPlantAndEquipmentNet_587" />
        <loc xlink:type="locator" xlink:href="http://xbrl.fasb.org/us-gaap/2012/elts/us-gaap-2012-01-31.xsd#us-gaap_PropertyPlantAndEquipmentGross" xlink:label="Locator_us-gaap_PropertyPlantAndEquipmentGross_588" />
        <calculationArc xlink:type="arc" xlink:arcrole="http://www.xbrl.org/2003/arcrole/summation-item" xlink:from="Locator_us-gaap_PropertyPlantAndEquipmentNet_587" xlink:to="Locator_us-gaap_PropertyPlantAndEquipmentGross_588" order="5.0" weight="1" />
        <loc xlink:type="locator" xlink:href="http://xbrl.fasb.org/us-gaap/2012/elts/us-gaap-2012-01-31.xsd#us-gaap_PropertyPlantAndEquipmentGross" xlink:label="Locator_us-gaap_PropertyPlantAndEquipmentGross_591" />
        <loc xlink:type="locator" xlink:href="http://xbrl.fasb.org/us-gaap/2012/elts/us-gaap-2012-01-31.xsd#us-gaap_OilAndGasPropertyFullCostMethodGross" xlink:label="Locator_us-gaap_OilAndGasPropertyFullCostMethodGross_592" />
        <calculationArc xlink:type="arc" xlink:arcrole="http://www.xbrl.org/2003/arcrole/summation-item" xlink:from="Locator_us-gaap_PropertyPlantAndEquipmentGross_591" xlink:to="Locator_us-gaap_OilAndGasPropertyFullCostMethodGross_592" order="3.0" weight="1" />
        <loc xlink:type="locator" xlink:href="http://xbrl.fasb.org/us-gaap/2012/elts/us-gaap-2012-01-31.xsd#us-gaap_PropertyPlantAndEquipmentGross" xlink:label="Locator_us-gaap_PropertyPlantAndEquipmentGross_593" />
        <loc xlink:type="locator" xlink:href="http://xbrl.fasb.org/us-gaap/2012/elts/us-gaap-2012-01-31.xsd#us-gaap_FurnitureAndFixturesGross" xlink:label="Locator_us-gaap_FurnitureAndFixturesGross_594" />
        <calculationArc xlink:type="arc" xlink:arcrole="http://www.xbrl.org/2003/arcrole/summation-item" xlink:from="Locator_us-gaap_PropertyPlantAndEquipmentGross_593" xlink:to="Locator_us-gaap_FurnitureAndFixturesGross_594" order="4.0" weight="1" />
        <loc xlink:type="locator" xlink:href="http://xbrl.fasb.org/us-gaap/2012/elts/us-gaap-2012-01-31.xsd#us-gaap_PropertyPlantAndEquipmentNet" xlink:label="Locator_us-gaap_PropertyPlantAndEquipmentNet_589" />
        <loc xlink:type="locator" xlink:href="http://xbrl.fasb.org/us-gaap/2012/elts/us-gaap-2012-01-31.xsd#us-gaap_AccumulatedDepreciationDepletionAndAmortizationPropertyPlantAndEquipment" xlink:label="Locator_us-gaap_AccumulatedDepreciationDepletionAndAmortizationPropertyPlantAndEquipment_590" />
        <calculationArc xlink:type="arc" xlink:arcrole="http://www.xbrl.org/2003/arcrole/summation-item" xlink:from="Locator_us-gaap_PropertyPlantAndEquipmentNet_589" xlink:to="Locator_us-gaap_AccumulatedDepreciationDepletionAndAmortizationPropertyPlantAndEquipment_590" order="6.0" weight="-1" />
    </calculationLink>
    <calculationLink xlink:type="extended" xlink:role="http://www.endeavourcorp.com/role/DisclosureAssetRetirementObligationDetails">
        <loc xlink:type="locator" xlink:href="http://xbrl.fasb.org/us-gaap/2012/elts/us-gaap-2012-01-31.xsd#us-gaap_AssetRetirementObligationsNoncurrent" xlink:label="Locator_us-gaap_AssetRetirementObligationsNoncurrent_725" />
        <loc xlink:type="locator" xlink:href="http://xbrl.fasb.org/us-gaap/2012/elts/us-gaap-2012-01-31.xsd#us-gaap_AssetRetirementObligation" xlink:label="Locator_us-gaap_AssetRetirementObligation_726" />
        <calculationArc xlink:type="arc" xlink:arcrole="http://www.xbrl.org/2003/arcrole/summation-item" xlink:from="Locator_us-gaap_AssetRetirementObligationsNoncurrent_725" xlink:to="Locator_us-gaap_AssetRetirementObligation_726" order="2.0" weight="1" />
        <loc xlink:type="locator" xlink:href="http://xbrl.fasb.org/us-gaap/2012/elts/us-gaap-2012-01-31.xsd#us-gaap_AssetRetirementObligationsNoncurrent" xlink:label="Locator_us-gaap_AssetRetirementObligationsNoncurrent_727" />
        <loc xlink:type="locator" xlink:href="http://xbrl.fasb.org/us-gaap/2012/elts/us-gaap-2012-01-31.xsd#us-gaap_AssetRetirementObligationCurrent" xlink:label="Locator_us-gaap_AssetRetirementObligationCurrent_728" />
        <calculationArc xlink:type="arc" xlink:arcrole="http://www.xbrl.org/2003/arcrole/summation-item" xlink:from="Locator_us-gaap_AssetRetirementObligationsNoncurrent_727" xlink:to="Locator_us-gaap_AssetRetirementObligationCurrent_728" order="7.0" weight="1" />
    </calculationLink>
    <calculationLink xlink:type="extended" xlink:role="http://www.endeavourcorp.com/role/DisclosureStockBasedCompensationArrangementsNoncashStockbasedCompensationRecordedInGeneralAndAdministrativeDetails">
        <loc xlink:type="locator" xlink:href="http://xbrl.fasb.org/us-gaap/2012/elts/us-gaap-2012-01-31.xsd#us-gaap_ShareBasedCompensation" xlink:label="Locator_us-gaap_ShareBasedCompensation_743" />
        <loc xlink:type="locator" xlink:href="http://xbrl.fasb.org/us-gaap/2012/elts/us-gaap-2012-01-31.xsd#us-gaap_AllocatedShareBasedCompensationExpense" xlink:label="Locator_us-gaap_AllocatedShareBasedCompensationExpense_744" />
        <calculationArc xlink:type="arc" xlink:arcrole="http://www.xbrl.org/2003/arcrole/summation-item" xlink:from="Locator_us-gaap_ShareBasedCompensation_743" xlink:to="Locator_us-gaap_AllocatedShareBasedCompensationExpense_744" order="1.0" weight="1" />
        <loc xlink:type="locator" xlink:href="http://xbrl.fasb.org/us-gaap/2012/elts/us-gaap-2012-01-31.xsd#us-gaap_ShareBasedCompensation" xlink:label="Locator_us-gaap_ShareBasedCompensation_745" />
        <loc xlink:type="locator" xlink:href="end-20120930.xsd#end_AllocatedShareBasedCompensationCapitalizedExpense" xlink:label="Locator_end_AllocatedShareBasedCompensationCapitalizedExpense_746" />
        <calculationArc xlink:type="arc" xlink:arcrole="http://www.xbrl.org/2003/arcrole/summation-item" xlink:from="Locator_us-gaap_ShareBasedCompensation_745" xlink:to="Locator_end_AllocatedShareBasedCompensationCapitalizedExpense_746" order="2.0" weight="1" />
        <loc xlink:type="locator" xlink:href="http://xbrl.fasb.org/us-gaap/2012/elts/us-gaap-2012-01-31.xsd#us-gaap_EmployeeBenefitsAndShareBasedCompensation" xlink:label="Locator_us-gaap_EmployeeBenefitsAndShareBasedCompensation_747" />
        <loc xlink:type="locator" xlink:href="http://xbrl.fasb.org/us-gaap/2012/elts/us-gaap-2012-01-31.xsd#us-gaap_AllocatedShareBasedCompensationExpense" xlink:label="Locator_us-gaap_AllocatedShareBasedCompensationExpense_748" />
        <calculationArc xlink:type="arc" xlink:arcrole="http://www.xbrl.org/2003/arcrole/summation-item" xlink:from="Locator_us-gaap_EmployeeBenefitsAndShareBasedCompensation_747" xlink:to="Locator_us-gaap_AllocatedShareBasedCompensationExpense_748" order="1.0" weight="1" />
        <loc xlink:type="locator" xlink:href="http://xbrl.fasb.org/us-gaap/2012/elts/us-gaap-2012-01-31.xsd#us-gaap_EmployeeBenefitsAndShareBasedCompensation" xlink:label="Locator_us-gaap_EmployeeBenefitsAndShareBasedCompensation_749" />
        <loc xlink:type="locator" xlink:href="end-20120930.xsd#end_AllocatedShareBasedCompensationCapitalizedExpense" xlink:label="Locator_end_AllocatedShareBasedCompensationCapitalizedExpense_750" />
        <calculationArc xlink:type="arc" xlink:arcrole="http://www.xbrl.org/2003/arcrole/summation-item" xlink:from="Locator_us-gaap_EmployeeBenefitsAndShareBasedCompensation_749" xlink:to="Locator_end_AllocatedShareBasedCompensationCapitalizedExpense_750" order="2.0" weight="1" />
    </calculationLink>
    <calculationLink xlink:type="extended" xlink:role="http://www.endeavourcorp.com/role/DisclosureAcquisitionsTableDetails1">
        <loc xlink:type="locator" xlink:href="http://xbrl.fasb.org/us-gaap/2012/elts/us-gaap-2012-01-31.xsd#us-gaap_BusinessAcquisitionCostOfAcquiredEntityCashPaid" xlink:label="Locator_us-gaap_BusinessAcquisitionCostOfAcquiredEntityCashPaid_1927" />
        <loc xlink:type="locator" xlink:href="http://xbrl.fasb.org/us-gaap/2012/elts/us-gaap-2012-01-31.xsd#us-gaap_BusinessAcquisitionCostOfAcquiredEntityPurchasePrice" xlink:label="Locator_us-gaap_BusinessAcquisitionCostOfAcquiredEntityPurchasePrice_1928" />
        <calculationArc xlink:type="arc" xlink:arcrole="http://www.xbrl.org/2003/arcrole/summation-item" xlink:from="Locator_us-gaap_BusinessAcquisitionCostOfAcquiredEntityCashPaid_1927" xlink:to="Locator_us-gaap_BusinessAcquisitionCostOfAcquiredEntityPurchasePrice_1928" order="2.0" weight="1" />
        <loc xlink:type="locator" xlink:href="http://xbrl.fasb.org/us-gaap/2012/elts/us-gaap-2012-01-31.xsd#us-gaap_BusinessAcquisitionCostOfAcquiredEntityCashPaid" xlink:label="Locator_us-gaap_BusinessAcquisitionCostOfAcquiredEntityCashPaid_1929" />
        <loc xlink:type="locator" xlink:href="end-20120930.xsd#end_PurchasePriceAdjustmentForEstimatedAfterTaxCashOutflowsFromAcquiredAssetAndInterestCostsFromEconomicDateOfJanuary12011ToClosing" xlink:label="Locator_end_PurchasePriceAdjustmentForEstimatedAfterTaxCashOutflowsFromAcquiredAssetAndInterestCostsFromEconomicDateOfJanuary12011ToClosing_1930" />
        <calculationArc xlink:type="arc" xlink:arcrole="http://www.xbrl.org/2003/arcrole/summation-item" xlink:from="Locator_us-gaap_BusinessAcquisitionCostOfAcquiredEntityCashPaid_1929" xlink:to="Locator_end_PurchasePriceAdjustmentForEstimatedAfterTaxCashOutflowsFromAcquiredAssetAndInterestCostsFromEconomicDateOfJanuary12011ToClosing_1930" order="3.0" weight="-1" />
    </calculationLink>
    <calculationLink xlink:type="extended" xlink:role="http://www.endeavourcorp.com/role/DisclosureGuarantorSubsidiariesBalanceSheetDetails">
        <loc xlink:type="locator" xlink:href="http://xbrl.fasb.org/us-gaap/2012/elts/us-gaap-2012-01-31.xsd#us-gaap_Assets" xlink:label="Locator_us-gaap_Assets_2221" />
        <loc xlink:type="locator" xlink:href="http://xbrl.fasb.org/us-gaap/2012/elts/us-gaap-2012-01-31.xsd#us-gaap_AssetsCurrent" xlink:label="Locator_us-gaap_AssetsCurrent_2222" />
        <calculationArc xlink:type="arc" xlink:arcrole="http://www.xbrl.org/2003/arcrole/summation-item" xlink:from="Locator_us-gaap_Assets_2221" xlink:to="Locator_us-gaap_AssetsCurrent_2222" order="8.0" weight="1" />
        <loc xlink:type="locator" xlink:href="http://xbrl.fasb.org/us-gaap/2012/elts/us-gaap-2012-01-31.xsd#us-gaap_Assets" xlink:label="Locator_us-gaap_Assets_2223" />
        <loc xlink:type="locator" xlink:href="http://xbrl.fasb.org/us-gaap/2012/elts/us-gaap-2012-01-31.xsd#us-gaap_PropertyPlantAndEquipmentNet" xlink:label="Locator_us-gaap_PropertyPlantAndEquipmentNet_2224" />
        <calculationArc xlink:type="arc" xlink:arcrole="http://www.xbrl.org/2003/arcrole/summation-item" xlink:from="Locator_us-gaap_Assets_2223" xlink:to="Locator_us-gaap_PropertyPlantAndEquipmentNet_2224" order="9.0" weight="1" />
        <loc xlink:type="locator" xlink:href="http://xbrl.fasb.org/us-gaap/2012/elts/us-gaap-2012-01-31.xsd#us-gaap_Assets" xlink:label="Locator_us-gaap_Assets_2225" />
        <loc xlink:type="locator" xlink:href="http://xbrl.fasb.org/us-gaap/2012/elts/us-gaap-2012-01-31.xsd#us-gaap_Goodwill" xlink:label="Locator_us-gaap_Goodwill_2226" />
        <calculationArc xlink:type="arc" xlink:arcrole="http://www.xbrl.org/2003/arcrole/summation-item" xlink:from="Locator_us-gaap_Assets_2225" xlink:to="Locator_us-gaap_Goodwill_2226" order="10.0" weight="1" />
        <loc xlink:type="locator" xlink:href="http://xbrl.fasb.org/us-gaap/2012/elts/us-gaap-2012-01-31.xsd#us-gaap_Assets" xlink:label="Locator_us-gaap_Assets_2227" />
        <loc xlink:type="locator" xlink:href="http://xbrl.fasb.org/us-gaap/2012/elts/us-gaap-2012-01-31.xsd#us-gaap_DueFromRelatedPartiesNoncurrent" xlink:label="Locator_us-gaap_DueFromRelatedPartiesNoncurrent_2228" />
        <calculationArc xlink:type="arc" xlink:arcrole="http://www.xbrl.org/2003/arcrole/summation-item" xlink:from="Locator_us-gaap_Assets_2227" xlink:to="Locator_us-gaap_DueFromRelatedPartiesNoncurrent_2228" order="11.0" weight="1" />
        <loc xlink:type="locator" xlink:href="http://xbrl.fasb.org/us-gaap/2012/elts/us-gaap-2012-01-31.xsd#us-gaap_Assets" xlink:label="Locator_us-gaap_Assets_2229" />
        <loc xlink:type="locator" xlink:href="http://xbrl.fasb.org/us-gaap/2012/elts/us-gaap-2012-01-31.xsd#us-gaap_EquityMethodInvestments" xlink:label="Locator_us-gaap_EquityMethodInvestments_2230" />
        <calculationArc xlink:type="arc" xlink:arcrole="http://www.xbrl.org/2003/arcrole/summation-item" xlink:from="Locator_us-gaap_Assets_2229" xlink:to="Locator_us-gaap_EquityMethodInvestments_2230" order="12.0" weight="1" />
        <loc xlink:type="locator" xlink:href="http://xbrl.fasb.org/us-gaap/2012/elts/us-gaap-2012-01-31.xsd#us-gaap_Assets" xlink:label="Locator_us-gaap_Assets_2231" />
        <loc xlink:type="locator" xlink:href="http://xbrl.fasb.org/us-gaap/2012/elts/us-gaap-2012-01-31.xsd#us-gaap_OtherAssetsNoncurrent" xlink:label="Locator_us-gaap_OtherAssetsNoncurrent_2232" />
        <calculationArc xlink:type="arc" xlink:arcrole="http://www.xbrl.org/2003/arcrole/summation-item" xlink:from="Locator_us-gaap_Assets_2231" xlink:to="Locator_us-gaap_OtherAssetsNoncurrent_2232" order="13.0" weight="1" />
        <loc xlink:type="locator" xlink:href="http://xbrl.fasb.org/us-gaap/2012/elts/us-gaap-2012-01-31.xsd#us-gaap_Liabilities" xlink:label="Locator_us-gaap_Liabilities_2233" />
        <loc xlink:type="locator" xlink:href="http://xbrl.fasb.org/us-gaap/2012/elts/us-gaap-2012-01-31.xsd#us-gaap_LiabilitiesCurrent" xlink:label="Locator_us-gaap_LiabilitiesCurrent_2234" />
        <calculationArc xlink:type="arc" xlink:arcrole="http://www.xbrl.org/2003/arcrole/summation-item" xlink:from="Locator_us-gaap_Liabilities_2233" xlink:to="Locator_us-gaap_LiabilitiesCurrent_2234" order="18.0" weight="1" />
        <loc xlink:type="locator" xlink:href="http://xbrl.fasb.org/us-gaap/2012/elts/us-gaap-2012-01-31.xsd#us-gaap_Liabilities" xlink:label="Locator_us-gaap_Liabilities_2235" />
        <loc xlink:type="locator" xlink:href="http://xbrl.fasb.org/us-gaap/2012/elts/us-gaap-2012-01-31.xsd#us-gaap_LongTermDebtNoncurrent" xlink:label="Locator_us-gaap_LongTermDebtNoncurrent_2236" />
        <calculationArc xlink:type="arc" xlink:arcrole="http://www.xbrl.org/2003/arcrole/summation-item" xlink:from="Locator_us-gaap_Liabilities_2235" xlink:to="Locator_us-gaap_LongTermDebtNoncurrent_2236" order="19.0" weight="1" />
        <loc xlink:type="locator" xlink:href="http://xbrl.fasb.org/us-gaap/2012/elts/us-gaap-2012-01-31.xsd#us-gaap_Liabilities" xlink:label="Locator_us-gaap_Liabilities_2237" />
        <loc xlink:type="locator" xlink:href="http://xbrl.fasb.org/us-gaap/2012/elts/us-gaap-2012-01-31.xsd#us-gaap_DeferredTaxLiabilitiesNoncurrent" xlink:label="Locator_us-gaap_DeferredTaxLiabilitiesNoncurrent_2238" />
        <calculationArc xlink:type="arc" xlink:arcrole="http://www.xbrl.org/2003/arcrole/summation-item" xlink:from="Locator_us-gaap_Liabilities_2237" xlink:to="Locator_us-gaap_DeferredTaxLiabilitiesNoncurrent_2238" order="21.0" weight="1" />
        <loc xlink:type="locator" xlink:href="http://xbrl.fasb.org/us-gaap/2012/elts/us-gaap-2012-01-31.xsd#us-gaap_Liabilities" xlink:label="Locator_us-gaap_Liabilities_2239" />
        <loc xlink:type="locator" xlink:href="http://xbrl.fasb.org/us-gaap/2012/elts/us-gaap-2012-01-31.xsd#us-gaap_OtherLiabilitiesNoncurrent" xlink:label="Locator_us-gaap_OtherLiabilitiesNoncurrent_2240" />
        <calculationArc xlink:type="arc" xlink:arcrole="http://www.xbrl.org/2003/arcrole/summation-item" xlink:from="Locator_us-gaap_Liabilities_2239" xlink:to="Locator_us-gaap_OtherLiabilitiesNoncurrent_2240" order="22.0" weight="1" />
        <loc xlink:type="locator" xlink:href="http://xbrl.fasb.org/us-gaap/2012/elts/us-gaap-2012-01-31.xsd#us-gaap_Liabilities" xlink:label="Locator_us-gaap_Liabilities_2241" />
        <loc xlink:type="locator" xlink:href="http://xbrl.fasb.org/us-gaap/2012/elts/us-gaap-2012-01-31.xsd#us-gaap_DueToRelatedPartiesNoncurrent" xlink:label="Locator_us-gaap_DueToRelatedPartiesNoncurrent_2242" />
        <calculationArc xlink:type="arc" xlink:arcrole="http://www.xbrl.org/2003/arcrole/summation-item" xlink:from="Locator_us-gaap_Liabilities_2241" xlink:to="Locator_us-gaap_DueToRelatedPartiesNoncurrent_2242" order="20.0" weight="1" />
    </calculationLink>
    <calculationLink xlink:type="extended" xlink:role="http://www.endeavourcorp.com/role/DisclosureGuarantorSubsidiariesIncomeStatementDetails">
        <loc xlink:type="locator" xlink:href="http://xbrl.fasb.org/us-gaap/2012/elts/us-gaap-2012-01-31.xsd#us-gaap_OperatingIncomeLoss" xlink:label="Locator_us-gaap_OperatingIncomeLoss_2369" />
        <loc xlink:type="locator" xlink:href="http://xbrl.fasb.org/us-gaap/2012/elts/us-gaap-2012-01-31.xsd#us-gaap_OilAndGasRevenue" xlink:label="Locator_us-gaap_OilAndGasRevenue_2370" />
        <calculationArc xlink:type="arc" xlink:arcrole="http://www.xbrl.org/2003/arcrole/summation-item" xlink:from="Locator_us-gaap_OperatingIncomeLoss_2369" xlink:to="Locator_us-gaap_OilAndGasRevenue_2370" order="2.0" weight="1" />
        <loc xlink:type="locator" xlink:href="http://xbrl.fasb.org/us-gaap/2012/elts/us-gaap-2012-01-31.xsd#us-gaap_OperatingIncomeLoss" xlink:label="Locator_us-gaap_OperatingIncomeLoss_2371" />
        <loc xlink:type="locator" xlink:href="http://xbrl.fasb.org/us-gaap/2012/elts/us-gaap-2012-01-31.xsd#us-gaap_OperatingCostsAndExpenses" xlink:label="Locator_us-gaap_OperatingCostsAndExpenses_2372" />
        <calculationArc xlink:type="arc" xlink:arcrole="http://www.xbrl.org/2003/arcrole/summation-item" xlink:from="Locator_us-gaap_OperatingIncomeLoss_2371" xlink:to="Locator_us-gaap_OperatingCostsAndExpenses_2372" order="3.0" weight="-1" />
        <loc xlink:type="locator" xlink:href="http://xbrl.fasb.org/us-gaap/2012/elts/us-gaap-2012-01-31.xsd#us-gaap_OperatingIncomeLoss" xlink:label="Locator_us-gaap_OperatingIncomeLoss_2373" />
        <loc xlink:type="locator" xlink:href="http://xbrl.fasb.org/us-gaap/2012/elts/us-gaap-2012-01-31.xsd#us-gaap_DepreciationDepletionAndAmortization" xlink:label="Locator_us-gaap_DepreciationDepletionAndAmortization_2374" />
        <calculationArc xlink:type="arc" xlink:arcrole="http://www.xbrl.org/2003/arcrole/summation-item" xlink:from="Locator_us-gaap_OperatingIncomeLoss_2373" xlink:to="Locator_us-gaap_DepreciationDepletionAndAmortization_2374" order="4.0" weight="-1" />
        <loc xlink:type="locator" xlink:href="http://xbrl.fasb.org/us-gaap/2012/elts/us-gaap-2012-01-31.xsd#us-gaap_OperatingIncomeLoss" xlink:label="Locator_us-gaap_OperatingIncomeLoss_2375" />
        <loc xlink:type="locator" xlink:href="http://xbrl.fasb.org/us-gaap/2012/elts/us-gaap-2012-01-31.xsd#us-gaap_ImpairmentOfOilAndGasProperties" xlink:label="Locator_us-gaap_ImpairmentOfOilAndGasProperties_2376" />
        <calculationArc xlink:type="arc" xlink:arcrole="http://www.xbrl.org/2003/arcrole/summation-item" xlink:from="Locator_us-gaap_OperatingIncomeLoss_2375" xlink:to="Locator_us-gaap_ImpairmentOfOilAndGasProperties_2376" order="5.0" weight="-1" />
        <loc xlink:type="locator" xlink:href="http://xbrl.fasb.org/us-gaap/2012/elts/us-gaap-2012-01-31.xsd#us-gaap_OperatingIncomeLoss" xlink:label="Locator_us-gaap_OperatingIncomeLoss_2377" />
        <loc xlink:type="locator" xlink:href="http://xbrl.fasb.org/us-gaap/2012/elts/us-gaap-2012-01-31.xsd#us-gaap_GeneralAndAdministrativeExpense" xlink:label="Locator_us-gaap_GeneralAndAdministrativeExpense_2378" />
        <calculationArc xlink:type="arc" xlink:arcrole="http://www.xbrl.org/2003/arcrole/summation-item" xlink:from="Locator_us-gaap_OperatingIncomeLoss_2377" xlink:to="Locator_us-gaap_GeneralAndAdministrativeExpense_2378" order="6.0" weight="-1" />
    </calculationLink>
    <calculationLink xlink:type="extended" xlink:role="http://www.endeavourcorp.com/role/DisclosureGuarantorSubsidiariesCashFlowStatementDetails">
        <loc xlink:type="locator" xlink:href="http://xbrl.fasb.org/us-gaap/2012/elts/us-gaap-2012-01-31.xsd#us-gaap_NetCashProvidedByUsedInInvestingActivities" xlink:label="Locator_us-gaap_NetCashProvidedByUsedInInvestingActivities_2513" />
        <loc xlink:type="locator" xlink:href="http://xbrl.fasb.org/us-gaap/2012/elts/us-gaap-2012-01-31.xsd#us-gaap_PaymentsToExploreAndDevelopOilAndGasProperties" xlink:label="Locator_us-gaap_PaymentsToExploreAndDevelopOilAndGasProperties_2514" />
        <calculationArc xlink:type="arc" xlink:arcrole="http://www.xbrl.org/2003/arcrole/summation-item" xlink:from="Locator_us-gaap_NetCashProvidedByUsedInInvestingActivities_2513" xlink:to="Locator_us-gaap_PaymentsToExploreAndDevelopOilAndGasProperties_2514" order="20.0" weight="-1" />
        <loc xlink:type="locator" xlink:href="http://xbrl.fasb.org/us-gaap/2012/elts/us-gaap-2012-01-31.xsd#us-gaap_NetCashProvidedByUsedInInvestingActivities" xlink:label="Locator_us-gaap_NetCashProvidedByUsedInInvestingActivities_2515" />
        <loc xlink:type="locator" xlink:href="http://xbrl.fasb.org/us-gaap/2012/elts/us-gaap-2012-01-31.xsd#us-gaap_PaymentsToAcquireOilAndGasProperty" xlink:label="Locator_us-gaap_PaymentsToAcquireOilAndGasProperty_2516" />
        <calculationArc xlink:type="arc" xlink:arcrole="http://www.xbrl.org/2003/arcrole/summation-item" xlink:from="Locator_us-gaap_NetCashProvidedByUsedInInvestingActivities_2515" xlink:to="Locator_us-gaap_PaymentsToAcquireOilAndGasProperty_2516" order="21.0" weight="-1" />
        <loc xlink:type="locator" xlink:href="http://xbrl.fasb.org/us-gaap/2012/elts/us-gaap-2012-01-31.xsd#us-gaap_NetCashProvidedByUsedInInvestingActivities" xlink:label="Locator_us-gaap_NetCashProvidedByUsedInInvestingActivities_2517" />
        <loc xlink:type="locator" xlink:href="http://xbrl.fasb.org/us-gaap/2012/elts/us-gaap-2012-01-31.xsd#us-gaap_IncreaseDecreaseInRestrictedCash" xlink:label="Locator_us-gaap_IncreaseDecreaseInRestrictedCash_2518" />
        <calculationArc xlink:type="arc" xlink:arcrole="http://www.xbrl.org/2003/arcrole/summation-item" xlink:from="Locator_us-gaap_NetCashProvidedByUsedInInvestingActivities_2517" xlink:to="Locator_us-gaap_IncreaseDecreaseInRestrictedCash_2518" order="23.0" weight="-1" />
        <loc xlink:type="locator" xlink:href="http://xbrl.fasb.org/us-gaap/2012/elts/us-gaap-2012-01-31.xsd#us-gaap_NetCashProvidedByUsedInInvestingActivities" xlink:label="Locator_us-gaap_NetCashProvidedByUsedInInvestingActivities_2519" />
        <loc xlink:type="locator" xlink:href="end-20120930.xsd#end_IssuanceOfNoteReceivableToAffiliates" xlink:label="Locator_end_IssuanceOfNoteReceivableToAffiliates_2520" />
        <calculationArc xlink:type="arc" xlink:arcrole="http://www.xbrl.org/2003/arcrole/summation-item" xlink:from="Locator_us-gaap_NetCashProvidedByUsedInInvestingActivities_2519" xlink:to="Locator_end_IssuanceOfNoteReceivableToAffiliates_2520" order="22.0" weight="-1" />
    </calculationLink>
</linkbase>
