<?xml version="1.0" encoding="US-ASCII" ?>
    <!-- Field: Doc-Info; Name: Generator; Value: GoFiler Complete; Version: 3.4b -->
    <!-- Field: Doc-Info; Name: VendorURI; Value: http://www.novaworks.co -->
    <!-- Field: Doc-Info; Name: Source; Value: AFHACQVIII%2D20121031 10K FY.xfr; Date: 2013/01/29T15:02:53 -->
    <!-- Field: Doc-Info; Name: Status; Value: 0x80000000 -->
<xbrli:xbrl xmlns:xsi="http://www.w3.org/2001/XMLSchema-instance" xmlns:xlink="http://www.w3.org/1999/xlink" xmlns:link="http://www.xbrl.org/2003/linkbase" xmlns:xbrli="http://www.xbrl.org/2003/instance" xmlns:xbrldt="http://xbrl.org/2005/xbrldt" xmlns:xbrldi="http://xbrl.org/2006/xbrldi" xmlns:dei="http://xbrl.sec.gov/dei/2012-01-31" xmlns:ref="http://www.xbrl.org/2006/ref" xmlns:iso4217="http://www.xbrl.org/2003/iso4217" xmlns:us-gaap="http://fasb.org/us-gaap/2012-01-31" xmlns:us-roles="http://fasb.org/us-roles/2012-01-31" xmlns:nonnum="http://www.xbrl.org/dtr/type/non-numeric" xmlns:num="http://www.xbrl.org/dtr/type/numeric" xmlns:us-types="http://fasb.org/us-types/2012-01-31" xmlns:AFHACQVIII="http://AFHACQVIII/20121031">
    <link:schemaRef xlink:href="afhacqviii-20121031.xsd" xlink:type="simple" />
    <xbrli:context id="From2011-11-01to2012-10-31">
      <xbrli:entity>
        <xbrli:identifier scheme="http://www.sec.gov/CIK">0001419560</xbrli:identifier>
      </xbrli:entity>
      <xbrli:period>
        <xbrli:startDate>2011-11-01</xbrli:startDate>
        <xbrli:endDate>2012-10-31</xbrli:endDate>
      </xbrli:period>
    </xbrli:context>
    <xbrli:context id="AsOf2013-01-29">
      <xbrli:entity>
        <xbrli:identifier scheme="http://www.sec.gov/CIK">0001419560</xbrli:identifier>
      </xbrli:entity>
      <xbrli:period>
        <xbrli:instant>2013-01-29</xbrli:instant>
      </xbrli:period>
    </xbrli:context>
    <xbrli:context id="AsOf2012-10-31">
      <xbrli:entity>
        <xbrli:identifier scheme="http://www.sec.gov/CIK">0001419560</xbrli:identifier>
      </xbrli:entity>
      <xbrli:period>
        <xbrli:instant>2012-10-31</xbrli:instant>
      </xbrli:period>
    </xbrli:context>
    <xbrli:context id="AsOf2011-10-31">
      <xbrli:entity>
        <xbrli:identifier scheme="http://www.sec.gov/CIK">0001419560</xbrli:identifier>
      </xbrli:entity>
      <xbrli:period>
        <xbrli:instant>2011-10-31</xbrli:instant>
      </xbrli:period>
    </xbrli:context>
    <xbrli:context id="AsOf2007-10-17_CommonStockMember">
      <xbrli:entity>
        <xbrli:identifier scheme="http://www.sec.gov/CIK">0001419560</xbrli:identifier>
        <xbrli:segment>
          <xbrldi:explicitMember dimension="us-gaap:StatementEquityComponentsAxis">us-gaap:CommonStockMember</xbrldi:explicitMember>
        </xbrli:segment>
      </xbrli:entity>
      <xbrli:period>
        <xbrli:instant>2007-10-17</xbrli:instant>
      </xbrli:period>
    </xbrli:context>
    <xbrli:context id="AsOf2007-10-31_CommonStockMember">
      <xbrli:entity>
        <xbrli:identifier scheme="http://www.sec.gov/CIK">0001419560</xbrli:identifier>
        <xbrli:segment>
          <xbrldi:explicitMember dimension="us-gaap:StatementEquityComponentsAxis">us-gaap:CommonStockMember</xbrldi:explicitMember>
        </xbrli:segment>
      </xbrli:entity>
      <xbrli:period>
        <xbrli:instant>2007-10-31</xbrli:instant>
      </xbrli:period>
    </xbrli:context>
    <xbrli:context id="AsOf2008-10-31_CommonStockMember">
      <xbrli:entity>
        <xbrli:identifier scheme="http://www.sec.gov/CIK">0001419560</xbrli:identifier>
        <xbrli:segment>
          <xbrldi:explicitMember dimension="us-gaap:StatementEquityComponentsAxis">us-gaap:CommonStockMember</xbrldi:explicitMember>
        </xbrli:segment>
      </xbrli:entity>
      <xbrli:period>
        <xbrli:instant>2008-10-31</xbrli:instant>
      </xbrli:period>
    </xbrli:context>
    <xbrli:context id="AsOf2009-10-31_CommonStockMember">
      <xbrli:entity>
        <xbrli:identifier scheme="http://www.sec.gov/CIK">0001419560</xbrli:identifier>
        <xbrli:segment>
          <xbrldi:explicitMember dimension="us-gaap:StatementEquityComponentsAxis">us-gaap:CommonStockMember</xbrldi:explicitMember>
        </xbrli:segment>
      </xbrli:entity>
      <xbrli:period>
        <xbrli:instant>2009-10-31</xbrli:instant>
      </xbrli:period>
    </xbrli:context>
    <xbrli:context id="AsOf2010-10-31_CommonStockMember">
      <xbrli:entity>
        <xbrli:identifier scheme="http://www.sec.gov/CIK">0001419560</xbrli:identifier>
        <xbrli:segment>
          <xbrldi:explicitMember dimension="us-gaap:StatementEquityComponentsAxis">us-gaap:CommonStockMember</xbrldi:explicitMember>
        </xbrli:segment>
      </xbrli:entity>
      <xbrli:period>
        <xbrli:instant>2010-10-31</xbrli:instant>
      </xbrli:period>
    </xbrli:context>
    <xbrli:context id="AsOf2011-10-31_CommonStockMember">
      <xbrli:entity>
        <xbrli:identifier scheme="http://www.sec.gov/CIK">0001419560</xbrli:identifier>
        <xbrli:segment>
          <xbrldi:explicitMember dimension="us-gaap:StatementEquityComponentsAxis">us-gaap:CommonStockMember</xbrldi:explicitMember>
        </xbrli:segment>
      </xbrli:entity>
      <xbrli:period>
        <xbrli:instant>2011-10-31</xbrli:instant>
      </xbrli:period>
    </xbrli:context>
    <xbrli:context id="AsOf2007-10-17_AdditionalPaidInCapitalMember">
      <xbrli:entity>
        <xbrli:identifier scheme="http://www.sec.gov/CIK">0001419560</xbrli:identifier>
        <xbrli:segment>
          <xbrldi:explicitMember dimension="us-gaap:StatementEquityComponentsAxis">us-gaap:AdditionalPaidInCapitalMember</xbrldi:explicitMember>
        </xbrli:segment>
      </xbrli:entity>
      <xbrli:period>
        <xbrli:instant>2007-10-17</xbrli:instant>
      </xbrli:period>
    </xbrli:context>
    <xbrli:context id="AsOf2007-10-31_AdditionalPaidInCapitalMember">
      <xbrli:entity>
        <xbrli:identifier scheme="http://www.sec.gov/CIK">0001419560</xbrli:identifier>
        <xbrli:segment>
          <xbrldi:explicitMember dimension="us-gaap:StatementEquityComponentsAxis">us-gaap:AdditionalPaidInCapitalMember</xbrldi:explicitMember>
        </xbrli:segment>
      </xbrli:entity>
      <xbrli:period>
        <xbrli:instant>2007-10-31</xbrli:instant>
      </xbrli:period>
    </xbrli:context>
    <xbrli:context id="AsOf2008-10-31_AdditionalPaidInCapitalMember">
      <xbrli:entity>
        <xbrli:identifier scheme="http://www.sec.gov/CIK">0001419560</xbrli:identifier>
        <xbrli:segment>
          <xbrldi:explicitMember dimension="us-gaap:StatementEquityComponentsAxis">us-gaap:AdditionalPaidInCapitalMember</xbrldi:explicitMember>
        </xbrli:segment>
      </xbrli:entity>
      <xbrli:period>
        <xbrli:instant>2008-10-31</xbrli:instant>
      </xbrli:period>
    </xbrli:context>
    <xbrli:context id="AsOf2009-10-31_AdditionalPaidInCapitalMember">
      <xbrli:entity>
        <xbrli:identifier scheme="http://www.sec.gov/CIK">0001419560</xbrli:identifier>
        <xbrli:segment>
          <xbrldi:explicitMember dimension="us-gaap:StatementEquityComponentsAxis">us-gaap:AdditionalPaidInCapitalMember</xbrldi:explicitMember>
        </xbrli:segment>
      </xbrli:entity>
      <xbrli:period>
        <xbrli:instant>2009-10-31</xbrli:instant>
      </xbrli:period>
    </xbrli:context>
    <xbrli:context id="AsOf2010-10-31_AdditionalPaidInCapitalMember">
      <xbrli:entity>
        <xbrli:identifier scheme="http://www.sec.gov/CIK">0001419560</xbrli:identifier>
        <xbrli:segment>
          <xbrldi:explicitMember dimension="us-gaap:StatementEquityComponentsAxis">us-gaap:AdditionalPaidInCapitalMember</xbrldi:explicitMember>
        </xbrli:segment>
      </xbrli:entity>
      <xbrli:period>
        <xbrli:instant>2010-10-31</xbrli:instant>
      </xbrli:period>
    </xbrli:context>
    <xbrli:context id="AsOf2011-10-31_AdditionalPaidInCapitalMember">
      <xbrli:entity>
        <xbrli:identifier scheme="http://www.sec.gov/CIK">0001419560</xbrli:identifier>
        <xbrli:segment>
          <xbrldi:explicitMember dimension="us-gaap:StatementEquityComponentsAxis">us-gaap:AdditionalPaidInCapitalMember</xbrldi:explicitMember>
        </xbrli:segment>
      </xbrli:entity>
      <xbrli:period>
        <xbrli:instant>2011-10-31</xbrli:instant>
      </xbrli:period>
    </xbrli:context>
    <xbrli:context id="AsOf2007-10-17_AccumulatedOtherComprehensiveIncomeMember">
      <xbrli:entity>
        <xbrli:identifier scheme="http://www.sec.gov/CIK">0001419560</xbrli:identifier>
        <xbrli:segment>
          <xbrldi:explicitMember dimension="us-gaap:StatementEquityComponentsAxis">us-gaap:AccumulatedOtherComprehensiveIncomeMember</xbrldi:explicitMember>
        </xbrli:segment>
      </xbrli:entity>
      <xbrli:period>
        <xbrli:instant>2007-10-17</xbrli:instant>
      </xbrli:period>
    </xbrli:context>
    <xbrli:context id="AsOf2007-10-31_AccumulatedOtherComprehensiveIncomeMember">
      <xbrli:entity>
        <xbrli:identifier scheme="http://www.sec.gov/CIK">0001419560</xbrli:identifier>
        <xbrli:segment>
          <xbrldi:explicitMember dimension="us-gaap:StatementEquityComponentsAxis">us-gaap:AccumulatedOtherComprehensiveIncomeMember</xbrldi:explicitMember>
        </xbrli:segment>
      </xbrli:entity>
      <xbrli:period>
        <xbrli:instant>2007-10-31</xbrli:instant>
      </xbrli:period>
    </xbrli:context>
    <xbrli:context id="AsOf2008-10-31_AccumulatedOtherComprehensiveIncomeMember">
      <xbrli:entity>
        <xbrli:identifier scheme="http://www.sec.gov/CIK">0001419560</xbrli:identifier>
        <xbrli:segment>
          <xbrldi:explicitMember dimension="us-gaap:StatementEquityComponentsAxis">us-gaap:AccumulatedOtherComprehensiveIncomeMember</xbrldi:explicitMember>
        </xbrli:segment>
      </xbrli:entity>
      <xbrli:period>
        <xbrli:instant>2008-10-31</xbrli:instant>
      </xbrli:period>
    </xbrli:context>
    <xbrli:context id="AsOf2009-10-31_AccumulatedOtherComprehensiveIncomeMember">
      <xbrli:entity>
        <xbrli:identifier scheme="http://www.sec.gov/CIK">0001419560</xbrli:identifier>
        <xbrli:segment>
          <xbrldi:explicitMember dimension="us-gaap:StatementEquityComponentsAxis">us-gaap:AccumulatedOtherComprehensiveIncomeMember</xbrldi:explicitMember>
        </xbrli:segment>
      </xbrli:entity>
      <xbrli:period>
        <xbrli:instant>2009-10-31</xbrli:instant>
      </xbrli:period>
    </xbrli:context>
    <xbrli:context id="AsOf2010-10-31_AccumulatedOtherComprehensiveIncomeMember">
      <xbrli:entity>
        <xbrli:identifier scheme="http://www.sec.gov/CIK">0001419560</xbrli:identifier>
        <xbrli:segment>
          <xbrldi:explicitMember dimension="us-gaap:StatementEquityComponentsAxis">us-gaap:AccumulatedOtherComprehensiveIncomeMember</xbrldi:explicitMember>
        </xbrli:segment>
      </xbrli:entity>
      <xbrli:period>
        <xbrli:instant>2010-10-31</xbrli:instant>
      </xbrli:period>
    </xbrli:context>
    <xbrli:context id="AsOf2011-10-31_AccumulatedOtherComprehensiveIncomeMember">
      <xbrli:entity>
        <xbrli:identifier scheme="http://www.sec.gov/CIK">0001419560</xbrli:identifier>
        <xbrli:segment>
          <xbrldi:explicitMember dimension="us-gaap:StatementEquityComponentsAxis">us-gaap:AccumulatedOtherComprehensiveIncomeMember</xbrldi:explicitMember>
        </xbrli:segment>
      </xbrli:entity>
      <xbrli:period>
        <xbrli:instant>2011-10-31</xbrli:instant>
      </xbrli:period>
    </xbrli:context>
    <xbrli:context id="AsOf2007-10-17_RetainedEarningsMember">
      <xbrli:entity>
        <xbrli:identifier scheme="http://www.sec.gov/CIK">0001419560</xbrli:identifier>
        <xbrli:segment>
          <xbrldi:explicitMember dimension="us-gaap:StatementEquityComponentsAxis">us-gaap:RetainedEarningsMember</xbrldi:explicitMember>
        </xbrli:segment>
      </xbrli:entity>
      <xbrli:period>
        <xbrli:instant>2007-10-17</xbrli:instant>
      </xbrli:period>
    </xbrli:context>
    <xbrli:context id="AsOf2007-10-31_RetainedEarningsMember">
      <xbrli:entity>
        <xbrli:identifier scheme="http://www.sec.gov/CIK">0001419560</xbrli:identifier>
        <xbrli:segment>
          <xbrldi:explicitMember dimension="us-gaap:StatementEquityComponentsAxis">us-gaap:RetainedEarningsMember</xbrldi:explicitMember>
        </xbrli:segment>
      </xbrli:entity>
      <xbrli:period>
        <xbrli:instant>2007-10-31</xbrli:instant>
      </xbrli:period>
    </xbrli:context>
    <xbrli:context id="AsOf2008-10-31_RetainedEarningsMember">
      <xbrli:entity>
        <xbrli:identifier scheme="http://www.sec.gov/CIK">0001419560</xbrli:identifier>
        <xbrli:segment>
          <xbrldi:explicitMember dimension="us-gaap:StatementEquityComponentsAxis">us-gaap:RetainedEarningsMember</xbrldi:explicitMember>
        </xbrli:segment>
      </xbrli:entity>
      <xbrli:period>
        <xbrli:instant>2008-10-31</xbrli:instant>
      </xbrli:period>
    </xbrli:context>
    <xbrli:context id="AsOf2009-10-31_RetainedEarningsMember">
      <xbrli:entity>
        <xbrli:identifier scheme="http://www.sec.gov/CIK">0001419560</xbrli:identifier>
        <xbrli:segment>
          <xbrldi:explicitMember dimension="us-gaap:StatementEquityComponentsAxis">us-gaap:RetainedEarningsMember</xbrldi:explicitMember>
        </xbrli:segment>
      </xbrli:entity>
      <xbrli:period>
        <xbrli:instant>2009-10-31</xbrli:instant>
      </xbrli:period>
    </xbrli:context>
    <xbrli:context id="AsOf2010-10-31_RetainedEarningsMember">
      <xbrli:entity>
        <xbrli:identifier scheme="http://www.sec.gov/CIK">0001419560</xbrli:identifier>
        <xbrli:segment>
          <xbrldi:explicitMember dimension="us-gaap:StatementEquityComponentsAxis">us-gaap:RetainedEarningsMember</xbrldi:explicitMember>
        </xbrli:segment>
      </xbrli:entity>
      <xbrli:period>
        <xbrli:instant>2010-10-31</xbrli:instant>
      </xbrli:period>
    </xbrli:context>
    <xbrli:context id="AsOf2011-10-31_RetainedEarningsMember">
      <xbrli:entity>
        <xbrli:identifier scheme="http://www.sec.gov/CIK">0001419560</xbrli:identifier>
        <xbrli:segment>
          <xbrldi:explicitMember dimension="us-gaap:StatementEquityComponentsAxis">us-gaap:RetainedEarningsMember</xbrldi:explicitMember>
        </xbrli:segment>
      </xbrli:entity>
      <xbrli:period>
        <xbrli:instant>2011-10-31</xbrli:instant>
      </xbrli:period>
    </xbrli:context>
    <xbrli:context id="AsOf2007-10-17">
      <xbrli:entity>
        <xbrli:identifier scheme="http://www.sec.gov/CIK">0001419560</xbrli:identifier>
      </xbrli:entity>
      <xbrli:period>
        <xbrli:instant>2007-10-17</xbrli:instant>
      </xbrli:period>
    </xbrli:context>
    <xbrli:context id="AsOf2007-10-31">
      <xbrli:entity>
        <xbrli:identifier scheme="http://www.sec.gov/CIK">0001419560</xbrli:identifier>
      </xbrli:entity>
      <xbrli:period>
        <xbrli:instant>2007-10-31</xbrli:instant>
      </xbrli:period>
    </xbrli:context>
    <xbrli:context id="AsOf2008-10-31">
      <xbrli:entity>
        <xbrli:identifier scheme="http://www.sec.gov/CIK">0001419560</xbrli:identifier>
      </xbrli:entity>
      <xbrli:period>
        <xbrli:instant>2008-10-31</xbrli:instant>
      </xbrli:period>
    </xbrli:context>
    <xbrli:context id="AsOf2009-10-31">
      <xbrli:entity>
        <xbrli:identifier scheme="http://www.sec.gov/CIK">0001419560</xbrli:identifier>
      </xbrli:entity>
      <xbrli:period>
        <xbrli:instant>2009-10-31</xbrli:instant>
      </xbrli:period>
    </xbrli:context>
    <xbrli:context id="AsOf2010-10-31">
      <xbrli:entity>
        <xbrli:identifier scheme="http://www.sec.gov/CIK">0001419560</xbrli:identifier>
      </xbrli:entity>
      <xbrli:period>
        <xbrli:instant>2010-10-31</xbrli:instant>
      </xbrli:period>
    </xbrli:context>
    <xbrli:context id="From2007-10-18to2007-10-31_CommonStockMember">
      <xbrli:entity>
        <xbrli:identifier scheme="http://www.sec.gov/CIK">0001419560</xbrli:identifier>
        <xbrli:segment>
          <xbrldi:explicitMember dimension="us-gaap:StatementEquityComponentsAxis">us-gaap:CommonStockMember</xbrldi:explicitMember>
        </xbrli:segment>
      </xbrli:entity>
      <xbrli:period>
        <xbrli:startDate>2007-10-18</xbrli:startDate>
        <xbrli:endDate>2007-10-31</xbrli:endDate>
      </xbrli:period>
    </xbrli:context>
    <xbrli:context id="From2007-10-18to2007-10-31_AdditionalPaidInCapitalMember">
      <xbrli:entity>
        <xbrli:identifier scheme="http://www.sec.gov/CIK">0001419560</xbrli:identifier>
        <xbrli:segment>
          <xbrldi:explicitMember dimension="us-gaap:StatementEquityComponentsAxis">us-gaap:AdditionalPaidInCapitalMember</xbrldi:explicitMember>
        </xbrli:segment>
      </xbrli:entity>
      <xbrli:period>
        <xbrli:startDate>2007-10-18</xbrli:startDate>
        <xbrli:endDate>2007-10-31</xbrli:endDate>
      </xbrli:period>
    </xbrli:context>
    <xbrli:context id="From2007-10-18to2007-10-31_AccumulatedOtherComprehensiveIncomeMember">
      <xbrli:entity>
        <xbrli:identifier scheme="http://www.sec.gov/CIK">0001419560</xbrli:identifier>
        <xbrli:segment>
          <xbrldi:explicitMember dimension="us-gaap:StatementEquityComponentsAxis">us-gaap:AccumulatedOtherComprehensiveIncomeMember</xbrldi:explicitMember>
        </xbrli:segment>
      </xbrli:entity>
      <xbrli:period>
        <xbrli:startDate>2007-10-18</xbrli:startDate>
        <xbrli:endDate>2007-10-31</xbrli:endDate>
      </xbrli:period>
    </xbrli:context>
    <xbrli:context id="From2007-10-18to2007-10-31_RetainedEarningsMember">
      <xbrli:entity>
        <xbrli:identifier scheme="http://www.sec.gov/CIK">0001419560</xbrli:identifier>
        <xbrli:segment>
          <xbrldi:explicitMember dimension="us-gaap:StatementEquityComponentsAxis">us-gaap:RetainedEarningsMember</xbrldi:explicitMember>
        </xbrli:segment>
      </xbrli:entity>
      <xbrli:period>
        <xbrli:startDate>2007-10-18</xbrli:startDate>
        <xbrli:endDate>2007-10-31</xbrli:endDate>
      </xbrli:period>
    </xbrli:context>
    <xbrli:context id="From2007-10-18to2007-10-31">
      <xbrli:entity>
        <xbrli:identifier scheme="http://www.sec.gov/CIK">0001419560</xbrli:identifier>
      </xbrli:entity>
      <xbrli:period>
        <xbrli:startDate>2007-10-18</xbrli:startDate>
        <xbrli:endDate>2007-10-31</xbrli:endDate>
      </xbrli:period>
    </xbrli:context>
    <xbrli:context id="From2007-11-01to2008-10-31_AccumulatedOtherComprehensiveIncomeMember">
      <xbrli:entity>
        <xbrli:identifier scheme="http://www.sec.gov/CIK">0001419560</xbrli:identifier>
        <xbrli:segment>
          <xbrldi:explicitMember dimension="us-gaap:StatementEquityComponentsAxis">us-gaap:AccumulatedOtherComprehensiveIncomeMember</xbrldi:explicitMember>
        </xbrli:segment>
      </xbrli:entity>
      <xbrli:period>
        <xbrli:startDate>2007-11-01</xbrli:startDate>
        <xbrli:endDate>2008-10-31</xbrli:endDate>
      </xbrli:period>
    </xbrli:context>
    <xbrli:context id="From2007-11-01to2008-10-31_RetainedEarningsMember">
      <xbrli:entity>
        <xbrli:identifier scheme="http://www.sec.gov/CIK">0001419560</xbrli:identifier>
        <xbrli:segment>
          <xbrldi:explicitMember dimension="us-gaap:StatementEquityComponentsAxis">us-gaap:RetainedEarningsMember</xbrldi:explicitMember>
        </xbrli:segment>
      </xbrli:entity>
      <xbrli:period>
        <xbrli:startDate>2007-11-01</xbrli:startDate>
        <xbrli:endDate>2008-10-31</xbrli:endDate>
      </xbrli:period>
    </xbrli:context>
    <xbrli:context id="From2008-11-01to2009-10-31_RetainedEarningsMember">
      <xbrli:entity>
        <xbrli:identifier scheme="http://www.sec.gov/CIK">0001419560</xbrli:identifier>
        <xbrli:segment>
          <xbrldi:explicitMember dimension="us-gaap:StatementEquityComponentsAxis">us-gaap:RetainedEarningsMember</xbrldi:explicitMember>
        </xbrli:segment>
      </xbrli:entity>
      <xbrli:period>
        <xbrli:startDate>2008-11-01</xbrli:startDate>
        <xbrli:endDate>2009-10-31</xbrli:endDate>
      </xbrli:period>
    </xbrli:context>
    <xbrli:context id="From2009-11-01to2010-10-31_RetainedEarningsMember">
      <xbrli:entity>
        <xbrli:identifier scheme="http://www.sec.gov/CIK">0001419560</xbrli:identifier>
        <xbrli:segment>
          <xbrldi:explicitMember dimension="us-gaap:StatementEquityComponentsAxis">us-gaap:RetainedEarningsMember</xbrldi:explicitMember>
        </xbrli:segment>
      </xbrli:entity>
      <xbrli:period>
        <xbrli:startDate>2009-11-01</xbrli:startDate>
        <xbrli:endDate>2010-10-31</xbrli:endDate>
      </xbrli:period>
    </xbrli:context>
    <xbrli:context id="From2010-11-01to2011-10-31_RetainedEarningsMember">
      <xbrli:entity>
        <xbrli:identifier scheme="http://www.sec.gov/CIK">0001419560</xbrli:identifier>
        <xbrli:segment>
          <xbrldi:explicitMember dimension="us-gaap:StatementEquityComponentsAxis">us-gaap:RetainedEarningsMember</xbrldi:explicitMember>
        </xbrli:segment>
      </xbrli:entity>
      <xbrli:period>
        <xbrli:startDate>2010-11-01</xbrli:startDate>
        <xbrli:endDate>2011-10-31</xbrli:endDate>
      </xbrli:period>
    </xbrli:context>
    <xbrli:context id="From2007-11-01to2008-10-31">
      <xbrli:entity>
        <xbrli:identifier scheme="http://www.sec.gov/CIK">0001419560</xbrli:identifier>
      </xbrli:entity>
      <xbrli:period>
        <xbrli:startDate>2007-11-01</xbrli:startDate>
        <xbrli:endDate>2008-10-31</xbrli:endDate>
      </xbrli:period>
    </xbrli:context>
    <xbrli:context id="From2008-11-01to2009-10-31">
      <xbrli:entity>
        <xbrli:identifier scheme="http://www.sec.gov/CIK">0001419560</xbrli:identifier>
      </xbrli:entity>
      <xbrli:period>
        <xbrli:startDate>2008-11-01</xbrli:startDate>
        <xbrli:endDate>2009-10-31</xbrli:endDate>
      </xbrli:period>
    </xbrli:context>
    <xbrli:context id="From2009-11-01to2010-10-31">
      <xbrli:entity>
        <xbrli:identifier scheme="http://www.sec.gov/CIK">0001419560</xbrli:identifier>
      </xbrli:entity>
      <xbrli:period>
        <xbrli:startDate>2009-11-01</xbrli:startDate>
        <xbrli:endDate>2010-10-31</xbrli:endDate>
      </xbrli:period>
    </xbrli:context>
    <xbrli:context id="From2010-11-01to2011-10-31">
      <xbrli:entity>
        <xbrli:identifier scheme="http://www.sec.gov/CIK">0001419560</xbrli:identifier>
      </xbrli:entity>
      <xbrli:period>
        <xbrli:startDate>2010-11-01</xbrli:startDate>
        <xbrli:endDate>2011-10-31</xbrli:endDate>
      </xbrli:period>
    </xbrli:context>
    <xbrli:context id="From2007-10-18to2012-10-31">
      <xbrli:entity>
        <xbrli:identifier scheme="http://www.sec.gov/CIK">0001419560</xbrli:identifier>
      </xbrli:entity>
      <xbrli:period>
        <xbrli:startDate>2007-10-18</xbrli:startDate>
        <xbrli:endDate>2012-10-31</xbrli:endDate>
      </xbrli:period>
    </xbrli:context>
    <xbrli:context id="AsOf2012-10-31_CommonStockMember">
      <xbrli:entity>
        <xbrli:identifier scheme="http://www.sec.gov/CIK">0001419560</xbrli:identifier>
        <xbrli:segment>
          <xbrldi:explicitMember dimension="us-gaap:StatementEquityComponentsAxis">us-gaap:CommonStockMember</xbrldi:explicitMember>
        </xbrli:segment>
      </xbrli:entity>
      <xbrli:period>
        <xbrli:instant>2012-10-31</xbrli:instant>
      </xbrli:period>
    </xbrli:context>
    <xbrli:context id="AsOf2012-10-31_AdditionalPaidInCapitalMember">
      <xbrli:entity>
        <xbrli:identifier scheme="http://www.sec.gov/CIK">0001419560</xbrli:identifier>
        <xbrli:segment>
          <xbrldi:explicitMember dimension="us-gaap:StatementEquityComponentsAxis">us-gaap:AdditionalPaidInCapitalMember</xbrldi:explicitMember>
        </xbrli:segment>
      </xbrli:entity>
      <xbrli:period>
        <xbrli:instant>2012-10-31</xbrli:instant>
      </xbrli:period>
    </xbrli:context>
    <xbrli:context id="AsOf2012-10-31_AccumulatedOtherComprehensiveIncomeMember">
      <xbrli:entity>
        <xbrli:identifier scheme="http://www.sec.gov/CIK">0001419560</xbrli:identifier>
        <xbrli:segment>
          <xbrldi:explicitMember dimension="us-gaap:StatementEquityComponentsAxis">us-gaap:AccumulatedOtherComprehensiveIncomeMember</xbrldi:explicitMember>
        </xbrli:segment>
      </xbrli:entity>
      <xbrli:period>
        <xbrli:instant>2012-10-31</xbrli:instant>
      </xbrli:period>
    </xbrli:context>
    <xbrli:context id="From2011-11-01to2012-10-31_RetainedEarningsMember">
      <xbrli:entity>
        <xbrli:identifier scheme="http://www.sec.gov/CIK">0001419560</xbrli:identifier>
        <xbrli:segment>
          <xbrldi:explicitMember dimension="us-gaap:StatementEquityComponentsAxis">us-gaap:RetainedEarningsMember</xbrldi:explicitMember>
        </xbrli:segment>
      </xbrli:entity>
      <xbrli:period>
        <xbrli:startDate>2011-11-01</xbrli:startDate>
        <xbrli:endDate>2012-10-31</xbrli:endDate>
      </xbrli:period>
    </xbrli:context>
    <xbrli:context id="AsOf2012-10-31_RetainedEarningsMember">
      <xbrli:entity>
        <xbrli:identifier scheme="http://www.sec.gov/CIK">0001419560</xbrli:identifier>
        <xbrli:segment>
          <xbrldi:explicitMember dimension="us-gaap:StatementEquityComponentsAxis">us-gaap:RetainedEarningsMember</xbrldi:explicitMember>
        </xbrli:segment>
      </xbrli:entity>
      <xbrli:period>
        <xbrli:instant>2012-10-31</xbrli:instant>
      </xbrli:period>
    </xbrli:context>
    <xbrli:unit id="USD">
      <xbrli:measure>iso4217:USD</xbrli:measure>
    </xbrli:unit>
    <xbrli:unit id="Shares">
      <xbrli:measure>xbrli:shares</xbrli:measure>
    </xbrli:unit>
    <xbrli:unit id="USDPShares">
      <xbrli:divide>
        <xbrli:unitNumerator>
          <xbrli:measure>iso4217:USD</xbrli:measure>
        </xbrli:unitNumerator>
        <xbrli:unitDenominator>
          <xbrli:measure>xbrli:shares</xbrli:measure>
        </xbrli:unitDenominator>
      </xbrli:divide>
    </xbrli:unit>
    <dei:EntityRegistrantName contextRef="From2011-11-01to2012-10-31">AFH Acquisition VIII, Inc.</dei:EntityRegistrantName>
    <dei:EntityCentralIndexKey contextRef="From2011-11-01to2012-10-31">0001419560</dei:EntityCentralIndexKey>
    <dei:DocumentType contextRef="From2011-11-01to2012-10-31">10-K</dei:DocumentType>
    <dei:DocumentPeriodEndDate contextRef="From2011-11-01to2012-10-31">2012-10-31</dei:DocumentPeriodEndDate>
    <dei:AmendmentFlag contextRef="From2011-11-01to2012-10-31">false</dei:AmendmentFlag>
    <dei:CurrentFiscalYearEndDate contextRef="From2011-11-01to2012-10-31">--10-31</dei:CurrentFiscalYearEndDate>
    <dei:EntityWellKnownSeasonedIssuer contextRef="From2011-11-01to2012-10-31">No</dei:EntityWellKnownSeasonedIssuer>
    <dei:EntityVoluntaryFilers contextRef="From2011-11-01to2012-10-31">No</dei:EntityVoluntaryFilers>
    <dei:EntityCurrentReportingStatus contextRef="From2011-11-01to2012-10-31">Yes</dei:EntityCurrentReportingStatus>
    <dei:EntityFilerCategory contextRef="From2011-11-01to2012-10-31">Smaller Reporting Company</dei:EntityFilerCategory>
    <dei:DocumentFiscalPeriodFocus contextRef="From2011-11-01to2012-10-31">FY</dei:DocumentFiscalPeriodFocus>
    <dei:DocumentFiscalYearFocus contextRef="From2011-11-01to2012-10-31">2012</dei:DocumentFiscalYearFocus>
    <dei:EntityCommonStockSharesOutstanding contextRef="AsOf2013-01-29" unitRef="Shares" decimals="0">5000000</dei:EntityCommonStockSharesOutstanding>
    <us-gaap:Assets contextRef="AsOf2012-10-31" unitRef="USD" decimals="0">0</us-gaap:Assets>
    <us-gaap:Assets contextRef="AsOf2011-10-31" unitRef="USD" decimals="0">0</us-gaap:Assets>
    <us-gaap:AccruedLiabilitiesCurrentAndNoncurrent contextRef="AsOf2012-10-31" unitRef="USD" decimals="0">4494</us-gaap:AccruedLiabilitiesCurrentAndNoncurrent>
    <us-gaap:AccruedLiabilitiesCurrentAndNoncurrent contextRef="AsOf2011-10-31" unitRef="USD" decimals="0">4820</us-gaap:AccruedLiabilitiesCurrentAndNoncurrent>
    <us-gaap:DueToRelatedPartiesCurrentAndNoncurrent contextRef="AsOf2012-10-31" unitRef="USD" decimals="0">26800</us-gaap:DueToRelatedPartiesCurrentAndNoncurrent>
    <us-gaap:DueToRelatedPartiesCurrentAndNoncurrent contextRef="AsOf2011-10-31" unitRef="USD" decimals="0">20843</us-gaap:DueToRelatedPartiesCurrentAndNoncurrent>
    <us-gaap:PreferredStockValue contextRef="AsOf2012-10-31" unitRef="USD" xsi:nil="true" />
    <us-gaap:PreferredStockValue contextRef="AsOf2011-10-31" unitRef="USD" xsi:nil="true" />
    <us-gaap:StockholdersEquity contextRef="AsOf2012-10-31" unitRef="USD" decimals="0">-31294</us-gaap:StockholdersEquity>
    <us-gaap:StockholdersEquity contextRef="AsOf2011-10-31" unitRef="USD" decimals="0">-25663</us-gaap:StockholdersEquity>
    <us-gaap:StockholdersEquity contextRef="AsOf2007-10-17_CommonStockMember" unitRef="USD" xsi:nil="true" />
    <us-gaap:StockholdersEquity contextRef="AsOf2007-10-31_CommonStockMember" unitRef="USD" decimals="0">5000</us-gaap:StockholdersEquity>
    <us-gaap:StockholdersEquity contextRef="AsOf2008-10-31_CommonStockMember" unitRef="USD" decimals="0">5000</us-gaap:StockholdersEquity>
    <us-gaap:StockholdersEquity contextRef="AsOf2009-10-31_CommonStockMember" unitRef="USD" decimals="0">5000</us-gaap:StockholdersEquity>
    <us-gaap:StockholdersEquity contextRef="AsOf2010-10-31_CommonStockMember" unitRef="USD" decimals="0">5000</us-gaap:StockholdersEquity>
    <us-gaap:StockholdersEquity contextRef="AsOf2011-10-31_CommonStockMember" unitRef="USD" decimals="0">5000</us-gaap:StockholdersEquity>
    <us-gaap:StockholdersEquity contextRef="AsOf2007-10-17_AdditionalPaidInCapitalMember" unitRef="USD" xsi:nil="true" />
    <us-gaap:StockholdersEquity contextRef="AsOf2007-10-31_AdditionalPaidInCapitalMember" unitRef="USD" decimals="0">20000</us-gaap:StockholdersEquity>
    <us-gaap:StockholdersEquity contextRef="AsOf2008-10-31_AdditionalPaidInCapitalMember" unitRef="USD" decimals="0">20000</us-gaap:StockholdersEquity>
    <us-gaap:StockholdersEquity contextRef="AsOf2009-10-31_AdditionalPaidInCapitalMember" unitRef="USD" decimals="0">20000</us-gaap:StockholdersEquity>
    <us-gaap:StockholdersEquity contextRef="AsOf2010-10-31_AdditionalPaidInCapitalMember" unitRef="USD" decimals="0">20000</us-gaap:StockholdersEquity>
    <us-gaap:StockholdersEquity contextRef="AsOf2011-10-31_AdditionalPaidInCapitalMember" unitRef="USD" decimals="0">20000</us-gaap:StockholdersEquity>
    <us-gaap:StockholdersEquity contextRef="AsOf2007-10-17_AccumulatedOtherComprehensiveIncomeMember" unitRef="USD" xsi:nil="true" />
    <us-gaap:StockholdersEquity contextRef="AsOf2007-10-31_AccumulatedOtherComprehensiveIncomeMember" unitRef="USD" decimals="0">-12900</us-gaap:StockholdersEquity>
    <us-gaap:StockholdersEquity contextRef="AsOf2008-10-31_AccumulatedOtherComprehensiveIncomeMember" unitRef="USD" xsi:nil="true" />
    <us-gaap:StockholdersEquity contextRef="AsOf2009-10-31_AccumulatedOtherComprehensiveIncomeMember" unitRef="USD" xsi:nil="true" />
    <us-gaap:StockholdersEquity contextRef="AsOf2010-10-31_AccumulatedOtherComprehensiveIncomeMember" unitRef="USD" xsi:nil="true" />
    <us-gaap:StockholdersEquity contextRef="AsOf2011-10-31_AccumulatedOtherComprehensiveIncomeMember" unitRef="USD" xsi:nil="true" />
    <us-gaap:StockholdersEquity contextRef="AsOf2007-10-17_RetainedEarningsMember" unitRef="USD" xsi:nil="true" />
    <us-gaap:StockholdersEquity contextRef="AsOf2007-10-31_RetainedEarningsMember" unitRef="USD" decimals="0">-21823</us-gaap:StockholdersEquity>
    <us-gaap:StockholdersEquity contextRef="AsOf2008-10-31_RetainedEarningsMember" unitRef="USD" decimals="0">-33992</us-gaap:StockholdersEquity>
    <us-gaap:StockholdersEquity contextRef="AsOf2009-10-31_RetainedEarningsMember" unitRef="USD" decimals="0">-42241</us-gaap:StockholdersEquity>
    <us-gaap:StockholdersEquity contextRef="AsOf2010-10-31_RetainedEarningsMember" unitRef="USD" decimals="0">-45843</us-gaap:StockholdersEquity>
    <us-gaap:StockholdersEquity contextRef="AsOf2011-10-31_RetainedEarningsMember" unitRef="USD" decimals="0">-50663</us-gaap:StockholdersEquity>
    <us-gaap:StockholdersEquity contextRef="AsOf2007-10-17" unitRef="USD" xsi:nil="true" />
    <us-gaap:StockholdersEquity contextRef="AsOf2007-10-31" unitRef="USD" decimals="0">-9723</us-gaap:StockholdersEquity>
    <us-gaap:StockholdersEquity contextRef="AsOf2008-10-31" unitRef="USD" decimals="0">-8992</us-gaap:StockholdersEquity>
    <us-gaap:StockholdersEquity contextRef="AsOf2009-10-31" unitRef="USD" decimals="0">-17241</us-gaap:StockholdersEquity>
    <us-gaap:StockholdersEquity contextRef="AsOf2010-10-31" unitRef="USD" decimals="0">-20843</us-gaap:StockholdersEquity>
    <us-gaap:StockholdersEquity contextRef="AsOf2012-10-31_CommonStockMember" unitRef="USD" decimals="0">5000</us-gaap:StockholdersEquity>
    <us-gaap:StockholdersEquity contextRef="AsOf2012-10-31_AdditionalPaidInCapitalMember" unitRef="USD" decimals="0">20000</us-gaap:StockholdersEquity>
    <us-gaap:StockholdersEquity contextRef="AsOf2012-10-31_AccumulatedOtherComprehensiveIncomeMember" unitRef="USD" xsi:nil="true" />
    <us-gaap:StockholdersEquity contextRef="AsOf2012-10-31_RetainedEarningsMember" unitRef="USD" decimals="0">-56294</us-gaap:StockholdersEquity>
    <us-gaap:CommonStockSharesOutstanding contextRef="AsOf2012-10-31" unitRef="Shares" decimals="0">5000000</us-gaap:CommonStockSharesOutstanding>
    <us-gaap:CommonStockSharesOutstanding contextRef="AsOf2011-10-31" unitRef="Shares" decimals="INF">5000000</us-gaap:CommonStockSharesOutstanding>
    <us-gaap:NetIncomeLoss contextRef="From2011-11-01to2012-10-31" unitRef="USD" decimals="0">-5631</us-gaap:NetIncomeLoss>
    <us-gaap:NetIncomeLoss contextRef="From2007-10-18to2007-10-31_RetainedEarningsMember" unitRef="USD" decimals="0">-21823</us-gaap:NetIncomeLoss>
    <us-gaap:NetIncomeLoss contextRef="From2007-10-18to2007-10-31" unitRef="USD" decimals="0">-21823</us-gaap:NetIncomeLoss>
    <us-gaap:NetIncomeLoss contextRef="From2007-11-01to2008-10-31_RetainedEarningsMember" unitRef="USD" decimals="0">-12169</us-gaap:NetIncomeLoss>
    <us-gaap:NetIncomeLoss contextRef="From2008-11-01to2009-10-31_RetainedEarningsMember" unitRef="USD" decimals="0">-8249</us-gaap:NetIncomeLoss>
    <us-gaap:NetIncomeLoss contextRef="From2009-11-01to2010-10-31_RetainedEarningsMember" unitRef="USD" decimals="0">-3602</us-gaap:NetIncomeLoss>
    <us-gaap:NetIncomeLoss contextRef="From2010-11-01to2011-10-31_RetainedEarningsMember" unitRef="USD" decimals="0">-4820</us-gaap:NetIncomeLoss>
    <us-gaap:NetIncomeLoss contextRef="From2007-11-01to2008-10-31" unitRef="USD" decimals="0">-12169</us-gaap:NetIncomeLoss>
    <us-gaap:NetIncomeLoss contextRef="From2008-11-01to2009-10-31" unitRef="USD" decimals="0">-8249</us-gaap:NetIncomeLoss>
    <us-gaap:NetIncomeLoss contextRef="From2009-11-01to2010-10-31" unitRef="USD" decimals="0">-3602</us-gaap:NetIncomeLoss>
    <us-gaap:NetIncomeLoss contextRef="From2010-11-01to2011-10-31" unitRef="USD" decimals="0">-4820</us-gaap:NetIncomeLoss>
    <us-gaap:NetIncomeLoss contextRef="From2007-10-18to2012-10-31" unitRef="USD" decimals="0">-56294</us-gaap:NetIncomeLoss>
    <us-gaap:NetIncomeLoss contextRef="From2011-11-01to2012-10-31_RetainedEarningsMember" unitRef="USD" decimals="0">-5631</us-gaap:NetIncomeLoss>
    <us-gaap:Revenues contextRef="From2011-11-01to2012-10-31" unitRef="USD" xsi:nil="true" />
    <us-gaap:Revenues contextRef="From2010-11-01to2011-10-31" unitRef="USD" xsi:nil="true" />
    <us-gaap:Revenues contextRef="From2007-10-18to2012-10-31" unitRef="USD" xsi:nil="true" />
    <us-gaap:InterestExpense contextRef="From2011-11-01to2012-10-31" unitRef="USD" xsi:nil="true" />
    <us-gaap:InterestExpense contextRef="From2010-11-01to2011-10-31" unitRef="USD" xsi:nil="true" />
    <us-gaap:InterestExpense contextRef="From2007-10-18to2012-10-31" unitRef="USD" decimals="INF">15</us-gaap:InterestExpense>
    <us-gaap:ProfessionalFees contextRef="From2011-11-01to2012-10-31" unitRef="USD" decimals="0">5231</us-gaap:ProfessionalFees>
    <us-gaap:ProfessionalFees contextRef="From2010-11-01to2011-10-31" unitRef="USD" decimals="0">4420</us-gaap:ProfessionalFees>
    <us-gaap:ProfessionalFees contextRef="From2007-10-18to2012-10-31" unitRef="USD" decimals="0">46593</us-gaap:ProfessionalFees>
    <us-gaap:OtherGeneralAndAdministrativeExpense contextRef="From2011-11-01to2012-10-31" unitRef="USD" xsi:nil="true" />
    <us-gaap:OtherGeneralAndAdministrativeExpense contextRef="From2010-11-01to2011-10-31" unitRef="USD" xsi:nil="true" />
    <us-gaap:OtherGeneralAndAdministrativeExpense contextRef="From2007-10-18to2012-10-31" unitRef="USD" decimals="INF">388</us-gaap:OtherGeneralAndAdministrativeExpense>
    <us-gaap:OperatingExpenses contextRef="From2011-11-01to2012-10-31" unitRef="USD" decimals="0">5231</us-gaap:OperatingExpenses>
    <us-gaap:OperatingExpenses contextRef="From2010-11-01to2011-10-31" unitRef="USD" decimals="0">4420</us-gaap:OperatingExpenses>
    <us-gaap:OperatingExpenses contextRef="From2007-10-18to2012-10-31" unitRef="USD" decimals="0">55294</us-gaap:OperatingExpenses>
    <us-gaap:IncomeLossFromContinuingOperationsBeforeIncomeTaxesExtraordinaryItemsNoncontrollingInterest contextRef="From2011-11-01to2012-10-31" unitRef="USD" decimals="0">-5231</us-gaap:IncomeLossFromContinuingOperationsBeforeIncomeTaxesExtraordinaryItemsNoncontrollingInterest>
    <us-gaap:IncomeLossFromContinuingOperationsBeforeIncomeTaxesExtraordinaryItemsNoncontrollingInterest contextRef="From2010-11-01to2011-10-31" unitRef="USD" decimals="0">-4420</us-gaap:IncomeLossFromContinuingOperationsBeforeIncomeTaxesExtraordinaryItemsNoncontrollingInterest>
    <us-gaap:IncomeLossFromContinuingOperationsBeforeIncomeTaxesExtraordinaryItemsNoncontrollingInterest contextRef="From2007-10-18to2012-10-31" unitRef="USD" decimals="0">-55294</us-gaap:IncomeLossFromContinuingOperationsBeforeIncomeTaxesExtraordinaryItemsNoncontrollingInterest>
    <us-gaap:CurrentStateAndLocalTaxExpenseBenefit contextRef="From2011-11-01to2012-10-31" unitRef="USD" decimals="0">400</us-gaap:CurrentStateAndLocalTaxExpenseBenefit>
    <us-gaap:CurrentStateAndLocalTaxExpenseBenefit contextRef="From2010-11-01to2011-10-31" unitRef="USD" decimals="0">400</us-gaap:CurrentStateAndLocalTaxExpenseBenefit>
    <us-gaap:CurrentStateAndLocalTaxExpenseBenefit contextRef="From2007-10-18to2012-10-31" unitRef="USD" decimals="0">1000</us-gaap:CurrentStateAndLocalTaxExpenseBenefit>
    <us-gaap:EarningsPerShareBasicAndDiluted contextRef="From2011-11-01to2012-10-31" unitRef="USDPShares" decimals="INF">-0.00</us-gaap:EarningsPerShareBasicAndDiluted>
    <us-gaap:EarningsPerShareBasicAndDiluted contextRef="From2010-11-01to2011-10-31" unitRef="USDPShares" decimals="INF">-0.00</us-gaap:EarningsPerShareBasicAndDiluted>
    <us-gaap:EarningsPerShareBasicAndDiluted contextRef="From2007-10-18to2012-10-31" unitRef="USDPShares" decimals="INF">-0.01</us-gaap:EarningsPerShareBasicAndDiluted>
    <us-gaap:WeightedAverageNumberOfShareOutstandingBasicAndDiluted contextRef="From2011-11-01to2012-10-31" unitRef="Shares" decimals="INF">5000000</us-gaap:WeightedAverageNumberOfShareOutstandingBasicAndDiluted>
    <us-gaap:WeightedAverageNumberOfShareOutstandingBasicAndDiluted contextRef="From2010-11-01to2011-10-31" unitRef="Shares" decimals="INF">5000000</us-gaap:WeightedAverageNumberOfShareOutstandingBasicAndDiluted>
    <us-gaap:WeightedAverageNumberOfShareOutstandingBasicAndDiluted contextRef="From2007-10-18to2012-10-31" unitRef="Shares" decimals="INF">5000000</us-gaap:WeightedAverageNumberOfShareOutstandingBasicAndDiluted>
    <us-gaap:LeaseAndRentalExpense contextRef="From2011-11-01to2012-10-31" unitRef="USD" xsi:nil="true" />
    <us-gaap:LeaseAndRentalExpense contextRef="From2010-11-01to2011-10-31" unitRef="USD" xsi:nil="true" />
    <us-gaap:LeaseAndRentalExpense contextRef="From2007-10-18to2012-10-31" unitRef="USD" decimals="INF">5600</us-gaap:LeaseAndRentalExpense>
    <us-gaap:IncreaseDecreaseInPrepaidExpense contextRef="From2011-11-01to2012-10-31" unitRef="USD" xsi:nil="true" />
    <us-gaap:IncreaseDecreaseInPrepaidExpense contextRef="From2010-11-01to2011-10-31" unitRef="USD" xsi:nil="true" />
    <us-gaap:IncreaseDecreaseInPrepaidExpense contextRef="From2007-10-18to2012-10-31" unitRef="USD" xsi:nil="true" />
    <us-gaap:NetCashProvidedByUsedInInvestingActivities contextRef="From2011-11-01to2012-10-31" unitRef="USD" xsi:nil="true" />
    <us-gaap:NetCashProvidedByUsedInInvestingActivities contextRef="From2010-11-01to2011-10-31" unitRef="USD" xsi:nil="true" />
    <us-gaap:NetCashProvidedByUsedInInvestingActivities contextRef="From2007-10-18to2012-10-31" unitRef="USD" xsi:nil="true" />
    <us-gaap:CashAndCashEquivalentsPeriodIncreaseDecrease contextRef="From2011-11-01to2012-10-31" unitRef="USD" xsi:nil="true" />
    <us-gaap:CashAndCashEquivalentsPeriodIncreaseDecrease contextRef="From2010-11-01to2011-10-31" unitRef="USD" xsi:nil="true" />
    <us-gaap:CashAndCashEquivalentsPeriodIncreaseDecrease contextRef="From2007-10-18to2012-10-31" unitRef="USD" xsi:nil="true" />
    <us-gaap:CashAndCashEquivalentsAtCarryingValue contextRef="AsOf2012-10-31" unitRef="USD" xsi:nil="true" />
    <us-gaap:CashAndCashEquivalentsAtCarryingValue contextRef="AsOf2011-10-31" unitRef="USD" xsi:nil="true" />
    <us-gaap:InterestPaid contextRef="From2011-11-01to2012-10-31" unitRef="USD" xsi:nil="true" />
    <us-gaap:InterestPaid contextRef="From2010-11-01to2011-10-31" unitRef="USD" xsi:nil="true" />
    <us-gaap:InterestPaid contextRef="From2007-10-18to2012-10-31" unitRef="USD" xsi:nil="true" />
    <us-gaap:SignificantAccountingPoliciesTextBlock contextRef="From2011-11-01to2012-10-31">&lt;p style="margin: 0pt"&gt;&lt;/p&gt;&#13;&#13;&lt;table cellspacing="0" cellpadding="0" style="font: 10pt Times New Roman, Times, Serif; width: 100%; border-collapse: collapse"&gt;&#13;&lt;tr style="vertical-align: top; text-align: left"&gt;&#13;    &lt;td colspan="2" style="line-height: 115%; font-weight: bold"&gt;Note&amp;#160;B&amp;#160;-&lt;/td&gt;&#13;    &lt;td style="line-height: 115%; font-weight: bold; text-align: justify"&gt;Summary of Significant Accounting Policies&lt;/td&gt;&lt;/tr&gt;&#13;&lt;tr style="vertical-align: top"&gt;&#13;    &lt;td colspan="2" style="line-height: 115%; font-weight: bold; text-align: justify"&gt;&amp;#160;&lt;/td&gt;&#13;    &lt;td style="line-height: 115%; font-weight: bold; text-align: justify"&gt;&amp;#160;&lt;/td&gt;&lt;/tr&gt;&#13;&lt;tr style="vertical-align: top"&gt;&#13;    &lt;td colspan="2" style="line-height: 115%; font-weight: bold; text-align: justify"&gt;&amp;#160;&lt;/td&gt;&#13;    &lt;td style="line-height: 115%; font-weight: bold; text-align: justify"&gt;Method of Accounting&lt;/td&gt;&lt;/tr&gt;&#13;&lt;tr style="vertical-align: top"&gt;&#13;    &lt;td colspan="2" style="line-height: 115%; font-weight: bold; text-align: justify"&gt;&amp;#160;&lt;/td&gt;&#13;    &lt;td style="line-height: 115%; font-weight: bold; text-align: justify"&gt;&amp;#160;&lt;/td&gt;&lt;/tr&gt;&#13;&lt;tr style="vertical-align: top"&gt;&#13;    &lt;td colspan="2" style="line-height: 115%; font-weight: bold; text-align: justify"&gt;&amp;#160;&lt;/td&gt;&#13;    &lt;td style="line-height: 115%; text-align: justify"&gt;The Company maintains its books and prepares its financial statements on the accrual basis of accounting.&lt;/td&gt;&lt;/tr&gt;&#13;&lt;tr style="vertical-align: top"&gt;&#13;    &lt;td&gt;&amp;#160;&lt;/td&gt;&#13;    &lt;td style="line-height: 115%; font-weight: bold; text-align: justify"&gt;&amp;#160;&lt;/td&gt;&lt;/tr&gt;&#13;&lt;tr style="vertical-align: top"&gt;&#13;    &lt;td style="line-height: 115%; font-weight: bold; text-align: justify"&gt;&amp;#160;&lt;/td&gt;&#13;    &lt;td style="line-height: 115%; font-weight: bold; text-align: justify"&gt;&amp;#160;&lt;/td&gt;&#13;    &lt;td colspan="2" style="line-height: 115%; font-weight: bold; text-align: justify"&gt;Development Stage&lt;/td&gt;&lt;/tr&gt;&#13;&lt;tr style="vertical-align: top"&gt;&#13;    &lt;td style="line-height: 115%; font-weight: bold; text-align: justify"&gt;&amp;#160;&lt;/td&gt;&#13;    &lt;td style="line-height: 115%; font-weight: bold; text-align: justify"&gt;&amp;#160;&lt;/td&gt;&#13;    &lt;td colspan="2" style="line-height: 115%; font-weight: bold; text-align: justify"&gt;&amp;#160;&lt;/td&gt;&lt;/tr&gt;&#13;&lt;tr style="vertical-align: top"&gt;&#13;    &lt;td style="line-height: 115%; font-weight: bold; text-align: justify"&gt;&amp;#160;&lt;/td&gt;&#13;    &lt;td style="line-height: 115%; font-weight: bold; text-align: justify"&gt;&amp;#160;&lt;/td&gt;&#13;    &lt;td colspan="2" style="line-height: 115%; text-align: justify"&gt;The Company has operated as a development stage enterprise since its inception by devoting substantially all of its efforts to financial planning, raising capital, research and development, and developing markets for its services. The Company prepares its financial statements in accordance with the requirements of FASB ASC 915.&lt;/td&gt;&lt;/tr&gt;&#13;&lt;tr style="vertical-align: top"&gt;&#13;    &lt;td style="line-height: 115%; font-weight: bold; text-align: justify"&gt;&amp;#160;&lt;/td&gt;&#13;    &lt;td style="line-height: 115%; font-weight: bold; text-align: justify"&gt;&amp;#160;&lt;/td&gt;&#13;    &lt;td colspan="2" style="line-height: 115%; font-weight: bold; text-align: justify"&gt;&amp;#160;&lt;/td&gt;&lt;/tr&gt;&#13;&lt;tr style="vertical-align: top"&gt;&#13;    &lt;td style="line-height: 115%; font-weight: bold; text-align: justify"&gt;&amp;#160;&lt;/td&gt;&#13;    &lt;td style="line-height: 115%; font-weight: bold; text-align: justify"&gt;&amp;#160;&lt;/td&gt;&#13;    &lt;td colspan="2" style="line-height: 115%; font-weight: bold; text-align: justify"&gt;Cash and Cash Equivalents&lt;/td&gt;&lt;/tr&gt;&#13;&lt;tr style="vertical-align: top"&gt;&#13;    &lt;td style="line-height: 115%; font-weight: bold; text-align: justify"&gt;&amp;#160;&lt;/td&gt;&#13;    &lt;td style="line-height: 115%; font-weight: bold; text-align: justify"&gt;&amp;#160;&lt;/td&gt;&#13;    &lt;td colspan="2" style="line-height: 115%; font-weight: bold; text-align: justify"&gt;&amp;#160;&lt;/td&gt;&lt;/tr&gt;&#13;&lt;tr style="vertical-align: top"&gt;&#13;    &lt;td style="line-height: 115%; font-weight: bold; text-align: justify"&gt;&amp;#160;&lt;/td&gt;&#13;    &lt;td style="line-height: 115%; font-weight: bold; text-align: justify"&gt;&amp;#160;&lt;/td&gt;&#13;    &lt;td colspan="2" style="line-height: 115%; text-align: justify"&gt;Cash and cash equivalents include time deposits, certificates of deposit, and all highly liquid debt instruments with original maturities of three months or less. The Company maintains cash and cash equivalents at financial institutions, which periodically may exceed federally insured amounts.&lt;/td&gt;&lt;/tr&gt;&#13;&lt;tr style="vertical-align: top"&gt;&#13;    &lt;td style="line-height: 115%; font-weight: bold; text-align: justify"&gt;&amp;#160;&lt;/td&gt;&#13;    &lt;td style="line-height: 115%; font-weight: bold; text-align: justify"&gt;&amp;#160;&lt;/td&gt;&#13;    &lt;td colspan="2" style="line-height: 115%; font-weight: bold; text-align: justify"&gt;&amp;#160;&lt;/td&gt;&lt;/tr&gt;&#13;&lt;tr style="vertical-align: top"&gt;&#13;    &lt;td style="line-height: 115%; font-weight: bold; text-align: justify"&gt;&amp;#160;&lt;/td&gt;&#13;    &lt;td style="line-height: 115%; font-weight: bold; text-align: justify"&gt;&amp;#160;&lt;/td&gt;&#13;    &lt;td colspan="2" style="line-height: 115%; font-weight: bold; text-align: justify"&gt;Loss Per Common Share&lt;/td&gt;&lt;/tr&gt;&#13;&lt;tr style="vertical-align: top"&gt;&#13;    &lt;td style="line-height: 115%; font-weight: bold; text-align: justify"&gt;&amp;#160;&lt;/td&gt;&#13;    &lt;td style="line-height: 115%; font-weight: bold; text-align: justify"&gt;&amp;#160;&lt;/td&gt;&#13;    &lt;td colspan="2" style="line-height: 115%; font-weight: bold; text-align: justify"&gt;&amp;#160;&lt;/td&gt;&lt;/tr&gt;&#13;&lt;tr style="vertical-align: top"&gt;&#13;    &lt;td style="line-height: 115%; font-weight: bold; text-align: justify"&gt;&amp;#160;&lt;/td&gt;&#13;    &lt;td style="line-height: 115%; font-weight: bold; text-align: justify"&gt;&amp;#160;&lt;/td&gt;&#13;    &lt;td colspan="2" style="line-height: 115%; text-align: justify"&gt;Loss per common share is computed in accordance with FASB ASC 260-10, by dividing income (loss) available to common stockholders by weighted average number of common shares outstanding for each period&lt;/td&gt;&lt;/tr&gt;&#13;&lt;tr style="vertical-align: top"&gt;&#13;    &lt;td style="line-height: 115%; font-weight: bold; text-align: justify"&gt;&amp;#160;&lt;/td&gt;&#13;    &lt;td style="line-height: 115%; font-weight: bold; text-align: justify"&gt;&amp;#160;&lt;/td&gt;&#13;    &lt;td colspan="2" style="line-height: 115%; text-align: justify"&gt;&amp;#160;&lt;/td&gt;&lt;/tr&gt;&#13;&lt;tr style="vertical-align: top"&gt;&#13;    &lt;td style="line-height: 115%; font-weight: bold; text-align: justify"&gt;&amp;#160;&lt;/td&gt;&#13;    &lt;td style="line-height: 115%; font-weight: bold; text-align: justify"&gt;&amp;#160;&lt;/td&gt;&#13;    &lt;td colspan="2" style="line-height: 115%; font-weight: bold; text-align: justify"&gt;Use of Estimates&lt;/td&gt;&lt;/tr&gt;&#13;&lt;tr style="vertical-align: top"&gt;&#13;    &lt;td style="line-height: 115%; font-weight: bold; text-align: justify"&gt;&amp;#160;&lt;/td&gt;&#13;    &lt;td style="line-height: 115%; font-weight: bold; text-align: justify"&gt;&amp;#160;&lt;/td&gt;&#13;    &lt;td colspan="2" style="line-height: 115%; text-align: justify"&gt;&amp;#160;&lt;/td&gt;&lt;/tr&gt;&#13;&lt;tr style="vertical-align: top"&gt;&#13;    &lt;td style="line-height: 115%; font-weight: bold; text-align: justify"&gt;&amp;#160;&lt;/td&gt;&#13;    &lt;td style="line-height: 115%; font-weight: bold; text-align: justify"&gt;&amp;#160;&lt;/td&gt;&#13;    &lt;td colspan="2" style="line-height: 115%; text-align: justify"&gt;The preparation of financial statements in conformity with generally accepted accounting principles requires management to make estimates and assumptions that affect the reported amounts of assets and liabilities and disclosure of contingent assets and liabilities at the date of the financial statements and the reported amounts of revenues and expenses during the reporting period. Actual results can differ from those estimates.&lt;/td&gt;&lt;/tr&gt;&#13;&lt;tr style="vertical-align: top"&gt;&#13;    &lt;td style="line-height: 115%; font-weight: bold; text-align: justify"&gt;&amp;#160;&lt;/td&gt;&#13;    &lt;td style="line-height: 115%; font-weight: bold; text-align: justify"&gt;&amp;#160;&lt;/td&gt;&#13;    &lt;td colspan="2" style="line-height: 115%; text-align: justify"&gt;&amp;#160;&lt;/td&gt;&lt;/tr&gt;&#13;&lt;tr style="vertical-align: top"&gt;&#13;    &lt;td style="line-height: 115%; font-weight: bold; text-align: justify"&gt;&amp;#160;&lt;/td&gt;&#13;    &lt;td style="line-height: 115%; font-weight: bold; text-align: justify"&gt;&amp;#160;&lt;/td&gt;&#13;    &lt;td colspan="2" style="line-height: 115%; font-weight: bold; text-align: justify"&gt;Organizational Costs&lt;/td&gt;&lt;/tr&gt;&#13;&lt;tr style="vertical-align: top"&gt;&#13;    &lt;td style="line-height: 115%; font-weight: bold; text-align: justify"&gt;&amp;#160;&lt;/td&gt;&#13;    &lt;td style="line-height: 115%; font-weight: bold; text-align: justify"&gt;&amp;#160;&lt;/td&gt;&#13;    &lt;td colspan="2" style="line-height: 115%; font-weight: bold; text-align: justify"&gt;&amp;#160;&lt;/td&gt;&lt;/tr&gt;&#13;&lt;tr style="vertical-align: top"&gt;&#13;    &lt;td style="line-height: 115%; font-weight: bold; text-align: justify"&gt;&amp;#160;&lt;/td&gt;&#13;    &lt;td style="line-height: 115%; font-weight: bold; text-align: justify"&gt;&amp;#160;&lt;/td&gt;&#13;    &lt;td colspan="2" style="line-height: 115%; text-align: justify"&gt;Organizational costs represent management, consulting, legal, accounting, and filing fees incurred to date in the formation of the company. Organizational costs are expensed as incurred in accordance with FASB ASC 720-15.&lt;/td&gt;&lt;/tr&gt;&#13;&lt;tr style="vertical-align: top"&gt;&#13;    &lt;td style="line-height: 115%; font-weight: bold; text-align: justify"&gt;&amp;#160;&lt;/td&gt;&#13;    &lt;td style="line-height: 115%; font-weight: bold; text-align: justify"&gt;&amp;#160;&lt;/td&gt;&#13;    &lt;td colspan="2" style="line-height: 115%; font-weight: bold; text-align: justify"&gt;&amp;#160;&lt;/td&gt;&lt;/tr&gt;&#13;&lt;tr style="vertical-align: top"&gt;&#13;    &lt;td style="line-height: 115%; font-weight: bold; text-align: justify"&gt;&amp;#160;&lt;/td&gt;&#13;    &lt;td style="line-height: 115%; font-weight: bold; text-align: justify"&gt;&amp;#160;&lt;/td&gt;&#13;    &lt;td colspan="2" style="line-height: 115%; font-weight: bold"&gt;Income Taxes&lt;/td&gt;&lt;/tr&gt;&#13;&lt;tr style="vertical-align: top"&gt;&#13;    &lt;td style="line-height: 115%; font-weight: bold; text-align: justify"&gt;&amp;#160;&lt;/td&gt;&#13;    &lt;td style="line-height: 115%; font-weight: bold; text-align: justify"&gt;&amp;#160;&lt;/td&gt;&#13;    &lt;td colspan="2" style="line-height: 115%; font-weight: bold; text-align: justify"&gt;&amp;#160;&lt;/td&gt;&lt;/tr&gt;&#13;&lt;tr style="vertical-align: top"&gt;&#13;    &lt;td style="line-height: 115%; font-weight: bold; text-align: justify"&gt;&amp;#160;&lt;/td&gt;&#13;    &lt;td style="line-height: 115%; font-weight: bold; text-align: justify"&gt;&amp;#160;&lt;/td&gt;&#13;    &lt;td colspan="2" style="line-height: 115%; text-align: justify"&gt;The Company accounts for income taxes in accordance with FASB ASC 740-10, using the asset and liability approach, which requires recognition of deferred tax liabilities and assets for the expected future tax consequences of temporary differences between the carrying amounts and the tax basis of such assets and liabilities. This method utilizes enacted statutory tax rates in effect for the year in which the temporary differences are expected to reverse and gives immediate effect to changes in income tax rates upon enactment. Deferred tax assets are recognized, net of any valuation allowance, for temporary differences and net operating loss and tax credit carry forwards. Deferred income tax expense represents the change in net deferred assets and liability balances.&lt;/td&gt;&lt;/tr&gt;&#13;&lt;tr style="vertical-align: top"&gt;&#13;    &lt;td colspan="2"&gt;&amp;#160;&lt;/td&gt;&#13;    &lt;/tr&gt;&#13;&lt;tr style="vertical-align: top"&gt;&#13;    &lt;td colspan="2" style="line-height: 115%; font-weight: bold; text-align: justify"&gt;&amp;#160;&lt;/td&gt;&#13;    &lt;td style="line-height: 115%; font-weight: bold"&gt;Financial Instruments&lt;/td&gt;&lt;/tr&gt;&#13;&lt;tr style="vertical-align: top"&gt;&#13;    &lt;td colspan="2" style="line-height: 115%; font-weight: bold; text-align: justify"&gt;&amp;#160;&lt;/td&gt;&#13;    &lt;td style="line-height: 115%; font-weight: bold; text-align: justify"&gt;&amp;#160;&lt;/td&gt;&lt;/tr&gt;&#13;&lt;tr style="vertical-align: top"&gt;&#13;    &lt;td colspan="2" style="line-height: 115%; font-weight: bold; text-align: justify"&gt;&amp;#160;&lt;/td&gt;&#13;    &lt;td style="line-height: 115%; text-align: justify"&gt;The Company&amp;#146;s financial instruments consist of cash and due to parent. Unless otherwise noted, it is management&amp;#146;s opinion that the Company is not exposed to significant interest, currency or credit risks arising from these financial instruments. The fair value of these financial instruments approximates their carrying value, unless otherwise noted.&lt;/td&gt;&lt;/tr&gt;&#13;&lt;tr style="vertical-align: top"&gt;&#13;    &lt;td colspan="2" style="line-height: 115%; font-weight: bold; text-align: justify"&gt;&amp;#160;&lt;/td&gt;&#13;    &lt;td style="line-height: 115%; font-weight: bold; text-align: justify"&gt;&amp;#160;&lt;/td&gt;&lt;/tr&gt;&#13;&lt;tr style="vertical-align: top"&gt;&#13;    &lt;td colspan="2" style="line-height: 115%; font-weight: bold; text-align: justify"&gt;&amp;#160;&lt;/td&gt;&#13;    &lt;td style="line-height: 115%; font-weight: bold; text-align: justify"&gt;Recent Pronouncements&lt;/td&gt;&lt;/tr&gt;&#13;&lt;tr style="vertical-align: top"&gt;&#13;    &lt;td colspan="2" style="line-height: 115%; font-weight: bold; text-align: justify"&gt;&amp;#160;&lt;/td&gt;&#13;    &lt;td style="line-height: 115%; font-weight: bold; text-align: justify"&gt;&amp;#160;&lt;/td&gt;&lt;/tr&gt;&#13;&lt;tr style="vertical-align: top"&gt;&#13;    &lt;td colspan="2" style="line-height: 115%; font-weight: bold; text-align: justify"&gt;&amp;#160;&lt;/td&gt;&#13;    &lt;td style="line-height: 115%; text-align: justify"&gt;The Company does not expect the adoption of recently issued accounting pronouncements to have a significant impact on the Company&amp;#146;s results of operations, financial position, or cash flow.&lt;/td&gt;&lt;/tr&gt;&#13;&lt;/table&gt;&#13;&#13;&#13;&lt;p style="margin: 0pt"&gt;&lt;/p&gt;</us-gaap:SignificantAccountingPoliciesTextBlock>
    <us-gaap:BasisOfAccountingPolicyPolicyTextBlock contextRef="From2011-11-01to2012-10-31">&lt;p style="margin: 0pt"&gt;&lt;/p&gt;&#13;&#13;&lt;table cellspacing="0" cellpadding="0" style="width: 100%; border-collapse: collapse"&gt;&#13;&lt;tr style="vertical-align: top"&gt;&#13;    &lt;td style="font: bold 10pt Times New Roman, Times, Serif; text-align: justify"&gt;&lt;font style="font: 10pt/115% Times New Roman, Times, Serif"&gt;&lt;b&gt;Method of Accounting&lt;/b&gt;&lt;/font&gt;&lt;/td&gt;&lt;/tr&gt;&#13;&lt;tr style="vertical-align: top"&gt;&#13;    &lt;td style="font: bold 10pt Times New Roman, Times, Serif; text-align: justify"&gt;&amp;#160;&lt;/td&gt;&lt;/tr&gt;&#13;&lt;tr style="vertical-align: top"&gt;&#13;    &lt;td style="font: 10pt Times New Roman, Times, Serif; text-align: justify"&gt;&lt;font style="font: 10pt/115% Times New Roman, Times, Serif"&gt;The Company maintains its books and prepares its financial statements on the accrual basis of accounting.&lt;/font&gt;&lt;/td&gt;&lt;/tr&gt;&#13;&lt;/table&gt;&#13;&#13;&#13;&lt;p style="margin: 0pt"&gt;&lt;/p&gt;</us-gaap:BasisOfAccountingPolicyPolicyTextBlock>
    <us-gaap:CashAndCashEquivalentsPolicyTextBlock contextRef="From2011-11-01to2012-10-31">&lt;p style="margin: 0pt"&gt;&lt;/p&gt;&#13;&#13;&lt;table cellspacing="0" cellpadding="0" style="width: 100%; border-collapse: collapse"&gt;&#13;&lt;tr style="vertical-align: top"&gt;&#13;    &lt;td style="font: bold 10pt Times New Roman, Times, Serif; text-align: justify"&gt;&lt;font style="font: 10pt/115% Times New Roman, Times, Serif"&gt;&lt;b&gt;Cash and Cash Equivalents&lt;/b&gt;&lt;/font&gt;&lt;/td&gt;&lt;/tr&gt;&#13;&lt;tr style="vertical-align: top"&gt;&#13;    &lt;td style="font: bold 10pt Times New Roman, Times, Serif; text-align: justify"&gt;&amp;#160;&lt;/td&gt;&lt;/tr&gt;&#13;&lt;tr style="vertical-align: top"&gt;&#13;    &lt;td style="font: 10pt Times New Roman, Times, Serif; text-align: justify"&gt;&lt;font style="font: 10pt/115% Times New Roman, Times, Serif"&gt;Cash and cash equivalents include time deposits, certificates of deposit, and all highly liquid debt instruments with original maturities of three months or less. The Company maintains cash and cash equivalents at financial institutions, which periodically may exceed federally insured amounts.&lt;/font&gt;&lt;/td&gt;&lt;/tr&gt;&#13;&lt;/table&gt;&#13;&#13;&#13;&lt;p style="margin: 0pt"&gt;&lt;/p&gt;</us-gaap:CashAndCashEquivalentsPolicyTextBlock>
    <us-gaap:EarningsPerSharePolicyTextBlock contextRef="From2011-11-01to2012-10-31">&lt;p style="margin: 0pt"&gt;&lt;/p&gt;&#13;&#13;&lt;table cellspacing="0" cellpadding="0" style="width: 100%; border-collapse: collapse"&gt;&#13;&lt;tr style="vertical-align: top"&gt;&#13;    &lt;td style="font: bold 10pt Times New Roman, Times, Serif; text-align: justify"&gt;&lt;font style="font: 10pt/115% Times New Roman, Times, Serif"&gt;&lt;b&gt;Loss Per Common Share&lt;/b&gt;&lt;/font&gt;&lt;/td&gt;&lt;/tr&gt;&#13;&lt;tr style="vertical-align: top"&gt;&#13;    &lt;td style="font: bold 10pt Times New Roman, Times, Serif; text-align: justify"&gt;&amp;#160;&lt;/td&gt;&lt;/tr&gt;&#13;&lt;tr style="vertical-align: top"&gt;&#13;    &lt;td style="font: 10pt Times New Roman, Times, Serif; text-align: justify"&gt;&lt;font style="font: 10pt/115% Times New Roman, Times, Serif"&gt;Loss per common share is computed in accordance with FASB ASC 260-10, by dividing income (loss) available to common stockholders by weighted average number of common shares outstanding for each period&lt;/font&gt;&lt;/td&gt;&lt;/tr&gt;&#13;&lt;/table&gt;&#13;&#13;&#13;&lt;p style="margin: 0pt"&gt;&lt;/p&gt;</us-gaap:EarningsPerSharePolicyTextBlock>
    <us-gaap:UseOfEstimates contextRef="From2011-11-01to2012-10-31">&lt;p style="margin: 0pt"&gt;&lt;/p&gt;&#13;&#13;&lt;table cellspacing="0" cellpadding="0" style="width: 100%; border-collapse: collapse"&gt;&#13;&lt;tr style="vertical-align: top"&gt;&#13;    &lt;td style="font: bold 10pt Times New Roman, Times, Serif; text-align: justify"&gt;&lt;font style="font: 10pt/115% Times New Roman, Times, Serif"&gt;&lt;b&gt;Use of Estimates&lt;/b&gt;&lt;/font&gt;&lt;/td&gt;&lt;/tr&gt;&#13;&lt;tr style="vertical-align: top"&gt;&#13;    &lt;td style="font: 10pt Times New Roman, Times, Serif; text-align: justify"&gt;&amp;#160;&lt;/td&gt;&lt;/tr&gt;&#13;&lt;tr style="vertical-align: top"&gt;&#13;    &lt;td style="font: 10pt Times New Roman, Times, Serif; text-align: justify"&gt;&lt;font style="font: 10pt/115% Times New Roman, Times, Serif"&gt;The preparation of financial statements in conformity with generally accepted accounting principles requires management to make estimates and assumptions that affect the reported amounts of assets and liabilities and disclosure of contingent assets and liabilities at the date of the financial statements and the reported amounts of revenues and expenses during the reporting period. Actual results can differ from those estimates.&lt;/font&gt;&lt;/td&gt;&lt;/tr&gt;&#13;&lt;/table&gt;&#13;&#13;&#13;&lt;p style="margin: 0pt"&gt;&lt;/p&gt;</us-gaap:UseOfEstimates>
    <us-gaap:IncomeTaxPolicyTextBlock contextRef="From2011-11-01to2012-10-31">&lt;p style="margin: 0pt"&gt;&lt;/p&gt;&#13;&#13;&lt;table cellspacing="0" cellpadding="0" style="width: 100%; border-collapse: collapse"&gt;&#13;&lt;tr style="vertical-align: top"&gt;&#13;    &lt;td style="font: bold 10pt Times New Roman, Times, Serif"&gt;&lt;font style="font: 10pt/115% Times New Roman, Times, Serif"&gt;&lt;b&gt;Income Taxes&lt;/b&gt;&lt;/font&gt;&lt;/td&gt;&lt;/tr&gt;&#13;&lt;tr style="vertical-align: top"&gt;&#13;    &lt;td style="font: bold 10pt Times New Roman, Times, Serif; text-align: justify"&gt;&amp;#160;&lt;/td&gt;&lt;/tr&gt;&#13;&lt;tr style="vertical-align: top"&gt;&#13;    &lt;td style="font: 10pt Times New Roman, Times, Serif; text-align: justify"&gt;&lt;font style="font: 10pt/115% Times New Roman, Times, Serif"&gt;The Company accounts for income taxes in accordance with FASB ASC 740-10, using the asset and liability approach, which requires recognition of deferred tax liabilities and assets for the expected future tax consequences of temporary differences between the carrying amounts and the tax basis of such assets and liabilities. This method utilizes enacted statutory tax rates in effect for the year in which the temporary differences are expected to reverse and gives immediate effect to changes in income tax rates upon enactment. Deferred tax assets are recognized, net of any valuation allowance, for temporary differences and net operating loss and tax credit carry forwards. Deferred income tax expense represents the change in net deferred assets and liability balances.&lt;/font&gt;&lt;/td&gt;&lt;/tr&gt;&#13;&lt;/table&gt;&#13;&#13;&#13;&lt;p style="margin: 0pt"&gt;&lt;/p&gt;</us-gaap:IncomeTaxPolicyTextBlock>
    <us-gaap:FairValueOfFinancialInstrumentsPolicy contextRef="From2011-11-01to2012-10-31">&lt;p style="margin: 0pt"&gt;&lt;/p&gt;&#13;&#13;&lt;table cellspacing="0" cellpadding="0" style="width: 100%; border-collapse: collapse"&gt;&#13;&lt;tr style="vertical-align: top"&gt;&#13;    &lt;td style="font: bold 10pt Times New Roman, Times, Serif"&gt;&lt;font style="font: 10pt/115% Times New Roman, Times, Serif"&gt;&lt;b&gt;Financial Instruments&lt;/b&gt;&lt;/font&gt;&lt;/td&gt;&lt;/tr&gt;&#13;&lt;tr style="vertical-align: top"&gt;&#13;    &lt;td style="font: bold 10pt Times New Roman, Times, Serif; text-align: justify"&gt;&amp;#160;&lt;/td&gt;&lt;/tr&gt;&#13;&lt;tr style="vertical-align: top"&gt;&#13;    &lt;td style="font: 10pt Times New Roman, Times, Serif; text-align: justify"&gt;&lt;font style="font: 10pt/115% Times New Roman, Times, Serif"&gt;The Company&amp;#146;s financial instruments consist of cash and due to parent. Unless otherwise noted, it is management&amp;#146;s opinion that the Company is not exposed to significant interest, currency or credit risks arising from these financial instruments. The fair value of these financial instruments approximates their carrying value, unless otherwise noted.&lt;/font&gt;&lt;/td&gt;&lt;/tr&gt;&#13;&lt;/table&gt;&#13;&#13;&#13;&lt;p style="margin: 0pt"&gt;&lt;/p&gt;</us-gaap:FairValueOfFinancialInstrumentsPolicy>
    <us-gaap:NewAccountingPronouncementsPolicyPolicyTextBlock contextRef="From2011-11-01to2012-10-31">&lt;p style="margin: 0pt"&gt;&lt;/p&gt;&#13;&#13;&lt;table cellspacing="0" cellpadding="0" style="width: 100%; border-collapse: collapse"&gt;&#13;&lt;tr style="vertical-align: top"&gt;&#13;    &lt;td style="font: bold 10pt Times New Roman, Times, Serif; text-align: justify"&gt;&lt;font style="font: 10pt/115% Times New Roman, Times, Serif"&gt;&lt;b&gt;Recent Pronouncements&lt;/b&gt;&lt;/font&gt;&lt;/td&gt;&lt;/tr&gt;&#13;&lt;tr style="vertical-align: top"&gt;&#13;    &lt;td style="font: bold 10pt Times New Roman, Times, Serif; text-align: justify"&gt;&amp;#160;&lt;/td&gt;&lt;/tr&gt;&#13;&lt;tr style="vertical-align: top"&gt;&#13;    &lt;td style="font: 10pt Times New Roman, Times, Serif; text-align: justify"&gt;&lt;font style="font: 10pt/115% Times New Roman, Times, Serif"&gt;The Company does not expect the adoption of recently issued accounting pronouncements to have a significant impact on the Company&amp;#146;s results of operations, financial position, or cash flow.&lt;/font&gt;&lt;/td&gt;&lt;/tr&gt;&#13;&lt;/table&gt;&#13;&#13;&#13;&lt;p style="margin: 0pt"&gt;&lt;/p&gt;</us-gaap:NewAccountingPronouncementsPolicyPolicyTextBlock>
    <us-gaap:PreferredStockParOrStatedValuePerShare contextRef="AsOf2012-10-31" unitRef="USDPShares" decimals="INF">0.001</us-gaap:PreferredStockParOrStatedValuePerShare>
    <us-gaap:PreferredStockParOrStatedValuePerShare contextRef="AsOf2011-10-31" unitRef="USDPShares" decimals="INF">0.001</us-gaap:PreferredStockParOrStatedValuePerShare>
    <us-gaap:PreferredStockSharesAuthorized contextRef="AsOf2012-10-31" unitRef="Shares" decimals="0">20000000</us-gaap:PreferredStockSharesAuthorized>
    <us-gaap:PreferredStockSharesAuthorized contextRef="AsOf2011-10-31" unitRef="Shares" decimals="0">20000000</us-gaap:PreferredStockSharesAuthorized>
    <us-gaap:PreferredStockSharesIssued contextRef="AsOf2012-10-31" unitRef="Shares" decimals="0">0</us-gaap:PreferredStockSharesIssued>
    <us-gaap:PreferredStockSharesIssued contextRef="AsOf2011-10-31" unitRef="Shares" decimals="0">0</us-gaap:PreferredStockSharesIssued>
    <us-gaap:PreferredStockSharesOutstanding contextRef="AsOf2012-10-31" unitRef="Shares" decimals="0">0</us-gaap:PreferredStockSharesOutstanding>
    <us-gaap:PreferredStockSharesOutstanding contextRef="AsOf2011-10-31" unitRef="Shares" decimals="0">0</us-gaap:PreferredStockSharesOutstanding>
    <us-gaap:CommonStockParOrStatedValuePerShare contextRef="AsOf2012-10-31" unitRef="USDPShares" decimals="INF">0.001</us-gaap:CommonStockParOrStatedValuePerShare>
    <us-gaap:CommonStockParOrStatedValuePerShare contextRef="AsOf2011-10-31" unitRef="USDPShares" decimals="INF">0.001</us-gaap:CommonStockParOrStatedValuePerShare>
    <us-gaap:CommonStockSharesAuthorized contextRef="AsOf2012-10-31" unitRef="Shares" decimals="0">100000000</us-gaap:CommonStockSharesAuthorized>
    <us-gaap:CommonStockSharesAuthorized contextRef="AsOf2011-10-31" unitRef="Shares" decimals="0">100000000</us-gaap:CommonStockSharesAuthorized>
    <us-gaap:CommonStockSharesIssued contextRef="AsOf2012-10-31" unitRef="Shares" decimals="0">5000000</us-gaap:CommonStockSharesIssued>
    <us-gaap:CommonStockSharesIssued contextRef="AsOf2011-10-31" unitRef="Shares" decimals="0">5000000</us-gaap:CommonStockSharesIssued>
    <dei:EntityPublicFloat contextRef="AsOf2012-10-31" unitRef="USD" decimals="0">0</dei:EntityPublicFloat>
    <us-gaap:Liabilities contextRef="AsOf2012-10-31" unitRef="USD" decimals="0">31294</us-gaap:Liabilities>
    <us-gaap:Liabilities contextRef="AsOf2011-10-31" unitRef="USD" decimals="0">25663</us-gaap:Liabilities>
    <us-gaap:LiabilitiesAndStockholdersEquity contextRef="AsOf2012-10-31" unitRef="USD" decimals="0">0</us-gaap:LiabilitiesAndStockholdersEquity>
    <us-gaap:LiabilitiesAndStockholdersEquity contextRef="AsOf2011-10-31" unitRef="USD" decimals="0">0</us-gaap:LiabilitiesAndStockholdersEquity>
    <us-gaap:RetainedEarningsAccumulatedDeficit contextRef="AsOf2012-10-31" unitRef="USD" decimals="0">56294</us-gaap:RetainedEarningsAccumulatedDeficit>
    <us-gaap:AdditionalPaidInCapital contextRef="AsOf2012-10-31" unitRef="USD" decimals="0">20000</us-gaap:AdditionalPaidInCapital>
    <us-gaap:AdditionalPaidInCapital contextRef="AsOf2011-10-31" unitRef="USD" decimals="0">20000</us-gaap:AdditionalPaidInCapital>
    <us-gaap:CommonStockValue contextRef="AsOf2012-10-31" unitRef="USD" decimals="0">5000</us-gaap:CommonStockValue>
    <us-gaap:CommonStockValue contextRef="AsOf2011-10-31" unitRef="USD" decimals="0">5000</us-gaap:CommonStockValue>
    <us-gaap:IncreaseDecreaseInAccruedLiabilities contextRef="From2011-11-01to2012-10-31" unitRef="USD" decimals="0">-326</us-gaap:IncreaseDecreaseInAccruedLiabilities>
    <us-gaap:IncreaseDecreaseInAccruedLiabilities contextRef="From2010-11-01to2011-10-31" unitRef="USD" decimals="0">1198</us-gaap:IncreaseDecreaseInAccruedLiabilities>
    <us-gaap:IncreaseDecreaseInAccruedLiabilities contextRef="From2007-10-18to2012-10-31" unitRef="USD" decimals="0">4494</us-gaap:IncreaseDecreaseInAccruedLiabilities>
    <us-gaap:NetCashProvidedByUsedInOperatingActivities contextRef="From2011-11-01to2012-10-31" unitRef="USD" decimals="0">-5957</us-gaap:NetCashProvidedByUsedInOperatingActivities>
    <us-gaap:NetCashProvidedByUsedInOperatingActivities contextRef="From2010-11-01to2011-10-31" unitRef="USD" decimals="0">-3622</us-gaap:NetCashProvidedByUsedInOperatingActivities>
    <us-gaap:NetCashProvidedByUsedInOperatingActivities contextRef="From2007-10-18to2012-10-31" unitRef="USD" decimals="0">-51800</us-gaap:NetCashProvidedByUsedInOperatingActivities>
    <us-gaap:NetCashProvidedByUsedInFinancingActivities contextRef="From2011-11-01to2012-10-31" unitRef="USD" decimals="0">5957</us-gaap:NetCashProvidedByUsedInFinancingActivities>
    <us-gaap:NetCashProvidedByUsedInFinancingActivities contextRef="From2010-11-01to2011-10-31" unitRef="USD" decimals="0">3622</us-gaap:NetCashProvidedByUsedInFinancingActivities>
    <us-gaap:NetCashProvidedByUsedInFinancingActivities contextRef="From2007-10-18to2012-10-31" unitRef="USD" decimals="0">51800</us-gaap:NetCashProvidedByUsedInFinancingActivities>
    <us-gaap:StockIssuedDuringPeriodValueNewIssues contextRef="From2007-10-18to2007-10-31_CommonStockMember" unitRef="USD" decimals="0">5000</us-gaap:StockIssuedDuringPeriodValueNewIssues>
    <us-gaap:StockIssuedDuringPeriodValueNewIssues contextRef="From2007-10-18to2007-10-31_AdditionalPaidInCapitalMember" unitRef="USD" decimals="0">20000</us-gaap:StockIssuedDuringPeriodValueNewIssues>
    <us-gaap:StockIssuedDuringPeriodValueNewIssues contextRef="From2007-10-18to2007-10-31_AccumulatedOtherComprehensiveIncomeMember" unitRef="USD" decimals="0">-12900</us-gaap:StockIssuedDuringPeriodValueNewIssues>
    <us-gaap:StockIssuedDuringPeriodValueNewIssues contextRef="From2007-10-18to2007-10-31" unitRef="USD" decimals="0">12100</us-gaap:StockIssuedDuringPeriodValueNewIssues>
    <us-gaap:StockIssuedDuringPeriodSharesNewIssues contextRef="From2007-10-18to2007-10-31_CommonStockMember" unitRef="Shares" decimals="INF">5000000</us-gaap:StockIssuedDuringPeriodSharesNewIssues>
    <us-gaap:StockholdersEquityNoteDisclosureTextBlock contextRef="From2011-11-01to2012-10-31">&lt;p style="margin: 0pt"&gt;&lt;/p&gt;&#13;&#13;&lt;table cellspacing="0" cellpadding="0" style="font: 10pt Times New Roman, Times, Serif; width: 100%; border-collapse: collapse"&gt;&#13;&lt;tr style="vertical-align: top"&gt;&#13;    &lt;td style="line-height: 115%; font-weight: bold"&gt;Note&amp;#160;C&amp;#160;-&lt;/td&gt;&#13;    &lt;td style="line-height: 115%; font-weight: bold; text-align: justify"&gt;Equity Securities&lt;/td&gt;&lt;/tr&gt;&#13;&lt;tr style="vertical-align: top"&gt;&#13;    &lt;td style="line-height: 115%; font-weight: bold; text-align: justify"&gt;&amp;#160;&lt;/td&gt;&#13;    &lt;td style="line-height: 115%; font-weight: bold; text-align: justify"&gt;&amp;#160;&lt;/td&gt;&lt;/tr&gt;&#13;&lt;tr style="vertical-align: top"&gt;&#13;    &lt;td style="line-height: 115%; font-weight: bold; text-align: justify"&gt;&amp;#160;&lt;/td&gt;&#13;    &lt;td style="line-height: 115%; text-align: justify"&gt;Holders of shares of common stock shall be entitled to cast one vote for each common share held at all stockholder&amp;#146;s meetings for all purposes, including the election of directors. The common stock does not have cumulative voting rights.&lt;/td&gt;&lt;/tr&gt;&#13;&lt;tr style="vertical-align: top"&gt;&#13;    &lt;td style="line-height: 115%; font-weight: bold; text-align: justify"&gt;&amp;#160;&lt;/td&gt;&#13;    &lt;td style="line-height: 115%; text-align: justify"&gt;&amp;#160;&lt;/td&gt;&lt;/tr&gt;&#13;&lt;tr style="vertical-align: top"&gt;&#13;    &lt;td style="line-height: 115%; font-weight: bold; text-align: justify"&gt;&amp;#160;&lt;/td&gt;&#13;    &lt;td style="line-height: 115%; text-align: justify"&gt;The preferred stock of the Company shall be issued by the Board of Directors of the Company in one or more classes or one or more series within any class and such classes or series shall have such voting powers, full or limited, or no voting powers, and such designations, preferences, limitations or restrictions as the Board of Directors of the Company may determine, from time to time.&lt;/td&gt;&lt;/tr&gt;&#13;&lt;tr style="vertical-align: top"&gt;&#13;    &lt;td style="line-height: 115%; font-weight: bold; text-align: justify"&gt;&amp;#160;&lt;/td&gt;&#13;    &lt;td style="line-height: 115%; text-align: justify"&gt;&amp;#160;&lt;/td&gt;&lt;/tr&gt;&#13;&lt;tr style="vertical-align: top"&gt;&#13;    &lt;td style="line-height: 115%; font-weight: bold; text-align: justify"&gt;&amp;#160;&lt;/td&gt;&#13;    &lt;td style="line-height: 115%; text-align: justify"&gt;No holder of shares of stock of any class shall be entitled as a matter of right to subscribe for or purchase or receive any part of any new or additional issue of shares of stock of any class, or of securities convertible into shares of stock or any class, whether now hereafter authorized or whether issued for money, for consideration other than money, or by way of dividend.&lt;/td&gt;&lt;/tr&gt;&#13;&lt;/table&gt;&#13;&#13;&#13;&lt;p style="margin: 0pt"&gt;&lt;/p&gt;</us-gaap:StockholdersEquityNoteDisclosureTextBlock>
    <AFHACQVIII:GoingConcernDisclosureTextBlock contextRef="From2011-11-01to2012-10-31">&lt;p style="margin: 0pt"&gt;&lt;/p&gt;&#13;&#13;&lt;table cellspacing="0" cellpadding="0" style="font: 10pt Times New Roman, Times, Serif; width: 100%; border-collapse: collapse"&gt;&#13;&lt;tr style="vertical-align: top"&gt;&#13;    &lt;td style="line-height: 115%; font-weight: bold"&gt;Note&amp;#160;D&amp;#160;-&lt;/td&gt;&#13;    &lt;td style="line-height: 115%; font-weight: bold; text-align: justify"&gt;Going Concern&lt;/td&gt;&lt;/tr&gt;&#13;&lt;tr style="vertical-align: top"&gt;&#13;    &lt;td style="line-height: 115%; font-weight: bold; text-align: justify"&gt;&amp;#160;&lt;/td&gt;&#13;    &lt;td style="line-height: 115%; font-weight: bold; text-align: justify"&gt;&amp;#160;&lt;/td&gt;&lt;/tr&gt;&#13;&lt;tr style="vertical-align: top"&gt;&#13;    &lt;td style="line-height: 115%; font-weight: bold; text-align: justify"&gt;&amp;#160;&lt;/td&gt;&#13;    &lt;td style="line-height: 115%; text-align: justify"&gt;The Company&amp;#146;s financial statements have been presented on the basis that it is a going concern, which contemplates the realization of assets and the satisfaction of liabilities in the normal course of business. The Company has reported recurring losses from operations. As a result, there is an accumulated deficit of $56,294 at October 31, 2012.&lt;/td&gt;&lt;/tr&gt;&#13;&lt;tr style="vertical-align: top"&gt;&#13;    &lt;td style="line-height: 115%; font-weight: bold; text-align: justify"&gt;&amp;#160;&lt;/td&gt;&#13;    &lt;td style="line-height: 115%; font-weight: bold; text-align: justify"&gt;&amp;#160;&lt;/td&gt;&lt;/tr&gt;&#13;&lt;tr style="vertical-align: top"&gt;&#13;    &lt;td style="line-height: 115%; font-weight: bold; text-align: justify"&gt;&amp;#160;&lt;/td&gt;&#13;    &lt;td style="line-height: 115%; text-align: justify"&gt;The Company&amp;#146;s continued existence is dependent upon its ability to raise capital or acquire a marketable company. The financial statements do not include any adjustments that might be necessary should the Company be unable to continue as a going concern.&lt;/td&gt;&lt;/tr&gt;&#13;&lt;/table&gt;&#13;&#13;&#13;&lt;p style="margin: 0pt"&gt;&lt;/p&gt;</AFHACQVIII:GoingConcernDisclosureTextBlock>
    <us-gaap:RelatedPartyTransactionsDisclosureTextBlock contextRef="From2011-11-01to2012-10-31">&lt;p style="margin: 0pt"&gt;&lt;/p&gt;&#13;&#13;&lt;table cellspacing="0" cellpadding="0" style="font: 10pt Times New Roman, Times, Serif; width: 100%; border-collapse: collapse"&gt;&#13;&lt;tr style="vertical-align: top"&gt;&#13;    &lt;td style="line-height: 115%; font-weight: bold"&gt;Note&amp;#160;E&amp;#160;-&lt;/td&gt;&#13;    &lt;td style="line-height: 115%; font-weight: bold; text-align: justify"&gt;Due to Parent&lt;/td&gt;&lt;/tr&gt;&#13;&lt;tr style="vertical-align: top"&gt;&#13;    &lt;td style="line-height: 115%; font-weight: bold; text-align: justify"&gt;&amp;#160;&lt;/td&gt;&#13;    &lt;td style="line-height: 115%; font-weight: bold; text-align: justify"&gt;&amp;#160;&lt;/td&gt;&lt;/tr&gt;&#13;&lt;tr style="vertical-align: top"&gt;&#13;    &lt;td style="line-height: 115%; font-weight: bold; text-align: justify"&gt;&amp;#160;&lt;/td&gt;&#13;    &lt;td style="line-height: 115%; text-align: justify"&gt;Due to parent represents cash advances from AFH Holding &amp;#38; Advisory LLC. AFH Holding &amp;#38; Advisory LLC is the sole shareholder of the Company. There are no repayment terms.&lt;/td&gt;&lt;/tr&gt;&#13;&lt;/table&gt;&#13;&#13;&#13;&lt;p style="margin: 0pt"&gt;&lt;/p&gt;</us-gaap:RelatedPartyTransactionsDisclosureTextBlock>
    <AFHACQVIII:DevelopmentStagePolicyPolicyTextBlock contextRef="From2011-11-01to2012-10-31">&lt;p style="margin: 0pt"&gt;&lt;/p&gt;&#13;&#13;&lt;table cellspacing="0" cellpadding="0" style="width: 100%; border-collapse: collapse"&gt;&#13;&lt;tr style="vertical-align: top"&gt;&#13;    &lt;td style="font: bold 10pt Times New Roman, Times, Serif; text-align: justify"&gt;&lt;font style="font: 10pt/115% Times New Roman, Times, Serif"&gt;&lt;b&gt;Development Stage&lt;/b&gt;&lt;/font&gt;&lt;/td&gt;&lt;/tr&gt;&#13;&lt;tr style="vertical-align: top"&gt;&#13;    &lt;td style="font: bold 10pt Times New Roman, Times, Serif; text-align: justify"&gt;&amp;#160;&lt;/td&gt;&lt;/tr&gt;&#13;&lt;tr style="vertical-align: top"&gt;&#13;    &lt;td style="font: 10pt Times New Roman, Times, Serif; text-align: justify"&gt;&lt;font style="font: 10pt/115% Times New Roman, Times, Serif"&gt;The Company has operated as a development stage enterprise since its inception by devoting substantially all of its efforts to financial planning, raising capital, research and development, and developing markets for its services. The Company prepares its financial statements in accordance with the requirements of FASB ASC 915.&lt;/font&gt;&lt;/td&gt;&lt;/tr&gt;&#13;&lt;/table&gt;&#13;&#13;&#13;&lt;p style="margin: 0pt"&gt;&lt;/p&gt;</AFHACQVIII:DevelopmentStagePolicyPolicyTextBlock>
    <AFHACQVIII:ConsultingExpenses contextRef="From2011-11-01to2012-10-31" unitRef="USD" xsi:nil="true" />
    <AFHACQVIII:ConsultingExpenses contextRef="From2010-11-01to2011-10-31" unitRef="USD" xsi:nil="true" />
    <AFHACQVIII:ConsultingExpenses contextRef="From2007-10-18to2012-10-31" unitRef="USD" decimals="0">1696</AFHACQVIII:ConsultingExpenses>
    <AFHACQVIII:OrganizationalCosts contextRef="From2011-11-01to2012-10-31" unitRef="USD" xsi:nil="true" />
    <AFHACQVIII:OrganizationalCosts contextRef="From2010-11-01to2011-10-31" unitRef="USD" xsi:nil="true" />
    <AFHACQVIII:OrganizationalCosts contextRef="From2007-10-18to2012-10-31" unitRef="USD" decimals="0">1002</AFHACQVIII:OrganizationalCosts>
    <us-gaap:ProceedsFromStockPlans contextRef="From2007-11-01to2008-10-31_AccumulatedOtherComprehensiveIncomeMember" unitRef="USD" decimals="0">12900</us-gaap:ProceedsFromStockPlans>
    <us-gaap:ProceedsFromStockPlans contextRef="From2007-11-01to2008-10-31" unitRef="USD" decimals="0">12900</us-gaap:ProceedsFromStockPlans>
    <us-gaap:ProceedsFromStockPlans contextRef="From2007-10-18to2012-10-31" unitRef="USD" decimals="0">12900</us-gaap:ProceedsFromStockPlans>
    <us-gaap:RepaymentsOfRelatedPartyDebt contextRef="From2011-11-01to2012-10-31" unitRef="USD" decimals="0">-5957</us-gaap:RepaymentsOfRelatedPartyDebt>
    <us-gaap:RepaymentsOfRelatedPartyDebt contextRef="From2010-11-01to2011-10-31" unitRef="USD" decimals="0">-3622</us-gaap:RepaymentsOfRelatedPartyDebt>
    <us-gaap:RepaymentsOfRelatedPartyDebt contextRef="From2007-10-18to2012-10-31" unitRef="USD" decimals="0">-26800</us-gaap:RepaymentsOfRelatedPartyDebt>
    <AFHACQVIII:CompanyDisclosureTextBlock contextRef="From2011-11-01to2012-10-31">&lt;p style="margin: 0pt"&gt;&lt;/p&gt;&#13;&#13;&lt;table cellspacing="0" cellpadding="0" style="font: 10pt Times New Roman, Times, Serif; width: 100%; border-collapse: collapse"&gt;&#13;&lt;tr style="vertical-align: top"&gt;&#13;    &lt;td style="line-height: 115%; font-weight: bold"&gt;Note&amp;#160;A&amp;#160;-&lt;/td&gt;&#13;    &lt;td style="line-height: 115%; font-weight: bold; text-align: justify"&gt;The Company&lt;/td&gt;&lt;/tr&gt;&#13;&lt;tr style="vertical-align: top"&gt;&#13;    &lt;td style="line-height: 115%; font-weight: bold; text-align: justify"&gt;&amp;#160;&lt;/td&gt;&#13;    &lt;td style="line-height: 115%; font-weight: bold; text-align: justify"&gt;&amp;#160;&lt;/td&gt;&lt;/tr&gt;&#13;&lt;tr style="vertical-align: top"&gt;&#13;    &lt;td style="line-height: 115%; font-weight: bold; text-align: justify"&gt;&amp;#160;&lt;/td&gt;&#13;    &lt;td style="line-height: 115%; text-align: justify"&gt;AFH Acquisition VIII, Inc., a development stage company (the &amp;#147;Company&amp;#148;), was incorporated under the laws of the State of Delaware on October 18, 2007. The Company is 100% owned by AFH Holding &amp;#38; Advisory, LLC (the &amp;#147;Parent&amp;#148;). The financial statements presented represent only those transactions of AFH Acquisition VIII, Inc. The Company is looking to acquire an existing company or acquire the technology to begin operations.&lt;/td&gt;&lt;/tr&gt;&#13;&lt;tr style="vertical-align: top"&gt;&#13;    &lt;td style="line-height: 115%; font-weight: bold; text-align: justify"&gt;&amp;#160;&lt;/td&gt;&#13;    &lt;td style="line-height: 115%; font-weight: bold; text-align: justify"&gt;&amp;#160;&lt;/td&gt;&lt;/tr&gt;&#13;&lt;tr style="vertical-align: top"&gt;&#13;    &lt;td style="line-height: 115%; font-weight: bold; text-align: justify"&gt;&amp;#160;&lt;/td&gt;&#13;    &lt;td style="line-height: 115%; text-align: justify"&gt;As a blank check company, the Company&amp;#146;s business is to pursue a business combination through acquisition, or merger with, an existing company. As of the date of the financial statements, the Company is not conducting negotiations with any target business. No assurances can be given that the Company will be successful in locating or negotiating with any target company.&lt;/td&gt;&lt;/tr&gt;&#13;&lt;tr style="vertical-align: top"&gt;&#13;    &lt;td style="line-height: 115%; font-weight: bold; text-align: justify"&gt;&amp;#160;&lt;/td&gt;&#13;    &lt;td style="line-height: 115%; font-weight: bold; text-align: justify"&gt;&amp;#160;&lt;/td&gt;&lt;/tr&gt;&#13;&lt;tr style="vertical-align: top"&gt;&#13;    &lt;td style="line-height: 115%; font-weight: bold; text-align: justify"&gt;&amp;#160;&lt;/td&gt;&#13;    &lt;td style="line-height: 115%; text-align: justify"&gt;Since inception, the Company has been engaged in organizational efforts.&lt;/td&gt;&lt;/tr&gt;&#13;&lt;/table&gt;&#13;&#13;&#13;&lt;p style="margin: 0pt"&gt;&lt;/p&gt;</AFHACQVIII:CompanyDisclosureTextBlock>
    <AFHACQVIII:OrganizationalCostsPolicyPolicyTextBlock contextRef="From2011-11-01to2012-10-31">&lt;p style="margin: 0pt"&gt;&lt;/p&gt;&#13;&#13;&lt;table cellspacing="0" cellpadding="0" style="width: 100%; border-collapse: collapse"&gt;&#13;&lt;tr style="vertical-align: top"&gt;&#13;    &lt;td style="font: bold 10pt Times New Roman, Times, Serif; text-align: justify"&gt;&lt;font style="font: 10pt/115% Times New Roman, Times, Serif"&gt;&lt;b&gt;Organizational Costs&lt;/b&gt;&lt;/font&gt;&lt;/td&gt;&lt;/tr&gt;&#13;&lt;tr style="vertical-align: top"&gt;&#13;    &lt;td style="font: bold 10pt Times New Roman, Times, Serif; text-align: justify"&gt;&amp;#160;&lt;/td&gt;&lt;/tr&gt;&#13;&lt;tr style="vertical-align: top"&gt;&#13;    &lt;td style="font: 10pt Times New Roman, Times, Serif; text-align: justify"&gt;&lt;font style="font: 10pt/115% Times New Roman, Times, Serif"&gt;Organizational costs represent management, consulting, legal, accounting, and filing fees incurred to date in the formation of the company. Organizational costs are expensed as incurred in accordance with FASB ASC 720-15.&lt;/font&gt;&lt;/td&gt;&lt;/tr&gt;&#13;&lt;/table&gt;&#13;&#13;&#13;&lt;p style="margin: 0pt"&gt;&lt;/p&gt;</AFHACQVIII:OrganizationalCostsPolicyPolicyTextBlock>
    <us-gaap:SharesOutstanding contextRef="AsOf2007-10-17_CommonStockMember" unitRef="Shares" xsi:nil="true" />
    <us-gaap:SharesOutstanding contextRef="AsOf2007-10-31_CommonStockMember" unitRef="Shares" decimals="INF">5000000</us-gaap:SharesOutstanding>
    <us-gaap:SharesOutstanding contextRef="AsOf2008-10-31_CommonStockMember" unitRef="Shares" decimals="INF">5000000</us-gaap:SharesOutstanding>
    <us-gaap:SharesOutstanding contextRef="AsOf2009-10-31_CommonStockMember" unitRef="Shares" decimals="INF">5000000</us-gaap:SharesOutstanding>
    <us-gaap:SharesOutstanding contextRef="AsOf2010-10-31_CommonStockMember" unitRef="Shares" decimals="INF">5000000</us-gaap:SharesOutstanding>
    <us-gaap:SharesOutstanding contextRef="AsOf2011-10-31_CommonStockMember" unitRef="Shares" decimals="INF">5000000</us-gaap:SharesOutstanding>
    <us-gaap:SharesOutstanding contextRef="AsOf2012-10-31_CommonStockMember" unitRef="Shares" decimals="INF">5000000</us-gaap:SharesOutstanding>
    <us-gaap:DevelopmentStageEnterpriseDeficitAccumulatedDuringDevelopmentStage contextRef="AsOf2012-10-31" unitRef="USD" decimals="0">56294</us-gaap:DevelopmentStageEnterpriseDeficitAccumulatedDuringDevelopmentStage>
    <us-gaap:DevelopmentStageEnterpriseDeficitAccumulatedDuringDevelopmentStage contextRef="AsOf2011-10-31" unitRef="USD" decimals="0">50663</us-gaap:DevelopmentStageEnterpriseDeficitAccumulatedDuringDevelopmentStage>
    <us-gaap:IncomeTaxesPaidNet contextRef="From2011-11-01to2012-10-31" unitRef="USD" xsi:nil="true" />
    <us-gaap:IncomeTaxesPaidNet contextRef="From2010-11-01to2011-10-31" unitRef="USD" xsi:nil="true" />
    <us-gaap:IncomeTaxesPaidNet contextRef="From2007-10-18to2012-10-31" unitRef="USD" xsi:nil="true" />
    <us-gaap:ProceedsFromIssuanceOrSaleOfEquity contextRef="From2011-11-01to2012-10-31" unitRef="USD" xsi:nil="true" />
    <us-gaap:ProceedsFromIssuanceOrSaleOfEquity contextRef="From2010-11-01to2011-10-31" unitRef="USD" xsi:nil="true" />
    <us-gaap:ProceedsFromIssuanceOrSaleOfEquity contextRef="From2007-10-18to2012-10-31" unitRef="USD" decimals="0">12100</us-gaap:ProceedsFromIssuanceOrSaleOfEquity>
</xbrli:xbrl>
