<?xml version="1.0" encoding="US-ASCII" standalone="no"?>
    <!-- Field: Doc-Info; Name: Generator; Value: GoFiler Complete; Version: 3.4b -->
    <!-- Field: Doc-Info; Name: VendorURI; Value: http://www.novaworks.co -->
    <!-- Field: Doc-Info; Name: Source; Value: gwpc.xfr; Date: 2013/01/29T22:19:45 -->
    <!-- Field: Doc-Info; Name: Status; Value: 0x00000000 -->
<link:linkbase xmlns:xsi="http://www.w3.org/2001/XMLSchema-instance" xmlns:xlink="http://www.w3.org/1999/xlink" xmlns:link="http://www.xbrl.org/2003/linkbase" xmlns:xbrli="http://www.xbrl.org/2003/instance" xsi:schemaLocation="http://www.xbrl.org/2003/linkbase http://www.xbrl.org/2003/xbrl-linkbase-2003-12-31.xsd">
    <link:roleRef roleURI="http://WHOLEHEALTH.COM/role/DocumentAndEntityInformation" xlink:href="gwpc-20121130.xsd#DocumentAndEntityInformation" xlink:type="simple" />
    <link:roleRef roleURI="http://WHOLEHEALTH.COM/role/BalanceSheets" xlink:href="gwpc-20121130.xsd#BalanceSheets" xlink:type="simple" />
    <link:roleRef roleURI="http://WHOLEHEALTH.COM/role/BalanceSheetsParenthetical" xlink:href="gwpc-20121130.xsd#BalanceSheetsParenthetical" xlink:type="simple" />
    <link:roleRef roleURI="http://WHOLEHEALTH.COM/role/StatementsOfOperations" xlink:href="gwpc-20121130.xsd#StatementsOfOperations" xlink:type="simple" />
    <link:roleRef roleURI="http://WHOLEHEALTH.COM/role/StatementsOfCashFlows" xlink:href="gwpc-20121130.xsd#StatementsOfCashFlows" xlink:type="simple" />
    <link:roleRef roleURI="http://WHOLEHEALTH.COM/role/Note1-OrganizationAndDescriptionOfBusiness" xlink:href="gwpc-20121130.xsd#Note1-OrganizationAndDescriptionOfBusiness" xlink:type="simple" />
    <link:roleRef roleURI="http://WHOLEHEALTH.COM/role/Note2-SummaryOfSignificantAccountingPolicies" xlink:href="gwpc-20121130.xsd#Note2-SummaryOfSignificantAccountingPolicies" xlink:type="simple" />
    <link:roleRef roleURI="http://WHOLEHEALTH.COM/role/Note3-GoingConcern" xlink:href="gwpc-20121130.xsd#Note3-GoingConcern" xlink:type="simple" />
    <link:roleRef roleURI="http://WHOLEHEALTH.COM/role/Note4-RelatedPartyTransactions" xlink:href="gwpc-20121130.xsd#Note4-RelatedPartyTransactions" xlink:type="simple" />
    <link:roleRef roleURI="http://WHOLEHEALTH.COM/role/Note5-Equity" xlink:href="gwpc-20121130.xsd#Note5-Equity" xlink:type="simple" />
    <link:roleRef roleURI="http://WHOLEHEALTH.COM/role/Note6-CommitmentsAndContingencies" xlink:href="gwpc-20121130.xsd#Note6-CommitmentsAndContingencies" xlink:type="simple" />
    <link:roleRef roleURI="http://WHOLEHEALTH.COM/role/Note7-SubsequentEvents" xlink:href="gwpc-20121130.xsd#Note7-SubsequentEvents" xlink:type="simple" />
    <link:roleRef roleURI="http://WHOLEHEALTH.COM/role/Note2-SummaryOfSignificantAccountingPoliciesPolicies" xlink:href="gwpc-20121130.xsd#Note2-SummaryOfSignificantAccountingPoliciesPolicies" xlink:type="simple" />
    <link:roleRef roleURI="http://WHOLEHEALTH.COM/role/Note2-SummaryOfSignificantAccountingPoliciesDetails" xlink:href="gwpc-20121130.xsd#Note2-SummaryOfSignificantAccountingPoliciesDetails" xlink:type="simple" />
    <link:roleRef roleURI="http://WHOLEHEALTH.COM/role/Note4-RelatedPartyTransactionsDetails" xlink:href="gwpc-20121130.xsd#Note4-RelatedPartyTransactionsDetails" xlink:type="simple" />
    <link:roleRef roleURI="http://WHOLEHEALTH.COM/role/Note5-EquityDetails" xlink:href="gwpc-20121130.xsd#Note5-EquityDetails" xlink:type="simple" />
    <link:roleRef roleURI="http://WHOLEHEALTH.COM/role/Note6-CommitmentsAndContengenciesDetails" xlink:href="gwpc-20121130.xsd#Note6-CommitmentsAndContengenciesDetails" xlink:type="simple" />
    <link:roleRef roleURI="http://WHOLEHEALTH.COM/role/Note7-SubsequentEventsDetails" xlink:href="gwpc-20121130.xsd#Note7-SubsequentEventsDetails" xlink:type="simple" />
    <link:calculationLink xlink:type="extended" xlink:role="http://WHOLEHEALTH.COM/role/DocumentAndEntityInformation" xlink:title="0001 - Document - Document and Entity Information" />
    <link:calculationLink xlink:type="extended" xlink:role="http://WHOLEHEALTH.COM/role/BalanceSheets" xlink:title="0002 - Statement - Balance Sheets">
      <link:loc xlink:type="locator" xlink:href="http://xbrl.fasb.org/us-gaap/2012/elts/us-gaap-2012-01-31.xsd#us-gaap_AssetsCurrent" xlink:label="loc_GWPCAssetsCurrent" />
      <link:loc xlink:type="locator" xlink:href="http://xbrl.fasb.org/us-gaap/2012/elts/us-gaap-2012-01-31.xsd#us-gaap_Cash" xlink:label="loc_GWPCCash" />
      <link:calculationArc order="100" xlink:arcrole="http://www.xbrl.org/2003/arcrole/summation-item" xlink:from="loc_GWPCAssetsCurrent" xlink:to="loc_GWPCCash" xlink:type="arc" weight="1" />
      <link:loc xlink:type="locator" xlink:href="http://xbrl.fasb.org/us-gaap/2012/elts/us-gaap-2012-01-31.xsd#us-gaap_AccountsReceivableNetCurrent" xlink:label="loc_GWPCAccountsReceivableNetCurrent" />
      <link:calculationArc order="200" xlink:arcrole="http://www.xbrl.org/2003/arcrole/summation-item" xlink:from="loc_GWPCAssetsCurrent" xlink:to="loc_GWPCAccountsReceivableNetCurrent" xlink:type="arc" weight="1" />
      <link:loc xlink:type="locator" xlink:href="http://xbrl.fasb.org/us-gaap/2012/elts/us-gaap-2012-01-31.xsd#us-gaap_Assets" xlink:label="loc_GWPCAssets" />
      <link:calculationArc order="100" xlink:arcrole="http://www.xbrl.org/2003/arcrole/summation-item" xlink:from="loc_GWPCAssets" xlink:to="loc_GWPCCash" xlink:type="arc" weight="1" />
      <link:calculationArc order="200" xlink:arcrole="http://www.xbrl.org/2003/arcrole/summation-item" xlink:from="loc_GWPCAssets" xlink:to="loc_GWPCAccountsReceivableNetCurrent" xlink:type="arc" weight="1" />
      <link:calculationArc order="300" xlink:arcrole="http://www.xbrl.org/2003/arcrole/summation-item" xlink:from="loc_GWPCAssets" xlink:to="loc_GWPCAssetsCurrent" xlink:type="arc" weight="1" />
      <link:loc xlink:type="locator" xlink:href="http://xbrl.fasb.org/us-gaap/2012/elts/us-gaap-2012-01-31.xsd#us-gaap_LiabilitiesCurrent" xlink:label="loc_GWPCLiabilitiesCurrent" />
      <link:loc xlink:type="locator" xlink:href="http://xbrl.fasb.org/us-gaap/2012/elts/us-gaap-2012-01-31.xsd#us-gaap_AccountsPayableCurrent" xlink:label="loc_GWPCAccountsPayableCurrent" />
      <link:calculationArc order="100" xlink:arcrole="http://www.xbrl.org/2003/arcrole/summation-item" xlink:from="loc_GWPCLiabilitiesCurrent" xlink:to="loc_GWPCAccountsPayableCurrent" xlink:type="arc" weight="1" />
      <link:loc xlink:type="locator" xlink:href="http://xbrl.fasb.org/us-gaap/2012/elts/us-gaap-2012-01-31.xsd#us-gaap_DueToRelatedPartiesCurrent" xlink:label="loc_GWPCDueToRelatedPartiesCurrent" />
      <link:calculationArc order="200" xlink:arcrole="http://www.xbrl.org/2003/arcrole/summation-item" xlink:from="loc_GWPCLiabilitiesCurrent" xlink:to="loc_GWPCDueToRelatedPartiesCurrent" xlink:type="arc" weight="1" />
      <link:loc xlink:type="locator" xlink:href="http://xbrl.fasb.org/us-gaap/2012/elts/us-gaap-2012-01-31.xsd#us-gaap_StockholdersEquity" xlink:label="loc_GWPCStockholdersEquity" />
      <link:loc xlink:type="locator" xlink:href="http://xbrl.fasb.org/us-gaap/2012/elts/us-gaap-2012-01-31.xsd#us-gaap_PreferredStockValue" xlink:label="loc_GWPCPreferredStockValue" />
      <link:calculationArc order="100" xlink:arcrole="http://www.xbrl.org/2003/arcrole/summation-item" xlink:from="loc_GWPCStockholdersEquity" xlink:to="loc_GWPCPreferredStockValue" xlink:type="arc" weight="1" />
      <link:loc xlink:type="locator" xlink:href="http://xbrl.fasb.org/us-gaap/2012/elts/us-gaap-2012-01-31.xsd#us-gaap_CommonStockValue" xlink:label="loc_GWPCCommonStockValue" />
      <link:calculationArc order="200" xlink:arcrole="http://www.xbrl.org/2003/arcrole/summation-item" xlink:from="loc_GWPCStockholdersEquity" xlink:to="loc_GWPCCommonStockValue" xlink:type="arc" weight="1" />
      <link:loc xlink:type="locator" xlink:href="http://xbrl.fasb.org/us-gaap/2012/elts/us-gaap-2012-01-31.xsd#us-gaap_AdditionalPaidInCapital" xlink:label="loc_GWPCAdditionalPaidInCapital" />
      <link:calculationArc order="300" xlink:arcrole="http://www.xbrl.org/2003/arcrole/summation-item" xlink:from="loc_GWPCStockholdersEquity" xlink:to="loc_GWPCAdditionalPaidInCapital" xlink:type="arc" weight="1" />
      <link:loc xlink:type="locator" xlink:href="http://xbrl.fasb.org/us-gaap/2012/elts/us-gaap-2012-01-31.xsd#us-gaap_RetainedEarningsAccumulatedDeficit" xlink:label="loc_GWPCRetainedEarningsAccumulatedDeficit" />
      <link:calculationArc order="400" xlink:arcrole="http://www.xbrl.org/2003/arcrole/summation-item" xlink:from="loc_GWPCStockholdersEquity" xlink:to="loc_GWPCRetainedEarningsAccumulatedDeficit" xlink:type="arc" weight="1" />
      <link:loc xlink:type="locator" xlink:href="gwpc-20121130.xsd#GWPC_CommonStockSubscribedPaidInFullSharesUnissued" xlink:label="loc_GWPCCommonStockSubscribedPaidInFullSharesUnissued" />
      <link:calculationArc order="500" xlink:arcrole="http://www.xbrl.org/2003/arcrole/summation-item" xlink:from="loc_GWPCStockholdersEquity" xlink:to="loc_GWPCCommonStockSubscribedPaidInFullSharesUnissued" xlink:type="arc" weight="1" />
      <link:loc xlink:type="locator" xlink:href="gwpc-20121130.xsd#GWPC_CommonStockToBeIssued" xlink:label="loc_GWPCCommonStockToBeIssued" />
      <link:calculationArc order="600" xlink:arcrole="http://www.xbrl.org/2003/arcrole/summation-item" xlink:from="loc_GWPCStockholdersEquity" xlink:to="loc_GWPCCommonStockToBeIssued" xlink:type="arc" weight="1" />
      <link:loc xlink:type="locator" xlink:href="http://xbrl.fasb.org/us-gaap/2012/elts/us-gaap-2012-01-31.xsd#us-gaap_LiabilitiesAndStockholdersEquity" xlink:label="loc_GWPCLiabilitiesAndStockholdersEquity" />
      <link:loc xlink:type="locator" xlink:href="http://xbrl.fasb.org/us-gaap/2012/elts/us-gaap-2012-01-31.xsd#us-gaap_Liabilities" xlink:label="loc_GWPCLiabilities" />
      <link:calculationArc order="100" xlink:arcrole="http://www.xbrl.org/2003/arcrole/summation-item" xlink:from="loc_GWPCLiabilitiesAndStockholdersEquity" xlink:to="loc_GWPCLiabilities" xlink:type="arc" weight="1" />
      <link:calculationArc order="200" xlink:arcrole="http://www.xbrl.org/2003/arcrole/summation-item" xlink:from="loc_GWPCLiabilitiesAndStockholdersEquity" xlink:to="loc_GWPCStockholdersEquity" xlink:type="arc" weight="1" />
    </link:calculationLink>
    <link:calculationLink xlink:type="extended" xlink:role="http://WHOLEHEALTH.COM/role/BalanceSheetsParenthetical" xlink:title="0003 - Statement - Balance Sheets (Parenthetical)" />
    <link:calculationLink xlink:type="extended" xlink:role="http://WHOLEHEALTH.COM/role/StatementsOfOperations" xlink:title="0004 - Statement - Statements of Operations">
      <link:loc xlink:type="locator" xlink:href="http://xbrl.fasb.org/us-gaap/2012/elts/us-gaap-2012-01-31.xsd#us-gaap_GrossProfit" xlink:label="loc_GWPCGrossProfit" />
      <link:loc xlink:type="locator" xlink:href="http://xbrl.fasb.org/us-gaap/2012/elts/us-gaap-2012-01-31.xsd#us-gaap_Revenues" xlink:label="loc_GWPCRevenues" />
      <link:calculationArc order="100" xlink:arcrole="http://www.xbrl.org/2003/arcrole/summation-item" xlink:from="loc_GWPCGrossProfit" xlink:to="loc_GWPCRevenues" xlink:type="arc" weight="1" />
      <link:loc xlink:type="locator" xlink:href="http://xbrl.fasb.org/us-gaap/2012/elts/us-gaap-2012-01-31.xsd#us-gaap_CostOfServices" xlink:label="loc_GWPCCostOfServices" />
      <link:calculationArc order="200" xlink:arcrole="http://www.xbrl.org/2003/arcrole/summation-item" xlink:from="loc_GWPCGrossProfit" xlink:to="loc_GWPCCostOfServices" xlink:type="arc" weight="-1" />
      <link:loc xlink:type="locator" xlink:href="http://xbrl.fasb.org/us-gaap/2012/elts/us-gaap-2012-01-31.xsd#us-gaap_OperatingExpenses" xlink:label="loc_GWPCOperatingExpenses" />
      <link:loc xlink:type="locator" xlink:href="http://xbrl.fasb.org/us-gaap/2012/elts/us-gaap-2012-01-31.xsd#us-gaap_GeneralAndAdministrativeExpense" xlink:label="loc_GWPCGeneralAndAdministrativeExpense" />
      <link:calculationArc order="100" xlink:arcrole="http://www.xbrl.org/2003/arcrole/summation-item" xlink:from="loc_GWPCOperatingExpenses" xlink:to="loc_GWPCGeneralAndAdministrativeExpense" xlink:type="arc" weight="1" />
      <link:loc xlink:type="locator" xlink:href="http://xbrl.fasb.org/us-gaap/2012/elts/us-gaap-2012-01-31.xsd#us-gaap_ShareBasedCompensation" xlink:label="loc_GWPCShareBasedCompensation" />
      <link:calculationArc order="200" xlink:arcrole="http://www.xbrl.org/2003/arcrole/summation-item" xlink:from="loc_GWPCOperatingExpenses" xlink:to="loc_GWPCShareBasedCompensation" xlink:type="arc" weight="1" />
      <link:loc xlink:type="locator" xlink:href="http://xbrl.fasb.org/us-gaap/2012/elts/us-gaap-2012-01-31.xsd#us-gaap_ProfessionalFees" xlink:label="loc_GWPCProfessionalFees" />
      <link:calculationArc order="300" xlink:arcrole="http://www.xbrl.org/2003/arcrole/summation-item" xlink:from="loc_GWPCOperatingExpenses" xlink:to="loc_GWPCProfessionalFees" xlink:type="arc" weight="1" />
      <link:loc xlink:type="locator" xlink:href="http://xbrl.fasb.org/us-gaap/2012/elts/us-gaap-2012-01-31.xsd#us-gaap_OperatingIncomeLoss" xlink:label="loc_GWPCOperatingIncomeLoss" />
      <link:calculationArc order="100" xlink:arcrole="http://www.xbrl.org/2003/arcrole/summation-item" xlink:from="loc_GWPCOperatingIncomeLoss" xlink:to="loc_GWPCOperatingExpenses" xlink:type="arc" weight="-1" />
    </link:calculationLink>
    <link:calculationLink xlink:type="extended" xlink:role="http://WHOLEHEALTH.COM/role/StatementsOfCashFlows" xlink:title="0005 - Statement - Statements of Cash Flows">
      <link:loc xlink:type="locator" xlink:href="http://xbrl.fasb.org/us-gaap/2012/elts/us-gaap-2012-01-31.xsd#us-gaap_NetCashProvidedByUsedInInvestingActivities" xlink:label="loc_GWPCNetCashProvidedByUsedInInvestingActivities" />
      <link:loc xlink:type="locator" xlink:href="http://xbrl.fasb.org/us-gaap/2012/elts/us-gaap-2012-01-31.xsd#us-gaap_PaymentsToAcquireInterestInSubsidiariesAndAffiliates" xlink:label="loc_GWPCPaymentsToAcquireInterestInSubsidiariesAndAffiliates" />
      <link:calculationArc order="100" xlink:arcrole="http://www.xbrl.org/2003/arcrole/summation-item" xlink:from="loc_GWPCNetCashProvidedByUsedInInvestingActivities" xlink:to="loc_GWPCPaymentsToAcquireInterestInSubsidiariesAndAffiliates" xlink:type="arc" weight="-1" />
    </link:calculationLink>
    <link:calculationLink xlink:type="extended" xlink:role="http://WHOLEHEALTH.COM/role/Note1-OrganizationAndDescriptionOfBusiness" xlink:title="0006 - Disclosure - NOTE 1 - ORGANIZATION AND DESCRIPTION OF BUSINESS" />
    <link:calculationLink xlink:type="extended" xlink:role="http://WHOLEHEALTH.COM/role/Note2-SummaryOfSignificantAccountingPolicies" xlink:title="0007 - Disclosure - NOTE 2 - SUMMARY OF SIGNIFICANT ACCOUNTING POLICIES" />
    <link:calculationLink xlink:type="extended" xlink:role="http://WHOLEHEALTH.COM/role/Note3-GoingConcern" xlink:title="0008 - Disclosure - NOTE 3 - GOING CONCERN" />
    <link:calculationLink xlink:type="extended" xlink:role="http://WHOLEHEALTH.COM/role/Note4-RelatedPartyTransactions" xlink:title="0009 - Disclosure - NOTE 4 - RELATED PARTY TRANSACTIONS" />
    <link:calculationLink xlink:type="extended" xlink:role="http://WHOLEHEALTH.COM/role/Note5-Equity" xlink:title="0010 - Disclosure - NOTE 5 - EQUITY" />
    <link:calculationLink xlink:type="extended" xlink:role="http://WHOLEHEALTH.COM/role/Note6-CommitmentsAndContingencies" xlink:title="0011 - Disclosure - NOTE 6 - COMMITMENTS AND CONTINGENCIES" />
    <link:calculationLink xlink:type="extended" xlink:role="http://WHOLEHEALTH.COM/role/Note7-SubsequentEvents" xlink:title="0012 - Disclosure - NOTE 7 - SUBSEQUENT EVENTS" />
    <link:calculationLink xlink:type="extended" xlink:role="http://WHOLEHEALTH.COM/role/Note2-SummaryOfSignificantAccountingPoliciesPolicies" xlink:title="0013 - Disclosure - NOTE 2 - SUMMARY OF SIGNIFICANT ACCOUNTING POLICIES (Policies)" />
    <link:calculationLink xlink:type="extended" xlink:role="http://WHOLEHEALTH.COM/role/Note2-SummaryOfSignificantAccountingPoliciesDetails" xlink:title="0014 - Disclosure - NOTE 2 - SUMMARY OF SIGNIFICANT ACCOUNTING POLICIES (Details)" />
    <link:calculationLink xlink:type="extended" xlink:role="http://WHOLEHEALTH.COM/role/Note4-RelatedPartyTransactionsDetails" xlink:title="0015 - Disclosure - NOTE 4 - RELATED PARTY TRANSACTIONS (Details)" />
    <link:calculationLink xlink:type="extended" xlink:role="http://WHOLEHEALTH.COM/role/Note5-EquityDetails" xlink:title="0016 - Disclosure - NOTE 5 - EQUITY (Details)" />
    <link:calculationLink xlink:type="extended" xlink:role="http://WHOLEHEALTH.COM/role/Note6-CommitmentsAndContengenciesDetails" xlink:title="0017 - Disclosure - NOTE 6 - COMMITMENTS AND CONTENGENCIES (Details)" />
    <link:calculationLink xlink:type="extended" xlink:role="http://WHOLEHEALTH.COM/role/Note7-SubsequentEventsDetails" xlink:title="0018 - Disclosure - NOTE 7 - SUBSEQUENT EVENTS (Details)" />
</link:linkbase>
