<?xml version="1.0" encoding="US-ASCII" standalone="no"?>
    <!-- Field: Doc-Info; Name: Generator; Value: GoFiler Complete; Version: 3.4b -->
    <!-- Field: Doc-Info; Name: VendorURI; Value: http://www.novaworks.co -->
    <!-- Field: Doc-Info; Name: Source; Value: gwpc.xfr; Date: 2013/01/29T22:19:45 -->
    <!-- Field: Doc-Info; Name: Status; Value: 0x00000000 -->
<link:linkbase xmlns:xsi="http://www.w3.org/2001/XMLSchema-instance" xmlns:xlink="http://www.w3.org/1999/xlink" xmlns:link="http://www.xbrl.org/2003/linkbase" xmlns:xbrldt="http://xbrl.org/2005/xbrldt" xmlns:xbrli="http://www.xbrl.org/2003/instance" xsi:schemaLocation="http://www.xbrl.org/2003/linkbase http://www.xbrl.org/2003/xbrl-linkbase-2003-12-31.xsd">
    <link:roleRef roleURI="http://WHOLEHEALTH.COM/role/DocumentAndEntityInformation" xlink:href="gwpc-20121130.xsd#DocumentAndEntityInformation" xlink:type="simple" />
    <link:roleRef roleURI="http://WHOLEHEALTH.COM/role/BalanceSheets" xlink:href="gwpc-20121130.xsd#BalanceSheets" xlink:type="simple" />
    <link:roleRef roleURI="http://WHOLEHEALTH.COM/role/BalanceSheetsParenthetical" xlink:href="gwpc-20121130.xsd#BalanceSheetsParenthetical" xlink:type="simple" />
    <link:roleRef roleURI="http://WHOLEHEALTH.COM/role/StatementsOfOperations" xlink:href="gwpc-20121130.xsd#StatementsOfOperations" xlink:type="simple" />
    <link:roleRef roleURI="http://WHOLEHEALTH.COM/role/StatementsOfCashFlows" xlink:href="gwpc-20121130.xsd#StatementsOfCashFlows" xlink:type="simple" />
    <link:roleRef roleURI="http://WHOLEHEALTH.COM/role/Note1-OrganizationAndDescriptionOfBusiness" xlink:href="gwpc-20121130.xsd#Note1-OrganizationAndDescriptionOfBusiness" xlink:type="simple" />
    <link:roleRef roleURI="http://WHOLEHEALTH.COM/role/Note2-SummaryOfSignificantAccountingPolicies" xlink:href="gwpc-20121130.xsd#Note2-SummaryOfSignificantAccountingPolicies" xlink:type="simple" />
    <link:roleRef roleURI="http://WHOLEHEALTH.COM/role/Note3-GoingConcern" xlink:href="gwpc-20121130.xsd#Note3-GoingConcern" xlink:type="simple" />
    <link:roleRef roleURI="http://WHOLEHEALTH.COM/role/Note4-RelatedPartyTransactions" xlink:href="gwpc-20121130.xsd#Note4-RelatedPartyTransactions" xlink:type="simple" />
    <link:roleRef roleURI="http://WHOLEHEALTH.COM/role/Note5-Equity" xlink:href="gwpc-20121130.xsd#Note5-Equity" xlink:type="simple" />
    <link:roleRef roleURI="http://WHOLEHEALTH.COM/role/Note6-CommitmentsAndContingencies" xlink:href="gwpc-20121130.xsd#Note6-CommitmentsAndContingencies" xlink:type="simple" />
    <link:roleRef roleURI="http://WHOLEHEALTH.COM/role/Note7-SubsequentEvents" xlink:href="gwpc-20121130.xsd#Note7-SubsequentEvents" xlink:type="simple" />
    <link:roleRef roleURI="http://WHOLEHEALTH.COM/role/Note2-SummaryOfSignificantAccountingPoliciesPolicies" xlink:href="gwpc-20121130.xsd#Note2-SummaryOfSignificantAccountingPoliciesPolicies" xlink:type="simple" />
    <link:roleRef roleURI="http://WHOLEHEALTH.COM/role/Note2-SummaryOfSignificantAccountingPoliciesDetails" xlink:href="gwpc-20121130.xsd#Note2-SummaryOfSignificantAccountingPoliciesDetails" xlink:type="simple" />
    <link:roleRef roleURI="http://WHOLEHEALTH.COM/role/Note4-RelatedPartyTransactionsDetails" xlink:href="gwpc-20121130.xsd#Note4-RelatedPartyTransactionsDetails" xlink:type="simple" />
    <link:roleRef roleURI="http://WHOLEHEALTH.COM/role/Note5-EquityDetails" xlink:href="gwpc-20121130.xsd#Note5-EquityDetails" xlink:type="simple" />
    <link:roleRef roleURI="http://WHOLEHEALTH.COM/role/Note6-CommitmentsAndContengenciesDetails" xlink:href="gwpc-20121130.xsd#Note6-CommitmentsAndContengenciesDetails" xlink:type="simple" />
    <link:roleRef roleURI="http://WHOLEHEALTH.COM/role/Note7-SubsequentEventsDetails" xlink:href="gwpc-20121130.xsd#Note7-SubsequentEventsDetails" xlink:type="simple" />
    <link:arcroleRef xlink:type="simple" xlink:href="http://www.xbrl.org/2005/xbrldt-2005.xsd#hypercube-dimension" arcroleURI="http://xbrl.org/int/dim/arcrole/hypercube-dimension" />
    <link:arcroleRef xlink:type="simple" xlink:href="http://www.xbrl.org/2005/xbrldt-2005.xsd#dimension-domain" arcroleURI="http://xbrl.org/int/dim/arcrole/dimension-domain" />
    <link:arcroleRef xlink:type="simple" xlink:href="http://www.xbrl.org/2005/xbrldt-2005.xsd#domain-member" arcroleURI="http://xbrl.org/int/dim/arcrole/domain-member" />
    <link:arcroleRef xlink:type="simple" xlink:href="http://www.xbrl.org/2005/xbrldt-2005.xsd#all" arcroleURI="http://xbrl.org/int/dim/arcrole/all" />
    <link:arcroleRef xlink:type="simple" xlink:href="http://www.xbrl.org/2005/xbrldt-2005.xsd#notAll" arcroleURI="http://xbrl.org/int/dim/arcrole/notAll" />
    <link:arcroleRef xlink:type="simple" xlink:href="http://www.xbrl.org/2005/xbrldt-2005.xsd#dimension-default" arcroleURI="http://xbrl.org/int/dim/arcrole/dimension-default" />
    <link:definitionLink xlink:type="extended" xlink:role="http://WHOLEHEALTH.COM/role/DocumentAndEntityInformation" xlink:title="0001 - Document - Document and Entity Information" />
    <link:definitionLink xlink:type="extended" xlink:role="http://WHOLEHEALTH.COM/role/BalanceSheets" xlink:title="0002 - Statement - Balance Sheets" />
    <link:definitionLink xlink:type="extended" xlink:role="http://WHOLEHEALTH.COM/role/BalanceSheetsParenthetical" xlink:title="0003 - Statement - Balance Sheets (Parenthetical)" />
    <link:definitionLink xlink:type="extended" xlink:role="http://WHOLEHEALTH.COM/role/StatementsOfOperations" xlink:title="0004 - Statement - Statements of Operations" />
    <link:definitionLink xlink:type="extended" xlink:role="http://WHOLEHEALTH.COM/role/StatementsOfCashFlows" xlink:title="0005 - Statement - Statements of Cash Flows" />
    <link:definitionLink xlink:type="extended" xlink:role="http://WHOLEHEALTH.COM/role/Note1-OrganizationAndDescriptionOfBusiness" xlink:title="0006 - Disclosure - NOTE 1 - ORGANIZATION AND DESCRIPTION OF BUSINESS" />
    <link:definitionLink xlink:type="extended" xlink:role="http://WHOLEHEALTH.COM/role/Note2-SummaryOfSignificantAccountingPolicies" xlink:title="0007 - Disclosure - NOTE 2 - SUMMARY OF SIGNIFICANT ACCOUNTING POLICIES" />
    <link:definitionLink xlink:type="extended" xlink:role="http://WHOLEHEALTH.COM/role/Note3-GoingConcern" xlink:title="0008 - Disclosure - NOTE 3 - GOING CONCERN" />
    <link:definitionLink xlink:type="extended" xlink:role="http://WHOLEHEALTH.COM/role/Note4-RelatedPartyTransactions" xlink:title="0009 - Disclosure - NOTE 4 - RELATED PARTY TRANSACTIONS" />
    <link:definitionLink xlink:type="extended" xlink:role="http://WHOLEHEALTH.COM/role/Note5-Equity" xlink:title="0010 - Disclosure - NOTE 5 - EQUITY" />
    <link:definitionLink xlink:type="extended" xlink:role="http://WHOLEHEALTH.COM/role/Note6-CommitmentsAndContingencies" xlink:title="0011 - Disclosure - NOTE 6 - COMMITMENTS AND CONTINGENCIES" />
    <link:definitionLink xlink:type="extended" xlink:role="http://WHOLEHEALTH.COM/role/Note7-SubsequentEvents" xlink:title="0012 - Disclosure - NOTE 7 - SUBSEQUENT EVENTS" />
    <link:definitionLink xlink:type="extended" xlink:role="http://WHOLEHEALTH.COM/role/Note2-SummaryOfSignificantAccountingPoliciesPolicies" xlink:title="0013 - Disclosure - NOTE 2 - SUMMARY OF SIGNIFICANT ACCOUNTING POLICIES (Policies)" />
    <link:definitionLink xlink:type="extended" xlink:role="http://WHOLEHEALTH.COM/role/Note2-SummaryOfSignificantAccountingPoliciesDetails" xlink:title="0014 - Disclosure - NOTE 2 - SUMMARY OF SIGNIFICANT ACCOUNTING POLICIES (Details)" />
    <link:definitionLink xlink:type="extended" xlink:role="http://WHOLEHEALTH.COM/role/Note4-RelatedPartyTransactionsDetails" xlink:title="0015 - Disclosure - NOTE 4 - RELATED PARTY TRANSACTIONS (Details)" />
    <link:definitionLink xlink:type="extended" xlink:role="http://WHOLEHEALTH.COM/role/Note5-EquityDetails" xlink:title="0016 - Disclosure - NOTE 5 - EQUITY (Details)" />
    <link:definitionLink xlink:type="extended" xlink:role="http://WHOLEHEALTH.COM/role/Note6-CommitmentsAndContengenciesDetails" xlink:title="0017 - Disclosure - NOTE 6 - COMMITMENTS AND CONTENGENCIES (Details)" />
    <link:definitionLink xlink:type="extended" xlink:role="http://WHOLEHEALTH.COM/role/Note7-SubsequentEventsDetails" xlink:title="0018 - Disclosure - NOTE 7 - SUBSEQUENT EVENTS (Details)" />
</link:linkbase>
