<?xml version="1.0" encoding="US-ASCII" standalone="no"?>
    <!-- Field: Doc-Info; Name: Generator; Value: GoFiler Complete; Version: 3.4b -->
    <!-- Field: Doc-Info; Name: VendorURI; Value: http://www.novaworks.co -->
    <!-- Field: Doc-Info; Name: Source; Value: gwpc.xfr; Date: 2013/01/29T22:19:45 -->
    <!-- Field: Doc-Info; Name: Status; Value: 0x00000000 -->
<link:linkbase xmlns:xsi="http://www.w3.org/2001/XMLSchema-instance" xmlns:xlink="http://www.w3.org/1999/xlink" xmlns:link="http://www.xbrl.org/2003/linkbase" xmlns:xbrli="http://www.xbrl.org/2003/instance" xsi:schemaLocation="http://www.xbrl.org/2003/linkbase http://www.xbrl.org/2003/xbrl-linkbase-2003-12-31.xsd">
    <link:roleRef roleURI="http://WHOLEHEALTH.COM/role/DocumentAndEntityInformation" xlink:href="gwpc-20121130.xsd#DocumentAndEntityInformation" xlink:type="simple" />
    <link:roleRef roleURI="http://WHOLEHEALTH.COM/role/BalanceSheets" xlink:href="gwpc-20121130.xsd#BalanceSheets" xlink:type="simple" />
    <link:roleRef roleURI="http://WHOLEHEALTH.COM/role/BalanceSheetsParenthetical" xlink:href="gwpc-20121130.xsd#BalanceSheetsParenthetical" xlink:type="simple" />
    <link:roleRef roleURI="http://WHOLEHEALTH.COM/role/StatementsOfOperations" xlink:href="gwpc-20121130.xsd#StatementsOfOperations" xlink:type="simple" />
    <link:roleRef roleURI="http://WHOLEHEALTH.COM/role/StatementsOfCashFlows" xlink:href="gwpc-20121130.xsd#StatementsOfCashFlows" xlink:type="simple" />
    <link:roleRef roleURI="http://WHOLEHEALTH.COM/role/Note1-OrganizationAndDescriptionOfBusiness" xlink:href="gwpc-20121130.xsd#Note1-OrganizationAndDescriptionOfBusiness" xlink:type="simple" />
    <link:roleRef roleURI="http://WHOLEHEALTH.COM/role/Note2-SummaryOfSignificantAccountingPolicies" xlink:href="gwpc-20121130.xsd#Note2-SummaryOfSignificantAccountingPolicies" xlink:type="simple" />
    <link:roleRef roleURI="http://WHOLEHEALTH.COM/role/Note3-GoingConcern" xlink:href="gwpc-20121130.xsd#Note3-GoingConcern" xlink:type="simple" />
    <link:roleRef roleURI="http://WHOLEHEALTH.COM/role/Note4-RelatedPartyTransactions" xlink:href="gwpc-20121130.xsd#Note4-RelatedPartyTransactions" xlink:type="simple" />
    <link:roleRef roleURI="http://WHOLEHEALTH.COM/role/Note5-Equity" xlink:href="gwpc-20121130.xsd#Note5-Equity" xlink:type="simple" />
    <link:roleRef roleURI="http://WHOLEHEALTH.COM/role/Note6-CommitmentsAndContingencies" xlink:href="gwpc-20121130.xsd#Note6-CommitmentsAndContingencies" xlink:type="simple" />
    <link:roleRef roleURI="http://WHOLEHEALTH.COM/role/Note7-SubsequentEvents" xlink:href="gwpc-20121130.xsd#Note7-SubsequentEvents" xlink:type="simple" />
    <link:roleRef roleURI="http://WHOLEHEALTH.COM/role/Note2-SummaryOfSignificantAccountingPoliciesPolicies" xlink:href="gwpc-20121130.xsd#Note2-SummaryOfSignificantAccountingPoliciesPolicies" xlink:type="simple" />
    <link:roleRef roleURI="http://WHOLEHEALTH.COM/role/Note2-SummaryOfSignificantAccountingPoliciesDetails" xlink:href="gwpc-20121130.xsd#Note2-SummaryOfSignificantAccountingPoliciesDetails" xlink:type="simple" />
    <link:roleRef roleURI="http://WHOLEHEALTH.COM/role/Note4-RelatedPartyTransactionsDetails" xlink:href="gwpc-20121130.xsd#Note4-RelatedPartyTransactionsDetails" xlink:type="simple" />
    <link:roleRef roleURI="http://WHOLEHEALTH.COM/role/Note5-EquityDetails" xlink:href="gwpc-20121130.xsd#Note5-EquityDetails" xlink:type="simple" />
    <link:roleRef roleURI="http://WHOLEHEALTH.COM/role/Note6-CommitmentsAndContengenciesDetails" xlink:href="gwpc-20121130.xsd#Note6-CommitmentsAndContengenciesDetails" xlink:type="simple" />
    <link:roleRef roleURI="http://WHOLEHEALTH.COM/role/Note7-SubsequentEventsDetails" xlink:href="gwpc-20121130.xsd#Note7-SubsequentEventsDetails" xlink:type="simple" />
    <link:presentationLink xlink:type="extended" xlink:role="http://WHOLEHEALTH.COM/role/DocumentAndEntityInformation" xlink:title="0001 - Document - Document and Entity Information">
      <link:loc xlink:type="locator" xlink:href="gwpc-20121130.xsd#GWPC_DocumentAndEntityInformationAbstract" xlink:label="loc_GWPCDocumentAndEntityInformationAbstract" />
      <link:loc xlink:type="locator" xlink:href="http://xbrl.sec.gov/dei/2012/dei-2012-01-31.xsd#dei_EntityRegistrantName" xlink:label="loc_GWPCEntityRegistrantName" />
      <link:presentationArc order="0" xlink:arcrole="http://www.xbrl.org/2003/arcrole/parent-child" xlink:from="loc_GWPCDocumentAndEntityInformationAbstract" xlink:to="loc_GWPCEntityRegistrantName" xlink:type="arc" />
      <link:loc xlink:type="locator" xlink:href="http://xbrl.sec.gov/dei/2012/dei-2012-01-31.xsd#dei_EntityCentralIndexKey" xlink:label="loc_GWPCEntityCentralIndexKey" />
      <link:presentationArc order="10" xlink:arcrole="http://www.xbrl.org/2003/arcrole/parent-child" xlink:from="loc_GWPCDocumentAndEntityInformationAbstract" xlink:to="loc_GWPCEntityCentralIndexKey" xlink:type="arc" />
      <link:loc xlink:type="locator" xlink:href="http://xbrl.sec.gov/dei/2012/dei-2012-01-31.xsd#dei_DocumentType" xlink:label="loc_GWPCDocumentType" />
      <link:presentationArc order="20" xlink:arcrole="http://www.xbrl.org/2003/arcrole/parent-child" xlink:from="loc_GWPCDocumentAndEntityInformationAbstract" xlink:to="loc_GWPCDocumentType" xlink:type="arc" />
      <link:loc xlink:type="locator" xlink:href="http://xbrl.sec.gov/dei/2012/dei-2012-01-31.xsd#dei_DocumentPeriodEndDate" xlink:label="loc_GWPCDocumentPeriodEndDate" />
      <link:presentationArc order="30" xlink:arcrole="http://www.xbrl.org/2003/arcrole/parent-child" xlink:from="loc_GWPCDocumentAndEntityInformationAbstract" xlink:to="loc_GWPCDocumentPeriodEndDate" xlink:type="arc" />
      <link:loc xlink:type="locator" xlink:href="http://xbrl.sec.gov/dei/2012/dei-2012-01-31.xsd#dei_AmendmentFlag" xlink:label="loc_GWPCAmendmentFlag" />
      <link:presentationArc order="40" xlink:arcrole="http://www.xbrl.org/2003/arcrole/parent-child" xlink:from="loc_GWPCDocumentAndEntityInformationAbstract" xlink:to="loc_GWPCAmendmentFlag" xlink:type="arc" />
      <link:loc xlink:type="locator" xlink:href="http://xbrl.sec.gov/dei/2012/dei-2012-01-31.xsd#dei_CurrentFiscalYearEndDate" xlink:label="loc_GWPCCurrentFiscalYearEndDate" />
      <link:presentationArc order="50" xlink:arcrole="http://www.xbrl.org/2003/arcrole/parent-child" xlink:from="loc_GWPCDocumentAndEntityInformationAbstract" xlink:to="loc_GWPCCurrentFiscalYearEndDate" xlink:type="arc" />
      <link:loc xlink:type="locator" xlink:href="http://xbrl.sec.gov/dei/2012/dei-2012-01-31.xsd#dei_EntityWellKnownSeasonedIssuer" xlink:label="loc_GWPCEntityWellKnownSeasonedIssuer" />
      <link:presentationArc order="60" xlink:arcrole="http://www.xbrl.org/2003/arcrole/parent-child" xlink:from="loc_GWPCDocumentAndEntityInformationAbstract" xlink:to="loc_GWPCEntityWellKnownSeasonedIssuer" xlink:type="arc" />
      <link:loc xlink:type="locator" xlink:href="http://xbrl.sec.gov/dei/2012/dei-2012-01-31.xsd#dei_EntityVoluntaryFilers" xlink:label="loc_GWPCEntityVoluntaryFilers" />
      <link:presentationArc order="70" xlink:arcrole="http://www.xbrl.org/2003/arcrole/parent-child" xlink:from="loc_GWPCDocumentAndEntityInformationAbstract" xlink:to="loc_GWPCEntityVoluntaryFilers" xlink:type="arc" />
      <link:loc xlink:type="locator" xlink:href="http://xbrl.sec.gov/dei/2012/dei-2012-01-31.xsd#dei_EntityCurrentReportingStatus" xlink:label="loc_GWPCEntityCurrentReportingStatus" />
      <link:presentationArc order="80" xlink:arcrole="http://www.xbrl.org/2003/arcrole/parent-child" xlink:from="loc_GWPCDocumentAndEntityInformationAbstract" xlink:to="loc_GWPCEntityCurrentReportingStatus" xlink:type="arc" />
      <link:loc xlink:type="locator" xlink:href="http://xbrl.sec.gov/dei/2012/dei-2012-01-31.xsd#dei_EntityFilerCategory" xlink:label="loc_GWPCEntityFilerCategory" />
      <link:presentationArc order="90" xlink:arcrole="http://www.xbrl.org/2003/arcrole/parent-child" xlink:from="loc_GWPCDocumentAndEntityInformationAbstract" xlink:to="loc_GWPCEntityFilerCategory" xlink:type="arc" />
      <link:loc xlink:type="locator" xlink:href="http://xbrl.sec.gov/dei/2012/dei-2012-01-31.xsd#dei_EntityPublicFloat" xlink:label="loc_GWPCEntityPublicFloat" />
      <link:presentationArc order="100" xlink:arcrole="http://www.xbrl.org/2003/arcrole/parent-child" xlink:from="loc_GWPCDocumentAndEntityInformationAbstract" xlink:to="loc_GWPCEntityPublicFloat" xlink:type="arc" />
      <link:loc xlink:type="locator" xlink:href="http://xbrl.sec.gov/dei/2012/dei-2012-01-31.xsd#dei_EntityCommonStockSharesOutstanding" xlink:label="loc_GWPCEntityCommonStockSharesOutstanding" />
      <link:presentationArc order="110" xlink:arcrole="http://www.xbrl.org/2003/arcrole/parent-child" xlink:from="loc_GWPCDocumentAndEntityInformationAbstract" xlink:to="loc_GWPCEntityCommonStockSharesOutstanding" xlink:type="arc" />
      <link:loc xlink:type="locator" xlink:href="http://xbrl.sec.gov/dei/2012/dei-2012-01-31.xsd#dei_DocumentFiscalPeriodFocus" xlink:label="loc_GWPCDocumentFiscalPeriodFocus" />
      <link:presentationArc order="120" xlink:arcrole="http://www.xbrl.org/2003/arcrole/parent-child" xlink:from="loc_GWPCDocumentAndEntityInformationAbstract" xlink:to="loc_GWPCDocumentFiscalPeriodFocus" xlink:type="arc" />
      <link:loc xlink:type="locator" xlink:href="http://xbrl.sec.gov/dei/2012/dei-2012-01-31.xsd#dei_DocumentFiscalYearFocus" xlink:label="loc_GWPCDocumentFiscalYearFocus" />
      <link:presentationArc order="130" xlink:arcrole="http://www.xbrl.org/2003/arcrole/parent-child" xlink:from="loc_GWPCDocumentAndEntityInformationAbstract" xlink:to="loc_GWPCDocumentFiscalYearFocus" xlink:type="arc" />
    </link:presentationLink>
    <link:presentationLink xlink:type="extended" xlink:role="http://WHOLEHEALTH.COM/role/BalanceSheets" xlink:title="0002 - Statement - Balance Sheets">
      <link:loc xlink:type="locator" xlink:href="http://xbrl.fasb.org/us-gaap/2012/elts/us-gaap-2012-01-31.xsd#us-gaap_StatementOfFinancialPositionAbstract" xlink:label="loc_GWPCStatementOfFinancialPositionAbstract" />
      <link:loc xlink:type="locator" xlink:href="http://xbrl.fasb.org/us-gaap/2012/elts/us-gaap-2012-01-31.xsd#us-gaap_AssetsAbstract" xlink:label="loc_GWPCAssetsAbstract" />
      <link:presentationArc order="0" xlink:arcrole="http://www.xbrl.org/2003/arcrole/parent-child" xlink:from="loc_GWPCStatementOfFinancialPositionAbstract" xlink:to="loc_GWPCAssetsAbstract" xlink:type="arc" />
      <link:loc xlink:type="locator" xlink:href="http://xbrl.fasb.org/us-gaap/2012/elts/us-gaap-2012-01-31.xsd#us-gaap_AssetsCurrentAbstract" xlink:label="loc_GWPCAssetsCurrentAbstract" />
      <link:presentationArc order="10" xlink:arcrole="http://www.xbrl.org/2003/arcrole/parent-child" xlink:from="loc_GWPCAssetsAbstract" xlink:to="loc_GWPCAssetsCurrentAbstract" xlink:type="arc" />
      <link:loc xlink:type="locator" xlink:href="http://xbrl.fasb.org/us-gaap/2012/elts/us-gaap-2012-01-31.xsd#us-gaap_Cash" xlink:label="loc_GWPCCash" />
      <link:presentationArc order="20" xlink:arcrole="http://www.xbrl.org/2003/arcrole/parent-child" xlink:from="loc_GWPCAssetsCurrentAbstract" xlink:to="loc_GWPCCash" xlink:type="arc" />
      <link:loc xlink:type="locator" xlink:href="http://xbrl.fasb.org/us-gaap/2012/elts/us-gaap-2012-01-31.xsd#us-gaap_AccountsReceivableNetCurrent" xlink:label="loc_GWPCAccountsReceivableNetCurrent" />
      <link:presentationArc order="30" xlink:arcrole="http://www.xbrl.org/2003/arcrole/parent-child" xlink:from="loc_GWPCAssetsCurrentAbstract" xlink:to="loc_GWPCAccountsReceivableNetCurrent" xlink:type="arc" />
      <link:loc xlink:type="locator" xlink:href="http://xbrl.fasb.org/us-gaap/2012/elts/us-gaap-2012-01-31.xsd#us-gaap_AssetsCurrent" xlink:label="loc_GWPCAssetsCurrent" />
      <link:presentationArc order="40" xlink:arcrole="http://www.xbrl.org/2003/arcrole/parent-child" xlink:from="loc_GWPCAssetsCurrentAbstract" xlink:to="loc_GWPCAssetsCurrent" xlink:type="arc" preferredLabel="http://www.xbrl.org/2003/role/totalLabel" />
      <link:loc xlink:type="locator" xlink:href="http://xbrl.fasb.org/us-gaap/2012/elts/us-gaap-2012-01-31.xsd#us-gaap_Assets" xlink:label="loc_GWPCAssets" />
      <link:presentationArc order="60" xlink:arcrole="http://www.xbrl.org/2003/arcrole/parent-child" xlink:from="loc_GWPCAssetsCurrentAbstract" xlink:to="loc_GWPCAssets" xlink:type="arc" preferredLabel="http://www.xbrl.org/2003/role/totalLabel" />
      <link:loc xlink:type="locator" xlink:href="http://xbrl.fasb.org/us-gaap/2012/elts/us-gaap-2012-01-31.xsd#us-gaap_LiabilitiesAbstract" xlink:label="loc_GWPCLiabilitiesAbstract" />
      <link:presentationArc order="80" xlink:arcrole="http://www.xbrl.org/2003/arcrole/parent-child" xlink:from="loc_GWPCStatementOfFinancialPositionAbstract" xlink:to="loc_GWPCLiabilitiesAbstract" xlink:type="arc" />
      <link:loc xlink:type="locator" xlink:href="http://xbrl.fasb.org/us-gaap/2012/elts/us-gaap-2012-01-31.xsd#us-gaap_LiabilitiesCurrentAbstract" xlink:label="loc_GWPCLiabilitiesCurrentAbstract" />
      <link:presentationArc order="90" xlink:arcrole="http://www.xbrl.org/2003/arcrole/parent-child" xlink:from="loc_GWPCLiabilitiesAbstract" xlink:to="loc_GWPCLiabilitiesCurrentAbstract" xlink:type="arc" />
      <link:loc xlink:type="locator" xlink:href="http://xbrl.fasb.org/us-gaap/2012/elts/us-gaap-2012-01-31.xsd#us-gaap_AccountsPayableCurrent" xlink:label="loc_GWPCAccountsPayableCurrent" />
      <link:presentationArc order="100" xlink:arcrole="http://www.xbrl.org/2003/arcrole/parent-child" xlink:from="loc_GWPCLiabilitiesCurrentAbstract" xlink:to="loc_GWPCAccountsPayableCurrent" xlink:type="arc" />
      <link:loc xlink:type="locator" xlink:href="http://xbrl.fasb.org/us-gaap/2012/elts/us-gaap-2012-01-31.xsd#us-gaap_DueToRelatedPartiesCurrent" xlink:label="loc_GWPCDueToRelatedPartiesCurrent" />
      <link:presentationArc order="110" xlink:arcrole="http://www.xbrl.org/2003/arcrole/parent-child" xlink:from="loc_GWPCLiabilitiesCurrentAbstract" xlink:to="loc_GWPCDueToRelatedPartiesCurrent" xlink:type="arc" />
      <link:loc xlink:type="locator" xlink:href="http://xbrl.fasb.org/us-gaap/2012/elts/us-gaap-2012-01-31.xsd#us-gaap_LiabilitiesCurrent" xlink:label="loc_GWPCLiabilitiesCurrent" />
      <link:presentationArc order="120" xlink:arcrole="http://www.xbrl.org/2003/arcrole/parent-child" xlink:from="loc_GWPCLiabilitiesCurrentAbstract" xlink:to="loc_GWPCLiabilitiesCurrent" xlink:type="arc" preferredLabel="http://www.xbrl.org/2003/role/totalLabel" />
      <link:loc xlink:type="locator" xlink:href="http://xbrl.fasb.org/us-gaap/2012/elts/us-gaap-2012-01-31.xsd#us-gaap_Liabilities" xlink:label="loc_GWPCLiabilities" />
      <link:presentationArc order="140" xlink:arcrole="http://www.xbrl.org/2003/arcrole/parent-child" xlink:from="loc_GWPCLiabilitiesCurrentAbstract" xlink:to="loc_GWPCLiabilities" xlink:type="arc" />
      <link:loc xlink:type="locator" xlink:href="http://xbrl.fasb.org/us-gaap/2012/elts/us-gaap-2012-01-31.xsd#us-gaap_StockholdersEquityAbstract" xlink:label="loc_GWPCStockholdersEquityAbstract" />
      <link:presentationArc order="160" xlink:arcrole="http://www.xbrl.org/2003/arcrole/parent-child" xlink:from="loc_GWPCStatementOfFinancialPositionAbstract" xlink:to="loc_GWPCStockholdersEquityAbstract" xlink:type="arc" />
      <link:loc xlink:type="locator" xlink:href="http://xbrl.fasb.org/us-gaap/2012/elts/us-gaap-2012-01-31.xsd#us-gaap_PreferredStockValue" xlink:label="loc_GWPCPreferredStockValue" />
      <link:presentationArc order="170" xlink:arcrole="http://www.xbrl.org/2003/arcrole/parent-child" xlink:from="loc_GWPCStockholdersEquityAbstract" xlink:to="loc_GWPCPreferredStockValue" xlink:type="arc" />
      <link:loc xlink:type="locator" xlink:href="http://xbrl.fasb.org/us-gaap/2012/elts/us-gaap-2012-01-31.xsd#us-gaap_CommonStockValue" xlink:label="loc_GWPCCommonStockValue" />
      <link:presentationArc order="180" xlink:arcrole="http://www.xbrl.org/2003/arcrole/parent-child" xlink:from="loc_GWPCStockholdersEquityAbstract" xlink:to="loc_GWPCCommonStockValue" xlink:type="arc" />
      <link:loc xlink:type="locator" xlink:href="gwpc-20121130.xsd#GWPC_CommonStockSubscribedPaidInFullSharesUnissued" xlink:label="loc_GWPCCommonStockSubscribedPaidInFullSharesUnissued" />
      <link:presentationArc order="190" xlink:arcrole="http://www.xbrl.org/2003/arcrole/parent-child" xlink:from="loc_GWPCStockholdersEquityAbstract" xlink:to="loc_GWPCCommonStockSubscribedPaidInFullSharesUnissued" xlink:type="arc" />
      <link:loc xlink:type="locator" xlink:href="gwpc-20121130.xsd#GWPC_CommonStockToBeIssued" xlink:label="loc_GWPCCommonStockToBeIssued" />
      <link:presentationArc order="200" xlink:arcrole="http://www.xbrl.org/2003/arcrole/parent-child" xlink:from="loc_GWPCStockholdersEquityAbstract" xlink:to="loc_GWPCCommonStockToBeIssued" xlink:type="arc" />
      <link:loc xlink:type="locator" xlink:href="http://xbrl.fasb.org/us-gaap/2012/elts/us-gaap-2012-01-31.xsd#us-gaap_AdditionalPaidInCapital" xlink:label="loc_GWPCAdditionalPaidInCapital" />
      <link:presentationArc order="210" xlink:arcrole="http://www.xbrl.org/2003/arcrole/parent-child" xlink:from="loc_GWPCStockholdersEquityAbstract" xlink:to="loc_GWPCAdditionalPaidInCapital" xlink:type="arc" />
      <link:loc xlink:type="locator" xlink:href="http://xbrl.fasb.org/us-gaap/2012/elts/us-gaap-2012-01-31.xsd#us-gaap_RetainedEarningsAccumulatedDeficit" xlink:label="loc_GWPCRetainedEarningsAccumulatedDeficit" />
      <link:presentationArc order="220" xlink:arcrole="http://www.xbrl.org/2003/arcrole/parent-child" xlink:from="loc_GWPCStockholdersEquityAbstract" xlink:to="loc_GWPCRetainedEarningsAccumulatedDeficit" xlink:type="arc" />
      <link:loc xlink:type="locator" xlink:href="http://xbrl.fasb.org/us-gaap/2012/elts/us-gaap-2012-01-31.xsd#us-gaap_StockholdersEquity" xlink:label="loc_GWPCStockholdersEquity" />
      <link:presentationArc order="230" xlink:arcrole="http://www.xbrl.org/2003/arcrole/parent-child" xlink:from="loc_GWPCStockholdersEquityAbstract" xlink:to="loc_GWPCStockholdersEquity" xlink:type="arc" preferredLabel="http://www.xbrl.org/2003/role/totalLabel" />
      <link:loc xlink:type="locator" xlink:href="http://xbrl.fasb.org/us-gaap/2012/elts/us-gaap-2012-01-31.xsd#us-gaap_LiabilitiesAndStockholdersEquity" xlink:label="loc_GWPCLiabilitiesAndStockholdersEquity" />
      <link:presentationArc order="250" xlink:arcrole="http://www.xbrl.org/2003/arcrole/parent-child" xlink:from="loc_GWPCStockholdersEquityAbstract" xlink:to="loc_GWPCLiabilitiesAndStockholdersEquity" xlink:type="arc" />
    </link:presentationLink>
    <link:presentationLink xlink:type="extended" xlink:role="http://WHOLEHEALTH.COM/role/BalanceSheetsParenthetical" xlink:title="0003 - Statement - Balance Sheets (Parenthetical)">
      <link:loc xlink:type="locator" xlink:href="http://xbrl.fasb.org/us-gaap/2012/elts/us-gaap-2012-01-31.xsd#us-gaap_StatementOfFinancialPositionAbstract" xlink:label="loc_GWPCStatementOfFinancialPositionAbstract" />
      <link:loc xlink:type="locator" xlink:href="http://xbrl.fasb.org/us-gaap/2012/elts/us-gaap-2012-01-31.xsd#us-gaap_PreferredStockSharesAuthorized" xlink:label="loc_GWPCPreferredStockSharesAuthorized" />
      <link:presentationArc order="0" xlink:arcrole="http://www.xbrl.org/2003/arcrole/parent-child" xlink:from="loc_GWPCStatementOfFinancialPositionAbstract" xlink:to="loc_GWPCPreferredStockSharesAuthorized" xlink:type="arc" />
      <link:loc xlink:type="locator" xlink:href="http://xbrl.fasb.org/us-gaap/2012/elts/us-gaap-2012-01-31.xsd#us-gaap_PreferredStockParOrStatedValuePerShare" xlink:label="loc_GWPCPreferredStockParOrStatedValuePerShare" />
      <link:presentationArc order="10" xlink:arcrole="http://www.xbrl.org/2003/arcrole/parent-child" xlink:from="loc_GWPCStatementOfFinancialPositionAbstract" xlink:to="loc_GWPCPreferredStockParOrStatedValuePerShare" xlink:type="arc" />
      <link:loc xlink:type="locator" xlink:href="http://xbrl.fasb.org/us-gaap/2012/elts/us-gaap-2012-01-31.xsd#us-gaap_PreferredStockSharesIssued" xlink:label="loc_GWPCPreferredStockSharesIssued" />
      <link:presentationArc order="20" xlink:arcrole="http://www.xbrl.org/2003/arcrole/parent-child" xlink:from="loc_GWPCStatementOfFinancialPositionAbstract" xlink:to="loc_GWPCPreferredStockSharesIssued" xlink:type="arc" />
      <link:loc xlink:type="locator" xlink:href="http://xbrl.fasb.org/us-gaap/2012/elts/us-gaap-2012-01-31.xsd#us-gaap_CommonStockSharesAuthorized" xlink:label="loc_GWPCCommonStockSharesAuthorized" />
      <link:presentationArc order="30" xlink:arcrole="http://www.xbrl.org/2003/arcrole/parent-child" xlink:from="loc_GWPCStatementOfFinancialPositionAbstract" xlink:to="loc_GWPCCommonStockSharesAuthorized" xlink:type="arc" />
      <link:loc xlink:type="locator" xlink:href="http://xbrl.fasb.org/us-gaap/2012/elts/us-gaap-2012-01-31.xsd#us-gaap_CommonStockParOrStatedValuePerShare" xlink:label="loc_GWPCCommonStockParOrStatedValuePerShare" />
      <link:presentationArc order="40" xlink:arcrole="http://www.xbrl.org/2003/arcrole/parent-child" xlink:from="loc_GWPCStatementOfFinancialPositionAbstract" xlink:to="loc_GWPCCommonStockParOrStatedValuePerShare" xlink:type="arc" />
      <link:loc xlink:type="locator" xlink:href="http://xbrl.fasb.org/us-gaap/2012/elts/us-gaap-2012-01-31.xsd#us-gaap_CommonStockSharesOutstanding" xlink:label="loc_GWPCCommonStockSharesOutstanding" />
      <link:presentationArc order="50" xlink:arcrole="http://www.xbrl.org/2003/arcrole/parent-child" xlink:from="loc_GWPCStatementOfFinancialPositionAbstract" xlink:to="loc_GWPCCommonStockSharesOutstanding" xlink:type="arc" />
    </link:presentationLink>
    <link:presentationLink xlink:type="extended" xlink:role="http://WHOLEHEALTH.COM/role/StatementsOfOperations" xlink:title="0004 - Statement - Statements of Operations">
      <link:loc xlink:type="locator" xlink:href="http://xbrl.fasb.org/us-gaap/2012/elts/us-gaap-2012-01-31.xsd#us-gaap_IncomeStatementAbstract" xlink:label="loc_GWPCIncomeStatementAbstract" />
      <link:loc xlink:type="locator" xlink:href="http://xbrl.fasb.org/us-gaap/2012/elts/us-gaap-2012-01-31.xsd#us-gaap_Revenues" xlink:label="loc_GWPCRevenues" />
      <link:presentationArc order="0" xlink:arcrole="http://www.xbrl.org/2003/arcrole/parent-child" xlink:from="loc_GWPCIncomeStatementAbstract" xlink:to="loc_GWPCRevenues" xlink:type="arc" />
      <link:loc xlink:type="locator" xlink:href="http://xbrl.fasb.org/us-gaap/2012/elts/us-gaap-2012-01-31.xsd#us-gaap_CostOfServices" xlink:label="loc_GWPCCostOfServices" />
      <link:presentationArc order="10" xlink:arcrole="http://www.xbrl.org/2003/arcrole/parent-child" xlink:from="loc_GWPCIncomeStatementAbstract" xlink:to="loc_GWPCCostOfServices" xlink:type="arc" />
      <link:loc xlink:type="locator" xlink:href="http://xbrl.fasb.org/us-gaap/2012/elts/us-gaap-2012-01-31.xsd#us-gaap_GrossProfit" xlink:label="loc_GWPCGrossProfit" />
      <link:presentationArc order="30" xlink:arcrole="http://www.xbrl.org/2003/arcrole/parent-child" xlink:from="loc_GWPCIncomeStatementAbstract" xlink:to="loc_GWPCGrossProfit" xlink:type="arc" preferredLabel="http://www.xbrl.org/2003/role/totalLabel" />
      <link:loc xlink:type="locator" xlink:href="http://xbrl.fasb.org/us-gaap/2012/elts/us-gaap-2012-01-31.xsd#us-gaap_OperatingExpensesAbstract" xlink:label="loc_GWPCOperatingExpensesAbstract" />
      <link:presentationArc order="50" xlink:arcrole="http://www.xbrl.org/2003/arcrole/parent-child" xlink:from="loc_GWPCIncomeStatementAbstract" xlink:to="loc_GWPCOperatingExpensesAbstract" xlink:type="arc" />
      <link:loc xlink:type="locator" xlink:href="http://xbrl.fasb.org/us-gaap/2012/elts/us-gaap-2012-01-31.xsd#us-gaap_ShareBasedCompensation" xlink:label="loc_GWPCShareBasedCompensation" />
      <link:presentationArc order="60" xlink:arcrole="http://www.xbrl.org/2003/arcrole/parent-child" xlink:from="loc_GWPCOperatingExpensesAbstract" xlink:to="loc_GWPCShareBasedCompensation" xlink:type="arc" />
      <link:loc xlink:type="locator" xlink:href="http://xbrl.fasb.org/us-gaap/2012/elts/us-gaap-2012-01-31.xsd#us-gaap_ProfessionalFees" xlink:label="loc_GWPCProfessionalFees" />
      <link:presentationArc order="70" xlink:arcrole="http://www.xbrl.org/2003/arcrole/parent-child" xlink:from="loc_GWPCOperatingExpensesAbstract" xlink:to="loc_GWPCProfessionalFees" xlink:type="arc" />
      <link:loc xlink:type="locator" xlink:href="http://xbrl.fasb.org/us-gaap/2012/elts/us-gaap-2012-01-31.xsd#us-gaap_GeneralAndAdministrativeExpense" xlink:label="loc_GWPCGeneralAndAdministrativeExpense" />
      <link:presentationArc order="80" xlink:arcrole="http://www.xbrl.org/2003/arcrole/parent-child" xlink:from="loc_GWPCOperatingExpensesAbstract" xlink:to="loc_GWPCGeneralAndAdministrativeExpense" xlink:type="arc" />
      <link:loc xlink:type="locator" xlink:href="http://xbrl.fasb.org/us-gaap/2012/elts/us-gaap-2012-01-31.xsd#us-gaap_OperatingExpenses" xlink:label="loc_GWPCOperatingExpenses" />
      <link:presentationArc order="90" xlink:arcrole="http://www.xbrl.org/2003/arcrole/parent-child" xlink:from="loc_GWPCOperatingExpensesAbstract" xlink:to="loc_GWPCOperatingExpenses" xlink:type="arc" preferredLabel="http://www.xbrl.org/2003/role/totalLabel" />
      <link:loc xlink:type="locator" xlink:href="http://xbrl.fasb.org/us-gaap/2012/elts/us-gaap-2012-01-31.xsd#us-gaap_OperatingIncomeLoss" xlink:label="loc_GWPCOperatingIncomeLoss" />
      <link:presentationArc order="110" xlink:arcrole="http://www.xbrl.org/2003/arcrole/parent-child" xlink:from="loc_GWPCOperatingExpensesAbstract" xlink:to="loc_GWPCOperatingIncomeLoss" xlink:type="arc" preferredLabel="http://www.xbrl.org/2003/role/totalLabel" />
      <link:loc xlink:type="locator" xlink:href="http://xbrl.fasb.org/us-gaap/2012/elts/us-gaap-2012-01-31.xsd#us-gaap_IncomeLossFromContinuingOperationsBeforeInterestExpenseInterestIncomeIncomeTaxesExtraordinaryItemsNoncontrollingInterestsNet" xlink:label="loc_GWPCIncomeLossFromContinuingOperationsBeforeInterestExpenseInterestIncomeIncomeTaxesExtraordinaryItemsNoncontrollingInterestsNet" />
      <link:presentationArc order="130" xlink:arcrole="http://www.xbrl.org/2003/arcrole/parent-child" xlink:from="loc_GWPCOperatingExpensesAbstract" xlink:to="loc_GWPCIncomeLossFromContinuingOperationsBeforeInterestExpenseInterestIncomeIncomeTaxesExtraordinaryItemsNoncontrollingInterestsNet" xlink:type="arc" />
      <link:loc xlink:type="locator" xlink:href="http://xbrl.fasb.org/us-gaap/2012/elts/us-gaap-2012-01-31.xsd#us-gaap_IncomeTaxesPaid" xlink:label="loc_GWPCIncomeTaxesPaid" />
      <link:presentationArc order="150" xlink:arcrole="http://www.xbrl.org/2003/arcrole/parent-child" xlink:from="loc_GWPCOperatingExpensesAbstract" xlink:to="loc_GWPCIncomeTaxesPaid" xlink:type="arc" />
      <link:loc xlink:type="locator" xlink:href="http://xbrl.fasb.org/us-gaap/2012/elts/us-gaap-2012-01-31.xsd#us-gaap_NetIncomeLoss" xlink:label="loc_GWPCNetIncomeLoss" />
      <link:presentationArc order="170" xlink:arcrole="http://www.xbrl.org/2003/arcrole/parent-child" xlink:from="loc_GWPCOperatingExpensesAbstract" xlink:to="loc_GWPCNetIncomeLoss" xlink:type="arc" />
      <link:loc xlink:type="locator" xlink:href="http://xbrl.fasb.org/us-gaap/2012/elts/us-gaap-2012-01-31.xsd#us-gaap_EarningsPerShareBasicAndDiluted" xlink:label="loc_GWPCEarningsPerShareBasicAndDiluted" />
      <link:presentationArc order="190" xlink:arcrole="http://www.xbrl.org/2003/arcrole/parent-child" xlink:from="loc_GWPCOperatingExpensesAbstract" xlink:to="loc_GWPCEarningsPerShareBasicAndDiluted" xlink:type="arc" />
      <link:loc xlink:type="locator" xlink:href="http://xbrl.fasb.org/us-gaap/2012/elts/us-gaap-2012-01-31.xsd#us-gaap_WeightedAverageNumberOfShareOutstandingBasicAndDiluted" xlink:label="loc_GWPCWeightedAverageNumberOfShareOutstandingBasicAndDiluted" />
      <link:presentationArc order="220" xlink:arcrole="http://www.xbrl.org/2003/arcrole/parent-child" xlink:from="loc_GWPCOperatingExpensesAbstract" xlink:to="loc_GWPCWeightedAverageNumberOfShareOutstandingBasicAndDiluted" xlink:type="arc" />
    </link:presentationLink>
    <link:presentationLink xlink:type="extended" xlink:role="http://WHOLEHEALTH.COM/role/StatementsOfCashFlows" xlink:title="0005 - Statement - Statements of Cash Flows">
      <link:loc xlink:type="locator" xlink:href="http://xbrl.fasb.org/us-gaap/2012/elts/us-gaap-2012-01-31.xsd#us-gaap_StatementOfCashFlowsAbstract" xlink:label="loc_GWPCStatementOfCashFlowsAbstract" />
      <link:loc xlink:type="locator" xlink:href="http://xbrl.fasb.org/us-gaap/2012/elts/us-gaap-2012-01-31.xsd#us-gaap_NetIncomeLoss" xlink:label="loc_GWPCNetIncomeLoss" />
      <link:presentationArc order="0" xlink:arcrole="http://www.xbrl.org/2003/arcrole/parent-child" xlink:from="loc_GWPCStatementOfCashFlowsAbstract" xlink:to="loc_GWPCNetIncomeLoss" xlink:type="arc" />
      <link:loc xlink:type="locator" xlink:href="http://xbrl.fasb.org/us-gaap/2012/elts/us-gaap-2012-01-31.xsd#us-gaap_AdjustmentsToReconcileNetIncomeLossToCashProvidedByUsedInOperatingActivitiesAbstract" xlink:label="loc_GWPCAdjustmentsToReconcileNetIncomeLossToCashProvidedByUsedInOperatingActivitiesAbstract" />
      <link:presentationArc order="10" xlink:arcrole="http://www.xbrl.org/2003/arcrole/parent-child" xlink:from="loc_GWPCStatementOfCashFlowsAbstract" xlink:to="loc_GWPCAdjustmentsToReconcileNetIncomeLossToCashProvidedByUsedInOperatingActivitiesAbstract" xlink:type="arc" />
      <link:loc xlink:type="locator" xlink:href="gwpc-20121130.xsd#GWPC_SharesIssuedForServicesAndContributedServices" xlink:label="loc_GWPCSharesIssuedForServicesAndContributedServices" />
      <link:presentationArc order="20" xlink:arcrole="http://www.xbrl.org/2003/arcrole/parent-child" xlink:from="loc_GWPCStatementOfCashFlowsAbstract" xlink:to="loc_GWPCSharesIssuedForServicesAndContributedServices" xlink:type="arc" />
      <link:loc xlink:type="locator" xlink:href="http://xbrl.fasb.org/us-gaap/2012/elts/us-gaap-2012-01-31.xsd#us-gaap_IncreaseDecreaseInOperatingCapitalAbstract" xlink:label="loc_GWPCIncreaseDecreaseInOperatingCapitalAbstract" />
      <link:presentationArc order="30" xlink:arcrole="http://www.xbrl.org/2003/arcrole/parent-child" xlink:from="loc_GWPCStatementOfCashFlowsAbstract" xlink:to="loc_GWPCIncreaseDecreaseInOperatingCapitalAbstract" xlink:type="arc" />
      <link:loc xlink:type="locator" xlink:href="http://xbrl.fasb.org/us-gaap/2012/elts/us-gaap-2012-01-31.xsd#us-gaap_IncreaseDecreaseInInventories" xlink:label="loc_GWPCIncreaseDecreaseInInventories" />
      <link:presentationArc order="40" xlink:arcrole="http://www.xbrl.org/2003/arcrole/parent-child" xlink:from="loc_GWPCIncreaseDecreaseInOperatingCapitalAbstract" xlink:to="loc_GWPCIncreaseDecreaseInInventories" xlink:type="arc" />
      <link:loc xlink:type="locator" xlink:href="http://xbrl.fasb.org/us-gaap/2012/elts/us-gaap-2012-01-31.xsd#us-gaap_IncreaseDecreaseInAccountsPayable" xlink:label="loc_GWPCIncreaseDecreaseInAccountsPayable" />
      <link:presentationArc order="50" xlink:arcrole="http://www.xbrl.org/2003/arcrole/parent-child" xlink:from="loc_GWPCIncreaseDecreaseInOperatingCapitalAbstract" xlink:to="loc_GWPCIncreaseDecreaseInAccountsPayable" xlink:type="arc" />
      <link:loc xlink:type="locator" xlink:href="http://xbrl.fasb.org/us-gaap/2012/elts/us-gaap-2012-01-31.xsd#us-gaap_NetCashProvidedByUsedInOperatingActivities" xlink:label="loc_GWPCNetCashProvidedByUsedInOperatingActivities" />
      <link:presentationArc order="60" xlink:arcrole="http://www.xbrl.org/2003/arcrole/parent-child" xlink:from="loc_GWPCIncreaseDecreaseInOperatingCapitalAbstract" xlink:to="loc_GWPCNetCashProvidedByUsedInOperatingActivities" xlink:type="arc" />
      <link:loc xlink:type="locator" xlink:href="http://xbrl.fasb.org/us-gaap/2012/elts/us-gaap-2012-01-31.xsd#us-gaap_NetCashProvidedByUsedInInvestingActivitiesAbstract" xlink:label="loc_GWPCNetCashProvidedByUsedInInvestingActivitiesAbstract" />
      <link:presentationArc order="80" xlink:arcrole="http://www.xbrl.org/2003/arcrole/parent-child" xlink:from="loc_GWPCStatementOfCashFlowsAbstract" xlink:to="loc_GWPCNetCashProvidedByUsedInInvestingActivitiesAbstract" xlink:type="arc" />
      <link:loc xlink:type="locator" xlink:href="http://xbrl.fasb.org/us-gaap/2012/elts/us-gaap-2012-01-31.xsd#us-gaap_PaymentsToAcquireInterestInSubsidiariesAndAffiliates" xlink:label="loc_GWPCPaymentsToAcquireInterestInSubsidiariesAndAffiliates" />
      <link:presentationArc order="90" xlink:arcrole="http://www.xbrl.org/2003/arcrole/parent-child" xlink:from="loc_GWPCNetCashProvidedByUsedInInvestingActivitiesAbstract" xlink:to="loc_GWPCPaymentsToAcquireInterestInSubsidiariesAndAffiliates" xlink:type="arc" />
      <link:loc xlink:type="locator" xlink:href="http://xbrl.fasb.org/us-gaap/2012/elts/us-gaap-2012-01-31.xsd#us-gaap_NetCashProvidedByUsedInInvestingActivities" xlink:label="loc_GWPCNetCashProvidedByUsedInInvestingActivities" />
      <link:presentationArc order="100" xlink:arcrole="http://www.xbrl.org/2003/arcrole/parent-child" xlink:from="loc_GWPCNetCashProvidedByUsedInInvestingActivitiesAbstract" xlink:to="loc_GWPCNetCashProvidedByUsedInInvestingActivities" xlink:type="arc" preferredLabel="http://www.xbrl.org/2003/role/totalLabel" />
      <link:loc xlink:type="locator" xlink:href="http://xbrl.fasb.org/us-gaap/2012/elts/us-gaap-2012-01-31.xsd#us-gaap_NetCashProvidedByUsedInFinancingActivitiesAbstract" xlink:label="loc_GWPCNetCashProvidedByUsedInFinancingActivitiesAbstract" />
      <link:presentationArc order="120" xlink:arcrole="http://www.xbrl.org/2003/arcrole/parent-child" xlink:from="loc_GWPCStatementOfCashFlowsAbstract" xlink:to="loc_GWPCNetCashProvidedByUsedInFinancingActivitiesAbstract" xlink:type="arc" />
      <link:loc xlink:type="locator" xlink:href="http://xbrl.fasb.org/us-gaap/2012/elts/us-gaap-2012-01-31.xsd#us-gaap_ProceedsFromIssuanceOfCommonStock" xlink:label="loc_GWPCProceedsFromIssuanceOfCommonStock" />
      <link:presentationArc order="130" xlink:arcrole="http://www.xbrl.org/2003/arcrole/parent-child" xlink:from="loc_GWPCNetCashProvidedByUsedInFinancingActivitiesAbstract" xlink:to="loc_GWPCProceedsFromIssuanceOfCommonStock" xlink:type="arc" />
      <link:loc xlink:type="locator" xlink:href="http://xbrl.fasb.org/us-gaap/2012/elts/us-gaap-2012-01-31.xsd#us-gaap_NetCashProvidedByUsedInFinancingActivities" xlink:label="loc_GWPCNetCashProvidedByUsedInFinancingActivities" />
      <link:presentationArc order="140" xlink:arcrole="http://www.xbrl.org/2003/arcrole/parent-child" xlink:from="loc_GWPCNetCashProvidedByUsedInFinancingActivitiesAbstract" xlink:to="loc_GWPCNetCashProvidedByUsedInFinancingActivities" xlink:type="arc" preferredLabel="http://www.xbrl.org/2003/role/totalLabel" />
      <link:loc xlink:type="locator" xlink:href="http://xbrl.fasb.org/us-gaap/2012/elts/us-gaap-2012-01-31.xsd#us-gaap_CashAndCashEquivalentsPeriodIncreaseDecrease" xlink:label="loc_GWPCCashAndCashEquivalentsPeriodIncreaseDecrease" />
      <link:presentationArc order="160" xlink:arcrole="http://www.xbrl.org/2003/arcrole/parent-child" xlink:from="loc_GWPCStatementOfCashFlowsAbstract" xlink:to="loc_GWPCCashAndCashEquivalentsPeriodIncreaseDecrease" xlink:type="arc" />
      <link:loc xlink:type="locator" xlink:href="http://xbrl.fasb.org/us-gaap/2012/elts/us-gaap-2012-01-31.xsd#us-gaap_CashAndCashEquivalentsAtCarryingValue" xlink:label="loc_GWPCCashAndCashEquivalentsAtCarryingValue" />
      <link:presentationArc order="170" xlink:arcrole="http://www.xbrl.org/2003/arcrole/parent-child" xlink:from="loc_GWPCStatementOfCashFlowsAbstract" xlink:to="loc_GWPCCashAndCashEquivalentsAtCarryingValue" xlink:type="arc" preferredLabel="http://www.xbrl.org/2003/role/periodStartLabel" />
      <link:loc xlink:type="locator" xlink:href="http://xbrl.fasb.org/us-gaap/2012/elts/us-gaap-2012-01-31.xsd#us-gaap_CashAndCashEquivalentsAtCarryingValue" xlink:label="loc_GWPCCashAndCashEquivalentsAtCarryingValue_2" />
      <link:presentationArc order="180" xlink:arcrole="http://www.xbrl.org/2003/arcrole/parent-child" xlink:from="loc_GWPCStatementOfCashFlowsAbstract" xlink:to="loc_GWPCCashAndCashEquivalentsAtCarryingValue_2" xlink:type="arc" preferredLabel="http://www.xbrl.org/2003/role/periodEndLabel" />
      <link:loc xlink:type="locator" xlink:href="http://xbrl.fasb.org/us-gaap/2012/elts/us-gaap-2012-01-31.xsd#us-gaap_SupplementalCashFlowInformationAbstract" xlink:label="loc_GWPCSupplementalCashFlowInformationAbstract" />
      <link:presentationArc order="200" xlink:arcrole="http://www.xbrl.org/2003/arcrole/parent-child" xlink:from="loc_GWPCStatementOfCashFlowsAbstract" xlink:to="loc_GWPCSupplementalCashFlowInformationAbstract" xlink:type="arc" />
      <link:loc xlink:type="locator" xlink:href="http://xbrl.fasb.org/us-gaap/2012/elts/us-gaap-2012-01-31.xsd#us-gaap_InterestPaid" xlink:label="loc_GWPCInterestPaid" />
      <link:presentationArc order="210" xlink:arcrole="http://www.xbrl.org/2003/arcrole/parent-child" xlink:from="loc_GWPCSupplementalCashFlowInformationAbstract" xlink:to="loc_GWPCInterestPaid" xlink:type="arc" />
      <link:loc xlink:type="locator" xlink:href="http://xbrl.fasb.org/us-gaap/2012/elts/us-gaap-2012-01-31.xsd#us-gaap_IncomeTaxesPaid" xlink:label="loc_GWPCIncomeTaxesPaid" />
      <link:presentationArc order="220" xlink:arcrole="http://www.xbrl.org/2003/arcrole/parent-child" xlink:from="loc_GWPCSupplementalCashFlowInformationAbstract" xlink:to="loc_GWPCIncomeTaxesPaid" xlink:type="arc" preferredLabel="http://www.xbrl.org/2003/role/verboseLabel" />
    </link:presentationLink>
    <link:presentationLink xlink:type="extended" xlink:role="http://WHOLEHEALTH.COM/role/Note1-OrganizationAndDescriptionOfBusiness" xlink:title="0006 - Disclosure - NOTE 1 - ORGANIZATION AND DESCRIPTION OF BUSINESS">
      <link:loc xlink:type="locator" xlink:href="http://xbrl.fasb.org/us-gaap/2012/elts/us-gaap-2012-01-31.xsd#us-gaap_OrganizationConsolidationAndPresentationOfFinancialStatementsAbstract" xlink:label="loc_GWPCOrganizationConsolidationAndPresentationOfFinancialStatementsAbstract" />
      <link:loc xlink:type="locator" xlink:href="http://xbrl.fasb.org/us-gaap/2012/elts/us-gaap-2012-01-31.xsd#us-gaap_NatureOfOperations" xlink:label="loc_GWPCNatureOfOperations" />
      <link:presentationArc order="0" xlink:arcrole="http://www.xbrl.org/2003/arcrole/parent-child" xlink:from="loc_GWPCOrganizationConsolidationAndPresentationOfFinancialStatementsAbstract" xlink:to="loc_GWPCNatureOfOperations" xlink:type="arc" />
    </link:presentationLink>
    <link:presentationLink xlink:type="extended" xlink:role="http://WHOLEHEALTH.COM/role/Note2-SummaryOfSignificantAccountingPolicies" xlink:title="0007 - Disclosure - NOTE 2 - SUMMARY OF SIGNIFICANT ACCOUNTING POLICIES">
      <link:loc xlink:type="locator" xlink:href="http://xbrl.fasb.org/us-gaap/2012/elts/us-gaap-2012-01-31.xsd#us-gaap_AccountingPoliciesAbstract" xlink:label="loc_GWPCAccountingPoliciesAbstract" />
      <link:loc xlink:type="locator" xlink:href="http://xbrl.fasb.org/us-gaap/2012/elts/us-gaap-2012-01-31.xsd#us-gaap_SignificantAccountingPoliciesTextBlock" xlink:label="loc_GWPCSignificantAccountingPoliciesTextBlock" />
      <link:presentationArc order="0" xlink:arcrole="http://www.xbrl.org/2003/arcrole/parent-child" xlink:from="loc_GWPCAccountingPoliciesAbstract" xlink:to="loc_GWPCSignificantAccountingPoliciesTextBlock" xlink:type="arc" />
    </link:presentationLink>
    <link:presentationLink xlink:type="extended" xlink:role="http://WHOLEHEALTH.COM/role/Note3-GoingConcern" xlink:title="0008 - Disclosure - NOTE 3 - GOING CONCERN">
      <link:loc xlink:type="locator" xlink:href="http://xbrl.fasb.org/us-gaap/2012/elts/us-gaap-2012-01-31.xsd#us-gaap_OrganizationConsolidationAndPresentationOfFinancialStatementsAbstract" xlink:label="loc_GWPCOrganizationConsolidationAndPresentationOfFinancialStatementsAbstract" />
      <link:loc xlink:type="locator" xlink:href="http://xbrl.fasb.org/us-gaap/2012/elts/us-gaap-2012-01-31.xsd#us-gaap_LiquidityDisclosureTextBlock" xlink:label="loc_GWPCLiquidityDisclosureTextBlock" />
      <link:presentationArc order="0" xlink:arcrole="http://www.xbrl.org/2003/arcrole/parent-child" xlink:from="loc_GWPCOrganizationConsolidationAndPresentationOfFinancialStatementsAbstract" xlink:to="loc_GWPCLiquidityDisclosureTextBlock" xlink:type="arc" />
    </link:presentationLink>
    <link:presentationLink xlink:type="extended" xlink:role="http://WHOLEHEALTH.COM/role/Note4-RelatedPartyTransactions" xlink:title="0009 - Disclosure - NOTE 4 - RELATED PARTY TRANSACTIONS">
      <link:loc xlink:type="locator" xlink:href="http://xbrl.fasb.org/us-gaap/2012/elts/us-gaap-2012-01-31.xsd#us-gaap_RelatedPartyTransactionsAbstract" xlink:label="loc_GWPCRelatedPartyTransactionsAbstract" />
      <link:loc xlink:type="locator" xlink:href="http://xbrl.fasb.org/us-gaap/2012/elts/us-gaap-2012-01-31.xsd#us-gaap_RelatedPartyTransactionsDisclosureTextBlock" xlink:label="loc_GWPCRelatedPartyTransactionsDisclosureTextBlock" />
      <link:presentationArc order="0" xlink:arcrole="http://www.xbrl.org/2003/arcrole/parent-child" xlink:from="loc_GWPCRelatedPartyTransactionsAbstract" xlink:to="loc_GWPCRelatedPartyTransactionsDisclosureTextBlock" xlink:type="arc" />
    </link:presentationLink>
    <link:presentationLink xlink:type="extended" xlink:role="http://WHOLEHEALTH.COM/role/Note5-Equity" xlink:title="0010 - Disclosure - NOTE 5 - EQUITY">
      <link:loc xlink:type="locator" xlink:href="http://xbrl.fasb.org/us-gaap/2012/elts/us-gaap-2012-01-31.xsd#us-gaap_EquityAbstract" xlink:label="loc_GWPCEquityAbstract" />
      <link:loc xlink:type="locator" xlink:href="http://xbrl.fasb.org/us-gaap/2012/elts/us-gaap-2012-01-31.xsd#us-gaap_StockholdersEquityNoteDisclosureTextBlock" xlink:label="loc_GWPCStockholdersEquityNoteDisclosureTextBlock" />
      <link:presentationArc order="0" xlink:arcrole="http://www.xbrl.org/2003/arcrole/parent-child" xlink:from="loc_GWPCEquityAbstract" xlink:to="loc_GWPCStockholdersEquityNoteDisclosureTextBlock" xlink:type="arc" />
    </link:presentationLink>
    <link:presentationLink xlink:type="extended" xlink:role="http://WHOLEHEALTH.COM/role/Note6-CommitmentsAndContingencies" xlink:title="0011 - Disclosure - NOTE 6 - COMMITMENTS AND CONTINGENCIES">
      <link:loc xlink:type="locator" xlink:href="http://xbrl.fasb.org/us-gaap/2012/elts/us-gaap-2012-01-31.xsd#us-gaap_CommitmentsAndContingenciesDisclosureAbstract" xlink:label="loc_GWPCCommitmentsAndContingenciesDisclosureAbstract" />
      <link:loc xlink:type="locator" xlink:href="http://xbrl.fasb.org/us-gaap/2012/elts/us-gaap-2012-01-31.xsd#us-gaap_CommitmentsAndContingenciesDisclosureTextBlock" xlink:label="loc_GWPCCommitmentsAndContingenciesDisclosureTextBlock" />
      <link:presentationArc order="0" xlink:arcrole="http://www.xbrl.org/2003/arcrole/parent-child" xlink:from="loc_GWPCCommitmentsAndContingenciesDisclosureAbstract" xlink:to="loc_GWPCCommitmentsAndContingenciesDisclosureTextBlock" xlink:type="arc" />
    </link:presentationLink>
    <link:presentationLink xlink:type="extended" xlink:role="http://WHOLEHEALTH.COM/role/Note7-SubsequentEvents" xlink:title="0012 - Disclosure - NOTE 7 - SUBSEQUENT EVENTS">
      <link:loc xlink:type="locator" xlink:href="http://xbrl.fasb.org/us-gaap/2012/elts/us-gaap-2012-01-31.xsd#us-gaap_SubsequentEventsAbstract" xlink:label="loc_GWPCSubsequentEventsAbstract" />
      <link:loc xlink:type="locator" xlink:href="http://xbrl.fasb.org/us-gaap/2012/elts/us-gaap-2012-01-31.xsd#us-gaap_SubsequentEventsTextBlock" xlink:label="loc_GWPCSubsequentEventsTextBlock" />
      <link:presentationArc order="0" xlink:arcrole="http://www.xbrl.org/2003/arcrole/parent-child" xlink:from="loc_GWPCSubsequentEventsAbstract" xlink:to="loc_GWPCSubsequentEventsTextBlock" xlink:type="arc" />
    </link:presentationLink>
    <link:presentationLink xlink:type="extended" xlink:role="http://WHOLEHEALTH.COM/role/Note2-SummaryOfSignificantAccountingPoliciesPolicies" xlink:title="0013 - Disclosure - NOTE 2 - SUMMARY OF SIGNIFICANT ACCOUNTING POLICIES (Policies)">
      <link:loc xlink:type="locator" xlink:href="http://xbrl.fasb.org/us-gaap/2012/elts/us-gaap-2012-01-31.xsd#us-gaap_AccountingPoliciesAbstract" xlink:label="loc_GWPCAccountingPoliciesAbstract" />
      <link:loc xlink:type="locator" xlink:href="http://xbrl.fasb.org/us-gaap/2012/elts/us-gaap-2012-01-31.xsd#us-gaap_UseOfEstimates" xlink:label="loc_GWPCUseOfEstimates" />
      <link:presentationArc order="0" xlink:arcrole="http://www.xbrl.org/2003/arcrole/parent-child" xlink:from="loc_GWPCAccountingPoliciesAbstract" xlink:to="loc_GWPCUseOfEstimates" xlink:type="arc" />
      <link:loc xlink:type="locator" xlink:href="http://xbrl.fasb.org/us-gaap/2012/elts/us-gaap-2012-01-31.xsd#us-gaap_FairValueOfFinancialInstrumentsPolicy" xlink:label="loc_GWPCFairValueOfFinancialInstrumentsPolicy" />
      <link:presentationArc order="10" xlink:arcrole="http://www.xbrl.org/2003/arcrole/parent-child" xlink:from="loc_GWPCAccountingPoliciesAbstract" xlink:to="loc_GWPCFairValueOfFinancialInstrumentsPolicy" xlink:type="arc" />
      <link:loc xlink:type="locator" xlink:href="http://xbrl.fasb.org/us-gaap/2012/elts/us-gaap-2012-01-31.xsd#us-gaap_PropertyPlantAndEquipmentPolicyTextBlock" xlink:label="loc_GWPCPropertyPlantAndEquipmentPolicyTextBlock" />
      <link:presentationArc order="20" xlink:arcrole="http://www.xbrl.org/2003/arcrole/parent-child" xlink:from="loc_GWPCAccountingPoliciesAbstract" xlink:to="loc_GWPCPropertyPlantAndEquipmentPolicyTextBlock" xlink:type="arc" />
      <link:loc xlink:type="locator" xlink:href="http://xbrl.fasb.org/us-gaap/2012/elts/us-gaap-2012-01-31.xsd#us-gaap_ImpairmentOrDisposalOfLongLivedAssetsPolicyTextBlock" xlink:label="loc_GWPCImpairmentOrDisposalOfLongLivedAssetsPolicyTextBlock" />
      <link:presentationArc order="30" xlink:arcrole="http://www.xbrl.org/2003/arcrole/parent-child" xlink:from="loc_GWPCAccountingPoliciesAbstract" xlink:to="loc_GWPCImpairmentOrDisposalOfLongLivedAssetsPolicyTextBlock" xlink:type="arc" />
      <link:loc xlink:type="locator" xlink:href="http://xbrl.fasb.org/us-gaap/2012/elts/us-gaap-2012-01-31.xsd#us-gaap_CommitmentsAndContingenciesPolicyTextBlock" xlink:label="loc_GWPCCommitmentsAndContingenciesPolicyTextBlock" />
      <link:presentationArc order="40" xlink:arcrole="http://www.xbrl.org/2003/arcrole/parent-child" xlink:from="loc_GWPCAccountingPoliciesAbstract" xlink:to="loc_GWPCCommitmentsAndContingenciesPolicyTextBlock" xlink:type="arc" />
      <link:loc xlink:type="locator" xlink:href="http://xbrl.fasb.org/us-gaap/2012/elts/us-gaap-2012-01-31.xsd#us-gaap_RevenueRecognitionPolicyTextBlock" xlink:label="loc_GWPCRevenueRecognitionPolicyTextBlock" />
      <link:presentationArc order="50" xlink:arcrole="http://www.xbrl.org/2003/arcrole/parent-child" xlink:from="loc_GWPCAccountingPoliciesAbstract" xlink:to="loc_GWPCRevenueRecognitionPolicyTextBlock" xlink:type="arc" />
      <link:loc xlink:type="locator" xlink:href="http://xbrl.fasb.org/us-gaap/2012/elts/us-gaap-2012-01-31.xsd#us-gaap_IncomeTaxPolicyTextBlock" xlink:label="loc_GWPCIncomeTaxPolicyTextBlock" />
      <link:presentationArc order="60" xlink:arcrole="http://www.xbrl.org/2003/arcrole/parent-child" xlink:from="loc_GWPCAccountingPoliciesAbstract" xlink:to="loc_GWPCIncomeTaxPolicyTextBlock" xlink:type="arc" />
      <link:loc xlink:type="locator" xlink:href="http://xbrl.fasb.org/us-gaap/2012/elts/us-gaap-2012-01-31.xsd#us-gaap_NewAccountingPronouncementsPolicyPolicyTextBlock" xlink:label="loc_GWPCNewAccountingPronouncementsPolicyPolicyTextBlock" />
      <link:presentationArc order="70" xlink:arcrole="http://www.xbrl.org/2003/arcrole/parent-child" xlink:from="loc_GWPCAccountingPoliciesAbstract" xlink:to="loc_GWPCNewAccountingPronouncementsPolicyPolicyTextBlock" xlink:type="arc" />
    </link:presentationLink>
    <link:presentationLink xlink:type="extended" xlink:role="http://WHOLEHEALTH.COM/role/Note2-SummaryOfSignificantAccountingPoliciesDetails" xlink:title="0014 - Disclosure - NOTE 2 - SUMMARY OF SIGNIFICANT ACCOUNTING POLICIES (Details)">
      <link:loc xlink:type="locator" xlink:href="http://xbrl.fasb.org/us-gaap/2012/elts/us-gaap-2012-01-31.xsd#us-gaap_AccountingPoliciesAbstract" xlink:label="loc_GWPCAccountingPoliciesAbstract" />
      <link:loc xlink:type="locator" xlink:href="http://xbrl.fasb.org/us-gaap/2012/elts/us-gaap-2012-01-31.xsd#us-gaap_AdvertisingExpense" xlink:label="loc_GWPCAdvertisingExpense" />
      <link:presentationArc order="0" xlink:arcrole="http://www.xbrl.org/2003/arcrole/parent-child" xlink:from="loc_GWPCAccountingPoliciesAbstract" xlink:to="loc_GWPCAdvertisingExpense" xlink:type="arc" />
    </link:presentationLink>
    <link:presentationLink xlink:type="extended" xlink:role="http://WHOLEHEALTH.COM/role/Note4-RelatedPartyTransactionsDetails" xlink:title="0015 - Disclosure - NOTE 4 - RELATED PARTY TRANSACTIONS (Details)">
      <link:loc xlink:type="locator" xlink:href="http://xbrl.fasb.org/us-gaap/2012/elts/us-gaap-2012-01-31.xsd#us-gaap_RelatedPartyTransactionsAbstract" xlink:label="loc_GWPCRelatedPartyTransactionsAbstract" />
      <link:loc xlink:type="locator" xlink:href="gwpc-20121130.xsd#GWPC_ConsultingFeesPaidToOfficer" xlink:label="loc_GWPCConsultingFeesPaidToOfficer" />
      <link:presentationArc order="0" xlink:arcrole="http://www.xbrl.org/2003/arcrole/parent-child" xlink:from="loc_GWPCRelatedPartyTransactionsAbstract" xlink:to="loc_GWPCConsultingFeesPaidToOfficer" xlink:type="arc" />
    </link:presentationLink>
    <link:presentationLink xlink:type="extended" xlink:role="http://WHOLEHEALTH.COM/role/Note5-EquityDetails" xlink:title="0016 - Disclosure - NOTE 5 - EQUITY (Details)">
      <link:loc xlink:type="locator" xlink:href="http://xbrl.fasb.org/us-gaap/2012/elts/us-gaap-2012-01-31.xsd#us-gaap_StockholdersEquityAbstract" xlink:label="loc_GWPCStockholdersEquityAbstract" />
      <link:loc xlink:type="locator" xlink:href="http://xbrl.fasb.org/us-gaap/2012/elts/us-gaap-2012-01-31.xsd#us-gaap_StockholdersEquityNoteStockSplitConversionRatio" xlink:label="loc_GWPCStockholdersEquityNoteStockSplitConversionRatio" />
      <link:presentationArc order="0" xlink:arcrole="http://www.xbrl.org/2003/arcrole/parent-child" xlink:from="loc_GWPCStockholdersEquityAbstract" xlink:to="loc_GWPCStockholdersEquityNoteStockSplitConversionRatio" xlink:type="arc" />
      <link:loc xlink:type="locator" xlink:href="http://xbrl.fasb.org/us-gaap/2012/elts/us-gaap-2012-01-31.xsd#us-gaap_ProceedsFromIssuanceOfCommonStock" xlink:label="loc_GWPCProceedsFromIssuanceOfCommonStock" />
      <link:presentationArc order="10" xlink:arcrole="http://www.xbrl.org/2003/arcrole/parent-child" xlink:from="loc_GWPCStockholdersEquityAbstract" xlink:to="loc_GWPCProceedsFromIssuanceOfCommonStock" xlink:type="arc" />
      <link:loc xlink:type="locator" xlink:href="gwpc-20121130.xsd#GWPC_CashReceivedForStockToBeIssuedShares" xlink:label="loc_GWPCCashReceivedForStockToBeIssuedShares" />
      <link:presentationArc order="20" xlink:arcrole="http://www.xbrl.org/2003/arcrole/parent-child" xlink:from="loc_GWPCStockholdersEquityAbstract" xlink:to="loc_GWPCCashReceivedForStockToBeIssuedShares" xlink:type="arc" />
      <link:loc xlink:type="locator" xlink:href="http://xbrl.fasb.org/us-gaap/2012/elts/us-gaap-2012-01-31.xsd#us-gaap_ClassOfWarrantOrRightExercisePriceOfWarrantsOrRights" xlink:label="loc_GWPCClassOfWarrantOrRightExercisePriceOfWarrantsOrRights" />
      <link:presentationArc order="30" xlink:arcrole="http://www.xbrl.org/2003/arcrole/parent-child" xlink:from="loc_GWPCStockholdersEquityAbstract" xlink:to="loc_GWPCClassOfWarrantOrRightExercisePriceOfWarrantsOrRights" xlink:type="arc" />
      <link:loc xlink:type="locator" xlink:href="gwpc-20121130.xsd#GWPC_WarrantTerms" xlink:label="loc_GWPCWarrantTerms" />
      <link:presentationArc order="40" xlink:arcrole="http://www.xbrl.org/2003/arcrole/parent-child" xlink:from="loc_GWPCStockholdersEquityAbstract" xlink:to="loc_GWPCWarrantTerms" xlink:type="arc" />
      <link:loc xlink:type="locator" xlink:href="gwpc-20121130.xsd#GWPC_NumberOfWarrantsToBeIssued" xlink:label="loc_GWPCNumberOfWarrantsToBeIssued" />
      <link:presentationArc order="50" xlink:arcrole="http://www.xbrl.org/2003/arcrole/parent-child" xlink:from="loc_GWPCStockholdersEquityAbstract" xlink:to="loc_GWPCNumberOfWarrantsToBeIssued" xlink:type="arc" />
      <link:loc xlink:type="locator" xlink:href="gwpc-20121130.xsd#GWPC_SharesIssuedForServicesAndContributedServices" xlink:label="loc_GWPCSharesIssuedForServicesAndContributedServices" />
      <link:presentationArc order="60" xlink:arcrole="http://www.xbrl.org/2003/arcrole/parent-child" xlink:from="loc_GWPCStockholdersEquityAbstract" xlink:to="loc_GWPCSharesIssuedForServicesAndContributedServices" xlink:type="arc" />
      <link:loc xlink:type="locator" xlink:href="gwpc-20121130.xsd#GWPC_CommonStockToBeIssuedForServicesShares" xlink:label="loc_GWPCCommonStockToBeIssuedForServicesShares" />
      <link:presentationArc order="70" xlink:arcrole="http://www.xbrl.org/2003/arcrole/parent-child" xlink:from="loc_GWPCStockholdersEquityAbstract" xlink:to="loc_GWPCCommonStockToBeIssuedForServicesShares" xlink:type="arc" />
      <link:loc xlink:type="locator" xlink:href="gwpc-20121130.xsd#GWPC_CommonStockToBeIssuedForServicesPerShare" xlink:label="loc_GWPCCommonStockToBeIssuedForServicesPerShare" />
      <link:presentationArc order="80" xlink:arcrole="http://www.xbrl.org/2003/arcrole/parent-child" xlink:from="loc_GWPCStockholdersEquityAbstract" xlink:to="loc_GWPCCommonStockToBeIssuedForServicesPerShare" xlink:type="arc" />
    </link:presentationLink>
    <link:presentationLink xlink:type="extended" xlink:role="http://WHOLEHEALTH.COM/role/Note6-CommitmentsAndContengenciesDetails" xlink:title="0017 - Disclosure - NOTE 6 - COMMITMENTS AND CONTENGENCIES (Details)">
      <link:loc xlink:type="locator" xlink:href="http://xbrl.fasb.org/us-gaap/2012/elts/us-gaap-2012-01-31.xsd#us-gaap_CommitmentsAndContingenciesDisclosureAbstract" xlink:label="loc_GWPCCommitmentsAndContingenciesDisclosureAbstract" />
      <link:loc xlink:type="locator" xlink:href="http://xbrl.fasb.org/us-gaap/2012/elts/us-gaap-2012-01-31.xsd#us-gaap_LeaseAndRentalExpense" xlink:label="loc_GWPCLeaseAndRentalExpense" />
      <link:presentationArc order="0" xlink:arcrole="http://www.xbrl.org/2003/arcrole/parent-child" xlink:from="loc_GWPCCommitmentsAndContingenciesDisclosureAbstract" xlink:to="loc_GWPCLeaseAndRentalExpense" xlink:type="arc" />
    </link:presentationLink>
    <link:presentationLink xlink:type="extended" xlink:role="http://WHOLEHEALTH.COM/role/Note7-SubsequentEventsDetails" xlink:title="0018 - Disclosure - NOTE 7 - SUBSEQUENT EVENTS (Details)">
      <link:loc xlink:type="locator" xlink:href="http://xbrl.fasb.org/us-gaap/2012/elts/us-gaap-2012-01-31.xsd#us-gaap_SubsequentEventsAbstract" xlink:label="loc_GWPCSubsequentEventsAbstract" />
      <link:loc xlink:type="locator" xlink:href="gwpc-20121130.xsd#GWPC_CashReceivedForStockToBeIssued" xlink:label="loc_GWPCCashReceivedForStockToBeIssued" />
      <link:presentationArc order="0" xlink:arcrole="http://www.xbrl.org/2003/arcrole/parent-child" xlink:from="loc_GWPCSubsequentEventsAbstract" xlink:to="loc_GWPCCashReceivedForStockToBeIssued" xlink:type="arc" />
      <link:loc xlink:type="locator" xlink:href="gwpc-20121130.xsd#GWPC_ProceedsFromSaleOfCommonStockSharesSubsequent" xlink:label="loc_GWPCProceedsFromSaleOfCommonStockSharesSubsequent" />
      <link:presentationArc order="10" xlink:arcrole="http://www.xbrl.org/2003/arcrole/parent-child" xlink:from="loc_GWPCSubsequentEventsAbstract" xlink:to="loc_GWPCProceedsFromSaleOfCommonStockSharesSubsequent" xlink:type="arc" />
    </link:presentationLink>
</link:linkbase>
