<?xml version="1.0" encoding="US-ASCII" ?>
    <!-- Field: Doc-Info; Name: Generator; Value: GoFiler Complete; Version: 3.4b -->
    <!-- Field: Doc-Info; Name: VendorURI; Value: http://www.novaworks.co -->
    <!-- Field: Doc-Info; Name: Source; Value: gwpc.xfr; Date: 2013/01/29T22:19:45 -->
    <!-- Field: Doc-Info; Name: Status; Value: 0x00000000 -->
<xbrli:xbrl xmlns:xsi="http://www.w3.org/2001/XMLSchema-instance" xmlns:xlink="http://www.w3.org/1999/xlink" xmlns:link="http://www.xbrl.org/2003/linkbase" xmlns:xbrli="http://www.xbrl.org/2003/instance" xmlns:xbrldt="http://xbrl.org/2005/xbrldt" xmlns:xbrldi="http://xbrl.org/2006/xbrldi" xmlns:dei="http://xbrl.sec.gov/dei/2012-01-31" xmlns:ref="http://www.xbrl.org/2006/ref" xmlns:iso4217="http://www.xbrl.org/2003/iso4217" xmlns:us-gaap="http://fasb.org/us-gaap/2012-01-31" xmlns:us-roles="http://fasb.org/us-roles/2012-01-31" xmlns:num="http://www.xbrl.org/dtr/type/numeric" xmlns:GWPC="http://WHOLEHEALTH.COM/20121130">
    <link:schemaRef xlink:href="gwpc-20121130.xsd" xlink:type="simple" />
    <xbrli:context id="From2012-09-01to2012-11-30">
      <xbrli:entity>
        <xbrli:identifier scheme="http://www.sec.gov/CIK">0001359699</xbrli:identifier>
      </xbrli:entity>
      <xbrli:period>
        <xbrli:startDate>2012-09-01</xbrli:startDate>
        <xbrli:endDate>2012-11-30</xbrli:endDate>
      </xbrli:period>
    </xbrli:context>
    <xbrli:context id="AsOf2012-02-28">
      <xbrli:entity>
        <xbrli:identifier scheme="http://www.sec.gov/CIK">0001359699</xbrli:identifier>
      </xbrli:entity>
      <xbrli:period>
        <xbrli:instant>2012-02-28</xbrli:instant>
      </xbrli:period>
    </xbrli:context>
    <xbrli:context id="AsOf2013-01-28">
      <xbrli:entity>
        <xbrli:identifier scheme="http://www.sec.gov/CIK">0001359699</xbrli:identifier>
      </xbrli:entity>
      <xbrli:period>
        <xbrli:instant>2013-01-28</xbrli:instant>
      </xbrli:period>
    </xbrli:context>
    <xbrli:context id="AsOf2012-11-30">
      <xbrli:entity>
        <xbrli:identifier scheme="http://www.sec.gov/CIK">0001359699</xbrli:identifier>
      </xbrli:entity>
      <xbrli:period>
        <xbrli:instant>2012-11-30</xbrli:instant>
      </xbrli:period>
    </xbrli:context>
    <xbrli:context id="AsOf2012-08-31">
      <xbrli:entity>
        <xbrli:identifier scheme="http://www.sec.gov/CIK">0001359699</xbrli:identifier>
      </xbrli:entity>
      <xbrli:period>
        <xbrli:instant>2012-08-31</xbrli:instant>
      </xbrli:period>
    </xbrli:context>
    <xbrli:context id="From2011-09-01to2011-11-30">
      <xbrli:entity>
        <xbrli:identifier scheme="http://www.sec.gov/CIK">0001359699</xbrli:identifier>
      </xbrli:entity>
      <xbrli:period>
        <xbrli:startDate>2011-09-01</xbrli:startDate>
        <xbrli:endDate>2011-11-30</xbrli:endDate>
      </xbrli:period>
    </xbrli:context>
    <xbrli:context id="AsOf2011-08-31">
      <xbrli:entity>
        <xbrli:identifier scheme="http://www.sec.gov/CIK">0001359699</xbrli:identifier>
      </xbrli:entity>
      <xbrli:period>
        <xbrli:instant>2011-08-31</xbrli:instant>
      </xbrli:period>
    </xbrli:context>
    <xbrli:context id="AsOf2011-11-30">
      <xbrli:entity>
        <xbrli:identifier scheme="http://www.sec.gov/CIK">0001359699</xbrli:identifier>
      </xbrli:entity>
      <xbrli:period>
        <xbrli:instant>2011-11-30</xbrli:instant>
      </xbrli:period>
    </xbrli:context>
    <xbrli:context id="From2012-12-01to2012-12-31">
      <xbrli:entity>
        <xbrli:identifier scheme="http://www.sec.gov/CIK">0001359699</xbrli:identifier>
      </xbrli:entity>
      <xbrli:period>
        <xbrli:startDate>2012-12-01</xbrli:startDate>
        <xbrli:endDate>2012-12-31</xbrli:endDate>
      </xbrli:period>
    </xbrli:context>
    <xbrli:unit id="USD">
      <xbrli:measure>iso4217:USD</xbrli:measure>
    </xbrli:unit>
    <xbrli:unit id="Shares">
      <xbrli:measure>xbrli:shares</xbrli:measure>
    </xbrli:unit>
    <xbrli:unit id="USDPShares">
      <xbrli:divide>
        <xbrli:unitNumerator>
          <xbrli:measure>iso4217:USD</xbrli:measure>
        </xbrli:unitNumerator>
        <xbrli:unitDenominator>
          <xbrli:measure>xbrli:shares</xbrli:measure>
        </xbrli:unitDenominator>
      </xbrli:divide>
    </xbrli:unit>
    <xbrli:unit id="Pure">
      <xbrli:measure>xbrli:pure</xbrli:measure>
    </xbrli:unit>
    <xbrli:unit id="USDPerUnit">
      <xbrli:divide>
        <xbrli:unitNumerator>
          <xbrli:measure>iso4217:USD</xbrli:measure>
        </xbrli:unitNumerator>
        <xbrli:unitDenominator>
          <xbrli:measure>GWPC:Item</xbrli:measure>
        </xbrli:unitDenominator>
      </xbrli:divide>
    </xbrli:unit>
    <dei:EntityRegistrantName contextRef="From2012-09-01to2012-11-30">WHOLEHEALTH PRODUCTS, INC.</dei:EntityRegistrantName>
    <dei:EntityCentralIndexKey contextRef="From2012-09-01to2012-11-30">0001359699</dei:EntityCentralIndexKey>
    <dei:DocumentType contextRef="From2012-09-01to2012-11-30">10-Q</dei:DocumentType>
    <dei:DocumentPeriodEndDate contextRef="From2012-09-01to2012-11-30">2012-11-30</dei:DocumentPeriodEndDate>
    <dei:AmendmentFlag contextRef="From2012-09-01to2012-11-30">false</dei:AmendmentFlag>
    <dei:CurrentFiscalYearEndDate contextRef="From2012-09-01to2012-11-30">--08-31</dei:CurrentFiscalYearEndDate>
    <dei:EntityWellKnownSeasonedIssuer contextRef="From2012-09-01to2012-11-30">No</dei:EntityWellKnownSeasonedIssuer>
    <dei:EntityVoluntaryFilers contextRef="From2012-09-01to2012-11-30">No</dei:EntityVoluntaryFilers>
    <dei:EntityCurrentReportingStatus contextRef="From2012-09-01to2012-11-30">No</dei:EntityCurrentReportingStatus>
    <dei:EntityFilerCategory contextRef="From2012-09-01to2012-11-30">Smaller Reporting Company</dei:EntityFilerCategory>
    <dei:DocumentFiscalPeriodFocus contextRef="From2012-09-01to2012-11-30">Q1</dei:DocumentFiscalPeriodFocus>
    <dei:DocumentFiscalYearFocus contextRef="From2012-09-01to2012-11-30">2013</dei:DocumentFiscalYearFocus>
    <dei:EntityPublicFloat contextRef="AsOf2012-02-28" unitRef="USD" decimals="0">19811087</dei:EntityPublicFloat>
    <dei:EntityCommonStockSharesOutstanding contextRef="AsOf2013-01-28" unitRef="Shares" decimals="INF">1183273</dei:EntityCommonStockSharesOutstanding>
    <us-gaap:SignificantAccountingPoliciesTextBlock contextRef="From2012-09-01to2012-11-30">&lt;p style="font: 10pt Times New Roman, Times, Serif; margin: 0; text-align: justify"&gt;&lt;b&gt;NOTE 2 - SUMMARY OF SIGNIFICANT ACCOUNTING&#13;POLICIES&lt;/b&gt;&lt;/p&gt;&#13;&#13;&lt;p style="font: 10pt Times New Roman, Times, Serif; margin: 0; text-align: justify"&gt;&amp;#160;&lt;/p&gt;&#13;&#13;&lt;p style="font: 10pt Times New Roman, Times, Serif; margin: 0; text-align: justify"&gt;&lt;i&gt;&lt;u&gt;Basis of presentation&lt;/u&gt;&lt;/i&gt;&lt;/p&gt;&#13;&#13;&lt;p style="font: 10pt Times New Roman, Times, Serif; margin: 0; text-align: justify; text-indent: 0.5in"&gt;&amp;#160;&lt;/p&gt;&#13;&#13;&lt;p style="font: 10pt Times New Roman, Times, Serif; margin: 0; text-align: justify"&gt;The Company&amp;#8217;s financial statements have&#13;been prepared in accordance with accounting principles generally accepted in the United States of America (&amp;#8220;U.S. GAAP&amp;#8221;).The&#13;pr&lt;font style="letter-spacing: -0.05pt"&gt;e&lt;/font&gt;&lt;font style="letter-spacing: 0.05pt"&gt;p&lt;/font&gt;aration&lt;font style="letter-spacing: 0.1pt"&gt;&#13;&lt;/font&gt;of&lt;font style="letter-spacing: 0.1pt"&gt; &lt;/font&gt;f&lt;font style="letter-spacing: -0.1pt"&gt;i&lt;/font&gt;nancial stat&lt;font style="letter-spacing: 0.05pt"&gt;e&lt;/font&gt;&lt;font style="letter-spacing: -0.1pt"&gt;m&lt;/font&gt;ents&lt;font style="letter-spacing: 0.1pt"&gt;&#13;&lt;/font&gt;in&lt;font style="letter-spacing: 0.1pt"&gt; &lt;/font&gt;confor&lt;font style="letter-spacing: -0.1pt"&gt;m&lt;/font&gt;ity&lt;font style="letter-spacing: 0.1pt"&gt;&#13;&lt;/font&gt;with&lt;font style="letter-spacing: 0.05pt"&gt; &lt;/font&gt;accounting principles&lt;font style="letter-spacing: 0.1pt"&gt; &lt;/font&gt;g&lt;font style="letter-spacing: -0.05pt"&gt;e&lt;/font&gt;n&lt;font style="letter-spacing: -0.05pt"&gt;e&lt;/font&gt;r&lt;font style="letter-spacing: -0.05pt"&gt;a&lt;/font&gt;lly&lt;font style="letter-spacing: 0.1pt"&gt;&#13;&lt;/font&gt;accepted&lt;font style="letter-spacing: 0.1pt"&gt; &lt;/font&gt;in&lt;font style="letter-spacing: 0.1pt"&gt; &lt;/font&gt;the&lt;font style="letter-spacing: 0.1pt"&gt;&#13;&lt;/font&gt;United States&lt;font style="letter-spacing: 1.65pt"&gt; &lt;/font&gt;of&lt;font style="letter-spacing: 1.6pt"&gt; &lt;/font&gt;A&lt;font style="letter-spacing: -0.1pt"&gt;m&lt;/font&gt;erica&lt;font style="letter-spacing: 1.65pt"&gt;&#13;&lt;/font&gt;r&lt;font style="letter-spacing: -0.05pt"&gt;e&lt;/font&gt;quir&lt;font style="letter-spacing: -0.05pt"&gt;e&lt;/font&gt;s&lt;font style="letter-spacing: 1.6pt"&gt;&#13;&lt;/font&gt;&lt;font style="letter-spacing: -0.05pt"&gt;m&lt;/font&gt;anage&lt;font style="letter-spacing: -0.1pt"&gt;m&lt;/font&gt;ent&lt;font style="letter-spacing: 1.6pt"&gt;&#13;&lt;/font&gt;to&lt;font style="letter-spacing: 1.65pt"&gt; &lt;/font&gt;&lt;font style="letter-spacing: -0.1pt"&gt;m&lt;/font&gt;ake&lt;font style="letter-spacing: 1.65pt"&gt;&#13;&lt;/font&gt;est&lt;font style="letter-spacing: 0.05pt"&gt;i&lt;/font&gt;&lt;font style="letter-spacing: -0.1pt"&gt;m&lt;/font&gt;&lt;font style="letter-spacing: 0.05pt"&gt;a&lt;/font&gt;tes&lt;font style="letter-spacing: 1.65pt"&gt;&#13;&lt;/font&gt;and&lt;font style="letter-spacing: 1.65pt"&gt; &lt;/font&gt;&lt;font style="letter-spacing: -0.05pt"&gt;a&lt;/font&gt;ssu&lt;font style="letter-spacing: -0.1pt"&gt;m&lt;/font&gt;&lt;font style="letter-spacing: 0.05pt"&gt;p&lt;/font&gt;ti&lt;font style="letter-spacing: 0.05pt"&gt;o&lt;/font&gt;&lt;font style="letter-spacing: -0.05pt"&gt;n&lt;/font&gt;s&lt;font style="letter-spacing: 1.65pt"&gt;&#13;&lt;/font&gt;t&lt;font style="letter-spacing: 0.05pt"&gt;h&lt;/font&gt;at&lt;font style="letter-spacing: 1.6pt"&gt; &lt;/font&gt;a&lt;font style="letter-spacing: -0.05pt"&gt;ff&lt;/font&gt;ect&lt;font style="letter-spacing: 1.6pt"&gt;&#13;&lt;/font&gt;t&lt;font style="letter-spacing: 0.05pt"&gt;h&lt;/font&gt;e&lt;font style="letter-spacing: 1.65pt"&gt; &lt;/font&gt;r&lt;font style="letter-spacing: -0.05pt"&gt;e&lt;/font&gt;p&lt;font style="letter-spacing: -0.05pt"&gt;o&lt;/font&gt;rted&lt;font style="letter-spacing: 1.65pt"&gt;&#13;&lt;/font&gt;a&lt;font style="letter-spacing: -0.1pt"&gt;m&lt;/font&gt;ounts&lt;font style="letter-spacing: 1.6pt"&gt; &lt;/font&gt;of assets&lt;font style="letter-spacing: 0.05pt"&gt;&#13;&lt;/font&gt;a&lt;font style="letter-spacing: 0.05pt"&gt;n&lt;/font&gt;d&lt;font style="letter-spacing: 0.1pt"&gt; &lt;/font&gt;lia&lt;font style="letter-spacing: 0.05pt"&gt;b&lt;/font&gt;&lt;font style="letter-spacing: -0.1pt"&gt;i&lt;/font&gt;lities&lt;font style="letter-spacing: 0.05pt"&gt;&#13;&lt;/font&gt;a&lt;font style="letter-spacing: 0.05pt"&gt;n&lt;/font&gt;d&lt;font style="letter-spacing: 0.1pt"&gt; &lt;/font&gt;&lt;font style="letter-spacing: 0.05pt"&gt;d&lt;/font&gt;iscl&lt;font style="letter-spacing: 0.05pt"&gt;o&lt;/font&gt;sure&#13;&lt;font style="letter-spacing: 0.05pt"&gt;o&lt;/font&gt;f&lt;font style="letter-spacing: 0.1pt"&gt; &lt;/font&gt;c&lt;font style="letter-spacing: 0.05pt"&gt;on&lt;/font&gt;tin&lt;font style="letter-spacing: 0.05pt"&gt;g&lt;/font&gt;e&lt;font style="letter-spacing: 0.05pt"&gt;n&lt;/font&gt;t&lt;font style="letter-spacing: 0.05pt"&gt;&#13;&lt;/font&gt;assets&lt;font style="letter-spacing: 0.05pt"&gt; &lt;/font&gt;a&lt;font style="letter-spacing: 0.05pt"&gt;n&lt;/font&gt;d&lt;font style="letter-spacing: 0.05pt"&gt;&#13;&lt;/font&gt;lia&lt;font style="letter-spacing: 0.05pt"&gt;b&lt;/font&gt;ili&lt;font style="letter-spacing: 0.05pt"&gt;t&lt;/font&gt;ies&lt;font style="letter-spacing: 0.05pt"&gt;&#13;&lt;/font&gt;at&lt;font style="letter-spacing: 0.05pt"&gt; &lt;/font&gt;t&lt;font style="letter-spacing: 0.1pt"&gt;h&lt;/font&gt;e&lt;font style="letter-spacing: 0.05pt"&gt;&#13;d&lt;/font&gt;ate&lt;font style="letter-spacing: 0.05pt"&gt; o&lt;/font&gt;f&lt;font style="letter-spacing: 0.1pt"&gt; &lt;/font&gt;the&lt;font style="letter-spacing: 0.05pt"&gt;&#13;&lt;/font&gt;f&lt;font style="letter-spacing: -0.1pt"&gt;i&lt;/font&gt;&lt;font style="letter-spacing: 0.05pt"&gt;n&lt;/font&gt;a&lt;font style="letter-spacing: 0.05pt"&gt;n&lt;/font&gt;cial&lt;font style="letter-spacing: 0.05pt"&gt;&#13;&lt;/font&gt;stateme&lt;font style="letter-spacing: 0.05pt"&gt;n&lt;/font&gt;ts&lt;font style="letter-spacing: 0.05pt"&gt; &lt;/font&gt;and&lt;font style="letter-spacing: 0.1pt"&gt;&#13;&lt;/font&gt;t&lt;font style="letter-spacing: 0.05pt"&gt;h&lt;/font&gt;e re&lt;font style="letter-spacing: -0.05pt"&gt;p&lt;/font&gt;&lt;font style="letter-spacing: 0.05pt"&gt;o&lt;/font&gt;rt&lt;font style="letter-spacing: -0.05pt"&gt;e&lt;/font&gt;d&lt;font style="letter-spacing: 0.15pt"&gt;&#13;&lt;/font&gt;a&lt;font style="letter-spacing: -0.1pt"&gt;m&lt;/font&gt;o&lt;font style="letter-spacing: -0.05pt"&gt;u&lt;/font&gt;nts&lt;font style="letter-spacing: 0.15pt"&gt;&#13;&lt;/font&gt;&lt;font style="letter-spacing: -0.05pt"&gt;o&lt;/font&gt;f&lt;font style="letter-spacing: 0.15pt"&gt; &lt;/font&gt;r&lt;font style="letter-spacing: -0.05pt"&gt;e&lt;/font&gt;v&lt;font style="letter-spacing: -0.05pt"&gt;e&lt;/font&gt;nu&lt;font style="letter-spacing: -0.05pt"&gt;e&lt;/font&gt;s&lt;font style="letter-spacing: 0.15pt"&gt;&#13;&lt;/font&gt;a&lt;font style="letter-spacing: -0.05pt"&gt;n&lt;/font&gt;d&lt;font style="letter-spacing: 0.15pt"&gt; &lt;/font&gt;e&lt;font style="letter-spacing: -0.05pt"&gt;x&lt;/font&gt;p&lt;font style="letter-spacing: -0.05pt"&gt;e&lt;/font&gt;ns&lt;font style="letter-spacing: -0.05pt"&gt;e&lt;/font&gt;s&lt;font style="letter-spacing: 0.15pt"&gt;&#13;&lt;/font&gt;&lt;font style="letter-spacing: -0.05pt"&gt;d&lt;/font&gt;&lt;font style="letter-spacing: 0.05pt"&gt;u&lt;/font&gt;ri&lt;font style="letter-spacing: -0.05pt"&gt;n&lt;/font&gt;g&lt;font style="letter-spacing: 0.15pt"&gt;&#13;&lt;/font&gt;&lt;font style="letter-spacing: -0.1pt"&gt;t&lt;/font&gt;&lt;font style="letter-spacing: 0.05pt"&gt;h&lt;/font&gt;e&lt;font style="letter-spacing: 0.15pt"&gt;&#13;&lt;/font&gt;&lt;font style="letter-spacing: -0.05pt"&gt;r&lt;/font&gt;ep&lt;font style="letter-spacing: -0.05pt"&gt;o&lt;/font&gt;rti&lt;font style="letter-spacing: -0.05pt"&gt;n&lt;/font&gt;g&lt;font style="letter-spacing: 0.15pt"&gt;&#13;&lt;/font&gt;p&lt;font style="letter-spacing: -0.05pt"&gt;e&lt;/font&gt;ri&lt;font style="letter-spacing: -0.05pt"&gt;o&lt;/font&gt;&lt;font style="letter-spacing: 0.05pt"&gt;d&lt;/font&gt;.&lt;font style="letter-spacing: 0.1pt"&gt;&#13;&lt;/font&gt;Act&lt;font style="letter-spacing: 0.05pt"&gt;u&lt;/font&gt;al&lt;font style="letter-spacing: 0.1pt"&gt; &lt;/font&gt;r&lt;font style="letter-spacing: -0.05pt"&gt;e&lt;/font&gt;s&lt;font style="letter-spacing: -0.05pt"&gt;u&lt;/font&gt;lts&lt;font style="letter-spacing: 0.15pt"&gt;&#13;&lt;/font&gt;could&lt;font style="letter-spacing: 0.1pt"&gt; &lt;/font&gt;di&lt;font style="letter-spacing: -0.05pt"&gt;f&lt;/font&gt;f&lt;font style="letter-spacing: -0.05pt"&gt;e&lt;/font&gt;r&lt;font style="letter-spacing: 0.15pt"&gt;&#13;&lt;/font&gt;&lt;font style="letter-spacing: -0.05pt"&gt;f&lt;/font&gt;rom those est&lt;font style="letter-spacing: 0.05pt"&gt;i&lt;/font&gt;&lt;font style="letter-spacing: -0.1pt"&gt;m&lt;/font&gt;ates.&lt;/p&gt;&#13;&#13;&lt;p style="font: 10pt/11pt Times New Roman, Times, Serif; margin: 0.45pt 0 0; text-align: justify"&gt;&amp;#160;&lt;/p&gt;&#13;&#13;&lt;p style="font: 10pt Times New Roman, Times, Serif; margin: 0 4.2pt 0 0; text-align: justify"&gt;&lt;font style="letter-spacing: -0.05pt"&gt;M&lt;/font&gt;anage&lt;font style="letter-spacing: -0.1pt"&gt;m&lt;/font&gt;ent&lt;font style="letter-spacing: 0.05pt"&gt;&#13;&lt;/font&gt;&lt;font style="letter-spacing: -0.05pt"&gt;f&lt;/font&gt;&lt;font style="letter-spacing: 0.05pt"&gt;u&lt;/font&gt;r&lt;font style="letter-spacing: -0.1pt"&gt;t&lt;/font&gt;her&lt;font style="letter-spacing: 0.05pt"&gt;&#13;&lt;/font&gt;a&lt;font style="letter-spacing: -0.05pt"&gt;ck&lt;/font&gt;&lt;font style="letter-spacing: 0.05pt"&gt;n&lt;/font&gt;&lt;font style="letter-spacing: -0.05pt"&gt;o&lt;/font&gt;w&lt;font style="letter-spacing: -0.1pt"&gt;l&lt;/font&gt;edg&lt;font style="letter-spacing: -0.05pt"&gt;e&lt;/font&gt;s&lt;font style="letter-spacing: 0.05pt"&gt;&#13;&lt;/font&gt;t&lt;font style="letter-spacing: 0.05pt"&gt;h&lt;/font&gt;at&lt;font style="letter-spacing: 0.05pt"&gt; &lt;/font&gt;it&lt;font style="letter-spacing: 0.05pt"&gt;&#13;&lt;/font&gt;is&lt;font style="letter-spacing: 0.05pt"&gt; &lt;/font&gt;solely res&lt;font style="letter-spacing: -0.05pt"&gt;po&lt;/font&gt;nsible&lt;font style="letter-spacing: 0.05pt"&gt;&#13;&lt;/font&gt;&lt;font style="letter-spacing: -0.05pt"&gt;f&lt;/font&gt;&lt;font style="letter-spacing: 0.05pt"&gt;o&lt;/font&gt;r&lt;font style="letter-spacing: 0.05pt"&gt;&#13;&lt;/font&gt;&lt;font style="letter-spacing: -0.05pt"&gt;ad&lt;/font&gt;opti&lt;font style="letter-spacing: -0.05pt"&gt;n&lt;/font&gt;g&lt;font style="letter-spacing: 0.05pt"&gt;&#13;&lt;/font&gt;&lt;font style="letter-spacing: -0.05pt"&gt;s&lt;/font&gt;&lt;font style="letter-spacing: 0.05pt"&gt;o&lt;/font&gt;&lt;font style="letter-spacing: -0.05pt"&gt;un&lt;/font&gt;d&lt;font style="letter-spacing: 0.1pt"&gt;&#13;&lt;/font&gt;acc&lt;font style="letter-spacing: -0.05pt"&gt;ou&lt;/font&gt;nti&lt;font style="letter-spacing: 0.05pt"&gt;n&lt;/font&gt;g practices,&lt;font style="letter-spacing: 0.05pt"&gt;&#13;&lt;/font&gt;esta&lt;font style="letter-spacing: 0.05pt"&gt;b&lt;/font&gt;lis&lt;font style="letter-spacing: 0.05pt"&gt;h&lt;/font&gt;ing and&lt;font style="letter-spacing: 0.05pt"&gt;&#13;&lt;/font&gt;&lt;font style="letter-spacing: -0.1pt"&gt;m&lt;/font&gt;aintaining&lt;font style="letter-spacing: 0.05pt"&gt; &lt;/font&gt;a&lt;font style="letter-spacing: 0.05pt"&gt;&#13;&lt;/font&gt;syst&lt;font style="letter-spacing: 0.05pt"&gt;e&lt;/font&gt;m of&lt;font style="letter-spacing: 0.05pt"&gt; &lt;/font&gt;internal accounting&lt;font style="letter-spacing: 0.05pt"&gt;&#13;&lt;/font&gt;control&lt;font style="letter-spacing: 0.05pt"&gt; &lt;/font&gt;and&lt;font style="letter-spacing: 0.05pt"&gt; &lt;/font&gt;pr&lt;font style="letter-spacing: -0.05pt"&gt;e&lt;/font&gt;&lt;font style="letter-spacing: 0.05pt"&gt;v&lt;/font&gt;&lt;font style="letter-spacing: -0.05pt"&gt;e&lt;/font&gt;&lt;font style="letter-spacing: 0.05pt"&gt;n&lt;/font&gt;ting&lt;font style="letter-spacing: 0.05pt"&gt;&#13;&lt;/font&gt;and d&lt;font style="letter-spacing: -0.15pt"&gt;e&lt;/font&gt;tecting&lt;font style="letter-spacing: 0.05pt"&gt; &lt;/font&gt;fraud.&lt;font style="letter-spacing: 0.05pt"&gt;&#13;&lt;/font&gt;The&lt;font style="letter-spacing: 0.05pt"&gt; &lt;/font&gt;Co&lt;font style="letter-spacing: -0.1pt"&gt;m&lt;/font&gt;&lt;font style="letter-spacing: 0.05pt"&gt;p&lt;/font&gt;any&lt;font style="letter-spacing: -0.05pt"&gt;'&lt;/font&gt;s&lt;font style="letter-spacing: 0.05pt"&gt;&#13;&lt;/font&gt;syst&lt;font style="letter-spacing: 0.1pt"&gt;e&lt;/font&gt;m of&lt;font style="letter-spacing: 0.1pt"&gt; &lt;/font&gt;&lt;font style="letter-spacing: -0.1pt"&gt;i&lt;/font&gt;&lt;font style="letter-spacing: 0.05pt"&gt;n&lt;/font&gt;ternal&lt;font style="letter-spacing: 0.05pt"&gt;&#13;&lt;/font&gt;ac&lt;font style="letter-spacing: -0.05pt"&gt;c&lt;/font&gt;o&lt;font style="letter-spacing: -0.05pt"&gt;u&lt;/font&gt;nti&lt;font style="letter-spacing: -0.05pt"&gt;n&lt;/font&gt;g&lt;font style="letter-spacing: 0.1pt"&gt;&#13;&lt;/font&gt;c&lt;font style="letter-spacing: -0.05pt"&gt;o&lt;/font&gt;nt&lt;font style="letter-spacing: -0.05pt"&gt;ro&lt;/font&gt;l&lt;font style="letter-spacing: 0.05pt"&gt;&#13;&lt;/font&gt;is&lt;font style="letter-spacing: 0.05pt"&gt; &lt;/font&gt;design&lt;font style="letter-spacing: -0.05pt"&gt;e&lt;/font&gt;d&lt;font style="letter-spacing: 0.1pt"&gt;&#13;&lt;/font&gt;&lt;font style="letter-spacing: -0.1pt"&gt;t&lt;/font&gt;o&lt;font style="letter-spacing: 0.1pt"&gt; &lt;/font&gt;as&lt;font style="letter-spacing: -0.05pt"&gt;s&lt;/font&gt;&lt;font style="letter-spacing: 0.05pt"&gt;u&lt;/font&gt;r&lt;font style="letter-spacing: -0.05pt"&gt;e&lt;/font&gt;,&lt;font style="letter-spacing: 0.1pt"&gt;&#13;&lt;/font&gt;a&lt;font style="letter-spacing: -0.1pt"&gt;m&lt;/font&gt;ong oth&lt;font style="letter-spacing: -0.05pt"&gt;e&lt;/font&gt;r&lt;font style="letter-spacing: 0.1pt"&gt;&#13;&lt;/font&gt;ite&lt;font style="letter-spacing: -0.1pt"&gt;m&lt;/font&gt;&lt;font style="letter-spacing: 0.05pt"&gt;s&lt;/font&gt;,&lt;font style="letter-spacing: 0.1pt"&gt;&#13;&lt;/font&gt;t&lt;font style="letter-spacing: 0.05pt"&gt;h&lt;/font&gt;at&lt;font style="letter-spacing: 0.05pt"&gt; &lt;/font&gt;&lt;font style="letter-spacing: -0.05pt"&gt;1&lt;/font&gt;)&#13;re&lt;font style="letter-spacing: -0.05pt"&gt;c&lt;/font&gt;&lt;font style="letter-spacing: 0.05pt"&gt;o&lt;/font&gt;&lt;font style="letter-spacing: -0.05pt"&gt;r&lt;/font&gt;&lt;font style="letter-spacing: 0.05pt"&gt;d&lt;/font&gt;ed&lt;font style="letter-spacing: 0.1pt"&gt;&#13;&lt;/font&gt;&lt;font style="letter-spacing: -0.1pt"&gt;t&lt;/font&gt;ransact&lt;font style="letter-spacing: -0.1pt"&gt;i&lt;/font&gt;&lt;font style="letter-spacing: -0.05pt"&gt;o&lt;/font&gt;ns&lt;font style="letter-spacing: 0.1pt"&gt;&#13;&lt;/font&gt;are vali&lt;font style="letter-spacing: 0.05pt"&gt;d&lt;/font&gt;; &lt;font style="letter-spacing: -0.05pt"&gt;2&lt;/font&gt;) valid&lt;font style="letter-spacing: 0.1pt"&gt;&#13;&lt;/font&gt;transactions&lt;font style="letter-spacing: 0.1pt"&gt; &lt;/font&gt;&lt;font style="letter-spacing: -0.05pt"&gt;a&lt;/font&gt;re&lt;font style="letter-spacing: 0.1pt"&gt;&#13;&lt;/font&gt;re&lt;font style="letter-spacing: -0.05pt"&gt;c&lt;/font&gt;&lt;font style="letter-spacing: 0.05pt"&gt;o&lt;/font&gt;rded;&lt;font style="letter-spacing: 0.1pt"&gt;&#13;&lt;/font&gt;and&lt;font style="letter-spacing: 0.1pt"&gt; &lt;/font&gt;3)&lt;font style="letter-spacing: 0.1pt"&gt; &lt;/font&gt;tr&lt;font style="letter-spacing: -0.05pt"&gt;an&lt;/font&gt;sactions&lt;font style="letter-spacing: 0.1pt"&gt;&#13;&lt;/font&gt;are&lt;font style="letter-spacing: 0.05pt"&gt; &lt;/font&gt;r&lt;font style="letter-spacing: -0.1pt"&gt;e&lt;/font&gt;c&lt;font style="letter-spacing: 0.05pt"&gt;o&lt;/font&gt;r&lt;font style="letter-spacing: 0.05pt"&gt;d&lt;/font&gt;ed&lt;font style="letter-spacing: 0.1pt"&gt;&#13;&lt;/font&gt;in&lt;font style="letter-spacing: 0.1pt"&gt; &lt;/font&gt;t&lt;font style="letter-spacing: 0.05pt"&gt;h&lt;/font&gt;e&lt;font style="letter-spacing: 0.05pt"&gt;&#13;&lt;/font&gt;pro&lt;font style="letter-spacing: 0.05pt"&gt;p&lt;/font&gt;er &lt;font style="letter-spacing: 0.05pt"&gt;p&lt;/font&gt;er&lt;font style="letter-spacing: -0.1pt"&gt;i&lt;/font&gt;&lt;font style="letter-spacing: 0.05pt"&gt;o&lt;/font&gt;d&lt;font style="letter-spacing: 0.1pt"&gt;&#13;&lt;/font&gt;in&lt;font style="letter-spacing: 0.05pt"&gt; &lt;/font&gt;a&lt;font style="letter-spacing: 0.05pt"&gt; &lt;/font&gt;t&lt;font style="letter-spacing: 0.05pt"&gt;i&lt;/font&gt;mely&lt;font style="letter-spacing: 0.2pt"&gt;&#13;&lt;/font&gt;&lt;font style="letter-spacing: -0.1pt"&gt;m&lt;/font&gt;a&lt;font style="letter-spacing: 0.05pt"&gt;nn&lt;/font&gt;er&lt;font style="letter-spacing: 0.05pt"&gt;&#13;&lt;/font&gt;to&lt;font style="letter-spacing: 0.1pt"&gt; &lt;/font&gt;prod&lt;font style="letter-spacing: 0.05pt"&gt;u&lt;/font&gt;ce fi&lt;font style="letter-spacing: 0.05pt"&gt;n&lt;/font&gt;&lt;font style="letter-spacing: -0.05pt"&gt;a&lt;/font&gt;&lt;font style="letter-spacing: 0.05pt"&gt;n&lt;/font&gt;cial&#13;&lt;font style="letter-spacing: 0.1pt"&gt; &lt;/font&gt;stateme&lt;font style="letter-spacing: 0.05pt"&gt;n&lt;/font&gt;ts &lt;font style="letter-spacing: 0.1pt"&gt;&#13;&lt;/font&gt;w&lt;font style="letter-spacing: 0.05pt"&gt;h&lt;/font&gt;ich &lt;font style="letter-spacing: 0.1pt"&gt; &lt;/font&gt;&lt;font style="letter-spacing: 0.05pt"&gt;p&lt;/font&gt;rese&lt;font style="letter-spacing: 0.05pt"&gt;n&lt;/font&gt;t&#13;&lt;font style="letter-spacing: 0.1pt"&gt; &lt;/font&gt;fa&lt;font style="letter-spacing: -0.1pt"&gt;i&lt;/font&gt;rly &lt;font style="letter-spacing: 0.1pt"&gt;&#13;&lt;/font&gt;t&lt;font style="letter-spacing: 0.05pt"&gt;h&lt;/font&gt;e &lt;font style="letter-spacing: 0.1pt"&gt; &lt;/font&gt;fi&lt;font style="letter-spacing: 0.05pt"&gt;n&lt;/font&gt;&lt;font style="letter-spacing: -0.05pt"&gt;a&lt;/font&gt;&lt;font style="letter-spacing: 0.05pt"&gt;n&lt;/font&gt;cial&#13;c&lt;font style="letter-spacing: 0.05pt"&gt;o&lt;/font&gt;n&lt;font style="letter-spacing: 0.05pt"&gt;d&lt;/font&gt;iti&lt;font style="letter-spacing: 0.05pt"&gt;o&lt;/font&gt;n,&#13;&lt;font style="letter-spacing: 0.1pt"&gt; &lt;/font&gt;res&lt;font style="letter-spacing: 0.05pt"&gt;u&lt;/font&gt;lts &lt;font style="letter-spacing: 0.1pt"&gt;&#13;&lt;/font&gt;&lt;font style="letter-spacing: 0.05pt"&gt;o&lt;/font&gt;f &lt;font style="letter-spacing: 0.05pt"&gt; &lt;/font&gt;o&lt;font style="letter-spacing: 0.05pt"&gt;p&lt;/font&gt;erati&lt;font style="letter-spacing: 0.05pt"&gt;on&lt;/font&gt;s&#13;&lt;font style="letter-spacing: 0.05pt"&gt; &lt;/font&gt;and &lt;font style="letter-spacing: 0.15pt"&gt; &lt;/font&gt;cash &lt;font style="letter-spacing: 0.1pt"&gt;&#13;&lt;/font&gt;flows &lt;font style="letter-spacing: 0.05pt"&gt; o&lt;/font&gt;f &lt;font style="letter-spacing: 0.15pt"&gt; &lt;/font&gt;&lt;font style="letter-spacing: -0.1pt"&gt;t&lt;/font&gt;&lt;font style="letter-spacing: 0.05pt"&gt;h&lt;/font&gt;e&#13;Co&lt;font style="letter-spacing: -0.1pt"&gt;m&lt;/font&gt;&lt;font style="letter-spacing: 0.05pt"&gt;p&lt;/font&gt;any for &lt;font style="letter-spacing: -0.1pt"&gt;t&lt;/font&gt;&lt;font style="letter-spacing: 0.05pt"&gt;h&lt;/font&gt;e&lt;font style="letter-spacing: -0.05pt"&gt;&#13;&lt;/font&gt;respective&lt;font style="letter-spacing: -0.05pt"&gt; &lt;/font&gt;periods&lt;font style="letter-spacing: -0.05pt"&gt; &lt;/font&gt;being&lt;font style="letter-spacing: -0.05pt"&gt;&#13;&lt;/font&gt;presented&lt;/p&gt;&#13;&#13;&lt;p style="font: 10pt Times New Roman, Times, Serif; margin: 0; text-align: justify"&gt;&lt;b&gt;&amp;#160;&lt;/b&gt;&lt;/p&gt;&#13;&#13;&lt;p style="font: 10pt Times New Roman, Times, Serif; margin: 0; text-align: justify"&gt;&lt;i&gt;&lt;u&gt;Use of estimates&lt;/u&gt;&lt;/i&gt;&lt;/p&gt;&#13;&#13;&lt;p style="font: 10pt Times New Roman, Times, Serif; margin: 0; text-align: justify"&gt;&amp;#160;&lt;/p&gt;&#13;&#13;&lt;p style="font: 10pt Times New Roman, Times, Serif; margin: 0; text-align: justify"&gt;The preparation of financial statements in&#13;conformity with generally accepted accounting principles requires management to make estimates and assumptions that affect the&#13;reported amounts of assets and liabilities and disclosure of contingent assets and liabilities at the date of the financial statements&#13;and the reported amounts of revenues and expenses during the reporting period. Significant estimates include the estimated useful&#13;lives of property and equipment. Actual results could differ from those estimates.&lt;/p&gt;&#13;&#13;&lt;p style="font: 10pt Times New Roman, Times, Serif; margin: 0; text-align: justify"&gt;&amp;#160;&lt;/p&gt;&#13;&#13;&lt;p style="font: 10pt Times New Roman, Times, Serif; margin: 0; text-align: justify"&gt;&lt;i&gt;&lt;u&gt;Cash equivalents&lt;/u&gt;&lt;/i&gt;&lt;/p&gt;&#13;&#13;&lt;p style="font: 10pt Times New Roman, Times, Serif; margin: 0; text-align: justify"&gt;&amp;#160;&lt;/p&gt;&#13;&#13;&lt;p style="font: 10pt Times New Roman, Times, Serif; margin: 0; text-align: justify"&gt;The Company considers all highly liquid investments&#13;with a maturity of three months or less when purchased to be cash equivalents.&lt;/p&gt;&#13;&#13;&lt;p style="font: 10pt Times New Roman, Times, Serif; margin: 0; text-align: justify"&gt;&amp;#160;&lt;/p&gt;&#13;&#13;&lt;p style="font: 10pt Times New Roman, Times, Serif; margin: 0; text-align: justify"&gt;&lt;i&gt;&lt;u&gt;Fair value of financial instruments&lt;/u&gt;&lt;/i&gt;&lt;/p&gt;&#13;&#13;&lt;p style="font: 10pt Times New Roman, Times, Serif; margin: 0; text-align: justify"&gt;&amp;#160;&lt;/p&gt;&#13;&#13;&lt;p style="font: 10pt Times New Roman, Times, Serif; margin: 0; text-align: justify"&gt;The Company follows paragraph 825-10-50-10&#13;of the FASB Accounting Standards Codification for disclosures about fair value of its financial instruments and paragraph 820-10-35-37&#13;of the FASB Accounting Standards Codification (&amp;#8220;Paragraph 820-10-35-37&amp;#8221;) to measure the fair value of its financial&#13;instruments. Paragraph 820-10-5-37 establishes a framework for measuring fair value in accounting principles generally accepted&#13;in the United States of America (U.S. GAAP), and expands disclosures about fair value measurements. To increase consistency and&#13;comparability in fair value measurements and related disclosures, Paragraph 820-10-35-37 establishes a fair value hierarchy which&#13;prioritizes the inputs to valuation techniques used to measure fair value into three (3) broad levels. The fair value hierarchy&#13;gives the highest priority to quoted prices (unadjusted) in active markets for identical assets or liabilities and the lowest&#13;priority to unobservable inputs. The three (3) levels of fair value hierarchy defined by Paragraph 820-10-35-37 are described&#13;below:&lt;/p&gt;&#13;&#13;&lt;table cellspacing="0" cellpadding="0" style="width: 100%; border-collapse: collapse"&gt;&#13;&lt;tr&gt;&#13;    &lt;td style="vertical-align: top; width: 12%; font: 10pt Times New Roman, Times, Serif; text-align: justify"&gt;&amp;#160;&lt;/td&gt;&#13;    &lt;td style="width: 2%; font: bold 10pt Times New Roman, Times, Serif; text-align: justify"&gt;&amp;#160;&lt;/td&gt;&#13;    &lt;td style="vertical-align: top; width: 86%; font: bold 10pt Times New Roman, Times, Serif; text-align: center"&gt;&amp;#160;&lt;/td&gt;&lt;/tr&gt;&#13;&lt;tr&gt;&#13;    &lt;td style="vertical-align: top; font: 10pt Times New Roman, Times, Serif; text-align: justify"&gt;&lt;font style="font-size: 10pt"&gt;Level 1&lt;/font&gt;&lt;/td&gt;&#13;    &lt;td style="font: 10pt Times New Roman, Times, Serif; text-align: justify"&gt;&amp;#160;&lt;/td&gt;&#13;    &lt;td style="vertical-align: top; font: 10pt Times New Roman, Times, Serif; text-align: justify"&gt;&lt;font style="font-size: 10pt"&gt;Quoted market prices available in active markets for identical assets or liabilities as of the reporting date.&lt;/font&gt;&lt;/td&gt;&lt;/tr&gt;&#13;&lt;tr&gt;&#13;    &lt;td style="vertical-align: top; font: 10pt Times New Roman, Times, Serif; text-align: justify"&gt;&amp;#160;&lt;/td&gt;&#13;    &lt;td style="font: 10pt Times New Roman, Times, Serif; text-align: justify"&gt;&amp;#160;&lt;/td&gt;&#13;    &lt;td style="vertical-align: top; font: 10pt Times New Roman, Times, Serif; text-align: justify"&gt;&amp;#160;&lt;/td&gt;&lt;/tr&gt;&#13;&lt;tr&gt;&#13;    &lt;td style="vertical-align: top; font: 10pt Times New Roman, Times, Serif; text-align: justify"&gt;&lt;font style="font-size: 10pt"&gt;Level 2&lt;/font&gt;&lt;/td&gt;&#13;    &lt;td style="font: 10pt Times New Roman, Times, Serif; text-align: justify"&gt;&amp;#160;&lt;/td&gt;&#13;    &lt;td style="vertical-align: top; font: 10pt Times New Roman, Times, Serif; text-align: justify"&gt;&lt;font style="font-size: 10pt"&gt;Pricing inputs other than quoted prices in active markets included in Level 1, which are either directly or indirectly observable as of the reporting date.&lt;/font&gt;&lt;/td&gt;&lt;/tr&gt;&#13;&lt;tr&gt;&#13;    &lt;td style="vertical-align: top; font: 10pt Times New Roman, Times, Serif; text-align: justify"&gt;&amp;#160;&lt;/td&gt;&#13;    &lt;td style="font: 10pt Times New Roman, Times, Serif; text-align: justify"&gt;&amp;#160;&lt;/td&gt;&#13;    &lt;td style="vertical-align: top; font: 10pt Times New Roman, Times, Serif; text-align: justify"&gt;&amp;#160;&lt;/td&gt;&lt;/tr&gt;&#13;&lt;tr&gt;&#13;    &lt;td style="vertical-align: top; font: 10pt Times New Roman, Times, Serif; text-align: justify"&gt;&lt;font style="font-size: 10pt"&gt;Level 3&lt;/font&gt;&lt;/td&gt;&#13;    &lt;td style="font: 10pt Times New Roman, Times, Serif; text-align: justify"&gt;&amp;#160;&lt;/td&gt;&#13;    &lt;td style="vertical-align: top; font: 10pt Times New Roman, Times, Serif; text-align: justify"&gt;&lt;font style="font-size: 10pt"&gt;Pricing inputs that are generally observable inputs and not corroborated by market data.&lt;/font&gt;&lt;/td&gt;&lt;/tr&gt;&#13;&lt;/table&gt;&#13;&lt;p style="font: 10pt Times New Roman, Times, Serif; margin: 0; text-align: justify; text-indent: 0in"&gt;&amp;#160;&lt;/p&gt;&#13;&#13;&lt;p style="font: 10pt Times New Roman, Times, Serif; margin: 0; text-align: justify"&gt;The carrying amount of the Company&amp;#8217;s&#13;financial assets and liabilities, such as cash, prepaid expenses and accrued expenses approximate their fair value because of the&#13;short maturity of those instruments. The Company&amp;#8217;s notes payable approximate the fair value of such instruments based upon&#13;management&amp;#8217;s best estimate of interest rates that would be available to the Company for similar financial arrangements at&#13;November 30, 2012.&lt;/p&gt;&#13;&#13;&lt;p style="font: 10pt Times New Roman, Times, Serif; margin: 0; text-align: justify"&gt;&amp;#160;&lt;/p&gt;&#13;&#13;&lt;p style="font: 10pt Times New Roman, Times, Serif; margin: 0; text-align: justify"&gt;The Company does not have any assets or liabilities&#13;measured at fair value on a recurring or a non-recurring basis.&lt;/p&gt;&#13;&#13;&lt;p style="font: 10pt Times New Roman, Times, Serif; margin: 0; text-align: justify"&gt;&lt;i&gt;&amp;#160;&lt;/i&gt;&lt;/p&gt;&#13;&#13;&lt;p style="font: 10pt Times New Roman, Times, Serif; margin: 0; text-align: justify"&gt;&lt;i&gt;&lt;u&gt;Equipment&lt;/u&gt;&lt;/i&gt;&lt;/p&gt;&#13;&#13;&lt;p style="font: 10pt Times New Roman, Times, Serif; margin: 0; text-align: justify; text-indent: 0.5in"&gt;&amp;#160;&lt;/p&gt;&#13;&#13;&lt;p style="font: 10pt Times New Roman, Times, Serif; margin: 0; text-align: justify"&gt;Equipment is recorded at cost. Expenditures&#13;for major additions and betterments are capitalized. Maintenance and repairs are charged to operations as incurred. Depreciation&#13;of equipment is computed by the straight-line method (after taking into account their respective estimated residual values) over&#13;the assets estimated useful life of three (3) or seven (7) years. Upon sale or retirement of equipment, the related cost and accumulated&#13;depreciation are removed from the accounts and any gain or loss is reflected in statements of operations.&lt;/p&gt;&#13;&#13;&lt;p style="font: 10pt Times New Roman, Times, Serif; margin: 0; text-align: justify; text-indent: 0.5in"&gt;&amp;#160;&lt;/p&gt;&#13;&#13;&lt;p style="font: 10pt Times New Roman, Times, Serif; margin: 0; text-align: justify"&gt;&lt;i&gt;&lt;u&gt;Impairment of long-lived assets&lt;/u&gt;&lt;/i&gt;&lt;/p&gt;&#13;&#13;&lt;p style="font: 10pt Times New Roman, Times, Serif; margin: 0; text-align: justify"&gt;&amp;#160;&lt;/p&gt;&#13;&#13;&lt;p style="font: 10pt Times New Roman, Times, Serif; margin: 0; text-align: justify"&gt;The Company follows paragraph 360-10-05-4 of&#13;the FASB Accounting Standards Codification for its long-lived assets. The Company&amp;#8217;s long-lived assets, which includes computer&#13;equipment is reviewed for impairment whenever events or changes in circumstances indicate that the carrying amount of the asset&#13;may not be recoverable.&lt;/p&gt;&#13;&#13;&lt;p style="font: 10pt Times New Roman, Times, Serif; margin: 0; text-align: justify; text-indent: 0.5in"&gt;&amp;#160;&lt;/p&gt;&#13;&#13;&lt;p style="font: 10pt Times New Roman, Times, Serif; margin: 0; text-align: justify"&gt;The Company assesses the recoverability of&#13;its long-lived assets by comparing the projected undiscounted net cash flows associated with the related long-lived asset or group&#13;of long-lived assets over their remaining estimated useful lives against their respective carrying amounts. Impairment, if any,&#13;is based on the excess of the carrying amount over the fair value of those assets. Fair value is generally determined using the&#13;asset&amp;#8217;s expected future discounted cash flows or market value, if readily determinable. If long-lived assets are determined&#13;to be recoverable, but the newly determined remaining estimated useful lives are shorter than originally estimated, the net book&#13;values of the long-lived assets are depreciated over the newly determined remaining estimated useful lives.&lt;/p&gt;&#13;&#13;&lt;p style="font: 10pt Times New Roman, Times, Serif; margin: 0; text-align: justify; text-indent: 0.5in"&gt;&amp;#160;&lt;/p&gt;&#13;&#13;&lt;p style="font: 10pt Times New Roman, Times, Serif; margin: 0; text-align: justify"&gt;The Company determined that there were no impairments&#13;of long-lived assets as of November 30, 2012.&lt;/p&gt;&#13;&#13;&lt;p style="font: 10pt Times New Roman, Times, Serif; margin: 0; text-align: justify"&gt;&lt;i&gt;&amp;#160;&lt;/i&gt;&lt;/p&gt;&#13;&#13;&lt;p style="font: 10pt Times New Roman, Times, Serif; margin: 0; text-align: justify"&gt;&lt;i&gt;&lt;u&gt;Commitments and contingencies&lt;/u&gt;&lt;/i&gt;&lt;/p&gt;&#13;&#13;&lt;p style="font: 10pt Times New Roman, Times, Serif; margin: 0; text-align: justify"&gt;&amp;#160;&lt;/p&gt;&#13;&#13;&lt;p style="font: 10pt Times New Roman, Times, Serif; margin: 0; text-align: justify"&gt;The Company follows subtopic 450-20 of the&#13;FASB Accounting Standards Codification to report accounting for contingencies.&amp;#160;&amp;#160;Liabilities for loss contingencies arising&#13;from claims, assessments, litigation, fines and penalties and other sources are recorded when it is probable that a liability has&#13;been incurred and the amount of the assessment can be reasonably estimated.&lt;/p&gt;&#13;&#13;&lt;p style="font: 10pt Times New Roman, Times, Serif; margin: 0; text-align: justify; text-indent: 0.5in"&gt;&amp;#160;&lt;/p&gt;&#13;&#13;&lt;p style="font: 10pt Times New Roman, Times, Serif; margin: 0; text-align: justify; text-indent: 0in"&gt;&lt;i&gt;&lt;u&gt;Revenue recognition&lt;/u&gt;&lt;/i&gt;&lt;/p&gt;&#13;&#13;&lt;p style="font: 10pt Times New Roman, Times, Serif; margin: 0; text-align: justify"&gt;&amp;#160;&lt;/p&gt;&#13;&#13;&#13;&#13;&#13;&lt;p style="font: 10pt Times New Roman, Times, Serif; margin: 0; text-align: justify"&gt;The Company follows paragraph 605-10-S99-1&#13;of the FASB Accounting Standards Codification for revenue recognition. The Company will recognize revenue when it is realized or&#13;realizable and earned. The Company considers revenue realized or realizable and earned when all of the following criteria are met:&#13;(i) persuasive evidence of an arrangement exists, (ii) the product has been shipped or the services have been rendered to the customer,&#13;(iii) the sales price is fixed or determinable, and (iv) collectability is reasonably assured.&lt;/p&gt;&#13;&#13;&lt;p style="font: 10pt Times New Roman, Times, Serif; margin: 0; text-align: justify"&gt;&amp;#160;&lt;/p&gt;&#13;&#13;&lt;p style="font: 10pt Times New Roman, Times, Serif; margin: 0; text-align: justify"&gt;&lt;i&gt;&lt;u&gt;Income taxes&lt;/u&gt;&lt;/i&gt;&lt;/p&gt;&#13;&#13;&lt;p style="font: 10pt Times New Roman, Times, Serif; margin: 0; text-align: justify"&gt;&lt;i&gt;&amp;#160;&lt;/i&gt;&lt;/p&gt;&#13;&#13;&lt;p style="font: 10pt Times New Roman, Times, Serif; margin: 0; text-align: justify"&gt;The Company follows Section 740-10-30 of the&#13;FASB Accounting Standards Codification, which requires recognition of deferred tax assets and liabilities for the expected future&#13;tax consequences of events that have been included in the financial statements or tax returns. Under this method, deferred tax&#13;assets and liabilities are based on the differences between the financial statement and tax bases of assets and liabilities using&#13;enacted tax rates in effect for the fiscal year in which the differences are expected to reverse. Deferred tax assets are reduced&#13;by a valuation allowance to the extent management concludes it is more likely than not that the assets will not be realized. Deferred&#13;tax assets and liabilities are measured using enacted tax rates expected to apply to taxable income in the fiscal years in which&#13;those temporary differences are expected to be recovered or settled. The effect on deferred tax assets and liabilities of a change&#13;in tax rates is recognized in the Statements of Income and Comprehensive Income in the period that includes the enactment date.&lt;/p&gt;&#13;&#13;&lt;p style="font: 10pt Times New Roman, Times, Serif; margin: 0; text-align: justify"&gt;&amp;#160;&lt;/p&gt;&#13;&#13;&lt;p style="font: 10pt Times New Roman, Times, Serif; margin: 0; text-align: justify"&gt;The Company adopted section 740-10-25 of the&#13;FASB Accounting Standards Codification (&amp;#8220;Section 740-10-25&amp;#8221;) with regards to uncertainty income taxes. Section 740-10-25&#13;addresses the determination of whether tax benefits claimed or expected to be claimed on a tax return should be recorded in the&#13;financial statements. Under Section 740-10-25, the Company may recognize the tax benefit from an uncertain tax position only if&#13;it is more likely than not that the tax position will be sustained on examination by the taxing authorities, based on the technical&#13;merits of the position. The tax benefits recognized in the financial statements from such a position should be measured based on&#13;the largest benefit that has a greater than fifty percent (50%) likelihood of being realized upon ultimate settlement. Section&#13;740-10-25 also provides guidance on de-recognition, classification, interest and penalties on income taxes, accounting in interim&#13;periods and requires increased disclosures. The Company had no material adjustments to its liabilities for unrecognized income&#13;tax benefits according to the provisions of Section 740-10-25.&lt;/p&gt;&#13;&#13;&lt;p style="font: 10pt Times New Roman, Times, Serif; margin: 0; text-align: justify"&gt;&amp;#160;&lt;/p&gt;&#13;&#13;&lt;p style="font: 10pt Times New Roman, Times, Serif; margin: 0; text-align: justify"&gt;&lt;i&gt;&lt;u&gt;Net income (loss) per common share&lt;/u&gt;&lt;/i&gt;&lt;/p&gt;&#13;&#13;&lt;p style="font: 10pt Times New Roman, Times, Serif; margin: 0; text-align: justify"&gt;&amp;#160;&lt;/p&gt;&#13;&#13;&lt;p style="font: 10pt Times New Roman, Times, Serif; margin: 0; text-align: justify"&gt;Net income (loss) per common share is computed&#13;pursuant to section 260-10-45 of the FASB Accounting Standards Codification. Basic net income (loss) per common share is computed&#13;by dividing net income (loss) by the weighted average number of shares of common stock outstanding during the period. Diluted net&#13;income (loss) per common share is computed by dividing net income (loss) by the weighted average number of shares of common stock&#13;and potentially outstanding shares of common stock during the period. The weighted average number of common shares outstanding&#13;and potentially outstanding common shares assumes that the Company incorporated as of the beginning of the first period presented.&lt;/p&gt;&#13;&#13;&lt;p style="font: 10pt Times New Roman, Times, Serif; margin: 0; text-align: justify; text-indent: 0.5in"&gt;&amp;#160;&lt;/p&gt;&#13;&#13;&lt;p style="font: 10pt Times New Roman, Times, Serif; margin: 0; text-align: justify"&gt;There were no potentially dilutive shares outstanding&#13;as of November 30, 2012.&lt;/p&gt;&#13;&#13;&lt;p style="font: 10pt Times New Roman, Times, Serif; margin: 0; text-align: justify"&gt;&amp;#160;&lt;/p&gt;&#13;&#13;&lt;p style="font: 10pt Times New Roman, Times, Serif; margin: 0; text-align: justify"&gt;&lt;i&gt;&lt;u&gt;Cash flows reporting&lt;/u&gt;&lt;/i&gt;&lt;/p&gt;&#13;&#13;&lt;p style="font: 10pt Times New Roman, Times, Serif; margin: 0; text-align: justify"&gt;&amp;#160;&lt;/p&gt;&#13;&#13;&lt;p style="font: 10pt Times New Roman, Times, Serif; margin: 0; text-align: justify"&gt;The Company adopted paragraph&#13;230-10-45-24 of the FASB Accounting Standards Codification for cash flows reporting, classifies cash receipts and payments&#13;according to whether they stem from operating, investing, or financing activities and provides definitions of each category,&#13;and uses the indirect or reconciliation method (&amp;#8220;Indirect method&amp;#8221;) as defined by paragraph 230-10-45-25 of the&#13;FASB Accounting Standards Codification to report net cash flow from operating activities by adjusting net income to reconcile&#13;it to net cash flow from operating activities by removing the effects of (a) all deferrals of past operating cash receipts&#13;and payments and all accruals of expected future operating cash receipts and payments and (b) all items that are included in&#13;net income that do not affect operating cash receipts and payments.&amp;#160;&amp;#160;The Company reports the reporting currency&#13;equivalent of foreign currency cash flows, using the current exchange rate at the time of the cash flows and the effect of&#13;exchange rate changes on cash held in foreign currencies is reported as a separate item in the reconciliation of beginning&#13;and ending balances of cash and cash equivalents and separately provides information about investing and financing activities&#13;not resulting in cash receipts or payments in the period pursuant to paragraph 830-230-45-1 of the FASB Accounting Standards&#13;Codification.&lt;/p&gt;&#13;&#13;&lt;p style="font: 10pt Times New Roman, Times, Serif; margin: 0; text-align: justify"&gt;&lt;i&gt;&amp;#160;&lt;/i&gt;&lt;/p&gt;&#13;&#13;&lt;p style="font: 10pt Times New Roman, Times, Serif; margin: 0; text-align: justify"&gt;&lt;i&gt;&lt;u&gt;Advertising Costs&lt;/u&gt;&lt;/i&gt;&lt;/p&gt;&#13;&#13;&lt;p style="font: 10pt Times New Roman, Times, Serif; margin: 0; text-align: justify"&gt;&lt;i&gt;&amp;#160;&lt;/i&gt;&lt;/p&gt;&#13;&#13;&lt;p style="font: 10pt Times New Roman, Times, Serif; margin: 0; text-align: justify"&gt;The Company expenses the cost of advertising&#13;and promotional materials when incurred. Total Advertising costs were $0 for three month period ended November 30, 2012 and 2011.&lt;/p&gt;&#13;&#13;&lt;p style="font: 10pt Times New Roman, Times, Serif; margin: 0; text-align: justify"&gt;&lt;i&gt;&amp;#160;&lt;/i&gt;&lt;/p&gt;&#13;&#13;&lt;p style="font: 10pt Times New Roman, Times, Serif; margin: 0; text-align: justify"&gt;&lt;i&gt;&lt;u&gt;Subsequent events&lt;/u&gt;&lt;/i&gt;&lt;/p&gt;&#13;&#13;&lt;p style="font: 10pt Times New Roman, Times, Serif; margin: 0; text-align: justify"&gt;&amp;#160;&lt;/p&gt;&#13;&#13;&lt;p style="font: 10pt Times New Roman, Times, Serif; margin: 0; text-align: justify"&gt;The Company follows the guidance in Section&#13;855-10-50 of the FASB Accounting Standards Codification for the disclosure of subsequent events. The Company will evaluate subsequent&#13;events through the date when the&amp;#160;financial statements were issued.&amp;#160;&amp;#160;Pursuant to ASU 2010-09 of the FASB Accounting&#13;Standards Codification, the Company as an SEC filer considers its financial statements issued when they are widely distributed&#13;to users, such as through filing them on EDGAR.&lt;/p&gt;&#13;&#13;&lt;p style="font: 10pt Times New Roman, Times, Serif; margin: 0; text-align: justify"&gt;&amp;#160;&lt;/p&gt;&#13;&#13;&lt;p style="font: 10pt Times New Roman, Times, Serif; margin: 0; text-align: justify"&gt;&lt;i&gt;&lt;u&gt;Recently issued accounting pronouncements&lt;/u&gt;&lt;/i&gt;&lt;/p&gt;&#13;&#13;&lt;p style="font: 10pt Times New Roman, Times, Serif; margin: 0; text-align: justify"&gt;&amp;#160;&lt;/p&gt;&#13;&#13;&lt;p style="font: 10pt Times New Roman, Times, Serif; margin: 0 0 12pt; text-align: justify"&gt;The following accounting standards were&#13;issued as of December 26, 2011:&lt;/p&gt;&#13;&#13;&lt;table cellspacing="0" cellpadding="0" style="width: 100%; border-collapse: collapse"&gt;&#13;&lt;tr style="vertical-align: top"&gt;&#13;    &lt;td style="width: 100%; padding-right: 5.4pt; padding-left: 5.4pt"&gt;&#13;        &lt;p style="font: 10pt Times New Roman, Times, Serif; margin: 3pt 0; text-align: justify"&gt;&lt;b&gt;ASU 2010-06, Fair Value Measurements&#13;        and Disclosures (Topic 820) &amp;#8211; Improving Disclosures about Fair Value Measurements. &lt;/b&gt;&lt;/p&gt;&#13;        &lt;p style="font: 10pt Times New Roman, Times, Serif; margin: 3pt 0; text-align: justify"&gt;This ASU affects all entities that are&#13;        required to make disclosures about recurring and nonrecurring fair value measurements under FASB ASC Topic 820, originally issued&#13;        as FASB Statement No. 157, &lt;i&gt;Fair Value Measurements&lt;/i&gt;. The ASU requires certain new disclosures and clarifies two existing&#13;        disclosure requirements. The new disclosures and clarifications of existing disclosures are effective for interim and annual reporting&#13;        periods beginning after December 15, 2009, except for the disclosures about purchases, sales, issuances, and settlements in the&#13;        roll forward of activity in Level 3 fair value measurements. Those disclosures are effective for fiscal years beginning after December&#13;        15, 2010, and for interim periods within those fiscal years.&lt;/p&gt;&#13;        &lt;p style="font: 10pt Times New Roman, Times, Serif; margin: 3pt 0; text-align: justify"&gt;&amp;#160;&lt;/p&gt;&#13;        &lt;p style="font: 10pt Times New Roman, Times, Serif; margin: 3pt 0; text-align: justify"&gt;&lt;b&gt;ASU 2011-04, &lt;i&gt;Fair Value Measurement&#13;        (Topic 820) &amp;#8211; Amendments to Achieve Common Fair Value Measurement and Disclosure Requirements in U.S. GAAP and IFRSs&lt;/i&gt;&lt;/b&gt;&lt;/p&gt;&#13;        &lt;p style="font: 10pt Times New Roman, Times, Serif; margin: 3pt 0; text-align: justify"&gt;This ASU supersedes most of the guidance&#13;        in Topic 820, although many of the changes are clarifications of existing guidance or wording changes to align with IFRS 13. In&#13;        addition, certain amendments in ASU 2011-04 change a particular principle or requirement for measuring fair value or disclosing&#13;        information about fair value measurements. The amendments in ASU 2011-04 are effective for public entities for interim and annual&#13;        periods beginning after December 15, 2011.&lt;/p&gt;&lt;/td&gt;&lt;/tr&gt;&lt;/table&gt;</us-gaap:SignificantAccountingPoliciesTextBlock>
    <us-gaap:UseOfEstimates contextRef="From2012-09-01to2012-11-30">&lt;p style="font: 10pt Times New Roman, Times, Serif; margin: 0; text-align: justify"&gt;&lt;i&gt;&lt;u&gt;Use of estimates&lt;/u&gt;&lt;/i&gt;&lt;/p&gt;&#13;&#13;&lt;p style="font: 10pt Times New Roman, Times, Serif; margin: 0; text-align: justify"&gt;&amp;#160;&lt;/p&gt;&#13;&#13;&lt;p style="font: 10pt Times New Roman, Times, Serif; margin: 0; text-align: justify"&gt;The preparation of financial statements in&#13;conformity with generally accepted accounting principles requires management to make estimates and assumptions that affect the&#13;reported amounts of assets and liabilities and disclosure of contingent assets and liabilities at the date of the financial statements&#13;and the reported amounts of revenues and expenses during the reporting period. Significant estimates include the estimated useful&#13;lives of property and equipment. Actual results could differ from those estimates.&lt;/p&gt;</us-gaap:UseOfEstimates>
    <us-gaap:FairValueOfFinancialInstrumentsPolicy contextRef="From2012-09-01to2012-11-30">&lt;p style="font: 10pt Times New Roman, Times, Serif; margin: 0; text-align: justify"&gt;&lt;i&gt;&lt;u&gt;Fair value of financial instruments&lt;/u&gt;&lt;/i&gt;&lt;/p&gt;&#13;&#13;&lt;p style="font: 10pt Times New Roman, Times, Serif; margin: 0; text-align: justify"&gt;&amp;#160;&lt;/p&gt;&#13;&#13;&lt;p style="font: 10pt Times New Roman, Times, Serif; margin: 0; text-align: justify"&gt;The Company follows paragraph 825-10-50-10&#13;of the FASB Accounting Standards Codification for disclosures about fair value of its financial instruments and paragraph 820-10-35-37&#13;of the FASB Accounting Standards Codification (&amp;#8220;Paragraph 820-10-35-37&amp;#8221;) to measure the fair value of its financial&#13;instruments. Paragraph 820-10-5-37 establishes a framework for measuring fair value in accounting principles generally accepted&#13;in the United States of America (U.S. GAAP), and expands disclosures about fair value measurements. To increase consistency and&#13;comparability in fair value measurements and related disclosures, Paragraph 820-10-35-37 establishes a fair value hierarchy which&#13;prioritizes the inputs to valuation techniques used to measure fair value into three (3) broad levels. The fair value hierarchy&#13;gives the highest priority to quoted prices (unadjusted) in active markets for identical assets or liabilities and the lowest&#13;priority to unobservable inputs. The three (3) levels of fair value hierarchy defined by Paragraph 820-10-35-37 are described&#13;below:&lt;/p&gt;&#13;&#13;&lt;table cellspacing="0" cellpadding="0" style="width: 100%; border-collapse: collapse"&gt;&#13;&lt;tr&gt;&#13;    &lt;td style="vertical-align: top; width: 12%; font: 10pt Times New Roman, Times, Serif; text-align: justify"&gt;&amp;#160;&lt;/td&gt;&#13;    &lt;td style="width: 2%; font: bold 10pt Times New Roman, Times, Serif; text-align: justify"&gt;&amp;#160;&lt;/td&gt;&#13;    &lt;td style="vertical-align: top; width: 86%; font: bold 10pt Times New Roman, Times, Serif; text-align: center"&gt;&amp;#160;&lt;/td&gt;&lt;/tr&gt;&#13;&lt;tr&gt;&#13;    &lt;td style="vertical-align: top; font: 10pt Times New Roman, Times, Serif; text-align: justify"&gt;&lt;font style="font-size: 10pt"&gt;Level 1&lt;/font&gt;&lt;/td&gt;&#13;    &lt;td style="font: 10pt Times New Roman, Times, Serif; text-align: justify"&gt;&amp;#160;&lt;/td&gt;&#13;    &lt;td style="vertical-align: top; font: 10pt Times New Roman, Times, Serif; text-align: justify"&gt;&lt;font style="font-size: 10pt"&gt;Quoted market prices available in active markets for identical assets or liabilities as of the reporting date.&lt;/font&gt;&lt;/td&gt;&lt;/tr&gt;&#13;&lt;tr&gt;&#13;    &lt;td style="vertical-align: top; font: 10pt Times New Roman, Times, Serif; text-align: justify"&gt;&amp;#160;&lt;/td&gt;&#13;    &lt;td style="font: 10pt Times New Roman, Times, Serif; text-align: justify"&gt;&amp;#160;&lt;/td&gt;&#13;    &lt;td style="vertical-align: top; font: 10pt Times New Roman, Times, Serif; text-align: justify"&gt;&amp;#160;&lt;/td&gt;&lt;/tr&gt;&#13;&lt;tr&gt;&#13;    &lt;td style="vertical-align: top; font: 10pt Times New Roman, Times, Serif; text-align: justify"&gt;&lt;font style="font-size: 10pt"&gt;Level 2&lt;/font&gt;&lt;/td&gt;&#13;    &lt;td style="font: 10pt Times New Roman, Times, Serif; text-align: justify"&gt;&amp;#160;&lt;/td&gt;&#13;    &lt;td style="vertical-align: top; font: 10pt Times New Roman, Times, Serif; text-align: justify"&gt;&lt;font style="font-size: 10pt"&gt;Pricing inputs other than quoted prices in active markets included in Level 1, which are either directly or indirectly observable as of the reporting date.&lt;/font&gt;&lt;/td&gt;&lt;/tr&gt;&#13;&lt;tr&gt;&#13;    &lt;td style="vertical-align: top; font: 10pt Times New Roman, Times, Serif; text-align: justify"&gt;&amp;#160;&lt;/td&gt;&#13;    &lt;td style="font: 10pt Times New Roman, Times, Serif; text-align: justify"&gt;&amp;#160;&lt;/td&gt;&#13;    &lt;td style="vertical-align: top; font: 10pt Times New Roman, Times, Serif; text-align: justify"&gt;&amp;#160;&lt;/td&gt;&lt;/tr&gt;&#13;&lt;tr&gt;&#13;    &lt;td style="vertical-align: top; font: 10pt Times New Roman, Times, Serif; text-align: justify"&gt;&lt;font style="font-size: 10pt"&gt;Level 3&lt;/font&gt;&lt;/td&gt;&#13;    &lt;td style="font: 10pt Times New Roman, Times, Serif; text-align: justify"&gt;&amp;#160;&lt;/td&gt;&#13;    &lt;td style="vertical-align: top; font: 10pt Times New Roman, Times, Serif; text-align: justify"&gt;&lt;font style="font-size: 10pt"&gt;Pricing inputs that are generally observable inputs and not corroborated by market data.&lt;/font&gt;&lt;/td&gt;&lt;/tr&gt;&#13;&lt;/table&gt;&#13;&lt;p style="font: 10pt Times New Roman, Times, Serif; margin: 0; text-align: justify; text-indent: 0in"&gt;&amp;#160;&lt;/p&gt;&#13;&#13;&lt;p style="font: 10pt Times New Roman, Times, Serif; margin: 0; text-align: justify"&gt;The carrying amount of the Company&amp;#8217;s&#13;financial assets and liabilities, such as cash, prepaid expenses and accrued expenses approximate their fair value because of the&#13;short maturity of those instruments. The Company&amp;#8217;s notes payable approximate the fair value of such instruments based upon&#13;management&amp;#8217;s best estimate of interest rates that would be available to the Company for similar financial arrangements at&#13;November 30, 2012.&lt;/p&gt;&#13;&#13;&lt;p style="font: 10pt Times New Roman, Times, Serif; margin: 0; text-align: justify"&gt;&amp;#160;&lt;/p&gt;&#13;&#13;&lt;p style="font: 10pt Times New Roman, Times, Serif; margin: 0; text-align: justify"&gt;The Company does not have any assets or liabilities&#13;measured at fair value on a recurring or a non-recurring basis.&lt;/p&gt;</us-gaap:FairValueOfFinancialInstrumentsPolicy>
    <us-gaap:PropertyPlantAndEquipmentPolicyTextBlock contextRef="From2012-09-01to2012-11-30">&lt;p style="font: 10pt Times New Roman, Times, Serif; margin: 0; text-align: justify"&gt;&lt;i&gt;&lt;u&gt;Equipment&lt;/u&gt;&lt;/i&gt;&lt;/p&gt;&#13;&#13;&lt;p style="font: 10pt Times New Roman, Times, Serif; margin: 0; text-align: justify; text-indent: 0.5in"&gt;&amp;#160;&lt;/p&gt;&#13;&#13;&lt;p style="font: 10pt Times New Roman, Times, Serif; margin: 0; text-align: justify"&gt;Equipment is recorded at cost. Expenditures&#13;for major additions and betterments are capitalized. Maintenance and repairs are charged to operations as incurred. Depreciation&#13;of equipment is computed by the straight-line method (after taking into account their respective estimated residual values) over&#13;the assets estimated useful life of three (3) or seven (7) years. Upon sale or retirement of equipment, the related cost and accumulated&#13;depreciation are removed from the accounts and any gain or loss is reflected in statements of operations.&lt;/p&gt;</us-gaap:PropertyPlantAndEquipmentPolicyTextBlock>
    <us-gaap:ImpairmentOrDisposalOfLongLivedAssetsPolicyTextBlock contextRef="From2012-09-01to2012-11-30">&lt;p style="font: 10pt Times New Roman, Times, Serif; margin: 0; text-align: justify"&gt;&lt;i&gt;&lt;u&gt;Impairment of long-lived assets&lt;/u&gt;&lt;/i&gt;&lt;/p&gt;&#13;&#13;&lt;p style="font: 10pt Times New Roman, Times, Serif; margin: 0; text-align: justify"&gt;&amp;#160;&lt;/p&gt;&#13;&#13;&lt;p style="font: 10pt Times New Roman, Times, Serif; margin: 0; text-align: justify"&gt;The Company follows paragraph 360-10-05-4 of&#13;the FASB Accounting Standards Codification for its long-lived assets. The Company&amp;#8217;s long-lived assets, which includes computer&#13;equipment is reviewed for impairment whenever events or changes in circumstances indicate that the carrying amount of the asset&#13;may not be recoverable.&lt;/p&gt;&#13;&#13;&lt;p style="font: 10pt Times New Roman, Times, Serif; margin: 0; text-align: justify; text-indent: 0.5in"&gt;&amp;#160;&lt;/p&gt;&#13;&#13;&lt;p style="font: 10pt Times New Roman, Times, Serif; margin: 0; text-align: justify"&gt;The Company assesses the recoverability of&#13;its long-lived assets by comparing the projected undiscounted net cash flows associated with the related long-lived asset or group&#13;of long-lived assets over their remaining estimated useful lives against their respective carrying amounts. Impairment, if any,&#13;is based on the excess of the carrying amount over the fair value of those assets. Fair value is generally determined using the&#13;asset&amp;#8217;s expected future discounted cash flows or market value, if readily determinable. If long-lived assets are determined&#13;to be recoverable, but the newly determined remaining estimated useful lives are shorter than originally estimated, the net book&#13;values of the long-lived assets are depreciated over the newly determined remaining estimated useful lives.&lt;/p&gt;&#13;&#13;&lt;p style="font: 10pt Times New Roman, Times, Serif; margin: 0; text-align: justify; text-indent: 0.5in"&gt;&amp;#160;&lt;/p&gt;&#13;&#13;&lt;p style="font: 10pt Times New Roman, Times, Serif; margin: 0; text-align: justify"&gt;The Company determined that there were no impairments&#13;of long-lived assets as of November 30, 2012.&lt;/p&gt;</us-gaap:ImpairmentOrDisposalOfLongLivedAssetsPolicyTextBlock>
    <us-gaap:CommitmentsAndContingenciesPolicyTextBlock contextRef="From2012-09-01to2012-11-30">&lt;p style="font: 10pt Times New Roman, Times, Serif; margin: 0; text-align: justify"&gt;&lt;i&gt;&lt;u&gt;Commitments and contingencies&lt;/u&gt;&lt;/i&gt;&lt;/p&gt;&#13;&#13;&lt;p style="font: 10pt Times New Roman, Times, Serif; margin: 0; text-align: justify"&gt;&amp;#160;&lt;/p&gt;&#13;&#13;&lt;p style="font: 10pt Times New Roman, Times, Serif; margin: 0; text-align: justify"&gt;The Company follows subtopic 450-20 of the&#13;FASB Accounting Standards Codification to report accounting for contingencies.&amp;#160;&amp;#160;Liabilities for loss contingencies arising&#13;from claims, assessments, litigation, fines and penalties and other sources are recorded when it is probable that a liability has&#13;been incurred and the amount of the assessment can be reasonably estimated.&lt;/p&gt;</us-gaap:CommitmentsAndContingenciesPolicyTextBlock>
    <us-gaap:RevenueRecognitionPolicyTextBlock contextRef="From2012-09-01to2012-11-30">&lt;p style="font: 10pt Times New Roman, Times, Serif; margin: 0; text-align: justify; text-indent: 0in"&gt;&lt;i&gt;&lt;u&gt;Revenue recognition&lt;/u&gt;&lt;/i&gt;&lt;/p&gt;&#13;&#13;&lt;p style="font: 10pt Times New Roman, Times, Serif; margin: 0; text-align: justify"&gt;&amp;#160;&lt;/p&gt;&#13;&#13;&#13;&#13;&#13;&lt;p style="font: 10pt Times New Roman, Times, Serif; margin: 0; text-align: justify"&gt;The Company follows paragraph 605-10-S99-1&#13;of the FASB Accounting Standards Codification for revenue recognition. The Company will recognize revenue when it is realized or&#13;realizable and earned. The Company considers revenue realized or realizable and earned when all of the following criteria are met:&#13;(i) persuasive evidence of an arrangement exists, (ii) the product has been shipped or the services have been rendered to the customer,&#13;(iii) the sales price is fixed or determinable, and (iv) collectability is reasonably assured.&lt;/p&gt;</us-gaap:RevenueRecognitionPolicyTextBlock>
    <us-gaap:IncomeTaxPolicyTextBlock contextRef="From2012-09-01to2012-11-30">&lt;p style="font: 10pt Times New Roman, Times, Serif; margin: 0; text-align: justify"&gt;&lt;i&gt;&lt;u&gt;Income taxes&lt;/u&gt;&lt;/i&gt;&lt;/p&gt;&#13;&#13;&lt;p style="font: 10pt Times New Roman, Times, Serif; margin: 0; text-align: justify"&gt;&lt;i&gt;&amp;#160;&lt;/i&gt;&lt;/p&gt;&#13;&#13;&lt;p style="font: 10pt Times New Roman, Times, Serif; margin: 0; text-align: justify"&gt;The Company follows Section 740-10-30 of the&#13;FASB Accounting Standards Codification, which requires recognition of deferred tax assets and liabilities for the expected future&#13;tax consequences of events that have been included in the financial statements or tax returns. Under this method, deferred tax&#13;assets and liabilities are based on the differences between the financial statement and tax bases of assets and liabilities using&#13;enacted tax rates in effect for the fiscal year in which the differences are expected to reverse. Deferred tax assets are reduced&#13;by a valuation allowance to the extent management concludes it is more likely than not that the assets will not be realized. Deferred&#13;tax assets and liabilities are measured using enacted tax rates expected to apply to taxable income in the fiscal years in which&#13;those temporary differences are expected to be recovered or settled. The effect on deferred tax assets and liabilities of a change&#13;in tax rates is recognized in the Statements of Income and Comprehensive Income in the period that includes the enactment date.&lt;/p&gt;&#13;&#13;&lt;p style="font: 10pt Times New Roman, Times, Serif; margin: 0; text-align: justify"&gt;&amp;#160;&lt;/p&gt;&#13;&#13;&lt;p style="font: 10pt Times New Roman, Times, Serif; margin: 0; text-align: justify"&gt;The Company adopted section 740-10-25 of the&#13;FASB Accounting Standards Codification (&amp;#8220;Section 740-10-25&amp;#8221;) with regards to uncertainty income taxes. Section 740-10-25&#13;addresses the determination of whether tax benefits claimed or expected to be claimed on a tax return should be recorded in the&#13;financial statements. Under Section 740-10-25, the Company may recognize the tax benefit from an uncertain tax position only if&#13;it is more likely than not that the tax position will be sustained on examination by the taxing authorities, based on the technical&#13;merits of the position. The tax benefits recognized in the financial statements from such a position should be measured based on&#13;the largest benefit that has a greater than fifty percent (50%) likelihood of being realized upon ultimate settlement. Section&#13;740-10-25 also provides guidance on de-recognition, classification, interest and penalties on income taxes, accounting in interim&#13;periods and requires increased disclosures. The Company had no material adjustments to its liabilities for unrecognized income&#13;tax benefits according to the provisions of Section 740-10-25.&lt;/p&gt;</us-gaap:IncomeTaxPolicyTextBlock>
    <us-gaap:NewAccountingPronouncementsPolicyPolicyTextBlock contextRef="From2012-09-01to2012-11-30">&lt;p style="font: 10pt Times New Roman, Times, Serif; margin: 0; text-align: justify"&gt;&lt;i&gt;&lt;u&gt;Recently issued accounting pronouncements&lt;/u&gt;&lt;/i&gt;&lt;/p&gt;&#13;&#13;&lt;p style="font: 10pt Times New Roman, Times, Serif; margin: 0; text-align: justify"&gt;&amp;#160;&lt;/p&gt;&#13;&#13;&lt;p style="font: 10pt Times New Roman, Times, Serif; margin: 0 0 12pt; text-align: justify"&gt;The following accounting standards were&#13;issued as of December 26, 2011:&lt;/p&gt;&#13;&#13;&lt;table cellspacing="0" cellpadding="0" style="width: 100%; border-collapse: collapse"&gt;&#13;&lt;tr style="vertical-align: top"&gt;&#13;    &lt;td style="width: 100%; padding-right: 5.4pt; padding-left: 5.4pt"&gt;&#13;        &lt;p style="font: 10pt Times New Roman, Times, Serif; margin: 3pt 0; text-align: justify"&gt;&lt;b&gt;ASU 2010-06, Fair Value Measurements&#13;        and Disclosures (Topic 820) &amp;#8211; Improving Disclosures about Fair Value Measurements. &lt;/b&gt;&lt;/p&gt;&#13;        &lt;p style="font: 10pt Times New Roman, Times, Serif; margin: 3pt 0; text-align: justify"&gt;This ASU affects all entities that are&#13;        required to make disclosures about recurring and nonrecurring fair value measurements under FASB ASC Topic 820, originally issued&#13;        as FASB Statement No. 157, &lt;i&gt;Fair Value Measurements&lt;/i&gt;. The ASU requires certain new disclosures and clarifies two existing&#13;        disclosure requirements. The new disclosures and clarifications of existing disclosures are effective for interim and annual reporting&#13;        periods beginning after December 15, 2009, except for the disclosures about purchases, sales, issuances, and settlements in the&#13;        roll forward of activity in Level 3 fair value measurements. Those disclosures are effective for fiscal years beginning after December&#13;        15, 2010, and for interim periods within those fiscal years.&lt;/p&gt;&#13;        &lt;p style="font: 10pt Times New Roman, Times, Serif; margin: 3pt 0; text-align: justify"&gt;&amp;#160;&lt;/p&gt;&#13;        &lt;p style="font: 10pt Times New Roman, Times, Serif; margin: 3pt 0; text-align: justify"&gt;&lt;b&gt;ASU 2011-04, &lt;i&gt;Fair Value Measurement&#13;        (Topic 820) &amp;#8211; Amendments to Achieve Common Fair Value Measurement and Disclosure Requirements in U.S. GAAP and IFRSs&lt;/i&gt;&lt;/b&gt;&lt;/p&gt;&#13;        &lt;p style="font: 10pt Times New Roman, Times, Serif; margin: 3pt 0; text-align: justify"&gt;This ASU supersedes most of the guidance&#13;        in Topic 820, although many of the changes are clarifications of existing guidance or wording changes to align with IFRS 13. In&#13;        addition, certain amendments in ASU 2011-04 change a particular principle or requirement for measuring fair value or disclosing&#13;        information about fair value measurements. The amendments in ASU 2011-04 are effective for public entities for interim and annual&#13;        periods beginning after December 15, 2011.&lt;/p&gt;&lt;/td&gt;&lt;/tr&gt;&lt;/table&gt;</us-gaap:NewAccountingPronouncementsPolicyPolicyTextBlock>
    <us-gaap:Cash contextRef="AsOf2012-11-30" unitRef="USD" decimals="0">2132</us-gaap:Cash>
    <us-gaap:Cash contextRef="AsOf2012-08-31" unitRef="USD" xsi:nil="true" />
    <us-gaap:AccountsReceivableNetCurrent contextRef="AsOf2012-11-30" unitRef="USD" xsi:nil="true" />
    <us-gaap:AccountsReceivableNetCurrent contextRef="AsOf2012-08-31" unitRef="USD" xsi:nil="true" />
    <us-gaap:AssetsCurrent contextRef="AsOf2012-11-30" unitRef="USD" decimals="0">2132</us-gaap:AssetsCurrent>
    <us-gaap:AssetsCurrent contextRef="AsOf2012-08-31" unitRef="USD" xsi:nil="true" />
    <us-gaap:Assets contextRef="AsOf2012-11-30" unitRef="USD" decimals="0">2132</us-gaap:Assets>
    <us-gaap:Assets contextRef="AsOf2012-08-31" unitRef="USD" xsi:nil="true" />
    <us-gaap:AccountsPayableCurrent contextRef="AsOf2012-11-30" unitRef="USD" decimals="0">7500</us-gaap:AccountsPayableCurrent>
    <us-gaap:AccountsPayableCurrent contextRef="AsOf2012-08-31" unitRef="USD" xsi:nil="true" />
    <us-gaap:DueToRelatedPartiesCurrent contextRef="AsOf2012-11-30" unitRef="USD" xsi:nil="true" />
    <us-gaap:DueToRelatedPartiesCurrent contextRef="AsOf2012-08-31" unitRef="USD" xsi:nil="true" />
    <us-gaap:LiabilitiesCurrent contextRef="AsOf2012-11-30" unitRef="USD" decimals="0">7500</us-gaap:LiabilitiesCurrent>
    <us-gaap:LiabilitiesCurrent contextRef="AsOf2012-08-31" unitRef="USD" xsi:nil="true" />
    <us-gaap:Liabilities contextRef="AsOf2012-11-30" unitRef="USD" decimals="0">7500</us-gaap:Liabilities>
    <us-gaap:Liabilities contextRef="AsOf2012-08-31" unitRef="USD" xsi:nil="true" />
    <us-gaap:AdditionalPaidInCapital contextRef="AsOf2012-11-30" unitRef="USD" decimals="0">14362600</us-gaap:AdditionalPaidInCapital>
    <us-gaap:AdditionalPaidInCapital contextRef="AsOf2012-08-31" unitRef="USD" decimals="0">14362600</us-gaap:AdditionalPaidInCapital>
    <us-gaap:RetainedEarningsAccumulatedDeficit contextRef="AsOf2012-11-30" unitRef="USD" decimals="0">-28419491</us-gaap:RetainedEarningsAccumulatedDeficit>
    <us-gaap:RetainedEarningsAccumulatedDeficit contextRef="AsOf2012-08-31" unitRef="USD" decimals="0">-14363783</us-gaap:RetainedEarningsAccumulatedDeficit>
    <us-gaap:StockholdersEquity contextRef="AsOf2012-11-30" unitRef="USD" decimals="0">-5368</us-gaap:StockholdersEquity>
    <us-gaap:StockholdersEquity contextRef="AsOf2012-08-31" unitRef="USD" xsi:nil="true" />
    <us-gaap:LiabilitiesAndStockholdersEquity contextRef="AsOf2012-11-30" unitRef="USD" decimals="0">2132</us-gaap:LiabilitiesAndStockholdersEquity>
    <us-gaap:LiabilitiesAndStockholdersEquity contextRef="AsOf2012-08-31" unitRef="USD" xsi:nil="true" />
    <us-gaap:PreferredStockValue contextRef="AsOf2012-11-30" unitRef="USD" xsi:nil="true" />
    <us-gaap:PreferredStockValue contextRef="AsOf2012-08-31" unitRef="USD" xsi:nil="true" />
    <us-gaap:CommonStockValue contextRef="AsOf2012-11-30" unitRef="USD" decimals="0">1183</us-gaap:CommonStockValue>
    <us-gaap:CommonStockValue contextRef="AsOf2012-08-31" unitRef="USD" decimals="0">1183</us-gaap:CommonStockValue>
    <us-gaap:Revenues contextRef="From2012-09-01to2012-11-30" unitRef="USD" xsi:nil="true" />
    <us-gaap:Revenues contextRef="From2011-09-01to2011-11-30" unitRef="USD" xsi:nil="true" />
    <us-gaap:CostOfServices contextRef="From2012-09-01to2012-11-30" unitRef="USD" xsi:nil="true" />
    <us-gaap:CostOfServices contextRef="From2011-09-01to2011-11-30" unitRef="USD" xsi:nil="true" />
    <us-gaap:GrossProfit contextRef="From2012-09-01to2012-11-30" unitRef="USD" xsi:nil="true" />
    <us-gaap:GrossProfit contextRef="From2011-09-01to2011-11-30" unitRef="USD" xsi:nil="true" />
    <us-gaap:GeneralAndAdministrativeExpense contextRef="From2012-09-01to2012-11-30" unitRef="USD" decimals="0">74311</us-gaap:GeneralAndAdministrativeExpense>
    <us-gaap:GeneralAndAdministrativeExpense contextRef="From2011-09-01to2011-11-30" unitRef="USD" decimals="0">3000</us-gaap:GeneralAndAdministrativeExpense>
    <us-gaap:OperatingExpenses contextRef="From2012-09-01to2012-11-30" unitRef="USD" decimals="0">14055708</us-gaap:OperatingExpenses>
    <us-gaap:OperatingExpenses contextRef="From2011-09-01to2011-11-30" unitRef="USD" decimals="0">3000</us-gaap:OperatingExpenses>
    <us-gaap:OperatingIncomeLoss contextRef="From2012-09-01to2012-11-30" unitRef="USD" decimals="0">-14055708</us-gaap:OperatingIncomeLoss>
    <us-gaap:OperatingIncomeLoss contextRef="From2011-09-01to2011-11-30" unitRef="USD" decimals="0">-3000</us-gaap:OperatingIncomeLoss>
    <us-gaap:IncomeLossFromContinuingOperationsBeforeInterestExpenseInterestIncomeIncomeTaxesExtraordinaryItemsNoncontrollingInterestsNet contextRef="From2012-09-01to2012-11-30" unitRef="USD" decimals="0">-14055708</us-gaap:IncomeLossFromContinuingOperationsBeforeInterestExpenseInterestIncomeIncomeTaxesExtraordinaryItemsNoncontrollingInterestsNet>
    <us-gaap:IncomeLossFromContinuingOperationsBeforeInterestExpenseInterestIncomeIncomeTaxesExtraordinaryItemsNoncontrollingInterestsNet contextRef="From2011-09-01to2011-11-30" unitRef="USD" decimals="0">-3000</us-gaap:IncomeLossFromContinuingOperationsBeforeInterestExpenseInterestIncomeIncomeTaxesExtraordinaryItemsNoncontrollingInterestsNet>
    <us-gaap:IncomeTaxesPaid contextRef="From2012-09-01to2012-11-30" unitRef="USD" xsi:nil="true" />
    <us-gaap:IncomeTaxesPaid contextRef="From2011-09-01to2011-11-30" unitRef="USD" xsi:nil="true" />
    <us-gaap:NetIncomeLoss contextRef="From2012-09-01to2012-11-30" unitRef="USD" decimals="0">-14055708</us-gaap:NetIncomeLoss>
    <us-gaap:NetIncomeLoss contextRef="From2011-09-01to2011-11-30" unitRef="USD" decimals="0">-3000</us-gaap:NetIncomeLoss>
    <us-gaap:EarningsPerShareBasicAndDiluted contextRef="From2012-09-01to2012-11-30" unitRef="USDPShares" decimals="INF">-11.88</us-gaap:EarningsPerShareBasicAndDiluted>
    <us-gaap:EarningsPerShareBasicAndDiluted contextRef="From2011-09-01to2011-11-30" unitRef="USDPShares" decimals="INF">-0.00</us-gaap:EarningsPerShareBasicAndDiluted>
    <us-gaap:WeightedAverageNumberOfShareOutstandingBasicAndDiluted contextRef="From2012-09-01to2012-11-30" unitRef="Shares" decimals="INF">1183273</us-gaap:WeightedAverageNumberOfShareOutstandingBasicAndDiluted>
    <us-gaap:WeightedAverageNumberOfShareOutstandingBasicAndDiluted contextRef="From2011-09-01to2011-11-30" unitRef="Shares" decimals="INF">1183273</us-gaap:WeightedAverageNumberOfShareOutstandingBasicAndDiluted>
    <us-gaap:ProfessionalFees contextRef="From2012-09-01to2012-11-30" unitRef="USD" decimals="0">443057</us-gaap:ProfessionalFees>
    <us-gaap:ProfessionalFees contextRef="From2011-09-01to2011-11-30" unitRef="USD" xsi:nil="true" />
    <us-gaap:ShareBasedCompensation contextRef="From2012-09-01to2012-11-30" unitRef="USD" decimals="0">13538340</us-gaap:ShareBasedCompensation>
    <us-gaap:ShareBasedCompensation contextRef="From2011-09-01to2011-11-30" unitRef="USD" xsi:nil="true" />
    <GWPC:CommonStockSubscribedPaidInFullSharesUnissued contextRef="AsOf2012-11-30" unitRef="USD" decimals="0">512000</GWPC:CommonStockSubscribedPaidInFullSharesUnissued>
    <GWPC:CommonStockSubscribedPaidInFullSharesUnissued contextRef="AsOf2012-08-31" unitRef="USD" xsi:nil="true" />
    <GWPC:CommonStockToBeIssued contextRef="AsOf2012-11-30" unitRef="USD" decimals="0">13538340</GWPC:CommonStockToBeIssued>
    <GWPC:CommonStockToBeIssued contextRef="AsOf2012-08-31" unitRef="USD" xsi:nil="true" />
    <us-gaap:PreferredStockSharesAuthorized contextRef="AsOf2012-11-30" unitRef="Shares" decimals="INF">100000000</us-gaap:PreferredStockSharesAuthorized>
    <us-gaap:PreferredStockSharesAuthorized contextRef="AsOf2012-08-31" unitRef="Shares" decimals="INF">10000000</us-gaap:PreferredStockSharesAuthorized>
    <us-gaap:PreferredStockParOrStatedValuePerShare contextRef="AsOf2012-11-30" unitRef="USDPShares" decimals="INF">1.00</us-gaap:PreferredStockParOrStatedValuePerShare>
    <us-gaap:PreferredStockParOrStatedValuePerShare contextRef="AsOf2012-08-31" unitRef="USDPShares" decimals="INF">1.00</us-gaap:PreferredStockParOrStatedValuePerShare>
    <us-gaap:PreferredStockSharesIssued contextRef="AsOf2012-11-30" unitRef="Shares" decimals="INF">0</us-gaap:PreferredStockSharesIssued>
    <us-gaap:PreferredStockSharesIssued contextRef="AsOf2012-08-31" unitRef="Shares" decimals="INF">0</us-gaap:PreferredStockSharesIssued>
    <us-gaap:CommonStockSharesAuthorized contextRef="AsOf2012-11-30" unitRef="Shares" decimals="INF">1200000000</us-gaap:CommonStockSharesAuthorized>
    <us-gaap:CommonStockSharesAuthorized contextRef="AsOf2012-08-31" unitRef="Shares" decimals="INF">1200000000</us-gaap:CommonStockSharesAuthorized>
    <us-gaap:CommonStockParOrStatedValuePerShare contextRef="AsOf2012-11-30" unitRef="USDPShares" decimals="INF">0.001</us-gaap:CommonStockParOrStatedValuePerShare>
    <us-gaap:CommonStockParOrStatedValuePerShare contextRef="AsOf2012-08-31" unitRef="USDPShares" decimals="INF">0.001</us-gaap:CommonStockParOrStatedValuePerShare>
    <us-gaap:CommonStockSharesOutstanding contextRef="AsOf2012-11-30" unitRef="Shares" decimals="INF">1183273</us-gaap:CommonStockSharesOutstanding>
    <us-gaap:CommonStockSharesOutstanding contextRef="AsOf2012-08-31" unitRef="Shares" decimals="INF">1183273</us-gaap:CommonStockSharesOutstanding>
    <us-gaap:InterestPaid contextRef="From2012-09-01to2012-11-30" unitRef="USD" xsi:nil="true" />
    <us-gaap:InterestPaid contextRef="From2011-09-01to2011-11-30" unitRef="USD" xsi:nil="true" />
    <us-gaap:IncreaseDecreaseInInventories contextRef="From2012-09-01to2012-11-30" unitRef="USD" xsi:nil="true" />
    <us-gaap:IncreaseDecreaseInInventories contextRef="From2011-09-01to2011-11-30" unitRef="USD" xsi:nil="true" />
    <us-gaap:IncreaseDecreaseInAccountsPayable contextRef="From2012-09-01to2012-11-30" unitRef="USD" decimals="0">7500</us-gaap:IncreaseDecreaseInAccountsPayable>
    <us-gaap:IncreaseDecreaseInAccountsPayable contextRef="From2011-09-01to2011-11-30" unitRef="USD" xsi:nil="true" />
    <us-gaap:NetCashProvidedByUsedInOperatingActivities contextRef="From2012-09-01to2012-11-30" unitRef="USD" decimals="0">-509868</us-gaap:NetCashProvidedByUsedInOperatingActivities>
    <us-gaap:NetCashProvidedByUsedInOperatingActivities contextRef="From2011-09-01to2011-11-30" unitRef="USD" xsi:nil="true" />
    <us-gaap:PaymentsToAcquireInterestInSubsidiariesAndAffiliates contextRef="From2012-09-01to2012-11-30" unitRef="USD" xsi:nil="true" />
    <us-gaap:PaymentsToAcquireInterestInSubsidiariesAndAffiliates contextRef="From2011-09-01to2011-11-30" unitRef="USD" xsi:nil="true" />
    <us-gaap:NetCashProvidedByUsedInInvestingActivities contextRef="From2012-09-01to2012-11-30" unitRef="USD" xsi:nil="true" />
    <us-gaap:NetCashProvidedByUsedInInvestingActivities contextRef="From2011-09-01to2011-11-30" unitRef="USD" xsi:nil="true" />
    <us-gaap:NetCashProvidedByUsedInFinancingActivities contextRef="From2012-09-01to2012-11-30" unitRef="USD" decimals="0">512000</us-gaap:NetCashProvidedByUsedInFinancingActivities>
    <us-gaap:NetCashProvidedByUsedInFinancingActivities contextRef="From2011-09-01to2011-11-30" unitRef="USD" xsi:nil="true" />
    <us-gaap:CashAndCashEquivalentsPeriodIncreaseDecrease contextRef="From2012-09-01to2012-11-30" unitRef="USD" decimals="0">2132</us-gaap:CashAndCashEquivalentsPeriodIncreaseDecrease>
    <us-gaap:CashAndCashEquivalentsPeriodIncreaseDecrease contextRef="From2011-09-01to2011-11-30" unitRef="USD" xsi:nil="true" />
    <us-gaap:CashAndCashEquivalentsAtCarryingValue contextRef="AsOf2012-11-30" unitRef="USD" decimals="0">2132</us-gaap:CashAndCashEquivalentsAtCarryingValue>
    <us-gaap:CashAndCashEquivalentsAtCarryingValue contextRef="AsOf2012-08-31" unitRef="USD" xsi:nil="true" />
    <us-gaap:CashAndCashEquivalentsAtCarryingValue contextRef="AsOf2011-08-31" unitRef="USD" xsi:nil="true" />
    <us-gaap:CashAndCashEquivalentsAtCarryingValue contextRef="AsOf2011-11-30" unitRef="USD" xsi:nil="true" />
    <GWPC:SharesIssuedForServicesAndContributedServices contextRef="From2012-09-01to2012-11-30" unitRef="USD" decimals="0">13538340</GWPC:SharesIssuedForServicesAndContributedServices>
    <GWPC:SharesIssuedForServicesAndContributedServices contextRef="From2011-09-01to2011-11-30" unitRef="USD" decimals="0">3000</GWPC:SharesIssuedForServicesAndContributedServices>
    <us-gaap:ProceedsFromIssuanceOfCommonStock contextRef="From2012-09-01to2012-11-30" unitRef="USD" decimals="0">512000</us-gaap:ProceedsFromIssuanceOfCommonStock>
    <us-gaap:ProceedsFromIssuanceOfCommonStock contextRef="From2011-09-01to2011-11-30" unitRef="USD" xsi:nil="true" />
    <us-gaap:NatureOfOperations contextRef="From2012-09-01to2012-11-30">&lt;p style="font: 10pt Times New Roman, Times, Serif; margin: 11.25pt 0 0; text-align: justify"&gt;&lt;b&gt;NOTE 1 - ORGANIZATION AND DESCRIPTION&#13;OF BUSINESS&lt;/b&gt;&lt;/p&gt;&#13;&#13;&lt;p style="font: 10pt Times New Roman, Times, Serif; margin: 0; text-align: justify"&gt;&amp;#160;&lt;/p&gt;&#13;&#13;&lt;p style="font: 10pt Times New Roman, Times, Serif; margin: 0; text-align: justify"&gt;Wholehealth Products, Inc. formerly Gulf Western&#13;Petroleum Corporation (the Company) was incorporated on February 21, 2006 in the State of Nevada as Georgia Exploration, Inc. The&#13;name was originally changed on March 8, 2007 and recently in July 2012 to Wholehealth Products, Inc. The Company was engaged in&#13;the acquisition, exploration and development of oil and natural gas reserves in the United States.&lt;/p&gt;&#13;&#13;&lt;p style="font: 10pt Times New Roman, Times, Serif; margin: 0; text-align: justify"&gt;&amp;#160;&lt;/p&gt;&#13;&#13;&lt;p style="font: 10pt Times New Roman, Times, Serif; margin: 0; text-align: justify"&gt;The Company today is in the business of developing,&#13;manufacturing and marketing in vitro diagnostic (IVD) tests for over-the-counter (OTC or consumer), and point-of-care (POC or professional)&#13;use markets. The Company currently manufactures and markets a range of diagnostic test kits for consumer use through over-the-counter&#13;(OTC) sales, and for use by health care professionals, generally located at medical clinics, physician offices and hospitals known&#13;as Points-of-Care (POC), in the United States. These test kits are known as in vitro diagnostic test kits or &amp;#8220;IVD&amp;#8221;&#13;products.&lt;/p&gt;</us-gaap:NatureOfOperations>
    <us-gaap:LiquidityDisclosureTextBlock contextRef="From2012-09-01to2012-11-30">&lt;p style="font: 10pt Times New Roman, Times, Serif; margin: 0; text-align: justify"&gt;&lt;b&gt;NOTE 3 &amp;#8211; GOING CONCERN&lt;/b&gt;&lt;/p&gt;&#13;&#13;&lt;p style="font: 10pt Times New Roman, Times, Serif; margin: 0; text-align: justify"&gt;&amp;#160;&lt;/p&gt;&#13;&#13;&lt;p style="font: 10pt Times New Roman, Times, Serif; margin: 0; text-align: justify"&gt;As reflected in the accompanying financial&#13;statements, the Company had an accumulated deficit of $28,419,491 at November 30, 2012.&lt;/p&gt;&#13;&#13;&lt;p style="font: 10pt Times New Roman, Times, Serif; margin: 0; text-align: justify"&gt;&amp;#160;&lt;/p&gt;&#13;&#13;&lt;p style="font: 10pt Times New Roman, Times, Serif; margin: 0; text-align: justify"&gt;While the Company is attempting to commence&#13;operations and generate revenues, the Company&amp;#8217;s cash position may not be significant enough to support the Company&amp;#8217;s&#13;daily operations. Management intends to raise additional funds by way of a public or private offering. Management believes that&#13;the actions presently being taken to further implement its business plan and generate revenues provide the opportunity for the&#13;Company to continue as a going concern. While the Company believes in the viability of its strategy to generate revenues and in&#13;its ability to raise additional funds, there can be no assurances to that effect. The ability of the Company to continue as a going&#13;concern is dependent upon the Company&amp;#8217;s ability to further implement its business plan and generate revenues.&lt;/p&gt;&#13;&#13;&lt;p style="font: 10pt Times New Roman, Times, Serif; margin: 0; text-align: justify"&gt;&amp;#160;&lt;/p&gt;&#13;&#13;&lt;p style="font: 10pt Times New Roman, Times, Serif; margin: 0; text-align: justify"&gt;The financial statements do not include any&#13;adjustments that might be necessary if the Company is unable to continue as a going concern.&lt;/p&gt;</us-gaap:LiquidityDisclosureTextBlock>
    <us-gaap:RelatedPartyTransactionsDisclosureTextBlock contextRef="From2012-09-01to2012-11-30">&lt;p style="font: 10pt Times New Roman, Times, Serif; margin: 0; text-align: justify"&gt;&lt;b&gt;NOTE 4 &amp;#8211; RELATED PARTY TRANSACTIONS&#13;&lt;/b&gt;&lt;/p&gt;&#13;&#13;&lt;p style="font: 10pt Times New Roman, Times, Serif; margin: 0; text-align: justify"&gt;&lt;b&gt;&amp;#160;&lt;/b&gt;&lt;/p&gt;&#13;&#13;&lt;p style="font: 10pt Times New Roman, Times, Serif; margin: 0; text-align: justify"&gt;Included in consulting fees was payments made&#13;to its chief operating officer of $26,726.&lt;/p&gt;</us-gaap:RelatedPartyTransactionsDisclosureTextBlock>
    <us-gaap:StockholdersEquityNoteDisclosureTextBlock contextRef="From2012-09-01to2012-11-30">&lt;p style="font: 10pt Times New Roman, Times, Serif; margin: 0; text-align: justify"&gt;&lt;b&gt;NOTE 5 - EQUITY&lt;/b&gt;&lt;/p&gt;&#13;&#13;&lt;p style="font: 10pt Times New Roman, Times, Serif; margin: 0; text-align: justify"&gt;&lt;b&gt;&amp;#160;&lt;/b&gt;&lt;/p&gt;&#13;&#13;&lt;p style="font: 10pt Times New Roman, Times, Serif; margin: 0; text-align: justify"&gt;On September 17, 2012 the Company effectuated&#13;a 1 to 130 reverse stock split. The financials have been adjusted to reflect this reverse for all periods presented&amp;#9;&lt;/p&gt;&#13;&#13;&lt;p style="font: 10pt Times New Roman, Times, Serif; margin: 0; text-align: justify"&gt;&amp;#160;&lt;/p&gt;&#13;&#13;&lt;p style="font: 10pt Times New Roman, Times, Serif; margin: 0; text-align: justify"&gt;During the period the Company received $512,000&#13;in cash for stock to be issued. The Company will issue approximately 17,066,666 shares of stock as consideration for the cash received.&amp;#9;&#13;The Company as part and parcel of the raise attached 1 warrant for each stock issuance. The warrant has a strike price of .70 and&#13;is exercisable anytime within 5 years of September 2012. The $512,000 is shown as common stock subscribed in the equity section.&lt;/p&gt;&#13;&#13;&lt;p style="font: 10pt Times New Roman, Times, Serif; margin: 0; text-align: justify"&gt;&amp;#160;&lt;/p&gt;&#13;&#13;&lt;p style="font: 10pt Times New Roman, Times, Serif; margin: 0; text-align: justify"&gt;In September 2012 the Company authorized by&#13;board resolution the issuance of 27,400,000 shares of stock for services to November 30, 2012. The Company has yet to issue these&#13;shares but has valued them at market which was $0.4941 cents per share and recognized a stock for services cost of $13,538,340.&#13;The company at November 30, 2012 is showing this on the balance sheet in the equity statement as common stock to be issued.&amp;#9;&lt;/p&gt;</us-gaap:StockholdersEquityNoteDisclosureTextBlock>
    <us-gaap:CommitmentsAndContingenciesDisclosureTextBlock contextRef="From2012-09-01to2012-11-30">&lt;p style="font: 10pt Times New Roman, Times, Serif; margin: 0; text-align: justify"&gt;&lt;b&gt;NOTE 6 &amp;#8211; COMMITMENTS AND CONTINGENCIES&lt;/b&gt;&lt;/p&gt;&#13;&#13;&lt;p style="font: 10pt Times New Roman, Times, Serif; margin: 0; text-align: justify"&gt;&lt;b&gt;&amp;#160;&lt;/b&gt;&lt;/p&gt;&#13;&#13;&lt;p style="font: 10pt Times New Roman, Times, Serif; margin: 0; text-align: justify"&gt;The Company leases office space &lt;font style="color: black"&gt;on&#13;a month to month basis at a rate of $1,885.00 per month.&lt;/font&gt;&lt;/p&gt;</us-gaap:CommitmentsAndContingenciesDisclosureTextBlock>
    <us-gaap:SubsequentEventsTextBlock contextRef="From2012-09-01to2012-11-30">&lt;p style="font: 10pt Times New Roman, Times, Serif; margin: 0; text-align: justify"&gt;&lt;b&gt;NOTE 7 &amp;#8211; SUBSEQUENT EVENTS&lt;/b&gt;&lt;/p&gt;&#13;&#13;&lt;p style="font: 10pt Times New Roman, Times, Serif; margin: 0; text-align: justify"&gt;&lt;b&gt;&amp;#160;&lt;/b&gt;&lt;/p&gt;&#13;&#13;&lt;p style="font: 10pt Times New Roman, Times, Serif; margin: 0; text-align: justify"&gt;Management has evaluated subsequent events&#13;pursuant to the requirements of ASC Topic 855 and has determined that other than listed below, no material subsequent events exist.&lt;/p&gt;&#13;&#13;&lt;p style="font: 10pt Times New Roman, Times, Serif; margin: 0; text-align: justify"&gt;&amp;#160;&lt;/p&gt;&#13;&#13;&lt;table cellpadding="0" cellspacing="0" style="width: 100%; font: 12pt Times New Roman, Times, Serif; margin-top: 0; margin-bottom: 0"&gt;&lt;tr style="vertical-align: top"&gt;&#13;&lt;td style="width: 0.25in"&gt;&lt;/td&gt;&lt;td style="width: 0.25in"&gt;&lt;font style="font-size: 10pt"&gt;1.&lt;/font&gt;&lt;/td&gt;&lt;td style="text-align: justify"&gt;&lt;font style="font-size: 10pt"&gt;The Company in December of 2012 received $15,000 in funding for shares&#13;to be issued of approximately 500,000 shares.&lt;/font&gt;&lt;/td&gt;&lt;/tr&gt;&lt;/table&gt;&#13;&#13;&lt;p style="font: 10pt Times New Roman, Times, Serif; margin: 0; text-align: justify"&gt;&amp;#160;&lt;/p&gt;</us-gaap:SubsequentEventsTextBlock>
    <us-gaap:LeaseAndRentalExpense contextRef="From2012-09-01to2012-11-30" unitRef="USD" decimals="0">1885</us-gaap:LeaseAndRentalExpense>
    <GWPC:ConsultingFeesPaidToOfficer contextRef="From2012-09-01to2012-11-30" unitRef="USD" decimals="0">26726</GWPC:ConsultingFeesPaidToOfficer>
    <us-gaap:AdvertisingExpense contextRef="From2012-09-01to2012-11-30" unitRef="USD" decimals="0">0</us-gaap:AdvertisingExpense>
    <us-gaap:AdvertisingExpense contextRef="From2011-09-01to2011-11-30" unitRef="USD" decimals="0">0</us-gaap:AdvertisingExpense>
    <us-gaap:StockholdersEquityNoteStockSplitConversionRatio contextRef="From2012-09-01to2012-11-30" unitRef="Pure" decimals="INF">130</us-gaap:StockholdersEquityNoteStockSplitConversionRatio>
    <GWPC:CashReceivedForStockToBeIssuedShares contextRef="From2012-09-01to2012-11-30" unitRef="Shares" decimals="INF">17066666</GWPC:CashReceivedForStockToBeIssuedShares>
    <us-gaap:ClassOfWarrantOrRightExercisePriceOfWarrantsOrRights contextRef="AsOf2012-11-30" unitRef="USDPerUnit" decimals="INF">.70</us-gaap:ClassOfWarrantOrRightExercisePriceOfWarrantsOrRights>
    <GWPC:WarrantTerms contextRef="From2012-09-01to2012-11-30">P5Y</GWPC:WarrantTerms>
    <GWPC:NumberOfWarrantsToBeIssued contextRef="AsOf2012-11-30" unitRef="Shares" decimals="INF">17066666</GWPC:NumberOfWarrantsToBeIssued>
    <GWPC:CommonStockToBeIssuedForServicesPerShare contextRef="AsOf2012-11-30" unitRef="USDPShares" decimals="INF">.4941</GWPC:CommonStockToBeIssuedForServicesPerShare>
    <GWPC:CommonStockToBeIssuedForServicesShares contextRef="From2012-09-01to2012-11-30" unitRef="Shares" decimals="INF">27400000</GWPC:CommonStockToBeIssuedForServicesShares>
    <GWPC:CashReceivedForStockToBeIssued contextRef="From2012-12-01to2012-12-31" unitRef="USD" decimals="0">15000</GWPC:CashReceivedForStockToBeIssued>
    <GWPC:ProceedsFromSaleOfCommonStockSharesSubsequent contextRef="From2012-12-01to2012-12-31" unitRef="Shares" decimals="INF">500000</GWPC:ProceedsFromSaleOfCommonStockSharesSubsequent>
</xbrli:xbrl>
