<?xml version="1.0" encoding="UTF-8"?>
<!--XBRL Document Modified with Ez-Viewer Version 1.0.5.8 on Saturday, January 26, 2013 02:10:43 AM -->
<linkbase xmlns="http://www.xbrl.org/2003/linkbase" xmlns:xsi="http://www.w3.org/2001/XMLSchema-instance" xmlns:xlink="http://www.w3.org/1999/xlink" xsi:schemaLocation="http://www.xbrl.org/2003/linkbase http://www.xbrl.org/2003/xbrl-linkbase-2003-12-31.xsd">
<roleRef xlink:type="simple" xlink:href="ntwn-20121231.xsd#DocumentDocumentandEntityInformation" roleURI="http://www.newtonlanemarket.com/role/DocumentDocumentandEntityInformation"/>
<roleRef xlink:type="simple" roleURI="http://www.newtonlanemarket.com/role/CONDENSEDBALANCESHEETS" xlink:href="ntwn-20121231.xsd#CONDENSEDBALANCESHEETS"/>
<roleRef xlink:type="simple" roleURI="http://www.newtonlanemarket.com/role/CONDENSEDBALANCESHEETSParenthetical" xlink:href="ntwn-20121231.xsd#CONDENSEDBALANCESHEETSParenthetical"/>
<roleRef xlink:type="simple" roleURI="http://www.newtonlanemarket.com/role/CONDENSEDSTATEMENTSOFOPERATIONS" xlink:href="ntwn-20121231.xsd#CONDENSEDSTATEMENTSOFOPERATIONS"/>
<roleRef xlink:type="simple" roleURI="http://www.newtonlanemarket.com/role/CONDENSEDSTATEMENTOFCHANGESINSTOCKHOLDERSEQUITYDEFICIT" xlink:href="ntwn-20121231.xsd#CONDENSEDSTATEMENTOFCHANGESINSTOCKHOLDERSEQUITYDEFICIT"/>
<roleRef xlink:type="simple" roleURI="http://www.newtonlanemarket.com/role/CONDENSEDSTATEMENTSOFCASHFLOWS" xlink:href="ntwn-20121231.xsd#CONDENSEDSTATEMENTSOFCASHFLOWS"/>
<roleRef xlink:type="simple" xlink:href="ntwn-20121231.xsd#DescriptionOfCompany" roleURI="http://www.newtonlanemarket.com/role/DescriptionOfCompany"/>
<roleRef xlink:type="simple" xlink:href="ntwn-20121231.xsd#SummaryOfSignificantAccountingPolicies" roleURI="http://www.newtonlanemarket.com/role/SummaryOfSignificantAccountingPolicies"/>
<roleRef xlink:type="simple" xlink:href="ntwn-20121231.xsd#NewAccountingPronouncements" roleURI="http://www.newtonlanemarket.com/role/NewAccountingPronouncements"/>
<roleRef xlink:type="simple" xlink:href="ntwn-20121231.xsd#CommitmentsAndContingencies" roleURI="http://www.newtonlanemarket.com/role/CommitmentsAndContingencies"/>
<roleRef xlink:type="simple" xlink:href="ntwn-20121231.xsd#SubsequentEvents" roleURI="http://www.newtonlanemarket.com/role/SubsequentEvents"/>
<roleRef xlink:type="simple" xlink:href="ntwn-20121231.xsd#SummaryOfSignificantAccountingPoliciesPolicies" roleURI="http://www.newtonlanemarket.com/role/SummaryOfSignificantAccountingPoliciesPolicies"/>
<roleRef xlink:type="simple" xlink:href="ntwn-20121231.xsd#DescriptionOfCompanyDetailsTextual" roleURI="http://www.newtonlanemarket.com/role/DescriptionOfCompanyDetailsTextual"/>
<roleRef xlink:type="simple" xlink:href="ntwn-20121231.xsd#CommitmentsAndContingenciesDetailsTextual" roleURI="http://www.newtonlanemarket.com/role/CommitmentsAndContingenciesDetailsTextual"/>
<roleRef xlink:type="simple" xlink:href="http://www.xbrl.org/lrr/role/negated-2009-12-16.xsd#negatedLabel" roleURI="http://www.xbrl.org/2009/role/negatedLabel"/> <roleRef xlink:type="simple" xlink:href="http://www.xbrl.org/lrr/role/negated-2009-12-16.xsd#negatedPeriodEndLabel" roleURI="http://www.xbrl.org/2009/role/negatedPeriodEndLabel"/> <roleRef xlink:type="simple" xlink:href="http://www.xbrl.org/lrr/role/negated-2009-12-16.xsd#negatedPeriodStartLabel" roleURI="http://www.xbrl.org/2009/role/negatedPeriodStartLabel"/> <roleRef xlink:type="simple" xlink:href="http://www.xbrl.org/lrr/role/negated-2009-12-16.xsd#negatedTotalLabel" roleURI="http://www.xbrl.org/2009/role/negatedTotalLabel"/> <roleRef xlink:type="simple" xlink:href="http://www.xbrl.org/lrr/role/negated-2009-12-16.xsd#negatedNetLabel" roleURI="http://www.xbrl.org/2009/role/negatedNetLabel"/> <roleRef xlink:type="simple" xlink:href="http://www.xbrl.org/lrr/role/negated-2009-12-16.xsd#negatedTerseLabel" roleURI="http://www.xbrl.org/2009/role/negatedTerseLabel"/> <roleRef xlink:type="simple" xlink:href="http://www.xbrl.org/lrr/role/net-2009-12-16.xsd#netLabel" roleURI="http://www.xbrl.org/2009/role/netLabel"/> 
<presentationLink xlink:type="extended" xlink:role="http://www.newtonlanemarket.com/role/DocumentDocumentandEntityInformation">
<loc xlink:type="locator" xlink:href="ntwn-20121231.xsd#ntwn_DocumentAndEntityInformationAbstract" xlink:label="loc_ntwn_DocumentAndEntityInformationAbstract_0"/>
<loc xlink:type="locator" xlink:href="http://xbrl.fasb.org/us-gaap/2012/elts/us-gaap-2012-01-31.xsd#us-gaap_StatementTable" xlink:label="loc_us-gaap_StatementTable_1"/>
<presentationArc xlink:type="arc" xlink:arcrole="http://www.xbrl.org/2003/arcrole/parent-child" xlink:from="loc_ntwn_DocumentAndEntityInformationAbstract_0" xlink:to="loc_us-gaap_StatementTable_1" order="0" use="optional" preferredLabel="http://www.xbrl.org/2003/role/verboseLabel"/>
<loc xlink:type="locator" xlink:href="http://xbrl.fasb.org/us-gaap/2012/elts/us-gaap-2012-01-31.xsd#us-gaap_StatementLineItems" xlink:label="loc_us-gaap_StatementLineItems_2"/>
<presentationArc xlink:type="arc" xlink:arcrole="http://www.xbrl.org/2003/arcrole/parent-child" xlink:from="loc_us-gaap_StatementTable_1" xlink:to="loc_us-gaap_StatementLineItems_2" order="0" use="optional" preferredLabel="http://www.xbrl.org/2003/role/verboseLabel"/>
<loc xlink:type="locator" xlink:href="http://xbrl.sec.gov/dei/2012/dei-2012-01-31.xsd#dei_EntityRegistrantName" xlink:label="loc_dei_EntityRegistrantName_3"/>
<presentationArc xlink:type="arc" xlink:arcrole="http://www.xbrl.org/2003/arcrole/parent-child" xlink:from="loc_us-gaap_StatementLineItems_2" xlink:to="loc_dei_EntityRegistrantName_3" order="0" use="optional"/>
<loc xlink:type="locator" xlink:href="http://xbrl.sec.gov/dei/2012/dei-2012-01-31.xsd#dei_EntityCentralIndexKey" xlink:label="loc_dei_EntityCentralIndexKey_4"/>
<presentationArc xlink:type="arc" xlink:arcrole="http://www.xbrl.org/2003/arcrole/parent-child" xlink:from="loc_us-gaap_StatementLineItems_2" xlink:to="loc_dei_EntityCentralIndexKey_4" order="10" use="optional"/>
<loc xlink:type="locator" xlink:href="http://xbrl.sec.gov/dei/2012/dei-2012-01-31.xsd#dei_CurrentFiscalYearEndDate" xlink:label="loc_dei_CurrentFiscalYearEndDate_5"/>
<presentationArc xlink:type="arc" xlink:arcrole="http://www.xbrl.org/2003/arcrole/parent-child" xlink:from="loc_us-gaap_StatementLineItems_2" xlink:to="loc_dei_CurrentFiscalYearEndDate_5" order="20" use="optional"/>
<loc xlink:type="locator" xlink:href="http://xbrl.sec.gov/dei/2012/dei-2012-01-31.xsd#dei_EntityFilerCategory" xlink:label="loc_dei_EntityFilerCategory_6"/>
<presentationArc xlink:type="arc" xlink:arcrole="http://www.xbrl.org/2003/arcrole/parent-child" xlink:from="loc_us-gaap_StatementLineItems_2" xlink:to="loc_dei_EntityFilerCategory_6" order="30" use="optional"/>
<loc xlink:type="locator" xlink:href="http://xbrl.sec.gov/dei/2012/dei-2012-01-31.xsd#dei_TradingSymbol" xlink:label="loc_dei_TradingSymbol_7"/>
<presentationArc xlink:type="arc" xlink:arcrole="http://www.xbrl.org/2003/arcrole/parent-child" xlink:from="loc_us-gaap_StatementLineItems_2" xlink:to="loc_dei_TradingSymbol_7" order="40" use="optional"/>
<loc xlink:type="locator" xlink:href="http://xbrl.sec.gov/dei/2012/dei-2012-01-31.xsd#dei_EntityCommonStockSharesOutstanding" xlink:label="loc_dei_EntityCommonStockSharesOutstanding_8"/>
<presentationArc xlink:type="arc" xlink:arcrole="http://www.xbrl.org/2003/arcrole/parent-child" xlink:from="loc_us-gaap_StatementLineItems_2" xlink:to="loc_dei_EntityCommonStockSharesOutstanding_8" order="50" use="optional"/>
<loc xlink:type="locator" xlink:href="http://xbrl.sec.gov/dei/2012/dei-2012-01-31.xsd#dei_DocumentType" xlink:label="loc_dei_DocumentType_9"/>
<presentationArc xlink:type="arc" xlink:arcrole="http://www.xbrl.org/2003/arcrole/parent-child" xlink:from="loc_us-gaap_StatementLineItems_2" xlink:to="loc_dei_DocumentType_9" order="60" use="optional"/>
<loc xlink:type="locator" xlink:href="http://xbrl.sec.gov/dei/2012/dei-2012-01-31.xsd#dei_AmendmentFlag" xlink:label="loc_dei_AmendmentFlag_10"/>
<presentationArc xlink:type="arc" xlink:arcrole="http://www.xbrl.org/2003/arcrole/parent-child" xlink:from="loc_us-gaap_StatementLineItems_2" xlink:to="loc_dei_AmendmentFlag_10" order="70" use="optional"/>
<loc xlink:type="locator" xlink:href="http://xbrl.sec.gov/dei/2012/dei-2012-01-31.xsd#dei_DocumentPeriodEndDate" xlink:label="loc_dei_DocumentPeriodEndDate_11"/>
<presentationArc xlink:type="arc" xlink:arcrole="http://www.xbrl.org/2003/arcrole/parent-child" xlink:from="loc_us-gaap_StatementLineItems_2" xlink:to="loc_dei_DocumentPeriodEndDate_11" order="80" use="optional"/>
<loc xlink:type="locator" xlink:href="http://xbrl.sec.gov/dei/2012/dei-2012-01-31.xsd#dei_DocumentFiscalPeriodFocus" xlink:label="loc_dei_DocumentFiscalPeriodFocus_12"/>
<presentationArc xlink:type="arc" xlink:arcrole="http://www.xbrl.org/2003/arcrole/parent-child" xlink:from="loc_us-gaap_StatementLineItems_2" xlink:to="loc_dei_DocumentFiscalPeriodFocus_12" order="90" use="optional"/>
<loc xlink:type="locator" xlink:href="http://xbrl.sec.gov/dei/2012/dei-2012-01-31.xsd#dei_DocumentFiscalYearFocus" xlink:label="loc_dei_DocumentFiscalYearFocus_13"/>
<presentationArc xlink:type="arc" xlink:arcrole="http://www.xbrl.org/2003/arcrole/parent-child" xlink:from="loc_us-gaap_StatementLineItems_2" xlink:to="loc_dei_DocumentFiscalYearFocus_13" order="100" use="optional"/>
</presentationLink>
<presentationLink xlink:type="extended" xlink:role="http://www.newtonlanemarket.com/role/CONDENSEDBALANCESHEETS">
<loc xlink:type="locator" xlink:href="http://xbrl.fasb.org/us-gaap/2012/elts/us-gaap-2012-01-31.xsd#us-gaap_StatementOfFinancialPositionAbstract" xlink:label="loc_us-gaap_StatementOfFinancialPositionAbstract_0"/>
<loc xlink:type="locator" xlink:href="http://xbrl.fasb.org/us-gaap/2012/elts/us-gaap-2012-01-31.xsd#us-gaap_StatementTable" xlink:label="loc_us-gaap_StatementTable_1"/>
<presentationArc xlink:type="arc" xlink:arcrole="http://www.xbrl.org/2003/arcrole/parent-child" xlink:from="loc_us-gaap_StatementOfFinancialPositionAbstract_0" xlink:to="loc_us-gaap_StatementTable_1" order="0" use="optional" preferredLabel="http://www.xbrl.org/2003/role/verboseLabel"/>
<loc xlink:type="locator" xlink:href="http://xbrl.fasb.org/us-gaap/2012/elts/us-gaap-2012-01-31.xsd#us-gaap_StatementLineItems" xlink:label="loc_us-gaap_StatementLineItems_2"/>
<presentationArc xlink:type="arc" xlink:arcrole="http://www.xbrl.org/2003/arcrole/parent-child" xlink:from="loc_us-gaap_StatementTable_1" xlink:to="loc_us-gaap_StatementLineItems_2" order="0" use="optional" preferredLabel="http://www.xbrl.org/2003/role/verboseLabel"/>
<loc xlink:type="locator" xlink:href="http://xbrl.fasb.org/us-gaap/2012/elts/us-gaap-2012-01-31.xsd#us-gaap_AssetsAbstract" xlink:label="loc_us-gaap_AssetsAbstract_3"/>
<presentationArc xlink:type="arc" xlink:arcrole="http://www.xbrl.org/2003/arcrole/parent-child" xlink:from="loc_us-gaap_StatementLineItems_2" xlink:to="loc_us-gaap_AssetsAbstract_3" order="0" use="optional" preferredLabel="http://www.xbrl.org/2003/role/terseLabel"/>
<loc xlink:type="locator" xlink:href="http://xbrl.fasb.org/us-gaap/2012/elts/us-gaap-2012-01-31.xsd#us-gaap_CashAndCashEquivalentsAtCarryingValue" xlink:label="loc_us-gaap_CashAndCashEquivalentsAtCarryingValue_4"/>
<presentationArc xlink:type="arc" xlink:arcrole="http://www.xbrl.org/2003/arcrole/parent-child" xlink:from="loc_us-gaap_AssetsAbstract_3" xlink:to="loc_us-gaap_CashAndCashEquivalentsAtCarryingValue_4" order="0" use="optional" preferredLabel="http://www.xbrl.org/2003/role/terseLabel"/>
<loc xlink:type="locator" xlink:href="http://xbrl.fasb.org/us-gaap/2012/elts/us-gaap-2012-01-31.xsd#us-gaap_AssetsCurrent" xlink:label="loc_us-gaap_AssetsCurrent_5"/>
<presentationArc xlink:type="arc" xlink:arcrole="http://www.xbrl.org/2003/arcrole/parent-child" xlink:from="loc_us-gaap_AssetsAbstract_3" xlink:to="loc_us-gaap_AssetsCurrent_5" order="10" use="optional" preferredLabel="http://www.xbrl.org/2003/role/totalLabel"/>
<loc xlink:type="locator" xlink:href="http://xbrl.fasb.org/us-gaap/2012/elts/us-gaap-2012-01-31.xsd#us-gaap_LiabilitiesAndStockholdersEquityAbstract" xlink:label="loc_us-gaap_LiabilitiesAndStockholdersEquityAbstract_6"/>
<presentationArc xlink:type="arc" xlink:arcrole="http://www.xbrl.org/2003/arcrole/parent-child" xlink:from="loc_us-gaap_StatementLineItems_2" xlink:to="loc_us-gaap_LiabilitiesAndStockholdersEquityAbstract_6" order="10" use="optional" preferredLabel="http://www.xbrl.org/2003/role/terseLabel"/>
<loc xlink:type="locator" xlink:href="http://xbrl.fasb.org/us-gaap/2012/elts/us-gaap-2012-01-31.xsd#us-gaap_AccountsPayableAndAccruedLiabilitiesCurrent" xlink:label="loc_us-gaap_AccountsPayableAndAccruedLiabilitiesCurrent_7"/>
<presentationArc xlink:type="arc" xlink:arcrole="http://www.xbrl.org/2003/arcrole/parent-child" xlink:from="loc_us-gaap_LiabilitiesAndStockholdersEquityAbstract_6" xlink:to="loc_us-gaap_AccountsPayableAndAccruedLiabilitiesCurrent_7" order="0" use="optional" preferredLabel="http://www.xbrl.org/2003/role/terseLabel"/>
<loc xlink:type="locator" xlink:href="http://xbrl.fasb.org/us-gaap/2012/elts/us-gaap-2012-01-31.xsd#us-gaap_LiabilitiesCurrent" xlink:label="loc_us-gaap_LiabilitiesCurrent_8"/>
<presentationArc xlink:type="arc" xlink:arcrole="http://www.xbrl.org/2003/arcrole/parent-child" xlink:from="loc_us-gaap_LiabilitiesAndStockholdersEquityAbstract_6" xlink:to="loc_us-gaap_LiabilitiesCurrent_8" order="10" use="optional" preferredLabel="http://www.xbrl.org/2003/role/totalLabel"/>
<loc xlink:type="locator" xlink:href="http://xbrl.fasb.org/us-gaap/2012/elts/us-gaap-2012-01-31.xsd#us-gaap_StockholdersEquityAbstract" xlink:label="loc_us-gaap_StockholdersEquityAbstract_9"/>
<presentationArc xlink:type="arc" xlink:arcrole="http://www.xbrl.org/2003/arcrole/parent-child" xlink:from="loc_us-gaap_LiabilitiesAndStockholdersEquityAbstract_6" xlink:to="loc_us-gaap_StockholdersEquityAbstract_9" order="20" use="optional" preferredLabel="http://www.xbrl.org/2003/role/terseLabel"/>
<loc xlink:type="locator" xlink:href="http://xbrl.fasb.org/us-gaap/2012/elts/us-gaap-2012-01-31.xsd#us-gaap_PreferredStockValue" xlink:label="loc_us-gaap_PreferredStockValue_10"/>
<presentationArc xlink:type="arc" xlink:arcrole="http://www.xbrl.org/2003/arcrole/parent-child" xlink:from="loc_us-gaap_StockholdersEquityAbstract_9" xlink:to="loc_us-gaap_PreferredStockValue_10" order="0" use="optional" preferredLabel="http://www.xbrl.org/2003/role/terseLabel"/>
<loc xlink:type="locator" xlink:href="http://xbrl.fasb.org/us-gaap/2012/elts/us-gaap-2012-01-31.xsd#us-gaap_CommonStockValue" xlink:label="loc_us-gaap_CommonStockValue_11"/>
<presentationArc xlink:type="arc" xlink:arcrole="http://www.xbrl.org/2003/arcrole/parent-child" xlink:from="loc_us-gaap_StockholdersEquityAbstract_9" xlink:to="loc_us-gaap_CommonStockValue_11" order="10" use="optional" preferredLabel="http://www.xbrl.org/2003/role/terseLabel"/>
<loc xlink:type="locator" xlink:href="http://xbrl.fasb.org/us-gaap/2012/elts/us-gaap-2012-01-31.xsd#us-gaap_AdditionalPaidInCapitalCommonStock" xlink:label="loc_us-gaap_AdditionalPaidInCapitalCommonStock_12"/>
<presentationArc xlink:type="arc" xlink:arcrole="http://www.xbrl.org/2003/arcrole/parent-child" xlink:from="loc_us-gaap_StockholdersEquityAbstract_9" xlink:to="loc_us-gaap_AdditionalPaidInCapitalCommonStock_12" order="20" use="optional" preferredLabel="http://www.xbrl.org/2003/role/terseLabel"/>
<loc xlink:type="locator" xlink:href="http://xbrl.fasb.org/us-gaap/2012/elts/us-gaap-2012-01-31.xsd#us-gaap_RetainedEarningsAccumulatedDeficit" xlink:label="loc_us-gaap_RetainedEarningsAccumulatedDeficit_13"/>
<presentationArc xlink:type="arc" xlink:arcrole="http://www.xbrl.org/2003/arcrole/parent-child" xlink:from="loc_us-gaap_StockholdersEquityAbstract_9" xlink:to="loc_us-gaap_RetainedEarningsAccumulatedDeficit_13" order="30" use="optional" preferredLabel="http://www.xbrl.org/2003/role/verboseLabel"/>
<loc xlink:type="locator" xlink:href="http://xbrl.fasb.org/us-gaap/2012/elts/us-gaap-2012-01-31.xsd#us-gaap_StockholdersEquity" xlink:label="loc_us-gaap_StockholdersEquity_14"/>
<presentationArc xlink:type="arc" xlink:arcrole="http://www.xbrl.org/2003/arcrole/parent-child" xlink:from="loc_us-gaap_StockholdersEquityAbstract_9" xlink:to="loc_us-gaap_StockholdersEquity_14" order="40" use="optional" preferredLabel="http://www.xbrl.org/2003/role/totalLabel"/>
<loc xlink:type="locator" xlink:href="http://xbrl.fasb.org/us-gaap/2012/elts/us-gaap-2012-01-31.xsd#us-gaap_LiabilitiesAndStockholdersEquity" xlink:label="loc_us-gaap_LiabilitiesAndStockholdersEquity_15"/>
<presentationArc xlink:type="arc" xlink:arcrole="http://www.xbrl.org/2003/arcrole/parent-child" xlink:from="loc_us-gaap_LiabilitiesAndStockholdersEquityAbstract_6" xlink:to="loc_us-gaap_LiabilitiesAndStockholdersEquity_15" order="30" use="optional" preferredLabel="http://www.xbrl.org/2003/role/totalLabel"/>
</presentationLink>
<presentationLink xlink:type="extended" xlink:role="http://www.newtonlanemarket.com/role/CONDENSEDBALANCESHEETSParenthetical">
<loc xlink:type="locator" xlink:href="http://xbrl.fasb.org/us-gaap/2012/elts/us-gaap-2012-01-31.xsd#us-gaap_StatementOfFinancialPositionAbstract" xlink:label="loc_us-gaap_StatementOfFinancialPositionAbstract_0"/>
<loc xlink:type="locator" xlink:href="http://xbrl.fasb.org/us-gaap/2012/elts/us-gaap-2012-01-31.xsd#us-gaap_StatementTable" xlink:label="loc_us-gaap_StatementTable_1"/>
<presentationArc xlink:type="arc" xlink:arcrole="http://www.xbrl.org/2003/arcrole/parent-child" xlink:from="loc_us-gaap_StatementOfFinancialPositionAbstract_0" xlink:to="loc_us-gaap_StatementTable_1" order="0" use="optional" preferredLabel="http://www.xbrl.org/2003/role/verboseLabel"/>
<loc xlink:type="locator" xlink:href="http://xbrl.fasb.org/us-gaap/2012/elts/us-gaap-2012-01-31.xsd#us-gaap_StatementLineItems" xlink:label="loc_us-gaap_StatementLineItems_2"/>
<presentationArc xlink:type="arc" xlink:arcrole="http://www.xbrl.org/2003/arcrole/parent-child" xlink:from="loc_us-gaap_StatementTable_1" xlink:to="loc_us-gaap_StatementLineItems_2" order="0" use="optional" preferredLabel="http://www.xbrl.org/2003/role/verboseLabel"/>
<loc xlink:type="locator" xlink:href="http://xbrl.fasb.org/us-gaap/2012/elts/us-gaap-2012-01-31.xsd#us-gaap_PreferredStockParOrStatedValuePerShare" xlink:label="loc_us-gaap_PreferredStockParOrStatedValuePerShare_3"/>
<presentationArc xlink:type="arc" xlink:arcrole="http://www.xbrl.org/2003/arcrole/parent-child" xlink:from="loc_us-gaap_StatementLineItems_2" xlink:to="loc_us-gaap_PreferredStockParOrStatedValuePerShare_3" order="0" use="optional" preferredLabel="http://www.xbrl.org/2003/role/terseLabel"/>
<loc xlink:type="locator" xlink:href="http://xbrl.fasb.org/us-gaap/2012/elts/us-gaap-2012-01-31.xsd#us-gaap_PreferredStockSharesAuthorized" xlink:label="loc_us-gaap_PreferredStockSharesAuthorized_4"/>
<presentationArc xlink:type="arc" xlink:arcrole="http://www.xbrl.org/2003/arcrole/parent-child" xlink:from="loc_us-gaap_StatementLineItems_2" xlink:to="loc_us-gaap_PreferredStockSharesAuthorized_4" order="10" use="optional" preferredLabel="http://www.xbrl.org/2003/role/terseLabel"/>
<loc xlink:type="locator" xlink:href="http://xbrl.fasb.org/us-gaap/2012/elts/us-gaap-2012-01-31.xsd#us-gaap_PreferredStockSharesIssued" xlink:label="loc_us-gaap_PreferredStockSharesIssued_5"/>
<presentationArc xlink:type="arc" xlink:arcrole="http://www.xbrl.org/2003/arcrole/parent-child" xlink:from="loc_us-gaap_StatementLineItems_2" xlink:to="loc_us-gaap_PreferredStockSharesIssued_5" order="20" use="optional" preferredLabel="http://www.xbrl.org/2003/role/terseLabel"/>
<loc xlink:type="locator" xlink:href="http://xbrl.fasb.org/us-gaap/2012/elts/us-gaap-2012-01-31.xsd#us-gaap_PreferredStockSharesOutstanding" xlink:label="loc_us-gaap_PreferredStockSharesOutstanding_6"/>
<presentationArc xlink:type="arc" xlink:arcrole="http://www.xbrl.org/2003/arcrole/parent-child" xlink:from="loc_us-gaap_StatementLineItems_2" xlink:to="loc_us-gaap_PreferredStockSharesOutstanding_6" order="30" use="optional" preferredLabel="http://www.xbrl.org/2003/role/terseLabel"/>
<loc xlink:type="locator" xlink:href="http://xbrl.fasb.org/us-gaap/2012/elts/us-gaap-2012-01-31.xsd#us-gaap_CommonStockParOrStatedValuePerShare" xlink:label="loc_us-gaap_CommonStockParOrStatedValuePerShare_7"/>
<presentationArc xlink:type="arc" xlink:arcrole="http://www.xbrl.org/2003/arcrole/parent-child" xlink:from="loc_us-gaap_StatementLineItems_2" xlink:to="loc_us-gaap_CommonStockParOrStatedValuePerShare_7" order="40" use="optional" preferredLabel="http://www.xbrl.org/2003/role/terseLabel"/>
<loc xlink:type="locator" xlink:href="http://xbrl.fasb.org/us-gaap/2012/elts/us-gaap-2012-01-31.xsd#us-gaap_CommonStockSharesAuthorized" xlink:label="loc_us-gaap_CommonStockSharesAuthorized_8"/>
<presentationArc xlink:type="arc" xlink:arcrole="http://www.xbrl.org/2003/arcrole/parent-child" xlink:from="loc_us-gaap_StatementLineItems_2" xlink:to="loc_us-gaap_CommonStockSharesAuthorized_8" order="50" use="optional" preferredLabel="http://www.xbrl.org/2003/role/terseLabel"/>
<loc xlink:type="locator" xlink:href="http://xbrl.fasb.org/us-gaap/2012/elts/us-gaap-2012-01-31.xsd#us-gaap_CommonStockSharesIssued" xlink:label="loc_us-gaap_CommonStockSharesIssued_9"/>
<presentationArc xlink:type="arc" xlink:arcrole="http://www.xbrl.org/2003/arcrole/parent-child" xlink:from="loc_us-gaap_StatementLineItems_2" xlink:to="loc_us-gaap_CommonStockSharesIssued_9" order="60" use="optional" preferredLabel="http://www.xbrl.org/2003/role/terseLabel"/>
<loc xlink:type="locator" xlink:href="http://xbrl.fasb.org/us-gaap/2012/elts/us-gaap-2012-01-31.xsd#us-gaap_CommonStockSharesOutstanding" xlink:label="loc_us-gaap_CommonStockSharesOutstanding_10"/>
<presentationArc xlink:type="arc" xlink:arcrole="http://www.xbrl.org/2003/arcrole/parent-child" xlink:from="loc_us-gaap_StatementLineItems_2" xlink:to="loc_us-gaap_CommonStockSharesOutstanding_10" order="70" use="optional" preferredLabel="http://www.xbrl.org/2003/role/terseLabel"/>
</presentationLink>
<presentationLink xlink:type="extended" xlink:role="http://www.newtonlanemarket.com/role/CONDENSEDSTATEMENTSOFOPERATIONS">
<loc xlink:type="locator" xlink:href="http://xbrl.fasb.org/us-gaap/2012/elts/us-gaap-2012-01-31.xsd#us-gaap_IncomeStatementAbstract" xlink:label="loc_us-gaap_IncomeStatementAbstract_0"/>
<loc xlink:type="locator" xlink:href="http://xbrl.fasb.org/us-gaap/2012/elts/us-gaap-2012-01-31.xsd#us-gaap_StatementTable" xlink:label="loc_us-gaap_StatementTable_1"/>
<presentationArc xlink:type="arc" xlink:arcrole="http://www.xbrl.org/2003/arcrole/parent-child" xlink:from="loc_us-gaap_IncomeStatementAbstract_0" xlink:to="loc_us-gaap_StatementTable_1" order="0" use="optional" preferredLabel="http://www.xbrl.org/2003/role/verboseLabel"/>
<loc xlink:type="locator" xlink:href="http://xbrl.fasb.org/us-gaap/2012/elts/us-gaap-2012-01-31.xsd#us-gaap_StatementLineItems" xlink:label="loc_us-gaap_StatementLineItems_2"/>
<presentationArc xlink:type="arc" xlink:arcrole="http://www.xbrl.org/2003/arcrole/parent-child" xlink:from="loc_us-gaap_StatementTable_1" xlink:to="loc_us-gaap_StatementLineItems_2" order="0" use="optional" preferredLabel="http://www.xbrl.org/2003/role/verboseLabel"/>
<loc xlink:type="locator" xlink:href="http://xbrl.fasb.org/us-gaap/2012/elts/us-gaap-2012-01-31.xsd#us-gaap_CostsAndExpensesAbstract" xlink:label="loc_us-gaap_CostsAndExpensesAbstract_3"/>
<presentationArc xlink:type="arc" xlink:arcrole="http://www.xbrl.org/2003/arcrole/parent-child" xlink:from="loc_us-gaap_StatementLineItems_2" xlink:to="loc_us-gaap_CostsAndExpensesAbstract_3" order="0" use="optional" preferredLabel="http://www.xbrl.org/2003/role/terseLabel"/>
<loc xlink:type="locator" xlink:href="http://xbrl.fasb.org/us-gaap/2012/elts/us-gaap-2012-01-31.xsd#us-gaap_SellingGeneralAndAdministrativeExpense" xlink:label="loc_us-gaap_SellingGeneralAndAdministrativeExpense_4"/>
<presentationArc xlink:type="arc" xlink:arcrole="http://www.xbrl.org/2003/arcrole/parent-child" xlink:from="loc_us-gaap_CostsAndExpensesAbstract_3" xlink:to="loc_us-gaap_SellingGeneralAndAdministrativeExpense_4" order="0" use="optional" preferredLabel="http://www.xbrl.org/2003/role/terseLabel"/>
<loc xlink:type="locator" xlink:href="http://xbrl.fasb.org/us-gaap/2012/elts/us-gaap-2012-01-31.xsd#us-gaap_InterestExpense" xlink:label="loc_us-gaap_InterestExpense_5"/>
<presentationArc xlink:type="arc" xlink:arcrole="http://www.xbrl.org/2003/arcrole/parent-child" xlink:from="loc_us-gaap_CostsAndExpensesAbstract_3" xlink:to="loc_us-gaap_InterestExpense_5" order="10" use="optional" preferredLabel="http://www.xbrl.org/2003/role/verboseLabel"/>
<loc xlink:type="locator" xlink:href="http://xbrl.fasb.org/us-gaap/2012/elts/us-gaap-2012-01-31.xsd#us-gaap_CostsAndExpenses" xlink:label="loc_us-gaap_CostsAndExpenses_6"/>
<presentationArc xlink:type="arc" xlink:arcrole="http://www.xbrl.org/2003/arcrole/parent-child" xlink:from="loc_us-gaap_CostsAndExpensesAbstract_3" xlink:to="loc_us-gaap_CostsAndExpenses_6" order="20" use="optional" preferredLabel="http://www.xbrl.org/2003/role/totalLabel"/>
<loc xlink:type="locator" xlink:href="http://xbrl.fasb.org/us-gaap/2012/elts/us-gaap-2012-01-31.xsd#us-gaap_IncomeLossFromContinuingOperationsIncludingPortionAttributableToNoncontrollingInterest" xlink:label="loc_us-gaap_IncomeLossFromContinuingOperationsIncludingPortionAttributableToNoncontrollingInterest_7"/>
<presentationArc xlink:type="arc" xlink:arcrole="http://www.xbrl.org/2003/arcrole/parent-child" xlink:from="loc_us-gaap_StatementLineItems_2" xlink:to="loc_us-gaap_IncomeLossFromContinuingOperationsIncludingPortionAttributableToNoncontrollingInterest_7" order="10" use="optional" preferredLabel="http://www.xbrl.org/2003/role/totalLabel"/>
<loc xlink:type="locator" xlink:href="http://xbrl.fasb.org/us-gaap/2012/elts/us-gaap-2012-01-31.xsd#us-gaap_IncomeLossFromDiscontinuedOperationsNetOfTax" xlink:label="loc_us-gaap_IncomeLossFromDiscontinuedOperationsNetOfTax_8"/>
<presentationArc xlink:type="arc" xlink:arcrole="http://www.xbrl.org/2003/arcrole/parent-child" xlink:from="loc_us-gaap_StatementLineItems_2" xlink:to="loc_us-gaap_IncomeLossFromDiscontinuedOperationsNetOfTax_8" order="20" use="optional" preferredLabel="http://www.xbrl.org/2009/role/negatedLabel"/>
<loc xlink:type="locator" xlink:href="http://xbrl.fasb.org/us-gaap/2012/elts/us-gaap-2012-01-31.xsd#us-gaap_NetIncomeLoss" xlink:label="loc_us-gaap_NetIncomeLoss_9"/>
<presentationArc xlink:type="arc" xlink:arcrole="http://www.xbrl.org/2003/arcrole/parent-child" xlink:from="loc_us-gaap_StatementLineItems_2" xlink:to="loc_us-gaap_NetIncomeLoss_9" order="30" use="optional" preferredLabel="http://www.xbrl.org/2003/role/totalLabel"/>
<loc xlink:type="locator" xlink:href="http://xbrl.fasb.org/us-gaap/2012/elts/us-gaap-2012-01-31.xsd#us-gaap_EarningsPerShareBasicAndDiluted" xlink:label="loc_us-gaap_EarningsPerShareBasicAndDiluted_10"/>
<presentationArc xlink:type="arc" xlink:arcrole="http://www.xbrl.org/2003/arcrole/parent-child" xlink:from="loc_us-gaap_StatementLineItems_2" xlink:to="loc_us-gaap_EarningsPerShareBasicAndDiluted_10" order="40" use="optional" preferredLabel="http://www.xbrl.org/2003/role/terseLabel"/>
<loc xlink:type="locator" xlink:href="http://xbrl.fasb.org/us-gaap/2012/elts/us-gaap-2012-01-31.xsd#us-gaap_WeightedAverageNumberOfShareOutstandingBasicAndDiluted" xlink:label="loc_us-gaap_WeightedAverageNumberOfShareOutstandingBasicAndDiluted_11"/>
<presentationArc xlink:type="arc" xlink:arcrole="http://www.xbrl.org/2003/arcrole/parent-child" xlink:from="loc_us-gaap_StatementLineItems_2" xlink:to="loc_us-gaap_WeightedAverageNumberOfShareOutstandingBasicAndDiluted_11" order="50" use="optional" preferredLabel="http://www.xbrl.org/2003/role/terseLabel"/>
</presentationLink>
<presentationLink xlink:type="extended" xlink:role="http://www.newtonlanemarket.com/role/CONDENSEDSTATEMENTOFCHANGESINSTOCKHOLDERSEQUITYDEFICIT">
<loc xlink:type="locator" xlink:href="http://xbrl.fasb.org/us-gaap/2012/elts/us-gaap-2012-01-31.xsd#us-gaap_StatementOfStockholdersEquityAbstract" xlink:label="loc_us-gaap_StatementOfStockholdersEquityAbstract_0"/>
<loc xlink:type="locator" xlink:href="http://xbrl.fasb.org/us-gaap/2012/elts/us-gaap-2012-01-31.xsd#us-gaap_StatementTable" xlink:label="loc_us-gaap_StatementTable_1"/>
<presentationArc xlink:type="arc" xlink:arcrole="http://www.xbrl.org/2003/arcrole/parent-child" xlink:from="loc_us-gaap_StatementOfStockholdersEquityAbstract_0" xlink:to="loc_us-gaap_StatementTable_1" order="0" use="optional" preferredLabel="http://www.xbrl.org/2003/role/verboseLabel"/>
<loc xlink:type="locator" xlink:href="http://xbrl.fasb.org/us-gaap/2012/elts/us-gaap-2012-01-31.xsd#us-gaap_StatementEquityComponentsAxis" xlink:label="loc_us-gaap_StatementEquityComponentsAxis_2"/>
<presentationArc xlink:type="arc" xlink:arcrole="http://www.xbrl.org/2003/arcrole/parent-child" xlink:from="loc_us-gaap_StatementTable_1" xlink:to="loc_us-gaap_StatementEquityComponentsAxis_2" order="0" use="optional" preferredLabel="http://www.xbrl.org/2003/role/verboseLabel"/>
<loc xlink:type="locator" xlink:href="http://xbrl.fasb.org/us-gaap/2012/elts/us-gaap-2012-01-31.xsd#us-gaap_PreferredStockMember" xlink:label="loc_us-gaap_PreferredStockMember_3"/>
<presentationArc xlink:type="arc" xlink:arcrole="http://www.xbrl.org/2003/arcrole/parent-child" xlink:from="loc_us-gaap_StatementEquityComponentsAxis_2" xlink:to="loc_us-gaap_PreferredStockMember_3" order="0" use="optional" preferredLabel="http://www.xbrl.org/2003/role/terseLabel"/>
<loc xlink:type="locator" xlink:href="http://xbrl.fasb.org/us-gaap/2012/elts/us-gaap-2012-01-31.xsd#us-gaap_CommonStockMember" xlink:label="loc_us-gaap_CommonStockMember_4"/>
<presentationArc xlink:type="arc" xlink:arcrole="http://www.xbrl.org/2003/arcrole/parent-child" xlink:from="loc_us-gaap_StatementEquityComponentsAxis_2" xlink:to="loc_us-gaap_CommonStockMember_4" order="10" use="optional" preferredLabel="http://www.xbrl.org/2003/role/terseLabel"/>
<loc xlink:type="locator" xlink:href="http://xbrl.fasb.org/us-gaap/2012/elts/us-gaap-2012-01-31.xsd#us-gaap_AdditionalPaidInCapitalMember" xlink:label="loc_us-gaap_AdditionalPaidInCapitalMember_5"/>
<presentationArc xlink:type="arc" xlink:arcrole="http://www.xbrl.org/2003/arcrole/parent-child" xlink:from="loc_us-gaap_StatementEquityComponentsAxis_2" xlink:to="loc_us-gaap_AdditionalPaidInCapitalMember_5" order="20" use="optional" preferredLabel="http://www.xbrl.org/2003/role/terseLabel"/>
<loc xlink:type="locator" xlink:href="http://xbrl.fasb.org/us-gaap/2012/elts/us-gaap-2012-01-31.xsd#us-gaap_AccumulatedDeficitDuringDevelopmentStageMember" xlink:label="loc_us-gaap_AccumulatedDeficitDuringDevelopmentStageMember_6"/>
<presentationArc xlink:type="arc" xlink:arcrole="http://www.xbrl.org/2003/arcrole/parent-child" xlink:from="loc_us-gaap_StatementEquityComponentsAxis_2" xlink:to="loc_us-gaap_AccumulatedDeficitDuringDevelopmentStageMember_6" order="30" use="optional" preferredLabel="http://www.xbrl.org/2003/role/label"/>
<loc xlink:type="locator" xlink:href="http://xbrl.fasb.org/us-gaap/2012/elts/us-gaap-2012-01-31.xsd#us-gaap_EquityComponentDomain" xlink:label="loc_us-gaap_EquityComponentDomain_7"/>
<presentationArc xlink:type="arc" xlink:arcrole="http://www.xbrl.org/2003/arcrole/parent-child" xlink:from="loc_us-gaap_StatementEquityComponentsAxis_2" xlink:to="loc_us-gaap_EquityComponentDomain_7" order="40" use="optional" preferredLabel="http://www.xbrl.org/2003/role/verboseLabel"/>
<loc xlink:type="locator" xlink:href="http://xbrl.fasb.org/us-gaap/2012/elts/us-gaap-2012-01-31.xsd#us-gaap_StatementLineItems" xlink:label="loc_us-gaap_StatementLineItems_8"/>
<presentationArc xlink:type="arc" xlink:arcrole="http://www.xbrl.org/2003/arcrole/parent-child" xlink:from="loc_us-gaap_StatementTable_1" xlink:to="loc_us-gaap_StatementLineItems_8" order="10" use="optional" preferredLabel="http://www.xbrl.org/2003/role/verboseLabel"/>
<loc xlink:type="locator" xlink:href="http://xbrl.fasb.org/us-gaap/2012/elts/us-gaap-2012-01-31.xsd#us-gaap_StockholdersEquity" xlink:label="loc_us-gaap_StockholdersEquity_9"/>
<presentationArc xlink:type="arc" xlink:arcrole="http://www.xbrl.org/2003/arcrole/parent-child" xlink:from="loc_us-gaap_StatementLineItems_8" xlink:to="loc_us-gaap_StockholdersEquity_9" order="0" use="optional" preferredLabel="http://www.xbrl.org/2003/role/periodStartLabel"/>
<loc xlink:type="locator" xlink:href="http://xbrl.fasb.org/us-gaap/2012/elts/us-gaap-2012-01-31.xsd#us-gaap_SharesOutstanding" xlink:label="loc_us-gaap_SharesOutstanding_10"/>
<presentationArc xlink:type="arc" xlink:arcrole="http://www.xbrl.org/2003/arcrole/parent-child" xlink:from="loc_us-gaap_StatementLineItems_8" xlink:to="loc_us-gaap_SharesOutstanding_10" order="10" use="optional" preferredLabel="http://www.xbrl.org/2003/role/periodStartLabel"/>
<loc xlink:type="locator" xlink:href="ntwn-20121231.xsd#ntwn_StockIssuedAtInceptionValueIssuedForFounders" xlink:label="loc_ntwn_StockIssuedAtInceptionValueIssuedForFounders_11"/>
<presentationArc xlink:type="arc" xlink:arcrole="http://www.xbrl.org/2003/arcrole/parent-child" xlink:from="loc_us-gaap_StatementLineItems_8" xlink:to="loc_ntwn_StockIssuedAtInceptionValueIssuedForFounders_11" order="20" use="optional" preferredLabel="http://www.xbrl.org/2003/role/verboseLabel"/>
<loc xlink:type="locator" xlink:href="ntwn-20121231.xsd#ntwn_StockIssuedAtInceptionSharesIssuedForFounders" xlink:label="loc_ntwn_StockIssuedAtInceptionSharesIssuedForFounders_12"/>
<presentationArc xlink:type="arc" xlink:arcrole="http://www.xbrl.org/2003/arcrole/parent-child" xlink:from="loc_us-gaap_StatementLineItems_8" xlink:to="loc_ntwn_StockIssuedAtInceptionSharesIssuedForFounders_12" order="30" use="optional" preferredLabel="http://www.xbrl.org/2003/role/terseLabel"/>
<loc xlink:type="locator" xlink:href="http://xbrl.fasb.org/us-gaap/2012/elts/us-gaap-2012-01-31.xsd#us-gaap_StockIssuedDuringPeriodValueIssuedForServices" xlink:label="loc_us-gaap_StockIssuedDuringPeriodValueIssuedForServices_13"/>
<presentationArc xlink:type="arc" xlink:arcrole="http://www.xbrl.org/2003/arcrole/parent-child" xlink:from="loc_us-gaap_StatementLineItems_8" xlink:to="loc_us-gaap_StockIssuedDuringPeriodValueIssuedForServices_13" order="40" use="optional" preferredLabel="http://www.xbrl.org/2003/role/verboseLabel"/>
<loc xlink:type="locator" xlink:href="http://xbrl.fasb.org/us-gaap/2012/elts/us-gaap-2012-01-31.xsd#us-gaap_StockIssuedDuringPeriodSharesIssuedForServices" xlink:label="loc_us-gaap_StockIssuedDuringPeriodSharesIssuedForServices_14"/>
<presentationArc xlink:type="arc" xlink:arcrole="http://www.xbrl.org/2003/arcrole/parent-child" xlink:from="loc_us-gaap_StatementLineItems_8" xlink:to="loc_us-gaap_StockIssuedDuringPeriodSharesIssuedForServices_14" order="50" use="optional" preferredLabel="http://www.xbrl.org/2003/role/definitionGuidance"/>
<loc xlink:type="locator" xlink:href="http://xbrl.fasb.org/us-gaap/2012/elts/us-gaap-2012-01-31.xsd#us-gaap_StockIssuedDuringPeriodValueNewIssues" xlink:label="loc_us-gaap_StockIssuedDuringPeriodValueNewIssues_15"/>
<presentationArc xlink:type="arc" xlink:arcrole="http://www.xbrl.org/2003/arcrole/parent-child" xlink:from="loc_us-gaap_StatementLineItems_8" xlink:to="loc_us-gaap_StockIssuedDuringPeriodValueNewIssues_15" order="60" use="optional" preferredLabel="http://www.xbrl.org/2003/role/verboseLabel"/>
<loc xlink:type="locator" xlink:href="http://xbrl.fasb.org/us-gaap/2012/elts/us-gaap-2012-01-31.xsd#us-gaap_StockIssuedDuringPeriodSharesNewIssues" xlink:label="loc_us-gaap_StockIssuedDuringPeriodSharesNewIssues_16"/>
<presentationArc xlink:type="arc" xlink:arcrole="http://www.xbrl.org/2003/arcrole/parent-child" xlink:from="loc_us-gaap_StatementLineItems_8" xlink:to="loc_us-gaap_StockIssuedDuringPeriodSharesNewIssues_16" order="70" use="optional" preferredLabel="http://www.xbrl.org/2003/role/terseLabel"/>
<loc xlink:type="locator" xlink:href="http://xbrl.fasb.org/us-gaap/2012/elts/us-gaap-2012-01-31.xsd#us-gaap_StockIssuedDuringPeriodValueConversionOfConvertibleSecurities" xlink:label="loc_us-gaap_StockIssuedDuringPeriodValueConversionOfConvertibleSecurities_17"/>
<presentationArc xlink:type="arc" xlink:arcrole="http://www.xbrl.org/2003/arcrole/parent-child" xlink:from="loc_us-gaap_StatementLineItems_8" xlink:to="loc_us-gaap_StockIssuedDuringPeriodValueConversionOfConvertibleSecurities_17" order="80" use="optional" preferredLabel="http://www.xbrl.org/2003/role/terseLabel"/>
<loc xlink:type="locator" xlink:href="http://xbrl.fasb.org/us-gaap/2012/elts/us-gaap-2012-01-31.xsd#us-gaap_StockIssuedDuringPeriodSharesConversionOfConvertibleSecurities" xlink:label="loc_us-gaap_StockIssuedDuringPeriodSharesConversionOfConvertibleSecurities_18"/>
<presentationArc xlink:type="arc" xlink:arcrole="http://www.xbrl.org/2003/arcrole/parent-child" xlink:from="loc_us-gaap_StatementLineItems_8" xlink:to="loc_us-gaap_StockIssuedDuringPeriodSharesConversionOfConvertibleSecurities_18" order="90" use="optional" preferredLabel="http://www.xbrl.org/2003/role/terseLabel"/>
<loc xlink:type="locator" xlink:href="ntwn-20121231.xsd#ntwn_StockIssuedDuringPeriodValueForAccruedConsultingFees" xlink:label="loc_ntwn_StockIssuedDuringPeriodValueForAccruedConsultingFees_19"/>
<presentationArc xlink:type="arc" xlink:arcrole="http://www.xbrl.org/2003/arcrole/parent-child" xlink:from="loc_us-gaap_StatementLineItems_8" xlink:to="loc_ntwn_StockIssuedDuringPeriodValueForAccruedConsultingFees_19" order="100" use="optional" preferredLabel="http://www.xbrl.org/2003/role/verboseLabel"/>
<loc xlink:type="locator" xlink:href="ntwn-20121231.xsd#ntwn_StockIssuedDuringPeriodSharesForAccruedConsultingFees" xlink:label="loc_ntwn_StockIssuedDuringPeriodSharesForAccruedConsultingFees_20"/>
<presentationArc xlink:type="arc" xlink:arcrole="http://www.xbrl.org/2003/arcrole/parent-child" xlink:from="loc_us-gaap_StatementLineItems_8" xlink:to="loc_ntwn_StockIssuedDuringPeriodSharesForAccruedConsultingFees_20" order="110" use="optional" preferredLabel="http://www.xbrl.org/2003/role/verboseLabel"/>
<loc xlink:type="locator" xlink:href="ntwn-20121231.xsd#ntwn_TransferOfOfficersShares" xlink:label="loc_ntwn_TransferOfOfficersShares_21"/>
<presentationArc xlink:type="arc" xlink:arcrole="http://www.xbrl.org/2003/arcrole/parent-child" xlink:from="loc_us-gaap_StatementLineItems_8" xlink:to="loc_ntwn_TransferOfOfficersShares_21" order="120" use="optional" preferredLabel="http://www.xbrl.org/2003/role/verboseLabel"/>
<loc xlink:type="locator" xlink:href="http://xbrl.fasb.org/us-gaap/2012/elts/us-gaap-2012-01-31.xsd#us-gaap_StockGrantedDuringPeriodValueSharebasedCompensation" xlink:label="loc_us-gaap_StockGrantedDuringPeriodValueSharebasedCompensation_22"/>
<presentationArc xlink:type="arc" xlink:arcrole="http://www.xbrl.org/2003/arcrole/parent-child" xlink:from="loc_us-gaap_StatementLineItems_8" xlink:to="loc_us-gaap_StockGrantedDuringPeriodValueSharebasedCompensation_22" order="130" use="optional" preferredLabel="http://www.xbrl.org/2003/role/terseLabel"/>
<loc xlink:type="locator" xlink:href="http://xbrl.fasb.org/us-gaap/2012/elts/us-gaap-2012-01-31.xsd#us-gaap_StockIssuedDuringPeriodValueStockOptionsExercised" xlink:label="loc_us-gaap_StockIssuedDuringPeriodValueStockOptionsExercised_23"/>
<presentationArc xlink:type="arc" xlink:arcrole="http://www.xbrl.org/2003/arcrole/parent-child" xlink:from="loc_us-gaap_StatementLineItems_8" xlink:to="loc_us-gaap_StockIssuedDuringPeriodValueStockOptionsExercised_23" order="140" use="optional" preferredLabel="http://www.xbrl.org/2003/role/terseLabel"/>
<loc xlink:type="locator" xlink:href="http://xbrl.fasb.org/us-gaap/2012/elts/us-gaap-2012-01-31.xsd#us-gaap_StockIssuedDuringPeriodSharesStockOptionsExercised" xlink:label="loc_us-gaap_StockIssuedDuringPeriodSharesStockOptionsExercised_24"/>
<presentationArc xlink:type="arc" xlink:arcrole="http://www.xbrl.org/2003/arcrole/parent-child" xlink:from="loc_us-gaap_StatementLineItems_8" xlink:to="loc_us-gaap_StockIssuedDuringPeriodSharesStockOptionsExercised_24" order="150" use="optional" preferredLabel="http://www.xbrl.org/2003/role/terseLabel"/>
<loc xlink:type="locator" xlink:href="ntwn-20121231.xsd#ntwn_StockIssuedToRetireDebtsAndAccruedInterestValue" xlink:label="loc_ntwn_StockIssuedToRetireDebtsAndAccruedInterestValue_25"/>
<presentationArc xlink:type="arc" xlink:arcrole="http://www.xbrl.org/2003/arcrole/parent-child" xlink:from="loc_us-gaap_StatementLineItems_8" xlink:to="loc_ntwn_StockIssuedToRetireDebtsAndAccruedInterestValue_25" order="160" use="optional" preferredLabel="http://www.xbrl.org/2003/role/verboseLabel"/>
<loc xlink:type="locator" xlink:href="ntwn-20121231.xsd#ntwn_StockIssuedToRetireDebtsAndAccruedInterestShares" xlink:label="loc_ntwn_StockIssuedToRetireDebtsAndAccruedInterestShares_26"/>
<presentationArc xlink:type="arc" xlink:arcrole="http://www.xbrl.org/2003/arcrole/parent-child" xlink:from="loc_us-gaap_StatementLineItems_8" xlink:to="loc_ntwn_StockIssuedToRetireDebtsAndAccruedInterestShares_26" order="170" use="optional" preferredLabel="http://www.xbrl.org/2003/role/verboseLabel"/>
<loc xlink:type="locator" xlink:href="ntwn-20121231.xsd#ntwn_PreferredStockConvertedValue" xlink:label="loc_ntwn_PreferredStockConvertedValue_27"/>
<presentationArc xlink:type="arc" xlink:arcrole="http://www.xbrl.org/2003/arcrole/parent-child" xlink:from="loc_us-gaap_StatementLineItems_8" xlink:to="loc_ntwn_PreferredStockConvertedValue_27" order="180" use="optional" preferredLabel="http://www.xbrl.org/2003/role/verboseLabel"/>
<loc xlink:type="locator" xlink:href="ntwn-20121231.xsd#ntwn_PreferredStockConvertedShares" xlink:label="loc_ntwn_PreferredStockConvertedShares_28"/>
<presentationArc xlink:type="arc" xlink:arcrole="http://www.xbrl.org/2003/arcrole/parent-child" xlink:from="loc_us-gaap_StatementLineItems_8" xlink:to="loc_ntwn_PreferredStockConvertedShares_28" order="190" use="optional" preferredLabel="http://www.xbrl.org/2003/role/verboseLabel"/>
<loc xlink:type="locator" xlink:href="http://xbrl.fasb.org/us-gaap/2012/elts/us-gaap-2012-01-31.xsd#us-gaap_AdjustmentsToAdditionalPaidInCapitalSharebasedCompensationRequisiteServicePeriodRecognitionValue" xlink:label="loc_us-gaap_AdjustmentsToAdditionalPaidInCapitalSharebasedCompensationRequisiteServicePeriodRecognitionValue_29"/>
<presentationArc xlink:type="arc" xlink:arcrole="http://www.xbrl.org/2003/arcrole/parent-child" xlink:from="loc_us-gaap_StatementLineItems_8" xlink:to="loc_us-gaap_AdjustmentsToAdditionalPaidInCapitalSharebasedCompensationRequisiteServicePeriodRecognitionValue_29" order="200" use="optional" preferredLabel="http://www.xbrl.org/2003/role/terseLabel"/>
<loc xlink:type="locator" xlink:href="http://xbrl.fasb.org/us-gaap/2012/elts/us-gaap-2012-01-31.xsd#us-gaap_AdjustmentsToAdditionalPaidInCapitalOther" xlink:label="loc_us-gaap_AdjustmentsToAdditionalPaidInCapitalOther_30"/>
<presentationArc xlink:type="arc" xlink:arcrole="http://www.xbrl.org/2003/arcrole/parent-child" xlink:from="loc_us-gaap_StatementLineItems_8" xlink:to="loc_us-gaap_AdjustmentsToAdditionalPaidInCapitalOther_30" order="210" use="optional" preferredLabel="http://www.xbrl.org/2003/role/verboseLabel"/>
<loc xlink:type="locator" xlink:href="http://xbrl.fasb.org/us-gaap/2012/elts/us-gaap-2012-01-31.xsd#us-gaap_NetIncomeLoss" xlink:label="loc_us-gaap_NetIncomeLoss_31"/>
<presentationArc xlink:type="arc" xlink:arcrole="http://www.xbrl.org/2003/arcrole/parent-child" xlink:from="loc_us-gaap_StatementLineItems_8" xlink:to="loc_us-gaap_NetIncomeLoss_31" order="220" use="optional" preferredLabel="http://www.xbrl.org/2003/role/terseLabel"/>
<loc xlink:type="locator" xlink:href="http://xbrl.fasb.org/us-gaap/2012/elts/us-gaap-2012-01-31.xsd#us-gaap_StockholdersEquity" xlink:label="loc_us-gaap_StockholdersEquity_32"/>
<presentationArc xlink:type="arc" xlink:arcrole="http://www.xbrl.org/2003/arcrole/parent-child" xlink:from="loc_us-gaap_StatementLineItems_8" xlink:to="loc_us-gaap_StockholdersEquity_32" order="230" use="optional" preferredLabel="http://www.xbrl.org/2003/role/periodEndLabel"/>
<loc xlink:type="locator" xlink:href="http://xbrl.fasb.org/us-gaap/2012/elts/us-gaap-2012-01-31.xsd#us-gaap_SharesOutstanding" xlink:label="loc_us-gaap_SharesOutstanding_33"/>
<presentationArc xlink:type="arc" xlink:arcrole="http://www.xbrl.org/2003/arcrole/parent-child" xlink:from="loc_us-gaap_StatementLineItems_8" xlink:to="loc_us-gaap_SharesOutstanding_33" order="240" use="optional" preferredLabel="http://www.xbrl.org/2003/role/periodEndLabel"/>
</presentationLink>
<presentationLink xlink:type="extended" xlink:role="http://www.newtonlanemarket.com/role/CONDENSEDSTATEMENTSOFCASHFLOWS">
<loc xlink:type="locator" xlink:href="http://xbrl.fasb.org/us-gaap/2012/elts/us-gaap-2012-01-31.xsd#us-gaap_StatementOfCashFlowsAbstract" xlink:label="loc_us-gaap_StatementOfCashFlowsAbstract_0"/>
<loc xlink:type="locator" xlink:href="http://xbrl.fasb.org/us-gaap/2012/elts/us-gaap-2012-01-31.xsd#us-gaap_StatementTable" xlink:label="loc_us-gaap_StatementTable_1"/>
<presentationArc xlink:type="arc" xlink:arcrole="http://www.xbrl.org/2003/arcrole/parent-child" xlink:from="loc_us-gaap_StatementOfCashFlowsAbstract_0" xlink:to="loc_us-gaap_StatementTable_1" order="0" use="optional" preferredLabel="http://www.xbrl.org/2003/role/verboseLabel"/>
<loc xlink:type="locator" xlink:href="http://xbrl.fasb.org/us-gaap/2012/elts/us-gaap-2012-01-31.xsd#us-gaap_StatementLineItems" xlink:label="loc_us-gaap_StatementLineItems_2"/>
<presentationArc xlink:type="arc" xlink:arcrole="http://www.xbrl.org/2003/arcrole/parent-child" xlink:from="loc_us-gaap_StatementTable_1" xlink:to="loc_us-gaap_StatementLineItems_2" order="0" use="optional" preferredLabel="http://www.xbrl.org/2003/role/verboseLabel"/>
<loc xlink:type="locator" xlink:href="http://xbrl.fasb.org/us-gaap/2012/elts/us-gaap-2012-01-31.xsd#us-gaap_NetCashProvidedByUsedInOperatingActivitiesAbstract" xlink:label="loc_us-gaap_NetCashProvidedByUsedInOperatingActivitiesAbstract_3"/>
<presentationArc xlink:type="arc" xlink:arcrole="http://www.xbrl.org/2003/arcrole/parent-child" xlink:from="loc_us-gaap_StatementLineItems_2" xlink:to="loc_us-gaap_NetCashProvidedByUsedInOperatingActivitiesAbstract_3" order="0" use="optional" preferredLabel="http://www.xbrl.org/2003/role/terseLabel"/>
<loc xlink:type="locator" xlink:href="http://xbrl.fasb.org/us-gaap/2012/elts/us-gaap-2012-01-31.xsd#us-gaap_NetIncomeLoss" xlink:label="loc_us-gaap_NetIncomeLoss_4"/>
<presentationArc xlink:type="arc" xlink:arcrole="http://www.xbrl.org/2003/arcrole/parent-child" xlink:from="loc_us-gaap_NetCashProvidedByUsedInOperatingActivitiesAbstract_3" xlink:to="loc_us-gaap_NetIncomeLoss_4" order="0" use="optional" preferredLabel="http://www.xbrl.org/2003/role/terseLabel"/>
<loc xlink:type="locator" xlink:href="http://xbrl.fasb.org/us-gaap/2012/elts/us-gaap-2012-01-31.xsd#us-gaap_IncomeLossFromDiscontinuedOperationsNetOfTax" xlink:label="loc_us-gaap_IncomeLossFromDiscontinuedOperationsNetOfTax_5"/>
<presentationArc xlink:type="arc" xlink:arcrole="http://www.xbrl.org/2003/arcrole/parent-child" xlink:from="loc_us-gaap_NetCashProvidedByUsedInOperatingActivitiesAbstract_3" xlink:to="loc_us-gaap_IncomeLossFromDiscontinuedOperationsNetOfTax_5" order="10" use="optional" preferredLabel="http://www.xbrl.org/2009/role/negatedLabel"/>
<loc xlink:type="locator" xlink:href="http://xbrl.fasb.org/us-gaap/2012/elts/us-gaap-2012-01-31.xsd#us-gaap_IncomeLossFromContinuingOperationsIncludingPortionAttributableToNoncontrollingInterest" xlink:label="loc_us-gaap_IncomeLossFromContinuingOperationsIncludingPortionAttributableToNoncontrollingInterest_6"/>
<presentationArc xlink:type="arc" xlink:arcrole="http://www.xbrl.org/2003/arcrole/parent-child" xlink:from="loc_us-gaap_NetCashProvidedByUsedInOperatingActivitiesAbstract_3" xlink:to="loc_us-gaap_IncomeLossFromContinuingOperationsIncludingPortionAttributableToNoncontrollingInterest_6" order="20" use="optional" preferredLabel="http://www.xbrl.org/2003/role/definitionGuidance"/>
<loc xlink:type="locator" xlink:href="http://xbrl.fasb.org/us-gaap/2012/elts/us-gaap-2012-01-31.xsd#us-gaap_AdjustmentsToReconcileNetIncomeLossToCashProvidedByUsedInOperatingActivitiesAbstract" xlink:label="loc_us-gaap_AdjustmentsToReconcileNetIncomeLossToCashProvidedByUsedInOperatingActivitiesAbstract_7"/>
<presentationArc xlink:type="arc" xlink:arcrole="http://www.xbrl.org/2003/arcrole/parent-child" xlink:from="loc_us-gaap_NetCashProvidedByUsedInOperatingActivitiesAbstract_3" xlink:to="loc_us-gaap_AdjustmentsToReconcileNetIncomeLossToCashProvidedByUsedInOperatingActivitiesAbstract_7" order="30" use="optional" preferredLabel="http://www.xbrl.org/2003/role/terseLabel"/>
<loc xlink:type="locator" xlink:href="http://xbrl.fasb.org/us-gaap/2012/elts/us-gaap-2012-01-31.xsd#us-gaap_ShareBasedCompensation" xlink:label="loc_us-gaap_ShareBasedCompensation_8"/>
<presentationArc xlink:type="arc" xlink:arcrole="http://www.xbrl.org/2003/arcrole/parent-child" xlink:from="loc_us-gaap_AdjustmentsToReconcileNetIncomeLossToCashProvidedByUsedInOperatingActivitiesAbstract_7" xlink:to="loc_us-gaap_ShareBasedCompensation_8" order="0" use="optional" preferredLabel="http://www.xbrl.org/2003/role/terseLabel"/>
<loc xlink:type="locator" xlink:href="http://xbrl.fasb.org/us-gaap/2012/elts/us-gaap-2012-01-31.xsd#us-gaap_AmortizationOfDebtDiscountPremium" xlink:label="loc_us-gaap_AmortizationOfDebtDiscountPremium_9"/>
<presentationArc xlink:type="arc" xlink:arcrole="http://www.xbrl.org/2003/arcrole/parent-child" xlink:from="loc_us-gaap_AdjustmentsToReconcileNetIncomeLossToCashProvidedByUsedInOperatingActivitiesAbstract_7" xlink:to="loc_us-gaap_AmortizationOfDebtDiscountPremium_9" order="10" use="optional" preferredLabel="http://www.xbrl.org/2003/role/terseLabel"/>
<loc xlink:type="locator" xlink:href="http://xbrl.fasb.org/us-gaap/2012/elts/us-gaap-2012-01-31.xsd#us-gaap_IncreaseDecreaseInOperatingCapitalAbstract" xlink:label="loc_us-gaap_IncreaseDecreaseInOperatingCapitalAbstract_10"/>
<presentationArc xlink:type="arc" xlink:arcrole="http://www.xbrl.org/2003/arcrole/parent-child" xlink:from="loc_us-gaap_AdjustmentsToReconcileNetIncomeLossToCashProvidedByUsedInOperatingActivitiesAbstract_7" xlink:to="loc_us-gaap_IncreaseDecreaseInOperatingCapitalAbstract_10" order="20" use="optional" preferredLabel="http://www.xbrl.org/2003/role/terseLabel"/>
<loc xlink:type="locator" xlink:href="http://xbrl.fasb.org/us-gaap/2012/elts/us-gaap-2012-01-31.xsd#us-gaap_IncreaseDecreaseInAccountsPayableAndAccruedLiabilities" xlink:label="loc_us-gaap_IncreaseDecreaseInAccountsPayableAndAccruedLiabilities_11"/>
<presentationArc xlink:type="arc" xlink:arcrole="http://www.xbrl.org/2003/arcrole/parent-child" xlink:from="loc_us-gaap_IncreaseDecreaseInOperatingCapitalAbstract_10" xlink:to="loc_us-gaap_IncreaseDecreaseInAccountsPayableAndAccruedLiabilities_11" order="0" use="optional" preferredLabel="http://www.xbrl.org/2003/role/terseLabel"/>
<loc xlink:type="locator" xlink:href="http://xbrl.fasb.org/us-gaap/2012/elts/us-gaap-2012-01-31.xsd#us-gaap_NetCashProvidedByUsedInOperatingActivities" xlink:label="loc_us-gaap_NetCashProvidedByUsedInOperatingActivities_12"/>
<presentationArc xlink:type="arc" xlink:arcrole="http://www.xbrl.org/2003/arcrole/parent-child" xlink:from="loc_us-gaap_NetCashProvidedByUsedInOperatingActivitiesAbstract_3" xlink:to="loc_us-gaap_NetCashProvidedByUsedInOperatingActivities_12" order="40" use="optional" preferredLabel="http://www.xbrl.org/2003/role/totalLabel"/>
<loc xlink:type="locator" xlink:href="http://xbrl.fasb.org/us-gaap/2012/elts/us-gaap-2012-01-31.xsd#us-gaap_NetCashProvidedByUsedInFinancingActivitiesAbstract" xlink:label="loc_us-gaap_NetCashProvidedByUsedInFinancingActivitiesAbstract_13"/>
<presentationArc xlink:type="arc" xlink:arcrole="http://www.xbrl.org/2003/arcrole/parent-child" xlink:from="loc_us-gaap_StatementLineItems_2" xlink:to="loc_us-gaap_NetCashProvidedByUsedInFinancingActivitiesAbstract_13" order="10" use="optional" preferredLabel="http://www.xbrl.org/2003/role/terseLabel"/>
<loc xlink:type="locator" xlink:href="http://xbrl.fasb.org/us-gaap/2012/elts/us-gaap-2012-01-31.xsd#us-gaap_ProceedsFromNotesPayable" xlink:label="loc_us-gaap_ProceedsFromNotesPayable_14"/>
<presentationArc xlink:type="arc" xlink:arcrole="http://www.xbrl.org/2003/arcrole/parent-child" xlink:from="loc_us-gaap_NetCashProvidedByUsedInFinancingActivitiesAbstract_13" xlink:to="loc_us-gaap_ProceedsFromNotesPayable_14" order="0" use="optional" preferredLabel="http://www.xbrl.org/2003/role/terseLabel"/>
<loc xlink:type="locator" xlink:href="http://xbrl.fasb.org/us-gaap/2012/elts/us-gaap-2012-01-31.xsd#us-gaap_RepaymentsOfNotesPayable" xlink:label="loc_us-gaap_RepaymentsOfNotesPayable_15"/>
<presentationArc xlink:type="arc" xlink:arcrole="http://www.xbrl.org/2003/arcrole/parent-child" xlink:from="loc_us-gaap_NetCashProvidedByUsedInFinancingActivitiesAbstract_13" xlink:to="loc_us-gaap_RepaymentsOfNotesPayable_15" order="10" use="optional" preferredLabel="http://www.xbrl.org/2009/role/negatedLabel"/>
<loc xlink:type="locator" xlink:href="http://xbrl.fasb.org/us-gaap/2012/elts/us-gaap-2012-01-31.xsd#us-gaap_ProceedsFromIssuanceOrSaleOfEquity" xlink:label="loc_us-gaap_ProceedsFromIssuanceOrSaleOfEquity_16"/>
<presentationArc xlink:type="arc" xlink:arcrole="http://www.xbrl.org/2003/arcrole/parent-child" xlink:from="loc_us-gaap_NetCashProvidedByUsedInFinancingActivitiesAbstract_13" xlink:to="loc_us-gaap_ProceedsFromIssuanceOrSaleOfEquity_16" order="20" use="optional" preferredLabel="http://www.xbrl.org/2003/role/terseLabel"/>
<loc xlink:type="locator" xlink:href="http://xbrl.fasb.org/us-gaap/2012/elts/us-gaap-2012-01-31.xsd#us-gaap_ProceedsFromContributedCapital" xlink:label="loc_us-gaap_ProceedsFromContributedCapital_17"/>
<presentationArc xlink:type="arc" xlink:arcrole="http://www.xbrl.org/2003/arcrole/parent-child" xlink:from="loc_us-gaap_NetCashProvidedByUsedInFinancingActivitiesAbstract_13" xlink:to="loc_us-gaap_ProceedsFromContributedCapital_17" order="30" use="optional" preferredLabel="http://www.xbrl.org/2003/role/terseLabel"/>
<loc xlink:type="locator" xlink:href="http://xbrl.fasb.org/us-gaap/2012/elts/us-gaap-2012-01-31.xsd#us-gaap_NetCashProvidedByUsedInFinancingActivities" xlink:label="loc_us-gaap_NetCashProvidedByUsedInFinancingActivities_18"/>
<presentationArc xlink:type="arc" xlink:arcrole="http://www.xbrl.org/2003/arcrole/parent-child" xlink:from="loc_us-gaap_NetCashProvidedByUsedInFinancingActivitiesAbstract_13" xlink:to="loc_us-gaap_NetCashProvidedByUsedInFinancingActivities_18" order="40" use="optional" preferredLabel="http://www.xbrl.org/2003/role/totalLabel"/>
<loc xlink:type="locator" xlink:href="http://xbrl.fasb.org/us-gaap/2012/elts/us-gaap-2012-01-31.xsd#us-gaap_NetCashProvidedByUsedInDiscontinuedOperationsAbstract" xlink:label="loc_us-gaap_NetCashProvidedByUsedInDiscontinuedOperationsAbstract_19"/>
<presentationArc xlink:type="arc" xlink:arcrole="http://www.xbrl.org/2003/arcrole/parent-child" xlink:from="loc_us-gaap_StatementLineItems_2" xlink:to="loc_us-gaap_NetCashProvidedByUsedInDiscontinuedOperationsAbstract_19" order="20" use="optional" preferredLabel="http://www.xbrl.org/2003/role/terseLabel"/>
<loc xlink:type="locator" xlink:href="http://xbrl.fasb.org/us-gaap/2012/elts/us-gaap-2012-01-31.xsd#us-gaap_CashProvidedByUsedInOperatingActivitiesDiscontinuedOperations" xlink:label="loc_us-gaap_CashProvidedByUsedInOperatingActivitiesDiscontinuedOperations_20"/>
<presentationArc xlink:type="arc" xlink:arcrole="http://www.xbrl.org/2003/arcrole/parent-child" xlink:from="loc_us-gaap_NetCashProvidedByUsedInDiscontinuedOperationsAbstract_19" xlink:to="loc_us-gaap_CashProvidedByUsedInOperatingActivitiesDiscontinuedOperations_20" order="0" use="optional" preferredLabel="http://www.xbrl.org/2003/role/terseLabel"/>
<loc xlink:type="locator" xlink:href="http://xbrl.fasb.org/us-gaap/2012/elts/us-gaap-2012-01-31.xsd#us-gaap_CashProvidedByUsedInInvestingActivitiesDiscontinuedOperations" xlink:label="loc_us-gaap_CashProvidedByUsedInInvestingActivitiesDiscontinuedOperations_21"/>
<presentationArc xlink:type="arc" xlink:arcrole="http://www.xbrl.org/2003/arcrole/parent-child" xlink:from="loc_us-gaap_NetCashProvidedByUsedInDiscontinuedOperationsAbstract_19" xlink:to="loc_us-gaap_CashProvidedByUsedInInvestingActivitiesDiscontinuedOperations_21" order="10" use="optional" preferredLabel="http://www.xbrl.org/2003/role/terseLabel"/>
<loc xlink:type="locator" xlink:href="http://xbrl.fasb.org/us-gaap/2012/elts/us-gaap-2012-01-31.xsd#us-gaap_NetCashProvidedByUsedInDiscontinuedOperations" xlink:label="loc_us-gaap_NetCashProvidedByUsedInDiscontinuedOperations_22"/>
<presentationArc xlink:type="arc" xlink:arcrole="http://www.xbrl.org/2003/arcrole/parent-child" xlink:from="loc_us-gaap_NetCashProvidedByUsedInDiscontinuedOperationsAbstract_19" xlink:to="loc_us-gaap_NetCashProvidedByUsedInDiscontinuedOperations_22" order="20" use="optional" preferredLabel="http://www.xbrl.org/2003/role/totalLabel"/>
<loc xlink:type="locator" xlink:href="http://xbrl.fasb.org/us-gaap/2012/elts/us-gaap-2012-01-31.xsd#us-gaap_CashAndCashEquivalentsPeriodIncreaseDecrease" xlink:label="loc_us-gaap_CashAndCashEquivalentsPeriodIncreaseDecrease_23"/>
<presentationArc xlink:type="arc" xlink:arcrole="http://www.xbrl.org/2003/arcrole/parent-child" xlink:from="loc_us-gaap_StatementLineItems_2" xlink:to="loc_us-gaap_CashAndCashEquivalentsPeriodIncreaseDecrease_23" order="30" use="optional" preferredLabel="http://www.xbrl.org/2003/role/totalLabel"/>
<loc xlink:type="locator" xlink:href="http://xbrl.fasb.org/us-gaap/2012/elts/us-gaap-2012-01-31.xsd#us-gaap_CashAndCashEquivalentsAtCarryingValue" xlink:label="loc_us-gaap_CashAndCashEquivalentsAtCarryingValue_24"/>
<presentationArc xlink:type="arc" xlink:arcrole="http://www.xbrl.org/2003/arcrole/parent-child" xlink:from="loc_us-gaap_StatementLineItems_2" xlink:to="loc_us-gaap_CashAndCashEquivalentsAtCarryingValue_24" order="40" use="optional" preferredLabel="http://www.xbrl.org/2003/role/periodStartLabel"/>
<loc xlink:type="locator" xlink:href="http://xbrl.fasb.org/us-gaap/2012/elts/us-gaap-2012-01-31.xsd#us-gaap_CashAndCashEquivalentsAtCarryingValue" xlink:label="loc_us-gaap_CashAndCashEquivalentsAtCarryingValue_25"/>
<presentationArc xlink:type="arc" xlink:arcrole="http://www.xbrl.org/2003/arcrole/parent-child" xlink:from="loc_us-gaap_StatementLineItems_2" xlink:to="loc_us-gaap_CashAndCashEquivalentsAtCarryingValue_25" order="50" use="optional" preferredLabel="http://www.xbrl.org/2003/role/periodEndLabel"/>
<loc xlink:type="locator" xlink:href="http://xbrl.fasb.org/us-gaap/2012/elts/us-gaap-2012-01-31.xsd#us-gaap_SupplementalCashFlowInformationAbstract" xlink:label="loc_us-gaap_SupplementalCashFlowInformationAbstract_26"/>
<presentationArc xlink:type="arc" xlink:arcrole="http://www.xbrl.org/2003/arcrole/parent-child" xlink:from="loc_us-gaap_StatementLineItems_2" xlink:to="loc_us-gaap_SupplementalCashFlowInformationAbstract_26" order="60" use="optional" preferredLabel="http://www.xbrl.org/2003/role/terseLabel"/>
<loc xlink:type="locator" xlink:href="http://xbrl.fasb.org/us-gaap/2012/elts/us-gaap-2012-01-31.xsd#us-gaap_InterestPaid" xlink:label="loc_us-gaap_InterestPaid_27"/>
<presentationArc xlink:type="arc" xlink:arcrole="http://www.xbrl.org/2003/arcrole/parent-child" xlink:from="loc_us-gaap_SupplementalCashFlowInformationAbstract_26" xlink:to="loc_us-gaap_InterestPaid_27" order="0" use="optional" preferredLabel="http://www.xbrl.org/2003/role/terseLabel"/>
<loc xlink:type="locator" xlink:href="http://xbrl.fasb.org/us-gaap/2012/elts/us-gaap-2012-01-31.xsd#us-gaap_IncomeTaxesPaid" xlink:label="loc_us-gaap_IncomeTaxesPaid_28"/>
<presentationArc xlink:type="arc" xlink:arcrole="http://www.xbrl.org/2003/arcrole/parent-child" xlink:from="loc_us-gaap_SupplementalCashFlowInformationAbstract_26" xlink:to="loc_us-gaap_IncomeTaxesPaid_28" order="10" use="optional" preferredLabel="http://www.xbrl.org/2003/role/terseLabel"/>
<loc xlink:type="locator" xlink:href="http://xbrl.fasb.org/us-gaap/2012/elts/us-gaap-2012-01-31.xsd#us-gaap_CashFlowNoncashInvestingAndFinancingActivitiesDisclosureAbstract" xlink:label="loc_us-gaap_CashFlowNoncashInvestingAndFinancingActivitiesDisclosureAbstract_29"/>
<presentationArc xlink:type="arc" xlink:arcrole="http://www.xbrl.org/2003/arcrole/parent-child" xlink:from="loc_us-gaap_StatementLineItems_2" xlink:to="loc_us-gaap_CashFlowNoncashInvestingAndFinancingActivitiesDisclosureAbstract_29" order="70" use="optional" preferredLabel="http://www.xbrl.org/2003/role/terseLabel"/>
<loc xlink:type="locator" xlink:href="ntwn-20121231.xsd#ntwn_NoncashGrantOfShareBasedCompensationAward" xlink:label="loc_ntwn_NoncashGrantOfShareBasedCompensationAward_30"/>
<presentationArc xlink:type="arc" xlink:arcrole="http://www.xbrl.org/2003/arcrole/parent-child" xlink:from="loc_us-gaap_CashFlowNoncashInvestingAndFinancingActivitiesDisclosureAbstract_29" xlink:to="loc_ntwn_NoncashGrantOfShareBasedCompensationAward_30" order="0" use="optional" preferredLabel="http://www.xbrl.org/2003/role/terseLabel"/>
<loc xlink:type="locator" xlink:href="ntwn-20121231.xsd#ntwn_CommonStockIssuedForAccountsPayable" xlink:label="loc_ntwn_CommonStockIssuedForAccountsPayable_31"/>
<presentationArc xlink:type="arc" xlink:arcrole="http://www.xbrl.org/2003/arcrole/parent-child" xlink:from="loc_us-gaap_CashFlowNoncashInvestingAndFinancingActivitiesDisclosureAbstract_29" xlink:to="loc_ntwn_CommonStockIssuedForAccountsPayable_31" order="10" use="optional" preferredLabel="http://www.xbrl.org/2003/role/terseLabel"/>
<loc xlink:type="locator" xlink:href="ntwn-20121231.xsd#ntwn_CommonStockIssuedForDebtAndAccruedInterest" xlink:label="loc_ntwn_CommonStockIssuedForDebtAndAccruedInterest_32"/>
<presentationArc xlink:type="arc" xlink:arcrole="http://www.xbrl.org/2003/arcrole/parent-child" xlink:from="loc_us-gaap_CashFlowNoncashInvestingAndFinancingActivitiesDisclosureAbstract_29" xlink:to="loc_ntwn_CommonStockIssuedForDebtAndAccruedInterest_32" order="20" use="optional" preferredLabel="http://www.xbrl.org/2003/role/terseLabel"/>
<loc xlink:type="locator" xlink:href="http://xbrl.fasb.org/us-gaap/2012/elts/us-gaap-2012-01-31.xsd#us-gaap_ConversionOfStockAmountConverted1" xlink:label="loc_us-gaap_ConversionOfStockAmountConverted1_33"/>
<presentationArc xlink:type="arc" xlink:arcrole="http://www.xbrl.org/2003/arcrole/parent-child" xlink:from="loc_us-gaap_CashFlowNoncashInvestingAndFinancingActivitiesDisclosureAbstract_29" xlink:to="loc_us-gaap_ConversionOfStockAmountConverted1_33" order="30" use="optional" preferredLabel="http://www.xbrl.org/2003/role/verboseLabel"/>
</presentationLink>
<presentationLink xlink:type="extended" xlink:role="http://www.newtonlanemarket.com/role/DescriptionOfCompany">
<loc xlink:type="locator" xlink:href="http://xbrl.fasb.org/us-gaap/2012/elts/us-gaap-2012-01-31.xsd#us-gaap_OrganizationConsolidationAndPresentationOfFinancialStatementsAbstract" xlink:label="loc_us-gaap_OrganizationConsolidationAndPresentationOfFinancialStatementsAbstract_0"/>
<loc xlink:type="locator" xlink:href="http://xbrl.fasb.org/us-gaap/2012/elts/us-gaap-2012-01-31.xsd#us-gaap_OrganizationConsolidationAndPresentationOfFinancialStatementsDisclosureTextBlock" xlink:label="loc_us-gaap_OrganizationConsolidationAndPresentationOfFinancialStatementsDisclosureTextBlock_1"/>
<presentationArc xlink:type="arc" xlink:arcrole="http://www.xbrl.org/2003/arcrole/parent-child" xlink:from="loc_us-gaap_OrganizationConsolidationAndPresentationOfFinancialStatementsAbstract_0" xlink:to="loc_us-gaap_OrganizationConsolidationAndPresentationOfFinancialStatementsDisclosureTextBlock_1" order="0" use="optional" preferredLabel="http://www.xbrl.org/2003/role/verboseLabel"/>
</presentationLink>
<presentationLink xlink:type="extended" xlink:role="http://www.newtonlanemarket.com/role/SummaryOfSignificantAccountingPolicies">
<loc xlink:type="locator" xlink:href="http://xbrl.fasb.org/us-gaap/2012/elts/us-gaap-2012-01-31.xsd#us-gaap_AccountingPoliciesAbstract" xlink:label="loc_us-gaap_AccountingPoliciesAbstract_0"/>
<loc xlink:type="locator" xlink:href="http://xbrl.fasb.org/us-gaap/2012/elts/us-gaap-2012-01-31.xsd#us-gaap_SignificantAccountingPoliciesTextBlock" xlink:label="loc_us-gaap_SignificantAccountingPoliciesTextBlock_1"/>
<presentationArc xlink:type="arc" xlink:arcrole="http://www.xbrl.org/2003/arcrole/parent-child" xlink:from="loc_us-gaap_AccountingPoliciesAbstract_0" xlink:to="loc_us-gaap_SignificantAccountingPoliciesTextBlock_1" order="0" use="optional" preferredLabel="http://www.xbrl.org/2003/role/verboseLabel"/>
</presentationLink>
<presentationLink xlink:type="extended" xlink:role="http://www.newtonlanemarket.com/role/NewAccountingPronouncements">
<loc xlink:type="locator" xlink:href="http://xbrl.fasb.org/us-gaap/2012/elts/us-gaap-2012-01-31.xsd#us-gaap_AccountingChangesAndErrorCorrectionsAbstract" xlink:label="loc_us-gaap_AccountingChangesAndErrorCorrectionsAbstract_0"/>
<loc xlink:type="locator" xlink:href="http://xbrl.fasb.org/us-gaap/2012/elts/us-gaap-2012-01-31.xsd#us-gaap_NewAccountingPronouncementsAndChangesInAccountingPrinciplesTextBlock" xlink:label="loc_us-gaap_NewAccountingPronouncementsAndChangesInAccountingPrinciplesTextBlock_1"/>
<presentationArc xlink:type="arc" xlink:arcrole="http://www.xbrl.org/2003/arcrole/parent-child" xlink:from="loc_us-gaap_AccountingChangesAndErrorCorrectionsAbstract_0" xlink:to="loc_us-gaap_NewAccountingPronouncementsAndChangesInAccountingPrinciplesTextBlock_1" order="0" use="optional" preferredLabel="http://www.xbrl.org/2003/role/verboseLabel"/>
</presentationLink>
<presentationLink xlink:type="extended" xlink:role="http://www.newtonlanemarket.com/role/CommitmentsAndContingencies">
<loc xlink:type="locator" xlink:href="http://xbrl.fasb.org/us-gaap/2012/elts/us-gaap-2012-01-31.xsd#us-gaap_CommitmentsAndContingenciesDisclosureAbstract" xlink:label="loc_us-gaap_CommitmentsAndContingenciesDisclosureAbstract_0"/>
<loc xlink:type="locator" xlink:href="http://xbrl.fasb.org/us-gaap/2012/elts/us-gaap-2012-01-31.xsd#us-gaap_CommitmentsAndContingenciesDisclosureTextBlock" xlink:label="loc_us-gaap_CommitmentsAndContingenciesDisclosureTextBlock_1"/>
<presentationArc xlink:type="arc" xlink:arcrole="http://www.xbrl.org/2003/arcrole/parent-child" xlink:from="loc_us-gaap_CommitmentsAndContingenciesDisclosureAbstract_0" xlink:to="loc_us-gaap_CommitmentsAndContingenciesDisclosureTextBlock_1" order="0" use="optional" preferredLabel="http://www.xbrl.org/2003/role/verboseLabel"/>
</presentationLink>
<presentationLink xlink:type="extended" xlink:role="http://www.newtonlanemarket.com/role/SubsequentEvents">
<loc xlink:type="locator" xlink:href="http://xbrl.fasb.org/us-gaap/2012/elts/us-gaap-2012-01-31.xsd#us-gaap_SubsequentEventsAbstract" xlink:label="loc_us-gaap_SubsequentEventsAbstract_0"/>
<loc xlink:type="locator" xlink:href="http://xbrl.fasb.org/us-gaap/2012/elts/us-gaap-2012-01-31.xsd#us-gaap_SubsequentEventsTextBlock" xlink:label="loc_us-gaap_SubsequentEventsTextBlock_1"/>
<presentationArc xlink:type="arc" xlink:arcrole="http://www.xbrl.org/2003/arcrole/parent-child" xlink:from="loc_us-gaap_SubsequentEventsAbstract_0" xlink:to="loc_us-gaap_SubsequentEventsTextBlock_1" order="0" use="optional" preferredLabel="http://www.xbrl.org/2003/role/verboseLabel"/>
</presentationLink>
<presentationLink xlink:type="extended" xlink:role="http://www.newtonlanemarket.com/role/SummaryOfSignificantAccountingPoliciesPolicies">
<loc xlink:type="locator" xlink:href="http://xbrl.fasb.org/us-gaap/2012/elts/us-gaap-2012-01-31.xsd#us-gaap_AccountingPoliciesAbstract" xlink:label="loc_us-gaap_AccountingPoliciesAbstract_0"/>
<loc xlink:type="locator" xlink:href="http://xbrl.fasb.org/us-gaap/2012/elts/us-gaap-2012-01-31.xsd#us-gaap_UseOfEstimates" xlink:label="loc_us-gaap_UseOfEstimates_1"/>
<presentationArc xlink:type="arc" xlink:arcrole="http://www.xbrl.org/2003/arcrole/parent-child" xlink:from="loc_us-gaap_AccountingPoliciesAbstract_0" xlink:to="loc_us-gaap_UseOfEstimates_1" order="0" use="optional" preferredLabel="http://www.xbrl.org/2003/role/verboseLabel"/>
<loc xlink:type="locator" xlink:href="http://xbrl.fasb.org/us-gaap/2012/elts/us-gaap-2012-01-31.xsd#us-gaap_FairValueOfFinancialInstrumentsPolicy" xlink:label="loc_us-gaap_FairValueOfFinancialInstrumentsPolicy_2"/>
<presentationArc xlink:type="arc" xlink:arcrole="http://www.xbrl.org/2003/arcrole/parent-child" xlink:from="loc_us-gaap_AccountingPoliciesAbstract_0" xlink:to="loc_us-gaap_FairValueOfFinancialInstrumentsPolicy_2" order="10" use="optional" preferredLabel="http://www.xbrl.org/2003/role/verboseLabel"/>
<loc xlink:type="locator" xlink:href="ntwn-20121231.xsd#ntwn_StatementsOfCashFlowsPolicyTextBlock" xlink:label="loc_ntwn_StatementsOfCashFlowsPolicyTextBlock_3"/>
<presentationArc xlink:type="arc" xlink:arcrole="http://www.xbrl.org/2003/arcrole/parent-child" xlink:from="loc_us-gaap_AccountingPoliciesAbstract_0" xlink:to="loc_ntwn_StatementsOfCashFlowsPolicyTextBlock_3" order="20" use="optional" preferredLabel="http://www.xbrl.org/2003/role/verboseLabel"/>
</presentationLink>
<presentationLink xlink:type="extended" xlink:role="http://www.newtonlanemarket.com/role/DescriptionOfCompanyDetailsTextual">
<loc xlink:type="locator" xlink:href="http://xbrl.fasb.org/us-gaap/2012/elts/us-gaap-2012-01-31.xsd#us-gaap_OrganizationConsolidationAndPresentationOfFinancialStatementsAbstract" xlink:label="loc_us-gaap_OrganizationConsolidationAndPresentationOfFinancialStatementsAbstract_0"/>
<loc xlink:type="locator" xlink:href="http://xbrl.fasb.org/us-gaap/2012/elts/us-gaap-2012-01-31.xsd#us-gaap_StatementTable" xlink:label="loc_us-gaap_StatementTable_1"/>
<presentationArc xlink:type="arc" xlink:arcrole="http://www.xbrl.org/2003/arcrole/parent-child" xlink:from="loc_us-gaap_OrganizationConsolidationAndPresentationOfFinancialStatementsAbstract_0" xlink:to="loc_us-gaap_StatementTable_1" order="0" use="optional" preferredLabel="http://www.xbrl.org/2003/role/verboseLabel"/>
<loc xlink:type="locator" xlink:href="http://xbrl.fasb.org/us-gaap/2012/elts/us-gaap-2012-01-31.xsd#us-gaap_StatementClassOfStockAxis" xlink:label="loc_us-gaap_StatementClassOfStockAxis_2"/>
<presentationArc xlink:type="arc" xlink:arcrole="http://www.xbrl.org/2003/arcrole/parent-child" xlink:from="loc_us-gaap_StatementTable_1" xlink:to="loc_us-gaap_StatementClassOfStockAxis_2" order="0" use="optional" preferredLabel="http://www.xbrl.org/2003/role/verboseLabel"/>
<loc xlink:type="locator" xlink:href="http://xbrl.fasb.org/us-gaap/2012/elts/us-gaap-2012-01-31.xsd#us-gaap_ClassOfStockDomain" xlink:label="loc_us-gaap_ClassOfStockDomain_3"/>
<presentationArc xlink:type="arc" xlink:arcrole="http://www.xbrl.org/2003/arcrole/parent-child" xlink:from="loc_us-gaap_StatementClassOfStockAxis_2" xlink:to="loc_us-gaap_ClassOfStockDomain_3" order="0" use="optional" preferredLabel="http://www.xbrl.org/2003/role/verboseLabel"/>
<loc xlink:type="locator" xlink:href="http://xbrl.fasb.org/us-gaap/2012/elts/us-gaap-2012-01-31.xsd#us-gaap_SeriesAPreferredStockMember" xlink:label="loc_us-gaap_SeriesAPreferredStockMember_4"/>
<presentationArc xlink:type="arc" xlink:arcrole="http://www.xbrl.org/2003/arcrole/parent-child" xlink:from="loc_us-gaap_ClassOfStockDomain_3" xlink:to="loc_us-gaap_SeriesAPreferredStockMember_4" order="0" use="optional" preferredLabel="http://www.xbrl.org/2003/role/label"/>
<loc xlink:type="locator" xlink:href="http://xbrl.fasb.org/us-gaap/2012/elts/us-gaap-2012-01-31.xsd#us-gaap_StatementEquityComponentsAxis" xlink:label="loc_us-gaap_StatementEquityComponentsAxis_5"/>
<presentationArc xlink:type="arc" xlink:arcrole="http://www.xbrl.org/2003/arcrole/parent-child" xlink:from="loc_us-gaap_StatementTable_1" xlink:to="loc_us-gaap_StatementEquityComponentsAxis_5" order="10" use="optional" preferredLabel="http://www.xbrl.org/2003/role/verboseLabel"/>
<loc xlink:type="locator" xlink:href="http://xbrl.fasb.org/us-gaap/2012/elts/us-gaap-2012-01-31.xsd#us-gaap_EquityComponentDomain" xlink:label="loc_us-gaap_EquityComponentDomain_6"/>
<presentationArc xlink:type="arc" xlink:arcrole="http://www.xbrl.org/2003/arcrole/parent-child" xlink:from="loc_us-gaap_StatementEquityComponentsAxis_5" xlink:to="loc_us-gaap_EquityComponentDomain_6" order="0" use="optional" preferredLabel="http://www.xbrl.org/2003/role/verboseLabel"/>
<loc xlink:type="locator" xlink:href="http://xbrl.fasb.org/us-gaap/2012/elts/us-gaap-2012-01-31.xsd#us-gaap_CommonStockMember" xlink:label="loc_us-gaap_CommonStockMember_7"/>
<presentationArc xlink:type="arc" xlink:arcrole="http://www.xbrl.org/2003/arcrole/parent-child" xlink:from="loc_us-gaap_EquityComponentDomain_6" xlink:to="loc_us-gaap_CommonStockMember_7" order="0" use="optional" preferredLabel="http://www.xbrl.org/2003/role/label"/>
<loc xlink:type="locator" xlink:href="http://xbrl.fasb.org/us-gaap/2012/elts/us-gaap-2012-01-31.xsd#us-gaap_StatementLineItems" xlink:label="loc_us-gaap_StatementLineItems_8"/>
<presentationArc xlink:type="arc" xlink:arcrole="http://www.xbrl.org/2003/arcrole/parent-child" xlink:from="loc_us-gaap_StatementTable_1" xlink:to="loc_us-gaap_StatementLineItems_8" order="20" use="optional" preferredLabel="http://www.xbrl.org/2003/role/verboseLabel"/>
<loc xlink:type="locator" xlink:href="ntwn-20121231.xsd#ntwn_EquityTransactionsAbstract" xlink:label="loc_ntwn_EquityTransactionsAbstract_9"/>
<presentationArc xlink:type="arc" xlink:arcrole="http://www.xbrl.org/2003/arcrole/parent-child" xlink:from="loc_us-gaap_StatementLineItems_8" xlink:to="loc_ntwn_EquityTransactionsAbstract_9" order="0" use="optional" preferredLabel="http://www.xbrl.org/2003/role/verboseLabel"/>
<loc xlink:type="locator" xlink:href="ntwn-20121231.xsd#ntwn_StockPurchaseAgreementDate" xlink:label="loc_ntwn_StockPurchaseAgreementDate_10"/>
<presentationArc xlink:type="arc" xlink:arcrole="http://www.xbrl.org/2003/arcrole/parent-child" xlink:from="loc_ntwn_EquityTransactionsAbstract_9" xlink:to="loc_ntwn_StockPurchaseAgreementDate_10" order="0" use="optional" preferredLabel="http://www.xbrl.org/2003/role/verboseLabel"/>
<loc xlink:type="locator" xlink:href="http://xbrl.fasb.org/us-gaap/2012/elts/us-gaap-2012-01-31.xsd#us-gaap_StockIssuedDuringPeriodSharesNewIssues" xlink:label="loc_us-gaap_StockIssuedDuringPeriodSharesNewIssues_11"/>
<presentationArc xlink:type="arc" xlink:arcrole="http://www.xbrl.org/2003/arcrole/parent-child" xlink:from="loc_ntwn_EquityTransactionsAbstract_9" xlink:to="loc_us-gaap_StockIssuedDuringPeriodSharesNewIssues_11" order="10" use="optional" preferredLabel="http://www.xbrl.org/2003/role/verboseLabel"/>
<loc xlink:type="locator" xlink:href="ntwn-20121231.xsd#ntwn_StockIssuedDuringPeriodParValuePerShareNewIssues" xlink:label="loc_ntwn_StockIssuedDuringPeriodParValuePerShareNewIssues_12"/>
<presentationArc xlink:type="arc" xlink:arcrole="http://www.xbrl.org/2003/arcrole/parent-child" xlink:from="loc_ntwn_EquityTransactionsAbstract_9" xlink:to="loc_ntwn_StockIssuedDuringPeriodParValuePerShareNewIssues_12" order="20" use="optional" preferredLabel="http://www.xbrl.org/2003/role/verboseLabel"/>
<loc xlink:type="locator" xlink:href="http://xbrl.fasb.org/us-gaap/2012/elts/us-gaap-2012-01-31.xsd#us-gaap_ConvertiblePreferredStockSharesIssuedUponConversion" xlink:label="loc_us-gaap_ConvertiblePreferredStockSharesIssuedUponConversion_13"/>
<presentationArc xlink:type="arc" xlink:arcrole="http://www.xbrl.org/2003/arcrole/parent-child" xlink:from="loc_ntwn_EquityTransactionsAbstract_9" xlink:to="loc_us-gaap_ConvertiblePreferredStockSharesIssuedUponConversion_13" order="30" use="optional" preferredLabel="http://www.xbrl.org/2003/role/verboseLabel"/>
<loc xlink:type="locator" xlink:href="http://xbrl.fasb.org/us-gaap/2012/elts/us-gaap-2012-01-31.xsd#us-gaap_PreferredStockParOrStatedValuePerShare" xlink:label="loc_us-gaap_PreferredStockParOrStatedValuePerShare_14"/>
<presentationArc xlink:type="arc" xlink:arcrole="http://www.xbrl.org/2003/arcrole/parent-child" xlink:from="loc_ntwn_EquityTransactionsAbstract_9" xlink:to="loc_us-gaap_PreferredStockParOrStatedValuePerShare_14" order="40" use="optional" preferredLabel="http://www.xbrl.org/2003/role/verboseLabel"/>
<loc xlink:type="locator" xlink:href="http://xbrl.fasb.org/us-gaap/2012/elts/us-gaap-2012-01-31.xsd#us-gaap_StockIssuedDuringPeriodValueConversionOfConvertibleSecurities" xlink:label="loc_us-gaap_StockIssuedDuringPeriodValueConversionOfConvertibleSecurities_15"/>
<presentationArc xlink:type="arc" xlink:arcrole="http://www.xbrl.org/2003/arcrole/parent-child" xlink:from="loc_ntwn_EquityTransactionsAbstract_9" xlink:to="loc_us-gaap_StockIssuedDuringPeriodValueConversionOfConvertibleSecurities_15" order="50" use="optional" preferredLabel="http://www.xbrl.org/2003/role/verboseLabel"/>
<loc xlink:type="locator" xlink:href="http://xbrl.fasb.org/us-gaap/2012/elts/us-gaap-2012-01-31.xsd#us-gaap_StockIssuedDuringPeriodSharesConversionOfConvertibleSecurities" xlink:label="loc_us-gaap_StockIssuedDuringPeriodSharesConversionOfConvertibleSecurities_16"/>
<presentationArc xlink:type="arc" xlink:arcrole="http://www.xbrl.org/2003/arcrole/parent-child" xlink:from="loc_ntwn_EquityTransactionsAbstract_9" xlink:to="loc_us-gaap_StockIssuedDuringPeriodSharesConversionOfConvertibleSecurities_16" order="60" use="optional" preferredLabel="http://www.xbrl.org/2003/role/verboseLabel"/>
<loc xlink:type="locator" xlink:href="http://xbrl.fasb.org/us-gaap/2012/elts/us-gaap-2012-01-31.xsd#us-gaap_CommonStockSharesIssued" xlink:label="loc_us-gaap_CommonStockSharesIssued_17"/>
<presentationArc xlink:type="arc" xlink:arcrole="http://www.xbrl.org/2003/arcrole/parent-child" xlink:from="loc_ntwn_EquityTransactionsAbstract_9" xlink:to="loc_us-gaap_CommonStockSharesIssued_17" order="70" use="optional" preferredLabel="http://www.xbrl.org/2003/role/verboseLabel"/>
<loc xlink:type="locator" xlink:href="ntwn-20121231.xsd#ntwn_CommonStockSharesIssuedPercentage" xlink:label="loc_ntwn_CommonStockSharesIssuedPercentage_18"/>
<presentationArc xlink:type="arc" xlink:arcrole="http://www.xbrl.org/2003/arcrole/parent-child" xlink:from="loc_ntwn_EquityTransactionsAbstract_9" xlink:to="loc_ntwn_CommonStockSharesIssuedPercentage_18" order="80" use="optional" preferredLabel="http://www.xbrl.org/2003/role/verboseLabel"/>
<loc xlink:type="locator" xlink:href="http://xbrl.fasb.org/us-gaap/2012/elts/us-gaap-2012-01-31.xsd#us-gaap_ConvertibleNotesPayable" xlink:label="loc_us-gaap_ConvertibleNotesPayable_19"/>
<presentationArc xlink:type="arc" xlink:arcrole="http://www.xbrl.org/2003/arcrole/parent-child" xlink:from="loc_ntwn_EquityTransactionsAbstract_9" xlink:to="loc_us-gaap_ConvertibleNotesPayable_19" order="90" use="optional" preferredLabel="http://www.xbrl.org/2003/role/verboseLabel"/>
<loc xlink:type="locator" xlink:href="ntwn-20121231.xsd#ntwn_ConvertibleNotesPayablePrincipalAndAccruedInterestAmount" xlink:label="loc_ntwn_ConvertibleNotesPayablePrincipalAndAccruedInterestAmount_20"/>
<presentationArc xlink:type="arc" xlink:arcrole="http://www.xbrl.org/2003/arcrole/parent-child" xlink:from="loc_ntwn_EquityTransactionsAbstract_9" xlink:to="loc_ntwn_ConvertibleNotesPayablePrincipalAndAccruedInterestAmount_20" order="100" use="optional" preferredLabel="http://www.xbrl.org/2003/role/verboseLabel"/>
<loc xlink:type="locator" xlink:href="http://xbrl.fasb.org/us-gaap/2012/elts/us-gaap-2012-01-31.xsd#us-gaap_RepaymentsOfNotesPayable" xlink:label="loc_us-gaap_RepaymentsOfNotesPayable_21"/>
<presentationArc xlink:type="arc" xlink:arcrole="http://www.xbrl.org/2003/arcrole/parent-child" xlink:from="loc_ntwn_EquityTransactionsAbstract_9" xlink:to="loc_us-gaap_RepaymentsOfNotesPayable_21" order="110" use="optional" preferredLabel="http://www.xbrl.org/2003/role/verboseLabel"/>
<loc xlink:type="locator" xlink:href="http://xbrl.fasb.org/us-gaap/2012/elts/us-gaap-2012-01-31.xsd#us-gaap_CommonStockSharesAuthorized" xlink:label="loc_us-gaap_CommonStockSharesAuthorized_22"/>
<presentationArc xlink:type="arc" xlink:arcrole="http://www.xbrl.org/2003/arcrole/parent-child" xlink:from="loc_ntwn_EquityTransactionsAbstract_9" xlink:to="loc_us-gaap_CommonStockSharesAuthorized_22" order="120" use="optional" preferredLabel="http://www.xbrl.org/2003/role/verboseLabel"/>
<loc xlink:type="locator" xlink:href="http://xbrl.fasb.org/us-gaap/2012/elts/us-gaap-2012-01-31.xsd#us-gaap_PreferredStockSharesOutstanding" xlink:label="loc_us-gaap_PreferredStockSharesOutstanding_23"/>
<presentationArc xlink:type="arc" xlink:arcrole="http://www.xbrl.org/2003/arcrole/parent-child" xlink:from="loc_ntwn_EquityTransactionsAbstract_9" xlink:to="loc_us-gaap_PreferredStockSharesOutstanding_23" order="130" use="optional" preferredLabel="http://www.xbrl.org/2003/role/verboseLabel"/>
<loc xlink:type="locator" xlink:href="http://xbrl.fasb.org/us-gaap/2012/elts/us-gaap-2012-01-31.xsd#us-gaap_PreferredStockShareSubscriptions" xlink:label="loc_us-gaap_PreferredStockShareSubscriptions_24"/>
<presentationArc xlink:type="arc" xlink:arcrole="http://www.xbrl.org/2003/arcrole/parent-child" xlink:from="loc_ntwn_EquityTransactionsAbstract_9" xlink:to="loc_us-gaap_PreferredStockShareSubscriptions_24" order="140" use="optional" preferredLabel="http://www.xbrl.org/2003/role/verboseLabel"/>
<loc xlink:type="locator" xlink:href="http://xbrl.fasb.org/us-gaap/2012/elts/us-gaap-2012-01-31.xsd#us-gaap_StockholdersEquityReverseStockSplit" xlink:label="loc_us-gaap_StockholdersEquityReverseStockSplit_25"/>
<presentationArc xlink:type="arc" xlink:arcrole="http://www.xbrl.org/2003/arcrole/parent-child" xlink:from="loc_ntwn_EquityTransactionsAbstract_9" xlink:to="loc_us-gaap_StockholdersEquityReverseStockSplit_25" order="150" use="optional" preferredLabel="http://www.xbrl.org/2003/role/verboseLabel"/>
<loc xlink:type="locator" xlink:href="http://xbrl.fasb.org/us-gaap/2012/elts/us-gaap-2012-01-31.xsd#us-gaap_StockIssuedDuringPeriodSharesRestrictedStockAwardNetOfForfeitures" xlink:label="loc_us-gaap_StockIssuedDuringPeriodSharesRestrictedStockAwardNetOfForfeitures_26"/>
<presentationArc xlink:type="arc" xlink:arcrole="http://www.xbrl.org/2003/arcrole/parent-child" xlink:from="loc_ntwn_EquityTransactionsAbstract_9" xlink:to="loc_us-gaap_StockIssuedDuringPeriodSharesRestrictedStockAwardNetOfForfeitures_26" order="160" use="optional" preferredLabel="http://www.xbrl.org/2003/role/verboseLabel"/>
<loc xlink:type="locator" xlink:href="http://xbrl.fasb.org/us-gaap/2012/elts/us-gaap-2012-01-31.xsd#us-gaap_StockIssuedDuringPeriodValueRestrictedStockAwardNetOfForfeitures" xlink:label="loc_us-gaap_StockIssuedDuringPeriodValueRestrictedStockAwardNetOfForfeitures_27"/>
<presentationArc xlink:type="arc" xlink:arcrole="http://www.xbrl.org/2003/arcrole/parent-child" xlink:from="loc_ntwn_EquityTransactionsAbstract_9" xlink:to="loc_us-gaap_StockIssuedDuringPeriodValueRestrictedStockAwardNetOfForfeitures_27" order="170" use="optional" preferredLabel="http://www.xbrl.org/2003/role/verboseLabel"/>
<loc xlink:type="locator" xlink:href="http://xbrl.fasb.org/us-gaap/2012/elts/us-gaap-2012-01-31.xsd#us-gaap_PreferredStockSharesAuthorized" xlink:label="loc_us-gaap_PreferredStockSharesAuthorized_28"/>
<presentationArc xlink:type="arc" xlink:arcrole="http://www.xbrl.org/2003/arcrole/parent-child" xlink:from="loc_ntwn_EquityTransactionsAbstract_9" xlink:to="loc_us-gaap_PreferredStockSharesAuthorized_28" order="180" use="optional" preferredLabel="http://www.xbrl.org/2003/role/verboseLabel"/>
<loc xlink:type="locator" xlink:href="http://xbrl.fasb.org/us-gaap/2012/elts/us-gaap-2012-01-31.xsd#us-gaap_CommonStockSharesOutstanding" xlink:label="loc_us-gaap_CommonStockSharesOutstanding_29"/>
<presentationArc xlink:type="arc" xlink:arcrole="http://www.xbrl.org/2003/arcrole/parent-child" xlink:from="loc_ntwn_EquityTransactionsAbstract_9" xlink:to="loc_us-gaap_CommonStockSharesOutstanding_29" order="190" use="optional" preferredLabel="http://www.xbrl.org/2003/role/verboseLabel"/>
<loc xlink:type="locator" xlink:href="http://xbrl.fasb.org/us-gaap/2012/elts/us-gaap-2012-01-31.xsd#us-gaap_AdditionalPaidInCapitalCommonStock" xlink:label="loc_us-gaap_AdditionalPaidInCapitalCommonStock_30"/>
<presentationArc xlink:type="arc" xlink:arcrole="http://www.xbrl.org/2003/arcrole/parent-child" xlink:from="loc_ntwn_EquityTransactionsAbstract_9" xlink:to="loc_us-gaap_AdditionalPaidInCapitalCommonStock_30" order="200" use="optional" preferredLabel="http://www.xbrl.org/2003/role/verboseLabel"/>
<loc xlink:type="locator" xlink:href="http://xbrl.fasb.org/us-gaap/2012/elts/us-gaap-2012-01-31.xsd#us-gaap_AdjustmentsToAdditionalPaidInCapitalOther" xlink:label="loc_us-gaap_AdjustmentsToAdditionalPaidInCapitalOther_31"/>
<presentationArc xlink:type="arc" xlink:arcrole="http://www.xbrl.org/2003/arcrole/parent-child" xlink:from="loc_ntwn_EquityTransactionsAbstract_9" xlink:to="loc_us-gaap_AdjustmentsToAdditionalPaidInCapitalOther_31" order="210" use="optional" preferredLabel="http://www.xbrl.org/2003/role/verboseLabel"/>
<loc xlink:type="locator" xlink:href="ntwn-20121231.xsd#ntwn_SeriesPreferredEliminationDate" xlink:label="loc_ntwn_SeriesPreferredEliminationDate_32"/>
<presentationArc xlink:type="arc" xlink:arcrole="http://www.xbrl.org/2003/arcrole/parent-child" xlink:from="loc_ntwn_EquityTransactionsAbstract_9" xlink:to="loc_ntwn_SeriesPreferredEliminationDate_32" order="220" use="optional" preferredLabel="http://www.xbrl.org/2003/role/verboseLabel"/>
<loc xlink:type="locator" xlink:href="ntwn-20121231.xsd#ntwn_ReverseSplitEffectiveDate" xlink:label="loc_ntwn_ReverseSplitEffectiveDate_33"/>
<presentationArc xlink:type="arc" xlink:arcrole="http://www.xbrl.org/2003/arcrole/parent-child" xlink:from="loc_ntwn_EquityTransactionsAbstract_9" xlink:to="loc_ntwn_ReverseSplitEffectiveDate_33" order="230" use="optional" preferredLabel="http://www.xbrl.org/2003/role/verboseLabel"/>
</presentationLink>
<presentationLink xlink:type="extended" xlink:role="http://www.newtonlanemarket.com/role/CommitmentsAndContingenciesDetailsTextual">
<loc xlink:type="locator" xlink:href="http://xbrl.fasb.org/us-gaap/2012/elts/us-gaap-2012-01-31.xsd#us-gaap_CommitmentsAndContingenciesDisclosureAbstract" xlink:label="loc_us-gaap_CommitmentsAndContingenciesDisclosureAbstract_0"/>
<loc xlink:type="locator" xlink:href="http://xbrl.fasb.org/us-gaap/2012/elts/us-gaap-2012-01-31.xsd#us-gaap_StatementTable" xlink:label="loc_us-gaap_StatementTable_1"/>
<presentationArc xlink:type="arc" xlink:arcrole="http://www.xbrl.org/2003/arcrole/parent-child" xlink:from="loc_us-gaap_CommitmentsAndContingenciesDisclosureAbstract_0" xlink:to="loc_us-gaap_StatementTable_1" order="0" use="optional" preferredLabel="http://www.xbrl.org/2003/role/verboseLabel"/>
<loc xlink:type="locator" xlink:href="ntwn-20121231.xsd#ntwn_ContractualObligationAxis" xlink:label="loc_ntwn_ContractualObligationAxis_2"/>
<presentationArc xlink:type="arc" xlink:arcrole="http://www.xbrl.org/2003/arcrole/parent-child" xlink:from="loc_us-gaap_StatementTable_1" xlink:to="loc_ntwn_ContractualObligationAxis_2" order="0" use="optional" preferredLabel="http://www.xbrl.org/2003/role/verboseLabel"/>
<loc xlink:type="locator" xlink:href="ntwn-20121231.xsd#ntwn_ContractualObligationDomain" xlink:label="loc_ntwn_ContractualObligationDomain_3"/>
<presentationArc xlink:type="arc" xlink:arcrole="http://www.xbrl.org/2003/arcrole/parent-child" xlink:from="loc_ntwn_ContractualObligationAxis_2" xlink:to="loc_ntwn_ContractualObligationDomain_3" order="0" use="optional" preferredLabel="http://www.xbrl.org/2003/role/verboseLabel"/>
<loc xlink:type="locator" xlink:href="ntwn-20121231.xsd#ntwn_KirkMWarshawLlcMember" xlink:label="loc_ntwn_KirkMWarshawLlcMember_4"/>
<presentationArc xlink:type="arc" xlink:arcrole="http://www.xbrl.org/2003/arcrole/parent-child" xlink:from="loc_ntwn_ContractualObligationDomain_3" xlink:to="loc_ntwn_KirkMWarshawLlcMember_4" order="0" use="optional" preferredLabel="http://www.xbrl.org/2003/role/verboseLabel"/>
<loc xlink:type="locator" xlink:href="http://xbrl.fasb.org/us-gaap/2012/elts/us-gaap-2012-01-31.xsd#us-gaap_StatementLineItems" xlink:label="loc_us-gaap_StatementLineItems_5"/>
<presentationArc xlink:type="arc" xlink:arcrole="http://www.xbrl.org/2003/arcrole/parent-child" xlink:from="loc_us-gaap_StatementTable_1" xlink:to="loc_us-gaap_StatementLineItems_5" order="10" use="optional" preferredLabel="http://www.xbrl.org/2003/role/verboseLabel"/>
<loc xlink:type="locator" xlink:href="ntwn-20121231.xsd#ntwn_ContractualObligationFrequencyOfPeriodicPayment" xlink:label="loc_ntwn_ContractualObligationFrequencyOfPeriodicPayment_6"/>
<presentationArc xlink:type="arc" xlink:arcrole="http://www.xbrl.org/2003/arcrole/parent-child" xlink:from="loc_us-gaap_StatementLineItems_5" xlink:to="loc_ntwn_ContractualObligationFrequencyOfPeriodicPayment_6" order="0" use="optional" preferredLabel="http://www.xbrl.org/2003/role/verboseLabel"/>
<loc xlink:type="locator" xlink:href="ntwn-20121231.xsd#ntwn_ContractualObligationPeriodicPayment" xlink:label="loc_ntwn_ContractualObligationPeriodicPayment_7"/>
<presentationArc xlink:type="arc" xlink:arcrole="http://www.xbrl.org/2003/arcrole/parent-child" xlink:from="loc_us-gaap_StatementLineItems_5" xlink:to="loc_ntwn_ContractualObligationPeriodicPayment_7" order="10" use="optional" preferredLabel="http://www.xbrl.org/2003/role/verboseLabel"/>
<loc xlink:type="locator" xlink:href="ntwn-20121231.xsd#ntwn_ContractualObligationEffectiveDate" xlink:label="loc_ntwn_ContractualObligationEffectiveDate_8"/>
<presentationArc xlink:type="arc" xlink:arcrole="http://www.xbrl.org/2003/arcrole/parent-child" xlink:from="loc_us-gaap_StatementLineItems_5" xlink:to="loc_ntwn_ContractualObligationEffectiveDate_8" order="20" use="optional" preferredLabel="http://www.xbrl.org/2003/role/verboseLabel"/>
</presentationLink>
</linkbase>
