<?xml version="1.0" encoding="UTF-8"?>
<!--XBRL Document Modified with Ez-Viewer Version 1.0.5.8 on Saturday, January 26, 2013 02:10:43 AM -->
<linkbase xmlns="http://www.xbrl.org/2003/linkbase" xmlns:xsi="http://www.w3.org/2001/XMLSchema-instance" xmlns:xlink="http://www.w3.org/1999/xlink" xsi:schemaLocation="http://www.xbrl.org/2003/linkbase http://www.xbrl.org/2003/xbrl-linkbase-2003-12-31.xsd" xmlns:xbrldt="http://xbrl.org/2005/xbrldt">
<arcroleRef arcroleURI="http://xbrl.org/int/dim/arcrole/all" xlink:type="simple" xlink:href="http://www.xbrl.org/2005/xbrldt-2005.xsd#all"/>
<arcroleRef arcroleURI="http://xbrl.org/int/dim/arcrole/dimension-default" xlink:type="simple" xlink:href="http://www.xbrl.org/2005/xbrldt-2005.xsd#dimension-default"/>
<arcroleRef arcroleURI="http://xbrl.org/int/dim/arcrole/dimension-domain" xlink:type="simple" xlink:href="http://www.xbrl.org/2005/xbrldt-2005.xsd#dimension-domain"/>
<arcroleRef arcroleURI="http://xbrl.org/int/dim/arcrole/domain-member" xlink:type="simple" xlink:href="http://www.xbrl.org/2005/xbrldt-2005.xsd#domain-member"/>
<arcroleRef arcroleURI="http://xbrl.org/int/dim/arcrole/hypercube-dimension" xlink:type="simple" xlink:href="http://www.xbrl.org/2005/xbrldt-2005.xsd#hypercube-dimension"/>
<arcroleRef arcroleURI="http://xbrl.org/int/dim/arcrole/notAll" xlink:type="simple" xlink:href="http://www.xbrl.org/2005/xbrldt-2005.xsd#notAll"/>
<roleRef xlink:type="simple" xlink:href="ntwn-20121231.xsd#DocumentDocumentandEntityInformation" roleURI="http://www.newtonlanemarket.com/role/DocumentDocumentandEntityInformation"/>
<roleRef xlink:type="simple" roleURI="http://www.newtonlanemarket.com/role/CONDENSEDBALANCESHEETS" xlink:href="ntwn-20121231.xsd#CONDENSEDBALANCESHEETS"/>
<roleRef xlink:type="simple" roleURI="http://www.newtonlanemarket.com/role/CONDENSEDBALANCESHEETSParenthetical" xlink:href="ntwn-20121231.xsd#CONDENSEDBALANCESHEETSParenthetical"/>
<roleRef xlink:type="simple" roleURI="http://www.newtonlanemarket.com/role/CONDENSEDSTATEMENTSOFOPERATIONS" xlink:href="ntwn-20121231.xsd#CONDENSEDSTATEMENTSOFOPERATIONS"/>
<roleRef xlink:type="simple" roleURI="http://www.newtonlanemarket.com/role/CONDENSEDSTATEMENTOFCHANGESINSTOCKHOLDERSEQUITYDEFICIT" xlink:href="ntwn-20121231.xsd#CONDENSEDSTATEMENTOFCHANGESINSTOCKHOLDERSEQUITYDEFICIT"/>
<roleRef xlink:type="simple" roleURI="http://www.newtonlanemarket.com/role/CONDENSEDSTATEMENTSOFCASHFLOWS" xlink:href="ntwn-20121231.xsd#CONDENSEDSTATEMENTSOFCASHFLOWS"/>
<roleRef xlink:type="simple" xlink:href="ntwn-20121231.xsd#DescriptionOfCompanyDetailsTextual" roleURI="http://www.newtonlanemarket.com/role/DescriptionOfCompanyDetailsTextual"/>
<roleRef xlink:type="simple" xlink:href="ntwn-20121231.xsd#CommitmentsAndContingenciesDetailsTextual" roleURI="http://www.newtonlanemarket.com/role/CommitmentsAndContingenciesDetailsTextual"/>
<definitionLink xlink:type="extended" xlink:role="http://www.newtonlanemarket.com/role/DocumentDocumentandEntityInformation">
<loc xlink:type="locator" xlink:href="http://xbrl.fasb.org/us-gaap/2012/elts/us-gaap-2012-01-31.xsd#us-gaap_StatementLineItems" xlink:label="loc_us-gaap_StatementLineItems_0"/>
<loc xlink:type="locator" xlink:href="http://xbrl.fasb.org/us-gaap/2012/elts/us-gaap-2012-01-31.xsd#us-gaap_StatementTable" xlink:label="loc_us-gaap_StatementTable_1"/>
<definitionArc xlink:type="arc" xlink:arcrole="http://xbrl.org/int/dim/arcrole/all" xlink:from="loc_us-gaap_StatementLineItems_0" xlink:to="loc_us-gaap_StatementTable_1" order="0" use="optional" xbrldt:contextElement="segment" xbrldt:closed="true"/>
<loc xlink:type="locator" xlink:href="http://xbrl.sec.gov/dei/2012/dei-2012-01-31.xsd#dei_EntityRegistrantName" xlink:label="loc_dei_EntityRegistrantName_2"/>
<definitionArc xlink:type="arc" xlink:arcrole="http://xbrl.org/int/dim/arcrole/domain-member" xlink:from="loc_us-gaap_StatementLineItems_0" xlink:to="loc_dei_EntityRegistrantName_2" order="10" use="optional"/>
<loc xlink:type="locator" xlink:href="http://xbrl.sec.gov/dei/2012/dei-2012-01-31.xsd#dei_EntityCentralIndexKey" xlink:label="loc_dei_EntityCentralIndexKey_3"/>
<definitionArc xlink:type="arc" xlink:arcrole="http://xbrl.org/int/dim/arcrole/domain-member" xlink:from="loc_us-gaap_StatementLineItems_0" xlink:to="loc_dei_EntityCentralIndexKey_3" order="20" use="optional"/>
<loc xlink:type="locator" xlink:href="http://xbrl.sec.gov/dei/2012/dei-2012-01-31.xsd#dei_CurrentFiscalYearEndDate" xlink:label="loc_dei_CurrentFiscalYearEndDate_4"/>
<definitionArc xlink:type="arc" xlink:arcrole="http://xbrl.org/int/dim/arcrole/domain-member" xlink:from="loc_us-gaap_StatementLineItems_0" xlink:to="loc_dei_CurrentFiscalYearEndDate_4" order="30" use="optional"/>
<loc xlink:type="locator" xlink:href="http://xbrl.sec.gov/dei/2012/dei-2012-01-31.xsd#dei_EntityFilerCategory" xlink:label="loc_dei_EntityFilerCategory_5"/>
<definitionArc xlink:type="arc" xlink:arcrole="http://xbrl.org/int/dim/arcrole/domain-member" xlink:from="loc_us-gaap_StatementLineItems_0" xlink:to="loc_dei_EntityFilerCategory_5" order="40" use="optional"/>
<loc xlink:type="locator" xlink:href="http://xbrl.sec.gov/dei/2012/dei-2012-01-31.xsd#dei_TradingSymbol" xlink:label="loc_dei_TradingSymbol_6"/>
<definitionArc xlink:type="arc" xlink:arcrole="http://xbrl.org/int/dim/arcrole/domain-member" xlink:from="loc_us-gaap_StatementLineItems_0" xlink:to="loc_dei_TradingSymbol_6" order="50" use="optional"/>
<loc xlink:type="locator" xlink:href="http://xbrl.sec.gov/dei/2012/dei-2012-01-31.xsd#dei_EntityCommonStockSharesOutstanding" xlink:label="loc_dei_EntityCommonStockSharesOutstanding_7"/>
<definitionArc xlink:type="arc" xlink:arcrole="http://xbrl.org/int/dim/arcrole/domain-member" xlink:from="loc_us-gaap_StatementLineItems_0" xlink:to="loc_dei_EntityCommonStockSharesOutstanding_7" order="60" use="optional"/>
<loc xlink:type="locator" xlink:href="http://xbrl.sec.gov/dei/2012/dei-2012-01-31.xsd#dei_DocumentType" xlink:label="loc_dei_DocumentType_8"/>
<definitionArc xlink:type="arc" xlink:arcrole="http://xbrl.org/int/dim/arcrole/domain-member" xlink:from="loc_us-gaap_StatementLineItems_0" xlink:to="loc_dei_DocumentType_8" order="70" use="optional"/>
<loc xlink:type="locator" xlink:href="http://xbrl.sec.gov/dei/2012/dei-2012-01-31.xsd#dei_AmendmentFlag" xlink:label="loc_dei_AmendmentFlag_9"/>
<definitionArc xlink:type="arc" xlink:arcrole="http://xbrl.org/int/dim/arcrole/domain-member" xlink:from="loc_us-gaap_StatementLineItems_0" xlink:to="loc_dei_AmendmentFlag_9" order="80" use="optional"/>
<loc xlink:type="locator" xlink:href="http://xbrl.sec.gov/dei/2012/dei-2012-01-31.xsd#dei_DocumentPeriodEndDate" xlink:label="loc_dei_DocumentPeriodEndDate_10"/>
<definitionArc xlink:type="arc" xlink:arcrole="http://xbrl.org/int/dim/arcrole/domain-member" xlink:from="loc_us-gaap_StatementLineItems_0" xlink:to="loc_dei_DocumentPeriodEndDate_10" order="90" use="optional"/>
<loc xlink:type="locator" xlink:href="http://xbrl.sec.gov/dei/2012/dei-2012-01-31.xsd#dei_DocumentFiscalPeriodFocus" xlink:label="loc_dei_DocumentFiscalPeriodFocus_11"/>
<definitionArc xlink:type="arc" xlink:arcrole="http://xbrl.org/int/dim/arcrole/domain-member" xlink:from="loc_us-gaap_StatementLineItems_0" xlink:to="loc_dei_DocumentFiscalPeriodFocus_11" order="100" use="optional"/>
<loc xlink:type="locator" xlink:href="http://xbrl.sec.gov/dei/2012/dei-2012-01-31.xsd#dei_DocumentFiscalYearFocus" xlink:label="loc_dei_DocumentFiscalYearFocus_12"/>
<definitionArc xlink:type="arc" xlink:arcrole="http://xbrl.org/int/dim/arcrole/domain-member" xlink:from="loc_us-gaap_StatementLineItems_0" xlink:to="loc_dei_DocumentFiscalYearFocus_12" order="110" use="optional"/>
</definitionLink>
<definitionLink xlink:type="extended" xlink:role="http://www.newtonlanemarket.com/role/CONDENSEDBALANCESHEETS">
<loc xlink:type="locator" xlink:href="http://xbrl.fasb.org/us-gaap/2012/elts/us-gaap-2012-01-31.xsd#us-gaap_StatementLineItems" xlink:label="loc_us-gaap_StatementLineItems_0"/>
<loc xlink:type="locator" xlink:href="http://xbrl.fasb.org/us-gaap/2012/elts/us-gaap-2012-01-31.xsd#us-gaap_StatementTable" xlink:label="loc_us-gaap_StatementTable_1"/>
<definitionArc xlink:type="arc" xlink:arcrole="http://xbrl.org/int/dim/arcrole/all" xlink:from="loc_us-gaap_StatementLineItems_0" xlink:to="loc_us-gaap_StatementTable_1" order="0" use="optional" xbrldt:contextElement="segment" xbrldt:closed="true"/>
<loc xlink:type="locator" xlink:href="http://xbrl.fasb.org/us-gaap/2012/elts/us-gaap-2012-01-31.xsd#us-gaap_AssetsAbstract" xlink:label="loc_us-gaap_AssetsAbstract_2"/>
<definitionArc xlink:type="arc" xlink:arcrole="http://xbrl.org/int/dim/arcrole/domain-member" xlink:from="loc_us-gaap_StatementLineItems_0" xlink:to="loc_us-gaap_AssetsAbstract_2" order="10" use="optional"/>
<loc xlink:type="locator" xlink:href="http://xbrl.fasb.org/us-gaap/2012/elts/us-gaap-2012-01-31.xsd#us-gaap_CashAndCashEquivalentsAtCarryingValue" xlink:label="loc_us-gaap_CashAndCashEquivalentsAtCarryingValue_3"/>
<definitionArc xlink:type="arc" xlink:arcrole="http://xbrl.org/int/dim/arcrole/domain-member" xlink:from="loc_us-gaap_AssetsAbstract_2" xlink:to="loc_us-gaap_CashAndCashEquivalentsAtCarryingValue_3" order="0" use="optional"/>
<loc xlink:type="locator" xlink:href="http://xbrl.fasb.org/us-gaap/2012/elts/us-gaap-2012-01-31.xsd#us-gaap_AssetsCurrent" xlink:label="loc_us-gaap_AssetsCurrent_4"/>
<definitionArc xlink:type="arc" xlink:arcrole="http://xbrl.org/int/dim/arcrole/domain-member" xlink:from="loc_us-gaap_AssetsAbstract_2" xlink:to="loc_us-gaap_AssetsCurrent_4" order="10" use="optional"/>
<loc xlink:type="locator" xlink:href="http://xbrl.fasb.org/us-gaap/2012/elts/us-gaap-2012-01-31.xsd#us-gaap_LiabilitiesAndStockholdersEquityAbstract" xlink:label="loc_us-gaap_LiabilitiesAndStockholdersEquityAbstract_5"/>
<definitionArc xlink:type="arc" xlink:arcrole="http://xbrl.org/int/dim/arcrole/domain-member" xlink:from="loc_us-gaap_StatementLineItems_0" xlink:to="loc_us-gaap_LiabilitiesAndStockholdersEquityAbstract_5" order="20" use="optional"/>
<loc xlink:type="locator" xlink:href="http://xbrl.fasb.org/us-gaap/2012/elts/us-gaap-2012-01-31.xsd#us-gaap_AccountsPayableAndAccruedLiabilitiesCurrent" xlink:label="loc_us-gaap_AccountsPayableAndAccruedLiabilitiesCurrent_6"/>
<definitionArc xlink:type="arc" xlink:arcrole="http://xbrl.org/int/dim/arcrole/domain-member" xlink:from="loc_us-gaap_LiabilitiesAndStockholdersEquityAbstract_5" xlink:to="loc_us-gaap_AccountsPayableAndAccruedLiabilitiesCurrent_6" order="0" use="optional"/>
<loc xlink:type="locator" xlink:href="http://xbrl.fasb.org/us-gaap/2012/elts/us-gaap-2012-01-31.xsd#us-gaap_LiabilitiesCurrent" xlink:label="loc_us-gaap_LiabilitiesCurrent_7"/>
<definitionArc xlink:type="arc" xlink:arcrole="http://xbrl.org/int/dim/arcrole/domain-member" xlink:from="loc_us-gaap_LiabilitiesAndStockholdersEquityAbstract_5" xlink:to="loc_us-gaap_LiabilitiesCurrent_7" order="10" use="optional"/>
<loc xlink:type="locator" xlink:href="http://xbrl.fasb.org/us-gaap/2012/elts/us-gaap-2012-01-31.xsd#us-gaap_StockholdersEquityAbstract" xlink:label="loc_us-gaap_StockholdersEquityAbstract_8"/>
<definitionArc xlink:type="arc" xlink:arcrole="http://xbrl.org/int/dim/arcrole/domain-member" xlink:from="loc_us-gaap_LiabilitiesAndStockholdersEquityAbstract_5" xlink:to="loc_us-gaap_StockholdersEquityAbstract_8" order="20" use="optional"/>
<loc xlink:type="locator" xlink:href="http://xbrl.fasb.org/us-gaap/2012/elts/us-gaap-2012-01-31.xsd#us-gaap_PreferredStockValue" xlink:label="loc_us-gaap_PreferredStockValue_9"/>
<definitionArc xlink:type="arc" xlink:arcrole="http://xbrl.org/int/dim/arcrole/domain-member" xlink:from="loc_us-gaap_StockholdersEquityAbstract_8" xlink:to="loc_us-gaap_PreferredStockValue_9" order="0" use="optional"/>
<loc xlink:type="locator" xlink:href="http://xbrl.fasb.org/us-gaap/2012/elts/us-gaap-2012-01-31.xsd#us-gaap_CommonStockValue" xlink:label="loc_us-gaap_CommonStockValue_10"/>
<definitionArc xlink:type="arc" xlink:arcrole="http://xbrl.org/int/dim/arcrole/domain-member" xlink:from="loc_us-gaap_StockholdersEquityAbstract_8" xlink:to="loc_us-gaap_CommonStockValue_10" order="10" use="optional"/>
<loc xlink:type="locator" xlink:href="http://xbrl.fasb.org/us-gaap/2012/elts/us-gaap-2012-01-31.xsd#us-gaap_AdditionalPaidInCapitalCommonStock" xlink:label="loc_us-gaap_AdditionalPaidInCapitalCommonStock_11"/>
<definitionArc xlink:type="arc" xlink:arcrole="http://xbrl.org/int/dim/arcrole/domain-member" xlink:from="loc_us-gaap_StockholdersEquityAbstract_8" xlink:to="loc_us-gaap_AdditionalPaidInCapitalCommonStock_11" order="20" use="optional"/>
<loc xlink:type="locator" xlink:href="http://xbrl.fasb.org/us-gaap/2012/elts/us-gaap-2012-01-31.xsd#us-gaap_RetainedEarningsAccumulatedDeficit" xlink:label="loc_us-gaap_RetainedEarningsAccumulatedDeficit_12"/>
<definitionArc xlink:type="arc" xlink:arcrole="http://xbrl.org/int/dim/arcrole/domain-member" xlink:from="loc_us-gaap_StockholdersEquityAbstract_8" xlink:to="loc_us-gaap_RetainedEarningsAccumulatedDeficit_12" order="30" use="optional"/>
<loc xlink:type="locator" xlink:href="http://xbrl.fasb.org/us-gaap/2012/elts/us-gaap-2012-01-31.xsd#us-gaap_StockholdersEquity" xlink:label="loc_us-gaap_StockholdersEquity_13"/>
<definitionArc xlink:type="arc" xlink:arcrole="http://xbrl.org/int/dim/arcrole/domain-member" xlink:from="loc_us-gaap_StockholdersEquityAbstract_8" xlink:to="loc_us-gaap_StockholdersEquity_13" order="40" use="optional"/>
<loc xlink:type="locator" xlink:href="http://xbrl.fasb.org/us-gaap/2012/elts/us-gaap-2012-01-31.xsd#us-gaap_LiabilitiesAndStockholdersEquity" xlink:label="loc_us-gaap_LiabilitiesAndStockholdersEquity_14"/>
<definitionArc xlink:type="arc" xlink:arcrole="http://xbrl.org/int/dim/arcrole/domain-member" xlink:from="loc_us-gaap_LiabilitiesAndStockholdersEquityAbstract_5" xlink:to="loc_us-gaap_LiabilitiesAndStockholdersEquity_14" order="30" use="optional"/>
</definitionLink>
<definitionLink xlink:type="extended" xlink:role="http://www.newtonlanemarket.com/role/CONDENSEDBALANCESHEETSParenthetical">
<loc xlink:type="locator" xlink:href="http://xbrl.fasb.org/us-gaap/2012/elts/us-gaap-2012-01-31.xsd#us-gaap_StatementLineItems" xlink:label="loc_us-gaap_StatementLineItems_0"/>
<loc xlink:type="locator" xlink:href="http://xbrl.fasb.org/us-gaap/2012/elts/us-gaap-2012-01-31.xsd#us-gaap_StatementTable" xlink:label="loc_us-gaap_StatementTable_1"/>
<definitionArc xlink:type="arc" xlink:arcrole="http://xbrl.org/int/dim/arcrole/all" xlink:from="loc_us-gaap_StatementLineItems_0" xlink:to="loc_us-gaap_StatementTable_1" order="0" use="optional" xbrldt:contextElement="segment" xbrldt:closed="true"/>
<loc xlink:type="locator" xlink:href="http://xbrl.fasb.org/us-gaap/2012/elts/us-gaap-2012-01-31.xsd#us-gaap_PreferredStockParOrStatedValuePerShare" xlink:label="loc_us-gaap_PreferredStockParOrStatedValuePerShare_2"/>
<definitionArc xlink:type="arc" xlink:arcrole="http://xbrl.org/int/dim/arcrole/domain-member" xlink:from="loc_us-gaap_StatementLineItems_0" xlink:to="loc_us-gaap_PreferredStockParOrStatedValuePerShare_2" order="10" use="optional"/>
<loc xlink:type="locator" xlink:href="http://xbrl.fasb.org/us-gaap/2012/elts/us-gaap-2012-01-31.xsd#us-gaap_PreferredStockSharesAuthorized" xlink:label="loc_us-gaap_PreferredStockSharesAuthorized_3"/>
<definitionArc xlink:type="arc" xlink:arcrole="http://xbrl.org/int/dim/arcrole/domain-member" xlink:from="loc_us-gaap_StatementLineItems_0" xlink:to="loc_us-gaap_PreferredStockSharesAuthorized_3" order="20" use="optional"/>
<loc xlink:type="locator" xlink:href="http://xbrl.fasb.org/us-gaap/2012/elts/us-gaap-2012-01-31.xsd#us-gaap_PreferredStockSharesIssued" xlink:label="loc_us-gaap_PreferredStockSharesIssued_4"/>
<definitionArc xlink:type="arc" xlink:arcrole="http://xbrl.org/int/dim/arcrole/domain-member" xlink:from="loc_us-gaap_StatementLineItems_0" xlink:to="loc_us-gaap_PreferredStockSharesIssued_4" order="30" use="optional"/>
<loc xlink:type="locator" xlink:href="http://xbrl.fasb.org/us-gaap/2012/elts/us-gaap-2012-01-31.xsd#us-gaap_PreferredStockSharesOutstanding" xlink:label="loc_us-gaap_PreferredStockSharesOutstanding_5"/>
<definitionArc xlink:type="arc" xlink:arcrole="http://xbrl.org/int/dim/arcrole/domain-member" xlink:from="loc_us-gaap_StatementLineItems_0" xlink:to="loc_us-gaap_PreferredStockSharesOutstanding_5" order="40" use="optional"/>
<loc xlink:type="locator" xlink:href="http://xbrl.fasb.org/us-gaap/2012/elts/us-gaap-2012-01-31.xsd#us-gaap_CommonStockParOrStatedValuePerShare" xlink:label="loc_us-gaap_CommonStockParOrStatedValuePerShare_6"/>
<definitionArc xlink:type="arc" xlink:arcrole="http://xbrl.org/int/dim/arcrole/domain-member" xlink:from="loc_us-gaap_StatementLineItems_0" xlink:to="loc_us-gaap_CommonStockParOrStatedValuePerShare_6" order="50" use="optional"/>
<loc xlink:type="locator" xlink:href="http://xbrl.fasb.org/us-gaap/2012/elts/us-gaap-2012-01-31.xsd#us-gaap_CommonStockSharesAuthorized" xlink:label="loc_us-gaap_CommonStockSharesAuthorized_7"/>
<definitionArc xlink:type="arc" xlink:arcrole="http://xbrl.org/int/dim/arcrole/domain-member" xlink:from="loc_us-gaap_StatementLineItems_0" xlink:to="loc_us-gaap_CommonStockSharesAuthorized_7" order="60" use="optional"/>
<loc xlink:type="locator" xlink:href="http://xbrl.fasb.org/us-gaap/2012/elts/us-gaap-2012-01-31.xsd#us-gaap_CommonStockSharesIssued" xlink:label="loc_us-gaap_CommonStockSharesIssued_8"/>
<definitionArc xlink:type="arc" xlink:arcrole="http://xbrl.org/int/dim/arcrole/domain-member" xlink:from="loc_us-gaap_StatementLineItems_0" xlink:to="loc_us-gaap_CommonStockSharesIssued_8" order="70" use="optional"/>
<loc xlink:type="locator" xlink:href="http://xbrl.fasb.org/us-gaap/2012/elts/us-gaap-2012-01-31.xsd#us-gaap_CommonStockSharesOutstanding" xlink:label="loc_us-gaap_CommonStockSharesOutstanding_9"/>
<definitionArc xlink:type="arc" xlink:arcrole="http://xbrl.org/int/dim/arcrole/domain-member" xlink:from="loc_us-gaap_StatementLineItems_0" xlink:to="loc_us-gaap_CommonStockSharesOutstanding_9" order="80" use="optional"/>
</definitionLink>
<definitionLink xlink:type="extended" xlink:role="http://www.newtonlanemarket.com/role/CONDENSEDSTATEMENTSOFOPERATIONS">
<loc xlink:type="locator" xlink:href="http://xbrl.fasb.org/us-gaap/2012/elts/us-gaap-2012-01-31.xsd#us-gaap_StatementLineItems" xlink:label="loc_us-gaap_StatementLineItems_0"/>
<loc xlink:type="locator" xlink:href="http://xbrl.fasb.org/us-gaap/2012/elts/us-gaap-2012-01-31.xsd#us-gaap_StatementTable" xlink:label="loc_us-gaap_StatementTable_1"/>
<definitionArc xlink:type="arc" xlink:arcrole="http://xbrl.org/int/dim/arcrole/all" xlink:from="loc_us-gaap_StatementLineItems_0" xlink:to="loc_us-gaap_StatementTable_1" order="0" use="optional" xbrldt:contextElement="segment" xbrldt:closed="true"/>
<loc xlink:type="locator" xlink:href="http://xbrl.fasb.org/us-gaap/2012/elts/us-gaap-2012-01-31.xsd#us-gaap_CostsAndExpensesAbstract" xlink:label="loc_us-gaap_CostsAndExpensesAbstract_2"/>
<definitionArc xlink:type="arc" xlink:arcrole="http://xbrl.org/int/dim/arcrole/domain-member" xlink:from="loc_us-gaap_StatementLineItems_0" xlink:to="loc_us-gaap_CostsAndExpensesAbstract_2" order="10" use="optional"/>
<loc xlink:type="locator" xlink:href="http://xbrl.fasb.org/us-gaap/2012/elts/us-gaap-2012-01-31.xsd#us-gaap_SellingGeneralAndAdministrativeExpense" xlink:label="loc_us-gaap_SellingGeneralAndAdministrativeExpense_3"/>
<definitionArc xlink:type="arc" xlink:arcrole="http://xbrl.org/int/dim/arcrole/domain-member" xlink:from="loc_us-gaap_CostsAndExpensesAbstract_2" xlink:to="loc_us-gaap_SellingGeneralAndAdministrativeExpense_3" order="0" use="optional"/>
<loc xlink:type="locator" xlink:href="http://xbrl.fasb.org/us-gaap/2012/elts/us-gaap-2012-01-31.xsd#us-gaap_InterestExpense" xlink:label="loc_us-gaap_InterestExpense_4"/>
<definitionArc xlink:type="arc" xlink:arcrole="http://xbrl.org/int/dim/arcrole/domain-member" xlink:from="loc_us-gaap_CostsAndExpensesAbstract_2" xlink:to="loc_us-gaap_InterestExpense_4" order="10" use="optional"/>
<loc xlink:type="locator" xlink:href="http://xbrl.fasb.org/us-gaap/2012/elts/us-gaap-2012-01-31.xsd#us-gaap_CostsAndExpenses" xlink:label="loc_us-gaap_CostsAndExpenses_5"/>
<definitionArc xlink:type="arc" xlink:arcrole="http://xbrl.org/int/dim/arcrole/domain-member" xlink:from="loc_us-gaap_CostsAndExpensesAbstract_2" xlink:to="loc_us-gaap_CostsAndExpenses_5" order="20" use="optional"/>
<loc xlink:type="locator" xlink:href="http://xbrl.fasb.org/us-gaap/2012/elts/us-gaap-2012-01-31.xsd#us-gaap_IncomeLossFromContinuingOperationsIncludingPortionAttributableToNoncontrollingInterest" xlink:label="loc_us-gaap_IncomeLossFromContinuingOperationsIncludingPortionAttributableToNoncontrollingInterest_6"/>
<definitionArc xlink:type="arc" xlink:arcrole="http://xbrl.org/int/dim/arcrole/domain-member" xlink:from="loc_us-gaap_StatementLineItems_0" xlink:to="loc_us-gaap_IncomeLossFromContinuingOperationsIncludingPortionAttributableToNoncontrollingInterest_6" order="20" use="optional"/>
<loc xlink:type="locator" xlink:href="http://xbrl.fasb.org/us-gaap/2012/elts/us-gaap-2012-01-31.xsd#us-gaap_IncomeLossFromDiscontinuedOperationsNetOfTax" xlink:label="loc_us-gaap_IncomeLossFromDiscontinuedOperationsNetOfTax_7"/>
<definitionArc xlink:type="arc" xlink:arcrole="http://xbrl.org/int/dim/arcrole/domain-member" xlink:from="loc_us-gaap_StatementLineItems_0" xlink:to="loc_us-gaap_IncomeLossFromDiscontinuedOperationsNetOfTax_7" order="30" use="optional"/>
<loc xlink:type="locator" xlink:href="http://xbrl.fasb.org/us-gaap/2012/elts/us-gaap-2012-01-31.xsd#us-gaap_NetIncomeLoss" xlink:label="loc_us-gaap_NetIncomeLoss_8"/>
<definitionArc xlink:type="arc" xlink:arcrole="http://xbrl.org/int/dim/arcrole/domain-member" xlink:from="loc_us-gaap_StatementLineItems_0" xlink:to="loc_us-gaap_NetIncomeLoss_8" order="40" use="optional"/>
<loc xlink:type="locator" xlink:href="http://xbrl.fasb.org/us-gaap/2012/elts/us-gaap-2012-01-31.xsd#us-gaap_EarningsPerShareBasicAndDiluted" xlink:label="loc_us-gaap_EarningsPerShareBasicAndDiluted_9"/>
<definitionArc xlink:type="arc" xlink:arcrole="http://xbrl.org/int/dim/arcrole/domain-member" xlink:from="loc_us-gaap_StatementLineItems_0" xlink:to="loc_us-gaap_EarningsPerShareBasicAndDiluted_9" order="50" use="optional"/>
<loc xlink:type="locator" xlink:href="http://xbrl.fasb.org/us-gaap/2012/elts/us-gaap-2012-01-31.xsd#us-gaap_WeightedAverageNumberOfShareOutstandingBasicAndDiluted" xlink:label="loc_us-gaap_WeightedAverageNumberOfShareOutstandingBasicAndDiluted_10"/>
<definitionArc xlink:type="arc" xlink:arcrole="http://xbrl.org/int/dim/arcrole/domain-member" xlink:from="loc_us-gaap_StatementLineItems_0" xlink:to="loc_us-gaap_WeightedAverageNumberOfShareOutstandingBasicAndDiluted_10" order="60" use="optional"/>
</definitionLink>
<definitionLink xlink:type="extended" xlink:role="http://www.newtonlanemarket.com/role/CONDENSEDSTATEMENTOFCHANGESINSTOCKHOLDERSEQUITYDEFICIT">
<loc xlink:type="locator" xlink:href="http://xbrl.fasb.org/us-gaap/2012/elts/us-gaap-2012-01-31.xsd#us-gaap_StatementLineItems" xlink:label="loc_us-gaap_StatementLineItems_0"/>
<loc xlink:type="locator" xlink:href="http://xbrl.fasb.org/us-gaap/2012/elts/us-gaap-2012-01-31.xsd#us-gaap_StatementTable" xlink:label="loc_us-gaap_StatementTable_1"/>
<definitionArc xlink:type="arc" xlink:arcrole="http://xbrl.org/int/dim/arcrole/all" xlink:from="loc_us-gaap_StatementLineItems_0" xlink:to="loc_us-gaap_StatementTable_1" order="0" use="optional" xbrldt:contextElement="segment" xbrldt:closed="true"/>
<loc xlink:type="locator" xlink:href="http://xbrl.fasb.org/us-gaap/2012/elts/us-gaap-2012-01-31.xsd#us-gaap_StatementEquityComponentsAxis" xlink:label="loc_us-gaap_StatementEquityComponentsAxis_2"/>
<definitionArc xlink:type="arc" xlink:arcrole="http://xbrl.org/int/dim/arcrole/hypercube-dimension" xlink:from="loc_us-gaap_StatementTable_1" xlink:to="loc_us-gaap_StatementEquityComponentsAxis_2" order="0" use="optional"/>
<loc xlink:type="locator" xlink:href="http://xbrl.fasb.org/us-gaap/2012/elts/us-gaap-2012-01-31.xsd#us-gaap_EquityComponentDomain" xlink:label="loc_us-gaap_EquityComponentDomain_7"/>
<definitionArc xlink:type="arc" xlink:arcrole="http://xbrl.org/int/dim/arcrole/dimension-domain" xlink:from="loc_us-gaap_StatementEquityComponentsAxis_2" xlink:to="loc_us-gaap_EquityComponentDomain_7" order="0" use="optional"/>
<loc xlink:type="locator" xlink:href="http://xbrl.fasb.org/us-gaap/2012/elts/us-gaap-2012-01-31.xsd#us-gaap_EquityComponentDomain" xlink:label="loc_us-gaap_EquityComponentDomain_7_Default"/>
<definitionArc xlink:type="arc" xlink:arcrole="http://xbrl.org/int/dim/arcrole/dimension-default" xlink:from="loc_us-gaap_StatementEquityComponentsAxis_2" xlink:to="loc_us-gaap_EquityComponentDomain_7_Default" order="0" use="optional"/>
<loc xlink:type="locator" xlink:href="http://xbrl.fasb.org/us-gaap/2012/elts/us-gaap-2012-01-31.xsd#us-gaap_AccumulatedDeficitDuringDevelopmentStageMember" xlink:label="loc_us-gaap_AccumulatedDeficitDuringDevelopmentStageMember_6"/>
<definitionArc xlink:type="arc" xlink:arcrole="http://xbrl.org/int/dim/arcrole/domain-member" xlink:from="loc_us-gaap_EquityComponentDomain_7" xlink:to="loc_us-gaap_AccumulatedDeficitDuringDevelopmentStageMember_6" order="0" use="optional"/>
<loc xlink:type="locator" xlink:href="http://xbrl.fasb.org/us-gaap/2012/elts/us-gaap-2012-01-31.xsd#us-gaap_AdditionalPaidInCapitalMember" xlink:label="loc_us-gaap_AdditionalPaidInCapitalMember_5"/>
<definitionArc xlink:type="arc" xlink:arcrole="http://xbrl.org/int/dim/arcrole/domain-member" xlink:from="loc_us-gaap_EquityComponentDomain_7" xlink:to="loc_us-gaap_AdditionalPaidInCapitalMember_5" order="10" use="optional"/>
<loc xlink:type="locator" xlink:href="http://xbrl.fasb.org/us-gaap/2012/elts/us-gaap-2012-01-31.xsd#us-gaap_CommonStockMember" xlink:label="loc_us-gaap_CommonStockMember_4"/>
<definitionArc xlink:type="arc" xlink:arcrole="http://xbrl.org/int/dim/arcrole/domain-member" xlink:from="loc_us-gaap_EquityComponentDomain_7" xlink:to="loc_us-gaap_CommonStockMember_4" order="20" use="optional"/>
<loc xlink:type="locator" xlink:href="http://xbrl.fasb.org/us-gaap/2012/elts/us-gaap-2012-01-31.xsd#us-gaap_PreferredStockMember" xlink:label="loc_us-gaap_PreferredStockMember_3"/>
<definitionArc xlink:type="arc" xlink:arcrole="http://xbrl.org/int/dim/arcrole/domain-member" xlink:from="loc_us-gaap_EquityComponentDomain_7" xlink:to="loc_us-gaap_PreferredStockMember_3" order="30" use="optional"/>
<loc xlink:type="locator" xlink:href="http://xbrl.fasb.org/us-gaap/2012/elts/us-gaap-2012-01-31.xsd#us-gaap_StockholdersEquity" xlink:label="loc_us-gaap_StockholdersEquity_8"/>
<definitionArc xlink:type="arc" xlink:arcrole="http://xbrl.org/int/dim/arcrole/domain-member" xlink:from="loc_us-gaap_StatementLineItems_0" xlink:to="loc_us-gaap_StockholdersEquity_8" order="10" use="optional"/>
<loc xlink:type="locator" xlink:href="http://xbrl.fasb.org/us-gaap/2012/elts/us-gaap-2012-01-31.xsd#us-gaap_SharesOutstanding" xlink:label="loc_us-gaap_SharesOutstanding_9"/>
<definitionArc xlink:type="arc" xlink:arcrole="http://xbrl.org/int/dim/arcrole/domain-member" xlink:from="loc_us-gaap_StatementLineItems_0" xlink:to="loc_us-gaap_SharesOutstanding_9" order="20" use="optional"/>
<loc xlink:type="locator" xlink:href="ntwn-20121231.xsd#ntwn_StockIssuedAtInceptionValueIssuedForFounders" xlink:label="loc_ntwn_StockIssuedAtInceptionValueIssuedForFounders_10"/>
<definitionArc xlink:type="arc" xlink:arcrole="http://xbrl.org/int/dim/arcrole/domain-member" xlink:from="loc_us-gaap_StatementLineItems_0" xlink:to="loc_ntwn_StockIssuedAtInceptionValueIssuedForFounders_10" order="30" use="optional"/>
<loc xlink:type="locator" xlink:href="ntwn-20121231.xsd#ntwn_StockIssuedAtInceptionSharesIssuedForFounders" xlink:label="loc_ntwn_StockIssuedAtInceptionSharesIssuedForFounders_11"/>
<definitionArc xlink:type="arc" xlink:arcrole="http://xbrl.org/int/dim/arcrole/domain-member" xlink:from="loc_us-gaap_StatementLineItems_0" xlink:to="loc_ntwn_StockIssuedAtInceptionSharesIssuedForFounders_11" order="40" use="optional"/>
<loc xlink:type="locator" xlink:href="http://xbrl.fasb.org/us-gaap/2012/elts/us-gaap-2012-01-31.xsd#us-gaap_StockIssuedDuringPeriodValueIssuedForServices" xlink:label="loc_us-gaap_StockIssuedDuringPeriodValueIssuedForServices_12"/>
<definitionArc xlink:type="arc" xlink:arcrole="http://xbrl.org/int/dim/arcrole/domain-member" xlink:from="loc_us-gaap_StatementLineItems_0" xlink:to="loc_us-gaap_StockIssuedDuringPeriodValueIssuedForServices_12" order="50" use="optional"/>
<loc xlink:type="locator" xlink:href="http://xbrl.fasb.org/us-gaap/2012/elts/us-gaap-2012-01-31.xsd#us-gaap_StockIssuedDuringPeriodSharesIssuedForServices" xlink:label="loc_us-gaap_StockIssuedDuringPeriodSharesIssuedForServices_13"/>
<definitionArc xlink:type="arc" xlink:arcrole="http://xbrl.org/int/dim/arcrole/domain-member" xlink:from="loc_us-gaap_StatementLineItems_0" xlink:to="loc_us-gaap_StockIssuedDuringPeriodSharesIssuedForServices_13" order="60" use="optional"/>
<loc xlink:type="locator" xlink:href="http://xbrl.fasb.org/us-gaap/2012/elts/us-gaap-2012-01-31.xsd#us-gaap_StockIssuedDuringPeriodValueNewIssues" xlink:label="loc_us-gaap_StockIssuedDuringPeriodValueNewIssues_14"/>
<definitionArc xlink:type="arc" xlink:arcrole="http://xbrl.org/int/dim/arcrole/domain-member" xlink:from="loc_us-gaap_StatementLineItems_0" xlink:to="loc_us-gaap_StockIssuedDuringPeriodValueNewIssues_14" order="70" use="optional"/>
<loc xlink:type="locator" xlink:href="http://xbrl.fasb.org/us-gaap/2012/elts/us-gaap-2012-01-31.xsd#us-gaap_StockIssuedDuringPeriodSharesNewIssues" xlink:label="loc_us-gaap_StockIssuedDuringPeriodSharesNewIssues_15"/>
<definitionArc xlink:type="arc" xlink:arcrole="http://xbrl.org/int/dim/arcrole/domain-member" xlink:from="loc_us-gaap_StatementLineItems_0" xlink:to="loc_us-gaap_StockIssuedDuringPeriodSharesNewIssues_15" order="80" use="optional"/>
<loc xlink:type="locator" xlink:href="http://xbrl.fasb.org/us-gaap/2012/elts/us-gaap-2012-01-31.xsd#us-gaap_StockIssuedDuringPeriodValueConversionOfConvertibleSecurities" xlink:label="loc_us-gaap_StockIssuedDuringPeriodValueConversionOfConvertibleSecurities_16"/>
<definitionArc xlink:type="arc" xlink:arcrole="http://xbrl.org/int/dim/arcrole/domain-member" xlink:from="loc_us-gaap_StatementLineItems_0" xlink:to="loc_us-gaap_StockIssuedDuringPeriodValueConversionOfConvertibleSecurities_16" order="90" use="optional"/>
<loc xlink:type="locator" xlink:href="http://xbrl.fasb.org/us-gaap/2012/elts/us-gaap-2012-01-31.xsd#us-gaap_StockIssuedDuringPeriodSharesConversionOfConvertibleSecurities" xlink:label="loc_us-gaap_StockIssuedDuringPeriodSharesConversionOfConvertibleSecurities_17"/>
<definitionArc xlink:type="arc" xlink:arcrole="http://xbrl.org/int/dim/arcrole/domain-member" xlink:from="loc_us-gaap_StatementLineItems_0" xlink:to="loc_us-gaap_StockIssuedDuringPeriodSharesConversionOfConvertibleSecurities_17" order="100" use="optional"/>
<loc xlink:type="locator" xlink:href="ntwn-20121231.xsd#ntwn_StockIssuedDuringPeriodValueForAccruedConsultingFees" xlink:label="loc_ntwn_StockIssuedDuringPeriodValueForAccruedConsultingFees_18"/>
<definitionArc xlink:type="arc" xlink:arcrole="http://xbrl.org/int/dim/arcrole/domain-member" xlink:from="loc_us-gaap_StatementLineItems_0" xlink:to="loc_ntwn_StockIssuedDuringPeriodValueForAccruedConsultingFees_18" order="110" use="optional"/>
<loc xlink:type="locator" xlink:href="ntwn-20121231.xsd#ntwn_StockIssuedDuringPeriodSharesForAccruedConsultingFees" xlink:label="loc_ntwn_StockIssuedDuringPeriodSharesForAccruedConsultingFees_19"/>
<definitionArc xlink:type="arc" xlink:arcrole="http://xbrl.org/int/dim/arcrole/domain-member" xlink:from="loc_us-gaap_StatementLineItems_0" xlink:to="loc_ntwn_StockIssuedDuringPeriodSharesForAccruedConsultingFees_19" order="120" use="optional"/>
<loc xlink:type="locator" xlink:href="ntwn-20121231.xsd#ntwn_TransferOfOfficersShares" xlink:label="loc_ntwn_TransferOfOfficersShares_20"/>
<definitionArc xlink:type="arc" xlink:arcrole="http://xbrl.org/int/dim/arcrole/domain-member" xlink:from="loc_us-gaap_StatementLineItems_0" xlink:to="loc_ntwn_TransferOfOfficersShares_20" order="130" use="optional"/>
<loc xlink:type="locator" xlink:href="http://xbrl.fasb.org/us-gaap/2012/elts/us-gaap-2012-01-31.xsd#us-gaap_StockGrantedDuringPeriodValueSharebasedCompensation" xlink:label="loc_us-gaap_StockGrantedDuringPeriodValueSharebasedCompensation_21"/>
<definitionArc xlink:type="arc" xlink:arcrole="http://xbrl.org/int/dim/arcrole/domain-member" xlink:from="loc_us-gaap_StatementLineItems_0" xlink:to="loc_us-gaap_StockGrantedDuringPeriodValueSharebasedCompensation_21" order="140" use="optional"/>
<loc xlink:type="locator" xlink:href="http://xbrl.fasb.org/us-gaap/2012/elts/us-gaap-2012-01-31.xsd#us-gaap_StockIssuedDuringPeriodValueStockOptionsExercised" xlink:label="loc_us-gaap_StockIssuedDuringPeriodValueStockOptionsExercised_22"/>
<definitionArc xlink:type="arc" xlink:arcrole="http://xbrl.org/int/dim/arcrole/domain-member" xlink:from="loc_us-gaap_StatementLineItems_0" xlink:to="loc_us-gaap_StockIssuedDuringPeriodValueStockOptionsExercised_22" order="150" use="optional"/>
<loc xlink:type="locator" xlink:href="http://xbrl.fasb.org/us-gaap/2012/elts/us-gaap-2012-01-31.xsd#us-gaap_StockIssuedDuringPeriodSharesStockOptionsExercised" xlink:label="loc_us-gaap_StockIssuedDuringPeriodSharesStockOptionsExercised_23"/>
<definitionArc xlink:type="arc" xlink:arcrole="http://xbrl.org/int/dim/arcrole/domain-member" xlink:from="loc_us-gaap_StatementLineItems_0" xlink:to="loc_us-gaap_StockIssuedDuringPeriodSharesStockOptionsExercised_23" order="160" use="optional"/>
<loc xlink:type="locator" xlink:href="ntwn-20121231.xsd#ntwn_StockIssuedToRetireDebtsAndAccruedInterestValue" xlink:label="loc_ntwn_StockIssuedToRetireDebtsAndAccruedInterestValue_24"/>
<definitionArc xlink:type="arc" xlink:arcrole="http://xbrl.org/int/dim/arcrole/domain-member" xlink:from="loc_us-gaap_StatementLineItems_0" xlink:to="loc_ntwn_StockIssuedToRetireDebtsAndAccruedInterestValue_24" order="170" use="optional"/>
<loc xlink:type="locator" xlink:href="ntwn-20121231.xsd#ntwn_StockIssuedToRetireDebtsAndAccruedInterestShares" xlink:label="loc_ntwn_StockIssuedToRetireDebtsAndAccruedInterestShares_25"/>
<definitionArc xlink:type="arc" xlink:arcrole="http://xbrl.org/int/dim/arcrole/domain-member" xlink:from="loc_us-gaap_StatementLineItems_0" xlink:to="loc_ntwn_StockIssuedToRetireDebtsAndAccruedInterestShares_25" order="180" use="optional"/>
<loc xlink:type="locator" xlink:href="ntwn-20121231.xsd#ntwn_PreferredStockConvertedValue" xlink:label="loc_ntwn_PreferredStockConvertedValue_26"/>
<definitionArc xlink:type="arc" xlink:arcrole="http://xbrl.org/int/dim/arcrole/domain-member" xlink:from="loc_us-gaap_StatementLineItems_0" xlink:to="loc_ntwn_PreferredStockConvertedValue_26" order="190" use="optional"/>
<loc xlink:type="locator" xlink:href="ntwn-20121231.xsd#ntwn_PreferredStockConvertedShares" xlink:label="loc_ntwn_PreferredStockConvertedShares_27"/>
<definitionArc xlink:type="arc" xlink:arcrole="http://xbrl.org/int/dim/arcrole/domain-member" xlink:from="loc_us-gaap_StatementLineItems_0" xlink:to="loc_ntwn_PreferredStockConvertedShares_27" order="200" use="optional"/>
<loc xlink:type="locator" xlink:href="http://xbrl.fasb.org/us-gaap/2012/elts/us-gaap-2012-01-31.xsd#us-gaap_AdjustmentsToAdditionalPaidInCapitalSharebasedCompensationRequisiteServicePeriodRecognitionValue" xlink:label="loc_us-gaap_AdjustmentsToAdditionalPaidInCapitalSharebasedCompensationRequisiteServicePeriodRecognitionValue_28"/>
<definitionArc xlink:type="arc" xlink:arcrole="http://xbrl.org/int/dim/arcrole/domain-member" xlink:from="loc_us-gaap_StatementLineItems_0" xlink:to="loc_us-gaap_AdjustmentsToAdditionalPaidInCapitalSharebasedCompensationRequisiteServicePeriodRecognitionValue_28" order="210" use="optional"/>
<loc xlink:type="locator" xlink:href="http://xbrl.fasb.org/us-gaap/2012/elts/us-gaap-2012-01-31.xsd#us-gaap_AdjustmentsToAdditionalPaidInCapitalOther" xlink:label="loc_us-gaap_AdjustmentsToAdditionalPaidInCapitalOther_29"/>
<definitionArc xlink:type="arc" xlink:arcrole="http://xbrl.org/int/dim/arcrole/domain-member" xlink:from="loc_us-gaap_StatementLineItems_0" xlink:to="loc_us-gaap_AdjustmentsToAdditionalPaidInCapitalOther_29" order="220" use="optional"/>
<loc xlink:type="locator" xlink:href="http://xbrl.fasb.org/us-gaap/2012/elts/us-gaap-2012-01-31.xsd#us-gaap_NetIncomeLoss" xlink:label="loc_us-gaap_NetIncomeLoss_30"/>
<definitionArc xlink:type="arc" xlink:arcrole="http://xbrl.org/int/dim/arcrole/domain-member" xlink:from="loc_us-gaap_StatementLineItems_0" xlink:to="loc_us-gaap_NetIncomeLoss_30" order="230" use="optional"/>
</definitionLink>
<definitionLink xlink:type="extended" xlink:role="http://www.newtonlanemarket.com/role/CONDENSEDSTATEMENTSOFCASHFLOWS">
<loc xlink:type="locator" xlink:href="http://xbrl.fasb.org/us-gaap/2012/elts/us-gaap-2012-01-31.xsd#us-gaap_StatementLineItems" xlink:label="loc_us-gaap_StatementLineItems_0"/>
<loc xlink:type="locator" xlink:href="http://xbrl.fasb.org/us-gaap/2012/elts/us-gaap-2012-01-31.xsd#us-gaap_StatementTable" xlink:label="loc_us-gaap_StatementTable_1"/>
<definitionArc xlink:type="arc" xlink:arcrole="http://xbrl.org/int/dim/arcrole/all" xlink:from="loc_us-gaap_StatementLineItems_0" xlink:to="loc_us-gaap_StatementTable_1" order="0" use="optional" xbrldt:contextElement="segment" xbrldt:closed="true"/>
<loc xlink:type="locator" xlink:href="http://xbrl.fasb.org/us-gaap/2012/elts/us-gaap-2012-01-31.xsd#us-gaap_NetCashProvidedByUsedInOperatingActivitiesAbstract" xlink:label="loc_us-gaap_NetCashProvidedByUsedInOperatingActivitiesAbstract_2"/>
<definitionArc xlink:type="arc" xlink:arcrole="http://xbrl.org/int/dim/arcrole/domain-member" xlink:from="loc_us-gaap_StatementLineItems_0" xlink:to="loc_us-gaap_NetCashProvidedByUsedInOperatingActivitiesAbstract_2" order="10" use="optional"/>
<loc xlink:type="locator" xlink:href="http://xbrl.fasb.org/us-gaap/2012/elts/us-gaap-2012-01-31.xsd#us-gaap_NetIncomeLoss" xlink:label="loc_us-gaap_NetIncomeLoss_3"/>
<definitionArc xlink:type="arc" xlink:arcrole="http://xbrl.org/int/dim/arcrole/domain-member" xlink:from="loc_us-gaap_NetCashProvidedByUsedInOperatingActivitiesAbstract_2" xlink:to="loc_us-gaap_NetIncomeLoss_3" order="0" use="optional"/>
<loc xlink:type="locator" xlink:href="http://xbrl.fasb.org/us-gaap/2012/elts/us-gaap-2012-01-31.xsd#us-gaap_IncomeLossFromDiscontinuedOperationsNetOfTax" xlink:label="loc_us-gaap_IncomeLossFromDiscontinuedOperationsNetOfTax_4"/>
<definitionArc xlink:type="arc" xlink:arcrole="http://xbrl.org/int/dim/arcrole/domain-member" xlink:from="loc_us-gaap_NetCashProvidedByUsedInOperatingActivitiesAbstract_2" xlink:to="loc_us-gaap_IncomeLossFromDiscontinuedOperationsNetOfTax_4" order="10" use="optional"/>
<loc xlink:type="locator" xlink:href="http://xbrl.fasb.org/us-gaap/2012/elts/us-gaap-2012-01-31.xsd#us-gaap_IncomeLossFromContinuingOperationsIncludingPortionAttributableToNoncontrollingInterest" xlink:label="loc_us-gaap_IncomeLossFromContinuingOperationsIncludingPortionAttributableToNoncontrollingInterest_5"/>
<definitionArc xlink:type="arc" xlink:arcrole="http://xbrl.org/int/dim/arcrole/domain-member" xlink:from="loc_us-gaap_NetCashProvidedByUsedInOperatingActivitiesAbstract_2" xlink:to="loc_us-gaap_IncomeLossFromContinuingOperationsIncludingPortionAttributableToNoncontrollingInterest_5" order="20" use="optional"/>
<loc xlink:type="locator" xlink:href="http://xbrl.fasb.org/us-gaap/2012/elts/us-gaap-2012-01-31.xsd#us-gaap_AdjustmentsToReconcileNetIncomeLossToCashProvidedByUsedInOperatingActivitiesAbstract" xlink:label="loc_us-gaap_AdjustmentsToReconcileNetIncomeLossToCashProvidedByUsedInOperatingActivitiesAbstract_6"/>
<definitionArc xlink:type="arc" xlink:arcrole="http://xbrl.org/int/dim/arcrole/domain-member" xlink:from="loc_us-gaap_NetCashProvidedByUsedInOperatingActivitiesAbstract_2" xlink:to="loc_us-gaap_AdjustmentsToReconcileNetIncomeLossToCashProvidedByUsedInOperatingActivitiesAbstract_6" order="30" use="optional"/>
<loc xlink:type="locator" xlink:href="http://xbrl.fasb.org/us-gaap/2012/elts/us-gaap-2012-01-31.xsd#us-gaap_ShareBasedCompensation" xlink:label="loc_us-gaap_ShareBasedCompensation_7"/>
<definitionArc xlink:type="arc" xlink:arcrole="http://xbrl.org/int/dim/arcrole/domain-member" xlink:from="loc_us-gaap_AdjustmentsToReconcileNetIncomeLossToCashProvidedByUsedInOperatingActivitiesAbstract_6" xlink:to="loc_us-gaap_ShareBasedCompensation_7" order="0" use="optional"/>
<loc xlink:type="locator" xlink:href="http://xbrl.fasb.org/us-gaap/2012/elts/us-gaap-2012-01-31.xsd#us-gaap_AmortizationOfDebtDiscountPremium" xlink:label="loc_us-gaap_AmortizationOfDebtDiscountPremium_8"/>
<definitionArc xlink:type="arc" xlink:arcrole="http://xbrl.org/int/dim/arcrole/domain-member" xlink:from="loc_us-gaap_AdjustmentsToReconcileNetIncomeLossToCashProvidedByUsedInOperatingActivitiesAbstract_6" xlink:to="loc_us-gaap_AmortizationOfDebtDiscountPremium_8" order="10" use="optional"/>
<loc xlink:type="locator" xlink:href="http://xbrl.fasb.org/us-gaap/2012/elts/us-gaap-2012-01-31.xsd#us-gaap_IncreaseDecreaseInOperatingCapitalAbstract" xlink:label="loc_us-gaap_IncreaseDecreaseInOperatingCapitalAbstract_9"/>
<definitionArc xlink:type="arc" xlink:arcrole="http://xbrl.org/int/dim/arcrole/domain-member" xlink:from="loc_us-gaap_AdjustmentsToReconcileNetIncomeLossToCashProvidedByUsedInOperatingActivitiesAbstract_6" xlink:to="loc_us-gaap_IncreaseDecreaseInOperatingCapitalAbstract_9" order="20" use="optional"/>
<loc xlink:type="locator" xlink:href="http://xbrl.fasb.org/us-gaap/2012/elts/us-gaap-2012-01-31.xsd#us-gaap_IncreaseDecreaseInAccountsPayableAndAccruedLiabilities" xlink:label="loc_us-gaap_IncreaseDecreaseInAccountsPayableAndAccruedLiabilities_10"/>
<definitionArc xlink:type="arc" xlink:arcrole="http://xbrl.org/int/dim/arcrole/domain-member" xlink:from="loc_us-gaap_IncreaseDecreaseInOperatingCapitalAbstract_9" xlink:to="loc_us-gaap_IncreaseDecreaseInAccountsPayableAndAccruedLiabilities_10" order="0" use="optional"/>
<loc xlink:type="locator" xlink:href="http://xbrl.fasb.org/us-gaap/2012/elts/us-gaap-2012-01-31.xsd#us-gaap_NetCashProvidedByUsedInOperatingActivities" xlink:label="loc_us-gaap_NetCashProvidedByUsedInOperatingActivities_11"/>
<definitionArc xlink:type="arc" xlink:arcrole="http://xbrl.org/int/dim/arcrole/domain-member" xlink:from="loc_us-gaap_NetCashProvidedByUsedInOperatingActivitiesAbstract_2" xlink:to="loc_us-gaap_NetCashProvidedByUsedInOperatingActivities_11" order="40" use="optional"/>
<loc xlink:type="locator" xlink:href="http://xbrl.fasb.org/us-gaap/2012/elts/us-gaap-2012-01-31.xsd#us-gaap_NetCashProvidedByUsedInFinancingActivitiesAbstract" xlink:label="loc_us-gaap_NetCashProvidedByUsedInFinancingActivitiesAbstract_12"/>
<definitionArc xlink:type="arc" xlink:arcrole="http://xbrl.org/int/dim/arcrole/domain-member" xlink:from="loc_us-gaap_StatementLineItems_0" xlink:to="loc_us-gaap_NetCashProvidedByUsedInFinancingActivitiesAbstract_12" order="20" use="optional"/>
<loc xlink:type="locator" xlink:href="http://xbrl.fasb.org/us-gaap/2012/elts/us-gaap-2012-01-31.xsd#us-gaap_ProceedsFromNotesPayable" xlink:label="loc_us-gaap_ProceedsFromNotesPayable_13"/>
<definitionArc xlink:type="arc" xlink:arcrole="http://xbrl.org/int/dim/arcrole/domain-member" xlink:from="loc_us-gaap_NetCashProvidedByUsedInFinancingActivitiesAbstract_12" xlink:to="loc_us-gaap_ProceedsFromNotesPayable_13" order="0" use="optional"/>
<loc xlink:type="locator" xlink:href="http://xbrl.fasb.org/us-gaap/2012/elts/us-gaap-2012-01-31.xsd#us-gaap_RepaymentsOfNotesPayable" xlink:label="loc_us-gaap_RepaymentsOfNotesPayable_14"/>
<definitionArc xlink:type="arc" xlink:arcrole="http://xbrl.org/int/dim/arcrole/domain-member" xlink:from="loc_us-gaap_NetCashProvidedByUsedInFinancingActivitiesAbstract_12" xlink:to="loc_us-gaap_RepaymentsOfNotesPayable_14" order="10" use="optional"/>
<loc xlink:type="locator" xlink:href="http://xbrl.fasb.org/us-gaap/2012/elts/us-gaap-2012-01-31.xsd#us-gaap_ProceedsFromIssuanceOrSaleOfEquity" xlink:label="loc_us-gaap_ProceedsFromIssuanceOrSaleOfEquity_15"/>
<definitionArc xlink:type="arc" xlink:arcrole="http://xbrl.org/int/dim/arcrole/domain-member" xlink:from="loc_us-gaap_NetCashProvidedByUsedInFinancingActivitiesAbstract_12" xlink:to="loc_us-gaap_ProceedsFromIssuanceOrSaleOfEquity_15" order="20" use="optional"/>
<loc xlink:type="locator" xlink:href="http://xbrl.fasb.org/us-gaap/2012/elts/us-gaap-2012-01-31.xsd#us-gaap_ProceedsFromContributedCapital" xlink:label="loc_us-gaap_ProceedsFromContributedCapital_16"/>
<definitionArc xlink:type="arc" xlink:arcrole="http://xbrl.org/int/dim/arcrole/domain-member" xlink:from="loc_us-gaap_NetCashProvidedByUsedInFinancingActivitiesAbstract_12" xlink:to="loc_us-gaap_ProceedsFromContributedCapital_16" order="30" use="optional"/>
<loc xlink:type="locator" xlink:href="http://xbrl.fasb.org/us-gaap/2012/elts/us-gaap-2012-01-31.xsd#us-gaap_NetCashProvidedByUsedInFinancingActivities" xlink:label="loc_us-gaap_NetCashProvidedByUsedInFinancingActivities_17"/>
<definitionArc xlink:type="arc" xlink:arcrole="http://xbrl.org/int/dim/arcrole/domain-member" xlink:from="loc_us-gaap_NetCashProvidedByUsedInFinancingActivitiesAbstract_12" xlink:to="loc_us-gaap_NetCashProvidedByUsedInFinancingActivities_17" order="40" use="optional"/>
<loc xlink:type="locator" xlink:href="http://xbrl.fasb.org/us-gaap/2012/elts/us-gaap-2012-01-31.xsd#us-gaap_NetCashProvidedByUsedInDiscontinuedOperationsAbstract" xlink:label="loc_us-gaap_NetCashProvidedByUsedInDiscontinuedOperationsAbstract_18"/>
<definitionArc xlink:type="arc" xlink:arcrole="http://xbrl.org/int/dim/arcrole/domain-member" xlink:from="loc_us-gaap_StatementLineItems_0" xlink:to="loc_us-gaap_NetCashProvidedByUsedInDiscontinuedOperationsAbstract_18" order="30" use="optional"/>
<loc xlink:type="locator" xlink:href="http://xbrl.fasb.org/us-gaap/2012/elts/us-gaap-2012-01-31.xsd#us-gaap_CashProvidedByUsedInOperatingActivitiesDiscontinuedOperations" xlink:label="loc_us-gaap_CashProvidedByUsedInOperatingActivitiesDiscontinuedOperations_19"/>
<definitionArc xlink:type="arc" xlink:arcrole="http://xbrl.org/int/dim/arcrole/domain-member" xlink:from="loc_us-gaap_NetCashProvidedByUsedInDiscontinuedOperationsAbstract_18" xlink:to="loc_us-gaap_CashProvidedByUsedInOperatingActivitiesDiscontinuedOperations_19" order="0" use="optional"/>
<loc xlink:type="locator" xlink:href="http://xbrl.fasb.org/us-gaap/2012/elts/us-gaap-2012-01-31.xsd#us-gaap_CashProvidedByUsedInInvestingActivitiesDiscontinuedOperations" xlink:label="loc_us-gaap_CashProvidedByUsedInInvestingActivitiesDiscontinuedOperations_20"/>
<definitionArc xlink:type="arc" xlink:arcrole="http://xbrl.org/int/dim/arcrole/domain-member" xlink:from="loc_us-gaap_NetCashProvidedByUsedInDiscontinuedOperationsAbstract_18" xlink:to="loc_us-gaap_CashProvidedByUsedInInvestingActivitiesDiscontinuedOperations_20" order="10" use="optional"/>
<loc xlink:type="locator" xlink:href="http://xbrl.fasb.org/us-gaap/2012/elts/us-gaap-2012-01-31.xsd#us-gaap_NetCashProvidedByUsedInDiscontinuedOperations" xlink:label="loc_us-gaap_NetCashProvidedByUsedInDiscontinuedOperations_21"/>
<definitionArc xlink:type="arc" xlink:arcrole="http://xbrl.org/int/dim/arcrole/domain-member" xlink:from="loc_us-gaap_NetCashProvidedByUsedInDiscontinuedOperationsAbstract_18" xlink:to="loc_us-gaap_NetCashProvidedByUsedInDiscontinuedOperations_21" order="20" use="optional"/>
<loc xlink:type="locator" xlink:href="http://xbrl.fasb.org/us-gaap/2012/elts/us-gaap-2012-01-31.xsd#us-gaap_CashAndCashEquivalentsPeriodIncreaseDecrease" xlink:label="loc_us-gaap_CashAndCashEquivalentsPeriodIncreaseDecrease_22"/>
<definitionArc xlink:type="arc" xlink:arcrole="http://xbrl.org/int/dim/arcrole/domain-member" xlink:from="loc_us-gaap_StatementLineItems_0" xlink:to="loc_us-gaap_CashAndCashEquivalentsPeriodIncreaseDecrease_22" order="40" use="optional"/>
<loc xlink:type="locator" xlink:href="http://xbrl.fasb.org/us-gaap/2012/elts/us-gaap-2012-01-31.xsd#us-gaap_CashAndCashEquivalentsAtCarryingValue" xlink:label="loc_us-gaap_CashAndCashEquivalentsAtCarryingValue_23"/>
<definitionArc xlink:type="arc" xlink:arcrole="http://xbrl.org/int/dim/arcrole/domain-member" xlink:from="loc_us-gaap_StatementLineItems_0" xlink:to="loc_us-gaap_CashAndCashEquivalentsAtCarryingValue_23" order="50" use="optional"/>
<loc xlink:type="locator" xlink:href="http://xbrl.fasb.org/us-gaap/2012/elts/us-gaap-2012-01-31.xsd#us-gaap_SupplementalCashFlowInformationAbstract" xlink:label="loc_us-gaap_SupplementalCashFlowInformationAbstract_24"/>
<definitionArc xlink:type="arc" xlink:arcrole="http://xbrl.org/int/dim/arcrole/domain-member" xlink:from="loc_us-gaap_StatementLineItems_0" xlink:to="loc_us-gaap_SupplementalCashFlowInformationAbstract_24" order="60" use="optional"/>
<loc xlink:type="locator" xlink:href="http://xbrl.fasb.org/us-gaap/2012/elts/us-gaap-2012-01-31.xsd#us-gaap_InterestPaid" xlink:label="loc_us-gaap_InterestPaid_25"/>
<definitionArc xlink:type="arc" xlink:arcrole="http://xbrl.org/int/dim/arcrole/domain-member" xlink:from="loc_us-gaap_SupplementalCashFlowInformationAbstract_24" xlink:to="loc_us-gaap_InterestPaid_25" order="0" use="optional"/>
<loc xlink:type="locator" xlink:href="http://xbrl.fasb.org/us-gaap/2012/elts/us-gaap-2012-01-31.xsd#us-gaap_IncomeTaxesPaid" xlink:label="loc_us-gaap_IncomeTaxesPaid_26"/>
<definitionArc xlink:type="arc" xlink:arcrole="http://xbrl.org/int/dim/arcrole/domain-member" xlink:from="loc_us-gaap_SupplementalCashFlowInformationAbstract_24" xlink:to="loc_us-gaap_IncomeTaxesPaid_26" order="10" use="optional"/>
<loc xlink:type="locator" xlink:href="http://xbrl.fasb.org/us-gaap/2012/elts/us-gaap-2012-01-31.xsd#us-gaap_CashFlowNoncashInvestingAndFinancingActivitiesDisclosureAbstract" xlink:label="loc_us-gaap_CashFlowNoncashInvestingAndFinancingActivitiesDisclosureAbstract_27"/>
<definitionArc xlink:type="arc" xlink:arcrole="http://xbrl.org/int/dim/arcrole/domain-member" xlink:from="loc_us-gaap_StatementLineItems_0" xlink:to="loc_us-gaap_CashFlowNoncashInvestingAndFinancingActivitiesDisclosureAbstract_27" order="70" use="optional"/>
<loc xlink:type="locator" xlink:href="ntwn-20121231.xsd#ntwn_NoncashGrantOfShareBasedCompensationAward" xlink:label="loc_ntwn_NoncashGrantOfShareBasedCompensationAward_28"/>
<definitionArc xlink:type="arc" xlink:arcrole="http://xbrl.org/int/dim/arcrole/domain-member" xlink:from="loc_us-gaap_CashFlowNoncashInvestingAndFinancingActivitiesDisclosureAbstract_27" xlink:to="loc_ntwn_NoncashGrantOfShareBasedCompensationAward_28" order="0" use="optional"/>
<loc xlink:type="locator" xlink:href="ntwn-20121231.xsd#ntwn_CommonStockIssuedForAccountsPayable" xlink:label="loc_ntwn_CommonStockIssuedForAccountsPayable_29"/>
<definitionArc xlink:type="arc" xlink:arcrole="http://xbrl.org/int/dim/arcrole/domain-member" xlink:from="loc_us-gaap_CashFlowNoncashInvestingAndFinancingActivitiesDisclosureAbstract_27" xlink:to="loc_ntwn_CommonStockIssuedForAccountsPayable_29" order="10" use="optional"/>
<loc xlink:type="locator" xlink:href="ntwn-20121231.xsd#ntwn_CommonStockIssuedForDebtAndAccruedInterest" xlink:label="loc_ntwn_CommonStockIssuedForDebtAndAccruedInterest_30"/>
<definitionArc xlink:type="arc" xlink:arcrole="http://xbrl.org/int/dim/arcrole/domain-member" xlink:from="loc_us-gaap_CashFlowNoncashInvestingAndFinancingActivitiesDisclosureAbstract_27" xlink:to="loc_ntwn_CommonStockIssuedForDebtAndAccruedInterest_30" order="20" use="optional"/>
<loc xlink:type="locator" xlink:href="http://xbrl.fasb.org/us-gaap/2012/elts/us-gaap-2012-01-31.xsd#us-gaap_ConversionOfStockAmountConverted1" xlink:label="loc_us-gaap_ConversionOfStockAmountConverted1_31"/>
<definitionArc xlink:type="arc" xlink:arcrole="http://xbrl.org/int/dim/arcrole/domain-member" xlink:from="loc_us-gaap_CashFlowNoncashInvestingAndFinancingActivitiesDisclosureAbstract_27" xlink:to="loc_us-gaap_ConversionOfStockAmountConverted1_31" order="30" use="optional"/>
</definitionLink>
<definitionLink xlink:type="extended" xlink:role="http://www.newtonlanemarket.com/role/DescriptionOfCompanyDetailsTextual">
<loc xlink:type="locator" xlink:href="http://xbrl.fasb.org/us-gaap/2012/elts/us-gaap-2012-01-31.xsd#us-gaap_StatementLineItems" xlink:label="loc_us-gaap_StatementLineItems_0"/>
<loc xlink:type="locator" xlink:href="http://xbrl.fasb.org/us-gaap/2012/elts/us-gaap-2012-01-31.xsd#us-gaap_StatementTable" xlink:label="loc_us-gaap_StatementTable_1"/>
<definitionArc xlink:type="arc" xlink:arcrole="http://xbrl.org/int/dim/arcrole/all" xlink:from="loc_us-gaap_StatementLineItems_0" xlink:to="loc_us-gaap_StatementTable_1" order="0" use="optional" xbrldt:contextElement="segment" xbrldt:closed="true"/>
<loc xlink:type="locator" xlink:href="http://xbrl.fasb.org/us-gaap/2012/elts/us-gaap-2012-01-31.xsd#us-gaap_StatementClassOfStockAxis" xlink:label="loc_us-gaap_StatementClassOfStockAxis_2"/>
<definitionArc xlink:type="arc" xlink:arcrole="http://xbrl.org/int/dim/arcrole/hypercube-dimension" xlink:from="loc_us-gaap_StatementTable_1" xlink:to="loc_us-gaap_StatementClassOfStockAxis_2" order="0" use="optional"/>
<loc xlink:type="locator" xlink:href="http://xbrl.fasb.org/us-gaap/2012/elts/us-gaap-2012-01-31.xsd#us-gaap_ClassOfStockDomain" xlink:label="loc_us-gaap_ClassOfStockDomain_3"/>
<definitionArc xlink:type="arc" xlink:arcrole="http://xbrl.org/int/dim/arcrole/dimension-domain" xlink:from="loc_us-gaap_StatementClassOfStockAxis_2" xlink:to="loc_us-gaap_ClassOfStockDomain_3" order="0" use="optional"/>
<loc xlink:type="locator" xlink:href="http://xbrl.fasb.org/us-gaap/2012/elts/us-gaap-2012-01-31.xsd#us-gaap_ClassOfStockDomain" xlink:label="loc_us-gaap_ClassOfStockDomain_3_Default"/>
<definitionArc xlink:type="arc" xlink:arcrole="http://xbrl.org/int/dim/arcrole/dimension-default" xlink:from="loc_us-gaap_StatementClassOfStockAxis_2" xlink:to="loc_us-gaap_ClassOfStockDomain_3_Default" order="0" use="optional"/>
<loc xlink:type="locator" xlink:href="http://xbrl.fasb.org/us-gaap/2012/elts/us-gaap-2012-01-31.xsd#us-gaap_SeriesAPreferredStockMember" xlink:label="loc_us-gaap_SeriesAPreferredStockMember_4"/>
<definitionArc xlink:type="arc" xlink:arcrole="http://xbrl.org/int/dim/arcrole/domain-member" xlink:from="loc_us-gaap_ClassOfStockDomain_3" xlink:to="loc_us-gaap_SeriesAPreferredStockMember_4" order="0" use="optional"/>
<loc xlink:type="locator" xlink:href="http://xbrl.fasb.org/us-gaap/2012/elts/us-gaap-2012-01-31.xsd#us-gaap_StatementEquityComponentsAxis" xlink:label="loc_us-gaap_StatementEquityComponentsAxis_5"/>
<definitionArc xlink:type="arc" xlink:arcrole="http://xbrl.org/int/dim/arcrole/hypercube-dimension" xlink:from="loc_us-gaap_StatementTable_1" xlink:to="loc_us-gaap_StatementEquityComponentsAxis_5" order="10" use="optional"/>
<loc xlink:type="locator" xlink:href="http://xbrl.fasb.org/us-gaap/2012/elts/us-gaap-2012-01-31.xsd#us-gaap_EquityComponentDomain" xlink:label="loc_us-gaap_EquityComponentDomain_6"/>
<definitionArc xlink:type="arc" xlink:arcrole="http://xbrl.org/int/dim/arcrole/dimension-domain" xlink:from="loc_us-gaap_StatementEquityComponentsAxis_5" xlink:to="loc_us-gaap_EquityComponentDomain_6" order="0" use="optional"/>
<loc xlink:type="locator" xlink:href="http://xbrl.fasb.org/us-gaap/2012/elts/us-gaap-2012-01-31.xsd#us-gaap_EquityComponentDomain" xlink:label="loc_us-gaap_EquityComponentDomain_6_Default"/>
<definitionArc xlink:type="arc" xlink:arcrole="http://xbrl.org/int/dim/arcrole/dimension-default" xlink:from="loc_us-gaap_StatementEquityComponentsAxis_5" xlink:to="loc_us-gaap_EquityComponentDomain_6_Default" order="0" use="optional"/>
<loc xlink:type="locator" xlink:href="http://xbrl.fasb.org/us-gaap/2012/elts/us-gaap-2012-01-31.xsd#us-gaap_CommonStockMember" xlink:label="loc_us-gaap_CommonStockMember_7"/>
<definitionArc xlink:type="arc" xlink:arcrole="http://xbrl.org/int/dim/arcrole/domain-member" xlink:from="loc_us-gaap_EquityComponentDomain_6" xlink:to="loc_us-gaap_CommonStockMember_7" order="0" use="optional"/>
<loc xlink:type="locator" xlink:href="ntwn-20121231.xsd#ntwn_EquityTransactionsAbstract" xlink:label="loc_ntwn_EquityTransactionsAbstract_8"/>
<definitionArc xlink:type="arc" xlink:arcrole="http://xbrl.org/int/dim/arcrole/domain-member" xlink:from="loc_us-gaap_StatementLineItems_0" xlink:to="loc_ntwn_EquityTransactionsAbstract_8" order="10" use="optional"/>
<loc xlink:type="locator" xlink:href="ntwn-20121231.xsd#ntwn_StockPurchaseAgreementDate" xlink:label="loc_ntwn_StockPurchaseAgreementDate_9"/>
<definitionArc xlink:type="arc" xlink:arcrole="http://xbrl.org/int/dim/arcrole/domain-member" xlink:from="loc_ntwn_EquityTransactionsAbstract_8" xlink:to="loc_ntwn_StockPurchaseAgreementDate_9" order="0" use="optional"/>
<loc xlink:type="locator" xlink:href="http://xbrl.fasb.org/us-gaap/2012/elts/us-gaap-2012-01-31.xsd#us-gaap_StockIssuedDuringPeriodSharesNewIssues" xlink:label="loc_us-gaap_StockIssuedDuringPeriodSharesNewIssues_10"/>
<definitionArc xlink:type="arc" xlink:arcrole="http://xbrl.org/int/dim/arcrole/domain-member" xlink:from="loc_ntwn_EquityTransactionsAbstract_8" xlink:to="loc_us-gaap_StockIssuedDuringPeriodSharesNewIssues_10" order="10" use="optional"/>
<loc xlink:type="locator" xlink:href="ntwn-20121231.xsd#ntwn_StockIssuedDuringPeriodParValuePerShareNewIssues" xlink:label="loc_ntwn_StockIssuedDuringPeriodParValuePerShareNewIssues_11"/>
<definitionArc xlink:type="arc" xlink:arcrole="http://xbrl.org/int/dim/arcrole/domain-member" xlink:from="loc_ntwn_EquityTransactionsAbstract_8" xlink:to="loc_ntwn_StockIssuedDuringPeriodParValuePerShareNewIssues_11" order="20" use="optional"/>
<loc xlink:type="locator" xlink:href="http://xbrl.fasb.org/us-gaap/2012/elts/us-gaap-2012-01-31.xsd#us-gaap_ConvertiblePreferredStockSharesIssuedUponConversion" xlink:label="loc_us-gaap_ConvertiblePreferredStockSharesIssuedUponConversion_12"/>
<definitionArc xlink:type="arc" xlink:arcrole="http://xbrl.org/int/dim/arcrole/domain-member" xlink:from="loc_ntwn_EquityTransactionsAbstract_8" xlink:to="loc_us-gaap_ConvertiblePreferredStockSharesIssuedUponConversion_12" order="30" use="optional"/>
<loc xlink:type="locator" xlink:href="http://xbrl.fasb.org/us-gaap/2012/elts/us-gaap-2012-01-31.xsd#us-gaap_PreferredStockParOrStatedValuePerShare" xlink:label="loc_us-gaap_PreferredStockParOrStatedValuePerShare_13"/>
<definitionArc xlink:type="arc" xlink:arcrole="http://xbrl.org/int/dim/arcrole/domain-member" xlink:from="loc_ntwn_EquityTransactionsAbstract_8" xlink:to="loc_us-gaap_PreferredStockParOrStatedValuePerShare_13" order="40" use="optional"/>
<loc xlink:type="locator" xlink:href="http://xbrl.fasb.org/us-gaap/2012/elts/us-gaap-2012-01-31.xsd#us-gaap_StockIssuedDuringPeriodValueConversionOfConvertibleSecurities" xlink:label="loc_us-gaap_StockIssuedDuringPeriodValueConversionOfConvertibleSecurities_14"/>
<definitionArc xlink:type="arc" xlink:arcrole="http://xbrl.org/int/dim/arcrole/domain-member" xlink:from="loc_ntwn_EquityTransactionsAbstract_8" xlink:to="loc_us-gaap_StockIssuedDuringPeriodValueConversionOfConvertibleSecurities_14" order="50" use="optional"/>
<loc xlink:type="locator" xlink:href="http://xbrl.fasb.org/us-gaap/2012/elts/us-gaap-2012-01-31.xsd#us-gaap_StockIssuedDuringPeriodSharesConversionOfConvertibleSecurities" xlink:label="loc_us-gaap_StockIssuedDuringPeriodSharesConversionOfConvertibleSecurities_15"/>
<definitionArc xlink:type="arc" xlink:arcrole="http://xbrl.org/int/dim/arcrole/domain-member" xlink:from="loc_ntwn_EquityTransactionsAbstract_8" xlink:to="loc_us-gaap_StockIssuedDuringPeriodSharesConversionOfConvertibleSecurities_15" order="60" use="optional"/>
<loc xlink:type="locator" xlink:href="http://xbrl.fasb.org/us-gaap/2012/elts/us-gaap-2012-01-31.xsd#us-gaap_CommonStockSharesIssued" xlink:label="loc_us-gaap_CommonStockSharesIssued_16"/>
<definitionArc xlink:type="arc" xlink:arcrole="http://xbrl.org/int/dim/arcrole/domain-member" xlink:from="loc_ntwn_EquityTransactionsAbstract_8" xlink:to="loc_us-gaap_CommonStockSharesIssued_16" order="70" use="optional"/>
<loc xlink:type="locator" xlink:href="ntwn-20121231.xsd#ntwn_CommonStockSharesIssuedPercentage" xlink:label="loc_ntwn_CommonStockSharesIssuedPercentage_17"/>
<definitionArc xlink:type="arc" xlink:arcrole="http://xbrl.org/int/dim/arcrole/domain-member" xlink:from="loc_ntwn_EquityTransactionsAbstract_8" xlink:to="loc_ntwn_CommonStockSharesIssuedPercentage_17" order="80" use="optional"/>
<loc xlink:type="locator" xlink:href="http://xbrl.fasb.org/us-gaap/2012/elts/us-gaap-2012-01-31.xsd#us-gaap_ConvertibleNotesPayable" xlink:label="loc_us-gaap_ConvertibleNotesPayable_18"/>
<definitionArc xlink:type="arc" xlink:arcrole="http://xbrl.org/int/dim/arcrole/domain-member" xlink:from="loc_ntwn_EquityTransactionsAbstract_8" xlink:to="loc_us-gaap_ConvertibleNotesPayable_18" order="90" use="optional"/>
<loc xlink:type="locator" xlink:href="ntwn-20121231.xsd#ntwn_ConvertibleNotesPayablePrincipalAndAccruedInterestAmount" xlink:label="loc_ntwn_ConvertibleNotesPayablePrincipalAndAccruedInterestAmount_19"/>
<definitionArc xlink:type="arc" xlink:arcrole="http://xbrl.org/int/dim/arcrole/domain-member" xlink:from="loc_ntwn_EquityTransactionsAbstract_8" xlink:to="loc_ntwn_ConvertibleNotesPayablePrincipalAndAccruedInterestAmount_19" order="100" use="optional"/>
<loc xlink:type="locator" xlink:href="http://xbrl.fasb.org/us-gaap/2012/elts/us-gaap-2012-01-31.xsd#us-gaap_RepaymentsOfNotesPayable" xlink:label="loc_us-gaap_RepaymentsOfNotesPayable_20"/>
<definitionArc xlink:type="arc" xlink:arcrole="http://xbrl.org/int/dim/arcrole/domain-member" xlink:from="loc_ntwn_EquityTransactionsAbstract_8" xlink:to="loc_us-gaap_RepaymentsOfNotesPayable_20" order="110" use="optional"/>
<loc xlink:type="locator" xlink:href="http://xbrl.fasb.org/us-gaap/2012/elts/us-gaap-2012-01-31.xsd#us-gaap_CommonStockSharesAuthorized" xlink:label="loc_us-gaap_CommonStockSharesAuthorized_21"/>
<definitionArc xlink:type="arc" xlink:arcrole="http://xbrl.org/int/dim/arcrole/domain-member" xlink:from="loc_ntwn_EquityTransactionsAbstract_8" xlink:to="loc_us-gaap_CommonStockSharesAuthorized_21" order="120" use="optional"/>
<loc xlink:type="locator" xlink:href="http://xbrl.fasb.org/us-gaap/2012/elts/us-gaap-2012-01-31.xsd#us-gaap_PreferredStockSharesOutstanding" xlink:label="loc_us-gaap_PreferredStockSharesOutstanding_22"/>
<definitionArc xlink:type="arc" xlink:arcrole="http://xbrl.org/int/dim/arcrole/domain-member" xlink:from="loc_ntwn_EquityTransactionsAbstract_8" xlink:to="loc_us-gaap_PreferredStockSharesOutstanding_22" order="130" use="optional"/>
<loc xlink:type="locator" xlink:href="http://xbrl.fasb.org/us-gaap/2012/elts/us-gaap-2012-01-31.xsd#us-gaap_PreferredStockShareSubscriptions" xlink:label="loc_us-gaap_PreferredStockShareSubscriptions_23"/>
<definitionArc xlink:type="arc" xlink:arcrole="http://xbrl.org/int/dim/arcrole/domain-member" xlink:from="loc_ntwn_EquityTransactionsAbstract_8" xlink:to="loc_us-gaap_PreferredStockShareSubscriptions_23" order="140" use="optional"/>
<loc xlink:type="locator" xlink:href="http://xbrl.fasb.org/us-gaap/2012/elts/us-gaap-2012-01-31.xsd#us-gaap_StockholdersEquityReverseStockSplit" xlink:label="loc_us-gaap_StockholdersEquityReverseStockSplit_24"/>
<definitionArc xlink:type="arc" xlink:arcrole="http://xbrl.org/int/dim/arcrole/domain-member" xlink:from="loc_ntwn_EquityTransactionsAbstract_8" xlink:to="loc_us-gaap_StockholdersEquityReverseStockSplit_24" order="150" use="optional"/>
<loc xlink:type="locator" xlink:href="http://xbrl.fasb.org/us-gaap/2012/elts/us-gaap-2012-01-31.xsd#us-gaap_StockIssuedDuringPeriodSharesRestrictedStockAwardNetOfForfeitures" xlink:label="loc_us-gaap_StockIssuedDuringPeriodSharesRestrictedStockAwardNetOfForfeitures_25"/>
<definitionArc xlink:type="arc" xlink:arcrole="http://xbrl.org/int/dim/arcrole/domain-member" xlink:from="loc_ntwn_EquityTransactionsAbstract_8" xlink:to="loc_us-gaap_StockIssuedDuringPeriodSharesRestrictedStockAwardNetOfForfeitures_25" order="160" use="optional"/>
<loc xlink:type="locator" xlink:href="http://xbrl.fasb.org/us-gaap/2012/elts/us-gaap-2012-01-31.xsd#us-gaap_StockIssuedDuringPeriodValueRestrictedStockAwardNetOfForfeitures" xlink:label="loc_us-gaap_StockIssuedDuringPeriodValueRestrictedStockAwardNetOfForfeitures_26"/>
<definitionArc xlink:type="arc" xlink:arcrole="http://xbrl.org/int/dim/arcrole/domain-member" xlink:from="loc_ntwn_EquityTransactionsAbstract_8" xlink:to="loc_us-gaap_StockIssuedDuringPeriodValueRestrictedStockAwardNetOfForfeitures_26" order="170" use="optional"/>
<loc xlink:type="locator" xlink:href="http://xbrl.fasb.org/us-gaap/2012/elts/us-gaap-2012-01-31.xsd#us-gaap_PreferredStockSharesAuthorized" xlink:label="loc_us-gaap_PreferredStockSharesAuthorized_27"/>
<definitionArc xlink:type="arc" xlink:arcrole="http://xbrl.org/int/dim/arcrole/domain-member" xlink:from="loc_ntwn_EquityTransactionsAbstract_8" xlink:to="loc_us-gaap_PreferredStockSharesAuthorized_27" order="180" use="optional"/>
<loc xlink:type="locator" xlink:href="http://xbrl.fasb.org/us-gaap/2012/elts/us-gaap-2012-01-31.xsd#us-gaap_CommonStockSharesOutstanding" xlink:label="loc_us-gaap_CommonStockSharesOutstanding_28"/>
<definitionArc xlink:type="arc" xlink:arcrole="http://xbrl.org/int/dim/arcrole/domain-member" xlink:from="loc_ntwn_EquityTransactionsAbstract_8" xlink:to="loc_us-gaap_CommonStockSharesOutstanding_28" order="190" use="optional"/>
<loc xlink:type="locator" xlink:href="http://xbrl.fasb.org/us-gaap/2012/elts/us-gaap-2012-01-31.xsd#us-gaap_AdditionalPaidInCapitalCommonStock" xlink:label="loc_us-gaap_AdditionalPaidInCapitalCommonStock_29"/>
<definitionArc xlink:type="arc" xlink:arcrole="http://xbrl.org/int/dim/arcrole/domain-member" xlink:from="loc_ntwn_EquityTransactionsAbstract_8" xlink:to="loc_us-gaap_AdditionalPaidInCapitalCommonStock_29" order="200" use="optional"/>
<loc xlink:type="locator" xlink:href="http://xbrl.fasb.org/us-gaap/2012/elts/us-gaap-2012-01-31.xsd#us-gaap_AdjustmentsToAdditionalPaidInCapitalOther" xlink:label="loc_us-gaap_AdjustmentsToAdditionalPaidInCapitalOther_30"/>
<definitionArc xlink:type="arc" xlink:arcrole="http://xbrl.org/int/dim/arcrole/domain-member" xlink:from="loc_ntwn_EquityTransactionsAbstract_8" xlink:to="loc_us-gaap_AdjustmentsToAdditionalPaidInCapitalOther_30" order="210" use="optional"/>
<loc xlink:type="locator" xlink:href="ntwn-20121231.xsd#ntwn_SeriesPreferredEliminationDate" xlink:label="loc_ntwn_SeriesPreferredEliminationDate_31"/>
<definitionArc xlink:type="arc" xlink:arcrole="http://xbrl.org/int/dim/arcrole/domain-member" xlink:from="loc_ntwn_EquityTransactionsAbstract_8" xlink:to="loc_ntwn_SeriesPreferredEliminationDate_31" order="220" use="optional"/>
<loc xlink:type="locator" xlink:href="ntwn-20121231.xsd#ntwn_ReverseSplitEffectiveDate" xlink:label="loc_ntwn_ReverseSplitEffectiveDate_32"/>
<definitionArc xlink:type="arc" xlink:arcrole="http://xbrl.org/int/dim/arcrole/domain-member" xlink:from="loc_ntwn_EquityTransactionsAbstract_8" xlink:to="loc_ntwn_ReverseSplitEffectiveDate_32" order="230" use="optional"/>
</definitionLink>
<definitionLink xlink:type="extended" xlink:role="http://www.newtonlanemarket.com/role/CommitmentsAndContingenciesDetailsTextual">
<loc xlink:type="locator" xlink:href="http://xbrl.fasb.org/us-gaap/2012/elts/us-gaap-2012-01-31.xsd#us-gaap_StatementLineItems" xlink:label="loc_us-gaap_StatementLineItems_0"/>
<loc xlink:type="locator" xlink:href="http://xbrl.fasb.org/us-gaap/2012/elts/us-gaap-2012-01-31.xsd#us-gaap_StatementTable" xlink:label="loc_us-gaap_StatementTable_1"/>
<definitionArc xlink:type="arc" xlink:arcrole="http://xbrl.org/int/dim/arcrole/all" xlink:from="loc_us-gaap_StatementLineItems_0" xlink:to="loc_us-gaap_StatementTable_1" order="0" use="optional" xbrldt:contextElement="segment" xbrldt:closed="true"/>
<loc xlink:type="locator" xlink:href="ntwn-20121231.xsd#ntwn_ContractualObligationAxis" xlink:label="loc_ntwn_ContractualObligationAxis_2"/>
<definitionArc xlink:type="arc" xlink:arcrole="http://xbrl.org/int/dim/arcrole/hypercube-dimension" xlink:from="loc_us-gaap_StatementTable_1" xlink:to="loc_ntwn_ContractualObligationAxis_2" order="0" use="optional"/>
<loc xlink:type="locator" xlink:href="ntwn-20121231.xsd#ntwn_ContractualObligationDomain" xlink:label="loc_ntwn_ContractualObligationDomain_3"/>
<definitionArc xlink:type="arc" xlink:arcrole="http://xbrl.org/int/dim/arcrole/dimension-domain" xlink:from="loc_ntwn_ContractualObligationAxis_2" xlink:to="loc_ntwn_ContractualObligationDomain_3" order="0" use="optional"/>
<loc xlink:type="locator" xlink:href="ntwn-20121231.xsd#ntwn_ContractualObligationDomain" xlink:label="loc_ntwn_ContractualObligationDomain_3_Default"/>
<definitionArc xlink:type="arc" xlink:arcrole="http://xbrl.org/int/dim/arcrole/dimension-default" xlink:from="loc_ntwn_ContractualObligationAxis_2" xlink:to="loc_ntwn_ContractualObligationDomain_3_Default" order="0" use="optional"/>
<loc xlink:type="locator" xlink:href="ntwn-20121231.xsd#ntwn_KirkMWarshawLlcMember" xlink:label="loc_ntwn_KirkMWarshawLlcMember_4"/>
<definitionArc xlink:type="arc" xlink:arcrole="http://xbrl.org/int/dim/arcrole/domain-member" xlink:from="loc_ntwn_ContractualObligationDomain_3" xlink:to="loc_ntwn_KirkMWarshawLlcMember_4" order="0" use="optional"/>
<loc xlink:type="locator" xlink:href="ntwn-20121231.xsd#ntwn_ContractualObligationFrequencyOfPeriodicPayment" xlink:label="loc_ntwn_ContractualObligationFrequencyOfPeriodicPayment_5"/>
<definitionArc xlink:type="arc" xlink:arcrole="http://xbrl.org/int/dim/arcrole/domain-member" xlink:from="loc_us-gaap_StatementLineItems_0" xlink:to="loc_ntwn_ContractualObligationFrequencyOfPeriodicPayment_5" order="10" use="optional"/>
<loc xlink:type="locator" xlink:href="ntwn-20121231.xsd#ntwn_ContractualObligationPeriodicPayment" xlink:label="loc_ntwn_ContractualObligationPeriodicPayment_6"/>
<definitionArc xlink:type="arc" xlink:arcrole="http://xbrl.org/int/dim/arcrole/domain-member" xlink:from="loc_us-gaap_StatementLineItems_0" xlink:to="loc_ntwn_ContractualObligationPeriodicPayment_6" order="20" use="optional"/>
<loc xlink:type="locator" xlink:href="ntwn-20121231.xsd#ntwn_ContractualObligationEffectiveDate" xlink:label="loc_ntwn_ContractualObligationEffectiveDate_7"/>
<definitionArc xlink:type="arc" xlink:arcrole="http://xbrl.org/int/dim/arcrole/domain-member" xlink:from="loc_us-gaap_StatementLineItems_0" xlink:to="loc_ntwn_ContractualObligationEffectiveDate_7" order="30" use="optional"/>
</definitionLink>
</linkbase>
