<?xml version="1.0" encoding="US-ASCII" standalone="no"?>
    <!-- Field: Doc-Info; Name: Generator; Value: GoFiler Complete; Version: 3.4b -->
    <!-- Field: Doc-Info; Name: VendorURI; Value: http://www.novaworks.co -->
    <!-- Field: Doc-Info; Name: Source; Value: zurvita_10ka%2D073112.xfr; Date: 2013/01/30T14:46:01 -->
    <!-- Field: Doc-Info; Name: Status; Value: 0x00000000 -->
<link:linkbase xmlns:xsi="http://www.w3.org/2001/XMLSchema-instance" xmlns:xlink="http://www.w3.org/1999/xlink" xmlns:link="http://www.xbrl.org/2003/linkbase" xmlns:xbrli="http://www.xbrl.org/2003/instance" xsi:schemaLocation="http://www.xbrl.org/2003/linkbase http://www.xbrl.org/2003/xbrl-linkbase-2003-12-31.xsd">
    <link:roleRef roleURI="http://zurvita.com/role/DocumentAndEntityInformation" xlink:href="zrvt-20120731.xsd#DocumentAndEntityInformation" xlink:type="simple" />
    <link:roleRef roleURI="http://zurvita.com/role/ConsolidatedBalanceSheets" xlink:href="zrvt-20120731.xsd#ConsolidatedBalanceSheets" xlink:type="simple" />
    <link:roleRef roleURI="http://zurvita.com/role/ConsolidatedBalanceSheetsParenthetical" xlink:href="zrvt-20120731.xsd#ConsolidatedBalanceSheetsParenthetical" xlink:type="simple" />
    <link:roleRef roleURI="http://zurvita.com/role/ConsolidatedStatementsOfOperations" xlink:href="zrvt-20120731.xsd#ConsolidatedStatementsOfOperations" xlink:type="simple" />
    <link:roleRef roleURI="http://zurvita.com/role/ConsolidatedStatementsOfStockholdersDeficit" xlink:href="zrvt-20120731.xsd#ConsolidatedStatementsOfStockholdersDeficit" xlink:type="simple" />
    <link:roleRef roleURI="http://zurvita.com/role/ConsolidatedStatementsOfCashFlows" xlink:href="zrvt-20120731.xsd#ConsolidatedStatementsOfCashFlows" xlink:type="simple" />
    <link:roleRef roleURI="http://zurvita.com/role/NatureOfOperations" xlink:href="zrvt-20120731.xsd#NatureOfOperations" xlink:type="simple" />
    <link:roleRef roleURI="http://zurvita.com/role/SummaryOfSignificantAccountingPolicies" xlink:href="zrvt-20120731.xsd#SummaryOfSignificantAccountingPolicies" xlink:type="simple" />
    <link:roleRef roleURI="http://zurvita.com/role/NonCashInvestingAndFinancingActivities" xlink:href="zrvt-20120731.xsd#NonCashInvestingAndFinancingActivities" xlink:type="simple" />
    <link:roleRef roleURI="http://zurvita.com/role/PropertyPlantAndEquipment" xlink:href="zrvt-20120731.xsd#PropertyPlantAndEquipment" xlink:type="simple" />
    <link:roleRef roleURI="http://zurvita.com/role/NotesPayable" xlink:href="zrvt-20120731.xsd#NotesPayable" xlink:type="simple" />
    <link:roleRef roleURI="http://zurvita.com/role/AccruedExpenses" xlink:href="zrvt-20120731.xsd#AccruedExpenses" xlink:type="simple" />
    <link:roleRef roleURI="http://zurvita.com/role/DeferredRevenue" xlink:href="zrvt-20120731.xsd#DeferredRevenue" xlink:type="simple" />
    <link:roleRef roleURI="http://zurvita.com/role/DeferredCompensation" xlink:href="zrvt-20120731.xsd#DeferredCompensation" xlink:type="simple" />
    <link:roleRef roleURI="http://zurvita.com/role/AssetsAndLiabilitiesMeasuredAtFairValue" xlink:href="zrvt-20120731.xsd#AssetsAndLiabilitiesMeasuredAtFairValue" xlink:type="simple" />
    <link:roleRef roleURI="http://zurvita.com/role/RedeemablePreferredStock" xlink:href="zrvt-20120731.xsd#RedeemablePreferredStock" xlink:type="simple" />
    <link:roleRef roleURI="http://zurvita.com/role/CommonStock" xlink:href="zrvt-20120731.xsd#CommonStock" xlink:type="simple" />
    <link:roleRef roleURI="http://zurvita.com/role/Warrants" xlink:href="zrvt-20120731.xsd#Warrants" xlink:type="simple" />
    <link:roleRef roleURI="http://zurvita.com/role/IncomeTaxes" xlink:href="zrvt-20120731.xsd#IncomeTaxes" xlink:type="simple" />
    <link:roleRef roleURI="http://zurvita.com/role/EarningsLossPerShare" xlink:href="zrvt-20120731.xsd#EarningsLossPerShare" xlink:type="simple" />
    <link:roleRef roleURI="http://zurvita.com/role/CommitmentsAndContingencies" xlink:href="zrvt-20120731.xsd#CommitmentsAndContingencies" xlink:type="simple" />
    <link:roleRef roleURI="http://zurvita.com/role/LegalProceedings" xlink:href="zrvt-20120731.xsd#LegalProceedings" xlink:type="simple" />
    <link:roleRef roleURI="http://zurvita.com/role/RelatedPartyTransactions" xlink:href="zrvt-20120731.xsd#RelatedPartyTransactions" xlink:type="simple" />
    <link:roleRef roleURI="http://zurvita.com/role/Note2-SummaryOfSignificantAccountingPoliciesPolicies" xlink:href="zrvt-20120731.xsd#Note2-SummaryOfSignificantAccountingPoliciesPolicies" xlink:type="simple" />
    <link:roleRef roleURI="http://zurvita.com/role/Note3-NonCashInvestingAndFinancingActivitiesTables" xlink:href="zrvt-20120731.xsd#Note3-NonCashInvestingAndFinancingActivitiesTables" xlink:type="simple" />
    <link:roleRef roleURI="http://zurvita.com/role/Note4-PropertyPlantAndEquipmentTables" xlink:href="zrvt-20120731.xsd#Note4-PropertyPlantAndEquipmentTables" xlink:type="simple" />
    <link:roleRef roleURI="http://zurvita.com/role/Note5-NotesPayableTables" xlink:href="zrvt-20120731.xsd#Note5-NotesPayableTables" xlink:type="simple" />
    <link:roleRef roleURI="http://zurvita.com/role/Note6-AccruedExpensesTables" xlink:href="zrvt-20120731.xsd#Note6-AccruedExpensesTables" xlink:type="simple" />
    <link:roleRef roleURI="http://zurvita.com/role/Note7-DeferredRevenueTables" xlink:href="zrvt-20120731.xsd#Note7-DeferredRevenueTables" xlink:type="simple" />
    <link:roleRef roleURI="http://zurvita.com/role/Note9-AssetsAndLiabilitiesMeasuredAtFairValueTables" xlink:href="zrvt-20120731.xsd#Note9-AssetsAndLiabilitiesMeasuredAtFairValueTables" xlink:type="simple" />
    <link:roleRef roleURI="http://zurvita.com/role/Note10-RedeemablePreferredStockTables" xlink:href="zrvt-20120731.xsd#Note10-RedeemablePreferredStockTables" xlink:type="simple" />
    <link:roleRef roleURI="http://zurvita.com/role/Note12-WarrantsTables" xlink:href="zrvt-20120731.xsd#Note12-WarrantsTables" xlink:type="simple" />
    <link:roleRef roleURI="http://zurvita.com/role/Note13-IncomeTaxesTables" xlink:href="zrvt-20120731.xsd#Note13-IncomeTaxesTables" xlink:type="simple" />
    <link:roleRef roleURI="http://zurvita.com/role/Note14-EarningsLossPerShareTables" xlink:href="zrvt-20120731.xsd#Note14-EarningsLossPerShareTables" xlink:type="simple" />
    <link:roleRef roleURI="http://zurvita.com/role/Note15-CommitmentsAndContingenciesTables" xlink:href="zrvt-20120731.xsd#Note15-CommitmentsAndContingenciesTables" xlink:type="simple" />
    <link:roleRef roleURI="http://zurvita.com/role/Note1-NatureOfOperationsDetailsNarartive" xlink:href="zrvt-20120731.xsd#Note1-NatureOfOperationsDetailsNarartive" xlink:type="simple" />
    <link:roleRef roleURI="http://zurvita.com/role/Note2-SummaryOfSignificantAccountingPoliciesDetailsNarrative" xlink:href="zrvt-20120731.xsd#Note2-SummaryOfSignificantAccountingPoliciesDetailsNarrative" xlink:type="simple" />
    <link:roleRef roleURI="http://zurvita.com/role/Note3-NonCashInvestingAndFinancingActivitiesDetails" xlink:href="zrvt-20120731.xsd#Note3-NonCashInvestingAndFinancingActivitiesDetails" xlink:type="simple" />
    <link:roleRef roleURI="http://zurvita.com/role/Note4-PropertyPlantAndEquipmentDetails" xlink:href="zrvt-20120731.xsd#Note4-PropertyPlantAndEquipmentDetails" xlink:type="simple" />
    <link:roleRef roleURI="http://zurvita.com/role/Note4-PropertyPlantAndEquipmentDetailsNarrative" xlink:href="zrvt-20120731.xsd#Note4-PropertyPlantAndEquipmentDetailsNarrative" xlink:type="simple" />
    <link:roleRef roleURI="http://zurvita.com/role/Note5-NotesPayableDetails" xlink:href="zrvt-20120731.xsd#Note5-NotesPayableDetails" xlink:type="simple" />
    <link:roleRef roleURI="http://zurvita.com/role/Note5-NotesPayableDetailsNarrative" xlink:href="zrvt-20120731.xsd#Note5-NotesPayableDetailsNarrative" xlink:type="simple" />
    <link:roleRef roleURI="http://zurvita.com/role/Note6-ScheduleOfAccruedExpensesDetails" xlink:href="zrvt-20120731.xsd#Note6-ScheduleOfAccruedExpensesDetails" xlink:type="simple" />
    <link:roleRef roleURI="http://zurvita.com/role/Note7-ScheduleOfDeferredRevenueDetails" xlink:href="zrvt-20120731.xsd#Note7-ScheduleOfDeferredRevenueDetails" xlink:type="simple" />
    <link:roleRef roleURI="http://zurvita.com/role/Note8-DeferredCompensationDetailsNarrative" xlink:href="zrvt-20120731.xsd#Note8-DeferredCompensationDetailsNarrative" xlink:type="simple" />
    <link:roleRef roleURI="http://zurvita.com/role/Note9-AssetsAndLiabilitiesMeasuredAtFairValueDetails" xlink:href="zrvt-20120731.xsd#Note9-AssetsAndLiabilitiesMeasuredAtFairValueDetails" xlink:type="simple" />
    <link:roleRef roleURI="http://zurvita.com/role/Note9-AssetsAndLiabilitiesMeasuredAtFairValueDetails1" xlink:href="zrvt-20120731.xsd#Note9-AssetsAndLiabilitiesMeasuredAtFairValueDetails1" xlink:type="simple" />
    <link:roleRef roleURI="http://zurvita.com/role/Note9-AssetsAndLiabilitiesMeasuredAtFairValueDetailsNarrative" xlink:href="zrvt-20120731.xsd#Note9-AssetsAndLiabilitiesMeasuredAtFairValueDetailsNarrative" xlink:type="simple" />
    <link:roleRef roleURI="http://zurvita.com/role/Note10-RedeemablePreferredStockDetails" xlink:href="zrvt-20120731.xsd#Note10-RedeemablePreferredStockDetails" xlink:type="simple" />
    <link:roleRef roleURI="http://zurvita.com/role/Note10-RedeemablePreferredStockDetails1" xlink:href="zrvt-20120731.xsd#Note10-RedeemablePreferredStockDetails1" xlink:type="simple" />
    <link:roleRef roleURI="http://zurvita.com/role/Note10-RedeemablePreferredStockDetailsNarrative" xlink:href="zrvt-20120731.xsd#Note10-RedeemablePreferredStockDetailsNarrative" xlink:type="simple" />
    <link:roleRef roleURI="http://zurvita.com/role/Note11-CommonStockDetailsNarrative" xlink:href="zrvt-20120731.xsd#Note11-CommonStockDetailsNarrative" xlink:type="simple" />
    <link:roleRef roleURI="http://zurvita.com/role/Note12-WarrantsDetails" xlink:href="zrvt-20120731.xsd#Note12-WarrantsDetails" xlink:type="simple" />
    <link:roleRef roleURI="http://zurvita.com/role/Note12-WarrantsDetails1" xlink:href="zrvt-20120731.xsd#Note12-WarrantsDetails1" xlink:type="simple" />
    <link:roleRef roleURI="http://zurvita.com/role/Note12-WarrantsDetails2" xlink:href="zrvt-20120731.xsd#Note12-WarrantsDetails2" xlink:type="simple" />
    <link:roleRef roleURI="http://zurvita.com/role/Note12-WarrantsDetails3" xlink:href="zrvt-20120731.xsd#Note12-WarrantsDetails3" xlink:type="simple" />
    <link:roleRef roleURI="http://zurvita.com/role/Note12-WarrantsDetails4" xlink:href="zrvt-20120731.xsd#Note12-WarrantsDetails4" xlink:type="simple" />
    <link:roleRef roleURI="http://zurvita.com/role/Note12-WarrantsDetails5" xlink:href="zrvt-20120731.xsd#Note12-WarrantsDetails5" xlink:type="simple" />
    <link:roleRef roleURI="http://zurvita.com/role/Note12-WarrantsDetails6" xlink:href="zrvt-20120731.xsd#Note12-WarrantsDetails6" xlink:type="simple" />
    <link:roleRef roleURI="http://zurvita.com/role/Note12-WarrantsDetails7" xlink:href="zrvt-20120731.xsd#Note12-WarrantsDetails7" xlink:type="simple" />
    <link:roleRef roleURI="http://zurvita.com/role/Note12-WarrantsDetailsNarrative" xlink:href="zrvt-20120731.xsd#Note12-WarrantsDetailsNarrative" xlink:type="simple" />
    <link:roleRef roleURI="http://zurvita.com/role/Note13-IncomeTaxesDetails" xlink:href="zrvt-20120731.xsd#Note13-IncomeTaxesDetails" xlink:type="simple" />
    <link:roleRef roleURI="http://zurvita.com/role/Note13-IncomeTaxesDetails1" xlink:href="zrvt-20120731.xsd#Note13-IncomeTaxesDetails1" xlink:type="simple" />
    <link:roleRef roleURI="http://zurvita.com/role/Note13-IncomeTaxesDetails2" xlink:href="zrvt-20120731.xsd#Note13-IncomeTaxesDetails2" xlink:type="simple" />
    <link:roleRef roleURI="http://zurvita.com/role/Note13-IncomeTaxesDetailsNarrative" xlink:href="zrvt-20120731.xsd#Note13-IncomeTaxesDetailsNarrative" xlink:type="simple" />
    <link:roleRef roleURI="http://zurvita.com/role/Note14-EarningsLossPerShareDetails" xlink:href="zrvt-20120731.xsd#Note14-EarningsLossPerShareDetails" xlink:type="simple" />
    <link:roleRef roleURI="http://zurvita.com/role/Note14-EarningsLossPerShareDetails1" xlink:href="zrvt-20120731.xsd#Note14-EarningsLossPerShareDetails1" xlink:type="simple" />
    <link:roleRef roleURI="http://zurvita.com/role/Note15-CommitmentsAndContingenciesDetails" xlink:href="zrvt-20120731.xsd#Note15-CommitmentsAndContingenciesDetails" xlink:type="simple" />
    <link:roleRef roleURI="http://zurvita.com/role/Note15-CommitmentsAndContingenciesDetailsNarrative" xlink:href="zrvt-20120731.xsd#Note15-CommitmentsAndContingenciesDetailsNarrative" xlink:type="simple" />
    <link:roleRef roleURI="http://zurvita.com/role/Note17-RelatedPartyTransactionsDetailsNarrative" xlink:href="zrvt-20120731.xsd#Note17-RelatedPartyTransactionsDetailsNarrative" xlink:type="simple" />
    <link:calculationLink xlink:type="extended" xlink:role="http://zurvita.com/role/DocumentAndEntityInformation" xlink:title="0001 - Document - Document and Entity Information" />
    <link:calculationLink xlink:type="extended" xlink:role="http://zurvita.com/role/ConsolidatedBalanceSheets" xlink:title="0002 - Statement - CONSOLIDATED BALANCE SHEETS">
      <link:loc xlink:type="locator" xlink:href="http://xbrl.fasb.org/us-gaap/2012/elts/us-gaap-2012-01-31.xsd#us-gaap_AssetsCurrent" xlink:label="loc_ZRVTAssetsCurrent" />
      <link:loc xlink:type="locator" xlink:href="http://xbrl.fasb.org/us-gaap/2012/elts/us-gaap-2012-01-31.xsd#us-gaap_Cash" xlink:label="loc_ZRVTCash" />
      <link:calculationArc order="100" xlink:arcrole="http://www.xbrl.org/2003/arcrole/summation-item" xlink:from="loc_ZRVTAssetsCurrent" xlink:to="loc_ZRVTCash" xlink:type="arc" weight="1" />
      <link:loc xlink:type="locator" xlink:href="http://xbrl.fasb.org/us-gaap/2012/elts/us-gaap-2012-01-31.xsd#us-gaap_MarketableSecuritiesCurrent" xlink:label="loc_ZRVTMarketableSecuritiesCurrent" />
      <link:calculationArc order="200" xlink:arcrole="http://www.xbrl.org/2003/arcrole/summation-item" xlink:from="loc_ZRVTAssetsCurrent" xlink:to="loc_ZRVTMarketableSecuritiesCurrent" xlink:type="arc" weight="1" />
      <link:loc xlink:type="locator" xlink:href="http://xbrl.fasb.org/us-gaap/2012/elts/us-gaap-2012-01-31.xsd#us-gaap_AccountsReceivableNetCurrent" xlink:label="loc_ZRVTAccountsReceivableNetCurrent" />
      <link:calculationArc order="300" xlink:arcrole="http://www.xbrl.org/2003/arcrole/summation-item" xlink:from="loc_ZRVTAssetsCurrent" xlink:to="loc_ZRVTAccountsReceivableNetCurrent" xlink:type="arc" weight="1" />
      <link:loc xlink:type="locator" xlink:href="http://xbrl.fasb.org/us-gaap/2012/elts/us-gaap-2012-01-31.xsd#us-gaap_DeferredCostsCurrent" xlink:label="loc_ZRVTDeferredCostsCurrent" />
      <link:calculationArc order="400" xlink:arcrole="http://www.xbrl.org/2003/arcrole/summation-item" xlink:from="loc_ZRVTAssetsCurrent" xlink:to="loc_ZRVTDeferredCostsCurrent" xlink:type="arc" weight="1" />
      <link:loc xlink:type="locator" xlink:href="http://xbrl.fasb.org/us-gaap/2012/elts/us-gaap-2012-01-31.xsd#us-gaap_PrepaidExpenseCurrent" xlink:label="loc_ZRVTPrepaidExpenseCurrent" />
      <link:calculationArc order="500" xlink:arcrole="http://www.xbrl.org/2003/arcrole/summation-item" xlink:from="loc_ZRVTAssetsCurrent" xlink:to="loc_ZRVTPrepaidExpenseCurrent" xlink:type="arc" weight="1" />
      <link:loc xlink:type="locator" xlink:href="http://xbrl.fasb.org/us-gaap/2012/elts/us-gaap-2012-01-31.xsd#us-gaap_Assets" xlink:label="loc_ZRVTAssets" />
      <link:calculationArc order="100" xlink:arcrole="http://www.xbrl.org/2003/arcrole/summation-item" xlink:from="loc_ZRVTAssets" xlink:to="loc_ZRVTAssetsCurrent" xlink:type="arc" weight="1" />
      <link:loc xlink:type="locator" xlink:href="http://xbrl.fasb.org/us-gaap/2012/elts/us-gaap-2012-01-31.xsd#us-gaap_PropertyPlantAndEquipmentNet" xlink:label="loc_ZRVTPropertyPlantAndEquipmentNet" />
      <link:calculationArc order="200" xlink:arcrole="http://www.xbrl.org/2003/arcrole/summation-item" xlink:from="loc_ZRVTAssets" xlink:to="loc_ZRVTPropertyPlantAndEquipmentNet" xlink:type="arc" weight="1" />
      <link:loc xlink:type="locator" xlink:href="http://xbrl.fasb.org/us-gaap/2012/elts/us-gaap-2012-01-31.xsd#us-gaap_DepositsAssets" xlink:label="loc_ZRVTDepositsAssets" />
      <link:calculationArc order="300" xlink:arcrole="http://www.xbrl.org/2003/arcrole/summation-item" xlink:from="loc_ZRVTAssets" xlink:to="loc_ZRVTDepositsAssets" xlink:type="arc" weight="1" />
      <link:loc xlink:type="locator" xlink:href="http://xbrl.fasb.org/us-gaap/2012/elts/us-gaap-2012-01-31.xsd#us-gaap_LiabilitiesCurrent" xlink:label="loc_ZRVTLiabilitiesCurrent" />
      <link:loc xlink:type="locator" xlink:href="http://xbrl.fasb.org/us-gaap/2012/elts/us-gaap-2012-01-31.xsd#us-gaap_AccountsPayableCurrent" xlink:label="loc_ZRVTAccountsPayableCurrent" />
      <link:calculationArc order="100" xlink:arcrole="http://www.xbrl.org/2003/arcrole/summation-item" xlink:from="loc_ZRVTLiabilitiesCurrent" xlink:to="loc_ZRVTAccountsPayableCurrent" xlink:type="arc" weight="1" />
      <link:loc xlink:type="locator" xlink:href="http://xbrl.fasb.org/us-gaap/2012/elts/us-gaap-2012-01-31.xsd#us-gaap_AccountsPayableRelatedPartiesCurrent" xlink:label="loc_ZRVTAccountsPayableRelatedPartiesCurrent" />
      <link:calculationArc order="200" xlink:arcrole="http://www.xbrl.org/2003/arcrole/summation-item" xlink:from="loc_ZRVTLiabilitiesCurrent" xlink:to="loc_ZRVTAccountsPayableRelatedPartiesCurrent" xlink:type="arc" weight="1" />
      <link:loc xlink:type="locator" xlink:href="http://xbrl.fasb.org/us-gaap/2012/elts/us-gaap-2012-01-31.xsd#us-gaap_NotesPayableCurrent" xlink:label="loc_ZRVTNotesPayableCurrent" />
      <link:calculationArc order="300" xlink:arcrole="http://www.xbrl.org/2003/arcrole/summation-item" xlink:from="loc_ZRVTLiabilitiesCurrent" xlink:to="loc_ZRVTNotesPayableCurrent" xlink:type="arc" weight="1" />
      <link:loc xlink:type="locator" xlink:href="http://xbrl.fasb.org/us-gaap/2012/elts/us-gaap-2012-01-31.xsd#us-gaap_NotesPayableRelatedPartiesClassifiedCurrent" xlink:label="loc_ZRVTNotesPayableRelatedPartiesClassifiedCurrent" />
      <link:calculationArc order="400" xlink:arcrole="http://www.xbrl.org/2003/arcrole/summation-item" xlink:from="loc_ZRVTLiabilitiesCurrent" xlink:to="loc_ZRVTNotesPayableRelatedPartiesClassifiedCurrent" xlink:type="arc" weight="1" />
      <link:loc xlink:type="locator" xlink:href="http://xbrl.fasb.org/us-gaap/2012/elts/us-gaap-2012-01-31.xsd#us-gaap_AccruedLiabilitiesCurrent" xlink:label="loc_ZRVTAccruedLiabilitiesCurrent" />
      <link:calculationArc order="500" xlink:arcrole="http://www.xbrl.org/2003/arcrole/summation-item" xlink:from="loc_ZRVTLiabilitiesCurrent" xlink:to="loc_ZRVTAccruedLiabilitiesCurrent" xlink:type="arc" weight="1" />
      <link:loc xlink:type="locator" xlink:href="http://xbrl.fasb.org/us-gaap/2012/elts/us-gaap-2012-01-31.xsd#us-gaap_DeferredRevenueCurrent" xlink:label="loc_ZRVTDeferredRevenueCurrent" />
      <link:calculationArc order="600" xlink:arcrole="http://www.xbrl.org/2003/arcrole/summation-item" xlink:from="loc_ZRVTLiabilitiesCurrent" xlink:to="loc_ZRVTDeferredRevenueCurrent" xlink:type="arc" weight="1" />
      <link:loc xlink:type="locator" xlink:href="http://xbrl.fasb.org/us-gaap/2012/elts/us-gaap-2012-01-31.xsd#us-gaap_DeferredCompensationLiabilityCurrent" xlink:label="loc_ZRVTDeferredCompensationLiabilityCurrent" />
      <link:calculationArc order="700" xlink:arcrole="http://www.xbrl.org/2003/arcrole/summation-item" xlink:from="loc_ZRVTLiabilitiesCurrent" xlink:to="loc_ZRVTDeferredCompensationLiabilityCurrent" xlink:type="arc" weight="1" />
      <link:loc xlink:type="locator" xlink:href="http://xbrl.fasb.org/us-gaap/2012/elts/us-gaap-2012-01-31.xsd#us-gaap_AccruedIncomeTaxesCurrent" xlink:label="loc_ZRVTAccruedIncomeTaxesCurrent" />
      <link:calculationArc order="800" xlink:arcrole="http://www.xbrl.org/2003/arcrole/summation-item" xlink:from="loc_ZRVTLiabilitiesCurrent" xlink:to="loc_ZRVTAccruedIncomeTaxesCurrent" xlink:type="arc" weight="1" />
      <link:loc xlink:type="locator" xlink:href="http://xbrl.fasb.org/us-gaap/2012/elts/us-gaap-2012-01-31.xsd#us-gaap_Liabilities" xlink:label="loc_ZRVTLiabilities" />
      <link:calculationArc order="100" xlink:arcrole="http://www.xbrl.org/2003/arcrole/summation-item" xlink:from="loc_ZRVTLiabilities" xlink:to="loc_ZRVTLiabilitiesCurrent" xlink:type="arc" weight="1" />
      <link:loc xlink:type="locator" xlink:href="http://xbrl.fasb.org/us-gaap/2012/elts/us-gaap-2012-01-31.xsd#us-gaap_LongTermNotesPayable" xlink:label="loc_ZRVTLongTermNotesPayable" />
      <link:calculationArc order="200" xlink:arcrole="http://www.xbrl.org/2003/arcrole/summation-item" xlink:from="loc_ZRVTLiabilities" xlink:to="loc_ZRVTLongTermNotesPayable" xlink:type="arc" weight="1" />
      <link:loc xlink:type="locator" xlink:href="http://xbrl.fasb.org/us-gaap/2012/elts/us-gaap-2012-01-31.xsd#us-gaap_WarrantsAndRightsOutstanding" xlink:label="loc_ZRVTWarrantsAndRightsOutstanding" />
      <link:calculationArc order="300" xlink:arcrole="http://www.xbrl.org/2003/arcrole/summation-item" xlink:from="loc_ZRVTLiabilities" xlink:to="loc_ZRVTWarrantsAndRightsOutstanding" xlink:type="arc" weight="1" />
      <link:loc xlink:type="locator" xlink:href="http://xbrl.fasb.org/us-gaap/2012/elts/us-gaap-2012-01-31.xsd#us-gaap_StockholdersEquity" xlink:label="loc_ZRVTStockholdersEquity" />
      <link:loc xlink:type="locator" xlink:href="http://xbrl.fasb.org/us-gaap/2012/elts/us-gaap-2012-01-31.xsd#us-gaap_CommonStockValue" xlink:label="loc_ZRVTCommonStockValue" />
      <link:calculationArc order="100" xlink:arcrole="http://www.xbrl.org/2003/arcrole/summation-item" xlink:from="loc_ZRVTStockholdersEquity" xlink:to="loc_ZRVTCommonStockValue" xlink:type="arc" weight="1" />
      <link:loc xlink:type="locator" xlink:href="http://xbrl.fasb.org/us-gaap/2012/elts/us-gaap-2012-01-31.xsd#us-gaap_AdditionalPaidInCapital" xlink:label="loc_ZRVTAdditionalPaidInCapital" />
      <link:calculationArc order="200" xlink:arcrole="http://www.xbrl.org/2003/arcrole/summation-item" xlink:from="loc_ZRVTStockholdersEquity" xlink:to="loc_ZRVTAdditionalPaidInCapital" xlink:type="arc" weight="1" />
      <link:loc xlink:type="locator" xlink:href="http://xbrl.fasb.org/us-gaap/2012/elts/us-gaap-2012-01-31.xsd#us-gaap_RetainedEarningsAccumulatedDeficit" xlink:label="loc_ZRVTRetainedEarningsAccumulatedDeficit" />
      <link:calculationArc order="300" xlink:arcrole="http://www.xbrl.org/2003/arcrole/summation-item" xlink:from="loc_ZRVTStockholdersEquity" xlink:to="loc_ZRVTRetainedEarningsAccumulatedDeficit" xlink:type="arc" weight="1" />
      <link:loc xlink:type="locator" xlink:href="http://xbrl.fasb.org/us-gaap/2012/elts/us-gaap-2012-01-31.xsd#us-gaap_TreasuryStockValue" xlink:label="loc_ZRVTTreasuryStockValue" />
      <link:calculationArc order="400" xlink:arcrole="http://www.xbrl.org/2003/arcrole/summation-item" xlink:from="loc_ZRVTStockholdersEquity" xlink:to="loc_ZRVTTreasuryStockValue" xlink:type="arc" weight="-1" />
      <link:loc xlink:type="locator" xlink:href="http://xbrl.fasb.org/us-gaap/2012/elts/us-gaap-2012-01-31.xsd#us-gaap_LiabilitiesAndStockholdersEquity" xlink:label="loc_ZRVTLiabilitiesAndStockholdersEquity" />
      <link:calculationArc order="100" xlink:arcrole="http://www.xbrl.org/2003/arcrole/summation-item" xlink:from="loc_ZRVTLiabilitiesAndStockholdersEquity" xlink:to="loc_ZRVTLiabilities" xlink:type="arc" weight="1" />
      <link:loc xlink:type="locator" xlink:href="http://xbrl.fasb.org/us-gaap/2012/elts/us-gaap-2012-01-31.xsd#us-gaap_ConvertiblePreferredStockNonredeemableOrRedeemableIssuerOptionValue" xlink:label="loc_ZRVTConvertiblePreferredStockNonredeemableOrRedeemableIssuerOptionValue" />
      <link:calculationArc order="200" xlink:arcrole="http://www.xbrl.org/2003/arcrole/summation-item" xlink:from="loc_ZRVTLiabilitiesAndStockholdersEquity" xlink:to="loc_ZRVTConvertiblePreferredStockNonredeemableOrRedeemableIssuerOptionValue" xlink:type="arc" weight="1" />
      <link:calculationArc order="300" xlink:arcrole="http://www.xbrl.org/2003/arcrole/summation-item" xlink:from="loc_ZRVTLiabilitiesAndStockholdersEquity" xlink:to="loc_ZRVTStockholdersEquity" xlink:type="arc" weight="1" />
    </link:calculationLink>
    <link:calculationLink xlink:type="extended" xlink:role="http://zurvita.com/role/ConsolidatedBalanceSheetsParenthetical" xlink:title="0003 - Statement - CONSOLIDATED BALANCE SHEETS (Parenthetical)" />
    <link:calculationLink xlink:type="extended" xlink:role="http://zurvita.com/role/ConsolidatedStatementsOfOperations" xlink:title="0004 - Statement - CONSOLIDATED STATEMENTS OF OPERATIONS">
      <link:loc xlink:type="locator" xlink:href="http://xbrl.fasb.org/us-gaap/2012/elts/us-gaap-2012-01-31.xsd#us-gaap_Revenues" xlink:label="loc_ZRVTRevenues" />
      <link:loc xlink:type="locator" xlink:href="http://xbrl.fasb.org/us-gaap/2012/elts/us-gaap-2012-01-31.xsd#us-gaap_SalesRevenueServicesNet" xlink:label="loc_ZRVTSalesRevenueServicesNet" />
      <link:calculationArc order="100" xlink:arcrole="http://www.xbrl.org/2003/arcrole/summation-item" xlink:from="loc_ZRVTRevenues" xlink:to="loc_ZRVTSalesRevenueServicesNet" xlink:type="arc" weight="1" />
      <link:loc xlink:type="locator" xlink:href="http://xbrl.fasb.org/us-gaap/2012/elts/us-gaap-2012-01-31.xsd#us-gaap_AdvertisingRevenue" xlink:label="loc_ZRVTAdvertisingRevenue" />
      <link:calculationArc order="200" xlink:arcrole="http://www.xbrl.org/2003/arcrole/summation-item" xlink:from="loc_ZRVTRevenues" xlink:to="loc_ZRVTAdvertisingRevenue" xlink:type="arc" weight="1" />
      <link:loc xlink:type="locator" xlink:href="http://xbrl.fasb.org/us-gaap/2012/elts/us-gaap-2012-01-31.xsd#us-gaap_FeesAndCommissions" xlink:label="loc_ZRVTFeesAndCommissions" />
      <link:calculationArc order="300" xlink:arcrole="http://www.xbrl.org/2003/arcrole/summation-item" xlink:from="loc_ZRVTRevenues" xlink:to="loc_ZRVTFeesAndCommissions" xlink:type="arc" weight="1" />
      <link:loc xlink:type="locator" xlink:href="http://xbrl.fasb.org/us-gaap/2012/elts/us-gaap-2012-01-31.xsd#us-gaap_SalesRevenueGoodsNet" xlink:label="loc_ZRVTSalesRevenueGoodsNet" />
      <link:calculationArc order="400" xlink:arcrole="http://www.xbrl.org/2003/arcrole/summation-item" xlink:from="loc_ZRVTRevenues" xlink:to="loc_ZRVTSalesRevenueGoodsNet" xlink:type="arc" weight="1" />
      <link:loc xlink:type="locator" xlink:href="http://xbrl.fasb.org/us-gaap/2012/elts/us-gaap-2012-01-31.xsd#us-gaap_OtherSalesRevenueNet" xlink:label="loc_ZRVTOtherSalesRevenueNet" />
      <link:calculationArc order="500" xlink:arcrole="http://www.xbrl.org/2003/arcrole/summation-item" xlink:from="loc_ZRVTRevenues" xlink:to="loc_ZRVTOtherSalesRevenueNet" xlink:type="arc" weight="1" />
      <link:loc xlink:type="locator" xlink:href="http://xbrl.fasb.org/us-gaap/2012/elts/us-gaap-2012-01-31.xsd#us-gaap_MembershipDuesRevenueOnGoing" xlink:label="loc_ZRVTMembershipDuesRevenueOnGoing" />
      <link:calculationArc order="600" xlink:arcrole="http://www.xbrl.org/2003/arcrole/summation-item" xlink:from="loc_ZRVTRevenues" xlink:to="loc_ZRVTMembershipDuesRevenueOnGoing" xlink:type="arc" weight="1" />
      <link:loc xlink:type="locator" xlink:href="http://xbrl.fasb.org/us-gaap/2012/elts/us-gaap-2012-01-31.xsd#us-gaap_CostOfRevenue" xlink:label="loc_ZRVTCostOfRevenue" />
      <link:loc xlink:type="locator" xlink:href="http://xbrl.fasb.org/us-gaap/2012/elts/us-gaap-2012-01-31.xsd#us-gaap_CostOfServices" xlink:label="loc_ZRVTCostOfServices" />
      <link:calculationArc order="100" xlink:arcrole="http://www.xbrl.org/2003/arcrole/summation-item" xlink:from="loc_ZRVTCostOfRevenue" xlink:to="loc_ZRVTCostOfServices" xlink:type="arc" weight="1" />
      <link:loc xlink:type="locator" xlink:href="http://xbrl.fasb.org/us-gaap/2012/elts/us-gaap-2012-01-31.xsd#us-gaap_CostOfGoodsSold" xlink:label="loc_ZRVTCostOfGoodsSold" />
      <link:calculationArc order="200" xlink:arcrole="http://www.xbrl.org/2003/arcrole/summation-item" xlink:from="loc_ZRVTCostOfRevenue" xlink:to="loc_ZRVTCostOfGoodsSold" xlink:type="arc" weight="1" />
      <link:loc xlink:type="locator" xlink:href="http://xbrl.fasb.org/us-gaap/2012/elts/us-gaap-2012-01-31.xsd#us-gaap_SalesCommissionsAndFees" xlink:label="loc_ZRVTSalesCommissionsAndFees" />
      <link:calculationArc order="300" xlink:arcrole="http://www.xbrl.org/2003/arcrole/summation-item" xlink:from="loc_ZRVTCostOfRevenue" xlink:to="loc_ZRVTSalesCommissionsAndFees" xlink:type="arc" weight="1" />
      <link:loc xlink:type="locator" xlink:href="http://xbrl.fasb.org/us-gaap/2012/elts/us-gaap-2012-01-31.xsd#us-gaap_GrossProfit" xlink:label="loc_ZRVTGrossProfit" />
      <link:calculationArc order="100" xlink:arcrole="http://www.xbrl.org/2003/arcrole/summation-item" xlink:from="loc_ZRVTGrossProfit" xlink:to="loc_ZRVTRevenues" xlink:type="arc" weight="1" />
      <link:calculationArc order="200" xlink:arcrole="http://www.xbrl.org/2003/arcrole/summation-item" xlink:from="loc_ZRVTGrossProfit" xlink:to="loc_ZRVTCostOfRevenue" xlink:type="arc" weight="-1" />
      <link:loc xlink:type="locator" xlink:href="http://xbrl.fasb.org/us-gaap/2012/elts/us-gaap-2012-01-31.xsd#us-gaap_OperatingExpenses" xlink:label="loc_ZRVTOperatingExpenses" />
      <link:loc xlink:type="locator" xlink:href="http://xbrl.fasb.org/us-gaap/2012/elts/us-gaap-2012-01-31.xsd#us-gaap_Depreciation" xlink:label="loc_ZRVTDepreciation" />
      <link:calculationArc order="100" xlink:arcrole="http://www.xbrl.org/2003/arcrole/summation-item" xlink:from="loc_ZRVTOperatingExpenses" xlink:to="loc_ZRVTDepreciation" xlink:type="arc" weight="1" />
      <link:loc xlink:type="locator" xlink:href="http://xbrl.fasb.org/us-gaap/2012/elts/us-gaap-2012-01-31.xsd#us-gaap_MarketableSecuritiesGainLossExcludingOtherThanTemporaryImpairments" xlink:label="loc_ZRVTMarketableSecuritiesGainLossExcludingOtherThanTemporaryImpairments" />
      <link:calculationArc order="200" xlink:arcrole="http://www.xbrl.org/2003/arcrole/summation-item" xlink:from="loc_ZRVTOperatingExpenses" xlink:to="loc_ZRVTMarketableSecuritiesGainLossExcludingOtherThanTemporaryImpairments" xlink:type="arc" weight="-1" />
      <link:loc xlink:type="locator" xlink:href="http://xbrl.fasb.org/us-gaap/2012/elts/us-gaap-2012-01-31.xsd#us-gaap_SuppliesExpense" xlink:label="loc_ZRVTSuppliesExpense" />
      <link:calculationArc order="300" xlink:arcrole="http://www.xbrl.org/2003/arcrole/summation-item" xlink:from="loc_ZRVTOperatingExpenses" xlink:to="loc_ZRVTSuppliesExpense" xlink:type="arc" weight="1" />
      <link:loc xlink:type="locator" xlink:href="http://xbrl.fasb.org/us-gaap/2012/elts/us-gaap-2012-01-31.xsd#us-gaap_SalariesAndWages" xlink:label="loc_ZRVTSalariesAndWages" />
      <link:calculationArc order="400" xlink:arcrole="http://www.xbrl.org/2003/arcrole/summation-item" xlink:from="loc_ZRVTOperatingExpenses" xlink:to="loc_ZRVTSalariesAndWages" xlink:type="arc" weight="1" />
      <link:loc xlink:type="locator" xlink:href="http://xbrl.fasb.org/us-gaap/2012/elts/us-gaap-2012-01-31.xsd#us-gaap_ProfessionalFees" xlink:label="loc_ZRVTProfessionalFees" />
      <link:calculationArc order="500" xlink:arcrole="http://www.xbrl.org/2003/arcrole/summation-item" xlink:from="loc_ZRVTOperatingExpenses" xlink:to="loc_ZRVTProfessionalFees" xlink:type="arc" weight="1" />
      <link:loc xlink:type="locator" xlink:href="http://xbrl.fasb.org/us-gaap/2012/elts/us-gaap-2012-01-31.xsd#us-gaap_SellingAndMarketingExpense" xlink:label="loc_ZRVTSellingAndMarketingExpense" />
      <link:calculationArc order="600" xlink:arcrole="http://www.xbrl.org/2003/arcrole/summation-item" xlink:from="loc_ZRVTOperatingExpenses" xlink:to="loc_ZRVTSellingAndMarketingExpense" xlink:type="arc" weight="1" />
      <link:loc xlink:type="locator" xlink:href="http://xbrl.fasb.org/us-gaap/2012/elts/us-gaap-2012-01-31.xsd#us-gaap_TravelAndEntertainmentExpense" xlink:label="loc_ZRVTTravelAndEntertainmentExpense" />
      <link:calculationArc order="700" xlink:arcrole="http://www.xbrl.org/2003/arcrole/summation-item" xlink:from="loc_ZRVTOperatingExpenses" xlink:to="loc_ZRVTTravelAndEntertainmentExpense" xlink:type="arc" weight="1" />
      <link:loc xlink:type="locator" xlink:href="http://xbrl.fasb.org/us-gaap/2012/elts/us-gaap-2012-01-31.xsd#us-gaap_IncomeLossFromContinuingOperationsBeforeIncomeTaxesMinorityInterestAndIncomeLossFromEquityMethodInvestments" xlink:label="loc_ZRVTIncomeLossFromContinuingOperationsBeforeIncomeTaxesMinorityInterestAndIncomeLossFromEquityMethodInvestments" />
      <link:calculationArc order="100" xlink:arcrole="http://www.xbrl.org/2003/arcrole/summation-item" xlink:from="loc_ZRVTIncomeLossFromContinuingOperationsBeforeIncomeTaxesMinorityInterestAndIncomeLossFromEquityMethodInvestments" xlink:to="loc_ZRVTGrossProfit" xlink:type="arc" weight="1" />
      <link:calculationArc order="200" xlink:arcrole="http://www.xbrl.org/2003/arcrole/summation-item" xlink:from="loc_ZRVTIncomeLossFromContinuingOperationsBeforeIncomeTaxesMinorityInterestAndIncomeLossFromEquityMethodInvestments" xlink:to="loc_ZRVTOperatingExpenses" xlink:type="arc" weight="-1" />
      <link:loc xlink:type="locator" xlink:href="http://xbrl.fasb.org/us-gaap/2012/elts/us-gaap-2012-01-31.xsd#us-gaap_NonoperatingIncomeExpense" xlink:label="loc_ZRVTNonoperatingIncomeExpense" />
      <link:loc xlink:type="locator" xlink:href="http://xbrl.fasb.org/us-gaap/2012/elts/us-gaap-2012-01-31.xsd#us-gaap_FairValueOptionChangesInFairValueGainLoss1" xlink:label="loc_ZRVTFairValueOptionChangesInFairValueGainLoss1" />
      <link:calculationArc order="100" xlink:arcrole="http://www.xbrl.org/2003/arcrole/summation-item" xlink:from="loc_ZRVTNonoperatingIncomeExpense" xlink:to="loc_ZRVTFairValueOptionChangesInFairValueGainLoss1" xlink:type="arc" weight="1" />
      <link:loc xlink:type="locator" xlink:href="http://xbrl.fasb.org/us-gaap/2012/elts/us-gaap-2012-01-31.xsd#us-gaap_UnrealizedGainLossOnDerivatives" xlink:label="loc_ZRVTUnrealizedGainLossOnDerivatives" />
      <link:calculationArc order="200" xlink:arcrole="http://www.xbrl.org/2003/arcrole/summation-item" xlink:from="loc_ZRVTNonoperatingIncomeExpense" xlink:to="loc_ZRVTUnrealizedGainLossOnDerivatives" xlink:type="arc" weight="1" />
      <link:loc xlink:type="locator" xlink:href="http://xbrl.fasb.org/us-gaap/2012/elts/us-gaap-2012-01-31.xsd#us-gaap_InterestExpense" xlink:label="loc_ZRVTInterestExpense" />
      <link:calculationArc order="300" xlink:arcrole="http://www.xbrl.org/2003/arcrole/summation-item" xlink:from="loc_ZRVTNonoperatingIncomeExpense" xlink:to="loc_ZRVTInterestExpense" xlink:type="arc" weight="-1" />
      <link:loc xlink:type="locator" xlink:href="zrvt-20120731.xsd#ZRVT_GainOnSaleOfNoncomponentEntity" xlink:label="loc_ZRVTGainOnSaleOfNoncomponentEntity" />
      <link:calculationArc order="400" xlink:arcrole="http://www.xbrl.org/2003/arcrole/summation-item" xlink:from="loc_ZRVTNonoperatingIncomeExpense" xlink:to="loc_ZRVTGainOnSaleOfNoncomponentEntity" xlink:type="arc" weight="1" />
      <link:loc xlink:type="locator" xlink:href="http://xbrl.fasb.org/us-gaap/2012/elts/us-gaap-2012-01-31.xsd#us-gaap_InterestIncomeOperating" xlink:label="loc_ZRVTInterestIncomeOperating" />
      <link:calculationArc order="500" xlink:arcrole="http://www.xbrl.org/2003/arcrole/summation-item" xlink:from="loc_ZRVTNonoperatingIncomeExpense" xlink:to="loc_ZRVTInterestIncomeOperating" xlink:type="arc" weight="1" />
      <link:loc xlink:type="locator" xlink:href="http://xbrl.fasb.org/us-gaap/2012/elts/us-gaap-2012-01-31.xsd#us-gaap_MarketableSecuritiesUnrealizedGainLoss" xlink:label="loc_ZRVTMarketableSecuritiesUnrealizedGainLoss" />
      <link:calculationArc order="600" xlink:arcrole="http://www.xbrl.org/2003/arcrole/summation-item" xlink:from="loc_ZRVTNonoperatingIncomeExpense" xlink:to="loc_ZRVTMarketableSecuritiesUnrealizedGainLoss" xlink:type="arc" weight="1" />
      <link:loc xlink:type="locator" xlink:href="http://xbrl.fasb.org/us-gaap/2012/elts/us-gaap-2012-01-31.xsd#us-gaap_GainLossOnSaleOfNotesReceivable" xlink:label="loc_ZRVTGainLossOnSaleOfNotesReceivable" />
      <link:calculationArc order="700" xlink:arcrole="http://www.xbrl.org/2003/arcrole/summation-item" xlink:from="loc_ZRVTNonoperatingIncomeExpense" xlink:to="loc_ZRVTGainLossOnSaleOfNotesReceivable" xlink:type="arc" weight="1" />
      <link:loc xlink:type="locator" xlink:href="http://xbrl.fasb.org/us-gaap/2012/elts/us-gaap-2012-01-31.xsd#us-gaap_GainsLossesOnExtinguishmentOfDebtBeforeWriteOffOfDeferredDebtIssuanceCost" xlink:label="loc_ZRVTGainsLossesOnExtinguishmentOfDebtBeforeWriteOffOfDeferredDebtIssuanceCost" />
      <link:calculationArc order="800" xlink:arcrole="http://www.xbrl.org/2003/arcrole/summation-item" xlink:from="loc_ZRVTNonoperatingIncomeExpense" xlink:to="loc_ZRVTGainsLossesOnExtinguishmentOfDebtBeforeWriteOffOfDeferredDebtIssuanceCost" xlink:type="arc" weight="1" />
      <link:loc xlink:type="locator" xlink:href="http://xbrl.fasb.org/us-gaap/2012/elts/us-gaap-2012-01-31.xsd#us-gaap_ProfitLoss" xlink:label="loc_ZRVTProfitLoss" />
      <link:calculationArc order="100" xlink:arcrole="http://www.xbrl.org/2003/arcrole/summation-item" xlink:from="loc_ZRVTProfitLoss" xlink:to="loc_ZRVTIncomeLossFromContinuingOperationsBeforeIncomeTaxesMinorityInterestAndIncomeLossFromEquityMethodInvestments" xlink:type="arc" weight="1" />
      <link:calculationArc order="200" xlink:arcrole="http://www.xbrl.org/2003/arcrole/summation-item" xlink:from="loc_ZRVTProfitLoss" xlink:to="loc_ZRVTNonoperatingIncomeExpense" xlink:type="arc" weight="1" />
      <link:loc xlink:type="locator" xlink:href="http://xbrl.fasb.org/us-gaap/2012/elts/us-gaap-2012-01-31.xsd#us-gaap_NetIncomeLoss" xlink:label="loc_ZRVTNetIncomeLoss" />
      <link:calculationArc order="100" xlink:arcrole="http://www.xbrl.org/2003/arcrole/summation-item" xlink:from="loc_ZRVTNetIncomeLoss" xlink:to="loc_ZRVTProfitLoss" xlink:type="arc" weight="1" />
      <link:loc xlink:type="locator" xlink:href="http://xbrl.fasb.org/us-gaap/2012/elts/us-gaap-2012-01-31.xsd#us-gaap_IncomeTaxExpenseBenefit" xlink:label="loc_ZRVTIncomeTaxExpenseBenefit" />
      <link:calculationArc order="200" xlink:arcrole="http://www.xbrl.org/2003/arcrole/summation-item" xlink:from="loc_ZRVTNetIncomeLoss" xlink:to="loc_ZRVTIncomeTaxExpenseBenefit" xlink:type="arc" weight="-1" />
    </link:calculationLink>
    <link:calculationLink xlink:type="extended" xlink:role="http://zurvita.com/role/ConsolidatedStatementsOfStockholdersDeficit" xlink:title="0005 - Statement - CONSOLIDATED STATEMENTS OF STOCKHOLDERS' DEFICIT" />
    <link:calculationLink xlink:type="extended" xlink:role="http://zurvita.com/role/ConsolidatedStatementsOfCashFlows" xlink:title="0006 - Statement - CONSOLIDATED STATEMENTS OF CASH FLOWS">
      <link:loc xlink:type="locator" xlink:href="http://xbrl.fasb.org/us-gaap/2012/elts/us-gaap-2012-01-31.xsd#us-gaap_NetCashProvidedByUsedInOperatingActivities" xlink:label="loc_ZRVTNetCashProvidedByUsedInOperatingActivities" />
      <link:loc xlink:type="locator" xlink:href="http://xbrl.fasb.org/us-gaap/2012/elts/us-gaap-2012-01-31.xsd#us-gaap_NetIncomeLoss" xlink:label="loc_ZRVTNetIncomeLoss" />
      <link:calculationArc order="100" xlink:arcrole="http://www.xbrl.org/2003/arcrole/summation-item" xlink:from="loc_ZRVTNetCashProvidedByUsedInOperatingActivities" xlink:to="loc_ZRVTNetIncomeLoss" xlink:type="arc" weight="1" />
      <link:loc xlink:type="locator" xlink:href="http://xbrl.fasb.org/us-gaap/2012/elts/us-gaap-2012-01-31.xsd#us-gaap_AmortizationOfFinancingCostsAndDiscounts" xlink:label="loc_ZRVTAmortizationOfFinancingCostsAndDiscounts" />
      <link:calculationArc order="200" xlink:arcrole="http://www.xbrl.org/2003/arcrole/summation-item" xlink:from="loc_ZRVTNetCashProvidedByUsedInOperatingActivities" xlink:to="loc_ZRVTAmortizationOfFinancingCostsAndDiscounts" xlink:type="arc" weight="1" />
      <link:loc xlink:type="locator" xlink:href="http://xbrl.fasb.org/us-gaap/2012/elts/us-gaap-2012-01-31.xsd#us-gaap_AmortizationOfAcquisitionCosts" xlink:label="loc_ZRVTAmortizationOfAcquisitionCosts" />
      <link:calculationArc order="300" xlink:arcrole="http://www.xbrl.org/2003/arcrole/summation-item" xlink:from="loc_ZRVTNetCashProvidedByUsedInOperatingActivities" xlink:to="loc_ZRVTAmortizationOfAcquisitionCosts" xlink:type="arc" weight="1" />
      <link:loc xlink:type="locator" xlink:href="http://xbrl.fasb.org/us-gaap/2012/elts/us-gaap-2012-01-31.xsd#us-gaap_ShareBasedCompensation" xlink:label="loc_ZRVTShareBasedCompensation" />
      <link:calculationArc order="400" xlink:arcrole="http://www.xbrl.org/2003/arcrole/summation-item" xlink:from="loc_ZRVTNetCashProvidedByUsedInOperatingActivities" xlink:to="loc_ZRVTShareBasedCompensation" xlink:type="arc" weight="1" />
      <link:loc xlink:type="locator" xlink:href="http://xbrl.fasb.org/us-gaap/2012/elts/us-gaap-2012-01-31.xsd#us-gaap_FairValueOptionChangesInFairValueGainLoss1" xlink:label="loc_ZRVTFairValueOptionChangesInFairValueGainLoss1" />
      <link:calculationArc order="500" xlink:arcrole="http://www.xbrl.org/2003/arcrole/summation-item" xlink:from="loc_ZRVTNetCashProvidedByUsedInOperatingActivities" xlink:to="loc_ZRVTFairValueOptionChangesInFairValueGainLoss1" xlink:type="arc" weight="-1" />
      <link:loc xlink:type="locator" xlink:href="zrvt-20120731.xsd#ZRVT_GainOnSaleOfNoncomponentEntity" xlink:label="loc_ZRVTGainOnSaleOfNoncomponentEntity" />
      <link:calculationArc order="600" xlink:arcrole="http://www.xbrl.org/2003/arcrole/summation-item" xlink:from="loc_ZRVTNetCashProvidedByUsedInOperatingActivities" xlink:to="loc_ZRVTGainOnSaleOfNoncomponentEntity" xlink:type="arc" weight="-1" />
      <link:loc xlink:type="locator" xlink:href="http://xbrl.fasb.org/us-gaap/2012/elts/us-gaap-2012-01-31.xsd#us-gaap_IncreaseDecreaseInFairValueOfUnhedgedDerivativeInstruments" xlink:label="loc_ZRVTIncreaseDecreaseInFairValueOfUnhedgedDerivativeInstruments" />
      <link:calculationArc order="700" xlink:arcrole="http://www.xbrl.org/2003/arcrole/summation-item" xlink:from="loc_ZRVTNetCashProvidedByUsedInOperatingActivities" xlink:to="loc_ZRVTIncreaseDecreaseInFairValueOfUnhedgedDerivativeInstruments" xlink:type="arc" weight="1" />
      <link:loc xlink:type="locator" xlink:href="http://xbrl.fasb.org/us-gaap/2012/elts/us-gaap-2012-01-31.xsd#us-gaap_GainsLossesOnExtinguishmentOfDebt" xlink:label="loc_ZRVTGainsLossesOnExtinguishmentOfDebt" />
      <link:calculationArc order="800" xlink:arcrole="http://www.xbrl.org/2003/arcrole/summation-item" xlink:from="loc_ZRVTNetCashProvidedByUsedInOperatingActivities" xlink:to="loc_ZRVTGainsLossesOnExtinguishmentOfDebt" xlink:type="arc" weight="1" />
      <link:loc xlink:type="locator" xlink:href="http://xbrl.fasb.org/us-gaap/2012/elts/us-gaap-2012-01-31.xsd#us-gaap_MarketableSecuritiesUnrealizedGainLoss" xlink:label="loc_ZRVTMarketableSecuritiesUnrealizedGainLoss" />
      <link:calculationArc order="900" xlink:arcrole="http://www.xbrl.org/2003/arcrole/summation-item" xlink:from="loc_ZRVTNetCashProvidedByUsedInOperatingActivities" xlink:to="loc_ZRVTMarketableSecuritiesUnrealizedGainLoss" xlink:type="arc" weight="-1" />
      <link:loc xlink:type="locator" xlink:href="http://xbrl.fasb.org/us-gaap/2012/elts/us-gaap-2012-01-31.xsd#us-gaap_GainsLossesOnRestructuringOfDebt" xlink:label="loc_ZRVTGainsLossesOnRestructuringOfDebt" />
      <link:calculationArc order="1000" xlink:arcrole="http://www.xbrl.org/2003/arcrole/summation-item" xlink:from="loc_ZRVTNetCashProvidedByUsedInOperatingActivities" xlink:to="loc_ZRVTGainsLossesOnRestructuringOfDebt" xlink:type="arc" weight="1" />
      <link:loc xlink:type="locator" xlink:href="http://xbrl.fasb.org/us-gaap/2012/elts/us-gaap-2012-01-31.xsd#us-gaap_MarketableSecuritiesGainLossExcludingOtherThanTemporaryImpairments" xlink:label="loc_ZRVTMarketableSecuritiesGainLossExcludingOtherThanTemporaryImpairments" />
      <link:calculationArc order="1100" xlink:arcrole="http://www.xbrl.org/2003/arcrole/summation-item" xlink:from="loc_ZRVTNetCashProvidedByUsedInOperatingActivities" xlink:to="loc_ZRVTMarketableSecuritiesGainLossExcludingOtherThanTemporaryImpairments" xlink:type="arc" weight="1" />
      <link:loc xlink:type="locator" xlink:href="http://xbrl.fasb.org/us-gaap/2012/elts/us-gaap-2012-01-31.xsd#us-gaap_GainLossOnSaleOfNotesReceivable" xlink:label="loc_ZRVTGainLossOnSaleOfNotesReceivable" />
      <link:calculationArc order="1200" xlink:arcrole="http://www.xbrl.org/2003/arcrole/summation-item" xlink:from="loc_ZRVTNetCashProvidedByUsedInOperatingActivities" xlink:to="loc_ZRVTGainLossOnSaleOfNotesReceivable" xlink:type="arc" weight="-1" />
      <link:loc xlink:type="locator" xlink:href="http://xbrl.fasb.org/us-gaap/2012/elts/us-gaap-2012-01-31.xsd#us-gaap_IncreaseDecreaseInAccountsReceivable" xlink:label="loc_ZRVTIncreaseDecreaseInAccountsReceivable" />
      <link:calculationArc order="1300" xlink:arcrole="http://www.xbrl.org/2003/arcrole/summation-item" xlink:from="loc_ZRVTNetCashProvidedByUsedInOperatingActivities" xlink:to="loc_ZRVTIncreaseDecreaseInAccountsReceivable" xlink:type="arc" weight="1" />
      <link:loc xlink:type="locator" xlink:href="http://xbrl.fasb.org/us-gaap/2012/elts/us-gaap-2012-01-31.xsd#us-gaap_IncreaseDecreaseInOtherReceivables" xlink:label="loc_ZRVTIncreaseDecreaseInOtherReceivables" />
      <link:calculationArc order="1400" xlink:arcrole="http://www.xbrl.org/2003/arcrole/summation-item" xlink:from="loc_ZRVTNetCashProvidedByUsedInOperatingActivities" xlink:to="loc_ZRVTIncreaseDecreaseInOtherReceivables" xlink:type="arc" weight="1" />
      <link:loc xlink:type="locator" xlink:href="http://xbrl.fasb.org/us-gaap/2012/elts/us-gaap-2012-01-31.xsd#us-gaap_IncreaseDecreaseInDeferredCharges" xlink:label="loc_ZRVTIncreaseDecreaseInDeferredCharges" />
      <link:calculationArc order="1500" xlink:arcrole="http://www.xbrl.org/2003/arcrole/summation-item" xlink:from="loc_ZRVTNetCashProvidedByUsedInOperatingActivities" xlink:to="loc_ZRVTIncreaseDecreaseInDeferredCharges" xlink:type="arc" weight="1" />
      <link:loc xlink:type="locator" xlink:href="http://xbrl.fasb.org/us-gaap/2012/elts/us-gaap-2012-01-31.xsd#us-gaap_IncreaseDecreaseInPrepaidExpense" xlink:label="loc_ZRVTIncreaseDecreaseInPrepaidExpense" />
      <link:calculationArc order="1600" xlink:arcrole="http://www.xbrl.org/2003/arcrole/summation-item" xlink:from="loc_ZRVTNetCashProvidedByUsedInOperatingActivities" xlink:to="loc_ZRVTIncreaseDecreaseInPrepaidExpense" xlink:type="arc" weight="1" />
      <link:loc xlink:type="locator" xlink:href="http://xbrl.fasb.org/us-gaap/2012/elts/us-gaap-2012-01-31.xsd#us-gaap_IncreaseDecreaseInAccountsPayableAndAccruedLiabilities" xlink:label="loc_ZRVTIncreaseDecreaseInAccountsPayableAndAccruedLiabilities" />
      <link:calculationArc order="1700" xlink:arcrole="http://www.xbrl.org/2003/arcrole/summation-item" xlink:from="loc_ZRVTNetCashProvidedByUsedInOperatingActivities" xlink:to="loc_ZRVTIncreaseDecreaseInAccountsPayableAndAccruedLiabilities" xlink:type="arc" weight="1" />
      <link:loc xlink:type="locator" xlink:href="http://xbrl.fasb.org/us-gaap/2012/elts/us-gaap-2012-01-31.xsd#us-gaap_IncreaseDecreaseInDeferredRevenue" xlink:label="loc_ZRVTIncreaseDecreaseInDeferredRevenue" />
      <link:calculationArc order="1800" xlink:arcrole="http://www.xbrl.org/2003/arcrole/summation-item" xlink:from="loc_ZRVTNetCashProvidedByUsedInOperatingActivities" xlink:to="loc_ZRVTIncreaseDecreaseInDeferredRevenue" xlink:type="arc" weight="1" />
      <link:loc xlink:type="locator" xlink:href="http://xbrl.fasb.org/us-gaap/2012/elts/us-gaap-2012-01-31.xsd#us-gaap_IncreaseDecreaseInDeferredCompensation" xlink:label="loc_ZRVTIncreaseDecreaseInDeferredCompensation" />
      <link:calculationArc order="1900" xlink:arcrole="http://www.xbrl.org/2003/arcrole/summation-item" xlink:from="loc_ZRVTNetCashProvidedByUsedInOperatingActivities" xlink:to="loc_ZRVTIncreaseDecreaseInDeferredCompensation" xlink:type="arc" weight="1" />
      <link:loc xlink:type="locator" xlink:href="http://xbrl.fasb.org/us-gaap/2012/elts/us-gaap-2012-01-31.xsd#us-gaap_DepreciationAndAmortization" xlink:label="loc_ZRVTDepreciationAndAmortization" />
      <link:calculationArc order="2000" xlink:arcrole="http://www.xbrl.org/2003/arcrole/summation-item" xlink:from="loc_ZRVTNetCashProvidedByUsedInOperatingActivities" xlink:to="loc_ZRVTDepreciationAndAmortization" xlink:type="arc" weight="1" />
      <link:loc xlink:type="locator" xlink:href="http://xbrl.fasb.org/us-gaap/2012/elts/us-gaap-2012-01-31.xsd#us-gaap_NetCashProvidedByUsedInInvestingActivities" xlink:label="loc_ZRVTNetCashProvidedByUsedInInvestingActivities" />
      <link:loc xlink:type="locator" xlink:href="zrvt-20120731.xsd#ZRVT_NetIdentifiableAssetsSold" xlink:label="loc_ZRVTNetIdentifiableAssetsSold" />
      <link:calculationArc order="100" xlink:arcrole="http://www.xbrl.org/2003/arcrole/summation-item" xlink:from="loc_ZRVTNetCashProvidedByUsedInInvestingActivities" xlink:to="loc_ZRVTNetIdentifiableAssetsSold" xlink:type="arc" weight="-1" />
      <link:loc xlink:type="locator" xlink:href="http://xbrl.fasb.org/us-gaap/2012/elts/us-gaap-2012-01-31.xsd#us-gaap_ProceedsFromCollectionOfNotesReceivable" xlink:label="loc_ZRVTProceedsFromCollectionOfNotesReceivable" />
      <link:calculationArc order="200" xlink:arcrole="http://www.xbrl.org/2003/arcrole/summation-item" xlink:from="loc_ZRVTNetCashProvidedByUsedInInvestingActivities" xlink:to="loc_ZRVTProceedsFromCollectionOfNotesReceivable" xlink:type="arc" weight="1" />
      <link:loc xlink:type="locator" xlink:href="http://xbrl.fasb.org/us-gaap/2012/elts/us-gaap-2012-01-31.xsd#us-gaap_ProceedsFromSaleOfNotesReceivable" xlink:label="loc_ZRVTProceedsFromSaleOfNotesReceivable" />
      <link:calculationArc order="300" xlink:arcrole="http://www.xbrl.org/2003/arcrole/summation-item" xlink:from="loc_ZRVTNetCashProvidedByUsedInInvestingActivities" xlink:to="loc_ZRVTProceedsFromSaleOfNotesReceivable" xlink:type="arc" weight="1" />
      <link:loc xlink:type="locator" xlink:href="http://xbrl.fasb.org/us-gaap/2012/elts/us-gaap-2012-01-31.xsd#us-gaap_PaymentsToAcquireMarketableSecurities" xlink:label="loc_ZRVTPaymentsToAcquireMarketableSecurities" />
      <link:calculationArc order="400" xlink:arcrole="http://www.xbrl.org/2003/arcrole/summation-item" xlink:from="loc_ZRVTNetCashProvidedByUsedInInvestingActivities" xlink:to="loc_ZRVTPaymentsToAcquireMarketableSecurities" xlink:type="arc" weight="-1" />
      <link:loc xlink:type="locator" xlink:href="http://xbrl.fasb.org/us-gaap/2012/elts/us-gaap-2012-01-31.xsd#us-gaap_PaymentsToAcquirePropertyPlantAndEquipment" xlink:label="loc_ZRVTPaymentsToAcquirePropertyPlantAndEquipment" />
      <link:calculationArc order="500" xlink:arcrole="http://www.xbrl.org/2003/arcrole/summation-item" xlink:from="loc_ZRVTNetCashProvidedByUsedInInvestingActivities" xlink:to="loc_ZRVTPaymentsToAcquirePropertyPlantAndEquipment" xlink:type="arc" weight="-1" />
      <link:loc xlink:type="locator" xlink:href="http://xbrl.fasb.org/us-gaap/2012/elts/us-gaap-2012-01-31.xsd#us-gaap_NetCashProvidedByUsedInFinancingActivities" xlink:label="loc_ZRVTNetCashProvidedByUsedInFinancingActivities" />
      <link:loc xlink:type="locator" xlink:href="http://xbrl.fasb.org/us-gaap/2012/elts/us-gaap-2012-01-31.xsd#us-gaap_ProceedsFromOtherDebt" xlink:label="loc_ZRVTProceedsFromOtherDebt" />
      <link:calculationArc order="100" xlink:arcrole="http://www.xbrl.org/2003/arcrole/summation-item" xlink:from="loc_ZRVTNetCashProvidedByUsedInFinancingActivities" xlink:to="loc_ZRVTProceedsFromOtherDebt" xlink:type="arc" weight="1" />
      <link:loc xlink:type="locator" xlink:href="http://xbrl.fasb.org/us-gaap/2012/elts/us-gaap-2012-01-31.xsd#us-gaap_ProceedsFromLoans" xlink:label="loc_ZRVTProceedsFromLoans" />
      <link:calculationArc order="200" xlink:arcrole="http://www.xbrl.org/2003/arcrole/summation-item" xlink:from="loc_ZRVTNetCashProvidedByUsedInFinancingActivities" xlink:to="loc_ZRVTProceedsFromLoans" xlink:type="arc" weight="1" />
      <link:loc xlink:type="locator" xlink:href="http://xbrl.fasb.org/us-gaap/2012/elts/us-gaap-2012-01-31.xsd#us-gaap_ProceedsFromWarrantExercises" xlink:label="loc_ZRVTProceedsFromWarrantExercises" />
      <link:calculationArc order="300" xlink:arcrole="http://www.xbrl.org/2003/arcrole/summation-item" xlink:from="loc_ZRVTNetCashProvidedByUsedInFinancingActivities" xlink:to="loc_ZRVTProceedsFromWarrantExercises" xlink:type="arc" weight="1" />
      <link:loc xlink:type="locator" xlink:href="http://xbrl.fasb.org/us-gaap/2012/elts/us-gaap-2012-01-31.xsd#us-gaap_ProceedsFromIssuanceOfPreferredStockAndPreferenceStock" xlink:label="loc_ZRVTProceedsFromIssuanceOfPreferredStockAndPreferenceStock" />
      <link:calculationArc order="400" xlink:arcrole="http://www.xbrl.org/2003/arcrole/summation-item" xlink:from="loc_ZRVTNetCashProvidedByUsedInFinancingActivities" xlink:to="loc_ZRVTProceedsFromIssuanceOfPreferredStockAndPreferenceStock" xlink:type="arc" weight="1" />
      <link:loc xlink:type="locator" xlink:href="http://xbrl.fasb.org/us-gaap/2012/elts/us-gaap-2012-01-31.xsd#us-gaap_RepaymentsOfNotesPayable" xlink:label="loc_ZRVTRepaymentsOfNotesPayable" />
      <link:calculationArc order="500" xlink:arcrole="http://www.xbrl.org/2003/arcrole/summation-item" xlink:from="loc_ZRVTNetCashProvidedByUsedInFinancingActivities" xlink:to="loc_ZRVTRepaymentsOfNotesPayable" xlink:type="arc" weight="-1" />
      <link:loc xlink:type="locator" xlink:href="http://xbrl.fasb.org/us-gaap/2012/elts/us-gaap-2012-01-31.xsd#us-gaap_TreasuryStockReissuedAtLowerThanRepurchasePrice" xlink:label="loc_ZRVTTreasuryStockReissuedAtLowerThanRepurchasePrice" />
      <link:calculationArc order="600" xlink:arcrole="http://www.xbrl.org/2003/arcrole/summation-item" xlink:from="loc_ZRVTNetCashProvidedByUsedInFinancingActivities" xlink:to="loc_ZRVTTreasuryStockReissuedAtLowerThanRepurchasePrice" xlink:type="arc" weight="1" />
      <link:loc xlink:type="locator" xlink:href="http://xbrl.fasb.org/us-gaap/2012/elts/us-gaap-2012-01-31.xsd#us-gaap_CashPeriodIncreaseDecrease" xlink:label="loc_ZRVTCashPeriodIncreaseDecrease" />
      <link:calculationArc order="100" xlink:arcrole="http://www.xbrl.org/2003/arcrole/summation-item" xlink:from="loc_ZRVTCashPeriodIncreaseDecrease" xlink:to="loc_ZRVTNetCashProvidedByUsedInOperatingActivities" xlink:type="arc" weight="1" />
      <link:calculationArc order="200" xlink:arcrole="http://www.xbrl.org/2003/arcrole/summation-item" xlink:from="loc_ZRVTCashPeriodIncreaseDecrease" xlink:to="loc_ZRVTNetCashProvidedByUsedInInvestingActivities" xlink:type="arc" weight="1" />
      <link:calculationArc order="300" xlink:arcrole="http://www.xbrl.org/2003/arcrole/summation-item" xlink:from="loc_ZRVTCashPeriodIncreaseDecrease" xlink:to="loc_ZRVTNetCashProvidedByUsedInFinancingActivities" xlink:type="arc" weight="1" />
    </link:calculationLink>
    <link:calculationLink xlink:type="extended" xlink:role="http://zurvita.com/role/NatureOfOperations" xlink:title="0007 - Disclosure - 1. NATURE OF OPERATIONS" />
    <link:calculationLink xlink:type="extended" xlink:role="http://zurvita.com/role/SummaryOfSignificantAccountingPolicies" xlink:title="0008 - Disclosure - 2. SUMMARY OF SIGNIFICANT ACCOUNTING POLICIES" />
    <link:calculationLink xlink:type="extended" xlink:role="http://zurvita.com/role/NonCashInvestingAndFinancingActivities" xlink:title="0009 - Disclosure - 3. NON CASH INVESTING AND FINANCING ACTIVITIES" />
    <link:calculationLink xlink:type="extended" xlink:role="http://zurvita.com/role/PropertyPlantAndEquipment" xlink:title="0010 - Disclosure - 4. PROPERTY, PLANT AND EQUIPMENT" />
    <link:calculationLink xlink:type="extended" xlink:role="http://zurvita.com/role/NotesPayable" xlink:title="0011 - Disclosure - 5. NOTES PAYABLE" />
    <link:calculationLink xlink:type="extended" xlink:role="http://zurvita.com/role/AccruedExpenses" xlink:title="0012 - Disclosure - 6. ACCRUED EXPENSES" />
    <link:calculationLink xlink:type="extended" xlink:role="http://zurvita.com/role/DeferredRevenue" xlink:title="0013 - Disclosure - 7. DEFERRED REVENUE" />
    <link:calculationLink xlink:type="extended" xlink:role="http://zurvita.com/role/DeferredCompensation" xlink:title="0014 - Disclosure - 8. DEFERRED COMPENSATION" />
    <link:calculationLink xlink:type="extended" xlink:role="http://zurvita.com/role/AssetsAndLiabilitiesMeasuredAtFairValue" xlink:title="0015 - Disclosure - 9. ASSETS AND LIABILITIES MEASURED AT FAIR VALUE" />
    <link:calculationLink xlink:type="extended" xlink:role="http://zurvita.com/role/RedeemablePreferredStock" xlink:title="0016 - Disclosure - 10. REDEEMABLE PREFERRED STOCK" />
    <link:calculationLink xlink:type="extended" xlink:role="http://zurvita.com/role/CommonStock" xlink:title="0017 - Disclosure - 11. COMMON STOCK" />
    <link:calculationLink xlink:type="extended" xlink:role="http://zurvita.com/role/Warrants" xlink:title="0018 - Disclosure - 12. WARRANTS" />
    <link:calculationLink xlink:type="extended" xlink:role="http://zurvita.com/role/IncomeTaxes" xlink:title="0019 - Disclosure - 13. INCOME TAXES" />
    <link:calculationLink xlink:type="extended" xlink:role="http://zurvita.com/role/EarningsLossPerShare" xlink:title="0020 - Disclosure - 14. EARNINGS (LOSS) PER SHARE" />
    <link:calculationLink xlink:type="extended" xlink:role="http://zurvita.com/role/CommitmentsAndContingencies" xlink:title="0021 - Disclosure - 15. COMMITMENTS AND CONTINGENCIES" />
    <link:calculationLink xlink:type="extended" xlink:role="http://zurvita.com/role/LegalProceedings" xlink:title="0022 - Disclosure - 16. LEGAL PROCEEDINGS" />
    <link:calculationLink xlink:type="extended" xlink:role="http://zurvita.com/role/RelatedPartyTransactions" xlink:title="0023 - Disclosure - 17. RELATED PARTY TRANSACTIONS" />
    <link:calculationLink xlink:type="extended" xlink:role="http://zurvita.com/role/Note2-SummaryOfSignificantAccountingPoliciesPolicies" xlink:title="0024 - Disclosure - NOTE 2 - SUMMARY OF SIGNIFICANT ACCOUNTING POLICIES (Policies)" />
    <link:calculationLink xlink:type="extended" xlink:role="http://zurvita.com/role/Note3-NonCashInvestingAndFinancingActivitiesTables" xlink:title="0025 - Disclosure - NOTE 3 - NON CASH INVESTING AND FINANCING ACTIVITIES (Tables)" />
    <link:calculationLink xlink:type="extended" xlink:role="http://zurvita.com/role/Note4-PropertyPlantAndEquipmentTables" xlink:title="0026 - Disclosure - NOTE 4 - PROPERTY, PLANT AND EQUIPMENT (Tables)" />
    <link:calculationLink xlink:type="extended" xlink:role="http://zurvita.com/role/Note5-NotesPayableTables" xlink:title="0027 - Disclosure - NOTE 5 - NOTES PAYABLE (Tables)" />
    <link:calculationLink xlink:type="extended" xlink:role="http://zurvita.com/role/Note6-AccruedExpensesTables" xlink:title="0028 - Disclosure - NOTE 6 - ACCRUED EXPENSES (Tables)" />
    <link:calculationLink xlink:type="extended" xlink:role="http://zurvita.com/role/Note7-DeferredRevenueTables" xlink:title="0029 - Disclosure - NOTE 7 - DEFERRED REVENUE (Tables)" />
    <link:calculationLink xlink:type="extended" xlink:role="http://zurvita.com/role/Note9-AssetsAndLiabilitiesMeasuredAtFairValueTables" xlink:title="0030 - Disclosure - NOTE 9 - ASSETS AND LIABILITIES MEASURED AT FAIR VALUE (Tables)" />
    <link:calculationLink xlink:type="extended" xlink:role="http://zurvita.com/role/Note10-RedeemablePreferredStockTables" xlink:title="0031 - Disclosure - NOTE 10 - REDEEMABLE PREFERRED STOCK (Tables)" />
    <link:calculationLink xlink:type="extended" xlink:role="http://zurvita.com/role/Note12-WarrantsTables" xlink:title="0032 - Disclosure - NOTE 12 - WARRANTS (Tables)" />
    <link:calculationLink xlink:type="extended" xlink:role="http://zurvita.com/role/Note13-IncomeTaxesTables" xlink:title="0033 - Disclosure - NOTE 13 - INCOME TAXES (Tables)" />
    <link:calculationLink xlink:type="extended" xlink:role="http://zurvita.com/role/Note14-EarningsLossPerShareTables" xlink:title="0034 - Disclosure - NOTE 14 - EARNINGS (LOSS) PER SHARE (Tables)" />
    <link:calculationLink xlink:type="extended" xlink:role="http://zurvita.com/role/Note15-CommitmentsAndContingenciesTables" xlink:title="0035 - Disclosure - NOTE 15 - COMMITMENTS AND CONTINGENCIES (Tables)" />
    <link:calculationLink xlink:type="extended" xlink:role="http://zurvita.com/role/Note1-NatureOfOperationsDetailsNarartive" xlink:title="0036 - Disclosure - NOTE 1 - NATURE OF OPERATIONS (Details Narartive)" />
    <link:calculationLink xlink:type="extended" xlink:role="http://zurvita.com/role/Note2-SummaryOfSignificantAccountingPoliciesDetailsNarrative" xlink:title="0037 - Disclosure - NOTE 2 - SUMMARY OF SIGNIFICANT ACCOUNTING POLICIES (Details Narrative)" />
    <link:calculationLink xlink:type="extended" xlink:role="http://zurvita.com/role/Note3-NonCashInvestingAndFinancingActivitiesDetails" xlink:title="0038 - Disclosure - NOTE 3 - NON CASH INVESTING AND FINANCING ACTIVITIES (Details)" />
    <link:calculationLink xlink:type="extended" xlink:role="http://zurvita.com/role/Note4-PropertyPlantAndEquipmentDetails" xlink:title="0039 - Disclosure - NOTE 4 - PROPERTY, PLANT AND EQUIPMENT (Details)" />
    <link:calculationLink xlink:type="extended" xlink:role="http://zurvita.com/role/Note4-PropertyPlantAndEquipmentDetailsNarrative" xlink:title="0040 - Disclosure - NOTE 4 - PROPERTY, PLANT AND EQUIPMENT (Details Narrative)" />
    <link:calculationLink xlink:type="extended" xlink:role="http://zurvita.com/role/Note5-NotesPayableDetails" xlink:title="0041 - Disclosure - NOTE 5 - NOTES PAYABLE (Details)" />
    <link:calculationLink xlink:type="extended" xlink:role="http://zurvita.com/role/Note5-NotesPayableDetailsNarrative" xlink:title="0042 - Disclosure - NOTE 5 - NOTES PAYABLE (Details Narrative)" />
    <link:calculationLink xlink:type="extended" xlink:role="http://zurvita.com/role/Note6-ScheduleOfAccruedExpensesDetails" xlink:title="0043 - Disclosure - NOTE 6 - Schedule of Accrued Expenses (Details)">
      <link:loc xlink:type="locator" xlink:href="http://xbrl.fasb.org/us-gaap/2012/elts/us-gaap-2012-01-31.xsd#us-gaap_AccruedLiabilitiesCurrent" xlink:label="loc_ZRVTAccruedLiabilitiesCurrent" />
      <link:loc xlink:type="locator" xlink:href="http://xbrl.fasb.org/us-gaap/2012/elts/us-gaap-2012-01-31.xsd#us-gaap_AccruedSalesCommissionCurrentAndNoncurrent" xlink:label="loc_ZRVTAccruedSalesCommissionCurrentAndNoncurrent" />
      <link:calculationArc order="100" xlink:arcrole="http://www.xbrl.org/2003/arcrole/summation-item" xlink:from="loc_ZRVTAccruedLiabilitiesCurrent" xlink:to="loc_ZRVTAccruedSalesCommissionCurrentAndNoncurrent" xlink:type="arc" weight="1" />
      <link:loc xlink:type="locator" xlink:href="http://xbrl.fasb.org/us-gaap/2012/elts/us-gaap-2012-01-31.xsd#us-gaap_InterestPayableCurrent" xlink:label="loc_ZRVTInterestPayableCurrent" />
      <link:calculationArc order="200" xlink:arcrole="http://www.xbrl.org/2003/arcrole/summation-item" xlink:from="loc_ZRVTAccruedLiabilitiesCurrent" xlink:to="loc_ZRVTInterestPayableCurrent" xlink:type="arc" weight="1" />
      <link:loc xlink:type="locator" xlink:href="http://xbrl.fasb.org/us-gaap/2012/elts/us-gaap-2012-01-31.xsd#us-gaap_AccruedMarketingCostsCurrent" xlink:label="loc_ZRVTAccruedMarketingCostsCurrent" />
      <link:calculationArc order="300" xlink:arcrole="http://www.xbrl.org/2003/arcrole/summation-item" xlink:from="loc_ZRVTAccruedLiabilitiesCurrent" xlink:to="loc_ZRVTAccruedMarketingCostsCurrent" xlink:type="arc" weight="1" />
      <link:loc xlink:type="locator" xlink:href="http://xbrl.fasb.org/us-gaap/2012/elts/us-gaap-2012-01-31.xsd#us-gaap_AccruedSalariesCurrentAndNoncurrent" xlink:label="loc_ZRVTAccruedSalariesCurrentAndNoncurrent" />
      <link:calculationArc order="400" xlink:arcrole="http://www.xbrl.org/2003/arcrole/summation-item" xlink:from="loc_ZRVTAccruedLiabilitiesCurrent" xlink:to="loc_ZRVTAccruedSalariesCurrentAndNoncurrent" xlink:type="arc" weight="1" />
      <link:loc xlink:type="locator" xlink:href="http://xbrl.fasb.org/us-gaap/2012/elts/us-gaap-2012-01-31.xsd#us-gaap_ProductWarrantyAccrual" xlink:label="loc_ZRVTProductWarrantyAccrual" />
      <link:calculationArc order="500" xlink:arcrole="http://www.xbrl.org/2003/arcrole/summation-item" xlink:from="loc_ZRVTAccruedLiabilitiesCurrent" xlink:to="loc_ZRVTProductWarrantyAccrual" xlink:type="arc" weight="1" />
      <link:loc xlink:type="locator" xlink:href="zrvt-20120731.xsd#ZRVT_RefundReserve" xlink:label="loc_ZRVTRefundReserve" />
      <link:calculationArc order="600" xlink:arcrole="http://www.xbrl.org/2003/arcrole/summation-item" xlink:from="loc_ZRVTAccruedLiabilitiesCurrent" xlink:to="loc_ZRVTRefundReserve" xlink:type="arc" weight="1" />
      <link:loc xlink:type="locator" xlink:href="http://xbrl.fasb.org/us-gaap/2012/elts/us-gaap-2012-01-31.xsd#us-gaap_AccruedRentCurrentAndNoncurrent" xlink:label="loc_ZRVTAccruedRentCurrentAndNoncurrent" />
      <link:calculationArc order="700" xlink:arcrole="http://www.xbrl.org/2003/arcrole/summation-item" xlink:from="loc_ZRVTAccruedLiabilitiesCurrent" xlink:to="loc_ZRVTAccruedRentCurrentAndNoncurrent" xlink:type="arc" weight="1" />
      <link:loc xlink:type="locator" xlink:href="http://xbrl.fasb.org/us-gaap/2012/elts/us-gaap-2012-01-31.xsd#us-gaap_SalesAndExciseTaxPayableCurrentAndNoncurrent" xlink:label="loc_ZRVTSalesAndExciseTaxPayableCurrentAndNoncurrent" />
      <link:calculationArc order="800" xlink:arcrole="http://www.xbrl.org/2003/arcrole/summation-item" xlink:from="loc_ZRVTAccruedLiabilitiesCurrent" xlink:to="loc_ZRVTSalesAndExciseTaxPayableCurrentAndNoncurrent" xlink:type="arc" weight="1" />
      <link:loc xlink:type="locator" xlink:href="http://xbrl.fasb.org/us-gaap/2012/elts/us-gaap-2012-01-31.xsd#us-gaap_OtherAccruedLiabilitiesCurrentAndNoncurrent" xlink:label="loc_ZRVTOtherAccruedLiabilitiesCurrentAndNoncurrent" />
      <link:calculationArc order="900" xlink:arcrole="http://www.xbrl.org/2003/arcrole/summation-item" xlink:from="loc_ZRVTAccruedLiabilitiesCurrent" xlink:to="loc_ZRVTOtherAccruedLiabilitiesCurrentAndNoncurrent" xlink:type="arc" weight="1" />
      <link:loc xlink:type="locator" xlink:href="zrvt-20120731.xsd#ZRVT_UnclaimedProperty" xlink:label="loc_ZRVTUnclaimedProperty" />
      <link:calculationArc order="1000" xlink:arcrole="http://www.xbrl.org/2003/arcrole/summation-item" xlink:from="loc_ZRVTAccruedLiabilitiesCurrent" xlink:to="loc_ZRVTUnclaimedProperty" xlink:type="arc" weight="1" />
      <link:loc xlink:type="locator" xlink:href="zrvt-20120731.xsd#ZRVT_FinanceAgreement" xlink:label="loc_ZRVTFinanceAgreement" />
      <link:calculationArc order="1100" xlink:arcrole="http://www.xbrl.org/2003/arcrole/summation-item" xlink:from="loc_ZRVTAccruedLiabilitiesCurrent" xlink:to="loc_ZRVTFinanceAgreement" xlink:type="arc" weight="1" />
    </link:calculationLink>
    <link:calculationLink xlink:type="extended" xlink:role="http://zurvita.com/role/Note7-ScheduleOfDeferredRevenueDetails" xlink:title="0044 - Disclosure - NOTE 7 - Schedule of Deferred Revenue (Details)" />
    <link:calculationLink xlink:type="extended" xlink:role="http://zurvita.com/role/Note8-DeferredCompensationDetailsNarrative" xlink:title="0045 - Disclosure - NOTE 8 - DEFERRED COMPENSATION (Details Narrative)" />
    <link:calculationLink xlink:type="extended" xlink:role="http://zurvita.com/role/Note9-AssetsAndLiabilitiesMeasuredAtFairValueDetails" xlink:title="0046 - Disclosure - NOTE 9 - ASSETS AND LIABILITIES MEASURED AT FAIR VALUE (Details)" />
    <link:calculationLink xlink:type="extended" xlink:role="http://zurvita.com/role/Note9-AssetsAndLiabilitiesMeasuredAtFairValueDetails1" xlink:title="0047 - Disclosure - NOTE 9 - ASSETS AND LIABILITIES MEASURED AT FAIR VALUE (Details 1)" />
    <link:calculationLink xlink:type="extended" xlink:role="http://zurvita.com/role/Note9-AssetsAndLiabilitiesMeasuredAtFairValueDetailsNarrative" xlink:title="0048 - Disclosure - NOTE 9 - ASSETS AND LIABILITIES MEASURED AT FAIR VALUE (Details Narrative)" />
    <link:calculationLink xlink:type="extended" xlink:role="http://zurvita.com/role/Note10-RedeemablePreferredStockDetails" xlink:title="0049 - Disclosure - NOTE 10 - REDEEMABLE PREFERRED STOCK (Details)" />
    <link:calculationLink xlink:type="extended" xlink:role="http://zurvita.com/role/Note10-RedeemablePreferredStockDetails1" xlink:title="0050 - Disclosure - NOTE 10 - REDEEMABLE PREFERRED STOCK (Details 1)" />
    <link:calculationLink xlink:type="extended" xlink:role="http://zurvita.com/role/Note10-RedeemablePreferredStockDetailsNarrative" xlink:title="0051 - Disclosure - NOTE 10 - REDEEMABLE PREFERRED STOCK (Details Narrative)" />
    <link:calculationLink xlink:type="extended" xlink:role="http://zurvita.com/role/Note11-CommonStockDetailsNarrative" xlink:title="0052 - Disclosure - NOTE 11 - COMMON STOCK (Details Narrative)" />
    <link:calculationLink xlink:type="extended" xlink:role="http://zurvita.com/role/Note12-WarrantsDetails" xlink:title="0053 - Disclosure - NOTE 12 - WARRANTS (Details)" />
    <link:calculationLink xlink:type="extended" xlink:role="http://zurvita.com/role/Note12-WarrantsDetails1" xlink:title="0054 - Disclosure - NOTE 12 - WARRANTS (Details 1)" />
    <link:calculationLink xlink:type="extended" xlink:role="http://zurvita.com/role/Note12-WarrantsDetails2" xlink:title="0055 - Disclosure - NOTE 12 - WARRANTS (Details 2)" />
    <link:calculationLink xlink:type="extended" xlink:role="http://zurvita.com/role/Note12-WarrantsDetails3" xlink:title="0056 - Disclosure - NOTE 12 - WARRANTS (Details 3)" />
    <link:calculationLink xlink:type="extended" xlink:role="http://zurvita.com/role/Note12-WarrantsDetails4" xlink:title="0057 - Disclosure - NOTE 12 - WARRANTS (Details 4)" />
    <link:calculationLink xlink:type="extended" xlink:role="http://zurvita.com/role/Note12-WarrantsDetails5" xlink:title="0058 - Disclosure - NOTE 12 - WARRANTS (Details 5)" />
    <link:calculationLink xlink:type="extended" xlink:role="http://zurvita.com/role/Note12-WarrantsDetails6" xlink:title="0059 - Disclosure - NOTE 12 - WARRANTS (Details 6)" />
    <link:calculationLink xlink:type="extended" xlink:role="http://zurvita.com/role/Note12-WarrantsDetails7" xlink:title="0060 - Disclosure - NOTE 12 - WARRANTS (Details 7)" />
    <link:calculationLink xlink:type="extended" xlink:role="http://zurvita.com/role/Note12-WarrantsDetailsNarrative" xlink:title="0061 - Disclosure - NOTE 12 - WARRANTS (Details Narrative)" />
    <link:calculationLink xlink:type="extended" xlink:role="http://zurvita.com/role/Note13-IncomeTaxesDetails" xlink:title="0062 - Disclosure - NOTE 13 - INCOME TAXES (Details)" />
    <link:calculationLink xlink:type="extended" xlink:role="http://zurvita.com/role/Note13-IncomeTaxesDetails1" xlink:title="0063 - Disclosure - NOTE 13 - INCOME TAXES (Details 1)" />
    <link:calculationLink xlink:type="extended" xlink:role="http://zurvita.com/role/Note13-IncomeTaxesDetails2" xlink:title="0064 - Disclosure - NOTE 13 - INCOME TAXES (Details 2)" />
    <link:calculationLink xlink:type="extended" xlink:role="http://zurvita.com/role/Note13-IncomeTaxesDetailsNarrative" xlink:title="0065 - Disclosure - NOTE 13 - INCOME TAXES (Details Narrative)" />
    <link:calculationLink xlink:type="extended" xlink:role="http://zurvita.com/role/Note14-EarningsLossPerShareDetails" xlink:title="0066 - Disclosure -  NOTE 14 - EARNINGS (LOSS) PER SHARE (Details)" />
    <link:calculationLink xlink:type="extended" xlink:role="http://zurvita.com/role/Note14-EarningsLossPerShareDetails1" xlink:title="0067 - Disclosure -  NOTE 14 - EARNINGS (LOSS) PER SHARE (Details 1)" />
    <link:calculationLink xlink:type="extended" xlink:role="http://zurvita.com/role/Note15-CommitmentsAndContingenciesDetails" xlink:title="0068 - Disclosure - NOTE 15 - COMMITMENTS AND CONTINGENCIES (Details)" />
    <link:calculationLink xlink:type="extended" xlink:role="http://zurvita.com/role/Note15-CommitmentsAndContingenciesDetailsNarrative" xlink:title="0069 - Disclosure - NOTE 15 - COMMITMENTS AND CONTINGENCIES (Details Narrative)" />
    <link:calculationLink xlink:type="extended" xlink:role="http://zurvita.com/role/Note17-RelatedPartyTransactionsDetailsNarrative" xlink:title="0070 - Disclosure - NOTE 17 - RELATED PARTY TRANSACTIONS (Details Narrative)" />
</link:linkbase>
