<?xml version="1.0" encoding="US-ASCII" standalone="no"?>
    <!-- Field: Doc-Info; Name: Generator; Value: GoFiler Complete; Version: 3.4b -->
    <!-- Field: Doc-Info; Name: VendorURI; Value: http://www.novaworks.co -->
    <!-- Field: Doc-Info; Name: Source; Value: AFHACQX%2D20121031 10K FY.xfr; Date: 2013/01/29T15:06:30 -->
    <!-- Field: Doc-Info; Name: Status; Value: 0x00000000 -->
<link:linkbase xmlns:xsi="http://www.w3.org/2001/XMLSchema-instance" xmlns:xlink="http://www.w3.org/1999/xlink" xmlns:link="http://www.xbrl.org/2003/linkbase" xmlns:xbrli="http://www.xbrl.org/2003/instance" xsi:schemaLocation="http://www.xbrl.org/2003/linkbase http://www.xbrl.org/2003/xbrl-linkbase-2003-12-31.xsd">
    <link:roleRef roleURI="http://AFHACQX/role/DocumentAndEntityInformation" xlink:href="afhacqx-20121031.xsd#DocumentAndEntityInformation" xlink:type="simple" />
    <link:roleRef roleURI="http://AFHACQX/role/BalanceSheets" xlink:href="afhacqx-20121031.xsd#BalanceSheets" xlink:type="simple" />
    <link:roleRef roleURI="http://AFHACQX/role/BalanceSheetsParenthetical" xlink:href="afhacqx-20121031.xsd#BalanceSheetsParenthetical" xlink:type="simple" />
    <link:roleRef roleURI="http://AFHACQX/role/StatementsOfChangesInStockholdersDeficit" xlink:href="afhacqx-20121031.xsd#StatementsOfChangesInStockholdersDeficit" xlink:type="simple" />
    <link:roleRef roleURI="http://AFHACQX/role/StatementsOfOperations" xlink:href="afhacqx-20121031.xsd#StatementsOfOperations" xlink:type="simple" />
    <link:roleRef roleURI="http://AFHACQX/role/StatementOfCashFlows" xlink:href="afhacqx-20121031.xsd#StatementOfCashFlows" xlink:type="simple" />
    <link:roleRef roleURI="http://AFHACQX/role/Company" xlink:href="afhacqx-20121031.xsd#Company" xlink:type="simple" />
    <link:roleRef roleURI="http://AFHACQX/role/SummaryOfSignificantAccountingPolicies" xlink:href="afhacqx-20121031.xsd#SummaryOfSignificantAccountingPolicies" xlink:type="simple" />
    <link:roleRef roleURI="http://AFHACQX/role/EquitySecurities" xlink:href="afhacqx-20121031.xsd#EquitySecurities" xlink:type="simple" />
    <link:roleRef roleURI="http://AFHACQX/role/GoingConcern" xlink:href="afhacqx-20121031.xsd#GoingConcern" xlink:type="simple" />
    <link:roleRef roleURI="http://AFHACQX/role/DueToParent" xlink:href="afhacqx-20121031.xsd#DueToParent" xlink:type="simple" />
    <link:roleRef roleURI="http://AFHACQX/role/SummaryOfSignificantAccountingPoliciesPolicies" xlink:href="afhacqx-20121031.xsd#SummaryOfSignificantAccountingPoliciesPolicies" xlink:type="simple" />
    <link:roleRef roleURI="http://AFHACQX/role/GoingConcernDetailsNarrative" xlink:href="afhacqx-20121031.xsd#GoingConcernDetailsNarrative" xlink:type="simple" />
    <link:presentationLink xlink:type="extended" xlink:role="http://AFHACQX/role/DocumentAndEntityInformation" xlink:title="0001 - Document - Document and Entity Information">
      <link:loc xlink:type="locator" xlink:href="afhacqx-20121031.xsd#AFHACQX_DocumentAndEntityInformationAbstract" xlink:label="loc_AFHACQXDocumentAndEntityInformationAbstract" />
      <link:loc xlink:type="locator" xlink:href="http://xbrl.sec.gov/dei/2012/dei-2012-01-31.xsd#dei_EntityRegistrantName" xlink:label="loc_AFHACQXEntityRegistrantName" />
      <link:presentationArc order="10" xlink:arcrole="http://www.xbrl.org/2003/arcrole/parent-child" xlink:from="loc_AFHACQXDocumentAndEntityInformationAbstract" xlink:to="loc_AFHACQXEntityRegistrantName" xlink:type="arc" />
      <link:loc xlink:type="locator" xlink:href="http://xbrl.sec.gov/dei/2012/dei-2012-01-31.xsd#dei_EntityCentralIndexKey" xlink:label="loc_AFHACQXEntityCentralIndexKey" />
      <link:presentationArc order="20" xlink:arcrole="http://www.xbrl.org/2003/arcrole/parent-child" xlink:from="loc_AFHACQXDocumentAndEntityInformationAbstract" xlink:to="loc_AFHACQXEntityCentralIndexKey" xlink:type="arc" />
      <link:loc xlink:type="locator" xlink:href="http://xbrl.sec.gov/dei/2012/dei-2012-01-31.xsd#dei_DocumentType" xlink:label="loc_AFHACQXDocumentType" />
      <link:presentationArc order="30" xlink:arcrole="http://www.xbrl.org/2003/arcrole/parent-child" xlink:from="loc_AFHACQXDocumentAndEntityInformationAbstract" xlink:to="loc_AFHACQXDocumentType" xlink:type="arc" />
      <link:loc xlink:type="locator" xlink:href="http://xbrl.sec.gov/dei/2012/dei-2012-01-31.xsd#dei_DocumentPeriodEndDate" xlink:label="loc_AFHACQXDocumentPeriodEndDate" />
      <link:presentationArc order="40" xlink:arcrole="http://www.xbrl.org/2003/arcrole/parent-child" xlink:from="loc_AFHACQXDocumentAndEntityInformationAbstract" xlink:to="loc_AFHACQXDocumentPeriodEndDate" xlink:type="arc" />
      <link:loc xlink:type="locator" xlink:href="http://xbrl.sec.gov/dei/2012/dei-2012-01-31.xsd#dei_AmendmentFlag" xlink:label="loc_AFHACQXAmendmentFlag" />
      <link:presentationArc order="50" xlink:arcrole="http://www.xbrl.org/2003/arcrole/parent-child" xlink:from="loc_AFHACQXDocumentAndEntityInformationAbstract" xlink:to="loc_AFHACQXAmendmentFlag" xlink:type="arc" />
      <link:loc xlink:type="locator" xlink:href="http://xbrl.sec.gov/dei/2012/dei-2012-01-31.xsd#dei_CurrentFiscalYearEndDate" xlink:label="loc_AFHACQXCurrentFiscalYearEndDate" />
      <link:presentationArc order="60" xlink:arcrole="http://www.xbrl.org/2003/arcrole/parent-child" xlink:from="loc_AFHACQXDocumentAndEntityInformationAbstract" xlink:to="loc_AFHACQXCurrentFiscalYearEndDate" xlink:type="arc" />
      <link:loc xlink:type="locator" xlink:href="http://xbrl.sec.gov/dei/2012/dei-2012-01-31.xsd#dei_EntityWellKnownSeasonedIssuer" xlink:label="loc_AFHACQXEntityWellKnownSeasonedIssuer" />
      <link:presentationArc order="70" xlink:arcrole="http://www.xbrl.org/2003/arcrole/parent-child" xlink:from="loc_AFHACQXDocumentAndEntityInformationAbstract" xlink:to="loc_AFHACQXEntityWellKnownSeasonedIssuer" xlink:type="arc" />
      <link:loc xlink:type="locator" xlink:href="http://xbrl.sec.gov/dei/2012/dei-2012-01-31.xsd#dei_EntityVoluntaryFilers" xlink:label="loc_AFHACQXEntityVoluntaryFilers" />
      <link:presentationArc order="80" xlink:arcrole="http://www.xbrl.org/2003/arcrole/parent-child" xlink:from="loc_AFHACQXDocumentAndEntityInformationAbstract" xlink:to="loc_AFHACQXEntityVoluntaryFilers" xlink:type="arc" />
      <link:loc xlink:type="locator" xlink:href="http://xbrl.sec.gov/dei/2012/dei-2012-01-31.xsd#dei_EntityCurrentReportingStatus" xlink:label="loc_AFHACQXEntityCurrentReportingStatus" />
      <link:presentationArc order="90" xlink:arcrole="http://www.xbrl.org/2003/arcrole/parent-child" xlink:from="loc_AFHACQXDocumentAndEntityInformationAbstract" xlink:to="loc_AFHACQXEntityCurrentReportingStatus" xlink:type="arc" />
      <link:loc xlink:type="locator" xlink:href="http://xbrl.sec.gov/dei/2012/dei-2012-01-31.xsd#dei_EntityFilerCategory" xlink:label="loc_AFHACQXEntityFilerCategory" />
      <link:presentationArc order="100" xlink:arcrole="http://www.xbrl.org/2003/arcrole/parent-child" xlink:from="loc_AFHACQXDocumentAndEntityInformationAbstract" xlink:to="loc_AFHACQXEntityFilerCategory" xlink:type="arc" />
      <link:loc xlink:type="locator" xlink:href="http://xbrl.sec.gov/dei/2012/dei-2012-01-31.xsd#dei_EntityPublicFloat" xlink:label="loc_AFHACQXEntityPublicFloat" />
      <link:presentationArc order="110" xlink:arcrole="http://www.xbrl.org/2003/arcrole/parent-child" xlink:from="loc_AFHACQXDocumentAndEntityInformationAbstract" xlink:to="loc_AFHACQXEntityPublicFloat" xlink:type="arc" />
      <link:loc xlink:type="locator" xlink:href="http://xbrl.sec.gov/dei/2012/dei-2012-01-31.xsd#dei_EntityCommonStockSharesOutstanding" xlink:label="loc_AFHACQXEntityCommonStockSharesOutstanding" />
      <link:presentationArc order="120" xlink:arcrole="http://www.xbrl.org/2003/arcrole/parent-child" xlink:from="loc_AFHACQXDocumentAndEntityInformationAbstract" xlink:to="loc_AFHACQXEntityCommonStockSharesOutstanding" xlink:type="arc" />
      <link:loc xlink:type="locator" xlink:href="http://xbrl.sec.gov/dei/2012/dei-2012-01-31.xsd#dei_DocumentFiscalPeriodFocus" xlink:label="loc_AFHACQXDocumentFiscalPeriodFocus" />
      <link:presentationArc order="130" xlink:arcrole="http://www.xbrl.org/2003/arcrole/parent-child" xlink:from="loc_AFHACQXDocumentAndEntityInformationAbstract" xlink:to="loc_AFHACQXDocumentFiscalPeriodFocus" xlink:type="arc" />
      <link:loc xlink:type="locator" xlink:href="http://xbrl.sec.gov/dei/2012/dei-2012-01-31.xsd#dei_DocumentFiscalYearFocus" xlink:label="loc_AFHACQXDocumentFiscalYearFocus" />
      <link:presentationArc order="140" xlink:arcrole="http://www.xbrl.org/2003/arcrole/parent-child" xlink:from="loc_AFHACQXDocumentAndEntityInformationAbstract" xlink:to="loc_AFHACQXDocumentFiscalYearFocus" xlink:type="arc" />
    </link:presentationLink>
    <link:presentationLink xlink:type="extended" xlink:role="http://AFHACQX/role/BalanceSheets" xlink:title="0002 - Statement - Balance Sheets">
      <link:loc xlink:type="locator" xlink:href="http://xbrl.fasb.org/us-gaap/2012/elts/us-gaap-2012-01-31.xsd#us-gaap_StatementOfFinancialPositionAbstract" xlink:label="loc_AFHACQXStatementOfFinancialPositionAbstract" />
      <link:loc xlink:type="locator" xlink:href="http://xbrl.fasb.org/us-gaap/2012/elts/us-gaap-2012-01-31.xsd#us-gaap_AssetsAbstract" xlink:label="loc_AFHACQXAssetsAbstract" />
      <link:presentationArc order="0" xlink:arcrole="http://www.xbrl.org/2003/arcrole/parent-child" xlink:from="loc_AFHACQXStatementOfFinancialPositionAbstract" xlink:to="loc_AFHACQXAssetsAbstract" xlink:type="arc" />
      <link:loc xlink:type="locator" xlink:href="http://xbrl.fasb.org/us-gaap/2012/elts/us-gaap-2012-01-31.xsd#us-gaap_CashAndCashEquivalentsAtCarryingValue" xlink:label="loc_AFHACQXCashAndCashEquivalentsAtCarryingValue" />
      <link:presentationArc order="10" xlink:arcrole="http://www.xbrl.org/2003/arcrole/parent-child" xlink:from="loc_AFHACQXAssetsAbstract" xlink:to="loc_AFHACQXCashAndCashEquivalentsAtCarryingValue" xlink:type="arc" />
      <link:loc xlink:type="locator" xlink:href="http://xbrl.fasb.org/us-gaap/2012/elts/us-gaap-2012-01-31.xsd#us-gaap_Assets" xlink:label="loc_AFHACQXAssets" />
      <link:presentationArc order="20" xlink:arcrole="http://www.xbrl.org/2003/arcrole/parent-child" xlink:from="loc_AFHACQXAssetsAbstract" xlink:to="loc_AFHACQXAssets" xlink:type="arc" preferredLabel="http://www.xbrl.org/2003/role/totalLabel" />
      <link:loc xlink:type="locator" xlink:href="http://xbrl.fasb.org/us-gaap/2012/elts/us-gaap-2012-01-31.xsd#us-gaap_LiabilitiesAndStockholdersEquityAbstract" xlink:label="loc_AFHACQXLiabilitiesAndStockholdersEquityAbstract" />
      <link:presentationArc order="40" xlink:arcrole="http://www.xbrl.org/2003/arcrole/parent-child" xlink:from="loc_AFHACQXStatementOfFinancialPositionAbstract" xlink:to="loc_AFHACQXLiabilitiesAndStockholdersEquityAbstract" xlink:type="arc" />
      <link:loc xlink:type="locator" xlink:href="http://xbrl.fasb.org/us-gaap/2012/elts/us-gaap-2012-01-31.xsd#us-gaap_LiabilitiesAbstract" xlink:label="loc_AFHACQXLiabilitiesAbstract" />
      <link:presentationArc order="60" xlink:arcrole="http://www.xbrl.org/2003/arcrole/parent-child" xlink:from="loc_AFHACQXStatementOfFinancialPositionAbstract" xlink:to="loc_AFHACQXLiabilitiesAbstract" xlink:type="arc" />
      <link:loc xlink:type="locator" xlink:href="http://xbrl.fasb.org/us-gaap/2012/elts/us-gaap-2012-01-31.xsd#us-gaap_AccruedLiabilitiesCurrentAndNoncurrent" xlink:label="loc_AFHACQXAccruedLiabilitiesCurrentAndNoncurrent" />
      <link:presentationArc order="70" xlink:arcrole="http://www.xbrl.org/2003/arcrole/parent-child" xlink:from="loc_AFHACQXLiabilitiesAbstract" xlink:to="loc_AFHACQXAccruedLiabilitiesCurrentAndNoncurrent" xlink:type="arc" />
      <link:loc xlink:type="locator" xlink:href="http://xbrl.fasb.org/us-gaap/2012/elts/us-gaap-2012-01-31.xsd#us-gaap_DueToRelatedPartiesCurrentAndNoncurrent" xlink:label="loc_AFHACQXDueToRelatedPartiesCurrentAndNoncurrent" />
      <link:presentationArc order="80" xlink:arcrole="http://www.xbrl.org/2003/arcrole/parent-child" xlink:from="loc_AFHACQXLiabilitiesAbstract" xlink:to="loc_AFHACQXDueToRelatedPartiesCurrentAndNoncurrent" xlink:type="arc" />
      <link:loc xlink:type="locator" xlink:href="http://xbrl.fasb.org/us-gaap/2012/elts/us-gaap-2012-01-31.xsd#us-gaap_Liabilities" xlink:label="loc_AFHACQXLiabilities" />
      <link:presentationArc order="90" xlink:arcrole="http://www.xbrl.org/2003/arcrole/parent-child" xlink:from="loc_AFHACQXLiabilitiesAbstract" xlink:to="loc_AFHACQXLiabilities" xlink:type="arc" preferredLabel="http://www.xbrl.org/2003/role/totalLabel" />
      <link:loc xlink:type="locator" xlink:href="http://xbrl.fasb.org/us-gaap/2012/elts/us-gaap-2012-01-31.xsd#us-gaap_StockholdersEquityAbstract" xlink:label="loc_AFHACQXStockholdersEquityAbstract" />
      <link:presentationArc order="110" xlink:arcrole="http://www.xbrl.org/2003/arcrole/parent-child" xlink:from="loc_AFHACQXStatementOfFinancialPositionAbstract" xlink:to="loc_AFHACQXStockholdersEquityAbstract" xlink:type="arc" />
      <link:loc xlink:type="locator" xlink:href="http://xbrl.fasb.org/us-gaap/2012/elts/us-gaap-2012-01-31.xsd#us-gaap_PreferredStockValue" xlink:label="loc_AFHACQXPreferredStockValue" />
      <link:presentationArc order="120" xlink:arcrole="http://www.xbrl.org/2003/arcrole/parent-child" xlink:from="loc_AFHACQXStockholdersEquityAbstract" xlink:to="loc_AFHACQXPreferredStockValue" xlink:type="arc" />
      <link:loc xlink:type="locator" xlink:href="http://xbrl.fasb.org/us-gaap/2012/elts/us-gaap-2012-01-31.xsd#us-gaap_CommonStockValue" xlink:label="loc_AFHACQXCommonStockValue" />
      <link:presentationArc order="130" xlink:arcrole="http://www.xbrl.org/2003/arcrole/parent-child" xlink:from="loc_AFHACQXStockholdersEquityAbstract" xlink:to="loc_AFHACQXCommonStockValue" xlink:type="arc" />
      <link:loc xlink:type="locator" xlink:href="http://xbrl.fasb.org/us-gaap/2012/elts/us-gaap-2012-01-31.xsd#us-gaap_AdditionalPaidInCapital" xlink:label="loc_AFHACQXAdditionalPaidInCapital" />
      <link:presentationArc order="140" xlink:arcrole="http://www.xbrl.org/2003/arcrole/parent-child" xlink:from="loc_AFHACQXStockholdersEquityAbstract" xlink:to="loc_AFHACQXAdditionalPaidInCapital" xlink:type="arc" />
      <link:loc xlink:type="locator" xlink:href="http://xbrl.fasb.org/us-gaap/2012/elts/us-gaap-2012-01-31.xsd#us-gaap_DevelopmentStageEnterpriseDeficitAccumulatedDuringDevelopmentStage" xlink:label="loc_AFHACQXDevelopmentStageEnterpriseDeficitAccumulatedDuringDevelopmentStage" />
      <link:presentationArc order="150" xlink:arcrole="http://www.xbrl.org/2003/arcrole/parent-child" xlink:from="loc_AFHACQXStockholdersEquityAbstract" xlink:to="loc_AFHACQXDevelopmentStageEnterpriseDeficitAccumulatedDuringDevelopmentStage" xlink:type="arc" preferredLabel="http://www.xbrl.org/2009/role/negatedLabel" />
      <link:loc xlink:type="locator" xlink:href="http://xbrl.fasb.org/us-gaap/2012/elts/us-gaap-2012-01-31.xsd#us-gaap_StockholdersEquity" xlink:label="loc_AFHACQXStockholdersEquity" />
      <link:presentationArc order="160" xlink:arcrole="http://www.xbrl.org/2003/arcrole/parent-child" xlink:from="loc_AFHACQXStockholdersEquityAbstract" xlink:to="loc_AFHACQXStockholdersEquity" xlink:type="arc" preferredLabel="http://www.xbrl.org/2003/role/totalLabel" />
      <link:loc xlink:type="locator" xlink:href="http://xbrl.fasb.org/us-gaap/2012/elts/us-gaap-2012-01-31.xsd#us-gaap_LiabilitiesAndStockholdersEquity" xlink:label="loc_AFHACQXLiabilitiesAndStockholdersEquity" />
      <link:presentationArc order="170" xlink:arcrole="http://www.xbrl.org/2003/arcrole/parent-child" xlink:from="loc_AFHACQXStockholdersEquityAbstract" xlink:to="loc_AFHACQXLiabilitiesAndStockholdersEquity" xlink:type="arc" />
    </link:presentationLink>
    <link:presentationLink xlink:type="extended" xlink:role="http://AFHACQX/role/BalanceSheetsParenthetical" xlink:title="0003 - Statement - Balance Sheets (Parenthetical)">
      <link:loc xlink:type="locator" xlink:href="http://xbrl.fasb.org/us-gaap/2012/elts/us-gaap-2012-01-31.xsd#us-gaap_StatementOfFinancialPositionAbstract" xlink:label="loc_AFHACQXStatementOfFinancialPositionAbstract" />
      <link:loc xlink:type="locator" xlink:href="http://xbrl.fasb.org/us-gaap/2012/elts/us-gaap-2012-01-31.xsd#us-gaap_PreferredStockParOrStatedValuePerShare" xlink:label="loc_AFHACQXPreferredStockParOrStatedValuePerShare" />
      <link:presentationArc order="0" xlink:arcrole="http://www.xbrl.org/2003/arcrole/parent-child" xlink:from="loc_AFHACQXStatementOfFinancialPositionAbstract" xlink:to="loc_AFHACQXPreferredStockParOrStatedValuePerShare" xlink:type="arc" />
      <link:loc xlink:type="locator" xlink:href="http://xbrl.fasb.org/us-gaap/2012/elts/us-gaap-2012-01-31.xsd#us-gaap_PreferredStockSharesAuthorized" xlink:label="loc_AFHACQXPreferredStockSharesAuthorized" />
      <link:presentationArc order="10" xlink:arcrole="http://www.xbrl.org/2003/arcrole/parent-child" xlink:from="loc_AFHACQXStatementOfFinancialPositionAbstract" xlink:to="loc_AFHACQXPreferredStockSharesAuthorized" xlink:type="arc" />
      <link:loc xlink:type="locator" xlink:href="http://xbrl.fasb.org/us-gaap/2012/elts/us-gaap-2012-01-31.xsd#us-gaap_PreferredStockSharesIssued" xlink:label="loc_AFHACQXPreferredStockSharesIssued" />
      <link:presentationArc order="20" xlink:arcrole="http://www.xbrl.org/2003/arcrole/parent-child" xlink:from="loc_AFHACQXStatementOfFinancialPositionAbstract" xlink:to="loc_AFHACQXPreferredStockSharesIssued" xlink:type="arc" />
      <link:loc xlink:type="locator" xlink:href="http://xbrl.fasb.org/us-gaap/2012/elts/us-gaap-2012-01-31.xsd#us-gaap_PreferredStockSharesOutstanding" xlink:label="loc_AFHACQXPreferredStockSharesOutstanding" />
      <link:presentationArc order="30" xlink:arcrole="http://www.xbrl.org/2003/arcrole/parent-child" xlink:from="loc_AFHACQXStatementOfFinancialPositionAbstract" xlink:to="loc_AFHACQXPreferredStockSharesOutstanding" xlink:type="arc" />
      <link:loc xlink:type="locator" xlink:href="http://xbrl.fasb.org/us-gaap/2012/elts/us-gaap-2012-01-31.xsd#us-gaap_CommonStockParOrStatedValuePerShare" xlink:label="loc_AFHACQXCommonStockParOrStatedValuePerShare" />
      <link:presentationArc order="40" xlink:arcrole="http://www.xbrl.org/2003/arcrole/parent-child" xlink:from="loc_AFHACQXStatementOfFinancialPositionAbstract" xlink:to="loc_AFHACQXCommonStockParOrStatedValuePerShare" xlink:type="arc" />
      <link:loc xlink:type="locator" xlink:href="http://xbrl.fasb.org/us-gaap/2012/elts/us-gaap-2012-01-31.xsd#us-gaap_CommonStockSharesAuthorized" xlink:label="loc_AFHACQXCommonStockSharesAuthorized" />
      <link:presentationArc order="50" xlink:arcrole="http://www.xbrl.org/2003/arcrole/parent-child" xlink:from="loc_AFHACQXStatementOfFinancialPositionAbstract" xlink:to="loc_AFHACQXCommonStockSharesAuthorized" xlink:type="arc" />
      <link:loc xlink:type="locator" xlink:href="http://xbrl.fasb.org/us-gaap/2012/elts/us-gaap-2012-01-31.xsd#us-gaap_CommonStockSharesIssued" xlink:label="loc_AFHACQXCommonStockSharesIssued" />
      <link:presentationArc order="60" xlink:arcrole="http://www.xbrl.org/2003/arcrole/parent-child" xlink:from="loc_AFHACQXStatementOfFinancialPositionAbstract" xlink:to="loc_AFHACQXCommonStockSharesIssued" xlink:type="arc" />
      <link:loc xlink:type="locator" xlink:href="http://xbrl.fasb.org/us-gaap/2012/elts/us-gaap-2012-01-31.xsd#us-gaap_CommonStockSharesOutstanding" xlink:label="loc_AFHACQXCommonStockSharesOutstanding" />
      <link:presentationArc order="70" xlink:arcrole="http://www.xbrl.org/2003/arcrole/parent-child" xlink:from="loc_AFHACQXStatementOfFinancialPositionAbstract" xlink:to="loc_AFHACQXCommonStockSharesOutstanding" xlink:type="arc" />
    </link:presentationLink>
    <link:presentationLink xlink:type="extended" xlink:role="http://AFHACQX/role/StatementsOfChangesInStockholdersDeficit" xlink:title="0004 - Statement - Statements of Changes in Stockholder's Deficit">
      <link:loc xlink:type="locator" xlink:href="http://xbrl.fasb.org/us-gaap/2012/elts/us-gaap-2012-01-31.xsd#us-gaap_StatementOfStockholdersEquityAbstract" xlink:label="loc_AFHACQXStatementOfStockholdersEquityAbstract" />
      <link:loc xlink:type="locator" xlink:href="http://xbrl.fasb.org/us-gaap/2012/elts/us-gaap-2012-01-31.xsd#us-gaap_StatementTable" xlink:label="loc_AFHACQXStatementTable" />
      <link:presentationArc xlink:type="arc" xlink:arcrole="http://www.xbrl.org/2003/arcrole/parent-child" xlink:from="loc_AFHACQXStatementOfStockholdersEquityAbstract" xlink:to="loc_AFHACQXStatementTable" order="100" />
      <link:loc xlink:type="locator" xlink:href="http://xbrl.fasb.org/us-gaap/2012/elts/us-gaap-2012-01-31.xsd#us-gaap_StatementLineItems" xlink:label="loc_AFHACQXStatementLineItems" />
      <link:presentationArc xlink:type="arc" xlink:arcrole="http://www.xbrl.org/2003/arcrole/parent-child" xlink:from="loc_AFHACQXStatementTable" xlink:to="loc_AFHACQXStatementLineItems" order="200" />
      <link:loc xlink:type="locator" xlink:href="http://xbrl.fasb.org/us-gaap/2012/elts/us-gaap-2012-01-31.xsd#us-gaap_StatementEquityComponentsAxis" xlink:label="loc_AFHACQXStatementEquityComponentsAxis" />
      <link:presentationArc xlink:type="arc" xlink:arcrole="http://www.xbrl.org/2003/arcrole/parent-child" xlink:from="loc_AFHACQXStatementTable" xlink:to="loc_AFHACQXStatementEquityComponentsAxis" order="10" />
      <link:loc xlink:type="locator" xlink:href="http://xbrl.fasb.org/us-gaap/2012/elts/us-gaap-2012-01-31.xsd#us-gaap_EquityComponentDomain" xlink:label="loc_AFHACQXEquityComponentDomain" />
      <link:presentationArc xlink:type="arc" xlink:arcrole="http://www.xbrl.org/2003/arcrole/parent-child" xlink:from="loc_AFHACQXStatementEquityComponentsAxis" xlink:to="loc_AFHACQXEquityComponentDomain" order="410" />
      <link:loc xlink:type="locator" xlink:href="http://xbrl.fasb.org/us-gaap/2012/elts/us-gaap-2012-01-31.xsd#us-gaap_CommonStockMember" xlink:label="loc_AFHACQXCommonStockMember" />
      <link:presentationArc xlink:type="arc" xlink:arcrole="http://www.xbrl.org/2003/arcrole/parent-child" xlink:from="loc_AFHACQXStatementEquityComponentsAxis" xlink:to="loc_AFHACQXCommonStockMember" order="10" />
      <link:loc xlink:type="locator" xlink:href="http://xbrl.fasb.org/us-gaap/2012/elts/us-gaap-2012-01-31.xsd#us-gaap_AdditionalPaidInCapitalMember" xlink:label="loc_AFHACQXAdditionalPaidInCapitalMember" />
      <link:presentationArc xlink:type="arc" xlink:arcrole="http://www.xbrl.org/2003/arcrole/parent-child" xlink:from="loc_AFHACQXStatementEquityComponentsAxis" xlink:to="loc_AFHACQXAdditionalPaidInCapitalMember" order="110" />
      <link:loc xlink:type="locator" xlink:href="http://xbrl.fasb.org/us-gaap/2012/elts/us-gaap-2012-01-31.xsd#us-gaap_AccumulatedOtherComprehensiveIncomeMember" xlink:label="loc_AFHACQXAccumulatedOtherComprehensiveIncomeMember" />
      <link:presentationArc xlink:type="arc" xlink:arcrole="http://www.xbrl.org/2003/arcrole/parent-child" xlink:from="loc_AFHACQXStatementEquityComponentsAxis" xlink:to="loc_AFHACQXAccumulatedOtherComprehensiveIncomeMember" order="210" />
      <link:loc xlink:type="locator" xlink:href="http://xbrl.fasb.org/us-gaap/2012/elts/us-gaap-2012-01-31.xsd#us-gaap_RetainedEarningsMember" xlink:label="loc_AFHACQXRetainedEarningsMember" />
      <link:presentationArc xlink:type="arc" xlink:arcrole="http://www.xbrl.org/2003/arcrole/parent-child" xlink:from="loc_AFHACQXStatementEquityComponentsAxis" xlink:to="loc_AFHACQXRetainedEarningsMember" order="310" />
      <link:loc xlink:type="locator" xlink:href="http://xbrl.fasb.org/us-gaap/2012/elts/us-gaap-2012-01-31.xsd#us-gaap_StockholdersEquity" xlink:label="loc_AFHACQXStockholdersEquity" />
      <link:presentationArc order="10" xlink:arcrole="http://www.xbrl.org/2003/arcrole/parent-child" xlink:from="loc_AFHACQXStatementLineItems" xlink:to="loc_AFHACQXStockholdersEquity" xlink:type="arc" preferredLabel="http://www.xbrl.org/2003/role/periodStartLabel" />
      <link:loc xlink:type="locator" xlink:href="http://xbrl.fasb.org/us-gaap/2012/elts/us-gaap-2012-01-31.xsd#us-gaap_SharesOutstanding" xlink:label="loc_AFHACQXSharesOutstanding" />
      <link:presentationArc order="20" xlink:arcrole="http://www.xbrl.org/2003/arcrole/parent-child" xlink:from="loc_AFHACQXStatementLineItems" xlink:to="loc_AFHACQXSharesOutstanding" xlink:type="arc" preferredLabel="http://www.xbrl.org/2003/role/periodStartLabel" />
      <link:loc xlink:type="locator" xlink:href="http://xbrl.fasb.org/us-gaap/2012/elts/us-gaap-2012-01-31.xsd#us-gaap_StockIssuedDuringPeriodValueIssuedForCash" xlink:label="loc_AFHACQXStockIssuedDuringPeriodValueIssuedForCash" />
      <link:presentationArc order="30" xlink:arcrole="http://www.xbrl.org/2003/arcrole/parent-child" xlink:from="loc_AFHACQXStatementLineItems" xlink:to="loc_AFHACQXStockIssuedDuringPeriodValueIssuedForCash" xlink:type="arc" />
      <link:loc xlink:type="locator" xlink:href="http://xbrl.fasb.org/us-gaap/2012/elts/us-gaap-2012-01-31.xsd#us-gaap_StockIssuedDuringPeriodSharesIssuedForCash" xlink:label="loc_AFHACQXStockIssuedDuringPeriodSharesIssuedForCash" />
      <link:presentationArc order="40" xlink:arcrole="http://www.xbrl.org/2003/arcrole/parent-child" xlink:from="loc_AFHACQXStatementLineItems" xlink:to="loc_AFHACQXStockIssuedDuringPeriodSharesIssuedForCash" xlink:type="arc" />
      <link:loc xlink:type="locator" xlink:href="http://xbrl.fasb.org/us-gaap/2012/elts/us-gaap-2012-01-31.xsd#us-gaap_ProceedsFromStockPlans" xlink:label="loc_AFHACQXProceedsFromStockPlans" />
      <link:presentationArc order="50" xlink:arcrole="http://www.xbrl.org/2003/arcrole/parent-child" xlink:from="loc_AFHACQXStatementLineItems" xlink:to="loc_AFHACQXProceedsFromStockPlans" xlink:type="arc" />
      <link:loc xlink:type="locator" xlink:href="http://xbrl.fasb.org/us-gaap/2012/elts/us-gaap-2012-01-31.xsd#us-gaap_NetIncomeLoss" xlink:label="loc_AFHACQXNetIncomeLoss" />
      <link:presentationArc order="60" xlink:arcrole="http://www.xbrl.org/2003/arcrole/parent-child" xlink:from="loc_AFHACQXStatementLineItems" xlink:to="loc_AFHACQXNetIncomeLoss" xlink:type="arc" />
      <link:loc xlink:type="locator" xlink:href="http://xbrl.fasb.org/us-gaap/2012/elts/us-gaap-2012-01-31.xsd#us-gaap_StockholdersEquity" xlink:label="loc_AFHACQXStockholdersEquity_2" />
      <link:presentationArc order="70" xlink:arcrole="http://www.xbrl.org/2003/arcrole/parent-child" xlink:from="loc_AFHACQXStatementLineItems" xlink:to="loc_AFHACQXStockholdersEquity_2" xlink:type="arc" preferredLabel="http://www.xbrl.org/2003/role/periodEndLabel" />
      <link:loc xlink:type="locator" xlink:href="http://xbrl.fasb.org/us-gaap/2012/elts/us-gaap-2012-01-31.xsd#us-gaap_SharesOutstanding" xlink:label="loc_AFHACQXSharesOutstanding_2" />
      <link:presentationArc order="80" xlink:arcrole="http://www.xbrl.org/2003/arcrole/parent-child" xlink:from="loc_AFHACQXStatementLineItems" xlink:to="loc_AFHACQXSharesOutstanding_2" xlink:type="arc" preferredLabel="http://www.xbrl.org/2003/role/periodEndLabel" />
    </link:presentationLink>
    <link:presentationLink xlink:type="extended" xlink:role="http://AFHACQX/role/StatementsOfOperations" xlink:title="0005 - Statement - Statements of Operations">
      <link:loc xlink:type="locator" xlink:href="http://xbrl.fasb.org/us-gaap/2012/elts/us-gaap-2012-01-31.xsd#us-gaap_IncomeStatementAbstract" xlink:label="loc_AFHACQXIncomeStatementAbstract" />
      <link:loc xlink:type="locator" xlink:href="http://xbrl.fasb.org/us-gaap/2012/elts/us-gaap-2012-01-31.xsd#us-gaap_Revenues" xlink:label="loc_AFHACQXRevenues" />
      <link:presentationArc order="0" xlink:arcrole="http://www.xbrl.org/2003/arcrole/parent-child" xlink:from="loc_AFHACQXIncomeStatementAbstract" xlink:to="loc_AFHACQXRevenues" xlink:type="arc" />
      <link:loc xlink:type="locator" xlink:href="http://xbrl.fasb.org/us-gaap/2012/elts/us-gaap-2012-01-31.xsd#us-gaap_OperatingExpensesAbstract" xlink:label="loc_AFHACQXOperatingExpensesAbstract" />
      <link:presentationArc order="20" xlink:arcrole="http://www.xbrl.org/2003/arcrole/parent-child" xlink:from="loc_AFHACQXIncomeStatementAbstract" xlink:to="loc_AFHACQXOperatingExpensesAbstract" xlink:type="arc" />
      <link:loc xlink:type="locator" xlink:href="afhacqx-20121031.xsd#AFHACQX_ConsultingExpenses" xlink:label="loc_AFHACQXConsultingExpenses" />
      <link:presentationArc order="30" xlink:arcrole="http://www.xbrl.org/2003/arcrole/parent-child" xlink:from="loc_AFHACQXOperatingExpensesAbstract" xlink:to="loc_AFHACQXConsultingExpenses" xlink:type="arc" />
      <link:loc xlink:type="locator" xlink:href="http://xbrl.fasb.org/us-gaap/2012/elts/us-gaap-2012-01-31.xsd#us-gaap_InterestExpense" xlink:label="loc_AFHACQXInterestExpense" />
      <link:presentationArc order="40" xlink:arcrole="http://www.xbrl.org/2003/arcrole/parent-child" xlink:from="loc_AFHACQXOperatingExpensesAbstract" xlink:to="loc_AFHACQXInterestExpense" xlink:type="arc" />
      <link:loc xlink:type="locator" xlink:href="http://xbrl.fasb.org/us-gaap/2012/elts/us-gaap-2012-01-31.xsd#us-gaap_ProfessionalFees" xlink:label="loc_AFHACQXProfessionalFees" />
      <link:presentationArc order="50" xlink:arcrole="http://www.xbrl.org/2003/arcrole/parent-child" xlink:from="loc_AFHACQXOperatingExpensesAbstract" xlink:to="loc_AFHACQXProfessionalFees" xlink:type="arc" />
      <link:loc xlink:type="locator" xlink:href="http://xbrl.fasb.org/us-gaap/2012/elts/us-gaap-2012-01-31.xsd#us-gaap_OtherGeneralAndAdministrativeExpense" xlink:label="loc_AFHACQXOtherGeneralAndAdministrativeExpense" />
      <link:presentationArc order="60" xlink:arcrole="http://www.xbrl.org/2003/arcrole/parent-child" xlink:from="loc_AFHACQXOperatingExpensesAbstract" xlink:to="loc_AFHACQXOtherGeneralAndAdministrativeExpense" xlink:type="arc" />
      <link:loc xlink:type="locator" xlink:href="afhacqx-20121031.xsd#AFHACQX_OrganizationalCosts" xlink:label="loc_AFHACQXOrganizationalCosts" />
      <link:presentationArc order="70" xlink:arcrole="http://www.xbrl.org/2003/arcrole/parent-child" xlink:from="loc_AFHACQXOperatingExpensesAbstract" xlink:to="loc_AFHACQXOrganizationalCosts" xlink:type="arc" />
      <link:loc xlink:type="locator" xlink:href="http://xbrl.fasb.org/us-gaap/2012/elts/us-gaap-2012-01-31.xsd#us-gaap_LeaseAndRentalExpense" xlink:label="loc_AFHACQXLeaseAndRentalExpense" />
      <link:presentationArc order="80" xlink:arcrole="http://www.xbrl.org/2003/arcrole/parent-child" xlink:from="loc_AFHACQXOperatingExpensesAbstract" xlink:to="loc_AFHACQXLeaseAndRentalExpense" xlink:type="arc" />
      <link:loc xlink:type="locator" xlink:href="http://xbrl.fasb.org/us-gaap/2012/elts/us-gaap-2012-01-31.xsd#us-gaap_OperatingExpenses" xlink:label="loc_AFHACQXOperatingExpenses" />
      <link:presentationArc order="90" xlink:arcrole="http://www.xbrl.org/2003/arcrole/parent-child" xlink:from="loc_AFHACQXOperatingExpensesAbstract" xlink:to="loc_AFHACQXOperatingExpenses" xlink:type="arc" preferredLabel="http://www.xbrl.org/2003/role/totalLabel" />
      <link:loc xlink:type="locator" xlink:href="http://xbrl.fasb.org/us-gaap/2012/elts/us-gaap-2012-01-31.xsd#us-gaap_IncomeLossFromContinuingOperationsBeforeIncomeTaxesExtraordinaryItemsNoncontrollingInterest" xlink:label="loc_AFHACQXIncomeLossFromContinuingOperationsBeforeIncomeTaxesExtraordinaryItemsNoncontrollingInterest" />
      <link:presentationArc order="100" xlink:arcrole="http://www.xbrl.org/2003/arcrole/parent-child" xlink:from="loc_AFHACQXOperatingExpensesAbstract" xlink:to="loc_AFHACQXIncomeLossFromContinuingOperationsBeforeIncomeTaxesExtraordinaryItemsNoncontrollingInterest" xlink:type="arc" preferredLabel="http://www.xbrl.org/2003/role/totalLabel" />
      <link:loc xlink:type="locator" xlink:href="http://xbrl.fasb.org/us-gaap/2012/elts/us-gaap-2012-01-31.xsd#us-gaap_CurrentStateAndLocalTaxExpenseBenefit" xlink:label="loc_AFHACQXCurrentStateAndLocalTaxExpenseBenefit" />
      <link:presentationArc order="120" xlink:arcrole="http://www.xbrl.org/2003/arcrole/parent-child" xlink:from="loc_AFHACQXOperatingExpensesAbstract" xlink:to="loc_AFHACQXCurrentStateAndLocalTaxExpenseBenefit" xlink:type="arc" />
      <link:loc xlink:type="locator" xlink:href="http://xbrl.fasb.org/us-gaap/2012/elts/us-gaap-2012-01-31.xsd#us-gaap_NetIncomeLoss" xlink:label="loc_AFHACQXNetIncomeLoss" />
      <link:presentationArc order="130" xlink:arcrole="http://www.xbrl.org/2003/arcrole/parent-child" xlink:from="loc_AFHACQXOperatingExpensesAbstract" xlink:to="loc_AFHACQXNetIncomeLoss" xlink:type="arc" preferredLabel="http://www.xbrl.org/2003/role/totalLabel" />
      <link:loc xlink:type="locator" xlink:href="http://xbrl.fasb.org/us-gaap/2012/elts/us-gaap-2012-01-31.xsd#us-gaap_EarningsPerShareBasicAndDiluted" xlink:label="loc_AFHACQXEarningsPerShareBasicAndDiluted" />
      <link:presentationArc order="140" xlink:arcrole="http://www.xbrl.org/2003/arcrole/parent-child" xlink:from="loc_AFHACQXOperatingExpensesAbstract" xlink:to="loc_AFHACQXEarningsPerShareBasicAndDiluted" xlink:type="arc" />
      <link:loc xlink:type="locator" xlink:href="http://xbrl.fasb.org/us-gaap/2012/elts/us-gaap-2012-01-31.xsd#us-gaap_WeightedAverageNumberOfShareOutstandingBasicAndDiluted" xlink:label="loc_AFHACQXWeightedAverageNumberOfShareOutstandingBasicAndDiluted" />
      <link:presentationArc order="150" xlink:arcrole="http://www.xbrl.org/2003/arcrole/parent-child" xlink:from="loc_AFHACQXOperatingExpensesAbstract" xlink:to="loc_AFHACQXWeightedAverageNumberOfShareOutstandingBasicAndDiluted" xlink:type="arc" />
    </link:presentationLink>
    <link:presentationLink xlink:type="extended" xlink:role="http://AFHACQX/role/StatementOfCashFlows" xlink:title="0006 - Statement - Statement of Cash Flows">
      <link:loc xlink:type="locator" xlink:href="http://xbrl.fasb.org/us-gaap/2012/elts/us-gaap-2012-01-31.xsd#us-gaap_StatementOfCashFlowsAbstract" xlink:label="loc_AFHACQXStatementOfCashFlowsAbstract" />
      <link:loc xlink:type="locator" xlink:href="http://xbrl.fasb.org/us-gaap/2012/elts/us-gaap-2012-01-31.xsd#us-gaap_NetCashProvidedByUsedInOperatingActivitiesAbstract" xlink:label="loc_AFHACQXNetCashProvidedByUsedInOperatingActivitiesAbstract" />
      <link:presentationArc order="0" xlink:arcrole="http://www.xbrl.org/2003/arcrole/parent-child" xlink:from="loc_AFHACQXStatementOfCashFlowsAbstract" xlink:to="loc_AFHACQXNetCashProvidedByUsedInOperatingActivitiesAbstract" xlink:type="arc" />
      <link:loc xlink:type="locator" xlink:href="http://xbrl.fasb.org/us-gaap/2012/elts/us-gaap-2012-01-31.xsd#us-gaap_NetIncomeLoss" xlink:label="loc_AFHACQXNetIncomeLoss" />
      <link:presentationArc order="10" xlink:arcrole="http://www.xbrl.org/2003/arcrole/parent-child" xlink:from="loc_AFHACQXStatementOfCashFlowsAbstract" xlink:to="loc_AFHACQXNetIncomeLoss" xlink:type="arc" />
      <link:loc xlink:type="locator" xlink:href="http://xbrl.fasb.org/us-gaap/2012/elts/us-gaap-2012-01-31.xsd#us-gaap_IncreaseDecreaseInOperatingCapitalAbstract" xlink:label="loc_AFHACQXIncreaseDecreaseInOperatingCapitalAbstract" />
      <link:presentationArc order="20" xlink:arcrole="http://www.xbrl.org/2003/arcrole/parent-child" xlink:from="loc_AFHACQXStatementOfCashFlowsAbstract" xlink:to="loc_AFHACQXIncreaseDecreaseInOperatingCapitalAbstract" xlink:type="arc" />
      <link:loc xlink:type="locator" xlink:href="http://xbrl.fasb.org/us-gaap/2012/elts/us-gaap-2012-01-31.xsd#us-gaap_IncreaseDecreaseInPrepaidExpense" xlink:label="loc_AFHACQXIncreaseDecreaseInPrepaidExpense" />
      <link:presentationArc order="30" xlink:arcrole="http://www.xbrl.org/2003/arcrole/parent-child" xlink:from="loc_AFHACQXIncreaseDecreaseInOperatingCapitalAbstract" xlink:to="loc_AFHACQXIncreaseDecreaseInPrepaidExpense" xlink:type="arc" />
      <link:loc xlink:type="locator" xlink:href="http://xbrl.fasb.org/us-gaap/2012/elts/us-gaap-2012-01-31.xsd#us-gaap_IncreaseDecreaseInAccruedLiabilities" xlink:label="loc_AFHACQXIncreaseDecreaseInAccruedLiabilities" />
      <link:presentationArc order="40" xlink:arcrole="http://www.xbrl.org/2003/arcrole/parent-child" xlink:from="loc_AFHACQXIncreaseDecreaseInOperatingCapitalAbstract" xlink:to="loc_AFHACQXIncreaseDecreaseInAccruedLiabilities" xlink:type="arc" preferredLabel="http://www.xbrl.org/2003/role/verboseLabel" />
      <link:loc xlink:type="locator" xlink:href="http://xbrl.fasb.org/us-gaap/2012/elts/us-gaap-2012-01-31.xsd#us-gaap_NetCashProvidedByUsedInOperatingActivities" xlink:label="loc_AFHACQXNetCashProvidedByUsedInOperatingActivities" />
      <link:presentationArc order="50" xlink:arcrole="http://www.xbrl.org/2003/arcrole/parent-child" xlink:from="loc_AFHACQXIncreaseDecreaseInOperatingCapitalAbstract" xlink:to="loc_AFHACQXNetCashProvidedByUsedInOperatingActivities" xlink:type="arc" preferredLabel="http://www.xbrl.org/2003/role/totalLabel" />
      <link:loc xlink:type="locator" xlink:href="http://xbrl.fasb.org/us-gaap/2012/elts/us-gaap-2012-01-31.xsd#us-gaap_NetCashProvidedByUsedInInvestingActivities" xlink:label="loc_AFHACQXNetCashProvidedByUsedInInvestingActivities" />
      <link:presentationArc order="70" xlink:arcrole="http://www.xbrl.org/2003/arcrole/parent-child" xlink:from="loc_AFHACQXIncreaseDecreaseInOperatingCapitalAbstract" xlink:to="loc_AFHACQXNetCashProvidedByUsedInInvestingActivities" xlink:type="arc" />
      <link:loc xlink:type="locator" xlink:href="http://xbrl.fasb.org/us-gaap/2012/elts/us-gaap-2012-01-31.xsd#us-gaap_NetCashProvidedByUsedInFinancingActivitiesAbstract" xlink:label="loc_AFHACQXNetCashProvidedByUsedInFinancingActivitiesAbstract" />
      <link:presentationArc order="90" xlink:arcrole="http://www.xbrl.org/2003/arcrole/parent-child" xlink:from="loc_AFHACQXStatementOfCashFlowsAbstract" xlink:to="loc_AFHACQXNetCashProvidedByUsedInFinancingActivitiesAbstract" xlink:type="arc" />
      <link:loc xlink:type="locator" xlink:href="http://xbrl.fasb.org/us-gaap/2012/elts/us-gaap-2012-01-31.xsd#us-gaap_RepaymentsOfRelatedPartyDebt" xlink:label="loc_AFHACQXRepaymentsOfRelatedPartyDebt" />
      <link:presentationArc order="100" xlink:arcrole="http://www.xbrl.org/2003/arcrole/parent-child" xlink:from="loc_AFHACQXNetCashProvidedByUsedInFinancingActivitiesAbstract" xlink:to="loc_AFHACQXRepaymentsOfRelatedPartyDebt" xlink:type="arc" preferredLabel="http://www.xbrl.org/2009/role/negatedLabel" />
      <link:loc xlink:type="locator" xlink:href="http://xbrl.fasb.org/us-gaap/2012/elts/us-gaap-2012-01-31.xsd#us-gaap_ProceedsFromStockPlans" xlink:label="loc_AFHACQXProceedsFromStockPlans" />
      <link:presentationArc order="110" xlink:arcrole="http://www.xbrl.org/2003/arcrole/parent-child" xlink:from="loc_AFHACQXNetCashProvidedByUsedInFinancingActivitiesAbstract" xlink:to="loc_AFHACQXProceedsFromStockPlans" xlink:type="arc" preferredLabel="http://www.xbrl.org/2003/role/verboseLabel" />
      <link:loc xlink:type="locator" xlink:href="http://xbrl.fasb.org/us-gaap/2012/elts/us-gaap-2012-01-31.xsd#us-gaap_ProceedsFromIssuanceOrSaleOfEquity" xlink:label="loc_AFHACQXProceedsFromIssuanceOrSaleOfEquity" />
      <link:presentationArc order="120" xlink:arcrole="http://www.xbrl.org/2003/arcrole/parent-child" xlink:from="loc_AFHACQXNetCashProvidedByUsedInFinancingActivitiesAbstract" xlink:to="loc_AFHACQXProceedsFromIssuanceOrSaleOfEquity" xlink:type="arc" />
      <link:loc xlink:type="locator" xlink:href="http://xbrl.fasb.org/us-gaap/2012/elts/us-gaap-2012-01-31.xsd#us-gaap_NetCashProvidedByUsedInFinancingActivities" xlink:label="loc_AFHACQXNetCashProvidedByUsedInFinancingActivities" />
      <link:presentationArc order="130" xlink:arcrole="http://www.xbrl.org/2003/arcrole/parent-child" xlink:from="loc_AFHACQXNetCashProvidedByUsedInFinancingActivitiesAbstract" xlink:to="loc_AFHACQXNetCashProvidedByUsedInFinancingActivities" xlink:type="arc" preferredLabel="http://www.xbrl.org/2003/role/totalLabel" />
      <link:loc xlink:type="locator" xlink:href="http://xbrl.fasb.org/us-gaap/2012/elts/us-gaap-2012-01-31.xsd#us-gaap_CashAndCashEquivalentsPeriodIncreaseDecrease" xlink:label="loc_AFHACQXCashAndCashEquivalentsPeriodIncreaseDecrease" />
      <link:presentationArc order="150" xlink:arcrole="http://www.xbrl.org/2003/arcrole/parent-child" xlink:from="loc_AFHACQXNetCashProvidedByUsedInFinancingActivitiesAbstract" xlink:to="loc_AFHACQXCashAndCashEquivalentsPeriodIncreaseDecrease" xlink:type="arc" preferredLabel="http://www.xbrl.org/2003/role/totalLabel" />
      <link:loc xlink:type="locator" xlink:href="http://xbrl.fasb.org/us-gaap/2012/elts/us-gaap-2012-01-31.xsd#us-gaap_CashAndCashEquivalentsAtCarryingValue" xlink:label="loc_AFHACQXCashAndCashEquivalentsAtCarryingValue" />
      <link:presentationArc order="160" xlink:arcrole="http://www.xbrl.org/2003/arcrole/parent-child" xlink:from="loc_AFHACQXNetCashProvidedByUsedInFinancingActivitiesAbstract" xlink:to="loc_AFHACQXCashAndCashEquivalentsAtCarryingValue" xlink:type="arc" preferredLabel="http://www.xbrl.org/2003/role/periodStartLabel" />
      <link:loc xlink:type="locator" xlink:href="http://xbrl.fasb.org/us-gaap/2012/elts/us-gaap-2012-01-31.xsd#us-gaap_CashAndCashEquivalentsAtCarryingValue" xlink:label="loc_AFHACQXCashAndCashEquivalentsAtCarryingValue_2" />
      <link:presentationArc order="170" xlink:arcrole="http://www.xbrl.org/2003/arcrole/parent-child" xlink:from="loc_AFHACQXNetCashProvidedByUsedInFinancingActivitiesAbstract" xlink:to="loc_AFHACQXCashAndCashEquivalentsAtCarryingValue_2" xlink:type="arc" preferredLabel="http://www.xbrl.org/2003/role/periodEndLabel" />
      <link:loc xlink:type="locator" xlink:href="http://xbrl.fasb.org/us-gaap/2012/elts/us-gaap-2012-01-31.xsd#us-gaap_SupplementalCashFlowInformationAbstract" xlink:label="loc_AFHACQXSupplementalCashFlowInformationAbstract" />
      <link:presentationArc order="190" xlink:arcrole="http://www.xbrl.org/2003/arcrole/parent-child" xlink:from="loc_AFHACQXStatementOfCashFlowsAbstract" xlink:to="loc_AFHACQXSupplementalCashFlowInformationAbstract" xlink:type="arc" />
      <link:loc xlink:type="locator" xlink:href="http://xbrl.fasb.org/us-gaap/2012/elts/us-gaap-2012-01-31.xsd#us-gaap_InterestPaid" xlink:label="loc_AFHACQXInterestPaid" />
      <link:presentationArc order="200" xlink:arcrole="http://www.xbrl.org/2003/arcrole/parent-child" xlink:from="loc_AFHACQXSupplementalCashFlowInformationAbstract" xlink:to="loc_AFHACQXInterestPaid" xlink:type="arc" preferredLabel="http://www.xbrl.org/2003/role/verboseLabel" />
      <link:loc xlink:type="locator" xlink:href="http://xbrl.fasb.org/us-gaap/2012/elts/us-gaap-2012-01-31.xsd#us-gaap_IncomeTaxesPaidNet" xlink:label="loc_AFHACQXIncomeTaxesPaidNet" />
      <link:presentationArc order="210" xlink:arcrole="http://www.xbrl.org/2003/arcrole/parent-child" xlink:from="loc_AFHACQXSupplementalCashFlowInformationAbstract" xlink:to="loc_AFHACQXIncomeTaxesPaidNet" xlink:type="arc" />
    </link:presentationLink>
    <link:presentationLink xlink:type="extended" xlink:role="http://AFHACQX/role/Company" xlink:title="0007 - Disclosure - The Company">
      <link:loc xlink:type="locator" xlink:href="afhacqx-20121031.xsd#AFHACQX_CompanyAbstract" xlink:label="loc_AFHACQXCompanyAbstract" />
      <link:loc xlink:type="locator" xlink:href="afhacqx-20121031.xsd#AFHACQX_CompanyDisclosureTextBlock" xlink:label="loc_AFHACQXCompanyDisclosureTextBlock" />
      <link:presentationArc order="0" xlink:arcrole="http://www.xbrl.org/2003/arcrole/parent-child" xlink:from="loc_AFHACQXCompanyAbstract" xlink:to="loc_AFHACQXCompanyDisclosureTextBlock" xlink:type="arc" />
    </link:presentationLink>
    <link:presentationLink xlink:type="extended" xlink:role="http://AFHACQX/role/SummaryOfSignificantAccountingPolicies" xlink:title="0008 - Disclosure - Summary of Significant Accounting Policies">
      <link:loc xlink:type="locator" xlink:href="http://xbrl.fasb.org/us-gaap/2012/elts/us-gaap-2012-01-31.xsd#us-gaap_AccountingPoliciesAbstract" xlink:label="loc_AFHACQXAccountingPoliciesAbstract" />
      <link:loc xlink:type="locator" xlink:href="http://xbrl.fasb.org/us-gaap/2012/elts/us-gaap-2012-01-31.xsd#us-gaap_SignificantAccountingPoliciesTextBlock" xlink:label="loc_AFHACQXSignificantAccountingPoliciesTextBlock" />
      <link:presentationArc order="0" xlink:arcrole="http://www.xbrl.org/2003/arcrole/parent-child" xlink:from="loc_AFHACQXAccountingPoliciesAbstract" xlink:to="loc_AFHACQXSignificantAccountingPoliciesTextBlock" xlink:type="arc" />
    </link:presentationLink>
    <link:presentationLink xlink:type="extended" xlink:role="http://AFHACQX/role/EquitySecurities" xlink:title="0009 - Disclosure - Equity Securities">
      <link:loc xlink:type="locator" xlink:href="http://xbrl.fasb.org/us-gaap/2012/elts/us-gaap-2012-01-31.xsd#us-gaap_EquityAbstract" xlink:label="loc_AFHACQXEquityAbstract" />
      <link:loc xlink:type="locator" xlink:href="http://xbrl.fasb.org/us-gaap/2012/elts/us-gaap-2012-01-31.xsd#us-gaap_StockholdersEquityNoteDisclosureTextBlock" xlink:label="loc_AFHACQXStockholdersEquityNoteDisclosureTextBlock" />
      <link:presentationArc order="0" xlink:arcrole="http://www.xbrl.org/2003/arcrole/parent-child" xlink:from="loc_AFHACQXEquityAbstract" xlink:to="loc_AFHACQXStockholdersEquityNoteDisclosureTextBlock" xlink:type="arc" />
    </link:presentationLink>
    <link:presentationLink xlink:type="extended" xlink:role="http://AFHACQX/role/GoingConcern" xlink:title="0010 - Disclosure - Going Concern">
      <link:loc xlink:type="locator" xlink:href="afhacqx-20121031.xsd#AFHACQX_GoingConcernDisclosureAbstract" xlink:label="loc_AFHACQXGoingConcernDisclosureAbstract" />
      <link:loc xlink:type="locator" xlink:href="afhacqx-20121031.xsd#AFHACQX_GoingConcernDisclosureTextBlock" xlink:label="loc_AFHACQXGoingConcernDisclosureTextBlock" />
      <link:presentationArc order="0" xlink:arcrole="http://www.xbrl.org/2003/arcrole/parent-child" xlink:from="loc_AFHACQXGoingConcernDisclosureAbstract" xlink:to="loc_AFHACQXGoingConcernDisclosureTextBlock" xlink:type="arc" preferredLabel="http://www.xbrl.org/2003/role/verboseLabel" />
    </link:presentationLink>
    <link:presentationLink xlink:type="extended" xlink:role="http://AFHACQX/role/DueToParent" xlink:title="0011 - Disclosure - Due to Parent">
      <link:loc xlink:type="locator" xlink:href="http://xbrl.fasb.org/us-gaap/2012/elts/us-gaap-2012-01-31.xsd#us-gaap_RelatedPartyTransactionsAbstract" xlink:label="loc_AFHACQXRelatedPartyTransactionsAbstract" />
      <link:loc xlink:type="locator" xlink:href="http://xbrl.fasb.org/us-gaap/2012/elts/us-gaap-2012-01-31.xsd#us-gaap_RelatedPartyTransactionsDisclosureTextBlock" xlink:label="loc_AFHACQXRelatedPartyTransactionsDisclosureTextBlock" />
      <link:presentationArc order="0" xlink:arcrole="http://www.xbrl.org/2003/arcrole/parent-child" xlink:from="loc_AFHACQXRelatedPartyTransactionsAbstract" xlink:to="loc_AFHACQXRelatedPartyTransactionsDisclosureTextBlock" xlink:type="arc" preferredLabel="http://www.xbrl.org/2003/role/verboseLabel" />
    </link:presentationLink>
    <link:presentationLink xlink:type="extended" xlink:role="http://AFHACQX/role/SummaryOfSignificantAccountingPoliciesPolicies" xlink:title="0012 - Disclosure - Summary of Significant Accounting Policies (Policies)">
      <link:loc xlink:type="locator" xlink:href="http://xbrl.fasb.org/us-gaap/2012/elts/us-gaap-2012-01-31.xsd#us-gaap_AccountingPoliciesAbstract" xlink:label="loc_AFHACQXAccountingPoliciesAbstract" />
      <link:loc xlink:type="locator" xlink:href="http://xbrl.fasb.org/us-gaap/2012/elts/us-gaap-2012-01-31.xsd#us-gaap_BasisOfAccountingPolicyPolicyTextBlock" xlink:label="loc_AFHACQXBasisOfAccountingPolicyPolicyTextBlock" />
      <link:presentationArc order="0" xlink:arcrole="http://www.xbrl.org/2003/arcrole/parent-child" xlink:from="loc_AFHACQXAccountingPoliciesAbstract" xlink:to="loc_AFHACQXBasisOfAccountingPolicyPolicyTextBlock" xlink:type="arc" />
      <link:loc xlink:type="locator" xlink:href="afhacqx-20121031.xsd#AFHACQX_DevelopmentStagePolicyPolicyTextBlock" xlink:label="loc_AFHACQXDevelopmentStagePolicyPolicyTextBlock" />
      <link:presentationArc order="10" xlink:arcrole="http://www.xbrl.org/2003/arcrole/parent-child" xlink:from="loc_AFHACQXAccountingPoliciesAbstract" xlink:to="loc_AFHACQXDevelopmentStagePolicyPolicyTextBlock" xlink:type="arc" />
      <link:loc xlink:type="locator" xlink:href="http://xbrl.fasb.org/us-gaap/2012/elts/us-gaap-2012-01-31.xsd#us-gaap_CashAndCashEquivalentsPolicyTextBlock" xlink:label="loc_AFHACQXCashAndCashEquivalentsPolicyTextBlock" />
      <link:presentationArc order="20" xlink:arcrole="http://www.xbrl.org/2003/arcrole/parent-child" xlink:from="loc_AFHACQXAccountingPoliciesAbstract" xlink:to="loc_AFHACQXCashAndCashEquivalentsPolicyTextBlock" xlink:type="arc" preferredLabel="http://www.xbrl.org/2003/role/verboseLabel" />
      <link:loc xlink:type="locator" xlink:href="http://xbrl.fasb.org/us-gaap/2012/elts/us-gaap-2012-01-31.xsd#us-gaap_EarningsPerSharePolicyTextBlock" xlink:label="loc_AFHACQXEarningsPerSharePolicyTextBlock" />
      <link:presentationArc order="30" xlink:arcrole="http://www.xbrl.org/2003/arcrole/parent-child" xlink:from="loc_AFHACQXAccountingPoliciesAbstract" xlink:to="loc_AFHACQXEarningsPerSharePolicyTextBlock" xlink:type="arc" />
      <link:loc xlink:type="locator" xlink:href="http://xbrl.fasb.org/us-gaap/2012/elts/us-gaap-2012-01-31.xsd#us-gaap_UseOfEstimates" xlink:label="loc_AFHACQXUseOfEstimates" />
      <link:presentationArc order="40" xlink:arcrole="http://www.xbrl.org/2003/arcrole/parent-child" xlink:from="loc_AFHACQXAccountingPoliciesAbstract" xlink:to="loc_AFHACQXUseOfEstimates" xlink:type="arc" />
      <link:loc xlink:type="locator" xlink:href="afhacqx-20121031.xsd#AFHACQX_OrganizationalCostsPolicyPolicyTextBlock" xlink:label="loc_AFHACQXOrganizationalCostsPolicyPolicyTextBlock" />
      <link:presentationArc order="50" xlink:arcrole="http://www.xbrl.org/2003/arcrole/parent-child" xlink:from="loc_AFHACQXAccountingPoliciesAbstract" xlink:to="loc_AFHACQXOrganizationalCostsPolicyPolicyTextBlock" xlink:type="arc" preferredLabel="http://www.xbrl.org/2003/role/verboseLabel" />
      <link:loc xlink:type="locator" xlink:href="http://xbrl.fasb.org/us-gaap/2012/elts/us-gaap-2012-01-31.xsd#us-gaap_IncomeTaxPolicyTextBlock" xlink:label="loc_AFHACQXIncomeTaxPolicyTextBlock" />
      <link:presentationArc order="60" xlink:arcrole="http://www.xbrl.org/2003/arcrole/parent-child" xlink:from="loc_AFHACQXAccountingPoliciesAbstract" xlink:to="loc_AFHACQXIncomeTaxPolicyTextBlock" xlink:type="arc" preferredLabel="http://www.xbrl.org/2003/role/verboseLabel" />
      <link:loc xlink:type="locator" xlink:href="http://xbrl.fasb.org/us-gaap/2012/elts/us-gaap-2012-01-31.xsd#us-gaap_FairValueOfFinancialInstrumentsPolicy" xlink:label="loc_AFHACQXFairValueOfFinancialInstrumentsPolicy" />
      <link:presentationArc order="70" xlink:arcrole="http://www.xbrl.org/2003/arcrole/parent-child" xlink:from="loc_AFHACQXAccountingPoliciesAbstract" xlink:to="loc_AFHACQXFairValueOfFinancialInstrumentsPolicy" xlink:type="arc" />
      <link:loc xlink:type="locator" xlink:href="http://xbrl.fasb.org/us-gaap/2012/elts/us-gaap-2012-01-31.xsd#us-gaap_NewAccountingPronouncementsPolicyPolicyTextBlock" xlink:label="loc_AFHACQXNewAccountingPronouncementsPolicyPolicyTextBlock" />
      <link:presentationArc order="80" xlink:arcrole="http://www.xbrl.org/2003/arcrole/parent-child" xlink:from="loc_AFHACQXAccountingPoliciesAbstract" xlink:to="loc_AFHACQXNewAccountingPronouncementsPolicyPolicyTextBlock" xlink:type="arc" />
    </link:presentationLink>
    <link:presentationLink xlink:type="extended" xlink:role="http://AFHACQX/role/GoingConcernDetailsNarrative" xlink:title="0013 - Disclosure - Going Concern (Details Narrative)">
      <link:loc xlink:type="locator" xlink:href="afhacqx-20121031.xsd#AFHACQX_GoingConcernDisclosureAbstract" xlink:label="loc_AFHACQXGoingConcernDisclosureAbstract" />
      <link:loc xlink:type="locator" xlink:href="http://xbrl.fasb.org/us-gaap/2012/elts/us-gaap-2012-01-31.xsd#us-gaap_RetainedEarningsAccumulatedDeficit" xlink:label="loc_AFHACQXRetainedEarningsAccumulatedDeficit" />
      <link:presentationArc order="0" xlink:arcrole="http://www.xbrl.org/2003/arcrole/parent-child" xlink:from="loc_AFHACQXGoingConcernDisclosureAbstract" xlink:to="loc_AFHACQXRetainedEarningsAccumulatedDeficit" xlink:type="arc" />
    </link:presentationLink>
</link:linkbase>
