<?xml version="1.0" encoding="US-ASCII" standalone="no"?>
<!--P3XBRL-->
<!--version 4.1.29 -->
<!--http://www.p3xbrl.com-->
<!--produced on 2013-01-30 @ 2:38 PM-->
<link:linkbase xmlns:cowi="http://coroware.com/20111231" xmlns:xbrldt="http://xbrl.org/2005/xbrldt" xmlns:xlink="http://www.w3.org/1999/xlink" xmlns:xsi="http://www.w3.org/2001/XMLSchema-instance" xsi:schemaLocation="http://www.xbrl.org/2003/linkbase http://www.xbrl.org/2003/xbrl-linkbase-2003-12-31.xsd" xmlns:link="http://www.xbrl.org/2003/linkbase">
  <link:roleRef roleURI="http://coroware.com/role/AccountsReceivableFactoring" xlink:href="cowi-20111231.xsd#cowi-arf1" xlink:type="simple" />
  <link:roleRef roleURI="http://coroware.com/role/NatureOfCompanyBasisOfPresentationAndSummaryOfSignificantAccountingPolicies" xlink:href="cowi-20111231.xsd#cowi-nocbopasosap" xlink:type="simple" />
  <link:roleRef roleURI="http://coroware.com/role/Commitments" xlink:href="cowi-20111231.xsd#cowi-c" xlink:type="simple" />
  <link:roleRef roleURI="http://coroware.com/role/ConsolidatedBalanceSheets" xlink:href="cowi-20111231.xsd#cowi-cbs" xlink:type="simple" />
  <link:roleRef roleURI="http://coroware.com/role/ConsolidatedBalanceSheetsParenthetical" xlink:href="cowi-20111231.xsd#cowi-cbsp" xlink:type="simple" />
  <link:roleRef roleURI="http://coroware.com/role/ConvertibleDebt" xlink:href="cowi-20111231.xsd#cowi-cd" xlink:type="simple" />
  <link:roleRef roleURI="http://coroware.com/role/ConsolidatedStatementsOfCashFlows" xlink:href="cowi-20111231.xsd#cowi-csocf1" xlink:type="simple" />
  <link:roleRef roleURI="http://coroware.com/role/ConsolidatedStatementsOfOperations" xlink:href="cowi-20111231.xsd#cowi-csoo" xlink:type="simple" />
  <link:roleRef roleURI="http://coroware.com/role/DocumentAndEntityInformation" xlink:href="cowi-20111231.xsd#cowi-daei" xlink:type="simple" />
  <link:roleRef roleURI="http://coroware.com/role/FinancialConditionAndGoingConcern" xlink:href="cowi-20111231.xsd#cowi-fcagc" xlink:type="simple" />
  <link:roleRef roleURI="http://coroware.com/role/NotesPayable" xlink:href="cowi-20111231.xsd#cowi-np" xlink:type="simple" />
  <link:roleRef roleURI="http://coroware.com/role/OtherStockholdersEquity" xlink:href="cowi-20111231.xsd#cowi-ose" xlink:type="simple" />
  <link:roleRef roleURI="http://coroware.com/role/SubsequentEvents" xlink:href="cowi-20111231.xsd#cowi-se" xlink:type="simple" />
  <link:roleRef roleURI="http://coroware.com/role/ConsolidatedStatementOfStockholdersDeficit" xlink:href="cowi-20111231.xsd#cowi-csosd" xlink:type="simple" />
  <link:roleRef roleURI="http://coroware.com/role/PropertyAndEquipment" xlink:href="cowi-20111231.xsd#cowi-pae" xlink:type="simple" />
  <link:roleRef roleURI="http://coroware.com/role/IntangibleAssets" xlink:href="cowi-20111231.xsd#cowi-ia" xlink:type="simple" />
  <link:roleRef roleURI="http://coroware.com/role/IncomeTaxes" xlink:href="cowi-20111231.xsd#cowi-it" xlink:type="simple" />
  <link:roleRef roleURI="http://coroware.com/role/StockBasedCompensation" xlink:href="cowi-20111231.xsd#cowi-sbc" xlink:type="simple" />
  <link:roleRef roleURI="http://coroware.com/role/LinesOfCredit" xlink:href="cowi-20111231.xsd#cowi-loc" xlink:type="simple" />
  <link:roleRef roleURI="http://coroware.com/role/LongtermDebt" xlink:href="cowi-20111231.xsd#cowi-ld" xlink:type="simple" />
  <link:arcroleRef arcroleURI="http://xbrl.org/int/dim/arcrole/all" xlink:href="http://www.xbrl.org/2005/xbrldt-2005.xsd#all" xlink:type="simple" />
  <link:arcroleRef arcroleURI="http://xbrl.org/int/dim/arcrole/notAll" xlink:href="http://www.xbrl.org/2005/xbrldt-2005.xsd#notAll" xlink:type="simple" />
  <link:arcroleRef arcroleURI="http://xbrl.org/int/dim/arcrole/hypercube-dimension" xlink:href="http://www.xbrl.org/2005/xbrldt-2005.xsd#hypercube-dimension" xlink:type="simple" />
  <link:arcroleRef arcroleURI="http://xbrl.org/int/dim/arcrole/dimension-domain" xlink:href="http://www.xbrl.org/2005/xbrldt-2005.xsd#dimension-domain" xlink:type="simple" />
  <link:arcroleRef arcroleURI="http://xbrl.org/int/dim/arcrole/domain-member" xlink:href="http://www.xbrl.org/2005/xbrldt-2005.xsd#domain-member" xlink:type="simple" />
  <link:arcroleRef arcroleURI="http://xbrl.org/int/dim/arcrole/dimension-default" xlink:href="http://www.xbrl.org/2005/xbrldt-2005.xsd#dimension-default" xlink:type="simple" />
  <link:definitionLink xlink:title="003 - Statement - CONSOLIDATED BALANCE SHEETS (Parenthetical)" xlink:role="http://coroware.com/role/ConsolidatedBalanceSheetsParenthetical" xlink:type="extended">
    <link:loc xlink:label="loc_ClassOfStockDomain.974.7.6" xlink:href="http://xbrl.fasb.org/us-gaap/2012/elts/us-gaap-2012-01-31.xsd#us-gaap_ClassOfStockDomain" xlink:type="locator" />
    <link:loc xlink:label="loc_MandatorilyRedeemablePreferredStockMember.3203.7.6" xlink:href="http://xbrl.fasb.org/us-gaap/2012/elts/us-gaap-2012-01-31.xsd#us-gaap_MandatorilyRedeemablePreferredStockMember" xlink:type="locator" />
    <link:definitionArc xlink:from="loc_ClassOfStockDomain.974.7.6" xlink:to="loc_MandatorilyRedeemablePreferredStockMember.3203.7.6" order="1.00" priority="0" use="optional" xlink:arcrole="http://xbrl.org/int/dim/arcrole/domain-member" xlink:type="arc" />
    <link:loc xlink:label="loc_MandatorilyRedeemablePreferredStockTwoMember.57720.7.6" xlink:href="cowi-20111231.xsd#cowi_MandatorilyRedeemablePreferredStockTwoMember" xlink:type="locator" />
    <link:definitionArc xlink:from="loc_ClassOfStockDomain.974.7.6" xlink:to="loc_MandatorilyRedeemablePreferredStockTwoMember.57720.7.6" order="2.00" priority="0" use="optional" xlink:arcrole="http://xbrl.org/int/dim/arcrole/domain-member" xlink:type="arc" />
    <link:loc xlink:label="loc_StatementTable.4950.5.6" xlink:href="http://xbrl.fasb.org/us-gaap/2012/elts/us-gaap-2012-01-31.xsd#us-gaap_StatementTable" xlink:type="locator" />
    <link:loc xlink:label="loc_StatementClassOfStockAxis.4962.5.6" xlink:href="http://xbrl.fasb.org/us-gaap/2012/elts/us-gaap-2012-01-31.xsd#us-gaap_StatementClassOfStockAxis" xlink:type="locator" />
    <link:definitionArc xlink:from="loc_StatementTable.4950.5.6" xlink:to="loc_StatementClassOfStockAxis.4962.5.6" order="1.00" priority="0" use="optional" xlink:arcrole="http://xbrl.org/int/dim/arcrole/hypercube-dimension" xlink:type="arc" />
    <link:loc xlink:label="loc_StatementLineItems.4952.9.6" xlink:href="http://xbrl.fasb.org/us-gaap/2012/elts/us-gaap-2012-01-31.xsd#us-gaap_StatementLineItems" xlink:type="locator" />
    <link:loc xlink:label="loc_StatementTable.4950.9.6" xlink:href="http://xbrl.fasb.org/us-gaap/2012/elts/us-gaap-2012-01-31.xsd#us-gaap_StatementTable" xlink:type="locator" />
    <link:definitionArc xlink:from="loc_StatementLineItems.4952.9.6" xlink:to="loc_StatementTable.4950.9.6" order="1.00" xbrldt:closed="true" xbrldt:contextElement="segment" priority="0" use="optional" xlink:arcrole="http://xbrl.org/int/dim/arcrole/all" xlink:type="arc" />
    <link:loc xlink:label="loc_StatementLineItems.4952.7.6" xlink:href="http://xbrl.fasb.org/us-gaap/2012/elts/us-gaap-2012-01-31.xsd#us-gaap_StatementLineItems" xlink:type="locator" />
    <link:loc xlink:label="loc_PreferredStockParOrStatedValuePerShare.14166.7.6" xlink:href="http://xbrl.fasb.org/us-gaap/2012/elts/us-gaap-2012-01-31.xsd#us-gaap_PreferredStockParOrStatedValuePerShare" xlink:type="locator" />
    <link:definitionArc xlink:from="loc_StatementLineItems.4952.7.6" xlink:to="loc_PreferredStockParOrStatedValuePerShare.14166.7.6" order="1.00" priority="0" use="optional" xlink:arcrole="http://xbrl.org/int/dim/arcrole/domain-member" xlink:type="arc" />
    <link:loc xlink:label="loc_PreferredStockSharesAuthorized.14124.7.6" xlink:href="http://xbrl.fasb.org/us-gaap/2012/elts/us-gaap-2012-01-31.xsd#us-gaap_PreferredStockSharesAuthorized" xlink:type="locator" />
    <link:definitionArc xlink:from="loc_StatementLineItems.4952.7.6" xlink:to="loc_PreferredStockSharesAuthorized.14124.7.6" order="2.00" priority="0" use="optional" xlink:arcrole="http://xbrl.org/int/dim/arcrole/domain-member" xlink:type="arc" />
    <link:loc xlink:label="loc_PreferredStockSharesIssued.14157.7.6" xlink:href="http://xbrl.fasb.org/us-gaap/2012/elts/us-gaap-2012-01-31.xsd#us-gaap_PreferredStockSharesIssued" xlink:type="locator" />
    <link:definitionArc xlink:from="loc_StatementLineItems.4952.7.6" xlink:to="loc_PreferredStockSharesIssued.14157.7.6" order="3.00" priority="0" use="optional" xlink:arcrole="http://xbrl.org/int/dim/arcrole/domain-member" xlink:type="arc" />
    <link:loc xlink:label="loc_PreferredStockSharesOutstanding.14180.7.6" xlink:href="http://xbrl.fasb.org/us-gaap/2012/elts/us-gaap-2012-01-31.xsd#us-gaap_PreferredStockSharesOutstanding" xlink:type="locator" />
    <link:definitionArc xlink:from="loc_StatementLineItems.4952.7.6" xlink:to="loc_PreferredStockSharesOutstanding.14180.7.6" order="4.00" priority="0" use="optional" xlink:arcrole="http://xbrl.org/int/dim/arcrole/domain-member" xlink:type="arc" />
    <link:loc xlink:label="loc_StatementClassOfStockAxis.4962.8.6" xlink:href="http://xbrl.fasb.org/us-gaap/2012/elts/us-gaap-2012-01-31.xsd#us-gaap_StatementClassOfStockAxis" xlink:type="locator" />
    <link:loc xlink:label="loc_ClassOfStockDomain.974.8.6" xlink:href="http://xbrl.fasb.org/us-gaap/2012/elts/us-gaap-2012-01-31.xsd#us-gaap_ClassOfStockDomain" xlink:type="locator" />
    <link:definitionArc xlink:from="loc_StatementClassOfStockAxis.4962.8.6" xlink:to="loc_ClassOfStockDomain.974.8.6" order="1.00" priority="0" use="optional" xlink:arcrole="http://xbrl.org/int/dim/arcrole/dimension-default" xlink:type="arc" />
    <link:loc xlink:label="loc_StatementClassOfStockAxis.4962.6.6" xlink:href="http://xbrl.fasb.org/us-gaap/2012/elts/us-gaap-2012-01-31.xsd#us-gaap_StatementClassOfStockAxis" xlink:type="locator" />
    <link:loc xlink:label="loc_ClassOfStockDomain.974.6.6" xlink:href="http://xbrl.fasb.org/us-gaap/2012/elts/us-gaap-2012-01-31.xsd#us-gaap_ClassOfStockDomain" xlink:type="locator" />
    <link:definitionArc xlink:from="loc_StatementClassOfStockAxis.4962.6.6" xlink:to="loc_ClassOfStockDomain.974.6.6" order="1.00" priority="0" use="optional" xlink:arcrole="http://xbrl.org/int/dim/arcrole/dimension-domain" xlink:type="arc" />
  </link:definitionLink>
  <link:definitionLink xlink:title="005 - Statement - CONSOLIDATED STATEMENT OF STOCKHOLDERS' DEFICIT" xlink:role="http://coroware.com/role/ConsolidatedStatementOfStockholdersDeficit" xlink:type="extended">
    <link:loc xlink:label="loc_EquityComponentDomain.1773.7.6" xlink:href="http://xbrl.fasb.org/us-gaap/2012/elts/us-gaap-2012-01-31.xsd#us-gaap_EquityComponentDomain" xlink:type="locator" />
    <link:loc xlink:label="loc_CommonStockMember.1033.7.6" xlink:href="http://xbrl.fasb.org/us-gaap/2012/elts/us-gaap-2012-01-31.xsd#us-gaap_CommonStockMember" xlink:type="locator" />
    <link:definitionArc xlink:from="loc_EquityComponentDomain.1773.7.6" xlink:to="loc_CommonStockMember.1033.7.6" order="4.00" priority="0" use="optional" xlink:arcrole="http://xbrl.org/int/dim/arcrole/domain-member" xlink:type="arc" />
    <link:loc xlink:label="loc_AdditionalPaidInCapitalMember.461.7.6" xlink:href="http://xbrl.fasb.org/us-gaap/2012/elts/us-gaap-2012-01-31.xsd#us-gaap_AdditionalPaidInCapitalMember" xlink:type="locator" />
    <link:definitionArc xlink:from="loc_EquityComponentDomain.1773.7.6" xlink:to="loc_AdditionalPaidInCapitalMember.461.7.6" order="5.00" priority="0" use="optional" xlink:arcrole="http://xbrl.org/int/dim/arcrole/domain-member" xlink:type="arc" />
    <link:loc xlink:label="loc_RetainedEarningsMember.4458.7.6" xlink:href="http://xbrl.fasb.org/us-gaap/2012/elts/us-gaap-2012-01-31.xsd#us-gaap_RetainedEarningsMember" xlink:type="locator" />
    <link:definitionArc xlink:from="loc_EquityComponentDomain.1773.7.6" xlink:to="loc_RetainedEarningsMember.4458.7.6" order="6.00" priority="0" use="optional" xlink:arcrole="http://xbrl.org/int/dim/arcrole/domain-member" xlink:type="arc" />
    <link:loc xlink:label="loc_TreasuryStockMember.5154.7.6" xlink:href="http://xbrl.fasb.org/us-gaap/2012/elts/us-gaap-2012-01-31.xsd#us-gaap_TreasuryStockMember" xlink:type="locator" />
    <link:definitionArc xlink:from="loc_EquityComponentDomain.1773.7.6" xlink:to="loc_TreasuryStockMember.5154.7.6" order="6.50" priority="0" use="optional" xlink:arcrole="http://xbrl.org/int/dim/arcrole/domain-member" xlink:type="arc" />
    <link:loc xlink:label="loc_StatementTable.4950.5.6" xlink:href="http://xbrl.fasb.org/us-gaap/2012/elts/us-gaap-2012-01-31.xsd#us-gaap_StatementTable" xlink:type="locator" />
    <link:loc xlink:label="loc_StatementEquityComponentsAxis.4957.5.6" xlink:href="http://xbrl.fasb.org/us-gaap/2012/elts/us-gaap-2012-01-31.xsd#us-gaap_StatementEquityComponentsAxis" xlink:type="locator" />
    <link:definitionArc xlink:from="loc_StatementTable.4950.5.6" xlink:to="loc_StatementEquityComponentsAxis.4957.5.6" order="1.00" priority="0" use="optional" xlink:arcrole="http://xbrl.org/int/dim/arcrole/hypercube-dimension" xlink:type="arc" />
    <link:loc xlink:label="loc_StatementLineItems.4952.9.6" xlink:href="http://xbrl.fasb.org/us-gaap/2012/elts/us-gaap-2012-01-31.xsd#us-gaap_StatementLineItems" xlink:type="locator" />
    <link:loc xlink:label="loc_StatementTable.4950.9.6" xlink:href="http://xbrl.fasb.org/us-gaap/2012/elts/us-gaap-2012-01-31.xsd#us-gaap_StatementTable" xlink:type="locator" />
    <link:definitionArc xlink:from="loc_StatementLineItems.4952.9.6" xlink:to="loc_StatementTable.4950.9.6" order="1.00" xbrldt:closed="true" xbrldt:contextElement="segment" priority="0" use="optional" xlink:arcrole="http://xbrl.org/int/dim/arcrole/all" xlink:type="arc" />
    <link:loc xlink:label="loc_StatementLineItems.4952.7.6" xlink:href="http://xbrl.fasb.org/us-gaap/2012/elts/us-gaap-2012-01-31.xsd#us-gaap_StatementLineItems" xlink:type="locator" />
    <link:loc xlink:label="loc_StockholdersEquity.16667.7.6" xlink:href="http://xbrl.fasb.org/us-gaap/2012/elts/us-gaap-2012-01-31.xsd#us-gaap_StockholdersEquity" xlink:type="locator" />
    <link:definitionArc xlink:from="loc_StatementLineItems.4952.7.6" xlink:to="loc_StockholdersEquity.16667.7.6" order="2.00" priority="0" use="optional" xlink:arcrole="http://xbrl.org/int/dim/arcrole/domain-member" xlink:type="arc" />
    <link:loc xlink:label="loc_NetIncomeLoss.12771.7.6" xlink:href="http://xbrl.fasb.org/us-gaap/2012/elts/us-gaap-2012-01-31.xsd#us-gaap_NetIncomeLoss" xlink:type="locator" />
    <link:definitionArc xlink:from="loc_StatementLineItems.4952.7.6" xlink:to="loc_NetIncomeLoss.12771.7.6" order="18.00" priority="0" use="optional" xlink:arcrole="http://xbrl.org/int/dim/arcrole/domain-member" xlink:type="arc" />
    <link:loc xlink:label="loc_SharesOutstanding.16423.7.6" xlink:href="http://xbrl.fasb.org/us-gaap/2012/elts/us-gaap-2012-01-31.xsd#us-gaap_SharesOutstanding" xlink:type="locator" />
    <link:definitionArc xlink:from="loc_StatementLineItems.4952.7.6" xlink:to="loc_SharesOutstanding.16423.7.6" order="1.50" priority="0" use="optional" xlink:arcrole="http://xbrl.org/int/dim/arcrole/domain-member" xlink:type="arc" />
    <link:loc xlink:label="loc_StockIssuedDuringPeriodSharesConversionOfConvertibleSecurities.16635.7.6" xlink:href="http://xbrl.fasb.org/us-gaap/2012/elts/us-gaap-2012-01-31.xsd#us-gaap_StockIssuedDuringPeriodSharesConversionOfConvertibleSecurities" xlink:type="locator" />
    <link:definitionArc xlink:from="loc_StatementLineItems.4952.7.6" xlink:to="loc_StockIssuedDuringPeriodSharesConversionOfConvertibleSecurities.16635.7.6" order="7.88" priority="0" use="optional" xlink:arcrole="http://xbrl.org/int/dim/arcrole/domain-member" xlink:type="arc" />
    <link:loc xlink:label="loc_StockIssuedDuringPeriodValueConversionOfConvertibleSecurities.16610.7.6" xlink:href="http://xbrl.fasb.org/us-gaap/2012/elts/us-gaap-2012-01-31.xsd#us-gaap_StockIssuedDuringPeriodValueConversionOfConvertibleSecurities" xlink:type="locator" />
    <link:definitionArc xlink:from="loc_StatementLineItems.4952.7.6" xlink:to="loc_StockIssuedDuringPeriodValueConversionOfConvertibleSecurities.16610.7.6" order="9.44" priority="0" use="optional" xlink:arcrole="http://xbrl.org/int/dim/arcrole/domain-member" xlink:type="arc" />
    <link:loc xlink:label="loc_StockIssuedDuringPeriodSharesIssuedForServices.16587.7.6" xlink:href="http://xbrl.fasb.org/us-gaap/2012/elts/us-gaap-2012-01-31.xsd#us-gaap_StockIssuedDuringPeriodSharesIssuedForServices" xlink:type="locator" />
    <link:definitionArc xlink:from="loc_StatementLineItems.4952.7.6" xlink:to="loc_StockIssuedDuringPeriodSharesIssuedForServices.16587.7.6" order="5.00" priority="0" use="optional" xlink:arcrole="http://xbrl.org/int/dim/arcrole/domain-member" xlink:type="arc" />
    <link:loc xlink:label="loc_StockIssuedDuringPeriodValueIssuedForServices.16607.7.6" xlink:href="http://xbrl.fasb.org/us-gaap/2012/elts/us-gaap-2012-01-31.xsd#us-gaap_StockIssuedDuringPeriodValueIssuedForServices" xlink:type="locator" />
    <link:definitionArc xlink:from="loc_StatementLineItems.4952.7.6" xlink:to="loc_StockIssuedDuringPeriodValueIssuedForServices.16607.7.6" order="6.00" priority="0" use="optional" xlink:arcrole="http://xbrl.org/int/dim/arcrole/domain-member" xlink:type="arc" />
    <link:loc xlink:label="loc_AdjustmentsToAdditionalPaidInCapitalShareBasedCompensationStockOptionsRequisiteServicePeriodRecognition.5645.7.6" xlink:href="http://xbrl.fasb.org/us-gaap/2012/elts/us-gaap-2012-01-31.xsd#us-gaap_AdjustmentsToAdditionalPaidInCapitalShareBasedCompensationStockOptionsRequisiteServicePeriodRecognition" xlink:type="locator" />
    <link:definitionArc xlink:from="loc_StatementLineItems.4952.7.6" xlink:to="loc_AdjustmentsToAdditionalPaidInCapitalShareBasedCompensationStockOptionsRequisiteServicePeriodRecognition.5645.7.6" order="10.50" priority="0" use="optional" xlink:arcrole="http://xbrl.org/int/dim/arcrole/domain-member" xlink:type="arc" />
    <link:loc xlink:label="loc_StockIssuedDuringPeriodSharesPurchaseOfAssets.16640.7.6" xlink:href="http://xbrl.fasb.org/us-gaap/2012/elts/us-gaap-2012-01-31.xsd#us-gaap_StockIssuedDuringPeriodSharesPurchaseOfAssets" xlink:type="locator" />
    <link:definitionArc xlink:from="loc_StatementLineItems.4952.7.6" xlink:to="loc_StockIssuedDuringPeriodSharesPurchaseOfAssets.16640.7.6" order="13.00" priority="0" use="optional" xlink:arcrole="http://xbrl.org/int/dim/arcrole/domain-member" xlink:type="arc" />
    <link:loc xlink:label="loc_StockIssuedDuringPeriodValuePurchaseOfAssets.16649.7.6" xlink:href="http://xbrl.fasb.org/us-gaap/2012/elts/us-gaap-2012-01-31.xsd#us-gaap_StockIssuedDuringPeriodValuePurchaseOfAssets" xlink:type="locator" />
    <link:definitionArc xlink:from="loc_StatementLineItems.4952.7.6" xlink:to="loc_StockIssuedDuringPeriodValuePurchaseOfAssets.16649.7.6" order="14.00" priority="0" use="optional" xlink:arcrole="http://xbrl.org/int/dim/arcrole/domain-member" xlink:type="arc" />
    <link:loc xlink:label="loc_StockIssuedDuringPeriodSharesIssuedForPayables.58464.7.6" xlink:href="cowi-20111231.xsd#cowi_StockIssuedDuringPeriodSharesIssuedForPayables" xlink:type="locator" />
    <link:definitionArc xlink:from="loc_StatementLineItems.4952.7.6" xlink:to="loc_StockIssuedDuringPeriodSharesIssuedForPayables.58464.7.6" order="3.00" priority="0" use="optional" xlink:arcrole="http://xbrl.org/int/dim/arcrole/domain-member" xlink:type="arc" />
    <link:loc xlink:label="loc_StockIssuedDuringPeriodValueIssuedForPayables.58465.7.6" xlink:href="cowi-20111231.xsd#cowi_StockIssuedDuringPeriodValueIssuedForPayables" xlink:type="locator" />
    <link:definitionArc xlink:from="loc_StatementLineItems.4952.7.6" xlink:to="loc_StockIssuedDuringPeriodValueIssuedForPayables.58465.7.6" order="4.00" priority="0" use="optional" xlink:arcrole="http://xbrl.org/int/dim/arcrole/domain-member" xlink:type="arc" />
    <link:loc xlink:label="loc_StockIssuedDuringPeriodSharesIssuedForNotesPayable.58466.7.6" xlink:href="cowi-20111231.xsd#cowi_StockIssuedDuringPeriodSharesIssuedForNotesPayable" xlink:type="locator" />
    <link:definitionArc xlink:from="loc_StatementLineItems.4952.7.6" xlink:to="loc_StockIssuedDuringPeriodSharesIssuedForNotesPayable.58466.7.6" order="9.00" priority="0" use="optional" xlink:arcrole="http://xbrl.org/int/dim/arcrole/domain-member" xlink:type="arc" />
    <link:loc xlink:label="loc_StockIssuedDuringPeriodValueIssuedForNotesPayable.58467.7.6" xlink:href="cowi-20111231.xsd#cowi_StockIssuedDuringPeriodValueIssuedForNotesPayable" xlink:type="locator" />
    <link:definitionArc xlink:from="loc_StatementLineItems.4952.7.6" xlink:to="loc_StockIssuedDuringPeriodValueIssuedForNotesPayable.58467.7.6" order="10.00" priority="0" use="optional" xlink:arcrole="http://xbrl.org/int/dim/arcrole/domain-member" xlink:type="arc" />
    <link:loc xlink:label="loc_AdjustmentsToAdditionalPaidInCapitalOther.5643.7.6" xlink:href="http://xbrl.fasb.org/us-gaap/2012/elts/us-gaap-2012-01-31.xsd#us-gaap_AdjustmentsToAdditionalPaidInCapitalOther" xlink:type="locator" />
    <link:definitionArc xlink:from="loc_StatementLineItems.4952.7.6" xlink:to="loc_AdjustmentsToAdditionalPaidInCapitalOther.5643.7.6" order="11.00" priority="0" use="optional" xlink:arcrole="http://xbrl.org/int/dim/arcrole/domain-member" xlink:type="arc" />
    <link:loc xlink:label="loc_StatementEquityComponentsAxis.4957.8.6" xlink:href="http://xbrl.fasb.org/us-gaap/2012/elts/us-gaap-2012-01-31.xsd#us-gaap_StatementEquityComponentsAxis" xlink:type="locator" />
    <link:loc xlink:label="loc_EquityComponentDomain.1773.8.6" xlink:href="http://xbrl.fasb.org/us-gaap/2012/elts/us-gaap-2012-01-31.xsd#us-gaap_EquityComponentDomain" xlink:type="locator" />
    <link:definitionArc xlink:from="loc_StatementEquityComponentsAxis.4957.8.6" xlink:to="loc_EquityComponentDomain.1773.8.6" order="1.00" priority="0" use="optional" xlink:arcrole="http://xbrl.org/int/dim/arcrole/dimension-default" xlink:type="arc" />
    <link:loc xlink:label="loc_StatementEquityComponentsAxis.4957.6.6" xlink:href="http://xbrl.fasb.org/us-gaap/2012/elts/us-gaap-2012-01-31.xsd#us-gaap_StatementEquityComponentsAxis" xlink:type="locator" />
    <link:loc xlink:label="loc_EquityComponentDomain.1773.6.6" xlink:href="http://xbrl.fasb.org/us-gaap/2012/elts/us-gaap-2012-01-31.xsd#us-gaap_EquityComponentDomain" xlink:type="locator" />
    <link:definitionArc xlink:from="loc_StatementEquityComponentsAxis.4957.6.6" xlink:to="loc_EquityComponentDomain.1773.6.6" order="2.00" priority="0" use="optional" xlink:arcrole="http://xbrl.org/int/dim/arcrole/dimension-domain" xlink:type="arc" />
  </link:definitionLink>
</link:linkbase>
