<?xml version="1.0" encoding="US-ASCII" standalone="no"?>
<!--P3XBRL-->
<!--version 4.1.29 -->
<!--http://www.p3xbrl.com-->
<!--produced on 2013-01-30 @ 2:38 PM-->
<link:linkbase xmlns:cowi="http://coroware.com/20111231" xmlns:xbrldt="http://xbrl.org/2005/xbrldt" xmlns:xlink="http://www.w3.org/1999/xlink" xmlns:xsi="http://www.w3.org/2001/XMLSchema-instance" xsi:schemaLocation="http://www.xbrl.org/2003/linkbase http://www.xbrl.org/2003/xbrl-linkbase-2003-12-31.xsd" xmlns:link="http://www.xbrl.org/2003/linkbase">
  <link:roleRef roleURI="http://coroware.com/role/AccountsReceivableFactoring" xlink:href="cowi-20111231.xsd#cowi-arf1" xlink:type="simple" />
  <link:roleRef roleURI="http://coroware.com/role/NatureOfCompanyBasisOfPresentationAndSummaryOfSignificantAccountingPolicies" xlink:href="cowi-20111231.xsd#cowi-nocbopasosap" xlink:type="simple" />
  <link:roleRef roleURI="http://coroware.com/role/Commitments" xlink:href="cowi-20111231.xsd#cowi-c" xlink:type="simple" />
  <link:roleRef roleURI="http://coroware.com/role/ConsolidatedBalanceSheets" xlink:href="cowi-20111231.xsd#cowi-cbs" xlink:type="simple" />
  <link:roleRef roleURI="http://coroware.com/role/ConsolidatedBalanceSheetsParenthetical" xlink:href="cowi-20111231.xsd#cowi-cbsp" xlink:type="simple" />
  <link:roleRef roleURI="http://coroware.com/role/ConvertibleDebt" xlink:href="cowi-20111231.xsd#cowi-cd" xlink:type="simple" />
  <link:roleRef roleURI="http://coroware.com/role/ConsolidatedStatementsOfCashFlows" xlink:href="cowi-20111231.xsd#cowi-csocf1" xlink:type="simple" />
  <link:roleRef roleURI="http://coroware.com/role/ConsolidatedStatementsOfOperations" xlink:href="cowi-20111231.xsd#cowi-csoo" xlink:type="simple" />
  <link:roleRef roleURI="http://coroware.com/role/DocumentAndEntityInformation" xlink:href="cowi-20111231.xsd#cowi-daei" xlink:type="simple" />
  <link:roleRef roleURI="http://coroware.com/role/FinancialConditionAndGoingConcern" xlink:href="cowi-20111231.xsd#cowi-fcagc" xlink:type="simple" />
  <link:roleRef roleURI="http://coroware.com/role/NotesPayable" xlink:href="cowi-20111231.xsd#cowi-np" xlink:type="simple" />
  <link:roleRef roleURI="http://coroware.com/role/OtherStockholdersEquity" xlink:href="cowi-20111231.xsd#cowi-ose" xlink:type="simple" />
  <link:roleRef roleURI="http://coroware.com/role/SubsequentEvents" xlink:href="cowi-20111231.xsd#cowi-se" xlink:type="simple" />
  <link:roleRef roleURI="http://coroware.com/role/ConsolidatedStatementOfStockholdersDeficit" xlink:href="cowi-20111231.xsd#cowi-csosd" xlink:type="simple" />
  <link:roleRef roleURI="http://coroware.com/role/PropertyAndEquipment" xlink:href="cowi-20111231.xsd#cowi-pae" xlink:type="simple" />
  <link:roleRef roleURI="http://coroware.com/role/IntangibleAssets" xlink:href="cowi-20111231.xsd#cowi-ia" xlink:type="simple" />
  <link:roleRef roleURI="http://coroware.com/role/IncomeTaxes" xlink:href="cowi-20111231.xsd#cowi-it" xlink:type="simple" />
  <link:roleRef roleURI="http://coroware.com/role/StockBasedCompensation" xlink:href="cowi-20111231.xsd#cowi-sbc" xlink:type="simple" />
  <link:roleRef roleURI="http://coroware.com/role/LinesOfCredit" xlink:href="cowi-20111231.xsd#cowi-loc" xlink:type="simple" />
  <link:roleRef roleURI="http://coroware.com/role/LongtermDebt" xlink:href="cowi-20111231.xsd#cowi-ld" xlink:type="simple" />
  <link:calculationLink xlink:title="002 - Statement - CONSOLIDATED BALANCE SHEETS" xlink:role="http://coroware.com/role/ConsolidatedBalanceSheets" xlink:type="extended">
    <link:loc xlink:label="loc_AssetsCurrent.5874.14.6" xlink:href="http://xbrl.fasb.org/us-gaap/2012/elts/us-gaap-2012-01-31.xsd#us-gaap_AssetsCurrent" xlink:type="locator" />
    <link:loc xlink:label="loc_Cash.6547.14.6" xlink:href="http://xbrl.fasb.org/us-gaap/2012/elts/us-gaap-2012-01-31.xsd#us-gaap_Cash" xlink:type="locator" />
    <link:calculationArc xlink:from="loc_AssetsCurrent.5874.14.6" xlink:to="loc_Cash.6547.14.6" order="100.00" weight="1.00" priority="0" use="optional" xlink:arcrole="http://www.xbrl.org/2003/arcrole/summation-item" xlink:type="arc" />
    <link:loc xlink:label="loc_AccountsReceivableNetCurrent.5451.14.6" xlink:href="http://xbrl.fasb.org/us-gaap/2012/elts/us-gaap-2012-01-31.xsd#us-gaap_AccountsReceivableNetCurrent" xlink:type="locator" />
    <link:calculationArc xlink:from="loc_AssetsCurrent.5874.14.6" xlink:to="loc_AccountsReceivableNetCurrent.5451.14.6" order="200.00" weight="1.00" priority="0" use="optional" xlink:arcrole="http://www.xbrl.org/2003/arcrole/summation-item" xlink:type="arc" />
    <link:loc xlink:label="loc_InventoryNet.11417.14.6" xlink:href="http://xbrl.fasb.org/us-gaap/2012/elts/us-gaap-2012-01-31.xsd#us-gaap_InventoryNet" xlink:type="locator" />
    <link:calculationArc xlink:from="loc_AssetsCurrent.5874.14.6" xlink:to="loc_InventoryNet.11417.14.6" order="300.00" weight="1.00" priority="0" use="optional" xlink:arcrole="http://www.xbrl.org/2003/arcrole/summation-item" xlink:type="arc" />
    <link:loc xlink:label="loc_OtherAssetsCurrent.13175.14.6" xlink:href="http://xbrl.fasb.org/us-gaap/2012/elts/us-gaap-2012-01-31.xsd#us-gaap_OtherAssetsCurrent" xlink:type="locator" />
    <link:calculationArc xlink:from="loc_AssetsCurrent.5874.14.6" xlink:to="loc_OtherAssetsCurrent.13175.14.6" order="400.00" weight="1.00" priority="0" use="optional" xlink:arcrole="http://www.xbrl.org/2003/arcrole/summation-item" xlink:type="arc" />
    <link:loc xlink:label="loc_Assets.5880.14.6" xlink:href="http://xbrl.fasb.org/us-gaap/2012/elts/us-gaap-2012-01-31.xsd#us-gaap_Assets" xlink:type="locator" />
    <link:calculationArc xlink:from="loc_Assets.5880.14.6" xlink:to="loc_AssetsCurrent.5874.14.6" order="100.00" weight="1.00" priority="0" use="optional" xlink:arcrole="http://www.xbrl.org/2003/arcrole/summation-item" xlink:type="arc" />
    <link:loc xlink:label="loc_PropertyPlantAndEquipmentNet.14697.14.6" xlink:href="http://xbrl.fasb.org/us-gaap/2012/elts/us-gaap-2012-01-31.xsd#us-gaap_PropertyPlantAndEquipmentNet" xlink:type="locator" />
    <link:calculationArc xlink:from="loc_Assets.5880.14.6" xlink:to="loc_PropertyPlantAndEquipmentNet.14697.14.6" order="200.00" weight="1.00" priority="0" use="optional" xlink:arcrole="http://www.xbrl.org/2003/arcrole/summation-item" xlink:type="arc" />
    <link:loc xlink:label="loc_IntangibleAssetsNetExcludingGoodwill.11138.14.6" xlink:href="http://xbrl.fasb.org/us-gaap/2012/elts/us-gaap-2012-01-31.xsd#us-gaap_IntangibleAssetsNetExcludingGoodwill" xlink:type="locator" />
    <link:calculationArc xlink:from="loc_Assets.5880.14.6" xlink:to="loc_IntangibleAssetsNetExcludingGoodwill.11138.14.6" order="300.00" weight="1.00" priority="0" use="optional" xlink:arcrole="http://www.xbrl.org/2003/arcrole/summation-item" xlink:type="arc" />
    <link:loc xlink:label="loc_OtherAssetsNoncurrent.13227.14.6" xlink:href="http://xbrl.fasb.org/us-gaap/2012/elts/us-gaap-2012-01-31.xsd#us-gaap_OtherAssetsNoncurrent" xlink:type="locator" />
    <link:calculationArc xlink:from="loc_Assets.5880.14.6" xlink:to="loc_OtherAssetsNoncurrent.13227.14.6" order="400.00" weight="1.00" priority="0" use="optional" xlink:arcrole="http://www.xbrl.org/2003/arcrole/summation-item" xlink:type="arc" />
    <link:loc xlink:label="loc_LiabilitiesCurrent.11668.14.6" xlink:href="http://xbrl.fasb.org/us-gaap/2012/elts/us-gaap-2012-01-31.xsd#us-gaap_LiabilitiesCurrent" xlink:type="locator" />
    <link:loc xlink:label="loc_LinesOfCreditCurrent.12020.14.6" xlink:href="http://xbrl.fasb.org/us-gaap/2012/elts/us-gaap-2012-01-31.xsd#us-gaap_LinesOfCreditCurrent" xlink:type="locator" />
    <link:calculationArc xlink:from="loc_LiabilitiesCurrent.11668.14.6" xlink:to="loc_LinesOfCreditCurrent.12020.14.6" order="100.00" weight="1.00" priority="0" use="optional" xlink:arcrole="http://www.xbrl.org/2003/arcrole/summation-item" xlink:type="arc" />
    <link:loc xlink:label="loc_AccountsPayableAndAccruedLiabilitiesCurrent.5423.14.6" xlink:href="http://xbrl.fasb.org/us-gaap/2012/elts/us-gaap-2012-01-31.xsd#us-gaap_AccountsPayableAndAccruedLiabilitiesCurrent" xlink:type="locator" />
    <link:calculationArc xlink:from="loc_LiabilitiesCurrent.11668.14.6" xlink:to="loc_AccountsPayableAndAccruedLiabilitiesCurrent.5423.14.6" order="300.00" weight="1.00" priority="0" use="optional" xlink:arcrole="http://www.xbrl.org/2003/arcrole/summation-item" xlink:type="arc" />
    <link:loc xlink:label="loc_DueToRelatedPartiesCurrent.8665.14.6" xlink:href="http://xbrl.fasb.org/us-gaap/2012/elts/us-gaap-2012-01-31.xsd#us-gaap_DueToRelatedPartiesCurrent" xlink:type="locator" />
    <link:calculationArc xlink:from="loc_LiabilitiesCurrent.11668.14.6" xlink:to="loc_DueToRelatedPartiesCurrent.8665.14.6" order="400.00" weight="1.00" priority="0" use="optional" xlink:arcrole="http://www.xbrl.org/2003/arcrole/summation-item" xlink:type="arc" />
    <link:loc xlink:label="loc_NotesPayableCurrent.12933.14.6" xlink:href="http://xbrl.fasb.org/us-gaap/2012/elts/us-gaap-2012-01-31.xsd#us-gaap_NotesPayableCurrent" xlink:type="locator" />
    <link:calculationArc xlink:from="loc_LiabilitiesCurrent.11668.14.6" xlink:to="loc_NotesPayableCurrent.12933.14.6" order="500.00" weight="1.00" priority="0" use="optional" xlink:arcrole="http://www.xbrl.org/2003/arcrole/summation-item" xlink:type="arc" />
    <link:loc xlink:label="loc_DerivativeLiabilitiesCurrent.8056.14.6" xlink:href="http://xbrl.fasb.org/us-gaap/2012/elts/us-gaap-2012-01-31.xsd#us-gaap_DerivativeLiabilitiesCurrent" xlink:type="locator" />
    <link:calculationArc xlink:from="loc_LiabilitiesCurrent.11668.14.6" xlink:to="loc_DerivativeLiabilitiesCurrent.8056.14.6" order="700.00" weight="1.00" priority="0" use="optional" xlink:arcrole="http://www.xbrl.org/2003/arcrole/summation-item" xlink:type="arc" />
    <link:loc xlink:label="loc_ConvertibleDebtCurrent.7104.14.6" xlink:href="http://xbrl.fasb.org/us-gaap/2012/elts/us-gaap-2012-01-31.xsd#us-gaap_ConvertibleDebtCurrent" xlink:type="locator" />
    <link:calculationArc xlink:from="loc_LiabilitiesCurrent.11668.14.6" xlink:to="loc_ConvertibleDebtCurrent.7104.14.6" order="800.00" weight="1.00" priority="0" use="optional" xlink:arcrole="http://www.xbrl.org/2003/arcrole/summation-item" xlink:type="arc" />
    <link:loc xlink:label="loc_LoansPayableCurrent.12098.14.6" xlink:href="http://xbrl.fasb.org/us-gaap/2012/elts/us-gaap-2012-01-31.xsd#us-gaap_LoansPayableCurrent" xlink:type="locator" />
    <link:calculationArc xlink:from="loc_LiabilitiesCurrent.11668.14.6" xlink:to="loc_LoansPayableCurrent.12098.14.6" order="1000.00" weight="1.00" priority="0" use="optional" xlink:arcrole="http://www.xbrl.org/2003/arcrole/summation-item" xlink:type="arc" />
    <link:loc xlink:label="loc_NotesPayableRelatedPartiesClassifiedCurrent.12926.14.6" xlink:href="http://xbrl.fasb.org/us-gaap/2012/elts/us-gaap-2012-01-31.xsd#us-gaap_NotesPayableRelatedPartiesClassifiedCurrent" xlink:type="locator" />
    <link:calculationArc xlink:from="loc_LiabilitiesCurrent.11668.14.6" xlink:to="loc_NotesPayableRelatedPartiesClassifiedCurrent.12926.14.6" order="1.00" weight="1.00" priority="0" use="optional" xlink:arcrole="http://www.xbrl.org/2003/arcrole/summation-item" xlink:type="arc" />
    <link:loc xlink:label="loc_MandatorilyRedeemablePreferredStockFairValueDisclosure.12475.14.6" xlink:href="http://xbrl.fasb.org/us-gaap/2012/elts/us-gaap-2012-01-31.xsd#us-gaap_MandatorilyRedeemablePreferredStockFairValueDisclosure" xlink:type="locator" />
    <link:calculationArc xlink:from="loc_LiabilitiesCurrent.11668.14.6" xlink:to="loc_MandatorilyRedeemablePreferredStockFairValueDisclosure.12475.14.6" order="1.00" weight="1.00" priority="0" use="optional" xlink:arcrole="http://www.xbrl.org/2003/arcrole/summation-item" xlink:type="arc" />
    <link:loc xlink:label="loc_ObligationsCollateralizedByReceivables.57169.14.6" xlink:href="cowi-20111231.xsd#cowi_ObligationsCollateralizedByReceivables" xlink:type="locator" />
    <link:calculationArc xlink:from="loc_LiabilitiesCurrent.11668.14.6" xlink:to="loc_ObligationsCollateralizedByReceivables.57169.14.6" order="1.00" weight="1.00" priority="0" use="optional" xlink:arcrole="http://www.xbrl.org/2003/arcrole/summation-item" xlink:type="arc" />
    <link:loc xlink:label="loc_MandatorilyRedeemablePreferredStockTwoFairValueDisclosure.57721.14.6" xlink:href="cowi-20111231.xsd#cowi_MandatorilyRedeemablePreferredStockTwoFairValueDisclosure" xlink:type="locator" />
    <link:calculationArc xlink:from="loc_LiabilitiesCurrent.11668.14.6" xlink:to="loc_MandatorilyRedeemablePreferredStockTwoFairValueDisclosure.57721.14.6" order="1.00" weight="1.00" priority="0" use="optional" xlink:arcrole="http://www.xbrl.org/2003/arcrole/summation-item" xlink:type="arc" />
    <link:loc xlink:label="loc_Liabilities.11702.14.6" xlink:href="http://xbrl.fasb.org/us-gaap/2012/elts/us-gaap-2012-01-31.xsd#us-gaap_Liabilities" xlink:type="locator" />
    <link:calculationArc xlink:from="loc_Liabilities.11702.14.6" xlink:to="loc_LiabilitiesCurrent.11668.14.6" order="100.00" weight="1.00" priority="0" use="optional" xlink:arcrole="http://www.xbrl.org/2003/arcrole/summation-item" xlink:type="arc" />
    <link:loc xlink:label="loc_ConvertibleDebtNoncurrent.7085.14.6" xlink:href="http://xbrl.fasb.org/us-gaap/2012/elts/us-gaap-2012-01-31.xsd#us-gaap_ConvertibleDebtNoncurrent" xlink:type="locator" />
    <link:calculationArc xlink:from="loc_Liabilities.11702.14.6" xlink:to="loc_ConvertibleDebtNoncurrent.7085.14.6" order="200.00" weight="1.00" priority="0" use="optional" xlink:arcrole="http://www.xbrl.org/2003/arcrole/summation-item" xlink:type="arc" />
    <link:loc xlink:label="loc_LiabilitiesAndStockholdersEquity.11731.14.6" xlink:href="http://xbrl.fasb.org/us-gaap/2012/elts/us-gaap-2012-01-31.xsd#us-gaap_LiabilitiesAndStockholdersEquity" xlink:type="locator" />
    <link:calculationArc xlink:from="loc_LiabilitiesAndStockholdersEquity.11731.14.6" xlink:to="loc_Liabilities.11702.14.6" order="100.00" weight="1.00" priority="0" use="optional" xlink:arcrole="http://www.xbrl.org/2003/arcrole/summation-item" xlink:type="arc" />
    <link:loc xlink:label="loc_StockholdersEquity.16667.14.6" xlink:href="http://xbrl.fasb.org/us-gaap/2012/elts/us-gaap-2012-01-31.xsd#us-gaap_StockholdersEquity" xlink:type="locator" />
    <link:calculationArc xlink:from="loc_LiabilitiesAndStockholdersEquity.11731.14.6" xlink:to="loc_StockholdersEquity.16667.14.6" order="200.00" weight="1.00" priority="0" use="optional" xlink:arcrole="http://www.xbrl.org/2003/arcrole/summation-item" xlink:type="arc" />
    <link:loc xlink:label="loc_CommitmentsAndContingencies.6842.14.6" xlink:href="http://xbrl.fasb.org/us-gaap/2012/elts/us-gaap-2012-01-31.xsd#us-gaap_CommitmentsAndContingencies" xlink:type="locator" />
    <link:calculationArc xlink:from="loc_LiabilitiesAndStockholdersEquity.11731.14.6" xlink:to="loc_CommitmentsAndContingencies.6842.14.6" order="1.00" weight="1.00" priority="0" use="optional" xlink:arcrole="http://www.xbrl.org/2003/arcrole/summation-item" xlink:type="arc" />
    <link:loc xlink:label="loc_CommonStockValue.6874.14.6" xlink:href="http://xbrl.fasb.org/us-gaap/2012/elts/us-gaap-2012-01-31.xsd#us-gaap_CommonStockValue" xlink:type="locator" />
    <link:calculationArc xlink:from="loc_StockholdersEquity.16667.14.6" xlink:to="loc_CommonStockValue.6874.14.6" order="100.00" weight="1.00" priority="0" use="optional" xlink:arcrole="http://www.xbrl.org/2003/arcrole/summation-item" xlink:type="arc" />
    <link:loc xlink:label="loc_AdditionalPaidInCapital.5620.14.6" xlink:href="http://xbrl.fasb.org/us-gaap/2012/elts/us-gaap-2012-01-31.xsd#us-gaap_AdditionalPaidInCapital" xlink:type="locator" />
    <link:calculationArc xlink:from="loc_StockholdersEquity.16667.14.6" xlink:to="loc_AdditionalPaidInCapital.5620.14.6" order="200.00" weight="1.00" priority="0" use="optional" xlink:arcrole="http://www.xbrl.org/2003/arcrole/summation-item" xlink:type="arc" />
    <link:loc xlink:label="loc_RetainedEarningsAccumulatedDeficit.15457.14.6" xlink:href="http://xbrl.fasb.org/us-gaap/2012/elts/us-gaap-2012-01-31.xsd#us-gaap_RetainedEarningsAccumulatedDeficit" xlink:type="locator" />
    <link:calculationArc xlink:from="loc_StockholdersEquity.16667.14.6" xlink:to="loc_RetainedEarningsAccumulatedDeficit.15457.14.6" order="300.00" weight="1.00" priority="0" use="optional" xlink:arcrole="http://www.xbrl.org/2003/arcrole/summation-item" xlink:type="arc" />
    <link:loc xlink:label="loc_TreasuryStockValue.17060.14.6" xlink:href="http://xbrl.fasb.org/us-gaap/2012/elts/us-gaap-2012-01-31.xsd#us-gaap_TreasuryStockValue" xlink:type="locator" />
    <link:calculationArc xlink:from="loc_StockholdersEquity.16667.14.6" xlink:to="loc_TreasuryStockValue.17060.14.6" order="1.00" weight="-1.00" priority="0" use="optional" xlink:arcrole="http://www.xbrl.org/2003/arcrole/summation-item" xlink:type="arc" />
  </link:calculationLink>
  <link:calculationLink xlink:title="006 - Statement - CONSOLIDATED STATEMENTS OF CASH FLOWS" xlink:role="http://coroware.com/role/ConsolidatedStatementsOfCashFlows" xlink:type="extended">
    <link:loc xlink:label="loc_CashPeriodIncreaseDecrease.6574.14.6" xlink:href="http://xbrl.fasb.org/us-gaap/2012/elts/us-gaap-2012-01-31.xsd#us-gaap_CashPeriodIncreaseDecrease" xlink:type="locator" />
    <link:loc xlink:label="loc_NetCashProvidedByUsedInFinancingActivities.12740.14.6" xlink:href="http://xbrl.fasb.org/us-gaap/2012/elts/us-gaap-2012-01-31.xsd#us-gaap_NetCashProvidedByUsedInFinancingActivities" xlink:type="locator" />
    <link:calculationArc xlink:from="loc_CashPeriodIncreaseDecrease.6574.14.6" xlink:to="loc_NetCashProvidedByUsedInFinancingActivities.12740.14.6" order="1.00" weight="1.00" priority="0" use="optional" xlink:arcrole="http://www.xbrl.org/2003/arcrole/summation-item" xlink:type="arc" />
    <link:loc xlink:label="loc_NetCashProvidedByUsedInInvestingActivities.12731.14.6" xlink:href="http://xbrl.fasb.org/us-gaap/2012/elts/us-gaap-2012-01-31.xsd#us-gaap_NetCashProvidedByUsedInInvestingActivities" xlink:type="locator" />
    <link:calculationArc xlink:from="loc_CashPeriodIncreaseDecrease.6574.14.6" xlink:to="loc_NetCashProvidedByUsedInInvestingActivities.12731.14.6" order="1.00" weight="1.00" priority="0" use="optional" xlink:arcrole="http://www.xbrl.org/2003/arcrole/summation-item" xlink:type="arc" />
    <link:loc xlink:label="loc_NetCashProvidedByUsedInOperatingActivities.12778.14.6" xlink:href="http://xbrl.fasb.org/us-gaap/2012/elts/us-gaap-2012-01-31.xsd#us-gaap_NetCashProvidedByUsedInOperatingActivities" xlink:type="locator" />
    <link:calculationArc xlink:from="loc_CashPeriodIncreaseDecrease.6574.14.6" xlink:to="loc_NetCashProvidedByUsedInOperatingActivities.12778.14.6" order="1.00" weight="1.00" priority="0" use="optional" xlink:arcrole="http://www.xbrl.org/2003/arcrole/summation-item" xlink:type="arc" />
    <link:loc xlink:label="loc_PaymentsToAcquirePropertyPlantAndEquipment.13779.14.6" xlink:href="http://xbrl.fasb.org/us-gaap/2012/elts/us-gaap-2012-01-31.xsd#us-gaap_PaymentsToAcquirePropertyPlantAndEquipment" xlink:type="locator" />
    <link:calculationArc xlink:from="loc_NetCashProvidedByUsedInInvestingActivities.12731.14.6" xlink:to="loc_PaymentsToAcquirePropertyPlantAndEquipment.13779.14.6" order="1.00" weight="-1.00" priority="0" use="optional" xlink:arcrole="http://www.xbrl.org/2003/arcrole/summation-item" xlink:type="arc" />
    <link:loc xlink:label="loc_ProceedsFromIssuanceOfSecuredDebt.14426.14.6" xlink:href="http://xbrl.fasb.org/us-gaap/2012/elts/us-gaap-2012-01-31.xsd#us-gaap_ProceedsFromIssuanceOfSecuredDebt" xlink:type="locator" />
    <link:calculationArc xlink:from="loc_NetCashProvidedByUsedInFinancingActivities.12740.14.6" xlink:to="loc_ProceedsFromIssuanceOfSecuredDebt.14426.14.6" order="100.00" weight="1.00" priority="0" use="optional" xlink:arcrole="http://www.xbrl.org/2003/arcrole/summation-item" xlink:type="arc" />
    <link:loc xlink:label="loc_ProceedsFromLinesOfCredit.14455.14.6" xlink:href="http://xbrl.fasb.org/us-gaap/2012/elts/us-gaap-2012-01-31.xsd#us-gaap_ProceedsFromLinesOfCredit" xlink:type="locator" />
    <link:calculationArc xlink:from="loc_NetCashProvidedByUsedInFinancingActivities.12740.14.6" xlink:to="loc_ProceedsFromLinesOfCredit.14455.14.6" order="200.00" weight="1.00" priority="0" use="optional" xlink:arcrole="http://www.xbrl.org/2003/arcrole/summation-item" xlink:type="arc" />
    <link:loc xlink:label="loc_ProceedsFromConvertibleDebt.14328.14.6" xlink:href="http://xbrl.fasb.org/us-gaap/2012/elts/us-gaap-2012-01-31.xsd#us-gaap_ProceedsFromConvertibleDebt" xlink:type="locator" />
    <link:calculationArc xlink:from="loc_NetCashProvidedByUsedInFinancingActivities.12740.14.6" xlink:to="loc_ProceedsFromConvertibleDebt.14328.14.6" order="600.00" weight="1.00" priority="0" use="optional" xlink:arcrole="http://www.xbrl.org/2003/arcrole/summation-item" xlink:type="arc" />
    <link:loc xlink:label="loc_ProceedsFromNotesPayable.14430.14.6" xlink:href="http://xbrl.fasb.org/us-gaap/2012/elts/us-gaap-2012-01-31.xsd#us-gaap_ProceedsFromNotesPayable" xlink:type="locator" />
    <link:calculationArc xlink:from="loc_NetCashProvidedByUsedInFinancingActivities.12740.14.6" xlink:to="loc_ProceedsFromNotesPayable.14430.14.6" order="700.00" weight="1.00" priority="0" use="optional" xlink:arcrole="http://www.xbrl.org/2003/arcrole/summation-item" xlink:type="arc" />
    <link:loc xlink:label="loc_ProceedsFromRelatedPartyDebt.14443.14.6" xlink:href="http://xbrl.fasb.org/us-gaap/2012/elts/us-gaap-2012-01-31.xsd#us-gaap_ProceedsFromRelatedPartyDebt" xlink:type="locator" />
    <link:calculationArc xlink:from="loc_NetCashProvidedByUsedInFinancingActivities.12740.14.6" xlink:to="loc_ProceedsFromRelatedPartyDebt.14443.14.6" order="800.00" weight="1.00" priority="0" use="optional" xlink:arcrole="http://www.xbrl.org/2003/arcrole/summation-item" xlink:type="arc" />
    <link:loc xlink:label="loc_RepaymentsOfNotesPayable.15259.14.6" xlink:href="http://xbrl.fasb.org/us-gaap/2012/elts/us-gaap-2012-01-31.xsd#us-gaap_RepaymentsOfNotesPayable" xlink:type="locator" />
    <link:calculationArc xlink:from="loc_NetCashProvidedByUsedInFinancingActivities.12740.14.6" xlink:to="loc_RepaymentsOfNotesPayable.15259.14.6" order="1.00" weight="-1.00" priority="0" use="optional" xlink:arcrole="http://www.xbrl.org/2003/arcrole/summation-item" xlink:type="arc" />
    <link:loc xlink:label="loc_RepaymentsOfRelatedPartyDebt.15235.14.6" xlink:href="http://xbrl.fasb.org/us-gaap/2012/elts/us-gaap-2012-01-31.xsd#us-gaap_RepaymentsOfRelatedPartyDebt" xlink:type="locator" />
    <link:calculationArc xlink:from="loc_NetCashProvidedByUsedInFinancingActivities.12740.14.6" xlink:to="loc_RepaymentsOfRelatedPartyDebt.15235.14.6" order="1.00" weight="-1.00" priority="0" use="optional" xlink:arcrole="http://www.xbrl.org/2003/arcrole/summation-item" xlink:type="arc" />
    <link:loc xlink:label="loc_RepaymentsOfLongTermDebt.15242.14.6" xlink:href="http://xbrl.fasb.org/us-gaap/2012/elts/us-gaap-2012-01-31.xsd#us-gaap_RepaymentsOfLongTermDebt" xlink:type="locator" />
    <link:calculationArc xlink:from="loc_NetCashProvidedByUsedInFinancingActivities.12740.14.6" xlink:to="loc_RepaymentsOfLongTermDebt.15242.14.6" order="1.00" weight="-1.00" priority="0" use="optional" xlink:arcrole="http://www.xbrl.org/2003/arcrole/summation-item" xlink:type="arc" />
    <link:loc xlink:label="loc_NetIncomeLoss.12771.14.6" xlink:href="http://xbrl.fasb.org/us-gaap/2012/elts/us-gaap-2012-01-31.xsd#us-gaap_NetIncomeLoss" xlink:type="locator" />
    <link:calculationArc xlink:from="loc_NetCashProvidedByUsedInOperatingActivities.12778.14.6" xlink:to="loc_NetIncomeLoss.12771.14.6" order="100.00" weight="1.00" priority="0" use="optional" xlink:arcrole="http://www.xbrl.org/2003/arcrole/summation-item" xlink:type="arc" />
    <link:loc xlink:label="loc_DepreciationAndAmortization.8044.14.6" xlink:href="http://xbrl.fasb.org/us-gaap/2012/elts/us-gaap-2012-01-31.xsd#us-gaap_DepreciationAndAmortization" xlink:type="locator" />
    <link:calculationArc xlink:from="loc_NetCashProvidedByUsedInOperatingActivities.12778.14.6" xlink:to="loc_DepreciationAndAmortization.8044.14.6" order="200.00" weight="1.00" priority="0" use="optional" xlink:arcrole="http://www.xbrl.org/2003/arcrole/summation-item" xlink:type="arc" />
    <link:loc xlink:label="loc_StockOptionPlanExpense.16645.14.6" xlink:href="http://xbrl.fasb.org/us-gaap/2012/elts/us-gaap-2012-01-31.xsd#us-gaap_StockOptionPlanExpense" xlink:type="locator" />
    <link:calculationArc xlink:from="loc_NetCashProvidedByUsedInOperatingActivities.12778.14.6" xlink:to="loc_StockOptionPlanExpense.16645.14.6" order="300.00" weight="1.00" priority="0" use="optional" xlink:arcrole="http://www.xbrl.org/2003/arcrole/summation-item" xlink:type="arc" />
    <link:loc xlink:label="loc_AmortizationOfDebtDiscountPremium.5791.14.6" xlink:href="http://xbrl.fasb.org/us-gaap/2012/elts/us-gaap-2012-01-31.xsd#us-gaap_AmortizationOfDebtDiscountPremium" xlink:type="locator" />
    <link:calculationArc xlink:from="loc_NetCashProvidedByUsedInOperatingActivities.12778.14.6" xlink:to="loc_AmortizationOfDebtDiscountPremium.5791.14.6" order="400.00" weight="1.00" priority="0" use="optional" xlink:arcrole="http://www.xbrl.org/2003/arcrole/summation-item" xlink:type="arc" />
    <link:loc xlink:label="loc_AmortizationOfFinancingCosts.5771.14.6" xlink:href="http://xbrl.fasb.org/us-gaap/2012/elts/us-gaap-2012-01-31.xsd#us-gaap_AmortizationOfFinancingCosts" xlink:type="locator" />
    <link:calculationArc xlink:from="loc_NetCashProvidedByUsedInOperatingActivities.12778.14.6" xlink:to="loc_AmortizationOfFinancingCosts.5771.14.6" order="500.00" weight="1.00" priority="0" use="optional" xlink:arcrole="http://www.xbrl.org/2003/arcrole/summation-item" xlink:type="arc" />
    <link:loc xlink:label="loc_IncreaseDecreaseInAccountsPayableAndAccruedLiabilities.10871.14.6" xlink:href="http://xbrl.fasb.org/us-gaap/2012/elts/us-gaap-2012-01-31.xsd#us-gaap_IncreaseDecreaseInAccountsPayableAndAccruedLiabilities" xlink:type="locator" />
    <link:calculationArc xlink:from="loc_NetCashProvidedByUsedInOperatingActivities.12778.14.6" xlink:to="loc_IncreaseDecreaseInAccountsPayableAndAccruedLiabilities.10871.14.6" order="1300.00" weight="1.00" priority="0" use="optional" xlink:arcrole="http://www.xbrl.org/2003/arcrole/summation-item" xlink:type="arc" />
    <link:loc xlink:label="loc_IncreaseDecreaseInDueToRelatedPartiesCurrent.10823.14.6" xlink:href="http://xbrl.fasb.org/us-gaap/2012/elts/us-gaap-2012-01-31.xsd#us-gaap_IncreaseDecreaseInDueToRelatedPartiesCurrent" xlink:type="locator" />
    <link:calculationArc xlink:from="loc_NetCashProvidedByUsedInOperatingActivities.12778.14.6" xlink:to="loc_IncreaseDecreaseInDueToRelatedPartiesCurrent.10823.14.6" order="1400.00" weight="1.00" priority="0" use="optional" xlink:arcrole="http://www.xbrl.org/2003/arcrole/summation-item" xlink:type="arc" />
    <link:loc xlink:label="loc_IncreaseDecreaseInAccountsReceivable.10853.14.6" xlink:href="http://xbrl.fasb.org/us-gaap/2012/elts/us-gaap-2012-01-31.xsd#us-gaap_IncreaseDecreaseInAccountsReceivable" xlink:type="locator" />
    <link:calculationArc xlink:from="loc_NetCashProvidedByUsedInOperatingActivities.12778.14.6" xlink:to="loc_IncreaseDecreaseInAccountsReceivable.10853.14.6" order="1.00" weight="-1.00" priority="0" use="optional" xlink:arcrole="http://www.xbrl.org/2003/arcrole/summation-item" xlink:type="arc" />
    <link:loc xlink:label="loc_IncreaseDecreaseInFairValueOfUnhedgedDerivativeInstruments.10905.14.6" xlink:href="http://xbrl.fasb.org/us-gaap/2012/elts/us-gaap-2012-01-31.xsd#us-gaap_IncreaseDecreaseInFairValueOfUnhedgedDerivativeInstruments" xlink:type="locator" />
    <link:calculationArc xlink:from="loc_NetCashProvidedByUsedInOperatingActivities.12778.14.6" xlink:to="loc_IncreaseDecreaseInFairValueOfUnhedgedDerivativeInstruments.10905.14.6" order="1.00" weight="-1.00" priority="0" use="optional" xlink:arcrole="http://www.xbrl.org/2003/arcrole/summation-item" xlink:type="arc" />
    <link:loc xlink:label="loc_IncreaseDecreaseInInventories.10936.14.6" xlink:href="http://xbrl.fasb.org/us-gaap/2012/elts/us-gaap-2012-01-31.xsd#us-gaap_IncreaseDecreaseInInventories" xlink:type="locator" />
    <link:calculationArc xlink:from="loc_NetCashProvidedByUsedInOperatingActivities.12778.14.6" xlink:to="loc_IncreaseDecreaseInInventories.10936.14.6" order="1.00" weight="-1.00" priority="0" use="optional" xlink:arcrole="http://www.xbrl.org/2003/arcrole/summation-item" xlink:type="arc" />
    <link:loc xlink:label="loc_IncreaseDecreaseInOtherOperatingAssets.10933.14.6" xlink:href="http://xbrl.fasb.org/us-gaap/2012/elts/us-gaap-2012-01-31.xsd#us-gaap_IncreaseDecreaseInOtherOperatingAssets" xlink:type="locator" />
    <link:calculationArc xlink:from="loc_NetCashProvidedByUsedInOperatingActivities.12778.14.6" xlink:to="loc_IncreaseDecreaseInOtherOperatingAssets.10933.14.6" order="1.00" weight="-1.00" priority="0" use="optional" xlink:arcrole="http://www.xbrl.org/2003/arcrole/summation-item" xlink:type="arc" />
    <link:loc xlink:label="loc_IssuanceOfStockForServicesAndCompensation.58168.14.6" xlink:href="cowi-20111231.xsd#cowi_IssuanceOfStockForServicesAndCompensation" xlink:type="locator" />
    <link:calculationArc xlink:from="loc_NetCashProvidedByUsedInOperatingActivities.12778.14.6" xlink:to="loc_IssuanceOfStockForServicesAndCompensation.58168.14.6" order="1.00" weight="1.00" priority="0" use="optional" xlink:arcrole="http://www.xbrl.org/2003/arcrole/summation-item" xlink:type="arc" />
    <link:loc xlink:label="loc_GainOnConvertibleDebtRedemptionsNetOfCashImpact.59045.14.6" xlink:href="cowi-20111231.xsd#cowi_GainOnConvertibleDebtRedemptionsNetOfCashImpact" xlink:type="locator" />
    <link:calculationArc xlink:from="loc_NetCashProvidedByUsedInOperatingActivities.12778.14.6" xlink:to="loc_GainOnConvertibleDebtRedemptionsNetOfCashImpact.59045.14.6" order="1.00" weight="-1.00" priority="0" use="optional" xlink:arcrole="http://www.xbrl.org/2003/arcrole/summation-item" xlink:type="arc" />
  </link:calculationLink>
  <link:calculationLink xlink:title="004 - Statement - CONSOLIDATED STATEMENTS OF OPERATIONS" xlink:role="http://coroware.com/role/ConsolidatedStatementsOfOperations" xlink:type="extended">
    <link:loc xlink:label="loc_GrossProfit.10358.14.6" xlink:href="http://xbrl.fasb.org/us-gaap/2012/elts/us-gaap-2012-01-31.xsd#us-gaap_GrossProfit" xlink:type="locator" />
    <link:loc xlink:label="loc_Revenues.15575.14.6" xlink:href="http://xbrl.fasb.org/us-gaap/2012/elts/us-gaap-2012-01-31.xsd#us-gaap_Revenues" xlink:type="locator" />
    <link:calculationArc xlink:from="loc_GrossProfit.10358.14.6" xlink:to="loc_Revenues.15575.14.6" order="100.00" weight="1.00" priority="0" use="optional" xlink:arcrole="http://www.xbrl.org/2003/arcrole/summation-item" xlink:type="arc" />
    <link:loc xlink:label="loc_CostOfRevenue.7176.14.6" xlink:href="http://xbrl.fasb.org/us-gaap/2012/elts/us-gaap-2012-01-31.xsd#us-gaap_CostOfRevenue" xlink:type="locator" />
    <link:calculationArc xlink:from="loc_GrossProfit.10358.14.6" xlink:to="loc_CostOfRevenue.7176.14.6" order="1.00" weight="-1.00" priority="0" use="optional" xlink:arcrole="http://www.xbrl.org/2003/arcrole/summation-item" xlink:type="arc" />
    <link:loc xlink:label="loc_NetIncomeLoss.12771.14.6" xlink:href="http://xbrl.fasb.org/us-gaap/2012/elts/us-gaap-2012-01-31.xsd#us-gaap_NetIncomeLoss" xlink:type="locator" />
    <link:loc xlink:label="loc_OperatingIncomeLoss.13080.14.6" xlink:href="http://xbrl.fasb.org/us-gaap/2012/elts/us-gaap-2012-01-31.xsd#us-gaap_OperatingIncomeLoss" xlink:type="locator" />
    <link:calculationArc xlink:from="loc_NetIncomeLoss.12771.14.6" xlink:to="loc_OperatingIncomeLoss.13080.14.6" order="100.00" weight="1.00" priority="0" use="optional" xlink:arcrole="http://www.xbrl.org/2003/arcrole/summation-item" xlink:type="arc" />
    <link:loc xlink:label="loc_NonoperatingIncomeExpense.12898.14.6" xlink:href="http://xbrl.fasb.org/us-gaap/2012/elts/us-gaap-2012-01-31.xsd#us-gaap_NonoperatingIncomeExpense" xlink:type="locator" />
    <link:calculationArc xlink:from="loc_NetIncomeLoss.12771.14.6" xlink:to="loc_NonoperatingIncomeExpense.12898.14.6" order="200.00" weight="1.00" priority="0" use="optional" xlink:arcrole="http://www.xbrl.org/2003/arcrole/summation-item" xlink:type="arc" />
    <link:loc xlink:label="loc_IncreaseDecreaseInFairValueOfUnhedgedDerivativeInstruments.10905.14.6" xlink:href="http://xbrl.fasb.org/us-gaap/2012/elts/us-gaap-2012-01-31.xsd#us-gaap_IncreaseDecreaseInFairValueOfUnhedgedDerivativeInstruments" xlink:type="locator" />
    <link:calculationArc xlink:from="loc_NonoperatingIncomeExpense.12898.14.6" xlink:to="loc_IncreaseDecreaseInFairValueOfUnhedgedDerivativeInstruments.10905.14.6" order="100.00" weight="1.00" priority="0" use="optional" xlink:arcrole="http://www.xbrl.org/2003/arcrole/summation-item" xlink:type="arc" />
    <link:loc xlink:label="loc_OtherNonoperatingIncome.13432.14.6" xlink:href="http://xbrl.fasb.org/us-gaap/2012/elts/us-gaap-2012-01-31.xsd#us-gaap_OtherNonoperatingIncome" xlink:type="locator" />
    <link:calculationArc xlink:from="loc_NonoperatingIncomeExpense.12898.14.6" xlink:to="loc_OtherNonoperatingIncome.13432.14.6" order="500.00" weight="1.00" priority="0" use="optional" xlink:arcrole="http://www.xbrl.org/2003/arcrole/summation-item" xlink:type="arc" />
    <link:loc xlink:label="loc_InterestExpense.11178.14.6" xlink:href="http://xbrl.fasb.org/us-gaap/2012/elts/us-gaap-2012-01-31.xsd#us-gaap_InterestExpense" xlink:type="locator" />
    <link:calculationArc xlink:from="loc_NonoperatingIncomeExpense.12898.14.6" xlink:to="loc_InterestExpense.11178.14.6" order="1.00" weight="-1.00" priority="0" use="optional" xlink:arcrole="http://www.xbrl.org/2003/arcrole/summation-item" xlink:type="arc" />
    <link:loc xlink:label="loc_GainOnConvertibleDebtRedemptions.57168.14.6" xlink:href="cowi-20111231.xsd#cowi_GainOnConvertibleDebtRedemptions" xlink:type="locator" />
    <link:calculationArc xlink:from="loc_NonoperatingIncomeExpense.12898.14.6" xlink:to="loc_GainOnConvertibleDebtRedemptions.57168.14.6" order="1.00" weight="1.00" priority="0" use="optional" xlink:arcrole="http://www.xbrl.org/2003/arcrole/summation-item" xlink:type="arc" />
    <link:loc xlink:label="loc_GainLossOnDispositionOfIntangibleAssets.10154.14.6" xlink:href="http://xbrl.fasb.org/us-gaap/2012/elts/us-gaap-2012-01-31.xsd#us-gaap_GainLossOnDispositionOfIntangibleAssets" xlink:type="locator" />
    <link:calculationArc xlink:from="loc_NonoperatingIncomeExpense.12898.14.6" xlink:to="loc_GainLossOnDispositionOfIntangibleAssets.10154.14.6" order="1.00" weight="1.00" priority="0" use="optional" xlink:arcrole="http://www.xbrl.org/2003/arcrole/summation-item" xlink:type="arc" />
    <link:loc xlink:label="loc_GainsLossesOnExtinguishmentOfDebt.10255.14.6" xlink:href="http://xbrl.fasb.org/us-gaap/2012/elts/us-gaap-2012-01-31.xsd#us-gaap_GainsLossesOnExtinguishmentOfDebt" xlink:type="locator" />
    <link:calculationArc xlink:from="loc_NonoperatingIncomeExpense.12898.14.6" xlink:to="loc_GainsLossesOnExtinguishmentOfDebt.10255.14.6" order="1.00" weight="1.00" priority="0" use="optional" xlink:arcrole="http://www.xbrl.org/2003/arcrole/summation-item" xlink:type="arc" />
    <link:loc xlink:label="loc_OperatingExpenses.13060.14.6" xlink:href="http://xbrl.fasb.org/us-gaap/2012/elts/us-gaap-2012-01-31.xsd#us-gaap_OperatingExpenses" xlink:type="locator" />
    <link:loc xlink:label="loc_GeneralAndAdministrativeExpense.10284.14.6" xlink:href="http://xbrl.fasb.org/us-gaap/2012/elts/us-gaap-2012-01-31.xsd#us-gaap_GeneralAndAdministrativeExpense" xlink:type="locator" />
    <link:calculationArc xlink:from="loc_OperatingExpenses.13060.14.6" xlink:to="loc_GeneralAndAdministrativeExpense.10284.14.6" order="100.00" weight="1.00" priority="0" use="optional" xlink:arcrole="http://www.xbrl.org/2003/arcrole/summation-item" xlink:type="arc" />
    <link:loc xlink:label="loc_SellingAndMarketingExpense.16136.14.6" xlink:href="http://xbrl.fasb.org/us-gaap/2012/elts/us-gaap-2012-01-31.xsd#us-gaap_SellingAndMarketingExpense" xlink:type="locator" />
    <link:calculationArc xlink:from="loc_OperatingExpenses.13060.14.6" xlink:to="loc_SellingAndMarketingExpense.16136.14.6" order="200.00" weight="1.00" priority="0" use="optional" xlink:arcrole="http://www.xbrl.org/2003/arcrole/summation-item" xlink:type="arc" />
    <link:loc xlink:label="loc_ResearchAndDevelopmentExpense.15293.14.6" xlink:href="http://xbrl.fasb.org/us-gaap/2012/elts/us-gaap-2012-01-31.xsd#us-gaap_ResearchAndDevelopmentExpense" xlink:type="locator" />
    <link:calculationArc xlink:from="loc_OperatingExpenses.13060.14.6" xlink:to="loc_ResearchAndDevelopmentExpense.15293.14.6" order="300.00" weight="1.00" priority="0" use="optional" xlink:arcrole="http://www.xbrl.org/2003/arcrole/summation-item" xlink:type="arc" />
    <link:loc xlink:label="loc_DepreciationAndAmortization.8044.14.6" xlink:href="http://xbrl.fasb.org/us-gaap/2012/elts/us-gaap-2012-01-31.xsd#us-gaap_DepreciationAndAmortization" xlink:type="locator" />
    <link:calculationArc xlink:from="loc_OperatingExpenses.13060.14.6" xlink:to="loc_DepreciationAndAmortization.8044.14.6" order="400.00" weight="1.00" priority="0" use="optional" xlink:arcrole="http://www.xbrl.org/2003/arcrole/summation-item" xlink:type="arc" />
    <link:calculationArc xlink:from="loc_OperatingIncomeLoss.13080.14.6" xlink:to="loc_GrossProfit.10358.14.6" order="100.00" weight="1.00" priority="0" use="optional" xlink:arcrole="http://www.xbrl.org/2003/arcrole/summation-item" xlink:type="arc" />
    <link:calculationArc xlink:from="loc_OperatingIncomeLoss.13080.14.6" xlink:to="loc_OperatingExpenses.13060.14.6" order="1.00" weight="-1.00" priority="0" use="optional" xlink:arcrole="http://www.xbrl.org/2003/arcrole/summation-item" xlink:type="arc" />
  </link:calculationLink>
</link:linkbase>
