<?xml version="1.0" encoding="US-ASCII" standalone="no"?>
    <!-- Field: Doc-Info; Name: Generator; Value: GoFiler Complete; Version: 3.4b -->
    <!-- Field: Doc-Info; Name: VendorURI; Value: http://www.novaworks.co -->
    <!-- Field: Doc-Info; Name: Source; Value: MMTC%2D20121031 10K FY DFN New.xfr; Date: 2013/01/29T20:29:55 -->
    <!-- Field: Doc-Info; Name: Status; Value: 0x80000000 -->
<link:linkbase xmlns:xsi="http://www.w3.org/2001/XMLSchema-instance" xmlns:xlink="http://www.w3.org/1999/xlink" xmlns:link="http://www.xbrl.org/2003/linkbase" xmlns:xbrli="http://www.xbrl.org/2003/instance" xsi:schemaLocation="http://www.xbrl.org/2003/linkbase http://www.xbrl.org/2003/xbrl-linkbase-2003-12-31.xsd">
    <link:roleRef roleURI="http://micro-imaging.com/role/DocumentAndEntityInformation" xlink:href="mmtc-20121031.xsd#DocumentAndEntityInformation" xlink:type="simple" />
    <link:roleRef roleURI="http://micro-imaging.com/role/ConsolidatedBalanceSheets" xlink:href="mmtc-20121031.xsd#ConsolidatedBalanceSheets" xlink:type="simple" />
    <link:roleRef roleURI="http://micro-imaging.com/role/ConsolidatedBalanceSheetsParenthetical" xlink:href="mmtc-20121031.xsd#ConsolidatedBalanceSheetsParenthetical" xlink:type="simple" />
    <link:roleRef roleURI="http://micro-imaging.com/role/ConsolidatedStatementsOfOperations" xlink:href="mmtc-20121031.xsd#ConsolidatedStatementsOfOperations" xlink:type="simple" />
    <link:roleRef roleURI="http://micro-imaging.com/role/ConsolidatedStatementsOfStockholdersDeficit" xlink:href="mmtc-20121031.xsd#ConsolidatedStatementsOfStockholdersDeficit" xlink:type="simple" />
    <link:roleRef roleURI="http://micro-imaging.com/role/ConsolidatedStatementsOfStockholdersDeficitParenthetical" xlink:href="mmtc-20121031.xsd#ConsolidatedStatementsOfStockholdersDeficitParenthetical" xlink:type="simple" />
    <link:roleRef roleURI="http://micro-imaging.com/role/CondensedConsolidatedStatementsOfCashFlows" xlink:href="mmtc-20121031.xsd#CondensedConsolidatedStatementsOfCashFlows" xlink:type="simple" />
    <link:roleRef roleURI="http://micro-imaging.com/role/DescriptionOfBusinessAndDevelopmentStageCompany" xlink:href="mmtc-20121031.xsd#DescriptionOfBusinessAndDevelopmentStageCompany" xlink:type="simple" />
    <link:roleRef roleURI="http://micro-imaging.com/role/BasisOfPresentation" xlink:href="mmtc-20121031.xsd#BasisOfPresentation" xlink:type="simple" />
    <link:roleRef roleURI="http://micro-imaging.com/role/SummaryOfSignificantAccountingPolicies" xlink:href="mmtc-20121031.xsd#SummaryOfSignificantAccountingPolicies" xlink:type="simple" />
    <link:roleRef roleURI="http://micro-imaging.com/role/PropertyPlantAndEquipment" xlink:href="mmtc-20121031.xsd#PropertyPlantAndEquipment" xlink:type="simple" />
    <link:roleRef roleURI="http://micro-imaging.com/role/ConvertibleDebentures" xlink:href="mmtc-20121031.xsd#ConvertibleDebentures" xlink:type="simple" />
    <link:roleRef roleURI="http://micro-imaging.com/role/NotesPayableToOfficerAndStockholders" xlink:href="mmtc-20121031.xsd#NotesPayableToOfficerAndStockholders" xlink:type="simple" />
    <link:roleRef roleURI="http://micro-imaging.com/role/IncomeTaxes" xlink:href="mmtc-20121031.xsd#IncomeTaxes" xlink:type="simple" />
    <link:roleRef roleURI="http://micro-imaging.com/role/StockholdersDeficit" xlink:href="mmtc-20121031.xsd#StockholdersDeficit" xlink:type="simple" />
    <link:roleRef roleURI="http://micro-imaging.com/role/StockOptionsAndWarrants" xlink:href="mmtc-20121031.xsd#StockOptionsAndWarrants" xlink:type="simple" />
    <link:roleRef roleURI="http://micro-imaging.com/role/CommitmentsAndContingencies" xlink:href="mmtc-20121031.xsd#CommitmentsAndContingencies" xlink:type="simple" />
    <link:roleRef roleURI="http://micro-imaging.com/role/RelatedPartyTransactions" xlink:href="mmtc-20121031.xsd#RelatedPartyTransactions" xlink:type="simple" />
    <link:roleRef roleURI="http://micro-imaging.com/role/EmployeeRetirementPlan" xlink:href="mmtc-20121031.xsd#EmployeeRetirementPlan" xlink:type="simple" />
    <link:roleRef roleURI="http://micro-imaging.com/role/SubsequentEvents" xlink:href="mmtc-20121031.xsd#SubsequentEvents" xlink:type="simple" />
    <link:roleRef roleURI="http://micro-imaging.com/role/SummaryOfSignificantAccountingPoliciesPolicies" xlink:href="mmtc-20121031.xsd#SummaryOfSignificantAccountingPoliciesPolicies" xlink:type="simple" />
    <link:roleRef roleURI="http://micro-imaging.com/role/PropertyPlantAndEquipmentTables" xlink:href="mmtc-20121031.xsd#PropertyPlantAndEquipmentTables" xlink:type="simple" />
    <link:roleRef roleURI="http://micro-imaging.com/role/ConvertibleDebenturesTables" xlink:href="mmtc-20121031.xsd#ConvertibleDebenturesTables" xlink:type="simple" />
    <link:roleRef roleURI="http://micro-imaging.com/role/NotesPayableToOfficerAndStockholdersTables" xlink:href="mmtc-20121031.xsd#NotesPayableToOfficerAndStockholdersTables" xlink:type="simple" />
    <link:roleRef roleURI="http://micro-imaging.com/role/IncomeTaxesTables" xlink:href="mmtc-20121031.xsd#IncomeTaxesTables" xlink:type="simple" />
    <link:roleRef roleURI="http://micro-imaging.com/role/StockOptionsAndWarrantsTables" xlink:href="mmtc-20121031.xsd#StockOptionsAndWarrantsTables" xlink:type="simple" />
    <link:roleRef roleURI="http://micro-imaging.com/role/CommitmentsAndContingenciesTables" xlink:href="mmtc-20121031.xsd#CommitmentsAndContingenciesTables" xlink:type="simple" />
    <link:roleRef roleURI="http://micro-imaging.com/role/DescriptionOfBusinessAndDevelopmentStageCompanyDetailsNarrative" xlink:href="mmtc-20121031.xsd#DescriptionOfBusinessAndDevelopmentStageCompanyDetailsNarrative" xlink:type="simple" />
    <link:roleRef roleURI="http://micro-imaging.com/role/BasisOfPresentationDetailsNarrative" xlink:href="mmtc-20121031.xsd#BasisOfPresentationDetailsNarrative" xlink:type="simple" />
    <link:roleRef roleURI="http://micro-imaging.com/role/SummaryOfSignificantAccountingPoliciesDetailsNarrative" xlink:href="mmtc-20121031.xsd#SummaryOfSignificantAccountingPoliciesDetailsNarrative" xlink:type="simple" />
    <link:roleRef roleURI="http://micro-imaging.com/role/PropertyPlantAndEquipmentDetailsNarrative" xlink:href="mmtc-20121031.xsd#PropertyPlantAndEquipmentDetailsNarrative" xlink:type="simple" />
    <link:roleRef roleURI="http://micro-imaging.com/role/ScheduleOfPropertyPlantAndEquipmentDetails" xlink:href="mmtc-20121031.xsd#ScheduleOfPropertyPlantAndEquipmentDetails" xlink:type="simple" />
    <link:roleRef roleURI="http://micro-imaging.com/role/ConvertibleDebenturesDetailsNarrative" xlink:href="mmtc-20121031.xsd#ConvertibleDebenturesDetailsNarrative" xlink:type="simple" />
    <link:roleRef roleURI="http://micro-imaging.com/role/SummaryOfChangesInFairValueOfLevel3FinancialInstrumentLiabilityDetails" xlink:href="mmtc-20121031.xsd#SummaryOfChangesInFairValueOfLevel3FinancialInstrumentLiabilityDetails" xlink:type="simple" />
    <link:roleRef roleURI="http://micro-imaging.com/role/SummaryOfConvertibleDebenturesAndSeries1NotesDetails" xlink:href="mmtc-20121031.xsd#SummaryOfConvertibleDebenturesAndSeries1NotesDetails" xlink:type="simple" />
    <link:roleRef roleURI="http://micro-imaging.com/role/SummaryOfConvertibleDebenturesAndSeries1NotesDetailsParenthetical" xlink:href="mmtc-20121031.xsd#SummaryOfConvertibleDebenturesAndSeries1NotesDetailsParenthetical" xlink:type="simple" />
    <link:roleRef roleURI="http://micro-imaging.com/role/ScheduleOfRemainingOutstandingNotesMaturityDetails" xlink:href="mmtc-20121031.xsd#ScheduleOfRemainingOutstandingNotesMaturityDetails" xlink:type="simple" />
    <link:roleRef roleURI="http://micro-imaging.com/role/NotesPayableToOfficerAndStockholdersDetailsNarrative" xlink:href="mmtc-20121031.xsd#NotesPayableToOfficerAndStockholdersDetailsNarrative" xlink:type="simple" />
    <link:roleRef roleURI="http://micro-imaging.com/role/ScheduleOfUnamortizedDiscountsNotesPayableToOfficersAndStockholdersDetails" xlink:href="mmtc-20121031.xsd#ScheduleOfUnamortizedDiscountsNotesPayableToOfficersAndStockholdersDetails" xlink:type="simple" />
    <link:roleRef roleURI="http://micro-imaging.com/role/ScheduleOfUnamortizedDiscountsNotesPayableToOfficersAndStockholdersDetailsParenthetical" xlink:href="mmtc-20121031.xsd#ScheduleOfUnamortizedDiscountsNotesPayableToOfficersAndStockholdersDetailsParenthetical" xlink:type="simple" />
    <link:roleRef roleURI="http://micro-imaging.com/role/ScheduleOfMaturitiesOfNotesPayableDetails" xlink:href="mmtc-20121031.xsd#ScheduleOfMaturitiesOfNotesPayableDetails" xlink:type="simple" />
    <link:roleRef roleURI="http://micro-imaging.com/role/IncomeTaxesDetailsNarrative" xlink:href="mmtc-20121031.xsd#IncomeTaxesDetailsNarrative" xlink:type="simple" />
    <link:roleRef roleURI="http://micro-imaging.com/role/ScheduleOfComponentsOfIncomeTaxExpenseDetails" xlink:href="mmtc-20121031.xsd#ScheduleOfComponentsOfIncomeTaxExpenseDetails" xlink:type="simple" />
    <link:roleRef roleURI="http://micro-imaging.com/role/ScheduleOfNetDeferredTaxAssetsAndLiabilitiesDuringPeriodDetails" xlink:href="mmtc-20121031.xsd#ScheduleOfNetDeferredTaxAssetsAndLiabilitiesDuringPeriodDetails" xlink:type="simple" />
    <link:roleRef roleURI="http://micro-imaging.com/role/ScheduleOfEffectiveIncomeTaxRateReconciliationOfU.SStatutoryIncomeTaxRateDetails" xlink:href="mmtc-20121031.xsd#ScheduleOfEffectiveIncomeTaxRateReconciliationOfU.SStatutoryIncomeTaxRateDetails" xlink:type="simple" />
    <link:roleRef roleURI="http://micro-imaging.com/role/StockholdersDeficitDetailsNarrative" xlink:href="mmtc-20121031.xsd#StockholdersDeficitDetailsNarrative" xlink:type="simple" />
    <link:roleRef roleURI="http://micro-imaging.com/role/StockOptionsAndWarrantsDetailsNarrative" xlink:href="mmtc-20121031.xsd#StockOptionsAndWarrantsDetailsNarrative" xlink:type="simple" />
    <link:roleRef roleURI="http://micro-imaging.com/role/SummaryOfStockOptionsGrantedDetails" xlink:href="mmtc-20121031.xsd#SummaryOfStockOptionsGrantedDetails" xlink:type="simple" />
    <link:roleRef roleURI="http://micro-imaging.com/role/WeightedAverageAssumptionsForGrantsDetails" xlink:href="mmtc-20121031.xsd#WeightedAverageAssumptionsForGrantsDetails" xlink:type="simple" />
    <link:roleRef roleURI="http://micro-imaging.com/role/SummaryOfOptionsOutstandingDetails" xlink:href="mmtc-20121031.xsd#SummaryOfOptionsOutstandingDetails" xlink:type="simple" />
    <link:roleRef roleURI="http://micro-imaging.com/role/SummaryOfWarrantsGrantedToNon-EmployeesDetails" xlink:href="mmtc-20121031.xsd#SummaryOfWarrantsGrantedToNon-EmployeesDetails" xlink:type="simple" />
    <link:roleRef roleURI="http://micro-imaging.com/role/WeightedAverageAssumptionsForGrantsWarrantsDetails" xlink:href="mmtc-20121031.xsd#WeightedAverageAssumptionsForGrantsWarrantsDetails" xlink:type="simple" />
    <link:roleRef roleURI="http://micro-imaging.com/role/SummaryOfWarrantsOutstandingDetails" xlink:href="mmtc-20121031.xsd#SummaryOfWarrantsOutstandingDetails" xlink:type="simple" />
    <link:roleRef roleURI="http://micro-imaging.com/role/CommitmentsAndContingenciesDetailsNarrative" xlink:href="mmtc-20121031.xsd#CommitmentsAndContingenciesDetailsNarrative" xlink:type="simple" />
    <link:roleRef roleURI="http://micro-imaging.com/role/ScheduleOfFutureMinimumFacilitiesLeasePaymentsDetails" xlink:href="mmtc-20121031.xsd#ScheduleOfFutureMinimumFacilitiesLeasePaymentsDetails" xlink:type="simple" />
    <link:roleRef roleURI="http://micro-imaging.com/role/EmployeeRetirementPlanDetailsNarrative" xlink:href="mmtc-20121031.xsd#EmployeeRetirementPlanDetailsNarrative" xlink:type="simple" />
    <link:roleRef roleURI="http://micro-imaging.com/role/SubsequentEventsDetailsNarrative" xlink:href="mmtc-20121031.xsd#SubsequentEventsDetailsNarrative" xlink:type="simple" />
    <link:calculationLink xlink:type="extended" xlink:role="http://micro-imaging.com/role/DocumentAndEntityInformation" xlink:title="0001 - Document - Document and Entity Information" />
    <link:calculationLink xlink:type="extended" xlink:role="http://micro-imaging.com/role/ConsolidatedBalanceSheets" xlink:title="0002 - Statement - Consolidated Balance Sheets">
      <link:loc xlink:type="locator" xlink:href="http://xbrl.fasb.org/us-gaap/2012/elts/us-gaap-2012-01-31.xsd#us-gaap_AssetsCurrent" xlink:label="loc_MMTCAssetsCurrent" />
      <link:loc xlink:type="locator" xlink:href="http://xbrl.fasb.org/us-gaap/2012/elts/us-gaap-2012-01-31.xsd#us-gaap_Cash" xlink:label="loc_MMTCCash" />
      <link:calculationArc order="100" xlink:arcrole="http://www.xbrl.org/2003/arcrole/summation-item" xlink:from="loc_MMTCAssetsCurrent" xlink:to="loc_MMTCCash" xlink:type="arc" weight="1" />
      <link:loc xlink:type="locator" xlink:href="http://xbrl.fasb.org/us-gaap/2012/elts/us-gaap-2012-01-31.xsd#us-gaap_DueFromRelatedParties" xlink:label="loc_MMTCDueFromRelatedParties" />
      <link:calculationArc order="200" xlink:arcrole="http://www.xbrl.org/2003/arcrole/summation-item" xlink:from="loc_MMTCAssetsCurrent" xlink:to="loc_MMTCDueFromRelatedParties" xlink:type="arc" weight="1" />
      <link:loc xlink:type="locator" xlink:href="http://xbrl.fasb.org/us-gaap/2012/elts/us-gaap-2012-01-31.xsd#us-gaap_InventoryNet" xlink:label="loc_MMTCInventoryNet" />
      <link:calculationArc order="300" xlink:arcrole="http://www.xbrl.org/2003/arcrole/summation-item" xlink:from="loc_MMTCAssetsCurrent" xlink:to="loc_MMTCInventoryNet" xlink:type="arc" weight="1" />
      <link:loc xlink:type="locator" xlink:href="http://xbrl.fasb.org/us-gaap/2012/elts/us-gaap-2012-01-31.xsd#us-gaap_PrepaidExpenseCurrent" xlink:label="loc_MMTCPrepaidExpenseCurrent" />
      <link:calculationArc order="400" xlink:arcrole="http://www.xbrl.org/2003/arcrole/summation-item" xlink:from="loc_MMTCAssetsCurrent" xlink:to="loc_MMTCPrepaidExpenseCurrent" xlink:type="arc" weight="1" />
      <link:loc xlink:type="locator" xlink:href="http://xbrl.fasb.org/us-gaap/2012/elts/us-gaap-2012-01-31.xsd#us-gaap_Assets" xlink:label="loc_MMTCAssets" />
      <link:calculationArc order="100" xlink:arcrole="http://www.xbrl.org/2003/arcrole/summation-item" xlink:from="loc_MMTCAssets" xlink:to="loc_MMTCAssetsCurrent" xlink:type="arc" weight="1" />
      <link:loc xlink:type="locator" xlink:href="http://xbrl.fasb.org/us-gaap/2012/elts/us-gaap-2012-01-31.xsd#us-gaap_PropertyPlantAndEquipmentNet" xlink:label="loc_MMTCPropertyPlantAndEquipmentNet" />
      <link:calculationArc order="200" xlink:arcrole="http://www.xbrl.org/2003/arcrole/summation-item" xlink:from="loc_MMTCAssets" xlink:to="loc_MMTCPropertyPlantAndEquipmentNet" xlink:type="arc" weight="1" />
      <link:loc xlink:type="locator" xlink:href="http://xbrl.fasb.org/us-gaap/2012/elts/us-gaap-2012-01-31.xsd#us-gaap_LiabilitiesCurrent" xlink:label="loc_MMTCLiabilitiesCurrent" />
      <link:loc xlink:type="locator" xlink:href="http://xbrl.fasb.org/us-gaap/2012/elts/us-gaap-2012-01-31.xsd#us-gaap_NotesPayableRelatedPartiesClassifiedCurrent" xlink:label="loc_MMTCNotesPayableRelatedPartiesClassifiedCurrent" />
      <link:calculationArc order="100" xlink:arcrole="http://www.xbrl.org/2003/arcrole/summation-item" xlink:from="loc_MMTCLiabilitiesCurrent" xlink:to="loc_MMTCNotesPayableRelatedPartiesClassifiedCurrent" xlink:type="arc" weight="1" />
      <link:loc xlink:type="locator" xlink:href="http://xbrl.fasb.org/us-gaap/2012/elts/us-gaap-2012-01-31.xsd#us-gaap_ConvertibleNotesPayableCurrent" xlink:label="loc_MMTCConvertibleNotesPayableCurrent" />
      <link:calculationArc order="200" xlink:arcrole="http://www.xbrl.org/2003/arcrole/summation-item" xlink:from="loc_MMTCLiabilitiesCurrent" xlink:to="loc_MMTCConvertibleNotesPayableCurrent" xlink:type="arc" weight="1" />
      <link:loc xlink:type="locator" xlink:href="http://xbrl.fasb.org/us-gaap/2012/elts/us-gaap-2012-01-31.xsd#us-gaap_AccountsPayableTradeCurrent" xlink:label="loc_MMTCAccountsPayableTradeCurrent" />
      <link:calculationArc order="300" xlink:arcrole="http://www.xbrl.org/2003/arcrole/summation-item" xlink:from="loc_MMTCLiabilitiesCurrent" xlink:to="loc_MMTCAccountsPayableTradeCurrent" xlink:type="arc" weight="1" />
      <link:loc xlink:type="locator" xlink:href="http://xbrl.fasb.org/us-gaap/2012/elts/us-gaap-2012-01-31.xsd#us-gaap_AccountsPayableRelatedPartiesCurrent" xlink:label="loc_MMTCAccountsPayableRelatedPartiesCurrent" />
      <link:calculationArc order="400" xlink:arcrole="http://www.xbrl.org/2003/arcrole/summation-item" xlink:from="loc_MMTCLiabilitiesCurrent" xlink:to="loc_MMTCAccountsPayableRelatedPartiesCurrent" xlink:type="arc" weight="1" />
      <link:loc xlink:type="locator" xlink:href="http://xbrl.fasb.org/us-gaap/2012/elts/us-gaap-2012-01-31.xsd#us-gaap_AccruedSalariesCurrent" xlink:label="loc_MMTCAccruedSalariesCurrent" />
      <link:calculationArc order="500" xlink:arcrole="http://www.xbrl.org/2003/arcrole/summation-item" xlink:from="loc_MMTCLiabilitiesCurrent" xlink:to="loc_MMTCAccruedSalariesCurrent" xlink:type="arc" weight="1" />
      <link:loc xlink:type="locator" xlink:href="mmtc-20121031.xsd#MMTC_AntiDilutionLiability" xlink:label="loc_MMTCAntiDilutionLiability" />
      <link:calculationArc order="600" xlink:arcrole="http://www.xbrl.org/2003/arcrole/summation-item" xlink:from="loc_MMTCLiabilitiesCurrent" xlink:to="loc_MMTCAntiDilutionLiability" xlink:type="arc" weight="1" />
      <link:loc xlink:type="locator" xlink:href="http://xbrl.fasb.org/us-gaap/2012/elts/us-gaap-2012-01-31.xsd#us-gaap_DerivativeLiabilitiesCurrent" xlink:label="loc_MMTCDerivativeLiabilitiesCurrent" />
      <link:calculationArc order="700" xlink:arcrole="http://www.xbrl.org/2003/arcrole/summation-item" xlink:from="loc_MMTCLiabilitiesCurrent" xlink:to="loc_MMTCDerivativeLiabilitiesCurrent" xlink:type="arc" weight="1" />
      <link:loc xlink:type="locator" xlink:href="http://xbrl.fasb.org/us-gaap/2012/elts/us-gaap-2012-01-31.xsd#us-gaap_OtherAccruedLiabilitiesCurrent" xlink:label="loc_MMTCOtherAccruedLiabilitiesCurrent" />
      <link:calculationArc order="800" xlink:arcrole="http://www.xbrl.org/2003/arcrole/summation-item" xlink:from="loc_MMTCLiabilitiesCurrent" xlink:to="loc_MMTCOtherAccruedLiabilitiesCurrent" xlink:type="arc" weight="1" />
      <link:loc xlink:type="locator" xlink:href="http://xbrl.fasb.org/us-gaap/2012/elts/us-gaap-2012-01-31.xsd#us-gaap_LiabilitiesNoncurrent" xlink:label="loc_MMTCLiabilitiesNoncurrent" />
      <link:loc xlink:type="locator" xlink:href="http://xbrl.fasb.org/us-gaap/2012/elts/us-gaap-2012-01-31.xsd#us-gaap_NotesPayableRelatedPartiesNoncurrent" xlink:label="loc_MMTCNotesPayableRelatedPartiesNoncurrent" />
      <link:calculationArc order="100" xlink:arcrole="http://www.xbrl.org/2003/arcrole/summation-item" xlink:from="loc_MMTCLiabilitiesNoncurrent" xlink:to="loc_MMTCNotesPayableRelatedPartiesNoncurrent" xlink:type="arc" weight="1" />
      <link:loc xlink:type="locator" xlink:href="http://xbrl.fasb.org/us-gaap/2012/elts/us-gaap-2012-01-31.xsd#us-gaap_ConvertibleLongTermNotesPayable" xlink:label="loc_MMTCConvertibleLongTermNotesPayable" />
      <link:calculationArc order="200" xlink:arcrole="http://www.xbrl.org/2003/arcrole/summation-item" xlink:from="loc_MMTCLiabilitiesNoncurrent" xlink:to="loc_MMTCConvertibleLongTermNotesPayable" xlink:type="arc" weight="1" />
      <link:loc xlink:type="locator" xlink:href="http://xbrl.fasb.org/us-gaap/2012/elts/us-gaap-2012-01-31.xsd#us-gaap_MandatorilyRedeemablePreferredStockFairValueDisclosure" xlink:label="loc_MMTCMandatorilyRedeemablePreferredStockFairValueDisclosure" />
      <link:calculationArc order="300" xlink:arcrole="http://www.xbrl.org/2003/arcrole/summation-item" xlink:from="loc_MMTCLiabilitiesNoncurrent" xlink:to="loc_MMTCMandatorilyRedeemablePreferredStockFairValueDisclosure" xlink:type="arc" weight="1" />
      <link:loc xlink:type="locator" xlink:href="http://xbrl.fasb.org/us-gaap/2012/elts/us-gaap-2012-01-31.xsd#us-gaap_Liabilities" xlink:label="loc_MMTCLiabilities" />
      <link:calculationArc order="100" xlink:arcrole="http://www.xbrl.org/2003/arcrole/summation-item" xlink:from="loc_MMTCLiabilities" xlink:to="loc_MMTCLiabilitiesCurrent" xlink:type="arc" weight="1" />
      <link:calculationArc order="200" xlink:arcrole="http://www.xbrl.org/2003/arcrole/summation-item" xlink:from="loc_MMTCLiabilities" xlink:to="loc_MMTCLiabilitiesNoncurrent" xlink:type="arc" weight="1" />
      <link:loc xlink:type="locator" xlink:href="http://xbrl.fasb.org/us-gaap/2012/elts/us-gaap-2012-01-31.xsd#us-gaap_StockholdersEquity" xlink:label="loc_MMTCStockholdersEquity" />
      <link:loc xlink:type="locator" xlink:href="http://xbrl.fasb.org/us-gaap/2012/elts/us-gaap-2012-01-31.xsd#us-gaap_CommonStockValue" xlink:label="loc_MMTCCommonStockValue" />
      <link:calculationArc order="100" xlink:arcrole="http://www.xbrl.org/2003/arcrole/summation-item" xlink:from="loc_MMTCStockholdersEquity" xlink:to="loc_MMTCCommonStockValue" xlink:type="arc" weight="1" />
      <link:loc xlink:type="locator" xlink:href="http://xbrl.fasb.org/us-gaap/2012/elts/us-gaap-2012-01-31.xsd#us-gaap_AdditionalPaidInCapital" xlink:label="loc_MMTCAdditionalPaidInCapital" />
      <link:calculationArc order="200" xlink:arcrole="http://www.xbrl.org/2003/arcrole/summation-item" xlink:from="loc_MMTCStockholdersEquity" xlink:to="loc_MMTCAdditionalPaidInCapital" xlink:type="arc" weight="1" />
      <link:loc xlink:type="locator" xlink:href="mmtc-20121031.xsd#MMTC_AccumulatedDeficitFromOperatingActivities" xlink:label="loc_MMTCAccumulatedDeficitFromOperatingActivities" />
      <link:calculationArc order="300" xlink:arcrole="http://www.xbrl.org/2003/arcrole/summation-item" xlink:from="loc_MMTCStockholdersEquity" xlink:to="loc_MMTCAccumulatedDeficitFromOperatingActivities" xlink:type="arc" weight="1" />
      <link:loc xlink:type="locator" xlink:href="http://xbrl.fasb.org/us-gaap/2012/elts/us-gaap-2012-01-31.xsd#us-gaap_DevelopmentStageEnterpriseDeficitAccumulatedDuringDevelopmentStage" xlink:label="loc_MMTCDevelopmentStageEnterpriseDeficitAccumulatedDuringDevelopmentStage" />
      <link:calculationArc order="400" xlink:arcrole="http://www.xbrl.org/2003/arcrole/summation-item" xlink:from="loc_MMTCStockholdersEquity" xlink:to="loc_MMTCDevelopmentStageEnterpriseDeficitAccumulatedDuringDevelopmentStage" xlink:type="arc" weight="-1" />
      <link:loc xlink:type="locator" xlink:href="http://xbrl.fasb.org/us-gaap/2012/elts/us-gaap-2012-01-31.xsd#us-gaap_LiabilitiesAndStockholdersEquity" xlink:label="loc_MMTCLiabilitiesAndStockholdersEquity" />
      <link:calculationArc order="100" xlink:arcrole="http://www.xbrl.org/2003/arcrole/summation-item" xlink:from="loc_MMTCLiabilitiesAndStockholdersEquity" xlink:to="loc_MMTCLiabilities" xlink:type="arc" weight="1" />
      <link:calculationArc order="200" xlink:arcrole="http://www.xbrl.org/2003/arcrole/summation-item" xlink:from="loc_MMTCLiabilitiesAndStockholdersEquity" xlink:to="loc_MMTCStockholdersEquity" xlink:type="arc" weight="1" />
    </link:calculationLink>
    <link:calculationLink xlink:type="extended" xlink:role="http://micro-imaging.com/role/ConsolidatedBalanceSheetsParenthetical" xlink:title="0003 - Statement - Consolidated Balance Sheets (Parenthetical)" />
    <link:calculationLink xlink:type="extended" xlink:role="http://micro-imaging.com/role/ConsolidatedStatementsOfOperations" xlink:title="0004 - Statement - Consolidated Statements of Operations">
      <link:loc xlink:type="locator" xlink:href="http://xbrl.fasb.org/us-gaap/2012/elts/us-gaap-2012-01-31.xsd#us-gaap_GrossProfit" xlink:label="loc_MMTCGrossProfit" />
      <link:loc xlink:type="locator" xlink:href="http://xbrl.fasb.org/us-gaap/2012/elts/us-gaap-2012-01-31.xsd#us-gaap_SalesRevenueNet" xlink:label="loc_MMTCSalesRevenueNet" />
      <link:calculationArc order="100" xlink:arcrole="http://www.xbrl.org/2003/arcrole/summation-item" xlink:from="loc_MMTCGrossProfit" xlink:to="loc_MMTCSalesRevenueNet" xlink:type="arc" weight="1" />
      <link:loc xlink:type="locator" xlink:href="http://xbrl.fasb.org/us-gaap/2012/elts/us-gaap-2012-01-31.xsd#us-gaap_CostOfGoodsSold" xlink:label="loc_MMTCCostOfGoodsSold" />
      <link:calculationArc order="200" xlink:arcrole="http://www.xbrl.org/2003/arcrole/summation-item" xlink:from="loc_MMTCGrossProfit" xlink:to="loc_MMTCCostOfGoodsSold" xlink:type="arc" weight="-1" />
      <link:loc xlink:type="locator" xlink:href="http://xbrl.fasb.org/us-gaap/2012/elts/us-gaap-2012-01-31.xsd#us-gaap_OperatingExpenses" xlink:label="loc_MMTCOperatingExpenses" />
      <link:loc xlink:type="locator" xlink:href="http://xbrl.fasb.org/us-gaap/2012/elts/us-gaap-2012-01-31.xsd#us-gaap_ResearchAndDevelopmentExpense" xlink:label="loc_MMTCResearchAndDevelopmentExpense" />
      <link:calculationArc order="100" xlink:arcrole="http://www.xbrl.org/2003/arcrole/summation-item" xlink:from="loc_MMTCOperatingExpenses" xlink:to="loc_MMTCResearchAndDevelopmentExpense" xlink:type="arc" weight="1" />
      <link:loc xlink:type="locator" xlink:href="http://xbrl.fasb.org/us-gaap/2012/elts/us-gaap-2012-01-31.xsd#us-gaap_SellingGeneralAndAdministrativeExpense" xlink:label="loc_MMTCSellingGeneralAndAdministrativeExpense" />
      <link:calculationArc order="200" xlink:arcrole="http://www.xbrl.org/2003/arcrole/summation-item" xlink:from="loc_MMTCOperatingExpenses" xlink:to="loc_MMTCSellingGeneralAndAdministrativeExpense" xlink:type="arc" weight="1" />
      <link:loc xlink:type="locator" xlink:href="http://xbrl.fasb.org/us-gaap/2012/elts/us-gaap-2012-01-31.xsd#us-gaap_OperatingIncomeLoss" xlink:label="loc_MMTCOperatingIncomeLoss" />
      <link:calculationArc order="100" xlink:arcrole="http://www.xbrl.org/2003/arcrole/summation-item" xlink:from="loc_MMTCOperatingIncomeLoss" xlink:to="loc_MMTCGrossProfit" xlink:type="arc" weight="1" />
      <link:calculationArc order="200" xlink:arcrole="http://www.xbrl.org/2003/arcrole/summation-item" xlink:from="loc_MMTCOperatingIncomeLoss" xlink:to="loc_MMTCOperatingExpenses" xlink:type="arc" weight="-1" />
      <link:loc xlink:type="locator" xlink:href="http://xbrl.fasb.org/us-gaap/2012/elts/us-gaap-2012-01-31.xsd#us-gaap_NonoperatingIncomeExpense" xlink:label="loc_MMTCNonoperatingIncomeExpense" />
      <link:loc xlink:type="locator" xlink:href="http://xbrl.fasb.org/us-gaap/2012/elts/us-gaap-2012-01-31.xsd#us-gaap_InterestIncomeOther" xlink:label="loc_MMTCInterestIncomeOther" />
      <link:calculationArc order="100" xlink:arcrole="http://www.xbrl.org/2003/arcrole/summation-item" xlink:from="loc_MMTCNonoperatingIncomeExpense" xlink:to="loc_MMTCInterestIncomeOther" xlink:type="arc" weight="1" />
      <link:loc xlink:type="locator" xlink:href="http://xbrl.fasb.org/us-gaap/2012/elts/us-gaap-2012-01-31.xsd#us-gaap_InterestExpense" xlink:label="loc_MMTCInterestExpense" />
      <link:calculationArc order="200" xlink:arcrole="http://www.xbrl.org/2003/arcrole/summation-item" xlink:from="loc_MMTCNonoperatingIncomeExpense" xlink:to="loc_MMTCInterestExpense" xlink:type="arc" weight="-1" />
      <link:loc xlink:type="locator" xlink:href="http://xbrl.fasb.org/us-gaap/2012/elts/us-gaap-2012-01-31.xsd#us-gaap_GainOnDerivativeInstrumentsPretax" xlink:label="loc_MMTCGainOnDerivativeInstrumentsPretax" />
      <link:calculationArc order="300" xlink:arcrole="http://www.xbrl.org/2003/arcrole/summation-item" xlink:from="loc_MMTCNonoperatingIncomeExpense" xlink:to="loc_MMTCGainOnDerivativeInstrumentsPretax" xlink:type="arc" weight="1" />
      <link:loc xlink:type="locator" xlink:href="http://xbrl.fasb.org/us-gaap/2012/elts/us-gaap-2012-01-31.xsd#us-gaap_OtherNonoperatingIncomeExpense" xlink:label="loc_MMTCOtherNonoperatingIncomeExpense" />
      <link:calculationArc order="400" xlink:arcrole="http://www.xbrl.org/2003/arcrole/summation-item" xlink:from="loc_MMTCNonoperatingIncomeExpense" xlink:to="loc_MMTCOtherNonoperatingIncomeExpense" xlink:type="arc" weight="1" />
      <link:loc xlink:type="locator" xlink:href="http://xbrl.fasb.org/us-gaap/2012/elts/us-gaap-2012-01-31.xsd#us-gaap_IncomeLossFromContinuingOperationsBeforeIncomeTaxesMinorityInterestAndIncomeLossFromEquityMethodInvestments" xlink:label="loc_MMTCIncomeLossFromContinuingOperationsBeforeIncomeTaxesMinorityInterestAndIncomeLossFromEquityMethodInvestments" />
      <link:calculationArc order="100" xlink:arcrole="http://www.xbrl.org/2003/arcrole/summation-item" xlink:from="loc_MMTCIncomeLossFromContinuingOperationsBeforeIncomeTaxesMinorityInterestAndIncomeLossFromEquityMethodInvestments" xlink:to="loc_MMTCOperatingIncomeLoss" xlink:type="arc" weight="1" />
      <link:calculationArc order="200" xlink:arcrole="http://www.xbrl.org/2003/arcrole/summation-item" xlink:from="loc_MMTCIncomeLossFromContinuingOperationsBeforeIncomeTaxesMinorityInterestAndIncomeLossFromEquityMethodInvestments" xlink:to="loc_MMTCNonoperatingIncomeExpense" xlink:type="arc" weight="1" />
      <link:loc xlink:type="locator" xlink:href="http://xbrl.fasb.org/us-gaap/2012/elts/us-gaap-2012-01-31.xsd#us-gaap_IncomeLossFromContinuingOperations" xlink:label="loc_MMTCIncomeLossFromContinuingOperations" />
      <link:calculationArc order="100" xlink:arcrole="http://www.xbrl.org/2003/arcrole/summation-item" xlink:from="loc_MMTCIncomeLossFromContinuingOperations" xlink:to="loc_MMTCIncomeLossFromContinuingOperationsBeforeIncomeTaxesMinorityInterestAndIncomeLossFromEquityMethodInvestments" xlink:type="arc" weight="1" />
      <link:loc xlink:type="locator" xlink:href="http://xbrl.fasb.org/us-gaap/2012/elts/us-gaap-2012-01-31.xsd#us-gaap_IncomeTaxExpenseBenefit" xlink:label="loc_MMTCIncomeTaxExpenseBenefit" />
      <link:calculationArc order="200" xlink:arcrole="http://www.xbrl.org/2003/arcrole/summation-item" xlink:from="loc_MMTCIncomeLossFromContinuingOperations" xlink:to="loc_MMTCIncomeTaxExpenseBenefit" xlink:type="arc" weight="-1" />
    </link:calculationLink>
    <link:calculationLink xlink:type="extended" xlink:role="http://micro-imaging.com/role/ConsolidatedStatementsOfStockholdersDeficit" xlink:title="0005 - Statement - Consolidated Statements of Stockholders' Deficit" />
    <link:calculationLink xlink:type="extended" xlink:role="http://micro-imaging.com/role/ConsolidatedStatementsOfStockholdersDeficitParenthetical" xlink:title="0006 - Statement - Consolidated Statements of Stockholders' Deficit (Parenthetical)" />
    <link:calculationLink xlink:type="extended" xlink:role="http://micro-imaging.com/role/CondensedConsolidatedStatementsOfCashFlows" xlink:title="0007 - Statement - Condensed Consolidated Statements of Cash Flows (Unaudited)">
      <link:loc xlink:type="locator" xlink:href="http://xbrl.fasb.org/us-gaap/2012/elts/us-gaap-2012-01-31.xsd#us-gaap_NetCashProvidedByUsedInOperatingActivities" xlink:label="loc_MMTCNetCashProvidedByUsedInOperatingActivities" />
      <link:loc xlink:type="locator" xlink:href="http://xbrl.fasb.org/us-gaap/2012/elts/us-gaap-2012-01-31.xsd#us-gaap_ProfitLoss" xlink:label="loc_MMTCProfitLoss" />
      <link:calculationArc order="100" xlink:arcrole="http://www.xbrl.org/2003/arcrole/summation-item" xlink:from="loc_MMTCNetCashProvidedByUsedInOperatingActivities" xlink:to="loc_MMTCProfitLoss" xlink:type="arc" weight="1" />
      <link:loc xlink:type="locator" xlink:href="http://xbrl.fasb.org/us-gaap/2012/elts/us-gaap-2012-01-31.xsd#us-gaap_Depreciation" xlink:label="loc_MMTCDepreciation" />
      <link:calculationArc order="200" xlink:arcrole="http://www.xbrl.org/2003/arcrole/summation-item" xlink:from="loc_MMTCNetCashProvidedByUsedInOperatingActivities" xlink:to="loc_MMTCDepreciation" xlink:type="arc" weight="1" />
      <link:loc xlink:type="locator" xlink:href="http://xbrl.fasb.org/us-gaap/2012/elts/us-gaap-2012-01-31.xsd#us-gaap_GainsLossesOnExtinguishmentOfDebt" xlink:label="loc_MMTCGainsLossesOnExtinguishmentOfDebt" />
      <link:calculationArc order="300" xlink:arcrole="http://www.xbrl.org/2003/arcrole/summation-item" xlink:from="loc_MMTCNetCashProvidedByUsedInOperatingActivities" xlink:to="loc_MMTCGainsLossesOnExtinguishmentOfDebt" xlink:type="arc" weight="1" />
      <link:loc xlink:type="locator" xlink:href="http://xbrl.fasb.org/us-gaap/2012/elts/us-gaap-2012-01-31.xsd#us-gaap_AmortizationOfFinancingCosts" xlink:label="loc_MMTCAmortizationOfFinancingCosts" />
      <link:calculationArc order="400" xlink:arcrole="http://www.xbrl.org/2003/arcrole/summation-item" xlink:from="loc_MMTCNetCashProvidedByUsedInOperatingActivities" xlink:to="loc_MMTCAmortizationOfFinancingCosts" xlink:type="arc" weight="1" />
      <link:loc xlink:type="locator" xlink:href="http://xbrl.fasb.org/us-gaap/2012/elts/us-gaap-2012-01-31.xsd#us-gaap_IssuanceOfStockAndWarrantsForServicesOrClaims" xlink:label="loc_MMTCIssuanceOfStockAndWarrantsForServicesOrClaims" />
      <link:calculationArc order="500" xlink:arcrole="http://www.xbrl.org/2003/arcrole/summation-item" xlink:from="loc_MMTCNetCashProvidedByUsedInOperatingActivities" xlink:to="loc_MMTCIssuanceOfStockAndWarrantsForServicesOrClaims" xlink:type="arc" weight="1" />
      <link:loc xlink:type="locator" xlink:href="mmtc-20121031.xsd#MMTC_CommonStockIssuedforSharesofSubsidiaryStock" xlink:label="loc_MMTCCommonStockIssuedforSharesofSubsidiaryStock" />
      <link:calculationArc order="600" xlink:arcrole="http://www.xbrl.org/2003/arcrole/summation-item" xlink:from="loc_MMTCNetCashProvidedByUsedInOperatingActivities" xlink:to="loc_MMTCCommonStockIssuedforSharesofSubsidiaryStock" xlink:type="arc" weight="1" />
      <link:loc xlink:type="locator" xlink:href="http://xbrl.fasb.org/us-gaap/2012/elts/us-gaap-2012-01-31.xsd#us-gaap_EmployeeServiceShareBasedCompensationAllocationOfRecognizedPeriodCostsCapitalizedAmount" xlink:label="loc_MMTCEmployeeServiceShareBasedCompensationAllocationOfRecognizedPeriodCostsCapitalizedAmount" />
      <link:calculationArc order="700" xlink:arcrole="http://www.xbrl.org/2003/arcrole/summation-item" xlink:from="loc_MMTCNetCashProvidedByUsedInOperatingActivities" xlink:to="loc_MMTCEmployeeServiceShareBasedCompensationAllocationOfRecognizedPeriodCostsCapitalizedAmount" xlink:type="arc" weight="1" />
      <link:loc xlink:type="locator" xlink:href="mmtc-20121031.xsd#MMTC_CommonStockIssuedForCommission" xlink:label="loc_MMTCCommonStockIssuedForCommission" />
      <link:calculationArc order="800" xlink:arcrole="http://www.xbrl.org/2003/arcrole/summation-item" xlink:from="loc_MMTCNetCashProvidedByUsedInOperatingActivities" xlink:to="loc_MMTCCommonStockIssuedForCommission" xlink:type="arc" weight="1" />
      <link:loc xlink:type="locator" xlink:href="mmtc-20121031.xsd#MMTC_CommonStockIssuedForAccountsPayable" xlink:label="loc_MMTCCommonStockIssuedForAccountsPayable" />
      <link:calculationArc order="900" xlink:arcrole="http://www.xbrl.org/2003/arcrole/summation-item" xlink:from="loc_MMTCNetCashProvidedByUsedInOperatingActivities" xlink:to="loc_MMTCCommonStockIssuedForAccountsPayable" xlink:type="arc" weight="1" />
      <link:loc xlink:type="locator" xlink:href="mmtc-20121031.xsd#MMTC_CommonStockIssuedtoFormerLicensee" xlink:label="loc_MMTCCommonStockIssuedtoFormerLicensee" />
      <link:calculationArc order="1000" xlink:arcrole="http://www.xbrl.org/2003/arcrole/summation-item" xlink:from="loc_MMTCNetCashProvidedByUsedInOperatingActivities" xlink:to="loc_MMTCCommonStockIssuedtoFormerLicensee" xlink:type="arc" weight="1" />
      <link:loc xlink:type="locator" xlink:href="mmtc-20121031.xsd#MMTC_CommonStockIssuedRecoveredonCancelledAgreements" xlink:label="loc_MMTCCommonStockIssuedRecoveredonCancelledAgreements" />
      <link:calculationArc order="1100" xlink:arcrole="http://www.xbrl.org/2003/arcrole/summation-item" xlink:from="loc_MMTCNetCashProvidedByUsedInOperatingActivities" xlink:to="loc_MMTCCommonStockIssuedRecoveredonCancelledAgreements" xlink:type="arc" weight="1" />
      <link:loc xlink:type="locator" xlink:href="http://xbrl.fasb.org/us-gaap/2012/elts/us-gaap-2012-01-31.xsd#us-gaap_AdjustmentOfWarrantsGrantedForServices" xlink:label="loc_MMTCAdjustmentOfWarrantsGrantedForServices" />
      <link:calculationArc order="1200" xlink:arcrole="http://www.xbrl.org/2003/arcrole/summation-item" xlink:from="loc_MMTCNetCashProvidedByUsedInOperatingActivities" xlink:to="loc_MMTCAdjustmentOfWarrantsGrantedForServices" xlink:type="arc" weight="1" />
      <link:loc xlink:type="locator" xlink:href="http://xbrl.fasb.org/us-gaap/2012/elts/us-gaap-2012-01-31.xsd#us-gaap_DebtRelatedCommitmentFeesAndDebtIssuanceCosts" xlink:label="loc_MMTCDebtRelatedCommitmentFeesAndDebtIssuanceCosts" />
      <link:calculationArc order="1300" xlink:arcrole="http://www.xbrl.org/2003/arcrole/summation-item" xlink:from="loc_MMTCNetCashProvidedByUsedInOperatingActivities" xlink:to="loc_MMTCDebtRelatedCommitmentFeesAndDebtIssuanceCosts" xlink:type="arc" weight="1" />
      <link:loc xlink:type="locator" xlink:href="http://xbrl.fasb.org/us-gaap/2012/elts/us-gaap-2012-01-31.xsd#us-gaap_DebtInstrumentConvertibleBeneficialConversionFeature" xlink:label="loc_MMTCDebtInstrumentConvertibleBeneficialConversionFeature" />
      <link:calculationArc order="1400" xlink:arcrole="http://www.xbrl.org/2003/arcrole/summation-item" xlink:from="loc_MMTCNetCashProvidedByUsedInOperatingActivities" xlink:to="loc_MMTCDebtInstrumentConvertibleBeneficialConversionFeature" xlink:type="arc" weight="1" />
      <link:loc xlink:type="locator" xlink:href="http://xbrl.fasb.org/us-gaap/2012/elts/us-gaap-2012-01-31.xsd#us-gaap_PaidInKindInterest" xlink:label="loc_MMTCPaidInKindInterest" />
      <link:calculationArc order="1500" xlink:arcrole="http://www.xbrl.org/2003/arcrole/summation-item" xlink:from="loc_MMTCNetCashProvidedByUsedInOperatingActivities" xlink:to="loc_MMTCPaidInKindInterest" xlink:type="arc" weight="1" />
      <link:loc xlink:type="locator" xlink:href="http://xbrl.fasb.org/us-gaap/2012/elts/us-gaap-2012-01-31.xsd#us-gaap_InterestCostsIncurred" xlink:label="loc_MMTCInterestCostsIncurred" />
      <link:calculationArc order="1600" xlink:arcrole="http://www.xbrl.org/2003/arcrole/summation-item" xlink:from="loc_MMTCNetCashProvidedByUsedInOperatingActivities" xlink:to="loc_MMTCInterestCostsIncurred" xlink:type="arc" weight="1" />
      <link:loc xlink:type="locator" xlink:href="http://xbrl.fasb.org/us-gaap/2012/elts/us-gaap-2012-01-31.xsd#us-gaap_IncreaseDecreaseInPrepaidExpense" xlink:label="loc_MMTCIncreaseDecreaseInPrepaidExpense" />
      <link:calculationArc order="1700" xlink:arcrole="http://www.xbrl.org/2003/arcrole/summation-item" xlink:from="loc_MMTCNetCashProvidedByUsedInOperatingActivities" xlink:to="loc_MMTCIncreaseDecreaseInPrepaidExpense" xlink:type="arc" weight="1" />
      <link:loc xlink:type="locator" xlink:href="http://xbrl.fasb.org/us-gaap/2012/elts/us-gaap-2012-01-31.xsd#us-gaap_IncreaseDecreaseInInventories" xlink:label="loc_MMTCIncreaseDecreaseInInventories" />
      <link:calculationArc order="1800" xlink:arcrole="http://www.xbrl.org/2003/arcrole/summation-item" xlink:from="loc_MMTCNetCashProvidedByUsedInOperatingActivities" xlink:to="loc_MMTCIncreaseDecreaseInInventories" xlink:type="arc" weight="1" />
      <link:loc xlink:type="locator" xlink:href="http://xbrl.fasb.org/us-gaap/2012/elts/us-gaap-2012-01-31.xsd#us-gaap_IncreaseDecreaseInDerivativeLiabilities" xlink:label="loc_MMTCIncreaseDecreaseInDerivativeLiabilities" />
      <link:calculationArc order="1900" xlink:arcrole="http://www.xbrl.org/2003/arcrole/summation-item" xlink:from="loc_MMTCNetCashProvidedByUsedInOperatingActivities" xlink:to="loc_MMTCIncreaseDecreaseInDerivativeLiabilities" xlink:type="arc" weight="1" />
      <link:loc xlink:type="locator" xlink:href="http://xbrl.fasb.org/us-gaap/2012/elts/us-gaap-2012-01-31.xsd#us-gaap_IncreaseDecreaseInAccountsPayableTrade" xlink:label="loc_MMTCIncreaseDecreaseInAccountsPayableTrade" />
      <link:calculationArc order="2000" xlink:arcrole="http://www.xbrl.org/2003/arcrole/summation-item" xlink:from="loc_MMTCNetCashProvidedByUsedInOperatingActivities" xlink:to="loc_MMTCIncreaseDecreaseInAccountsPayableTrade" xlink:type="arc" weight="1" />
      <link:loc xlink:type="locator" xlink:href="http://xbrl.fasb.org/us-gaap/2012/elts/us-gaap-2012-01-31.xsd#us-gaap_IncreaseDecreaseInAccountsPayableRelatedParties" xlink:label="loc_MMTCIncreaseDecreaseInAccountsPayableRelatedParties" />
      <link:calculationArc order="2100" xlink:arcrole="http://www.xbrl.org/2003/arcrole/summation-item" xlink:from="loc_MMTCNetCashProvidedByUsedInOperatingActivities" xlink:to="loc_MMTCIncreaseDecreaseInAccountsPayableRelatedParties" xlink:type="arc" weight="1" />
      <link:loc xlink:type="locator" xlink:href="http://xbrl.fasb.org/us-gaap/2012/elts/us-gaap-2012-01-31.xsd#us-gaap_IncreaseDecreaseInAccruedLiabilities" xlink:label="loc_MMTCIncreaseDecreaseInAccruedLiabilities" />
      <link:calculationArc order="2200" xlink:arcrole="http://www.xbrl.org/2003/arcrole/summation-item" xlink:from="loc_MMTCNetCashProvidedByUsedInOperatingActivities" xlink:to="loc_MMTCIncreaseDecreaseInAccruedLiabilities" xlink:type="arc" weight="1" />
      <link:loc xlink:type="locator" xlink:href="http://xbrl.fasb.org/us-gaap/2012/elts/us-gaap-2012-01-31.xsd#us-gaap_StockIssuedDuringPeriodValueIssuedForServices" xlink:label="loc_MMTCStockIssuedDuringPeriodValueIssuedForServices" />
      <link:calculationArc order="2300" xlink:arcrole="http://www.xbrl.org/2003/arcrole/summation-item" xlink:from="loc_MMTCNetCashProvidedByUsedInOperatingActivities" xlink:to="loc_MMTCStockIssuedDuringPeriodValueIssuedForServices" xlink:type="arc" weight="1" />
      <link:loc xlink:type="locator" xlink:href="http://xbrl.fasb.org/us-gaap/2012/elts/us-gaap-2012-01-31.xsd#us-gaap_IncreaseDecreaseInDueFromRelatedParties" xlink:label="loc_MMTCIncreaseDecreaseInDueFromRelatedParties" />
      <link:calculationArc order="2400" xlink:arcrole="http://www.xbrl.org/2003/arcrole/summation-item" xlink:from="loc_MMTCNetCashProvidedByUsedInOperatingActivities" xlink:to="loc_MMTCIncreaseDecreaseInDueFromRelatedParties" xlink:type="arc" weight="-1" />
      <link:loc xlink:type="locator" xlink:href="http://xbrl.fasb.org/us-gaap/2012/elts/us-gaap-2012-01-31.xsd#us-gaap_NetCashProvidedByUsedInInvestingActivities" xlink:label="loc_MMTCNetCashProvidedByUsedInInvestingActivities" />
      <link:loc xlink:type="locator" xlink:href="http://xbrl.fasb.org/us-gaap/2012/elts/us-gaap-2012-01-31.xsd#us-gaap_PaymentsToAcquirePropertyPlantAndEquipment" xlink:label="loc_MMTCPaymentsToAcquirePropertyPlantAndEquipment" />
      <link:calculationArc order="100" xlink:arcrole="http://www.xbrl.org/2003/arcrole/summation-item" xlink:from="loc_MMTCNetCashProvidedByUsedInInvestingActivities" xlink:to="loc_MMTCPaymentsToAcquirePropertyPlantAndEquipment" xlink:type="arc" weight="-1" />
      <link:loc xlink:type="locator" xlink:href="http://xbrl.fasb.org/us-gaap/2012/elts/us-gaap-2012-01-31.xsd#us-gaap_NetCashProvidedByUsedInFinancingActivities" xlink:label="loc_MMTCNetCashProvidedByUsedInFinancingActivities" />
      <link:loc xlink:type="locator" xlink:href="http://xbrl.fasb.org/us-gaap/2012/elts/us-gaap-2012-01-31.xsd#us-gaap_RepaymentsOfRelatedPartyDebt" xlink:label="loc_MMTCRepaymentsOfRelatedPartyDebt" />
      <link:calculationArc order="100" xlink:arcrole="http://www.xbrl.org/2003/arcrole/summation-item" xlink:from="loc_MMTCNetCashProvidedByUsedInFinancingActivities" xlink:to="loc_MMTCRepaymentsOfRelatedPartyDebt" xlink:type="arc" weight="-1" />
      <link:loc xlink:type="locator" xlink:href="http://xbrl.fasb.org/us-gaap/2012/elts/us-gaap-2012-01-31.xsd#us-gaap_ProceedsFromRelatedPartyDebt" xlink:label="loc_MMTCProceedsFromRelatedPartyDebt" />
      <link:calculationArc order="200" xlink:arcrole="http://www.xbrl.org/2003/arcrole/summation-item" xlink:from="loc_MMTCNetCashProvidedByUsedInFinancingActivities" xlink:to="loc_MMTCProceedsFromRelatedPartyDebt" xlink:type="arc" weight="1" />
      <link:loc xlink:type="locator" xlink:href="http://xbrl.fasb.org/us-gaap/2012/elts/us-gaap-2012-01-31.xsd#us-gaap_ProceedsFromConvertibleDebt" xlink:label="loc_MMTCProceedsFromConvertibleDebt" />
      <link:calculationArc order="300" xlink:arcrole="http://www.xbrl.org/2003/arcrole/summation-item" xlink:from="loc_MMTCNetCashProvidedByUsedInFinancingActivities" xlink:to="loc_MMTCProceedsFromConvertibleDebt" xlink:type="arc" weight="1" />
      <link:loc xlink:type="locator" xlink:href="http://xbrl.fasb.org/us-gaap/2012/elts/us-gaap-2012-01-31.xsd#us-gaap_ProceedsFromIssuanceOfCommonStock" xlink:label="loc_MMTCProceedsFromIssuanceOfCommonStock" />
      <link:calculationArc order="400" xlink:arcrole="http://www.xbrl.org/2003/arcrole/summation-item" xlink:from="loc_MMTCNetCashProvidedByUsedInFinancingActivities" xlink:to="loc_MMTCProceedsFromIssuanceOfCommonStock" xlink:type="arc" weight="1" />
      <link:loc xlink:type="locator" xlink:href="http://xbrl.fasb.org/us-gaap/2012/elts/us-gaap-2012-01-31.xsd#us-gaap_CashAndCashEquivalentsPeriodIncreaseDecrease" xlink:label="loc_MMTCCashAndCashEquivalentsPeriodIncreaseDecrease" />
      <link:calculationArc order="100" xlink:arcrole="http://www.xbrl.org/2003/arcrole/summation-item" xlink:from="loc_MMTCCashAndCashEquivalentsPeriodIncreaseDecrease" xlink:to="loc_MMTCNetCashProvidedByUsedInOperatingActivities" xlink:type="arc" weight="1" />
      <link:calculationArc order="200" xlink:arcrole="http://www.xbrl.org/2003/arcrole/summation-item" xlink:from="loc_MMTCCashAndCashEquivalentsPeriodIncreaseDecrease" xlink:to="loc_MMTCNetCashProvidedByUsedInInvestingActivities" xlink:type="arc" weight="1" />
      <link:calculationArc order="300" xlink:arcrole="http://www.xbrl.org/2003/arcrole/summation-item" xlink:from="loc_MMTCCashAndCashEquivalentsPeriodIncreaseDecrease" xlink:to="loc_MMTCNetCashProvidedByUsedInFinancingActivities" xlink:type="arc" weight="1" />
    </link:calculationLink>
    <link:calculationLink xlink:type="extended" xlink:role="http://micro-imaging.com/role/DescriptionOfBusinessAndDevelopmentStageCompany" xlink:title="0008 - Disclosure - Description of Business and Development Stage Company" />
    <link:calculationLink xlink:type="extended" xlink:role="http://micro-imaging.com/role/BasisOfPresentation" xlink:title="0009 - Disclosure - Basis of Presentation" />
    <link:calculationLink xlink:type="extended" xlink:role="http://micro-imaging.com/role/SummaryOfSignificantAccountingPolicies" xlink:title="0010 - Disclosure - Summary of Significant Accounting Policies" />
    <link:calculationLink xlink:type="extended" xlink:role="http://micro-imaging.com/role/PropertyPlantAndEquipment" xlink:title="0011 - Disclosure - Property, Plant and Equipment" />
    <link:calculationLink xlink:type="extended" xlink:role="http://micro-imaging.com/role/ConvertibleDebentures" xlink:title="0012 - Disclosure - Convertible Debentures" />
    <link:calculationLink xlink:type="extended" xlink:role="http://micro-imaging.com/role/NotesPayableToOfficerAndStockholders" xlink:title="0013 - Disclosure - Notes Payable to an Officer and Stockholders" />
    <link:calculationLink xlink:type="extended" xlink:role="http://micro-imaging.com/role/IncomeTaxes" xlink:title="0014 - Disclosure - Income Taxes" />
    <link:calculationLink xlink:type="extended" xlink:role="http://micro-imaging.com/role/StockholdersDeficit" xlink:title="0015 - Disclosure - Stockholders' Deficit" />
    <link:calculationLink xlink:type="extended" xlink:role="http://micro-imaging.com/role/StockOptionsAndWarrants" xlink:title="0016 - Disclosure - Stock Options and Warrants" />
    <link:calculationLink xlink:type="extended" xlink:role="http://micro-imaging.com/role/CommitmentsAndContingencies" xlink:title="0017 - Disclosure - Commitments and Contingencies" />
    <link:calculationLink xlink:type="extended" xlink:role="http://micro-imaging.com/role/RelatedPartyTransactions" xlink:title="0018 - Disclosure - Related Party Transactions" />
    <link:calculationLink xlink:type="extended" xlink:role="http://micro-imaging.com/role/EmployeeRetirementPlan" xlink:title="0019 - Disclosure - Employee Retirement Plan" />
    <link:calculationLink xlink:type="extended" xlink:role="http://micro-imaging.com/role/SubsequentEvents" xlink:title="0020 - Disclosure - Subsequent Events (Unaudited)" />
    <link:calculationLink xlink:type="extended" xlink:role="http://micro-imaging.com/role/SummaryOfSignificantAccountingPoliciesPolicies" xlink:title="0021 - Disclosure - Summary of Significant Accounting Policies (Policies)" />
    <link:calculationLink xlink:type="extended" xlink:role="http://micro-imaging.com/role/PropertyPlantAndEquipmentTables" xlink:title="0022 - Disclosure - Property, Plant and Equipment (Tables)" />
    <link:calculationLink xlink:type="extended" xlink:role="http://micro-imaging.com/role/ConvertibleDebenturesTables" xlink:title="0023 - Disclosure - Convertible Debentures (Tables)" />
    <link:calculationLink xlink:type="extended" xlink:role="http://micro-imaging.com/role/NotesPayableToOfficerAndStockholdersTables" xlink:title="0024 - Disclosure - Notes Payable to an Officer and Stockholders (Tables)" />
    <link:calculationLink xlink:type="extended" xlink:role="http://micro-imaging.com/role/IncomeTaxesTables" xlink:title="0025 - Disclosure - Income Taxes (Tables)" />
    <link:calculationLink xlink:type="extended" xlink:role="http://micro-imaging.com/role/StockOptionsAndWarrantsTables" xlink:title="0026 - Disclosure - Stock Options and Warrants (Tables)" />
    <link:calculationLink xlink:type="extended" xlink:role="http://micro-imaging.com/role/CommitmentsAndContingenciesTables" xlink:title="0027 - Disclosure - Commitments and Contingencies (Tables)" />
    <link:calculationLink xlink:type="extended" xlink:role="http://micro-imaging.com/role/DescriptionOfBusinessAndDevelopmentStageCompanyDetailsNarrative" xlink:title="0028 - Disclosure - Description of Business and Development Stage Company (Details Narrative)" />
    <link:calculationLink xlink:type="extended" xlink:role="http://micro-imaging.com/role/BasisOfPresentationDetailsNarrative" xlink:title="0029 - Disclosure - Basis of Presentation (Details Narrative)" />
    <link:calculationLink xlink:type="extended" xlink:role="http://micro-imaging.com/role/SummaryOfSignificantAccountingPoliciesDetailsNarrative" xlink:title="0030 - Disclosure - Summary of Significant Accounting Policies (Details Narrative)" />
    <link:calculationLink xlink:type="extended" xlink:role="http://micro-imaging.com/role/PropertyPlantAndEquipmentDetailsNarrative" xlink:title="0031 - Disclosure - Property, Plant and Equipment (Details Narrative)" />
    <link:calculationLink xlink:type="extended" xlink:role="http://micro-imaging.com/role/ScheduleOfPropertyPlantAndEquipmentDetails" xlink:title="0032 - Disclosure - Schedule of Property, Plant and Equipment (Details)">
      <link:loc xlink:type="locator" xlink:href="http://xbrl.fasb.org/us-gaap/2012/elts/us-gaap-2012-01-31.xsd#us-gaap_PropertyPlantAndEquipmentGross" xlink:label="loc_MMTCPropertyPlantAndEquipmentGross" />
      <link:loc xlink:type="locator" xlink:href="http://xbrl.fasb.org/us-gaap/2012/elts/us-gaap-2012-01-31.xsd#us-gaap_MachineryAndEquipmentGross" xlink:label="loc_MMTCMachineryAndEquipmentGross" />
      <link:calculationArc order="100" xlink:arcrole="http://www.xbrl.org/2003/arcrole/summation-item" xlink:from="loc_MMTCPropertyPlantAndEquipmentGross" xlink:to="loc_MMTCMachineryAndEquipmentGross" xlink:type="arc" weight="1" />
      <link:loc xlink:type="locator" xlink:href="http://xbrl.fasb.org/us-gaap/2012/elts/us-gaap-2012-01-31.xsd#us-gaap_FurnitureAndFixturesGross" xlink:label="loc_MMTCFurnitureAndFixturesGross" />
      <link:calculationArc order="200" xlink:arcrole="http://www.xbrl.org/2003/arcrole/summation-item" xlink:from="loc_MMTCPropertyPlantAndEquipmentGross" xlink:to="loc_MMTCFurnitureAndFixturesGross" xlink:type="arc" weight="1" />
      <link:loc xlink:type="locator" xlink:href="http://xbrl.fasb.org/us-gaap/2012/elts/us-gaap-2012-01-31.xsd#us-gaap_LeaseholdImprovementsGross" xlink:label="loc_MMTCLeaseholdImprovementsGross" />
      <link:calculationArc order="300" xlink:arcrole="http://www.xbrl.org/2003/arcrole/summation-item" xlink:from="loc_MMTCPropertyPlantAndEquipmentGross" xlink:to="loc_MMTCLeaseholdImprovementsGross" xlink:type="arc" weight="1" />
      <link:loc xlink:type="locator" xlink:href="mmtc-20121031.xsd#MMTC_ProductionMoldingGross" xlink:label="loc_MMTCProductionMoldingGross" />
      <link:calculationArc order="400" xlink:arcrole="http://www.xbrl.org/2003/arcrole/summation-item" xlink:from="loc_MMTCPropertyPlantAndEquipmentGross" xlink:to="loc_MMTCProductionMoldingGross" xlink:type="arc" weight="1" />
      <link:loc xlink:type="locator" xlink:href="http://xbrl.fasb.org/us-gaap/2012/elts/us-gaap-2012-01-31.xsd#us-gaap_PropertyPlantAndEquipmentNet" xlink:label="loc_MMTCPropertyPlantAndEquipmentNet" />
      <link:calculationArc order="100" xlink:arcrole="http://www.xbrl.org/2003/arcrole/summation-item" xlink:from="loc_MMTCPropertyPlantAndEquipmentNet" xlink:to="loc_MMTCPropertyPlantAndEquipmentGross" xlink:type="arc" weight="1" />
      <link:loc xlink:type="locator" xlink:href="http://xbrl.fasb.org/us-gaap/2012/elts/us-gaap-2012-01-31.xsd#us-gaap_AccumulatedDepreciationDepletionAndAmortizationPropertyPlantAndEquipment" xlink:label="loc_MMTCAccumulatedDepreciationDepletionAndAmortizationPropertyPlantAndEquipment" />
      <link:calculationArc order="200" xlink:arcrole="http://www.xbrl.org/2003/arcrole/summation-item" xlink:from="loc_MMTCPropertyPlantAndEquipmentNet" xlink:to="loc_MMTCAccumulatedDepreciationDepletionAndAmortizationPropertyPlantAndEquipment" xlink:type="arc" weight="-1" />
    </link:calculationLink>
    <link:calculationLink xlink:type="extended" xlink:role="http://micro-imaging.com/role/ConvertibleDebenturesDetailsNarrative" xlink:title="0033 - Disclosure - Convertible Debentures (Details Narrative)" />
    <link:calculationLink xlink:type="extended" xlink:role="http://micro-imaging.com/role/SummaryOfChangesInFairValueOfLevel3FinancialInstrumentLiabilityDetails" xlink:title="0034 - Disclosure - Summary of Changes in Fair Value of Level 3 Financial Instrument Liability (Details)" />
    <link:calculationLink xlink:type="extended" xlink:role="http://micro-imaging.com/role/SummaryOfConvertibleDebenturesAndSeries1NotesDetails" xlink:title="0035 - Disclosure - Summary of Convertible Debentures and Series 1 Notes (Details)" />
    <link:calculationLink xlink:type="extended" xlink:role="http://micro-imaging.com/role/SummaryOfConvertibleDebenturesAndSeries1NotesDetailsParenthetical" xlink:title="0036 - Disclosure - Summary of Convertible Debentures and Series 1 Notes (Details) (Parenthetical)" />
    <link:calculationLink xlink:type="extended" xlink:role="http://micro-imaging.com/role/ScheduleOfRemainingOutstandingNotesMaturityDetails" xlink:title="0037 - Disclosure - Schedule of Remaining Outstanding Notes Maturity (Details)">
      <link:loc xlink:type="locator" xlink:href="mmtc-20121031.xsd#MMTC_DebtInstrumentRemainingOutstandingNoteMaturityTotal" xlink:label="loc_MMTCDebtInstrumentRemainingOutstandingNoteMaturityTotal" />
      <link:loc xlink:type="locator" xlink:href="mmtc-20121031.xsd#MMTC_DebtInstrumentRemainingOutstandingNoteMaturityNextTwelveMonths" xlink:label="loc_MMTCDebtInstrumentRemainingOutstandingNoteMaturityNextTwelveMonths" />
      <link:calculationArc order="100" xlink:arcrole="http://www.xbrl.org/2003/arcrole/summation-item" xlink:from="loc_MMTCDebtInstrumentRemainingOutstandingNoteMaturityTotal" xlink:to="loc_MMTCDebtInstrumentRemainingOutstandingNoteMaturityNextTwelveMonths" xlink:type="arc" weight="1" />
      <link:loc xlink:type="locator" xlink:href="mmtc-20121031.xsd#MMTC_DebtInstrumentRemainingOutstandingNoteMaturityThereafter" xlink:label="loc_MMTCDebtInstrumentRemainingOutstandingNoteMaturityThereafter" />
      <link:calculationArc order="200" xlink:arcrole="http://www.xbrl.org/2003/arcrole/summation-item" xlink:from="loc_MMTCDebtInstrumentRemainingOutstandingNoteMaturityTotal" xlink:to="loc_MMTCDebtInstrumentRemainingOutstandingNoteMaturityThereafter" xlink:type="arc" weight="1" />
    </link:calculationLink>
    <link:calculationLink xlink:type="extended" xlink:role="http://micro-imaging.com/role/NotesPayableToOfficerAndStockholdersDetailsNarrative" xlink:title="0038 - Disclosure - Notes Payable to an Officer and Stockholders (Details Narrative)" />
    <link:calculationLink xlink:type="extended" xlink:role="http://micro-imaging.com/role/ScheduleOfUnamortizedDiscountsNotesPayableToOfficersAndStockholdersDetails" xlink:title="0039 - Disclosure - Schedule of Unamortized Discounts, Notes Payable to Officers and Stockholders (Details)" />
    <link:calculationLink xlink:type="extended" xlink:role="http://micro-imaging.com/role/ScheduleOfUnamortizedDiscountsNotesPayableToOfficersAndStockholdersDetailsParenthetical" xlink:title="0040 - Disclosure - Schedule of Unamortized Discounts, Notes Payable to Officers and Stockholders (Details) (Parenthetical)" />
    <link:calculationLink xlink:type="extended" xlink:role="http://micro-imaging.com/role/ScheduleOfMaturitiesOfNotesPayableDetails" xlink:title="0041 - Disclosure - Schedule of Maturities of Notes Payable (Details)">
      <link:loc xlink:type="locator" xlink:href="mmtc-20121031.xsd#MMTC_ConvertibleNotesDuePayable" xlink:label="loc_MMTCConvertibleNotesDuePayable" />
      <link:loc xlink:type="locator" xlink:href="http://xbrl.fasb.org/us-gaap/2012/elts/us-gaap-2012-01-31.xsd#us-gaap_LongTermDebtMaturitiesRepaymentsOfPrincipalInNextTwelveMonths" xlink:label="loc_MMTCLongTermDebtMaturitiesRepaymentsOfPrincipalInNextTwelveMonths" />
      <link:calculationArc order="100" xlink:arcrole="http://www.xbrl.org/2003/arcrole/summation-item" xlink:from="loc_MMTCConvertibleNotesDuePayable" xlink:to="loc_MMTCLongTermDebtMaturitiesRepaymentsOfPrincipalInNextTwelveMonths" xlink:type="arc" weight="1" />
      <link:loc xlink:type="locator" xlink:href="http://xbrl.fasb.org/us-gaap/2012/elts/us-gaap-2012-01-31.xsd#us-gaap_LongTermDebtMaturitiesRepaymentsOfPrincipalInYearTwo" xlink:label="loc_MMTCLongTermDebtMaturitiesRepaymentsOfPrincipalInYearTwo" />
      <link:calculationArc order="200" xlink:arcrole="http://www.xbrl.org/2003/arcrole/summation-item" xlink:from="loc_MMTCConvertibleNotesDuePayable" xlink:to="loc_MMTCLongTermDebtMaturitiesRepaymentsOfPrincipalInYearTwo" xlink:type="arc" weight="1" />
      <link:loc xlink:type="locator" xlink:href="mmtc-20121031.xsd#MMTC_LongTermDebtMaturitiesRepaymentsOfPrincipalThereafter" xlink:label="loc_MMTCLongTermDebtMaturitiesRepaymentsOfPrincipalThereafter" />
      <link:calculationArc order="300" xlink:arcrole="http://www.xbrl.org/2003/arcrole/summation-item" xlink:from="loc_MMTCConvertibleNotesDuePayable" xlink:to="loc_MMTCLongTermDebtMaturitiesRepaymentsOfPrincipalThereafter" xlink:type="arc" weight="1" />
    </link:calculationLink>
    <link:calculationLink xlink:type="extended" xlink:role="http://micro-imaging.com/role/IncomeTaxesDetailsNarrative" xlink:title="0042 - Disclosure - Income Taxes (Details Narrative)" />
    <link:calculationLink xlink:type="extended" xlink:role="http://micro-imaging.com/role/ScheduleOfComponentsOfIncomeTaxExpenseDetails" xlink:title="0043 - Disclosure - Schedule of Components of Income Tax Expense (Details)">
      <link:loc xlink:type="locator" xlink:href="http://xbrl.fasb.org/us-gaap/2012/elts/us-gaap-2012-01-31.xsd#us-gaap_CurrentIncomeTaxExpenseBenefit" xlink:label="loc_MMTCCurrentIncomeTaxExpenseBenefit" />
      <link:loc xlink:type="locator" xlink:href="http://xbrl.fasb.org/us-gaap/2012/elts/us-gaap-2012-01-31.xsd#us-gaap_CurrentFederalTaxExpenseBenefit" xlink:label="loc_MMTCCurrentFederalTaxExpenseBenefit" />
      <link:calculationArc order="100" xlink:arcrole="http://www.xbrl.org/2003/arcrole/summation-item" xlink:from="loc_MMTCCurrentIncomeTaxExpenseBenefit" xlink:to="loc_MMTCCurrentFederalTaxExpenseBenefit" xlink:type="arc" weight="1" />
      <link:loc xlink:type="locator" xlink:href="http://xbrl.fasb.org/us-gaap/2012/elts/us-gaap-2012-01-31.xsd#us-gaap_CurrentStateAndLocalTaxExpenseBenefit" xlink:label="loc_MMTCCurrentStateAndLocalTaxExpenseBenefit" />
      <link:calculationArc order="200" xlink:arcrole="http://www.xbrl.org/2003/arcrole/summation-item" xlink:from="loc_MMTCCurrentIncomeTaxExpenseBenefit" xlink:to="loc_MMTCCurrentStateAndLocalTaxExpenseBenefit" xlink:type="arc" weight="1" />
      <link:loc xlink:type="locator" xlink:href="http://xbrl.fasb.org/us-gaap/2012/elts/us-gaap-2012-01-31.xsd#us-gaap_DeferredIncomeTaxExpenseBenefit" xlink:label="loc_MMTCDeferredIncomeTaxExpenseBenefit" />
      <link:loc xlink:type="locator" xlink:href="http://xbrl.fasb.org/us-gaap/2012/elts/us-gaap-2012-01-31.xsd#us-gaap_DeferredFederalIncomeTaxExpenseBenefit" xlink:label="loc_MMTCDeferredFederalIncomeTaxExpenseBenefit" />
      <link:calculationArc order="100" xlink:arcrole="http://www.xbrl.org/2003/arcrole/summation-item" xlink:from="loc_MMTCDeferredIncomeTaxExpenseBenefit" xlink:to="loc_MMTCDeferredFederalIncomeTaxExpenseBenefit" xlink:type="arc" weight="1" />
      <link:loc xlink:type="locator" xlink:href="http://xbrl.fasb.org/us-gaap/2012/elts/us-gaap-2012-01-31.xsd#us-gaap_DeferredStateAndLocalIncomeTaxExpenseBenefit" xlink:label="loc_MMTCDeferredStateAndLocalIncomeTaxExpenseBenefit" />
      <link:calculationArc order="200" xlink:arcrole="http://www.xbrl.org/2003/arcrole/summation-item" xlink:from="loc_MMTCDeferredIncomeTaxExpenseBenefit" xlink:to="loc_MMTCDeferredStateAndLocalIncomeTaxExpenseBenefit" xlink:type="arc" weight="1" />
      <link:loc xlink:type="locator" xlink:href="http://xbrl.fasb.org/us-gaap/2012/elts/us-gaap-2012-01-31.xsd#us-gaap_IncomeTaxExpenseBenefit" xlink:label="loc_MMTCIncomeTaxExpenseBenefit" />
      <link:calculationArc order="100" xlink:arcrole="http://www.xbrl.org/2003/arcrole/summation-item" xlink:from="loc_MMTCIncomeTaxExpenseBenefit" xlink:to="loc_MMTCCurrentIncomeTaxExpenseBenefit" xlink:type="arc" weight="1" />
      <link:calculationArc order="200" xlink:arcrole="http://www.xbrl.org/2003/arcrole/summation-item" xlink:from="loc_MMTCIncomeTaxExpenseBenefit" xlink:to="loc_MMTCDeferredIncomeTaxExpenseBenefit" xlink:type="arc" weight="1" />
    </link:calculationLink>
    <link:calculationLink xlink:type="extended" xlink:role="http://micro-imaging.com/role/ScheduleOfNetDeferredTaxAssetsAndLiabilitiesDuringPeriodDetails" xlink:title="0044 - Disclosure - Schedule of Net Deferred Tax Assets and Liabilities During Period (Details)">
      <link:loc xlink:type="locator" xlink:href="http://xbrl.fasb.org/us-gaap/2012/elts/us-gaap-2012-01-31.xsd#us-gaap_DeferredTaxAssetsGrossCurrent" xlink:label="loc_MMTCDeferredTaxAssetsGrossCurrent" />
      <link:loc xlink:type="locator" xlink:href="mmtc-20121031.xsd#MMTC_CurrentDeferredTaxAssetsAccruedVacation" xlink:label="loc_MMTCCurrentDeferredTaxAssetsAccruedVacation" />
      <link:calculationArc order="100" xlink:arcrole="http://www.xbrl.org/2003/arcrole/summation-item" xlink:from="loc_MMTCDeferredTaxAssetsGrossCurrent" xlink:to="loc_MMTCCurrentDeferredTaxAssetsAccruedVacation" xlink:type="arc" weight="1" />
      <link:loc xlink:type="locator" xlink:href="mmtc-20121031.xsd#MMTC_CurrentDeferredTaxAssetsBookCompensationForStockOptionsAndWarrants" xlink:label="loc_MMTCCurrentDeferredTaxAssetsBookCompensationForStockOptionsAndWarrants" />
      <link:calculationArc order="200" xlink:arcrole="http://www.xbrl.org/2003/arcrole/summation-item" xlink:from="loc_MMTCDeferredTaxAssetsGrossCurrent" xlink:to="loc_MMTCCurrentDeferredTaxAssetsBookCompensationForStockOptionsAndWarrants" xlink:type="arc" weight="1" />
      <link:loc xlink:type="locator" xlink:href="http://xbrl.fasb.org/us-gaap/2012/elts/us-gaap-2012-01-31.xsd#us-gaap_DeferredTaxAssetsOther" xlink:label="loc_MMTCDeferredTaxAssetsOther" />
      <link:calculationArc order="300" xlink:arcrole="http://www.xbrl.org/2003/arcrole/summation-item" xlink:from="loc_MMTCDeferredTaxAssetsGrossCurrent" xlink:to="loc_MMTCDeferredTaxAssetsOther" xlink:type="arc" weight="1" />
      <link:loc xlink:type="locator" xlink:href="http://xbrl.fasb.org/us-gaap/2012/elts/us-gaap-2012-01-31.xsd#us-gaap_DeferredTaxAssetsNetCurrent" xlink:label="loc_MMTCDeferredTaxAssetsNetCurrent" />
      <link:calculationArc order="100" xlink:arcrole="http://www.xbrl.org/2003/arcrole/summation-item" xlink:from="loc_MMTCDeferredTaxAssetsNetCurrent" xlink:to="loc_MMTCDeferredTaxAssetsGrossCurrent" xlink:type="arc" weight="1" />
      <link:loc xlink:type="locator" xlink:href="http://xbrl.fasb.org/us-gaap/2012/elts/us-gaap-2012-01-31.xsd#us-gaap_DeferredTaxAssetsValuationAllowanceCurrent" xlink:label="loc_MMTCDeferredTaxAssetsValuationAllowanceCurrent" />
      <link:calculationArc order="200" xlink:arcrole="http://www.xbrl.org/2003/arcrole/summation-item" xlink:from="loc_MMTCDeferredTaxAssetsNetCurrent" xlink:to="loc_MMTCDeferredTaxAssetsValuationAllowanceCurrent" xlink:type="arc" weight="-1" />
      <link:loc xlink:type="locator" xlink:href="http://xbrl.fasb.org/us-gaap/2012/elts/us-gaap-2012-01-31.xsd#us-gaap_DeferredTaxAssetsGrossNoncurrent" xlink:label="loc_MMTCDeferredTaxAssetsGrossNoncurrent" />
      <link:loc xlink:type="locator" xlink:href="http://xbrl.fasb.org/us-gaap/2012/elts/us-gaap-2012-01-31.xsd#us-gaap_DeferredTaxAssetsOperatingLossCarryforwards" xlink:label="loc_MMTCDeferredTaxAssetsOperatingLossCarryforwards" />
      <link:calculationArc order="100" xlink:arcrole="http://www.xbrl.org/2003/arcrole/summation-item" xlink:from="loc_MMTCDeferredTaxAssetsGrossNoncurrent" xlink:to="loc_MMTCDeferredTaxAssetsOperatingLossCarryforwards" xlink:type="arc" weight="1" />
      <link:loc xlink:type="locator" xlink:href="http://xbrl.fasb.org/us-gaap/2012/elts/us-gaap-2012-01-31.xsd#us-gaap_DeferredTaxAssetsTaxCreditCarryforwardsOther" xlink:label="loc_MMTCDeferredTaxAssetsTaxCreditCarryforwardsOther" />
      <link:calculationArc order="200" xlink:arcrole="http://www.xbrl.org/2003/arcrole/summation-item" xlink:from="loc_MMTCDeferredTaxAssetsGrossNoncurrent" xlink:to="loc_MMTCDeferredTaxAssetsTaxCreditCarryforwardsOther" xlink:type="arc" weight="1" />
      <link:loc xlink:type="locator" xlink:href="mmtc-20121031.xsd#MMTC_DeprecitionAndAmortizationOnDeferredTaxAssetsNoncurrent" xlink:label="loc_MMTCDeprecitionAndAmortizationOnDeferredTaxAssetsNoncurrent" />
      <link:calculationArc order="300" xlink:arcrole="http://www.xbrl.org/2003/arcrole/summation-item" xlink:from="loc_MMTCDeferredTaxAssetsGrossNoncurrent" xlink:to="loc_MMTCDeprecitionAndAmortizationOnDeferredTaxAssetsNoncurrent" xlink:type="arc" weight="1" />
      <link:loc xlink:type="locator" xlink:href="http://xbrl.fasb.org/us-gaap/2012/elts/us-gaap-2012-01-31.xsd#us-gaap_DeferredTaxAssetsNetNoncurrent" xlink:label="loc_MMTCDeferredTaxAssetsNetNoncurrent" />
      <link:calculationArc order="100" xlink:arcrole="http://www.xbrl.org/2003/arcrole/summation-item" xlink:from="loc_MMTCDeferredTaxAssetsNetNoncurrent" xlink:to="loc_MMTCDeferredTaxAssetsGrossNoncurrent" xlink:type="arc" weight="1" />
      <link:loc xlink:type="locator" xlink:href="http://xbrl.fasb.org/us-gaap/2012/elts/us-gaap-2012-01-31.xsd#us-gaap_DeferredTaxAssetsValuationAllowanceNoncurrent" xlink:label="loc_MMTCDeferredTaxAssetsValuationAllowanceNoncurrent" />
      <link:calculationArc order="200" xlink:arcrole="http://www.xbrl.org/2003/arcrole/summation-item" xlink:from="loc_MMTCDeferredTaxAssetsNetNoncurrent" xlink:to="loc_MMTCDeferredTaxAssetsValuationAllowanceNoncurrent" xlink:type="arc" weight="-1" />
      <link:loc xlink:type="locator" xlink:href="http://xbrl.fasb.org/us-gaap/2012/elts/us-gaap-2012-01-31.xsd#us-gaap_DeferredTaxAssetsLiabilitiesNet" xlink:label="loc_MMTCDeferredTaxAssetsLiabilitiesNet" />
      <link:calculationArc order="100" xlink:arcrole="http://www.xbrl.org/2003/arcrole/summation-item" xlink:from="loc_MMTCDeferredTaxAssetsLiabilitiesNet" xlink:to="loc_MMTCDeferredTaxAssetsNetCurrent" xlink:type="arc" weight="1" />
      <link:calculationArc order="200" xlink:arcrole="http://www.xbrl.org/2003/arcrole/summation-item" xlink:from="loc_MMTCDeferredTaxAssetsLiabilitiesNet" xlink:to="loc_MMTCDeferredTaxAssetsNetNoncurrent" xlink:type="arc" weight="1" />
    </link:calculationLink>
    <link:calculationLink xlink:type="extended" xlink:role="http://micro-imaging.com/role/ScheduleOfEffectiveIncomeTaxRateReconciliationOfU.SStatutoryIncomeTaxRateDetails" xlink:title="0045 - Disclosure - Schedule of Effective Income Tax Rate Reconciliation of U.S Statutory Income Tax Rate (Details)" />
    <link:calculationLink xlink:type="extended" xlink:role="http://micro-imaging.com/role/StockholdersDeficitDetailsNarrative" xlink:title="0046 - Disclosure - Stockholders' Deficit (Details Narrative)" />
    <link:calculationLink xlink:type="extended" xlink:role="http://micro-imaging.com/role/StockOptionsAndWarrantsDetailsNarrative" xlink:title="0047 - Disclosure - Stock Options and Warrants (Details Narrative)" />
    <link:calculationLink xlink:type="extended" xlink:role="http://micro-imaging.com/role/SummaryOfStockOptionsGrantedDetails" xlink:title="0048 - Disclosure - Summary of Stock Options Granted (Details)" />
    <link:calculationLink xlink:type="extended" xlink:role="http://micro-imaging.com/role/WeightedAverageAssumptionsForGrantsDetails" xlink:title="0049 - Disclosure - Weighted Average Assumptions for Grants (Details)" />
    <link:calculationLink xlink:type="extended" xlink:role="http://micro-imaging.com/role/SummaryOfOptionsOutstandingDetails" xlink:title="0050 - Disclosure - Summary of Options Outstanding (Details)" />
    <link:calculationLink xlink:type="extended" xlink:role="http://micro-imaging.com/role/SummaryOfWarrantsGrantedToNon-EmployeesDetails" xlink:title="0051 - Disclosure - Summary of Warrants Granted to Non-Employees (Details)" />
    <link:calculationLink xlink:type="extended" xlink:role="http://micro-imaging.com/role/WeightedAverageAssumptionsForGrantsWarrantsDetails" xlink:title="0052 - Disclosure - Weighted Average Assumptions for Grants, Warrants (Details)" />
    <link:calculationLink xlink:type="extended" xlink:role="http://micro-imaging.com/role/SummaryOfWarrantsOutstandingDetails" xlink:title="0053 - Disclosure - Summary of Warrants Outstanding (Details)" />
    <link:calculationLink xlink:type="extended" xlink:role="http://micro-imaging.com/role/CommitmentsAndContingenciesDetailsNarrative" xlink:title="0054 - Disclosure - Commitments and Contingencies (Details Narrative)" />
    <link:calculationLink xlink:type="extended" xlink:role="http://micro-imaging.com/role/ScheduleOfFutureMinimumFacilitiesLeasePaymentsDetails" xlink:title="0055 - Disclosure - Schedule of Future Minimum Facilities Lease Payments (Details)" />
    <link:calculationLink xlink:type="extended" xlink:role="http://micro-imaging.com/role/EmployeeRetirementPlanDetailsNarrative" xlink:title="0056 - Disclosure - Employee Retirement Plan (Details Narrative)" />
    <link:calculationLink xlink:type="extended" xlink:role="http://micro-imaging.com/role/SubsequentEventsDetailsNarrative" xlink:title="0057 - Disclosure - Subsequent Events (Details Narrative)" />
</link:linkbase>
