<?xml version="1.0" encoding="us-ascii"?>
<!--Generated by Disclosure Solutions PROFILE 1.2.0.0 Copyright 1995 - 2013 Thomson Reuters Accelus. All rights reserved.-->
<link:linkbase xmlns:xsi="http://www.w3.org/2001/XMLSchema-instance" xsi:schemaLocation="http://www.xbrl.org/2003/linkbase http://www.xbrl.org/2003/xbrl-linkbase-2003-12-31.xsd" xmlns:link="http://www.xbrl.org/2003/linkbase" xmlns:xlink="http://www.w3.org/1999/xlink" xmlns:xbrli="http://www.xbrl.org/2003/instance">
  <link:roleRef roleURI="http://sharpsinc.com/role/InventoryDetails" xlink:type="simple" xlink:href="smed-20121231.xsd#InventoryDetails" />
  <link:roleRef roleURI="http://sharpsinc.com/role/EarningsPerShareDetails" xlink:type="simple" xlink:href="smed-20121231.xsd#EarningsPerShareDetails" />
  <link:roleRef roleURI="http://sharpsinc.com/role/CondensedConsolidatedStatementsOfCashFlowsUnaudited" xlink:type="simple" xlink:href="smed-20121231.xsd#CondensedConsolidatedStatementsOfCashFlowsUnaudited" />
  <link:roleRef roleURI="http://sharpsinc.com/role/CondensedConsolidatedStatementsOfOperationsUnaudited" xlink:type="simple" xlink:href="smed-20121231.xsd#CondensedConsolidatedStatementsOfOperationsUnaudited" />
  <link:roleRef roleURI="http://sharpsinc.com/role/CondensedConsolidatedBalanceSheetsUnaudited" xlink:type="simple" xlink:href="smed-20121231.xsd#CondensedConsolidatedBalanceSheetsUnaudited" />
  <link:calculationLink xlink:type="extended" xlink:role="http://sharpsinc.com/role/CondensedConsolidatedBalanceSheetsUnaudited">
    <link:loc xlink:type="locator" xlink:href="http://xbrl.fasb.org/us-gaap/2012/elts/us-gaap-2012-01-31.xsd#us-gaap_LiabilitiesAndStockholdersEquity" xlink:label="LiabilitiesAndStockholdersEquity" xlink:title="LiabilitiesAndStockholdersEquity" />
    <link:loc xlink:type="locator" xlink:href="http://xbrl.fasb.org/us-gaap/2012/elts/us-gaap-2012-01-31.xsd#us-gaap_StockholdersEquity" xlink:label="StockholdersEquity" xlink:title="StockholdersEquity" />
    <link:loc xlink:type="locator" xlink:href="http://xbrl.fasb.org/us-gaap/2012/elts/us-gaap-2012-01-31.xsd#us-gaap_RetainedEarningsAccumulatedDeficit" xlink:label="RetainedEarningsAccumulatedDeficit" xlink:title="RetainedEarningsAccumulatedDeficit" />
    <link:calculationArc xlink:type="arc" xlink:arcrole="http://www.xbrl.org/2003/arcrole/summation-item" xlink:from="StockholdersEquity" xlink:to="RetainedEarningsAccumulatedDeficit" xlink:title="calculation: StockholdersEquity to RetainedEarningsAccumulatedDeficit" order="1.0" weight="1.0" />
    <link:loc xlink:type="locator" xlink:href="http://xbrl.fasb.org/us-gaap/2012/elts/us-gaap-2012-01-31.xsd#us-gaap_AdditionalPaidInCapitalCommonStock" xlink:label="AdditionalPaidInCapitalCommonStock" xlink:title="AdditionalPaidInCapitalCommonStock" />
    <link:calculationArc xlink:type="arc" xlink:arcrole="http://www.xbrl.org/2003/arcrole/summation-item" xlink:from="StockholdersEquity" xlink:to="AdditionalPaidInCapitalCommonStock" xlink:title="calculation: StockholdersEquity to AdditionalPaidInCapitalCommonStock" order="2.0" weight="1.0" />
    <link:loc xlink:type="locator" xlink:href="http://xbrl.fasb.org/us-gaap/2012/elts/us-gaap-2012-01-31.xsd#us-gaap_CommonStockValue" xlink:label="CommonStockValue" xlink:title="CommonStockValue" />
    <link:calculationArc xlink:type="arc" xlink:arcrole="http://www.xbrl.org/2003/arcrole/summation-item" xlink:from="StockholdersEquity" xlink:to="CommonStockValue" xlink:title="calculation: StockholdersEquity to CommonStockValue" order="3.0" weight="1.0" />
    <link:calculationArc xlink:type="arc" xlink:arcrole="http://www.xbrl.org/2003/arcrole/summation-item" xlink:from="LiabilitiesAndStockholdersEquity" xlink:to="StockholdersEquity" xlink:title="calculation: LiabilitiesAndStockholdersEquity to StockholdersEquity" order="1.0" weight="1.0" />
    <link:loc xlink:type="locator" xlink:href="http://xbrl.fasb.org/us-gaap/2012/elts/us-gaap-2012-01-31.xsd#us-gaap_Liabilities" xlink:label="Liabilities" xlink:title="Liabilities" />
    <link:loc xlink:type="locator" xlink:href="http://xbrl.fasb.org/us-gaap/2012/elts/us-gaap-2012-01-31.xsd#us-gaap_OtherLiabilitiesNoncurrent" xlink:label="OtherLiabilitiesNoncurrent" xlink:title="OtherLiabilitiesNoncurrent" />
    <link:calculationArc xlink:type="arc" xlink:arcrole="http://www.xbrl.org/2003/arcrole/summation-item" xlink:from="Liabilities" xlink:to="OtherLiabilitiesNoncurrent" xlink:title="calculation: Liabilities to OtherLiabilitiesNoncurrent" order="1.0" weight="1.0" />
    <link:loc xlink:type="locator" xlink:href="http://xbrl.fasb.org/us-gaap/2012/elts/us-gaap-2012-01-31.xsd#us-gaap_DeferredRevenueNoncurrent" xlink:label="DeferredRevenueNoncurrent" xlink:title="DeferredRevenueNoncurrent" />
    <link:calculationArc xlink:type="arc" xlink:arcrole="http://www.xbrl.org/2003/arcrole/summation-item" xlink:from="Liabilities" xlink:to="DeferredRevenueNoncurrent" xlink:title="calculation: Liabilities to DeferredRevenueNoncurrent" order="2.0" weight="1.0" />
    <link:loc xlink:type="locator" xlink:href="http://xbrl.fasb.org/us-gaap/2012/elts/us-gaap-2012-01-31.xsd#us-gaap_LiabilitiesCurrent" xlink:label="LiabilitiesCurrent" xlink:title="LiabilitiesCurrent" />
    <link:loc xlink:type="locator" xlink:href="http://xbrl.fasb.org/us-gaap/2012/elts/us-gaap-2012-01-31.xsd#us-gaap_DeferredRevenueCurrent" xlink:label="DeferredRevenueCurrent" xlink:title="DeferredRevenueCurrent" />
    <link:calculationArc xlink:type="arc" xlink:arcrole="http://www.xbrl.org/2003/arcrole/summation-item" xlink:from="LiabilitiesCurrent" xlink:to="DeferredRevenueCurrent" xlink:title="calculation: LiabilitiesCurrent to DeferredRevenueCurrent" order="1.0" weight="1.0" />
    <link:loc xlink:type="locator" xlink:href="http://xbrl.fasb.org/us-gaap/2012/elts/us-gaap-2012-01-31.xsd#us-gaap_AccruedLiabilitiesCurrent" xlink:label="AccruedLiabilitiesCurrent" xlink:title="AccruedLiabilitiesCurrent" />
    <link:calculationArc xlink:type="arc" xlink:arcrole="http://www.xbrl.org/2003/arcrole/summation-item" xlink:from="LiabilitiesCurrent" xlink:to="AccruedLiabilitiesCurrent" xlink:title="calculation: LiabilitiesCurrent to AccruedLiabilitiesCurrent" order="2.0" weight="1.0" />
    <link:loc xlink:type="locator" xlink:href="http://xbrl.fasb.org/us-gaap/2012/elts/us-gaap-2012-01-31.xsd#us-gaap_AccountsPayableCurrent" xlink:label="AccountsPayableCurrent" xlink:title="AccountsPayableCurrent" />
    <link:calculationArc xlink:type="arc" xlink:arcrole="http://www.xbrl.org/2003/arcrole/summation-item" xlink:from="LiabilitiesCurrent" xlink:to="AccountsPayableCurrent" xlink:title="calculation: LiabilitiesCurrent to AccountsPayableCurrent" order="3.0" weight="1.0" />
    <link:calculationArc xlink:type="arc" xlink:arcrole="http://www.xbrl.org/2003/arcrole/summation-item" xlink:from="Liabilities" xlink:to="LiabilitiesCurrent" xlink:title="calculation: Liabilities to LiabilitiesCurrent" order="3.0" weight="1.0" />
    <link:calculationArc xlink:type="arc" xlink:arcrole="http://www.xbrl.org/2003/arcrole/summation-item" xlink:from="LiabilitiesAndStockholdersEquity" xlink:to="Liabilities" xlink:title="calculation: LiabilitiesAndStockholdersEquity to Liabilities" order="2.0" weight="1.0" />
    <link:loc xlink:type="locator" xlink:href="http://xbrl.fasb.org/us-gaap/2012/elts/us-gaap-2012-01-31.xsd#us-gaap_Assets" xlink:label="Assets" xlink:title="Assets" />
    <link:loc xlink:type="locator" xlink:href="http://xbrl.fasb.org/us-gaap/2012/elts/us-gaap-2012-01-31.xsd#us-gaap_IntangibleAssetsNetExcludingGoodwill" xlink:label="IntangibleAssetsNetExcludingGoodwill" xlink:title="IntangibleAssetsNetExcludingGoodwill" />
    <link:calculationArc xlink:type="arc" xlink:arcrole="http://www.xbrl.org/2003/arcrole/summation-item" xlink:from="Assets" xlink:to="IntangibleAssetsNetExcludingGoodwill" xlink:title="calculation: Assets to IntangibleAssetsNetExcludingGoodwill" order="1.0" weight="1.0" />
    <link:loc xlink:type="locator" xlink:href="http://xbrl.fasb.org/us-gaap/2012/elts/us-gaap-2012-01-31.xsd#us-gaap_PropertyPlantAndEquipmentNet" xlink:label="PropertyPlantAndEquipmentNet" xlink:title="PropertyPlantAndEquipmentNet" />
    <link:calculationArc xlink:type="arc" xlink:arcrole="http://www.xbrl.org/2003/arcrole/summation-item" xlink:from="Assets" xlink:to="PropertyPlantAndEquipmentNet" xlink:title="calculation: Assets to PropertyPlantAndEquipmentNet" order="2.0" weight="1.0" />
    <link:loc xlink:type="locator" xlink:href="http://xbrl.fasb.org/us-gaap/2012/elts/us-gaap-2012-01-31.xsd#us-gaap_AssetsCurrent" xlink:label="AssetsCurrent" xlink:title="AssetsCurrent" />
    <link:loc xlink:type="locator" xlink:href="http://xbrl.fasb.org/us-gaap/2012/elts/us-gaap-2012-01-31.xsd#us-gaap_PrepaidExpenseAndOtherAssetsCurrent" xlink:label="PrepaidExpenseAndOtherAssetsCurrent" xlink:title="PrepaidExpenseAndOtherAssetsCurrent" />
    <link:calculationArc xlink:type="arc" xlink:arcrole="http://www.xbrl.org/2003/arcrole/summation-item" xlink:from="AssetsCurrent" xlink:to="PrepaidExpenseAndOtherAssetsCurrent" xlink:title="calculation: AssetsCurrent to PrepaidExpenseAndOtherAssetsCurrent" order="1.0" weight="1.0" />
    <link:loc xlink:type="locator" xlink:href="http://xbrl.fasb.org/us-gaap/2012/elts/us-gaap-2012-01-31.xsd#us-gaap_InventoryNet" xlink:label="InventoryNet" xlink:title="InventoryNet" />
    <link:calculationArc xlink:type="arc" xlink:arcrole="http://www.xbrl.org/2003/arcrole/summation-item" xlink:from="AssetsCurrent" xlink:to="InventoryNet" xlink:title="calculation: AssetsCurrent to InventoryNet" order="2.0" weight="1.0" />
    <link:loc xlink:type="locator" xlink:href="http://xbrl.fasb.org/us-gaap/2012/elts/us-gaap-2012-01-31.xsd#us-gaap_AccountsReceivableNetCurrent" xlink:label="AccountsReceivableNetCurrent" xlink:title="AccountsReceivableNetCurrent" />
    <link:calculationArc xlink:type="arc" xlink:arcrole="http://www.xbrl.org/2003/arcrole/summation-item" xlink:from="AssetsCurrent" xlink:to="AccountsReceivableNetCurrent" xlink:title="calculation: AssetsCurrent to AccountsReceivableNetCurrent" order="3.0" weight="1.0" />
    <link:loc xlink:type="locator" xlink:href="http://xbrl.fasb.org/us-gaap/2012/elts/us-gaap-2012-01-31.xsd#us-gaap_CashAndCashEquivalentsAtCarryingValue" xlink:label="CashAndCashEquivalentsAtCarryingValue" xlink:title="CashAndCashEquivalentsAtCarryingValue" />
    <link:calculationArc xlink:type="arc" xlink:arcrole="http://www.xbrl.org/2003/arcrole/summation-item" xlink:from="AssetsCurrent" xlink:to="CashAndCashEquivalentsAtCarryingValue" xlink:title="calculation: AssetsCurrent to CashAndCashEquivalentsAtCarryingValue" order="4.0" weight="1.0" />
    <link:calculationArc xlink:type="arc" xlink:arcrole="http://www.xbrl.org/2003/arcrole/summation-item" xlink:from="Assets" xlink:to="AssetsCurrent" xlink:title="calculation: Assets to AssetsCurrent" order="3.0" weight="1.0" />
  </link:calculationLink>
  <link:calculationLink xlink:type="extended" xlink:role="http://sharpsinc.com/role/CondensedConsolidatedStatementsOfOperationsUnaudited">
    <link:loc xlink:type="locator" xlink:href="http://xbrl.fasb.org/us-gaap/2012/elts/us-gaap-2012-01-31.xsd#us-gaap_NetIncomeLoss" xlink:label="NetIncomeLoss" xlink:title="NetIncomeLoss" />
    <link:loc xlink:type="locator" xlink:href="http://xbrl.fasb.org/us-gaap/2012/elts/us-gaap-2012-01-31.xsd#us-gaap_IncomeTaxExpenseBenefit" xlink:label="IncomeTaxExpenseBenefit" xlink:title="IncomeTaxExpenseBenefit" />
    <link:loc xlink:type="locator" xlink:href="http://xbrl.fasb.org/us-gaap/2012/elts/us-gaap-2012-01-31.xsd#us-gaap_DeferredIncomeTaxExpenseBenefit" xlink:label="DeferredIncomeTaxExpenseBenefit" xlink:title="DeferredIncomeTaxExpenseBenefit" />
    <link:calculationArc xlink:type="arc" xlink:arcrole="http://www.xbrl.org/2003/arcrole/summation-item" xlink:from="IncomeTaxExpenseBenefit" xlink:to="DeferredIncomeTaxExpenseBenefit" xlink:title="calculation: IncomeTaxExpenseBenefit to DeferredIncomeTaxExpenseBenefit" order="1.0" weight="1.0" />
    <link:loc xlink:type="locator" xlink:href="http://xbrl.fasb.org/us-gaap/2012/elts/us-gaap-2012-01-31.xsd#us-gaap_CurrentIncomeTaxExpenseBenefit" xlink:label="CurrentIncomeTaxExpenseBenefit" xlink:title="CurrentIncomeTaxExpenseBenefit" />
    <link:calculationArc xlink:type="arc" xlink:arcrole="http://www.xbrl.org/2003/arcrole/summation-item" xlink:from="IncomeTaxExpenseBenefit" xlink:to="CurrentIncomeTaxExpenseBenefit" xlink:title="calculation: IncomeTaxExpenseBenefit to CurrentIncomeTaxExpenseBenefit" order="2.0" weight="1.0" />
    <link:calculationArc xlink:type="arc" xlink:arcrole="http://www.xbrl.org/2003/arcrole/summation-item" xlink:from="NetIncomeLoss" xlink:to="IncomeTaxExpenseBenefit" xlink:title="calculation: NetIncomeLoss to IncomeTaxExpenseBenefit" order="1.0" weight="-1.0" />
    <link:loc xlink:type="locator" xlink:href="http://xbrl.fasb.org/us-gaap/2012/elts/us-gaap-2012-01-31.xsd#us-gaap_IncomeLossFromContinuingOperationsBeforeIncomeTaxesMinorityInterestAndIncomeLossFromEquityMethodInvestments" xlink:label="IncomeLossFromContinuingOperationsBeforeIncomeTaxesMinorityInterestAndIncomeLossFromEquityMethodInvestments" xlink:title="IncomeLossFromContinuingOperationsBeforeIncomeTaxesMinorityInterestAndIncomeLossFromEquityMethodInvestments" />
    <link:loc xlink:type="locator" xlink:href="http://xbrl.fasb.org/us-gaap/2012/elts/us-gaap-2012-01-31.xsd#us-gaap_NonoperatingIncomeExpense" xlink:label="NonoperatingIncomeExpense" xlink:title="NonoperatingIncomeExpense" />
    <link:loc xlink:type="locator" xlink:href="http://xbrl.fasb.org/us-gaap/2012/elts/us-gaap-2012-01-31.xsd#us-gaap_InvestmentIncomeInterest" xlink:label="InvestmentIncomeInterest" xlink:title="InvestmentIncomeInterest" />
    <link:calculationArc xlink:type="arc" xlink:arcrole="http://www.xbrl.org/2003/arcrole/summation-item" xlink:from="NonoperatingIncomeExpense" xlink:to="InvestmentIncomeInterest" xlink:title="calculation: NonoperatingIncomeExpense to InvestmentIncomeInterest" order="1.0" weight="1.0" />
    <link:loc xlink:type="locator" xlink:href="http://xbrl.fasb.org/us-gaap/2012/elts/us-gaap-2012-01-31.xsd#us-gaap_OtherNonoperatingIncomeExpense" xlink:label="OtherNonoperatingIncomeExpense" xlink:title="OtherNonoperatingIncomeExpense" />
    <link:calculationArc xlink:type="arc" xlink:arcrole="http://www.xbrl.org/2003/arcrole/summation-item" xlink:from="NonoperatingIncomeExpense" xlink:to="OtherNonoperatingIncomeExpense" xlink:title="calculation: NonoperatingIncomeExpense to OtherNonoperatingIncomeExpense" order="2.0" weight="1.0" />
    <link:calculationArc xlink:type="arc" xlink:arcrole="http://www.xbrl.org/2003/arcrole/summation-item" xlink:from="IncomeLossFromContinuingOperationsBeforeIncomeTaxesMinorityInterestAndIncomeLossFromEquityMethodInvestments" xlink:to="NonoperatingIncomeExpense" xlink:title="calculation: IncomeLossFromContinuingOperationsBeforeIncomeTaxesMinorityInterestAndIncomeLossFromEquityMethodInvestments to NonoperatingIncomeExpense" order="1.0" weight="1.0" />
    <link:loc xlink:type="locator" xlink:href="http://xbrl.fasb.org/us-gaap/2012/elts/us-gaap-2012-01-31.xsd#us-gaap_OperatingIncomeLoss" xlink:label="OperatingIncomeLoss" xlink:title="OperatingIncomeLoss" />
    <link:loc xlink:type="locator" xlink:href="http://xbrl.fasb.org/us-gaap/2012/elts/us-gaap-2012-01-31.xsd#us-gaap_SellingGeneralAndAdministrativeExpense" xlink:label="SellingGeneralAndAdministrativeExpense" xlink:title="SellingGeneralAndAdministrativeExpense" />
    <link:calculationArc xlink:type="arc" xlink:arcrole="http://www.xbrl.org/2003/arcrole/summation-item" xlink:from="OperatingIncomeLoss" xlink:to="SellingGeneralAndAdministrativeExpense" xlink:title="calculation: OperatingIncomeLoss to SellingGeneralAndAdministrativeExpense" order="1.0" weight="-1.0" />
    <link:loc xlink:type="locator" xlink:href="http://xbrl.fasb.org/us-gaap/2012/elts/us-gaap-2012-01-31.xsd#us-gaap_GrossProfit" xlink:label="GrossProfit" xlink:title="GrossProfit" />
    <link:loc xlink:type="locator" xlink:href="http://xbrl.fasb.org/us-gaap/2012/elts/us-gaap-2012-01-31.xsd#us-gaap_SalesRevenueNet" xlink:label="SalesRevenueNet" xlink:title="SalesRevenueNet" />
    <link:calculationArc xlink:type="arc" xlink:arcrole="http://www.xbrl.org/2003/arcrole/summation-item" xlink:from="GrossProfit" xlink:to="SalesRevenueNet" xlink:title="calculation: GrossProfit to SalesRevenueNet" order="1.0" weight="1.0" />
    <link:loc xlink:type="locator" xlink:href="http://xbrl.fasb.org/us-gaap/2012/elts/us-gaap-2012-01-31.xsd#us-gaap_CostOfRevenue" xlink:label="CostOfRevenue" xlink:title="CostOfRevenue" />
    <link:calculationArc xlink:type="arc" xlink:arcrole="http://www.xbrl.org/2003/arcrole/summation-item" xlink:from="GrossProfit" xlink:to="CostOfRevenue" xlink:title="calculation: GrossProfit to CostOfRevenue" order="2.0" weight="-1.0" />
    <link:calculationArc xlink:type="arc" xlink:arcrole="http://www.xbrl.org/2003/arcrole/summation-item" xlink:from="OperatingIncomeLoss" xlink:to="GrossProfit" xlink:title="calculation: OperatingIncomeLoss to GrossProfit" order="2.0" weight="1.0" />
    <link:loc xlink:type="locator" xlink:href="http://xbrl.fasb.org/us-gaap/2012/elts/us-gaap-2012-01-31.xsd#us-gaap_DepreciationAndAmortization" xlink:label="DepreciationAndAmortization" xlink:title="DepreciationAndAmortization" />
    <link:calculationArc xlink:type="arc" xlink:arcrole="http://www.xbrl.org/2003/arcrole/summation-item" xlink:from="OperatingIncomeLoss" xlink:to="DepreciationAndAmortization" xlink:title="calculation: OperatingIncomeLoss to DepreciationAndAmortization" order="3.0" weight="-1.0" />
    <link:calculationArc xlink:type="arc" xlink:arcrole="http://www.xbrl.org/2003/arcrole/summation-item" xlink:from="IncomeLossFromContinuingOperationsBeforeIncomeTaxesMinorityInterestAndIncomeLossFromEquityMethodInvestments" xlink:to="OperatingIncomeLoss" xlink:title="calculation: IncomeLossFromContinuingOperationsBeforeIncomeTaxesMinorityInterestAndIncomeLossFromEquityMethodInvestments to OperatingIncomeLoss" order="2.0" weight="1.0" />
    <link:calculationArc xlink:type="arc" xlink:arcrole="http://www.xbrl.org/2003/arcrole/summation-item" xlink:from="NetIncomeLoss" xlink:to="IncomeLossFromContinuingOperationsBeforeIncomeTaxesMinorityInterestAndIncomeLossFromEquityMethodInvestments" xlink:title="calculation: NetIncomeLoss to IncomeLossFromContinuingOperationsBeforeIncomeTaxesMinorityInterestAndIncomeLossFromEquityMethodInvestments" order="2.0" weight="1.0" />
    <link:loc xlink:type="locator" xlink:href="http://xbrl.fasb.org/us-gaap/2012/elts/us-gaap-2012-01-31.xsd#us-gaap_OperatingCostsAndExpenses" xlink:label="OperatingCostsAndExpenses" xlink:title="OperatingCostsAndExpenses" />
    <link:calculationArc xlink:type="arc" xlink:arcrole="http://www.xbrl.org/2003/arcrole/summation-item" xlink:from="OperatingCostsAndExpenses" xlink:to="DepreciationAndAmortization" xlink:title="calculation: OperatingCostsAndExpenses to DepreciationAndAmortization" order="1.0" weight="1.0" />
    <link:calculationArc xlink:type="arc" xlink:arcrole="http://www.xbrl.org/2003/arcrole/summation-item" xlink:from="OperatingCostsAndExpenses" xlink:to="SellingGeneralAndAdministrativeExpense" xlink:title="calculation: OperatingCostsAndExpenses to SellingGeneralAndAdministrativeExpense" order="0.0" weight="1.0" />
  </link:calculationLink>
  <link:calculationLink xlink:type="extended" xlink:role="http://sharpsinc.com/role/CondensedConsolidatedStatementsOfCashFlowsUnaudited">
    <link:loc xlink:type="locator" xlink:href="http://xbrl.fasb.org/us-gaap/2012/elts/us-gaap-2012-01-31.xsd#us-gaap_CashAndCashEquivalentsPeriodIncreaseDecrease" xlink:label="CashAndCashEquivalentsPeriodIncreaseDecrease" xlink:title="CashAndCashEquivalentsPeriodIncreaseDecrease" />
    <link:loc xlink:type="locator" xlink:href="http://xbrl.fasb.org/us-gaap/2012/elts/us-gaap-2012-01-31.xsd#us-gaap_NetCashProvidedByUsedInFinancingActivities" xlink:label="NetCashProvidedByUsedInFinancingActivities" xlink:title="NetCashProvidedByUsedInFinancingActivities" />
    <link:loc xlink:type="locator" xlink:href="http://xbrl.fasb.org/us-gaap/2012/elts/us-gaap-2012-01-31.xsd#us-gaap_ProceedsFromStockOptionsExercised" xlink:label="ProceedsFromStockOptionsExercised" xlink:title="ProceedsFromStockOptionsExercised" />
    <link:calculationArc xlink:type="arc" xlink:arcrole="http://www.xbrl.org/2003/arcrole/summation-item" xlink:from="NetCashProvidedByUsedInFinancingActivities" xlink:to="ProceedsFromStockOptionsExercised" xlink:title="calculation: NetCashProvidedByUsedInFinancingActivities to ProceedsFromStockOptionsExercised" order="1.0" weight="1.0" />
    <link:loc xlink:type="locator" xlink:href="http://xbrl.fasb.org/us-gaap/2012/elts/us-gaap-2012-01-31.xsd#us-gaap_ExcessTaxBenefitFromShareBasedCompensationFinancingActivities" xlink:label="ExcessTaxBenefitFromShareBasedCompensationFinancingActivities" xlink:title="ExcessTaxBenefitFromShareBasedCompensationFinancingActivities" />
    <link:calculationArc xlink:type="arc" xlink:arcrole="http://www.xbrl.org/2003/arcrole/summation-item" xlink:from="NetCashProvidedByUsedInFinancingActivities" xlink:to="ExcessTaxBenefitFromShareBasedCompensationFinancingActivities" xlink:title="calculation: NetCashProvidedByUsedInFinancingActivities to ExcessTaxBenefitFromShareBasedCompensationFinancingActivities" order="2.0" weight="1.0" />
    <link:calculationArc xlink:type="arc" xlink:arcrole="http://www.xbrl.org/2003/arcrole/summation-item" xlink:from="CashAndCashEquivalentsPeriodIncreaseDecrease" xlink:to="NetCashProvidedByUsedInFinancingActivities" xlink:title="calculation: CashAndCashEquivalentsPeriodIncreaseDecrease to NetCashProvidedByUsedInFinancingActivities" order="1.0" weight="1.0" />
    <link:loc xlink:type="locator" xlink:href="http://xbrl.fasb.org/us-gaap/2012/elts/us-gaap-2012-01-31.xsd#us-gaap_NetCashProvidedByUsedInInvestingActivities" xlink:label="NetCashProvidedByUsedInInvestingActivities" xlink:title="NetCashProvidedByUsedInInvestingActivities" />
    <link:loc xlink:type="locator" xlink:href="http://xbrl.fasb.org/us-gaap/2012/elts/us-gaap-2012-01-31.xsd#us-gaap_PaymentsToAcquirePropertyPlantAndEquipment" xlink:label="PaymentsToAcquirePropertyPlantAndEquipment" xlink:title="PaymentsToAcquirePropertyPlantAndEquipment" />
    <link:calculationArc xlink:type="arc" xlink:arcrole="http://www.xbrl.org/2003/arcrole/summation-item" xlink:from="NetCashProvidedByUsedInInvestingActivities" xlink:to="PaymentsToAcquirePropertyPlantAndEquipment" xlink:title="calculation: NetCashProvidedByUsedInInvestingActivities to PaymentsToAcquirePropertyPlantAndEquipment" order="1.0" weight="-1.0" />
    <link:loc xlink:type="locator" xlink:href="http://xbrl.fasb.org/us-gaap/2012/elts/us-gaap-2012-01-31.xsd#us-gaap_PaymentsToAcquireIntangibleAssets" xlink:label="PaymentsToAcquireIntangibleAssets" xlink:title="PaymentsToAcquireIntangibleAssets" />
    <link:calculationArc xlink:type="arc" xlink:arcrole="http://www.xbrl.org/2003/arcrole/summation-item" xlink:from="NetCashProvidedByUsedInInvestingActivities" xlink:to="PaymentsToAcquireIntangibleAssets" xlink:title="calculation: NetCashProvidedByUsedInInvestingActivities to PaymentsToAcquireIntangibleAssets" order="2.0" weight="-1.0" />
    <link:calculationArc xlink:type="arc" xlink:arcrole="http://www.xbrl.org/2003/arcrole/summation-item" xlink:from="CashAndCashEquivalentsPeriodIncreaseDecrease" xlink:to="NetCashProvidedByUsedInInvestingActivities" xlink:title="calculation: CashAndCashEquivalentsPeriodIncreaseDecrease to NetCashProvidedByUsedInInvestingActivities" order="2.0" weight="1.0" />
    <link:loc xlink:type="locator" xlink:href="http://xbrl.fasb.org/us-gaap/2012/elts/us-gaap-2012-01-31.xsd#us-gaap_NetCashProvidedByUsedInOperatingActivities" xlink:label="NetCashProvidedByUsedInOperatingActivities" xlink:title="NetCashProvidedByUsedInOperatingActivities" />
    <link:loc xlink:type="locator" xlink:href="http://xbrl.fasb.org/us-gaap/2012/elts/us-gaap-2012-01-31.xsd#us-gaap_NetIncomeLoss" xlink:label="NetIncomeLoss" xlink:title="NetIncomeLoss" />
    <link:calculationArc xlink:type="arc" xlink:arcrole="http://www.xbrl.org/2003/arcrole/summation-item" xlink:from="NetCashProvidedByUsedInOperatingActivities" xlink:to="NetIncomeLoss" xlink:title="calculation: NetCashProvidedByUsedInOperatingActivities to NetIncomeLoss" order="1.0" weight="1.0" />
    <link:loc xlink:type="locator" xlink:href="http://xbrl.fasb.org/us-gaap/2012/elts/us-gaap-2012-01-31.xsd#us-gaap_DepreciationDepletionAndAmortization" xlink:label="DepreciationDepletionAndAmortization" xlink:title="DepreciationDepletionAndAmortization" />
    <link:calculationArc xlink:type="arc" xlink:arcrole="http://www.xbrl.org/2003/arcrole/summation-item" xlink:from="NetCashProvidedByUsedInOperatingActivities" xlink:to="DepreciationDepletionAndAmortization" xlink:title="calculation: NetCashProvidedByUsedInOperatingActivities to DepreciationDepletionAndAmortization" order="2.0" weight="1.0" />
    <link:loc xlink:type="locator" xlink:href="http://xbrl.fasb.org/us-gaap/2012/elts/us-gaap-2012-01-31.xsd#us-gaap_GainLossOnDispositionOfAssets" xlink:label="GainLossOnDispositionOfAssets" xlink:title="GainLossOnDispositionOfAssets" />
    <link:calculationArc xlink:type="arc" xlink:arcrole="http://www.xbrl.org/2003/arcrole/summation-item" xlink:from="NetCashProvidedByUsedInOperatingActivities" xlink:to="GainLossOnDispositionOfAssets" xlink:title="calculation: NetCashProvidedByUsedInOperatingActivities to GainLossOnDispositionOfAssets" order="3.0" weight="-1.0" />
    <link:loc xlink:type="locator" xlink:href="http://xbrl.fasb.org/us-gaap/2012/elts/us-gaap-2012-01-31.xsd#us-gaap_ShareBasedCompensation" xlink:label="ShareBasedCompensation" xlink:title="ShareBasedCompensation" />
    <link:calculationArc xlink:type="arc" xlink:arcrole="http://www.xbrl.org/2003/arcrole/summation-item" xlink:from="NetCashProvidedByUsedInOperatingActivities" xlink:to="ShareBasedCompensation" xlink:title="calculation: NetCashProvidedByUsedInOperatingActivities to ShareBasedCompensation" order="4.0" weight="1.0" />
    <link:loc xlink:type="locator" xlink:href="http://xbrl.fasb.org/us-gaap/2012/elts/us-gaap-2012-01-31.xsd#us-gaap_ExcessTaxBenefitFromShareBasedCompensationOperatingActivities" xlink:label="ExcessTaxBenefitFromShareBasedCompensationOperatingActivities" xlink:title="ExcessTaxBenefitFromShareBasedCompensationOperatingActivities" />
    <link:calculationArc xlink:type="arc" xlink:arcrole="http://www.xbrl.org/2003/arcrole/summation-item" xlink:from="NetCashProvidedByUsedInOperatingActivities" xlink:to="ExcessTaxBenefitFromShareBasedCompensationOperatingActivities" xlink:title="calculation: NetCashProvidedByUsedInOperatingActivities to ExcessTaxBenefitFromShareBasedCompensationOperatingActivities" order="5.0" weight="-1.0" />
    <link:loc xlink:type="locator" xlink:href="http://xbrl.fasb.org/us-gaap/2012/elts/us-gaap-2012-01-31.xsd#us-gaap_DeferredIncomeTaxExpenseBenefit" xlink:label="DeferredIncomeTaxExpenseBenefit" xlink:title="DeferredIncomeTaxExpenseBenefit" />
    <link:calculationArc xlink:type="arc" xlink:arcrole="http://www.xbrl.org/2003/arcrole/summation-item" xlink:from="NetCashProvidedByUsedInOperatingActivities" xlink:to="DeferredIncomeTaxExpenseBenefit" xlink:title="calculation: NetCashProvidedByUsedInOperatingActivities to DeferredIncomeTaxExpenseBenefit" order="6.0" weight="1.0" />
    <link:loc xlink:type="locator" xlink:href="http://xbrl.fasb.org/us-gaap/2012/elts/us-gaap-2012-01-31.xsd#us-gaap_IncreaseDecreaseInAccountsReceivable" xlink:label="IncreaseDecreaseInAccountsReceivable" xlink:title="IncreaseDecreaseInAccountsReceivable" />
    <link:calculationArc xlink:type="arc" xlink:arcrole="http://www.xbrl.org/2003/arcrole/summation-item" xlink:from="NetCashProvidedByUsedInOperatingActivities" xlink:to="IncreaseDecreaseInAccountsReceivable" xlink:title="calculation: NetCashProvidedByUsedInOperatingActivities to IncreaseDecreaseInAccountsReceivable" order="7.0" weight="-1.0" />
    <link:loc xlink:type="locator" xlink:href="http://xbrl.fasb.org/us-gaap/2012/elts/us-gaap-2012-01-31.xsd#us-gaap_IncreaseDecreaseInInventories" xlink:label="IncreaseDecreaseInInventories" xlink:title="IncreaseDecreaseInInventories" />
    <link:calculationArc xlink:type="arc" xlink:arcrole="http://www.xbrl.org/2003/arcrole/summation-item" xlink:from="NetCashProvidedByUsedInOperatingActivities" xlink:to="IncreaseDecreaseInInventories" xlink:title="calculation: NetCashProvidedByUsedInOperatingActivities to IncreaseDecreaseInInventories" order="8.0" weight="-1.0" />
    <link:loc xlink:type="locator" xlink:href="http://xbrl.fasb.org/us-gaap/2012/elts/us-gaap-2012-01-31.xsd#us-gaap_IncreaseDecreaseInPrepaidDeferredExpenseAndOtherAssets" xlink:label="IncreaseDecreaseInPrepaidDeferredExpenseAndOtherAssets" xlink:title="IncreaseDecreaseInPrepaidDeferredExpenseAndOtherAssets" />
    <link:calculationArc xlink:type="arc" xlink:arcrole="http://www.xbrl.org/2003/arcrole/summation-item" xlink:from="NetCashProvidedByUsedInOperatingActivities" xlink:to="IncreaseDecreaseInPrepaidDeferredExpenseAndOtherAssets" xlink:title="calculation: NetCashProvidedByUsedInOperatingActivities to IncreaseDecreaseInPrepaidDeferredExpenseAndOtherAssets" order="9.0" weight="-1.0" />
    <link:loc xlink:type="locator" xlink:href="http://xbrl.fasb.org/us-gaap/2012/elts/us-gaap-2012-01-31.xsd#us-gaap_IncreaseDecreaseInAccountsPayableAndAccruedLiabilities" xlink:label="IncreaseDecreaseInAccountsPayableAndAccruedLiabilities" xlink:title="IncreaseDecreaseInAccountsPayableAndAccruedLiabilities" />
    <link:calculationArc xlink:type="arc" xlink:arcrole="http://www.xbrl.org/2003/arcrole/summation-item" xlink:from="NetCashProvidedByUsedInOperatingActivities" xlink:to="IncreaseDecreaseInAccountsPayableAndAccruedLiabilities" xlink:title="calculation: NetCashProvidedByUsedInOperatingActivities to IncreaseDecreaseInAccountsPayableAndAccruedLiabilities" order="10.0" weight="1.0" />
    <link:loc xlink:type="locator" xlink:href="http://xbrl.fasb.org/us-gaap/2012/elts/us-gaap-2012-01-31.xsd#us-gaap_IncreaseDecreaseInDeferredRevenue" xlink:label="IncreaseDecreaseInDeferredRevenue" xlink:title="IncreaseDecreaseInDeferredRevenue" />
    <link:calculationArc xlink:type="arc" xlink:arcrole="http://www.xbrl.org/2003/arcrole/summation-item" xlink:from="NetCashProvidedByUsedInOperatingActivities" xlink:to="IncreaseDecreaseInDeferredRevenue" xlink:title="calculation: NetCashProvidedByUsedInOperatingActivities to IncreaseDecreaseInDeferredRevenue" order="11.0" weight="1.0" />
    <link:calculationArc xlink:type="arc" xlink:arcrole="http://www.xbrl.org/2003/arcrole/summation-item" xlink:from="CashAndCashEquivalentsPeriodIncreaseDecrease" xlink:to="NetCashProvidedByUsedInOperatingActivities" xlink:title="calculation: CashAndCashEquivalentsPeriodIncreaseDecrease to NetCashProvidedByUsedInOperatingActivities" order="3.0" weight="1.0" />
  </link:calculationLink>
  <link:calculationLink xlink:type="extended" xlink:role="http://sharpsinc.com/role/EarningsPerShareDetails">
    <link:loc xlink:type="locator" xlink:href="http://xbrl.fasb.org/us-gaap/2012/elts/us-gaap-2012-01-31.xsd#us-gaap_WeightedAverageNumberOfDilutedSharesOutstanding" xlink:label="WeightedAverageNumberOfDilutedSharesOutstanding" xlink:title="WeightedAverageNumberOfDilutedSharesOutstanding" />
    <link:loc xlink:type="locator" xlink:href="http://xbrl.fasb.org/us-gaap/2012/elts/us-gaap-2012-01-31.xsd#us-gaap_IncrementalCommonSharesAttributableToShareBasedPaymentArrangements" xlink:label="IncrementalCommonSharesAttributableToShareBasedPaymentArrangements" xlink:title="IncrementalCommonSharesAttributableToShareBasedPaymentArrangements" />
    <link:calculationArc xlink:type="arc" xlink:arcrole="http://www.xbrl.org/2003/arcrole/summation-item" xlink:from="WeightedAverageNumberOfDilutedSharesOutstanding" xlink:to="IncrementalCommonSharesAttributableToShareBasedPaymentArrangements" xlink:title="calculation: WeightedAverageNumberOfDilutedSharesOutstanding to IncrementalCommonSharesAttributableToShareBasedPaymentArrangements" order="1.0" weight="1.0" />
    <link:loc xlink:type="locator" xlink:href="http://xbrl.fasb.org/us-gaap/2012/elts/us-gaap-2012-01-31.xsd#us-gaap_WeightedAverageNumberOfSharesOutstandingBasic" xlink:label="WeightedAverageNumberOfSharesOutstandingBasic" xlink:title="WeightedAverageNumberOfSharesOutstandingBasic" />
    <link:calculationArc xlink:type="arc" xlink:arcrole="http://www.xbrl.org/2003/arcrole/summation-item" xlink:from="WeightedAverageNumberOfDilutedSharesOutstanding" xlink:to="WeightedAverageNumberOfSharesOutstandingBasic" xlink:title="calculation: WeightedAverageNumberOfDilutedSharesOutstanding to WeightedAverageNumberOfSharesOutstandingBasic" order="2.0" weight="1.0" />
  </link:calculationLink>
  <link:calculationLink xlink:type="extended" xlink:role="http://sharpsinc.com/role/InventoryDetails">
    <link:loc xlink:type="locator" xlink:href="http://xbrl.fasb.org/us-gaap/2012/elts/us-gaap-2012-01-31.xsd#us-gaap_InventoryNet" xlink:label="InventoryNet" xlink:title="InventoryNet" />
    <link:loc xlink:type="locator" xlink:href="http://xbrl.fasb.org/us-gaap/2012/elts/us-gaap-2012-01-31.xsd#us-gaap_InventoryRawMaterialsNetOfReserves" xlink:label="InventoryRawMaterialsNetOfReserves" xlink:title="InventoryRawMaterialsNetOfReserves" />
    <link:calculationArc xlink:type="arc" xlink:arcrole="http://www.xbrl.org/2003/arcrole/summation-item" xlink:from="InventoryNet" xlink:to="InventoryRawMaterialsNetOfReserves" xlink:title="calculation: InventoryNet to InventoryRawMaterialsNetOfReserves" order="1.0" weight="1.0" />
    <link:loc xlink:type="locator" xlink:href="http://xbrl.fasb.org/us-gaap/2012/elts/us-gaap-2012-01-31.xsd#us-gaap_InventoryFinishedGoodsNetOfReserves" xlink:label="InventoryFinishedGoodsNetOfReserves" xlink:title="InventoryFinishedGoodsNetOfReserves" />
    <link:calculationArc xlink:type="arc" xlink:arcrole="http://www.xbrl.org/2003/arcrole/summation-item" xlink:from="InventoryNet" xlink:to="InventoryFinishedGoodsNetOfReserves" xlink:title="calculation: InventoryNet to InventoryFinishedGoodsNetOfReserves" order="2.0" weight="1.0" />
  </link:calculationLink>
</link:linkbase>
