<?xml version="1.0" encoding="us-ascii"?>
<!--Generated by Disclosure Solutions PROFILE 1.2.0.0 Copyright 1995 - 2013 Thomson Reuters Accelus. All rights reserved.-->
<link:linkbase xmlns:xsi="http://www.w3.org/2001/XMLSchema-instance" xsi:schemaLocation="http://www.xbrl.org/2003/linkbase http://www.xbrl.org/2003/xbrl-linkbase-2003-12-31.xsd" xmlns:link="http://www.xbrl.org/2003/linkbase" xmlns:xlink="http://www.w3.org/1999/xlink" xmlns:xbrli="http://www.xbrl.org/2003/instance" xmlns:t1="http://xbrl.org/2005/xbrldt">
  <link:roleRef roleURI="http://sharpsinc.com/role/InventoryDetails" xlink:type="simple" xlink:href="smed-20121231.xsd#InventoryDetails" />
  <link:roleRef roleURI="http://sharpsinc.com/role/EquityTransactionsDetails" xlink:type="simple" xlink:href="smed-20121231.xsd#EquityTransactionsDetails" />
  <link:roleRef roleURI="http://sharpsinc.com/role/EarningsPerShareDetails" xlink:type="simple" xlink:href="smed-20121231.xsd#EarningsPerShareDetails" />
  <link:roleRef roleURI="http://sharpsinc.com/role/StockbasedCompensationDetails" xlink:type="simple" xlink:href="smed-20121231.xsd#StockbasedCompensationDetails" />
  <link:roleRef roleURI="http://sharpsinc.com/role/NotesPayableAndLongtermDebtDetails" xlink:type="simple" xlink:href="smed-20121231.xsd#NotesPayableAndLongtermDebtDetails" />
  <link:roleRef roleURI="http://sharpsinc.com/role/IncomeTaxesDetails" xlink:type="simple" xlink:href="smed-20121231.xsd#IncomeTaxesDetails" />
  <link:roleRef roleURI="http://sharpsinc.com/role/InventoryTables" xlink:type="simple" xlink:href="smed-20121231.xsd#InventoryTables" />
  <link:roleRef roleURI="http://sharpsinc.com/role/EquityTransactionsTables" xlink:type="simple" xlink:href="smed-20121231.xsd#EquityTransactionsTables" />
  <link:roleRef roleURI="http://sharpsinc.com/role/EarningsPerShareTables" xlink:type="simple" xlink:href="smed-20121231.xsd#EarningsPerShareTables" />
  <link:roleRef roleURI="http://sharpsinc.com/role/StockbasedCompensationTables" xlink:type="simple" xlink:href="smed-20121231.xsd#StockbasedCompensationTables" />
  <link:roleRef roleURI="http://sharpsinc.com/role/SignificantAccountingPoliciesPolicies" xlink:type="simple" xlink:href="smed-20121231.xsd#SignificantAccountingPoliciesPolicies" />
  <link:roleRef roleURI="http://sharpsinc.com/role/FairValueOfFinancialInstruments" xlink:type="simple" xlink:href="smed-20121231.xsd#FairValueOfFinancialInstruments" />
  <link:roleRef roleURI="http://sharpsinc.com/role/Inventory" xlink:type="simple" xlink:href="smed-20121231.xsd#Inventory" />
  <link:roleRef roleURI="http://sharpsinc.com/role/EquityTransactions" xlink:type="simple" xlink:href="smed-20121231.xsd#EquityTransactions" />
  <link:roleRef roleURI="http://sharpsinc.com/role/EarningsPerShare" xlink:type="simple" xlink:href="smed-20121231.xsd#EarningsPerShare" />
  <link:roleRef roleURI="http://sharpsinc.com/role/StockbasedCompensation" xlink:type="simple" xlink:href="smed-20121231.xsd#StockbasedCompensation" />
  <link:roleRef roleURI="http://sharpsinc.com/role/NotesPayableAndLongtermDebt" xlink:type="simple" xlink:href="smed-20121231.xsd#NotesPayableAndLongtermDebt" />
  <link:roleRef roleURI="http://sharpsinc.com/role/IncomeTaxes" xlink:type="simple" xlink:href="smed-20121231.xsd#IncomeTaxes" />
  <link:roleRef roleURI="http://sharpsinc.com/role/RecentlyIssuedAccountingStandards" xlink:type="simple" xlink:href="smed-20121231.xsd#RecentlyIssuedAccountingStandards" />
  <link:roleRef roleURI="http://sharpsinc.com/role/SignificantAccountingPolicies" xlink:type="simple" xlink:href="smed-20121231.xsd#SignificantAccountingPolicies" />
  <link:roleRef roleURI="http://sharpsinc.com/role/BasisOfPresentation" xlink:type="simple" xlink:href="smed-20121231.xsd#BasisOfPresentation" />
  <link:roleRef roleURI="http://sharpsinc.com/role/OrganizationAndBackground" xlink:type="simple" xlink:href="smed-20121231.xsd#OrganizationAndBackground" />
  <link:roleRef roleURI="http://sharpsinc.com/role/CondensedConsolidatedStatementsOfCashFlowsUnaudited" xlink:type="simple" xlink:href="smed-20121231.xsd#CondensedConsolidatedStatementsOfCashFlowsUnaudited" />
  <link:roleRef roleURI="http://sharpsinc.com/role/CondensedConsolidatedStatementsOfStockholdersEquityUnaudited" xlink:type="simple" xlink:href="smed-20121231.xsd#CondensedConsolidatedStatementsOfStockholdersEquityUnaudited" />
  <link:roleRef roleURI="http://sharpsinc.com/role/CondensedConsolidatedStatementsOfOperationsUnaudited" xlink:type="simple" xlink:href="smed-20121231.xsd#CondensedConsolidatedStatementsOfOperationsUnaudited" />
  <link:roleRef roleURI="http://sharpsinc.com/role/CondensedConsolidatedBalanceSheetsUnauditedParenthetical" xlink:type="simple" xlink:href="smed-20121231.xsd#CondensedConsolidatedBalanceSheetsUnauditedParenthetical" />
  <link:roleRef roleURI="http://sharpsinc.com/role/CondensedConsolidatedBalanceSheetsUnaudited" xlink:type="simple" xlink:href="smed-20121231.xsd#CondensedConsolidatedBalanceSheetsUnaudited" />
  <link:roleRef roleURI="http://sharpsinc.com/role/DocumentAndEntityInformation" xlink:type="simple" xlink:href="smed-20121231.xsd#DocumentAndEntityInformation" />
  <link:arcroleRef arcroleURI="http://xbrl.org/int/dim/arcrole/all" xlink:type="simple" xlink:href="http://www.xbrl.org/2005/xbrldt-2005.xsd#all" />
  <link:arcroleRef arcroleURI="http://xbrl.org/int/dim/arcrole/dimension-default" xlink:type="simple" xlink:href="http://www.xbrl.org/2005/xbrldt-2005.xsd#dimension-default" />
  <link:arcroleRef arcroleURI="http://xbrl.org/int/dim/arcrole/dimension-domain" xlink:type="simple" xlink:href="http://www.xbrl.org/2005/xbrldt-2005.xsd#dimension-domain" />
  <link:arcroleRef arcroleURI="http://xbrl.org/int/dim/arcrole/domain-member" xlink:type="simple" xlink:href="http://www.xbrl.org/2005/xbrldt-2005.xsd#domain-member" />
  <link:arcroleRef arcroleURI="http://xbrl.org/int/dim/arcrole/hypercube-dimension" xlink:type="simple" xlink:href="http://www.xbrl.org/2005/xbrldt-2005.xsd#hypercube-dimension" />
  <link:definitionLink xlink:type="extended" xlink:role="http://sharpsinc.com/role/DocumentAndEntityInformation" />
  <link:definitionLink xlink:type="extended" xlink:role="http://sharpsinc.com/role/CondensedConsolidatedBalanceSheetsUnaudited" />
  <link:definitionLink xlink:type="extended" xlink:role="http://sharpsinc.com/role/CondensedConsolidatedBalanceSheetsUnauditedParenthetical" />
  <link:definitionLink xlink:type="extended" xlink:role="http://sharpsinc.com/role/CondensedConsolidatedStatementsOfOperationsUnaudited" />
  <link:definitionLink xlink:type="extended" xlink:role="http://sharpsinc.com/role/CondensedConsolidatedStatementsOfStockholdersEquityUnaudited">
    <link:loc xlink:type="locator" xlink:href="http://xbrl.fasb.org/us-gaap/2012/elts/us-gaap-2012-01-31.xsd#us-gaap_StatementLineItems" xlink:label="StatementLineItems" xlink:title="StatementLineItems" />
    <link:loc xlink:type="locator" xlink:href="http://xbrl.fasb.org/us-gaap/2012/elts/us-gaap-2012-01-31.xsd#us-gaap_CommonStockSharesOutstanding" xlink:label="CommonStockSharesOutstanding" xlink:title="CommonStockSharesOutstanding" />
    <link:definitionArc xlink:type="arc" xlink:arcrole="http://xbrl.org/int/dim/arcrole/domain-member" xlink:from="StatementLineItems" xlink:to="CommonStockSharesOutstanding" xlink:title="definition: StatementLineItems to CommonStockSharesOutstanding" order="1.0" />
    <link:loc xlink:type="locator" xlink:href="http://xbrl.fasb.org/us-gaap/2012/elts/us-gaap-2012-01-31.xsd#us-gaap_StockholdersEquity" xlink:label="StockholdersEquity" xlink:title="StockholdersEquity" />
    <link:definitionArc xlink:type="arc" xlink:arcrole="http://xbrl.org/int/dim/arcrole/domain-member" xlink:from="StatementLineItems" xlink:to="StockholdersEquity" xlink:title="definition: StatementLineItems to StockholdersEquity" order="2.0" />
    <link:loc xlink:type="locator" xlink:href="http://xbrl.fasb.org/us-gaap/2012/elts/us-gaap-2012-01-31.xsd#us-gaap_StockIssuedDuringPeriodSharesStockOptionsExercised" xlink:label="StockIssuedDuringPeriodSharesStockOptionsExercised" xlink:title="StockIssuedDuringPeriodSharesStockOptionsExercised" />
    <link:definitionArc xlink:type="arc" xlink:arcrole="http://xbrl.org/int/dim/arcrole/domain-member" xlink:from="StatementLineItems" xlink:to="StockIssuedDuringPeriodSharesStockOptionsExercised" xlink:title="definition: StatementLineItems to StockIssuedDuringPeriodSharesStockOptionsExercised" order="3.0" />
    <link:loc xlink:type="locator" xlink:href="http://xbrl.fasb.org/us-gaap/2012/elts/us-gaap-2012-01-31.xsd#us-gaap_StockIssuedDuringPeriodValueStockOptionsExercised" xlink:label="StockIssuedDuringPeriodValueStockOptionsExercised" xlink:title="StockIssuedDuringPeriodValueStockOptionsExercised" />
    <link:definitionArc xlink:type="arc" xlink:arcrole="http://xbrl.org/int/dim/arcrole/domain-member" xlink:from="StatementLineItems" xlink:to="StockIssuedDuringPeriodValueStockOptionsExercised" xlink:title="definition: StatementLineItems to StockIssuedDuringPeriodValueStockOptionsExercised" order="4.0" />
    <link:loc xlink:type="locator" xlink:href="http://xbrl.fasb.org/us-gaap/2012/elts/us-gaap-2012-01-31.xsd#us-gaap_AdjustmentsToAdditionalPaidInCapitalSharebasedCompensationRequisiteServicePeriodRecognitionValue" xlink:label="AdjustmentsToAdditionalPaidInCapitalSharebasedCompensationRequisiteServicePeriodRecognitionValue" xlink:title="AdjustmentsToAdditionalPaidInCapitalSharebasedCompensationRequisiteServicePeriodRecognitionValue" />
    <link:definitionArc xlink:type="arc" xlink:arcrole="http://xbrl.org/int/dim/arcrole/domain-member" xlink:from="StatementLineItems" xlink:to="AdjustmentsToAdditionalPaidInCapitalSharebasedCompensationRequisiteServicePeriodRecognitionValue" xlink:title="definition: StatementLineItems to AdjustmentsToAdditionalPaidInCapitalSharebasedCompensationRequisiteServicePeriodRecognitionValue" order="5.0" />
    <link:loc xlink:type="locator" xlink:href="http://xbrl.fasb.org/us-gaap/2012/elts/us-gaap-2012-01-31.xsd#us-gaap_StockIssuedDuringPeriodSharesRestrictedStockAwardGross" xlink:label="StockIssuedDuringPeriodSharesRestrictedStockAwardGross" xlink:title="StockIssuedDuringPeriodSharesRestrictedStockAwardGross" />
    <link:definitionArc xlink:type="arc" xlink:arcrole="http://xbrl.org/int/dim/arcrole/domain-member" xlink:from="StatementLineItems" xlink:to="StockIssuedDuringPeriodSharesRestrictedStockAwardGross" xlink:title="definition: StatementLineItems to StockIssuedDuringPeriodSharesRestrictedStockAwardGross" order="6.0" />
    <link:loc xlink:type="locator" xlink:href="http://xbrl.fasb.org/us-gaap/2012/elts/us-gaap-2012-01-31.xsd#us-gaap_StockIssuedDuringPeriodValueRestrictedStockAwardGross" xlink:label="StockIssuedDuringPeriodValueRestrictedStockAwardGross" xlink:title="StockIssuedDuringPeriodValueRestrictedStockAwardGross" />
    <link:definitionArc xlink:type="arc" xlink:arcrole="http://xbrl.org/int/dim/arcrole/domain-member" xlink:from="StatementLineItems" xlink:to="StockIssuedDuringPeriodValueRestrictedStockAwardGross" xlink:title="definition: StatementLineItems to StockIssuedDuringPeriodValueRestrictedStockAwardGross" order="7.0" />
    <link:loc xlink:type="locator" xlink:href="http://xbrl.fasb.org/us-gaap/2012/elts/us-gaap-2012-01-31.xsd#us-gaap_AdjustmentToAdditionalPaidInCapitalIncomeTaxEffectFromShareBasedCompensationNet" xlink:label="AdjustmentToAdditionalPaidInCapitalIncomeTaxEffectFromShareBasedCompensationNet" xlink:title="AdjustmentToAdditionalPaidInCapitalIncomeTaxEffectFromShareBasedCompensationNet" />
    <link:definitionArc xlink:type="arc" xlink:arcrole="http://xbrl.org/int/dim/arcrole/domain-member" xlink:from="StatementLineItems" xlink:to="AdjustmentToAdditionalPaidInCapitalIncomeTaxEffectFromShareBasedCompensationNet" xlink:title="definition: StatementLineItems to AdjustmentToAdditionalPaidInCapitalIncomeTaxEffectFromShareBasedCompensationNet" order="8.0" />
    <link:loc xlink:type="locator" xlink:href="http://xbrl.fasb.org/us-gaap/2012/elts/us-gaap-2012-01-31.xsd#us-gaap_NetIncomeLoss" xlink:label="NetIncomeLoss" xlink:title="NetIncomeLoss" />
    <link:definitionArc xlink:type="arc" xlink:arcrole="http://xbrl.org/int/dim/arcrole/domain-member" xlink:from="StatementLineItems" xlink:to="NetIncomeLoss" xlink:title="definition: StatementLineItems to NetIncomeLoss" order="9.0" />
    <link:loc xlink:type="locator" xlink:href="http://xbrl.fasb.org/us-gaap/2012/elts/us-gaap-2012-01-31.xsd#us-gaap_StatementTable" xlink:label="StatementTable" xlink:title="StatementTable" />
    <link:definitionArc xlink:type="arc" xlink:arcrole="http://xbrl.org/int/dim/arcrole/all" xlink:from="StatementLineItems" xlink:to="StatementTable" xlink:title="definition: StatementLineItems to StatementTable" order="10.0" t1:contextElement="segment" />
    <link:loc xlink:type="locator" xlink:href="http://xbrl.fasb.org/us-gaap/2012/elts/us-gaap-2012-01-31.xsd#us-gaap_StatementEquityComponentsAxis" xlink:label="StatementEquityComponentsAxis" xlink:title="StatementEquityComponentsAxis" />
    <link:definitionArc xlink:type="arc" xlink:arcrole="http://xbrl.org/int/dim/arcrole/hypercube-dimension" xlink:from="StatementTable" xlink:to="StatementEquityComponentsAxis" xlink:title="definition: StatementTable to StatementEquityComponentsAxis" order="1.0" />
    <link:loc xlink:type="locator" xlink:href="http://xbrl.fasb.org/us-gaap/2012/elts/us-gaap-2012-01-31.xsd#us-gaap_EquityComponentDomain" xlink:label="EquityComponentDomain" xlink:title="EquityComponentDomain" />
    <link:definitionArc xlink:type="arc" xlink:arcrole="http://xbrl.org/int/dim/arcrole/dimension-domain" xlink:from="StatementEquityComponentsAxis" xlink:to="EquityComponentDomain" xlink:title="definition: StatementEquityComponentsAxis to EquityComponentDomain" order="1.0" />
    <link:loc xlink:type="locator" xlink:href="http://xbrl.fasb.org/us-gaap/2012/elts/us-gaap-2012-01-31.xsd#us-gaap_EquityComponentDomain" xlink:label="EquityComponentDomain_2" xlink:title="EquityComponentDomain" />
    <link:definitionArc xlink:type="arc" xlink:arcrole="http://xbrl.org/int/dim/arcrole/dimension-default" xlink:from="StatementEquityComponentsAxis" xlink:to="EquityComponentDomain_2" xlink:title="definition: StatementEquityComponentsAxis to EquityComponentDomain_2" order="2.0" />
    <link:loc xlink:type="locator" xlink:href="http://xbrl.fasb.org/us-gaap/2012/elts/us-gaap-2012-01-31.xsd#us-gaap_CommonStockMember" xlink:label="CommonStockMember" xlink:title="CommonStockMember" />
    <link:definitionArc xlink:type="arc" xlink:arcrole="http://xbrl.org/int/dim/arcrole/domain-member" xlink:from="EquityComponentDomain" xlink:to="CommonStockMember" xlink:title="definition: EquityComponentDomain to CommonStockMember" order="1.0" />
    <link:loc xlink:type="locator" xlink:href="http://xbrl.fasb.org/us-gaap/2012/elts/us-gaap-2012-01-31.xsd#us-gaap_AdditionalPaidInCapitalMember" xlink:label="AdditionalPaidInCapitalMember" xlink:title="AdditionalPaidInCapitalMember" />
    <link:definitionArc xlink:type="arc" xlink:arcrole="http://xbrl.org/int/dim/arcrole/domain-member" xlink:from="EquityComponentDomain" xlink:to="AdditionalPaidInCapitalMember" xlink:title="definition: EquityComponentDomain to AdditionalPaidInCapitalMember" order="2.0" />
    <link:loc xlink:type="locator" xlink:href="http://xbrl.fasb.org/us-gaap/2012/elts/us-gaap-2012-01-31.xsd#us-gaap_RetainedEarningsMember" xlink:label="RetainedEarningsMember" xlink:title="RetainedEarningsMember" />
    <link:definitionArc xlink:type="arc" xlink:arcrole="http://xbrl.org/int/dim/arcrole/domain-member" xlink:from="EquityComponentDomain" xlink:to="RetainedEarningsMember" xlink:title="definition: EquityComponentDomain to RetainedEarningsMember" order="3.0" />
  </link:definitionLink>
  <link:definitionLink xlink:type="extended" xlink:role="http://sharpsinc.com/role/CondensedConsolidatedStatementsOfCashFlowsUnaudited" />
  <link:definitionLink xlink:type="extended" xlink:role="http://sharpsinc.com/role/OrganizationAndBackground" />
  <link:definitionLink xlink:type="extended" xlink:role="http://sharpsinc.com/role/BasisOfPresentation" />
  <link:definitionLink xlink:type="extended" xlink:role="http://sharpsinc.com/role/SignificantAccountingPolicies" />
  <link:definitionLink xlink:type="extended" xlink:role="http://sharpsinc.com/role/RecentlyIssuedAccountingStandards" />
  <link:definitionLink xlink:type="extended" xlink:role="http://sharpsinc.com/role/IncomeTaxes" />
  <link:definitionLink xlink:type="extended" xlink:role="http://sharpsinc.com/role/NotesPayableAndLongtermDebt" />
  <link:definitionLink xlink:type="extended" xlink:role="http://sharpsinc.com/role/StockbasedCompensation" />
  <link:definitionLink xlink:type="extended" xlink:role="http://sharpsinc.com/role/EarningsPerShare" />
  <link:definitionLink xlink:type="extended" xlink:role="http://sharpsinc.com/role/EquityTransactions" />
  <link:definitionLink xlink:type="extended" xlink:role="http://sharpsinc.com/role/Inventory" />
  <link:definitionLink xlink:type="extended" xlink:role="http://sharpsinc.com/role/FairValueOfFinancialInstruments" />
  <link:definitionLink xlink:type="extended" xlink:role="http://sharpsinc.com/role/SignificantAccountingPoliciesPolicies" />
  <link:definitionLink xlink:type="extended" xlink:role="http://sharpsinc.com/role/StockbasedCompensationTables" />
  <link:definitionLink xlink:type="extended" xlink:role="http://sharpsinc.com/role/EarningsPerShareTables" />
  <link:definitionLink xlink:type="extended" xlink:role="http://sharpsinc.com/role/EquityTransactionsTables" />
  <link:definitionLink xlink:type="extended" xlink:role="http://sharpsinc.com/role/InventoryTables" />
  <link:definitionLink xlink:type="extended" xlink:role="http://sharpsinc.com/role/IncomeTaxesDetails" />
  <link:definitionLink xlink:type="extended" xlink:role="http://sharpsinc.com/role/NotesPayableAndLongtermDebtDetails">
    <link:loc xlink:type="locator" xlink:href="http://xbrl.fasb.org/us-gaap/2012/elts/us-gaap-2012-01-31.xsd#us-gaap_LineOfCreditFacilityLineItems" xlink:label="LineOfCreditFacilityLineItems" xlink:title="LineOfCreditFacilityLineItems" />
    <link:loc xlink:type="locator" xlink:href="smed-20121231.xsd#smed_PeriodOfLineOfCredit" xlink:label="PeriodOfLineOfCredit" xlink:title="PeriodOfLineOfCredit" />
    <link:definitionArc xlink:type="arc" xlink:arcrole="http://xbrl.org/int/dim/arcrole/domain-member" xlink:from="LineOfCreditFacilityLineItems" xlink:to="PeriodOfLineOfCredit" xlink:title="definition: LineOfCreditFacilityLineItems to PeriodOfLineOfCredit" order="1.0" />
    <link:loc xlink:type="locator" xlink:href="http://xbrl.fasb.org/us-gaap/2012/elts/us-gaap-2012-01-31.xsd#us-gaap_LineOfCreditFacilityMaximumBorrowingCapacity" xlink:label="LineOfCreditFacilityMaximumBorrowingCapacity" xlink:title="LineOfCreditFacilityMaximumBorrowingCapacity" />
    <link:definitionArc xlink:type="arc" xlink:arcrole="http://xbrl.org/int/dim/arcrole/domain-member" xlink:from="LineOfCreditFacilityLineItems" xlink:to="LineOfCreditFacilityMaximumBorrowingCapacity" xlink:title="definition: LineOfCreditFacilityLineItems to LineOfCreditFacilityMaximumBorrowingCapacity" order="2.0" />
    <link:loc xlink:type="locator" xlink:href="smed-20121231.xsd#smed_PercentageOfEligibleAccountsReceivableNotToExceedBorrowingBase" xlink:label="PercentageOfEligibleAccountsReceivableNotToExceedBorrowingBase" xlink:title="PercentageOfEligibleAccountsReceivableNotToExceedBorrowingBase" />
    <link:definitionArc xlink:type="arc" xlink:arcrole="http://xbrl.org/int/dim/arcrole/domain-member" xlink:from="LineOfCreditFacilityLineItems" xlink:to="PercentageOfEligibleAccountsReceivableNotToExceedBorrowingBase" xlink:title="definition: LineOfCreditFacilityLineItems to PercentageOfEligibleAccountsReceivableNotToExceedBorrowingBase" order="3.0" />
    <link:loc xlink:type="locator" xlink:href="smed-20121231.xsd#smed_PercentageOfEligibleInventoryNotToExceedBorrowingBase" xlink:label="PercentageOfEligibleInventoryNotToExceedBorrowingBase" xlink:title="PercentageOfEligibleInventoryNotToExceedBorrowingBase" />
    <link:definitionArc xlink:type="arc" xlink:arcrole="http://xbrl.org/int/dim/arcrole/domain-member" xlink:from="LineOfCreditFacilityLineItems" xlink:to="PercentageOfEligibleInventoryNotToExceedBorrowingBase" xlink:title="definition: LineOfCreditFacilityLineItems to PercentageOfEligibleInventoryNotToExceedBorrowingBase" order="4.0" />
    <link:loc xlink:type="locator" xlink:href="http://xbrl.fasb.org/us-gaap/2012/elts/us-gaap-2012-01-31.xsd#us-gaap_LineOfCreditFacilityBorrowingCapacityDescription" xlink:label="LineOfCreditFacilityBorrowingCapacityDescription" xlink:title="LineOfCreditFacilityBorrowingCapacityDescription" />
    <link:definitionArc xlink:type="arc" xlink:arcrole="http://xbrl.org/int/dim/arcrole/domain-member" xlink:from="LineOfCreditFacilityLineItems" xlink:to="LineOfCreditFacilityBorrowingCapacityDescription" xlink:title="definition: LineOfCreditFacilityLineItems to LineOfCreditFacilityBorrowingCapacityDescription" order="5.0" />
    <link:loc xlink:type="locator" xlink:href="http://xbrl.fasb.org/us-gaap/2012/elts/us-gaap-2012-01-31.xsd#us-gaap_LineOfCreditFacilityAmountOutstanding" xlink:label="LineOfCreditFacilityAmountOutstanding" xlink:title="LineOfCreditFacilityAmountOutstanding" />
    <link:definitionArc xlink:type="arc" xlink:arcrole="http://xbrl.org/int/dim/arcrole/domain-member" xlink:from="LineOfCreditFacilityLineItems" xlink:to="LineOfCreditFacilityAmountOutstanding" xlink:title="definition: LineOfCreditFacilityLineItems to LineOfCreditFacilityAmountOutstanding" order="6.0" />
    <link:loc xlink:type="locator" xlink:href="http://xbrl.fasb.org/us-gaap/2012/elts/us-gaap-2012-01-31.xsd#us-gaap_LineOfCreditFacilityRemainingBorrowingCapacity" xlink:label="LineOfCreditFacilityRemainingBorrowingCapacity" xlink:title="LineOfCreditFacilityRemainingBorrowingCapacity" />
    <link:definitionArc xlink:type="arc" xlink:arcrole="http://xbrl.org/int/dim/arcrole/domain-member" xlink:from="LineOfCreditFacilityLineItems" xlink:to="LineOfCreditFacilityRemainingBorrowingCapacity" xlink:title="definition: LineOfCreditFacilityLineItems to LineOfCreditFacilityRemainingBorrowingCapacity" order="7.0" />
    <link:loc xlink:type="locator" xlink:href="http://xbrl.fasb.org/us-gaap/2012/elts/us-gaap-2012-01-31.xsd#us-gaap_DebtInstrumentDescriptionOfVariableRateBasis" xlink:label="DebtInstrumentDescriptionOfVariableRateBasis" xlink:title="DebtInstrumentDescriptionOfVariableRateBasis" />
    <link:definitionArc xlink:type="arc" xlink:arcrole="http://xbrl.org/int/dim/arcrole/domain-member" xlink:from="LineOfCreditFacilityLineItems" xlink:to="DebtInstrumentDescriptionOfVariableRateBasis" xlink:title="definition: LineOfCreditFacilityLineItems to DebtInstrumentDescriptionOfVariableRateBasis" order="8.0" />
    <link:loc xlink:type="locator" xlink:href="http://xbrl.fasb.org/us-gaap/2012/elts/us-gaap-2012-01-31.xsd#us-gaap_DebtInstrumentBasisSpreadOnVariableRate" xlink:label="DebtInstrumentBasisSpreadOnVariableRate" xlink:title="DebtInstrumentBasisSpreadOnVariableRate" />
    <link:definitionArc xlink:type="arc" xlink:arcrole="http://xbrl.org/int/dim/arcrole/domain-member" xlink:from="LineOfCreditFacilityLineItems" xlink:to="DebtInstrumentBasisSpreadOnVariableRate" xlink:title="definition: LineOfCreditFacilityLineItems to DebtInstrumentBasisSpreadOnVariableRate" order="9.0" />
    <link:loc xlink:type="locator" xlink:href="smed-20121231.xsd#smed_EntitySOptionToSetFixedRateOfInterestInDays" xlink:label="EntitySOptionToSetFixedRateOfInterestInDays" xlink:title="EntitySOptionToSetFixedRateOfInterestInDays" />
    <link:definitionArc xlink:type="arc" xlink:arcrole="http://xbrl.org/int/dim/arcrole/domain-member" xlink:from="LineOfCreditFacilityLineItems" xlink:to="EntitySOptionToSetFixedRateOfInterestInDays" xlink:title="definition: LineOfCreditFacilityLineItems to EntitySOptionToSetFixedRateOfInterestInDays" order="10.0" />
    <link:loc xlink:type="locator" xlink:href="http://xbrl.fasb.org/us-gaap/2012/elts/us-gaap-2012-01-31.xsd#us-gaap_DebtInstrumentMaturityDate" xlink:label="DebtInstrumentMaturityDate" xlink:title="DebtInstrumentMaturityDate" />
    <link:definitionArc xlink:type="arc" xlink:arcrole="http://xbrl.org/int/dim/arcrole/domain-member" xlink:from="LineOfCreditFacilityLineItems" xlink:to="DebtInstrumentMaturityDate" xlink:title="definition: LineOfCreditFacilityLineItems to DebtInstrumentMaturityDate" order="11.0" />
    <link:loc xlink:type="locator" xlink:href="http://xbrl.fasb.org/us-gaap/2012/elts/us-gaap-2012-01-31.xsd#us-gaap_LineOfCreditFacilityUnusedCapacityCommitmentFeePercentage" xlink:label="LineOfCreditFacilityUnusedCapacityCommitmentFeePercentage" xlink:title="LineOfCreditFacilityUnusedCapacityCommitmentFeePercentage" />
    <link:definitionArc xlink:type="arc" xlink:arcrole="http://xbrl.org/int/dim/arcrole/domain-member" xlink:from="LineOfCreditFacilityLineItems" xlink:to="LineOfCreditFacilityUnusedCapacityCommitmentFeePercentage" xlink:title="definition: LineOfCreditFacilityLineItems to LineOfCreditFacilityUnusedCapacityCommitmentFeePercentage" order="12.0" />
    <link:loc xlink:type="locator" xlink:href="http://xbrl.fasb.org/us-gaap/2012/elts/us-gaap-2012-01-31.xsd#us-gaap_LineOfCreditFacilityInterestRateAtPeriodEnd" xlink:label="LineOfCreditFacilityInterestRateAtPeriodEnd" xlink:title="LineOfCreditFacilityInterestRateAtPeriodEnd" />
    <link:definitionArc xlink:type="arc" xlink:arcrole="http://xbrl.org/int/dim/arcrole/domain-member" xlink:from="LineOfCreditFacilityLineItems" xlink:to="LineOfCreditFacilityInterestRateAtPeriodEnd" xlink:title="definition: LineOfCreditFacilityLineItems to LineOfCreditFacilityInterestRateAtPeriodEnd" order="13.0" />
    <link:loc xlink:type="locator" xlink:href="http://xbrl.fasb.org/us-gaap/2012/elts/us-gaap-2012-01-31.xsd#us-gaap_LineOfCreditFacilityCovenantTerms" xlink:label="LineOfCreditFacilityCovenantTerms" xlink:title="LineOfCreditFacilityCovenantTerms" />
    <link:definitionArc xlink:type="arc" xlink:arcrole="http://xbrl.org/int/dim/arcrole/domain-member" xlink:from="LineOfCreditFacilityLineItems" xlink:to="LineOfCreditFacilityCovenantTerms" xlink:title="definition: LineOfCreditFacilityLineItems to LineOfCreditFacilityCovenantTerms" order="14.0" />
    <link:loc xlink:type="locator" xlink:href="smed-20121231.xsd#smed_MinimumTangibleNetWorthRequiredUnderAgreement" xlink:label="MinimumTangibleNetWorthRequiredUnderAgreement" xlink:title="MinimumTangibleNetWorthRequiredUnderAgreement" />
    <link:definitionArc xlink:type="arc" xlink:arcrole="http://xbrl.org/int/dim/arcrole/domain-member" xlink:from="LineOfCreditFacilityLineItems" xlink:to="MinimumTangibleNetWorthRequiredUnderAgreement" xlink:title="definition: LineOfCreditFacilityLineItems to MinimumTangibleNetWorthRequiredUnderAgreement" order="15.0" />
    <link:loc xlink:type="locator" xlink:href="http://xbrl.fasb.org/us-gaap/2012/elts/us-gaap-2012-01-31.xsd#us-gaap_LineOfCreditFacilityCovenantCompliance" xlink:label="LineOfCreditFacilityCovenantCompliance" xlink:title="LineOfCreditFacilityCovenantCompliance" />
    <link:definitionArc xlink:type="arc" xlink:arcrole="http://xbrl.org/int/dim/arcrole/domain-member" xlink:from="LineOfCreditFacilityLineItems" xlink:to="LineOfCreditFacilityCovenantCompliance" xlink:title="definition: LineOfCreditFacilityLineItems to LineOfCreditFacilityCovenantCompliance" order="16.0" />
    <link:loc xlink:type="locator" xlink:href="http://xbrl.fasb.org/us-gaap/2012/elts/us-gaap-2012-01-31.xsd#us-gaap_LineOfCreditFacilityTable" xlink:label="LineOfCreditFacilityTable" xlink:title="LineOfCreditFacilityTable" />
    <link:definitionArc xlink:type="arc" xlink:arcrole="http://xbrl.org/int/dim/arcrole/all" xlink:from="LineOfCreditFacilityLineItems" xlink:to="LineOfCreditFacilityTable" xlink:title="definition: LineOfCreditFacilityLineItems to LineOfCreditFacilityTable" order="17.0" t1:contextElement="segment" />
    <link:loc xlink:type="locator" xlink:href="http://xbrl.fasb.org/us-gaap/2012/elts/us-gaap-2012-01-31.xsd#us-gaap_CreditFacilityAxis" xlink:label="CreditFacilityAxis" xlink:title="CreditFacilityAxis" />
    <link:definitionArc xlink:type="arc" xlink:arcrole="http://xbrl.org/int/dim/arcrole/hypercube-dimension" xlink:from="LineOfCreditFacilityTable" xlink:to="CreditFacilityAxis" xlink:title="definition: LineOfCreditFacilityTable to CreditFacilityAxis" order="1.0" />
    <link:loc xlink:type="locator" xlink:href="http://xbrl.fasb.org/us-gaap/2012/elts/us-gaap-2012-01-31.xsd#us-gaap_CreditFacilityDomain" xlink:label="CreditFacilityDomain" xlink:title="CreditFacilityDomain" />
    <link:definitionArc xlink:type="arc" xlink:arcrole="http://xbrl.org/int/dim/arcrole/dimension-domain" xlink:from="CreditFacilityAxis" xlink:to="CreditFacilityDomain" xlink:title="definition: CreditFacilityAxis to CreditFacilityDomain" order="1.0" />
    <link:loc xlink:type="locator" xlink:href="http://xbrl.fasb.org/us-gaap/2012/elts/us-gaap-2012-01-31.xsd#us-gaap_CreditFacilityDomain" xlink:label="CreditFacilityDomain_2" xlink:title="CreditFacilityDomain" />
    <link:definitionArc xlink:type="arc" xlink:arcrole="http://xbrl.org/int/dim/arcrole/dimension-default" xlink:from="CreditFacilityAxis" xlink:to="CreditFacilityDomain_2" xlink:title="definition: CreditFacilityAxis to CreditFacilityDomain_2" order="2.0" />
    <link:loc xlink:type="locator" xlink:href="http://xbrl.fasb.org/us-gaap/2012/elts/us-gaap-2012-01-31.xsd#us-gaap_LineOfCreditMember" xlink:label="LineOfCreditMember" xlink:title="LineOfCreditMember" />
    <link:definitionArc xlink:type="arc" xlink:arcrole="http://xbrl.org/int/dim/arcrole/domain-member" xlink:from="CreditFacilityDomain" xlink:to="LineOfCreditMember" xlink:title="definition: CreditFacilityDomain to LineOfCreditMember" order="1.0" />
    <link:loc xlink:type="locator" xlink:href="http://xbrl.fasb.org/us-gaap/2012/elts/us-gaap-2012-01-31.xsd#us-gaap_LetterOfCreditMember" xlink:label="LetterOfCreditMember" xlink:title="LetterOfCreditMember" />
    <link:definitionArc xlink:type="arc" xlink:arcrole="http://xbrl.org/int/dim/arcrole/domain-member" xlink:from="CreditFacilityDomain" xlink:to="LetterOfCreditMember" xlink:title="definition: CreditFacilityDomain to LetterOfCreditMember" order="2.0" />
    <link:loc xlink:type="locator" xlink:href="http://xbrl.fasb.org/us-gaap/2012/elts/us-gaap-2012-01-31.xsd#us-gaap_SeriesOfIndividuallyImmaterialBusinessAcquisitionsMember" xlink:label="SeriesOfIndividuallyImmaterialBusinessAcquisitionsMember" xlink:title="SeriesOfIndividuallyImmaterialBusinessAcquisitionsMember" />
    <link:definitionArc xlink:type="arc" xlink:arcrole="http://xbrl.org/int/dim/arcrole/domain-member" xlink:from="CreditFacilityDomain" xlink:to="SeriesOfIndividuallyImmaterialBusinessAcquisitionsMember" xlink:title="definition: CreditFacilityDomain to SeriesOfIndividuallyImmaterialBusinessAcquisitionsMember" order="3.0" />
  </link:definitionLink>
  <link:definitionLink xlink:type="extended" xlink:role="http://sharpsinc.com/role/StockbasedCompensationDetails">
    <link:loc xlink:type="locator" xlink:href="http://xbrl.fasb.org/us-gaap/2012/elts/us-gaap-2012-01-31.xsd#us-gaap_EmployeeServiceShareBasedCompensationAllocationOfRecognizedPeriodCostsLineItems" xlink:label="EmployeeServiceShareBasedCompensationAllocationOfRecognizedPeriodCostsLineItems" xlink:title="EmployeeServiceShareBasedCompensationAllocationOfRecognizedPeriodCostsLineItems" />
    <link:loc xlink:type="locator" xlink:href="http://xbrl.fasb.org/us-gaap/2012/elts/us-gaap-2012-01-31.xsd#us-gaap_ShareBasedCompensation" xlink:label="ShareBasedCompensation" xlink:title="ShareBasedCompensation" />
    <link:definitionArc xlink:type="arc" xlink:arcrole="http://xbrl.org/int/dim/arcrole/domain-member" xlink:from="EmployeeServiceShareBasedCompensationAllocationOfRecognizedPeriodCostsLineItems" xlink:to="ShareBasedCompensation" xlink:title="definition: EmployeeServiceShareBasedCompensationAllocationOfRecognizedPeriodCostsLineItems to ShareBasedCompensation" order="1.0" />
    <link:loc xlink:type="locator" xlink:href="http://xbrl.fasb.org/us-gaap/2012/elts/us-gaap-2012-01-31.xsd#us-gaap_ScheduleOfEmployeeServiceShareBasedCompensationAllocationOfRecognizedPeriodCostsTable" xlink:label="ScheduleOfEmployeeServiceShareBasedCompensationAllocationOfRecognizedPeriodCostsTable" xlink:title="ScheduleOfEmployeeServiceShareBasedCompensationAllocationOfRecognizedPeriodCostsTable" />
    <link:definitionArc xlink:type="arc" xlink:arcrole="http://xbrl.org/int/dim/arcrole/all" xlink:from="EmployeeServiceShareBasedCompensationAllocationOfRecognizedPeriodCostsLineItems" xlink:to="ScheduleOfEmployeeServiceShareBasedCompensationAllocationOfRecognizedPeriodCostsTable" xlink:title="definition: EmployeeServiceShareBasedCompensationAllocationOfRecognizedPeriodCostsLineItems to ScheduleOfEmployeeServiceShareBasedCompensationAllocationOfRecognizedPeriodCostsTable" order="2.0" t1:contextElement="segment" />
    <link:loc xlink:type="locator" xlink:href="http://xbrl.fasb.org/us-gaap/2012/elts/us-gaap-2012-01-31.xsd#us-gaap_ScheduleOfEmployeeServiceShareBasedCompensationAllocationOfRecognizedPeriodCostsByReportLineAxis" xlink:label="ScheduleOfEmployeeServiceShareBasedCompensationAllocationOfRecognizedPeriodCostsByReportLineAxis" xlink:title="ScheduleOfEmployeeServiceShareBasedCompensationAllocationOfRecognizedPeriodCostsByReportLineAxis" />
    <link:definitionArc xlink:type="arc" xlink:arcrole="http://xbrl.org/int/dim/arcrole/hypercube-dimension" xlink:from="ScheduleOfEmployeeServiceShareBasedCompensationAllocationOfRecognizedPeriodCostsTable" xlink:to="ScheduleOfEmployeeServiceShareBasedCompensationAllocationOfRecognizedPeriodCostsByReportLineAxis" xlink:title="definition: ScheduleOfEmployeeServiceShareBasedCompensationAllocationOfRecognizedPeriodCostsTable to ScheduleOfEmployeeServiceShareBasedCompensationAllocationOfRecognizedPeriodCostsByReportLineAxis" order="1.0" />
    <link:loc xlink:type="locator" xlink:href="http://xbrl.fasb.org/us-gaap/2012/elts/us-gaap-2012-01-31.xsd#us-gaap_EmployeeServiceShareBasedCompensationAllocationOfRecognizedPeriodCostsReportLineDomain" xlink:label="EmployeeServiceShareBasedCompensationAllocationOfRecognizedPeriodCostsReportLineDomain" xlink:title="EmployeeServiceShareBasedCompensationAllocationOfRecognizedPeriodCostsReportLineDomain" />
    <link:definitionArc xlink:type="arc" xlink:arcrole="http://xbrl.org/int/dim/arcrole/dimension-domain" xlink:from="ScheduleOfEmployeeServiceShareBasedCompensationAllocationOfRecognizedPeriodCostsByReportLineAxis" xlink:to="EmployeeServiceShareBasedCompensationAllocationOfRecognizedPeriodCostsReportLineDomain" xlink:title="definition: ScheduleOfEmployeeServiceShareBasedCompensationAllocationOfRecognizedPeriodCostsByReportLineAxis to EmployeeServiceShareBasedCompensationAllocationOfRecognizedPeriodCostsReportLineDomain" order="1.0" />
    <link:loc xlink:type="locator" xlink:href="http://xbrl.fasb.org/us-gaap/2012/elts/us-gaap-2012-01-31.xsd#us-gaap_EmployeeServiceShareBasedCompensationAllocationOfRecognizedPeriodCostsReportLineDomain" xlink:label="EmployeeServiceShareBasedCompensationAllocationOfRecognizedPeriodCostsReportLineDomain_2" xlink:title="EmployeeServiceShareBasedCompensationAllocationOfRecognizedPeriodCostsReportLineDomain" />
    <link:definitionArc xlink:type="arc" xlink:arcrole="http://xbrl.org/int/dim/arcrole/dimension-default" xlink:from="ScheduleOfEmployeeServiceShareBasedCompensationAllocationOfRecognizedPeriodCostsByReportLineAxis" xlink:to="EmployeeServiceShareBasedCompensationAllocationOfRecognizedPeriodCostsReportLineDomain_2" xlink:title="definition: ScheduleOfEmployeeServiceShareBasedCompensationAllocationOfRecognizedPeriodCostsByReportLineAxis to EmployeeServiceShareBasedCompensationAllocationOfRecognizedPeriodCostsReportLineDomain_2" order="2.0" />
    <link:loc xlink:type="locator" xlink:href="http://xbrl.fasb.org/us-gaap/2012/elts/us-gaap-2012-01-31.xsd#us-gaap_CostOfSalesMember" xlink:label="CostOfSalesMember" xlink:title="CostOfSalesMember" />
    <link:definitionArc xlink:type="arc" xlink:arcrole="http://xbrl.org/int/dim/arcrole/domain-member" xlink:from="EmployeeServiceShareBasedCompensationAllocationOfRecognizedPeriodCostsReportLineDomain" xlink:to="CostOfSalesMember" xlink:title="definition: EmployeeServiceShareBasedCompensationAllocationOfRecognizedPeriodCostsReportLineDomain to CostOfSalesMember" order="1.0" />
    <link:loc xlink:type="locator" xlink:href="http://xbrl.fasb.org/us-gaap/2012/elts/us-gaap-2012-01-31.xsd#us-gaap_GeneralAndAdministrativeExpenseMember" xlink:label="GeneralAndAdministrativeExpenseMember" xlink:title="GeneralAndAdministrativeExpenseMember" />
    <link:definitionArc xlink:type="arc" xlink:arcrole="http://xbrl.org/int/dim/arcrole/domain-member" xlink:from="EmployeeServiceShareBasedCompensationAllocationOfRecognizedPeriodCostsReportLineDomain" xlink:to="GeneralAndAdministrativeExpenseMember" xlink:title="definition: EmployeeServiceShareBasedCompensationAllocationOfRecognizedPeriodCostsReportLineDomain to GeneralAndAdministrativeExpenseMember" order="2.0" />
  </link:definitionLink>
  <link:definitionLink xlink:type="extended" xlink:role="http://sharpsinc.com/role/EarningsPerShareDetails" />
  <link:definitionLink xlink:type="extended" xlink:role="http://sharpsinc.com/role/EquityTransactionsDetails" />
  <link:definitionLink xlink:type="extended" xlink:role="http://sharpsinc.com/role/InventoryDetails" />
</link:linkbase>
