<?xml version="1.0" encoding="ASCII"?>
<!-- Prepared by IBM Cognos FSR v6.7.0.218 using Fujitsu Interstage XWand -->
<linkbase xmlns:xsi="http://www.w3.org/2001/XMLSchema-instance" xsi:schemaLocation="http://www.xbrl.org/2003/instance http://www.xbrl.org/2003/xbrl-instance-2003-12-31.xsd" xmlns="http://www.xbrl.org/2003/linkbase" xmlns:xlink="http://www.w3.org/1999/xlink" xmlns:xbrli="http://www.xbrl.org/2003/instance" xmlns:xbrldt="http://xbrl.org/2005/xbrldt">
    <roleRef roleURI="http://www.endeavourcorp.com/role/StatementCondensedConsolidatedBalanceSheets" xlink:type="simple" xlink:href="end-20111231.xsd#end_ELRID_StatementCondensedConsolidatedBalanceSheets" />
    <roleRef roleURI="http://www.endeavourcorp.com/role/StatementCondensedConsolidatedBalanceSheetsParentheticals" xlink:type="simple" xlink:href="end-20111231.xsd#end_ELRID_StatementStatementOfFinancialPositionParentheticals" />
    <roleRef roleURI="http://www.endeavourcorp.com/role/StatementStatementOfShareholdersEquity" xlink:type="simple" xlink:href="end-20111231.xsd#end_ELRID_StatementOfShareholdersEquity" />
    <arcroleRef arcroleURI="http://xbrl.org/int/dim/arcrole/domain-member" xlink:type="simple" xlink:href="http://www.xbrl.org/2005/xbrldt-2005.xsd#domain-member" />
    <arcroleRef arcroleURI="http://xbrl.org/int/dim/arcrole/all" xlink:type="simple" xlink:href="http://www.xbrl.org/2005/xbrldt-2005.xsd#all" />
    <arcroleRef arcroleURI="http://xbrl.org/int/dim/arcrole/hypercube-dimension" xlink:type="simple" xlink:href="http://www.xbrl.org/2005/xbrldt-2005.xsd#hypercube-dimension" />
    <arcroleRef arcroleURI="http://xbrl.org/int/dim/arcrole/dimension-domain" xlink:type="simple" xlink:href="http://www.xbrl.org/2005/xbrldt-2005.xsd#dimension-domain" />
    <arcroleRef arcroleURI="http://xbrl.org/int/dim/arcrole/dimension-default" xlink:type="simple" xlink:href="http://www.xbrl.org/2005/xbrldt-2005.xsd#dimension-default" />
    <definitionLink xlink:type="extended" xlink:role="http://www.endeavourcorp.com/role/StatementCondensedConsolidatedBalanceSheets">
        <loc xlink:type="locator" xlink:href="http://xbrl.fasb.org/us-gaap/2011/elts/us-gaap-2011-01-31.xsd#us-gaap_StatementLineItems" xlink:label="Locator_us-gaap_StatementLineItems_293" />
        <loc xlink:type="locator" xlink:href="http://xbrl.fasb.org/us-gaap/2011/elts/us-gaap-2011-01-31.xsd#us-gaap_AssetsAbstract" xlink:label="Locator_us-gaap_AssetsAbstract_294" />
        <definitionArc xlink:type="arc" xlink:arcrole="http://xbrl.org/int/dim/arcrole/domain-member" xlink:from="Locator_us-gaap_StatementLineItems_293" xlink:to="Locator_us-gaap_AssetsAbstract_294" order="1.0" />
        <loc xlink:type="locator" xlink:href="http://xbrl.fasb.org/us-gaap/2011/elts/us-gaap-2011-01-31.xsd#us-gaap_AssetsAbstract" xlink:label="Locator_us-gaap_AssetsAbstract_295" />
        <loc xlink:type="locator" xlink:href="http://xbrl.fasb.org/us-gaap/2011/elts/us-gaap-2011-01-31.xsd#us-gaap_AssetsCurrentAbstract" xlink:label="Locator_us-gaap_AssetsCurrentAbstract_296" />
        <definitionArc xlink:type="arc" xlink:arcrole="http://xbrl.org/int/dim/arcrole/domain-member" xlink:from="Locator_us-gaap_AssetsAbstract_295" xlink:to="Locator_us-gaap_AssetsCurrentAbstract_296" order="1.0" />
        <loc xlink:type="locator" xlink:href="http://xbrl.fasb.org/us-gaap/2011/elts/us-gaap-2011-01-31.xsd#us-gaap_AssetsCurrentAbstract" xlink:label="Locator_us-gaap_AssetsCurrentAbstract_297" />
        <loc xlink:type="locator" xlink:href="http://xbrl.fasb.org/us-gaap/2011/elts/us-gaap-2011-01-31.xsd#us-gaap_CashAndCashEquivalentsAtCarryingValue" xlink:label="Locator_us-gaap_CashAndCashEquivalentsAtCarryingValue_298" />
        <definitionArc xlink:type="arc" xlink:arcrole="http://xbrl.org/int/dim/arcrole/domain-member" xlink:from="Locator_us-gaap_AssetsCurrentAbstract_297" xlink:to="Locator_us-gaap_CashAndCashEquivalentsAtCarryingValue_298" order="1.0" />
        <loc xlink:type="locator" xlink:href="http://xbrl.fasb.org/us-gaap/2011/elts/us-gaap-2011-01-31.xsd#us-gaap_AssetsCurrentAbstract" xlink:label="Locator_us-gaap_AssetsCurrentAbstract_299" />
        <loc xlink:type="locator" xlink:href="http://xbrl.fasb.org/us-gaap/2011/elts/us-gaap-2011-01-31.xsd#us-gaap_RestrictedCashAndCashEquivalents" xlink:label="Locator_us-gaap_RestrictedCashAndCashEquivalents_300" />
        <definitionArc xlink:type="arc" xlink:arcrole="http://xbrl.org/int/dim/arcrole/domain-member" xlink:from="Locator_us-gaap_AssetsCurrentAbstract_299" xlink:to="Locator_us-gaap_RestrictedCashAndCashEquivalents_300" order="2.0" />
        <loc xlink:type="locator" xlink:href="http://xbrl.fasb.org/us-gaap/2011/elts/us-gaap-2011-01-31.xsd#us-gaap_AssetsCurrentAbstract" xlink:label="Locator_us-gaap_AssetsCurrentAbstract_301" />
        <loc xlink:type="locator" xlink:href="http://xbrl.fasb.org/us-gaap/2011/elts/us-gaap-2011-01-31.xsd#us-gaap_ReceivablesNetCurrent" xlink:label="Locator_us-gaap_ReceivablesNetCurrent_302" />
        <definitionArc xlink:type="arc" xlink:arcrole="http://xbrl.org/int/dim/arcrole/domain-member" xlink:from="Locator_us-gaap_AssetsCurrentAbstract_301" xlink:to="Locator_us-gaap_ReceivablesNetCurrent_302" order="3.0" />
        <loc xlink:type="locator" xlink:href="http://xbrl.fasb.org/us-gaap/2011/elts/us-gaap-2011-01-31.xsd#us-gaap_AssetsCurrentAbstract" xlink:label="Locator_us-gaap_AssetsCurrentAbstract_303" />
        <loc xlink:type="locator" xlink:href="http://xbrl.fasb.org/us-gaap/2011/elts/us-gaap-2011-01-31.xsd#us-gaap_OtherAssetsCurrent" xlink:label="Locator_us-gaap_OtherAssetsCurrent_304" />
        <definitionArc xlink:type="arc" xlink:arcrole="http://xbrl.org/int/dim/arcrole/domain-member" xlink:from="Locator_us-gaap_AssetsCurrentAbstract_303" xlink:to="Locator_us-gaap_OtherAssetsCurrent_304" order="4.0" />
        <loc xlink:type="locator" xlink:href="http://xbrl.fasb.org/us-gaap/2011/elts/us-gaap-2011-01-31.xsd#us-gaap_AssetsCurrentAbstract" xlink:label="Locator_us-gaap_AssetsCurrentAbstract_305" />
        <loc xlink:type="locator" xlink:href="http://xbrl.fasb.org/us-gaap/2011/elts/us-gaap-2011-01-31.xsd#us-gaap_AssetsCurrent" xlink:label="Locator_us-gaap_AssetsCurrent_306" />
        <definitionArc xlink:type="arc" xlink:arcrole="http://xbrl.org/int/dim/arcrole/domain-member" xlink:from="Locator_us-gaap_AssetsCurrentAbstract_305" xlink:to="Locator_us-gaap_AssetsCurrent_306" order="5.0" />
        <loc xlink:type="locator" xlink:href="http://xbrl.fasb.org/us-gaap/2011/elts/us-gaap-2011-01-31.xsd#us-gaap_AssetsAbstract" xlink:label="Locator_us-gaap_AssetsAbstract_307" />
        <loc xlink:type="locator" xlink:href="http://xbrl.fasb.org/us-gaap/2011/elts/us-gaap-2011-01-31.xsd#us-gaap_PropertyPlantAndEquipmentNet" xlink:label="Locator_us-gaap_PropertyPlantAndEquipmentNet_308" />
        <definitionArc xlink:type="arc" xlink:arcrole="http://xbrl.org/int/dim/arcrole/domain-member" xlink:from="Locator_us-gaap_AssetsAbstract_307" xlink:to="Locator_us-gaap_PropertyPlantAndEquipmentNet_308" order="2.0" />
        <loc xlink:type="locator" xlink:href="http://xbrl.fasb.org/us-gaap/2011/elts/us-gaap-2011-01-31.xsd#us-gaap_AssetsAbstract" xlink:label="Locator_us-gaap_AssetsAbstract_309" />
        <loc xlink:type="locator" xlink:href="http://xbrl.fasb.org/us-gaap/2011/elts/us-gaap-2011-01-31.xsd#us-gaap_Goodwill" xlink:label="Locator_us-gaap_Goodwill_310" />
        <definitionArc xlink:type="arc" xlink:arcrole="http://xbrl.org/int/dim/arcrole/domain-member" xlink:from="Locator_us-gaap_AssetsAbstract_309" xlink:to="Locator_us-gaap_Goodwill_310" order="3.0" />
        <loc xlink:type="locator" xlink:href="http://xbrl.fasb.org/us-gaap/2011/elts/us-gaap-2011-01-31.xsd#us-gaap_AssetsAbstract" xlink:label="Locator_us-gaap_AssetsAbstract_311" />
        <loc xlink:type="locator" xlink:href="http://xbrl.fasb.org/us-gaap/2011/elts/us-gaap-2011-01-31.xsd#us-gaap_OtherAssetsNoncurrent" xlink:label="Locator_us-gaap_OtherAssetsNoncurrent_312" />
        <definitionArc xlink:type="arc" xlink:arcrole="http://xbrl.org/int/dim/arcrole/domain-member" xlink:from="Locator_us-gaap_AssetsAbstract_311" xlink:to="Locator_us-gaap_OtherAssetsNoncurrent_312" order="4.0" />
        <loc xlink:type="locator" xlink:href="http://xbrl.fasb.org/us-gaap/2011/elts/us-gaap-2011-01-31.xsd#us-gaap_AssetsAbstract" xlink:label="Locator_us-gaap_AssetsAbstract_313" />
        <loc xlink:type="locator" xlink:href="http://xbrl.fasb.org/us-gaap/2011/elts/us-gaap-2011-01-31.xsd#us-gaap_Assets" xlink:label="Locator_us-gaap_Assets_314" />
        <definitionArc xlink:type="arc" xlink:arcrole="http://xbrl.org/int/dim/arcrole/domain-member" xlink:from="Locator_us-gaap_AssetsAbstract_313" xlink:to="Locator_us-gaap_Assets_314" order="5.0" />
        <loc xlink:type="locator" xlink:href="http://xbrl.fasb.org/us-gaap/2011/elts/us-gaap-2011-01-31.xsd#us-gaap_StatementLineItems" xlink:label="Locator_us-gaap_StatementLineItems_315" />
        <loc xlink:type="locator" xlink:href="http://xbrl.fasb.org/us-gaap/2011/elts/us-gaap-2011-01-31.xsd#us-gaap_LiabilitiesAndStockholdersEquityAbstract" xlink:label="Locator_us-gaap_LiabilitiesAndStockholdersEquityAbstract_316" />
        <definitionArc xlink:type="arc" xlink:arcrole="http://xbrl.org/int/dim/arcrole/domain-member" xlink:from="Locator_us-gaap_StatementLineItems_315" xlink:to="Locator_us-gaap_LiabilitiesAndStockholdersEquityAbstract_316" order="2.0" />
        <loc xlink:type="locator" xlink:href="http://xbrl.fasb.org/us-gaap/2011/elts/us-gaap-2011-01-31.xsd#us-gaap_LiabilitiesAndStockholdersEquityAbstract" xlink:label="Locator_us-gaap_LiabilitiesAndStockholdersEquityAbstract_317" />
        <loc xlink:type="locator" xlink:href="http://xbrl.fasb.org/us-gaap/2011/elts/us-gaap-2011-01-31.xsd#us-gaap_LiabilitiesCurrentAbstract" xlink:label="Locator_us-gaap_LiabilitiesCurrentAbstract_318" />
        <definitionArc xlink:type="arc" xlink:arcrole="http://xbrl.org/int/dim/arcrole/domain-member" xlink:from="Locator_us-gaap_LiabilitiesAndStockholdersEquityAbstract_317" xlink:to="Locator_us-gaap_LiabilitiesCurrentAbstract_318" order="1.0" />
        <loc xlink:type="locator" xlink:href="http://xbrl.fasb.org/us-gaap/2011/elts/us-gaap-2011-01-31.xsd#us-gaap_LiabilitiesCurrentAbstract" xlink:label="Locator_us-gaap_LiabilitiesCurrentAbstract_319" />
        <loc xlink:type="locator" xlink:href="http://xbrl.fasb.org/us-gaap/2011/elts/us-gaap-2011-01-31.xsd#us-gaap_AccountsPayableCurrent" xlink:label="Locator_us-gaap_AccountsPayableCurrent_320" />
        <definitionArc xlink:type="arc" xlink:arcrole="http://xbrl.org/int/dim/arcrole/domain-member" xlink:from="Locator_us-gaap_LiabilitiesCurrentAbstract_319" xlink:to="Locator_us-gaap_AccountsPayableCurrent_320" order="1.0" />
        <loc xlink:type="locator" xlink:href="http://xbrl.fasb.org/us-gaap/2011/elts/us-gaap-2011-01-31.xsd#us-gaap_LiabilitiesCurrentAbstract" xlink:label="Locator_us-gaap_LiabilitiesCurrentAbstract_321" />
        <loc xlink:type="locator" xlink:href="http://xbrl.fasb.org/us-gaap/2011/elts/us-gaap-2011-01-31.xsd#us-gaap_DebtCurrent" xlink:label="Locator_us-gaap_DebtCurrent_322" />
        <definitionArc xlink:type="arc" xlink:arcrole="http://xbrl.org/int/dim/arcrole/domain-member" xlink:from="Locator_us-gaap_LiabilitiesCurrentAbstract_321" xlink:to="Locator_us-gaap_DebtCurrent_322" order="2.0" />
        <loc xlink:type="locator" xlink:href="http://xbrl.fasb.org/us-gaap/2011/elts/us-gaap-2011-01-31.xsd#us-gaap_LiabilitiesCurrentAbstract" xlink:label="Locator_us-gaap_LiabilitiesCurrentAbstract_323" />
        <loc xlink:type="locator" xlink:href="http://xbrl.fasb.org/us-gaap/2011/elts/us-gaap-2011-01-31.xsd#us-gaap_AccruedLiabilitiesCurrent" xlink:label="Locator_us-gaap_AccruedLiabilitiesCurrent_324" />
        <definitionArc xlink:type="arc" xlink:arcrole="http://xbrl.org/int/dim/arcrole/domain-member" xlink:from="Locator_us-gaap_LiabilitiesCurrentAbstract_323" xlink:to="Locator_us-gaap_AccruedLiabilitiesCurrent_324" order="3.0" />
        <loc xlink:type="locator" xlink:href="http://xbrl.fasb.org/us-gaap/2011/elts/us-gaap-2011-01-31.xsd#us-gaap_LiabilitiesCurrentAbstract" xlink:label="Locator_us-gaap_LiabilitiesCurrentAbstract_325" />
        <loc xlink:type="locator" xlink:href="http://xbrl.fasb.org/us-gaap/2011/elts/us-gaap-2011-01-31.xsd#us-gaap_LiabilitiesCurrent" xlink:label="Locator_us-gaap_LiabilitiesCurrent_326" />
        <definitionArc xlink:type="arc" xlink:arcrole="http://xbrl.org/int/dim/arcrole/domain-member" xlink:from="Locator_us-gaap_LiabilitiesCurrentAbstract_325" xlink:to="Locator_us-gaap_LiabilitiesCurrent_326" order="4.0" />
        <loc xlink:type="locator" xlink:href="http://xbrl.fasb.org/us-gaap/2011/elts/us-gaap-2011-01-31.xsd#us-gaap_LiabilitiesAndStockholdersEquityAbstract" xlink:label="Locator_us-gaap_LiabilitiesAndStockholdersEquityAbstract_327" />
        <loc xlink:type="locator" xlink:href="http://xbrl.fasb.org/us-gaap/2011/elts/us-gaap-2011-01-31.xsd#us-gaap_LongTermDebtNoncurrent" xlink:label="Locator_us-gaap_LongTermDebtNoncurrent_328" />
        <definitionArc xlink:type="arc" xlink:arcrole="http://xbrl.org/int/dim/arcrole/domain-member" xlink:from="Locator_us-gaap_LiabilitiesAndStockholdersEquityAbstract_327" xlink:to="Locator_us-gaap_LongTermDebtNoncurrent_328" order="2.0" />
        <loc xlink:type="locator" xlink:href="http://xbrl.fasb.org/us-gaap/2011/elts/us-gaap-2011-01-31.xsd#us-gaap_LiabilitiesAndStockholdersEquityAbstract" xlink:label="Locator_us-gaap_LiabilitiesAndStockholdersEquityAbstract_329" />
        <loc xlink:type="locator" xlink:href="http://xbrl.fasb.org/us-gaap/2011/elts/us-gaap-2011-01-31.xsd#us-gaap_DeferredTaxLiabilitiesNoncurrent" xlink:label="Locator_us-gaap_DeferredTaxLiabilitiesNoncurrent_330" />
        <definitionArc xlink:type="arc" xlink:arcrole="http://xbrl.org/int/dim/arcrole/domain-member" xlink:from="Locator_us-gaap_LiabilitiesAndStockholdersEquityAbstract_329" xlink:to="Locator_us-gaap_DeferredTaxLiabilitiesNoncurrent_330" order="3.0" />
        <loc xlink:type="locator" xlink:href="http://xbrl.fasb.org/us-gaap/2011/elts/us-gaap-2011-01-31.xsd#us-gaap_LiabilitiesAndStockholdersEquityAbstract" xlink:label="Locator_us-gaap_LiabilitiesAndStockholdersEquityAbstract_331" />
        <loc xlink:type="locator" xlink:href="http://xbrl.fasb.org/us-gaap/2011/elts/us-gaap-2011-01-31.xsd#us-gaap_OtherLiabilitiesNoncurrent" xlink:label="Locator_us-gaap_OtherLiabilitiesNoncurrent_332" />
        <definitionArc xlink:type="arc" xlink:arcrole="http://xbrl.org/int/dim/arcrole/domain-member" xlink:from="Locator_us-gaap_LiabilitiesAndStockholdersEquityAbstract_331" xlink:to="Locator_us-gaap_OtherLiabilitiesNoncurrent_332" order="4.0" />
        <loc xlink:type="locator" xlink:href="http://xbrl.fasb.org/us-gaap/2011/elts/us-gaap-2011-01-31.xsd#us-gaap_LiabilitiesAndStockholdersEquityAbstract" xlink:label="Locator_us-gaap_LiabilitiesAndStockholdersEquityAbstract_333" />
        <loc xlink:type="locator" xlink:href="http://xbrl.fasb.org/us-gaap/2011/elts/us-gaap-2011-01-31.xsd#us-gaap_Liabilities" xlink:label="Locator_us-gaap_Liabilities_334" />
        <definitionArc xlink:type="arc" xlink:arcrole="http://xbrl.org/int/dim/arcrole/domain-member" xlink:from="Locator_us-gaap_LiabilitiesAndStockholdersEquityAbstract_333" xlink:to="Locator_us-gaap_Liabilities_334" order="5.0" />
        <loc xlink:type="locator" xlink:href="http://xbrl.fasb.org/us-gaap/2011/elts/us-gaap-2011-01-31.xsd#us-gaap_LiabilitiesAndStockholdersEquityAbstract" xlink:label="Locator_us-gaap_LiabilitiesAndStockholdersEquityAbstract_335" />
        <loc xlink:type="locator" xlink:href="http://xbrl.fasb.org/us-gaap/2011/elts/us-gaap-2011-01-31.xsd#us-gaap_CommitmentsAndContingencies" xlink:label="Locator_us-gaap_CommitmentsAndContingencies_336" />
        <definitionArc xlink:type="arc" xlink:arcrole="http://xbrl.org/int/dim/arcrole/domain-member" xlink:from="Locator_us-gaap_LiabilitiesAndStockholdersEquityAbstract_335" xlink:to="Locator_us-gaap_CommitmentsAndContingencies_336" order="6.0" />
        <loc xlink:type="locator" xlink:href="http://xbrl.fasb.org/us-gaap/2011/elts/us-gaap-2011-01-31.xsd#us-gaap_LiabilitiesAndStockholdersEquityAbstract" xlink:label="Locator_us-gaap_LiabilitiesAndStockholdersEquityAbstract_337" />
        <loc xlink:type="locator" xlink:href="http://xbrl.fasb.org/us-gaap/2011/elts/us-gaap-2011-01-31.xsd#us-gaap_TemporaryEquityAbstract" xlink:label="Locator_us-gaap_TemporaryEquityAbstract_338" />
        <definitionArc xlink:type="arc" xlink:arcrole="http://xbrl.org/int/dim/arcrole/domain-member" xlink:from="Locator_us-gaap_LiabilitiesAndStockholdersEquityAbstract_337" xlink:to="Locator_us-gaap_TemporaryEquityAbstract_338" order="7.0" />
        <loc xlink:type="locator" xlink:href="http://xbrl.fasb.org/us-gaap/2011/elts/us-gaap-2011-01-31.xsd#us-gaap_TemporaryEquityAbstract" xlink:label="Locator_us-gaap_TemporaryEquityAbstract_339" />
        <loc xlink:type="locator" xlink:href="http://xbrl.fasb.org/us-gaap/2011/elts/us-gaap-2011-01-31.xsd#us-gaap_TemporaryEquityRedemptionValue" xlink:label="Locator_us-gaap_TemporaryEquityRedemptionValue_340" />
        <definitionArc xlink:type="arc" xlink:arcrole="http://xbrl.org/int/dim/arcrole/domain-member" xlink:from="Locator_us-gaap_TemporaryEquityAbstract_339" xlink:to="Locator_us-gaap_TemporaryEquityRedemptionValue_340" order="1.0" />
        <loc xlink:type="locator" xlink:href="http://xbrl.fasb.org/us-gaap/2011/elts/us-gaap-2011-01-31.xsd#us-gaap_TemporaryEquityAbstract" xlink:label="Locator_us-gaap_TemporaryEquityAbstract_341" />
        <loc xlink:type="locator" xlink:href="end-20111231.xsd#end_TemporaryEquityPremiumAmount" xlink:label="Locator_end_TemporaryEquityPremiumAmount_342" />
        <definitionArc xlink:type="arc" xlink:arcrole="http://xbrl.org/int/dim/arcrole/domain-member" xlink:from="Locator_us-gaap_TemporaryEquityAbstract_341" xlink:to="Locator_end_TemporaryEquityPremiumAmount_342" order="2.0" />
        <loc xlink:type="locator" xlink:href="http://xbrl.fasb.org/us-gaap/2011/elts/us-gaap-2011-01-31.xsd#us-gaap_TemporaryEquityAbstract" xlink:label="Locator_us-gaap_TemporaryEquityAbstract_343" />
        <loc xlink:type="locator" xlink:href="http://xbrl.fasb.org/us-gaap/2011/elts/us-gaap-2011-01-31.xsd#us-gaap_TemporaryEquityCarryingAmount" xlink:label="Locator_us-gaap_TemporaryEquityCarryingAmount_344" />
        <definitionArc xlink:type="arc" xlink:arcrole="http://xbrl.org/int/dim/arcrole/domain-member" xlink:from="Locator_us-gaap_TemporaryEquityAbstract_343" xlink:to="Locator_us-gaap_TemporaryEquityCarryingAmount_344" order="3.0" />
        <loc xlink:type="locator" xlink:href="http://xbrl.fasb.org/us-gaap/2011/elts/us-gaap-2011-01-31.xsd#us-gaap_TemporaryEquityAbstract" xlink:label="Locator_us-gaap_TemporaryEquityAbstract_345" />
        <loc xlink:type="locator" xlink:href="http://xbrl.fasb.org/us-gaap/2011/elts/us-gaap-2011-01-31.xsd#us-gaap_TemporaryEquityDescription" xlink:label="Locator_us-gaap_TemporaryEquityDescription_346" />
        <definitionArc xlink:type="arc" xlink:arcrole="http://xbrl.org/int/dim/arcrole/domain-member" xlink:from="Locator_us-gaap_TemporaryEquityAbstract_345" xlink:to="Locator_us-gaap_TemporaryEquityDescription_346" order="4.0" />
        <loc xlink:type="locator" xlink:href="http://xbrl.fasb.org/us-gaap/2011/elts/us-gaap-2011-01-31.xsd#us-gaap_LiabilitiesAndStockholdersEquityAbstract" xlink:label="Locator_us-gaap_LiabilitiesAndStockholdersEquityAbstract_347" />
        <loc xlink:type="locator" xlink:href="http://xbrl.fasb.org/us-gaap/2011/elts/us-gaap-2011-01-31.xsd#us-gaap_StockholdersEquityIncludingPortionAttributableToNoncontrollingInterestAbstract" xlink:label="Locator_us-gaap_StockholdersEquityIncludingPortionAttributableToNoncontrollingInterestAbstract_348" />
        <definitionArc xlink:type="arc" xlink:arcrole="http://xbrl.org/int/dim/arcrole/domain-member" xlink:from="Locator_us-gaap_LiabilitiesAndStockholdersEquityAbstract_347" xlink:to="Locator_us-gaap_StockholdersEquityIncludingPortionAttributableToNoncontrollingInterestAbstract_348" order="8.0" />
        <loc xlink:type="locator" xlink:href="http://xbrl.fasb.org/us-gaap/2011/elts/us-gaap-2011-01-31.xsd#us-gaap_StockholdersEquityIncludingPortionAttributableToNoncontrollingInterestAbstract" xlink:label="Locator_us-gaap_StockholdersEquityIncludingPortionAttributableToNoncontrollingInterestAbstract_349" />
        <loc xlink:type="locator" xlink:href="http://xbrl.fasb.org/us-gaap/2011/elts/us-gaap-2011-01-31.xsd#us-gaap_PreferredStockValue" xlink:label="Locator_us-gaap_PreferredStockValue_350" />
        <definitionArc xlink:type="arc" xlink:arcrole="http://xbrl.org/int/dim/arcrole/domain-member" xlink:from="Locator_us-gaap_StockholdersEquityIncludingPortionAttributableToNoncontrollingInterestAbstract_349" xlink:to="Locator_us-gaap_PreferredStockValue_350" order="1.0" />
        <loc xlink:type="locator" xlink:href="http://xbrl.fasb.org/us-gaap/2011/elts/us-gaap-2011-01-31.xsd#us-gaap_StockholdersEquityIncludingPortionAttributableToNoncontrollingInterestAbstract" xlink:label="Locator_us-gaap_StockholdersEquityIncludingPortionAttributableToNoncontrollingInterestAbstract_351" />
        <loc xlink:type="locator" xlink:href="http://xbrl.fasb.org/us-gaap/2011/elts/us-gaap-2011-01-31.xsd#us-gaap_CommonStockValue" xlink:label="Locator_us-gaap_CommonStockValue_352" />
        <definitionArc xlink:type="arc" xlink:arcrole="http://xbrl.org/int/dim/arcrole/domain-member" xlink:from="Locator_us-gaap_StockholdersEquityIncludingPortionAttributableToNoncontrollingInterestAbstract_351" xlink:to="Locator_us-gaap_CommonStockValue_352" order="2.0" />
        <loc xlink:type="locator" xlink:href="http://xbrl.fasb.org/us-gaap/2011/elts/us-gaap-2011-01-31.xsd#us-gaap_StockholdersEquityIncludingPortionAttributableToNoncontrollingInterestAbstract" xlink:label="Locator_us-gaap_StockholdersEquityIncludingPortionAttributableToNoncontrollingInterestAbstract_353" />
        <loc xlink:type="locator" xlink:href="http://xbrl.fasb.org/us-gaap/2011/elts/us-gaap-2011-01-31.xsd#us-gaap_AdditionalPaidInCapital" xlink:label="Locator_us-gaap_AdditionalPaidInCapital_354" />
        <definitionArc xlink:type="arc" xlink:arcrole="http://xbrl.org/int/dim/arcrole/domain-member" xlink:from="Locator_us-gaap_StockholdersEquityIncludingPortionAttributableToNoncontrollingInterestAbstract_353" xlink:to="Locator_us-gaap_AdditionalPaidInCapital_354" order="3.0" />
        <loc xlink:type="locator" xlink:href="http://xbrl.fasb.org/us-gaap/2011/elts/us-gaap-2011-01-31.xsd#us-gaap_StockholdersEquityIncludingPortionAttributableToNoncontrollingInterestAbstract" xlink:label="Locator_us-gaap_StockholdersEquityIncludingPortionAttributableToNoncontrollingInterestAbstract_355" />
        <loc xlink:type="locator" xlink:href="http://xbrl.fasb.org/us-gaap/2011/elts/us-gaap-2011-01-31.xsd#us-gaap_TreasuryStockValue" xlink:label="Locator_us-gaap_TreasuryStockValue_356" />
        <definitionArc xlink:type="arc" xlink:arcrole="http://xbrl.org/int/dim/arcrole/domain-member" xlink:from="Locator_us-gaap_StockholdersEquityIncludingPortionAttributableToNoncontrollingInterestAbstract_355" xlink:to="Locator_us-gaap_TreasuryStockValue_356" order="4.0" />
        <loc xlink:type="locator" xlink:href="http://xbrl.fasb.org/us-gaap/2011/elts/us-gaap-2011-01-31.xsd#us-gaap_StockholdersEquityIncludingPortionAttributableToNoncontrollingInterestAbstract" xlink:label="Locator_us-gaap_StockholdersEquityIncludingPortionAttributableToNoncontrollingInterestAbstract_357" />
        <loc xlink:type="locator" xlink:href="http://xbrl.fasb.org/us-gaap/2011/elts/us-gaap-2011-01-31.xsd#us-gaap_RetainedEarningsAccumulatedDeficit" xlink:label="Locator_us-gaap_RetainedEarningsAccumulatedDeficit_358" />
        <definitionArc xlink:type="arc" xlink:arcrole="http://xbrl.org/int/dim/arcrole/domain-member" xlink:from="Locator_us-gaap_StockholdersEquityIncludingPortionAttributableToNoncontrollingInterestAbstract_357" xlink:to="Locator_us-gaap_RetainedEarningsAccumulatedDeficit_358" order="5.0" />
        <loc xlink:type="locator" xlink:href="http://xbrl.fasb.org/us-gaap/2011/elts/us-gaap-2011-01-31.xsd#us-gaap_StockholdersEquityIncludingPortionAttributableToNoncontrollingInterestAbstract" xlink:label="Locator_us-gaap_StockholdersEquityIncludingPortionAttributableToNoncontrollingInterestAbstract_359" />
        <loc xlink:type="locator" xlink:href="http://xbrl.fasb.org/us-gaap/2011/elts/us-gaap-2011-01-31.xsd#us-gaap_StockholdersEquityIncludingPortionAttributableToNoncontrollingInterest" xlink:label="Locator_us-gaap_StockholdersEquityIncludingPortionAttributableToNoncontrollingInterest_360" />
        <definitionArc xlink:type="arc" xlink:arcrole="http://xbrl.org/int/dim/arcrole/domain-member" xlink:from="Locator_us-gaap_StockholdersEquityIncludingPortionAttributableToNoncontrollingInterestAbstract_359" xlink:to="Locator_us-gaap_StockholdersEquityIncludingPortionAttributableToNoncontrollingInterest_360" order="6.0" />
        <loc xlink:type="locator" xlink:href="http://xbrl.fasb.org/us-gaap/2011/elts/us-gaap-2011-01-31.xsd#us-gaap_LiabilitiesAndStockholdersEquityAbstract" xlink:label="Locator_us-gaap_LiabilitiesAndStockholdersEquityAbstract_361" />
        <loc xlink:type="locator" xlink:href="http://xbrl.fasb.org/us-gaap/2011/elts/us-gaap-2011-01-31.xsd#us-gaap_LiabilitiesAndStockholdersEquity" xlink:label="Locator_us-gaap_LiabilitiesAndStockholdersEquity_362" />
        <definitionArc xlink:type="arc" xlink:arcrole="http://xbrl.org/int/dim/arcrole/domain-member" xlink:from="Locator_us-gaap_LiabilitiesAndStockholdersEquityAbstract_361" xlink:to="Locator_us-gaap_LiabilitiesAndStockholdersEquity_362" order="9.0" />
        <loc xlink:type="locator" xlink:href="http://xbrl.fasb.org/us-gaap/2011/elts/us-gaap-2011-01-31.xsd#us-gaap_StatementLineItems" xlink:label="Locator_us-gaap_StatementLineItems_187" />
        <loc xlink:type="locator" xlink:href="http://xbrl.fasb.org/us-gaap/2011/elts/us-gaap-2011-01-31.xsd#us-gaap_StatementTable" xlink:label="Locator_us-gaap_StatementTable_188" />
        <definitionArc xlink:type="arc" xlink:arcrole="http://xbrl.org/int/dim/arcrole/all" xlink:from="Locator_us-gaap_StatementLineItems_187" xlink:to="Locator_us-gaap_StatementTable_188" order="-1.0" xbrldt:contextElement="segment" xbrldt:closed="true" />
        <loc xlink:type="locator" xlink:href="http://xbrl.fasb.org/us-gaap/2011/elts/us-gaap-2011-01-31.xsd#us-gaap_StatementTable" xlink:label="Locator_us-gaap_StatementTable_285" />
        <loc xlink:type="locator" xlink:href="http://xbrl.fasb.org/us-gaap/2011/elts/us-gaap-2011-01-31.xsd#us-gaap_StatementClassOfStockAxis" xlink:label="Locator_us-gaap_StatementClassOfStockAxis_286" />
        <definitionArc xlink:type="arc" xlink:arcrole="http://xbrl.org/int/dim/arcrole/hypercube-dimension" xlink:from="Locator_us-gaap_StatementTable_285" xlink:to="Locator_us-gaap_StatementClassOfStockAxis_286" order="1.0" />
        <loc xlink:type="locator" xlink:href="http://xbrl.fasb.org/us-gaap/2011/elts/us-gaap-2011-01-31.xsd#us-gaap_StatementClassOfStockAxis" xlink:label="Locator_us-gaap_StatementClassOfStockAxis_287" />
        <loc xlink:type="locator" xlink:href="http://xbrl.fasb.org/us-gaap/2011/elts/us-gaap-2011-01-31.xsd#us-gaap_ClassOfStockDomain" xlink:label="Locator_us-gaap_ClassOfStockDomain_288" />
        <definitionArc xlink:type="arc" xlink:arcrole="http://xbrl.org/int/dim/arcrole/dimension-domain" xlink:from="Locator_us-gaap_StatementClassOfStockAxis_287" xlink:to="Locator_us-gaap_ClassOfStockDomain_288" order="1.0" />
        <loc xlink:type="locator" xlink:href="http://xbrl.fasb.org/us-gaap/2011/elts/us-gaap-2011-01-31.xsd#us-gaap_StatementClassOfStockAxis" xlink:label="Locator_us-gaap_StatementClassOfStockAxis_363" />
        <loc xlink:type="locator" xlink:href="http://xbrl.fasb.org/us-gaap/2011/elts/us-gaap-2011-01-31.xsd#us-gaap_ClassOfStockDomain" xlink:label="Locator_us-gaap_ClassOfStockDomain_364" />
        <definitionArc xlink:type="arc" xlink:arcrole="http://xbrl.org/int/dim/arcrole/dimension-default" xlink:from="Locator_us-gaap_StatementClassOfStockAxis_363" xlink:to="Locator_us-gaap_ClassOfStockDomain_364" order="1.0" />
        <loc xlink:type="locator" xlink:href="http://xbrl.fasb.org/us-gaap/2011/elts/us-gaap-2011-01-31.xsd#us-gaap_ClassOfStockDomain" xlink:label="Locator_us-gaap_ClassOfStockDomain_289" />
        <loc xlink:type="locator" xlink:href="http://xbrl.fasb.org/us-gaap/2011/elts/us-gaap-2011-01-31.xsd#us-gaap_SeriesBPreferredStockMember" xlink:label="Locator_us-gaap_SeriesBPreferredStockMember_290" />
        <definitionArc xlink:type="arc" xlink:arcrole="http://xbrl.org/int/dim/arcrole/domain-member" xlink:from="Locator_us-gaap_ClassOfStockDomain_289" xlink:to="Locator_us-gaap_SeriesBPreferredStockMember_290" order="1.0" />
        <loc xlink:type="locator" xlink:href="http://xbrl.fasb.org/us-gaap/2011/elts/us-gaap-2011-01-31.xsd#us-gaap_ClassOfStockDomain" xlink:label="Locator_us-gaap_ClassOfStockDomain_291" />
        <loc xlink:type="locator" xlink:href="http://xbrl.fasb.org/us-gaap/2011/elts/us-gaap-2011-01-31.xsd#us-gaap_SeriesCPreferredStockMember" xlink:label="Locator_us-gaap_SeriesCPreferredStockMember_292" />
        <definitionArc xlink:type="arc" xlink:arcrole="http://xbrl.org/int/dim/arcrole/domain-member" xlink:from="Locator_us-gaap_ClassOfStockDomain_291" xlink:to="Locator_us-gaap_SeriesCPreferredStockMember_292" order="2.0" />
    </definitionLink>
    <definitionLink xlink:type="extended" xlink:role="http://www.endeavourcorp.com/role/StatementCondensedConsolidatedBalanceSheetsParentheticals">
        <loc xlink:type="locator" xlink:href="http://xbrl.fasb.org/us-gaap/2011/elts/us-gaap-2011-01-31.xsd#us-gaap_StatementLineItems" xlink:label="Locator_us-gaap_StatementLineItems_393" />
        <loc xlink:type="locator" xlink:href="end-20111231.xsd#end_LiquidationPreferenceOnPreferredStock" xlink:label="Locator_end_LiquidationPreferenceOnPreferredStock_394" />
        <definitionArc xlink:type="arc" xlink:arcrole="http://xbrl.org/int/dim/arcrole/domain-member" xlink:from="Locator_us-gaap_StatementLineItems_393" xlink:to="Locator_end_LiquidationPreferenceOnPreferredStock_394" order="1.0" />
        <loc xlink:type="locator" xlink:href="http://xbrl.fasb.org/us-gaap/2011/elts/us-gaap-2011-01-31.xsd#us-gaap_StatementLineItems" xlink:label="Locator_us-gaap_StatementLineItems_395" />
        <loc xlink:type="locator" xlink:href="http://xbrl.fasb.org/us-gaap/2011/elts/us-gaap-2011-01-31.xsd#us-gaap_CommonStockSharesOutstanding" xlink:label="Locator_us-gaap_CommonStockSharesOutstanding_396" />
        <definitionArc xlink:type="arc" xlink:arcrole="http://xbrl.org/int/dim/arcrole/domain-member" xlink:from="Locator_us-gaap_StatementLineItems_395" xlink:to="Locator_us-gaap_CommonStockSharesOutstanding_396" order="2.0" />
        <loc xlink:type="locator" xlink:href="http://xbrl.fasb.org/us-gaap/2011/elts/us-gaap-2011-01-31.xsd#us-gaap_StatementLineItems" xlink:label="Locator_us-gaap_StatementLineItems_397" />
        <loc xlink:type="locator" xlink:href="http://xbrl.fasb.org/us-gaap/2011/elts/us-gaap-2011-01-31.xsd#us-gaap_TreasuryStockShares" xlink:label="Locator_us-gaap_TreasuryStockShares_398" />
        <definitionArc xlink:type="arc" xlink:arcrole="http://xbrl.org/int/dim/arcrole/domain-member" xlink:from="Locator_us-gaap_StatementLineItems_397" xlink:to="Locator_us-gaap_TreasuryStockShares_398" order="3.0" />
        <loc xlink:type="locator" xlink:href="http://xbrl.fasb.org/us-gaap/2011/elts/us-gaap-2011-01-31.xsd#us-gaap_StatementLineItems" xlink:label="Locator_us-gaap_StatementLineItems_399" />
        <loc xlink:type="locator" xlink:href="http://xbrl.fasb.org/us-gaap/2011/elts/us-gaap-2011-01-31.xsd#us-gaap_CapitalizedCostsOfUnprovedPropertiesExcludedFromAmortizationCumulative" xlink:label="Locator_us-gaap_CapitalizedCostsOfUnprovedPropertiesExcludedFromAmortizationCumulative_400" />
        <definitionArc xlink:type="arc" xlink:arcrole="http://xbrl.org/int/dim/arcrole/domain-member" xlink:from="Locator_us-gaap_StatementLineItems_399" xlink:to="Locator_us-gaap_CapitalizedCostsOfUnprovedPropertiesExcludedFromAmortizationCumulative_400" order="4.0" />
        <loc xlink:type="locator" xlink:href="http://xbrl.fasb.org/us-gaap/2011/elts/us-gaap-2011-01-31.xsd#us-gaap_StatementLineItems" xlink:label="Locator_us-gaap_StatementLineItems_383" />
        <loc xlink:type="locator" xlink:href="http://xbrl.fasb.org/us-gaap/2011/elts/us-gaap-2011-01-31.xsd#us-gaap_StatementTable" xlink:label="Locator_us-gaap_StatementTable_384" />
        <definitionArc xlink:type="arc" xlink:arcrole="http://xbrl.org/int/dim/arcrole/all" xlink:from="Locator_us-gaap_StatementLineItems_383" xlink:to="Locator_us-gaap_StatementTable_384" order="-1.0" xbrldt:contextElement="segment" xbrldt:closed="true" />
        <loc xlink:type="locator" xlink:href="http://xbrl.fasb.org/us-gaap/2011/elts/us-gaap-2011-01-31.xsd#us-gaap_StatementTable" xlink:label="Locator_us-gaap_StatementTable_387" />
        <loc xlink:type="locator" xlink:href="http://xbrl.fasb.org/us-gaap/2011/elts/us-gaap-2011-01-31.xsd#us-gaap_StatementClassOfStockAxis" xlink:label="Locator_us-gaap_StatementClassOfStockAxis_388" />
        <definitionArc xlink:type="arc" xlink:arcrole="http://xbrl.org/int/dim/arcrole/hypercube-dimension" xlink:from="Locator_us-gaap_StatementTable_387" xlink:to="Locator_us-gaap_StatementClassOfStockAxis_388" order="1.0" />
        <loc xlink:type="locator" xlink:href="http://xbrl.fasb.org/us-gaap/2011/elts/us-gaap-2011-01-31.xsd#us-gaap_StatementClassOfStockAxis" xlink:label="Locator_us-gaap_StatementClassOfStockAxis_389" />
        <loc xlink:type="locator" xlink:href="http://xbrl.fasb.org/us-gaap/2011/elts/us-gaap-2011-01-31.xsd#us-gaap_ClassOfStockDomain" xlink:label="Locator_us-gaap_ClassOfStockDomain_390" />
        <definitionArc xlink:type="arc" xlink:arcrole="http://xbrl.org/int/dim/arcrole/dimension-domain" xlink:from="Locator_us-gaap_StatementClassOfStockAxis_389" xlink:to="Locator_us-gaap_ClassOfStockDomain_390" order="1.0" />
        <loc xlink:type="locator" xlink:href="http://xbrl.fasb.org/us-gaap/2011/elts/us-gaap-2011-01-31.xsd#us-gaap_ClassOfStockDomain" xlink:label="Locator_us-gaap_ClassOfStockDomain_391" />
        <loc xlink:type="locator" xlink:href="http://xbrl.fasb.org/us-gaap/2011/elts/us-gaap-2011-01-31.xsd#us-gaap_SeriesBPreferredStockMember" xlink:label="Locator_us-gaap_SeriesBPreferredStockMember_392" />
        <definitionArc xlink:type="arc" xlink:arcrole="http://xbrl.org/int/dim/arcrole/domain-member" xlink:from="Locator_us-gaap_ClassOfStockDomain_391" xlink:to="Locator_us-gaap_SeriesBPreferredStockMember_392" order="1.0" />
    </definitionLink>
    <definitionLink xlink:type="extended" xlink:role="http://www.endeavourcorp.com/role/StatementStatementOfShareholdersEquity">
        <loc xlink:type="locator" xlink:href="http://xbrl.fasb.org/us-gaap/2011/elts/us-gaap-2011-01-31.xsd#us-gaap_StatementLineItems" xlink:label="Locator_us-gaap_StatementLineItems_597" />
        <loc xlink:type="locator" xlink:href="http://xbrl.fasb.org/us-gaap/2011/elts/us-gaap-2011-01-31.xsd#us-gaap_StatementTable" xlink:label="Locator_us-gaap_StatementTable_598" />
        <definitionArc xlink:type="arc" xlink:arcrole="http://xbrl.org/int/dim/arcrole/all" xlink:from="Locator_us-gaap_StatementLineItems_597" xlink:to="Locator_us-gaap_StatementTable_598" order="-1.0" xbrldt:contextElement="segment" xbrldt:closed="true" />
        <loc xlink:type="locator" xlink:href="http://xbrl.fasb.org/us-gaap/2011/elts/us-gaap-2011-01-31.xsd#us-gaap_StatementTable" xlink:label="Locator_us-gaap_StatementTable_601" />
        <loc xlink:type="locator" xlink:href="http://xbrl.fasb.org/us-gaap/2011/elts/us-gaap-2011-01-31.xsd#us-gaap_StatementClassOfStockAxis" xlink:label="Locator_us-gaap_StatementClassOfStockAxis_602" />
        <definitionArc xlink:type="arc" xlink:arcrole="http://xbrl.org/int/dim/arcrole/hypercube-dimension" xlink:from="Locator_us-gaap_StatementTable_601" xlink:to="Locator_us-gaap_StatementClassOfStockAxis_602" order="1.0" />
        <loc xlink:type="locator" xlink:href="http://xbrl.fasb.org/us-gaap/2011/elts/us-gaap-2011-01-31.xsd#us-gaap_StatementClassOfStockAxis" xlink:label="Locator_us-gaap_StatementClassOfStockAxis_605" />
        <loc xlink:type="locator" xlink:href="http://xbrl.fasb.org/us-gaap/2011/elts/us-gaap-2011-01-31.xsd#us-gaap_ClassOfStockDomain" xlink:label="Locator_us-gaap_ClassOfStockDomain_606" />
        <definitionArc xlink:type="arc" xlink:arcrole="http://xbrl.org/int/dim/arcrole/dimension-domain" xlink:from="Locator_us-gaap_StatementClassOfStockAxis_605" xlink:to="Locator_us-gaap_ClassOfStockDomain_606" order="1.0" />
        <loc xlink:type="locator" xlink:href="http://xbrl.fasb.org/us-gaap/2011/elts/us-gaap-2011-01-31.xsd#us-gaap_ClassOfStockDomain" xlink:label="Locator_us-gaap_ClassOfStockDomain_607" />
        <loc xlink:type="locator" xlink:href="http://xbrl.fasb.org/us-gaap/2011/elts/us-gaap-2011-01-31.xsd#us-gaap_SeriesCPreferredStockMember" xlink:label="Locator_us-gaap_SeriesCPreferredStockMember_608" />
        <definitionArc xlink:type="arc" xlink:arcrole="http://xbrl.org/int/dim/arcrole/domain-member" xlink:from="Locator_us-gaap_ClassOfStockDomain_607" xlink:to="Locator_us-gaap_SeriesCPreferredStockMember_608" order="1.0" />
        <loc xlink:type="locator" xlink:href="http://xbrl.fasb.org/us-gaap/2011/elts/us-gaap-2011-01-31.xsd#us-gaap_StatementTable" xlink:label="Locator_us-gaap_StatementTable_603" />
        <loc xlink:type="locator" xlink:href="http://xbrl.fasb.org/us-gaap/2011/elts/us-gaap-2011-01-31.xsd#us-gaap_StatementEquityComponentsAxis" xlink:label="Locator_us-gaap_StatementEquityComponentsAxis_604" />
        <definitionArc xlink:type="arc" xlink:arcrole="http://xbrl.org/int/dim/arcrole/hypercube-dimension" xlink:from="Locator_us-gaap_StatementTable_603" xlink:to="Locator_us-gaap_StatementEquityComponentsAxis_604" order="2.0" />
        <loc xlink:type="locator" xlink:href="http://xbrl.fasb.org/us-gaap/2011/elts/us-gaap-2011-01-31.xsd#us-gaap_StatementEquityComponentsAxis" xlink:label="Locator_us-gaap_StatementEquityComponentsAxis_609" />
        <loc xlink:type="locator" xlink:href="http://xbrl.fasb.org/us-gaap/2011/elts/us-gaap-2011-01-31.xsd#us-gaap_EquityComponentDomain" xlink:label="Locator_us-gaap_EquityComponentDomain_610" />
        <definitionArc xlink:type="arc" xlink:arcrole="http://xbrl.org/int/dim/arcrole/dimension-domain" xlink:from="Locator_us-gaap_StatementEquityComponentsAxis_609" xlink:to="Locator_us-gaap_EquityComponentDomain_610" order="1.0" />
        <loc xlink:type="locator" xlink:href="http://xbrl.fasb.org/us-gaap/2011/elts/us-gaap-2011-01-31.xsd#us-gaap_StatementEquityComponentsAxis" xlink:label="Locator_us-gaap_StatementEquityComponentsAxis_647" />
        <loc xlink:type="locator" xlink:href="http://xbrl.fasb.org/us-gaap/2011/elts/us-gaap-2011-01-31.xsd#us-gaap_EquityComponentDomain" xlink:label="Locator_us-gaap_EquityComponentDomain_648" />
        <definitionArc xlink:type="arc" xlink:arcrole="http://xbrl.org/int/dim/arcrole/dimension-default" xlink:from="Locator_us-gaap_StatementEquityComponentsAxis_647" xlink:to="Locator_us-gaap_EquityComponentDomain_648" order="1.0" />
        <loc xlink:type="locator" xlink:href="http://xbrl.fasb.org/us-gaap/2011/elts/us-gaap-2011-01-31.xsd#us-gaap_EquityComponentDomain" xlink:label="Locator_us-gaap_EquityComponentDomain_611" />
        <loc xlink:type="locator" xlink:href="http://xbrl.fasb.org/us-gaap/2011/elts/us-gaap-2011-01-31.xsd#us-gaap_CommonStockMember" xlink:label="Locator_us-gaap_CommonStockMember_612" />
        <definitionArc xlink:type="arc" xlink:arcrole="http://xbrl.org/int/dim/arcrole/domain-member" xlink:from="Locator_us-gaap_EquityComponentDomain_611" xlink:to="Locator_us-gaap_CommonStockMember_612" order="1.0" />
        <loc xlink:type="locator" xlink:href="http://xbrl.fasb.org/us-gaap/2011/elts/us-gaap-2011-01-31.xsd#us-gaap_EquityComponentDomain" xlink:label="Locator_us-gaap_EquityComponentDomain_613" />
        <loc xlink:type="locator" xlink:href="http://xbrl.fasb.org/us-gaap/2011/elts/us-gaap-2011-01-31.xsd#us-gaap_TreasuryStockMember" xlink:label="Locator_us-gaap_TreasuryStockMember_614" />
        <definitionArc xlink:type="arc" xlink:arcrole="http://xbrl.org/int/dim/arcrole/domain-member" xlink:from="Locator_us-gaap_EquityComponentDomain_613" xlink:to="Locator_us-gaap_TreasuryStockMember_614" order="2.0" />
        <loc xlink:type="locator" xlink:href="http://xbrl.fasb.org/us-gaap/2011/elts/us-gaap-2011-01-31.xsd#us-gaap_EquityComponentDomain" xlink:label="Locator_us-gaap_EquityComponentDomain_615" />
        <loc xlink:type="locator" xlink:href="http://xbrl.fasb.org/us-gaap/2011/elts/us-gaap-2011-01-31.xsd#us-gaap_AdditionalPaidInCapitalMember" xlink:label="Locator_us-gaap_AdditionalPaidInCapitalMember_616" />
        <definitionArc xlink:type="arc" xlink:arcrole="http://xbrl.org/int/dim/arcrole/domain-member" xlink:from="Locator_us-gaap_EquityComponentDomain_615" xlink:to="Locator_us-gaap_AdditionalPaidInCapitalMember_616" order="3.0" />
        <loc xlink:type="locator" xlink:href="http://xbrl.fasb.org/us-gaap/2011/elts/us-gaap-2011-01-31.xsd#us-gaap_EquityComponentDomain" xlink:label="Locator_us-gaap_EquityComponentDomain_617" />
        <loc xlink:type="locator" xlink:href="http://xbrl.fasb.org/us-gaap/2011/elts/us-gaap-2011-01-31.xsd#us-gaap_AccumulatedOtherComprehensiveIncomeMember" xlink:label="Locator_us-gaap_AccumulatedOtherComprehensiveIncomeMember_618" />
        <definitionArc xlink:type="arc" xlink:arcrole="http://xbrl.org/int/dim/arcrole/domain-member" xlink:from="Locator_us-gaap_EquityComponentDomain_617" xlink:to="Locator_us-gaap_AccumulatedOtherComprehensiveIncomeMember_618" order="4.0" />
        <loc xlink:type="locator" xlink:href="http://xbrl.fasb.org/us-gaap/2011/elts/us-gaap-2011-01-31.xsd#us-gaap_EquityComponentDomain" xlink:label="Locator_us-gaap_EquityComponentDomain_619" />
        <loc xlink:type="locator" xlink:href="http://xbrl.fasb.org/us-gaap/2011/elts/us-gaap-2011-01-31.xsd#us-gaap_RetainedEarningsMember" xlink:label="Locator_us-gaap_RetainedEarningsMember_620" />
        <definitionArc xlink:type="arc" xlink:arcrole="http://xbrl.org/int/dim/arcrole/domain-member" xlink:from="Locator_us-gaap_EquityComponentDomain_619" xlink:to="Locator_us-gaap_RetainedEarningsMember_620" order="5.0" />
        <loc xlink:type="locator" xlink:href="http://xbrl.fasb.org/us-gaap/2011/elts/us-gaap-2011-01-31.xsd#us-gaap_EquityComponentDomain" xlink:label="Locator_us-gaap_EquityComponentDomain_621" />
        <loc xlink:type="locator" xlink:href="http://xbrl.fasb.org/us-gaap/2011/elts/us-gaap-2011-01-31.xsd#us-gaap_ComprehensiveIncomeMember" xlink:label="Locator_us-gaap_ComprehensiveIncomeMember_622" />
        <definitionArc xlink:type="arc" xlink:arcrole="http://xbrl.org/int/dim/arcrole/domain-member" xlink:from="Locator_us-gaap_EquityComponentDomain_621" xlink:to="Locator_us-gaap_ComprehensiveIncomeMember_622" order="6.0" />
        <loc xlink:type="locator" xlink:href="http://xbrl.fasb.org/us-gaap/2011/elts/us-gaap-2011-01-31.xsd#us-gaap_StatementLineItems" xlink:label="Locator_us-gaap_StatementLineItems_623" />
        <loc xlink:type="locator" xlink:href="http://xbrl.fasb.org/us-gaap/2011/elts/us-gaap-2011-01-31.xsd#us-gaap_StockholdersEquityIncludingPortionAttributableToNoncontrollingInterest" xlink:label="Locator_us-gaap_StockholdersEquityIncludingPortionAttributableToNoncontrollingInterest_624" />
        <definitionArc xlink:type="arc" xlink:arcrole="http://xbrl.org/int/dim/arcrole/domain-member" xlink:from="Locator_us-gaap_StatementLineItems_623" xlink:to="Locator_us-gaap_StockholdersEquityIncludingPortionAttributableToNoncontrollingInterest_624" order="1.0" />
        <loc xlink:type="locator" xlink:href="http://xbrl.fasb.org/us-gaap/2011/elts/us-gaap-2011-01-31.xsd#us-gaap_StatementLineItems" xlink:label="Locator_us-gaap_StatementLineItems_625" />
        <loc xlink:type="locator" xlink:href="http://xbrl.fasb.org/us-gaap/2011/elts/us-gaap-2011-01-31.xsd#us-gaap_DividendsPreferredStock" xlink:label="Locator_us-gaap_DividendsPreferredStock_626" />
        <definitionArc xlink:type="arc" xlink:arcrole="http://xbrl.org/int/dim/arcrole/domain-member" xlink:from="Locator_us-gaap_StatementLineItems_625" xlink:to="Locator_us-gaap_DividendsPreferredStock_626" order="2.0" />
        <loc xlink:type="locator" xlink:href="http://xbrl.fasb.org/us-gaap/2011/elts/us-gaap-2011-01-31.xsd#us-gaap_StatementLineItems" xlink:label="Locator_us-gaap_StatementLineItems_627" />
        <loc xlink:type="locator" xlink:href="http://xbrl.fasb.org/us-gaap/2011/elts/us-gaap-2011-01-31.xsd#us-gaap_StockIssuedDuringPeriodValueNewIssues" xlink:label="Locator_us-gaap_StockIssuedDuringPeriodValueNewIssues_628" />
        <definitionArc xlink:type="arc" xlink:arcrole="http://xbrl.org/int/dim/arcrole/domain-member" xlink:from="Locator_us-gaap_StatementLineItems_627" xlink:to="Locator_us-gaap_StockIssuedDuringPeriodValueNewIssues_628" order="3.0" />
        <loc xlink:type="locator" xlink:href="http://xbrl.fasb.org/us-gaap/2011/elts/us-gaap-2011-01-31.xsd#us-gaap_StatementLineItems" xlink:label="Locator_us-gaap_StatementLineItems_629" />
        <loc xlink:type="locator" xlink:href="http://xbrl.fasb.org/us-gaap/2011/elts/us-gaap-2011-01-31.xsd#us-gaap_StockIssuedDuringPeriodValueConversionOfUnits" xlink:label="Locator_us-gaap_StockIssuedDuringPeriodValueConversionOfUnits_630" />
        <definitionArc xlink:type="arc" xlink:arcrole="http://xbrl.org/int/dim/arcrole/domain-member" xlink:from="Locator_us-gaap_StatementLineItems_629" xlink:to="Locator_us-gaap_StockIssuedDuringPeriodValueConversionOfUnits_630" order="4.0" />
        <loc xlink:type="locator" xlink:href="http://xbrl.fasb.org/us-gaap/2011/elts/us-gaap-2011-01-31.xsd#us-gaap_StatementLineItems" xlink:label="Locator_us-gaap_StatementLineItems_631" />
        <loc xlink:type="locator" xlink:href="http://xbrl.fasb.org/us-gaap/2011/elts/us-gaap-2011-01-31.xsd#us-gaap_IncreaseDecreaseInDeferredCompensation" xlink:label="Locator_us-gaap_IncreaseDecreaseInDeferredCompensation_632" />
        <definitionArc xlink:type="arc" xlink:arcrole="http://xbrl.org/int/dim/arcrole/domain-member" xlink:from="Locator_us-gaap_StatementLineItems_631" xlink:to="Locator_us-gaap_IncreaseDecreaseInDeferredCompensation_632" order="5.0" />
        <loc xlink:type="locator" xlink:href="http://xbrl.fasb.org/us-gaap/2011/elts/us-gaap-2011-01-31.xsd#us-gaap_StatementLineItems" xlink:label="Locator_us-gaap_StatementLineItems_633" />
        <loc xlink:type="locator" xlink:href="http://xbrl.fasb.org/us-gaap/2011/elts/us-gaap-2011-01-31.xsd#us-gaap_TreasuryStockValueAcquiredCostMethod" xlink:label="Locator_us-gaap_TreasuryStockValueAcquiredCostMethod_634" />
        <definitionArc xlink:type="arc" xlink:arcrole="http://xbrl.org/int/dim/arcrole/domain-member" xlink:from="Locator_us-gaap_StatementLineItems_633" xlink:to="Locator_us-gaap_TreasuryStockValueAcquiredCostMethod_634" order="6.0" />
        <loc xlink:type="locator" xlink:href="http://xbrl.fasb.org/us-gaap/2011/elts/us-gaap-2011-01-31.xsd#us-gaap_StatementLineItems" xlink:label="Locator_us-gaap_StatementLineItems_635" />
        <loc xlink:type="locator" xlink:href="end-20111231.xsd#end_StockholdersEquityIncludingPortionAttributableToNoncontrollingInterestOther" xlink:label="Locator_end_StockholdersEquityIncludingPortionAttributableToNoncontrollingInterestOther_636" />
        <definitionArc xlink:type="arc" xlink:arcrole="http://xbrl.org/int/dim/arcrole/domain-member" xlink:from="Locator_us-gaap_StatementLineItems_635" xlink:to="Locator_end_StockholdersEquityIncludingPortionAttributableToNoncontrollingInterestOther_636" order="7.0" />
        <loc xlink:type="locator" xlink:href="http://xbrl.fasb.org/us-gaap/2011/elts/us-gaap-2011-01-31.xsd#us-gaap_StatementLineItems" xlink:label="Locator_us-gaap_StatementLineItems_637" />
        <loc xlink:type="locator" xlink:href="http://xbrl.fasb.org/us-gaap/2011/elts/us-gaap-2011-01-31.xsd#us-gaap_OtherComprehensiveIncomeLossNetOfTaxPeriodIncreaseDecreaseAbstract" xlink:label="Locator_us-gaap_OtherComprehensiveIncomeLossNetOfTaxPeriodIncreaseDecreaseAbstract_638" />
        <definitionArc xlink:type="arc" xlink:arcrole="http://xbrl.org/int/dim/arcrole/domain-member" xlink:from="Locator_us-gaap_StatementLineItems_637" xlink:to="Locator_us-gaap_OtherComprehensiveIncomeLossNetOfTaxPeriodIncreaseDecreaseAbstract_638" order="8.0" />
        <loc xlink:type="locator" xlink:href="http://xbrl.fasb.org/us-gaap/2011/elts/us-gaap-2011-01-31.xsd#us-gaap_OtherComprehensiveIncomeLossNetOfTaxPeriodIncreaseDecreaseAbstract" xlink:label="Locator_us-gaap_OtherComprehensiveIncomeLossNetOfTaxPeriodIncreaseDecreaseAbstract_639" />
        <loc xlink:type="locator" xlink:href="http://xbrl.fasb.org/us-gaap/2011/elts/us-gaap-2011-01-31.xsd#us-gaap_ProfitLoss" xlink:label="Locator_us-gaap_ProfitLoss_640" />
        <definitionArc xlink:type="arc" xlink:arcrole="http://xbrl.org/int/dim/arcrole/domain-member" xlink:from="Locator_us-gaap_OtherComprehensiveIncomeLossNetOfTaxPeriodIncreaseDecreaseAbstract_639" xlink:to="Locator_us-gaap_ProfitLoss_640" order="1.0" />
        <loc xlink:type="locator" xlink:href="http://xbrl.fasb.org/us-gaap/2011/elts/us-gaap-2011-01-31.xsd#us-gaap_OtherComprehensiveIncomeLossNetOfTaxPeriodIncreaseDecreaseAbstract" xlink:label="Locator_us-gaap_OtherComprehensiveIncomeLossNetOfTaxPeriodIncreaseDecreaseAbstract_641" />
        <loc xlink:type="locator" xlink:href="http://xbrl.fasb.org/us-gaap/2011/elts/us-gaap-2011-01-31.xsd#us-gaap_OtherComprehensiveIncomeForeignCurrencyTransactionAndTranslationAdjustmentNetOfTaxPeriodIncreaseDecreaseAbstract" xlink:label="Locator_us-gaap_OtherComprehensiveIncomeForeignCurrencyTransactionAndTranslationAdjustmentNetOfTaxPeriodIncreaseDecreaseAbstract_642" />
        <definitionArc xlink:type="arc" xlink:arcrole="http://xbrl.org/int/dim/arcrole/domain-member" xlink:from="Locator_us-gaap_OtherComprehensiveIncomeLossNetOfTaxPeriodIncreaseDecreaseAbstract_641" xlink:to="Locator_us-gaap_OtherComprehensiveIncomeForeignCurrencyTransactionAndTranslationAdjustmentNetOfTaxPeriodIncreaseDecreaseAbstract_642" order="2.0" />
        <loc xlink:type="locator" xlink:href="http://xbrl.fasb.org/us-gaap/2011/elts/us-gaap-2011-01-31.xsd#us-gaap_OtherComprehensiveIncomeForeignCurrencyTransactionAndTranslationAdjustmentNetOfTaxPeriodIncreaseDecreaseAbstract" xlink:label="Locator_us-gaap_OtherComprehensiveIncomeForeignCurrencyTransactionAndTranslationAdjustmentNetOfTaxPeriodIncreaseDecreaseAbstract_643" />
        <loc xlink:type="locator" xlink:href="http://xbrl.fasb.org/us-gaap/2011/elts/us-gaap-2011-01-31.xsd#us-gaap_OtherComprehensiveIncomeUnrealizedGainLossOnDerivativesArisingDuringPeriodNetOfTax" xlink:label="Locator_us-gaap_OtherComprehensiveIncomeUnrealizedGainLossOnDerivativesArisingDuringPeriodNetOfTax_644" />
        <definitionArc xlink:type="arc" xlink:arcrole="http://xbrl.org/int/dim/arcrole/domain-member" xlink:from="Locator_us-gaap_OtherComprehensiveIncomeForeignCurrencyTransactionAndTranslationAdjustmentNetOfTaxPeriodIncreaseDecreaseAbstract_643" xlink:to="Locator_us-gaap_OtherComprehensiveIncomeUnrealizedGainLossOnDerivativesArisingDuringPeriodNetOfTax_644" order="1.0" />
        <loc xlink:type="locator" xlink:href="http://xbrl.fasb.org/us-gaap/2011/elts/us-gaap-2011-01-31.xsd#us-gaap_OtherComprehensiveIncomeForeignCurrencyTransactionAndTranslationAdjustmentNetOfTaxPeriodIncreaseDecreaseAbstract" xlink:label="Locator_us-gaap_OtherComprehensiveIncomeForeignCurrencyTransactionAndTranslationAdjustmentNetOfTaxPeriodIncreaseDecreaseAbstract_645" />
        <loc xlink:type="locator" xlink:href="http://xbrl.fasb.org/us-gaap/2011/elts/us-gaap-2011-01-31.xsd#us-gaap_OtherComprehensiveIncomeAvailableForSaleSecuritiesAdjustmentNetOfTaxPeriodIncreaseDecrease" xlink:label="Locator_us-gaap_OtherComprehensiveIncomeAvailableForSaleSecuritiesAdjustmentNetOfTaxPeriodIncreaseDecrease_646" />
        <definitionArc xlink:type="arc" xlink:arcrole="http://xbrl.org/int/dim/arcrole/domain-member" xlink:from="Locator_us-gaap_OtherComprehensiveIncomeForeignCurrencyTransactionAndTranslationAdjustmentNetOfTaxPeriodIncreaseDecreaseAbstract_645" xlink:to="Locator_us-gaap_OtherComprehensiveIncomeAvailableForSaleSecuritiesAdjustmentNetOfTaxPeriodIncreaseDecrease_646" order="2.0" />
    </definitionLink>
</linkbase>
