<?xml version="1.0" encoding="ASCII"?>
<!-- Prepared by IBM Cognos FSR v6.7.0.218 using Fujitsu Interstage XWand -->
<linkbase xmlns:xsi="http://www.w3.org/2001/XMLSchema-instance" xsi:schemaLocation="http://www.xbrl.org/2003/instance http://www.xbrl.org/2003/xbrl-instance-2003-12-31.xsd" xmlns="http://www.xbrl.org/2003/linkbase" xmlns:xlink="http://www.w3.org/1999/xlink" xmlns:xbrli="http://www.xbrl.org/2003/instance">
    <roleRef roleURI="http://www.endeavourcorp.com/role/StatementCondensedConsolidatedStatementOfOperations" xlink:type="simple" xlink:href="end-20111231.xsd#end_ELRID_CondensedConsolidatedStatementOfOperations" />
    <roleRef roleURI="http://www.endeavourcorp.com/role/StatementCondensedConsolidatedBalanceSheets" xlink:type="simple" xlink:href="end-20111231.xsd#end_ELRID_StatementCondensedConsolidatedBalanceSheets" />
    <roleRef roleURI="http://www.endeavourcorp.com/role/StatementCondensedConsolidatedStatementOfCashFlows" xlink:type="simple" xlink:href="end-20111231.xsd#end_ELRID_StatementStatementOfCashFlows" />
    <calculationLink xlink:type="extended" xlink:role="http://www.endeavourcorp.com/role/StatementCondensedConsolidatedStatementOfOperations">
        <loc xlink:type="locator" xlink:href="http://xbrl.fasb.org/us-gaap/2011/elts/us-gaap-2011-01-31.xsd#us-gaap_NetIncomeLossAvailableToCommonStockholdersBasic" xlink:label="Locator_us-gaap_NetIncomeLossAvailableToCommonStockholdersBasic_113" />
        <loc xlink:type="locator" xlink:href="http://xbrl.fasb.org/us-gaap/2011/elts/us-gaap-2011-01-31.xsd#us-gaap_NetIncomeLoss" xlink:label="Locator_us-gaap_NetIncomeLoss_114" />
        <calculationArc xlink:type="arc" xlink:arcrole="http://www.xbrl.org/2003/arcrole/summation-item" xlink:from="Locator_us-gaap_NetIncomeLossAvailableToCommonStockholdersBasic_113" xlink:to="Locator_us-gaap_NetIncomeLoss_114" order="25.0" weight="1" />
        <loc xlink:type="locator" xlink:href="http://xbrl.fasb.org/us-gaap/2011/elts/us-gaap-2011-01-31.xsd#us-gaap_NetIncomeLoss" xlink:label="Locator_us-gaap_NetIncomeLoss_117" />
        <loc xlink:type="locator" xlink:href="http://xbrl.fasb.org/us-gaap/2011/elts/us-gaap-2011-01-31.xsd#us-gaap_IncomeLossFromContinuingOperationsIncludingPortionAttributableToNoncontrollingInterest" xlink:label="Locator_us-gaap_IncomeLossFromContinuingOperationsIncludingPortionAttributableToNoncontrollingInterest_118" />
        <calculationArc xlink:type="arc" xlink:arcrole="http://www.xbrl.org/2003/arcrole/summation-item" xlink:from="Locator_us-gaap_NetIncomeLoss_117" xlink:to="Locator_us-gaap_IncomeLossFromContinuingOperationsIncludingPortionAttributableToNoncontrollingInterest_118" order="20.0" weight="1" />
        <loc xlink:type="locator" xlink:href="http://xbrl.fasb.org/us-gaap/2011/elts/us-gaap-2011-01-31.xsd#us-gaap_IncomeLossFromContinuingOperationsIncludingPortionAttributableToNoncontrollingInterest" xlink:label="Locator_us-gaap_IncomeLossFromContinuingOperationsIncludingPortionAttributableToNoncontrollingInterest_121" />
        <loc xlink:type="locator" xlink:href="http://xbrl.fasb.org/us-gaap/2011/elts/us-gaap-2011-01-31.xsd#us-gaap_IncomeLossFromContinuingOperationsBeforeIncomeTaxesMinorityInterestAndIncomeLossFromEquityMethodInvestments" xlink:label="Locator_us-gaap_IncomeLossFromContinuingOperationsBeforeIncomeTaxesMinorityInterestAndIncomeLossFromEquityMethodInvestments_122" />
        <calculationArc xlink:type="arc" xlink:arcrole="http://www.xbrl.org/2003/arcrole/summation-item" xlink:from="Locator_us-gaap_IncomeLossFromContinuingOperationsIncludingPortionAttributableToNoncontrollingInterest_121" xlink:to="Locator_us-gaap_IncomeLossFromContinuingOperationsBeforeIncomeTaxesMinorityInterestAndIncomeLossFromEquityMethodInvestments_122" order="18.0" weight="1" />
        <loc xlink:type="locator" xlink:href="http://xbrl.fasb.org/us-gaap/2011/elts/us-gaap-2011-01-31.xsd#us-gaap_IncomeLossFromContinuingOperationsBeforeIncomeTaxesMinorityInterestAndIncomeLossFromEquityMethodInvestments" xlink:label="Locator_us-gaap_IncomeLossFromContinuingOperationsBeforeIncomeTaxesMinorityInterestAndIncomeLossFromEquityMethodInvestments_125" />
        <loc xlink:type="locator" xlink:href="http://xbrl.fasb.org/us-gaap/2011/elts/us-gaap-2011-01-31.xsd#us-gaap_NonoperatingIncomeExpense" xlink:label="Locator_us-gaap_NonoperatingIncomeExpense_126" />
        <calculationArc xlink:type="arc" xlink:arcrole="http://www.xbrl.org/2003/arcrole/summation-item" xlink:from="Locator_us-gaap_IncomeLossFromContinuingOperationsBeforeIncomeTaxesMinorityInterestAndIncomeLossFromEquityMethodInvestments_125" xlink:to="Locator_us-gaap_NonoperatingIncomeExpense_126" order="17.0" weight="1" />
        <loc xlink:type="locator" xlink:href="http://xbrl.fasb.org/us-gaap/2011/elts/us-gaap-2011-01-31.xsd#us-gaap_NonoperatingIncomeExpense" xlink:label="Locator_us-gaap_NonoperatingIncomeExpense_129" />
        <loc xlink:type="locator" xlink:href="end-20111231.xsd#end_RealizedGainLossOnDerivatives" xlink:label="Locator_end_RealizedGainLossOnDerivatives_130" />
        <calculationArc xlink:type="arc" xlink:arcrole="http://www.xbrl.org/2003/arcrole/summation-item" xlink:from="Locator_us-gaap_NonoperatingIncomeExpense_129" xlink:to="Locator_end_RealizedGainLossOnDerivatives_130" order="11.0" weight="1" />
        <loc xlink:type="locator" xlink:href="http://xbrl.fasb.org/us-gaap/2011/elts/us-gaap-2011-01-31.xsd#us-gaap_NonoperatingIncomeExpense" xlink:label="Locator_us-gaap_NonoperatingIncomeExpense_131" />
        <loc xlink:type="locator" xlink:href="http://xbrl.fasb.org/us-gaap/2011/elts/us-gaap-2011-01-31.xsd#us-gaap_UnrealizedGainLossOnDerivativesAndCommodityContracts" xlink:label="Locator_us-gaap_UnrealizedGainLossOnDerivativesAndCommodityContracts_132" />
        <calculationArc xlink:type="arc" xlink:arcrole="http://www.xbrl.org/2003/arcrole/summation-item" xlink:from="Locator_us-gaap_NonoperatingIncomeExpense_131" xlink:to="Locator_us-gaap_UnrealizedGainLossOnDerivativesAndCommodityContracts_132" order="13.0" weight="1" />
        <loc xlink:type="locator" xlink:href="http://xbrl.fasb.org/us-gaap/2011/elts/us-gaap-2011-01-31.xsd#us-gaap_NonoperatingIncomeExpense" xlink:label="Locator_us-gaap_NonoperatingIncomeExpense_133" />
        <loc xlink:type="locator" xlink:href="http://xbrl.fasb.org/us-gaap/2011/elts/us-gaap-2011-01-31.xsd#us-gaap_InterestExpense" xlink:label="Locator_us-gaap_InterestExpense_134" />
        <calculationArc xlink:type="arc" xlink:arcrole="http://www.xbrl.org/2003/arcrole/summation-item" xlink:from="Locator_us-gaap_NonoperatingIncomeExpense_133" xlink:to="Locator_us-gaap_InterestExpense_134" order="14.0" weight="-1" />
        <loc xlink:type="locator" xlink:href="http://xbrl.fasb.org/us-gaap/2011/elts/us-gaap-2011-01-31.xsd#us-gaap_NonoperatingIncomeExpense" xlink:label="Locator_us-gaap_NonoperatingIncomeExpense_135" />
        <loc xlink:type="locator" xlink:href="http://xbrl.fasb.org/us-gaap/2011/elts/us-gaap-2011-01-31.xsd#us-gaap_OtherNonoperatingIncomeExpense" xlink:label="Locator_us-gaap_OtherNonoperatingIncomeExpense_136" />
        <calculationArc xlink:type="arc" xlink:arcrole="http://www.xbrl.org/2003/arcrole/summation-item" xlink:from="Locator_us-gaap_NonoperatingIncomeExpense_135" xlink:to="Locator_us-gaap_OtherNonoperatingIncomeExpense_136" order="16.0" weight="1" />
        <loc xlink:type="locator" xlink:href="http://xbrl.fasb.org/us-gaap/2011/elts/us-gaap-2011-01-31.xsd#us-gaap_NonoperatingIncomeExpense" xlink:label="Locator_us-gaap_NonoperatingIncomeExpense_137" />
        <loc xlink:type="locator" xlink:href="end-20111231.xsd#end_RealizedGainLossOnEarlyDerivativeTermination" xlink:label="Locator_end_RealizedGainLossOnEarlyDerivativeTermination_138" />
        <calculationArc xlink:type="arc" xlink:arcrole="http://www.xbrl.org/2003/arcrole/summation-item" xlink:from="Locator_us-gaap_NonoperatingIncomeExpense_137" xlink:to="Locator_end_RealizedGainLossOnEarlyDerivativeTermination_138" order="12.0" weight="1" />
        <loc xlink:type="locator" xlink:href="http://xbrl.fasb.org/us-gaap/2011/elts/us-gaap-2011-01-31.xsd#us-gaap_NonoperatingIncomeExpense" xlink:label="Locator_us-gaap_NonoperatingIncomeExpense_139" />
        <loc xlink:type="locator" xlink:href="http://xbrl.fasb.org/us-gaap/2011/elts/us-gaap-2011-01-31.xsd#us-gaap_GainLossOnSaleOfProperty" xlink:label="Locator_us-gaap_GainLossOnSaleOfProperty_140" />
        <calculationArc xlink:type="arc" xlink:arcrole="http://www.xbrl.org/2003/arcrole/summation-item" xlink:from="Locator_us-gaap_NonoperatingIncomeExpense_139" xlink:to="Locator_us-gaap_GainLossOnSaleOfProperty_140" order="15.0" weight="1" />
        <loc xlink:type="locator" xlink:href="http://xbrl.fasb.org/us-gaap/2011/elts/us-gaap-2011-01-31.xsd#us-gaap_IncomeLossFromContinuingOperationsBeforeIncomeTaxesMinorityInterestAndIncomeLossFromEquityMethodInvestments" xlink:label="Locator_us-gaap_IncomeLossFromContinuingOperationsBeforeIncomeTaxesMinorityInterestAndIncomeLossFromEquityMethodInvestments_127" />
        <loc xlink:type="locator" xlink:href="http://xbrl.fasb.org/us-gaap/2011/elts/us-gaap-2011-01-31.xsd#us-gaap_OperatingIncomeLoss" xlink:label="Locator_us-gaap_OperatingIncomeLoss_128" />
        <calculationArc xlink:type="arc" xlink:arcrole="http://www.xbrl.org/2003/arcrole/summation-item" xlink:from="Locator_us-gaap_IncomeLossFromContinuingOperationsBeforeIncomeTaxesMinorityInterestAndIncomeLossFromEquityMethodInvestments_127" xlink:to="Locator_us-gaap_OperatingIncomeLoss_128" order="8.0" weight="1" />
        <loc xlink:type="locator" xlink:href="http://xbrl.fasb.org/us-gaap/2011/elts/us-gaap-2011-01-31.xsd#us-gaap_OperatingIncomeLoss" xlink:label="Locator_us-gaap_OperatingIncomeLoss_141" />
        <loc xlink:type="locator" xlink:href="http://xbrl.fasb.org/us-gaap/2011/elts/us-gaap-2011-01-31.xsd#us-gaap_CostsAndExpenses" xlink:label="Locator_us-gaap_CostsAndExpenses_142" />
        <calculationArc xlink:type="arc" xlink:arcrole="http://www.xbrl.org/2003/arcrole/summation-item" xlink:from="Locator_us-gaap_OperatingIncomeLoss_141" xlink:to="Locator_us-gaap_CostsAndExpenses_142" order="7.0" weight="-1" />
        <loc xlink:type="locator" xlink:href="http://xbrl.fasb.org/us-gaap/2011/elts/us-gaap-2011-01-31.xsd#us-gaap_CostsAndExpenses" xlink:label="Locator_us-gaap_CostsAndExpenses_145" />
        <loc xlink:type="locator" xlink:href="http://xbrl.fasb.org/us-gaap/2011/elts/us-gaap-2011-01-31.xsd#us-gaap_OperatingCostsAndExpenses" xlink:label="Locator_us-gaap_OperatingCostsAndExpenses_146" />
        <calculationArc xlink:type="arc" xlink:arcrole="http://www.xbrl.org/2003/arcrole/summation-item" xlink:from="Locator_us-gaap_CostsAndExpenses_145" xlink:to="Locator_us-gaap_OperatingCostsAndExpenses_146" order="3.0" weight="1" />
        <loc xlink:type="locator" xlink:href="http://xbrl.fasb.org/us-gaap/2011/elts/us-gaap-2011-01-31.xsd#us-gaap_CostsAndExpenses" xlink:label="Locator_us-gaap_CostsAndExpenses_147" />
        <loc xlink:type="locator" xlink:href="http://xbrl.fasb.org/us-gaap/2011/elts/us-gaap-2011-01-31.xsd#us-gaap_DepreciationDepletionAndAmortization" xlink:label="Locator_us-gaap_DepreciationDepletionAndAmortization_148" />
        <calculationArc xlink:type="arc" xlink:arcrole="http://www.xbrl.org/2003/arcrole/summation-item" xlink:from="Locator_us-gaap_CostsAndExpenses_147" xlink:to="Locator_us-gaap_DepreciationDepletionAndAmortization_148" order="4.0" weight="1" />
        <loc xlink:type="locator" xlink:href="http://xbrl.fasb.org/us-gaap/2011/elts/us-gaap-2011-01-31.xsd#us-gaap_CostsAndExpenses" xlink:label="Locator_us-gaap_CostsAndExpenses_149" />
        <loc xlink:type="locator" xlink:href="http://xbrl.fasb.org/us-gaap/2011/elts/us-gaap-2011-01-31.xsd#us-gaap_ImpairmentOfOilAndGasProperties" xlink:label="Locator_us-gaap_ImpairmentOfOilAndGasProperties_150" />
        <calculationArc xlink:type="arc" xlink:arcrole="http://www.xbrl.org/2003/arcrole/summation-item" xlink:from="Locator_us-gaap_CostsAndExpenses_149" xlink:to="Locator_us-gaap_ImpairmentOfOilAndGasProperties_150" order="5.0" weight="1" />
        <loc xlink:type="locator" xlink:href="http://xbrl.fasb.org/us-gaap/2011/elts/us-gaap-2011-01-31.xsd#us-gaap_CostsAndExpenses" xlink:label="Locator_us-gaap_CostsAndExpenses_151" />
        <loc xlink:type="locator" xlink:href="http://xbrl.fasb.org/us-gaap/2011/elts/us-gaap-2011-01-31.xsd#us-gaap_GeneralAndAdministrativeExpense" xlink:label="Locator_us-gaap_GeneralAndAdministrativeExpense_152" />
        <calculationArc xlink:type="arc" xlink:arcrole="http://www.xbrl.org/2003/arcrole/summation-item" xlink:from="Locator_us-gaap_CostsAndExpenses_151" xlink:to="Locator_us-gaap_GeneralAndAdministrativeExpense_152" order="6.0" weight="1" />
        <loc xlink:type="locator" xlink:href="http://xbrl.fasb.org/us-gaap/2011/elts/us-gaap-2011-01-31.xsd#us-gaap_OperatingIncomeLoss" xlink:label="Locator_us-gaap_OperatingIncomeLoss_143" />
        <loc xlink:type="locator" xlink:href="http://xbrl.fasb.org/us-gaap/2011/elts/us-gaap-2011-01-31.xsd#us-gaap_OilAndGasRevenue" xlink:label="Locator_us-gaap_OilAndGasRevenue_144" />
        <calculationArc xlink:type="arc" xlink:arcrole="http://www.xbrl.org/2003/arcrole/summation-item" xlink:from="Locator_us-gaap_OperatingIncomeLoss_143" xlink:to="Locator_us-gaap_OilAndGasRevenue_144" order="1.0" weight="1" />
        <loc xlink:type="locator" xlink:href="http://xbrl.fasb.org/us-gaap/2011/elts/us-gaap-2011-01-31.xsd#us-gaap_IncomeLossFromContinuingOperationsIncludingPortionAttributableToNoncontrollingInterest" xlink:label="Locator_us-gaap_IncomeLossFromContinuingOperationsIncludingPortionAttributableToNoncontrollingInterest_123" />
        <loc xlink:type="locator" xlink:href="http://xbrl.fasb.org/us-gaap/2011/elts/us-gaap-2011-01-31.xsd#us-gaap_IncomeTaxExpenseBenefit" xlink:label="Locator_us-gaap_IncomeTaxExpenseBenefit_124" />
        <calculationArc xlink:type="arc" xlink:arcrole="http://www.xbrl.org/2003/arcrole/summation-item" xlink:from="Locator_us-gaap_IncomeLossFromContinuingOperationsIncludingPortionAttributableToNoncontrollingInterest_123" xlink:to="Locator_us-gaap_IncomeTaxExpenseBenefit_124" order="19.0" weight="-1" />
        <loc xlink:type="locator" xlink:href="http://xbrl.fasb.org/us-gaap/2011/elts/us-gaap-2011-01-31.xsd#us-gaap_NetIncomeLoss" xlink:label="Locator_us-gaap_NetIncomeLoss_119" />
        <loc xlink:type="locator" xlink:href="http://xbrl.fasb.org/us-gaap/2011/elts/us-gaap-2011-01-31.xsd#us-gaap_IncomeLossFromDiscontinuedOperationsNetOfTax" xlink:label="Locator_us-gaap_IncomeLossFromDiscontinuedOperationsNetOfTax_120" />
        <calculationArc xlink:type="arc" xlink:arcrole="http://www.xbrl.org/2003/arcrole/summation-item" xlink:from="Locator_us-gaap_NetIncomeLoss_119" xlink:to="Locator_us-gaap_IncomeLossFromDiscontinuedOperationsNetOfTax_120" order="24.0" weight="1" />
        <loc xlink:type="locator" xlink:href="http://xbrl.fasb.org/us-gaap/2011/elts/us-gaap-2011-01-31.xsd#us-gaap_IncomeLossFromDiscontinuedOperationsNetOfTax" xlink:label="Locator_us-gaap_IncomeLossFromDiscontinuedOperationsNetOfTax_153" />
        <loc xlink:type="locator" xlink:href="http://xbrl.fasb.org/us-gaap/2011/elts/us-gaap-2011-01-31.xsd#us-gaap_DiscontinuedOperationGainLossOnDisposalOfDiscontinuedOperationNetOfTax" xlink:label="Locator_us-gaap_DiscontinuedOperationGainLossOnDisposalOfDiscontinuedOperationNetOfTax_154" />
        <calculationArc xlink:type="arc" xlink:arcrole="http://www.xbrl.org/2003/arcrole/summation-item" xlink:from="Locator_us-gaap_IncomeLossFromDiscontinuedOperationsNetOfTax_153" xlink:to="Locator_us-gaap_DiscontinuedOperationGainLossOnDisposalOfDiscontinuedOperationNetOfTax_154" order="23.0" weight="1" />
        <loc xlink:type="locator" xlink:href="http://xbrl.fasb.org/us-gaap/2011/elts/us-gaap-2011-01-31.xsd#us-gaap_IncomeLossFromDiscontinuedOperationsNetOfTax" xlink:label="Locator_us-gaap_IncomeLossFromDiscontinuedOperationsNetOfTax_155" />
        <loc xlink:type="locator" xlink:href="http://xbrl.fasb.org/us-gaap/2011/elts/us-gaap-2011-01-31.xsd#us-gaap_DiscontinuedOperationIncomeLossFromDiscontinuedOperationDuringPhaseOutPeriodNetOfTax" xlink:label="Locator_us-gaap_DiscontinuedOperationIncomeLossFromDiscontinuedOperationDuringPhaseOutPeriodNetOfTax_156" />
        <calculationArc xlink:type="arc" xlink:arcrole="http://www.xbrl.org/2003/arcrole/summation-item" xlink:from="Locator_us-gaap_IncomeLossFromDiscontinuedOperationsNetOfTax_155" xlink:to="Locator_us-gaap_DiscontinuedOperationIncomeLossFromDiscontinuedOperationDuringPhaseOutPeriodNetOfTax_156" order="22.0" weight="1" />
        <loc xlink:type="locator" xlink:href="http://xbrl.fasb.org/us-gaap/2011/elts/us-gaap-2011-01-31.xsd#us-gaap_NetIncomeLossAvailableToCommonStockholdersBasic" xlink:label="Locator_us-gaap_NetIncomeLossAvailableToCommonStockholdersBasic_115" />
        <loc xlink:type="locator" xlink:href="http://xbrl.fasb.org/us-gaap/2011/elts/us-gaap-2011-01-31.xsd#us-gaap_DividendsPreferredStock" xlink:label="Locator_us-gaap_DividendsPreferredStock_116" />
        <calculationArc xlink:type="arc" xlink:arcrole="http://www.xbrl.org/2003/arcrole/summation-item" xlink:from="Locator_us-gaap_NetIncomeLossAvailableToCommonStockholdersBasic_115" xlink:to="Locator_us-gaap_DividendsPreferredStock_116" order="29.0" weight="-1" />
        <loc xlink:type="locator" xlink:href="http://xbrl.fasb.org/us-gaap/2011/elts/us-gaap-2011-01-31.xsd#us-gaap_DividendsPreferredStock" xlink:label="Locator_us-gaap_DividendsPreferredStock_157" />
        <loc xlink:type="locator" xlink:href="http://xbrl.fasb.org/us-gaap/2011/elts/us-gaap-2011-01-31.xsd#us-gaap_DividendsPreferredStockCash" xlink:label="Locator_us-gaap_DividendsPreferredStockCash_158" />
        <calculationArc xlink:type="arc" xlink:arcrole="http://www.xbrl.org/2003/arcrole/summation-item" xlink:from="Locator_us-gaap_DividendsPreferredStock_157" xlink:to="Locator_us-gaap_DividendsPreferredStockCash_158" order="27.0" weight="1" />
        <loc xlink:type="locator" xlink:href="http://xbrl.fasb.org/us-gaap/2011/elts/us-gaap-2011-01-31.xsd#us-gaap_DividendsPreferredStock" xlink:label="Locator_us-gaap_DividendsPreferredStock_159" />
        <loc xlink:type="locator" xlink:href="end-20111231.xsd#end_NonCashChargeUnderFairValueAccountingUponRedemption" xlink:label="Locator_end_NonCashChargeUnderFairValueAccountingUponRedemption_160" />
        <calculationArc xlink:type="arc" xlink:arcrole="http://www.xbrl.org/2003/arcrole/summation-item" xlink:from="Locator_us-gaap_DividendsPreferredStock_159" xlink:to="Locator_end_NonCashChargeUnderFairValueAccountingUponRedemption_160" order="28.0" weight="1" />
    </calculationLink>
    <calculationLink xlink:type="extended" xlink:role="http://www.endeavourcorp.com/role/StatementCondensedConsolidatedBalanceSheets">
        <loc xlink:type="locator" xlink:href="http://xbrl.fasb.org/us-gaap/2011/elts/us-gaap-2011-01-31.xsd#us-gaap_LiabilitiesAndStockholdersEquity" xlink:label="Locator_us-gaap_LiabilitiesAndStockholdersEquity_235" />
        <loc xlink:type="locator" xlink:href="http://xbrl.fasb.org/us-gaap/2011/elts/us-gaap-2011-01-31.xsd#us-gaap_StockholdersEquityIncludingPortionAttributableToNoncontrollingInterest" xlink:label="Locator_us-gaap_StockholdersEquityIncludingPortionAttributableToNoncontrollingInterest_236" />
        <calculationArc xlink:type="arc" xlink:arcrole="http://www.xbrl.org/2003/arcrole/summation-item" xlink:from="Locator_us-gaap_LiabilitiesAndStockholdersEquity_235" xlink:to="Locator_us-gaap_StockholdersEquityIncludingPortionAttributableToNoncontrollingInterest_236" order="35.0" weight="1" />
        <loc xlink:type="locator" xlink:href="http://xbrl.fasb.org/us-gaap/2011/elts/us-gaap-2011-01-31.xsd#us-gaap_StockholdersEquityIncludingPortionAttributableToNoncontrollingInterest" xlink:label="Locator_us-gaap_StockholdersEquityIncludingPortionAttributableToNoncontrollingInterest_241" />
        <loc xlink:type="locator" xlink:href="http://xbrl.fasb.org/us-gaap/2011/elts/us-gaap-2011-01-31.xsd#us-gaap_CommonStockValue" xlink:label="Locator_us-gaap_CommonStockValue_242" />
        <calculationArc xlink:type="arc" xlink:arcrole="http://www.xbrl.org/2003/arcrole/summation-item" xlink:from="Locator_us-gaap_StockholdersEquityIncludingPortionAttributableToNoncontrollingInterest_241" xlink:to="Locator_us-gaap_CommonStockValue_242" order="31.0" weight="1" />
        <loc xlink:type="locator" xlink:href="http://xbrl.fasb.org/us-gaap/2011/elts/us-gaap-2011-01-31.xsd#us-gaap_StockholdersEquityIncludingPortionAttributableToNoncontrollingInterest" xlink:label="Locator_us-gaap_StockholdersEquityIncludingPortionAttributableToNoncontrollingInterest_243" />
        <loc xlink:type="locator" xlink:href="http://xbrl.fasb.org/us-gaap/2011/elts/us-gaap-2011-01-31.xsd#us-gaap_AdditionalPaidInCapital" xlink:label="Locator_us-gaap_AdditionalPaidInCapital_244" />
        <calculationArc xlink:type="arc" xlink:arcrole="http://www.xbrl.org/2003/arcrole/summation-item" xlink:from="Locator_us-gaap_StockholdersEquityIncludingPortionAttributableToNoncontrollingInterest_243" xlink:to="Locator_us-gaap_AdditionalPaidInCapital_244" order="32.0" weight="1" />
        <loc xlink:type="locator" xlink:href="http://xbrl.fasb.org/us-gaap/2011/elts/us-gaap-2011-01-31.xsd#us-gaap_StockholdersEquityIncludingPortionAttributableToNoncontrollingInterest" xlink:label="Locator_us-gaap_StockholdersEquityIncludingPortionAttributableToNoncontrollingInterest_245" />
        <loc xlink:type="locator" xlink:href="http://xbrl.fasb.org/us-gaap/2011/elts/us-gaap-2011-01-31.xsd#us-gaap_TreasuryStockValue" xlink:label="Locator_us-gaap_TreasuryStockValue_246" />
        <calculationArc xlink:type="arc" xlink:arcrole="http://www.xbrl.org/2003/arcrole/summation-item" xlink:from="Locator_us-gaap_StockholdersEquityIncludingPortionAttributableToNoncontrollingInterest_245" xlink:to="Locator_us-gaap_TreasuryStockValue_246" order="33.0" weight="-1" />
        <loc xlink:type="locator" xlink:href="http://xbrl.fasb.org/us-gaap/2011/elts/us-gaap-2011-01-31.xsd#us-gaap_StockholdersEquityIncludingPortionAttributableToNoncontrollingInterest" xlink:label="Locator_us-gaap_StockholdersEquityIncludingPortionAttributableToNoncontrollingInterest_247" />
        <loc xlink:type="locator" xlink:href="http://xbrl.fasb.org/us-gaap/2011/elts/us-gaap-2011-01-31.xsd#us-gaap_RetainedEarningsAccumulatedDeficit" xlink:label="Locator_us-gaap_RetainedEarningsAccumulatedDeficit_248" />
        <calculationArc xlink:type="arc" xlink:arcrole="http://www.xbrl.org/2003/arcrole/summation-item" xlink:from="Locator_us-gaap_StockholdersEquityIncludingPortionAttributableToNoncontrollingInterest_247" xlink:to="Locator_us-gaap_RetainedEarningsAccumulatedDeficit_248" order="34.0" weight="1" />
        <loc xlink:type="locator" xlink:href="http://xbrl.fasb.org/us-gaap/2011/elts/us-gaap-2011-01-31.xsd#us-gaap_StockholdersEquityIncludingPortionAttributableToNoncontrollingInterest" xlink:label="Locator_us-gaap_StockholdersEquityIncludingPortionAttributableToNoncontrollingInterest_249" />
        <loc xlink:type="locator" xlink:href="http://xbrl.fasb.org/us-gaap/2011/elts/us-gaap-2011-01-31.xsd#us-gaap_PreferredStockValue" xlink:label="Locator_us-gaap_PreferredStockValue_250" />
        <calculationArc xlink:type="arc" xlink:arcrole="http://www.xbrl.org/2003/arcrole/summation-item" xlink:from="Locator_us-gaap_StockholdersEquityIncludingPortionAttributableToNoncontrollingInterest_249" xlink:to="Locator_us-gaap_PreferredStockValue_250" order="30.0" weight="1" />
        <loc xlink:type="locator" xlink:href="http://xbrl.fasb.org/us-gaap/2011/elts/us-gaap-2011-01-31.xsd#us-gaap_LiabilitiesAndStockholdersEquity" xlink:label="Locator_us-gaap_LiabilitiesAndStockholdersEquity_237" />
        <loc xlink:type="locator" xlink:href="http://xbrl.fasb.org/us-gaap/2011/elts/us-gaap-2011-01-31.xsd#us-gaap_Liabilities" xlink:label="Locator_us-gaap_Liabilities_238" />
        <calculationArc xlink:type="arc" xlink:arcrole="http://www.xbrl.org/2003/arcrole/summation-item" xlink:from="Locator_us-gaap_LiabilitiesAndStockholdersEquity_237" xlink:to="Locator_us-gaap_Liabilities_238" order="22.0" weight="1" />
        <loc xlink:type="locator" xlink:href="http://xbrl.fasb.org/us-gaap/2011/elts/us-gaap-2011-01-31.xsd#us-gaap_Liabilities" xlink:label="Locator_us-gaap_Liabilities_251" />
        <loc xlink:type="locator" xlink:href="http://xbrl.fasb.org/us-gaap/2011/elts/us-gaap-2011-01-31.xsd#us-gaap_LiabilitiesCurrent" xlink:label="Locator_us-gaap_LiabilitiesCurrent_252" />
        <calculationArc xlink:type="arc" xlink:arcrole="http://www.xbrl.org/2003/arcrole/summation-item" xlink:from="Locator_us-gaap_Liabilities_251" xlink:to="Locator_us-gaap_LiabilitiesCurrent_252" order="18.0" weight="1" />
        <loc xlink:type="locator" xlink:href="http://xbrl.fasb.org/us-gaap/2011/elts/us-gaap-2011-01-31.xsd#us-gaap_LiabilitiesCurrent" xlink:label="Locator_us-gaap_LiabilitiesCurrent_259" />
        <loc xlink:type="locator" xlink:href="http://xbrl.fasb.org/us-gaap/2011/elts/us-gaap-2011-01-31.xsd#us-gaap_AccountsPayableCurrent" xlink:label="Locator_us-gaap_AccountsPayableCurrent_260" />
        <calculationArc xlink:type="arc" xlink:arcrole="http://www.xbrl.org/2003/arcrole/summation-item" xlink:from="Locator_us-gaap_LiabilitiesCurrent_259" xlink:to="Locator_us-gaap_AccountsPayableCurrent_260" order="15.0" weight="1" />
        <loc xlink:type="locator" xlink:href="http://xbrl.fasb.org/us-gaap/2011/elts/us-gaap-2011-01-31.xsd#us-gaap_LiabilitiesCurrent" xlink:label="Locator_us-gaap_LiabilitiesCurrent_261" />
        <loc xlink:type="locator" xlink:href="http://xbrl.fasb.org/us-gaap/2011/elts/us-gaap-2011-01-31.xsd#us-gaap_DebtCurrent" xlink:label="Locator_us-gaap_DebtCurrent_262" />
        <calculationArc xlink:type="arc" xlink:arcrole="http://www.xbrl.org/2003/arcrole/summation-item" xlink:from="Locator_us-gaap_LiabilitiesCurrent_261" xlink:to="Locator_us-gaap_DebtCurrent_262" order="16.0" weight="1" />
        <loc xlink:type="locator" xlink:href="http://xbrl.fasb.org/us-gaap/2011/elts/us-gaap-2011-01-31.xsd#us-gaap_LiabilitiesCurrent" xlink:label="Locator_us-gaap_LiabilitiesCurrent_263" />
        <loc xlink:type="locator" xlink:href="http://xbrl.fasb.org/us-gaap/2011/elts/us-gaap-2011-01-31.xsd#us-gaap_AccruedLiabilitiesCurrent" xlink:label="Locator_us-gaap_AccruedLiabilitiesCurrent_264" />
        <calculationArc xlink:type="arc" xlink:arcrole="http://www.xbrl.org/2003/arcrole/summation-item" xlink:from="Locator_us-gaap_LiabilitiesCurrent_263" xlink:to="Locator_us-gaap_AccruedLiabilitiesCurrent_264" order="17.0" weight="1" />
        <loc xlink:type="locator" xlink:href="http://xbrl.fasb.org/us-gaap/2011/elts/us-gaap-2011-01-31.xsd#us-gaap_Liabilities" xlink:label="Locator_us-gaap_Liabilities_253" />
        <loc xlink:type="locator" xlink:href="http://xbrl.fasb.org/us-gaap/2011/elts/us-gaap-2011-01-31.xsd#us-gaap_LongTermDebtNoncurrent" xlink:label="Locator_us-gaap_LongTermDebtNoncurrent_254" />
        <calculationArc xlink:type="arc" xlink:arcrole="http://www.xbrl.org/2003/arcrole/summation-item" xlink:from="Locator_us-gaap_Liabilities_253" xlink:to="Locator_us-gaap_LongTermDebtNoncurrent_254" order="19.0" weight="1" />
        <loc xlink:type="locator" xlink:href="http://xbrl.fasb.org/us-gaap/2011/elts/us-gaap-2011-01-31.xsd#us-gaap_Liabilities" xlink:label="Locator_us-gaap_Liabilities_255" />
        <loc xlink:type="locator" xlink:href="http://xbrl.fasb.org/us-gaap/2011/elts/us-gaap-2011-01-31.xsd#us-gaap_DeferredTaxLiabilitiesNoncurrent" xlink:label="Locator_us-gaap_DeferredTaxLiabilitiesNoncurrent_256" />
        <calculationArc xlink:type="arc" xlink:arcrole="http://www.xbrl.org/2003/arcrole/summation-item" xlink:from="Locator_us-gaap_Liabilities_255" xlink:to="Locator_us-gaap_DeferredTaxLiabilitiesNoncurrent_256" order="20.0" weight="1" />
        <loc xlink:type="locator" xlink:href="http://xbrl.fasb.org/us-gaap/2011/elts/us-gaap-2011-01-31.xsd#us-gaap_Liabilities" xlink:label="Locator_us-gaap_Liabilities_257" />
        <loc xlink:type="locator" xlink:href="http://xbrl.fasb.org/us-gaap/2011/elts/us-gaap-2011-01-31.xsd#us-gaap_OtherLiabilitiesNoncurrent" xlink:label="Locator_us-gaap_OtherLiabilitiesNoncurrent_258" />
        <calculationArc xlink:type="arc" xlink:arcrole="http://www.xbrl.org/2003/arcrole/summation-item" xlink:from="Locator_us-gaap_Liabilities_257" xlink:to="Locator_us-gaap_OtherLiabilitiesNoncurrent_258" order="21.0" weight="1" />
        <loc xlink:type="locator" xlink:href="http://xbrl.fasb.org/us-gaap/2011/elts/us-gaap-2011-01-31.xsd#us-gaap_LiabilitiesAndStockholdersEquity" xlink:label="Locator_us-gaap_LiabilitiesAndStockholdersEquity_239" />
        <loc xlink:type="locator" xlink:href="http://xbrl.fasb.org/us-gaap/2011/elts/us-gaap-2011-01-31.xsd#us-gaap_TemporaryEquityCarryingAmount" xlink:label="Locator_us-gaap_TemporaryEquityCarryingAmount_240" />
        <calculationArc xlink:type="arc" xlink:arcrole="http://www.xbrl.org/2003/arcrole/summation-item" xlink:from="Locator_us-gaap_LiabilitiesAndStockholdersEquity_239" xlink:to="Locator_us-gaap_TemporaryEquityCarryingAmount_240" order="27.0" weight="1" />
        <loc xlink:type="locator" xlink:href="http://xbrl.fasb.org/us-gaap/2011/elts/us-gaap-2011-01-31.xsd#us-gaap_TemporaryEquityCarryingAmount" xlink:label="Locator_us-gaap_TemporaryEquityCarryingAmount_265" />
        <loc xlink:type="locator" xlink:href="http://xbrl.fasb.org/us-gaap/2011/elts/us-gaap-2011-01-31.xsd#us-gaap_TemporaryEquityRedemptionValue" xlink:label="Locator_us-gaap_TemporaryEquityRedemptionValue_266" />
        <calculationArc xlink:type="arc" xlink:arcrole="http://www.xbrl.org/2003/arcrole/summation-item" xlink:from="Locator_us-gaap_TemporaryEquityCarryingAmount_265" xlink:to="Locator_us-gaap_TemporaryEquityRedemptionValue_266" order="25.0" weight="1" />
        <loc xlink:type="locator" xlink:href="http://xbrl.fasb.org/us-gaap/2011/elts/us-gaap-2011-01-31.xsd#us-gaap_TemporaryEquityCarryingAmount" xlink:label="Locator_us-gaap_TemporaryEquityCarryingAmount_267" />
        <loc xlink:type="locator" xlink:href="end-20111231.xsd#end_TemporaryEquityPremiumAmount" xlink:label="Locator_end_TemporaryEquityPremiumAmount_268" />
        <calculationArc xlink:type="arc" xlink:arcrole="http://www.xbrl.org/2003/arcrole/summation-item" xlink:from="Locator_us-gaap_TemporaryEquityCarryingAmount_267" xlink:to="Locator_end_TemporaryEquityPremiumAmount_268" order="26.0" weight="1" />
        <loc xlink:type="locator" xlink:href="http://xbrl.fasb.org/us-gaap/2011/elts/us-gaap-2011-01-31.xsd#us-gaap_Assets" xlink:label="Locator_us-gaap_Assets_269" />
        <loc xlink:type="locator" xlink:href="http://xbrl.fasb.org/us-gaap/2011/elts/us-gaap-2011-01-31.xsd#us-gaap_AssetsCurrent" xlink:label="Locator_us-gaap_AssetsCurrent_270" />
        <calculationArc xlink:type="arc" xlink:arcrole="http://www.xbrl.org/2003/arcrole/summation-item" xlink:from="Locator_us-gaap_Assets_269" xlink:to="Locator_us-gaap_AssetsCurrent_270" order="8.0" weight="1" />
        <loc xlink:type="locator" xlink:href="http://xbrl.fasb.org/us-gaap/2011/elts/us-gaap-2011-01-31.xsd#us-gaap_AssetsCurrent" xlink:label="Locator_us-gaap_AssetsCurrent_277" />
        <loc xlink:type="locator" xlink:href="http://xbrl.fasb.org/us-gaap/2011/elts/us-gaap-2011-01-31.xsd#us-gaap_CashAndCashEquivalentsAtCarryingValue" xlink:label="Locator_us-gaap_CashAndCashEquivalentsAtCarryingValue_278" />
        <calculationArc xlink:type="arc" xlink:arcrole="http://www.xbrl.org/2003/arcrole/summation-item" xlink:from="Locator_us-gaap_AssetsCurrent_277" xlink:to="Locator_us-gaap_CashAndCashEquivalentsAtCarryingValue_278" order="4.0" weight="1" />
        <loc xlink:type="locator" xlink:href="http://xbrl.fasb.org/us-gaap/2011/elts/us-gaap-2011-01-31.xsd#us-gaap_AssetsCurrent" xlink:label="Locator_us-gaap_AssetsCurrent_279" />
        <loc xlink:type="locator" xlink:href="http://xbrl.fasb.org/us-gaap/2011/elts/us-gaap-2011-01-31.xsd#us-gaap_RestrictedCashAndCashEquivalents" xlink:label="Locator_us-gaap_RestrictedCashAndCashEquivalents_280" />
        <calculationArc xlink:type="arc" xlink:arcrole="http://www.xbrl.org/2003/arcrole/summation-item" xlink:from="Locator_us-gaap_AssetsCurrent_279" xlink:to="Locator_us-gaap_RestrictedCashAndCashEquivalents_280" order="5.0" weight="1" />
        <loc xlink:type="locator" xlink:href="http://xbrl.fasb.org/us-gaap/2011/elts/us-gaap-2011-01-31.xsd#us-gaap_AssetsCurrent" xlink:label="Locator_us-gaap_AssetsCurrent_281" />
        <loc xlink:type="locator" xlink:href="http://xbrl.fasb.org/us-gaap/2011/elts/us-gaap-2011-01-31.xsd#us-gaap_ReceivablesNetCurrent" xlink:label="Locator_us-gaap_ReceivablesNetCurrent_282" />
        <calculationArc xlink:type="arc" xlink:arcrole="http://www.xbrl.org/2003/arcrole/summation-item" xlink:from="Locator_us-gaap_AssetsCurrent_281" xlink:to="Locator_us-gaap_ReceivablesNetCurrent_282" order="6.0" weight="1" />
        <loc xlink:type="locator" xlink:href="http://xbrl.fasb.org/us-gaap/2011/elts/us-gaap-2011-01-31.xsd#us-gaap_AssetsCurrent" xlink:label="Locator_us-gaap_AssetsCurrent_283" />
        <loc xlink:type="locator" xlink:href="http://xbrl.fasb.org/us-gaap/2011/elts/us-gaap-2011-01-31.xsd#us-gaap_OtherAssetsCurrent" xlink:label="Locator_us-gaap_OtherAssetsCurrent_284" />
        <calculationArc xlink:type="arc" xlink:arcrole="http://www.xbrl.org/2003/arcrole/summation-item" xlink:from="Locator_us-gaap_AssetsCurrent_283" xlink:to="Locator_us-gaap_OtherAssetsCurrent_284" order="7.0" weight="1" />
        <loc xlink:type="locator" xlink:href="http://xbrl.fasb.org/us-gaap/2011/elts/us-gaap-2011-01-31.xsd#us-gaap_Assets" xlink:label="Locator_us-gaap_Assets_271" />
        <loc xlink:type="locator" xlink:href="http://xbrl.fasb.org/us-gaap/2011/elts/us-gaap-2011-01-31.xsd#us-gaap_PropertyPlantAndEquipmentNet" xlink:label="Locator_us-gaap_PropertyPlantAndEquipmentNet_272" />
        <calculationArc xlink:type="arc" xlink:arcrole="http://www.xbrl.org/2003/arcrole/summation-item" xlink:from="Locator_us-gaap_Assets_271" xlink:to="Locator_us-gaap_PropertyPlantAndEquipmentNet_272" order="9.0" weight="1" />
        <loc xlink:type="locator" xlink:href="http://xbrl.fasb.org/us-gaap/2011/elts/us-gaap-2011-01-31.xsd#us-gaap_Assets" xlink:label="Locator_us-gaap_Assets_273" />
        <loc xlink:type="locator" xlink:href="http://xbrl.fasb.org/us-gaap/2011/elts/us-gaap-2011-01-31.xsd#us-gaap_Goodwill" xlink:label="Locator_us-gaap_Goodwill_274" />
        <calculationArc xlink:type="arc" xlink:arcrole="http://www.xbrl.org/2003/arcrole/summation-item" xlink:from="Locator_us-gaap_Assets_273" xlink:to="Locator_us-gaap_Goodwill_274" order="10.0" weight="1" />
        <loc xlink:type="locator" xlink:href="http://xbrl.fasb.org/us-gaap/2011/elts/us-gaap-2011-01-31.xsd#us-gaap_Assets" xlink:label="Locator_us-gaap_Assets_275" />
        <loc xlink:type="locator" xlink:href="http://xbrl.fasb.org/us-gaap/2011/elts/us-gaap-2011-01-31.xsd#us-gaap_OtherAssetsNoncurrent" xlink:label="Locator_us-gaap_OtherAssetsNoncurrent_276" />
        <calculationArc xlink:type="arc" xlink:arcrole="http://www.xbrl.org/2003/arcrole/summation-item" xlink:from="Locator_us-gaap_Assets_275" xlink:to="Locator_us-gaap_OtherAssetsNoncurrent_276" order="11.0" weight="1" />
    </calculationLink>
    <calculationLink xlink:type="extended" xlink:role="http://www.endeavourcorp.com/role/StatementCondensedConsolidatedStatementOfCashFlows">
        <loc xlink:type="locator" xlink:href="http://xbrl.fasb.org/us-gaap/2011/elts/us-gaap-2011-01-31.xsd#us-gaap_CashAndCashEquivalentsPeriodIncreaseDecrease" xlink:label="Locator_us-gaap_CashAndCashEquivalentsPeriodIncreaseDecrease_491" />
        <loc xlink:type="locator" xlink:href="http://xbrl.fasb.org/us-gaap/2011/elts/us-gaap-2011-01-31.xsd#us-gaap_NetCashProvidedByUsedInFinancingActivities" xlink:label="Locator_us-gaap_NetCashProvidedByUsedInFinancingActivities_492" />
        <calculationArc xlink:type="arc" xlink:arcrole="http://www.xbrl.org/2003/arcrole/summation-item" xlink:from="Locator_us-gaap_CashAndCashEquivalentsPeriodIncreaseDecrease_491" xlink:to="Locator_us-gaap_NetCashProvidedByUsedInFinancingActivities_492" order="34.0" weight="1" />
        <loc xlink:type="locator" xlink:href="http://xbrl.fasb.org/us-gaap/2011/elts/us-gaap-2011-01-31.xsd#us-gaap_NetCashProvidedByUsedInFinancingActivities" xlink:label="Locator_us-gaap_NetCashProvidedByUsedInFinancingActivities_497" />
        <loc xlink:type="locator" xlink:href="http://xbrl.fasb.org/us-gaap/2011/elts/us-gaap-2011-01-31.xsd#us-gaap_RepaymentsOfDebt" xlink:label="Locator_us-gaap_RepaymentsOfDebt_498" />
        <calculationArc xlink:type="arc" xlink:arcrole="http://www.xbrl.org/2003/arcrole/summation-item" xlink:from="Locator_us-gaap_NetCashProvidedByUsedInFinancingActivities_497" xlink:to="Locator_us-gaap_RepaymentsOfDebt_498" order="27.0" weight="-1" />
        <loc xlink:type="locator" xlink:href="http://xbrl.fasb.org/us-gaap/2011/elts/us-gaap-2011-01-31.xsd#us-gaap_NetCashProvidedByUsedInFinancingActivities" xlink:label="Locator_us-gaap_NetCashProvidedByUsedInFinancingActivities_499" />
        <loc xlink:type="locator" xlink:href="http://xbrl.fasb.org/us-gaap/2011/elts/us-gaap-2011-01-31.xsd#us-gaap_ProceedsFromIssuanceOfSubordinatedLongTermDebt" xlink:label="Locator_us-gaap_ProceedsFromIssuanceOfSubordinatedLongTermDebt_500" />
        <calculationArc xlink:type="arc" xlink:arcrole="http://www.xbrl.org/2003/arcrole/summation-item" xlink:from="Locator_us-gaap_NetCashProvidedByUsedInFinancingActivities_499" xlink:to="Locator_us-gaap_ProceedsFromIssuanceOfSubordinatedLongTermDebt_500" order="28.0" weight="1" />
        <loc xlink:type="locator" xlink:href="http://xbrl.fasb.org/us-gaap/2011/elts/us-gaap-2011-01-31.xsd#us-gaap_NetCashProvidedByUsedInFinancingActivities" xlink:label="Locator_us-gaap_NetCashProvidedByUsedInFinancingActivities_501" />
        <loc xlink:type="locator" xlink:href="http://xbrl.fasb.org/us-gaap/2011/elts/us-gaap-2011-01-31.xsd#us-gaap_PaymentsOfDividendsPreferredStockAndPreferenceStock" xlink:label="Locator_us-gaap_PaymentsOfDividendsPreferredStockAndPreferenceStock_502" />
        <calculationArc xlink:type="arc" xlink:arcrole="http://www.xbrl.org/2003/arcrole/summation-item" xlink:from="Locator_us-gaap_NetCashProvidedByUsedInFinancingActivities_501" xlink:to="Locator_us-gaap_PaymentsOfDividendsPreferredStockAndPreferenceStock_502" order="31.0" weight="-1" />
        <loc xlink:type="locator" xlink:href="http://xbrl.fasb.org/us-gaap/2011/elts/us-gaap-2011-01-31.xsd#us-gaap_NetCashProvidedByUsedInFinancingActivities" xlink:label="Locator_us-gaap_NetCashProvidedByUsedInFinancingActivities_503" />
        <loc xlink:type="locator" xlink:href="http://xbrl.fasb.org/us-gaap/2011/elts/us-gaap-2011-01-31.xsd#us-gaap_PaymentsOfDebtIssuanceCosts" xlink:label="Locator_us-gaap_PaymentsOfDebtIssuanceCosts_504" />
        <calculationArc xlink:type="arc" xlink:arcrole="http://www.xbrl.org/2003/arcrole/summation-item" xlink:from="Locator_us-gaap_NetCashProvidedByUsedInFinancingActivities_503" xlink:to="Locator_us-gaap_PaymentsOfDebtIssuanceCosts_504" order="32.0" weight="-1" />
        <loc xlink:type="locator" xlink:href="http://xbrl.fasb.org/us-gaap/2011/elts/us-gaap-2011-01-31.xsd#us-gaap_NetCashProvidedByUsedInFinancingActivities" xlink:label="Locator_us-gaap_NetCashProvidedByUsedInFinancingActivities_505" />
        <loc xlink:type="locator" xlink:href="http://xbrl.fasb.org/us-gaap/2011/elts/us-gaap-2011-01-31.xsd#us-gaap_ProceedsFromPaymentsForOtherFinancingActivities" xlink:label="Locator_us-gaap_ProceedsFromPaymentsForOtherFinancingActivities_506" />
        <calculationArc xlink:type="arc" xlink:arcrole="http://www.xbrl.org/2003/arcrole/summation-item" xlink:from="Locator_us-gaap_NetCashProvidedByUsedInFinancingActivities_505" xlink:to="Locator_us-gaap_ProceedsFromPaymentsForOtherFinancingActivities_506" order="33.0" weight="1" />
        <loc xlink:type="locator" xlink:href="http://xbrl.fasb.org/us-gaap/2011/elts/us-gaap-2011-01-31.xsd#us-gaap_NetCashProvidedByUsedInFinancingActivities" xlink:label="Locator_us-gaap_NetCashProvidedByUsedInFinancingActivities_507" />
        <loc xlink:type="locator" xlink:href="http://xbrl.fasb.org/us-gaap/2011/elts/us-gaap-2011-01-31.xsd#us-gaap_ProceedsFromIssuanceOfCommonStock" xlink:label="Locator_us-gaap_ProceedsFromIssuanceOfCommonStock_508" />
        <calculationArc xlink:type="arc" xlink:arcrole="http://www.xbrl.org/2003/arcrole/summation-item" xlink:from="Locator_us-gaap_NetCashProvidedByUsedInFinancingActivities_507" xlink:to="Locator_us-gaap_ProceedsFromIssuanceOfCommonStock_508" order="30.0" weight="1" />
        <loc xlink:type="locator" xlink:href="http://xbrl.fasb.org/us-gaap/2011/elts/us-gaap-2011-01-31.xsd#us-gaap_NetCashProvidedByUsedInFinancingActivities" xlink:label="Locator_us-gaap_NetCashProvidedByUsedInFinancingActivities_509" />
        <loc xlink:type="locator" xlink:href="http://xbrl.fasb.org/us-gaap/2011/elts/us-gaap-2011-01-31.xsd#us-gaap_PaymentsForRepurchaseOfRedeemablePreferredStock" xlink:label="Locator_us-gaap_PaymentsForRepurchaseOfRedeemablePreferredStock_510" />
        <calculationArc xlink:type="arc" xlink:arcrole="http://www.xbrl.org/2003/arcrole/summation-item" xlink:from="Locator_us-gaap_NetCashProvidedByUsedInFinancingActivities_509" xlink:to="Locator_us-gaap_PaymentsForRepurchaseOfRedeemablePreferredStock_510" order="29.0" weight="-1" />
        <loc xlink:type="locator" xlink:href="http://xbrl.fasb.org/us-gaap/2011/elts/us-gaap-2011-01-31.xsd#us-gaap_CashAndCashEquivalentsPeriodIncreaseDecrease" xlink:label="Locator_us-gaap_CashAndCashEquivalentsPeriodIncreaseDecrease_493" />
        <loc xlink:type="locator" xlink:href="http://xbrl.fasb.org/us-gaap/2011/elts/us-gaap-2011-01-31.xsd#us-gaap_NetCashProvidedByUsedInInvestingActivities" xlink:label="Locator_us-gaap_NetCashProvidedByUsedInInvestingActivities_494" />
        <calculationArc xlink:type="arc" xlink:arcrole="http://www.xbrl.org/2003/arcrole/summation-item" xlink:from="Locator_us-gaap_CashAndCashEquivalentsPeriodIncreaseDecrease_493" xlink:to="Locator_us-gaap_NetCashProvidedByUsedInInvestingActivities_494" order="25.0" weight="1" />
        <loc xlink:type="locator" xlink:href="http://xbrl.fasb.org/us-gaap/2011/elts/us-gaap-2011-01-31.xsd#us-gaap_NetCashProvidedByUsedInInvestingActivities" xlink:label="Locator_us-gaap_NetCashProvidedByUsedInInvestingActivities_511" />
        <loc xlink:type="locator" xlink:href="http://xbrl.fasb.org/us-gaap/2011/elts/us-gaap-2011-01-31.xsd#us-gaap_PaymentsToExploreAndDevelopOilAndGasProperties" xlink:label="Locator_us-gaap_PaymentsToExploreAndDevelopOilAndGasProperties_512" />
        <calculationArc xlink:type="arc" xlink:arcrole="http://www.xbrl.org/2003/arcrole/summation-item" xlink:from="Locator_us-gaap_NetCashProvidedByUsedInInvestingActivities_511" xlink:to="Locator_us-gaap_PaymentsToExploreAndDevelopOilAndGasProperties_512" order="21.0" weight="-1" />
        <loc xlink:type="locator" xlink:href="http://xbrl.fasb.org/us-gaap/2011/elts/us-gaap-2011-01-31.xsd#us-gaap_NetCashProvidedByUsedInInvestingActivities" xlink:label="Locator_us-gaap_NetCashProvidedByUsedInInvestingActivities_513" />
        <loc xlink:type="locator" xlink:href="http://xbrl.fasb.org/us-gaap/2011/elts/us-gaap-2011-01-31.xsd#us-gaap_PaymentsToAcquireOilAndGasProperty" xlink:label="Locator_us-gaap_PaymentsToAcquireOilAndGasProperty_514" />
        <calculationArc xlink:type="arc" xlink:arcrole="http://www.xbrl.org/2003/arcrole/summation-item" xlink:from="Locator_us-gaap_NetCashProvidedByUsedInInvestingActivities_513" xlink:to="Locator_us-gaap_PaymentsToAcquireOilAndGasProperty_514" order="22.0" weight="-1" />
        <loc xlink:type="locator" xlink:href="http://xbrl.fasb.org/us-gaap/2011/elts/us-gaap-2011-01-31.xsd#us-gaap_NetCashProvidedByUsedInInvestingActivities" xlink:label="Locator_us-gaap_NetCashProvidedByUsedInInvestingActivities_515" />
        <loc xlink:type="locator" xlink:href="http://xbrl.fasb.org/us-gaap/2011/elts/us-gaap-2011-01-31.xsd#us-gaap_IncreaseDecreaseInRestrictedCash" xlink:label="Locator_us-gaap_IncreaseDecreaseInRestrictedCash_516" />
        <calculationArc xlink:type="arc" xlink:arcrole="http://www.xbrl.org/2003/arcrole/summation-item" xlink:from="Locator_us-gaap_NetCashProvidedByUsedInInvestingActivities_515" xlink:to="Locator_us-gaap_IncreaseDecreaseInRestrictedCash_516" order="24.0" weight="-1" />
        <loc xlink:type="locator" xlink:href="http://xbrl.fasb.org/us-gaap/2011/elts/us-gaap-2011-01-31.xsd#us-gaap_NetCashProvidedByUsedInInvestingActivities" xlink:label="Locator_us-gaap_NetCashProvidedByUsedInInvestingActivities_517" />
        <loc xlink:type="locator" xlink:href="http://xbrl.fasb.org/us-gaap/2011/elts/us-gaap-2011-01-31.xsd#us-gaap_ProceedsFromSaleOfOilAndGasPropertyAndEquipment" xlink:label="Locator_us-gaap_ProceedsFromSaleOfOilAndGasPropertyAndEquipment_518" />
        <calculationArc xlink:type="arc" xlink:arcrole="http://www.xbrl.org/2003/arcrole/summation-item" xlink:from="Locator_us-gaap_NetCashProvidedByUsedInInvestingActivities_517" xlink:to="Locator_us-gaap_ProceedsFromSaleOfOilAndGasPropertyAndEquipment_518" order="23.0" weight="1" />
        <loc xlink:type="locator" xlink:href="http://xbrl.fasb.org/us-gaap/2011/elts/us-gaap-2011-01-31.xsd#us-gaap_CashAndCashEquivalentsPeriodIncreaseDecrease" xlink:label="Locator_us-gaap_CashAndCashEquivalentsPeriodIncreaseDecrease_495" />
        <loc xlink:type="locator" xlink:href="http://xbrl.fasb.org/us-gaap/2011/elts/us-gaap-2011-01-31.xsd#us-gaap_NetCashProvidedByUsedInOperatingActivities" xlink:label="Locator_us-gaap_NetCashProvidedByUsedInOperatingActivities_496" />
        <calculationArc xlink:type="arc" xlink:arcrole="http://www.xbrl.org/2003/arcrole/summation-item" xlink:from="Locator_us-gaap_CashAndCashEquivalentsPeriodIncreaseDecrease_495" xlink:to="Locator_us-gaap_NetCashProvidedByUsedInOperatingActivities_496" order="19.0" weight="1" />
        <loc xlink:type="locator" xlink:href="http://xbrl.fasb.org/us-gaap/2011/elts/us-gaap-2011-01-31.xsd#us-gaap_NetCashProvidedByUsedInOperatingActivities" xlink:label="Locator_us-gaap_NetCashProvidedByUsedInOperatingActivities_519" />
        <loc xlink:type="locator" xlink:href="http://xbrl.fasb.org/us-gaap/2011/elts/us-gaap-2011-01-31.xsd#us-gaap_DepreciationDepletionAndAmortization" xlink:label="Locator_us-gaap_DepreciationDepletionAndAmortization_520" />
        <calculationArc xlink:type="arc" xlink:arcrole="http://www.xbrl.org/2003/arcrole/summation-item" xlink:from="Locator_us-gaap_NetCashProvidedByUsedInOperatingActivities_519" xlink:to="Locator_us-gaap_DepreciationDepletionAndAmortization_520" order="4.0" weight="1" />
        <loc xlink:type="locator" xlink:href="http://xbrl.fasb.org/us-gaap/2011/elts/us-gaap-2011-01-31.xsd#us-gaap_NetCashProvidedByUsedInOperatingActivities" xlink:label="Locator_us-gaap_NetCashProvidedByUsedInOperatingActivities_521" />
        <loc xlink:type="locator" xlink:href="http://xbrl.fasb.org/us-gaap/2011/elts/us-gaap-2011-01-31.xsd#us-gaap_ImpairmentOfOilAndGasProperties" xlink:label="Locator_us-gaap_ImpairmentOfOilAndGasProperties_522" />
        <calculationArc xlink:type="arc" xlink:arcrole="http://www.xbrl.org/2003/arcrole/summation-item" xlink:from="Locator_us-gaap_NetCashProvidedByUsedInOperatingActivities_521" xlink:to="Locator_us-gaap_ImpairmentOfOilAndGasProperties_522" order="6.0" weight="1" />
        <loc xlink:type="locator" xlink:href="http://xbrl.fasb.org/us-gaap/2011/elts/us-gaap-2011-01-31.xsd#us-gaap_NetCashProvidedByUsedInOperatingActivities" xlink:label="Locator_us-gaap_NetCashProvidedByUsedInOperatingActivities_523" />
        <loc xlink:type="locator" xlink:href="http://xbrl.fasb.org/us-gaap/2011/elts/us-gaap-2011-01-31.xsd#us-gaap_DeferredIncomeTaxExpenseBenefit" xlink:label="Locator_us-gaap_DeferredIncomeTaxExpenseBenefit_524" />
        <calculationArc xlink:type="arc" xlink:arcrole="http://www.xbrl.org/2003/arcrole/summation-item" xlink:from="Locator_us-gaap_NetCashProvidedByUsedInOperatingActivities_523" xlink:to="Locator_us-gaap_DeferredIncomeTaxExpenseBenefit_524" order="7.0" weight="1" />
        <loc xlink:type="locator" xlink:href="http://xbrl.fasb.org/us-gaap/2011/elts/us-gaap-2011-01-31.xsd#us-gaap_NetCashProvidedByUsedInOperatingActivities" xlink:label="Locator_us-gaap_NetCashProvidedByUsedInOperatingActivities_525" />
        <loc xlink:type="locator" xlink:href="http://xbrl.fasb.org/us-gaap/2011/elts/us-gaap-2011-01-31.xsd#us-gaap_UnrealizedGainLossOnDerivativesAndCommodityContracts" xlink:label="Locator_us-gaap_UnrealizedGainLossOnDerivativesAndCommodityContracts_526" />
        <calculationArc xlink:type="arc" xlink:arcrole="http://www.xbrl.org/2003/arcrole/summation-item" xlink:from="Locator_us-gaap_NetCashProvidedByUsedInOperatingActivities_525" xlink:to="Locator_us-gaap_UnrealizedGainLossOnDerivativesAndCommodityContracts_526" order="8.0" weight="-1" />
        <loc xlink:type="locator" xlink:href="http://xbrl.fasb.org/us-gaap/2011/elts/us-gaap-2011-01-31.xsd#us-gaap_NetCashProvidedByUsedInOperatingActivities" xlink:label="Locator_us-gaap_NetCashProvidedByUsedInOperatingActivities_527" />
        <loc xlink:type="locator" xlink:href="http://xbrl.fasb.org/us-gaap/2011/elts/us-gaap-2011-01-31.xsd#us-gaap_AmortizationOfFinancingCostsAndDiscounts" xlink:label="Locator_us-gaap_AmortizationOfFinancingCostsAndDiscounts_528" />
        <calculationArc xlink:type="arc" xlink:arcrole="http://www.xbrl.org/2003/arcrole/summation-item" xlink:from="Locator_us-gaap_NetCashProvidedByUsedInOperatingActivities_527" xlink:to="Locator_us-gaap_AmortizationOfFinancingCostsAndDiscounts_528" order="12.0" weight="1" />
        <loc xlink:type="locator" xlink:href="http://xbrl.fasb.org/us-gaap/2011/elts/us-gaap-2011-01-31.xsd#us-gaap_NetCashProvidedByUsedInOperatingActivities" xlink:label="Locator_us-gaap_NetCashProvidedByUsedInOperatingActivities_529" />
        <loc xlink:type="locator" xlink:href="http://xbrl.fasb.org/us-gaap/2011/elts/us-gaap-2011-01-31.xsd#us-gaap_ShareBasedCompensation" xlink:label="Locator_us-gaap_ShareBasedCompensation_530" />
        <calculationArc xlink:type="arc" xlink:arcrole="http://www.xbrl.org/2003/arcrole/summation-item" xlink:from="Locator_us-gaap_NetCashProvidedByUsedInOperatingActivities_529" xlink:to="Locator_us-gaap_ShareBasedCompensation_530" order="11.0" weight="1" />
        <loc xlink:type="locator" xlink:href="http://xbrl.fasb.org/us-gaap/2011/elts/us-gaap-2011-01-31.xsd#us-gaap_NetCashProvidedByUsedInOperatingActivities" xlink:label="Locator_us-gaap_NetCashProvidedByUsedInOperatingActivities_531" />
        <loc xlink:type="locator" xlink:href="http://xbrl.fasb.org/us-gaap/2011/elts/us-gaap-2011-01-31.xsd#us-gaap_PaidInKindInterest" xlink:label="Locator_us-gaap_PaidInKindInterest_532" />
        <calculationArc xlink:type="arc" xlink:arcrole="http://www.xbrl.org/2003/arcrole/summation-item" xlink:from="Locator_us-gaap_NetCashProvidedByUsedInOperatingActivities_531" xlink:to="Locator_us-gaap_PaidInKindInterest_532" order="13.0" weight="1" />
        <loc xlink:type="locator" xlink:href="http://xbrl.fasb.org/us-gaap/2011/elts/us-gaap-2011-01-31.xsd#us-gaap_NetCashProvidedByUsedInOperatingActivities" xlink:label="Locator_us-gaap_NetCashProvidedByUsedInOperatingActivities_533" />
        <loc xlink:type="locator" xlink:href="http://xbrl.fasb.org/us-gaap/2011/elts/us-gaap-2011-01-31.xsd#us-gaap_IncreaseDecreaseInAccountsReceivable" xlink:label="Locator_us-gaap_IncreaseDecreaseInAccountsReceivable_534" />
        <calculationArc xlink:type="arc" xlink:arcrole="http://www.xbrl.org/2003/arcrole/summation-item" xlink:from="Locator_us-gaap_NetCashProvidedByUsedInOperatingActivities_533" xlink:to="Locator_us-gaap_IncreaseDecreaseInAccountsReceivable_534" order="16.0" weight="-1" />
        <loc xlink:type="locator" xlink:href="http://xbrl.fasb.org/us-gaap/2011/elts/us-gaap-2011-01-31.xsd#us-gaap_NetCashProvidedByUsedInOperatingActivities" xlink:label="Locator_us-gaap_NetCashProvidedByUsedInOperatingActivities_535" />
        <loc xlink:type="locator" xlink:href="http://xbrl.fasb.org/us-gaap/2011/elts/us-gaap-2011-01-31.xsd#us-gaap_IncreaseDecreaseInOtherOperatingAssets" xlink:label="Locator_us-gaap_IncreaseDecreaseInOtherOperatingAssets_536" />
        <calculationArc xlink:type="arc" xlink:arcrole="http://www.xbrl.org/2003/arcrole/summation-item" xlink:from="Locator_us-gaap_NetCashProvidedByUsedInOperatingActivities_535" xlink:to="Locator_us-gaap_IncreaseDecreaseInOtherOperatingAssets_536" order="17.0" weight="-1" />
        <loc xlink:type="locator" xlink:href="http://xbrl.fasb.org/us-gaap/2011/elts/us-gaap-2011-01-31.xsd#us-gaap_NetCashProvidedByUsedInOperatingActivities" xlink:label="Locator_us-gaap_NetCashProvidedByUsedInOperatingActivities_537" />
        <loc xlink:type="locator" xlink:href="http://xbrl.fasb.org/us-gaap/2011/elts/us-gaap-2011-01-31.xsd#us-gaap_IncreaseDecreaseInOtherAccountsPayableAndAccruedLiabilities" xlink:label="Locator_us-gaap_IncreaseDecreaseInOtherAccountsPayableAndAccruedLiabilities_538" />
        <calculationArc xlink:type="arc" xlink:arcrole="http://www.xbrl.org/2003/arcrole/summation-item" xlink:from="Locator_us-gaap_NetCashProvidedByUsedInOperatingActivities_537" xlink:to="Locator_us-gaap_IncreaseDecreaseInOtherAccountsPayableAndAccruedLiabilities_538" order="18.0" weight="1" />
        <loc xlink:type="locator" xlink:href="http://xbrl.fasb.org/us-gaap/2011/elts/us-gaap-2011-01-31.xsd#us-gaap_NetCashProvidedByUsedInOperatingActivities" xlink:label="Locator_us-gaap_NetCashProvidedByUsedInOperatingActivities_539" />
        <loc xlink:type="locator" xlink:href="http://xbrl.fasb.org/us-gaap/2011/elts/us-gaap-2011-01-31.xsd#us-gaap_OtherNoncashIncomeExpense" xlink:label="Locator_us-gaap_OtherNoncashIncomeExpense_540" />
        <calculationArc xlink:type="arc" xlink:arcrole="http://www.xbrl.org/2003/arcrole/summation-item" xlink:from="Locator_us-gaap_NetCashProvidedByUsedInOperatingActivities_539" xlink:to="Locator_us-gaap_OtherNoncashIncomeExpense_540" order="14.0" weight="-1" />
        <loc xlink:type="locator" xlink:href="http://xbrl.fasb.org/us-gaap/2011/elts/us-gaap-2011-01-31.xsd#us-gaap_NetCashProvidedByUsedInOperatingActivities" xlink:label="Locator_us-gaap_NetCashProvidedByUsedInOperatingActivities_541" />
        <loc xlink:type="locator" xlink:href="http://xbrl.fasb.org/us-gaap/2011/elts/us-gaap-2011-01-31.xsd#us-gaap_NetIncomeLoss" xlink:label="Locator_us-gaap_NetIncomeLoss_542" />
        <calculationArc xlink:type="arc" xlink:arcrole="http://www.xbrl.org/2003/arcrole/summation-item" xlink:from="Locator_us-gaap_NetCashProvidedByUsedInOperatingActivities_541" xlink:to="Locator_us-gaap_NetIncomeLoss_542" order="2.0" weight="1" />
        <loc xlink:type="locator" xlink:href="http://xbrl.fasb.org/us-gaap/2011/elts/us-gaap-2011-01-31.xsd#us-gaap_NetCashProvidedByUsedInOperatingActivities" xlink:label="Locator_us-gaap_NetCashProvidedByUsedInOperatingActivities_543" />
        <loc xlink:type="locator" xlink:href="http://xbrl.fasb.org/us-gaap/2011/elts/us-gaap-2011-01-31.xsd#us-gaap_GainLossOnSaleOfProperty" xlink:label="Locator_us-gaap_GainLossOnSaleOfProperty_544" />
        <calculationArc xlink:type="arc" xlink:arcrole="http://www.xbrl.org/2003/arcrole/summation-item" xlink:from="Locator_us-gaap_NetCashProvidedByUsedInOperatingActivities_543" xlink:to="Locator_us-gaap_GainLossOnSaleOfProperty_544" order="9.0" weight="-1" />
        <loc xlink:type="locator" xlink:href="http://xbrl.fasb.org/us-gaap/2011/elts/us-gaap-2011-01-31.xsd#us-gaap_NetCashProvidedByUsedInOperatingActivities" xlink:label="Locator_us-gaap_NetCashProvidedByUsedInOperatingActivities_545" />
        <loc xlink:type="locator" xlink:href="http://xbrl.fasb.org/us-gaap/2011/elts/us-gaap-2011-01-31.xsd#us-gaap_DiscontinuedOperationGainLossOnDisposalOfDiscontinuedOperationNetOfTax" xlink:label="Locator_us-gaap_DiscontinuedOperationGainLossOnDisposalOfDiscontinuedOperationNetOfTax_546" />
        <calculationArc xlink:type="arc" xlink:arcrole="http://www.xbrl.org/2003/arcrole/summation-item" xlink:from="Locator_us-gaap_NetCashProvidedByUsedInOperatingActivities_545" xlink:to="Locator_us-gaap_DiscontinuedOperationGainLossOnDisposalOfDiscontinuedOperationNetOfTax_546" order="10.0" weight="-1" />
        <loc xlink:type="locator" xlink:href="http://xbrl.fasb.org/us-gaap/2011/elts/us-gaap-2011-01-31.xsd#us-gaap_NetCashProvidedByUsedInOperatingActivities" xlink:label="Locator_us-gaap_NetCashProvidedByUsedInOperatingActivities_547" />
        <loc xlink:type="locator" xlink:href="end-20111231.xsd#end_DepreciationDepletionAmortizationFromDiscontinuedOperations" xlink:label="Locator_end_DepreciationDepletionAmortizationFromDiscontinuedOperations_548" />
        <calculationArc xlink:type="arc" xlink:arcrole="http://www.xbrl.org/2003/arcrole/summation-item" xlink:from="Locator_us-gaap_NetCashProvidedByUsedInOperatingActivities_547" xlink:to="Locator_end_DepreciationDepletionAmortizationFromDiscontinuedOperations_548" order="5.0" weight="1" />
    </calculationLink>
</linkbase>
