<?xml version="1.0" encoding="US-ASCII" standalone="no"?>
    <!-- Field: Doc-Info; Name: Generator; Value: GoFiler Complete; Version: 3.4a -->
    <!-- Field: Doc-Info; Name: VendorURI; Value: http://www.novaworks.co -->
    <!-- Field: Doc-Info; Name: Source; Value: rarus_10q3.xfr; Date: 2013/01/30T13:37:36 -->
    <!-- Field: Doc-Info; Name: Status; Value: 0x00000000 -->
<link:linkbase xmlns:xsi="http://www.w3.org/2001/XMLSchema-instance" xmlns:xlink="http://www.w3.org/1999/xlink" xmlns:link="http://www.xbrl.org/2003/linkbase" xmlns:xbrli="http://www.xbrl.org/2003/instance" xsi:schemaLocation="http://www.xbrl.org/2003/linkbase http://www.xbrl.org/2003/xbrl-linkbase-2003-12-31.xsd">
    <link:roleRef roleURI="http://rarusminerals.com/role/DocumentAndEntityInformation" xlink:href="rasm-20121231.xsd#DocumentAndEntityInformation" xlink:type="simple" />
    <link:roleRef roleURI="http://rarusminerals.com/role/BalanceSheets" xlink:href="rasm-20121231.xsd#BalanceSheets" xlink:type="simple" />
    <link:roleRef roleURI="http://rarusminerals.com/role/BalanceSheetsParenthetical" xlink:href="rasm-20121231.xsd#BalanceSheetsParenthetical" xlink:type="simple" />
    <link:roleRef roleURI="http://rarusminerals.com/role/StatementsOfOperations" xlink:href="rasm-20121231.xsd#StatementsOfOperations" xlink:type="simple" />
    <link:roleRef roleURI="http://rarusminerals.com/role/StatementsOfCashFlows" xlink:href="rasm-20121231.xsd#StatementsOfCashFlows" xlink:type="simple" />
    <link:roleRef roleURI="http://rarusminerals.com/role/Operations" xlink:href="rasm-20121231.xsd#Operations" xlink:type="simple" />
    <link:roleRef roleURI="http://rarusminerals.com/role/BasisOfPresentationAndSummaryOfSignificantAccountingPolicies" xlink:href="rasm-20121231.xsd#BasisOfPresentationAndSummaryOfSignificantAccountingPolicies" xlink:type="simple" />
    <link:roleRef roleURI="http://rarusminerals.com/role/GoingConcern" xlink:href="rasm-20121231.xsd#GoingConcern" xlink:type="simple" />
    <link:roleRef roleURI="http://rarusminerals.com/role/ShareCapital" xlink:href="rasm-20121231.xsd#ShareCapital" xlink:type="simple" />
    <link:roleRef roleURI="http://rarusminerals.com/role/SoftwareAcquisitionAndSoftwareImpairmentCharges" xlink:href="rasm-20121231.xsd#SoftwareAcquisitionAndSoftwareImpairmentCharges" xlink:type="simple" />
    <link:roleRef roleURI="http://rarusminerals.com/role/Loans" xlink:href="rasm-20121231.xsd#Loans" xlink:type="simple" />
    <link:roleRef roleURI="http://rarusminerals.com/role/AdvancesAndLoansFromStockholders" xlink:href="rasm-20121231.xsd#AdvancesAndLoansFromStockholders" xlink:type="simple" />
    <link:roleRef roleURI="http://rarusminerals.com/role/SubsequentEvents" xlink:href="rasm-20121231.xsd#SubsequentEvents" xlink:type="simple" />
    <link:roleRef roleURI="http://rarusminerals.com/role/DiscontinuedOperation" xlink:href="rasm-20121231.xsd#DiscontinuedOperation" xlink:type="simple" />
    <link:roleRef roleURI="http://rarusminerals.com/role/BasisOfPresentationAndSummaryOfSignificantAccountingPoliciesPolicies" xlink:href="rasm-20121231.xsd#BasisOfPresentationAndSummaryOfSignificantAccountingPoliciesPolicies" xlink:type="simple" />
    <link:roleRef roleURI="http://rarusminerals.com/role/SoftwareAcquisitionAndSoftwareImpairmentChargesTables" xlink:href="rasm-20121231.xsd#SoftwareAcquisitionAndSoftwareImpairmentChargesTables" xlink:type="simple" />
    <link:roleRef roleURI="http://rarusminerals.com/role/DiscontinuedOperationTables" xlink:href="rasm-20121231.xsd#DiscontinuedOperationTables" xlink:type="simple" />
    <link:roleRef roleURI="http://rarusminerals.com/role/GoingConcernDetailsNarrative" xlink:href="rasm-20121231.xsd#GoingConcernDetailsNarrative" xlink:type="simple" />
    <link:roleRef roleURI="http://rarusminerals.com/role/ShareCapitalDetailsNarrative" xlink:href="rasm-20121231.xsd#ShareCapitalDetailsNarrative" xlink:type="simple" />
    <link:roleRef roleURI="http://rarusminerals.com/role/SoftwareAcquisitionAndSoftwareImpairmentChargesDetailsNarrative" xlink:href="rasm-20121231.xsd#SoftwareAcquisitionAndSoftwareImpairmentChargesDetailsNarrative" xlink:type="simple" />
    <link:roleRef roleURI="http://rarusminerals.com/role/LoansDetailsNarrative" xlink:href="rasm-20121231.xsd#LoansDetailsNarrative" xlink:type="simple" />
    <link:roleRef roleURI="http://rarusminerals.com/role/AdvancesAndLoansFromStockholdersDetailsNarrative" xlink:href="rasm-20121231.xsd#AdvancesAndLoansFromStockholdersDetailsNarrative" xlink:type="simple" />
    <link:roleRef roleURI="http://rarusminerals.com/role/SubsequentEventsDetailsNarrative" xlink:href="rasm-20121231.xsd#SubsequentEventsDetailsNarrative" xlink:type="simple" />
    <link:roleRef roleURI="http://rarusminerals.com/role/DiscontinuedOperation-OtherExpenseDetails" xlink:href="rasm-20121231.xsd#DiscontinuedOperation-OtherExpenseDetails" xlink:type="simple" />
    <link:roleRef roleURI="http://rarusminerals.com/role/DiscontinuedOperationDetailsNarrative" xlink:href="rasm-20121231.xsd#DiscontinuedOperationDetailsNarrative" xlink:type="simple" />
    <link:calculationLink xlink:type="extended" xlink:role="http://rarusminerals.com/role/DocumentAndEntityInformation" xlink:title="0001 - Document - Document and Entity Information" />
    <link:calculationLink xlink:type="extended" xlink:role="http://rarusminerals.com/role/BalanceSheets" xlink:title="0002 - Statement - Balance Sheets">
      <link:loc xlink:type="locator" xlink:href="http://xbrl.fasb.org/us-gaap/2012/elts/us-gaap-2012-01-31.xsd#us-gaap_AssetsCurrent" xlink:label="loc_RASMAssetsCurrent" />
      <link:loc xlink:type="locator" xlink:href="http://xbrl.fasb.org/us-gaap/2012/elts/us-gaap-2012-01-31.xsd#us-gaap_Cash" xlink:label="loc_RASMCash" />
      <link:calculationArc order="100" xlink:arcrole="http://www.xbrl.org/2003/arcrole/summation-item" xlink:from="loc_RASMAssetsCurrent" xlink:to="loc_RASMCash" xlink:type="arc" weight="1" />
      <link:loc xlink:type="locator" xlink:href="http://xbrl.fasb.org/us-gaap/2012/elts/us-gaap-2012-01-31.xsd#us-gaap_PrepaidExpense" xlink:label="loc_RASMPrepaidExpense" />
      <link:calculationArc order="200" xlink:arcrole="http://www.xbrl.org/2003/arcrole/summation-item" xlink:from="loc_RASMAssetsCurrent" xlink:to="loc_RASMPrepaidExpense" xlink:type="arc" weight="1" />
    </link:calculationLink>
    <link:calculationLink xlink:type="extended" xlink:role="http://rarusminerals.com/role/BalanceSheetsParenthetical" xlink:title="0003 - Statement - Balance Sheets (Parenthetical)" />
    <link:calculationLink xlink:type="extended" xlink:role="http://rarusminerals.com/role/StatementsOfOperations" xlink:title="0004 - Statement - Statements of Operations (Unaudited)" />
    <link:calculationLink xlink:type="extended" xlink:role="http://rarusminerals.com/role/StatementsOfCashFlows" xlink:title="0005 - Statement - Statements of Cash Flows (Unaudited)" />
    <link:calculationLink xlink:type="extended" xlink:role="http://rarusminerals.com/role/Operations" xlink:title="0006 - Disclosure - Operations" />
    <link:calculationLink xlink:type="extended" xlink:role="http://rarusminerals.com/role/BasisOfPresentationAndSummaryOfSignificantAccountingPolicies" xlink:title="0007 - Disclosure - Basis of Presentation and Summary of Significant Accounting Policies" />
    <link:calculationLink xlink:type="extended" xlink:role="http://rarusminerals.com/role/GoingConcern" xlink:title="0008 - Disclosure - Going Concern" />
    <link:calculationLink xlink:type="extended" xlink:role="http://rarusminerals.com/role/ShareCapital" xlink:title="0009 - Disclosure - Share Capital" />
    <link:calculationLink xlink:type="extended" xlink:role="http://rarusminerals.com/role/SoftwareAcquisitionAndSoftwareImpairmentCharges" xlink:title="0010 - Disclosure - Software Acquisition and Software Impairment Charges" />
    <link:calculationLink xlink:type="extended" xlink:role="http://rarusminerals.com/role/Loans" xlink:title="0011 - Disclosure - Loans" />
    <link:calculationLink xlink:type="extended" xlink:role="http://rarusminerals.com/role/AdvancesAndLoansFromStockholders" xlink:title="0012 - Disclosure - Advances and loans from stockholders" />
    <link:calculationLink xlink:type="extended" xlink:role="http://rarusminerals.com/role/SubsequentEvents" xlink:title="0013 - Disclosure - Subsequent Events" />
    <link:calculationLink xlink:type="extended" xlink:role="http://rarusminerals.com/role/DiscontinuedOperation" xlink:title="0014 - Disclosure - Discontinued Operation" />
    <link:calculationLink xlink:type="extended" xlink:role="http://rarusminerals.com/role/BasisOfPresentationAndSummaryOfSignificantAccountingPoliciesPolicies" xlink:title="0015 - Disclosure - Basis of Presentation and Summary of Significant Accounting Policies (Policies)" />
    <link:calculationLink xlink:type="extended" xlink:role="http://rarusminerals.com/role/SoftwareAcquisitionAndSoftwareImpairmentChargesTables" xlink:title="0016 - Disclosure - Software Acquisition and Software Impairment Charges (Tables)" />
    <link:calculationLink xlink:type="extended" xlink:role="http://rarusminerals.com/role/DiscontinuedOperationTables" xlink:title="0017 - Disclosure - Discontinued Operation (Tables)" />
    <link:calculationLink xlink:type="extended" xlink:role="http://rarusminerals.com/role/GoingConcernDetailsNarrative" xlink:title="0018 - Disclosure - Going Concern (Details Narrative)" />
    <link:calculationLink xlink:type="extended" xlink:role="http://rarusminerals.com/role/ShareCapitalDetailsNarrative" xlink:title="0019 - Disclosure - Share Capital (Details Narrative)" />
    <link:calculationLink xlink:type="extended" xlink:role="http://rarusminerals.com/role/SoftwareAcquisitionAndSoftwareImpairmentChargesDetailsNarrative" xlink:title="0020 - Disclosure - Software Acquisition and Software Impairment Charges (Details Narrative)" />
    <link:calculationLink xlink:type="extended" xlink:role="http://rarusminerals.com/role/LoansDetailsNarrative" xlink:title="0021 - Disclosure - Loans (Details Narrative)" />
    <link:calculationLink xlink:type="extended" xlink:role="http://rarusminerals.com/role/AdvancesAndLoansFromStockholdersDetailsNarrative" xlink:title="0022 - Disclosure - Advances and loans from stockholders (Details Narrative)" />
    <link:calculationLink xlink:type="extended" xlink:role="http://rarusminerals.com/role/SubsequentEventsDetailsNarrative" xlink:title="0023 - Disclosure - Subsequent Events (Details Narrative)" />
    <link:calculationLink xlink:type="extended" xlink:role="http://rarusminerals.com/role/DiscontinuedOperation-OtherExpenseDetails" xlink:title="0024 - Disclosure - Discontinued Operation - Other Expense (Details)" />
    <link:calculationLink xlink:type="extended" xlink:role="http://rarusminerals.com/role/DiscontinuedOperationDetailsNarrative" xlink:title="0025 - Disclosure - Discontinued Operation (Details Narrative)" />
</link:linkbase>
