<?xml version="1.0" encoding="US-ASCII" standalone="no"?>
    <!-- Field: Doc-Info; Name: Generator; Value: GoFiler Complete; Version: 3.4a -->
    <!-- Field: Doc-Info; Name: VendorURI; Value: http://www.novaworks.co -->
    <!-- Field: Doc-Info; Name: Source; Value: rarus_10q3.xfr; Date: 2013/01/30T13:37:36 -->
    <!-- Field: Doc-Info; Name: Status; Value: 0x00000000 -->
<link:linkbase xmlns:xsi="http://www.w3.org/2001/XMLSchema-instance" xmlns:xlink="http://www.w3.org/1999/xlink" xmlns:link="http://www.xbrl.org/2003/linkbase" xmlns:xbrldt="http://xbrl.org/2005/xbrldt" xmlns:xbrli="http://www.xbrl.org/2003/instance" xsi:schemaLocation="http://www.xbrl.org/2003/linkbase http://www.xbrl.org/2003/xbrl-linkbase-2003-12-31.xsd">
    <link:roleRef roleURI="http://rarusminerals.com/role/DocumentAndEntityInformation" xlink:href="rasm-20121231.xsd#DocumentAndEntityInformation" xlink:type="simple" />
    <link:roleRef roleURI="http://rarusminerals.com/role/BalanceSheets" xlink:href="rasm-20121231.xsd#BalanceSheets" xlink:type="simple" />
    <link:roleRef roleURI="http://rarusminerals.com/role/BalanceSheetsParenthetical" xlink:href="rasm-20121231.xsd#BalanceSheetsParenthetical" xlink:type="simple" />
    <link:roleRef roleURI="http://rarusminerals.com/role/StatementsOfOperations" xlink:href="rasm-20121231.xsd#StatementsOfOperations" xlink:type="simple" />
    <link:roleRef roleURI="http://rarusminerals.com/role/StatementsOfCashFlows" xlink:href="rasm-20121231.xsd#StatementsOfCashFlows" xlink:type="simple" />
    <link:roleRef roleURI="http://rarusminerals.com/role/Operations" xlink:href="rasm-20121231.xsd#Operations" xlink:type="simple" />
    <link:roleRef roleURI="http://rarusminerals.com/role/BasisOfPresentationAndSummaryOfSignificantAccountingPolicies" xlink:href="rasm-20121231.xsd#BasisOfPresentationAndSummaryOfSignificantAccountingPolicies" xlink:type="simple" />
    <link:roleRef roleURI="http://rarusminerals.com/role/GoingConcern" xlink:href="rasm-20121231.xsd#GoingConcern" xlink:type="simple" />
    <link:roleRef roleURI="http://rarusminerals.com/role/ShareCapital" xlink:href="rasm-20121231.xsd#ShareCapital" xlink:type="simple" />
    <link:roleRef roleURI="http://rarusminerals.com/role/SoftwareAcquisitionAndSoftwareImpairmentCharges" xlink:href="rasm-20121231.xsd#SoftwareAcquisitionAndSoftwareImpairmentCharges" xlink:type="simple" />
    <link:roleRef roleURI="http://rarusminerals.com/role/Loans" xlink:href="rasm-20121231.xsd#Loans" xlink:type="simple" />
    <link:roleRef roleURI="http://rarusminerals.com/role/AdvancesAndLoansFromStockholders" xlink:href="rasm-20121231.xsd#AdvancesAndLoansFromStockholders" xlink:type="simple" />
    <link:roleRef roleURI="http://rarusminerals.com/role/SubsequentEvents" xlink:href="rasm-20121231.xsd#SubsequentEvents" xlink:type="simple" />
    <link:roleRef roleURI="http://rarusminerals.com/role/DiscontinuedOperation" xlink:href="rasm-20121231.xsd#DiscontinuedOperation" xlink:type="simple" />
    <link:roleRef roleURI="http://rarusminerals.com/role/BasisOfPresentationAndSummaryOfSignificantAccountingPoliciesPolicies" xlink:href="rasm-20121231.xsd#BasisOfPresentationAndSummaryOfSignificantAccountingPoliciesPolicies" xlink:type="simple" />
    <link:roleRef roleURI="http://rarusminerals.com/role/SoftwareAcquisitionAndSoftwareImpairmentChargesTables" xlink:href="rasm-20121231.xsd#SoftwareAcquisitionAndSoftwareImpairmentChargesTables" xlink:type="simple" />
    <link:roleRef roleURI="http://rarusminerals.com/role/DiscontinuedOperationTables" xlink:href="rasm-20121231.xsd#DiscontinuedOperationTables" xlink:type="simple" />
    <link:roleRef roleURI="http://rarusminerals.com/role/GoingConcernDetailsNarrative" xlink:href="rasm-20121231.xsd#GoingConcernDetailsNarrative" xlink:type="simple" />
    <link:roleRef roleURI="http://rarusminerals.com/role/ShareCapitalDetailsNarrative" xlink:href="rasm-20121231.xsd#ShareCapitalDetailsNarrative" xlink:type="simple" />
    <link:roleRef roleURI="http://rarusminerals.com/role/SoftwareAcquisitionAndSoftwareImpairmentChargesDetailsNarrative" xlink:href="rasm-20121231.xsd#SoftwareAcquisitionAndSoftwareImpairmentChargesDetailsNarrative" xlink:type="simple" />
    <link:roleRef roleURI="http://rarusminerals.com/role/LoansDetailsNarrative" xlink:href="rasm-20121231.xsd#LoansDetailsNarrative" xlink:type="simple" />
    <link:roleRef roleURI="http://rarusminerals.com/role/AdvancesAndLoansFromStockholdersDetailsNarrative" xlink:href="rasm-20121231.xsd#AdvancesAndLoansFromStockholdersDetailsNarrative" xlink:type="simple" />
    <link:roleRef roleURI="http://rarusminerals.com/role/SubsequentEventsDetailsNarrative" xlink:href="rasm-20121231.xsd#SubsequentEventsDetailsNarrative" xlink:type="simple" />
    <link:roleRef roleURI="http://rarusminerals.com/role/DiscontinuedOperation-OtherExpenseDetails" xlink:href="rasm-20121231.xsd#DiscontinuedOperation-OtherExpenseDetails" xlink:type="simple" />
    <link:roleRef roleURI="http://rarusminerals.com/role/DiscontinuedOperationDetailsNarrative" xlink:href="rasm-20121231.xsd#DiscontinuedOperationDetailsNarrative" xlink:type="simple" />
    <link:arcroleRef xlink:type="simple" xlink:href="http://www.xbrl.org/2005/xbrldt-2005.xsd#hypercube-dimension" arcroleURI="http://xbrl.org/int/dim/arcrole/hypercube-dimension" />
    <link:arcroleRef xlink:type="simple" xlink:href="http://www.xbrl.org/2005/xbrldt-2005.xsd#dimension-domain" arcroleURI="http://xbrl.org/int/dim/arcrole/dimension-domain" />
    <link:arcroleRef xlink:type="simple" xlink:href="http://www.xbrl.org/2005/xbrldt-2005.xsd#domain-member" arcroleURI="http://xbrl.org/int/dim/arcrole/domain-member" />
    <link:arcroleRef xlink:type="simple" xlink:href="http://www.xbrl.org/2005/xbrldt-2005.xsd#all" arcroleURI="http://xbrl.org/int/dim/arcrole/all" />
    <link:arcroleRef xlink:type="simple" xlink:href="http://www.xbrl.org/2005/xbrldt-2005.xsd#notAll" arcroleURI="http://xbrl.org/int/dim/arcrole/notAll" />
    <link:arcroleRef xlink:type="simple" xlink:href="http://www.xbrl.org/2005/xbrldt-2005.xsd#dimension-default" arcroleURI="http://xbrl.org/int/dim/arcrole/dimension-default" />
    <link:definitionLink xlink:type="extended" xlink:role="http://rarusminerals.com/role/DocumentAndEntityInformation" xlink:title="0001 - Document - Document and Entity Information" />
    <link:definitionLink xlink:type="extended" xlink:role="http://rarusminerals.com/role/BalanceSheets" xlink:title="0002 - Statement - Balance Sheets">
      <link:loc xlink:type="locator" xlink:href="http://xbrl.fasb.org/us-gaap/2012/elts/us-gaap-2012-01-31.xsd#us-gaap_StatementLineItems" xlink:label="loc_RASMStatementLineItems" />
      <link:loc xlink:type="locator" xlink:href="http://xbrl.fasb.org/us-gaap/2012/elts/us-gaap-2012-01-31.xsd#us-gaap_StatementTable" xlink:label="loc_RASMStatementTable" />
      <link:definitionArc xlink:arcrole="http://xbrl.org/int/dim/arcrole/all" xbrldt:contextElement="segment" xlink:from="loc_RASMStatementLineItems" xlink:to="loc_RASMStatementTable" xlink:type="arc" order="10" xbrldt:closed="true" />
      <link:loc xlink:type="locator" xlink:href="http://xbrl.fasb.org/us-gaap/2012/elts/us-gaap-2012-01-31.xsd#us-gaap_StatementScenarioAxis" xlink:label="loc_RASMStatementScenarioAxis" />
      <link:definitionArc xlink:arcrole="http://xbrl.org/int/dim/arcrole/hypercube-dimension" xlink:from="loc_RASMStatementTable" xlink:to="loc_RASMStatementScenarioAxis" xlink:type="arc" order="20" />
      <link:loc xlink:type="locator" xlink:href="http://xbrl.fasb.org/us-gaap/2012/elts/us-gaap-2012-01-31.xsd#us-gaap_ScenarioUnspecifiedDomain" xlink:label="loc_RASMScenarioUnspecifiedDomain" />
      <link:definitionArc xlink:arcrole="http://xbrl.org/int/dim/arcrole/dimension-domain" xlink:from="loc_RASMStatementScenarioAxis" xlink:to="loc_RASMScenarioUnspecifiedDomain" xlink:type="arc" order="20" />
      <link:loc xlink:type="locator" xlink:href="http://xbrl.fasb.org/us-gaap/2012/elts/us-gaap-2012-01-31.xsd#us-gaap_ScenarioUnspecifiedDomain" xlink:label="loc_RASMScenarioUnspecifiedDomain_10" />
      <link:definitionArc xlink:arcrole="http://xbrl.org/int/dim/arcrole/dimension-default" xbrldt:contextElement="segment" xlink:from="loc_RASMStatementScenarioAxis" xlink:to="loc_RASMScenarioUnspecifiedDomain_10" xlink:type="arc" order="30" />
      <link:loc xlink:type="locator" xlink:href="rasm-20121231.xsd#RASM_UnauditedMember" xlink:label="loc_RASMUnauditedMember_0" />
      <link:definitionArc xlink:arcrole="http://xbrl.org/int/dim/arcrole/domain-member" xlink:from="loc_RASMScenarioUnspecifiedDomain" xlink:to="loc_RASMUnauditedMember_0" xlink:type="arc" order="1" />
      <link:loc xlink:type="locator" xlink:href="http://xbrl.fasb.org/us-gaap/2012/elts/us-gaap-2012-01-31.xsd#us-gaap_AssetsAbstract" xlink:label="loc_RASMAssetsAbstract_30" />
      <link:definitionArc xlink:arcrole="http://xbrl.org/int/dim/arcrole/domain-member" xlink:from="loc_RASMStatementLineItems" xlink:to="loc_RASMAssetsAbstract_30" xlink:type="arc" order="1" />
      <link:loc xlink:type="locator" xlink:href="http://xbrl.fasb.org/us-gaap/2012/elts/us-gaap-2012-01-31.xsd#us-gaap_AssetsCurrentAbstract" xlink:label="loc_RASMAssetsCurrentAbstract_30" />
      <link:definitionArc xlink:arcrole="http://xbrl.org/int/dim/arcrole/domain-member" xlink:from="loc_RASMAssetsAbstract_30" xlink:to="loc_RASMAssetsCurrentAbstract_30" xlink:type="arc" order="2" />
      <link:loc xlink:type="locator" xlink:href="http://xbrl.fasb.org/us-gaap/2012/elts/us-gaap-2012-01-31.xsd#us-gaap_Cash" xlink:label="loc_RASMCash_30" />
      <link:definitionArc xlink:arcrole="http://xbrl.org/int/dim/arcrole/domain-member" xlink:from="loc_RASMAssetsCurrentAbstract_30" xlink:to="loc_RASMCash_30" xlink:type="arc" order="3" />
      <link:loc xlink:type="locator" xlink:href="http://xbrl.fasb.org/us-gaap/2012/elts/us-gaap-2012-01-31.xsd#us-gaap_PrepaidExpense" xlink:label="loc_RASMPrepaidExpense_30" />
      <link:definitionArc xlink:arcrole="http://xbrl.org/int/dim/arcrole/domain-member" xlink:from="loc_RASMAssetsCurrentAbstract_30" xlink:to="loc_RASMPrepaidExpense_30" xlink:type="arc" order="4" />
      <link:loc xlink:type="locator" xlink:href="http://xbrl.fasb.org/us-gaap/2012/elts/us-gaap-2012-01-31.xsd#us-gaap_AssetsCurrent" xlink:label="loc_RASMAssetsCurrent_30" />
      <link:definitionArc xlink:arcrole="http://xbrl.org/int/dim/arcrole/domain-member" xlink:from="loc_RASMAssetsCurrentAbstract_30" xlink:to="loc_RASMAssetsCurrent_30" xlink:type="arc" order="5" />
      <link:loc xlink:type="locator" xlink:href="http://xbrl.fasb.org/us-gaap/2012/elts/us-gaap-2012-01-31.xsd#us-gaap_Assets" xlink:label="loc_RASMAssets_30" />
      <link:definitionArc xlink:arcrole="http://xbrl.org/int/dim/arcrole/domain-member" xlink:from="loc_RASMAssetsCurrentAbstract_30" xlink:to="loc_RASMAssets_30" xlink:type="arc" order="6" />
      <link:loc xlink:type="locator" xlink:href="http://xbrl.fasb.org/us-gaap/2012/elts/us-gaap-2012-01-31.xsd#us-gaap_LiabilitiesAndStockholdersEquityAbstract" xlink:label="loc_RASMLiabilitiesAndStockholdersEquityAbstract_30" />
      <link:definitionArc xlink:arcrole="http://xbrl.org/int/dim/arcrole/domain-member" xlink:from="loc_RASMStatementLineItems" xlink:to="loc_RASMLiabilitiesAndStockholdersEquityAbstract_30" xlink:type="arc" order="7" />
      <link:loc xlink:type="locator" xlink:href="http://xbrl.fasb.org/us-gaap/2012/elts/us-gaap-2012-01-31.xsd#us-gaap_LiabilitiesCurrentAbstract" xlink:label="loc_RASMLiabilitiesCurrentAbstract_30" />
      <link:definitionArc xlink:arcrole="http://xbrl.org/int/dim/arcrole/domain-member" xlink:from="loc_RASMLiabilitiesAndStockholdersEquityAbstract_30" xlink:to="loc_RASMLiabilitiesCurrentAbstract_30" xlink:type="arc" order="8" />
      <link:loc xlink:type="locator" xlink:href="http://xbrl.fasb.org/us-gaap/2012/elts/us-gaap-2012-01-31.xsd#us-gaap_AccountsPayableAndAccruedLiabilitiesCurrent" xlink:label="loc_RASMAccountsPayableAndAccruedLiabilitiesCurrent_30" />
      <link:definitionArc xlink:arcrole="http://xbrl.org/int/dim/arcrole/domain-member" xlink:from="loc_RASMLiabilitiesCurrentAbstract_30" xlink:to="loc_RASMAccountsPayableAndAccruedLiabilitiesCurrent_30" xlink:type="arc" order="9" />
      <link:loc xlink:type="locator" xlink:href="http://xbrl.fasb.org/us-gaap/2012/elts/us-gaap-2012-01-31.xsd#us-gaap_DueToOfficersOrStockholdersCurrent" xlink:label="loc_RASMDueToOfficersOrStockholdersCurrent_30" />
      <link:definitionArc xlink:arcrole="http://xbrl.org/int/dim/arcrole/domain-member" xlink:from="loc_RASMLiabilitiesCurrentAbstract_30" xlink:to="loc_RASMDueToOfficersOrStockholdersCurrent_30" xlink:type="arc" order="10" />
      <link:loc xlink:type="locator" xlink:href="http://xbrl.fasb.org/us-gaap/2012/elts/us-gaap-2012-01-31.xsd#us-gaap_LoansPayable" xlink:label="loc_RASMLoansPayable_30" />
      <link:definitionArc xlink:arcrole="http://xbrl.org/int/dim/arcrole/domain-member" xlink:from="loc_RASMLiabilitiesCurrentAbstract_30" xlink:to="loc_RASMLoansPayable_30" xlink:type="arc" order="11" />
      <link:loc xlink:type="locator" xlink:href="http://xbrl.fasb.org/us-gaap/2012/elts/us-gaap-2012-01-31.xsd#us-gaap_OtherLoansPayable" xlink:label="loc_RASMOtherLoansPayable_30" />
      <link:definitionArc xlink:arcrole="http://xbrl.org/int/dim/arcrole/domain-member" xlink:from="loc_RASMLiabilitiesCurrentAbstract_30" xlink:to="loc_RASMOtherLoansPayable_30" xlink:type="arc" order="12" />
      <link:loc xlink:type="locator" xlink:href="http://xbrl.fasb.org/us-gaap/2012/elts/us-gaap-2012-01-31.xsd#us-gaap_LiabilitiesCurrent" xlink:label="loc_RASMLiabilitiesCurrent_30" />
      <link:definitionArc xlink:arcrole="http://xbrl.org/int/dim/arcrole/domain-member" xlink:from="loc_RASMLiabilitiesCurrentAbstract_30" xlink:to="loc_RASMLiabilitiesCurrent_30" xlink:type="arc" order="13" />
      <link:loc xlink:type="locator" xlink:href="http://xbrl.fasb.org/us-gaap/2012/elts/us-gaap-2012-01-31.xsd#us-gaap_Liabilities" xlink:label="loc_RASMLiabilities_30" />
      <link:definitionArc xlink:arcrole="http://xbrl.org/int/dim/arcrole/domain-member" xlink:from="loc_RASMLiabilitiesCurrentAbstract_30" xlink:to="loc_RASMLiabilities_30" xlink:type="arc" order="14" />
      <link:loc xlink:type="locator" xlink:href="http://xbrl.fasb.org/us-gaap/2012/elts/us-gaap-2012-01-31.xsd#us-gaap_CommitmentsAndContingencies" xlink:label="loc_RASMCommitmentsAndContingencies_30" />
      <link:definitionArc xlink:arcrole="http://xbrl.org/int/dim/arcrole/domain-member" xlink:from="loc_RASMLiabilitiesCurrentAbstract_30" xlink:to="loc_RASMCommitmentsAndContingencies_30" xlink:type="arc" order="15" />
      <link:loc xlink:type="locator" xlink:href="http://xbrl.fasb.org/us-gaap/2012/elts/us-gaap-2012-01-31.xsd#us-gaap_StockholdersEquityAbstract" xlink:label="loc_RASMStockholdersEquityAbstract_30" />
      <link:definitionArc xlink:arcrole="http://xbrl.org/int/dim/arcrole/domain-member" xlink:from="loc_RASMStatementLineItems" xlink:to="loc_RASMStockholdersEquityAbstract_30" xlink:type="arc" order="16" />
      <link:loc xlink:type="locator" xlink:href="http://xbrl.fasb.org/us-gaap/2012/elts/us-gaap-2012-01-31.xsd#us-gaap_PreferredStockValue" xlink:label="loc_RASMPreferredStockValue_30" />
      <link:definitionArc xlink:arcrole="http://xbrl.org/int/dim/arcrole/domain-member" xlink:from="loc_RASMStockholdersEquityAbstract_30" xlink:to="loc_RASMPreferredStockValue_30" xlink:type="arc" order="17" />
      <link:loc xlink:type="locator" xlink:href="http://xbrl.fasb.org/us-gaap/2012/elts/us-gaap-2012-01-31.xsd#us-gaap_CommonStockValue" xlink:label="loc_RASMCommonStockValue_30" />
      <link:definitionArc xlink:arcrole="http://xbrl.org/int/dim/arcrole/domain-member" xlink:from="loc_RASMStockholdersEquityAbstract_30" xlink:to="loc_RASMCommonStockValue_30" xlink:type="arc" order="18" />
      <link:loc xlink:type="locator" xlink:href="http://xbrl.fasb.org/us-gaap/2012/elts/us-gaap-2012-01-31.xsd#us-gaap_AdditionalPaidInCapitalCommonStock" xlink:label="loc_RASMAdditionalPaidInCapitalCommonStock_30" />
      <link:definitionArc xlink:arcrole="http://xbrl.org/int/dim/arcrole/domain-member" xlink:from="loc_RASMStockholdersEquityAbstract_30" xlink:to="loc_RASMAdditionalPaidInCapitalCommonStock_30" xlink:type="arc" order="19" />
      <link:loc xlink:type="locator" xlink:href="http://xbrl.fasb.org/us-gaap/2012/elts/us-gaap-2012-01-31.xsd#us-gaap_RetainedEarningsAccumulatedDeficit" xlink:label="loc_RASMRetainedEarningsAccumulatedDeficit_30" />
      <link:definitionArc xlink:arcrole="http://xbrl.org/int/dim/arcrole/domain-member" xlink:from="loc_RASMStockholdersEquityAbstract_30" xlink:to="loc_RASMRetainedEarningsAccumulatedDeficit_30" xlink:type="arc" order="20" />
      <link:loc xlink:type="locator" xlink:href="http://xbrl.fasb.org/us-gaap/2012/elts/us-gaap-2012-01-31.xsd#us-gaap_StockholdersEquity" xlink:label="loc_RASMStockholdersEquity_30" />
      <link:definitionArc xlink:arcrole="http://xbrl.org/int/dim/arcrole/domain-member" xlink:from="loc_RASMStockholdersEquityAbstract_30" xlink:to="loc_RASMStockholdersEquity_30" xlink:type="arc" order="21" />
      <link:loc xlink:type="locator" xlink:href="http://xbrl.fasb.org/us-gaap/2012/elts/us-gaap-2012-01-31.xsd#us-gaap_LiabilitiesAndStockholdersEquity" xlink:label="loc_RASMLiabilitiesAndStockholdersEquity_30" />
      <link:definitionArc xlink:arcrole="http://xbrl.org/int/dim/arcrole/domain-member" xlink:from="loc_RASMStockholdersEquityAbstract_30" xlink:to="loc_RASMLiabilitiesAndStockholdersEquity_30" xlink:type="arc" order="22" />
    </link:definitionLink>
    <link:definitionLink xlink:type="extended" xlink:role="http://rarusminerals.com/role/BalanceSheetsParenthetical" xlink:title="0003 - Statement - Balance Sheets (Parenthetical)">
      <link:loc xlink:type="locator" xlink:href="http://xbrl.fasb.org/us-gaap/2012/elts/us-gaap-2012-01-31.xsd#us-gaap_StatementLineItems" xlink:label="loc_RASMStatementLineItems" />
      <link:loc xlink:type="locator" xlink:href="http://xbrl.fasb.org/us-gaap/2012/elts/us-gaap-2012-01-31.xsd#us-gaap_StatementTable" xlink:label="loc_RASMStatementTable" />
      <link:definitionArc xlink:arcrole="http://xbrl.org/int/dim/arcrole/all" xbrldt:contextElement="segment" xlink:from="loc_RASMStatementLineItems" xlink:to="loc_RASMStatementTable" xlink:type="arc" order="10" xbrldt:closed="true" />
      <link:loc xlink:type="locator" xlink:href="http://xbrl.fasb.org/us-gaap/2012/elts/us-gaap-2012-01-31.xsd#us-gaap_StatementScenarioAxis" xlink:label="loc_RASMStatementScenarioAxis" />
      <link:definitionArc xlink:arcrole="http://xbrl.org/int/dim/arcrole/hypercube-dimension" xlink:from="loc_RASMStatementTable" xlink:to="loc_RASMStatementScenarioAxis" xlink:type="arc" order="20" />
      <link:loc xlink:type="locator" xlink:href="http://xbrl.fasb.org/us-gaap/2012/elts/us-gaap-2012-01-31.xsd#us-gaap_ScenarioUnspecifiedDomain" xlink:label="loc_RASMScenarioUnspecifiedDomain" />
      <link:definitionArc xlink:arcrole="http://xbrl.org/int/dim/arcrole/dimension-domain" xlink:from="loc_RASMStatementScenarioAxis" xlink:to="loc_RASMScenarioUnspecifiedDomain" xlink:type="arc" order="20" />
      <link:loc xlink:type="locator" xlink:href="http://xbrl.fasb.org/us-gaap/2012/elts/us-gaap-2012-01-31.xsd#us-gaap_ScenarioUnspecifiedDomain" xlink:label="loc_RASMScenarioUnspecifiedDomain_10" />
      <link:definitionArc xlink:arcrole="http://xbrl.org/int/dim/arcrole/dimension-default" xbrldt:contextElement="segment" xlink:from="loc_RASMStatementScenarioAxis" xlink:to="loc_RASMScenarioUnspecifiedDomain_10" xlink:type="arc" order="30" />
      <link:loc xlink:type="locator" xlink:href="rasm-20121231.xsd#RASM_UnauditedMember" xlink:label="loc_RASMUnauditedMember_0" />
      <link:definitionArc xlink:arcrole="http://xbrl.org/int/dim/arcrole/domain-member" xlink:from="loc_RASMScenarioUnspecifiedDomain" xlink:to="loc_RASMUnauditedMember_0" xlink:type="arc" order="1" />
      <link:loc xlink:type="locator" xlink:href="rasm-20121231.xsd#RASM_PreferredStockParValue1" xlink:label="loc_RASMPreferredStockParValue1_30" />
      <link:definitionArc xlink:arcrole="http://xbrl.org/int/dim/arcrole/domain-member" xlink:from="loc_RASMStatementLineItems" xlink:to="loc_RASMPreferredStockParValue1_30" xlink:type="arc" order="1" />
      <link:loc xlink:type="locator" xlink:href="http://xbrl.fasb.org/us-gaap/2012/elts/us-gaap-2012-01-31.xsd#us-gaap_PreferredStockSharesAuthorized" xlink:label="loc_RASMPreferredStockSharesAuthorized_30" />
      <link:definitionArc xlink:arcrole="http://xbrl.org/int/dim/arcrole/domain-member" xlink:from="loc_RASMStatementLineItems" xlink:to="loc_RASMPreferredStockSharesAuthorized_30" xlink:type="arc" order="2" />
      <link:loc xlink:type="locator" xlink:href="http://xbrl.fasb.org/us-gaap/2012/elts/us-gaap-2012-01-31.xsd#us-gaap_PreferredStockSharesIssued" xlink:label="loc_RASMPreferredStockSharesIssued_30" />
      <link:definitionArc xlink:arcrole="http://xbrl.org/int/dim/arcrole/domain-member" xlink:from="loc_RASMStatementLineItems" xlink:to="loc_RASMPreferredStockSharesIssued_30" xlink:type="arc" order="3" />
      <link:loc xlink:type="locator" xlink:href="http://xbrl.fasb.org/us-gaap/2012/elts/us-gaap-2012-01-31.xsd#us-gaap_PreferredStockSharesOutstanding" xlink:label="loc_RASMPreferredStockSharesOutstanding_30" />
      <link:definitionArc xlink:arcrole="http://xbrl.org/int/dim/arcrole/domain-member" xlink:from="loc_RASMStatementLineItems" xlink:to="loc_RASMPreferredStockSharesOutstanding_30" xlink:type="arc" order="4" />
      <link:loc xlink:type="locator" xlink:href="rasm-20121231.xsd#RASM_CommonStockParValue1" xlink:label="loc_RASMCommonStockParValue1_30" />
      <link:definitionArc xlink:arcrole="http://xbrl.org/int/dim/arcrole/domain-member" xlink:from="loc_RASMStatementLineItems" xlink:to="loc_RASMCommonStockParValue1_30" xlink:type="arc" order="5" />
      <link:loc xlink:type="locator" xlink:href="http://xbrl.fasb.org/us-gaap/2012/elts/us-gaap-2012-01-31.xsd#us-gaap_CommonStockSharesAuthorized" xlink:label="loc_RASMCommonStockSharesAuthorized_30" />
      <link:definitionArc xlink:arcrole="http://xbrl.org/int/dim/arcrole/domain-member" xlink:from="loc_RASMStatementLineItems" xlink:to="loc_RASMCommonStockSharesAuthorized_30" xlink:type="arc" order="6" />
      <link:loc xlink:type="locator" xlink:href="rasm-20121231.xsd#RASM_CommonStockIssued2" xlink:label="loc_RASMCommonStockIssued2_30" />
      <link:definitionArc xlink:arcrole="http://xbrl.org/int/dim/arcrole/domain-member" xlink:from="loc_RASMStatementLineItems" xlink:to="loc_RASMCommonStockIssued2_30" xlink:type="arc" order="7" />
      <link:loc xlink:type="locator" xlink:href="rasm-20121231.xsd#RASM_CommonStockOutstanding2" xlink:label="loc_RASMCommonStockOutstanding2_30" />
      <link:definitionArc xlink:arcrole="http://xbrl.org/int/dim/arcrole/domain-member" xlink:from="loc_RASMStatementLineItems" xlink:to="loc_RASMCommonStockOutstanding2_30" xlink:type="arc" order="8" />
    </link:definitionLink>
    <link:definitionLink xlink:type="extended" xlink:role="http://rarusminerals.com/role/StatementsOfOperations" xlink:title="0004 - Statement - Statements of Operations (Unaudited)" />
    <link:definitionLink xlink:type="extended" xlink:role="http://rarusminerals.com/role/StatementsOfCashFlows" xlink:title="0005 - Statement - Statements of Cash Flows (Unaudited)" />
    <link:definitionLink xlink:type="extended" xlink:role="http://rarusminerals.com/role/Operations" xlink:title="0006 - Disclosure - Operations" />
    <link:definitionLink xlink:type="extended" xlink:role="http://rarusminerals.com/role/BasisOfPresentationAndSummaryOfSignificantAccountingPolicies" xlink:title="0007 - Disclosure - Basis of Presentation and Summary of Significant Accounting Policies" />
    <link:definitionLink xlink:type="extended" xlink:role="http://rarusminerals.com/role/GoingConcern" xlink:title="0008 - Disclosure - Going Concern" />
    <link:definitionLink xlink:type="extended" xlink:role="http://rarusminerals.com/role/ShareCapital" xlink:title="0009 - Disclosure - Share Capital" />
    <link:definitionLink xlink:type="extended" xlink:role="http://rarusminerals.com/role/SoftwareAcquisitionAndSoftwareImpairmentCharges" xlink:title="0010 - Disclosure - Software Acquisition and Software Impairment Charges" />
    <link:definitionLink xlink:type="extended" xlink:role="http://rarusminerals.com/role/Loans" xlink:title="0011 - Disclosure - Loans" />
    <link:definitionLink xlink:type="extended" xlink:role="http://rarusminerals.com/role/AdvancesAndLoansFromStockholders" xlink:title="0012 - Disclosure - Advances and loans from stockholders" />
    <link:definitionLink xlink:type="extended" xlink:role="http://rarusminerals.com/role/SubsequentEvents" xlink:title="0013 - Disclosure - Subsequent Events" />
    <link:definitionLink xlink:type="extended" xlink:role="http://rarusminerals.com/role/DiscontinuedOperation" xlink:title="0014 - Disclosure - Discontinued Operation" />
    <link:definitionLink xlink:type="extended" xlink:role="http://rarusminerals.com/role/BasisOfPresentationAndSummaryOfSignificantAccountingPoliciesPolicies" xlink:title="0015 - Disclosure - Basis of Presentation and Summary of Significant Accounting Policies (Policies)" />
    <link:definitionLink xlink:type="extended" xlink:role="http://rarusminerals.com/role/SoftwareAcquisitionAndSoftwareImpairmentChargesTables" xlink:title="0016 - Disclosure - Software Acquisition and Software Impairment Charges (Tables)" />
    <link:definitionLink xlink:type="extended" xlink:role="http://rarusminerals.com/role/DiscontinuedOperationTables" xlink:title="0017 - Disclosure - Discontinued Operation (Tables)" />
    <link:definitionLink xlink:type="extended" xlink:role="http://rarusminerals.com/role/GoingConcernDetailsNarrative" xlink:title="0018 - Disclosure - Going Concern (Details Narrative)" />
    <link:definitionLink xlink:type="extended" xlink:role="http://rarusminerals.com/role/ShareCapitalDetailsNarrative" xlink:title="0019 - Disclosure - Share Capital (Details Narrative)" />
    <link:definitionLink xlink:type="extended" xlink:role="http://rarusminerals.com/role/SoftwareAcquisitionAndSoftwareImpairmentChargesDetailsNarrative" xlink:title="0020 - Disclosure - Software Acquisition and Software Impairment Charges (Details Narrative)" />
    <link:definitionLink xlink:type="extended" xlink:role="http://rarusminerals.com/role/LoansDetailsNarrative" xlink:title="0021 - Disclosure - Loans (Details Narrative)" />
    <link:definitionLink xlink:type="extended" xlink:role="http://rarusminerals.com/role/AdvancesAndLoansFromStockholdersDetailsNarrative" xlink:title="0022 - Disclosure - Advances and loans from stockholders (Details Narrative)" />
    <link:definitionLink xlink:type="extended" xlink:role="http://rarusminerals.com/role/SubsequentEventsDetailsNarrative" xlink:title="0023 - Disclosure - Subsequent Events (Details Narrative)" />
    <link:definitionLink xlink:type="extended" xlink:role="http://rarusminerals.com/role/DiscontinuedOperation-OtherExpenseDetails" xlink:title="0024 - Disclosure - Discontinued Operation - Other Expense (Details)" />
    <link:definitionLink xlink:type="extended" xlink:role="http://rarusminerals.com/role/DiscontinuedOperationDetailsNarrative" xlink:title="0025 - Disclosure - Discontinued Operation (Details Narrative)" />
</link:linkbase>
