<?xml version="1.0" encoding="US-ASCII" standalone="no"?>
    <!-- Field: Doc-Info; Name: Generator; Value: GoFiler Complete; Version: 3.4b -->
    <!-- Field: Doc-Info; Name: VendorURI; Value: http://www.novaworks.co -->
    <!-- Field: Doc-Info; Name: Source; Value: amok01242013form10k.xfr; Date: 2013/01/29T20:00:28 -->
    <!-- Field: Doc-Info; Name: Status; Value: 0x00000000 -->
<link:linkbase xmlns:xsi="http://www.w3.org/2001/XMLSchema-instance" xmlns:xlink="http://www.w3.org/1999/xlink" xmlns:link="http://www.xbrl.org/2003/linkbase" xmlns:xbrli="http://www.xbrl.org/2003/instance" xsi:schemaLocation="http://www.xbrl.org/2003/linkbase http://www.xbrl.org/2003/xbrl-linkbase-2003-12-31.xsd">
    <link:roleRef roleURI="http://amarokresources.com/role/DocumentAndEntityInformation" xlink:href="amok-20121031.xsd#DocumentAndEntityInformation" xlink:type="simple" />
    <link:roleRef roleURI="http://amarokresources.com/role/BalanceSheets" xlink:href="amok-20121031.xsd#BalanceSheets" xlink:type="simple" />
    <link:roleRef roleURI="http://amarokresources.com/role/BalanceSheetsParenthetical" xlink:href="amok-20121031.xsd#BalanceSheetsParenthetical" xlink:type="simple" />
    <link:roleRef roleURI="http://amarokresources.com/role/StatementsOfOperations" xlink:href="amok-20121031.xsd#StatementsOfOperations" xlink:type="simple" />
    <link:roleRef roleURI="http://amarokresources.com/role/StatementOfChangesInStockholdersEquity" xlink:href="amok-20121031.xsd#StatementOfChangesInStockholdersEquity" xlink:type="simple" />
    <link:roleRef roleURI="http://amarokresources.com/role/StatementOfCashFlows" xlink:href="amok-20121031.xsd#StatementOfCashFlows" xlink:type="simple" />
    <link:roleRef roleURI="http://amarokresources.com/role/StatementOfCashFlowsParenthetical" xlink:href="amok-20121031.xsd#StatementOfCashFlowsParenthetical" xlink:type="simple" />
    <link:roleRef roleURI="http://amarokresources.com/role/OrganizationAndBasisOfPresentation" xlink:href="amok-20121031.xsd#OrganizationAndBasisOfPresentation" xlink:type="simple" />
    <link:roleRef roleURI="http://amarokresources.com/role/GoingConcern" xlink:href="amok-20121031.xsd#GoingConcern" xlink:type="simple" />
    <link:roleRef roleURI="http://amarokresources.com/role/SummaryOfSignificantAccountingPolicies" xlink:href="amok-20121031.xsd#SummaryOfSignificantAccountingPolicies" xlink:type="simple" />
    <link:roleRef roleURI="http://amarokresources.com/role/MiningClaims" xlink:href="amok-20121031.xsd#MiningClaims" xlink:type="simple" />
    <link:roleRef roleURI="http://amarokresources.com/role/RelatedPartyTransactions" xlink:href="amok-20121031.xsd#RelatedPartyTransactions" xlink:type="simple" />
    <link:roleRef roleURI="http://amarokresources.com/role/StockholdersEquity" xlink:href="amok-20121031.xsd#StockholdersEquity" xlink:type="simple" />
    <link:roleRef roleURI="http://amarokresources.com/role/IncomeTaxes" xlink:href="amok-20121031.xsd#IncomeTaxes" xlink:type="simple" />
    <link:roleRef roleURI="http://amarokresources.com/role/SubsequentEvents" xlink:href="amok-20121031.xsd#SubsequentEvents" xlink:type="simple" />
    <link:roleRef roleURI="http://amarokresources.com/role/SummaryOfSignificantAccountingPoliciesPolicies" xlink:href="amok-20121031.xsd#SummaryOfSignificantAccountingPoliciesPolicies" xlink:type="simple" />
    <link:roleRef roleURI="http://amarokresources.com/role/StockholdersEquityTables" xlink:href="amok-20121031.xsd#StockholdersEquityTables" xlink:type="simple" />
    <link:roleRef roleURI="http://amarokresources.com/role/IncomeTaxesTables" xlink:href="amok-20121031.xsd#IncomeTaxesTables" xlink:type="simple" />
    <link:roleRef roleURI="http://amarokresources.com/role/OrganizationAndBasisOfPresentationDetailsNarrative" xlink:href="amok-20121031.xsd#OrganizationAndBasisOfPresentationDetailsNarrative" xlink:type="simple" />
    <link:roleRef roleURI="http://amarokresources.com/role/GoingConcernDetailsNarrative" xlink:href="amok-20121031.xsd#GoingConcernDetailsNarrative" xlink:type="simple" />
    <link:roleRef roleURI="http://amarokresources.com/role/SummaryOfSignificantAccountingPoliciesDetailsNarrative" xlink:href="amok-20121031.xsd#SummaryOfSignificantAccountingPoliciesDetailsNarrative" xlink:type="simple" />
    <link:roleRef roleURI="http://amarokresources.com/role/MiningClaimsDetailsNarrative" xlink:href="amok-20121031.xsd#MiningClaimsDetailsNarrative" xlink:type="simple" />
    <link:roleRef roleURI="http://amarokresources.com/role/RelatedPartyTransactionsDetailsNarrative" xlink:href="amok-20121031.xsd#RelatedPartyTransactionsDetailsNarrative" xlink:type="simple" />
    <link:roleRef roleURI="http://amarokresources.com/role/StockholdersEquity-ScheduleOfWarrantsOutstandingDetails" xlink:href="amok-20121031.xsd#StockholdersEquity-ScheduleOfWarrantsOutstandingDetails" xlink:type="simple" />
    <link:roleRef roleURI="http://amarokresources.com/role/StockholdersEquity-ScheduleOfOptionsOutstandingDetails" xlink:href="amok-20121031.xsd#StockholdersEquity-ScheduleOfOptionsOutstandingDetails" xlink:type="simple" />
    <link:roleRef roleURI="http://amarokresources.com/role/StockholdersEquityDetailsNarrative" xlink:href="amok-20121031.xsd#StockholdersEquityDetailsNarrative" xlink:type="simple" />
    <link:roleRef roleURI="http://amarokresources.com/role/IncomeTaxes-TaxExpenseBenefitDetails" xlink:href="amok-20121031.xsd#IncomeTaxes-TaxExpenseBenefitDetails" xlink:type="simple" />
    <link:roleRef roleURI="http://amarokresources.com/role/IncomeTaxesDetailsNarrative" xlink:href="amok-20121031.xsd#IncomeTaxesDetailsNarrative" xlink:type="simple" />
    <link:roleRef roleURI="http://amarokresources.com/role/SubsequentEventsDetailsNarrative" xlink:href="amok-20121031.xsd#SubsequentEventsDetailsNarrative" xlink:type="simple" />
    <link:calculationLink xlink:type="extended" xlink:role="http://amarokresources.com/role/DocumentAndEntityInformation" xlink:title="0001 - Document - Document and Entity Information" />
    <link:calculationLink xlink:type="extended" xlink:role="http://amarokresources.com/role/BalanceSheets" xlink:title="0002 - Statement - Balance Sheets">
      <link:loc xlink:type="locator" xlink:href="http://xbrl.fasb.org/us-gaap/2012/elts/us-gaap-2012-01-31.xsd#us-gaap_AssetsCurrent" xlink:label="loc_AMOKAssetsCurrent" />
      <link:loc xlink:type="locator" xlink:href="http://xbrl.fasb.org/us-gaap/2012/elts/us-gaap-2012-01-31.xsd#us-gaap_CashAndCashEquivalentsAtCarryingValue" xlink:label="loc_AMOKCashAndCashEquivalentsAtCarryingValue" />
      <link:calculationArc order="100" xlink:arcrole="http://www.xbrl.org/2003/arcrole/summation-item" xlink:from="loc_AMOKAssetsCurrent" xlink:to="loc_AMOKCashAndCashEquivalentsAtCarryingValue" xlink:type="arc" weight="1" />
      <link:loc xlink:type="locator" xlink:href="http://xbrl.fasb.org/us-gaap/2012/elts/us-gaap-2012-01-31.xsd#us-gaap_PrepaidRent" xlink:label="loc_AMOKPrepaidRent" />
      <link:calculationArc order="200" xlink:arcrole="http://www.xbrl.org/2003/arcrole/summation-item" xlink:from="loc_AMOKAssetsCurrent" xlink:to="loc_AMOKPrepaidRent" xlink:type="arc" weight="1" />
      <link:loc xlink:type="locator" xlink:href="http://xbrl.fasb.org/us-gaap/2012/elts/us-gaap-2012-01-31.xsd#us-gaap_PrepaidExpenseAndOtherAssetsNoncurrent" xlink:label="loc_AMOKPrepaidExpenseAndOtherAssetsNoncurrent" />
      <link:calculationArc order="300" xlink:arcrole="http://www.xbrl.org/2003/arcrole/summation-item" xlink:from="loc_AMOKAssetsCurrent" xlink:to="loc_AMOKPrepaidExpenseAndOtherAssetsNoncurrent" xlink:type="arc" weight="1" />
      <link:loc xlink:type="locator" xlink:href="http://xbrl.fasb.org/us-gaap/2012/elts/us-gaap-2012-01-31.xsd#us-gaap_DepositAssets" xlink:label="loc_AMOKDepositAssets" />
      <link:calculationArc order="400" xlink:arcrole="http://www.xbrl.org/2003/arcrole/summation-item" xlink:from="loc_AMOKAssetsCurrent" xlink:to="loc_AMOKDepositAssets" xlink:type="arc" weight="1" />
      <link:loc xlink:type="locator" xlink:href="http://xbrl.fasb.org/us-gaap/2012/elts/us-gaap-2012-01-31.xsd#us-gaap_Assets" xlink:label="loc_AMOKAssets" />
      <link:calculationArc order="100" xlink:arcrole="http://www.xbrl.org/2003/arcrole/summation-item" xlink:from="loc_AMOKAssets" xlink:to="loc_AMOKAssetsCurrent" xlink:type="arc" weight="1" />
      <link:loc xlink:type="locator" xlink:href="http://xbrl.fasb.org/us-gaap/2012/elts/us-gaap-2012-01-31.xsd#us-gaap_MineralRights" xlink:label="loc_AMOKMineralRights" />
      <link:calculationArc order="200" xlink:arcrole="http://www.xbrl.org/2003/arcrole/summation-item" xlink:from="loc_AMOKAssets" xlink:to="loc_AMOKMineralRights" xlink:type="arc" weight="1" />
      <link:loc xlink:type="locator" xlink:href="http://xbrl.fasb.org/us-gaap/2012/elts/us-gaap-2012-01-31.xsd#us-gaap_FiniteLivedIntangibleAssetsNet" xlink:label="loc_AMOKFiniteLivedIntangibleAssetsNet" />
      <link:calculationArc order="300" xlink:arcrole="http://www.xbrl.org/2003/arcrole/summation-item" xlink:from="loc_AMOKAssets" xlink:to="loc_AMOKFiniteLivedIntangibleAssetsNet" xlink:type="arc" weight="1" />
      <link:loc xlink:type="locator" xlink:href="http://xbrl.fasb.org/us-gaap/2012/elts/us-gaap-2012-01-31.xsd#us-gaap_LiabilitiesCurrent" xlink:label="loc_AMOKLiabilitiesCurrent" />
      <link:loc xlink:type="locator" xlink:href="http://xbrl.fasb.org/us-gaap/2012/elts/us-gaap-2012-01-31.xsd#us-gaap_AccountsPayableCurrent" xlink:label="loc_AMOKAccountsPayableCurrent" />
      <link:calculationArc order="100" xlink:arcrole="http://www.xbrl.org/2003/arcrole/summation-item" xlink:from="loc_AMOKLiabilitiesCurrent" xlink:to="loc_AMOKAccountsPayableCurrent" xlink:type="arc" weight="1" />
      <link:loc xlink:type="locator" xlink:href="http://xbrl.fasb.org/us-gaap/2012/elts/us-gaap-2012-01-31.xsd#us-gaap_AccountsPayableRelatedPartiesCurrent" xlink:label="loc_AMOKAccountsPayableRelatedPartiesCurrent" />
      <link:calculationArc order="200" xlink:arcrole="http://www.xbrl.org/2003/arcrole/summation-item" xlink:from="loc_AMOKLiabilitiesCurrent" xlink:to="loc_AMOKAccountsPayableRelatedPartiesCurrent" xlink:type="arc" weight="1" />
      <link:loc xlink:type="locator" xlink:href="http://xbrl.fasb.org/us-gaap/2012/elts/us-gaap-2012-01-31.xsd#us-gaap_StockholdersEquity" xlink:label="loc_AMOKStockholdersEquity" />
      <link:loc xlink:type="locator" xlink:href="http://xbrl.fasb.org/us-gaap/2012/elts/us-gaap-2012-01-31.xsd#us-gaap_CommonStockValue" xlink:label="loc_AMOKCommonStockValue" />
      <link:calculationArc order="100" xlink:arcrole="http://www.xbrl.org/2003/arcrole/summation-item" xlink:from="loc_AMOKStockholdersEquity" xlink:to="loc_AMOKCommonStockValue" xlink:type="arc" weight="1" />
      <link:loc xlink:type="locator" xlink:href="http://xbrl.fasb.org/us-gaap/2012/elts/us-gaap-2012-01-31.xsd#us-gaap_AdditionalPaidInCapitalCommonStock" xlink:label="loc_AMOKAdditionalPaidInCapitalCommonStock" />
      <link:calculationArc order="200" xlink:arcrole="http://www.xbrl.org/2003/arcrole/summation-item" xlink:from="loc_AMOKStockholdersEquity" xlink:to="loc_AMOKAdditionalPaidInCapitalCommonStock" xlink:type="arc" weight="1" />
      <link:loc xlink:type="locator" xlink:href="http://xbrl.fasb.org/us-gaap/2012/elts/us-gaap-2012-01-31.xsd#us-gaap_RetainedEarningsAccumulatedDeficit" xlink:label="loc_AMOKRetainedEarningsAccumulatedDeficit" />
      <link:calculationArc order="300" xlink:arcrole="http://www.xbrl.org/2003/arcrole/summation-item" xlink:from="loc_AMOKStockholdersEquity" xlink:to="loc_AMOKRetainedEarningsAccumulatedDeficit" xlink:type="arc" weight="1" />
      <link:loc xlink:type="locator" xlink:href="http://xbrl.fasb.org/us-gaap/2012/elts/us-gaap-2012-01-31.xsd#us-gaap_DevelopmentStageEnterpriseDeficitAccumulatedDuringDevelopmentStage" xlink:label="loc_AMOKDevelopmentStageEnterpriseDeficitAccumulatedDuringDevelopmentStage" />
      <link:calculationArc order="400" xlink:arcrole="http://www.xbrl.org/2003/arcrole/summation-item" xlink:from="loc_AMOKStockholdersEquity" xlink:to="loc_AMOKDevelopmentStageEnterpriseDeficitAccumulatedDuringDevelopmentStage" xlink:type="arc" weight="-1" />
      <link:loc xlink:type="locator" xlink:href="http://xbrl.fasb.org/us-gaap/2012/elts/us-gaap-2012-01-31.xsd#us-gaap_LiabilitiesAndStockholdersEquity" xlink:label="loc_AMOKLiabilitiesAndStockholdersEquity" />
      <link:calculationArc order="100" xlink:arcrole="http://www.xbrl.org/2003/arcrole/summation-item" xlink:from="loc_AMOKLiabilitiesAndStockholdersEquity" xlink:to="loc_AMOKLiabilitiesCurrent" xlink:type="arc" weight="1" />
      <link:calculationArc order="200" xlink:arcrole="http://www.xbrl.org/2003/arcrole/summation-item" xlink:from="loc_AMOKLiabilitiesAndStockholdersEquity" xlink:to="loc_AMOKStockholdersEquity" xlink:type="arc" weight="1" />
    </link:calculationLink>
    <link:calculationLink xlink:type="extended" xlink:role="http://amarokresources.com/role/BalanceSheetsParenthetical" xlink:title="0003 - Statement - Balance Sheets (Parenthetical)" />
    <link:calculationLink xlink:type="extended" xlink:role="http://amarokresources.com/role/StatementsOfOperations" xlink:title="0004 - Statement - Statements of Operations">
      <link:loc xlink:type="locator" xlink:href="http://xbrl.fasb.org/us-gaap/2012/elts/us-gaap-2012-01-31.xsd#us-gaap_OperatingExpenses" xlink:label="loc_AMOKOperatingExpenses" />
      <link:loc xlink:type="locator" xlink:href="http://xbrl.fasb.org/us-gaap/2012/elts/us-gaap-2012-01-31.xsd#us-gaap_ExplorationExpenseMining" xlink:label="loc_AMOKExplorationExpenseMining" />
      <link:calculationArc order="100" xlink:arcrole="http://www.xbrl.org/2003/arcrole/summation-item" xlink:from="loc_AMOKOperatingExpenses" xlink:to="loc_AMOKExplorationExpenseMining" xlink:type="arc" weight="1" />
      <link:loc xlink:type="locator" xlink:href="amok-20121031.xsd#AMOK_ContributedServices" xlink:label="loc_AMOKContributedServices" />
      <link:calculationArc order="200" xlink:arcrole="http://www.xbrl.org/2003/arcrole/summation-item" xlink:from="loc_AMOKOperatingExpenses" xlink:to="loc_AMOKContributedServices" xlink:type="arc" weight="1" />
      <link:loc xlink:type="locator" xlink:href="http://xbrl.fasb.org/us-gaap/2012/elts/us-gaap-2012-01-31.xsd#us-gaap_OfficersCompensation" xlink:label="loc_AMOKOfficersCompensation" />
      <link:calculationArc order="300" xlink:arcrole="http://www.xbrl.org/2003/arcrole/summation-item" xlink:from="loc_AMOKOperatingExpenses" xlink:to="loc_AMOKOfficersCompensation" xlink:type="arc" weight="1" />
      <link:loc xlink:type="locator" xlink:href="http://xbrl.fasb.org/us-gaap/2012/elts/us-gaap-2012-01-31.xsd#us-gaap_ProfessionalFees" xlink:label="loc_AMOKProfessionalFees" />
      <link:calculationArc order="400" xlink:arcrole="http://www.xbrl.org/2003/arcrole/summation-item" xlink:from="loc_AMOKOperatingExpenses" xlink:to="loc_AMOKProfessionalFees" xlink:type="arc" weight="1" />
      <link:loc xlink:type="locator" xlink:href="http://xbrl.fasb.org/us-gaap/2012/elts/us-gaap-2012-01-31.xsd#us-gaap_LeaseAndRentalExpense" xlink:label="loc_AMOKLeaseAndRentalExpense" />
      <link:calculationArc order="500" xlink:arcrole="http://www.xbrl.org/2003/arcrole/summation-item" xlink:from="loc_AMOKOperatingExpenses" xlink:to="loc_AMOKLeaseAndRentalExpense" xlink:type="arc" weight="1" />
      <link:loc xlink:type="locator" xlink:href="http://xbrl.fasb.org/us-gaap/2012/elts/us-gaap-2012-01-31.xsd#us-gaap_OtherGeneralAndAdministrativeExpense" xlink:label="loc_AMOKOtherGeneralAndAdministrativeExpense" />
      <link:calculationArc order="600" xlink:arcrole="http://www.xbrl.org/2003/arcrole/summation-item" xlink:from="loc_AMOKOperatingExpenses" xlink:to="loc_AMOKOtherGeneralAndAdministrativeExpense" xlink:type="arc" weight="1" />
      <link:loc xlink:type="locator" xlink:href="http://xbrl.fasb.org/us-gaap/2012/elts/us-gaap-2012-01-31.xsd#us-gaap_AssetImpairmentCharges" xlink:label="loc_AMOKAssetImpairmentCharges" />
      <link:calculationArc order="700" xlink:arcrole="http://www.xbrl.org/2003/arcrole/summation-item" xlink:from="loc_AMOKOperatingExpenses" xlink:to="loc_AMOKAssetImpairmentCharges" xlink:type="arc" weight="1" />
      <link:loc xlink:type="locator" xlink:href="http://xbrl.fasb.org/us-gaap/2012/elts/us-gaap-2012-01-31.xsd#us-gaap_NetIncomeLoss" xlink:label="loc_AMOKNetIncomeLoss" />
      <link:calculationArc order="100" xlink:arcrole="http://www.xbrl.org/2003/arcrole/summation-item" xlink:from="loc_AMOKNetIncomeLoss" xlink:to="loc_AMOKOperatingExpenses" xlink:type="arc" weight="-1" />
      <link:loc xlink:type="locator" xlink:href="http://xbrl.fasb.org/us-gaap/2012/elts/us-gaap-2012-01-31.xsd#us-gaap_InvestmentIncomeInterest" xlink:label="loc_AMOKInvestmentIncomeInterest" />
      <link:calculationArc order="200" xlink:arcrole="http://www.xbrl.org/2003/arcrole/summation-item" xlink:from="loc_AMOKNetIncomeLoss" xlink:to="loc_AMOKInvestmentIncomeInterest" xlink:type="arc" weight="1" />
      <link:loc xlink:type="locator" xlink:href="http://xbrl.fasb.org/us-gaap/2012/elts/us-gaap-2012-01-31.xsd#us-gaap_InterestExpense" xlink:label="loc_AMOKInterestExpense" />
      <link:calculationArc order="300" xlink:arcrole="http://www.xbrl.org/2003/arcrole/summation-item" xlink:from="loc_AMOKNetIncomeLoss" xlink:to="loc_AMOKInterestExpense" xlink:type="arc" weight="-1" />
    </link:calculationLink>
    <link:calculationLink xlink:type="extended" xlink:role="http://amarokresources.com/role/StatementOfChangesInStockholdersEquity" xlink:title="0005 - Statement - Statement of Changes in Stockholders Equity" />
    <link:calculationLink xlink:type="extended" xlink:role="http://amarokresources.com/role/StatementOfCashFlows" xlink:title="0006 - Statement - Statement of Cash Flows">
      <link:loc xlink:type="locator" xlink:href="http://xbrl.fasb.org/us-gaap/2012/elts/us-gaap-2012-01-31.xsd#us-gaap_NetCashProvidedByUsedInOperatingActivities" xlink:label="loc_AMOKNetCashProvidedByUsedInOperatingActivities" />
      <link:loc xlink:type="locator" xlink:href="http://xbrl.fasb.org/us-gaap/2012/elts/us-gaap-2012-01-31.xsd#us-gaap_NetIncomeLoss" xlink:label="loc_AMOKNetIncomeLoss" />
      <link:calculationArc order="100" xlink:arcrole="http://www.xbrl.org/2003/arcrole/summation-item" xlink:from="loc_AMOKNetCashProvidedByUsedInOperatingActivities" xlink:to="loc_AMOKNetIncomeLoss" xlink:type="arc" weight="1" />
      <link:loc xlink:type="locator" xlink:href="http://xbrl.fasb.org/us-gaap/2012/elts/us-gaap-2012-01-31.xsd#us-gaap_AssetImpairmentCharges" xlink:label="loc_AMOKAssetImpairmentCharges" />
      <link:calculationArc order="200" xlink:arcrole="http://www.xbrl.org/2003/arcrole/summation-item" xlink:from="loc_AMOKNetCashProvidedByUsedInOperatingActivities" xlink:to="loc_AMOKAssetImpairmentCharges" xlink:type="arc" weight="1" />
      <link:loc xlink:type="locator" xlink:href="http://xbrl.fasb.org/us-gaap/2012/elts/us-gaap-2012-01-31.xsd#us-gaap_ShareBasedCompensation" xlink:label="loc_AMOKShareBasedCompensation" />
      <link:calculationArc order="300" xlink:arcrole="http://www.xbrl.org/2003/arcrole/summation-item" xlink:from="loc_AMOKNetCashProvidedByUsedInOperatingActivities" xlink:to="loc_AMOKShareBasedCompensation" xlink:type="arc" weight="1" />
      <link:loc xlink:type="locator" xlink:href="amok-20121031.xsd#AMOK_ContributedServicesRent" xlink:label="loc_AMOKContributedServicesRent" />
      <link:calculationArc order="400" xlink:arcrole="http://www.xbrl.org/2003/arcrole/summation-item" xlink:from="loc_AMOKNetCashProvidedByUsedInOperatingActivities" xlink:to="loc_AMOKContributedServicesRent" xlink:type="arc" weight="1" />
      <link:loc xlink:type="locator" xlink:href="http://xbrl.fasb.org/us-gaap/2012/elts/us-gaap-2012-01-31.xsd#us-gaap_IncreaseDecreaseInPrepaidRent" xlink:label="loc_AMOKIncreaseDecreaseInPrepaidRent" />
      <link:calculationArc order="500" xlink:arcrole="http://www.xbrl.org/2003/arcrole/summation-item" xlink:from="loc_AMOKNetCashProvidedByUsedInOperatingActivities" xlink:to="loc_AMOKIncreaseDecreaseInPrepaidRent" xlink:type="arc" weight="1" />
      <link:loc xlink:type="locator" xlink:href="http://xbrl.fasb.org/us-gaap/2012/elts/us-gaap-2012-01-31.xsd#us-gaap_IncreaseDecreaseInDepositsOutstanding" xlink:label="loc_AMOKIncreaseDecreaseInDepositsOutstanding" />
      <link:calculationArc order="600" xlink:arcrole="http://www.xbrl.org/2003/arcrole/summation-item" xlink:from="loc_AMOKNetCashProvidedByUsedInOperatingActivities" xlink:to="loc_AMOKIncreaseDecreaseInDepositsOutstanding" xlink:type="arc" weight="1" />
      <link:loc xlink:type="locator" xlink:href="http://xbrl.fasb.org/us-gaap/2012/elts/us-gaap-2012-01-31.xsd#us-gaap_IncreaseDecreaseInOtherAccountsPayable" xlink:label="loc_AMOKIncreaseDecreaseInOtherAccountsPayable" />
      <link:calculationArc order="700" xlink:arcrole="http://www.xbrl.org/2003/arcrole/summation-item" xlink:from="loc_AMOKNetCashProvidedByUsedInOperatingActivities" xlink:to="loc_AMOKIncreaseDecreaseInOtherAccountsPayable" xlink:type="arc" weight="1" />
      <link:loc xlink:type="locator" xlink:href="http://xbrl.fasb.org/us-gaap/2012/elts/us-gaap-2012-01-31.xsd#us-gaap_IncreaseDecreaseInAccountsPayableRelatedParties" xlink:label="loc_AMOKIncreaseDecreaseInAccountsPayableRelatedParties" />
      <link:calculationArc order="800" xlink:arcrole="http://www.xbrl.org/2003/arcrole/summation-item" xlink:from="loc_AMOKNetCashProvidedByUsedInOperatingActivities" xlink:to="loc_AMOKIncreaseDecreaseInAccountsPayableRelatedParties" xlink:type="arc" weight="1" />
      <link:loc xlink:type="locator" xlink:href="http://xbrl.fasb.org/us-gaap/2012/elts/us-gaap-2012-01-31.xsd#us-gaap_IncreaseDecreaseInPrepaidExpense" xlink:label="loc_AMOKIncreaseDecreaseInPrepaidExpense" />
      <link:calculationArc order="900" xlink:arcrole="http://www.xbrl.org/2003/arcrole/summation-item" xlink:from="loc_AMOKNetCashProvidedByUsedInOperatingActivities" xlink:to="loc_AMOKIncreaseDecreaseInPrepaidExpense" xlink:type="arc" weight="1" />
      <link:loc xlink:type="locator" xlink:href="http://xbrl.fasb.org/us-gaap/2012/elts/us-gaap-2012-01-31.xsd#us-gaap_AmortizationOfAcquiredIntangibleAssets" xlink:label="loc_AMOKAmortizationOfAcquiredIntangibleAssets" />
      <link:calculationArc order="1000" xlink:arcrole="http://www.xbrl.org/2003/arcrole/summation-item" xlink:from="loc_AMOKNetCashProvidedByUsedInOperatingActivities" xlink:to="loc_AMOKAmortizationOfAcquiredIntangibleAssets" xlink:type="arc" weight="1" />
      <link:loc xlink:type="locator" xlink:href="http://xbrl.fasb.org/us-gaap/2012/elts/us-gaap-2012-01-31.xsd#us-gaap_NetCashProvidedByUsedInInvestingActivities" xlink:label="loc_AMOKNetCashProvidedByUsedInInvestingActivities" />
      <link:loc xlink:type="locator" xlink:href="http://xbrl.fasb.org/us-gaap/2012/elts/us-gaap-2012-01-31.xsd#us-gaap_PaymentsToAcquireMiningAssets" xlink:label="loc_AMOKPaymentsToAcquireMiningAssets" />
      <link:calculationArc order="100" xlink:arcrole="http://www.xbrl.org/2003/arcrole/summation-item" xlink:from="loc_AMOKNetCashProvidedByUsedInInvestingActivities" xlink:to="loc_AMOKPaymentsToAcquireMiningAssets" xlink:type="arc" weight="-1" />
      <link:loc xlink:type="locator" xlink:href="amok-20121031.xsd#AMOK_WebsiteDevelopmentCashFlow" xlink:label="loc_AMOKWebsiteDevelopmentCashFlow" />
      <link:calculationArc order="200" xlink:arcrole="http://www.xbrl.org/2003/arcrole/summation-item" xlink:from="loc_AMOKNetCashProvidedByUsedInInvestingActivities" xlink:to="loc_AMOKWebsiteDevelopmentCashFlow" xlink:type="arc" weight="1" />
      <link:loc xlink:type="locator" xlink:href="http://xbrl.fasb.org/us-gaap/2012/elts/us-gaap-2012-01-31.xsd#us-gaap_NetCashProvidedByUsedInFinancingActivities" xlink:label="loc_AMOKNetCashProvidedByUsedInFinancingActivities" />
      <link:loc xlink:type="locator" xlink:href="http://xbrl.fasb.org/us-gaap/2012/elts/us-gaap-2012-01-31.xsd#us-gaap_ProceedsFromIssuanceOfCommonStock" xlink:label="loc_AMOKProceedsFromIssuanceOfCommonStock" />
      <link:calculationArc order="100" xlink:arcrole="http://www.xbrl.org/2003/arcrole/summation-item" xlink:from="loc_AMOKNetCashProvidedByUsedInFinancingActivities" xlink:to="loc_AMOKProceedsFromIssuanceOfCommonStock" xlink:type="arc" weight="1" />
    </link:calculationLink>
    <link:calculationLink xlink:type="extended" xlink:role="http://amarokresources.com/role/StatementOfCashFlowsParenthetical" xlink:title="0007 - Statement - Statement of Cash Flows (Parenthetical)" />
    <link:calculationLink xlink:type="extended" xlink:role="http://amarokresources.com/role/OrganizationAndBasisOfPresentation" xlink:title="0008 - Disclosure - ORGANIZATION AND BASIS OF PRESENTATION" />
    <link:calculationLink xlink:type="extended" xlink:role="http://amarokresources.com/role/GoingConcern" xlink:title="0009 - Disclosure - Going Concern" />
    <link:calculationLink xlink:type="extended" xlink:role="http://amarokresources.com/role/SummaryOfSignificantAccountingPolicies" xlink:title="0010 - Disclosure - SUMMARY OF SIGNIFICANT ACCOUNTING POLICIES" />
    <link:calculationLink xlink:type="extended" xlink:role="http://amarokresources.com/role/MiningClaims" xlink:title="0011 - Disclosure - MINING CLAIMS" />
    <link:calculationLink xlink:type="extended" xlink:role="http://amarokresources.com/role/RelatedPartyTransactions" xlink:title="0012 - Disclosure - RELATED PARTY TRANSACTIONS" />
    <link:calculationLink xlink:type="extended" xlink:role="http://amarokresources.com/role/StockholdersEquity" xlink:title="0013 - Disclosure - STOCKHOLDERS EQUITY" />
    <link:calculationLink xlink:type="extended" xlink:role="http://amarokresources.com/role/IncomeTaxes" xlink:title="0014 - Disclosure - INCOME TAXES" />
    <link:calculationLink xlink:type="extended" xlink:role="http://amarokresources.com/role/SubsequentEvents" xlink:title="0015 - Disclosure - SUBSEQUENT EVENTS" />
    <link:calculationLink xlink:type="extended" xlink:role="http://amarokresources.com/role/SummaryOfSignificantAccountingPoliciesPolicies" xlink:title="0016 - Disclosure - SUMMARY OF SIGNIFICANT ACCOUNTING POLICIES (Policies)" />
    <link:calculationLink xlink:type="extended" xlink:role="http://amarokresources.com/role/StockholdersEquityTables" xlink:title="0017 - Disclosure - STOCKHOLDERS EQUITY (Tables)" />
    <link:calculationLink xlink:type="extended" xlink:role="http://amarokresources.com/role/IncomeTaxesTables" xlink:title="0018 - Disclosure - INCOME TAXES (Tables)" />
    <link:calculationLink xlink:type="extended" xlink:role="http://amarokresources.com/role/OrganizationAndBasisOfPresentationDetailsNarrative" xlink:title="0019 - Disclosure - ORGANIZATION AND BASIS OF PRESENTATION (Details Narrative)" />
    <link:calculationLink xlink:type="extended" xlink:role="http://amarokresources.com/role/GoingConcernDetailsNarrative" xlink:title="0020 - Disclosure - Going Concern (Details Narrative)" />
    <link:calculationLink xlink:type="extended" xlink:role="http://amarokresources.com/role/SummaryOfSignificantAccountingPoliciesDetailsNarrative" xlink:title="0021 - Disclosure - SUMMARY OF SIGNIFICANT ACCOUNTING POLICIES (Details Narrative)" />
    <link:calculationLink xlink:type="extended" xlink:role="http://amarokresources.com/role/MiningClaimsDetailsNarrative" xlink:title="0022 - Disclosure - MINING CLAIMS (Details Narrative)" />
    <link:calculationLink xlink:type="extended" xlink:role="http://amarokresources.com/role/RelatedPartyTransactionsDetailsNarrative" xlink:title="0023 - Disclosure - RELATED PARTY TRANSACTIONS (Details Narrative)" />
    <link:calculationLink xlink:type="extended" xlink:role="http://amarokresources.com/role/StockholdersEquity-ScheduleOfWarrantsOutstandingDetails" xlink:title="0024 - Disclosure - STOCKHOLDERS EQUITY - Schedule of Warrants Outstanding (Details)" />
    <link:calculationLink xlink:type="extended" xlink:role="http://amarokresources.com/role/StockholdersEquity-ScheduleOfOptionsOutstandingDetails" xlink:title="0025 - Disclosure - STOCKHOLDERS EQUITY - Schedule of Options Outstanding (Details)" />
    <link:calculationLink xlink:type="extended" xlink:role="http://amarokresources.com/role/StockholdersEquityDetailsNarrative" xlink:title="0026 - Disclosure - STOCKHOLDERS EQUITY (Details Narrative)" />
    <link:calculationLink xlink:type="extended" xlink:role="http://amarokresources.com/role/IncomeTaxes-TaxExpenseBenefitDetails" xlink:title="0027 - Disclosure - INCOME TAXES - Tax expense benefit (Details)" />
    <link:calculationLink xlink:type="extended" xlink:role="http://amarokresources.com/role/IncomeTaxesDetailsNarrative" xlink:title="0028 - Disclosure - INCOME TAXES (Details Narrative)" />
    <link:calculationLink xlink:type="extended" xlink:role="http://amarokresources.com/role/SubsequentEventsDetailsNarrative" xlink:title="0029 - Disclosure - SUBSEQUENT EVENTS (Details Narrative)" />
</link:linkbase>
