<?xml version="1.0" encoding="US-ASCII" standalone="no"?>
    <!-- Field: Doc-Info; Name: Generator; Value: GoFiler Complete; Version: 3.4b -->
    <!-- Field: Doc-Info; Name: VendorURI; Value: http://www.novaworks.co -->
    <!-- Field: Doc-Info; Name: Source; Value: amok01242013form10k.xfr; Date: 2013/01/29T20:00:28 -->
    <!-- Field: Doc-Info; Name: Status; Value: 0x00000000 -->
<link:linkbase xmlns:xsi="http://www.w3.org/2001/XMLSchema-instance" xmlns:xlink="http://www.w3.org/1999/xlink" xmlns:link="http://www.xbrl.org/2003/linkbase" xmlns:xbrldt="http://xbrl.org/2005/xbrldt" xmlns:xbrli="http://www.xbrl.org/2003/instance" xsi:schemaLocation="http://www.xbrl.org/2003/linkbase http://www.xbrl.org/2003/xbrl-linkbase-2003-12-31.xsd">
    <link:roleRef roleURI="http://amarokresources.com/role/DocumentAndEntityInformation" xlink:href="amok-20121031.xsd#DocumentAndEntityInformation" xlink:type="simple" />
    <link:roleRef roleURI="http://amarokresources.com/role/BalanceSheets" xlink:href="amok-20121031.xsd#BalanceSheets" xlink:type="simple" />
    <link:roleRef roleURI="http://amarokresources.com/role/BalanceSheetsParenthetical" xlink:href="amok-20121031.xsd#BalanceSheetsParenthetical" xlink:type="simple" />
    <link:roleRef roleURI="http://amarokresources.com/role/StatementsOfOperations" xlink:href="amok-20121031.xsd#StatementsOfOperations" xlink:type="simple" />
    <link:roleRef roleURI="http://amarokresources.com/role/StatementOfChangesInStockholdersEquity" xlink:href="amok-20121031.xsd#StatementOfChangesInStockholdersEquity" xlink:type="simple" />
    <link:roleRef roleURI="http://amarokresources.com/role/StatementOfCashFlows" xlink:href="amok-20121031.xsd#StatementOfCashFlows" xlink:type="simple" />
    <link:roleRef roleURI="http://amarokresources.com/role/StatementOfCashFlowsParenthetical" xlink:href="amok-20121031.xsd#StatementOfCashFlowsParenthetical" xlink:type="simple" />
    <link:roleRef roleURI="http://amarokresources.com/role/OrganizationAndBasisOfPresentation" xlink:href="amok-20121031.xsd#OrganizationAndBasisOfPresentation" xlink:type="simple" />
    <link:roleRef roleURI="http://amarokresources.com/role/GoingConcern" xlink:href="amok-20121031.xsd#GoingConcern" xlink:type="simple" />
    <link:roleRef roleURI="http://amarokresources.com/role/SummaryOfSignificantAccountingPolicies" xlink:href="amok-20121031.xsd#SummaryOfSignificantAccountingPolicies" xlink:type="simple" />
    <link:roleRef roleURI="http://amarokresources.com/role/MiningClaims" xlink:href="amok-20121031.xsd#MiningClaims" xlink:type="simple" />
    <link:roleRef roleURI="http://amarokresources.com/role/RelatedPartyTransactions" xlink:href="amok-20121031.xsd#RelatedPartyTransactions" xlink:type="simple" />
    <link:roleRef roleURI="http://amarokresources.com/role/StockholdersEquity" xlink:href="amok-20121031.xsd#StockholdersEquity" xlink:type="simple" />
    <link:roleRef roleURI="http://amarokresources.com/role/IncomeTaxes" xlink:href="amok-20121031.xsd#IncomeTaxes" xlink:type="simple" />
    <link:roleRef roleURI="http://amarokresources.com/role/SubsequentEvents" xlink:href="amok-20121031.xsd#SubsequentEvents" xlink:type="simple" />
    <link:roleRef roleURI="http://amarokresources.com/role/SummaryOfSignificantAccountingPoliciesPolicies" xlink:href="amok-20121031.xsd#SummaryOfSignificantAccountingPoliciesPolicies" xlink:type="simple" />
    <link:roleRef roleURI="http://amarokresources.com/role/StockholdersEquityTables" xlink:href="amok-20121031.xsd#StockholdersEquityTables" xlink:type="simple" />
    <link:roleRef roleURI="http://amarokresources.com/role/IncomeTaxesTables" xlink:href="amok-20121031.xsd#IncomeTaxesTables" xlink:type="simple" />
    <link:roleRef roleURI="http://amarokresources.com/role/OrganizationAndBasisOfPresentationDetailsNarrative" xlink:href="amok-20121031.xsd#OrganizationAndBasisOfPresentationDetailsNarrative" xlink:type="simple" />
    <link:roleRef roleURI="http://amarokresources.com/role/GoingConcernDetailsNarrative" xlink:href="amok-20121031.xsd#GoingConcernDetailsNarrative" xlink:type="simple" />
    <link:roleRef roleURI="http://amarokresources.com/role/SummaryOfSignificantAccountingPoliciesDetailsNarrative" xlink:href="amok-20121031.xsd#SummaryOfSignificantAccountingPoliciesDetailsNarrative" xlink:type="simple" />
    <link:roleRef roleURI="http://amarokresources.com/role/MiningClaimsDetailsNarrative" xlink:href="amok-20121031.xsd#MiningClaimsDetailsNarrative" xlink:type="simple" />
    <link:roleRef roleURI="http://amarokresources.com/role/RelatedPartyTransactionsDetailsNarrative" xlink:href="amok-20121031.xsd#RelatedPartyTransactionsDetailsNarrative" xlink:type="simple" />
    <link:roleRef roleURI="http://amarokresources.com/role/StockholdersEquity-ScheduleOfWarrantsOutstandingDetails" xlink:href="amok-20121031.xsd#StockholdersEquity-ScheduleOfWarrantsOutstandingDetails" xlink:type="simple" />
    <link:roleRef roleURI="http://amarokresources.com/role/StockholdersEquity-ScheduleOfOptionsOutstandingDetails" xlink:href="amok-20121031.xsd#StockholdersEquity-ScheduleOfOptionsOutstandingDetails" xlink:type="simple" />
    <link:roleRef roleURI="http://amarokresources.com/role/StockholdersEquityDetailsNarrative" xlink:href="amok-20121031.xsd#StockholdersEquityDetailsNarrative" xlink:type="simple" />
    <link:roleRef roleURI="http://amarokresources.com/role/IncomeTaxes-TaxExpenseBenefitDetails" xlink:href="amok-20121031.xsd#IncomeTaxes-TaxExpenseBenefitDetails" xlink:type="simple" />
    <link:roleRef roleURI="http://amarokresources.com/role/IncomeTaxesDetailsNarrative" xlink:href="amok-20121031.xsd#IncomeTaxesDetailsNarrative" xlink:type="simple" />
    <link:roleRef roleURI="http://amarokresources.com/role/SubsequentEventsDetailsNarrative" xlink:href="amok-20121031.xsd#SubsequentEventsDetailsNarrative" xlink:type="simple" />
    <link:arcroleRef xlink:type="simple" xlink:href="http://www.xbrl.org/2005/xbrldt-2005.xsd#hypercube-dimension" arcroleURI="http://xbrl.org/int/dim/arcrole/hypercube-dimension" />
    <link:arcroleRef xlink:type="simple" xlink:href="http://www.xbrl.org/2005/xbrldt-2005.xsd#dimension-domain" arcroleURI="http://xbrl.org/int/dim/arcrole/dimension-domain" />
    <link:arcroleRef xlink:type="simple" xlink:href="http://www.xbrl.org/2005/xbrldt-2005.xsd#domain-member" arcroleURI="http://xbrl.org/int/dim/arcrole/domain-member" />
    <link:arcroleRef xlink:type="simple" xlink:href="http://www.xbrl.org/2005/xbrldt-2005.xsd#all" arcroleURI="http://xbrl.org/int/dim/arcrole/all" />
    <link:arcroleRef xlink:type="simple" xlink:href="http://www.xbrl.org/2005/xbrldt-2005.xsd#notAll" arcroleURI="http://xbrl.org/int/dim/arcrole/notAll" />
    <link:arcroleRef xlink:type="simple" xlink:href="http://www.xbrl.org/2005/xbrldt-2005.xsd#dimension-default" arcroleURI="http://xbrl.org/int/dim/arcrole/dimension-default" />
    <link:definitionLink xlink:type="extended" xlink:role="http://amarokresources.com/role/DocumentAndEntityInformation" xlink:title="0001 - Document - Document and Entity Information" />
    <link:definitionLink xlink:type="extended" xlink:role="http://amarokresources.com/role/BalanceSheets" xlink:title="0002 - Statement - Balance Sheets" />
    <link:definitionLink xlink:type="extended" xlink:role="http://amarokresources.com/role/BalanceSheetsParenthetical" xlink:title="0003 - Statement - Balance Sheets (Parenthetical)" />
    <link:definitionLink xlink:type="extended" xlink:role="http://amarokresources.com/role/StatementsOfOperations" xlink:title="0004 - Statement - Statements of Operations" />
    <link:definitionLink xlink:type="extended" xlink:role="http://amarokresources.com/role/StatementOfChangesInStockholdersEquity" xlink:title="0005 - Statement - Statement of Changes in Stockholders Equity">
      <link:loc xlink:type="locator" xlink:href="http://xbrl.fasb.org/us-gaap/2012/elts/us-gaap-2012-01-31.xsd#us-gaap_StatementLineItems" xlink:label="loc_AMOKStatementLineItems" />
      <link:loc xlink:type="locator" xlink:href="http://xbrl.fasb.org/us-gaap/2012/elts/us-gaap-2012-01-31.xsd#us-gaap_StatementTable" xlink:label="loc_AMOKStatementTable" />
      <link:definitionArc xlink:arcrole="http://xbrl.org/int/dim/arcrole/all" xbrldt:contextElement="segment" xlink:from="loc_AMOKStatementLineItems" xlink:to="loc_AMOKStatementTable" xlink:type="arc" order="10" xbrldt:closed="true" />
      <link:loc xlink:type="locator" xlink:href="http://xbrl.fasb.org/us-gaap/2012/elts/us-gaap-2012-01-31.xsd#us-gaap_StatementEquityComponentsAxis" xlink:label="loc_AMOKStatementEquityComponentsAxis" />
      <link:definitionArc xlink:arcrole="http://xbrl.org/int/dim/arcrole/hypercube-dimension" xlink:from="loc_AMOKStatementTable" xlink:to="loc_AMOKStatementEquityComponentsAxis" xlink:type="arc" order="1" />
      <link:loc xlink:type="locator" xlink:href="http://xbrl.fasb.org/us-gaap/2012/elts/us-gaap-2012-01-31.xsd#us-gaap_EquityComponentDomain" xlink:label="loc_AMOKEquityComponentDomain" />
      <link:definitionArc xlink:arcrole="http://xbrl.org/int/dim/arcrole/dimension-domain" xlink:from="loc_AMOKStatementEquityComponentsAxis" xlink:to="loc_AMOKEquityComponentDomain" xlink:type="arc" order="20" />
      <link:loc xlink:type="locator" xlink:href="http://xbrl.fasb.org/us-gaap/2012/elts/us-gaap-2012-01-31.xsd#us-gaap_EquityComponentDomain" xlink:label="loc_AMOKEquityComponentDomain_10" />
      <link:definitionArc xlink:arcrole="http://xbrl.org/int/dim/arcrole/dimension-default" xbrldt:contextElement="segment" xlink:from="loc_AMOKStatementEquityComponentsAxis" xlink:to="loc_AMOKEquityComponentDomain_10" xlink:type="arc" order="30" />
      <link:loc xlink:type="locator" xlink:href="http://xbrl.fasb.org/us-gaap/2012/elts/us-gaap-2012-01-31.xsd#us-gaap_CommonStockMember" xlink:label="loc_AMOKCommonStockMember_0" />
      <link:definitionArc xlink:arcrole="http://xbrl.org/int/dim/arcrole/domain-member" xlink:from="loc_AMOKEquityComponentDomain" xlink:to="loc_AMOKCommonStockMember_0" xlink:type="arc" order="1" />
      <link:loc xlink:type="locator" xlink:href="http://xbrl.fasb.org/us-gaap/2012/elts/us-gaap-2012-01-31.xsd#us-gaap_AdditionalPaidInCapitalMember" xlink:label="loc_AMOKAdditionalPaidInCapitalMember_10" />
      <link:definitionArc xlink:arcrole="http://xbrl.org/int/dim/arcrole/domain-member" xlink:from="loc_AMOKEquityComponentDomain" xlink:to="loc_AMOKAdditionalPaidInCapitalMember_10" xlink:type="arc" order="11" />
      <link:loc xlink:type="locator" xlink:href="http://xbrl.fasb.org/us-gaap/2012/elts/us-gaap-2012-01-31.xsd#us-gaap_RetainedEarningsMember" xlink:label="loc_AMOKRetainedEarningsMember_20" />
      <link:definitionArc xlink:arcrole="http://xbrl.org/int/dim/arcrole/domain-member" xlink:from="loc_AMOKEquityComponentDomain" xlink:to="loc_AMOKRetainedEarningsMember_20" xlink:type="arc" order="21" />
      <link:loc xlink:type="locator" xlink:href="http://xbrl.fasb.org/us-gaap/2012/elts/us-gaap-2012-01-31.xsd#us-gaap_AccumulatedOtherComprehensiveIncomeMember" xlink:label="loc_AMOKAccumulatedOtherComprehensiveIncomeMember_30" />
      <link:definitionArc xlink:arcrole="http://xbrl.org/int/dim/arcrole/domain-member" xlink:from="loc_AMOKEquityComponentDomain" xlink:to="loc_AMOKAccumulatedOtherComprehensiveIncomeMember_30" xlink:type="arc" order="31" />
      <link:loc xlink:type="locator" xlink:href="http://xbrl.fasb.org/us-gaap/2012/elts/us-gaap-2012-01-31.xsd#us-gaap_SharesIssued" xlink:label="loc_AMOKSharesIssued_60" />
      <link:definitionArc xlink:arcrole="http://xbrl.org/int/dim/arcrole/domain-member" xlink:from="loc_AMOKStatementLineItems" xlink:to="loc_AMOKSharesIssued_60" xlink:type="arc" order="1" />
      <link:loc xlink:type="locator" xlink:href="http://xbrl.fasb.org/us-gaap/2012/elts/us-gaap-2012-01-31.xsd#us-gaap_StockholdersEquity" xlink:label="loc_AMOKStockholdersEquity_60" />
      <link:definitionArc xlink:arcrole="http://xbrl.org/int/dim/arcrole/domain-member" xlink:from="loc_AMOKStatementLineItems" xlink:to="loc_AMOKStockholdersEquity_60" xlink:type="arc" order="2" />
      <link:loc xlink:type="locator" xlink:href="http://xbrl.fasb.org/us-gaap/2012/elts/us-gaap-2012-01-31.xsd#us-gaap_StockIssuedDuringPeriodSharesIssuedForCash" xlink:label="loc_AMOKStockIssuedDuringPeriodSharesIssuedForCash_60" />
      <link:definitionArc xlink:arcrole="http://xbrl.org/int/dim/arcrole/domain-member" xlink:from="loc_AMOKStatementLineItems" xlink:to="loc_AMOKStockIssuedDuringPeriodSharesIssuedForCash_60" xlink:type="arc" order="3" />
      <link:loc xlink:type="locator" xlink:href="http://xbrl.fasb.org/us-gaap/2012/elts/us-gaap-2012-01-31.xsd#us-gaap_StockIssuedDuringPeriodValueIssuedForCash" xlink:label="loc_AMOKStockIssuedDuringPeriodValueIssuedForCash_60" />
      <link:definitionArc xlink:arcrole="http://xbrl.org/int/dim/arcrole/domain-member" xlink:from="loc_AMOKStatementLineItems" xlink:to="loc_AMOKStockIssuedDuringPeriodValueIssuedForCash_60" xlink:type="arc" order="4" />
      <link:loc xlink:type="locator" xlink:href="http://xbrl.fasb.org/us-gaap/2012/elts/us-gaap-2012-01-31.xsd#us-gaap_NoninterestExpenseOfferingCost" xlink:label="loc_AMOKNoninterestExpenseOfferingCost_60" />
      <link:definitionArc xlink:arcrole="http://xbrl.org/int/dim/arcrole/domain-member" xlink:from="loc_AMOKStatementLineItems" xlink:to="loc_AMOKNoninterestExpenseOfferingCost_60" xlink:type="arc" order="5" />
      <link:loc xlink:type="locator" xlink:href="http://xbrl.fasb.org/us-gaap/2012/elts/us-gaap-2012-01-31.xsd#us-gaap_StockIssuedDuringPeriodSharesAcquisitions" xlink:label="loc_AMOKStockIssuedDuringPeriodSharesAcquisitions_60" />
      <link:definitionArc xlink:arcrole="http://xbrl.org/int/dim/arcrole/domain-member" xlink:from="loc_AMOKStatementLineItems" xlink:to="loc_AMOKStockIssuedDuringPeriodSharesAcquisitions_60" xlink:type="arc" order="6" />
      <link:loc xlink:type="locator" xlink:href="http://xbrl.fasb.org/us-gaap/2012/elts/us-gaap-2012-01-31.xsd#us-gaap_StockIssuedDuringPeriodValueAcquisitions" xlink:label="loc_AMOKStockIssuedDuringPeriodValueAcquisitions_60" />
      <link:definitionArc xlink:arcrole="http://xbrl.org/int/dim/arcrole/domain-member" xlink:from="loc_AMOKStatementLineItems" xlink:to="loc_AMOKStockIssuedDuringPeriodValueAcquisitions_60" xlink:type="arc" order="7" />
      <link:loc xlink:type="locator" xlink:href="http://xbrl.fasb.org/us-gaap/2012/elts/us-gaap-2012-01-31.xsd#us-gaap_ProceedsFromStockOptionsExercised" xlink:label="loc_AMOKProceedsFromStockOptionsExercised_60" />
      <link:definitionArc xlink:arcrole="http://xbrl.org/int/dim/arcrole/domain-member" xlink:from="loc_AMOKStatementLineItems" xlink:to="loc_AMOKProceedsFromStockOptionsExercised_60" xlink:type="arc" order="8" />
      <link:loc xlink:type="locator" xlink:href="http://xbrl.fasb.org/us-gaap/2012/elts/us-gaap-2012-01-31.xsd#us-gaap_StockIssuedDuringPeriodSharesIssuedForNoncashConsideration" xlink:label="loc_AMOKStockIssuedDuringPeriodSharesIssuedForNoncashConsideration_60" />
      <link:definitionArc xlink:arcrole="http://xbrl.org/int/dim/arcrole/domain-member" xlink:from="loc_AMOKStatementLineItems" xlink:to="loc_AMOKStockIssuedDuringPeriodSharesIssuedForNoncashConsideration_60" xlink:type="arc" order="9" />
      <link:loc xlink:type="locator" xlink:href="http://xbrl.fasb.org/us-gaap/2012/elts/us-gaap-2012-01-31.xsd#us-gaap_StockIssuedDuringPeriodValueIssuedForNoncashConsiderations" xlink:label="loc_AMOKStockIssuedDuringPeriodValueIssuedForNoncashConsiderations_60" />
      <link:definitionArc xlink:arcrole="http://xbrl.org/int/dim/arcrole/domain-member" xlink:from="loc_AMOKStatementLineItems" xlink:to="loc_AMOKStockIssuedDuringPeriodValueIssuedForNoncashConsiderations_60" xlink:type="arc" order="10" />
      <link:loc xlink:type="locator" xlink:href="http://xbrl.fasb.org/us-gaap/2012/elts/us-gaap-2012-01-31.xsd#us-gaap_StockIssuedDuringPeriodSharesIssuedForServices" xlink:label="loc_AMOKStockIssuedDuringPeriodSharesIssuedForServices_60" />
      <link:definitionArc xlink:arcrole="http://xbrl.org/int/dim/arcrole/domain-member" xlink:from="loc_AMOKStatementLineItems" xlink:to="loc_AMOKStockIssuedDuringPeriodSharesIssuedForServices_60" xlink:type="arc" order="11" />
      <link:loc xlink:type="locator" xlink:href="http://xbrl.fasb.org/us-gaap/2012/elts/us-gaap-2012-01-31.xsd#us-gaap_StockIssuedDuringPeriodValueIssuedForServices" xlink:label="loc_AMOKStockIssuedDuringPeriodValueIssuedForServices_60" />
      <link:definitionArc xlink:arcrole="http://xbrl.org/int/dim/arcrole/domain-member" xlink:from="loc_AMOKStatementLineItems" xlink:to="loc_AMOKStockIssuedDuringPeriodValueIssuedForServices_60" xlink:type="arc" order="12" />
      <link:loc xlink:type="locator" xlink:href="http://xbrl.fasb.org/us-gaap/2012/elts/us-gaap-2012-01-31.xsd#us-gaap_StockIssuedDuringPeriodSharesOther" xlink:label="loc_AMOKStockIssuedDuringPeriodSharesOther_60" />
      <link:definitionArc xlink:arcrole="http://xbrl.org/int/dim/arcrole/domain-member" xlink:from="loc_AMOKStatementLineItems" xlink:to="loc_AMOKStockIssuedDuringPeriodSharesOther_60" xlink:type="arc" order="13" />
      <link:loc xlink:type="locator" xlink:href="http://xbrl.fasb.org/us-gaap/2012/elts/us-gaap-2012-01-31.xsd#us-gaap_StockIssuedDuringPeriodValueOther" xlink:label="loc_AMOKStockIssuedDuringPeriodValueOther_60" />
      <link:definitionArc xlink:arcrole="http://xbrl.org/int/dim/arcrole/domain-member" xlink:from="loc_AMOKStatementLineItems" xlink:to="loc_AMOKStockIssuedDuringPeriodValueOther_60" xlink:type="arc" order="14" />
      <link:loc xlink:type="locator" xlink:href="http://xbrl.fasb.org/us-gaap/2012/elts/us-gaap-2012-01-31.xsd#us-gaap_StockRepurchasedAndRetiredDuringPeriodShares" xlink:label="loc_AMOKStockRepurchasedAndRetiredDuringPeriodShares_60" />
      <link:definitionArc xlink:arcrole="http://xbrl.org/int/dim/arcrole/domain-member" xlink:from="loc_AMOKStatementLineItems" xlink:to="loc_AMOKStockRepurchasedAndRetiredDuringPeriodShares_60" xlink:type="arc" order="15" />
      <link:loc xlink:type="locator" xlink:href="http://xbrl.fasb.org/us-gaap/2012/elts/us-gaap-2012-01-31.xsd#us-gaap_StockRepurchasedAndRetiredDuringPeriodValue" xlink:label="loc_AMOKStockRepurchasedAndRetiredDuringPeriodValue_60" />
      <link:definitionArc xlink:arcrole="http://xbrl.org/int/dim/arcrole/domain-member" xlink:from="loc_AMOKStatementLineItems" xlink:to="loc_AMOKStockRepurchasedAndRetiredDuringPeriodValue_60" xlink:type="arc" order="16" />
      <link:loc xlink:type="locator" xlink:href="amok-20121031.xsd#AMOK_ContributedServices" xlink:label="loc_AMOKContributedServices_60" />
      <link:definitionArc xlink:arcrole="http://xbrl.org/int/dim/arcrole/domain-member" xlink:from="loc_AMOKStatementLineItems" xlink:to="loc_AMOKContributedServices_60" xlink:type="arc" order="17" />
      <link:loc xlink:type="locator" xlink:href="http://xbrl.fasb.org/us-gaap/2012/elts/us-gaap-2012-01-31.xsd#us-gaap_AdjustmentsToAdditionalPaidInCapitalShareBasedCompensationStockOptionsRequisiteServicePeriodRecognition" xlink:label="loc_AMOKAdjustmentsToAdditionalPaidInCapitalShareBasedCompensationStockOptionsRequisiteServicePeriodRecognition_60" />
      <link:definitionArc xlink:arcrole="http://xbrl.org/int/dim/arcrole/domain-member" xlink:from="loc_AMOKStatementLineItems" xlink:to="loc_AMOKAdjustmentsToAdditionalPaidInCapitalShareBasedCompensationStockOptionsRequisiteServicePeriodRecognition_60" xlink:type="arc" order="18" />
      <link:loc xlink:type="locator" xlink:href="http://xbrl.fasb.org/us-gaap/2012/elts/us-gaap-2012-01-31.xsd#us-gaap_ProfitLoss" xlink:label="loc_AMOKProfitLoss_60" />
      <link:definitionArc xlink:arcrole="http://xbrl.org/int/dim/arcrole/domain-member" xlink:from="loc_AMOKStatementLineItems" xlink:to="loc_AMOKProfitLoss_60" xlink:type="arc" order="19" />
    </link:definitionLink>
    <link:definitionLink xlink:type="extended" xlink:role="http://amarokresources.com/role/StatementOfCashFlows" xlink:title="0006 - Statement - Statement of Cash Flows" />
    <link:definitionLink xlink:type="extended" xlink:role="http://amarokresources.com/role/StatementOfCashFlowsParenthetical" xlink:title="0007 - Statement - Statement of Cash Flows (Parenthetical)" />
    <link:definitionLink xlink:type="extended" xlink:role="http://amarokresources.com/role/OrganizationAndBasisOfPresentation" xlink:title="0008 - Disclosure - ORGANIZATION AND BASIS OF PRESENTATION" />
    <link:definitionLink xlink:type="extended" xlink:role="http://amarokresources.com/role/GoingConcern" xlink:title="0009 - Disclosure - Going Concern" />
    <link:definitionLink xlink:type="extended" xlink:role="http://amarokresources.com/role/SummaryOfSignificantAccountingPolicies" xlink:title="0010 - Disclosure - SUMMARY OF SIGNIFICANT ACCOUNTING POLICIES" />
    <link:definitionLink xlink:type="extended" xlink:role="http://amarokresources.com/role/MiningClaims" xlink:title="0011 - Disclosure - MINING CLAIMS" />
    <link:definitionLink xlink:type="extended" xlink:role="http://amarokresources.com/role/RelatedPartyTransactions" xlink:title="0012 - Disclosure - RELATED PARTY TRANSACTIONS" />
    <link:definitionLink xlink:type="extended" xlink:role="http://amarokresources.com/role/StockholdersEquity" xlink:title="0013 - Disclosure - STOCKHOLDERS EQUITY" />
    <link:definitionLink xlink:type="extended" xlink:role="http://amarokresources.com/role/IncomeTaxes" xlink:title="0014 - Disclosure - INCOME TAXES" />
    <link:definitionLink xlink:type="extended" xlink:role="http://amarokresources.com/role/SubsequentEvents" xlink:title="0015 - Disclosure - SUBSEQUENT EVENTS" />
    <link:definitionLink xlink:type="extended" xlink:role="http://amarokresources.com/role/SummaryOfSignificantAccountingPoliciesPolicies" xlink:title="0016 - Disclosure - SUMMARY OF SIGNIFICANT ACCOUNTING POLICIES (Policies)" />
    <link:definitionLink xlink:type="extended" xlink:role="http://amarokresources.com/role/StockholdersEquityTables" xlink:title="0017 - Disclosure - STOCKHOLDERS EQUITY (Tables)" />
    <link:definitionLink xlink:type="extended" xlink:role="http://amarokresources.com/role/IncomeTaxesTables" xlink:title="0018 - Disclosure - INCOME TAXES (Tables)" />
    <link:definitionLink xlink:type="extended" xlink:role="http://amarokresources.com/role/OrganizationAndBasisOfPresentationDetailsNarrative" xlink:title="0019 - Disclosure - ORGANIZATION AND BASIS OF PRESENTATION (Details Narrative)" />
    <link:definitionLink xlink:type="extended" xlink:role="http://amarokresources.com/role/GoingConcernDetailsNarrative" xlink:title="0020 - Disclosure - Going Concern (Details Narrative)" />
    <link:definitionLink xlink:type="extended" xlink:role="http://amarokresources.com/role/SummaryOfSignificantAccountingPoliciesDetailsNarrative" xlink:title="0021 - Disclosure - SUMMARY OF SIGNIFICANT ACCOUNTING POLICIES (Details Narrative)" />
    <link:definitionLink xlink:type="extended" xlink:role="http://amarokresources.com/role/MiningClaimsDetailsNarrative" xlink:title="0022 - Disclosure - MINING CLAIMS (Details Narrative)" />
    <link:definitionLink xlink:type="extended" xlink:role="http://amarokresources.com/role/RelatedPartyTransactionsDetailsNarrative" xlink:title="0023 - Disclosure - RELATED PARTY TRANSACTIONS (Details Narrative)" />
    <link:definitionLink xlink:type="extended" xlink:role="http://amarokresources.com/role/StockholdersEquity-ScheduleOfWarrantsOutstandingDetails" xlink:title="0024 - Disclosure - STOCKHOLDERS EQUITY - Schedule of Warrants Outstanding (Details)">
      <link:loc xlink:type="locator" xlink:href="http://xbrl.fasb.org/us-gaap/2012/elts/us-gaap-2012-01-31.xsd#us-gaap_StatementLineItems" xlink:label="loc_AMOKStatementLineItems" />
      <link:loc xlink:type="locator" xlink:href="http://xbrl.fasb.org/us-gaap/2012/elts/us-gaap-2012-01-31.xsd#us-gaap_StatementTable" xlink:label="loc_AMOKStatementTable" />
      <link:definitionArc xlink:arcrole="http://xbrl.org/int/dim/arcrole/all" xbrldt:contextElement="segment" xlink:from="loc_AMOKStatementLineItems" xlink:to="loc_AMOKStatementTable" xlink:type="arc" order="10" xbrldt:closed="true" />
      <link:loc xlink:type="locator" xlink:href="http://xbrl.fasb.org/us-gaap/2012/elts/us-gaap-2012-01-31.xsd#us-gaap_StatementScenarioAxis" xlink:label="loc_AMOKStatementScenarioAxis" />
      <link:definitionArc xlink:arcrole="http://xbrl.org/int/dim/arcrole/hypercube-dimension" xlink:from="loc_AMOKStatementTable" xlink:to="loc_AMOKStatementScenarioAxis" xlink:type="arc" order="1" />
      <link:loc xlink:type="locator" xlink:href="http://xbrl.fasb.org/us-gaap/2012/elts/us-gaap-2012-01-31.xsd#us-gaap_ScenarioUnspecifiedDomain" xlink:label="loc_AMOKScenarioUnspecifiedDomain" />
      <link:definitionArc xlink:arcrole="http://xbrl.org/int/dim/arcrole/dimension-domain" xlink:from="loc_AMOKStatementScenarioAxis" xlink:to="loc_AMOKScenarioUnspecifiedDomain" xlink:type="arc" order="20" />
      <link:loc xlink:type="locator" xlink:href="http://xbrl.fasb.org/us-gaap/2012/elts/us-gaap-2012-01-31.xsd#us-gaap_ScenarioUnspecifiedDomain" xlink:label="loc_AMOKScenarioUnspecifiedDomain_10" />
      <link:definitionArc xlink:arcrole="http://xbrl.org/int/dim/arcrole/dimension-default" xbrldt:contextElement="segment" xlink:from="loc_AMOKStatementScenarioAxis" xlink:to="loc_AMOKScenarioUnspecifiedDomain_10" xlink:type="arc" order="30" />
      <link:loc xlink:type="locator" xlink:href="http://xbrl.fasb.org/us-gaap/2012/elts/us-gaap-2012-01-31.xsd#us-gaap_ClassOfWarrantOrRightOutstanding" xlink:label="loc_AMOKClassOfWarrantOrRightOutstanding_40" />
      <link:definitionArc xlink:arcrole="http://xbrl.org/int/dim/arcrole/domain-member" xlink:from="loc_AMOKStatementLineItems" xlink:to="loc_AMOKClassOfWarrantOrRightOutstanding_40" xlink:type="arc" order="0" />
      <link:loc xlink:type="locator" xlink:href="http://xbrl.fasb.org/us-gaap/2012/elts/us-gaap-2012-01-31.xsd#us-gaap_FairValueAssumptionsExercisePrice" xlink:label="loc_AMOKFairValueAssumptionsExercisePrice_40" />
      <link:definitionArc xlink:arcrole="http://xbrl.org/int/dim/arcrole/domain-member" xlink:from="loc_AMOKStatementLineItems" xlink:to="loc_AMOKFairValueAssumptionsExercisePrice_40" xlink:type="arc" order="1" />
      <link:loc xlink:type="locator" xlink:href="amok-20121031.xsd#AMOK_BalanceWeightedAverageRemainingLife" xlink:label="loc_AMOKBalanceWeightedAverageRemainingLife_40" />
      <link:definitionArc xlink:arcrole="http://xbrl.org/int/dim/arcrole/domain-member" xlink:from="loc_AMOKStatementLineItems" xlink:to="loc_AMOKBalanceWeightedAverageRemainingLife_40" xlink:type="arc" order="2" />
      <link:loc xlink:type="locator" xlink:href="amok-20121031.xsd#AMOK_WarrantsGrantedWarrantsOutstanding" xlink:label="loc_AMOKWarrantsGrantedWarrantsOutstanding_40" />
      <link:definitionArc xlink:arcrole="http://xbrl.org/int/dim/arcrole/domain-member" xlink:from="loc_AMOKStatementLineItems" xlink:to="loc_AMOKWarrantsGrantedWarrantsOutstanding_40" xlink:type="arc" order="3" />
      <link:loc xlink:type="locator" xlink:href="amok-20121031.xsd#AMOK_WarrantsExercisedWarrantsOutstanding" xlink:label="loc_AMOKWarrantsExercisedWarrantsOutstanding_40" />
      <link:definitionArc xlink:arcrole="http://xbrl.org/int/dim/arcrole/domain-member" xlink:from="loc_AMOKStatementLineItems" xlink:to="loc_AMOKWarrantsExercisedWarrantsOutstanding_40" xlink:type="arc" order="4" />
      <link:loc xlink:type="locator" xlink:href="amok-20121031.xsd#AMOK_WarrantsExpiredWarrantsOutstanding" xlink:label="loc_AMOKWarrantsExpiredWarrantsOutstanding_40" />
      <link:definitionArc xlink:arcrole="http://xbrl.org/int/dim/arcrole/domain-member" xlink:from="loc_AMOKStatementLineItems" xlink:to="loc_AMOKWarrantsExpiredWarrantsOutstanding_40" xlink:type="arc" order="5" />
      <link:loc xlink:type="locator" xlink:href="amok-20121031.xsd#AMOK_WarrantsGrantedWeightedAverageExercisePrice" xlink:label="loc_AMOKWarrantsGrantedWeightedAverageExercisePrice_40" />
      <link:definitionArc xlink:arcrole="http://xbrl.org/int/dim/arcrole/domain-member" xlink:from="loc_AMOKStatementLineItems" xlink:to="loc_AMOKWarrantsGrantedWeightedAverageExercisePrice_40" xlink:type="arc" order="6" />
      <link:loc xlink:type="locator" xlink:href="amok-20121031.xsd#AMOK_WarrantsExercisedWeightedAverageExercisePrice" xlink:label="loc_AMOKWarrantsExercisedWeightedAverageExercisePrice_40" />
      <link:definitionArc xlink:arcrole="http://xbrl.org/int/dim/arcrole/domain-member" xlink:from="loc_AMOKStatementLineItems" xlink:to="loc_AMOKWarrantsExercisedWeightedAverageExercisePrice_40" xlink:type="arc" order="7" />
      <link:loc xlink:type="locator" xlink:href="amok-20121031.xsd#AMOK_WarrantsExpiredWeightedAverageExercisePrice" xlink:label="loc_AMOKWarrantsExpiredWeightedAverageExercisePrice_40" />
      <link:definitionArc xlink:arcrole="http://xbrl.org/int/dim/arcrole/domain-member" xlink:from="loc_AMOKStatementLineItems" xlink:to="loc_AMOKWarrantsExpiredWeightedAverageExercisePrice_40" xlink:type="arc" order="8" />
    </link:definitionLink>
    <link:definitionLink xlink:type="extended" xlink:role="http://amarokresources.com/role/StockholdersEquity-ScheduleOfOptionsOutstandingDetails" xlink:title="0025 - Disclosure - STOCKHOLDERS EQUITY - Schedule of Options Outstanding (Details)" />
    <link:definitionLink xlink:type="extended" xlink:role="http://amarokresources.com/role/StockholdersEquityDetailsNarrative" xlink:title="0026 - Disclosure - STOCKHOLDERS EQUITY (Details Narrative)" />
    <link:definitionLink xlink:type="extended" xlink:role="http://amarokresources.com/role/IncomeTaxes-TaxExpenseBenefitDetails" xlink:title="0027 - Disclosure - INCOME TAXES - Tax expense benefit (Details)" />
    <link:definitionLink xlink:type="extended" xlink:role="http://amarokresources.com/role/IncomeTaxesDetailsNarrative" xlink:title="0028 - Disclosure - INCOME TAXES (Details Narrative)" />
    <link:definitionLink xlink:type="extended" xlink:role="http://amarokresources.com/role/SubsequentEventsDetailsNarrative" xlink:title="0029 - Disclosure - SUBSEQUENT EVENTS (Details Narrative)" />
</link:linkbase>
