<?xml version="1.0" encoding="us-ascii"?>
<!--XBRL document created by RR Donnelley IM Processor 6.0.0.0 using Fujitsu Interstage XWand-->
<xbrl xmlns:wtt9="http://www.wisdomtree.com/20130111" xmlns:xsi="http://www.w3.org/2001/XMLSchema-instance" xmlns:dei="http://xbrl.sec.gov/dei/2012-01-31" xmlns:rr="http://xbrl.sec.gov/rr/2012-01-31" xmlns:link="http://www.xbrl.org/2003/linkbase" xmlns:xbrldi="http://xbrl.org/2006/xbrldi" xmlns:iso4217="http://www.xbrl.org/2003/iso4217" xmlns:xlink="http://www.w3.org/1999/xlink" xmlns="http://www.xbrl.org/2003/instance">
  <link:schemaRef xlink:type="simple" xlink:href="wtt9-20130111.xsd" />
  <context id="Duration_12Jan2012_11Jan2013S000039624_Member">
    <entity>
      <identifier scheme="http://www.sec.gov/CIK">0001350487</identifier>
      <segment>
        <xbrldi:explicitMember dimension="dei:LegalEntityAxis">wtt9:S000039624Member</xbrldi:explicitMember>
      </segment>
    </entity>
    <period>
      <startDate>2012-01-12</startDate>
      <endDate>2013-01-11</endDate>
    </period>
  </context>
  <context id="Duration_12Jan2012_11Jan2013">
    <entity>
      <identifier scheme="http://www.sec.gov/CIK">0001350487</identifier>
    </entity>
    <period>
      <startDate>2012-01-12</startDate>
      <endDate>2013-01-11</endDate>
    </period>
  </context>
  <context id="Duration_12Jan2012_11Jan2013S000039624_MemberC000122224_Member">
    <entity>
      <identifier scheme="http://www.sec.gov/CIK">0001350487</identifier>
      <segment>
        <xbrldi:explicitMember dimension="dei:LegalEntityAxis">wtt9:S000039624Member</xbrldi:explicitMember>
        <xbrldi:explicitMember dimension="rr:ProspectusShareClassAxis">wtt9:C000122224Member</xbrldi:explicitMember>
      </segment>
    </entity>
    <period>
      <startDate>2012-01-12</startDate>
      <endDate>2013-01-11</endDate>
    </period>
  </context>
  <unit id="pure">
    <measure>pure</measure>
  </unit>
  <unit id="USD">
    <measure>iso4217:USD</measure>
  </unit>
  <rr:ShareholderFeesTableTextBlock contextRef="Duration_12Jan2012_11Jan2013S000039624_Member">&lt;div style="display:none"&gt;~ http://www.wisdomtree.com/role/ScheduleShareholderFeesWisdomTreeGlobalCorporateBondFund column period compact * ~&lt;/div&gt;</rr:ShareholderFeesTableTextBlock>
  <rr:AnnualFundOperatingExpensesTableTextBlock contextRef="Duration_12Jan2012_11Jan2013S000039624_Member">&lt;div style="display:none"&gt;~ http://www.wisdomtree.com/role/ScheduleAnnualFundOperatingExpensesWisdomTreeGlobalCorporateBondFund column period compact * ~&lt;/div&gt;</rr:AnnualFundOperatingExpensesTableTextBlock>
  <rr:ExpenseExampleWithRedemptionTableTextBlock contextRef="Duration_12Jan2012_11Jan2013S000039624_Member">&lt;div style="display:none"&gt;~ http://www.wisdomtree.com/role/ScheduleExpenseExampleTransposedWisdomTreeGlobalCorporateBondFund column period compact * ~&lt;/div&gt;</rr:ExpenseExampleWithRedemptionTableTextBlock>
  <dei:DocumentType contextRef="Duration_12Jan2012_11Jan2013">485BPOS</dei:DocumentType>
  <dei:EntityRegistrantName contextRef="Duration_12Jan2012_11Jan2013">WisdomTree Trust</dei:EntityRegistrantName>
  <dei:EntityCentralIndexKey contextRef="Duration_12Jan2012_11Jan2013">0001350487</dei:EntityCentralIndexKey>
  <dei:DocumentCreationDate contextRef="Duration_12Jan2012_11Jan2013">2013-01-11</dei:DocumentCreationDate>
  <dei:DocumentEffectiveDate contextRef="Duration_12Jan2012_11Jan2013">2013-01-11</dei:DocumentEffectiveDate>
  <rr:ProspectusDate contextRef="Duration_12Jan2012_11Jan2013">2013-01-11</rr:ProspectusDate>
  <dei:AmendmentFlag contextRef="Duration_12Jan2012_11Jan2013">false</dei:AmendmentFlag>
  <dei:DocumentPeriodEndDate contextRef="Duration_12Jan2012_11Jan2013">2013-01-11</dei:DocumentPeriodEndDate>
  <rr:ObjectiveHeading contextRef="Duration_12Jan2012_11Jan2013S000039624_Member">&lt;b&gt;Investment Objective &lt;/b&gt;</rr:ObjectiveHeading>
  <rr:ObjectivePrimaryTextBlock contextRef="Duration_12Jan2012_11Jan2013S000039624_Member">The Fund seeks a high level of total return consisting of both income and capital appreciation.</rr:ObjectivePrimaryTextBlock>
  <rr:ExpenseHeading contextRef="Duration_12Jan2012_11Jan2013S000039624_Member">&lt;b&gt;Fees and Expenses of the Fund &lt;/b&gt;</rr:ExpenseHeading>
  <rr:ExpenseNarrativeTextBlock contextRef="Duration_12Jan2012_11Jan2013S000039624_Member">This table describes the fees and expenses you may pay if you buy and hold shares of the Fund. The fees are expressed as a percentage of the Fund&amp;#8217;s average net assets.</rr:ExpenseNarrativeTextBlock>
  <rr:ExpenseExampleHeading contextRef="Duration_12Jan2012_11Jan2013S000039624_Member">&lt;b&gt;Example &lt;/b&gt;</rr:ExpenseExampleHeading>
  <rr:ExpenseExampleNarrativeTextBlock contextRef="Duration_12Jan2012_11Jan2013S000039624_Member">The following example is intended to help retail investors compare the cost of investing in the Fund with the cost of investing in other funds. It illustrates the hypothetical expenses that such investors would incur over various periods if they invest $10,000 in the Fund for the time periods indicated and then redeem all of the shares at the end of those periods. This example assumes that the Fund provides a return of 5% a year and that operating expenses remain the same. Although your actual costs may be higher or lower, based on these assumptions, your costs would be:</rr:ExpenseExampleNarrativeTextBlock>
  <rr:PortfolioTurnoverHeading contextRef="Duration_12Jan2012_11Jan2013S000039624_Member">&lt;b&gt;Portfolio Turnover &lt;/b&gt;</rr:PortfolioTurnoverHeading>
  <rr:PortfolioTurnoverTextBlock contextRef="Duration_12Jan2012_11Jan2013S000039624_Member">The Fund pays transaction costs, such as commissions, when it buys and sells securities (or &amp;#8220;turns over&amp;#8221; its portfolio). A higher portfolio turnover rate may indicate higher transaction costs and may result in higher taxes when Fund shares are held in a taxable account. These costs, which are not reflected in Annual Fund Operating Expenses or in the Example, affect the Fund&amp;#8217;s performance. Because the Fund is newly organized, portfolio turnover information is not yet available.</rr:PortfolioTurnoverTextBlock>
  <rr:StrategyHeading contextRef="Duration_12Jan2012_11Jan2013S000039624_Member">&lt;b&gt;Principal Investment Strategies of the Fund &lt;/b&gt;</rr:StrategyHeading>
  <rr:ExpenseExampleClosingTextBlock contextRef="Duration_12Jan2012_11Jan2013S000039624_Member">Investors may pay brokerage commissions on their purchases and sales of Fund shares, which are not reflected in the example.</rr:ExpenseExampleClosingTextBlock>
  <rr:RiskHeading contextRef="Duration_12Jan2012_11Jan2013S000039624_Member">&lt;b&gt;Principal Risks of Investing in the Fund &lt;/b&gt;</rr:RiskHeading>
  <rr:BarChartAndPerformanceTableHeading contextRef="Duration_12Jan2012_11Jan2013S000039624_Member">&lt;b&gt;Fund Performance &lt;/b&gt;</rr:BarChartAndPerformanceTableHeading>
  <rr:PerformanceNarrativeTextBlock contextRef="Duration_12Jan2012_11Jan2013S000039624_Member">The Fund is new and therefore does not have a performance history.</rr:PerformanceNarrativeTextBlock>
  <rr:RiskReturnHeading contextRef="Duration_12Jan2012_11Jan2013S000039624_Member">&lt;b&gt;WisdomTree Global Corporate Bond Fund &lt;/b&gt;</rr:RiskReturnHeading>
  <rr:StrategyNarrativeTextBlock contextRef="Duration_12Jan2012_11Jan2013S000039624_Member">The Fund seeks to achieve its investment objective through investment in debt securities issued by corporate entities that are organized in or maintain their principal place of business in countries throughout the world, including the U.S. The issuers of such debt will include public, private, and state-owned or sponsored corporations. Under normal circumstances, the Fund will invest at least 80% of its net assets, plus the amount of any borrowings for investment purposes, in Corporate Debt. For these purposes, Corporate Debt includes fixed income securities, such as bonds, notes, money market securities, and other debt obligations (such as loan participation notes). Corporate Debt also includes fixed income securities or debt obligations that are issued by companies or agencies that may receive financial support or backing from local governments. Corporate Debt does not include derivatives. The Fund is an actively managed exchange traded fund (&amp;#8220;ETF&amp;#8221;). &lt;br /&gt;&lt;br /&gt; The Fund intends to invest in Corporate Debt denominated in U.S. dollars, as well as Corporate Debt issued in non-U.S. currencies. Non-U.S. denominated debt is sometimes referred to as local debt and, for the U.S. investor, provides exposure to the changes in the value of non-U.S. currencies relative to the U.S. dollar. The Fund generally intends to hedge the currency exposure of non-U.S. denominated debt back to U.S. dollars to reduce currency risk. Corporate Debt includes debt securities issued by supranational organizations, such as the European Investment Bank, International Bank for Reconstruction and Development or International Finance Corporation, or other regional development banks. The Fund may invest to a limited extent in debt securities of foreign governments (also known as &amp;#8220;sovereign debt&amp;#8221;) and debt securities linked to inflation rates in foreign countries.&lt;br /&gt;&lt;br /&gt;  The Fund intends to provide exposure across geographic regions and countries, world-wide. Under normal circumstances, the Fund intends to invest in at least three countries and to invest at least 30% of its net assets in issuers outside the United States. The Fund intends to seek exposure to Corporate Debt from the following regions and countries: North America, South America, Asia, Australia and New Zealand, Latin America, Europe, Africa and the Middle East. The Fund may, however, invest up to 25% of its assets in emerging market countries, though this may change from time to time in response to economic events and changes to the credit ratings of the Corporate Debt of such countries. The Fund employs a structured investment approach that utilizes &amp;#8220;top down&amp;#8221; analysis of macroeconomic factors and &amp;#8220;bottom up&amp;#8221; analysis of countries and issuers. The Fund&amp;#8217;s credit exposures are consistently monitored from a risk perspective and may be modified, reduced or eliminated. The Fund&amp;#8217;s exposure to any single issuer generally will be limited to 10% of the Fund&amp;#8217;s net assets. The Fund&amp;#8217;s exposure to any single country (other than the United States) generally will be limited to 30% of the Fund&amp;#8217;s net assets. The percentage of Fund assets invested in a specific region, country or issuer will change from time to time. &lt;br /&gt;&lt;br /&gt; The universe of global Corporate Debt currently includes securities that are rated &amp;#8220;investment grade&amp;#8221; as well as &amp;#8220;non-investment grade&amp;#8221; (commonly referred to as &amp;#8220;junk bonds&amp;#8221;). The Fund intends to provide a broad exposure to global Corporate Debt and therefore will invest in both investment grade and non-investment grade securities. Securities rated investment grade generally are considered to be of higher credit quality and subject to lower default risk. Although securities rated below investment grade may offer the potential for higher yields, they generally are subject to a higher potential risk of loss. &lt;br /&gt;&lt;br /&gt; The Fund attempts to limit interest rate risk by maintaining an aggregate portfolio duration of between two and ten years under normal market conditions. Aggregate portfolio duration is important to investors as an indication of the Fund&amp;#8217;s sensitivity to changes in interest rates. Funds with higher durations generally are subject to greater interest rate risk. For example, the value of a fund with a portfolio duration of ten years would be expected to drop by 10% for every 1% increase in interest rates. The Fund&amp;#8217;s actual portfolio duration may be longer or shorter depending upon market conditions. The Fund may also invest in short-term money market securities denominated in U.S. dollars or the currencies of countries in which the Fund invests. &lt;br /&gt;&lt;br /&gt; The Fund may invest up to 20% of its net assets in derivatives, such as swaps and forward currency contracts. A swap is an agreement between two parties to exchange payments based on a reference asset, which may be a currency or interest rate but also may be a single asset, a pool of assets or an index of assets. A forward currency contract is an agreement to buy or sell a specific currency at a future date at a price set at the time of the contract. The Fund&amp;#8217;s use of derivatives will be underpinned by investments in cash or other liquid assets (typically short-term, high-quality money market securities). The Fund also may enter into repurchase agreements with counterparties that are deemed to present acceptable credit risks. A repurchase agreement is a transaction in which the Fund purchases securities or other obligations from a bank or securities dealer and simultaneously agrees to resell them to a counterparty at an agreed-upon date or upon demand and at a price reflecting a market rate of interest unrelated to the coupon rate or maturity of the purchased obligations. &lt;br /&gt;&lt;br /&gt; The Fund must invest at least 80% of its net assets directly in Corporate Debt. The decision to secure exposure through direct investment in Corporate Debt or indirectly through derivative transactions will be a function of, among other things, market accessibility, credit exposure, tax ramifications and regulatory requirements applicable to U.S. investment companies. If, subsequent to an investment, the Fund&amp;#8217;s 80% requirement is no longer met, the Fund&amp;#8217;s future investments will be made in a manner that will bring the Fund into compliance with this policy. The Trust will provide shareholders with sixty (60) days&amp;#8217; prior notice of any change to this policy for the Fund.</rr:StrategyNarrativeTextBlock>
  <rr:RiskNarrativeTextBlock contextRef="Duration_12Jan2012_11Jan2013S000039624_Member">You can lose money on your investment in the Fund. The Fund is subject to the risks described below. Some or all of these risks may adversely affect the Fund&amp;#8217;s net asset value per share (&amp;#8220;NAV&amp;#8221;), trading price, yield, total return and/or ability to meet its objective. For more information about the risks of investing in the Fund, see the section in the Fund&amp;#8217;s prospectus titled &amp;#8220;Additional Risk Information About the Fund.&amp;#8221; &lt;ul type="square"&gt;&lt;li style="margin-left: -20px"&gt;&lt;b&gt;  Investment Risk.&lt;/b&gt; As with all investments, an investment in the Fund is subject to investment risk. Investors in the Fund could lose money, including the possible loss of the entire principal amount of an investment, over short or long periods of time.&lt;/li&gt;&lt;/ul&gt;&lt;ul type="square"&gt;&lt;li style="margin-left: -20px"&gt;&lt;b&gt;  Market Risk.&lt;/b&gt; The trading prices of fixed income securities, currencies, and other instruments fluctuate in response to a variety of factors. The Fund&amp;#8217;s NAV and market price may fluctuate significantly in response to these and other factors. As a result, an investor could lose money over short or long periods of time.&lt;/li&gt;&lt;/ul&gt;&lt;ul type="square"&gt;&lt;li style="margin-left: -20px"&gt;&lt;b&gt;  Shares of the Fund May Trade at Prices Other Than NAV.&lt;/b&gt; Although it is expected that the market price of the shares of the Fund will approximate the Fund&amp;#8217;s NAV when purchased and sold in the secondary market, there may be times when the market price of the shares is more than the NAV intra-day (premium) or less than the NAV intra-day (discount). This risk is heightened in times of market volatility or periods of steep market declines.&lt;/li&gt;&lt;/ul&gt;&lt;ul type="square"&gt;&lt;li style="margin-left: -20px"&gt;&lt;b&gt;  Capital Controls Risk.&lt;/b&gt; Economic conditions, such as volatile currency exchange rates and interest rates, political events and other conditions may, without prior warning, lead to government intervention and the imposition of &amp;#8220;capital controls.&amp;#8221; Capital controls may impact the ability of the Fund to buy, sell or otherwise transfer securities or currency, adversely affect the trading market and price for shares of the Fund, and cause the Fund to decline in value.&lt;/li&gt;&lt;/ul&gt;&lt;ul type="square"&gt;&lt;li style="margin-left: -20px"&gt;&lt;b&gt;  Cash Redemption Risk.&lt;/b&gt; The Fund&amp;#8217;s investment strategy will require it to effect redemptions, in whole or in part, for cash, triggering security sales. The sale of non-U.S. denominated securities can generate realized foreign exchange losses which could impact the income distributions paid by the Fund. Additionally, the Fund may pay out higher annual capital gain distributions than if the in-kind redemption process was used exclusively.&lt;/li&gt;&lt;/ul&gt;&lt;ul type="square"&gt;&lt;li style="margin-left: -20px"&gt;&lt;b&gt;  Counterparty and Issuer Credit Risk.&lt;/b&gt; The financial condition of an issuer of a debt security or other instrument or a counterparty to a derivative or other contract may cause such issuer or counterparty to default, become unable to pay interest or principal due or otherwise fail to honor its obligations. While the Fund attempts to limit credit and counterparty exposure in a manner consistent with its investment objective, the value of an investment in the Fund may change quickly and without warning in response to issuer or counterparty defaults and changes in the credit ratings of the Fund&amp;#8217;s portfolio investments.&lt;/li&gt;&lt;/ul&gt;&lt;ul type="square"&gt;&lt;li style="margin-left: -20px"&gt;&lt;b&gt;  Currency Exchange Rate Risk.&lt;/b&gt; While the Fund intends to focus its investment on Corporate Debt denominated in U.S. dollars, the Fund may invest a portion of its assets in investments denominated in non-U.S. currencies, or in securities that provide exposure to such currencies, currency exchange rates or interest rates denominated in such currencies. Changes in currency exchange rates and the relative value of non-U.S. currencies will affect the value of the Fund&amp;#8217;s investment and the value of your Fund shares. Currency exchange rates can be very volatile and can change quickly and unpredictably. As a result, the value of an investment in the Fund may change quickly and without warning and you may lose money.&lt;/li&gt;&lt;/ul&gt;&lt;ul type="square"&gt;&lt;li style="margin-left: -20px"&gt;&lt;b&gt;  Derivatives Investment Risk.&lt;/b&gt; The Fund may invest in derivatives. Derivatives are subject to a number of risks described elsewhere in the Fund&amp;#8217;s Prospectus, such as credit risk, interest rate risk, and market risk. They also involve the risk that changes in the value of the derivative may not correlate perfectly with the underlying asset, rate or index. The counterparty to a derivative contract might default on its obligations. Derivatives can be volatile and may be less liquid than other securities. As a result, the value of an investment in the Fund may change quickly and without warning and you may lose money.&lt;/li&gt;&lt;/ul&gt;&lt;ul type="square"&gt;&lt;li style="margin-left: -20px"&gt;&lt;b&gt;  Emerging Markets Risk.&lt;/b&gt; Investments in securities and instruments traded in developing or emerging markets, or that provide exposure to such securities or markets, can involve additional risks relating to political, economic, or regulatory conditions not associated with investments in U.S. securities and instruments or investments in more developed international markets. For example, developing or emerging market governments may, without prior warning, impose capital controls on the ability to transfer currency, securities or other assets. The Fund&amp;#8217;s ability to access certain developing or emerging markets also may be limited due to a variety of factors, including currency convertibility issues. Such conditions may impact the ability of the Fund to buy, sell or otherwise transfer securities, cause the Fund&amp;#8217;s returns to differ from those available to domestic investors, adversely affect the trading market and price for Fund shares, and cause the Fund to decline in value.&lt;/li&gt;&lt;/ul&gt;&lt;ul type="square"&gt;&lt;li style="margin-left: -20px"&gt;&lt;b&gt;  Financial Sector Risk.&lt;/b&gt; The Fund may invest in companies in the financial sector, and therefore the performance of the Fund could be negatively impacted by events affecting this sector. This sector can be significantly affected by changes in interest rates, government regulation, the rate of defaults on corporate, consumer and government debt, the availability and cost of capital, and fallout from the housing and sub-prime mortgage crisis.&lt;/li&gt;&lt;/ul&gt;&lt;ul type="square"&gt;&lt;li style="margin-left: -20px"&gt;&lt;b&gt;  Foreign Securities Risk.&lt;/b&gt; The Fund invests a significant portion of its assets in non-U.S. securities and instruments, or in securities that provide exposure to such securities and instruments. Investments in non-U.S. securities and instruments involve certain risks that may not be present with investments in U.S. securities, including the risk of loss due to foreign currency fluctuations or to political or economic instability.&lt;/li&gt;&lt;/ul&gt;&lt;ul type="square"&gt;&lt;li style="margin-left: -20px"&gt;&lt;b&gt;  Geographic Investment Risk.&lt;/b&gt; To the extent the Fund invests a significant portion of its assets in the debt securities of companies or agencies of a single country or region, it is more likely to be impacted by events or conditions affecting that country or region.&lt;/li&gt;&lt;/ul&gt;&lt;ul type="square"&gt;&lt;li style="margin-left: -20px"&gt;&lt;b&gt;  High Yield Securities Risk.&lt;/b&gt; Higher yielding, high risk debt securities, sometimes referred to as &amp;#8220;junk bonds&amp;#8221;, may present additional risk because these securities may be less liquid and present more credit risk than investment grade bonds. The price of high yield securities tends to be more susceptible to issuer-specific operating results and outlook and to real or perceived adverse economic and competitive industry conditions.&lt;/li&gt;&lt;/ul&gt;&lt;ul type="square"&gt;&lt;li style="margin-left: -20px"&gt;&lt;b&gt;  Industrial Investing.&lt;/b&gt; The Fund may invest in companies in the industrial sector. The industrial sector can be significantly affected by, among other things, worldwide economic growth, supply and demand for specific products and services, rapid technological developments, and government regulation.&lt;/li&gt;&lt;/ul&gt;&lt;ul type="square"&gt;&lt;li style="margin-left: -20px"&gt;&lt;b&gt; Interest Rate Risk.&lt;/b&gt; Interest rate risk is the risk that fixed income securities will decline in value because of increases in interest rates and other factors, such as perception of an issuer&amp;#8217;s creditworthiness.&lt;/li&gt;&lt;/ul&gt;&lt;ul type="square"&gt;&lt;li style="margin-left: -20px"&gt;&lt;b&gt;  Issuer-Specific Risk.&lt;/b&gt; Issuer-specific events, including changes in the financial condition of an issuer, can have a negative impact on the value of the Fund.&lt;/li&gt;&lt;/ul&gt;&lt;ul type="square"&gt;&lt;li style="margin-left: -20px"&gt;&lt;b&gt;  Management Risk.&lt;/b&gt; The Fund is actively managed using proprietary investment strategies and processes. There can be no guarantee that these strategies and processes will be successful or that the Fund will achieve its investment objective.&lt;/li&gt;&lt;/ul&gt;&lt;ul type="square"&gt;&lt;li style="margin-left: -20px"&gt;&lt;b&gt;Non-Diversification Risk.&lt;/b&gt; The Fund is considered to be non-diversified, which means that it may invest more of its assets in the securities of a single issuer or a smaller number of issuers than if it were a diversified fund. To the extent the Fund invests a significant percentage of its assets in a limited number of issuers, the Fund is subject to the risks of investing in those few issuers, and may be more susceptible to a single adverse economic or regulatory occurrence. As a result, changes in the market value of a single security could cause greater fluctuations in the value of Fund shares than would occur in a diversified fund.&lt;/li&gt;&lt;/ul&gt;&lt;ul type="square"&gt;&lt;li style="margin-left: -20px"&gt;&lt;b&gt;  Repurchase Agreement Risk.&lt;/b&gt; The Fund&amp;#8217;s investment in repurchase agreements may be subject to market and credit risk with respect to the collateral securing the repurchase agreements. Investments in repurchase agreements also may be subject to the risk that the market value of the underlying obligations may decline prior to the expiration of the repurchase agreement term.&lt;/li&gt;&lt;/ul&gt;&lt;ul type="square"&gt;&lt;li style="margin-left: -20px"&gt;&lt;b&gt;  Sovereign Debt Risk.&lt;/b&gt; Bonds issued by governments, sometimes referred to as &amp;#8220;sovereign&amp;#8221; debt, present risks not associated with investments in other types of bonds. The government or agency issuing the debt may be unable or unwilling to make interest payments and/or repay the principal owed. In such instance, the Fund may have limited recourse against the issuing government or agency. In the past, governments of emerging market countries have refused to honor their payment obligations on issued bonds.&lt;/li&gt;&lt;/ul&gt;&lt;ul type="square"&gt;&lt;li style="margin-left: -20px"&gt;&lt;b&gt;  Telecommunications Investing.&lt;/b&gt; The Fund may invest in companies in the telecommunications sector. The telecommunications sector can be significantly affected by, among other things, government intervention and regulation, technological innovations that make existing products and services obsolete, and consumer demand.&lt;/li&gt;&lt;/ul&gt;</rr:RiskNarrativeTextBlock>
  <rr:MaximumAccountFee decimals="INF" contextRef="Duration_12Jan2012_11Jan2013S000039624_MemberC000122224_Member" unitRef="USD">0</rr:MaximumAccountFee>
  <rr:ManagementFeesOverAssets decimals="4" contextRef="Duration_12Jan2012_11Jan2013S000039624_MemberC000122224_Member" unitRef="pure">0.005</rr:ManagementFeesOverAssets>
  <rr:DistributionAndService12b1FeesOverAssets decimals="4" contextRef="Duration_12Jan2012_11Jan2013S000039624_MemberC000122224_Member" unitRef="pure">0</rr:DistributionAndService12b1FeesOverAssets>
  <rr:OtherExpensesOverAssets id="Item_2" decimals="4" contextRef="Duration_12Jan2012_11Jan2013S000039624_MemberC000122224_Member" unitRef="pure">0</rr:OtherExpensesOverAssets>
  <rr:ExpensesOverAssets decimals="4" contextRef="Duration_12Jan2012_11Jan2013S000039624_MemberC000122224_Member" unitRef="pure">0.005</rr:ExpensesOverAssets>
  <rr:NetExpensesOverAssets id="Item_3" decimals="4" contextRef="Duration_12Jan2012_11Jan2013S000039624_MemberC000122224_Member" unitRef="pure">0.0045</rr:NetExpensesOverAssets>
  <rr:FeeWaiverOrReimbursementOverAssets decimals="4" contextRef="Duration_12Jan2012_11Jan2013S000039624_MemberC000122224_Member" unitRef="pure">-0.0005</rr:FeeWaiverOrReimbursementOverAssets>
  <rr:ExpenseExampleYear01 decimals="INF" contextRef="Duration_12Jan2012_11Jan2013S000039624_MemberC000122224_Member" unitRef="USD">46</rr:ExpenseExampleYear01>
  <rr:ExpenseExampleYear03 decimals="INF" contextRef="Duration_12Jan2012_11Jan2013S000039624_MemberC000122224_Member" unitRef="USD">155</rr:ExpenseExampleYear03>
  <rr:OtherExpensesNewFundBasedOnEstimates contextRef="Duration_12Jan2012_11Jan2013S000039624_Member">&amp;#8220;Other Expenses&amp;#8221; are based on estimated amounts for the current fiscal year.</rr:OtherExpensesNewFundBasedOnEstimates>
  <rr:RiskNondiversifiedStatus contextRef="Duration_12Jan2012_11Jan2013S000039624_Member">&lt;ul type="square"&gt;&lt;li style="margin-left: -20px"&gt;&lt;b&gt;Non-Diversification Risk.&lt;/b&gt; The Fund is considered to be non-diversified, which means that it may invest more of its assets in the securities of a single issuer or a smaller number of issuers than if it were a diversified fund. To the extent the Fund invests a significant percentage of its assets in a limited number of issuers, the Fund is subject to the risks of investing in those few issuers, and may be more susceptible to a single adverse economic or regulatory occurrence. As a result, changes in the market value of a single security could cause greater fluctuations in the value of Fund shares than would occur in a diversified fund.&lt;/li&gt;&lt;/ul&gt;</rr:RiskNondiversifiedStatus>
  <rr:RiskLoseMoney contextRef="Duration_12Jan2012_11Jan2013S000039624_Member">You can lose money on your investment in the Fund.</rr:RiskLoseMoney>
  <rr:PerformanceOneYearOrLess contextRef="Duration_12Jan2012_11Jan2013S000039624_Member">The Fund is new and therefore does not have a performance history.</rr:PerformanceOneYearOrLess>
  <rr:ShareholderFeesCaption contextRef="Duration_12Jan2012_11Jan2013S000039624_Member">&lt;b&gt;Shareholder Fees&lt;/b&gt; (fees paid directly from your investment)</rr:ShareholderFeesCaption>
  <rr:OperatingExpensesCaption contextRef="Duration_12Jan2012_11Jan2013S000039624_Member">&lt;b&gt;Annual Fund Operating Expenses&lt;/b&gt; (expenses that you pay each year as a percentage of the value of your investment)</rr:OperatingExpensesCaption>
  <rr:FeeWaiverOrReimbursementOverAssetsDateOfTermination contextRef="Duration_12Jan2012_11Jan2013S000039624_Member">January 10, 2014</rr:FeeWaiverOrReimbursementOverAssetsDateOfTermination>
  <link:footnoteLink xlink:type="extended" xlink:role="http://www.xbrl.org/2003/role/link">
    <link:loc xlink:type="locator" xlink:href="#Item_2" xlink:label="OtherExpensesOverAssets" />
    <link:footnote xlink:type="resource" xlink:label="footnote_OtherExpensesOverAssets" xlink:role="http://www.xbrl.org/2003/role/footnote" xml:lang="en-US" id="footnote_OtherExpensesOverAssets">"Other Expenses" are based on estimated amounts for the current fiscal year.</link:footnote>
    <link:footnoteArc xlink:type="arc" xlink:arcrole="http://www.xbrl.org/2003/arcrole/fact-footnote" xlink:from="OtherExpensesOverAssets" xlink:to="footnote_OtherExpensesOverAssets" />
    <link:loc xlink:type="locator" xlink:href="#Item_3" xlink:label="NetExpensesOverAssets" />
    <link:footnote xlink:type="resource" xlink:label="footnote_NetExpensesOverAssets" xlink:role="http://www.xbrl.org/2003/role/footnote" xml:lang="en-US" id="footnote_NetExpensesOverAssets">WisdomTree Asset Management, Inc. has contractually agreed to limit the Management Fee to 0.45% through January 10, 2014. This agreement may be terminated by: (i) the Board of Trustees of the Trust, for any reason at any time, or (ii) by the Adviser, upon 90 days' prior written notice to the Trust, effective as of the close of business on the last day of the then-current one-year period.</link:footnote>
    <link:footnoteArc xlink:type="arc" xlink:arcrole="http://www.xbrl.org/2003/arcrole/fact-footnote" xlink:from="NetExpensesOverAssets" xlink:to="footnote_NetExpensesOverAssets" />
  </link:footnoteLink>
</xbrl>
