<?xml version="1.0" encoding="UTF-8"?><!--XBRL document created by Cadency(tm) Complete from Trintech using Fujitsu Interstage XWand on Wed Jan 30 17:58:01 EST 2013. All Rights Reserved.--><link:linkbase xmlns:link="http://www.xbrl.org/2003/linkbase" xmlns:xbrli="http://www.xbrl.org/2003/instance" xmlns:xlink="http://www.w3.org/1999/xlink" xmlns:xsi="http://www.w3.org/2001/XMLSchema-instance" xsi:schemaLocation="http://www.xbrl.org/2003/linkbase http://www.xbrl.org/2003/xbrl-linkbase-2003-12-31.xsd"><link:roleRef roleURI="http://www.tuesdaymorning.com/role/StatementOfComprehensiveIncomeLoss" xlink:href="tues-20121231.xsd#StatementOfComprehensiveIncomeLoss" xlink:type="simple"/><link:roleRef roleURI="http://www.tuesdaymorning.com/role/BalanceSheet" xlink:href="tues-20121231.xsd#BalanceSheet" xlink:type="simple"/><link:roleRef roleURI="http://www.tuesdaymorning.com/role/StatementOfIncome" xlink:href="tues-20121231.xsd#StatementOfIncome" xlink:type="simple"/><link:roleRef roleURI="http://www.tuesdaymorning.com/role/CashFlows" xlink:href="tues-20121231.xsd#CashFlows" xlink:type="simple"/><link:roleRef roleURI="http://www.tuesdaymorning.com/role/DisclosureEarningsLossPerCommonShareDetails" xlink:href="tues-20121231.xsd#DisclosureEarningsLossPerCommonShareDetails" xlink:type="simple"/><link:roleRef roleURI="http://www.tuesdaymorning.com/role/DisclosureStockBasedCompensationDetails3" xlink:href="tues-20121231.xsd#DisclosureStockBasedCompensationDetails3" xlink:type="simple"/><link:calculationLink xlink:role="http://www.tuesdaymorning.com/role/StatementOfComprehensiveIncomeLoss" xlink:type="extended"><link:loc xlink:href="http://xbrl.fasb.org/us-gaap/2012/elts/us-gaap-2012-01-31.xsd#us-gaap_ComprehensiveIncomeNetOfTax" xlink:label="ComprehensiveIncomeNetOfTax" xlink:title="ComprehensiveIncomeNetOfTax" xlink:type="locator"/><link:loc xlink:href="http://xbrl.fasb.org/us-gaap/2012/elts/us-gaap-2012-01-31.xsd#us-gaap_NetIncomeLoss" xlink:label="NetIncomeLoss" xlink:title="NetIncomeLoss" xlink:type="locator"/><link:calculationArc order="1.0" use="optional" weight="1" xlink:arcrole="http://www.xbrl.org/2003/arcrole/summation-item" xlink:from="ComprehensiveIncomeNetOfTax" xlink:title="calculation: ComprehensiveIncomeNetOfTax to NetIncomeLoss" xlink:to="NetIncomeLoss" xlink:type="arc"/><link:loc xlink:href="http://xbrl.fasb.org/us-gaap/2012/elts/us-gaap-2012-01-31.xsd#us-gaap_OtherComprehensiveIncomeLossBeforeTaxPortionAttributableToParent" xlink:label="OtherComprehensiveIncomeLossBeforeTaxPortionAttributableToParent" xlink:title="OtherComprehensiveIncomeLossBeforeTaxPortionAttributableToParent" xlink:type="locator"/><link:calculationArc order="2.0" use="optional" weight="1" xlink:arcrole="http://www.xbrl.org/2003/arcrole/summation-item" xlink:from="ComprehensiveIncomeNetOfTax" xlink:title="calculation: ComprehensiveIncomeNetOfTax to OtherComprehensiveIncomeLossBeforeTaxPortionAttributableToParent" xlink:to="OtherComprehensiveIncomeLossBeforeTaxPortionAttributableToParent" xlink:type="arc"/><link:loc xlink:href="http://xbrl.fasb.org/us-gaap/2012/elts/us-gaap-2012-01-31.xsd#us-gaap_OtherComprehensiveIncomeForeignCurrencyTransactionAndTranslationGainLossBeforeReclassificationAndTax" xlink:label="OtherComprehensiveIncomeForeignCurrencyTransactionAndTranslationGainLossBeforeReclassificationAndTax" xlink:title="OtherComprehensiveIncomeForeignCurrencyTransactionAndTranslationGainLossBeforeReclassificationAndTax" xlink:type="locator"/><link:calculationArc order="1.0" use="optional" weight="1" xlink:arcrole="http://www.xbrl.org/2003/arcrole/summation-item" xlink:from="OtherComprehensiveIncomeLossBeforeTaxPortionAttributableToParent" xlink:title="calculation: OtherComprehensiveIncomeLossBeforeTaxPortionAttributableToParent to OtherComprehensiveIncomeForeignCurrencyTransactionAndTranslationGainLossBeforeReclassificationAndTax" xlink:to="OtherComprehensiveIncomeForeignCurrencyTransactionAndTranslationGainLossBeforeReclassificationAndTax" xlink:type="arc"/><link:loc xlink:href="http://xbrl.fasb.org/us-gaap/2012/elts/us-gaap-2012-01-31.xsd#us-gaap_OtherComprehensiveIncomeLossForeignCurrencyTransactionAndTranslationReclassificationAdjustmentRealizedUponSaleOrLiquidationBeforeTax" xlink:label="OtherComprehensiveIncomeLossForeignCurrencyTransactionAndTranslationReclassificationAdjustmentRealizedUponSaleOrLiquidationBeforeTax" xlink:title="OtherComprehensiveIncomeLossForeignCurrencyTransactionAndTranslationReclassificationAdjustmentRealizedUponSaleOrLiquidationBeforeTax" xlink:type="locator"/><link:calculationArc order="2.0" use="optional" weight="1" xlink:arcrole="http://www.xbrl.org/2003/arcrole/summation-item" xlink:from="OtherComprehensiveIncomeLossBeforeTaxPortionAttributableToParent" xlink:title="calculation: OtherComprehensiveIncomeLossBeforeTaxPortionAttributableToParent to OtherComprehensiveIncomeLossForeignCurrencyTransactionAndTranslationReclassificationAdjustmentRealizedUponSaleOrLiquidationBeforeTax" xlink:to="OtherComprehensiveIncomeLossForeignCurrencyTransactionAndTranslationReclassificationAdjustmentRealizedUponSaleOrLiquidationBeforeTax" xlink:type="arc"/><link:loc xlink:href="http://xbrl.fasb.org/us-gaap/2012/elts/us-gaap-2012-01-31.xsd#us-gaap_OtherComprehensiveIncomeLossTaxPortionAttributableToParent1" xlink:label="OtherComprehensiveIncomeLossTaxPortionAttributableToParent1" xlink:title="OtherComprehensiveIncomeLossTaxPortionAttributableToParent1" xlink:type="locator"/><link:calculationArc order="3.0" use="optional" weight="-1" xlink:arcrole="http://www.xbrl.org/2003/arcrole/summation-item" xlink:from="ComprehensiveIncomeNetOfTax" xlink:title="calculation: ComprehensiveIncomeNetOfTax to OtherComprehensiveIncomeLossTaxPortionAttributableToParent1" xlink:to="OtherComprehensiveIncomeLossTaxPortionAttributableToParent1" xlink:type="arc"/></link:calculationLink><link:calculationLink xlink:role="http://www.tuesdaymorning.com/role/BalanceSheet" xlink:type="extended"><link:loc xlink:href="http://xbrl.fasb.org/us-gaap/2012/elts/us-gaap-2012-01-31.xsd#us-gaap_LiabilitiesAndStockholdersEquity" xlink:label="LiabilitiesAndStockholdersEquity" xlink:title="LiabilitiesAndStockholdersEquity" xlink:type="locator"/><link:loc xlink:href="http://xbrl.fasb.org/us-gaap/2012/elts/us-gaap-2012-01-31.xsd#us-gaap_Liabilities" xlink:label="Liabilities" xlink:title="Liabilities" xlink:type="locator"/><link:calculationArc order="1.0" weight="1" xlink:arcrole="http://www.xbrl.org/2003/arcrole/summation-item" xlink:from="LiabilitiesAndStockholdersEquity" xlink:title="calculation: LiabilitiesAndStockholdersEquity to Liabilities" xlink:to="Liabilities" xlink:type="arc"/><link:loc xlink:href="http://xbrl.fasb.org/us-gaap/2012/elts/us-gaap-2012-01-31.xsd#us-gaap_LiabilitiesCurrent" xlink:label="LiabilitiesCurrent" xlink:title="LiabilitiesCurrent" xlink:type="locator"/><link:calculationArc order="1.0" use="optional" weight="1" xlink:arcrole="http://www.xbrl.org/2003/arcrole/summation-item" xlink:from="Liabilities" xlink:title="calculation: Liabilities to LiabilitiesCurrent" xlink:to="LiabilitiesCurrent" xlink:type="arc"/><link:loc xlink:href="http://xbrl.fasb.org/us-gaap/2012/elts/us-gaap-2012-01-31.xsd#us-gaap_AccountsPayableCurrent" xlink:label="AccountsPayableCurrent" xlink:title="AccountsPayableCurrent" xlink:type="locator"/><link:calculationArc order="1.0" use="optional" weight="1" xlink:arcrole="http://www.xbrl.org/2003/arcrole/summation-item" xlink:from="LiabilitiesCurrent" xlink:title="calculation: LiabilitiesCurrent to AccountsPayableCurrent" xlink:to="AccountsPayableCurrent" xlink:type="arc"/><link:loc xlink:href="http://xbrl.fasb.org/us-gaap/2012/elts/us-gaap-2012-01-31.xsd#us-gaap_AccruedLiabilitiesCurrent" xlink:label="AccruedLiabilitiesCurrent" xlink:title="AccruedLiabilitiesCurrent" xlink:type="locator"/><link:calculationArc order="2.0" use="optional" weight="1" xlink:arcrole="http://www.xbrl.org/2003/arcrole/summation-item" xlink:from="LiabilitiesCurrent" xlink:title="calculation: LiabilitiesCurrent to AccruedLiabilitiesCurrent" xlink:to="AccruedLiabilitiesCurrent" xlink:type="arc"/><link:loc xlink:href="http://xbrl.fasb.org/us-gaap/2012/elts/us-gaap-2012-01-31.xsd#us-gaap_AccruedIncomeTaxesCurrent" xlink:label="AccruedIncomeTaxesCurrent" xlink:title="AccruedIncomeTaxesCurrent" xlink:type="locator"/><link:calculationArc order="3.0" use="optional" weight="1" xlink:arcrole="http://www.xbrl.org/2003/arcrole/summation-item" xlink:from="LiabilitiesCurrent" xlink:title="calculation: LiabilitiesCurrent to AccruedIncomeTaxesCurrent" xlink:to="AccruedIncomeTaxesCurrent" xlink:type="arc"/><link:loc xlink:href="http://xbrl.fasb.org/us-gaap/2012/elts/us-gaap-2012-01-31.xsd#us-gaap_DeferredRentCreditNoncurrent" xlink:label="DeferredRentCreditNoncurrent" xlink:title="DeferredRentCreditNoncurrent" xlink:type="locator"/><link:calculationArc order="2.0" use="optional" weight="1" xlink:arcrole="http://www.xbrl.org/2003/arcrole/summation-item" xlink:from="Liabilities" xlink:title="calculation: Liabilities to DeferredRentCreditNoncurrent" xlink:to="DeferredRentCreditNoncurrent" xlink:type="arc"/><link:loc xlink:href="http://xbrl.fasb.org/us-gaap/2012/elts/us-gaap-2012-01-31.xsd#us-gaap_AccruedIncomeTaxesNoncurrent" xlink:label="AccruedIncomeTaxesNoncurrent" xlink:title="AccruedIncomeTaxesNoncurrent" xlink:type="locator"/><link:calculationArc order="3.0" use="optional" weight="1" xlink:arcrole="http://www.xbrl.org/2003/arcrole/summation-item" xlink:from="Liabilities" xlink:title="calculation: Liabilities to AccruedIncomeTaxesNoncurrent" xlink:to="AccruedIncomeTaxesNoncurrent" xlink:type="arc"/><link:loc xlink:href="http://xbrl.fasb.org/us-gaap/2012/elts/us-gaap-2012-01-31.xsd#us-gaap_DeferredTaxLiabilitiesNoncurrent" xlink:label="DeferredTaxLiabilitiesNoncurrent" xlink:title="DeferredTaxLiabilitiesNoncurrent" xlink:type="locator"/><link:calculationArc order="4.0" use="optional" weight="1" xlink:arcrole="http://www.xbrl.org/2003/arcrole/summation-item" xlink:from="Liabilities" xlink:title="calculation: Liabilities to DeferredTaxLiabilitiesNoncurrent" xlink:to="DeferredTaxLiabilitiesNoncurrent" xlink:type="arc"/><link:loc xlink:href="http://xbrl.fasb.org/us-gaap/2012/elts/us-gaap-2012-01-31.xsd#us-gaap_StockholdersEquity" xlink:label="StockholdersEquity" xlink:title="StockholdersEquity" xlink:type="locator"/><link:calculationArc order="2.0" weight="1" xlink:arcrole="http://www.xbrl.org/2003/arcrole/summation-item" xlink:from="LiabilitiesAndStockholdersEquity" xlink:title="calculation: LiabilitiesAndStockholdersEquity to StockholdersEquity" xlink:to="StockholdersEquity" xlink:type="arc"/><link:loc xlink:href="http://xbrl.fasb.org/us-gaap/2012/elts/us-gaap-2012-01-31.xsd#us-gaap_PreferredStockValue" xlink:label="PreferredStockValue" xlink:title="PreferredStockValue" xlink:type="locator"/><link:calculationArc order="1.0" use="optional" weight="1" xlink:arcrole="http://www.xbrl.org/2003/arcrole/summation-item" xlink:from="StockholdersEquity" xlink:title="calculation: StockholdersEquity to PreferredStockValue" xlink:to="PreferredStockValue" xlink:type="arc"/><link:loc xlink:href="http://xbrl.fasb.org/us-gaap/2012/elts/us-gaap-2012-01-31.xsd#us-gaap_CommonStockValue" xlink:label="CommonStockValue" xlink:title="CommonStockValue" xlink:type="locator"/><link:calculationArc order="2.0" use="optional" weight="1" xlink:arcrole="http://www.xbrl.org/2003/arcrole/summation-item" xlink:from="StockholdersEquity" xlink:title="calculation: StockholdersEquity to CommonStockValue" xlink:to="CommonStockValue" xlink:type="arc"/><link:loc xlink:href="http://xbrl.fasb.org/us-gaap/2012/elts/us-gaap-2012-01-31.xsd#us-gaap_AdditionalPaidInCapital" xlink:label="AdditionalPaidInCapital" xlink:title="AdditionalPaidInCapital" xlink:type="locator"/><link:calculationArc order="3.0" use="optional" weight="1" xlink:arcrole="http://www.xbrl.org/2003/arcrole/summation-item" xlink:from="StockholdersEquity" xlink:title="calculation: StockholdersEquity to AdditionalPaidInCapital" xlink:to="AdditionalPaidInCapital" xlink:type="arc"/><link:loc xlink:href="http://xbrl.fasb.org/us-gaap/2012/elts/us-gaap-2012-01-31.xsd#us-gaap_DeferredCompensationEquity" xlink:label="DeferredCompensationEquity" xlink:title="DeferredCompensationEquity" xlink:type="locator"/><link:calculationArc order="4.0" use="optional" weight="-1" xlink:arcrole="http://www.xbrl.org/2003/arcrole/summation-item" xlink:from="StockholdersEquity" xlink:title="calculation: StockholdersEquity to DeferredCompensationEquity" xlink:to="DeferredCompensationEquity" xlink:type="arc"/><link:loc xlink:href="http://xbrl.fasb.org/us-gaap/2012/elts/us-gaap-2012-01-31.xsd#us-gaap_RetainedEarningsAccumulatedDeficit" xlink:label="RetainedEarningsAccumulatedDeficit" xlink:title="RetainedEarningsAccumulatedDeficit" xlink:type="locator"/><link:calculationArc order="5.0" use="optional" weight="1" xlink:arcrole="http://www.xbrl.org/2003/arcrole/summation-item" xlink:from="StockholdersEquity" xlink:title="calculation: StockholdersEquity to RetainedEarningsAccumulatedDeficit" xlink:to="RetainedEarningsAccumulatedDeficit" xlink:type="arc"/><link:loc xlink:href="http://xbrl.fasb.org/us-gaap/2012/elts/us-gaap-2012-01-31.xsd#us-gaap_AccumulatedOtherComprehensiveIncomeLossNetOfTax" xlink:label="AccumulatedOtherComprehensiveIncomeLossNetOfTax" xlink:title="AccumulatedOtherComprehensiveIncomeLossNetOfTax" xlink:type="locator"/><link:calculationArc order="6.0" use="optional" weight="1" xlink:arcrole="http://www.xbrl.org/2003/arcrole/summation-item" xlink:from="StockholdersEquity" xlink:title="calculation: StockholdersEquity to AccumulatedOtherComprehensiveIncomeLossNetOfTax" xlink:to="AccumulatedOtherComprehensiveIncomeLossNetOfTax" xlink:type="arc"/><link:loc xlink:href="http://xbrl.fasb.org/us-gaap/2012/elts/us-gaap-2012-01-31.xsd#us-gaap_TreasuryStockValue" xlink:label="TreasuryStockValue" xlink:title="TreasuryStockValue" xlink:type="locator"/><link:calculationArc order="7.0" use="optional" weight="-1" xlink:arcrole="http://www.xbrl.org/2003/arcrole/summation-item" xlink:from="StockholdersEquity" xlink:title="calculation: StockholdersEquity to TreasuryStockValue" xlink:to="TreasuryStockValue" xlink:type="arc"/><link:loc xlink:href="http://xbrl.fasb.org/us-gaap/2012/elts/us-gaap-2012-01-31.xsd#us-gaap_Assets" xlink:label="Assets" xlink:title="Assets" xlink:type="locator"/><link:loc xlink:href="http://xbrl.fasb.org/us-gaap/2012/elts/us-gaap-2012-01-31.xsd#us-gaap_AssetsCurrent" xlink:label="AssetsCurrent" xlink:title="AssetsCurrent" xlink:type="locator"/><link:calculationArc order="1.0" weight="1" xlink:arcrole="http://www.xbrl.org/2003/arcrole/summation-item" xlink:from="Assets" xlink:title="calculation: Assets to AssetsCurrent" xlink:to="AssetsCurrent" xlink:type="arc"/><link:loc xlink:href="http://xbrl.fasb.org/us-gaap/2012/elts/us-gaap-2012-01-31.xsd#us-gaap_CashAndCashEquivalentsAtCarryingValue" xlink:label="CashAndCashEquivalentsAtCarryingValue" xlink:title="CashAndCashEquivalentsAtCarryingValue" xlink:type="locator"/><link:calculationArc order="1.0" use="optional" weight="1" xlink:arcrole="http://www.xbrl.org/2003/arcrole/summation-item" xlink:from="AssetsCurrent" xlink:title="calculation: AssetsCurrent to CashAndCashEquivalentsAtCarryingValue" xlink:to="CashAndCashEquivalentsAtCarryingValue" xlink:type="arc"/><link:loc xlink:href="http://xbrl.fasb.org/us-gaap/2012/elts/us-gaap-2012-01-31.xsd#us-gaap_InventoryNet" xlink:label="InventoryNet" xlink:title="InventoryNet" xlink:type="locator"/><link:calculationArc order="2.0" use="optional" weight="1" xlink:arcrole="http://www.xbrl.org/2003/arcrole/summation-item" xlink:from="AssetsCurrent" xlink:title="calculation: AssetsCurrent to InventoryNet" xlink:to="InventoryNet" xlink:type="arc"/><link:loc xlink:href="http://xbrl.fasb.org/us-gaap/2012/elts/us-gaap-2012-01-31.xsd#us-gaap_PrepaidExpenseAndOtherAssetsCurrent" xlink:label="PrepaidExpenseAndOtherAssetsCurrent" xlink:title="PrepaidExpenseAndOtherAssetsCurrent" xlink:type="locator"/><link:calculationArc order="3.0" use="optional" weight="1" xlink:arcrole="http://www.xbrl.org/2003/arcrole/summation-item" xlink:from="AssetsCurrent" xlink:title="calculation: AssetsCurrent to PrepaidExpenseAndOtherAssetsCurrent" xlink:to="PrepaidExpenseAndOtherAssetsCurrent" xlink:type="arc"/><link:loc xlink:href="http://xbrl.fasb.org/us-gaap/2012/elts/us-gaap-2012-01-31.xsd#us-gaap_DeferredTaxAssetsNetCurrent" xlink:label="DeferredTaxAssetsNetCurrent" xlink:title="DeferredTaxAssetsNetCurrent" xlink:type="locator"/><link:calculationArc order="4.0" use="optional" weight="1" xlink:arcrole="http://www.xbrl.org/2003/arcrole/summation-item" xlink:from="AssetsCurrent" xlink:title="calculation: AssetsCurrent to DeferredTaxAssetsNetCurrent" xlink:to="DeferredTaxAssetsNetCurrent" xlink:type="arc"/><link:loc xlink:href="http://xbrl.fasb.org/us-gaap/2012/elts/us-gaap-2012-01-31.xsd#us-gaap_PropertyPlantAndEquipmentNet" xlink:label="PropertyPlantAndEquipmentNet" xlink:title="PropertyPlantAndEquipmentNet" xlink:type="locator"/><link:calculationArc order="2.0" use="optional" weight="1" xlink:arcrole="http://www.xbrl.org/2003/arcrole/summation-item" xlink:from="Assets" xlink:title="calculation: Assets to PropertyPlantAndEquipmentNet" xlink:to="PropertyPlantAndEquipmentNet" xlink:type="arc"/><link:loc xlink:href="http://xbrl.fasb.org/us-gaap/2012/elts/us-gaap-2012-01-31.xsd#us-gaap_DeferredFinanceCostsNoncurrentNet" xlink:label="DeferredFinanceCostsNoncurrentNet" xlink:title="DeferredFinanceCostsNoncurrentNet" xlink:type="locator"/><link:calculationArc order="3.0" use="optional" weight="1" xlink:arcrole="http://www.xbrl.org/2003/arcrole/summation-item" xlink:from="Assets" xlink:title="calculation: Assets to DeferredFinanceCostsNoncurrentNet" xlink:to="DeferredFinanceCostsNoncurrentNet" xlink:type="arc"/><link:loc xlink:href="http://xbrl.fasb.org/us-gaap/2012/elts/us-gaap-2012-01-31.xsd#us-gaap_OtherAssetsNoncurrent" xlink:label="OtherAssetsNoncurrent" xlink:title="OtherAssetsNoncurrent" xlink:type="locator"/><link:calculationArc order="4.0" weight="1" xlink:arcrole="http://www.xbrl.org/2003/arcrole/summation-item" xlink:from="Assets" xlink:title="calculation: Assets to OtherAssetsNoncurrent" xlink:to="OtherAssetsNoncurrent" xlink:type="arc"/></link:calculationLink><link:calculationLink xlink:role="http://www.tuesdaymorning.com/role/StatementOfIncome" xlink:type="extended"><link:loc xlink:href="http://xbrl.fasb.org/us-gaap/2012/elts/us-gaap-2012-01-31.xsd#us-gaap_NetIncomeLoss" xlink:label="NetIncomeLoss" xlink:title="NetIncomeLoss" xlink:type="locator"/><link:loc xlink:href="http://xbrl.fasb.org/us-gaap/2012/elts/us-gaap-2012-01-31.xsd#us-gaap_IncomeLossFromContinuingOperationsBeforeIncomeTaxesExtraordinaryItemsNoncontrollingInterest" xlink:label="IncomeLossFromContinuingOperationsBeforeIncomeTaxesExtraordinaryItemsNoncontrollingInterest" xlink:title="IncomeLossFromContinuingOperationsBeforeIncomeTaxesExtraordinaryItemsNoncontrollingInterest" xlink:type="locator"/><link:calculationArc order="1.0" use="optional" weight="1" xlink:arcrole="http://www.xbrl.org/2003/arcrole/summation-item" xlink:from="NetIncomeLoss" xlink:title="calculation: NetIncomeLoss to IncomeLossFromContinuingOperationsBeforeIncomeTaxesExtraordinaryItemsNoncontrollingInterest" xlink:to="IncomeLossFromContinuingOperationsBeforeIncomeTaxesExtraordinaryItemsNoncontrollingInterest" xlink:type="arc"/><link:loc xlink:href="http://xbrl.fasb.org/us-gaap/2012/elts/us-gaap-2012-01-31.xsd#us-gaap_OperatingIncomeLoss" xlink:label="OperatingIncomeLoss" xlink:title="OperatingIncomeLoss" xlink:type="locator"/><link:calculationArc order="1.0" weight="1" xlink:arcrole="http://www.xbrl.org/2003/arcrole/summation-item" xlink:from="IncomeLossFromContinuingOperationsBeforeIncomeTaxesExtraordinaryItemsNoncontrollingInterest" xlink:title="calculation: IncomeLossFromContinuingOperationsBeforeIncomeTaxesExtraordinaryItemsNoncontrollingInterest to OperatingIncomeLoss" xlink:to="OperatingIncomeLoss" xlink:type="arc"/><link:loc xlink:href="http://xbrl.fasb.org/us-gaap/2012/elts/us-gaap-2012-01-31.xsd#us-gaap_GrossProfit" xlink:label="GrossProfit" xlink:title="GrossProfit" xlink:type="locator"/><link:calculationArc order="1.0" use="optional" weight="1" xlink:arcrole="http://www.xbrl.org/2003/arcrole/summation-item" xlink:from="OperatingIncomeLoss" xlink:title="calculation: OperatingIncomeLoss to GrossProfit" xlink:to="GrossProfit" xlink:type="arc"/><link:loc xlink:href="http://xbrl.fasb.org/us-gaap/2012/elts/us-gaap-2012-01-31.xsd#us-gaap_SalesRevenueGoodsNet" xlink:label="SalesRevenueGoodsNet" xlink:title="SalesRevenueGoodsNet" xlink:type="locator"/><link:calculationArc order="1.0" use="optional" weight="1" xlink:arcrole="http://www.xbrl.org/2003/arcrole/summation-item" xlink:from="GrossProfit" xlink:title="calculation: GrossProfit to SalesRevenueGoodsNet" xlink:to="SalesRevenueGoodsNet" xlink:type="arc"/><link:loc xlink:href="http://xbrl.fasb.org/us-gaap/2012/elts/us-gaap-2012-01-31.xsd#us-gaap_CostOfGoodsSold" xlink:label="CostOfGoodsSold" xlink:title="CostOfGoodsSold" xlink:type="locator"/><link:calculationArc order="2.0" use="optional" weight="-1" xlink:arcrole="http://www.xbrl.org/2003/arcrole/summation-item" xlink:from="GrossProfit" xlink:title="calculation: GrossProfit to CostOfGoodsSold" xlink:to="CostOfGoodsSold" xlink:type="arc"/><link:loc xlink:href="http://xbrl.fasb.org/us-gaap/2012/elts/us-gaap-2012-01-31.xsd#us-gaap_SellingGeneralAndAdministrativeExpense" xlink:label="SellingGeneralAndAdministrativeExpense" xlink:title="SellingGeneralAndAdministrativeExpense" xlink:type="locator"/><link:calculationArc order="2.0" use="optional" weight="-1" xlink:arcrole="http://www.xbrl.org/2003/arcrole/summation-item" xlink:from="OperatingIncomeLoss" xlink:title="calculation: OperatingIncomeLoss to SellingGeneralAndAdministrativeExpense" xlink:to="SellingGeneralAndAdministrativeExpense" xlink:type="arc"/><link:loc xlink:href="http://xbrl.fasb.org/us-gaap/2012/elts/us-gaap-2012-01-31.xsd#us-gaap_NonoperatingIncomeExpense" xlink:label="NonoperatingIncomeExpense" xlink:title="NonoperatingIncomeExpense" xlink:type="locator"/><link:calculationArc order="2.0" weight="1" xlink:arcrole="http://www.xbrl.org/2003/arcrole/summation-item" xlink:from="IncomeLossFromContinuingOperationsBeforeIncomeTaxesExtraordinaryItemsNoncontrollingInterest" xlink:title="calculation: IncomeLossFromContinuingOperationsBeforeIncomeTaxesExtraordinaryItemsNoncontrollingInterest to NonoperatingIncomeExpense" xlink:to="NonoperatingIncomeExpense" xlink:type="arc"/><link:loc xlink:href="http://xbrl.fasb.org/us-gaap/2012/elts/us-gaap-2012-01-31.xsd#us-gaap_InterestExpense" xlink:label="InterestExpense" xlink:title="InterestExpense" xlink:type="locator"/><link:calculationArc order="1.0" use="optional" weight="-1" xlink:arcrole="http://www.xbrl.org/2003/arcrole/summation-item" xlink:from="NonoperatingIncomeExpense" xlink:title="calculation: NonoperatingIncomeExpense to InterestExpense" xlink:to="InterestExpense" xlink:type="arc"/><link:loc xlink:href="http://xbrl.fasb.org/us-gaap/2012/elts/us-gaap-2012-01-31.xsd#us-gaap_OtherNonoperatingIncomeExpense" xlink:label="OtherNonoperatingIncomeExpense" xlink:title="OtherNonoperatingIncomeExpense" xlink:type="locator"/><link:calculationArc order="2.0" use="optional" weight="1" xlink:arcrole="http://www.xbrl.org/2003/arcrole/summation-item" xlink:from="NonoperatingIncomeExpense" xlink:title="calculation: NonoperatingIncomeExpense to OtherNonoperatingIncomeExpense" xlink:to="OtherNonoperatingIncomeExpense" xlink:type="arc"/><link:loc xlink:href="http://xbrl.fasb.org/us-gaap/2012/elts/us-gaap-2012-01-31.xsd#us-gaap_IncomeTaxExpenseBenefit" xlink:label="IncomeTaxExpenseBenefit" xlink:title="IncomeTaxExpenseBenefit" xlink:type="locator"/><link:calculationArc order="2.0" use="optional" weight="-1" xlink:arcrole="http://www.xbrl.org/2003/arcrole/summation-item" xlink:from="NetIncomeLoss" xlink:title="calculation: NetIncomeLoss to IncomeTaxExpenseBenefit" xlink:to="IncomeTaxExpenseBenefit" xlink:type="arc"/></link:calculationLink><link:calculationLink xlink:role="http://www.tuesdaymorning.com/role/CashFlows" xlink:type="extended"><link:loc xlink:href="http://xbrl.fasb.org/us-gaap/2012/elts/us-gaap-2012-01-31.xsd#us-gaap_NetCashProvidedByUsedInContinuingOperations" xlink:label="NetCashProvidedByUsedInContinuingOperations" xlink:title="NetCashProvidedByUsedInContinuingOperations" xlink:type="locator"/><link:loc xlink:href="http://xbrl.fasb.org/us-gaap/2012/elts/us-gaap-2012-01-31.xsd#us-gaap_NetCashProvidedByUsedInOperatingActivitiesContinuingOperations" xlink:label="NetCashProvidedByUsedInOperatingActivitiesContinuingOperations" xlink:title="NetCashProvidedByUsedInOperatingActivitiesContinuingOperations" xlink:type="locator"/><link:calculationArc order="1.0" use="optional" weight="1" xlink:arcrole="http://www.xbrl.org/2003/arcrole/summation-item" xlink:from="NetCashProvidedByUsedInContinuingOperations" xlink:title="calculation: NetCashProvidedByUsedInContinuingOperations to NetCashProvidedByUsedInOperatingActivitiesContinuingOperations" xlink:to="NetCashProvidedByUsedInOperatingActivitiesContinuingOperations" xlink:type="arc"/><link:loc xlink:href="http://xbrl.fasb.org/us-gaap/2012/elts/us-gaap-2012-01-31.xsd#us-gaap_NetIncomeLoss" xlink:label="NetIncomeLoss" xlink:title="NetIncomeLoss" xlink:type="locator"/><link:calculationArc order="1.0" use="optional" weight="1" xlink:arcrole="http://www.xbrl.org/2003/arcrole/summation-item" xlink:from="NetCashProvidedByUsedInOperatingActivitiesContinuingOperations" xlink:title="calculation: NetCashProvidedByUsedInOperatingActivitiesContinuingOperations to NetIncomeLoss" xlink:to="NetIncomeLoss" xlink:type="arc"/><link:loc xlink:href="http://xbrl.fasb.org/us-gaap/2012/elts/us-gaap-2012-01-31.xsd#us-gaap_DepreciationDepletionAndAmortization" xlink:label="DepreciationDepletionAndAmortization" xlink:title="DepreciationDepletionAndAmortization" xlink:type="locator"/><link:calculationArc order="2.0" use="optional" weight="1" xlink:arcrole="http://www.xbrl.org/2003/arcrole/summation-item" xlink:from="NetCashProvidedByUsedInOperatingActivitiesContinuingOperations" xlink:title="calculation: NetCashProvidedByUsedInOperatingActivitiesContinuingOperations to DepreciationDepletionAndAmortization" xlink:to="DepreciationDepletionAndAmortization" xlink:type="arc"/><link:loc xlink:href="http://xbrl.fasb.org/us-gaap/2012/elts/us-gaap-2012-01-31.xsd#us-gaap_AmortizationOfFinancingCosts" xlink:label="AmortizationOfFinancingCosts" xlink:title="AmortizationOfFinancingCosts" xlink:type="locator"/><link:calculationArc order="3.0" use="optional" weight="1" xlink:arcrole="http://www.xbrl.org/2003/arcrole/summation-item" xlink:from="NetCashProvidedByUsedInOperatingActivitiesContinuingOperations" xlink:title="calculation: NetCashProvidedByUsedInOperatingActivitiesContinuingOperations to AmortizationOfFinancingCosts" xlink:to="AmortizationOfFinancingCosts" xlink:type="arc"/><link:loc xlink:href="tues-20121231.xsd#tues_DeferredIncomeTaxNoncashExpenseBenefit" xlink:label="DeferredIncomeTaxNoncashExpenseBenefit" xlink:title="DeferredIncomeTaxNoncashExpenseBenefit" xlink:type="locator"/><link:calculationArc order="4.0" use="optional" weight="1" xlink:arcrole="http://www.xbrl.org/2003/arcrole/summation-item" xlink:from="NetCashProvidedByUsedInOperatingActivitiesContinuingOperations" xlink:title="calculation: NetCashProvidedByUsedInOperatingActivitiesContinuingOperations to DeferredIncomeTaxNoncashExpenseBenefit" xlink:to="DeferredIncomeTaxNoncashExpenseBenefit" xlink:type="arc"/><link:loc xlink:href="http://xbrl.fasb.org/us-gaap/2012/elts/us-gaap-2012-01-31.xsd#us-gaap_GainLossOnDispositionOfAssets" xlink:label="GainLossOnDispositionOfAssets" xlink:title="GainLossOnDispositionOfAssets" xlink:type="locator"/><link:calculationArc order="5.0" use="optional" weight="-1" xlink:arcrole="http://www.xbrl.org/2003/arcrole/summation-item" xlink:from="NetCashProvidedByUsedInOperatingActivitiesContinuingOperations" xlink:title="calculation: NetCashProvidedByUsedInOperatingActivitiesContinuingOperations to GainLossOnDispositionOfAssets" xlink:to="GainLossOnDispositionOfAssets" xlink:type="arc"/><link:loc xlink:href="http://xbrl.fasb.org/us-gaap/2012/elts/us-gaap-2012-01-31.xsd#us-gaap_ShareBasedCompensation" xlink:label="ShareBasedCompensation" xlink:title="ShareBasedCompensation" xlink:type="locator"/><link:calculationArc order="6.0" use="optional" weight="1" xlink:arcrole="http://www.xbrl.org/2003/arcrole/summation-item" xlink:from="NetCashProvidedByUsedInOperatingActivitiesContinuingOperations" xlink:title="calculation: NetCashProvidedByUsedInOperatingActivitiesContinuingOperations to ShareBasedCompensation" xlink:to="ShareBasedCompensation" xlink:type="arc"/><link:loc xlink:href="http://xbrl.fasb.org/us-gaap/2012/elts/us-gaap-2012-01-31.xsd#us-gaap_OtherNoncashIncomeExpense" xlink:label="OtherNoncashIncomeExpense" xlink:title="OtherNoncashIncomeExpense" xlink:type="locator"/><link:calculationArc order="7.0" use="optional" weight="-1" xlink:arcrole="http://www.xbrl.org/2003/arcrole/summation-item" xlink:from="NetCashProvidedByUsedInOperatingActivitiesContinuingOperations" xlink:title="calculation: NetCashProvidedByUsedInOperatingActivitiesContinuingOperations to OtherNoncashIncomeExpense" xlink:to="OtherNoncashIncomeExpense" xlink:type="arc"/><link:loc xlink:href="http://xbrl.fasb.org/us-gaap/2012/elts/us-gaap-2012-01-31.xsd#us-gaap_IncreaseDecreaseInInventories" xlink:label="IncreaseDecreaseInInventories" xlink:title="IncreaseDecreaseInInventories" xlink:type="locator"/><link:calculationArc order="8.0" use="optional" weight="-1" xlink:arcrole="http://www.xbrl.org/2003/arcrole/summation-item" xlink:from="NetCashProvidedByUsedInOperatingActivitiesContinuingOperations" xlink:title="calculation: NetCashProvidedByUsedInOperatingActivitiesContinuingOperations to IncreaseDecreaseInInventories" xlink:to="IncreaseDecreaseInInventories" xlink:type="arc"/><link:loc xlink:href="http://xbrl.fasb.org/us-gaap/2012/elts/us-gaap-2012-01-31.xsd#us-gaap_IncreaseDecreaseInPrepaidDeferredExpenseAndOtherAssets" xlink:label="IncreaseDecreaseInPrepaidDeferredExpenseAndOtherAssets" xlink:title="IncreaseDecreaseInPrepaidDeferredExpenseAndOtherAssets" xlink:type="locator"/><link:calculationArc order="9.0" use="optional" weight="-1" xlink:arcrole="http://www.xbrl.org/2003/arcrole/summation-item" xlink:from="NetCashProvidedByUsedInOperatingActivitiesContinuingOperations" xlink:title="calculation: NetCashProvidedByUsedInOperatingActivitiesContinuingOperations to IncreaseDecreaseInPrepaidDeferredExpenseAndOtherAssets" xlink:to="IncreaseDecreaseInPrepaidDeferredExpenseAndOtherAssets" xlink:type="arc"/><link:loc xlink:href="http://xbrl.fasb.org/us-gaap/2012/elts/us-gaap-2012-01-31.xsd#us-gaap_IncreaseDecreaseInAccountsPayable" xlink:label="IncreaseDecreaseInAccountsPayable" xlink:title="IncreaseDecreaseInAccountsPayable" xlink:type="locator"/><link:calculationArc order="10.0" use="optional" weight="1" xlink:arcrole="http://www.xbrl.org/2003/arcrole/summation-item" xlink:from="NetCashProvidedByUsedInOperatingActivitiesContinuingOperations" xlink:title="calculation: NetCashProvidedByUsedInOperatingActivitiesContinuingOperations to IncreaseDecreaseInAccountsPayable" xlink:to="IncreaseDecreaseInAccountsPayable" xlink:type="arc"/><link:loc xlink:href="http://xbrl.fasb.org/us-gaap/2012/elts/us-gaap-2012-01-31.xsd#us-gaap_IncreaseDecreaseInAccruedLiabilities" xlink:label="IncreaseDecreaseInAccruedLiabilities" xlink:title="IncreaseDecreaseInAccruedLiabilities" xlink:type="locator"/><link:calculationArc order="11.0" use="optional" weight="1" xlink:arcrole="http://www.xbrl.org/2003/arcrole/summation-item" xlink:from="NetCashProvidedByUsedInOperatingActivitiesContinuingOperations" xlink:title="calculation: NetCashProvidedByUsedInOperatingActivitiesContinuingOperations to IncreaseDecreaseInAccruedLiabilities" xlink:to="IncreaseDecreaseInAccruedLiabilities" xlink:type="arc"/><link:loc xlink:href="http://xbrl.fasb.org/us-gaap/2012/elts/us-gaap-2012-01-31.xsd#us-gaap_IncreaseDecreaseInOtherDeferredLiability" xlink:label="IncreaseDecreaseInOtherDeferredLiability" xlink:title="IncreaseDecreaseInOtherDeferredLiability" xlink:type="locator"/><link:calculationArc order="12.0" use="optional" weight="1" xlink:arcrole="http://www.xbrl.org/2003/arcrole/summation-item" xlink:from="NetCashProvidedByUsedInOperatingActivitiesContinuingOperations" xlink:title="calculation: NetCashProvidedByUsedInOperatingActivitiesContinuingOperations to IncreaseDecreaseInOtherDeferredLiability" xlink:to="IncreaseDecreaseInOtherDeferredLiability" xlink:type="arc"/><link:loc xlink:href="http://xbrl.fasb.org/us-gaap/2012/elts/us-gaap-2012-01-31.xsd#us-gaap_IncreaseDecreaseInAccruedIncomeTaxesPayable" xlink:label="IncreaseDecreaseInAccruedIncomeTaxesPayable" xlink:title="IncreaseDecreaseInAccruedIncomeTaxesPayable" xlink:type="locator"/><link:calculationArc order="13.0" use="optional" weight="1" xlink:arcrole="http://www.xbrl.org/2003/arcrole/summation-item" xlink:from="NetCashProvidedByUsedInOperatingActivitiesContinuingOperations" xlink:title="calculation: NetCashProvidedByUsedInOperatingActivitiesContinuingOperations to IncreaseDecreaseInAccruedIncomeTaxesPayable" xlink:to="IncreaseDecreaseInAccruedIncomeTaxesPayable" xlink:type="arc"/><link:loc xlink:href="http://xbrl.fasb.org/us-gaap/2012/elts/us-gaap-2012-01-31.xsd#us-gaap_NetCashProvidedByUsedInInvestingActivitiesContinuingOperations" xlink:label="NetCashProvidedByUsedInInvestingActivitiesContinuingOperations" xlink:title="NetCashProvidedByUsedInInvestingActivitiesContinuingOperations" xlink:type="locator"/><link:calculationArc order="2.0" use="optional" weight="1" xlink:arcrole="http://www.xbrl.org/2003/arcrole/summation-item" xlink:from="NetCashProvidedByUsedInContinuingOperations" xlink:title="calculation: NetCashProvidedByUsedInContinuingOperations to NetCashProvidedByUsedInInvestingActivitiesContinuingOperations" xlink:to="NetCashProvidedByUsedInInvestingActivitiesContinuingOperations" xlink:type="arc"/><link:loc xlink:href="http://xbrl.fasb.org/us-gaap/2012/elts/us-gaap-2012-01-31.xsd#us-gaap_PaymentsToAcquireProductiveAssets" xlink:label="PaymentsToAcquireProductiveAssets" xlink:title="PaymentsToAcquireProductiveAssets" xlink:type="locator"/><link:calculationArc order="1.0" use="optional" weight="-1" xlink:arcrole="http://www.xbrl.org/2003/arcrole/summation-item" xlink:from="NetCashProvidedByUsedInInvestingActivitiesContinuingOperations" xlink:title="calculation: NetCashProvidedByUsedInInvestingActivitiesContinuingOperations to PaymentsToAcquireProductiveAssets" xlink:to="PaymentsToAcquireProductiveAssets" xlink:type="arc"/><link:loc xlink:href="http://xbrl.fasb.org/us-gaap/2012/elts/us-gaap-2012-01-31.xsd#us-gaap_NetCashProvidedByUsedInFinancingActivitiesContinuingOperations" xlink:label="NetCashProvidedByUsedInFinancingActivitiesContinuingOperations" xlink:title="NetCashProvidedByUsedInFinancingActivitiesContinuingOperations" xlink:type="locator"/><link:calculationArc order="3.0" use="optional" weight="1" xlink:arcrole="http://www.xbrl.org/2003/arcrole/summation-item" xlink:from="NetCashProvidedByUsedInContinuingOperations" xlink:title="calculation: NetCashProvidedByUsedInContinuingOperations to NetCashProvidedByUsedInFinancingActivitiesContinuingOperations" xlink:to="NetCashProvidedByUsedInFinancingActivitiesContinuingOperations" xlink:type="arc"/><link:loc xlink:href="http://xbrl.fasb.org/us-gaap/2012/elts/us-gaap-2012-01-31.xsd#us-gaap_RepaymentsOfLongTermLinesOfCredit" xlink:label="RepaymentsOfLongTermLinesOfCredit" xlink:title="RepaymentsOfLongTermLinesOfCredit" xlink:type="locator"/><link:calculationArc order="1.0" use="optional" weight="-1" xlink:arcrole="http://www.xbrl.org/2003/arcrole/summation-item" xlink:from="NetCashProvidedByUsedInFinancingActivitiesContinuingOperations" xlink:title="calculation: NetCashProvidedByUsedInFinancingActivitiesContinuingOperations to RepaymentsOfLongTermLinesOfCredit" xlink:to="RepaymentsOfLongTermLinesOfCredit" xlink:type="arc"/><link:loc xlink:href="http://xbrl.fasb.org/us-gaap/2012/elts/us-gaap-2012-01-31.xsd#us-gaap_ProceedsFromLongTermLinesOfCredit" xlink:label="ProceedsFromLongTermLinesOfCredit" xlink:title="ProceedsFromLongTermLinesOfCredit" xlink:type="locator"/><link:calculationArc order="2.0" use="optional" weight="1" xlink:arcrole="http://www.xbrl.org/2003/arcrole/summation-item" xlink:from="NetCashProvidedByUsedInFinancingActivitiesContinuingOperations" xlink:title="calculation: NetCashProvidedByUsedInFinancingActivitiesContinuingOperations to ProceedsFromLongTermLinesOfCredit" xlink:to="ProceedsFromLongTermLinesOfCredit" xlink:type="arc"/><link:loc xlink:href="http://xbrl.fasb.org/us-gaap/2012/elts/us-gaap-2012-01-31.xsd#us-gaap_IncreaseDecreaseInBookOverdrafts" xlink:label="IncreaseDecreaseInBookOverdrafts" xlink:title="IncreaseDecreaseInBookOverdrafts" xlink:type="locator"/><link:calculationArc order="3.0" use="optional" weight="1" xlink:arcrole="http://www.xbrl.org/2003/arcrole/summation-item" xlink:from="NetCashProvidedByUsedInFinancingActivitiesContinuingOperations" xlink:title="calculation: NetCashProvidedByUsedInFinancingActivitiesContinuingOperations to IncreaseDecreaseInBookOverdrafts" xlink:to="IncreaseDecreaseInBookOverdrafts" xlink:type="arc"/><link:loc xlink:href="http://xbrl.fasb.org/us-gaap/2012/elts/us-gaap-2012-01-31.xsd#us-gaap_ExcessTaxBenefitFromShareBasedCompensationFinancingActivities" xlink:label="ExcessTaxBenefitFromShareBasedCompensationFinancingActivities" xlink:title="ExcessTaxBenefitFromShareBasedCompensationFinancingActivities" xlink:type="locator"/><link:calculationArc order="4.0" use="optional" weight="1" xlink:arcrole="http://www.xbrl.org/2003/arcrole/summation-item" xlink:from="NetCashProvidedByUsedInFinancingActivitiesContinuingOperations" xlink:title="calculation: NetCashProvidedByUsedInFinancingActivitiesContinuingOperations to ExcessTaxBenefitFromShareBasedCompensationFinancingActivities" xlink:to="ExcessTaxBenefitFromShareBasedCompensationFinancingActivities" xlink:type="arc"/><link:loc xlink:href="http://xbrl.fasb.org/us-gaap/2012/elts/us-gaap-2012-01-31.xsd#us-gaap_PaymentsOfDebtIssuanceCosts" xlink:label="PaymentsOfDebtIssuanceCosts" xlink:title="PaymentsOfDebtIssuanceCosts" xlink:type="locator"/><link:calculationArc order="5.0" use="optional" weight="-1" xlink:arcrole="http://www.xbrl.org/2003/arcrole/summation-item" xlink:from="NetCashProvidedByUsedInFinancingActivitiesContinuingOperations" xlink:title="calculation: NetCashProvidedByUsedInFinancingActivitiesContinuingOperations to PaymentsOfDebtIssuanceCosts" xlink:to="PaymentsOfDebtIssuanceCosts" xlink:type="arc"/><link:loc xlink:href="http://xbrl.fasb.org/us-gaap/2012/elts/us-gaap-2012-01-31.xsd#us-gaap_ProceedsFromStockOptionsExercised" xlink:label="ProceedsFromStockOptionsExercised" xlink:title="ProceedsFromStockOptionsExercised" xlink:type="locator"/><link:calculationArc order="6.0" use="optional" weight="1" xlink:arcrole="http://www.xbrl.org/2003/arcrole/summation-item" xlink:from="NetCashProvidedByUsedInFinancingActivitiesContinuingOperations" xlink:title="calculation: NetCashProvidedByUsedInFinancingActivitiesContinuingOperations to ProceedsFromStockOptionsExercised" xlink:to="ProceedsFromStockOptionsExercised" xlink:type="arc"/><link:loc xlink:href="http://xbrl.fasb.org/us-gaap/2012/elts/us-gaap-2012-01-31.xsd#us-gaap_PaymentsForRepurchaseOfCommonStock" xlink:label="PaymentsForRepurchaseOfCommonStock" xlink:title="PaymentsForRepurchaseOfCommonStock" xlink:type="locator"/><link:calculationArc order="7.0" use="optional" weight="-1" xlink:arcrole="http://www.xbrl.org/2003/arcrole/summation-item" xlink:from="NetCashProvidedByUsedInFinancingActivitiesContinuingOperations" xlink:title="calculation: NetCashProvidedByUsedInFinancingActivitiesContinuingOperations to PaymentsForRepurchaseOfCommonStock" xlink:to="PaymentsForRepurchaseOfCommonStock" xlink:type="arc"/></link:calculationLink><link:calculationLink xlink:role="http://www.tuesdaymorning.com/role/DisclosureEarningsLossPerCommonShareDetails" xlink:type="extended"><link:loc xlink:href="http://xbrl.fasb.org/us-gaap/2012/elts/us-gaap-2012-01-31.xsd#us-gaap_NetIncomeLossAvailableToCommonStockholdersBasic" xlink:label="NetIncomeLossAvailableToCommonStockholdersBasic" xlink:title="NetIncomeLossAvailableToCommonStockholdersBasic" xlink:type="locator"/><link:loc xlink:href="http://xbrl.fasb.org/us-gaap/2012/elts/us-gaap-2012-01-31.xsd#us-gaap_NetIncomeLoss" xlink:label="NetIncomeLoss" xlink:title="NetIncomeLoss" xlink:type="locator"/><link:calculationArc order="1.0" weight="1" xlink:arcrole="http://www.xbrl.org/2003/arcrole/summation-item" xlink:from="NetIncomeLossAvailableToCommonStockholdersBasic" xlink:title="calculation: NetIncomeLossAvailableToCommonStockholdersBasic to NetIncomeLoss" xlink:to="NetIncomeLoss" xlink:type="arc"/><link:loc xlink:href="http://xbrl.fasb.org/us-gaap/2012/elts/us-gaap-2012-01-31.xsd#us-gaap_UndistributedEarningsAllocatedToParticipatingSecurities" xlink:label="UndistributedEarningsAllocatedToParticipatingSecurities" xlink:title="UndistributedEarningsAllocatedToParticipatingSecurities" xlink:type="locator"/><link:calculationArc order="2.0" weight="-1" xlink:arcrole="http://www.xbrl.org/2003/arcrole/summation-item" xlink:from="NetIncomeLossAvailableToCommonStockholdersBasic" xlink:title="calculation: NetIncomeLossAvailableToCommonStockholdersBasic to UndistributedEarningsAllocatedToParticipatingSecurities" xlink:to="UndistributedEarningsAllocatedToParticipatingSecurities" xlink:type="arc"/><link:loc xlink:href="http://xbrl.fasb.org/us-gaap/2012/elts/us-gaap-2012-01-31.xsd#us-gaap_WeightedAverageNumberOfDilutedSharesOutstanding" xlink:label="WeightedAverageNumberOfDilutedSharesOutstanding" xlink:title="WeightedAverageNumberOfDilutedSharesOutstanding" xlink:type="locator"/><link:loc xlink:href="http://xbrl.fasb.org/us-gaap/2012/elts/us-gaap-2012-01-31.xsd#us-gaap_WeightedAverageNumberOfSharesOutstandingBasic" xlink:label="WeightedAverageNumberOfSharesOutstandingBasic" xlink:title="WeightedAverageNumberOfSharesOutstandingBasic" xlink:type="locator"/><link:calculationArc order="1.0" weight="1" xlink:arcrole="http://www.xbrl.org/2003/arcrole/summation-item" xlink:from="WeightedAverageNumberOfDilutedSharesOutstanding" xlink:title="calculation: WeightedAverageNumberOfDilutedSharesOutstanding to WeightedAverageNumberOfSharesOutstandingBasic" xlink:to="WeightedAverageNumberOfSharesOutstandingBasic" xlink:type="arc"/><link:loc xlink:href="http://xbrl.fasb.org/us-gaap/2012/elts/us-gaap-2012-01-31.xsd#us-gaap_WeightedAverageNumberDilutedSharesOutstandingAdjustment" xlink:label="WeightedAverageNumberDilutedSharesOutstandingAdjustment" xlink:title="WeightedAverageNumberDilutedSharesOutstandingAdjustment" xlink:type="locator"/><link:calculationArc order="2.0" weight="1" xlink:arcrole="http://www.xbrl.org/2003/arcrole/summation-item" xlink:from="WeightedAverageNumberOfDilutedSharesOutstanding" xlink:title="calculation: WeightedAverageNumberOfDilutedSharesOutstanding to WeightedAverageNumberDilutedSharesOutstandingAdjustment" xlink:to="WeightedAverageNumberDilutedSharesOutstandingAdjustment" xlink:type="arc"/></link:calculationLink><link:calculationLink xlink:role="http://www.tuesdaymorning.com/role/DisclosureStockBasedCompensationDetails3" xlink:type="extended"><link:loc xlink:href="http://xbrl.fasb.org/us-gaap/2012/elts/us-gaap-2012-01-31.xsd#us-gaap_AllocatedShareBasedCompensationExpense" xlink:label="AllocatedShareBasedCompensationExpense" xlink:title="AllocatedShareBasedCompensationExpense" xlink:type="locator"/><link:loc xlink:href="tues-20121231.xsd#tues_AllocatedShareBasedCompensationExpenseExcludingEffectOfCapitalizedCompensationCosts" xlink:label="AllocatedShareBasedCompensationExpenseExcludingEffectOfCapitalizedCompensationCosts" xlink:title="AllocatedShareBasedCompensationExpenseExcludingEffectOfCapitalizedCompensationCosts" xlink:type="locator"/><link:calculationArc order="1.0" use="optional" weight="1" xlink:arcrole="http://www.xbrl.org/2003/arcrole/summation-item" xlink:from="AllocatedShareBasedCompensationExpense" xlink:title="calculation: AllocatedShareBasedCompensationExpense to AllocatedShareBasedCompensationExpenseExcludingEffectOfCapitalizedCompensationCosts" xlink:to="AllocatedShareBasedCompensationExpenseExcludingEffectOfCapitalizedCompensationCosts" xlink:type="arc"/><link:loc xlink:href="http://xbrl.fasb.org/us-gaap/2012/elts/us-gaap-2012-01-31.xsd#us-gaap_EmployeeServiceShareBasedCompensationAllocationOfRecognizedPeriodCostsCapitalizedAmount" xlink:label="EmployeeServiceShareBasedCompensationAllocationOfRecognizedPeriodCostsCapitalizedAmount" xlink:title="EmployeeServiceShareBasedCompensationAllocationOfRecognizedPeriodCostsCapitalizedAmount" xlink:type="locator"/><link:calculationArc order="2.0" use="optional" weight="1" xlink:arcrole="http://www.xbrl.org/2003/arcrole/summation-item" xlink:from="AllocatedShareBasedCompensationExpense" xlink:title="calculation: AllocatedShareBasedCompensationExpense to EmployeeServiceShareBasedCompensationAllocationOfRecognizedPeriodCostsCapitalizedAmount" xlink:to="EmployeeServiceShareBasedCompensationAllocationOfRecognizedPeriodCostsCapitalizedAmount" xlink:type="arc"/><link:loc xlink:href="tues-20121231.xsd#tues_EmployeeServiceShareBasedCompensationAllocationOfRecognizedPeriodCostsPreviouslyCapitalizedAmount" xlink:label="EmployeeServiceShareBasedCompensationAllocationOfRecognizedPeriodCostsPreviouslyCapitalizedAmount" xlink:title="EmployeeServiceShareBasedCompensationAllocationOfRecognizedPeriodCostsPreviouslyCapitalizedAmount" xlink:type="locator"/><link:calculationArc order="3.0" use="optional" weight="1" xlink:arcrole="http://www.xbrl.org/2003/arcrole/summation-item" xlink:from="AllocatedShareBasedCompensationExpense" xlink:title="calculation: AllocatedShareBasedCompensationExpense to EmployeeServiceShareBasedCompensationAllocationOfRecognizedPeriodCostsPreviouslyCapitalizedAmount" xlink:to="EmployeeServiceShareBasedCompensationAllocationOfRecognizedPeriodCostsPreviouslyCapitalizedAmount" xlink:type="arc"/></link:calculationLink></link:linkbase>
