<?xml version="1.0" encoding="us-ascii"?>
<!--XBRL document created by RR Donnelley IM Processor 6.0.0.0 using Fujitsu Interstage XWand-->
<xbrl xmlns:tp="http://www.timothyplan.com/20130107" xmlns:xsi="http://www.w3.org/2001/XMLSchema-instance" xmlns:dei="http://xbrl.sec.gov/dei/2012-01-31" xmlns:rr="http://xbrl.sec.gov/rr/2012-01-31" xmlns:link="http://www.xbrl.org/2003/linkbase" xmlns:iso4217="http://www.xbrl.org/2003/iso4217" xmlns:xbrldi="http://xbrl.org/2006/xbrldi" xmlns:xlink="http://www.w3.org/1999/xlink" xmlns="http://www.xbrl.org/2003/instance">
  <link:schemaRef xlink:type="simple" xlink:href="tp-20130107.xsd" />
  <context id="Duration_01Dec2011_30Nov2012">
    <entity>
      <identifier scheme="http://www.sec.gov/CIK">0000916490</identifier>
    </entity>
    <period>
      <startDate>2011-12-01</startDate>
      <endDate>2012-11-30</endDate>
    </period>
  </context>
  <context id="Duration_01Dec2011_30Nov2012S000038851_Member">
    <entity>
      <identifier scheme="http://www.sec.gov/CIK">0000916490</identifier>
      <segment>
        <xbrldi:explicitMember dimension="dei:LegalEntityAxis">tp:S000038851Member</xbrldi:explicitMember>
      </segment>
    </entity>
    <period>
      <startDate>2011-12-01</startDate>
      <endDate>2012-11-30</endDate>
    </period>
  </context>
  <context id="Duration_01Dec2011_30Nov2012S000038851_MemberC000119586_Member">
    <entity>
      <identifier scheme="http://www.sec.gov/CIK">0000916490</identifier>
      <segment>
        <xbrldi:explicitMember dimension="dei:LegalEntityAxis">tp:S000038851Member</xbrldi:explicitMember>
        <xbrldi:explicitMember dimension="rr:ProspectusShareClassAxis">tp:C000119586Member</xbrldi:explicitMember>
      </segment>
    </entity>
    <period>
      <startDate>2011-12-01</startDate>
      <endDate>2012-11-30</endDate>
    </period>
  </context>
  <context id="Duration_01Dec2011_30Nov2012S000038851_MemberC000119587_Member">
    <entity>
      <identifier scheme="http://www.sec.gov/CIK">0000916490</identifier>
      <segment>
        <xbrldi:explicitMember dimension="dei:LegalEntityAxis">tp:S000038851Member</xbrldi:explicitMember>
        <xbrldi:explicitMember dimension="rr:ProspectusShareClassAxis">tp:C000119587Member</xbrldi:explicitMember>
      </segment>
    </entity>
    <period>
      <startDate>2011-12-01</startDate>
      <endDate>2012-11-30</endDate>
    </period>
  </context>
  <unit id="pure">
    <measure>pure</measure>
  </unit>
  <unit id="USD">
    <measure>iso4217:USD</measure>
  </unit>
  <dei:DocumentType contextRef="Duration_01Dec2011_30Nov2012">Other</dei:DocumentType>
  <dei:DocumentPeriodEndDate contextRef="Duration_01Dec2011_30Nov2012">2013-01-07</dei:DocumentPeriodEndDate>
  <dei:EntityRegistrantName contextRef="Duration_01Dec2011_30Nov2012">TIMOTHY PLAN</dei:EntityRegistrantName>
  <dei:EntityCentralIndexKey contextRef="Duration_01Dec2011_30Nov2012">0000916490</dei:EntityCentralIndexKey>
  <dei:AmendmentFlag contextRef="Duration_01Dec2011_30Nov2012">false</dei:AmendmentFlag>
  <dei:DocumentCreationDate contextRef="Duration_01Dec2011_30Nov2012">2013-01-07</dei:DocumentCreationDate>
  <dei:DocumentEffectiveDate contextRef="Duration_01Dec2011_30Nov2012">2013-01-07</dei:DocumentEffectiveDate>
  <rr:ProspectusDate contextRef="Duration_01Dec2011_30Nov2012">2012-11-30</rr:ProspectusDate>
  <rr:RiskReturnHeading contextRef="Duration_01Dec2011_30Nov2012S000038851_Member">&lt;b&gt;TIMOTHY PLAN EMERGING MARKETS FUND&lt;/b&gt;</rr:RiskReturnHeading>
  <rr:ObjectiveHeading contextRef="Duration_01Dec2011_30Nov2012S000038851_Member">&lt;b&gt;INVESTMENT OBJECTIVE&lt;/b&gt;</rr:ObjectiveHeading>
  <rr:ObjectivePrimaryTextBlock contextRef="Duration_01Dec2011_30Nov2012S000038851_Member">The investment objective of this Fund is to provide you with long-term growth of capital.</rr:ObjectivePrimaryTextBlock>
  <rr:ExpenseHeading contextRef="Duration_01Dec2011_30Nov2012S000038851_Member">&lt;b&gt;FEES AND EXPENSES&lt;/b&gt;</rr:ExpenseHeading>
  <rr:ExpenseNarrativeTextBlock contextRef="Duration_01Dec2011_30Nov2012S000038851_Member">&lt;b&gt;This table describes the fees and expenses that you may pay if you buy and hold shares of the Fund. You may qualify for sales charge discounts if you and your family invest, or agree to invest in the future, at least $50,000 in Timothy Plan Funds. More information about these and other discounts is available from your financial professional and in &amp;#8220;How to Reduce Your Sales Charge&amp;#8221; on page __ of the prospectus and &amp;#8220;Purchase, Redemption and Pricing of Shares&amp;#8221; on page __ of the Fund&amp;#8217;s Statement of Additional Information.&lt;/b&gt;</rr:ExpenseNarrativeTextBlock>
  <rr:ShareholderFeesCaption contextRef="Duration_01Dec2011_30Nov2012S000038851_Member">&lt;b&gt;Shareholder Transaction Expenses &lt;/b&gt;(fees paid directly from your investment)</rr:ShareholderFeesCaption>
  <rr:OperatingExpensesCaption contextRef="Duration_01Dec2011_30Nov2012S000038851_Member">&lt;b&gt;Annual Fund Operating Expenses &lt;/b&gt;(Expenses that you pay each year as a percentage of the value of your investment.)</rr:OperatingExpensesCaption>
  <rr:ExpenseExampleHeading contextRef="Duration_01Dec2011_30Nov2012S000038851_Member">&lt;b&gt;Example:&lt;/b&gt;</rr:ExpenseExampleHeading>
  <rr:ExpenseExampleNarrativeTextBlock contextRef="Duration_01Dec2011_30Nov2012S000038851_Member">This Example is intended to help you compare the cost of investing in the Fund with the cost of investing in other mutual funds.&amp;nbsp;&amp;nbsp;For each share class offered, the Example assumes that you invest $10,000 in the Fund for the time periods indicated and then redeem all of your shares at the end of those periods.&amp;nbsp;&amp;nbsp;The Example also assumes that your investment has a 5% return each year and annual Fund operating expenses remain the same for each share class.&amp;nbsp;&amp;nbsp;Although your actual costs may be higher or lower, based on these assumptions your costs would be:</rr:ExpenseExampleNarrativeTextBlock>
  <rr:PortfolioTurnoverHeading contextRef="Duration_01Dec2011_30Nov2012S000038851_Member">&lt;b&gt;PORTFOLIO TURNOVER&lt;/b&gt;</rr:PortfolioTurnoverHeading>
  <rr:PortfolioTurnoverTextBlock contextRef="Duration_01Dec2011_30Nov2012S000038851_Member">&lt;b&gt;The Fund pays transaction costs, such as commissions, when it buys and sells securities (or &amp;#8220;turns over&amp;#8221; its portfolio). A higher portfolio turnover rate may indicate higher transaction costs and may result in higher taxes when fund shares are held in a taxable account. These costs, which are not reflected in annual fund operating expenses or in the example, affect the fund&amp;#8217;s performance. The Fund is new and has not yet had any portfolio turnover.&lt;/b&gt;</rr:PortfolioTurnoverTextBlock>
  <rr:StrategyHeading contextRef="Duration_01Dec2011_30Nov2012S000038851_Member">&lt;b&gt;PRINCIPAL INVESTMENT STRATEGIES&lt;/b&gt;</rr:StrategyHeading>
  <rr:StrategyNarrativeTextBlock contextRef="Duration_01Dec2011_30Nov2012S000038851_Member">&lt;ul type="square"&gt;&lt;li style="margin-left:-20px"&gt;&lt;p style="PADDING-LEFT: 25px"&gt; This Fund seeks to achieve its investment objectives by normally investing at least 80% of the Fund&amp;#8217;s total assets in the common stock of companies domiciled and/or headquartered in emerging market countries through the purchase of American Depository Receipts (ADRs) and direct investments in such companies on Foreign stock exchanges, without regard to market capitalizations.&amp;nbsp;&amp;nbsp;Emerging markets or emerging economies are nations with social or business activity in the process of rapid growth and industrialization.&amp;nbsp;&amp;nbsp;Companies &amp;#8220;domiciled&amp;#8221; in such countries are companies that are organized and registered in the country.&amp;nbsp;&amp;nbsp;Companies &amp;#8220;headquartered&amp;#8221; in a country are those companies that have their main office in the country, but may be &amp;#8220;domiciled&amp;#8221; in another country.&lt;/p&gt;&lt;/li&gt;&lt;/ul&gt;&lt;ul type="square"&gt;&lt;li style="margin-left:-20px"&gt;&lt;p style="PADDING-LEFT: 25px"&gt;This Fund invests its assets in companies which the Fund&amp;#8217;s Investment Manager believes show a high probability for superior growth. Companies&amp;nbsp;&amp;nbsp;that meet or exceed specific criteria established by the Manager in the selection process are purchased. Such criteria include market positioning, management strength, transparency of accounting and financial reporting, strong management, and other criteria.&amp;nbsp;&amp;nbsp;Securities are sold when they reach internally determined pricing targets or no longer qualify under the Manager&amp;#8217;s investment criteria.&lt;br/&gt;&lt;br/&gt;This Fund invests using a growth investing style. Growth funds generally focus on stocks of companies believed to have above-average potential for growth in revenue, earnings, cash flow, or other similar criteria. These stocks typically have low dividend yields and above-average prices in relation to such measures as earnings and book value. Growth and value stocks have historically produced similar long-term returns, though each category has periods when it outperforms the other. &lt;/p&gt;&lt;/li&gt;&lt;/ul&gt;&lt;ul type="square"&gt;&lt;li style="margin-left:-20px"&gt;&lt;p style="PADDING-LEFT: 25px"&gt; The Fund will not invest in Excluded Securities. Excluded Securities are securities issued by any company that is involved in the production or wholesale distribution of alcohol, tobacco, or gambling equipment, gambling enterprises, or which is involved, either directly or indirectly, in abortion or pornography, or promoting anti-family entertainment or alternative lifestyles.&lt;/p&gt;&lt;/li&gt;&lt;/ul&gt;</rr:StrategyNarrativeTextBlock>
  <rr:RiskHeading contextRef="Duration_01Dec2011_30Nov2012S000038851_Member">&lt;b&gt;PRINCIPAL RISKS&lt;/b&gt;</rr:RiskHeading>
  <rr:RiskNarrativeTextBlock contextRef="Duration_01Dec2011_30Nov2012S000038851_Member">&lt;ol&gt;&lt;li style="margin-left:-20px"&gt;&lt;p style="PADDING-LEFT: 40px"&gt; &lt;b&gt;General Risk&lt;/b&gt; | As with most other mutual funds, you can lose money by investing in this Fund. Share prices fluctuate from day to day, and when you sell your shares, they may be worth less than you paid for them.&lt;/p&gt;&lt;/li&gt;&lt;li style="margin-left:-20px"&gt;&lt;p style="PADDING-LEFT: 40px"&gt;&lt;b&gt;Stock Market Risk&lt;/b&gt; | This Fund is an equity fund, so it is subject to the risks inherent in the stock market in general. The stock market is cyclical, with prices generally rising and falling over periods of time. Some of these price cycles can be pronounced and last for a long time.&lt;/p&gt;&lt;/li&gt;&lt;li style="margin-left:-20px"&gt;&lt;p style="PADDING-LEFT: 40px"&gt;&lt;b&gt;Emerging Market Risk&lt;/b&gt; | The Fund&amp;#8217;s investments in the securities of emerging countries may experience more rapid and extreme changes in value than funds with investments solely in securities of U.S. Companies or funds that invest across a larger spectrum of the foreign market. This is because the securities markets in some emerging countries are relatively small, with a limited number of companies representing a smaller number of industries. Issuers in emerging countries are frequently not subject to the same degree of regulation as U.S. issuers.&amp;nbsp;&amp;nbsp;Also, nationalization, expropriation or confiscatory taxation or political changes could adversely affect the Fund&amp;#8217;s investments in emerging foreign countries.&lt;/p&gt;&lt;/li&gt;&lt;li style="margin-left:-20px"&gt;&lt;p style="PADDING-LEFT: 40px"&gt;&lt;b&gt;Issuer-Specific Changes&lt;/b&gt; | The value of an individual security or a particular type of security can be more volatile than the market as a whole and can perform differently from the value of the market as a whole.&lt;/p&gt;&lt;/li&gt;&lt;li style="margin-left:-20px"&gt;&lt;p style="PADDING-LEFT: 40px"&gt;&lt;b&gt;Currency Risk&lt;/b&gt; | Because the securities being purchased by this Fund are frequently foreign stocks denominated in non-U.S. currency, there is a risk that fluctuations in the exchange rates between the U.S. dollar and foreign currencies may negatively affect the value of the Fund&amp;#8217;s investments in foreign securities.&lt;/p&gt;&lt;/li&gt;&lt;li style="margin-left:-20px"&gt;&lt;p style="PADDING-LEFT: 40px"&gt;&lt;b&gt;Larger Company Investing Risk&lt;/b&gt; | Larger, more established companies may be unable to respond quickly to new competitive challenges like changes in consumer tastes or innovative smaller competitors. Also, larger companies are sometimes unable to attain the high growth rates of successful, smaller companies, especially during extended periods of economic expansion.&lt;/p&gt;&lt;/li&gt;&lt;li style="margin-left:-20px"&gt;&lt;p style="PADDING-LEFT: 40px"&gt;&lt;b&gt;Smaller Company Investing Risk&lt;/b&gt; | Investing in smaller companies often involves greater risk than investing in larger companies. Smaller companies may not have the management experience, financial resources, product diversification and competitive strengths of larger companies. The securities of smaller companies, therefore, tend to be more volatile than the securities of larger, more established companies. Smaller company stocks tend to be bought and sold less often and in smaller amounts than larger company stocks. Because of this, if a fund wants to sell a large quantity of a small-sized company&amp;#8217;s stock, it may have to sell at a lower price than would otherwise be indicated, or it may have to sell in smaller than desired quantities over an increased time period.&lt;/p&gt;&lt;/li&gt;&lt;li style="margin-left:-20px"&gt;&lt;p style="PADDING-LEFT: 40px"&gt;&lt;b&gt;Excluded Security Risk&lt;/b&gt; | Because the Fund does not invest in Excluded Securities, and will divest itself of securities that are subsequently discovered to be ineligible, the Fund may be riskier than other funds that invest in a broader array of securities.&lt;/p&gt;&lt;/li&gt;&lt;li style="margin-left:-20px"&gt;&lt;p style="PADDING-LEFT: 40px"&gt;&lt;b&gt;Growth Risk&lt;/b&gt; | This Fund invests in companies after assessing their growth potential. Securities of growth companies may be more volatile than other stocks. If the Investment Manager&amp;#8217;s perception of a company&amp;#8217;s growth potential is not realized, the securities purchased may not perform as expected, reducing the Fund&amp;#8217;s return. In addition, because different types of stocks tend to shift in and out of favor depending on market and economic conditions, &amp;#8220;growth&amp;#8221; stocks may perform differently from the market as a whole and other types of securities.&lt;/p&gt;&lt;/li&gt;&lt;li style="margin-left:-20px"&gt;&lt;p style="PADDING-LEFT: 40px"&gt;&lt;b&gt;Who Should Buy This Fund&lt;/b&gt; | This Fund is most appropriate for investors who understand the risks of investing in the international stock markets and who are willing to accept significant amounts of volatility and risk.&lt;/p&gt;&lt;/li&gt;&lt;/ol&gt;</rr:RiskNarrativeTextBlock>
  <rr:BarChartAndPerformanceTableHeading contextRef="Duration_01Dec2011_30Nov2012S000038851_Member">&lt;b&gt;PAST PERFORMANCE&lt;/b&gt;</rr:BarChartAndPerformanceTableHeading>
  <rr:PerformanceNarrativeTextBlock contextRef="Duration_01Dec2011_30Nov2012S000038851_Member">This Section illustrates the variability of the Fund&amp;#8217;s returns and provides some indication of the risks of investing in the Fund by showing changes in the Fund&amp;#8217;s performance from year to year and by showing how the Fund&amp;#8217;s average annual returns for 1, 5, and 10 years compare with those of a broad measure of market performance. The Fund&amp;#8217;s past performance (before and after taxes) is not necessarily an indication of how the Fund will perform in the future.&lt;br/&gt;&lt;br/&gt;This is a new Fund without an operating history.&amp;nbsp;&amp;nbsp;Accordingly, performance information is not available at this time.</rr:PerformanceNarrativeTextBlock>
  <rr:ExpenseBreakpointDiscounts contextRef="Duration_01Dec2011_30Nov2012S000038851_Member">&lt;b&gt; You may qualify for sales charge discounts if you and your family invest, or agree to invest in the future, at least $50,000 in Timothy Plan Funds.&lt;/b&gt;</rr:ExpenseBreakpointDiscounts>
  <rr:ExpenseBreakpointMinimumInvestmentRequiredAmount decimals="INF" contextRef="Duration_01Dec2011_30Nov2012S000038851_Member" unitRef="USD">50000</rr:ExpenseBreakpointMinimumInvestmentRequiredAmount>
  <rr:ExpensesDeferredChargesTextBlock contextRef="Duration_01Dec2011_30Nov2012S000038851_Member">&lt;b&gt;A one percent (1%) contingent deferred sales charge is imposed on any Class C shares sold within the first thirteen months after purchase.&lt;/b&gt;</rr:ExpensesDeferredChargesTextBlock>
  <rr:OtherExpensesNewFundBasedOnEstimates contextRef="Duration_01Dec2011_30Nov2012S000038851_Member">&lt;b&gt;&amp;#8220;Other Expenses&amp;#8221; are estimated for the Fund's first year of operations.&lt;/b&gt;</rr:OtherExpensesNewFundBasedOnEstimates>
  <rr:RiskLoseMoney contextRef="Duration_01Dec2011_30Nov2012S000038851_Member">As with most other mutual funds, you can lose money by investing in this Fund.</rr:RiskLoseMoney>
  <rr:PerformanceOneYearOrLess contextRef="Duration_01Dec2011_30Nov2012S000038851_Member">This is a new Fund without an operating history.&amp;nbsp;&amp;nbsp;Accordingly, performance information is not available at this time.</rr:PerformanceOneYearOrLess>
  <rr:PerformancePastDoesNotIndicateFuture contextRef="Duration_01Dec2011_30Nov2012S000038851_Member">The Fund&amp;#8217;s past performance (before and after taxes) is not necessarily an indication of how the Fund will perform in the future.</rr:PerformancePastDoesNotIndicateFuture>
  <rr:MaximumSalesChargeImposedOnPurchasesOverOfferingPrice decimals="4" contextRef="Duration_01Dec2011_30Nov2012S000038851_MemberC000119586_Member" unitRef="pure">0.055</rr:MaximumSalesChargeImposedOnPurchasesOverOfferingPrice>
  <rr:MaximumSalesChargeImposedOnPurchasesOverOfferingPrice decimals="4" contextRef="Duration_01Dec2011_30Nov2012S000038851_MemberC000119587_Member" unitRef="pure">0</rr:MaximumSalesChargeImposedOnPurchasesOverOfferingPrice>
  <rr:MaximumDeferredSalesChargeOverOther id="Item_2" decimals="4" contextRef="Duration_01Dec2011_30Nov2012S000038851_MemberC000119586_Member" unitRef="pure">0.01</rr:MaximumDeferredSalesChargeOverOther>
  <rr:MaximumDeferredSalesChargeOverOther id="Item_3" decimals="4" contextRef="Duration_01Dec2011_30Nov2012S000038851_MemberC000119587_Member" unitRef="pure">0.01</rr:MaximumDeferredSalesChargeOverOther>
  <rr:RedemptionFeeOverRedemption decimals="4" contextRef="Duration_01Dec2011_30Nov2012S000038851_MemberC000119586_Member" unitRef="pure">0</rr:RedemptionFeeOverRedemption>
  <rr:RedemptionFeeOverRedemption decimals="4" contextRef="Duration_01Dec2011_30Nov2012S000038851_MemberC000119587_Member" unitRef="pure">0</rr:RedemptionFeeOverRedemption>
  <rr:ExchangeFeeOverRedemption decimals="4" contextRef="Duration_01Dec2011_30Nov2012S000038851_MemberC000119586_Member" unitRef="pure">0</rr:ExchangeFeeOverRedemption>
  <rr:ExchangeFeeOverRedemption decimals="4" contextRef="Duration_01Dec2011_30Nov2012S000038851_MemberC000119587_Member" unitRef="pure">0</rr:ExchangeFeeOverRedemption>
  <rr:ManagementFeesOverAssets decimals="4" contextRef="Duration_01Dec2011_30Nov2012S000038851_MemberC000119586_Member" unitRef="pure">0.012</rr:ManagementFeesOverAssets>
  <rr:ManagementFeesOverAssets decimals="4" contextRef="Duration_01Dec2011_30Nov2012S000038851_MemberC000119587_Member" unitRef="pure">0.012</rr:ManagementFeesOverAssets>
  <rr:DistributionAndService12b1FeesOverAssets decimals="4" contextRef="Duration_01Dec2011_30Nov2012S000038851_MemberC000119586_Member" unitRef="pure">0.0025</rr:DistributionAndService12b1FeesOverAssets>
  <rr:DistributionAndService12b1FeesOverAssets decimals="4" contextRef="Duration_01Dec2011_30Nov2012S000038851_MemberC000119587_Member" unitRef="pure">0.01</rr:DistributionAndService12b1FeesOverAssets>
  <rr:OtherExpensesOverAssets decimals="4" contextRef="Duration_01Dec2011_30Nov2012S000038851_MemberC000119586_Member" unitRef="pure">0.0049</rr:OtherExpensesOverAssets>
  <rr:OtherExpensesOverAssets decimals="4" contextRef="Duration_01Dec2011_30Nov2012S000038851_MemberC000119587_Member" unitRef="pure">0.0049</rr:OtherExpensesOverAssets>
  <rr:AcquiredFundFeesAndExpensesOverAssets decimals="4" contextRef="Duration_01Dec2011_30Nov2012S000038851_MemberC000119586_Member" unitRef="pure">0.0001</rr:AcquiredFundFeesAndExpensesOverAssets>
  <rr:AcquiredFundFeesAndExpensesOverAssets decimals="4" contextRef="Duration_01Dec2011_30Nov2012S000038851_MemberC000119587_Member" unitRef="pure">0.0001</rr:AcquiredFundFeesAndExpensesOverAssets>
  <rr:ExpensesOverAssets id="Item_4" decimals="4" contextRef="Duration_01Dec2011_30Nov2012S000038851_MemberC000119586_Member" unitRef="pure">0.0195</rr:ExpensesOverAssets>
  <rr:ExpensesOverAssets id="Item_5" decimals="4" contextRef="Duration_01Dec2011_30Nov2012S000038851_MemberC000119587_Member" unitRef="pure">0.027</rr:ExpensesOverAssets>
  <rr:ExpenseExampleYear01 decimals="INF" contextRef="Duration_01Dec2011_30Nov2012S000038851_MemberC000119586_Member" unitRef="USD">737</rr:ExpenseExampleYear01>
  <rr:ExpenseExampleYear01 decimals="INF" contextRef="Duration_01Dec2011_30Nov2012S000038851_MemberC000119587_Member" unitRef="USD">373</rr:ExpenseExampleYear01>
  <rr:ExpenseExampleYear03 decimals="INF" contextRef="Duration_01Dec2011_30Nov2012S000038851_MemberC000119586_Member" unitRef="USD">1128</rr:ExpenseExampleYear03>
  <rr:ExpenseExampleYear03 decimals="INF" contextRef="Duration_01Dec2011_30Nov2012S000038851_MemberC000119587_Member" unitRef="USD">838</rr:ExpenseExampleYear03>
  <rr:ExpenseExampleNoRedemptionYear01 decimals="INF" contextRef="Duration_01Dec2011_30Nov2012S000038851_MemberC000119586_Member" unitRef="USD">737</rr:ExpenseExampleNoRedemptionYear01>
  <rr:ExpenseExampleNoRedemptionYear01 decimals="INF" contextRef="Duration_01Dec2011_30Nov2012S000038851_MemberC000119587_Member" unitRef="USD">273</rr:ExpenseExampleNoRedemptionYear01>
  <rr:ExpenseExampleNoRedemptionYear03 decimals="INF" contextRef="Duration_01Dec2011_30Nov2012S000038851_MemberC000119586_Member" unitRef="USD">1128</rr:ExpenseExampleNoRedemptionYear03>
  <rr:ExpenseExampleNoRedemptionYear03 decimals="INF" contextRef="Duration_01Dec2011_30Nov2012S000038851_MemberC000119587_Member" unitRef="USD">838</rr:ExpenseExampleNoRedemptionYear03>
  <rr:AnnualFundOperatingExpensesTableTextBlock contextRef="Duration_01Dec2011_30Nov2012S000038851_Member">&lt;div style="display:none"&gt;~ http://www.timothyplan.com/role/ScheduleAnnualFundOperatingExpensesTimothyPlanEmergingMarketsFund column period compact * ~&lt;/div&gt;

</rr:AnnualFundOperatingExpensesTableTextBlock>
  <rr:ShareholderFeesTableTextBlock contextRef="Duration_01Dec2011_30Nov2012S000038851_Member">&lt;div style="display:none"&gt;~ http://www.timothyplan.com/role/ScheduleShareholderFeesTimothyPlanEmergingMarketsFund column period compact * ~&lt;/div&gt;

</rr:ShareholderFeesTableTextBlock>
  <rr:ExpenseExampleWithRedemptionTableTextBlock contextRef="Duration_01Dec2011_30Nov2012S000038851_Member">&lt;div style="display:none"&gt;~ http://www.timothyplan.com/role/ScheduleExpenseExampleTransposedTimothyPlanEmergingMarketsFund column period compact * ~&lt;/div&gt;

</rr:ExpenseExampleWithRedemptionTableTextBlock>
  <rr:ExpenseExampleNoRedemptionTableTextBlock contextRef="Duration_01Dec2011_30Nov2012S000038851_Member">&lt;div style="display:none"&gt;~ http://www.timothyplan.com/role/ScheduleExpenseExampleNoRedemptionTransposedTimothyPlanEmergingMarketsFund column period compact * ~&lt;/div&gt;

</rr:ExpenseExampleNoRedemptionTableTextBlock>
  <rr:ExpenseExampleNoRedemptionByYearCaption contextRef="Duration_01Dec2011_30Nov2012S000038851_Member">You would pay the following expenses if you did not redeem your shares:</rr:ExpenseExampleNoRedemptionByYearCaption>
  <link:footnoteLink xlink:type="extended" xlink:role="http://www.xbrl.org/2003/role/link">
    <link:loc xlink:type="locator" xlink:href="#Item_2" xlink:label="MaximumDeferredSalesChargeOverOther" />
    <link:footnote xlink:type="resource" xlink:label="footnote_MaximumDeferredSalesChargeOverOther" xlink:role="http://www.xbrl.org/2003/role/footnote" xml:lang="en-US" id="footnote_MaximumDeferredSalesChargeOverOther">A one percent (1%) contingent deferred sales charge is imposed on any Class C shares sold within the first thirteen months after purchase.  The Trust's Distributor, Timothy Partners, Ltd., will pay a finders' fee of 1% of the proceeds invested to brokers that purchase shares of the Funds in amounts from $1 million to $2 million, 0.75% on the next $1 million, 0.50% on the next $2 million, and 0.25% on all amounts in excess of $5 million. In such cases, those purchases will be subject to a contingent deferred sales charge of 1% for 18 months after the date of purchase.</link:footnote>
    <link:footnoteArc xlink:type="arc" xlink:arcrole="http://www.xbrl.org/2003/arcrole/fact-footnote" xlink:from="MaximumDeferredSalesChargeOverOther" xlink:to="footnote_MaximumDeferredSalesChargeOverOther" />
    <link:loc xlink:type="locator" xlink:href="#Item_3" xlink:label="Item_3_lbl" />
    <link:footnoteArc xlink:type="arc" xlink:arcrole="http://www.xbrl.org/2003/arcrole/fact-footnote" xlink:from="Item_3_lbl" xlink:to="footnote_MaximumDeferredSalesChargeOverOther" use="optional" priority="0" order="1.0" />
    <link:loc xlink:type="locator" xlink:href="#Item_4" xlink:label="ExpensesOverAssets" />
    <link:footnote xlink:type="resource" xlink:label="footnote_ExpensesOverAssets" xlink:role="http://www.xbrl.org/2003/role/footnote" xml:lang="en-US" id="footnote_ExpensesOverAssets">"Other Expenses" are estimated for the Fund's first year of operations.</link:footnote>
    <link:footnoteArc xlink:type="arc" xlink:arcrole="http://www.xbrl.org/2003/arcrole/fact-footnote" xlink:from="ExpensesOverAssets" xlink:to="footnote_ExpensesOverAssets" />
    <link:loc xlink:type="locator" xlink:href="#Item_5" xlink:label="Item_5_lbl" />
    <link:footnoteArc xlink:type="arc" xlink:arcrole="http://www.xbrl.org/2003/arcrole/fact-footnote" xlink:from="Item_5_lbl" xlink:to="footnote_ExpensesOverAssets" use="optional" priority="0" order="1.0" />
  </link:footnoteLink>
</xbrl>
