<?xml version="1.0" encoding="us-ascii"?>
<!-- Created by Merrill Corporation -->
<!-- Generated by Fujitsu Interstage XWand B0166_M01 -->
<!--Generated by IRIS XBRL Generation Engine-->
<link:linkbase xsi:schemaLocation="http://www.xbrl.org/2003/linkbase http://www.xbrl.org/2003/xbrl-linkbase-2003-12-31.xsd" xmlns:link="http://www.xbrl.org/2003/linkbase" xmlns:xsi="http://www.w3.org/2001/XMLSchema-instance" xmlns:xbrli="http://www.xbrl.org/2003/instance" xmlns:xlink="http://www.w3.org/1999/xlink">
  <link:roleRef roleURI="http://www.alkermes.com/role/BalanceSheet" xlink:type="simple" xlink:href="alks-20121231.xsd#BalanceSheet" />
  <link:roleRef roleURI="http://www.alkermes.com/role/StatementOfIncome" xlink:type="simple" xlink:href="alks-20121231.xsd#StatementOfIncome" />
  <link:roleRef roleURI="http://www.alkermes.com/role/StatementOfIncomeCalc2" xlink:type="simple" xlink:href="alks-20121231.xsd#StatementOfIncomeCalc2" />
  <link:roleRef roleURI="http://www.alkermes.com/role/CashFlows" xlink:type="simple" xlink:href="alks-20121231.xsd#CashFlows" />
  <link:roleRef roleURI="http://www.alkermes.com/role/DisclosureInventoryDetails" xlink:type="simple" xlink:href="alks-20121231.xsd#DisclosureInventoryDetails" />
  <link:roleRef roleURI="http://www.alkermes.com/role/DisclosurePropertyPlantAndEquipmentDetails" xlink:type="simple" xlink:href="alks-20121231.xsd#DisclosurePropertyPlantAndEquipmentDetails" />
  <link:roleRef roleURI="http://www.alkermes.com/role/DisclosureAccountsPayableAndAccruedExpensesDetails" xlink:type="simple" xlink:href="alks-20121231.xsd#DisclosureAccountsPayableAndAccruedExpensesDetails" />
  <link:roleRef roleURI="http://www.alkermes.com/role/DisclosureInvestmentsDetails" xlink:type="simple" xlink:href="alks-20121231.xsd#DisclosureInvestmentsDetails" />
  <link:roleRef roleURI="http://www.alkermes.com/role/DisclosureAcquisitionsDetails2" xlink:type="simple" xlink:href="alks-20121231.xsd#DisclosureAcquisitionsDetails2" />
  <link:roleRef roleURI="http://www.alkermes.com/role/DisclosureInvestmentsDetails3" xlink:type="simple" xlink:href="alks-20121231.xsd#DisclosureInvestmentsDetails3" />
  <link:roleRef roleURI="http://www.alkermes.com/role/DisclosureGoodwillAndIntangibleAssetsDetails" xlink:type="simple" xlink:href="alks-20121231.xsd#DisclosureGoodwillAndIntangibleAssetsDetails" />
  <link:roleRef roleURI="http://www.alkermes.com/role/DisclosureLongTermDebtDetails" xlink:type="simple" xlink:href="alks-20121231.xsd#DisclosureLongTermDebtDetails" />
  <link:roleRef roleURI="http://www.alkermes.com/role/DisclosureLongTermDebtDetails2Cal2" xlink:type="simple" xlink:href="alks-20121231.xsd#DisclosureLongTermDebtDetails2Cal2" />
  <link:roleRef roleURI="http://www.alkermes.com/role/DisclosureEarningsLossPerShareDetails" xlink:type="simple" xlink:href="alks-20121231.xsd#DisclosureEarningsLossPerShareDetails" />
  <link:roleRef roleURI="http://www.alkermes.com/role/DisclosureFairValueMeasurementsDetails" xlink:type="simple" xlink:href="alks-20121231.xsd#DisclosureFairValueMeasurementsDetails" />
  <link:roleRef roleURI="http://www.alkermes.com/role/DisclosureLongTermDebtDetails2" xlink:type="simple" xlink:href="alks-20121231.xsd#DisclosureLongTermDebtDetails2" />
  <link:calculationLink xlink:type="extended" xlink:role="http://www.alkermes.com/role/BalanceSheet">
    <link:loc xlink:type="locator" xlink:href="http://xbrl.fasb.org/us-gaap/2012/elts/us-gaap-2012-01-31.xsd#us-gaap_Assets" xlink:label="Assets" xlink:title="Assets" />
    <link:loc xlink:type="locator" xlink:href="http://xbrl.fasb.org/us-gaap/2012/elts/us-gaap-2012-01-31.xsd#us-gaap_AssetsCurrent" xlink:label="AssetsCurrent" xlink:title="AssetsCurrent" />
    <link:calculationArc xlink:type="arc" xlink:arcrole="http://www.xbrl.org/2003/arcrole/summation-item" xlink:from="Assets" xlink:to="AssetsCurrent" xlink:title="calculation: Assets to AssetsCurrent" order="1.0" weight="1" />
    <link:loc xlink:type="locator" xlink:href="http://xbrl.fasb.org/us-gaap/2012/elts/us-gaap-2012-01-31.xsd#us-gaap_CashAndCashEquivalentsAtCarryingValue" xlink:label="CashAndCashEquivalentsAtCarryingValue" xlink:title="CashAndCashEquivalentsAtCarryingValue" />
    <link:calculationArc xlink:type="arc" xlink:arcrole="http://www.xbrl.org/2003/arcrole/summation-item" xlink:from="AssetsCurrent" xlink:to="CashAndCashEquivalentsAtCarryingValue" xlink:title="calculation: AssetsCurrent to CashAndCashEquivalentsAtCarryingValue" order="1.0" weight="1" />
    <link:loc xlink:type="locator" xlink:href="http://xbrl.fasb.org/us-gaap/2012/elts/us-gaap-2012-01-31.xsd#us-gaap_AvailableForSaleSecuritiesDebtSecuritiesCurrent" xlink:label="AvailableForSaleSecuritiesDebtSecuritiesCurrent" xlink:title="AvailableForSaleSecuritiesDebtSecuritiesCurrent" />
    <link:calculationArc xlink:type="arc" xlink:arcrole="http://www.xbrl.org/2003/arcrole/summation-item" xlink:from="AssetsCurrent" xlink:to="AvailableForSaleSecuritiesDebtSecuritiesCurrent" xlink:title="calculation: AssetsCurrent to AvailableForSaleSecuritiesDebtSecuritiesCurrent" order="2.0" weight="1" />
    <link:loc xlink:type="locator" xlink:href="http://xbrl.fasb.org/us-gaap/2012/elts/us-gaap-2012-01-31.xsd#us-gaap_ReceivablesNetCurrent" xlink:label="ReceivablesNetCurrent" xlink:title="ReceivablesNetCurrent" />
    <link:calculationArc xlink:type="arc" xlink:arcrole="http://www.xbrl.org/2003/arcrole/summation-item" xlink:from="AssetsCurrent" xlink:to="ReceivablesNetCurrent" xlink:title="calculation: AssetsCurrent to ReceivablesNetCurrent" order="3.0" weight="1" />
    <link:loc xlink:type="locator" xlink:href="http://xbrl.fasb.org/us-gaap/2012/elts/us-gaap-2012-01-31.xsd#us-gaap_InventoryNet" xlink:label="InventoryNet" xlink:title="InventoryNet" />
    <link:calculationArc xlink:type="arc" xlink:arcrole="http://www.xbrl.org/2003/arcrole/summation-item" xlink:from="AssetsCurrent" xlink:to="InventoryNet" xlink:title="calculation: AssetsCurrent to InventoryNet" order="4.0" weight="1" />
    <link:loc xlink:type="locator" xlink:href="http://xbrl.fasb.org/us-gaap/2012/elts/us-gaap-2012-01-31.xsd#us-gaap_PrepaidExpenseAndOtherAssetsCurrent" xlink:label="PrepaidExpenseAndOtherAssetsCurrent" xlink:title="PrepaidExpenseAndOtherAssetsCurrent" />
    <link:calculationArc xlink:type="arc" xlink:arcrole="http://www.xbrl.org/2003/arcrole/summation-item" xlink:from="AssetsCurrent" xlink:to="PrepaidExpenseAndOtherAssetsCurrent" xlink:title="calculation: AssetsCurrent to PrepaidExpenseAndOtherAssetsCurrent" use="optional" order="5.0" weight="1" />
    <link:loc xlink:type="locator" xlink:href="http://xbrl.fasb.org/us-gaap/2012/elts/us-gaap-2012-01-31.xsd#us-gaap_PropertyPlantAndEquipmentNet" xlink:label="PropertyPlantAndEquipmentNet" xlink:title="PropertyPlantAndEquipmentNet" />
    <link:calculationArc xlink:type="arc" xlink:arcrole="http://www.xbrl.org/2003/arcrole/summation-item" xlink:from="Assets" xlink:to="PropertyPlantAndEquipmentNet" xlink:title="calculation: Assets to PropertyPlantAndEquipmentNet" order="2.0" weight="1" />
    <link:loc xlink:type="locator" xlink:href="http://xbrl.fasb.org/us-gaap/2012/elts/us-gaap-2012-01-31.xsd#us-gaap_IntangibleAssetsNetExcludingGoodwill" xlink:label="IntangibleAssetsNetExcludingGoodwill" xlink:title="IntangibleAssetsNetExcludingGoodwill" />
    <link:calculationArc xlink:type="arc" xlink:arcrole="http://www.xbrl.org/2003/arcrole/summation-item" xlink:from="Assets" xlink:to="IntangibleAssetsNetExcludingGoodwill" xlink:title="calculation: Assets to IntangibleAssetsNetExcludingGoodwill" use="optional" order="3.0" weight="1" />
    <link:loc xlink:type="locator" xlink:href="http://xbrl.fasb.org/us-gaap/2012/elts/us-gaap-2012-01-31.xsd#us-gaap_Goodwill" xlink:label="Goodwill" xlink:title="Goodwill" />
    <link:calculationArc xlink:type="arc" xlink:arcrole="http://www.xbrl.org/2003/arcrole/summation-item" xlink:from="Assets" xlink:to="Goodwill" xlink:title="calculation: Assets to Goodwill" use="optional" order="4.0" weight="1" />
    <link:loc xlink:type="locator" xlink:href="http://xbrl.fasb.org/us-gaap/2012/elts/us-gaap-2012-01-31.xsd#us-gaap_MarketableSecuritiesNoncurrent" xlink:label="MarketableSecuritiesNoncurrent" xlink:title="MarketableSecuritiesNoncurrent" />
    <link:calculationArc xlink:type="arc" xlink:arcrole="http://www.xbrl.org/2003/arcrole/summation-item" xlink:from="Assets" xlink:to="MarketableSecuritiesNoncurrent" xlink:title="calculation: Assets to MarketableSecuritiesNoncurrent" order="5.0" weight="1" />
    <link:loc xlink:type="locator" xlink:href="http://xbrl.fasb.org/us-gaap/2012/elts/us-gaap-2012-01-31.xsd#us-gaap_OtherAssetsNoncurrent" xlink:label="OtherAssetsNoncurrent" xlink:title="OtherAssetsNoncurrent" />
    <link:calculationArc xlink:type="arc" xlink:arcrole="http://www.xbrl.org/2003/arcrole/summation-item" xlink:from="Assets" xlink:to="OtherAssetsNoncurrent" xlink:title="calculation: Assets to OtherAssetsNoncurrent" order="6.0" weight="1" />
    <link:loc xlink:type="locator" xlink:href="http://xbrl.fasb.org/us-gaap/2012/elts/us-gaap-2012-01-31.xsd#us-gaap_LiabilitiesAndStockholdersEquity" xlink:label="LiabilitiesAndStockholdersEquity" xlink:title="LiabilitiesAndStockholdersEquity" />
    <link:loc xlink:type="locator" xlink:href="http://xbrl.fasb.org/us-gaap/2012/elts/us-gaap-2012-01-31.xsd#us-gaap_Liabilities" xlink:label="Liabilities" xlink:title="Liabilities" />
    <link:calculationArc xlink:type="arc" xlink:arcrole="http://www.xbrl.org/2003/arcrole/summation-item" xlink:from="LiabilitiesAndStockholdersEquity" xlink:to="Liabilities" xlink:title="calculation: LiabilitiesAndStockholdersEquity to Liabilities" order="1.0" weight="1" />
    <link:loc xlink:type="locator" xlink:href="http://xbrl.fasb.org/us-gaap/2012/elts/us-gaap-2012-01-31.xsd#us-gaap_LiabilitiesCurrent" xlink:label="LiabilitiesCurrent" xlink:title="LiabilitiesCurrent" />
    <link:calculationArc xlink:type="arc" xlink:arcrole="http://www.xbrl.org/2003/arcrole/summation-item" xlink:from="Liabilities" xlink:to="LiabilitiesCurrent" xlink:title="calculation: Liabilities to LiabilitiesCurrent" order="1.0" weight="1" />
    <link:loc xlink:type="locator" xlink:href="http://xbrl.fasb.org/us-gaap/2012/elts/us-gaap-2012-01-31.xsd#us-gaap_AccountsPayableAndAccruedLiabilitiesCurrent" xlink:label="AccountsPayableAndAccruedLiabilitiesCurrent" xlink:title="AccountsPayableAndAccruedLiabilitiesCurrent" />
    <link:calculationArc xlink:type="arc" xlink:arcrole="http://www.xbrl.org/2003/arcrole/summation-item" xlink:from="LiabilitiesCurrent" xlink:to="AccountsPayableAndAccruedLiabilitiesCurrent" xlink:title="calculation: LiabilitiesCurrent to AccountsPayableAndAccruedLiabilitiesCurrent" order="1.0" weight="1" />
    <link:loc xlink:type="locator" xlink:href="http://xbrl.fasb.org/us-gaap/2012/elts/us-gaap-2012-01-31.xsd#us-gaap_DeferredRevenueCurrent" xlink:label="DeferredRevenueCurrent" xlink:title="DeferredRevenueCurrent" />
    <link:calculationArc xlink:type="arc" xlink:arcrole="http://www.xbrl.org/2003/arcrole/summation-item" xlink:from="LiabilitiesCurrent" xlink:to="DeferredRevenueCurrent" xlink:title="calculation: LiabilitiesCurrent to DeferredRevenueCurrent" order="2.0" weight="1" />
    <link:loc xlink:type="locator" xlink:href="http://xbrl.fasb.org/us-gaap/2012/elts/us-gaap-2012-01-31.xsd#us-gaap_LongTermDebtCurrent" xlink:label="LongTermDebtCurrent" xlink:title="LongTermDebtCurrent" />
    <link:calculationArc xlink:type="arc" xlink:arcrole="http://www.xbrl.org/2003/arcrole/summation-item" xlink:from="LiabilitiesCurrent" xlink:to="LongTermDebtCurrent" xlink:title="calculation: LiabilitiesCurrent to LongTermDebtCurrent" order="3.0" weight="1" />
    <link:loc xlink:type="locator" xlink:href="http://xbrl.fasb.org/us-gaap/2012/elts/us-gaap-2012-01-31.xsd#us-gaap_LongTermDebtNoncurrent" xlink:label="LongTermDebtNoncurrent" xlink:title="LongTermDebtNoncurrent" />
    <link:calculationArc xlink:type="arc" xlink:arcrole="http://www.xbrl.org/2003/arcrole/summation-item" xlink:from="Liabilities" xlink:to="LongTermDebtNoncurrent" xlink:title="calculation: Liabilities to LongTermDebtNoncurrent" order="2.0" weight="1" />
    <link:loc xlink:type="locator" xlink:href="http://xbrl.fasb.org/us-gaap/2012/elts/us-gaap-2012-01-31.xsd#us-gaap_DeferredRevenueNoncurrent" xlink:label="DeferredRevenueNoncurrent" xlink:title="DeferredRevenueNoncurrent" />
    <link:calculationArc xlink:type="arc" xlink:arcrole="http://www.xbrl.org/2003/arcrole/summation-item" xlink:from="Liabilities" xlink:to="DeferredRevenueNoncurrent" xlink:title="calculation: Liabilities to DeferredRevenueNoncurrent" order="3.0" weight="1" />
    <link:loc xlink:type="locator" xlink:href="http://xbrl.fasb.org/us-gaap/2012/elts/us-gaap-2012-01-31.xsd#us-gaap_DeferredTaxLiabilitiesNoncurrent" xlink:label="DeferredTaxLiabilitiesNoncurrent" xlink:title="DeferredTaxLiabilitiesNoncurrent" />
    <link:calculationArc xlink:type="arc" xlink:arcrole="http://www.xbrl.org/2003/arcrole/summation-item" xlink:from="Liabilities" xlink:to="DeferredTaxLiabilitiesNoncurrent" xlink:title="calculation: Liabilities to DeferredTaxLiabilitiesNoncurrent" order="4.0" weight="1" />
    <link:loc xlink:type="locator" xlink:href="http://xbrl.fasb.org/us-gaap/2012/elts/us-gaap-2012-01-31.xsd#us-gaap_OtherLiabilitiesNoncurrent" xlink:label="OtherLiabilitiesNoncurrent" xlink:title="OtherLiabilitiesNoncurrent" />
    <link:calculationArc xlink:type="arc" xlink:arcrole="http://www.xbrl.org/2003/arcrole/summation-item" xlink:from="Liabilities" xlink:to="OtherLiabilitiesNoncurrent" xlink:title="calculation: Liabilities to OtherLiabilitiesNoncurrent" order="5.0" weight="1" />
    <link:loc xlink:type="locator" xlink:href="http://xbrl.fasb.org/us-gaap/2012/elts/us-gaap-2012-01-31.xsd#us-gaap_StockholdersEquity" xlink:label="StockholdersEquity" xlink:title="StockholdersEquity" />
    <link:calculationArc xlink:type="arc" xlink:arcrole="http://www.xbrl.org/2003/arcrole/summation-item" xlink:from="LiabilitiesAndStockholdersEquity" xlink:to="StockholdersEquity" xlink:title="calculation: LiabilitiesAndStockholdersEquity to StockholdersEquity" order="2.0" weight="1" />
    <link:loc xlink:type="locator" xlink:href="http://xbrl.fasb.org/us-gaap/2012/elts/us-gaap-2012-01-31.xsd#us-gaap_PreferredStockValue" xlink:label="PreferredStockValue" xlink:title="PreferredStockValue" />
    <link:calculationArc xlink:type="arc" xlink:arcrole="http://www.xbrl.org/2003/arcrole/summation-item" xlink:from="StockholdersEquity" xlink:to="PreferredStockValue" xlink:title="calculation: StockholdersEquity to PreferredStockValue" order="1.0" weight="1" />
    <link:loc xlink:type="locator" xlink:href="http://xbrl.fasb.org/us-gaap/2012/elts/us-gaap-2012-01-31.xsd#us-gaap_CommonStockValue" xlink:label="CommonStockValue" xlink:title="CommonStockValue" />
    <link:calculationArc xlink:type="arc" xlink:arcrole="http://www.xbrl.org/2003/arcrole/summation-item" xlink:from="StockholdersEquity" xlink:to="CommonStockValue" xlink:title="calculation: StockholdersEquity to CommonStockValue" order="2.0" weight="1" />
    <link:loc xlink:type="locator" xlink:href="http://xbrl.fasb.org/us-gaap/2012/elts/us-gaap-2012-01-31.xsd#us-gaap_TreasuryStockValue" xlink:label="TreasuryStockValue" xlink:title="TreasuryStockValue" />
    <link:calculationArc xlink:type="arc" xlink:arcrole="http://www.xbrl.org/2003/arcrole/summation-item" xlink:from="StockholdersEquity" xlink:to="TreasuryStockValue" xlink:title="calculation: StockholdersEquity to TreasuryStockValue" order="3.0" weight="-1" />
    <link:loc xlink:type="locator" xlink:href="http://xbrl.fasb.org/us-gaap/2012/elts/us-gaap-2012-01-31.xsd#us-gaap_AdditionalPaidInCapitalCommonStock" xlink:label="AdditionalPaidInCapitalCommonStock" xlink:title="AdditionalPaidInCapitalCommonStock" />
    <link:calculationArc xlink:type="arc" xlink:arcrole="http://www.xbrl.org/2003/arcrole/summation-item" xlink:from="StockholdersEquity" xlink:to="AdditionalPaidInCapitalCommonStock" xlink:title="calculation: StockholdersEquity to AdditionalPaidInCapitalCommonStock" order="4.0" weight="1" />
    <link:loc xlink:type="locator" xlink:href="http://xbrl.fasb.org/us-gaap/2012/elts/us-gaap-2012-01-31.xsd#us-gaap_AccumulatedOtherComprehensiveIncomeLossNetOfTax" xlink:label="AccumulatedOtherComprehensiveIncomeLossNetOfTax" xlink:title="AccumulatedOtherComprehensiveIncomeLossNetOfTax" />
    <link:calculationArc xlink:type="arc" xlink:arcrole="http://www.xbrl.org/2003/arcrole/summation-item" xlink:from="StockholdersEquity" xlink:to="AccumulatedOtherComprehensiveIncomeLossNetOfTax" xlink:title="calculation: StockholdersEquity to AccumulatedOtherComprehensiveIncomeLossNetOfTax" order="5.0" weight="1" />
    <link:loc xlink:type="locator" xlink:href="http://xbrl.fasb.org/us-gaap/2012/elts/us-gaap-2012-01-31.xsd#us-gaap_RetainedEarningsAccumulatedDeficit" xlink:label="RetainedEarningsAccumulatedDeficit" xlink:title="RetainedEarningsAccumulatedDeficit" />
    <link:calculationArc xlink:type="arc" xlink:arcrole="http://www.xbrl.org/2003/arcrole/summation-item" xlink:from="StockholdersEquity" xlink:to="RetainedEarningsAccumulatedDeficit" xlink:title="calculation: StockholdersEquity to RetainedEarningsAccumulatedDeficit" order="6.0" weight="1" />
  </link:calculationLink>
  <link:calculationLink xlink:type="extended" xlink:role="http://www.alkermes.com/role/StatementOfIncome">
    <link:loc xlink:type="locator" xlink:href="http://xbrl.fasb.org/us-gaap/2012/elts/us-gaap-2012-01-31.xsd#us-gaap_NetIncomeLossAvailableToCommonStockholdersBasic" xlink:label="NetIncomeLossAvailableToCommonStockholdersBasic" xlink:title="NetIncomeLossAvailableToCommonStockholdersBasic" />
    <link:loc xlink:type="locator" xlink:href="http://xbrl.fasb.org/us-gaap/2012/elts/us-gaap-2012-01-31.xsd#us-gaap_IncomeLossFromContinuingOperationsBeforeIncomeTaxesMinorityInterestAndIncomeLossFromEquityMethodInvestments" xlink:label="IncomeLossFromContinuingOperationsBeforeIncomeTaxesMinorityInterestAndIncomeLossFromEquityMethodInvestments" xlink:title="IncomeLossFromContinuingOperationsBeforeIncomeTaxesMinorityInterestAndIncomeLossFromEquityMethodInvestments" />
    <link:calculationArc xlink:type="arc" xlink:arcrole="http://www.xbrl.org/2003/arcrole/summation-item" xlink:from="NetIncomeLossAvailableToCommonStockholdersBasic" xlink:to="IncomeLossFromContinuingOperationsBeforeIncomeTaxesMinorityInterestAndIncomeLossFromEquityMethodInvestments" xlink:title="calculation: NetIncomeLossAvailableToCommonStockholdersBasic to IncomeLossFromContinuingOperationsBeforeIncomeTaxesMinorityInterestAndIncomeLossFromEquityMethodInvestments" use="optional" order="1.0" weight="1" />
    <link:loc xlink:type="locator" xlink:href="http://xbrl.fasb.org/us-gaap/2012/elts/us-gaap-2012-01-31.xsd#us-gaap_OperatingIncomeLoss" xlink:label="OperatingIncomeLoss" xlink:title="OperatingIncomeLoss" />
    <link:calculationArc xlink:type="arc" xlink:arcrole="http://www.xbrl.org/2003/arcrole/summation-item" xlink:from="IncomeLossFromContinuingOperationsBeforeIncomeTaxesMinorityInterestAndIncomeLossFromEquityMethodInvestments" xlink:to="OperatingIncomeLoss" xlink:title="calculation: IncomeLossFromContinuingOperationsBeforeIncomeTaxesMinorityInterestAndIncomeLossFromEquityMethodInvestments to OperatingIncomeLoss" order="1.0" weight="1" />
    <link:loc xlink:type="locator" xlink:href="http://xbrl.fasb.org/us-gaap/2012/elts/us-gaap-2012-01-31.xsd#us-gaap_SalesRevenueNet" xlink:label="SalesRevenueNet" xlink:title="SalesRevenueNet" />
    <link:calculationArc xlink:type="arc" xlink:arcrole="http://www.xbrl.org/2003/arcrole/summation-item" xlink:from="OperatingIncomeLoss" xlink:to="SalesRevenueNet" xlink:title="calculation: OperatingIncomeLoss to SalesRevenueNet" order="1.0" weight="1" />
    <link:loc xlink:type="locator" xlink:href="alks-20121231.xsd#alks_ManufacturingAndRoyaltyRevenues" xlink:label="ManufacturingAndRoyaltyRevenues" xlink:title="ManufacturingAndRoyaltyRevenues" />
    <link:calculationArc xlink:type="arc" xlink:arcrole="http://www.xbrl.org/2003/arcrole/summation-item" xlink:from="SalesRevenueNet" xlink:to="ManufacturingAndRoyaltyRevenues" xlink:title="calculation: SalesRevenueNet to ManufacturingAndRoyaltyRevenues" order="1.0" weight="1" />
    <link:loc xlink:type="locator" xlink:href="http://xbrl.fasb.org/us-gaap/2012/elts/us-gaap-2012-01-31.xsd#us-gaap_SalesRevenueGoodsNet" xlink:label="SalesRevenueGoodsNet" xlink:title="SalesRevenueGoodsNet" />
    <link:calculationArc xlink:type="arc" xlink:arcrole="http://www.xbrl.org/2003/arcrole/summation-item" xlink:from="SalesRevenueNet" xlink:to="SalesRevenueGoodsNet" xlink:title="calculation: SalesRevenueNet to SalesRevenueGoodsNet" order="2.0" weight="1" />
    <link:loc xlink:type="locator" xlink:href="http://xbrl.fasb.org/us-gaap/2012/elts/us-gaap-2012-01-31.xsd#us-gaap_ContractsRevenue" xlink:label="ContractsRevenue" xlink:title="ContractsRevenue" />
    <link:calculationArc xlink:type="arc" xlink:arcrole="http://www.xbrl.org/2003/arcrole/summation-item" xlink:from="SalesRevenueNet" xlink:to="ContractsRevenue" xlink:title="calculation: SalesRevenueNet to ContractsRevenue" order="3.0" weight="1" />
    <link:loc xlink:type="locator" xlink:href="http://xbrl.fasb.org/us-gaap/2012/elts/us-gaap-2012-01-31.xsd#us-gaap_CostsAndExpenses" xlink:label="CostsAndExpenses" xlink:title="CostsAndExpenses" />
    <link:calculationArc xlink:type="arc" xlink:arcrole="http://www.xbrl.org/2003/arcrole/summation-item" xlink:from="OperatingIncomeLoss" xlink:to="CostsAndExpenses" xlink:title="calculation: OperatingIncomeLoss to CostsAndExpenses" order="2.0" weight="-1" />
    <link:loc xlink:type="locator" xlink:href="http://xbrl.fasb.org/us-gaap/2012/elts/us-gaap-2012-01-31.xsd#us-gaap_CostOfGoodsSold" xlink:label="CostOfGoodsSold" xlink:title="CostOfGoodsSold" />
    <link:calculationArc xlink:type="arc" xlink:arcrole="http://www.xbrl.org/2003/arcrole/summation-item" xlink:from="CostsAndExpenses" xlink:to="CostOfGoodsSold" xlink:title="calculation: CostsAndExpenses to CostOfGoodsSold" order="1.0" weight="1" />
    <link:loc xlink:type="locator" xlink:href="http://xbrl.fasb.org/us-gaap/2012/elts/us-gaap-2012-01-31.xsd#us-gaap_ResearchAndDevelopmentExpense" xlink:label="ResearchAndDevelopmentExpense" xlink:title="ResearchAndDevelopmentExpense" />
    <link:calculationArc xlink:type="arc" xlink:arcrole="http://www.xbrl.org/2003/arcrole/summation-item" xlink:from="CostsAndExpenses" xlink:to="ResearchAndDevelopmentExpense" xlink:title="calculation: CostsAndExpenses to ResearchAndDevelopmentExpense" order="2.0" weight="1" />
    <link:loc xlink:type="locator" xlink:href="http://xbrl.fasb.org/us-gaap/2012/elts/us-gaap-2012-01-31.xsd#us-gaap_SellingGeneralAndAdministrativeExpense" xlink:label="SellingGeneralAndAdministrativeExpense" xlink:title="SellingGeneralAndAdministrativeExpense" />
    <link:calculationArc xlink:type="arc" xlink:arcrole="http://www.xbrl.org/2003/arcrole/summation-item" xlink:from="CostsAndExpenses" xlink:to="SellingGeneralAndAdministrativeExpense" xlink:title="calculation: CostsAndExpenses to SellingGeneralAndAdministrativeExpense" order="3.0" weight="1" />
    <link:loc xlink:type="locator" xlink:href="http://xbrl.fasb.org/us-gaap/2012/elts/us-gaap-2012-01-31.xsd#us-gaap_AmortizationOfIntangibleAssets" xlink:label="AmortizationOfIntangibleAssets" xlink:title="AmortizationOfIntangibleAssets" />
    <link:calculationArc xlink:type="arc" xlink:arcrole="http://www.xbrl.org/2003/arcrole/summation-item" xlink:from="CostsAndExpenses" xlink:to="AmortizationOfIntangibleAssets" xlink:title="calculation: CostsAndExpenses to AmortizationOfIntangibleAssets" order="4.0" weight="1" />
    <link:loc xlink:type="locator" xlink:href="http://xbrl.fasb.org/us-gaap/2012/elts/us-gaap-2012-01-31.xsd#us-gaap_NonoperatingIncomeExpense" xlink:label="NonoperatingIncomeExpense" xlink:title="NonoperatingIncomeExpense" />
    <link:calculationArc xlink:type="arc" xlink:arcrole="http://www.xbrl.org/2003/arcrole/summation-item" xlink:from="IncomeLossFromContinuingOperationsBeforeIncomeTaxesMinorityInterestAndIncomeLossFromEquityMethodInvestments" xlink:to="NonoperatingIncomeExpense" xlink:title="calculation: IncomeLossFromContinuingOperationsBeforeIncomeTaxesMinorityInterestAndIncomeLossFromEquityMethodInvestments to NonoperatingIncomeExpense" order="2.0" weight="1" />
    <link:loc xlink:type="locator" xlink:href="http://xbrl.fasb.org/us-gaap/2012/elts/us-gaap-2012-01-31.xsd#us-gaap_InvestmentIncomeInterest" xlink:label="InvestmentIncomeInterest" xlink:title="InvestmentIncomeInterest" />
    <link:calculationArc xlink:type="arc" xlink:arcrole="http://www.xbrl.org/2003/arcrole/summation-item" xlink:from="NonoperatingIncomeExpense" xlink:to="InvestmentIncomeInterest" xlink:title="calculation: NonoperatingIncomeExpense to InvestmentIncomeInterest" use="optional" order="1.0" weight="1" />
    <link:loc xlink:type="locator" xlink:href="http://xbrl.fasb.org/us-gaap/2012/elts/us-gaap-2012-01-31.xsd#us-gaap_InterestExpense" xlink:label="InterestExpense" xlink:title="InterestExpense" />
    <link:calculationArc xlink:type="arc" xlink:arcrole="http://www.xbrl.org/2003/arcrole/summation-item" xlink:from="NonoperatingIncomeExpense" xlink:to="InterestExpense" xlink:title="calculation: NonoperatingIncomeExpense to InterestExpense" use="optional" order="2.0" weight="-1" />
    <link:loc xlink:type="locator" xlink:href="http://xbrl.fasb.org/us-gaap/2012/elts/us-gaap-2012-01-31.xsd#us-gaap_OtherNonoperatingIncomeExpense" xlink:label="OtherNonoperatingIncomeExpense" xlink:title="OtherNonoperatingIncomeExpense" />
    <link:calculationArc xlink:type="arc" xlink:arcrole="http://www.xbrl.org/2003/arcrole/summation-item" xlink:from="NonoperatingIncomeExpense" xlink:to="OtherNonoperatingIncomeExpense" xlink:title="calculation: NonoperatingIncomeExpense to OtherNonoperatingIncomeExpense" use="optional" order="3.0" weight="1" />
    <link:loc xlink:type="locator" xlink:href="http://xbrl.fasb.org/us-gaap/2012/elts/us-gaap-2012-01-31.xsd#us-gaap_IncomeTaxExpenseBenefit" xlink:label="IncomeTaxExpenseBenefit" xlink:title="IncomeTaxExpenseBenefit" />
    <link:calculationArc xlink:type="arc" xlink:arcrole="http://www.xbrl.org/2003/arcrole/summation-item" xlink:from="NetIncomeLossAvailableToCommonStockholdersBasic" xlink:to="IncomeTaxExpenseBenefit" xlink:title="calculation: NetIncomeLossAvailableToCommonStockholdersBasic to IncomeTaxExpenseBenefit" use="optional" order="2.0" weight="-1" />
  </link:calculationLink>
  <link:calculationLink xlink:type="extended" xlink:role="http://www.alkermes.com/role/StatementOfIncomeCalc2">
    <link:loc xlink:type="locator" xlink:href="http://xbrl.fasb.org/us-gaap/2012/elts/us-gaap-2012-01-31.xsd#us-gaap_ComprehensiveIncomeNetOfTax" xlink:label="ComprehensiveIncomeNetOfTax" xlink:title="ComprehensiveIncomeNetOfTax" />
    <link:loc xlink:type="locator" xlink:href="http://xbrl.fasb.org/us-gaap/2012/elts/us-gaap-2012-01-31.xsd#us-gaap_NetIncomeLossAvailableToCommonStockholdersBasic" xlink:label="NetIncomeLossAvailableToCommonStockholdersBasic" xlink:title="NetIncomeLossAvailableToCommonStockholdersBasic" />
    <link:calculationArc xlink:type="arc" xlink:arcrole="http://www.xbrl.org/2003/arcrole/summation-item" xlink:from="ComprehensiveIncomeNetOfTax" xlink:to="NetIncomeLossAvailableToCommonStockholdersBasic" xlink:title="calculation: ComprehensiveIncomeNetOfTax to NetIncomeLossAvailableToCommonStockholdersBasic" order="1.0" weight="1" />
    <link:loc xlink:type="locator" xlink:href="http://xbrl.fasb.org/us-gaap/2012/elts/us-gaap-2012-01-31.xsd#us-gaap_OtherComprehensiveIncomeAvailableforsaleSecuritiesAdjustmentNetOfTaxPortionAttributableToParent" xlink:label="OtherComprehensiveIncomeAvailableforsaleSecuritiesAdjustmentNetOfTaxPortionAttributableToParent" xlink:title="OtherComprehensiveIncomeAvailableforsaleSecuritiesAdjustmentNetOfTaxPortionAttributableToParent" />
    <link:calculationArc xlink:type="arc" xlink:arcrole="http://www.xbrl.org/2003/arcrole/summation-item" xlink:from="ComprehensiveIncomeNetOfTax" xlink:to="OtherComprehensiveIncomeAvailableforsaleSecuritiesAdjustmentNetOfTaxPortionAttributableToParent" xlink:title="calculation: ComprehensiveIncomeNetOfTax to OtherComprehensiveIncomeAvailableforsaleSecuritiesAdjustmentNetOfTaxPortionAttributableToParent" order="2.0" weight="1" />
    <link:loc xlink:type="locator" xlink:href="http://xbrl.fasb.org/us-gaap/2012/elts/us-gaap-2012-01-31.xsd#us-gaap_OtherComprehensiveIncomeUnrealizedHoldingGainLossOnSecuritiesArisingDuringPeriodNetOfTax" xlink:label="OtherComprehensiveIncomeUnrealizedHoldingGainLossOnSecuritiesArisingDuringPeriodNetOfTax" xlink:title="OtherComprehensiveIncomeUnrealizedHoldingGainLossOnSecuritiesArisingDuringPeriodNetOfTax" />
    <link:calculationArc xlink:type="arc" xlink:arcrole="http://www.xbrl.org/2003/arcrole/summation-item" xlink:from="OtherComprehensiveIncomeAvailableforsaleSecuritiesAdjustmentNetOfTaxPortionAttributableToParent" xlink:to="OtherComprehensiveIncomeUnrealizedHoldingGainLossOnSecuritiesArisingDuringPeriodNetOfTax" xlink:title="calculation: OtherComprehensiveIncomeAvailableforsaleSecuritiesAdjustmentNetOfTaxPortionAttributableToParent to OtherComprehensiveIncomeUnrealizedHoldingGainLossOnSecuritiesArisingDuringPeriodNetOfTax" use="optional" order="1.0" weight="1" />
    <link:loc xlink:type="locator" xlink:href="http://xbrl.fasb.org/us-gaap/2012/elts/us-gaap-2012-01-31.xsd#us-gaap_OtherComprehensiveIncomeLossReclassificationAdjustmentForSaleOfSecuritiesIncludedInNetIncomeTax" xlink:label="OtherComprehensiveIncomeLossReclassificationAdjustmentForSaleOfSecuritiesIncludedInNetIncomeTax" xlink:title="OtherComprehensiveIncomeLossReclassificationAdjustmentForSaleOfSecuritiesIncludedInNetIncomeTax" />
    <link:calculationArc xlink:type="arc" xlink:arcrole="http://www.xbrl.org/2003/arcrole/summation-item" xlink:from="OtherComprehensiveIncomeAvailableforsaleSecuritiesAdjustmentNetOfTaxPortionAttributableToParent" xlink:to="OtherComprehensiveIncomeLossReclassificationAdjustmentForSaleOfSecuritiesIncludedInNetIncomeTax" xlink:title="calculation: OtherComprehensiveIncomeAvailableforsaleSecuritiesAdjustmentNetOfTaxPortionAttributableToParent to OtherComprehensiveIncomeLossReclassificationAdjustmentForSaleOfSecuritiesIncludedInNetIncomeTax" use="optional" order="2.0" weight="-1" />
    <link:loc xlink:type="locator" xlink:href="http://xbrl.fasb.org/us-gaap/2012/elts/us-gaap-2012-01-31.xsd#us-gaap_OtherComprehensiveIncomeLossDerivativesQualifyingAsHedgesNetOfTax" xlink:label="OtherComprehensiveIncomeLossDerivativesQualifyingAsHedgesNetOfTax" xlink:title="OtherComprehensiveIncomeLossDerivativesQualifyingAsHedgesNetOfTax" />
    <link:calculationArc xlink:type="arc" xlink:arcrole="http://www.xbrl.org/2003/arcrole/summation-item" xlink:from="ComprehensiveIncomeNetOfTax" xlink:to="OtherComprehensiveIncomeLossDerivativesQualifyingAsHedgesNetOfTax" xlink:title="calculation: ComprehensiveIncomeNetOfTax to OtherComprehensiveIncomeLossDerivativesQualifyingAsHedgesNetOfTax" use="optional" order="3.0" weight="1" />
    <link:loc xlink:type="locator" xlink:href="http://xbrl.fasb.org/us-gaap/2012/elts/us-gaap-2012-01-31.xsd#us-gaap_OtherComprehensiveIncomeUnrealizedGainLossOnDerivativesArisingDuringPeriodNetOfTax" xlink:label="OtherComprehensiveIncomeUnrealizedGainLossOnDerivativesArisingDuringPeriodNetOfTax" xlink:title="OtherComprehensiveIncomeUnrealizedGainLossOnDerivativesArisingDuringPeriodNetOfTax" />
    <link:calculationArc xlink:type="arc" xlink:arcrole="http://www.xbrl.org/2003/arcrole/summation-item" xlink:from="OtherComprehensiveIncomeLossDerivativesQualifyingAsHedgesNetOfTax" xlink:to="OtherComprehensiveIncomeUnrealizedGainLossOnDerivativesArisingDuringPeriodNetOfTax" xlink:title="calculation: OtherComprehensiveIncomeLossDerivativesQualifyingAsHedgesNetOfTax to OtherComprehensiveIncomeUnrealizedGainLossOnDerivativesArisingDuringPeriodNetOfTax" use="optional" order="1.0" weight="1" />
    <link:loc xlink:type="locator" xlink:href="http://xbrl.fasb.org/us-gaap/2012/elts/us-gaap-2012-01-31.xsd#us-gaap_OtherComprehensiveIncomeLossReclassificationAdjustmentOnDerivativesIncludedInNetIncomeNetOfTax" xlink:label="OtherComprehensiveIncomeLossReclassificationAdjustmentOnDerivativesIncludedInNetIncomeNetOfTax" xlink:title="OtherComprehensiveIncomeLossReclassificationAdjustmentOnDerivativesIncludedInNetIncomeNetOfTax" />
    <link:calculationArc xlink:type="arc" xlink:arcrole="http://www.xbrl.org/2003/arcrole/summation-item" xlink:from="OtherComprehensiveIncomeLossDerivativesQualifyingAsHedgesNetOfTax" xlink:to="OtherComprehensiveIncomeLossReclassificationAdjustmentOnDerivativesIncludedInNetIncomeNetOfTax" xlink:title="calculation: OtherComprehensiveIncomeLossDerivativesQualifyingAsHedgesNetOfTax to OtherComprehensiveIncomeLossReclassificationAdjustmentOnDerivativesIncludedInNetIncomeNetOfTax" use="optional" order="2.0" weight="1" />
  </link:calculationLink>
  <link:calculationLink xlink:type="extended" xlink:role="http://www.alkermes.com/role/CashFlows">
    <link:loc xlink:type="locator" xlink:href="http://xbrl.fasb.org/us-gaap/2012/elts/us-gaap-2012-01-31.xsd#us-gaap_NetCashProvidedByUsedInContinuingOperations" xlink:label="NetCashProvidedByUsedInContinuingOperations" xlink:title="NetCashProvidedByUsedInContinuingOperations" />
    <link:loc xlink:type="locator" xlink:href="http://xbrl.fasb.org/us-gaap/2012/elts/us-gaap-2012-01-31.xsd#us-gaap_NetCashProvidedByUsedInOperatingActivitiesContinuingOperations" xlink:label="NetCashProvidedByUsedInOperatingActivitiesContinuingOperations" xlink:title="NetCashProvidedByUsedInOperatingActivitiesContinuingOperations" />
    <link:calculationArc xlink:type="arc" xlink:arcrole="http://www.xbrl.org/2003/arcrole/summation-item" xlink:from="NetCashProvidedByUsedInContinuingOperations" xlink:to="NetCashProvidedByUsedInOperatingActivitiesContinuingOperations" xlink:title="calculation: NetCashProvidedByUsedInContinuingOperations to NetCashProvidedByUsedInOperatingActivitiesContinuingOperations" order="1.0" weight="1" />
    <link:loc xlink:type="locator" xlink:href="http://xbrl.fasb.org/us-gaap/2012/elts/us-gaap-2012-01-31.xsd#us-gaap_NetIncomeLossAvailableToCommonStockholdersBasic" xlink:label="NetIncomeLossAvailableToCommonStockholdersBasic" xlink:title="NetIncomeLossAvailableToCommonStockholdersBasic" />
    <link:calculationArc xlink:type="arc" xlink:arcrole="http://www.xbrl.org/2003/arcrole/summation-item" xlink:from="NetCashProvidedByUsedInOperatingActivitiesContinuingOperations" xlink:to="NetIncomeLossAvailableToCommonStockholdersBasic" xlink:title="calculation: NetCashProvidedByUsedInOperatingActivitiesContinuingOperations to NetIncomeLossAvailableToCommonStockholdersBasic" use="optional" order="1.0" weight="1" />
    <link:loc xlink:type="locator" xlink:href="http://xbrl.fasb.org/us-gaap/2012/elts/us-gaap-2012-01-31.xsd#us-gaap_DepreciationDepletionAndAmortization" xlink:label="DepreciationDepletionAndAmortization" xlink:title="DepreciationDepletionAndAmortization" />
    <link:calculationArc xlink:type="arc" xlink:arcrole="http://www.xbrl.org/2003/arcrole/summation-item" xlink:from="NetCashProvidedByUsedInOperatingActivitiesContinuingOperations" xlink:to="DepreciationDepletionAndAmortization" xlink:title="calculation: NetCashProvidedByUsedInOperatingActivitiesContinuingOperations to DepreciationDepletionAndAmortization" use="optional" order="2.0" weight="1" />
    <link:loc xlink:type="locator" xlink:href="http://xbrl.fasb.org/us-gaap/2012/elts/us-gaap-2012-01-31.xsd#us-gaap_ShareBasedCompensation" xlink:label="ShareBasedCompensation" xlink:title="ShareBasedCompensation" />
    <link:calculationArc xlink:type="arc" xlink:arcrole="http://www.xbrl.org/2003/arcrole/summation-item" xlink:from="NetCashProvidedByUsedInOperatingActivitiesContinuingOperations" xlink:to="ShareBasedCompensation" xlink:title="calculation: NetCashProvidedByUsedInOperatingActivitiesContinuingOperations to ShareBasedCompensation" use="optional" order="3.0" weight="1" />
    <link:loc xlink:type="locator" xlink:href="http://xbrl.fasb.org/us-gaap/2012/elts/us-gaap-2012-01-31.xsd#us-gaap_DeferredIncomeTaxExpenseBenefit" xlink:label="DeferredIncomeTaxExpenseBenefit" xlink:title="DeferredIncomeTaxExpenseBenefit" />
    <link:calculationArc xlink:type="arc" xlink:arcrole="http://www.xbrl.org/2003/arcrole/summation-item" xlink:from="NetCashProvidedByUsedInOperatingActivitiesContinuingOperations" xlink:to="DeferredIncomeTaxExpenseBenefit" xlink:title="calculation: NetCashProvidedByUsedInOperatingActivitiesContinuingOperations to DeferredIncomeTaxExpenseBenefit" use="optional" order="4.0" weight="1" />
    <link:loc xlink:type="locator" xlink:href="http://xbrl.fasb.org/us-gaap/2012/elts/us-gaap-2012-01-31.xsd#us-gaap_ExcessTaxBenefitFromShareBasedCompensationOperatingActivities" xlink:label="ExcessTaxBenefitFromShareBasedCompensationOperatingActivities" xlink:title="ExcessTaxBenefitFromShareBasedCompensationOperatingActivities" />
    <link:calculationArc xlink:type="arc" xlink:arcrole="http://www.xbrl.org/2003/arcrole/summation-item" xlink:from="NetCashProvidedByUsedInOperatingActivitiesContinuingOperations" xlink:to="ExcessTaxBenefitFromShareBasedCompensationOperatingActivities" xlink:title="calculation: NetCashProvidedByUsedInOperatingActivitiesContinuingOperations to ExcessTaxBenefitFromShareBasedCompensationOperatingActivities" use="optional" order="5.0" weight="-1" />
    <link:loc xlink:type="locator" xlink:href="http://xbrl.fasb.org/us-gaap/2012/elts/us-gaap-2012-01-31.xsd#us-gaap_GainsLossesOnExtinguishmentOfDebt" xlink:label="GainsLossesOnExtinguishmentOfDebt" xlink:title="GainsLossesOnExtinguishmentOfDebt" />
    <link:calculationArc xlink:type="arc" xlink:arcrole="http://www.xbrl.org/2003/arcrole/summation-item" xlink:from="NetCashProvidedByUsedInOperatingActivitiesContinuingOperations" xlink:to="GainsLossesOnExtinguishmentOfDebt" xlink:title="calculation: NetCashProvidedByUsedInOperatingActivitiesContinuingOperations to GainsLossesOnExtinguishmentOfDebt" use="optional" order="6.0" weight="-1" />
    <link:loc xlink:type="locator" xlink:href="alks-20121231.xsd#alks_PrepaymentOfPenaltyOnDebtRefinancing" xlink:label="PrepaymentOfPenaltyOnDebtRefinancing" xlink:title="PrepaymentOfPenaltyOnDebtRefinancing" />
    <link:calculationArc xlink:type="arc" xlink:arcrole="http://www.xbrl.org/2003/arcrole/summation-item" xlink:from="NetCashProvidedByUsedInOperatingActivitiesContinuingOperations" xlink:to="PrepaymentOfPenaltyOnDebtRefinancing" xlink:title="calculation: NetCashProvidedByUsedInOperatingActivitiesContinuingOperations to PrepaymentOfPenaltyOnDebtRefinancing" use="optional" order="7.0" weight="-1" />
    <link:loc xlink:type="locator" xlink:href="alks-20121231.xsd#alks_PaymentOfInstrumentPrincipalAttributableToOriginalIssueDiscount" xlink:label="PaymentOfInstrumentPrincipalAttributableToOriginalIssueDiscount" xlink:title="PaymentOfInstrumentPrincipalAttributableToOriginalIssueDiscount" />
    <link:calculationArc xlink:type="arc" xlink:arcrole="http://www.xbrl.org/2003/arcrole/summation-item" xlink:from="NetCashProvidedByUsedInOperatingActivitiesContinuingOperations" xlink:to="PaymentOfInstrumentPrincipalAttributableToOriginalIssueDiscount" xlink:title="calculation: NetCashProvidedByUsedInOperatingActivitiesContinuingOperations to PaymentOfInstrumentPrincipalAttributableToOriginalIssueDiscount" use="optional" order="8.0" weight="-1" />
    <link:loc xlink:type="locator" xlink:href="http://xbrl.fasb.org/us-gaap/2012/elts/us-gaap-2012-01-31.xsd#us-gaap_OtherNoncashExpense" xlink:label="OtherNoncashExpense" xlink:title="OtherNoncashExpense" />
    <link:calculationArc xlink:type="arc" xlink:arcrole="http://www.xbrl.org/2003/arcrole/summation-item" xlink:from="NetCashProvidedByUsedInOperatingActivitiesContinuingOperations" xlink:to="OtherNoncashExpense" xlink:title="calculation: NetCashProvidedByUsedInOperatingActivitiesContinuingOperations to OtherNoncashExpense" use="optional" order="9.0" weight="1" />
    <link:loc xlink:type="locator" xlink:href="http://xbrl.fasb.org/us-gaap/2012/elts/us-gaap-2012-01-31.xsd#us-gaap_IncreaseDecreaseInReceivables" xlink:label="IncreaseDecreaseInReceivables" xlink:title="IncreaseDecreaseInReceivables" />
    <link:calculationArc xlink:type="arc" xlink:arcrole="http://www.xbrl.org/2003/arcrole/summation-item" xlink:from="NetCashProvidedByUsedInOperatingActivitiesContinuingOperations" xlink:to="IncreaseDecreaseInReceivables" xlink:title="calculation: NetCashProvidedByUsedInOperatingActivitiesContinuingOperations to IncreaseDecreaseInReceivables" use="optional" order="10.0" weight="-1" />
    <link:loc xlink:type="locator" xlink:href="alks-20121231.xsd#alks_IncreaseDecreaseInInventoryPrepaidExpensesAndOtherAssets" xlink:label="IncreaseDecreaseInInventoryPrepaidExpensesAndOtherAssets" xlink:title="IncreaseDecreaseInInventoryPrepaidExpensesAndOtherAssets" />
    <link:calculationArc xlink:type="arc" xlink:arcrole="http://www.xbrl.org/2003/arcrole/summation-item" xlink:from="NetCashProvidedByUsedInOperatingActivitiesContinuingOperations" xlink:to="IncreaseDecreaseInInventoryPrepaidExpensesAndOtherAssets" xlink:title="calculation: NetCashProvidedByUsedInOperatingActivitiesContinuingOperations to IncreaseDecreaseInInventoryPrepaidExpensesAndOtherAssets" use="optional" order="11.0" weight="-1" />
    <link:loc xlink:type="locator" xlink:href="http://xbrl.fasb.org/us-gaap/2012/elts/us-gaap-2012-01-31.xsd#us-gaap_IncreaseDecreaseInAccountsPayableAndAccruedLiabilities" xlink:label="IncreaseDecreaseInAccountsPayableAndAccruedLiabilities" xlink:title="IncreaseDecreaseInAccountsPayableAndAccruedLiabilities" />
    <link:calculationArc xlink:type="arc" xlink:arcrole="http://www.xbrl.org/2003/arcrole/summation-item" xlink:from="NetCashProvidedByUsedInOperatingActivitiesContinuingOperations" xlink:to="IncreaseDecreaseInAccountsPayableAndAccruedLiabilities" xlink:title="calculation: NetCashProvidedByUsedInOperatingActivitiesContinuingOperations to IncreaseDecreaseInAccountsPayableAndAccruedLiabilities" use="optional" order="12.0" weight="1" />
    <link:loc xlink:type="locator" xlink:href="http://xbrl.fasb.org/us-gaap/2012/elts/us-gaap-2012-01-31.xsd#us-gaap_IncreaseDecreaseInDeferredRevenue" xlink:label="IncreaseDecreaseInDeferredRevenue" xlink:title="IncreaseDecreaseInDeferredRevenue" />
    <link:calculationArc xlink:type="arc" xlink:arcrole="http://www.xbrl.org/2003/arcrole/summation-item" xlink:from="NetCashProvidedByUsedInOperatingActivitiesContinuingOperations" xlink:to="IncreaseDecreaseInDeferredRevenue" xlink:title="calculation: NetCashProvidedByUsedInOperatingActivitiesContinuingOperations to IncreaseDecreaseInDeferredRevenue" use="optional" order="13.0" weight="1" />
    <link:loc xlink:type="locator" xlink:href="http://xbrl.fasb.org/us-gaap/2012/elts/us-gaap-2012-01-31.xsd#us-gaap_IncreaseDecreaseInOtherOperatingLiabilities" xlink:label="IncreaseDecreaseInOtherOperatingLiabilities" xlink:title="IncreaseDecreaseInOtherOperatingLiabilities" />
    <link:calculationArc xlink:type="arc" xlink:arcrole="http://www.xbrl.org/2003/arcrole/summation-item" xlink:from="NetCashProvidedByUsedInOperatingActivitiesContinuingOperations" xlink:to="IncreaseDecreaseInOtherOperatingLiabilities" xlink:title="calculation: NetCashProvidedByUsedInOperatingActivitiesContinuingOperations to IncreaseDecreaseInOtherOperatingLiabilities" use="optional" order="14.0" weight="1" />
    <link:loc xlink:type="locator" xlink:href="http://xbrl.fasb.org/us-gaap/2012/elts/us-gaap-2012-01-31.xsd#us-gaap_NetCashProvidedByUsedInInvestingActivitiesContinuingOperations" xlink:label="NetCashProvidedByUsedInInvestingActivitiesContinuingOperations" xlink:title="NetCashProvidedByUsedInInvestingActivitiesContinuingOperations" />
    <link:calculationArc xlink:type="arc" xlink:arcrole="http://www.xbrl.org/2003/arcrole/summation-item" xlink:from="NetCashProvidedByUsedInContinuingOperations" xlink:to="NetCashProvidedByUsedInInvestingActivitiesContinuingOperations" xlink:title="calculation: NetCashProvidedByUsedInContinuingOperations to NetCashProvidedByUsedInInvestingActivitiesContinuingOperations" order="2.0" weight="1" />
    <link:loc xlink:type="locator" xlink:href="http://xbrl.fasb.org/us-gaap/2012/elts/us-gaap-2012-01-31.xsd#us-gaap_PaymentsToAcquirePropertyPlantAndEquipment" xlink:label="PaymentsToAcquirePropertyPlantAndEquipment" xlink:title="PaymentsToAcquirePropertyPlantAndEquipment" />
    <link:calculationArc xlink:type="arc" xlink:arcrole="http://www.xbrl.org/2003/arcrole/summation-item" xlink:from="NetCashProvidedByUsedInInvestingActivitiesContinuingOperations" xlink:to="PaymentsToAcquirePropertyPlantAndEquipment" xlink:title="calculation: NetCashProvidedByUsedInInvestingActivitiesContinuingOperations to PaymentsToAcquirePropertyPlantAndEquipment" use="optional" order="1.0" weight="-1" />
    <link:loc xlink:type="locator" xlink:href="http://xbrl.fasb.org/us-gaap/2012/elts/us-gaap-2012-01-31.xsd#us-gaap_ProceedsFromSaleOfPropertyPlantAndEquipment" xlink:label="ProceedsFromSaleOfPropertyPlantAndEquipment" xlink:title="ProceedsFromSaleOfPropertyPlantAndEquipment" />
    <link:calculationArc xlink:type="arc" xlink:arcrole="http://www.xbrl.org/2003/arcrole/summation-item" xlink:from="NetCashProvidedByUsedInInvestingActivitiesContinuingOperations" xlink:to="ProceedsFromSaleOfPropertyPlantAndEquipment" xlink:title="calculation: NetCashProvidedByUsedInInvestingActivitiesContinuingOperations to ProceedsFromSaleOfPropertyPlantAndEquipment" use="optional" order="2.0" weight="1" />
    <link:loc xlink:type="locator" xlink:href="http://xbrl.fasb.org/us-gaap/2012/elts/us-gaap-2012-01-31.xsd#us-gaap_PaymentsToAcquireNotesReceivable" xlink:label="PaymentsToAcquireNotesReceivable" xlink:title="PaymentsToAcquireNotesReceivable" />
    <link:calculationArc xlink:type="arc" xlink:arcrole="http://www.xbrl.org/2003/arcrole/summation-item" xlink:from="NetCashProvidedByUsedInInvestingActivitiesContinuingOperations" xlink:to="PaymentsToAcquireNotesReceivable" xlink:title="calculation: NetCashProvidedByUsedInInvestingActivitiesContinuingOperations to PaymentsToAcquireNotesReceivable" use="optional" order="3.0" weight="-1" />
    <link:loc xlink:type="locator" xlink:href="http://xbrl.fasb.org/us-gaap/2012/elts/us-gaap-2012-01-31.xsd#us-gaap_PaymentsToAcquireBusinessesNetOfCashAcquired" xlink:label="PaymentsToAcquireBusinessesNetOfCashAcquired" xlink:title="PaymentsToAcquireBusinessesNetOfCashAcquired" />
    <link:calculationArc xlink:type="arc" xlink:arcrole="http://www.xbrl.org/2003/arcrole/summation-item" xlink:from="NetCashProvidedByUsedInInvestingActivitiesContinuingOperations" xlink:to="PaymentsToAcquireBusinessesNetOfCashAcquired" xlink:title="calculation: NetCashProvidedByUsedInInvestingActivitiesContinuingOperations to PaymentsToAcquireBusinessesNetOfCashAcquired" use="optional" order="4.0" weight="-1" />
    <link:loc xlink:type="locator" xlink:href="http://xbrl.fasb.org/us-gaap/2012/elts/us-gaap-2012-01-31.xsd#us-gaap_PaymentsToAcquireOtherInvestments" xlink:label="PaymentsToAcquireOtherInvestments" xlink:title="PaymentsToAcquireOtherInvestments" />
    <link:calculationArc xlink:type="arc" xlink:arcrole="http://www.xbrl.org/2003/arcrole/summation-item" xlink:from="NetCashProvidedByUsedInInvestingActivitiesContinuingOperations" xlink:to="PaymentsToAcquireOtherInvestments" xlink:title="calculation: NetCashProvidedByUsedInInvestingActivitiesContinuingOperations to PaymentsToAcquireOtherInvestments" use="optional" order="5.0" weight="-1" />
    <link:loc xlink:type="locator" xlink:href="http://xbrl.fasb.org/us-gaap/2012/elts/us-gaap-2012-01-31.xsd#us-gaap_PaymentsToAcquireMarketableSecurities" xlink:label="PaymentsToAcquireMarketableSecurities" xlink:title="PaymentsToAcquireMarketableSecurities" />
    <link:calculationArc xlink:type="arc" xlink:arcrole="http://www.xbrl.org/2003/arcrole/summation-item" xlink:from="NetCashProvidedByUsedInInvestingActivitiesContinuingOperations" xlink:to="PaymentsToAcquireMarketableSecurities" xlink:title="calculation: NetCashProvidedByUsedInInvestingActivitiesContinuingOperations to PaymentsToAcquireMarketableSecurities" use="optional" order="6.0" weight="-1" />
    <link:loc xlink:type="locator" xlink:href="http://xbrl.fasb.org/us-gaap/2012/elts/us-gaap-2012-01-31.xsd#us-gaap_ProceedsFromSaleAndMaturityOfMarketableSecurities" xlink:label="ProceedsFromSaleAndMaturityOfMarketableSecurities" xlink:title="ProceedsFromSaleAndMaturityOfMarketableSecurities" />
    <link:calculationArc xlink:type="arc" xlink:arcrole="http://www.xbrl.org/2003/arcrole/summation-item" xlink:from="NetCashProvidedByUsedInInvestingActivitiesContinuingOperations" xlink:to="ProceedsFromSaleAndMaturityOfMarketableSecurities" xlink:title="calculation: NetCashProvidedByUsedInInvestingActivitiesContinuingOperations to ProceedsFromSaleAndMaturityOfMarketableSecurities" use="optional" order="7.0" weight="1" />
    <link:loc xlink:type="locator" xlink:href="http://xbrl.fasb.org/us-gaap/2012/elts/us-gaap-2012-01-31.xsd#us-gaap_NetCashProvidedByUsedInFinancingActivitiesContinuingOperations" xlink:label="NetCashProvidedByUsedInFinancingActivitiesContinuingOperations" xlink:title="NetCashProvidedByUsedInFinancingActivitiesContinuingOperations" />
    <link:calculationArc xlink:type="arc" xlink:arcrole="http://www.xbrl.org/2003/arcrole/summation-item" xlink:from="NetCashProvidedByUsedInContinuingOperations" xlink:to="NetCashProvidedByUsedInFinancingActivitiesContinuingOperations" xlink:title="calculation: NetCashProvidedByUsedInContinuingOperations to NetCashProvidedByUsedInFinancingActivitiesContinuingOperations" order="3.0" weight="1" />
    <link:loc xlink:type="locator" xlink:href="http://xbrl.fasb.org/us-gaap/2012/elts/us-gaap-2012-01-31.xsd#us-gaap_ProceedsFromIssuanceOfSharesUnderIncentiveAndShareBasedCompensationPlansIncludingStockOptions" xlink:label="ProceedsFromIssuanceOfSharesUnderIncentiveAndShareBasedCompensationPlansIncludingStockOptions" xlink:title="ProceedsFromIssuanceOfSharesUnderIncentiveAndShareBasedCompensationPlansIncludingStockOptions" />
    <link:calculationArc xlink:type="arc" xlink:arcrole="http://www.xbrl.org/2003/arcrole/summation-item" xlink:from="NetCashProvidedByUsedInFinancingActivitiesContinuingOperations" xlink:to="ProceedsFromIssuanceOfSharesUnderIncentiveAndShareBasedCompensationPlansIncludingStockOptions" xlink:title="calculation: NetCashProvidedByUsedInFinancingActivitiesContinuingOperations to ProceedsFromIssuanceOfSharesUnderIncentiveAndShareBasedCompensationPlansIncludingStockOptions" use="optional" order="1.0" weight="1" />
    <link:loc xlink:type="locator" xlink:href="http://xbrl.fasb.org/us-gaap/2012/elts/us-gaap-2012-01-31.xsd#us-gaap_ExcessTaxBenefitFromShareBasedCompensationFinancingActivities" xlink:label="ExcessTaxBenefitFromShareBasedCompensationFinancingActivities" xlink:title="ExcessTaxBenefitFromShareBasedCompensationFinancingActivities" />
    <link:calculationArc xlink:type="arc" xlink:arcrole="http://www.xbrl.org/2003/arcrole/summation-item" xlink:from="NetCashProvidedByUsedInFinancingActivitiesContinuingOperations" xlink:to="ExcessTaxBenefitFromShareBasedCompensationFinancingActivities" xlink:title="calculation: NetCashProvidedByUsedInFinancingActivitiesContinuingOperations to ExcessTaxBenefitFromShareBasedCompensationFinancingActivities" use="optional" order="2.0" weight="1" />
    <link:loc xlink:type="locator" xlink:href="http://xbrl.fasb.org/us-gaap/2012/elts/us-gaap-2012-01-31.xsd#us-gaap_ProceedsFromIssuanceOfLongTermDebt" xlink:label="ProceedsFromIssuanceOfLongTermDebt" xlink:title="ProceedsFromIssuanceOfLongTermDebt" />
    <link:calculationArc xlink:type="arc" xlink:arcrole="http://www.xbrl.org/2003/arcrole/summation-item" xlink:from="NetCashProvidedByUsedInFinancingActivitiesContinuingOperations" xlink:to="ProceedsFromIssuanceOfLongTermDebt" xlink:title="calculation: NetCashProvidedByUsedInFinancingActivitiesContinuingOperations to ProceedsFromIssuanceOfLongTermDebt" use="optional" order="3.0" weight="1" />
    <link:loc xlink:type="locator" xlink:href="http://xbrl.fasb.org/us-gaap/2012/elts/us-gaap-2012-01-31.xsd#us-gaap_PaymentsRelatedToTaxWithholdingForShareBasedCompensation" xlink:label="PaymentsRelatedToTaxWithholdingForShareBasedCompensation" xlink:title="PaymentsRelatedToTaxWithholdingForShareBasedCompensation" />
    <link:calculationArc xlink:type="arc" xlink:arcrole="http://www.xbrl.org/2003/arcrole/summation-item" xlink:from="NetCashProvidedByUsedInFinancingActivitiesContinuingOperations" xlink:to="PaymentsRelatedToTaxWithholdingForShareBasedCompensation" xlink:title="calculation: NetCashProvidedByUsedInFinancingActivitiesContinuingOperations to PaymentsRelatedToTaxWithholdingForShareBasedCompensation" use="optional" order="4.0" weight="-1" />
    <link:loc xlink:type="locator" xlink:href="http://xbrl.fasb.org/us-gaap/2012/elts/us-gaap-2012-01-31.xsd#us-gaap_RepaymentsOfLongTermDebt" xlink:label="RepaymentsOfLongTermDebt" xlink:title="RepaymentsOfLongTermDebt" />
    <link:calculationArc xlink:type="arc" xlink:arcrole="http://www.xbrl.org/2003/arcrole/summation-item" xlink:from="NetCashProvidedByUsedInFinancingActivitiesContinuingOperations" xlink:to="RepaymentsOfLongTermDebt" xlink:title="calculation: NetCashProvidedByUsedInFinancingActivitiesContinuingOperations to RepaymentsOfLongTermDebt" use="optional" order="5.0" weight="-1" />
  </link:calculationLink>
  <link:calculationLink xlink:type="extended" xlink:role="http://www.alkermes.com/role/DisclosureInventoryDetails">
    <link:loc xlink:type="locator" xlink:href="http://xbrl.fasb.org/us-gaap/2012/elts/us-gaap-2012-01-31.xsd#us-gaap_InventoryNet" xlink:label="InventoryNet" xlink:title="InventoryNet" />
    <link:loc xlink:type="locator" xlink:href="http://xbrl.fasb.org/us-gaap/2012/elts/us-gaap-2012-01-31.xsd#us-gaap_InventoryRawMaterialsNetOfReserves" xlink:label="InventoryRawMaterialsNetOfReserves" xlink:title="InventoryRawMaterialsNetOfReserves" />
    <link:calculationArc xlink:type="arc" xlink:arcrole="http://www.xbrl.org/2003/arcrole/summation-item" xlink:from="InventoryNet" xlink:to="InventoryRawMaterialsNetOfReserves" xlink:title="calculation: InventoryNet to InventoryRawMaterialsNetOfReserves" use="optional" order="1.0" weight="1" />
    <link:loc xlink:type="locator" xlink:href="http://xbrl.fasb.org/us-gaap/2012/elts/us-gaap-2012-01-31.xsd#us-gaap_InventoryWorkInProcessNetOfReserves" xlink:label="InventoryWorkInProcessNetOfReserves" xlink:title="InventoryWorkInProcessNetOfReserves" />
    <link:calculationArc xlink:type="arc" xlink:arcrole="http://www.xbrl.org/2003/arcrole/summation-item" xlink:from="InventoryNet" xlink:to="InventoryWorkInProcessNetOfReserves" xlink:title="calculation: InventoryNet to InventoryWorkInProcessNetOfReserves" use="optional" order="2.0" weight="1" />
    <link:loc xlink:type="locator" xlink:href="http://xbrl.fasb.org/us-gaap/2012/elts/us-gaap-2012-01-31.xsd#us-gaap_InventoryFinishedGoodsNetOfReserves" xlink:label="InventoryFinishedGoodsNetOfReserves" xlink:title="InventoryFinishedGoodsNetOfReserves" />
    <link:calculationArc xlink:type="arc" xlink:arcrole="http://www.xbrl.org/2003/arcrole/summation-item" xlink:from="InventoryNet" xlink:to="InventoryFinishedGoodsNetOfReserves" xlink:title="calculation: InventoryNet to InventoryFinishedGoodsNetOfReserves" use="optional" order="3.0" weight="1" />
    <link:loc xlink:type="locator" xlink:href="http://xbrl.fasb.org/us-gaap/2012/elts/us-gaap-2012-01-31.xsd#us-gaap_OtherInventoryNetOfReserves" xlink:label="OtherInventoryNetOfReserves" xlink:title="OtherInventoryNetOfReserves" />
    <link:calculationArc xlink:type="arc" xlink:arcrole="http://www.xbrl.org/2003/arcrole/summation-item" xlink:from="InventoryNet" xlink:to="OtherInventoryNetOfReserves" xlink:title="calculation: InventoryNet to OtherInventoryNetOfReserves" use="optional" order="4.0" weight="1" />
  </link:calculationLink>
  <link:calculationLink xlink:type="extended" xlink:role="http://www.alkermes.com/role/DisclosurePropertyPlantAndEquipmentDetails">
    <link:loc xlink:type="locator" xlink:href="http://xbrl.fasb.org/us-gaap/2012/elts/us-gaap-2012-01-31.xsd#us-gaap_PropertyPlantAndEquipmentNet" xlink:label="PropertyPlantAndEquipmentNet" xlink:title="PropertyPlantAndEquipmentNet" />
    <link:loc xlink:type="locator" xlink:href="http://xbrl.fasb.org/us-gaap/2012/elts/us-gaap-2012-01-31.xsd#us-gaap_PropertyPlantAndEquipmentGross" xlink:label="PropertyPlantAndEquipmentGross" xlink:title="PropertyPlantAndEquipmentGross" />
    <link:calculationArc xlink:type="arc" xlink:arcrole="http://www.xbrl.org/2003/arcrole/summation-item" xlink:from="PropertyPlantAndEquipmentNet" xlink:to="PropertyPlantAndEquipmentGross" xlink:title="calculation: PropertyPlantAndEquipmentNet to PropertyPlantAndEquipmentGross" use="optional" order="1.0" weight="1" />
    <link:loc xlink:type="locator" xlink:href="http://xbrl.fasb.org/us-gaap/2012/elts/us-gaap-2012-01-31.xsd#us-gaap_AccumulatedDepreciationDepletionAndAmortizationPropertyPlantAndEquipment" xlink:label="AccumulatedDepreciationDepletionAndAmortizationPropertyPlantAndEquipment" xlink:title="AccumulatedDepreciationDepletionAndAmortizationPropertyPlantAndEquipment" />
    <link:calculationArc xlink:type="arc" xlink:arcrole="http://www.xbrl.org/2003/arcrole/summation-item" xlink:from="PropertyPlantAndEquipmentNet" xlink:to="AccumulatedDepreciationDepletionAndAmortizationPropertyPlantAndEquipment" xlink:title="calculation: PropertyPlantAndEquipmentNet to AccumulatedDepreciationDepletionAndAmortizationPropertyPlantAndEquipment" use="optional" order="2.0" weight="-1" />
  </link:calculationLink>
  <link:calculationLink xlink:type="extended" xlink:role="http://www.alkermes.com/role/DisclosureAccountsPayableAndAccruedExpensesDetails">
    <link:loc xlink:type="locator" xlink:href="http://xbrl.fasb.org/us-gaap/2012/elts/us-gaap-2012-01-31.xsd#us-gaap_AccountsPayableAndAccruedLiabilitiesCurrent" xlink:label="AccountsPayableAndAccruedLiabilitiesCurrent" xlink:title="AccountsPayableAndAccruedLiabilitiesCurrent" />
    <link:loc xlink:type="locator" xlink:href="http://xbrl.fasb.org/us-gaap/2012/elts/us-gaap-2012-01-31.xsd#us-gaap_AccountsPayableCurrent" xlink:label="AccountsPayableCurrent" xlink:title="AccountsPayableCurrent" />
    <link:calculationArc xlink:type="arc" xlink:arcrole="http://www.xbrl.org/2003/arcrole/summation-item" xlink:from="AccountsPayableAndAccruedLiabilitiesCurrent" xlink:to="AccountsPayableCurrent" xlink:title="calculation: AccountsPayableAndAccruedLiabilitiesCurrent to AccountsPayableCurrent" order="1.0" weight="1" />
    <link:loc xlink:type="locator" xlink:href="http://xbrl.fasb.org/us-gaap/2012/elts/us-gaap-2012-01-31.xsd#us-gaap_DueToEmployeesCurrent" xlink:label="DueToEmployeesCurrent" xlink:title="DueToEmployeesCurrent" />
    <link:calculationArc xlink:type="arc" xlink:arcrole="http://www.xbrl.org/2003/arcrole/summation-item" xlink:from="AccountsPayableAndAccruedLiabilitiesCurrent" xlink:to="DueToEmployeesCurrent" xlink:title="calculation: AccountsPayableAndAccruedLiabilitiesCurrent to DueToEmployeesCurrent" use="optional" order="2.0" weight="1" />
    <link:loc xlink:type="locator" xlink:href="http://xbrl.fasb.org/us-gaap/2012/elts/us-gaap-2012-01-31.xsd#us-gaap_InterestPayableCurrent" xlink:label="InterestPayableCurrent" xlink:title="InterestPayableCurrent" />
    <link:calculationArc xlink:type="arc" xlink:arcrole="http://www.xbrl.org/2003/arcrole/summation-item" xlink:from="AccountsPayableAndAccruedLiabilitiesCurrent" xlink:to="InterestPayableCurrent" xlink:title="calculation: AccountsPayableAndAccruedLiabilitiesCurrent to InterestPayableCurrent" order="3.0" weight="1" />
    <link:loc xlink:type="locator" xlink:href="http://xbrl.fasb.org/us-gaap/2012/elts/us-gaap-2012-01-31.xsd#us-gaap_OtherAccruedLiabilitiesCurrent" xlink:label="OtherAccruedLiabilitiesCurrent" xlink:title="OtherAccruedLiabilitiesCurrent" />
    <link:calculationArc xlink:type="arc" xlink:arcrole="http://www.xbrl.org/2003/arcrole/summation-item" xlink:from="AccountsPayableAndAccruedLiabilitiesCurrent" xlink:to="OtherAccruedLiabilitiesCurrent" xlink:title="calculation: AccountsPayableAndAccruedLiabilitiesCurrent to OtherAccruedLiabilitiesCurrent" order="4.0" weight="1" />
  </link:calculationLink>
  <link:calculationLink xlink:type="extended" xlink:role="http://www.alkermes.com/role/DisclosureInvestmentsDetails">
    <link:loc xlink:type="locator" xlink:href="http://xbrl.fasb.org/us-gaap/2012/elts/us-gaap-2012-01-31.xsd#us-gaap_HeldToMaturitySecuritiesFairValue" xlink:label="HeldToMaturitySecuritiesFairValue" xlink:title="HeldToMaturitySecuritiesFairValue" />
    <link:loc xlink:type="locator" xlink:href="http://xbrl.fasb.org/us-gaap/2012/elts/us-gaap-2012-01-31.xsd#us-gaap_HeldToMaturitySecuritiesAmortizedCostBeforeOtherThanTemporaryImpairment" xlink:label="HeldToMaturitySecuritiesAmortizedCostBeforeOtherThanTemporaryImpairment" xlink:title="HeldToMaturitySecuritiesAmortizedCostBeforeOtherThanTemporaryImpairment" />
    <link:calculationArc xlink:type="arc" xlink:arcrole="http://www.xbrl.org/2003/arcrole/summation-item" xlink:from="HeldToMaturitySecuritiesFairValue" xlink:to="HeldToMaturitySecuritiesAmortizedCostBeforeOtherThanTemporaryImpairment" xlink:title="calculation: HeldToMaturitySecuritiesFairValue to HeldToMaturitySecuritiesAmortizedCostBeforeOtherThanTemporaryImpairment" use="optional" order="1.0" weight="1" />
    <link:loc xlink:type="locator" xlink:href="http://xbrl.fasb.org/us-gaap/2012/elts/us-gaap-2012-01-31.xsd#us-gaap_InvestmentsFairValueDisclosure" xlink:label="InvestmentsFairValueDisclosure" xlink:title="InvestmentsFairValueDisclosure" />
    <link:loc xlink:type="locator" xlink:href="alks-20121231.xsd#alks_MarketableSecuritiesAtAmortizedCost" xlink:label="MarketableSecuritiesAtAmortizedCost" xlink:title="MarketableSecuritiesAtAmortizedCost" />
    <link:calculationArc xlink:type="arc" xlink:arcrole="http://www.xbrl.org/2003/arcrole/summation-item" xlink:from="InvestmentsFairValueDisclosure" xlink:to="MarketableSecuritiesAtAmortizedCost" xlink:title="calculation: InvestmentsFairValueDisclosure to MarketableSecuritiesAtAmortizedCost" use="optional" order="1.0" weight="1" />
    <link:loc xlink:type="locator" xlink:href="alks-20121231.xsd#alks_MarketableSecuritiesGrossUnrealizedGains" xlink:label="MarketableSecuritiesGrossUnrealizedGains" xlink:title="MarketableSecuritiesGrossUnrealizedGains" />
    <link:calculationArc xlink:type="arc" xlink:arcrole="http://www.xbrl.org/2003/arcrole/summation-item" xlink:from="InvestmentsFairValueDisclosure" xlink:to="MarketableSecuritiesGrossUnrealizedGains" xlink:title="calculation: InvestmentsFairValueDisclosure to MarketableSecuritiesGrossUnrealizedGains" use="optional" order="2.0" weight="1" />
    <link:loc xlink:type="locator" xlink:href="alks-20121231.xsd#alks_MarketableSecuritiesContinuousUnrealizedLossPositionLessThan12MonthsAggregateLosses" xlink:label="MarketableSecuritiesContinuousUnrealizedLossPositionLessThan12MonthsAggregateLosses" xlink:title="MarketableSecuritiesContinuousUnrealizedLossPositionLessThan12MonthsAggregateLosses" />
    <link:calculationArc xlink:type="arc" xlink:arcrole="http://www.xbrl.org/2003/arcrole/summation-item" xlink:from="InvestmentsFairValueDisclosure" xlink:to="MarketableSecuritiesContinuousUnrealizedLossPositionLessThan12MonthsAggregateLosses" xlink:title="calculation: InvestmentsFairValueDisclosure to MarketableSecuritiesContinuousUnrealizedLossPositionLessThan12MonthsAggregateLosses" use="optional" order="3.0" weight="1" />
    <link:loc xlink:type="locator" xlink:href="alks-20121231.xsd#alks_MarketableSecuritiesContinuousUnrealizedLossPosition12MonthsOrLongerAggregateLosses" xlink:label="MarketableSecuritiesContinuousUnrealizedLossPosition12MonthsOrLongerAggregateLosses" xlink:title="MarketableSecuritiesContinuousUnrealizedLossPosition12MonthsOrLongerAggregateLosses" />
    <link:calculationArc xlink:type="arc" xlink:arcrole="http://www.xbrl.org/2003/arcrole/summation-item" xlink:from="InvestmentsFairValueDisclosure" xlink:to="MarketableSecuritiesContinuousUnrealizedLossPosition12MonthsOrLongerAggregateLosses" xlink:title="calculation: InvestmentsFairValueDisclosure to MarketableSecuritiesContinuousUnrealizedLossPosition12MonthsOrLongerAggregateLosses" use="optional" order="4.0" weight="1" />
    <link:loc xlink:type="locator" xlink:href="http://xbrl.fasb.org/us-gaap/2012/elts/us-gaap-2012-01-31.xsd#us-gaap_AvailableForSaleSecuritiesFairValueDisclosure" xlink:label="AvailableForSaleSecuritiesFairValueDisclosure" xlink:title="AvailableForSaleSecuritiesFairValueDisclosure" />
    <link:loc xlink:type="locator" xlink:href="http://xbrl.fasb.org/us-gaap/2012/elts/us-gaap-2012-01-31.xsd#us-gaap_AvailableForSaleSecuritiesAmortizedCost" xlink:label="AvailableForSaleSecuritiesAmortizedCost" xlink:title="AvailableForSaleSecuritiesAmortizedCost" />
    <link:calculationArc xlink:type="arc" xlink:arcrole="http://www.xbrl.org/2003/arcrole/summation-item" xlink:from="AvailableForSaleSecuritiesFairValueDisclosure" xlink:to="AvailableForSaleSecuritiesAmortizedCost" xlink:title="calculation: AvailableForSaleSecuritiesFairValueDisclosure to AvailableForSaleSecuritiesAmortizedCost" use="optional" order="1.0" weight="1" />
    <link:loc xlink:type="locator" xlink:href="http://xbrl.fasb.org/us-gaap/2012/elts/us-gaap-2012-01-31.xsd#us-gaap_AvailableforsaleSecuritiesGrossUnrealizedGain" xlink:label="AvailableforsaleSecuritiesGrossUnrealizedGain" xlink:title="AvailableforsaleSecuritiesGrossUnrealizedGain" />
    <link:calculationArc xlink:type="arc" xlink:arcrole="http://www.xbrl.org/2003/arcrole/summation-item" xlink:from="AvailableForSaleSecuritiesFairValueDisclosure" xlink:to="AvailableforsaleSecuritiesGrossUnrealizedGain" xlink:title="calculation: AvailableForSaleSecuritiesFairValueDisclosure to AvailableforsaleSecuritiesGrossUnrealizedGain" use="optional" order="2.0" weight="1" />
    <link:loc xlink:type="locator" xlink:href="http://xbrl.fasb.org/us-gaap/2012/elts/us-gaap-2012-01-31.xsd#us-gaap_AvailableforsaleSecuritiesContinuousUnrealizedLossPositionLessThan12MonthsAggregateLosses2" xlink:label="AvailableforsaleSecuritiesContinuousUnrealizedLossPositionLessThan12MonthsAggregateLosses2" xlink:title="AvailableforsaleSecuritiesContinuousUnrealizedLossPositionLessThan12MonthsAggregateLosses2" />
    <link:calculationArc xlink:type="arc" xlink:arcrole="http://www.xbrl.org/2003/arcrole/summation-item" xlink:from="AvailableForSaleSecuritiesFairValueDisclosure" xlink:to="AvailableforsaleSecuritiesContinuousUnrealizedLossPositionLessThan12MonthsAggregateLosses2" xlink:title="calculation: AvailableForSaleSecuritiesFairValueDisclosure to AvailableforsaleSecuritiesContinuousUnrealizedLossPositionLessThan12MonthsAggregateLosses2" use="optional" order="3.0" weight="-1" />
    <link:loc xlink:type="locator" xlink:href="http://xbrl.fasb.org/us-gaap/2012/elts/us-gaap-2012-01-31.xsd#us-gaap_AvailableforsaleSecuritiesContinuousUnrealizedLossPosition12MonthsOrLongerAggregateLosses2" xlink:label="AvailableforsaleSecuritiesContinuousUnrealizedLossPosition12MonthsOrLongerAggregateLosses2" xlink:title="AvailableforsaleSecuritiesContinuousUnrealizedLossPosition12MonthsOrLongerAggregateLosses2" />
    <link:calculationArc xlink:type="arc" xlink:arcrole="http://www.xbrl.org/2003/arcrole/summation-item" xlink:from="AvailableForSaleSecuritiesFairValueDisclosure" xlink:to="AvailableforsaleSecuritiesContinuousUnrealizedLossPosition12MonthsOrLongerAggregateLosses2" xlink:title="calculation: AvailableForSaleSecuritiesFairValueDisclosure to AvailableforsaleSecuritiesContinuousUnrealizedLossPosition12MonthsOrLongerAggregateLosses2" use="optional" order="4.0" weight="-1" />
  </link:calculationLink>
  <link:calculationLink xlink:type="extended" xlink:role="http://www.alkermes.com/role/DisclosureAcquisitionsDetails2">
    <link:loc xlink:type="locator" xlink:href="http://xbrl.fasb.org/us-gaap/2012/elts/us-gaap-2012-01-31.xsd#us-gaap_BusinessAcquisitionPurchasePriceAllocationAssetsAcquiredLiabilitiesAssumedNet" xlink:label="BusinessAcquisitionPurchasePriceAllocationAssetsAcquiredLiabilitiesAssumedNet" xlink:title="BusinessAcquisitionPurchasePriceAllocationAssetsAcquiredLiabilitiesAssumedNet" />
    <link:loc xlink:type="locator" xlink:href="http://xbrl.fasb.org/us-gaap/2012/elts/us-gaap-2012-01-31.xsd#us-gaap_BusinessAcquisitionPurchasePriceAllocationCurrentAssetsCashAndCashEquivalents" xlink:label="BusinessAcquisitionPurchasePriceAllocationCurrentAssetsCashAndCashEquivalents" xlink:title="BusinessAcquisitionPurchasePriceAllocationCurrentAssetsCashAndCashEquivalents" />
    <link:calculationArc xlink:type="arc" xlink:arcrole="http://www.xbrl.org/2003/arcrole/summation-item" xlink:from="BusinessAcquisitionPurchasePriceAllocationAssetsAcquiredLiabilitiesAssumedNet" xlink:to="BusinessAcquisitionPurchasePriceAllocationCurrentAssetsCashAndCashEquivalents" xlink:title="calculation: BusinessAcquisitionPurchasePriceAllocationAssetsAcquiredLiabilitiesAssumedNet to BusinessAcquisitionPurchasePriceAllocationCurrentAssetsCashAndCashEquivalents" order="1.0" weight="1" />
    <link:loc xlink:type="locator" xlink:href="http://xbrl.fasb.org/us-gaap/2012/elts/us-gaap-2012-01-31.xsd#us-gaap_BusinessAcquisitionPurchasePriceAllocationCurrentAssetsReceivables" xlink:label="BusinessAcquisitionPurchasePriceAllocationCurrentAssetsReceivables" xlink:title="BusinessAcquisitionPurchasePriceAllocationCurrentAssetsReceivables" />
    <link:calculationArc xlink:type="arc" xlink:arcrole="http://www.xbrl.org/2003/arcrole/summation-item" xlink:from="BusinessAcquisitionPurchasePriceAllocationAssetsAcquiredLiabilitiesAssumedNet" xlink:to="BusinessAcquisitionPurchasePriceAllocationCurrentAssetsReceivables" xlink:title="calculation: BusinessAcquisitionPurchasePriceAllocationAssetsAcquiredLiabilitiesAssumedNet to BusinessAcquisitionPurchasePriceAllocationCurrentAssetsReceivables" order="2.0" weight="1" />
    <link:loc xlink:type="locator" xlink:href="http://xbrl.fasb.org/us-gaap/2012/elts/us-gaap-2012-01-31.xsd#us-gaap_BusinessAcquisitionPurchasePriceAllocationCurrentAssetsInventory" xlink:label="BusinessAcquisitionPurchasePriceAllocationCurrentAssetsInventory" xlink:title="BusinessAcquisitionPurchasePriceAllocationCurrentAssetsInventory" />
    <link:calculationArc xlink:type="arc" xlink:arcrole="http://www.xbrl.org/2003/arcrole/summation-item" xlink:from="BusinessAcquisitionPurchasePriceAllocationAssetsAcquiredLiabilitiesAssumedNet" xlink:to="BusinessAcquisitionPurchasePriceAllocationCurrentAssetsInventory" xlink:title="calculation: BusinessAcquisitionPurchasePriceAllocationAssetsAcquiredLiabilitiesAssumedNet to BusinessAcquisitionPurchasePriceAllocationCurrentAssetsInventory" order="3.0" weight="1" />
    <link:loc xlink:type="locator" xlink:href="http://xbrl.fasb.org/us-gaap/2012/elts/us-gaap-2012-01-31.xsd#us-gaap_BusinessAcquisitionPurchasePriceAllocationCurrentAssetsPrepaidExpenseAndOtherAssets" xlink:label="BusinessAcquisitionPurchasePriceAllocationCurrentAssetsPrepaidExpenseAndOtherAssets" xlink:title="BusinessAcquisitionPurchasePriceAllocationCurrentAssetsPrepaidExpenseAndOtherAssets" />
    <link:calculationArc xlink:type="arc" xlink:arcrole="http://www.xbrl.org/2003/arcrole/summation-item" xlink:from="BusinessAcquisitionPurchasePriceAllocationAssetsAcquiredLiabilitiesAssumedNet" xlink:to="BusinessAcquisitionPurchasePriceAllocationCurrentAssetsPrepaidExpenseAndOtherAssets" xlink:title="calculation: BusinessAcquisitionPurchasePriceAllocationAssetsAcquiredLiabilitiesAssumedNet to BusinessAcquisitionPurchasePriceAllocationCurrentAssetsPrepaidExpenseAndOtherAssets" order="4.0" weight="1" />
    <link:loc xlink:type="locator" xlink:href="http://xbrl.fasb.org/us-gaap/2012/elts/us-gaap-2012-01-31.xsd#us-gaap_BusinessAcquisitionPurchasePriceAllocationPropertyPlantAndEquipment" xlink:label="BusinessAcquisitionPurchasePriceAllocationPropertyPlantAndEquipment" xlink:title="BusinessAcquisitionPurchasePriceAllocationPropertyPlantAndEquipment" />
    <link:calculationArc xlink:type="arc" xlink:arcrole="http://www.xbrl.org/2003/arcrole/summation-item" xlink:from="BusinessAcquisitionPurchasePriceAllocationAssetsAcquiredLiabilitiesAssumedNet" xlink:to="BusinessAcquisitionPurchasePriceAllocationPropertyPlantAndEquipment" xlink:title="calculation: BusinessAcquisitionPurchasePriceAllocationAssetsAcquiredLiabilitiesAssumedNet to BusinessAcquisitionPurchasePriceAllocationPropertyPlantAndEquipment" order="5.0" weight="1" />
    <link:loc xlink:type="locator" xlink:href="http://xbrl.fasb.org/us-gaap/2012/elts/us-gaap-2012-01-31.xsd#us-gaap_BusinessCombinationRecognizedIdentifiableAssetsAcquiredAndLiabilitiesAssumedIntangibles" xlink:label="BusinessCombinationRecognizedIdentifiableAssetsAcquiredAndLiabilitiesAssumedIntangibles" xlink:title="BusinessCombinationRecognizedIdentifiableAssetsAcquiredAndLiabilitiesAssumedIntangibles" />
    <link:calculationArc xlink:type="arc" xlink:arcrole="http://www.xbrl.org/2003/arcrole/summation-item" xlink:from="BusinessAcquisitionPurchasePriceAllocationAssetsAcquiredLiabilitiesAssumedNet" xlink:to="BusinessCombinationRecognizedIdentifiableAssetsAcquiredAndLiabilitiesAssumedIntangibles" xlink:title="calculation: BusinessAcquisitionPurchasePriceAllocationAssetsAcquiredLiabilitiesAssumedNet to BusinessCombinationRecognizedIdentifiableAssetsAcquiredAndLiabilitiesAssumedIntangibles" use="optional" order="6.0" weight="1" />
    <link:loc xlink:type="locator" xlink:href="http://xbrl.fasb.org/us-gaap/2012/elts/us-gaap-2012-01-31.xsd#us-gaap_BusinessAcquisitionPurchasePriceAllocationGoodwillAmount" xlink:label="BusinessAcquisitionPurchasePriceAllocationGoodwillAmount" xlink:title="BusinessAcquisitionPurchasePriceAllocationGoodwillAmount" />
    <link:calculationArc xlink:type="arc" xlink:arcrole="http://www.xbrl.org/2003/arcrole/summation-item" xlink:from="BusinessAcquisitionPurchasePriceAllocationAssetsAcquiredLiabilitiesAssumedNet" xlink:to="BusinessAcquisitionPurchasePriceAllocationGoodwillAmount" xlink:title="calculation: BusinessAcquisitionPurchasePriceAllocationAssetsAcquiredLiabilitiesAssumedNet to BusinessAcquisitionPurchasePriceAllocationGoodwillAmount" order="7.0" weight="1" />
    <link:loc xlink:type="locator" xlink:href="http://xbrl.fasb.org/us-gaap/2012/elts/us-gaap-2012-01-31.xsd#us-gaap_BusinessAcquisitionPurchasePriceAllocationOtherNoncurrentAssets" xlink:label="BusinessAcquisitionPurchasePriceAllocationOtherNoncurrentAssets" xlink:title="BusinessAcquisitionPurchasePriceAllocationOtherNoncurrentAssets" />
    <link:calculationArc xlink:type="arc" xlink:arcrole="http://www.xbrl.org/2003/arcrole/summation-item" xlink:from="BusinessAcquisitionPurchasePriceAllocationAssetsAcquiredLiabilitiesAssumedNet" xlink:to="BusinessAcquisitionPurchasePriceAllocationOtherNoncurrentAssets" xlink:title="calculation: BusinessAcquisitionPurchasePriceAllocationAssetsAcquiredLiabilitiesAssumedNet to BusinessAcquisitionPurchasePriceAllocationOtherNoncurrentAssets" order="8.0" weight="1" />
    <link:loc xlink:type="locator" xlink:href="http://xbrl.fasb.org/us-gaap/2012/elts/us-gaap-2012-01-31.xsd#us-gaap_BusinessAcquisitionPurchasePriceAllocationCurrentLiabilities" xlink:label="BusinessAcquisitionPurchasePriceAllocationCurrentLiabilities" xlink:title="BusinessAcquisitionPurchasePriceAllocationCurrentLiabilities" />
    <link:calculationArc xlink:type="arc" xlink:arcrole="http://www.xbrl.org/2003/arcrole/summation-item" xlink:from="BusinessAcquisitionPurchasePriceAllocationAssetsAcquiredLiabilitiesAssumedNet" xlink:to="BusinessAcquisitionPurchasePriceAllocationCurrentLiabilities" xlink:title="calculation: BusinessAcquisitionPurchasePriceAllocationAssetsAcquiredLiabilitiesAssumedNet to BusinessAcquisitionPurchasePriceAllocationCurrentLiabilities" order="9.0" weight="-1" />
    <link:loc xlink:type="locator" xlink:href="http://xbrl.fasb.org/us-gaap/2012/elts/us-gaap-2012-01-31.xsd#us-gaap_BusinessAcquisitionPurchasePriceAllocationDeferredIncomeTaxesAssetLiabilityNet" xlink:label="BusinessAcquisitionPurchasePriceAllocationDeferredIncomeTaxesAssetLiabilityNet" xlink:title="BusinessAcquisitionPurchasePriceAllocationDeferredIncomeTaxesAssetLiabilityNet" />
    <link:calculationArc xlink:type="arc" xlink:arcrole="http://www.xbrl.org/2003/arcrole/summation-item" xlink:from="BusinessAcquisitionPurchasePriceAllocationAssetsAcquiredLiabilitiesAssumedNet" xlink:to="BusinessAcquisitionPurchasePriceAllocationDeferredIncomeTaxesAssetLiabilityNet" xlink:title="calculation: BusinessAcquisitionPurchasePriceAllocationAssetsAcquiredLiabilitiesAssumedNet to BusinessAcquisitionPurchasePriceAllocationDeferredIncomeTaxesAssetLiabilityNet" order="10.0" weight="1" />
    <link:loc xlink:type="locator" xlink:href="http://xbrl.fasb.org/us-gaap/2012/elts/us-gaap-2012-01-31.xsd#us-gaap_BusinessAcquisitionPurchasePriceAllocationOtherNoncurrentLiabilities" xlink:label="BusinessAcquisitionPurchasePriceAllocationOtherNoncurrentLiabilities" xlink:title="BusinessAcquisitionPurchasePriceAllocationOtherNoncurrentLiabilities" />
    <link:calculationArc xlink:type="arc" xlink:arcrole="http://www.xbrl.org/2003/arcrole/summation-item" xlink:from="BusinessAcquisitionPurchasePriceAllocationAssetsAcquiredLiabilitiesAssumedNet" xlink:to="BusinessAcquisitionPurchasePriceAllocationOtherNoncurrentLiabilities" xlink:title="calculation: BusinessAcquisitionPurchasePriceAllocationAssetsAcquiredLiabilitiesAssumedNet to BusinessAcquisitionPurchasePriceAllocationOtherNoncurrentLiabilities" order="11.0" weight="-1" />
  </link:calculationLink>
  <link:calculationLink xlink:type="extended" xlink:role="http://www.alkermes.com/role/DisclosureInvestmentsDetails3">
    <link:loc xlink:type="locator" xlink:href="http://xbrl.fasb.org/us-gaap/2012/elts/us-gaap-2012-01-31.xsd#us-gaap_AvailableForSaleSecuritiesDebtMaturitiesAmortizedCost" xlink:label="AvailableForSaleSecuritiesDebtMaturitiesAmortizedCost" xlink:title="AvailableForSaleSecuritiesDebtMaturitiesAmortizedCost" />
    <link:loc xlink:type="locator" xlink:href="http://xbrl.fasb.org/us-gaap/2012/elts/us-gaap-2012-01-31.xsd#us-gaap_AvailableForSaleSecuritiesDebtMaturitiesWithinOneYearAmortizedCost" xlink:label="AvailableForSaleSecuritiesDebtMaturitiesWithinOneYearAmortizedCost" xlink:title="AvailableForSaleSecuritiesDebtMaturitiesWithinOneYearAmortizedCost" />
    <link:calculationArc xlink:type="arc" xlink:arcrole="http://www.xbrl.org/2003/arcrole/summation-item" xlink:from="AvailableForSaleSecuritiesDebtMaturitiesAmortizedCost" xlink:to="AvailableForSaleSecuritiesDebtMaturitiesWithinOneYearAmortizedCost" xlink:title="calculation: AvailableForSaleSecuritiesDebtMaturitiesAmortizedCost to AvailableForSaleSecuritiesDebtMaturitiesWithinOneYearAmortizedCost" order="1.0" weight="1" />
    <link:loc xlink:type="locator" xlink:href="http://xbrl.fasb.org/us-gaap/2012/elts/us-gaap-2012-01-31.xsd#us-gaap_AvailableForSaleSecuritiesDebtMaturitiesAfterOneThroughFiveYearsAmortizedCost" xlink:label="AvailableForSaleSecuritiesDebtMaturitiesAfterOneThroughFiveYearsAmortizedCost" xlink:title="AvailableForSaleSecuritiesDebtMaturitiesAfterOneThroughFiveYearsAmortizedCost" />
    <link:calculationArc xlink:type="arc" xlink:arcrole="http://www.xbrl.org/2003/arcrole/summation-item" xlink:from="AvailableForSaleSecuritiesDebtMaturitiesAmortizedCost" xlink:to="AvailableForSaleSecuritiesDebtMaturitiesAfterOneThroughFiveYearsAmortizedCost" xlink:title="calculation: AvailableForSaleSecuritiesDebtMaturitiesAmortizedCost to AvailableForSaleSecuritiesDebtMaturitiesAfterOneThroughFiveYearsAmortizedCost" order="2.0" weight="1" />
    <link:loc xlink:type="locator" xlink:href="http://xbrl.fasb.org/us-gaap/2012/elts/us-gaap-2012-01-31.xsd#us-gaap_AvailableForSaleSecuritiesDebtMaturitiesWithoutSingleMaturityDateFairValue" xlink:label="AvailableForSaleSecuritiesDebtMaturitiesWithoutSingleMaturityDateFairValue" xlink:title="AvailableForSaleSecuritiesDebtMaturitiesWithoutSingleMaturityDateFairValue" />
    <link:loc xlink:type="locator" xlink:href="http://xbrl.fasb.org/us-gaap/2012/elts/us-gaap-2012-01-31.xsd#us-gaap_AvailableForSaleSecuritiesDebtMaturitiesWithinOneYearFairValue" xlink:label="AvailableForSaleSecuritiesDebtMaturitiesWithinOneYearFairValue" xlink:title="AvailableForSaleSecuritiesDebtMaturitiesWithinOneYearFairValue" />
    <link:calculationArc xlink:type="arc" xlink:arcrole="http://www.xbrl.org/2003/arcrole/summation-item" xlink:from="AvailableForSaleSecuritiesDebtMaturitiesWithoutSingleMaturityDateFairValue" xlink:to="AvailableForSaleSecuritiesDebtMaturitiesWithinOneYearFairValue" xlink:title="calculation: AvailableForSaleSecuritiesDebtMaturitiesWithoutSingleMaturityDateFairValue to AvailableForSaleSecuritiesDebtMaturitiesWithinOneYearFairValue" order="1.0" weight="1" />
    <link:loc xlink:type="locator" xlink:href="http://xbrl.fasb.org/us-gaap/2012/elts/us-gaap-2012-01-31.xsd#us-gaap_AvailableForSaleSecuritiesDebtMaturitiesAfterOneThroughFiveYearsFairValue" xlink:label="AvailableForSaleSecuritiesDebtMaturitiesAfterOneThroughFiveYearsFairValue" xlink:title="AvailableForSaleSecuritiesDebtMaturitiesAfterOneThroughFiveYearsFairValue" />
    <link:calculationArc xlink:type="arc" xlink:arcrole="http://www.xbrl.org/2003/arcrole/summation-item" xlink:from="AvailableForSaleSecuritiesDebtMaturitiesWithoutSingleMaturityDateFairValue" xlink:to="AvailableForSaleSecuritiesDebtMaturitiesAfterOneThroughFiveYearsFairValue" xlink:title="calculation: AvailableForSaleSecuritiesDebtMaturitiesWithoutSingleMaturityDateFairValue to AvailableForSaleSecuritiesDebtMaturitiesAfterOneThroughFiveYearsFairValue" order="2.0" weight="1" />
    <link:loc xlink:type="locator" xlink:href="http://xbrl.fasb.org/us-gaap/2012/elts/us-gaap-2012-01-31.xsd#us-gaap_HeldToMaturitySecuritiesDebtMaturitiesNetCarryingAmount" xlink:label="HeldToMaturitySecuritiesDebtMaturitiesNetCarryingAmount" xlink:title="HeldToMaturitySecuritiesDebtMaturitiesNetCarryingAmount" />
    <link:loc xlink:type="locator" xlink:href="http://xbrl.fasb.org/us-gaap/2012/elts/us-gaap-2012-01-31.xsd#us-gaap_HeldToMaturitySecuritiesDebtMaturitiesWithinOneYearNetCarryingAmount" xlink:label="HeldToMaturitySecuritiesDebtMaturitiesWithinOneYearNetCarryingAmount" xlink:title="HeldToMaturitySecuritiesDebtMaturitiesWithinOneYearNetCarryingAmount" />
    <link:calculationArc xlink:type="arc" xlink:arcrole="http://www.xbrl.org/2003/arcrole/summation-item" xlink:from="HeldToMaturitySecuritiesDebtMaturitiesNetCarryingAmount" xlink:to="HeldToMaturitySecuritiesDebtMaturitiesWithinOneYearNetCarryingAmount" xlink:title="calculation: HeldToMaturitySecuritiesDebtMaturitiesNetCarryingAmount to HeldToMaturitySecuritiesDebtMaturitiesWithinOneYearNetCarryingAmount" order="1.0" weight="1" />
    <link:loc xlink:type="locator" xlink:href="http://xbrl.fasb.org/us-gaap/2012/elts/us-gaap-2012-01-31.xsd#us-gaap_HeldToMaturitySecuritiesDebtMaturitiesFairValue" xlink:label="HeldToMaturitySecuritiesDebtMaturitiesFairValue" xlink:title="HeldToMaturitySecuritiesDebtMaturitiesFairValue" />
    <link:loc xlink:type="locator" xlink:href="http://xbrl.fasb.org/us-gaap/2012/elts/us-gaap-2012-01-31.xsd#us-gaap_HeldToMaturitySecuritiesDebtMaturitiesWithinOneYearFairValue" xlink:label="HeldToMaturitySecuritiesDebtMaturitiesWithinOneYearFairValue" xlink:title="HeldToMaturitySecuritiesDebtMaturitiesWithinOneYearFairValue" />
    <link:calculationArc xlink:type="arc" xlink:arcrole="http://www.xbrl.org/2003/arcrole/summation-item" xlink:from="HeldToMaturitySecuritiesDebtMaturitiesFairValue" xlink:to="HeldToMaturitySecuritiesDebtMaturitiesWithinOneYearFairValue" xlink:title="calculation: HeldToMaturitySecuritiesDebtMaturitiesFairValue to HeldToMaturitySecuritiesDebtMaturitiesWithinOneYearFairValue" order="1.0" weight="1" />
  </link:calculationLink>
  <link:calculationLink xlink:type="extended" xlink:role="http://www.alkermes.com/role/DisclosureGoodwillAndIntangibleAssetsDetails">
    <link:loc xlink:type="locator" xlink:href="http://xbrl.fasb.org/us-gaap/2012/elts/us-gaap-2012-01-31.xsd#us-gaap_FiniteLivedIntangibleAssetsNet" xlink:label="FiniteLivedIntangibleAssetsNet" xlink:title="FiniteLivedIntangibleAssetsNet" />
    <link:loc xlink:type="locator" xlink:href="http://xbrl.fasb.org/us-gaap/2012/elts/us-gaap-2012-01-31.xsd#us-gaap_FiniteLivedIntangibleAssetsGross" xlink:label="FiniteLivedIntangibleAssetsGross" xlink:title="FiniteLivedIntangibleAssetsGross" />
    <link:calculationArc xlink:type="arc" xlink:arcrole="http://www.xbrl.org/2003/arcrole/summation-item" xlink:from="FiniteLivedIntangibleAssetsNet" xlink:to="FiniteLivedIntangibleAssetsGross" xlink:title="calculation: FiniteLivedIntangibleAssetsNet to FiniteLivedIntangibleAssetsGross" order="1.0" weight="1" />
    <link:loc xlink:type="locator" xlink:href="http://xbrl.fasb.org/us-gaap/2012/elts/us-gaap-2012-01-31.xsd#us-gaap_FiniteLivedIntangibleAssetsAccumulatedAmortization" xlink:label="FiniteLivedIntangibleAssetsAccumulatedAmortization" xlink:title="FiniteLivedIntangibleAssetsAccumulatedAmortization" />
    <link:calculationArc xlink:type="arc" xlink:arcrole="http://www.xbrl.org/2003/arcrole/summation-item" xlink:from="FiniteLivedIntangibleAssetsNet" xlink:to="FiniteLivedIntangibleAssetsAccumulatedAmortization" xlink:title="calculation: FiniteLivedIntangibleAssetsNet to FiniteLivedIntangibleAssetsAccumulatedAmortization" order="2.0" weight="-1" />
  </link:calculationLink>
  <link:calculationLink xlink:type="extended" xlink:role="http://www.alkermes.com/role/DisclosureLongTermDebtDetails">
    <link:loc xlink:type="locator" xlink:href="http://xbrl.fasb.org/us-gaap/2012/elts/us-gaap-2012-01-31.xsd#us-gaap_LongTermDebt" xlink:label="LongTermDebt" xlink:title="LongTermDebt" />
    <link:loc xlink:type="locator" xlink:href="http://xbrl.fasb.org/us-gaap/2012/elts/us-gaap-2012-01-31.xsd#us-gaap_LongTermDebtCurrent" xlink:label="LongTermDebtCurrent" xlink:title="LongTermDebtCurrent" />
    <link:calculationArc xlink:type="arc" xlink:arcrole="http://www.xbrl.org/2003/arcrole/summation-item" xlink:from="LongTermDebt" xlink:to="LongTermDebtCurrent" xlink:title="calculation: LongTermDebt to LongTermDebtCurrent" use="optional" order="1.0" weight="1" />
    <link:loc xlink:type="locator" xlink:href="http://xbrl.fasb.org/us-gaap/2012/elts/us-gaap-2012-01-31.xsd#us-gaap_LongTermDebtNoncurrent" xlink:label="LongTermDebtNoncurrent" xlink:title="LongTermDebtNoncurrent" />
    <link:calculationArc xlink:type="arc" xlink:arcrole="http://www.xbrl.org/2003/arcrole/summation-item" xlink:from="LongTermDebt" xlink:to="LongTermDebtNoncurrent" xlink:title="calculation: LongTermDebt to LongTermDebtNoncurrent" use="optional" order="2.0" weight="1" />
  </link:calculationLink>
  <link:calculationLink xlink:type="extended" xlink:role="http://www.alkermes.com/role/DisclosureLongTermDebtDetails2Cal2">
    <link:loc xlink:type="locator" xlink:href="http://xbrl.fasb.org/us-gaap/2012/elts/us-gaap-2012-01-31.xsd#us-gaap_LongTermDebt" xlink:label="LongTermDebt" xlink:title="LongTermDebt" />
    <link:loc xlink:type="locator" xlink:href="http://xbrl.fasb.org/us-gaap/2012/elts/us-gaap-2012-01-31.xsd#us-gaap_LongTermDebtMaturitiesRepaymentsOfPrincipalInNextTwelveMonths" xlink:label="LongTermDebtMaturitiesRepaymentsOfPrincipalInNextTwelveMonths" xlink:title="LongTermDebtMaturitiesRepaymentsOfPrincipalInNextTwelveMonths" />
    <link:calculationArc xlink:type="arc" xlink:arcrole="http://www.xbrl.org/2003/arcrole/summation-item" xlink:from="LongTermDebt" xlink:to="LongTermDebtMaturitiesRepaymentsOfPrincipalInNextTwelveMonths" xlink:title="calculation: LongTermDebt to LongTermDebtMaturitiesRepaymentsOfPrincipalInNextTwelveMonths" use="optional" order="1.0" weight="1" />
    <link:loc xlink:type="locator" xlink:href="http://xbrl.fasb.org/us-gaap/2012/elts/us-gaap-2012-01-31.xsd#us-gaap_LongTermDebtMaturitiesRepaymentsOfPrincipalInYearTwo" xlink:label="LongTermDebtMaturitiesRepaymentsOfPrincipalInYearTwo" xlink:title="LongTermDebtMaturitiesRepaymentsOfPrincipalInYearTwo" />
    <link:calculationArc xlink:type="arc" xlink:arcrole="http://www.xbrl.org/2003/arcrole/summation-item" xlink:from="LongTermDebt" xlink:to="LongTermDebtMaturitiesRepaymentsOfPrincipalInYearTwo" xlink:title="calculation: LongTermDebt to LongTermDebtMaturitiesRepaymentsOfPrincipalInYearTwo" use="optional" order="2.0" weight="1" />
    <link:loc xlink:type="locator" xlink:href="http://xbrl.fasb.org/us-gaap/2012/elts/us-gaap-2012-01-31.xsd#us-gaap_LongTermDebtMaturitiesRepaymentsOfPrincipalInYearThree" xlink:label="LongTermDebtMaturitiesRepaymentsOfPrincipalInYearThree" xlink:title="LongTermDebtMaturitiesRepaymentsOfPrincipalInYearThree" />
    <link:calculationArc xlink:type="arc" xlink:arcrole="http://www.xbrl.org/2003/arcrole/summation-item" xlink:from="LongTermDebt" xlink:to="LongTermDebtMaturitiesRepaymentsOfPrincipalInYearThree" xlink:title="calculation: LongTermDebt to LongTermDebtMaturitiesRepaymentsOfPrincipalInYearThree" use="optional" order="3.0" weight="1" />
    <link:loc xlink:type="locator" xlink:href="http://xbrl.fasb.org/us-gaap/2012/elts/us-gaap-2012-01-31.xsd#us-gaap_LongTermDebtMaturitiesRepaymentsOfPrincipalInYearFour" xlink:label="LongTermDebtMaturitiesRepaymentsOfPrincipalInYearFour" xlink:title="LongTermDebtMaturitiesRepaymentsOfPrincipalInYearFour" />
    <link:calculationArc xlink:type="arc" xlink:arcrole="http://www.xbrl.org/2003/arcrole/summation-item" xlink:from="LongTermDebt" xlink:to="LongTermDebtMaturitiesRepaymentsOfPrincipalInYearFour" xlink:title="calculation: LongTermDebt to LongTermDebtMaturitiesRepaymentsOfPrincipalInYearFour" use="optional" order="4.0" weight="1" />
    <link:loc xlink:type="locator" xlink:href="http://xbrl.fasb.org/us-gaap/2012/elts/us-gaap-2012-01-31.xsd#us-gaap_LongTermDebtMaturitiesRepaymentsOfPrincipalInYearFive" xlink:label="LongTermDebtMaturitiesRepaymentsOfPrincipalInYearFive" xlink:title="LongTermDebtMaturitiesRepaymentsOfPrincipalInYearFive" />
    <link:calculationArc xlink:type="arc" xlink:arcrole="http://www.xbrl.org/2003/arcrole/summation-item" xlink:from="LongTermDebt" xlink:to="LongTermDebtMaturitiesRepaymentsOfPrincipalInYearFive" xlink:title="calculation: LongTermDebt to LongTermDebtMaturitiesRepaymentsOfPrincipalInYearFive" use="optional" order="5.0" weight="1" />
    <link:loc xlink:type="locator" xlink:href="http://xbrl.fasb.org/us-gaap/2012/elts/us-gaap-2012-01-31.xsd#us-gaap_LongTermDebtMaturitiesRepaymentsOfPrincipalAfterYearFive" xlink:label="LongTermDebtMaturitiesRepaymentsOfPrincipalAfterYearFive" xlink:title="LongTermDebtMaturitiesRepaymentsOfPrincipalAfterYearFive" />
    <link:calculationArc xlink:type="arc" xlink:arcrole="http://www.xbrl.org/2003/arcrole/summation-item" xlink:from="LongTermDebt" xlink:to="LongTermDebtMaturitiesRepaymentsOfPrincipalAfterYearFive" xlink:title="calculation: LongTermDebt to LongTermDebtMaturitiesRepaymentsOfPrincipalAfterYearFive" use="optional" order="6.0" weight="1" />
  </link:calculationLink>
  <link:calculationLink xlink:type="extended" xlink:role="http://www.alkermes.com/role/DisclosureEarningsLossPerShareDetails">
    <link:loc xlink:type="locator" xlink:href="http://xbrl.fasb.org/us-gaap/2012/elts/us-gaap-2012-01-31.xsd#us-gaap_WeightedAverageNumberOfDilutedSharesOutstanding" xlink:label="WeightedAverageNumberOfDilutedSharesOutstanding" xlink:title="WeightedAverageNumberOfDilutedSharesOutstanding" />
    <link:loc xlink:type="locator" xlink:href="http://xbrl.fasb.org/us-gaap/2012/elts/us-gaap-2012-01-31.xsd#us-gaap_WeightedAverageNumberOfSharesOutstandingBasic" xlink:label="WeightedAverageNumberOfSharesOutstandingBasic" xlink:title="WeightedAverageNumberOfSharesOutstandingBasic" />
    <link:calculationArc xlink:type="arc" xlink:arcrole="http://www.xbrl.org/2003/arcrole/summation-item" xlink:from="WeightedAverageNumberOfDilutedSharesOutstanding" xlink:to="WeightedAverageNumberOfSharesOutstandingBasic" xlink:title="calculation: WeightedAverageNumberOfDilutedSharesOutstanding to WeightedAverageNumberOfSharesOutstandingBasic" use="optional" order="1.0" weight="1" />
    <link:loc xlink:type="locator" xlink:href="http://xbrl.fasb.org/us-gaap/2012/elts/us-gaap-2012-01-31.xsd#us-gaap_WeightedAverageNumberDilutedSharesOutstandingAdjustment" xlink:label="WeightedAverageNumberDilutedSharesOutstandingAdjustment" xlink:title="WeightedAverageNumberDilutedSharesOutstandingAdjustment" />
    <link:calculationArc xlink:type="arc" xlink:arcrole="http://www.xbrl.org/2003/arcrole/summation-item" xlink:from="WeightedAverageNumberOfDilutedSharesOutstanding" xlink:to="WeightedAverageNumberDilutedSharesOutstandingAdjustment" xlink:title="calculation: WeightedAverageNumberOfDilutedSharesOutstanding to WeightedAverageNumberDilutedSharesOutstandingAdjustment" use="optional" order="2.0" weight="1" />
    <link:loc xlink:type="locator" xlink:href="http://xbrl.fasb.org/us-gaap/2012/elts/us-gaap-2012-01-31.xsd#us-gaap_IncrementalCommonSharesAttributableToShareBasedPaymentArrangements" xlink:label="IncrementalCommonSharesAttributableToShareBasedPaymentArrangements" xlink:title="IncrementalCommonSharesAttributableToShareBasedPaymentArrangements" />
    <link:calculationArc xlink:type="arc" xlink:arcrole="http://www.xbrl.org/2003/arcrole/summation-item" xlink:from="WeightedAverageNumberDilutedSharesOutstandingAdjustment" xlink:to="IncrementalCommonSharesAttributableToShareBasedPaymentArrangements" xlink:title="calculation: WeightedAverageNumberDilutedSharesOutstandingAdjustment to IncrementalCommonSharesAttributableToShareBasedPaymentArrangements" use="optional" order="1.0" weight="1" />
    <link:loc xlink:type="locator" xlink:href="alks-20121231.xsd#alks_IncrementalCommonSharesAttributableToOtherThanShareBasedPaymentArrangements" xlink:label="IncrementalCommonSharesAttributableToOtherThanShareBasedPaymentArrangements" xlink:title="IncrementalCommonSharesAttributableToOtherThanShareBasedPaymentArrangements" />
    <link:calculationArc xlink:type="arc" xlink:arcrole="http://www.xbrl.org/2003/arcrole/summation-item" xlink:from="WeightedAverageNumberDilutedSharesOutstandingAdjustment" xlink:to="IncrementalCommonSharesAttributableToOtherThanShareBasedPaymentArrangements" xlink:title="calculation: WeightedAverageNumberDilutedSharesOutstandingAdjustment to IncrementalCommonSharesAttributableToOtherThanShareBasedPaymentArrangements" use="optional" order="2.0" weight="1" />
  </link:calculationLink>
  <link:calculationLink xlink:type="extended" xlink:role="http://www.alkermes.com/role/DisclosureFairValueMeasurementsDetails">
    <link:loc xlink:type="locator" xlink:href="http://xbrl.fasb.org/us-gaap/2012/elts/us-gaap-2012-01-31.xsd#us-gaap_LiabilitiesFairValueDisclosure" xlink:label="LiabilitiesFairValueDisclosure" xlink:title="LiabilitiesFairValueDisclosure" />
    <link:loc xlink:type="locator" xlink:href="http://xbrl.fasb.org/us-gaap/2012/elts/us-gaap-2012-01-31.xsd#us-gaap_DerivativeFinancialInstrumentsLiabilitiesFairValueDisclosure" xlink:label="DerivativeFinancialInstrumentsLiabilitiesFairValueDisclosure" xlink:title="DerivativeFinancialInstrumentsLiabilitiesFairValueDisclosure" />
    <link:calculationArc xlink:type="arc" xlink:arcrole="http://www.xbrl.org/2003/arcrole/summation-item" xlink:from="LiabilitiesFairValueDisclosure" xlink:to="DerivativeFinancialInstrumentsLiabilitiesFairValueDisclosure" xlink:title="calculation: LiabilitiesFairValueDisclosure to DerivativeFinancialInstrumentsLiabilitiesFairValueDisclosure" order="1.0" weight="1" />
  </link:calculationLink>
  <link:calculationLink xlink:type="extended" xlink:role="http://www.alkermes.com/role/DisclosureLongTermDebtDetails2">
    <link:loc xlink:type="locator" xlink:href="http://xbrl.fasb.org/us-gaap/2012/elts/us-gaap-2012-01-31.xsd#us-gaap_GainsLossesOnExtinguishmentOfDebt" xlink:label="GainsLossesOnExtinguishmentOfDebt" xlink:title="GainsLossesOnExtinguishmentOfDebt" />
    <link:loc xlink:type="locator" xlink:href="http://xbrl.fasb.org/us-gaap/2012/elts/us-gaap-2012-01-31.xsd#us-gaap_WriteOffOfDeferredDebtIssuanceCost" xlink:label="WriteOffOfDeferredDebtIssuanceCost" xlink:title="WriteOffOfDeferredDebtIssuanceCost" />
    <link:calculationArc xlink:type="arc" xlink:arcrole="http://www.xbrl.org/2003/arcrole/summation-item" xlink:from="GainsLossesOnExtinguishmentOfDebt" xlink:to="WriteOffOfDeferredDebtIssuanceCost" xlink:title="calculation: GainsLossesOnExtinguishmentOfDebt to WriteOffOfDeferredDebtIssuanceCost" use="optional" order="1.0" weight="-1" />
    <link:loc xlink:type="locator" xlink:href="alks-20121231.xsd#alks_WriteOffOfUnamortizedDiscount" xlink:label="WriteOffOfUnamortizedDiscount" xlink:title="WriteOffOfUnamortizedDiscount" />
    <link:calculationArc xlink:type="arc" xlink:arcrole="http://www.xbrl.org/2003/arcrole/summation-item" xlink:from="GainsLossesOnExtinguishmentOfDebt" xlink:to="WriteOffOfUnamortizedDiscount" xlink:title="calculation: GainsLossesOnExtinguishmentOfDebt to WriteOffOfUnamortizedDiscount" use="optional" order="2.0" weight="-1" />
    <link:loc xlink:type="locator" xlink:href="http://xbrl.fasb.org/us-gaap/2012/elts/us-gaap-2012-01-31.xsd#us-gaap_DebtRelatedCommitmentFeesAndDebtIssuanceCosts" xlink:label="DebtRelatedCommitmentFeesAndDebtIssuanceCosts" xlink:title="DebtRelatedCommitmentFeesAndDebtIssuanceCosts" />
    <link:calculationArc xlink:type="arc" xlink:arcrole="http://www.xbrl.org/2003/arcrole/summation-item" xlink:from="GainsLossesOnExtinguishmentOfDebt" xlink:to="DebtRelatedCommitmentFeesAndDebtIssuanceCosts" xlink:title="calculation: GainsLossesOnExtinguishmentOfDebt to DebtRelatedCommitmentFeesAndDebtIssuanceCosts" use="optional" order="3.0" weight="-1" />
    <link:loc xlink:type="locator" xlink:href="alks-20121231.xsd#alks_DebtInstrumentOriginalIssueDiscount" xlink:label="DebtInstrumentOriginalIssueDiscount" xlink:title="DebtInstrumentOriginalIssueDiscount" />
    <link:calculationArc xlink:type="arc" xlink:arcrole="http://www.xbrl.org/2003/arcrole/summation-item" xlink:from="GainsLossesOnExtinguishmentOfDebt" xlink:to="DebtInstrumentOriginalIssueDiscount" xlink:title="calculation: GainsLossesOnExtinguishmentOfDebt to DebtInstrumentOriginalIssueDiscount" use="optional" order="4.0" weight="-1" />
    <link:loc xlink:type="locator" xlink:href="alks-20121231.xsd#alks_DebtInstrumentPrePaymentPenalty" xlink:label="DebtInstrumentPrePaymentPenalty" xlink:title="DebtInstrumentPrePaymentPenalty" />
    <link:calculationArc xlink:type="arc" xlink:arcrole="http://www.xbrl.org/2003/arcrole/summation-item" xlink:from="GainsLossesOnExtinguishmentOfDebt" xlink:to="DebtInstrumentPrePaymentPenalty" xlink:title="calculation: GainsLossesOnExtinguishmentOfDebt to DebtInstrumentPrePaymentPenalty" use="optional" order="5.0" weight="-1" />
  </link:calculationLink>
</link:linkbase>
