<?xml version="1.0" encoding="us-ascii"?>
<!-- XBRL Generated with XBRLMark Copyright (C) by RR Donnelley -->
<!-- Based on XBRL 2.1 -->
<linkbase xmlns="http://www.xbrl.org/2003/linkbase" xmlns:xsi="http://www.w3.org/2001/XMLSchema-instance" xmlns:xlink="http://www.w3.org/1999/xlink" xsi:schemaLocation="http://www.xbrl.org/2003/linkbase http://www.xbrl.org/2003/xbrl-linkbase-2003-12-31.xsd">
  <roleRef xlink:type="simple" xlink:href="ipmt-20120331.xsd#DocumentAndEntityInformation" roleURI="http://ipaymentinc.com/role/DocumentAndEntityInformation" />
  <roleRef xlink:type="simple" xlink:href="ipmt-20120331.xsd#EquityRedemptionRefinancingAndChangeInControl" roleURI="http://ipaymentinc.com/role/EquityRedemptionRefinancingAndChangeInControl" />
  <roleRef xlink:type="simple" xlink:href="ipmt-20120331.xsd#RestatementOfConsolidatedFinancialStatements" roleURI="http://ipaymentinc.com/role/RestatementOfConsolidatedFinancialStatements" />
  <roleRef xlink:type="simple" xlink:href="ipmt-20120331.xsd#StatementsOfOperationAndComprehensiveIncomeLoss" roleURI="http://ipaymentinc.com/role/StatementsOfOperationAndComprehensiveIncomeLoss" />
  <calculationLink xlink:type="extended" xlink:role="http://ipaymentinc.com/role/DocumentAndEntityInformation" xlink:title="00 - Document - Document and Entity Information" />
  <roleRef roleURI="http://ipaymentinc.com/role/BalanceSheets" xlink:href="ipmt-20120331.xsd#BalanceSheets" xlink:type="simple" />
  <roleRef roleURI="http://ipaymentinc.com/role/BalanceSheetsParenthetical" xlink:href="ipmt-20120331.xsd#BalanceSheetsParenthetical" xlink:type="simple" />
  <roleRef roleURI="http://ipaymentinc.com/role/StatementsOfCashFlows" xlink:href="ipmt-20120331.xsd#StatementsOfCashFlows" xlink:type="simple" />
  <calculationLink xlink:role="http://ipaymentinc.com/role/BalanceSheets" xlink:title="0110 - Statement - Consolidated Balance Sheets" xlink:type="extended">
    <loc xlink:type="locator" xlink:href="http://xbrl.fasb.org/us-gaap/2012/elts/us-gaap-2012-01-31.xsd#us-gaap_AssetsCurrent" xlink:label="loc_AssetsCurrent" />
    <loc xlink:type="locator" xlink:href="http://xbrl.fasb.org/us-gaap/2012/elts/us-gaap-2012-01-31.xsd#us-gaap_CashAndCashEquivalentsAtCarryingValue" xlink:label="loc_CashAndCashEquivalentsAtCarryingValue" />
    <calculationArc xlink:type="arc" xlink:arcrole="http://www.xbrl.org/2003/arcrole/summation-item" xlink:from="loc_AssetsCurrent" xlink:to="loc_CashAndCashEquivalentsAtCarryingValue" order="20" use="optional" weight="1" />
    <loc xlink:type="locator" xlink:href="http://xbrl.fasb.org/us-gaap/2012/elts/us-gaap-2012-01-31.xsd#us-gaap_AccountsReceivableNetCurrent" xlink:label="loc_AccountsReceivableNetCurrent" />
    <calculationArc xlink:type="arc" xlink:arcrole="http://www.xbrl.org/2003/arcrole/summation-item" xlink:from="loc_AssetsCurrent" xlink:to="loc_AccountsReceivableNetCurrent" order="40" use="optional" weight="1" />
    <loc xlink:type="locator" xlink:href="http://xbrl.fasb.org/us-gaap/2012/elts/us-gaap-2012-01-31.xsd#us-gaap_PrepaidExpenseAndOtherAssetsCurrent" xlink:label="loc_PrepaidExpenseAndOtherAssetsCurrent" />
    <calculationArc xlink:type="arc" xlink:arcrole="http://www.xbrl.org/2003/arcrole/summation-item" xlink:from="loc_AssetsCurrent" xlink:to="loc_PrepaidExpenseAndOtherAssetsCurrent" order="60" use="optional" weight="1" />
    <loc xlink:type="locator" xlink:href="http://xbrl.fasb.org/us-gaap/2012/elts/us-gaap-2012-01-31.xsd#us-gaap_DeferredTaxAssetsNetCurrent" xlink:label="loc_DeferredTaxAssetsNetCurrent" />
    <calculationArc xlink:type="arc" xlink:arcrole="http://www.xbrl.org/2003/arcrole/summation-item" xlink:from="loc_AssetsCurrent" xlink:to="loc_DeferredTaxAssetsNetCurrent" order="80" use="optional" weight="1" />
    <loc xlink:type="locator" xlink:href="http://xbrl.fasb.org/us-gaap/2012/elts/us-gaap-2012-01-31.xsd#us-gaap_Assets" xlink:label="loc_Assets" />
    <calculationArc xlink:type="arc" xlink:arcrole="http://www.xbrl.org/2003/arcrole/summation-item" xlink:from="loc_Assets" xlink:to="loc_AssetsCurrent" order="20" use="optional" weight="1" />
    <loc xlink:type="locator" xlink:href="http://xbrl.fasb.org/us-gaap/2012/elts/us-gaap-2012-01-31.xsd#us-gaap_RestrictedCashAndCashEquivalentsNoncurrent" xlink:label="loc_RestrictedCashAndCashEquivalentsNoncurrent" />
    <calculationArc xlink:type="arc" xlink:arcrole="http://www.xbrl.org/2003/arcrole/summation-item" xlink:from="loc_Assets" xlink:to="loc_RestrictedCashAndCashEquivalentsNoncurrent" order="40" use="optional" weight="1" />
    <loc xlink:type="locator" xlink:href="http://xbrl.fasb.org/us-gaap/2012/elts/us-gaap-2012-01-31.xsd#us-gaap_PropertyPlantAndEquipmentNet" xlink:label="loc_PropertyPlantAndEquipmentNet" />
    <calculationArc xlink:type="arc" xlink:arcrole="http://www.xbrl.org/2003/arcrole/summation-item" xlink:from="loc_Assets" xlink:to="loc_PropertyPlantAndEquipmentNet" order="60" use="optional" weight="1" />
    <loc xlink:type="locator" xlink:href="http://xbrl.fasb.org/us-gaap/2012/elts/us-gaap-2012-01-31.xsd#us-gaap_IntangibleAssetsNetExcludingGoodwill" xlink:label="loc_IntangibleAssetsNetExcludingGoodwill" />
    <calculationArc xlink:type="arc" xlink:arcrole="http://www.xbrl.org/2003/arcrole/summation-item" xlink:from="loc_Assets" xlink:to="loc_IntangibleAssetsNetExcludingGoodwill" order="80" use="optional" weight="1" />
    <loc xlink:type="locator" xlink:href="http://xbrl.fasb.org/us-gaap/2012/elts/us-gaap-2012-01-31.xsd#us-gaap_Goodwill" xlink:label="loc_Goodwill" />
    <calculationArc xlink:type="arc" xlink:arcrole="http://www.xbrl.org/2003/arcrole/summation-item" xlink:from="loc_Assets" xlink:to="loc_Goodwill" order="100" use="optional" weight="1" />
    <loc xlink:type="locator" xlink:href="http://xbrl.fasb.org/us-gaap/2012/elts/us-gaap-2012-01-31.xsd#us-gaap_OtherAssetsNoncurrent" xlink:label="loc_OtherAssetsNoncurrent" />
    <calculationArc xlink:type="arc" xlink:arcrole="http://www.xbrl.org/2003/arcrole/summation-item" xlink:from="loc_Assets" xlink:to="loc_OtherAssetsNoncurrent" order="120" use="optional" weight="1" />
    <loc xlink:type="locator" xlink:href="http://xbrl.fasb.org/us-gaap/2012/elts/us-gaap-2012-01-31.xsd#us-gaap_LiabilitiesCurrent" xlink:label="loc_LiabilitiesCurrent" />
    <loc xlink:type="locator" xlink:href="http://xbrl.fasb.org/us-gaap/2012/elts/us-gaap-2012-01-31.xsd#us-gaap_AccountsPayableCurrent" xlink:label="loc_AccountsPayableCurrent" />
    <calculationArc xlink:type="arc" xlink:arcrole="http://www.xbrl.org/2003/arcrole/summation-item" xlink:from="loc_LiabilitiesCurrent" xlink:to="loc_AccountsPayableCurrent" order="20" use="optional" weight="1" />
    <loc xlink:type="locator" xlink:href="http://xbrl.fasb.org/us-gaap/2012/elts/us-gaap-2012-01-31.xsd#us-gaap_TaxesPayableCurrent" xlink:label="loc_TaxesPayableCurrent" />
    <calculationArc xlink:type="arc" xlink:arcrole="http://www.xbrl.org/2003/arcrole/summation-item" xlink:from="loc_LiabilitiesCurrent" xlink:to="loc_TaxesPayableCurrent" order="40" use="optional" weight="1" />
    <loc xlink:type="locator" xlink:href="http://xbrl.fasb.org/us-gaap/2012/elts/us-gaap-2012-01-31.xsd#us-gaap_DepositLiabilitiesAccruedInterest" xlink:label="loc_DepositLiabilitiesAccruedInterest" />
    <calculationArc xlink:type="arc" xlink:arcrole="http://www.xbrl.org/2003/arcrole/summation-item" xlink:from="loc_LiabilitiesCurrent" xlink:to="loc_DepositLiabilitiesAccruedInterest" order="60" use="optional" weight="1" />
    <loc xlink:type="locator" xlink:href="ipmt-20120331.xsd#ipmt_AccruedLiabilitiesAndOther" xlink:label="ipmt_AccruedLiabilitiesAndOther" />
    <calculationArc xlink:type="arc" xlink:arcrole="http://www.xbrl.org/2003/arcrole/summation-item" xlink:from="loc_LiabilitiesCurrent" xlink:to="ipmt_AccruedLiabilitiesAndOther" order="80" use="optional" weight="1" />
    <loc xlink:type="locator" xlink:href="http://xbrl.fasb.org/us-gaap/2012/elts/us-gaap-2012-01-31.xsd#us-gaap_Liabilities" xlink:label="loc_Liabilities" />
    <calculationArc xlink:type="arc" xlink:arcrole="http://www.xbrl.org/2003/arcrole/summation-item" xlink:from="loc_Liabilities" xlink:to="loc_LiabilitiesCurrent" order="20" use="optional" weight="1" />
    <loc xlink:type="locator" xlink:href="http://xbrl.fasb.org/us-gaap/2012/elts/us-gaap-2012-01-31.xsd#us-gaap_LongTermDebtNoncurrent" xlink:label="loc_LongTermDebtNoncurrent" />
    <calculationArc xlink:type="arc" xlink:arcrole="http://www.xbrl.org/2003/arcrole/summation-item" xlink:from="loc_Liabilities" xlink:to="loc_LongTermDebtNoncurrent" order="60" use="optional" weight="1" />
    <loc xlink:type="locator" xlink:href="http://xbrl.fasb.org/us-gaap/2012/elts/us-gaap-2012-01-31.xsd#us-gaap_OtherLiabilitiesNoncurrent" xlink:label="loc_OtherLiabilitiesNoncurrent" />
    <calculationArc xlink:type="arc" xlink:arcrole="http://www.xbrl.org/2003/arcrole/summation-item" xlink:from="loc_Liabilities" xlink:to="loc_OtherLiabilitiesNoncurrent" order="80" use="optional" weight="1" />
    <loc xlink:type="locator" xlink:href="http://xbrl.fasb.org/us-gaap/2012/elts/us-gaap-2012-01-31.xsd#us-gaap_LiabilitiesAndStockholdersEquity" xlink:label="loc_LiabilitiesAndStockholdersEquity" />
    <calculationArc xlink:type="arc" xlink:arcrole="http://www.xbrl.org/2003/arcrole/summation-item" xlink:from="loc_LiabilitiesAndStockholdersEquity" xlink:to="loc_Liabilities" order="20" use="optional" weight="1" />
    <loc xlink:type="locator" xlink:href="http://xbrl.fasb.org/us-gaap/2012/elts/us-gaap-2012-01-31.xsd#us-gaap_StockholdersEquity" xlink:label="loc_StockholdersEquity" />
    <loc xlink:type="locator" xlink:href="http://xbrl.fasb.org/us-gaap/2012/elts/us-gaap-2012-01-31.xsd#us-gaap_CommonStockValue" xlink:label="loc_CommonStockValue" />
    <calculationArc xlink:type="arc" xlink:arcrole="http://www.xbrl.org/2003/arcrole/summation-item" xlink:from="loc_StockholdersEquity" xlink:to="loc_CommonStockValue" order="20" use="optional" weight="1" />
    <loc xlink:type="locator" xlink:href="http://xbrl.fasb.org/us-gaap/2012/elts/us-gaap-2012-01-31.xsd#us-gaap_RetainedEarningsAccumulatedDeficit" xlink:label="loc_RetainedEarningsAccumulatedDeficit" />
    <calculationArc xlink:type="arc" xlink:arcrole="http://www.xbrl.org/2003/arcrole/summation-item" xlink:from="loc_StockholdersEquity" xlink:to="loc_RetainedEarningsAccumulatedDeficit" order="40" use="optional" weight="1" />
    <calculationArc xlink:type="arc" xlink:arcrole="http://www.xbrl.org/2003/arcrole/summation-item" xlink:from="loc_LiabilitiesAndStockholdersEquity" xlink:to="loc_StockholdersEquity" order="40" use="optional" weight="1" />
    <loc xlink:type="locator" xlink:href="http://xbrl.fasb.org/us-gaap/2012/elts/us-gaap-2012-01-31.xsd#us-gaap_DeferredTaxLiabilitiesNoncurrent" xlink:label="loc_DeferredTaxLiabilitiesNoncurrent" />
    <calculationArc xlink:type="arc" xlink:arcrole="http://www.xbrl.org/2003/arcrole/summation-item" xlink:from="loc_Liabilities" xlink:to="loc_DeferredTaxLiabilitiesNoncurrent" order="40" use="optional" weight="1" />
  </calculationLink>
  <calculationLink xlink:role="http://ipaymentinc.com/role/StatementsOfCashFlows" xlink:title="0130 - Statement - Consolidated Statements of Cash Flows (Unaudited)" xlink:type="extended">
    <loc xlink:type="locator" xlink:href="http://xbrl.fasb.org/us-gaap/2012/elts/us-gaap-2012-01-31.xsd#us-gaap_NetCashProvidedByUsedInOperatingActivities" xlink:label="loc_NetCashProvidedByUsedInOperatingActivities" />
    <loc xlink:type="locator" xlink:href="http://xbrl.fasb.org/us-gaap/2012/elts/us-gaap-2012-01-31.xsd#us-gaap_NetIncomeLoss" xlink:label="loc_NetIncomeLoss" />
    <calculationArc xlink:type="arc" xlink:arcrole="http://www.xbrl.org/2003/arcrole/summation-item" xlink:from="loc_NetCashProvidedByUsedInOperatingActivities" xlink:to="loc_NetIncomeLoss" order="20" use="optional" weight="1" />
    <loc xlink:type="locator" xlink:href="http://xbrl.fasb.org/us-gaap/2012/elts/us-gaap-2012-01-31.xsd#us-gaap_DepreciationDepletionAndAmortization" xlink:label="loc_DepreciationDepletionAndAmortization" />
    <calculationArc xlink:type="arc" xlink:arcrole="http://www.xbrl.org/2003/arcrole/summation-item" xlink:from="loc_NetCashProvidedByUsedInOperatingActivities" xlink:to="loc_DepreciationDepletionAndAmortization" order="40" use="optional" weight="1" />
    <loc xlink:type="locator" xlink:href="http://xbrl.fasb.org/us-gaap/2012/elts/us-gaap-2012-01-31.xsd#us-gaap_IncreaseDecreaseInAccountsReceivable" xlink:label="loc_IncreaseDecreaseInAccountsReceivable" />
    <calculationArc xlink:type="arc" xlink:arcrole="http://www.xbrl.org/2003/arcrole/summation-item" xlink:from="loc_NetCashProvidedByUsedInOperatingActivities" xlink:to="loc_IncreaseDecreaseInAccountsReceivable" order="100" use="optional" weight="-1" />
    <loc xlink:type="locator" xlink:href="http://xbrl.fasb.org/us-gaap/2012/elts/us-gaap-2012-01-31.xsd#us-gaap_IncreaseDecreaseInPrepaidDeferredExpenseAndOtherAssets" xlink:label="loc_IncreaseDecreaseInPrepaidDeferredExpenseAndOtherAssets" />
    <calculationArc xlink:type="arc" xlink:arcrole="http://www.xbrl.org/2003/arcrole/summation-item" xlink:from="loc_NetCashProvidedByUsedInOperatingActivities" xlink:to="loc_IncreaseDecreaseInPrepaidDeferredExpenseAndOtherAssets" order="120" use="optional" weight="-1" />
    <loc xlink:type="locator" xlink:href="http://xbrl.fasb.org/us-gaap/2012/elts/us-gaap-2012-01-31.xsd#us-gaap_IncreaseDecreaseInOtherOperatingAssets" xlink:label="loc_IncreaseDecreaseInOtherOperatingAssets" />
    <calculationArc xlink:type="arc" xlink:arcrole="http://www.xbrl.org/2003/arcrole/summation-item" xlink:from="loc_NetCashProvidedByUsedInOperatingActivities" xlink:to="loc_IncreaseDecreaseInOtherOperatingAssets" order="140" use="optional" weight="-1" />
    <loc xlink:type="locator" xlink:href="http://xbrl.fasb.org/us-gaap/2012/elts/us-gaap-2012-01-31.xsd#us-gaap_IncreaseDecreaseInAccountsPayableAndAccruedLiabilities" xlink:label="loc_IncreaseDecreaseInAccountsPayableAndAccruedLiabilities" />
    <calculationArc xlink:type="arc" xlink:arcrole="http://www.xbrl.org/2003/arcrole/summation-item" xlink:from="loc_NetCashProvidedByUsedInOperatingActivities" xlink:to="loc_IncreaseDecreaseInAccountsPayableAndAccruedLiabilities" order="160" use="optional" weight="1" />
    <loc xlink:type="locator" xlink:href="http://xbrl.fasb.org/us-gaap/2012/elts/us-gaap-2012-01-31.xsd#us-gaap_IncreaseDecreaseInInterestPayableNet" xlink:label="loc_IncreaseDecreaseInInterestPayableNet" />
    <calculationArc xlink:type="arc" xlink:arcrole="http://www.xbrl.org/2003/arcrole/summation-item" xlink:from="loc_NetCashProvidedByUsedInOperatingActivities" xlink:to="loc_IncreaseDecreaseInInterestPayableNet" order="180" use="optional" weight="1" />
    <loc xlink:type="locator" xlink:href="http://xbrl.fasb.org/us-gaap/2012/elts/us-gaap-2012-01-31.xsd#us-gaap_IncreaseDecreaseInAccruedLiabilitiesAndOtherOperatingLiabilities" xlink:label="loc_IncreaseDecreaseInAccruedLiabilitiesAndOtherOperatingLiabilities" />
    <calculationArc xlink:type="arc" xlink:arcrole="http://www.xbrl.org/2003/arcrole/summation-item" xlink:from="loc_NetCashProvidedByUsedInOperatingActivities" xlink:to="loc_IncreaseDecreaseInAccruedLiabilitiesAndOtherOperatingLiabilities" order="200" use="optional" weight="1" />
    <loc xlink:type="locator" xlink:href="http://xbrl.fasb.org/us-gaap/2012/elts/us-gaap-2012-01-31.xsd#us-gaap_CashAndCashEquivalentsPeriodIncreaseDecrease" xlink:label="loc_CashAndCashEquivalentsPeriodIncreaseDecrease" />
    <calculationArc xlink:type="arc" xlink:arcrole="http://www.xbrl.org/2003/arcrole/summation-item" xlink:from="loc_CashAndCashEquivalentsPeriodIncreaseDecrease" xlink:to="loc_NetCashProvidedByUsedInOperatingActivities" order="20" use="optional" weight="1" />
    <loc xlink:type="locator" xlink:href="http://xbrl.fasb.org/us-gaap/2012/elts/us-gaap-2012-01-31.xsd#us-gaap_NetCashProvidedByUsedInInvestingActivities" xlink:label="loc_NetCashProvidedByUsedInInvestingActivities" />
    <loc xlink:type="locator" xlink:href="http://xbrl.fasb.org/us-gaap/2012/elts/us-gaap-2012-01-31.xsd#us-gaap_IncreaseDecreaseInRestrictedCash" xlink:label="loc_IncreaseDecreaseInRestrictedCash" />
    <calculationArc xlink:type="arc" xlink:arcrole="http://www.xbrl.org/2003/arcrole/summation-item" xlink:from="loc_NetCashProvidedByUsedInInvestingActivities" xlink:to="loc_IncreaseDecreaseInRestrictedCash" order="20" use="optional" weight="-1" />
    <loc xlink:type="locator" xlink:href="http://xbrl.fasb.org/us-gaap/2012/elts/us-gaap-2012-01-31.xsd#us-gaap_PaymentsToAcquirePropertyPlantAndEquipment" xlink:label="loc_PaymentsToAcquirePropertyPlantAndEquipment" />
    <calculationArc xlink:type="arc" xlink:arcrole="http://www.xbrl.org/2003/arcrole/summation-item" xlink:from="loc_NetCashProvidedByUsedInInvestingActivities" xlink:to="loc_PaymentsToAcquirePropertyPlantAndEquipment" order="40" use="optional" weight="-1" />
    <loc xlink:type="locator" xlink:href="ipmt-20120331.xsd#ipmt_PaymentsForPrepaidResidualExpenses" xlink:label="ipmt_PaymentsForPrepaidResidualExpenses" />
    <calculationArc xlink:type="arc" xlink:arcrole="http://www.xbrl.org/2003/arcrole/summation-item" xlink:from="loc_NetCashProvidedByUsedInInvestingActivities" xlink:to="ipmt_PaymentsForPrepaidResidualExpenses" order="80" use="optional" weight="-1" />
    <calculationArc xlink:type="arc" xlink:arcrole="http://www.xbrl.org/2003/arcrole/summation-item" xlink:from="loc_CashAndCashEquivalentsPeriodIncreaseDecrease" xlink:to="loc_NetCashProvidedByUsedInInvestingActivities" order="40" use="optional" weight="1" />
    <loc xlink:type="locator" xlink:href="http://xbrl.fasb.org/us-gaap/2012/elts/us-gaap-2012-01-31.xsd#us-gaap_NetCashProvidedByUsedInFinancingActivities" xlink:label="loc_NetCashProvidedByUsedInFinancingActivities" />
    <loc xlink:type="locator" xlink:href="http://xbrl.fasb.org/us-gaap/2012/elts/us-gaap-2012-01-31.xsd#us-gaap_RepaymentsOfLinesOfCredit" xlink:label="loc_RepaymentsOfLinesOfCredit" />
    <calculationArc xlink:type="arc" xlink:arcrole="http://www.xbrl.org/2003/arcrole/summation-item" xlink:from="loc_NetCashProvidedByUsedInFinancingActivities" xlink:to="loc_RepaymentsOfLinesOfCredit" order="20" use="optional" weight="-1" />
    <loc xlink:type="locator" xlink:href="http://xbrl.fasb.org/us-gaap/2012/elts/us-gaap-2012-01-31.xsd#us-gaap_ProceedsFromRepaymentsOfDebt" xlink:label="loc_ProceedsFromRepaymentsOfDebt" />
    <calculationArc xlink:type="arc" xlink:arcrole="http://www.xbrl.org/2003/arcrole/summation-item" xlink:from="loc_NetCashProvidedByUsedInFinancingActivities" xlink:to="loc_ProceedsFromRepaymentsOfDebt" order="40" use="optional" weight="1" />
    <calculationArc xlink:type="arc" xlink:arcrole="http://www.xbrl.org/2003/arcrole/summation-item" xlink:from="loc_CashAndCashEquivalentsPeriodIncreaseDecrease" xlink:to="loc_NetCashProvidedByUsedInFinancingActivities" order="60" use="optional" weight="1" />
    <loc xlink:type="locator" xlink:href="http://xbrl.fasb.org/us-gaap/2012/elts/us-gaap-2012-01-31.xsd#us-gaap_OtherNoncashExpense" xlink:label="loc_OtherNoncashExpense" />
    <calculationArc xlink:type="arc" xlink:arcrole="http://www.xbrl.org/2003/arcrole/summation-item" xlink:from="loc_NetCashProvidedByUsedInOperatingActivities" xlink:to="loc_OtherNoncashExpense" order="60" use="optional" weight="1" />
    <loc xlink:type="locator" xlink:href="http://xbrl.fasb.org/us-gaap/2012/elts/us-gaap-2012-01-31.xsd#us-gaap_GainLossOnSaleOfPropertyPlantEquipment" xlink:label="loc_GainLossOnSaleOfPropertyPlantEquipment" />
    <calculationArc xlink:type="arc" xlink:arcrole="http://www.xbrl.org/2003/arcrole/summation-item" xlink:from="loc_NetCashProvidedByUsedInOperatingActivities" xlink:to="loc_GainLossOnSaleOfPropertyPlantEquipment" order="75" use="optional" weight="-1" priority="1" />
  </calculationLink>
  <roleRef xlink:type="simple" xlink:href="ipmt-20120331.xsd#OrganizationAndBusinessAndBasisOfPresentation" roleURI="http://ipaymentinc.com/role/OrganizationAndBusinessAndBasisOfPresentation" />
  <calculationLink xlink:type="extended" xlink:role="http://ipaymentinc.com/role/OrganizationAndBusinessAndBasisOfPresentation" xlink:title="0201 - Disclosure - Organization, Business and Basis of Presentation" />
  <roleRef xlink:type="simple" xlink:href="ipmt-20120331.xsd#Acquisitions" roleURI="http://ipaymentinc.com/role/Acquisitions" />
  <calculationLink xlink:type="extended" xlink:role="http://ipaymentinc.com/role/Acquisitions" xlink:title="0204 - Disclosure - Acquisitions" />
  <roleRef xlink:type="simple" xlink:href="ipmt-20120331.xsd#OtherIntangibles" roleURI="http://ipaymentinc.com/role/OtherIntangibles" />
  <calculationLink xlink:type="extended" xlink:role="http://ipaymentinc.com/role/OtherIntangibles" xlink:title="0205 - Disclosure - Other Intangibles" />
  <roleRef xlink:type="simple" xlink:href="ipmt-20120331.xsd#LongTermDebt" roleURI="http://ipaymentinc.com/role/LongTermDebt" />
  <calculationLink xlink:type="extended" xlink:role="http://ipaymentinc.com/role/LongTermDebt" xlink:title="0206 - Disclosure - Long-Term Debt" />
  <roleRef xlink:type="simple" xlink:href="ipmt-20120331.xsd#SegmentInformationAndGeographicalInformation" roleURI="http://ipaymentinc.com/role/SegmentInformationAndGeographicalInformation" />
  <calculationLink xlink:type="extended" xlink:role="http://ipaymentinc.com/role/SegmentInformationAndGeographicalInformation" xlink:title="0207 - Disclosure - Segment Information and Geographical Information" />
  <roleRef xlink:type="simple" xlink:href="ipmt-20120331.xsd#IncomeTaxes" roleURI="http://ipaymentinc.com/role/IncomeTaxes" />
  <calculationLink xlink:type="extended" xlink:role="http://ipaymentinc.com/role/IncomeTaxes" xlink:title="0208 - Disclosure - Income Taxes" />
  <roleRef xlink:type="simple" xlink:href="ipmt-20120331.xsd#CommitmentsAndContingencies" roleURI="http://ipaymentinc.com/role/CommitmentsAndContingencies" />
  <calculationLink xlink:type="extended" xlink:role="http://ipaymentinc.com/role/CommitmentsAndContingencies" xlink:title="0209 - Disclosure - Commitments and Contingencies" />
  <roleRef xlink:type="simple" xlink:href="ipmt-20120331.xsd#RecentAccountingPronouncements" roleURI="http://ipaymentinc.com/role/RecentAccountingPronouncements" />
  <calculationLink xlink:type="extended" xlink:role="http://ipaymentinc.com/role/RecentAccountingPronouncements" xlink:title="0210 - Disclosure - Recent Accounting Pronouncements" />
  <roleRef xlink:type="simple" xlink:href="ipmt-20120331.xsd#RelatedPartyTransactions" roleURI="http://ipaymentinc.com/role/RelatedPartyTransactions" />
  <calculationLink xlink:type="extended" xlink:role="http://ipaymentinc.com/role/RelatedPartyTransactions" xlink:title="0211 - Disclosure - Related Party Transactions" />
  <roleRef xlink:type="simple" xlink:href="ipmt-20120331.xsd#SubsequentEvents" roleURI="http://ipaymentinc.com/role/SubsequentEvents" />
  <calculationLink xlink:type="extended" xlink:role="http://ipaymentinc.com/role/SubsequentEvents" xlink:title="0212 - Disclosure - Subsequent Events" />
  <calculationLink xlink:type="extended" xlink:role="http://ipaymentinc.com/role/EquityRedemptionRefinancingAndChangeInControl" xlink:title="0203 - Disclosure - Equity Redemption, Refinancing and Change in Control" />
  <calculationLink xlink:type="extended" xlink:role="http://ipaymentinc.com/role/RestatementOfConsolidatedFinancialStatements" xlink:title="0202 - Disclosure - Restatement of Consolidated Financial Statements" />
  <calculationLink xlink:type="extended" xlink:role="http://ipaymentinc.com/role/StatementsOfOperationAndComprehensiveIncomeLoss" xlink:title="0120 - Statement - Consolidated Statements of Operation and Comprehensive Income (Loss) (Unaudited)">
    <loc xlink:type="locator" xlink:href="http://xbrl.fasb.org/us-gaap/2012/elts/us-gaap-2012-01-31.xsd#us-gaap_ComprehensiveIncomeNetOfTax" xlink:label="loc_ComprehensiveIncomeNetOfTax" />
    <loc xlink:type="locator" xlink:href="http://xbrl.fasb.org/us-gaap/2012/elts/us-gaap-2012-01-31.xsd#us-gaap_IncomeTaxExpenseBenefit" xlink:label="us-gaap_IncomeTaxExpenseBenefit_2" />
    <calculationArc xlink:type="arc" xlink:arcrole="http://www.xbrl.org/2003/arcrole/summation-item" xlink:from="loc_ComprehensiveIncomeNetOfTax" xlink:to="us-gaap_IncomeTaxExpenseBenefit_2" order="20" use="optional" weight="-1" priority="1" />
    <loc xlink:type="locator" xlink:href="http://xbrl.fasb.org/us-gaap/2012/elts/us-gaap-2012-01-31.xsd#us-gaap_IncomeLossFromContinuingOperationsBeforeIncomeTaxesMinorityInterestAndIncomeLossFromEquityMethodInvestments" xlink:label="loc_IncomeLossFromContinuingOperationsBeforeIncomeTaxesMinorityInterestAndIncomeLossFromEquityMethodInvestments" />
    <calculationArc xlink:type="arc" xlink:arcrole="http://www.xbrl.org/2003/arcrole/summation-item" xlink:from="loc_ComprehensiveIncomeNetOfTax" xlink:to="loc_IncomeLossFromContinuingOperationsBeforeIncomeTaxesMinorityInterestAndIncomeLossFromEquityMethodInvestments" order="40" use="optional" weight="1" priority="1" />
    <loc xlink:type="locator" xlink:href="http://xbrl.fasb.org/us-gaap/2012/elts/us-gaap-2012-01-31.xsd#us-gaap_OtherNonoperatingIncomeExpense" xlink:label="loc_OtherNonoperatingIncomeExpense" />
    <calculationArc xlink:type="arc" xlink:arcrole="http://www.xbrl.org/2003/arcrole/summation-item" xlink:from="loc_IncomeLossFromContinuingOperationsBeforeIncomeTaxesMinorityInterestAndIncomeLossFromEquityMethodInvestments" xlink:to="loc_OtherNonoperatingIncomeExpense" order="20" use="optional" weight="1" priority="1" />
    <loc xlink:type="locator" xlink:href="http://xbrl.fasb.org/us-gaap/2012/elts/us-gaap-2012-01-31.xsd#us-gaap_InterestExpense" xlink:label="loc_InterestExpense" />
    <calculationArc xlink:type="arc" xlink:arcrole="http://www.xbrl.org/2003/arcrole/summation-item" xlink:from="loc_IncomeLossFromContinuingOperationsBeforeIncomeTaxesMinorityInterestAndIncomeLossFromEquityMethodInvestments" xlink:to="loc_InterestExpense" order="40" use="optional" weight="-1" priority="1" />
    <loc xlink:type="locator" xlink:href="http://xbrl.fasb.org/us-gaap/2012/elts/us-gaap-2012-01-31.xsd#us-gaap_OperatingIncomeLoss" xlink:label="loc_OperatingIncomeLoss" />
    <calculationArc xlink:type="arc" xlink:arcrole="http://www.xbrl.org/2003/arcrole/summation-item" xlink:from="loc_IncomeLossFromContinuingOperationsBeforeIncomeTaxesMinorityInterestAndIncomeLossFromEquityMethodInvestments" xlink:to="loc_OperatingIncomeLoss" order="60" use="optional" weight="1" priority="1" />
    <loc xlink:type="locator" xlink:href="http://xbrl.fasb.org/us-gaap/2012/elts/us-gaap-2012-01-31.xsd#us-gaap_OperatingExpenses" xlink:label="loc_OperatingExpenses" />
    <calculationArc xlink:type="arc" xlink:arcrole="http://www.xbrl.org/2003/arcrole/summation-item" xlink:from="loc_OperatingIncomeLoss" xlink:to="loc_OperatingExpenses" order="20" use="optional" weight="-1" priority="1" />
    <loc xlink:type="locator" xlink:href="ipmt-20120331.xsd#ipmt_Interchange" xlink:label="ipmt_Interchange" />
    <calculationArc xlink:type="arc" xlink:arcrole="http://www.xbrl.org/2003/arcrole/summation-item" xlink:from="loc_OperatingExpenses" xlink:to="ipmt_Interchange" order="10" use="optional" weight="1" priority="1" />
    <loc xlink:type="locator" xlink:href="ipmt-20120331.xsd#ipmt_OtherMiscellaneousCostOfServices" xlink:label="ipmt_OtherMiscellaneousCostOfServices" />
    <calculationArc xlink:type="arc" xlink:arcrole="http://www.xbrl.org/2003/arcrole/summation-item" xlink:from="loc_OperatingExpenses" xlink:to="ipmt_OtherMiscellaneousCostOfServices" order="15" use="optional" weight="1" priority="1" />
    <loc xlink:type="locator" xlink:href="ipmt-20120331.xsd#ipmt_OtherCostAndExpenseEmbezzlementCosts" xlink:label="ipmt_OtherCostAndExpenseEmbezzlementCosts" />
    <calculationArc xlink:type="arc" xlink:arcrole="http://www.xbrl.org/2003/arcrole/summation-item" xlink:from="loc_OperatingExpenses" xlink:to="ipmt_OtherCostAndExpenseEmbezzlementCosts" order="17.5" use="optional" weight="1" priority="1" />
    <loc xlink:type="locator" xlink:href="http://xbrl.fasb.org/us-gaap/2012/elts/us-gaap-2012-01-31.xsd#us-gaap_SellingGeneralAndAdministrativeExpense" xlink:label="loc_SellingGeneralAndAdministrativeExpense" />
    <calculationArc xlink:type="arc" xlink:arcrole="http://www.xbrl.org/2003/arcrole/summation-item" xlink:from="loc_OperatingExpenses" xlink:to="loc_SellingGeneralAndAdministrativeExpense" order="20" use="optional" weight="1" priority="1" />
    <loc xlink:type="locator" xlink:href="http://xbrl.fasb.org/us-gaap/2012/elts/us-gaap-2012-01-31.xsd#us-gaap_Revenues" xlink:label="loc_Revenues" />
    <calculationArc xlink:type="arc" xlink:arcrole="http://www.xbrl.org/2003/arcrole/summation-item" xlink:from="loc_OperatingIncomeLoss" xlink:to="loc_Revenues" order="40" use="optional" weight="1" priority="1" />
  </calculationLink>
</linkbase>
