<?xml version="1.0" encoding="us-ascii"?>
<!-- XBRL Generated with XBRLMark Copyright (C) by RR Donnelley -->
<!-- Based on XBRL 2.1 -->
<linkbase xmlns:xsi="http://www.w3.org/2001/XMLSchema-instance" xsi:schemaLocation="http://www.xbrl.org/2003/linkbase http://www.xbrl.org/2003/xbrl-linkbase-2003-12-31.xsd" xmlns="http://www.xbrl.org/2003/linkbase" xmlns:xlink="http://www.w3.org/1999/xlink">
  <roleRef roleURI="http://ipaymentinc.com/role/DocumentAndEntityInformation" xlink:type="simple" xlink:href="ipmt-20120331.xsd#DocumentAndEntityInformation" />
  <roleRef xlink:type="simple" xlink:href="ipmt-20120331.xsd#OrganizationAndBusinessAndBasisOfPresentation" roleURI="http://ipaymentinc.com/role/OrganizationAndBusinessAndBasisOfPresentation" />
  <roleRef xlink:type="simple" xlink:href="ipmt-20120331.xsd#Acquisitions" roleURI="http://ipaymentinc.com/role/Acquisitions" />
  <roleRef xlink:type="simple" xlink:href="ipmt-20120331.xsd#OtherIntangibles" roleURI="http://ipaymentinc.com/role/OtherIntangibles" />
  <roleRef xlink:type="simple" xlink:href="ipmt-20120331.xsd#LongTermDebt" roleURI="http://ipaymentinc.com/role/LongTermDebt" />
  <roleRef xlink:type="simple" xlink:href="ipmt-20120331.xsd#SegmentInformationAndGeographicalInformation" roleURI="http://ipaymentinc.com/role/SegmentInformationAndGeographicalInformation" />
  <roleRef xlink:type="simple" xlink:href="ipmt-20120331.xsd#IncomeTaxes" roleURI="http://ipaymentinc.com/role/IncomeTaxes" />
  <roleRef xlink:type="simple" xlink:href="ipmt-20120331.xsd#CommitmentsAndContingencies" roleURI="http://ipaymentinc.com/role/CommitmentsAndContingencies" />
  <roleRef xlink:type="simple" xlink:href="ipmt-20120331.xsd#RecentAccountingPronouncements" roleURI="http://ipaymentinc.com/role/RecentAccountingPronouncements" />
  <roleRef xlink:type="simple" xlink:href="ipmt-20120331.xsd#RelatedPartyTransactions" roleURI="http://ipaymentinc.com/role/RelatedPartyTransactions" />
  <roleRef xlink:type="simple" xlink:href="ipmt-20120331.xsd#SubsequentEvents" roleURI="http://ipaymentinc.com/role/SubsequentEvents" />
  <roleRef xlink:type="simple" xlink:href="ipmt-20120331.xsd#EquityRedemptionRefinancingAndChangeInControl" roleURI="http://ipaymentinc.com/role/EquityRedemptionRefinancingAndChangeInControl" />
  <roleRef xlink:type="simple" xlink:href="ipmt-20120331.xsd#RestatementOfConsolidatedFinancialStatements" roleURI="http://ipaymentinc.com/role/RestatementOfConsolidatedFinancialStatements" />
  <roleRef xlink:type="simple" xlink:href="ipmt-20120331.xsd#StatementsOfOperationAndComprehensiveIncomeLoss" roleURI="http://ipaymentinc.com/role/StatementsOfOperationAndComprehensiveIncomeLoss" />
  <presentationLink xlink:role="http://ipaymentinc.com/role/DocumentAndEntityInformation" xlink:title="00 - Document - Document and Entity Information" xlink:type="extended">
    <loc xlink:type="locator" xlink:href="ipmt-20120331.xsd#ipmt_DocumentAndEntityInformationAbstract" xlink:label="ipmt_DocumentAndEntityInformationAbstract" />
    <loc xlink:type="locator" xlink:href="http://xbrl.fasb.org/us-gaap/2012/elts/us-gaap-2012-01-31.xsd#us-gaap_StatementTable" xlink:label="loc_StatementTable" />
    <presentationArc xlink:type="arc" xlink:arcrole="http://www.xbrl.org/2003/arcrole/parent-child" xlink:from="ipmt_DocumentAndEntityInformationAbstract" xlink:to="loc_StatementTable" order="20" use="optional" />
    <loc xlink:type="locator" xlink:href="http://xbrl.fasb.org/us-gaap/2012/elts/us-gaap-2012-01-31.xsd#us-gaap_StatementLineItems" xlink:label="loc_StatementLineItems" />
    <presentationArc xlink:type="arc" xlink:arcrole="http://www.xbrl.org/2003/arcrole/parent-child" xlink:from="loc_StatementTable" xlink:to="loc_StatementLineItems" order="40" use="optional" priority="1" />
    <loc xlink:type="locator" xlink:href="http://xbrl.sec.gov/dei/2012/dei-2012-01-31.xsd#dei_EntityRegistrantName" xlink:label="dei_EntityRegistrantName" />
    <presentationArc xlink:type="arc" xlink:arcrole="http://www.xbrl.org/2003/arcrole/parent-child" xlink:from="loc_StatementLineItems" xlink:to="dei_EntityRegistrantName" order="20" use="optional" />
    <loc xlink:type="locator" xlink:href="http://xbrl.sec.gov/dei/2012/dei-2012-01-31.xsd#dei_EntityCentralIndexKey" xlink:label="dei_EntityCentralIndexKey" />
    <presentationArc xlink:type="arc" xlink:arcrole="http://www.xbrl.org/2003/arcrole/parent-child" xlink:from="loc_StatementLineItems" xlink:to="dei_EntityCentralIndexKey" order="40" use="optional" />
    <loc xlink:type="locator" xlink:href="http://xbrl.sec.gov/dei/2012/dei-2012-01-31.xsd#dei_DocumentType" xlink:label="dei_DocumentType" />
    <presentationArc xlink:type="arc" xlink:arcrole="http://www.xbrl.org/2003/arcrole/parent-child" xlink:from="loc_StatementLineItems" xlink:to="dei_DocumentType" order="60" use="optional" />
    <loc xlink:type="locator" xlink:href="http://xbrl.sec.gov/dei/2012/dei-2012-01-31.xsd#dei_DocumentPeriodEndDate" xlink:label="dei_DocumentPeriodEndDate" />
    <presentationArc xlink:type="arc" xlink:arcrole="http://www.xbrl.org/2003/arcrole/parent-child" xlink:from="loc_StatementLineItems" xlink:to="dei_DocumentPeriodEndDate" order="80" use="optional" />
    <loc xlink:type="locator" xlink:href="http://xbrl.sec.gov/dei/2012/dei-2012-01-31.xsd#dei_AmendmentFlag" xlink:label="dei_AmendmentFlag" />
    <presentationArc xlink:type="arc" xlink:arcrole="http://www.xbrl.org/2003/arcrole/parent-child" xlink:from="loc_StatementLineItems" xlink:to="dei_AmendmentFlag" order="100" use="optional" />
    <loc xlink:type="locator" xlink:href="http://xbrl.sec.gov/dei/2012/dei-2012-01-31.xsd#dei_DocumentFiscalYearFocus" xlink:label="dei_DocumentFiscalYearFocus" />
    <presentationArc xlink:type="arc" xlink:arcrole="http://www.xbrl.org/2003/arcrole/parent-child" xlink:from="loc_StatementLineItems" xlink:to="dei_DocumentFiscalYearFocus" order="120" use="optional" />
    <loc xlink:type="locator" xlink:href="http://xbrl.sec.gov/dei/2012/dei-2012-01-31.xsd#dei_DocumentFiscalPeriodFocus" xlink:label="dei_DocumentFiscalPeriodFocus" />
    <presentationArc xlink:type="arc" xlink:arcrole="http://www.xbrl.org/2003/arcrole/parent-child" xlink:from="loc_StatementLineItems" xlink:to="dei_DocumentFiscalPeriodFocus" order="140" use="optional" />
    <loc xlink:type="locator" xlink:href="http://xbrl.sec.gov/dei/2012/dei-2012-01-31.xsd#dei_CurrentFiscalYearEndDate" xlink:label="dei_CurrentFiscalYearEndDate" />
    <presentationArc xlink:type="arc" xlink:arcrole="http://www.xbrl.org/2003/arcrole/parent-child" xlink:from="loc_StatementLineItems" xlink:to="dei_CurrentFiscalYearEndDate" order="160" use="optional" />
    <loc xlink:type="locator" xlink:href="http://xbrl.sec.gov/dei/2012/dei-2012-01-31.xsd#dei_EntityFilerCategory" xlink:label="dei_EntityFilerCategory" />
    <presentationArc xlink:type="arc" xlink:arcrole="http://www.xbrl.org/2003/arcrole/parent-child" xlink:from="loc_StatementLineItems" xlink:to="dei_EntityFilerCategory" order="180" use="optional" />
    <loc xlink:type="locator" xlink:href="http://xbrl.sec.gov/dei/2012/dei-2012-01-31.xsd#dei_EntityCommonStockSharesOutstanding" xlink:label="dei_EntityCommonStockSharesOutstanding" />
    <presentationArc xlink:type="arc" xlink:arcrole="http://www.xbrl.org/2003/arcrole/parent-child" xlink:from="loc_StatementLineItems" xlink:to="dei_EntityCommonStockSharesOutstanding" order="200" use="optional" />
    <loc xlink:type="locator" xlink:href="http://xbrl.sec.gov/dei/2012/dei-2012-01-31.xsd#dei_LegalEntityAxis" xlink:label="loc_LegalEntityAxis" />
    <presentationArc xlink:type="arc" xlink:arcrole="http://www.xbrl.org/2003/arcrole/parent-child" xlink:from="loc_StatementTable" xlink:to="loc_LegalEntityAxis" order="20" use="optional" />
    <loc xlink:type="locator" xlink:href="http://xbrl.sec.gov/dei/2012/dei-2012-01-31.xsd#dei_EntityDomain" xlink:label="loc_EntityDomain" />
    <presentationArc xlink:type="arc" xlink:arcrole="http://www.xbrl.org/2003/arcrole/parent-child" xlink:from="loc_LegalEntityAxis" xlink:to="loc_EntityDomain" order="20" use="optional" />
    <loc xlink:type="locator" xlink:href="http://xbrl.sec.gov/dei/2012/dei-2012-01-31.xsd#dei_AmendmentDescription" xlink:label="dei_AmendmentDescription" />
    <presentationArc xlink:type="arc" xlink:arcrole="http://www.xbrl.org/2003/arcrole/parent-child" xlink:from="loc_StatementLineItems" xlink:to="dei_AmendmentDescription" order="110" use="optional" priority="1" />
    <loc xlink:type="locator" xlink:href="http://xbrl.fasb.org/us-gaap/2012/elts/us-gaap-2012-01-31.xsd#us-gaap_ParentCompanyMember" xlink:label="us-gaap_ParentCompanyMember" />
    <presentationArc xlink:type="arc" xlink:arcrole="http://www.xbrl.org/2003/arcrole/parent-child" xlink:from="loc_EntityDomain" xlink:to="us-gaap_ParentCompanyMember" order="40" use="optional" preferredLabel="http://www.xbrl.org/2003/role/verboseLabel" />
  </presentationLink>
  <roleRef xlink:type="simple" xlink:href="ipmt-20120331.xsd#BalanceSheets" roleURI="http://ipaymentinc.com/role/BalanceSheets" />
  <roleRef xlink:type="simple" xlink:href="ipmt-20120331.xsd#BalanceSheetsParenthetical" roleURI="http://ipaymentinc.com/role/BalanceSheetsParenthetical" />
  <roleRef xlink:type="simple" xlink:href="ipmt-20120331.xsd#StatementsOfCashFlows" roleURI="http://ipaymentinc.com/role/StatementsOfCashFlows" />
  <presentationLink xlink:type="extended" xlink:role="http://ipaymentinc.com/role/BalanceSheets" xlink:title="0110 - Statement - Consolidated Balance Sheets">
    <loc xlink:type="locator" xlink:href="http://xbrl.fasb.org/us-gaap/2012/elts/us-gaap-2012-01-31.xsd#us-gaap_StatementOfFinancialPositionAbstract" xlink:label="loc_StatementOfFinancialPositionAbstract" />
    <loc xlink:type="locator" xlink:href="http://xbrl.fasb.org/us-gaap/2012/elts/us-gaap-2012-01-31.xsd#us-gaap_StatementTable" xlink:label="loc_StatementTable" />
    <presentationArc xlink:type="arc" xlink:arcrole="http://www.xbrl.org/2003/arcrole/parent-child" xlink:from="loc_StatementOfFinancialPositionAbstract" xlink:to="loc_StatementTable" order="20" use="optional" />
    <loc xlink:type="locator" xlink:href="http://xbrl.fasb.org/us-gaap/2012/elts/us-gaap-2012-01-31.xsd#us-gaap_StatementScenarioAxis" xlink:label="loc_StatementScenarioAxis" />
    <presentationArc xlink:type="arc" xlink:arcrole="http://www.xbrl.org/2003/arcrole/parent-child" xlink:from="loc_StatementTable" xlink:to="loc_StatementScenarioAxis" order="40" use="optional" />
    <loc xlink:type="locator" xlink:href="http://xbrl.fasb.org/us-gaap/2012/elts/us-gaap-2012-01-31.xsd#us-gaap_ScenarioUnspecifiedDomain" xlink:label="loc_ScenarioUnspecifiedDomain" />
    <presentationArc xlink:type="arc" xlink:arcrole="http://www.xbrl.org/2003/arcrole/parent-child" xlink:from="loc_StatementScenarioAxis" xlink:to="loc_ScenarioUnspecifiedDomain" order="20" use="optional" />
    <loc xlink:type="locator" xlink:href="http://xbrl.fasb.org/us-gaap/2012/elts/us-gaap-2012-01-31.xsd#us-gaap_StatementLineItems" xlink:label="loc_StatementLineItems" />
    <presentationArc xlink:type="arc" xlink:arcrole="http://www.xbrl.org/2003/arcrole/parent-child" xlink:from="loc_StatementTable" xlink:to="loc_StatementLineItems" order="60" use="optional" priority="1" />
    <loc xlink:type="locator" xlink:href="http://xbrl.fasb.org/us-gaap/2012/elts/us-gaap-2012-01-31.xsd#us-gaap_AssetsAbstract" xlink:label="loc_AssetsAbstract" />
    <presentationArc xlink:type="arc" xlink:arcrole="http://www.xbrl.org/2003/arcrole/parent-child" xlink:from="loc_StatementLineItems" xlink:to="loc_AssetsAbstract" order="20" use="optional" preferredLabel="http://www.xbrl.org/2003/role/verboseLabel" priority="1" />
    <loc xlink:type="locator" xlink:href="http://xbrl.fasb.org/us-gaap/2012/elts/us-gaap-2012-01-31.xsd#us-gaap_AssetsCurrentAbstract" xlink:label="loc_AssetsCurrentAbstract" />
    <presentationArc xlink:type="arc" xlink:arcrole="http://www.xbrl.org/2003/arcrole/parent-child" xlink:from="loc_AssetsAbstract" xlink:to="loc_AssetsCurrentAbstract" order="20" use="optional" preferredLabel="http://www.xbrl.org/2003/role/verboseLabel" priority="1" />
    <loc xlink:type="locator" xlink:href="http://xbrl.fasb.org/us-gaap/2012/elts/us-gaap-2012-01-31.xsd#us-gaap_CashAndCashEquivalentsAtCarryingValue" xlink:label="loc_CashAndCashEquivalentsAtCarryingValue" />
    <presentationArc xlink:type="arc" xlink:arcrole="http://www.xbrl.org/2003/arcrole/parent-child" xlink:from="loc_AssetsCurrentAbstract" xlink:to="loc_CashAndCashEquivalentsAtCarryingValue" order="20" use="optional" preferredLabel="http://www.xbrl.org/2003/role/verboseLabel" priority="1" />
    <loc xlink:type="locator" xlink:href="http://xbrl.fasb.org/us-gaap/2012/elts/us-gaap-2012-01-31.xsd#us-gaap_AccountsReceivableNetCurrent" xlink:label="loc_AccountsReceivableNetCurrent" />
    <presentationArc xlink:type="arc" xlink:arcrole="http://www.xbrl.org/2003/arcrole/parent-child" xlink:from="loc_AssetsCurrentAbstract" xlink:to="loc_AccountsReceivableNetCurrent" order="40" use="optional" preferredLabel="http://www.xbrl.org/2003/role/verboseLabel" priority="1" />
    <loc xlink:type="locator" xlink:href="http://xbrl.fasb.org/us-gaap/2012/elts/us-gaap-2012-01-31.xsd#us-gaap_PrepaidExpenseAndOtherAssetsCurrent" xlink:label="loc_PrepaidExpenseAndOtherAssetsCurrent" />
    <presentationArc xlink:type="arc" xlink:arcrole="http://www.xbrl.org/2003/arcrole/parent-child" xlink:from="loc_AssetsCurrentAbstract" xlink:to="loc_PrepaidExpenseAndOtherAssetsCurrent" order="60" use="optional" preferredLabel="http://www.xbrl.org/2003/role/verboseLabel" priority="1" />
    <loc xlink:type="locator" xlink:href="http://xbrl.fasb.org/us-gaap/2012/elts/us-gaap-2012-01-31.xsd#us-gaap_DeferredTaxAssetsNetCurrent" xlink:label="loc_DeferredTaxAssetsNetCurrent" />
    <presentationArc xlink:type="arc" xlink:arcrole="http://www.xbrl.org/2003/arcrole/parent-child" xlink:from="loc_AssetsCurrentAbstract" xlink:to="loc_DeferredTaxAssetsNetCurrent" order="80" use="optional" preferredLabel="http://www.xbrl.org/2003/role/verboseLabel" priority="1" />
    <loc xlink:type="locator" xlink:href="http://xbrl.fasb.org/us-gaap/2012/elts/us-gaap-2012-01-31.xsd#us-gaap_AssetsCurrent" xlink:label="loc_AssetsCurrent" />
    <presentationArc xlink:type="arc" xlink:arcrole="http://www.xbrl.org/2003/arcrole/parent-child" xlink:from="loc_AssetsCurrentAbstract" xlink:to="loc_AssetsCurrent" order="100" use="optional" preferredLabel="http://www.xbrl.org/2003/role/totalLabel" priority="1" />
    <loc xlink:type="locator" xlink:href="http://xbrl.fasb.org/us-gaap/2012/elts/us-gaap-2012-01-31.xsd#us-gaap_RestrictedCashAndCashEquivalentsNoncurrent" xlink:label="loc_RestrictedCashAndCashEquivalentsNoncurrent" />
    <presentationArc xlink:type="arc" xlink:arcrole="http://www.xbrl.org/2003/arcrole/parent-child" xlink:from="loc_AssetsAbstract" xlink:to="loc_RestrictedCashAndCashEquivalentsNoncurrent" order="40" use="optional" preferredLabel="http://www.xbrl.org/2003/role/verboseLabel" priority="1" />
    <loc xlink:type="locator" xlink:href="http://xbrl.fasb.org/us-gaap/2012/elts/us-gaap-2012-01-31.xsd#us-gaap_PropertyPlantAndEquipmentNet" xlink:label="loc_PropertyPlantAndEquipmentNet" />
    <presentationArc xlink:type="arc" xlink:arcrole="http://www.xbrl.org/2003/arcrole/parent-child" xlink:from="loc_AssetsAbstract" xlink:to="loc_PropertyPlantAndEquipmentNet" order="60" use="optional" preferredLabel="http://www.xbrl.org/2003/role/verboseLabel" priority="1" />
    <loc xlink:type="locator" xlink:href="http://xbrl.fasb.org/us-gaap/2012/elts/us-gaap-2012-01-31.xsd#us-gaap_IntangibleAssetsNetExcludingGoodwill" xlink:label="loc_IntangibleAssetsNetExcludingGoodwill" />
    <presentationArc xlink:type="arc" xlink:arcrole="http://www.xbrl.org/2003/arcrole/parent-child" xlink:from="loc_AssetsAbstract" xlink:to="loc_IntangibleAssetsNetExcludingGoodwill" order="80" use="optional" preferredLabel="http://www.xbrl.org/2003/role/verboseLabel" priority="1" />
    <loc xlink:type="locator" xlink:href="http://xbrl.fasb.org/us-gaap/2012/elts/us-gaap-2012-01-31.xsd#us-gaap_Goodwill" xlink:label="loc_Goodwill" />
    <presentationArc xlink:type="arc" xlink:arcrole="http://www.xbrl.org/2003/arcrole/parent-child" xlink:from="loc_AssetsAbstract" xlink:to="loc_Goodwill" order="100" use="optional" preferredLabel="http://www.xbrl.org/2003/role/verboseLabel" priority="1" />
    <loc xlink:type="locator" xlink:href="http://xbrl.fasb.org/us-gaap/2012/elts/us-gaap-2012-01-31.xsd#us-gaap_OtherAssetsNoncurrent" xlink:label="loc_OtherAssetsNoncurrent" />
    <presentationArc xlink:type="arc" xlink:arcrole="http://www.xbrl.org/2003/arcrole/parent-child" xlink:from="loc_AssetsAbstract" xlink:to="loc_OtherAssetsNoncurrent" order="120" use="optional" preferredLabel="http://www.xbrl.org/2003/role/verboseLabel" priority="1" />
    <loc xlink:type="locator" xlink:href="http://xbrl.fasb.org/us-gaap/2012/elts/us-gaap-2012-01-31.xsd#us-gaap_Assets" xlink:label="loc_Assets" />
    <presentationArc xlink:type="arc" xlink:arcrole="http://www.xbrl.org/2003/arcrole/parent-child" xlink:from="loc_AssetsAbstract" xlink:to="loc_Assets" order="140" use="optional" preferredLabel="http://www.xbrl.org/2003/role/totalLabel" priority="1" />
    <loc xlink:type="locator" xlink:href="http://xbrl.fasb.org/us-gaap/2012/elts/us-gaap-2012-01-31.xsd#us-gaap_LiabilitiesAndStockholdersEquityAbstract" xlink:label="loc_LiabilitiesAndStockholdersEquityAbstract" />
    <presentationArc xlink:type="arc" xlink:arcrole="http://www.xbrl.org/2003/arcrole/parent-child" xlink:from="loc_StatementLineItems" xlink:to="loc_LiabilitiesAndStockholdersEquityAbstract" order="40" use="optional" preferredLabel="http://www.xbrl.org/2003/role/verboseLabel" priority="1" />
    <loc xlink:type="locator" xlink:href="http://xbrl.fasb.org/us-gaap/2012/elts/us-gaap-2012-01-31.xsd#us-gaap_LiabilitiesCurrentAbstract" xlink:label="loc_LiabilitiesCurrentAbstract" />
    <presentationArc xlink:type="arc" xlink:arcrole="http://www.xbrl.org/2003/arcrole/parent-child" xlink:from="loc_LiabilitiesAndStockholdersEquityAbstract" xlink:to="loc_LiabilitiesCurrentAbstract" order="20" use="optional" preferredLabel="http://www.xbrl.org/2003/role/verboseLabel" priority="1" />
    <loc xlink:type="locator" xlink:href="http://xbrl.fasb.org/us-gaap/2012/elts/us-gaap-2012-01-31.xsd#us-gaap_AccountsPayableCurrent" xlink:label="loc_AccountsPayableCurrent" />
    <presentationArc xlink:type="arc" xlink:arcrole="http://www.xbrl.org/2003/arcrole/parent-child" xlink:from="loc_LiabilitiesCurrentAbstract" xlink:to="loc_AccountsPayableCurrent" order="20" use="optional" preferredLabel="http://www.xbrl.org/2003/role/verboseLabel" priority="1" />
    <loc xlink:type="locator" xlink:href="http://xbrl.fasb.org/us-gaap/2012/elts/us-gaap-2012-01-31.xsd#us-gaap_TaxesPayableCurrent" xlink:label="loc_TaxesPayableCurrent" />
    <presentationArc xlink:type="arc" xlink:arcrole="http://www.xbrl.org/2003/arcrole/parent-child" xlink:from="loc_LiabilitiesCurrentAbstract" xlink:to="loc_TaxesPayableCurrent" order="40" use="optional" preferredLabel="http://www.xbrl.org/2003/role/verboseLabel" priority="1" />
    <loc xlink:type="locator" xlink:href="http://xbrl.fasb.org/us-gaap/2012/elts/us-gaap-2012-01-31.xsd#us-gaap_DepositLiabilitiesAccruedInterest" xlink:label="loc_DepositLiabilitiesAccruedInterest" />
    <presentationArc xlink:type="arc" xlink:arcrole="http://www.xbrl.org/2003/arcrole/parent-child" xlink:from="loc_LiabilitiesCurrentAbstract" xlink:to="loc_DepositLiabilitiesAccruedInterest" order="60" use="optional" preferredLabel="http://www.xbrl.org/2003/role/verboseLabel" priority="1" />
    <loc xlink:type="locator" xlink:href="ipmt-20120331.xsd#ipmt_AccruedLiabilitiesAndOther" xlink:label="ipmt_AccruedLiabilitiesAndOther" />
    <presentationArc xlink:type="arc" xlink:arcrole="http://www.xbrl.org/2003/arcrole/parent-child" xlink:from="loc_LiabilitiesCurrentAbstract" xlink:to="ipmt_AccruedLiabilitiesAndOther" order="80" use="optional" preferredLabel="http://www.xbrl.org/2003/role/verboseLabel" priority="1" />
    <loc xlink:type="locator" xlink:href="http://xbrl.fasb.org/us-gaap/2012/elts/us-gaap-2012-01-31.xsd#us-gaap_LiabilitiesCurrent" xlink:label="loc_LiabilitiesCurrent" />
    <presentationArc xlink:type="arc" xlink:arcrole="http://www.xbrl.org/2003/arcrole/parent-child" xlink:from="loc_LiabilitiesCurrentAbstract" xlink:to="loc_LiabilitiesCurrent" order="100" use="optional" preferredLabel="http://www.xbrl.org/2003/role/totalLabel" priority="1" />
    <loc xlink:type="locator" xlink:href="http://xbrl.fasb.org/us-gaap/2012/elts/us-gaap-2012-01-31.xsd#us-gaap_LongTermDebtNoncurrent" xlink:label="loc_LongTermDebtNoncurrent" />
    <presentationArc xlink:type="arc" xlink:arcrole="http://www.xbrl.org/2003/arcrole/parent-child" xlink:from="loc_LiabilitiesAndStockholdersEquityAbstract" xlink:to="loc_LongTermDebtNoncurrent" order="60" use="optional" preferredLabel="http://www.xbrl.org/2003/role/verboseLabel" priority="1" />
    <loc xlink:type="locator" xlink:href="http://xbrl.fasb.org/us-gaap/2012/elts/us-gaap-2012-01-31.xsd#us-gaap_OtherLiabilitiesNoncurrent" xlink:label="loc_OtherLiabilitiesNoncurrent" />
    <presentationArc xlink:type="arc" xlink:arcrole="http://www.xbrl.org/2003/arcrole/parent-child" xlink:from="loc_LiabilitiesAndStockholdersEquityAbstract" xlink:to="loc_OtherLiabilitiesNoncurrent" order="80" use="optional" preferredLabel="http://www.xbrl.org/2003/role/verboseLabel" priority="1" />
    <loc xlink:type="locator" xlink:href="http://xbrl.fasb.org/us-gaap/2012/elts/us-gaap-2012-01-31.xsd#us-gaap_Liabilities" xlink:label="loc_Liabilities" />
    <presentationArc xlink:type="arc" xlink:arcrole="http://www.xbrl.org/2003/arcrole/parent-child" xlink:from="loc_LiabilitiesAndStockholdersEquityAbstract" xlink:to="loc_Liabilities" order="100" use="optional" preferredLabel="http://www.xbrl.org/2003/role/totalLabel" priority="1" />
    <loc xlink:type="locator" xlink:href="http://xbrl.fasb.org/us-gaap/2012/elts/us-gaap-2012-01-31.xsd#us-gaap_StockholdersEquityAbstract" xlink:label="loc_StockholdersEquityAbstract" />
    <presentationArc xlink:type="arc" xlink:arcrole="http://www.xbrl.org/2003/arcrole/parent-child" xlink:from="loc_LiabilitiesAndStockholdersEquityAbstract" xlink:to="loc_StockholdersEquityAbstract" order="140" use="optional" preferredLabel="http://www.xbrl.org/2003/role/verboseLabel" priority="1" />
    <loc xlink:type="locator" xlink:href="http://xbrl.fasb.org/us-gaap/2012/elts/us-gaap-2012-01-31.xsd#us-gaap_CommonStockValue" xlink:label="loc_CommonStockValue" />
    <presentationArc xlink:type="arc" xlink:arcrole="http://www.xbrl.org/2003/arcrole/parent-child" xlink:from="loc_StockholdersEquityAbstract" xlink:to="loc_CommonStockValue" order="20" use="optional" preferredLabel="http://www.xbrl.org/2003/role/verboseLabel" priority="1" />
    <loc xlink:type="locator" xlink:href="http://xbrl.fasb.org/us-gaap/2012/elts/us-gaap-2012-01-31.xsd#us-gaap_RetainedEarningsAccumulatedDeficit" xlink:label="loc_RetainedEarningsAccumulatedDeficit" />
    <presentationArc xlink:type="arc" xlink:arcrole="http://www.xbrl.org/2003/arcrole/parent-child" xlink:from="loc_StockholdersEquityAbstract" xlink:to="loc_RetainedEarningsAccumulatedDeficit" order="40" use="optional" preferredLabel="http://www.xbrl.org/2003/role/verboseLabel" priority="1" />
    <loc xlink:type="locator" xlink:href="http://xbrl.fasb.org/us-gaap/2012/elts/us-gaap-2012-01-31.xsd#us-gaap_StockholdersEquity" xlink:label="loc_StockholdersEquity" />
    <presentationArc xlink:type="arc" xlink:arcrole="http://www.xbrl.org/2003/arcrole/parent-child" xlink:from="loc_StockholdersEquityAbstract" xlink:to="loc_StockholdersEquity" order="60" use="optional" preferredLabel="http://www.xbrl.org/2003/role/totalLabel" priority="1" />
    <loc xlink:type="locator" xlink:href="http://xbrl.fasb.org/us-gaap/2012/elts/us-gaap-2012-01-31.xsd#us-gaap_LiabilitiesAndStockholdersEquity" xlink:label="loc_LiabilitiesAndStockholdersEquity" />
    <presentationArc xlink:type="arc" xlink:arcrole="http://www.xbrl.org/2003/arcrole/parent-child" xlink:from="loc_LiabilitiesAndStockholdersEquityAbstract" xlink:to="loc_LiabilitiesAndStockholdersEquity" order="160" use="optional" preferredLabel="http://www.xbrl.org/2003/role/totalLabel" priority="1" />
    <loc xlink:type="locator" xlink:href="http://xbrl.fasb.org/us-gaap/2012/elts/us-gaap-2012-01-31.xsd#us-gaap_SuccessorMember" xlink:label="loc_SuccessorMember" />
    <presentationArc xlink:type="arc" xlink:arcrole="http://www.xbrl.org/2003/arcrole/parent-child" xlink:from="loc_ScenarioUnspecifiedDomain" xlink:to="loc_SuccessorMember" order="20" use="optional" preferredLabel="http://www.xbrl.org/2003/role/verboseLabel" />
    <loc xlink:type="locator" xlink:href="http://xbrl.fasb.org/us-gaap/2012/elts/us-gaap-2012-01-31.xsd#us-gaap_DeferredTaxLiabilitiesNoncurrent" xlink:label="loc_DeferredTaxLiabilitiesNoncurrent" />
    <presentationArc xlink:type="arc" xlink:arcrole="http://www.xbrl.org/2003/arcrole/parent-child" xlink:from="loc_LiabilitiesAndStockholdersEquityAbstract" xlink:to="loc_DeferredTaxLiabilitiesNoncurrent" order="40" use="optional" preferredLabel="http://www.xbrl.org/2003/role/verboseLabel" priority="1" />
    <loc xlink:type="locator" xlink:href="http://xbrl.sec.gov/dei/2012/dei-2012-01-31.xsd#dei_LegalEntityAxis" xlink:label="loc_LegalEntityAxis" />
    <presentationArc xlink:type="arc" xlink:arcrole="http://www.xbrl.org/2003/arcrole/parent-child" xlink:from="loc_StatementTable" xlink:to="loc_LegalEntityAxis" order="20" use="optional" />
    <loc xlink:type="locator" xlink:href="http://xbrl.sec.gov/dei/2012/dei-2012-01-31.xsd#dei_EntityDomain" xlink:label="loc_EntityDomain" />
    <presentationArc xlink:type="arc" xlink:arcrole="http://www.xbrl.org/2003/arcrole/parent-child" xlink:from="loc_LegalEntityAxis" xlink:to="loc_EntityDomain" order="20" use="optional" />
    <loc xlink:type="locator" xlink:href="http://xbrl.fasb.org/us-gaap/2012/elts/us-gaap-2012-01-31.xsd#us-gaap_CommitmentsAndContingencies" xlink:label="loc_CommitmentsAndContingencies" />
    <presentationArc xlink:type="arc" xlink:arcrole="http://www.xbrl.org/2003/arcrole/parent-child" xlink:from="loc_LiabilitiesAndStockholdersEquityAbstract" xlink:to="loc_CommitmentsAndContingencies" order="120" use="optional" preferredLabel="http://www.xbrl.org/2003/role/verboseLabel" priority="1" />
    <loc xlink:type="locator" xlink:href="http://xbrl.fasb.org/us-gaap/2012/elts/us-gaap-2012-01-31.xsd#us-gaap_ParentCompanyMember" xlink:label="us-gaap_ParentCompanyMember" />
    <presentationArc xlink:type="arc" xlink:arcrole="http://www.xbrl.org/2003/arcrole/parent-child" xlink:from="loc_EntityDomain" xlink:to="us-gaap_ParentCompanyMember" order="40" use="optional" preferredLabel="http://www.xbrl.org/2003/role/verboseLabel" />
    <loc xlink:type="locator" xlink:href="http://xbrl.fasb.org/us-gaap/2012/elts/us-gaap-2012-01-31.xsd#us-gaap_ErrorCorrectionsAndPriorPeriodAdjustmentsRestatementByRestatementPeriodAndAmountAxis" xlink:label="us-gaap_ErrorCorrectionsAndPriorPeriodAdjustmentsRestatementByRestatementPeriodAndAmountAxis" />
    <presentationArc xlink:type="arc" xlink:arcrole="http://www.xbrl.org/2003/arcrole/parent-child" xlink:from="loc_StatementTable" xlink:to="us-gaap_ErrorCorrectionsAndPriorPeriodAdjustmentsRestatementByRestatementPeriodAndAmountAxis" order="7.5" use="optional" priority="1" />
    <loc xlink:type="locator" xlink:href="http://xbrl.fasb.org/us-gaap/2012/elts/us-gaap-2012-01-31.xsd#us-gaap_AdjustmentsForErrorCorrectionDomain" xlink:label="loc_AdjustmentsForErrorCorrectionDomain" />
    <presentationArc xlink:type="arc" xlink:arcrole="http://www.xbrl.org/2003/arcrole/parent-child" xlink:from="us-gaap_ErrorCorrectionsAndPriorPeriodAdjustmentsRestatementByRestatementPeriodAndAmountAxis" xlink:to="loc_AdjustmentsForErrorCorrectionDomain" order="10" use="optional" />
    <loc xlink:type="locator" xlink:href="http://xbrl.fasb.org/us-gaap/2012/elts/us-gaap-2012-01-31.xsd#us-gaap_RestatementAdjustmentMember" xlink:label="us-gaap_RestatementAdjustmentMember" />
    <presentationArc xlink:type="arc" xlink:arcrole="http://www.xbrl.org/2003/arcrole/parent-child" xlink:from="loc_AdjustmentsForErrorCorrectionDomain" xlink:to="us-gaap_RestatementAdjustmentMember" order="20" use="optional" preferredLabel="http://www.xbrl.org/2003/role/verboseLabel" priority="1" />
  </presentationLink>
  <presentationLink xlink:type="extended" xlink:role="http://ipaymentinc.com/role/BalanceSheetsParenthetical" xlink:title="0111 - Statement - Consolidated Balance Sheets (Parenthetical)">
    <loc xlink:type="locator" xlink:href="http://xbrl.fasb.org/us-gaap/2012/elts/us-gaap-2012-01-31.xsd#us-gaap_StatementOfFinancialPositionAbstract" xlink:label="loc_StatementOfFinancialPositionAbstract" />
    <loc xlink:type="locator" xlink:href="http://xbrl.fasb.org/us-gaap/2012/elts/us-gaap-2012-01-31.xsd#us-gaap_StatementTable" xlink:label="loc_StatementTable" />
    <presentationArc xlink:type="arc" xlink:arcrole="http://www.xbrl.org/2003/arcrole/parent-child" xlink:from="loc_StatementOfFinancialPositionAbstract" xlink:to="loc_StatementTable" order="20" use="optional" />
    <loc xlink:type="locator" xlink:href="http://xbrl.fasb.org/us-gaap/2012/elts/us-gaap-2012-01-31.xsd#us-gaap_StatementScenarioAxis" xlink:label="loc_StatementScenarioAxis" />
    <presentationArc xlink:type="arc" xlink:arcrole="http://www.xbrl.org/2003/arcrole/parent-child" xlink:from="loc_StatementTable" xlink:to="loc_StatementScenarioAxis" order="40" use="optional" priority="1" />
    <loc xlink:type="locator" xlink:href="http://xbrl.fasb.org/us-gaap/2012/elts/us-gaap-2012-01-31.xsd#us-gaap_ScenarioUnspecifiedDomain" xlink:label="loc_ScenarioUnspecifiedDomain" />
    <presentationArc xlink:type="arc" xlink:arcrole="http://www.xbrl.org/2003/arcrole/parent-child" xlink:from="loc_StatementScenarioAxis" xlink:to="loc_ScenarioUnspecifiedDomain" order="20" use="optional" />
    <loc xlink:type="locator" xlink:href="http://xbrl.fasb.org/us-gaap/2012/elts/us-gaap-2012-01-31.xsd#us-gaap_StatementLineItems" xlink:label="loc_StatementLineItems" />
    <presentationArc xlink:type="arc" xlink:arcrole="http://www.xbrl.org/2003/arcrole/parent-child" xlink:from="loc_StatementTable" xlink:to="loc_StatementLineItems" order="60" use="optional" priority="1" />
    <loc xlink:type="locator" xlink:href="http://xbrl.fasb.org/us-gaap/2012/elts/us-gaap-2012-01-31.xsd#us-gaap_SuccessorMember" xlink:label="loc_SuccessorMember" />
    <presentationArc xlink:type="arc" xlink:arcrole="http://www.xbrl.org/2003/arcrole/parent-child" xlink:from="loc_ScenarioUnspecifiedDomain" xlink:to="loc_SuccessorMember" order="20" use="optional" preferredLabel="http://www.xbrl.org/2003/role/verboseLabel" priority="1" />
    <loc xlink:type="locator" xlink:href="http://xbrl.fasb.org/us-gaap/2012/elts/us-gaap-2012-01-31.xsd#us-gaap_PredecessorMember" xlink:label="loc_PredecessorMember" />
    <presentationArc xlink:type="arc" xlink:arcrole="http://www.xbrl.org/2003/arcrole/parent-child" xlink:from="loc_ScenarioUnspecifiedDomain" xlink:to="loc_PredecessorMember" order="40" use="optional" preferredLabel="http://www.xbrl.org/2003/role/verboseLabel" priority="1" />
    <loc xlink:type="locator" xlink:href="http://xbrl.sec.gov/dei/2012/dei-2012-01-31.xsd#dei_LegalEntityAxis" xlink:label="loc_LegalEntityAxis" />
    <presentationArc xlink:type="arc" xlink:arcrole="http://www.xbrl.org/2003/arcrole/parent-child" xlink:from="loc_StatementTable" xlink:to="loc_LegalEntityAxis" order="20" use="optional" />
    <loc xlink:type="locator" xlink:href="http://xbrl.sec.gov/dei/2012/dei-2012-01-31.xsd#dei_EntityDomain" xlink:label="loc_EntityDomain" />
    <presentationArc xlink:type="arc" xlink:arcrole="http://www.xbrl.org/2003/arcrole/parent-child" xlink:from="loc_LegalEntityAxis" xlink:to="loc_EntityDomain" order="20" use="optional" />
    <loc xlink:type="locator" xlink:href="http://xbrl.fasb.org/us-gaap/2012/elts/us-gaap-2012-01-31.xsd#us-gaap_SubsidiariesMember" xlink:label="loc_SubsidiariesMember" />
    <presentationArc xlink:type="arc" xlink:arcrole="http://www.xbrl.org/2003/arcrole/parent-child" xlink:from="loc_EntityDomain" xlink:to="loc_SubsidiariesMember" order="20" use="optional" preferredLabel="http://www.xbrl.org/2003/role/verboseLabel" />
    <loc xlink:type="locator" xlink:href="http://xbrl.fasb.org/us-gaap/2012/elts/us-gaap-2012-01-31.xsd#us-gaap_AllowanceForDoubtfulAccountsReceivableCurrent" xlink:label="loc_AllowanceForDoubtfulAccountsReceivableCurrent" />
    <presentationArc xlink:type="arc" xlink:arcrole="http://www.xbrl.org/2003/arcrole/parent-child" xlink:from="loc_StatementLineItems" xlink:to="loc_AllowanceForDoubtfulAccountsReceivableCurrent" order="20" use="optional" preferredLabel="http://www.xbrl.org/2003/role/verboseLabel" priority="1" />
    <loc xlink:type="locator" xlink:href="ipmt-20120331.xsd#ipmt_AccumulatedAmortizationOfIntangibleAssetsAndOther" xlink:label="ipmt_AccumulatedAmortizationOfIntangibleAssetsAndOther" />
    <presentationArc xlink:type="arc" xlink:arcrole="http://www.xbrl.org/2003/arcrole/parent-child" xlink:from="loc_StatementLineItems" xlink:to="ipmt_AccumulatedAmortizationOfIntangibleAssetsAndOther" order="40" use="optional" preferredLabel="http://www.xbrl.org/2003/role/verboseLabel" priority="1" />
    <loc xlink:type="locator" xlink:href="http://xbrl.fasb.org/us-gaap/2012/elts/us-gaap-2012-01-31.xsd#us-gaap_CommonStockParOrStatedValuePerShare" xlink:label="loc_CommonStockParOrStatedValuePerShare" />
    <presentationArc xlink:type="arc" xlink:arcrole="http://www.xbrl.org/2003/arcrole/parent-child" xlink:from="loc_StatementLineItems" xlink:to="loc_CommonStockParOrStatedValuePerShare" order="60" use="optional" preferredLabel="http://www.xbrl.org/2003/role/verboseLabel" priority="1" />
    <loc xlink:type="locator" xlink:href="http://xbrl.fasb.org/us-gaap/2012/elts/us-gaap-2012-01-31.xsd#us-gaap_CommonStockSharesAuthorized" xlink:label="loc_CommonStockSharesAuthorized" />
    <presentationArc xlink:type="arc" xlink:arcrole="http://www.xbrl.org/2003/arcrole/parent-child" xlink:from="loc_StatementLineItems" xlink:to="loc_CommonStockSharesAuthorized" order="80" use="optional" preferredLabel="http://www.xbrl.org/2003/role/verboseLabel" priority="1" />
    <loc xlink:type="locator" xlink:href="http://xbrl.fasb.org/us-gaap/2012/elts/us-gaap-2012-01-31.xsd#us-gaap_CommonStockSharesIssued" xlink:label="loc_CommonStockSharesIssued" />
    <presentationArc xlink:type="arc" xlink:arcrole="http://www.xbrl.org/2003/arcrole/parent-child" xlink:from="loc_StatementLineItems" xlink:to="loc_CommonStockSharesIssued" order="100" use="optional" preferredLabel="http://www.xbrl.org/2003/role/verboseLabel" priority="1" />
    <loc xlink:type="locator" xlink:href="http://xbrl.fasb.org/us-gaap/2012/elts/us-gaap-2012-01-31.xsd#us-gaap_CommonStockSharesOutstanding" xlink:label="loc_CommonStockSharesOutstanding" />
    <presentationArc xlink:type="arc" xlink:arcrole="http://www.xbrl.org/2003/arcrole/parent-child" xlink:from="loc_StatementLineItems" xlink:to="loc_CommonStockSharesOutstanding" order="120" use="optional" preferredLabel="http://www.xbrl.org/2003/role/verboseLabel" priority="1" />
    <loc xlink:type="locator" xlink:href="http://xbrl.fasb.org/us-gaap/2012/elts/us-gaap-2012-01-31.xsd#us-gaap_ParentCompanyMember" xlink:label="us-gaap_ParentCompanyMember" />
    <presentationArc xlink:type="arc" xlink:arcrole="http://www.xbrl.org/2003/arcrole/parent-child" xlink:from="loc_EntityDomain" xlink:to="us-gaap_ParentCompanyMember" order="40" use="optional" preferredLabel="http://www.xbrl.org/2003/role/verboseLabel" />
    <loc xlink:type="locator" xlink:href="http://xbrl.fasb.org/us-gaap/2012/elts/us-gaap-2012-01-31.xsd#us-gaap_AdjustmentsForChangeInAccountingPrincipleAxis" xlink:label="us-gaap_AdjustmentsForChangeInAccountingPrincipleAxis" />
    <presentationArc xlink:type="arc" xlink:arcrole="http://www.xbrl.org/2003/arcrole/parent-child" xlink:from="loc_StatementTable" xlink:to="us-gaap_AdjustmentsForChangeInAccountingPrincipleAxis" order="55" use="optional" priority="1" />
    <loc xlink:type="locator" xlink:href="http://xbrl.fasb.org/us-gaap/2012/elts/us-gaap-2012-01-31.xsd#us-gaap_ChangeInAccountingPrincipleMember" xlink:label="loc_ChangeInAccountingPrincipleMember" />
    <presentationArc xlink:type="arc" xlink:arcrole="http://www.xbrl.org/2003/arcrole/parent-child" xlink:from="us-gaap_AdjustmentsForChangeInAccountingPrincipleAxis" xlink:to="loc_ChangeInAccountingPrincipleMember" order="10" use="optional" />
    <loc xlink:type="locator" xlink:href="http://xbrl.fasb.org/us-gaap/2012/elts/us-gaap-2012-01-31.xsd#us-gaap_ErrorCorrectionsAndPriorPeriodAdjustmentsRestatementByRestatementPeriodAndAmountAxis" xlink:label="us-gaap_ErrorCorrectionsAndPriorPeriodAdjustmentsRestatementByRestatementPeriodAndAmountAxis" />
    <presentationArc xlink:type="arc" xlink:arcrole="http://www.xbrl.org/2003/arcrole/parent-child" xlink:from="loc_StatementTable" xlink:to="us-gaap_ErrorCorrectionsAndPriorPeriodAdjustmentsRestatementByRestatementPeriodAndAmountAxis" order="47.5" use="optional" priority="1" />
    <loc xlink:type="locator" xlink:href="http://xbrl.fasb.org/us-gaap/2012/elts/us-gaap-2012-01-31.xsd#us-gaap_AdjustmentsForErrorCorrectionDomain" xlink:label="loc_AdjustmentsForErrorCorrectionDomain" />
    <presentationArc xlink:type="arc" xlink:arcrole="http://www.xbrl.org/2003/arcrole/parent-child" xlink:from="us-gaap_ErrorCorrectionsAndPriorPeriodAdjustmentsRestatementByRestatementPeriodAndAmountAxis" xlink:to="loc_AdjustmentsForErrorCorrectionDomain" order="10" use="optional" />
    <loc xlink:type="locator" xlink:href="http://xbrl.fasb.org/us-gaap/2012/elts/us-gaap-2012-01-31.xsd#us-gaap_RestatementAdjustmentMember" xlink:label="us-gaap_RestatementAdjustmentMember" />
    <presentationArc xlink:type="arc" xlink:arcrole="http://www.xbrl.org/2003/arcrole/parent-child" xlink:from="loc_AdjustmentsForErrorCorrectionDomain" xlink:to="us-gaap_RestatementAdjustmentMember" order="20" use="optional" preferredLabel="http://www.xbrl.org/2003/role/verboseLabel" priority="1" />
  </presentationLink>
  <presentationLink xlink:type="extended" xlink:role="http://ipaymentinc.com/role/StatementsOfCashFlows" xlink:title="0130 - Statement - Consolidated Statements of Cash Flows (Unaudited)">
    <loc xlink:type="locator" xlink:href="http://xbrl.fasb.org/us-gaap/2012/elts/us-gaap-2012-01-31.xsd#us-gaap_StatementOfCashFlowsAbstract" xlink:label="loc_StatementOfCashFlowsAbstract" />
    <loc xlink:type="locator" xlink:href="http://xbrl.fasb.org/us-gaap/2012/elts/us-gaap-2012-01-31.xsd#us-gaap_StatementTable" xlink:label="loc_StatementTable" />
    <presentationArc xlink:type="arc" xlink:arcrole="http://www.xbrl.org/2003/arcrole/parent-child" xlink:from="loc_StatementOfCashFlowsAbstract" xlink:to="loc_StatementTable" order="20" use="optional" />
    <loc xlink:type="locator" xlink:href="http://xbrl.fasb.org/us-gaap/2012/elts/us-gaap-2012-01-31.xsd#us-gaap_StatementScenarioAxis" xlink:label="loc_StatementScenarioAxis" />
    <presentationArc xlink:type="arc" xlink:arcrole="http://www.xbrl.org/2003/arcrole/parent-child" xlink:from="loc_StatementTable" xlink:to="loc_StatementScenarioAxis" order="40" use="optional" priority="1" />
    <loc xlink:type="locator" xlink:href="http://xbrl.fasb.org/us-gaap/2012/elts/us-gaap-2012-01-31.xsd#us-gaap_ScenarioUnspecifiedDomain" xlink:label="loc_ScenarioUnspecifiedDomain" />
    <presentationArc xlink:type="arc" xlink:arcrole="http://www.xbrl.org/2003/arcrole/parent-child" xlink:from="loc_StatementScenarioAxis" xlink:to="loc_ScenarioUnspecifiedDomain" order="20" use="optional" />
    <loc xlink:type="locator" xlink:href="http://xbrl.fasb.org/us-gaap/2012/elts/us-gaap-2012-01-31.xsd#us-gaap_SuccessorMember" xlink:label="loc_SuccessorMember" />
    <presentationArc xlink:type="arc" xlink:arcrole="http://www.xbrl.org/2003/arcrole/parent-child" xlink:from="loc_ScenarioUnspecifiedDomain" xlink:to="loc_SuccessorMember" order="20" use="optional" preferredLabel="http://www.xbrl.org/2003/role/verboseLabel" priority="1" />
    <loc xlink:type="locator" xlink:href="http://xbrl.fasb.org/us-gaap/2012/elts/us-gaap-2012-01-31.xsd#us-gaap_PredecessorMember" xlink:label="loc_PredecessorMember" />
    <presentationArc xlink:type="arc" xlink:arcrole="http://www.xbrl.org/2003/arcrole/parent-child" xlink:from="loc_ScenarioUnspecifiedDomain" xlink:to="loc_PredecessorMember" order="40" use="optional" preferredLabel="http://www.xbrl.org/2003/role/verboseLabel" priority="1" />
    <loc xlink:type="locator" xlink:href="http://xbrl.fasb.org/us-gaap/2012/elts/us-gaap-2012-01-31.xsd#us-gaap_StatementLineItems" xlink:label="loc_StatementLineItems" />
    <presentationArc xlink:type="arc" xlink:arcrole="http://www.xbrl.org/2003/arcrole/parent-child" xlink:from="loc_StatementTable" xlink:to="loc_StatementLineItems" order="60" use="optional" priority="1" />
    <loc xlink:type="locator" xlink:href="http://xbrl.fasb.org/us-gaap/2012/elts/us-gaap-2012-01-31.xsd#us-gaap_NetCashProvidedByUsedInOperatingActivitiesAbstract" xlink:label="loc_NetCashProvidedByUsedInOperatingActivitiesAbstract" />
    <presentationArc xlink:type="arc" xlink:arcrole="http://www.xbrl.org/2003/arcrole/parent-child" xlink:from="loc_StatementLineItems" xlink:to="loc_NetCashProvidedByUsedInOperatingActivitiesAbstract" order="20" use="optional" preferredLabel="http://www.xbrl.org/2003/role/verboseLabel" priority="1" />
    <loc xlink:type="locator" xlink:href="http://xbrl.fasb.org/us-gaap/2012/elts/us-gaap-2012-01-31.xsd#us-gaap_NetIncomeLoss" xlink:label="loc_NetIncomeLoss" />
    <presentationArc xlink:type="arc" xlink:arcrole="http://www.xbrl.org/2003/arcrole/parent-child" xlink:from="loc_NetCashProvidedByUsedInOperatingActivitiesAbstract" xlink:to="loc_NetIncomeLoss" order="20" use="optional" preferredLabel="http://www.xbrl.org/2003/role/terseLabel" priority="1" />
    <loc xlink:type="locator" xlink:href="http://xbrl.fasb.org/us-gaap/2012/elts/us-gaap-2012-01-31.xsd#us-gaap_AdjustmentsToReconcileNetIncomeLossToCashProvidedByUsedInOperatingActivitiesAbstract" xlink:label="loc_AdjustmentsToReconcileNetIncomeLossToCashProvidedByUsedInOperatingActivitiesAbstract" />
    <presentationArc xlink:type="arc" xlink:arcrole="http://www.xbrl.org/2003/arcrole/parent-child" xlink:from="loc_NetCashProvidedByUsedInOperatingActivitiesAbstract" xlink:to="loc_AdjustmentsToReconcileNetIncomeLossToCashProvidedByUsedInOperatingActivitiesAbstract" order="40" use="optional" preferredLabel="http://www.xbrl.org/2003/role/verboseLabel" priority="1" />
    <loc xlink:type="locator" xlink:href="http://xbrl.fasb.org/us-gaap/2012/elts/us-gaap-2012-01-31.xsd#us-gaap_DepreciationDepletionAndAmortization" xlink:label="loc_DepreciationDepletionAndAmortization" />
    <presentationArc xlink:type="arc" xlink:arcrole="http://www.xbrl.org/2003/arcrole/parent-child" xlink:from="loc_AdjustmentsToReconcileNetIncomeLossToCashProvidedByUsedInOperatingActivitiesAbstract" xlink:to="loc_DepreciationDepletionAndAmortization" order="20" use="optional" preferredLabel="http://www.xbrl.org/2003/role/verboseLabel" priority="1" />
    <loc xlink:type="locator" xlink:href="http://xbrl.fasb.org/us-gaap/2012/elts/us-gaap-2012-01-31.xsd#us-gaap_IncreaseDecreaseInOperatingCapitalAbstract" xlink:label="loc_IncreaseDecreaseInOperatingCapitalAbstract" />
    <presentationArc xlink:type="arc" xlink:arcrole="http://www.xbrl.org/2003/arcrole/parent-child" xlink:from="loc_AdjustmentsToReconcileNetIncomeLossToCashProvidedByUsedInOperatingActivitiesAbstract" xlink:to="loc_IncreaseDecreaseInOperatingCapitalAbstract" order="80" use="optional" preferredLabel="http://www.xbrl.org/2003/role/verboseLabel" priority="1" />
    <loc xlink:type="locator" xlink:href="http://xbrl.fasb.org/us-gaap/2012/elts/us-gaap-2012-01-31.xsd#us-gaap_IncreaseDecreaseInAccountsReceivable" xlink:label="loc_IncreaseDecreaseInAccountsReceivable" />
    <presentationArc xlink:type="arc" xlink:arcrole="http://www.xbrl.org/2003/arcrole/parent-child" xlink:from="loc_IncreaseDecreaseInOperatingCapitalAbstract" xlink:to="loc_IncreaseDecreaseInAccountsReceivable" order="20" use="optional" preferredLabel="http://www.xbrl.org/2009/role/negatedLabel" priority="1" />
    <loc xlink:type="locator" xlink:href="http://xbrl.fasb.org/us-gaap/2012/elts/us-gaap-2012-01-31.xsd#us-gaap_IncreaseDecreaseInPrepaidDeferredExpenseAndOtherAssets" xlink:label="loc_IncreaseDecreaseInPrepaidDeferredExpenseAndOtherAssets" />
    <presentationArc xlink:type="arc" xlink:arcrole="http://www.xbrl.org/2003/arcrole/parent-child" xlink:from="loc_IncreaseDecreaseInOperatingCapitalAbstract" xlink:to="loc_IncreaseDecreaseInPrepaidDeferredExpenseAndOtherAssets" order="40" use="optional" preferredLabel="http://www.xbrl.org/2009/role/negatedLabel" priority="1" />
    <loc xlink:type="locator" xlink:href="http://xbrl.fasb.org/us-gaap/2012/elts/us-gaap-2012-01-31.xsd#us-gaap_IncreaseDecreaseInOtherOperatingAssets" xlink:label="loc_IncreaseDecreaseInOtherOperatingAssets" />
    <presentationArc xlink:type="arc" xlink:arcrole="http://www.xbrl.org/2003/arcrole/parent-child" xlink:from="loc_IncreaseDecreaseInOperatingCapitalAbstract" xlink:to="loc_IncreaseDecreaseInOtherOperatingAssets" order="60" use="optional" preferredLabel="http://www.xbrl.org/2009/role/negatedLabel" priority="1" />
    <loc xlink:type="locator" xlink:href="http://xbrl.fasb.org/us-gaap/2012/elts/us-gaap-2012-01-31.xsd#us-gaap_IncreaseDecreaseInAccountsPayableAndAccruedLiabilities" xlink:label="loc_IncreaseDecreaseInAccountsPayableAndAccruedLiabilities" />
    <presentationArc xlink:type="arc" xlink:arcrole="http://www.xbrl.org/2003/arcrole/parent-child" xlink:from="loc_IncreaseDecreaseInOperatingCapitalAbstract" xlink:to="loc_IncreaseDecreaseInAccountsPayableAndAccruedLiabilities" order="80" use="optional" preferredLabel="http://www.xbrl.org/2003/role/verboseLabel" priority="1" />
    <loc xlink:type="locator" xlink:href="http://xbrl.fasb.org/us-gaap/2012/elts/us-gaap-2012-01-31.xsd#us-gaap_IncreaseDecreaseInInterestPayableNet" xlink:label="loc_IncreaseDecreaseInInterestPayableNet" />
    <presentationArc xlink:type="arc" xlink:arcrole="http://www.xbrl.org/2003/arcrole/parent-child" xlink:from="loc_IncreaseDecreaseInOperatingCapitalAbstract" xlink:to="loc_IncreaseDecreaseInInterestPayableNet" order="100" use="optional" preferredLabel="http://www.xbrl.org/2003/role/verboseLabel" priority="1" />
    <loc xlink:type="locator" xlink:href="http://xbrl.fasb.org/us-gaap/2012/elts/us-gaap-2012-01-31.xsd#us-gaap_IncreaseDecreaseInAccruedLiabilitiesAndOtherOperatingLiabilities" xlink:label="loc_IncreaseDecreaseInAccruedLiabilitiesAndOtherOperatingLiabilities" />
    <presentationArc xlink:type="arc" xlink:arcrole="http://www.xbrl.org/2003/arcrole/parent-child" xlink:from="loc_IncreaseDecreaseInOperatingCapitalAbstract" xlink:to="loc_IncreaseDecreaseInAccruedLiabilitiesAndOtherOperatingLiabilities" order="120" use="optional" preferredLabel="http://www.xbrl.org/2003/role/verboseLabel" priority="1" />
    <loc xlink:type="locator" xlink:href="http://xbrl.fasb.org/us-gaap/2012/elts/us-gaap-2012-01-31.xsd#us-gaap_NetCashProvidedByUsedInOperatingActivities" xlink:label="loc_NetCashProvidedByUsedInOperatingActivities" />
    <presentationArc xlink:type="arc" xlink:arcrole="http://www.xbrl.org/2003/arcrole/parent-child" xlink:from="loc_NetCashProvidedByUsedInOperatingActivitiesAbstract" xlink:to="loc_NetCashProvidedByUsedInOperatingActivities" order="60" use="optional" preferredLabel="http://www.xbrl.org/2003/role/totalLabel" priority="1" />
    <loc xlink:type="locator" xlink:href="http://xbrl.fasb.org/us-gaap/2012/elts/us-gaap-2012-01-31.xsd#us-gaap_NetCashProvidedByUsedInInvestingActivitiesAbstract" xlink:label="loc_NetCashProvidedByUsedInInvestingActivitiesAbstract" />
    <presentationArc xlink:type="arc" xlink:arcrole="http://www.xbrl.org/2003/arcrole/parent-child" xlink:from="loc_StatementLineItems" xlink:to="loc_NetCashProvidedByUsedInInvestingActivitiesAbstract" order="40" use="optional" preferredLabel="http://www.xbrl.org/2003/role/verboseLabel" priority="1" />
    <loc xlink:type="locator" xlink:href="http://xbrl.fasb.org/us-gaap/2012/elts/us-gaap-2012-01-31.xsd#us-gaap_IncreaseDecreaseInRestrictedCash" xlink:label="loc_IncreaseDecreaseInRestrictedCash" />
    <presentationArc xlink:type="arc" xlink:arcrole="http://www.xbrl.org/2003/arcrole/parent-child" xlink:from="loc_NetCashProvidedByUsedInInvestingActivitiesAbstract" xlink:to="loc_IncreaseDecreaseInRestrictedCash" order="20" use="optional" preferredLabel="http://www.xbrl.org/2009/role/negatedLabel" priority="1" />
    <loc xlink:type="locator" xlink:href="http://xbrl.fasb.org/us-gaap/2012/elts/us-gaap-2012-01-31.xsd#us-gaap_PaymentsToAcquirePropertyPlantAndEquipment" xlink:label="loc_PaymentsToAcquirePropertyPlantAndEquipment" />
    <presentationArc xlink:type="arc" xlink:arcrole="http://www.xbrl.org/2003/arcrole/parent-child" xlink:from="loc_NetCashProvidedByUsedInInvestingActivitiesAbstract" xlink:to="loc_PaymentsToAcquirePropertyPlantAndEquipment" order="40" use="optional" preferredLabel="http://www.xbrl.org/2009/role/negatedLabel" priority="1" />
    <loc xlink:type="locator" xlink:href="ipmt-20120331.xsd#ipmt_PaymentsForPrepaidResidualExpenses" xlink:label="ipmt_PaymentsForPrepaidResidualExpenses" />
    <presentationArc xlink:type="arc" xlink:arcrole="http://www.xbrl.org/2003/arcrole/parent-child" xlink:from="loc_NetCashProvidedByUsedInInvestingActivitiesAbstract" xlink:to="ipmt_PaymentsForPrepaidResidualExpenses" order="60" use="optional" preferredLabel="http://www.xbrl.org/2009/role/negatedLabel" priority="1" />
    <loc xlink:type="locator" xlink:href="http://xbrl.fasb.org/us-gaap/2012/elts/us-gaap-2012-01-31.xsd#us-gaap_NetCashProvidedByUsedInInvestingActivities" xlink:label="loc_NetCashProvidedByUsedInInvestingActivities" />
    <presentationArc xlink:type="arc" xlink:arcrole="http://www.xbrl.org/2003/arcrole/parent-child" xlink:from="loc_NetCashProvidedByUsedInInvestingActivitiesAbstract" xlink:to="loc_NetCashProvidedByUsedInInvestingActivities" order="80" use="optional" preferredLabel="http://www.xbrl.org/2003/role/totalLabel" priority="1" />
    <loc xlink:type="locator" xlink:href="http://xbrl.fasb.org/us-gaap/2012/elts/us-gaap-2012-01-31.xsd#us-gaap_NetCashProvidedByUsedInFinancingActivitiesAbstract" xlink:label="loc_NetCashProvidedByUsedInFinancingActivitiesAbstract" />
    <presentationArc xlink:type="arc" xlink:arcrole="http://www.xbrl.org/2003/arcrole/parent-child" xlink:from="loc_StatementLineItems" xlink:to="loc_NetCashProvidedByUsedInFinancingActivitiesAbstract" order="60" use="optional" preferredLabel="http://www.xbrl.org/2003/role/verboseLabel" priority="1" />
    <loc xlink:type="locator" xlink:href="http://xbrl.fasb.org/us-gaap/2012/elts/us-gaap-2012-01-31.xsd#us-gaap_RepaymentsOfLinesOfCredit" xlink:label="loc_RepaymentsOfLinesOfCredit" />
    <presentationArc xlink:type="arc" xlink:arcrole="http://www.xbrl.org/2003/arcrole/parent-child" xlink:from="loc_NetCashProvidedByUsedInFinancingActivitiesAbstract" xlink:to="loc_RepaymentsOfLinesOfCredit" order="20" use="optional" preferredLabel="http://www.xbrl.org/2009/role/negatedLabel" priority="1" />
    <loc xlink:type="locator" xlink:href="http://xbrl.fasb.org/us-gaap/2012/elts/us-gaap-2012-01-31.xsd#us-gaap_ProceedsFromRepaymentsOfDebt" xlink:label="loc_ProceedsFromRepaymentsOfDebt" />
    <presentationArc xlink:type="arc" xlink:arcrole="http://www.xbrl.org/2003/arcrole/parent-child" xlink:from="loc_NetCashProvidedByUsedInFinancingActivitiesAbstract" xlink:to="loc_ProceedsFromRepaymentsOfDebt" order="40" use="optional" preferredLabel="http://www.xbrl.org/2003/role/verboseLabel" priority="1" />
    <loc xlink:type="locator" xlink:href="http://xbrl.fasb.org/us-gaap/2012/elts/us-gaap-2012-01-31.xsd#us-gaap_NetCashProvidedByUsedInFinancingActivities" xlink:label="loc_NetCashProvidedByUsedInFinancingActivities" />
    <presentationArc xlink:type="arc" xlink:arcrole="http://www.xbrl.org/2003/arcrole/parent-child" xlink:from="loc_NetCashProvidedByUsedInFinancingActivitiesAbstract" xlink:to="loc_NetCashProvidedByUsedInFinancingActivities" order="120" use="optional" preferredLabel="http://www.xbrl.org/2003/role/totalLabel" priority="1" />
    <loc xlink:type="locator" xlink:href="http://xbrl.fasb.org/us-gaap/2012/elts/us-gaap-2012-01-31.xsd#us-gaap_CashAndCashEquivalentsPeriodIncreaseDecrease" xlink:label="loc_CashAndCashEquivalentsPeriodIncreaseDecrease" />
    <presentationArc xlink:type="arc" xlink:arcrole="http://www.xbrl.org/2003/arcrole/parent-child" xlink:from="loc_StatementLineItems" xlink:to="loc_CashAndCashEquivalentsPeriodIncreaseDecrease" order="80" use="optional" preferredLabel="http://www.xbrl.org/2003/role/totalLabel" priority="1" />
    <loc xlink:type="locator" xlink:href="http://xbrl.fasb.org/us-gaap/2012/elts/us-gaap-2012-01-31.xsd#us-gaap_CashAndCashEquivalentsAtCarryingValue" xlink:label="loc_CashAndCashEquivalentsAtCarryingValue" />
    <presentationArc xlink:type="arc" xlink:arcrole="http://www.xbrl.org/2003/arcrole/parent-child" xlink:from="loc_StatementLineItems" xlink:to="loc_CashAndCashEquivalentsAtCarryingValue" order="100" use="optional" preferredLabel="http://www.xbrl.org/2003/role/periodStartLabel" priority="1" />
    <loc xlink:type="locator" xlink:href="http://xbrl.fasb.org/us-gaap/2012/elts/us-gaap-2012-01-31.xsd#us-gaap_CashAndCashEquivalentsAtCarryingValue" xlink:label="loc_CashAndCashEquivalentsAtCarryingValue_1" />
    <presentationArc xlink:type="arc" xlink:arcrole="http://www.xbrl.org/2003/arcrole/parent-child" xlink:from="loc_StatementLineItems" xlink:to="loc_CashAndCashEquivalentsAtCarryingValue_1" order="120" use="optional" preferredLabel="http://www.xbrl.org/2003/role/periodEndLabel" priority="1" />
    <loc xlink:type="locator" xlink:href="http://xbrl.fasb.org/us-gaap/2012/elts/us-gaap-2012-01-31.xsd#us-gaap_SupplementalCashFlowInformationAbstract" xlink:label="loc_SupplementalCashFlowInformationAbstract" />
    <presentationArc xlink:type="arc" xlink:arcrole="http://www.xbrl.org/2003/arcrole/parent-child" xlink:from="loc_StatementLineItems" xlink:to="loc_SupplementalCashFlowInformationAbstract" order="140" use="optional" preferredLabel="http://www.xbrl.org/2003/role/verboseLabel" priority="1" />
    <loc xlink:type="locator" xlink:href="http://xbrl.fasb.org/us-gaap/2012/elts/us-gaap-2012-01-31.xsd#us-gaap_IncomeTaxesPaidNet" xlink:label="loc_IncomeTaxesPaidNet" />
    <presentationArc xlink:type="arc" xlink:arcrole="http://www.xbrl.org/2003/arcrole/parent-child" xlink:from="loc_SupplementalCashFlowInformationAbstract" xlink:to="loc_IncomeTaxesPaidNet" order="20" use="optional" preferredLabel="http://www.xbrl.org/2003/role/verboseLabel" priority="1" />
    <loc xlink:type="locator" xlink:href="http://xbrl.fasb.org/us-gaap/2012/elts/us-gaap-2012-01-31.xsd#us-gaap_InterestPaid" xlink:label="loc_InterestPaid" />
    <presentationArc xlink:type="arc" xlink:arcrole="http://www.xbrl.org/2003/arcrole/parent-child" xlink:from="loc_SupplementalCashFlowInformationAbstract" xlink:to="loc_InterestPaid" order="40" use="optional" preferredLabel="http://www.xbrl.org/2003/role/verboseLabel" priority="1" />
    <loc xlink:type="locator" xlink:href="http://xbrl.fasb.org/us-gaap/2012/elts/us-gaap-2012-01-31.xsd#us-gaap_OtherNoncashExpense" xlink:label="loc_OtherNoncashExpense" />
    <presentationArc xlink:type="arc" xlink:arcrole="http://www.xbrl.org/2003/arcrole/parent-child" xlink:from="loc_AdjustmentsToReconcileNetIncomeLossToCashProvidedByUsedInOperatingActivitiesAbstract" xlink:to="loc_OtherNoncashExpense" order="40" use="optional" preferredLabel="http://www.xbrl.org/2003/role/verboseLabel" priority="1" />
    <loc xlink:type="locator" xlink:href="http://xbrl.sec.gov/dei/2012/dei-2012-01-31.xsd#dei_LegalEntityAxis" xlink:label="loc_LegalEntityAxis" />
    <presentationArc xlink:type="arc" xlink:arcrole="http://www.xbrl.org/2003/arcrole/parent-child" xlink:from="loc_StatementTable" xlink:to="loc_LegalEntityAxis" order="20" use="optional" />
    <loc xlink:type="locator" xlink:href="http://xbrl.sec.gov/dei/2012/dei-2012-01-31.xsd#dei_EntityDomain" xlink:label="loc_EntityDomain" />
    <presentationArc xlink:type="arc" xlink:arcrole="http://www.xbrl.org/2003/arcrole/parent-child" xlink:from="loc_LegalEntityAxis" xlink:to="loc_EntityDomain" order="20" use="optional" />
    <loc xlink:type="locator" xlink:href="http://xbrl.fasb.org/us-gaap/2012/elts/us-gaap-2012-01-31.xsd#us-gaap_ParentCompanyMember" xlink:label="us-gaap_ParentCompanyMember" />
    <presentationArc xlink:type="arc" xlink:arcrole="http://www.xbrl.org/2003/arcrole/parent-child" xlink:from="loc_EntityDomain" xlink:to="us-gaap_ParentCompanyMember" order="40" use="optional" preferredLabel="http://www.xbrl.org/2003/role/verboseLabel" />
    <loc xlink:type="locator" xlink:href="http://xbrl.fasb.org/us-gaap/2012/elts/us-gaap-2012-01-31.xsd#us-gaap_GainLossOnSaleOfPropertyPlantEquipment" xlink:label="loc_GainLossOnSaleOfPropertyPlantEquipment" />
    <presentationArc xlink:type="arc" xlink:arcrole="http://www.xbrl.org/2003/arcrole/parent-child" xlink:from="loc_AdjustmentsToReconcileNetIncomeLossToCashProvidedByUsedInOperatingActivitiesAbstract" xlink:to="loc_GainLossOnSaleOfPropertyPlantEquipment" order="65" use="optional" preferredLabel="http://www.xbrl.org/2009/role/negatedLabel" priority="1" />
    <loc xlink:type="locator" xlink:href="http://xbrl.fasb.org/us-gaap/2012/elts/us-gaap-2012-01-31.xsd#us-gaap_ErrorCorrectionsAndPriorPeriodAdjustmentsRestatementByRestatementPeriodAndAmountAxis" xlink:label="us-gaap_ErrorCorrectionsAndPriorPeriodAdjustmentsRestatementByRestatementPeriodAndAmountAxis" />
    <presentationArc xlink:type="arc" xlink:arcrole="http://www.xbrl.org/2003/arcrole/parent-child" xlink:from="loc_StatementTable" xlink:to="us-gaap_ErrorCorrectionsAndPriorPeriodAdjustmentsRestatementByRestatementPeriodAndAmountAxis" order="27.5" use="optional" priority="1" />
    <loc xlink:type="locator" xlink:href="http://xbrl.fasb.org/us-gaap/2012/elts/us-gaap-2012-01-31.xsd#us-gaap_AdjustmentsForErrorCorrectionDomain" xlink:label="loc_AdjustmentsForErrorCorrectionDomain" />
    <presentationArc xlink:type="arc" xlink:arcrole="http://www.xbrl.org/2003/arcrole/parent-child" xlink:from="us-gaap_ErrorCorrectionsAndPriorPeriodAdjustmentsRestatementByRestatementPeriodAndAmountAxis" xlink:to="loc_AdjustmentsForErrorCorrectionDomain" order="10" use="optional" />
    <loc xlink:type="locator" xlink:href="http://xbrl.fasb.org/us-gaap/2012/elts/us-gaap-2012-01-31.xsd#us-gaap_RestatementAdjustmentMember" xlink:label="us-gaap_RestatementAdjustmentMember" />
    <presentationArc xlink:type="arc" xlink:arcrole="http://www.xbrl.org/2003/arcrole/parent-child" xlink:from="loc_AdjustmentsForErrorCorrectionDomain" xlink:to="us-gaap_RestatementAdjustmentMember" order="20" use="optional" preferredLabel="http://www.xbrl.org/2003/role/verboseLabel" priority="1" />
  </presentationLink>
  <presentationLink xlink:type="extended" xlink:role="http://ipaymentinc.com/role/OrganizationAndBusinessAndBasisOfPresentation" xlink:title="0201 - Disclosure - Organization, Business and Basis of Presentation">
    <loc xlink:type="locator" xlink:href="http://xbrl.fasb.org/us-gaap/2012/elts/us-gaap-2012-01-31.xsd#us-gaap_OrganizationConsolidationAndPresentationOfFinancialStatementsAbstract" xlink:label="loc_OrganizationConsolidationAndPresentationOfFinancialStatementsAbstract" />
    <loc xlink:type="locator" xlink:href="http://xbrl.fasb.org/us-gaap/2012/elts/us-gaap-2012-01-31.xsd#us-gaap_OrganizationConsolidationAndPresentationOfFinancialStatementsDisclosureTextBlock" xlink:label="loc_OrganizationConsolidationAndPresentationOfFinancialStatementsDisclosureTextBlock" />
    <presentationArc xlink:type="arc" xlink:arcrole="http://www.xbrl.org/2003/arcrole/parent-child" xlink:from="loc_OrganizationConsolidationAndPresentationOfFinancialStatementsAbstract" xlink:to="loc_OrganizationConsolidationAndPresentationOfFinancialStatementsDisclosureTextBlock" order="20" use="optional" priority="1" preferredLabel="http://www.xbrl.org/2003/role/verboseLabel" />
  </presentationLink>
  <presentationLink xlink:type="extended" xlink:role="http://ipaymentinc.com/role/Acquisitions" xlink:title="0204 - Disclosure - Acquisitions">
    <loc xlink:type="locator" xlink:href="http://xbrl.fasb.org/us-gaap/2012/elts/us-gaap-2012-01-31.xsd#us-gaap_BusinessCombinationsAbstract" xlink:label="loc_BusinessCombinationsAbstract" />
    <loc xlink:type="locator" xlink:href="http://xbrl.fasb.org/us-gaap/2012/elts/us-gaap-2012-01-31.xsd#us-gaap_BusinessCombinationDisclosureTextBlock" xlink:label="loc_BusinessCombinationDisclosureTextBlock" />
    <presentationArc xlink:type="arc" xlink:arcrole="http://www.xbrl.org/2003/arcrole/parent-child" xlink:from="loc_BusinessCombinationsAbstract" xlink:to="loc_BusinessCombinationDisclosureTextBlock" order="20" use="optional" priority="1" preferredLabel="http://www.xbrl.org/2003/role/verboseLabel" />
  </presentationLink>
  <presentationLink xlink:type="extended" xlink:role="http://ipaymentinc.com/role/OtherIntangibles" xlink:title="0205 - Disclosure - Other Intangibles">
    <loc xlink:type="locator" xlink:href="ipmt-20120331.xsd#ipmt_OtherIntangiblesAbstract" xlink:label="ipmt_OtherIntangiblesAbstract" />
    <loc xlink:type="locator" xlink:href="ipmt-20120331.xsd#ipmt_OtherIntangiblesTextBlock" xlink:label="ipmt_OtherIntangiblesTextBlock" />
    <presentationArc xlink:type="arc" xlink:arcrole="http://www.xbrl.org/2003/arcrole/parent-child" xlink:from="ipmt_OtherIntangiblesAbstract" xlink:to="ipmt_OtherIntangiblesTextBlock" order="20" use="optional" priority="1" preferredLabel="http://www.xbrl.org/2003/role/verboseLabel" />
  </presentationLink>
  <presentationLink xlink:type="extended" xlink:role="http://ipaymentinc.com/role/LongTermDebt" xlink:title="0206 - Disclosure - Long-Term Debt">
    <loc xlink:type="locator" xlink:href="http://xbrl.fasb.org/us-gaap/2012/elts/us-gaap-2012-01-31.xsd#us-gaap_DebtDisclosureAbstract" xlink:label="loc_DebtDisclosureAbstract" />
    <loc xlink:type="locator" xlink:href="http://xbrl.fasb.org/us-gaap/2012/elts/us-gaap-2012-01-31.xsd#us-gaap_LongTermDebtTextBlock" xlink:label="loc_LongTermDebtTextBlock" />
    <presentationArc xlink:type="arc" xlink:arcrole="http://www.xbrl.org/2003/arcrole/parent-child" xlink:from="loc_DebtDisclosureAbstract" xlink:to="loc_LongTermDebtTextBlock" order="20" use="optional" preferredLabel="http://www.xbrl.org/2003/role/verboseLabel" priority="1" />
  </presentationLink>
  <presentationLink xlink:type="extended" xlink:role="http://ipaymentinc.com/role/SegmentInformationAndGeographicalInformation" xlink:title="0207 - Disclosure - Segment Information and Geographical Information">
    <loc xlink:type="locator" xlink:href="http://xbrl.fasb.org/us-gaap/2012/elts/us-gaap-2012-01-31.xsd#us-gaap_SegmentReportingAbstract" xlink:label="loc_SegmentReportingAbstract" />
    <loc xlink:type="locator" xlink:href="http://xbrl.fasb.org/us-gaap/2012/elts/us-gaap-2012-01-31.xsd#us-gaap_SegmentReportingDisclosureTextBlock" xlink:label="loc_SegmentReportingDisclosureTextBlock" />
    <presentationArc xlink:type="arc" xlink:arcrole="http://www.xbrl.org/2003/arcrole/parent-child" xlink:from="loc_SegmentReportingAbstract" xlink:to="loc_SegmentReportingDisclosureTextBlock" order="20" use="optional" priority="1" preferredLabel="http://www.xbrl.org/2003/role/verboseLabel" />
  </presentationLink>
  <presentationLink xlink:type="extended" xlink:role="http://ipaymentinc.com/role/IncomeTaxes" xlink:title="0208 - Disclosure - Income Taxes">
    <loc xlink:type="locator" xlink:href="http://xbrl.fasb.org/us-gaap/2012/elts/us-gaap-2012-01-31.xsd#us-gaap_IncomeTaxDisclosureAbstract" xlink:label="loc_IncomeTaxDisclosureAbstract" />
    <loc xlink:type="locator" xlink:href="http://xbrl.fasb.org/us-gaap/2012/elts/us-gaap-2012-01-31.xsd#us-gaap_IncomeTaxDisclosureTextBlock" xlink:label="loc_IncomeTaxDisclosureTextBlock" />
    <presentationArc xlink:type="arc" xlink:arcrole="http://www.xbrl.org/2003/arcrole/parent-child" xlink:from="loc_IncomeTaxDisclosureAbstract" xlink:to="loc_IncomeTaxDisclosureTextBlock" order="20" use="optional" priority="1" preferredLabel="http://www.xbrl.org/2003/role/verboseLabel" />
  </presentationLink>
  <presentationLink xlink:type="extended" xlink:role="http://ipaymentinc.com/role/CommitmentsAndContingencies" xlink:title="0209 - Disclosure - Commitments and Contingencies">
    <loc xlink:type="locator" xlink:href="http://xbrl.fasb.org/us-gaap/2012/elts/us-gaap-2012-01-31.xsd#us-gaap_CommitmentsAndContingenciesDisclosureAbstract" xlink:label="loc_CommitmentsAndContingenciesDisclosureAbstract" />
    <loc xlink:type="locator" xlink:href="http://xbrl.fasb.org/us-gaap/2012/elts/us-gaap-2012-01-31.xsd#us-gaap_CommitmentsAndContingenciesDisclosureTextBlock" xlink:label="loc_CommitmentsAndContingenciesDisclosureTextBlock" />
    <presentationArc xlink:type="arc" xlink:arcrole="http://www.xbrl.org/2003/arcrole/parent-child" xlink:from="loc_CommitmentsAndContingenciesDisclosureAbstract" xlink:to="loc_CommitmentsAndContingenciesDisclosureTextBlock" order="20" use="optional" priority="1" preferredLabel="http://www.xbrl.org/2003/role/verboseLabel" />
  </presentationLink>
  <presentationLink xlink:type="extended" xlink:role="http://ipaymentinc.com/role/RecentAccountingPronouncements" xlink:title="0210 - Disclosure - Recent Accounting Pronouncements">
    <loc xlink:type="locator" xlink:href="http://xbrl.fasb.org/us-gaap/2012/elts/us-gaap-2012-01-31.xsd#us-gaap_AccountingPoliciesAbstract" xlink:label="loc_AccountingPoliciesAbstract" />
    <loc xlink:type="locator" xlink:href="http://xbrl.fasb.org/us-gaap/2012/elts/us-gaap-2012-01-31.xsd#us-gaap_SignificantAccountingPoliciesTextBlock" xlink:label="loc_SignificantAccountingPoliciesTextBlock" />
    <presentationArc xlink:type="arc" xlink:arcrole="http://www.xbrl.org/2003/arcrole/parent-child" xlink:from="loc_AccountingPoliciesAbstract" xlink:to="loc_SignificantAccountingPoliciesTextBlock" order="20" use="optional" preferredLabel="http://www.xbrl.org/2003/role/verboseLabel" priority="1" />
  </presentationLink>
  <presentationLink xlink:type="extended" xlink:role="http://ipaymentinc.com/role/RelatedPartyTransactions" xlink:title="0211 - Disclosure - Related Party Transactions">
    <loc xlink:type="locator" xlink:href="http://xbrl.fasb.org/us-gaap/2012/elts/us-gaap-2012-01-31.xsd#us-gaap_RelatedPartyTransactionsAbstract" xlink:label="loc_RelatedPartyTransactionsAbstract" />
    <loc xlink:type="locator" xlink:href="http://xbrl.fasb.org/us-gaap/2012/elts/us-gaap-2012-01-31.xsd#us-gaap_RelatedPartyTransactionsDisclosureTextBlock" xlink:label="loc_RelatedPartyTransactionsDisclosureTextBlock" />
    <presentationArc xlink:type="arc" xlink:arcrole="http://www.xbrl.org/2003/arcrole/parent-child" xlink:from="loc_RelatedPartyTransactionsAbstract" xlink:to="loc_RelatedPartyTransactionsDisclosureTextBlock" order="20" use="optional" priority="1" preferredLabel="http://www.xbrl.org/2003/role/verboseLabel" />
  </presentationLink>
  <presentationLink xlink:type="extended" xlink:role="http://ipaymentinc.com/role/SubsequentEvents" xlink:title="0212 - Disclosure - Subsequent Events">
    <loc xlink:type="locator" xlink:href="http://xbrl.fasb.org/us-gaap/2012/elts/us-gaap-2012-01-31.xsd#us-gaap_SubsequentEventsAbstract" xlink:label="loc_SubsequentEventsAbstract" />
    <loc xlink:type="locator" xlink:href="http://xbrl.fasb.org/us-gaap/2012/elts/us-gaap-2012-01-31.xsd#us-gaap_SubsequentEventsTextBlock" xlink:label="loc_SubsequentEventsTextBlock" />
    <presentationArc xlink:type="arc" xlink:arcrole="http://www.xbrl.org/2003/arcrole/parent-child" xlink:from="loc_SubsequentEventsAbstract" xlink:to="loc_SubsequentEventsTextBlock" order="20" use="optional" priority="1" preferredLabel="http://www.xbrl.org/2003/role/verboseLabel" />
  </presentationLink>
  <presentationLink xlink:type="extended" xlink:role="http://ipaymentinc.com/role/EquityRedemptionRefinancingAndChangeInControl" xlink:title="0203 - Disclosure - Equity Redemption, Refinancing and Change in Control">
    <loc xlink:type="locator" xlink:href="ipmt-20120331.xsd#ipmt_EquityRedemptionRefinancingAndChangeInControlAbstract" xlink:label="ipmt_EquityRedemptionRefinancingAndChangeInControlAbstract" />
    <loc xlink:type="locator" xlink:href="ipmt-20120331.xsd#ipmt_EquityRedemptionRefinancingAndChangeInControlTextBlock" xlink:label="ipmt_EquityRedemptionRefinancingAndChangeInControlTextBlock" />
    <presentationArc xlink:type="arc" xlink:arcrole="http://www.xbrl.org/2003/arcrole/parent-child" xlink:from="ipmt_EquityRedemptionRefinancingAndChangeInControlAbstract" xlink:to="ipmt_EquityRedemptionRefinancingAndChangeInControlTextBlock" order="20" use="optional" preferredLabel="http://www.xbrl.org/2003/role/verboseLabel" priority="1" />
  </presentationLink>
  <presentationLink xlink:type="extended" xlink:role="http://ipaymentinc.com/role/RestatementOfConsolidatedFinancialStatements" xlink:title="0202 - Disclosure - Restatement of Consolidated Financial Statements">
    <loc xlink:type="locator" xlink:href="http://xbrl.fasb.org/us-gaap/2012/elts/us-gaap-2012-01-31.xsd#us-gaap_AccountingChangesAndErrorCorrectionsAbstract" xlink:label="us-gaap_AccountingChangesAndErrorCorrectionsAbstract" />
    <loc xlink:type="locator" xlink:href="http://xbrl.fasb.org/us-gaap/2012/elts/us-gaap-2012-01-31.xsd#us-gaap_AccountingChangesAndErrorCorrectionsTextBlock" xlink:label="us-gaap_AccountingChangesAndErrorCorrectionsTextBlock" />
    <presentationArc xlink:type="arc" xlink:arcrole="http://www.xbrl.org/2003/arcrole/parent-child" xlink:from="us-gaap_AccountingChangesAndErrorCorrectionsAbstract" xlink:to="us-gaap_AccountingChangesAndErrorCorrectionsTextBlock" order="20" use="optional" priority="1" preferredLabel="http://www.xbrl.org/2003/role/verboseLabel" />
  </presentationLink>
  <presentationLink xlink:type="extended" xlink:role="http://ipaymentinc.com/role/StatementsOfOperationAndComprehensiveIncomeLoss" xlink:title="0120 - Statement - Consolidated Statements of Operation and Comprehensive Income (Loss) (Unaudited)">
    <loc xlink:type="locator" xlink:href="http://xbrl.fasb.org/us-gaap/2012/elts/us-gaap-2012-01-31.xsd#us-gaap_IncomeStatementAbstract" xlink:label="loc_IncomeStatementAbstract" />
    <loc xlink:type="locator" xlink:href="http://xbrl.fasb.org/us-gaap/2012/elts/us-gaap-2012-01-31.xsd#us-gaap_StatementTable" xlink:label="loc_StatementTable" />
    <presentationArc xlink:type="arc" xlink:arcrole="http://www.xbrl.org/2003/arcrole/parent-child" xlink:from="loc_IncomeStatementAbstract" xlink:to="loc_StatementTable" order="20" use="optional" />
    <loc xlink:type="locator" xlink:href="http://xbrl.sec.gov/dei/2012/dei-2012-01-31.xsd#dei_LegalEntityAxis" xlink:label="loc_LegalEntityAxis" />
    <presentationArc xlink:type="arc" xlink:arcrole="http://www.xbrl.org/2003/arcrole/parent-child" xlink:from="loc_StatementTable" xlink:to="loc_LegalEntityAxis" order="20" use="optional" />
    <loc xlink:type="locator" xlink:href="http://xbrl.sec.gov/dei/2012/dei-2012-01-31.xsd#dei_EntityDomain" xlink:label="loc_EntityDomain" />
    <presentationArc xlink:type="arc" xlink:arcrole="http://www.xbrl.org/2003/arcrole/parent-child" xlink:from="loc_LegalEntityAxis" xlink:to="loc_EntityDomain" order="20" use="optional" />
    <loc xlink:type="locator" xlink:href="http://xbrl.fasb.org/us-gaap/2012/elts/us-gaap-2012-01-31.xsd#us-gaap_ParentCompanyMember" xlink:label="us-gaap_ParentCompanyMember" />
    <presentationArc xlink:type="arc" xlink:arcrole="http://www.xbrl.org/2003/arcrole/parent-child" xlink:from="loc_EntityDomain" xlink:to="us-gaap_ParentCompanyMember" order="40" use="optional" preferredLabel="http://www.xbrl.org/2003/role/verboseLabel" />
    <loc xlink:type="locator" xlink:href="http://xbrl.fasb.org/us-gaap/2012/elts/us-gaap-2012-01-31.xsd#us-gaap_ErrorCorrectionsAndPriorPeriodAdjustmentsRestatementByRestatementPeriodAndAmountAxis" xlink:label="us-gaap_ErrorCorrectionsAndPriorPeriodAdjustmentsRestatementByRestatementPeriodAndAmountAxis" />
    <presentationArc xlink:type="arc" xlink:arcrole="http://www.xbrl.org/2003/arcrole/parent-child" xlink:from="loc_StatementTable" xlink:to="us-gaap_ErrorCorrectionsAndPriorPeriodAdjustmentsRestatementByRestatementPeriodAndAmountAxis" order="27.5" use="optional" priority="1" />
    <loc xlink:type="locator" xlink:href="http://xbrl.fasb.org/us-gaap/2012/elts/us-gaap-2012-01-31.xsd#us-gaap_AdjustmentsForErrorCorrectionDomain" xlink:label="loc_AdjustmentsForErrorCorrectionDomain" />
    <presentationArc xlink:type="arc" xlink:arcrole="http://www.xbrl.org/2003/arcrole/parent-child" xlink:from="us-gaap_ErrorCorrectionsAndPriorPeriodAdjustmentsRestatementByRestatementPeriodAndAmountAxis" xlink:to="loc_AdjustmentsForErrorCorrectionDomain" order="10" use="optional" />
    <loc xlink:type="locator" xlink:href="http://xbrl.fasb.org/us-gaap/2012/elts/us-gaap-2012-01-31.xsd#us-gaap_RestatementAdjustmentMember" xlink:label="us-gaap_RestatementAdjustmentMember" />
    <presentationArc xlink:type="arc" xlink:arcrole="http://www.xbrl.org/2003/arcrole/parent-child" xlink:from="loc_AdjustmentsForErrorCorrectionDomain" xlink:to="us-gaap_RestatementAdjustmentMember" order="20" use="optional" preferredLabel="http://www.xbrl.org/2003/role/verboseLabel" priority="1" />
    <loc xlink:type="locator" xlink:href="http://xbrl.fasb.org/us-gaap/2012/elts/us-gaap-2012-01-31.xsd#us-gaap_StatementScenarioAxis" xlink:label="loc_StatementScenarioAxis" />
    <presentationArc xlink:type="arc" xlink:arcrole="http://www.xbrl.org/2003/arcrole/parent-child" xlink:from="loc_StatementTable" xlink:to="loc_StatementScenarioAxis" order="40" use="optional" priority="1" />
    <loc xlink:type="locator" xlink:href="http://xbrl.fasb.org/us-gaap/2012/elts/us-gaap-2012-01-31.xsd#us-gaap_ScenarioUnspecifiedDomain" xlink:label="loc_ScenarioUnspecifiedDomain" />
    <presentationArc xlink:type="arc" xlink:arcrole="http://www.xbrl.org/2003/arcrole/parent-child" xlink:from="loc_StatementScenarioAxis" xlink:to="loc_ScenarioUnspecifiedDomain" order="20" use="optional" />
    <loc xlink:type="locator" xlink:href="http://xbrl.fasb.org/us-gaap/2012/elts/us-gaap-2012-01-31.xsd#us-gaap_SuccessorMember" xlink:label="loc_SuccessorMember" />
    <presentationArc xlink:type="arc" xlink:arcrole="http://www.xbrl.org/2003/arcrole/parent-child" xlink:from="loc_ScenarioUnspecifiedDomain" xlink:to="loc_SuccessorMember" order="20" use="optional" preferredLabel="http://www.xbrl.org/2003/role/verboseLabel" priority="1" />
    <loc xlink:type="locator" xlink:href="http://xbrl.fasb.org/us-gaap/2012/elts/us-gaap-2012-01-31.xsd#us-gaap_PredecessorMember" xlink:label="loc_PredecessorMember" />
    <presentationArc xlink:type="arc" xlink:arcrole="http://www.xbrl.org/2003/arcrole/parent-child" xlink:from="loc_ScenarioUnspecifiedDomain" xlink:to="loc_PredecessorMember" order="40" use="optional" preferredLabel="http://www.xbrl.org/2003/role/verboseLabel" priority="1" />
    <loc xlink:type="locator" xlink:href="http://xbrl.fasb.org/us-gaap/2012/elts/us-gaap-2012-01-31.xsd#us-gaap_StatementLineItems" xlink:label="loc_StatementLineItems" />
    <presentationArc xlink:type="arc" xlink:arcrole="http://www.xbrl.org/2003/arcrole/parent-child" xlink:from="loc_StatementTable" xlink:to="loc_StatementLineItems" order="60" use="optional" priority="1" />
    <loc xlink:type="locator" xlink:href="http://xbrl.fasb.org/us-gaap/2012/elts/us-gaap-2012-01-31.xsd#us-gaap_Revenues" xlink:label="loc_Revenues" />
    <presentationArc xlink:type="arc" xlink:arcrole="http://www.xbrl.org/2003/arcrole/parent-child" xlink:from="loc_StatementLineItems" xlink:to="loc_Revenues" order="10" use="optional" preferredLabel="http://www.xbrl.org/2003/role/verboseLabel" priority="1" />
    <loc xlink:type="locator" xlink:href="http://xbrl.fasb.org/us-gaap/2012/elts/us-gaap-2012-01-31.xsd#us-gaap_OperatingExpensesAbstract" xlink:label="loc_OperatingExpensesAbstract" />
    <presentationArc xlink:type="arc" xlink:arcrole="http://www.xbrl.org/2003/arcrole/parent-child" xlink:from="loc_StatementLineItems" xlink:to="loc_OperatingExpensesAbstract" order="40" use="optional" preferredLabel="http://www.xbrl.org/2003/role/verboseLabel" priority="1" />
    <loc xlink:type="locator" xlink:href="ipmt-20120331.xsd#ipmt_Interchange" xlink:label="ipmt_Interchange" />
    <presentationArc xlink:type="arc" xlink:arcrole="http://www.xbrl.org/2003/arcrole/parent-child" xlink:from="loc_OperatingExpensesAbstract" xlink:to="ipmt_Interchange" order="10" use="optional" preferredLabel="http://www.xbrl.org/2003/role/verboseLabel" priority="1" />
    <loc xlink:type="locator" xlink:href="ipmt-20120331.xsd#ipmt_OtherMiscellaneousCostOfServices" xlink:label="ipmt_OtherMiscellaneousCostOfServices" />
    <presentationArc xlink:type="arc" xlink:arcrole="http://www.xbrl.org/2003/arcrole/parent-child" xlink:from="loc_OperatingExpensesAbstract" xlink:to="ipmt_OtherMiscellaneousCostOfServices" order="20" use="optional" preferredLabel="http://www.xbrl.org/2003/role/verboseLabel" priority="1" />
    <loc xlink:type="locator" xlink:href="http://xbrl.fasb.org/us-gaap/2012/elts/us-gaap-2012-01-31.xsd#us-gaap_SellingGeneralAndAdministrativeExpense" xlink:label="loc_SellingGeneralAndAdministrativeExpense" />
    <presentationArc xlink:type="arc" xlink:arcrole="http://www.xbrl.org/2003/arcrole/parent-child" xlink:from="loc_OperatingExpensesAbstract" xlink:to="loc_SellingGeneralAndAdministrativeExpense" order="27.5" use="optional" preferredLabel="http://www.xbrl.org/2003/role/verboseLabel" priority="1" />
    <loc xlink:type="locator" xlink:href="ipmt-20120331.xsd#ipmt_OtherCostAndExpenseEmbezzlementCosts" xlink:label="ipmt_OtherCostAndExpenseEmbezzlementCosts" />
    <presentationArc xlink:type="arc" xlink:arcrole="http://www.xbrl.org/2003/arcrole/parent-child" xlink:from="loc_OperatingExpensesAbstract" xlink:to="ipmt_OtherCostAndExpenseEmbezzlementCosts" order="28.75" use="optional" preferredLabel="http://www.xbrl.org/2003/role/verboseLabel" priority="1" />
    <loc xlink:type="locator" xlink:href="http://xbrl.fasb.org/us-gaap/2012/elts/us-gaap-2012-01-31.xsd#us-gaap_OperatingExpenses" xlink:label="loc_OperatingExpenses" />
    <presentationArc xlink:type="arc" xlink:arcrole="http://www.xbrl.org/2003/arcrole/parent-child" xlink:from="loc_OperatingExpensesAbstract" xlink:to="loc_OperatingExpenses" order="29.375" use="optional" preferredLabel="http://www.xbrl.org/2003/role/totalLabel" priority="1" />
    <loc xlink:type="locator" xlink:href="http://xbrl.fasb.org/us-gaap/2012/elts/us-gaap-2012-01-31.xsd#us-gaap_OperatingIncomeLoss" xlink:label="loc_OperatingIncomeLoss" />
    <presentationArc xlink:type="arc" xlink:arcrole="http://www.xbrl.org/2003/arcrole/parent-child" xlink:from="loc_StatementLineItems" xlink:to="loc_OperatingIncomeLoss" order="50" use="optional" preferredLabel="http://www.xbrl.org/2003/role/totalLabel" priority="1" />
    <loc xlink:type="locator" xlink:href="http://xbrl.fasb.org/us-gaap/2012/elts/us-gaap-2012-01-31.xsd#us-gaap_NonoperatingIncomeExpenseAbstract" xlink:label="loc_NonoperatingIncomeExpenseAbstract" />
    <presentationArc xlink:type="arc" xlink:arcrole="http://www.xbrl.org/2003/arcrole/parent-child" xlink:from="loc_StatementLineItems" xlink:to="loc_NonoperatingIncomeExpenseAbstract" order="60" use="optional" preferredLabel="http://www.xbrl.org/2003/role/verboseLabel" priority="1" />
    <loc xlink:type="locator" xlink:href="http://xbrl.fasb.org/us-gaap/2012/elts/us-gaap-2012-01-31.xsd#us-gaap_InterestExpense" xlink:label="loc_InterestExpense" />
    <presentationArc xlink:type="arc" xlink:arcrole="http://www.xbrl.org/2003/arcrole/parent-child" xlink:from="loc_NonoperatingIncomeExpenseAbstract" xlink:to="loc_InterestExpense" order="10" use="optional" preferredLabel="http://www.xbrl.org/2003/role/verboseLabel" priority="1" />
    <loc xlink:type="locator" xlink:href="http://xbrl.fasb.org/us-gaap/2012/elts/us-gaap-2012-01-31.xsd#us-gaap_OtherNonoperatingIncomeExpense" xlink:label="loc_OtherNonoperatingIncomeExpense" />
    <presentationArc xlink:type="arc" xlink:arcrole="http://www.xbrl.org/2003/arcrole/parent-child" xlink:from="loc_NonoperatingIncomeExpenseAbstract" xlink:to="loc_OtherNonoperatingIncomeExpense" order="15" use="optional" preferredLabel="http://www.xbrl.org/2009/role/negatedLabel" priority="1" />
    <loc xlink:type="locator" xlink:href="http://xbrl.fasb.org/us-gaap/2012/elts/us-gaap-2012-01-31.xsd#us-gaap_IncomeLossFromContinuingOperationsBeforeIncomeTaxesMinorityInterestAndIncomeLossFromEquityMethodInvestments" xlink:label="loc_IncomeLossFromContinuingOperationsBeforeIncomeTaxesMinorityInterestAndIncomeLossFromEquityMethodInvestments" />
    <presentationArc xlink:type="arc" xlink:arcrole="http://www.xbrl.org/2003/arcrole/parent-child" xlink:from="loc_NonoperatingIncomeExpenseAbstract" xlink:to="loc_IncomeLossFromContinuingOperationsBeforeIncomeTaxesMinorityInterestAndIncomeLossFromEquityMethodInvestments" order="17.5" use="optional" preferredLabel="http://www.xbrl.org/2003/role/totalLabel" priority="1" />
    <loc xlink:type="locator" xlink:href="http://xbrl.fasb.org/us-gaap/2012/elts/us-gaap-2012-01-31.xsd#us-gaap_IncomeTaxExpenseBenefit" xlink:label="us-gaap_IncomeTaxExpenseBenefit_2" />
    <presentationArc xlink:type="arc" xlink:arcrole="http://www.xbrl.org/2003/arcrole/parent-child" xlink:from="loc_StatementLineItems" xlink:to="us-gaap_IncomeTaxExpenseBenefit_2" order="126.5625" use="optional" preferredLabel="http://www.xbrl.org/2003/role/verboseLabel" priority="1" />
    <loc xlink:type="locator" xlink:href="http://xbrl.fasb.org/us-gaap/2012/elts/us-gaap-2012-01-31.xsd#us-gaap_ComprehensiveIncomeNetOfTax" xlink:label="loc_ComprehensiveIncomeNetOfTax" />
    <presentationArc xlink:type="arc" xlink:arcrole="http://www.xbrl.org/2003/arcrole/parent-child" xlink:from="loc_StatementLineItems" xlink:to="loc_ComprehensiveIncomeNetOfTax" order="127.5" use="optional" preferredLabel="http://www.xbrl.org/2003/role/totalLabel" priority="1" />
  </presentationLink>
</linkbase>
