<?xml version="1.0" encoding="US-ASCII" standalone="no"?>
    <!-- Field: Doc-Info; Name: Generator; Value: GoFiler Complete; Version: 3.4b -->
    <!-- Field: Doc-Info; Name: VendorURI; Value: http://www.novaworks.co -->
    <!-- Field: Doc-Info; Name: Source; Value: MSCT%2D20120930 8K.xfr; Date: 2013/01/30T21:30:33 -->
    <!-- Field: Doc-Info; Name: Status; Value: 0x80000000 -->
<link:linkbase xmlns:xsi="http://www.w3.org/2001/XMLSchema-instance" xmlns:xlink="http://www.w3.org/1999/xlink" xmlns:link="http://www.xbrl.org/2003/linkbase" xmlns:xbrli="http://www.xbrl.org/2003/instance" xsi:schemaLocation="http://www.xbrl.org/2003/linkbase http://www.xbrl.org/2003/xbrl-linkbase-2003-12-31.xsd">
    <link:roleRef roleURI="http://MSCT/role/DocumentAndEntityInformation" xlink:href="msct-20120930.xsd#DocumentAndEntityInformation" xlink:type="simple" />
    <link:roleRef roleURI="http://MSCT/role/BalanceSheets" xlink:href="msct-20120930.xsd#BalanceSheets" xlink:type="simple" />
    <link:roleRef roleURI="http://MSCT/role/BalanceSheetsParenthetical" xlink:href="msct-20120930.xsd#BalanceSheetsParenthetical" xlink:type="simple" />
    <link:roleRef roleURI="http://MSCT/role/StatementsOfOperations" xlink:href="msct-20120930.xsd#StatementsOfOperations" xlink:type="simple" />
    <link:roleRef roleURI="http://MSCT/role/StatementOfChangesInStockholdersEquityDeficit" xlink:href="msct-20120930.xsd#StatementOfChangesInStockholdersEquityDeficit" xlink:type="simple" />
    <link:roleRef roleURI="http://MSCT/role/StatementsOfCashFlows" xlink:href="msct-20120930.xsd#StatementsOfCashFlows" xlink:type="simple" />
    <link:roleRef roleURI="http://MSCT/role/NatureOfOperationsAndBasisOfPresentation" xlink:href="msct-20120930.xsd#NatureOfOperationsAndBasisOfPresentation" xlink:type="simple" />
    <link:roleRef roleURI="http://MSCT/role/SummaryOfSignificantAccountingPolicies" xlink:href="msct-20120930.xsd#SummaryOfSignificantAccountingPolicies" xlink:type="simple" />
    <link:roleRef roleURI="http://MSCT/role/GoingConcern" xlink:href="msct-20120930.xsd#GoingConcern" xlink:type="simple" />
    <link:roleRef roleURI="http://MSCT/role/PropertyPlantAndEquipment" xlink:href="msct-20120930.xsd#PropertyPlantAndEquipment" xlink:type="simple" />
    <link:roleRef roleURI="http://MSCT/role/CreditLine" xlink:href="msct-20120930.xsd#CreditLine" xlink:type="simple" />
    <link:roleRef roleURI="http://MSCT/role/InvestmentInLlc" xlink:href="msct-20120930.xsd#InvestmentInLlc" xlink:type="simple" />
    <link:roleRef roleURI="http://MSCT/role/RelatedPartyTransactions" xlink:href="msct-20120930.xsd#RelatedPartyTransactions" xlink:type="simple" />
    <link:roleRef roleURI="http://MSCT/role/Concentrations" xlink:href="msct-20120930.xsd#Concentrations" xlink:type="simple" />
    <link:roleRef roleURI="http://MSCT/role/StockholdersEquity" xlink:href="msct-20120930.xsd#StockholdersEquity" xlink:type="simple" />
    <link:roleRef roleURI="http://MSCT/role/CommitmentsAndContingencies" xlink:href="msct-20120930.xsd#CommitmentsAndContingencies" xlink:type="simple" />
    <link:roleRef roleURI="http://MSCT/role/SubsequentEvent" xlink:href="msct-20120930.xsd#SubsequentEvent" xlink:type="simple" />
    <link:roleRef roleURI="http://MSCT/role/SummaryOfSignificantAccountingPoliciesPolicies" xlink:href="msct-20120930.xsd#SummaryOfSignificantAccountingPoliciesPolicies" xlink:type="simple" />
    <link:roleRef roleURI="http://MSCT/role/SummaryOfSignificantAccountingPoliciesTables" xlink:href="msct-20120930.xsd#SummaryOfSignificantAccountingPoliciesTables" xlink:type="simple" />
    <link:roleRef roleURI="http://MSCT/role/PropertyPlantAndEquipmentTables" xlink:href="msct-20120930.xsd#PropertyPlantAndEquipmentTables" xlink:type="simple" />
    <link:roleRef roleURI="http://MSCT/role/InvestmentInLlcTables" xlink:href="msct-20120930.xsd#InvestmentInLlcTables" xlink:type="simple" />
    <link:roleRef roleURI="http://MSCT/role/ConcentrationsTables" xlink:href="msct-20120930.xsd#ConcentrationsTables" xlink:type="simple" />
    <link:roleRef roleURI="http://MSCT/role/StockholdersEquityTables" xlink:href="msct-20120930.xsd#StockholdersEquityTables" xlink:type="simple" />
    <link:roleRef roleURI="http://MSCT/role/CommitmentsAndContingenciesTables" xlink:href="msct-20120930.xsd#CommitmentsAndContingenciesTables" xlink:type="simple" />
    <link:roleRef roleURI="http://MSCT/role/NatureOfOperationsAndBasisOfPresentationDetailsNarrative" xlink:href="msct-20120930.xsd#NatureOfOperationsAndBasisOfPresentationDetailsNarrative" xlink:type="simple" />
    <link:roleRef roleURI="http://MSCT/role/SummaryOfSignificantAccountingPoliciesDetailsNarrative" xlink:href="msct-20120930.xsd#SummaryOfSignificantAccountingPoliciesDetailsNarrative" xlink:type="simple" />
    <link:roleRef roleURI="http://MSCT/role/SummaryOfSignificantAccountingPolicies-ScheduleOfInventoriesDetails" xlink:href="msct-20120930.xsd#SummaryOfSignificantAccountingPolicies-ScheduleOfInventoriesDetails" xlink:type="simple" />
    <link:roleRef roleURI="http://MSCT/role/SummaryOfSignificantAccountingPolicies-ScheduleOfExpensesOfSlottingFeesAndSalesDiscountAccountedForDirectRevenueReductionDetails" xlink:href="msct-20120930.xsd#SummaryOfSignificantAccountingPolicies-ScheduleOfExpensesOfSlottingFeesAndSalesDiscountAccountedForDirectRevenueReductionDetails" xlink:type="simple" />
    <link:roleRef roleURI="http://MSCT/role/SummaryOfSignificantAccountingPolicies-ScheduleOfCommonStockEquivalentsDetails" xlink:href="msct-20120930.xsd#SummaryOfSignificantAccountingPolicies-ScheduleOfCommonStockEquivalentsDetails" xlink:type="simple" />
    <link:roleRef roleURI="http://MSCT/role/SummaryOfSignificantAccountingPolicies-ScheduleOfCommonStockEquivalentsDetailsParenthetical" xlink:href="msct-20120930.xsd#SummaryOfSignificantAccountingPolicies-ScheduleOfCommonStockEquivalentsDetailsParenthetical" xlink:type="simple" />
    <link:roleRef roleURI="http://MSCT/role/GoingConcernDetails" xlink:href="msct-20120930.xsd#GoingConcernDetails" xlink:type="simple" />
    <link:roleRef roleURI="http://MSCT/role/PropertyPlantAndEquipmentDetailsNarrative" xlink:href="msct-20120930.xsd#PropertyPlantAndEquipmentDetailsNarrative" xlink:type="simple" />
    <link:roleRef roleURI="http://MSCT/role/ScheduleOfPropertyPlantAndEquipmentDetails" xlink:href="msct-20120930.xsd#ScheduleOfPropertyPlantAndEquipmentDetails" xlink:type="simple" />
    <link:roleRef roleURI="http://MSCT/role/CreditLineDetailsNarrative" xlink:href="msct-20120930.xsd#CreditLineDetailsNarrative" xlink:type="simple" />
    <link:roleRef roleURI="http://MSCT/role/InvestmentInLlcDetailsNarrative" xlink:href="msct-20120930.xsd#InvestmentInLlcDetailsNarrative" xlink:type="simple" />
    <link:roleRef roleURI="http://MSCT/role/SummaryOfFinancialInformationDetails" xlink:href="msct-20120930.xsd#SummaryOfFinancialInformationDetails" xlink:type="simple" />
    <link:roleRef roleURI="http://MSCT/role/RelatedPartyTransactionsDetailsNarrative" xlink:href="msct-20120930.xsd#RelatedPartyTransactionsDetailsNarrative" xlink:type="simple" />
    <link:roleRef roleURI="http://MSCT/role/Concentrations-ScheduleOfRevenueDetails" xlink:href="msct-20120930.xsd#Concentrations-ScheduleOfRevenueDetails" xlink:type="simple" />
    <link:roleRef roleURI="http://MSCT/role/Concentrations-ScheduleOfAccountsReceivableDetails" xlink:href="msct-20120930.xsd#Concentrations-ScheduleOfAccountsReceivableDetails" xlink:type="simple" />
    <link:roleRef roleURI="http://MSCT/role/Concentrations-ScheduleOfCostOfSalesDetails" xlink:href="msct-20120930.xsd#Concentrations-ScheduleOfCostOfSalesDetails" xlink:type="simple" />
    <link:roleRef roleURI="http://MSCT/role/StockholdersEquityDetailsNarrative" xlink:href="msct-20120930.xsd#StockholdersEquityDetailsNarrative" xlink:type="simple" />
    <link:roleRef roleURI="http://MSCT/role/SummaryOfOptionActivityDetails" xlink:href="msct-20120930.xsd#SummaryOfOptionActivityDetails" xlink:type="simple" />
    <link:roleRef roleURI="http://MSCT/role/SummaryOfOptionOutstandingAndExercisableDetails" xlink:href="msct-20120930.xsd#SummaryOfOptionOutstandingAndExercisableDetails" xlink:type="simple" />
    <link:roleRef roleURI="http://MSCT/role/ScheduleOfWarrantsActivityDetails" xlink:href="msct-20120930.xsd#ScheduleOfWarrantsActivityDetails" xlink:type="simple" />
    <link:roleRef roleURI="http://MSCT/role/ScheduleOfWarrantsOutstandingAndExercisableDetails" xlink:href="msct-20120930.xsd#ScheduleOfWarrantsOutstandingAndExercisableDetails" xlink:type="simple" />
    <link:roleRef roleURI="http://MSCT/role/CommitmentsAndContingenciesDetailsNarrative" xlink:href="msct-20120930.xsd#CommitmentsAndContingenciesDetailsNarrative" xlink:type="simple" />
    <link:roleRef roleURI="http://MSCT/role/CommitmentsAndContingencies-ScheduleOfRoyaltyMinimumPaymentByPrecedingAgreementYearDetails" xlink:href="msct-20120930.xsd#CommitmentsAndContingencies-ScheduleOfRoyaltyMinimumPaymentByPrecedingAgreementYearDetails" xlink:type="simple" />
    <link:roleRef roleURI="http://MSCT/role/SubsequentEventDetailsNarrative" xlink:href="msct-20120930.xsd#SubsequentEventDetailsNarrative" xlink:type="simple" />
    <link:calculationLink xlink:type="extended" xlink:role="http://MSCT/role/DocumentAndEntityInformation" xlink:title="0001 - Document - Document and Entity Information" />
    <link:calculationLink xlink:type="extended" xlink:role="http://MSCT/role/BalanceSheets" xlink:title="0002 - Statement - Balance Sheets (Unaudited)">
      <link:loc xlink:type="locator" xlink:href="http://xbrl.fasb.org/us-gaap/2012/elts/us-gaap-2012-01-31.xsd#us-gaap_AssetsCurrent" xlink:label="loc_MSCTAssetsCurrent" />
      <link:loc xlink:type="locator" xlink:href="http://xbrl.fasb.org/us-gaap/2012/elts/us-gaap-2012-01-31.xsd#us-gaap_CashAndCashEquivalentsAtCarryingValue" xlink:label="loc_MSCTCashAndCashEquivalentsAtCarryingValue" />
      <link:calculationArc order="100" xlink:arcrole="http://www.xbrl.org/2003/arcrole/summation-item" xlink:from="loc_MSCTAssetsCurrent" xlink:to="loc_MSCTCashAndCashEquivalentsAtCarryingValue" xlink:type="arc" weight="1" />
      <link:loc xlink:type="locator" xlink:href="http://xbrl.fasb.org/us-gaap/2012/elts/us-gaap-2012-01-31.xsd#us-gaap_AccountsReceivableNetCurrent" xlink:label="loc_MSCTAccountsReceivableNetCurrent" />
      <link:calculationArc order="200" xlink:arcrole="http://www.xbrl.org/2003/arcrole/summation-item" xlink:from="loc_MSCTAssetsCurrent" xlink:to="loc_MSCTAccountsReceivableNetCurrent" xlink:type="arc" weight="1" />
      <link:loc xlink:type="locator" xlink:href="http://xbrl.fasb.org/us-gaap/2012/elts/us-gaap-2012-01-31.xsd#us-gaap_InventoryNet" xlink:label="loc_MSCTInventoryNet" />
      <link:calculationArc order="300" xlink:arcrole="http://www.xbrl.org/2003/arcrole/summation-item" xlink:from="loc_MSCTAssetsCurrent" xlink:to="loc_MSCTInventoryNet" xlink:type="arc" weight="1" />
      <link:loc xlink:type="locator" xlink:href="http://xbrl.fasb.org/us-gaap/2012/elts/us-gaap-2012-01-31.xsd#us-gaap_PrepaidExpenseAndOtherAssetsCurrent" xlink:label="loc_MSCTPrepaidExpenseAndOtherAssetsCurrent" />
      <link:calculationArc order="400" xlink:arcrole="http://www.xbrl.org/2003/arcrole/summation-item" xlink:from="loc_MSCTAssetsCurrent" xlink:to="loc_MSCTPrepaidExpenseAndOtherAssetsCurrent" xlink:type="arc" weight="1" />
      <link:loc xlink:type="locator" xlink:href="msct-20120930.xsd#MSCT_RelatedPartyDepositAssetCurrent" xlink:label="loc_MSCTRelatedPartyDepositAssetCurrent" />
      <link:calculationArc order="500" xlink:arcrole="http://www.xbrl.org/2003/arcrole/summation-item" xlink:from="loc_MSCTAssetsCurrent" xlink:to="loc_MSCTRelatedPartyDepositAssetCurrent" xlink:type="arc" weight="1" />
      <link:loc xlink:type="locator" xlink:href="http://xbrl.fasb.org/us-gaap/2012/elts/us-gaap-2012-01-31.xsd#us-gaap_Assets" xlink:label="loc_MSCTAssets" />
      <link:calculationArc order="100" xlink:arcrole="http://www.xbrl.org/2003/arcrole/summation-item" xlink:from="loc_MSCTAssets" xlink:to="loc_MSCTAssetsCurrent" xlink:type="arc" weight="1" />
      <link:loc xlink:type="locator" xlink:href="http://xbrl.fasb.org/us-gaap/2012/elts/us-gaap-2012-01-31.xsd#us-gaap_PropertyPlantAndEquipmentNet" xlink:label="loc_MSCTPropertyPlantAndEquipmentNet" />
      <link:calculationArc order="200" xlink:arcrole="http://www.xbrl.org/2003/arcrole/summation-item" xlink:from="loc_MSCTAssets" xlink:to="loc_MSCTPropertyPlantAndEquipmentNet" xlink:type="arc" weight="1" />
      <link:loc xlink:type="locator" xlink:href="http://xbrl.fasb.org/us-gaap/2012/elts/us-gaap-2012-01-31.xsd#us-gaap_LiabilitiesCurrent" xlink:label="loc_MSCTLiabilitiesCurrent" />
      <link:loc xlink:type="locator" xlink:href="http://xbrl.fasb.org/us-gaap/2012/elts/us-gaap-2012-01-31.xsd#us-gaap_AccountsPayableAndAccruedLiabilitiesCurrent" xlink:label="loc_MSCTAccountsPayableAndAccruedLiabilitiesCurrent" />
      <link:calculationArc order="100" xlink:arcrole="http://www.xbrl.org/2003/arcrole/summation-item" xlink:from="loc_MSCTLiabilitiesCurrent" xlink:to="loc_MSCTAccountsPayableAndAccruedLiabilitiesCurrent" xlink:type="arc" weight="1" />
      <link:loc xlink:type="locator" xlink:href="http://xbrl.fasb.org/us-gaap/2012/elts/us-gaap-2012-01-31.xsd#us-gaap_LinesOfCreditCurrent" xlink:label="loc_MSCTLinesOfCreditCurrent" />
      <link:calculationArc order="200" xlink:arcrole="http://www.xbrl.org/2003/arcrole/summation-item" xlink:from="loc_MSCTLiabilitiesCurrent" xlink:to="loc_MSCTLinesOfCreditCurrent" xlink:type="arc" weight="1" />
      <link:loc xlink:type="locator" xlink:href="http://xbrl.fasb.org/us-gaap/2012/elts/us-gaap-2012-01-31.xsd#us-gaap_DueToRelatedPartiesCurrent" xlink:label="loc_MSCTDueToRelatedPartiesCurrent" />
      <link:calculationArc order="300" xlink:arcrole="http://www.xbrl.org/2003/arcrole/summation-item" xlink:from="loc_MSCTLiabilitiesCurrent" xlink:to="loc_MSCTDueToRelatedPartiesCurrent" xlink:type="arc" weight="1" />
      <link:loc xlink:type="locator" xlink:href="http://xbrl.fasb.org/us-gaap/2012/elts/us-gaap-2012-01-31.xsd#us-gaap_StockholdersEquity" xlink:label="loc_MSCTStockholdersEquity" />
      <link:loc xlink:type="locator" xlink:href="http://xbrl.fasb.org/us-gaap/2012/elts/us-gaap-2012-01-31.xsd#us-gaap_CommonStockValue" xlink:label="loc_MSCTCommonStockValue" />
      <link:calculationArc order="100" xlink:arcrole="http://www.xbrl.org/2003/arcrole/summation-item" xlink:from="loc_MSCTStockholdersEquity" xlink:to="loc_MSCTCommonStockValue" xlink:type="arc" weight="1" />
      <link:loc xlink:type="locator" xlink:href="http://xbrl.fasb.org/us-gaap/2012/elts/us-gaap-2012-01-31.xsd#us-gaap_AdditionalPaidInCapital" xlink:label="loc_MSCTAdditionalPaidInCapital" />
      <link:calculationArc order="200" xlink:arcrole="http://www.xbrl.org/2003/arcrole/summation-item" xlink:from="loc_MSCTStockholdersEquity" xlink:to="loc_MSCTAdditionalPaidInCapital" xlink:type="arc" weight="1" />
      <link:loc xlink:type="locator" xlink:href="http://xbrl.fasb.org/us-gaap/2012/elts/us-gaap-2012-01-31.xsd#us-gaap_RetainedEarningsAccumulatedDeficit" xlink:label="loc_MSCTRetainedEarningsAccumulatedDeficit" />
      <link:calculationArc order="300" xlink:arcrole="http://www.xbrl.org/2003/arcrole/summation-item" xlink:from="loc_MSCTStockholdersEquity" xlink:to="loc_MSCTRetainedEarningsAccumulatedDeficit" xlink:type="arc" weight="1" />
      <link:loc xlink:type="locator" xlink:href="http://xbrl.fasb.org/us-gaap/2012/elts/us-gaap-2012-01-31.xsd#us-gaap_LiabilitiesAndStockholdersEquity" xlink:label="loc_MSCTLiabilitiesAndStockholdersEquity" />
      <link:calculationArc order="100" xlink:arcrole="http://www.xbrl.org/2003/arcrole/summation-item" xlink:from="loc_MSCTLiabilitiesAndStockholdersEquity" xlink:to="loc_MSCTLiabilitiesCurrent" xlink:type="arc" weight="1" />
      <link:calculationArc order="200" xlink:arcrole="http://www.xbrl.org/2003/arcrole/summation-item" xlink:from="loc_MSCTLiabilitiesAndStockholdersEquity" xlink:to="loc_MSCTStockholdersEquity" xlink:type="arc" weight="1" />
    </link:calculationLink>
    <link:calculationLink xlink:type="extended" xlink:role="http://MSCT/role/BalanceSheetsParenthetical" xlink:title="0003 - Statement - Balance Sheets (Parenthetical)" />
    <link:calculationLink xlink:type="extended" xlink:role="http://MSCT/role/StatementsOfOperations" xlink:title="0004 - Statement - Statements of Operations">
      <link:loc xlink:type="locator" xlink:href="http://xbrl.fasb.org/us-gaap/2012/elts/us-gaap-2012-01-31.xsd#us-gaap_GrossProfit" xlink:label="loc_MSCTGrossProfit" />
      <link:loc xlink:type="locator" xlink:href="http://xbrl.fasb.org/us-gaap/2012/elts/us-gaap-2012-01-31.xsd#us-gaap_CostOfRevenue" xlink:label="loc_MSCTCostOfRevenue" />
      <link:calculationArc order="100" xlink:arcrole="http://www.xbrl.org/2003/arcrole/summation-item" xlink:from="loc_MSCTGrossProfit" xlink:to="loc_MSCTCostOfRevenue" xlink:type="arc" weight="-1" />
      <link:loc xlink:type="locator" xlink:href="http://xbrl.fasb.org/us-gaap/2012/elts/us-gaap-2012-01-31.xsd#us-gaap_SalesRevenueGoodsNet" xlink:label="loc_MSCTSalesRevenueGoodsNet" />
      <link:calculationArc order="200" xlink:arcrole="http://www.xbrl.org/2003/arcrole/summation-item" xlink:from="loc_MSCTGrossProfit" xlink:to="loc_MSCTSalesRevenueGoodsNet" xlink:type="arc" weight="1" />
      <link:loc xlink:type="locator" xlink:href="http://xbrl.fasb.org/us-gaap/2012/elts/us-gaap-2012-01-31.xsd#us-gaap_OperatingExpenses" xlink:label="loc_MSCTOperatingExpenses" />
      <link:loc xlink:type="locator" xlink:href="http://xbrl.fasb.org/us-gaap/2012/elts/us-gaap-2012-01-31.xsd#us-gaap_ResearchAndDevelopmentExpense" xlink:label="loc_MSCTResearchAndDevelopmentExpense" />
      <link:calculationArc order="100" xlink:arcrole="http://www.xbrl.org/2003/arcrole/summation-item" xlink:from="loc_MSCTOperatingExpenses" xlink:to="loc_MSCTResearchAndDevelopmentExpense" xlink:type="arc" weight="1" />
      <link:loc xlink:type="locator" xlink:href="http://xbrl.fasb.org/us-gaap/2012/elts/us-gaap-2012-01-31.xsd#us-gaap_GeneralAndAdministrativeExpense" xlink:label="loc_MSCTGeneralAndAdministrativeExpense" />
      <link:calculationArc order="200" xlink:arcrole="http://www.xbrl.org/2003/arcrole/summation-item" xlink:from="loc_MSCTOperatingExpenses" xlink:to="loc_MSCTGeneralAndAdministrativeExpense" xlink:type="arc" weight="1" />
      <link:loc xlink:type="locator" xlink:href="http://xbrl.fasb.org/us-gaap/2012/elts/us-gaap-2012-01-31.xsd#us-gaap_OperatingIncomeLoss" xlink:label="loc_MSCTOperatingIncomeLoss" />
      <link:calculationArc order="100" xlink:arcrole="http://www.xbrl.org/2003/arcrole/summation-item" xlink:from="loc_MSCTOperatingIncomeLoss" xlink:to="loc_MSCTGrossProfit" xlink:type="arc" weight="1" />
      <link:calculationArc order="200" xlink:arcrole="http://www.xbrl.org/2003/arcrole/summation-item" xlink:from="loc_MSCTOperatingIncomeLoss" xlink:to="loc_MSCTOperatingExpenses" xlink:type="arc" weight="-1" />
      <link:loc xlink:type="locator" xlink:href="http://xbrl.fasb.org/us-gaap/2012/elts/us-gaap-2012-01-31.xsd#us-gaap_OtherNonoperatingIncomeExpense" xlink:label="loc_MSCTOtherNonoperatingIncomeExpense" />
      <link:loc xlink:type="locator" xlink:href="http://xbrl.fasb.org/us-gaap/2012/elts/us-gaap-2012-01-31.xsd#us-gaap_InterestExpense" xlink:label="loc_MSCTInterestExpense" />
      <link:calculationArc order="100" xlink:arcrole="http://www.xbrl.org/2003/arcrole/summation-item" xlink:from="loc_MSCTOtherNonoperatingIncomeExpense" xlink:to="loc_MSCTInterestExpense" xlink:type="arc" weight="-1" />
      <link:loc xlink:type="locator" xlink:href="http://xbrl.fasb.org/us-gaap/2012/elts/us-gaap-2012-01-31.xsd#us-gaap_NetIncomeLoss" xlink:label="loc_MSCTNetIncomeLoss" />
      <link:calculationArc order="100" xlink:arcrole="http://www.xbrl.org/2003/arcrole/summation-item" xlink:from="loc_MSCTNetIncomeLoss" xlink:to="loc_MSCTOperatingIncomeLoss" xlink:type="arc" weight="1" />
      <link:calculationArc order="200" xlink:arcrole="http://www.xbrl.org/2003/arcrole/summation-item" xlink:from="loc_MSCTNetIncomeLoss" xlink:to="loc_MSCTOtherNonoperatingIncomeExpense" xlink:type="arc" weight="1" />
    </link:calculationLink>
    <link:calculationLink xlink:type="extended" xlink:role="http://MSCT/role/StatementOfChangesInStockholdersEquityDeficit" xlink:title="0005 - Statement - Statement of Changes in Stockholders' Equity (Deficit)" />
    <link:calculationLink xlink:type="extended" xlink:role="http://MSCT/role/StatementsOfCashFlows" xlink:title="0006 - Statement - Statements of Cash Flows">
      <link:loc xlink:type="locator" xlink:href="http://xbrl.fasb.org/us-gaap/2012/elts/us-gaap-2012-01-31.xsd#us-gaap_NetCashProvidedByUsedInOperatingActivities" xlink:label="loc_MSCTNetCashProvidedByUsedInOperatingActivities" />
      <link:loc xlink:type="locator" xlink:href="http://xbrl.fasb.org/us-gaap/2012/elts/us-gaap-2012-01-31.xsd#us-gaap_NetIncomeLoss" xlink:label="loc_MSCTNetIncomeLoss" />
      <link:calculationArc order="100" xlink:arcrole="http://www.xbrl.org/2003/arcrole/summation-item" xlink:from="loc_MSCTNetCashProvidedByUsedInOperatingActivities" xlink:to="loc_MSCTNetIncomeLoss" xlink:type="arc" weight="1" />
      <link:loc xlink:type="locator" xlink:href="http://xbrl.fasb.org/us-gaap/2012/elts/us-gaap-2012-01-31.xsd#us-gaap_Depreciation" xlink:label="loc_MSCTDepreciation" />
      <link:calculationArc order="200" xlink:arcrole="http://www.xbrl.org/2003/arcrole/summation-item" xlink:from="loc_MSCTNetCashProvidedByUsedInOperatingActivities" xlink:to="loc_MSCTDepreciation" xlink:type="arc" weight="1" />
      <link:loc xlink:type="locator" xlink:href="http://xbrl.fasb.org/us-gaap/2012/elts/us-gaap-2012-01-31.xsd#us-gaap_IncreaseDecreaseInAccountsReceivable" xlink:label="loc_MSCTIncreaseDecreaseInAccountsReceivable" />
      <link:calculationArc order="300" xlink:arcrole="http://www.xbrl.org/2003/arcrole/summation-item" xlink:from="loc_MSCTNetCashProvidedByUsedInOperatingActivities" xlink:to="loc_MSCTIncreaseDecreaseInAccountsReceivable" xlink:type="arc" weight="-1" />
      <link:loc xlink:type="locator" xlink:href="http://xbrl.fasb.org/us-gaap/2012/elts/us-gaap-2012-01-31.xsd#us-gaap_IncreaseDecreaseInInventories" xlink:label="loc_MSCTIncreaseDecreaseInInventories" />
      <link:calculationArc order="400" xlink:arcrole="http://www.xbrl.org/2003/arcrole/summation-item" xlink:from="loc_MSCTNetCashProvidedByUsedInOperatingActivities" xlink:to="loc_MSCTIncreaseDecreaseInInventories" xlink:type="arc" weight="-1" />
      <link:loc xlink:type="locator" xlink:href="http://xbrl.fasb.org/us-gaap/2012/elts/us-gaap-2012-01-31.xsd#us-gaap_IncreaseDecreaseInPrepaidDeferredExpenseAndOtherAssets" xlink:label="loc_MSCTIncreaseDecreaseInPrepaidDeferredExpenseAndOtherAssets" />
      <link:calculationArc order="500" xlink:arcrole="http://www.xbrl.org/2003/arcrole/summation-item" xlink:from="loc_MSCTNetCashProvidedByUsedInOperatingActivities" xlink:to="loc_MSCTIncreaseDecreaseInPrepaidDeferredExpenseAndOtherAssets" xlink:type="arc" weight="-1" />
      <link:loc xlink:type="locator" xlink:href="msct-20120930.xsd#MSCT_IncreaseDecreaseRelatedPartyDepositAsset" xlink:label="loc_MSCTIncreaseDecreaseRelatedPartyDepositAsset" />
      <link:calculationArc order="600" xlink:arcrole="http://www.xbrl.org/2003/arcrole/summation-item" xlink:from="loc_MSCTNetCashProvidedByUsedInOperatingActivities" xlink:to="loc_MSCTIncreaseDecreaseRelatedPartyDepositAsset" xlink:type="arc" weight="-1" />
      <link:loc xlink:type="locator" xlink:href="http://xbrl.fasb.org/us-gaap/2012/elts/us-gaap-2012-01-31.xsd#us-gaap_IncreaseDecreaseInAccountsPayableAndAccruedLiabilities" xlink:label="loc_MSCTIncreaseDecreaseInAccountsPayableAndAccruedLiabilities" />
      <link:calculationArc order="700" xlink:arcrole="http://www.xbrl.org/2003/arcrole/summation-item" xlink:from="loc_MSCTNetCashProvidedByUsedInOperatingActivities" xlink:to="loc_MSCTIncreaseDecreaseInAccountsPayableAndAccruedLiabilities" xlink:type="arc" weight="1" />
      <link:loc xlink:type="locator" xlink:href="http://xbrl.fasb.org/us-gaap/2012/elts/us-gaap-2012-01-31.xsd#us-gaap_IncreaseDecreaseInDueToRelatedParties" xlink:label="loc_MSCTIncreaseDecreaseInDueToRelatedParties" />
      <link:calculationArc order="800" xlink:arcrole="http://www.xbrl.org/2003/arcrole/summation-item" xlink:from="loc_MSCTNetCashProvidedByUsedInOperatingActivities" xlink:to="loc_MSCTIncreaseDecreaseInDueToRelatedParties" xlink:type="arc" weight="1" />
      <link:loc xlink:type="locator" xlink:href="http://xbrl.fasb.org/us-gaap/2012/elts/us-gaap-2012-01-31.xsd#us-gaap_NetCashProvidedByUsedInInvestingActivities" xlink:label="loc_MSCTNetCashProvidedByUsedInInvestingActivities" />
      <link:loc xlink:type="locator" xlink:href="http://xbrl.fasb.org/us-gaap/2012/elts/us-gaap-2012-01-31.xsd#us-gaap_PaymentsToAcquireMachineryAndEquipment" xlink:label="loc_MSCTPaymentsToAcquireMachineryAndEquipment" />
      <link:calculationArc order="100" xlink:arcrole="http://www.xbrl.org/2003/arcrole/summation-item" xlink:from="loc_MSCTNetCashProvidedByUsedInInvestingActivities" xlink:to="loc_MSCTPaymentsToAcquireMachineryAndEquipment" xlink:type="arc" weight="-1" />
      <link:loc xlink:type="locator" xlink:href="http://xbrl.fasb.org/us-gaap/2012/elts/us-gaap-2012-01-31.xsd#us-gaap_PaymentsForProceedsFromInvestments" xlink:label="loc_MSCTPaymentsForProceedsFromInvestments" />
      <link:calculationArc order="200" xlink:arcrole="http://www.xbrl.org/2003/arcrole/summation-item" xlink:from="loc_MSCTNetCashProvidedByUsedInInvestingActivities" xlink:to="loc_MSCTPaymentsForProceedsFromInvestments" xlink:type="arc" weight="-1" />
      <link:loc xlink:type="locator" xlink:href="http://xbrl.fasb.org/us-gaap/2012/elts/us-gaap-2012-01-31.xsd#us-gaap_NetCashProvidedByUsedInFinancingActivities" xlink:label="loc_MSCTNetCashProvidedByUsedInFinancingActivities" />
      <link:loc xlink:type="locator" xlink:href="http://xbrl.fasb.org/us-gaap/2012/elts/us-gaap-2012-01-31.xsd#us-gaap_ProceedsFromIssuanceOfCommonStock" xlink:label="loc_MSCTProceedsFromIssuanceOfCommonStock" />
      <link:calculationArc order="100" xlink:arcrole="http://www.xbrl.org/2003/arcrole/summation-item" xlink:from="loc_MSCTNetCashProvidedByUsedInFinancingActivities" xlink:to="loc_MSCTProceedsFromIssuanceOfCommonStock" xlink:type="arc" weight="1" />
      <link:loc xlink:type="locator" xlink:href="http://xbrl.fasb.org/us-gaap/2012/elts/us-gaap-2012-01-31.xsd#us-gaap_PaymentsOfStockIssuanceCosts" xlink:label="loc_MSCTPaymentsOfStockIssuanceCosts" />
      <link:calculationArc order="200" xlink:arcrole="http://www.xbrl.org/2003/arcrole/summation-item" xlink:from="loc_MSCTNetCashProvidedByUsedInFinancingActivities" xlink:to="loc_MSCTPaymentsOfStockIssuanceCosts" xlink:type="arc" weight="-1" />
      <link:loc xlink:type="locator" xlink:href="http://xbrl.fasb.org/us-gaap/2012/elts/us-gaap-2012-01-31.xsd#us-gaap_ProceedsFromLinesOfCredit" xlink:label="loc_MSCTProceedsFromLinesOfCredit" />
      <link:calculationArc order="300" xlink:arcrole="http://www.xbrl.org/2003/arcrole/summation-item" xlink:from="loc_MSCTNetCashProvidedByUsedInFinancingActivities" xlink:to="loc_MSCTProceedsFromLinesOfCredit" xlink:type="arc" weight="1" />
      <link:loc xlink:type="locator" xlink:href="http://xbrl.fasb.org/us-gaap/2012/elts/us-gaap-2012-01-31.xsd#us-gaap_RepaymentsOfLinesOfCredit" xlink:label="loc_MSCTRepaymentsOfLinesOfCredit" />
      <link:calculationArc order="400" xlink:arcrole="http://www.xbrl.org/2003/arcrole/summation-item" xlink:from="loc_MSCTNetCashProvidedByUsedInFinancingActivities" xlink:to="loc_MSCTRepaymentsOfLinesOfCredit" xlink:type="arc" weight="-1" />
      <link:loc xlink:type="locator" xlink:href="http://xbrl.fasb.org/us-gaap/2012/elts/us-gaap-2012-01-31.xsd#us-gaap_CashAndCashEquivalentsPeriodIncreaseDecrease" xlink:label="loc_MSCTCashAndCashEquivalentsPeriodIncreaseDecrease" />
      <link:calculationArc order="100" xlink:arcrole="http://www.xbrl.org/2003/arcrole/summation-item" xlink:from="loc_MSCTCashAndCashEquivalentsPeriodIncreaseDecrease" xlink:to="loc_MSCTNetCashProvidedByUsedInOperatingActivities" xlink:type="arc" weight="1" />
      <link:calculationArc order="200" xlink:arcrole="http://www.xbrl.org/2003/arcrole/summation-item" xlink:from="loc_MSCTCashAndCashEquivalentsPeriodIncreaseDecrease" xlink:to="loc_MSCTNetCashProvidedByUsedInInvestingActivities" xlink:type="arc" weight="1" />
      <link:calculationArc order="300" xlink:arcrole="http://www.xbrl.org/2003/arcrole/summation-item" xlink:from="loc_MSCTCashAndCashEquivalentsPeriodIncreaseDecrease" xlink:to="loc_MSCTNetCashProvidedByUsedInFinancingActivities" xlink:type="arc" weight="1" />
    </link:calculationLink>
    <link:calculationLink xlink:type="extended" xlink:role="http://MSCT/role/NatureOfOperationsAndBasisOfPresentation" xlink:title="0007 - Disclosure - Nature of Operations and Basis of Presentation" />
    <link:calculationLink xlink:type="extended" xlink:role="http://MSCT/role/SummaryOfSignificantAccountingPolicies" xlink:title="0008 - Disclosure - Summary of Significant Accounting Policies" />
    <link:calculationLink xlink:type="extended" xlink:role="http://MSCT/role/GoingConcern" xlink:title="0009 - Disclosure - Going Concern" />
    <link:calculationLink xlink:type="extended" xlink:role="http://MSCT/role/PropertyPlantAndEquipment" xlink:title="0010 - Disclosure - Property Plant and Equipment" />
    <link:calculationLink xlink:type="extended" xlink:role="http://MSCT/role/CreditLine" xlink:title="0011 - Disclosure - Credit Line" />
    <link:calculationLink xlink:type="extended" xlink:role="http://MSCT/role/InvestmentInLlc" xlink:title="0012 - Disclosure - Investment in LLC" />
    <link:calculationLink xlink:type="extended" xlink:role="http://MSCT/role/RelatedPartyTransactions" xlink:title="0013 - Disclosure - Related Party Transactions" />
    <link:calculationLink xlink:type="extended" xlink:role="http://MSCT/role/Concentrations" xlink:title="0014 - Disclosure - Concentrations" />
    <link:calculationLink xlink:type="extended" xlink:role="http://MSCT/role/StockholdersEquity" xlink:title="0015 - Disclosure - Stockholders' Equity" />
    <link:calculationLink xlink:type="extended" xlink:role="http://MSCT/role/CommitmentsAndContingencies" xlink:title="0016 - Disclosure - Commitments and Contingencies" />
    <link:calculationLink xlink:type="extended" xlink:role="http://MSCT/role/SubsequentEvent" xlink:title="0017 - Disclosure - Subsequent Event" />
    <link:calculationLink xlink:type="extended" xlink:role="http://MSCT/role/SummaryOfSignificantAccountingPoliciesPolicies" xlink:title="0018 - Disclosure - Summary of Significant Accounting Policies (Policies)" />
    <link:calculationLink xlink:type="extended" xlink:role="http://MSCT/role/SummaryOfSignificantAccountingPoliciesTables" xlink:title="0019 - Disclosure - Summary of Significant Accounting Policies (Tables)" />
    <link:calculationLink xlink:type="extended" xlink:role="http://MSCT/role/PropertyPlantAndEquipmentTables" xlink:title="0020 - Disclosure - Property Plant and Equipment (Tables)" />
    <link:calculationLink xlink:type="extended" xlink:role="http://MSCT/role/InvestmentInLlcTables" xlink:title="0021 - Disclosure - Investment in LLC (Tables)" />
    <link:calculationLink xlink:type="extended" xlink:role="http://MSCT/role/ConcentrationsTables" xlink:title="0022 - Disclosure - Concentrations (Tables)" />
    <link:calculationLink xlink:type="extended" xlink:role="http://MSCT/role/StockholdersEquityTables" xlink:title="0023 - Disclosure - Stockholders' Equity (Tables)" />
    <link:calculationLink xlink:type="extended" xlink:role="http://MSCT/role/CommitmentsAndContingenciesTables" xlink:title="0024 - Disclosure - Commitments and Contingencies (Tables)" />
    <link:calculationLink xlink:type="extended" xlink:role="http://MSCT/role/NatureOfOperationsAndBasisOfPresentationDetailsNarrative" xlink:title="0025 - Disclosure - Nature of Operations and Basis of Presentation (Details Narrative)" />
    <link:calculationLink xlink:type="extended" xlink:role="http://MSCT/role/SummaryOfSignificantAccountingPoliciesDetailsNarrative" xlink:title="0026 - Disclosure - Summary of Significant Accounting Policies (Details Narrative)" />
    <link:calculationLink xlink:type="extended" xlink:role="http://MSCT/role/SummaryOfSignificantAccountingPolicies-ScheduleOfInventoriesDetails" xlink:title="0027 - Disclosure - Summary of Significant Accounting Policies - Schedule of Inventories (Details)" />
    <link:calculationLink xlink:type="extended" xlink:role="http://MSCT/role/SummaryOfSignificantAccountingPolicies-ScheduleOfExpensesOfSlottingFeesAndSalesDiscountAccountedForDirectRevenueReductionDetails" xlink:title="0028 - Disclosure - Summary of Significant Accounting Policies - Schedule of Expenses of Slotting Fees and Sales Discount Accounted for Direct Revenue Reduction (Details)">
      <link:loc xlink:type="locator" xlink:href="http://xbrl.fasb.org/us-gaap/2012/elts/us-gaap-2012-01-31.xsd#us-gaap_SalesRevenueGoodsNet" xlink:label="loc_MSCTSalesRevenueGoodsNet" />
      <link:loc xlink:type="locator" xlink:href="http://xbrl.fasb.org/us-gaap/2012/elts/us-gaap-2012-01-31.xsd#us-gaap_SalesRevenueGoodsGross" xlink:label="loc_MSCTSalesRevenueGoodsGross" />
      <link:calculationArc order="100" xlink:arcrole="http://www.xbrl.org/2003/arcrole/summation-item" xlink:from="loc_MSCTSalesRevenueGoodsNet" xlink:to="loc_MSCTSalesRevenueGoodsGross" xlink:type="arc" weight="1" />
      <link:loc xlink:type="locator" xlink:href="http://xbrl.fasb.org/us-gaap/2012/elts/us-gaap-2012-01-31.xsd#us-gaap_SalesDiscountsReturnsAndAllowancesGoods" xlink:label="loc_MSCTSalesDiscountsReturnsAndAllowancesGoods" />
      <link:calculationArc order="200" xlink:arcrole="http://www.xbrl.org/2003/arcrole/summation-item" xlink:from="loc_MSCTSalesRevenueGoodsNet" xlink:to="loc_MSCTSalesDiscountsReturnsAndAllowancesGoods" xlink:type="arc" weight="-1" />
    </link:calculationLink>
    <link:calculationLink xlink:type="extended" xlink:role="http://MSCT/role/SummaryOfSignificantAccountingPolicies-ScheduleOfCommonStockEquivalentsDetails" xlink:title="0029 - Disclosure - Summary of Significant Accounting Policies - Schedule of Common Stock Equivalents (Details)">
      <link:loc xlink:type="locator" xlink:href="msct-20120930.xsd#MSCT_CommonStockEquivalents" xlink:label="loc_MSCTCommonStockEquivalents" />
      <link:loc xlink:type="locator" xlink:href="http://xbrl.fasb.org/us-gaap/2012/elts/us-gaap-2012-01-31.xsd#us-gaap_ShareBasedCompensationArrangementByShareBasedPaymentAwardOptionsOutstandingNumber" xlink:label="loc_MSCTShareBasedCompensationArrangementByShareBasedPaymentAwardOptionsOutstandingNumber" />
      <link:calculationArc order="100" xlink:arcrole="http://www.xbrl.org/2003/arcrole/summation-item" xlink:from="loc_MSCTCommonStockEquivalents" xlink:to="loc_MSCTShareBasedCompensationArrangementByShareBasedPaymentAwardOptionsOutstandingNumber" xlink:type="arc" weight="1" />
      <link:loc xlink:type="locator" xlink:href="http://xbrl.fasb.org/us-gaap/2012/elts/us-gaap-2012-01-31.xsd#us-gaap_ShareBasedCompensationArrangementByShareBasedPaymentAwardEquityInstrumentsOtherThanOptionsNonvestedNumber" xlink:label="loc_MSCTShareBasedCompensationArrangementByShareBasedPaymentAwardEquityInstrumentsOtherThanOptionsNonvestedNumber" />
      <link:calculationArc order="200" xlink:arcrole="http://www.xbrl.org/2003/arcrole/summation-item" xlink:from="loc_MSCTCommonStockEquivalents" xlink:to="loc_MSCTShareBasedCompensationArrangementByShareBasedPaymentAwardEquityInstrumentsOtherThanOptionsNonvestedNumber" xlink:type="arc" weight="1" />
    </link:calculationLink>
    <link:calculationLink xlink:type="extended" xlink:role="http://MSCT/role/SummaryOfSignificantAccountingPolicies-ScheduleOfCommonStockEquivalentsDetailsParenthetical" xlink:title="0030 - Disclosure - Summary of Significant Accounting Policies - Schedule of Common Stock Equivalents (Details) (Parenthetical)" />
    <link:calculationLink xlink:type="extended" xlink:role="http://MSCT/role/GoingConcernDetails" xlink:title="0031 - Disclosure - Going Concern (Details)" />
    <link:calculationLink xlink:type="extended" xlink:role="http://MSCT/role/PropertyPlantAndEquipmentDetailsNarrative" xlink:title="0032 - Disclosure - Property Plant and Equipment (Details Narrative)" />
    <link:calculationLink xlink:type="extended" xlink:role="http://MSCT/role/ScheduleOfPropertyPlantAndEquipmentDetails" xlink:title="0033 - Disclosure - Schedule of Property Plant and Equipment (Details)">
      <link:loc xlink:type="locator" xlink:href="http://xbrl.fasb.org/us-gaap/2012/elts/us-gaap-2012-01-31.xsd#us-gaap_PropertyPlantAndEquipmentNet" xlink:label="loc_MSCTPropertyPlantAndEquipmentNet" />
      <link:loc xlink:type="locator" xlink:href="http://xbrl.fasb.org/us-gaap/2012/elts/us-gaap-2012-01-31.xsd#us-gaap_PropertyPlantAndEquipmentGross" xlink:label="loc_MSCTPropertyPlantAndEquipmentGross" />
      <link:calculationArc order="100" xlink:arcrole="http://www.xbrl.org/2003/arcrole/summation-item" xlink:from="loc_MSCTPropertyPlantAndEquipmentNet" xlink:to="loc_MSCTPropertyPlantAndEquipmentGross" xlink:type="arc" weight="1" />
      <link:loc xlink:type="locator" xlink:href="http://xbrl.fasb.org/us-gaap/2012/elts/us-gaap-2012-01-31.xsd#us-gaap_AccumulatedDepreciationDepletionAndAmortizationPropertyPlantAndEquipment" xlink:label="loc_MSCTAccumulatedDepreciationDepletionAndAmortizationPropertyPlantAndEquipment" />
      <link:calculationArc order="200" xlink:arcrole="http://www.xbrl.org/2003/arcrole/summation-item" xlink:from="loc_MSCTPropertyPlantAndEquipmentNet" xlink:to="loc_MSCTAccumulatedDepreciationDepletionAndAmortizationPropertyPlantAndEquipment" xlink:type="arc" weight="-1" />
    </link:calculationLink>
    <link:calculationLink xlink:type="extended" xlink:role="http://MSCT/role/CreditLineDetailsNarrative" xlink:title="0034 - Disclosure - Credit Line (Details Narrative)" />
    <link:calculationLink xlink:type="extended" xlink:role="http://MSCT/role/InvestmentInLlcDetailsNarrative" xlink:title="0035 - Disclosure - Investment in LLC (Details Narrative)" />
    <link:calculationLink xlink:type="extended" xlink:role="http://MSCT/role/SummaryOfFinancialInformationDetails" xlink:title="0036 - Disclosure - Summary of Financial Information (Details)" />
    <link:calculationLink xlink:type="extended" xlink:role="http://MSCT/role/RelatedPartyTransactionsDetailsNarrative" xlink:title="0037 - Disclosure - Related Party Transactions (Details Narrative)" />
    <link:calculationLink xlink:type="extended" xlink:role="http://MSCT/role/Concentrations-ScheduleOfRevenueDetails" xlink:title="0038 - Disclosure - Concentrations - Schedule of Revenue (Details)" />
    <link:calculationLink xlink:type="extended" xlink:role="http://MSCT/role/Concentrations-ScheduleOfAccountsReceivableDetails" xlink:title="0039 - Disclosure - Concentrations - Schedule of Accounts Receivable (Details)" />
    <link:calculationLink xlink:type="extended" xlink:role="http://MSCT/role/Concentrations-ScheduleOfCostOfSalesDetails" xlink:title="0040 - Disclosure - Concentrations - Schedule of Cost of Sales (Details)" />
    <link:calculationLink xlink:type="extended" xlink:role="http://MSCT/role/StockholdersEquityDetailsNarrative" xlink:title="0041 - Disclosure - Stockholders' Equity (Details Narrative)" />
    <link:calculationLink xlink:type="extended" xlink:role="http://MSCT/role/SummaryOfOptionActivityDetails" xlink:title="0042 - Disclosure - Summary of Option Activity (Details)" />
    <link:calculationLink xlink:type="extended" xlink:role="http://MSCT/role/SummaryOfOptionOutstandingAndExercisableDetails" xlink:title="0043 - Disclosure - Summary of Option Outstanding and Exercisable (Details)" />
    <link:calculationLink xlink:type="extended" xlink:role="http://MSCT/role/ScheduleOfWarrantsActivityDetails" xlink:title="0044 - Disclosure - Schedule of Warrants Activity (Details)" />
    <link:calculationLink xlink:type="extended" xlink:role="http://MSCT/role/ScheduleOfWarrantsOutstandingAndExercisableDetails" xlink:title="0045 - Disclosure - Schedule of Warrants Outstanding and Exercisable (Details)" />
    <link:calculationLink xlink:type="extended" xlink:role="http://MSCT/role/CommitmentsAndContingenciesDetailsNarrative" xlink:title="0046 - Disclosure - Commitments and Contingencies (Details Narrative)" />
    <link:calculationLink xlink:type="extended" xlink:role="http://MSCT/role/CommitmentsAndContingencies-ScheduleOfRoyaltyMinimumPaymentByPrecedingAgreementYearDetails" xlink:title="0047 - Disclosure - Commitments and Contingencies - Schedule of Royalty Minimum Payment by Preceding Agreement Year (Details)" />
    <link:calculationLink xlink:type="extended" xlink:role="http://MSCT/role/SubsequentEventDetailsNarrative" xlink:title="0048 - Disclosure - Subsequent Event (Details Narrative)" />
</link:linkbase>
