<?xml version="1.0" encoding="US-ASCII" standalone="no"?>
    <!-- Field: Doc-Info; Name: Generator; Value: GoFiler Complete; Version: 3.4b -->
    <!-- Field: Doc-Info; Name: VendorURI; Value: http://www.novaworks.co -->
    <!-- Field: Doc-Info; Name: Source; Value: MSCT%2D20120930 8K.xfr; Date: 2013/01/30T21:30:33 -->
    <!-- Field: Doc-Info; Name: Status; Value: 0x80000000 -->
<link:linkbase xmlns:xsi="http://www.w3.org/2001/XMLSchema-instance" xmlns:xlink="http://www.w3.org/1999/xlink" xmlns:link="http://www.xbrl.org/2003/linkbase" xmlns:xbrldt="http://xbrl.org/2005/xbrldt" xmlns:xbrli="http://www.xbrl.org/2003/instance" xsi:schemaLocation="http://www.xbrl.org/2003/linkbase http://www.xbrl.org/2003/xbrl-linkbase-2003-12-31.xsd">
    <link:roleRef roleURI="http://MSCT/role/DocumentAndEntityInformation" xlink:href="msct-20120930.xsd#DocumentAndEntityInformation" xlink:type="simple" />
    <link:roleRef roleURI="http://MSCT/role/BalanceSheets" xlink:href="msct-20120930.xsd#BalanceSheets" xlink:type="simple" />
    <link:roleRef roleURI="http://MSCT/role/BalanceSheetsParenthetical" xlink:href="msct-20120930.xsd#BalanceSheetsParenthetical" xlink:type="simple" />
    <link:roleRef roleURI="http://MSCT/role/StatementsOfOperations" xlink:href="msct-20120930.xsd#StatementsOfOperations" xlink:type="simple" />
    <link:roleRef roleURI="http://MSCT/role/StatementOfChangesInStockholdersEquityDeficit" xlink:href="msct-20120930.xsd#StatementOfChangesInStockholdersEquityDeficit" xlink:type="simple" />
    <link:roleRef roleURI="http://MSCT/role/StatementsOfCashFlows" xlink:href="msct-20120930.xsd#StatementsOfCashFlows" xlink:type="simple" />
    <link:roleRef roleURI="http://MSCT/role/NatureOfOperationsAndBasisOfPresentation" xlink:href="msct-20120930.xsd#NatureOfOperationsAndBasisOfPresentation" xlink:type="simple" />
    <link:roleRef roleURI="http://MSCT/role/SummaryOfSignificantAccountingPolicies" xlink:href="msct-20120930.xsd#SummaryOfSignificantAccountingPolicies" xlink:type="simple" />
    <link:roleRef roleURI="http://MSCT/role/GoingConcern" xlink:href="msct-20120930.xsd#GoingConcern" xlink:type="simple" />
    <link:roleRef roleURI="http://MSCT/role/PropertyPlantAndEquipment" xlink:href="msct-20120930.xsd#PropertyPlantAndEquipment" xlink:type="simple" />
    <link:roleRef roleURI="http://MSCT/role/CreditLine" xlink:href="msct-20120930.xsd#CreditLine" xlink:type="simple" />
    <link:roleRef roleURI="http://MSCT/role/InvestmentInLlc" xlink:href="msct-20120930.xsd#InvestmentInLlc" xlink:type="simple" />
    <link:roleRef roleURI="http://MSCT/role/RelatedPartyTransactions" xlink:href="msct-20120930.xsd#RelatedPartyTransactions" xlink:type="simple" />
    <link:roleRef roleURI="http://MSCT/role/Concentrations" xlink:href="msct-20120930.xsd#Concentrations" xlink:type="simple" />
    <link:roleRef roleURI="http://MSCT/role/StockholdersEquity" xlink:href="msct-20120930.xsd#StockholdersEquity" xlink:type="simple" />
    <link:roleRef roleURI="http://MSCT/role/CommitmentsAndContingencies" xlink:href="msct-20120930.xsd#CommitmentsAndContingencies" xlink:type="simple" />
    <link:roleRef roleURI="http://MSCT/role/SubsequentEvent" xlink:href="msct-20120930.xsd#SubsequentEvent" xlink:type="simple" />
    <link:roleRef roleURI="http://MSCT/role/SummaryOfSignificantAccountingPoliciesPolicies" xlink:href="msct-20120930.xsd#SummaryOfSignificantAccountingPoliciesPolicies" xlink:type="simple" />
    <link:roleRef roleURI="http://MSCT/role/SummaryOfSignificantAccountingPoliciesTables" xlink:href="msct-20120930.xsd#SummaryOfSignificantAccountingPoliciesTables" xlink:type="simple" />
    <link:roleRef roleURI="http://MSCT/role/PropertyPlantAndEquipmentTables" xlink:href="msct-20120930.xsd#PropertyPlantAndEquipmentTables" xlink:type="simple" />
    <link:roleRef roleURI="http://MSCT/role/InvestmentInLlcTables" xlink:href="msct-20120930.xsd#InvestmentInLlcTables" xlink:type="simple" />
    <link:roleRef roleURI="http://MSCT/role/ConcentrationsTables" xlink:href="msct-20120930.xsd#ConcentrationsTables" xlink:type="simple" />
    <link:roleRef roleURI="http://MSCT/role/StockholdersEquityTables" xlink:href="msct-20120930.xsd#StockholdersEquityTables" xlink:type="simple" />
    <link:roleRef roleURI="http://MSCT/role/CommitmentsAndContingenciesTables" xlink:href="msct-20120930.xsd#CommitmentsAndContingenciesTables" xlink:type="simple" />
    <link:roleRef roleURI="http://MSCT/role/NatureOfOperationsAndBasisOfPresentationDetailsNarrative" xlink:href="msct-20120930.xsd#NatureOfOperationsAndBasisOfPresentationDetailsNarrative" xlink:type="simple" />
    <link:roleRef roleURI="http://MSCT/role/SummaryOfSignificantAccountingPoliciesDetailsNarrative" xlink:href="msct-20120930.xsd#SummaryOfSignificantAccountingPoliciesDetailsNarrative" xlink:type="simple" />
    <link:roleRef roleURI="http://MSCT/role/SummaryOfSignificantAccountingPolicies-ScheduleOfInventoriesDetails" xlink:href="msct-20120930.xsd#SummaryOfSignificantAccountingPolicies-ScheduleOfInventoriesDetails" xlink:type="simple" />
    <link:roleRef roleURI="http://MSCT/role/SummaryOfSignificantAccountingPolicies-ScheduleOfExpensesOfSlottingFeesAndSalesDiscountAccountedForDirectRevenueReductionDetails" xlink:href="msct-20120930.xsd#SummaryOfSignificantAccountingPolicies-ScheduleOfExpensesOfSlottingFeesAndSalesDiscountAccountedForDirectRevenueReductionDetails" xlink:type="simple" />
    <link:roleRef roleURI="http://MSCT/role/SummaryOfSignificantAccountingPolicies-ScheduleOfCommonStockEquivalentsDetails" xlink:href="msct-20120930.xsd#SummaryOfSignificantAccountingPolicies-ScheduleOfCommonStockEquivalentsDetails" xlink:type="simple" />
    <link:roleRef roleURI="http://MSCT/role/SummaryOfSignificantAccountingPolicies-ScheduleOfCommonStockEquivalentsDetailsParenthetical" xlink:href="msct-20120930.xsd#SummaryOfSignificantAccountingPolicies-ScheduleOfCommonStockEquivalentsDetailsParenthetical" xlink:type="simple" />
    <link:roleRef roleURI="http://MSCT/role/GoingConcernDetails" xlink:href="msct-20120930.xsd#GoingConcernDetails" xlink:type="simple" />
    <link:roleRef roleURI="http://MSCT/role/PropertyPlantAndEquipmentDetailsNarrative" xlink:href="msct-20120930.xsd#PropertyPlantAndEquipmentDetailsNarrative" xlink:type="simple" />
    <link:roleRef roleURI="http://MSCT/role/ScheduleOfPropertyPlantAndEquipmentDetails" xlink:href="msct-20120930.xsd#ScheduleOfPropertyPlantAndEquipmentDetails" xlink:type="simple" />
    <link:roleRef roleURI="http://MSCT/role/CreditLineDetailsNarrative" xlink:href="msct-20120930.xsd#CreditLineDetailsNarrative" xlink:type="simple" />
    <link:roleRef roleURI="http://MSCT/role/InvestmentInLlcDetailsNarrative" xlink:href="msct-20120930.xsd#InvestmentInLlcDetailsNarrative" xlink:type="simple" />
    <link:roleRef roleURI="http://MSCT/role/SummaryOfFinancialInformationDetails" xlink:href="msct-20120930.xsd#SummaryOfFinancialInformationDetails" xlink:type="simple" />
    <link:roleRef roleURI="http://MSCT/role/RelatedPartyTransactionsDetailsNarrative" xlink:href="msct-20120930.xsd#RelatedPartyTransactionsDetailsNarrative" xlink:type="simple" />
    <link:roleRef roleURI="http://MSCT/role/Concentrations-ScheduleOfRevenueDetails" xlink:href="msct-20120930.xsd#Concentrations-ScheduleOfRevenueDetails" xlink:type="simple" />
    <link:roleRef roleURI="http://MSCT/role/Concentrations-ScheduleOfAccountsReceivableDetails" xlink:href="msct-20120930.xsd#Concentrations-ScheduleOfAccountsReceivableDetails" xlink:type="simple" />
    <link:roleRef roleURI="http://MSCT/role/Concentrations-ScheduleOfCostOfSalesDetails" xlink:href="msct-20120930.xsd#Concentrations-ScheduleOfCostOfSalesDetails" xlink:type="simple" />
    <link:roleRef roleURI="http://MSCT/role/StockholdersEquityDetailsNarrative" xlink:href="msct-20120930.xsd#StockholdersEquityDetailsNarrative" xlink:type="simple" />
    <link:roleRef roleURI="http://MSCT/role/SummaryOfOptionActivityDetails" xlink:href="msct-20120930.xsd#SummaryOfOptionActivityDetails" xlink:type="simple" />
    <link:roleRef roleURI="http://MSCT/role/SummaryOfOptionOutstandingAndExercisableDetails" xlink:href="msct-20120930.xsd#SummaryOfOptionOutstandingAndExercisableDetails" xlink:type="simple" />
    <link:roleRef roleURI="http://MSCT/role/ScheduleOfWarrantsActivityDetails" xlink:href="msct-20120930.xsd#ScheduleOfWarrantsActivityDetails" xlink:type="simple" />
    <link:roleRef roleURI="http://MSCT/role/ScheduleOfWarrantsOutstandingAndExercisableDetails" xlink:href="msct-20120930.xsd#ScheduleOfWarrantsOutstandingAndExercisableDetails" xlink:type="simple" />
    <link:roleRef roleURI="http://MSCT/role/CommitmentsAndContingenciesDetailsNarrative" xlink:href="msct-20120930.xsd#CommitmentsAndContingenciesDetailsNarrative" xlink:type="simple" />
    <link:roleRef roleURI="http://MSCT/role/CommitmentsAndContingencies-ScheduleOfRoyaltyMinimumPaymentByPrecedingAgreementYearDetails" xlink:href="msct-20120930.xsd#CommitmentsAndContingencies-ScheduleOfRoyaltyMinimumPaymentByPrecedingAgreementYearDetails" xlink:type="simple" />
    <link:roleRef roleURI="http://MSCT/role/SubsequentEventDetailsNarrative" xlink:href="msct-20120930.xsd#SubsequentEventDetailsNarrative" xlink:type="simple" />
    <link:arcroleRef xlink:type="simple" xlink:href="http://www.xbrl.org/2005/xbrldt-2005.xsd#hypercube-dimension" arcroleURI="http://xbrl.org/int/dim/arcrole/hypercube-dimension" />
    <link:arcroleRef xlink:type="simple" xlink:href="http://www.xbrl.org/2005/xbrldt-2005.xsd#dimension-domain" arcroleURI="http://xbrl.org/int/dim/arcrole/dimension-domain" />
    <link:arcroleRef xlink:type="simple" xlink:href="http://www.xbrl.org/2005/xbrldt-2005.xsd#domain-member" arcroleURI="http://xbrl.org/int/dim/arcrole/domain-member" />
    <link:arcroleRef xlink:type="simple" xlink:href="http://www.xbrl.org/2005/xbrldt-2005.xsd#all" arcroleURI="http://xbrl.org/int/dim/arcrole/all" />
    <link:arcroleRef xlink:type="simple" xlink:href="http://www.xbrl.org/2005/xbrldt-2005.xsd#notAll" arcroleURI="http://xbrl.org/int/dim/arcrole/notAll" />
    <link:arcroleRef xlink:type="simple" xlink:href="http://www.xbrl.org/2005/xbrldt-2005.xsd#dimension-default" arcroleURI="http://xbrl.org/int/dim/arcrole/dimension-default" />
    <link:definitionLink xlink:type="extended" xlink:role="http://MSCT/role/DocumentAndEntityInformation" xlink:title="0001 - Document - Document and Entity Information" />
    <link:definitionLink xlink:type="extended" xlink:role="http://MSCT/role/BalanceSheets" xlink:title="0002 - Statement - Balance Sheets (Unaudited)" />
    <link:definitionLink xlink:type="extended" xlink:role="http://MSCT/role/BalanceSheetsParenthetical" xlink:title="0003 - Statement - Balance Sheets (Parenthetical)" />
    <link:definitionLink xlink:type="extended" xlink:role="http://MSCT/role/StatementsOfOperations" xlink:title="0004 - Statement - Statements of Operations" />
    <link:definitionLink xlink:type="extended" xlink:role="http://MSCT/role/StatementOfChangesInStockholdersEquityDeficit" xlink:title="0005 - Statement - Statement of Changes in Stockholders' Equity (Deficit)">
      <link:loc xlink:type="locator" xlink:href="http://xbrl.fasb.org/us-gaap/2012/elts/us-gaap-2012-01-31.xsd#us-gaap_StatementLineItems" xlink:label="loc_MSCTStatementLineItems" />
      <link:loc xlink:type="locator" xlink:href="http://xbrl.fasb.org/us-gaap/2012/elts/us-gaap-2012-01-31.xsd#us-gaap_StatementTable" xlink:label="loc_MSCTStatementTable" />
      <link:definitionArc xlink:arcrole="http://xbrl.org/int/dim/arcrole/all" xbrldt:contextElement="segment" xlink:from="loc_MSCTStatementLineItems" xlink:to="loc_MSCTStatementTable" xlink:type="arc" order="10" xbrldt:closed="true" />
      <link:loc xlink:type="locator" xlink:href="http://xbrl.fasb.org/us-gaap/2012/elts/us-gaap-2012-01-31.xsd#us-gaap_StatementEquityComponentsAxis" xlink:label="loc_MSCTStatementEquityComponentsAxis" />
      <link:definitionArc xlink:arcrole="http://xbrl.org/int/dim/arcrole/hypercube-dimension" xlink:from="loc_MSCTStatementTable" xlink:to="loc_MSCTStatementEquityComponentsAxis" xlink:type="arc" order="1" />
      <link:loc xlink:type="locator" xlink:href="http://xbrl.fasb.org/us-gaap/2012/elts/us-gaap-2012-01-31.xsd#us-gaap_EquityComponentDomain" xlink:label="loc_MSCTEquityComponentDomain" />
      <link:definitionArc xlink:arcrole="http://xbrl.org/int/dim/arcrole/dimension-domain" xlink:from="loc_MSCTStatementEquityComponentsAxis" xlink:to="loc_MSCTEquityComponentDomain" xlink:type="arc" order="20" />
      <link:loc xlink:type="locator" xlink:href="http://xbrl.fasb.org/us-gaap/2012/elts/us-gaap-2012-01-31.xsd#us-gaap_EquityComponentDomain" xlink:label="loc_MSCTEquityComponentDomain_10" />
      <link:definitionArc xlink:arcrole="http://xbrl.org/int/dim/arcrole/dimension-default" xbrldt:contextElement="segment" xlink:from="loc_MSCTStatementEquityComponentsAxis" xlink:to="loc_MSCTEquityComponentDomain_10" xlink:type="arc" order="30" />
      <link:loc xlink:type="locator" xlink:href="http://xbrl.fasb.org/us-gaap/2012/elts/us-gaap-2012-01-31.xsd#us-gaap_CommonStockMember" xlink:label="loc_MSCTCommonStockMember_0" />
      <link:definitionArc xlink:arcrole="http://xbrl.org/int/dim/arcrole/domain-member" xlink:from="loc_MSCTEquityComponentDomain" xlink:to="loc_MSCTCommonStockMember_0" xlink:type="arc" order="1" />
      <link:loc xlink:type="locator" xlink:href="http://xbrl.fasb.org/us-gaap/2012/elts/us-gaap-2012-01-31.xsd#us-gaap_AdditionalPaidInCapitalMember" xlink:label="loc_MSCTAdditionalPaidInCapitalMember_10" />
      <link:definitionArc xlink:arcrole="http://xbrl.org/int/dim/arcrole/domain-member" xlink:from="loc_MSCTEquityComponentDomain" xlink:to="loc_MSCTAdditionalPaidInCapitalMember_10" xlink:type="arc" order="11" />
      <link:loc xlink:type="locator" xlink:href="http://xbrl.fasb.org/us-gaap/2012/elts/us-gaap-2012-01-31.xsd#us-gaap_RetainedEarningsMember" xlink:label="loc_MSCTRetainedEarningsMember_20" />
      <link:definitionArc xlink:arcrole="http://xbrl.org/int/dim/arcrole/domain-member" xlink:from="loc_MSCTEquityComponentDomain" xlink:to="loc_MSCTRetainedEarningsMember_20" xlink:type="arc" order="21" />
      <link:loc xlink:type="locator" xlink:href="http://xbrl.fasb.org/us-gaap/2012/elts/us-gaap-2012-01-31.xsd#us-gaap_StockholdersEquity" xlink:label="loc_MSCTStockholdersEquity_50" />
      <link:definitionArc xlink:arcrole="http://xbrl.org/int/dim/arcrole/domain-member" xlink:from="loc_MSCTStatementLineItems" xlink:to="loc_MSCTStockholdersEquity_50" xlink:type="arc" order="2" />
      <link:loc xlink:type="locator" xlink:href="http://xbrl.fasb.org/us-gaap/2012/elts/us-gaap-2012-01-31.xsd#us-gaap_SharesOutstanding" xlink:label="loc_MSCTSharesOutstanding_50" />
      <link:definitionArc xlink:arcrole="http://xbrl.org/int/dim/arcrole/domain-member" xlink:from="loc_MSCTStatementLineItems" xlink:to="loc_MSCTSharesOutstanding_50" xlink:type="arc" order="3" />
      <link:loc xlink:type="locator" xlink:href="http://xbrl.fasb.org/us-gaap/2012/elts/us-gaap-2012-01-31.xsd#us-gaap_StockIssuedDuringPeriodValueNewIssues" xlink:label="loc_MSCTStockIssuedDuringPeriodValueNewIssues_50" />
      <link:definitionArc xlink:arcrole="http://xbrl.org/int/dim/arcrole/domain-member" xlink:from="loc_MSCTStatementLineItems" xlink:to="loc_MSCTStockIssuedDuringPeriodValueNewIssues_50" xlink:type="arc" order="4" />
      <link:loc xlink:type="locator" xlink:href="http://xbrl.fasb.org/us-gaap/2012/elts/us-gaap-2012-01-31.xsd#us-gaap_StockIssuedDuringPeriodSharesNewIssues" xlink:label="loc_MSCTStockIssuedDuringPeriodSharesNewIssues_50" />
      <link:definitionArc xlink:arcrole="http://xbrl.org/int/dim/arcrole/domain-member" xlink:from="loc_MSCTStatementLineItems" xlink:to="loc_MSCTStockIssuedDuringPeriodSharesNewIssues_50" xlink:type="arc" order="5" />
      <link:loc xlink:type="locator" xlink:href="http://xbrl.fasb.org/us-gaap/2012/elts/us-gaap-2012-01-31.xsd#us-gaap_StockIssuedDuringPeriodValueIssuedForCash" xlink:label="loc_MSCTStockIssuedDuringPeriodValueIssuedForCash_50" />
      <link:definitionArc xlink:arcrole="http://xbrl.org/int/dim/arcrole/domain-member" xlink:from="loc_MSCTStatementLineItems" xlink:to="loc_MSCTStockIssuedDuringPeriodValueIssuedForCash_50" xlink:type="arc" order="6" />
      <link:loc xlink:type="locator" xlink:href="http://xbrl.fasb.org/us-gaap/2012/elts/us-gaap-2012-01-31.xsd#us-gaap_StockIssuedDuringPeriodSharesIssuedForCash" xlink:label="loc_MSCTStockIssuedDuringPeriodSharesIssuedForCash_50" />
      <link:definitionArc xlink:arcrole="http://xbrl.org/int/dim/arcrole/domain-member" xlink:from="loc_MSCTStatementLineItems" xlink:to="loc_MSCTStockIssuedDuringPeriodSharesIssuedForCash_50" xlink:type="arc" order="7" />
      <link:loc xlink:type="locator" xlink:href="http://xbrl.fasb.org/us-gaap/2012/elts/us-gaap-2012-01-31.xsd#us-gaap_StockIssuedDuringPeriodValueIssuedForServices" xlink:label="loc_MSCTStockIssuedDuringPeriodValueIssuedForServices_50" />
      <link:definitionArc xlink:arcrole="http://xbrl.org/int/dim/arcrole/domain-member" xlink:from="loc_MSCTStatementLineItems" xlink:to="loc_MSCTStockIssuedDuringPeriodValueIssuedForServices_50" xlink:type="arc" order="8" />
      <link:loc xlink:type="locator" xlink:href="http://xbrl.fasb.org/us-gaap/2012/elts/us-gaap-2012-01-31.xsd#us-gaap_StockIssuedDuringPeriodSharesIssuedForServices" xlink:label="loc_MSCTStockIssuedDuringPeriodSharesIssuedForServices_50" />
      <link:definitionArc xlink:arcrole="http://xbrl.org/int/dim/arcrole/domain-member" xlink:from="loc_MSCTStatementLineItems" xlink:to="loc_MSCTStockIssuedDuringPeriodSharesIssuedForServices_50" xlink:type="arc" order="9" />
      <link:loc xlink:type="locator" xlink:href="http://xbrl.fasb.org/us-gaap/2012/elts/us-gaap-2012-01-31.xsd#us-gaap_AdjustmentsToAdditionalPaidInCapitalWarrantIssued" xlink:label="loc_MSCTAdjustmentsToAdditionalPaidInCapitalWarrantIssued_50" />
      <link:definitionArc xlink:arcrole="http://xbrl.org/int/dim/arcrole/domain-member" xlink:from="loc_MSCTStatementLineItems" xlink:to="loc_MSCTAdjustmentsToAdditionalPaidInCapitalWarrantIssued_50" xlink:type="arc" order="10" />
      <link:loc xlink:type="locator" xlink:href="http://xbrl.fasb.org/us-gaap/2012/elts/us-gaap-2012-01-31.xsd#us-gaap_AdjustmentsToAdditionalPaidInCapitalStockIssuedIssuanceCosts" xlink:label="loc_MSCTAdjustmentsToAdditionalPaidInCapitalStockIssuedIssuanceCosts_50" />
      <link:definitionArc xlink:arcrole="http://xbrl.org/int/dim/arcrole/domain-member" xlink:from="loc_MSCTStatementLineItems" xlink:to="loc_MSCTAdjustmentsToAdditionalPaidInCapitalStockIssuedIssuanceCosts_50" xlink:type="arc" order="11" />
      <link:loc xlink:type="locator" xlink:href="http://xbrl.fasb.org/us-gaap/2012/elts/us-gaap-2012-01-31.xsd#us-gaap_NetIncomeLoss" xlink:label="loc_MSCTNetIncomeLoss_50" />
      <link:definitionArc xlink:arcrole="http://xbrl.org/int/dim/arcrole/domain-member" xlink:from="loc_MSCTStatementLineItems" xlink:to="loc_MSCTNetIncomeLoss_50" xlink:type="arc" order="12" />
    </link:definitionLink>
    <link:definitionLink xlink:type="extended" xlink:role="http://MSCT/role/StatementsOfCashFlows" xlink:title="0006 - Statement - Statements of Cash Flows" />
    <link:definitionLink xlink:type="extended" xlink:role="http://MSCT/role/NatureOfOperationsAndBasisOfPresentation" xlink:title="0007 - Disclosure - Nature of Operations and Basis of Presentation" />
    <link:definitionLink xlink:type="extended" xlink:role="http://MSCT/role/SummaryOfSignificantAccountingPolicies" xlink:title="0008 - Disclosure - Summary of Significant Accounting Policies" />
    <link:definitionLink xlink:type="extended" xlink:role="http://MSCT/role/GoingConcern" xlink:title="0009 - Disclosure - Going Concern" />
    <link:definitionLink xlink:type="extended" xlink:role="http://MSCT/role/PropertyPlantAndEquipment" xlink:title="0010 - Disclosure - Property Plant and Equipment" />
    <link:definitionLink xlink:type="extended" xlink:role="http://MSCT/role/CreditLine" xlink:title="0011 - Disclosure - Credit Line" />
    <link:definitionLink xlink:type="extended" xlink:role="http://MSCT/role/InvestmentInLlc" xlink:title="0012 - Disclosure - Investment in LLC" />
    <link:definitionLink xlink:type="extended" xlink:role="http://MSCT/role/RelatedPartyTransactions" xlink:title="0013 - Disclosure - Related Party Transactions" />
    <link:definitionLink xlink:type="extended" xlink:role="http://MSCT/role/Concentrations" xlink:title="0014 - Disclosure - Concentrations" />
    <link:definitionLink xlink:type="extended" xlink:role="http://MSCT/role/StockholdersEquity" xlink:title="0015 - Disclosure - Stockholders' Equity" />
    <link:definitionLink xlink:type="extended" xlink:role="http://MSCT/role/CommitmentsAndContingencies" xlink:title="0016 - Disclosure - Commitments and Contingencies" />
    <link:definitionLink xlink:type="extended" xlink:role="http://MSCT/role/SubsequentEvent" xlink:title="0017 - Disclosure - Subsequent Event" />
    <link:definitionLink xlink:type="extended" xlink:role="http://MSCT/role/SummaryOfSignificantAccountingPoliciesPolicies" xlink:title="0018 - Disclosure - Summary of Significant Accounting Policies (Policies)" />
    <link:definitionLink xlink:type="extended" xlink:role="http://MSCT/role/SummaryOfSignificantAccountingPoliciesTables" xlink:title="0019 - Disclosure - Summary of Significant Accounting Policies (Tables)" />
    <link:definitionLink xlink:type="extended" xlink:role="http://MSCT/role/PropertyPlantAndEquipmentTables" xlink:title="0020 - Disclosure - Property Plant and Equipment (Tables)" />
    <link:definitionLink xlink:type="extended" xlink:role="http://MSCT/role/InvestmentInLlcTables" xlink:title="0021 - Disclosure - Investment in LLC (Tables)" />
    <link:definitionLink xlink:type="extended" xlink:role="http://MSCT/role/ConcentrationsTables" xlink:title="0022 - Disclosure - Concentrations (Tables)" />
    <link:definitionLink xlink:type="extended" xlink:role="http://MSCT/role/StockholdersEquityTables" xlink:title="0023 - Disclosure - Stockholders' Equity (Tables)" />
    <link:definitionLink xlink:type="extended" xlink:role="http://MSCT/role/CommitmentsAndContingenciesTables" xlink:title="0024 - Disclosure - Commitments and Contingencies (Tables)" />
    <link:definitionLink xlink:type="extended" xlink:role="http://MSCT/role/NatureOfOperationsAndBasisOfPresentationDetailsNarrative" xlink:title="0025 - Disclosure - Nature of Operations and Basis of Presentation (Details Narrative)" />
    <link:definitionLink xlink:type="extended" xlink:role="http://MSCT/role/SummaryOfSignificantAccountingPoliciesDetailsNarrative" xlink:title="0026 - Disclosure - Summary of Significant Accounting Policies (Details Narrative)">
      <link:loc xlink:type="locator" xlink:href="http://xbrl.fasb.org/us-gaap/2012/elts/us-gaap-2012-01-31.xsd#us-gaap_StatementLineItems" xlink:label="loc_MSCTStatementLineItems" />
      <link:loc xlink:type="locator" xlink:href="http://xbrl.fasb.org/us-gaap/2012/elts/us-gaap-2012-01-31.xsd#us-gaap_StatementTable" xlink:label="loc_MSCTStatementTable" />
      <link:definitionArc xlink:arcrole="http://xbrl.org/int/dim/arcrole/all" xbrldt:contextElement="segment" xlink:from="loc_MSCTStatementLineItems" xlink:to="loc_MSCTStatementTable" xlink:type="arc" order="10" xbrldt:closed="true" />
      <link:loc xlink:type="locator" xlink:href="http://xbrl.fasb.org/us-gaap/2012/elts/us-gaap-2012-01-31.xsd#us-gaap_RangeAxis" xlink:label="loc_MSCTRangeAxis" />
      <link:definitionArc xlink:arcrole="http://xbrl.org/int/dim/arcrole/hypercube-dimension" xlink:from="loc_MSCTStatementTable" xlink:to="loc_MSCTRangeAxis" xlink:type="arc" order="1" />
      <link:loc xlink:type="locator" xlink:href="http://xbrl.fasb.org/us-gaap/2012/elts/us-gaap-2012-01-31.xsd#us-gaap_RangeMember" xlink:label="loc_MSCTRangeMember" />
      <link:definitionArc xlink:arcrole="http://xbrl.org/int/dim/arcrole/dimension-domain" xlink:from="loc_MSCTRangeAxis" xlink:to="loc_MSCTRangeMember" xlink:type="arc" order="20" />
      <link:loc xlink:type="locator" xlink:href="http://xbrl.fasb.org/us-gaap/2012/elts/us-gaap-2012-01-31.xsd#us-gaap_RangeMember" xlink:label="loc_MSCTRangeMember_10" />
      <link:definitionArc xlink:arcrole="http://xbrl.org/int/dim/arcrole/dimension-default" xbrldt:contextElement="segment" xlink:from="loc_MSCTRangeAxis" xlink:to="loc_MSCTRangeMember_10" xlink:type="arc" order="30" />
      <link:loc xlink:type="locator" xlink:href="http://xbrl.fasb.org/us-gaap/2012/elts/us-gaap-2012-01-31.xsd#us-gaap_MinimumMember" xlink:label="loc_MSCTMinimumMember_20" />
      <link:definitionArc xlink:arcrole="http://xbrl.org/int/dim/arcrole/domain-member" xlink:from="loc_MSCTRangeMember" xlink:to="loc_MSCTMinimumMember_20" xlink:type="arc" order="21" />
      <link:loc xlink:type="locator" xlink:href="http://xbrl.fasb.org/us-gaap/2012/elts/us-gaap-2012-01-31.xsd#us-gaap_MaximumMember" xlink:label="loc_MSCTMaximumMember_30" />
      <link:definitionArc xlink:arcrole="http://xbrl.org/int/dim/arcrole/domain-member" xlink:from="loc_MSCTRangeMember" xlink:to="loc_MSCTMaximumMember_30" xlink:type="arc" order="31" />
      <link:loc xlink:type="locator" xlink:href="http://xbrl.fasb.org/us-gaap/2012/elts/us-gaap-2012-01-31.xsd#us-gaap_AllowanceForDoubtfulAccountsReceivableCurrent" xlink:label="loc_MSCTAllowanceForDoubtfulAccountsReceivableCurrent_70" />
      <link:definitionArc xlink:arcrole="http://xbrl.org/int/dim/arcrole/domain-member" xlink:from="loc_MSCTStatementLineItems" xlink:to="loc_MSCTAllowanceForDoubtfulAccountsReceivableCurrent_70" xlink:type="arc" order="1" />
      <link:loc xlink:type="locator" xlink:href="http://xbrl.fasb.org/us-gaap/2012/elts/us-gaap-2012-01-31.xsd#us-gaap_PropertyPlantAndEquipmentUsefulLife" xlink:label="loc_MSCTPropertyPlantAndEquipmentUsefulLife_70" />
      <link:definitionArc xlink:arcrole="http://xbrl.org/int/dim/arcrole/domain-member" xlink:from="loc_MSCTStatementLineItems" xlink:to="loc_MSCTPropertyPlantAndEquipmentUsefulLife_70" xlink:type="arc" order="2" />
      <link:loc xlink:type="locator" xlink:href="msct-20120930.xsd#MSCT_StockIssuanceOfferingCosts" xlink:label="loc_MSCTStockIssuanceOfferingCosts_70" />
      <link:definitionArc xlink:arcrole="http://xbrl.org/int/dim/arcrole/domain-member" xlink:from="loc_MSCTStatementLineItems" xlink:to="loc_MSCTStockIssuanceOfferingCosts_70" xlink:type="arc" order="3" />
      <link:loc xlink:type="locator" xlink:href="http://xbrl.fasb.org/us-gaap/2012/elts/us-gaap-2012-01-31.xsd#us-gaap_ResearchAndDevelopmentExpense" xlink:label="loc_MSCTResearchAndDevelopmentExpense_70" />
      <link:definitionArc xlink:arcrole="http://xbrl.org/int/dim/arcrole/domain-member" xlink:from="loc_MSCTStatementLineItems" xlink:to="loc_MSCTResearchAndDevelopmentExpense_70" xlink:type="arc" order="4" />
      <link:loc xlink:type="locator" xlink:href="http://xbrl.fasb.org/us-gaap/2012/elts/us-gaap-2012-01-31.xsd#us-gaap_AdvertisingExpense" xlink:label="loc_MSCTAdvertisingExpense_70" />
      <link:definitionArc xlink:arcrole="http://xbrl.org/int/dim/arcrole/domain-member" xlink:from="loc_MSCTStatementLineItems" xlink:to="loc_MSCTAdvertisingExpense_70" xlink:type="arc" order="5" />
      <link:loc xlink:type="locator" xlink:href="http://xbrl.fasb.org/us-gaap/2012/elts/us-gaap-2012-01-31.xsd#us-gaap_ShareBasedCompensation" xlink:label="loc_MSCTShareBasedCompensation_70" />
      <link:definitionArc xlink:arcrole="http://xbrl.org/int/dim/arcrole/domain-member" xlink:from="loc_MSCTStatementLineItems" xlink:to="loc_MSCTShareBasedCompensation_70" xlink:type="arc" order="6" />
      <link:loc xlink:type="locator" xlink:href="http://xbrl.fasb.org/us-gaap/2012/elts/us-gaap-2012-01-31.xsd#us-gaap_AdjustmentsToAdditionalPaidInCapitalOther" xlink:label="loc_MSCTAdjustmentsToAdditionalPaidInCapitalOther_70" />
      <link:definitionArc xlink:arcrole="http://xbrl.org/int/dim/arcrole/domain-member" xlink:from="loc_MSCTStatementLineItems" xlink:to="loc_MSCTAdjustmentsToAdditionalPaidInCapitalOther_70" xlink:type="arc" order="7" />
      <link:loc xlink:type="locator" xlink:href="http://xbrl.fasb.org/us-gaap/2012/elts/us-gaap-2012-01-31.xsd#us-gaap_ShareBasedCompensationArrangementByShareBasedPaymentAwardFairValueAssumptionsRiskFreeInterestRateMinimum" xlink:label="loc_MSCTShareBasedCompensationArrangementByShareBasedPaymentAwardFairValueAssumptionsRiskFreeInterestRateMinimum_70" />
      <link:definitionArc xlink:arcrole="http://xbrl.org/int/dim/arcrole/domain-member" xlink:from="loc_MSCTStatementLineItems" xlink:to="loc_MSCTShareBasedCompensationArrangementByShareBasedPaymentAwardFairValueAssumptionsRiskFreeInterestRateMinimum_70" xlink:type="arc" order="8" />
      <link:loc xlink:type="locator" xlink:href="http://xbrl.fasb.org/us-gaap/2012/elts/us-gaap-2012-01-31.xsd#us-gaap_ShareBasedCompensationArrangementByShareBasedPaymentAwardFairValueAssumptionsRiskFreeInterestRateMaximum" xlink:label="loc_MSCTShareBasedCompensationArrangementByShareBasedPaymentAwardFairValueAssumptionsRiskFreeInterestRateMaximum_70" />
      <link:definitionArc xlink:arcrole="http://xbrl.org/int/dim/arcrole/domain-member" xlink:from="loc_MSCTStatementLineItems" xlink:to="loc_MSCTShareBasedCompensationArrangementByShareBasedPaymentAwardFairValueAssumptionsRiskFreeInterestRateMaximum_70" xlink:type="arc" order="9" />
      <link:loc xlink:type="locator" xlink:href="http://xbrl.fasb.org/us-gaap/2012/elts/us-gaap-2012-01-31.xsd#us-gaap_DividendsCommonStock" xlink:label="loc_MSCTDividendsCommonStock_70" />
      <link:definitionArc xlink:arcrole="http://xbrl.org/int/dim/arcrole/domain-member" xlink:from="loc_MSCTStatementLineItems" xlink:to="loc_MSCTDividendsCommonStock_70" xlink:type="arc" order="10" />
      <link:loc xlink:type="locator" xlink:href="http://xbrl.fasb.org/us-gaap/2012/elts/us-gaap-2012-01-31.xsd#us-gaap_ShareBasedCompensationArrangementByShareBasedPaymentAwardFairValueAssumptionsExpectedVolatilityRate" xlink:label="loc_MSCTShareBasedCompensationArrangementByShareBasedPaymentAwardFairValueAssumptionsExpectedVolatilityRate_70" />
      <link:definitionArc xlink:arcrole="http://xbrl.org/int/dim/arcrole/domain-member" xlink:from="loc_MSCTStatementLineItems" xlink:to="loc_MSCTShareBasedCompensationArrangementByShareBasedPaymentAwardFairValueAssumptionsExpectedVolatilityRate_70" xlink:type="arc" order="11" />
      <link:loc xlink:type="locator" xlink:href="msct-20120930.xsd#MSCT_ShareBasedCompensationArrangementByShareBasedPaymentAwardFairValueAssumptionsExpectedForfeitureRate" xlink:label="loc_MSCTShareBasedCompensationArrangementByShareBasedPaymentAwardFairValueAssumptionsExpectedForfeitureRate_70" />
      <link:definitionArc xlink:arcrole="http://xbrl.org/int/dim/arcrole/domain-member" xlink:from="loc_MSCTStatementLineItems" xlink:to="loc_MSCTShareBasedCompensationArrangementByShareBasedPaymentAwardFairValueAssumptionsExpectedForfeitureRate_70" xlink:type="arc" order="12" />
    </link:definitionLink>
    <link:definitionLink xlink:type="extended" xlink:role="http://MSCT/role/SummaryOfSignificantAccountingPolicies-ScheduleOfInventoriesDetails" xlink:title="0027 - Disclosure - Summary of Significant Accounting Policies - Schedule of Inventories (Details)" />
    <link:definitionLink xlink:type="extended" xlink:role="http://MSCT/role/SummaryOfSignificantAccountingPolicies-ScheduleOfExpensesOfSlottingFeesAndSalesDiscountAccountedForDirectRevenueReductionDetails" xlink:title="0028 - Disclosure - Summary of Significant Accounting Policies - Schedule of Expenses of Slotting Fees and Sales Discount Accounted for Direct Revenue Reduction (Details)" />
    <link:definitionLink xlink:type="extended" xlink:role="http://MSCT/role/SummaryOfSignificantAccountingPolicies-ScheduleOfCommonStockEquivalentsDetails" xlink:title="0029 - Disclosure - Summary of Significant Accounting Policies - Schedule of Common Stock Equivalents (Details)" />
    <link:definitionLink xlink:type="extended" xlink:role="http://MSCT/role/SummaryOfSignificantAccountingPolicies-ScheduleOfCommonStockEquivalentsDetailsParenthetical" xlink:title="0030 - Disclosure - Summary of Significant Accounting Policies - Schedule of Common Stock Equivalents (Details) (Parenthetical)" />
    <link:definitionLink xlink:type="extended" xlink:role="http://MSCT/role/GoingConcernDetails" xlink:title="0031 - Disclosure - Going Concern (Details)" />
    <link:definitionLink xlink:type="extended" xlink:role="http://MSCT/role/PropertyPlantAndEquipmentDetailsNarrative" xlink:title="0032 - Disclosure - Property Plant and Equipment (Details Narrative)" />
    <link:definitionLink xlink:type="extended" xlink:role="http://MSCT/role/ScheduleOfPropertyPlantAndEquipmentDetails" xlink:title="0033 - Disclosure - Schedule of Property Plant and Equipment (Details)" />
    <link:definitionLink xlink:type="extended" xlink:role="http://MSCT/role/CreditLineDetailsNarrative" xlink:title="0034 - Disclosure - Credit Line (Details Narrative)" />
    <link:definitionLink xlink:type="extended" xlink:role="http://MSCT/role/InvestmentInLlcDetailsNarrative" xlink:title="0035 - Disclosure - Investment in LLC (Details Narrative)" />
    <link:definitionLink xlink:type="extended" xlink:role="http://MSCT/role/SummaryOfFinancialInformationDetails" xlink:title="0036 - Disclosure - Summary of Financial Information (Details)">
      <link:loc xlink:type="locator" xlink:href="http://xbrl.fasb.org/us-gaap/2012/elts/us-gaap-2012-01-31.xsd#us-gaap_StatementLineItems" xlink:label="loc_MSCTStatementLineItems" />
      <link:loc xlink:type="locator" xlink:href="http://xbrl.fasb.org/us-gaap/2012/elts/us-gaap-2012-01-31.xsd#us-gaap_StatementTable" xlink:label="loc_MSCTStatementTable" />
      <link:definitionArc xlink:arcrole="http://xbrl.org/int/dim/arcrole/all" xbrldt:contextElement="segment" xlink:from="loc_MSCTStatementLineItems" xlink:to="loc_MSCTStatementTable" xlink:type="arc" order="10" xbrldt:closed="true" />
      <link:loc xlink:type="locator" xlink:href="http://xbrl.fasb.org/us-gaap/2012/elts/us-gaap-2012-01-31.xsd#us-gaap_InvestmentsInAndAdvancesToAffiliatesCategorizationAxis" xlink:label="loc_MSCTInvestmentsInAndAdvancesToAffiliatesCategorizationAxis" />
      <link:definitionArc xlink:arcrole="http://xbrl.org/int/dim/arcrole/hypercube-dimension" xlink:from="loc_MSCTStatementTable" xlink:to="loc_MSCTInvestmentsInAndAdvancesToAffiliatesCategorizationAxis" xlink:type="arc" order="1" />
      <link:loc xlink:type="locator" xlink:href="http://xbrl.fasb.org/us-gaap/2012/elts/us-gaap-2012-01-31.xsd#us-gaap_InvestmentsInAndAdvancesToAffiliatesCategorizationDomain" xlink:label="loc_MSCTInvestmentsInAndAdvancesToAffiliatesCategorizationDomain" />
      <link:definitionArc xlink:arcrole="http://xbrl.org/int/dim/arcrole/dimension-domain" xlink:from="loc_MSCTInvestmentsInAndAdvancesToAffiliatesCategorizationAxis" xlink:to="loc_MSCTInvestmentsInAndAdvancesToAffiliatesCategorizationDomain" xlink:type="arc" order="20" />
      <link:loc xlink:type="locator" xlink:href="http://xbrl.fasb.org/us-gaap/2012/elts/us-gaap-2012-01-31.xsd#us-gaap_InvestmentsInAndAdvancesToAffiliatesCategorizationDomain" xlink:label="loc_MSCTInvestmentsInAndAdvancesToAffiliatesCategorizationDomain_10" />
      <link:definitionArc xlink:arcrole="http://xbrl.org/int/dim/arcrole/dimension-default" xbrldt:contextElement="segment" xlink:from="loc_MSCTInvestmentsInAndAdvancesToAffiliatesCategorizationAxis" xlink:to="loc_MSCTInvestmentsInAndAdvancesToAffiliatesCategorizationDomain_10" xlink:type="arc" order="30" />
      <link:loc xlink:type="locator" xlink:href="http://xbrl.fasb.org/us-gaap/2012/elts/us-gaap-2012-01-31.xsd#us-gaap_OtherAffiliatesMember" xlink:label="loc_MSCTOtherAffiliatesMember_0" />
      <link:definitionArc xlink:arcrole="http://xbrl.org/int/dim/arcrole/domain-member" xlink:from="loc_MSCTInvestmentsInAndAdvancesToAffiliatesCategorizationDomain" xlink:to="loc_MSCTOtherAffiliatesMember_0" xlink:type="arc" order="1" />
      <link:loc xlink:type="locator" xlink:href="http://xbrl.fasb.org/us-gaap/2012/elts/us-gaap-2012-01-31.xsd#us-gaap_CashAndCashEquivalentsAtCarryingValue" xlink:label="loc_MSCTCashAndCashEquivalentsAtCarryingValue_50" />
      <link:definitionArc xlink:arcrole="http://xbrl.org/int/dim/arcrole/domain-member" xlink:from="loc_MSCTStatementLineItems" xlink:to="loc_MSCTCashAndCashEquivalentsAtCarryingValue_50" xlink:type="arc" order="1" />
      <link:loc xlink:type="locator" xlink:href="http://xbrl.fasb.org/us-gaap/2012/elts/us-gaap-2012-01-31.xsd#us-gaap_AccountsReceivableNetCurrent" xlink:label="loc_MSCTAccountsReceivableNetCurrent_50" />
      <link:definitionArc xlink:arcrole="http://xbrl.org/int/dim/arcrole/domain-member" xlink:from="loc_MSCTStatementLineItems" xlink:to="loc_MSCTAccountsReceivableNetCurrent_50" xlink:type="arc" order="2" />
      <link:loc xlink:type="locator" xlink:href="http://xbrl.fasb.org/us-gaap/2012/elts/us-gaap-2012-01-31.xsd#us-gaap_InventoryNet" xlink:label="loc_MSCTInventoryNet_50" />
      <link:definitionArc xlink:arcrole="http://xbrl.org/int/dim/arcrole/domain-member" xlink:from="loc_MSCTStatementLineItems" xlink:to="loc_MSCTInventoryNet_50" xlink:type="arc" order="3" />
      <link:loc xlink:type="locator" xlink:href="http://xbrl.fasb.org/us-gaap/2012/elts/us-gaap-2012-01-31.xsd#us-gaap_PropertyPlantAndEquipmentNet" xlink:label="loc_MSCTPropertyPlantAndEquipmentNet_50" />
      <link:definitionArc xlink:arcrole="http://xbrl.org/int/dim/arcrole/domain-member" xlink:from="loc_MSCTStatementLineItems" xlink:to="loc_MSCTPropertyPlantAndEquipmentNet_50" xlink:type="arc" order="4" />
      <link:loc xlink:type="locator" xlink:href="http://xbrl.fasb.org/us-gaap/2012/elts/us-gaap-2012-01-31.xsd#us-gaap_OtherAssets" xlink:label="loc_MSCTOtherAssets_50" />
      <link:definitionArc xlink:arcrole="http://xbrl.org/int/dim/arcrole/domain-member" xlink:from="loc_MSCTStatementLineItems" xlink:to="loc_MSCTOtherAssets_50" xlink:type="arc" order="5" />
      <link:loc xlink:type="locator" xlink:href="http://xbrl.fasb.org/us-gaap/2012/elts/us-gaap-2012-01-31.xsd#us-gaap_Assets" xlink:label="loc_MSCTAssets_50" />
      <link:definitionArc xlink:arcrole="http://xbrl.org/int/dim/arcrole/domain-member" xlink:from="loc_MSCTStatementLineItems" xlink:to="loc_MSCTAssets_50" xlink:type="arc" order="6" />
      <link:loc xlink:type="locator" xlink:href="http://xbrl.fasb.org/us-gaap/2012/elts/us-gaap-2012-01-31.xsd#us-gaap_AccountsPayableCurrent" xlink:label="loc_MSCTAccountsPayableCurrent_50" />
      <link:definitionArc xlink:arcrole="http://xbrl.org/int/dim/arcrole/domain-member" xlink:from="loc_MSCTStatementLineItems" xlink:to="loc_MSCTAccountsPayableCurrent_50" xlink:type="arc" order="8" />
      <link:loc xlink:type="locator" xlink:href="http://xbrl.fasb.org/us-gaap/2012/elts/us-gaap-2012-01-31.xsd#us-gaap_OtherLiabilitiesCurrent" xlink:label="loc_MSCTOtherLiabilitiesCurrent_50" />
      <link:definitionArc xlink:arcrole="http://xbrl.org/int/dim/arcrole/domain-member" xlink:from="loc_MSCTStatementLineItems" xlink:to="loc_MSCTOtherLiabilitiesCurrent_50" xlink:type="arc" order="9" />
      <link:loc xlink:type="locator" xlink:href="http://xbrl.fasb.org/us-gaap/2012/elts/us-gaap-2012-01-31.xsd#us-gaap_LiabilitiesCurrent" xlink:label="loc_MSCTLiabilitiesCurrent_50" />
      <link:definitionArc xlink:arcrole="http://xbrl.org/int/dim/arcrole/domain-member" xlink:from="loc_MSCTStatementLineItems" xlink:to="loc_MSCTLiabilitiesCurrent_50" xlink:type="arc" order="10" />
      <link:loc xlink:type="locator" xlink:href="http://xbrl.fasb.org/us-gaap/2012/elts/us-gaap-2012-01-31.xsd#us-gaap_StockholdersEquity" xlink:label="loc_MSCTStockholdersEquity_50" />
      <link:definitionArc xlink:arcrole="http://xbrl.org/int/dim/arcrole/domain-member" xlink:from="loc_MSCTStatementLineItems" xlink:to="loc_MSCTStockholdersEquity_50" xlink:type="arc" order="11" />
      <link:loc xlink:type="locator" xlink:href="http://xbrl.fasb.org/us-gaap/2012/elts/us-gaap-2012-01-31.xsd#us-gaap_LiabilitiesAndStockholdersEquity" xlink:label="loc_MSCTLiabilitiesAndStockholdersEquity_50" />
      <link:definitionArc xlink:arcrole="http://xbrl.org/int/dim/arcrole/domain-member" xlink:from="loc_MSCTStatementLineItems" xlink:to="loc_MSCTLiabilitiesAndStockholdersEquity_50" xlink:type="arc" order="12" />
      <link:loc xlink:type="locator" xlink:href="http://xbrl.fasb.org/us-gaap/2012/elts/us-gaap-2012-01-31.xsd#us-gaap_Revenues" xlink:label="loc_MSCTRevenues_50" />
      <link:definitionArc xlink:arcrole="http://xbrl.org/int/dim/arcrole/domain-member" xlink:from="loc_MSCTStatementLineItems" xlink:to="loc_MSCTRevenues_50" xlink:type="arc" order="15" />
      <link:loc xlink:type="locator" xlink:href="http://xbrl.fasb.org/us-gaap/2012/elts/us-gaap-2012-01-31.xsd#us-gaap_CostOfGoodsSold" xlink:label="loc_MSCTCostOfGoodsSold_50" />
      <link:definitionArc xlink:arcrole="http://xbrl.org/int/dim/arcrole/domain-member" xlink:from="loc_MSCTStatementLineItems" xlink:to="loc_MSCTCostOfGoodsSold_50" xlink:type="arc" order="16" />
      <link:loc xlink:type="locator" xlink:href="http://xbrl.fasb.org/us-gaap/2012/elts/us-gaap-2012-01-31.xsd#us-gaap_OperatingExpenses" xlink:label="loc_MSCTOperatingExpenses_50" />
      <link:definitionArc xlink:arcrole="http://xbrl.org/int/dim/arcrole/domain-member" xlink:from="loc_MSCTStatementLineItems" xlink:to="loc_MSCTOperatingExpenses_50" xlink:type="arc" order="17" />
      <link:loc xlink:type="locator" xlink:href="http://xbrl.fasb.org/us-gaap/2012/elts/us-gaap-2012-01-31.xsd#us-gaap_OperatingIncomeLoss" xlink:label="loc_MSCTOperatingIncomeLoss_50" />
      <link:definitionArc xlink:arcrole="http://xbrl.org/int/dim/arcrole/domain-member" xlink:from="loc_MSCTStatementLineItems" xlink:to="loc_MSCTOperatingIncomeLoss_50" xlink:type="arc" order="18" />
      <link:loc xlink:type="locator" xlink:href="http://xbrl.fasb.org/us-gaap/2012/elts/us-gaap-2012-01-31.xsd#us-gaap_OtherNonoperatingIncomeExpense" xlink:label="loc_MSCTOtherNonoperatingIncomeExpense_50" />
      <link:definitionArc xlink:arcrole="http://xbrl.org/int/dim/arcrole/domain-member" xlink:from="loc_MSCTStatementLineItems" xlink:to="loc_MSCTOtherNonoperatingIncomeExpense_50" xlink:type="arc" order="19" />
      <link:loc xlink:type="locator" xlink:href="http://xbrl.fasb.org/us-gaap/2012/elts/us-gaap-2012-01-31.xsd#us-gaap_NetIncomeLoss" xlink:label="loc_MSCTNetIncomeLoss_50" />
      <link:definitionArc xlink:arcrole="http://xbrl.org/int/dim/arcrole/domain-member" xlink:from="loc_MSCTStatementLineItems" xlink:to="loc_MSCTNetIncomeLoss_50" xlink:type="arc" order="20" />
    </link:definitionLink>
    <link:definitionLink xlink:type="extended" xlink:role="http://MSCT/role/RelatedPartyTransactionsDetailsNarrative" xlink:title="0037 - Disclosure - Related Party Transactions (Details Narrative)" />
    <link:definitionLink xlink:type="extended" xlink:role="http://MSCT/role/Concentrations-ScheduleOfRevenueDetails" xlink:title="0038 - Disclosure - Concentrations - Schedule of Revenue (Details)">
      <link:loc xlink:type="locator" xlink:href="http://xbrl.fasb.org/us-gaap/2012/elts/us-gaap-2012-01-31.xsd#us-gaap_StatementLineItems" xlink:label="loc_MSCTStatementLineItems" />
      <link:loc xlink:type="locator" xlink:href="http://xbrl.fasb.org/us-gaap/2012/elts/us-gaap-2012-01-31.xsd#us-gaap_StatementTable" xlink:label="loc_MSCTStatementTable" />
      <link:definitionArc xlink:arcrole="http://xbrl.org/int/dim/arcrole/all" xbrldt:contextElement="segment" xlink:from="loc_MSCTStatementLineItems" xlink:to="loc_MSCTStatementTable" xlink:type="arc" order="10" xbrldt:closed="true" />
      <link:loc xlink:type="locator" xlink:href="http://xbrl.fasb.org/us-gaap/2012/elts/us-gaap-2012-01-31.xsd#us-gaap_MajorCustomersAxis" xlink:label="loc_MSCTMajorCustomersAxis" />
      <link:definitionArc xlink:arcrole="http://xbrl.org/int/dim/arcrole/hypercube-dimension" xlink:from="loc_MSCTStatementTable" xlink:to="loc_MSCTMajorCustomersAxis" xlink:type="arc" order="1" />
      <link:loc xlink:type="locator" xlink:href="http://xbrl.fasb.org/us-gaap/2012/elts/us-gaap-2012-01-31.xsd#us-gaap_NameOfMajorCustomerDomain" xlink:label="loc_MSCTNameOfMajorCustomerDomain" />
      <link:definitionArc xlink:arcrole="http://xbrl.org/int/dim/arcrole/dimension-domain" xlink:from="loc_MSCTMajorCustomersAxis" xlink:to="loc_MSCTNameOfMajorCustomerDomain" xlink:type="arc" order="20" />
      <link:loc xlink:type="locator" xlink:href="http://xbrl.fasb.org/us-gaap/2012/elts/us-gaap-2012-01-31.xsd#us-gaap_NameOfMajorCustomerDomain" xlink:label="loc_MSCTNameOfMajorCustomerDomain_10" />
      <link:definitionArc xlink:arcrole="http://xbrl.org/int/dim/arcrole/dimension-default" xbrldt:contextElement="segment" xlink:from="loc_MSCTMajorCustomersAxis" xlink:to="loc_MSCTNameOfMajorCustomerDomain_10" xlink:type="arc" order="30" />
      <link:loc xlink:type="locator" xlink:href="msct-20120930.xsd#MSCT_CustomerAMember" xlink:label="loc_MSCTCustomerAMember_0" />
      <link:definitionArc xlink:arcrole="http://xbrl.org/int/dim/arcrole/domain-member" xlink:from="loc_MSCTNameOfMajorCustomerDomain" xlink:to="loc_MSCTCustomerAMember_0" xlink:type="arc" order="1" />
      <link:loc xlink:type="locator" xlink:href="msct-20120930.xsd#MSCT_CustomerBMember" xlink:label="loc_MSCTCustomerBMember_10" />
      <link:definitionArc xlink:arcrole="http://xbrl.org/int/dim/arcrole/domain-member" xlink:from="loc_MSCTNameOfMajorCustomerDomain" xlink:to="loc_MSCTCustomerBMember_10" xlink:type="arc" order="11" />
      <link:loc xlink:type="locator" xlink:href="msct-20120930.xsd#MSCT_CustomerCMember" xlink:label="loc_MSCTCustomerCMember_20" />
      <link:definitionArc xlink:arcrole="http://xbrl.org/int/dim/arcrole/domain-member" xlink:from="loc_MSCTNameOfMajorCustomerDomain" xlink:to="loc_MSCTCustomerCMember_20" xlink:type="arc" order="21" />
      <link:loc xlink:type="locator" xlink:href="msct-20120930.xsd#MSCT_CustomerDMember" xlink:label="loc_MSCTCustomerDMember_30" />
      <link:definitionArc xlink:arcrole="http://xbrl.org/int/dim/arcrole/domain-member" xlink:from="loc_MSCTNameOfMajorCustomerDomain" xlink:to="loc_MSCTCustomerDMember_30" xlink:type="arc" order="31" />
      <link:loc xlink:type="locator" xlink:href="http://xbrl.fasb.org/us-gaap/2012/elts/us-gaap-2012-01-31.xsd#us-gaap_EntityWideRevenueMajorCustomerPercentage" xlink:label="loc_MSCTEntityWideRevenueMajorCustomerPercentage_90" />
      <link:definitionArc xlink:arcrole="http://xbrl.org/int/dim/arcrole/domain-member" xlink:from="loc_MSCTStatementLineItems" xlink:to="loc_MSCTEntityWideRevenueMajorCustomerPercentage_90" xlink:type="arc" order="1" />
    </link:definitionLink>
    <link:definitionLink xlink:type="extended" xlink:role="http://MSCT/role/Concentrations-ScheduleOfAccountsReceivableDetails" xlink:title="0039 - Disclosure - Concentrations - Schedule of Accounts Receivable (Details)">
      <link:loc xlink:type="locator" xlink:href="http://xbrl.fasb.org/us-gaap/2012/elts/us-gaap-2012-01-31.xsd#us-gaap_StatementLineItems" xlink:label="loc_MSCTStatementLineItems" />
      <link:loc xlink:type="locator" xlink:href="http://xbrl.fasb.org/us-gaap/2012/elts/us-gaap-2012-01-31.xsd#us-gaap_StatementTable" xlink:label="loc_MSCTStatementTable" />
      <link:definitionArc xlink:arcrole="http://xbrl.org/int/dim/arcrole/all" xbrldt:contextElement="segment" xlink:from="loc_MSCTStatementLineItems" xlink:to="loc_MSCTStatementTable" xlink:type="arc" order="10" xbrldt:closed="true" />
      <link:loc xlink:type="locator" xlink:href="http://xbrl.fasb.org/us-gaap/2012/elts/us-gaap-2012-01-31.xsd#us-gaap_MajorCustomersAxis" xlink:label="loc_MSCTMajorCustomersAxis" />
      <link:definitionArc xlink:arcrole="http://xbrl.org/int/dim/arcrole/hypercube-dimension" xlink:from="loc_MSCTStatementTable" xlink:to="loc_MSCTMajorCustomersAxis" xlink:type="arc" order="1" />
      <link:loc xlink:type="locator" xlink:href="http://xbrl.fasb.org/us-gaap/2012/elts/us-gaap-2012-01-31.xsd#us-gaap_NameOfMajorCustomerDomain" xlink:label="loc_MSCTNameOfMajorCustomerDomain" />
      <link:definitionArc xlink:arcrole="http://xbrl.org/int/dim/arcrole/dimension-domain" xlink:from="loc_MSCTMajorCustomersAxis" xlink:to="loc_MSCTNameOfMajorCustomerDomain" xlink:type="arc" order="20" />
      <link:loc xlink:type="locator" xlink:href="http://xbrl.fasb.org/us-gaap/2012/elts/us-gaap-2012-01-31.xsd#us-gaap_NameOfMajorCustomerDomain" xlink:label="loc_MSCTNameOfMajorCustomerDomain_10" />
      <link:definitionArc xlink:arcrole="http://xbrl.org/int/dim/arcrole/dimension-default" xbrldt:contextElement="segment" xlink:from="loc_MSCTMajorCustomersAxis" xlink:to="loc_MSCTNameOfMajorCustomerDomain_10" xlink:type="arc" order="30" />
      <link:loc xlink:type="locator" xlink:href="msct-20120930.xsd#MSCT_CustomerBMember" xlink:label="loc_MSCTCustomerBMember_0" />
      <link:definitionArc xlink:arcrole="http://xbrl.org/int/dim/arcrole/domain-member" xlink:from="loc_MSCTNameOfMajorCustomerDomain" xlink:to="loc_MSCTCustomerBMember_0" xlink:type="arc" order="1" />
      <link:loc xlink:type="locator" xlink:href="msct-20120930.xsd#MSCT_CustomerCMember" xlink:label="loc_MSCTCustomerCMember_10" />
      <link:definitionArc xlink:arcrole="http://xbrl.org/int/dim/arcrole/domain-member" xlink:from="loc_MSCTNameOfMajorCustomerDomain" xlink:to="loc_MSCTCustomerCMember_10" xlink:type="arc" order="11" />
      <link:loc xlink:type="locator" xlink:href="msct-20120930.xsd#MSCT_CustomerDMember" xlink:label="loc_MSCTCustomerDMember_20" />
      <link:definitionArc xlink:arcrole="http://xbrl.org/int/dim/arcrole/domain-member" xlink:from="loc_MSCTNameOfMajorCustomerDomain" xlink:to="loc_MSCTCustomerDMember_20" xlink:type="arc" order="21" />
      <link:loc xlink:type="locator" xlink:href="msct-20120930.xsd#MSCT_CustomerEMember" xlink:label="loc_MSCTCustomerEMember_30" />
      <link:definitionArc xlink:arcrole="http://xbrl.org/int/dim/arcrole/domain-member" xlink:from="loc_MSCTNameOfMajorCustomerDomain" xlink:to="loc_MSCTCustomerEMember_30" xlink:type="arc" order="31" />
      <link:loc xlink:type="locator" xlink:href="msct-20120930.xsd#MSCT_CustomerFMember" xlink:label="loc_MSCTCustomerFMember_40" />
      <link:definitionArc xlink:arcrole="http://xbrl.org/int/dim/arcrole/domain-member" xlink:from="loc_MSCTNameOfMajorCustomerDomain" xlink:to="loc_MSCTCustomerFMember_40" xlink:type="arc" order="41" />
      <link:loc xlink:type="locator" xlink:href="msct-20120930.xsd#MSCT_CustomerGMember" xlink:label="loc_MSCTCustomerGMember_50" />
      <link:definitionArc xlink:arcrole="http://xbrl.org/int/dim/arcrole/domain-member" xlink:from="loc_MSCTNameOfMajorCustomerDomain" xlink:to="loc_MSCTCustomerGMember_50" xlink:type="arc" order="51" />
      <link:loc xlink:type="locator" xlink:href="msct-20120930.xsd#MSCT_CustomerHMember" xlink:label="loc_MSCTCustomerHMember_60" />
      <link:definitionArc xlink:arcrole="http://xbrl.org/int/dim/arcrole/domain-member" xlink:from="loc_MSCTNameOfMajorCustomerDomain" xlink:to="loc_MSCTCustomerHMember_60" xlink:type="arc" order="61" />
      <link:loc xlink:type="locator" xlink:href="http://xbrl.fasb.org/us-gaap/2012/elts/us-gaap-2012-01-31.xsd#us-gaap_ConcentrationRiskPercentage1" xlink:label="loc_MSCTConcentrationRiskPercentage1_150" />
      <link:definitionArc xlink:arcrole="http://xbrl.org/int/dim/arcrole/domain-member" xlink:from="loc_MSCTStatementLineItems" xlink:to="loc_MSCTConcentrationRiskPercentage1_150" xlink:type="arc" order="1" />
    </link:definitionLink>
    <link:definitionLink xlink:type="extended" xlink:role="http://MSCT/role/Concentrations-ScheduleOfCostOfSalesDetails" xlink:title="0040 - Disclosure - Concentrations - Schedule of Cost of Sales (Details)">
      <link:loc xlink:type="locator" xlink:href="http://xbrl.fasb.org/us-gaap/2012/elts/us-gaap-2012-01-31.xsd#us-gaap_StatementLineItems" xlink:label="loc_MSCTStatementLineItems" />
      <link:loc xlink:type="locator" xlink:href="http://xbrl.fasb.org/us-gaap/2012/elts/us-gaap-2012-01-31.xsd#us-gaap_StatementTable" xlink:label="loc_MSCTStatementTable" />
      <link:definitionArc xlink:arcrole="http://xbrl.org/int/dim/arcrole/all" xbrldt:contextElement="segment" xlink:from="loc_MSCTStatementLineItems" xlink:to="loc_MSCTStatementTable" xlink:type="arc" order="10" xbrldt:closed="true" />
      <link:loc xlink:type="locator" xlink:href="http://xbrl.fasb.org/us-gaap/2012/elts/us-gaap-2012-01-31.xsd#us-gaap_ShareBasedGoodsAndNonemployeeServicesTransactionBySupplierAxis" xlink:label="loc_MSCTShareBasedGoodsAndNonemployeeServicesTransactionBySupplierAxis" />
      <link:definitionArc xlink:arcrole="http://xbrl.org/int/dim/arcrole/hypercube-dimension" xlink:from="loc_MSCTStatementTable" xlink:to="loc_MSCTShareBasedGoodsAndNonemployeeServicesTransactionBySupplierAxis" xlink:type="arc" order="1" />
      <link:loc xlink:type="locator" xlink:href="http://xbrl.fasb.org/us-gaap/2012/elts/us-gaap-2012-01-31.xsd#us-gaap_ShareBasedGoodsAndNonemployeeServicesTransactionSupplierDomain" xlink:label="loc_MSCTShareBasedGoodsAndNonemployeeServicesTransactionSupplierDomain" />
      <link:definitionArc xlink:arcrole="http://xbrl.org/int/dim/arcrole/dimension-domain" xlink:from="loc_MSCTShareBasedGoodsAndNonemployeeServicesTransactionBySupplierAxis" xlink:to="loc_MSCTShareBasedGoodsAndNonemployeeServicesTransactionSupplierDomain" xlink:type="arc" order="20" />
      <link:loc xlink:type="locator" xlink:href="http://xbrl.fasb.org/us-gaap/2012/elts/us-gaap-2012-01-31.xsd#us-gaap_ShareBasedGoodsAndNonemployeeServicesTransactionSupplierDomain" xlink:label="loc_MSCTShareBasedGoodsAndNonemployeeServicesTransactionSupplierDomain_10" />
      <link:definitionArc xlink:arcrole="http://xbrl.org/int/dim/arcrole/dimension-default" xbrldt:contextElement="segment" xlink:from="loc_MSCTShareBasedGoodsAndNonemployeeServicesTransactionBySupplierAxis" xlink:to="loc_MSCTShareBasedGoodsAndNonemployeeServicesTransactionSupplierDomain_10" xlink:type="arc" order="30" />
      <link:loc xlink:type="locator" xlink:href="msct-20120930.xsd#MSCT_VendorAMember" xlink:label="loc_MSCTVendorAMember_0" />
      <link:definitionArc xlink:arcrole="http://xbrl.org/int/dim/arcrole/domain-member" xlink:from="loc_MSCTShareBasedGoodsAndNonemployeeServicesTransactionSupplierDomain" xlink:to="loc_MSCTVendorAMember_0" xlink:type="arc" order="1" />
      <link:loc xlink:type="locator" xlink:href="msct-20120930.xsd#MSCT_ConcentrationCostSalesPercentage" xlink:label="loc_MSCTConcentrationCostSalesPercentage_30" />
      <link:definitionArc xlink:arcrole="http://xbrl.org/int/dim/arcrole/domain-member" xlink:from="loc_MSCTStatementLineItems" xlink:to="loc_MSCTConcentrationCostSalesPercentage_30" xlink:type="arc" order="0" />
    </link:definitionLink>
    <link:definitionLink xlink:type="extended" xlink:role="http://MSCT/role/StockholdersEquityDetailsNarrative" xlink:title="0041 - Disclosure - Stockholders' Equity (Details Narrative)" />
    <link:definitionLink xlink:type="extended" xlink:role="http://MSCT/role/SummaryOfOptionActivityDetails" xlink:title="0042 - Disclosure - Summary of Option Activity (Details)" />
    <link:definitionLink xlink:type="extended" xlink:role="http://MSCT/role/SummaryOfOptionOutstandingAndExercisableDetails" xlink:title="0043 - Disclosure - Summary of Option Outstanding and Exercisable (Details)" />
    <link:definitionLink xlink:type="extended" xlink:role="http://MSCT/role/ScheduleOfWarrantsActivityDetails" xlink:title="0044 - Disclosure - Schedule of Warrants Activity (Details)" />
    <link:definitionLink xlink:type="extended" xlink:role="http://MSCT/role/ScheduleOfWarrantsOutstandingAndExercisableDetails" xlink:title="0045 - Disclosure - Schedule of Warrants Outstanding and Exercisable (Details)" />
    <link:definitionLink xlink:type="extended" xlink:role="http://MSCT/role/CommitmentsAndContingenciesDetailsNarrative" xlink:title="0046 - Disclosure - Commitments and Contingencies (Details Narrative)">
      <link:loc xlink:type="locator" xlink:href="http://xbrl.fasb.org/us-gaap/2012/elts/us-gaap-2012-01-31.xsd#us-gaap_StatementLineItems" xlink:label="loc_MSCTStatementLineItems" />
      <link:loc xlink:type="locator" xlink:href="http://xbrl.fasb.org/us-gaap/2012/elts/us-gaap-2012-01-31.xsd#us-gaap_StatementTable" xlink:label="loc_MSCTStatementTable" />
      <link:definitionArc xlink:arcrole="http://xbrl.org/int/dim/arcrole/all" xbrldt:contextElement="segment" xlink:from="loc_MSCTStatementLineItems" xlink:to="loc_MSCTStatementTable" xlink:type="arc" order="10" xbrldt:closed="true" />
      <link:loc xlink:type="locator" xlink:href="http://xbrl.fasb.org/us-gaap/2012/elts/us-gaap-2012-01-31.xsd#us-gaap_StatementScenarioAxis" xlink:label="loc_MSCTStatementScenarioAxis" />
      <link:definitionArc xlink:arcrole="http://xbrl.org/int/dim/arcrole/hypercube-dimension" xlink:from="loc_MSCTStatementTable" xlink:to="loc_MSCTStatementScenarioAxis" xlink:type="arc" order="1" />
      <link:loc xlink:type="locator" xlink:href="http://xbrl.fasb.org/us-gaap/2012/elts/us-gaap-2012-01-31.xsd#us-gaap_ScenarioUnspecifiedDomain" xlink:label="loc_MSCTScenarioUnspecifiedDomain" />
      <link:definitionArc xlink:arcrole="http://xbrl.org/int/dim/arcrole/dimension-domain" xlink:from="loc_MSCTStatementScenarioAxis" xlink:to="loc_MSCTScenarioUnspecifiedDomain" xlink:type="arc" order="20" />
      <link:loc xlink:type="locator" xlink:href="http://xbrl.fasb.org/us-gaap/2012/elts/us-gaap-2012-01-31.xsd#us-gaap_ScenarioUnspecifiedDomain" xlink:label="loc_MSCTScenarioUnspecifiedDomain_10" />
      <link:definitionArc xlink:arcrole="http://xbrl.org/int/dim/arcrole/dimension-default" xbrldt:contextElement="segment" xlink:from="loc_MSCTStatementScenarioAxis" xlink:to="loc_MSCTScenarioUnspecifiedDomain_10" xlink:type="arc" order="30" />
      <link:loc xlink:type="locator" xlink:href="msct-20120930.xsd#MSCT_YearOneMember" xlink:label="loc_MSCTYearOneMember_0" />
      <link:definitionArc xlink:arcrole="http://xbrl.org/int/dim/arcrole/domain-member" xlink:from="loc_MSCTScenarioUnspecifiedDomain" xlink:to="loc_MSCTYearOneMember_0" xlink:type="arc" order="1" />
      <link:loc xlink:type="locator" xlink:href="msct-20120930.xsd#MSCT_YearTwoMember" xlink:label="loc_MSCTYearTwoMember_10" />
      <link:definitionArc xlink:arcrole="http://xbrl.org/int/dim/arcrole/domain-member" xlink:from="loc_MSCTScenarioUnspecifiedDomain" xlink:to="loc_MSCTYearTwoMember_10" xlink:type="arc" order="11" />
      <link:loc xlink:type="locator" xlink:href="msct-20120930.xsd#MSCT_YearThreeMember" xlink:label="loc_MSCTYearThreeMember_30" />
      <link:definitionArc xlink:arcrole="http://xbrl.org/int/dim/arcrole/domain-member" xlink:from="loc_MSCTScenarioUnspecifiedDomain" xlink:to="loc_MSCTYearThreeMember_30" xlink:type="arc" order="31" />
      <link:loc xlink:type="locator" xlink:href="msct-20120930.xsd#MSCT_YearFourMember" xlink:label="loc_MSCTYearFourMember_50" />
      <link:definitionArc xlink:arcrole="http://xbrl.org/int/dim/arcrole/domain-member" xlink:from="loc_MSCTScenarioUnspecifiedDomain" xlink:to="loc_MSCTYearFourMember_50" xlink:type="arc" order="51" />
      <link:loc xlink:type="locator" xlink:href="http://xbrl.fasb.org/us-gaap/2012/elts/us-gaap-2012-01-31.xsd#us-gaap_RangeAxis" xlink:label="loc_MSCTRangeAxis" />
      <link:definitionArc xlink:arcrole="http://xbrl.org/int/dim/arcrole/hypercube-dimension" xlink:from="loc_MSCTStatementTable" xlink:to="loc_MSCTRangeAxis" xlink:type="arc" order="2" />
      <link:loc xlink:type="locator" xlink:href="http://xbrl.fasb.org/us-gaap/2012/elts/us-gaap-2012-01-31.xsd#us-gaap_RangeMember" xlink:label="loc_MSCTRangeMember" />
      <link:definitionArc xlink:arcrole="http://xbrl.org/int/dim/arcrole/dimension-domain" xlink:from="loc_MSCTRangeAxis" xlink:to="loc_MSCTRangeMember" xlink:type="arc" order="20" />
      <link:loc xlink:type="locator" xlink:href="http://xbrl.fasb.org/us-gaap/2012/elts/us-gaap-2012-01-31.xsd#us-gaap_RangeMember" xlink:label="loc_MSCTRangeMember_10" />
      <link:definitionArc xlink:arcrole="http://xbrl.org/int/dim/arcrole/dimension-default" xbrldt:contextElement="segment" xlink:from="loc_MSCTRangeAxis" xlink:to="loc_MSCTRangeMember_10" xlink:type="arc" order="30" />
      <link:loc xlink:type="locator" xlink:href="http://xbrl.fasb.org/us-gaap/2012/elts/us-gaap-2012-01-31.xsd#us-gaap_MaximumMember" xlink:label="loc_MSCTMaximumMember_20" />
      <link:definitionArc xlink:arcrole="http://xbrl.org/int/dim/arcrole/domain-member" xlink:from="loc_MSCTRangeMember" xlink:to="loc_MSCTMaximumMember_20" xlink:type="arc" order="322" />
      <link:loc xlink:type="locator" xlink:href="msct-20120930.xsd#MSCT_PercentageOfRoyaltyRateOnNetSales" xlink:label="loc_MSCTPercentageOfRoyaltyRateOnNetSales_90" />
      <link:definitionArc xlink:arcrole="http://xbrl.org/int/dim/arcrole/domain-member" xlink:from="loc_MSCTStatementLineItems" xlink:to="loc_MSCTPercentageOfRoyaltyRateOnNetSales_90" xlink:type="arc" order="2" />
      <link:loc xlink:type="locator" xlink:href="http://xbrl.fasb.org/us-gaap/2012/elts/us-gaap-2012-01-31.xsd#us-gaap_RoyaltyRevenue" xlink:label="loc_MSCTRoyaltyRevenue_90" />
      <link:definitionArc xlink:arcrole="http://xbrl.org/int/dim/arcrole/domain-member" xlink:from="loc_MSCTStatementLineItems" xlink:to="loc_MSCTRoyaltyRevenue_90" xlink:type="arc" order="3" />
      <link:loc xlink:type="locator" xlink:href="http://xbrl.fasb.org/us-gaap/2012/elts/us-gaap-2012-01-31.xsd#us-gaap_RoyaltyExpense" xlink:label="loc_MSCTRoyaltyExpense_90" />
      <link:definitionArc xlink:arcrole="http://xbrl.org/int/dim/arcrole/domain-member" xlink:from="loc_MSCTStatementLineItems" xlink:to="loc_MSCTRoyaltyExpense_90" xlink:type="arc" order="4" />
      <link:loc xlink:type="locator" xlink:href="http://xbrl.fasb.org/us-gaap/2012/elts/us-gaap-2012-01-31.xsd#us-gaap_ProceedsFromIssuanceOfPrivatePlacement" xlink:label="loc_MSCTProceedsFromIssuanceOfPrivatePlacement_90" />
      <link:definitionArc xlink:arcrole="http://xbrl.org/int/dim/arcrole/domain-member" xlink:from="loc_MSCTStatementLineItems" xlink:to="loc_MSCTProceedsFromIssuanceOfPrivatePlacement_90" xlink:type="arc" order="5" />
      <link:loc xlink:type="locator" xlink:href="msct-20120930.xsd#MSCT_PercentageOfFeeEqualToAggregateGrossProceeds" xlink:label="loc_MSCTPercentageOfFeeEqualToAggregateGrossProceeds_90" />
      <link:definitionArc xlink:arcrole="http://xbrl.org/int/dim/arcrole/domain-member" xlink:from="loc_MSCTStatementLineItems" xlink:to="loc_MSCTPercentageOfFeeEqualToAggregateGrossProceeds_90" xlink:type="arc" order="6" />
      <link:loc xlink:type="locator" xlink:href="msct-20120930.xsd#MSCT_PercentageOfCommonStockIssuable" xlink:label="loc_MSCTPercentageOfCommonStockIssuable_90" />
      <link:definitionArc xlink:arcrole="http://xbrl.org/int/dim/arcrole/domain-member" xlink:from="loc_MSCTStatementLineItems" xlink:to="loc_MSCTPercentageOfCommonStockIssuable_90" xlink:type="arc" order="7" />
      <link:loc xlink:type="locator" xlink:href="msct-20120930.xsd#MSCT_PaymentOfMaximumAmountForConsiderationOfExpensesIncurred" xlink:label="loc_MSCTPaymentOfMaximumAmountForConsiderationOfExpensesIncurred_90" />
      <link:definitionArc xlink:arcrole="http://xbrl.org/int/dim/arcrole/domain-member" xlink:from="loc_MSCTStatementLineItems" xlink:to="loc_MSCTPaymentOfMaximumAmountForConsiderationOfExpensesIncurred_90" xlink:type="arc" order="8" />
      <link:loc xlink:type="locator" xlink:href="http://xbrl.fasb.org/us-gaap/2012/elts/us-gaap-2012-01-31.xsd#us-gaap_FeesAndCommissions" xlink:label="loc_MSCTFeesAndCommissions_90" />
      <link:definitionArc xlink:arcrole="http://xbrl.org/int/dim/arcrole/domain-member" xlink:from="loc_MSCTStatementLineItems" xlink:to="loc_MSCTFeesAndCommissions_90" xlink:type="arc" order="9" />
    </link:definitionLink>
    <link:definitionLink xlink:type="extended" xlink:role="http://MSCT/role/CommitmentsAndContingencies-ScheduleOfRoyaltyMinimumPaymentByPrecedingAgreementYearDetails" xlink:title="0047 - Disclosure - Commitments and Contingencies - Schedule of Royalty Minimum Payment by Preceding Agreement Year (Details)">
      <link:loc xlink:type="locator" xlink:href="http://xbrl.fasb.org/us-gaap/2012/elts/us-gaap-2012-01-31.xsd#us-gaap_StatementLineItems" xlink:label="loc_MSCTStatementLineItems" />
      <link:loc xlink:type="locator" xlink:href="http://xbrl.fasb.org/us-gaap/2012/elts/us-gaap-2012-01-31.xsd#us-gaap_StatementTable" xlink:label="loc_MSCTStatementTable" />
      <link:definitionArc xlink:arcrole="http://xbrl.org/int/dim/arcrole/all" xbrldt:contextElement="segment" xlink:from="loc_MSCTStatementLineItems" xlink:to="loc_MSCTStatementTable" xlink:type="arc" order="10" xbrldt:closed="true" />
      <link:loc xlink:type="locator" xlink:href="http://xbrl.fasb.org/us-gaap/2012/elts/us-gaap-2012-01-31.xsd#us-gaap_StatementScenarioAxis" xlink:label="loc_MSCTStatementScenarioAxis" />
      <link:definitionArc xlink:arcrole="http://xbrl.org/int/dim/arcrole/hypercube-dimension" xlink:from="loc_MSCTStatementTable" xlink:to="loc_MSCTStatementScenarioAxis" xlink:type="arc" order="1" />
      <link:loc xlink:type="locator" xlink:href="http://xbrl.fasb.org/us-gaap/2012/elts/us-gaap-2012-01-31.xsd#us-gaap_ScenarioUnspecifiedDomain" xlink:label="loc_MSCTScenarioUnspecifiedDomain" />
      <link:definitionArc xlink:arcrole="http://xbrl.org/int/dim/arcrole/dimension-domain" xlink:from="loc_MSCTStatementScenarioAxis" xlink:to="loc_MSCTScenarioUnspecifiedDomain" xlink:type="arc" order="20" />
      <link:loc xlink:type="locator" xlink:href="http://xbrl.fasb.org/us-gaap/2012/elts/us-gaap-2012-01-31.xsd#us-gaap_ScenarioUnspecifiedDomain" xlink:label="loc_MSCTScenarioUnspecifiedDomain_10" />
      <link:definitionArc xlink:arcrole="http://xbrl.org/int/dim/arcrole/dimension-default" xbrldt:contextElement="segment" xlink:from="loc_MSCTStatementScenarioAxis" xlink:to="loc_MSCTScenarioUnspecifiedDomain_10" xlink:type="arc" order="30" />
      <link:loc xlink:type="locator" xlink:href="msct-20120930.xsd#MSCT_AgreementYearFirstAndSecondMember" xlink:label="loc_MSCTAgreementYearFirstAndSecondMember_0" />
      <link:definitionArc xlink:arcrole="http://xbrl.org/int/dim/arcrole/domain-member" xlink:from="loc_MSCTScenarioUnspecifiedDomain" xlink:to="loc_MSCTAgreementYearFirstAndSecondMember_0" xlink:type="arc" order="1" />
      <link:loc xlink:type="locator" xlink:href="msct-20120930.xsd#MSCT_AgreementYearThirdAndFourthMember" xlink:label="loc_MSCTAgreementYearThirdAndFourthMember_10" />
      <link:definitionArc xlink:arcrole="http://xbrl.org/int/dim/arcrole/domain-member" xlink:from="loc_MSCTScenarioUnspecifiedDomain" xlink:to="loc_MSCTAgreementYearThirdAndFourthMember_10" xlink:type="arc" order="11" />
      <link:loc xlink:type="locator" xlink:href="msct-20120930.xsd#MSCT_AgreementYearFifthSixthAndSeventhMember" xlink:label="loc_MSCTAgreementYearFifthSixthAndSeventhMember_20" />
      <link:definitionArc xlink:arcrole="http://xbrl.org/int/dim/arcrole/domain-member" xlink:from="loc_MSCTScenarioUnspecifiedDomain" xlink:to="loc_MSCTAgreementYearFifthSixthAndSeventhMember_20" xlink:type="arc" order="21" />
      <link:loc xlink:type="locator" xlink:href="msct-20120930.xsd#MSCT_AgreementYearEighthAndNinthMember" xlink:label="loc_MSCTAgreementYearEighthAndNinthMember_30" />
      <link:definitionArc xlink:arcrole="http://xbrl.org/int/dim/arcrole/domain-member" xlink:from="loc_MSCTScenarioUnspecifiedDomain" xlink:to="loc_MSCTAgreementYearEighthAndNinthMember_30" xlink:type="arc" order="31" />
      <link:loc xlink:type="locator" xlink:href="msct-20120930.xsd#MSCT_AgreementYearTenthAndThereafterMember" xlink:label="loc_MSCTAgreementYearTenthAndThereafterMember_40" />
      <link:definitionArc xlink:arcrole="http://xbrl.org/int/dim/arcrole/domain-member" xlink:from="loc_MSCTScenarioUnspecifiedDomain" xlink:to="loc_MSCTAgreementYearTenthAndThereafterMember_40" xlink:type="arc" order="41" />
      <link:loc xlink:type="locator" xlink:href="http://xbrl.fasb.org/us-gaap/2012/elts/us-gaap-2012-01-31.xsd#us-gaap_CapitalLeasesFutureMinimumPaymentsDue" xlink:label="loc_MSCTCapitalLeasesFutureMinimumPaymentsDue_60" />
      <link:definitionArc xlink:arcrole="http://xbrl.org/int/dim/arcrole/domain-member" xlink:from="loc_MSCTStatementLineItems" xlink:to="loc_MSCTCapitalLeasesFutureMinimumPaymentsDue_60" xlink:type="arc" order="1" />
    </link:definitionLink>
    <link:definitionLink xlink:type="extended" xlink:role="http://MSCT/role/SubsequentEventDetailsNarrative" xlink:title="0048 - Disclosure - Subsequent Event (Details Narrative)" />
</link:linkbase>
