<?xml version="1.0" encoding="UTF-8"?>
<!--XBRL Document Modified with Ez-Editor Version 1.0.2.9 on Thursday, January 31, 2013 12:16:28 AM -->
<linkbase xmlns="http://www.xbrl.org/2003/linkbase" xmlns:xsi="http://www.w3.org/2001/XMLSchema-instance" xmlns:xlink="http://www.w3.org/1999/xlink" xsi:schemaLocation="http://www.xbrl.org/2003/linkbase http://www.xbrl.org/2003/xbrl-linkbase-2003-12-31.xsd">
<roleRef xlink:type="simple" xlink:href="omag-20120930.xsd#ConsolidatedBalanceSheets" roleURI="http://www.omagine.com/role/ConsolidatedBalanceSheets"/>
<calculationLink xlink:type="extended" xlink:role="http://www.omagine.com/role/ConsolidatedBalanceSheets">
<loc xlink:type="locator" xlink:href="http://xbrl.fasb.org/us-gaap/2012/elts/us-gaap-2012-01-31.xsd#us-gaap_AssetsCurrent" xlink:label="loc_us-gaap_AssetsCurrent"/>
<loc xlink:type="locator" xlink:href="http://xbrl.fasb.org/us-gaap/2012/elts/us-gaap-2012-01-31.xsd#us-gaap_CashAndCashEquivalentsAtCarryingValue" xlink:label="loc_us-gaap_CashAndCashEquivalentsAtCarryingValue"/>
<calculationArc xlink:type="arc" xlink:arcrole="http://www.xbrl.org/2003/arcrole/summation-item" xlink:from="loc_us-gaap_AssetsCurrent" xlink:to="loc_us-gaap_CashAndCashEquivalentsAtCarryingValue" order="10" use="optional" weight="1"/>
<loc xlink:type="locator" xlink:href="http://xbrl.fasb.org/us-gaap/2012/elts/us-gaap-2012-01-31.xsd#us-gaap_PrepaidExpenseAndOtherAssetsCurrent" xlink:label="loc_us-gaap_PrepaidExpenseAndOtherAssetsCurrent"/>
<calculationArc xlink:type="arc" xlink:arcrole="http://www.xbrl.org/2003/arcrole/summation-item" xlink:from="loc_us-gaap_AssetsCurrent" xlink:to="loc_us-gaap_PrepaidExpenseAndOtherAssetsCurrent" order="20" use="optional" weight="1"/>
<loc xlink:type="locator" xlink:href="http://xbrl.fasb.org/us-gaap/2012/elts/us-gaap-2012-01-31.xsd#us-gaap_PropertyPlantAndEquipmentGross" xlink:label="loc_us-gaap_PropertyPlantAndEquipmentGross"/><loc xlink:type="locator" xlink:href="omag-20120930.xsd#omag_OfficeAndComputerEquipmentGross" xlink:label="loc_omag_OfficeAndComputerEquipmentGross"/><calculationArc xlink:type="arc" xlink:arcrole="http://www.xbrl.org/2003/arcrole/summation-item" xlink:from="loc_us-gaap_PropertyPlantAndEquipmentGross" xlink:to="loc_omag_OfficeAndComputerEquipmentGross" order="10" use="optional" weight="1"/><loc xlink:type="locator" xlink:href="http://xbrl.fasb.org/us-gaap/2012/elts/us-gaap-2012-01-31.xsd#us-gaap_MachineryAndEquipmentGross" xlink:label="loc_us-gaap_MachineryAndEquipmentGross"/><calculationArc xlink:type="arc" xlink:arcrole="http://www.xbrl.org/2003/arcrole/summation-item" xlink:from="loc_us-gaap_PropertyPlantAndEquipmentGross" xlink:to="loc_us-gaap_MachineryAndEquipmentGross" order="20" use="optional" weight="1"/><loc xlink:type="locator" xlink:href="http://xbrl.fasb.org/us-gaap/2012/elts/us-gaap-2012-01-31.xsd#us-gaap_FurnitureAndFixturesGross" xlink:label="loc_us-gaap_FurnitureAndFixturesGross"/><calculationArc xlink:type="arc" xlink:arcrole="http://www.xbrl.org/2003/arcrole/summation-item" xlink:from="loc_us-gaap_PropertyPlantAndEquipmentGross" xlink:to="loc_us-gaap_FurnitureAndFixturesGross" order="30" use="optional" weight="1"/><loc xlink:type="locator" xlink:href="http://xbrl.fasb.org/us-gaap/2012/elts/us-gaap-2012-01-31.xsd#us-gaap_LeaseholdImprovementsGross" xlink:label="loc_us-gaap_LeaseholdImprovementsGross"/><calculationArc xlink:type="arc" xlink:arcrole="http://www.xbrl.org/2003/arcrole/summation-item" xlink:from="loc_us-gaap_PropertyPlantAndEquipmentGross" xlink:to="loc_us-gaap_LeaseholdImprovementsGross" order="40" use="optional" weight="1"/><loc xlink:type="locator" xlink:href="http://xbrl.fasb.org/us-gaap/2012/elts/us-gaap-2012-01-31.xsd#us-gaap_PropertyPlantAndEquipmentNet" xlink:label="loc_us-gaap_PropertyPlantAndEquipmentNet"/><calculationArc xlink:type="arc" xlink:arcrole="http://www.xbrl.org/2003/arcrole/summation-item" xlink:from="loc_us-gaap_PropertyPlantAndEquipmentNet" xlink:to="loc_us-gaap_PropertyPlantAndEquipmentGross" order="10" use="optional" weight="1"/><loc xlink:type="locator" xlink:href="http://xbrl.fasb.org/us-gaap/2012/elts/us-gaap-2012-01-31.xsd#us-gaap_AccumulatedDepreciationDepletionAndAmortizationPropertyPlantAndEquipment" xlink:label="loc_us-gaap_AccumulatedDepreciationDepletionAndAmortizationPropertyPlantAndEquipment"/><calculationArc xlink:type="arc" xlink:arcrole="http://www.xbrl.org/2003/arcrole/summation-item" xlink:from="loc_us-gaap_PropertyPlantAndEquipmentNet" xlink:to="loc_us-gaap_AccumulatedDepreciationDepletionAndAmortizationPropertyPlantAndEquipment" order="20" use="optional" weight="-1"/><loc xlink:type="locator" xlink:href="http://xbrl.fasb.org/us-gaap/2012/elts/us-gaap-2012-01-31.xsd#us-gaap_Assets" xlink:label="loc_us-gaap_Assets"/><calculationArc xlink:type="arc" xlink:arcrole="http://www.xbrl.org/2003/arcrole/summation-item" xlink:from="loc_us-gaap_Assets" xlink:to="loc_us-gaap_AssetsCurrent" order="10" use="optional" weight="1"/><calculationArc xlink:type="arc" xlink:arcrole="http://www.xbrl.org/2003/arcrole/summation-item" xlink:from="loc_us-gaap_Assets" xlink:to="loc_us-gaap_PropertyPlantAndEquipmentNet" order="20" use="optional" weight="1"/><loc xlink:type="locator" xlink:href="http://xbrl.fasb.org/us-gaap/2012/elts/us-gaap-2012-01-31.xsd#us-gaap_OtherAssetsNoncurrent" xlink:label="loc_us-gaap_OtherAssetsNoncurrent"/><calculationArc xlink:type="arc" xlink:arcrole="http://www.xbrl.org/2003/arcrole/summation-item" xlink:from="loc_us-gaap_Assets" xlink:to="loc_us-gaap_OtherAssetsNoncurrent" order="30" use="optional" weight="1"/><loc xlink:type="locator" xlink:href="http://xbrl.fasb.org/us-gaap/2012/elts/us-gaap-2012-01-31.xsd#us-gaap_LiabilitiesCurrent" xlink:label="loc_us-gaap_LiabilitiesCurrent"/><loc xlink:type="locator" xlink:href="omag-20120930.xsd#omag_ConvertibleNotesPayableAndAccruedInterest" xlink:label="loc_omag_ConvertibleNotesPayableAndAccruedInterest"/><calculationArc xlink:type="arc" xlink:arcrole="http://www.xbrl.org/2003/arcrole/summation-item" xlink:from="loc_us-gaap_LiabilitiesCurrent" xlink:to="loc_omag_ConvertibleNotesPayableAndAccruedInterest" order="10" use="optional" weight="1"/><loc xlink:type="locator" xlink:href="http://xbrl.fasb.org/us-gaap/2012/elts/us-gaap-2012-01-31.xsd#us-gaap_AccountsPayableCurrent" xlink:label="loc_us-gaap_AccountsPayableCurrent"/><calculationArc xlink:type="arc" xlink:arcrole="http://www.xbrl.org/2003/arcrole/summation-item" xlink:from="loc_us-gaap_LiabilitiesCurrent" xlink:to="loc_us-gaap_AccountsPayableCurrent" order="20" use="optional" weight="1"/><loc xlink:type="locator" xlink:href="http://xbrl.fasb.org/us-gaap/2012/elts/us-gaap-2012-01-31.xsd#us-gaap_EmployeeRelatedLiabilitiesCurrent" xlink:label="loc_us-gaap_EmployeeRelatedLiabilitiesCurrent"/><calculationArc xlink:type="arc" xlink:arcrole="http://www.xbrl.org/2003/arcrole/summation-item" xlink:from="loc_us-gaap_LiabilitiesCurrent" xlink:to="loc_us-gaap_EmployeeRelatedLiabilitiesCurrent" order="30" use="optional" weight="1"/><loc xlink:type="locator" xlink:href="http://xbrl.fasb.org/us-gaap/2012/elts/us-gaap-2012-01-31.xsd#us-gaap_DueToRelatedPartiesCurrent" xlink:label="loc_us-gaap_DueToRelatedPartiesCurrent"/><calculationArc xlink:type="arc" xlink:arcrole="http://www.xbrl.org/2003/arcrole/summation-item" xlink:from="loc_us-gaap_LiabilitiesCurrent" xlink:to="loc_us-gaap_DueToRelatedPartiesCurrent" order="40" use="optional" weight="1"/><loc xlink:type="locator" xlink:href="omag-20120930.xsd#omag_AccruedExpensesAndOtherCurrentLiabilities" xlink:label="loc_omag_AccruedExpensesAndOtherCurrentLiabilities"/><calculationArc xlink:type="arc" xlink:arcrole="http://www.xbrl.org/2003/arcrole/summation-item" xlink:from="loc_us-gaap_LiabilitiesCurrent" xlink:to="loc_omag_AccruedExpensesAndOtherCurrentLiabilities" order="50" use="optional" weight="1"/><loc xlink:type="locator" xlink:href="http://xbrl.fasb.org/us-gaap/2012/elts/us-gaap-2012-01-31.xsd#us-gaap_StockholdersEquity" xlink:label="loc_us-gaap_StockholdersEquity"/><loc xlink:type="locator" xlink:href="http://xbrl.fasb.org/us-gaap/2012/elts/us-gaap-2012-01-31.xsd#us-gaap_PreferredStockValueOutstanding" xlink:label="loc_us-gaap_PreferredStockValueOutstanding"/><calculationArc xlink:type="arc" xlink:arcrole="http://www.xbrl.org/2003/arcrole/summation-item" xlink:from="loc_us-gaap_StockholdersEquity" xlink:to="loc_us-gaap_PreferredStockValueOutstanding" order="10" use="optional" weight="1"/><loc xlink:type="locator" xlink:href="http://xbrl.fasb.org/us-gaap/2012/elts/us-gaap-2012-01-31.xsd#us-gaap_CommonStockValueOutstanding" xlink:label="loc_us-gaap_CommonStockValueOutstanding"/><calculationArc xlink:type="arc" xlink:arcrole="http://www.xbrl.org/2003/arcrole/summation-item" xlink:from="loc_us-gaap_StockholdersEquity" xlink:to="loc_us-gaap_CommonStockValueOutstanding" order="20" use="optional" weight="1"/><loc xlink:type="locator" xlink:href="http://xbrl.fasb.org/us-gaap/2012/elts/us-gaap-2012-01-31.xsd#us-gaap_AdditionalPaidInCapitalCommonStock" xlink:label="loc_us-gaap_AdditionalPaidInCapitalCommonStock"/><calculationArc xlink:type="arc" xlink:arcrole="http://www.xbrl.org/2003/arcrole/summation-item" xlink:from="loc_us-gaap_StockholdersEquity" xlink:to="loc_us-gaap_AdditionalPaidInCapitalCommonStock" order="30" use="optional" weight="1"/><loc xlink:type="locator" xlink:href="omag-20120930.xsd#omag_DevelopmentStageEnterpriseDeficitAccumulatedPriorToDevelopmentStage" xlink:label="loc_omag_DevelopmentStageEnterpriseDeficitAccumulatedPriorToDevelopmentStage"/><calculationArc xlink:type="arc" xlink:arcrole="http://www.xbrl.org/2003/arcrole/summation-item" xlink:from="loc_us-gaap_StockholdersEquity" xlink:to="loc_omag_DevelopmentStageEnterpriseDeficitAccumulatedPriorToDevelopmentStage" order="40" use="optional" weight="-1"/><loc xlink:type="locator" xlink:href="http://xbrl.fasb.org/us-gaap/2012/elts/us-gaap-2012-01-31.xsd#us-gaap_DevelopmentStageEnterpriseDeficitAccumulatedDuringDevelopmentStage" xlink:label="loc_us-gaap_DevelopmentStageEnterpriseDeficitAccumulatedDuringDevelopmentStage"/><calculationArc xlink:type="arc" xlink:arcrole="http://www.xbrl.org/2003/arcrole/summation-item" xlink:from="loc_us-gaap_StockholdersEquity" xlink:to="loc_us-gaap_DevelopmentStageEnterpriseDeficitAccumulatedDuringDevelopmentStage" order="50" use="optional" weight="-1"/><loc xlink:type="locator" xlink:href="http://xbrl.fasb.org/us-gaap/2012/elts/us-gaap-2012-01-31.xsd#us-gaap_StockholdersEquityIncludingPortionAttributableToNoncontrollingInterest" xlink:label="loc_us-gaap_StockholdersEquityIncludingPortionAttributableToNoncontrollingInterest"/><calculationArc xlink:type="arc" xlink:arcrole="http://www.xbrl.org/2003/arcrole/summation-item" xlink:from="loc_us-gaap_StockholdersEquityIncludingPortionAttributableToNoncontrollingInterest" xlink:to="loc_us-gaap_StockholdersEquity" order="10" use="optional" weight="1"/><loc xlink:type="locator" xlink:href="http://xbrl.fasb.org/us-gaap/2012/elts/us-gaap-2012-01-31.xsd#us-gaap_MinorityInterest" xlink:label="loc_us-gaap_MinorityInterest"/><calculationArc xlink:type="arc" xlink:arcrole="http://www.xbrl.org/2003/arcrole/summation-item" xlink:from="loc_us-gaap_StockholdersEquityIncludingPortionAttributableToNoncontrollingInterest" xlink:to="loc_us-gaap_MinorityInterest" order="20" use="optional" weight="1"/><loc xlink:type="locator" xlink:href="http://xbrl.fasb.org/us-gaap/2012/elts/us-gaap-2012-01-31.xsd#us-gaap_LiabilitiesAndStockholdersEquity" xlink:label="loc_us-gaap_LiabilitiesAndStockholdersEquity"/><calculationArc xlink:type="arc" xlink:arcrole="http://www.xbrl.org/2003/arcrole/summation-item" xlink:from="loc_us-gaap_LiabilitiesAndStockholdersEquity" xlink:to="loc_us-gaap_LiabilitiesCurrent" order="10" use="optional" weight="1"/><calculationArc xlink:type="arc" xlink:arcrole="http://www.xbrl.org/2003/arcrole/summation-item" xlink:from="loc_us-gaap_LiabilitiesAndStockholdersEquity" xlink:to="loc_us-gaap_StockholdersEquityIncludingPortionAttributableToNoncontrollingInterest" order="20" use="optional" weight="1"/></calculationLink>







<roleRef xlink:type="simple" xlink:href="omag-20120930.xsd#CONSOLIDATEDSTATEMENTSOFOPERATIONS" roleURI="http://www.omagine.com/role/CONSOLIDATEDSTATEMENTSOFOPERATIONS"/>
<calculationLink xlink:type="extended" xlink:role="http://www.omagine.com/role/CONSOLIDATEDSTATEMENTSOFOPERATIONS">
<loc xlink:type="locator" xlink:href="http://xbrl.fasb.org/us-gaap/2012/elts/us-gaap-2012-01-31.xsd#us-gaap_CostsAndExpenses" xlink:label="loc_us-gaap_CostsAndExpenses"/>
<loc xlink:type="locator" xlink:href="http://xbrl.fasb.org/us-gaap/2012/elts/us-gaap-2012-01-31.xsd#us-gaap_LaborAndRelatedExpense" xlink:label="loc_us-gaap_LaborAndRelatedExpense"/>
<calculationArc xlink:type="arc" xlink:arcrole="http://www.xbrl.org/2003/arcrole/summation-item" xlink:from="loc_us-gaap_CostsAndExpenses" xlink:to="loc_us-gaap_LaborAndRelatedExpense" order="10" use="optional" weight="1"/>
<loc xlink:type="locator" xlink:href="http://xbrl.fasb.org/us-gaap/2012/elts/us-gaap-2012-01-31.xsd#us-gaap_ProfessionalFees" xlink:label="loc_us-gaap_ProfessionalFees"/>
<calculationArc xlink:type="arc" xlink:arcrole="http://www.xbrl.org/2003/arcrole/summation-item" xlink:from="loc_us-gaap_CostsAndExpenses" xlink:to="loc_us-gaap_ProfessionalFees" order="20" use="optional" weight="1"/>
<loc xlink:type="locator" xlink:href="omag-20120930.xsd#omag_ConsultingFees" xlink:label="loc_omag_ConsultingFees"/>
<calculationArc xlink:type="arc" xlink:arcrole="http://www.xbrl.org/2003/arcrole/summation-item" xlink:from="loc_us-gaap_CostsAndExpenses" xlink:to="loc_omag_ConsultingFees" order="30" use="optional" weight="1"/>
<loc xlink:type="locator" xlink:href="omag-20120930.xsd#omag_CommitmentFees" xlink:label="loc_omag_CommitmentFees"/>
<calculationArc xlink:type="arc" xlink:arcrole="http://www.xbrl.org/2003/arcrole/summation-item" xlink:from="loc_us-gaap_CostsAndExpenses" xlink:to="loc_omag_CommitmentFees" order="40" use="optional" weight="1"/>
<loc xlink:type="locator" xlink:href="http://xbrl.fasb.org/us-gaap/2012/elts/us-gaap-2012-01-31.xsd#us-gaap_TravelAndEntertainmentExpense" xlink:label="loc_us-gaap_TravelAndEntertainmentExpense"/>
<calculationArc xlink:type="arc" xlink:arcrole="http://www.xbrl.org/2003/arcrole/summation-item" xlink:from="loc_us-gaap_CostsAndExpenses" xlink:to="loc_us-gaap_TravelAndEntertainmentExpense" order="50" use="optional" weight="1"/>
<loc xlink:type="locator" xlink:href="http://xbrl.fasb.org/us-gaap/2012/elts/us-gaap-2012-01-31.xsd#us-gaap_OccupancyNet" xlink:label="loc_us-gaap_OccupancyNet"/>
<calculationArc xlink:type="arc" xlink:arcrole="http://www.xbrl.org/2003/arcrole/summation-item" xlink:from="loc_us-gaap_CostsAndExpenses" xlink:to="loc_us-gaap_OccupancyNet" order="60" use="optional" weight="1"/>
<loc xlink:type="locator" xlink:href="http://xbrl.fasb.org/us-gaap/2012/elts/us-gaap-2012-01-31.xsd#us-gaap_OtherSellingGeneralAndAdministrativeExpense" xlink:label="loc_us-gaap_OtherSellingGeneralAndAdministrativeExpense"/>
<calculationArc xlink:type="arc" xlink:arcrole="http://www.xbrl.org/2003/arcrole/summation-item" xlink:from="loc_us-gaap_CostsAndExpenses" xlink:to="loc_us-gaap_OtherSellingGeneralAndAdministrativeExpense" order="70" use="optional" weight="1"/>
<loc xlink:type="locator" xlink:href="http://xbrl.fasb.org/us-gaap/2012/elts/us-gaap-2012-01-31.xsd#us-gaap_OperatingIncomeLoss" xlink:label="loc_us-gaap_OperatingIncomeLoss"/><loc xlink:type="locator" xlink:href="http://xbrl.fasb.org/us-gaap/2012/elts/us-gaap-2012-01-31.xsd#us-gaap_Revenues" xlink:label="loc_us-gaap_Revenues"/><calculationArc xlink:type="arc" xlink:arcrole="http://www.xbrl.org/2003/arcrole/summation-item" xlink:from="loc_us-gaap_OperatingIncomeLoss" xlink:to="loc_us-gaap_Revenues" order="10" use="optional" weight="1"/><calculationArc xlink:type="arc" xlink:arcrole="http://www.xbrl.org/2003/arcrole/summation-item" xlink:from="loc_us-gaap_OperatingIncomeLoss" xlink:to="loc_us-gaap_CostsAndExpenses" order="20" use="optional" weight="-1"/><loc xlink:type="locator" xlink:href="http://xbrl.fasb.org/us-gaap/2012/elts/us-gaap-2012-01-31.xsd#us-gaap_NonoperatingIncomeExpense" xlink:label="loc_us-gaap_NonoperatingIncomeExpense"/><loc xlink:type="locator" xlink:href="omag-20120930.xsd#omag_SettlementOfQatarRealEstateDevelopmentDispute" xlink:label="loc_omag_SettlementOfQatarRealEstateDevelopmentDispute"/><calculationArc xlink:type="arc" xlink:arcrole="http://www.xbrl.org/2003/arcrole/summation-item" xlink:from="loc_us-gaap_NonoperatingIncomeExpense" xlink:to="loc_omag_SettlementOfQatarRealEstateDevelopmentDispute" order="10" use="optional" weight="1"/><loc xlink:type="locator" xlink:href="http://xbrl.fasb.org/us-gaap/2012/elts/us-gaap-2012-01-31.xsd#us-gaap_GoodwillImpairmentLoss" xlink:label="loc_us-gaap_GoodwillImpairmentLoss"/><calculationArc xlink:type="arc" xlink:arcrole="http://www.xbrl.org/2003/arcrole/summation-item" xlink:from="loc_us-gaap_NonoperatingIncomeExpense" xlink:to="loc_us-gaap_GoodwillImpairmentLoss" order="20" use="optional" weight="-1"/><loc xlink:type="locator" xlink:href="http://xbrl.fasb.org/us-gaap/2012/elts/us-gaap-2012-01-31.xsd#us-gaap_InterestExpense" xlink:label="loc_us-gaap_InterestExpense"/><calculationArc xlink:type="arc" xlink:arcrole="http://www.xbrl.org/2003/arcrole/summation-item" xlink:from="loc_us-gaap_NonoperatingIncomeExpense" xlink:to="loc_us-gaap_InterestExpense" order="30" use="optional" weight="-1"/><loc xlink:type="locator" xlink:href="http://xbrl.fasb.org/us-gaap/2012/elts/us-gaap-2012-01-31.xsd#us-gaap_AmortizationOfDebtDiscountPremium" xlink:label="loc_us-gaap_AmortizationOfDebtDiscountPremium"/><calculationArc xlink:type="arc" xlink:arcrole="http://www.xbrl.org/2003/arcrole/summation-item" xlink:from="loc_us-gaap_NonoperatingIncomeExpense" xlink:to="loc_us-gaap_AmortizationOfDebtDiscountPremium" order="40" use="optional" weight="-1"/><loc xlink:type="locator" xlink:href="http://xbrl.fasb.org/us-gaap/2012/elts/us-gaap-2012-01-31.xsd#us-gaap_InvestmentIncomeInterest" xlink:label="loc_us-gaap_InvestmentIncomeInterest"/><calculationArc xlink:type="arc" xlink:arcrole="http://www.xbrl.org/2003/arcrole/summation-item" xlink:from="loc_us-gaap_NonoperatingIncomeExpense" xlink:to="loc_us-gaap_InvestmentIncomeInterest" order="50" use="optional" weight="1"/><loc xlink:type="locator" xlink:href="omag-20120930.xsd#omag_NetLossFromDevelopmentStageEntityContinuingOperationsDevelopment" xlink:label="loc_omag_NetLossFromDevelopmentStageEntityContinuingOperationsDevelopment"/><calculationArc xlink:type="arc" xlink:arcrole="http://www.xbrl.org/2003/arcrole/summation-item" xlink:from="loc_omag_NetLossFromDevelopmentStageEntityContinuingOperationsDevelopment" xlink:to="loc_us-gaap_OperatingIncomeLoss" order="10" use="optional" weight="1"/><calculationArc xlink:type="arc" xlink:arcrole="http://www.xbrl.org/2003/arcrole/summation-item" xlink:from="loc_omag_NetLossFromDevelopmentStageEntityContinuingOperationsDevelopment" xlink:to="loc_us-gaap_NonoperatingIncomeExpense" order="20" use="optional" weight="1"/><loc xlink:type="locator" xlink:href="http://xbrl.fasb.org/us-gaap/2012/elts/us-gaap-2012-01-31.xsd#us-gaap_NetIncomeLoss" xlink:label="loc_us-gaap_NetIncomeLoss"/><calculationArc xlink:type="arc" xlink:arcrole="http://www.xbrl.org/2003/arcrole/summation-item" xlink:from="loc_us-gaap_NetIncomeLoss" xlink:to="loc_omag_NetLossFromDevelopmentStageEntityContinuingOperationsDevelopment" order="10" use="optional" weight="1"/><loc xlink:type="locator" xlink:href="http://xbrl.fasb.org/us-gaap/2012/elts/us-gaap-2012-01-31.xsd#us-gaap_NetIncomeLossAttributableToNoncontrollingInterest" xlink:label="loc_us-gaap_NetIncomeLossAttributableToNoncontrollingInterest"/><calculationArc xlink:type="arc" xlink:arcrole="http://www.xbrl.org/2003/arcrole/summation-item" xlink:from="loc_us-gaap_NetIncomeLoss" xlink:to="loc_us-gaap_NetIncomeLossAttributableToNoncontrollingInterest" order="20" use="optional" weight="-1"/><loc xlink:type="locator" xlink:href="http://xbrl.fasb.org/us-gaap/2012/elts/us-gaap-2012-01-31.xsd#us-gaap_ProfitLoss" xlink:label="loc_us-gaap_ProfitLoss"/><calculationArc xlink:type="arc" xlink:arcrole="http://www.xbrl.org/2003/arcrole/summation-item" xlink:from="loc_us-gaap_ProfitLoss" xlink:to="loc_us-gaap_NetIncomeLoss" order="10" use="optional" weight="1"/><loc xlink:type="locator" xlink:href="http://xbrl.fasb.org/us-gaap/2012/elts/us-gaap-2012-01-31.xsd#us-gaap_IncomeLossFromDiscontinuedOperationsNetOfTaxAttributableToReportingEntity" xlink:label="loc_us-gaap_IncomeLossFromDiscontinuedOperationsNetOfTaxAttributableToReportingEntity"/><calculationArc xlink:type="arc" xlink:arcrole="http://www.xbrl.org/2003/arcrole/summation-item" xlink:from="loc_us-gaap_ProfitLoss" xlink:to="loc_us-gaap_IncomeLossFromDiscontinuedOperationsNetOfTaxAttributableToReportingEntity" order="20" use="optional" weight="1"/><loc xlink:type="locator" xlink:href="http://xbrl.fasb.org/us-gaap/2012/elts/us-gaap-2012-01-31.xsd#us-gaap_NetIncomeLossAvailableToCommonStockholdersBasic" xlink:label="loc_us-gaap_NetIncomeLossAvailableToCommonStockholdersBasic"/><calculationArc xlink:type="arc" xlink:arcrole="http://www.xbrl.org/2003/arcrole/summation-item" xlink:from="loc_us-gaap_NetIncomeLossAvailableToCommonStockholdersBasic" xlink:to="loc_us-gaap_ProfitLoss" order="10" use="optional" weight="1"/><loc xlink:type="locator" xlink:href="http://xbrl.fasb.org/us-gaap/2012/elts/us-gaap-2012-01-31.xsd#us-gaap_PreferredStockDividendsIncomeStatementImpact" xlink:label="loc_us-gaap_PreferredStockDividendsIncomeStatementImpact"/><calculationArc xlink:type="arc" xlink:arcrole="http://www.xbrl.org/2003/arcrole/summation-item" xlink:from="loc_us-gaap_NetIncomeLossAvailableToCommonStockholdersBasic" xlink:to="loc_us-gaap_PreferredStockDividendsIncomeStatementImpact" order="20" use="optional" weight="-1"/></calculationLink>






<roleRef xlink:type="simple" xlink:href="omag-20120930.xsd#CONSOLIDATEDSTATEMENTSOFCASHFLOWS" roleURI="http://www.omagine.com/role/CONSOLIDATEDSTATEMENTSOFCASHFLOWS"/>
<calculationLink xlink:type="extended" xlink:role="http://www.omagine.com/role/CONSOLIDATEDSTATEMENTSOFCASHFLOWS">
<loc xlink:type="locator" xlink:href="http://xbrl.fasb.org/us-gaap/2012/elts/us-gaap-2012-01-31.xsd#us-gaap_NetCashProvidedByUsedInOperatingActivitiesContinuingOperations" xlink:label="loc_us-gaap_NetCashProvidedByUsedInOperatingActivitiesContinuingOperations"/>
<loc xlink:type="locator" xlink:href="http://xbrl.fasb.org/us-gaap/2012/elts/us-gaap-2012-01-31.xsd#us-gaap_NetIncomeLoss" xlink:label="loc_us-gaap_NetIncomeLoss"/>
<calculationArc xlink:type="arc" xlink:arcrole="http://www.xbrl.org/2003/arcrole/summation-item" xlink:from="loc_us-gaap_NetCashProvidedByUsedInOperatingActivitiesContinuingOperations" xlink:to="loc_us-gaap_NetIncomeLoss" order="10" use="optional" weight="1"/>
<loc xlink:type="locator" xlink:href="http://xbrl.fasb.org/us-gaap/2012/elts/us-gaap-2012-01-31.xsd#us-gaap_IncomeLossFromDiscontinuedOperationsNetOfTaxAttributableToReportingEntity" xlink:label="loc_us-gaap_IncomeLossFromDiscontinuedOperationsNetOfTaxAttributableToReportingEntity"/>
<calculationArc xlink:type="arc" xlink:arcrole="http://www.xbrl.org/2003/arcrole/summation-item" xlink:from="loc_us-gaap_NetCashProvidedByUsedInOperatingActivitiesContinuingOperations" xlink:to="loc_us-gaap_IncomeLossFromDiscontinuedOperationsNetOfTaxAttributableToReportingEntity" order="20" use="optional" weight="1"/>
<loc xlink:type="locator" xlink:href="http://xbrl.fasb.org/us-gaap/2012/elts/us-gaap-2012-01-31.xsd#us-gaap_IncomeLossIncludingPortionAttributableToNoncontrollingInterest" xlink:label="loc_us-gaap_IncomeLossIncludingPortionAttributableToNoncontrollingInterest"/>
<calculationArc xlink:type="arc" xlink:arcrole="http://www.xbrl.org/2003/arcrole/summation-item" xlink:from="loc_us-gaap_NetCashProvidedByUsedInOperatingActivitiesContinuingOperations" xlink:to="loc_us-gaap_IncomeLossIncludingPortionAttributableToNoncontrollingInterest" order="30" use="optional" weight="-1"/>
<loc xlink:type="locator" xlink:href="http://xbrl.fasb.org/us-gaap/2012/elts/us-gaap-2012-01-31.xsd#us-gaap_DepreciationDepletionAndAmortization" xlink:label="loc_us-gaap_DepreciationDepletionAndAmortization"/>
<calculationArc xlink:type="arc" xlink:arcrole="http://www.xbrl.org/2003/arcrole/summation-item" xlink:from="loc_us-gaap_NetCashProvidedByUsedInOperatingActivitiesContinuingOperations" xlink:to="loc_us-gaap_DepreciationDepletionAndAmortization" order="40" use="optional" weight="1"/>
<loc xlink:type="locator" xlink:href="http://xbrl.fasb.org/us-gaap/2012/elts/us-gaap-2012-01-31.xsd#us-gaap_GoodwillImpairmentLoss" xlink:label="loc_us-gaap_GoodwillImpairmentLoss"/>
<calculationArc xlink:type="arc" xlink:arcrole="http://www.xbrl.org/2003/arcrole/summation-item" xlink:from="loc_us-gaap_NetCashProvidedByUsedInOperatingActivitiesContinuingOperations" xlink:to="loc_us-gaap_GoodwillImpairmentLoss" order="50" use="optional" weight="1"/>
<loc xlink:type="locator" xlink:href="http://xbrl.fasb.org/us-gaap/2012/elts/us-gaap-2012-01-31.xsd#us-gaap_StockOptionPlanExpense" xlink:label="loc_us-gaap_StockOptionPlanExpense"/>
<calculationArc xlink:type="arc" xlink:arcrole="http://www.xbrl.org/2003/arcrole/summation-item" xlink:from="loc_us-gaap_NetCashProvidedByUsedInOperatingActivitiesContinuingOperations" xlink:to="loc_us-gaap_StockOptionPlanExpense" order="60" use="optional" weight="1"/>
<loc xlink:type="locator" xlink:href="omag-20120930.xsd#omag_IssuanceOfCommonStockForConsultingFees" xlink:label="loc_omag_IssuanceOfCommonStockForConsultingFees"/>
<calculationArc xlink:type="arc" xlink:arcrole="http://www.xbrl.org/2003/arcrole/summation-item" xlink:from="loc_us-gaap_NetCashProvidedByUsedInOperatingActivitiesContinuingOperations" xlink:to="loc_omag_IssuanceOfCommonStockForConsultingFees" order="70" use="optional" weight="1"/>
<loc xlink:type="locator" xlink:href="omag-20120930.xsd#omag_IssuanceOfCommonStockForContribution" xlink:label="loc_omag_IssuanceOfCommonStockForContribution"/>
<calculationArc xlink:type="arc" xlink:arcrole="http://www.xbrl.org/2003/arcrole/summation-item" xlink:from="loc_us-gaap_NetCashProvidedByUsedInOperatingActivitiesContinuingOperations" xlink:to="loc_omag_IssuanceOfCommonStockForContribution" order="80" use="optional" weight="1"/>
<loc xlink:type="locator" xlink:href="omag-20120930.xsd#omag_IssuanceOfCommonStockForStockholderInvestor" xlink:label="loc_omag_IssuanceOfCommonStockForStockholderInvestor"/>
<calculationArc xlink:type="arc" xlink:arcrole="http://www.xbrl.org/2003/arcrole/summation-item" xlink:from="loc_us-gaap_NetCashProvidedByUsedInOperatingActivitiesContinuingOperations" xlink:to="loc_omag_IssuanceOfCommonStockForStockholderInvestor" order="90" use="optional" weight="1"/>
<loc xlink:type="locator" xlink:href="omag-20120930.xsd#omag_CancellationOfCommonStockIssuedForConsultingServices" xlink:label="loc_omag_CancellationOfCommonStockIssuedForConsultingServices"/>
<calculationArc xlink:type="arc" xlink:arcrole="http://www.xbrl.org/2003/arcrole/summation-item" xlink:from="loc_us-gaap_NetCashProvidedByUsedInOperatingActivitiesContinuingOperations" xlink:to="loc_omag_CancellationOfCommonStockIssuedForConsultingServices" order="100" use="optional" weight="-1"/>
<loc xlink:type="locator" xlink:href="omag-20120930.xsd#omag_IssuanceOfCommonStockInSatisfactionOfAgreementCommitmentFees" xlink:label="loc_omag_IssuanceOfCommonStockInSatisfactionOfAgreementCommitmentFees"/>
<calculationArc xlink:type="arc" xlink:arcrole="http://www.xbrl.org/2003/arcrole/summation-item" xlink:from="loc_us-gaap_NetCashProvidedByUsedInOperatingActivitiesContinuingOperations" xlink:to="loc_omag_IssuanceOfCommonStockInSatisfactionOfAgreementCommitmentFees" order="110" use="optional" weight="1"/>
<loc xlink:type="locator" xlink:href="omag-20120930.xsd#omag_IssuanceOfStockGrantsToForeignConsultants" xlink:label="loc_omag_IssuanceOfStockGrantsToForeignConsultants"/>
<calculationArc xlink:type="arc" xlink:arcrole="http://www.xbrl.org/2003/arcrole/summation-item" xlink:from="loc_us-gaap_NetCashProvidedByUsedInOperatingActivitiesContinuingOperations" xlink:to="loc_omag_IssuanceOfStockGrantsToForeignConsultants" order="120" use="optional" weight="1"/>
<loc xlink:type="locator" xlink:href="http://xbrl.fasb.org/us-gaap/2012/elts/us-gaap-2012-01-31.xsd#us-gaap_IncreaseDecreaseInPrepaidDeferredExpenseAndOtherAssets" xlink:label="loc_us-gaap_IncreaseDecreaseInPrepaidDeferredExpenseAndOtherAssets"/>
<calculationArc xlink:type="arc" xlink:arcrole="http://www.xbrl.org/2003/arcrole/summation-item" xlink:from="loc_us-gaap_NetCashProvidedByUsedInOperatingActivitiesContinuingOperations" xlink:to="loc_us-gaap_IncreaseDecreaseInPrepaidDeferredExpenseAndOtherAssets" order="130" use="optional" weight="-1"/>
<loc xlink:type="locator" xlink:href="http://xbrl.fasb.org/us-gaap/2012/elts/us-gaap-2012-01-31.xsd#us-gaap_IncreaseDecreaseInAccountsReceivable" xlink:label="loc_us-gaap_IncreaseDecreaseInAccountsReceivable"/>
<calculationArc xlink:type="arc" xlink:arcrole="http://www.xbrl.org/2003/arcrole/summation-item" xlink:from="loc_us-gaap_NetCashProvidedByUsedInOperatingActivitiesContinuingOperations" xlink:to="loc_us-gaap_IncreaseDecreaseInAccountsReceivable" order="140" use="optional" weight="-1"/>
<loc xlink:type="locator" xlink:href="http://xbrl.fasb.org/us-gaap/2012/elts/us-gaap-2012-01-31.xsd#us-gaap_IncreaseDecreaseInInventories" xlink:label="loc_us-gaap_IncreaseDecreaseInInventories"/>
<calculationArc xlink:type="arc" xlink:arcrole="http://www.xbrl.org/2003/arcrole/summation-item" xlink:from="loc_us-gaap_NetCashProvidedByUsedInOperatingActivitiesContinuingOperations" xlink:to="loc_us-gaap_IncreaseDecreaseInInventories" order="150" use="optional" weight="-1"/>
<loc xlink:type="locator" xlink:href="http://xbrl.fasb.org/us-gaap/2012/elts/us-gaap-2012-01-31.xsd#us-gaap_IncreaseDecreaseInOtherOperatingAssets" xlink:label="loc_us-gaap_IncreaseDecreaseInOtherOperatingAssets"/>
<calculationArc xlink:type="arc" xlink:arcrole="http://www.xbrl.org/2003/arcrole/summation-item" xlink:from="loc_us-gaap_NetCashProvidedByUsedInOperatingActivitiesContinuingOperations" xlink:to="loc_us-gaap_IncreaseDecreaseInOtherOperatingAssets" order="160" use="optional" weight="-1"/>
<loc xlink:type="locator" xlink:href="http://xbrl.fasb.org/us-gaap/2012/elts/us-gaap-2012-01-31.xsd#us-gaap_IncreaseDecreaseInAccountsPayable" xlink:label="loc_us-gaap_IncreaseDecreaseInAccountsPayable"/>
<calculationArc xlink:type="arc" xlink:arcrole="http://www.xbrl.org/2003/arcrole/summation-item" xlink:from="loc_us-gaap_NetCashProvidedByUsedInOperatingActivitiesContinuingOperations" xlink:to="loc_us-gaap_IncreaseDecreaseInAccountsPayable" order="170" use="optional" weight="1"/>
<loc xlink:type="locator" xlink:href="http://xbrl.fasb.org/us-gaap/2012/elts/us-gaap-2012-01-31.xsd#us-gaap_IncreaseDecreaseInCustomerDeposits" xlink:label="loc_us-gaap_IncreaseDecreaseInCustomerDeposits"/>
<calculationArc xlink:type="arc" xlink:arcrole="http://www.xbrl.org/2003/arcrole/summation-item" xlink:from="loc_us-gaap_NetCashProvidedByUsedInOperatingActivitiesContinuingOperations" xlink:to="loc_us-gaap_IncreaseDecreaseInCustomerDeposits" order="180" use="optional" weight="1"/>
<loc xlink:type="locator" xlink:href="http://xbrl.fasb.org/us-gaap/2012/elts/us-gaap-2012-01-31.xsd#us-gaap_IncreaseDecreaseInAccruedLiabilitiesAndOtherOperatingLiabilities" xlink:label="loc_us-gaap_IncreaseDecreaseInAccruedLiabilitiesAndOtherOperatingLiabilities"/>
<calculationArc xlink:type="arc" xlink:arcrole="http://www.xbrl.org/2003/arcrole/summation-item" xlink:from="loc_us-gaap_NetCashProvidedByUsedInOperatingActivitiesContinuingOperations" xlink:to="loc_us-gaap_IncreaseDecreaseInAccruedLiabilitiesAndOtherOperatingLiabilities" order="190" use="optional" weight="1"/>
<loc xlink:type="locator" xlink:href="http://xbrl.fasb.org/us-gaap/2012/elts/us-gaap-2012-01-31.xsd#us-gaap_IncreaseDecreaseInInterestPayableNet" xlink:label="loc_us-gaap_IncreaseDecreaseInInterestPayableNet"/>
<calculationArc xlink:type="arc" xlink:arcrole="http://www.xbrl.org/2003/arcrole/summation-item" xlink:from="loc_us-gaap_NetCashProvidedByUsedInOperatingActivitiesContinuingOperations" xlink:to="loc_us-gaap_IncreaseDecreaseInInterestPayableNet" order="200" use="optional" weight="1"/>
<loc xlink:type="locator" xlink:href="http://xbrl.fasb.org/us-gaap/2012/elts/us-gaap-2012-01-31.xsd#us-gaap_IncreaseDecreaseInAccruedSalaries" xlink:label="loc_us-gaap_IncreaseDecreaseInAccruedSalaries"/>
<calculationArc xlink:type="arc" xlink:arcrole="http://www.xbrl.org/2003/arcrole/summation-item" xlink:from="loc_us-gaap_NetCashProvidedByUsedInOperatingActivitiesContinuingOperations" xlink:to="loc_us-gaap_IncreaseDecreaseInAccruedSalaries" order="210" use="optional" weight="1"/>
<loc xlink:type="locator" xlink:href="http://xbrl.fasb.org/us-gaap/2012/elts/us-gaap-2012-01-31.xsd#us-gaap_NetCashProvidedByUsedInInvestingActivitiesContinuingOperations" xlink:label="loc_us-gaap_NetCashProvidedByUsedInInvestingActivitiesContinuingOperations"/><loc xlink:type="locator" xlink:href="http://xbrl.fasb.org/us-gaap/2012/elts/us-gaap-2012-01-31.xsd#us-gaap_PaymentsToAcquireMachineryAndEquipment" xlink:label="loc_us-gaap_PaymentsToAcquireMachineryAndEquipment"/><calculationArc xlink:type="arc" xlink:arcrole="http://www.xbrl.org/2003/arcrole/summation-item" xlink:from="loc_us-gaap_NetCashProvidedByUsedInInvestingActivitiesContinuingOperations" xlink:to="loc_us-gaap_PaymentsToAcquireMachineryAndEquipment" order="10" use="optional" weight="-1"/><loc xlink:type="locator" xlink:href="http://xbrl.fasb.org/us-gaap/2012/elts/us-gaap-2012-01-31.xsd#us-gaap_NetCashProvidedByUsedInFinancingActivitiesContinuingOperations" xlink:label="loc_us-gaap_NetCashProvidedByUsedInFinancingActivitiesContinuingOperations"/><loc xlink:type="locator" xlink:href="http://xbrl.fasb.org/us-gaap/2012/elts/us-gaap-2012-01-31.xsd#us-gaap_ProceedsFromRepaymentsOfRelatedPartyDebt" xlink:label="loc_us-gaap_ProceedsFromRepaymentsOfRelatedPartyDebt"/><calculationArc xlink:type="arc" xlink:arcrole="http://www.xbrl.org/2003/arcrole/summation-item" xlink:from="loc_us-gaap_NetCashProvidedByUsedInFinancingActivitiesContinuingOperations" xlink:to="loc_us-gaap_ProceedsFromRepaymentsOfRelatedPartyDebt" order="10" use="optional" weight="1"/><loc xlink:type="locator" xlink:href="http://xbrl.fasb.org/us-gaap/2012/elts/us-gaap-2012-01-31.xsd#us-gaap_ProceedsFromNotesPayable" xlink:label="loc_us-gaap_ProceedsFromNotesPayable"/><calculationArc xlink:type="arc" xlink:arcrole="http://www.xbrl.org/2003/arcrole/summation-item" xlink:from="loc_us-gaap_NetCashProvidedByUsedInFinancingActivitiesContinuingOperations" xlink:to="loc_us-gaap_ProceedsFromNotesPayable" order="20" use="optional" weight="1"/><loc xlink:type="locator" xlink:href="http://xbrl.fasb.org/us-gaap/2012/elts/us-gaap-2012-01-31.xsd#us-gaap_ProceedsFromIssuanceOfCommonStock" xlink:label="loc_us-gaap_ProceedsFromIssuanceOfCommonStock"/><calculationArc xlink:type="arc" xlink:arcrole="http://www.xbrl.org/2003/arcrole/summation-item" xlink:from="loc_us-gaap_NetCashProvidedByUsedInFinancingActivitiesContinuingOperations" xlink:to="loc_us-gaap_ProceedsFromIssuanceOfCommonStock" order="30" use="optional" weight="1"/><loc xlink:type="locator" xlink:href="omag-20120930.xsd#omag_ProceedsFromStockOptionsAndWarrantsExercised" xlink:label="loc_omag_ProceedsFromStockOptionsAndWarrantsExercised"/><calculationArc xlink:type="arc" xlink:arcrole="http://www.xbrl.org/2003/arcrole/summation-item" xlink:from="loc_us-gaap_NetCashProvidedByUsedInFinancingActivitiesContinuingOperations" xlink:to="loc_omag_ProceedsFromStockOptionsAndWarrantsExercised" order="40" use="optional" weight="-1"/><loc xlink:type="locator" xlink:href="http://xbrl.fasb.org/us-gaap/2012/elts/us-gaap-2012-01-31.xsd#us-gaap_PaymentsForRepurchaseOfCommonStock" xlink:label="loc_us-gaap_PaymentsForRepurchaseOfCommonStock"/><calculationArc xlink:type="arc" xlink:arcrole="http://www.xbrl.org/2003/arcrole/summation-item" xlink:from="loc_us-gaap_NetCashProvidedByUsedInFinancingActivitiesContinuingOperations" xlink:to="loc_us-gaap_PaymentsForRepurchaseOfCommonStock" order="50" use="optional" weight="-1"/><loc xlink:type="locator" xlink:href="http://xbrl.fasb.org/us-gaap/2012/elts/us-gaap-2012-01-31.xsd#us-gaap_ProceedsFromContributionsFromAffiliates" xlink:label="loc_us-gaap_ProceedsFromContributionsFromAffiliates"/><calculationArc xlink:type="arc" xlink:arcrole="http://www.xbrl.org/2003/arcrole/summation-item" xlink:from="loc_us-gaap_NetCashProvidedByUsedInFinancingActivitiesContinuingOperations" xlink:to="loc_us-gaap_ProceedsFromContributionsFromAffiliates" order="60" use="optional" weight="1"/><loc xlink:type="locator" xlink:href="http://xbrl.fasb.org/us-gaap/2012/elts/us-gaap-2012-01-31.xsd#us-gaap_ProceedsFromIssuanceOfWarrants" xlink:label="loc_us-gaap_ProceedsFromIssuanceOfWarrants"/><calculationArc xlink:type="arc" xlink:arcrole="http://www.xbrl.org/2003/arcrole/summation-item" xlink:from="loc_us-gaap_NetCashProvidedByUsedInFinancingActivitiesContinuingOperations" xlink:to="loc_us-gaap_ProceedsFromIssuanceOfWarrants" order="70" use="optional" weight="1"/><loc xlink:type="locator" xlink:href="http://xbrl.fasb.org/us-gaap/2012/elts/us-gaap-2012-01-31.xsd#us-gaap_CashAndCashEquivalentsPeriodIncreaseDecrease" xlink:label="loc_us-gaap_CashAndCashEquivalentsPeriodIncreaseDecrease"/><calculationArc xlink:type="arc" xlink:arcrole="http://www.xbrl.org/2003/arcrole/summation-item" xlink:from="loc_us-gaap_CashAndCashEquivalentsPeriodIncreaseDecrease" xlink:to="loc_us-gaap_NetCashProvidedByUsedInOperatingActivitiesContinuingOperations" order="10" use="optional" weight="1"/><calculationArc xlink:type="arc" xlink:arcrole="http://www.xbrl.org/2003/arcrole/summation-item" xlink:from="loc_us-gaap_CashAndCashEquivalentsPeriodIncreaseDecrease" xlink:to="loc_us-gaap_NetCashProvidedByUsedInInvestingActivitiesContinuingOperations" order="20" use="optional" weight="1"/><calculationArc xlink:type="arc" xlink:arcrole="http://www.xbrl.org/2003/arcrole/summation-item" xlink:from="loc_us-gaap_CashAndCashEquivalentsPeriodIncreaseDecrease" xlink:to="loc_us-gaap_NetCashProvidedByUsedInFinancingActivitiesContinuingOperations" order="30" use="optional" weight="1"/><loc xlink:type="locator" xlink:href="omag-20120930.xsd#omag_AcquisitionOfJourneyOfLightThroughIssuanceOfCommonStockAndWarrants" xlink:label="loc_omag_AcquisitionOfJourneyOfLightThroughIssuanceOfCommonStockAndWarrants"/><loc xlink:type="locator" xlink:href="http://xbrl.fasb.org/us-gaap/2012/elts/us-gaap-2012-01-31.xsd#us-gaap_FairValueOfAssetsAcquired" xlink:label="loc_us-gaap_FairValueOfAssetsAcquired"/><calculationArc xlink:type="arc" xlink:arcrole="http://www.xbrl.org/2003/arcrole/summation-item" xlink:from="loc_omag_AcquisitionOfJourneyOfLightThroughIssuanceOfCommonStockAndWarrants" xlink:to="loc_us-gaap_FairValueOfAssetsAcquired" order="10" use="optional" weight="-1"/><loc xlink:type="locator" xlink:href="omag-20120930.xsd#omag_NonCashGoodwillAcquired" xlink:label="loc_omag_NonCashGoodwillAcquired"/><calculationArc xlink:type="arc" xlink:arcrole="http://www.xbrl.org/2003/arcrole/summation-item" xlink:from="loc_omag_AcquisitionOfJourneyOfLightThroughIssuanceOfCommonStockAndWarrants" xlink:to="loc_omag_NonCashGoodwillAcquired" order="20" use="optional" weight="1"/><loc xlink:type="locator" xlink:href="http://xbrl.fasb.org/us-gaap/2012/elts/us-gaap-2012-01-31.xsd#us-gaap_LiabilitiesAssumed1" xlink:label="loc_us-gaap_LiabilitiesAssumed1"/><calculationArc xlink:type="arc" xlink:arcrole="http://www.xbrl.org/2003/arcrole/summation-item" xlink:from="loc_omag_AcquisitionOfJourneyOfLightThroughIssuanceOfCommonStockAndWarrants" xlink:to="loc_us-gaap_LiabilitiesAssumed1" order="30" use="optional" weight="1"/><loc xlink:type="locator" xlink:href="omag-20120930.xsd#omag_StockSubscriptionsSatisfiedThroughReductionOfDebt" xlink:label="loc_omag_StockSubscriptionsSatisfiedThroughReductionOfDebt"/><loc xlink:type="locator" xlink:href="http://xbrl.fasb.org/us-gaap/2012/elts/us-gaap-2012-01-31.xsd#us-gaap_DebtConversionOriginalDebtAmount1" xlink:label="loc_us-gaap_DebtConversionOriginalDebtAmount1"/><calculationArc xlink:type="arc" xlink:arcrole="http://www.xbrl.org/2003/arcrole/summation-item" xlink:from="loc_omag_StockSubscriptionsSatisfiedThroughReductionOfDebt" xlink:to="loc_us-gaap_DebtConversionOriginalDebtAmount1" order="10" use="optional" weight="1"/><loc xlink:type="locator" xlink:href="omag-20120930.xsd#omag_Accountspayablenoncash" xlink:label="loc_omag_Accountspayablenoncash"/><calculationArc xlink:type="arc" xlink:arcrole="http://www.xbrl.org/2003/arcrole/summation-item" xlink:from="loc_omag_StockSubscriptionsSatisfiedThroughReductionOfDebt" xlink:to="loc_omag_Accountspayablenoncash" order="20" use="optional" weight="1"/><loc xlink:type="locator" xlink:href="omag-20120930.xsd#omag_AccruedOfficersPayroll" xlink:label="loc_omag_AccruedOfficersPayroll"/><calculationArc xlink:type="arc" xlink:arcrole="http://www.xbrl.org/2003/arcrole/summation-item" xlink:from="loc_omag_StockSubscriptionsSatisfiedThroughReductionOfDebt" xlink:to="loc_omag_AccruedOfficersPayroll" order="30" use="optional" weight="1"/><loc xlink:type="locator" xlink:href="omag-20120930.xsd#omag_DueOfficersAndDirectors" xlink:label="loc_omag_DueOfficersAndDirectors"/><calculationArc xlink:type="arc" xlink:arcrole="http://www.xbrl.org/2003/arcrole/summation-item" xlink:from="loc_omag_StockSubscriptionsSatisfiedThroughReductionOfDebt" xlink:to="loc_omag_DueOfficersAndDirectors" order="40" use="optional" weight="1"/></calculationLink>





<roleRef xlink:type="simple" xlink:href="omag-20120930.xsd#Incometaxessummaryofdeferredtaxassetsdetails" roleURI="http://www.omagine.com/role/Incometaxessummaryofdeferredtaxassetsdetails"/>
<calculationLink xlink:type="extended" xlink:role="http://www.omagine.com/role/Incometaxessummaryofdeferredtaxassetsdetails">
<loc xlink:type="locator" xlink:href="http://xbrl.fasb.org/us-gaap/2012/elts/us-gaap-2012-01-31.xsd#us-gaap_DeferredTaxAssetsGross" xlink:label="loc_us-gaap_DeferredTaxAssetsGross"/>
<loc xlink:type="locator" xlink:href="http://xbrl.fasb.org/us-gaap/2012/elts/us-gaap-2012-01-31.xsd#us-gaap_DeferredTaxAssetsOperatingLossCarryforwardsDomestic" xlink:label="loc_us-gaap_DeferredTaxAssetsOperatingLossCarryforwardsDomestic"/>
<calculationArc xlink:type="arc" xlink:arcrole="http://www.xbrl.org/2003/arcrole/summation-item" xlink:from="loc_us-gaap_DeferredTaxAssetsGross" xlink:to="loc_us-gaap_DeferredTaxAssetsOperatingLossCarryforwardsDomestic" order="10" use="optional" weight="1"/>
<loc xlink:type="locator" xlink:href="http://xbrl.fasb.org/us-gaap/2012/elts/us-gaap-2012-01-31.xsd#us-gaap_DeferredTaxAssetsOperatingLossCarryforwardsStateAndLocal" xlink:label="loc_us-gaap_DeferredTaxAssetsOperatingLossCarryforwardsStateAndLocal"/>
<calculationArc xlink:type="arc" xlink:arcrole="http://www.xbrl.org/2003/arcrole/summation-item" xlink:from="loc_us-gaap_DeferredTaxAssetsGross" xlink:to="loc_us-gaap_DeferredTaxAssetsOperatingLossCarryforwardsStateAndLocal" order="20" use="optional" weight="1"/>
<loc xlink:type="locator" xlink:href="http://xbrl.fasb.org/us-gaap/2012/elts/us-gaap-2012-01-31.xsd#us-gaap_DeferredTaxAssetsNet" xlink:label="loc_us-gaap_DeferredTaxAssetsNet"/><calculationArc xlink:type="arc" xlink:arcrole="http://www.xbrl.org/2003/arcrole/summation-item" xlink:from="loc_us-gaap_DeferredTaxAssetsNet" xlink:to="loc_us-gaap_DeferredTaxAssetsGross" order="10" use="optional" weight="1"/><loc xlink:type="locator" xlink:href="http://xbrl.fasb.org/us-gaap/2012/elts/us-gaap-2012-01-31.xsd#us-gaap_DeferredTaxAssetsValuationAllowance" xlink:label="loc_us-gaap_DeferredTaxAssetsValuationAllowance"/><calculationArc xlink:type="arc" xlink:arcrole="http://www.xbrl.org/2003/arcrole/summation-item" xlink:from="loc_us-gaap_DeferredTaxAssetsNet" xlink:to="loc_us-gaap_DeferredTaxAssetsValuationAllowance" order="20" use="optional" weight="-1"/></calculationLink>

<roleRef xlink:type="simple" xlink:href="omag-20120930.xsd#Commitmentssummaryoffutureminimumleasepaymentsundernoncancelableoperatingleasesdetails" roleURI="http://www.omagine.com/role/Commitmentssummaryoffutureminimumleasepaymentsundernoncancelableoperatingleasesdetails"/>
<calculationLink xlink:type="extended" xlink:role="http://www.omagine.com/role/Commitmentssummaryoffutureminimumleasepaymentsundernoncancelableoperatingleasesdetails">
<loc xlink:type="locator" xlink:href="http://xbrl.fasb.org/us-gaap/2012/elts/us-gaap-2012-01-31.xsd#us-gaap_OperatingLeasesFutureMinimumPaymentsDue" xlink:label="loc_us-gaap_OperatingLeasesFutureMinimumPaymentsDue"/>
<loc xlink:type="locator" xlink:href="http://xbrl.fasb.org/us-gaap/2012/elts/us-gaap-2012-01-31.xsd#us-gaap_OperatingLeasesFutureMinimumPaymentsDueCurrent" xlink:label="loc_us-gaap_OperatingLeasesFutureMinimumPaymentsDueCurrent"/>
<calculationArc xlink:type="arc" xlink:arcrole="http://www.xbrl.org/2003/arcrole/summation-item" xlink:from="loc_us-gaap_OperatingLeasesFutureMinimumPaymentsDue" xlink:to="loc_us-gaap_OperatingLeasesFutureMinimumPaymentsDueCurrent" order="10" use="optional" weight="1"/>
<loc xlink:type="locator" xlink:href="http://xbrl.fasb.org/us-gaap/2012/elts/us-gaap-2012-01-31.xsd#us-gaap_OperatingLeasesFutureMinimumPaymentsDueInTwoYears" xlink:label="loc_us-gaap_OperatingLeasesFutureMinimumPaymentsDueInTwoYears"/>
<calculationArc xlink:type="arc" xlink:arcrole="http://www.xbrl.org/2003/arcrole/summation-item" xlink:from="loc_us-gaap_OperatingLeasesFutureMinimumPaymentsDue" xlink:to="loc_us-gaap_OperatingLeasesFutureMinimumPaymentsDueInTwoYears" order="20" use="optional" weight="1"/>
</calculationLink>
</linkbase>
