<?xml version="1.0" encoding="US-ASCII" standalone="no"?>

<!--produced on 2012-12-20 @ 1:38 PM-->
<link:linkbase xmlns:astv="http://www.asseenontv.com/20121221" xmlns:xbrldt="http://xbrl.org/2005/xbrldt" xmlns:xlink="http://www.w3.org/1999/xlink" xmlns:xsi="http://www.w3.org/2001/XMLSchema-instance" xsi:schemaLocation="http://www.xbrl.org/2003/linkbase http://www.xbrl.org/2003/xbrl-linkbase-2003-12-31.xsd" xmlns:link="http://www.xbrl.org/2003/linkbase">
  <link:roleRef roleURI="http://www.asseenontv.com/role/DocumentAndEntityInformation" xlink:href="astv-20121221.xsd#astv-daei" xlink:type="simple" />
  <link:roleRef roleURI="http://www.asseenontv.com/role/CondensedConsolidatedBalanceSheets" xlink:href="astv-20121221.xsd#astv-ccbs" xlink:type="simple" />
  <link:roleRef roleURI="http://www.asseenontv.com/role/CondensedConsolidatedBalanceSheetsParenthetical" xlink:href="astv-20121221.xsd#astv-ccbsp" xlink:type="simple" />
  <link:roleRef roleURI="http://www.asseenontv.com/role/CondensedConsolidatedStatementsOfOperations" xlink:href="astv-20121221.xsd#astv-ccstop" xlink:type="simple" />
  <link:roleRef roleURI="http://www.asseenontv.com/role/CondensedConsolidatedStatementsOfStockholdersEquityDeficiency" xlink:href="astv-20121221.xsd#astv-ccsteq" xlink:type="simple" />
  <link:roleRef roleURI="http://www.asseenontv.com/role/ConsolidatedStatementsOfCashFlows" xlink:href="astv-20121221.xsd#astv-csocf" xlink:type="simple" />
  <link:roleRef roleURI="http://www.asseenontv.com/role/DescriptionOfOurBusiness" xlink:href="astv-20121221.xsd#astv-doob" xlink:type="simple" />
  <link:roleRef roleURI="http://www.asseenontv.com/role/BasisOfPresentation" xlink:href="astv-20121221.xsd#astv-bapr" xlink:type="simple" />
  <link:roleRef roleURI="http://www.asseenontv.com/role/Liquidity" xlink:href="astv-20121221.xsd#astv-liqu" xlink:type="simple" />
  <link:roleRef roleURI="http://www.asseenontv.com/role/SummaryOfSignificantAccountingPolicies" xlink:href="astv-20121221.xsd#astv-ssap" xlink:type="simple" />
  <link:roleRef roleURI="http://www.asseenontv.com/role/SummaryOfSignificantAccountingPoliciesPolicy" xlink:href="astv-20121221.xsd#astv-ssapp" xlink:type="simple" />
  <link:roleRef roleURI="http://www.asseenontv.com/role/AssetPurchase" xlink:href="astv-20121221.xsd#astv-aspu" xlink:type="simple" />
  <link:roleRef roleURI="http://www.asseenontv.com/role/PrepaidExpensesAndOtherCurrentAssets" xlink:href="astv-20121221.xsd#astv-peaoca" xlink:type="simple" />
  <link:roleRef roleURI="http://www.asseenontv.com/role/AccruedExpensesAndOtherCurrentLiabilities" xlink:href="astv-20121221.xsd#astv-aeaocl" xlink:type="simple" />
  <link:roleRef roleURI="http://www.asseenontv.com/role/PrivatePlacements" xlink:href="astv-20121221.xsd#astv-prpl" xlink:type="simple" />
  <link:roleRef roleURI="http://www.asseenontv.com/role/PrepaidExpensesAndOtherCurrentAssetsTables" xlink:href="astv-20121221.xsd#astv-peaocat" xlink:type="simple" />
  <link:roleRef roleURI="http://www.asseenontv.com/role/AccruedExpensesAndOtherCurrentLiabilitiesDetails" xlink:href="astv-20121221.xsd#astv-aeaocld" xlink:type="simple" />
  <link:roleRef roleURI="http://www.asseenontv.com/role/WarrantLiabilities" xlink:href="astv-20121221.xsd#astv-wali" xlink:type="simple" />
  <link:roleRef roleURI="http://www.asseenontv.com/role/WarrantLiabilitiesTables" xlink:href="astv-20121221.xsd#astv-walit" xlink:type="simple" />
  <link:roleRef roleURI="http://www.asseenontv.com/role/RelatedPartyTransactions" xlink:href="astv-20121221.xsd#astv-rptr" xlink:type="simple" />
  <link:roleRef roleURI="http://www.asseenontv.com/role/NotesPayable" xlink:href="astv-20121221.xsd#astv-nopa" xlink:type="simple" />
  <link:roleRef roleURI="http://www.asseenontv.com/role/Commitments" xlink:href="astv-20121221.xsd#astv-comm" xlink:type="simple" />
  <link:roleRef roleURI="http://www.asseenontv.com/role/CommitmentsTables" xlink:href="astv-20121221.xsd#astv-commt" xlink:type="simple" />
  <link:roleRef roleURI="http://www.asseenontv.com/role/StockholdersEquity" xlink:href="astv-20121221.xsd#astv-steq" xlink:type="simple" />
  <link:roleRef roleURI="http://www.asseenontv.com/role/StockholdersEquityTables" xlink:href="astv-20121221.xsd#astv-steqt" xlink:type="simple" />
  <link:roleRef roleURI="http://www.asseenontv.com/role/Litigation" xlink:href="astv-20121221.xsd#astv-liti" xlink:type="simple" />
  <link:roleRef roleURI="http://www.asseenontv.com/role/SubsequentEvents" xlink:href="astv-20121221.xsd#astv-suev" xlink:type="simple" />
  <link:roleRef roleURI="http://www.asseenontv.com/role/LiquidityDetails" xlink:href="astv-20121221.xsd#astv-liqud" xlink:type="simple" />
  <link:roleRef roleURI="http://www.asseenontv.com/role/SummaryOfSignificantAccountingPoliciesDetails" xlink:href="astv-20121221.xsd#astv-ssapd" xlink:type="simple" />
  <link:roleRef roleURI="http://www.asseenontv.com/role/AssetPurchaseDetails" xlink:href="astv-20121221.xsd#astv-aspud" xlink:type="simple" />
  <link:roleRef roleURI="http://www.asseenontv.com/role/DescriptionOfOutBusinessDetails" xlink:href="astv-20121221.xsd#astv-dobd" xlink:type="simple" />
  <link:roleRef roleURI="http://www.asseenontv.com/role/PrepaidExpensesAndOtherCurrentAssetsDetails" xlink:href="astv-20121221.xsd#astv-peod" xlink:type="simple" />
  <link:roleRef roleURI="http://www.asseenontv.com/role/PrivatePlacementsDetails" xlink:href="astv-20121221.xsd#astv-prpd" xlink:type="simple" />
  <link:roleRef roleURI="http://www.asseenontv.com/role/WarrantLiabilitiesNarrativeDetails" xlink:href="astv-20121221.xsd#astv-wlnd" xlink:type="simple" />
  <link:roleRef roleURI="http://www.asseenontv.com/role/WarrantLiabilitiesScheduleOfWarrantsIssuedDetails" xlink:href="astv-20121221.xsd#astv-wlwi" xlink:type="simple" />
  <link:roleRef roleURI="http://www.asseenontv.com/role/WarrantLiabilitiesScheduleOfWarrantLiabilitiesAtFairValueDetails" xlink:href="astv-20121221.xsd#astv-wlfv" xlink:type="simple" />
  <link:roleRef roleURI="http://www.asseenontv.com/role/CommitmentsOperatingLeaseDetails" xlink:href="astv-20121221.xsd#astv-commde" xlink:type="simple" />
  <link:roleRef roleURI="http://www.asseenontv.com/role/CommitmentsPrivatePlacementContingenciesDetails" xlink:href="astv-20121221.xsd#astv-cppcd" xlink:type="simple" />
  <link:roleRef roleURI="http://www.asseenontv.com/role/AccruedExpensesAndOtherCurrentLiabilitiesTables" xlink:href="astv-20121221.xsd#astv-aeaoclt" xlink:type="simple" />
  <link:roleRef roleURI="http://www.asseenontv.com/role/RelatedPartyTransactionsDetails" xlink:href="astv-20121221.xsd#astv-repatrd" xlink:type="simple" />
  <link:roleRef roleURI="http://www.asseenontv.com/role/StockholdersEquityPreferredStockDetails" xlink:href="astv-20121221.xsd#astv-sepsd" xlink:type="simple" />
  <link:roleRef roleURI="http://www.asseenontv.com/role/StockholdersEquityCommonStockDetails" xlink:href="astv-20121221.xsd#astv-secsd" xlink:type="simple" />
  <link:roleRef roleURI="http://www.asseenontv.com/role/StockholdersEquityCommonStockAndWarrantsNarrativeDetails" xlink:href="astv-20121221.xsd#astv-secwd" xlink:type="simple" />
  <link:roleRef roleURI="http://www.asseenontv.com/role/StockholdersEquityScheduleOfWarrantValuationAssumptionsDetails" xlink:href="astv-20121221.xsd#astv-secad" xlink:type="simple" />
  <link:roleRef roleURI="http://www.asseenontv.com/role/StockholdersEquityScheduleOfRemeasuredWarrantValuationAssumptionsDetails" xlink:href="astv-20121221.xsd#astv-sermd" xlink:type="simple" />
  <link:roleRef roleURI="http://www.asseenontv.com/role/StockholdersEquityScheduleOfValuationAssumptionsForCommonStockPurchaseWarrantsDetails" xlink:href="astv-20121221.xsd#astv-sepwd" xlink:type="simple" />
  <link:roleRef roleURI="http://www.asseenontv.com/role/StockholdersEquityScheduleOfValuationAssumptionsForEquityCompensationPlansDetails" xlink:href="astv-20121221.xsd#astv-seecp" xlink:type="simple" />
  <link:roleRef roleURI="http://www.asseenontv.com/role/StockholdersEquityScheduleOfStockOptionsActivityDetails" xlink:href="astv-20121221.xsd#astv-sesod" xlink:type="simple" />
  <link:roleRef roleURI="http://www.asseenontv.com/role/StockholdersEquityEqutiyCompensationPlanNarrativeDetails" xlink:href="astv-20121221.xsd#astv-seecpnd" xlink:type="simple" />
  <link:roleRef roleURI="http://www.asseenontv.com/role/NotesPayableDetails" xlink:href="astv-20121221.xsd#astv-nopd" xlink:type="simple" />
  <link:roleRef roleURI="http://www.asseenontv.com/role/SubsequentEventsDetails" xlink:href="astv-20121221.xsd#astv-sed" xlink:type="simple" />
  <link:roleRef roleURI="http://www.asseenontv.com/role/SummaryOfSignificantAccountingPoliciesTables" xlink:href="astv-20121221.xsd#astv-sspt" xlink:type="simple" />
  <link:roleRef roleURI="http://www.asseenontv.com/role/LitigationDetails" xlink:href="astv-20121221.xsd#astv-litid" xlink:type="simple" />
  <link:roleRef roleURI="http://www.asseenontv.com/role/SummaryOfSignificantAccountingPoliciesScheduleOfEarningsLossPerShareDetails" xlink:href="astv-20121221.xsd#astv-epsp" xlink:type="simple" />
  <link:roleRef roleURI="http://www.asseenontv.com/role/MajorCustomers" xlink:href="astv-20121221.xsd#astv-mc" xlink:type="simple" />
  <link:roleRef roleURI="http://www.asseenontv.com/role/IncomeTaxes" xlink:href="astv-20121221.xsd#astv-it" xlink:type="simple" />
  <link:roleRef roleURI="http://www.asseenontv.com/role/CondensedConsolidatedStatementsOfStockholdersEquityDeficiencyParenthetical" xlink:href="astv-20121221.xsd#astv-ccsosedp" xlink:type="simple" />
  <link:calculationLink xlink:title="002 - Statement - CONDENSED CONSOLIDATED BALANCE SHEETS" xlink:role="http://www.asseenontv.com/role/CondensedConsolidatedBalanceSheets" xlink:type="extended">
    <link:loc xlink:label="loc_LiabilitiesCurrent.6082.14.6" xlink:href="http://xbrl.fasb.org/us-gaap/2011/elts/us-gaap-2011-01-31.xsd#us-gaap_LiabilitiesCurrent" xlink:type="locator" />
    <link:loc xlink:label="loc_DerivativeLiabilitiesCurrent.6532.14.6" xlink:href="http://xbrl.fasb.org/us-gaap/2011/elts/us-gaap-2011-01-31.xsd#us-gaap_DerivativeLiabilitiesCurrent" xlink:type="locator" />
    <link:calculationArc xlink:from="loc_LiabilitiesCurrent.6082.14.6" xlink:to="loc_DerivativeLiabilitiesCurrent.6532.14.6" order="1.00" weight="1.00" priority="0" use="optional" xlink:arcrole="http://www.xbrl.org/2003/arcrole/summation-item" xlink:type="arc" />
    <link:loc xlink:label="loc_NotesPayableCurrent.8756.14.6" xlink:href="http://xbrl.fasb.org/us-gaap/2011/elts/us-gaap-2011-01-31.xsd#us-gaap_NotesPayableCurrent" xlink:type="locator" />
    <link:calculationArc xlink:from="loc_LiabilitiesCurrent.6082.14.6" xlink:to="loc_NotesPayableCurrent.8756.14.6" order="2.00" weight="1.00" priority="0" use="optional" xlink:arcrole="http://www.xbrl.org/2003/arcrole/summation-item" xlink:type="arc" />
    <link:loc xlink:label="loc_AccruedLiabilitiesCurrent.13904.14.6" xlink:href="http://xbrl.fasb.org/us-gaap/2011/elts/us-gaap-2011-01-31.xsd#us-gaap_AccruedLiabilitiesCurrent" xlink:type="locator" />
    <link:calculationArc xlink:from="loc_LiabilitiesCurrent.6082.14.6" xlink:to="loc_AccruedLiabilitiesCurrent.13904.14.6" order="3.00" weight="1.00" priority="0" use="optional" xlink:arcrole="http://www.xbrl.org/2003/arcrole/summation-item" xlink:type="arc" />
    <link:loc xlink:label="loc_RegistrationPaymentArrangementAccrualCarryingValue.9911.14.6" xlink:href="http://xbrl.fasb.org/us-gaap/2011/elts/us-gaap-2011-01-31.xsd#us-gaap_RegistrationPaymentArrangementAccrualCarryingValue" xlink:type="locator" />
    <link:calculationArc xlink:from="loc_LiabilitiesCurrent.6082.14.6" xlink:to="loc_RegistrationPaymentArrangementAccrualCarryingValue.9911.14.6" order="4.00" weight="1.00" priority="0" use="optional" xlink:arcrole="http://www.xbrl.org/2003/arcrole/summation-item" xlink:type="arc" />
    <link:loc xlink:label="loc_DeferredRevenueCurrent.6389.14.6" xlink:href="http://xbrl.fasb.org/us-gaap/2011/elts/us-gaap-2011-01-31.xsd#us-gaap_DeferredRevenueCurrent" xlink:type="locator" />
    <link:calculationArc xlink:from="loc_LiabilitiesCurrent.6082.14.6" xlink:to="loc_DeferredRevenueCurrent.6389.14.6" order="6.00" weight="1.00" priority="0" use="optional" xlink:arcrole="http://www.xbrl.org/2003/arcrole/summation-item" xlink:type="arc" />
    <link:loc xlink:label="loc_AccountsPayableCurrent.13891.14.6" xlink:href="http://xbrl.fasb.org/us-gaap/2011/elts/us-gaap-2011-01-31.xsd#us-gaap_AccountsPayableCurrent" xlink:type="locator" />
    <link:calculationArc xlink:from="loc_LiabilitiesCurrent.6082.14.6" xlink:to="loc_AccountsPayableCurrent.13891.14.6" order="8.00" weight="1.00" priority="0" use="optional" xlink:arcrole="http://www.xbrl.org/2003/arcrole/summation-item" xlink:type="arc" />
    <link:loc xlink:label="loc_DueToOfficersOrStockholdersCurrent.13917.14.6" xlink:href="http://xbrl.fasb.org/us-gaap/2011/elts/us-gaap-2011-01-31.xsd#us-gaap_DueToOfficersOrStockholdersCurrent" xlink:type="locator" />
    <link:calculationArc xlink:from="loc_LiabilitiesCurrent.6082.14.6" xlink:to="loc_DueToOfficersOrStockholdersCurrent.13917.14.6" order="1.00" weight="1.00" priority="0" use="optional" xlink:arcrole="http://www.xbrl.org/2003/arcrole/summation-item" xlink:type="arc" />
    <link:loc xlink:label="loc_InterestPayableCurrent.13924.14.6" xlink:href="http://xbrl.fasb.org/us-gaap/2011/elts/us-gaap-2011-01-31.xsd#us-gaap_InterestPayableCurrent" xlink:type="locator" />
    <link:calculationArc xlink:from="loc_LiabilitiesCurrent.6082.14.6" xlink:to="loc_InterestPayableCurrent.13924.14.6" order="1.00" weight="1.00" priority="0" use="optional" xlink:arcrole="http://www.xbrl.org/2003/arcrole/summation-item" xlink:type="arc" />
    <link:loc xlink:label="loc_Liabilities.8054.14.6" xlink:href="http://xbrl.fasb.org/us-gaap/2011/elts/us-gaap-2011-01-31.xsd#us-gaap_Liabilities" xlink:type="locator" />
    <link:calculationArc xlink:from="loc_Liabilities.8054.14.6" xlink:to="loc_LiabilitiesCurrent.6082.14.6" order="1.00" weight="1.00" priority="0" use="optional" xlink:arcrole="http://www.xbrl.org/2003/arcrole/summation-item" xlink:type="arc" />
    <link:loc xlink:label="loc_OtherLiabilitiesNoncurrent.11481.14.6" xlink:href="http://xbrl.fasb.org/us-gaap/2011/elts/us-gaap-2011-01-31.xsd#us-gaap_OtherLiabilitiesNoncurrent" xlink:type="locator" />
    <link:calculationArc xlink:from="loc_Liabilities.8054.14.6" xlink:to="loc_OtherLiabilitiesNoncurrent.11481.14.6" order="2.00" weight="1.00" priority="0" use="optional" xlink:arcrole="http://www.xbrl.org/2003/arcrole/summation-item" xlink:type="arc" />
    <link:loc xlink:label="loc_LiabilitiesAndStockholdersEquity.8067.14.6" xlink:href="http://xbrl.fasb.org/us-gaap/2011/elts/us-gaap-2011-01-31.xsd#us-gaap_LiabilitiesAndStockholdersEquity" xlink:type="locator" />
    <link:loc xlink:label="loc_StockholdersEquity.12567.14.6" xlink:href="http://xbrl.fasb.org/us-gaap/2011/elts/us-gaap-2011-01-31.xsd#us-gaap_StockholdersEquity" xlink:type="locator" />
    <link:calculationArc xlink:from="loc_LiabilitiesAndStockholdersEquity.8067.14.6" xlink:to="loc_StockholdersEquity.12567.14.6" order="1.00" weight="1.00" priority="0" use="optional" xlink:arcrole="http://www.xbrl.org/2003/arcrole/summation-item" xlink:type="arc" />
    <link:loc xlink:label="loc_CommitmentsAndContingencies.13629.14.6" xlink:href="http://xbrl.fasb.org/us-gaap/2011/elts/us-gaap-2011-01-31.xsd#us-gaap_CommitmentsAndContingencies" xlink:type="locator" />
    <link:calculationArc xlink:from="loc_LiabilitiesAndStockholdersEquity.8067.14.6" xlink:to="loc_CommitmentsAndContingencies.13629.14.6" order="3.00" weight="1.00" priority="0" use="optional" xlink:arcrole="http://www.xbrl.org/2003/arcrole/summation-item" xlink:type="arc" />
    <link:calculationArc xlink:from="loc_LiabilitiesAndStockholdersEquity.8067.14.6" xlink:to="loc_Liabilities.8054.14.6" order="2.00" weight="1.00" priority="0" use="optional" xlink:arcrole="http://www.xbrl.org/2003/arcrole/summation-item" xlink:type="arc" />
    <link:loc xlink:label="loc_AssetsCurrent.11042.14.6" xlink:href="http://xbrl.fasb.org/us-gaap/2011/elts/us-gaap-2011-01-31.xsd#us-gaap_AssetsCurrent" xlink:type="locator" />
    <link:loc xlink:label="loc_PrepaidExpenseAndOtherAssetsCurrent.14103.14.6" xlink:href="http://xbrl.fasb.org/us-gaap/2011/elts/us-gaap-2011-01-31.xsd#us-gaap_PrepaidExpenseAndOtherAssetsCurrent" xlink:type="locator" />
    <link:calculationArc xlink:from="loc_AssetsCurrent.11042.14.6" xlink:to="loc_PrepaidExpenseAndOtherAssetsCurrent.14103.14.6" order="1.00" weight="1.00" priority="0" use="optional" xlink:arcrole="http://www.xbrl.org/2003/arcrole/summation-item" xlink:type="arc" />
    <link:loc xlink:label="loc_InventoryNet.7916.14.6" xlink:href="http://xbrl.fasb.org/us-gaap/2011/elts/us-gaap-2011-01-31.xsd#us-gaap_InventoryNet" xlink:type="locator" />
    <link:calculationArc xlink:from="loc_AssetsCurrent.11042.14.6" xlink:to="loc_InventoryNet.7916.14.6" order="4.00" weight="1.00" priority="0" use="optional" xlink:arcrole="http://www.xbrl.org/2003/arcrole/summation-item" xlink:type="arc" />
    <link:loc xlink:label="loc_AdvancesOnInventoryPurchases.7905.14.6" xlink:href="http://xbrl.fasb.org/us-gaap/2011/elts/us-gaap-2011-01-31.xsd#us-gaap_AdvancesOnInventoryPurchases" xlink:type="locator" />
    <link:calculationArc xlink:from="loc_AssetsCurrent.11042.14.6" xlink:to="loc_AdvancesOnInventoryPurchases.7905.14.6" order="5.00" weight="1.00" priority="0" use="optional" xlink:arcrole="http://www.xbrl.org/2003/arcrole/summation-item" xlink:type="arc" />
    <link:loc xlink:label="loc_AccountsReceivableNet.4823.14.6" xlink:href="http://xbrl.fasb.org/us-gaap/2011/elts/us-gaap-2011-01-31.xsd#us-gaap_AccountsReceivableNet" xlink:type="locator" />
    <link:calculationArc xlink:from="loc_AssetsCurrent.11042.14.6" xlink:to="loc_AccountsReceivableNet.4823.14.6" order="6.00" weight="1.00" priority="0" use="optional" xlink:arcrole="http://www.xbrl.org/2003/arcrole/summation-item" xlink:type="arc" />
    <link:loc xlink:label="loc_CashAndCashEquivalentsAtCarryingValue.5490.14.6" xlink:href="http://xbrl.fasb.org/us-gaap/2011/elts/us-gaap-2011-01-31.xsd#us-gaap_CashAndCashEquivalentsAtCarryingValue" xlink:type="locator" />
    <link:calculationArc xlink:from="loc_AssetsCurrent.11042.14.6" xlink:to="loc_CashAndCashEquivalentsAtCarryingValue.5490.14.6" order="7.00" weight="1.00" priority="0" use="optional" xlink:arcrole="http://www.xbrl.org/2003/arcrole/summation-item" xlink:type="arc" />
    <link:loc xlink:label="loc_NotesAndLoansReceivableNetCurrent.11398.14.6" xlink:href="http://xbrl.fasb.org/us-gaap/2011/elts/us-gaap-2011-01-31.xsd#us-gaap_NotesAndLoansReceivableNetCurrent" xlink:type="locator" />
    <link:calculationArc xlink:from="loc_AssetsCurrent.11042.14.6" xlink:to="loc_NotesAndLoansReceivableNetCurrent.11398.14.6" order="2.00" weight="1.00" priority="0" use="optional" xlink:arcrole="http://www.xbrl.org/2003/arcrole/summation-item" xlink:type="arc" />
    <link:loc xlink:label="loc_DeferredFinanceCostsNet.12172.14.6" xlink:href="http://xbrl.fasb.org/us-gaap/2011/elts/us-gaap-2011-01-31.xsd#us-gaap_DeferredFinanceCostsNet" xlink:type="locator" />
    <link:calculationArc xlink:from="loc_AssetsCurrent.11042.14.6" xlink:to="loc_DeferredFinanceCostsNet.12172.14.6" order="3.00" weight="1.00" priority="0" use="optional" xlink:arcrole="http://www.xbrl.org/2003/arcrole/summation-item" xlink:type="arc" />
    <link:loc xlink:label="loc_DeferredOfferingCosts.13016.14.6" xlink:href="http://xbrl.fasb.org/us-gaap/2011/elts/us-gaap-2011-01-31.xsd#us-gaap_DeferredOfferingCosts" xlink:type="locator" />
    <link:calculationArc xlink:from="loc_AssetsCurrent.11042.14.6" xlink:to="loc_DeferredOfferingCosts.13016.14.6" order="1.00" weight="1.00" priority="0" use="optional" xlink:arcrole="http://www.xbrl.org/2003/arcrole/summation-item" xlink:type="arc" />
    <link:loc xlink:label="loc_Assets.11397.14.6" xlink:href="http://xbrl.fasb.org/us-gaap/2011/elts/us-gaap-2011-01-31.xsd#us-gaap_Assets" xlink:type="locator" />
    <link:loc xlink:label="loc_DepositsAssetsNoncurrent.6429.14.6" xlink:href="http://xbrl.fasb.org/us-gaap/2011/elts/us-gaap-2011-01-31.xsd#us-gaap_DepositsAssetsNoncurrent" xlink:type="locator" />
    <link:calculationArc xlink:from="loc_Assets.11397.14.6" xlink:to="loc_DepositsAssetsNoncurrent.6429.14.6" order="1.00" weight="1.00" priority="0" use="optional" xlink:arcrole="http://www.xbrl.org/2003/arcrole/summation-item" xlink:type="arc" />
    <link:loc xlink:label="loc_PropertyPlantAndEquipmentNet.9645.14.6" xlink:href="http://xbrl.fasb.org/us-gaap/2011/elts/us-gaap-2011-01-31.xsd#us-gaap_PropertyPlantAndEquipmentNet" xlink:type="locator" />
    <link:calculationArc xlink:from="loc_Assets.11397.14.6" xlink:to="loc_PropertyPlantAndEquipmentNet.9645.14.6" order="5.00" weight="1.00" priority="0" use="optional" xlink:arcrole="http://www.xbrl.org/2003/arcrole/summation-item" xlink:type="arc" />
    <link:loc xlink:label="loc_TimeDepositsNoncurrent.11015.14.6" xlink:href="http://xbrl.fasb.org/us-gaap/2011/elts/us-gaap-2011-01-31.xsd#us-gaap_TimeDepositsNoncurrent" xlink:type="locator" />
    <link:calculationArc xlink:from="loc_Assets.11397.14.6" xlink:to="loc_TimeDepositsNoncurrent.11015.14.6" order="6.00" weight="-1.00" priority="0" use="optional" xlink:arcrole="http://www.xbrl.org/2003/arcrole/summation-item" xlink:type="arc" />
    <link:loc xlink:label="loc_OtherAssetsNoncurrent.12239.14.6" xlink:href="http://xbrl.fasb.org/us-gaap/2011/elts/us-gaap-2011-01-31.xsd#us-gaap_OtherAssetsNoncurrent" xlink:type="locator" />
    <link:calculationArc xlink:from="loc_Assets.11397.14.6" xlink:to="loc_OtherAssetsNoncurrent.12239.14.6" order="3.00" weight="1.00" priority="0" use="optional" xlink:arcrole="http://www.xbrl.org/2003/arcrole/summation-item" xlink:type="arc" />
    <link:loc xlink:label="loc_IntangibleAssetsNetExcludingGoodwill.7713.14.6" xlink:href="http://xbrl.fasb.org/us-gaap/2011/elts/us-gaap-2011-01-31.xsd#us-gaap_IntangibleAssetsNetExcludingGoodwill" xlink:type="locator" />
    <link:calculationArc xlink:from="loc_Assets.11397.14.6" xlink:to="loc_IntangibleAssetsNetExcludingGoodwill.7713.14.6" order="4.00" weight="1.00" priority="0" use="optional" xlink:arcrole="http://www.xbrl.org/2003/arcrole/summation-item" xlink:type="arc" />
    <link:calculationArc xlink:from="loc_Assets.11397.14.6" xlink:to="loc_AssetsCurrent.11042.14.6" order="2.00" weight="1.00" priority="0" use="optional" xlink:arcrole="http://www.xbrl.org/2003/arcrole/summation-item" xlink:type="arc" />
    <link:loc xlink:label="loc_InvestmentOwnedAtCost.15567.14.6" xlink:href="http://xbrl.fasb.org/us-gaap/2011/elts/us-gaap-2011-01-31.xsd#us-gaap_InvestmentOwnedAtCost" xlink:type="locator" />
    <link:calculationArc xlink:from="loc_Assets.11397.14.6" xlink:to="loc_InvestmentOwnedAtCost.15567.14.6" order="1.00" weight="1.00" priority="0" use="optional" xlink:arcrole="http://www.xbrl.org/2003/arcrole/summation-item" xlink:type="arc" />
    <link:loc xlink:label="loc_RetainedEarningsAccumulatedDeficit.10174.14.6" xlink:href="http://xbrl.fasb.org/us-gaap/2011/elts/us-gaap-2011-01-31.xsd#us-gaap_RetainedEarningsAccumulatedDeficit" xlink:type="locator" />
    <link:calculationArc xlink:from="loc_StockholdersEquity.12567.14.6" xlink:to="loc_RetainedEarningsAccumulatedDeficit.10174.14.6" order="1.00" weight="1.00" priority="0" use="optional" xlink:arcrole="http://www.xbrl.org/2003/arcrole/summation-item" xlink:type="arc" />
    <link:loc xlink:label="loc_AdditionalPaidInCapital.4916.14.6" xlink:href="http://xbrl.fasb.org/us-gaap/2011/elts/us-gaap-2011-01-31.xsd#us-gaap_AdditionalPaidInCapital" xlink:type="locator" />
    <link:calculationArc xlink:from="loc_StockholdersEquity.12567.14.6" xlink:to="loc_AdditionalPaidInCapital.4916.14.6" order="3.00" weight="1.00" priority="0" use="optional" xlink:arcrole="http://www.xbrl.org/2003/arcrole/summation-item" xlink:type="arc" />
    <link:loc xlink:label="loc_CommonStockValue.5831.14.6" xlink:href="http://xbrl.fasb.org/us-gaap/2011/elts/us-gaap-2011-01-31.xsd#us-gaap_CommonStockValue" xlink:type="locator" />
    <link:calculationArc xlink:from="loc_StockholdersEquity.12567.14.6" xlink:to="loc_CommonStockValue.5831.14.6" order="4.00" weight="1.00" priority="0" use="optional" xlink:arcrole="http://www.xbrl.org/2003/arcrole/summation-item" xlink:type="arc" />
    <link:loc xlink:label="loc_PreferredStockValue.12698.14.6" xlink:href="http://xbrl.fasb.org/us-gaap/2011/elts/us-gaap-2011-01-31.xsd#us-gaap_PreferredStockValue" xlink:type="locator" />
    <link:calculationArc xlink:from="loc_StockholdersEquity.12567.14.6" xlink:to="loc_PreferredStockValue.12698.14.6" order="5.00" weight="1.00" priority="0" use="optional" xlink:arcrole="http://www.xbrl.org/2003/arcrole/summation-item" xlink:type="arc" />
  </link:calculationLink>
  <link:calculationLink xlink:title="004 - Statement - CONDENSED CONSOLIDATED STATEMENTS OF OPERATIONS" xlink:role="http://www.asseenontv.com/role/CondensedConsolidatedStatementsOfOperations" xlink:type="extended">
    <link:loc xlink:label="loc_IncomeLossFromContinuingOperationsBeforeIncomeTaxesDomestic.6881.14.6" xlink:href="http://xbrl.fasb.org/us-gaap/2011/elts/us-gaap-2011-01-31.xsd#us-gaap_IncomeLossFromContinuingOperationsBeforeIncomeTaxesDomestic" xlink:type="locator" />
    <link:loc xlink:label="loc_OperatingIncomeLoss.8862.14.6" xlink:href="http://xbrl.fasb.org/us-gaap/2011/elts/us-gaap-2011-01-31.xsd#us-gaap_OperatingIncomeLoss" xlink:type="locator" />
    <link:calculationArc xlink:from="loc_IncomeLossFromContinuingOperationsBeforeIncomeTaxesDomestic.6881.14.6" xlink:to="loc_OperatingIncomeLoss.8862.14.6" order="1.00" weight="1.00" priority="0" use="optional" xlink:arcrole="http://www.xbrl.org/2003/arcrole/summation-item" xlink:type="arc" />
    <link:loc xlink:label="loc_NonoperatingIncomeExpense.8710.14.6" xlink:href="http://xbrl.fasb.org/us-gaap/2011/elts/us-gaap-2011-01-31.xsd#us-gaap_NonoperatingIncomeExpense" xlink:type="locator" />
    <link:calculationArc xlink:from="loc_IncomeLossFromContinuingOperationsBeforeIncomeTaxesDomestic.6881.14.6" xlink:to="loc_NonoperatingIncomeExpense.8710.14.6" order="2.00" weight="1.00" priority="0" use="optional" xlink:arcrole="http://www.xbrl.org/2003/arcrole/summation-item" xlink:type="arc" />
    <link:loc xlink:label="loc_GrossProfit.7438.14.6" xlink:href="http://xbrl.fasb.org/us-gaap/2011/elts/us-gaap-2011-01-31.xsd#us-gaap_GrossProfit" xlink:type="locator" />
    <link:loc xlink:label="loc_Revenues.8863.14.6" xlink:href="http://xbrl.fasb.org/us-gaap/2011/elts/us-gaap-2011-01-31.xsd#us-gaap_Revenues" xlink:type="locator" />
    <link:calculationArc xlink:from="loc_GrossProfit.7438.14.6" xlink:to="loc_Revenues.8863.14.6" order="1.00" weight="1.00" priority="0" use="optional" xlink:arcrole="http://www.xbrl.org/2003/arcrole/summation-item" xlink:type="arc" />
    <link:loc xlink:label="loc_CostOfRevenue.6026.14.6" xlink:href="http://xbrl.fasb.org/us-gaap/2011/elts/us-gaap-2011-01-31.xsd#us-gaap_CostOfRevenue" xlink:type="locator" />
    <link:calculationArc xlink:from="loc_GrossProfit.7438.14.6" xlink:to="loc_CostOfRevenue.6026.14.6" order="2.00" weight="-1.00" priority="0" use="optional" xlink:arcrole="http://www.xbrl.org/2003/arcrole/summation-item" xlink:type="arc" />
    <link:loc xlink:label="loc_NetIncomeLoss.8620.14.6" xlink:href="http://xbrl.fasb.org/us-gaap/2011/elts/us-gaap-2011-01-31.xsd#us-gaap_NetIncomeLoss" xlink:type="locator" />
    <link:calculationArc xlink:from="loc_NetIncomeLoss.8620.14.6" xlink:to="loc_IncomeLossFromContinuingOperationsBeforeIncomeTaxesDomestic.6881.14.6" order="1.00" weight="1.00" priority="0" use="optional" xlink:arcrole="http://www.xbrl.org/2003/arcrole/summation-item" xlink:type="arc" />
    <link:loc xlink:label="loc_IncomeTaxExpenseBenefit.12608.14.6" xlink:href="http://xbrl.fasb.org/us-gaap/2011/elts/us-gaap-2011-01-31.xsd#us-gaap_IncomeTaxExpenseBenefit" xlink:type="locator" />
    <link:calculationArc xlink:from="loc_NetIncomeLoss.8620.14.6" xlink:to="loc_IncomeTaxExpenseBenefit.12608.14.6" order="2.00" weight="-1.00" priority="0" use="optional" xlink:arcrole="http://www.xbrl.org/2003/arcrole/summation-item" xlink:type="arc" />
    <link:loc xlink:label="loc_OtherNonoperatingIncomeExpense.8975.14.6" xlink:href="http://xbrl.fasb.org/us-gaap/2011/elts/us-gaap-2011-01-31.xsd#us-gaap_OtherNonoperatingIncomeExpense" xlink:type="locator" />
    <link:calculationArc xlink:from="loc_NonoperatingIncomeExpense.8710.14.6" xlink:to="loc_OtherNonoperatingIncomeExpense.8975.14.6" order="1.00" weight="1.00" priority="0" use="optional" xlink:arcrole="http://www.xbrl.org/2003/arcrole/summation-item" xlink:type="arc" />
    <link:loc xlink:label="loc_GainLossOnSaleOfDerivatives.4945.14.6" xlink:href="http://xbrl.fasb.org/us-gaap/2011/elts/us-gaap-2011-01-31.xsd#us-gaap_GainLossOnSaleOfDerivatives" xlink:type="locator" />
    <link:calculationArc xlink:from="loc_NonoperatingIncomeExpense.8710.14.6" xlink:to="loc_GainLossOnSaleOfDerivatives.4945.14.6" order="3.00" weight="1.00" priority="0" use="optional" xlink:arcrole="http://www.xbrl.org/2003/arcrole/summation-item" xlink:type="arc" />
    <link:loc xlink:label="loc_DerivativeInstrumentsGainRecognizedInIncome.15661.14.6" xlink:href="http://xbrl.fasb.org/us-gaap/2011/elts/us-gaap-2011-01-31.xsd#us-gaap_DerivativeInstrumentsGainRecognizedInIncome" xlink:type="locator" />
    <link:calculationArc xlink:from="loc_NonoperatingIncomeExpense.8710.14.6" xlink:to="loc_DerivativeInstrumentsGainRecognizedInIncome.15661.14.6" order="4.00" weight="1.00" priority="0" use="optional" xlink:arcrole="http://www.xbrl.org/2003/arcrole/summation-item" xlink:type="arc" />
    <link:loc xlink:label="loc_InterestExpense.7776.14.6" xlink:href="http://xbrl.fasb.org/us-gaap/2011/elts/us-gaap-2011-01-31.xsd#us-gaap_InterestExpense" xlink:type="locator" />
    <link:calculationArc xlink:from="loc_NonoperatingIncomeExpense.8710.14.6" xlink:to="loc_InterestExpense.7776.14.6" order="5.00" weight="-1.00" priority="0" use="optional" xlink:arcrole="http://www.xbrl.org/2003/arcrole/summation-item" xlink:type="arc" />
    <link:loc xlink:label="loc_InterestExpenseRelatedParty.14696.14.6" xlink:href="http://xbrl.fasb.org/us-gaap/2011/elts/us-gaap-2011-01-31.xsd#us-gaap_InterestExpenseRelatedParty" xlink:type="locator" />
    <link:calculationArc xlink:from="loc_NonoperatingIncomeExpense.8710.14.6" xlink:to="loc_InterestExpenseRelatedParty.14696.14.6" order="6.00" weight="-1.00" priority="0" use="optional" xlink:arcrole="http://www.xbrl.org/2003/arcrole/summation-item" xlink:type="arc" />
    <link:loc xlink:label="loc_GainsLossesOnExtinguishmentOfDebt.7408.14.6" xlink:href="http://xbrl.fasb.org/us-gaap/2011/elts/us-gaap-2011-01-31.xsd#us-gaap_GainsLossesOnExtinguishmentOfDebt" xlink:type="locator" />
    <link:calculationArc xlink:from="loc_NonoperatingIncomeExpense.8710.14.6" xlink:to="loc_GainsLossesOnExtinguishmentOfDebt.7408.14.6" order="2.00" weight="1.00" priority="0" use="optional" xlink:arcrole="http://www.xbrl.org/2003/arcrole/summation-item" xlink:type="arc" />
    <link:loc xlink:label="loc_RegistrationRightsPenalty.43667.14.6" xlink:href="astv-20121221.xsd#astv_RegistrationRightsPenalty" xlink:type="locator" />
    <link:calculationArc xlink:from="loc_NonoperatingIncomeExpense.8710.14.6" xlink:to="loc_RegistrationRightsPenalty.43667.14.6" order="1.00" weight="1.00" priority="0" use="optional" xlink:arcrole="http://www.xbrl.org/2003/arcrole/summation-item" xlink:type="arc" />
    <link:loc xlink:label="loc_InterestIncomeExpenseNonoperatingNet.14695.14.6" xlink:href="http://xbrl.fasb.org/us-gaap/2011/elts/us-gaap-2011-01-31.xsd#us-gaap_InterestIncomeExpenseNonoperatingNet" xlink:type="locator" />
    <link:calculationArc xlink:from="loc_NonoperatingIncomeExpense.8710.14.6" xlink:to="loc_InterestIncomeExpenseNonoperatingNet.14695.14.6" order="1.00" weight="1.00" priority="0" use="optional" xlink:arcrole="http://www.xbrl.org/2003/arcrole/summation-item" xlink:type="arc" />
    <link:calculationArc xlink:from="loc_OperatingIncomeLoss.8862.14.6" xlink:to="loc_GrossProfit.7438.14.6" order="1.00" weight="1.00" priority="0" use="optional" xlink:arcrole="http://www.xbrl.org/2003/arcrole/summation-item" xlink:type="arc" />
    <link:loc xlink:label="loc_SellingAndMarketingExpense.10645.14.6" xlink:href="http://xbrl.fasb.org/us-gaap/2011/elts/us-gaap-2011-01-31.xsd#us-gaap_SellingAndMarketingExpense" xlink:type="locator" />
    <link:calculationArc xlink:from="loc_OperatingIncomeLoss.8862.14.6" xlink:to="loc_SellingAndMarketingExpense.10645.14.6" order="2.00" weight="-1.00" priority="0" use="optional" xlink:arcrole="http://www.xbrl.org/2003/arcrole/summation-item" xlink:type="arc" />
    <link:loc xlink:label="loc_GeneralAndAdministrativeExpense.7417.14.6" xlink:href="http://xbrl.fasb.org/us-gaap/2011/elts/us-gaap-2011-01-31.xsd#us-gaap_GeneralAndAdministrativeExpense" xlink:type="locator" />
    <link:calculationArc xlink:from="loc_OperatingIncomeLoss.8862.14.6" xlink:to="loc_GeneralAndAdministrativeExpense.7417.14.6" order="3.00" weight="-1.00" priority="0" use="optional" xlink:arcrole="http://www.xbrl.org/2003/arcrole/summation-item" xlink:type="arc" />
  </link:calculationLink>
  <link:calculationLink xlink:title="007 - Statement - CONSOLIDATED STATEMENTS OF CASH FLOWS" xlink:role="http://www.asseenontv.com/role/ConsolidatedStatementsOfCashFlows" xlink:type="extended">
    <link:loc xlink:label="loc_NetCashProvidedByUsedInFinancingActivities.8568.14.6" xlink:href="http://xbrl.fasb.org/us-gaap/2011/elts/us-gaap-2011-01-31.xsd#us-gaap_NetCashProvidedByUsedInFinancingActivities" xlink:type="locator" />
    <link:loc xlink:label="loc_ProceedsFromDerivativeInstrumentFinancingActivities.14809.14.6" xlink:href="http://xbrl.fasb.org/us-gaap/2011/elts/us-gaap-2011-01-31.xsd#us-gaap_ProceedsFromDerivativeInstrumentFinancingActivities" xlink:type="locator" />
    <link:calculationArc xlink:from="loc_NetCashProvidedByUsedInFinancingActivities.8568.14.6" xlink:to="loc_ProceedsFromDerivativeInstrumentFinancingActivities.14809.14.6" order="1.00" weight="1.00" priority="0" use="optional" xlink:arcrole="http://www.xbrl.org/2003/arcrole/summation-item" xlink:type="arc" />
    <link:loc xlink:label="loc_ProceedsFromNotesPayable.9553.14.6" xlink:href="http://xbrl.fasb.org/us-gaap/2011/elts/us-gaap-2011-01-31.xsd#us-gaap_ProceedsFromNotesPayable" xlink:type="locator" />
    <link:calculationArc xlink:from="loc_NetCashProvidedByUsedInFinancingActivities.8568.14.6" xlink:to="loc_ProceedsFromNotesPayable.9553.14.6" order="3.00" weight="1.00" priority="0" use="optional" xlink:arcrole="http://www.xbrl.org/2003/arcrole/summation-item" xlink:type="arc" />
    <link:loc xlink:label="loc_ProceedsFromConvertibleDebt.9511.14.6" xlink:href="http://xbrl.fasb.org/us-gaap/2011/elts/us-gaap-2011-01-31.xsd#us-gaap_ProceedsFromConvertibleDebt" xlink:type="locator" />
    <link:calculationArc xlink:from="loc_NetCashProvidedByUsedInFinancingActivities.8568.14.6" xlink:to="loc_ProceedsFromConvertibleDebt.9511.14.6" order="4.00" weight="1.00" priority="0" use="optional" xlink:arcrole="http://www.xbrl.org/2003/arcrole/summation-item" xlink:type="arc" />
    <link:loc xlink:label="loc_PaymentOfFinancingAndStockIssuanceCosts.13211.14.6" xlink:href="http://xbrl.fasb.org/us-gaap/2011/elts/us-gaap-2011-01-31.xsd#us-gaap_PaymentOfFinancingAndStockIssuanceCosts" xlink:type="locator" />
    <link:calculationArc xlink:from="loc_NetCashProvidedByUsedInFinancingActivities.8568.14.6" xlink:to="loc_PaymentOfFinancingAndStockIssuanceCosts.13211.14.6" order="5.00" weight="-1.00" priority="0" use="optional" xlink:arcrole="http://www.xbrl.org/2003/arcrole/summation-item" xlink:type="arc" />
    <link:loc xlink:label="loc_RepaymentsOfNotesPayable.10022.14.6" xlink:href="http://xbrl.fasb.org/us-gaap/2011/elts/us-gaap-2011-01-31.xsd#us-gaap_RepaymentsOfNotesPayable" xlink:type="locator" />
    <link:calculationArc xlink:from="loc_NetCashProvidedByUsedInFinancingActivities.8568.14.6" xlink:to="loc_RepaymentsOfNotesPayable.10022.14.6" order="6.00" weight="-1.00" priority="0" use="optional" xlink:arcrole="http://www.xbrl.org/2003/arcrole/summation-item" xlink:type="arc" />
    <link:loc xlink:label="loc_DeferredFinanceCostsOwnshareLendingArrangementIssuanceCostsAdjustment.14244.14.6" xlink:href="http://xbrl.fasb.org/us-gaap/2011/elts/us-gaap-2011-01-31.xsd#us-gaap_DeferredFinanceCostsOwnshareLendingArrangementIssuanceCostsAdjustment" xlink:type="locator" />
    <link:calculationArc xlink:from="loc_NetCashProvidedByUsedInFinancingActivities.8568.14.6" xlink:to="loc_DeferredFinanceCostsOwnshareLendingArrangementIssuanceCostsAdjustment.14244.14.6" order="7.00" weight="-1.00" priority="0" use="optional" xlink:arcrole="http://www.xbrl.org/2003/arcrole/summation-item" xlink:type="arc" />
    <link:loc xlink:label="loc_DeferredCostsOfOffering.49708.14.6" xlink:href="astv-20121221.xsd#astv_DeferredCostsOfOffering" xlink:type="locator" />
    <link:calculationArc xlink:from="loc_NetCashProvidedByUsedInFinancingActivities.8568.14.6" xlink:to="loc_DeferredCostsOfOffering.49708.14.6" order="2.00" weight="1.00" priority="0" use="optional" xlink:arcrole="http://www.xbrl.org/2003/arcrole/summation-item" xlink:type="arc" />
    <link:loc xlink:label="loc_IncreaseDecreaseInNotesPayableRelatedParties.5747.14.6" xlink:href="http://xbrl.fasb.org/us-gaap/2011/elts/us-gaap-2011-01-31.xsd#us-gaap_IncreaseDecreaseInNotesPayableRelatedParties" xlink:type="locator" />
    <link:calculationArc xlink:from="loc_NetCashProvidedByUsedInFinancingActivities.8568.14.6" xlink:to="loc_IncreaseDecreaseInNotesPayableRelatedParties.5747.14.6" order="1.00" weight="1.00" priority="0" use="optional" xlink:arcrole="http://www.xbrl.org/2003/arcrole/summation-item" xlink:type="arc" />
    <link:loc xlink:label="loc_NetCashProvidedByUsedInInvestingActivities.8569.14.6" xlink:href="http://xbrl.fasb.org/us-gaap/2011/elts/us-gaap-2011-01-31.xsd#us-gaap_NetCashProvidedByUsedInInvestingActivities" xlink:type="locator" />
    <link:loc xlink:label="loc_PaymentsToAcquireRestrictedCertificatesOfDeposit.9794.14.6" xlink:href="http://xbrl.fasb.org/us-gaap/2011/elts/us-gaap-2011-01-31.xsd#us-gaap_PaymentsToAcquireRestrictedCertificatesOfDeposit" xlink:type="locator" />
    <link:calculationArc xlink:from="loc_NetCashProvidedByUsedInInvestingActivities.8569.14.6" xlink:to="loc_PaymentsToAcquireRestrictedCertificatesOfDeposit.9794.14.6" order="4.00" weight="-1.00" priority="0" use="optional" xlink:arcrole="http://www.xbrl.org/2003/arcrole/summation-item" xlink:type="arc" />
    <link:loc xlink:label="loc_PaymentsToAcquirePropertyPlantAndEquipment.9790.14.6" xlink:href="http://xbrl.fasb.org/us-gaap/2011/elts/us-gaap-2011-01-31.xsd#us-gaap_PaymentsToAcquirePropertyPlantAndEquipment" xlink:type="locator" />
    <link:calculationArc xlink:from="loc_NetCashProvidedByUsedInInvestingActivities.8569.14.6" xlink:to="loc_PaymentsToAcquirePropertyPlantAndEquipment.9790.14.6" order="5.00" weight="-1.00" priority="0" use="optional" xlink:arcrole="http://www.xbrl.org/2003/arcrole/summation-item" xlink:type="arc" />
    <link:loc xlink:label="loc_PaymentsToAcquireIntangibleAssets.9757.14.6" xlink:href="http://xbrl.fasb.org/us-gaap/2011/elts/us-gaap-2011-01-31.xsd#us-gaap_PaymentsToAcquireIntangibleAssets" xlink:type="locator" />
    <link:calculationArc xlink:from="loc_NetCashProvidedByUsedInInvestingActivities.8569.14.6" xlink:to="loc_PaymentsToAcquireIntangibleAssets.9757.14.6" order="3.00" weight="-1.00" priority="0" use="optional" xlink:arcrole="http://www.xbrl.org/2003/arcrole/summation-item" xlink:type="arc" />
    <link:loc xlink:label="loc_PaymentsToAcquireReceivables.9792.14.6" xlink:href="http://xbrl.fasb.org/us-gaap/2011/elts/us-gaap-2011-01-31.xsd#us-gaap_PaymentsToAcquireReceivables" xlink:type="locator" />
    <link:calculationArc xlink:from="loc_NetCashProvidedByUsedInInvestingActivities.8569.14.6" xlink:to="loc_PaymentsToAcquireReceivables.9792.14.6" order="2.00" weight="-1.00" priority="0" use="optional" xlink:arcrole="http://www.xbrl.org/2003/arcrole/summation-item" xlink:type="arc" />
    <link:loc xlink:label="loc_InvestmentIncomeNet.7960.14.6" xlink:href="http://xbrl.fasb.org/us-gaap/2011/elts/us-gaap-2011-01-31.xsd#us-gaap_InvestmentIncomeNet" xlink:type="locator" />
    <link:calculationArc xlink:from="loc_NetCashProvidedByUsedInInvestingActivities.8569.14.6" xlink:to="loc_InvestmentIncomeNet.7960.14.6" order="1.00" weight="-1.00" priority="0" use="optional" xlink:arcrole="http://www.xbrl.org/2003/arcrole/summation-item" xlink:type="arc" />
    <link:loc xlink:label="loc_NoncashOrPartNoncashAcquisitionOtherAssetsAcquired1.15246.14.6" xlink:href="http://xbrl.fasb.org/us-gaap/2011/elts/us-gaap-2011-01-31.xsd#us-gaap_NoncashOrPartNoncashAcquisitionOtherAssetsAcquired1" xlink:type="locator" />
    <link:calculationArc xlink:from="loc_NetCashProvidedByUsedInInvestingActivities.8569.14.6" xlink:to="loc_NoncashOrPartNoncashAcquisitionOtherAssetsAcquired1.15246.14.6" order="1.00" weight="1.00" priority="0" use="optional" xlink:arcrole="http://www.xbrl.org/2003/arcrole/summation-item" xlink:type="arc" />
    <link:loc xlink:label="loc_NoncashOrPartNoncashAcquisitionNetNonmonetaryAssetsAcquiredLiabilitiesAssumed1.15242.14.6" xlink:href="http://xbrl.fasb.org/us-gaap/2011/elts/us-gaap-2011-01-31.xsd#us-gaap_NoncashOrPartNoncashAcquisitionNetNonmonetaryAssetsAcquiredLiabilitiesAssumed1" xlink:type="locator" />
    <link:calculationArc xlink:from="loc_NetCashProvidedByUsedInInvestingActivities.8569.14.6" xlink:to="loc_NoncashOrPartNoncashAcquisitionNetNonmonetaryAssetsAcquiredLiabilitiesAssumed1.15242.14.6" order="1.00" weight="1.00" priority="0" use="optional" xlink:arcrole="http://www.xbrl.org/2003/arcrole/summation-item" xlink:type="arc" />
    <link:loc xlink:label="loc_NetCashProvidedByUsedInOperatingActivities.8570.14.6" xlink:href="http://xbrl.fasb.org/us-gaap/2011/elts/us-gaap-2011-01-31.xsd#us-gaap_NetCashProvidedByUsedInOperatingActivities" xlink:type="locator" />
    <link:loc xlink:label="loc_IncreaseDecreaseInAccruedLiabilitiesAndOtherOperatingLiabilities.14467.14.6" xlink:href="http://xbrl.fasb.org/us-gaap/2011/elts/us-gaap-2011-01-31.xsd#us-gaap_IncreaseDecreaseInAccruedLiabilitiesAndOtherOperatingLiabilities" xlink:type="locator" />
    <link:calculationArc xlink:from="loc_NetCashProvidedByUsedInOperatingActivities.8570.14.6" xlink:to="loc_IncreaseDecreaseInAccruedLiabilitiesAndOtherOperatingLiabilities.14467.14.6" order="3.00" weight="1.00" priority="0" use="optional" xlink:arcrole="http://www.xbrl.org/2003/arcrole/summation-item" xlink:type="arc" />
    <link:loc xlink:label="loc_IncreaseDecreaseInDeferredRevenue.12234.14.6" xlink:href="http://xbrl.fasb.org/us-gaap/2011/elts/us-gaap-2011-01-31.xsd#us-gaap_IncreaseDecreaseInDeferredRevenue" xlink:type="locator" />
    <link:calculationArc xlink:from="loc_NetCashProvidedByUsedInOperatingActivities.8570.14.6" xlink:to="loc_IncreaseDecreaseInDeferredRevenue.12234.14.6" order="4.00" weight="1.00" priority="0" use="optional" xlink:arcrole="http://www.xbrl.org/2003/arcrole/summation-item" xlink:type="arc" />
    <link:loc xlink:label="loc_IncreaseDecreaseInAccountsPayable.5726.14.6" xlink:href="http://xbrl.fasb.org/us-gaap/2011/elts/us-gaap-2011-01-31.xsd#us-gaap_IncreaseDecreaseInAccountsPayable" xlink:type="locator" />
    <link:calculationArc xlink:from="loc_NetCashProvidedByUsedInOperatingActivities.8570.14.6" xlink:to="loc_IncreaseDecreaseInAccountsPayable.5726.14.6" order="5.00" weight="1.00" priority="0" use="optional" xlink:arcrole="http://www.xbrl.org/2003/arcrole/summation-item" xlink:type="arc" />
    <link:loc xlink:label="loc_IncreaseDecreaseInPrepaidDeferredExpenseAndOtherAssets.5699.14.6" xlink:href="http://xbrl.fasb.org/us-gaap/2011/elts/us-gaap-2011-01-31.xsd#us-gaap_IncreaseDecreaseInPrepaidDeferredExpenseAndOtherAssets" xlink:type="locator" />
    <link:calculationArc xlink:from="loc_NetCashProvidedByUsedInOperatingActivities.8570.14.6" xlink:to="loc_IncreaseDecreaseInPrepaidDeferredExpenseAndOtherAssets.5699.14.6" order="6.00" weight="-1.00" priority="0" use="optional" xlink:arcrole="http://www.xbrl.org/2003/arcrole/summation-item" xlink:type="arc" />
    <link:loc xlink:label="loc_IncreaseDecreaseInInventories.5675.14.6" xlink:href="http://xbrl.fasb.org/us-gaap/2011/elts/us-gaap-2011-01-31.xsd#us-gaap_IncreaseDecreaseInInventories" xlink:type="locator" />
    <link:calculationArc xlink:from="loc_NetCashProvidedByUsedInOperatingActivities.8570.14.6" xlink:to="loc_IncreaseDecreaseInInventories.5675.14.6" order="7.00" weight="-1.00" priority="0" use="optional" xlink:arcrole="http://www.xbrl.org/2003/arcrole/summation-item" xlink:type="arc" />
    <link:loc xlink:label="loc_IncreaseDecreaseInDepositOtherAssets.5655.14.6" xlink:href="http://xbrl.fasb.org/us-gaap/2011/elts/us-gaap-2011-01-31.xsd#us-gaap_IncreaseDecreaseInDepositOtherAssets" xlink:type="locator" />
    <link:calculationArc xlink:from="loc_NetCashProvidedByUsedInOperatingActivities.8570.14.6" xlink:to="loc_IncreaseDecreaseInDepositOtherAssets.5655.14.6" order="8.00" weight="-1.00" priority="0" use="optional" xlink:arcrole="http://www.xbrl.org/2003/arcrole/summation-item" xlink:type="arc" />
    <link:loc xlink:label="loc_IncreaseDecreaseInAccountsReceivable.5634.14.6" xlink:href="http://xbrl.fasb.org/us-gaap/2011/elts/us-gaap-2011-01-31.xsd#us-gaap_IncreaseDecreaseInAccountsReceivable" xlink:type="locator" />
    <link:calculationArc xlink:from="loc_NetCashProvidedByUsedInOperatingActivities.8570.14.6" xlink:to="loc_IncreaseDecreaseInAccountsReceivable.5634.14.6" order="9.00" weight="-1.00" priority="0" use="optional" xlink:arcrole="http://www.xbrl.org/2003/arcrole/summation-item" xlink:type="arc" />
    <link:loc xlink:label="loc_DerivativeGainLossOnDerivativeNet.6490.14.6" xlink:href="http://xbrl.fasb.org/us-gaap/2011/elts/us-gaap-2011-01-31.xsd#us-gaap_DerivativeGainLossOnDerivativeNet" xlink:type="locator" />
    <link:calculationArc xlink:from="loc_NetCashProvidedByUsedInOperatingActivities.8570.14.6" xlink:to="loc_DerivativeGainLossOnDerivativeNet.6490.14.6" order="10.00" weight="-1.00" priority="0" use="optional" xlink:arcrole="http://www.xbrl.org/2003/arcrole/summation-item" xlink:type="arc" />
    <link:loc xlink:label="loc_FairValueOptionChangesInFairValueGainLoss.12032.14.6" xlink:href="http://xbrl.fasb.org/us-gaap/2011/elts/us-gaap-2011-01-31.xsd#us-gaap_FairValueOptionChangesInFairValueGainLoss" xlink:type="locator" />
    <link:calculationArc xlink:from="loc_NetCashProvidedByUsedInOperatingActivities.8570.14.6" xlink:to="loc_FairValueOptionChangesInFairValueGainLoss.12032.14.6" order="11.00" weight="-1.00" priority="0" use="optional" xlink:arcrole="http://www.xbrl.org/2003/arcrole/summation-item" xlink:type="arc" />
    <link:loc xlink:label="loc_IssuanceOfStockAndWarrantsForServicesOrClaims.4951.14.6" xlink:href="http://xbrl.fasb.org/us-gaap/2011/elts/us-gaap-2011-01-31.xsd#us-gaap_IssuanceOfStockAndWarrantsForServicesOrClaims" xlink:type="locator" />
    <link:calculationArc xlink:from="loc_NetCashProvidedByUsedInOperatingActivities.8570.14.6" xlink:to="loc_IssuanceOfStockAndWarrantsForServicesOrClaims.4951.14.6" order="12.00" weight="1.00" priority="0" use="optional" xlink:arcrole="http://www.xbrl.org/2003/arcrole/summation-item" xlink:type="arc" />
    <link:loc xlink:label="loc_AccretionExpense.4829.14.6" xlink:href="http://xbrl.fasb.org/us-gaap/2011/elts/us-gaap-2011-01-31.xsd#us-gaap_AccretionExpense" xlink:type="locator" />
    <link:calculationArc xlink:from="loc_NetCashProvidedByUsedInOperatingActivities.8570.14.6" xlink:to="loc_AccretionExpense.4829.14.6" order="13.00" weight="1.00" priority="0" use="optional" xlink:arcrole="http://www.xbrl.org/2003/arcrole/summation-item" xlink:type="arc" />
    <link:loc xlink:label="loc_ShareBasedCompensation.6966.14.6" xlink:href="http://xbrl.fasb.org/us-gaap/2011/elts/us-gaap-2011-01-31.xsd#us-gaap_ShareBasedCompensation" xlink:type="locator" />
    <link:calculationArc xlink:from="loc_NetCashProvidedByUsedInOperatingActivities.8570.14.6" xlink:to="loc_ShareBasedCompensation.6966.14.6" order="14.00" weight="1.00" priority="0" use="optional" xlink:arcrole="http://www.xbrl.org/2003/arcrole/summation-item" xlink:type="arc" />
    <link:loc xlink:label="loc_AdjustmentOfWarrantsGrantedForServices.4975.14.6" xlink:href="http://xbrl.fasb.org/us-gaap/2011/elts/us-gaap-2011-01-31.xsd#us-gaap_AdjustmentOfWarrantsGrantedForServices" xlink:type="locator" />
    <link:calculationArc xlink:from="loc_NetCashProvidedByUsedInOperatingActivities.8570.14.6" xlink:to="loc_AdjustmentOfWarrantsGrantedForServices.4975.14.6" order="15.00" weight="1.00" priority="0" use="optional" xlink:arcrole="http://www.xbrl.org/2003/arcrole/summation-item" xlink:type="arc" />
    <link:loc xlink:label="loc_AmortizationOfFinancingCosts.5038.14.6" xlink:href="http://xbrl.fasb.org/us-gaap/2011/elts/us-gaap-2011-01-31.xsd#us-gaap_AmortizationOfFinancingCosts" xlink:type="locator" />
    <link:calculationArc xlink:from="loc_NetCashProvidedByUsedInOperatingActivities.8570.14.6" xlink:to="loc_AmortizationOfFinancingCosts.5038.14.6" order="16.00" weight="1.00" priority="0" use="optional" xlink:arcrole="http://www.xbrl.org/2003/arcrole/summation-item" xlink:type="arc" />
    <link:loc xlink:label="loc_AmortizationOfDebtDiscountPremium.5284.14.6" xlink:href="http://xbrl.fasb.org/us-gaap/2011/elts/us-gaap-2011-01-31.xsd#us-gaap_AmortizationOfDebtDiscountPremium" xlink:type="locator" />
    <link:calculationArc xlink:from="loc_NetCashProvidedByUsedInOperatingActivities.8570.14.6" xlink:to="loc_AmortizationOfDebtDiscountPremium.5284.14.6" order="17.00" weight="1.00" priority="0" use="optional" xlink:arcrole="http://www.xbrl.org/2003/arcrole/summation-item" xlink:type="arc" />
    <link:loc xlink:label="loc_DepreciationAmortizationAndAccretionNet.6446.14.6" xlink:href="http://xbrl.fasb.org/us-gaap/2011/elts/us-gaap-2011-01-31.xsd#us-gaap_DepreciationAmortizationAndAccretionNet" xlink:type="locator" />
    <link:calculationArc xlink:from="loc_NetCashProvidedByUsedInOperatingActivities.8570.14.6" xlink:to="loc_DepreciationAmortizationAndAccretionNet.6446.14.6" order="18.00" weight="1.00" priority="0" use="optional" xlink:arcrole="http://www.xbrl.org/2003/arcrole/summation-item" xlink:type="arc" />
    <link:loc xlink:label="loc_NetIncomeLoss.8620.14.6" xlink:href="http://xbrl.fasb.org/us-gaap/2011/elts/us-gaap-2011-01-31.xsd#us-gaap_NetIncomeLoss" xlink:type="locator" />
    <link:calculationArc xlink:from="loc_NetCashProvidedByUsedInOperatingActivities.8570.14.6" xlink:to="loc_NetIncomeLoss.8620.14.6" order="19.00" weight="1.00" priority="0" use="optional" xlink:arcrole="http://www.xbrl.org/2003/arcrole/summation-item" xlink:type="arc" />
    <link:loc xlink:label="loc_IncreaseDecreaseInOtherNoncurrentAssets.15347.14.6" xlink:href="http://xbrl.fasb.org/us-gaap/2011/elts/us-gaap-2011-01-31.xsd#us-gaap_IncreaseDecreaseInOtherNoncurrentAssets" xlink:type="locator" />
    <link:calculationArc xlink:from="loc_NetCashProvidedByUsedInOperatingActivities.8570.14.6" xlink:to="loc_IncreaseDecreaseInOtherNoncurrentAssets.15347.14.6" order="2.00" weight="-1.00" priority="0" use="optional" xlink:arcrole="http://www.xbrl.org/2003/arcrole/summation-item" xlink:type="arc" />
    <link:loc xlink:label="loc_GainsLossesOnExtinguishmentOfDebt.7408.14.6" xlink:href="http://xbrl.fasb.org/us-gaap/2011/elts/us-gaap-2011-01-31.xsd#us-gaap_GainsLossesOnExtinguishmentOfDebt" xlink:type="locator" />
    <link:calculationArc xlink:from="loc_NetCashProvidedByUsedInOperatingActivities.8570.14.6" xlink:to="loc_GainsLossesOnExtinguishmentOfDebt.7408.14.6" order="1.00" weight="-1.00" priority="0" use="optional" xlink:arcrole="http://www.xbrl.org/2003/arcrole/summation-item" xlink:type="arc" />
    <link:loc xlink:label="loc_InterestAndDividendIncomeOperating.8831.14.6" xlink:href="http://xbrl.fasb.org/us-gaap/2011/elts/us-gaap-2011-01-31.xsd#us-gaap_InterestAndDividendIncomeOperating" xlink:type="locator" />
    <link:calculationArc xlink:from="loc_NetCashProvidedByUsedInOperatingActivities.8570.14.6" xlink:to="loc_InterestAndDividendIncomeOperating.8831.14.6" order="1.00" weight="-1.00" priority="0" use="optional" xlink:arcrole="http://www.xbrl.org/2003/arcrole/summation-item" xlink:type="arc" />
    <link:loc xlink:label="loc_AccruedRegistrationPenalty.50503.14.6" xlink:href="astv-20121221.xsd#astv_AccruedRegistrationPenalty" xlink:type="locator" />
    <link:calculationArc xlink:from="loc_NetCashProvidedByUsedInOperatingActivities.8570.14.6" xlink:to="loc_AccruedRegistrationPenalty.50503.14.6" order="1.00" weight="1.00" priority="0" use="optional" xlink:arcrole="http://www.xbrl.org/2003/arcrole/summation-item" xlink:type="arc" />
    <link:loc xlink:label="loc_IncreaseDecreaseInAccruedInterestReceivableNet.5674.14.6" xlink:href="http://xbrl.fasb.org/us-gaap/2011/elts/us-gaap-2011-01-31.xsd#us-gaap_IncreaseDecreaseInAccruedInterestReceivableNet" xlink:type="locator" />
    <link:calculationArc xlink:from="loc_NetCashProvidedByUsedInOperatingActivities.8570.14.6" xlink:to="loc_IncreaseDecreaseInAccruedInterestReceivableNet.5674.14.6" order="1.00" weight="-1.00" priority="0" use="optional" xlink:arcrole="http://www.xbrl.org/2003/arcrole/summation-item" xlink:type="arc" />
    <link:loc xlink:label="loc_ImpairmentOfInvestments.7501.14.6" xlink:href="http://xbrl.fasb.org/us-gaap/2011/elts/us-gaap-2011-01-31.xsd#us-gaap_ImpairmentOfInvestments" xlink:type="locator" />
    <link:calculationArc xlink:from="loc_NetCashProvidedByUsedInOperatingActivities.8570.14.6" xlink:to="loc_ImpairmentOfInvestments.7501.14.6" order="1.00" weight="1.00" priority="0" use="optional" xlink:arcrole="http://www.xbrl.org/2003/arcrole/summation-item" xlink:type="arc" />
    <link:loc xlink:label="loc_InventoryWriteDown.5992.14.6" xlink:href="http://xbrl.fasb.org/us-gaap/2011/elts/us-gaap-2011-01-31.xsd#us-gaap_InventoryWriteDown" xlink:type="locator" />
    <link:calculationArc xlink:from="loc_NetCashProvidedByUsedInOperatingActivities.8570.14.6" xlink:to="loc_InventoryWriteDown.5992.14.6" order="1.00" weight="1.00" priority="0" use="optional" xlink:arcrole="http://www.xbrl.org/2003/arcrole/summation-item" xlink:type="arc" />
    <link:loc xlink:label="loc_CashAndCashEquivalentsPeriodIncreaseDecrease.8623.14.6" xlink:href="http://xbrl.fasb.org/us-gaap/2011/elts/us-gaap-2011-01-31.xsd#us-gaap_CashAndCashEquivalentsPeriodIncreaseDecrease" xlink:type="locator" />
    <link:calculationArc xlink:from="loc_CashAndCashEquivalentsPeriodIncreaseDecrease.8623.14.6" xlink:to="loc_NetCashProvidedByUsedInFinancingActivities.8568.14.6" order="1.00" weight="1.00" priority="0" use="optional" xlink:arcrole="http://www.xbrl.org/2003/arcrole/summation-item" xlink:type="arc" />
    <link:calculationArc xlink:from="loc_CashAndCashEquivalentsPeriodIncreaseDecrease.8623.14.6" xlink:to="loc_NetCashProvidedByUsedInInvestingActivities.8569.14.6" order="2.00" weight="1.00" priority="0" use="optional" xlink:arcrole="http://www.xbrl.org/2003/arcrole/summation-item" xlink:type="arc" />
    <link:calculationArc xlink:from="loc_CashAndCashEquivalentsPeriodIncreaseDecrease.8623.14.6" xlink:to="loc_NetCashProvidedByUsedInOperatingActivities.8570.14.6" order="3.00" weight="1.00" priority="0" use="optional" xlink:arcrole="http://www.xbrl.org/2003/arcrole/summation-item" xlink:type="arc" />
  </link:calculationLink>
  <link:calculationLink xlink:title="40701 - Disclosure - Accrued expenses and other current liabilities (Details)" xlink:role="http://www.asseenontv.com/role/AccruedExpensesAndOtherCurrentLiabilitiesDetails" xlink:type="extended">
    <link:loc xlink:label="loc_AccruedLiabilitiesCurrent.13904.14.6" xlink:href="http://xbrl.fasb.org/us-gaap/2011/elts/us-gaap-2011-01-31.xsd#us-gaap_AccruedLiabilitiesCurrent" xlink:type="locator" />
    <link:loc xlink:label="loc_EmployeeRelatedLiabilitiesCurrent.13920.14.6" xlink:href="http://xbrl.fasb.org/us-gaap/2011/elts/us-gaap-2011-01-31.xsd#us-gaap_EmployeeRelatedLiabilitiesCurrent" xlink:type="locator" />
    <link:calculationArc xlink:from="loc_AccruedLiabilitiesCurrent.13904.14.6" xlink:to="loc_EmployeeRelatedLiabilitiesCurrent.13920.14.6" order="1.00" weight="1.00" priority="0" use="optional" xlink:arcrole="http://www.xbrl.org/2003/arcrole/summation-item" xlink:type="arc" />
    <link:loc xlink:label="loc_ProductWarrantyAccrualClassifiedCurrent.13930.14.6" xlink:href="http://xbrl.fasb.org/us-gaap/2011/elts/us-gaap-2011-01-31.xsd#us-gaap_ProductWarrantyAccrualClassifiedCurrent" xlink:type="locator" />
    <link:calculationArc xlink:from="loc_AccruedLiabilitiesCurrent.13904.14.6" xlink:to="loc_ProductWarrantyAccrualClassifiedCurrent.13930.14.6" order="2.00" weight="1.00" priority="0" use="optional" xlink:arcrole="http://www.xbrl.org/2003/arcrole/summation-item" xlink:type="arc" />
    <link:loc xlink:label="loc_CustomerRefundLiabilityCurrent.15142.14.6" xlink:href="http://xbrl.fasb.org/us-gaap/2011/elts/us-gaap-2011-01-31.xsd#us-gaap_CustomerRefundLiabilityCurrent" xlink:type="locator" />
    <link:calculationArc xlink:from="loc_AccruedLiabilitiesCurrent.13904.14.6" xlink:to="loc_CustomerRefundLiabilityCurrent.15142.14.6" order="3.00" weight="1.00" priority="0" use="optional" xlink:arcrole="http://www.xbrl.org/2003/arcrole/summation-item" xlink:type="arc" />
    <link:loc xlink:label="loc_AccruedProfessionalFeesCurrent.13906.14.6" xlink:href="http://xbrl.fasb.org/us-gaap/2011/elts/us-gaap-2011-01-31.xsd#us-gaap_AccruedProfessionalFeesCurrent" xlink:type="locator" />
    <link:calculationArc xlink:from="loc_AccruedLiabilitiesCurrent.13904.14.6" xlink:to="loc_AccruedProfessionalFeesCurrent.13906.14.6" order="4.00" weight="1.00" priority="0" use="optional" xlink:arcrole="http://www.xbrl.org/2003/arcrole/summation-item" xlink:type="arc" />
    <link:loc xlink:label="loc_AccruedRentCurrent.13907.14.6" xlink:href="http://xbrl.fasb.org/us-gaap/2011/elts/us-gaap-2011-01-31.xsd#us-gaap_AccruedRentCurrent" xlink:type="locator" />
    <link:calculationArc xlink:from="loc_AccruedLiabilitiesCurrent.13904.14.6" xlink:to="loc_AccruedRentCurrent.13907.14.6" order="5.00" weight="1.00" priority="0" use="optional" xlink:arcrole="http://www.xbrl.org/2003/arcrole/summation-item" xlink:type="arc" />
    <link:loc xlink:label="loc_OtherAccruedLiabilitiesCurrent.13928.14.6" xlink:href="http://xbrl.fasb.org/us-gaap/2011/elts/us-gaap-2011-01-31.xsd#us-gaap_OtherAccruedLiabilitiesCurrent" xlink:type="locator" />
    <link:calculationArc xlink:from="loc_AccruedLiabilitiesCurrent.13904.14.6" xlink:to="loc_OtherAccruedLiabilitiesCurrent.13928.14.6" order="6.00" weight="1.00" priority="0" use="optional" xlink:arcrole="http://www.xbrl.org/2003/arcrole/summation-item" xlink:type="arc" />
  </link:calculationLink>
  <link:calculationLink xlink:title="40401 - Disclosure - Summary of Significant Accounting Policies (Details)" xlink:role="http://www.asseenontv.com/role/SummaryOfSignificantAccountingPoliciesDetails" xlink:type="extended">
    <link:loc xlink:label="loc_PropertyPlantAndEquipmentNet.9645.14.6" xlink:href="http://xbrl.fasb.org/us-gaap/2011/elts/us-gaap-2011-01-31.xsd#us-gaap_PropertyPlantAndEquipmentNet" xlink:type="locator" />
    <link:loc xlink:label="loc_PropertyPlantAndEquipmentGross.9642.14.6" xlink:href="http://xbrl.fasb.org/us-gaap/2011/elts/us-gaap-2011-01-31.xsd#us-gaap_PropertyPlantAndEquipmentGross" xlink:type="locator" />
    <link:calculationArc xlink:from="loc_PropertyPlantAndEquipmentNet.9645.14.6" xlink:to="loc_PropertyPlantAndEquipmentGross.9642.14.6" order="1.00" weight="1.00" priority="0" use="optional" xlink:arcrole="http://www.xbrl.org/2003/arcrole/summation-item" xlink:type="arc" />
    <link:loc xlink:label="loc_AccumulatedDepreciationDepletionAndAmortizationPropertyPlantAndEquipment.4878.14.6" xlink:href="http://xbrl.fasb.org/us-gaap/2011/elts/us-gaap-2011-01-31.xsd#us-gaap_AccumulatedDepreciationDepletionAndAmortizationPropertyPlantAndEquipment" xlink:type="locator" />
    <link:calculationArc xlink:from="loc_PropertyPlantAndEquipmentNet.9645.14.6" xlink:to="loc_AccumulatedDepreciationDepletionAndAmortizationPropertyPlantAndEquipment.4878.14.6" order="2.00" weight="-1.00" priority="0" use="optional" xlink:arcrole="http://www.xbrl.org/2003/arcrole/summation-item" xlink:type="arc" />
  </link:calculationLink>
  <link:calculationLink xlink:title="40601 - Disclosure - Prepaid expenses and other current assets (Details)" xlink:role="http://www.asseenontv.com/role/PrepaidExpensesAndOtherCurrentAssetsDetails" xlink:type="extended">
    <link:loc xlink:label="loc_PrepaidExpenseAndOtherAssetsCurrent.14103.14.6" xlink:href="http://xbrl.fasb.org/us-gaap/2011/elts/us-gaap-2011-01-31.xsd#us-gaap_PrepaidExpenseAndOtherAssetsCurrent" xlink:type="locator" />
    <link:loc xlink:label="loc_PrepaidProductionCosts.44186.14.6" xlink:href="astv-20121221.xsd#astv_PrepaidProductionCosts" xlink:type="locator" />
    <link:calculationArc xlink:from="loc_PrepaidExpenseAndOtherAssetsCurrent.14103.14.6" xlink:to="loc_PrepaidProductionCosts.44186.14.6" order="1.00" weight="1.00" priority="0" use="optional" xlink:arcrole="http://www.xbrl.org/2003/arcrole/summation-item" xlink:type="arc" />
    <link:loc xlink:label="loc_PrepaidShippingAndFreight.44187.14.6" xlink:href="astv-20121221.xsd#astv_PrepaidShippingAndFreight" xlink:type="locator" />
    <link:calculationArc xlink:from="loc_PrepaidExpenseAndOtherAssetsCurrent.14103.14.6" xlink:to="loc_PrepaidShippingAndFreight.44187.14.6" order="4.00" weight="1.00" priority="0" use="optional" xlink:arcrole="http://www.xbrl.org/2003/arcrole/summation-item" xlink:type="arc" />
    <link:loc xlink:label="loc_PrepaidLicenseFees.44188.14.6" xlink:href="astv-20121221.xsd#astv_PrepaidLicenseFees" xlink:type="locator" />
    <link:calculationArc xlink:from="loc_PrepaidExpenseAndOtherAssetsCurrent.14103.14.6" xlink:to="loc_PrepaidLicenseFees.44188.14.6" order="5.00" weight="1.00" priority="0" use="optional" xlink:arcrole="http://www.xbrl.org/2003/arcrole/summation-item" xlink:type="arc" />
    <link:loc xlink:label="loc_PrepaidInsurance.9439.14.6" xlink:href="http://xbrl.fasb.org/us-gaap/2011/elts/us-gaap-2011-01-31.xsd#us-gaap_PrepaidInsurance" xlink:type="locator" />
    <link:calculationArc xlink:from="loc_PrepaidExpenseAndOtherAssetsCurrent.14103.14.6" xlink:to="loc_PrepaidInsurance.9439.14.6" order="6.00" weight="1.00" priority="0" use="optional" xlink:arcrole="http://www.xbrl.org/2003/arcrole/summation-item" xlink:type="arc" />
    <link:loc xlink:label="loc_OtherPrepaidExpenseCurrent.8995.14.6" xlink:href="http://xbrl.fasb.org/us-gaap/2011/elts/us-gaap-2011-01-31.xsd#us-gaap_OtherPrepaidExpenseCurrent" xlink:type="locator" />
    <link:calculationArc xlink:from="loc_PrepaidExpenseAndOtherAssetsCurrent.14103.14.6" xlink:to="loc_OtherPrepaidExpenseCurrent.8995.14.6" order="7.00" weight="1.00" priority="0" use="optional" xlink:arcrole="http://www.xbrl.org/2003/arcrole/summation-item" xlink:type="arc" />
    <link:loc xlink:label="loc_SecurityDeposit.10580.14.6" xlink:href="http://xbrl.fasb.org/us-gaap/2011/elts/us-gaap-2011-01-31.xsd#us-gaap_SecurityDeposit" xlink:type="locator" />
    <link:calculationArc xlink:from="loc_PrepaidExpenseAndOtherAssetsCurrent.14103.14.6" xlink:to="loc_SecurityDeposit.10580.14.6" order="8.00" weight="1.00" priority="0" use="optional" xlink:arcrole="http://www.xbrl.org/2003/arcrole/summation-item" xlink:type="arc" />
    <link:loc xlink:label="loc_PrepaidMediaExpenses.49704.14.6" xlink:href="astv-20121221.xsd#astv_PrepaidMediaExpenses" xlink:type="locator" />
    <link:calculationArc xlink:from="loc_PrepaidExpenseAndOtherAssetsCurrent.14103.14.6" xlink:to="loc_PrepaidMediaExpenses.49704.14.6" order="3.00" weight="1.00" priority="0" use="optional" xlink:arcrole="http://www.xbrl.org/2003/arcrole/summation-item" xlink:type="arc" />
    <link:loc xlink:label="loc_PrepaidRoyalties.9440.14.6" xlink:href="http://xbrl.fasb.org/us-gaap/2011/elts/us-gaap-2011-01-31.xsd#us-gaap_PrepaidRoyalties" xlink:type="locator" />
    <link:calculationArc xlink:from="loc_PrepaidExpenseAndOtherAssetsCurrent.14103.14.6" xlink:to="loc_PrepaidRoyalties.9440.14.6" order="2.00" weight="1.00" priority="0" use="optional" xlink:arcrole="http://www.xbrl.org/2003/arcrole/summation-item" xlink:type="arc" />
  </link:calculationLink>
</link:linkbase>
