<?xml version="1.0" encoding="US-ASCII"?>
<!-- RR Donnelley Xcelerate Taxonomy Calculation Linkbase, based on XBRL 2.1  http://www.rrdonnelley.com/ -->
<!-- Version: 6.20.1 -->
<!-- Round: 4 -->
<!-- Creation date: 2013-01-31T03:56:57Z -->
<!-- Copyright (c) 2005-2013 R.R. Donnelley & Sons Company All Rights Reserved. -->
<linkbase xmlns="http://www.xbrl.org/2003/linkbase"
  xmlns:xsi="http://www.w3.org/2001/XMLSchema-instance"
  xmlns:xlink="http://www.w3.org/1999/xlink"
  xsi:schemaLocation="http://www.xbrl.org/2003/linkbase http://www.xbrl.org/2003/xbrl-linkbase-2003-12-31.xsd">
  <roleRef xlink:type="simple" xlink:href="bzc-20121231.xsd#DocumentDocumentandEntityInformation" roleURI="http://www.breeze-eastern.com/taxonomy/role/DocumentDocumentandEntityInformation"/>
  <roleRef xlink:type="simple" xlink:href="bzc-20121231.xsd#Role_StatementOfFinancialPositionClassified" roleURI="http://www.breeze-eastern.com/taxonomy/role/StatementOfFinancialPositionClassified"/>
  <roleRef xlink:type="simple" xlink:href="bzc-20121231.xsd#Role_StatementOfFinancialPositionClassifiedParen" roleURI="http://www.breeze-eastern.com/taxonomy/role/StatementOfFinancialPositionClassifiedParenthetical"/>
  <roleRef xlink:type="simple" xlink:href="bzc-20121231.xsd#Role_StatementOfIncome" roleURI="http://www.breeze-eastern.com/taxonomy/role/StatementOfIncome"/>
  <roleRef xlink:type="simple" xlink:href="bzc-20121231.xsd#Role_StatementOfCashFlowsIndirect" roleURI="http://www.breeze-eastern.com/taxonomy/role/StatementOfCashFlowsIndirect"/>
  <roleRef xlink:type="simple" xlink:href="bzc-20121231.xsd#DisclosureEarningsLossPerShareComponentsOfDenominatorForBasicEarningsPerCommonShareAndDilutedEarningsPerCommonShare" roleURI="http://www.breeze-eastern.com/taxonomy/role/DisclosureEarningsLossPerShareComponentsOfDenominatorForBasicEarningsPerCommonShareAndDilutedEarningsPerCommonShare"/>
  <roleRef xlink:type="simple" xlink:href="bzc-20121231.xsd#DisclosureEarningsLossPerShareComponentsOfDenominatorForBasicEarningsPerCommonShareAndDilutedEarningsPerCommonShareParenthetical" roleURI="http://www.breeze-eastern.com/taxonomy/role/DisclosureEarningsLossPerShareComponentsOfDenominatorForBasicEarningsPerCommonShareAndDilutedEarningsPerCommonShareParenthetical"/>
  <roleRef xlink:type="simple" xlink:href="bzc-20121231.xsd#DisclosureStockBasedCompensationAdditionalInformation" roleURI="http://www.breeze-eastern.com/taxonomy/role/DisclosureStockBasedCompensationAdditionalInformation"/>
  <roleRef xlink:type="simple" xlink:href="bzc-20121231.xsd#DisclosureStockBasedCompensationAssumptionsToEstimateFairValueOfOptionGrants" roleURI="http://www.breeze-eastern.com/taxonomy/role/DisclosureStockBasedCompensationAssumptionsToEstimateFairValueOfOptionGrants"/>
  <roleRef xlink:type="simple" xlink:href="bzc-20121231.xsd#DisclosureStockBasedCompensationStockOptionActivityUnderAllPlansAndOtherGrants" roleURI="http://www.breeze-eastern.com/taxonomy/role/DisclosureStockBasedCompensationStockOptionActivityUnderAllPlansAndOtherGrants"/>
  <roleRef xlink:type="simple" xlink:href="bzc-20121231.xsd#DisclosureStockBasedCompensationRestrictedStockAwardActivityUnderAllPlans" roleURI="http://www.breeze-eastern.com/taxonomy/role/DisclosureStockBasedCompensationRestrictedStockAwardActivityUnderAllPlans"/>
  <roleRef xlink:type="simple" xlink:href="bzc-20121231.xsd#DisclosureInventoriesInventories" roleURI="http://www.breeze-eastern.com/taxonomy/role/DisclosureInventoriesInventories"/>
  <roleRef xlink:type="simple" xlink:href="bzc-20121231.xsd#DisclosureInventoriesAdditionalInformation" roleURI="http://www.breeze-eastern.com/taxonomy/role/DisclosureInventoriesAdditionalInformation"/>
  <roleRef xlink:type="simple" xlink:href="bzc-20121231.xsd#DisclosurePropertyEquipmentAndRelatedDepreciationAdditionalInformation" roleURI="http://www.breeze-eastern.com/taxonomy/role/DisclosurePropertyEquipmentAndRelatedDepreciationAdditionalInformation"/>
  <roleRef xlink:type="simple" xlink:href="bzc-20121231.xsd#DisclosurePropertyEquipmentAndRelatedDepreciationEstimatedUsefulLivesForProperty" roleURI="http://www.breeze-eastern.com/taxonomy/role/DisclosurePropertyEquipmentAndRelatedDepreciationEstimatedUsefulLivesForProperty"/>
  <roleRef xlink:type="simple" xlink:href="bzc-20121231.xsd#DisclosureProductWarrantyAdditionalInformation" roleURI="http://www.breeze-eastern.com/taxonomy/role/DisclosureProductWarrantyAdditionalInformation"/>
  <roleRef xlink:type="simple" xlink:href="bzc-20121231.xsd#DisclosureProductWarrantyChangesInCarryingAmountOfAccruedProductWarrantyCosts" roleURI="http://www.breeze-eastern.com/taxonomy/role/DisclosureProductWarrantyChangesInCarryingAmountOfAccruedProductWarrantyCosts"/>
  <roleRef xlink:type="simple" xlink:href="bzc-20121231.xsd#DisclosureOtherCurrentLiabilitiesOtherCurrentLiabilities" roleURI="http://www.breeze-eastern.com/taxonomy/role/DisclosureOtherCurrentLiabilitiesOtherCurrentLiabilities"/>
  <roleRef xlink:type="simple" xlink:href="bzc-20121231.xsd#DisclosureIncomeTaxesAdditionalInformation" roleURI="http://www.breeze-eastern.com/taxonomy/role/DisclosureIncomeTaxesAdditionalInformation"/>
  <roleRef xlink:type="simple" xlink:href="bzc-20121231.xsd#DisclosureLongTermDebtPayableToBanksLongTermDebtIncludingCurrentMaturities" roleURI="http://www.breeze-eastern.com/taxonomy/role/DisclosureLongTermDebtPayableToBanksLongTermDebtIncludingCurrentMaturities"/>
  <roleRef xlink:type="simple" xlink:href="bzc-20121231.xsd#DisclosureLongTermDebtPayableToBanksAdditionalInformation" roleURI="http://www.breeze-eastern.com/taxonomy/role/DisclosureLongTermDebtPayableToBanksAdditionalInformation"/>
  <roleRef xlink:type="simple" xlink:href="bzc-20121231.xsd#DisclosureEmployeeBenefitPlansAdditionalInformation" roleURI="http://www.breeze-eastern.com/taxonomy/role/DisclosureEmployeeBenefitPlansAdditionalInformation"/>
  <roleRef xlink:type="simple" xlink:href="bzc-20121231.xsd#DisclosureEmployeeBenefitPlansComponentsOfNetPeriodicBenefitCost" roleURI="http://www.breeze-eastern.com/taxonomy/role/DisclosureEmployeeBenefitPlansComponentsOfNetPeriodicBenefitCost"/>
  <roleRef xlink:type="simple" xlink:href="bzc-20121231.xsd#DisclosureConcentrationOfCreditRisksOfFinancialInstrumentsAdditionalInformation" roleURI="http://www.breeze-eastern.com/taxonomy/role/DisclosureConcentrationOfCreditRisksOfFinancialInstrumentsAdditionalInformation"/>
  <roleRef xlink:type="simple" xlink:href="bzc-20121231.xsd#DisclosureContingenciesAndLegacyEnvironmentalCommitmentsAdditionalInformation" roleURI="http://www.breeze-eastern.com/taxonomy/role/DisclosureContingenciesAndLegacyEnvironmentalCommitmentsAdditionalInformation"/>
  <roleRef xlink:type="simple" xlink:href="bzc-20121231.xsd#DisclosureSegmentGeographicLocationAndCustomerInformationAdditionalInformation" roleURI="http://www.breeze-eastern.com/taxonomy/role/DisclosureSegmentGeographicLocationAndCustomerInformationAdditionalInformation"/>
  <roleRef xlink:type="simple" xlink:href="bzc-20121231.xsd#DisclosureSegmentGeographicLocationAndCustomerInformationSummaryOfTotalRevenuesDerivedFromCustomers" roleURI="http://www.breeze-eastern.com/taxonomy/role/DisclosureSegmentGeographicLocationAndCustomerInformationSummaryOfTotalRevenuesDerivedFromCustomers"/>
  <roleRef xlink:type="simple" xlink:href="bzc-20121231.xsd#DisclosureSegmentGeographicLocationAndCustomerInformationSummaryOfTotalRevenuesDerivedFromCustomersParenthetical" roleURI="http://www.breeze-eastern.com/taxonomy/role/DisclosureSegmentGeographicLocationAndCustomerInformationSummaryOfTotalRevenuesDerivedFromCustomersParenthetical"/>
  <roleRef xlink:type="simple" xlink:href="bzc-20121231.xsd#DisclosureSegmentGeographicLocationAndCustomerInformationNetSalesByGeographicLocation" roleURI="http://www.breeze-eastern.com/taxonomy/role/DisclosureSegmentGeographicLocationAndCustomerInformationNetSalesByGeographicLocation"/>
  <roleRef xlink:type="simple" xlink:href="bzc-20121231.xsd#DisclosureSubsequentEventsAdditionalInformation" roleURI="http://www.breeze-eastern.com/taxonomy/role/DisclosureSubsequentEventsAdditionalInformation"/>
  <roleRef xlink:type="simple" xlink:href="bzc-20121231.xsd#Role_NotesToFinancialStatementsOrganizationConsolidationAndPresentationOfFinancialStatementsDisclosureTextBlock" roleURI="http://www.breeze-eastern.com/taxonomy/role/NotesToFinancialStatementsOrganizationConsolidationAndPresentationOfFinancialStatementsDisclosureTextBlock"/>
  <roleRef xlink:type="simple" xlink:href="bzc-20121231.xsd#Role_NotesToFinancialStatementsEarningsPerShareTextBlock" roleURI="http://www.breeze-eastern.com/taxonomy/role/NotesToFinancialStatementsEarningsPerShareTextBlock"/>
  <roleRef xlink:type="simple" xlink:href="bzc-20121231.xsd#Role_NotesToFinancialStatementsEarningsPerShareTextBlockTables" roleURI="http://www.breeze-eastern.com/taxonomy/role/NotesToFinancialStatementsEarningsPerShareTextBlockTables"/>
  <roleRef xlink:type="simple" xlink:href="bzc-20121231.xsd#Role_NotesToFinancialStatementsDisclosureOfCompensationRelatedCostsShareBasedPaymentsTextBlock" roleURI="http://www.breeze-eastern.com/taxonomy/role/NotesToFinancialStatementsDisclosureOfCompensationRelatedCostsShareBasedPaymentsTextBlock"/>
  <roleRef xlink:type="simple" xlink:href="bzc-20121231.xsd#Role_NotesToFinancialStatementsDisclosureOfCompensationRelatedCostsShareBasedPaymentsTextBlockTables" roleURI="http://www.breeze-eastern.com/taxonomy/role/NotesToFinancialStatementsDisclosureOfCompensationRelatedCostsShareBasedPaymentsTextBlockTables"/>
  <roleRef xlink:type="simple" xlink:href="bzc-20121231.xsd#Role_NotesToFinancialStatementsInventoryDisclosureTextBlock" roleURI="http://www.breeze-eastern.com/taxonomy/role/NotesToFinancialStatementsInventoryDisclosureTextBlock"/>
  <roleRef xlink:type="simple" xlink:href="bzc-20121231.xsd#Role_NotesToFinancialStatementsInventoryDisclosureTextBlockTables" roleURI="http://www.breeze-eastern.com/taxonomy/role/NotesToFinancialStatementsInventoryDisclosureTextBlockTables"/>
  <roleRef xlink:type="simple" xlink:href="bzc-20121231.xsd#Role_NotesToFinancialStatementsPropertyPlantAndEquipmentDisclosureTextBlock" roleURI="http://www.breeze-eastern.com/taxonomy/role/NotesToFinancialStatementsPropertyPlantAndEquipmentDisclosureTextBlock"/>
  <roleRef xlink:type="simple" xlink:href="bzc-20121231.xsd#Role_NotesToFinancialStatementsPropertyPlantAndEquipmentDisclosureTextBlockTables" roleURI="http://www.breeze-eastern.com/taxonomy/role/NotesToFinancialStatementsPropertyPlantAndEquipmentDisclosureTextBlockTables"/>
  <roleRef xlink:type="simple" xlink:href="bzc-20121231.xsd#Role_NotesToFinancialStatementsProductWarrantyDisclosureTextBlock" roleURI="http://www.breeze-eastern.com/taxonomy/role/NotesToFinancialStatementsProductWarrantyDisclosureTextBlock"/>
  <roleRef xlink:type="simple" xlink:href="bzc-20121231.xsd#Role_NotesToFinancialStatementsProductWarrantyDisclosureTextBlockTables" roleURI="http://www.breeze-eastern.com/taxonomy/role/NotesToFinancialStatementsProductWarrantyDisclosureTextBlockTables"/>
  <roleRef xlink:type="simple" xlink:href="bzc-20121231.xsd#Role_NotesToFinancialStatementsOtherLiabilitiesDisclosureTextBlock" roleURI="http://www.breeze-eastern.com/taxonomy/role/NotesToFinancialStatementsOtherLiabilitiesDisclosureTextBlock"/>
  <roleRef xlink:type="simple" xlink:href="bzc-20121231.xsd#Role_NotesToFinancialStatementsOtherLiabilitiesDisclosureTextBlockTables" roleURI="http://www.breeze-eastern.com/taxonomy/role/NotesToFinancialStatementsOtherLiabilitiesDisclosureTextBlockTables"/>
  <roleRef xlink:type="simple" xlink:href="bzc-20121231.xsd#Role_NotesToFinancialStatementsIncomeTaxDisclosureTextBlock" roleURI="http://www.breeze-eastern.com/taxonomy/role/NotesToFinancialStatementsIncomeTaxDisclosureTextBlock"/>
  <roleRef xlink:type="simple" xlink:href="bzc-20121231.xsd#Role_NotesToFinancialStatementsLongTermDebtTextBlock" roleURI="http://www.breeze-eastern.com/taxonomy/role/NotesToFinancialStatementsLongTermDebtTextBlock"/>
  <roleRef xlink:type="simple" xlink:href="bzc-20121231.xsd#Role_NotesToFinancialStatementsLongTermDebtTextBlockTables" roleURI="http://www.breeze-eastern.com/taxonomy/role/NotesToFinancialStatementsLongTermDebtTextBlockTables"/>
  <roleRef xlink:type="simple" xlink:href="bzc-20121231.xsd#Role_NotesToFinancialStatementsFairValueDisclosuresTextBlock" roleURI="http://www.breeze-eastern.com/taxonomy/role/NotesToFinancialStatementsFairValueDisclosuresTextBlock"/>
  <roleRef xlink:type="simple" xlink:href="bzc-20121231.xsd#Role_NotesToFinancialStatementsPensionAndOtherPostretirementBenefitsDisclosureTextBlock" roleURI="http://www.breeze-eastern.com/taxonomy/role/NotesToFinancialStatementsPensionAndOtherPostretirementBenefitsDisclosureTextBlock"/>
  <roleRef xlink:type="simple" xlink:href="bzc-20121231.xsd#Role_NotesToFinancialStatementsPensionAndOtherPostretirementBenefitsDisclosureTextBlockTables" roleURI="http://www.breeze-eastern.com/taxonomy/role/NotesToFinancialStatementsPensionAndOtherPostretirementBenefitsDisclosureTextBlockTables"/>
  <roleRef xlink:type="simple" xlink:href="bzc-20121231.xsd#Role_NotesToFinancialStatementsConcentrationRiskDisclosureTextBlock" roleURI="http://www.breeze-eastern.com/taxonomy/role/NotesToFinancialStatementsConcentrationRiskDisclosureTextBlock"/>
  <roleRef xlink:type="simple" xlink:href="bzc-20121231.xsd#Role_NotesToFinancialStatementsNewAccountingPronouncementsAndChangesInAccountingPrinciplesTextBlock" roleURI="http://www.breeze-eastern.com/taxonomy/role/NotesToFinancialStatementsNewAccountingPronouncementsAndChangesInAccountingPrinciplesTextBlock"/>
  <roleRef xlink:type="simple" xlink:href="bzc-20121231.xsd#Role_NotesToFinancialStatementsNewAccountingPronouncementsAndChangesInAccountingPrinciplesTextBlockPolicies" roleURI="http://www.breeze-eastern.com/taxonomy/role/NotesToFinancialStatementsNewAccountingPronouncementsAndChangesInAccountingPrinciplesTextBlockPolicies"/>
  <roleRef xlink:type="simple" xlink:href="bzc-20121231.xsd#Role_NotesToFinancialStatementsCommitmentsAndContingenciesDisclosureTextBlock" roleURI="http://www.breeze-eastern.com/taxonomy/role/NotesToFinancialStatementsCommitmentsAndContingenciesDisclosureTextBlock"/>
  <roleRef xlink:type="simple" xlink:href="bzc-20121231.xsd#Role_NotesToFinancialStatementsSegmentReportingDisclosureTextBlock" roleURI="http://www.breeze-eastern.com/taxonomy/role/NotesToFinancialStatementsSegmentReportingDisclosureTextBlock"/>
  <roleRef xlink:type="simple" xlink:href="bzc-20121231.xsd#Role_NotesToFinancialStatementsSegmentReportingDisclosureTextBlockTables" roleURI="http://www.breeze-eastern.com/taxonomy/role/NotesToFinancialStatementsSegmentReportingDisclosureTextBlockTables"/>
  <roleRef xlink:type="simple" xlink:href="bzc-20121231.xsd#Role_NotesToFinancialStatementsSubsequentEventsTextBlock" roleURI="http://www.breeze-eastern.com/taxonomy/role/NotesToFinancialStatementsSubsequentEventsTextBlock"/>
  <calculationLink xlink:type="extended" xlink:role="http://www.breeze-eastern.com/taxonomy/role/DocumentDocumentandEntityInformation">
  </calculationLink>
  <calculationLink xlink:type="extended" xlink:role="http://www.breeze-eastern.com/taxonomy/role/StatementOfFinancialPositionClassified">
    <loc xlink:type="locator" xlink:href="http://xbrl.fasb.org/us-gaap/2012/elts/us-gaap-2012-01-31.xsd#us-gaap_AccountsPayableCurrent" xlink:label="us-gaap_AccountsPayableCurrent"/>
    <loc xlink:type="locator" xlink:href="http://xbrl.fasb.org/us-gaap/2012/elts/us-gaap-2012-01-31.xsd#us-gaap_AccountsReceivableNetCurrent" xlink:label="us-gaap_AccountsReceivableNetCurrent"/>
    <loc xlink:type="locator" xlink:href="http://xbrl.fasb.org/us-gaap/2012/elts/us-gaap-2012-01-31.xsd#us-gaap_AccruedIncomeTaxesCurrent" xlink:label="us-gaap_AccruedIncomeTaxesCurrent"/>
    <loc xlink:type="locator" xlink:href="http://xbrl.fasb.org/us-gaap/2012/elts/us-gaap-2012-01-31.xsd#us-gaap_AccumulatedDepreciationDepletionAndAmortizationPropertyPlantAndEquipment" xlink:label="us-gaap_AccumulatedDepreciationDepletionAndAmortizationPropertyPlantAndEquipment"/>
    <loc xlink:type="locator" xlink:href="http://xbrl.fasb.org/us-gaap/2012/elts/us-gaap-2012-01-31.xsd#us-gaap_AccumulatedOtherComprehensiveIncomeLossNetOfTax" xlink:label="us-gaap_AccumulatedOtherComprehensiveIncomeLossNetOfTax"/>
    <loc xlink:type="locator" xlink:href="http://xbrl.fasb.org/us-gaap/2012/elts/us-gaap-2012-01-31.xsd#us-gaap_AdditionalPaidInCapital" xlink:label="us-gaap_AdditionalPaidInCapital"/>
    <loc xlink:type="locator" xlink:href="http://xbrl.fasb.org/us-gaap/2012/elts/us-gaap-2012-01-31.xsd#us-gaap_Assets" xlink:label="us-gaap_Assets"/>
    <loc xlink:type="locator" xlink:href="http://xbrl.fasb.org/us-gaap/2012/elts/us-gaap-2012-01-31.xsd#us-gaap_AssetsCurrent" xlink:label="us-gaap_AssetsCurrent"/>
    <loc xlink:type="locator" xlink:href="http://xbrl.fasb.org/us-gaap/2012/elts/us-gaap-2012-01-31.xsd#us-gaap_CashAndCashEquivalentsAtCarryingValue" xlink:label="us-gaap_CashAndCashEquivalentsAtCarryingValue"/>
    <loc xlink:type="locator" xlink:href="http://xbrl.fasb.org/us-gaap/2012/elts/us-gaap-2012-01-31.xsd#us-gaap_CommitmentsAndContingencies" xlink:label="us-gaap_CommitmentsAndContingencies"/>
    <loc xlink:type="locator" xlink:href="http://xbrl.fasb.org/us-gaap/2012/elts/us-gaap-2012-01-31.xsd#us-gaap_CommonStockValue" xlink:label="us-gaap_CommonStockValue"/>
    <loc xlink:type="locator" xlink:href="http://xbrl.fasb.org/us-gaap/2012/elts/us-gaap-2012-01-31.xsd#us-gaap_DeferredTaxAssetsNetCurrent" xlink:label="us-gaap_DeferredTaxAssetsNetCurrent"/>
    <loc xlink:type="locator" xlink:href="http://xbrl.fasb.org/us-gaap/2012/elts/us-gaap-2012-01-31.xsd#us-gaap_DeferredTaxAssetsNetNoncurrent" xlink:label="us-gaap_DeferredTaxAssetsNetNoncurrent"/>
    <loc xlink:type="locator" xlink:href="http://xbrl.fasb.org/us-gaap/2012/elts/us-gaap-2012-01-31.xsd#us-gaap_EmployeeRelatedLiabilitiesCurrent" xlink:label="us-gaap_EmployeeRelatedLiabilitiesCurrent"/>
    <loc xlink:type="locator" xlink:href="http://xbrl.fasb.org/us-gaap/2012/elts/us-gaap-2012-01-31.xsd#us-gaap_Goodwill" xlink:label="us-gaap_Goodwill"/>
    <loc xlink:type="locator" xlink:href="http://xbrl.fasb.org/us-gaap/2012/elts/us-gaap-2012-01-31.xsd#us-gaap_InventoryNet" xlink:label="us-gaap_InventoryNet"/>
    <loc xlink:type="locator" xlink:href="http://xbrl.fasb.org/us-gaap/2012/elts/us-gaap-2012-01-31.xsd#us-gaap_Liabilities" xlink:label="us-gaap_Liabilities"/>
    <loc xlink:type="locator" xlink:href="http://xbrl.fasb.org/us-gaap/2012/elts/us-gaap-2012-01-31.xsd#us-gaap_LiabilitiesAndStockholdersEquity" xlink:label="us-gaap_LiabilitiesAndStockholdersEquity"/>
    <loc xlink:type="locator" xlink:href="http://xbrl.fasb.org/us-gaap/2012/elts/us-gaap-2012-01-31.xsd#us-gaap_LiabilitiesCurrent" xlink:label="us-gaap_LiabilitiesCurrent"/>
    <loc xlink:type="locator" xlink:href="http://xbrl.fasb.org/us-gaap/2012/elts/us-gaap-2012-01-31.xsd#us-gaap_LineOfCredit" xlink:label="us-gaap_LineOfCredit"/>
    <loc xlink:type="locator" xlink:href="http://xbrl.fasb.org/us-gaap/2012/elts/us-gaap-2012-01-31.xsd#us-gaap_LongTermDebtCurrent" xlink:label="us-gaap_LongTermDebtCurrent"/>
    <loc xlink:type="locator" xlink:href="http://xbrl.fasb.org/us-gaap/2012/elts/us-gaap-2012-01-31.xsd#us-gaap_LongTermDebtNoncurrent" xlink:label="us-gaap_LongTermDebtNoncurrent"/>
    <loc xlink:type="locator" xlink:href="http://xbrl.fasb.org/us-gaap/2012/elts/us-gaap-2012-01-31.xsd#us-gaap_OtherAssets" xlink:label="us-gaap_OtherAssets"/>
    <loc xlink:type="locator" xlink:href="http://xbrl.fasb.org/us-gaap/2012/elts/us-gaap-2012-01-31.xsd#us-gaap_OtherAssetsNoncurrent" xlink:label="us-gaap_OtherAssetsNoncurrent"/>
    <loc xlink:type="locator" xlink:href="http://xbrl.fasb.org/us-gaap/2012/elts/us-gaap-2012-01-31.xsd#us-gaap_OtherLiabilitiesCurrent" xlink:label="us-gaap_OtherLiabilitiesCurrent"/>
    <loc xlink:type="locator" xlink:href="http://xbrl.fasb.org/us-gaap/2012/elts/us-gaap-2012-01-31.xsd#us-gaap_OtherLiabilitiesNoncurrent" xlink:label="us-gaap_OtherLiabilitiesNoncurrent"/>
    <loc xlink:type="locator" xlink:href="http://xbrl.fasb.org/us-gaap/2012/elts/us-gaap-2012-01-31.xsd#us-gaap_PreferredStockValue" xlink:label="us-gaap_PreferredStockValue"/>
    <loc xlink:type="locator" xlink:href="http://xbrl.fasb.org/us-gaap/2012/elts/us-gaap-2012-01-31.xsd#us-gaap_PrepaidExpenseAndOtherAssetsCurrent" xlink:label="us-gaap_PrepaidExpenseAndOtherAssetsCurrent"/>
    <loc xlink:type="locator" xlink:href="http://xbrl.fasb.org/us-gaap/2012/elts/us-gaap-2012-01-31.xsd#us-gaap_PropertyPlantAndEquipmentGross" xlink:label="us-gaap_PropertyPlantAndEquipmentGross"/>
    <loc xlink:type="locator" xlink:href="http://xbrl.fasb.org/us-gaap/2012/elts/us-gaap-2012-01-31.xsd#us-gaap_PropertyPlantAndEquipmentNet" xlink:label="us-gaap_PropertyPlantAndEquipmentNet"/>
    <loc xlink:type="locator" xlink:href="bzc-20121231.xsd#bzc_QualificationUnitsNet" xlink:label="bzc_QualificationUnitsNet"/>
    <loc xlink:type="locator" xlink:href="http://xbrl.fasb.org/us-gaap/2012/elts/us-gaap-2012-01-31.xsd#us-gaap_RealEstateHeldforsale" xlink:label="us-gaap_RealEstateHeldforsale"/>
    <loc xlink:type="locator" xlink:href="http://xbrl.fasb.org/us-gaap/2012/elts/us-gaap-2012-01-31.xsd#us-gaap_RetainedEarningsAccumulatedDeficit" xlink:label="us-gaap_RetainedEarningsAccumulatedDeficit"/>
    <loc xlink:type="locator" xlink:href="http://xbrl.fasb.org/us-gaap/2012/elts/us-gaap-2012-01-31.xsd#us-gaap_StockholdersEquity" xlink:label="us-gaap_StockholdersEquity"/>
    <loc xlink:type="locator" xlink:href="http://xbrl.fasb.org/us-gaap/2012/elts/us-gaap-2012-01-31.xsd#us-gaap_StockholdersEquityIncludingPortionAttributableToNoncontrollingInterest" xlink:label="us-gaap_StockholdersEquityIncludingPortionAttributableToNoncontrollingInterest"/>
    <loc xlink:type="locator" xlink:href="http://xbrl.fasb.org/us-gaap/2012/elts/us-gaap-2012-01-31.xsd#us-gaap_TreasuryStockValue" xlink:label="us-gaap_TreasuryStockValue"/>
    <calculationArc xlink:type="arc" xlink:arcrole="http://www.xbrl.org/2003/arcrole/summation-item" xlink:from="us-gaap_Assets" xlink:to="us-gaap_AssetsCurrent" order="1.0600" weight="1.00" priority="2" use="optional"/>
    <calculationArc xlink:type="arc" xlink:arcrole="http://www.xbrl.org/2003/arcrole/summation-item" xlink:from="us-gaap_Assets" xlink:to="us-gaap_PropertyPlantAndEquipmentNet" order="1.0900" weight="1.00" priority="2" use="optional"/>
    <calculationArc xlink:type="arc" xlink:arcrole="http://www.xbrl.org/2003/arcrole/summation-item" xlink:from="us-gaap_Assets" xlink:to="us-gaap_OtherAssetsNoncurrent" order="1.1500" weight="1.00" priority="2" use="optional"/>
    <calculationArc xlink:type="arc" xlink:arcrole="http://www.xbrl.org/2003/arcrole/summation-item" xlink:from="us-gaap_AssetsCurrent" xlink:to="us-gaap_CashAndCashEquivalentsAtCarryingValue" order="1.0100" weight="1.00" priority="2" use="optional"/>
    <calculationArc xlink:type="arc" xlink:arcrole="http://www.xbrl.org/2003/arcrole/summation-item" xlink:from="us-gaap_AssetsCurrent" xlink:to="us-gaap_AccountsReceivableNetCurrent" order="1.0200" weight="1.00" priority="2" use="optional"/>
    <calculationArc xlink:type="arc" xlink:arcrole="http://www.xbrl.org/2003/arcrole/summation-item" xlink:from="us-gaap_AssetsCurrent" xlink:to="us-gaap_InventoryNet" order="1.0300" weight="1.00" priority="2" use="optional"/>
    <calculationArc xlink:type="arc" xlink:arcrole="http://www.xbrl.org/2003/arcrole/summation-item" xlink:from="us-gaap_AssetsCurrent" xlink:to="us-gaap_PrepaidExpenseAndOtherAssetsCurrent" order="1.0400" weight="1.00" priority="2" use="optional"/>
    <calculationArc xlink:type="arc" xlink:arcrole="http://www.xbrl.org/2003/arcrole/summation-item" xlink:from="us-gaap_AssetsCurrent" xlink:to="us-gaap_DeferredTaxAssetsNetCurrent" order="1.0500" weight="1.00" priority="2" use="optional"/>
    <calculationArc xlink:type="arc" xlink:arcrole="http://www.xbrl.org/2003/arcrole/summation-item" xlink:from="us-gaap_Liabilities" xlink:to="us-gaap_LiabilitiesCurrent" order="1.2200" weight="1.00" priority="2" use="optional"/>
    <calculationArc xlink:type="arc" xlink:arcrole="http://www.xbrl.org/2003/arcrole/summation-item" xlink:from="us-gaap_Liabilities" xlink:to="us-gaap_LongTermDebtNoncurrent" order="1.2300" weight="1.00" priority="2" use="optional"/>
    <calculationArc xlink:type="arc" xlink:arcrole="http://www.xbrl.org/2003/arcrole/summation-item" xlink:from="us-gaap_Liabilities" xlink:to="us-gaap_OtherLiabilitiesNoncurrent" order="1.2400" weight="1.00" priority="2" use="optional"/>
    <calculationArc xlink:type="arc" xlink:arcrole="http://www.xbrl.org/2003/arcrole/summation-item" xlink:from="us-gaap_Liabilities" xlink:to="us-gaap_CommitmentsAndContingencies" order="1.2500" weight="1.00" priority="2" use="optional"/>
    <calculationArc xlink:type="arc" xlink:arcrole="http://www.xbrl.org/2003/arcrole/summation-item" xlink:from="us-gaap_LiabilitiesAndStockholdersEquity" xlink:to="us-gaap_Liabilities" order="1.2600" weight="1.00" priority="2" use="optional"/>
    <calculationArc xlink:type="arc" xlink:arcrole="http://www.xbrl.org/2003/arcrole/summation-item" xlink:from="us-gaap_LiabilitiesAndStockholdersEquity" xlink:to="us-gaap_StockholdersEquity" order="1.3400" weight="1.00" priority="2" use="optional"/>
    <calculationArc xlink:type="arc" xlink:arcrole="http://www.xbrl.org/2003/arcrole/summation-item" xlink:from="us-gaap_LiabilitiesCurrent" xlink:to="us-gaap_LineOfCredit" order="1.1600" weight="1.00" priority="2" use="optional"/>
    <calculationArc xlink:type="arc" xlink:arcrole="http://www.xbrl.org/2003/arcrole/summation-item" xlink:from="us-gaap_LiabilitiesCurrent" xlink:to="us-gaap_LongTermDebtCurrent" order="1.1700" weight="1.00" priority="2" use="optional"/>
    <calculationArc xlink:type="arc" xlink:arcrole="http://www.xbrl.org/2003/arcrole/summation-item" xlink:from="us-gaap_LiabilitiesCurrent" xlink:to="us-gaap_AccountsPayableCurrent" order="1.1800" weight="1.00" priority="2" use="optional"/>
    <calculationArc xlink:type="arc" xlink:arcrole="http://www.xbrl.org/2003/arcrole/summation-item" xlink:from="us-gaap_LiabilitiesCurrent" xlink:to="us-gaap_EmployeeRelatedLiabilitiesCurrent" order="1.1900" weight="1.00" priority="2" use="optional"/>
    <calculationArc xlink:type="arc" xlink:arcrole="http://www.xbrl.org/2003/arcrole/summation-item" xlink:from="us-gaap_LiabilitiesCurrent" xlink:to="us-gaap_AccruedIncomeTaxesCurrent" order="1.2000" weight="1.00" priority="2" use="optional"/>
    <calculationArc xlink:type="arc" xlink:arcrole="http://www.xbrl.org/2003/arcrole/summation-item" xlink:from="us-gaap_LiabilitiesCurrent" xlink:to="us-gaap_OtherLiabilitiesCurrent" order="1.2100" weight="1.00" priority="2" use="optional"/>
    <calculationArc xlink:type="arc" xlink:arcrole="http://www.xbrl.org/2003/arcrole/summation-item" xlink:from="us-gaap_OtherAssetsNoncurrent" xlink:to="us-gaap_DeferredTaxAssetsNetNoncurrent" order="1.1000" weight="1.00" priority="2" use="optional"/>
    <calculationArc xlink:type="arc" xlink:arcrole="http://www.xbrl.org/2003/arcrole/summation-item" xlink:from="us-gaap_OtherAssetsNoncurrent" xlink:to="us-gaap_Goodwill" order="1.1100" weight="1.00" priority="2" use="optional"/>
    <calculationArc xlink:type="arc" xlink:arcrole="http://www.xbrl.org/2003/arcrole/summation-item" xlink:from="us-gaap_OtherAssetsNoncurrent" xlink:to="us-gaap_RealEstateHeldforsale" order="1.1200" weight="1.00" priority="2" use="optional"/>
    <calculationArc xlink:type="arc" xlink:arcrole="http://www.xbrl.org/2003/arcrole/summation-item" xlink:from="us-gaap_OtherAssetsNoncurrent" xlink:to="bzc_QualificationUnitsNet" order="1.1300" weight="1.00" priority="2" use="optional"/>
    <calculationArc xlink:type="arc" xlink:arcrole="http://www.xbrl.org/2003/arcrole/summation-item" xlink:from="us-gaap_OtherAssetsNoncurrent" xlink:to="us-gaap_OtherAssets" order="1.1400" weight="1.00" priority="2" use="optional"/>
    <calculationArc xlink:type="arc" xlink:arcrole="http://www.xbrl.org/2003/arcrole/summation-item" xlink:from="us-gaap_PropertyPlantAndEquipmentNet" xlink:to="us-gaap_PropertyPlantAndEquipmentGross" order="1.0700" weight="1.00" priority="2" use="optional"/>
    <calculationArc xlink:type="arc" xlink:arcrole="http://www.xbrl.org/2003/arcrole/summation-item" xlink:from="us-gaap_PropertyPlantAndEquipmentNet" xlink:to="us-gaap_AccumulatedDepreciationDepletionAndAmortizationPropertyPlantAndEquipment" order="1.0800" weight="-1.00" priority="2" use="optional"/>
    <calculationArc xlink:type="arc" xlink:arcrole="http://www.xbrl.org/2003/arcrole/summation-item" xlink:from="us-gaap_StockholdersEquity" xlink:to="us-gaap_StockholdersEquityIncludingPortionAttributableToNoncontrollingInterest" order="1.3200" weight="1.00" priority="2" use="optional"/>
    <calculationArc xlink:type="arc" xlink:arcrole="http://www.xbrl.org/2003/arcrole/summation-item" xlink:from="us-gaap_StockholdersEquity" xlink:to="us-gaap_TreasuryStockValue" order="1.3300" weight="-1.00" priority="2" use="optional"/>
    <calculationArc xlink:type="arc" xlink:arcrole="http://www.xbrl.org/2003/arcrole/summation-item" xlink:from="us-gaap_StockholdersEquityIncludingPortionAttributableToNoncontrollingInterest" xlink:to="us-gaap_PreferredStockValue" order="1.2700" weight="1.00" priority="2" use="optional"/>
    <calculationArc xlink:type="arc" xlink:arcrole="http://www.xbrl.org/2003/arcrole/summation-item" xlink:from="us-gaap_StockholdersEquityIncludingPortionAttributableToNoncontrollingInterest" xlink:to="us-gaap_CommonStockValue" order="1.2800" weight="1.00" priority="2" use="optional"/>
    <calculationArc xlink:type="arc" xlink:arcrole="http://www.xbrl.org/2003/arcrole/summation-item" xlink:from="us-gaap_StockholdersEquityIncludingPortionAttributableToNoncontrollingInterest" xlink:to="us-gaap_AdditionalPaidInCapital" order="1.2900" weight="1.00" priority="2" use="optional"/>
    <calculationArc xlink:type="arc" xlink:arcrole="http://www.xbrl.org/2003/arcrole/summation-item" xlink:from="us-gaap_StockholdersEquityIncludingPortionAttributableToNoncontrollingInterest" xlink:to="us-gaap_RetainedEarningsAccumulatedDeficit" order="1.3000" weight="1.00" priority="2" use="optional"/>
    <calculationArc xlink:type="arc" xlink:arcrole="http://www.xbrl.org/2003/arcrole/summation-item" xlink:from="us-gaap_StockholdersEquityIncludingPortionAttributableToNoncontrollingInterest" xlink:to="us-gaap_AccumulatedOtherComprehensiveIncomeLossNetOfTax" order="1.3100" weight="1.00" priority="2" use="optional"/>
  </calculationLink>
  <calculationLink xlink:type="extended" xlink:role="http://www.breeze-eastern.com/taxonomy/role/StatementOfFinancialPositionClassifiedParenthetical">
  </calculationLink>
  <calculationLink xlink:type="extended" xlink:role="http://www.breeze-eastern.com/taxonomy/role/StatementOfIncome">
    <loc xlink:type="locator" xlink:href="http://xbrl.fasb.org/us-gaap/2012/elts/us-gaap-2012-01-31.xsd#us-gaap_CostOfGoodsAndServicesSold" xlink:label="us-gaap_CostOfGoodsAndServicesSold"/>
    <loc xlink:type="locator" xlink:href="bzc-20121231.xsd#bzc_EngineeringExpense" xlink:label="bzc_EngineeringExpense"/>
    <loc xlink:type="locator" xlink:href="http://xbrl.fasb.org/us-gaap/2012/elts/us-gaap-2012-01-31.xsd#us-gaap_GrossProfit" xlink:label="us-gaap_GrossProfit"/>
    <loc xlink:type="locator" xlink:href="http://xbrl.fasb.org/us-gaap/2012/elts/us-gaap-2012-01-31.xsd#us-gaap_IncomeLossFromContinuingOperationsBeforeIncomeTaxesMinorityInterestAndIncomeLossFromEquityMethodInvestments" xlink:label="us-gaap_IncomeLossFromContinuingOperationsBeforeIncomeTaxesMinorityInterestAndIncomeLossFromEquityMethodInvestments"/>
    <loc xlink:type="locator" xlink:href="http://xbrl.fasb.org/us-gaap/2012/elts/us-gaap-2012-01-31.xsd#us-gaap_IncomeTaxExpenseBenefit" xlink:label="us-gaap_IncomeTaxExpenseBenefit"/>
    <loc xlink:type="locator" xlink:href="http://xbrl.fasb.org/us-gaap/2012/elts/us-gaap-2012-01-31.xsd#us-gaap_InterestExpense" xlink:label="us-gaap_InterestExpense"/>
    <loc xlink:type="locator" xlink:href="http://xbrl.fasb.org/us-gaap/2012/elts/us-gaap-2012-01-31.xsd#us-gaap_NetIncomeLoss" xlink:label="us-gaap_NetIncomeLoss"/>
    <loc xlink:type="locator" xlink:href="http://xbrl.fasb.org/us-gaap/2012/elts/us-gaap-2012-01-31.xsd#us-gaap_OperatingIncomeLoss" xlink:label="us-gaap_OperatingIncomeLoss"/>
    <loc xlink:type="locator" xlink:href="http://xbrl.fasb.org/us-gaap/2012/elts/us-gaap-2012-01-31.xsd#us-gaap_OtherNonoperatingIncomeExpense" xlink:label="us-gaap_OtherNonoperatingIncomeExpense"/>
    <loc xlink:type="locator" xlink:href="http://xbrl.fasb.org/us-gaap/2012/elts/us-gaap-2012-01-31.xsd#us-gaap_SalesRevenueNet" xlink:label="us-gaap_SalesRevenueNet"/>
    <loc xlink:type="locator" xlink:href="http://xbrl.fasb.org/us-gaap/2012/elts/us-gaap-2012-01-31.xsd#us-gaap_SellingGeneralAndAdministrativeExpense" xlink:label="us-gaap_SellingGeneralAndAdministrativeExpense"/>
    <calculationArc xlink:type="arc" xlink:arcrole="http://www.xbrl.org/2003/arcrole/summation-item" xlink:from="us-gaap_GrossProfit" xlink:to="us-gaap_SalesRevenueNet" order="1.0100" weight="1.00" priority="2" use="optional"/>
    <calculationArc xlink:type="arc" xlink:arcrole="http://www.xbrl.org/2003/arcrole/summation-item" xlink:from="us-gaap_GrossProfit" xlink:to="us-gaap_CostOfGoodsAndServicesSold" order="1.0200" weight="-1.00" priority="2" use="optional"/>
    <calculationArc xlink:type="arc" xlink:arcrole="http://www.xbrl.org/2003/arcrole/summation-item" xlink:from="us-gaap_IncomeLossFromContinuingOperationsBeforeIncomeTaxesMinorityInterestAndIncomeLossFromEquityMethodInvestments" xlink:to="us-gaap_OperatingIncomeLoss" order="1.0600" weight="1.00" priority="2" use="optional"/>
    <calculationArc xlink:type="arc" xlink:arcrole="http://www.xbrl.org/2003/arcrole/summation-item" xlink:from="us-gaap_IncomeLossFromContinuingOperationsBeforeIncomeTaxesMinorityInterestAndIncomeLossFromEquityMethodInvestments" xlink:to="us-gaap_InterestExpense" order="1.0700" weight="-1.00" priority="2" use="optional"/>
    <calculationArc xlink:type="arc" xlink:arcrole="http://www.xbrl.org/2003/arcrole/summation-item" xlink:from="us-gaap_IncomeLossFromContinuingOperationsBeforeIncomeTaxesMinorityInterestAndIncomeLossFromEquityMethodInvestments" xlink:to="us-gaap_OtherNonoperatingIncomeExpense" order="1.0800" weight="1.00" priority="2" use="optional"/>
    <calculationArc xlink:type="arc" xlink:arcrole="http://www.xbrl.org/2003/arcrole/summation-item" xlink:from="us-gaap_NetIncomeLoss" xlink:to="us-gaap_IncomeLossFromContinuingOperationsBeforeIncomeTaxesMinorityInterestAndIncomeLossFromEquityMethodInvestments" order="1.0900" weight="1.00" priority="2" use="optional"/>
    <calculationArc xlink:type="arc" xlink:arcrole="http://www.xbrl.org/2003/arcrole/summation-item" xlink:from="us-gaap_NetIncomeLoss" xlink:to="us-gaap_IncomeTaxExpenseBenefit" order="1.1000" weight="-1.00" priority="2" use="optional"/>
    <calculationArc xlink:type="arc" xlink:arcrole="http://www.xbrl.org/2003/arcrole/summation-item" xlink:from="us-gaap_OperatingIncomeLoss" xlink:to="us-gaap_GrossProfit" order="1.0300" weight="1.00" priority="2" use="optional"/>
    <calculationArc xlink:type="arc" xlink:arcrole="http://www.xbrl.org/2003/arcrole/summation-item" xlink:from="us-gaap_OperatingIncomeLoss" xlink:to="us-gaap_SellingGeneralAndAdministrativeExpense" order="1.0400" weight="-1.00" priority="2" use="optional"/>
    <calculationArc xlink:type="arc" xlink:arcrole="http://www.xbrl.org/2003/arcrole/summation-item" xlink:from="us-gaap_OperatingIncomeLoss" xlink:to="bzc_EngineeringExpense" order="1.0500" weight="-1.00" priority="2" use="optional"/>
  </calculationLink>
  <calculationLink xlink:type="extended" xlink:role="http://www.breeze-eastern.com/taxonomy/role/StatementOfCashFlowsIndirect">
    <loc xlink:type="locator" xlink:href="bzc-20121231.xsd#bzc_CapitalizedQualificationUnits" xlink:label="bzc_CapitalizedQualificationUnits"/>
    <loc xlink:type="locator" xlink:href="http://xbrl.fasb.org/us-gaap/2012/elts/us-gaap-2012-01-31.xsd#us-gaap_CashAndCashEquivalentsPeriodIncreaseDecrease" xlink:label="us-gaap_CashAndCashEquivalentsPeriodIncreaseDecrease"/>
    <loc xlink:type="locator" xlink:href="http://xbrl.fasb.org/us-gaap/2012/elts/us-gaap-2012-01-31.xsd#us-gaap_DepreciationDepletionAndAmortization" xlink:label="us-gaap_DepreciationDepletionAndAmortization"/>
    <loc xlink:type="locator" xlink:href="http://xbrl.fasb.org/us-gaap/2012/elts/us-gaap-2012-01-31.xsd#us-gaap_IncreaseDecreaseInAccountsPayable" xlink:label="us-gaap_IncreaseDecreaseInAccountsPayable"/>
    <loc xlink:type="locator" xlink:href="bzc-20121231.xsd#bzc_IncreaseDecreaseInAccountsReceivableAndOtherReceivables" xlink:label="bzc_IncreaseDecreaseInAccountsReceivableAndOtherReceivables"/>
    <loc xlink:type="locator" xlink:href="http://xbrl.fasb.org/us-gaap/2012/elts/us-gaap-2012-01-31.xsd#us-gaap_IncreaseDecreaseInAccruedIncomeTaxesPayable" xlink:label="us-gaap_IncreaseDecreaseInAccruedIncomeTaxesPayable"/>
    <loc xlink:type="locator" xlink:href="http://xbrl.fasb.org/us-gaap/2012/elts/us-gaap-2012-01-31.xsd#us-gaap_IncreaseDecreaseInAccruedSalaries" xlink:label="us-gaap_IncreaseDecreaseInAccruedSalaries"/>
    <loc xlink:type="locator" xlink:href="http://xbrl.fasb.org/us-gaap/2012/elts/us-gaap-2012-01-31.xsd#us-gaap_IncreaseDecreaseInDeferredIncomeTaxes" xlink:label="us-gaap_IncreaseDecreaseInDeferredIncomeTaxes"/>
    <loc xlink:type="locator" xlink:href="http://xbrl.fasb.org/us-gaap/2012/elts/us-gaap-2012-01-31.xsd#us-gaap_IncreaseDecreaseInInventories" xlink:label="us-gaap_IncreaseDecreaseInInventories"/>
    <loc xlink:type="locator" xlink:href="http://xbrl.fasb.org/us-gaap/2012/elts/us-gaap-2012-01-31.xsd#us-gaap_IncreaseDecreaseInOtherOperatingAssets" xlink:label="us-gaap_IncreaseDecreaseInOtherOperatingAssets"/>
    <loc xlink:type="locator" xlink:href="http://xbrl.fasb.org/us-gaap/2012/elts/us-gaap-2012-01-31.xsd#us-gaap_IncreaseDecreaseInOtherOperatingLiabilities" xlink:label="us-gaap_IncreaseDecreaseInOtherOperatingLiabilities"/>
    <loc xlink:type="locator" xlink:href="bzc-20121231.xsd#bzc_NetBorrowingsRepaymentsOfOtherDebt" xlink:label="bzc_NetBorrowingsRepaymentsOfOtherDebt"/>
    <loc xlink:type="locator" xlink:href="http://xbrl.fasb.org/us-gaap/2012/elts/us-gaap-2012-01-31.xsd#us-gaap_NetCashProvidedByUsedInFinancingActivities" xlink:label="us-gaap_NetCashProvidedByUsedInFinancingActivities"/>
    <loc xlink:type="locator" xlink:href="http://xbrl.fasb.org/us-gaap/2012/elts/us-gaap-2012-01-31.xsd#us-gaap_NetCashProvidedByUsedInInvestingActivities" xlink:label="us-gaap_NetCashProvidedByUsedInInvestingActivities"/>
    <loc xlink:type="locator" xlink:href="http://xbrl.fasb.org/us-gaap/2012/elts/us-gaap-2012-01-31.xsd#us-gaap_NetCashProvidedByUsedInOperatingActivities" xlink:label="us-gaap_NetCashProvidedByUsedInOperatingActivities"/>
    <loc xlink:type="locator" xlink:href="http://xbrl.fasb.org/us-gaap/2012/elts/us-gaap-2012-01-31.xsd#us-gaap_NetIncomeLoss" xlink:label="us-gaap_NetIncomeLoss"/>
    <loc xlink:type="locator" xlink:href="bzc-20121231.xsd#bzc_NonCashReserveAccretion" xlink:label="bzc_NonCashReserveAccretion"/>
    <loc xlink:type="locator" xlink:href="http://xbrl.fasb.org/us-gaap/2012/elts/us-gaap-2012-01-31.xsd#us-gaap_PaymentsToAcquireProductiveAssets" xlink:label="us-gaap_PaymentsToAcquireProductiveAssets"/>
    <loc xlink:type="locator" xlink:href="http://xbrl.fasb.org/us-gaap/2012/elts/us-gaap-2012-01-31.xsd#us-gaap_ProceedsFromStockOptionsExercised" xlink:label="us-gaap_ProceedsFromStockOptionsExercised"/>
    <loc xlink:type="locator" xlink:href="http://xbrl.fasb.org/us-gaap/2012/elts/us-gaap-2012-01-31.xsd#us-gaap_ProvisionForDoubtfulAccounts" xlink:label="us-gaap_ProvisionForDoubtfulAccounts"/>
    <loc xlink:type="locator" xlink:href="http://xbrl.fasb.org/us-gaap/2012/elts/us-gaap-2012-01-31.xsd#us-gaap_RepaymentsOfLongTermDebt" xlink:label="us-gaap_RepaymentsOfLongTermDebt"/>
    <loc xlink:type="locator" xlink:href="http://xbrl.fasb.org/us-gaap/2012/elts/us-gaap-2012-01-31.xsd#us-gaap_ResearchAndDevelopmentAssetAcquiredOtherThanThroughBusinessCombinationWrittenOff" xlink:label="us-gaap_ResearchAndDevelopmentAssetAcquiredOtherThanThroughBusinessCombinationWrittenOff"/>
    <loc xlink:type="locator" xlink:href="http://xbrl.fasb.org/us-gaap/2012/elts/us-gaap-2012-01-31.xsd#us-gaap_ShareBasedCompensation" xlink:label="us-gaap_ShareBasedCompensation"/>
    <calculationArc xlink:type="arc" xlink:arcrole="http://www.xbrl.org/2003/arcrole/summation-item" xlink:from="us-gaap_CashAndCashEquivalentsPeriodIncreaseDecrease" xlink:to="us-gaap_NetCashProvidedByUsedInOperatingActivities" order="1.1500" weight="1.00" priority="2" use="optional"/>
    <calculationArc xlink:type="arc" xlink:arcrole="http://www.xbrl.org/2003/arcrole/summation-item" xlink:from="us-gaap_CashAndCashEquivalentsPeriodIncreaseDecrease" xlink:to="us-gaap_NetCashProvidedByUsedInInvestingActivities" order="1.1800" weight="1.00" priority="2" use="optional"/>
    <calculationArc xlink:type="arc" xlink:arcrole="http://www.xbrl.org/2003/arcrole/summation-item" xlink:from="us-gaap_CashAndCashEquivalentsPeriodIncreaseDecrease" xlink:to="us-gaap_NetCashProvidedByUsedInFinancingActivities" order="1.2200" weight="1.00" priority="2" use="optional"/>
    <calculationArc xlink:type="arc" xlink:arcrole="http://www.xbrl.org/2003/arcrole/summation-item" xlink:from="us-gaap_NetCashProvidedByUsedInFinancingActivities" xlink:to="us-gaap_RepaymentsOfLongTermDebt" order="1.1900" weight="-1.00" priority="2" use="optional"/>
    <calculationArc xlink:type="arc" xlink:arcrole="http://www.xbrl.org/2003/arcrole/summation-item" xlink:from="us-gaap_NetCashProvidedByUsedInFinancingActivities" xlink:to="bzc_NetBorrowingsRepaymentsOfOtherDebt" order="1.2000" weight="1.00" priority="2" use="optional"/>
    <calculationArc xlink:type="arc" xlink:arcrole="http://www.xbrl.org/2003/arcrole/summation-item" xlink:from="us-gaap_NetCashProvidedByUsedInFinancingActivities" xlink:to="us-gaap_ProceedsFromStockOptionsExercised" order="1.2100" weight="1.00" priority="2" use="optional"/>
    <calculationArc xlink:type="arc" xlink:arcrole="http://www.xbrl.org/2003/arcrole/summation-item" xlink:from="us-gaap_NetCashProvidedByUsedInInvestingActivities" xlink:to="us-gaap_PaymentsToAcquireProductiveAssets" order="1.1600" weight="-1.00" priority="2" use="optional"/>
    <calculationArc xlink:type="arc" xlink:arcrole="http://www.xbrl.org/2003/arcrole/summation-item" xlink:from="us-gaap_NetCashProvidedByUsedInInvestingActivities" xlink:to="bzc_CapitalizedQualificationUnits" order="1.1700" weight="-1.00" priority="2" use="optional"/>
    <calculationArc xlink:type="arc" xlink:arcrole="http://www.xbrl.org/2003/arcrole/summation-item" xlink:from="us-gaap_NetCashProvidedByUsedInOperatingActivities" xlink:to="us-gaap_NetIncomeLoss" order="1.0100" weight="1.00" priority="2" use="optional"/>
    <calculationArc xlink:type="arc" xlink:arcrole="http://www.xbrl.org/2003/arcrole/summation-item" xlink:from="us-gaap_NetCashProvidedByUsedInOperatingActivities" xlink:to="us-gaap_ResearchAndDevelopmentAssetAcquiredOtherThanThroughBusinessCombinationWrittenOff" order="1.0200" weight="1.00" priority="2" use="optional"/>
    <calculationArc xlink:type="arc" xlink:arcrole="http://www.xbrl.org/2003/arcrole/summation-item" xlink:from="us-gaap_NetCashProvidedByUsedInOperatingActivities" xlink:to="us-gaap_DepreciationDepletionAndAmortization" order="1.0300" weight="1.00" priority="2" use="optional"/>
    <calculationArc xlink:type="arc" xlink:arcrole="http://www.xbrl.org/2003/arcrole/summation-item" xlink:from="us-gaap_NetCashProvidedByUsedInOperatingActivities" xlink:to="bzc_NonCashReserveAccretion" order="1.0400" weight="1.00" priority="2" use="optional"/>
    <calculationArc xlink:type="arc" xlink:arcrole="http://www.xbrl.org/2003/arcrole/summation-item" xlink:from="us-gaap_NetCashProvidedByUsedInOperatingActivities" xlink:to="us-gaap_ShareBasedCompensation" order="1.0500" weight="1.00" priority="2" use="optional"/>
    <calculationArc xlink:type="arc" xlink:arcrole="http://www.xbrl.org/2003/arcrole/summation-item" xlink:from="us-gaap_NetCashProvidedByUsedInOperatingActivities" xlink:to="us-gaap_ProvisionForDoubtfulAccounts" order="1.0600" weight="1.00" priority="2" use="optional"/>
    <calculationArc xlink:type="arc" xlink:arcrole="http://www.xbrl.org/2003/arcrole/summation-item" xlink:from="us-gaap_NetCashProvidedByUsedInOperatingActivities" xlink:to="us-gaap_IncreaseDecreaseInDeferredIncomeTaxes" order="1.0700" weight="-1.00" priority="2" use="optional"/>
    <calculationArc xlink:type="arc" xlink:arcrole="http://www.xbrl.org/2003/arcrole/summation-item" xlink:from="us-gaap_NetCashProvidedByUsedInOperatingActivities" xlink:to="bzc_IncreaseDecreaseInAccountsReceivableAndOtherReceivables" order="1.0800" weight="-1.00" priority="2" use="optional"/>
    <calculationArc xlink:type="arc" xlink:arcrole="http://www.xbrl.org/2003/arcrole/summation-item" xlink:from="us-gaap_NetCashProvidedByUsedInOperatingActivities" xlink:to="us-gaap_IncreaseDecreaseInInventories" order="1.0900" weight="-1.00" priority="2" use="optional"/>
    <calculationArc xlink:type="arc" xlink:arcrole="http://www.xbrl.org/2003/arcrole/summation-item" xlink:from="us-gaap_NetCashProvidedByUsedInOperatingActivities" xlink:to="us-gaap_IncreaseDecreaseInOtherOperatingAssets" order="1.1000" weight="-1.00" priority="2" use="optional"/>
    <calculationArc xlink:type="arc" xlink:arcrole="http://www.xbrl.org/2003/arcrole/summation-item" xlink:from="us-gaap_NetCashProvidedByUsedInOperatingActivities" xlink:to="us-gaap_IncreaseDecreaseInAccountsPayable" order="1.1100" weight="1.00" priority="2" use="optional"/>
    <calculationArc xlink:type="arc" xlink:arcrole="http://www.xbrl.org/2003/arcrole/summation-item" xlink:from="us-gaap_NetCashProvidedByUsedInOperatingActivities" xlink:to="us-gaap_IncreaseDecreaseInAccruedSalaries" order="1.1200" weight="1.00" priority="2" use="optional"/>
    <calculationArc xlink:type="arc" xlink:arcrole="http://www.xbrl.org/2003/arcrole/summation-item" xlink:from="us-gaap_NetCashProvidedByUsedInOperatingActivities" xlink:to="us-gaap_IncreaseDecreaseInAccruedIncomeTaxesPayable" order="1.1300" weight="1.00" priority="2" use="optional"/>
    <calculationArc xlink:type="arc" xlink:arcrole="http://www.xbrl.org/2003/arcrole/summation-item" xlink:from="us-gaap_NetCashProvidedByUsedInOperatingActivities" xlink:to="us-gaap_IncreaseDecreaseInOtherOperatingLiabilities" order="1.1400" weight="1.00" priority="2" use="optional"/>
  </calculationLink>
  <calculationLink xlink:type="extended" xlink:role="http://www.breeze-eastern.com/taxonomy/role/DisclosureEarningsLossPerShareComponentsOfDenominatorForBasicEarningsPerCommonShareAndDilutedEarningsPerCommonShare">
    <loc xlink:type="locator" xlink:href="http://xbrl.fasb.org/us-gaap/2012/elts/us-gaap-2012-01-31.xsd#us-gaap_IncrementalCommonSharesAttributableToShareBasedPaymentArrangements" xlink:label="us-gaap_IncrementalCommonSharesAttributableToShareBasedPaymentArrangements"/>
    <loc xlink:type="locator" xlink:href="http://xbrl.fasb.org/us-gaap/2012/elts/us-gaap-2012-01-31.xsd#us-gaap_WeightedAverageNumberOfDilutedSharesOutstanding" xlink:label="us-gaap_WeightedAverageNumberOfDilutedSharesOutstanding"/>
    <loc xlink:type="locator" xlink:href="bzc-20121231.xsd#bzc_WeightedAverageNumberOfSharesOutstanding" xlink:label="bzc_WeightedAverageNumberOfSharesOutstanding"/>
    <calculationArc xlink:type="arc" xlink:arcrole="http://www.xbrl.org/2003/arcrole/summation-item" xlink:from="us-gaap_WeightedAverageNumberOfDilutedSharesOutstanding" xlink:to="bzc_WeightedAverageNumberOfSharesOutstanding" order="1.0100" weight="1.00" priority="2" use="optional"/>
    <calculationArc xlink:type="arc" xlink:arcrole="http://www.xbrl.org/2003/arcrole/summation-item" xlink:from="us-gaap_WeightedAverageNumberOfDilutedSharesOutstanding" xlink:to="us-gaap_IncrementalCommonSharesAttributableToShareBasedPaymentArrangements" order="1.0200" weight="1.00" priority="2" use="optional"/>
  </calculationLink>
  <calculationLink xlink:type="extended" xlink:role="http://www.breeze-eastern.com/taxonomy/role/DisclosureEarningsLossPerShareComponentsOfDenominatorForBasicEarningsPerCommonShareAndDilutedEarningsPerCommonShareParenthetical">
  </calculationLink>
  <calculationLink xlink:type="extended" xlink:role="http://www.breeze-eastern.com/taxonomy/role/DisclosureStockBasedCompensationAdditionalInformation">
  </calculationLink>
  <calculationLink xlink:type="extended" xlink:role="http://www.breeze-eastern.com/taxonomy/role/DisclosureStockBasedCompensationAssumptionsToEstimateFairValueOfOptionGrants">
  </calculationLink>
  <calculationLink xlink:type="extended" xlink:role="http://www.breeze-eastern.com/taxonomy/role/DisclosureStockBasedCompensationStockOptionActivityUnderAllPlansAndOtherGrants">
  </calculationLink>
  <calculationLink xlink:type="extended" xlink:role="http://www.breeze-eastern.com/taxonomy/role/DisclosureStockBasedCompensationRestrictedStockAwardActivityUnderAllPlans">
  </calculationLink>
  <calculationLink xlink:type="extended" xlink:role="http://www.breeze-eastern.com/taxonomy/role/DisclosureInventoriesInventories">
    <loc xlink:type="locator" xlink:href="http://xbrl.fasb.org/us-gaap/2012/elts/us-gaap-2012-01-31.xsd#us-gaap_InventoryFinishedGoods" xlink:label="us-gaap_InventoryFinishedGoods"/>
    <loc xlink:type="locator" xlink:href="http://xbrl.fasb.org/us-gaap/2012/elts/us-gaap-2012-01-31.xsd#us-gaap_InventoryGross" xlink:label="us-gaap_InventoryGross"/>
    <loc xlink:type="locator" xlink:href="http://xbrl.fasb.org/us-gaap/2012/elts/us-gaap-2012-01-31.xsd#us-gaap_InventoryNet" xlink:label="us-gaap_InventoryNet"/>
    <loc xlink:type="locator" xlink:href="http://xbrl.fasb.org/us-gaap/2012/elts/us-gaap-2012-01-31.xsd#us-gaap_InventoryRawMaterialsAndSupplies" xlink:label="us-gaap_InventoryRawMaterialsAndSupplies"/>
    <loc xlink:type="locator" xlink:href="http://xbrl.fasb.org/us-gaap/2012/elts/us-gaap-2012-01-31.xsd#us-gaap_InventoryValuationReserves" xlink:label="us-gaap_InventoryValuationReserves"/>
    <loc xlink:type="locator" xlink:href="http://xbrl.fasb.org/us-gaap/2012/elts/us-gaap-2012-01-31.xsd#us-gaap_InventoryWorkInProcess" xlink:label="us-gaap_InventoryWorkInProcess"/>
    <calculationArc xlink:type="arc" xlink:arcrole="http://www.xbrl.org/2003/arcrole/summation-item" xlink:from="us-gaap_InventoryGross" xlink:to="us-gaap_InventoryFinishedGoods" order="1.0100" weight="1.00" priority="2" use="optional"/>
    <calculationArc xlink:type="arc" xlink:arcrole="http://www.xbrl.org/2003/arcrole/summation-item" xlink:from="us-gaap_InventoryGross" xlink:to="us-gaap_InventoryWorkInProcess" order="1.0200" weight="1.00" priority="2" use="optional"/>
    <calculationArc xlink:type="arc" xlink:arcrole="http://www.xbrl.org/2003/arcrole/summation-item" xlink:from="us-gaap_InventoryGross" xlink:to="us-gaap_InventoryRawMaterialsAndSupplies" order="1.0300" weight="1.00" priority="2" use="optional"/>
    <calculationArc xlink:type="arc" xlink:arcrole="http://www.xbrl.org/2003/arcrole/summation-item" xlink:from="us-gaap_InventoryNet" xlink:to="us-gaap_InventoryGross" order="1.0400" weight="1.00" priority="2" use="optional"/>
    <calculationArc xlink:type="arc" xlink:arcrole="http://www.xbrl.org/2003/arcrole/summation-item" xlink:from="us-gaap_InventoryNet" xlink:to="us-gaap_InventoryValuationReserves" order="1.0500" weight="-1.00" priority="2" use="optional"/>
  </calculationLink>
  <calculationLink xlink:type="extended" xlink:role="http://www.breeze-eastern.com/taxonomy/role/DisclosureInventoriesAdditionalInformation">
  </calculationLink>
  <calculationLink xlink:type="extended" xlink:role="http://www.breeze-eastern.com/taxonomy/role/DisclosurePropertyEquipmentAndRelatedDepreciationAdditionalInformation">
  </calculationLink>
  <calculationLink xlink:type="extended" xlink:role="http://www.breeze-eastern.com/taxonomy/role/DisclosurePropertyEquipmentAndRelatedDepreciationEstimatedUsefulLivesForProperty">
  </calculationLink>
  <calculationLink xlink:type="extended" xlink:role="http://www.breeze-eastern.com/taxonomy/role/DisclosureProductWarrantyAdditionalInformation">
  </calculationLink>
  <calculationLink xlink:type="extended" xlink:role="http://www.breeze-eastern.com/taxonomy/role/DisclosureProductWarrantyChangesInCarryingAmountOfAccruedProductWarrantyCosts">
  </calculationLink>
  <calculationLink xlink:type="extended" xlink:role="http://www.breeze-eastern.com/taxonomy/role/DisclosureOtherCurrentLiabilitiesOtherCurrentLiabilities">
    <loc xlink:type="locator" xlink:href="http://xbrl.fasb.org/us-gaap/2012/elts/us-gaap-2012-01-31.xsd#us-gaap_AccrualForEnvironmentalLossContingencies" xlink:label="us-gaap_AccrualForEnvironmentalLossContingencies"/>
    <loc xlink:type="locator" xlink:href="http://xbrl.fasb.org/us-gaap/2012/elts/us-gaap-2012-01-31.xsd#us-gaap_AccruedEmployeeBenefitsCurrent" xlink:label="us-gaap_AccruedEmployeeBenefitsCurrent"/>
    <loc xlink:type="locator" xlink:href="http://xbrl.fasb.org/us-gaap/2012/elts/us-gaap-2012-01-31.xsd#us-gaap_AccruedSalesCommissionCurrent" xlink:label="us-gaap_AccruedSalesCommissionCurrent"/>
    <loc xlink:type="locator" xlink:href="bzc-20121231.xsd#bzc_EngineeringProjectReservesCurrent" xlink:label="bzc_EngineeringProjectReservesCurrent"/>
    <loc xlink:type="locator" xlink:href="http://xbrl.fasb.org/us-gaap/2012/elts/us-gaap-2012-01-31.xsd#us-gaap_OtherAccruedLiabilitiesCurrent" xlink:label="us-gaap_OtherAccruedLiabilitiesCurrent"/>
    <loc xlink:type="locator" xlink:href="http://xbrl.fasb.org/us-gaap/2012/elts/us-gaap-2012-01-31.xsd#us-gaap_OtherLiabilitiesCurrent" xlink:label="us-gaap_OtherLiabilitiesCurrent"/>
    <calculationArc xlink:type="arc" xlink:arcrole="http://www.xbrl.org/2003/arcrole/summation-item" xlink:from="us-gaap_OtherLiabilitiesCurrent" xlink:to="bzc_EngineeringProjectReservesCurrent" order="1.0100" weight="1.00" priority="2" use="optional"/>
    <calculationArc xlink:type="arc" xlink:arcrole="http://www.xbrl.org/2003/arcrole/summation-item" xlink:from="us-gaap_OtherLiabilitiesCurrent" xlink:to="us-gaap_AccrualForEnvironmentalLossContingencies" order="1.0200" weight="1.00" priority="2" use="optional"/>
    <calculationArc xlink:type="arc" xlink:arcrole="http://www.xbrl.org/2003/arcrole/summation-item" xlink:from="us-gaap_OtherLiabilitiesCurrent" xlink:to="us-gaap_AccruedEmployeeBenefitsCurrent" order="1.0300" weight="1.00" priority="2" use="optional"/>
    <calculationArc xlink:type="arc" xlink:arcrole="http://www.xbrl.org/2003/arcrole/summation-item" xlink:from="us-gaap_OtherLiabilitiesCurrent" xlink:to="us-gaap_AccruedSalesCommissionCurrent" order="1.0400" weight="1.00" priority="2" use="optional"/>
    <calculationArc xlink:type="arc" xlink:arcrole="http://www.xbrl.org/2003/arcrole/summation-item" xlink:from="us-gaap_OtherLiabilitiesCurrent" xlink:to="us-gaap_OtherAccruedLiabilitiesCurrent" order="1.0500" weight="1.00" priority="2" use="optional"/>
  </calculationLink>
  <calculationLink xlink:type="extended" xlink:role="http://www.breeze-eastern.com/taxonomy/role/DisclosureIncomeTaxesAdditionalInformation">
  </calculationLink>
  <calculationLink xlink:type="extended" xlink:role="http://www.breeze-eastern.com/taxonomy/role/DisclosureLongTermDebtPayableToBanksLongTermDebtIncludingCurrentMaturities">
    <loc xlink:type="locator" xlink:href="http://xbrl.fasb.org/us-gaap/2012/elts/us-gaap-2012-01-31.xsd#us-gaap_LongTermDebt" xlink:label="us-gaap_LongTermDebt"/>
    <loc xlink:type="locator" xlink:href="http://xbrl.fasb.org/us-gaap/2012/elts/us-gaap-2012-01-31.xsd#us-gaap_LongTermDebtCurrent" xlink:label="us-gaap_LongTermDebtCurrent"/>
    <loc xlink:type="locator" xlink:href="http://xbrl.fasb.org/us-gaap/2012/elts/us-gaap-2012-01-31.xsd#us-gaap_LongTermDebtNoncurrent" xlink:label="us-gaap_LongTermDebtNoncurrent"/>
    <calculationArc xlink:type="arc" xlink:arcrole="http://www.xbrl.org/2003/arcrole/summation-item" xlink:from="us-gaap_LongTermDebt" xlink:to="us-gaap_LongTermDebtCurrent" order="1.0100" weight="1.00" priority="2" use="optional"/>
    <calculationArc xlink:type="arc" xlink:arcrole="http://www.xbrl.org/2003/arcrole/summation-item" xlink:from="us-gaap_LongTermDebt" xlink:to="us-gaap_LongTermDebtNoncurrent" order="1.0200" weight="1.00" priority="2" use="optional"/>
  </calculationLink>
  <calculationLink xlink:type="extended" xlink:role="http://www.breeze-eastern.com/taxonomy/role/DisclosureLongTermDebtPayableToBanksAdditionalInformation">
  </calculationLink>
  <calculationLink xlink:type="extended" xlink:role="http://www.breeze-eastern.com/taxonomy/role/DisclosureEmployeeBenefitPlansAdditionalInformation">
  </calculationLink>
  <calculationLink xlink:type="extended" xlink:role="http://www.breeze-eastern.com/taxonomy/role/DisclosureEmployeeBenefitPlansComponentsOfNetPeriodicBenefitCost">
    <loc xlink:type="locator" xlink:href="http://xbrl.fasb.org/us-gaap/2012/elts/us-gaap-2012-01-31.xsd#us-gaap_DefinedBenefitPlanAmortizationOfGainsLosses" xlink:label="us-gaap_DefinedBenefitPlanAmortizationOfGainsLosses"/>
    <loc xlink:type="locator" xlink:href="http://xbrl.fasb.org/us-gaap/2012/elts/us-gaap-2012-01-31.xsd#us-gaap_DefinedBenefitPlanInterestCost" xlink:label="us-gaap_DefinedBenefitPlanInterestCost"/>
    <loc xlink:type="locator" xlink:href="http://xbrl.fasb.org/us-gaap/2012/elts/us-gaap-2012-01-31.xsd#us-gaap_DefinedBenefitPlanNetPeriodicBenefitCost" xlink:label="us-gaap_DefinedBenefitPlanNetPeriodicBenefitCost"/>
    <calculationArc xlink:type="arc" xlink:arcrole="http://www.xbrl.org/2003/arcrole/summation-item" xlink:from="us-gaap_DefinedBenefitPlanNetPeriodicBenefitCost" xlink:to="us-gaap_DefinedBenefitPlanInterestCost" order="1.0100" weight="1.00" priority="2" use="optional"/>
    <calculationArc xlink:type="arc" xlink:arcrole="http://www.xbrl.org/2003/arcrole/summation-item" xlink:from="us-gaap_DefinedBenefitPlanNetPeriodicBenefitCost" xlink:to="us-gaap_DefinedBenefitPlanAmortizationOfGainsLosses" order="1.0200" weight="-1.00" priority="2" use="optional"/>
  </calculationLink>
  <calculationLink xlink:type="extended" xlink:role="http://www.breeze-eastern.com/taxonomy/role/DisclosureConcentrationOfCreditRisksOfFinancialInstrumentsAdditionalInformation">
  </calculationLink>
  <calculationLink xlink:type="extended" xlink:role="http://www.breeze-eastern.com/taxonomy/role/DisclosureContingenciesAndLegacyEnvironmentalCommitmentsAdditionalInformation">
  </calculationLink>
  <calculationLink xlink:type="extended" xlink:role="http://www.breeze-eastern.com/taxonomy/role/DisclosureSegmentGeographicLocationAndCustomerInformationAdditionalInformation">
  </calculationLink>
  <calculationLink xlink:type="extended" xlink:role="http://www.breeze-eastern.com/taxonomy/role/DisclosureSegmentGeographicLocationAndCustomerInformationSummaryOfTotalRevenuesDerivedFromCustomers">
  </calculationLink>
  <calculationLink xlink:type="extended" xlink:role="http://www.breeze-eastern.com/taxonomy/role/DisclosureSegmentGeographicLocationAndCustomerInformationSummaryOfTotalRevenuesDerivedFromCustomersParenthetical">
  </calculationLink>
  <calculationLink xlink:type="extended" xlink:role="http://www.breeze-eastern.com/taxonomy/role/DisclosureSegmentGeographicLocationAndCustomerInformationNetSalesByGeographicLocation">
  </calculationLink>
  <calculationLink xlink:type="extended" xlink:role="http://www.breeze-eastern.com/taxonomy/role/DisclosureSubsequentEventsAdditionalInformation">
  </calculationLink>
  <calculationLink xlink:type="extended" xlink:role="http://www.breeze-eastern.com/taxonomy/role/NotesToFinancialStatementsOrganizationConsolidationAndPresentationOfFinancialStatementsDisclosureTextBlock">
  </calculationLink>
  <calculationLink xlink:type="extended" xlink:role="http://www.breeze-eastern.com/taxonomy/role/NotesToFinancialStatementsEarningsPerShareTextBlock">
  </calculationLink>
  <calculationLink xlink:type="extended" xlink:role="http://www.breeze-eastern.com/taxonomy/role/NotesToFinancialStatementsEarningsPerShareTextBlockTables">
  </calculationLink>
  <calculationLink xlink:type="extended" xlink:role="http://www.breeze-eastern.com/taxonomy/role/NotesToFinancialStatementsDisclosureOfCompensationRelatedCostsShareBasedPaymentsTextBlock">
  </calculationLink>
  <calculationLink xlink:type="extended" xlink:role="http://www.breeze-eastern.com/taxonomy/role/NotesToFinancialStatementsDisclosureOfCompensationRelatedCostsShareBasedPaymentsTextBlockTables">
  </calculationLink>
  <calculationLink xlink:type="extended" xlink:role="http://www.breeze-eastern.com/taxonomy/role/NotesToFinancialStatementsInventoryDisclosureTextBlock">
  </calculationLink>
  <calculationLink xlink:type="extended" xlink:role="http://www.breeze-eastern.com/taxonomy/role/NotesToFinancialStatementsInventoryDisclosureTextBlockTables">
  </calculationLink>
  <calculationLink xlink:type="extended" xlink:role="http://www.breeze-eastern.com/taxonomy/role/NotesToFinancialStatementsPropertyPlantAndEquipmentDisclosureTextBlock">
  </calculationLink>
  <calculationLink xlink:type="extended" xlink:role="http://www.breeze-eastern.com/taxonomy/role/NotesToFinancialStatementsPropertyPlantAndEquipmentDisclosureTextBlockTables">
  </calculationLink>
  <calculationLink xlink:type="extended" xlink:role="http://www.breeze-eastern.com/taxonomy/role/NotesToFinancialStatementsProductWarrantyDisclosureTextBlock">
  </calculationLink>
  <calculationLink xlink:type="extended" xlink:role="http://www.breeze-eastern.com/taxonomy/role/NotesToFinancialStatementsProductWarrantyDisclosureTextBlockTables">
  </calculationLink>
  <calculationLink xlink:type="extended" xlink:role="http://www.breeze-eastern.com/taxonomy/role/NotesToFinancialStatementsOtherLiabilitiesDisclosureTextBlock">
  </calculationLink>
  <calculationLink xlink:type="extended" xlink:role="http://www.breeze-eastern.com/taxonomy/role/NotesToFinancialStatementsOtherLiabilitiesDisclosureTextBlockTables">
  </calculationLink>
  <calculationLink xlink:type="extended" xlink:role="http://www.breeze-eastern.com/taxonomy/role/NotesToFinancialStatementsIncomeTaxDisclosureTextBlock">
  </calculationLink>
  <calculationLink xlink:type="extended" xlink:role="http://www.breeze-eastern.com/taxonomy/role/NotesToFinancialStatementsLongTermDebtTextBlock">
  </calculationLink>
  <calculationLink xlink:type="extended" xlink:role="http://www.breeze-eastern.com/taxonomy/role/NotesToFinancialStatementsLongTermDebtTextBlockTables">
  </calculationLink>
  <calculationLink xlink:type="extended" xlink:role="http://www.breeze-eastern.com/taxonomy/role/NotesToFinancialStatementsFairValueDisclosuresTextBlock">
  </calculationLink>
  <calculationLink xlink:type="extended" xlink:role="http://www.breeze-eastern.com/taxonomy/role/NotesToFinancialStatementsPensionAndOtherPostretirementBenefitsDisclosureTextBlock">
  </calculationLink>
  <calculationLink xlink:type="extended" xlink:role="http://www.breeze-eastern.com/taxonomy/role/NotesToFinancialStatementsPensionAndOtherPostretirementBenefitsDisclosureTextBlockTables">
  </calculationLink>
  <calculationLink xlink:type="extended" xlink:role="http://www.breeze-eastern.com/taxonomy/role/NotesToFinancialStatementsConcentrationRiskDisclosureTextBlock">
  </calculationLink>
  <calculationLink xlink:type="extended" xlink:role="http://www.breeze-eastern.com/taxonomy/role/NotesToFinancialStatementsNewAccountingPronouncementsAndChangesInAccountingPrinciplesTextBlock">
  </calculationLink>
  <calculationLink xlink:type="extended" xlink:role="http://www.breeze-eastern.com/taxonomy/role/NotesToFinancialStatementsNewAccountingPronouncementsAndChangesInAccountingPrinciplesTextBlockPolicies">
  </calculationLink>
  <calculationLink xlink:type="extended" xlink:role="http://www.breeze-eastern.com/taxonomy/role/NotesToFinancialStatementsCommitmentsAndContingenciesDisclosureTextBlock">
  </calculationLink>
  <calculationLink xlink:type="extended" xlink:role="http://www.breeze-eastern.com/taxonomy/role/NotesToFinancialStatementsSegmentReportingDisclosureTextBlock">
  </calculationLink>
  <calculationLink xlink:type="extended" xlink:role="http://www.breeze-eastern.com/taxonomy/role/NotesToFinancialStatementsSegmentReportingDisclosureTextBlockTables">
  </calculationLink>
  <calculationLink xlink:type="extended" xlink:role="http://www.breeze-eastern.com/taxonomy/role/NotesToFinancialStatementsSubsequentEventsTextBlock">
  </calculationLink>
</linkbase>
