<?xml version="1.0" encoding="us-ascii"?>
<!--XBRL document created by RR Donnelley IM Processor 6.0.0.0 using Fujitsu Interstage XWand-->
<xbrl xmlns:cfvst12="http://www.columbiamanagement.com/20130122" xmlns:xsi="http://www.w3.org/2001/XMLSchema-instance" xmlns:dei="http://xbrl.sec.gov/dei/2012-01-31" xmlns:rr="http://xbrl.sec.gov/rr/2012-01-31" xmlns:link="http://www.xbrl.org/2003/linkbase" xmlns:xbrldi="http://xbrl.org/2006/xbrldi" xmlns:iso4217="http://www.xbrl.org/2003/iso4217" xmlns:xlink="http://www.w3.org/1999/xlink" xmlns="http://www.xbrl.org/2003/instance">
  <link:schemaRef xlink:type="simple" xlink:href="cfvst12-20130122.xsd" />
  <context id="Duration_02May2011_01May2012">
    <entity>
      <identifier scheme="http://www.sec.gov/CIK">0001413032</identifier>
    </entity>
    <period>
      <startDate>2011-05-02</startDate>
      <endDate>2012-05-01</endDate>
    </period>
  </context>
  <context id="Duration_02May2011_01May2012S000028688_Member">
    <entity>
      <identifier scheme="http://www.sec.gov/CIK">0001413032</identifier>
      <segment>
        <xbrldi:explicitMember dimension="dei:LegalEntityAxis">cfvst12:S000028688Member</xbrldi:explicitMember>
      </segment>
    </entity>
    <period>
      <startDate>2011-05-02</startDate>
      <endDate>2012-05-01</endDate>
    </period>
  </context>
  <rr:ProspectusDate contextRef="Duration_02May2011_01May2012">2012-05-01</rr:ProspectusDate>
  <dei:EntityRegistrantName contextRef="Duration_02May2011_01May2012">Columbia Funds Variable Series Trust II</dei:EntityRegistrantName>
  <dei:EntityCentralIndexKey contextRef="Duration_02May2011_01May2012">0001413032</dei:EntityCentralIndexKey>
  <dei:DocumentCreationDate contextRef="Duration_02May2011_01May2012">2013-01-22</dei:DocumentCreationDate>
  <dei:DocumentEffectiveDate contextRef="Duration_02May2011_01May2012">2013-01-22</dei:DocumentEffectiveDate>
  <dei:DocumentPeriodEndDate contextRef="Duration_02May2011_01May2012">2011-12-31</dei:DocumentPeriodEndDate>
  <dei:AmendmentFlag contextRef="Duration_02May2011_01May2012">false</dei:AmendmentFlag>
  <dei:DocumentType contextRef="Duration_02May2011_01May2012">Other</dei:DocumentType>
  <cfvst12:SupplementTextBlock contextRef="Duration_02May2011_01May2012">&lt;table cellspacing="0" cellpadding="0" width="100%" border="0" align="center" style="border-collapse: collapse;"&gt;&lt;tr&gt;&lt;td valign="top"&gt;&lt;p align="center" style="margin-top: 0px; margin-bottom: 0px;"&gt;&lt;b&gt;Variable Portfolio-Marsico Growth Fund&lt;/b&gt;&lt;/p&gt;&lt;p align="left" style="margin-top: 0px; margin-bottom: 0px;"&gt;&amp;nbsp;&lt;/p&gt;&lt;p align="center" style="margin-top: 0px; margin-bottom: 0px;"&gt;&lt;b&gt;Supplement dated January&amp;nbsp;22, 2013&lt;/b&gt;&lt;/p&gt;&lt;p align="center" style="margin-top: 0px; margin-bottom: 1px;"&gt;&lt;b&gt;to the Prospectus and Statement of Additional Information (SAI) dated May&amp;nbsp;1, 2012&lt;/b&gt;&lt;/p&gt;&lt;/td&gt;&lt;/tr&gt;&lt;/table&gt;&lt;p style="margin-top: 8px; margin-bottom: 0px;"&gt;Marsico Capital Management, LLC will continue to provide services to the Fund through March&amp;nbsp;22, 2013.&lt;/p&gt;&lt;p style="margin-top: 6px; margin-bottom: 0px;"&gt;For the prospectus&lt;/p&gt;&lt;p style="margin-top: 8px; margin-bottom: 0px;"&gt;Effective on or about March&amp;nbsp;25, 2013, the following changes are hereby made to the Fund's prospectus:&lt;/p&gt;&lt;p style="margin-top: 8px; margin-bottom: 0px;"&gt;The name of the Fund is changed to Variable Portfolio-Holland Large Cap Growth Fund.&lt;/p&gt;&lt;p style="margin-top: 8px; margin-bottom: 0px;"&gt;The "Principal Investment Strategies of the Fund" in the Summary of the Fund is superseded and replaced as follows:&lt;/p&gt;&lt;p style="margin-top: 8px; margin-bottom: 0px;"&gt;Under normal market conditions, the Fund invests at least 80% of its net assets (including the amount of any borrowings for investment purposes) in equity securities of large capitalization companies that fall within the range of the Russell 1000 Index (Index). The market capitalization range of the companies included within the Index was $313 million to $498.4 billion as of December&amp;nbsp;31, 2012. The market capitalization range of the companies in the Index is subject to change. Equity securities include common stocks, preferred stocks, securities convertible into common stocks, real estate investment trusts (REITs) and American Depositary Receipts (ADRs). The Fund invests primarily in U.S. companies. Up to 25% of the Fund's net assets may be invested in foreign investments, including investments in emerging markets. The Fund will provide shareholders with at least 60 days' written notice of any change in the 80% policy.&lt;/p&gt;&lt;p style="margin-top: 8px; margin-bottom: 0px;"&gt;Columbia Management Investment Advisers, LLC (the Investment Manager) serves as the investment manager to the Fund and is responsible for the oversight of the Fund's subadviser, Holland Capital Management LLC (Holland or the Subadviser), which provides day-to-day portfolio management of the Fund.&lt;/p&gt;&lt;p style="margin-top: 8px; margin-bottom: 0px;"&gt;The "Principal Risks of Investing in the Fund" in the Summary of the Fund is hereby revised to delete "Risks of Foreign/Emerging Markets Investing Risk" and "Sector Risk" and to add the following risks:&lt;/p&gt;&lt;p style="margin-top: 8px; margin-bottom: 0px;"&gt;&lt;b&gt;Convertible Securities Risk.&lt;/b&gt;&amp;nbsp;Convertible securities are subject to the usual risks associated with debt securities, such as interest rate risk and credit risk. Convertible securities also react to changes in the value of the common stock into which they convert, and are thus subject to market risk. The Fund may also be forced to convert a convertible security at an inopportune time, which may decrease the Fund's return.&lt;/p&gt;&lt;p style="margin-top: 8px; margin-bottom: 0px;"&gt;&lt;b&gt;Depositary Receipts Risks.&lt;/b&gt;&amp;nbsp;Depositary receipts are receipts issued by a bank or trust company and evidence of ownership of underlying securities issued by foreign companies. Some foreign securities are traded in the form of American Depositary Receipts (ADRs). Depositary receipts involve the risks of other investments in foreign securities, including risks associated with investing in the particular country, including the political, regulatory, economic, social and other conditions or events occurring in the country, as well as fluctuations in its currency. In addition, ADR holders may not have all the legal rights of shareholders and may experience difficulty in receiving shareholder communications.&lt;/p&gt;&lt;p style="margin-top: 8px; margin-bottom: 0px;"&gt;&lt;b&gt;Emerging Market Securities&amp;nbsp;Risk.&lt;/b&gt;&amp;nbsp;Securities issued by foreign governments or companies in emerging market countries are more likely to have greater exposure to the risks of investing in foreign securities that are described in Foreign Securities Risk. In addition, emerging market countries are more likely to experience instability resulting, for example, from rapid changes or developments in social, political and economic conditions. Their economies are usually less mature and their securities markets are typically less developed with more limited trading activity (i.e., lower trading volumes and less liquidity) than more developed countries. Emerging market securities tend to be more volatile than securities in more developed markets. Many emerging market countries are heavily dependent on international trade and have fewer trading partners, which makes them more sensitive to world commodity prices and economic downturns in other countries, and some have a higher risk of currency devaluations.&lt;/p&gt;&lt;p style="margin-top: 8px; margin-bottom: 0px;"&gt;&lt;b&gt;Equity Securities Risk&lt;/b&gt;&lt;/p&gt;&lt;p style="margin-top: 0px; margin-bottom: 0px;"&gt;Equity securities are subject to market risk. The Fund's investments in equity securities may include common stocks, preferred stocks, securities convertible into common stocks, REITs and ADRs. Investing in such securities may expose the Fund to additional risks. Common stock generally is subordinate to preferred stock upon the liquidation or bankruptcy of the issuing company. Preferred stocks and convertible securities are sensitive to movements in interest rates. In addition, convertible securities are subject to the risk that the credit standing of the issuer may have an effect on the convertible securities' investment value. Investments in REITs are subject to the risks associated with investing in the real estate industry such as adverse developments affecting the real estate industry and real property values. Investments in ADRs are subject to certain of the risks associated with investing directly in foreign securities.&lt;/p&gt;&lt;p style="margin-top: 8px; margin-bottom: 0px;"&gt;&lt;b&gt;Focused Portfolio Risk.&lt;/b&gt;&amp;nbsp;Because the Fund may invest in a limited number of companies, the Fund as a whole is subject to greater risk of loss if any of those securities decline in price.&lt;/p&gt;&lt;p style="margin-top: 8px; margin-bottom: 0px;"&gt;&lt;b&gt;Foreign Securities Risk.&lt;/b&gt;&amp;nbsp;Investments in foreign securities involve certain risks not associated with investments in securities of U.S. companies. Foreign securities subject the Fund to the risks associated with investing in the particular country, including the political, regulatory, economic, social, diplomatic and other conditions or events occurring in the country or region, as well as fluctuations in its currency and the risks associated with less developed custody and settlement practices. Foreign securities may be more volatile and less liquid than investments in securities of U.S. companies.&lt;/p&gt;&lt;p style="margin-top: 8px; margin-bottom: 0px;"&gt;&lt;b&gt;Growth Securities Risk.&lt;/b&gt;&amp;nbsp;Growth securities typically trade at a higher multiple of earnings than other types of equity securities. Accordingly, the&amp;nbsp;market&amp;nbsp;values&amp;nbsp;of growth securities may be more sensitive to adverse economic or other circumstances or changes in current or expected earnings than the&amp;nbsp;market&amp;nbsp;values&amp;nbsp;of other types of securities. In addition, growth securities, at times, may not perform as well as value securities or the stock market in general, and may be out of favor with investors for varying periods of time.&lt;/p&gt;&lt;p style="margin-top: 8px; margin-bottom: 0px;"&gt;&lt;b&gt;Preferred Stock Risk.&lt;/b&gt;&amp;nbsp;Preferred stock is a type of stock that pays dividends at a specified rate and that has preference over common stock in the payment of dividends and the liquidation of assets. Preferred stock does not ordinarily carry voting rights. The price of a preferred stock is generally determined by earnings, type of products or services, projected growth rates, experience of management, liquidity, and general market conditions of the markets on which the stock trades. The most significant risks associated with investments in preferred stock include Issuer Risk and Market Risk.&lt;/p&gt;&lt;p style="margin-top: 8px; margin-bottom: 0px;"&gt;&lt;b&gt;Real Estate-related Investment Risk.&lt;/b&gt;&amp;nbsp;Investment in real estate investment trusts (REITs) and in securities of other companies (wherever organized) principally engaged in the real estate industry subjects the Fund, among other risks, to risks similar to those of direct investments in real estate and the real estate industry in general, including risks related to general and local economic conditions, possible lack of availability of financing and changes in interest rates or property values. REITs are entities that either own properties or make construction or mortgage loans, and also may include operating or finance companies. The value of REIT shares is affected by, among other factors, changes in the value of the underlying properties owned by the REIT, by changes in the prospect for earnings and/or cash flow growth of the REIT itself, defaults by borrowers or tenants, market saturation, decreases in market rates for rents, and other economic, political, or regulatory matters affecting the real estate industry, including REITs. REITs and similar non-U.S. entities depend upon specialized management skills, may have limited financial resources, may have less trading volume in their securities, and may be subject to more abrupt or erratic price movements than the overall securities markets. REITs are also subject to the risk of failing to qualify for tax-free pass-through of income. Some REITs (especially mortgage REITs) are affected by risks similar to those associated with investments in debt securities including changes in interest rates and the quality of credit extended.&lt;/p&gt;&lt;p style="margin-top: 8px; margin-bottom: 0px;"&gt;The Past Performance section in the Summary of the Fund is superseded and replaced as follows:&lt;/p&gt;&lt;p style="margin-top: 8px; margin-bottom: 0px;"&gt;&lt;b&gt;PAST PERFORMANCE&lt;/b&gt;&lt;/p&gt;&lt;p style="margin-top: 0px; margin-bottom: 0px;"&gt;The following bar chart and table show you how the Fund has performed in the past, and can help you understand the risks of investing in the Fund. The bar chart shows how the Fund's Class 2 share performance has varied for each full calendar year shown. The table shows how the Fund's average annual total returns compare to its benchmark index.&lt;/p&gt;&lt;p style="margin-top: 8px; margin-bottom: 0px;"&gt;The Fund's returns do not reflect expenses that apply to your Accounts and Contracts. Inclusion of these charges would reduce total returns for all periods shown.&lt;/p&gt;&lt;p style="margin-top: 8px; margin-bottom: 0px;"&gt;The Fund's past performance is no guarantee of how the Fund will perform in the future. Updated performance information can be obtained by calling toll-free 800.345.6611.&lt;/p&gt;&lt;p align="center" style="margin-top: 8px; margin-bottom: 0px;"&gt;Class 2 Annual Total Returns&lt;/p&gt;&lt;p style="font-family: 'Times New Roman'; font-size: 8px; margin-top: 0px; margin-bottom: 0px;"&gt;&amp;nbsp;&lt;/p&gt;&lt;table cellspacing="0" cellpadding="0" width="100%" border="0" align="center" style="border-collapse: collapse;"&gt;&lt;tr&gt;&lt;td&gt;&lt;/td&gt;&lt;td valign="bottom" width="91%"&gt;&lt;/td&gt;&lt;td&gt;&lt;/td&gt;&lt;/tr&gt;&lt;tr&gt;&lt;td valign="top" nowrap="nowrap" align="center" style="border-left-width: 1px; border-left-style: solid; border-left-color: rgb(0, 0, 0); border-top-width: 1px; border-top-style: solid; border-top-color: rgb(0, 0, 0); border-bottom-width: 1px; border-bottom-style: solid; border-bottom-color: rgb(0, 0, 0); padding-left: 8px;"&gt;-2.58%&lt;/td&gt;&lt;td valign="bottom" style="border-left-width: 1px; border-left-style: solid; border-left-color: rgb(0, 0, 0); border-top-width: 1px; border-top-style: solid; border-top-color: rgb(0, 0, 0); border-bottom-width: 1px; border-bottom-style: solid; border-bottom-color: rgb(0, 0, 0);"&gt;&amp;nbsp;&lt;/td&gt;&lt;td valign="bottom" nowrap="nowrap" align="center" style="border-top-width: 1px; border-top-style: solid; border-top-color: rgb(0, 0, 0); border-right-width: 1px; border-right-style: solid; border-right-color: rgb(0, 0, 0); border-bottom-width: 1px; border-bottom-style: solid; border-bottom-color: rgb(0, 0, 0);"&gt;11.85%&lt;/td&gt;&lt;/tr&gt;&lt;tr&gt;&lt;td valign="top" align="center" style="border-left-width: 1px; border-left-style: solid; border-left-color: rgb(0, 0, 0); border-bottom-width: 1px; border-bottom-style: solid; border-bottom-color: rgb(0, 0, 0); padding-left: 8px;"&gt;2011&lt;/td&gt;&lt;td valign="bottom" style="border-left-width: 1px; border-left-style: solid; border-left-color: rgb(0, 0, 0); border-bottom-width: 1px; border-bottom-style: solid; border-bottom-color: rgb(0, 0, 0);"&gt;&amp;nbsp;&lt;/td&gt;&lt;td valign="bottom" nowrap="nowrap" align="center" style="border-right-width: 1px; border-right-style: solid; border-right-color: rgb(0, 0, 0); border-bottom-width: 1px; border-bottom-style: solid; border-bottom-color: rgb(0, 0, 0);"&gt;2012&lt;/td&gt;&lt;/tr&gt;&lt;/table&gt;&lt;p align="center" style="margin-top: 0px; margin-bottom: 0px;"&gt;(calendar year)&lt;/p&gt;&lt;p style="margin-top: 8px; margin-bottom: 0px;"&gt;During the period shown:&lt;/p&gt;&lt;p style="margin-top: 8px; margin-bottom: 0px;"&gt;&lt;b&gt;&amp;#8226;&lt;/b&gt;&amp;nbsp;Highest return for a calendar quarter was 15.78% (quarter ended March&amp;nbsp;31, 2012).&lt;/p&gt;&lt;p style="margin-top: 8px; margin-bottom: 0px;"&gt;&lt;b&gt;&amp;#8226;&lt;/b&gt;&amp;nbsp;Lowest return for a calendar quarter was -6.30% (quarter ended June&amp;nbsp;30, 2012).&lt;/p&gt;&lt;p style="margin-top: 8px; margin-bottom: 0px;"&gt;Average Annual Total Returns&lt;/p&gt;&lt;p style="font-family: 'Times New Roman'; font-size: 8px; margin-top: 0px; margin-bottom: 0px;"&gt;&amp;nbsp;&lt;/p&gt;&lt;table cellspacing="0" cellpadding="0" width="100%" border="0" align="center" style="border-collapse: collapse;"&gt;&lt;tr&gt;&lt;td width="78%"&gt;&lt;/td&gt;&lt;td valign="bottom" width="1%"&gt;&lt;/td&gt;&lt;td&gt;&lt;/td&gt;&lt;td valign="bottom" width="1%"&gt;&lt;/td&gt;&lt;td&gt;&lt;/td&gt;&lt;/tr&gt;&lt;tr&gt;&lt;td valign="top" style="border-left-width: 1px; border-left-style: solid; border-left-color: rgb(0, 0, 0); border-top-width: 1px; border-top-style: solid; border-top-color: rgb(0, 0, 0); border-bottom-width: 1px; border-bottom-style: solid; border-bottom-color: rgb(0, 0, 0); padding-left: 8px;"&gt;&lt;p style="margin-left: 1em;"&gt;(for periods ended December&amp;nbsp;31, 2012)&lt;/p&gt;&lt;/td&gt;&lt;td valign="bottom" style="border-left-width: 1px; border-left-style: solid; border-left-color: rgb(0, 0, 0); border-top-width: 1px; border-top-style: solid; border-top-color: rgb(0, 0, 0); border-bottom-width: 1px; border-bottom-style: solid; border-bottom-color: rgb(0, 0, 0);"&gt;&amp;nbsp;&amp;nbsp;&lt;/td&gt;&lt;td valign="top" nowrap="nowrap" align="center" style="border-top-width: 1px; border-top-style: solid; border-top-color: rgb(0, 0, 0); border-bottom-width: 1px; border-bottom-style: solid; border-bottom-color: rgb(0, 0, 0);"&gt;1&amp;nbsp;year&lt;/td&gt;&lt;td valign="bottom" style="border-left-width: 1px; border-left-style: solid; border-left-color: rgb(0, 0, 0); border-top-width: 1px; border-top-style: solid; border-top-color: rgb(0, 0, 0); border-bottom-width: 1px; border-bottom-style: solid; border-bottom-color: rgb(0, 0, 0);"&gt;&amp;nbsp;&amp;nbsp;&lt;/td&gt;&lt;td valign="top" nowrap="nowrap" align="center" style="border-top-width: 1px; border-top-style: solid; border-top-color: rgb(0, 0, 0); border-right-width: 1px; border-right-style: solid; border-right-color: rgb(0, 0, 0); border-bottom-width: 1px; border-bottom-style: solid; border-bottom-color: rgb(0, 0, 0);"&gt;Since&amp;nbsp;inception&lt;br/&gt;&lt;p align="center" style="margin-bottom: 1px; margin-top: 0px;"&gt;(5/7/10)&lt;/p&gt;&lt;/td&gt;&lt;/tr&gt;&lt;tr&gt;&lt;td valign="top" style="border-left-width: 1px; border-left-style: solid; border-left-color: rgb(0, 0, 0); border-bottom-width: 1px; border-bottom-style: solid; border-bottom-color: rgb(0, 0, 0); padding-left: 8px;"&gt;&lt;p style="margin-left: 1em;"&gt;Variable Portfolio-Holland Large Cap Growth Fund&lt;/p&gt;&lt;/td&gt;&lt;td valign="bottom" style="border-left-width: 1px; border-left-style: solid; border-left-color: rgb(0, 0, 0); border-bottom-width: 1px; border-bottom-style: solid; border-bottom-color: rgb(0, 0, 0);"&gt;&amp;nbsp;&amp;nbsp;&lt;/td&gt;&lt;td valign="bottom" style="border-bottom-width: 1px; border-bottom-style: solid; border-bottom-color: rgb(0, 0, 0);"&gt;&amp;nbsp;&lt;/td&gt;&lt;td valign="bottom" style="border-left-width: 1px; border-left-style: solid; border-left-color: rgb(0, 0, 0); border-bottom-width: 1px; border-bottom-style: solid; border-bottom-color: rgb(0, 0, 0);"&gt;&amp;nbsp;&amp;nbsp;&lt;/td&gt;&lt;td valign="bottom" style="border-right-width: 1px; border-right-style: solid; border-right-color: rgb(0, 0, 0); border-bottom-width: 1px; border-bottom-style: solid; border-bottom-color: rgb(0, 0, 0);"&gt;&amp;nbsp;&lt;/td&gt;&lt;/tr&gt;&lt;tr&gt;&lt;td valign="top" style="border-left-width: 1px; border-left-style: solid; border-left-color: rgb(0, 0, 0); border-bottom-width: 1px; border-bottom-style: solid; border-bottom-color: rgb(0, 0, 0); padding-left: 8px;"&gt;&lt;p style="margin-left: 1em;"&gt;Class 1&lt;/p&gt;&lt;/td&gt;&lt;td valign="bottom" style="border-left-width: 1px; border-left-style: solid; border-left-color: rgb(0, 0, 0); border-bottom-width: 1px; border-bottom-style: solid; border-bottom-color: rgb(0, 0, 0);"&gt;&amp;nbsp;&amp;nbsp;&lt;/td&gt;&lt;td valign="bottom" nowrap="nowrap" align="center" style="border-bottom-width: 1px; border-bottom-style: solid; border-bottom-color: rgb(0, 0, 0);"&gt;12.05%&lt;/td&gt;&lt;td valign="bottom" style="border-left-width: 1px; border-left-style: solid; border-left-color: rgb(0, 0, 0); border-bottom-width: 1px; border-bottom-style: solid; border-bottom-color: rgb(0, 0, 0);"&gt;&amp;nbsp;&amp;nbsp;&lt;/td&gt;&lt;td valign="bottom" nowrap="nowrap" align="center" style="border-right-width: 1px; border-right-style: solid; border-right-color: rgb(0, 0, 0); border-bottom-width: 1px; border-bottom-style: solid; border-bottom-color: rgb(0, 0, 0);"&gt;11.04%&lt;/td&gt;&lt;/tr&gt;&lt;tr&gt;&lt;td valign="top" style="border-left-width: 1px; border-left-style: solid; border-left-color: rgb(0, 0, 0); border-bottom-width: 1px; border-bottom-style: solid; border-bottom-color: rgb(0, 0, 0); padding-left: 8px;"&gt;&lt;p style="margin-left: 1em;"&gt;Class 2&lt;/p&gt;&lt;/td&gt;&lt;td valign="bottom" style="border-left-width: 1px; border-left-style: solid; border-left-color: rgb(0, 0, 0); border-bottom-width: 1px; border-bottom-style: solid; border-bottom-color: rgb(0, 0, 0);"&gt;&amp;nbsp;&amp;nbsp;&lt;/td&gt;&lt;td valign="bottom" nowrap="nowrap" align="center" style="border-bottom-width: 1px; border-bottom-style: solid; border-bottom-color: rgb(0, 0, 0);"&gt;11.85%&lt;/td&gt;&lt;td valign="bottom" style="border-left-width: 1px; border-left-style: solid; border-left-color: rgb(0, 0, 0); border-bottom-width: 1px; border-bottom-style: solid; border-bottom-color: rgb(0, 0, 0);"&gt;&amp;nbsp;&amp;nbsp;&lt;/td&gt;&lt;td valign="bottom" nowrap="nowrap" align="center" style="border-right-width: 1px; border-right-style: solid; border-right-color: rgb(0, 0, 0); border-bottom-width: 1px; border-bottom-style: solid; border-bottom-color: rgb(0, 0, 0);"&gt;10.78%&lt;/td&gt;&lt;/tr&gt;&lt;tr&gt;&lt;td valign="top" style="border-left-width: 1px; border-left-style: solid; border-left-color: rgb(0, 0, 0); border-bottom-width: 1px; border-bottom-style: solid; border-bottom-color: rgb(0, 0, 0); padding-left: 8px;"&gt;&lt;p style="margin-left: 1em;"&gt;Russell 1000 Growth Index (reflects reinvested dividends net of withholding taxes but reflects no deduction for fees, expenses or other taxes)*&lt;/p&gt;&lt;/td&gt;&lt;td valign="bottom" style="border-left-width: 1px; border-left-style: solid; border-left-color: rgb(0, 0, 0); border-bottom-width: 1px; border-bottom-style: solid; border-bottom-color: rgb(0, 0, 0);"&gt;&amp;nbsp;&amp;nbsp;&lt;/td&gt;&lt;td valign="bottom" align="center" style="border-bottom-width: 1px; border-bottom-style: solid; border-bottom-color: rgb(0, 0, 0);"&gt;15.26%&lt;/td&gt;&lt;td valign="bottom" style="border-left-width: 1px; border-left-style: solid; border-left-color: rgb(0, 0, 0); border-bottom-width: 1px; border-bottom-style: solid; border-bottom-color: rgb(0, 0, 0);"&gt;&amp;nbsp;&amp;nbsp;&lt;/td&gt;&lt;td valign="bottom" align="center" style="border-right-width: 1px; border-right-style: solid; border-right-color: rgb(0, 0, 0); border-bottom-width: 1px; border-bottom-style: solid; border-bottom-color: rgb(0, 0, 0);"&gt;13.34%&lt;/td&gt;&lt;/tr&gt;&lt;tr&gt;&lt;td valign="top" style="border-left-width: 1px; border-left-style: solid; border-left-color: rgb(0, 0, 0); border-bottom-width: 1px; border-bottom-style: solid; border-bottom-color: rgb(0, 0, 0); padding-left: 8px;"&gt;&lt;p style="margin-left: 1em;"&gt;S&amp;amp;P 500 Index (reflects reinvested dividends net of withholding taxes but reflects no deduction for fees, expenses or other taxes)*&lt;/p&gt;&lt;/td&gt;&lt;td valign="bottom" style="border-left-width: 1px; border-left-style: solid; border-left-color: rgb(0, 0, 0); border-bottom-width: 1px; border-bottom-style: solid; border-bottom-color: rgb(0, 0, 0);"&gt;&amp;nbsp;&amp;nbsp;&lt;/td&gt;&lt;td valign="bottom" align="center" style="border-bottom-width: 1px; border-bottom-style: solid; border-bottom-color: rgb(0, 0, 0);"&gt;16.00%&lt;/td&gt;&lt;td valign="bottom" style="border-left-width: 1px; border-left-style: solid; border-left-color: rgb(0, 0, 0); border-bottom-width: 1px; border-bottom-style: solid; border-bottom-color: rgb(0, 0, 0);"&gt;&amp;nbsp;&amp;nbsp;&lt;/td&gt;&lt;td valign="bottom" align="center" style="border-right-width: 1px; border-right-style: solid; border-right-color: rgb(0, 0, 0); border-bottom-width: 1px; border-bottom-style: solid; border-bottom-color: rgb(0, 0, 0);"&gt;12.27%&lt;/td&gt;&lt;/tr&gt;&lt;/table&gt;&lt;br/&gt;&lt;p style="margin-top: 0px; margin-bottom: 0px;"&gt;* On March&amp;nbsp;25, 2013, the Russell 1000 Growth Index replaced the S&amp;amp;P 500 Index as the Fund's primary benchmark. This benchmark change was made based on a recommendation by the Fund's investment manager to the Fund's Board that the new benchmark provides a more appropriate basis for comparing the Fund's performance. Information on the new and the old benchmarks shown will be included for a one-year transition period. Thereafter, only the new benchmark will be included.&lt;/p&gt;</cfvst12:SupplementTextBlock>
  <cfvst12:SupplementTextBlock contextRef="Duration_02May2011_01May2012S000028688_Member">&lt;table cellspacing="0" cellpadding="0" width="100%" border="0" align="center" style="border-collapse: collapse;"&gt;&lt;tr&gt;&lt;td valign="top"&gt;&lt;p align="center" style="margin-top: 0px; margin-bottom: 0px;"&gt;&lt;b&gt;Variable Portfolio-Marsico Growth Fund&lt;/b&gt;&lt;/p&gt;&lt;p align="left" style="margin-top: 0px; margin-bottom: 0px;"&gt;&amp;nbsp;&lt;/p&gt;&lt;p align="center" style="margin-top: 0px; margin-bottom: 0px;"&gt;&lt;b&gt;Supplement dated January&amp;nbsp;22, 2013&lt;/b&gt;&lt;/p&gt;&lt;p align="center" style="margin-top: 0px; margin-bottom: 1px;"&gt;&lt;b&gt;to the Prospectus and Statement of Additional Information (SAI) dated May&amp;nbsp;1, 2012&lt;/b&gt;&lt;/p&gt;&lt;/td&gt;&lt;/tr&gt;&lt;/table&gt;&lt;p style="margin-top: 8px; margin-bottom: 0px;"&gt;Marsico Capital Management, LLC will continue to provide services to the Fund through March&amp;nbsp;22, 2013.&lt;/p&gt;&lt;p style="margin-top: 6px; margin-bottom: 0px;"&gt;For the prospectus&lt;/p&gt;&lt;p style="margin-top: 8px; margin-bottom: 0px;"&gt;Effective on or about March&amp;nbsp;25, 2013, the following changes are hereby made to the Fund's prospectus:&lt;/p&gt;&lt;p style="margin-top: 8px; margin-bottom: 0px;"&gt;The name of the Fund is changed to Variable Portfolio-Holland Large Cap Growth Fund.&lt;/p&gt;&lt;p style="margin-top: 8px; margin-bottom: 0px;"&gt;The "Principal Investment Strategies of the Fund" in the Summary of the Fund is superseded and replaced as follows:&lt;/p&gt;&lt;p style="margin-top: 8px; margin-bottom: 0px;"&gt;Under normal market conditions, the Fund invests at least 80% of its net assets (including the amount of any borrowings for investment purposes) in equity securities of large capitalization companies that fall within the range of the Russell 1000 Index (Index). The market capitalization range of the companies included within the Index was $313 million to $498.4 billion as of December&amp;nbsp;31, 2012. The market capitalization range of the companies in the Index is subject to change. Equity securities include common stocks, preferred stocks, securities convertible into common stocks, real estate investment trusts (REITs) and American Depositary Receipts (ADRs). The Fund invests primarily in U.S. companies. Up to 25% of the Fund's net assets may be invested in foreign investments, including investments in emerging markets. The Fund will provide shareholders with at least 60 days' written notice of any change in the 80% policy.&lt;/p&gt;&lt;p style="margin-top: 8px; margin-bottom: 0px;"&gt;Columbia Management Investment Advisers, LLC (the Investment Manager) serves as the investment manager to the Fund and is responsible for the oversight of the Fund's subadviser, Holland Capital Management LLC (Holland or the Subadviser), which provides day-to-day portfolio management of the Fund.&lt;/p&gt;&lt;p style="margin-top: 8px; margin-bottom: 0px;"&gt;The "Principal Risks of Investing in the Fund" in the Summary of the Fund is hereby revised to delete "Risks of Foreign/Emerging Markets Investing Risk" and "Sector Risk" and to add the following risks:&lt;/p&gt;&lt;p style="margin-top: 8px; margin-bottom: 0px;"&gt;&lt;b&gt;Convertible Securities Risk.&lt;/b&gt;&amp;nbsp;Convertible securities are subject to the usual risks associated with debt securities, such as interest rate risk and credit risk. Convertible securities also react to changes in the value of the common stock into which they convert, and are thus subject to market risk. The Fund may also be forced to convert a convertible security at an inopportune time, which may decrease the Fund's return.&lt;/p&gt;&lt;p style="margin-top: 8px; margin-bottom: 0px;"&gt;&lt;b&gt;Depositary Receipts Risks.&lt;/b&gt;&amp;nbsp;Depositary receipts are receipts issued by a bank or trust company and evidence of ownership of underlying securities issued by foreign companies. Some foreign securities are traded in the form of American Depositary Receipts (ADRs). Depositary receipts involve the risks of other investments in foreign securities, including risks associated with investing in the particular country, including the political, regulatory, economic, social and other conditions or events occurring in the country, as well as fluctuations in its currency. In addition, ADR holders may not have all the legal rights of shareholders and may experience difficulty in receiving shareholder communications.&lt;/p&gt;&lt;p style="margin-top: 8px; margin-bottom: 0px;"&gt;&lt;b&gt;Emerging Market Securities&amp;nbsp;Risk.&lt;/b&gt;&amp;nbsp;Securities issued by foreign governments or companies in emerging market countries are more likely to have greater exposure to the risks of investing in foreign securities that are described in Foreign Securities Risk. In addition, emerging market countries are more likely to experience instability resulting, for example, from rapid changes or developments in social, political and economic conditions. Their economies are usually less mature and their securities markets are typically less developed with more limited trading activity (i.e., lower trading volumes and less liquidity) than more developed countries. Emerging market securities tend to be more volatile than securities in more developed markets. Many emerging market countries are heavily dependent on international trade and have fewer trading partners, which makes them more sensitive to world commodity prices and economic downturns in other countries, and some have a higher risk of currency devaluations.&lt;/p&gt;&lt;p style="margin-top: 8px; margin-bottom: 0px;"&gt;&lt;b&gt;Equity Securities Risk&lt;/b&gt;&lt;/p&gt;&lt;p style="margin-top: 0px; margin-bottom: 0px;"&gt;Equity securities are subject to market risk. The Fund's investments in equity securities may include common stocks, preferred stocks, securities convertible into common stocks, REITs and ADRs. Investing in such securities may expose the Fund to additional risks. Common stock generally is subordinate to preferred stock upon the liquidation or bankruptcy of the issuing company. Preferred stocks and convertible securities are sensitive to movements in interest rates. In addition, convertible securities are subject to the risk that the credit standing of the issuer may have an effect on the convertible securities' investment value. Investments in REITs are subject to the risks associated with investing in the real estate industry such as adverse developments affecting the real estate industry and real property values. Investments in ADRs are subject to certain of the risks associated with investing directly in foreign securities.&lt;/p&gt;&lt;p style="margin-top: 8px; margin-bottom: 0px;"&gt;&lt;b&gt;Focused Portfolio Risk.&lt;/b&gt;&amp;nbsp;Because the Fund may invest in a limited number of companies, the Fund as a whole is subject to greater risk of loss if any of those securities decline in price.&lt;/p&gt;&lt;p style="margin-top: 8px; margin-bottom: 0px;"&gt;&lt;b&gt;Foreign Securities Risk.&lt;/b&gt;&amp;nbsp;Investments in foreign securities involve certain risks not associated with investments in securities of U.S. companies. Foreign securities subject the Fund to the risks associated with investing in the particular country, including the political, regulatory, economic, social, diplomatic and other conditions or events occurring in the country or region, as well as fluctuations in its currency and the risks associated with less developed custody and settlement practices. Foreign securities may be more volatile and less liquid than investments in securities of U.S. companies.&lt;/p&gt;&lt;p style="margin-top: 8px; margin-bottom: 0px;"&gt;&lt;b&gt;Growth Securities Risk.&lt;/b&gt;&amp;nbsp;Growth securities typically trade at a higher multiple of earnings than other types of equity securities. Accordingly, the&amp;nbsp;market&amp;nbsp;values&amp;nbsp;of growth securities may be more sensitive to adverse economic or other circumstances or changes in current or expected earnings than the&amp;nbsp;market&amp;nbsp;values&amp;nbsp;of other types of securities. In addition, growth securities, at times, may not perform as well as value securities or the stock market in general, and may be out of favor with investors for varying periods of time.&lt;/p&gt;&lt;p style="margin-top: 8px; margin-bottom: 0px;"&gt;&lt;b&gt;Preferred Stock Risk.&lt;/b&gt;&amp;nbsp;Preferred stock is a type of stock that pays dividends at a specified rate and that has preference over common stock in the payment of dividends and the liquidation of assets. Preferred stock does not ordinarily carry voting rights. The price of a preferred stock is generally determined by earnings, type of products or services, projected growth rates, experience of management, liquidity, and general market conditions of the markets on which the stock trades. The most significant risks associated with investments in preferred stock include Issuer Risk and Market Risk.&lt;/p&gt;&lt;p style="margin-top: 8px; margin-bottom: 0px;"&gt;&lt;b&gt;Real Estate-related Investment Risk.&lt;/b&gt;&amp;nbsp;Investment in real estate investment trusts (REITs) and in securities of other companies (wherever organized) principally engaged in the real estate industry subjects the Fund, among other risks, to risks similar to those of direct investments in real estate and the real estate industry in general, including risks related to general and local economic conditions, possible lack of availability of financing and changes in interest rates or property values. REITs are entities that either own properties or make construction or mortgage loans, and also may include operating or finance companies. The value of REIT shares is affected by, among other factors, changes in the value of the underlying properties owned by the REIT, by changes in the prospect for earnings and/or cash flow growth of the REIT itself, defaults by borrowers or tenants, market saturation, decreases in market rates for rents, and other economic, political, or regulatory matters affecting the real estate industry, including REITs. REITs and similar non-U.S. entities depend upon specialized management skills, may have limited financial resources, may have less trading volume in their securities, and may be subject to more abrupt or erratic price movements than the overall securities markets. REITs are also subject to the risk of failing to qualify for tax-free pass-through of income. Some REITs (especially mortgage REITs) are affected by risks similar to those associated with investments in debt securities including changes in interest rates and the quality of credit extended.&lt;/p&gt;&lt;p style="margin-top: 8px; margin-bottom: 0px;"&gt;The Past Performance section in the Summary of the Fund is superseded and replaced as follows:&lt;/p&gt;&lt;p style="margin-top: 8px; margin-bottom: 0px;"&gt;&lt;b&gt;PAST PERFORMANCE&lt;/b&gt;&lt;/p&gt;&lt;p style="margin-top: 0px; margin-bottom: 0px;"&gt;The following bar chart and table show you how the Fund has performed in the past, and can help you understand the risks of investing in the Fund. The bar chart shows how the Fund's Class 2 share performance has varied for each full calendar year shown. The table shows how the Fund's average annual total returns compare to its benchmark index.&lt;/p&gt;&lt;p style="margin-top: 8px; margin-bottom: 0px;"&gt;The Fund's returns do not reflect expenses that apply to your Accounts and Contracts. Inclusion of these charges would reduce total returns for all periods shown.&lt;/p&gt;&lt;p style="margin-top: 8px; margin-bottom: 0px;"&gt;The Fund's past performance is no guarantee of how the Fund will perform in the future. Updated performance information can be obtained by calling toll-free 800.345.6611.&lt;/p&gt;&lt;p align="center" style="margin-top: 8px; margin-bottom: 0px;"&gt;Class 2 Annual Total Returns&lt;/p&gt;&lt;p style="font-family: 'Times New Roman'; font-size: 8px; margin-top: 0px; margin-bottom: 0px;"&gt;&amp;nbsp;&lt;/p&gt;&lt;table cellspacing="0" cellpadding="0" width="100%" border="0" align="center" style="border-collapse: collapse;"&gt;&lt;tr&gt;&lt;td&gt;&lt;/td&gt;&lt;td valign="bottom" width="91%"&gt;&lt;/td&gt;&lt;td&gt;&lt;/td&gt;&lt;/tr&gt;&lt;tr&gt;&lt;td valign="top" nowrap="nowrap" align="center" style="border-left-width: 1px; border-left-style: solid; border-left-color: rgb(0, 0, 0); border-top-width: 1px; border-top-style: solid; border-top-color: rgb(0, 0, 0); border-bottom-width: 1px; border-bottom-style: solid; border-bottom-color: rgb(0, 0, 0); padding-left: 8px;"&gt;-2.58%&lt;/td&gt;&lt;td valign="bottom" style="border-left-width: 1px; border-left-style: solid; border-left-color: rgb(0, 0, 0); border-top-width: 1px; border-top-style: solid; border-top-color: rgb(0, 0, 0); border-bottom-width: 1px; border-bottom-style: solid; border-bottom-color: rgb(0, 0, 0);"&gt;&amp;nbsp;&lt;/td&gt;&lt;td valign="bottom" nowrap="nowrap" align="center" style="border-top-width: 1px; border-top-style: solid; border-top-color: rgb(0, 0, 0); border-right-width: 1px; border-right-style: solid; border-right-color: rgb(0, 0, 0); border-bottom-width: 1px; border-bottom-style: solid; border-bottom-color: rgb(0, 0, 0);"&gt;11.85%&lt;/td&gt;&lt;/tr&gt;&lt;tr&gt;&lt;td valign="top" align="center" style="border-left-width: 1px; border-left-style: solid; border-left-color: rgb(0, 0, 0); border-bottom-width: 1px; border-bottom-style: solid; border-bottom-color: rgb(0, 0, 0); padding-left: 8px;"&gt;2011&lt;/td&gt;&lt;td valign="bottom" style="border-left-width: 1px; border-left-style: solid; border-left-color: rgb(0, 0, 0); border-bottom-width: 1px; border-bottom-style: solid; border-bottom-color: rgb(0, 0, 0);"&gt;&amp;nbsp;&lt;/td&gt;&lt;td valign="bottom" nowrap="nowrap" align="center" style="border-right-width: 1px; border-right-style: solid; border-right-color: rgb(0, 0, 0); border-bottom-width: 1px; border-bottom-style: solid; border-bottom-color: rgb(0, 0, 0);"&gt;2012&lt;/td&gt;&lt;/tr&gt;&lt;/table&gt;&lt;p align="center" style="margin-top: 0px; margin-bottom: 0px;"&gt;(calendar year)&lt;/p&gt;&lt;p style="margin-top: 8px; margin-bottom: 0px;"&gt;During the period shown:&lt;/p&gt;&lt;p style="margin-top: 8px; margin-bottom: 0px;"&gt;&lt;b&gt;&amp;#8226;&lt;/b&gt;&amp;nbsp;Highest return for a calendar quarter was 15.78% (quarter ended March&amp;nbsp;31, 2012).&lt;/p&gt;&lt;p style="margin-top: 8px; margin-bottom: 0px;"&gt;&lt;b&gt;&amp;#8226;&lt;/b&gt;&amp;nbsp;Lowest return for a calendar quarter was -6.30% (quarter ended June&amp;nbsp;30, 2012).&lt;/p&gt;&lt;p style="margin-top: 8px; margin-bottom: 0px;"&gt;Average Annual Total Returns&lt;/p&gt;&lt;p style="font-family: 'Times New Roman'; font-size: 8px; margin-top: 0px; margin-bottom: 0px;"&gt;&amp;nbsp;&lt;/p&gt;&lt;table cellspacing="0" cellpadding="0" width="100%" border="0" align="center" style="border-collapse: collapse;"&gt;&lt;tr&gt;&lt;td width="78%"&gt;&lt;/td&gt;&lt;td valign="bottom" width="1%"&gt;&lt;/td&gt;&lt;td&gt;&lt;/td&gt;&lt;td valign="bottom" width="1%"&gt;&lt;/td&gt;&lt;td&gt;&lt;/td&gt;&lt;/tr&gt;&lt;tr&gt;&lt;td valign="top" style="border-left-width: 1px; border-left-style: solid; border-left-color: rgb(0, 0, 0); border-top-width: 1px; border-top-style: solid; border-top-color: rgb(0, 0, 0); border-bottom-width: 1px; border-bottom-style: solid; border-bottom-color: rgb(0, 0, 0); padding-left: 8px;"&gt;&lt;p style="margin-left: 1em;"&gt;(for periods ended December&amp;nbsp;31, 2012)&lt;/p&gt;&lt;/td&gt;&lt;td valign="bottom" style="border-left-width: 1px; border-left-style: solid; border-left-color: rgb(0, 0, 0); border-top-width: 1px; border-top-style: solid; border-top-color: rgb(0, 0, 0); border-bottom-width: 1px; border-bottom-style: solid; border-bottom-color: rgb(0, 0, 0);"&gt;&amp;nbsp;&amp;nbsp;&lt;/td&gt;&lt;td valign="top" nowrap="nowrap" align="center" style="border-top-width: 1px; border-top-style: solid; border-top-color: rgb(0, 0, 0); border-bottom-width: 1px; border-bottom-style: solid; border-bottom-color: rgb(0, 0, 0);"&gt;1&amp;nbsp;year&lt;/td&gt;&lt;td valign="bottom" style="border-left-width: 1px; border-left-style: solid; border-left-color: rgb(0, 0, 0); border-top-width: 1px; border-top-style: solid; border-top-color: rgb(0, 0, 0); border-bottom-width: 1px; border-bottom-style: solid; border-bottom-color: rgb(0, 0, 0);"&gt;&amp;nbsp;&amp;nbsp;&lt;/td&gt;&lt;td valign="top" nowrap="nowrap" align="center" style="border-top-width: 1px; border-top-style: solid; border-top-color: rgb(0, 0, 0); border-right-width: 1px; border-right-style: solid; border-right-color: rgb(0, 0, 0); border-bottom-width: 1px; border-bottom-style: solid; border-bottom-color: rgb(0, 0, 0);"&gt;Since&amp;nbsp;inception&lt;br/&gt;&lt;p align="center" style="margin-bottom: 1px; margin-top: 0px;"&gt;(5/7/10)&lt;/p&gt;&lt;/td&gt;&lt;/tr&gt;&lt;tr&gt;&lt;td valign="top" style="border-left-width: 1px; border-left-style: solid; border-left-color: rgb(0, 0, 0); border-bottom-width: 1px; border-bottom-style: solid; border-bottom-color: rgb(0, 0, 0); padding-left: 8px;"&gt;&lt;p style="margin-left: 1em;"&gt;Variable Portfolio-Holland Large Cap Growth Fund&lt;/p&gt;&lt;/td&gt;&lt;td valign="bottom" style="border-left-width: 1px; border-left-style: solid; border-left-color: rgb(0, 0, 0); border-bottom-width: 1px; border-bottom-style: solid; border-bottom-color: rgb(0, 0, 0);"&gt;&amp;nbsp;&amp;nbsp;&lt;/td&gt;&lt;td valign="bottom" style="border-bottom-width: 1px; border-bottom-style: solid; border-bottom-color: rgb(0, 0, 0);"&gt;&amp;nbsp;&lt;/td&gt;&lt;td valign="bottom" style="border-left-width: 1px; border-left-style: solid; border-left-color: rgb(0, 0, 0); border-bottom-width: 1px; border-bottom-style: solid; border-bottom-color: rgb(0, 0, 0);"&gt;&amp;nbsp;&amp;nbsp;&lt;/td&gt;&lt;td valign="bottom" style="border-right-width: 1px; border-right-style: solid; border-right-color: rgb(0, 0, 0); border-bottom-width: 1px; border-bottom-style: solid; border-bottom-color: rgb(0, 0, 0);"&gt;&amp;nbsp;&lt;/td&gt;&lt;/tr&gt;&lt;tr&gt;&lt;td valign="top" style="border-left-width: 1px; border-left-style: solid; border-left-color: rgb(0, 0, 0); border-bottom-width: 1px; border-bottom-style: solid; border-bottom-color: rgb(0, 0, 0); padding-left: 8px;"&gt;&lt;p style="margin-left: 1em;"&gt;Class 1&lt;/p&gt;&lt;/td&gt;&lt;td valign="bottom" style="border-left-width: 1px; border-left-style: solid; border-left-color: rgb(0, 0, 0); border-bottom-width: 1px; border-bottom-style: solid; border-bottom-color: rgb(0, 0, 0);"&gt;&amp;nbsp;&amp;nbsp;&lt;/td&gt;&lt;td valign="bottom" nowrap="nowrap" align="center" style="border-bottom-width: 1px; border-bottom-style: solid; border-bottom-color: rgb(0, 0, 0);"&gt;12.05%&lt;/td&gt;&lt;td valign="bottom" style="border-left-width: 1px; border-left-style: solid; border-left-color: rgb(0, 0, 0); border-bottom-width: 1px; border-bottom-style: solid; border-bottom-color: rgb(0, 0, 0);"&gt;&amp;nbsp;&amp;nbsp;&lt;/td&gt;&lt;td valign="bottom" nowrap="nowrap" align="center" style="border-right-width: 1px; border-right-style: solid; border-right-color: rgb(0, 0, 0); border-bottom-width: 1px; border-bottom-style: solid; border-bottom-color: rgb(0, 0, 0);"&gt;11.04%&lt;/td&gt;&lt;/tr&gt;&lt;tr&gt;&lt;td valign="top" style="border-left-width: 1px; border-left-style: solid; border-left-color: rgb(0, 0, 0); border-bottom-width: 1px; border-bottom-style: solid; border-bottom-color: rgb(0, 0, 0); padding-left: 8px;"&gt;&lt;p style="margin-left: 1em;"&gt;Class 2&lt;/p&gt;&lt;/td&gt;&lt;td valign="bottom" style="border-left-width: 1px; border-left-style: solid; border-left-color: rgb(0, 0, 0); border-bottom-width: 1px; border-bottom-style: solid; border-bottom-color: rgb(0, 0, 0);"&gt;&amp;nbsp;&amp;nbsp;&lt;/td&gt;&lt;td valign="bottom" nowrap="nowrap" align="center" style="border-bottom-width: 1px; border-bottom-style: solid; border-bottom-color: rgb(0, 0, 0);"&gt;11.85%&lt;/td&gt;&lt;td valign="bottom" style="border-left-width: 1px; border-left-style: solid; border-left-color: rgb(0, 0, 0); border-bottom-width: 1px; border-bottom-style: solid; border-bottom-color: rgb(0, 0, 0);"&gt;&amp;nbsp;&amp;nbsp;&lt;/td&gt;&lt;td valign="bottom" nowrap="nowrap" align="center" style="border-right-width: 1px; border-right-style: solid; border-right-color: rgb(0, 0, 0); border-bottom-width: 1px; border-bottom-style: solid; border-bottom-color: rgb(0, 0, 0);"&gt;10.78%&lt;/td&gt;&lt;/tr&gt;&lt;tr&gt;&lt;td valign="top" style="border-left-width: 1px; border-left-style: solid; border-left-color: rgb(0, 0, 0); border-bottom-width: 1px; border-bottom-style: solid; border-bottom-color: rgb(0, 0, 0); padding-left: 8px;"&gt;&lt;p style="margin-left: 1em;"&gt;Russell 1000 Growth Index (reflects reinvested dividends net of withholding taxes but reflects no deduction for fees, expenses or other taxes)*&lt;/p&gt;&lt;/td&gt;&lt;td valign="bottom" style="border-left-width: 1px; border-left-style: solid; border-left-color: rgb(0, 0, 0); border-bottom-width: 1px; border-bottom-style: solid; border-bottom-color: rgb(0, 0, 0);"&gt;&amp;nbsp;&amp;nbsp;&lt;/td&gt;&lt;td valign="bottom" align="center" style="border-bottom-width: 1px; border-bottom-style: solid; border-bottom-color: rgb(0, 0, 0);"&gt;15.26%&lt;/td&gt;&lt;td valign="bottom" style="border-left-width: 1px; border-left-style: solid; border-left-color: rgb(0, 0, 0); border-bottom-width: 1px; border-bottom-style: solid; border-bottom-color: rgb(0, 0, 0);"&gt;&amp;nbsp;&amp;nbsp;&lt;/td&gt;&lt;td valign="bottom" align="center" style="border-right-width: 1px; border-right-style: solid; border-right-color: rgb(0, 0, 0); border-bottom-width: 1px; border-bottom-style: solid; border-bottom-color: rgb(0, 0, 0);"&gt;13.34%&lt;/td&gt;&lt;/tr&gt;&lt;tr&gt;&lt;td valign="top" style="border-left-width: 1px; border-left-style: solid; border-left-color: rgb(0, 0, 0); border-bottom-width: 1px; border-bottom-style: solid; border-bottom-color: rgb(0, 0, 0); padding-left: 8px;"&gt;&lt;p style="margin-left: 1em;"&gt;S&amp;amp;P 500 Index (reflects reinvested dividends net of withholding taxes but reflects no deduction for fees, expenses or other taxes)*&lt;/p&gt;&lt;/td&gt;&lt;td valign="bottom" style="border-left-width: 1px; border-left-style: solid; border-left-color: rgb(0, 0, 0); border-bottom-width: 1px; border-bottom-style: solid; border-bottom-color: rgb(0, 0, 0);"&gt;&amp;nbsp;&amp;nbsp;&lt;/td&gt;&lt;td valign="bottom" align="center" style="border-bottom-width: 1px; border-bottom-style: solid; border-bottom-color: rgb(0, 0, 0);"&gt;16.00%&lt;/td&gt;&lt;td valign="bottom" style="border-left-width: 1px; border-left-style: solid; border-left-color: rgb(0, 0, 0); border-bottom-width: 1px; border-bottom-style: solid; border-bottom-color: rgb(0, 0, 0);"&gt;&amp;nbsp;&amp;nbsp;&lt;/td&gt;&lt;td valign="bottom" align="center" style="border-right-width: 1px; border-right-style: solid; border-right-color: rgb(0, 0, 0); border-bottom-width: 1px; border-bottom-style: solid; border-bottom-color: rgb(0, 0, 0);"&gt;12.27%&lt;/td&gt;&lt;/tr&gt;&lt;/table&gt;&lt;br/&gt;&lt;p style="margin-top: 0px; margin-bottom: 0px;"&gt;* On March&amp;nbsp;25, 2013, the Russell 1000 Growth Index replaced the S&amp;amp;P 500 Index as the Fund's primary benchmark. This benchmark change was made based on a recommendation by the Fund's investment manager to the Fund's Board that the new benchmark provides a more appropriate basis for comparing the Fund's performance. Information on the new and the old benchmarks shown will be included for a one-year transition period. Thereafter, only the new benchmark will be included.&lt;/p&gt;</cfvst12:SupplementTextBlock>
</xbrl>
