<?xml version="1.0" encoding="US-ASCII"?>
<!--XBRL Document Created with WebFilings-->
<!-- -->
<linkbase xsi:schemaLocation="http://www.xbrl.org/2003/linkbase http://www.xbrl.org/2003/xbrl-linkbase-2003-12-31.xsd" xmlns="http://www.xbrl.org/2003/linkbase" xmlns:xlink="http://www.w3.org/1999/xlink" xmlns:xsi="http://www.w3.org/2001/XMLSchema-instance">
  <roleRef roleURI="http://www.skyworksinc.com/role/CommitmentsAndContingencies" xlink:href="swks-20121228.xsd#CommitmentsAndContingencies" xlink:type="simple" />
  <roleRef roleURI="http://www.skyworksinc.com/role/CommonStockRepurchase" xlink:href="swks-20121228.xsd#CommonStockRepurchase" xlink:type="simple" />
  <roleRef roleURI="http://www.skyworksinc.com/role/CommonStockRepurchaseDetails" xlink:href="swks-20121228.xsd#CommonStockRepurchaseDetails" xlink:type="simple" />
  <roleRef roleURI="http://www.skyworksinc.com/role/ConsolidatedBalanceSheets" xlink:href="swks-20121228.xsd#ConsolidatedBalanceSheets" xlink:type="simple" />
  <roleRef roleURI="http://www.skyworksinc.com/role/ConsolidatedBalanceSheetsParenthetical" xlink:href="swks-20121228.xsd#ConsolidatedBalanceSheetsParenthetical" xlink:type="simple" />
  <roleRef roleURI="http://www.skyworksinc.com/role/ConsolidatedStatementOfComprehensiveIncome" xlink:href="swks-20121228.xsd#ConsolidatedStatementOfComprehensiveIncome" xlink:type="simple" />
  <roleRef roleURI="http://www.skyworksinc.com/role/ConsolidatedStatementsOfCashFlows" xlink:href="swks-20121228.xsd#ConsolidatedStatementsOfCashFlows" xlink:type="simple" />
  <roleRef roleURI="http://www.skyworksinc.com/role/ConsolidatedStatementsOfOperations" xlink:href="swks-20121228.xsd#ConsolidatedStatementsOfOperations" xlink:type="simple" />
  <roleRef roleURI="http://www.skyworksinc.com/role/DescriptionOfBusinessAndBasisOfPresentation" xlink:href="swks-20121228.xsd#DescriptionOfBusinessAndBasisOfPresentation" xlink:type="simple" />
  <roleRef roleURI="http://www.skyworksinc.com/role/DescriptionOfBusinessAndBasisOfPresentationDetails" xlink:href="swks-20121228.xsd#DescriptionOfBusinessAndBasisOfPresentationDetails" xlink:type="simple" />
  <roleRef roleURI="http://www.skyworksinc.com/role/DocumentAndEntityInformation" xlink:href="swks-20121228.xsd#DocumentAndEntityInformation" xlink:type="simple" />
  <roleRef roleURI="http://www.skyworksinc.com/role/EarningsPerShare" xlink:href="swks-20121228.xsd#EarningsPerShare" xlink:type="simple" />
  <roleRef roleURI="http://www.skyworksinc.com/role/EarningsPerShareNarrativeDetails" xlink:href="swks-20121228.xsd#EarningsPerShareNarrativeDetails" xlink:type="simple" />
  <roleRef roleURI="http://www.skyworksinc.com/role/EarningsPerShareTables" xlink:href="swks-20121228.xsd#EarningsPerShareTables" xlink:type="simple" />
  <roleRef roleURI="http://www.skyworksinc.com/role/FairValue" xlink:href="swks-20121228.xsd#FairValue" xlink:type="simple" />
  <roleRef roleURI="http://www.skyworksinc.com/role/FairValueFairValueAssetMeasuredOnRecurringBasisUsingUnobservableInputsDetails" xlink:href="swks-20121228.xsd#FairValueFairValueAssetMeasuredOnRecurringBasisUsingUnobservableInputsDetails" xlink:type="simple" />
  <roleRef roleURI="http://www.skyworksinc.com/role/FairValueNarrativeDetails" xlink:href="swks-20121228.xsd#FairValueNarrativeDetails" xlink:type="simple" />
  <roleRef roleURI="http://www.skyworksinc.com/role/FairValueScheduleOfFinancialInstrumentsMeasuredAtFairValueOnRecurringBasisDetails" xlink:href="swks-20121228.xsd#FairValueScheduleOfFinancialInstrumentsMeasuredAtFairValueOnRecurringBasisDetails" xlink:type="simple" />
  <roleRef roleURI="http://www.skyworksinc.com/role/FairValueTables" xlink:href="swks-20121228.xsd#FairValueTables" xlink:type="simple" />
  <roleRef roleURI="http://www.skyworksinc.com/role/GoodwillAndIntangibleAssets" xlink:href="swks-20121228.xsd#GoodwillAndIntangibleAssets" xlink:type="simple" />
  <roleRef roleURI="http://www.skyworksinc.com/role/GoodwillAndIntangibleAssetsScheduleOfExpectedAnnualAmortizationExpenseRelatedToIntangibleAssetsForNextFiveYearsDetails" xlink:href="swks-20121228.xsd#GoodwillAndIntangibleAssetsScheduleOfExpectedAnnualAmortizationExpenseRelatedToIntangibleAssetsForNextFiveYearsDetails" xlink:type="simple" />
  <roleRef roleURI="http://www.skyworksinc.com/role/GoodwillAndIntangibleAssetsScheduleOfIntangibleAssetsSubjectToAmortizationDetails" xlink:href="swks-20121228.xsd#GoodwillAndIntangibleAssetsScheduleOfIntangibleAssetsSubjectToAmortizationDetails" xlink:type="simple" />
  <roleRef roleURI="http://www.skyworksinc.com/role/GoodwillAndIntangibleAssetsTables" xlink:href="swks-20121228.xsd#GoodwillAndIntangibleAssetsTables" xlink:type="simple" />
  <roleRef roleURI="http://www.skyworksinc.com/role/IncomeTaxes" xlink:href="swks-20121228.xsd#IncomeTaxes" xlink:type="simple" />
  <roleRef roleURI="http://www.skyworksinc.com/role/IncomeTaxesDetails" xlink:href="swks-20121228.xsd#IncomeTaxesDetails" xlink:type="simple" />
  <roleRef roleURI="http://www.skyworksinc.com/role/IncomeTaxesNarrativeDetails" xlink:href="swks-20121228.xsd#IncomeTaxesNarrativeDetails" xlink:type="simple" />
  <roleRef roleURI="http://www.skyworksinc.com/role/IncomeTaxesTables" xlink:href="swks-20121228.xsd#IncomeTaxesTables" xlink:type="simple" />
  <roleRef roleURI="http://www.skyworksinc.com/role/Inventory" xlink:href="swks-20121228.xsd#Inventory" xlink:type="simple" />
  <roleRef roleURI="http://www.skyworksinc.com/role/InventoryScheduleOfInventoriesDetails" xlink:href="swks-20121228.xsd#InventoryScheduleOfInventoriesDetails" xlink:type="simple" />
  <roleRef roleURI="http://www.skyworksinc.com/role/InventoryTables" xlink:href="swks-20121228.xsd#InventoryTables" xlink:type="simple" />
  <roleRef roleURI="http://www.skyworksinc.com/role/MarketableSecurities" xlink:href="swks-20121228.xsd#MarketableSecurities" xlink:type="simple" />
  <roleRef roleURI="http://www.skyworksinc.com/role/MarketableSecuritiesDetails" xlink:href="swks-20121228.xsd#MarketableSecuritiesDetails" xlink:type="simple" />
  <roleRef roleURI="http://www.skyworksinc.com/role/PropertyPlantAndEquipment" xlink:href="swks-20121228.xsd#PropertyPlantAndEquipment" xlink:type="simple" />
  <roleRef roleURI="http://www.skyworksinc.com/role/PropertyPlantAndEquipmentScheduleOfPropertyPlantAndEquipmentDetails" xlink:href="swks-20121228.xsd#PropertyPlantAndEquipmentScheduleOfPropertyPlantAndEquipmentDetails" xlink:type="simple" />
  <roleRef roleURI="http://www.skyworksinc.com/role/PropertyPlantAndEquipmentTables" xlink:href="swks-20121228.xsd#PropertyPlantAndEquipmentTables" xlink:type="simple" />
  <roleRef roleURI="http://www.skyworksinc.com/role/RestructuringAndOtherCharges" xlink:href="swks-20121228.xsd#RestructuringAndOtherCharges" xlink:type="simple" />
  <roleRef roleURI="http://www.skyworksinc.com/role/RestructuringAndOtherChargesDetails" xlink:href="swks-20121228.xsd#RestructuringAndOtherChargesDetails" xlink:type="simple" />
  <roleRef roleURI="http://www.skyworksinc.com/role/RestructuringAndOtherChargesTables" xlink:href="swks-20121228.xsd#RestructuringAndOtherChargesTables" xlink:type="simple" />
  <roleRef roleURI="http://www.skyworksinc.com/role/ScheduleOfEarningsPerShareDetails" xlink:href="swks-20121228.xsd#ScheduleOfEarningsPerShareDetails" xlink:type="simple" />
  <calculationLink xlink:role="http://www.skyworksinc.com/role/CommitmentsAndContingencies" xlink:type="extended" />
  <calculationLink xlink:role="http://www.skyworksinc.com/role/CommonStockRepurchase" xlink:type="extended" />
  <calculationLink xlink:role="http://www.skyworksinc.com/role/CommonStockRepurchaseDetails" xlink:type="extended" />
  <calculationLink xlink:role="http://www.skyworksinc.com/role/ConsolidatedBalanceSheets" xlink:type="extended">
    <loc xlink:href="http://xbrl.fasb.org/us-gaap/2012/elts/us-gaap-2012-01-31.xsd#us-gaap_Assets" xlink:label="loc_us-gaap_Assets_2c254058-78f6-11e1-94fe-25ba39ebf1f4" xlink:type="locator" />
    <loc xlink:href="http://xbrl.fasb.org/us-gaap/2012/elts/us-gaap-2012-01-31.xsd#us-gaap_AssetsCurrent" xlink:label="loc_us-gaap_AssetsCurrent_2c23c494-78f6-11e1-94fe-25ba39ebf1f4" xlink:type="locator" />
    <calculationArc order="1" weight="1" xlink:arcrole="http://www.xbrl.org/2003/arcrole/summation-item" xlink:from="loc_us-gaap_Assets_2c254058-78f6-11e1-94fe-25ba39ebf1f4" xlink:to="loc_us-gaap_AssetsCurrent_2c23c494-78f6-11e1-94fe-25ba39ebf1f4" xlink:type="arc" />
    <loc xlink:href="http://xbrl.fasb.org/us-gaap/2012/elts/us-gaap-2012-01-31.xsd#us-gaap_CashAndCashEquivalentsAtCarryingValue" xlink:label="loc_us-gaap_CashAndCashEquivalentsAtCarryingValue_30cfd000-78f6-11e1-94fe-25ba39ebf1f4" xlink:type="locator" />
    <calculationArc order="1" weight="1" xlink:arcrole="http://www.xbrl.org/2003/arcrole/summation-item" xlink:from="loc_us-gaap_AssetsCurrent_2c23c494-78f6-11e1-94fe-25ba39ebf1f4" xlink:to="loc_us-gaap_CashAndCashEquivalentsAtCarryingValue_30cfd000-78f6-11e1-94fe-25ba39ebf1f4" xlink:type="arc" />
    <loc xlink:href="http://xbrl.fasb.org/us-gaap/2012/elts/us-gaap-2012-01-31.xsd#us-gaap_RestrictedCashAndCashEquivalentsAtCarryingValue" xlink:label="loc_us-gaap_RestrictedCashAndCashEquivalentsAtCarryingValue_6b3277a2-78f6-11e1-94fe-25ba39ebf1f4" xlink:type="locator" />
    <calculationArc order="2" weight="1" xlink:arcrole="http://www.xbrl.org/2003/arcrole/summation-item" xlink:from="loc_us-gaap_AssetsCurrent_2c23c494-78f6-11e1-94fe-25ba39ebf1f4" xlink:to="loc_us-gaap_RestrictedCashAndCashEquivalentsAtCarryingValue_6b3277a2-78f6-11e1-94fe-25ba39ebf1f4" xlink:type="arc" />
    <loc xlink:href="http://xbrl.fasb.org/us-gaap/2012/elts/us-gaap-2012-01-31.xsd#us-gaap_ReceivablesNetCurrent" xlink:label="loc_us-gaap_ReceivablesNetCurrent_69a64094-78f6-11e1-94fe-25ba39ebf1f4" xlink:type="locator" />
    <calculationArc order="3" weight="1" xlink:arcrole="http://www.xbrl.org/2003/arcrole/summation-item" xlink:from="loc_us-gaap_AssetsCurrent_2c23c494-78f6-11e1-94fe-25ba39ebf1f4" xlink:to="loc_us-gaap_ReceivablesNetCurrent_69a64094-78f6-11e1-94fe-25ba39ebf1f4" xlink:type="arc" />
    <loc xlink:href="http://xbrl.fasb.org/us-gaap/2012/elts/us-gaap-2012-01-31.xsd#us-gaap_InventoryNet" xlink:label="loc_us-gaap_InventoryNet_5b10f3ee-78f6-11e1-94fe-25ba39ebf1f4" xlink:type="locator" />
    <calculationArc order="4" weight="1" xlink:arcrole="http://www.xbrl.org/2003/arcrole/summation-item" xlink:from="loc_us-gaap_AssetsCurrent_2c23c494-78f6-11e1-94fe-25ba39ebf1f4" xlink:to="loc_us-gaap_InventoryNet_5b10f3ee-78f6-11e1-94fe-25ba39ebf1f4" xlink:type="arc" />
    <loc xlink:href="http://xbrl.fasb.org/us-gaap/2012/elts/us-gaap-2012-01-31.xsd#us-gaap_OtherAssetsCurrent" xlink:label="loc_us-gaap_OtherAssetsCurrent_62bc2ffa-78f6-11e1-94fe-25ba39ebf1f4" xlink:type="locator" />
    <calculationArc order="5" weight="1" xlink:arcrole="http://www.xbrl.org/2003/arcrole/summation-item" xlink:from="loc_us-gaap_AssetsCurrent_2c23c494-78f6-11e1-94fe-25ba39ebf1f4" xlink:to="loc_us-gaap_OtherAssetsCurrent_62bc2ffa-78f6-11e1-94fe-25ba39ebf1f4" xlink:type="arc" />
    <loc xlink:href="http://xbrl.fasb.org/us-gaap/2012/elts/us-gaap-2012-01-31.xsd#us-gaap_PropertyPlantAndEquipmentNet" xlink:label="loc_us-gaap_PropertyPlantAndEquipmentNet_683dcad8-78f6-11e1-94fe-25ba39ebf1f4" xlink:type="locator" />
    <calculationArc order="2" weight="1" xlink:arcrole="http://www.xbrl.org/2003/arcrole/summation-item" xlink:from="loc_us-gaap_Assets_2c254058-78f6-11e1-94fe-25ba39ebf1f4" xlink:to="loc_us-gaap_PropertyPlantAndEquipmentNet_683dcad8-78f6-11e1-94fe-25ba39ebf1f4" xlink:type="arc" />
    <loc xlink:href="http://xbrl.fasb.org/us-gaap/2012/elts/us-gaap-2012-01-31.xsd#us-gaap_Goodwill" xlink:label="loc_us-gaap_Goodwill_567ea9de-78f6-11e1-94fe-25ba39ebf1f4" xlink:type="locator" />
    <calculationArc order="3" weight="1" xlink:arcrole="http://www.xbrl.org/2003/arcrole/summation-item" xlink:from="loc_us-gaap_Assets_2c254058-78f6-11e1-94fe-25ba39ebf1f4" xlink:to="loc_us-gaap_Goodwill_567ea9de-78f6-11e1-94fe-25ba39ebf1f4" xlink:type="arc" />
    <loc xlink:href="http://xbrl.fasb.org/us-gaap/2012/elts/us-gaap-2012-01-31.xsd#us-gaap_IntangibleAssetsNetExcludingGoodwill" xlink:label="loc_us-gaap_IntangibleAssetsNetExcludingGoodwill_5a1fdbbc-78f6-11e1-94fe-25ba39ebf1f4" xlink:type="locator" />
    <calculationArc order="4" weight="1" xlink:arcrole="http://www.xbrl.org/2003/arcrole/summation-item" xlink:from="loc_us-gaap_Assets_2c254058-78f6-11e1-94fe-25ba39ebf1f4" xlink:to="loc_us-gaap_IntangibleAssetsNetExcludingGoodwill_5a1fdbbc-78f6-11e1-94fe-25ba39ebf1f4" xlink:type="arc" />
    <loc xlink:href="http://xbrl.fasb.org/us-gaap/2012/elts/us-gaap-2012-01-31.xsd#us-gaap_DeferredTaxAssetsLiabilitiesNetNoncurrent" xlink:label="loc_us-gaap_DeferredTaxAssetsLiabilitiesNetNoncurrent_473a82a4-78f6-11e1-94fe-25ba39ebf1f4" xlink:type="locator" />
    <calculationArc order="5" weight="1" xlink:arcrole="http://www.xbrl.org/2003/arcrole/summation-item" xlink:from="loc_us-gaap_Assets_2c254058-78f6-11e1-94fe-25ba39ebf1f4" xlink:to="loc_us-gaap_DeferredTaxAssetsLiabilitiesNetNoncurrent_473a82a4-78f6-11e1-94fe-25ba39ebf1f4" xlink:type="arc" />
    <loc xlink:href="http://xbrl.fasb.org/us-gaap/2012/elts/us-gaap-2012-01-31.xsd#us-gaap_OtherAssetsNoncurrent" xlink:label="loc_us-gaap_OtherAssetsNoncurrent_62df8554-78f6-11e1-94fe-25ba39ebf1f4" xlink:type="locator" />
    <calculationArc order="6" weight="1" xlink:arcrole="http://www.xbrl.org/2003/arcrole/summation-item" xlink:from="loc_us-gaap_Assets_2c254058-78f6-11e1-94fe-25ba39ebf1f4" xlink:to="loc_us-gaap_OtherAssetsNoncurrent_62df8554-78f6-11e1-94fe-25ba39ebf1f4" xlink:type="arc" />
    <loc xlink:href="http://xbrl.fasb.org/us-gaap/2012/elts/us-gaap-2012-01-31.xsd#us-gaap_LiabilitiesAndStockholdersEquity" xlink:label="loc_us-gaap_LiabilitiesAndStockholdersEquity_5c4fc6ae-78f6-11e1-94fe-25ba39ebf1f4" xlink:type="locator" />
    <loc xlink:href="http://xbrl.fasb.org/us-gaap/2012/elts/us-gaap-2012-01-31.xsd#us-gaap_Liabilities" xlink:label="loc_us-gaap_Liabilities_5c30a2c4-78f6-11e1-94fe-25ba39ebf1f4" xlink:type="locator" />
    <calculationArc order="1" weight="1" xlink:arcrole="http://www.xbrl.org/2003/arcrole/summation-item" xlink:from="loc_us-gaap_LiabilitiesAndStockholdersEquity_5c4fc6ae-78f6-11e1-94fe-25ba39ebf1f4" xlink:to="loc_us-gaap_Liabilities_5c30a2c4-78f6-11e1-94fe-25ba39ebf1f4" xlink:type="arc" />
    <loc xlink:href="http://xbrl.fasb.org/us-gaap/2012/elts/us-gaap-2012-01-31.xsd#us-gaap_LiabilitiesCurrent" xlink:label="loc_us-gaap_LiabilitiesCurrent_5c188d92-78f6-11e1-94fe-25ba39ebf1f4" xlink:type="locator" />
    <calculationArc order="1" weight="1" xlink:arcrole="http://www.xbrl.org/2003/arcrole/summation-item" xlink:from="loc_us-gaap_Liabilities_5c30a2c4-78f6-11e1-94fe-25ba39ebf1f4" xlink:to="loc_us-gaap_LiabilitiesCurrent_5c188d92-78f6-11e1-94fe-25ba39ebf1f4" xlink:type="arc" />
    <loc xlink:href="http://xbrl.fasb.org/us-gaap/2012/elts/us-gaap-2012-01-31.xsd#us-gaap_EmployeeRelatedLiabilitiesCurrent" xlink:label="loc_us-gaap_EmployeeRelatedLiabilitiesCurrent_4e9c764c-78f6-11e1-94fe-25ba39ebf1f4" xlink:type="locator" />
    <calculationArc order="1" weight="1" xlink:arcrole="http://www.xbrl.org/2003/arcrole/summation-item" xlink:from="loc_us-gaap_LiabilitiesCurrent_5c188d92-78f6-11e1-94fe-25ba39ebf1f4" xlink:to="loc_us-gaap_EmployeeRelatedLiabilitiesCurrent_4e9c764c-78f6-11e1-94fe-25ba39ebf1f4" xlink:type="arc" />
    <loc xlink:href="http://xbrl.fasb.org/us-gaap/2012/elts/us-gaap-2012-01-31.xsd#us-gaap_OtherLiabilitiesCurrent" xlink:label="loc_us-gaap_OtherLiabilitiesCurrent_63d03724-78f6-11e1-94fe-25ba39ebf1f4" xlink:type="locator" />
    <calculationArc order="2" weight="1" xlink:arcrole="http://www.xbrl.org/2003/arcrole/summation-item" xlink:from="loc_us-gaap_LiabilitiesCurrent_5c188d92-78f6-11e1-94fe-25ba39ebf1f4" xlink:to="loc_us-gaap_OtherLiabilitiesCurrent_63d03724-78f6-11e1-94fe-25ba39ebf1f4" xlink:type="arc" />
    <loc xlink:href="http://xbrl.fasb.org/us-gaap/2012/elts/us-gaap-2012-01-31.xsd#us-gaap_AccountsPayableCurrent" xlink:label="loc_us-gaap_AccountsPayableCurrent_28d58084-78f6-11e1-94fe-25ba39ebf1f4" xlink:type="locator" />
    <calculationArc order="3" weight="1" xlink:arcrole="http://www.xbrl.org/2003/arcrole/summation-item" xlink:from="loc_us-gaap_LiabilitiesCurrent_5c188d92-78f6-11e1-94fe-25ba39ebf1f4" xlink:to="loc_us-gaap_AccountsPayableCurrent_28d58084-78f6-11e1-94fe-25ba39ebf1f4" xlink:type="arc" />
    <loc xlink:href="http://xbrl.fasb.org/us-gaap/2012/elts/us-gaap-2012-01-31.xsd#us-gaap_LiabilityForUncertainTaxPositionsNoncurrent" xlink:label="loc_us-gaap_LiabilityForUncertainTaxPositionsNoncurrent_5c9682ec-78f6-11e1-94fe-25ba39ebf1f4" xlink:type="locator" />
    <calculationArc order="2" weight="1" xlink:arcrole="http://www.xbrl.org/2003/arcrole/summation-item" xlink:from="loc_us-gaap_Liabilities_5c30a2c4-78f6-11e1-94fe-25ba39ebf1f4" xlink:to="loc_us-gaap_LiabilityForUncertainTaxPositionsNoncurrent_5c9682ec-78f6-11e1-94fe-25ba39ebf1f4" xlink:type="arc" />
    <loc xlink:href="http://xbrl.fasb.org/us-gaap/2012/elts/us-gaap-2012-01-31.xsd#us-gaap_OtherLiabilitiesNoncurrent" xlink:label="loc_us-gaap_OtherLiabilitiesNoncurrent_63d8f7d8-78f6-11e1-94fe-25ba39ebf1f4" xlink:type="locator" />
    <calculationArc order="3" weight="1" xlink:arcrole="http://www.xbrl.org/2003/arcrole/summation-item" xlink:from="loc_us-gaap_Liabilities_5c30a2c4-78f6-11e1-94fe-25ba39ebf1f4" xlink:to="loc_us-gaap_OtherLiabilitiesNoncurrent_63d8f7d8-78f6-11e1-94fe-25ba39ebf1f4" xlink:type="arc" />
    <loc xlink:href="http://xbrl.fasb.org/us-gaap/2012/elts/us-gaap-2012-01-31.xsd#us-gaap_StockholdersEquity" xlink:label="loc_us-gaap_StockholdersEquity_70895bd0-78f6-11e1-94fe-25ba39ebf1f4" xlink:type="locator" />
    <calculationArc order="2" weight="1" xlink:arcrole="http://www.xbrl.org/2003/arcrole/summation-item" xlink:from="loc_us-gaap_LiabilitiesAndStockholdersEquity_5c4fc6ae-78f6-11e1-94fe-25ba39ebf1f4" xlink:to="loc_us-gaap_StockholdersEquity_70895bd0-78f6-11e1-94fe-25ba39ebf1f4" xlink:type="arc" />
    <loc xlink:href="http://xbrl.fasb.org/us-gaap/2012/elts/us-gaap-2012-01-31.xsd#us-gaap_CommonStockValue" xlink:label="loc_us-gaap_CommonStockValue_34ddf442-78f6-11e1-94fe-25ba39ebf1f4" xlink:type="locator" />
    <calculationArc order="1" weight="1" xlink:arcrole="http://www.xbrl.org/2003/arcrole/summation-item" xlink:from="loc_us-gaap_StockholdersEquity_70895bd0-78f6-11e1-94fe-25ba39ebf1f4" xlink:to="loc_us-gaap_CommonStockValue_34ddf442-78f6-11e1-94fe-25ba39ebf1f4" xlink:type="arc" />
    <loc xlink:href="http://xbrl.fasb.org/us-gaap/2012/elts/us-gaap-2012-01-31.xsd#us-gaap_AdditionalPaidInCapitalCommonStock" xlink:label="loc_us-gaap_AdditionalPaidInCapitalCommonStock_29c8cba4-78f6-11e1-94fe-25ba39ebf1f4" xlink:type="locator" />
    <calculationArc order="2" weight="1" xlink:arcrole="http://www.xbrl.org/2003/arcrole/summation-item" xlink:from="loc_us-gaap_StockholdersEquity_70895bd0-78f6-11e1-94fe-25ba39ebf1f4" xlink:to="loc_us-gaap_AdditionalPaidInCapitalCommonStock_29c8cba4-78f6-11e1-94fe-25ba39ebf1f4" xlink:type="arc" />
    <loc xlink:href="http://xbrl.fasb.org/us-gaap/2012/elts/us-gaap-2012-01-31.xsd#us-gaap_TreasuryStockValue" xlink:label="loc_us-gaap_TreasuryStockValue_72998c1a-78f6-11e1-94fe-25ba39ebf1f4" xlink:type="locator" />
    <calculationArc order="3" weight="-1" xlink:arcrole="http://www.xbrl.org/2003/arcrole/summation-item" xlink:from="loc_us-gaap_StockholdersEquity_70895bd0-78f6-11e1-94fe-25ba39ebf1f4" xlink:to="loc_us-gaap_TreasuryStockValue_72998c1a-78f6-11e1-94fe-25ba39ebf1f4" xlink:type="arc" />
    <loc xlink:href="http://xbrl.fasb.org/us-gaap/2012/elts/us-gaap-2012-01-31.xsd#us-gaap_RetainedEarningsAccumulatedDeficit" xlink:label="loc_us-gaap_RetainedEarningsAccumulatedDeficit_6b785646-78f6-11e1-94fe-25ba39ebf1f4" xlink:type="locator" />
    <calculationArc order="4" weight="1" xlink:arcrole="http://www.xbrl.org/2003/arcrole/summation-item" xlink:from="loc_us-gaap_StockholdersEquity_70895bd0-78f6-11e1-94fe-25ba39ebf1f4" xlink:to="loc_us-gaap_RetainedEarningsAccumulatedDeficit_6b785646-78f6-11e1-94fe-25ba39ebf1f4" xlink:type="arc" />
    <loc xlink:href="http://xbrl.fasb.org/us-gaap/2012/elts/us-gaap-2012-01-31.xsd#us-gaap_AccumulatedOtherComprehensiveIncomeLossNetOfTax" xlink:label="loc_us-gaap_AccumulatedOtherComprehensiveIncomeLossNetOfTax_29c0ce5e-78f6-11e1-94fe-25ba39ebf1f4" xlink:type="locator" />
    <calculationArc order="5" weight="1" xlink:arcrole="http://www.xbrl.org/2003/arcrole/summation-item" xlink:from="loc_us-gaap_StockholdersEquity_70895bd0-78f6-11e1-94fe-25ba39ebf1f4" xlink:to="loc_us-gaap_AccumulatedOtherComprehensiveIncomeLossNetOfTax_29c0ce5e-78f6-11e1-94fe-25ba39ebf1f4" xlink:type="arc" />
  </calculationLink>
  <calculationLink xlink:role="http://www.skyworksinc.com/role/ConsolidatedBalanceSheetsParenthetical" xlink:type="extended" />
  <calculationLink xlink:role="http://www.skyworksinc.com/role/ConsolidatedStatementOfComprehensiveIncome" xlink:type="extended">
    <loc xlink:href="http://xbrl.fasb.org/us-gaap/2012/elts/us-gaap-2012-01-31.xsd#us-gaap_ComprehensiveIncomeNetOfTax" xlink:label="loc_us-gaap_ComprehensiveIncomeNetOfTax_38f2d2fa-78f6-11e1-94fe-25ba39ebf1f4" xlink:type="locator" />
    <loc xlink:href="http://xbrl.fasb.org/us-gaap/2012/elts/us-gaap-2012-01-31.xsd#us-gaap_NetIncomeLoss" xlink:label="loc_us-gaap_NetIncomeLoss_611bec6c-78f6-11e1-94fe-25ba39ebf1f4" xlink:type="locator" />
    <calculationArc order="1" weight="1" xlink:arcrole="http://www.xbrl.org/2003/arcrole/summation-item" xlink:from="loc_us-gaap_ComprehensiveIncomeNetOfTax_38f2d2fa-78f6-11e1-94fe-25ba39ebf1f4" xlink:to="loc_us-gaap_NetIncomeLoss_611bec6c-78f6-11e1-94fe-25ba39ebf1f4" xlink:type="arc" />
    <loc xlink:href="http://xbrl.fasb.org/us-gaap/2012/elts/us-gaap-2012-01-31.xsd#us-gaap_OtherComprehensiveIncomeUnrealizedHoldingGainLossOnSecuritiesArisingDuringPeriodNetOfTax" xlink:label="loc_us-gaap_OtherComprehensiveIncomeUnrealizedHoldingGainLossOnSecuritiesArisingDuringPeriodNetOfTax_63bfc6aa-78f6-11e1-94fe-25ba39ebf1f4" xlink:type="locator" />
    <calculationArc order="2" weight="1" xlink:arcrole="http://www.xbrl.org/2003/arcrole/summation-item" xlink:from="loc_us-gaap_ComprehensiveIncomeNetOfTax_38f2d2fa-78f6-11e1-94fe-25ba39ebf1f4" xlink:to="loc_us-gaap_OtherComprehensiveIncomeUnrealizedHoldingGainLossOnSecuritiesArisingDuringPeriodNetOfTax_63bfc6aa-78f6-11e1-94fe-25ba39ebf1f4" xlink:type="arc" />
  </calculationLink>
  <calculationLink xlink:role="http://www.skyworksinc.com/role/ConsolidatedStatementsOfCashFlows" xlink:type="extended">
    <loc xlink:href="http://xbrl.fasb.org/us-gaap/2012/elts/us-gaap-2012-01-31.xsd#us-gaap_CashAndCashEquivalentsPeriodIncreaseDecrease" xlink:label="loc_us-gaap_CashAndCashEquivalentsPeriodIncreaseDecrease_31a4213e-78f6-11e1-94fe-25ba39ebf1f4" xlink:type="locator" />
    <loc xlink:href="http://xbrl.fasb.org/us-gaap/2012/elts/us-gaap-2012-01-31.xsd#us-gaap_NetCashProvidedByUsedInOperatingActivities" xlink:label="loc_us-gaap_NetCashProvidedByUsedInOperatingActivities_611fd732-78f6-11e1-94fe-25ba39ebf1f4" xlink:type="locator" />
    <calculationArc order="1" weight="1" xlink:arcrole="http://www.xbrl.org/2003/arcrole/summation-item" xlink:from="loc_us-gaap_CashAndCashEquivalentsPeriodIncreaseDecrease_31a4213e-78f6-11e1-94fe-25ba39ebf1f4" xlink:to="loc_us-gaap_NetCashProvidedByUsedInOperatingActivities_611fd732-78f6-11e1-94fe-25ba39ebf1f4" xlink:type="arc" />
    <loc xlink:href="http://xbrl.fasb.org/us-gaap/2012/elts/us-gaap-2012-01-31.xsd#us-gaap_NetIncomeLoss" xlink:label="loc_us-gaap_NetIncomeLoss_611bec6c-78f6-11e1-94fe-25ba39ebf1f4" xlink:type="locator" />
    <calculationArc order="1" weight="1" xlink:arcrole="http://www.xbrl.org/2003/arcrole/summation-item" xlink:from="loc_us-gaap_NetCashProvidedByUsedInOperatingActivities_611fd732-78f6-11e1-94fe-25ba39ebf1f4" xlink:to="loc_us-gaap_NetIncomeLoss_611bec6c-78f6-11e1-94fe-25ba39ebf1f4" xlink:type="arc" />
    <loc xlink:href="http://xbrl.fasb.org/us-gaap/2012/elts/us-gaap-2012-01-31.xsd#us-gaap_ShareBasedCompensation" xlink:label="loc_us-gaap_ShareBasedCompensation_6ec09264-78f6-11e1-94fe-25ba39ebf1f4" xlink:type="locator" />
    <calculationArc order="2" weight="1" xlink:arcrole="http://www.xbrl.org/2003/arcrole/summation-item" xlink:from="loc_us-gaap_NetCashProvidedByUsedInOperatingActivities_611fd732-78f6-11e1-94fe-25ba39ebf1f4" xlink:to="loc_us-gaap_ShareBasedCompensation_6ec09264-78f6-11e1-94fe-25ba39ebf1f4" xlink:type="arc" />
    <loc xlink:href="http://xbrl.fasb.org/us-gaap/2012/elts/us-gaap-2012-01-31.xsd#us-gaap_Depreciation" xlink:label="loc_us-gaap_Depreciation_48aefde0-78f6-11e1-94fe-25ba39ebf1f4" xlink:type="locator" />
    <calculationArc order="3" weight="1" xlink:arcrole="http://www.xbrl.org/2003/arcrole/summation-item" xlink:from="loc_us-gaap_NetCashProvidedByUsedInOperatingActivities_611fd732-78f6-11e1-94fe-25ba39ebf1f4" xlink:to="loc_us-gaap_Depreciation_48aefde0-78f6-11e1-94fe-25ba39ebf1f4" xlink:type="arc" />
    <loc xlink:href="swks-20121228.xsd#swks_ContributionOfCommonSharesToSavingsAndRetirementPlansRelatedExpense" xlink:label="loc_swks_ContributionOfCommonSharesToSavingsAndRetirementPlansRelatedExpense_7c375702-5904-0c05-ff47-8fe0a58c88a6" xlink:type="locator" />
    <calculationArc order="4" weight="1" xlink:arcrole="http://www.xbrl.org/2003/arcrole/summation-item" xlink:from="loc_us-gaap_NetCashProvidedByUsedInOperatingActivities_611fd732-78f6-11e1-94fe-25ba39ebf1f4" xlink:to="loc_swks_ContributionOfCommonSharesToSavingsAndRetirementPlansRelatedExpense_7c375702-5904-0c05-ff47-8fe0a58c88a6" xlink:type="arc" />
    <loc xlink:href="http://xbrl.fasb.org/us-gaap/2012/elts/us-gaap-2012-01-31.xsd#us-gaap_OtherNoncashIncomeExpense" xlink:label="loc_us-gaap_OtherNoncashIncomeExpense_62b35f06-78f6-11e1-94fe-25ba39ebf1f4" xlink:type="locator" />
    <calculationArc order="5" weight="-1" xlink:arcrole="http://www.xbrl.org/2003/arcrole/summation-item" xlink:from="loc_us-gaap_NetCashProvidedByUsedInOperatingActivities_611fd732-78f6-11e1-94fe-25ba39ebf1f4" xlink:to="loc_us-gaap_OtherNoncashIncomeExpense_62b35f06-78f6-11e1-94fe-25ba39ebf1f4" xlink:type="arc" />
    <loc xlink:href="http://xbrl.fasb.org/us-gaap/2012/elts/us-gaap-2012-01-31.xsd#us-gaap_DeferredIncomeTaxesAndTaxCredits" xlink:label="loc_us-gaap_DeferredIncomeTaxesAndTaxCredits_470122de-78f6-11e1-94fe-25ba39ebf1f4" xlink:type="locator" />
    <calculationArc order="6" weight="1" xlink:arcrole="http://www.xbrl.org/2003/arcrole/summation-item" xlink:from="loc_us-gaap_NetCashProvidedByUsedInOperatingActivities_611fd732-78f6-11e1-94fe-25ba39ebf1f4" xlink:to="loc_us-gaap_DeferredIncomeTaxesAndTaxCredits_470122de-78f6-11e1-94fe-25ba39ebf1f4" xlink:type="arc" />
    <loc xlink:href="http://xbrl.fasb.org/us-gaap/2012/elts/us-gaap-2012-01-31.xsd#us-gaap_IncreaseDecreaseInReceivables" xlink:label="loc_us-gaap_IncreaseDecreaseInReceivables_59951dd8-78f6-11e1-94fe-25ba39ebf1f4" xlink:type="locator" />
    <calculationArc order="7" weight="-1" xlink:arcrole="http://www.xbrl.org/2003/arcrole/summation-item" xlink:from="loc_us-gaap_NetCashProvidedByUsedInOperatingActivities_611fd732-78f6-11e1-94fe-25ba39ebf1f4" xlink:to="loc_us-gaap_IncreaseDecreaseInReceivables_59951dd8-78f6-11e1-94fe-25ba39ebf1f4" xlink:type="arc" />
    <loc xlink:href="http://xbrl.fasb.org/us-gaap/2012/elts/us-gaap-2012-01-31.xsd#us-gaap_IncreaseDecreaseInInventories" xlink:label="loc_us-gaap_IncreaseDecreaseInInventories_5962f3b2-78f6-11e1-94fe-25ba39ebf1f4" xlink:type="locator" />
    <calculationArc order="8" weight="-1" xlink:arcrole="http://www.xbrl.org/2003/arcrole/summation-item" xlink:from="loc_us-gaap_NetCashProvidedByUsedInOperatingActivities_611fd732-78f6-11e1-94fe-25ba39ebf1f4" xlink:to="loc_us-gaap_IncreaseDecreaseInInventories_5962f3b2-78f6-11e1-94fe-25ba39ebf1f4" xlink:type="arc" />
    <loc xlink:href="http://xbrl.fasb.org/us-gaap/2012/elts/us-gaap-2012-01-31.xsd#us-gaap_IncreaseDecreaseInOtherOperatingAssets" xlink:label="loc_us-gaap_IncreaseDecreaseInOtherOperatingAssets_595e31f6-78f6-11e1-94fe-25ba39ebf1f4" xlink:type="locator" />
    <calculationArc order="9" weight="-1" xlink:arcrole="http://www.xbrl.org/2003/arcrole/summation-item" xlink:from="loc_us-gaap_NetCashProvidedByUsedInOperatingActivities_611fd732-78f6-11e1-94fe-25ba39ebf1f4" xlink:to="loc_us-gaap_IncreaseDecreaseInOtherOperatingAssets_595e31f6-78f6-11e1-94fe-25ba39ebf1f4" xlink:type="arc" />
    <loc xlink:href="http://xbrl.fasb.org/us-gaap/2012/elts/us-gaap-2012-01-31.xsd#us-gaap_IncreaseDecreaseInAccountsPayable" xlink:label="loc_us-gaap_IncreaseDecreaseInAccountsPayable_58a5226a-78f6-11e1-94fe-25ba39ebf1f4" xlink:type="locator" />
    <calculationArc order="10" weight="1" xlink:arcrole="http://www.xbrl.org/2003/arcrole/summation-item" xlink:from="loc_us-gaap_NetCashProvidedByUsedInOperatingActivities_611fd732-78f6-11e1-94fe-25ba39ebf1f4" xlink:to="loc_us-gaap_IncreaseDecreaseInAccountsPayable_58a5226a-78f6-11e1-94fe-25ba39ebf1f4" xlink:type="arc" />
    <loc xlink:href="http://xbrl.fasb.org/us-gaap/2012/elts/us-gaap-2012-01-31.xsd#us-gaap_IncreaseDecreaseInOtherOperatingLiabilities" xlink:label="loc_us-gaap_IncreaseDecreaseInOtherOperatingLiabilities_5982d204-78f6-11e1-94fe-25ba39ebf1f4" xlink:type="locator" />
    <calculationArc order="11" weight="1" xlink:arcrole="http://www.xbrl.org/2003/arcrole/summation-item" xlink:from="loc_us-gaap_NetCashProvidedByUsedInOperatingActivities_611fd732-78f6-11e1-94fe-25ba39ebf1f4" xlink:to="loc_us-gaap_IncreaseDecreaseInOtherOperatingLiabilities_5982d204-78f6-11e1-94fe-25ba39ebf1f4" xlink:type="arc" />
    <loc xlink:href="http://xbrl.fasb.org/us-gaap/2012/elts/us-gaap-2012-01-31.xsd#us-gaap_ExcessTaxBenefitFromShareBasedCompensationOperatingActivities" xlink:label="loc_us-gaap_ExcessTaxBenefitFromShareBasedCompensationOperatingActivities_4f6c0772-78f6-11e1-94fe-25ba39ebf1f4" xlink:type="locator" />
    <calculationArc order="12" weight="-1" xlink:arcrole="http://www.xbrl.org/2003/arcrole/summation-item" xlink:from="loc_us-gaap_NetCashProvidedByUsedInOperatingActivities_611fd732-78f6-11e1-94fe-25ba39ebf1f4" xlink:to="loc_us-gaap_ExcessTaxBenefitFromShareBasedCompensationOperatingActivities_4f6c0772-78f6-11e1-94fe-25ba39ebf1f4" xlink:type="arc" />
    <loc xlink:href="http://xbrl.fasb.org/us-gaap/2012/elts/us-gaap-2012-01-31.xsd#us-gaap_OtherDepreciationAndAmortization" xlink:label="loc_us-gaap_OtherDepreciationAndAmortization_63b06386-78f6-11e1-94fe-25ba39ebf1f4" xlink:type="locator" />
    <calculationArc order="13" weight="1" xlink:arcrole="http://www.xbrl.org/2003/arcrole/summation-item" xlink:from="loc_us-gaap_NetCashProvidedByUsedInOperatingActivities_611fd732-78f6-11e1-94fe-25ba39ebf1f4" xlink:to="loc_us-gaap_OtherDepreciationAndAmortization_63b06386-78f6-11e1-94fe-25ba39ebf1f4" xlink:type="arc" />
    <loc xlink:href="http://xbrl.fasb.org/us-gaap/2012/elts/us-gaap-2012-01-31.xsd#us-gaap_NetCashProvidedByUsedInInvestingActivities" xlink:label="loc_us-gaap_NetCashProvidedByUsedInInvestingActivities_60ef698a-78f6-11e1-94fe-25ba39ebf1f4" xlink:type="locator" />
    <calculationArc order="2" weight="1" xlink:arcrole="http://www.xbrl.org/2003/arcrole/summation-item" xlink:from="loc_us-gaap_CashAndCashEquivalentsPeriodIncreaseDecrease_31a4213e-78f6-11e1-94fe-25ba39ebf1f4" xlink:to="loc_us-gaap_NetCashProvidedByUsedInInvestingActivities_60ef698a-78f6-11e1-94fe-25ba39ebf1f4" xlink:type="arc" />
    <loc xlink:href="http://xbrl.fasb.org/us-gaap/2012/elts/us-gaap-2012-01-31.xsd#us-gaap_PaymentsToAcquireProductiveAssets" xlink:label="loc_us-gaap_PaymentsToAcquireProductiveAssets_6546d400-78f6-11e1-94fe-25ba39ebf1f4" xlink:type="locator" />
    <calculationArc order="1" weight="-1" xlink:arcrole="http://www.xbrl.org/2003/arcrole/summation-item" xlink:from="loc_us-gaap_NetCashProvidedByUsedInInvestingActivities_60ef698a-78f6-11e1-94fe-25ba39ebf1f4" xlink:to="loc_us-gaap_PaymentsToAcquireProductiveAssets_6546d400-78f6-11e1-94fe-25ba39ebf1f4" xlink:type="arc" />
    <loc xlink:href="http://xbrl.fasb.org/us-gaap/2012/elts/us-gaap-2012-01-31.xsd#us-gaap_ProceedsFromMaturitiesPrepaymentsAndCallsOfShorttermInvestments" xlink:label="loc_us-gaap_ProceedsFromMaturitiesPrepaymentsAndCallsOfShorttermInvestments_671b2cea-78f6-11e1-94fe-25ba39ebf1f4" xlink:type="locator" />
    <calculationArc order="2" weight="1" xlink:arcrole="http://www.xbrl.org/2003/arcrole/summation-item" xlink:from="loc_us-gaap_NetCashProvidedByUsedInInvestingActivities_60ef698a-78f6-11e1-94fe-25ba39ebf1f4" xlink:to="loc_us-gaap_ProceedsFromMaturitiesPrepaymentsAndCallsOfShorttermInvestments_671b2cea-78f6-11e1-94fe-25ba39ebf1f4" xlink:type="arc" />
    <loc xlink:href="http://xbrl.fasb.org/us-gaap/2012/elts/us-gaap-2012-01-31.xsd#us-gaap_NetCashProvidedByUsedInFinancingActivities" xlink:label="loc_us-gaap_NetCashProvidedByUsedInFinancingActivities_60f52a96-78f6-11e1-94fe-25ba39ebf1f4" xlink:type="locator" />
    <calculationArc order="3" weight="1" xlink:arcrole="http://www.xbrl.org/2003/arcrole/summation-item" xlink:from="loc_us-gaap_CashAndCashEquivalentsPeriodIncreaseDecrease_31a4213e-78f6-11e1-94fe-25ba39ebf1f4" xlink:to="loc_us-gaap_NetCashProvidedByUsedInFinancingActivities_60f52a96-78f6-11e1-94fe-25ba39ebf1f4" xlink:type="arc" />
    <loc xlink:href="http://xbrl.fasb.org/us-gaap/2012/elts/us-gaap-2012-01-31.xsd#us-gaap_ExcessTaxBenefitFromShareBasedCompensationFinancingActivities" xlink:label="loc_us-gaap_ExcessTaxBenefitFromShareBasedCompensationFinancingActivities_4f6b30fe-78f6-11e1-94fe-25ba39ebf1f4" xlink:type="locator" />
    <calculationArc order="1" weight="1" xlink:arcrole="http://www.xbrl.org/2003/arcrole/summation-item" xlink:from="loc_us-gaap_NetCashProvidedByUsedInFinancingActivities_60f52a96-78f6-11e1-94fe-25ba39ebf1f4" xlink:to="loc_us-gaap_ExcessTaxBenefitFromShareBasedCompensationFinancingActivities_4f6b30fe-78f6-11e1-94fe-25ba39ebf1f4" xlink:type="arc" />
    <loc xlink:href="http://xbrl.fasb.org/us-gaap/2012/elts/us-gaap-2012-01-31.xsd#us-gaap_PaymentsRelatedToTaxWithholdingForShareBasedCompensation" xlink:label="loc_us-gaap_PaymentsRelatedToTaxWithholdingForShareBasedCompensation_64c9d4d2-78f6-11e1-94fe-25ba39ebf1f4" xlink:type="locator" />
    <calculationArc order="2" weight="-1" xlink:arcrole="http://www.xbrl.org/2003/arcrole/summation-item" xlink:from="loc_us-gaap_NetCashProvidedByUsedInFinancingActivities_60f52a96-78f6-11e1-94fe-25ba39ebf1f4" xlink:to="loc_us-gaap_PaymentsRelatedToTaxWithholdingForShareBasedCompensation_64c9d4d2-78f6-11e1-94fe-25ba39ebf1f4" xlink:type="arc" />
    <loc xlink:href="http://xbrl.fasb.org/us-gaap/2012/elts/us-gaap-2012-01-31.xsd#us-gaap_PaymentsForRepurchaseOfCommonStock" xlink:label="loc_us-gaap_PaymentsForRepurchaseOfCommonStock_651668c4-78f6-11e1-94fe-25ba39ebf1f4" xlink:type="locator" />
    <calculationArc order="3" weight="-1" xlink:arcrole="http://www.xbrl.org/2003/arcrole/summation-item" xlink:from="loc_us-gaap_NetCashProvidedByUsedInFinancingActivities_60f52a96-78f6-11e1-94fe-25ba39ebf1f4" xlink:to="loc_us-gaap_PaymentsForRepurchaseOfCommonStock_651668c4-78f6-11e1-94fe-25ba39ebf1f4" xlink:type="arc" />
    <loc xlink:href="http://xbrl.fasb.org/us-gaap/2012/elts/us-gaap-2012-01-31.xsd#us-gaap_ProceedsFromStockOptionsExercised" xlink:label="loc_us-gaap_ProceedsFromStockOptionsExercised_67972912-78f6-11e1-94fe-25ba39ebf1f4" xlink:type="locator" />
    <calculationArc order="4" weight="1" xlink:arcrole="http://www.xbrl.org/2003/arcrole/summation-item" xlink:from="loc_us-gaap_NetCashProvidedByUsedInFinancingActivities_60f52a96-78f6-11e1-94fe-25ba39ebf1f4" xlink:to="loc_us-gaap_ProceedsFromStockOptionsExercised_67972912-78f6-11e1-94fe-25ba39ebf1f4" xlink:type="arc" />
    <loc xlink:href="http://xbrl.fasb.org/us-gaap/2012/elts/us-gaap-2012-01-31.xsd#us-gaap_RepaymentsOfDebt" xlink:label="loc_us-gaap_RepaymentsOfDebt_6ac61b48-78f6-11e1-94fe-25ba39ebf1f4" xlink:type="locator" />
    <calculationArc order="5" weight="-1" xlink:arcrole="http://www.xbrl.org/2003/arcrole/summation-item" xlink:from="loc_us-gaap_NetCashProvidedByUsedInFinancingActivities_60f52a96-78f6-11e1-94fe-25ba39ebf1f4" xlink:to="loc_us-gaap_RepaymentsOfDebt_6ac61b48-78f6-11e1-94fe-25ba39ebf1f4" xlink:type="arc" />
    <loc xlink:href="http://xbrl.fasb.org/us-gaap/2012/elts/us-gaap-2012-01-31.xsd#us-gaap_IncreaseDecreaseInRestrictedCash" xlink:label="loc_us-gaap_IncreaseDecreaseInRestrictedCash_59912bba-78f6-11e1-94fe-25ba39ebf1f4" xlink:type="locator" />
    <calculationArc order="6" weight="-1" xlink:arcrole="http://www.xbrl.org/2003/arcrole/summation-item" xlink:from="loc_us-gaap_NetCashProvidedByUsedInFinancingActivities_60f52a96-78f6-11e1-94fe-25ba39ebf1f4" xlink:to="loc_us-gaap_IncreaseDecreaseInRestrictedCash_59912bba-78f6-11e1-94fe-25ba39ebf1f4" xlink:type="arc" />
  </calculationLink>
  <calculationLink xlink:role="http://www.skyworksinc.com/role/ConsolidatedStatementsOfOperations" xlink:type="extended">
    <loc xlink:href="http://xbrl.fasb.org/us-gaap/2012/elts/us-gaap-2012-01-31.xsd#us-gaap_NetIncomeLoss" xlink:label="loc_us-gaap_NetIncomeLoss_611bec6c-78f6-11e1-94fe-25ba39ebf1f4" xlink:type="locator" />
    <loc xlink:href="http://xbrl.fasb.org/us-gaap/2012/elts/us-gaap-2012-01-31.xsd#us-gaap_IncomeLossFromContinuingOperationsBeforeIncomeTaxesMinorityInterestAndIncomeLossFromEquityMethodInvestments" xlink:label="loc_us-gaap_IncomeLossFromContinuingOperationsBeforeIncomeTaxesMinorityInterestAndIncomeLossFromEquityMethodInvestments_5817da40-78f6-11e1-94fe-25ba39ebf1f4" xlink:type="locator" />
    <calculationArc order="1" weight="1" xlink:arcrole="http://www.xbrl.org/2003/arcrole/summation-item" xlink:from="loc_us-gaap_NetIncomeLoss_611bec6c-78f6-11e1-94fe-25ba39ebf1f4" xlink:to="loc_us-gaap_IncomeLossFromContinuingOperationsBeforeIncomeTaxesMinorityInterestAndIncomeLossFromEquityMethodInvestments_5817da40-78f6-11e1-94fe-25ba39ebf1f4" xlink:type="arc" />
    <loc xlink:href="http://xbrl.fasb.org/us-gaap/2012/elts/us-gaap-2012-01-31.xsd#us-gaap_OperatingIncomeLoss" xlink:label="loc_us-gaap_OperatingIncomeLoss_624609ec-78f6-11e1-94fe-25ba39ebf1f4" xlink:type="locator" />
    <calculationArc order="1" weight="1" xlink:arcrole="http://www.xbrl.org/2003/arcrole/summation-item" xlink:from="loc_us-gaap_IncomeLossFromContinuingOperationsBeforeIncomeTaxesMinorityInterestAndIncomeLossFromEquityMethodInvestments_5817da40-78f6-11e1-94fe-25ba39ebf1f4" xlink:to="loc_us-gaap_OperatingIncomeLoss_624609ec-78f6-11e1-94fe-25ba39ebf1f4" xlink:type="arc" />
    <loc xlink:href="http://xbrl.fasb.org/us-gaap/2012/elts/us-gaap-2012-01-31.xsd#us-gaap_GrossProfit" xlink:label="loc_us-gaap_GrossProfit_56a7c864-78f6-11e1-94fe-25ba39ebf1f4" xlink:type="locator" />
    <calculationArc order="1" weight="1" xlink:arcrole="http://www.xbrl.org/2003/arcrole/summation-item" xlink:from="loc_us-gaap_OperatingIncomeLoss_624609ec-78f6-11e1-94fe-25ba39ebf1f4" xlink:to="loc_us-gaap_GrossProfit_56a7c864-78f6-11e1-94fe-25ba39ebf1f4" xlink:type="arc" />
    <loc xlink:href="http://xbrl.fasb.org/us-gaap/2012/elts/us-gaap-2012-01-31.xsd#us-gaap_SalesRevenueNet" xlink:label="loc_us-gaap_SalesRevenueNet_6c24eb22-78f6-11e1-94fe-25ba39ebf1f4" xlink:type="locator" />
    <calculationArc order="1" weight="1" xlink:arcrole="http://www.xbrl.org/2003/arcrole/summation-item" xlink:from="loc_us-gaap_GrossProfit_56a7c864-78f6-11e1-94fe-25ba39ebf1f4" xlink:to="loc_us-gaap_SalesRevenueNet_6c24eb22-78f6-11e1-94fe-25ba39ebf1f4" xlink:type="arc" />
    <loc xlink:href="http://xbrl.fasb.org/us-gaap/2012/elts/us-gaap-2012-01-31.xsd#us-gaap_CostOfGoodsSold" xlink:label="loc_us-gaap_CostOfGoodsSold_40414a32-78f6-11e1-94fe-25ba39ebf1f4" xlink:type="locator" />
    <calculationArc order="2" weight="-1" xlink:arcrole="http://www.xbrl.org/2003/arcrole/summation-item" xlink:from="loc_us-gaap_GrossProfit_56a7c864-78f6-11e1-94fe-25ba39ebf1f4" xlink:to="loc_us-gaap_CostOfGoodsSold_40414a32-78f6-11e1-94fe-25ba39ebf1f4" xlink:type="arc" />
    <loc xlink:href="http://xbrl.fasb.org/us-gaap/2012/elts/us-gaap-2012-01-31.xsd#us-gaap_OperatingExpenses" xlink:label="loc_us-gaap_OperatingExpenses_623a80b8-78f6-11e1-94fe-25ba39ebf1f4" xlink:type="locator" />
    <calculationArc order="2" weight="-1" xlink:arcrole="http://www.xbrl.org/2003/arcrole/summation-item" xlink:from="loc_us-gaap_OperatingIncomeLoss_624609ec-78f6-11e1-94fe-25ba39ebf1f4" xlink:to="loc_us-gaap_OperatingExpenses_623a80b8-78f6-11e1-94fe-25ba39ebf1f4" xlink:type="arc" />
    <loc xlink:href="http://xbrl.fasb.org/us-gaap/2012/elts/us-gaap-2012-01-31.xsd#us-gaap_ResearchAndDevelopmentExpense" xlink:label="loc_us-gaap_ResearchAndDevelopmentExpense_6aef6d04-78f6-11e1-94fe-25ba39ebf1f4" xlink:type="locator" />
    <calculationArc order="1" weight="1" xlink:arcrole="http://www.xbrl.org/2003/arcrole/summation-item" xlink:from="loc_us-gaap_OperatingExpenses_623a80b8-78f6-11e1-94fe-25ba39ebf1f4" xlink:to="loc_us-gaap_ResearchAndDevelopmentExpense_6aef6d04-78f6-11e1-94fe-25ba39ebf1f4" xlink:type="arc" />
    <loc xlink:href="http://xbrl.fasb.org/us-gaap/2012/elts/us-gaap-2012-01-31.xsd#us-gaap_SellingGeneralAndAdministrativeExpense" xlink:label="loc_us-gaap_SellingGeneralAndAdministrativeExpense_6e581cc0-78f6-11e1-94fe-25ba39ebf1f4" xlink:type="locator" />
    <calculationArc order="2" weight="1" xlink:arcrole="http://www.xbrl.org/2003/arcrole/summation-item" xlink:from="loc_us-gaap_OperatingExpenses_623a80b8-78f6-11e1-94fe-25ba39ebf1f4" xlink:to="loc_us-gaap_SellingGeneralAndAdministrativeExpense_6e581cc0-78f6-11e1-94fe-25ba39ebf1f4" xlink:type="arc" />
    <loc xlink:href="http://xbrl.fasb.org/us-gaap/2012/elts/us-gaap-2012-01-31.xsd#us-gaap_AmortizationOfIntangibleAssets" xlink:label="loc_us-gaap_AmortizationOfIntangibleAssets_2b3ffbc4-78f6-11e1-94fe-25ba39ebf1f4" xlink:type="locator" />
    <calculationArc order="3" weight="1" xlink:arcrole="http://www.xbrl.org/2003/arcrole/summation-item" xlink:from="loc_us-gaap_OperatingExpenses_623a80b8-78f6-11e1-94fe-25ba39ebf1f4" xlink:to="loc_us-gaap_AmortizationOfIntangibleAssets_2b3ffbc4-78f6-11e1-94fe-25ba39ebf1f4" xlink:type="arc" />
    <loc xlink:href="http://xbrl.fasb.org/us-gaap/2012/elts/us-gaap-2012-01-31.xsd#us-gaap_RestructuringCharges" xlink:label="loc_us-gaap_RestructuringCharges_6b3ba980-78f6-11e1-94fe-25ba39ebf1f4" xlink:type="locator" />
    <calculationArc order="4" weight="1" xlink:arcrole="http://www.xbrl.org/2003/arcrole/summation-item" xlink:from="loc_us-gaap_OperatingExpenses_623a80b8-78f6-11e1-94fe-25ba39ebf1f4" xlink:to="loc_us-gaap_RestructuringCharges_6b3ba980-78f6-11e1-94fe-25ba39ebf1f4" xlink:type="arc" />
    <loc xlink:href="http://xbrl.fasb.org/us-gaap/2012/elts/us-gaap-2012-01-31.xsd#us-gaap_InterestExpense" xlink:label="loc_us-gaap_InterestExpense_5a4444fc-78f6-11e1-94fe-25ba39ebf1f4" xlink:type="locator" />
    <calculationArc order="2" weight="-1" xlink:arcrole="http://www.xbrl.org/2003/arcrole/summation-item" xlink:from="loc_us-gaap_IncomeLossFromContinuingOperationsBeforeIncomeTaxesMinorityInterestAndIncomeLossFromEquityMethodInvestments_5817da40-78f6-11e1-94fe-25ba39ebf1f4" xlink:to="loc_us-gaap_InterestExpense_5a4444fc-78f6-11e1-94fe-25ba39ebf1f4" xlink:type="arc" />
    <loc xlink:href="http://xbrl.fasb.org/us-gaap/2012/elts/us-gaap-2012-01-31.xsd#us-gaap_OtherNonoperatingIncomeExpense" xlink:label="loc_us-gaap_OtherNonoperatingIncomeExpense_63d61950-78f6-11e1-94fe-25ba39ebf1f4" xlink:type="locator" />
    <calculationArc order="3" weight="1" xlink:arcrole="http://www.xbrl.org/2003/arcrole/summation-item" xlink:from="loc_us-gaap_IncomeLossFromContinuingOperationsBeforeIncomeTaxesMinorityInterestAndIncomeLossFromEquityMethodInvestments_5817da40-78f6-11e1-94fe-25ba39ebf1f4" xlink:to="loc_us-gaap_OtherNonoperatingIncomeExpense_63d61950-78f6-11e1-94fe-25ba39ebf1f4" xlink:type="arc" />
    <loc xlink:href="http://xbrl.fasb.org/us-gaap/2012/elts/us-gaap-2012-01-31.xsd#us-gaap_IncomeTaxExpenseBenefit" xlink:label="loc_us-gaap_IncomeTaxExpenseBenefit_584ce050-78f6-11e1-94fe-25ba39ebf1f4" xlink:type="locator" />
    <calculationArc order="2" weight="-1" xlink:arcrole="http://www.xbrl.org/2003/arcrole/summation-item" xlink:from="loc_us-gaap_NetIncomeLoss_611bec6c-78f6-11e1-94fe-25ba39ebf1f4" xlink:to="loc_us-gaap_IncomeTaxExpenseBenefit_584ce050-78f6-11e1-94fe-25ba39ebf1f4" xlink:type="arc" />
  </calculationLink>
  <calculationLink xlink:role="http://www.skyworksinc.com/role/DescriptionOfBusinessAndBasisOfPresentation" xlink:type="extended" />
  <calculationLink xlink:role="http://www.skyworksinc.com/role/DescriptionOfBusinessAndBasisOfPresentationDetails" xlink:type="extended" />
  <calculationLink xlink:role="http://www.skyworksinc.com/role/DocumentAndEntityInformation" xlink:type="extended" />
  <calculationLink xlink:role="http://www.skyworksinc.com/role/EarningsPerShare" xlink:type="extended" />
  <calculationLink xlink:role="http://www.skyworksinc.com/role/EarningsPerShareNarrativeDetails" xlink:type="extended" />
  <calculationLink xlink:role="http://www.skyworksinc.com/role/EarningsPerShareTables" xlink:type="extended" />
  <calculationLink xlink:role="http://www.skyworksinc.com/role/FairValue" xlink:type="extended" />
  <calculationLink xlink:role="http://www.skyworksinc.com/role/FairValueFairValueAssetMeasuredOnRecurringBasisUsingUnobservableInputsDetails" xlink:type="extended" />
  <calculationLink xlink:role="http://www.skyworksinc.com/role/FairValueNarrativeDetails" xlink:type="extended" />
  <calculationLink xlink:role="http://www.skyworksinc.com/role/FairValueScheduleOfFinancialInstrumentsMeasuredAtFairValueOnRecurringBasisDetails" xlink:type="extended">
    <loc xlink:href="http://xbrl.fasb.org/us-gaap/2012/elts/us-gaap-2012-01-31.xsd#us-gaap_AssetsFairValueDisclosureRecurring" xlink:label="loc_us-gaap_AssetsFairValueDisclosureRecurring_2c24ac7e-78f6-11e1-94fe-25ba39ebf1f4" xlink:type="locator" />
    <loc xlink:href="http://xbrl.fasb.org/us-gaap/2012/elts/us-gaap-2012-01-31.xsd#us-gaap_CashAndCashEquivalentsFairValueDisclosure" xlink:label="loc_us-gaap_CashAndCashEquivalentsFairValueDisclosure_31a61aca-78f6-11e1-94fe-25ba39ebf1f4" xlink:type="locator" />
    <calculationArc order="1" weight="1" xlink:arcrole="http://www.xbrl.org/2003/arcrole/summation-item" xlink:from="loc_us-gaap_AssetsFairValueDisclosureRecurring_2c24ac7e-78f6-11e1-94fe-25ba39ebf1f4" xlink:to="loc_us-gaap_CashAndCashEquivalentsFairValueDisclosure_31a61aca-78f6-11e1-94fe-25ba39ebf1f4" xlink:type="arc" />
    <loc xlink:href="http://xbrl.fasb.org/us-gaap/2012/elts/us-gaap-2012-01-31.xsd#us-gaap_AvailableForSaleSecuritiesFairValueDisclosure" xlink:label="loc_us-gaap_AvailableForSaleSecuritiesFairValueDisclosure_2ca70372-78f6-11e1-94fe-25ba39ebf1f4" xlink:type="locator" />
    <calculationArc order="2" weight="1" xlink:arcrole="http://www.xbrl.org/2003/arcrole/summation-item" xlink:from="loc_us-gaap_AssetsFairValueDisclosureRecurring_2c24ac7e-78f6-11e1-94fe-25ba39ebf1f4" xlink:to="loc_us-gaap_AvailableForSaleSecuritiesFairValueDisclosure_2ca70372-78f6-11e1-94fe-25ba39ebf1f4" xlink:type="arc" />
  </calculationLink>
  <calculationLink xlink:role="http://www.skyworksinc.com/role/FairValueTables" xlink:type="extended" />
  <calculationLink xlink:role="http://www.skyworksinc.com/role/GoodwillAndIntangibleAssets" xlink:type="extended" />
  <calculationLink xlink:role="http://www.skyworksinc.com/role/GoodwillAndIntangibleAssetsScheduleOfExpectedAnnualAmortizationExpenseRelatedToIntangibleAssetsForNextFiveYearsDetails" xlink:type="extended" />
  <calculationLink xlink:role="http://www.skyworksinc.com/role/GoodwillAndIntangibleAssetsScheduleOfIntangibleAssetsSubjectToAmortizationDetails" xlink:type="extended">
    <loc xlink:href="http://xbrl.fasb.org/us-gaap/2012/elts/us-gaap-2012-01-31.xsd#us-gaap_IntangibleAssetsNetExcludingGoodwill" xlink:label="loc_us-gaap_IntangibleAssetsNetExcludingGoodwill_5a1fdbbc-78f6-11e1-94fe-25ba39ebf1f4" xlink:type="locator" />
    <loc xlink:href="swks-20121228.xsd#swks_IntangibleAssetsGrossExcludingGoodwill" xlink:label="loc_swks_IntangibleAssetsGrossExcludingGoodwill_dda483b6-0238-4a86-581c-8fe090842e9f" xlink:type="locator" />
    <calculationArc order="1" weight="1" xlink:arcrole="http://www.xbrl.org/2003/arcrole/summation-item" xlink:from="loc_us-gaap_IntangibleAssetsNetExcludingGoodwill_5a1fdbbc-78f6-11e1-94fe-25ba39ebf1f4" xlink:to="loc_swks_IntangibleAssetsGrossExcludingGoodwill_dda483b6-0238-4a86-581c-8fe090842e9f" xlink:type="arc" />
    <loc xlink:href="swks-20121228.xsd#swks_IntangibleAssetsExcludingGoodwillAccumulatedAmortization" xlink:label="loc_swks_IntangibleAssetsExcludingGoodwillAccumulatedAmortization_3ea2f0d4-9c41-0242-b287-8fe09094a3ed" xlink:type="locator" />
    <calculationArc order="2" weight="-1" xlink:arcrole="http://www.xbrl.org/2003/arcrole/summation-item" xlink:from="loc_us-gaap_IntangibleAssetsNetExcludingGoodwill_5a1fdbbc-78f6-11e1-94fe-25ba39ebf1f4" xlink:to="loc_swks_IntangibleAssetsExcludingGoodwillAccumulatedAmortization_3ea2f0d4-9c41-0242-b287-8fe09094a3ed" xlink:type="arc" />
    <loc xlink:href="http://xbrl.fasb.org/us-gaap/2012/elts/us-gaap-2012-01-31.xsd#us-gaap_FiniteLivedIntangibleAssetsNet" xlink:label="loc_us-gaap_FiniteLivedIntangibleAssetsNet_544b59c8-78f6-11e1-94fe-25ba39ebf1f4" xlink:type="locator" />
    <loc xlink:href="http://xbrl.fasb.org/us-gaap/2012/elts/us-gaap-2012-01-31.xsd#us-gaap_FiniteLivedIntangibleAssetsGross" xlink:label="loc_us-gaap_FiniteLivedIntangibleAssetsGross_54334af4-78f6-11e1-94fe-25ba39ebf1f4" xlink:type="locator" />
    <calculationArc order="1" weight="1" xlink:arcrole="http://www.xbrl.org/2003/arcrole/summation-item" xlink:from="loc_us-gaap_FiniteLivedIntangibleAssetsNet_544b59c8-78f6-11e1-94fe-25ba39ebf1f4" xlink:to="loc_us-gaap_FiniteLivedIntangibleAssetsGross_54334af4-78f6-11e1-94fe-25ba39ebf1f4" xlink:type="arc" />
    <loc xlink:href="http://xbrl.fasb.org/us-gaap/2012/elts/us-gaap-2012-01-31.xsd#us-gaap_FiniteLivedIntangibleAssetsAccumulatedAmortization" xlink:label="loc_us-gaap_FiniteLivedIntangibleAssetsAccumulatedAmortization_543933d8-78f6-11e1-94fe-25ba39ebf1f4" xlink:type="locator" />
    <calculationArc order="2" weight="-1" xlink:arcrole="http://www.xbrl.org/2003/arcrole/summation-item" xlink:from="loc_us-gaap_FiniteLivedIntangibleAssetsNet_544b59c8-78f6-11e1-94fe-25ba39ebf1f4" xlink:to="loc_us-gaap_FiniteLivedIntangibleAssetsAccumulatedAmortization_543933d8-78f6-11e1-94fe-25ba39ebf1f4" xlink:type="arc" />
  </calculationLink>
  <calculationLink xlink:role="http://www.skyworksinc.com/role/GoodwillAndIntangibleAssetsTables" xlink:type="extended" />
  <calculationLink xlink:role="http://www.skyworksinc.com/role/IncomeTaxes" xlink:type="extended" />
  <calculationLink xlink:role="http://www.skyworksinc.com/role/IncomeTaxesDetails" xlink:type="extended">
    <loc xlink:href="http://xbrl.fasb.org/us-gaap/2012/elts/us-gaap-2012-01-31.xsd#us-gaap_IncomeTaxExpenseBenefit" xlink:label="loc_us-gaap_IncomeTaxExpenseBenefit_584ce050-78f6-11e1-94fe-25ba39ebf1f4" xlink:type="locator" />
    <loc xlink:href="http://xbrl.fasb.org/us-gaap/2012/elts/us-gaap-2012-01-31.xsd#us-gaap_CurrentFederalTaxExpenseBenefit" xlink:label="loc_us-gaap_CurrentFederalTaxExpenseBenefit_446e35f2-78f6-11e1-94fe-25ba39ebf1f4" xlink:type="locator" />
    <calculationArc order="1" weight="1" xlink:arcrole="http://www.xbrl.org/2003/arcrole/summation-item" xlink:from="loc_us-gaap_IncomeTaxExpenseBenefit_584ce050-78f6-11e1-94fe-25ba39ebf1f4" xlink:to="loc_us-gaap_CurrentFederalTaxExpenseBenefit_446e35f2-78f6-11e1-94fe-25ba39ebf1f4" xlink:type="arc" />
    <loc xlink:href="http://xbrl.fasb.org/us-gaap/2012/elts/us-gaap-2012-01-31.xsd#us-gaap_CurrentForeignTaxExpenseBenefit" xlink:label="loc_us-gaap_CurrentForeignTaxExpenseBenefit_446dfd76-78f6-11e1-94fe-25ba39ebf1f4" xlink:type="locator" />
    <calculationArc order="2" weight="1" xlink:arcrole="http://www.xbrl.org/2003/arcrole/summation-item" xlink:from="loc_us-gaap_IncomeTaxExpenseBenefit_584ce050-78f6-11e1-94fe-25ba39ebf1f4" xlink:to="loc_us-gaap_CurrentForeignTaxExpenseBenefit_446dfd76-78f6-11e1-94fe-25ba39ebf1f4" xlink:type="arc" />
  </calculationLink>
  <calculationLink xlink:role="http://www.skyworksinc.com/role/IncomeTaxesNarrativeDetails" xlink:type="extended" />
  <calculationLink xlink:role="http://www.skyworksinc.com/role/IncomeTaxesTables" xlink:type="extended" />
  <calculationLink xlink:role="http://www.skyworksinc.com/role/Inventory" xlink:type="extended" />
  <calculationLink xlink:role="http://www.skyworksinc.com/role/InventoryScheduleOfInventoriesDetails" xlink:type="extended">
    <loc xlink:href="http://xbrl.fasb.org/us-gaap/2012/elts/us-gaap-2012-01-31.xsd#us-gaap_InventoryNet" xlink:label="loc_us-gaap_InventoryNet_5b10f3ee-78f6-11e1-94fe-25ba39ebf1f4" xlink:type="locator" />
    <loc xlink:href="http://xbrl.fasb.org/us-gaap/2012/elts/us-gaap-2012-01-31.xsd#us-gaap_InventoryRawMaterialsNetOfReserves" xlink:label="loc_us-gaap_InventoryRawMaterialsNetOfReserves_5b016a00-78f6-11e1-94fe-25ba39ebf1f4" xlink:type="locator" />
    <calculationArc order="1" weight="1" xlink:arcrole="http://www.xbrl.org/2003/arcrole/summation-item" xlink:from="loc_us-gaap_InventoryNet_5b10f3ee-78f6-11e1-94fe-25ba39ebf1f4" xlink:to="loc_us-gaap_InventoryRawMaterialsNetOfReserves_5b016a00-78f6-11e1-94fe-25ba39ebf1f4" xlink:type="arc" />
    <loc xlink:href="http://xbrl.fasb.org/us-gaap/2012/elts/us-gaap-2012-01-31.xsd#us-gaap_InventoryWorkInProcessNetOfReserves" xlink:label="loc_us-gaap_InventoryWorkInProcessNetOfReserves_5b172430-78f6-11e1-94fe-25ba39ebf1f4" xlink:type="locator" />
    <calculationArc order="2" weight="1" xlink:arcrole="http://www.xbrl.org/2003/arcrole/summation-item" xlink:from="loc_us-gaap_InventoryNet_5b10f3ee-78f6-11e1-94fe-25ba39ebf1f4" xlink:to="loc_us-gaap_InventoryWorkInProcessNetOfReserves_5b172430-78f6-11e1-94fe-25ba39ebf1f4" xlink:type="arc" />
    <loc xlink:href="http://xbrl.fasb.org/us-gaap/2012/elts/us-gaap-2012-01-31.xsd#us-gaap_InventoryFinishedGoodsNetOfReserves" xlink:label="loc_us-gaap_InventoryFinishedGoodsNetOfReserves_5afe7bba-78f6-11e1-94fe-25ba39ebf1f4" xlink:type="locator" />
    <calculationArc order="3" weight="1" xlink:arcrole="http://www.xbrl.org/2003/arcrole/summation-item" xlink:from="loc_us-gaap_InventoryNet_5b10f3ee-78f6-11e1-94fe-25ba39ebf1f4" xlink:to="loc_us-gaap_InventoryFinishedGoodsNetOfReserves_5afe7bba-78f6-11e1-94fe-25ba39ebf1f4" xlink:type="arc" />
    <loc xlink:href="http://xbrl.fasb.org/us-gaap/2012/elts/us-gaap-2012-01-31.xsd#us-gaap_OtherInventoryMaterialsSuppliesAndMerchandiseUnderConsignment" xlink:label="loc_us-gaap_OtherInventoryMaterialsSuppliesAndMerchandiseUnderConsignment_63d0f268-78f6-11e1-94fe-25ba39ebf1f4" xlink:type="locator" />
    <calculationArc order="4" weight="1" xlink:arcrole="http://www.xbrl.org/2003/arcrole/summation-item" xlink:from="loc_us-gaap_InventoryNet_5b10f3ee-78f6-11e1-94fe-25ba39ebf1f4" xlink:to="loc_us-gaap_OtherInventoryMaterialsSuppliesAndMerchandiseUnderConsignment_63d0f268-78f6-11e1-94fe-25ba39ebf1f4" xlink:type="arc" />
  </calculationLink>
  <calculationLink xlink:role="http://www.skyworksinc.com/role/InventoryTables" xlink:type="extended" />
  <calculationLink xlink:role="http://www.skyworksinc.com/role/MarketableSecurities" xlink:type="extended" />
  <calculationLink xlink:role="http://www.skyworksinc.com/role/MarketableSecuritiesDetails" xlink:type="extended" />
  <calculationLink xlink:role="http://www.skyworksinc.com/role/PropertyPlantAndEquipment" xlink:type="extended" />
  <calculationLink xlink:role="http://www.skyworksinc.com/role/PropertyPlantAndEquipmentScheduleOfPropertyPlantAndEquipmentDetails" xlink:type="extended">
    <loc xlink:href="http://xbrl.fasb.org/us-gaap/2012/elts/us-gaap-2012-01-31.xsd#us-gaap_PropertyPlantAndEquipmentNet" xlink:label="loc_us-gaap_PropertyPlantAndEquipmentNet_683dcad8-78f6-11e1-94fe-25ba39ebf1f4" xlink:type="locator" />
    <loc xlink:href="http://xbrl.fasb.org/us-gaap/2012/elts/us-gaap-2012-01-31.xsd#us-gaap_PropertyPlantAndEquipmentGross" xlink:label="loc_us-gaap_PropertyPlantAndEquipmentGross_683f0542-78f6-11e1-94fe-25ba39ebf1f4" xlink:type="locator" />
    <calculationArc order="1" weight="1" xlink:arcrole="http://www.xbrl.org/2003/arcrole/summation-item" xlink:from="loc_us-gaap_PropertyPlantAndEquipmentNet_683dcad8-78f6-11e1-94fe-25ba39ebf1f4" xlink:to="loc_us-gaap_PropertyPlantAndEquipmentGross_683f0542-78f6-11e1-94fe-25ba39ebf1f4" xlink:type="arc" />
    <loc xlink:href="http://xbrl.fasb.org/us-gaap/2012/elts/us-gaap-2012-01-31.xsd#us-gaap_AccumulatedDepreciationDepletionAndAmortizationPropertyPlantAndEquipment" xlink:label="loc_us-gaap_AccumulatedDepreciationDepletionAndAmortizationPropertyPlantAndEquipment_29bfb410-78f6-11e1-94fe-25ba39ebf1f4" xlink:type="locator" />
    <calculationArc order="2" weight="-1" xlink:arcrole="http://www.xbrl.org/2003/arcrole/summation-item" xlink:from="loc_us-gaap_PropertyPlantAndEquipmentNet_683dcad8-78f6-11e1-94fe-25ba39ebf1f4" xlink:to="loc_us-gaap_AccumulatedDepreciationDepletionAndAmortizationPropertyPlantAndEquipment_29bfb410-78f6-11e1-94fe-25ba39ebf1f4" xlink:type="arc" />
  </calculationLink>
  <calculationLink xlink:role="http://www.skyworksinc.com/role/PropertyPlantAndEquipmentTables" xlink:type="extended" />
  <calculationLink xlink:role="http://www.skyworksinc.com/role/RestructuringAndOtherCharges" xlink:type="extended" />
  <calculationLink xlink:role="http://www.skyworksinc.com/role/RestructuringAndOtherChargesDetails" xlink:type="extended" />
  <calculationLink xlink:role="http://www.skyworksinc.com/role/RestructuringAndOtherChargesTables" xlink:type="extended" />
  <calculationLink xlink:role="http://www.skyworksinc.com/role/ScheduleOfEarningsPerShareDetails" xlink:type="extended">
    <loc xlink:href="http://xbrl.fasb.org/us-gaap/2012/elts/us-gaap-2012-01-31.xsd#us-gaap_WeightedAverageNumberOfDilutedSharesOutstanding" xlink:label="loc_us-gaap_WeightedAverageNumberOfDilutedSharesOutstanding_741fe8a4-78f6-11e1-94fe-25ba39ebf1f4" xlink:type="locator" />
    <loc xlink:href="http://xbrl.fasb.org/us-gaap/2012/elts/us-gaap-2012-01-31.xsd#us-gaap_WeightedAverageNumberOfSharesOutstandingBasic" xlink:label="loc_us-gaap_WeightedAverageNumberOfSharesOutstandingBasic_7416e4b6-78f6-11e1-94fe-25ba39ebf1f4" xlink:type="locator" />
    <calculationArc order="1" weight="1" xlink:arcrole="http://www.xbrl.org/2003/arcrole/summation-item" xlink:from="loc_us-gaap_WeightedAverageNumberOfDilutedSharesOutstanding_741fe8a4-78f6-11e1-94fe-25ba39ebf1f4" xlink:to="loc_us-gaap_WeightedAverageNumberOfSharesOutstandingBasic_7416e4b6-78f6-11e1-94fe-25ba39ebf1f4" xlink:type="arc" />
    <loc xlink:href="http://xbrl.fasb.org/us-gaap/2012/elts/us-gaap-2012-01-31.xsd#us-gaap_IncrementalCommonSharesAttributableToShareBasedPaymentArrangements" xlink:label="loc_us-gaap_IncrementalCommonSharesAttributableToShareBasedPaymentArrangements_59a8dc24-78f6-11e1-94fe-25ba39ebf1f4" xlink:type="locator" />
    <calculationArc order="2" weight="1" xlink:arcrole="http://www.xbrl.org/2003/arcrole/summation-item" xlink:from="loc_us-gaap_WeightedAverageNumberOfDilutedSharesOutstanding_741fe8a4-78f6-11e1-94fe-25ba39ebf1f4" xlink:to="loc_us-gaap_IncrementalCommonSharesAttributableToShareBasedPaymentArrangements_59a8dc24-78f6-11e1-94fe-25ba39ebf1f4" xlink:type="arc" />
    <loc xlink:href="http://xbrl.fasb.org/us-gaap/2012/elts/us-gaap-2012-01-31.xsd#us-gaap_IncrementalCommonSharesAttributableToConversionOfDebtSecurities" xlink:label="loc_us-gaap_IncrementalCommonSharesAttributableToConversionOfDebtSecurities_59aab90e-78f6-11e1-94fe-25ba39ebf1f4" xlink:type="locator" />
    <calculationArc order="3" weight="1" xlink:arcrole="http://www.xbrl.org/2003/arcrole/summation-item" xlink:from="loc_us-gaap_WeightedAverageNumberOfDilutedSharesOutstanding_741fe8a4-78f6-11e1-94fe-25ba39ebf1f4" xlink:to="loc_us-gaap_IncrementalCommonSharesAttributableToConversionOfDebtSecurities_59aab90e-78f6-11e1-94fe-25ba39ebf1f4" xlink:type="arc" />
  </calculationLink>
</linkbase>
