<?xml version="1.0" encoding="US-ASCII"?>
<!-- RR Donnelley Xcelerate Taxonomy Calculation Linkbase, based on XBRL 2.1  http://www.rrdonnelley.com/ -->
<!-- Version: 6.20.1 -->
<!-- Round: 5 -->
<!-- Creation date: 2013-01-30T04:34:27Z -->
<!-- Copyright (c) 2005-2013 R.R. Donnelley & Sons Company All Rights Reserved. -->
<linkbase xmlns="http://www.xbrl.org/2003/linkbase"
  xmlns:xsi="http://www.w3.org/2001/XMLSchema-instance"
  xmlns:xlink="http://www.w3.org/1999/xlink"
  xsi:schemaLocation="http://www.xbrl.org/2003/linkbase http://www.xbrl.org/2003/xbrl-linkbase-2003-12-31.xsd">
  <roleRef xlink:type="simple" xlink:href="jbss-20121227.xsd#DocumentDocumentandEntityInformation" roleURI="http://Www.jbssinc.com/taxonomy/role/DocumentDocumentandEntityInformation"/>
  <roleRef xlink:type="simple" xlink:href="jbss-20121227.xsd#Role_StatementOfOtherComprehensiveIncome" roleURI="http://Www.jbssinc.com/taxonomy/role/StatementOfOtherComprehensiveIncome"/>
  <roleRef xlink:type="simple" xlink:href="jbss-20121227.xsd#Role_StatementOfOtherComprehensiveIncomeParen" roleURI="http://Www.jbssinc.com/taxonomy/role/StatementOfOtherComprehensiveIncomeParenthetical"/>
  <roleRef xlink:type="simple" xlink:href="jbss-20121227.xsd#Role_StatementOfFinancialPositionUnclassified-DepositBasedOperations" roleURI="http://Www.jbssinc.com/taxonomy/role/StatementOfFinancialPositionUnclassified-DepositBasedOperations"/>
  <roleRef xlink:type="simple" xlink:href="jbss-20121227.xsd#Role_StatementOfFinancialPositionUnclassified-DepositBasedOperationsParen" roleURI="http://Www.jbssinc.com/taxonomy/role/StatementOfFinancialPositionUnclassified-DepositBasedOperationsParenthetical"/>
  <roleRef xlink:type="simple" xlink:href="jbss-20121227.xsd#Role_StatementOfCashFlowsIndirectDepositBasedOperations" roleURI="http://Www.jbssinc.com/taxonomy/role/StatementOfCashFlowsIndirectDepositBasedOperations"/>
  <roleRef xlink:type="simple" xlink:href="jbss-20121227.xsd#DisclosureInventoriesComponentsOfInventories" roleURI="http://Www.jbssinc.com/taxonomy/role/DisclosureInventoriesComponentsOfInventories"/>
  <roleRef xlink:type="simple" xlink:href="jbss-20121227.xsd#DisclosureIntangibleAssetsComponentsOfIntangibleAssets" roleURI="http://Www.jbssinc.com/taxonomy/role/DisclosureIntangibleAssetsComponentsOfIntangibleAssets"/>
  <roleRef xlink:type="simple" xlink:href="jbss-20121227.xsd#DisclosureIntangibleAssetsAdditionalInformation" roleURI="http://Www.jbssinc.com/taxonomy/role/DisclosureIntangibleAssetsAdditionalInformation"/>
  <roleRef xlink:type="simple" xlink:href="jbss-20121227.xsd#DisclosurePrimaryFinancingFacilitiesAdditionalInformation" roleURI="http://Www.jbssinc.com/taxonomy/role/DisclosurePrimaryFinancingFacilitiesAdditionalInformation"/>
  <roleRef xlink:type="simple" xlink:href="jbss-20121227.xsd#DisclosureIncomeTaxesAdditionalInformation" roleURI="http://Www.jbssinc.com/taxonomy/role/DisclosureIncomeTaxesAdditionalInformation"/>
  <roleRef xlink:type="simple" xlink:href="jbss-20121227.xsd#DisclosureEarningsPerCommonShareWeightedAverageNumberOfShares" roleURI="http://Www.jbssinc.com/taxonomy/role/DisclosureEarningsPerCommonShareWeightedAverageNumberOfShares"/>
  <roleRef xlink:type="simple" xlink:href="jbss-20121227.xsd#DisclosureEarningsPerCommonShareSummaryOfAntiDilutiveStockOptionsExcludedFromComputationOfEarningPerShare" roleURI="http://Www.jbssinc.com/taxonomy/role/DisclosureEarningsPerCommonShareSummaryOfAntiDilutiveStockOptionsExcludedFromComputationOfEarningPerShare"/>
  <roleRef xlink:type="simple" xlink:href="jbss-20121227.xsd#DisclosureStockBasedCompensationPlansSummaryOfStockOptionActivity" roleURI="http://Www.jbssinc.com/taxonomy/role/DisclosureStockBasedCompensationPlansSummaryOfStockOptionActivity"/>
  <roleRef xlink:type="simple" xlink:href="jbss-20121227.xsd#DisclosureStockBasedCompensationPlansSummaryOfRestrictedStockUnitActivity" roleURI="http://Www.jbssinc.com/taxonomy/role/DisclosureStockBasedCompensationPlansSummaryOfRestrictedStockUnitActivity"/>
  <roleRef xlink:type="simple" xlink:href="jbss-20121227.xsd#DisclosureStockBasedCompensationPlansAdditionalInformation" roleURI="http://Www.jbssinc.com/taxonomy/role/DisclosureStockBasedCompensationPlansAdditionalInformation"/>
  <roleRef xlink:type="simple" xlink:href="jbss-20121227.xsd#DisclosureSpecialCashDividendAdditionalInformation" roleURI="http://Www.jbssinc.com/taxonomy/role/DisclosureSpecialCashDividendAdditionalInformation"/>
  <roleRef xlink:type="simple" xlink:href="jbss-20121227.xsd#DisclosureRetirementPlanScheduleOfNetBenefitCosts" roleURI="http://Www.jbssinc.com/taxonomy/role/DisclosureRetirementPlanScheduleOfNetBenefitCosts"/>
  <roleRef xlink:type="simple" xlink:href="jbss-20121227.xsd#DisclosureSaleOfRealPropertyAdditionalInformation" roleURI="http://Www.jbssinc.com/taxonomy/role/DisclosureSaleOfRealPropertyAdditionalInformation"/>
  <roleRef xlink:type="simple" xlink:href="jbss-20121227.xsd#DisclosureDistributionChannelAndProductTypeSalesMixScheduleOfRevenueByDistributionChannel" roleURI="http://Www.jbssinc.com/taxonomy/role/DisclosureDistributionChannelAndProductTypeSalesMixScheduleOfRevenueByDistributionChannel"/>
  <roleRef xlink:type="simple" xlink:href="jbss-20121227.xsd#DisclosureDistributionChannelAndProductTypeSalesMixScheduleOfSalesByProductTypeAsPercentageOfGrossSales" roleURI="http://Www.jbssinc.com/taxonomy/role/DisclosureDistributionChannelAndProductTypeSalesMixScheduleOfSalesByProductTypeAsPercentageOfGrossSales"/>
  <roleRef xlink:type="simple" xlink:href="jbss-20121227.xsd#DisclosureFairValueOfFinancialInstrumentsAdditionalInformation" roleURI="http://Www.jbssinc.com/taxonomy/role/DisclosureFairValueOfFinancialInstrumentsAdditionalInformation"/>
  <roleRef xlink:type="simple" xlink:href="jbss-20121227.xsd#Role_NotesToFinancialStatementsOrganizationConsolidationAndPresentationOfFinancialStatementsDisclosureTextBlock" roleURI="http://Www.jbssinc.com/taxonomy/role/NotesToFinancialStatementsOrganizationConsolidationAndPresentationOfFinancialStatementsDisclosureTextBlock"/>
  <roleRef xlink:type="simple" xlink:href="jbss-20121227.xsd#Role_NotesToFinancialStatementsInventoryDisclosureTextBlock" roleURI="http://Www.jbssinc.com/taxonomy/role/NotesToFinancialStatementsInventoryDisclosureTextBlock"/>
  <roleRef xlink:type="simple" xlink:href="jbss-20121227.xsd#Role_NotesToFinancialStatementsInventoryDisclosureTextBlockTables" roleURI="http://Www.jbssinc.com/taxonomy/role/NotesToFinancialStatementsInventoryDisclosureTextBlockTables"/>
  <roleRef xlink:type="simple" xlink:href="jbss-20121227.xsd#Role_NotesToFinancialStatementsGoodwillAndIntangibleAssetsDisclosureTextBlock" roleURI="http://Www.jbssinc.com/taxonomy/role/NotesToFinancialStatementsGoodwillAndIntangibleAssetsDisclosureTextBlock"/>
  <roleRef xlink:type="simple" xlink:href="jbss-20121227.xsd#Role_NotesToFinancialStatementsGoodwillAndIntangibleAssetsDisclosureTextBlockTables" roleURI="http://Www.jbssinc.com/taxonomy/role/NotesToFinancialStatementsGoodwillAndIntangibleAssetsDisclosureTextBlockTables"/>
  <roleRef xlink:type="simple" xlink:href="jbss-20121227.xsd#Role_NotesToFinancialStatementsDebtDisclosureTextBlock" roleURI="http://Www.jbssinc.com/taxonomy/role/NotesToFinancialStatementsDebtDisclosureTextBlock"/>
  <roleRef xlink:type="simple" xlink:href="jbss-20121227.xsd#Role_NotesToFinancialStatementsIncomeTaxDisclosureTextBlock" roleURI="http://Www.jbssinc.com/taxonomy/role/NotesToFinancialStatementsIncomeTaxDisclosureTextBlock"/>
  <roleRef xlink:type="simple" xlink:href="jbss-20121227.xsd#Role_NotesToFinancialStatementsEarningsPerShareTextBlock" roleURI="http://Www.jbssinc.com/taxonomy/role/NotesToFinancialStatementsEarningsPerShareTextBlock"/>
  <roleRef xlink:type="simple" xlink:href="jbss-20121227.xsd#Role_NotesToFinancialStatementsEarningsPerShareTextBlockTables" roleURI="http://Www.jbssinc.com/taxonomy/role/NotesToFinancialStatementsEarningsPerShareTextBlockTables"/>
  <roleRef xlink:type="simple" xlink:href="jbss-20121227.xsd#Role_NotesToFinancialStatementsDisclosureOfCompensationRelatedCostsShareBasedPaymentsTextBlock" roleURI="http://Www.jbssinc.com/taxonomy/role/NotesToFinancialStatementsDisclosureOfCompensationRelatedCostsShareBasedPaymentsTextBlock"/>
  <roleRef xlink:type="simple" xlink:href="jbss-20121227.xsd#Role_NotesToFinancialStatementsDisclosureOfCompensationRelatedCostsShareBasedPaymentsTextBlockTables" roleURI="http://Www.jbssinc.com/taxonomy/role/NotesToFinancialStatementsDisclosureOfCompensationRelatedCostsShareBasedPaymentsTextBlockTables"/>
  <roleRef xlink:type="simple" xlink:href="jbss-20121227.xsd#Role_NotesToFinancialStatementsSpecialDividendsTextBlock" roleURI="http://Www.jbssinc.com/taxonomy/role/NotesToFinancialStatementsSpecialDividendsTextBlock"/>
  <roleRef xlink:type="simple" xlink:href="jbss-20121227.xsd#Role_NotesToFinancialStatementsPensionAndOtherPostretirementBenefitsDisclosureTextBlock" roleURI="http://Www.jbssinc.com/taxonomy/role/NotesToFinancialStatementsPensionAndOtherPostretirementBenefitsDisclosureTextBlock"/>
  <roleRef xlink:type="simple" xlink:href="jbss-20121227.xsd#Role_NotesToFinancialStatementsPensionAndOtherPostretirementBenefitsDisclosureTextBlockTables" roleURI="http://Www.jbssinc.com/taxonomy/role/NotesToFinancialStatementsPensionAndOtherPostretirementBenefitsDisclosureTextBlockTables"/>
  <roleRef xlink:type="simple" xlink:href="jbss-20121227.xsd#Role_NotesToFinancialStatementsAssetSalesAndImpairmentOfLongLivedAssetsTextBlock" roleURI="http://Www.jbssinc.com/taxonomy/role/NotesToFinancialStatementsAssetSalesAndImpairmentOfLongLivedAssetsTextBlock"/>
  <roleRef xlink:type="simple" xlink:href="jbss-20121227.xsd#Role_NotesToFinancialStatementsDistributionChannelAndProductTypeSalesMixTextBlock" roleURI="http://Www.jbssinc.com/taxonomy/role/NotesToFinancialStatementsDistributionChannelAndProductTypeSalesMixTextBlock"/>
  <roleRef xlink:type="simple" xlink:href="jbss-20121227.xsd#Role_NotesToFinancialStatementsDistributionChannelAndProductTypeSalesMixTextBlockTables" roleURI="http://Www.jbssinc.com/taxonomy/role/NotesToFinancialStatementsDistributionChannelAndProductTypeSalesMixTextBlockTables"/>
  <roleRef xlink:type="simple" xlink:href="jbss-20121227.xsd#Role_NotesToFinancialStatementsCommitmentsAndContingenciesDisclosureTextBlock" roleURI="http://Www.jbssinc.com/taxonomy/role/NotesToFinancialStatementsCommitmentsAndContingenciesDisclosureTextBlock"/>
  <roleRef xlink:type="simple" xlink:href="jbss-20121227.xsd#Role_NotesToFinancialStatementsFairValueDisclosuresTextBlock" roleURI="http://Www.jbssinc.com/taxonomy/role/NotesToFinancialStatementsFairValueDisclosuresTextBlock"/>
  <calculationLink xlink:type="extended" xlink:role="http://Www.jbssinc.com/taxonomy/role/DocumentDocumentandEntityInformation">
  </calculationLink>
  <calculationLink xlink:type="extended" xlink:role="http://Www.jbssinc.com/taxonomy/role/StatementOfOtherComprehensiveIncome">
    <loc xlink:type="locator" xlink:href="http://xbrl.fasb.org/us-gaap/2012/elts/us-gaap-2012-01-31.xsd#us-gaap_ComprehensiveIncomeNetOfTax" xlink:label="us-gaap_ComprehensiveIncomeNetOfTax"/>
    <loc xlink:type="locator" xlink:href="http://xbrl.fasb.org/us-gaap/2012/elts/us-gaap-2012-01-31.xsd#us-gaap_CostOfGoodsSold" xlink:label="us-gaap_CostOfGoodsSold"/>
    <loc xlink:type="locator" xlink:href="http://xbrl.fasb.org/us-gaap/2012/elts/us-gaap-2012-01-31.xsd#us-gaap_GeneralAndAdministrativeExpense" xlink:label="us-gaap_GeneralAndAdministrativeExpense"/>
    <loc xlink:type="locator" xlink:href="http://xbrl.fasb.org/us-gaap/2012/elts/us-gaap-2012-01-31.xsd#us-gaap_GrossProfit" xlink:label="us-gaap_GrossProfit"/>
    <loc xlink:type="locator" xlink:href="http://xbrl.fasb.org/us-gaap/2012/elts/us-gaap-2012-01-31.xsd#us-gaap_IncomeLossFromContinuingOperationsBeforeIncomeTaxesMinorityInterestAndIncomeLossFromEquityMethodInvestments" xlink:label="us-gaap_IncomeLossFromContinuingOperationsBeforeIncomeTaxesMinorityInterestAndIncomeLossFromEquityMethodInvestments"/>
    <loc xlink:type="locator" xlink:href="http://xbrl.fasb.org/us-gaap/2012/elts/us-gaap-2012-01-31.xsd#us-gaap_IncomeTaxExpenseBenefit" xlink:label="us-gaap_IncomeTaxExpenseBenefit"/>
    <loc xlink:type="locator" xlink:href="http://xbrl.fasb.org/us-gaap/2012/elts/us-gaap-2012-01-31.xsd#us-gaap_InterestExpense" xlink:label="us-gaap_InterestExpense"/>
    <loc xlink:type="locator" xlink:href="http://xbrl.fasb.org/us-gaap/2012/elts/us-gaap-2012-01-31.xsd#us-gaap_NetIncomeLoss" xlink:label="us-gaap_NetIncomeLoss"/>
    <loc xlink:type="locator" xlink:href="http://xbrl.fasb.org/us-gaap/2012/elts/us-gaap-2012-01-31.xsd#us-gaap_NonoperatingIncomeExpense" xlink:label="us-gaap_NonoperatingIncomeExpense"/>
    <loc xlink:type="locator" xlink:href="http://xbrl.fasb.org/us-gaap/2012/elts/us-gaap-2012-01-31.xsd#us-gaap_OperatingExpenses" xlink:label="us-gaap_OperatingExpenses"/>
    <loc xlink:type="locator" xlink:href="http://xbrl.fasb.org/us-gaap/2012/elts/us-gaap-2012-01-31.xsd#us-gaap_OperatingIncomeLoss" xlink:label="us-gaap_OperatingIncomeLoss"/>
    <loc xlink:type="locator" xlink:href="http://xbrl.fasb.org/us-gaap/2012/elts/us-gaap-2012-01-31.xsd#us-gaap_OtherComprehensiveIncomeDefinedBenefitPlansAdjustmentBeforeTaxPortionAttributableToParent" xlink:label="us-gaap_OtherComprehensiveIncomeDefinedBenefitPlansAdjustmentBeforeTaxPortionAttributableToParent"/>
    <loc xlink:type="locator" xlink:href="http://xbrl.fasb.org/us-gaap/2012/elts/us-gaap-2012-01-31.xsd#us-gaap_OtherComprehensiveIncomeLossNetOfTaxPortionAttributableToParent" xlink:label="us-gaap_OtherComprehensiveIncomeLossNetOfTaxPortionAttributableToParent"/>
    <loc xlink:type="locator" xlink:href="http://xbrl.fasb.org/us-gaap/2012/elts/us-gaap-2012-01-31.xsd#us-gaap_OtherComprehensiveIncomeLossTaxPortionAttributableToParent1" xlink:label="us-gaap_OtherComprehensiveIncomeLossTaxPortionAttributableToParent1"/>
    <loc xlink:type="locator" xlink:href="jbss-20121227.xsd#jbss_RentalAndMiscellaneousExpenseNet" xlink:label="jbss_RentalAndMiscellaneousExpenseNet"/>
    <loc xlink:type="locator" xlink:href="http://xbrl.fasb.org/us-gaap/2012/elts/us-gaap-2012-01-31.xsd#us-gaap_SalesRevenueGoodsNet" xlink:label="us-gaap_SalesRevenueGoodsNet"/>
    <loc xlink:type="locator" xlink:href="http://xbrl.fasb.org/us-gaap/2012/elts/us-gaap-2012-01-31.xsd#us-gaap_SellingExpense" xlink:label="us-gaap_SellingExpense"/>
    <calculationArc xlink:type="arc" xlink:arcrole="http://www.xbrl.org/2003/arcrole/summation-item" xlink:from="us-gaap_ComprehensiveIncomeNetOfTax" xlink:to="us-gaap_NetIncomeLoss" order="1.1300" weight="1.00" priority="2" use="optional"/>
    <calculationArc xlink:type="arc" xlink:arcrole="http://www.xbrl.org/2003/arcrole/summation-item" xlink:from="us-gaap_ComprehensiveIncomeNetOfTax" xlink:to="us-gaap_OtherComprehensiveIncomeLossNetOfTaxPortionAttributableToParent" order="1.1600" weight="1.00" priority="2" use="optional"/>
    <calculationArc xlink:type="arc" xlink:arcrole="http://www.xbrl.org/2003/arcrole/summation-item" xlink:from="us-gaap_GrossProfit" xlink:to="us-gaap_SalesRevenueGoodsNet" order="1.0100" weight="1.00" priority="2" use="optional"/>
    <calculationArc xlink:type="arc" xlink:arcrole="http://www.xbrl.org/2003/arcrole/summation-item" xlink:from="us-gaap_GrossProfit" xlink:to="us-gaap_CostOfGoodsSold" order="1.0200" weight="-1.00" priority="2" use="optional"/>
    <calculationArc xlink:type="arc" xlink:arcrole="http://www.xbrl.org/2003/arcrole/summation-item" xlink:from="us-gaap_IncomeLossFromContinuingOperationsBeforeIncomeTaxesMinorityInterestAndIncomeLossFromEquityMethodInvestments" xlink:to="us-gaap_OperatingIncomeLoss" order="1.0700" weight="1.00" priority="2" use="optional"/>
    <calculationArc xlink:type="arc" xlink:arcrole="http://www.xbrl.org/2003/arcrole/summation-item" xlink:from="us-gaap_IncomeLossFromContinuingOperationsBeforeIncomeTaxesMinorityInterestAndIncomeLossFromEquityMethodInvestments" xlink:to="us-gaap_NonoperatingIncomeExpense" order="1.1000" weight="1.00" priority="2" use="optional"/>
    <calculationArc xlink:type="arc" xlink:arcrole="http://www.xbrl.org/2003/arcrole/summation-item" xlink:from="us-gaap_NetIncomeLoss" xlink:to="us-gaap_IncomeLossFromContinuingOperationsBeforeIncomeTaxesMinorityInterestAndIncomeLossFromEquityMethodInvestments" order="1.1100" weight="1.00" priority="2" use="optional"/>
    <calculationArc xlink:type="arc" xlink:arcrole="http://www.xbrl.org/2003/arcrole/summation-item" xlink:from="us-gaap_NetIncomeLoss" xlink:to="us-gaap_IncomeTaxExpenseBenefit" order="1.1200" weight="-1.00" priority="2" use="optional"/>
    <calculationArc xlink:type="arc" xlink:arcrole="http://www.xbrl.org/2003/arcrole/summation-item" xlink:from="us-gaap_NonoperatingIncomeExpense" xlink:to="us-gaap_InterestExpense" order="1.0800" weight="-1.00" priority="2" use="optional"/>
    <calculationArc xlink:type="arc" xlink:arcrole="http://www.xbrl.org/2003/arcrole/summation-item" xlink:from="us-gaap_NonoperatingIncomeExpense" xlink:to="jbss_RentalAndMiscellaneousExpenseNet" order="1.0900" weight="-1.00" priority="2" use="optional"/>
    <calculationArc xlink:type="arc" xlink:arcrole="http://www.xbrl.org/2003/arcrole/summation-item" xlink:from="us-gaap_OperatingExpenses" xlink:to="us-gaap_SellingExpense" order="1.0400" weight="1.00" priority="2" use="optional"/>
    <calculationArc xlink:type="arc" xlink:arcrole="http://www.xbrl.org/2003/arcrole/summation-item" xlink:from="us-gaap_OperatingExpenses" xlink:to="us-gaap_GeneralAndAdministrativeExpense" order="1.0500" weight="1.00" priority="2" use="optional"/>
    <calculationArc xlink:type="arc" xlink:arcrole="http://www.xbrl.org/2003/arcrole/summation-item" xlink:from="us-gaap_OperatingIncomeLoss" xlink:to="us-gaap_GrossProfit" order="1.0300" weight="1.00" priority="2" use="optional"/>
    <calculationArc xlink:type="arc" xlink:arcrole="http://www.xbrl.org/2003/arcrole/summation-item" xlink:from="us-gaap_OperatingIncomeLoss" xlink:to="us-gaap_OperatingExpenses" order="1.0600" weight="-1.00" priority="2" use="optional"/>
    <calculationArc xlink:type="arc" xlink:arcrole="http://www.xbrl.org/2003/arcrole/summation-item" xlink:from="us-gaap_OtherComprehensiveIncomeLossNetOfTaxPortionAttributableToParent" xlink:to="us-gaap_OtherComprehensiveIncomeDefinedBenefitPlansAdjustmentBeforeTaxPortionAttributableToParent" order="1.1400" weight="-1.00" priority="2" use="optional"/>
    <calculationArc xlink:type="arc" xlink:arcrole="http://www.xbrl.org/2003/arcrole/summation-item" xlink:from="us-gaap_OtherComprehensiveIncomeLossNetOfTaxPortionAttributableToParent" xlink:to="us-gaap_OtherComprehensiveIncomeLossTaxPortionAttributableToParent1" order="1.1500" weight="-1.00" priority="2" use="optional"/>
  </calculationLink>
  <calculationLink xlink:type="extended" xlink:role="http://Www.jbssinc.com/taxonomy/role/StatementOfOtherComprehensiveIncomeParenthetical">
  </calculationLink>
  <calculationLink xlink:type="extended" xlink:role="http://Www.jbssinc.com/taxonomy/role/StatementOfFinancialPositionUnclassified-DepositBasedOperations">
    <loc xlink:type="locator" xlink:href="http://xbrl.fasb.org/us-gaap/2012/elts/us-gaap-2012-01-31.xsd#us-gaap_AccountsPayableCurrent" xlink:label="us-gaap_AccountsPayableCurrent"/>
    <loc xlink:type="locator" xlink:href="http://xbrl.fasb.org/us-gaap/2012/elts/us-gaap-2012-01-31.xsd#us-gaap_AccountsReceivableNetCurrent" xlink:label="us-gaap_AccountsReceivableNetCurrent"/>
    <loc xlink:type="locator" xlink:href="http://xbrl.fasb.org/us-gaap/2012/elts/us-gaap-2012-01-31.xsd#us-gaap_AccruedIncomeTaxesCurrent" xlink:label="us-gaap_AccruedIncomeTaxesCurrent"/>
    <loc xlink:type="locator" xlink:href="http://xbrl.fasb.org/us-gaap/2012/elts/us-gaap-2012-01-31.xsd#us-gaap_AccumulatedDepreciationDepletionAndAmortizationPropertyPlantAndEquipment" xlink:label="us-gaap_AccumulatedDepreciationDepletionAndAmortizationPropertyPlantAndEquipment"/>
    <loc xlink:type="locator" xlink:href="http://xbrl.fasb.org/us-gaap/2012/elts/us-gaap-2012-01-31.xsd#us-gaap_Assets" xlink:label="us-gaap_Assets"/>
    <loc xlink:type="locator" xlink:href="http://xbrl.fasb.org/us-gaap/2012/elts/us-gaap-2012-01-31.xsd#us-gaap_AssetsCurrent" xlink:label="us-gaap_AssetsCurrent"/>
    <loc xlink:type="locator" xlink:href="http://xbrl.fasb.org/us-gaap/2012/elts/us-gaap-2012-01-31.xsd#us-gaap_BankOverdrafts" xlink:label="us-gaap_BankOverdrafts"/>
    <loc xlink:type="locator" xlink:href="http://xbrl.fasb.org/us-gaap/2012/elts/us-gaap-2012-01-31.xsd#us-gaap_BuildingsAndImprovementsGross" xlink:label="us-gaap_BuildingsAndImprovementsGross"/>
    <loc xlink:type="locator" xlink:href="http://xbrl.fasb.org/us-gaap/2012/elts/us-gaap-2012-01-31.xsd#us-gaap_CashAndCashEquivalentsAtCarryingValue" xlink:label="us-gaap_CashAndCashEquivalentsAtCarryingValue"/>
    <loc xlink:type="locator" xlink:href="jbss-20121227.xsd#jbss_CashSurrenderValueOfOfficersLifeInsuranceAndOtherAssets" xlink:label="jbss_CashSurrenderValueOfOfficersLifeInsuranceAndOtherAssets"/>
    <loc xlink:type="locator" xlink:href="http://xbrl.fasb.org/us-gaap/2012/elts/us-gaap-2012-01-31.xsd#us-gaap_ConstructionInProgressGross" xlink:label="us-gaap_ConstructionInProgressGross"/>
    <loc xlink:type="locator" xlink:href="http://xbrl.fasb.org/us-gaap/2012/elts/us-gaap-2012-01-31.xsd#us-gaap_DeferredTaxAssetsNetCurrent" xlink:label="us-gaap_DeferredTaxAssetsNetCurrent"/>
    <loc xlink:type="locator" xlink:href="http://xbrl.fasb.org/us-gaap/2012/elts/us-gaap-2012-01-31.xsd#us-gaap_DeferredTaxLiabilitiesNoncurrent" xlink:label="us-gaap_DeferredTaxLiabilitiesNoncurrent"/>
    <loc xlink:type="locator" xlink:href="http://xbrl.fasb.org/us-gaap/2012/elts/us-gaap-2012-01-31.xsd#us-gaap_DividendsPayableCurrentAndNoncurrent" xlink:label="us-gaap_DividendsPayableCurrentAndNoncurrent"/>
    <loc xlink:type="locator" xlink:href="http://xbrl.fasb.org/us-gaap/2012/elts/us-gaap-2012-01-31.xsd#us-gaap_EmployeeRelatedLiabilitiesCurrent" xlink:label="us-gaap_EmployeeRelatedLiabilitiesCurrent"/>
    <loc xlink:type="locator" xlink:href="http://xbrl.fasb.org/us-gaap/2012/elts/us-gaap-2012-01-31.xsd#us-gaap_FiniteLivedIntangibleAssetsNet" xlink:label="us-gaap_FiniteLivedIntangibleAssetsNet"/>
    <loc xlink:type="locator" xlink:href="jbss-20121227.xsd#jbss_FurnitureAndLeaseholdImprovements" xlink:label="jbss_FurnitureAndLeaseholdImprovements"/>
    <loc xlink:type="locator" xlink:href="http://xbrl.fasb.org/us-gaap/2012/elts/us-gaap-2012-01-31.xsd#us-gaap_InventoryNet" xlink:label="us-gaap_InventoryNet"/>
    <loc xlink:type="locator" xlink:href="http://xbrl.fasb.org/us-gaap/2012/elts/us-gaap-2012-01-31.xsd#us-gaap_Land" xlink:label="us-gaap_Land"/>
    <loc xlink:type="locator" xlink:href="http://xbrl.fasb.org/us-gaap/2012/elts/us-gaap-2012-01-31.xsd#us-gaap_Liabilities" xlink:label="us-gaap_Liabilities"/>
    <loc xlink:type="locator" xlink:href="http://xbrl.fasb.org/us-gaap/2012/elts/us-gaap-2012-01-31.xsd#us-gaap_LiabilitiesAndStockholdersEquity" xlink:label="us-gaap_LiabilitiesAndStockholdersEquity"/>
    <loc xlink:type="locator" xlink:href="http://xbrl.fasb.org/us-gaap/2012/elts/us-gaap-2012-01-31.xsd#us-gaap_LiabilitiesCurrent" xlink:label="us-gaap_LiabilitiesCurrent"/>
    <loc xlink:type="locator" xlink:href="http://xbrl.fasb.org/us-gaap/2012/elts/us-gaap-2012-01-31.xsd#us-gaap_LiabilitiesNoncurrent" xlink:label="us-gaap_LiabilitiesNoncurrent"/>
    <loc xlink:type="locator" xlink:href="http://xbrl.fasb.org/us-gaap/2012/elts/us-gaap-2012-01-31.xsd#us-gaap_LinesOfCreditCurrent" xlink:label="us-gaap_LinesOfCreditCurrent"/>
    <loc xlink:type="locator" xlink:href="http://xbrl.fasb.org/us-gaap/2012/elts/us-gaap-2012-01-31.xsd#us-gaap_LongTermDebtAndCapitalLeaseObligations" xlink:label="us-gaap_LongTermDebtAndCapitalLeaseObligations"/>
    <loc xlink:type="locator" xlink:href="http://xbrl.fasb.org/us-gaap/2012/elts/us-gaap-2012-01-31.xsd#us-gaap_LongTermDebtAndCapitalLeaseObligationsCurrent" xlink:label="us-gaap_LongTermDebtAndCapitalLeaseObligationsCurrent"/>
    <loc xlink:type="locator" xlink:href="http://xbrl.fasb.org/us-gaap/2012/elts/us-gaap-2012-01-31.xsd#us-gaap_MachineryAndEquipmentGross" xlink:label="us-gaap_MachineryAndEquipmentGross"/>
    <loc xlink:type="locator" xlink:href="http://xbrl.fasb.org/us-gaap/2012/elts/us-gaap-2012-01-31.xsd#us-gaap_OtherAccruedLiabilitiesCurrent" xlink:label="us-gaap_OtherAccruedLiabilitiesCurrent"/>
    <loc xlink:type="locator" xlink:href="http://xbrl.fasb.org/us-gaap/2012/elts/us-gaap-2012-01-31.xsd#us-gaap_OtherEmployeeRelatedLiabilitiesCurrent" xlink:label="us-gaap_OtherEmployeeRelatedLiabilitiesCurrent"/>
    <loc xlink:type="locator" xlink:href="http://xbrl.fasb.org/us-gaap/2012/elts/us-gaap-2012-01-31.xsd#us-gaap_OtherLiabilitiesNoncurrent" xlink:label="us-gaap_OtherLiabilitiesNoncurrent"/>
    <loc xlink:type="locator" xlink:href="http://xbrl.fasb.org/us-gaap/2012/elts/us-gaap-2012-01-31.xsd#us-gaap_PensionAndOtherPostretirementDefinedBenefitPlansLiabilitiesNoncurrent" xlink:label="us-gaap_PensionAndOtherPostretirementDefinedBenefitPlansLiabilitiesNoncurrent"/>
    <loc xlink:type="locator" xlink:href="http://xbrl.fasb.org/us-gaap/2012/elts/us-gaap-2012-01-31.xsd#us-gaap_PrepaidExpenseAndOtherAssetsCurrent" xlink:label="us-gaap_PrepaidExpenseAndOtherAssetsCurrent"/>
    <loc xlink:type="locator" xlink:href="jbss-20121227.xsd#jbss_PropertyPlantAndEquipment" xlink:label="jbss_PropertyPlantAndEquipment"/>
    <loc xlink:type="locator" xlink:href="http://xbrl.fasb.org/us-gaap/2012/elts/us-gaap-2012-01-31.xsd#us-gaap_PropertyPlantAndEquipmentGross" xlink:label="us-gaap_PropertyPlantAndEquipmentGross"/>
    <loc xlink:type="locator" xlink:href="http://xbrl.fasb.org/us-gaap/2012/elts/us-gaap-2012-01-31.xsd#us-gaap_PropertyPlantAndEquipmentNet" xlink:label="us-gaap_PropertyPlantAndEquipmentNet"/>
    <loc xlink:type="locator" xlink:href="jbss-20121227.xsd#jbss_RentalInvestmentProperty" xlink:label="jbss_RentalInvestmentProperty"/>
    <loc xlink:type="locator" xlink:href="http://xbrl.fasb.org/us-gaap/2012/elts/us-gaap-2012-01-31.xsd#us-gaap_StockholdersEquity" xlink:label="us-gaap_StockholdersEquity"/>
    <loc xlink:type="locator" xlink:href="jbss-20121227.xsd#jbss_VehiclesGross" xlink:label="jbss_VehiclesGross"/>
    <calculationArc xlink:type="arc" xlink:arcrole="http://www.xbrl.org/2003/arcrole/summation-item" xlink:from="us-gaap_Assets" xlink:to="us-gaap_AssetsCurrent" order="1.0600" weight="1.00" priority="2" use="optional"/>
    <calculationArc xlink:type="arc" xlink:arcrole="http://www.xbrl.org/2003/arcrole/summation-item" xlink:from="us-gaap_Assets" xlink:to="us-gaap_PropertyPlantAndEquipmentNet" order="1.1700" weight="1.00" priority="2" use="optional"/>
    <calculationArc xlink:type="arc" xlink:arcrole="http://www.xbrl.org/2003/arcrole/summation-item" xlink:from="us-gaap_Assets" xlink:to="jbss_CashSurrenderValueOfOfficersLifeInsuranceAndOtherAssets" order="1.1800" weight="1.00" priority="2" use="optional"/>
    <calculationArc xlink:type="arc" xlink:arcrole="http://www.xbrl.org/2003/arcrole/summation-item" xlink:from="us-gaap_Assets" xlink:to="us-gaap_FiniteLivedIntangibleAssetsNet" order="1.1900" weight="1.00" priority="2" use="optional"/>
    <calculationArc xlink:type="arc" xlink:arcrole="http://www.xbrl.org/2003/arcrole/summation-item" xlink:from="us-gaap_AssetsCurrent" xlink:to="us-gaap_CashAndCashEquivalentsAtCarryingValue" order="1.0100" weight="1.00" priority="2" use="optional"/>
    <calculationArc xlink:type="arc" xlink:arcrole="http://www.xbrl.org/2003/arcrole/summation-item" xlink:from="us-gaap_AssetsCurrent" xlink:to="us-gaap_AccountsReceivableNetCurrent" order="1.0200" weight="1.00" priority="2" use="optional"/>
    <calculationArc xlink:type="arc" xlink:arcrole="http://www.xbrl.org/2003/arcrole/summation-item" xlink:from="us-gaap_AssetsCurrent" xlink:to="us-gaap_InventoryNet" order="1.0300" weight="1.00" priority="2" use="optional"/>
    <calculationArc xlink:type="arc" xlink:arcrole="http://www.xbrl.org/2003/arcrole/summation-item" xlink:from="us-gaap_AssetsCurrent" xlink:to="us-gaap_DeferredTaxAssetsNetCurrent" order="1.0400" weight="1.00" priority="2" use="optional"/>
    <calculationArc xlink:type="arc" xlink:arcrole="http://www.xbrl.org/2003/arcrole/summation-item" xlink:from="us-gaap_AssetsCurrent" xlink:to="us-gaap_PrepaidExpenseAndOtherAssetsCurrent" order="1.0500" weight="1.00" priority="2" use="optional"/>
    <calculationArc xlink:type="arc" xlink:arcrole="http://www.xbrl.org/2003/arcrole/summation-item" xlink:from="us-gaap_Liabilities" xlink:to="us-gaap_LiabilitiesCurrent" order="1.2900" weight="1.00" priority="2" use="optional"/>
    <calculationArc xlink:type="arc" xlink:arcrole="http://www.xbrl.org/2003/arcrole/summation-item" xlink:from="us-gaap_Liabilities" xlink:to="us-gaap_LiabilitiesNoncurrent" order="1.3400" weight="1.00" priority="2" use="optional"/>
    <calculationArc xlink:type="arc" xlink:arcrole="http://www.xbrl.org/2003/arcrole/summation-item" xlink:from="us-gaap_LiabilitiesAndStockholdersEquity" xlink:to="us-gaap_Liabilities" order="1.3500" weight="1.00" priority="2" use="optional"/>
    <calculationArc xlink:type="arc" xlink:arcrole="http://www.xbrl.org/2003/arcrole/summation-item" xlink:from="us-gaap_LiabilitiesAndStockholdersEquity" xlink:to="us-gaap_StockholdersEquity" order="1.3600" weight="1.00" priority="2" use="optional"/>
    <calculationArc xlink:type="arc" xlink:arcrole="http://www.xbrl.org/2003/arcrole/summation-item" xlink:from="us-gaap_LiabilitiesCurrent" xlink:to="us-gaap_LinesOfCreditCurrent" order="1.2000" weight="1.00" priority="2" use="optional"/>
    <calculationArc xlink:type="arc" xlink:arcrole="http://www.xbrl.org/2003/arcrole/summation-item" xlink:from="us-gaap_LiabilitiesCurrent" xlink:to="us-gaap_LongTermDebtAndCapitalLeaseObligationsCurrent" order="1.2100" weight="1.00" priority="2" use="optional"/>
    <calculationArc xlink:type="arc" xlink:arcrole="http://www.xbrl.org/2003/arcrole/summation-item" xlink:from="us-gaap_LiabilitiesCurrent" xlink:to="us-gaap_AccountsPayableCurrent" order="1.2200" weight="1.00" priority="2" use="optional"/>
    <calculationArc xlink:type="arc" xlink:arcrole="http://www.xbrl.org/2003/arcrole/summation-item" xlink:from="us-gaap_LiabilitiesCurrent" xlink:to="us-gaap_DividendsPayableCurrentAndNoncurrent" order="1.2300" weight="1.00" priority="2" use="optional"/>
    <calculationArc xlink:type="arc" xlink:arcrole="http://www.xbrl.org/2003/arcrole/summation-item" xlink:from="us-gaap_LiabilitiesCurrent" xlink:to="us-gaap_BankOverdrafts" order="1.2400" weight="1.00" priority="2" use="optional"/>
    <calculationArc xlink:type="arc" xlink:arcrole="http://www.xbrl.org/2003/arcrole/summation-item" xlink:from="us-gaap_LiabilitiesCurrent" xlink:to="us-gaap_EmployeeRelatedLiabilitiesCurrent" order="1.2500" weight="1.00" priority="2" use="optional"/>
    <calculationArc xlink:type="arc" xlink:arcrole="http://www.xbrl.org/2003/arcrole/summation-item" xlink:from="us-gaap_LiabilitiesCurrent" xlink:to="us-gaap_OtherEmployeeRelatedLiabilitiesCurrent" order="1.2600" weight="1.00" priority="2" use="optional"/>
    <calculationArc xlink:type="arc" xlink:arcrole="http://www.xbrl.org/2003/arcrole/summation-item" xlink:from="us-gaap_LiabilitiesCurrent" xlink:to="us-gaap_OtherAccruedLiabilitiesCurrent" order="1.2700" weight="1.00" priority="2" use="optional"/>
    <calculationArc xlink:type="arc" xlink:arcrole="http://www.xbrl.org/2003/arcrole/summation-item" xlink:from="us-gaap_LiabilitiesCurrent" xlink:to="us-gaap_AccruedIncomeTaxesCurrent" order="1.2800" weight="1.00" priority="2" use="optional"/>
    <calculationArc xlink:type="arc" xlink:arcrole="http://www.xbrl.org/2003/arcrole/summation-item" xlink:from="us-gaap_LiabilitiesNoncurrent" xlink:to="us-gaap_LongTermDebtAndCapitalLeaseObligations" order="1.3000" weight="1.00" priority="2" use="optional"/>
    <calculationArc xlink:type="arc" xlink:arcrole="http://www.xbrl.org/2003/arcrole/summation-item" xlink:from="us-gaap_LiabilitiesNoncurrent" xlink:to="us-gaap_PensionAndOtherPostretirementDefinedBenefitPlansLiabilitiesNoncurrent" order="1.3100" weight="1.00" priority="2" use="optional"/>
    <calculationArc xlink:type="arc" xlink:arcrole="http://www.xbrl.org/2003/arcrole/summation-item" xlink:from="us-gaap_LiabilitiesNoncurrent" xlink:to="us-gaap_DeferredTaxLiabilitiesNoncurrent" order="1.3200" weight="1.00" priority="2" use="optional"/>
    <calculationArc xlink:type="arc" xlink:arcrole="http://www.xbrl.org/2003/arcrole/summation-item" xlink:from="us-gaap_LiabilitiesNoncurrent" xlink:to="us-gaap_OtherLiabilitiesNoncurrent" order="1.3300" weight="1.00" priority="2" use="optional"/>
    <calculationArc xlink:type="arc" xlink:arcrole="http://www.xbrl.org/2003/arcrole/summation-item" xlink:from="jbss_PropertyPlantAndEquipment" xlink:to="us-gaap_PropertyPlantAndEquipmentGross" order="1.1300" weight="1.00" priority="2" use="optional"/>
    <calculationArc xlink:type="arc" xlink:arcrole="http://www.xbrl.org/2003/arcrole/summation-item" xlink:from="jbss_PropertyPlantAndEquipment" xlink:to="us-gaap_AccumulatedDepreciationDepletionAndAmortizationPropertyPlantAndEquipment" order="1.1400" weight="-1.00" priority="2" use="optional"/>
    <calculationArc xlink:type="arc" xlink:arcrole="http://www.xbrl.org/2003/arcrole/summation-item" xlink:from="us-gaap_PropertyPlantAndEquipmentGross" xlink:to="us-gaap_Land" order="1.0700" weight="1.00" priority="2" use="optional"/>
    <calculationArc xlink:type="arc" xlink:arcrole="http://www.xbrl.org/2003/arcrole/summation-item" xlink:from="us-gaap_PropertyPlantAndEquipmentGross" xlink:to="us-gaap_BuildingsAndImprovementsGross" order="1.0800" weight="1.00" priority="2" use="optional"/>
    <calculationArc xlink:type="arc" xlink:arcrole="http://www.xbrl.org/2003/arcrole/summation-item" xlink:from="us-gaap_PropertyPlantAndEquipmentGross" xlink:to="us-gaap_MachineryAndEquipmentGross" order="1.0900" weight="1.00" priority="2" use="optional"/>
    <calculationArc xlink:type="arc" xlink:arcrole="http://www.xbrl.org/2003/arcrole/summation-item" xlink:from="us-gaap_PropertyPlantAndEquipmentGross" xlink:to="jbss_FurnitureAndLeaseholdImprovements" order="1.1000" weight="1.00" priority="2" use="optional"/>
    <calculationArc xlink:type="arc" xlink:arcrole="http://www.xbrl.org/2003/arcrole/summation-item" xlink:from="us-gaap_PropertyPlantAndEquipmentGross" xlink:to="jbss_VehiclesGross" order="1.1100" weight="1.00" priority="2" use="optional"/>
    <calculationArc xlink:type="arc" xlink:arcrole="http://www.xbrl.org/2003/arcrole/summation-item" xlink:from="us-gaap_PropertyPlantAndEquipmentGross" xlink:to="us-gaap_ConstructionInProgressGross" order="1.1200" weight="1.00" priority="2" use="optional"/>
    <calculationArc xlink:type="arc" xlink:arcrole="http://www.xbrl.org/2003/arcrole/summation-item" xlink:from="us-gaap_PropertyPlantAndEquipmentNet" xlink:to="jbss_PropertyPlantAndEquipment" order="1.1500" weight="1.00" priority="2" use="optional"/>
    <calculationArc xlink:type="arc" xlink:arcrole="http://www.xbrl.org/2003/arcrole/summation-item" xlink:from="us-gaap_PropertyPlantAndEquipmentNet" xlink:to="jbss_RentalInvestmentProperty" order="1.1600" weight="1.00" priority="2" use="optional"/>
  </calculationLink>
  <calculationLink xlink:type="extended" xlink:role="http://Www.jbssinc.com/taxonomy/role/StatementOfFinancialPositionUnclassified-DepositBasedOperationsParenthetical">
  </calculationLink>
  <calculationLink xlink:type="extended" xlink:role="http://Www.jbssinc.com/taxonomy/role/StatementOfCashFlowsIndirectDepositBasedOperations">
    <loc xlink:type="locator" xlink:href="http://xbrl.fasb.org/us-gaap/2012/elts/us-gaap-2012-01-31.xsd#us-gaap_CashAndCashEquivalentsPeriodIncreaseDecrease" xlink:label="us-gaap_CashAndCashEquivalentsPeriodIncreaseDecrease"/>
    <loc xlink:type="locator" xlink:href="http://xbrl.fasb.org/us-gaap/2012/elts/us-gaap-2012-01-31.xsd#us-gaap_DeferredIncomeTaxExpenseBenefit" xlink:label="us-gaap_DeferredIncomeTaxExpenseBenefit"/>
    <loc xlink:type="locator" xlink:href="http://xbrl.fasb.org/us-gaap/2012/elts/us-gaap-2012-01-31.xsd#us-gaap_DepreciationDepletionAndAmortization" xlink:label="us-gaap_DepreciationDepletionAndAmortization"/>
    <loc xlink:type="locator" xlink:href="http://xbrl.fasb.org/us-gaap/2012/elts/us-gaap-2012-01-31.xsd#us-gaap_ExcessTaxBenefitFromShareBasedCompensationFinancingActivities" xlink:label="us-gaap_ExcessTaxBenefitFromShareBasedCompensationFinancingActivities"/>
    <loc xlink:type="locator" xlink:href="http://xbrl.fasb.org/us-gaap/2012/elts/us-gaap-2012-01-31.xsd#us-gaap_GainLossOnSaleOfPropertyPlantEquipment" xlink:label="us-gaap_GainLossOnSaleOfPropertyPlantEquipment"/>
    <loc xlink:type="locator" xlink:href="http://xbrl.fasb.org/us-gaap/2012/elts/us-gaap-2012-01-31.xsd#us-gaap_IncreaseDecreaseInAccountsPayable" xlink:label="us-gaap_IncreaseDecreaseInAccountsPayable"/>
    <loc xlink:type="locator" xlink:href="http://xbrl.fasb.org/us-gaap/2012/elts/us-gaap-2012-01-31.xsd#us-gaap_IncreaseDecreaseInAccountsReceivable" xlink:label="us-gaap_IncreaseDecreaseInAccountsReceivable"/>
    <loc xlink:type="locator" xlink:href="http://xbrl.fasb.org/us-gaap/2012/elts/us-gaap-2012-01-31.xsd#us-gaap_IncreaseDecreaseInAccruedIncomeTaxesPayable" xlink:label="us-gaap_IncreaseDecreaseInAccruedIncomeTaxesPayable"/>
    <loc xlink:type="locator" xlink:href="http://xbrl.fasb.org/us-gaap/2012/elts/us-gaap-2012-01-31.xsd#us-gaap_IncreaseDecreaseInAccruedLiabilities" xlink:label="us-gaap_IncreaseDecreaseInAccruedLiabilities"/>
    <loc xlink:type="locator" xlink:href="http://xbrl.fasb.org/us-gaap/2012/elts/us-gaap-2012-01-31.xsd#us-gaap_IncreaseDecreaseInBookOverdrafts" xlink:label="us-gaap_IncreaseDecreaseInBookOverdrafts"/>
    <loc xlink:type="locator" xlink:href="http://xbrl.fasb.org/us-gaap/2012/elts/us-gaap-2012-01-31.xsd#us-gaap_IncreaseDecreaseInInventories" xlink:label="us-gaap_IncreaseDecreaseInInventories"/>
    <loc xlink:type="locator" xlink:href="http://xbrl.fasb.org/us-gaap/2012/elts/us-gaap-2012-01-31.xsd#us-gaap_IncreaseDecreaseInOtherOperatingCapitalNet" xlink:label="us-gaap_IncreaseDecreaseInOtherOperatingCapitalNet"/>
    <loc xlink:type="locator" xlink:href="http://xbrl.fasb.org/us-gaap/2012/elts/us-gaap-2012-01-31.xsd#us-gaap_IncreaseDecreaseInOtherOperatingLiabilities" xlink:label="us-gaap_IncreaseDecreaseInOtherOperatingLiabilities"/>
    <loc xlink:type="locator" xlink:href="http://xbrl.fasb.org/us-gaap/2012/elts/us-gaap-2012-01-31.xsd#us-gaap_IncreaseDecreaseInPrepaidDeferredExpenseAndOtherAssets" xlink:label="us-gaap_IncreaseDecreaseInPrepaidDeferredExpenseAndOtherAssets"/>
    <loc xlink:type="locator" xlink:href="http://xbrl.fasb.org/us-gaap/2012/elts/us-gaap-2012-01-31.xsd#us-gaap_NetCashProvidedByUsedInFinancingActivities" xlink:label="us-gaap_NetCashProvidedByUsedInFinancingActivities"/>
    <loc xlink:type="locator" xlink:href="http://xbrl.fasb.org/us-gaap/2012/elts/us-gaap-2012-01-31.xsd#us-gaap_NetCashProvidedByUsedInInvestingActivities" xlink:label="us-gaap_NetCashProvidedByUsedInInvestingActivities"/>
    <loc xlink:type="locator" xlink:href="http://xbrl.fasb.org/us-gaap/2012/elts/us-gaap-2012-01-31.xsd#us-gaap_NetCashProvidedByUsedInOperatingActivities" xlink:label="us-gaap_NetCashProvidedByUsedInOperatingActivities"/>
    <loc xlink:type="locator" xlink:href="http://xbrl.fasb.org/us-gaap/2012/elts/us-gaap-2012-01-31.xsd#us-gaap_NetIncomeLoss" xlink:label="us-gaap_NetIncomeLoss"/>
    <loc xlink:type="locator" xlink:href="jbss-20121227.xsd#jbss_PaymentOfContingentConsideration" xlink:label="jbss_PaymentOfContingentConsideration"/>
    <loc xlink:type="locator" xlink:href="http://xbrl.fasb.org/us-gaap/2012/elts/us-gaap-2012-01-31.xsd#us-gaap_PaymentsForProceedsFromLifeInsurancePolicies" xlink:label="us-gaap_PaymentsForProceedsFromLifeInsurancePolicies"/>
    <loc xlink:type="locator" xlink:href="http://xbrl.fasb.org/us-gaap/2012/elts/us-gaap-2012-01-31.xsd#us-gaap_PaymentsOfFinancingCosts" xlink:label="us-gaap_PaymentsOfFinancingCosts"/>
    <loc xlink:type="locator" xlink:href="http://xbrl.fasb.org/us-gaap/2012/elts/us-gaap-2012-01-31.xsd#us-gaap_PaymentsToAcquirePropertyPlantAndEquipment" xlink:label="us-gaap_PaymentsToAcquirePropertyPlantAndEquipment"/>
    <loc xlink:type="locator" xlink:href="http://xbrl.fasb.org/us-gaap/2012/elts/us-gaap-2012-01-31.xsd#us-gaap_ProceedsFromIssuanceOfSharesUnderIncentiveAndShareBasedCompensationPlansIncludingStockOptions" xlink:label="us-gaap_ProceedsFromIssuanceOfSharesUnderIncentiveAndShareBasedCompensationPlansIncludingStockOptions"/>
    <loc xlink:type="locator" xlink:href="http://xbrl.fasb.org/us-gaap/2012/elts/us-gaap-2012-01-31.xsd#us-gaap_ProceedsFromLinesOfCredit" xlink:label="us-gaap_ProceedsFromLinesOfCredit"/>
    <loc xlink:type="locator" xlink:href="http://xbrl.fasb.org/us-gaap/2012/elts/us-gaap-2012-01-31.xsd#us-gaap_ProceedsFromSaleOfPropertyPlantAndEquipment" xlink:label="us-gaap_ProceedsFromSaleOfPropertyPlantAndEquipment"/>
    <loc xlink:type="locator" xlink:href="http://xbrl.fasb.org/us-gaap/2012/elts/us-gaap-2012-01-31.xsd#us-gaap_RepaymentsOfLinesOfCredit" xlink:label="us-gaap_RepaymentsOfLinesOfCredit"/>
    <loc xlink:type="locator" xlink:href="http://xbrl.fasb.org/us-gaap/2012/elts/us-gaap-2012-01-31.xsd#us-gaap_RepaymentsOfLongTermDebtAndCapitalSecurities" xlink:label="us-gaap_RepaymentsOfLongTermDebtAndCapitalSecurities"/>
    <loc xlink:type="locator" xlink:href="http://xbrl.fasb.org/us-gaap/2012/elts/us-gaap-2012-01-31.xsd#us-gaap_ShareBasedCompensation" xlink:label="us-gaap_ShareBasedCompensation"/>
    <calculationArc xlink:type="arc" xlink:arcrole="http://www.xbrl.org/2003/arcrole/summation-item" xlink:from="us-gaap_CashAndCashEquivalentsPeriodIncreaseDecrease" xlink:to="us-gaap_NetCashProvidedByUsedInOperatingActivities" order="1.1400" weight="1.00" priority="2" use="optional"/>
    <calculationArc xlink:type="arc" xlink:arcrole="http://www.xbrl.org/2003/arcrole/summation-item" xlink:from="us-gaap_CashAndCashEquivalentsPeriodIncreaseDecrease" xlink:to="us-gaap_NetCashProvidedByUsedInInvestingActivities" order="1.1800" weight="1.00" priority="2" use="optional"/>
    <calculationArc xlink:type="arc" xlink:arcrole="http://www.xbrl.org/2003/arcrole/summation-item" xlink:from="us-gaap_CashAndCashEquivalentsPeriodIncreaseDecrease" xlink:to="us-gaap_NetCashProvidedByUsedInFinancingActivities" order="1.2700" weight="1.00" priority="2" use="optional"/>
    <calculationArc xlink:type="arc" xlink:arcrole="http://www.xbrl.org/2003/arcrole/summation-item" xlink:from="us-gaap_NetCashProvidedByUsedInFinancingActivities" xlink:to="us-gaap_ProceedsFromLinesOfCredit" order="1.1900" weight="1.00" priority="2" use="optional"/>
    <calculationArc xlink:type="arc" xlink:arcrole="http://www.xbrl.org/2003/arcrole/summation-item" xlink:from="us-gaap_NetCashProvidedByUsedInFinancingActivities" xlink:to="us-gaap_RepaymentsOfLinesOfCredit" order="1.2000" weight="-1.00" priority="2" use="optional"/>
    <calculationArc xlink:type="arc" xlink:arcrole="http://www.xbrl.org/2003/arcrole/summation-item" xlink:from="us-gaap_NetCashProvidedByUsedInFinancingActivities" xlink:to="us-gaap_RepaymentsOfLongTermDebtAndCapitalSecurities" order="1.2100" weight="-1.00" priority="2" use="optional"/>
    <calculationArc xlink:type="arc" xlink:arcrole="http://www.xbrl.org/2003/arcrole/summation-item" xlink:from="us-gaap_NetCashProvidedByUsedInFinancingActivities" xlink:to="us-gaap_IncreaseDecreaseInBookOverdrafts" order="1.2200" weight="1.00" priority="2" use="optional"/>
    <calculationArc xlink:type="arc" xlink:arcrole="http://www.xbrl.org/2003/arcrole/summation-item" xlink:from="us-gaap_NetCashProvidedByUsedInFinancingActivities" xlink:to="us-gaap_PaymentsOfFinancingCosts" order="1.2300" weight="-1.00" priority="2" use="optional"/>
    <calculationArc xlink:type="arc" xlink:arcrole="http://www.xbrl.org/2003/arcrole/summation-item" xlink:from="us-gaap_NetCashProvidedByUsedInFinancingActivities" xlink:to="jbss_PaymentOfContingentConsideration" order="1.2400" weight="-1.00" priority="2" use="optional"/>
    <calculationArc xlink:type="arc" xlink:arcrole="http://www.xbrl.org/2003/arcrole/summation-item" xlink:from="us-gaap_NetCashProvidedByUsedInFinancingActivities" xlink:to="us-gaap_ProceedsFromIssuanceOfSharesUnderIncentiveAndShareBasedCompensationPlansIncludingStockOptions" order="1.2500" weight="1.00" priority="2" use="optional"/>
    <calculationArc xlink:type="arc" xlink:arcrole="http://www.xbrl.org/2003/arcrole/summation-item" xlink:from="us-gaap_NetCashProvidedByUsedInFinancingActivities" xlink:to="us-gaap_ExcessTaxBenefitFromShareBasedCompensationFinancingActivities" order="1.2600" weight="1.00" priority="2" use="optional"/>
    <calculationArc xlink:type="arc" xlink:arcrole="http://www.xbrl.org/2003/arcrole/summation-item" xlink:from="us-gaap_NetCashProvidedByUsedInInvestingActivities" xlink:to="us-gaap_PaymentsToAcquirePropertyPlantAndEquipment" order="1.1500" weight="-1.00" priority="2" use="optional"/>
    <calculationArc xlink:type="arc" xlink:arcrole="http://www.xbrl.org/2003/arcrole/summation-item" xlink:from="us-gaap_NetCashProvidedByUsedInInvestingActivities" xlink:to="us-gaap_ProceedsFromSaleOfPropertyPlantAndEquipment" order="1.1600" weight="1.00" priority="2" use="optional"/>
    <calculationArc xlink:type="arc" xlink:arcrole="http://www.xbrl.org/2003/arcrole/summation-item" xlink:from="us-gaap_NetCashProvidedByUsedInInvestingActivities" xlink:to="us-gaap_PaymentsForProceedsFromLifeInsurancePolicies" order="1.1700" weight="-1.00" priority="2" use="optional"/>
    <calculationArc xlink:type="arc" xlink:arcrole="http://www.xbrl.org/2003/arcrole/summation-item" xlink:from="us-gaap_NetCashProvidedByUsedInOperatingActivities" xlink:to="us-gaap_NetIncomeLoss" order="1.0100" weight="1.00" priority="2" use="optional"/>
    <calculationArc xlink:type="arc" xlink:arcrole="http://www.xbrl.org/2003/arcrole/summation-item" xlink:from="us-gaap_NetCashProvidedByUsedInOperatingActivities" xlink:to="us-gaap_DepreciationDepletionAndAmortization" order="1.0200" weight="1.00" priority="2" use="optional"/>
    <calculationArc xlink:type="arc" xlink:arcrole="http://www.xbrl.org/2003/arcrole/summation-item" xlink:from="us-gaap_NetCashProvidedByUsedInOperatingActivities" xlink:to="us-gaap_GainLossOnSaleOfPropertyPlantEquipment" order="1.0300" weight="-1.00" priority="2" use="optional"/>
    <calculationArc xlink:type="arc" xlink:arcrole="http://www.xbrl.org/2003/arcrole/summation-item" xlink:from="us-gaap_NetCashProvidedByUsedInOperatingActivities" xlink:to="us-gaap_DeferredIncomeTaxExpenseBenefit" order="1.0400" weight="1.00" priority="2" use="optional"/>
    <calculationArc xlink:type="arc" xlink:arcrole="http://www.xbrl.org/2003/arcrole/summation-item" xlink:from="us-gaap_NetCashProvidedByUsedInOperatingActivities" xlink:to="us-gaap_ShareBasedCompensation" order="1.0500" weight="1.00" priority="2" use="optional"/>
    <calculationArc xlink:type="arc" xlink:arcrole="http://www.xbrl.org/2003/arcrole/summation-item" xlink:from="us-gaap_NetCashProvidedByUsedInOperatingActivities" xlink:to="us-gaap_IncreaseDecreaseInAccountsReceivable" order="1.0600" weight="-1.00" priority="2" use="optional"/>
    <calculationArc xlink:type="arc" xlink:arcrole="http://www.xbrl.org/2003/arcrole/summation-item" xlink:from="us-gaap_NetCashProvidedByUsedInOperatingActivities" xlink:to="us-gaap_IncreaseDecreaseInInventories" order="1.0700" weight="-1.00" priority="2" use="optional"/>
    <calculationArc xlink:type="arc" xlink:arcrole="http://www.xbrl.org/2003/arcrole/summation-item" xlink:from="us-gaap_NetCashProvidedByUsedInOperatingActivities" xlink:to="us-gaap_IncreaseDecreaseInPrepaidDeferredExpenseAndOtherAssets" order="1.0800" weight="-1.00" priority="2" use="optional"/>
    <calculationArc xlink:type="arc" xlink:arcrole="http://www.xbrl.org/2003/arcrole/summation-item" xlink:from="us-gaap_NetCashProvidedByUsedInOperatingActivities" xlink:to="us-gaap_IncreaseDecreaseInAccountsPayable" order="1.0900" weight="1.00" priority="2" use="optional"/>
    <calculationArc xlink:type="arc" xlink:arcrole="http://www.xbrl.org/2003/arcrole/summation-item" xlink:from="us-gaap_NetCashProvidedByUsedInOperatingActivities" xlink:to="us-gaap_IncreaseDecreaseInAccruedLiabilities" order="1.1000" weight="1.00" priority="2" use="optional"/>
    <calculationArc xlink:type="arc" xlink:arcrole="http://www.xbrl.org/2003/arcrole/summation-item" xlink:from="us-gaap_NetCashProvidedByUsedInOperatingActivities" xlink:to="us-gaap_IncreaseDecreaseInAccruedIncomeTaxesPayable" order="1.1100" weight="1.00" priority="2" use="optional"/>
    <calculationArc xlink:type="arc" xlink:arcrole="http://www.xbrl.org/2003/arcrole/summation-item" xlink:from="us-gaap_NetCashProvidedByUsedInOperatingActivities" xlink:to="us-gaap_IncreaseDecreaseInOtherOperatingLiabilities" order="1.1200" weight="1.00" priority="2" use="optional"/>
    <calculationArc xlink:type="arc" xlink:arcrole="http://www.xbrl.org/2003/arcrole/summation-item" xlink:from="us-gaap_NetCashProvidedByUsedInOperatingActivities" xlink:to="us-gaap_IncreaseDecreaseInOtherOperatingCapitalNet" order="1.1300" weight="-1.00" priority="2" use="optional"/>
  </calculationLink>
  <calculationLink xlink:type="extended" xlink:role="http://Www.jbssinc.com/taxonomy/role/DisclosureInventoriesComponentsOfInventories">
    <loc xlink:type="locator" xlink:href="http://xbrl.fasb.org/us-gaap/2012/elts/us-gaap-2012-01-31.xsd#us-gaap_InventoryFinishedGoodsAndWorkInProcessNetOfReserves" xlink:label="us-gaap_InventoryFinishedGoodsAndWorkInProcessNetOfReserves"/>
    <loc xlink:type="locator" xlink:href="http://xbrl.fasb.org/us-gaap/2012/elts/us-gaap-2012-01-31.xsd#us-gaap_InventoryNet" xlink:label="us-gaap_InventoryNet"/>
    <loc xlink:type="locator" xlink:href="http://xbrl.fasb.org/us-gaap/2012/elts/us-gaap-2012-01-31.xsd#us-gaap_InventoryRawMaterialsNetOfReserves" xlink:label="us-gaap_InventoryRawMaterialsNetOfReserves"/>
    <calculationArc xlink:type="arc" xlink:arcrole="http://www.xbrl.org/2003/arcrole/summation-item" xlink:from="us-gaap_InventoryNet" xlink:to="us-gaap_InventoryRawMaterialsNetOfReserves" order="1.0100" weight="1.00" priority="2" use="optional"/>
    <calculationArc xlink:type="arc" xlink:arcrole="http://www.xbrl.org/2003/arcrole/summation-item" xlink:from="us-gaap_InventoryNet" xlink:to="us-gaap_InventoryFinishedGoodsAndWorkInProcessNetOfReserves" order="1.0200" weight="1.00" priority="2" use="optional"/>
  </calculationLink>
  <calculationLink xlink:type="extended" xlink:role="http://Www.jbssinc.com/taxonomy/role/DisclosureIntangibleAssetsComponentsOfIntangibleAssets">
    <loc xlink:type="locator" xlink:href="http://xbrl.fasb.org/us-gaap/2012/elts/us-gaap-2012-01-31.xsd#us-gaap_FiniteLivedIntangibleAssetsAccumulatedAmortization" xlink:label="us-gaap_FiniteLivedIntangibleAssetsAccumulatedAmortization"/>
    <loc xlink:type="locator" xlink:href="http://xbrl.fasb.org/us-gaap/2012/elts/us-gaap-2012-01-31.xsd#us-gaap_FiniteLivedIntangibleAssetsGross" xlink:label="us-gaap_FiniteLivedIntangibleAssetsGross"/>
    <loc xlink:type="locator" xlink:href="http://xbrl.fasb.org/us-gaap/2012/elts/us-gaap-2012-01-31.xsd#us-gaap_FiniteLivedIntangibleAssetsNet" xlink:label="us-gaap_FiniteLivedIntangibleAssetsNet"/>
    <calculationArc xlink:type="arc" xlink:arcrole="http://www.xbrl.org/2003/arcrole/summation-item" xlink:from="us-gaap_FiniteLivedIntangibleAssetsNet" xlink:to="us-gaap_FiniteLivedIntangibleAssetsGross" order="1.0100" weight="1.00" priority="2" use="optional"/>
    <calculationArc xlink:type="arc" xlink:arcrole="http://www.xbrl.org/2003/arcrole/summation-item" xlink:from="us-gaap_FiniteLivedIntangibleAssetsNet" xlink:to="us-gaap_FiniteLivedIntangibleAssetsAccumulatedAmortization" order="1.0200" weight="-1.00" priority="2" use="optional"/>
  </calculationLink>
  <calculationLink xlink:type="extended" xlink:role="http://Www.jbssinc.com/taxonomy/role/DisclosureIntangibleAssetsAdditionalInformation">
  </calculationLink>
  <calculationLink xlink:type="extended" xlink:role="http://Www.jbssinc.com/taxonomy/role/DisclosurePrimaryFinancingFacilitiesAdditionalInformation">
  </calculationLink>
  <calculationLink xlink:type="extended" xlink:role="http://Www.jbssinc.com/taxonomy/role/DisclosureIncomeTaxesAdditionalInformation">
  </calculationLink>
  <calculationLink xlink:type="extended" xlink:role="http://Www.jbssinc.com/taxonomy/role/DisclosureEarningsPerCommonShareWeightedAverageNumberOfShares">
    <loc xlink:type="locator" xlink:href="http://xbrl.fasb.org/us-gaap/2012/elts/us-gaap-2012-01-31.xsd#us-gaap_IncrementalCommonSharesAttributableToShareBasedPaymentArrangements" xlink:label="us-gaap_IncrementalCommonSharesAttributableToShareBasedPaymentArrangements"/>
    <loc xlink:type="locator" xlink:href="http://xbrl.fasb.org/us-gaap/2012/elts/us-gaap-2012-01-31.xsd#us-gaap_WeightedAverageNumberOfDilutedSharesOutstanding" xlink:label="us-gaap_WeightedAverageNumberOfDilutedSharesOutstanding"/>
    <loc xlink:type="locator" xlink:href="http://xbrl.fasb.org/us-gaap/2012/elts/us-gaap-2012-01-31.xsd#us-gaap_WeightedAverageNumberOfSharesOutstandingBasic" xlink:label="us-gaap_WeightedAverageNumberOfSharesOutstandingBasic"/>
    <calculationArc xlink:type="arc" xlink:arcrole="http://www.xbrl.org/2003/arcrole/summation-item" xlink:from="us-gaap_WeightedAverageNumberOfDilutedSharesOutstanding" xlink:to="us-gaap_WeightedAverageNumberOfSharesOutstandingBasic" order="1.0100" weight="1.00" priority="2" use="optional"/>
    <calculationArc xlink:type="arc" xlink:arcrole="http://www.xbrl.org/2003/arcrole/summation-item" xlink:from="us-gaap_WeightedAverageNumberOfDilutedSharesOutstanding" xlink:to="us-gaap_IncrementalCommonSharesAttributableToShareBasedPaymentArrangements" order="1.0200" weight="1.00" priority="2" use="optional"/>
  </calculationLink>
  <calculationLink xlink:type="extended" xlink:role="http://Www.jbssinc.com/taxonomy/role/DisclosureEarningsPerCommonShareSummaryOfAntiDilutiveStockOptionsExcludedFromComputationOfEarningPerShare">
  </calculationLink>
  <calculationLink xlink:type="extended" xlink:role="http://Www.jbssinc.com/taxonomy/role/DisclosureStockBasedCompensationPlansSummaryOfStockOptionActivity">
  </calculationLink>
  <calculationLink xlink:type="extended" xlink:role="http://Www.jbssinc.com/taxonomy/role/DisclosureStockBasedCompensationPlansSummaryOfRestrictedStockUnitActivity">
  </calculationLink>
  <calculationLink xlink:type="extended" xlink:role="http://Www.jbssinc.com/taxonomy/role/DisclosureStockBasedCompensationPlansAdditionalInformation">
  </calculationLink>
  <calculationLink xlink:type="extended" xlink:role="http://Www.jbssinc.com/taxonomy/role/DisclosureSpecialCashDividendAdditionalInformation">
  </calculationLink>
  <calculationLink xlink:type="extended" xlink:role="http://Www.jbssinc.com/taxonomy/role/DisclosureRetirementPlanScheduleOfNetBenefitCosts">
    <loc xlink:type="locator" xlink:href="http://xbrl.fasb.org/us-gaap/2012/elts/us-gaap-2012-01-31.xsd#us-gaap_DefinedBenefitPlanAmortizationOfGainsLosses" xlink:label="us-gaap_DefinedBenefitPlanAmortizationOfGainsLosses"/>
    <loc xlink:type="locator" xlink:href="http://xbrl.fasb.org/us-gaap/2012/elts/us-gaap-2012-01-31.xsd#us-gaap_DefinedBenefitPlanAmortizationOfPriorServiceCostCredit" xlink:label="us-gaap_DefinedBenefitPlanAmortizationOfPriorServiceCostCredit"/>
    <loc xlink:type="locator" xlink:href="http://xbrl.fasb.org/us-gaap/2012/elts/us-gaap-2012-01-31.xsd#us-gaap_DefinedBenefitPlanInterestCost" xlink:label="us-gaap_DefinedBenefitPlanInterestCost"/>
    <loc xlink:type="locator" xlink:href="http://xbrl.fasb.org/us-gaap/2012/elts/us-gaap-2012-01-31.xsd#us-gaap_DefinedBenefitPlanNetPeriodicBenefitCost" xlink:label="us-gaap_DefinedBenefitPlanNetPeriodicBenefitCost"/>
    <loc xlink:type="locator" xlink:href="http://xbrl.fasb.org/us-gaap/2012/elts/us-gaap-2012-01-31.xsd#us-gaap_DefinedBenefitPlanServiceCost" xlink:label="us-gaap_DefinedBenefitPlanServiceCost"/>
    <calculationArc xlink:type="arc" xlink:arcrole="http://www.xbrl.org/2003/arcrole/summation-item" xlink:from="us-gaap_DefinedBenefitPlanNetPeriodicBenefitCost" xlink:to="us-gaap_DefinedBenefitPlanServiceCost" order="1.0100" weight="1.00" priority="2" use="optional"/>
    <calculationArc xlink:type="arc" xlink:arcrole="http://www.xbrl.org/2003/arcrole/summation-item" xlink:from="us-gaap_DefinedBenefitPlanNetPeriodicBenefitCost" xlink:to="us-gaap_DefinedBenefitPlanInterestCost" order="1.0200" weight="1.00" priority="2" use="optional"/>
    <calculationArc xlink:type="arc" xlink:arcrole="http://www.xbrl.org/2003/arcrole/summation-item" xlink:from="us-gaap_DefinedBenefitPlanNetPeriodicBenefitCost" xlink:to="us-gaap_DefinedBenefitPlanAmortizationOfPriorServiceCostCredit" order="1.0300" weight="1.00" priority="2" use="optional"/>
    <calculationArc xlink:type="arc" xlink:arcrole="http://www.xbrl.org/2003/arcrole/summation-item" xlink:from="us-gaap_DefinedBenefitPlanNetPeriodicBenefitCost" xlink:to="us-gaap_DefinedBenefitPlanAmortizationOfGainsLosses" order="1.0400" weight="-1.00" priority="2" use="optional"/>
  </calculationLink>
  <calculationLink xlink:type="extended" xlink:role="http://Www.jbssinc.com/taxonomy/role/DisclosureSaleOfRealPropertyAdditionalInformation">
  </calculationLink>
  <calculationLink xlink:type="extended" xlink:role="http://Www.jbssinc.com/taxonomy/role/DisclosureDistributionChannelAndProductTypeSalesMixScheduleOfRevenueByDistributionChannel">
  </calculationLink>
  <calculationLink xlink:type="extended" xlink:role="http://Www.jbssinc.com/taxonomy/role/DisclosureDistributionChannelAndProductTypeSalesMixScheduleOfSalesByProductTypeAsPercentageOfGrossSales">
  </calculationLink>
  <calculationLink xlink:type="extended" xlink:role="http://Www.jbssinc.com/taxonomy/role/DisclosureFairValueOfFinancialInstrumentsAdditionalInformation">
  </calculationLink>
  <calculationLink xlink:type="extended" xlink:role="http://Www.jbssinc.com/taxonomy/role/NotesToFinancialStatementsOrganizationConsolidationAndPresentationOfFinancialStatementsDisclosureTextBlock">
  </calculationLink>
  <calculationLink xlink:type="extended" xlink:role="http://Www.jbssinc.com/taxonomy/role/NotesToFinancialStatementsInventoryDisclosureTextBlock">
  </calculationLink>
  <calculationLink xlink:type="extended" xlink:role="http://Www.jbssinc.com/taxonomy/role/NotesToFinancialStatementsInventoryDisclosureTextBlockTables">
  </calculationLink>
  <calculationLink xlink:type="extended" xlink:role="http://Www.jbssinc.com/taxonomy/role/NotesToFinancialStatementsGoodwillAndIntangibleAssetsDisclosureTextBlock">
  </calculationLink>
  <calculationLink xlink:type="extended" xlink:role="http://Www.jbssinc.com/taxonomy/role/NotesToFinancialStatementsGoodwillAndIntangibleAssetsDisclosureTextBlockTables">
  </calculationLink>
  <calculationLink xlink:type="extended" xlink:role="http://Www.jbssinc.com/taxonomy/role/NotesToFinancialStatementsDebtDisclosureTextBlock">
  </calculationLink>
  <calculationLink xlink:type="extended" xlink:role="http://Www.jbssinc.com/taxonomy/role/NotesToFinancialStatementsIncomeTaxDisclosureTextBlock">
  </calculationLink>
  <calculationLink xlink:type="extended" xlink:role="http://Www.jbssinc.com/taxonomy/role/NotesToFinancialStatementsEarningsPerShareTextBlock">
  </calculationLink>
  <calculationLink xlink:type="extended" xlink:role="http://Www.jbssinc.com/taxonomy/role/NotesToFinancialStatementsEarningsPerShareTextBlockTables">
  </calculationLink>
  <calculationLink xlink:type="extended" xlink:role="http://Www.jbssinc.com/taxonomy/role/NotesToFinancialStatementsDisclosureOfCompensationRelatedCostsShareBasedPaymentsTextBlock">
  </calculationLink>
  <calculationLink xlink:type="extended" xlink:role="http://Www.jbssinc.com/taxonomy/role/NotesToFinancialStatementsDisclosureOfCompensationRelatedCostsShareBasedPaymentsTextBlockTables">
  </calculationLink>
  <calculationLink xlink:type="extended" xlink:role="http://Www.jbssinc.com/taxonomy/role/NotesToFinancialStatementsSpecialDividendsTextBlock">
  </calculationLink>
  <calculationLink xlink:type="extended" xlink:role="http://Www.jbssinc.com/taxonomy/role/NotesToFinancialStatementsPensionAndOtherPostretirementBenefitsDisclosureTextBlock">
  </calculationLink>
  <calculationLink xlink:type="extended" xlink:role="http://Www.jbssinc.com/taxonomy/role/NotesToFinancialStatementsPensionAndOtherPostretirementBenefitsDisclosureTextBlockTables">
  </calculationLink>
  <calculationLink xlink:type="extended" xlink:role="http://Www.jbssinc.com/taxonomy/role/NotesToFinancialStatementsAssetSalesAndImpairmentOfLongLivedAssetsTextBlock">
  </calculationLink>
  <calculationLink xlink:type="extended" xlink:role="http://Www.jbssinc.com/taxonomy/role/NotesToFinancialStatementsDistributionChannelAndProductTypeSalesMixTextBlock">
  </calculationLink>
  <calculationLink xlink:type="extended" xlink:role="http://Www.jbssinc.com/taxonomy/role/NotesToFinancialStatementsDistributionChannelAndProductTypeSalesMixTextBlockTables">
  </calculationLink>
  <calculationLink xlink:type="extended" xlink:role="http://Www.jbssinc.com/taxonomy/role/NotesToFinancialStatementsCommitmentsAndContingenciesDisclosureTextBlock">
  </calculationLink>
  <calculationLink xlink:type="extended" xlink:role="http://Www.jbssinc.com/taxonomy/role/NotesToFinancialStatementsFairValueDisclosuresTextBlock">
  </calculationLink>
</linkbase>
