<?xml version="1.0" encoding="US-ASCII" standalone="no"?>
    <!-- QXInteractive -->
<link:linkbase xmlns:xsi="http://www.w3.org/2001/XMLSchema-instance" xmlns:xlink="http://www.w3.org/1999/xlink" xmlns:link="http://www.xbrl.org/2003/linkbase" xmlns:xbrli="http://www.xbrl.org/2003/instance" xsi:schemaLocation="http://www.xbrl.org/2003/linkbase http://www.xbrl.org/2003/xbrl-linkbase-2003-12-31.xsd">
    <link:roleRef roleURI="http://crystalrock.com/role/DocumentAndEntityInformation" xlink:href="crvp-20121031.xsd#DocumentAndEntityInformation" xlink:type="simple" />
    <link:roleRef roleURI="http://crystalrock.com/role/CondensedConsolidatedBalanceSheets" xlink:href="crvp-20121031.xsd#CondensedConsolidatedBalanceSheets" xlink:type="simple" />
    <link:roleRef roleURI="http://crystalrock.com/role/CondensedConsolidatedBalanceSheetsParenthetical" xlink:href="crvp-20121031.xsd#CondensedConsolidatedBalanceSheetsParenthetical" xlink:type="simple" />
    <link:roleRef roleURI="http://crystalrock.com/role/CondensedConsolidatedStatementsOfIncome" xlink:href="crvp-20121031.xsd#CondensedConsolidatedStatementsOfIncome" xlink:type="simple" />
    <link:roleRef roleURI="http://crystalrock.com/role/ConsolidatedStatementsOfChangesInStockholdersEquity" xlink:href="crvp-20121031.xsd#ConsolidatedStatementsOfChangesInStockholdersEquity" xlink:type="simple" />
    <link:roleRef roleURI="http://crystalrock.com/role/CondensedConsolidatedStatementsOfCashFlows" xlink:href="crvp-20121031.xsd#CondensedConsolidatedStatementsOfCashFlows" xlink:type="simple" />
    <link:roleRef roleURI="http://crystalrock.com/role/BusinessOfCompanyAndBasisOfPresentation" xlink:href="crvp-20121031.xsd#BusinessOfCompanyAndBasisOfPresentation" xlink:type="simple" />
    <link:roleRef roleURI="http://crystalrock.com/role/SignificantAccountingPolicies" xlink:href="crvp-20121031.xsd#SignificantAccountingPolicies" xlink:type="simple" />
    <link:roleRef roleURI="http://crystalrock.com/role/MergersAndAcquisitions" xlink:href="crvp-20121031.xsd#MergersAndAcquisitions" xlink:type="simple" />
    <link:roleRef roleURI="http://crystalrock.com/role/AccountsReceivable" xlink:href="crvp-20121031.xsd#AccountsReceivable" xlink:type="simple" />
    <link:roleRef roleURI="http://crystalrock.com/role/Inventories" xlink:href="crvp-20121031.xsd#Inventories" xlink:type="simple" />
    <link:roleRef roleURI="http://crystalrock.com/role/OtherCurrentAssets" xlink:href="crvp-20121031.xsd#OtherCurrentAssets" xlink:type="simple" />
    <link:roleRef roleURI="http://crystalrock.com/role/PropertyAndEquipmentNet" xlink:href="crvp-20121031.xsd#PropertyAndEquipmentNet" xlink:type="simple" />
    <link:roleRef roleURI="http://crystalrock.com/role/EquipmentRental" xlink:href="crvp-20121031.xsd#EquipmentRental" xlink:type="simple" />
    <link:roleRef roleURI="http://crystalrock.com/role/GoodwillAndOtherIntangibleAssets" xlink:href="crvp-20121031.xsd#GoodwillAndOtherIntangibleAssets" xlink:type="simple" />
    <link:roleRef roleURI="http://crystalrock.com/role/OtherAssets" xlink:href="crvp-20121031.xsd#OtherAssets" xlink:type="simple" />
    <link:roleRef roleURI="http://crystalrock.com/role/AccruedExpenses" xlink:href="crvp-20121031.xsd#AccruedExpenses" xlink:type="simple" />
    <link:roleRef roleURI="http://crystalrock.com/role/Debt" xlink:href="crvp-20121031.xsd#Debt" xlink:type="simple" />
    <link:roleRef roleURI="http://crystalrock.com/role/On-BalanceSheetDerivativeInstrumentsAndHedgingActivities" xlink:href="crvp-20121031.xsd#On-BalanceSheetDerivativeInstrumentsAndHedgingActivities" xlink:type="simple" />
    <link:roleRef roleURI="http://crystalrock.com/role/FairValueOfAssetsAndLiabilities" xlink:href="crvp-20121031.xsd#FairValueOfAssetsAndLiabilities" xlink:type="simple" />
    <link:roleRef roleURI="http://crystalrock.com/role/CommitmentsAndContingencies" xlink:href="crvp-20121031.xsd#CommitmentsAndContingencies" xlink:type="simple" />
    <link:roleRef roleURI="http://crystalrock.com/role/StockBasedCompensation" xlink:href="crvp-20121031.xsd#StockBasedCompensation" xlink:type="simple" />
    <link:roleRef roleURI="http://crystalrock.com/role/RepurchaseOfCommonStock" xlink:href="crvp-20121031.xsd#RepurchaseOfCommonStock" xlink:type="simple" />
    <link:roleRef roleURI="http://crystalrock.com/role/IncomeTaxes" xlink:href="crvp-20121031.xsd#IncomeTaxes" xlink:type="simple" />
    <link:roleRef roleURI="http://crystalrock.com/role/NetIncomePerShareAndWeightedAverageShares" xlink:href="crvp-20121031.xsd#NetIncomePerShareAndWeightedAverageShares" xlink:type="simple" />
    <link:roleRef roleURI="http://crystalrock.com/role/RetirementPlan" xlink:href="crvp-20121031.xsd#RetirementPlan" xlink:type="simple" />
    <link:roleRef roleURI="http://crystalrock.com/role/RelatedPartyTransactions" xlink:href="crvp-20121031.xsd#RelatedPartyTransactions" xlink:type="simple" />
    <link:roleRef roleURI="http://crystalrock.com/role/ConcentrationOfCreditRisk" xlink:href="crvp-20121031.xsd#ConcentrationOfCreditRisk" xlink:type="simple" />
    <link:roleRef roleURI="http://crystalrock.com/role/RecentAccountingPronouncements" xlink:href="crvp-20121031.xsd#RecentAccountingPronouncements" xlink:type="simple" />
    <link:roleRef roleURI="http://crystalrock.com/role/SubsequentEvents" xlink:href="crvp-20121031.xsd#SubsequentEvents" xlink:type="simple" />
    <link:roleRef roleURI="http://crystalrock.com/role/SignificantAccountingPoliciesPolicies" xlink:href="crvp-20121031.xsd#SignificantAccountingPoliciesPolicies" xlink:type="simple" />
    <link:roleRef roleURI="http://crystalrock.com/role/MergersAndAcquisitionsTables" xlink:href="crvp-20121031.xsd#MergersAndAcquisitionsTables" xlink:type="simple" />
    <link:roleRef roleURI="http://crystalrock.com/role/AccountsReceivableTables" xlink:href="crvp-20121031.xsd#AccountsReceivableTables" xlink:type="simple" />
    <link:roleRef roleURI="http://crystalrock.com/role/InventoriesTables" xlink:href="crvp-20121031.xsd#InventoriesTables" xlink:type="simple" />
    <link:roleRef roleURI="http://crystalrock.com/role/OtherCurrentAssetsTables" xlink:href="crvp-20121031.xsd#OtherCurrentAssetsTables" xlink:type="simple" />
    <link:roleRef roleURI="http://crystalrock.com/role/PropertyAndEquipmentNetTables" xlink:href="crvp-20121031.xsd#PropertyAndEquipmentNetTables" xlink:type="simple" />
    <link:roleRef roleURI="http://crystalrock.com/role/EquipmentRentalTables" xlink:href="crvp-20121031.xsd#EquipmentRentalTables" xlink:type="simple" />
    <link:roleRef roleURI="http://crystalrock.com/role/GoodwillAndOtherIntangibleAssetsTables" xlink:href="crvp-20121031.xsd#GoodwillAndOtherIntangibleAssetsTables" xlink:type="simple" />
    <link:roleRef roleURI="http://crystalrock.com/role/AccruedExpensesTables" xlink:href="crvp-20121031.xsd#AccruedExpensesTables" xlink:type="simple" />
    <link:roleRef roleURI="http://crystalrock.com/role/DebtTables" xlink:href="crvp-20121031.xsd#DebtTables" xlink:type="simple" />
    <link:roleRef roleURI="http://crystalrock.com/role/On-BalanceSheetDerivativeInstrumentsAndHedgingActivitiesTables" xlink:href="crvp-20121031.xsd#On-BalanceSheetDerivativeInstrumentsAndHedgingActivitiesTables" xlink:type="simple" />
    <link:roleRef roleURI="http://crystalrock.com/role/FairValueOfAssetsAndLiabilitiesTables" xlink:href="crvp-20121031.xsd#FairValueOfAssetsAndLiabilitiesTables" xlink:type="simple" />
    <link:roleRef roleURI="http://crystalrock.com/role/CommitmentsAndContingenciesTables" xlink:href="crvp-20121031.xsd#CommitmentsAndContingenciesTables" xlink:type="simple" />
    <link:roleRef roleURI="http://crystalrock.com/role/StockBasedCompensationTables" xlink:href="crvp-20121031.xsd#StockBasedCompensationTables" xlink:type="simple" />
    <link:roleRef roleURI="http://crystalrock.com/role/IncomeTaxesTables" xlink:href="crvp-20121031.xsd#IncomeTaxesTables" xlink:type="simple" />
    <link:roleRef roleURI="http://crystalrock.com/role/NetIncomePerShareAndWeightedAverageSharesTables" xlink:href="crvp-20121031.xsd#NetIncomePerShareAndWeightedAverageSharesTables" xlink:type="simple" />
    <link:roleRef roleURI="http://crystalrock.com/role/RelatedPartyTransactionsTables" xlink:href="crvp-20121031.xsd#RelatedPartyTransactionsTables" xlink:type="simple" />
    <link:roleRef roleURI="http://crystalrock.com/role/SignificantAccountingPoliciesDetailsNarrative" xlink:href="crvp-20121031.xsd#SignificantAccountingPoliciesDetailsNarrative" xlink:type="simple" />
    <link:roleRef roleURI="http://crystalrock.com/role/MergersAndAcquisitionsDetails" xlink:href="crvp-20121031.xsd#MergersAndAcquisitionsDetails" xlink:type="simple" />
    <link:roleRef roleURI="http://crystalrock.com/role/MergersAndAcquisitionsDetails1" xlink:href="crvp-20121031.xsd#MergersAndAcquisitionsDetails1" xlink:type="simple" />
    <link:roleRef roleURI="http://crystalrock.com/role/MergersAndAcquisitionsDetails2" xlink:href="crvp-20121031.xsd#MergersAndAcquisitionsDetails2" xlink:type="simple" />
    <link:roleRef roleURI="http://crystalrock.com/role/AccountsReceivableDetails" xlink:href="crvp-20121031.xsd#AccountsReceivableDetails" xlink:type="simple" />
    <link:roleRef roleURI="http://crystalrock.com/role/InventoriesDetails" xlink:href="crvp-20121031.xsd#InventoriesDetails" xlink:type="simple" />
    <link:roleRef roleURI="http://crystalrock.com/role/OtherCurrentAssetsDetails" xlink:href="crvp-20121031.xsd#OtherCurrentAssetsDetails" xlink:type="simple" />
    <link:roleRef roleURI="http://crystalrock.com/role/PropertyAndEquipmentNetDetails" xlink:href="crvp-20121031.xsd#PropertyAndEquipmentNetDetails" xlink:type="simple" />
    <link:roleRef roleURI="http://crystalrock.com/role/EquipmentRentalDetails" xlink:href="crvp-20121031.xsd#EquipmentRentalDetails" xlink:type="simple" />
    <link:roleRef roleURI="http://crystalrock.com/role/GoodwillAndOtherIntangibleAssetsDetails" xlink:href="crvp-20121031.xsd#GoodwillAndOtherIntangibleAssetsDetails" xlink:type="simple" />
    <link:roleRef roleURI="http://crystalrock.com/role/GoodwillAndOtherIntangibleAssetsDetails2" xlink:href="crvp-20121031.xsd#GoodwillAndOtherIntangibleAssetsDetails2" xlink:type="simple" />
    <link:roleRef roleURI="http://crystalrock.com/role/GoodwillAndOtherIntangibleAssetsDetailsNarrative" xlink:href="crvp-20121031.xsd#GoodwillAndOtherIntangibleAssetsDetailsNarrative" xlink:type="simple" />
    <link:roleRef roleURI="http://crystalrock.com/role/AccruedExpensesDetails" xlink:href="crvp-20121031.xsd#AccruedExpensesDetails" xlink:type="simple" />
    <link:roleRef roleURI="http://crystalrock.com/role/DebtDetails" xlink:href="crvp-20121031.xsd#DebtDetails" xlink:type="simple" />
    <link:roleRef roleURI="http://crystalrock.com/role/On-BalanceSheetDerivativeInstrumentsAndHedgingActivitiesDetails" xlink:href="crvp-20121031.xsd#On-BalanceSheetDerivativeInstrumentsAndHedgingActivitiesDetails" xlink:type="simple" />
    <link:roleRef roleURI="http://crystalrock.com/role/FairValueOfAssetsAndLiabilitiesDetails" xlink:href="crvp-20121031.xsd#FairValueOfAssetsAndLiabilitiesDetails" xlink:type="simple" />
    <link:roleRef roleURI="http://crystalrock.com/role/CommitmentsAndContingenciesDetails" xlink:href="crvp-20121031.xsd#CommitmentsAndContingenciesDetails" xlink:type="simple" />
    <link:roleRef roleURI="http://crystalrock.com/role/StockBasedCompensationDetails" xlink:href="crvp-20121031.xsd#StockBasedCompensationDetails" xlink:type="simple" />
    <link:roleRef roleURI="http://crystalrock.com/role/IncomeTaxesDetails" xlink:href="crvp-20121031.xsd#IncomeTaxesDetails" xlink:type="simple" />
    <link:roleRef roleURI="http://crystalrock.com/role/IncomeTaxesDetails1" xlink:href="crvp-20121031.xsd#IncomeTaxesDetails1" xlink:type="simple" />
    <link:roleRef roleURI="http://crystalrock.com/role/IncomeTaxesDetails2" xlink:href="crvp-20121031.xsd#IncomeTaxesDetails2" xlink:type="simple" />
    <link:roleRef roleURI="http://crystalrock.com/role/IncomeTaxesDetails3" xlink:href="crvp-20121031.xsd#IncomeTaxesDetails3" xlink:type="simple" />
    <link:roleRef roleURI="http://crystalrock.com/role/NetIncomePerShareAndWeightedAverageSharesDetails" xlink:href="crvp-20121031.xsd#NetIncomePerShareAndWeightedAverageSharesDetails" xlink:type="simple" />
    <link:roleRef roleURI="http://crystalrock.com/role/RelatedPartyTransactionsDetails" xlink:href="crvp-20121031.xsd#RelatedPartyTransactionsDetails" xlink:type="simple" />
    <link:calculationLink xlink:type="extended" xlink:role="http://crystalrock.com/role/DocumentAndEntityInformation" xlink:title="0001 - Document - Document and Entity Information" />
    <link:calculationLink xlink:type="extended" xlink:role="http://crystalrock.com/role/CondensedConsolidatedBalanceSheets" xlink:title="0002 - Statement - CONDENSED CONSOLIDATED BALANCE SHEETS (Unaudited)">
      <link:loc xlink:type="locator" xlink:href="http://xbrl.fasb.org/us-gaap/2012/elts/us-gaap-2012-01-31.xsd#us-gaap_AssetsCurrent" xlink:label="loc_CRVPAssetsCurrent" />
      <link:loc xlink:type="locator" xlink:href="http://xbrl.fasb.org/us-gaap/2012/elts/us-gaap-2012-01-31.xsd#us-gaap_CashAndCashEquivalentsAtCarryingValue" xlink:label="loc_CRVPCashAndCashEquivalentsAtCarryingValue" />
      <link:calculationArc order="100" xlink:arcrole="http://www.xbrl.org/2003/arcrole/summation-item" xlink:from="loc_CRVPAssetsCurrent" xlink:to="loc_CRVPCashAndCashEquivalentsAtCarryingValue" xlink:type="arc" weight="1" />
      <link:loc xlink:type="locator" xlink:href="http://xbrl.fasb.org/us-gaap/2012/elts/us-gaap-2012-01-31.xsd#us-gaap_AccountsReceivableNetCurrent" xlink:label="loc_CRVPAccountsReceivableNetCurrent" />
      <link:calculationArc order="200" xlink:arcrole="http://www.xbrl.org/2003/arcrole/summation-item" xlink:from="loc_CRVPAssetsCurrent" xlink:to="loc_CRVPAccountsReceivableNetCurrent" xlink:type="arc" weight="1" />
      <link:loc xlink:type="locator" xlink:href="http://xbrl.fasb.org/us-gaap/2012/elts/us-gaap-2012-01-31.xsd#us-gaap_InventoryNet" xlink:label="loc_CRVPInventoryNet" />
      <link:calculationArc order="300" xlink:arcrole="http://www.xbrl.org/2003/arcrole/summation-item" xlink:from="loc_CRVPAssetsCurrent" xlink:to="loc_CRVPInventoryNet" xlink:type="arc" weight="1" />
      <link:loc xlink:type="locator" xlink:href="http://xbrl.fasb.org/us-gaap/2012/elts/us-gaap-2012-01-31.xsd#us-gaap_DeferredTaxAssetsNetCurrent" xlink:label="loc_CRVPDeferredTaxAssetsNetCurrent" />
      <link:calculationArc order="400" xlink:arcrole="http://www.xbrl.org/2003/arcrole/summation-item" xlink:from="loc_CRVPAssetsCurrent" xlink:to="loc_CRVPDeferredTaxAssetsNetCurrent" xlink:type="arc" weight="1" />
      <link:loc xlink:type="locator" xlink:href="http://xbrl.fasb.org/us-gaap/2012/elts/us-gaap-2012-01-31.xsd#us-gaap_OtherAssetsCurrent" xlink:label="loc_CRVPOtherAssetsCurrent" />
      <link:calculationArc order="500" xlink:arcrole="http://www.xbrl.org/2003/arcrole/summation-item" xlink:from="loc_CRVPAssetsCurrent" xlink:to="loc_CRVPOtherAssetsCurrent" xlink:type="arc" weight="1" />
      <link:loc xlink:type="locator" xlink:href="http://xbrl.fasb.org/us-gaap/2012/elts/us-gaap-2012-01-31.xsd#us-gaap_OtherAssetsNoncurrent" xlink:label="loc_CRVPOtherAssetsNoncurrent" />
      <link:loc xlink:type="locator" xlink:href="http://xbrl.fasb.org/us-gaap/2012/elts/us-gaap-2012-01-31.xsd#us-gaap_Goodwill" xlink:label="loc_CRVPGoodwill" />
      <link:calculationArc order="100" xlink:arcrole="http://www.xbrl.org/2003/arcrole/summation-item" xlink:from="loc_CRVPOtherAssetsNoncurrent" xlink:to="loc_CRVPGoodwill" xlink:type="arc" weight="1" />
      <link:loc xlink:type="locator" xlink:href="http://xbrl.fasb.org/us-gaap/2012/elts/us-gaap-2012-01-31.xsd#us-gaap_IntangibleAssetsNetExcludingGoodwill" xlink:label="loc_CRVPIntangibleAssetsNetExcludingGoodwill" />
      <link:calculationArc order="200" xlink:arcrole="http://www.xbrl.org/2003/arcrole/summation-item" xlink:from="loc_CRVPOtherAssetsNoncurrent" xlink:to="loc_CRVPIntangibleAssetsNetExcludingGoodwill" xlink:type="arc" weight="1" />
      <link:loc xlink:type="locator" xlink:href="http://xbrl.fasb.org/us-gaap/2012/elts/us-gaap-2012-01-31.xsd#us-gaap_OtherAssetsMiscellaneousNoncurrent" xlink:label="loc_CRVPOtherAssetsMiscellaneousNoncurrent" />
      <link:calculationArc order="300" xlink:arcrole="http://www.xbrl.org/2003/arcrole/summation-item" xlink:from="loc_CRVPOtherAssetsNoncurrent" xlink:to="loc_CRVPOtherAssetsMiscellaneousNoncurrent" xlink:type="arc" weight="1" />
      <link:loc xlink:type="locator" xlink:href="http://xbrl.fasb.org/us-gaap/2012/elts/us-gaap-2012-01-31.xsd#us-gaap_Assets" xlink:label="loc_CRVPAssets" />
      <link:calculationArc order="100" xlink:arcrole="http://www.xbrl.org/2003/arcrole/summation-item" xlink:from="loc_CRVPAssets" xlink:to="loc_CRVPAssetsCurrent" xlink:type="arc" weight="1" />
      <link:calculationArc order="200" xlink:arcrole="http://www.xbrl.org/2003/arcrole/summation-item" xlink:from="loc_CRVPAssets" xlink:to="loc_CRVPOtherAssetsNoncurrent" xlink:type="arc" weight="1" />
      <link:loc xlink:type="locator" xlink:href="http://xbrl.fasb.org/us-gaap/2012/elts/us-gaap-2012-01-31.xsd#us-gaap_PropertyPlantAndEquipmentNet" xlink:label="loc_CRVPPropertyPlantAndEquipmentNet" />
      <link:calculationArc order="300" xlink:arcrole="http://www.xbrl.org/2003/arcrole/summation-item" xlink:from="loc_CRVPAssets" xlink:to="loc_CRVPPropertyPlantAndEquipmentNet" xlink:type="arc" weight="1" />
      <link:loc xlink:type="locator" xlink:href="http://xbrl.fasb.org/us-gaap/2012/elts/us-gaap-2012-01-31.xsd#us-gaap_LiabilitiesCurrent" xlink:label="loc_CRVPLiabilitiesCurrent" />
      <link:loc xlink:type="locator" xlink:href="http://xbrl.fasb.org/us-gaap/2012/elts/us-gaap-2012-01-31.xsd#us-gaap_LongTermDebtCurrent" xlink:label="loc_CRVPLongTermDebtCurrent" />
      <link:calculationArc order="100" xlink:arcrole="http://www.xbrl.org/2003/arcrole/summation-item" xlink:from="loc_CRVPLiabilitiesCurrent" xlink:to="loc_CRVPLongTermDebtCurrent" xlink:type="arc" weight="1" />
      <link:loc xlink:type="locator" xlink:href="http://xbrl.fasb.org/us-gaap/2012/elts/us-gaap-2012-01-31.xsd#us-gaap_AccountsPayableCurrent" xlink:label="loc_CRVPAccountsPayableCurrent" />
      <link:calculationArc order="200" xlink:arcrole="http://www.xbrl.org/2003/arcrole/summation-item" xlink:from="loc_CRVPLiabilitiesCurrent" xlink:to="loc_CRVPAccountsPayableCurrent" xlink:type="arc" weight="1" />
      <link:loc xlink:type="locator" xlink:href="http://xbrl.fasb.org/us-gaap/2012/elts/us-gaap-2012-01-31.xsd#us-gaap_AccruedLiabilitiesCurrent" xlink:label="loc_CRVPAccruedLiabilitiesCurrent" />
      <link:calculationArc order="300" xlink:arcrole="http://www.xbrl.org/2003/arcrole/summation-item" xlink:from="loc_CRVPLiabilitiesCurrent" xlink:to="loc_CRVPAccruedLiabilitiesCurrent" xlink:type="arc" weight="1" />
      <link:loc xlink:type="locator" xlink:href="http://xbrl.fasb.org/us-gaap/2012/elts/us-gaap-2012-01-31.xsd#us-gaap_CustomerDepositsCurrent" xlink:label="loc_CRVPCustomerDepositsCurrent" />
      <link:calculationArc order="400" xlink:arcrole="http://www.xbrl.org/2003/arcrole/summation-item" xlink:from="loc_CRVPLiabilitiesCurrent" xlink:to="loc_CRVPCustomerDepositsCurrent" xlink:type="arc" weight="1" />
      <link:loc xlink:type="locator" xlink:href="http://xbrl.fasb.org/us-gaap/2012/elts/us-gaap-2012-01-31.xsd#us-gaap_DerivativeLiabilitiesCurrent" xlink:label="loc_CRVPDerivativeLiabilitiesCurrent" />
      <link:calculationArc order="500" xlink:arcrole="http://www.xbrl.org/2003/arcrole/summation-item" xlink:from="loc_CRVPLiabilitiesCurrent" xlink:to="loc_CRVPDerivativeLiabilitiesCurrent" xlink:type="arc" weight="1" />
      <link:loc xlink:type="locator" xlink:href="http://xbrl.fasb.org/us-gaap/2012/elts/us-gaap-2012-01-31.xsd#us-gaap_Liabilities" xlink:label="loc_CRVPLiabilities" />
      <link:loc xlink:type="locator" xlink:href="http://xbrl.fasb.org/us-gaap/2012/elts/us-gaap-2012-01-31.xsd#us-gaap_LongTermDebtNoncurrent" xlink:label="loc_CRVPLongTermDebtNoncurrent" />
      <link:calculationArc order="100" xlink:arcrole="http://www.xbrl.org/2003/arcrole/summation-item" xlink:from="loc_CRVPLiabilities" xlink:to="loc_CRVPLongTermDebtNoncurrent" xlink:type="arc" weight="1" />
      <link:loc xlink:type="locator" xlink:href="http://xbrl.fasb.org/us-gaap/2012/elts/us-gaap-2012-01-31.xsd#us-gaap_DeferredTaxLiabilitiesNoncurrent" xlink:label="loc_CRVPDeferredTaxLiabilitiesNoncurrent" />
      <link:calculationArc order="200" xlink:arcrole="http://www.xbrl.org/2003/arcrole/summation-item" xlink:from="loc_CRVPLiabilities" xlink:to="loc_CRVPDeferredTaxLiabilitiesNoncurrent" xlink:type="arc" weight="1" />
      <link:loc xlink:type="locator" xlink:href="http://xbrl.fasb.org/us-gaap/2012/elts/us-gaap-2012-01-31.xsd#us-gaap_SubordinatedLongTermDebt" xlink:label="loc_CRVPSubordinatedLongTermDebt" />
      <link:calculationArc order="300" xlink:arcrole="http://www.xbrl.org/2003/arcrole/summation-item" xlink:from="loc_CRVPLiabilities" xlink:to="loc_CRVPSubordinatedLongTermDebt" xlink:type="arc" weight="1" />
      <link:loc xlink:type="locator" xlink:href="http://xbrl.fasb.org/us-gaap/2012/elts/us-gaap-2012-01-31.xsd#us-gaap_CustomerDepositsNoncurrent" xlink:label="loc_CRVPCustomerDepositsNoncurrent" />
      <link:calculationArc order="400" xlink:arcrole="http://www.xbrl.org/2003/arcrole/summation-item" xlink:from="loc_CRVPLiabilities" xlink:to="loc_CRVPCustomerDepositsNoncurrent" xlink:type="arc" weight="1" />
      <link:loc xlink:type="locator" xlink:href="http://xbrl.fasb.org/us-gaap/2012/elts/us-gaap-2012-01-31.xsd#us-gaap_DerivativeLiabilitiesNoncurrent" xlink:label="loc_CRVPDerivativeLiabilitiesNoncurrent" />
      <link:calculationArc order="500" xlink:arcrole="http://www.xbrl.org/2003/arcrole/summation-item" xlink:from="loc_CRVPLiabilities" xlink:to="loc_CRVPDerivativeLiabilitiesNoncurrent" xlink:type="arc" weight="1" />
      <link:calculationArc order="600" xlink:arcrole="http://www.xbrl.org/2003/arcrole/summation-item" xlink:from="loc_CRVPLiabilities" xlink:to="loc_CRVPLiabilitiesCurrent" xlink:type="arc" weight="1" />
      <link:loc xlink:type="locator" xlink:href="http://xbrl.fasb.org/us-gaap/2012/elts/us-gaap-2012-01-31.xsd#us-gaap_StockholdersEquity" xlink:label="loc_CRVPStockholdersEquity" />
      <link:loc xlink:type="locator" xlink:href="http://xbrl.fasb.org/us-gaap/2012/elts/us-gaap-2012-01-31.xsd#us-gaap_CommonStockValue" xlink:label="loc_CRVPCommonStockValue" />
      <link:calculationArc order="100" xlink:arcrole="http://www.xbrl.org/2003/arcrole/summation-item" xlink:from="loc_CRVPStockholdersEquity" xlink:to="loc_CRVPCommonStockValue" xlink:type="arc" weight="1" />
      <link:loc xlink:type="locator" xlink:href="http://xbrl.fasb.org/us-gaap/2012/elts/us-gaap-2012-01-31.xsd#us-gaap_AdditionalPaidInCapitalCommonStock" xlink:label="loc_CRVPAdditionalPaidInCapitalCommonStock" />
      <link:calculationArc order="200" xlink:arcrole="http://www.xbrl.org/2003/arcrole/summation-item" xlink:from="loc_CRVPStockholdersEquity" xlink:to="loc_CRVPAdditionalPaidInCapitalCommonStock" xlink:type="arc" weight="1" />
      <link:loc xlink:type="locator" xlink:href="http://xbrl.fasb.org/us-gaap/2012/elts/us-gaap-2012-01-31.xsd#us-gaap_TreasuryStockValue" xlink:label="loc_CRVPTreasuryStockValue" />
      <link:calculationArc order="300" xlink:arcrole="http://www.xbrl.org/2003/arcrole/summation-item" xlink:from="loc_CRVPStockholdersEquity" xlink:to="loc_CRVPTreasuryStockValue" xlink:type="arc" weight="-1" />
      <link:loc xlink:type="locator" xlink:href="http://xbrl.fasb.org/us-gaap/2012/elts/us-gaap-2012-01-31.xsd#us-gaap_RetainedEarningsAccumulatedDeficit" xlink:label="loc_CRVPRetainedEarningsAccumulatedDeficit" />
      <link:calculationArc order="400" xlink:arcrole="http://www.xbrl.org/2003/arcrole/summation-item" xlink:from="loc_CRVPStockholdersEquity" xlink:to="loc_CRVPRetainedEarningsAccumulatedDeficit" xlink:type="arc" weight="1" />
      <link:loc xlink:type="locator" xlink:href="http://xbrl.fasb.org/us-gaap/2012/elts/us-gaap-2012-01-31.xsd#us-gaap_AccumulatedOtherComprehensiveIncomeLossNetOfTax" xlink:label="loc_CRVPAccumulatedOtherComprehensiveIncomeLossNetOfTax" />
      <link:calculationArc order="500" xlink:arcrole="http://www.xbrl.org/2003/arcrole/summation-item" xlink:from="loc_CRVPStockholdersEquity" xlink:to="loc_CRVPAccumulatedOtherComprehensiveIncomeLossNetOfTax" xlink:type="arc" weight="1" />
      <link:loc xlink:type="locator" xlink:href="http://xbrl.fasb.org/us-gaap/2012/elts/us-gaap-2012-01-31.xsd#us-gaap_LiabilitiesAndStockholdersEquity" xlink:label="loc_CRVPLiabilitiesAndStockholdersEquity" />
      <link:calculationArc order="100" xlink:arcrole="http://www.xbrl.org/2003/arcrole/summation-item" xlink:from="loc_CRVPLiabilitiesAndStockholdersEquity" xlink:to="loc_CRVPLiabilities" xlink:type="arc" weight="1" />
      <link:calculationArc order="200" xlink:arcrole="http://www.xbrl.org/2003/arcrole/summation-item" xlink:from="loc_CRVPLiabilitiesAndStockholdersEquity" xlink:to="loc_CRVPStockholdersEquity" xlink:type="arc" weight="1" />
    </link:calculationLink>
    <link:calculationLink xlink:type="extended" xlink:role="http://crystalrock.com/role/CondensedConsolidatedBalanceSheetsParenthetical" xlink:title="0003 - Statement - CONDENSED CONSOLIDATED BALANCE SHEETS (Parenthetical)" />
    <link:calculationLink xlink:type="extended" xlink:role="http://crystalrock.com/role/CondensedConsolidatedStatementsOfIncome" xlink:title="0004 - Statement - CONDENSED CONSOLIDATED STATEMENTS OF INCOME (Unaudited)">
      <link:loc xlink:type="locator" xlink:href="http://xbrl.fasb.org/us-gaap/2012/elts/us-gaap-2012-01-31.xsd#us-gaap_GrossProfit" xlink:label="loc_CRVPGrossProfit" />
      <link:loc xlink:type="locator" xlink:href="http://xbrl.fasb.org/us-gaap/2012/elts/us-gaap-2012-01-31.xsd#us-gaap_SalesRevenueGoodsNet" xlink:label="loc_CRVPSalesRevenueGoodsNet" />
      <link:calculationArc order="100" xlink:arcrole="http://www.xbrl.org/2003/arcrole/summation-item" xlink:from="loc_CRVPGrossProfit" xlink:to="loc_CRVPSalesRevenueGoodsNet" xlink:type="arc" weight="1" />
      <link:loc xlink:type="locator" xlink:href="http://xbrl.fasb.org/us-gaap/2012/elts/us-gaap-2012-01-31.xsd#us-gaap_CostOfGoodsSold" xlink:label="loc_CRVPCostOfGoodsSold" />
      <link:calculationArc order="200" xlink:arcrole="http://www.xbrl.org/2003/arcrole/summation-item" xlink:from="loc_CRVPGrossProfit" xlink:to="loc_CRVPCostOfGoodsSold" xlink:type="arc" weight="-1" />
      <link:loc xlink:type="locator" xlink:href="http://xbrl.fasb.org/us-gaap/2012/elts/us-gaap-2012-01-31.xsd#us-gaap_OperatingExpenses" xlink:label="loc_CRVPOperatingExpenses" />
      <link:loc xlink:type="locator" xlink:href="http://xbrl.fasb.org/us-gaap/2012/elts/us-gaap-2012-01-31.xsd#us-gaap_OtherSellingGeneralAndAdministrativeExpense" xlink:label="loc_CRVPOtherSellingGeneralAndAdministrativeExpense" />
      <link:calculationArc order="100" xlink:arcrole="http://www.xbrl.org/2003/arcrole/summation-item" xlink:from="loc_CRVPOperatingExpenses" xlink:to="loc_CRVPOtherSellingGeneralAndAdministrativeExpense" xlink:type="arc" weight="1" />
      <link:loc xlink:type="locator" xlink:href="http://xbrl.fasb.org/us-gaap/2012/elts/us-gaap-2012-01-31.xsd#us-gaap_AdvertisingExpense" xlink:label="loc_CRVPAdvertisingExpense" />
      <link:calculationArc order="200" xlink:arcrole="http://www.xbrl.org/2003/arcrole/summation-item" xlink:from="loc_CRVPOperatingExpenses" xlink:to="loc_CRVPAdvertisingExpense" xlink:type="arc" weight="1" />
      <link:loc xlink:type="locator" xlink:href="http://xbrl.fasb.org/us-gaap/2012/elts/us-gaap-2012-01-31.xsd#us-gaap_AdjustmentForAmortization" xlink:label="loc_CRVPAdjustmentForAmortization" />
      <link:calculationArc order="300" xlink:arcrole="http://www.xbrl.org/2003/arcrole/summation-item" xlink:from="loc_CRVPOperatingExpenses" xlink:to="loc_CRVPAdjustmentForAmortization" xlink:type="arc" weight="1" />
      <link:loc xlink:type="locator" xlink:href="http://xbrl.fasb.org/us-gaap/2012/elts/us-gaap-2012-01-31.xsd#us-gaap_GainLossOnSaleOfPropertyPlantEquipment" xlink:label="loc_CRVPGainLossOnSaleOfPropertyPlantEquipment" />
      <link:calculationArc order="400" xlink:arcrole="http://www.xbrl.org/2003/arcrole/summation-item" xlink:from="loc_CRVPOperatingExpenses" xlink:to="loc_CRVPGainLossOnSaleOfPropertyPlantEquipment" xlink:type="arc" weight="-1" />
      <link:loc xlink:type="locator" xlink:href="http://xbrl.fasb.org/us-gaap/2012/elts/us-gaap-2012-01-31.xsd#us-gaap_GoodwillImpairmentLoss" xlink:label="loc_CRVPGoodwillImpairmentLoss" />
      <link:calculationArc order="500" xlink:arcrole="http://www.xbrl.org/2003/arcrole/summation-item" xlink:from="loc_CRVPOperatingExpenses" xlink:to="loc_CRVPGoodwillImpairmentLoss" xlink:type="arc" weight="1" />
      <link:loc xlink:type="locator" xlink:href="http://xbrl.fasb.org/us-gaap/2012/elts/us-gaap-2012-01-31.xsd#us-gaap_OperatingIncomeLoss" xlink:label="loc_CRVPOperatingIncomeLoss" />
      <link:calculationArc order="100" xlink:arcrole="http://www.xbrl.org/2003/arcrole/summation-item" xlink:from="loc_CRVPOperatingIncomeLoss" xlink:to="loc_CRVPGrossProfit" xlink:type="arc" weight="1" />
      <link:calculationArc order="200" xlink:arcrole="http://www.xbrl.org/2003/arcrole/summation-item" xlink:from="loc_CRVPOperatingIncomeLoss" xlink:to="loc_CRVPOperatingExpenses" xlink:type="arc" weight="-1" />
      <link:loc xlink:type="locator" xlink:href="http://xbrl.fasb.org/us-gaap/2012/elts/us-gaap-2012-01-31.xsd#us-gaap_NonoperatingIncomeExpense" xlink:label="loc_CRVPNonoperatingIncomeExpense" />
      <link:loc xlink:type="locator" xlink:href="http://xbrl.fasb.org/us-gaap/2012/elts/us-gaap-2012-01-31.xsd#us-gaap_InterestExpense" xlink:label="loc_CRVPInterestExpense" />
      <link:calculationArc order="100" xlink:arcrole="http://www.xbrl.org/2003/arcrole/summation-item" xlink:from="loc_CRVPNonoperatingIncomeExpense" xlink:to="loc_CRVPInterestExpense" xlink:type="arc" weight="-1" />
      <link:loc xlink:type="locator" xlink:href="http://xbrl.fasb.org/us-gaap/2012/elts/us-gaap-2012-01-31.xsd#us-gaap_GainLossOnDerivativeInstrumentsNetPretax" xlink:label="loc_CRVPGainLossOnDerivativeInstrumentsNetPretax" />
      <link:calculationArc order="200" xlink:arcrole="http://www.xbrl.org/2003/arcrole/summation-item" xlink:from="loc_CRVPNonoperatingIncomeExpense" xlink:to="loc_CRVPGainLossOnDerivativeInstrumentsNetPretax" xlink:type="arc" weight="1" />
      <link:loc xlink:type="locator" xlink:href="http://xbrl.fasb.org/us-gaap/2012/elts/us-gaap-2012-01-31.xsd#us-gaap_NetIncomeLoss" xlink:label="loc_CRVPNetIncomeLoss" />
      <link:loc xlink:type="locator" xlink:href="http://xbrl.fasb.org/us-gaap/2012/elts/us-gaap-2012-01-31.xsd#us-gaap_IncomeLossFromContinuingOperationsBeforeIncomeTaxesExtraordinaryItemsNoncontrollingInterest" xlink:label="loc_CRVPIncomeLossFromContinuingOperationsBeforeIncomeTaxesExtraordinaryItemsNoncontrollingInterest" />
      <link:calculationArc order="100" xlink:arcrole="http://www.xbrl.org/2003/arcrole/summation-item" xlink:from="loc_CRVPNetIncomeLoss" xlink:to="loc_CRVPIncomeLossFromContinuingOperationsBeforeIncomeTaxesExtraordinaryItemsNoncontrollingInterest" xlink:type="arc" weight="1" />
      <link:loc xlink:type="locator" xlink:href="http://xbrl.fasb.org/us-gaap/2012/elts/us-gaap-2012-01-31.xsd#us-gaap_IncomeTaxExpenseBenefit" xlink:label="loc_CRVPIncomeTaxExpenseBenefit" />
      <link:calculationArc order="200" xlink:arcrole="http://www.xbrl.org/2003/arcrole/summation-item" xlink:from="loc_CRVPNetIncomeLoss" xlink:to="loc_CRVPIncomeTaxExpenseBenefit" xlink:type="arc" weight="-1" />
    </link:calculationLink>
    <link:calculationLink xlink:type="extended" xlink:role="http://crystalrock.com/role/ConsolidatedStatementsOfChangesInStockholdersEquity" xlink:title="0005 - Statement - CONSOLIDATED STATEMENTS OF CHANGES IN STOCKHOLDERS' EQUITY" />
    <link:calculationLink xlink:type="extended" xlink:role="http://crystalrock.com/role/CondensedConsolidatedStatementsOfCashFlows" xlink:title="0006 - Statement - CONDENSED CONSOLIDATED STATEMENTS OF CASH FLOWS (Unaudited)">
      <link:loc xlink:type="locator" xlink:href="http://xbrl.fasb.org/us-gaap/2012/elts/us-gaap-2012-01-31.xsd#us-gaap_NetCashProvidedByUsedInOperatingActivities" xlink:label="loc_CRVPNetCashProvidedByUsedInOperatingActivities" />
      <link:loc xlink:type="locator" xlink:href="http://xbrl.fasb.org/us-gaap/2012/elts/us-gaap-2012-01-31.xsd#us-gaap_NetIncomeLoss" xlink:label="loc_CRVPNetIncomeLoss" />
      <link:calculationArc order="100" xlink:arcrole="http://www.xbrl.org/2003/arcrole/summation-item" xlink:from="loc_CRVPNetCashProvidedByUsedInOperatingActivities" xlink:to="loc_CRVPNetIncomeLoss" xlink:type="arc" weight="1" />
      <link:loc xlink:type="locator" xlink:href="http://xbrl.fasb.org/us-gaap/2012/elts/us-gaap-2012-01-31.xsd#us-gaap_Depreciation" xlink:label="loc_CRVPDepreciation" />
      <link:calculationArc order="200" xlink:arcrole="http://www.xbrl.org/2003/arcrole/summation-item" xlink:from="loc_CRVPNetCashProvidedByUsedInOperatingActivities" xlink:to="loc_CRVPDepreciation" xlink:type="arc" weight="1" />
      <link:loc xlink:type="locator" xlink:href="http://xbrl.fasb.org/us-gaap/2012/elts/us-gaap-2012-01-31.xsd#us-gaap_ProvisionForDoubtfulAccounts" xlink:label="loc_CRVPProvisionForDoubtfulAccounts" />
      <link:calculationArc order="300" xlink:arcrole="http://www.xbrl.org/2003/arcrole/summation-item" xlink:from="loc_CRVPNetCashProvidedByUsedInOperatingActivities" xlink:to="loc_CRVPProvisionForDoubtfulAccounts" xlink:type="arc" weight="1" />
      <link:loc xlink:type="locator" xlink:href="http://xbrl.fasb.org/us-gaap/2012/elts/us-gaap-2012-01-31.xsd#us-gaap_AllowanceForDoubtfulAccountsReceivablePeriodIncreaseDecrease" xlink:label="loc_CRVPAllowanceForDoubtfulAccountsReceivablePeriodIncreaseDecrease" />
      <link:calculationArc order="400" xlink:arcrole="http://www.xbrl.org/2003/arcrole/summation-item" xlink:from="loc_CRVPNetCashProvidedByUsedInOperatingActivities" xlink:to="loc_CRVPAllowanceForDoubtfulAccountsReceivablePeriodIncreaseDecrease" xlink:type="arc" weight="1" />
      <link:loc xlink:type="locator" xlink:href="http://xbrl.fasb.org/us-gaap/2012/elts/us-gaap-2012-01-31.xsd#us-gaap_AdjustmentForAmortization" xlink:label="loc_CRVPAdjustmentForAmortization" />
      <link:calculationArc order="500" xlink:arcrole="http://www.xbrl.org/2003/arcrole/summation-item" xlink:from="loc_CRVPNetCashProvidedByUsedInOperatingActivities" xlink:to="loc_CRVPAdjustmentForAmortization" xlink:type="arc" weight="1" />
      <link:loc xlink:type="locator" xlink:href="http://xbrl.fasb.org/us-gaap/2012/elts/us-gaap-2012-01-31.xsd#us-gaap_GoodwillImpairmentLoss" xlink:label="loc_CRVPGoodwillImpairmentLoss" />
      <link:calculationArc order="600" xlink:arcrole="http://www.xbrl.org/2003/arcrole/summation-item" xlink:from="loc_CRVPNetCashProvidedByUsedInOperatingActivities" xlink:to="loc_CRVPGoodwillImpairmentLoss" xlink:type="arc" weight="1" />
      <link:loc xlink:type="locator" xlink:href="http://xbrl.fasb.org/us-gaap/2012/elts/us-gaap-2012-01-31.xsd#us-gaap_PaidInKindInterest" xlink:label="loc_CRVPPaidInKindInterest" />
      <link:calculationArc order="700" xlink:arcrole="http://www.xbrl.org/2003/arcrole/summation-item" xlink:from="loc_CRVPNetCashProvidedByUsedInOperatingActivities" xlink:to="loc_CRVPPaidInKindInterest" xlink:type="arc" weight="1" />
      <link:loc xlink:type="locator" xlink:href="http://xbrl.fasb.org/us-gaap/2012/elts/us-gaap-2012-01-31.xsd#us-gaap_GainLossOnDerivativeInstrumentsNetPretax" xlink:label="loc_CRVPGainLossOnDerivativeInstrumentsNetPretax" />
      <link:calculationArc order="800" xlink:arcrole="http://www.xbrl.org/2003/arcrole/summation-item" xlink:from="loc_CRVPNetCashProvidedByUsedInOperatingActivities" xlink:to="loc_CRVPGainLossOnDerivativeInstrumentsNetPretax" xlink:type="arc" weight="1" />
      <link:loc xlink:type="locator" xlink:href="http://xbrl.fasb.org/us-gaap/2012/elts/us-gaap-2012-01-31.xsd#us-gaap_GainLossOnSaleOfPropertyPlantEquipment" xlink:label="loc_CRVPGainLossOnSaleOfPropertyPlantEquipment" />
      <link:calculationArc order="900" xlink:arcrole="http://www.xbrl.org/2003/arcrole/summation-item" xlink:from="loc_CRVPNetCashProvidedByUsedInOperatingActivities" xlink:to="loc_CRVPGainLossOnSaleOfPropertyPlantEquipment" xlink:type="arc" weight="-1" />
      <link:loc xlink:type="locator" xlink:href="http://xbrl.fasb.org/us-gaap/2012/elts/us-gaap-2012-01-31.xsd#us-gaap_IncreaseDecreaseInAccountsReceivable" xlink:label="loc_CRVPIncreaseDecreaseInAccountsReceivable" />
      <link:calculationArc order="1000" xlink:arcrole="http://www.xbrl.org/2003/arcrole/summation-item" xlink:from="loc_CRVPNetCashProvidedByUsedInOperatingActivities" xlink:to="loc_CRVPIncreaseDecreaseInAccountsReceivable" xlink:type="arc" weight="1" />
      <link:loc xlink:type="locator" xlink:href="http://xbrl.fasb.org/us-gaap/2012/elts/us-gaap-2012-01-31.xsd#us-gaap_IncreaseDecreaseInInventories" xlink:label="loc_CRVPIncreaseDecreaseInInventories" />
      <link:calculationArc order="1100" xlink:arcrole="http://www.xbrl.org/2003/arcrole/summation-item" xlink:from="loc_CRVPNetCashProvidedByUsedInOperatingActivities" xlink:to="loc_CRVPIncreaseDecreaseInInventories" xlink:type="arc" weight="1" />
      <link:loc xlink:type="locator" xlink:href="http://xbrl.fasb.org/us-gaap/2012/elts/us-gaap-2012-01-31.xsd#us-gaap_IncreaseDecreaseInOtherCurrentAssets" xlink:label="loc_CRVPIncreaseDecreaseInOtherCurrentAssets" />
      <link:calculationArc order="1200" xlink:arcrole="http://www.xbrl.org/2003/arcrole/summation-item" xlink:from="loc_CRVPNetCashProvidedByUsedInOperatingActivities" xlink:to="loc_CRVPIncreaseDecreaseInOtherCurrentAssets" xlink:type="arc" weight="1" />
      <link:loc xlink:type="locator" xlink:href="http://xbrl.fasb.org/us-gaap/2012/elts/us-gaap-2012-01-31.xsd#us-gaap_IncreaseDecreaseInAccountsPayable" xlink:label="loc_CRVPIncreaseDecreaseInAccountsPayable" />
      <link:calculationArc order="1300" xlink:arcrole="http://www.xbrl.org/2003/arcrole/summation-item" xlink:from="loc_CRVPNetCashProvidedByUsedInOperatingActivities" xlink:to="loc_CRVPIncreaseDecreaseInAccountsPayable" xlink:type="arc" weight="1" />
      <link:loc xlink:type="locator" xlink:href="http://xbrl.fasb.org/us-gaap/2012/elts/us-gaap-2012-01-31.xsd#us-gaap_IncreaseDecreaseInAccruedLiabilities" xlink:label="loc_CRVPIncreaseDecreaseInAccruedLiabilities" />
      <link:calculationArc order="1400" xlink:arcrole="http://www.xbrl.org/2003/arcrole/summation-item" xlink:from="loc_CRVPNetCashProvidedByUsedInOperatingActivities" xlink:to="loc_CRVPIncreaseDecreaseInAccruedLiabilities" xlink:type="arc" weight="1" />
      <link:loc xlink:type="locator" xlink:href="http://xbrl.fasb.org/us-gaap/2012/elts/us-gaap-2012-01-31.xsd#us-gaap_IncreaseDecreaseInCustomerDeposits" xlink:label="loc_CRVPIncreaseDecreaseInCustomerDeposits" />
      <link:calculationArc order="1500" xlink:arcrole="http://www.xbrl.org/2003/arcrole/summation-item" xlink:from="loc_CRVPNetCashProvidedByUsedInOperatingActivities" xlink:to="loc_CRVPIncreaseDecreaseInCustomerDeposits" xlink:type="arc" weight="1" />
      <link:loc xlink:type="locator" xlink:href="crvp-20121031.xsd#CRVP_ChangesInDeferredTaxExpense" xlink:label="loc_CRVPChangesInDeferredTaxExpense" />
      <link:calculationArc order="1600" xlink:arcrole="http://www.xbrl.org/2003/arcrole/summation-item" xlink:from="loc_CRVPNetCashProvidedByUsedInOperatingActivities" xlink:to="loc_CRVPChangesInDeferredTaxExpense" xlink:type="arc" weight="1" />
      <link:loc xlink:type="locator" xlink:href="http://xbrl.fasb.org/us-gaap/2012/elts/us-gaap-2012-01-31.xsd#us-gaap_NetCashProvidedByUsedInInvestingActivities" xlink:label="loc_CRVPNetCashProvidedByUsedInInvestingActivities" />
      <link:loc xlink:type="locator" xlink:href="http://xbrl.fasb.org/us-gaap/2012/elts/us-gaap-2012-01-31.xsd#us-gaap_PaymentsToAcquirePropertyPlantAndEquipment" xlink:label="loc_CRVPPaymentsToAcquirePropertyPlantAndEquipment" />
      <link:calculationArc order="100" xlink:arcrole="http://www.xbrl.org/2003/arcrole/summation-item" xlink:from="loc_CRVPNetCashProvidedByUsedInInvestingActivities" xlink:to="loc_CRVPPaymentsToAcquirePropertyPlantAndEquipment" xlink:type="arc" weight="-1" />
      <link:loc xlink:type="locator" xlink:href="http://xbrl.fasb.org/us-gaap/2012/elts/us-gaap-2012-01-31.xsd#us-gaap_ProceedsFromSaleOfPropertyPlantAndEquipment" xlink:label="loc_CRVPProceedsFromSaleOfPropertyPlantAndEquipment" />
      <link:calculationArc order="200" xlink:arcrole="http://www.xbrl.org/2003/arcrole/summation-item" xlink:from="loc_CRVPNetCashProvidedByUsedInInvestingActivities" xlink:to="loc_CRVPProceedsFromSaleOfPropertyPlantAndEquipment" xlink:type="arc" weight="1" />
      <link:loc xlink:type="locator" xlink:href="http://xbrl.fasb.org/us-gaap/2012/elts/us-gaap-2012-01-31.xsd#us-gaap_PaymentsToAcquireBusinessesGross" xlink:label="loc_CRVPPaymentsToAcquireBusinessesGross" />
      <link:calculationArc order="300" xlink:arcrole="http://www.xbrl.org/2003/arcrole/summation-item" xlink:from="loc_CRVPNetCashProvidedByUsedInInvestingActivities" xlink:to="loc_CRVPPaymentsToAcquireBusinessesGross" xlink:type="arc" weight="-1" />
      <link:loc xlink:type="locator" xlink:href="http://xbrl.fasb.org/us-gaap/2012/elts/us-gaap-2012-01-31.xsd#us-gaap_PaymentsToAcquireIntangibleAssets" xlink:label="loc_CRVPPaymentsToAcquireIntangibleAssets" />
      <link:calculationArc order="400" xlink:arcrole="http://www.xbrl.org/2003/arcrole/summation-item" xlink:from="loc_CRVPNetCashProvidedByUsedInInvestingActivities" xlink:to="loc_CRVPPaymentsToAcquireIntangibleAssets" xlink:type="arc" weight="-1" />
      <link:loc xlink:type="locator" xlink:href="http://xbrl.fasb.org/us-gaap/2012/elts/us-gaap-2012-01-31.xsd#us-gaap_NetCashProvidedByUsedInFinancingActivities" xlink:label="loc_CRVPNetCashProvidedByUsedInFinancingActivities" />
      <link:loc xlink:type="locator" xlink:href="http://xbrl.fasb.org/us-gaap/2012/elts/us-gaap-2012-01-31.xsd#us-gaap_RepaymentsOfLongTermDebt" xlink:label="loc_CRVPRepaymentsOfLongTermDebt" />
      <link:calculationArc order="100" xlink:arcrole="http://www.xbrl.org/2003/arcrole/summation-item" xlink:from="loc_CRVPNetCashProvidedByUsedInFinancingActivities" xlink:to="loc_CRVPRepaymentsOfLongTermDebt" xlink:type="arc" weight="-1" />
      <link:loc xlink:type="locator" xlink:href="http://xbrl.fasb.org/us-gaap/2012/elts/us-gaap-2012-01-31.xsd#us-gaap_PaymentsForRepurchaseOfCommonStock" xlink:label="loc_CRVPPaymentsForRepurchaseOfCommonStock" />
      <link:calculationArc order="200" xlink:arcrole="http://www.xbrl.org/2003/arcrole/summation-item" xlink:from="loc_CRVPNetCashProvidedByUsedInFinancingActivities" xlink:to="loc_CRVPPaymentsForRepurchaseOfCommonStock" xlink:type="arc" weight="-1" />
    </link:calculationLink>
    <link:calculationLink xlink:type="extended" xlink:role="http://crystalrock.com/role/BusinessOfCompanyAndBasisOfPresentation" xlink:title="0007 - Disclosure - 1. BUSINESS OF THE COMPANY AND BASIS OF PRESENTATION" />
    <link:calculationLink xlink:type="extended" xlink:role="http://crystalrock.com/role/SignificantAccountingPolicies" xlink:title="0008 - Disclosure - 2. SIGNIFICANT ACCOUNTING POLICIES" />
    <link:calculationLink xlink:type="extended" xlink:role="http://crystalrock.com/role/MergersAndAcquisitions" xlink:title="0009 - Disclosure - 3. MERGERS AND ACQUISITIONS" />
    <link:calculationLink xlink:type="extended" xlink:role="http://crystalrock.com/role/AccountsReceivable" xlink:title="0010 - Disclosure - 4. ACCOUNTS RECEIVABLE" />
    <link:calculationLink xlink:type="extended" xlink:role="http://crystalrock.com/role/Inventories" xlink:title="0011 - Disclosure - 5. INVENTORIES" />
    <link:calculationLink xlink:type="extended" xlink:role="http://crystalrock.com/role/OtherCurrentAssets" xlink:title="0012 - Disclosure - 6. OTHER CURRENT ASSETS" />
    <link:calculationLink xlink:type="extended" xlink:role="http://crystalrock.com/role/PropertyAndEquipmentNet" xlink:title="0013 - Disclosure - 7. PROPERTY AND EQUIPMENT, NET" />
    <link:calculationLink xlink:type="extended" xlink:role="http://crystalrock.com/role/EquipmentRental" xlink:title="0014 - Disclosure - 8. EQUIPMENT RENTAL" />
    <link:calculationLink xlink:type="extended" xlink:role="http://crystalrock.com/role/GoodwillAndOtherIntangibleAssets" xlink:title="0015 - Disclosure - 9. GOODWILL AND OTHER INTANGIBLE ASSETS" />
    <link:calculationLink xlink:type="extended" xlink:role="http://crystalrock.com/role/OtherAssets" xlink:title="0016 - Disclosure - 10. OTHER ASSETS" />
    <link:calculationLink xlink:type="extended" xlink:role="http://crystalrock.com/role/AccruedExpenses" xlink:title="0017 - Disclosure - 11. ACCRUED EXPENSES" />
    <link:calculationLink xlink:type="extended" xlink:role="http://crystalrock.com/role/Debt" xlink:title="0018 - Disclosure - 12. DEBT" />
    <link:calculationLink xlink:type="extended" xlink:role="http://crystalrock.com/role/On-BalanceSheetDerivativeInstrumentsAndHedgingActivities" xlink:title="0019 - Disclosure - 13. ON-BALANCE SHEET DERIVATIVE INSTRUMENTS AND HEDGING ACTIVITIES" />
    <link:calculationLink xlink:type="extended" xlink:role="http://crystalrock.com/role/FairValueOfAssetsAndLiabilities" xlink:title="0020 - Disclosure - 14. FAIR VALUE OF ASSETS AND LIABILITIES" />
    <link:calculationLink xlink:type="extended" xlink:role="http://crystalrock.com/role/CommitmentsAndContingencies" xlink:title="0021 - Disclosure - 15. COMMITMENTS AND CONTINGENCIES" />
    <link:calculationLink xlink:type="extended" xlink:role="http://crystalrock.com/role/StockBasedCompensation" xlink:title="0022 - Disclosure - 16. STOCK BASED COMPENSATION" />
    <link:calculationLink xlink:type="extended" xlink:role="http://crystalrock.com/role/RepurchaseOfCommonStock" xlink:title="0023 - Disclosure - 17. REPURCHASE OF COMMON STOCK" />
    <link:calculationLink xlink:type="extended" xlink:role="http://crystalrock.com/role/IncomeTaxes" xlink:title="0024 - Disclosure - 18. INCOME TAXES" />
    <link:calculationLink xlink:type="extended" xlink:role="http://crystalrock.com/role/NetIncomePerShareAndWeightedAverageShares" xlink:title="0025 - Disclosure - 19. NET INCOME PER SHARE AND WEIGHTED AVERAGE SHARES" />
    <link:calculationLink xlink:type="extended" xlink:role="http://crystalrock.com/role/RetirementPlan" xlink:title="0026 - Disclosure - 20. RETIREMENT PLAN" />
    <link:calculationLink xlink:type="extended" xlink:role="http://crystalrock.com/role/RelatedPartyTransactions" xlink:title="0027 - Disclosure - 21. RELATED PARTY TRANSACTIONS" />
    <link:calculationLink xlink:type="extended" xlink:role="http://crystalrock.com/role/ConcentrationOfCreditRisk" xlink:title="0028 - Disclosure - 22. CONCENTRATION OF CREDIT RISK" />
    <link:calculationLink xlink:type="extended" xlink:role="http://crystalrock.com/role/RecentAccountingPronouncements" xlink:title="0029 - Disclosure - 23. RECENT ACCOUNTING PRONOUNCEMENTS" />
    <link:calculationLink xlink:type="extended" xlink:role="http://crystalrock.com/role/SubsequentEvents" xlink:title="0030 - Disclosure - 24. SUBSEQUENT EVENTS" />
    <link:calculationLink xlink:type="extended" xlink:role="http://crystalrock.com/role/SignificantAccountingPoliciesPolicies" xlink:title="0031 - Disclosure - 2. SIGNIFICANT ACCOUNTING POLICIES (Policies)" />
    <link:calculationLink xlink:type="extended" xlink:role="http://crystalrock.com/role/MergersAndAcquisitionsTables" xlink:title="0032 - Disclosure - 3. MERGERS AND ACQUISITIONS (Tables)" />
    <link:calculationLink xlink:type="extended" xlink:role="http://crystalrock.com/role/AccountsReceivableTables" xlink:title="0033 - Disclosure - 4. ACCOUNTS RECEIVABLE (Tables)" />
    <link:calculationLink xlink:type="extended" xlink:role="http://crystalrock.com/role/InventoriesTables" xlink:title="0034 - Disclosure - 5. INVENTORIES (Tables)" />
    <link:calculationLink xlink:type="extended" xlink:role="http://crystalrock.com/role/OtherCurrentAssetsTables" xlink:title="0035 - Disclosure - 6. OTHER CURRENT ASSETS (Tables)" />
    <link:calculationLink xlink:type="extended" xlink:role="http://crystalrock.com/role/PropertyAndEquipmentNetTables" xlink:title="0036 - Disclosure - 7. PROPERTY AND EQUIPMENT, NET (Tables)" />
    <link:calculationLink xlink:type="extended" xlink:role="http://crystalrock.com/role/EquipmentRentalTables" xlink:title="0037 - Disclosure - 8. EQUIPMENT RENTAL (Tables)" />
    <link:calculationLink xlink:type="extended" xlink:role="http://crystalrock.com/role/GoodwillAndOtherIntangibleAssetsTables" xlink:title="0038 - Disclosure - 9. GOODWILL AND OTHER INTANGIBLE ASSETS (Tables)" />
    <link:calculationLink xlink:type="extended" xlink:role="http://crystalrock.com/role/AccruedExpensesTables" xlink:title="0039 - Disclosure - 11. ACCRUED EXPENSES (Tables)" />
    <link:calculationLink xlink:type="extended" xlink:role="http://crystalrock.com/role/DebtTables" xlink:title="0040 - Disclosure - 12. DEBT (Tables)" />
    <link:calculationLink xlink:type="extended" xlink:role="http://crystalrock.com/role/On-BalanceSheetDerivativeInstrumentsAndHedgingActivitiesTables" xlink:title="0041 - Disclosure - 13. ON-BALANCE SHEET DERIVATIVE INSTRUMENTS AND HEDGING ACTIVITIES (Tables)" />
    <link:calculationLink xlink:type="extended" xlink:role="http://crystalrock.com/role/FairValueOfAssetsAndLiabilitiesTables" xlink:title="0042 - Disclosure - 14. FAIR VALUE OF ASSETS AND LIABILITIES (Tables)" />
    <link:calculationLink xlink:type="extended" xlink:role="http://crystalrock.com/role/CommitmentsAndContingenciesTables" xlink:title="0043 - Disclosure - 15. COMMITMENTS AND CONTINGENCIES (Tables)" />
    <link:calculationLink xlink:type="extended" xlink:role="http://crystalrock.com/role/StockBasedCompensationTables" xlink:title="0044 - Disclosure - 16. STOCK BASED COMPENSATION (Tables)" />
    <link:calculationLink xlink:type="extended" xlink:role="http://crystalrock.com/role/IncomeTaxesTables" xlink:title="0045 - Disclosure - 18. INCOME TAXES (Tables)" />
    <link:calculationLink xlink:type="extended" xlink:role="http://crystalrock.com/role/NetIncomePerShareAndWeightedAverageSharesTables" xlink:title="0046 - Disclosure - 19. NET INCOME PER SHARE AND WEIGHTED AVERAGE SHARES (Tables)" />
    <link:calculationLink xlink:type="extended" xlink:role="http://crystalrock.com/role/RelatedPartyTransactionsTables" xlink:title="0047 - Disclosure - 21. RELATED PARTY TRANSACTIONS (Tables)" />
    <link:calculationLink xlink:type="extended" xlink:role="http://crystalrock.com/role/SignificantAccountingPoliciesDetailsNarrative" xlink:title="0048 - Disclosure - 2. SIGNIFICANT ACCOUNTING POLICIES (Details Narrative)" />
    <link:calculationLink xlink:type="extended" xlink:role="http://crystalrock.com/role/MergersAndAcquisitionsDetails" xlink:title="0049 - Disclosure - 3. MERGERS AND ACQUISITIONS (Details)" />
    <link:calculationLink xlink:type="extended" xlink:role="http://crystalrock.com/role/MergersAndAcquisitionsDetails1" xlink:title="0050 - Disclosure - 3. MERGERS AND ACQUISITIONS (Details 1)" />
    <link:calculationLink xlink:type="extended" xlink:role="http://crystalrock.com/role/MergersAndAcquisitionsDetails2" xlink:title="0051 - Disclosure - 3. MERGERS AND ACQUISITIONS (Details 2)" />
    <link:calculationLink xlink:type="extended" xlink:role="http://crystalrock.com/role/AccountsReceivableDetails" xlink:title="0052 - Disclosure - 4. ACCOUNTS RECEIVABLE (Details)" />
    <link:calculationLink xlink:type="extended" xlink:role="http://crystalrock.com/role/InventoriesDetails" xlink:title="0053 - Disclosure - 5. INVENTORIES (Details)" />
    <link:calculationLink xlink:type="extended" xlink:role="http://crystalrock.com/role/OtherCurrentAssetsDetails" xlink:title="0054 - Disclosure - 6. OTHER CURRENT ASSETS (Details)" />
    <link:calculationLink xlink:type="extended" xlink:role="http://crystalrock.com/role/PropertyAndEquipmentNetDetails" xlink:title="0055 - Disclosure - 7. PROPERTY AND EQUIPMENT, NET (Details)" />
    <link:calculationLink xlink:type="extended" xlink:role="http://crystalrock.com/role/EquipmentRentalDetails" xlink:title="0056 - Disclosure - 8. EQUIPMENT RENTAL (Details)" />
    <link:calculationLink xlink:type="extended" xlink:role="http://crystalrock.com/role/GoodwillAndOtherIntangibleAssetsDetails" xlink:title="0057 - Disclosure - 9. GOODWILL AND OTHER INTANGIBLE ASSETS (Details)" />
    <link:calculationLink xlink:type="extended" xlink:role="http://crystalrock.com/role/GoodwillAndOtherIntangibleAssetsDetails2" xlink:title="0058 - Disclosure - 9. GOODWILL AND OTHER INTANGIBLE ASSETS (Details 2)" />
    <link:calculationLink xlink:type="extended" xlink:role="http://crystalrock.com/role/GoodwillAndOtherIntangibleAssetsDetailsNarrative" xlink:title="0059 - Disclosure - 9. GOODWILL AND OTHER INTANGIBLE ASSETS (Details Narrative)" />
    <link:calculationLink xlink:type="extended" xlink:role="http://crystalrock.com/role/AccruedExpensesDetails" xlink:title="0060 - Disclosure - 11. ACCRUED EXPENSES (Details)" />
    <link:calculationLink xlink:type="extended" xlink:role="http://crystalrock.com/role/DebtDetails" xlink:title="0061 - Disclosure - 12. DEBT (Details)" />
    <link:calculationLink xlink:type="extended" xlink:role="http://crystalrock.com/role/On-BalanceSheetDerivativeInstrumentsAndHedgingActivitiesDetails" xlink:title="0062 - Disclosure - 13. ON-BALANCE SHEET DERIVATIVE INSTRUMENTS AND HEDGING ACTIVITIES (Details)" />
    <link:calculationLink xlink:type="extended" xlink:role="http://crystalrock.com/role/FairValueOfAssetsAndLiabilitiesDetails" xlink:title="0063 - Disclosure - 14. FAIR VALUE OF ASSETS AND LIABILITIES (Details)" />
    <link:calculationLink xlink:type="extended" xlink:role="http://crystalrock.com/role/CommitmentsAndContingenciesDetails" xlink:title="0064 - Disclosure - 15. COMMITMENTS AND CONTINGENCIES (Details)" />
    <link:calculationLink xlink:type="extended" xlink:role="http://crystalrock.com/role/StockBasedCompensationDetails" xlink:title="0065 - Disclosure - 16. STOCK BASED COMPENSATION (Details)" />
    <link:calculationLink xlink:type="extended" xlink:role="http://crystalrock.com/role/IncomeTaxesDetails" xlink:title="0066 - Disclosure - 18. INCOME TAXES (Details)" />
    <link:calculationLink xlink:type="extended" xlink:role="http://crystalrock.com/role/IncomeTaxesDetails1" xlink:title="0067 - Disclosure - 18. INCOME TAXES (Details 1)" />
    <link:calculationLink xlink:type="extended" xlink:role="http://crystalrock.com/role/IncomeTaxesDetails2" xlink:title="0068 - Disclosure - 18. INCOME TAXES (Details 2)" />
    <link:calculationLink xlink:type="extended" xlink:role="http://crystalrock.com/role/IncomeTaxesDetails3" xlink:title="0069 - Disclosure - 18. INCOME TAXES (Details 3)" />
    <link:calculationLink xlink:type="extended" xlink:role="http://crystalrock.com/role/NetIncomePerShareAndWeightedAverageSharesDetails" xlink:title="0070 - Disclosure - 19. NET INCOME PER SHARE AND WEIGHTED AVERAGE SHARES (Details)" />
    <link:calculationLink xlink:type="extended" xlink:role="http://crystalrock.com/role/RelatedPartyTransactionsDetails" xlink:title="0071 - Disclosure - 21. RELATED PARTY TRANSACTIONS (Details)" />
</link:linkbase>
