<?xml version="1.0" encoding="US-ASCII" standalone="no"?>
    <!-- QXInteractive -->
<link:linkbase xmlns:xsi="http://www.w3.org/2001/XMLSchema-instance" xmlns:xlink="http://www.w3.org/1999/xlink" xmlns:link="http://www.xbrl.org/2003/linkbase" xmlns:xbrldt="http://xbrl.org/2005/xbrldt" xmlns:xbrli="http://www.xbrl.org/2003/instance" xsi:schemaLocation="http://www.xbrl.org/2003/linkbase http://www.xbrl.org/2003/xbrl-linkbase-2003-12-31.xsd">
    <link:roleRef roleURI="http://crystalrock.com/role/DocumentAndEntityInformation" xlink:href="crvp-20121031.xsd#DocumentAndEntityInformation" xlink:type="simple" />
    <link:roleRef roleURI="http://crystalrock.com/role/CondensedConsolidatedBalanceSheets" xlink:href="crvp-20121031.xsd#CondensedConsolidatedBalanceSheets" xlink:type="simple" />
    <link:roleRef roleURI="http://crystalrock.com/role/CondensedConsolidatedBalanceSheetsParenthetical" xlink:href="crvp-20121031.xsd#CondensedConsolidatedBalanceSheetsParenthetical" xlink:type="simple" />
    <link:roleRef roleURI="http://crystalrock.com/role/CondensedConsolidatedStatementsOfIncome" xlink:href="crvp-20121031.xsd#CondensedConsolidatedStatementsOfIncome" xlink:type="simple" />
    <link:roleRef roleURI="http://crystalrock.com/role/ConsolidatedStatementsOfChangesInStockholdersEquity" xlink:href="crvp-20121031.xsd#ConsolidatedStatementsOfChangesInStockholdersEquity" xlink:type="simple" />
    <link:roleRef roleURI="http://crystalrock.com/role/CondensedConsolidatedStatementsOfCashFlows" xlink:href="crvp-20121031.xsd#CondensedConsolidatedStatementsOfCashFlows" xlink:type="simple" />
    <link:roleRef roleURI="http://crystalrock.com/role/BusinessOfCompanyAndBasisOfPresentation" xlink:href="crvp-20121031.xsd#BusinessOfCompanyAndBasisOfPresentation" xlink:type="simple" />
    <link:roleRef roleURI="http://crystalrock.com/role/SignificantAccountingPolicies" xlink:href="crvp-20121031.xsd#SignificantAccountingPolicies" xlink:type="simple" />
    <link:roleRef roleURI="http://crystalrock.com/role/MergersAndAcquisitions" xlink:href="crvp-20121031.xsd#MergersAndAcquisitions" xlink:type="simple" />
    <link:roleRef roleURI="http://crystalrock.com/role/AccountsReceivable" xlink:href="crvp-20121031.xsd#AccountsReceivable" xlink:type="simple" />
    <link:roleRef roleURI="http://crystalrock.com/role/Inventories" xlink:href="crvp-20121031.xsd#Inventories" xlink:type="simple" />
    <link:roleRef roleURI="http://crystalrock.com/role/OtherCurrentAssets" xlink:href="crvp-20121031.xsd#OtherCurrentAssets" xlink:type="simple" />
    <link:roleRef roleURI="http://crystalrock.com/role/PropertyAndEquipmentNet" xlink:href="crvp-20121031.xsd#PropertyAndEquipmentNet" xlink:type="simple" />
    <link:roleRef roleURI="http://crystalrock.com/role/EquipmentRental" xlink:href="crvp-20121031.xsd#EquipmentRental" xlink:type="simple" />
    <link:roleRef roleURI="http://crystalrock.com/role/GoodwillAndOtherIntangibleAssets" xlink:href="crvp-20121031.xsd#GoodwillAndOtherIntangibleAssets" xlink:type="simple" />
    <link:roleRef roleURI="http://crystalrock.com/role/OtherAssets" xlink:href="crvp-20121031.xsd#OtherAssets" xlink:type="simple" />
    <link:roleRef roleURI="http://crystalrock.com/role/AccruedExpenses" xlink:href="crvp-20121031.xsd#AccruedExpenses" xlink:type="simple" />
    <link:roleRef roleURI="http://crystalrock.com/role/Debt" xlink:href="crvp-20121031.xsd#Debt" xlink:type="simple" />
    <link:roleRef roleURI="http://crystalrock.com/role/On-BalanceSheetDerivativeInstrumentsAndHedgingActivities" xlink:href="crvp-20121031.xsd#On-BalanceSheetDerivativeInstrumentsAndHedgingActivities" xlink:type="simple" />
    <link:roleRef roleURI="http://crystalrock.com/role/FairValueOfAssetsAndLiabilities" xlink:href="crvp-20121031.xsd#FairValueOfAssetsAndLiabilities" xlink:type="simple" />
    <link:roleRef roleURI="http://crystalrock.com/role/CommitmentsAndContingencies" xlink:href="crvp-20121031.xsd#CommitmentsAndContingencies" xlink:type="simple" />
    <link:roleRef roleURI="http://crystalrock.com/role/StockBasedCompensation" xlink:href="crvp-20121031.xsd#StockBasedCompensation" xlink:type="simple" />
    <link:roleRef roleURI="http://crystalrock.com/role/RepurchaseOfCommonStock" xlink:href="crvp-20121031.xsd#RepurchaseOfCommonStock" xlink:type="simple" />
    <link:roleRef roleURI="http://crystalrock.com/role/IncomeTaxes" xlink:href="crvp-20121031.xsd#IncomeTaxes" xlink:type="simple" />
    <link:roleRef roleURI="http://crystalrock.com/role/NetIncomePerShareAndWeightedAverageShares" xlink:href="crvp-20121031.xsd#NetIncomePerShareAndWeightedAverageShares" xlink:type="simple" />
    <link:roleRef roleURI="http://crystalrock.com/role/RetirementPlan" xlink:href="crvp-20121031.xsd#RetirementPlan" xlink:type="simple" />
    <link:roleRef roleURI="http://crystalrock.com/role/RelatedPartyTransactions" xlink:href="crvp-20121031.xsd#RelatedPartyTransactions" xlink:type="simple" />
    <link:roleRef roleURI="http://crystalrock.com/role/ConcentrationOfCreditRisk" xlink:href="crvp-20121031.xsd#ConcentrationOfCreditRisk" xlink:type="simple" />
    <link:roleRef roleURI="http://crystalrock.com/role/RecentAccountingPronouncements" xlink:href="crvp-20121031.xsd#RecentAccountingPronouncements" xlink:type="simple" />
    <link:roleRef roleURI="http://crystalrock.com/role/SubsequentEvents" xlink:href="crvp-20121031.xsd#SubsequentEvents" xlink:type="simple" />
    <link:roleRef roleURI="http://crystalrock.com/role/SignificantAccountingPoliciesPolicies" xlink:href="crvp-20121031.xsd#SignificantAccountingPoliciesPolicies" xlink:type="simple" />
    <link:roleRef roleURI="http://crystalrock.com/role/MergersAndAcquisitionsTables" xlink:href="crvp-20121031.xsd#MergersAndAcquisitionsTables" xlink:type="simple" />
    <link:roleRef roleURI="http://crystalrock.com/role/AccountsReceivableTables" xlink:href="crvp-20121031.xsd#AccountsReceivableTables" xlink:type="simple" />
    <link:roleRef roleURI="http://crystalrock.com/role/InventoriesTables" xlink:href="crvp-20121031.xsd#InventoriesTables" xlink:type="simple" />
    <link:roleRef roleURI="http://crystalrock.com/role/OtherCurrentAssetsTables" xlink:href="crvp-20121031.xsd#OtherCurrentAssetsTables" xlink:type="simple" />
    <link:roleRef roleURI="http://crystalrock.com/role/PropertyAndEquipmentNetTables" xlink:href="crvp-20121031.xsd#PropertyAndEquipmentNetTables" xlink:type="simple" />
    <link:roleRef roleURI="http://crystalrock.com/role/EquipmentRentalTables" xlink:href="crvp-20121031.xsd#EquipmentRentalTables" xlink:type="simple" />
    <link:roleRef roleURI="http://crystalrock.com/role/GoodwillAndOtherIntangibleAssetsTables" xlink:href="crvp-20121031.xsd#GoodwillAndOtherIntangibleAssetsTables" xlink:type="simple" />
    <link:roleRef roleURI="http://crystalrock.com/role/AccruedExpensesTables" xlink:href="crvp-20121031.xsd#AccruedExpensesTables" xlink:type="simple" />
    <link:roleRef roleURI="http://crystalrock.com/role/DebtTables" xlink:href="crvp-20121031.xsd#DebtTables" xlink:type="simple" />
    <link:roleRef roleURI="http://crystalrock.com/role/On-BalanceSheetDerivativeInstrumentsAndHedgingActivitiesTables" xlink:href="crvp-20121031.xsd#On-BalanceSheetDerivativeInstrumentsAndHedgingActivitiesTables" xlink:type="simple" />
    <link:roleRef roleURI="http://crystalrock.com/role/FairValueOfAssetsAndLiabilitiesTables" xlink:href="crvp-20121031.xsd#FairValueOfAssetsAndLiabilitiesTables" xlink:type="simple" />
    <link:roleRef roleURI="http://crystalrock.com/role/CommitmentsAndContingenciesTables" xlink:href="crvp-20121031.xsd#CommitmentsAndContingenciesTables" xlink:type="simple" />
    <link:roleRef roleURI="http://crystalrock.com/role/StockBasedCompensationTables" xlink:href="crvp-20121031.xsd#StockBasedCompensationTables" xlink:type="simple" />
    <link:roleRef roleURI="http://crystalrock.com/role/IncomeTaxesTables" xlink:href="crvp-20121031.xsd#IncomeTaxesTables" xlink:type="simple" />
    <link:roleRef roleURI="http://crystalrock.com/role/NetIncomePerShareAndWeightedAverageSharesTables" xlink:href="crvp-20121031.xsd#NetIncomePerShareAndWeightedAverageSharesTables" xlink:type="simple" />
    <link:roleRef roleURI="http://crystalrock.com/role/RelatedPartyTransactionsTables" xlink:href="crvp-20121031.xsd#RelatedPartyTransactionsTables" xlink:type="simple" />
    <link:roleRef roleURI="http://crystalrock.com/role/SignificantAccountingPoliciesDetailsNarrative" xlink:href="crvp-20121031.xsd#SignificantAccountingPoliciesDetailsNarrative" xlink:type="simple" />
    <link:roleRef roleURI="http://crystalrock.com/role/MergersAndAcquisitionsDetails" xlink:href="crvp-20121031.xsd#MergersAndAcquisitionsDetails" xlink:type="simple" />
    <link:roleRef roleURI="http://crystalrock.com/role/MergersAndAcquisitionsDetails1" xlink:href="crvp-20121031.xsd#MergersAndAcquisitionsDetails1" xlink:type="simple" />
    <link:roleRef roleURI="http://crystalrock.com/role/MergersAndAcquisitionsDetails2" xlink:href="crvp-20121031.xsd#MergersAndAcquisitionsDetails2" xlink:type="simple" />
    <link:roleRef roleURI="http://crystalrock.com/role/AccountsReceivableDetails" xlink:href="crvp-20121031.xsd#AccountsReceivableDetails" xlink:type="simple" />
    <link:roleRef roleURI="http://crystalrock.com/role/InventoriesDetails" xlink:href="crvp-20121031.xsd#InventoriesDetails" xlink:type="simple" />
    <link:roleRef roleURI="http://crystalrock.com/role/OtherCurrentAssetsDetails" xlink:href="crvp-20121031.xsd#OtherCurrentAssetsDetails" xlink:type="simple" />
    <link:roleRef roleURI="http://crystalrock.com/role/PropertyAndEquipmentNetDetails" xlink:href="crvp-20121031.xsd#PropertyAndEquipmentNetDetails" xlink:type="simple" />
    <link:roleRef roleURI="http://crystalrock.com/role/EquipmentRentalDetails" xlink:href="crvp-20121031.xsd#EquipmentRentalDetails" xlink:type="simple" />
    <link:roleRef roleURI="http://crystalrock.com/role/GoodwillAndOtherIntangibleAssetsDetails" xlink:href="crvp-20121031.xsd#GoodwillAndOtherIntangibleAssetsDetails" xlink:type="simple" />
    <link:roleRef roleURI="http://crystalrock.com/role/GoodwillAndOtherIntangibleAssetsDetails2" xlink:href="crvp-20121031.xsd#GoodwillAndOtherIntangibleAssetsDetails2" xlink:type="simple" />
    <link:roleRef roleURI="http://crystalrock.com/role/GoodwillAndOtherIntangibleAssetsDetailsNarrative" xlink:href="crvp-20121031.xsd#GoodwillAndOtherIntangibleAssetsDetailsNarrative" xlink:type="simple" />
    <link:roleRef roleURI="http://crystalrock.com/role/AccruedExpensesDetails" xlink:href="crvp-20121031.xsd#AccruedExpensesDetails" xlink:type="simple" />
    <link:roleRef roleURI="http://crystalrock.com/role/DebtDetails" xlink:href="crvp-20121031.xsd#DebtDetails" xlink:type="simple" />
    <link:roleRef roleURI="http://crystalrock.com/role/On-BalanceSheetDerivativeInstrumentsAndHedgingActivitiesDetails" xlink:href="crvp-20121031.xsd#On-BalanceSheetDerivativeInstrumentsAndHedgingActivitiesDetails" xlink:type="simple" />
    <link:roleRef roleURI="http://crystalrock.com/role/FairValueOfAssetsAndLiabilitiesDetails" xlink:href="crvp-20121031.xsd#FairValueOfAssetsAndLiabilitiesDetails" xlink:type="simple" />
    <link:roleRef roleURI="http://crystalrock.com/role/CommitmentsAndContingenciesDetails" xlink:href="crvp-20121031.xsd#CommitmentsAndContingenciesDetails" xlink:type="simple" />
    <link:roleRef roleURI="http://crystalrock.com/role/StockBasedCompensationDetails" xlink:href="crvp-20121031.xsd#StockBasedCompensationDetails" xlink:type="simple" />
    <link:roleRef roleURI="http://crystalrock.com/role/IncomeTaxesDetails" xlink:href="crvp-20121031.xsd#IncomeTaxesDetails" xlink:type="simple" />
    <link:roleRef roleURI="http://crystalrock.com/role/IncomeTaxesDetails1" xlink:href="crvp-20121031.xsd#IncomeTaxesDetails1" xlink:type="simple" />
    <link:roleRef roleURI="http://crystalrock.com/role/IncomeTaxesDetails2" xlink:href="crvp-20121031.xsd#IncomeTaxesDetails2" xlink:type="simple" />
    <link:roleRef roleURI="http://crystalrock.com/role/IncomeTaxesDetails3" xlink:href="crvp-20121031.xsd#IncomeTaxesDetails3" xlink:type="simple" />
    <link:roleRef roleURI="http://crystalrock.com/role/NetIncomePerShareAndWeightedAverageSharesDetails" xlink:href="crvp-20121031.xsd#NetIncomePerShareAndWeightedAverageSharesDetails" xlink:type="simple" />
    <link:roleRef roleURI="http://crystalrock.com/role/RelatedPartyTransactionsDetails" xlink:href="crvp-20121031.xsd#RelatedPartyTransactionsDetails" xlink:type="simple" />
    <link:arcroleRef xlink:type="simple" xlink:href="http://www.xbrl.org/2005/xbrldt-2005.xsd#hypercube-dimension" arcroleURI="http://xbrl.org/int/dim/arcrole/hypercube-dimension" />
    <link:arcroleRef xlink:type="simple" xlink:href="http://www.xbrl.org/2005/xbrldt-2005.xsd#dimension-domain" arcroleURI="http://xbrl.org/int/dim/arcrole/dimension-domain" />
    <link:arcroleRef xlink:type="simple" xlink:href="http://www.xbrl.org/2005/xbrldt-2005.xsd#domain-member" arcroleURI="http://xbrl.org/int/dim/arcrole/domain-member" />
    <link:arcroleRef xlink:type="simple" xlink:href="http://www.xbrl.org/2005/xbrldt-2005.xsd#all" arcroleURI="http://xbrl.org/int/dim/arcrole/all" />
    <link:arcroleRef xlink:type="simple" xlink:href="http://www.xbrl.org/2005/xbrldt-2005.xsd#notAll" arcroleURI="http://xbrl.org/int/dim/arcrole/notAll" />
    <link:arcroleRef xlink:type="simple" xlink:href="http://www.xbrl.org/2005/xbrldt-2005.xsd#dimension-default" arcroleURI="http://xbrl.org/int/dim/arcrole/dimension-default" />
    <link:definitionLink xlink:type="extended" xlink:role="http://crystalrock.com/role/DocumentAndEntityInformation" xlink:title="0001 - Document - Document and Entity Information" />
    <link:definitionLink xlink:type="extended" xlink:role="http://crystalrock.com/role/CondensedConsolidatedBalanceSheets" xlink:title="0002 - Statement - CONDENSED CONSOLIDATED BALANCE SHEETS (Unaudited)">
      <link:loc xlink:type="locator" xlink:href="http://xbrl.fasb.org/us-gaap/2012/elts/us-gaap-2012-01-31.xsd#us-gaap_StatementLineItems" xlink:label="loc_CRVPStatementLineItems" />
      <link:loc xlink:type="locator" xlink:href="http://xbrl.fasb.org/us-gaap/2012/elts/us-gaap-2012-01-31.xsd#us-gaap_StatementTable" xlink:label="loc_CRVPStatementTable" />
      <link:definitionArc xlink:arcrole="http://xbrl.org/int/dim/arcrole/all" xbrldt:contextElement="segment" xlink:from="loc_CRVPStatementLineItems" xlink:to="loc_CRVPStatementTable" xlink:type="arc" order="10" xbrldt:closed="true" />
      <link:loc xlink:type="locator" xlink:href="http://xbrl.fasb.org/us-gaap/2012/elts/us-gaap-2012-01-31.xsd#us-gaap_StatementScenarioAxis" xlink:label="loc_CRVPStatementScenarioAxis" />
      <link:definitionArc xlink:arcrole="http://xbrl.org/int/dim/arcrole/hypercube-dimension" xlink:from="loc_CRVPStatementTable" xlink:to="loc_CRVPStatementScenarioAxis" xlink:type="arc" order="20" />
      <link:loc xlink:type="locator" xlink:href="http://xbrl.fasb.org/us-gaap/2012/elts/us-gaap-2012-01-31.xsd#us-gaap_ScenarioUnspecifiedDomain" xlink:label="loc_CRVPScenarioUnspecifiedDomain" />
      <link:definitionArc xlink:arcrole="http://xbrl.org/int/dim/arcrole/dimension-domain" xlink:from="loc_CRVPStatementScenarioAxis" xlink:to="loc_CRVPScenarioUnspecifiedDomain" xlink:type="arc" order="20" />
      <link:loc xlink:type="locator" xlink:href="http://xbrl.fasb.org/us-gaap/2012/elts/us-gaap-2012-01-31.xsd#us-gaap_ScenarioUnspecifiedDomain" xlink:label="loc_CRVPScenarioUnspecifiedDomain_10" />
      <link:definitionArc xlink:arcrole="http://xbrl.org/int/dim/arcrole/dimension-default" xbrldt:contextElement="segment" xlink:from="loc_CRVPStatementScenarioAxis" xlink:to="loc_CRVPScenarioUnspecifiedDomain_10" xlink:type="arc" order="30" />
      <link:loc xlink:type="locator" xlink:href="http://xbrl.fasb.org/us-gaap/2012/elts/us-gaap-2012-01-31.xsd#us-gaap_AssetsAbstract" xlink:label="loc_CRVPAssetsAbstract_30" />
      <link:definitionArc xlink:arcrole="http://xbrl.org/int/dim/arcrole/domain-member" xlink:from="loc_CRVPStatementLineItems" xlink:to="loc_CRVPAssetsAbstract_30" xlink:type="arc" order="0" />
      <link:loc xlink:type="locator" xlink:href="http://xbrl.fasb.org/us-gaap/2012/elts/us-gaap-2012-01-31.xsd#us-gaap_CashAndCashEquivalentsAtCarryingValue" xlink:label="loc_CRVPCashAndCashEquivalentsAtCarryingValue_30" />
      <link:definitionArc xlink:arcrole="http://xbrl.org/int/dim/arcrole/domain-member" xlink:from="loc_CRVPAssetsAbstract_30" xlink:to="loc_CRVPCashAndCashEquivalentsAtCarryingValue_30" xlink:type="arc" order="3" />
      <link:loc xlink:type="locator" xlink:href="http://xbrl.fasb.org/us-gaap/2012/elts/us-gaap-2012-01-31.xsd#us-gaap_AccountsReceivableNetCurrent" xlink:label="loc_CRVPAccountsReceivableNetCurrent_30" />
      <link:definitionArc xlink:arcrole="http://xbrl.org/int/dim/arcrole/domain-member" xlink:from="loc_CRVPAssetsAbstract_30" xlink:to="loc_CRVPAccountsReceivableNetCurrent_30" xlink:type="arc" order="4" />
      <link:loc xlink:type="locator" xlink:href="http://xbrl.fasb.org/us-gaap/2012/elts/us-gaap-2012-01-31.xsd#us-gaap_InventoryNet" xlink:label="loc_CRVPInventoryNet_30" />
      <link:definitionArc xlink:arcrole="http://xbrl.org/int/dim/arcrole/domain-member" xlink:from="loc_CRVPAssetsAbstract_30" xlink:to="loc_CRVPInventoryNet_30" xlink:type="arc" order="5" />
      <link:loc xlink:type="locator" xlink:href="http://xbrl.fasb.org/us-gaap/2012/elts/us-gaap-2012-01-31.xsd#us-gaap_DeferredTaxAssetsNetCurrent" xlink:label="loc_CRVPDeferredTaxAssetsNetCurrent_30" />
      <link:definitionArc xlink:arcrole="http://xbrl.org/int/dim/arcrole/domain-member" xlink:from="loc_CRVPAssetsAbstract_30" xlink:to="loc_CRVPDeferredTaxAssetsNetCurrent_30" xlink:type="arc" order="6" />
      <link:loc xlink:type="locator" xlink:href="http://xbrl.fasb.org/us-gaap/2012/elts/us-gaap-2012-01-31.xsd#us-gaap_OtherAssetsCurrent" xlink:label="loc_CRVPOtherAssetsCurrent_30" />
      <link:definitionArc xlink:arcrole="http://xbrl.org/int/dim/arcrole/domain-member" xlink:from="loc_CRVPAssetsAbstract_30" xlink:to="loc_CRVPOtherAssetsCurrent_30" xlink:type="arc" order="7" />
      <link:loc xlink:type="locator" xlink:href="http://xbrl.fasb.org/us-gaap/2012/elts/us-gaap-2012-01-31.xsd#us-gaap_AssetsCurrent" xlink:label="loc_CRVPAssetsCurrent_30" />
      <link:definitionArc xlink:arcrole="http://xbrl.org/int/dim/arcrole/domain-member" xlink:from="loc_CRVPAssetsAbstract_30" xlink:to="loc_CRVPAssetsCurrent_30" xlink:type="arc" order="9" />
      <link:loc xlink:type="locator" xlink:href="http://xbrl.fasb.org/us-gaap/2012/elts/us-gaap-2012-01-31.xsd#us-gaap_PropertyPlantAndEquipmentNet" xlink:label="loc_CRVPPropertyPlantAndEquipmentNet_30" />
      <link:definitionArc xlink:arcrole="http://xbrl.org/int/dim/arcrole/domain-member" xlink:from="loc_CRVPAssetsAbstract_30" xlink:to="loc_CRVPPropertyPlantAndEquipmentNet_30" xlink:type="arc" order="11" />
      <link:loc xlink:type="locator" xlink:href="http://xbrl.fasb.org/us-gaap/2012/elts/us-gaap-2012-01-31.xsd#us-gaap_OtherAssetsNoncurrentAbstract" xlink:label="loc_CRVPOtherAssetsNoncurrentAbstract_30" />
      <link:definitionArc xlink:arcrole="http://xbrl.org/int/dim/arcrole/domain-member" xlink:from="loc_CRVPAssetsAbstract_30" xlink:to="loc_CRVPOtherAssetsNoncurrentAbstract_30" xlink:type="arc" order="13" />
      <link:loc xlink:type="locator" xlink:href="http://xbrl.fasb.org/us-gaap/2012/elts/us-gaap-2012-01-31.xsd#us-gaap_Goodwill" xlink:label="loc_CRVPGoodwill_30" />
      <link:definitionArc xlink:arcrole="http://xbrl.org/int/dim/arcrole/domain-member" xlink:from="loc_CRVPOtherAssetsNoncurrentAbstract_30" xlink:to="loc_CRVPGoodwill_30" xlink:type="arc" order="14" />
      <link:loc xlink:type="locator" xlink:href="http://xbrl.fasb.org/us-gaap/2012/elts/us-gaap-2012-01-31.xsd#us-gaap_IntangibleAssetsNetExcludingGoodwill" xlink:label="loc_CRVPIntangibleAssetsNetExcludingGoodwill_30" />
      <link:definitionArc xlink:arcrole="http://xbrl.org/int/dim/arcrole/domain-member" xlink:from="loc_CRVPOtherAssetsNoncurrentAbstract_30" xlink:to="loc_CRVPIntangibleAssetsNetExcludingGoodwill_30" xlink:type="arc" order="15" />
      <link:loc xlink:type="locator" xlink:href="http://xbrl.fasb.org/us-gaap/2012/elts/us-gaap-2012-01-31.xsd#us-gaap_OtherAssetsMiscellaneousNoncurrent" xlink:label="loc_CRVPOtherAssetsMiscellaneousNoncurrent_30" />
      <link:definitionArc xlink:arcrole="http://xbrl.org/int/dim/arcrole/domain-member" xlink:from="loc_CRVPOtherAssetsNoncurrentAbstract_30" xlink:to="loc_CRVPOtherAssetsMiscellaneousNoncurrent_30" xlink:type="arc" order="16" />
      <link:loc xlink:type="locator" xlink:href="http://xbrl.fasb.org/us-gaap/2012/elts/us-gaap-2012-01-31.xsd#us-gaap_OtherAssetsNoncurrent" xlink:label="loc_CRVPOtherAssetsNoncurrent_30" />
      <link:definitionArc xlink:arcrole="http://xbrl.org/int/dim/arcrole/domain-member" xlink:from="loc_CRVPOtherAssetsNoncurrentAbstract_30" xlink:to="loc_CRVPOtherAssetsNoncurrent_30" xlink:type="arc" order="18" />
      <link:loc xlink:type="locator" xlink:href="http://xbrl.fasb.org/us-gaap/2012/elts/us-gaap-2012-01-31.xsd#us-gaap_Assets" xlink:label="loc_CRVPAssets_30" />
      <link:definitionArc xlink:arcrole="http://xbrl.org/int/dim/arcrole/domain-member" xlink:from="loc_CRVPOtherAssetsNoncurrentAbstract_30" xlink:to="loc_CRVPAssets_30" xlink:type="arc" order="20" />
      <link:loc xlink:type="locator" xlink:href="http://xbrl.fasb.org/us-gaap/2012/elts/us-gaap-2012-01-31.xsd#us-gaap_LiabilitiesAndStockholdersEquityAbstract" xlink:label="loc_CRVPLiabilitiesAndStockholdersEquityAbstract_30" />
      <link:definitionArc xlink:arcrole="http://xbrl.org/int/dim/arcrole/domain-member" xlink:from="loc_CRVPOtherAssetsNoncurrentAbstract_30" xlink:to="loc_CRVPLiabilitiesAndStockholdersEquityAbstract_30" xlink:type="arc" order="22" />
      <link:loc xlink:type="locator" xlink:href="http://xbrl.fasb.org/us-gaap/2012/elts/us-gaap-2012-01-31.xsd#us-gaap_LongTermDebtCurrent" xlink:label="loc_CRVPLongTermDebtCurrent_30" />
      <link:definitionArc xlink:arcrole="http://xbrl.org/int/dim/arcrole/domain-member" xlink:from="loc_CRVPLiabilitiesAndStockholdersEquityAbstract_30" xlink:to="loc_CRVPLongTermDebtCurrent_30" xlink:type="arc" order="25" />
      <link:loc xlink:type="locator" xlink:href="http://xbrl.fasb.org/us-gaap/2012/elts/us-gaap-2012-01-31.xsd#us-gaap_AccountsPayableCurrent" xlink:label="loc_CRVPAccountsPayableCurrent_30" />
      <link:definitionArc xlink:arcrole="http://xbrl.org/int/dim/arcrole/domain-member" xlink:from="loc_CRVPLiabilitiesAndStockholdersEquityAbstract_30" xlink:to="loc_CRVPAccountsPayableCurrent_30" xlink:type="arc" order="26" />
      <link:loc xlink:type="locator" xlink:href="http://xbrl.fasb.org/us-gaap/2012/elts/us-gaap-2012-01-31.xsd#us-gaap_AccruedLiabilitiesCurrent" xlink:label="loc_CRVPAccruedLiabilitiesCurrent_30" />
      <link:definitionArc xlink:arcrole="http://xbrl.org/int/dim/arcrole/domain-member" xlink:from="loc_CRVPLiabilitiesAndStockholdersEquityAbstract_30" xlink:to="loc_CRVPAccruedLiabilitiesCurrent_30" xlink:type="arc" order="27" />
      <link:loc xlink:type="locator" xlink:href="http://xbrl.fasb.org/us-gaap/2012/elts/us-gaap-2012-01-31.xsd#us-gaap_CustomerDepositsCurrent" xlink:label="loc_CRVPCustomerDepositsCurrent_30" />
      <link:definitionArc xlink:arcrole="http://xbrl.org/int/dim/arcrole/domain-member" xlink:from="loc_CRVPLiabilitiesAndStockholdersEquityAbstract_30" xlink:to="loc_CRVPCustomerDepositsCurrent_30" xlink:type="arc" order="28" />
      <link:loc xlink:type="locator" xlink:href="http://xbrl.fasb.org/us-gaap/2012/elts/us-gaap-2012-01-31.xsd#us-gaap_DerivativeLiabilitiesCurrent" xlink:label="loc_CRVPDerivativeLiabilitiesCurrent_30" />
      <link:definitionArc xlink:arcrole="http://xbrl.org/int/dim/arcrole/domain-member" xlink:from="loc_CRVPLiabilitiesAndStockholdersEquityAbstract_30" xlink:to="loc_CRVPDerivativeLiabilitiesCurrent_30" xlink:type="arc" order="29" />
      <link:loc xlink:type="locator" xlink:href="http://xbrl.fasb.org/us-gaap/2012/elts/us-gaap-2012-01-31.xsd#us-gaap_LiabilitiesCurrent" xlink:label="loc_CRVPLiabilitiesCurrent_30" />
      <link:definitionArc xlink:arcrole="http://xbrl.org/int/dim/arcrole/domain-member" xlink:from="loc_CRVPLiabilitiesAndStockholdersEquityAbstract_30" xlink:to="loc_CRVPLiabilitiesCurrent_30" xlink:type="arc" order="30" />
      <link:loc xlink:type="locator" xlink:href="http://xbrl.fasb.org/us-gaap/2012/elts/us-gaap-2012-01-31.xsd#us-gaap_LongTermDebtNoncurrent" xlink:label="loc_CRVPLongTermDebtNoncurrent_30" />
      <link:definitionArc xlink:arcrole="http://xbrl.org/int/dim/arcrole/domain-member" xlink:from="loc_CRVPLiabilitiesAndStockholdersEquityAbstract_30" xlink:to="loc_CRVPLongTermDebtNoncurrent_30" xlink:type="arc" order="32" />
      <link:loc xlink:type="locator" xlink:href="http://xbrl.fasb.org/us-gaap/2012/elts/us-gaap-2012-01-31.xsd#us-gaap_DeferredTaxLiabilitiesNoncurrent" xlink:label="loc_CRVPDeferredTaxLiabilitiesNoncurrent_30" />
      <link:definitionArc xlink:arcrole="http://xbrl.org/int/dim/arcrole/domain-member" xlink:from="loc_CRVPLiabilitiesAndStockholdersEquityAbstract_30" xlink:to="loc_CRVPDeferredTaxLiabilitiesNoncurrent_30" xlink:type="arc" order="33" />
      <link:loc xlink:type="locator" xlink:href="http://xbrl.fasb.org/us-gaap/2012/elts/us-gaap-2012-01-31.xsd#us-gaap_SubordinatedLongTermDebt" xlink:label="loc_CRVPSubordinatedLongTermDebt_30" />
      <link:definitionArc xlink:arcrole="http://xbrl.org/int/dim/arcrole/domain-member" xlink:from="loc_CRVPLiabilitiesAndStockholdersEquityAbstract_30" xlink:to="loc_CRVPSubordinatedLongTermDebt_30" xlink:type="arc" order="34" />
      <link:loc xlink:type="locator" xlink:href="http://xbrl.fasb.org/us-gaap/2012/elts/us-gaap-2012-01-31.xsd#us-gaap_CustomerDepositsNoncurrent" xlink:label="loc_CRVPCustomerDepositsNoncurrent_30" />
      <link:definitionArc xlink:arcrole="http://xbrl.org/int/dim/arcrole/domain-member" xlink:from="loc_CRVPLiabilitiesAndStockholdersEquityAbstract_30" xlink:to="loc_CRVPCustomerDepositsNoncurrent_30" xlink:type="arc" order="35" />
      <link:loc xlink:type="locator" xlink:href="http://xbrl.fasb.org/us-gaap/2012/elts/us-gaap-2012-01-31.xsd#us-gaap_DerivativeLiabilitiesNoncurrent" xlink:label="loc_CRVPDerivativeLiabilitiesNoncurrent_30" />
      <link:definitionArc xlink:arcrole="http://xbrl.org/int/dim/arcrole/domain-member" xlink:from="loc_CRVPLiabilitiesAndStockholdersEquityAbstract_30" xlink:to="loc_CRVPDerivativeLiabilitiesNoncurrent_30" xlink:type="arc" order="36" />
      <link:loc xlink:type="locator" xlink:href="http://xbrl.fasb.org/us-gaap/2012/elts/us-gaap-2012-01-31.xsd#us-gaap_Liabilities" xlink:label="loc_CRVPLiabilities_30" />
      <link:definitionArc xlink:arcrole="http://xbrl.org/int/dim/arcrole/domain-member" xlink:from="loc_CRVPLiabilitiesAndStockholdersEquityAbstract_30" xlink:to="loc_CRVPLiabilities_30" xlink:type="arc" order="38" />
      <link:loc xlink:type="locator" xlink:href="http://xbrl.fasb.org/us-gaap/2012/elts/us-gaap-2012-01-31.xsd#us-gaap_CommitmentsAndContingencies" xlink:label="loc_CRVPCommitmentsAndContingencies_30" />
      <link:definitionArc xlink:arcrole="http://xbrl.org/int/dim/arcrole/domain-member" xlink:from="loc_CRVPLiabilitiesAndStockholdersEquityAbstract_30" xlink:to="loc_CRVPCommitmentsAndContingencies_30" xlink:type="arc" order="40" />
      <link:loc xlink:type="locator" xlink:href="http://xbrl.fasb.org/us-gaap/2012/elts/us-gaap-2012-01-31.xsd#us-gaap_StockholdersEquityAbstract" xlink:label="loc_CRVPStockholdersEquityAbstract_30" />
      <link:definitionArc xlink:arcrole="http://xbrl.org/int/dim/arcrole/domain-member" xlink:from="loc_CRVPLiabilitiesAndStockholdersEquityAbstract_30" xlink:to="loc_CRVPStockholdersEquityAbstract_30" xlink:type="arc" order="42" />
      <link:loc xlink:type="locator" xlink:href="http://xbrl.fasb.org/us-gaap/2012/elts/us-gaap-2012-01-31.xsd#us-gaap_CommonStockValue" xlink:label="loc_CRVPCommonStockValue_30" />
      <link:definitionArc xlink:arcrole="http://xbrl.org/int/dim/arcrole/domain-member" xlink:from="loc_CRVPStockholdersEquityAbstract_30" xlink:to="loc_CRVPCommonStockValue_30" xlink:type="arc" order="43" />
      <link:loc xlink:type="locator" xlink:href="http://xbrl.fasb.org/us-gaap/2012/elts/us-gaap-2012-01-31.xsd#us-gaap_AdditionalPaidInCapitalCommonStock" xlink:label="loc_CRVPAdditionalPaidInCapitalCommonStock_30" />
      <link:definitionArc xlink:arcrole="http://xbrl.org/int/dim/arcrole/domain-member" xlink:from="loc_CRVPStockholdersEquityAbstract_30" xlink:to="loc_CRVPAdditionalPaidInCapitalCommonStock_30" xlink:type="arc" order="44" />
      <link:loc xlink:type="locator" xlink:href="http://xbrl.fasb.org/us-gaap/2012/elts/us-gaap-2012-01-31.xsd#us-gaap_TreasuryStockValue" xlink:label="loc_CRVPTreasuryStockValue_30" />
      <link:definitionArc xlink:arcrole="http://xbrl.org/int/dim/arcrole/domain-member" xlink:from="loc_CRVPStockholdersEquityAbstract_30" xlink:to="loc_CRVPTreasuryStockValue_30" xlink:type="arc" order="45" />
      <link:loc xlink:type="locator" xlink:href="http://xbrl.fasb.org/us-gaap/2012/elts/us-gaap-2012-01-31.xsd#us-gaap_RetainedEarningsAccumulatedDeficit" xlink:label="loc_CRVPRetainedEarningsAccumulatedDeficit_30" />
      <link:definitionArc xlink:arcrole="http://xbrl.org/int/dim/arcrole/domain-member" xlink:from="loc_CRVPStockholdersEquityAbstract_30" xlink:to="loc_CRVPRetainedEarningsAccumulatedDeficit_30" xlink:type="arc" order="46" />
      <link:loc xlink:type="locator" xlink:href="http://xbrl.fasb.org/us-gaap/2012/elts/us-gaap-2012-01-31.xsd#us-gaap_AccumulatedOtherComprehensiveIncomeLossNetOfTax" xlink:label="loc_CRVPAccumulatedOtherComprehensiveIncomeLossNetOfTax_30" />
      <link:definitionArc xlink:arcrole="http://xbrl.org/int/dim/arcrole/domain-member" xlink:from="loc_CRVPStockholdersEquityAbstract_30" xlink:to="loc_CRVPAccumulatedOtherComprehensiveIncomeLossNetOfTax_30" xlink:type="arc" order="47" />
      <link:loc xlink:type="locator" xlink:href="http://xbrl.fasb.org/us-gaap/2012/elts/us-gaap-2012-01-31.xsd#us-gaap_StockholdersEquity" xlink:label="loc_CRVPStockholdersEquity_30" />
      <link:definitionArc xlink:arcrole="http://xbrl.org/int/dim/arcrole/domain-member" xlink:from="loc_CRVPStockholdersEquityAbstract_30" xlink:to="loc_CRVPStockholdersEquity_30" xlink:type="arc" order="48" />
      <link:loc xlink:type="locator" xlink:href="http://xbrl.fasb.org/us-gaap/2012/elts/us-gaap-2012-01-31.xsd#us-gaap_LiabilitiesAndStockholdersEquity" xlink:label="loc_CRVPLiabilitiesAndStockholdersEquity_30" />
      <link:definitionArc xlink:arcrole="http://xbrl.org/int/dim/arcrole/domain-member" xlink:from="loc_CRVPStockholdersEquityAbstract_30" xlink:to="loc_CRVPLiabilitiesAndStockholdersEquity_30" xlink:type="arc" order="50" />
    </link:definitionLink>
    <link:definitionLink xlink:type="extended" xlink:role="http://crystalrock.com/role/CondensedConsolidatedBalanceSheetsParenthetical" xlink:title="0003 - Statement - CONDENSED CONSOLIDATED BALANCE SHEETS (Parenthetical)">
      <link:loc xlink:type="locator" xlink:href="http://xbrl.fasb.org/us-gaap/2012/elts/us-gaap-2012-01-31.xsd#us-gaap_StatementLineItems" xlink:label="loc_CRVPStatementLineItems" />
      <link:loc xlink:type="locator" xlink:href="http://xbrl.fasb.org/us-gaap/2012/elts/us-gaap-2012-01-31.xsd#us-gaap_StatementTable" xlink:label="loc_CRVPStatementTable" />
      <link:definitionArc xlink:arcrole="http://xbrl.org/int/dim/arcrole/all" xbrldt:contextElement="segment" xlink:from="loc_CRVPStatementLineItems" xlink:to="loc_CRVPStatementTable" xlink:type="arc" order="10" xbrldt:closed="true" />
      <link:loc xlink:type="locator" xlink:href="http://xbrl.fasb.org/us-gaap/2012/elts/us-gaap-2012-01-31.xsd#us-gaap_StatementScenarioAxis" xlink:label="loc_CRVPStatementScenarioAxis" />
      <link:definitionArc xlink:arcrole="http://xbrl.org/int/dim/arcrole/hypercube-dimension" xlink:from="loc_CRVPStatementTable" xlink:to="loc_CRVPStatementScenarioAxis" xlink:type="arc" order="20" />
      <link:loc xlink:type="locator" xlink:href="http://xbrl.fasb.org/us-gaap/2012/elts/us-gaap-2012-01-31.xsd#us-gaap_ScenarioUnspecifiedDomain" xlink:label="loc_CRVPScenarioUnspecifiedDomain" />
      <link:definitionArc xlink:arcrole="http://xbrl.org/int/dim/arcrole/dimension-domain" xlink:from="loc_CRVPStatementScenarioAxis" xlink:to="loc_CRVPScenarioUnspecifiedDomain" xlink:type="arc" order="20" />
      <link:loc xlink:type="locator" xlink:href="http://xbrl.fasb.org/us-gaap/2012/elts/us-gaap-2012-01-31.xsd#us-gaap_ScenarioUnspecifiedDomain" xlink:label="loc_CRVPScenarioUnspecifiedDomain_10" />
      <link:definitionArc xlink:arcrole="http://xbrl.org/int/dim/arcrole/dimension-default" xbrldt:contextElement="segment" xlink:from="loc_CRVPStatementScenarioAxis" xlink:to="loc_CRVPScenarioUnspecifiedDomain_10" xlink:type="arc" order="30" />
      <link:loc xlink:type="locator" xlink:href="http://xbrl.fasb.org/us-gaap/2012/elts/us-gaap-2012-01-31.xsd#us-gaap_AssetsAbstract" xlink:label="loc_CRVPAssetsAbstract_30" />
      <link:definitionArc xlink:arcrole="http://xbrl.org/int/dim/arcrole/domain-member" xlink:from="loc_CRVPStatementLineItems" xlink:to="loc_CRVPAssetsAbstract_30" xlink:type="arc" order="0" />
      <link:loc xlink:type="locator" xlink:href="http://xbrl.fasb.org/us-gaap/2012/elts/us-gaap-2012-01-31.xsd#us-gaap_AllowanceForDoubtfulAccountsReceivable" xlink:label="loc_CRVPAllowanceForDoubtfulAccountsReceivable_30" />
      <link:definitionArc xlink:arcrole="http://xbrl.org/int/dim/arcrole/domain-member" xlink:from="loc_CRVPAssetsAbstract_30" xlink:to="loc_CRVPAllowanceForDoubtfulAccountsReceivable_30" xlink:type="arc" order="1" />
      <link:loc xlink:type="locator" xlink:href="http://xbrl.fasb.org/us-gaap/2012/elts/us-gaap-2012-01-31.xsd#us-gaap_StockholdersEquityAbstract" xlink:label="loc_CRVPStockholdersEquityAbstract_30" />
      <link:definitionArc xlink:arcrole="http://xbrl.org/int/dim/arcrole/domain-member" xlink:from="loc_CRVPStatementLineItems" xlink:to="loc_CRVPStockholdersEquityAbstract_30" xlink:type="arc" order="4" />
      <link:loc xlink:type="locator" xlink:href="http://xbrl.fasb.org/us-gaap/2012/elts/us-gaap-2012-01-31.xsd#us-gaap_CommonStockParOrStatedValuePerShare" xlink:label="loc_CRVPCommonStockParOrStatedValuePerShare_30" />
      <link:definitionArc xlink:arcrole="http://xbrl.org/int/dim/arcrole/domain-member" xlink:from="loc_CRVPStockholdersEquityAbstract_30" xlink:to="loc_CRVPCommonStockParOrStatedValuePerShare_30" xlink:type="arc" order="5" />
      <link:loc xlink:type="locator" xlink:href="http://xbrl.fasb.org/us-gaap/2012/elts/us-gaap-2012-01-31.xsd#us-gaap_CommonStockSharesAuthorized" xlink:label="loc_CRVPCommonStockSharesAuthorized_30" />
      <link:definitionArc xlink:arcrole="http://xbrl.org/int/dim/arcrole/domain-member" xlink:from="loc_CRVPStockholdersEquityAbstract_30" xlink:to="loc_CRVPCommonStockSharesAuthorized_30" xlink:type="arc" order="6" />
      <link:loc xlink:type="locator" xlink:href="http://xbrl.fasb.org/us-gaap/2012/elts/us-gaap-2012-01-31.xsd#us-gaap_CommonStockSharesIssued" xlink:label="loc_CRVPCommonStockSharesIssued_30" />
      <link:definitionArc xlink:arcrole="http://xbrl.org/int/dim/arcrole/domain-member" xlink:from="loc_CRVPStockholdersEquityAbstract_30" xlink:to="loc_CRVPCommonStockSharesIssued_30" xlink:type="arc" order="7" />
      <link:loc xlink:type="locator" xlink:href="http://xbrl.fasb.org/us-gaap/2012/elts/us-gaap-2012-01-31.xsd#us-gaap_CommonStockSharesOutstanding" xlink:label="loc_CRVPCommonStockSharesOutstanding_30" />
      <link:definitionArc xlink:arcrole="http://xbrl.org/int/dim/arcrole/domain-member" xlink:from="loc_CRVPStockholdersEquityAbstract_30" xlink:to="loc_CRVPCommonStockSharesOutstanding_30" xlink:type="arc" order="8" />
      <link:loc xlink:type="locator" xlink:href="http://xbrl.fasb.org/us-gaap/2012/elts/us-gaap-2012-01-31.xsd#us-gaap_TreasuryStockShares" xlink:label="loc_CRVPTreasuryStockShares_30" />
      <link:definitionArc xlink:arcrole="http://xbrl.org/int/dim/arcrole/domain-member" xlink:from="loc_CRVPStockholdersEquityAbstract_30" xlink:to="loc_CRVPTreasuryStockShares_30" xlink:type="arc" order="10" />
    </link:definitionLink>
    <link:definitionLink xlink:type="extended" xlink:role="http://crystalrock.com/role/CondensedConsolidatedStatementsOfIncome" xlink:title="0004 - Statement - CONDENSED CONSOLIDATED STATEMENTS OF INCOME (Unaudited)" />
    <link:definitionLink xlink:type="extended" xlink:role="http://crystalrock.com/role/ConsolidatedStatementsOfChangesInStockholdersEquity" xlink:title="0005 - Statement - CONSOLIDATED STATEMENTS OF CHANGES IN STOCKHOLDERS' EQUITY">
      <link:loc xlink:type="locator" xlink:href="http://xbrl.fasb.org/us-gaap/2012/elts/us-gaap-2012-01-31.xsd#us-gaap_StatementLineItems" xlink:label="loc_CRVPStatementLineItems" />
      <link:loc xlink:type="locator" xlink:href="http://xbrl.fasb.org/us-gaap/2012/elts/us-gaap-2012-01-31.xsd#us-gaap_StatementTable" xlink:label="loc_CRVPStatementTable" />
      <link:definitionArc xlink:arcrole="http://xbrl.org/int/dim/arcrole/all" xbrldt:contextElement="segment" xlink:from="loc_CRVPStatementLineItems" xlink:to="loc_CRVPStatementTable" xlink:type="arc" order="10" xbrldt:closed="true" />
      <link:loc xlink:type="locator" xlink:href="http://xbrl.fasb.org/us-gaap/2012/elts/us-gaap-2012-01-31.xsd#us-gaap_StatementEquityComponentsAxis" xlink:label="loc_CRVPStatementEquityComponentsAxis" />
      <link:definitionArc xlink:arcrole="http://xbrl.org/int/dim/arcrole/hypercube-dimension" xlink:from="loc_CRVPStatementTable" xlink:to="loc_CRVPStatementEquityComponentsAxis" xlink:type="arc" order="20" />
      <link:loc xlink:type="locator" xlink:href="http://xbrl.fasb.org/us-gaap/2012/elts/us-gaap-2012-01-31.xsd#us-gaap_EquityComponentDomain" xlink:label="loc_CRVPEquityComponentDomain" />
      <link:definitionArc xlink:arcrole="http://xbrl.org/int/dim/arcrole/dimension-domain" xlink:from="loc_CRVPStatementEquityComponentsAxis" xlink:to="loc_CRVPEquityComponentDomain" xlink:type="arc" order="20" />
      <link:loc xlink:type="locator" xlink:href="http://xbrl.fasb.org/us-gaap/2012/elts/us-gaap-2012-01-31.xsd#us-gaap_EquityComponentDomain" xlink:label="loc_CRVPEquityComponentDomain_10" />
      <link:definitionArc xlink:arcrole="http://xbrl.org/int/dim/arcrole/dimension-default" xbrldt:contextElement="segment" xlink:from="loc_CRVPStatementEquityComponentsAxis" xlink:to="loc_CRVPEquityComponentDomain_10" xlink:type="arc" order="30" />
      <link:loc xlink:type="locator" xlink:href="http://xbrl.fasb.org/us-gaap/2012/elts/us-gaap-2012-01-31.xsd#us-gaap_CommonStockMember" xlink:label="loc_CRVPCommonStockMember_0" />
      <link:definitionArc xlink:arcrole="http://xbrl.org/int/dim/arcrole/domain-member" xlink:from="loc_CRVPEquityComponentDomain" xlink:to="loc_CRVPCommonStockMember_0" xlink:type="arc" order="1" />
      <link:loc xlink:type="locator" xlink:href="http://xbrl.fasb.org/us-gaap/2012/elts/us-gaap-2012-01-31.xsd#us-gaap_AdditionalPaidInCapitalMember" xlink:label="loc_CRVPAdditionalPaidInCapitalMember_10" />
      <link:definitionArc xlink:arcrole="http://xbrl.org/int/dim/arcrole/domain-member" xlink:from="loc_CRVPEquityComponentDomain" xlink:to="loc_CRVPAdditionalPaidInCapitalMember_10" xlink:type="arc" order="11" />
      <link:loc xlink:type="locator" xlink:href="http://xbrl.fasb.org/us-gaap/2012/elts/us-gaap-2012-01-31.xsd#us-gaap_TreasuryStockMember" xlink:label="loc_CRVPTreasuryStockMember_20" />
      <link:definitionArc xlink:arcrole="http://xbrl.org/int/dim/arcrole/domain-member" xlink:from="loc_CRVPEquityComponentDomain" xlink:to="loc_CRVPTreasuryStockMember_20" xlink:type="arc" order="21" />
      <link:loc xlink:type="locator" xlink:href="http://xbrl.fasb.org/us-gaap/2012/elts/us-gaap-2012-01-31.xsd#us-gaap_RetainedEarningsMember" xlink:label="loc_CRVPRetainedEarningsMember_30" />
      <link:definitionArc xlink:arcrole="http://xbrl.org/int/dim/arcrole/domain-member" xlink:from="loc_CRVPEquityComponentDomain" xlink:to="loc_CRVPRetainedEarningsMember_30" xlink:type="arc" order="31" />
      <link:loc xlink:type="locator" xlink:href="http://xbrl.fasb.org/us-gaap/2012/elts/us-gaap-2012-01-31.xsd#us-gaap_AccumulatedOtherComprehensiveIncomeMember" xlink:label="loc_CRVPAccumulatedOtherComprehensiveIncomeMember_40" />
      <link:definitionArc xlink:arcrole="http://xbrl.org/int/dim/arcrole/domain-member" xlink:from="loc_CRVPEquityComponentDomain" xlink:to="loc_CRVPAccumulatedOtherComprehensiveIncomeMember_40" xlink:type="arc" order="41" />
      <link:loc xlink:type="locator" xlink:href="http://xbrl.fasb.org/us-gaap/2012/elts/us-gaap-2012-01-31.xsd#us-gaap_ComprehensiveIncomeMember" xlink:label="loc_CRVPComprehensiveIncomeMember_60" />
      <link:definitionArc xlink:arcrole="http://xbrl.org/int/dim/arcrole/domain-member" xlink:from="loc_CRVPEquityComponentDomain" xlink:to="loc_CRVPComprehensiveIncomeMember_60" xlink:type="arc" order="61" />
      <link:loc xlink:type="locator" xlink:href="http://xbrl.fasb.org/us-gaap/2012/elts/us-gaap-2012-01-31.xsd#us-gaap_SharesIssued" xlink:label="loc_CRVPSharesIssued_80" />
      <link:definitionArc xlink:arcrole="http://xbrl.org/int/dim/arcrole/domain-member" xlink:from="loc_CRVPStatementLineItems" xlink:to="loc_CRVPSharesIssued_80" xlink:type="arc" order="2" />
      <link:loc xlink:type="locator" xlink:href="http://xbrl.fasb.org/us-gaap/2012/elts/us-gaap-2012-01-31.xsd#us-gaap_StockholdersEquity" xlink:label="loc_CRVPStockholdersEquity_80" />
      <link:definitionArc xlink:arcrole="http://xbrl.org/int/dim/arcrole/domain-member" xlink:from="loc_CRVPStatementLineItems" xlink:to="loc_CRVPStockholdersEquity_80" xlink:type="arc" order="3" />
      <link:loc xlink:type="locator" xlink:href="http://xbrl.fasb.org/us-gaap/2012/elts/us-gaap-2012-01-31.xsd#us-gaap_StockRepurchasedDuringPeriodShares" xlink:label="loc_CRVPStockRepurchasedDuringPeriodShares_80" />
      <link:definitionArc xlink:arcrole="http://xbrl.org/int/dim/arcrole/domain-member" xlink:from="loc_CRVPStatementLineItems" xlink:to="loc_CRVPStockRepurchasedDuringPeriodShares_80" xlink:type="arc" order="5" />
      <link:loc xlink:type="locator" xlink:href="http://xbrl.fasb.org/us-gaap/2012/elts/us-gaap-2012-01-31.xsd#us-gaap_StockRepurchasedDuringPeriodValue" xlink:label="loc_CRVPStockRepurchasedDuringPeriodValue_80" />
      <link:definitionArc xlink:arcrole="http://xbrl.org/int/dim/arcrole/domain-member" xlink:from="loc_CRVPStatementLineItems" xlink:to="loc_CRVPStockRepurchasedDuringPeriodValue_80" xlink:type="arc" order="6" />
      <link:loc xlink:type="locator" xlink:href="http://xbrl.fasb.org/us-gaap/2012/elts/us-gaap-2012-01-31.xsd#us-gaap_NetIncomeLoss" xlink:label="loc_CRVPNetIncomeLoss_80" />
      <link:definitionArc xlink:arcrole="http://xbrl.org/int/dim/arcrole/domain-member" xlink:from="loc_CRVPStatementLineItems" xlink:to="loc_CRVPNetIncomeLoss_80" xlink:type="arc" order="8" />
      <link:loc xlink:type="locator" xlink:href="http://xbrl.fasb.org/us-gaap/2012/elts/us-gaap-2012-01-31.xsd#us-gaap_UnrealizedGainLossOnDerivatives" xlink:label="loc_CRVPUnrealizedGainLossOnDerivatives_80" />
      <link:definitionArc xlink:arcrole="http://xbrl.org/int/dim/arcrole/domain-member" xlink:from="loc_CRVPStatementLineItems" xlink:to="loc_CRVPUnrealizedGainLossOnDerivatives_80" xlink:type="arc" order="10" />
    </link:definitionLink>
    <link:definitionLink xlink:type="extended" xlink:role="http://crystalrock.com/role/CondensedConsolidatedStatementsOfCashFlows" xlink:title="0006 - Statement - CONDENSED CONSOLIDATED STATEMENTS OF CASH FLOWS (Unaudited)" />
    <link:definitionLink xlink:type="extended" xlink:role="http://crystalrock.com/role/BusinessOfCompanyAndBasisOfPresentation" xlink:title="0007 - Disclosure - 1. BUSINESS OF THE COMPANY AND BASIS OF PRESENTATION" />
    <link:definitionLink xlink:type="extended" xlink:role="http://crystalrock.com/role/SignificantAccountingPolicies" xlink:title="0008 - Disclosure - 2. SIGNIFICANT ACCOUNTING POLICIES" />
    <link:definitionLink xlink:type="extended" xlink:role="http://crystalrock.com/role/MergersAndAcquisitions" xlink:title="0009 - Disclosure - 3. MERGERS AND ACQUISITIONS" />
    <link:definitionLink xlink:type="extended" xlink:role="http://crystalrock.com/role/AccountsReceivable" xlink:title="0010 - Disclosure - 4. ACCOUNTS RECEIVABLE" />
    <link:definitionLink xlink:type="extended" xlink:role="http://crystalrock.com/role/Inventories" xlink:title="0011 - Disclosure - 5. INVENTORIES" />
    <link:definitionLink xlink:type="extended" xlink:role="http://crystalrock.com/role/OtherCurrentAssets" xlink:title="0012 - Disclosure - 6. OTHER CURRENT ASSETS" />
    <link:definitionLink xlink:type="extended" xlink:role="http://crystalrock.com/role/PropertyAndEquipmentNet" xlink:title="0013 - Disclosure - 7. PROPERTY AND EQUIPMENT, NET" />
    <link:definitionLink xlink:type="extended" xlink:role="http://crystalrock.com/role/EquipmentRental" xlink:title="0014 - Disclosure - 8. EQUIPMENT RENTAL" />
    <link:definitionLink xlink:type="extended" xlink:role="http://crystalrock.com/role/GoodwillAndOtherIntangibleAssets" xlink:title="0015 - Disclosure - 9. GOODWILL AND OTHER INTANGIBLE ASSETS" />
    <link:definitionLink xlink:type="extended" xlink:role="http://crystalrock.com/role/OtherAssets" xlink:title="0016 - Disclosure - 10. OTHER ASSETS" />
    <link:definitionLink xlink:type="extended" xlink:role="http://crystalrock.com/role/AccruedExpenses" xlink:title="0017 - Disclosure - 11. ACCRUED EXPENSES" />
    <link:definitionLink xlink:type="extended" xlink:role="http://crystalrock.com/role/Debt" xlink:title="0018 - Disclosure - 12. DEBT" />
    <link:definitionLink xlink:type="extended" xlink:role="http://crystalrock.com/role/On-BalanceSheetDerivativeInstrumentsAndHedgingActivities" xlink:title="0019 - Disclosure - 13. ON-BALANCE SHEET DERIVATIVE INSTRUMENTS AND HEDGING ACTIVITIES" />
    <link:definitionLink xlink:type="extended" xlink:role="http://crystalrock.com/role/FairValueOfAssetsAndLiabilities" xlink:title="0020 - Disclosure - 14. FAIR VALUE OF ASSETS AND LIABILITIES" />
    <link:definitionLink xlink:type="extended" xlink:role="http://crystalrock.com/role/CommitmentsAndContingencies" xlink:title="0021 - Disclosure - 15. COMMITMENTS AND CONTINGENCIES" />
    <link:definitionLink xlink:type="extended" xlink:role="http://crystalrock.com/role/StockBasedCompensation" xlink:title="0022 - Disclosure - 16. STOCK BASED COMPENSATION" />
    <link:definitionLink xlink:type="extended" xlink:role="http://crystalrock.com/role/RepurchaseOfCommonStock" xlink:title="0023 - Disclosure - 17. REPURCHASE OF COMMON STOCK" />
    <link:definitionLink xlink:type="extended" xlink:role="http://crystalrock.com/role/IncomeTaxes" xlink:title="0024 - Disclosure - 18. INCOME TAXES" />
    <link:definitionLink xlink:type="extended" xlink:role="http://crystalrock.com/role/NetIncomePerShareAndWeightedAverageShares" xlink:title="0025 - Disclosure - 19. NET INCOME PER SHARE AND WEIGHTED AVERAGE SHARES" />
    <link:definitionLink xlink:type="extended" xlink:role="http://crystalrock.com/role/RetirementPlan" xlink:title="0026 - Disclosure - 20. RETIREMENT PLAN" />
    <link:definitionLink xlink:type="extended" xlink:role="http://crystalrock.com/role/RelatedPartyTransactions" xlink:title="0027 - Disclosure - 21. RELATED PARTY TRANSACTIONS" />
    <link:definitionLink xlink:type="extended" xlink:role="http://crystalrock.com/role/ConcentrationOfCreditRisk" xlink:title="0028 - Disclosure - 22. CONCENTRATION OF CREDIT RISK" />
    <link:definitionLink xlink:type="extended" xlink:role="http://crystalrock.com/role/RecentAccountingPronouncements" xlink:title="0029 - Disclosure - 23. RECENT ACCOUNTING PRONOUNCEMENTS" />
    <link:definitionLink xlink:type="extended" xlink:role="http://crystalrock.com/role/SubsequentEvents" xlink:title="0030 - Disclosure - 24. SUBSEQUENT EVENTS" />
    <link:definitionLink xlink:type="extended" xlink:role="http://crystalrock.com/role/SignificantAccountingPoliciesPolicies" xlink:title="0031 - Disclosure - 2. SIGNIFICANT ACCOUNTING POLICIES (Policies)" />
    <link:definitionLink xlink:type="extended" xlink:role="http://crystalrock.com/role/MergersAndAcquisitionsTables" xlink:title="0032 - Disclosure - 3. MERGERS AND ACQUISITIONS (Tables)" />
    <link:definitionLink xlink:type="extended" xlink:role="http://crystalrock.com/role/AccountsReceivableTables" xlink:title="0033 - Disclosure - 4. ACCOUNTS RECEIVABLE (Tables)" />
    <link:definitionLink xlink:type="extended" xlink:role="http://crystalrock.com/role/InventoriesTables" xlink:title="0034 - Disclosure - 5. INVENTORIES (Tables)" />
    <link:definitionLink xlink:type="extended" xlink:role="http://crystalrock.com/role/OtherCurrentAssetsTables" xlink:title="0035 - Disclosure - 6. OTHER CURRENT ASSETS (Tables)" />
    <link:definitionLink xlink:type="extended" xlink:role="http://crystalrock.com/role/PropertyAndEquipmentNetTables" xlink:title="0036 - Disclosure - 7. PROPERTY AND EQUIPMENT, NET (Tables)" />
    <link:definitionLink xlink:type="extended" xlink:role="http://crystalrock.com/role/EquipmentRentalTables" xlink:title="0037 - Disclosure - 8. EQUIPMENT RENTAL (Tables)" />
    <link:definitionLink xlink:type="extended" xlink:role="http://crystalrock.com/role/GoodwillAndOtherIntangibleAssetsTables" xlink:title="0038 - Disclosure - 9. GOODWILL AND OTHER INTANGIBLE ASSETS (Tables)" />
    <link:definitionLink xlink:type="extended" xlink:role="http://crystalrock.com/role/AccruedExpensesTables" xlink:title="0039 - Disclosure - 11. ACCRUED EXPENSES (Tables)" />
    <link:definitionLink xlink:type="extended" xlink:role="http://crystalrock.com/role/DebtTables" xlink:title="0040 - Disclosure - 12. DEBT (Tables)" />
    <link:definitionLink xlink:type="extended" xlink:role="http://crystalrock.com/role/On-BalanceSheetDerivativeInstrumentsAndHedgingActivitiesTables" xlink:title="0041 - Disclosure - 13. ON-BALANCE SHEET DERIVATIVE INSTRUMENTS AND HEDGING ACTIVITIES (Tables)" />
    <link:definitionLink xlink:type="extended" xlink:role="http://crystalrock.com/role/FairValueOfAssetsAndLiabilitiesTables" xlink:title="0042 - Disclosure - 14. FAIR VALUE OF ASSETS AND LIABILITIES (Tables)" />
    <link:definitionLink xlink:type="extended" xlink:role="http://crystalrock.com/role/CommitmentsAndContingenciesTables" xlink:title="0043 - Disclosure - 15. COMMITMENTS AND CONTINGENCIES (Tables)" />
    <link:definitionLink xlink:type="extended" xlink:role="http://crystalrock.com/role/StockBasedCompensationTables" xlink:title="0044 - Disclosure - 16. STOCK BASED COMPENSATION (Tables)" />
    <link:definitionLink xlink:type="extended" xlink:role="http://crystalrock.com/role/IncomeTaxesTables" xlink:title="0045 - Disclosure - 18. INCOME TAXES (Tables)" />
    <link:definitionLink xlink:type="extended" xlink:role="http://crystalrock.com/role/NetIncomePerShareAndWeightedAverageSharesTables" xlink:title="0046 - Disclosure - 19. NET INCOME PER SHARE AND WEIGHTED AVERAGE SHARES (Tables)" />
    <link:definitionLink xlink:type="extended" xlink:role="http://crystalrock.com/role/RelatedPartyTransactionsTables" xlink:title="0047 - Disclosure - 21. RELATED PARTY TRANSACTIONS (Tables)" />
    <link:definitionLink xlink:type="extended" xlink:role="http://crystalrock.com/role/SignificantAccountingPoliciesDetailsNarrative" xlink:title="0048 - Disclosure - 2. SIGNIFICANT ACCOUNTING POLICIES (Details Narrative)" />
    <link:definitionLink xlink:type="extended" xlink:role="http://crystalrock.com/role/MergersAndAcquisitionsDetails" xlink:title="0049 - Disclosure - 3. MERGERS AND ACQUISITIONS (Details)">
      <link:loc xlink:type="locator" xlink:href="http://xbrl.fasb.org/us-gaap/2012/elts/us-gaap-2012-01-31.xsd#us-gaap_StatementLineItems" xlink:label="loc_CRVPStatementLineItems" />
      <link:loc xlink:type="locator" xlink:href="http://xbrl.fasb.org/us-gaap/2012/elts/us-gaap-2012-01-31.xsd#us-gaap_StatementTable" xlink:label="loc_CRVPStatementTable" />
      <link:definitionArc xlink:arcrole="http://xbrl.org/int/dim/arcrole/all" xbrldt:contextElement="segment" xlink:from="loc_CRVPStatementLineItems" xlink:to="loc_CRVPStatementTable" xlink:type="arc" order="10" xbrldt:closed="true" />
      <link:loc xlink:type="locator" xlink:href="http://xbrl.fasb.org/us-gaap/2012/elts/us-gaap-2012-01-31.xsd#us-gaap_SignificantAcquisitionsAndDisposalsByTransactionAxis" xlink:label="loc_CRVPSignificantAcquisitionsAndDisposalsByTransactionAxis" />
      <link:definitionArc xlink:arcrole="http://xbrl.org/int/dim/arcrole/hypercube-dimension" xlink:from="loc_CRVPStatementTable" xlink:to="loc_CRVPSignificantAcquisitionsAndDisposalsByTransactionAxis" xlink:type="arc" order="20" />
      <link:loc xlink:type="locator" xlink:href="http://xbrl.fasb.org/us-gaap/2012/elts/us-gaap-2012-01-31.xsd#us-gaap_SignificantAcquisitionsAndDisposalsTransactionDomain" xlink:label="loc_CRVPSignificantAcquisitionsAndDisposalsTransactionDomain" />
      <link:definitionArc xlink:arcrole="http://xbrl.org/int/dim/arcrole/dimension-domain" xlink:from="loc_CRVPSignificantAcquisitionsAndDisposalsByTransactionAxis" xlink:to="loc_CRVPSignificantAcquisitionsAndDisposalsTransactionDomain" xlink:type="arc" order="20" />
      <link:loc xlink:type="locator" xlink:href="http://xbrl.fasb.org/us-gaap/2012/elts/us-gaap-2012-01-31.xsd#us-gaap_SignificantAcquisitionsAndDisposalsTransactionDomain" xlink:label="loc_CRVPSignificantAcquisitionsAndDisposalsTransactionDomain_10" />
      <link:definitionArc xlink:arcrole="http://xbrl.org/int/dim/arcrole/dimension-default" xbrldt:contextElement="segment" xlink:from="loc_CRVPSignificantAcquisitionsAndDisposalsByTransactionAxis" xlink:to="loc_CRVPSignificantAcquisitionsAndDisposalsTransactionDomain_10" xlink:type="arc" order="30" />
      <link:loc xlink:type="locator" xlink:href="crvp-20121031.xsd#CRVP_ValleyVendingMember" xlink:label="loc_CRVPValleyVendingMember_0" />
      <link:definitionArc xlink:arcrole="http://xbrl.org/int/dim/arcrole/domain-member" xlink:from="loc_CRVPSignificantAcquisitionsAndDisposalsTransactionDomain" xlink:to="loc_CRVPValleyVendingMember_0" xlink:type="arc" order="1" />
      <link:loc xlink:type="locator" xlink:href="crvp-20121031.xsd#CRVP_GirardMember" xlink:label="loc_CRVPGirardMember_10" />
      <link:definitionArc xlink:arcrole="http://xbrl.org/int/dim/arcrole/domain-member" xlink:from="loc_CRVPSignificantAcquisitionsAndDisposalsTransactionDomain" xlink:to="loc_CRVPGirardMember_10" xlink:type="arc" order="11" />
      <link:loc xlink:type="locator" xlink:href="crvp-20121031.xsd#CRVP_FrontenacMember" xlink:label="loc_CRVPFrontenacMember_20" />
      <link:definitionArc xlink:arcrole="http://xbrl.org/int/dim/arcrole/domain-member" xlink:from="loc_CRVPSignificantAcquisitionsAndDisposalsTransactionDomain" xlink:to="loc_CRVPFrontenacMember_20" xlink:type="arc" order="21" />
      <link:loc xlink:type="locator" xlink:href="crvp-20121031.xsd#CRVP_PurchasePriceMember" xlink:label="loc_CRVPPurchasePriceMember_30" />
      <link:definitionArc xlink:arcrole="http://xbrl.org/int/dim/arcrole/domain-member" xlink:from="loc_CRVPSignificantAcquisitionsAndDisposalsTransactionDomain" xlink:to="loc_CRVPPurchasePriceMember_30" xlink:type="arc" order="31" />
      <link:loc xlink:type="locator" xlink:href="crvp-20121031.xsd#CRVP_HartfordStampMember" xlink:label="loc_CRVPHartfordStampMember_40" />
      <link:definitionArc xlink:arcrole="http://xbrl.org/int/dim/arcrole/domain-member" xlink:from="loc_CRVPSignificantAcquisitionsAndDisposalsTransactionDomain" xlink:to="loc_CRVPHartfordStampMember_40" xlink:type="arc" order="41" />
      <link:loc xlink:type="locator" xlink:href="crvp-20121031.xsd#CRVP_TimberlineMember" xlink:label="loc_CRVPTimberlineMember_50" />
      <link:definitionArc xlink:arcrole="http://xbrl.org/int/dim/arcrole/domain-member" xlink:from="loc_CRVPSignificantAcquisitionsAndDisposalsTransactionDomain" xlink:to="loc_CRVPTimberlineMember_50" xlink:type="arc" order="51" />
      <link:loc xlink:type="locator" xlink:href="crvp-20121031.xsd#CRVP_CoolBeansMember" xlink:label="loc_CRVPCoolBeansMember_60" />
      <link:definitionArc xlink:arcrole="http://xbrl.org/int/dim/arcrole/domain-member" xlink:from="loc_CRVPSignificantAcquisitionsAndDisposalsTransactionDomain" xlink:to="loc_CRVPCoolBeansMember_60" xlink:type="arc" order="61" />
      <link:loc xlink:type="locator" xlink:href="crvp-20121031.xsd#CRVP_MonthAcquired" xlink:label="loc_CRVPMonthAcquired_90" />
      <link:definitionArc xlink:arcrole="http://xbrl.org/int/dim/arcrole/domain-member" xlink:from="loc_CRVPStatementLineItems" xlink:to="loc_CRVPMonthAcquired_90" xlink:type="arc" order="1" />
      <link:loc xlink:type="locator" xlink:href="http://xbrl.fasb.org/us-gaap/2012/elts/us-gaap-2012-01-31.xsd#us-gaap_Cash" xlink:label="loc_CRVPCash_90" />
      <link:definitionArc xlink:arcrole="http://xbrl.org/int/dim/arcrole/domain-member" xlink:from="loc_CRVPStatementLineItems" xlink:to="loc_CRVPCash_90" xlink:type="arc" order="2" />
      <link:loc xlink:type="locator" xlink:href="http://xbrl.fasb.org/us-gaap/2012/elts/us-gaap-2012-01-31.xsd#us-gaap_BusinessCombinationSeparatelyRecognizedTransactionsLiabilitiesRecognized" xlink:label="loc_CRVPBusinessCombinationSeparatelyRecognizedTransactionsLiabilitiesRecognized_90" />
      <link:definitionArc xlink:arcrole="http://xbrl.org/int/dim/arcrole/domain-member" xlink:from="loc_CRVPStatementLineItems" xlink:to="loc_CRVPBusinessCombinationSeparatelyRecognizedTransactionsLiabilitiesRecognized_90" xlink:type="arc" order="3" />
      <link:loc xlink:type="locator" xlink:href="http://xbrl.fasb.org/us-gaap/2012/elts/us-gaap-2012-01-31.xsd#us-gaap_DebtInstrumentFaceAmount" xlink:label="loc_CRVPDebtInstrumentFaceAmount_90" />
      <link:definitionArc xlink:arcrole="http://xbrl.org/int/dim/arcrole/domain-member" xlink:from="loc_CRVPStatementLineItems" xlink:to="loc_CRVPDebtInstrumentFaceAmount_90" xlink:type="arc" order="4" />
      <link:loc xlink:type="locator" xlink:href="http://xbrl.fasb.org/us-gaap/2012/elts/us-gaap-2012-01-31.xsd#us-gaap_BusinessAcquisitionCostOfAcquiredEntityPurchasePrice" xlink:label="loc_CRVPBusinessAcquisitionCostOfAcquiredEntityPurchasePrice_90" />
      <link:definitionArc xlink:arcrole="http://xbrl.org/int/dim/arcrole/domain-member" xlink:from="loc_CRVPStatementLineItems" xlink:to="loc_CRVPBusinessAcquisitionCostOfAcquiredEntityPurchasePrice_90" xlink:type="arc" order="5" />
    </link:definitionLink>
    <link:definitionLink xlink:type="extended" xlink:role="http://crystalrock.com/role/MergersAndAcquisitionsDetails1" xlink:title="0050 - Disclosure - 3. MERGERS AND ACQUISITIONS (Details 1)" />
    <link:definitionLink xlink:type="extended" xlink:role="http://crystalrock.com/role/MergersAndAcquisitionsDetails2" xlink:title="0051 - Disclosure - 3. MERGERS AND ACQUISITIONS (Details 2)" />
    <link:definitionLink xlink:type="extended" xlink:role="http://crystalrock.com/role/AccountsReceivableDetails" xlink:title="0052 - Disclosure - 4. ACCOUNTS RECEIVABLE (Details)" />
    <link:definitionLink xlink:type="extended" xlink:role="http://crystalrock.com/role/InventoriesDetails" xlink:title="0053 - Disclosure - 5. INVENTORIES (Details)" />
    <link:definitionLink xlink:type="extended" xlink:role="http://crystalrock.com/role/OtherCurrentAssetsDetails" xlink:title="0054 - Disclosure - 6. OTHER CURRENT ASSETS (Details)" />
    <link:definitionLink xlink:type="extended" xlink:role="http://crystalrock.com/role/PropertyAndEquipmentNetDetails" xlink:title="0055 - Disclosure - 7. PROPERTY AND EQUIPMENT, NET (Details)" />
    <link:definitionLink xlink:type="extended" xlink:role="http://crystalrock.com/role/EquipmentRentalDetails" xlink:title="0056 - Disclosure - 8. EQUIPMENT RENTAL (Details)" />
    <link:definitionLink xlink:type="extended" xlink:role="http://crystalrock.com/role/GoodwillAndOtherIntangibleAssetsDetails" xlink:title="0057 - Disclosure - 9. GOODWILL AND OTHER INTANGIBLE ASSETS (Details)">
      <link:loc xlink:type="locator" xlink:href="http://xbrl.fasb.org/us-gaap/2012/elts/us-gaap-2012-01-31.xsd#us-gaap_StatementLineItems" xlink:label="loc_CRVPStatementLineItems" />
      <link:loc xlink:type="locator" xlink:href="http://xbrl.fasb.org/us-gaap/2012/elts/us-gaap-2012-01-31.xsd#us-gaap_StatementTable" xlink:label="loc_CRVPStatementTable" />
      <link:definitionArc xlink:arcrole="http://xbrl.org/int/dim/arcrole/all" xbrldt:contextElement="segment" xlink:from="loc_CRVPStatementLineItems" xlink:to="loc_CRVPStatementTable" xlink:type="arc" order="10" xbrldt:closed="true" />
      <link:loc xlink:type="locator" xlink:href="http://xbrl.fasb.org/us-gaap/2012/elts/us-gaap-2012-01-31.xsd#us-gaap_FiniteLivedIntangibleAssetsByMajorClassAxis" xlink:label="loc_CRVPFiniteLivedIntangibleAssetsByMajorClassAxis" />
      <link:definitionArc xlink:arcrole="http://xbrl.org/int/dim/arcrole/hypercube-dimension" xlink:from="loc_CRVPStatementTable" xlink:to="loc_CRVPFiniteLivedIntangibleAssetsByMajorClassAxis" xlink:type="arc" order="20" />
      <link:loc xlink:type="locator" xlink:href="http://xbrl.fasb.org/us-gaap/2012/elts/us-gaap-2012-01-31.xsd#us-gaap_FiniteLivedIntangibleAssetsMajorClassNameDomain" xlink:label="loc_CRVPFiniteLivedIntangibleAssetsMajorClassNameDomain" />
      <link:definitionArc xlink:arcrole="http://xbrl.org/int/dim/arcrole/dimension-domain" xlink:from="loc_CRVPFiniteLivedIntangibleAssetsByMajorClassAxis" xlink:to="loc_CRVPFiniteLivedIntangibleAssetsMajorClassNameDomain" xlink:type="arc" order="20" />
      <link:loc xlink:type="locator" xlink:href="http://xbrl.fasb.org/us-gaap/2012/elts/us-gaap-2012-01-31.xsd#us-gaap_FiniteLivedIntangibleAssetsMajorClassNameDomain" xlink:label="loc_CRVPFiniteLivedIntangibleAssetsMajorClassNameDomain_10" />
      <link:definitionArc xlink:arcrole="http://xbrl.org/int/dim/arcrole/dimension-default" xbrldt:contextElement="segment" xlink:from="loc_CRVPFiniteLivedIntangibleAssetsByMajorClassAxis" xlink:to="loc_CRVPFiniteLivedIntangibleAssetsMajorClassNameDomain_10" xlink:type="arc" order="30" />
      <link:loc xlink:type="locator" xlink:href="crvp-20121031.xsd#CRVP_CovenantNotToCompeteMember" xlink:label="loc_CRVPCovenantNotToCompeteMember_0" />
      <link:definitionArc xlink:arcrole="http://xbrl.org/int/dim/arcrole/domain-member" xlink:from="loc_CRVPFiniteLivedIntangibleAssetsMajorClassNameDomain" xlink:to="loc_CRVPCovenantNotToCompeteMember_0" xlink:type="arc" order="1" />
      <link:loc xlink:type="locator" xlink:href="http://xbrl.fasb.org/us-gaap/2012/elts/us-gaap-2012-01-31.xsd#us-gaap_CustomerListsMember" xlink:label="loc_CRVPCustomerListsMember_10" />
      <link:definitionArc xlink:arcrole="http://xbrl.org/int/dim/arcrole/domain-member" xlink:from="loc_CRVPFiniteLivedIntangibleAssetsMajorClassNameDomain" xlink:to="loc_CRVPCustomerListsMember_10" xlink:type="arc" order="11" />
      <link:loc xlink:type="locator" xlink:href="crvp-20121031.xsd#CRVP_OtherIdentifiableIntangiblesMember" xlink:label="loc_CRVPOtherIdentifiableIntangiblesMember_20" />
      <link:definitionArc xlink:arcrole="http://xbrl.org/int/dim/arcrole/domain-member" xlink:from="loc_CRVPFiniteLivedIntangibleAssetsMajorClassNameDomain" xlink:to="loc_CRVPOtherIdentifiableIntangiblesMember_20" xlink:type="arc" order="21" />
      <link:loc xlink:type="locator" xlink:href="http://xbrl.fasb.org/us-gaap/2012/elts/us-gaap-2012-01-31.xsd#us-gaap_FiniteLivedIntangibleAssetsGross" xlink:label="loc_CRVPFiniteLivedIntangibleAssetsGross_90" />
      <link:definitionArc xlink:arcrole="http://xbrl.org/int/dim/arcrole/domain-member" xlink:from="loc_CRVPStatementLineItems" xlink:to="loc_CRVPFiniteLivedIntangibleAssetsGross_90" xlink:type="arc" order="1" />
      <link:loc xlink:type="locator" xlink:href="http://xbrl.fasb.org/us-gaap/2012/elts/us-gaap-2012-01-31.xsd#us-gaap_FiniteLivedIntangibleAssetsAccumulatedAmortization" xlink:label="loc_CRVPFiniteLivedIntangibleAssetsAccumulatedAmortization_90" />
      <link:definitionArc xlink:arcrole="http://xbrl.org/int/dim/arcrole/domain-member" xlink:from="loc_CRVPStatementLineItems" xlink:to="loc_CRVPFiniteLivedIntangibleAssetsAccumulatedAmortization_90" xlink:type="arc" order="2" />
      <link:loc xlink:type="locator" xlink:href="crvp-20121031.xsd#CRVP_FiniteLivedIntangibleAssetUsefulLife1" xlink:label="loc_CRVPFiniteLivedIntangibleAssetUsefulLife1_90" />
      <link:definitionArc xlink:arcrole="http://xbrl.org/int/dim/arcrole/domain-member" xlink:from="loc_CRVPStatementLineItems" xlink:to="loc_CRVPFiniteLivedIntangibleAssetUsefulLife1_90" xlink:type="arc" order="3" />
    </link:definitionLink>
    <link:definitionLink xlink:type="extended" xlink:role="http://crystalrock.com/role/GoodwillAndOtherIntangibleAssetsDetails2" xlink:title="0058 - Disclosure - 9. GOODWILL AND OTHER INTANGIBLE ASSETS (Details 2)" />
    <link:definitionLink xlink:type="extended" xlink:role="http://crystalrock.com/role/GoodwillAndOtherIntangibleAssetsDetailsNarrative" xlink:title="0059 - Disclosure - 9. GOODWILL AND OTHER INTANGIBLE ASSETS (Details Narrative)" />
    <link:definitionLink xlink:type="extended" xlink:role="http://crystalrock.com/role/AccruedExpensesDetails" xlink:title="0060 - Disclosure - 11. ACCRUED EXPENSES (Details)" />
    <link:definitionLink xlink:type="extended" xlink:role="http://crystalrock.com/role/DebtDetails" xlink:title="0061 - Disclosure - 12. DEBT (Details)">
      <link:loc xlink:type="locator" xlink:href="http://xbrl.fasb.org/us-gaap/2012/elts/us-gaap-2012-01-31.xsd#us-gaap_StatementLineItems" xlink:label="loc_CRVPStatementLineItems" />
      <link:loc xlink:type="locator" xlink:href="http://xbrl.fasb.org/us-gaap/2012/elts/us-gaap-2012-01-31.xsd#us-gaap_StatementTable" xlink:label="loc_CRVPStatementTable" />
      <link:definitionArc xlink:arcrole="http://xbrl.org/int/dim/arcrole/all" xbrldt:contextElement="segment" xlink:from="loc_CRVPStatementLineItems" xlink:to="loc_CRVPStatementTable" xlink:type="arc" order="10" xbrldt:closed="true" />
      <link:loc xlink:type="locator" xlink:href="http://xbrl.fasb.org/us-gaap/2012/elts/us-gaap-2012-01-31.xsd#us-gaap_DebtInstrumentAxis" xlink:label="loc_CRVPDebtInstrumentAxis" />
      <link:definitionArc xlink:arcrole="http://xbrl.org/int/dim/arcrole/hypercube-dimension" xlink:from="loc_CRVPStatementTable" xlink:to="loc_CRVPDebtInstrumentAxis" xlink:type="arc" order="20" />
      <link:loc xlink:type="locator" xlink:href="http://xbrl.fasb.org/us-gaap/2012/elts/us-gaap-2012-01-31.xsd#us-gaap_DebtInstrumentNameDomain" xlink:label="loc_CRVPDebtInstrumentNameDomain" />
      <link:definitionArc xlink:arcrole="http://xbrl.org/int/dim/arcrole/dimension-domain" xlink:from="loc_CRVPDebtInstrumentAxis" xlink:to="loc_CRVPDebtInstrumentNameDomain" xlink:type="arc" order="20" />
      <link:loc xlink:type="locator" xlink:href="http://xbrl.fasb.org/us-gaap/2012/elts/us-gaap-2012-01-31.xsd#us-gaap_DebtInstrumentNameDomain" xlink:label="loc_CRVPDebtInstrumentNameDomain_10" />
      <link:definitionArc xlink:arcrole="http://xbrl.org/int/dim/arcrole/dimension-default" xbrldt:contextElement="segment" xlink:from="loc_CRVPDebtInstrumentAxis" xlink:to="loc_CRVPDebtInstrumentNameDomain_10" xlink:type="arc" order="30" />
      <link:loc xlink:type="locator" xlink:href="crvp-20121031.xsd#CRVP_DebtTermMember" xlink:label="loc_CRVPDebtTermMember_0" />
      <link:definitionArc xlink:arcrole="http://xbrl.org/int/dim/arcrole/domain-member" xlink:from="loc_CRVPDebtInstrumentNameDomain" xlink:to="loc_CRVPDebtTermMember_0" xlink:type="arc" order="1" />
      <link:loc xlink:type="locator" xlink:href="http://xbrl.fasb.org/us-gaap/2012/elts/us-gaap-2012-01-31.xsd#us-gaap_SubordinatedDebtMember" xlink:label="loc_CRVPSubordinatedDebtMember_10" />
      <link:definitionArc xlink:arcrole="http://xbrl.org/int/dim/arcrole/domain-member" xlink:from="loc_CRVPDebtInstrumentNameDomain" xlink:to="loc_CRVPSubordinatedDebtMember_10" xlink:type="arc" order="11" />
      <link:loc xlink:type="locator" xlink:href="crvp-20121031.xsd#CRVP_NotePayableMember" xlink:label="loc_CRVPNotePayableMember_20" />
      <link:definitionArc xlink:arcrole="http://xbrl.org/int/dim/arcrole/domain-member" xlink:from="loc_CRVPDebtInstrumentNameDomain" xlink:to="loc_CRVPNotePayableMember_20" xlink:type="arc" order="21" />
      <link:loc xlink:type="locator" xlink:href="crvp-20121031.xsd#CRVP_TotalDebtMember" xlink:label="loc_CRVPTotalDebtMember_30" />
      <link:definitionArc xlink:arcrole="http://xbrl.org/int/dim/arcrole/domain-member" xlink:from="loc_CRVPDebtInstrumentNameDomain" xlink:to="loc_CRVPTotalDebtMember_30" xlink:type="arc" order="31" />
      <link:loc xlink:type="locator" xlink:href="http://xbrl.fasb.org/us-gaap/2012/elts/us-gaap-2012-01-31.xsd#us-gaap_LongTermDebtMaturitiesRepaymentsOfPrincipalInYearTwo" xlink:label="loc_CRVPLongTermDebtMaturitiesRepaymentsOfPrincipalInYearTwo_50" />
      <link:definitionArc xlink:arcrole="http://xbrl.org/int/dim/arcrole/domain-member" xlink:from="loc_CRVPStatementLineItems" xlink:to="loc_CRVPLongTermDebtMaturitiesRepaymentsOfPrincipalInYearTwo_50" xlink:type="arc" order="1" />
      <link:loc xlink:type="locator" xlink:href="http://xbrl.fasb.org/us-gaap/2012/elts/us-gaap-2012-01-31.xsd#us-gaap_LongTermDebtMaturitiesRepaymentsOfPrincipalInYearThree" xlink:label="loc_CRVPLongTermDebtMaturitiesRepaymentsOfPrincipalInYearThree_50" />
      <link:definitionArc xlink:arcrole="http://xbrl.org/int/dim/arcrole/domain-member" xlink:from="loc_CRVPStatementLineItems" xlink:to="loc_CRVPLongTermDebtMaturitiesRepaymentsOfPrincipalInYearThree_50" xlink:type="arc" order="2" />
      <link:loc xlink:type="locator" xlink:href="http://xbrl.fasb.org/us-gaap/2012/elts/us-gaap-2012-01-31.xsd#us-gaap_LongTermDebtMaturitiesRepaymentsOfPrincipalInYearFour" xlink:label="loc_CRVPLongTermDebtMaturitiesRepaymentsOfPrincipalInYearFour_50" />
      <link:definitionArc xlink:arcrole="http://xbrl.org/int/dim/arcrole/domain-member" xlink:from="loc_CRVPStatementLineItems" xlink:to="loc_CRVPLongTermDebtMaturitiesRepaymentsOfPrincipalInYearFour_50" xlink:type="arc" order="3" />
      <link:loc xlink:type="locator" xlink:href="http://xbrl.fasb.org/us-gaap/2012/elts/us-gaap-2012-01-31.xsd#us-gaap_LongTermDebt" xlink:label="loc_CRVPLongTermDebt_50" />
      <link:definitionArc xlink:arcrole="http://xbrl.org/int/dim/arcrole/domain-member" xlink:from="loc_CRVPStatementLineItems" xlink:to="loc_CRVPLongTermDebt_50" xlink:type="arc" order="4" />
    </link:definitionLink>
    <link:definitionLink xlink:type="extended" xlink:role="http://crystalrock.com/role/On-BalanceSheetDerivativeInstrumentsAndHedgingActivitiesDetails" xlink:title="0062 - Disclosure - 13. ON-BALANCE SHEET DERIVATIVE INSTRUMENTS AND HEDGING ACTIVITIES (Details)">
      <link:loc xlink:type="locator" xlink:href="http://xbrl.fasb.org/us-gaap/2012/elts/us-gaap-2012-01-31.xsd#us-gaap_StatementLineItems" xlink:label="loc_CRVPStatementLineItems" />
      <link:loc xlink:type="locator" xlink:href="http://xbrl.fasb.org/us-gaap/2012/elts/us-gaap-2012-01-31.xsd#us-gaap_StatementTable" xlink:label="loc_CRVPStatementTable" />
      <link:definitionArc xlink:arcrole="http://xbrl.org/int/dim/arcrole/all" xbrldt:contextElement="segment" xlink:from="loc_CRVPStatementLineItems" xlink:to="loc_CRVPStatementTable" xlink:type="arc" order="10" xbrldt:closed="true" />
      <link:loc xlink:type="locator" xlink:href="http://xbrl.fasb.org/us-gaap/2012/elts/us-gaap-2012-01-31.xsd#us-gaap_IncomeStatementLocationAxis" xlink:label="loc_CRVPIncomeStatementLocationAxis" />
      <link:definitionArc xlink:arcrole="http://xbrl.org/int/dim/arcrole/hypercube-dimension" xlink:from="loc_CRVPStatementTable" xlink:to="loc_CRVPIncomeStatementLocationAxis" xlink:type="arc" order="20" />
      <link:loc xlink:type="locator" xlink:href="http://xbrl.fasb.org/us-gaap/2012/elts/us-gaap-2012-01-31.xsd#us-gaap_IncomeStatementAndOtherComprehensiveIncomeLocationDomain" xlink:label="loc_CRVPIncomeStatementAndOtherComprehensiveIncomeLocationDomain" />
      <link:definitionArc xlink:arcrole="http://xbrl.org/int/dim/arcrole/dimension-domain" xlink:from="loc_CRVPIncomeStatementLocationAxis" xlink:to="loc_CRVPIncomeStatementAndOtherComprehensiveIncomeLocationDomain" xlink:type="arc" order="20" />
      <link:loc xlink:type="locator" xlink:href="http://xbrl.fasb.org/us-gaap/2012/elts/us-gaap-2012-01-31.xsd#us-gaap_IncomeStatementAndOtherComprehensiveIncomeLocationDomain" xlink:label="loc_CRVPIncomeStatementAndOtherComprehensiveIncomeLocationDomain_10" />
      <link:definitionArc xlink:arcrole="http://xbrl.org/int/dim/arcrole/dimension-default" xbrldt:contextElement="segment" xlink:from="loc_CRVPIncomeStatementLocationAxis" xlink:to="loc_CRVPIncomeStatementAndOtherComprehensiveIncomeLocationDomain_10" xlink:type="arc" order="30" />
      <link:loc xlink:type="locator" xlink:href="crvp-20121031.xsd#CRVP_LossOnInterestRateSwapMember" xlink:label="loc_CRVPLossOnInterestRateSwapMember_0" />
      <link:definitionArc xlink:arcrole="http://xbrl.org/int/dim/arcrole/domain-member" xlink:from="loc_CRVPIncomeStatementAndOtherComprehensiveIncomeLocationDomain" xlink:to="loc_CRVPLossOnInterestRateSwapMember_0" xlink:type="arc" order="1" />
      <link:loc xlink:type="locator" xlink:href="crvp-20121031.xsd#CRVP_AmortizationOfLossOnDerivativeUndesignatedAsCashFlowHedgeMember" xlink:label="loc_CRVPAmortizationOfLossOnDerivativeUndesignatedAsCashFlowHedgeMember_10" />
      <link:definitionArc xlink:arcrole="http://xbrl.org/int/dim/arcrole/domain-member" xlink:from="loc_CRVPIncomeStatementAndOtherComprehensiveIncomeLocationDomain" xlink:to="loc_CRVPAmortizationOfLossOnDerivativeUndesignatedAsCashFlowHedgeMember_10" xlink:type="arc" order="11" />
      <link:loc xlink:type="locator" xlink:href="crvp-20121031.xsd#CRVP_ReclassificationAdjustmentForLossInIncomeMember" xlink:label="loc_CRVPReclassificationAdjustmentForLossInIncomeMember_20" />
      <link:definitionArc xlink:arcrole="http://xbrl.org/int/dim/arcrole/domain-member" xlink:from="loc_CRVPIncomeStatementAndOtherComprehensiveIncomeLocationDomain" xlink:to="loc_CRVPReclassificationAdjustmentForLossInIncomeMember_20" xlink:type="arc" order="21" />
      <link:loc xlink:type="locator" xlink:href="crvp-20121031.xsd#CRVP_NetUnrealizedGainMember" xlink:label="loc_CRVPNetUnrealizedGainMember_30" />
      <link:definitionArc xlink:arcrole="http://xbrl.org/int/dim/arcrole/domain-member" xlink:from="loc_CRVPIncomeStatementAndOtherComprehensiveIncomeLocationDomain" xlink:to="loc_CRVPNetUnrealizedGainMember_30" xlink:type="arc" order="31" />
      <link:loc xlink:type="locator" xlink:href="crvp-20121031.xsd#CRVP_OtherComprehensiveIncomebeforeTax" xlink:label="loc_CRVPOtherComprehensiveIncomebeforeTax_90" />
      <link:definitionArc xlink:arcrole="http://xbrl.org/int/dim/arcrole/domain-member" xlink:from="loc_CRVPStatementLineItems" xlink:to="loc_CRVPOtherComprehensiveIncomebeforeTax_90" xlink:type="arc" order="1" />
      <link:loc xlink:type="locator" xlink:href="crvp-20121031.xsd#CRVP_TaxBenefitExpense" xlink:label="loc_CRVPTaxBenefitExpense_90" />
      <link:definitionArc xlink:arcrole="http://xbrl.org/int/dim/arcrole/domain-member" xlink:from="loc_CRVPStatementLineItems" xlink:to="loc_CRVPTaxBenefitExpense_90" xlink:type="arc" order="2" />
      <link:loc xlink:type="locator" xlink:href="crvp-20121031.xsd#CRVP_OtherComprehensiveIncomenetOfTax" xlink:label="loc_CRVPOtherComprehensiveIncomenetOfTax_90" />
      <link:definitionArc xlink:arcrole="http://xbrl.org/int/dim/arcrole/domain-member" xlink:from="loc_CRVPStatementLineItems" xlink:to="loc_CRVPOtherComprehensiveIncomenetOfTax_90" xlink:type="arc" order="3" />
    </link:definitionLink>
    <link:definitionLink xlink:type="extended" xlink:role="http://crystalrock.com/role/FairValueOfAssetsAndLiabilitiesDetails" xlink:title="0063 - Disclosure - 14. FAIR VALUE OF ASSETS AND LIABILITIES (Details)">
      <link:loc xlink:type="locator" xlink:href="http://xbrl.fasb.org/us-gaap/2012/elts/us-gaap-2012-01-31.xsd#us-gaap_StatementLineItems" xlink:label="loc_CRVPStatementLineItems" />
      <link:loc xlink:type="locator" xlink:href="http://xbrl.fasb.org/us-gaap/2012/elts/us-gaap-2012-01-31.xsd#us-gaap_StatementTable" xlink:label="loc_CRVPStatementTable" />
      <link:definitionArc xlink:arcrole="http://xbrl.org/int/dim/arcrole/all" xbrldt:contextElement="segment" xlink:from="loc_CRVPStatementLineItems" xlink:to="loc_CRVPStatementTable" xlink:type="arc" order="10" xbrldt:closed="true" />
      <link:loc xlink:type="locator" xlink:href="http://xbrl.fasb.org/us-gaap/2012/elts/us-gaap-2012-01-31.xsd#us-gaap_FairValueByLiabilityClassAxis" xlink:label="loc_CRVPFairValueByLiabilityClassAxis" />
      <link:definitionArc xlink:arcrole="http://xbrl.org/int/dim/arcrole/hypercube-dimension" xlink:from="loc_CRVPStatementTable" xlink:to="loc_CRVPFairValueByLiabilityClassAxis" xlink:type="arc" order="20" />
      <link:loc xlink:type="locator" xlink:href="http://xbrl.fasb.org/us-gaap/2012/elts/us-gaap-2012-01-31.xsd#us-gaap_FairValueLiabilitiesMeasuredOnRecurringBasisUnobservableInputReconciliationByLiabilityClassDomain" xlink:label="loc_CRVPFairValueLiabilitiesMeasuredOnRecurringBasisUnobservableInputReconciliationByLiabilityClassDomain" />
      <link:definitionArc xlink:arcrole="http://xbrl.org/int/dim/arcrole/dimension-domain" xlink:from="loc_CRVPFairValueByLiabilityClassAxis" xlink:to="loc_CRVPFairValueLiabilitiesMeasuredOnRecurringBasisUnobservableInputReconciliationByLiabilityClassDomain" xlink:type="arc" order="20" />
      <link:loc xlink:type="locator" xlink:href="http://xbrl.fasb.org/us-gaap/2012/elts/us-gaap-2012-01-31.xsd#us-gaap_FairValueLiabilitiesMeasuredOnRecurringBasisUnobservableInputReconciliationByLiabilityClassDomain" xlink:label="loc_CRVPFairValueLiabilitiesMeasuredOnRecurringBasisUnobservableInputReconciliationByLiabilityClassDomain_10" />
      <link:definitionArc xlink:arcrole="http://xbrl.org/int/dim/arcrole/dimension-default" xbrldt:contextElement="segment" xlink:from="loc_CRVPFairValueByLiabilityClassAxis" xlink:to="loc_CRVPFairValueLiabilitiesMeasuredOnRecurringBasisUnobservableInputReconciliationByLiabilityClassDomain_10" xlink:type="arc" order="30" />
      <link:loc xlink:type="locator" xlink:href="crvp-20121031.xsd#CRVP_Level1Member" xlink:label="loc_CRVPLevel1Member_0" />
      <link:definitionArc xlink:arcrole="http://xbrl.org/int/dim/arcrole/domain-member" xlink:from="loc_CRVPFairValueLiabilitiesMeasuredOnRecurringBasisUnobservableInputReconciliationByLiabilityClassDomain" xlink:to="loc_CRVPLevel1Member_0" xlink:type="arc" order="1" />
      <link:loc xlink:type="locator" xlink:href="crvp-20121031.xsd#CRVP_Level2Member" xlink:label="loc_CRVPLevel2Member_10" />
      <link:definitionArc xlink:arcrole="http://xbrl.org/int/dim/arcrole/domain-member" xlink:from="loc_CRVPFairValueLiabilitiesMeasuredOnRecurringBasisUnobservableInputReconciliationByLiabilityClassDomain" xlink:to="loc_CRVPLevel2Member_10" xlink:type="arc" order="11" />
      <link:loc xlink:type="locator" xlink:href="crvp-20121031.xsd#CRVP_Level3Member" xlink:label="loc_CRVPLevel3Member_20" />
      <link:definitionArc xlink:arcrole="http://xbrl.org/int/dim/arcrole/domain-member" xlink:from="loc_CRVPFairValueLiabilitiesMeasuredOnRecurringBasisUnobservableInputReconciliationByLiabilityClassDomain" xlink:to="loc_CRVPLevel3Member_20" xlink:type="arc" order="21" />
      <link:loc xlink:type="locator" xlink:href="crvp-20121031.xsd#CRVP_GainsLossesMember" xlink:label="loc_CRVPGainsLossesMember_30" />
      <link:definitionArc xlink:arcrole="http://xbrl.org/int/dim/arcrole/domain-member" xlink:from="loc_CRVPFairValueLiabilitiesMeasuredOnRecurringBasisUnobservableInputReconciliationByLiabilityClassDomain" xlink:to="loc_CRVPGainsLossesMember_30" xlink:type="arc" order="31" />
      <link:loc xlink:type="locator" xlink:href="http://xbrl.fasb.org/us-gaap/2012/elts/us-gaap-2012-01-31.xsd#us-gaap_LiabilitiesAbstract" xlink:label="loc_CRVPLiabilitiesAbstract_80" />
      <link:definitionArc xlink:arcrole="http://xbrl.org/int/dim/arcrole/domain-member" xlink:from="loc_CRVPStatementLineItems" xlink:to="loc_CRVPLiabilitiesAbstract_80" xlink:type="arc" order="1" />
      <link:loc xlink:type="locator" xlink:href="http://xbrl.fasb.org/us-gaap/2012/elts/us-gaap-2012-01-31.xsd#us-gaap_LiabilitiesFairValueDisclosure" xlink:label="loc_CRVPLiabilitiesFairValueDisclosure_80" />
      <link:definitionArc xlink:arcrole="http://xbrl.org/int/dim/arcrole/domain-member" xlink:from="loc_CRVPLiabilitiesAbstract_80" xlink:to="loc_CRVPLiabilitiesFairValueDisclosure_80" xlink:type="arc" order="2" />
      <link:loc xlink:type="locator" xlink:href="http://xbrl.fasb.org/us-gaap/2012/elts/us-gaap-2012-01-31.xsd#us-gaap_AssetsAbstract" xlink:label="loc_CRVPAssetsAbstract_80" />
      <link:definitionArc xlink:arcrole="http://xbrl.org/int/dim/arcrole/domain-member" xlink:from="loc_CRVPStatementLineItems" xlink:to="loc_CRVPAssetsAbstract_80" xlink:type="arc" order="3" />
      <link:loc xlink:type="locator" xlink:href="http://xbrl.fasb.org/us-gaap/2012/elts/us-gaap-2012-01-31.xsd#us-gaap_Goodwill" xlink:label="loc_CRVPGoodwill_80" />
      <link:definitionArc xlink:arcrole="http://xbrl.org/int/dim/arcrole/domain-member" xlink:from="loc_CRVPAssetsAbstract_80" xlink:to="loc_CRVPGoodwill_80" xlink:type="arc" order="4" />
    </link:definitionLink>
    <link:definitionLink xlink:type="extended" xlink:role="http://crystalrock.com/role/CommitmentsAndContingenciesDetails" xlink:title="0064 - Disclosure - 15. COMMITMENTS AND CONTINGENCIES (Details)" />
    <link:definitionLink xlink:type="extended" xlink:role="http://crystalrock.com/role/StockBasedCompensationDetails" xlink:title="0065 - Disclosure - 16. STOCK BASED COMPENSATION (Details)" />
    <link:definitionLink xlink:type="extended" xlink:role="http://crystalrock.com/role/IncomeTaxesDetails" xlink:title="0066 - Disclosure - 18. INCOME TAXES (Details)" />
    <link:definitionLink xlink:type="extended" xlink:role="http://crystalrock.com/role/IncomeTaxesDetails1" xlink:title="0067 - Disclosure - 18. INCOME TAXES (Details 1)" />
    <link:definitionLink xlink:type="extended" xlink:role="http://crystalrock.com/role/IncomeTaxesDetails2" xlink:title="0068 - Disclosure - 18. INCOME TAXES (Details 2)" />
    <link:definitionLink xlink:type="extended" xlink:role="http://crystalrock.com/role/IncomeTaxesDetails3" xlink:title="0069 - Disclosure - 18. INCOME TAXES (Details 3)" />
    <link:definitionLink xlink:type="extended" xlink:role="http://crystalrock.com/role/NetIncomePerShareAndWeightedAverageSharesDetails" xlink:title="0070 - Disclosure - 19. NET INCOME PER SHARE AND WEIGHTED AVERAGE SHARES (Details)" />
    <link:definitionLink xlink:type="extended" xlink:role="http://crystalrock.com/role/RelatedPartyTransactionsDetails" xlink:title="0071 - Disclosure - 21. RELATED PARTY TRANSACTIONS (Details)">
      <link:loc xlink:type="locator" xlink:href="http://xbrl.fasb.org/us-gaap/2012/elts/us-gaap-2012-01-31.xsd#us-gaap_StatementLineItems" xlink:label="loc_CRVPStatementLineItems" />
      <link:loc xlink:type="locator" xlink:href="http://xbrl.fasb.org/us-gaap/2012/elts/us-gaap-2012-01-31.xsd#us-gaap_StatementTable" xlink:label="loc_CRVPStatementTable" />
      <link:definitionArc xlink:arcrole="http://xbrl.org/int/dim/arcrole/all" xbrldt:contextElement="segment" xlink:from="loc_CRVPStatementLineItems" xlink:to="loc_CRVPStatementTable" xlink:type="arc" order="10" xbrldt:closed="true" />
      <link:loc xlink:type="locator" xlink:href="http://xbrl.fasb.org/us-gaap/2012/elts/us-gaap-2012-01-31.xsd#us-gaap_RelatedPartyTransactionsByRelatedPartyAxis" xlink:label="loc_CRVPRelatedPartyTransactionsByRelatedPartyAxis" />
      <link:definitionArc xlink:arcrole="http://xbrl.org/int/dim/arcrole/hypercube-dimension" xlink:from="loc_CRVPStatementTable" xlink:to="loc_CRVPRelatedPartyTransactionsByRelatedPartyAxis" xlink:type="arc" order="20" />
      <link:loc xlink:type="locator" xlink:href="http://xbrl.fasb.org/us-gaap/2012/elts/us-gaap-2012-01-31.xsd#us-gaap_RelatedPartyDomain" xlink:label="loc_CRVPRelatedPartyDomain" />
      <link:definitionArc xlink:arcrole="http://xbrl.org/int/dim/arcrole/dimension-domain" xlink:from="loc_CRVPRelatedPartyTransactionsByRelatedPartyAxis" xlink:to="loc_CRVPRelatedPartyDomain" xlink:type="arc" order="20" />
      <link:loc xlink:type="locator" xlink:href="http://xbrl.fasb.org/us-gaap/2012/elts/us-gaap-2012-01-31.xsd#us-gaap_RelatedPartyDomain" xlink:label="loc_CRVPRelatedPartyDomain_10" />
      <link:definitionArc xlink:arcrole="http://xbrl.org/int/dim/arcrole/dimension-default" xbrldt:contextElement="segment" xlink:from="loc_CRVPRelatedPartyTransactionsByRelatedPartyAxis" xlink:to="loc_CRVPRelatedPartyDomain_10" xlink:type="arc" order="30" />
      <link:loc xlink:type="locator" xlink:href="crvp-20121031.xsd#CRVP_StamfordMember" xlink:label="loc_CRVPStamfordMember_0" />
      <link:definitionArc xlink:arcrole="http://xbrl.org/int/dim/arcrole/domain-member" xlink:from="loc_CRVPRelatedPartyDomain" xlink:to="loc_CRVPStamfordMember_0" xlink:type="arc" order="1" />
      <link:loc xlink:type="locator" xlink:href="crvp-20121031.xsd#CRVP_WatertownMember" xlink:label="loc_CRVPWatertownMember_10" />
      <link:definitionArc xlink:arcrole="http://xbrl.org/int/dim/arcrole/domain-member" xlink:from="loc_CRVPRelatedPartyDomain" xlink:to="loc_CRVPWatertownMember_10" xlink:type="arc" order="11" />
      <link:loc xlink:type="locator" xlink:href="crvp-20121031.xsd#CRVP_FutureMinimumRentalPaymentsRelatedPartyYearTwo" xlink:label="loc_CRVPFutureMinimumRentalPaymentsRelatedPartyYearTwo_40" />
      <link:definitionArc xlink:arcrole="http://xbrl.org/int/dim/arcrole/domain-member" xlink:from="loc_CRVPStatementLineItems" xlink:to="loc_CRVPFutureMinimumRentalPaymentsRelatedPartyYearTwo_40" xlink:type="arc" order="0" />
      <link:loc xlink:type="locator" xlink:href="crvp-20121031.xsd#CRVP_FutureMinimumRentalPaymentsRelatedPartyYearThree" xlink:label="loc_CRVPFutureMinimumRentalPaymentsRelatedPartyYearThree_40" />
      <link:definitionArc xlink:arcrole="http://xbrl.org/int/dim/arcrole/domain-member" xlink:from="loc_CRVPStatementLineItems" xlink:to="loc_CRVPFutureMinimumRentalPaymentsRelatedPartyYearThree_40" xlink:type="arc" order="1" />
      <link:loc xlink:type="locator" xlink:href="crvp-20121031.xsd#CRVP_FutureMinimumRentalPaymentsRelatedPartyYearFour" xlink:label="loc_CRVPFutureMinimumRentalPaymentsRelatedPartyYearFour_40" />
      <link:definitionArc xlink:arcrole="http://xbrl.org/int/dim/arcrole/domain-member" xlink:from="loc_CRVPStatementLineItems" xlink:to="loc_CRVPFutureMinimumRentalPaymentsRelatedPartyYearFour_40" xlink:type="arc" order="2" />
      <link:loc xlink:type="locator" xlink:href="crvp-20121031.xsd#CRVP_FutureMinimumRentalPaymentsRelatedPartyYearFive" xlink:label="loc_CRVPFutureMinimumRentalPaymentsRelatedPartyYearFive_40" />
      <link:definitionArc xlink:arcrole="http://xbrl.org/int/dim/arcrole/domain-member" xlink:from="loc_CRVPStatementLineItems" xlink:to="loc_CRVPFutureMinimumRentalPaymentsRelatedPartyYearFive_40" xlink:type="arc" order="3" />
      <link:loc xlink:type="locator" xlink:href="crvp-20121031.xsd#CRVP_FutureMinimumRentalPaymentsRelatedPartyYearSix" xlink:label="loc_CRVPFutureMinimumRentalPaymentsRelatedPartyYearSix_40" />
      <link:definitionArc xlink:arcrole="http://xbrl.org/int/dim/arcrole/domain-member" xlink:from="loc_CRVPStatementLineItems" xlink:to="loc_CRVPFutureMinimumRentalPaymentsRelatedPartyYearSix_40" xlink:type="arc" order="4" />
      <link:loc xlink:type="locator" xlink:href="crvp-20121031.xsd#CRVP_FutureMinimumRentalPaymentsRelatedPartyYearSeven" xlink:label="loc_CRVPFutureMinimumRentalPaymentsRelatedPartyYearSeven_40" />
      <link:definitionArc xlink:arcrole="http://xbrl.org/int/dim/arcrole/domain-member" xlink:from="loc_CRVPStatementLineItems" xlink:to="loc_CRVPFutureMinimumRentalPaymentsRelatedPartyYearSeven_40" xlink:type="arc" order="5" />
      <link:loc xlink:type="locator" xlink:href="crvp-20121031.xsd#CRVP_FutureMinimumRentalPaymentsRelatedPartyYearEight" xlink:label="loc_CRVPFutureMinimumRentalPaymentsRelatedPartyYearEight_40" />
      <link:definitionArc xlink:arcrole="http://xbrl.org/int/dim/arcrole/domain-member" xlink:from="loc_CRVPStatementLineItems" xlink:to="loc_CRVPFutureMinimumRentalPaymentsRelatedPartyYearEight_40" xlink:type="arc" order="6" />
      <link:loc xlink:type="locator" xlink:href="crvp-20121031.xsd#CRVP_FutureMinimumRentalPaymentsRelatedPartyYearNine" xlink:label="loc_CRVPFutureMinimumRentalPaymentsRelatedPartyYearNine_40" />
      <link:definitionArc xlink:arcrole="http://xbrl.org/int/dim/arcrole/domain-member" xlink:from="loc_CRVPStatementLineItems" xlink:to="loc_CRVPFutureMinimumRentalPaymentsRelatedPartyYearNine_40" xlink:type="arc" order="7" />
      <link:loc xlink:type="locator" xlink:href="http://xbrl.fasb.org/us-gaap/2012/elts/us-gaap-2012-01-31.xsd#us-gaap_RelatedPartyTransactionDueFromToRelatedParty" xlink:label="loc_CRVPRelatedPartyTransactionDueFromToRelatedParty_40" />
      <link:definitionArc xlink:arcrole="http://xbrl.org/int/dim/arcrole/domain-member" xlink:from="loc_CRVPStatementLineItems" xlink:to="loc_CRVPRelatedPartyTransactionDueFromToRelatedParty_40" xlink:type="arc" order="8" />
    </link:definitionLink>
</link:linkbase>
