<?xml version="1.0" encoding="US-ASCII"?>
<!--XBRL Document Created with WebFilings-->
<!-- -->
<linkbase xsi:schemaLocation="http://www.xbrl.org/2003/linkbase http://www.xbrl.org/2003/xbrl-linkbase-2003-12-31.xsd" xmlns="http://www.xbrl.org/2003/linkbase" xmlns:xlink="http://www.w3.org/1999/xlink" xmlns:xsi="http://www.w3.org/2001/XMLSchema-instance">
  <roleRef roleURI="http://www.multimediagames.com/role/AccountsPayableAndAccruedLiabilities" xlink:href="mgam-20120930.xsd#AccountsPayableAndAccruedLiabilities" xlink:type="simple" />
  <roleRef roleURI="http://www.multimediagames.com/role/AccountsPayableAndAccruedLiabilitiesDetails" xlink:href="mgam-20120930.xsd#AccountsPayableAndAccruedLiabilitiesDetails" xlink:type="simple" />
  <roleRef roleURI="http://www.multimediagames.com/role/AccountsPayableAndAccruedLiabilitiesTables" xlink:href="mgam-20120930.xsd#AccountsPayableAndAccruedLiabilitiesTables" xlink:type="simple" />
  <roleRef roleURI="http://www.multimediagames.com/role/CommitmentsAndContingencies" xlink:href="mgam-20120930.xsd#CommitmentsAndContingencies" xlink:type="simple" />
  <roleRef roleURI="http://www.multimediagames.com/role/CommitmentsAndContingenciesDetails" xlink:href="mgam-20120930.xsd#CommitmentsAndContingenciesDetails" xlink:type="simple" />
  <roleRef roleURI="http://www.multimediagames.com/role/CommonStockRepurchaseProgram" xlink:href="mgam-20120930.xsd#CommonStockRepurchaseProgram" xlink:type="simple" />
  <roleRef roleURI="http://www.multimediagames.com/role/CommonStockRepurchaseProgramDetails" xlink:href="mgam-20120930.xsd#CommonStockRepurchaseProgramDetails" xlink:type="simple" />
  <roleRef roleURI="http://www.multimediagames.com/role/CondensedConsolidatedBalanceSheets" xlink:href="mgam-20120930.xsd#CondensedConsolidatedBalanceSheets" xlink:type="simple" />
  <roleRef roleURI="http://www.multimediagames.com/role/CondensedConsolidatedBalanceSheetsParentheticals" xlink:href="mgam-20120930.xsd#CondensedConsolidatedBalanceSheetsParentheticals" xlink:type="simple" />
  <roleRef roleURI="http://www.multimediagames.com/role/CondensedConsolidatedStatementsOfCashFlows" xlink:href="mgam-20120930.xsd#CondensedConsolidatedStatementsOfCashFlows" xlink:type="simple" />
  <roleRef roleURI="http://www.multimediagames.com/role/CondensedConsolidatedStatementsOfOperations" xlink:href="mgam-20120930.xsd#CondensedConsolidatedStatementsOfOperations" xlink:type="simple" />
  <roleRef roleURI="http://www.multimediagames.com/role/CreditAgreementLongTermDebt" xlink:href="mgam-20120930.xsd#CreditAgreementLongTermDebt" xlink:type="simple" />
  <roleRef roleURI="http://www.multimediagames.com/role/CreditAgreementLongTermDebtDetails" xlink:href="mgam-20120930.xsd#CreditAgreementLongTermDebtDetails" xlink:type="simple" />
  <roleRef roleURI="http://www.multimediagames.com/role/CreditAgreementLongTermDebtInterestRateMarginsDetails" xlink:href="mgam-20120930.xsd#CreditAgreementLongTermDebtInterestRateMarginsDetails" xlink:type="simple" />
  <roleRef roleURI="http://www.multimediagames.com/role/CreditAgreementLongTermDebtNarrativeDetails" xlink:href="mgam-20120930.xsd#CreditAgreementLongTermDebtNarrativeDetails" xlink:type="simple" />
  <roleRef roleURI="http://www.multimediagames.com/role/CreditAgreementLongTermDebtTables" xlink:href="mgam-20120930.xsd#CreditAgreementLongTermDebtTables" xlink:type="simple" />
  <roleRef roleURI="http://www.multimediagames.com/role/DevelopmentAndPlacementFeeAgreements" xlink:href="mgam-20120930.xsd#DevelopmentAndPlacementFeeAgreements" xlink:type="simple" />
  <roleRef roleURI="http://www.multimediagames.com/role/DevelopmentAndPlacementFeeAgreementsDetails" xlink:href="mgam-20120930.xsd#DevelopmentAndPlacementFeeAgreementsDetails" xlink:type="simple" />
  <roleRef roleURI="http://www.multimediagames.com/role/DevelopmentAndPlacementFeeAgreementsTables" xlink:href="mgam-20120930.xsd#DevelopmentAndPlacementFeeAgreementsTables" xlink:type="simple" />
  <roleRef roleURI="http://www.multimediagames.com/role/DocumentAndEntityInformationDocument" xlink:href="mgam-20120930.xsd#DocumentAndEntityInformationDocument" xlink:type="simple" />
  <roleRef roleURI="http://www.multimediagames.com/role/IncomePerCommonShare" xlink:href="mgam-20120930.xsd#IncomePerCommonShare" xlink:type="simple" />
  <roleRef roleURI="http://www.multimediagames.com/role/IncomePerCommonShareDetails" xlink:href="mgam-20120930.xsd#IncomePerCommonShareDetails" xlink:type="simple" />
  <roleRef roleURI="http://www.multimediagames.com/role/IncomePerCommonShareTables" xlink:href="mgam-20120930.xsd#IncomePerCommonShareTables" xlink:type="simple" />
  <roleRef roleURI="http://www.multimediagames.com/role/IntangibleAssets" xlink:href="mgam-20120930.xsd#IntangibleAssets" xlink:type="simple" />
  <roleRef roleURI="http://www.multimediagames.com/role/IntangibleAssetsDetails" xlink:href="mgam-20120930.xsd#IntangibleAssetsDetails" xlink:type="simple" />
  <roleRef roleURI="http://www.multimediagames.com/role/IntangibleAssetsTables" xlink:href="mgam-20120930.xsd#IntangibleAssetsTables" xlink:type="simple" />
  <roleRef roleURI="http://www.multimediagames.com/role/Inventory" xlink:href="mgam-20120930.xsd#Inventory" xlink:type="simple" />
  <roleRef roleURI="http://www.multimediagames.com/role/InventoryDetails" xlink:href="mgam-20120930.xsd#InventoryDetails" xlink:type="simple" />
  <roleRef roleURI="http://www.multimediagames.com/role/InventoryTables" xlink:href="mgam-20120930.xsd#InventoryTables" xlink:type="simple" />
  <roleRef roleURI="http://www.multimediagames.com/role/NotesReceivable" xlink:href="mgam-20120930.xsd#NotesReceivable" xlink:type="simple" />
  <roleRef roleURI="http://www.multimediagames.com/role/NotesReceivableDetails" xlink:href="mgam-20120930.xsd#NotesReceivableDetails" xlink:type="simple" />
  <roleRef roleURI="http://www.multimediagames.com/role/NotesReceivableTables" xlink:href="mgam-20120930.xsd#NotesReceivableTables" xlink:type="simple" />
  <roleRef roleURI="http://www.multimediagames.com/role/PropertyAndEquipmentAndLeasedGamingEquipment" xlink:href="mgam-20120930.xsd#PropertyAndEquipmentAndLeasedGamingEquipment" xlink:type="simple" />
  <roleRef roleURI="http://www.multimediagames.com/role/PropertyAndEquipmentAndLeasedGamingEquipmentDetails" xlink:href="mgam-20120930.xsd#PropertyAndEquipmentAndLeasedGamingEquipmentDetails" xlink:type="simple" />
  <roleRef roleURI="http://www.multimediagames.com/role/PropertyAndEquipmentAndLeasedGamingEquipmentTables" xlink:href="mgam-20120930.xsd#PropertyAndEquipmentAndLeasedGamingEquipmentTables" xlink:type="simple" />
  <roleRef roleURI="http://www.multimediagames.com/role/SignificantAccountingPolicies" xlink:href="mgam-20120930.xsd#SignificantAccountingPolicies" xlink:type="simple" />
  <roleRef roleURI="http://www.multimediagames.com/role/SignificantAccountingPoliciesDetails" xlink:href="mgam-20120930.xsd#SignificantAccountingPoliciesDetails" xlink:type="simple" />
  <roleRef roleURI="http://www.multimediagames.com/role/SignificantAccountingPoliciesFairValueMeasurementsDetails" xlink:href="mgam-20120930.xsd#SignificantAccountingPoliciesFairValueMeasurementsDetails" xlink:type="simple" />
  <roleRef roleURI="http://www.multimediagames.com/role/SignificantAccountingPoliciesPolicies" xlink:href="mgam-20120930.xsd#SignificantAccountingPoliciesPolicies" xlink:type="simple" />
  <roleRef roleURI="http://www.multimediagames.com/role/SignificantAccountingPoliciesTables" xlink:href="mgam-20120930.xsd#SignificantAccountingPoliciesTables" xlink:type="simple" />
  <roleRef roleURI="http://www.multimediagames.com/role/SubsequestEvents" xlink:href="mgam-20120930.xsd#SubsequestEvents" xlink:type="simple" />
  <roleRef roleURI="http://www.multimediagames.com/role/SummaryOfCompanyInformation" xlink:href="mgam-20120930.xsd#SummaryOfCompanyInformation" xlink:type="simple" />
  <roleRef roleURI="http://www.multimediagames.com/role/TerminationOfMexicoOperations" xlink:href="mgam-20120930.xsd#TerminationOfMexicoOperations" xlink:type="simple" />
  <roleRef roleURI="http://www.multimediagames.com/role/TerminationOfMexicoOperationsDetails" xlink:href="mgam-20120930.xsd#TerminationOfMexicoOperationsDetails" xlink:type="simple" />
  <roleRef roleURI="http://www.multimediagames.com/role/ValueAddedTaxReceivable" xlink:href="mgam-20120930.xsd#ValueAddedTaxReceivable" xlink:type="simple" />
  <roleRef roleURI="http://www.multimediagames.com/role/ValueAddedTaxReceivableDetails" xlink:href="mgam-20120930.xsd#ValueAddedTaxReceivableDetails" xlink:type="simple" />
  <calculationLink xlink:role="http://www.multimediagames.com/role/AccountsPayableAndAccruedLiabilities" xlink:type="extended" />
  <calculationLink xlink:role="http://www.multimediagames.com/role/AccountsPayableAndAccruedLiabilitiesDetails" xlink:type="extended">
    <loc xlink:href="http://xbrl.fasb.org/us-gaap/2012/elts/us-gaap-2012-01-31.xsd#us-gaap_AccountsPayableAndAccruedLiabilitiesCurrent" xlink:label="loc_us-gaap_AccountsPayableAndAccruedLiabilitiesCurrent_28a6846e-78f6-11e1-94fe-25ba39ebf1f4" xlink:type="locator" />
    <loc xlink:href="http://xbrl.fasb.org/us-gaap/2012/elts/us-gaap-2012-01-31.xsd#us-gaap_AccountsPayableTradeCurrent" xlink:label="loc_us-gaap_AccountsPayableTradeCurrent_28c73b28-78f6-11e1-94fe-25ba39ebf1f4" xlink:type="locator" />
    <calculationArc order="1" weight="1" xlink:arcrole="http://www.xbrl.org/2003/arcrole/summation-item" xlink:from="loc_us-gaap_AccountsPayableAndAccruedLiabilitiesCurrent_28a6846e-78f6-11e1-94fe-25ba39ebf1f4" xlink:to="loc_us-gaap_AccountsPayableTradeCurrent_28c73b28-78f6-11e1-94fe-25ba39ebf1f4" xlink:type="arc" />
    <loc xlink:href="http://xbrl.fasb.org/us-gaap/2012/elts/us-gaap-2012-01-31.xsd#us-gaap_AccruedLiabilitiesCurrent" xlink:label="loc_us-gaap_AccruedLiabilitiesCurrent_299992da-78f6-11e1-94fe-25ba39ebf1f4" xlink:type="locator" />
    <calculationArc order="2" weight="1" xlink:arcrole="http://www.xbrl.org/2003/arcrole/summation-item" xlink:from="loc_us-gaap_AccountsPayableAndAccruedLiabilitiesCurrent_28a6846e-78f6-11e1-94fe-25ba39ebf1f4" xlink:to="loc_us-gaap_AccruedLiabilitiesCurrent_299992da-78f6-11e1-94fe-25ba39ebf1f4" xlink:type="arc" />
    <loc xlink:href="mgam-20120930.xsd#mgam_AccruedBonusAndSalariesCurrent" xlink:label="loc_mgam_AccruedBonusAndSalariesCurrent_7cb7801c-ba4b-11e1-b8d6-12313d2002a1" xlink:type="locator" />
    <calculationArc order="3" weight="1" xlink:arcrole="http://www.xbrl.org/2003/arcrole/summation-item" xlink:from="loc_us-gaap_AccountsPayableAndAccruedLiabilitiesCurrent_28a6846e-78f6-11e1-94fe-25ba39ebf1f4" xlink:to="loc_mgam_AccruedBonusAndSalariesCurrent_7cb7801c-ba4b-11e1-b8d6-12313d2002a1" xlink:type="arc" />
    <loc xlink:href="mgam-20120930.xsd#mgam_AccruedTaxesForeign" xlink:label="loc_mgam_AccruedTaxesForeign_97221026-2d2c-11e2-b3ab-22000a1cf22c" xlink:type="locator" />
    <calculationArc order="4" weight="1" xlink:arcrole="http://www.xbrl.org/2003/arcrole/summation-item" xlink:from="loc_us-gaap_AccountsPayableAndAccruedLiabilitiesCurrent_28a6846e-78f6-11e1-94fe-25ba39ebf1f4" xlink:to="loc_mgam_AccruedTaxesForeign_97221026-2d2c-11e2-b3ab-22000a1cf22c" xlink:type="arc" />
    <loc xlink:href="http://xbrl.fasb.org/us-gaap/2012/elts/us-gaap-2012-01-31.xsd#us-gaap_AccruedMarketingCostsCurrent" xlink:label="loc_us-gaap_AccruedMarketingCostsCurrent_2998213e-78f6-11e1-94fe-25ba39ebf1f4" xlink:type="locator" />
    <calculationArc order="5" weight="1" xlink:arcrole="http://www.xbrl.org/2003/arcrole/summation-item" xlink:from="loc_us-gaap_AccountsPayableAndAccruedLiabilitiesCurrent_28a6846e-78f6-11e1-94fe-25ba39ebf1f4" xlink:to="loc_us-gaap_AccruedMarketingCostsCurrent_2998213e-78f6-11e1-94fe-25ba39ebf1f4" xlink:type="arc" />
    <loc xlink:href="http://xbrl.fasb.org/us-gaap/2012/elts/us-gaap-2012-01-31.xsd#us-gaap_OtherLiabilitiesCurrent" xlink:label="loc_us-gaap_OtherLiabilitiesCurrent_63d03724-78f6-11e1-94fe-25ba39ebf1f4" xlink:type="locator" />
    <calculationArc order="6" weight="1" xlink:arcrole="http://www.xbrl.org/2003/arcrole/summation-item" xlink:from="loc_us-gaap_AccountsPayableAndAccruedLiabilitiesCurrent_28a6846e-78f6-11e1-94fe-25ba39ebf1f4" xlink:to="loc_us-gaap_OtherLiabilitiesCurrent_63d03724-78f6-11e1-94fe-25ba39ebf1f4" xlink:type="arc" />
  </calculationLink>
  <calculationLink xlink:role="http://www.multimediagames.com/role/AccountsPayableAndAccruedLiabilitiesTables" xlink:type="extended" />
  <calculationLink xlink:role="http://www.multimediagames.com/role/CommitmentsAndContingencies" xlink:type="extended" />
  <calculationLink xlink:role="http://www.multimediagames.com/role/CommitmentsAndContingenciesDetails" xlink:type="extended" />
  <calculationLink xlink:role="http://www.multimediagames.com/role/CommonStockRepurchaseProgram" xlink:type="extended" />
  <calculationLink xlink:role="http://www.multimediagames.com/role/CommonStockRepurchaseProgramDetails" xlink:type="extended" />
  <calculationLink xlink:role="http://www.multimediagames.com/role/CondensedConsolidatedBalanceSheets" xlink:type="extended">
    <loc xlink:href="http://xbrl.fasb.org/us-gaap/2012/elts/us-gaap-2012-01-31.xsd#us-gaap_Assets" xlink:label="loc_us-gaap_Assets_2c254058-78f6-11e1-94fe-25ba39ebf1f4" xlink:type="locator" />
    <loc xlink:href="http://xbrl.fasb.org/us-gaap/2012/elts/us-gaap-2012-01-31.xsd#us-gaap_AssetsCurrent" xlink:label="loc_us-gaap_AssetsCurrent_2c23c494-78f6-11e1-94fe-25ba39ebf1f4" xlink:type="locator" />
    <calculationArc order="1" weight="1" xlink:arcrole="http://www.xbrl.org/2003/arcrole/summation-item" xlink:from="loc_us-gaap_Assets_2c254058-78f6-11e1-94fe-25ba39ebf1f4" xlink:to="loc_us-gaap_AssetsCurrent_2c23c494-78f6-11e1-94fe-25ba39ebf1f4" xlink:type="arc" />
    <loc xlink:href="http://xbrl.fasb.org/us-gaap/2012/elts/us-gaap-2012-01-31.xsd#us-gaap_CashCashEquivalentsAndShortTermInvestments" xlink:label="loc_us-gaap_CashCashEquivalentsAndShortTermInvestments_31c20802-78f6-11e1-94fe-25ba39ebf1f4" xlink:type="locator" />
    <calculationArc order="1" weight="1" xlink:arcrole="http://www.xbrl.org/2003/arcrole/summation-item" xlink:from="loc_us-gaap_AssetsCurrent_2c23c494-78f6-11e1-94fe-25ba39ebf1f4" xlink:to="loc_us-gaap_CashCashEquivalentsAndShortTermInvestments_31c20802-78f6-11e1-94fe-25ba39ebf1f4" xlink:type="arc" />
    <loc xlink:href="http://xbrl.fasb.org/us-gaap/2012/elts/us-gaap-2012-01-31.xsd#us-gaap_AccountsReceivableNetCurrent" xlink:label="loc_us-gaap_AccountsReceivableNetCurrent_28c3463a-78f6-11e1-94fe-25ba39ebf1f4" xlink:type="locator" />
    <calculationArc order="2" weight="1" xlink:arcrole="http://www.xbrl.org/2003/arcrole/summation-item" xlink:from="loc_us-gaap_AssetsCurrent_2c23c494-78f6-11e1-94fe-25ba39ebf1f4" xlink:to="loc_us-gaap_AccountsReceivableNetCurrent_28c3463a-78f6-11e1-94fe-25ba39ebf1f4" xlink:type="arc" />
    <loc xlink:href="http://xbrl.fasb.org/us-gaap/2012/elts/us-gaap-2012-01-31.xsd#us-gaap_InventoryNet" xlink:label="loc_us-gaap_InventoryNet_5b10f3ee-78f6-11e1-94fe-25ba39ebf1f4" xlink:type="locator" />
    <calculationArc order="3" weight="1" xlink:arcrole="http://www.xbrl.org/2003/arcrole/summation-item" xlink:from="loc_us-gaap_AssetsCurrent_2c23c494-78f6-11e1-94fe-25ba39ebf1f4" xlink:to="loc_us-gaap_InventoryNet_5b10f3ee-78f6-11e1-94fe-25ba39ebf1f4" xlink:type="arc" />
    <loc xlink:href="http://xbrl.fasb.org/us-gaap/2012/elts/us-gaap-2012-01-31.xsd#us-gaap_NotesAndLoansReceivableNetCurrent" xlink:label="loc_us-gaap_NotesAndLoansReceivableNetCurrent_61a8b368-78f6-11e1-94fe-25ba39ebf1f4" xlink:type="locator" />
    <calculationArc order="4" weight="1" xlink:arcrole="http://www.xbrl.org/2003/arcrole/summation-item" xlink:from="loc_us-gaap_AssetsCurrent_2c23c494-78f6-11e1-94fe-25ba39ebf1f4" xlink:to="loc_us-gaap_NotesAndLoansReceivableNetCurrent_61a8b368-78f6-11e1-94fe-25ba39ebf1f4" xlink:type="arc" />
    <loc xlink:href="http://xbrl.fasb.org/us-gaap/2012/elts/us-gaap-2012-01-31.xsd#us-gaap_IncomeTaxReceivable" xlink:label="loc_us-gaap_IncomeTaxReceivable_585986d4-78f6-11e1-94fe-25ba39ebf1f4" xlink:type="locator" />
    <calculationArc order="5" weight="1" xlink:arcrole="http://www.xbrl.org/2003/arcrole/summation-item" xlink:from="loc_us-gaap_AssetsCurrent_2c23c494-78f6-11e1-94fe-25ba39ebf1f4" xlink:to="loc_us-gaap_IncomeTaxReceivable_585986d4-78f6-11e1-94fe-25ba39ebf1f4" xlink:type="arc" />
    <loc xlink:href="http://xbrl.fasb.org/us-gaap/2012/elts/us-gaap-2012-01-31.xsd#us-gaap_DeferredTaxAssetsNetCurrent" xlink:label="loc_us-gaap_DeferredTaxAssetsNetCurrent_4735dba0-78f6-11e1-94fe-25ba39ebf1f4" xlink:type="locator" />
    <calculationArc order="6" weight="1" xlink:arcrole="http://www.xbrl.org/2003/arcrole/summation-item" xlink:from="loc_us-gaap_AssetsCurrent_2c23c494-78f6-11e1-94fe-25ba39ebf1f4" xlink:to="loc_us-gaap_DeferredTaxAssetsNetCurrent_4735dba0-78f6-11e1-94fe-25ba39ebf1f4" xlink:type="arc" />
    <loc xlink:href="http://xbrl.fasb.org/us-gaap/2012/elts/us-gaap-2012-01-31.xsd#us-gaap_PropertyPlantAndEquipmentNet" xlink:label="loc_us-gaap_PropertyPlantAndEquipmentNet_683dcad8-78f6-11e1-94fe-25ba39ebf1f4" xlink:type="locator" />
    <calculationArc order="2" weight="1" xlink:arcrole="http://www.xbrl.org/2003/arcrole/summation-item" xlink:from="loc_us-gaap_Assets_2c254058-78f6-11e1-94fe-25ba39ebf1f4" xlink:to="loc_us-gaap_PropertyPlantAndEquipmentNet_683dcad8-78f6-11e1-94fe-25ba39ebf1f4" xlink:type="arc" />
    <loc xlink:href="http://xbrl.fasb.org/us-gaap/2012/elts/us-gaap-2012-01-31.xsd#us-gaap_NotesAndLoansReceivableNetNoncurrent" xlink:label="loc_us-gaap_NotesAndLoansReceivableNetNoncurrent_61a23b3c-78f6-11e1-94fe-25ba39ebf1f4" xlink:type="locator" />
    <calculationArc order="3" weight="1" xlink:arcrole="http://www.xbrl.org/2003/arcrole/summation-item" xlink:from="loc_us-gaap_Assets_2c254058-78f6-11e1-94fe-25ba39ebf1f4" xlink:to="loc_us-gaap_NotesAndLoansReceivableNetNoncurrent_61a23b3c-78f6-11e1-94fe-25ba39ebf1f4" xlink:type="arc" />
    <loc xlink:href="http://xbrl.fasb.org/us-gaap/2012/elts/us-gaap-2012-01-31.xsd#us-gaap_IntangibleAssetsNetExcludingGoodwill" xlink:label="loc_us-gaap_IntangibleAssetsNetExcludingGoodwill_5a1fdbbc-78f6-11e1-94fe-25ba39ebf1f4" xlink:type="locator" />
    <calculationArc order="4" weight="1" xlink:arcrole="http://www.xbrl.org/2003/arcrole/summation-item" xlink:from="loc_us-gaap_Assets_2c254058-78f6-11e1-94fe-25ba39ebf1f4" xlink:to="loc_us-gaap_IntangibleAssetsNetExcludingGoodwill_5a1fdbbc-78f6-11e1-94fe-25ba39ebf1f4" xlink:type="arc" />
    <loc xlink:href="http://xbrl.fasb.org/us-gaap/2012/elts/us-gaap-2012-01-31.xsd#us-gaap_ValueAddedTaxReceivableNoncurrent" xlink:label="loc_us-gaap_ValueAddedTaxReceivableNoncurrent_73918c62-78f6-11e1-94fe-25ba39ebf1f4" xlink:type="locator" />
    <calculationArc order="5" weight="1" xlink:arcrole="http://www.xbrl.org/2003/arcrole/summation-item" xlink:from="loc_us-gaap_Assets_2c254058-78f6-11e1-94fe-25ba39ebf1f4" xlink:to="loc_us-gaap_ValueAddedTaxReceivableNoncurrent_73918c62-78f6-11e1-94fe-25ba39ebf1f4" xlink:type="arc" />
    <loc xlink:href="http://xbrl.fasb.org/us-gaap/2012/elts/us-gaap-2012-01-31.xsd#us-gaap_OtherAssetsNoncurrent" xlink:label="loc_us-gaap_OtherAssetsNoncurrent_62df8554-78f6-11e1-94fe-25ba39ebf1f4" xlink:type="locator" />
    <calculationArc order="6" weight="1" xlink:arcrole="http://www.xbrl.org/2003/arcrole/summation-item" xlink:from="loc_us-gaap_Assets_2c254058-78f6-11e1-94fe-25ba39ebf1f4" xlink:to="loc_us-gaap_OtherAssetsNoncurrent_62df8554-78f6-11e1-94fe-25ba39ebf1f4" xlink:type="arc" />
    <loc xlink:href="http://xbrl.fasb.org/us-gaap/2012/elts/us-gaap-2012-01-31.xsd#us-gaap_DeferredTaxAssetsNetNoncurrent" xlink:label="loc_us-gaap_DeferredTaxAssetsNetNoncurrent_475df306-78f6-11e1-94fe-25ba39ebf1f4" xlink:type="locator" />
    <calculationArc order="7" weight="1" xlink:arcrole="http://www.xbrl.org/2003/arcrole/summation-item" xlink:from="loc_us-gaap_Assets_2c254058-78f6-11e1-94fe-25ba39ebf1f4" xlink:to="loc_us-gaap_DeferredTaxAssetsNetNoncurrent_475df306-78f6-11e1-94fe-25ba39ebf1f4" xlink:type="arc" />
    <loc xlink:href="http://xbrl.fasb.org/us-gaap/2012/elts/us-gaap-2012-01-31.xsd#us-gaap_LiabilitiesAndStockholdersEquity" xlink:label="loc_us-gaap_LiabilitiesAndStockholdersEquity_5c4fc6ae-78f6-11e1-94fe-25ba39ebf1f4" xlink:type="locator" />
    <loc xlink:href="http://xbrl.fasb.org/us-gaap/2012/elts/us-gaap-2012-01-31.xsd#us-gaap_StockholdersEquity" xlink:label="loc_us-gaap_StockholdersEquity_70895bd0-78f6-11e1-94fe-25ba39ebf1f4" xlink:type="locator" />
    <calculationArc order="1" weight="1" xlink:arcrole="http://www.xbrl.org/2003/arcrole/summation-item" xlink:from="loc_us-gaap_LiabilitiesAndStockholdersEquity_5c4fc6ae-78f6-11e1-94fe-25ba39ebf1f4" xlink:to="loc_us-gaap_StockholdersEquity_70895bd0-78f6-11e1-94fe-25ba39ebf1f4" xlink:type="arc" />
    <loc xlink:href="http://xbrl.fasb.org/us-gaap/2012/elts/us-gaap-2012-01-31.xsd#us-gaap_CommonStockValue" xlink:label="loc_us-gaap_CommonStockValue_34ddf442-78f6-11e1-94fe-25ba39ebf1f4" xlink:type="locator" />
    <calculationArc order="1" weight="1" xlink:arcrole="http://www.xbrl.org/2003/arcrole/summation-item" xlink:from="loc_us-gaap_StockholdersEquity_70895bd0-78f6-11e1-94fe-25ba39ebf1f4" xlink:to="loc_us-gaap_CommonStockValue_34ddf442-78f6-11e1-94fe-25ba39ebf1f4" xlink:type="arc" />
    <loc xlink:href="http://xbrl.fasb.org/us-gaap/2012/elts/us-gaap-2012-01-31.xsd#us-gaap_AdditionalPaidInCapital" xlink:label="loc_us-gaap_AdditionalPaidInCapital_29ca3a8e-78f6-11e1-94fe-25ba39ebf1f4" xlink:type="locator" />
    <calculationArc order="2" weight="1" xlink:arcrole="http://www.xbrl.org/2003/arcrole/summation-item" xlink:from="loc_us-gaap_StockholdersEquity_70895bd0-78f6-11e1-94fe-25ba39ebf1f4" xlink:to="loc_us-gaap_AdditionalPaidInCapital_29ca3a8e-78f6-11e1-94fe-25ba39ebf1f4" xlink:type="arc" />
    <loc xlink:href="http://xbrl.fasb.org/us-gaap/2012/elts/us-gaap-2012-01-31.xsd#us-gaap_TreasuryStockValue" xlink:label="loc_us-gaap_TreasuryStockValue_72998c1a-78f6-11e1-94fe-25ba39ebf1f4" xlink:type="locator" />
    <calculationArc order="3" weight="-1" xlink:arcrole="http://www.xbrl.org/2003/arcrole/summation-item" xlink:from="loc_us-gaap_StockholdersEquity_70895bd0-78f6-11e1-94fe-25ba39ebf1f4" xlink:to="loc_us-gaap_TreasuryStockValue_72998c1a-78f6-11e1-94fe-25ba39ebf1f4" xlink:type="arc" />
    <loc xlink:href="http://xbrl.fasb.org/us-gaap/2012/elts/us-gaap-2012-01-31.xsd#us-gaap_RetainedEarningsAccumulatedDeficit" xlink:label="loc_us-gaap_RetainedEarningsAccumulatedDeficit_6b785646-78f6-11e1-94fe-25ba39ebf1f4" xlink:type="locator" />
    <calculationArc order="4" weight="1" xlink:arcrole="http://www.xbrl.org/2003/arcrole/summation-item" xlink:from="loc_us-gaap_StockholdersEquity_70895bd0-78f6-11e1-94fe-25ba39ebf1f4" xlink:to="loc_us-gaap_RetainedEarningsAccumulatedDeficit_6b785646-78f6-11e1-94fe-25ba39ebf1f4" xlink:type="arc" />
    <loc xlink:href="http://xbrl.fasb.org/us-gaap/2012/elts/us-gaap-2012-01-31.xsd#us-gaap_AccumulatedOtherComprehensiveIncomeLossNetOfTax" xlink:label="loc_us-gaap_AccumulatedOtherComprehensiveIncomeLossNetOfTax_29c0ce5e-78f6-11e1-94fe-25ba39ebf1f4" xlink:type="locator" />
    <calculationArc order="5" weight="1" xlink:arcrole="http://www.xbrl.org/2003/arcrole/summation-item" xlink:from="loc_us-gaap_StockholdersEquity_70895bd0-78f6-11e1-94fe-25ba39ebf1f4" xlink:to="loc_us-gaap_AccumulatedOtherComprehensiveIncomeLossNetOfTax_29c0ce5e-78f6-11e1-94fe-25ba39ebf1f4" xlink:type="arc" />
    <loc xlink:href="http://xbrl.fasb.org/us-gaap/2012/elts/us-gaap-2012-01-31.xsd#us-gaap_Liabilities" xlink:label="loc_us-gaap_Liabilities_5c30a2c4-78f6-11e1-94fe-25ba39ebf1f4" xlink:type="locator" />
    <calculationArc order="2" weight="1" xlink:arcrole="http://www.xbrl.org/2003/arcrole/summation-item" xlink:from="loc_us-gaap_LiabilitiesAndStockholdersEquity_5c4fc6ae-78f6-11e1-94fe-25ba39ebf1f4" xlink:to="loc_us-gaap_Liabilities_5c30a2c4-78f6-11e1-94fe-25ba39ebf1f4" xlink:type="arc" />
    <loc xlink:href="http://xbrl.fasb.org/us-gaap/2012/elts/us-gaap-2012-01-31.xsd#us-gaap_LiabilitiesCurrent" xlink:label="loc_us-gaap_LiabilitiesCurrent_5c188d92-78f6-11e1-94fe-25ba39ebf1f4" xlink:type="locator" />
    <calculationArc order="1" weight="1" xlink:arcrole="http://www.xbrl.org/2003/arcrole/summation-item" xlink:from="loc_us-gaap_Liabilities_5c30a2c4-78f6-11e1-94fe-25ba39ebf1f4" xlink:to="loc_us-gaap_LiabilitiesCurrent_5c188d92-78f6-11e1-94fe-25ba39ebf1f4" xlink:type="arc" />
    <loc xlink:href="http://xbrl.fasb.org/us-gaap/2012/elts/us-gaap-2012-01-31.xsd#us-gaap_LongTermDebtCurrent" xlink:label="loc_us-gaap_LongTermDebtCurrent_5ea447fe-78f6-11e1-94fe-25ba39ebf1f4" xlink:type="locator" />
    <calculationArc order="1" weight="1" xlink:arcrole="http://www.xbrl.org/2003/arcrole/summation-item" xlink:from="loc_us-gaap_LiabilitiesCurrent_5c188d92-78f6-11e1-94fe-25ba39ebf1f4" xlink:to="loc_us-gaap_LongTermDebtCurrent_5ea447fe-78f6-11e1-94fe-25ba39ebf1f4" xlink:type="arc" />
    <loc xlink:href="http://xbrl.fasb.org/us-gaap/2012/elts/us-gaap-2012-01-31.xsd#us-gaap_AccountsPayableAndAccruedLiabilitiesCurrent" xlink:label="loc_us-gaap_AccountsPayableAndAccruedLiabilitiesCurrent_28a6846e-78f6-11e1-94fe-25ba39ebf1f4" xlink:type="locator" />
    <calculationArc order="2" weight="1" xlink:arcrole="http://www.xbrl.org/2003/arcrole/summation-item" xlink:from="loc_us-gaap_LiabilitiesCurrent_5c188d92-78f6-11e1-94fe-25ba39ebf1f4" xlink:to="loc_us-gaap_AccountsPayableAndAccruedLiabilitiesCurrent_28a6846e-78f6-11e1-94fe-25ba39ebf1f4" xlink:type="arc" />
    <loc xlink:href="http://xbrl.fasb.org/us-gaap/2012/elts/us-gaap-2012-01-31.xsd#us-gaap_AccruedIncomeTaxesCurrent" xlink:label="loc_us-gaap_AccruedIncomeTaxesCurrent_298c645c-78f6-11e1-94fe-25ba39ebf1f4" xlink:type="locator" />
    <calculationArc order="3" weight="1" xlink:arcrole="http://www.xbrl.org/2003/arcrole/summation-item" xlink:from="loc_us-gaap_LiabilitiesCurrent_5c188d92-78f6-11e1-94fe-25ba39ebf1f4" xlink:to="loc_us-gaap_AccruedIncomeTaxesCurrent_298c645c-78f6-11e1-94fe-25ba39ebf1f4" xlink:type="arc" />
    <loc xlink:href="http://xbrl.fasb.org/us-gaap/2012/elts/us-gaap-2012-01-31.xsd#us-gaap_DeferredRevenueCurrent" xlink:label="loc_us-gaap_DeferredRevenueCurrent_473bd082-78f6-11e1-94fe-25ba39ebf1f4" xlink:type="locator" />
    <calculationArc order="4" weight="1" xlink:arcrole="http://www.xbrl.org/2003/arcrole/summation-item" xlink:from="loc_us-gaap_LiabilitiesCurrent_5c188d92-78f6-11e1-94fe-25ba39ebf1f4" xlink:to="loc_us-gaap_DeferredRevenueCurrent_473bd082-78f6-11e1-94fe-25ba39ebf1f4" xlink:type="arc" />
    <loc xlink:href="http://xbrl.fasb.org/us-gaap/2012/elts/us-gaap-2012-01-31.xsd#us-gaap_LongTermDebtNoncurrent" xlink:label="loc_us-gaap_LongTermDebtNoncurrent_5ea4bd74-78f6-11e1-94fe-25ba39ebf1f4" xlink:type="locator" />
    <calculationArc order="2" weight="1" xlink:arcrole="http://www.xbrl.org/2003/arcrole/summation-item" xlink:from="loc_us-gaap_Liabilities_5c30a2c4-78f6-11e1-94fe-25ba39ebf1f4" xlink:to="loc_us-gaap_LongTermDebtNoncurrent_5ea4bd74-78f6-11e1-94fe-25ba39ebf1f4" xlink:type="arc" />
    <loc xlink:href="http://xbrl.fasb.org/us-gaap/2012/elts/us-gaap-2012-01-31.xsd#us-gaap_DeferredTaxLiabilitiesNoncurrent" xlink:label="loc_us-gaap_DeferredTaxLiabilitiesNoncurrent_476c4866-78f6-11e1-94fe-25ba39ebf1f4" xlink:type="locator" />
    <calculationArc order="3" weight="1" xlink:arcrole="http://www.xbrl.org/2003/arcrole/summation-item" xlink:from="loc_us-gaap_Liabilities_5c30a2c4-78f6-11e1-94fe-25ba39ebf1f4" xlink:to="loc_us-gaap_DeferredTaxLiabilitiesNoncurrent_476c4866-78f6-11e1-94fe-25ba39ebf1f4" xlink:type="arc" />
    <loc xlink:href="http://xbrl.fasb.org/us-gaap/2012/elts/us-gaap-2012-01-31.xsd#us-gaap_OtherLiabilitiesNoncurrent" xlink:label="loc_us-gaap_OtherLiabilitiesNoncurrent_63d8f7d8-78f6-11e1-94fe-25ba39ebf1f4" xlink:type="locator" />
    <calculationArc order="4" weight="1" xlink:arcrole="http://www.xbrl.org/2003/arcrole/summation-item" xlink:from="loc_us-gaap_Liabilities_5c30a2c4-78f6-11e1-94fe-25ba39ebf1f4" xlink:to="loc_us-gaap_OtherLiabilitiesNoncurrent_63d8f7d8-78f6-11e1-94fe-25ba39ebf1f4" xlink:type="arc" />
  </calculationLink>
  <calculationLink xlink:role="http://www.multimediagames.com/role/CondensedConsolidatedBalanceSheetsParentheticals" xlink:type="extended" />
  <calculationLink xlink:role="http://www.multimediagames.com/role/CondensedConsolidatedStatementsOfCashFlows" xlink:type="extended">
    <loc xlink:href="http://xbrl.fasb.org/us-gaap/2012/elts/us-gaap-2012-01-31.xsd#us-gaap_CashAndCashEquivalentsPeriodIncreaseDecrease" xlink:label="loc_us-gaap_CashAndCashEquivalentsPeriodIncreaseDecrease_31a4213e-78f6-11e1-94fe-25ba39ebf1f4" xlink:type="locator" />
    <loc xlink:href="http://xbrl.fasb.org/us-gaap/2012/elts/us-gaap-2012-01-31.xsd#us-gaap_NetCashProvidedByUsedInOperatingActivities" xlink:label="loc_us-gaap_NetCashProvidedByUsedInOperatingActivities_611fd732-78f6-11e1-94fe-25ba39ebf1f4" xlink:type="locator" />
    <calculationArc order="1" weight="1" xlink:arcrole="http://www.xbrl.org/2003/arcrole/summation-item" xlink:from="loc_us-gaap_CashAndCashEquivalentsPeriodIncreaseDecrease_31a4213e-78f6-11e1-94fe-25ba39ebf1f4" xlink:to="loc_us-gaap_NetCashProvidedByUsedInOperatingActivities_611fd732-78f6-11e1-94fe-25ba39ebf1f4" xlink:type="arc" />
    <loc xlink:href="http://xbrl.fasb.org/us-gaap/2012/elts/us-gaap-2012-01-31.xsd#us-gaap_OtherDepreciationAndAmortization" xlink:label="loc_us-gaap_OtherDepreciationAndAmortization_63b06386-78f6-11e1-94fe-25ba39ebf1f4" xlink:type="locator" />
    <calculationArc order="1" weight="1" xlink:arcrole="http://www.xbrl.org/2003/arcrole/summation-item" xlink:from="loc_us-gaap_NetCashProvidedByUsedInOperatingActivities_611fd732-78f6-11e1-94fe-25ba39ebf1f4" xlink:to="loc_us-gaap_OtherDepreciationAndAmortization_63b06386-78f6-11e1-94fe-25ba39ebf1f4" xlink:type="arc" />
    <loc xlink:href="http://xbrl.fasb.org/us-gaap/2012/elts/us-gaap-2012-01-31.xsd#us-gaap_AccretionExpense" xlink:label="loc_us-gaap_AccretionExpense_28f4dcc2-78f6-11e1-94fe-25ba39ebf1f4" xlink:type="locator" />
    <calculationArc order="2" weight="1" xlink:arcrole="http://www.xbrl.org/2003/arcrole/summation-item" xlink:from="loc_us-gaap_NetCashProvidedByUsedInOperatingActivities_611fd732-78f6-11e1-94fe-25ba39ebf1f4" xlink:to="loc_us-gaap_AccretionExpense_28f4dcc2-78f6-11e1-94fe-25ba39ebf1f4" xlink:type="arc" />
    <loc xlink:href="http://xbrl.fasb.org/us-gaap/2012/elts/us-gaap-2012-01-31.xsd#us-gaap_ShareBasedCompensation" xlink:label="loc_us-gaap_ShareBasedCompensation_6ec09264-78f6-11e1-94fe-25ba39ebf1f4" xlink:type="locator" />
    <calculationArc order="3" weight="1" xlink:arcrole="http://www.xbrl.org/2003/arcrole/summation-item" xlink:from="loc_us-gaap_NetCashProvidedByUsedInOperatingActivities_611fd732-78f6-11e1-94fe-25ba39ebf1f4" xlink:to="loc_us-gaap_ShareBasedCompensation_6ec09264-78f6-11e1-94fe-25ba39ebf1f4" xlink:type="arc" />
    <loc xlink:href="http://xbrl.fasb.org/us-gaap/2012/elts/us-gaap-2012-01-31.xsd#us-gaap_OtherNoncashIncomeExpense" xlink:label="loc_us-gaap_OtherNoncashIncomeExpense_62b35f06-78f6-11e1-94fe-25ba39ebf1f4" xlink:type="locator" />
    <calculationArc order="4" weight="-1" xlink:arcrole="http://www.xbrl.org/2003/arcrole/summation-item" xlink:from="loc_us-gaap_NetCashProvidedByUsedInOperatingActivities_611fd732-78f6-11e1-94fe-25ba39ebf1f4" xlink:to="loc_us-gaap_OtherNoncashIncomeExpense_62b35f06-78f6-11e1-94fe-25ba39ebf1f4" xlink:type="arc" />
    <loc xlink:href="http://xbrl.fasb.org/us-gaap/2012/elts/us-gaap-2012-01-31.xsd#us-gaap_DeferredIncomeTaxExpenseBenefit" xlink:label="loc_us-gaap_DeferredIncomeTaxExpenseBenefit_472866e6-78f6-11e1-94fe-25ba39ebf1f4" xlink:type="locator" />
    <calculationArc order="5" weight="1" xlink:arcrole="http://www.xbrl.org/2003/arcrole/summation-item" xlink:from="loc_us-gaap_NetCashProvidedByUsedInOperatingActivities_611fd732-78f6-11e1-94fe-25ba39ebf1f4" xlink:to="loc_us-gaap_DeferredIncomeTaxExpenseBenefit_472866e6-78f6-11e1-94fe-25ba39ebf1f4" xlink:type="arc" />
    <loc xlink:href="mgam-20120930.xsd#mgam_InterestIncomeFromImputedInterest" xlink:label="loc_mgam_InterestIncomeFromImputedInterest_7e74755c-c609-d58d-3474-5b7dd330c8ae" xlink:type="locator" />
    <calculationArc order="6" weight="-1" xlink:arcrole="http://www.xbrl.org/2003/arcrole/summation-item" xlink:from="loc_us-gaap_NetCashProvidedByUsedInOperatingActivities_611fd732-78f6-11e1-94fe-25ba39ebf1f4" xlink:to="loc_mgam_InterestIncomeFromImputedInterest_7e74755c-c609-d58d-3474-5b7dd330c8ae" xlink:type="arc" />
    <loc xlink:href="http://xbrl.fasb.org/us-gaap/2012/elts/us-gaap-2012-01-31.xsd#us-gaap_IncreaseDecreaseInOtherOperatingCapitalNet" xlink:label="loc_us-gaap_IncreaseDecreaseInOtherOperatingCapitalNet_5938d762-78f6-11e1-94fe-25ba39ebf1f4" xlink:type="locator" />
    <calculationArc order="7" weight="-1" xlink:arcrole="http://www.xbrl.org/2003/arcrole/summation-item" xlink:from="loc_us-gaap_NetCashProvidedByUsedInOperatingActivities_611fd732-78f6-11e1-94fe-25ba39ebf1f4" xlink:to="loc_us-gaap_IncreaseDecreaseInOtherOperatingCapitalNet_5938d762-78f6-11e1-94fe-25ba39ebf1f4" xlink:type="arc" />
    <loc xlink:href="http://xbrl.fasb.org/us-gaap/2012/elts/us-gaap-2012-01-31.xsd#us-gaap_NetIncomeLoss" xlink:label="loc_us-gaap_NetIncomeLoss_611bec6c-78f6-11e1-94fe-25ba39ebf1f4" xlink:type="locator" />
    <calculationArc order="8" weight="1" xlink:arcrole="http://www.xbrl.org/2003/arcrole/summation-item" xlink:from="loc_us-gaap_NetCashProvidedByUsedInOperatingActivities_611fd732-78f6-11e1-94fe-25ba39ebf1f4" xlink:to="loc_us-gaap_NetIncomeLoss_611bec6c-78f6-11e1-94fe-25ba39ebf1f4" xlink:type="arc" />
    <loc xlink:href="http://xbrl.fasb.org/us-gaap/2012/elts/us-gaap-2012-01-31.xsd#us-gaap_NetCashProvidedByUsedInInvestingActivities" xlink:label="loc_us-gaap_NetCashProvidedByUsedInInvestingActivities_60ef698a-78f6-11e1-94fe-25ba39ebf1f4" xlink:type="locator" />
    <calculationArc order="2" weight="1" xlink:arcrole="http://www.xbrl.org/2003/arcrole/summation-item" xlink:from="loc_us-gaap_CashAndCashEquivalentsPeriodIncreaseDecrease_31a4213e-78f6-11e1-94fe-25ba39ebf1f4" xlink:to="loc_us-gaap_NetCashProvidedByUsedInInvestingActivities_60ef698a-78f6-11e1-94fe-25ba39ebf1f4" xlink:type="arc" />
    <loc xlink:href="http://xbrl.fasb.org/us-gaap/2012/elts/us-gaap-2012-01-31.xsd#us-gaap_PaymentsToAcquirePropertyPlantAndEquipment" xlink:label="loc_us-gaap_PaymentsToAcquirePropertyPlantAndEquipment_651f66f4-78f6-11e1-94fe-25ba39ebf1f4" xlink:type="locator" />
    <calculationArc order="1" weight="-1" xlink:arcrole="http://www.xbrl.org/2003/arcrole/summation-item" xlink:from="loc_us-gaap_NetCashProvidedByUsedInInvestingActivities_60ef698a-78f6-11e1-94fe-25ba39ebf1f4" xlink:to="loc_us-gaap_PaymentsToAcquirePropertyPlantAndEquipment_651f66f4-78f6-11e1-94fe-25ba39ebf1f4" xlink:type="arc" />
    <loc xlink:href="http://xbrl.fasb.org/us-gaap/2012/elts/us-gaap-2012-01-31.xsd#us-gaap_PaymentsToAcquireIntangibleAssets" xlink:label="loc_us-gaap_PaymentsToAcquireIntangibleAssets_6546184e-78f6-11e1-94fe-25ba39ebf1f4" xlink:type="locator" />
    <calculationArc order="2" weight="-1" xlink:arcrole="http://www.xbrl.org/2003/arcrole/summation-item" xlink:from="loc_us-gaap_NetCashProvidedByUsedInInvestingActivities_60ef698a-78f6-11e1-94fe-25ba39ebf1f4" xlink:to="loc_us-gaap_PaymentsToAcquireIntangibleAssets_6546184e-78f6-11e1-94fe-25ba39ebf1f4" xlink:type="arc" />
    <loc xlink:href="http://xbrl.fasb.org/us-gaap/2012/elts/us-gaap-2012-01-31.xsd#us-gaap_ProceedsFromRepaymentsOfOtherDebt" xlink:label="loc_us-gaap_ProceedsFromRepaymentsOfOtherDebt_671eff8c-78f6-11e1-94fe-25ba39ebf1f4" xlink:type="locator" />
    <calculationArc order="3" weight="1" xlink:arcrole="http://www.xbrl.org/2003/arcrole/summation-item" xlink:from="loc_us-gaap_NetCashProvidedByUsedInInvestingActivities_60ef698a-78f6-11e1-94fe-25ba39ebf1f4" xlink:to="loc_us-gaap_ProceedsFromRepaymentsOfOtherDebt_671eff8c-78f6-11e1-94fe-25ba39ebf1f4" xlink:type="arc" />
    <loc xlink:href="mgam-20120930.xsd#mgam_AdvancesUnderDevelopmentAndPlacementFeeAgreements" xlink:label="loc_mgam_AdvancesUnderDevelopmentAndPlacementFeeAgreements_3e87fa0b-5a18-f3e6-a8e4-5b7dcb1556cb" xlink:type="locator" />
    <calculationArc order="4" weight="-1" xlink:arcrole="http://www.xbrl.org/2003/arcrole/summation-item" xlink:from="loc_us-gaap_NetCashProvidedByUsedInInvestingActivities_60ef698a-78f6-11e1-94fe-25ba39ebf1f4" xlink:to="loc_mgam_AdvancesUnderDevelopmentAndPlacementFeeAgreements_3e87fa0b-5a18-f3e6-a8e4-5b7dcb1556cb" xlink:type="arc" />
    <loc xlink:href="http://xbrl.fasb.org/us-gaap/2012/elts/us-gaap-2012-01-31.xsd#us-gaap_NetCashProvidedByUsedInFinancingActivities" xlink:label="loc_us-gaap_NetCashProvidedByUsedInFinancingActivities_60f52a96-78f6-11e1-94fe-25ba39ebf1f4" xlink:type="locator" />
    <calculationArc order="3" weight="1" xlink:arcrole="http://www.xbrl.org/2003/arcrole/summation-item" xlink:from="loc_us-gaap_CashAndCashEquivalentsPeriodIncreaseDecrease_31a4213e-78f6-11e1-94fe-25ba39ebf1f4" xlink:to="loc_us-gaap_NetCashProvidedByUsedInFinancingActivities_60f52a96-78f6-11e1-94fe-25ba39ebf1f4" xlink:type="arc" />
    <loc xlink:href="http://xbrl.fasb.org/us-gaap/2012/elts/us-gaap-2012-01-31.xsd#us-gaap_ProceedsFromStockOptionsExercised" xlink:label="loc_us-gaap_ProceedsFromStockOptionsExercised_67972912-78f6-11e1-94fe-25ba39ebf1f4" xlink:type="locator" />
    <calculationArc order="1" weight="1" xlink:arcrole="http://www.xbrl.org/2003/arcrole/summation-item" xlink:from="loc_us-gaap_NetCashProvidedByUsedInFinancingActivities_60f52a96-78f6-11e1-94fe-25ba39ebf1f4" xlink:to="loc_us-gaap_ProceedsFromStockOptionsExercised_67972912-78f6-11e1-94fe-25ba39ebf1f4" xlink:type="arc" />
    <loc xlink:href="http://xbrl.fasb.org/us-gaap/2012/elts/us-gaap-2012-01-31.xsd#us-gaap_RepaymentsOfLongTermDebt" xlink:label="loc_us-gaap_RepaymentsOfLongTermDebt_6ac93f3a-78f6-11e1-94fe-25ba39ebf1f4" xlink:type="locator" />
    <calculationArc order="2" weight="-1" xlink:arcrole="http://www.xbrl.org/2003/arcrole/summation-item" xlink:from="loc_us-gaap_NetCashProvidedByUsedInFinancingActivities_60f52a96-78f6-11e1-94fe-25ba39ebf1f4" xlink:to="loc_us-gaap_RepaymentsOfLongTermDebt_6ac93f3a-78f6-11e1-94fe-25ba39ebf1f4" xlink:type="arc" />
    <loc xlink:href="http://xbrl.fasb.org/us-gaap/2012/elts/us-gaap-2012-01-31.xsd#us-gaap_PaymentsForRepurchaseOfCommonStock" xlink:label="loc_us-gaap_PaymentsForRepurchaseOfCommonStock_651668c4-78f6-11e1-94fe-25ba39ebf1f4" xlink:type="locator" />
    <calculationArc order="3" weight="-1" xlink:arcrole="http://www.xbrl.org/2003/arcrole/summation-item" xlink:from="loc_us-gaap_NetCashProvidedByUsedInFinancingActivities_60f52a96-78f6-11e1-94fe-25ba39ebf1f4" xlink:to="loc_us-gaap_PaymentsForRepurchaseOfCommonStock_651668c4-78f6-11e1-94fe-25ba39ebf1f4" xlink:type="arc" />
    <loc xlink:href="http://xbrl.fasb.org/us-gaap/2012/elts/us-gaap-2012-01-31.xsd#us-gaap_EffectOfExchangeRateOnCashAndCashEquivalents" xlink:label="loc_us-gaap_EffectOfExchangeRateOnCashAndCashEquivalents_4dd8ac80-78f6-11e1-94fe-25ba39ebf1f4" xlink:type="locator" />
    <calculationArc order="4" weight="1" xlink:arcrole="http://www.xbrl.org/2003/arcrole/summation-item" xlink:from="loc_us-gaap_CashAndCashEquivalentsPeriodIncreaseDecrease_31a4213e-78f6-11e1-94fe-25ba39ebf1f4" xlink:to="loc_us-gaap_EffectOfExchangeRateOnCashAndCashEquivalents_4dd8ac80-78f6-11e1-94fe-25ba39ebf1f4" xlink:type="arc" />
  </calculationLink>
  <calculationLink xlink:role="http://www.multimediagames.com/role/CondensedConsolidatedStatementsOfOperations" xlink:type="extended">
    <loc xlink:href="http://xbrl.fasb.org/us-gaap/2012/elts/us-gaap-2012-01-31.xsd#us-gaap_ComprehensiveIncomeNetOfTax" xlink:label="loc_us-gaap_ComprehensiveIncomeNetOfTax_38f2d2fa-78f6-11e1-94fe-25ba39ebf1f4" xlink:type="locator" />
    <loc xlink:href="http://xbrl.fasb.org/us-gaap/2012/elts/us-gaap-2012-01-31.xsd#us-gaap_NetIncomeLoss" xlink:label="loc_us-gaap_NetIncomeLoss_611bec6c-78f6-11e1-94fe-25ba39ebf1f4" xlink:type="locator" />
    <calculationArc order="1" weight="1" xlink:arcrole="http://www.xbrl.org/2003/arcrole/summation-item" xlink:from="loc_us-gaap_ComprehensiveIncomeNetOfTax_38f2d2fa-78f6-11e1-94fe-25ba39ebf1f4" xlink:to="loc_us-gaap_NetIncomeLoss_611bec6c-78f6-11e1-94fe-25ba39ebf1f4" xlink:type="arc" />
    <loc xlink:href="http://xbrl.fasb.org/us-gaap/2012/elts/us-gaap-2012-01-31.xsd#us-gaap_IncomeTaxExpenseBenefit" xlink:label="loc_us-gaap_IncomeTaxExpenseBenefit_584ce050-78f6-11e1-94fe-25ba39ebf1f4" xlink:type="locator" />
    <calculationArc order="1" weight="-1" xlink:arcrole="http://www.xbrl.org/2003/arcrole/summation-item" xlink:from="loc_us-gaap_NetIncomeLoss_611bec6c-78f6-11e1-94fe-25ba39ebf1f4" xlink:to="loc_us-gaap_IncomeTaxExpenseBenefit_584ce050-78f6-11e1-94fe-25ba39ebf1f4" xlink:type="arc" />
    <loc xlink:href="http://xbrl.fasb.org/us-gaap/2012/elts/us-gaap-2012-01-31.xsd#us-gaap_IncomeLossFromContinuingOperationsBeforeIncomeTaxesMinorityInterestAndIncomeLossFromEquityMethodInvestments" xlink:label="loc_us-gaap_IncomeLossFromContinuingOperationsBeforeIncomeTaxesMinorityInterestAndIncomeLossFromEquityMethodInvestments_5817da40-78f6-11e1-94fe-25ba39ebf1f4" xlink:type="locator" />
    <calculationArc order="2" weight="1" xlink:arcrole="http://www.xbrl.org/2003/arcrole/summation-item" xlink:from="loc_us-gaap_NetIncomeLoss_611bec6c-78f6-11e1-94fe-25ba39ebf1f4" xlink:to="loc_us-gaap_IncomeLossFromContinuingOperationsBeforeIncomeTaxesMinorityInterestAndIncomeLossFromEquityMethodInvestments_5817da40-78f6-11e1-94fe-25ba39ebf1f4" xlink:type="arc" />
    <loc xlink:href="http://xbrl.fasb.org/us-gaap/2012/elts/us-gaap-2012-01-31.xsd#us-gaap_OperatingIncomeLoss" xlink:label="loc_us-gaap_OperatingIncomeLoss_624609ec-78f6-11e1-94fe-25ba39ebf1f4" xlink:type="locator" />
    <calculationArc order="1" weight="1" xlink:arcrole="http://www.xbrl.org/2003/arcrole/summation-item" xlink:from="loc_us-gaap_IncomeLossFromContinuingOperationsBeforeIncomeTaxesMinorityInterestAndIncomeLossFromEquityMethodInvestments_5817da40-78f6-11e1-94fe-25ba39ebf1f4" xlink:to="loc_us-gaap_OperatingIncomeLoss_624609ec-78f6-11e1-94fe-25ba39ebf1f4" xlink:type="arc" />
    <loc xlink:href="http://xbrl.fasb.org/us-gaap/2012/elts/us-gaap-2012-01-31.xsd#us-gaap_CostsAndExpenses" xlink:label="loc_us-gaap_CostsAndExpenses_419b6f8e-78f6-11e1-94fe-25ba39ebf1f4" xlink:type="locator" />
    <calculationArc order="1" weight="-1" xlink:arcrole="http://www.xbrl.org/2003/arcrole/summation-item" xlink:from="loc_us-gaap_OperatingIncomeLoss_624609ec-78f6-11e1-94fe-25ba39ebf1f4" xlink:to="loc_us-gaap_CostsAndExpenses_419b6f8e-78f6-11e1-94fe-25ba39ebf1f4" xlink:type="arc" />
    <loc xlink:href="http://xbrl.fasb.org/us-gaap/2012/elts/us-gaap-2012-01-31.xsd#us-gaap_CostOfServices" xlink:label="loc_us-gaap_CostOfServices_410ff044-78f6-11e1-94fe-25ba39ebf1f4" xlink:type="locator" />
    <calculationArc order="1" weight="1" xlink:arcrole="http://www.xbrl.org/2003/arcrole/summation-item" xlink:from="loc_us-gaap_CostsAndExpenses_419b6f8e-78f6-11e1-94fe-25ba39ebf1f4" xlink:to="loc_us-gaap_CostOfServices_410ff044-78f6-11e1-94fe-25ba39ebf1f4" xlink:type="arc" />
    <loc xlink:href="http://xbrl.fasb.org/us-gaap/2012/elts/us-gaap-2012-01-31.xsd#us-gaap_CostOfGoodsSold" xlink:label="loc_us-gaap_CostOfGoodsSold_40414a32-78f6-11e1-94fe-25ba39ebf1f4" xlink:type="locator" />
    <calculationArc order="2" weight="1" xlink:arcrole="http://www.xbrl.org/2003/arcrole/summation-item" xlink:from="loc_us-gaap_CostsAndExpenses_419b6f8e-78f6-11e1-94fe-25ba39ebf1f4" xlink:to="loc_us-gaap_CostOfGoodsSold_40414a32-78f6-11e1-94fe-25ba39ebf1f4" xlink:type="arc" />
    <loc xlink:href="http://xbrl.fasb.org/us-gaap/2012/elts/us-gaap-2012-01-31.xsd#us-gaap_SellingGeneralAndAdministrativeExpense" xlink:label="loc_us-gaap_SellingGeneralAndAdministrativeExpense_6e581cc0-78f6-11e1-94fe-25ba39ebf1f4" xlink:type="locator" />
    <calculationArc order="3" weight="1" xlink:arcrole="http://www.xbrl.org/2003/arcrole/summation-item" xlink:from="loc_us-gaap_CostsAndExpenses_419b6f8e-78f6-11e1-94fe-25ba39ebf1f4" xlink:to="loc_us-gaap_SellingGeneralAndAdministrativeExpense_6e581cc0-78f6-11e1-94fe-25ba39ebf1f4" xlink:type="arc" />
    <loc xlink:href="http://xbrl.fasb.org/us-gaap/2012/elts/us-gaap-2012-01-31.xsd#us-gaap_RestructuringSettlementAndImpairmentProvisions" xlink:label="loc_us-gaap_RestructuringSettlementAndImpairmentProvisions_6b37539e-78f6-11e1-94fe-25ba39ebf1f4" xlink:type="locator" />
    <calculationArc order="4" weight="1" xlink:arcrole="http://www.xbrl.org/2003/arcrole/summation-item" xlink:from="loc_us-gaap_CostsAndExpenses_419b6f8e-78f6-11e1-94fe-25ba39ebf1f4" xlink:to="loc_us-gaap_RestructuringSettlementAndImpairmentProvisions_6b37539e-78f6-11e1-94fe-25ba39ebf1f4" xlink:type="arc" />
    <loc xlink:href="http://xbrl.fasb.org/us-gaap/2012/elts/us-gaap-2012-01-31.xsd#us-gaap_ResearchAndDevelopmentExpense" xlink:label="loc_us-gaap_ResearchAndDevelopmentExpense_6aef6d04-78f6-11e1-94fe-25ba39ebf1f4" xlink:type="locator" />
    <calculationArc order="5" weight="1" xlink:arcrole="http://www.xbrl.org/2003/arcrole/summation-item" xlink:from="loc_us-gaap_CostsAndExpenses_419b6f8e-78f6-11e1-94fe-25ba39ebf1f4" xlink:to="loc_us-gaap_ResearchAndDevelopmentExpense_6aef6d04-78f6-11e1-94fe-25ba39ebf1f4" xlink:type="arc" />
    <loc xlink:href="http://xbrl.fasb.org/us-gaap/2012/elts/us-gaap-2012-01-31.xsd#us-gaap_OtherDepreciationAndAmortization" xlink:label="loc_us-gaap_OtherDepreciationAndAmortization_63b06386-78f6-11e1-94fe-25ba39ebf1f4" xlink:type="locator" />
    <calculationArc order="6" weight="1" xlink:arcrole="http://www.xbrl.org/2003/arcrole/summation-item" xlink:from="loc_us-gaap_CostsAndExpenses_419b6f8e-78f6-11e1-94fe-25ba39ebf1f4" xlink:to="loc_us-gaap_OtherDepreciationAndAmortization_63b06386-78f6-11e1-94fe-25ba39ebf1f4" xlink:type="arc" />
    <loc xlink:href="http://xbrl.fasb.org/us-gaap/2012/elts/us-gaap-2012-01-31.xsd#us-gaap_SalesRevenueNet" xlink:label="loc_us-gaap_SalesRevenueNet_6c24eb22-78f6-11e1-94fe-25ba39ebf1f4" xlink:type="locator" />
    <calculationArc order="2" weight="1" xlink:arcrole="http://www.xbrl.org/2003/arcrole/summation-item" xlink:from="loc_us-gaap_OperatingIncomeLoss_624609ec-78f6-11e1-94fe-25ba39ebf1f4" xlink:to="loc_us-gaap_SalesRevenueNet_6c24eb22-78f6-11e1-94fe-25ba39ebf1f4" xlink:type="arc" />
    <loc xlink:href="http://xbrl.fasb.org/us-gaap/2012/elts/us-gaap-2012-01-31.xsd#us-gaap_SalesRevenueServicesNet" xlink:label="loc_us-gaap_SalesRevenueServicesNet_6c311014-78f6-11e1-94fe-25ba39ebf1f4" xlink:type="locator" />
    <calculationArc order="1" weight="1" xlink:arcrole="http://www.xbrl.org/2003/arcrole/summation-item" xlink:from="loc_us-gaap_SalesRevenueNet_6c24eb22-78f6-11e1-94fe-25ba39ebf1f4" xlink:to="loc_us-gaap_SalesRevenueServicesNet_6c311014-78f6-11e1-94fe-25ba39ebf1f4" xlink:type="arc" />
    <loc xlink:href="http://xbrl.fasb.org/us-gaap/2012/elts/us-gaap-2012-01-31.xsd#us-gaap_SalesRevenueGoodsNet" xlink:label="loc_us-gaap_SalesRevenueGoodsNet_6c240414-78f6-11e1-94fe-25ba39ebf1f4" xlink:type="locator" />
    <calculationArc order="2" weight="1" xlink:arcrole="http://www.xbrl.org/2003/arcrole/summation-item" xlink:from="loc_us-gaap_SalesRevenueNet_6c24eb22-78f6-11e1-94fe-25ba39ebf1f4" xlink:to="loc_us-gaap_SalesRevenueGoodsNet_6c240414-78f6-11e1-94fe-25ba39ebf1f4" xlink:type="arc" />
    <loc xlink:href="http://xbrl.fasb.org/us-gaap/2012/elts/us-gaap-2012-01-31.xsd#us-gaap_OtherSalesRevenueNet" xlink:label="loc_us-gaap_OtherSalesRevenueNet_63fafe14-78f6-11e1-94fe-25ba39ebf1f4" xlink:type="locator" />
    <calculationArc order="3" weight="1" xlink:arcrole="http://www.xbrl.org/2003/arcrole/summation-item" xlink:from="loc_us-gaap_SalesRevenueNet_6c24eb22-78f6-11e1-94fe-25ba39ebf1f4" xlink:to="loc_us-gaap_OtherSalesRevenueNet_63fafe14-78f6-11e1-94fe-25ba39ebf1f4" xlink:type="arc" />
    <loc xlink:href="http://xbrl.fasb.org/us-gaap/2012/elts/us-gaap-2012-01-31.xsd#us-gaap_InterestIncomeOther" xlink:label="loc_us-gaap_InterestIncomeOther_5a286bb0-78f6-11e1-94fe-25ba39ebf1f4" xlink:type="locator" />
    <calculationArc order="2" weight="1" xlink:arcrole="http://www.xbrl.org/2003/arcrole/summation-item" xlink:from="loc_us-gaap_IncomeLossFromContinuingOperationsBeforeIncomeTaxesMinorityInterestAndIncomeLossFromEquityMethodInvestments_5817da40-78f6-11e1-94fe-25ba39ebf1f4" xlink:to="loc_us-gaap_InterestIncomeOther_5a286bb0-78f6-11e1-94fe-25ba39ebf1f4" xlink:type="arc" />
    <loc xlink:href="http://xbrl.fasb.org/us-gaap/2012/elts/us-gaap-2012-01-31.xsd#us-gaap_InterestExpenseDebt" xlink:label="loc_us-gaap_InterestExpenseDebt_5a9eb32e-78f6-11e1-94fe-25ba39ebf1f4" xlink:type="locator" />
    <calculationArc order="3" weight="-1" xlink:arcrole="http://www.xbrl.org/2003/arcrole/summation-item" xlink:from="loc_us-gaap_IncomeLossFromContinuingOperationsBeforeIncomeTaxesMinorityInterestAndIncomeLossFromEquityMethodInvestments_5817da40-78f6-11e1-94fe-25ba39ebf1f4" xlink:to="loc_us-gaap_InterestExpenseDebt_5a9eb32e-78f6-11e1-94fe-25ba39ebf1f4" xlink:type="arc" />
    <loc xlink:href="http://xbrl.fasb.org/us-gaap/2012/elts/us-gaap-2012-01-31.xsd#us-gaap_OtherNonoperatingIncomeExpense" xlink:label="loc_us-gaap_OtherNonoperatingIncomeExpense_63d61950-78f6-11e1-94fe-25ba39ebf1f4" xlink:type="locator" />
    <calculationArc order="4" weight="1" xlink:arcrole="http://www.xbrl.org/2003/arcrole/summation-item" xlink:from="loc_us-gaap_IncomeLossFromContinuingOperationsBeforeIncomeTaxesMinorityInterestAndIncomeLossFromEquityMethodInvestments_5817da40-78f6-11e1-94fe-25ba39ebf1f4" xlink:to="loc_us-gaap_OtherNonoperatingIncomeExpense_63d61950-78f6-11e1-94fe-25ba39ebf1f4" xlink:type="arc" />
    <loc xlink:href="http://xbrl.fasb.org/us-gaap/2012/elts/us-gaap-2012-01-31.xsd#us-gaap_OtherComprehensiveIncomeLossForeignCurrencyTransactionAndTranslationAdjustmentNetOfTax" xlink:label="loc_us-gaap_OtherComprehensiveIncomeLossForeignCurrencyTransactionAndTranslationAdjustmentNetOfTax_633cc110-78f6-11e1-94fe-25ba39ebf1f4" xlink:type="locator" />
    <calculationArc order="2" weight="1" xlink:arcrole="http://www.xbrl.org/2003/arcrole/summation-item" xlink:from="loc_us-gaap_ComprehensiveIncomeNetOfTax_38f2d2fa-78f6-11e1-94fe-25ba39ebf1f4" xlink:to="loc_us-gaap_OtherComprehensiveIncomeLossForeignCurrencyTransactionAndTranslationAdjustmentNetOfTax_633cc110-78f6-11e1-94fe-25ba39ebf1f4" xlink:type="arc" />
  </calculationLink>
  <calculationLink xlink:role="http://www.multimediagames.com/role/CreditAgreementLongTermDebt" xlink:type="extended" />
  <calculationLink xlink:role="http://www.multimediagames.com/role/CreditAgreementLongTermDebtDetails" xlink:type="extended">
    <loc xlink:href="http://xbrl.fasb.org/us-gaap/2012/elts/us-gaap-2012-01-31.xsd#us-gaap_LongTermDebtNoncurrent" xlink:label="loc_us-gaap_LongTermDebtNoncurrent_5ea4bd74-78f6-11e1-94fe-25ba39ebf1f4" xlink:type="locator" />
    <loc xlink:href="http://xbrl.fasb.org/us-gaap/2012/elts/us-gaap-2012-01-31.xsd#us-gaap_LongTermDebt" xlink:label="loc_us-gaap_LongTermDebt_5e43607e-78f6-11e1-94fe-25ba39ebf1f4" xlink:type="locator" />
    <calculationArc order="1" weight="1" xlink:arcrole="http://www.xbrl.org/2003/arcrole/summation-item" xlink:from="loc_us-gaap_LongTermDebtNoncurrent_5ea4bd74-78f6-11e1-94fe-25ba39ebf1f4" xlink:to="loc_us-gaap_LongTermDebt_5e43607e-78f6-11e1-94fe-25ba39ebf1f4" xlink:type="arc" />
    <loc xlink:href="http://xbrl.fasb.org/us-gaap/2012/elts/us-gaap-2012-01-31.xsd#us-gaap_LongTermDebtCurrent" xlink:label="loc_us-gaap_LongTermDebtCurrent_5ea447fe-78f6-11e1-94fe-25ba39ebf1f4" xlink:type="locator" />
    <calculationArc order="2" weight="1" xlink:arcrole="http://www.xbrl.org/2003/arcrole/summation-item" xlink:from="loc_us-gaap_LongTermDebtNoncurrent_5ea4bd74-78f6-11e1-94fe-25ba39ebf1f4" xlink:to="loc_us-gaap_LongTermDebtCurrent_5ea447fe-78f6-11e1-94fe-25ba39ebf1f4" xlink:type="arc" />
  </calculationLink>
  <calculationLink xlink:role="http://www.multimediagames.com/role/CreditAgreementLongTermDebtInterestRateMarginsDetails" xlink:type="extended" />
  <calculationLink xlink:role="http://www.multimediagames.com/role/CreditAgreementLongTermDebtNarrativeDetails" xlink:type="extended" />
  <calculationLink xlink:role="http://www.multimediagames.com/role/CreditAgreementLongTermDebtTables" xlink:type="extended" />
  <calculationLink xlink:role="http://www.multimediagames.com/role/DevelopmentAndPlacementFeeAgreements" xlink:type="extended" />
  <calculationLink xlink:role="http://www.multimediagames.com/role/DevelopmentAndPlacementFeeAgreementsDetails" xlink:type="extended" />
  <calculationLink xlink:role="http://www.multimediagames.com/role/DevelopmentAndPlacementFeeAgreementsTables" xlink:type="extended" />
  <calculationLink xlink:role="http://www.multimediagames.com/role/DocumentAndEntityInformationDocument" xlink:type="extended" />
  <calculationLink xlink:role="http://www.multimediagames.com/role/IncomePerCommonShare" xlink:type="extended" />
  <calculationLink xlink:role="http://www.multimediagames.com/role/IncomePerCommonShareDetails" xlink:type="extended">
    <loc xlink:href="http://xbrl.fasb.org/us-gaap/2012/elts/us-gaap-2012-01-31.xsd#us-gaap_WeightedAverageNumberOfDilutedSharesOutstanding" xlink:label="loc_us-gaap_WeightedAverageNumberOfDilutedSharesOutstanding_741fe8a4-78f6-11e1-94fe-25ba39ebf1f4" xlink:type="locator" />
    <loc xlink:href="http://xbrl.fasb.org/us-gaap/2012/elts/us-gaap-2012-01-31.xsd#us-gaap_WeightedAverageNumberOfSharesOutstandingBasic" xlink:label="loc_us-gaap_WeightedAverageNumberOfSharesOutstandingBasic_7416e4b6-78f6-11e1-94fe-25ba39ebf1f4" xlink:type="locator" />
    <calculationArc order="1" weight="1" xlink:arcrole="http://www.xbrl.org/2003/arcrole/summation-item" xlink:from="loc_us-gaap_WeightedAverageNumberOfDilutedSharesOutstanding_741fe8a4-78f6-11e1-94fe-25ba39ebf1f4" xlink:to="loc_us-gaap_WeightedAverageNumberOfSharesOutstandingBasic_7416e4b6-78f6-11e1-94fe-25ba39ebf1f4" xlink:type="arc" />
    <loc xlink:href="http://xbrl.fasb.org/us-gaap/2012/elts/us-gaap-2012-01-31.xsd#us-gaap_WeightedAverageNumberDilutedSharesOutstandingAdjustment" xlink:label="loc_us-gaap_WeightedAverageNumberDilutedSharesOutstandingAdjustment_7442f1b4-78f6-11e1-94fe-25ba39ebf1f4" xlink:type="locator" />
    <calculationArc order="2" weight="1" xlink:arcrole="http://www.xbrl.org/2003/arcrole/summation-item" xlink:from="loc_us-gaap_WeightedAverageNumberOfDilutedSharesOutstanding_741fe8a4-78f6-11e1-94fe-25ba39ebf1f4" xlink:to="loc_us-gaap_WeightedAverageNumberDilutedSharesOutstandingAdjustment_7442f1b4-78f6-11e1-94fe-25ba39ebf1f4" xlink:type="arc" />
  </calculationLink>
  <calculationLink xlink:role="http://www.multimediagames.com/role/IncomePerCommonShareTables" xlink:type="extended" />
  <calculationLink xlink:role="http://www.multimediagames.com/role/IntangibleAssets" xlink:type="extended" />
  <calculationLink xlink:role="http://www.multimediagames.com/role/IntangibleAssetsDetails" xlink:type="extended">
    <loc xlink:href="http://xbrl.fasb.org/us-gaap/2012/elts/us-gaap-2012-01-31.xsd#us-gaap_IntangibleAssetsNetExcludingGoodwill" xlink:label="loc_us-gaap_IntangibleAssetsNetExcludingGoodwill_5a1fdbbc-78f6-11e1-94fe-25ba39ebf1f4" xlink:type="locator" />
    <loc xlink:href="http://xbrl.fasb.org/us-gaap/2012/elts/us-gaap-2012-01-31.xsd#us-gaap_FiniteLivedIntangibleAssetsGross" xlink:label="loc_us-gaap_FiniteLivedIntangibleAssetsGross_54334af4-78f6-11e1-94fe-25ba39ebf1f4" xlink:type="locator" />
    <calculationArc order="1" weight="1" xlink:arcrole="http://www.xbrl.org/2003/arcrole/summation-item" xlink:from="loc_us-gaap_IntangibleAssetsNetExcludingGoodwill_5a1fdbbc-78f6-11e1-94fe-25ba39ebf1f4" xlink:to="loc_us-gaap_FiniteLivedIntangibleAssetsGross_54334af4-78f6-11e1-94fe-25ba39ebf1f4" xlink:type="arc" />
    <loc xlink:href="http://xbrl.fasb.org/us-gaap/2012/elts/us-gaap-2012-01-31.xsd#us-gaap_FiniteLivedIntangibleAssetsAccumulatedAmortization" xlink:label="loc_us-gaap_FiniteLivedIntangibleAssetsAccumulatedAmortization_543933d8-78f6-11e1-94fe-25ba39ebf1f4" xlink:type="locator" />
    <calculationArc order="2" weight="-1" xlink:arcrole="http://www.xbrl.org/2003/arcrole/summation-item" xlink:from="loc_us-gaap_IntangibleAssetsNetExcludingGoodwill_5a1fdbbc-78f6-11e1-94fe-25ba39ebf1f4" xlink:to="loc_us-gaap_FiniteLivedIntangibleAssetsAccumulatedAmortization_543933d8-78f6-11e1-94fe-25ba39ebf1f4" xlink:type="arc" />
  </calculationLink>
  <calculationLink xlink:role="http://www.multimediagames.com/role/IntangibleAssetsTables" xlink:type="extended" />
  <calculationLink xlink:role="http://www.multimediagames.com/role/Inventory" xlink:type="extended" />
  <calculationLink xlink:role="http://www.multimediagames.com/role/InventoryDetails" xlink:type="extended">
    <loc xlink:href="http://xbrl.fasb.org/us-gaap/2012/elts/us-gaap-2012-01-31.xsd#us-gaap_InventoryNet" xlink:label="loc_us-gaap_InventoryNet_5b10f3ee-78f6-11e1-94fe-25ba39ebf1f4" xlink:type="locator" />
    <loc xlink:href="http://xbrl.fasb.org/us-gaap/2012/elts/us-gaap-2012-01-31.xsd#us-gaap_InventoryRawMaterialsNetOfReserves" xlink:label="loc_us-gaap_InventoryRawMaterialsNetOfReserves_5b016a00-78f6-11e1-94fe-25ba39ebf1f4" xlink:type="locator" />
    <calculationArc order="1" weight="1" xlink:arcrole="http://www.xbrl.org/2003/arcrole/summation-item" xlink:from="loc_us-gaap_InventoryNet_5b10f3ee-78f6-11e1-94fe-25ba39ebf1f4" xlink:to="loc_us-gaap_InventoryRawMaterialsNetOfReserves_5b016a00-78f6-11e1-94fe-25ba39ebf1f4" xlink:type="arc" />
    <loc xlink:href="http://xbrl.fasb.org/us-gaap/2012/elts/us-gaap-2012-01-31.xsd#us-gaap_InventoryWorkInProcessNetOfReserves" xlink:label="loc_us-gaap_InventoryWorkInProcessNetOfReserves_5b172430-78f6-11e1-94fe-25ba39ebf1f4" xlink:type="locator" />
    <calculationArc order="2" weight="1" xlink:arcrole="http://www.xbrl.org/2003/arcrole/summation-item" xlink:from="loc_us-gaap_InventoryNet_5b10f3ee-78f6-11e1-94fe-25ba39ebf1f4" xlink:to="loc_us-gaap_InventoryWorkInProcessNetOfReserves_5b172430-78f6-11e1-94fe-25ba39ebf1f4" xlink:type="arc" />
    <loc xlink:href="http://xbrl.fasb.org/us-gaap/2012/elts/us-gaap-2012-01-31.xsd#us-gaap_InventoryFinishedGoodsNetOfReserves" xlink:label="loc_us-gaap_InventoryFinishedGoodsNetOfReserves_5afe7bba-78f6-11e1-94fe-25ba39ebf1f4" xlink:type="locator" />
    <calculationArc order="3" weight="1" xlink:arcrole="http://www.xbrl.org/2003/arcrole/summation-item" xlink:from="loc_us-gaap_InventoryNet_5b10f3ee-78f6-11e1-94fe-25ba39ebf1f4" xlink:to="loc_us-gaap_InventoryFinishedGoodsNetOfReserves_5afe7bba-78f6-11e1-94fe-25ba39ebf1f4" xlink:type="arc" />
  </calculationLink>
  <calculationLink xlink:role="http://www.multimediagames.com/role/InventoryTables" xlink:type="extended" />
  <calculationLink xlink:role="http://www.multimediagames.com/role/NotesReceivable" xlink:type="extended" />
  <calculationLink xlink:role="http://www.multimediagames.com/role/NotesReceivableDetails" xlink:type="extended">
    <loc xlink:href="http://xbrl.fasb.org/us-gaap/2012/elts/us-gaap-2012-01-31.xsd#us-gaap_NotesReceivableNet" xlink:label="loc_us-gaap_NotesReceivableNet_61abee34-78f6-11e1-94fe-25ba39ebf1f4" xlink:type="locator" />
    <loc xlink:href="http://xbrl.fasb.org/us-gaap/2012/elts/us-gaap-2012-01-31.xsd#us-gaap_NotesAndLoansReceivableNetCurrent" xlink:label="loc_us-gaap_NotesAndLoansReceivableNetCurrent_61a8b368-78f6-11e1-94fe-25ba39ebf1f4" xlink:type="locator" />
    <calculationArc order="1" weight="1" xlink:arcrole="http://www.xbrl.org/2003/arcrole/summation-item" xlink:from="loc_us-gaap_NotesReceivableNet_61abee34-78f6-11e1-94fe-25ba39ebf1f4" xlink:to="loc_us-gaap_NotesAndLoansReceivableNetCurrent_61a8b368-78f6-11e1-94fe-25ba39ebf1f4" xlink:type="arc" />
    <loc xlink:href="http://xbrl.fasb.org/us-gaap/2012/elts/us-gaap-2012-01-31.xsd#us-gaap_NotesAndLoansReceivableNetNoncurrent" xlink:label="loc_us-gaap_NotesAndLoansReceivableNetNoncurrent_61a23b3c-78f6-11e1-94fe-25ba39ebf1f4" xlink:type="locator" />
    <calculationArc order="2" weight="1" xlink:arcrole="http://www.xbrl.org/2003/arcrole/summation-item" xlink:from="loc_us-gaap_NotesReceivableNet_61abee34-78f6-11e1-94fe-25ba39ebf1f4" xlink:to="loc_us-gaap_NotesAndLoansReceivableNetNoncurrent_61a23b3c-78f6-11e1-94fe-25ba39ebf1f4" xlink:type="arc" />
  </calculationLink>
  <calculationLink xlink:role="http://www.multimediagames.com/role/NotesReceivableTables" xlink:type="extended" />
  <calculationLink xlink:role="http://www.multimediagames.com/role/PropertyAndEquipmentAndLeasedGamingEquipment" xlink:type="extended" />
  <calculationLink xlink:role="http://www.multimediagames.com/role/PropertyAndEquipmentAndLeasedGamingEquipmentDetails" xlink:type="extended">
    <loc xlink:href="http://xbrl.fasb.org/us-gaap/2012/elts/us-gaap-2012-01-31.xsd#us-gaap_PropertyPlantAndEquipmentNet" xlink:label="loc_us-gaap_PropertyPlantAndEquipmentNet_683dcad8-78f6-11e1-94fe-25ba39ebf1f4" xlink:type="locator" />
    <loc xlink:href="http://xbrl.fasb.org/us-gaap/2012/elts/us-gaap-2012-01-31.xsd#us-gaap_PropertyPlantAndEquipmentGross" xlink:label="loc_us-gaap_PropertyPlantAndEquipmentGross_683f0542-78f6-11e1-94fe-25ba39ebf1f4" xlink:type="locator" />
    <calculationArc order="1" weight="1" xlink:arcrole="http://www.xbrl.org/2003/arcrole/summation-item" xlink:from="loc_us-gaap_PropertyPlantAndEquipmentNet_683dcad8-78f6-11e1-94fe-25ba39ebf1f4" xlink:to="loc_us-gaap_PropertyPlantAndEquipmentGross_683f0542-78f6-11e1-94fe-25ba39ebf1f4" xlink:type="arc" />
    <loc xlink:href="http://xbrl.fasb.org/us-gaap/2012/elts/us-gaap-2012-01-31.xsd#us-gaap_AccumulatedDepreciationDepletionAndAmortizationPropertyPlantAndEquipment" xlink:label="loc_us-gaap_AccumulatedDepreciationDepletionAndAmortizationPropertyPlantAndEquipment_29bfb410-78f6-11e1-94fe-25ba39ebf1f4" xlink:type="locator" />
    <calculationArc order="2" weight="-1" xlink:arcrole="http://www.xbrl.org/2003/arcrole/summation-item" xlink:from="loc_us-gaap_PropertyPlantAndEquipmentNet_683dcad8-78f6-11e1-94fe-25ba39ebf1f4" xlink:to="loc_us-gaap_AccumulatedDepreciationDepletionAndAmortizationPropertyPlantAndEquipment_29bfb410-78f6-11e1-94fe-25ba39ebf1f4" xlink:type="arc" />
  </calculationLink>
  <calculationLink xlink:role="http://www.multimediagames.com/role/PropertyAndEquipmentAndLeasedGamingEquipmentTables" xlink:type="extended" />
  <calculationLink xlink:role="http://www.multimediagames.com/role/SignificantAccountingPolicies" xlink:type="extended" />
  <calculationLink xlink:role="http://www.multimediagames.com/role/SignificantAccountingPoliciesDetails" xlink:type="extended" />
  <calculationLink xlink:role="http://www.multimediagames.com/role/SignificantAccountingPoliciesFairValueMeasurementsDetails" xlink:type="extended">
    <loc xlink:href="http://xbrl.fasb.org/us-gaap/2012/elts/us-gaap-2012-01-31.xsd#us-gaap_AssetsFairValueDisclosure" xlink:label="loc_us-gaap_AssetsFairValueDisclosure_2bc40522-78f6-11e1-94fe-25ba39ebf1f4" xlink:type="locator" />
    <loc xlink:href="http://xbrl.fasb.org/us-gaap/2012/elts/us-gaap-2012-01-31.xsd#us-gaap_CashAndCashEquivalentsFairValueDisclosure" xlink:label="loc_us-gaap_CashAndCashEquivalentsFairValueDisclosure_31a61aca-78f6-11e1-94fe-25ba39ebf1f4" xlink:type="locator" />
    <calculationArc order="1" weight="1" xlink:arcrole="http://www.xbrl.org/2003/arcrole/summation-item" xlink:from="loc_us-gaap_AssetsFairValueDisclosure_2bc40522-78f6-11e1-94fe-25ba39ebf1f4" xlink:to="loc_us-gaap_CashAndCashEquivalentsFairValueDisclosure_31a61aca-78f6-11e1-94fe-25ba39ebf1f4" xlink:type="arc" />
  </calculationLink>
  <calculationLink xlink:role="http://www.multimediagames.com/role/SignificantAccountingPoliciesPolicies" xlink:type="extended" />
  <calculationLink xlink:role="http://www.multimediagames.com/role/SignificantAccountingPoliciesTables" xlink:type="extended" />
  <calculationLink xlink:role="http://www.multimediagames.com/role/SubsequestEvents" xlink:type="extended" />
  <calculationLink xlink:role="http://www.multimediagames.com/role/SummaryOfCompanyInformation" xlink:type="extended" />
  <calculationLink xlink:role="http://www.multimediagames.com/role/TerminationOfMexicoOperations" xlink:type="extended" />
  <calculationLink xlink:role="http://www.multimediagames.com/role/TerminationOfMexicoOperationsDetails" xlink:type="extended" />
  <calculationLink xlink:role="http://www.multimediagames.com/role/ValueAddedTaxReceivable" xlink:type="extended" />
  <calculationLink xlink:role="http://www.multimediagames.com/role/ValueAddedTaxReceivableDetails" xlink:type="extended" />
</linkbase>
