<?xml version="1.0" encoding="us-ascii"?>
<!-- XBRL Generated with XBRLMark Copyright (C) by RR Donnelley -->
<!-- Based on XBRL 2.1 -->
<linkbase xmlns="http://www.xbrl.org/2003/linkbase" xmlns:xsi="http://www.w3.org/2001/XMLSchema-instance" xmlns:xlink="http://www.w3.org/1999/xlink" xsi:schemaLocation="http://www.xbrl.org/2003/linkbase http://www.xbrl.org/2003/xbrl-linkbase-2003-12-31.xsd">
  <roleRef xlink:type="simple" xlink:href="ipmt-20120630.xsd#DocumentAndEntityInformation" roleURI="http://ipaymentinc.com/role/DocumentAndEntityInformation" />
  <roleRef xlink:type="simple" xlink:href="ipmt-20120630.xsd#EquityRedemptionRefinancingAndChangeInControl" roleURI="http://ipaymentinc.com/role/EquityRedemptionRefinancingAndChangeInControl" />
  <roleRef xlink:type="simple" xlink:href="ipmt-20120630.xsd#OrganizationBusinessAndBasisOfPresentationPolicies" roleURI="http://ipaymentinc.com/role/OrganizationBusinessAndBasisOfPresentationPolicies" />
  <roleRef xlink:type="simple" xlink:href="ipmt-20120630.xsd#LongTermDebtTables" roleURI="http://ipaymentinc.com/role/LongTermDebtTables" />
  <roleRef xlink:type="simple" xlink:href="ipmt-20120630.xsd#LongTermDebtDetails" roleURI="http://ipaymentinc.com/role/LongTermDebtDetails" />
  <roleRef xlink:type="simple" xlink:href="ipmt-20120630.xsd#LongTermDebtDetails1" roleURI="http://ipaymentinc.com/role/LongTermDebtDetails1" />
  <roleRef xlink:type="simple" xlink:href="ipmt-20120630.xsd#LongTermDebtDetailsTextual" roleURI="http://ipaymentinc.com/role/LongTermDebtDetailsTextual" />
  <roleRef xlink:type="simple" xlink:href="ipmt-20120630.xsd#AcquisitionsDetails" roleURI="http://ipaymentinc.com/role/AcquisitionsDetails" />
  <roleRef xlink:type="simple" xlink:href="ipmt-20120630.xsd#SegmentInformationAndGeographicalInformationDetailsTextual" roleURI="http://ipaymentinc.com/role/SegmentInformationAndGeographicalInformationDetailsTextual" />
  <roleRef xlink:type="simple" xlink:href="ipmt-20120630.xsd#IncomeTaxesDetailsTextual" roleURI="http://ipaymentinc.com/role/IncomeTaxesDetailsTextual" />
  <roleRef xlink:type="simple" xlink:href="ipmt-20120630.xsd#SubsequentEventsDetailsTextual" roleURI="http://ipaymentinc.com/role/SubsequentEventsDetailsTextual" />
  <roleRef xlink:type="simple" xlink:href="ipmt-20120630.xsd#RelatedPartyTransactionsDetailsTextual" roleURI="http://ipaymentinc.com/role/RelatedPartyTransactionsDetailsTextual" />
  <roleRef xlink:type="simple" xlink:href="ipmt-20120630.xsd#CommitmentsAndContingenciesDetailsTextual" roleURI="http://ipaymentinc.com/role/CommitmentsAndContingenciesDetailsTextual" />
  <roleRef xlink:type="simple" xlink:href="ipmt-20120630.xsd#AcquisitionsTables" roleURI="http://ipaymentinc.com/role/AcquisitionsTables" />
  <roleRef xlink:type="simple" xlink:href="ipmt-20120630.xsd#AcquisitionsDetails1" roleURI="http://ipaymentinc.com/role/AcquisitionsDetails1" />
  <roleRef xlink:type="simple" xlink:href="ipmt-20120630.xsd#RestatementOfConsolidatedFinancialStatements" roleURI="http://ipaymentinc.com/role/RestatementOfConsolidatedFinancialStatements" />
  <roleRef xlink:type="simple" xlink:href="ipmt-20120630.xsd#RestatementOfConsolidatedFinancialStatementsTables" roleURI="http://ipaymentinc.com/role/RestatementOfConsolidatedFinancialStatementsTables" />
  <roleRef xlink:type="simple" xlink:href="ipmt-20120630.xsd#RestatementOfConsolidatedFinancialStatementsDetails" roleURI="http://ipaymentinc.com/role/RestatementOfConsolidatedFinancialStatementsDetails" />
  <roleRef xlink:type="simple" xlink:href="ipmt-20120630.xsd#RestatementOfConsolidatedFinancialStatementsDetails1" roleURI="http://ipaymentinc.com/role/RestatementOfConsolidatedFinancialStatementsDetails1" />
  <roleRef xlink:type="simple" xlink:href="ipmt-20120630.xsd#RestatementOfConsolidatedFinancialStatementsDetailsTextual" roleURI="http://ipaymentinc.com/role/RestatementOfConsolidatedFinancialStatementsDetailsTextual" />
  <roleRef xlink:type="simple" xlink:href="ipmt-20120630.xsd#RestatementOfFinancialStatementsDetails2" roleURI="http://ipaymentinc.com/role/RestatementOfFinancialStatementsDetails2" />
  <roleRef xlink:type="simple" xlink:href="ipmt-20120630.xsd#RestatementOfFinancialStatementsDetails3" roleURI="http://ipaymentinc.com/role/RestatementOfFinancialStatementsDetails3" />
  <roleRef xlink:type="simple" xlink:href="ipmt-20120630.xsd#StatementsOfOperationsAndComprehensiveIncomeLoss" roleURI="http://ipaymentinc.com/role/StatementsOfOperationsAndComprehensiveIncomeLoss" />
  <calculationLink xlink:type="extended" xlink:role="http://ipaymentinc.com/role/DocumentAndEntityInformation" xlink:title="00 - Document - Document and Entity Information" />
  <roleRef roleURI="http://ipaymentinc.com/role/BalanceSheets" xlink:href="ipmt-20120630.xsd#BalanceSheets" xlink:type="simple" />
  <roleRef roleURI="http://ipaymentinc.com/role/BalanceSheetsParenthetical" xlink:href="ipmt-20120630.xsd#BalanceSheetsParenthetical" xlink:type="simple" />
  <roleRef roleURI="http://ipaymentinc.com/role/StatementsOfCashFlows" xlink:href="ipmt-20120630.xsd#StatementsOfCashFlows" xlink:type="simple" />
  <calculationLink xlink:role="http://ipaymentinc.com/role/BalanceSheets" xlink:title="0110 - Statement - Consolidated Balance Sheets" xlink:type="extended">
    <loc xlink:type="locator" xlink:href="http://xbrl.fasb.org/us-gaap/2012/elts/us-gaap-2012-01-31.xsd#us-gaap_AssetsCurrent" xlink:label="loc_AssetsCurrent" />
    <loc xlink:type="locator" xlink:href="http://xbrl.fasb.org/us-gaap/2012/elts/us-gaap-2012-01-31.xsd#us-gaap_CashAndCashEquivalentsAtCarryingValue" xlink:label="loc_CashAndCashEquivalentsAtCarryingValue" />
    <calculationArc xlink:type="arc" xlink:arcrole="http://www.xbrl.org/2003/arcrole/summation-item" xlink:from="loc_AssetsCurrent" xlink:to="loc_CashAndCashEquivalentsAtCarryingValue" order="20" use="optional" weight="1" />
    <loc xlink:type="locator" xlink:href="http://xbrl.fasb.org/us-gaap/2012/elts/us-gaap-2012-01-31.xsd#us-gaap_AccountsReceivableNetCurrent" xlink:label="loc_AccountsReceivableNetCurrent" />
    <calculationArc xlink:type="arc" xlink:arcrole="http://www.xbrl.org/2003/arcrole/summation-item" xlink:from="loc_AssetsCurrent" xlink:to="loc_AccountsReceivableNetCurrent" order="40" use="optional" weight="1" />
    <loc xlink:type="locator" xlink:href="http://xbrl.fasb.org/us-gaap/2012/elts/us-gaap-2012-01-31.xsd#us-gaap_PrepaidExpenseAndOtherAssetsCurrent" xlink:label="loc_PrepaidExpenseAndOtherAssetsCurrent" />
    <calculationArc xlink:type="arc" xlink:arcrole="http://www.xbrl.org/2003/arcrole/summation-item" xlink:from="loc_AssetsCurrent" xlink:to="loc_PrepaidExpenseAndOtherAssetsCurrent" order="60" use="optional" weight="1" />
    <loc xlink:type="locator" xlink:href="http://xbrl.fasb.org/us-gaap/2012/elts/us-gaap-2012-01-31.xsd#us-gaap_DeferredTaxAssetsNetCurrent" xlink:label="loc_DeferredTaxAssetsNetCurrent" />
    <calculationArc xlink:type="arc" xlink:arcrole="http://www.xbrl.org/2003/arcrole/summation-item" xlink:from="loc_AssetsCurrent" xlink:to="loc_DeferredTaxAssetsNetCurrent" order="80" use="optional" weight="1" />
    <loc xlink:type="locator" xlink:href="http://xbrl.fasb.org/us-gaap/2012/elts/us-gaap-2012-01-31.xsd#us-gaap_Assets" xlink:label="loc_Assets" />
    <calculationArc xlink:type="arc" xlink:arcrole="http://www.xbrl.org/2003/arcrole/summation-item" xlink:from="loc_Assets" xlink:to="loc_AssetsCurrent" order="20" use="optional" weight="1" />
    <loc xlink:type="locator" xlink:href="http://xbrl.fasb.org/us-gaap/2012/elts/us-gaap-2012-01-31.xsd#us-gaap_RestrictedCashAndCashEquivalentsNoncurrent" xlink:label="loc_RestrictedCashAndCashEquivalentsNoncurrent" />
    <calculationArc xlink:type="arc" xlink:arcrole="http://www.xbrl.org/2003/arcrole/summation-item" xlink:from="loc_Assets" xlink:to="loc_RestrictedCashAndCashEquivalentsNoncurrent" order="40" use="optional" weight="1" />
    <loc xlink:type="locator" xlink:href="http://xbrl.fasb.org/us-gaap/2012/elts/us-gaap-2012-01-31.xsd#us-gaap_PropertyPlantAndEquipmentNet" xlink:label="loc_PropertyPlantAndEquipmentNet" />
    <calculationArc xlink:type="arc" xlink:arcrole="http://www.xbrl.org/2003/arcrole/summation-item" xlink:from="loc_Assets" xlink:to="loc_PropertyPlantAndEquipmentNet" order="60" use="optional" weight="1" />
    <loc xlink:type="locator" xlink:href="http://xbrl.fasb.org/us-gaap/2012/elts/us-gaap-2012-01-31.xsd#us-gaap_IntangibleAssetsNetExcludingGoodwill" xlink:label="loc_IntangibleAssetsNetExcludingGoodwill" />
    <calculationArc xlink:type="arc" xlink:arcrole="http://www.xbrl.org/2003/arcrole/summation-item" xlink:from="loc_Assets" xlink:to="loc_IntangibleAssetsNetExcludingGoodwill" order="80" use="optional" weight="1" />
    <loc xlink:type="locator" xlink:href="http://xbrl.fasb.org/us-gaap/2012/elts/us-gaap-2012-01-31.xsd#us-gaap_Goodwill" xlink:label="loc_Goodwill" />
    <calculationArc xlink:type="arc" xlink:arcrole="http://www.xbrl.org/2003/arcrole/summation-item" xlink:from="loc_Assets" xlink:to="loc_Goodwill" order="100" use="optional" weight="1" />
    <loc xlink:type="locator" xlink:href="http://xbrl.fasb.org/us-gaap/2012/elts/us-gaap-2012-01-31.xsd#us-gaap_OtherAssetsNoncurrent" xlink:label="loc_OtherAssetsNoncurrent" />
    <calculationArc xlink:type="arc" xlink:arcrole="http://www.xbrl.org/2003/arcrole/summation-item" xlink:from="loc_Assets" xlink:to="loc_OtherAssetsNoncurrent" order="120" use="optional" weight="1" />
    <loc xlink:type="locator" xlink:href="http://xbrl.fasb.org/us-gaap/2012/elts/us-gaap-2012-01-31.xsd#us-gaap_LiabilitiesCurrent" xlink:label="loc_LiabilitiesCurrent" />
    <loc xlink:type="locator" xlink:href="http://xbrl.fasb.org/us-gaap/2012/elts/us-gaap-2012-01-31.xsd#us-gaap_AccountsPayableCurrent" xlink:label="loc_AccountsPayableCurrent" />
    <calculationArc xlink:type="arc" xlink:arcrole="http://www.xbrl.org/2003/arcrole/summation-item" xlink:from="loc_LiabilitiesCurrent" xlink:to="loc_AccountsPayableCurrent" order="20" use="optional" weight="1" />
    <loc xlink:type="locator" xlink:href="http://xbrl.fasb.org/us-gaap/2012/elts/us-gaap-2012-01-31.xsd#us-gaap_TaxesPayableCurrent" xlink:label="loc_TaxesPayableCurrent" />
    <calculationArc xlink:type="arc" xlink:arcrole="http://www.xbrl.org/2003/arcrole/summation-item" xlink:from="loc_LiabilitiesCurrent" xlink:to="loc_TaxesPayableCurrent" order="40" use="optional" weight="1" />
    <loc xlink:type="locator" xlink:href="http://xbrl.fasb.org/us-gaap/2012/elts/us-gaap-2012-01-31.xsd#us-gaap_DepositLiabilitiesAccruedInterest" xlink:label="loc_DepositLiabilitiesAccruedInterest" />
    <calculationArc xlink:type="arc" xlink:arcrole="http://www.xbrl.org/2003/arcrole/summation-item" xlink:from="loc_LiabilitiesCurrent" xlink:to="loc_DepositLiabilitiesAccruedInterest" order="60" use="optional" weight="1" />
    <loc xlink:type="locator" xlink:href="ipmt-20120630.xsd#ipmt_AccruedLiabilitiesAndOther" xlink:label="ipmt_AccruedLiabilitiesAndOther" />
    <calculationArc xlink:type="arc" xlink:arcrole="http://www.xbrl.org/2003/arcrole/summation-item" xlink:from="loc_LiabilitiesCurrent" xlink:to="ipmt_AccruedLiabilitiesAndOther" order="80" use="optional" weight="1" />
    <loc xlink:type="locator" xlink:href="http://xbrl.fasb.org/us-gaap/2012/elts/us-gaap-2012-01-31.xsd#us-gaap_Liabilities" xlink:label="loc_Liabilities" />
    <calculationArc xlink:type="arc" xlink:arcrole="http://www.xbrl.org/2003/arcrole/summation-item" xlink:from="loc_Liabilities" xlink:to="loc_LiabilitiesCurrent" order="20" use="optional" weight="1" />
    <loc xlink:type="locator" xlink:href="http://xbrl.fasb.org/us-gaap/2012/elts/us-gaap-2012-01-31.xsd#us-gaap_LongTermDebtNoncurrent" xlink:label="loc_LongTermDebtNoncurrent" />
    <calculationArc xlink:type="arc" xlink:arcrole="http://www.xbrl.org/2003/arcrole/summation-item" xlink:from="loc_Liabilities" xlink:to="loc_LongTermDebtNoncurrent" order="60" use="optional" weight="1" />
    <loc xlink:type="locator" xlink:href="http://xbrl.fasb.org/us-gaap/2012/elts/us-gaap-2012-01-31.xsd#us-gaap_OtherLiabilitiesNoncurrent" xlink:label="loc_OtherLiabilitiesNoncurrent" />
    <calculationArc xlink:type="arc" xlink:arcrole="http://www.xbrl.org/2003/arcrole/summation-item" xlink:from="loc_Liabilities" xlink:to="loc_OtherLiabilitiesNoncurrent" order="80" use="optional" weight="1" />
    <loc xlink:type="locator" xlink:href="http://xbrl.fasb.org/us-gaap/2012/elts/us-gaap-2012-01-31.xsd#us-gaap_LiabilitiesAndStockholdersEquity" xlink:label="loc_LiabilitiesAndStockholdersEquity" />
    <calculationArc xlink:type="arc" xlink:arcrole="http://www.xbrl.org/2003/arcrole/summation-item" xlink:from="loc_LiabilitiesAndStockholdersEquity" xlink:to="loc_Liabilities" order="20" use="optional" weight="1" />
    <loc xlink:type="locator" xlink:href="http://xbrl.fasb.org/us-gaap/2012/elts/us-gaap-2012-01-31.xsd#us-gaap_StockholdersEquity" xlink:label="loc_StockholdersEquity" />
    <loc xlink:type="locator" xlink:href="http://xbrl.fasb.org/us-gaap/2012/elts/us-gaap-2012-01-31.xsd#us-gaap_CommonStockValue" xlink:label="loc_CommonStockValue" />
    <calculationArc xlink:type="arc" xlink:arcrole="http://www.xbrl.org/2003/arcrole/summation-item" xlink:from="loc_StockholdersEquity" xlink:to="loc_CommonStockValue" order="20" use="optional" weight="1" />
    <loc xlink:type="locator" xlink:href="http://xbrl.fasb.org/us-gaap/2012/elts/us-gaap-2012-01-31.xsd#us-gaap_RetainedEarningsAccumulatedDeficit" xlink:label="loc_RetainedEarningsAccumulatedDeficit" />
    <calculationArc xlink:type="arc" xlink:arcrole="http://www.xbrl.org/2003/arcrole/summation-item" xlink:from="loc_StockholdersEquity" xlink:to="loc_RetainedEarningsAccumulatedDeficit" order="40" use="optional" weight="1" />
    <calculationArc xlink:type="arc" xlink:arcrole="http://www.xbrl.org/2003/arcrole/summation-item" xlink:from="loc_LiabilitiesAndStockholdersEquity" xlink:to="loc_StockholdersEquity" order="40" use="optional" weight="1" />
    <loc xlink:type="locator" xlink:href="http://xbrl.fasb.org/us-gaap/2012/elts/us-gaap-2012-01-31.xsd#us-gaap_DeferredTaxLiabilitiesNoncurrent" xlink:label="loc_DeferredTaxLiabilitiesNoncurrent" />
    <calculationArc xlink:type="arc" xlink:arcrole="http://www.xbrl.org/2003/arcrole/summation-item" xlink:from="loc_Liabilities" xlink:to="loc_DeferredTaxLiabilitiesNoncurrent" order="40" use="optional" weight="1" />
  </calculationLink>
  <calculationLink xlink:role="http://ipaymentinc.com/role/StatementsOfCashFlows" xlink:title="0130 - Statement - Consolidated Statements of Cash Flows (Unaudited)" xlink:type="extended">
    <loc xlink:type="locator" xlink:href="http://xbrl.fasb.org/us-gaap/2012/elts/us-gaap-2012-01-31.xsd#us-gaap_NetCashProvidedByUsedInOperatingActivities" xlink:label="loc_NetCashProvidedByUsedInOperatingActivities" />
    <loc xlink:type="locator" xlink:href="http://xbrl.fasb.org/us-gaap/2012/elts/us-gaap-2012-01-31.xsd#us-gaap_NetIncomeLoss" xlink:label="loc_NetIncomeLoss" />
    <calculationArc xlink:type="arc" xlink:arcrole="http://www.xbrl.org/2003/arcrole/summation-item" xlink:from="loc_NetCashProvidedByUsedInOperatingActivities" xlink:to="loc_NetIncomeLoss" order="20" use="optional" weight="1" />
    <loc xlink:type="locator" xlink:href="http://xbrl.fasb.org/us-gaap/2012/elts/us-gaap-2012-01-31.xsd#us-gaap_DepreciationDepletionAndAmortization" xlink:label="loc_DepreciationDepletionAndAmortization" />
    <calculationArc xlink:type="arc" xlink:arcrole="http://www.xbrl.org/2003/arcrole/summation-item" xlink:from="loc_NetCashProvidedByUsedInOperatingActivities" xlink:to="loc_DepreciationDepletionAndAmortization" order="40" use="optional" weight="1" />
    <loc xlink:type="locator" xlink:href="http://xbrl.fasb.org/us-gaap/2012/elts/us-gaap-2012-01-31.xsd#us-gaap_IncreaseDecreaseInAccountsReceivable" xlink:label="loc_IncreaseDecreaseInAccountsReceivable" />
    <calculationArc xlink:type="arc" xlink:arcrole="http://www.xbrl.org/2003/arcrole/summation-item" xlink:from="loc_NetCashProvidedByUsedInOperatingActivities" xlink:to="loc_IncreaseDecreaseInAccountsReceivable" order="100" use="optional" weight="-1" />
    <loc xlink:type="locator" xlink:href="http://xbrl.fasb.org/us-gaap/2012/elts/us-gaap-2012-01-31.xsd#us-gaap_IncreaseDecreaseInPrepaidDeferredExpenseAndOtherAssets" xlink:label="loc_IncreaseDecreaseInPrepaidDeferredExpenseAndOtherAssets" />
    <calculationArc xlink:type="arc" xlink:arcrole="http://www.xbrl.org/2003/arcrole/summation-item" xlink:from="loc_NetCashProvidedByUsedInOperatingActivities" xlink:to="loc_IncreaseDecreaseInPrepaidDeferredExpenseAndOtherAssets" order="120" use="optional" weight="-1" />
    <loc xlink:type="locator" xlink:href="http://xbrl.fasb.org/us-gaap/2012/elts/us-gaap-2012-01-31.xsd#us-gaap_IncreaseDecreaseInOtherOperatingAssets" xlink:label="loc_IncreaseDecreaseInOtherOperatingAssets" />
    <calculationArc xlink:type="arc" xlink:arcrole="http://www.xbrl.org/2003/arcrole/summation-item" xlink:from="loc_NetCashProvidedByUsedInOperatingActivities" xlink:to="loc_IncreaseDecreaseInOtherOperatingAssets" order="140" use="optional" weight="-1" />
    <loc xlink:type="locator" xlink:href="http://xbrl.fasb.org/us-gaap/2012/elts/us-gaap-2012-01-31.xsd#us-gaap_IncreaseDecreaseInAccountsPayableAndAccruedLiabilities" xlink:label="loc_IncreaseDecreaseInAccountsPayableAndAccruedLiabilities" />
    <calculationArc xlink:type="arc" xlink:arcrole="http://www.xbrl.org/2003/arcrole/summation-item" xlink:from="loc_NetCashProvidedByUsedInOperatingActivities" xlink:to="loc_IncreaseDecreaseInAccountsPayableAndAccruedLiabilities" order="160" use="optional" weight="1" />
    <loc xlink:type="locator" xlink:href="http://xbrl.fasb.org/us-gaap/2012/elts/us-gaap-2012-01-31.xsd#us-gaap_IncreaseDecreaseInInterestPayableNet" xlink:label="loc_IncreaseDecreaseInInterestPayableNet" />
    <calculationArc xlink:type="arc" xlink:arcrole="http://www.xbrl.org/2003/arcrole/summation-item" xlink:from="loc_NetCashProvidedByUsedInOperatingActivities" xlink:to="loc_IncreaseDecreaseInInterestPayableNet" order="180" use="optional" weight="1" />
    <loc xlink:type="locator" xlink:href="http://xbrl.fasb.org/us-gaap/2012/elts/us-gaap-2012-01-31.xsd#us-gaap_IncreaseDecreaseInAccruedLiabilitiesAndOtherOperatingLiabilities" xlink:label="loc_IncreaseDecreaseInAccruedLiabilitiesAndOtherOperatingLiabilities" />
    <calculationArc xlink:type="arc" xlink:arcrole="http://www.xbrl.org/2003/arcrole/summation-item" xlink:from="loc_NetCashProvidedByUsedInOperatingActivities" xlink:to="loc_IncreaseDecreaseInAccruedLiabilitiesAndOtherOperatingLiabilities" order="200" use="optional" weight="1" />
    <loc xlink:type="locator" xlink:href="http://xbrl.fasb.org/us-gaap/2012/elts/us-gaap-2012-01-31.xsd#us-gaap_CashAndCashEquivalentsPeriodIncreaseDecrease" xlink:label="loc_CashAndCashEquivalentsPeriodIncreaseDecrease" />
    <calculationArc xlink:type="arc" xlink:arcrole="http://www.xbrl.org/2003/arcrole/summation-item" xlink:from="loc_CashAndCashEquivalentsPeriodIncreaseDecrease" xlink:to="loc_NetCashProvidedByUsedInOperatingActivities" order="20" use="optional" weight="1" />
    <loc xlink:type="locator" xlink:href="http://xbrl.fasb.org/us-gaap/2012/elts/us-gaap-2012-01-31.xsd#us-gaap_NetCashProvidedByUsedInInvestingActivities" xlink:label="loc_NetCashProvidedByUsedInInvestingActivities" />
    <loc xlink:type="locator" xlink:href="http://xbrl.fasb.org/us-gaap/2012/elts/us-gaap-2012-01-31.xsd#us-gaap_IncreaseDecreaseInRestrictedCash" xlink:label="loc_IncreaseDecreaseInRestrictedCash" />
    <calculationArc xlink:type="arc" xlink:arcrole="http://www.xbrl.org/2003/arcrole/summation-item" xlink:from="loc_NetCashProvidedByUsedInInvestingActivities" xlink:to="loc_IncreaseDecreaseInRestrictedCash" order="20" use="optional" weight="-1" />
    <loc xlink:type="locator" xlink:href="http://xbrl.fasb.org/us-gaap/2012/elts/us-gaap-2012-01-31.xsd#us-gaap_PaymentsToAcquirePropertyPlantAndEquipment" xlink:label="loc_PaymentsToAcquirePropertyPlantAndEquipment" />
    <calculationArc xlink:type="arc" xlink:arcrole="http://www.xbrl.org/2003/arcrole/summation-item" xlink:from="loc_NetCashProvidedByUsedInInvestingActivities" xlink:to="loc_PaymentsToAcquirePropertyPlantAndEquipment" order="40" use="optional" weight="-1" />
    <loc xlink:type="locator" xlink:href="ipmt-20120630.xsd#ipmt_PaymentsForPrepaidResidualExpenses" xlink:label="ipmt_PaymentsForPrepaidResidualExpenses" />
    <calculationArc xlink:type="arc" xlink:arcrole="http://www.xbrl.org/2003/arcrole/summation-item" xlink:from="loc_NetCashProvidedByUsedInInvestingActivities" xlink:to="ipmt_PaymentsForPrepaidResidualExpenses" order="80" use="optional" weight="-1" />
    <calculationArc xlink:type="arc" xlink:arcrole="http://www.xbrl.org/2003/arcrole/summation-item" xlink:from="loc_CashAndCashEquivalentsPeriodIncreaseDecrease" xlink:to="loc_NetCashProvidedByUsedInInvestingActivities" order="40" use="optional" weight="1" />
    <loc xlink:type="locator" xlink:href="http://xbrl.fasb.org/us-gaap/2012/elts/us-gaap-2012-01-31.xsd#us-gaap_NetCashProvidedByUsedInFinancingActivities" xlink:label="loc_NetCashProvidedByUsedInFinancingActivities" />
    <loc xlink:type="locator" xlink:href="http://xbrl.fasb.org/us-gaap/2012/elts/us-gaap-2012-01-31.xsd#us-gaap_RepaymentsOfLinesOfCredit" xlink:label="loc_RepaymentsOfLinesOfCredit" />
    <calculationArc xlink:type="arc" xlink:arcrole="http://www.xbrl.org/2003/arcrole/summation-item" xlink:from="loc_NetCashProvidedByUsedInFinancingActivities" xlink:to="loc_RepaymentsOfLinesOfCredit" order="20" use="optional" weight="-1" />
    <loc xlink:type="locator" xlink:href="http://xbrl.fasb.org/us-gaap/2012/elts/us-gaap-2012-01-31.xsd#us-gaap_ProceedsFromRepaymentsOfDebt" xlink:label="loc_ProceedsFromRepaymentsOfDebt" />
    <calculationArc xlink:type="arc" xlink:arcrole="http://www.xbrl.org/2003/arcrole/summation-item" xlink:from="loc_NetCashProvidedByUsedInFinancingActivities" xlink:to="loc_ProceedsFromRepaymentsOfDebt" order="40" use="optional" weight="1" />
    <calculationArc xlink:type="arc" xlink:arcrole="http://www.xbrl.org/2003/arcrole/summation-item" xlink:from="loc_CashAndCashEquivalentsPeriodIncreaseDecrease" xlink:to="loc_NetCashProvidedByUsedInFinancingActivities" order="60" use="optional" weight="1" />
    <loc xlink:type="locator" xlink:href="http://xbrl.fasb.org/us-gaap/2012/elts/us-gaap-2012-01-31.xsd#us-gaap_PaymentsOfDividendsCommonStock" xlink:label="loc_PaymentsOfDividendsCommonStock" />
    <calculationArc xlink:type="arc" xlink:arcrole="http://www.xbrl.org/2003/arcrole/summation-item" xlink:from="loc_NetCashProvidedByUsedInFinancingActivities" xlink:to="loc_PaymentsOfDividendsCommonStock" order="60" use="optional" weight="-1" />
    <loc xlink:type="locator" xlink:href="http://xbrl.fasb.org/us-gaap/2012/elts/us-gaap-2012-01-31.xsd#us-gaap_ProceedsFromIssuanceOfLongTermDebt" xlink:label="loc_ProceedsFromIssuanceOfLongTermDebt" />
    <calculationArc xlink:type="arc" xlink:arcrole="http://www.xbrl.org/2003/arcrole/summation-item" xlink:from="loc_NetCashProvidedByUsedInFinancingActivities" xlink:to="loc_ProceedsFromIssuanceOfLongTermDebt" order="80" use="optional" weight="1" />
    <loc xlink:type="locator" xlink:href="ipmt-20120630.xsd#ipmt_AcquisitionsOfMerchantPortfolios" xlink:label="ipmt_AcquisitionsOfMerchantPortfolios" />
    <calculationArc xlink:type="arc" xlink:arcrole="http://www.xbrl.org/2003/arcrole/summation-item" xlink:from="loc_NetCashProvidedByUsedInInvestingActivities" xlink:to="ipmt_AcquisitionsOfMerchantPortfolios" order="60" use="optional" weight="1" priority="1" />
    <loc xlink:type="locator" xlink:href="http://xbrl.fasb.org/us-gaap/2012/elts/us-gaap-2012-01-31.xsd#us-gaap_OtherNoncashExpense" xlink:label="loc_OtherNoncashExpense" />
    <calculationArc xlink:type="arc" xlink:arcrole="http://www.xbrl.org/2003/arcrole/summation-item" xlink:from="loc_NetCashProvidedByUsedInOperatingActivities" xlink:to="loc_OtherNoncashExpense" order="60" use="optional" weight="1" />
    <loc xlink:type="locator" xlink:href="http://xbrl.fasb.org/us-gaap/2012/elts/us-gaap-2012-01-31.xsd#us-gaap_GainLossOnSaleOfPropertyPlantEquipment" xlink:label="loc_GainLossOnSaleOfPropertyPlantEquipment" />
    <calculationArc xlink:type="arc" xlink:arcrole="http://www.xbrl.org/2003/arcrole/summation-item" xlink:from="loc_NetCashProvidedByUsedInOperatingActivities" xlink:to="loc_GainLossOnSaleOfPropertyPlantEquipment" order="80" use="optional" weight="-1" />
    <loc xlink:type="locator" xlink:href="http://xbrl.fasb.org/us-gaap/2012/elts/us-gaap-2012-01-31.xsd#us-gaap_PaymentsOfDebtIssuanceCosts" xlink:label="loc_PaymentsOfDebtIssuanceCosts" />
    <calculationArc xlink:type="arc" xlink:arcrole="http://www.xbrl.org/2003/arcrole/summation-item" xlink:from="loc_NetCashProvidedByUsedInFinancingActivities" xlink:to="loc_PaymentsOfDebtIssuanceCosts" order="100" use="optional" weight="-1" />
  </calculationLink>
  <roleRef xlink:type="simple" xlink:href="ipmt-20120630.xsd#OrganizationAndBusinessAndBasisOfPresentation" roleURI="http://ipaymentinc.com/role/OrganizationAndBusinessAndBasisOfPresentation" />
  <calculationLink xlink:type="extended" xlink:role="http://ipaymentinc.com/role/OrganizationAndBusinessAndBasisOfPresentation" xlink:title="0201 - Disclosure - Organization, Business and Basis of Presentation" />
  <roleRef xlink:type="simple" xlink:href="ipmt-20120630.xsd#Acquisitions" roleURI="http://ipaymentinc.com/role/Acquisitions" />
  <calculationLink xlink:type="extended" xlink:role="http://ipaymentinc.com/role/Acquisitions" xlink:title="0204 - Disclosure - Acquisitions" />
  <roleRef xlink:type="simple" xlink:href="ipmt-20120630.xsd#OtherIntangibles" roleURI="http://ipaymentinc.com/role/OtherIntangibles" />
  <calculationLink xlink:type="extended" xlink:role="http://ipaymentinc.com/role/OtherIntangibles" xlink:title="0205 - Disclosure - Other Intangibles" />
  <roleRef xlink:type="simple" xlink:href="ipmt-20120630.xsd#LongTermDebt" roleURI="http://ipaymentinc.com/role/LongTermDebt" />
  <calculationLink xlink:type="extended" xlink:role="http://ipaymentinc.com/role/LongTermDebt" xlink:title="0206 - Disclosure - Long-Term Debt" />
  <roleRef xlink:type="simple" xlink:href="ipmt-20120630.xsd#SegmentInformationAndGeographicalInformation" roleURI="http://ipaymentinc.com/role/SegmentInformationAndGeographicalInformation" />
  <calculationLink xlink:type="extended" xlink:role="http://ipaymentinc.com/role/SegmentInformationAndGeographicalInformation" xlink:title="0207 - Disclosure - Segment Information and Geographical Information" />
  <roleRef xlink:type="simple" xlink:href="ipmt-20120630.xsd#IncomeTaxes" roleURI="http://ipaymentinc.com/role/IncomeTaxes" />
  <calculationLink xlink:type="extended" xlink:role="http://ipaymentinc.com/role/IncomeTaxes" xlink:title="0208 - Disclosure - Income Taxes" />
  <roleRef xlink:type="simple" xlink:href="ipmt-20120630.xsd#CommitmentsAndContingencies" roleURI="http://ipaymentinc.com/role/CommitmentsAndContingencies" />
  <calculationLink xlink:type="extended" xlink:role="http://ipaymentinc.com/role/CommitmentsAndContingencies" xlink:title="0209 - Disclosure - Commitments and Contingencies" />
  <roleRef xlink:type="simple" xlink:href="ipmt-20120630.xsd#RecentAccountingPronouncements" roleURI="http://ipaymentinc.com/role/RecentAccountingPronouncements" />
  <calculationLink xlink:type="extended" xlink:role="http://ipaymentinc.com/role/RecentAccountingPronouncements" xlink:title="0210 - Disclosure - Recent Accounting Pronouncements" />
  <roleRef xlink:type="simple" xlink:href="ipmt-20120630.xsd#RelatedPartyTransactions" roleURI="http://ipaymentinc.com/role/RelatedPartyTransactions" />
  <calculationLink xlink:type="extended" xlink:role="http://ipaymentinc.com/role/RelatedPartyTransactions" xlink:title="0211 - Disclosure - Related Party Transactions" />
  <roleRef xlink:type="simple" xlink:href="ipmt-20120630.xsd#SubsequentEvents" roleURI="http://ipaymentinc.com/role/SubsequentEvents" />
  <calculationLink xlink:type="extended" xlink:role="http://ipaymentinc.com/role/SubsequentEvents" xlink:title="0212 - Disclosure - Subsequent Events" />
  <calculationLink xlink:type="extended" xlink:role="http://ipaymentinc.com/role/EquityRedemptionRefinancingAndChangeInControl" xlink:title="0203 - Disclosure - Equity Redemption, Refinancing and Change in Control" />
  <calculationLink xlink:type="extended" xlink:role="http://ipaymentinc.com/role/OrganizationBusinessAndBasisOfPresentationPolicies" xlink:title="0401 - Disclosure - Organization Business and Basis of Presentation (Policies)" />
  <calculationLink xlink:type="extended" xlink:role="http://ipaymentinc.com/role/LongTermDebtTables" xlink:title="0506 - Disclosure - Long-Term Debt (Tables)" />
  <calculationLink xlink:type="extended" xlink:role="http://ipaymentinc.com/role/LongTermDebtDetails" xlink:title="0606 - Disclosure - Long Term Debt (Details)">
    <loc xlink:type="locator" xlink:href="http://xbrl.fasb.org/us-gaap/2012/elts/us-gaap-2012-01-31.xsd#us-gaap_LongTermDebt" xlink:label="loc_LongTermDebt" />
    <loc xlink:type="locator" xlink:href="http://xbrl.fasb.org/us-gaap/2012/elts/us-gaap-2012-01-31.xsd#us-gaap_LongTermDebtCurrent" xlink:label="loc_LongTermDebtCurrent" />
    <calculationArc xlink:type="arc" xlink:arcrole="http://www.xbrl.org/2003/arcrole/summation-item" xlink:from="loc_LongTermDebt" xlink:to="loc_LongTermDebtCurrent" order="20" use="optional" weight="1" priority="1" />
    <loc xlink:type="locator" xlink:href="http://xbrl.fasb.org/us-gaap/2012/elts/us-gaap-2012-01-31.xsd#us-gaap_DebtInstrumentCarryingAmount" xlink:label="loc_DebtInstrumentCarryingAmount" />
    <calculationArc xlink:type="arc" xlink:arcrole="http://www.xbrl.org/2003/arcrole/summation-item" xlink:from="loc_LongTermDebt" xlink:to="loc_DebtInstrumentCarryingAmount" order="10" use="optional" weight="1" priority="1" />
  </calculationLink>
  <calculationLink xlink:type="extended" xlink:role="http://ipaymentinc.com/role/LongTermDebtDetails1" xlink:title="06061 - Disclosure - Long Term Debt (Details 1)" />
  <calculationLink xlink:type="extended" xlink:role="http://ipaymentinc.com/role/LongTermDebtDetailsTextual" xlink:title="06062 - Disclosure - Long Term Debt (Details Textual)" />
  <calculationLink xlink:type="extended" xlink:role="http://ipaymentinc.com/role/AcquisitionsDetails" xlink:title="06041 - Disclosure - Acquisitions (Details Textual)" />
  <calculationLink xlink:type="extended" xlink:role="http://ipaymentinc.com/role/SegmentInformationAndGeographicalInformationDetailsTextual" xlink:title="0607 - Disclosure - Segment Information and Geographical Information (Details Textual)" />
  <calculationLink xlink:type="extended" xlink:role="http://ipaymentinc.com/role/IncomeTaxesDetailsTextual" xlink:title="0608 - Disclosure - Income Taxes (Details Textual)" />
  <calculationLink xlink:type="extended" xlink:role="http://ipaymentinc.com/role/SubsequentEventsDetailsTextual" xlink:title="0612 - Disclosure - Subsequent Events (Details Textual)" />
  <calculationLink xlink:type="extended" xlink:role="http://ipaymentinc.com/role/RelatedPartyTransactionsDetailsTextual" xlink:title="0611 - Disclosure - Related Party Transactions (Details Textual)" />
  <calculationLink xlink:type="extended" xlink:role="http://ipaymentinc.com/role/CommitmentsAndContingenciesDetailsTextual" xlink:title="0609 - Disclosure - Commitments and Contingencies (Details Textual)" />
  <calculationLink xlink:type="extended" xlink:role="http://ipaymentinc.com/role/AcquisitionsTables" xlink:title="0504 - Disclosure - Acquisitions (Tables)" />
  <calculationLink xlink:type="extended" xlink:role="http://ipaymentinc.com/role/AcquisitionsDetails1" xlink:title="0604 - Disclosure - Acquisitions (Details)" />
  <calculationLink xlink:type="extended" xlink:role="http://ipaymentinc.com/role/RestatementOfConsolidatedFinancialStatements" xlink:title="0202 - Disclosure - Restatement of Consolidated Financial Statements" />
  <calculationLink xlink:type="extended" xlink:role="http://ipaymentinc.com/role/RestatementOfConsolidatedFinancialStatementsTables" xlink:title="0502 - Disclosure - Restatement of Consolidated Financial Statements (Tables)" />
  <calculationLink xlink:type="extended" xlink:role="http://ipaymentinc.com/role/RestatementOfConsolidatedFinancialStatementsDetails" xlink:title="0602 - Disclosure - Restatement of Consolidated Financial Statements (Details)" />
  <calculationLink xlink:type="extended" xlink:role="http://ipaymentinc.com/role/RestatementOfConsolidatedFinancialStatementsDetails1" xlink:title="06021 - Disclosure - Restatement of Consolidated Financial Statements (Details 1)">
  </calculationLink>
  <calculationLink xlink:type="extended" xlink:role="http://ipaymentinc.com/role/RestatementOfConsolidatedFinancialStatementsDetailsTextual" xlink:title="06024 - Disclosure - Restatement of Consolidated Financial Statements (Details Textual)" />
  <calculationLink xlink:type="extended" xlink:role="http://ipaymentinc.com/role/RestatementOfFinancialStatementsDetails2" xlink:title="06022 - Disclosure - Restatement of Consolidated Financial Statements (Details 2)">
    <loc xlink:type="locator" xlink:href="http://xbrl.fasb.org/us-gaap/2012/elts/us-gaap-2012-01-31.xsd#us-gaap_IncomeLossFromContinuingOperationsIncludingPortionAttributableToNoncontrollingInterest" xlink:label="us-gaap_IncomeLossFromContinuingOperationsIncludingPortionAttributableToNoncontrollingInterest" />
    <loc xlink:type="locator" xlink:href="http://xbrl.fasb.org/us-gaap/2012/elts/us-gaap-2012-01-31.xsd#us-gaap_IncomeLossFromContinuingOperationsBeforeIncomeTaxesMinorityInterestAndIncomeLossFromEquityMethodInvestments" xlink:label="loc_IncomeLossFromContinuingOperationsBeforeIncomeTaxesMinorityInterestAndIncomeLossFromEquityMethodInvestments" />
    <calculationArc xlink:type="arc" xlink:arcrole="http://www.xbrl.org/2003/arcrole/summation-item" xlink:from="us-gaap_IncomeLossFromContinuingOperationsIncludingPortionAttributableToNoncontrollingInterest" xlink:to="loc_IncomeLossFromContinuingOperationsBeforeIncomeTaxesMinorityInterestAndIncomeLossFromEquityMethodInvestments" order="10" use="optional" weight="1" priority="1" />
    <loc xlink:type="locator" xlink:href="http://xbrl.fasb.org/us-gaap/2012/elts/us-gaap-2012-01-31.xsd#us-gaap_IncomeTaxExpenseBenefit" xlink:label="us-gaap_IncomeTaxExpenseBenefit_2" />
    <calculationArc xlink:type="arc" xlink:arcrole="http://www.xbrl.org/2003/arcrole/summation-item" xlink:from="us-gaap_IncomeLossFromContinuingOperationsIncludingPortionAttributableToNoncontrollingInterest" xlink:to="us-gaap_IncomeTaxExpenseBenefit_2" order="20" use="optional" weight="-1" priority="1" />
  </calculationLink>
  <calculationLink xlink:type="extended" xlink:role="http://ipaymentinc.com/role/RestatementOfFinancialStatementsDetails3" xlink:title="06023 - Disclosure - Restatement of Consolidated Financial Statements (Details 3)" />
  <calculationLink xlink:type="extended" xlink:role="http://ipaymentinc.com/role/StatementsOfOperationsAndComprehensiveIncomeLoss" xlink:title="0120 - Statement - Consolidated Statements of Operations and Comprehensive Income (Loss) (Unaudited)">
    <loc xlink:type="locator" xlink:href="http://xbrl.fasb.org/us-gaap/2012/elts/us-gaap-2012-01-31.xsd#us-gaap_ComprehensiveIncomeNetOfTax" xlink:label="loc_ComprehensiveIncomeNetOfTax" />
    <loc xlink:type="locator" xlink:href="http://xbrl.fasb.org/us-gaap/2012/elts/us-gaap-2012-01-31.xsd#us-gaap_IncomeLossFromContinuingOperationsBeforeIncomeTaxesMinorityInterestAndIncomeLossFromEquityMethodInvestments" xlink:label="loc_IncomeLossFromContinuingOperationsBeforeIncomeTaxesMinorityInterestAndIncomeLossFromEquityMethodInvestments" />
    <calculationArc xlink:type="arc" xlink:arcrole="http://www.xbrl.org/2003/arcrole/summation-item" xlink:from="loc_ComprehensiveIncomeNetOfTax" xlink:to="loc_IncomeLossFromContinuingOperationsBeforeIncomeTaxesMinorityInterestAndIncomeLossFromEquityMethodInvestments" order="10" use="optional" weight="1" priority="1" />
    <loc xlink:type="locator" xlink:href="http://xbrl.fasb.org/us-gaap/2012/elts/us-gaap-2012-01-31.xsd#us-gaap_OperatingIncomeLoss" xlink:label="loc_OperatingIncomeLoss" />
    <calculationArc xlink:type="arc" xlink:arcrole="http://www.xbrl.org/2003/arcrole/summation-item" xlink:from="loc_IncomeLossFromContinuingOperationsBeforeIncomeTaxesMinorityInterestAndIncomeLossFromEquityMethodInvestments" xlink:to="loc_OperatingIncomeLoss" order="5" use="optional" weight="1" priority="1" />
    <loc xlink:type="locator" xlink:href="http://xbrl.fasb.org/us-gaap/2012/elts/us-gaap-2012-01-31.xsd#us-gaap_Revenues" xlink:label="loc_Revenues" />
    <calculationArc xlink:type="arc" xlink:arcrole="http://www.xbrl.org/2003/arcrole/summation-item" xlink:from="loc_OperatingIncomeLoss" xlink:to="loc_Revenues" order="10" use="optional" weight="1" priority="1" />
    <loc xlink:type="locator" xlink:href="http://xbrl.fasb.org/us-gaap/2012/elts/us-gaap-2012-01-31.xsd#us-gaap_OperatingExpenses" xlink:label="loc_OperatingExpenses" />
    <calculationArc xlink:type="arc" xlink:arcrole="http://www.xbrl.org/2003/arcrole/summation-item" xlink:from="loc_OperatingIncomeLoss" xlink:to="loc_OperatingExpenses" order="20" use="optional" weight="-1" priority="1" />
    <loc xlink:type="locator" xlink:href="ipmt-20120630.xsd#ipmt_Interchange" xlink:label="ipmt_Interchange" />
    <calculationArc xlink:type="arc" xlink:arcrole="http://www.xbrl.org/2003/arcrole/summation-item" xlink:from="loc_OperatingExpenses" xlink:to="ipmt_Interchange" order="5" use="optional" weight="1" priority="1" />
    <loc xlink:type="locator" xlink:href="http://xbrl.fasb.org/us-gaap/2012/elts/us-gaap-2012-01-31.xsd#us-gaap_OtherCostAndExpenseOperating" xlink:label="loc_OtherCostAndExpenseOperating" />
    <calculationArc xlink:type="arc" xlink:arcrole="http://www.xbrl.org/2003/arcrole/summation-item" xlink:from="loc_OperatingExpenses" xlink:to="loc_OtherCostAndExpenseOperating" order="10" use="optional" weight="1" priority="1" />
    <loc xlink:type="locator" xlink:href="ipmt-20120630.xsd#ipmt_OtherCostAndExpenseEmbezzlementCosts" xlink:label="ipmt_OtherCostAndExpenseEmbezzlementCosts" />
    <calculationArc xlink:type="arc" xlink:arcrole="http://www.xbrl.org/2003/arcrole/summation-item" xlink:from="loc_OperatingExpenses" xlink:to="ipmt_OtherCostAndExpenseEmbezzlementCosts" order="15" use="optional" weight="1" priority="1" />
    <loc xlink:type="locator" xlink:href="http://xbrl.fasb.org/us-gaap/2012/elts/us-gaap-2012-01-31.xsd#us-gaap_SellingGeneralAndAdministrativeExpense" xlink:label="loc_SellingGeneralAndAdministrativeExpense" />
    <calculationArc xlink:type="arc" xlink:arcrole="http://www.xbrl.org/2003/arcrole/summation-item" xlink:from="loc_OperatingExpenses" xlink:to="loc_SellingGeneralAndAdministrativeExpense" order="20" use="optional" weight="1" priority="1" />
    <loc xlink:type="locator" xlink:href="http://xbrl.fasb.org/us-gaap/2012/elts/us-gaap-2012-01-31.xsd#us-gaap_InterestExpense" xlink:label="loc_InterestExpense" />
    <calculationArc xlink:type="arc" xlink:arcrole="http://www.xbrl.org/2003/arcrole/summation-item" xlink:from="loc_IncomeLossFromContinuingOperationsBeforeIncomeTaxesMinorityInterestAndIncomeLossFromEquityMethodInvestments" xlink:to="loc_InterestExpense" order="10" use="optional" weight="-1" priority="1" />
    <loc xlink:type="locator" xlink:href="http://xbrl.fasb.org/us-gaap/2012/elts/us-gaap-2012-01-31.xsd#us-gaap_OtherNonoperatingIncomeExpense" xlink:label="loc_OtherNonoperatingIncomeExpense" />
    <calculationArc xlink:type="arc" xlink:arcrole="http://www.xbrl.org/2003/arcrole/summation-item" xlink:from="loc_IncomeLossFromContinuingOperationsBeforeIncomeTaxesMinorityInterestAndIncomeLossFromEquityMethodInvestments" xlink:to="loc_OtherNonoperatingIncomeExpense" order="20" use="optional" weight="1" priority="1" />
    <loc xlink:type="locator" xlink:href="http://xbrl.fasb.org/us-gaap/2012/elts/us-gaap-2012-01-31.xsd#us-gaap_IncomeTaxExpenseBenefit" xlink:label="us-gaap_IncomeTaxExpenseBenefit_2" />
    <calculationArc xlink:type="arc" xlink:arcrole="http://www.xbrl.org/2003/arcrole/summation-item" xlink:from="loc_ComprehensiveIncomeNetOfTax" xlink:to="us-gaap_IncomeTaxExpenseBenefit_2" order="20" use="optional" weight="-1" priority="1" />
  </calculationLink>
</linkbase>
