<?xml version="1.0" encoding="US-ASCII" standalone="no"?>
    <!-- Field: Doc-Info; Name: Generator; Value: GoFiler Complete; Version: 3.4b -->
    <!-- Field: Doc-Info; Name: VendorURI; Value: http://www.novaworks.co -->
    <!-- Field: Doc-Info; Name: Source; Value: AFHACQV%2D20121031 10K FY.xfr; Date: 2013/01/29T14:53:49 -->
    <!-- Field: Doc-Info; Name: Status; Value: 0x00000000 -->
<link:linkbase xmlns:xsi="http://www.w3.org/2001/XMLSchema-instance" xmlns:xlink="http://www.w3.org/1999/xlink" xmlns:link="http://www.xbrl.org/2003/linkbase" xmlns:xbrli="http://www.xbrl.org/2003/instance" xsi:schemaLocation="http://www.xbrl.org/2003/linkbase http://www.xbrl.org/2003/xbrl-linkbase-2003-12-31.xsd">
    <link:roleRef roleURI="http://AFHACQV/role/DocumentAndEntityInformation" xlink:href="afhacqv-20121031.xsd#DocumentAndEntityInformation" xlink:type="simple" />
    <link:roleRef roleURI="http://AFHACQV/role/BalanceSheets" xlink:href="afhacqv-20121031.xsd#BalanceSheets" xlink:type="simple" />
    <link:roleRef roleURI="http://AFHACQV/role/BalanceSheetsParenthetical" xlink:href="afhacqv-20121031.xsd#BalanceSheetsParenthetical" xlink:type="simple" />
    <link:roleRef roleURI="http://AFHACQV/role/StatementsOfChangesInStockholdersDeficit" xlink:href="afhacqv-20121031.xsd#StatementsOfChangesInStockholdersDeficit" xlink:type="simple" />
    <link:roleRef roleURI="http://AFHACQV/role/StatementOfOperations" xlink:href="afhacqv-20121031.xsd#StatementOfOperations" xlink:type="simple" />
    <link:roleRef roleURI="http://AFHACQV/role/StatementOfCashFlows" xlink:href="afhacqv-20121031.xsd#StatementOfCashFlows" xlink:type="simple" />
    <link:roleRef roleURI="http://AFHACQV/role/Company" xlink:href="afhacqv-20121031.xsd#Company" xlink:type="simple" />
    <link:roleRef roleURI="http://AFHACQV/role/SummaryOfSignificantAccountingPolicies" xlink:href="afhacqv-20121031.xsd#SummaryOfSignificantAccountingPolicies" xlink:type="simple" />
    <link:roleRef roleURI="http://AFHACQV/role/EquitySecurities" xlink:href="afhacqv-20121031.xsd#EquitySecurities" xlink:type="simple" />
    <link:roleRef roleURI="http://AFHACQV/role/GoingConcern" xlink:href="afhacqv-20121031.xsd#GoingConcern" xlink:type="simple" />
    <link:roleRef roleURI="http://AFHACQV/role/DueToParent" xlink:href="afhacqv-20121031.xsd#DueToParent" xlink:type="simple" />
    <link:roleRef roleURI="http://AFHACQV/role/SummaryOfSignificantAccountingPoliciesPolicies" xlink:href="afhacqv-20121031.xsd#SummaryOfSignificantAccountingPoliciesPolicies" xlink:type="simple" />
    <link:roleRef roleURI="http://AFHACQV/role/GoingConcernDetailsNarrative" xlink:href="afhacqv-20121031.xsd#GoingConcernDetailsNarrative" xlink:type="simple" />
    <link:presentationLink xlink:type="extended" xlink:role="http://AFHACQV/role/DocumentAndEntityInformation" xlink:title="0001 - Document - Document and Entity Information">
      <link:loc xlink:type="locator" xlink:href="afhacqv-20121031.xsd#AFHACQV_DocumentAndEntityInformationAbstract" xlink:label="loc_AFHACQVDocumentAndEntityInformationAbstract" />
      <link:loc xlink:type="locator" xlink:href="http://xbrl.sec.gov/dei/2012/dei-2012-01-31.xsd#dei_EntityRegistrantName" xlink:label="loc_AFHACQVEntityRegistrantName" />
      <link:presentationArc order="0" xlink:arcrole="http://www.xbrl.org/2003/arcrole/parent-child" xlink:from="loc_AFHACQVDocumentAndEntityInformationAbstract" xlink:to="loc_AFHACQVEntityRegistrantName" xlink:type="arc" />
      <link:loc xlink:type="locator" xlink:href="http://xbrl.sec.gov/dei/2012/dei-2012-01-31.xsd#dei_EntityCentralIndexKey" xlink:label="loc_AFHACQVEntityCentralIndexKey" />
      <link:presentationArc order="10" xlink:arcrole="http://www.xbrl.org/2003/arcrole/parent-child" xlink:from="loc_AFHACQVDocumentAndEntityInformationAbstract" xlink:to="loc_AFHACQVEntityCentralIndexKey" xlink:type="arc" />
      <link:loc xlink:type="locator" xlink:href="http://xbrl.sec.gov/dei/2012/dei-2012-01-31.xsd#dei_DocumentType" xlink:label="loc_AFHACQVDocumentType" />
      <link:presentationArc order="20" xlink:arcrole="http://www.xbrl.org/2003/arcrole/parent-child" xlink:from="loc_AFHACQVDocumentAndEntityInformationAbstract" xlink:to="loc_AFHACQVDocumentType" xlink:type="arc" />
      <link:loc xlink:type="locator" xlink:href="http://xbrl.sec.gov/dei/2012/dei-2012-01-31.xsd#dei_DocumentPeriodEndDate" xlink:label="loc_AFHACQVDocumentPeriodEndDate" />
      <link:presentationArc order="30" xlink:arcrole="http://www.xbrl.org/2003/arcrole/parent-child" xlink:from="loc_AFHACQVDocumentAndEntityInformationAbstract" xlink:to="loc_AFHACQVDocumentPeriodEndDate" xlink:type="arc" />
      <link:loc xlink:type="locator" xlink:href="http://xbrl.sec.gov/dei/2012/dei-2012-01-31.xsd#dei_AmendmentFlag" xlink:label="loc_AFHACQVAmendmentFlag" />
      <link:presentationArc order="40" xlink:arcrole="http://www.xbrl.org/2003/arcrole/parent-child" xlink:from="loc_AFHACQVDocumentAndEntityInformationAbstract" xlink:to="loc_AFHACQVAmendmentFlag" xlink:type="arc" />
      <link:loc xlink:type="locator" xlink:href="http://xbrl.sec.gov/dei/2012/dei-2012-01-31.xsd#dei_CurrentFiscalYearEndDate" xlink:label="loc_AFHACQVCurrentFiscalYearEndDate" />
      <link:presentationArc order="50" xlink:arcrole="http://www.xbrl.org/2003/arcrole/parent-child" xlink:from="loc_AFHACQVDocumentAndEntityInformationAbstract" xlink:to="loc_AFHACQVCurrentFiscalYearEndDate" xlink:type="arc" />
      <link:loc xlink:type="locator" xlink:href="http://xbrl.sec.gov/dei/2012/dei-2012-01-31.xsd#dei_EntityWellKnownSeasonedIssuer" xlink:label="loc_AFHACQVEntityWellKnownSeasonedIssuer" />
      <link:presentationArc order="60" xlink:arcrole="http://www.xbrl.org/2003/arcrole/parent-child" xlink:from="loc_AFHACQVDocumentAndEntityInformationAbstract" xlink:to="loc_AFHACQVEntityWellKnownSeasonedIssuer" xlink:type="arc" />
      <link:loc xlink:type="locator" xlink:href="http://xbrl.sec.gov/dei/2012/dei-2012-01-31.xsd#dei_EntityVoluntaryFilers" xlink:label="loc_AFHACQVEntityVoluntaryFilers" />
      <link:presentationArc order="70" xlink:arcrole="http://www.xbrl.org/2003/arcrole/parent-child" xlink:from="loc_AFHACQVDocumentAndEntityInformationAbstract" xlink:to="loc_AFHACQVEntityVoluntaryFilers" xlink:type="arc" />
      <link:loc xlink:type="locator" xlink:href="http://xbrl.sec.gov/dei/2012/dei-2012-01-31.xsd#dei_EntityCurrentReportingStatus" xlink:label="loc_AFHACQVEntityCurrentReportingStatus" />
      <link:presentationArc order="80" xlink:arcrole="http://www.xbrl.org/2003/arcrole/parent-child" xlink:from="loc_AFHACQVDocumentAndEntityInformationAbstract" xlink:to="loc_AFHACQVEntityCurrentReportingStatus" xlink:type="arc" />
      <link:loc xlink:type="locator" xlink:href="http://xbrl.sec.gov/dei/2012/dei-2012-01-31.xsd#dei_EntityFilerCategory" xlink:label="loc_AFHACQVEntityFilerCategory" />
      <link:presentationArc order="90" xlink:arcrole="http://www.xbrl.org/2003/arcrole/parent-child" xlink:from="loc_AFHACQVDocumentAndEntityInformationAbstract" xlink:to="loc_AFHACQVEntityFilerCategory" xlink:type="arc" />
      <link:loc xlink:type="locator" xlink:href="http://xbrl.sec.gov/dei/2012/dei-2012-01-31.xsd#dei_EntityPublicFloat" xlink:label="loc_AFHACQVEntityPublicFloat" />
      <link:presentationArc order="100" xlink:arcrole="http://www.xbrl.org/2003/arcrole/parent-child" xlink:from="loc_AFHACQVDocumentAndEntityInformationAbstract" xlink:to="loc_AFHACQVEntityPublicFloat" xlink:type="arc" />
      <link:loc xlink:type="locator" xlink:href="http://xbrl.sec.gov/dei/2012/dei-2012-01-31.xsd#dei_EntityCommonStockSharesOutstanding" xlink:label="loc_AFHACQVEntityCommonStockSharesOutstanding" />
      <link:presentationArc order="110" xlink:arcrole="http://www.xbrl.org/2003/arcrole/parent-child" xlink:from="loc_AFHACQVDocumentAndEntityInformationAbstract" xlink:to="loc_AFHACQVEntityCommonStockSharesOutstanding" xlink:type="arc" />
      <link:loc xlink:type="locator" xlink:href="http://xbrl.sec.gov/dei/2012/dei-2012-01-31.xsd#dei_DocumentFiscalPeriodFocus" xlink:label="loc_AFHACQVDocumentFiscalPeriodFocus" />
      <link:presentationArc order="120" xlink:arcrole="http://www.xbrl.org/2003/arcrole/parent-child" xlink:from="loc_AFHACQVDocumentAndEntityInformationAbstract" xlink:to="loc_AFHACQVDocumentFiscalPeriodFocus" xlink:type="arc" />
      <link:loc xlink:type="locator" xlink:href="http://xbrl.sec.gov/dei/2012/dei-2012-01-31.xsd#dei_DocumentFiscalYearFocus" xlink:label="loc_AFHACQVDocumentFiscalYearFocus" />
      <link:presentationArc order="130" xlink:arcrole="http://www.xbrl.org/2003/arcrole/parent-child" xlink:from="loc_AFHACQVDocumentAndEntityInformationAbstract" xlink:to="loc_AFHACQVDocumentFiscalYearFocus" xlink:type="arc" />
    </link:presentationLink>
    <link:presentationLink xlink:type="extended" xlink:role="http://AFHACQV/role/BalanceSheets" xlink:title="0002 - Statement - Balance Sheets">
      <link:loc xlink:type="locator" xlink:href="http://xbrl.fasb.org/us-gaap/2012/elts/us-gaap-2012-01-31.xsd#us-gaap_StatementOfFinancialPositionAbstract" xlink:label="loc_AFHACQVStatementOfFinancialPositionAbstract" />
      <link:loc xlink:type="locator" xlink:href="http://xbrl.fasb.org/us-gaap/2012/elts/us-gaap-2012-01-31.xsd#us-gaap_AssetsAbstract" xlink:label="loc_AFHACQVAssetsAbstract" />
      <link:presentationArc order="0" xlink:arcrole="http://www.xbrl.org/2003/arcrole/parent-child" xlink:from="loc_AFHACQVStatementOfFinancialPositionAbstract" xlink:to="loc_AFHACQVAssetsAbstract" xlink:type="arc" />
      <link:loc xlink:type="locator" xlink:href="http://xbrl.fasb.org/us-gaap/2012/elts/us-gaap-2012-01-31.xsd#us-gaap_PrepaidExpenseCurrentAndNoncurrent" xlink:label="loc_AFHACQVPrepaidExpenseCurrentAndNoncurrent" />
      <link:presentationArc order="10" xlink:arcrole="http://www.xbrl.org/2003/arcrole/parent-child" xlink:from="loc_AFHACQVAssetsAbstract" xlink:to="loc_AFHACQVPrepaidExpenseCurrentAndNoncurrent" xlink:type="arc" />
      <link:loc xlink:type="locator" xlink:href="http://xbrl.fasb.org/us-gaap/2012/elts/us-gaap-2012-01-31.xsd#us-gaap_Assets" xlink:label="loc_AFHACQVAssets" />
      <link:presentationArc order="20" xlink:arcrole="http://www.xbrl.org/2003/arcrole/parent-child" xlink:from="loc_AFHACQVAssetsAbstract" xlink:to="loc_AFHACQVAssets" xlink:type="arc" preferredLabel="http://www.xbrl.org/2003/role/totalLabel" />
      <link:loc xlink:type="locator" xlink:href="http://xbrl.fasb.org/us-gaap/2012/elts/us-gaap-2012-01-31.xsd#us-gaap_LiabilitiesAndStockholdersEquityAbstract" xlink:label="loc_AFHACQVLiabilitiesAndStockholdersEquityAbstract" />
      <link:presentationArc order="40" xlink:arcrole="http://www.xbrl.org/2003/arcrole/parent-child" xlink:from="loc_AFHACQVStatementOfFinancialPositionAbstract" xlink:to="loc_AFHACQVLiabilitiesAndStockholdersEquityAbstract" xlink:type="arc" />
      <link:loc xlink:type="locator" xlink:href="http://xbrl.fasb.org/us-gaap/2012/elts/us-gaap-2012-01-31.xsd#us-gaap_LiabilitiesAbstract" xlink:label="loc_AFHACQVLiabilitiesAbstract" />
      <link:presentationArc order="60" xlink:arcrole="http://www.xbrl.org/2003/arcrole/parent-child" xlink:from="loc_AFHACQVStatementOfFinancialPositionAbstract" xlink:to="loc_AFHACQVLiabilitiesAbstract" xlink:type="arc" />
      <link:loc xlink:type="locator" xlink:href="http://xbrl.fasb.org/us-gaap/2012/elts/us-gaap-2012-01-31.xsd#us-gaap_AccruedLiabilitiesCurrentAndNoncurrent" xlink:label="loc_AFHACQVAccruedLiabilitiesCurrentAndNoncurrent" />
      <link:presentationArc order="70" xlink:arcrole="http://www.xbrl.org/2003/arcrole/parent-child" xlink:from="loc_AFHACQVLiabilitiesAbstract" xlink:to="loc_AFHACQVAccruedLiabilitiesCurrentAndNoncurrent" xlink:type="arc" />
      <link:loc xlink:type="locator" xlink:href="http://xbrl.fasb.org/us-gaap/2012/elts/us-gaap-2012-01-31.xsd#us-gaap_DueToRelatedPartiesCurrentAndNoncurrent" xlink:label="loc_AFHACQVDueToRelatedPartiesCurrentAndNoncurrent" />
      <link:presentationArc order="80" xlink:arcrole="http://www.xbrl.org/2003/arcrole/parent-child" xlink:from="loc_AFHACQVLiabilitiesAbstract" xlink:to="loc_AFHACQVDueToRelatedPartiesCurrentAndNoncurrent" xlink:type="arc" />
      <link:loc xlink:type="locator" xlink:href="http://xbrl.fasb.org/us-gaap/2012/elts/us-gaap-2012-01-31.xsd#us-gaap_Liabilities" xlink:label="loc_AFHACQVLiabilities" />
      <link:presentationArc order="90" xlink:arcrole="http://www.xbrl.org/2003/arcrole/parent-child" xlink:from="loc_AFHACQVLiabilitiesAbstract" xlink:to="loc_AFHACQVLiabilities" xlink:type="arc" preferredLabel="http://www.xbrl.org/2003/role/totalLabel" />
      <link:loc xlink:type="locator" xlink:href="http://xbrl.fasb.org/us-gaap/2012/elts/us-gaap-2012-01-31.xsd#us-gaap_StockholdersEquityAbstract" xlink:label="loc_AFHACQVStockholdersEquityAbstract" />
      <link:presentationArc order="110" xlink:arcrole="http://www.xbrl.org/2003/arcrole/parent-child" xlink:from="loc_AFHACQVStatementOfFinancialPositionAbstract" xlink:to="loc_AFHACQVStockholdersEquityAbstract" xlink:type="arc" />
      <link:loc xlink:type="locator" xlink:href="http://xbrl.fasb.org/us-gaap/2012/elts/us-gaap-2012-01-31.xsd#us-gaap_PreferredStockValue" xlink:label="loc_AFHACQVPreferredStockValue" />
      <link:presentationArc order="120" xlink:arcrole="http://www.xbrl.org/2003/arcrole/parent-child" xlink:from="loc_AFHACQVStockholdersEquityAbstract" xlink:to="loc_AFHACQVPreferredStockValue" xlink:type="arc" />
      <link:loc xlink:type="locator" xlink:href="http://xbrl.fasb.org/us-gaap/2012/elts/us-gaap-2012-01-31.xsd#us-gaap_CommonStockValue" xlink:label="loc_AFHACQVCommonStockValue" />
      <link:presentationArc order="130" xlink:arcrole="http://www.xbrl.org/2003/arcrole/parent-child" xlink:from="loc_AFHACQVStockholdersEquityAbstract" xlink:to="loc_AFHACQVCommonStockValue" xlink:type="arc" />
      <link:loc xlink:type="locator" xlink:href="http://xbrl.fasb.org/us-gaap/2012/elts/us-gaap-2012-01-31.xsd#us-gaap_AdditionalPaidInCapital" xlink:label="loc_AFHACQVAdditionalPaidInCapital" />
      <link:presentationArc order="140" xlink:arcrole="http://www.xbrl.org/2003/arcrole/parent-child" xlink:from="loc_AFHACQVStockholdersEquityAbstract" xlink:to="loc_AFHACQVAdditionalPaidInCapital" xlink:type="arc" />
      <link:loc xlink:type="locator" xlink:href="http://xbrl.fasb.org/us-gaap/2012/elts/us-gaap-2012-01-31.xsd#us-gaap_DevelopmentStageEnterpriseDeficitAccumulatedDuringDevelopmentStage" xlink:label="loc_AFHACQVDevelopmentStageEnterpriseDeficitAccumulatedDuringDevelopmentStage" />
      <link:presentationArc order="150" xlink:arcrole="http://www.xbrl.org/2003/arcrole/parent-child" xlink:from="loc_AFHACQVStockholdersEquityAbstract" xlink:to="loc_AFHACQVDevelopmentStageEnterpriseDeficitAccumulatedDuringDevelopmentStage" xlink:type="arc" preferredLabel="http://www.xbrl.org/2009/role/negatedLabel" />
      <link:loc xlink:type="locator" xlink:href="http://xbrl.fasb.org/us-gaap/2012/elts/us-gaap-2012-01-31.xsd#us-gaap_StockholdersEquity" xlink:label="loc_AFHACQVStockholdersEquity" />
      <link:presentationArc order="160" xlink:arcrole="http://www.xbrl.org/2003/arcrole/parent-child" xlink:from="loc_AFHACQVStockholdersEquityAbstract" xlink:to="loc_AFHACQVStockholdersEquity" xlink:type="arc" preferredLabel="http://www.xbrl.org/2003/role/totalLabel" />
      <link:loc xlink:type="locator" xlink:href="http://xbrl.fasb.org/us-gaap/2012/elts/us-gaap-2012-01-31.xsd#us-gaap_LiabilitiesAndStockholdersEquity" xlink:label="loc_AFHACQVLiabilitiesAndStockholdersEquity" />
      <link:presentationArc order="170" xlink:arcrole="http://www.xbrl.org/2003/arcrole/parent-child" xlink:from="loc_AFHACQVStockholdersEquityAbstract" xlink:to="loc_AFHACQVLiabilitiesAndStockholdersEquity" xlink:type="arc" preferredLabel="http://www.xbrl.org/2003/role/totalLabel" />
    </link:presentationLink>
    <link:presentationLink xlink:type="extended" xlink:role="http://AFHACQV/role/BalanceSheetsParenthetical" xlink:title="0003 - Statement - Balance Sheets (Parenthetical)">
      <link:loc xlink:type="locator" xlink:href="http://xbrl.fasb.org/us-gaap/2012/elts/us-gaap-2012-01-31.xsd#us-gaap_StatementOfFinancialPositionAbstract" xlink:label="loc_AFHACQVStatementOfFinancialPositionAbstract" />
      <link:loc xlink:type="locator" xlink:href="http://xbrl.fasb.org/us-gaap/2012/elts/us-gaap-2012-01-31.xsd#us-gaap_PreferredStockParOrStatedValuePerShare" xlink:label="loc_AFHACQVPreferredStockParOrStatedValuePerShare" />
      <link:presentationArc order="0" xlink:arcrole="http://www.xbrl.org/2003/arcrole/parent-child" xlink:from="loc_AFHACQVStatementOfFinancialPositionAbstract" xlink:to="loc_AFHACQVPreferredStockParOrStatedValuePerShare" xlink:type="arc" />
      <link:loc xlink:type="locator" xlink:href="http://xbrl.fasb.org/us-gaap/2012/elts/us-gaap-2012-01-31.xsd#us-gaap_PreferredStockSharesAuthorized" xlink:label="loc_AFHACQVPreferredStockSharesAuthorized" />
      <link:presentationArc order="10" xlink:arcrole="http://www.xbrl.org/2003/arcrole/parent-child" xlink:from="loc_AFHACQVStatementOfFinancialPositionAbstract" xlink:to="loc_AFHACQVPreferredStockSharesAuthorized" xlink:type="arc" />
      <link:loc xlink:type="locator" xlink:href="http://xbrl.fasb.org/us-gaap/2012/elts/us-gaap-2012-01-31.xsd#us-gaap_PreferredStockSharesIssued" xlink:label="loc_AFHACQVPreferredStockSharesIssued" />
      <link:presentationArc order="20" xlink:arcrole="http://www.xbrl.org/2003/arcrole/parent-child" xlink:from="loc_AFHACQVStatementOfFinancialPositionAbstract" xlink:to="loc_AFHACQVPreferredStockSharesIssued" xlink:type="arc" />
      <link:loc xlink:type="locator" xlink:href="http://xbrl.fasb.org/us-gaap/2012/elts/us-gaap-2012-01-31.xsd#us-gaap_PreferredStockSharesOutstanding" xlink:label="loc_AFHACQVPreferredStockSharesOutstanding" />
      <link:presentationArc order="30" xlink:arcrole="http://www.xbrl.org/2003/arcrole/parent-child" xlink:from="loc_AFHACQVStatementOfFinancialPositionAbstract" xlink:to="loc_AFHACQVPreferredStockSharesOutstanding" xlink:type="arc" />
      <link:loc xlink:type="locator" xlink:href="http://xbrl.fasb.org/us-gaap/2012/elts/us-gaap-2012-01-31.xsd#us-gaap_CommonStockParOrStatedValuePerShare" xlink:label="loc_AFHACQVCommonStockParOrStatedValuePerShare" />
      <link:presentationArc order="40" xlink:arcrole="http://www.xbrl.org/2003/arcrole/parent-child" xlink:from="loc_AFHACQVStatementOfFinancialPositionAbstract" xlink:to="loc_AFHACQVCommonStockParOrStatedValuePerShare" xlink:type="arc" />
      <link:loc xlink:type="locator" xlink:href="http://xbrl.fasb.org/us-gaap/2012/elts/us-gaap-2012-01-31.xsd#us-gaap_CommonStockSharesAuthorized" xlink:label="loc_AFHACQVCommonStockSharesAuthorized" />
      <link:presentationArc order="50" xlink:arcrole="http://www.xbrl.org/2003/arcrole/parent-child" xlink:from="loc_AFHACQVStatementOfFinancialPositionAbstract" xlink:to="loc_AFHACQVCommonStockSharesAuthorized" xlink:type="arc" />
      <link:loc xlink:type="locator" xlink:href="http://xbrl.fasb.org/us-gaap/2012/elts/us-gaap-2012-01-31.xsd#us-gaap_CommonStockSharesIssued" xlink:label="loc_AFHACQVCommonStockSharesIssued" />
      <link:presentationArc order="60" xlink:arcrole="http://www.xbrl.org/2003/arcrole/parent-child" xlink:from="loc_AFHACQVStatementOfFinancialPositionAbstract" xlink:to="loc_AFHACQVCommonStockSharesIssued" xlink:type="arc" />
      <link:loc xlink:type="locator" xlink:href="http://xbrl.fasb.org/us-gaap/2012/elts/us-gaap-2012-01-31.xsd#us-gaap_CommonStockSharesOutstanding" xlink:label="loc_AFHACQVCommonStockSharesOutstanding" />
      <link:presentationArc order="70" xlink:arcrole="http://www.xbrl.org/2003/arcrole/parent-child" xlink:from="loc_AFHACQVStatementOfFinancialPositionAbstract" xlink:to="loc_AFHACQVCommonStockSharesOutstanding" xlink:type="arc" />
    </link:presentationLink>
    <link:presentationLink xlink:type="extended" xlink:role="http://AFHACQV/role/StatementsOfChangesInStockholdersDeficit" xlink:title="0004 - Statement - Statements of Changes in Stockholder's Deficit">
      <link:loc xlink:type="locator" xlink:href="http://xbrl.fasb.org/us-gaap/2012/elts/us-gaap-2012-01-31.xsd#us-gaap_StatementOfStockholdersEquityAbstract" xlink:label="loc_AFHACQVStatementOfStockholdersEquityAbstract" />
      <link:loc xlink:type="locator" xlink:href="http://xbrl.fasb.org/us-gaap/2012/elts/us-gaap-2012-01-31.xsd#us-gaap_StatementTable" xlink:label="loc_AFHACQVStatementTable" />
      <link:presentationArc xlink:type="arc" xlink:arcrole="http://www.xbrl.org/2003/arcrole/parent-child" xlink:from="loc_AFHACQVStatementOfStockholdersEquityAbstract" xlink:to="loc_AFHACQVStatementTable" order="100" />
      <link:loc xlink:type="locator" xlink:href="http://xbrl.fasb.org/us-gaap/2012/elts/us-gaap-2012-01-31.xsd#us-gaap_StatementLineItems" xlink:label="loc_AFHACQVStatementLineItems" />
      <link:presentationArc xlink:type="arc" xlink:arcrole="http://www.xbrl.org/2003/arcrole/parent-child" xlink:from="loc_AFHACQVStatementTable" xlink:to="loc_AFHACQVStatementLineItems" order="200" />
      <link:loc xlink:type="locator" xlink:href="http://xbrl.fasb.org/us-gaap/2012/elts/us-gaap-2012-01-31.xsd#us-gaap_StatementEquityComponentsAxis" xlink:label="loc_AFHACQVStatementEquityComponentsAxis" />
      <link:presentationArc xlink:type="arc" xlink:arcrole="http://www.xbrl.org/2003/arcrole/parent-child" xlink:from="loc_AFHACQVStatementTable" xlink:to="loc_AFHACQVStatementEquityComponentsAxis" order="10" />
      <link:loc xlink:type="locator" xlink:href="http://xbrl.fasb.org/us-gaap/2012/elts/us-gaap-2012-01-31.xsd#us-gaap_EquityComponentDomain" xlink:label="loc_AFHACQVEquityComponentDomain" />
      <link:presentationArc xlink:type="arc" xlink:arcrole="http://www.xbrl.org/2003/arcrole/parent-child" xlink:from="loc_AFHACQVStatementEquityComponentsAxis" xlink:to="loc_AFHACQVEquityComponentDomain" order="510" />
      <link:loc xlink:type="locator" xlink:href="http://xbrl.fasb.org/us-gaap/2012/elts/us-gaap-2012-01-31.xsd#us-gaap_CommonStockMember" xlink:label="loc_AFHACQVCommonStockMember" />
      <link:presentationArc xlink:type="arc" xlink:arcrole="http://www.xbrl.org/2003/arcrole/parent-child" xlink:from="loc_AFHACQVStatementEquityComponentsAxis" xlink:to="loc_AFHACQVCommonStockMember" order="10" />
      <link:loc xlink:type="locator" xlink:href="http://xbrl.fasb.org/us-gaap/2012/elts/us-gaap-2012-01-31.xsd#us-gaap_TreasuryStockMember" xlink:label="loc_AFHACQVTreasuryStockMember" />
      <link:presentationArc xlink:type="arc" xlink:arcrole="http://www.xbrl.org/2003/arcrole/parent-child" xlink:from="loc_AFHACQVStatementEquityComponentsAxis" xlink:to="loc_AFHACQVTreasuryStockMember" order="110" />
      <link:loc xlink:type="locator" xlink:href="http://xbrl.fasb.org/us-gaap/2012/elts/us-gaap-2012-01-31.xsd#us-gaap_AdditionalPaidInCapitalMember" xlink:label="loc_AFHACQVAdditionalPaidInCapitalMember" />
      <link:presentationArc xlink:type="arc" xlink:arcrole="http://www.xbrl.org/2003/arcrole/parent-child" xlink:from="loc_AFHACQVStatementEquityComponentsAxis" xlink:to="loc_AFHACQVAdditionalPaidInCapitalMember" order="210" />
      <link:loc xlink:type="locator" xlink:href="http://xbrl.fasb.org/us-gaap/2012/elts/us-gaap-2012-01-31.xsd#us-gaap_AccumulatedOtherComprehensiveIncomeMember" xlink:label="loc_AFHACQVAccumulatedOtherComprehensiveIncomeMember" />
      <link:presentationArc xlink:type="arc" xlink:arcrole="http://www.xbrl.org/2003/arcrole/parent-child" xlink:from="loc_AFHACQVStatementEquityComponentsAxis" xlink:to="loc_AFHACQVAccumulatedOtherComprehensiveIncomeMember" order="310" />
      <link:loc xlink:type="locator" xlink:href="http://xbrl.fasb.org/us-gaap/2012/elts/us-gaap-2012-01-31.xsd#us-gaap_RetainedEarningsMember" xlink:label="loc_AFHACQVRetainedEarningsMember" />
      <link:presentationArc xlink:type="arc" xlink:arcrole="http://www.xbrl.org/2003/arcrole/parent-child" xlink:from="loc_AFHACQVStatementEquityComponentsAxis" xlink:to="loc_AFHACQVRetainedEarningsMember" order="410" />
      <link:loc xlink:type="locator" xlink:href="http://xbrl.fasb.org/us-gaap/2012/elts/us-gaap-2012-01-31.xsd#us-gaap_StockholdersEquity" xlink:label="loc_AFHACQVStockholdersEquity" />
      <link:presentationArc order="20" xlink:arcrole="http://www.xbrl.org/2003/arcrole/parent-child" xlink:from="loc_AFHACQVStatementLineItems" xlink:to="loc_AFHACQVStockholdersEquity" xlink:type="arc" preferredLabel="http://www.xbrl.org/2003/role/periodStartLabel" />
      <link:loc xlink:type="locator" xlink:href="http://xbrl.fasb.org/us-gaap/2012/elts/us-gaap-2012-01-31.xsd#us-gaap_SharesOutstanding" xlink:label="loc_AFHACQVSharesOutstanding" />
      <link:presentationArc order="30" xlink:arcrole="http://www.xbrl.org/2003/arcrole/parent-child" xlink:from="loc_AFHACQVStatementLineItems" xlink:to="loc_AFHACQVSharesOutstanding" xlink:type="arc" preferredLabel="http://www.xbrl.org/2003/role/periodStartLabel" />
      <link:loc xlink:type="locator" xlink:href="http://xbrl.fasb.org/us-gaap/2012/elts/us-gaap-2012-01-31.xsd#us-gaap_StockIssuedDuringPeriodValueNewIssues" xlink:label="loc_AFHACQVStockIssuedDuringPeriodValueNewIssues" />
      <link:presentationArc order="40" xlink:arcrole="http://www.xbrl.org/2003/arcrole/parent-child" xlink:from="loc_AFHACQVStatementLineItems" xlink:to="loc_AFHACQVStockIssuedDuringPeriodValueNewIssues" xlink:type="arc" />
      <link:loc xlink:type="locator" xlink:href="http://xbrl.fasb.org/us-gaap/2012/elts/us-gaap-2012-01-31.xsd#us-gaap_StockIssuedDuringPeriodSharesNewIssues" xlink:label="loc_AFHACQVStockIssuedDuringPeriodSharesNewIssues" />
      <link:presentationArc order="50" xlink:arcrole="http://www.xbrl.org/2003/arcrole/parent-child" xlink:from="loc_AFHACQVStatementLineItems" xlink:to="loc_AFHACQVStockIssuedDuringPeriodSharesNewIssues" xlink:type="arc" />
      <link:loc xlink:type="locator" xlink:href="http://xbrl.fasb.org/us-gaap/2012/elts/us-gaap-2012-01-31.xsd#us-gaap_ProceedsFromStockPlans" xlink:label="loc_AFHACQVProceedsFromStockPlans" />
      <link:presentationArc order="60" xlink:arcrole="http://www.xbrl.org/2003/arcrole/parent-child" xlink:from="loc_AFHACQVStatementLineItems" xlink:to="loc_AFHACQVProceedsFromStockPlans" xlink:type="arc" />
      <link:loc xlink:type="locator" xlink:href="http://xbrl.fasb.org/us-gaap/2012/elts/us-gaap-2012-01-31.xsd#us-gaap_TreasuryStockValueAcquiredCostMethod" xlink:label="loc_AFHACQVTreasuryStockValueAcquiredCostMethod" />
      <link:presentationArc order="70" xlink:arcrole="http://www.xbrl.org/2003/arcrole/parent-child" xlink:from="loc_AFHACQVStatementLineItems" xlink:to="loc_AFHACQVTreasuryStockValueAcquiredCostMethod" xlink:type="arc" />
      <link:loc xlink:type="locator" xlink:href="http://xbrl.fasb.org/us-gaap/2012/elts/us-gaap-2012-01-31.xsd#us-gaap_StockRepurchasedAndRetiredDuringPeriodValue" xlink:label="loc_AFHACQVStockRepurchasedAndRetiredDuringPeriodValue" />
      <link:presentationArc order="80" xlink:arcrole="http://www.xbrl.org/2003/arcrole/parent-child" xlink:from="loc_AFHACQVStatementLineItems" xlink:to="loc_AFHACQVStockRepurchasedAndRetiredDuringPeriodValue" xlink:type="arc" />
      <link:loc xlink:type="locator" xlink:href="http://xbrl.fasb.org/us-gaap/2012/elts/us-gaap-2012-01-31.xsd#us-gaap_StockRepurchasedAndRetiredDuringPeriodShares" xlink:label="loc_AFHACQVStockRepurchasedAndRetiredDuringPeriodShares" />
      <link:presentationArc order="90" xlink:arcrole="http://www.xbrl.org/2003/arcrole/parent-child" xlink:from="loc_AFHACQVStatementLineItems" xlink:to="loc_AFHACQVStockRepurchasedAndRetiredDuringPeriodShares" xlink:type="arc" />
      <link:loc xlink:type="locator" xlink:href="http://xbrl.fasb.org/us-gaap/2012/elts/us-gaap-2012-01-31.xsd#us-gaap_StockIssuedDuringPeriodValueOther" xlink:label="loc_AFHACQVStockIssuedDuringPeriodValueOther" />
      <link:presentationArc order="100" xlink:arcrole="http://www.xbrl.org/2003/arcrole/parent-child" xlink:from="loc_AFHACQVStatementLineItems" xlink:to="loc_AFHACQVStockIssuedDuringPeriodValueOther" xlink:type="arc" />
      <link:loc xlink:type="locator" xlink:href="http://xbrl.fasb.org/us-gaap/2012/elts/us-gaap-2012-01-31.xsd#us-gaap_StockIssuedDuringPeriodSharesOther" xlink:label="loc_AFHACQVStockIssuedDuringPeriodSharesOther" />
      <link:presentationArc order="110" xlink:arcrole="http://www.xbrl.org/2003/arcrole/parent-child" xlink:from="loc_AFHACQVStatementLineItems" xlink:to="loc_AFHACQVStockIssuedDuringPeriodSharesOther" xlink:type="arc" />
      <link:loc xlink:type="locator" xlink:href="http://xbrl.fasb.org/us-gaap/2012/elts/us-gaap-2012-01-31.xsd#us-gaap_NetIncomeLoss" xlink:label="loc_AFHACQVNetIncomeLoss" />
      <link:presentationArc order="120" xlink:arcrole="http://www.xbrl.org/2003/arcrole/parent-child" xlink:from="loc_AFHACQVStatementLineItems" xlink:to="loc_AFHACQVNetIncomeLoss" xlink:type="arc" />
      <link:loc xlink:type="locator" xlink:href="http://xbrl.fasb.org/us-gaap/2012/elts/us-gaap-2012-01-31.xsd#us-gaap_StockholdersEquity" xlink:label="loc_AFHACQVStockholdersEquity_2" />
      <link:presentationArc order="130" xlink:arcrole="http://www.xbrl.org/2003/arcrole/parent-child" xlink:from="loc_AFHACQVStatementLineItems" xlink:to="loc_AFHACQVStockholdersEquity_2" xlink:type="arc" preferredLabel="http://www.xbrl.org/2003/role/periodEndLabel" />
      <link:loc xlink:type="locator" xlink:href="http://xbrl.fasb.org/us-gaap/2012/elts/us-gaap-2012-01-31.xsd#us-gaap_SharesOutstanding" xlink:label="loc_AFHACQVSharesOutstanding_2" />
      <link:presentationArc order="140" xlink:arcrole="http://www.xbrl.org/2003/arcrole/parent-child" xlink:from="loc_AFHACQVStatementLineItems" xlink:to="loc_AFHACQVSharesOutstanding_2" xlink:type="arc" preferredLabel="http://www.xbrl.org/2003/role/periodEndLabel" />
    </link:presentationLink>
    <link:presentationLink xlink:type="extended" xlink:role="http://AFHACQV/role/StatementOfOperations" xlink:title="0005 - Statement - Statement of Operations">
      <link:loc xlink:type="locator" xlink:href="http://xbrl.fasb.org/us-gaap/2012/elts/us-gaap-2012-01-31.xsd#us-gaap_IncomeStatementAbstract" xlink:label="loc_AFHACQVIncomeStatementAbstract" />
      <link:loc xlink:type="locator" xlink:href="http://xbrl.fasb.org/us-gaap/2012/elts/us-gaap-2012-01-31.xsd#us-gaap_Revenues" xlink:label="loc_AFHACQVRevenues" />
      <link:presentationArc order="10" xlink:arcrole="http://www.xbrl.org/2003/arcrole/parent-child" xlink:from="loc_AFHACQVIncomeStatementAbstract" xlink:to="loc_AFHACQVRevenues" xlink:type="arc" />
      <link:loc xlink:type="locator" xlink:href="http://xbrl.fasb.org/us-gaap/2012/elts/us-gaap-2012-01-31.xsd#us-gaap_OperatingExpensesAbstract" xlink:label="loc_AFHACQVOperatingExpensesAbstract" />
      <link:presentationArc order="30" xlink:arcrole="http://www.xbrl.org/2003/arcrole/parent-child" xlink:from="loc_AFHACQVIncomeStatementAbstract" xlink:to="loc_AFHACQVOperatingExpensesAbstract" xlink:type="arc" />
      <link:loc xlink:type="locator" xlink:href="afhacqv-20121031.xsd#AFHACQV_ConsultingExpenses" xlink:label="loc_AFHACQVConsultingExpenses" />
      <link:presentationArc order="40" xlink:arcrole="http://www.xbrl.org/2003/arcrole/parent-child" xlink:from="loc_AFHACQVOperatingExpensesAbstract" xlink:to="loc_AFHACQVConsultingExpenses" xlink:type="arc" />
      <link:loc xlink:type="locator" xlink:href="http://xbrl.fasb.org/us-gaap/2012/elts/us-gaap-2012-01-31.xsd#us-gaap_InterestExpense" xlink:label="loc_AFHACQVInterestExpense" />
      <link:presentationArc order="50" xlink:arcrole="http://www.xbrl.org/2003/arcrole/parent-child" xlink:from="loc_AFHACQVOperatingExpensesAbstract" xlink:to="loc_AFHACQVInterestExpense" xlink:type="arc" />
      <link:loc xlink:type="locator" xlink:href="http://xbrl.fasb.org/us-gaap/2012/elts/us-gaap-2012-01-31.xsd#us-gaap_ProfessionalFees" xlink:label="loc_AFHACQVProfessionalFees" />
      <link:presentationArc order="60" xlink:arcrole="http://www.xbrl.org/2003/arcrole/parent-child" xlink:from="loc_AFHACQVOperatingExpensesAbstract" xlink:to="loc_AFHACQVProfessionalFees" xlink:type="arc" />
      <link:loc xlink:type="locator" xlink:href="http://xbrl.fasb.org/us-gaap/2012/elts/us-gaap-2012-01-31.xsd#us-gaap_OtherGeneralAndAdministrativeExpense" xlink:label="loc_AFHACQVOtherGeneralAndAdministrativeExpense" />
      <link:presentationArc order="70" xlink:arcrole="http://www.xbrl.org/2003/arcrole/parent-child" xlink:from="loc_AFHACQVOperatingExpensesAbstract" xlink:to="loc_AFHACQVOtherGeneralAndAdministrativeExpense" xlink:type="arc" />
      <link:loc xlink:type="locator" xlink:href="afhacqv-20121031.xsd#AFHACQV_OrganizationalCosts" xlink:label="loc_AFHACQVOrganizationalCosts" />
      <link:presentationArc order="80" xlink:arcrole="http://www.xbrl.org/2003/arcrole/parent-child" xlink:from="loc_AFHACQVOperatingExpensesAbstract" xlink:to="loc_AFHACQVOrganizationalCosts" xlink:type="arc" />
      <link:loc xlink:type="locator" xlink:href="http://xbrl.fasb.org/us-gaap/2012/elts/us-gaap-2012-01-31.xsd#us-gaap_OperatingExpenses" xlink:label="loc_AFHACQVOperatingExpenses" />
      <link:presentationArc order="90" xlink:arcrole="http://www.xbrl.org/2003/arcrole/parent-child" xlink:from="loc_AFHACQVOperatingExpensesAbstract" xlink:to="loc_AFHACQVOperatingExpenses" xlink:type="arc" preferredLabel="http://www.xbrl.org/2003/role/totalLabel" />
      <link:loc xlink:type="locator" xlink:href="http://xbrl.fasb.org/us-gaap/2012/elts/us-gaap-2012-01-31.xsd#us-gaap_IncomeLossFromContinuingOperationsBeforeIncomeTaxesExtraordinaryItemsNoncontrollingInterest" xlink:label="loc_AFHACQVIncomeLossFromContinuingOperationsBeforeIncomeTaxesExtraordinaryItemsNoncontrollingInterest" />
      <link:presentationArc order="110" xlink:arcrole="http://www.xbrl.org/2003/arcrole/parent-child" xlink:from="loc_AFHACQVOperatingExpensesAbstract" xlink:to="loc_AFHACQVIncomeLossFromContinuingOperationsBeforeIncomeTaxesExtraordinaryItemsNoncontrollingInterest" xlink:type="arc" preferredLabel="http://www.xbrl.org/2003/role/totalLabel" />
      <link:loc xlink:type="locator" xlink:href="http://xbrl.fasb.org/us-gaap/2012/elts/us-gaap-2012-01-31.xsd#us-gaap_CurrentStateAndLocalTaxExpenseBenefit" xlink:label="loc_AFHACQVCurrentStateAndLocalTaxExpenseBenefit" />
      <link:presentationArc order="120" xlink:arcrole="http://www.xbrl.org/2003/arcrole/parent-child" xlink:from="loc_AFHACQVOperatingExpensesAbstract" xlink:to="loc_AFHACQVCurrentStateAndLocalTaxExpenseBenefit" xlink:type="arc" />
      <link:loc xlink:type="locator" xlink:href="http://xbrl.fasb.org/us-gaap/2012/elts/us-gaap-2012-01-31.xsd#us-gaap_NetIncomeLoss" xlink:label="loc_AFHACQVNetIncomeLoss" />
      <link:presentationArc order="140" xlink:arcrole="http://www.xbrl.org/2003/arcrole/parent-child" xlink:from="loc_AFHACQVOperatingExpensesAbstract" xlink:to="loc_AFHACQVNetIncomeLoss" xlink:type="arc" preferredLabel="http://www.xbrl.org/2003/role/totalLabel" />
      <link:loc xlink:type="locator" xlink:href="http://xbrl.fasb.org/us-gaap/2012/elts/us-gaap-2012-01-31.xsd#us-gaap_EarningsPerShareBasicAndDiluted" xlink:label="loc_AFHACQVEarningsPerShareBasicAndDiluted" />
      <link:presentationArc order="150" xlink:arcrole="http://www.xbrl.org/2003/arcrole/parent-child" xlink:from="loc_AFHACQVOperatingExpensesAbstract" xlink:to="loc_AFHACQVEarningsPerShareBasicAndDiluted" xlink:type="arc" />
      <link:loc xlink:type="locator" xlink:href="http://xbrl.fasb.org/us-gaap/2012/elts/us-gaap-2012-01-31.xsd#us-gaap_WeightedAverageNumberOfShareOutstandingBasicAndDiluted" xlink:label="loc_AFHACQVWeightedAverageNumberOfShareOutstandingBasicAndDiluted" />
      <link:presentationArc order="160" xlink:arcrole="http://www.xbrl.org/2003/arcrole/parent-child" xlink:from="loc_AFHACQVOperatingExpensesAbstract" xlink:to="loc_AFHACQVWeightedAverageNumberOfShareOutstandingBasicAndDiluted" xlink:type="arc" />
    </link:presentationLink>
    <link:presentationLink xlink:type="extended" xlink:role="http://AFHACQV/role/StatementOfCashFlows" xlink:title="0006 - Statement - Statement of Cash Flows">
      <link:loc xlink:type="locator" xlink:href="http://xbrl.fasb.org/us-gaap/2012/elts/us-gaap-2012-01-31.xsd#us-gaap_StatementOfCashFlowsAbstract" xlink:label="loc_AFHACQVStatementOfCashFlowsAbstract" />
      <link:loc xlink:type="locator" xlink:href="http://xbrl.fasb.org/us-gaap/2012/elts/us-gaap-2012-01-31.xsd#us-gaap_NetCashProvidedByUsedInOperatingActivitiesAbstract" xlink:label="loc_AFHACQVNetCashProvidedByUsedInOperatingActivitiesAbstract" />
      <link:presentationArc order="10" xlink:arcrole="http://www.xbrl.org/2003/arcrole/parent-child" xlink:from="loc_AFHACQVStatementOfCashFlowsAbstract" xlink:to="loc_AFHACQVNetCashProvidedByUsedInOperatingActivitiesAbstract" xlink:type="arc" />
      <link:loc xlink:type="locator" xlink:href="http://xbrl.fasb.org/us-gaap/2012/elts/us-gaap-2012-01-31.xsd#us-gaap_NetIncomeLoss" xlink:label="loc_AFHACQVNetIncomeLoss" />
      <link:presentationArc order="20" xlink:arcrole="http://www.xbrl.org/2003/arcrole/parent-child" xlink:from="loc_AFHACQVStatementOfCashFlowsAbstract" xlink:to="loc_AFHACQVNetIncomeLoss" xlink:type="arc" />
      <link:loc xlink:type="locator" xlink:href="http://xbrl.fasb.org/us-gaap/2012/elts/us-gaap-2012-01-31.xsd#us-gaap_IncreaseDecreaseInOperatingCapitalAbstract" xlink:label="loc_AFHACQVIncreaseDecreaseInOperatingCapitalAbstract" />
      <link:presentationArc order="30" xlink:arcrole="http://www.xbrl.org/2003/arcrole/parent-child" xlink:from="loc_AFHACQVStatementOfCashFlowsAbstract" xlink:to="loc_AFHACQVIncreaseDecreaseInOperatingCapitalAbstract" xlink:type="arc" />
      <link:loc xlink:type="locator" xlink:href="http://xbrl.fasb.org/us-gaap/2012/elts/us-gaap-2012-01-31.xsd#us-gaap_IncreaseDecreaseInPrepaidExpense" xlink:label="loc_AFHACQVIncreaseDecreaseInPrepaidExpense" />
      <link:presentationArc order="40" xlink:arcrole="http://www.xbrl.org/2003/arcrole/parent-child" xlink:from="loc_AFHACQVIncreaseDecreaseInOperatingCapitalAbstract" xlink:to="loc_AFHACQVIncreaseDecreaseInPrepaidExpense" xlink:type="arc" preferredLabel="http://www.xbrl.org/2003/role/verboseLabel" />
      <link:loc xlink:type="locator" xlink:href="http://xbrl.fasb.org/us-gaap/2012/elts/us-gaap-2012-01-31.xsd#us-gaap_IncreaseDecreaseInAccruedLiabilities" xlink:label="loc_AFHACQVIncreaseDecreaseInAccruedLiabilities" />
      <link:presentationArc order="50" xlink:arcrole="http://www.xbrl.org/2003/arcrole/parent-child" xlink:from="loc_AFHACQVIncreaseDecreaseInOperatingCapitalAbstract" xlink:to="loc_AFHACQVIncreaseDecreaseInAccruedLiabilities" xlink:type="arc" preferredLabel="http://www.xbrl.org/2003/role/verboseLabel" />
      <link:loc xlink:type="locator" xlink:href="http://xbrl.fasb.org/us-gaap/2012/elts/us-gaap-2012-01-31.xsd#us-gaap_NetCashProvidedByUsedInOperatingActivities" xlink:label="loc_AFHACQVNetCashProvidedByUsedInOperatingActivities" />
      <link:presentationArc order="60" xlink:arcrole="http://www.xbrl.org/2003/arcrole/parent-child" xlink:from="loc_AFHACQVIncreaseDecreaseInOperatingCapitalAbstract" xlink:to="loc_AFHACQVNetCashProvidedByUsedInOperatingActivities" xlink:type="arc" preferredLabel="http://www.xbrl.org/2003/role/totalLabel" />
      <link:loc xlink:type="locator" xlink:href="http://xbrl.fasb.org/us-gaap/2012/elts/us-gaap-2012-01-31.xsd#us-gaap_NetCashProvidedByUsedInInvestingActivities" xlink:label="loc_AFHACQVNetCashProvidedByUsedInInvestingActivities" />
      <link:presentationArc order="80" xlink:arcrole="http://www.xbrl.org/2003/arcrole/parent-child" xlink:from="loc_AFHACQVStatementOfCashFlowsAbstract" xlink:to="loc_AFHACQVNetCashProvidedByUsedInInvestingActivities" xlink:type="arc" />
      <link:loc xlink:type="locator" xlink:href="http://xbrl.fasb.org/us-gaap/2012/elts/us-gaap-2012-01-31.xsd#us-gaap_NetCashProvidedByUsedInFinancingActivitiesAbstract" xlink:label="loc_AFHACQVNetCashProvidedByUsedInFinancingActivitiesAbstract" />
      <link:presentationArc order="100" xlink:arcrole="http://www.xbrl.org/2003/arcrole/parent-child" xlink:from="loc_AFHACQVStatementOfCashFlowsAbstract" xlink:to="loc_AFHACQVNetCashProvidedByUsedInFinancingActivitiesAbstract" xlink:type="arc" />
      <link:loc xlink:type="locator" xlink:href="http://xbrl.fasb.org/us-gaap/2012/elts/us-gaap-2012-01-31.xsd#us-gaap_ProceedsFromRepaymentsOfRelatedPartyDebt" xlink:label="loc_AFHACQVProceedsFromRepaymentsOfRelatedPartyDebt" />
      <link:presentationArc order="110" xlink:arcrole="http://www.xbrl.org/2003/arcrole/parent-child" xlink:from="loc_AFHACQVNetCashProvidedByUsedInFinancingActivitiesAbstract" xlink:to="loc_AFHACQVProceedsFromRepaymentsOfRelatedPartyDebt" xlink:type="arc" />
      <link:loc xlink:type="locator" xlink:href="http://xbrl.fasb.org/us-gaap/2012/elts/us-gaap-2012-01-31.xsd#us-gaap_ProceedsFromStockPlans" xlink:label="loc_AFHACQVProceedsFromStockPlans" />
      <link:presentationArc order="120" xlink:arcrole="http://www.xbrl.org/2003/arcrole/parent-child" xlink:from="loc_AFHACQVNetCashProvidedByUsedInFinancingActivitiesAbstract" xlink:to="loc_AFHACQVProceedsFromStockPlans" xlink:type="arc" preferredLabel="http://www.xbrl.org/2003/role/verboseLabel" />
      <link:loc xlink:type="locator" xlink:href="http://xbrl.fasb.org/us-gaap/2012/elts/us-gaap-2012-01-31.xsd#us-gaap_ProceedsFromIssuanceOrSaleOfEquity" xlink:label="loc_AFHACQVProceedsFromIssuanceOrSaleOfEquity" />
      <link:presentationArc order="130" xlink:arcrole="http://www.xbrl.org/2003/arcrole/parent-child" xlink:from="loc_AFHACQVNetCashProvidedByUsedInFinancingActivitiesAbstract" xlink:to="loc_AFHACQVProceedsFromIssuanceOrSaleOfEquity" xlink:type="arc" />
      <link:loc xlink:type="locator" xlink:href="http://xbrl.fasb.org/us-gaap/2012/elts/us-gaap-2012-01-31.xsd#us-gaap_NetCashProvidedByUsedInFinancingActivities" xlink:label="loc_AFHACQVNetCashProvidedByUsedInFinancingActivities" />
      <link:presentationArc order="140" xlink:arcrole="http://www.xbrl.org/2003/arcrole/parent-child" xlink:from="loc_AFHACQVStatementOfCashFlowsAbstract" xlink:to="loc_AFHACQVNetCashProvidedByUsedInFinancingActivities" xlink:type="arc" preferredLabel="http://www.xbrl.org/2003/role/totalLabel" />
      <link:loc xlink:type="locator" xlink:href="http://xbrl.fasb.org/us-gaap/2012/elts/us-gaap-2012-01-31.xsd#us-gaap_CashAndCashEquivalentsPeriodIncreaseDecrease" xlink:label="loc_AFHACQVCashAndCashEquivalentsPeriodIncreaseDecrease" />
      <link:presentationArc order="160" xlink:arcrole="http://www.xbrl.org/2003/arcrole/parent-child" xlink:from="loc_AFHACQVStatementOfCashFlowsAbstract" xlink:to="loc_AFHACQVCashAndCashEquivalentsPeriodIncreaseDecrease" xlink:type="arc" />
      <link:loc xlink:type="locator" xlink:href="http://xbrl.fasb.org/us-gaap/2012/elts/us-gaap-2012-01-31.xsd#us-gaap_CashAndCashEquivalentsAtCarryingValue" xlink:label="loc_AFHACQVCashAndCashEquivalentsAtCarryingValue" />
      <link:presentationArc order="170" xlink:arcrole="http://www.xbrl.org/2003/arcrole/parent-child" xlink:from="loc_AFHACQVStatementOfCashFlowsAbstract" xlink:to="loc_AFHACQVCashAndCashEquivalentsAtCarryingValue" xlink:type="arc" preferredLabel="http://www.xbrl.org/2003/role/periodStartLabel" />
      <link:loc xlink:type="locator" xlink:href="http://xbrl.fasb.org/us-gaap/2012/elts/us-gaap-2012-01-31.xsd#us-gaap_CashAndCashEquivalentsAtCarryingValue" xlink:label="loc_AFHACQVCashAndCashEquivalentsAtCarryingValue_2" />
      <link:presentationArc order="180" xlink:arcrole="http://www.xbrl.org/2003/arcrole/parent-child" xlink:from="loc_AFHACQVStatementOfCashFlowsAbstract" xlink:to="loc_AFHACQVCashAndCashEquivalentsAtCarryingValue_2" xlink:type="arc" preferredLabel="http://www.xbrl.org/2003/role/periodEndLabel" />
      <link:loc xlink:type="locator" xlink:href="http://xbrl.fasb.org/us-gaap/2012/elts/us-gaap-2012-01-31.xsd#us-gaap_CashAndCashEquivalentsAbstract" xlink:label="loc_AFHACQVCashAndCashEquivalentsAbstract" />
      <link:presentationArc order="200" xlink:arcrole="http://www.xbrl.org/2003/arcrole/parent-child" xlink:from="loc_AFHACQVStatementOfCashFlowsAbstract" xlink:to="loc_AFHACQVCashAndCashEquivalentsAbstract" xlink:type="arc" />
      <link:loc xlink:type="locator" xlink:href="http://xbrl.fasb.org/us-gaap/2012/elts/us-gaap-2012-01-31.xsd#us-gaap_InterestPaid" xlink:label="loc_AFHACQVInterestPaid" />
      <link:presentationArc order="210" xlink:arcrole="http://www.xbrl.org/2003/arcrole/parent-child" xlink:from="loc_AFHACQVCashAndCashEquivalentsAbstract" xlink:to="loc_AFHACQVInterestPaid" xlink:type="arc" preferredLabel="http://www.xbrl.org/2003/role/verboseLabel" />
      <link:loc xlink:type="locator" xlink:href="http://xbrl.fasb.org/us-gaap/2012/elts/us-gaap-2012-01-31.xsd#us-gaap_IncomeTaxesPaidNet" xlink:label="loc_AFHACQVIncomeTaxesPaidNet" />
      <link:presentationArc order="220" xlink:arcrole="http://www.xbrl.org/2003/arcrole/parent-child" xlink:from="loc_AFHACQVCashAndCashEquivalentsAbstract" xlink:to="loc_AFHACQVIncomeTaxesPaidNet" xlink:type="arc" />
    </link:presentationLink>
    <link:presentationLink xlink:type="extended" xlink:role="http://AFHACQV/role/Company" xlink:title="0007 - Disclosure - The Company">
      <link:loc xlink:type="locator" xlink:href="afhacqv-20121031.xsd#AFHACQV_CompanyAbstract" xlink:label="loc_AFHACQVCompanyAbstract" />
      <link:loc xlink:type="locator" xlink:href="afhacqv-20121031.xsd#AFHACQV_CompanyDisclosureTextBlock" xlink:label="loc_AFHACQVCompanyDisclosureTextBlock" />
      <link:presentationArc order="0" xlink:arcrole="http://www.xbrl.org/2003/arcrole/parent-child" xlink:from="loc_AFHACQVCompanyAbstract" xlink:to="loc_AFHACQVCompanyDisclosureTextBlock" xlink:type="arc" />
    </link:presentationLink>
    <link:presentationLink xlink:type="extended" xlink:role="http://AFHACQV/role/SummaryOfSignificantAccountingPolicies" xlink:title="0008 - Disclosure - Summary of Significant Accounting Policies">
      <link:loc xlink:type="locator" xlink:href="http://xbrl.fasb.org/us-gaap/2012/elts/us-gaap-2012-01-31.xsd#us-gaap_AccountingPoliciesAbstract" xlink:label="loc_AFHACQVAccountingPoliciesAbstract" />
      <link:loc xlink:type="locator" xlink:href="http://xbrl.fasb.org/us-gaap/2012/elts/us-gaap-2012-01-31.xsd#us-gaap_SignificantAccountingPoliciesTextBlock" xlink:label="loc_AFHACQVSignificantAccountingPoliciesTextBlock" />
      <link:presentationArc order="0" xlink:arcrole="http://www.xbrl.org/2003/arcrole/parent-child" xlink:from="loc_AFHACQVAccountingPoliciesAbstract" xlink:to="loc_AFHACQVSignificantAccountingPoliciesTextBlock" xlink:type="arc" />
    </link:presentationLink>
    <link:presentationLink xlink:type="extended" xlink:role="http://AFHACQV/role/EquitySecurities" xlink:title="0009 - Disclosure - Equity Securities">
      <link:loc xlink:type="locator" xlink:href="http://xbrl.fasb.org/us-gaap/2012/elts/us-gaap-2012-01-31.xsd#us-gaap_EquityAbstract" xlink:label="loc_AFHACQVEquityAbstract" />
      <link:loc xlink:type="locator" xlink:href="http://xbrl.fasb.org/us-gaap/2012/elts/us-gaap-2012-01-31.xsd#us-gaap_StockholdersEquityNoteDisclosureTextBlock" xlink:label="loc_AFHACQVStockholdersEquityNoteDisclosureTextBlock" />
      <link:presentationArc order="0" xlink:arcrole="http://www.xbrl.org/2003/arcrole/parent-child" xlink:from="loc_AFHACQVEquityAbstract" xlink:to="loc_AFHACQVStockholdersEquityNoteDisclosureTextBlock" xlink:type="arc" />
    </link:presentationLink>
    <link:presentationLink xlink:type="extended" xlink:role="http://AFHACQV/role/GoingConcern" xlink:title="0010 - Disclosure - Going Concern">
      <link:loc xlink:type="locator" xlink:href="afhacqv-20121031.xsd#AFHACQV_GoingConcernDisclosureAbstract" xlink:label="loc_AFHACQVGoingConcernDisclosureAbstract" />
      <link:loc xlink:type="locator" xlink:href="afhacqv-20121031.xsd#AFHACQV_GoingConcernDisclosureTextBlock" xlink:label="loc_AFHACQVGoingConcernDisclosureTextBlock" />
      <link:presentationArc order="0" xlink:arcrole="http://www.xbrl.org/2003/arcrole/parent-child" xlink:from="loc_AFHACQVGoingConcernDisclosureAbstract" xlink:to="loc_AFHACQVGoingConcernDisclosureTextBlock" xlink:type="arc" preferredLabel="http://www.xbrl.org/2003/role/verboseLabel" />
    </link:presentationLink>
    <link:presentationLink xlink:type="extended" xlink:role="http://AFHACQV/role/DueToParent" xlink:title="0011 - Disclosure - Due to Parent">
      <link:loc xlink:type="locator" xlink:href="http://xbrl.fasb.org/us-gaap/2012/elts/us-gaap-2012-01-31.xsd#us-gaap_RelatedPartyTransactionsAbstract" xlink:label="loc_AFHACQVRelatedPartyTransactionsAbstract" />
      <link:loc xlink:type="locator" xlink:href="http://xbrl.fasb.org/us-gaap/2012/elts/us-gaap-2012-01-31.xsd#us-gaap_RelatedPartyTransactionsDisclosureTextBlock" xlink:label="loc_AFHACQVRelatedPartyTransactionsDisclosureTextBlock" />
      <link:presentationArc order="0" xlink:arcrole="http://www.xbrl.org/2003/arcrole/parent-child" xlink:from="loc_AFHACQVRelatedPartyTransactionsAbstract" xlink:to="loc_AFHACQVRelatedPartyTransactionsDisclosureTextBlock" xlink:type="arc" preferredLabel="http://www.xbrl.org/2003/role/verboseLabel" />
    </link:presentationLink>
    <link:presentationLink xlink:type="extended" xlink:role="http://AFHACQV/role/SummaryOfSignificantAccountingPoliciesPolicies" xlink:title="0012 - Disclosure - Summary of Significant Accounting Policies (Policies)">
      <link:loc xlink:type="locator" xlink:href="http://xbrl.fasb.org/us-gaap/2012/elts/us-gaap-2012-01-31.xsd#us-gaap_AccountingPoliciesAbstract" xlink:label="loc_AFHACQVAccountingPoliciesAbstract" />
      <link:loc xlink:type="locator" xlink:href="http://xbrl.fasb.org/us-gaap/2012/elts/us-gaap-2012-01-31.xsd#us-gaap_BasisOfAccountingPolicyPolicyTextBlock" xlink:label="loc_AFHACQVBasisOfAccountingPolicyPolicyTextBlock" />
      <link:presentationArc order="0" xlink:arcrole="http://www.xbrl.org/2003/arcrole/parent-child" xlink:from="loc_AFHACQVAccountingPoliciesAbstract" xlink:to="loc_AFHACQVBasisOfAccountingPolicyPolicyTextBlock" xlink:type="arc" />
      <link:loc xlink:type="locator" xlink:href="afhacqv-20121031.xsd#AFHACQV_DevelopmentStagePolicyPolicyTextBlock" xlink:label="loc_AFHACQVDevelopmentStagePolicyPolicyTextBlock" />
      <link:presentationArc order="10" xlink:arcrole="http://www.xbrl.org/2003/arcrole/parent-child" xlink:from="loc_AFHACQVAccountingPoliciesAbstract" xlink:to="loc_AFHACQVDevelopmentStagePolicyPolicyTextBlock" xlink:type="arc" />
      <link:loc xlink:type="locator" xlink:href="http://xbrl.fasb.org/us-gaap/2012/elts/us-gaap-2012-01-31.xsd#us-gaap_CashAndCashEquivalentsPolicyTextBlock" xlink:label="loc_AFHACQVCashAndCashEquivalentsPolicyTextBlock" />
      <link:presentationArc order="20" xlink:arcrole="http://www.xbrl.org/2003/arcrole/parent-child" xlink:from="loc_AFHACQVAccountingPoliciesAbstract" xlink:to="loc_AFHACQVCashAndCashEquivalentsPolicyTextBlock" xlink:type="arc" />
      <link:loc xlink:type="locator" xlink:href="http://xbrl.fasb.org/us-gaap/2012/elts/us-gaap-2012-01-31.xsd#us-gaap_EarningsPerSharePolicyTextBlock" xlink:label="loc_AFHACQVEarningsPerSharePolicyTextBlock" />
      <link:presentationArc order="30" xlink:arcrole="http://www.xbrl.org/2003/arcrole/parent-child" xlink:from="loc_AFHACQVAccountingPoliciesAbstract" xlink:to="loc_AFHACQVEarningsPerSharePolicyTextBlock" xlink:type="arc" />
      <link:loc xlink:type="locator" xlink:href="http://xbrl.fasb.org/us-gaap/2012/elts/us-gaap-2012-01-31.xsd#us-gaap_UseOfEstimates" xlink:label="loc_AFHACQVUseOfEstimates" />
      <link:presentationArc order="40" xlink:arcrole="http://www.xbrl.org/2003/arcrole/parent-child" xlink:from="loc_AFHACQVAccountingPoliciesAbstract" xlink:to="loc_AFHACQVUseOfEstimates" xlink:type="arc" />
      <link:loc xlink:type="locator" xlink:href="afhacqv-20121031.xsd#AFHACQV_OrganizationalCostsPolicyPolicyTextBlock" xlink:label="loc_AFHACQVOrganizationalCostsPolicyPolicyTextBlock" />
      <link:presentationArc order="50" xlink:arcrole="http://www.xbrl.org/2003/arcrole/parent-child" xlink:from="loc_AFHACQVAccountingPoliciesAbstract" xlink:to="loc_AFHACQVOrganizationalCostsPolicyPolicyTextBlock" xlink:type="arc" preferredLabel="http://www.xbrl.org/2003/role/verboseLabel" />
      <link:loc xlink:type="locator" xlink:href="http://xbrl.fasb.org/us-gaap/2012/elts/us-gaap-2012-01-31.xsd#us-gaap_IncomeTaxPolicyTextBlock" xlink:label="loc_AFHACQVIncomeTaxPolicyTextBlock" />
      <link:presentationArc order="60" xlink:arcrole="http://www.xbrl.org/2003/arcrole/parent-child" xlink:from="loc_AFHACQVAccountingPoliciesAbstract" xlink:to="loc_AFHACQVIncomeTaxPolicyTextBlock" xlink:type="arc" preferredLabel="http://www.xbrl.org/2003/role/verboseLabel" />
      <link:loc xlink:type="locator" xlink:href="http://xbrl.fasb.org/us-gaap/2012/elts/us-gaap-2012-01-31.xsd#us-gaap_FairValueOfFinancialInstrumentsPolicy" xlink:label="loc_AFHACQVFairValueOfFinancialInstrumentsPolicy" />
      <link:presentationArc order="70" xlink:arcrole="http://www.xbrl.org/2003/arcrole/parent-child" xlink:from="loc_AFHACQVAccountingPoliciesAbstract" xlink:to="loc_AFHACQVFairValueOfFinancialInstrumentsPolicy" xlink:type="arc" />
      <link:loc xlink:type="locator" xlink:href="http://xbrl.fasb.org/us-gaap/2012/elts/us-gaap-2012-01-31.xsd#us-gaap_NewAccountingPronouncementsPolicyPolicyTextBlock" xlink:label="loc_AFHACQVNewAccountingPronouncementsPolicyPolicyTextBlock" />
      <link:presentationArc order="80" xlink:arcrole="http://www.xbrl.org/2003/arcrole/parent-child" xlink:from="loc_AFHACQVAccountingPoliciesAbstract" xlink:to="loc_AFHACQVNewAccountingPronouncementsPolicyPolicyTextBlock" xlink:type="arc" />
    </link:presentationLink>
    <link:presentationLink xlink:type="extended" xlink:role="http://AFHACQV/role/GoingConcernDetailsNarrative" xlink:title="0013 - Disclosure - Going Concern (Details Narrative)">
      <link:loc xlink:type="locator" xlink:href="afhacqv-20121031.xsd#AFHACQV_GoingConcernDisclosureAbstract" xlink:label="loc_AFHACQVGoingConcernDisclosureAbstract" />
      <link:loc xlink:type="locator" xlink:href="http://xbrl.fasb.org/us-gaap/2012/elts/us-gaap-2012-01-31.xsd#us-gaap_RetainedEarningsAccumulatedDeficit" xlink:label="loc_AFHACQVRetainedEarningsAccumulatedDeficit" />
      <link:presentationArc order="0" xlink:arcrole="http://www.xbrl.org/2003/arcrole/parent-child" xlink:from="loc_AFHACQVGoingConcernDisclosureAbstract" xlink:to="loc_AFHACQVRetainedEarningsAccumulatedDeficit" xlink:type="arc" />
    </link:presentationLink>
</link:linkbase>
