<?xml version="1.0" encoding="us-ascii"?>
<!-- Created by Merrill Corporation -->
<!-- Generated by Fujitsu Interstage XWand B0166_M01 -->
<!--Generated by IRIS XBRL Generation Engine-->
<link:linkbase xsi:schemaLocation="http://www.xbrl.org/2003/linkbase http://www.xbrl.org/2003/xbrl-linkbase-2003-12-31.xsd" xmlns:link="http://www.xbrl.org/2003/linkbase" xmlns:xsi="http://www.w3.org/2001/XMLSchema-instance" xmlns:xbrli="http://www.xbrl.org/2003/instance" xmlns:xlink="http://www.w3.org/1999/xlink">
  <link:roleRef roleURI="http://www.immunogen.com/role/BalanceSheet" xlink:type="simple" xlink:href="imgn-20121231.xsd#BalanceSheet" />
  <link:roleRef roleURI="http://www.immunogen.com/role/StatementOfIncome" xlink:type="simple" xlink:href="imgn-20121231.xsd#StatementOfIncome" />
  <link:roleRef roleURI="http://www.immunogen.com/role/CashFlows" xlink:type="simple" xlink:href="imgn-20121231.xsd#CashFlows" />
  <link:roleRef roleURI="http://www.immunogen.com/role/DisclosureSummaryOfSignificantAccountingPoliciesDetails3" xlink:type="simple" xlink:href="imgn-20121231.xsd#DisclosureSummaryOfSignificantAccountingPoliciesDetails3" />
  <link:roleRef roleURI="http://www.immunogen.com/role/DisclosureCommitmentsAndContingenciesDetails" xlink:type="simple" xlink:href="imgn-20121231.xsd#DisclosureCommitmentsAndContingenciesDetails" />
  <link:calculationLink xlink:type="extended" xlink:role="http://www.immunogen.com/role/BalanceSheet">
    <link:loc xlink:type="locator" xlink:href="http://xbrl.fasb.org/us-gaap/2012/elts/us-gaap-2012-01-31.xsd#us-gaap_Assets" xlink:label="Assets" xlink:title="Assets" />
    <link:loc xlink:type="locator" xlink:href="http://xbrl.fasb.org/us-gaap/2012/elts/us-gaap-2012-01-31.xsd#us-gaap_AssetsCurrent" xlink:label="AssetsCurrent" xlink:title="AssetsCurrent" />
    <link:calculationArc xlink:type="arc" xlink:arcrole="http://www.xbrl.org/2003/arcrole/summation-item" xlink:from="Assets" xlink:to="AssetsCurrent" xlink:title="calculation: Assets to AssetsCurrent" order="1.0" weight="1" />
    <link:loc xlink:type="locator" xlink:href="http://xbrl.fasb.org/us-gaap/2012/elts/us-gaap-2012-01-31.xsd#us-gaap_CashAndCashEquivalentsAtCarryingValue" xlink:label="CashAndCashEquivalentsAtCarryingValue" xlink:title="CashAndCashEquivalentsAtCarryingValue" />
    <link:calculationArc xlink:type="arc" xlink:arcrole="http://www.xbrl.org/2003/arcrole/summation-item" xlink:from="AssetsCurrent" xlink:to="CashAndCashEquivalentsAtCarryingValue" xlink:title="calculation: AssetsCurrent to CashAndCashEquivalentsAtCarryingValue" order="1.0" weight="1" />
    <link:loc xlink:type="locator" xlink:href="http://xbrl.fasb.org/us-gaap/2012/elts/us-gaap-2012-01-31.xsd#us-gaap_AccountsReceivableGrossCurrent" xlink:label="AccountsReceivableGrossCurrent" xlink:title="AccountsReceivableGrossCurrent" />
    <link:calculationArc xlink:type="arc" xlink:arcrole="http://www.xbrl.org/2003/arcrole/summation-item" xlink:from="AssetsCurrent" xlink:to="AccountsReceivableGrossCurrent" xlink:title="calculation: AssetsCurrent to AccountsReceivableGrossCurrent" order="2.0" weight="1" />
    <link:loc xlink:type="locator" xlink:href="http://xbrl.fasb.org/us-gaap/2012/elts/us-gaap-2012-01-31.xsd#us-gaap_UnbilledContractsReceivable" xlink:label="UnbilledContractsReceivable" xlink:title="UnbilledContractsReceivable" />
    <link:calculationArc xlink:type="arc" xlink:arcrole="http://www.xbrl.org/2003/arcrole/summation-item" xlink:from="AssetsCurrent" xlink:to="UnbilledContractsReceivable" xlink:title="calculation: AssetsCurrent to UnbilledContractsReceivable" order="3.0" weight="1" />
    <link:loc xlink:type="locator" xlink:href="http://xbrl.fasb.org/us-gaap/2012/elts/us-gaap-2012-01-31.xsd#us-gaap_InventoryNet" xlink:label="InventoryNet" xlink:title="InventoryNet" />
    <link:calculationArc xlink:type="arc" xlink:arcrole="http://www.xbrl.org/2003/arcrole/summation-item" xlink:from="AssetsCurrent" xlink:to="InventoryNet" xlink:title="calculation: AssetsCurrent to InventoryNet" order="4.0" weight="1" />
    <link:loc xlink:type="locator" xlink:href="http://xbrl.fasb.org/us-gaap/2012/elts/us-gaap-2012-01-31.xsd#us-gaap_RestrictedCashAndCashEquivalentsAtCarryingValue" xlink:label="RestrictedCashAndCashEquivalentsAtCarryingValue" xlink:title="RestrictedCashAndCashEquivalentsAtCarryingValue" />
    <link:calculationArc xlink:type="arc" xlink:arcrole="http://www.xbrl.org/2003/arcrole/summation-item" xlink:from="AssetsCurrent" xlink:to="RestrictedCashAndCashEquivalentsAtCarryingValue" xlink:title="calculation: AssetsCurrent to RestrictedCashAndCashEquivalentsAtCarryingValue" order="5.0" weight="1" />
    <link:loc xlink:type="locator" xlink:href="http://xbrl.fasb.org/us-gaap/2012/elts/us-gaap-2012-01-31.xsd#us-gaap_PrepaidExpenseAndOtherAssetsCurrent" xlink:label="PrepaidExpenseAndOtherAssetsCurrent" xlink:title="PrepaidExpenseAndOtherAssetsCurrent" />
    <link:calculationArc xlink:type="arc" xlink:arcrole="http://www.xbrl.org/2003/arcrole/summation-item" xlink:from="AssetsCurrent" xlink:to="PrepaidExpenseAndOtherAssetsCurrent" xlink:title="calculation: AssetsCurrent to PrepaidExpenseAndOtherAssetsCurrent" order="6.0" weight="1" />
    <link:loc xlink:type="locator" xlink:href="http://xbrl.fasb.org/us-gaap/2012/elts/us-gaap-2012-01-31.xsd#us-gaap_PropertyPlantAndEquipmentNet" xlink:label="PropertyPlantAndEquipmentNet" xlink:title="PropertyPlantAndEquipmentNet" />
    <link:calculationArc xlink:type="arc" xlink:arcrole="http://www.xbrl.org/2003/arcrole/summation-item" xlink:from="Assets" xlink:to="PropertyPlantAndEquipmentNet" xlink:title="calculation: Assets to PropertyPlantAndEquipmentNet" order="2.0" weight="1" />
    <link:loc xlink:type="locator" xlink:href="http://xbrl.fasb.org/us-gaap/2012/elts/us-gaap-2012-01-31.xsd#us-gaap_RestrictedCashAndCashEquivalentsNoncurrent" xlink:label="RestrictedCashAndCashEquivalentsNoncurrent" xlink:title="RestrictedCashAndCashEquivalentsNoncurrent" />
    <link:calculationArc xlink:type="arc" xlink:arcrole="http://www.xbrl.org/2003/arcrole/summation-item" xlink:from="Assets" xlink:to="RestrictedCashAndCashEquivalentsNoncurrent" xlink:title="calculation: Assets to RestrictedCashAndCashEquivalentsNoncurrent" order="3.0" weight="1" />
    <link:loc xlink:type="locator" xlink:href="http://xbrl.fasb.org/us-gaap/2012/elts/us-gaap-2012-01-31.xsd#us-gaap_OtherAssetsNoncurrent" xlink:label="OtherAssetsNoncurrent" xlink:title="OtherAssetsNoncurrent" />
    <link:calculationArc xlink:type="arc" xlink:arcrole="http://www.xbrl.org/2003/arcrole/summation-item" xlink:from="Assets" xlink:to="OtherAssetsNoncurrent" xlink:title="calculation: Assets to OtherAssetsNoncurrent" order="4.0" weight="1" />
    <link:loc xlink:type="locator" xlink:href="http://xbrl.fasb.org/us-gaap/2012/elts/us-gaap-2012-01-31.xsd#us-gaap_LiabilitiesAndStockholdersEquity" xlink:label="LiabilitiesAndStockholdersEquity" xlink:title="LiabilitiesAndStockholdersEquity" />
    <link:loc xlink:type="locator" xlink:href="http://xbrl.fasb.org/us-gaap/2012/elts/us-gaap-2012-01-31.xsd#us-gaap_Liabilities" xlink:label="Liabilities" xlink:title="Liabilities" />
    <link:calculationArc xlink:type="arc" xlink:arcrole="http://www.xbrl.org/2003/arcrole/summation-item" xlink:from="LiabilitiesAndStockholdersEquity" xlink:to="Liabilities" xlink:title="calculation: LiabilitiesAndStockholdersEquity to Liabilities" order="1.0" weight="1" />
    <link:loc xlink:type="locator" xlink:href="http://xbrl.fasb.org/us-gaap/2012/elts/us-gaap-2012-01-31.xsd#us-gaap_LiabilitiesCurrent" xlink:label="LiabilitiesCurrent" xlink:title="LiabilitiesCurrent" />
    <link:calculationArc xlink:type="arc" xlink:arcrole="http://www.xbrl.org/2003/arcrole/summation-item" xlink:from="Liabilities" xlink:to="LiabilitiesCurrent" xlink:title="calculation: Liabilities to LiabilitiesCurrent" order="1.0" weight="1" />
    <link:loc xlink:type="locator" xlink:href="http://xbrl.fasb.org/us-gaap/2012/elts/us-gaap-2012-01-31.xsd#us-gaap_AccountsPayableCurrent" xlink:label="AccountsPayableCurrent" xlink:title="AccountsPayableCurrent" />
    <link:calculationArc xlink:type="arc" xlink:arcrole="http://www.xbrl.org/2003/arcrole/summation-item" xlink:from="LiabilitiesCurrent" xlink:to="AccountsPayableCurrent" xlink:title="calculation: LiabilitiesCurrent to AccountsPayableCurrent" order="1.0" weight="1" />
    <link:loc xlink:type="locator" xlink:href="http://xbrl.fasb.org/us-gaap/2012/elts/us-gaap-2012-01-31.xsd#us-gaap_EmployeeRelatedLiabilitiesCurrent" xlink:label="EmployeeRelatedLiabilitiesCurrent" xlink:title="EmployeeRelatedLiabilitiesCurrent" />
    <link:calculationArc xlink:type="arc" xlink:arcrole="http://www.xbrl.org/2003/arcrole/summation-item" xlink:from="LiabilitiesCurrent" xlink:to="EmployeeRelatedLiabilitiesCurrent" xlink:title="calculation: LiabilitiesCurrent to EmployeeRelatedLiabilitiesCurrent" order="2.0" weight="1" />
    <link:loc xlink:type="locator" xlink:href="http://xbrl.fasb.org/us-gaap/2012/elts/us-gaap-2012-01-31.xsd#us-gaap_OtherAccruedLiabilitiesCurrent" xlink:label="OtherAccruedLiabilitiesCurrent" xlink:title="OtherAccruedLiabilitiesCurrent" />
    <link:calculationArc xlink:type="arc" xlink:arcrole="http://www.xbrl.org/2003/arcrole/summation-item" xlink:from="LiabilitiesCurrent" xlink:to="OtherAccruedLiabilitiesCurrent" xlink:title="calculation: LiabilitiesCurrent to OtherAccruedLiabilitiesCurrent" order="3.0" weight="1" />
    <link:loc xlink:type="locator" xlink:href="imgn-20121231.xsd#imgn_IncentiveFromLessorCurrent" xlink:label="IncentiveFromLessorCurrent" xlink:title="IncentiveFromLessorCurrent" />
    <link:calculationArc xlink:type="arc" xlink:arcrole="http://www.xbrl.org/2003/arcrole/summation-item" xlink:from="LiabilitiesCurrent" xlink:to="IncentiveFromLessorCurrent" xlink:title="calculation: LiabilitiesCurrent to IncentiveFromLessorCurrent" order="4.0" weight="1" />
    <link:loc xlink:type="locator" xlink:href="http://xbrl.fasb.org/us-gaap/2012/elts/us-gaap-2012-01-31.xsd#us-gaap_DeferredRevenueCurrent" xlink:label="DeferredRevenueCurrent" xlink:title="DeferredRevenueCurrent" />
    <link:calculationArc xlink:type="arc" xlink:arcrole="http://www.xbrl.org/2003/arcrole/summation-item" xlink:from="LiabilitiesCurrent" xlink:to="DeferredRevenueCurrent" xlink:title="calculation: LiabilitiesCurrent to DeferredRevenueCurrent" order="5.0" weight="1" />
    <link:loc xlink:type="locator" xlink:href="imgn-20121231.xsd#imgn_IncentiveFromLessorNoncurrent" xlink:label="IncentiveFromLessorNoncurrent" xlink:title="IncentiveFromLessorNoncurrent" />
    <link:calculationArc xlink:type="arc" xlink:arcrole="http://www.xbrl.org/2003/arcrole/summation-item" xlink:from="Liabilities" xlink:to="IncentiveFromLessorNoncurrent" xlink:title="calculation: Liabilities to IncentiveFromLessorNoncurrent" order="2.0" weight="1" />
    <link:loc xlink:type="locator" xlink:href="http://xbrl.fasb.org/us-gaap/2012/elts/us-gaap-2012-01-31.xsd#us-gaap_DeferredRevenueNoncurrent" xlink:label="DeferredRevenueNoncurrent" xlink:title="DeferredRevenueNoncurrent" />
    <link:calculationArc xlink:type="arc" xlink:arcrole="http://www.xbrl.org/2003/arcrole/summation-item" xlink:from="Liabilities" xlink:to="DeferredRevenueNoncurrent" xlink:title="calculation: Liabilities to DeferredRevenueNoncurrent" order="3.0" weight="1" />
    <link:loc xlink:type="locator" xlink:href="http://xbrl.fasb.org/us-gaap/2012/elts/us-gaap-2012-01-31.xsd#us-gaap_OtherLiabilitiesNoncurrent" xlink:label="OtherLiabilitiesNoncurrent" xlink:title="OtherLiabilitiesNoncurrent" />
    <link:calculationArc xlink:type="arc" xlink:arcrole="http://www.xbrl.org/2003/arcrole/summation-item" xlink:from="Liabilities" xlink:to="OtherLiabilitiesNoncurrent" xlink:title="calculation: Liabilities to OtherLiabilitiesNoncurrent" order="4.0" weight="1" />
    <link:loc xlink:type="locator" xlink:href="http://xbrl.fasb.org/us-gaap/2012/elts/us-gaap-2012-01-31.xsd#us-gaap_StockholdersEquity" xlink:label="StockholdersEquity" xlink:title="StockholdersEquity" />
    <link:calculationArc xlink:type="arc" xlink:arcrole="http://www.xbrl.org/2003/arcrole/summation-item" xlink:from="LiabilitiesAndStockholdersEquity" xlink:to="StockholdersEquity" xlink:title="calculation: LiabilitiesAndStockholdersEquity to StockholdersEquity" order="2.0" weight="1" />
    <link:loc xlink:type="locator" xlink:href="http://xbrl.fasb.org/us-gaap/2012/elts/us-gaap-2012-01-31.xsd#us-gaap_PreferredStockValue" xlink:label="PreferredStockValue" xlink:title="PreferredStockValue" />
    <link:calculationArc xlink:type="arc" xlink:arcrole="http://www.xbrl.org/2003/arcrole/summation-item" xlink:from="StockholdersEquity" xlink:to="PreferredStockValue" xlink:title="calculation: StockholdersEquity to PreferredStockValue" order="1.0" weight="1" />
    <link:loc xlink:type="locator" xlink:href="http://xbrl.fasb.org/us-gaap/2012/elts/us-gaap-2012-01-31.xsd#us-gaap_CommonStockValue" xlink:label="CommonStockValue" xlink:title="CommonStockValue" />
    <link:calculationArc xlink:type="arc" xlink:arcrole="http://www.xbrl.org/2003/arcrole/summation-item" xlink:from="StockholdersEquity" xlink:to="CommonStockValue" xlink:title="calculation: StockholdersEquity to CommonStockValue" order="2.0" weight="1" />
    <link:loc xlink:type="locator" xlink:href="http://xbrl.fasb.org/us-gaap/2012/elts/us-gaap-2012-01-31.xsd#us-gaap_AdditionalPaidInCapitalCommonStock" xlink:label="AdditionalPaidInCapitalCommonStock" xlink:title="AdditionalPaidInCapitalCommonStock" />
    <link:calculationArc xlink:type="arc" xlink:arcrole="http://www.xbrl.org/2003/arcrole/summation-item" xlink:from="StockholdersEquity" xlink:to="AdditionalPaidInCapitalCommonStock" xlink:title="calculation: StockholdersEquity to AdditionalPaidInCapitalCommonStock" order="3.0" weight="1" />
    <link:loc xlink:type="locator" xlink:href="http://xbrl.fasb.org/us-gaap/2012/elts/us-gaap-2012-01-31.xsd#us-gaap_RetainedEarningsAccumulatedDeficit" xlink:label="RetainedEarningsAccumulatedDeficit" xlink:title="RetainedEarningsAccumulatedDeficit" />
    <link:calculationArc xlink:type="arc" xlink:arcrole="http://www.xbrl.org/2003/arcrole/summation-item" xlink:from="StockholdersEquity" xlink:to="RetainedEarningsAccumulatedDeficit" xlink:title="calculation: StockholdersEquity to RetainedEarningsAccumulatedDeficit" order="4.0" weight="1" />
  </link:calculationLink>
  <link:calculationLink xlink:type="extended" xlink:role="http://www.immunogen.com/role/StatementOfIncome">
    <link:loc xlink:type="locator" xlink:href="http://xbrl.fasb.org/us-gaap/2012/elts/us-gaap-2012-01-31.xsd#us-gaap_NetIncomeLossAvailableToCommonStockholdersBasic" xlink:label="NetIncomeLossAvailableToCommonStockholdersBasic" xlink:title="NetIncomeLossAvailableToCommonStockholdersBasic" />
    <link:loc xlink:type="locator" xlink:href="http://xbrl.fasb.org/us-gaap/2012/elts/us-gaap-2012-01-31.xsd#us-gaap_OperatingIncomeLoss" xlink:label="OperatingIncomeLoss" xlink:title="OperatingIncomeLoss" />
    <link:calculationArc xlink:type="arc" xlink:arcrole="http://www.xbrl.org/2003/arcrole/summation-item" xlink:from="NetIncomeLossAvailableToCommonStockholdersBasic" xlink:to="OperatingIncomeLoss" xlink:title="calculation: NetIncomeLossAvailableToCommonStockholdersBasic to OperatingIncomeLoss" use="optional" order="1.0" weight="1" />
    <link:loc xlink:type="locator" xlink:href="http://xbrl.fasb.org/us-gaap/2012/elts/us-gaap-2012-01-31.xsd#us-gaap_Revenues" xlink:label="Revenues" xlink:title="Revenues" />
    <link:calculationArc xlink:type="arc" xlink:arcrole="http://www.xbrl.org/2003/arcrole/summation-item" xlink:from="OperatingIncomeLoss" xlink:to="Revenues" xlink:title="calculation: OperatingIncomeLoss to Revenues" use="optional" order="1.0" weight="1" />
    <link:loc xlink:type="locator" xlink:href="imgn-20121231.xsd#imgn_ResearchAndDevelopmentRevenue" xlink:label="ResearchAndDevelopmentRevenue" xlink:title="ResearchAndDevelopmentRevenue" />
    <link:calculationArc xlink:type="arc" xlink:arcrole="http://www.xbrl.org/2003/arcrole/summation-item" xlink:from="Revenues" xlink:to="ResearchAndDevelopmentRevenue" xlink:title="calculation: Revenues to ResearchAndDevelopmentRevenue" use="optional" order="1.0" weight="1" />
    <link:loc xlink:type="locator" xlink:href="imgn-20121231.xsd#imgn_LicenseAndMilestoneFees" xlink:label="LicenseAndMilestoneFees" xlink:title="LicenseAndMilestoneFees" />
    <link:calculationArc xlink:type="arc" xlink:arcrole="http://www.xbrl.org/2003/arcrole/summation-item" xlink:from="Revenues" xlink:to="LicenseAndMilestoneFees" xlink:title="calculation: Revenues to LicenseAndMilestoneFees" use="optional" order="2.0" weight="1" />
    <link:loc xlink:type="locator" xlink:href="http://xbrl.fasb.org/us-gaap/2012/elts/us-gaap-2012-01-31.xsd#us-gaap_ReimbursementRevenue" xlink:label="ReimbursementRevenue" xlink:title="ReimbursementRevenue" />
    <link:calculationArc xlink:type="arc" xlink:arcrole="http://www.xbrl.org/2003/arcrole/summation-item" xlink:from="Revenues" xlink:to="ReimbursementRevenue" xlink:title="calculation: Revenues to ReimbursementRevenue" use="optional" order="3.0" weight="1" />
    <link:loc xlink:type="locator" xlink:href="http://xbrl.fasb.org/us-gaap/2012/elts/us-gaap-2012-01-31.xsd#us-gaap_OperatingExpenses" xlink:label="OperatingExpenses" xlink:title="OperatingExpenses" />
    <link:calculationArc xlink:type="arc" xlink:arcrole="http://www.xbrl.org/2003/arcrole/summation-item" xlink:from="OperatingIncomeLoss" xlink:to="OperatingExpenses" xlink:title="calculation: OperatingIncomeLoss to OperatingExpenses" use="optional" order="2.0" weight="-1" />
    <link:loc xlink:type="locator" xlink:href="http://xbrl.fasb.org/us-gaap/2012/elts/us-gaap-2012-01-31.xsd#us-gaap_ResearchAndDevelopmentExpense" xlink:label="ResearchAndDevelopmentExpense" xlink:title="ResearchAndDevelopmentExpense" />
    <link:calculationArc xlink:type="arc" xlink:arcrole="http://www.xbrl.org/2003/arcrole/summation-item" xlink:from="OperatingExpenses" xlink:to="ResearchAndDevelopmentExpense" xlink:title="calculation: OperatingExpenses to ResearchAndDevelopmentExpense" use="optional" order="1.0" weight="1" />
    <link:loc xlink:type="locator" xlink:href="http://xbrl.fasb.org/us-gaap/2012/elts/us-gaap-2012-01-31.xsd#us-gaap_GeneralAndAdministrativeExpense" xlink:label="GeneralAndAdministrativeExpense" xlink:title="GeneralAndAdministrativeExpense" />
    <link:calculationArc xlink:type="arc" xlink:arcrole="http://www.xbrl.org/2003/arcrole/summation-item" xlink:from="OperatingExpenses" xlink:to="GeneralAndAdministrativeExpense" xlink:title="calculation: OperatingExpenses to GeneralAndAdministrativeExpense" use="optional" order="2.0" weight="1" />
    <link:loc xlink:type="locator" xlink:href="http://xbrl.fasb.org/us-gaap/2012/elts/us-gaap-2012-01-31.xsd#us-gaap_OtherNonoperatingIncomeExpense" xlink:label="OtherNonoperatingIncomeExpense" xlink:title="OtherNonoperatingIncomeExpense" />
    <link:calculationArc xlink:type="arc" xlink:arcrole="http://www.xbrl.org/2003/arcrole/summation-item" xlink:from="NetIncomeLossAvailableToCommonStockholdersBasic" xlink:to="OtherNonoperatingIncomeExpense" xlink:title="calculation: NetIncomeLossAvailableToCommonStockholdersBasic to OtherNonoperatingIncomeExpense" use="optional" order="2.0" weight="1" />
  </link:calculationLink>
  <link:calculationLink xlink:type="extended" xlink:role="http://www.immunogen.com/role/CashFlows">
    <link:loc xlink:type="locator" xlink:href="http://xbrl.fasb.org/us-gaap/2012/elts/us-gaap-2012-01-31.xsd#us-gaap_NetCashProvidedByUsedInContinuingOperations" xlink:label="NetCashProvidedByUsedInContinuingOperations" xlink:title="NetCashProvidedByUsedInContinuingOperations" />
    <link:loc xlink:type="locator" xlink:href="http://xbrl.fasb.org/us-gaap/2012/elts/us-gaap-2012-01-31.xsd#us-gaap_NetCashProvidedByUsedInOperatingActivitiesContinuingOperations" xlink:label="NetCashProvidedByUsedInOperatingActivitiesContinuingOperations" xlink:title="NetCashProvidedByUsedInOperatingActivitiesContinuingOperations" />
    <link:calculationArc xlink:type="arc" xlink:arcrole="http://www.xbrl.org/2003/arcrole/summation-item" xlink:from="NetCashProvidedByUsedInContinuingOperations" xlink:to="NetCashProvidedByUsedInOperatingActivitiesContinuingOperations" xlink:title="calculation: NetCashProvidedByUsedInContinuingOperations to NetCashProvidedByUsedInOperatingActivitiesContinuingOperations" use="optional" order="1.0" weight="1" />
    <link:loc xlink:type="locator" xlink:href="http://xbrl.fasb.org/us-gaap/2012/elts/us-gaap-2012-01-31.xsd#us-gaap_NetIncomeLossAvailableToCommonStockholdersBasic" xlink:label="NetIncomeLossAvailableToCommonStockholdersBasic" xlink:title="NetIncomeLossAvailableToCommonStockholdersBasic" />
    <link:calculationArc xlink:type="arc" xlink:arcrole="http://www.xbrl.org/2003/arcrole/summation-item" xlink:from="NetCashProvidedByUsedInOperatingActivitiesContinuingOperations" xlink:to="NetIncomeLossAvailableToCommonStockholdersBasic" xlink:title="calculation: NetCashProvidedByUsedInOperatingActivitiesContinuingOperations to NetIncomeLossAvailableToCommonStockholdersBasic" use="optional" order="1.0" weight="1" />
    <link:loc xlink:type="locator" xlink:href="http://xbrl.fasb.org/us-gaap/2012/elts/us-gaap-2012-01-31.xsd#us-gaap_DepreciationDepletionAndAmortization" xlink:label="DepreciationDepletionAndAmortization" xlink:title="DepreciationDepletionAndAmortization" />
    <link:calculationArc xlink:type="arc" xlink:arcrole="http://www.xbrl.org/2003/arcrole/summation-item" xlink:from="NetCashProvidedByUsedInOperatingActivitiesContinuingOperations" xlink:to="DepreciationDepletionAndAmortization" xlink:title="calculation: NetCashProvidedByUsedInOperatingActivitiesContinuingOperations to DepreciationDepletionAndAmortization" use="optional" order="2.0" weight="1" />
    <link:loc xlink:type="locator" xlink:href="http://xbrl.fasb.org/us-gaap/2012/elts/us-gaap-2012-01-31.xsd#us-gaap_GainLossOnSaleOfPropertyPlantEquipment" xlink:label="GainLossOnSaleOfPropertyPlantEquipment" xlink:title="GainLossOnSaleOfPropertyPlantEquipment" />
    <link:calculationArc xlink:type="arc" xlink:arcrole="http://www.xbrl.org/2003/arcrole/summation-item" xlink:from="NetCashProvidedByUsedInOperatingActivitiesContinuingOperations" xlink:to="GainLossOnSaleOfPropertyPlantEquipment" xlink:title="calculation: NetCashProvidedByUsedInOperatingActivitiesContinuingOperations to GainLossOnSaleOfPropertyPlantEquipment" use="optional" order="3.0" weight="-1" />
    <link:loc xlink:type="locator" xlink:href="imgn-20121231.xsd#imgn_AmortizationDeferredLeaseIncentive" xlink:label="AmortizationDeferredLeaseIncentive" xlink:title="AmortizationDeferredLeaseIncentive" />
    <link:calculationArc xlink:type="arc" xlink:arcrole="http://www.xbrl.org/2003/arcrole/summation-item" xlink:from="NetCashProvidedByUsedInOperatingActivitiesContinuingOperations" xlink:to="AmortizationDeferredLeaseIncentive" xlink:title="calculation: NetCashProvidedByUsedInOperatingActivitiesContinuingOperations to AmortizationDeferredLeaseIncentive" use="optional" order="4.0" weight="1" />
    <link:loc xlink:type="locator" xlink:href="http://xbrl.fasb.org/us-gaap/2012/elts/us-gaap-2012-01-31.xsd#us-gaap_GainLossOnSaleOfDerivatives" xlink:label="GainLossOnSaleOfDerivatives" xlink:title="GainLossOnSaleOfDerivatives" />
    <link:calculationArc xlink:type="arc" xlink:arcrole="http://www.xbrl.org/2003/arcrole/summation-item" xlink:from="NetCashProvidedByUsedInOperatingActivitiesContinuingOperations" xlink:to="GainLossOnSaleOfDerivatives" xlink:title="calculation: NetCashProvidedByUsedInOperatingActivitiesContinuingOperations to GainLossOnSaleOfDerivatives" use="optional" order="6.0" weight="-1" />
    <link:loc xlink:type="locator" xlink:href="http://xbrl.fasb.org/us-gaap/2012/elts/us-gaap-2012-01-31.xsd#us-gaap_ShareBasedCompensation" xlink:label="ShareBasedCompensation" xlink:title="ShareBasedCompensation" />
    <link:calculationArc xlink:type="arc" xlink:arcrole="http://www.xbrl.org/2003/arcrole/summation-item" xlink:from="NetCashProvidedByUsedInOperatingActivitiesContinuingOperations" xlink:to="ShareBasedCompensation" xlink:title="calculation: NetCashProvidedByUsedInOperatingActivitiesContinuingOperations to ShareBasedCompensation" use="optional" order="7.0" weight="1" />
    <link:loc xlink:type="locator" xlink:href="imgn-20121231.xsd#imgn_IncreaseDecreaseInDeferredRent" xlink:label="IncreaseDecreaseInDeferredRent" xlink:title="IncreaseDecreaseInDeferredRent" />
    <link:calculationArc xlink:type="arc" xlink:arcrole="http://www.xbrl.org/2003/arcrole/summation-item" xlink:from="NetCashProvidedByUsedInOperatingActivitiesContinuingOperations" xlink:to="IncreaseDecreaseInDeferredRent" xlink:title="calculation: NetCashProvidedByUsedInOperatingActivitiesContinuingOperations to IncreaseDecreaseInDeferredRent" use="optional" order="8.0" weight="-1" />
    <link:loc xlink:type="locator" xlink:href="http://xbrl.fasb.org/us-gaap/2012/elts/us-gaap-2012-01-31.xsd#us-gaap_IncreaseDecreaseInAccountsReceivable" xlink:label="IncreaseDecreaseInAccountsReceivable" xlink:title="IncreaseDecreaseInAccountsReceivable" />
    <link:calculationArc xlink:type="arc" xlink:arcrole="http://www.xbrl.org/2003/arcrole/summation-item" xlink:from="NetCashProvidedByUsedInOperatingActivitiesContinuingOperations" xlink:to="IncreaseDecreaseInAccountsReceivable" xlink:title="calculation: NetCashProvidedByUsedInOperatingActivitiesContinuingOperations to IncreaseDecreaseInAccountsReceivable" use="optional" order="9.0" weight="-1" />
    <link:loc xlink:type="locator" xlink:href="http://xbrl.fasb.org/us-gaap/2012/elts/us-gaap-2012-01-31.xsd#us-gaap_IncreaseDecreaseInUnbilledReceivables" xlink:label="IncreaseDecreaseInUnbilledReceivables" xlink:title="IncreaseDecreaseInUnbilledReceivables" />
    <link:calculationArc xlink:type="arc" xlink:arcrole="http://www.xbrl.org/2003/arcrole/summation-item" xlink:from="NetCashProvidedByUsedInOperatingActivitiesContinuingOperations" xlink:to="IncreaseDecreaseInUnbilledReceivables" xlink:title="calculation: NetCashProvidedByUsedInOperatingActivitiesContinuingOperations to IncreaseDecreaseInUnbilledReceivables" use="optional" order="10.0" weight="-1" />
    <link:loc xlink:type="locator" xlink:href="http://xbrl.fasb.org/us-gaap/2012/elts/us-gaap-2012-01-31.xsd#us-gaap_IncreaseDecreaseInInventories" xlink:label="IncreaseDecreaseInInventories" xlink:title="IncreaseDecreaseInInventories" />
    <link:calculationArc xlink:type="arc" xlink:arcrole="http://www.xbrl.org/2003/arcrole/summation-item" xlink:from="NetCashProvidedByUsedInOperatingActivitiesContinuingOperations" xlink:to="IncreaseDecreaseInInventories" xlink:title="calculation: NetCashProvidedByUsedInOperatingActivitiesContinuingOperations to IncreaseDecreaseInInventories" use="optional" order="11.0" weight="-1" />
    <link:loc xlink:type="locator" xlink:href="http://xbrl.fasb.org/us-gaap/2012/elts/us-gaap-2012-01-31.xsd#us-gaap_IncreaseDecreaseInPrepaidDeferredExpenseAndOtherAssets" xlink:label="IncreaseDecreaseInPrepaidDeferredExpenseAndOtherAssets" xlink:title="IncreaseDecreaseInPrepaidDeferredExpenseAndOtherAssets" />
    <link:calculationArc xlink:type="arc" xlink:arcrole="http://www.xbrl.org/2003/arcrole/summation-item" xlink:from="NetCashProvidedByUsedInOperatingActivitiesContinuingOperations" xlink:to="IncreaseDecreaseInPrepaidDeferredExpenseAndOtherAssets" xlink:title="calculation: NetCashProvidedByUsedInOperatingActivitiesContinuingOperations to IncreaseDecreaseInPrepaidDeferredExpenseAndOtherAssets" use="optional" order="12.0" weight="-1" />
    <link:loc xlink:type="locator" xlink:href="http://xbrl.fasb.org/us-gaap/2012/elts/us-gaap-2012-01-31.xsd#us-gaap_IncreaseDecreaseInRestrictedCashForOperatingActivities" xlink:label="IncreaseDecreaseInRestrictedCashForOperatingActivities" xlink:title="IncreaseDecreaseInRestrictedCashForOperatingActivities" />
    <link:calculationArc xlink:type="arc" xlink:arcrole="http://www.xbrl.org/2003/arcrole/summation-item" xlink:from="NetCashProvidedByUsedInOperatingActivitiesContinuingOperations" xlink:to="IncreaseDecreaseInRestrictedCashForOperatingActivities" xlink:title="calculation: NetCashProvidedByUsedInOperatingActivitiesContinuingOperations to IncreaseDecreaseInRestrictedCashForOperatingActivities" use="optional" order="13.0" weight="-1" />
    <link:loc xlink:type="locator" xlink:href="http://xbrl.fasb.org/us-gaap/2012/elts/us-gaap-2012-01-31.xsd#us-gaap_IncreaseDecreaseInOtherOperatingAssets" xlink:label="IncreaseDecreaseInOtherOperatingAssets" xlink:title="IncreaseDecreaseInOtherOperatingAssets" />
    <link:calculationArc xlink:type="arc" xlink:arcrole="http://www.xbrl.org/2003/arcrole/summation-item" xlink:from="NetCashProvidedByUsedInOperatingActivitiesContinuingOperations" xlink:to="IncreaseDecreaseInOtherOperatingAssets" xlink:title="calculation: NetCashProvidedByUsedInOperatingActivitiesContinuingOperations to IncreaseDecreaseInOtherOperatingAssets" use="optional" order="14.0" weight="-1" />
    <link:loc xlink:type="locator" xlink:href="http://xbrl.fasb.org/us-gaap/2012/elts/us-gaap-2012-01-31.xsd#us-gaap_IncreaseDecreaseInAccountsPayable" xlink:label="IncreaseDecreaseInAccountsPayable" xlink:title="IncreaseDecreaseInAccountsPayable" />
    <link:calculationArc xlink:type="arc" xlink:arcrole="http://www.xbrl.org/2003/arcrole/summation-item" xlink:from="NetCashProvidedByUsedInOperatingActivitiesContinuingOperations" xlink:to="IncreaseDecreaseInAccountsPayable" xlink:title="calculation: NetCashProvidedByUsedInOperatingActivitiesContinuingOperations to IncreaseDecreaseInAccountsPayable" use="optional" order="15.0" weight="1" />
    <link:loc xlink:type="locator" xlink:href="http://xbrl.fasb.org/us-gaap/2012/elts/us-gaap-2012-01-31.xsd#us-gaap_IncreaseDecreaseInEmployeeRelatedLiabilities" xlink:label="IncreaseDecreaseInEmployeeRelatedLiabilities" xlink:title="IncreaseDecreaseInEmployeeRelatedLiabilities" />
    <link:calculationArc xlink:type="arc" xlink:arcrole="http://www.xbrl.org/2003/arcrole/summation-item" xlink:from="NetCashProvidedByUsedInOperatingActivitiesContinuingOperations" xlink:to="IncreaseDecreaseInEmployeeRelatedLiabilities" xlink:title="calculation: NetCashProvidedByUsedInOperatingActivitiesContinuingOperations to IncreaseDecreaseInEmployeeRelatedLiabilities" use="optional" order="16.0" weight="1" />
    <link:loc xlink:type="locator" xlink:href="http://xbrl.fasb.org/us-gaap/2012/elts/us-gaap-2012-01-31.xsd#us-gaap_IncreaseDecreaseInOtherAccruedLiabilities" xlink:label="IncreaseDecreaseInOtherAccruedLiabilities" xlink:title="IncreaseDecreaseInOtherAccruedLiabilities" />
    <link:calculationArc xlink:type="arc" xlink:arcrole="http://www.xbrl.org/2003/arcrole/summation-item" xlink:from="NetCashProvidedByUsedInOperatingActivitiesContinuingOperations" xlink:to="IncreaseDecreaseInOtherAccruedLiabilities" xlink:title="calculation: NetCashProvidedByUsedInOperatingActivitiesContinuingOperations to IncreaseDecreaseInOtherAccruedLiabilities" use="optional" order="17.0" weight="1" />
    <link:loc xlink:type="locator" xlink:href="http://xbrl.fasb.org/us-gaap/2012/elts/us-gaap-2012-01-31.xsd#us-gaap_IncreaseDecreaseInDeferredRevenue" xlink:label="IncreaseDecreaseInDeferredRevenue" xlink:title="IncreaseDecreaseInDeferredRevenue" />
    <link:calculationArc xlink:type="arc" xlink:arcrole="http://www.xbrl.org/2003/arcrole/summation-item" xlink:from="NetCashProvidedByUsedInOperatingActivitiesContinuingOperations" xlink:to="IncreaseDecreaseInDeferredRevenue" xlink:title="calculation: NetCashProvidedByUsedInOperatingActivitiesContinuingOperations to IncreaseDecreaseInDeferredRevenue" use="optional" order="18.0" weight="1" />
    <link:loc xlink:type="locator" xlink:href="http://xbrl.fasb.org/us-gaap/2012/elts/us-gaap-2012-01-31.xsd#us-gaap_NetCashProvidedByUsedInInvestingActivitiesContinuingOperations" xlink:label="NetCashProvidedByUsedInInvestingActivitiesContinuingOperations" xlink:title="NetCashProvidedByUsedInInvestingActivitiesContinuingOperations" />
    <link:calculationArc xlink:type="arc" xlink:arcrole="http://www.xbrl.org/2003/arcrole/summation-item" xlink:from="NetCashProvidedByUsedInContinuingOperations" xlink:to="NetCashProvidedByUsedInInvestingActivitiesContinuingOperations" xlink:title="calculation: NetCashProvidedByUsedInContinuingOperations to NetCashProvidedByUsedInInvestingActivitiesContinuingOperations" use="optional" order="2.0" weight="1" />
    <link:loc xlink:type="locator" xlink:href="http://xbrl.fasb.org/us-gaap/2012/elts/us-gaap-2012-01-31.xsd#us-gaap_PaymentsToAcquirePropertyPlantAndEquipment" xlink:label="PaymentsToAcquirePropertyPlantAndEquipment" xlink:title="PaymentsToAcquirePropertyPlantAndEquipment" />
    <link:calculationArc xlink:type="arc" xlink:arcrole="http://www.xbrl.org/2003/arcrole/summation-item" xlink:from="NetCashProvidedByUsedInInvestingActivitiesContinuingOperations" xlink:to="PaymentsToAcquirePropertyPlantAndEquipment" xlink:title="calculation: NetCashProvidedByUsedInInvestingActivitiesContinuingOperations to PaymentsToAcquirePropertyPlantAndEquipment" use="optional" order="1.0" weight="-1" />
    <link:loc xlink:type="locator" xlink:href="http://xbrl.fasb.org/us-gaap/2012/elts/us-gaap-2012-01-31.xsd#us-gaap_PaymentsForProceedsFromDerivativeInstrumentInvestingActivities" xlink:label="PaymentsForProceedsFromDerivativeInstrumentInvestingActivities" xlink:title="PaymentsForProceedsFromDerivativeInstrumentInvestingActivities" />
    <link:calculationArc xlink:type="arc" xlink:arcrole="http://www.xbrl.org/2003/arcrole/summation-item" xlink:from="NetCashProvidedByUsedInInvestingActivitiesContinuingOperations" xlink:to="PaymentsForProceedsFromDerivativeInstrumentInvestingActivities" xlink:title="calculation: NetCashProvidedByUsedInInvestingActivitiesContinuingOperations to PaymentsForProceedsFromDerivativeInstrumentInvestingActivities" use="optional" order="2.0" weight="-1" />
    <link:loc xlink:type="locator" xlink:href="http://xbrl.fasb.org/us-gaap/2012/elts/us-gaap-2012-01-31.xsd#us-gaap_NetCashProvidedByUsedInFinancingActivitiesContinuingOperations" xlink:label="NetCashProvidedByUsedInFinancingActivitiesContinuingOperations" xlink:title="NetCashProvidedByUsedInFinancingActivitiesContinuingOperations" />
    <link:calculationArc xlink:type="arc" xlink:arcrole="http://www.xbrl.org/2003/arcrole/summation-item" xlink:from="NetCashProvidedByUsedInContinuingOperations" xlink:to="NetCashProvidedByUsedInFinancingActivitiesContinuingOperations" xlink:title="calculation: NetCashProvidedByUsedInContinuingOperations to NetCashProvidedByUsedInFinancingActivitiesContinuingOperations" use="optional" order="3.0" weight="1" />
    <link:loc xlink:type="locator" xlink:href="http://xbrl.fasb.org/us-gaap/2012/elts/us-gaap-2012-01-31.xsd#us-gaap_ProceedsFromStockOptionsExercised" xlink:label="ProceedsFromStockOptionsExercised" xlink:title="ProceedsFromStockOptionsExercised" />
    <link:calculationArc xlink:type="arc" xlink:arcrole="http://www.xbrl.org/2003/arcrole/summation-item" xlink:from="NetCashProvidedByUsedInFinancingActivitiesContinuingOperations" xlink:to="ProceedsFromStockOptionsExercised" xlink:title="calculation: NetCashProvidedByUsedInFinancingActivitiesContinuingOperations to ProceedsFromStockOptionsExercised" use="optional" order="1.0" weight="1" />
    <link:loc xlink:type="locator" xlink:href="http://xbrl.fasb.org/us-gaap/2012/elts/us-gaap-2012-01-31.xsd#us-gaap_ProceedsFromIssuanceOfCommonStock" xlink:label="ProceedsFromIssuanceOfCommonStock" xlink:title="ProceedsFromIssuanceOfCommonStock" />
    <link:calculationArc xlink:type="arc" xlink:arcrole="http://www.xbrl.org/2003/arcrole/summation-item" xlink:from="NetCashProvidedByUsedInFinancingActivitiesContinuingOperations" xlink:to="ProceedsFromIssuanceOfCommonStock" xlink:title="calculation: NetCashProvidedByUsedInFinancingActivitiesContinuingOperations to ProceedsFromIssuanceOfCommonStock" use="optional" order="2.0" weight="1" />
  </link:calculationLink>
  <link:calculationLink xlink:type="extended" xlink:role="http://www.immunogen.com/role/DisclosureSummaryOfSignificantAccountingPoliciesDetails3">
    <link:loc xlink:type="locator" xlink:href="http://xbrl.fasb.org/us-gaap/2012/elts/us-gaap-2012-01-31.xsd#us-gaap_InventoryNet" xlink:label="InventoryNet" xlink:title="InventoryNet" />
    <link:loc xlink:type="locator" xlink:href="http://xbrl.fasb.org/us-gaap/2012/elts/us-gaap-2012-01-31.xsd#us-gaap_InventoryRawMaterialsNetOfReserves" xlink:label="InventoryRawMaterialsNetOfReserves" xlink:title="InventoryRawMaterialsNetOfReserves" />
    <link:calculationArc xlink:type="arc" xlink:arcrole="http://www.xbrl.org/2003/arcrole/summation-item" xlink:from="InventoryNet" xlink:to="InventoryRawMaterialsNetOfReserves" xlink:title="calculation: InventoryNet to InventoryRawMaterialsNetOfReserves" order="1.0" weight="1" />
    <link:loc xlink:type="locator" xlink:href="http://xbrl.fasb.org/us-gaap/2012/elts/us-gaap-2012-01-31.xsd#us-gaap_InventoryWorkInProcessNetOfReserves" xlink:label="InventoryWorkInProcessNetOfReserves" xlink:title="InventoryWorkInProcessNetOfReserves" />
    <link:calculationArc xlink:type="arc" xlink:arcrole="http://www.xbrl.org/2003/arcrole/summation-item" xlink:from="InventoryNet" xlink:to="InventoryWorkInProcessNetOfReserves" xlink:title="calculation: InventoryNet to InventoryWorkInProcessNetOfReserves" order="2.0" weight="1" />
  </link:calculationLink>
  <link:calculationLink xlink:type="extended" xlink:role="http://www.immunogen.com/role/DisclosureCommitmentsAndContingenciesDetails">
    <link:loc xlink:type="locator" xlink:href="imgn-20121231.xsd#imgn_OperatingLeasesFutureMinimumPaymentsNet" xlink:label="OperatingLeasesFutureMinimumPaymentsNet" xlink:title="OperatingLeasesFutureMinimumPaymentsNet" />
    <link:loc xlink:type="locator" xlink:href="http://xbrl.fasb.org/us-gaap/2012/elts/us-gaap-2012-01-31.xsd#us-gaap_OperatingLeasesFutureMinimumPaymentsDue" xlink:label="OperatingLeasesFutureMinimumPaymentsDue" xlink:title="OperatingLeasesFutureMinimumPaymentsDue" />
    <link:calculationArc xlink:type="arc" xlink:arcrole="http://www.xbrl.org/2003/arcrole/summation-item" xlink:from="OperatingLeasesFutureMinimumPaymentsNet" xlink:to="OperatingLeasesFutureMinimumPaymentsDue" xlink:title="calculation: OperatingLeasesFutureMinimumPaymentsNet to OperatingLeasesFutureMinimumPaymentsDue" use="optional" order="1.0" weight="1" />
    <link:loc xlink:type="locator" xlink:href="http://xbrl.fasb.org/us-gaap/2012/elts/us-gaap-2012-01-31.xsd#us-gaap_OperatingLeasesFutureMinimumPaymentsRemainderOfFiscalYear" xlink:label="OperatingLeasesFutureMinimumPaymentsRemainderOfFiscalYear" xlink:title="OperatingLeasesFutureMinimumPaymentsRemainderOfFiscalYear" />
    <link:calculationArc xlink:type="arc" xlink:arcrole="http://www.xbrl.org/2003/arcrole/summation-item" xlink:from="OperatingLeasesFutureMinimumPaymentsDue" xlink:to="OperatingLeasesFutureMinimumPaymentsRemainderOfFiscalYear" xlink:title="calculation: OperatingLeasesFutureMinimumPaymentsDue to OperatingLeasesFutureMinimumPaymentsRemainderOfFiscalYear" use="optional" order="1.0" weight="1" />
    <link:loc xlink:type="locator" xlink:href="http://xbrl.fasb.org/us-gaap/2012/elts/us-gaap-2012-01-31.xsd#us-gaap_OperatingLeasesFutureMinimumPaymentsDueInTwoYears" xlink:label="OperatingLeasesFutureMinimumPaymentsDueInTwoYears" xlink:title="OperatingLeasesFutureMinimumPaymentsDueInTwoYears" />
    <link:calculationArc xlink:type="arc" xlink:arcrole="http://www.xbrl.org/2003/arcrole/summation-item" xlink:from="OperatingLeasesFutureMinimumPaymentsDue" xlink:to="OperatingLeasesFutureMinimumPaymentsDueInTwoYears" xlink:title="calculation: OperatingLeasesFutureMinimumPaymentsDue to OperatingLeasesFutureMinimumPaymentsDueInTwoYears" use="optional" order="2.0" weight="1" />
    <link:loc xlink:type="locator" xlink:href="http://xbrl.fasb.org/us-gaap/2012/elts/us-gaap-2012-01-31.xsd#us-gaap_OperatingLeasesFutureMinimumPaymentsDueInThreeYears" xlink:label="OperatingLeasesFutureMinimumPaymentsDueInThreeYears" xlink:title="OperatingLeasesFutureMinimumPaymentsDueInThreeYears" />
    <link:calculationArc xlink:type="arc" xlink:arcrole="http://www.xbrl.org/2003/arcrole/summation-item" xlink:from="OperatingLeasesFutureMinimumPaymentsDue" xlink:to="OperatingLeasesFutureMinimumPaymentsDueInThreeYears" xlink:title="calculation: OperatingLeasesFutureMinimumPaymentsDue to OperatingLeasesFutureMinimumPaymentsDueInThreeYears" use="optional" order="3.0" weight="1" />
    <link:loc xlink:type="locator" xlink:href="http://xbrl.fasb.org/us-gaap/2012/elts/us-gaap-2012-01-31.xsd#us-gaap_OperatingLeasesFutureMinimumPaymentsDueInFourYears" xlink:label="OperatingLeasesFutureMinimumPaymentsDueInFourYears" xlink:title="OperatingLeasesFutureMinimumPaymentsDueInFourYears" />
    <link:calculationArc xlink:type="arc" xlink:arcrole="http://www.xbrl.org/2003/arcrole/summation-item" xlink:from="OperatingLeasesFutureMinimumPaymentsDue" xlink:to="OperatingLeasesFutureMinimumPaymentsDueInFourYears" xlink:title="calculation: OperatingLeasesFutureMinimumPaymentsDue to OperatingLeasesFutureMinimumPaymentsDueInFourYears" use="optional" order="4.0" weight="1" />
    <link:loc xlink:type="locator" xlink:href="http://xbrl.fasb.org/us-gaap/2012/elts/us-gaap-2012-01-31.xsd#us-gaap_OperatingLeasesFutureMinimumPaymentsDueInFiveYears" xlink:label="OperatingLeasesFutureMinimumPaymentsDueInFiveYears" xlink:title="OperatingLeasesFutureMinimumPaymentsDueInFiveYears" />
    <link:calculationArc xlink:type="arc" xlink:arcrole="http://www.xbrl.org/2003/arcrole/summation-item" xlink:from="OperatingLeasesFutureMinimumPaymentsDue" xlink:to="OperatingLeasesFutureMinimumPaymentsDueInFiveYears" xlink:title="calculation: OperatingLeasesFutureMinimumPaymentsDue to OperatingLeasesFutureMinimumPaymentsDueInFiveYears" use="optional" order="5.0" weight="1" />
    <link:loc xlink:type="locator" xlink:href="http://xbrl.fasb.org/us-gaap/2012/elts/us-gaap-2012-01-31.xsd#us-gaap_OperatingLeasesFutureMinimumPaymentsDueThereafter" xlink:label="OperatingLeasesFutureMinimumPaymentsDueThereafter" xlink:title="OperatingLeasesFutureMinimumPaymentsDueThereafter" />
    <link:calculationArc xlink:type="arc" xlink:arcrole="http://www.xbrl.org/2003/arcrole/summation-item" xlink:from="OperatingLeasesFutureMinimumPaymentsDue" xlink:to="OperatingLeasesFutureMinimumPaymentsDueThereafter" xlink:title="calculation: OperatingLeasesFutureMinimumPaymentsDue to OperatingLeasesFutureMinimumPaymentsDueThereafter" use="optional" order="6.0" weight="1" />
    <link:loc xlink:type="locator" xlink:href="http://xbrl.fasb.org/us-gaap/2012/elts/us-gaap-2012-01-31.xsd#us-gaap_OperatingLeasesFutureMinimumPaymentsDueFutureMinimumSubleaseRentals" xlink:label="OperatingLeasesFutureMinimumPaymentsDueFutureMinimumSubleaseRentals" xlink:title="OperatingLeasesFutureMinimumPaymentsDueFutureMinimumSubleaseRentals" />
    <link:calculationArc xlink:type="arc" xlink:arcrole="http://www.xbrl.org/2003/arcrole/summation-item" xlink:from="OperatingLeasesFutureMinimumPaymentsNet" xlink:to="OperatingLeasesFutureMinimumPaymentsDueFutureMinimumSubleaseRentals" xlink:title="calculation: OperatingLeasesFutureMinimumPaymentsNet to OperatingLeasesFutureMinimumPaymentsDueFutureMinimumSubleaseRentals" use="optional" order="2.0" weight="-1" />
  </link:calculationLink>
</link:linkbase>
