<?xml version="1.0" encoding="US-ASCII" standalone="no"?>
<!--P3XBRL-->
<!--version 4.1.29 -->
<!--http://www.p3xbrl.com-->
<!--produced on 2013-01-31 @ 8:36 AM-->
<link:linkbase xmlns:psti="http://www.pluristem.com/20121231" xmlns:xbrldt="http://xbrl.org/2005/xbrldt" xmlns:xlink="http://www.w3.org/1999/xlink" xmlns:xsi="http://www.w3.org/2001/XMLSchema-instance" xsi:schemaLocation="http://www.xbrl.org/2003/linkbase http://www.xbrl.org/2003/xbrl-linkbase-2003-12-31.xsd" xmlns:link="http://www.xbrl.org/2003/linkbase">
  <link:roleRef roleURI="http://www.pluristem.com/role/ConsolidatedBalanceSheets" xlink:href="psti-20121231.xsd#psti-cbs" xlink:type="simple" />
  <link:roleRef roleURI="http://www.pluristem.com/role/ConsolidatedBalanceSheetsParenthetical" xlink:href="psti-20121231.xsd#psti-cbsp" xlink:type="simple" />
  <link:roleRef roleURI="http://www.pluristem.com/role/CommitmentsAndContingencies" xlink:href="psti-20121231.xsd#psti-cac" xlink:type="simple" />
  <link:roleRef roleURI="http://www.pluristem.com/role/CommitmentsAndContingenciesDetails" xlink:href="psti-20121231.xsd#psti-cacd" xlink:type="simple" />
  <link:roleRef roleURI="http://www.pluristem.com/role/ConsolidatedStatementsOfCashFlows" xlink:href="psti-20121231.xsd#psti-csocf" xlink:type="simple" />
  <link:roleRef roleURI="http://www.pluristem.com/role/ConsolidatedStatementsOfComprehensiveIncomeLoss" xlink:href="psti-20121231.xsd#psti-csocil" xlink:type="simple" />
  <link:roleRef roleURI="http://www.pluristem.com/role/ConsolidatedStatementsOfOperations" xlink:href="psti-20121231.xsd#psti-csoo" xlink:type="simple" />
  <link:roleRef roleURI="http://www.pluristem.com/role/DocumentAndEntityInformation" xlink:href="psti-20121231.xsd#psti-daei" xlink:type="simple" />
  <link:roleRef roleURI="http://www.pluristem.com/role/FairValueOfFinancialInstrumentsDetails" xlink:href="psti-20121231.xsd#psti-fvofid" xlink:type="simple" />
  <link:roleRef roleURI="http://www.pluristem.com/role/FairValueOfFinancialInstruments" xlink:href="psti-20121231.xsd#psti-fvofi" xlink:type="simple" />
  <link:roleRef roleURI="http://www.pluristem.com/role/GeneralDetails" xlink:href="psti-20121231.xsd#psti-gd" xlink:type="simple" />
  <link:roleRef roleURI="http://www.pluristem.com/role/General" xlink:href="psti-20121231.xsd#psti-g" xlink:type="simple" />
  <link:roleRef roleURI="http://www.pluristem.com/role/MarketableSecuritiesDetails" xlink:href="psti-20121231.xsd#psti-msd" xlink:type="simple" />
  <link:roleRef roleURI="http://www.pluristem.com/role/MarketableSecurities" xlink:href="psti-20121231.xsd#psti-ms" xlink:type="simple" />
  <link:roleRef roleURI="http://www.pluristem.com/role/ShareCapitalAndStockOptionsOptionsAndWarrantsToNonemployeesDetails" xlink:href="psti-20121231.xsd#psti-scasooawtnd" xlink:type="simple" />
  <link:roleRef roleURI="http://www.pluristem.com/role/FairValueOfFinancialInstrumentsTables" xlink:href="psti-20121231.xsd#psti-fvofit" xlink:type="simple" />
  <link:roleRef roleURI="http://www.pluristem.com/role/MarketableSecuritiesTables" xlink:href="psti-20121231.xsd#psti-mst" xlink:type="simple" />
  <link:roleRef roleURI="http://www.pluristem.com/role/SignificantAccountingPoliciesPolicy" xlink:href="psti-20121231.xsd#psti-sapp" xlink:type="simple" />
  <link:roleRef roleURI="http://www.pluristem.com/role/ShareCapitalAndStockOptionsRestrictedStockAndRestrictedStockUnitsToConsultantsDetails" xlink:href="psti-20121231.xsd#psti-scasorsarsutcd" xlink:type="simple" />
  <link:roleRef roleURI="http://www.pluristem.com/role/ShareCapitalAndStockOptionsOptionsToEmployeesAndDirectorsDetails" xlink:href="psti-20121231.xsd#psti-scasooteadd" xlink:type="simple" />
  <link:roleRef roleURI="http://www.pluristem.com/role/SignificantAccountingPoliciesDetails" xlink:href="psti-20121231.xsd#psti-sapd" xlink:type="simple" />
  <link:roleRef roleURI="http://www.pluristem.com/role/SignificantAccountingPolicies" xlink:href="psti-20121231.xsd#psti-sap" xlink:type="simple" />
  <link:roleRef roleURI="http://www.pluristem.com/role/StatementsOfChangesInStockholdersEquity" xlink:href="psti-20121231.xsd#psti-socise" xlink:type="simple" />
  <link:roleRef roleURI="http://www.pluristem.com/role/ShareCapitalAndStockOptions" xlink:href="psti-20121231.xsd#psti-scaso" xlink:type="simple" />
  <link:roleRef roleURI="http://www.pluristem.com/role/ShareCapitalAndStockOptionsNarrativeDetails" xlink:href="psti-20121231.xsd#psti-scasond" xlink:type="simple" />
  <link:roleRef roleURI="http://www.pluristem.com/role/ShareCapitalAndStockOptionsTables" xlink:href="psti-20121231.xsd#psti-scasot" xlink:type="simple" />
  <link:roleRef roleURI="http://www.pluristem.com/role/ShareCapitalAndStockOptionsRestrcitedStockAndRestrictedStockUnitsToEmployeesAndDirectorsDetails" xlink:href="psti-20121231.xsd#psti-scasorsarsuteadd" xlink:type="simple" />
  <link:roleRef roleURI="http://www.pluristem.com/role/StatementsOfChangesInEquityParenthetical" xlink:href="psti-20121231.xsd#psti-sociep" xlink:type="simple" />
  <link:roleRef roleURI="http://www.pluristem.com/role/SubsequentEvents" xlink:href="psti-20121231.xsd#psti-se" xlink:type="simple" />
  <link:roleRef roleURI="http://www.pluristem.com/role/MarketableSecuritiesInvestmentsInUnrealizedLossDetails" xlink:href="psti-20121231.xsd#psti-msiiuld" xlink:type="simple" />
  <link:calculationLink xlink:title="002 - Statement - CONSOLIDATED BALANCE SHEETS" xlink:role="http://www.pluristem.com/role/ConsolidatedBalanceSheets" xlink:type="extended">
    <link:loc xlink:label="loc_AssetsNoncurrent.5869.14.6" xlink:href="http://xbrl.fasb.org/us-gaap/2012/elts/us-gaap-2012-01-31.xsd#us-gaap_AssetsNoncurrent" xlink:type="locator" />
    <link:loc xlink:label="loc_DepositsAssetsNoncurrent.8026.14.6" xlink:href="http://xbrl.fasb.org/us-gaap/2012/elts/us-gaap-2012-01-31.xsd#us-gaap_DepositsAssetsNoncurrent" xlink:type="locator" />
    <link:calculationArc xlink:from="loc_AssetsNoncurrent.5869.14.6" xlink:to="loc_DepositsAssetsNoncurrent.8026.14.6" order="1.00" weight="1.00" priority="0" use="optional" xlink:arcrole="http://www.xbrl.org/2003/arcrole/summation-item" xlink:type="arc" />
    <link:loc xlink:label="loc_PropertyPlantAndEquipmentNet.14697.14.6" xlink:href="http://xbrl.fasb.org/us-gaap/2012/elts/us-gaap-2012-01-31.xsd#us-gaap_PropertyPlantAndEquipmentNet" xlink:type="locator" />
    <link:calculationArc xlink:from="loc_AssetsNoncurrent.5869.14.6" xlink:to="loc_PropertyPlantAndEquipmentNet.14697.14.6" order="5.00" weight="1.00" priority="0" use="optional" xlink:arcrole="http://www.xbrl.org/2003/arcrole/summation-item" xlink:type="arc" />
    <link:loc xlink:label="loc_DefinedBenefitPlanAssetsForPlanBenefitsNoncurrent.7957.14.6" xlink:href="http://xbrl.fasb.org/us-gaap/2012/elts/us-gaap-2012-01-31.xsd#us-gaap_DefinedBenefitPlanAssetsForPlanBenefitsNoncurrent" xlink:type="locator" />
    <link:calculationArc xlink:from="loc_AssetsNoncurrent.5869.14.6" xlink:to="loc_DefinedBenefitPlanAssetsForPlanBenefitsNoncurrent.7957.14.6" order="4.00" weight="1.00" priority="0" use="optional" xlink:arcrole="http://www.xbrl.org/2003/arcrole/summation-item" xlink:type="arc" />
    <link:loc xlink:label="loc_OtherLongTermAssets.56225.14.6" xlink:href="psti-20121231.xsd#psti_OtherLongTermAssets" xlink:type="locator" />
    <link:calculationArc xlink:from="loc_AssetsNoncurrent.5869.14.6" xlink:to="loc_OtherLongTermAssets.56225.14.6" order="2.00" weight="1.00" priority="0" use="optional" xlink:arcrole="http://www.xbrl.org/2003/arcrole/summation-item" xlink:type="arc" />
    <link:loc xlink:label="loc_OtherAssetsNoncurrent.13227.14.6" xlink:href="http://xbrl.fasb.org/us-gaap/2012/elts/us-gaap-2012-01-31.xsd#us-gaap_OtherAssetsNoncurrent" xlink:type="locator" />
    <link:calculationArc xlink:from="loc_AssetsNoncurrent.5869.14.6" xlink:to="loc_OtherAssetsNoncurrent.13227.14.6" order="3.00" weight="1.00" priority="0" use="optional" xlink:arcrole="http://www.xbrl.org/2003/arcrole/summation-item" xlink:type="arc" />
    <link:loc xlink:label="loc_AssetsCurrent.5874.14.6" xlink:href="http://xbrl.fasb.org/us-gaap/2012/elts/us-gaap-2012-01-31.xsd#us-gaap_AssetsCurrent" xlink:type="locator" />
    <link:loc xlink:label="loc_CashAndCashEquivalentsAtCarryingValue.6556.14.6" xlink:href="http://xbrl.fasb.org/us-gaap/2012/elts/us-gaap-2012-01-31.xsd#us-gaap_CashAndCashEquivalentsAtCarryingValue" xlink:type="locator" />
    <link:calculationArc xlink:from="loc_AssetsCurrent.5874.14.6" xlink:to="loc_CashAndCashEquivalentsAtCarryingValue.6556.14.6" order="1.00" weight="1.00" priority="0" use="optional" xlink:arcrole="http://www.xbrl.org/2003/arcrole/summation-item" xlink:type="arc" />
    <link:loc xlink:label="loc_ReceivablesNetCurrent.14990.14.6" xlink:href="http://xbrl.fasb.org/us-gaap/2012/elts/us-gaap-2012-01-31.xsd#us-gaap_ReceivablesNetCurrent" xlink:type="locator" />
    <link:calculationArc xlink:from="loc_AssetsCurrent.5874.14.6" xlink:to="loc_ReceivablesNetCurrent.14990.14.6" order="5.00" weight="1.00" priority="0" use="optional" xlink:arcrole="http://www.xbrl.org/2003/arcrole/summation-item" xlink:type="arc" />
    <link:loc xlink:label="loc_MarketableSecuritiesCurrent.12490.14.6" xlink:href="http://xbrl.fasb.org/us-gaap/2012/elts/us-gaap-2012-01-31.xsd#us-gaap_MarketableSecuritiesCurrent" xlink:type="locator" />
    <link:calculationArc xlink:from="loc_AssetsCurrent.5874.14.6" xlink:to="loc_MarketableSecuritiesCurrent.12490.14.6" order="2.50" weight="1.00" priority="0" use="optional" xlink:arcrole="http://www.xbrl.org/2003/arcrole/summation-item" xlink:type="arc" />
    <link:loc xlink:label="loc_ShortTermInvestments.16433.14.6" xlink:href="http://xbrl.fasb.org/us-gaap/2012/elts/us-gaap-2012-01-31.xsd#us-gaap_ShortTermInvestments" xlink:type="locator" />
    <link:calculationArc xlink:from="loc_AssetsCurrent.5874.14.6" xlink:to="loc_ShortTermInvestments.16433.14.6" order="2.00" weight="1.00" priority="0" use="optional" xlink:arcrole="http://www.xbrl.org/2003/arcrole/summation-item" xlink:type="arc" />
    <link:loc xlink:label="loc_Assets.5880.14.6" xlink:href="http://xbrl.fasb.org/us-gaap/2012/elts/us-gaap-2012-01-31.xsd#us-gaap_Assets" xlink:type="locator" />
    <link:calculationArc xlink:from="loc_Assets.5880.14.6" xlink:to="loc_AssetsCurrent.5874.14.6" order="1.00" weight="1.00" priority="0" use="optional" xlink:arcrole="http://www.xbrl.org/2003/arcrole/summation-item" xlink:type="arc" />
    <link:calculationArc xlink:from="loc_Assets.5880.14.6" xlink:to="loc_AssetsNoncurrent.5869.14.6" order="2.00" weight="1.00" priority="0" use="optional" xlink:arcrole="http://www.xbrl.org/2003/arcrole/summation-item" xlink:type="arc" />
    <link:loc xlink:label="loc_LiabilitiesCurrent.11668.14.6" xlink:href="http://xbrl.fasb.org/us-gaap/2012/elts/us-gaap-2012-01-31.xsd#us-gaap_LiabilitiesCurrent" xlink:type="locator" />
    <link:loc xlink:label="loc_AccountsPayableCurrent.5468.14.6" xlink:href="http://xbrl.fasb.org/us-gaap/2012/elts/us-gaap-2012-01-31.xsd#us-gaap_AccountsPayableCurrent" xlink:type="locator" />
    <link:calculationArc xlink:from="loc_LiabilitiesCurrent.11668.14.6" xlink:to="loc_AccountsPayableCurrent.5468.14.6" order="1.00" weight="1.00" priority="0" use="optional" xlink:arcrole="http://www.xbrl.org/2003/arcrole/summation-item" xlink:type="arc" />
    <link:loc xlink:label="loc_AccruedLiabilitiesCurrent.5555.14.6" xlink:href="http://xbrl.fasb.org/us-gaap/2012/elts/us-gaap-2012-01-31.xsd#us-gaap_AccruedLiabilitiesCurrent" xlink:type="locator" />
    <link:calculationArc xlink:from="loc_LiabilitiesCurrent.11668.14.6" xlink:to="loc_AccruedLiabilitiesCurrent.5555.14.6" order="2.00" weight="1.00" priority="0" use="optional" xlink:arcrole="http://www.xbrl.org/2003/arcrole/summation-item" xlink:type="arc" />
    <link:loc xlink:label="loc_AccountsPayableOtherCurrent.5442.14.6" xlink:href="http://xbrl.fasb.org/us-gaap/2012/elts/us-gaap-2012-01-31.xsd#us-gaap_AccountsPayableOtherCurrent" xlink:type="locator" />
    <link:calculationArc xlink:from="loc_LiabilitiesCurrent.11668.14.6" xlink:to="loc_AccountsPayableOtherCurrent.5442.14.6" order="3.00" weight="1.00" priority="0" use="optional" xlink:arcrole="http://www.xbrl.org/2003/arcrole/summation-item" xlink:type="arc" />
    <link:loc xlink:label="loc_DeferredRevenueCurrent.7671.14.6" xlink:href="http://xbrl.fasb.org/us-gaap/2012/elts/us-gaap-2012-01-31.xsd#us-gaap_DeferredRevenueCurrent" xlink:type="locator" />
    <link:calculationArc xlink:from="loc_LiabilitiesCurrent.11668.14.6" xlink:to="loc_DeferredRevenueCurrent.7671.14.6" order="2.50" weight="1.00" priority="0" use="optional" xlink:arcrole="http://www.xbrl.org/2003/arcrole/summation-item" xlink:type="arc" />
    <link:loc xlink:label="loc_CustomerAdvancesCurrent.7291.14.6" xlink:href="http://xbrl.fasb.org/us-gaap/2012/elts/us-gaap-2012-01-31.xsd#us-gaap_CustomerAdvancesCurrent" xlink:type="locator" />
    <link:calculationArc xlink:from="loc_LiabilitiesCurrent.11668.14.6" xlink:to="loc_CustomerAdvancesCurrent.7291.14.6" order="2.75" weight="1.00" priority="0" use="optional" xlink:arcrole="http://www.xbrl.org/2003/arcrole/summation-item" xlink:type="arc" />
    <link:loc xlink:label="loc_LiabilitiesNoncurrent.11699.14.6" xlink:href="http://xbrl.fasb.org/us-gaap/2012/elts/us-gaap-2012-01-31.xsd#us-gaap_LiabilitiesNoncurrent" xlink:type="locator" />
    <link:loc xlink:label="loc_PostemploymentBenefitsLiabilityNoncurrent.14063.14.6" xlink:href="http://xbrl.fasb.org/us-gaap/2012/elts/us-gaap-2012-01-31.xsd#us-gaap_PostemploymentBenefitsLiabilityNoncurrent" xlink:type="locator" />
    <link:calculationArc xlink:from="loc_LiabilitiesNoncurrent.11699.14.6" xlink:to="loc_PostemploymentBenefitsLiabilityNoncurrent.14063.14.6" order="2.00" weight="1.00" priority="0" use="optional" xlink:arcrole="http://www.xbrl.org/2003/arcrole/summation-item" xlink:type="arc" />
    <link:loc xlink:label="loc_DeferredRevenueNoncurrent.7662.14.6" xlink:href="http://xbrl.fasb.org/us-gaap/2012/elts/us-gaap-2012-01-31.xsd#us-gaap_DeferredRevenueNoncurrent" xlink:type="locator" />
    <link:calculationArc xlink:from="loc_LiabilitiesNoncurrent.11699.14.6" xlink:to="loc_DeferredRevenueNoncurrent.7662.14.6" order="1.00" weight="1.00" priority="0" use="optional" xlink:arcrole="http://www.xbrl.org/2003/arcrole/summation-item" xlink:type="arc" />
    <link:loc xlink:label="loc_LiabilitiesAndStockholdersEquity.11731.14.6" xlink:href="http://xbrl.fasb.org/us-gaap/2012/elts/us-gaap-2012-01-31.xsd#us-gaap_LiabilitiesAndStockholdersEquity" xlink:type="locator" />
    <link:calculationArc xlink:from="loc_LiabilitiesAndStockholdersEquity.11731.14.6" xlink:to="loc_LiabilitiesCurrent.11668.14.6" order="1.00" weight="1.00" priority="0" use="optional" xlink:arcrole="http://www.xbrl.org/2003/arcrole/summation-item" xlink:type="arc" />
    <link:calculationArc xlink:from="loc_LiabilitiesAndStockholdersEquity.11731.14.6" xlink:to="loc_LiabilitiesNoncurrent.11699.14.6" order="3.00" weight="1.00" priority="0" use="optional" xlink:arcrole="http://www.xbrl.org/2003/arcrole/summation-item" xlink:type="arc" />
    <link:loc xlink:label="loc_StockholdersEquity.16667.14.6" xlink:href="http://xbrl.fasb.org/us-gaap/2012/elts/us-gaap-2012-01-31.xsd#us-gaap_StockholdersEquity" xlink:type="locator" />
    <link:calculationArc xlink:from="loc_LiabilitiesAndStockholdersEquity.11731.14.6" xlink:to="loc_StockholdersEquity.16667.14.6" order="4.00" weight="1.00" priority="0" use="optional" xlink:arcrole="http://www.xbrl.org/2003/arcrole/summation-item" xlink:type="arc" />
    <link:loc xlink:label="loc_CommitmentsAndContingencies.6842.14.6" xlink:href="http://xbrl.fasb.org/us-gaap/2012/elts/us-gaap-2012-01-31.xsd#us-gaap_CommitmentsAndContingencies" xlink:type="locator" />
    <link:calculationArc xlink:from="loc_LiabilitiesAndStockholdersEquity.11731.14.6" xlink:to="loc_CommitmentsAndContingencies.6842.14.6" order="2.00" weight="1.00" priority="0" use="optional" xlink:arcrole="http://www.xbrl.org/2003/arcrole/summation-item" xlink:type="arc" />
    <link:loc xlink:label="loc_CommonStockValue.6874.14.6" xlink:href="http://xbrl.fasb.org/us-gaap/2012/elts/us-gaap-2012-01-31.xsd#us-gaap_CommonStockValue" xlink:type="locator" />
    <link:calculationArc xlink:from="loc_StockholdersEquity.16667.14.6" xlink:to="loc_CommonStockValue.6874.14.6" order="1.00" weight="1.00" priority="0" use="optional" xlink:arcrole="http://www.xbrl.org/2003/arcrole/summation-item" xlink:type="arc" />
    <link:loc xlink:label="loc_AdditionalPaidInCapital.5620.14.6" xlink:href="http://xbrl.fasb.org/us-gaap/2012/elts/us-gaap-2012-01-31.xsd#us-gaap_AdditionalPaidInCapital" xlink:type="locator" />
    <link:calculationArc xlink:from="loc_StockholdersEquity.16667.14.6" xlink:to="loc_AdditionalPaidInCapital.5620.14.6" order="3.00" weight="1.00" priority="0" use="optional" xlink:arcrole="http://www.xbrl.org/2003/arcrole/summation-item" xlink:type="arc" />
    <link:loc xlink:label="loc_RetainedEarningsAccumulatedDeficit.15457.14.6" xlink:href="http://xbrl.fasb.org/us-gaap/2012/elts/us-gaap-2012-01-31.xsd#us-gaap_RetainedEarningsAccumulatedDeficit" xlink:type="locator" />
    <link:calculationArc xlink:from="loc_StockholdersEquity.16667.14.6" xlink:to="loc_RetainedEarningsAccumulatedDeficit.15457.14.6" order="2.00" weight="1.00" priority="0" use="optional" xlink:arcrole="http://www.xbrl.org/2003/arcrole/summation-item" xlink:type="arc" />
    <link:loc xlink:label="loc_AccumulatedOtherComprehensiveIncomeLossNetOfTax.5602.14.6" xlink:href="http://xbrl.fasb.org/us-gaap/2012/elts/us-gaap-2012-01-31.xsd#us-gaap_AccumulatedOtherComprehensiveIncomeLossNetOfTax" xlink:type="locator" />
    <link:calculationArc xlink:from="loc_StockholdersEquity.16667.14.6" xlink:to="loc_AccumulatedOtherComprehensiveIncomeLossNetOfTax.5602.14.6" order="4.00" weight="1.00" priority="0" use="optional" xlink:arcrole="http://www.xbrl.org/2003/arcrole/summation-item" xlink:type="arc" />
  </link:calculationLink>
  <link:calculationLink xlink:title="008 - Statement - CONSOLIDATED STATEMENTS OF CASH FLOWS" xlink:role="http://www.pluristem.com/role/ConsolidatedStatementsOfCashFlows" xlink:type="extended">
    <link:loc xlink:label="loc_CashAndCashEquivalentsPeriodIncreaseDecrease.6589.14.6" xlink:href="http://xbrl.fasb.org/us-gaap/2012/elts/us-gaap-2012-01-31.xsd#us-gaap_CashAndCashEquivalentsPeriodIncreaseDecrease" xlink:type="locator" />
    <link:loc xlink:label="loc_NetCashProvidedByUsedInOperatingActivities.12778.14.6" xlink:href="http://xbrl.fasb.org/us-gaap/2012/elts/us-gaap-2012-01-31.xsd#us-gaap_NetCashProvidedByUsedInOperatingActivities" xlink:type="locator" />
    <link:calculationArc xlink:from="loc_CashAndCashEquivalentsPeriodIncreaseDecrease.6589.14.6" xlink:to="loc_NetCashProvidedByUsedInOperatingActivities.12778.14.6" order="1.00" weight="1.00" priority="0" use="optional" xlink:arcrole="http://www.xbrl.org/2003/arcrole/summation-item" xlink:type="arc" />
    <link:loc xlink:label="loc_NetCashProvidedByUsedInInvestingActivities.12731.14.6" xlink:href="http://xbrl.fasb.org/us-gaap/2012/elts/us-gaap-2012-01-31.xsd#us-gaap_NetCashProvidedByUsedInInvestingActivities" xlink:type="locator" />
    <link:calculationArc xlink:from="loc_CashAndCashEquivalentsPeriodIncreaseDecrease.6589.14.6" xlink:to="loc_NetCashProvidedByUsedInInvestingActivities.12731.14.6" order="2.00" weight="1.00" priority="0" use="optional" xlink:arcrole="http://www.xbrl.org/2003/arcrole/summation-item" xlink:type="arc" />
    <link:loc xlink:label="loc_NetCashProvidedByUsedInFinancingActivities.12740.14.6" xlink:href="http://xbrl.fasb.org/us-gaap/2012/elts/us-gaap-2012-01-31.xsd#us-gaap_NetCashProvidedByUsedInFinancingActivities" xlink:type="locator" />
    <link:calculationArc xlink:from="loc_CashAndCashEquivalentsPeriodIncreaseDecrease.6589.14.6" xlink:to="loc_NetCashProvidedByUsedInFinancingActivities.12740.14.6" order="3.00" weight="1.00" priority="0" use="optional" xlink:arcrole="http://www.xbrl.org/2003/arcrole/summation-item" xlink:type="arc" />
    <link:loc xlink:label="loc_IncreaseDecreaseInTimeDeposits.10994.14.6" xlink:href="http://xbrl.fasb.org/us-gaap/2012/elts/us-gaap-2012-01-31.xsd#us-gaap_IncreaseDecreaseInTimeDeposits" xlink:type="locator" />
    <link:calculationArc xlink:from="loc_NetCashProvidedByUsedInInvestingActivities.12731.14.6" xlink:to="loc_IncreaseDecreaseInTimeDeposits.10994.14.6" order="5.00" weight="1.00" priority="0" use="optional" xlink:arcrole="http://www.xbrl.org/2003/arcrole/summation-item" xlink:type="arc" />
    <link:loc xlink:label="loc_ProceedsFromSaleOfRestrictedInvestments.14558.14.6" xlink:href="http://xbrl.fasb.org/us-gaap/2012/elts/us-gaap-2012-01-31.xsd#us-gaap_ProceedsFromSaleOfRestrictedInvestments" xlink:type="locator" />
    <link:calculationArc xlink:from="loc_NetCashProvidedByUsedInInvestingActivities.12731.14.6" xlink:to="loc_ProceedsFromSaleOfRestrictedInvestments.14558.14.6" order="6.00" weight="1.00" priority="0" use="optional" xlink:arcrole="http://www.xbrl.org/2003/arcrole/summation-item" xlink:type="arc" />
    <link:loc xlink:label="loc_ProceedsFromMaturitiesPrepaymentsAndCallsOfAvailableForSaleSecurities.14481.14.6" xlink:href="http://xbrl.fasb.org/us-gaap/2012/elts/us-gaap-2012-01-31.xsd#us-gaap_ProceedsFromMaturitiesPrepaymentsAndCallsOfAvailableForSaleSecurities" xlink:type="locator" />
    <link:calculationArc xlink:from="loc_NetCashProvidedByUsedInInvestingActivities.12731.14.6" xlink:to="loc_ProceedsFromMaturitiesPrepaymentsAndCallsOfAvailableForSaleSecurities.14481.14.6" order="7.00" weight="1.00" priority="0" use="optional" xlink:arcrole="http://www.xbrl.org/2003/arcrole/summation-item" xlink:type="arc" />
    <link:loc xlink:label="loc_PaymentsToAcquirePropertyPlantAndEquipment.13779.14.6" xlink:href="http://xbrl.fasb.org/us-gaap/2012/elts/us-gaap-2012-01-31.xsd#us-gaap_PaymentsToAcquirePropertyPlantAndEquipment" xlink:type="locator" />
    <link:calculationArc xlink:from="loc_NetCashProvidedByUsedInInvestingActivities.12731.14.6" xlink:to="loc_PaymentsToAcquirePropertyPlantAndEquipment.13779.14.6" order="1.00" weight="-1.00" priority="0" use="optional" xlink:arcrole="http://www.xbrl.org/2003/arcrole/summation-item" xlink:type="arc" />
    <link:loc xlink:label="loc_ReceiptsFromTimeDeposits.56237.14.6" xlink:href="psti-20121231.xsd#psti_ReceiptsFromTimeDeposits" xlink:type="locator" />
    <link:calculationArc xlink:from="loc_NetCashProvidedByUsedInInvestingActivities.12731.14.6" xlink:to="loc_ReceiptsFromTimeDeposits.56237.14.6" order="2.00" weight="-1.00" priority="0" use="optional" xlink:arcrole="http://www.xbrl.org/2003/arcrole/summation-item" xlink:type="arc" />
    <link:loc xlink:label="loc_PaymentsForProceedsFromOtherInvestingActivities.13667.14.6" xlink:href="http://xbrl.fasb.org/us-gaap/2012/elts/us-gaap-2012-01-31.xsd#us-gaap_PaymentsForProceedsFromOtherInvestingActivities" xlink:type="locator" />
    <link:calculationArc xlink:from="loc_NetCashProvidedByUsedInInvestingActivities.12731.14.6" xlink:to="loc_PaymentsForProceedsFromOtherInvestingActivities.13667.14.6" order="3.00" weight="-1.00" priority="0" use="optional" xlink:arcrole="http://www.xbrl.org/2003/arcrole/summation-item" xlink:type="arc" />
    <link:loc xlink:label="loc_PaymentsToAcquireAvailableForSaleSecuritiesEquity.13826.14.6" xlink:href="http://xbrl.fasb.org/us-gaap/2012/elts/us-gaap-2012-01-31.xsd#us-gaap_PaymentsToAcquireAvailableForSaleSecuritiesEquity" xlink:type="locator" />
    <link:calculationArc xlink:from="loc_NetCashProvidedByUsedInInvestingActivities.12731.14.6" xlink:to="loc_PaymentsToAcquireAvailableForSaleSecuritiesEquity.13826.14.6" order="4.00" weight="-1.00" priority="0" use="optional" xlink:arcrole="http://www.xbrl.org/2003/arcrole/summation-item" xlink:type="arc" />
    <link:loc xlink:label="loc_ProceedsFromIssuanceOfCommonStock.14449.14.6" xlink:href="http://xbrl.fasb.org/us-gaap/2012/elts/us-gaap-2012-01-31.xsd#us-gaap_ProceedsFromIssuanceOfCommonStock" xlink:type="locator" />
    <link:calculationArc xlink:from="loc_NetCashProvidedByUsedInFinancingActivities.12740.14.6" xlink:to="loc_ProceedsFromIssuanceOfCommonStock.14449.14.6" order="1.00" weight="1.00" priority="0" use="optional" xlink:arcrole="http://www.xbrl.org/2003/arcrole/summation-item" xlink:type="arc" />
    <link:loc xlink:label="loc_ProceedsFromIssuanceOfSharesUnderIncentiveAndShareBasedCompensationPlansIncludingStockOptions.14518.14.6" xlink:href="http://xbrl.fasb.org/us-gaap/2012/elts/us-gaap-2012-01-31.xsd#us-gaap_ProceedsFromIssuanceOfSharesUnderIncentiveAndShareBasedCompensationPlansIncludingStockOptions" xlink:type="locator" />
    <link:calculationArc xlink:from="loc_NetCashProvidedByUsedInFinancingActivities.12740.14.6" xlink:to="loc_ProceedsFromIssuanceOfSharesUnderIncentiveAndShareBasedCompensationPlansIncludingStockOptions.14518.14.6" order="2.00" weight="1.00" priority="0" use="optional" xlink:arcrole="http://www.xbrl.org/2003/arcrole/summation-item" xlink:type="arc" />
    <link:loc xlink:label="loc_NetIncomeLoss.12771.14.6" xlink:href="http://xbrl.fasb.org/us-gaap/2012/elts/us-gaap-2012-01-31.xsd#us-gaap_NetIncomeLoss" xlink:type="locator" />
    <link:calculationArc xlink:from="loc_NetCashProvidedByUsedInOperatingActivities.12778.14.6" xlink:to="loc_NetIncomeLoss.12771.14.6" order="1.00" weight="1.00" priority="0" use="optional" xlink:arcrole="http://www.xbrl.org/2003/arcrole/summation-item" xlink:type="arc" />
    <link:loc xlink:label="loc_Depreciation.8049.14.6" xlink:href="http://xbrl.fasb.org/us-gaap/2012/elts/us-gaap-2012-01-31.xsd#us-gaap_Depreciation" xlink:type="locator" />
    <link:calculationArc xlink:from="loc_NetCashProvidedByUsedInOperatingActivities.12778.14.6" xlink:to="loc_Depreciation.8049.14.6" order="10.00" weight="1.00" priority="0" use="optional" xlink:arcrole="http://www.xbrl.org/2003/arcrole/summation-item" xlink:type="arc" />
    <link:loc xlink:label="loc_IncreaseDecreaseInAccountsPayable.10805.14.6" xlink:href="http://xbrl.fasb.org/us-gaap/2012/elts/us-gaap-2012-01-31.xsd#us-gaap_IncreaseDecreaseInAccountsPayable" xlink:type="locator" />
    <link:calculationArc xlink:from="loc_NetCashProvidedByUsedInOperatingActivities.12778.14.6" xlink:to="loc_IncreaseDecreaseInAccountsPayable.10805.14.6" order="13.00" weight="1.00" priority="0" use="optional" xlink:arcrole="http://www.xbrl.org/2003/arcrole/summation-item" xlink:type="arc" />
    <link:loc xlink:label="loc_IncreaseDecreaseInAccountsPayableAndAccruedLiabilities.10871.14.6" xlink:href="http://xbrl.fasb.org/us-gaap/2012/elts/us-gaap-2012-01-31.xsd#us-gaap_IncreaseDecreaseInAccountsPayableAndAccruedLiabilities" xlink:type="locator" />
    <link:calculationArc xlink:from="loc_NetCashProvidedByUsedInOperatingActivities.12778.14.6" xlink:to="loc_IncreaseDecreaseInAccountsPayableAndAccruedLiabilities.10871.14.6" order="15.00" weight="1.00" priority="0" use="optional" xlink:arcrole="http://www.xbrl.org/2003/arcrole/summation-item" xlink:type="arc" />
    <link:loc xlink:label="loc_IncreaseDecreaseInPensionAndPostretirementObligations.10968.14.6" xlink:href="http://xbrl.fasb.org/us-gaap/2012/elts/us-gaap-2012-01-31.xsd#us-gaap_IncreaseDecreaseInPensionAndPostretirementObligations" xlink:type="locator" />
    <link:calculationArc xlink:from="loc_NetCashProvidedByUsedInOperatingActivities.12778.14.6" xlink:to="loc_IncreaseDecreaseInPensionAndPostretirementObligations.10968.14.6" order="16.00" weight="1.00" priority="0" use="optional" xlink:arcrole="http://www.xbrl.org/2003/arcrole/summation-item" xlink:type="arc" />
    <link:loc xlink:label="loc_IssuanceOfStockAndWarrantsForServicesOrClaims.11556.14.6" xlink:href="http://xbrl.fasb.org/us-gaap/2012/elts/us-gaap-2012-01-31.xsd#us-gaap_IssuanceOfStockAndWarrantsForServicesOrClaims" xlink:type="locator" />
    <link:calculationArc xlink:from="loc_NetCashProvidedByUsedInOperatingActivities.12778.14.6" xlink:to="loc_IssuanceOfStockAndWarrantsForServicesOrClaims.11556.14.6" order="7.00" weight="1.00" priority="0" use="optional" xlink:arcrole="http://www.xbrl.org/2003/arcrole/summation-item" xlink:type="arc" />
    <link:loc xlink:label="loc_AmortizationOfDiscountAndPremiumAndChangesInAccruedInterestFromMarketableSecurities.56172.14.6" xlink:href="psti-20121231.xsd#psti_AmortizationOfDiscountAndPremiumAndChangesInAccruedInterestFromMarketableSecurities" xlink:type="locator" />
    <link:calculationArc xlink:from="loc_NetCashProvidedByUsedInOperatingActivities.12778.14.6" xlink:to="loc_AmortizationOfDiscountAndPremiumAndChangesInAccruedInterestFromMarketableSecurities.56172.14.6" order="14.00" weight="1.00" priority="0" use="optional" xlink:arcrole="http://www.xbrl.org/2003/arcrole/summation-item" xlink:type="arc" />
    <link:loc xlink:label="loc_ShareBasedCompensationToEmployeesDirectorsAndNonEmployees.56251.14.6" xlink:href="psti-20121231.xsd#psti_ShareBasedCompensationToEmployeesDirectorsAndNonEmployees" xlink:type="locator" />
    <link:calculationArc xlink:from="loc_NetCashProvidedByUsedInOperatingActivities.12778.14.6" xlink:to="loc_ShareBasedCompensationToEmployeesDirectorsAndNonEmployees.56251.14.6" order="9.00" weight="1.00" priority="0" use="optional" xlink:arcrole="http://www.xbrl.org/2003/arcrole/summation-item" xlink:type="arc" />
    <link:loc xlink:label="loc_IncreaseDecreaseInDeferredRevenue.10850.14.6" xlink:href="http://xbrl.fasb.org/us-gaap/2012/elts/us-gaap-2012-01-31.xsd#us-gaap_IncreaseDecreaseInDeferredRevenue" xlink:type="locator" />
    <link:calculationArc xlink:from="loc_NetCashProvidedByUsedInOperatingActivities.12778.14.6" xlink:to="loc_IncreaseDecreaseInDeferredRevenue.10850.14.6" order="11.00" weight="1.00" priority="0" use="optional" xlink:arcrole="http://www.xbrl.org/2003/arcrole/summation-item" xlink:type="arc" />
    <link:loc xlink:label="loc_IncreaseDecreaseInCustomerAdvances.10861.14.6" xlink:href="http://xbrl.fasb.org/us-gaap/2012/elts/us-gaap-2012-01-31.xsd#us-gaap_IncreaseDecreaseInCustomerAdvances" xlink:type="locator" />
    <link:calculationArc xlink:from="loc_NetCashProvidedByUsedInOperatingActivities.12778.14.6" xlink:to="loc_IncreaseDecreaseInCustomerAdvances.10861.14.6" order="12.00" weight="1.00" priority="0" use="optional" xlink:arcrole="http://www.xbrl.org/2003/arcrole/summation-item" xlink:type="arc" />
    <link:loc xlink:label="loc_LinkageDifferencesAndInterestOnShortAndLongTermRestrictedLeaseDeposit.56214.14.6" xlink:href="psti-20121231.xsd#psti_LinkageDifferencesAndInterestOnShortAndLongTermRestrictedLeaseDeposit" xlink:type="locator" />
    <link:calculationArc xlink:from="loc_NetCashProvidedByUsedInOperatingActivities.12778.14.6" xlink:to="loc_LinkageDifferencesAndInterestOnShortAndLongTermRestrictedLeaseDeposit.56214.14.6" order="6.00" weight="1.00" priority="0" use="optional" xlink:arcrole="http://www.xbrl.org/2003/arcrole/summation-item" xlink:type="arc" />
    <link:loc xlink:label="loc_GainLossOnSaleOfPropertyPlantEquipment.10196.14.6" xlink:href="http://xbrl.fasb.org/us-gaap/2012/elts/us-gaap-2012-01-31.xsd#us-gaap_GainLossOnSaleOfPropertyPlantEquipment" xlink:type="locator" />
    <link:calculationArc xlink:from="loc_NetCashProvidedByUsedInOperatingActivities.12778.14.6" xlink:to="loc_GainLossOnSaleOfPropertyPlantEquipment.10196.14.6" order="2.00" weight="-1.00" priority="0" use="optional" xlink:arcrole="http://www.xbrl.org/2003/arcrole/summation-item" xlink:type="arc" />
    <link:loc xlink:label="loc_IncreaseDecreaseInOtherReceivables.10908.14.6" xlink:href="http://xbrl.fasb.org/us-gaap/2012/elts/us-gaap-2012-01-31.xsd#us-gaap_IncreaseDecreaseInOtherReceivables" xlink:type="locator" />
    <link:calculationArc xlink:from="loc_NetCashProvidedByUsedInOperatingActivities.12778.14.6" xlink:to="loc_IncreaseDecreaseInOtherReceivables.10908.14.6" order="3.00" weight="-1.00" priority="0" use="optional" xlink:arcrole="http://www.xbrl.org/2003/arcrole/summation-item" xlink:type="arc" />
    <link:loc xlink:label="loc_IncreaseDecreaseInPrepaidDeferredExpenseAndOtherAssets.10932.14.6" xlink:href="http://xbrl.fasb.org/us-gaap/2012/elts/us-gaap-2012-01-31.xsd#us-gaap_IncreaseDecreaseInPrepaidDeferredExpenseAndOtherAssets" xlink:type="locator" />
    <link:calculationArc xlink:from="loc_NetCashProvidedByUsedInOperatingActivities.12778.14.6" xlink:to="loc_IncreaseDecreaseInPrepaidDeferredExpenseAndOtherAssets.10932.14.6" order="4.00" weight="-1.00" priority="0" use="optional" xlink:arcrole="http://www.xbrl.org/2003/arcrole/summation-item" xlink:type="arc" />
    <link:loc xlink:label="loc_MarketableSecuritiesRealizedGainLoss.12489.14.6" xlink:href="http://xbrl.fasb.org/us-gaap/2012/elts/us-gaap-2012-01-31.xsd#us-gaap_MarketableSecuritiesRealizedGainLoss" xlink:type="locator" />
    <link:calculationArc xlink:from="loc_NetCashProvidedByUsedInOperatingActivities.12778.14.6" xlink:to="loc_MarketableSecuritiesRealizedGainLoss.12489.14.6" order="5.00" weight="-1.00" priority="0" use="optional" xlink:arcrole="http://www.xbrl.org/2003/arcrole/summation-item" xlink:type="arc" />
    <link:loc xlink:label="loc_OtherSupplementalDisclosureCashFlow.56226.14.6" xlink:href="psti-20121231.xsd#psti_OtherSupplementalDisclosureCashFlow" xlink:type="locator" />
    <link:loc xlink:label="loc_WorkingCapitalExcludingCashAndCashEquivalents.56286.14.6" xlink:href="psti-20121231.xsd#psti_WorkingCapitalExcludingCashAndCashEquivalents" xlink:type="locator" />
    <link:calculationArc xlink:from="loc_OtherSupplementalDisclosureCashFlow.56226.14.6" xlink:to="loc_WorkingCapitalExcludingCashAndCashEquivalents.56286.14.6" order="1.00" weight="1.00" priority="0" use="optional" xlink:arcrole="http://www.xbrl.org/2003/arcrole/summation-item" xlink:type="arc" />
    <link:loc xlink:label="loc_LongTermRestrictedLeaseDeposit.56217.14.6" xlink:href="psti-20121231.xsd#psti_LongTermRestrictedLeaseDeposit" xlink:type="locator" />
    <link:calculationArc xlink:from="loc_OtherSupplementalDisclosureCashFlow.56226.14.6" xlink:to="loc_LongTermRestrictedLeaseDeposit.56217.14.6" order="2.00" weight="1.00" priority="0" use="optional" xlink:arcrole="http://www.xbrl.org/2003/arcrole/summation-item" xlink:type="arc" />
    <link:loc xlink:label="loc_PropertyPlantAndEquipmentAdditions.14682.14.6" xlink:href="http://xbrl.fasb.org/us-gaap/2012/elts/us-gaap-2012-01-31.xsd#us-gaap_PropertyPlantAndEquipmentAdditions" xlink:type="locator" />
    <link:calculationArc xlink:from="loc_OtherSupplementalDisclosureCashFlow.56226.14.6" xlink:to="loc_PropertyPlantAndEquipmentAdditions.14682.14.6" order="3.00" weight="1.00" priority="0" use="optional" xlink:arcrole="http://www.xbrl.org/2003/arcrole/summation-item" xlink:type="arc" />
    <link:loc xlink:label="loc_ResearchAndDevelopmentInProcess.15307.14.6" xlink:href="http://xbrl.fasb.org/us-gaap/2012/elts/us-gaap-2012-01-31.xsd#us-gaap_ResearchAndDevelopmentInProcess" xlink:type="locator" />
    <link:calculationArc xlink:from="loc_OtherSupplementalDisclosureCashFlow.56226.14.6" xlink:to="loc_ResearchAndDevelopmentInProcess.15307.14.6" order="4.00" weight="1.00" priority="0" use="optional" xlink:arcrole="http://www.xbrl.org/2003/arcrole/summation-item" xlink:type="arc" />
  </link:calculationLink>
  <link:calculationLink xlink:title="005 - Statement - CONSOLIDATED STATEMENTS OF COMPREHENSIVE INCOME (LOSS)" xlink:role="http://www.pluristem.com/role/ConsolidatedStatementsOfComprehensiveIncomeLoss" xlink:type="extended">
    <link:loc xlink:label="loc_ComprehensiveIncomeNetOfTax.6913.14.6" xlink:href="http://xbrl.fasb.org/us-gaap/2012/elts/us-gaap-2012-01-31.xsd#us-gaap_ComprehensiveIncomeNetOfTax" xlink:type="locator" />
    <link:loc xlink:label="loc_OtherComprehensiveIncomeAvailableforsaleSecuritiesAdjustmentNetOfTaxPortionAttributableToParent.13573.14.6" xlink:href="http://xbrl.fasb.org/us-gaap/2012/elts/us-gaap-2012-01-31.xsd#us-gaap_OtherComprehensiveIncomeAvailableforsaleSecuritiesAdjustmentNetOfTaxPortionAttributableToParent" xlink:type="locator" />
    <link:calculationArc xlink:from="loc_ComprehensiveIncomeNetOfTax.6913.14.6" xlink:to="loc_OtherComprehensiveIncomeAvailableforsaleSecuritiesAdjustmentNetOfTaxPortionAttributableToParent.13573.14.6" order="1.00" weight="1.00" priority="0" use="optional" xlink:arcrole="http://www.xbrl.org/2003/arcrole/summation-item" xlink:type="arc" />
    <link:loc xlink:label="loc_NetIncomeLoss.12771.14.6" xlink:href="http://xbrl.fasb.org/us-gaap/2012/elts/us-gaap-2012-01-31.xsd#us-gaap_NetIncomeLoss" xlink:type="locator" />
    <link:calculationArc xlink:from="loc_ComprehensiveIncomeNetOfTax.6913.14.6" xlink:to="loc_NetIncomeLoss.12771.14.6" order="2.00" weight="1.00" priority="0" use="optional" xlink:arcrole="http://www.xbrl.org/2003/arcrole/summation-item" xlink:type="arc" />
  </link:calculationLink>
  <link:calculationLink xlink:title="004 - Statement - CONSOLIDATED STATEMENTS OF OPERATIONS" xlink:role="http://www.pluristem.com/role/ConsolidatedStatementsOfOperations" xlink:type="extended">
    <link:loc xlink:label="loc_GrossProfit.10358.14.6" xlink:href="http://xbrl.fasb.org/us-gaap/2012/elts/us-gaap-2012-01-31.xsd#us-gaap_GrossProfit" xlink:type="locator" />
    <link:loc xlink:label="loc_Revenues.15575.14.6" xlink:href="http://xbrl.fasb.org/us-gaap/2012/elts/us-gaap-2012-01-31.xsd#us-gaap_Revenues" xlink:type="locator" />
    <link:calculationArc xlink:from="loc_GrossProfit.10358.14.6" xlink:to="loc_Revenues.15575.14.6" order="1.00" weight="1.00" priority="0" use="optional" xlink:arcrole="http://www.xbrl.org/2003/arcrole/summation-item" xlink:type="arc" />
    <link:loc xlink:label="loc_CostOfRevenue.7176.14.6" xlink:href="http://xbrl.fasb.org/us-gaap/2012/elts/us-gaap-2012-01-31.xsd#us-gaap_CostOfRevenue" xlink:type="locator" />
    <link:calculationArc xlink:from="loc_GrossProfit.10358.14.6" xlink:to="loc_CostOfRevenue.7176.14.6" order="2.00" weight="-1.00" priority="0" use="optional" xlink:arcrole="http://www.xbrl.org/2003/arcrole/summation-item" xlink:type="arc" />
    <link:loc xlink:label="loc_NetIncomeLoss.12771.14.6" xlink:href="http://xbrl.fasb.org/us-gaap/2012/elts/us-gaap-2012-01-31.xsd#us-gaap_NetIncomeLoss" xlink:type="locator" />
    <link:loc xlink:label="loc_OperatingIncomeLoss.13080.14.6" xlink:href="http://xbrl.fasb.org/us-gaap/2012/elts/us-gaap-2012-01-31.xsd#us-gaap_OperatingIncomeLoss" xlink:type="locator" />
    <link:calculationArc xlink:from="loc_NetIncomeLoss.12771.14.6" xlink:to="loc_OperatingIncomeLoss.13080.14.6" order="1.00" weight="1.00" priority="0" use="optional" xlink:arcrole="http://www.xbrl.org/2003/arcrole/summation-item" xlink:type="arc" />
    <link:loc xlink:label="loc_FinancialIncomeExpenseNet.56195.14.6" xlink:href="psti-20121231.xsd#psti_FinancialIncomeExpenseNet" xlink:type="locator" />
    <link:calculationArc xlink:from="loc_NetIncomeLoss.12771.14.6" xlink:to="loc_FinancialIncomeExpenseNet.56195.14.6" order="2.00" weight="1.00" priority="0" use="optional" xlink:arcrole="http://www.xbrl.org/2003/arcrole/summation-item" xlink:type="arc" />
    <link:loc xlink:label="loc_GeneralAndAdministrativeExpense.10284.14.6" xlink:href="http://xbrl.fasb.org/us-gaap/2012/elts/us-gaap-2012-01-31.xsd#us-gaap_GeneralAndAdministrativeExpense" xlink:type="locator" />
    <link:calculationArc xlink:from="loc_OperatingIncomeLoss.13080.14.6" xlink:to="loc_GeneralAndAdministrativeExpense.10284.14.6" order="2.00" weight="-1.00" priority="0" use="optional" xlink:arcrole="http://www.xbrl.org/2003/arcrole/summation-item" xlink:type="arc" />
    <link:loc xlink:label="loc_ResearchAndDevelopmentExpensesNet.56240.14.6" xlink:href="psti-20121231.xsd#psti_ResearchAndDevelopmentExpensesNet" xlink:type="locator" />
    <link:calculationArc xlink:from="loc_OperatingIncomeLoss.13080.14.6" xlink:to="loc_ResearchAndDevelopmentExpensesNet.56240.14.6" order="3.00" weight="-1.00" priority="0" use="optional" xlink:arcrole="http://www.xbrl.org/2003/arcrole/summation-item" xlink:type="arc" />
    <link:calculationArc xlink:from="loc_OperatingIncomeLoss.13080.14.6" xlink:to="loc_GrossProfit.10358.14.6" order="1.00" weight="1.00" priority="0" use="optional" xlink:arcrole="http://www.xbrl.org/2003/arcrole/summation-item" xlink:type="arc" />
    <link:loc xlink:label="loc_ResearchAndDevelopmentExpense.15293.14.6" xlink:href="http://xbrl.fasb.org/us-gaap/2012/elts/us-gaap-2012-01-31.xsd#us-gaap_ResearchAndDevelopmentExpense" xlink:type="locator" />
    <link:calculationArc xlink:from="loc_ResearchAndDevelopmentExpensesNet.56240.14.6" xlink:to="loc_ResearchAndDevelopmentExpense.15293.14.6" order="1.00" weight="1.00" priority="0" use="optional" xlink:arcrole="http://www.xbrl.org/2003/arcrole/summation-item" xlink:type="arc" />
    <link:loc xlink:label="loc_ParticipationByOfficeOfChiefScientistAndOtherParties.56228.14.6" xlink:href="psti-20121231.xsd#psti_ParticipationByOfficeOfChiefScientistAndOtherParties" xlink:type="locator" />
    <link:calculationArc xlink:from="loc_ResearchAndDevelopmentExpensesNet.56240.14.6" xlink:to="loc_ParticipationByOfficeOfChiefScientistAndOtherParties.56228.14.6" order="2.00" weight="-1.00" priority="0" use="optional" xlink:arcrole="http://www.xbrl.org/2003/arcrole/summation-item" xlink:type="arc" />
  </link:calculationLink>
  <link:calculationLink xlink:title="40301 - Disclosure - MARKETABLE SECURITIES (Details)" xlink:role="http://www.pluristem.com/role/MarketableSecuritiesDetails" xlink:type="extended">
    <link:loc xlink:label="loc_AvailableForSaleSecuritiesFairValueDisclosure.5956.14.6" xlink:href="http://xbrl.fasb.org/us-gaap/2012/elts/us-gaap-2012-01-31.xsd#us-gaap_AvailableForSaleSecuritiesFairValueDisclosure" xlink:type="locator" />
    <link:loc xlink:label="loc_AvailableForSaleSecuritiesDebtMaturitiesWithinOneYearFairValue.5960.14.6" xlink:href="http://xbrl.fasb.org/us-gaap/2012/elts/us-gaap-2012-01-31.xsd#us-gaap_AvailableForSaleSecuritiesDebtMaturitiesWithinOneYearFairValue" xlink:type="locator" />
    <link:calculationArc xlink:from="loc_AvailableForSaleSecuritiesFairValueDisclosure.5956.14.6" xlink:to="loc_AvailableForSaleSecuritiesDebtMaturitiesWithinOneYearFairValue.5960.14.6" order="1.00" weight="1.00" priority="0" use="optional" xlink:arcrole="http://www.xbrl.org/2003/arcrole/summation-item" xlink:type="arc" />
    <link:loc xlink:label="loc_AvailableForSaleSecuritiesDebtMaturitiesAfterOneThroughFiveYearsFairValue.5959.14.6" xlink:href="http://xbrl.fasb.org/us-gaap/2012/elts/us-gaap-2012-01-31.xsd#us-gaap_AvailableForSaleSecuritiesDebtMaturitiesAfterOneThroughFiveYearsFairValue" xlink:type="locator" />
    <link:calculationArc xlink:from="loc_AvailableForSaleSecuritiesFairValueDisclosure.5956.14.6" xlink:to="loc_AvailableForSaleSecuritiesDebtMaturitiesAfterOneThroughFiveYearsFairValue.5959.14.6" order="2.00" weight="1.00" priority="0" use="optional" xlink:arcrole="http://www.xbrl.org/2003/arcrole/summation-item" xlink:type="arc" />
    <link:loc xlink:label="loc_AvailableForSaleSecuritiesDebtMaturitiesAfterFiveThroughTenYearsFairValue.5980.14.6" xlink:href="http://xbrl.fasb.org/us-gaap/2012/elts/us-gaap-2012-01-31.xsd#us-gaap_AvailableForSaleSecuritiesDebtMaturitiesAfterFiveThroughTenYearsFairValue" xlink:type="locator" />
    <link:calculationArc xlink:from="loc_AvailableForSaleSecuritiesFairValueDisclosure.5956.14.6" xlink:to="loc_AvailableForSaleSecuritiesDebtMaturitiesAfterFiveThroughTenYearsFairValue.5980.14.6" order="3.00" weight="1.00" priority="0" use="optional" xlink:arcrole="http://www.xbrl.org/2003/arcrole/summation-item" xlink:type="arc" />
    <link:loc xlink:label="loc_AvailableForSaleSecuritiesDebtMaturitiesAmortizedCost.5993.14.6" xlink:href="http://xbrl.fasb.org/us-gaap/2012/elts/us-gaap-2012-01-31.xsd#us-gaap_AvailableForSaleSecuritiesDebtMaturitiesAmortizedCost" xlink:type="locator" />
    <link:loc xlink:label="loc_AvailableForSaleSecuritiesDebtMaturitiesWithinOneYearAmortizedCost.5971.14.6" xlink:href="http://xbrl.fasb.org/us-gaap/2012/elts/us-gaap-2012-01-31.xsd#us-gaap_AvailableForSaleSecuritiesDebtMaturitiesWithinOneYearAmortizedCost" xlink:type="locator" />
    <link:calculationArc xlink:from="loc_AvailableForSaleSecuritiesDebtMaturitiesAmortizedCost.5993.14.6" xlink:to="loc_AvailableForSaleSecuritiesDebtMaturitiesWithinOneYearAmortizedCost.5971.14.6" order="1.00" weight="1.00" priority="0" use="optional" xlink:arcrole="http://www.xbrl.org/2003/arcrole/summation-item" xlink:type="arc" />
    <link:loc xlink:label="loc_AvailableForSaleSecuritiesDebtMaturitiesAfterOneThroughFiveYearsAmortizedCost.5999.14.6" xlink:href="http://xbrl.fasb.org/us-gaap/2012/elts/us-gaap-2012-01-31.xsd#us-gaap_AvailableForSaleSecuritiesDebtMaturitiesAfterOneThroughFiveYearsAmortizedCost" xlink:type="locator" />
    <link:calculationArc xlink:from="loc_AvailableForSaleSecuritiesDebtMaturitiesAmortizedCost.5993.14.6" xlink:to="loc_AvailableForSaleSecuritiesDebtMaturitiesAfterOneThroughFiveYearsAmortizedCost.5999.14.6" order="2.00" weight="1.00" priority="0" use="optional" xlink:arcrole="http://www.xbrl.org/2003/arcrole/summation-item" xlink:type="arc" />
    <link:loc xlink:label="loc_AvailableForSaleSecuritiesDebtMaturitiesAfterFiveThroughTenYearsAmortizedCost.5978.14.6" xlink:href="http://xbrl.fasb.org/us-gaap/2012/elts/us-gaap-2012-01-31.xsd#us-gaap_AvailableForSaleSecuritiesDebtMaturitiesAfterFiveThroughTenYearsAmortizedCost" xlink:type="locator" />
    <link:calculationArc xlink:from="loc_AvailableForSaleSecuritiesDebtMaturitiesAmortizedCost.5993.14.6" xlink:to="loc_AvailableForSaleSecuritiesDebtMaturitiesAfterFiveThroughTenYearsAmortizedCost.5978.14.6" order="3.00" weight="1.00" priority="0" use="optional" xlink:arcrole="http://www.xbrl.org/2003/arcrole/summation-item" xlink:type="arc" />
    <link:loc xlink:label="loc_AvailableForSaleSecuritiesGrossUnrealizedGainAggregate.56173.14.6" xlink:href="psti-20121231.xsd#psti_AvailableForSaleSecuritiesGrossUnrealizedGainAggregate" xlink:type="locator" />
    <link:loc xlink:label="loc_AvailableforsaleSecuritiesGrossUnrealizedGain.5418.14.6" xlink:href="http://xbrl.fasb.org/us-gaap/2012/elts/us-gaap-2012-01-31.xsd#us-gaap_AvailableforsaleSecuritiesGrossUnrealizedGain" xlink:type="locator" />
    <link:calculationArc xlink:from="loc_AvailableForSaleSecuritiesGrossUnrealizedGainAggregate.56173.14.6" xlink:to="loc_AvailableforsaleSecuritiesGrossUnrealizedGain.5418.14.6" order="1.00" weight="1.00" priority="0" use="optional" xlink:arcrole="http://www.xbrl.org/2003/arcrole/summation-item" xlink:type="arc" />
    <link:loc xlink:label="loc_AvailableForSaleSecuritiesGrossUnrealizedGainMaturesAfterOneYearThroughFiveYears.56175.14.6" xlink:href="psti-20121231.xsd#psti_AvailableForSaleSecuritiesGrossUnrealizedGainMaturesAfterOneYearThroughFiveYears" xlink:type="locator" />
    <link:calculationArc xlink:from="loc_AvailableForSaleSecuritiesGrossUnrealizedGainAggregate.56173.14.6" xlink:to="loc_AvailableForSaleSecuritiesGrossUnrealizedGainMaturesAfterOneYearThroughFiveYears.56175.14.6" order="2.00" weight="1.00" priority="0" use="optional" xlink:arcrole="http://www.xbrl.org/2003/arcrole/summation-item" xlink:type="arc" />
    <link:loc xlink:label="loc_AvailableForSaleSecuritiesGrossUnrealizedGainMaturesAfterFiveYearThroughTenYears.56174.14.6" xlink:href="psti-20121231.xsd#psti_AvailableForSaleSecuritiesGrossUnrealizedGainMaturesAfterFiveYearThroughTenYears" xlink:type="locator" />
    <link:calculationArc xlink:from="loc_AvailableForSaleSecuritiesGrossUnrealizedGainAggregate.56173.14.6" xlink:to="loc_AvailableForSaleSecuritiesGrossUnrealizedGainMaturesAfterFiveYearThroughTenYears.56174.14.6" order="3.00" weight="1.00" priority="0" use="optional" xlink:arcrole="http://www.xbrl.org/2003/arcrole/summation-item" xlink:type="arc" />
    <link:loc xlink:label="loc_AvailableForSaleSecuritiesGrossUnrealizedLossAggregate.56176.14.6" xlink:href="psti-20121231.xsd#psti_AvailableForSaleSecuritiesGrossUnrealizedLossAggregate" xlink:type="locator" />
    <link:loc xlink:label="loc_AvailableForSaleSecuritiesGrossUnrealizedLosses1.5987.14.6" xlink:href="http://xbrl.fasb.org/us-gaap/2012/elts/us-gaap-2012-01-31.xsd#us-gaap_AvailableForSaleSecuritiesGrossUnrealizedLosses1" xlink:type="locator" />
    <link:calculationArc xlink:from="loc_AvailableForSaleSecuritiesGrossUnrealizedLossAggregate.56176.14.6" xlink:to="loc_AvailableForSaleSecuritiesGrossUnrealizedLosses1.5987.14.6" order="1.00" weight="1.00" priority="0" use="optional" xlink:arcrole="http://www.xbrl.org/2003/arcrole/summation-item" xlink:type="arc" />
    <link:loc xlink:label="loc_AvailableForSaleSecuritiesGrossUnrealizedLossMaturesAfterOneYearThroughFiveYears.56178.14.6" xlink:href="psti-20121231.xsd#psti_AvailableForSaleSecuritiesGrossUnrealizedLossMaturesAfterOneYearThroughFiveYears" xlink:type="locator" />
    <link:calculationArc xlink:from="loc_AvailableForSaleSecuritiesGrossUnrealizedLossAggregate.56176.14.6" xlink:to="loc_AvailableForSaleSecuritiesGrossUnrealizedLossMaturesAfterOneYearThroughFiveYears.56178.14.6" order="2.00" weight="1.00" priority="0" use="optional" xlink:arcrole="http://www.xbrl.org/2003/arcrole/summation-item" xlink:type="arc" />
    <link:loc xlink:label="loc_AvailableForSaleSecuritiesGrossUnrealizedLossMaturesAfterFiveYearThroughTenYears.56177.14.6" xlink:href="psti-20121231.xsd#psti_AvailableForSaleSecuritiesGrossUnrealizedLossMaturesAfterFiveYearThroughTenYears" xlink:type="locator" />
    <link:calculationArc xlink:from="loc_AvailableForSaleSecuritiesGrossUnrealizedLossAggregate.56176.14.6" xlink:to="loc_AvailableForSaleSecuritiesGrossUnrealizedLossMaturesAfterFiveYearThroughTenYears.56177.14.6" order="3.00" weight="1.00" priority="0" use="optional" xlink:arcrole="http://www.xbrl.org/2003/arcrole/summation-item" xlink:type="arc" />
  </link:calculationLink>
</link:linkbase>
