<?xml version="1.0" encoding="US-ASCII" standalone="no"?>
    <!-- Field: Doc-Info; Name: Generator; Value: GoFiler Complete; Version: 3.4b -->
    <!-- Field: Doc-Info; Name: VendorURI; Value: http://www.novaworks.co -->
    <!-- Field: Doc-Info; Name: Source; Value: AFHACQVI%2D20121031 10K FY.xfr; Date: 2013/01/29T14:59:33 -->
    <!-- Field: Doc-Info; Name: Status; Value: 0x80000000 -->
<link:linkbase xmlns:xsi="http://www.w3.org/2001/XMLSchema-instance" xmlns:xlink="http://www.w3.org/1999/xlink" xmlns:link="http://www.xbrl.org/2003/linkbase" xmlns:xbrli="http://www.xbrl.org/2003/instance" xsi:schemaLocation="http://www.xbrl.org/2003/linkbase http://www.xbrl.org/2003/xbrl-linkbase-2003-12-31.xsd">
    <link:roleRef xlink:type="simple" xlink:href="http://www.xbrl.org/lrr/role/negated-2009-12-16.xsd#negatedLabel" roleURI="http://www.xbrl.org/2009/role/negatedLabel" />
    <link:roleRef xlink:type="simple" xlink:href="http://www.xbrl.org/lrr/role/negated-2009-12-16.xsd#negatedPeriodEndLabel" roleURI="http://www.xbrl.org/2009/role/negatedPeriodEndLabel" />
    <link:roleRef xlink:type="simple" xlink:href="http://www.xbrl.org/lrr/role/negated-2009-12-16.xsd#negatedPeriodStartLabel" roleURI="http://www.xbrl.org/2009/role/negatedPeriodStartLabel" />
    <link:roleRef xlink:type="simple" xlink:href="http://www.xbrl.org/lrr/role/negated-2009-12-16.xsd#negatedTotalLabel" roleURI="http://www.xbrl.org/2009/role/negatedTotalLabel" />
    <link:roleRef xlink:type="simple" xlink:href="http://www.xbrl.org/lrr/role/negated-2009-12-16.xsd#negatedNetLabel" roleURI="http://www.xbrl.org/2009/role/negatedNetLabel" />
    <link:roleRef xlink:type="simple" xlink:href="http://www.xbrl.org/lrr/role/negated-2009-12-16.xsd#negatedTerseLabel" roleURI="http://www.xbrl.org/2009/role/negatedTerseLabel" />
    <link:labelLink xlink:type="extended" xlink:role="http://www.xbrl.org/2003/role/link">
      <link:loc xlink:type="locator" xlink:href="http://xbrl.fasb.org/us-gaap/2012/elts/us-gaap-2012-01-31.xsd#us-gaap_CommonStockMember" xlink:label="us-gaap_CommonStockMember" />
      <link:labelArc xlink:arcrole="http://www.xbrl.org/2003/arcrole/concept-label" xlink:from="us-gaap_CommonStockMember" xlink:to="us-gaap_CommonStockMember_lbl" xlink:type="arc" />
      <link:label xlink:type="resource" xlink:role="http://www.xbrl.org/2003/role/label" xlink:label="us-gaap_CommonStockMember_lbl" xml:lang="en-US">Common Stock [Member]</link:label>
      <link:loc xlink:type="locator" xlink:href="http://xbrl.fasb.org/us-gaap/2012/elts/us-gaap-2012-01-31.xsd#us-gaap_StatementEquityComponentsAxis" xlink:label="us-gaap_StatementEquityComponentsAxis" />
      <link:labelArc xlink:arcrole="http://www.xbrl.org/2003/arcrole/concept-label" xlink:from="us-gaap_StatementEquityComponentsAxis" xlink:to="us-gaap_StatementEquityComponentsAxis_lbl" xlink:type="arc" />
      <link:label xlink:type="resource" xlink:role="http://www.xbrl.org/2003/role/label" xlink:label="us-gaap_StatementEquityComponentsAxis_lbl" xml:lang="en-US">Equity Components [Axis]</link:label>
      <link:loc xlink:type="locator" xlink:href="http://xbrl.fasb.org/us-gaap/2012/elts/us-gaap-2012-01-31.xsd#us-gaap_AdditionalPaidInCapitalMember" xlink:label="us-gaap_AdditionalPaidInCapitalMember" />
      <link:labelArc xlink:arcrole="http://www.xbrl.org/2003/arcrole/concept-label" xlink:from="us-gaap_AdditionalPaidInCapitalMember" xlink:to="us-gaap_AdditionalPaidInCapitalMember_lbl" xlink:type="arc" />
      <link:label xlink:type="resource" xlink:role="http://www.xbrl.org/2003/role/label" xlink:label="us-gaap_AdditionalPaidInCapitalMember_lbl" xml:lang="en-US">Additional Paid-In Capital [Member]</link:label>
      <link:loc xlink:type="locator" xlink:href="http://xbrl.fasb.org/us-gaap/2012/elts/us-gaap-2012-01-31.xsd#us-gaap_AccumulatedOtherComprehensiveIncomeMember" xlink:label="us-gaap_AccumulatedOtherComprehensiveIncomeMember" />
      <link:labelArc xlink:arcrole="http://www.xbrl.org/2003/arcrole/concept-label" xlink:from="us-gaap_AccumulatedOtherComprehensiveIncomeMember" xlink:to="us-gaap_AccumulatedOtherComprehensiveIncomeMember_lbl" xlink:type="arc" />
      <link:label xlink:type="resource" xlink:role="http://www.xbrl.org/2003/role/label" xlink:label="us-gaap_AccumulatedOtherComprehensiveIncomeMember_lbl" xml:lang="en-US">Stock Subscription Receivable [Member]</link:label>
      <link:loc xlink:type="locator" xlink:href="http://xbrl.fasb.org/us-gaap/2012/elts/us-gaap-2012-01-31.xsd#us-gaap_RetainedEarningsMember" xlink:label="us-gaap_RetainedEarningsMember" />
      <link:labelArc xlink:arcrole="http://www.xbrl.org/2003/arcrole/concept-label" xlink:from="us-gaap_RetainedEarningsMember" xlink:to="us-gaap_RetainedEarningsMember_lbl" xlink:type="arc" />
      <link:label xlink:type="resource" xlink:role="http://www.xbrl.org/2003/role/label" xlink:label="us-gaap_RetainedEarningsMember_lbl" xml:lang="en-US">Deficit Accumulated During Development Stage [Member]</link:label>
      <link:loc xlink:type="locator" xlink:href="afhacqvi-20121031.xsd#AFHACQVI_DocumentAndEntityInformationAbstract" xlink:label="AFHACQVI_DocumentAndEntityInformationAbstract" />
      <link:labelArc xlink:arcrole="http://www.xbrl.org/2003/arcrole/concept-label" xlink:from="AFHACQVI_DocumentAndEntityInformationAbstract" xlink:to="AFHACQVI_DocumentAndEntityInformationAbstract_lbl" xlink:type="arc" />
      <link:label xlink:type="resource" xlink:role="http://www.xbrl.org/2003/role/label" xlink:label="AFHACQVI_DocumentAndEntityInformationAbstract_lbl" xml:lang="en-US">Document And Entity Information</link:label>
      <link:loc xlink:type="locator" xlink:href="http://xbrl.sec.gov/dei/2012/dei-2012-01-31.xsd#dei_EntityRegistrantName" xlink:label="dei_EntityRegistrantName" />
      <link:labelArc xlink:arcrole="http://www.xbrl.org/2003/arcrole/concept-label" xlink:from="dei_EntityRegistrantName" xlink:to="dei_EntityRegistrantName_lbl" xlink:type="arc" />
      <link:label xlink:type="resource" xlink:role="http://www.xbrl.org/2003/role/label" xlink:label="dei_EntityRegistrantName_lbl" xml:lang="en-US">Entity Registrant Name</link:label>
      <link:loc xlink:type="locator" xlink:href="http://xbrl.sec.gov/dei/2012/dei-2012-01-31.xsd#dei_EntityCentralIndexKey" xlink:label="dei_EntityCentralIndexKey" />
      <link:labelArc xlink:arcrole="http://www.xbrl.org/2003/arcrole/concept-label" xlink:from="dei_EntityCentralIndexKey" xlink:to="dei_EntityCentralIndexKey_lbl" xlink:type="arc" />
      <link:label xlink:type="resource" xlink:role="http://www.xbrl.org/2003/role/label" xlink:label="dei_EntityCentralIndexKey_lbl" xml:lang="en-US">Entity Central Index Key</link:label>
      <link:loc xlink:type="locator" xlink:href="http://xbrl.sec.gov/dei/2012/dei-2012-01-31.xsd#dei_DocumentType" xlink:label="dei_DocumentType" />
      <link:labelArc xlink:arcrole="http://www.xbrl.org/2003/arcrole/concept-label" xlink:from="dei_DocumentType" xlink:to="dei_DocumentType_lbl" xlink:type="arc" />
      <link:label xlink:type="resource" xlink:role="http://www.xbrl.org/2003/role/label" xlink:label="dei_DocumentType_lbl" xml:lang="en-US">Document Type</link:label>
      <link:loc xlink:type="locator" xlink:href="http://xbrl.sec.gov/dei/2012/dei-2012-01-31.xsd#dei_DocumentPeriodEndDate" xlink:label="dei_DocumentPeriodEndDate" />
      <link:labelArc xlink:arcrole="http://www.xbrl.org/2003/arcrole/concept-label" xlink:from="dei_DocumentPeriodEndDate" xlink:to="dei_DocumentPeriodEndDate_lbl" xlink:type="arc" />
      <link:label xlink:type="resource" xlink:role="http://www.xbrl.org/2003/role/label" xlink:label="dei_DocumentPeriodEndDate_lbl" xml:lang="en-US">Document Period End Date</link:label>
      <link:loc xlink:type="locator" xlink:href="http://xbrl.sec.gov/dei/2012/dei-2012-01-31.xsd#dei_AmendmentFlag" xlink:label="dei_AmendmentFlag" />
      <link:labelArc xlink:arcrole="http://www.xbrl.org/2003/arcrole/concept-label" xlink:from="dei_AmendmentFlag" xlink:to="dei_AmendmentFlag_lbl" xlink:type="arc" />
      <link:label xlink:type="resource" xlink:role="http://www.xbrl.org/2003/role/label" xlink:label="dei_AmendmentFlag_lbl" xml:lang="en-US">Amendment Flag</link:label>
      <link:loc xlink:type="locator" xlink:href="http://xbrl.sec.gov/dei/2012/dei-2012-01-31.xsd#dei_CurrentFiscalYearEndDate" xlink:label="dei_CurrentFiscalYearEndDate" />
      <link:labelArc xlink:arcrole="http://www.xbrl.org/2003/arcrole/concept-label" xlink:from="dei_CurrentFiscalYearEndDate" xlink:to="dei_CurrentFiscalYearEndDate_lbl" xlink:type="arc" />
      <link:label xlink:type="resource" xlink:role="http://www.xbrl.org/2003/role/label" xlink:label="dei_CurrentFiscalYearEndDate_lbl" xml:lang="en-US">Current Fiscal Year End Date</link:label>
      <link:loc xlink:type="locator" xlink:href="http://xbrl.sec.gov/dei/2012/dei-2012-01-31.xsd#dei_EntityWellKnownSeasonedIssuer" xlink:label="dei_EntityWellKnownSeasonedIssuer" />
      <link:labelArc xlink:arcrole="http://www.xbrl.org/2003/arcrole/concept-label" xlink:from="dei_EntityWellKnownSeasonedIssuer" xlink:to="dei_EntityWellKnownSeasonedIssuer_lbl" xlink:type="arc" />
      <link:label xlink:type="resource" xlink:role="http://www.xbrl.org/2003/role/label" xlink:label="dei_EntityWellKnownSeasonedIssuer_lbl" xml:lang="en-US">Is Entity a Well-known Seasoned Issuer?</link:label>
      <link:loc xlink:type="locator" xlink:href="http://xbrl.sec.gov/dei/2012/dei-2012-01-31.xsd#dei_EntityVoluntaryFilers" xlink:label="dei_EntityVoluntaryFilers" />
      <link:labelArc xlink:arcrole="http://www.xbrl.org/2003/arcrole/concept-label" xlink:from="dei_EntityVoluntaryFilers" xlink:to="dei_EntityVoluntaryFilers_lbl" xlink:type="arc" />
      <link:label xlink:type="resource" xlink:role="http://www.xbrl.org/2003/role/label" xlink:label="dei_EntityVoluntaryFilers_lbl" xml:lang="en-US">Is Entity a Voluntary Filer?</link:label>
      <link:loc xlink:type="locator" xlink:href="http://xbrl.sec.gov/dei/2012/dei-2012-01-31.xsd#dei_EntityCurrentReportingStatus" xlink:label="dei_EntityCurrentReportingStatus" />
      <link:labelArc xlink:arcrole="http://www.xbrl.org/2003/arcrole/concept-label" xlink:from="dei_EntityCurrentReportingStatus" xlink:to="dei_EntityCurrentReportingStatus_lbl" xlink:type="arc" />
      <link:label xlink:type="resource" xlink:role="http://www.xbrl.org/2003/role/label" xlink:label="dei_EntityCurrentReportingStatus_lbl" xml:lang="en-US">Is Entity's Reporting Status Current?</link:label>
      <link:loc xlink:type="locator" xlink:href="http://xbrl.sec.gov/dei/2012/dei-2012-01-31.xsd#dei_EntityFilerCategory" xlink:label="dei_EntityFilerCategory" />
      <link:labelArc xlink:arcrole="http://www.xbrl.org/2003/arcrole/concept-label" xlink:from="dei_EntityFilerCategory" xlink:to="dei_EntityFilerCategory_lbl" xlink:type="arc" />
      <link:label xlink:type="resource" xlink:role="http://www.xbrl.org/2003/role/label" xlink:label="dei_EntityFilerCategory_lbl" xml:lang="en-US">Entity Filer Category</link:label>
      <link:loc xlink:type="locator" xlink:href="http://xbrl.sec.gov/dei/2012/dei-2012-01-31.xsd#dei_EntityPublicFloat" xlink:label="dei_EntityPublicFloat" />
      <link:labelArc xlink:arcrole="http://www.xbrl.org/2003/arcrole/concept-label" xlink:from="dei_EntityPublicFloat" xlink:to="dei_EntityPublicFloat_lbl" xlink:type="arc" />
      <link:label xlink:type="resource" xlink:role="http://www.xbrl.org/2003/role/label" xlink:label="dei_EntityPublicFloat_lbl" xml:lang="en-US">Entity Public Float</link:label>
      <link:loc xlink:type="locator" xlink:href="http://xbrl.sec.gov/dei/2012/dei-2012-01-31.xsd#dei_EntityCommonStockSharesOutstanding" xlink:label="dei_EntityCommonStockSharesOutstanding" />
      <link:labelArc xlink:arcrole="http://www.xbrl.org/2003/arcrole/concept-label" xlink:from="dei_EntityCommonStockSharesOutstanding" xlink:to="dei_EntityCommonStockSharesOutstanding_lbl" xlink:type="arc" />
      <link:label xlink:type="resource" xlink:role="http://www.xbrl.org/2003/role/label" xlink:label="dei_EntityCommonStockSharesOutstanding_lbl" xml:lang="en-US">Entity Common Stock, Shares Outstanding</link:label>
      <link:loc xlink:type="locator" xlink:href="http://xbrl.sec.gov/dei/2012/dei-2012-01-31.xsd#dei_DocumentFiscalPeriodFocus" xlink:label="dei_DocumentFiscalPeriodFocus" />
      <link:labelArc xlink:arcrole="http://www.xbrl.org/2003/arcrole/concept-label" xlink:from="dei_DocumentFiscalPeriodFocus" xlink:to="dei_DocumentFiscalPeriodFocus_lbl" xlink:type="arc" />
      <link:label xlink:type="resource" xlink:role="http://www.xbrl.org/2003/role/label" xlink:label="dei_DocumentFiscalPeriodFocus_lbl" xml:lang="en-US">Document Fiscal Period Focus</link:label>
      <link:loc xlink:type="locator" xlink:href="http://xbrl.sec.gov/dei/2012/dei-2012-01-31.xsd#dei_DocumentFiscalYearFocus" xlink:label="dei_DocumentFiscalYearFocus" />
      <link:labelArc xlink:arcrole="http://www.xbrl.org/2003/arcrole/concept-label" xlink:from="dei_DocumentFiscalYearFocus" xlink:to="dei_DocumentFiscalYearFocus_lbl" xlink:type="arc" />
      <link:label xlink:type="resource" xlink:role="http://www.xbrl.org/2003/role/label" xlink:label="dei_DocumentFiscalYearFocus_lbl" xml:lang="en-US">Document Fiscal Year Focus</link:label>
      <link:loc xlink:type="locator" xlink:href="http://xbrl.fasb.org/us-gaap/2012/elts/us-gaap-2012-01-31.xsd#us-gaap_StatementOfFinancialPositionAbstract" xlink:label="us-gaap_StatementOfFinancialPositionAbstract" />
      <link:labelArc xlink:arcrole="http://www.xbrl.org/2003/arcrole/concept-label" xlink:from="us-gaap_StatementOfFinancialPositionAbstract" xlink:to="us-gaap_StatementOfFinancialPositionAbstract_lbl" xlink:type="arc" />
      <link:label xlink:type="resource" xlink:role="http://www.xbrl.org/2003/role/label" xlink:label="us-gaap_StatementOfFinancialPositionAbstract_lbl" xml:lang="en-US">Statement of Financial Position [Abstract]</link:label>
      <link:loc xlink:type="locator" xlink:href="http://xbrl.fasb.org/us-gaap/2012/elts/us-gaap-2012-01-31.xsd#us-gaap_AssetsAbstract" xlink:label="us-gaap_AssetsAbstract" />
      <link:labelArc xlink:arcrole="http://www.xbrl.org/2003/arcrole/concept-label" xlink:from="us-gaap_AssetsAbstract" xlink:to="us-gaap_AssetsAbstract_lbl" xlink:type="arc" />
      <link:label xlink:type="resource" xlink:role="http://www.xbrl.org/2003/role/label" xlink:label="us-gaap_AssetsAbstract_lbl" xml:lang="en-US">ASSETS</link:label>
      <link:loc xlink:type="locator" xlink:href="http://xbrl.fasb.org/us-gaap/2012/elts/us-gaap-2012-01-31.xsd#us-gaap_CashAndCashEquivalentsAtCarryingValue" xlink:label="us-gaap_CashAndCashEquivalentsAtCarryingValue" />
      <link:labelArc xlink:arcrole="http://www.xbrl.org/2003/arcrole/concept-label" xlink:from="us-gaap_CashAndCashEquivalentsAtCarryingValue" xlink:to="us-gaap_CashAndCashEquivalentsAtCarryingValue_lbl" xlink:type="arc" />
      <link:label xlink:type="resource" xlink:role="http://www.xbrl.org/2003/role/label" xlink:label="us-gaap_CashAndCashEquivalentsAtCarryingValue_lbl" xml:lang="en-US">Cash and Cash Equivalents</link:label>
      <link:loc xlink:type="locator" xlink:href="http://xbrl.fasb.org/us-gaap/2012/elts/us-gaap-2012-01-31.xsd#us-gaap_Assets" xlink:label="us-gaap_Assets" />
      <link:labelArc xlink:arcrole="http://www.xbrl.org/2003/arcrole/concept-label" xlink:from="us-gaap_Assets" xlink:to="us-gaap_Assets_lbl" xlink:type="arc" />
      <link:label xlink:type="resource" xlink:role="http://www.xbrl.org/2003/role/label" xlink:label="us-gaap_Assets_lbl" xml:lang="en-US">Total Assets</link:label>
      <link:loc xlink:type="locator" xlink:href="http://xbrl.fasb.org/us-gaap/2012/elts/us-gaap-2012-01-31.xsd#us-gaap_LiabilitiesAndStockholdersEquityAbstract" xlink:label="us-gaap_LiabilitiesAndStockholdersEquityAbstract" />
      <link:labelArc xlink:arcrole="http://www.xbrl.org/2003/arcrole/concept-label" xlink:from="us-gaap_LiabilitiesAndStockholdersEquityAbstract" xlink:to="us-gaap_LiabilitiesAndStockholdersEquityAbstract_lbl" xlink:type="arc" />
      <link:label xlink:type="resource" xlink:role="http://www.xbrl.org/2003/role/label" xlink:label="us-gaap_LiabilitiesAndStockholdersEquityAbstract_lbl" xml:lang="en-US">LIABILITIES AND STOCKHOLDER'S DEFICIT</link:label>
      <link:loc xlink:type="locator" xlink:href="http://xbrl.fasb.org/us-gaap/2012/elts/us-gaap-2012-01-31.xsd#us-gaap_LiabilitiesAbstract" xlink:label="us-gaap_LiabilitiesAbstract" />
      <link:labelArc xlink:arcrole="http://www.xbrl.org/2003/arcrole/concept-label" xlink:from="us-gaap_LiabilitiesAbstract" xlink:to="us-gaap_LiabilitiesAbstract_lbl" xlink:type="arc" />
      <link:label xlink:type="resource" xlink:role="http://www.xbrl.org/2003/role/label" xlink:label="us-gaap_LiabilitiesAbstract_lbl" xml:lang="en-US">Liabilities</link:label>
      <link:loc xlink:type="locator" xlink:href="http://xbrl.fasb.org/us-gaap/2012/elts/us-gaap-2012-01-31.xsd#us-gaap_AccruedLiabilitiesCurrentAndNoncurrent" xlink:label="us-gaap_AccruedLiabilitiesCurrentAndNoncurrent" />
      <link:labelArc xlink:arcrole="http://www.xbrl.org/2003/arcrole/concept-label" xlink:from="us-gaap_AccruedLiabilitiesCurrentAndNoncurrent" xlink:to="us-gaap_AccruedLiabilitiesCurrentAndNoncurrent_lbl" xlink:type="arc" />
      <link:label xlink:type="resource" xlink:role="http://www.xbrl.org/2003/role/label" xlink:label="us-gaap_AccruedLiabilitiesCurrentAndNoncurrent_lbl" xml:lang="en-US">Accrued Expenses</link:label>
      <link:loc xlink:type="locator" xlink:href="http://xbrl.fasb.org/us-gaap/2012/elts/us-gaap-2012-01-31.xsd#us-gaap_DueToRelatedPartiesCurrentAndNoncurrent" xlink:label="us-gaap_DueToRelatedPartiesCurrentAndNoncurrent" />
      <link:labelArc xlink:arcrole="http://www.xbrl.org/2003/arcrole/concept-label" xlink:from="us-gaap_DueToRelatedPartiesCurrentAndNoncurrent" xlink:to="us-gaap_DueToRelatedPartiesCurrentAndNoncurrent_lbl" xlink:type="arc" />
      <link:label xlink:type="resource" xlink:role="http://www.xbrl.org/2003/role/label" xlink:label="us-gaap_DueToRelatedPartiesCurrentAndNoncurrent_lbl" xml:lang="en-US">Due to Parent</link:label>
      <link:loc xlink:type="locator" xlink:href="http://xbrl.fasb.org/us-gaap/2012/elts/us-gaap-2012-01-31.xsd#us-gaap_Liabilities" xlink:label="us-gaap_Liabilities" />
      <link:labelArc xlink:arcrole="http://www.xbrl.org/2003/arcrole/concept-label" xlink:from="us-gaap_Liabilities" xlink:to="us-gaap_Liabilities_lbl" xlink:type="arc" />
      <link:label xlink:type="resource" xlink:role="http://www.xbrl.org/2003/role/totalLabel" xlink:label="us-gaap_Liabilities_lbl" xml:lang="en-US">Total Liabilities</link:label>
      <link:loc xlink:type="locator" xlink:href="http://xbrl.fasb.org/us-gaap/2012/elts/us-gaap-2012-01-31.xsd#us-gaap_StockholdersEquityAbstract" xlink:label="us-gaap_StockholdersEquityAbstract" />
      <link:labelArc xlink:arcrole="http://www.xbrl.org/2003/arcrole/concept-label" xlink:from="us-gaap_StockholdersEquityAbstract" xlink:to="us-gaap_StockholdersEquityAbstract_lbl" xlink:type="arc" />
      <link:label xlink:type="resource" xlink:role="http://www.xbrl.org/2003/role/label" xlink:label="us-gaap_StockholdersEquityAbstract_lbl" xml:lang="en-US">Stockholder's Deficit</link:label>
      <link:loc xlink:type="locator" xlink:href="http://xbrl.fasb.org/us-gaap/2012/elts/us-gaap-2012-01-31.xsd#us-gaap_PreferredStockValue" xlink:label="us-gaap_PreferredStockValue" />
      <link:labelArc xlink:arcrole="http://www.xbrl.org/2003/arcrole/concept-label" xlink:from="us-gaap_PreferredStockValue" xlink:to="us-gaap_PreferredStockValue_lbl" xlink:type="arc" />
      <link:label xlink:type="resource" xlink:role="http://www.xbrl.org/2003/role/label" xlink:label="us-gaap_PreferredStockValue_lbl" xml:lang="en-US">Preferred Stock: $.001 Par; 20,000,000 Shares Authorized, -0- Issued and Outstanding</link:label>
      <link:loc xlink:type="locator" xlink:href="http://xbrl.fasb.org/us-gaap/2012/elts/us-gaap-2012-01-31.xsd#us-gaap_CommonStockValue" xlink:label="us-gaap_CommonStockValue" />
      <link:labelArc xlink:arcrole="http://www.xbrl.org/2003/arcrole/concept-label" xlink:from="us-gaap_CommonStockValue" xlink:to="us-gaap_CommonStockValue_lbl" xlink:type="arc" />
      <link:label xlink:type="resource" xlink:role="http://www.xbrl.org/2003/role/label" xlink:label="us-gaap_CommonStockValue_lbl" xml:lang="en-US">Common Stock: $.001 Par; 100,000,000 Shares authorized; 5,000,000 Issued and Outstanding</link:label>
      <link:loc xlink:type="locator" xlink:href="http://xbrl.fasb.org/us-gaap/2012/elts/us-gaap-2012-01-31.xsd#us-gaap_AdditionalPaidInCapital" xlink:label="us-gaap_AdditionalPaidInCapital" />
      <link:labelArc xlink:arcrole="http://www.xbrl.org/2003/arcrole/concept-label" xlink:from="us-gaap_AdditionalPaidInCapital" xlink:to="us-gaap_AdditionalPaidInCapital_lbl" xlink:type="arc" />
      <link:label xlink:type="resource" xlink:role="http://www.xbrl.org/2003/role/label" xlink:label="us-gaap_AdditionalPaidInCapital_lbl" xml:lang="en-US">Additional Paid-In-Capital</link:label>
      <link:loc xlink:type="locator" xlink:href="http://xbrl.fasb.org/us-gaap/2012/elts/us-gaap-2012-01-31.xsd#us-gaap_DevelopmentStageEnterpriseDeficitAccumulatedDuringDevelopmentStage" xlink:label="us-gaap_DevelopmentStageEnterpriseDeficitAccumulatedDuringDevelopmentStage" />
      <link:labelArc xlink:arcrole="http://www.xbrl.org/2003/arcrole/concept-label" xlink:from="us-gaap_DevelopmentStageEnterpriseDeficitAccumulatedDuringDevelopmentStage" xlink:to="us-gaap_DevelopmentStageEnterpriseDeficitAccumulatedDuringDevelopmentStage_lbl" xlink:type="arc" />
      <link:label xlink:type="resource" xlink:role="http://www.xbrl.org/2009/role/negatedLabel" xlink:label="us-gaap_DevelopmentStageEnterpriseDeficitAccumulatedDuringDevelopmentStage_lbl" xml:lang="en-US">Deficit Accumulated During Development Stage</link:label>
      <link:loc xlink:type="locator" xlink:href="http://xbrl.fasb.org/us-gaap/2012/elts/us-gaap-2012-01-31.xsd#us-gaap_StockholdersEquity" xlink:label="us-gaap_StockholdersEquity" />
      <link:labelArc xlink:arcrole="http://www.xbrl.org/2003/arcrole/concept-label" xlink:from="us-gaap_StockholdersEquity" xlink:to="us-gaap_StockholdersEquity_lbl" xlink:type="arc" />
      <link:label xlink:type="resource" xlink:role="http://www.xbrl.org/2003/role/totalLabel" xlink:label="us-gaap_StockholdersEquity_lbl" xml:lang="en-US">Total Stockholder's Deficit</link:label>
      <link:loc xlink:type="locator" xlink:href="http://xbrl.fasb.org/us-gaap/2012/elts/us-gaap-2012-01-31.xsd#us-gaap_LiabilitiesAndStockholdersEquity" xlink:label="us-gaap_LiabilitiesAndStockholdersEquity" />
      <link:labelArc xlink:arcrole="http://www.xbrl.org/2003/arcrole/concept-label" xlink:from="us-gaap_LiabilitiesAndStockholdersEquity" xlink:to="us-gaap_LiabilitiesAndStockholdersEquity_lbl" xlink:type="arc" />
      <link:label xlink:type="resource" xlink:role="http://www.xbrl.org/2003/role/totalLabel" xlink:label="us-gaap_LiabilitiesAndStockholdersEquity_lbl" xml:lang="en-US">Total Liabilities and Stockholder's Deficit</link:label>
      <link:loc xlink:type="locator" xlink:href="http://xbrl.fasb.org/us-gaap/2012/elts/us-gaap-2012-01-31.xsd#us-gaap_PreferredStockParOrStatedValuePerShare" xlink:label="us-gaap_PreferredStockParOrStatedValuePerShare" />
      <link:labelArc xlink:arcrole="http://www.xbrl.org/2003/arcrole/concept-label" xlink:from="us-gaap_PreferredStockParOrStatedValuePerShare" xlink:to="us-gaap_PreferredStockParOrStatedValuePerShare_lbl" xlink:type="arc" />
      <link:label xlink:type="resource" xlink:role="http://www.xbrl.org/2003/role/label" xlink:label="us-gaap_PreferredStockParOrStatedValuePerShare_lbl" xml:lang="en-US">Preferred Stock, par value</link:label>
      <link:loc xlink:type="locator" xlink:href="http://xbrl.fasb.org/us-gaap/2012/elts/us-gaap-2012-01-31.xsd#us-gaap_PreferredStockSharesAuthorized" xlink:label="us-gaap_PreferredStockSharesAuthorized" />
      <link:labelArc xlink:arcrole="http://www.xbrl.org/2003/arcrole/concept-label" xlink:from="us-gaap_PreferredStockSharesAuthorized" xlink:to="us-gaap_PreferredStockSharesAuthorized_lbl" xlink:type="arc" />
      <link:label xlink:type="resource" xlink:role="http://www.xbrl.org/2003/role/label" xlink:label="us-gaap_PreferredStockSharesAuthorized_lbl" xml:lang="en-US">Preferred Stock, shares authorized</link:label>
      <link:loc xlink:type="locator" xlink:href="http://xbrl.fasb.org/us-gaap/2012/elts/us-gaap-2012-01-31.xsd#us-gaap_PreferredStockSharesIssued" xlink:label="us-gaap_PreferredStockSharesIssued" />
      <link:labelArc xlink:arcrole="http://www.xbrl.org/2003/arcrole/concept-label" xlink:from="us-gaap_PreferredStockSharesIssued" xlink:to="us-gaap_PreferredStockSharesIssued_lbl" xlink:type="arc" />
      <link:label xlink:type="resource" xlink:role="http://www.xbrl.org/2003/role/label" xlink:label="us-gaap_PreferredStockSharesIssued_lbl" xml:lang="en-US">Preferred Stock, shares issued</link:label>
      <link:loc xlink:type="locator" xlink:href="http://xbrl.fasb.org/us-gaap/2012/elts/us-gaap-2012-01-31.xsd#us-gaap_PreferredStockSharesOutstanding" xlink:label="us-gaap_PreferredStockSharesOutstanding" />
      <link:labelArc xlink:arcrole="http://www.xbrl.org/2003/arcrole/concept-label" xlink:from="us-gaap_PreferredStockSharesOutstanding" xlink:to="us-gaap_PreferredStockSharesOutstanding_lbl" xlink:type="arc" />
      <link:label xlink:type="resource" xlink:role="http://www.xbrl.org/2003/role/label" xlink:label="us-gaap_PreferredStockSharesOutstanding_lbl" xml:lang="en-US">Preferred Stock, shares outstanding</link:label>
      <link:loc xlink:type="locator" xlink:href="http://xbrl.fasb.org/us-gaap/2012/elts/us-gaap-2012-01-31.xsd#us-gaap_CommonStockParOrStatedValuePerShare" xlink:label="us-gaap_CommonStockParOrStatedValuePerShare" />
      <link:labelArc xlink:arcrole="http://www.xbrl.org/2003/arcrole/concept-label" xlink:from="us-gaap_CommonStockParOrStatedValuePerShare" xlink:to="us-gaap_CommonStockParOrStatedValuePerShare_lbl" xlink:type="arc" />
      <link:label xlink:type="resource" xlink:role="http://www.xbrl.org/2003/role/label" xlink:label="us-gaap_CommonStockParOrStatedValuePerShare_lbl" xml:lang="en-US">Common Stock, par value</link:label>
      <link:loc xlink:type="locator" xlink:href="http://xbrl.fasb.org/us-gaap/2012/elts/us-gaap-2012-01-31.xsd#us-gaap_CommonStockSharesAuthorized" xlink:label="us-gaap_CommonStockSharesAuthorized" />
      <link:labelArc xlink:arcrole="http://www.xbrl.org/2003/arcrole/concept-label" xlink:from="us-gaap_CommonStockSharesAuthorized" xlink:to="us-gaap_CommonStockSharesAuthorized_lbl" xlink:type="arc" />
      <link:label xlink:type="resource" xlink:role="http://www.xbrl.org/2003/role/label" xlink:label="us-gaap_CommonStockSharesAuthorized_lbl" xml:lang="en-US">Common Stock, shares authorized</link:label>
      <link:loc xlink:type="locator" xlink:href="http://xbrl.fasb.org/us-gaap/2012/elts/us-gaap-2012-01-31.xsd#us-gaap_CommonStockSharesIssued" xlink:label="us-gaap_CommonStockSharesIssued" />
      <link:labelArc xlink:arcrole="http://www.xbrl.org/2003/arcrole/concept-label" xlink:from="us-gaap_CommonStockSharesIssued" xlink:to="us-gaap_CommonStockSharesIssued_lbl" xlink:type="arc" />
      <link:label xlink:type="resource" xlink:role="http://www.xbrl.org/2003/role/label" xlink:label="us-gaap_CommonStockSharesIssued_lbl" xml:lang="en-US">Common Stock, shares issued</link:label>
      <link:loc xlink:type="locator" xlink:href="http://xbrl.fasb.org/us-gaap/2012/elts/us-gaap-2012-01-31.xsd#us-gaap_CommonStockSharesOutstanding" xlink:label="us-gaap_CommonStockSharesOutstanding" />
      <link:labelArc xlink:arcrole="http://www.xbrl.org/2003/arcrole/concept-label" xlink:from="us-gaap_CommonStockSharesOutstanding" xlink:to="us-gaap_CommonStockSharesOutstanding_lbl" xlink:type="arc" />
      <link:label xlink:type="resource" xlink:role="http://www.xbrl.org/2003/role/label" xlink:label="us-gaap_CommonStockSharesOutstanding_lbl" xml:lang="en-US">Common Stock, shares outstanding</link:label>
      <link:loc xlink:type="locator" xlink:href="http://xbrl.fasb.org/us-gaap/2012/elts/us-gaap-2012-01-31.xsd#us-gaap_StatementTable" xlink:label="us-gaap_StatementTable" />
      <link:labelArc xlink:arcrole="http://www.xbrl.org/2003/arcrole/concept-label" xlink:from="us-gaap_StatementTable" xlink:to="us-gaap_StatementTable_lbl" xlink:type="arc" />
      <link:label xlink:type="resource" xlink:role="http://www.xbrl.org/2003/role/label" xlink:label="us-gaap_StatementTable_lbl" xml:lang="en-US">Statement [Table]</link:label>
      <link:loc xlink:type="locator" xlink:href="http://xbrl.fasb.org/us-gaap/2012/elts/us-gaap-2012-01-31.xsd#us-gaap_StatementLineItems" xlink:label="us-gaap_StatementLineItems" />
      <link:labelArc xlink:arcrole="http://www.xbrl.org/2003/arcrole/concept-label" xlink:from="us-gaap_StatementLineItems" xlink:to="us-gaap_StatementLineItems_lbl" xlink:type="arc" />
      <link:label xlink:type="resource" xlink:role="http://www.xbrl.org/2003/role/label" xlink:label="us-gaap_StatementLineItems_lbl" xml:lang="en-US">Statement [Line Items]</link:label>
      <link:labelArc xlink:arcrole="http://www.xbrl.org/2003/arcrole/concept-label" xlink:from="us-gaap_StockholdersEquity" xlink:to="us-gaap_StockholdersEquity_2_lbl" xlink:type="arc" />
      <link:label xlink:type="resource" xlink:role="http://www.xbrl.org/2003/role/periodStartLabel" xlink:label="us-gaap_StockholdersEquity_2_lbl" xml:lang="en-US">Balance</link:label>
      <link:loc xlink:type="locator" xlink:href="http://xbrl.fasb.org/us-gaap/2012/elts/us-gaap-2012-01-31.xsd#us-gaap_SharesOutstanding" xlink:label="us-gaap_SharesOutstanding" />
      <link:labelArc xlink:arcrole="http://www.xbrl.org/2003/arcrole/concept-label" xlink:from="us-gaap_SharesOutstanding" xlink:to="us-gaap_SharesOutstanding_lbl" xlink:type="arc" />
      <link:label xlink:type="resource" xlink:role="http://www.xbrl.org/2003/role/periodStartLabel" xlink:label="us-gaap_SharesOutstanding_lbl" xml:lang="en-US">Balance, shares</link:label>
      <link:loc xlink:type="locator" xlink:href="http://xbrl.fasb.org/us-gaap/2012/elts/us-gaap-2012-01-31.xsd#us-gaap_StockIssuedDuringPeriodValueNewIssues" xlink:label="us-gaap_StockIssuedDuringPeriodValueNewIssues" />
      <link:labelArc xlink:arcrole="http://www.xbrl.org/2003/arcrole/concept-label" xlink:from="us-gaap_StockIssuedDuringPeriodValueNewIssues" xlink:to="us-gaap_StockIssuedDuringPeriodValueNewIssues_lbl" xlink:type="arc" />
      <link:label xlink:type="resource" xlink:role="http://www.xbrl.org/2003/role/label" xlink:label="us-gaap_StockIssuedDuringPeriodValueNewIssues_lbl" xml:lang="en-US">Common Stock Issued for Cash</link:label>
      <link:loc xlink:type="locator" xlink:href="http://xbrl.fasb.org/us-gaap/2012/elts/us-gaap-2012-01-31.xsd#us-gaap_StockIssuedDuringPeriodSharesNewIssues" xlink:label="us-gaap_StockIssuedDuringPeriodSharesNewIssues" />
      <link:labelArc xlink:arcrole="http://www.xbrl.org/2003/arcrole/concept-label" xlink:from="us-gaap_StockIssuedDuringPeriodSharesNewIssues" xlink:to="us-gaap_StockIssuedDuringPeriodSharesNewIssues_lbl" xlink:type="arc" />
      <link:label xlink:type="resource" xlink:role="http://www.xbrl.org/2003/role/label" xlink:label="us-gaap_StockIssuedDuringPeriodSharesNewIssues_lbl" xml:lang="en-US">Common Stock Issued for Cash, shares</link:label>
      <link:loc xlink:type="locator" xlink:href="http://xbrl.fasb.org/us-gaap/2012/elts/us-gaap-2012-01-31.xsd#us-gaap_ProceedsFromStockPlans" xlink:label="us-gaap_ProceedsFromStockPlans" />
      <link:labelArc xlink:arcrole="http://www.xbrl.org/2003/arcrole/concept-label" xlink:from="us-gaap_ProceedsFromStockPlans" xlink:to="us-gaap_ProceedsFromStockPlans_lbl" xlink:type="arc" />
      <link:label xlink:type="resource" xlink:role="http://www.xbrl.org/2003/role/label" xlink:label="us-gaap_ProceedsFromStockPlans_lbl" xml:lang="en-US">Cash Received for Stock Subscriptions</link:label>
      <link:loc xlink:type="locator" xlink:href="http://xbrl.fasb.org/us-gaap/2012/elts/us-gaap-2012-01-31.xsd#us-gaap_NetIncomeLoss" xlink:label="us-gaap_NetIncomeLoss" />
      <link:labelArc xlink:arcrole="http://www.xbrl.org/2003/arcrole/concept-label" xlink:from="us-gaap_NetIncomeLoss" xlink:to="us-gaap_NetIncomeLoss_lbl" xlink:type="arc" />
      <link:label xlink:type="resource" xlink:role="http://www.xbrl.org/2003/role/label" xlink:label="us-gaap_NetIncomeLoss_lbl" xml:lang="en-US">Net Loss for the Period</link:label>
      <link:labelArc xlink:arcrole="http://www.xbrl.org/2003/arcrole/concept-label" xlink:from="us-gaap_StockholdersEquity" xlink:to="us-gaap_StockholdersEquity_3_lbl" xlink:type="arc" />
      <link:label xlink:type="resource" xlink:role="http://www.xbrl.org/2003/role/periodEndLabel" xlink:label="us-gaap_StockholdersEquity_3_lbl" xml:lang="en-US">Balance</link:label>
      <link:labelArc xlink:arcrole="http://www.xbrl.org/2003/arcrole/concept-label" xlink:from="us-gaap_SharesOutstanding" xlink:to="us-gaap_SharesOutstanding_2_lbl" xlink:type="arc" />
      <link:label xlink:type="resource" xlink:role="http://www.xbrl.org/2003/role/periodEndLabel" xlink:label="us-gaap_SharesOutstanding_2_lbl" xml:lang="en-US">Balance, shares</link:label>
      <link:loc xlink:type="locator" xlink:href="http://xbrl.fasb.org/us-gaap/2012/elts/us-gaap-2012-01-31.xsd#us-gaap_IncomeStatementAbstract" xlink:label="us-gaap_IncomeStatementAbstract" />
      <link:labelArc xlink:arcrole="http://www.xbrl.org/2003/arcrole/concept-label" xlink:from="us-gaap_IncomeStatementAbstract" xlink:to="us-gaap_IncomeStatementAbstract_lbl" xlink:type="arc" />
      <link:label xlink:type="resource" xlink:role="http://www.xbrl.org/2003/role/label" xlink:label="us-gaap_IncomeStatementAbstract_lbl" xml:lang="en-US">Income Statement [Abstract]</link:label>
      <link:loc xlink:type="locator" xlink:href="http://xbrl.fasb.org/us-gaap/2012/elts/us-gaap-2012-01-31.xsd#us-gaap_Revenues" xlink:label="us-gaap_Revenues" />
      <link:labelArc xlink:arcrole="http://www.xbrl.org/2003/arcrole/concept-label" xlink:from="us-gaap_Revenues" xlink:to="us-gaap_Revenues_lbl" xlink:type="arc" />
      <link:label xlink:type="resource" xlink:role="http://www.xbrl.org/2003/role/label" xlink:label="us-gaap_Revenues_lbl" xml:lang="en-US">Revenues</link:label>
      <link:loc xlink:type="locator" xlink:href="http://xbrl.fasb.org/us-gaap/2012/elts/us-gaap-2012-01-31.xsd#us-gaap_OperatingExpensesAbstract" xlink:label="us-gaap_OperatingExpensesAbstract" />
      <link:labelArc xlink:arcrole="http://www.xbrl.org/2003/arcrole/concept-label" xlink:from="us-gaap_OperatingExpensesAbstract" xlink:to="us-gaap_OperatingExpensesAbstract_lbl" xlink:type="arc" />
      <link:label xlink:type="resource" xlink:role="http://www.xbrl.org/2003/role/label" xlink:label="us-gaap_OperatingExpensesAbstract_lbl" xml:lang="en-US">Expenses</link:label>
      <link:loc xlink:type="locator" xlink:href="afhacqvi-20121031.xsd#AFHACQVI_ConsultingExpenses" xlink:label="AFHACQVI_ConsultingExpenses" />
      <link:labelArc xlink:arcrole="http://www.xbrl.org/2003/arcrole/concept-label" xlink:from="AFHACQVI_ConsultingExpenses" xlink:to="AFHACQVI_ConsultingExpenses_lbl" xlink:type="arc" />
      <link:label xlink:type="resource" xlink:role="http://www.xbrl.org/2003/role/label" xlink:label="AFHACQVI_ConsultingExpenses_lbl" xml:lang="en-US">Consulting</link:label>
      <link:loc xlink:type="locator" xlink:href="http://xbrl.fasb.org/us-gaap/2012/elts/us-gaap-2012-01-31.xsd#us-gaap_InterestExpense" xlink:label="us-gaap_InterestExpense" />
      <link:labelArc xlink:arcrole="http://www.xbrl.org/2003/arcrole/concept-label" xlink:from="us-gaap_InterestExpense" xlink:to="us-gaap_InterestExpense_lbl" xlink:type="arc" />
      <link:label xlink:type="resource" xlink:role="http://www.xbrl.org/2003/role/label" xlink:label="us-gaap_InterestExpense_lbl" xml:lang="en-US">Interest</link:label>
      <link:loc xlink:type="locator" xlink:href="http://xbrl.fasb.org/us-gaap/2012/elts/us-gaap-2012-01-31.xsd#us-gaap_ProfessionalFees" xlink:label="us-gaap_ProfessionalFees" />
      <link:labelArc xlink:arcrole="http://www.xbrl.org/2003/arcrole/concept-label" xlink:from="us-gaap_ProfessionalFees" xlink:to="us-gaap_ProfessionalFees_lbl" xlink:type="arc" />
      <link:label xlink:type="resource" xlink:role="http://www.xbrl.org/2003/role/label" xlink:label="us-gaap_ProfessionalFees_lbl" xml:lang="en-US">Legal and Professional</link:label>
      <link:loc xlink:type="locator" xlink:href="http://xbrl.fasb.org/us-gaap/2012/elts/us-gaap-2012-01-31.xsd#us-gaap_OtherGeneralAndAdministrativeExpense" xlink:label="us-gaap_OtherGeneralAndAdministrativeExpense" />
      <link:labelArc xlink:arcrole="http://www.xbrl.org/2003/arcrole/concept-label" xlink:from="us-gaap_OtherGeneralAndAdministrativeExpense" xlink:to="us-gaap_OtherGeneralAndAdministrativeExpense_lbl" xlink:type="arc" />
      <link:label xlink:type="resource" xlink:role="http://www.xbrl.org/2003/role/label" xlink:label="us-gaap_OtherGeneralAndAdministrativeExpense_lbl" xml:lang="en-US">Office Expenses</link:label>
      <link:loc xlink:type="locator" xlink:href="afhacqvi-20121031.xsd#AFHACQVI_OrganizationalCosts" xlink:label="AFHACQVI_OrganizationalCosts" />
      <link:labelArc xlink:arcrole="http://www.xbrl.org/2003/arcrole/concept-label" xlink:from="AFHACQVI_OrganizationalCosts" xlink:to="AFHACQVI_OrganizationalCosts_lbl" xlink:type="arc" />
      <link:label xlink:type="resource" xlink:role="http://www.xbrl.org/2003/role/label" xlink:label="AFHACQVI_OrganizationalCosts_lbl" xml:lang="en-US">Organizational Costs</link:label>
      <link:loc xlink:type="locator" xlink:href="http://xbrl.fasb.org/us-gaap/2012/elts/us-gaap-2012-01-31.xsd#us-gaap_OperatingExpenses" xlink:label="us-gaap_OperatingExpenses" />
      <link:labelArc xlink:arcrole="http://www.xbrl.org/2003/arcrole/concept-label" xlink:from="us-gaap_OperatingExpenses" xlink:to="us-gaap_OperatingExpenses_lbl" xlink:type="arc" />
      <link:label xlink:type="resource" xlink:role="http://www.xbrl.org/2003/role/totalLabel" xlink:label="us-gaap_OperatingExpenses_lbl" xml:lang="en-US">Total Expenses</link:label>
      <link:loc xlink:type="locator" xlink:href="http://xbrl.fasb.org/us-gaap/2012/elts/us-gaap-2012-01-31.xsd#us-gaap_IncomeLossFromContinuingOperationsBeforeIncomeTaxesExtraordinaryItemsNoncontrollingInterest" xlink:label="us-gaap_IncomeLossFromContinuingOperationsBeforeIncomeTaxesExtraordinaryItemsNoncontrollingInterest" />
      <link:labelArc xlink:arcrole="http://www.xbrl.org/2003/arcrole/concept-label" xlink:from="us-gaap_IncomeLossFromContinuingOperationsBeforeIncomeTaxesExtraordinaryItemsNoncontrollingInterest" xlink:to="us-gaap_IncomeLossFromContinuingOperationsBeforeIncomeTaxesExtraordinaryItemsNoncontrollingInterest_lbl" xlink:type="arc" />
      <link:label xlink:type="resource" xlink:role="http://www.xbrl.org/2003/role/totalLabel" xlink:label="us-gaap_IncomeLossFromContinuingOperationsBeforeIncomeTaxesExtraordinaryItemsNoncontrollingInterest_lbl" xml:lang="en-US">Net Loss for the Period Before Taxes</link:label>
      <link:loc xlink:type="locator" xlink:href="http://xbrl.fasb.org/us-gaap/2012/elts/us-gaap-2012-01-31.xsd#us-gaap_CurrentStateAndLocalTaxExpenseBenefit" xlink:label="us-gaap_CurrentStateAndLocalTaxExpenseBenefit" />
      <link:labelArc xlink:arcrole="http://www.xbrl.org/2003/arcrole/concept-label" xlink:from="us-gaap_CurrentStateAndLocalTaxExpenseBenefit" xlink:to="us-gaap_CurrentStateAndLocalTaxExpenseBenefit_lbl" xlink:type="arc" />
      <link:label xlink:type="resource" xlink:role="http://www.xbrl.org/2003/role/label" xlink:label="us-gaap_CurrentStateAndLocalTaxExpenseBenefit_lbl" xml:lang="en-US">Franchise Tax</link:label>
      <link:labelArc xlink:arcrole="http://www.xbrl.org/2003/arcrole/concept-label" xlink:from="us-gaap_NetIncomeLoss" xlink:to="us-gaap_NetIncomeLoss_2_lbl" xlink:type="arc" />
      <link:label xlink:type="resource" xlink:role="http://www.xbrl.org/2003/role/totalLabel" xlink:label="us-gaap_NetIncomeLoss_2_lbl" xml:lang="en-US">Net Loss for the Period After Taxes</link:label>
      <link:loc xlink:type="locator" xlink:href="http://xbrl.fasb.org/us-gaap/2012/elts/us-gaap-2012-01-31.xsd#us-gaap_EarningsPerShareBasicAndDiluted" xlink:label="us-gaap_EarningsPerShareBasicAndDiluted" />
      <link:labelArc xlink:arcrole="http://www.xbrl.org/2003/arcrole/concept-label" xlink:from="us-gaap_EarningsPerShareBasicAndDiluted" xlink:to="us-gaap_EarningsPerShareBasicAndDiluted_lbl" xlink:type="arc" />
      <link:label xlink:type="resource" xlink:role="http://www.xbrl.org/2003/role/label" xlink:label="us-gaap_EarningsPerShareBasicAndDiluted_lbl" xml:lang="en-US">Loss per Share - Basic and Diluted</link:label>
      <link:loc xlink:type="locator" xlink:href="http://xbrl.fasb.org/us-gaap/2012/elts/us-gaap-2012-01-31.xsd#us-gaap_WeightedAverageNumberOfShareOutstandingBasicAndDiluted" xlink:label="us-gaap_WeightedAverageNumberOfShareOutstandingBasicAndDiluted" />
      <link:labelArc xlink:arcrole="http://www.xbrl.org/2003/arcrole/concept-label" xlink:from="us-gaap_WeightedAverageNumberOfShareOutstandingBasicAndDiluted" xlink:to="us-gaap_WeightedAverageNumberOfShareOutstandingBasicAndDiluted_lbl" xlink:type="arc" />
      <link:label xlink:type="resource" xlink:role="http://www.xbrl.org/2003/role/label" xlink:label="us-gaap_WeightedAverageNumberOfShareOutstandingBasicAndDiluted_lbl" xml:lang="en-US">Weighted Average Common Shares Outstanding</link:label>
      <link:loc xlink:type="locator" xlink:href="http://xbrl.fasb.org/us-gaap/2012/elts/us-gaap-2012-01-31.xsd#us-gaap_StatementOfCashFlowsAbstract" xlink:label="us-gaap_StatementOfCashFlowsAbstract" />
      <link:labelArc xlink:arcrole="http://www.xbrl.org/2003/arcrole/concept-label" xlink:from="us-gaap_StatementOfCashFlowsAbstract" xlink:to="us-gaap_StatementOfCashFlowsAbstract_lbl" xlink:type="arc" />
      <link:label xlink:type="resource" xlink:role="http://www.xbrl.org/2003/role/label" xlink:label="us-gaap_StatementOfCashFlowsAbstract_lbl" xml:lang="en-US">Statement of Cash Flows [Abstract]</link:label>
      <link:loc xlink:type="locator" xlink:href="http://xbrl.fasb.org/us-gaap/2012/elts/us-gaap-2012-01-31.xsd#us-gaap_NetCashProvidedByUsedInOperatingActivitiesAbstract" xlink:label="us-gaap_NetCashProvidedByUsedInOperatingActivitiesAbstract" />
      <link:labelArc xlink:arcrole="http://www.xbrl.org/2003/arcrole/concept-label" xlink:from="us-gaap_NetCashProvidedByUsedInOperatingActivitiesAbstract" xlink:to="us-gaap_NetCashProvidedByUsedInOperatingActivitiesAbstract_lbl" xlink:type="arc" />
      <link:label xlink:type="resource" xlink:role="http://www.xbrl.org/2003/role/label" xlink:label="us-gaap_NetCashProvidedByUsedInOperatingActivitiesAbstract_lbl" xml:lang="en-US">Cash Flows from Operating Activities</link:label>
      <link:loc xlink:type="locator" xlink:href="http://xbrl.fasb.org/us-gaap/2012/elts/us-gaap-2012-01-31.xsd#us-gaap_IncreaseDecreaseInOperatingCapitalAbstract" xlink:label="us-gaap_IncreaseDecreaseInOperatingCapitalAbstract" />
      <link:labelArc xlink:arcrole="http://www.xbrl.org/2003/arcrole/concept-label" xlink:from="us-gaap_IncreaseDecreaseInOperatingCapitalAbstract" xlink:to="us-gaap_IncreaseDecreaseInOperatingCapitalAbstract_lbl" xlink:type="arc" />
      <link:label xlink:type="resource" xlink:role="http://www.xbrl.org/2003/role/label" xlink:label="us-gaap_IncreaseDecreaseInOperatingCapitalAbstract_lbl" xml:lang="en-US">Changes in Assets and Liabilities:</link:label>
      <link:loc xlink:type="locator" xlink:href="http://xbrl.fasb.org/us-gaap/2012/elts/us-gaap-2012-01-31.xsd#us-gaap_IncreaseDecreaseInPrepaidExpense" xlink:label="us-gaap_IncreaseDecreaseInPrepaidExpense" />
      <link:labelArc xlink:arcrole="http://www.xbrl.org/2003/arcrole/concept-label" xlink:from="us-gaap_IncreaseDecreaseInPrepaidExpense" xlink:to="us-gaap_IncreaseDecreaseInPrepaidExpense_lbl" xlink:type="arc" />
      <link:label xlink:type="resource" xlink:role="http://www.xbrl.org/2003/role/label" xlink:label="us-gaap_IncreaseDecreaseInPrepaidExpense_lbl" xml:lang="en-US">Prepaid Expenses</link:label>
      <link:loc xlink:type="locator" xlink:href="http://xbrl.fasb.org/us-gaap/2012/elts/us-gaap-2012-01-31.xsd#us-gaap_IncreaseDecreaseInAccruedLiabilities" xlink:label="us-gaap_IncreaseDecreaseInAccruedLiabilities" />
      <link:labelArc xlink:arcrole="http://www.xbrl.org/2003/arcrole/concept-label" xlink:from="us-gaap_IncreaseDecreaseInAccruedLiabilities" xlink:to="us-gaap_IncreaseDecreaseInAccruedLiabilities_lbl" xlink:type="arc" />
      <link:label xlink:type="resource" xlink:role="http://www.xbrl.org/2003/role/verboseLabel" xlink:label="us-gaap_IncreaseDecreaseInAccruedLiabilities_lbl" xml:lang="en-US">Accrued Expenses</link:label>
      <link:loc xlink:type="locator" xlink:href="http://xbrl.fasb.org/us-gaap/2012/elts/us-gaap-2012-01-31.xsd#us-gaap_NetCashProvidedByUsedInOperatingActivities" xlink:label="us-gaap_NetCashProvidedByUsedInOperatingActivities" />
      <link:labelArc xlink:arcrole="http://www.xbrl.org/2003/arcrole/concept-label" xlink:from="us-gaap_NetCashProvidedByUsedInOperatingActivities" xlink:to="us-gaap_NetCashProvidedByUsedInOperatingActivities_lbl" xlink:type="arc" />
      <link:label xlink:type="resource" xlink:role="http://www.xbrl.org/2003/role/totalLabel" xlink:label="us-gaap_NetCashProvidedByUsedInOperatingActivities_lbl" xml:lang="en-US">Net Cash Flows from Operating Activities</link:label>
      <link:loc xlink:type="locator" xlink:href="http://xbrl.fasb.org/us-gaap/2012/elts/us-gaap-2012-01-31.xsd#us-gaap_NetCashProvidedByUsedInInvestingActivities" xlink:label="us-gaap_NetCashProvidedByUsedInInvestingActivities" />
      <link:labelArc xlink:arcrole="http://www.xbrl.org/2003/arcrole/concept-label" xlink:from="us-gaap_NetCashProvidedByUsedInInvestingActivities" xlink:to="us-gaap_NetCashProvidedByUsedInInvestingActivities_lbl" xlink:type="arc" />
      <link:label xlink:type="resource" xlink:role="http://www.xbrl.org/2003/role/label" xlink:label="us-gaap_NetCashProvidedByUsedInInvestingActivities_lbl" xml:lang="en-US">Net Cash Flows from Investing Activities</link:label>
      <link:loc xlink:type="locator" xlink:href="http://xbrl.fasb.org/us-gaap/2012/elts/us-gaap-2012-01-31.xsd#us-gaap_NetCashProvidedByUsedInFinancingActivitiesAbstract" xlink:label="us-gaap_NetCashProvidedByUsedInFinancingActivitiesAbstract" />
      <link:labelArc xlink:arcrole="http://www.xbrl.org/2003/arcrole/concept-label" xlink:from="us-gaap_NetCashProvidedByUsedInFinancingActivitiesAbstract" xlink:to="us-gaap_NetCashProvidedByUsedInFinancingActivitiesAbstract_lbl" xlink:type="arc" />
      <link:label xlink:type="resource" xlink:role="http://www.xbrl.org/2003/role/label" xlink:label="us-gaap_NetCashProvidedByUsedInFinancingActivitiesAbstract_lbl" xml:lang="en-US">Cash Flows from Financing Activities</link:label>
      <link:loc xlink:type="locator" xlink:href="http://xbrl.fasb.org/us-gaap/2012/elts/us-gaap-2012-01-31.xsd#us-gaap_RepaymentsOfRelatedPartyDebt" xlink:label="us-gaap_RepaymentsOfRelatedPartyDebt" />
      <link:labelArc xlink:arcrole="http://www.xbrl.org/2003/arcrole/concept-label" xlink:from="us-gaap_RepaymentsOfRelatedPartyDebt" xlink:to="us-gaap_RepaymentsOfRelatedPartyDebt_lbl" xlink:type="arc" />
      <link:label xlink:type="resource" xlink:role="http://www.xbrl.org/2009/role/negatedLabel" xlink:label="us-gaap_RepaymentsOfRelatedPartyDebt_lbl" xml:lang="en-US">Cash Advance by (Repayment to) Parent</link:label>
      <link:labelArc xlink:arcrole="http://www.xbrl.org/2003/arcrole/concept-label" xlink:from="us-gaap_ProceedsFromStockPlans" xlink:to="us-gaap_ProceedsFromStockPlans_2_lbl" xlink:type="arc" />
      <link:label xlink:type="resource" xlink:role="http://www.xbrl.org/2003/role/verboseLabel" xlink:label="us-gaap_ProceedsFromStockPlans_2_lbl" xml:lang="en-US">Cash Proceeds from Stock Subscriptions</link:label>
      <link:loc xlink:type="locator" xlink:href="http://xbrl.fasb.org/us-gaap/2012/elts/us-gaap-2012-01-31.xsd#us-gaap_ProceedsFromIssuanceOrSaleOfEquity" xlink:label="us-gaap_ProceedsFromIssuanceOrSaleOfEquity" />
      <link:labelArc xlink:arcrole="http://www.xbrl.org/2003/arcrole/concept-label" xlink:from="us-gaap_ProceedsFromIssuanceOrSaleOfEquity" xlink:to="us-gaap_ProceedsFromIssuanceOrSaleOfEquity_lbl" xlink:type="arc" />
      <link:label xlink:type="resource" xlink:role="http://www.xbrl.org/2003/role/label" xlink:label="us-gaap_ProceedsFromIssuanceOrSaleOfEquity_lbl" xml:lang="en-US">Cash Proceeds from Sale of Stock</link:label>
      <link:loc xlink:type="locator" xlink:href="http://xbrl.fasb.org/us-gaap/2012/elts/us-gaap-2012-01-31.xsd#us-gaap_NetCashProvidedByUsedInFinancingActivities" xlink:label="us-gaap_NetCashProvidedByUsedInFinancingActivities" />
      <link:labelArc xlink:arcrole="http://www.xbrl.org/2003/arcrole/concept-label" xlink:from="us-gaap_NetCashProvidedByUsedInFinancingActivities" xlink:to="us-gaap_NetCashProvidedByUsedInFinancingActivities_lbl" xlink:type="arc" />
      <link:label xlink:type="resource" xlink:role="http://www.xbrl.org/2003/role/totalLabel" xlink:label="us-gaap_NetCashProvidedByUsedInFinancingActivities_lbl" xml:lang="en-US">Net Cash Flows from Financing Activities</link:label>
      <link:loc xlink:type="locator" xlink:href="http://xbrl.fasb.org/us-gaap/2012/elts/us-gaap-2012-01-31.xsd#us-gaap_CashAndCashEquivalentsPeriodIncreaseDecrease" xlink:label="us-gaap_CashAndCashEquivalentsPeriodIncreaseDecrease" />
      <link:labelArc xlink:arcrole="http://www.xbrl.org/2003/arcrole/concept-label" xlink:from="us-gaap_CashAndCashEquivalentsPeriodIncreaseDecrease" xlink:to="us-gaap_CashAndCashEquivalentsPeriodIncreaseDecrease_lbl" xlink:type="arc" />
      <link:label xlink:type="resource" xlink:role="http://www.xbrl.org/2003/role/label" xlink:label="us-gaap_CashAndCashEquivalentsPeriodIncreaseDecrease_lbl" xml:lang="en-US">Net Change in Cash and Cash Equivalents</link:label>
      <link:labelArc xlink:arcrole="http://www.xbrl.org/2003/arcrole/concept-label" xlink:from="us-gaap_CashAndCashEquivalentsAtCarryingValue" xlink:to="us-gaap_CashAndCashEquivalentsAtCarryingValue_2_lbl" xlink:type="arc" />
      <link:label xlink:type="resource" xlink:role="http://www.xbrl.org/2003/role/periodStartLabel" xlink:label="us-gaap_CashAndCashEquivalentsAtCarryingValue_2_lbl" xml:lang="en-US">Cash and Cash Equivalents - Beginning of Period</link:label>
      <link:labelArc xlink:arcrole="http://www.xbrl.org/2003/arcrole/concept-label" xlink:from="us-gaap_CashAndCashEquivalentsAtCarryingValue" xlink:to="us-gaap_CashAndCashEquivalentsAtCarryingValue_3_lbl" xlink:type="arc" />
      <link:label xlink:type="resource" xlink:role="http://www.xbrl.org/2003/role/periodEndLabel" xlink:label="us-gaap_CashAndCashEquivalentsAtCarryingValue_3_lbl" xml:lang="en-US">Cash and Cash Equivalents - End of Period</link:label>
      <link:loc xlink:type="locator" xlink:href="http://xbrl.fasb.org/us-gaap/2012/elts/us-gaap-2012-01-31.xsd#us-gaap_CashAndCashEquivalentsAbstract" xlink:label="us-gaap_CashAndCashEquivalentsAbstract" />
      <link:labelArc xlink:arcrole="http://www.xbrl.org/2003/arcrole/concept-label" xlink:from="us-gaap_CashAndCashEquivalentsAbstract" xlink:to="us-gaap_CashAndCashEquivalentsAbstract_lbl" xlink:type="arc" />
      <link:label xlink:type="resource" xlink:role="http://www.xbrl.org/2003/role/label" xlink:label="us-gaap_CashAndCashEquivalentsAbstract_lbl" xml:lang="en-US">Cash Paid During the Period for:</link:label>
      <link:loc xlink:type="locator" xlink:href="http://xbrl.fasb.org/us-gaap/2012/elts/us-gaap-2012-01-31.xsd#us-gaap_InterestPaid" xlink:label="us-gaap_InterestPaid" />
      <link:labelArc xlink:arcrole="http://www.xbrl.org/2003/arcrole/concept-label" xlink:from="us-gaap_InterestPaid" xlink:to="us-gaap_InterestPaid_lbl" xlink:type="arc" />
      <link:label xlink:type="resource" xlink:role="http://www.xbrl.org/2003/role/verboseLabel" xlink:label="us-gaap_InterestPaid_lbl" xml:lang="en-US">Interest</link:label>
      <link:loc xlink:type="locator" xlink:href="http://xbrl.fasb.org/us-gaap/2012/elts/us-gaap-2012-01-31.xsd#us-gaap_IncomeTaxesPaidNet" xlink:label="us-gaap_IncomeTaxesPaidNet" />
      <link:labelArc xlink:arcrole="http://www.xbrl.org/2003/arcrole/concept-label" xlink:from="us-gaap_IncomeTaxesPaidNet" xlink:to="us-gaap_IncomeTaxesPaidNet_lbl" xlink:type="arc" />
      <link:label xlink:type="resource" xlink:role="http://www.xbrl.org/2003/role/label" xlink:label="us-gaap_IncomeTaxesPaidNet_lbl" xml:lang="en-US">Income Taxes</link:label>
      <link:loc xlink:type="locator" xlink:href="afhacqvi-20121031.xsd#AFHACQVI_CompanyAbstract" xlink:label="AFHACQVI_CompanyAbstract" />
      <link:labelArc xlink:arcrole="http://www.xbrl.org/2003/arcrole/concept-label" xlink:from="AFHACQVI_CompanyAbstract" xlink:to="AFHACQVI_CompanyAbstract_lbl" xlink:type="arc" />
      <link:label xlink:type="resource" xlink:role="http://www.xbrl.org/2003/role/label" xlink:label="AFHACQVI_CompanyAbstract_lbl" xml:lang="en-US">Company</link:label>
      <link:loc xlink:type="locator" xlink:href="afhacqvi-20121031.xsd#AFHACQVI_CompanyDisclosureTextBlock" xlink:label="AFHACQVI_CompanyDisclosureTextBlock" />
      <link:labelArc xlink:arcrole="http://www.xbrl.org/2003/arcrole/concept-label" xlink:from="AFHACQVI_CompanyDisclosureTextBlock" xlink:to="AFHACQVI_CompanyDisclosureTextBlock_lbl" xlink:type="arc" />
      <link:label xlink:type="resource" xlink:role="http://www.xbrl.org/2003/role/label" xlink:label="AFHACQVI_CompanyDisclosureTextBlock_lbl" xml:lang="en-US">The Company</link:label>
      <link:loc xlink:type="locator" xlink:href="http://xbrl.fasb.org/us-gaap/2012/elts/us-gaap-2012-01-31.xsd#us-gaap_AccountingPoliciesAbstract" xlink:label="us-gaap_AccountingPoliciesAbstract" />
      <link:labelArc xlink:arcrole="http://www.xbrl.org/2003/arcrole/concept-label" xlink:from="us-gaap_AccountingPoliciesAbstract" xlink:to="us-gaap_AccountingPoliciesAbstract_lbl" xlink:type="arc" />
      <link:label xlink:type="resource" xlink:role="http://www.xbrl.org/2003/role/label" xlink:label="us-gaap_AccountingPoliciesAbstract_lbl" xml:lang="en-US">Accounting Policies [Abstract]</link:label>
      <link:loc xlink:type="locator" xlink:href="http://xbrl.fasb.org/us-gaap/2012/elts/us-gaap-2012-01-31.xsd#us-gaap_SignificantAccountingPoliciesTextBlock" xlink:label="us-gaap_SignificantAccountingPoliciesTextBlock" />
      <link:labelArc xlink:arcrole="http://www.xbrl.org/2003/arcrole/concept-label" xlink:from="us-gaap_SignificantAccountingPoliciesTextBlock" xlink:to="us-gaap_SignificantAccountingPoliciesTextBlock_lbl" xlink:type="arc" />
      <link:label xlink:type="resource" xlink:role="http://www.xbrl.org/2003/role/label" xlink:label="us-gaap_SignificantAccountingPoliciesTextBlock_lbl" xml:lang="en-US">Summary of Significant Accounting Policies</link:label>
      <link:loc xlink:type="locator" xlink:href="http://xbrl.fasb.org/us-gaap/2012/elts/us-gaap-2012-01-31.xsd#us-gaap_EquityAbstract" xlink:label="us-gaap_EquityAbstract" />
      <link:labelArc xlink:arcrole="http://www.xbrl.org/2003/arcrole/concept-label" xlink:from="us-gaap_EquityAbstract" xlink:to="us-gaap_EquityAbstract_lbl" xlink:type="arc" />
      <link:label xlink:type="resource" xlink:role="http://www.xbrl.org/2003/role/label" xlink:label="us-gaap_EquityAbstract_lbl" xml:lang="en-US">Equity [Abstract]</link:label>
      <link:loc xlink:type="locator" xlink:href="http://xbrl.fasb.org/us-gaap/2012/elts/us-gaap-2012-01-31.xsd#us-gaap_StockholdersEquityNoteDisclosureTextBlock" xlink:label="us-gaap_StockholdersEquityNoteDisclosureTextBlock" />
      <link:labelArc xlink:arcrole="http://www.xbrl.org/2003/arcrole/concept-label" xlink:from="us-gaap_StockholdersEquityNoteDisclosureTextBlock" xlink:to="us-gaap_StockholdersEquityNoteDisclosureTextBlock_lbl" xlink:type="arc" />
      <link:label xlink:type="resource" xlink:role="http://www.xbrl.org/2003/role/label" xlink:label="us-gaap_StockholdersEquityNoteDisclosureTextBlock_lbl" xml:lang="en-US">Equity Securities</link:label>
      <link:loc xlink:type="locator" xlink:href="afhacqvi-20121031.xsd#AFHACQVI_GoingConcernDisclosureAbstract" xlink:label="AFHACQVI_GoingConcernDisclosureAbstract" />
      <link:labelArc xlink:arcrole="http://www.xbrl.org/2003/arcrole/concept-label" xlink:from="AFHACQVI_GoingConcernDisclosureAbstract" xlink:to="AFHACQVI_GoingConcernDisclosureAbstract_lbl" xlink:type="arc" />
      <link:label xlink:type="resource" xlink:role="http://www.xbrl.org/2003/role/label" xlink:label="AFHACQVI_GoingConcernDisclosureAbstract_lbl" xml:lang="en-US">Going Concern</link:label>
      <link:loc xlink:type="locator" xlink:href="afhacqvi-20121031.xsd#AFHACQVI_GoingConcernDisclosureTextBlock" xlink:label="AFHACQVI_GoingConcernDisclosureTextBlock" />
      <link:labelArc xlink:arcrole="http://www.xbrl.org/2003/arcrole/concept-label" xlink:from="AFHACQVI_GoingConcernDisclosureTextBlock" xlink:to="AFHACQVI_GoingConcernDisclosureTextBlock_lbl" xlink:type="arc" />
      <link:label xlink:type="resource" xlink:role="http://www.xbrl.org/2003/role/verboseLabel" xlink:label="AFHACQVI_GoingConcernDisclosureTextBlock_lbl" xml:lang="en-US">Going Concern</link:label>
      <link:loc xlink:type="locator" xlink:href="http://xbrl.fasb.org/us-gaap/2012/elts/us-gaap-2012-01-31.xsd#us-gaap_RelatedPartyTransactionsAbstract" xlink:label="us-gaap_RelatedPartyTransactionsAbstract" />
      <link:labelArc xlink:arcrole="http://www.xbrl.org/2003/arcrole/concept-label" xlink:from="us-gaap_RelatedPartyTransactionsAbstract" xlink:to="us-gaap_RelatedPartyTransactionsAbstract_lbl" xlink:type="arc" />
      <link:label xlink:type="resource" xlink:role="http://www.xbrl.org/2003/role/label" xlink:label="us-gaap_RelatedPartyTransactionsAbstract_lbl" xml:lang="en-US">Related Party Transactions [Abstract]</link:label>
      <link:loc xlink:type="locator" xlink:href="http://xbrl.fasb.org/us-gaap/2012/elts/us-gaap-2012-01-31.xsd#us-gaap_RelatedPartyTransactionsDisclosureTextBlock" xlink:label="us-gaap_RelatedPartyTransactionsDisclosureTextBlock" />
      <link:labelArc xlink:arcrole="http://www.xbrl.org/2003/arcrole/concept-label" xlink:from="us-gaap_RelatedPartyTransactionsDisclosureTextBlock" xlink:to="us-gaap_RelatedPartyTransactionsDisclosureTextBlock_lbl" xlink:type="arc" />
      <link:label xlink:type="resource" xlink:role="http://www.xbrl.org/2003/role/verboseLabel" xlink:label="us-gaap_RelatedPartyTransactionsDisclosureTextBlock_lbl" xml:lang="en-US">Due to Parent</link:label>
      <link:loc xlink:type="locator" xlink:href="http://xbrl.fasb.org/us-gaap/2012/elts/us-gaap-2012-01-31.xsd#us-gaap_BasisOfAccountingPolicyPolicyTextBlock" xlink:label="us-gaap_BasisOfAccountingPolicyPolicyTextBlock" />
      <link:labelArc xlink:arcrole="http://www.xbrl.org/2003/arcrole/concept-label" xlink:from="us-gaap_BasisOfAccountingPolicyPolicyTextBlock" xlink:to="us-gaap_BasisOfAccountingPolicyPolicyTextBlock_lbl" xlink:type="arc" />
      <link:label xlink:type="resource" xlink:role="http://www.xbrl.org/2003/role/label" xlink:label="us-gaap_BasisOfAccountingPolicyPolicyTextBlock_lbl" xml:lang="en-US">Method of Accounting</link:label>
      <link:loc xlink:type="locator" xlink:href="afhacqvi-20121031.xsd#AFHACQVI_DevelopmentStagePolicyPolicyTextBlock" xlink:label="AFHACQVI_DevelopmentStagePolicyPolicyTextBlock" />
      <link:labelArc xlink:arcrole="http://www.xbrl.org/2003/arcrole/concept-label" xlink:from="AFHACQVI_DevelopmentStagePolicyPolicyTextBlock" xlink:to="AFHACQVI_DevelopmentStagePolicyPolicyTextBlock_lbl" xlink:type="arc" />
      <link:label xlink:type="resource" xlink:role="http://www.xbrl.org/2003/role/label" xlink:label="AFHACQVI_DevelopmentStagePolicyPolicyTextBlock_lbl" xml:lang="en-US">Development Stage</link:label>
      <link:loc xlink:type="locator" xlink:href="http://xbrl.fasb.org/us-gaap/2012/elts/us-gaap-2012-01-31.xsd#us-gaap_CashAndCashEquivalentsPolicyTextBlock" xlink:label="us-gaap_CashAndCashEquivalentsPolicyTextBlock" />
      <link:labelArc xlink:arcrole="http://www.xbrl.org/2003/arcrole/concept-label" xlink:from="us-gaap_CashAndCashEquivalentsPolicyTextBlock" xlink:to="us-gaap_CashAndCashEquivalentsPolicyTextBlock_lbl" xlink:type="arc" />
      <link:label xlink:type="resource" xlink:role="http://www.xbrl.org/2003/role/verboseLabel" xlink:label="us-gaap_CashAndCashEquivalentsPolicyTextBlock_lbl" xml:lang="en-US">Cash and Cash Equivalents</link:label>
      <link:loc xlink:type="locator" xlink:href="http://xbrl.fasb.org/us-gaap/2012/elts/us-gaap-2012-01-31.xsd#us-gaap_EarningsPerSharePolicyTextBlock" xlink:label="us-gaap_EarningsPerSharePolicyTextBlock" />
      <link:labelArc xlink:arcrole="http://www.xbrl.org/2003/arcrole/concept-label" xlink:from="us-gaap_EarningsPerSharePolicyTextBlock" xlink:to="us-gaap_EarningsPerSharePolicyTextBlock_lbl" xlink:type="arc" />
      <link:label xlink:type="resource" xlink:role="http://www.xbrl.org/2003/role/label" xlink:label="us-gaap_EarningsPerSharePolicyTextBlock_lbl" xml:lang="en-US">Loss Per Common Share</link:label>
      <link:loc xlink:type="locator" xlink:href="http://xbrl.fasb.org/us-gaap/2012/elts/us-gaap-2012-01-31.xsd#us-gaap_UseOfEstimates" xlink:label="us-gaap_UseOfEstimates" />
      <link:labelArc xlink:arcrole="http://www.xbrl.org/2003/arcrole/concept-label" xlink:from="us-gaap_UseOfEstimates" xlink:to="us-gaap_UseOfEstimates_lbl" xlink:type="arc" />
      <link:label xlink:type="resource" xlink:role="http://www.xbrl.org/2003/role/label" xlink:label="us-gaap_UseOfEstimates_lbl" xml:lang="en-US">Use of Estimates</link:label>
      <link:loc xlink:type="locator" xlink:href="afhacqvi-20121031.xsd#AFHACQVI_OrganizationalCostsPolicyPolicyTextBlock" xlink:label="AFHACQVI_OrganizationalCostsPolicyPolicyTextBlock" />
      <link:labelArc xlink:arcrole="http://www.xbrl.org/2003/arcrole/concept-label" xlink:from="AFHACQVI_OrganizationalCostsPolicyPolicyTextBlock" xlink:to="AFHACQVI_OrganizationalCostsPolicyPolicyTextBlock_lbl" xlink:type="arc" />
      <link:label xlink:type="resource" xlink:role="http://www.xbrl.org/2003/role/verboseLabel" xlink:label="AFHACQVI_OrganizationalCostsPolicyPolicyTextBlock_lbl" xml:lang="en-US">Organizational Costs</link:label>
      <link:loc xlink:type="locator" xlink:href="http://xbrl.fasb.org/us-gaap/2012/elts/us-gaap-2012-01-31.xsd#us-gaap_IncomeTaxPolicyTextBlock" xlink:label="us-gaap_IncomeTaxPolicyTextBlock" />
      <link:labelArc xlink:arcrole="http://www.xbrl.org/2003/arcrole/concept-label" xlink:from="us-gaap_IncomeTaxPolicyTextBlock" xlink:to="us-gaap_IncomeTaxPolicyTextBlock_lbl" xlink:type="arc" />
      <link:label xlink:type="resource" xlink:role="http://www.xbrl.org/2003/role/verboseLabel" xlink:label="us-gaap_IncomeTaxPolicyTextBlock_lbl" xml:lang="en-US">Income Taxes</link:label>
      <link:loc xlink:type="locator" xlink:href="http://xbrl.fasb.org/us-gaap/2012/elts/us-gaap-2012-01-31.xsd#us-gaap_FinancialInstrumentsDisclosureTextBlock" xlink:label="us-gaap_FinancialInstrumentsDisclosureTextBlock" />
      <link:labelArc xlink:arcrole="http://www.xbrl.org/2003/arcrole/concept-label" xlink:from="us-gaap_FinancialInstrumentsDisclosureTextBlock" xlink:to="us-gaap_FinancialInstrumentsDisclosureTextBlock_lbl" xlink:type="arc" />
      <link:label xlink:type="resource" xlink:role="http://www.xbrl.org/2003/role/label" xlink:label="us-gaap_FinancialInstrumentsDisclosureTextBlock_lbl" xml:lang="en-US">Financial Instruments</link:label>
      <link:loc xlink:type="locator" xlink:href="http://xbrl.fasb.org/us-gaap/2012/elts/us-gaap-2012-01-31.xsd#us-gaap_NewAccountingPronouncementsPolicyPolicyTextBlock" xlink:label="us-gaap_NewAccountingPronouncementsPolicyPolicyTextBlock" />
      <link:labelArc xlink:arcrole="http://www.xbrl.org/2003/arcrole/concept-label" xlink:from="us-gaap_NewAccountingPronouncementsPolicyPolicyTextBlock" xlink:to="us-gaap_NewAccountingPronouncementsPolicyPolicyTextBlock_lbl" xlink:type="arc" />
      <link:label xlink:type="resource" xlink:role="http://www.xbrl.org/2003/role/label" xlink:label="us-gaap_NewAccountingPronouncementsPolicyPolicyTextBlock_lbl" xml:lang="en-US">Recent Pronouncements</link:label>
      <link:labelArc xlink:arcrole="http://www.xbrl.org/2003/arcrole/concept-label" xlink:from="AFHACQVI_GoingConcernDisclosureAbstract" xlink:to="AFHACQVI_GoingConcernDisclosureAbstract_2_lbl" xlink:type="arc" />
      <link:label xlink:type="resource" xlink:role="http://www.xbrl.org/2003/role/verboseLabel" xlink:label="AFHACQVI_GoingConcernDisclosureAbstract_2_lbl" xml:lang="en-US">Going Concern Details Narrative</link:label>
      <link:loc xlink:type="locator" xlink:href="http://xbrl.fasb.org/us-gaap/2012/elts/us-gaap-2012-01-31.xsd#us-gaap_RetainedEarningsAccumulatedDeficit" xlink:label="us-gaap_RetainedEarningsAccumulatedDeficit" />
      <link:labelArc xlink:arcrole="http://www.xbrl.org/2003/arcrole/concept-label" xlink:from="us-gaap_RetainedEarningsAccumulatedDeficit" xlink:to="us-gaap_RetainedEarningsAccumulatedDeficit_lbl" xlink:type="arc" />
      <link:label xlink:type="resource" xlink:role="http://www.xbrl.org/2003/role/label" xlink:label="us-gaap_RetainedEarningsAccumulatedDeficit_lbl" xml:lang="en-US">Accumulated deficit</link:label>
      <link:labelArc xlink:arcrole="http://www.xbrl.org/2003/arcrole/concept-label" xlink:from="AFHACQVI_CompanyDisclosureTextBlock" xlink:to="AFHACQVI_CompanyDisclosureTextBlock_doc" xlink:type="arc" />
      <link:label xlink:type="resource" xlink:role="http://www.xbrl.org/2003/role/documentation" xlink:label="AFHACQVI_CompanyDisclosureTextBlock_doc" xml:lang="en-US">Company Disclosure [Text Block]</link:label>
      <link:labelArc xlink:arcrole="http://www.xbrl.org/2003/arcrole/concept-label" xlink:from="AFHACQVI_ConsultingExpenses" xlink:to="AFHACQVI_ConsultingExpenses_doc" xlink:type="arc" />
      <link:label xlink:type="resource" xlink:role="http://www.xbrl.org/2003/role/documentation" xlink:label="AFHACQVI_ConsultingExpenses_doc" xml:lang="en-US">Consulting Expenses</link:label>
      <link:labelArc xlink:arcrole="http://www.xbrl.org/2003/arcrole/concept-label" xlink:from="AFHACQVI_DocumentAndEntityInformationAbstract" xlink:to="AFHACQVI_DocumentAndEntityInformationAbstract_doc" xlink:type="arc" />
      <link:label xlink:type="resource" xlink:role="http://www.xbrl.org/2003/role/documentation" xlink:label="AFHACQVI_DocumentAndEntityInformationAbstract_doc" xml:lang="en-US">Document And Entity Information</link:label>
      <link:labelArc xlink:arcrole="http://www.xbrl.org/2003/arcrole/concept-label" xlink:from="AFHACQVI_GoingConcernDisclosureTextBlock" xlink:to="AFHACQVI_GoingConcernDisclosureTextBlock_doc" xlink:type="arc" />
      <link:label xlink:type="resource" xlink:role="http://www.xbrl.org/2003/role/documentation" xlink:label="AFHACQVI_GoingConcernDisclosureTextBlock_doc" xml:lang="en-US">Going Concern Disclosure [Text Block]</link:label>
      <link:labelArc xlink:arcrole="http://www.xbrl.org/2003/arcrole/concept-label" xlink:from="AFHACQVI_OrganizationalCosts" xlink:to="AFHACQVI_OrganizationalCosts_doc" xlink:type="arc" />
      <link:label xlink:type="resource" xlink:role="http://www.xbrl.org/2003/role/documentation" xlink:label="AFHACQVI_OrganizationalCosts_doc" xml:lang="en-US">Organizational Costs</link:label>
      <link:labelArc xlink:arcrole="http://www.xbrl.org/2003/arcrole/concept-label" xlink:from="AFHACQVI_OrganizationalCostsPolicyPolicyTextBlock" xlink:to="AFHACQVI_OrganizationalCostsPolicyPolicyTextBlock_doc" xlink:type="arc" />
      <link:label xlink:type="resource" xlink:role="http://www.xbrl.org/2003/role/documentation" xlink:label="AFHACQVI_OrganizationalCostsPolicyPolicyTextBlock_doc" xml:lang="en-US">Organizational Costs Policy [Policy Text Block]</link:label>
      <link:labelArc xlink:arcrole="http://www.xbrl.org/2003/arcrole/concept-label" xlink:from="AFHACQVI_DevelopmentStagePolicyPolicyTextBlock" xlink:to="AFHACQVI_DevelopmentStagePolicyPolicyTextBlock_doc" xlink:type="arc" />
      <link:label xlink:type="resource" xlink:role="http://www.xbrl.org/2003/role/documentation" xlink:label="AFHACQVI_DevelopmentStagePolicyPolicyTextBlock_doc" xml:lang="en-US">Development Stage Policy Policy Text Block</link:label>
      <link:labelArc xlink:arcrole="http://www.xbrl.org/2003/arcrole/concept-label" xlink:from="us-gaap_Liabilities" xlink:to="us-gaap_Liabilities_2_lbl" xlink:type="arc" />
      <link:label xlink:type="resource" xlink:role="http://www.xbrl.org/2003/role/label" xlink:label="us-gaap_Liabilities_2_lbl" xml:lang="en-US">Liabilities [Default Label]</link:label>
      <link:labelArc xlink:arcrole="http://www.xbrl.org/2003/arcrole/concept-label" xlink:from="us-gaap_DevelopmentStageEnterpriseDeficitAccumulatedDuringDevelopmentStage" xlink:to="us-gaap_DevelopmentStageEnterpriseDeficitAccumulatedDuringDevelopmentStage_2_lbl" xlink:type="arc" />
      <link:label xlink:type="resource" xlink:role="http://www.xbrl.org/2003/role/label" xlink:label="us-gaap_DevelopmentStageEnterpriseDeficitAccumulatedDuringDevelopmentStage_2_lbl" xml:lang="en-US">Development Stage Enterprise, Deficit Accumulated During Development Stage</link:label>
      <link:labelArc xlink:arcrole="http://www.xbrl.org/2003/arcrole/concept-label" xlink:from="us-gaap_StockholdersEquity" xlink:to="us-gaap_StockholdersEquity_4_lbl" xlink:type="arc" />
      <link:label xlink:type="resource" xlink:role="http://www.xbrl.org/2003/role/label" xlink:label="us-gaap_StockholdersEquity_4_lbl" xml:lang="en-US">Stockholders' Equity Attributable to Parent</link:label>
      <link:labelArc xlink:arcrole="http://www.xbrl.org/2003/arcrole/concept-label" xlink:from="us-gaap_LiabilitiesAndStockholdersEquity" xlink:to="us-gaap_LiabilitiesAndStockholdersEquity_2_lbl" xlink:type="arc" />
      <link:label xlink:type="resource" xlink:role="http://www.xbrl.org/2003/role/label" xlink:label="us-gaap_LiabilitiesAndStockholdersEquity_2_lbl" xml:lang="en-US">Liabilities and Equity</link:label>
      <link:labelArc xlink:arcrole="http://www.xbrl.org/2003/arcrole/concept-label" xlink:from="us-gaap_SharesOutstanding" xlink:to="us-gaap_SharesOutstanding_3_lbl" xlink:type="arc" />
      <link:label xlink:type="resource" xlink:role="http://www.xbrl.org/2003/role/label" xlink:label="us-gaap_SharesOutstanding_3_lbl" xml:lang="en-US">Shares, Outstanding</link:label>
      <link:labelArc xlink:arcrole="http://www.xbrl.org/2003/arcrole/concept-label" xlink:from="us-gaap_OperatingExpenses" xlink:to="us-gaap_OperatingExpenses_2_lbl" xlink:type="arc" />
      <link:label xlink:type="resource" xlink:role="http://www.xbrl.org/2003/role/label" xlink:label="us-gaap_OperatingExpenses_2_lbl" xml:lang="en-US">Operating Expenses</link:label>
      <link:labelArc xlink:arcrole="http://www.xbrl.org/2003/arcrole/concept-label" xlink:from="us-gaap_IncomeLossFromContinuingOperationsBeforeIncomeTaxesExtraordinaryItemsNoncontrollingInterest" xlink:to="us-gaap_IncomeLossFromContinuingOperationsBeforeIncomeTaxesExtraordinaryItemsNoncontrollingInterest_2_lbl" xlink:type="arc" />
      <link:label xlink:type="resource" xlink:role="http://www.xbrl.org/2003/role/label" xlink:label="us-gaap_IncomeLossFromContinuingOperationsBeforeIncomeTaxesExtraordinaryItemsNoncontrollingInterest_2_lbl" xml:lang="en-US">Income (Loss) from Continuing Operations before Income Taxes, Extraordinary Items, Noncontrolling Interest</link:label>
      <link:labelArc xlink:arcrole="http://www.xbrl.org/2003/arcrole/concept-label" xlink:from="us-gaap_IncreaseDecreaseInAccruedLiabilities" xlink:to="us-gaap_IncreaseDecreaseInAccruedLiabilities_2_lbl" xlink:type="arc" />
      <link:label xlink:type="resource" xlink:role="http://www.xbrl.org/2003/role/label" xlink:label="us-gaap_IncreaseDecreaseInAccruedLiabilities_2_lbl" xml:lang="en-US">Increase (Decrease) in Accrued Liabilities</link:label>
      <link:labelArc xlink:arcrole="http://www.xbrl.org/2003/arcrole/concept-label" xlink:from="us-gaap_NetCashProvidedByUsedInOperatingActivities" xlink:to="us-gaap_NetCashProvidedByUsedInOperatingActivities_2_lbl" xlink:type="arc" />
      <link:label xlink:type="resource" xlink:role="http://www.xbrl.org/2003/role/label" xlink:label="us-gaap_NetCashProvidedByUsedInOperatingActivities_2_lbl" xml:lang="en-US">Net Cash Provided by (Used in) Operating Activities</link:label>
      <link:labelArc xlink:arcrole="http://www.xbrl.org/2003/arcrole/concept-label" xlink:from="us-gaap_RepaymentsOfRelatedPartyDebt" xlink:to="us-gaap_RepaymentsOfRelatedPartyDebt_2_lbl" xlink:type="arc" />
      <link:label xlink:type="resource" xlink:role="http://www.xbrl.org/2003/role/label" xlink:label="us-gaap_RepaymentsOfRelatedPartyDebt_2_lbl" xml:lang="en-US">Repayments of Related Party Debt</link:label>
      <link:labelArc xlink:arcrole="http://www.xbrl.org/2003/arcrole/concept-label" xlink:from="us-gaap_NetCashProvidedByUsedInFinancingActivities" xlink:to="us-gaap_NetCashProvidedByUsedInFinancingActivities_2_lbl" xlink:type="arc" />
      <link:label xlink:type="resource" xlink:role="http://www.xbrl.org/2003/role/label" xlink:label="us-gaap_NetCashProvidedByUsedInFinancingActivities_2_lbl" xml:lang="en-US">Net Cash Provided by (Used in) Financing Activities</link:label>
      <link:labelArc xlink:arcrole="http://www.xbrl.org/2003/arcrole/concept-label" xlink:from="us-gaap_InterestPaid" xlink:to="us-gaap_InterestPaid_2_lbl" xlink:type="arc" />
      <link:label xlink:type="resource" xlink:role="http://www.xbrl.org/2003/role/label" xlink:label="us-gaap_InterestPaid_2_lbl" xml:lang="en-US">Interest Paid</link:label>
      <link:labelArc xlink:arcrole="http://www.xbrl.org/2003/arcrole/concept-label" xlink:from="AFHACQVI_GoingConcernDisclosureTextBlock" xlink:to="AFHACQVI_GoingConcernDisclosureTextBlock_3_lbl" xlink:type="arc" />
      <link:label xlink:type="resource" xlink:role="http://www.xbrl.org/2003/role/label" xlink:label="AFHACQVI_GoingConcernDisclosureTextBlock_3_lbl" xml:lang="en-US">GoingConcernDisclosureTextBlock</link:label>
      <link:labelArc xlink:arcrole="http://www.xbrl.org/2003/arcrole/concept-label" xlink:from="us-gaap_RelatedPartyTransactionsDisclosureTextBlock" xlink:to="us-gaap_RelatedPartyTransactionsDisclosureTextBlock_2_lbl" xlink:type="arc" />
      <link:label xlink:type="resource" xlink:role="http://www.xbrl.org/2003/role/label" xlink:label="us-gaap_RelatedPartyTransactionsDisclosureTextBlock_2_lbl" xml:lang="en-US">Related Party Transactions Disclosure [Text Block]</link:label>
      <link:labelArc xlink:arcrole="http://www.xbrl.org/2003/arcrole/concept-label" xlink:from="us-gaap_CashAndCashEquivalentsPolicyTextBlock" xlink:to="us-gaap_CashAndCashEquivalentsPolicyTextBlock_2_lbl" xlink:type="arc" />
      <link:label xlink:type="resource" xlink:role="http://www.xbrl.org/2003/role/label" xlink:label="us-gaap_CashAndCashEquivalentsPolicyTextBlock_2_lbl" xml:lang="en-US">Cash and Cash Equivalents, Policy [Policy Text Block]</link:label>
      <link:labelArc xlink:arcrole="http://www.xbrl.org/2003/arcrole/concept-label" xlink:from="AFHACQVI_OrganizationalCostsPolicyPolicyTextBlock" xlink:to="AFHACQVI_OrganizationalCostsPolicyPolicyTextBlock_3_lbl" xlink:type="arc" />
      <link:label xlink:type="resource" xlink:role="http://www.xbrl.org/2003/role/label" xlink:label="AFHACQVI_OrganizationalCostsPolicyPolicyTextBlock_3_lbl" xml:lang="en-US">OrganizationalCostsPolicyPolicyTextBlock</link:label>
      <link:labelArc xlink:arcrole="http://www.xbrl.org/2003/arcrole/concept-label" xlink:from="us-gaap_IncomeTaxPolicyTextBlock" xlink:to="us-gaap_IncomeTaxPolicyTextBlock_2_lbl" xlink:type="arc" />
      <link:label xlink:type="resource" xlink:role="http://www.xbrl.org/2003/role/label" xlink:label="us-gaap_IncomeTaxPolicyTextBlock_2_lbl" xml:lang="en-US">Income Tax, Policy [Policy Text Block]</link:label>
    </link:labelLink>
</link:linkbase>
