<?xml version="1.0" encoding="US-ASCII" standalone="no"?>
    <!-- Field: Doc-Info; Name: Generator; Value: GoFiler Complete; Version: 3.4b -->
    <!-- Field: Doc-Info; Name: VendorURI; Value: http://www.novaworks.co -->
    <!-- Field: Doc-Info; Name: Source; Value: AFHACQVI%2D20121031 10K FY.xfr; Date: 2013/01/29T14:59:33 -->
    <!-- Field: Doc-Info; Name: Status; Value: 0x80000000 -->
<link:linkbase xmlns:xsi="http://www.w3.org/2001/XMLSchema-instance" xmlns:xlink="http://www.w3.org/1999/xlink" xmlns:link="http://www.xbrl.org/2003/linkbase" xmlns:xbrli="http://www.xbrl.org/2003/instance" xsi:schemaLocation="http://www.xbrl.org/2003/linkbase http://www.xbrl.org/2003/xbrl-linkbase-2003-12-31.xsd">
    <link:roleRef roleURI="http://AFHACQVI/role/DocumentAndEntityInformation" xlink:href="afhacqvi-20121031.xsd#DocumentAndEntityInformation" xlink:type="simple" />
    <link:roleRef roleURI="http://AFHACQVI/role/BalanceSheets" xlink:href="afhacqvi-20121031.xsd#BalanceSheets" xlink:type="simple" />
    <link:roleRef roleURI="http://AFHACQVI/role/BalanceSheetsParenthetical" xlink:href="afhacqvi-20121031.xsd#BalanceSheetsParenthetical" xlink:type="simple" />
    <link:roleRef roleURI="http://AFHACQVI/role/StatementsOfChangesInStockholdersDeficit" xlink:href="afhacqvi-20121031.xsd#StatementsOfChangesInStockholdersDeficit" xlink:type="simple" />
    <link:roleRef roleURI="http://AFHACQVI/role/StatementOfOperations" xlink:href="afhacqvi-20121031.xsd#StatementOfOperations" xlink:type="simple" />
    <link:roleRef roleURI="http://AFHACQVI/role/StatementOfCashFlows" xlink:href="afhacqvi-20121031.xsd#StatementOfCashFlows" xlink:type="simple" />
    <link:roleRef roleURI="http://AFHACQVI/role/Company" xlink:href="afhacqvi-20121031.xsd#Company" xlink:type="simple" />
    <link:roleRef roleURI="http://AFHACQVI/role/SummaryOfSignificantAccountingPolicies" xlink:href="afhacqvi-20121031.xsd#SummaryOfSignificantAccountingPolicies" xlink:type="simple" />
    <link:roleRef roleURI="http://AFHACQVI/role/EquitySecurities" xlink:href="afhacqvi-20121031.xsd#EquitySecurities" xlink:type="simple" />
    <link:roleRef roleURI="http://AFHACQVI/role/GoingConcern" xlink:href="afhacqvi-20121031.xsd#GoingConcern" xlink:type="simple" />
    <link:roleRef roleURI="http://AFHACQVI/role/DueToParent" xlink:href="afhacqvi-20121031.xsd#DueToParent" xlink:type="simple" />
    <link:roleRef roleURI="http://AFHACQVI/role/SummaryOfSignificantAccountingPoliciesPolicies" xlink:href="afhacqvi-20121031.xsd#SummaryOfSignificantAccountingPoliciesPolicies" xlink:type="simple" />
    <link:roleRef roleURI="http://AFHACQVI/role/GoingConcernDetailsNarrative" xlink:href="afhacqvi-20121031.xsd#GoingConcernDetailsNarrative" xlink:type="simple" />
    <link:presentationLink xlink:type="extended" xlink:role="http://AFHACQVI/role/DocumentAndEntityInformation" xlink:title="0001 - Document - Document and Entity Information">
      <link:loc xlink:type="locator" xlink:href="afhacqvi-20121031.xsd#AFHACQVI_DocumentAndEntityInformationAbstract" xlink:label="loc_AFHACQVIDocumentAndEntityInformationAbstract" />
      <link:loc xlink:type="locator" xlink:href="http://xbrl.sec.gov/dei/2012/dei-2012-01-31.xsd#dei_EntityRegistrantName" xlink:label="loc_AFHACQVIEntityRegistrantName" />
      <link:presentationArc order="0" xlink:arcrole="http://www.xbrl.org/2003/arcrole/parent-child" xlink:from="loc_AFHACQVIDocumentAndEntityInformationAbstract" xlink:to="loc_AFHACQVIEntityRegistrantName" xlink:type="arc" />
      <link:loc xlink:type="locator" xlink:href="http://xbrl.sec.gov/dei/2012/dei-2012-01-31.xsd#dei_EntityCentralIndexKey" xlink:label="loc_AFHACQVIEntityCentralIndexKey" />
      <link:presentationArc order="10" xlink:arcrole="http://www.xbrl.org/2003/arcrole/parent-child" xlink:from="loc_AFHACQVIDocumentAndEntityInformationAbstract" xlink:to="loc_AFHACQVIEntityCentralIndexKey" xlink:type="arc" />
      <link:loc xlink:type="locator" xlink:href="http://xbrl.sec.gov/dei/2012/dei-2012-01-31.xsd#dei_DocumentType" xlink:label="loc_AFHACQVIDocumentType" />
      <link:presentationArc order="20" xlink:arcrole="http://www.xbrl.org/2003/arcrole/parent-child" xlink:from="loc_AFHACQVIDocumentAndEntityInformationAbstract" xlink:to="loc_AFHACQVIDocumentType" xlink:type="arc" />
      <link:loc xlink:type="locator" xlink:href="http://xbrl.sec.gov/dei/2012/dei-2012-01-31.xsd#dei_DocumentPeriodEndDate" xlink:label="loc_AFHACQVIDocumentPeriodEndDate" />
      <link:presentationArc order="30" xlink:arcrole="http://www.xbrl.org/2003/arcrole/parent-child" xlink:from="loc_AFHACQVIDocumentAndEntityInformationAbstract" xlink:to="loc_AFHACQVIDocumentPeriodEndDate" xlink:type="arc" />
      <link:loc xlink:type="locator" xlink:href="http://xbrl.sec.gov/dei/2012/dei-2012-01-31.xsd#dei_AmendmentFlag" xlink:label="loc_AFHACQVIAmendmentFlag" />
      <link:presentationArc order="40" xlink:arcrole="http://www.xbrl.org/2003/arcrole/parent-child" xlink:from="loc_AFHACQVIDocumentAndEntityInformationAbstract" xlink:to="loc_AFHACQVIAmendmentFlag" xlink:type="arc" />
      <link:loc xlink:type="locator" xlink:href="http://xbrl.sec.gov/dei/2012/dei-2012-01-31.xsd#dei_CurrentFiscalYearEndDate" xlink:label="loc_AFHACQVICurrentFiscalYearEndDate" />
      <link:presentationArc order="50" xlink:arcrole="http://www.xbrl.org/2003/arcrole/parent-child" xlink:from="loc_AFHACQVIDocumentAndEntityInformationAbstract" xlink:to="loc_AFHACQVICurrentFiscalYearEndDate" xlink:type="arc" />
      <link:loc xlink:type="locator" xlink:href="http://xbrl.sec.gov/dei/2012/dei-2012-01-31.xsd#dei_EntityWellKnownSeasonedIssuer" xlink:label="loc_AFHACQVIEntityWellKnownSeasonedIssuer" />
      <link:presentationArc order="60" xlink:arcrole="http://www.xbrl.org/2003/arcrole/parent-child" xlink:from="loc_AFHACQVIDocumentAndEntityInformationAbstract" xlink:to="loc_AFHACQVIEntityWellKnownSeasonedIssuer" xlink:type="arc" />
      <link:loc xlink:type="locator" xlink:href="http://xbrl.sec.gov/dei/2012/dei-2012-01-31.xsd#dei_EntityVoluntaryFilers" xlink:label="loc_AFHACQVIEntityVoluntaryFilers" />
      <link:presentationArc order="70" xlink:arcrole="http://www.xbrl.org/2003/arcrole/parent-child" xlink:from="loc_AFHACQVIDocumentAndEntityInformationAbstract" xlink:to="loc_AFHACQVIEntityVoluntaryFilers" xlink:type="arc" />
      <link:loc xlink:type="locator" xlink:href="http://xbrl.sec.gov/dei/2012/dei-2012-01-31.xsd#dei_EntityCurrentReportingStatus" xlink:label="loc_AFHACQVIEntityCurrentReportingStatus" />
      <link:presentationArc order="80" xlink:arcrole="http://www.xbrl.org/2003/arcrole/parent-child" xlink:from="loc_AFHACQVIDocumentAndEntityInformationAbstract" xlink:to="loc_AFHACQVIEntityCurrentReportingStatus" xlink:type="arc" />
      <link:loc xlink:type="locator" xlink:href="http://xbrl.sec.gov/dei/2012/dei-2012-01-31.xsd#dei_EntityFilerCategory" xlink:label="loc_AFHACQVIEntityFilerCategory" />
      <link:presentationArc order="90" xlink:arcrole="http://www.xbrl.org/2003/arcrole/parent-child" xlink:from="loc_AFHACQVIDocumentAndEntityInformationAbstract" xlink:to="loc_AFHACQVIEntityFilerCategory" xlink:type="arc" />
      <link:loc xlink:type="locator" xlink:href="http://xbrl.sec.gov/dei/2012/dei-2012-01-31.xsd#dei_EntityPublicFloat" xlink:label="loc_AFHACQVIEntityPublicFloat" />
      <link:presentationArc order="100" xlink:arcrole="http://www.xbrl.org/2003/arcrole/parent-child" xlink:from="loc_AFHACQVIDocumentAndEntityInformationAbstract" xlink:to="loc_AFHACQVIEntityPublicFloat" xlink:type="arc" />
      <link:loc xlink:type="locator" xlink:href="http://xbrl.sec.gov/dei/2012/dei-2012-01-31.xsd#dei_EntityCommonStockSharesOutstanding" xlink:label="loc_AFHACQVIEntityCommonStockSharesOutstanding" />
      <link:presentationArc order="110" xlink:arcrole="http://www.xbrl.org/2003/arcrole/parent-child" xlink:from="loc_AFHACQVIDocumentAndEntityInformationAbstract" xlink:to="loc_AFHACQVIEntityCommonStockSharesOutstanding" xlink:type="arc" />
      <link:loc xlink:type="locator" xlink:href="http://xbrl.sec.gov/dei/2012/dei-2012-01-31.xsd#dei_DocumentFiscalPeriodFocus" xlink:label="loc_AFHACQVIDocumentFiscalPeriodFocus" />
      <link:presentationArc order="120" xlink:arcrole="http://www.xbrl.org/2003/arcrole/parent-child" xlink:from="loc_AFHACQVIDocumentAndEntityInformationAbstract" xlink:to="loc_AFHACQVIDocumentFiscalPeriodFocus" xlink:type="arc" />
      <link:loc xlink:type="locator" xlink:href="http://xbrl.sec.gov/dei/2012/dei-2012-01-31.xsd#dei_DocumentFiscalYearFocus" xlink:label="loc_AFHACQVIDocumentFiscalYearFocus" />
      <link:presentationArc order="130" xlink:arcrole="http://www.xbrl.org/2003/arcrole/parent-child" xlink:from="loc_AFHACQVIDocumentAndEntityInformationAbstract" xlink:to="loc_AFHACQVIDocumentFiscalYearFocus" xlink:type="arc" />
    </link:presentationLink>
    <link:presentationLink xlink:type="extended" xlink:role="http://AFHACQVI/role/BalanceSheets" xlink:title="0002 - Statement - Balance Sheets">
      <link:loc xlink:type="locator" xlink:href="http://xbrl.fasb.org/us-gaap/2012/elts/us-gaap-2012-01-31.xsd#us-gaap_StatementOfFinancialPositionAbstract" xlink:label="loc_AFHACQVIStatementOfFinancialPositionAbstract" />
      <link:loc xlink:type="locator" xlink:href="http://xbrl.fasb.org/us-gaap/2012/elts/us-gaap-2012-01-31.xsd#us-gaap_AssetsAbstract" xlink:label="loc_AFHACQVIAssetsAbstract" />
      <link:presentationArc order="0" xlink:arcrole="http://www.xbrl.org/2003/arcrole/parent-child" xlink:from="loc_AFHACQVIStatementOfFinancialPositionAbstract" xlink:to="loc_AFHACQVIAssetsAbstract" xlink:type="arc" />
      <link:loc xlink:type="locator" xlink:href="http://xbrl.fasb.org/us-gaap/2012/elts/us-gaap-2012-01-31.xsd#us-gaap_CashAndCashEquivalentsAtCarryingValue" xlink:label="loc_AFHACQVICashAndCashEquivalentsAtCarryingValue" />
      <link:presentationArc order="10" xlink:arcrole="http://www.xbrl.org/2003/arcrole/parent-child" xlink:from="loc_AFHACQVIAssetsAbstract" xlink:to="loc_AFHACQVICashAndCashEquivalentsAtCarryingValue" xlink:type="arc" />
      <link:loc xlink:type="locator" xlink:href="http://xbrl.fasb.org/us-gaap/2012/elts/us-gaap-2012-01-31.xsd#us-gaap_Assets" xlink:label="loc_AFHACQVIAssets" />
      <link:presentationArc order="20" xlink:arcrole="http://www.xbrl.org/2003/arcrole/parent-child" xlink:from="loc_AFHACQVIAssetsAbstract" xlink:to="loc_AFHACQVIAssets" xlink:type="arc" />
      <link:loc xlink:type="locator" xlink:href="http://xbrl.fasb.org/us-gaap/2012/elts/us-gaap-2012-01-31.xsd#us-gaap_LiabilitiesAndStockholdersEquityAbstract" xlink:label="loc_AFHACQVILiabilitiesAndStockholdersEquityAbstract" />
      <link:presentationArc order="40" xlink:arcrole="http://www.xbrl.org/2003/arcrole/parent-child" xlink:from="loc_AFHACQVIStatementOfFinancialPositionAbstract" xlink:to="loc_AFHACQVILiabilitiesAndStockholdersEquityAbstract" xlink:type="arc" />
      <link:loc xlink:type="locator" xlink:href="http://xbrl.fasb.org/us-gaap/2012/elts/us-gaap-2012-01-31.xsd#us-gaap_LiabilitiesAbstract" xlink:label="loc_AFHACQVILiabilitiesAbstract" />
      <link:presentationArc order="60" xlink:arcrole="http://www.xbrl.org/2003/arcrole/parent-child" xlink:from="loc_AFHACQVIStatementOfFinancialPositionAbstract" xlink:to="loc_AFHACQVILiabilitiesAbstract" xlink:type="arc" />
      <link:loc xlink:type="locator" xlink:href="http://xbrl.fasb.org/us-gaap/2012/elts/us-gaap-2012-01-31.xsd#us-gaap_AccruedLiabilitiesCurrentAndNoncurrent" xlink:label="loc_AFHACQVIAccruedLiabilitiesCurrentAndNoncurrent" />
      <link:presentationArc order="70" xlink:arcrole="http://www.xbrl.org/2003/arcrole/parent-child" xlink:from="loc_AFHACQVILiabilitiesAbstract" xlink:to="loc_AFHACQVIAccruedLiabilitiesCurrentAndNoncurrent" xlink:type="arc" />
      <link:loc xlink:type="locator" xlink:href="http://xbrl.fasb.org/us-gaap/2012/elts/us-gaap-2012-01-31.xsd#us-gaap_DueToRelatedPartiesCurrentAndNoncurrent" xlink:label="loc_AFHACQVIDueToRelatedPartiesCurrentAndNoncurrent" />
      <link:presentationArc order="80" xlink:arcrole="http://www.xbrl.org/2003/arcrole/parent-child" xlink:from="loc_AFHACQVILiabilitiesAbstract" xlink:to="loc_AFHACQVIDueToRelatedPartiesCurrentAndNoncurrent" xlink:type="arc" />
      <link:loc xlink:type="locator" xlink:href="http://xbrl.fasb.org/us-gaap/2012/elts/us-gaap-2012-01-31.xsd#us-gaap_Liabilities" xlink:label="loc_AFHACQVILiabilities" />
      <link:presentationArc order="90" xlink:arcrole="http://www.xbrl.org/2003/arcrole/parent-child" xlink:from="loc_AFHACQVILiabilitiesAbstract" xlink:to="loc_AFHACQVILiabilities" xlink:type="arc" preferredLabel="http://www.xbrl.org/2003/role/totalLabel" />
      <link:loc xlink:type="locator" xlink:href="http://xbrl.fasb.org/us-gaap/2012/elts/us-gaap-2012-01-31.xsd#us-gaap_StockholdersEquityAbstract" xlink:label="loc_AFHACQVIStockholdersEquityAbstract" />
      <link:presentationArc order="110" xlink:arcrole="http://www.xbrl.org/2003/arcrole/parent-child" xlink:from="loc_AFHACQVIStatementOfFinancialPositionAbstract" xlink:to="loc_AFHACQVIStockholdersEquityAbstract" xlink:type="arc" />
      <link:loc xlink:type="locator" xlink:href="http://xbrl.fasb.org/us-gaap/2012/elts/us-gaap-2012-01-31.xsd#us-gaap_PreferredStockValue" xlink:label="loc_AFHACQVIPreferredStockValue" />
      <link:presentationArc order="120" xlink:arcrole="http://www.xbrl.org/2003/arcrole/parent-child" xlink:from="loc_AFHACQVIStockholdersEquityAbstract" xlink:to="loc_AFHACQVIPreferredStockValue" xlink:type="arc" />
      <link:loc xlink:type="locator" xlink:href="http://xbrl.fasb.org/us-gaap/2012/elts/us-gaap-2012-01-31.xsd#us-gaap_CommonStockValue" xlink:label="loc_AFHACQVICommonStockValue" />
      <link:presentationArc order="130" xlink:arcrole="http://www.xbrl.org/2003/arcrole/parent-child" xlink:from="loc_AFHACQVIStockholdersEquityAbstract" xlink:to="loc_AFHACQVICommonStockValue" xlink:type="arc" />
      <link:loc xlink:type="locator" xlink:href="http://xbrl.fasb.org/us-gaap/2012/elts/us-gaap-2012-01-31.xsd#us-gaap_AdditionalPaidInCapital" xlink:label="loc_AFHACQVIAdditionalPaidInCapital" />
      <link:presentationArc order="140" xlink:arcrole="http://www.xbrl.org/2003/arcrole/parent-child" xlink:from="loc_AFHACQVIStockholdersEquityAbstract" xlink:to="loc_AFHACQVIAdditionalPaidInCapital" xlink:type="arc" />
      <link:loc xlink:type="locator" xlink:href="http://xbrl.fasb.org/us-gaap/2012/elts/us-gaap-2012-01-31.xsd#us-gaap_DevelopmentStageEnterpriseDeficitAccumulatedDuringDevelopmentStage" xlink:label="loc_AFHACQVIDevelopmentStageEnterpriseDeficitAccumulatedDuringDevelopmentStage" />
      <link:presentationArc order="150" xlink:arcrole="http://www.xbrl.org/2003/arcrole/parent-child" xlink:from="loc_AFHACQVIStockholdersEquityAbstract" xlink:to="loc_AFHACQVIDevelopmentStageEnterpriseDeficitAccumulatedDuringDevelopmentStage" xlink:type="arc" preferredLabel="http://www.xbrl.org/2009/role/negatedLabel" />
      <link:loc xlink:type="locator" xlink:href="http://xbrl.fasb.org/us-gaap/2012/elts/us-gaap-2012-01-31.xsd#us-gaap_StockholdersEquity" xlink:label="loc_AFHACQVIStockholdersEquity" />
      <link:presentationArc order="160" xlink:arcrole="http://www.xbrl.org/2003/arcrole/parent-child" xlink:from="loc_AFHACQVIStockholdersEquityAbstract" xlink:to="loc_AFHACQVIStockholdersEquity" xlink:type="arc" preferredLabel="http://www.xbrl.org/2003/role/totalLabel" />
      <link:loc xlink:type="locator" xlink:href="http://xbrl.fasb.org/us-gaap/2012/elts/us-gaap-2012-01-31.xsd#us-gaap_LiabilitiesAndStockholdersEquity" xlink:label="loc_AFHACQVILiabilitiesAndStockholdersEquity" />
      <link:presentationArc order="170" xlink:arcrole="http://www.xbrl.org/2003/arcrole/parent-child" xlink:from="loc_AFHACQVIStockholdersEquityAbstract" xlink:to="loc_AFHACQVILiabilitiesAndStockholdersEquity" xlink:type="arc" preferredLabel="http://www.xbrl.org/2003/role/totalLabel" />
    </link:presentationLink>
    <link:presentationLink xlink:type="extended" xlink:role="http://AFHACQVI/role/BalanceSheetsParenthetical" xlink:title="0003 - Statement - Balance Sheets (Parenthetical)">
      <link:loc xlink:type="locator" xlink:href="http://xbrl.fasb.org/us-gaap/2012/elts/us-gaap-2012-01-31.xsd#us-gaap_StatementOfFinancialPositionAbstract" xlink:label="loc_AFHACQVIStatementOfFinancialPositionAbstract" />
      <link:loc xlink:type="locator" xlink:href="http://xbrl.fasb.org/us-gaap/2012/elts/us-gaap-2012-01-31.xsd#us-gaap_PreferredStockParOrStatedValuePerShare" xlink:label="loc_AFHACQVIPreferredStockParOrStatedValuePerShare" />
      <link:presentationArc order="0" xlink:arcrole="http://www.xbrl.org/2003/arcrole/parent-child" xlink:from="loc_AFHACQVIStatementOfFinancialPositionAbstract" xlink:to="loc_AFHACQVIPreferredStockParOrStatedValuePerShare" xlink:type="arc" />
      <link:loc xlink:type="locator" xlink:href="http://xbrl.fasb.org/us-gaap/2012/elts/us-gaap-2012-01-31.xsd#us-gaap_PreferredStockSharesAuthorized" xlink:label="loc_AFHACQVIPreferredStockSharesAuthorized" />
      <link:presentationArc order="10" xlink:arcrole="http://www.xbrl.org/2003/arcrole/parent-child" xlink:from="loc_AFHACQVIStatementOfFinancialPositionAbstract" xlink:to="loc_AFHACQVIPreferredStockSharesAuthorized" xlink:type="arc" />
      <link:loc xlink:type="locator" xlink:href="http://xbrl.fasb.org/us-gaap/2012/elts/us-gaap-2012-01-31.xsd#us-gaap_PreferredStockSharesIssued" xlink:label="loc_AFHACQVIPreferredStockSharesIssued" />
      <link:presentationArc order="20" xlink:arcrole="http://www.xbrl.org/2003/arcrole/parent-child" xlink:from="loc_AFHACQVIStatementOfFinancialPositionAbstract" xlink:to="loc_AFHACQVIPreferredStockSharesIssued" xlink:type="arc" />
      <link:loc xlink:type="locator" xlink:href="http://xbrl.fasb.org/us-gaap/2012/elts/us-gaap-2012-01-31.xsd#us-gaap_PreferredStockSharesOutstanding" xlink:label="loc_AFHACQVIPreferredStockSharesOutstanding" />
      <link:presentationArc order="30" xlink:arcrole="http://www.xbrl.org/2003/arcrole/parent-child" xlink:from="loc_AFHACQVIStatementOfFinancialPositionAbstract" xlink:to="loc_AFHACQVIPreferredStockSharesOutstanding" xlink:type="arc" />
      <link:loc xlink:type="locator" xlink:href="http://xbrl.fasb.org/us-gaap/2012/elts/us-gaap-2012-01-31.xsd#us-gaap_CommonStockParOrStatedValuePerShare" xlink:label="loc_AFHACQVICommonStockParOrStatedValuePerShare" />
      <link:presentationArc order="40" xlink:arcrole="http://www.xbrl.org/2003/arcrole/parent-child" xlink:from="loc_AFHACQVIStatementOfFinancialPositionAbstract" xlink:to="loc_AFHACQVICommonStockParOrStatedValuePerShare" xlink:type="arc" />
      <link:loc xlink:type="locator" xlink:href="http://xbrl.fasb.org/us-gaap/2012/elts/us-gaap-2012-01-31.xsd#us-gaap_CommonStockSharesAuthorized" xlink:label="loc_AFHACQVICommonStockSharesAuthorized" />
      <link:presentationArc order="50" xlink:arcrole="http://www.xbrl.org/2003/arcrole/parent-child" xlink:from="loc_AFHACQVIStatementOfFinancialPositionAbstract" xlink:to="loc_AFHACQVICommonStockSharesAuthorized" xlink:type="arc" />
      <link:loc xlink:type="locator" xlink:href="http://xbrl.fasb.org/us-gaap/2012/elts/us-gaap-2012-01-31.xsd#us-gaap_CommonStockSharesIssued" xlink:label="loc_AFHACQVICommonStockSharesIssued" />
      <link:presentationArc order="60" xlink:arcrole="http://www.xbrl.org/2003/arcrole/parent-child" xlink:from="loc_AFHACQVIStatementOfFinancialPositionAbstract" xlink:to="loc_AFHACQVICommonStockSharesIssued" xlink:type="arc" />
      <link:loc xlink:type="locator" xlink:href="http://xbrl.fasb.org/us-gaap/2012/elts/us-gaap-2012-01-31.xsd#us-gaap_CommonStockSharesOutstanding" xlink:label="loc_AFHACQVICommonStockSharesOutstanding" />
      <link:presentationArc order="70" xlink:arcrole="http://www.xbrl.org/2003/arcrole/parent-child" xlink:from="loc_AFHACQVIStatementOfFinancialPositionAbstract" xlink:to="loc_AFHACQVICommonStockSharesOutstanding" xlink:type="arc" />
    </link:presentationLink>
    <link:presentationLink xlink:type="extended" xlink:role="http://AFHACQVI/role/StatementsOfChangesInStockholdersDeficit" xlink:title="0004 - Statement - Statements of Changes in Stockholder's Deficit">
      <link:loc xlink:type="locator" xlink:href="http://xbrl.fasb.org/us-gaap/2012/elts/us-gaap-2012-01-31.xsd#us-gaap_StatementOfStockholdersEquityAbstract" xlink:label="loc_AFHACQVIStatementOfStockholdersEquityAbstract" />
      <link:loc xlink:type="locator" xlink:href="http://xbrl.fasb.org/us-gaap/2012/elts/us-gaap-2012-01-31.xsd#us-gaap_StatementTable" xlink:label="loc_AFHACQVIStatementTable" />
      <link:presentationArc xlink:type="arc" xlink:arcrole="http://www.xbrl.org/2003/arcrole/parent-child" xlink:from="loc_AFHACQVIStatementOfStockholdersEquityAbstract" xlink:to="loc_AFHACQVIStatementTable" order="100" />
      <link:loc xlink:type="locator" xlink:href="http://xbrl.fasb.org/us-gaap/2012/elts/us-gaap-2012-01-31.xsd#us-gaap_StatementLineItems" xlink:label="loc_AFHACQVIStatementLineItems" />
      <link:presentationArc xlink:type="arc" xlink:arcrole="http://www.xbrl.org/2003/arcrole/parent-child" xlink:from="loc_AFHACQVIStatementTable" xlink:to="loc_AFHACQVIStatementLineItems" order="200" />
      <link:loc xlink:type="locator" xlink:href="http://xbrl.fasb.org/us-gaap/2012/elts/us-gaap-2012-01-31.xsd#us-gaap_StatementEquityComponentsAxis" xlink:label="loc_AFHACQVIStatementEquityComponentsAxis" />
      <link:presentationArc xlink:type="arc" xlink:arcrole="http://www.xbrl.org/2003/arcrole/parent-child" xlink:from="loc_AFHACQVIStatementTable" xlink:to="loc_AFHACQVIStatementEquityComponentsAxis" order="10" />
      <link:loc xlink:type="locator" xlink:href="http://xbrl.fasb.org/us-gaap/2012/elts/us-gaap-2012-01-31.xsd#us-gaap_EquityComponentDomain" xlink:label="loc_AFHACQVIEquityComponentDomain" />
      <link:presentationArc xlink:type="arc" xlink:arcrole="http://www.xbrl.org/2003/arcrole/parent-child" xlink:from="loc_AFHACQVIStatementEquityComponentsAxis" xlink:to="loc_AFHACQVIEquityComponentDomain" order="410" />
      <link:loc xlink:type="locator" xlink:href="http://xbrl.fasb.org/us-gaap/2012/elts/us-gaap-2012-01-31.xsd#us-gaap_CommonStockMember" xlink:label="loc_AFHACQVICommonStockMember" />
      <link:presentationArc xlink:type="arc" xlink:arcrole="http://www.xbrl.org/2003/arcrole/parent-child" xlink:from="loc_AFHACQVIStatementEquityComponentsAxis" xlink:to="loc_AFHACQVICommonStockMember" order="10" />
      <link:loc xlink:type="locator" xlink:href="http://xbrl.fasb.org/us-gaap/2012/elts/us-gaap-2012-01-31.xsd#us-gaap_AdditionalPaidInCapitalMember" xlink:label="loc_AFHACQVIAdditionalPaidInCapitalMember" />
      <link:presentationArc xlink:type="arc" xlink:arcrole="http://www.xbrl.org/2003/arcrole/parent-child" xlink:from="loc_AFHACQVIStatementEquityComponentsAxis" xlink:to="loc_AFHACQVIAdditionalPaidInCapitalMember" order="110" />
      <link:loc xlink:type="locator" xlink:href="http://xbrl.fasb.org/us-gaap/2012/elts/us-gaap-2012-01-31.xsd#us-gaap_AccumulatedOtherComprehensiveIncomeMember" xlink:label="loc_AFHACQVIAccumulatedOtherComprehensiveIncomeMember" />
      <link:presentationArc xlink:type="arc" xlink:arcrole="http://www.xbrl.org/2003/arcrole/parent-child" xlink:from="loc_AFHACQVIStatementEquityComponentsAxis" xlink:to="loc_AFHACQVIAccumulatedOtherComprehensiveIncomeMember" order="210" />
      <link:loc xlink:type="locator" xlink:href="http://xbrl.fasb.org/us-gaap/2012/elts/us-gaap-2012-01-31.xsd#us-gaap_RetainedEarningsMember" xlink:label="loc_AFHACQVIRetainedEarningsMember" />
      <link:presentationArc xlink:type="arc" xlink:arcrole="http://www.xbrl.org/2003/arcrole/parent-child" xlink:from="loc_AFHACQVIStatementEquityComponentsAxis" xlink:to="loc_AFHACQVIRetainedEarningsMember" order="310" />
      <link:loc xlink:type="locator" xlink:href="http://xbrl.fasb.org/us-gaap/2012/elts/us-gaap-2012-01-31.xsd#us-gaap_StockholdersEquity" xlink:label="loc_AFHACQVIStockholdersEquity" />
      <link:presentationArc order="20" xlink:arcrole="http://www.xbrl.org/2003/arcrole/parent-child" xlink:from="loc_AFHACQVIStatementLineItems" xlink:to="loc_AFHACQVIStockholdersEquity" xlink:type="arc" preferredLabel="http://www.xbrl.org/2003/role/periodStartLabel" />
      <link:loc xlink:type="locator" xlink:href="http://xbrl.fasb.org/us-gaap/2012/elts/us-gaap-2012-01-31.xsd#us-gaap_SharesOutstanding" xlink:label="loc_AFHACQVISharesOutstanding" />
      <link:presentationArc order="30" xlink:arcrole="http://www.xbrl.org/2003/arcrole/parent-child" xlink:from="loc_AFHACQVIStatementLineItems" xlink:to="loc_AFHACQVISharesOutstanding" xlink:type="arc" preferredLabel="http://www.xbrl.org/2003/role/periodStartLabel" />
      <link:loc xlink:type="locator" xlink:href="http://xbrl.fasb.org/us-gaap/2012/elts/us-gaap-2012-01-31.xsd#us-gaap_StockIssuedDuringPeriodValueNewIssues" xlink:label="loc_AFHACQVIStockIssuedDuringPeriodValueNewIssues" />
      <link:presentationArc order="40" xlink:arcrole="http://www.xbrl.org/2003/arcrole/parent-child" xlink:from="loc_AFHACQVIStatementLineItems" xlink:to="loc_AFHACQVIStockIssuedDuringPeriodValueNewIssues" xlink:type="arc" />
      <link:loc xlink:type="locator" xlink:href="http://xbrl.fasb.org/us-gaap/2012/elts/us-gaap-2012-01-31.xsd#us-gaap_StockIssuedDuringPeriodSharesNewIssues" xlink:label="loc_AFHACQVIStockIssuedDuringPeriodSharesNewIssues" />
      <link:presentationArc order="50" xlink:arcrole="http://www.xbrl.org/2003/arcrole/parent-child" xlink:from="loc_AFHACQVIStatementLineItems" xlink:to="loc_AFHACQVIStockIssuedDuringPeriodSharesNewIssues" xlink:type="arc" />
      <link:loc xlink:type="locator" xlink:href="http://xbrl.fasb.org/us-gaap/2012/elts/us-gaap-2012-01-31.xsd#us-gaap_ProceedsFromStockPlans" xlink:label="loc_AFHACQVIProceedsFromStockPlans" />
      <link:presentationArc order="60" xlink:arcrole="http://www.xbrl.org/2003/arcrole/parent-child" xlink:from="loc_AFHACQVIStatementLineItems" xlink:to="loc_AFHACQVIProceedsFromStockPlans" xlink:type="arc" />
      <link:loc xlink:type="locator" xlink:href="http://xbrl.fasb.org/us-gaap/2012/elts/us-gaap-2012-01-31.xsd#us-gaap_NetIncomeLoss" xlink:label="loc_AFHACQVINetIncomeLoss" />
      <link:presentationArc order="70" xlink:arcrole="http://www.xbrl.org/2003/arcrole/parent-child" xlink:from="loc_AFHACQVIStatementLineItems" xlink:to="loc_AFHACQVINetIncomeLoss" xlink:type="arc" />
      <link:loc xlink:type="locator" xlink:href="http://xbrl.fasb.org/us-gaap/2012/elts/us-gaap-2012-01-31.xsd#us-gaap_StockholdersEquity" xlink:label="loc_AFHACQVIStockholdersEquity_2" />
      <link:presentationArc order="80" xlink:arcrole="http://www.xbrl.org/2003/arcrole/parent-child" xlink:from="loc_AFHACQVIStatementLineItems" xlink:to="loc_AFHACQVIStockholdersEquity_2" xlink:type="arc" preferredLabel="http://www.xbrl.org/2003/role/periodEndLabel" />
      <link:loc xlink:type="locator" xlink:href="http://xbrl.fasb.org/us-gaap/2012/elts/us-gaap-2012-01-31.xsd#us-gaap_SharesOutstanding" xlink:label="loc_AFHACQVISharesOutstanding_2" />
      <link:presentationArc order="90" xlink:arcrole="http://www.xbrl.org/2003/arcrole/parent-child" xlink:from="loc_AFHACQVIStatementLineItems" xlink:to="loc_AFHACQVISharesOutstanding_2" xlink:type="arc" preferredLabel="http://www.xbrl.org/2003/role/periodEndLabel" />
    </link:presentationLink>
    <link:presentationLink xlink:type="extended" xlink:role="http://AFHACQVI/role/StatementOfOperations" xlink:title="0005 - Statement - Statement of Operations">
      <link:loc xlink:type="locator" xlink:href="http://xbrl.fasb.org/us-gaap/2012/elts/us-gaap-2012-01-31.xsd#us-gaap_IncomeStatementAbstract" xlink:label="loc_AFHACQVIIncomeStatementAbstract" />
      <link:loc xlink:type="locator" xlink:href="http://xbrl.fasb.org/us-gaap/2012/elts/us-gaap-2012-01-31.xsd#us-gaap_Revenues" xlink:label="loc_AFHACQVIRevenues" />
      <link:presentationArc order="10" xlink:arcrole="http://www.xbrl.org/2003/arcrole/parent-child" xlink:from="loc_AFHACQVIIncomeStatementAbstract" xlink:to="loc_AFHACQVIRevenues" xlink:type="arc" />
      <link:loc xlink:type="locator" xlink:href="http://xbrl.fasb.org/us-gaap/2012/elts/us-gaap-2012-01-31.xsd#us-gaap_OperatingExpensesAbstract" xlink:label="loc_AFHACQVIOperatingExpensesAbstract" />
      <link:presentationArc order="30" xlink:arcrole="http://www.xbrl.org/2003/arcrole/parent-child" xlink:from="loc_AFHACQVIIncomeStatementAbstract" xlink:to="loc_AFHACQVIOperatingExpensesAbstract" xlink:type="arc" />
      <link:loc xlink:type="locator" xlink:href="afhacqvi-20121031.xsd#AFHACQVI_ConsultingExpenses" xlink:label="loc_AFHACQVIConsultingExpenses" />
      <link:presentationArc order="40" xlink:arcrole="http://www.xbrl.org/2003/arcrole/parent-child" xlink:from="loc_AFHACQVIOperatingExpensesAbstract" xlink:to="loc_AFHACQVIConsultingExpenses" xlink:type="arc" />
      <link:loc xlink:type="locator" xlink:href="http://xbrl.fasb.org/us-gaap/2012/elts/us-gaap-2012-01-31.xsd#us-gaap_InterestExpense" xlink:label="loc_AFHACQVIInterestExpense" />
      <link:presentationArc order="50" xlink:arcrole="http://www.xbrl.org/2003/arcrole/parent-child" xlink:from="loc_AFHACQVIOperatingExpensesAbstract" xlink:to="loc_AFHACQVIInterestExpense" xlink:type="arc" />
      <link:loc xlink:type="locator" xlink:href="http://xbrl.fasb.org/us-gaap/2012/elts/us-gaap-2012-01-31.xsd#us-gaap_ProfessionalFees" xlink:label="loc_AFHACQVIProfessionalFees" />
      <link:presentationArc order="60" xlink:arcrole="http://www.xbrl.org/2003/arcrole/parent-child" xlink:from="loc_AFHACQVIOperatingExpensesAbstract" xlink:to="loc_AFHACQVIProfessionalFees" xlink:type="arc" />
      <link:loc xlink:type="locator" xlink:href="http://xbrl.fasb.org/us-gaap/2012/elts/us-gaap-2012-01-31.xsd#us-gaap_OtherGeneralAndAdministrativeExpense" xlink:label="loc_AFHACQVIOtherGeneralAndAdministrativeExpense" />
      <link:presentationArc order="70" xlink:arcrole="http://www.xbrl.org/2003/arcrole/parent-child" xlink:from="loc_AFHACQVIOperatingExpensesAbstract" xlink:to="loc_AFHACQVIOtherGeneralAndAdministrativeExpense" xlink:type="arc" />
      <link:loc xlink:type="locator" xlink:href="afhacqvi-20121031.xsd#AFHACQVI_OrganizationalCosts" xlink:label="loc_AFHACQVIOrganizationalCosts" />
      <link:presentationArc order="80" xlink:arcrole="http://www.xbrl.org/2003/arcrole/parent-child" xlink:from="loc_AFHACQVIOperatingExpensesAbstract" xlink:to="loc_AFHACQVIOrganizationalCosts" xlink:type="arc" />
      <link:loc xlink:type="locator" xlink:href="http://xbrl.fasb.org/us-gaap/2012/elts/us-gaap-2012-01-31.xsd#us-gaap_OperatingExpenses" xlink:label="loc_AFHACQVIOperatingExpenses" />
      <link:presentationArc order="90" xlink:arcrole="http://www.xbrl.org/2003/arcrole/parent-child" xlink:from="loc_AFHACQVIOperatingExpensesAbstract" xlink:to="loc_AFHACQVIOperatingExpenses" xlink:type="arc" preferredLabel="http://www.xbrl.org/2003/role/totalLabel" />
      <link:loc xlink:type="locator" xlink:href="http://xbrl.fasb.org/us-gaap/2012/elts/us-gaap-2012-01-31.xsd#us-gaap_IncomeLossFromContinuingOperationsBeforeIncomeTaxesExtraordinaryItemsNoncontrollingInterest" xlink:label="loc_AFHACQVIIncomeLossFromContinuingOperationsBeforeIncomeTaxesExtraordinaryItemsNoncontrollingInterest" />
      <link:presentationArc order="110" xlink:arcrole="http://www.xbrl.org/2003/arcrole/parent-child" xlink:from="loc_AFHACQVIOperatingExpensesAbstract" xlink:to="loc_AFHACQVIIncomeLossFromContinuingOperationsBeforeIncomeTaxesExtraordinaryItemsNoncontrollingInterest" xlink:type="arc" preferredLabel="http://www.xbrl.org/2003/role/totalLabel" />
      <link:loc xlink:type="locator" xlink:href="http://xbrl.fasb.org/us-gaap/2012/elts/us-gaap-2012-01-31.xsd#us-gaap_CurrentStateAndLocalTaxExpenseBenefit" xlink:label="loc_AFHACQVICurrentStateAndLocalTaxExpenseBenefit" />
      <link:presentationArc order="120" xlink:arcrole="http://www.xbrl.org/2003/arcrole/parent-child" xlink:from="loc_AFHACQVIOperatingExpensesAbstract" xlink:to="loc_AFHACQVICurrentStateAndLocalTaxExpenseBenefit" xlink:type="arc" />
      <link:loc xlink:type="locator" xlink:href="http://xbrl.fasb.org/us-gaap/2012/elts/us-gaap-2012-01-31.xsd#us-gaap_NetIncomeLoss" xlink:label="loc_AFHACQVINetIncomeLoss" />
      <link:presentationArc order="140" xlink:arcrole="http://www.xbrl.org/2003/arcrole/parent-child" xlink:from="loc_AFHACQVIOperatingExpensesAbstract" xlink:to="loc_AFHACQVINetIncomeLoss" xlink:type="arc" preferredLabel="http://www.xbrl.org/2003/role/totalLabel" />
      <link:loc xlink:type="locator" xlink:href="http://xbrl.fasb.org/us-gaap/2012/elts/us-gaap-2012-01-31.xsd#us-gaap_EarningsPerShareBasicAndDiluted" xlink:label="loc_AFHACQVIEarningsPerShareBasicAndDiluted" />
      <link:presentationArc order="150" xlink:arcrole="http://www.xbrl.org/2003/arcrole/parent-child" xlink:from="loc_AFHACQVIOperatingExpensesAbstract" xlink:to="loc_AFHACQVIEarningsPerShareBasicAndDiluted" xlink:type="arc" />
      <link:loc xlink:type="locator" xlink:href="http://xbrl.fasb.org/us-gaap/2012/elts/us-gaap-2012-01-31.xsd#us-gaap_WeightedAverageNumberOfShareOutstandingBasicAndDiluted" xlink:label="loc_AFHACQVIWeightedAverageNumberOfShareOutstandingBasicAndDiluted" />
      <link:presentationArc order="160" xlink:arcrole="http://www.xbrl.org/2003/arcrole/parent-child" xlink:from="loc_AFHACQVIOperatingExpensesAbstract" xlink:to="loc_AFHACQVIWeightedAverageNumberOfShareOutstandingBasicAndDiluted" xlink:type="arc" />
    </link:presentationLink>
    <link:presentationLink xlink:type="extended" xlink:role="http://AFHACQVI/role/StatementOfCashFlows" xlink:title="0006 - Statement - Statement of Cash Flows">
      <link:loc xlink:type="locator" xlink:href="http://xbrl.fasb.org/us-gaap/2012/elts/us-gaap-2012-01-31.xsd#us-gaap_StatementOfCashFlowsAbstract" xlink:label="loc_AFHACQVIStatementOfCashFlowsAbstract" />
      <link:loc xlink:type="locator" xlink:href="http://xbrl.fasb.org/us-gaap/2012/elts/us-gaap-2012-01-31.xsd#us-gaap_NetCashProvidedByUsedInOperatingActivitiesAbstract" xlink:label="loc_AFHACQVINetCashProvidedByUsedInOperatingActivitiesAbstract" />
      <link:presentationArc order="10" xlink:arcrole="http://www.xbrl.org/2003/arcrole/parent-child" xlink:from="loc_AFHACQVIStatementOfCashFlowsAbstract" xlink:to="loc_AFHACQVINetCashProvidedByUsedInOperatingActivitiesAbstract" xlink:type="arc" />
      <link:loc xlink:type="locator" xlink:href="http://xbrl.fasb.org/us-gaap/2012/elts/us-gaap-2012-01-31.xsd#us-gaap_NetIncomeLoss" xlink:label="loc_AFHACQVINetIncomeLoss" />
      <link:presentationArc order="20" xlink:arcrole="http://www.xbrl.org/2003/arcrole/parent-child" xlink:from="loc_AFHACQVINetCashProvidedByUsedInOperatingActivitiesAbstract" xlink:to="loc_AFHACQVINetIncomeLoss" xlink:type="arc" />
      <link:loc xlink:type="locator" xlink:href="http://xbrl.fasb.org/us-gaap/2012/elts/us-gaap-2012-01-31.xsd#us-gaap_IncreaseDecreaseInOperatingCapitalAbstract" xlink:label="loc_AFHACQVIIncreaseDecreaseInOperatingCapitalAbstract" />
      <link:presentationArc order="30" xlink:arcrole="http://www.xbrl.org/2003/arcrole/parent-child" xlink:from="loc_AFHACQVINetCashProvidedByUsedInOperatingActivitiesAbstract" xlink:to="loc_AFHACQVIIncreaseDecreaseInOperatingCapitalAbstract" xlink:type="arc" />
      <link:loc xlink:type="locator" xlink:href="http://xbrl.fasb.org/us-gaap/2012/elts/us-gaap-2012-01-31.xsd#us-gaap_IncreaseDecreaseInPrepaidExpense" xlink:label="loc_AFHACQVIIncreaseDecreaseInPrepaidExpense" />
      <link:presentationArc order="40" xlink:arcrole="http://www.xbrl.org/2003/arcrole/parent-child" xlink:from="loc_AFHACQVIIncreaseDecreaseInOperatingCapitalAbstract" xlink:to="loc_AFHACQVIIncreaseDecreaseInPrepaidExpense" xlink:type="arc" />
      <link:loc xlink:type="locator" xlink:href="http://xbrl.fasb.org/us-gaap/2012/elts/us-gaap-2012-01-31.xsd#us-gaap_IncreaseDecreaseInAccruedLiabilities" xlink:label="loc_AFHACQVIIncreaseDecreaseInAccruedLiabilities" />
      <link:presentationArc order="50" xlink:arcrole="http://www.xbrl.org/2003/arcrole/parent-child" xlink:from="loc_AFHACQVIIncreaseDecreaseInOperatingCapitalAbstract" xlink:to="loc_AFHACQVIIncreaseDecreaseInAccruedLiabilities" xlink:type="arc" preferredLabel="http://www.xbrl.org/2003/role/verboseLabel" />
      <link:loc xlink:type="locator" xlink:href="http://xbrl.fasb.org/us-gaap/2012/elts/us-gaap-2012-01-31.xsd#us-gaap_NetCashProvidedByUsedInOperatingActivities" xlink:label="loc_AFHACQVINetCashProvidedByUsedInOperatingActivities" />
      <link:presentationArc order="60" xlink:arcrole="http://www.xbrl.org/2003/arcrole/parent-child" xlink:from="loc_AFHACQVIIncreaseDecreaseInOperatingCapitalAbstract" xlink:to="loc_AFHACQVINetCashProvidedByUsedInOperatingActivities" xlink:type="arc" preferredLabel="http://www.xbrl.org/2003/role/totalLabel" />
      <link:loc xlink:type="locator" xlink:href="http://xbrl.fasb.org/us-gaap/2012/elts/us-gaap-2012-01-31.xsd#us-gaap_NetCashProvidedByUsedInInvestingActivities" xlink:label="loc_AFHACQVINetCashProvidedByUsedInInvestingActivities" />
      <link:presentationArc order="80" xlink:arcrole="http://www.xbrl.org/2003/arcrole/parent-child" xlink:from="loc_AFHACQVIStatementOfCashFlowsAbstract" xlink:to="loc_AFHACQVINetCashProvidedByUsedInInvestingActivities" xlink:type="arc" />
      <link:loc xlink:type="locator" xlink:href="http://xbrl.fasb.org/us-gaap/2012/elts/us-gaap-2012-01-31.xsd#us-gaap_NetCashProvidedByUsedInFinancingActivitiesAbstract" xlink:label="loc_AFHACQVINetCashProvidedByUsedInFinancingActivitiesAbstract" />
      <link:presentationArc order="100" xlink:arcrole="http://www.xbrl.org/2003/arcrole/parent-child" xlink:from="loc_AFHACQVIStatementOfCashFlowsAbstract" xlink:to="loc_AFHACQVINetCashProvidedByUsedInFinancingActivitiesAbstract" xlink:type="arc" />
      <link:loc xlink:type="locator" xlink:href="http://xbrl.fasb.org/us-gaap/2012/elts/us-gaap-2012-01-31.xsd#us-gaap_RepaymentsOfRelatedPartyDebt" xlink:label="loc_AFHACQVIRepaymentsOfRelatedPartyDebt" />
      <link:presentationArc order="110" xlink:arcrole="http://www.xbrl.org/2003/arcrole/parent-child" xlink:from="loc_AFHACQVINetCashProvidedByUsedInFinancingActivitiesAbstract" xlink:to="loc_AFHACQVIRepaymentsOfRelatedPartyDebt" xlink:type="arc" preferredLabel="http://www.xbrl.org/2009/role/negatedLabel" />
      <link:loc xlink:type="locator" xlink:href="http://xbrl.fasb.org/us-gaap/2012/elts/us-gaap-2012-01-31.xsd#us-gaap_ProceedsFromStockPlans" xlink:label="loc_AFHACQVIProceedsFromStockPlans" />
      <link:presentationArc order="120" xlink:arcrole="http://www.xbrl.org/2003/arcrole/parent-child" xlink:from="loc_AFHACQVINetCashProvidedByUsedInFinancingActivitiesAbstract" xlink:to="loc_AFHACQVIProceedsFromStockPlans" xlink:type="arc" preferredLabel="http://www.xbrl.org/2003/role/verboseLabel" />
      <link:loc xlink:type="locator" xlink:href="http://xbrl.fasb.org/us-gaap/2012/elts/us-gaap-2012-01-31.xsd#us-gaap_ProceedsFromIssuanceOrSaleOfEquity" xlink:label="loc_AFHACQVIProceedsFromIssuanceOrSaleOfEquity" />
      <link:presentationArc order="130" xlink:arcrole="http://www.xbrl.org/2003/arcrole/parent-child" xlink:from="loc_AFHACQVINetCashProvidedByUsedInFinancingActivitiesAbstract" xlink:to="loc_AFHACQVIProceedsFromIssuanceOrSaleOfEquity" xlink:type="arc" />
      <link:loc xlink:type="locator" xlink:href="http://xbrl.fasb.org/us-gaap/2012/elts/us-gaap-2012-01-31.xsd#us-gaap_NetCashProvidedByUsedInFinancingActivities" xlink:label="loc_AFHACQVINetCashProvidedByUsedInFinancingActivities" />
      <link:presentationArc order="140" xlink:arcrole="http://www.xbrl.org/2003/arcrole/parent-child" xlink:from="loc_AFHACQVINetCashProvidedByUsedInFinancingActivitiesAbstract" xlink:to="loc_AFHACQVINetCashProvidedByUsedInFinancingActivities" xlink:type="arc" preferredLabel="http://www.xbrl.org/2003/role/totalLabel" />
      <link:loc xlink:type="locator" xlink:href="http://xbrl.fasb.org/us-gaap/2012/elts/us-gaap-2012-01-31.xsd#us-gaap_CashAndCashEquivalentsPeriodIncreaseDecrease" xlink:label="loc_AFHACQVICashAndCashEquivalentsPeriodIncreaseDecrease" />
      <link:presentationArc order="160" xlink:arcrole="http://www.xbrl.org/2003/arcrole/parent-child" xlink:from="loc_AFHACQVIStatementOfCashFlowsAbstract" xlink:to="loc_AFHACQVICashAndCashEquivalentsPeriodIncreaseDecrease" xlink:type="arc" />
      <link:loc xlink:type="locator" xlink:href="http://xbrl.fasb.org/us-gaap/2012/elts/us-gaap-2012-01-31.xsd#us-gaap_CashAndCashEquivalentsAtCarryingValue" xlink:label="loc_AFHACQVICashAndCashEquivalentsAtCarryingValue" />
      <link:presentationArc order="170" xlink:arcrole="http://www.xbrl.org/2003/arcrole/parent-child" xlink:from="loc_AFHACQVIStatementOfCashFlowsAbstract" xlink:to="loc_AFHACQVICashAndCashEquivalentsAtCarryingValue" xlink:type="arc" preferredLabel="http://www.xbrl.org/2003/role/periodStartLabel" />
      <link:loc xlink:type="locator" xlink:href="http://xbrl.fasb.org/us-gaap/2012/elts/us-gaap-2012-01-31.xsd#us-gaap_CashAndCashEquivalentsAtCarryingValue" xlink:label="loc_AFHACQVICashAndCashEquivalentsAtCarryingValue_2" />
      <link:presentationArc order="180" xlink:arcrole="http://www.xbrl.org/2003/arcrole/parent-child" xlink:from="loc_AFHACQVIStatementOfCashFlowsAbstract" xlink:to="loc_AFHACQVICashAndCashEquivalentsAtCarryingValue_2" xlink:type="arc" preferredLabel="http://www.xbrl.org/2003/role/periodEndLabel" />
      <link:loc xlink:type="locator" xlink:href="http://xbrl.fasb.org/us-gaap/2012/elts/us-gaap-2012-01-31.xsd#us-gaap_CashAndCashEquivalentsAbstract" xlink:label="loc_AFHACQVICashAndCashEquivalentsAbstract" />
      <link:presentationArc order="200" xlink:arcrole="http://www.xbrl.org/2003/arcrole/parent-child" xlink:from="loc_AFHACQVIStatementOfCashFlowsAbstract" xlink:to="loc_AFHACQVICashAndCashEquivalentsAbstract" xlink:type="arc" />
      <link:loc xlink:type="locator" xlink:href="http://xbrl.fasb.org/us-gaap/2012/elts/us-gaap-2012-01-31.xsd#us-gaap_InterestPaid" xlink:label="loc_AFHACQVIInterestPaid" />
      <link:presentationArc order="210" xlink:arcrole="http://www.xbrl.org/2003/arcrole/parent-child" xlink:from="loc_AFHACQVICashAndCashEquivalentsAbstract" xlink:to="loc_AFHACQVIInterestPaid" xlink:type="arc" preferredLabel="http://www.xbrl.org/2003/role/verboseLabel" />
      <link:loc xlink:type="locator" xlink:href="http://xbrl.fasb.org/us-gaap/2012/elts/us-gaap-2012-01-31.xsd#us-gaap_IncomeTaxesPaidNet" xlink:label="loc_AFHACQVIIncomeTaxesPaidNet" />
      <link:presentationArc order="220" xlink:arcrole="http://www.xbrl.org/2003/arcrole/parent-child" xlink:from="loc_AFHACQVICashAndCashEquivalentsAbstract" xlink:to="loc_AFHACQVIIncomeTaxesPaidNet" xlink:type="arc" />
    </link:presentationLink>
    <link:presentationLink xlink:type="extended" xlink:role="http://AFHACQVI/role/Company" xlink:title="0007 - Disclosure - The Company">
      <link:loc xlink:type="locator" xlink:href="afhacqvi-20121031.xsd#AFHACQVI_CompanyAbstract" xlink:label="loc_AFHACQVICompanyAbstract" />
      <link:loc xlink:type="locator" xlink:href="afhacqvi-20121031.xsd#AFHACQVI_CompanyDisclosureTextBlock" xlink:label="loc_AFHACQVICompanyDisclosureTextBlock" />
      <link:presentationArc order="0" xlink:arcrole="http://www.xbrl.org/2003/arcrole/parent-child" xlink:from="loc_AFHACQVICompanyAbstract" xlink:to="loc_AFHACQVICompanyDisclosureTextBlock" xlink:type="arc" />
    </link:presentationLink>
    <link:presentationLink xlink:type="extended" xlink:role="http://AFHACQVI/role/SummaryOfSignificantAccountingPolicies" xlink:title="0008 - Disclosure - Summary of Significant Accounting Policies">
      <link:loc xlink:type="locator" xlink:href="http://xbrl.fasb.org/us-gaap/2012/elts/us-gaap-2012-01-31.xsd#us-gaap_AccountingPoliciesAbstract" xlink:label="loc_AFHACQVIAccountingPoliciesAbstract" />
      <link:loc xlink:type="locator" xlink:href="http://xbrl.fasb.org/us-gaap/2012/elts/us-gaap-2012-01-31.xsd#us-gaap_SignificantAccountingPoliciesTextBlock" xlink:label="loc_AFHACQVISignificantAccountingPoliciesTextBlock" />
      <link:presentationArc order="0" xlink:arcrole="http://www.xbrl.org/2003/arcrole/parent-child" xlink:from="loc_AFHACQVIAccountingPoliciesAbstract" xlink:to="loc_AFHACQVISignificantAccountingPoliciesTextBlock" xlink:type="arc" />
    </link:presentationLink>
    <link:presentationLink xlink:type="extended" xlink:role="http://AFHACQVI/role/EquitySecurities" xlink:title="0009 - Disclosure - Equity Securities">
      <link:loc xlink:type="locator" xlink:href="http://xbrl.fasb.org/us-gaap/2012/elts/us-gaap-2012-01-31.xsd#us-gaap_EquityAbstract" xlink:label="loc_AFHACQVIEquityAbstract" />
      <link:loc xlink:type="locator" xlink:href="http://xbrl.fasb.org/us-gaap/2012/elts/us-gaap-2012-01-31.xsd#us-gaap_StockholdersEquityNoteDisclosureTextBlock" xlink:label="loc_AFHACQVIStockholdersEquityNoteDisclosureTextBlock" />
      <link:presentationArc order="0" xlink:arcrole="http://www.xbrl.org/2003/arcrole/parent-child" xlink:from="loc_AFHACQVIEquityAbstract" xlink:to="loc_AFHACQVIStockholdersEquityNoteDisclosureTextBlock" xlink:type="arc" />
    </link:presentationLink>
    <link:presentationLink xlink:type="extended" xlink:role="http://AFHACQVI/role/GoingConcern" xlink:title="0010 - Disclosure - Going Concern">
      <link:loc xlink:type="locator" xlink:href="afhacqvi-20121031.xsd#AFHACQVI_GoingConcernDisclosureAbstract" xlink:label="loc_AFHACQVIGoingConcernDisclosureAbstract" />
      <link:loc xlink:type="locator" xlink:href="afhacqvi-20121031.xsd#AFHACQVI_GoingConcernDisclosureTextBlock" xlink:label="loc_AFHACQVIGoingConcernDisclosureTextBlock" />
      <link:presentationArc order="0" xlink:arcrole="http://www.xbrl.org/2003/arcrole/parent-child" xlink:from="loc_AFHACQVIGoingConcernDisclosureAbstract" xlink:to="loc_AFHACQVIGoingConcernDisclosureTextBlock" xlink:type="arc" preferredLabel="http://www.xbrl.org/2003/role/verboseLabel" />
    </link:presentationLink>
    <link:presentationLink xlink:type="extended" xlink:role="http://AFHACQVI/role/DueToParent" xlink:title="0011 - Disclosure - Due to Parent">
      <link:loc xlink:type="locator" xlink:href="http://xbrl.fasb.org/us-gaap/2012/elts/us-gaap-2012-01-31.xsd#us-gaap_RelatedPartyTransactionsAbstract" xlink:label="loc_AFHACQVIRelatedPartyTransactionsAbstract" />
      <link:loc xlink:type="locator" xlink:href="http://xbrl.fasb.org/us-gaap/2012/elts/us-gaap-2012-01-31.xsd#us-gaap_RelatedPartyTransactionsDisclosureTextBlock" xlink:label="loc_AFHACQVIRelatedPartyTransactionsDisclosureTextBlock" />
      <link:presentationArc order="0" xlink:arcrole="http://www.xbrl.org/2003/arcrole/parent-child" xlink:from="loc_AFHACQVIRelatedPartyTransactionsAbstract" xlink:to="loc_AFHACQVIRelatedPartyTransactionsDisclosureTextBlock" xlink:type="arc" preferredLabel="http://www.xbrl.org/2003/role/verboseLabel" />
    </link:presentationLink>
    <link:presentationLink xlink:type="extended" xlink:role="http://AFHACQVI/role/SummaryOfSignificantAccountingPoliciesPolicies" xlink:title="0012 - Disclosure - Summary of Significant Accounting Policies (Policies)">
      <link:loc xlink:type="locator" xlink:href="http://xbrl.fasb.org/us-gaap/2012/elts/us-gaap-2012-01-31.xsd#us-gaap_AccountingPoliciesAbstract" xlink:label="loc_AFHACQVIAccountingPoliciesAbstract" />
      <link:loc xlink:type="locator" xlink:href="http://xbrl.fasb.org/us-gaap/2012/elts/us-gaap-2012-01-31.xsd#us-gaap_BasisOfAccountingPolicyPolicyTextBlock" xlink:label="loc_AFHACQVIBasisOfAccountingPolicyPolicyTextBlock" />
      <link:presentationArc order="0" xlink:arcrole="http://www.xbrl.org/2003/arcrole/parent-child" xlink:from="loc_AFHACQVIAccountingPoliciesAbstract" xlink:to="loc_AFHACQVIBasisOfAccountingPolicyPolicyTextBlock" xlink:type="arc" />
      <link:loc xlink:type="locator" xlink:href="afhacqvi-20121031.xsd#AFHACQVI_DevelopmentStagePolicyPolicyTextBlock" xlink:label="loc_AFHACQVIDevelopmentStagePolicyPolicyTextBlock" />
      <link:presentationArc order="10" xlink:arcrole="http://www.xbrl.org/2003/arcrole/parent-child" xlink:from="loc_AFHACQVIAccountingPoliciesAbstract" xlink:to="loc_AFHACQVIDevelopmentStagePolicyPolicyTextBlock" xlink:type="arc" />
      <link:loc xlink:type="locator" xlink:href="http://xbrl.fasb.org/us-gaap/2012/elts/us-gaap-2012-01-31.xsd#us-gaap_CashAndCashEquivalentsPolicyTextBlock" xlink:label="loc_AFHACQVICashAndCashEquivalentsPolicyTextBlock" />
      <link:presentationArc order="20" xlink:arcrole="http://www.xbrl.org/2003/arcrole/parent-child" xlink:from="loc_AFHACQVIAccountingPoliciesAbstract" xlink:to="loc_AFHACQVICashAndCashEquivalentsPolicyTextBlock" xlink:type="arc" preferredLabel="http://www.xbrl.org/2003/role/verboseLabel" />
      <link:loc xlink:type="locator" xlink:href="http://xbrl.fasb.org/us-gaap/2012/elts/us-gaap-2012-01-31.xsd#us-gaap_EarningsPerSharePolicyTextBlock" xlink:label="loc_AFHACQVIEarningsPerSharePolicyTextBlock" />
      <link:presentationArc order="30" xlink:arcrole="http://www.xbrl.org/2003/arcrole/parent-child" xlink:from="loc_AFHACQVIAccountingPoliciesAbstract" xlink:to="loc_AFHACQVIEarningsPerSharePolicyTextBlock" xlink:type="arc" />
      <link:loc xlink:type="locator" xlink:href="http://xbrl.fasb.org/us-gaap/2012/elts/us-gaap-2012-01-31.xsd#us-gaap_UseOfEstimates" xlink:label="loc_AFHACQVIUseOfEstimates" />
      <link:presentationArc order="40" xlink:arcrole="http://www.xbrl.org/2003/arcrole/parent-child" xlink:from="loc_AFHACQVIAccountingPoliciesAbstract" xlink:to="loc_AFHACQVIUseOfEstimates" xlink:type="arc" />
      <link:loc xlink:type="locator" xlink:href="afhacqvi-20121031.xsd#AFHACQVI_OrganizationalCostsPolicyPolicyTextBlock" xlink:label="loc_AFHACQVIOrganizationalCostsPolicyPolicyTextBlock" />
      <link:presentationArc order="50" xlink:arcrole="http://www.xbrl.org/2003/arcrole/parent-child" xlink:from="loc_AFHACQVIAccountingPoliciesAbstract" xlink:to="loc_AFHACQVIOrganizationalCostsPolicyPolicyTextBlock" xlink:type="arc" preferredLabel="http://www.xbrl.org/2003/role/verboseLabel" />
      <link:loc xlink:type="locator" xlink:href="http://xbrl.fasb.org/us-gaap/2012/elts/us-gaap-2012-01-31.xsd#us-gaap_IncomeTaxPolicyTextBlock" xlink:label="loc_AFHACQVIIncomeTaxPolicyTextBlock" />
      <link:presentationArc order="60" xlink:arcrole="http://www.xbrl.org/2003/arcrole/parent-child" xlink:from="loc_AFHACQVIAccountingPoliciesAbstract" xlink:to="loc_AFHACQVIIncomeTaxPolicyTextBlock" xlink:type="arc" preferredLabel="http://www.xbrl.org/2003/role/verboseLabel" />
      <link:loc xlink:type="locator" xlink:href="http://xbrl.fasb.org/us-gaap/2012/elts/us-gaap-2012-01-31.xsd#us-gaap_FinancialInstrumentsDisclosureTextBlock" xlink:label="loc_AFHACQVIFinancialInstrumentsDisclosureTextBlock" />
      <link:presentationArc order="70" xlink:arcrole="http://www.xbrl.org/2003/arcrole/parent-child" xlink:from="loc_AFHACQVIAccountingPoliciesAbstract" xlink:to="loc_AFHACQVIFinancialInstrumentsDisclosureTextBlock" xlink:type="arc" />
      <link:loc xlink:type="locator" xlink:href="http://xbrl.fasb.org/us-gaap/2012/elts/us-gaap-2012-01-31.xsd#us-gaap_NewAccountingPronouncementsPolicyPolicyTextBlock" xlink:label="loc_AFHACQVINewAccountingPronouncementsPolicyPolicyTextBlock" />
      <link:presentationArc order="80" xlink:arcrole="http://www.xbrl.org/2003/arcrole/parent-child" xlink:from="loc_AFHACQVIAccountingPoliciesAbstract" xlink:to="loc_AFHACQVINewAccountingPronouncementsPolicyPolicyTextBlock" xlink:type="arc" />
    </link:presentationLink>
    <link:presentationLink xlink:type="extended" xlink:role="http://AFHACQVI/role/GoingConcernDetailsNarrative" xlink:title="0013 - Disclosure - Going Concern (Details Narrative)">
      <link:loc xlink:type="locator" xlink:href="afhacqvi-20121031.xsd#AFHACQVI_GoingConcernDisclosureAbstract" xlink:label="loc_AFHACQVIGoingConcernDisclosureAbstract" />
      <link:loc xlink:type="locator" xlink:href="http://xbrl.fasb.org/us-gaap/2012/elts/us-gaap-2012-01-31.xsd#us-gaap_RetainedEarningsAccumulatedDeficit" xlink:label="loc_AFHACQVIRetainedEarningsAccumulatedDeficit" />
      <link:presentationArc order="0" xlink:arcrole="http://www.xbrl.org/2003/arcrole/parent-child" xlink:from="loc_AFHACQVIGoingConcernDisclosureAbstract" xlink:to="loc_AFHACQVIRetainedEarningsAccumulatedDeficit" xlink:type="arc" />
    </link:presentationLink>
</link:linkbase>
