<?xml version="1.0" encoding="US-ASCII"?>
<!--XBRL Document Created with WebFilings-->
<!-- -->
<linkbase xsi:schemaLocation="http://www.xbrl.org/2003/linkbase http://www.xbrl.org/2003/xbrl-linkbase-2003-12-31.xsd" xmlns="http://www.xbrl.org/2003/linkbase" xmlns:xlink="http://www.w3.org/1999/xlink" xmlns:xsi="http://www.w3.org/2001/XMLSchema-instance">
  <roleRef roleURI="http://www.extremenetworks.com/role/BalanceSheetAccounts" xlink:href="extr-20121231.xsd#BalanceSheetAccounts" xlink:type="simple" />
  <roleRef roleURI="http://www.extremenetworks.com/role/BalanceSheetAccountsChangeInDeferredSupportRevenueDetails" xlink:href="extr-20121231.xsd#BalanceSheetAccountsChangeInDeferredSupportRevenueDetails" xlink:type="simple" />
  <roleRef roleURI="http://www.extremenetworks.com/role/BalanceSheetAccountsNarrativesDetails" xlink:href="extr-20121231.xsd#BalanceSheetAccountsNarrativesDetails" xlink:type="simple" />
  <roleRef roleURI="http://www.extremenetworks.com/role/BalanceSheetAccountsScheduleFutureAmortizationForFiniteLivedIntangibleAssetsDetails" xlink:href="extr-20121231.xsd#BalanceSheetAccountsScheduleFutureAmortizationForFiniteLivedIntangibleAssetsDetails" xlink:type="simple" />
  <roleRef roleURI="http://www.extremenetworks.com/role/BalanceSheetAccountsScheduleOfAvailableForSaleInvestmentsByContractualMaturityDetails" xlink:href="extr-20121231.xsd#BalanceSheetAccountsScheduleOfAvailableForSaleInvestmentsByContractualMaturityDetails" xlink:type="simple" />
  <roleRef roleURI="http://www.extremenetworks.com/role/BalanceSheetAccountsScheduleOfAvailableForSaleSecuritiesDetails" xlink:href="extr-20121231.xsd#BalanceSheetAccountsScheduleOfAvailableForSaleSecuritiesDetails" xlink:type="simple" />
  <roleRef roleURI="http://www.extremenetworks.com/role/BalanceSheetAccountsScheduleOfCashAndAvailableForSaleSecuritiesDetails" xlink:href="extr-20121231.xsd#BalanceSheetAccountsScheduleOfCashAndAvailableForSaleSecuritiesDetails" xlink:type="simple" />
  <roleRef roleURI="http://www.extremenetworks.com/role/BalanceSheetAccountsScheduleOfConcentrationOfRiskDetails" xlink:href="extr-20121231.xsd#BalanceSheetAccountsScheduleOfConcentrationOfRiskDetails" xlink:type="simple" />
  <roleRef roleURI="http://www.extremenetworks.com/role/BalanceSheetAccountsScheduleOfDeferredDistributorsRevenueDetails" xlink:href="extr-20121231.xsd#BalanceSheetAccountsScheduleOfDeferredDistributorsRevenueDetails" xlink:type="simple" />
  <roleRef roleURI="http://www.extremenetworks.com/role/BalanceSheetAccountsScheduleOfDeferredRevenueNetDetails" xlink:href="extr-20121231.xsd#BalanceSheetAccountsScheduleOfDeferredRevenueNetDetails" xlink:type="simple" />
  <roleRef roleURI="http://www.extremenetworks.com/role/BalanceSheetAccountsScheduleOfGrossAndNetIntangibleAssetsDetails" xlink:href="extr-20121231.xsd#BalanceSheetAccountsScheduleOfGrossAndNetIntangibleAssetsDetails" xlink:type="simple" />
  <roleRef roleURI="http://www.extremenetworks.com/role/BalanceSheetAccountsScheduleOfProductWarrantyLiabilityActivityDetails" xlink:href="extr-20121231.xsd#BalanceSheetAccountsScheduleOfProductWarrantyLiabilityActivityDetails" xlink:type="simple" />
  <roleRef roleURI="http://www.extremenetworks.com/role/BalanceSheetAccountsScheduleOfUnrealizedLossesAndFairValuesByInvestmentCategoryAndTimeInContinuousUnrealizedLossPositionDetails" xlink:href="extr-20121231.xsd#BalanceSheetAccountsScheduleOfUnrealizedLossesAndFairValuesByInvestmentCategoryAndTimeInContinuousUnrealizedLossPositionDetails" xlink:type="simple" />
  <roleRef roleURI="http://www.extremenetworks.com/role/BalanceSheetAccountsTables" xlink:href="extr-20121231.xsd#BalanceSheetAccountsTables" xlink:type="simple" />
  <roleRef roleURI="http://www.extremenetworks.com/role/BasisOfPresentation" xlink:href="extr-20121231.xsd#BasisOfPresentation" xlink:type="simple" />
  <roleRef roleURI="http://www.extremenetworks.com/role/CommitmentsAndContingencies" xlink:href="extr-20121231.xsd#CommitmentsAndContingencies" xlink:type="simple" />
  <roleRef roleURI="http://www.extremenetworks.com/role/CommitmentsAndContingenciesDetails" xlink:href="extr-20121231.xsd#CommitmentsAndContingenciesDetails" xlink:type="simple" />
  <roleRef roleURI="http://www.extremenetworks.com/role/CommonStockRepurchasesAndRetirement" xlink:href="extr-20121231.xsd#CommonStockRepurchasesAndRetirement" xlink:type="simple" />
  <roleRef roleURI="http://www.extremenetworks.com/role/CommonStockRepurchasesAndRetirementDetails" xlink:href="extr-20121231.xsd#CommonStockRepurchasesAndRetirementDetails" xlink:type="simple" />
  <roleRef roleURI="http://www.extremenetworks.com/role/CondensedConsolidatedBalanceSheets" xlink:href="extr-20121231.xsd#CondensedConsolidatedBalanceSheets" xlink:type="simple" />
  <roleRef roleURI="http://www.extremenetworks.com/role/CondensedConsolidatedBalanceSheetsParentheticals" xlink:href="extr-20121231.xsd#CondensedConsolidatedBalanceSheetsParentheticals" xlink:type="simple" />
  <roleRef roleURI="http://www.extremenetworks.com/role/CondensedConsolidatedStatementsOfCashFlows" xlink:href="extr-20121231.xsd#CondensedConsolidatedStatementsOfCashFlows" xlink:type="simple" />
  <roleRef roleURI="http://www.extremenetworks.com/role/CondensedConsolidatedStatementsOfComprehensiveIncomeLoss" xlink:href="extr-20121231.xsd#CondensedConsolidatedStatementsOfComprehensiveIncomeLoss" xlink:type="simple" />
  <roleRef roleURI="http://www.extremenetworks.com/role/CondensedConsolidatedStatementsOfIncome" xlink:href="extr-20121231.xsd#CondensedConsolidatedStatementsOfIncome" xlink:type="simple" />
  <roleRef roleURI="http://www.extremenetworks.com/role/DisclosureAboutSegmentsOfEnterpriseAndGeographicAreas" xlink:href="extr-20121231.xsd#DisclosureAboutSegmentsOfEnterpriseAndGeographicAreas" xlink:type="simple" />
  <roleRef roleURI="http://www.extremenetworks.com/role/DisclosureAboutSegmentsOfEnterpriseAndGeographicAreasNarrativesDetails" xlink:href="extr-20121231.xsd#DisclosureAboutSegmentsOfEnterpriseAndGeographicAreasNarrativesDetails" xlink:type="simple" />
  <roleRef roleURI="http://www.extremenetworks.com/role/DisclosureAboutSegmentsOfEnterpriseAndGeographicAreasScheduleOfRevenuesByGeographicRegionsDetails" xlink:href="extr-20121231.xsd#DisclosureAboutSegmentsOfEnterpriseAndGeographicAreasScheduleOfRevenuesByGeographicRegionsDetails" xlink:type="simple" />
  <roleRef roleURI="http://www.extremenetworks.com/role/DisclosureAboutSegmentsOfEnterpriseAndGeographicAreasTables" xlink:href="extr-20121231.xsd#DisclosureAboutSegmentsOfEnterpriseAndGeographicAreasTables" xlink:type="simple" />
  <roleRef roleURI="http://www.extremenetworks.com/role/DocumentAndEntityInformation" xlink:href="extr-20121231.xsd#DocumentAndEntityInformation" xlink:type="simple" />
  <roleRef roleURI="http://www.extremenetworks.com/role/FairValueMeasurements" xlink:href="extr-20121231.xsd#FairValueMeasurements" xlink:type="simple" />
  <roleRef roleURI="http://www.extremenetworks.com/role/FairValueMeasurementsScheduleOfFairValueForFinancialAssetsAndLiabilitiesMeasureOnRecurringBasisDetails" xlink:href="extr-20121231.xsd#FairValueMeasurementsScheduleOfFairValueForFinancialAssetsAndLiabilitiesMeasureOnRecurringBasisDetails" xlink:type="simple" />
  <roleRef roleURI="http://www.extremenetworks.com/role/FairValueMeasurementsTables" xlink:href="extr-20121231.xsd#FairValueMeasurementsTables" xlink:type="simple" />
  <roleRef roleURI="http://www.extremenetworks.com/role/ForeignExchangeForwardContracts" xlink:href="extr-20121231.xsd#ForeignExchangeForwardContracts" xlink:type="simple" />
  <roleRef roleURI="http://www.extremenetworks.com/role/ForeignExchangeForwardContractsDetails" xlink:href="extr-20121231.xsd#ForeignExchangeForwardContractsDetails" xlink:type="simple" />
  <roleRef roleURI="http://www.extremenetworks.com/role/IncomeTaxes" xlink:href="extr-20121231.xsd#IncomeTaxes" xlink:type="simple" />
  <roleRef roleURI="http://www.extremenetworks.com/role/IncomeTaxesDetails" xlink:href="extr-20121231.xsd#IncomeTaxesDetails" xlink:type="simple" />
  <roleRef roleURI="http://www.extremenetworks.com/role/NetLossIncomePerShare" xlink:href="extr-20121231.xsd#NetLossIncomePerShare" xlink:type="simple" />
  <roleRef roleURI="http://www.extremenetworks.com/role/NetLossIncomePerShareScheduleOfEarningsPerShareBasicAndDilutedDetails" xlink:href="extr-20121231.xsd#NetLossIncomePerShareScheduleOfEarningsPerShareBasicAndDilutedDetails" xlink:type="simple" />
  <roleRef roleURI="http://www.extremenetworks.com/role/NetLossIncomePerShareTables" xlink:href="extr-20121231.xsd#NetLossIncomePerShareTables" xlink:type="simple" />
  <roleRef roleURI="http://www.extremenetworks.com/role/RestructuringCharges" xlink:href="extr-20121231.xsd#RestructuringCharges" xlink:type="simple" />
  <roleRef roleURI="http://www.extremenetworks.com/role/RestructuringChargesDetails" xlink:href="extr-20121231.xsd#RestructuringChargesDetails" xlink:type="simple" />
  <roleRef roleURI="http://www.extremenetworks.com/role/RestructuringChargesTables" xlink:href="extr-20121231.xsd#RestructuringChargesTables" xlink:type="simple" />
  <roleRef roleURI="http://www.extremenetworks.com/role/ShareBasedCompensation" xlink:href="extr-20121231.xsd#ShareBasedCompensation" xlink:type="simple" />
  <roleRef roleURI="http://www.extremenetworks.com/role/ShareBasedCompensationNarrativesDetails" xlink:href="extr-20121231.xsd#ShareBasedCompensationNarrativesDetails" xlink:type="simple" />
  <roleRef roleURI="http://www.extremenetworks.com/role/ShareBasedCompensationScheduleOfFairValueAssumptionsForStockOptionsAndEmployeeStockPurchasePlanAwardsDetails" xlink:href="extr-20121231.xsd#ShareBasedCompensationScheduleOfFairValueAssumptionsForStockOptionsAndEmployeeStockPurchasePlanAwardsDetails" xlink:type="simple" />
  <roleRef roleURI="http://www.extremenetworks.com/role/ShareBasedCompensationScheduleOfRecognizedShareBasedCompensationExpenseDetails" xlink:href="extr-20121231.xsd#ShareBasedCompensationScheduleOfRecognizedShareBasedCompensationExpenseDetails" xlink:type="simple" />
  <roleRef roleURI="http://www.extremenetworks.com/role/ShareBasedCompensationScheduleOfStockAwardActivityDetails" xlink:href="extr-20121231.xsd#ShareBasedCompensationScheduleOfStockAwardActivityDetails" xlink:type="simple" />
  <roleRef roleURI="http://www.extremenetworks.com/role/ShareBasedCompensationScheduleOfStockOptionActivityDetails" xlink:href="extr-20121231.xsd#ShareBasedCompensationScheduleOfStockOptionActivityDetails" xlink:type="simple" />
  <roleRef roleURI="http://www.extremenetworks.com/role/ShareBasedCompensationTables" xlink:href="extr-20121231.xsd#ShareBasedCompensationTables" xlink:type="simple" />
  <roleRef roleURI="http://www.extremenetworks.com/role/SummaryOfSignificantAccountingPolicies" xlink:href="extr-20121231.xsd#SummaryOfSignificantAccountingPolicies" xlink:type="simple" />
  <roleRef roleURI="http://www.extremenetworks.com/role/SummaryOfSignificantAccountingPoliciesPolicies" xlink:href="extr-20121231.xsd#SummaryOfSignificantAccountingPoliciesPolicies" xlink:type="simple" />
  <calculationLink xlink:role="http://www.extremenetworks.com/role/BalanceSheetAccounts" xlink:type="extended" />
  <calculationLink xlink:role="http://www.extremenetworks.com/role/BalanceSheetAccountsChangeInDeferredSupportRevenueDetails" xlink:type="extended" />
  <calculationLink xlink:role="http://www.extremenetworks.com/role/BalanceSheetAccountsNarrativesDetails" xlink:type="extended" />
  <calculationLink xlink:role="http://www.extremenetworks.com/role/BalanceSheetAccountsScheduleFutureAmortizationForFiniteLivedIntangibleAssetsDetails" xlink:type="extended">
    <loc xlink:href="extr-20121231.xsd#extr_FiniteLivedIntangibleAssetsAmortizationExpenseAllFuturePeriods" xlink:label="loc_extr_FiniteLivedIntangibleAssetsAmortizationExpenseAllFuturePeriods_1f88ffa8-e596-11e1-9a29-22000a1cf22c" xlink:type="locator" />
    <loc xlink:href="http://xbrl.fasb.org/us-gaap/2012/elts/us-gaap-2012-01-31.xsd#us-gaap_FiniteLivedIntangibleAssetsAmortizationExpenseRemainderOfFiscalYear" xlink:label="loc_us-gaap_FiniteLivedIntangibleAssetsAmortizationExpenseRemainderOfFiscalYear_544aff3c-78f6-11e1-94fe-25ba39ebf1f4" xlink:type="locator" />
    <calculationArc order="1" weight="1" xlink:arcrole="http://www.xbrl.org/2003/arcrole/summation-item" xlink:from="loc_extr_FiniteLivedIntangibleAssetsAmortizationExpenseAllFuturePeriods_1f88ffa8-e596-11e1-9a29-22000a1cf22c" xlink:to="loc_us-gaap_FiniteLivedIntangibleAssetsAmortizationExpenseRemainderOfFiscalYear_544aff3c-78f6-11e1-94fe-25ba39ebf1f4" xlink:type="arc" />
    <loc xlink:href="http://xbrl.fasb.org/us-gaap/2012/elts/us-gaap-2012-01-31.xsd#us-gaap_FiniteLivedIntangibleAssetsAmortizationExpenseYearTwo" xlink:label="loc_us-gaap_FiniteLivedIntangibleAssetsAmortizationExpenseYearTwo_5447a6a2-78f6-11e1-94fe-25ba39ebf1f4" xlink:type="locator" />
    <calculationArc order="2" weight="1" xlink:arcrole="http://www.xbrl.org/2003/arcrole/summation-item" xlink:from="loc_extr_FiniteLivedIntangibleAssetsAmortizationExpenseAllFuturePeriods_1f88ffa8-e596-11e1-9a29-22000a1cf22c" xlink:to="loc_us-gaap_FiniteLivedIntangibleAssetsAmortizationExpenseYearTwo_5447a6a2-78f6-11e1-94fe-25ba39ebf1f4" xlink:type="arc" />
    <loc xlink:href="http://xbrl.fasb.org/us-gaap/2012/elts/us-gaap-2012-01-31.xsd#us-gaap_FiniteLivedIntangibleAssetsAmortizationExpenseYearThree" xlink:label="loc_us-gaap_FiniteLivedIntangibleAssetsAmortizationExpenseYearThree_54352b8a-78f6-11e1-94fe-25ba39ebf1f4" xlink:type="locator" />
    <calculationArc order="3" weight="1" xlink:arcrole="http://www.xbrl.org/2003/arcrole/summation-item" xlink:from="loc_extr_FiniteLivedIntangibleAssetsAmortizationExpenseAllFuturePeriods_1f88ffa8-e596-11e1-9a29-22000a1cf22c" xlink:to="loc_us-gaap_FiniteLivedIntangibleAssetsAmortizationExpenseYearThree_54352b8a-78f6-11e1-94fe-25ba39ebf1f4" xlink:type="arc" />
    <loc xlink:href="http://xbrl.fasb.org/us-gaap/2012/elts/us-gaap-2012-01-31.xsd#us-gaap_FiniteLivedIntangibleAssetsAmortizationExpenseYearFour" xlink:label="loc_us-gaap_FiniteLivedIntangibleAssetsAmortizationExpenseYearFour_54474748-78f6-11e1-94fe-25ba39ebf1f4" xlink:type="locator" />
    <calculationArc order="4" weight="1" xlink:arcrole="http://www.xbrl.org/2003/arcrole/summation-item" xlink:from="loc_extr_FiniteLivedIntangibleAssetsAmortizationExpenseAllFuturePeriods_1f88ffa8-e596-11e1-9a29-22000a1cf22c" xlink:to="loc_us-gaap_FiniteLivedIntangibleAssetsAmortizationExpenseYearFour_54474748-78f6-11e1-94fe-25ba39ebf1f4" xlink:type="arc" />
    <loc xlink:href="http://xbrl.fasb.org/us-gaap/2012/elts/us-gaap-2012-01-31.xsd#us-gaap_FiniteLivedIntangibleAssetsAmortizationExpenseYearFive" xlink:label="loc_us-gaap_FiniteLivedIntangibleAssetsAmortizationExpenseYearFive_5432149a-78f6-11e1-94fe-25ba39ebf1f4" xlink:type="locator" />
    <calculationArc order="5" weight="1" xlink:arcrole="http://www.xbrl.org/2003/arcrole/summation-item" xlink:from="loc_extr_FiniteLivedIntangibleAssetsAmortizationExpenseAllFuturePeriods_1f88ffa8-e596-11e1-9a29-22000a1cf22c" xlink:to="loc_us-gaap_FiniteLivedIntangibleAssetsAmortizationExpenseYearFive_5432149a-78f6-11e1-94fe-25ba39ebf1f4" xlink:type="arc" />
    <loc xlink:href="http://xbrl.fasb.org/us-gaap/2012/elts/us-gaap-2012-01-31.xsd#us-gaap_FiniteLivedIntangibleAssetsAmortizationExpenseAfterYearFive" xlink:label="loc_us-gaap_FiniteLivedIntangibleAssetsAmortizationExpenseAfterYearFive_543dc34e-78f6-11e1-94fe-25ba39ebf1f4" xlink:type="locator" />
    <calculationArc order="6" weight="1" xlink:arcrole="http://www.xbrl.org/2003/arcrole/summation-item" xlink:from="loc_extr_FiniteLivedIntangibleAssetsAmortizationExpenseAllFuturePeriods_1f88ffa8-e596-11e1-9a29-22000a1cf22c" xlink:to="loc_us-gaap_FiniteLivedIntangibleAssetsAmortizationExpenseAfterYearFive_543dc34e-78f6-11e1-94fe-25ba39ebf1f4" xlink:type="arc" />
  </calculationLink>
  <calculationLink xlink:role="http://www.extremenetworks.com/role/BalanceSheetAccountsScheduleOfAvailableForSaleInvestmentsByContractualMaturityDetails" xlink:type="extended">
    <loc xlink:href="http://xbrl.fasb.org/us-gaap/2012/elts/us-gaap-2012-01-31.xsd#us-gaap_AvailableForSaleSecuritiesDebtMaturitiesAmortizedCost" xlink:label="loc_us-gaap_AvailableForSaleSecuritiesDebtMaturitiesAmortizedCost_2cc90a26-78f6-11e1-94fe-25ba39ebf1f4" xlink:type="locator" />
    <loc xlink:href="http://xbrl.fasb.org/us-gaap/2012/elts/us-gaap-2012-01-31.xsd#us-gaap_AvailableForSaleSecuritiesDebtMaturitiesWithinOneYearAmortizedCost" xlink:label="loc_us-gaap_AvailableForSaleSecuritiesDebtMaturitiesWithinOneYearAmortizedCost_2cb54964-78f6-11e1-94fe-25ba39ebf1f4" xlink:type="locator" />
    <calculationArc order="1" weight="1" xlink:arcrole="http://www.xbrl.org/2003/arcrole/summation-item" xlink:from="loc_us-gaap_AvailableForSaleSecuritiesDebtMaturitiesAmortizedCost_2cc90a26-78f6-11e1-94fe-25ba39ebf1f4" xlink:to="loc_us-gaap_AvailableForSaleSecuritiesDebtMaturitiesWithinOneYearAmortizedCost_2cb54964-78f6-11e1-94fe-25ba39ebf1f4" xlink:type="arc" />
    <loc xlink:href="extr-20121231.xsd#extr_AvailableForSaleSecuritiesDebtMaturitiesAfterYearOneAndBeforeTwoAmortizedCostBasis" xlink:label="loc_extr_AvailableForSaleSecuritiesDebtMaturitiesAfterYearOneAndBeforeTwoAmortizedCostBasis_ecfe69ea-b405-11e1-ba93-1231380dc193" xlink:type="locator" />
    <calculationArc order="2" weight="1" xlink:arcrole="http://www.xbrl.org/2003/arcrole/summation-item" xlink:from="loc_us-gaap_AvailableForSaleSecuritiesDebtMaturitiesAmortizedCost_2cc90a26-78f6-11e1-94fe-25ba39ebf1f4" xlink:to="loc_extr_AvailableForSaleSecuritiesDebtMaturitiesAfterYearOneAndBeforeTwoAmortizedCostBasis_ecfe69ea-b405-11e1-ba93-1231380dc193" xlink:type="arc" />
    <loc xlink:href="extr-20121231.xsd#extr_AvailableForSaleSecuritiesDebtMaturitiesAfterYearTwoThroughFiveAmortizedCostBasis" xlink:label="loc_extr_AvailableForSaleSecuritiesDebtMaturitiesAfterYearTwoThroughFiveAmortizedCostBasis_2d958ab4-b407-11e1-ba93-1231380dc193" xlink:type="locator" />
    <calculationArc order="3" weight="1" xlink:arcrole="http://www.xbrl.org/2003/arcrole/summation-item" xlink:from="loc_us-gaap_AvailableForSaleSecuritiesDebtMaturitiesAmortizedCost_2cc90a26-78f6-11e1-94fe-25ba39ebf1f4" xlink:to="loc_extr_AvailableForSaleSecuritiesDebtMaturitiesAfterYearTwoThroughFiveAmortizedCostBasis_2d958ab4-b407-11e1-ba93-1231380dc193" xlink:type="arc" />
    <loc xlink:href="extr-20121231.xsd#extr_AvailableForSaleSecuritiesDebtMaturitiesFairValueAmount" xlink:label="loc_extr_AvailableForSaleSecuritiesDebtMaturitiesFairValueAmount_78b368ee-b408-11e1-ba93-1231380dc193" xlink:type="locator" />
    <loc xlink:href="http://xbrl.fasb.org/us-gaap/2012/elts/us-gaap-2012-01-31.xsd#us-gaap_AvailableForSaleSecuritiesDebtMaturitiesWithinOneYearFairValue" xlink:label="loc_us-gaap_AvailableForSaleSecuritiesDebtMaturitiesWithinOneYearFairValue_2ca8c9dc-78f6-11e1-94fe-25ba39ebf1f4" xlink:type="locator" />
    <calculationArc order="1" weight="1" xlink:arcrole="http://www.xbrl.org/2003/arcrole/summation-item" xlink:from="loc_extr_AvailableForSaleSecuritiesDebtMaturitiesFairValueAmount_78b368ee-b408-11e1-ba93-1231380dc193" xlink:to="loc_us-gaap_AvailableForSaleSecuritiesDebtMaturitiesWithinOneYearFairValue_2ca8c9dc-78f6-11e1-94fe-25ba39ebf1f4" xlink:type="arc" />
    <loc xlink:href="extr-20121231.xsd#extr_AvailableForSaleSecuritiesDebtMaturitiesAfterYearOneAndBeforeTwoFairValue" xlink:label="loc_extr_AvailableForSaleSecuritiesDebtMaturitiesAfterYearOneAndBeforeTwoFairValue_c374776c-b406-11e1-ba93-1231380dc193" xlink:type="locator" />
    <calculationArc order="2" weight="1" xlink:arcrole="http://www.xbrl.org/2003/arcrole/summation-item" xlink:from="loc_extr_AvailableForSaleSecuritiesDebtMaturitiesFairValueAmount_78b368ee-b408-11e1-ba93-1231380dc193" xlink:to="loc_extr_AvailableForSaleSecuritiesDebtMaturitiesAfterYearOneAndBeforeTwoFairValue_c374776c-b406-11e1-ba93-1231380dc193" xlink:type="arc" />
    <loc xlink:href="extr-20121231.xsd#extr_AvailableForSaleSecuritiesDebtMaturitiesAfterYearTwoThroughFiveFairValue" xlink:label="loc_extr_AvailableForSaleSecuritiesDebtMaturitiesAfterYearTwoThroughFiveFairValue_4540d61e-b407-11e1-ba93-1231380dc193" xlink:type="locator" />
    <calculationArc order="3" weight="1" xlink:arcrole="http://www.xbrl.org/2003/arcrole/summation-item" xlink:from="loc_extr_AvailableForSaleSecuritiesDebtMaturitiesFairValueAmount_78b368ee-b408-11e1-ba93-1231380dc193" xlink:to="loc_extr_AvailableForSaleSecuritiesDebtMaturitiesAfterYearTwoThroughFiveFairValue_4540d61e-b407-11e1-ba93-1231380dc193" xlink:type="arc" />
  </calculationLink>
  <calculationLink xlink:role="http://www.extremenetworks.com/role/BalanceSheetAccountsScheduleOfAvailableForSaleSecuritiesDetails" xlink:type="extended">
    <loc xlink:href="http://xbrl.fasb.org/us-gaap/2012/elts/us-gaap-2012-01-31.xsd#us-gaap_AvailableForSaleSecuritiesFairValueDisclosure" xlink:label="loc_us-gaap_AvailableForSaleSecuritiesFairValueDisclosure_2ca70372-78f6-11e1-94fe-25ba39ebf1f4" xlink:type="locator" />
    <loc xlink:href="http://xbrl.fasb.org/us-gaap/2012/elts/us-gaap-2012-01-31.xsd#us-gaap_AvailableForSaleSecuritiesAmortizedCost" xlink:label="loc_us-gaap_AvailableForSaleSecuritiesAmortizedCost_2ce4a1c8-78f6-11e1-94fe-25ba39ebf1f4" xlink:type="locator" />
    <calculationArc order="1" weight="1" xlink:arcrole="http://www.xbrl.org/2003/arcrole/summation-item" xlink:from="loc_us-gaap_AvailableForSaleSecuritiesFairValueDisclosure_2ca70372-78f6-11e1-94fe-25ba39ebf1f4" xlink:to="loc_us-gaap_AvailableForSaleSecuritiesAmortizedCost_2ce4a1c8-78f6-11e1-94fe-25ba39ebf1f4" xlink:type="arc" />
    <loc xlink:href="http://xbrl.fasb.org/us-gaap/2012/elts/us-gaap-2012-01-31.xsd#us-gaap_AvailableforsaleSecuritiesGrossUnrealizedGain" xlink:label="loc_us-gaap_AvailableforsaleSecuritiesGrossUnrealizedGain_28857b48-78f6-11e1-94fe-25ba39ebf1f4" xlink:type="locator" />
    <calculationArc order="2" weight="1" xlink:arcrole="http://www.xbrl.org/2003/arcrole/summation-item" xlink:from="loc_us-gaap_AvailableForSaleSecuritiesFairValueDisclosure_2ca70372-78f6-11e1-94fe-25ba39ebf1f4" xlink:to="loc_us-gaap_AvailableforsaleSecuritiesGrossUnrealizedGain_28857b48-78f6-11e1-94fe-25ba39ebf1f4" xlink:type="arc" />
    <loc xlink:href="http://xbrl.fasb.org/us-gaap/2012/elts/us-gaap-2012-01-31.xsd#us-gaap_AvailableForSaleSecuritiesGrossUnrealizedLosses1" xlink:label="loc_us-gaap_AvailableForSaleSecuritiesGrossUnrealizedLosses1_2cc11636-78f6-11e1-94fe-25ba39ebf1f4" xlink:type="locator" />
    <calculationArc order="3" weight="-1" xlink:arcrole="http://www.xbrl.org/2003/arcrole/summation-item" xlink:from="loc_us-gaap_AvailableForSaleSecuritiesFairValueDisclosure_2ca70372-78f6-11e1-94fe-25ba39ebf1f4" xlink:to="loc_us-gaap_AvailableForSaleSecuritiesGrossUnrealizedLosses1_2cc11636-78f6-11e1-94fe-25ba39ebf1f4" xlink:type="arc" />
  </calculationLink>
  <calculationLink xlink:role="http://www.extremenetworks.com/role/BalanceSheetAccountsScheduleOfCashAndAvailableForSaleSecuritiesDetails" xlink:type="extended">
    <loc xlink:href="http://xbrl.fasb.org/us-gaap/2012/elts/us-gaap-2012-01-31.xsd#us-gaap_CashCashEquivalentsAndShortTermInvestments" xlink:label="loc_us-gaap_CashCashEquivalentsAndShortTermInvestments_31c20802-78f6-11e1-94fe-25ba39ebf1f4" xlink:type="locator" />
    <loc xlink:href="http://xbrl.fasb.org/us-gaap/2012/elts/us-gaap-2012-01-31.xsd#us-gaap_Cash" xlink:label="loc_us-gaap_Cash_30cae054-78f6-11e1-94fe-25ba39ebf1f4" xlink:type="locator" />
    <calculationArc order="1" weight="1" xlink:arcrole="http://www.xbrl.org/2003/arcrole/summation-item" xlink:from="loc_us-gaap_CashCashEquivalentsAndShortTermInvestments_31c20802-78f6-11e1-94fe-25ba39ebf1f4" xlink:to="loc_us-gaap_Cash_30cae054-78f6-11e1-94fe-25ba39ebf1f4" xlink:type="arc" />
    <loc xlink:href="http://xbrl.fasb.org/us-gaap/2012/elts/us-gaap-2012-01-31.xsd#us-gaap_AvailableForSaleSecuritiesCurrent" xlink:label="loc_us-gaap_AvailableForSaleSecuritiesCurrent_2cb61bfa-78f6-11e1-94fe-25ba39ebf1f4" xlink:type="locator" />
    <calculationArc order="2" weight="1" xlink:arcrole="http://www.xbrl.org/2003/arcrole/summation-item" xlink:from="loc_us-gaap_CashCashEquivalentsAndShortTermInvestments_31c20802-78f6-11e1-94fe-25ba39ebf1f4" xlink:to="loc_us-gaap_AvailableForSaleSecuritiesCurrent_2cb61bfa-78f6-11e1-94fe-25ba39ebf1f4" xlink:type="arc" />
    <loc xlink:href="http://xbrl.fasb.org/us-gaap/2012/elts/us-gaap-2012-01-31.xsd#us-gaap_CashEquivalentsAtCarryingValue" xlink:label="loc_us-gaap_CashEquivalentsAtCarryingValue_30c9ece4-78f6-11e1-94fe-25ba39ebf1f4" xlink:type="locator" />
    <calculationArc order="1" weight="1" xlink:arcrole="http://www.xbrl.org/2003/arcrole/summation-item" xlink:from="loc_us-gaap_AvailableForSaleSecuritiesCurrent_2cb61bfa-78f6-11e1-94fe-25ba39ebf1f4" xlink:to="loc_us-gaap_CashEquivalentsAtCarryingValue_30c9ece4-78f6-11e1-94fe-25ba39ebf1f4" xlink:type="arc" />
    <loc xlink:href="http://xbrl.fasb.org/us-gaap/2012/elts/us-gaap-2012-01-31.xsd#us-gaap_ShortTermInvestments" xlink:label="loc_us-gaap_ShortTermInvestments_6fb87e70-78f6-11e1-94fe-25ba39ebf1f4" xlink:type="locator" />
    <calculationArc order="2" weight="1" xlink:arcrole="http://www.xbrl.org/2003/arcrole/summation-item" xlink:from="loc_us-gaap_AvailableForSaleSecuritiesCurrent_2cb61bfa-78f6-11e1-94fe-25ba39ebf1f4" xlink:to="loc_us-gaap_ShortTermInvestments_6fb87e70-78f6-11e1-94fe-25ba39ebf1f4" xlink:type="arc" />
    <loc xlink:href="http://xbrl.fasb.org/us-gaap/2012/elts/us-gaap-2012-01-31.xsd#us-gaap_MarketableSecuritiesNoncurrent" xlink:label="loc_us-gaap_MarketableSecuritiesNoncurrent_5f720b58-78f6-11e1-94fe-25ba39ebf1f4" xlink:type="locator" />
    <calculationArc order="3" weight="1" xlink:arcrole="http://www.xbrl.org/2003/arcrole/summation-item" xlink:from="loc_us-gaap_AvailableForSaleSecuritiesCurrent_2cb61bfa-78f6-11e1-94fe-25ba39ebf1f4" xlink:to="loc_us-gaap_MarketableSecuritiesNoncurrent_5f720b58-78f6-11e1-94fe-25ba39ebf1f4" xlink:type="arc" />
  </calculationLink>
  <calculationLink xlink:role="http://www.extremenetworks.com/role/BalanceSheetAccountsScheduleOfConcentrationOfRiskDetails" xlink:type="extended" />
  <calculationLink xlink:role="http://www.extremenetworks.com/role/BalanceSheetAccountsScheduleOfDeferredDistributorsRevenueDetails" xlink:type="extended">
    <loc xlink:href="extr-20121231.xsd#extr_DeferredRevenueNetOfCostOfSalesToDistributors" xlink:label="loc_extr_DeferredRevenueNetOfCostOfSalesToDistributors_04c15172-0def-9d40-cf42-99f91ae6abcb" xlink:type="locator" />
    <loc xlink:href="http://xbrl.fasb.org/us-gaap/2012/elts/us-gaap-2012-01-31.xsd#us-gaap_DeferredRevenue" xlink:label="loc_us-gaap_DeferredRevenue_46f2284c-78f6-11e1-94fe-25ba39ebf1f4" xlink:type="locator" />
    <calculationArc order="1" weight="1" xlink:arcrole="http://www.xbrl.org/2003/arcrole/summation-item" xlink:from="loc_extr_DeferredRevenueNetOfCostOfSalesToDistributors_04c15172-0def-9d40-cf42-99f91ae6abcb" xlink:to="loc_us-gaap_DeferredRevenue_46f2284c-78f6-11e1-94fe-25ba39ebf1f4" xlink:type="arc" />
    <loc xlink:href="extr-20121231.xsd#extr_DeferredCostOfSales" xlink:label="loc_extr_DeferredCostOfSales_3659fafc-1fac-11e2-b3ab-22000a1cf22c" xlink:type="locator" />
    <calculationArc order="2" weight="-1" xlink:arcrole="http://www.xbrl.org/2003/arcrole/summation-item" xlink:from="loc_extr_DeferredRevenueNetOfCostOfSalesToDistributors_04c15172-0def-9d40-cf42-99f91ae6abcb" xlink:to="loc_extr_DeferredCostOfSales_3659fafc-1fac-11e2-b3ab-22000a1cf22c" xlink:type="arc" />
  </calculationLink>
  <calculationLink xlink:role="http://www.extremenetworks.com/role/BalanceSheetAccountsScheduleOfDeferredRevenueNetDetails" xlink:type="extended">
    <loc xlink:href="http://xbrl.fasb.org/us-gaap/2012/elts/us-gaap-2012-01-31.xsd#us-gaap_DeferredRevenue" xlink:label="loc_us-gaap_DeferredRevenue_46f2284c-78f6-11e1-94fe-25ba39ebf1f4" xlink:type="locator" />
    <loc xlink:href="extr-20121231.xsd#extr_DeferredRevenueGrossOfDeferredCostOfSales" xlink:label="loc_extr_DeferredRevenueGrossOfDeferredCostOfSales_1a9ad1b8-c9e1-11e1-9a29-22000a1cf22c" xlink:type="locator" />
    <calculationArc order="1" weight="1" xlink:arcrole="http://www.xbrl.org/2003/arcrole/summation-item" xlink:from="loc_us-gaap_DeferredRevenue_46f2284c-78f6-11e1-94fe-25ba39ebf1f4" xlink:to="loc_extr_DeferredRevenueGrossOfDeferredCostOfSales_1a9ad1b8-c9e1-11e1-9a29-22000a1cf22c" xlink:type="arc" />
    <loc xlink:href="extr-20121231.xsd#extr_DeferredRevenueReductionsDueToCostOfSales" xlink:label="loc_extr_DeferredRevenueReductionsDueToCostOfSales_69908542-b573-11e1-ba93-1231380dc193" xlink:type="locator" />
    <calculationArc order="2" weight="-1" xlink:arcrole="http://www.xbrl.org/2003/arcrole/summation-item" xlink:from="loc_us-gaap_DeferredRevenue_46f2284c-78f6-11e1-94fe-25ba39ebf1f4" xlink:to="loc_extr_DeferredRevenueReductionsDueToCostOfSales_69908542-b573-11e1-ba93-1231380dc193" xlink:type="arc" />
    <loc xlink:href="http://xbrl.fasb.org/us-gaap/2012/elts/us-gaap-2012-01-31.xsd#us-gaap_DeferredRevenueCurrent" xlink:label="loc_us-gaap_DeferredRevenueCurrent_473bd082-78f6-11e1-94fe-25ba39ebf1f4" xlink:type="locator" />
    <calculationArc order="3" weight="1" xlink:arcrole="http://www.xbrl.org/2003/arcrole/summation-item" xlink:from="loc_us-gaap_DeferredRevenue_46f2284c-78f6-11e1-94fe-25ba39ebf1f4" xlink:to="loc_us-gaap_DeferredRevenueCurrent_473bd082-78f6-11e1-94fe-25ba39ebf1f4" xlink:type="arc" />
    <loc xlink:href="http://xbrl.fasb.org/us-gaap/2012/elts/us-gaap-2012-01-31.xsd#us-gaap_DeferredRevenueNoncurrent" xlink:label="loc_us-gaap_DeferredRevenueNoncurrent_4737a390-78f6-11e1-94fe-25ba39ebf1f4" xlink:type="locator" />
    <calculationArc order="4" weight="1" xlink:arcrole="http://www.xbrl.org/2003/arcrole/summation-item" xlink:from="loc_us-gaap_DeferredRevenue_46f2284c-78f6-11e1-94fe-25ba39ebf1f4" xlink:to="loc_us-gaap_DeferredRevenueNoncurrent_4737a390-78f6-11e1-94fe-25ba39ebf1f4" xlink:type="arc" />
  </calculationLink>
  <calculationLink xlink:role="http://www.extremenetworks.com/role/BalanceSheetAccountsScheduleOfGrossAndNetIntangibleAssetsDetails" xlink:type="extended">
    <loc xlink:href="http://xbrl.fasb.org/us-gaap/2012/elts/us-gaap-2012-01-31.xsd#us-gaap_FiniteLivedIntangibleAssetsNet" xlink:label="loc_us-gaap_FiniteLivedIntangibleAssetsNet_544b59c8-78f6-11e1-94fe-25ba39ebf1f4" xlink:type="locator" />
    <loc xlink:href="http://xbrl.fasb.org/us-gaap/2012/elts/us-gaap-2012-01-31.xsd#us-gaap_FiniteLivedIntangibleAssetsGross" xlink:label="loc_us-gaap_FiniteLivedIntangibleAssetsGross_54334af4-78f6-11e1-94fe-25ba39ebf1f4" xlink:type="locator" />
    <calculationArc order="1" weight="1" xlink:arcrole="http://www.xbrl.org/2003/arcrole/summation-item" xlink:from="loc_us-gaap_FiniteLivedIntangibleAssetsNet_544b59c8-78f6-11e1-94fe-25ba39ebf1f4" xlink:to="loc_us-gaap_FiniteLivedIntangibleAssetsGross_54334af4-78f6-11e1-94fe-25ba39ebf1f4" xlink:type="arc" />
    <loc xlink:href="http://xbrl.fasb.org/us-gaap/2012/elts/us-gaap-2012-01-31.xsd#us-gaap_FiniteLivedIntangibleAssetsAccumulatedAmortization" xlink:label="loc_us-gaap_FiniteLivedIntangibleAssetsAccumulatedAmortization_543933d8-78f6-11e1-94fe-25ba39ebf1f4" xlink:type="locator" />
    <calculationArc order="2" weight="-1" xlink:arcrole="http://www.xbrl.org/2003/arcrole/summation-item" xlink:from="loc_us-gaap_FiniteLivedIntangibleAssetsNet_544b59c8-78f6-11e1-94fe-25ba39ebf1f4" xlink:to="loc_us-gaap_FiniteLivedIntangibleAssetsAccumulatedAmortization_543933d8-78f6-11e1-94fe-25ba39ebf1f4" xlink:type="arc" />
  </calculationLink>
  <calculationLink xlink:role="http://www.extremenetworks.com/role/BalanceSheetAccountsScheduleOfProductWarrantyLiabilityActivityDetails" xlink:type="extended" />
  <calculationLink xlink:role="http://www.extremenetworks.com/role/BalanceSheetAccountsScheduleOfUnrealizedLossesAndFairValuesByInvestmentCategoryAndTimeInContinuousUnrealizedLossPositionDetails" xlink:type="extended">
    <loc xlink:href="http://xbrl.fasb.org/us-gaap/2012/elts/us-gaap-2012-01-31.xsd#us-gaap_AvailableforsaleSecuritiesContinuousUnrealizedLossPositionAggregateLosses2" xlink:label="loc_us-gaap_AvailableforsaleSecuritiesContinuousUnrealizedLossPositionAggregateLosses2_28776846-78f6-11e1-94fe-25ba39ebf1f4" xlink:type="locator" />
    <loc xlink:href="http://xbrl.fasb.org/us-gaap/2012/elts/us-gaap-2012-01-31.xsd#us-gaap_AvailableforsaleSecuritiesContinuousUnrealizedLossPositionLessThan12MonthsAggregateLosses2" xlink:label="loc_us-gaap_AvailableforsaleSecuritiesContinuousUnrealizedLossPositionLessThan12MonthsAggregateLosses2_28692c36-78f6-11e1-94fe-25ba39ebf1f4" xlink:type="locator" />
    <calculationArc order="1" weight="1" xlink:arcrole="http://www.xbrl.org/2003/arcrole/summation-item" xlink:from="loc_us-gaap_AvailableforsaleSecuritiesContinuousUnrealizedLossPositionAggregateLosses2_28776846-78f6-11e1-94fe-25ba39ebf1f4" xlink:to="loc_us-gaap_AvailableforsaleSecuritiesContinuousUnrealizedLossPositionLessThan12MonthsAggregateLosses2_28692c36-78f6-11e1-94fe-25ba39ebf1f4" xlink:type="arc" />
    <loc xlink:href="http://xbrl.fasb.org/us-gaap/2012/elts/us-gaap-2012-01-31.xsd#us-gaap_AvailableforsaleSecuritiesContinuousUnrealizedLossPosition12MonthsOrLongerAggregateLosses2" xlink:label="loc_us-gaap_AvailableforsaleSecuritiesContinuousUnrealizedLossPosition12MonthsOrLongerAggregateLosses2_287845ae-78f6-11e1-94fe-25ba39ebf1f4" xlink:type="locator" />
    <calculationArc order="2" weight="1" xlink:arcrole="http://www.xbrl.org/2003/arcrole/summation-item" xlink:from="loc_us-gaap_AvailableforsaleSecuritiesContinuousUnrealizedLossPositionAggregateLosses2_28776846-78f6-11e1-94fe-25ba39ebf1f4" xlink:to="loc_us-gaap_AvailableforsaleSecuritiesContinuousUnrealizedLossPosition12MonthsOrLongerAggregateLosses2_287845ae-78f6-11e1-94fe-25ba39ebf1f4" xlink:type="arc" />
    <loc xlink:href="http://xbrl.fasb.org/us-gaap/2012/elts/us-gaap-2012-01-31.xsd#us-gaap_AvailableForSaleSecuritiesContinuousUnrealizedLossPositionFairValue" xlink:label="loc_us-gaap_AvailableForSaleSecuritiesContinuousUnrealizedLossPositionFairValue_2cbed2cc-78f6-11e1-94fe-25ba39ebf1f4" xlink:type="locator" />
    <loc xlink:href="http://xbrl.fasb.org/us-gaap/2012/elts/us-gaap-2012-01-31.xsd#us-gaap_AvailableForSaleSecuritiesContinuousUnrealizedLossPositionLessThanTwelveMonthsFairValue" xlink:label="loc_us-gaap_AvailableForSaleSecuritiesContinuousUnrealizedLossPositionLessThanTwelveMonthsFairValue_2ca3fa1a-78f6-11e1-94fe-25ba39ebf1f4" xlink:type="locator" />
    <calculationArc order="1" weight="1" xlink:arcrole="http://www.xbrl.org/2003/arcrole/summation-item" xlink:from="loc_us-gaap_AvailableForSaleSecuritiesContinuousUnrealizedLossPositionFairValue_2cbed2cc-78f6-11e1-94fe-25ba39ebf1f4" xlink:to="loc_us-gaap_AvailableForSaleSecuritiesContinuousUnrealizedLossPositionLessThanTwelveMonthsFairValue_2ca3fa1a-78f6-11e1-94fe-25ba39ebf1f4" xlink:type="arc" />
    <loc xlink:href="http://xbrl.fasb.org/us-gaap/2012/elts/us-gaap-2012-01-31.xsd#us-gaap_AvailableForSaleSecuritiesContinuousUnrealizedLossPositionTwelveMonthsOrLongerFairValue" xlink:label="loc_us-gaap_AvailableForSaleSecuritiesContinuousUnrealizedLossPositionTwelveMonthsOrLongerFairValue_2cb0e252-78f6-11e1-94fe-25ba39ebf1f4" xlink:type="locator" />
    <calculationArc order="2" weight="1" xlink:arcrole="http://www.xbrl.org/2003/arcrole/summation-item" xlink:from="loc_us-gaap_AvailableForSaleSecuritiesContinuousUnrealizedLossPositionFairValue_2cbed2cc-78f6-11e1-94fe-25ba39ebf1f4" xlink:to="loc_us-gaap_AvailableForSaleSecuritiesContinuousUnrealizedLossPositionTwelveMonthsOrLongerFairValue_2cb0e252-78f6-11e1-94fe-25ba39ebf1f4" xlink:type="arc" />
  </calculationLink>
  <calculationLink xlink:role="http://www.extremenetworks.com/role/BalanceSheetAccountsTables" xlink:type="extended" />
  <calculationLink xlink:role="http://www.extremenetworks.com/role/BasisOfPresentation" xlink:type="extended" />
  <calculationLink xlink:role="http://www.extremenetworks.com/role/CommitmentsAndContingencies" xlink:type="extended" />
  <calculationLink xlink:role="http://www.extremenetworks.com/role/CommitmentsAndContingenciesDetails" xlink:type="extended" />
  <calculationLink xlink:role="http://www.extremenetworks.com/role/CommonStockRepurchasesAndRetirement" xlink:type="extended" />
  <calculationLink xlink:role="http://www.extremenetworks.com/role/CommonStockRepurchasesAndRetirementDetails" xlink:type="extended" />
  <calculationLink xlink:role="http://www.extremenetworks.com/role/CondensedConsolidatedBalanceSheets" xlink:type="extended">
    <loc xlink:href="http://xbrl.fasb.org/us-gaap/2012/elts/us-gaap-2012-01-31.xsd#us-gaap_Assets" xlink:label="loc_us-gaap_Assets_2c254058-78f6-11e1-94fe-25ba39ebf1f4" xlink:type="locator" />
    <loc xlink:href="http://xbrl.fasb.org/us-gaap/2012/elts/us-gaap-2012-01-31.xsd#us-gaap_AssetsCurrent" xlink:label="loc_us-gaap_AssetsCurrent_2c23c494-78f6-11e1-94fe-25ba39ebf1f4" xlink:type="locator" />
    <calculationArc order="1" weight="1" xlink:arcrole="http://www.xbrl.org/2003/arcrole/summation-item" xlink:from="loc_us-gaap_Assets_2c254058-78f6-11e1-94fe-25ba39ebf1f4" xlink:to="loc_us-gaap_AssetsCurrent_2c23c494-78f6-11e1-94fe-25ba39ebf1f4" xlink:type="arc" />
    <loc xlink:href="http://xbrl.fasb.org/us-gaap/2012/elts/us-gaap-2012-01-31.xsd#us-gaap_CashAndCashEquivalentsAtCarryingValue" xlink:label="loc_us-gaap_CashAndCashEquivalentsAtCarryingValue_30cfd000-78f6-11e1-94fe-25ba39ebf1f4" xlink:type="locator" />
    <calculationArc order="1" weight="1" xlink:arcrole="http://www.xbrl.org/2003/arcrole/summation-item" xlink:from="loc_us-gaap_AssetsCurrent_2c23c494-78f6-11e1-94fe-25ba39ebf1f4" xlink:to="loc_us-gaap_CashAndCashEquivalentsAtCarryingValue_30cfd000-78f6-11e1-94fe-25ba39ebf1f4" xlink:type="arc" />
    <loc xlink:href="http://xbrl.fasb.org/us-gaap/2012/elts/us-gaap-2012-01-31.xsd#us-gaap_ShortTermInvestments" xlink:label="loc_us-gaap_ShortTermInvestments_6fb87e70-78f6-11e1-94fe-25ba39ebf1f4" xlink:type="locator" />
    <calculationArc order="2" weight="1" xlink:arcrole="http://www.xbrl.org/2003/arcrole/summation-item" xlink:from="loc_us-gaap_AssetsCurrent_2c23c494-78f6-11e1-94fe-25ba39ebf1f4" xlink:to="loc_us-gaap_ShortTermInvestments_6fb87e70-78f6-11e1-94fe-25ba39ebf1f4" xlink:type="arc" />
    <loc xlink:href="http://xbrl.fasb.org/us-gaap/2012/elts/us-gaap-2012-01-31.xsd#us-gaap_AccountsReceivableNetCurrent" xlink:label="loc_us-gaap_AccountsReceivableNetCurrent_28c3463a-78f6-11e1-94fe-25ba39ebf1f4" xlink:type="locator" />
    <calculationArc order="3" weight="1" xlink:arcrole="http://www.xbrl.org/2003/arcrole/summation-item" xlink:from="loc_us-gaap_AssetsCurrent_2c23c494-78f6-11e1-94fe-25ba39ebf1f4" xlink:to="loc_us-gaap_AccountsReceivableNetCurrent_28c3463a-78f6-11e1-94fe-25ba39ebf1f4" xlink:type="arc" />
    <loc xlink:href="http://xbrl.fasb.org/us-gaap/2012/elts/us-gaap-2012-01-31.xsd#us-gaap_InventoryNet" xlink:label="loc_us-gaap_InventoryNet_5b10f3ee-78f6-11e1-94fe-25ba39ebf1f4" xlink:type="locator" />
    <calculationArc order="4" weight="1" xlink:arcrole="http://www.xbrl.org/2003/arcrole/summation-item" xlink:from="loc_us-gaap_AssetsCurrent_2c23c494-78f6-11e1-94fe-25ba39ebf1f4" xlink:to="loc_us-gaap_InventoryNet_5b10f3ee-78f6-11e1-94fe-25ba39ebf1f4" xlink:type="arc" />
    <loc xlink:href="http://xbrl.fasb.org/us-gaap/2012/elts/us-gaap-2012-01-31.xsd#us-gaap_DeferredTaxAssetsNetCurrent" xlink:label="loc_us-gaap_DeferredTaxAssetsNetCurrent_4735dba0-78f6-11e1-94fe-25ba39ebf1f4" xlink:type="locator" />
    <calculationArc order="5" weight="1" xlink:arcrole="http://www.xbrl.org/2003/arcrole/summation-item" xlink:from="loc_us-gaap_AssetsCurrent_2c23c494-78f6-11e1-94fe-25ba39ebf1f4" xlink:to="loc_us-gaap_DeferredTaxAssetsNetCurrent_4735dba0-78f6-11e1-94fe-25ba39ebf1f4" xlink:type="arc" />
    <loc xlink:href="extr-20121231.xsd#extr_PrepaidExpensesAndOtherCurrentAssetsNet" xlink:label="loc_extr_PrepaidExpensesAndOtherCurrentAssetsNet_0485a227-e43a-a072-cf9a-99f91b26198b" xlink:type="locator" />
    <calculationArc order="6" weight="1" xlink:arcrole="http://www.xbrl.org/2003/arcrole/summation-item" xlink:from="loc_us-gaap_AssetsCurrent_2c23c494-78f6-11e1-94fe-25ba39ebf1f4" xlink:to="loc_extr_PrepaidExpensesAndOtherCurrentAssetsNet_0485a227-e43a-a072-cf9a-99f91b26198b" xlink:type="arc" />
    <loc xlink:href="http://xbrl.fasb.org/us-gaap/2012/elts/us-gaap-2012-01-31.xsd#us-gaap_AssetsHeldForSaleCurrent" xlink:label="loc_us-gaap_AssetsHeldForSaleCurrent_2c336782-78f6-11e1-94fe-25ba39ebf1f4" xlink:type="locator" />
    <calculationArc order="7" weight="1" xlink:arcrole="http://www.xbrl.org/2003/arcrole/summation-item" xlink:from="loc_us-gaap_AssetsCurrent_2c23c494-78f6-11e1-94fe-25ba39ebf1f4" xlink:to="loc_us-gaap_AssetsHeldForSaleCurrent_2c336782-78f6-11e1-94fe-25ba39ebf1f4" xlink:type="arc" />
    <loc xlink:href="http://xbrl.fasb.org/us-gaap/2012/elts/us-gaap-2012-01-31.xsd#us-gaap_PropertyPlantAndEquipmentNet" xlink:label="loc_us-gaap_PropertyPlantAndEquipmentNet_683dcad8-78f6-11e1-94fe-25ba39ebf1f4" xlink:type="locator" />
    <calculationArc order="2" weight="1" xlink:arcrole="http://www.xbrl.org/2003/arcrole/summation-item" xlink:from="loc_us-gaap_Assets_2c254058-78f6-11e1-94fe-25ba39ebf1f4" xlink:to="loc_us-gaap_PropertyPlantAndEquipmentNet_683dcad8-78f6-11e1-94fe-25ba39ebf1f4" xlink:type="arc" />
    <loc xlink:href="http://xbrl.fasb.org/us-gaap/2012/elts/us-gaap-2012-01-31.xsd#us-gaap_MarketableSecuritiesNoncurrent" xlink:label="loc_us-gaap_MarketableSecuritiesNoncurrent_5f720b58-78f6-11e1-94fe-25ba39ebf1f4" xlink:type="locator" />
    <calculationArc order="3" weight="1" xlink:arcrole="http://www.xbrl.org/2003/arcrole/summation-item" xlink:from="loc_us-gaap_Assets_2c254058-78f6-11e1-94fe-25ba39ebf1f4" xlink:to="loc_us-gaap_MarketableSecuritiesNoncurrent_5f720b58-78f6-11e1-94fe-25ba39ebf1f4" xlink:type="arc" />
    <loc xlink:href="http://xbrl.fasb.org/us-gaap/2012/elts/us-gaap-2012-01-31.xsd#us-gaap_OtherAssetsNoncurrent" xlink:label="loc_us-gaap_OtherAssetsNoncurrent_62df8554-78f6-11e1-94fe-25ba39ebf1f4" xlink:type="locator" />
    <calculationArc order="4" weight="1" xlink:arcrole="http://www.xbrl.org/2003/arcrole/summation-item" xlink:from="loc_us-gaap_Assets_2c254058-78f6-11e1-94fe-25ba39ebf1f4" xlink:to="loc_us-gaap_OtherAssetsNoncurrent_62df8554-78f6-11e1-94fe-25ba39ebf1f4" xlink:type="arc" />
    <loc xlink:href="http://xbrl.fasb.org/us-gaap/2012/elts/us-gaap-2012-01-31.xsd#us-gaap_IntangibleAssetsNetExcludingGoodwill" xlink:label="loc_us-gaap_IntangibleAssetsNetExcludingGoodwill_5a1fdbbc-78f6-11e1-94fe-25ba39ebf1f4" xlink:type="locator" />
    <calculationArc order="5" weight="1" xlink:arcrole="http://www.xbrl.org/2003/arcrole/summation-item" xlink:from="loc_us-gaap_Assets_2c254058-78f6-11e1-94fe-25ba39ebf1f4" xlink:to="loc_us-gaap_IntangibleAssetsNetExcludingGoodwill_5a1fdbbc-78f6-11e1-94fe-25ba39ebf1f4" xlink:type="arc" />
    <loc xlink:href="http://xbrl.fasb.org/us-gaap/2012/elts/us-gaap-2012-01-31.xsd#us-gaap_LiabilitiesAndStockholdersEquity" xlink:label="loc_us-gaap_LiabilitiesAndStockholdersEquity_5c4fc6ae-78f6-11e1-94fe-25ba39ebf1f4" xlink:type="locator" />
    <loc xlink:href="http://xbrl.fasb.org/us-gaap/2012/elts/us-gaap-2012-01-31.xsd#us-gaap_LiabilitiesCurrent" xlink:label="loc_us-gaap_LiabilitiesCurrent_5c188d92-78f6-11e1-94fe-25ba39ebf1f4" xlink:type="locator" />
    <calculationArc order="1" weight="1" xlink:arcrole="http://www.xbrl.org/2003/arcrole/summation-item" xlink:from="loc_us-gaap_LiabilitiesAndStockholdersEquity_5c4fc6ae-78f6-11e1-94fe-25ba39ebf1f4" xlink:to="loc_us-gaap_LiabilitiesCurrent_5c188d92-78f6-11e1-94fe-25ba39ebf1f4" xlink:type="arc" />
    <loc xlink:href="http://xbrl.fasb.org/us-gaap/2012/elts/us-gaap-2012-01-31.xsd#us-gaap_AccountsPayableCurrent" xlink:label="loc_us-gaap_AccountsPayableCurrent_28d58084-78f6-11e1-94fe-25ba39ebf1f4" xlink:type="locator" />
    <calculationArc order="1" weight="1" xlink:arcrole="http://www.xbrl.org/2003/arcrole/summation-item" xlink:from="loc_us-gaap_LiabilitiesCurrent_5c188d92-78f6-11e1-94fe-25ba39ebf1f4" xlink:to="loc_us-gaap_AccountsPayableCurrent_28d58084-78f6-11e1-94fe-25ba39ebf1f4" xlink:type="arc" />
    <loc xlink:href="http://xbrl.fasb.org/us-gaap/2012/elts/us-gaap-2012-01-31.xsd#us-gaap_EmployeeRelatedLiabilitiesCurrent" xlink:label="loc_us-gaap_EmployeeRelatedLiabilitiesCurrent_4e9c764c-78f6-11e1-94fe-25ba39ebf1f4" xlink:type="locator" />
    <calculationArc order="2" weight="1" xlink:arcrole="http://www.xbrl.org/2003/arcrole/summation-item" xlink:from="loc_us-gaap_LiabilitiesCurrent_5c188d92-78f6-11e1-94fe-25ba39ebf1f4" xlink:to="loc_us-gaap_EmployeeRelatedLiabilitiesCurrent_4e9c764c-78f6-11e1-94fe-25ba39ebf1f4" xlink:type="arc" />
    <loc xlink:href="http://xbrl.fasb.org/us-gaap/2012/elts/us-gaap-2012-01-31.xsd#us-gaap_RestructuringReserveCurrent" xlink:label="loc_us-gaap_RestructuringReserveCurrent_6b3c76c6-78f6-11e1-94fe-25ba39ebf1f4" xlink:type="locator" />
    <calculationArc order="3" weight="1" xlink:arcrole="http://www.xbrl.org/2003/arcrole/summation-item" xlink:from="loc_us-gaap_LiabilitiesCurrent_5c188d92-78f6-11e1-94fe-25ba39ebf1f4" xlink:to="loc_us-gaap_RestructuringReserveCurrent_6b3c76c6-78f6-11e1-94fe-25ba39ebf1f4" xlink:type="arc" />
    <loc xlink:href="http://xbrl.fasb.org/us-gaap/2012/elts/us-gaap-2012-01-31.xsd#us-gaap_ProductWarrantyAccrualClassifiedCurrent" xlink:label="loc_us-gaap_ProductWarrantyAccrualClassifiedCurrent_67c77270-78f6-11e1-94fe-25ba39ebf1f4" xlink:type="locator" />
    <calculationArc order="4" weight="1" xlink:arcrole="http://www.xbrl.org/2003/arcrole/summation-item" xlink:from="loc_us-gaap_LiabilitiesCurrent_5c188d92-78f6-11e1-94fe-25ba39ebf1f4" xlink:to="loc_us-gaap_ProductWarrantyAccrualClassifiedCurrent_67c77270-78f6-11e1-94fe-25ba39ebf1f4" xlink:type="arc" />
    <loc xlink:href="http://xbrl.fasb.org/us-gaap/2012/elts/us-gaap-2012-01-31.xsd#us-gaap_DeferredRevenueCurrent" xlink:label="loc_us-gaap_DeferredRevenueCurrent_473bd082-78f6-11e1-94fe-25ba39ebf1f4" xlink:type="locator" />
    <calculationArc order="5" weight="1" xlink:arcrole="http://www.xbrl.org/2003/arcrole/summation-item" xlink:from="loc_us-gaap_LiabilitiesCurrent_5c188d92-78f6-11e1-94fe-25ba39ebf1f4" xlink:to="loc_us-gaap_DeferredRevenueCurrent_473bd082-78f6-11e1-94fe-25ba39ebf1f4" xlink:type="arc" />
    <loc xlink:href="extr-20121231.xsd#extr_DeferredRevenueNetOfCostOfSalesToDistributors" xlink:label="loc_extr_DeferredRevenueNetOfCostOfSalesToDistributors_04c15172-0def-9d40-cf42-99f91ae6abcb" xlink:type="locator" />
    <calculationArc order="6" weight="1" xlink:arcrole="http://www.xbrl.org/2003/arcrole/summation-item" xlink:from="loc_us-gaap_LiabilitiesCurrent_5c188d92-78f6-11e1-94fe-25ba39ebf1f4" xlink:to="loc_extr_DeferredRevenueNetOfCostOfSalesToDistributors_04c15172-0def-9d40-cf42-99f91ae6abcb" xlink:type="arc" />
    <loc xlink:href="http://xbrl.fasb.org/us-gaap/2012/elts/us-gaap-2012-01-31.xsd#us-gaap_OtherLiabilitiesCurrent" xlink:label="loc_us-gaap_OtherLiabilitiesCurrent_63d03724-78f6-11e1-94fe-25ba39ebf1f4" xlink:type="locator" />
    <calculationArc order="7" weight="1" xlink:arcrole="http://www.xbrl.org/2003/arcrole/summation-item" xlink:from="loc_us-gaap_LiabilitiesCurrent_5c188d92-78f6-11e1-94fe-25ba39ebf1f4" xlink:to="loc_us-gaap_OtherLiabilitiesCurrent_63d03724-78f6-11e1-94fe-25ba39ebf1f4" xlink:type="arc" />
    <loc xlink:href="http://xbrl.fasb.org/us-gaap/2012/elts/us-gaap-2012-01-31.xsd#us-gaap_DeferredRevenueNoncurrent" xlink:label="loc_us-gaap_DeferredRevenueNoncurrent_4737a390-78f6-11e1-94fe-25ba39ebf1f4" xlink:type="locator" />
    <calculationArc order="2" weight="1" xlink:arcrole="http://www.xbrl.org/2003/arcrole/summation-item" xlink:from="loc_us-gaap_LiabilitiesAndStockholdersEquity_5c4fc6ae-78f6-11e1-94fe-25ba39ebf1f4" xlink:to="loc_us-gaap_DeferredRevenueNoncurrent_4737a390-78f6-11e1-94fe-25ba39ebf1f4" xlink:type="arc" />
    <loc xlink:href="http://xbrl.fasb.org/us-gaap/2012/elts/us-gaap-2012-01-31.xsd#us-gaap_OtherLiabilitiesNoncurrent" xlink:label="loc_us-gaap_OtherLiabilitiesNoncurrent_63d8f7d8-78f6-11e1-94fe-25ba39ebf1f4" xlink:type="locator" />
    <calculationArc order="3" weight="1" xlink:arcrole="http://www.xbrl.org/2003/arcrole/summation-item" xlink:from="loc_us-gaap_LiabilitiesAndStockholdersEquity_5c4fc6ae-78f6-11e1-94fe-25ba39ebf1f4" xlink:to="loc_us-gaap_OtherLiabilitiesNoncurrent_63d8f7d8-78f6-11e1-94fe-25ba39ebf1f4" xlink:type="arc" />
    <loc xlink:href="http://xbrl.fasb.org/us-gaap/2012/elts/us-gaap-2012-01-31.xsd#us-gaap_StockholdersEquity" xlink:label="loc_us-gaap_StockholdersEquity_70895bd0-78f6-11e1-94fe-25ba39ebf1f4" xlink:type="locator" />
    <calculationArc order="4" weight="1" xlink:arcrole="http://www.xbrl.org/2003/arcrole/summation-item" xlink:from="loc_us-gaap_LiabilitiesAndStockholdersEquity_5c4fc6ae-78f6-11e1-94fe-25ba39ebf1f4" xlink:to="loc_us-gaap_StockholdersEquity_70895bd0-78f6-11e1-94fe-25ba39ebf1f4" xlink:type="arc" />
    <loc xlink:href="http://xbrl.fasb.org/us-gaap/2012/elts/us-gaap-2012-01-31.xsd#us-gaap_ConvertiblePreferredStockNonredeemableOrRedeemableIssuerOptionValue" xlink:label="loc_us-gaap_ConvertiblePreferredStockNonredeemableOrRedeemableIssuerOptionValue_40242088-78f6-11e1-94fe-25ba39ebf1f4" xlink:type="locator" />
    <calculationArc order="1" weight="1" xlink:arcrole="http://www.xbrl.org/2003/arcrole/summation-item" xlink:from="loc_us-gaap_StockholdersEquity_70895bd0-78f6-11e1-94fe-25ba39ebf1f4" xlink:to="loc_us-gaap_ConvertiblePreferredStockNonredeemableOrRedeemableIssuerOptionValue_40242088-78f6-11e1-94fe-25ba39ebf1f4" xlink:type="arc" />
    <loc xlink:href="http://xbrl.fasb.org/us-gaap/2012/elts/us-gaap-2012-01-31.xsd#us-gaap_CommonStockValue" xlink:label="loc_us-gaap_CommonStockValue_34ddf442-78f6-11e1-94fe-25ba39ebf1f4" xlink:type="locator" />
    <calculationArc order="2" weight="1" xlink:arcrole="http://www.xbrl.org/2003/arcrole/summation-item" xlink:from="loc_us-gaap_StockholdersEquity_70895bd0-78f6-11e1-94fe-25ba39ebf1f4" xlink:to="loc_us-gaap_CommonStockValue_34ddf442-78f6-11e1-94fe-25ba39ebf1f4" xlink:type="arc" />
    <loc xlink:href="http://xbrl.fasb.org/us-gaap/2012/elts/us-gaap-2012-01-31.xsd#us-gaap_TreasuryStockValue" xlink:label="loc_us-gaap_TreasuryStockValue_72998c1a-78f6-11e1-94fe-25ba39ebf1f4" xlink:type="locator" />
    <calculationArc order="3" weight="-1" xlink:arcrole="http://www.xbrl.org/2003/arcrole/summation-item" xlink:from="loc_us-gaap_StockholdersEquity_70895bd0-78f6-11e1-94fe-25ba39ebf1f4" xlink:to="loc_us-gaap_TreasuryStockValue_72998c1a-78f6-11e1-94fe-25ba39ebf1f4" xlink:type="arc" />
    <loc xlink:href="http://xbrl.fasb.org/us-gaap/2012/elts/us-gaap-2012-01-31.xsd#us-gaap_AdditionalPaidInCapital" xlink:label="loc_us-gaap_AdditionalPaidInCapital_29ca3a8e-78f6-11e1-94fe-25ba39ebf1f4" xlink:type="locator" />
    <calculationArc order="4" weight="1" xlink:arcrole="http://www.xbrl.org/2003/arcrole/summation-item" xlink:from="loc_us-gaap_StockholdersEquity_70895bd0-78f6-11e1-94fe-25ba39ebf1f4" xlink:to="loc_us-gaap_AdditionalPaidInCapital_29ca3a8e-78f6-11e1-94fe-25ba39ebf1f4" xlink:type="arc" />
    <loc xlink:href="http://xbrl.fasb.org/us-gaap/2012/elts/us-gaap-2012-01-31.xsd#us-gaap_AccumulatedOtherComprehensiveIncomeLossNetOfTax" xlink:label="loc_us-gaap_AccumulatedOtherComprehensiveIncomeLossNetOfTax_29c0ce5e-78f6-11e1-94fe-25ba39ebf1f4" xlink:type="locator" />
    <calculationArc order="5" weight="1" xlink:arcrole="http://www.xbrl.org/2003/arcrole/summation-item" xlink:from="loc_us-gaap_StockholdersEquity_70895bd0-78f6-11e1-94fe-25ba39ebf1f4" xlink:to="loc_us-gaap_AccumulatedOtherComprehensiveIncomeLossNetOfTax_29c0ce5e-78f6-11e1-94fe-25ba39ebf1f4" xlink:type="arc" />
    <loc xlink:href="http://xbrl.fasb.org/us-gaap/2012/elts/us-gaap-2012-01-31.xsd#us-gaap_RetainedEarningsAccumulatedDeficit" xlink:label="loc_us-gaap_RetainedEarningsAccumulatedDeficit_6b785646-78f6-11e1-94fe-25ba39ebf1f4" xlink:type="locator" />
    <calculationArc order="6" weight="1" xlink:arcrole="http://www.xbrl.org/2003/arcrole/summation-item" xlink:from="loc_us-gaap_StockholdersEquity_70895bd0-78f6-11e1-94fe-25ba39ebf1f4" xlink:to="loc_us-gaap_RetainedEarningsAccumulatedDeficit_6b785646-78f6-11e1-94fe-25ba39ebf1f4" xlink:type="arc" />
  </calculationLink>
  <calculationLink xlink:role="http://www.extremenetworks.com/role/CondensedConsolidatedBalanceSheetsParentheticals" xlink:type="extended" />
  <calculationLink xlink:role="http://www.extremenetworks.com/role/CondensedConsolidatedStatementsOfCashFlows" xlink:type="extended">
    <loc xlink:href="http://xbrl.fasb.org/us-gaap/2012/elts/us-gaap-2012-01-31.xsd#us-gaap_CashAndCashEquivalentsPeriodIncreaseDecrease" xlink:label="loc_us-gaap_CashAndCashEquivalentsPeriodIncreaseDecrease_31a4213e-78f6-11e1-94fe-25ba39ebf1f4" xlink:type="locator" />
    <loc xlink:href="http://xbrl.fasb.org/us-gaap/2012/elts/us-gaap-2012-01-31.xsd#us-gaap_NetCashProvidedByUsedInOperatingActivities" xlink:label="loc_us-gaap_NetCashProvidedByUsedInOperatingActivities_611fd732-78f6-11e1-94fe-25ba39ebf1f4" xlink:type="locator" />
    <calculationArc order="1" weight="1" xlink:arcrole="http://www.xbrl.org/2003/arcrole/summation-item" xlink:from="loc_us-gaap_CashAndCashEquivalentsPeriodIncreaseDecrease_31a4213e-78f6-11e1-94fe-25ba39ebf1f4" xlink:to="loc_us-gaap_NetCashProvidedByUsedInOperatingActivities_611fd732-78f6-11e1-94fe-25ba39ebf1f4" xlink:type="arc" />
    <loc xlink:href="http://xbrl.fasb.org/us-gaap/2012/elts/us-gaap-2012-01-31.xsd#us-gaap_NetIncomeLoss" xlink:label="loc_us-gaap_NetIncomeLoss_611bec6c-78f6-11e1-94fe-25ba39ebf1f4" xlink:type="locator" />
    <calculationArc order="1" weight="1" xlink:arcrole="http://www.xbrl.org/2003/arcrole/summation-item" xlink:from="loc_us-gaap_NetCashProvidedByUsedInOperatingActivities_611fd732-78f6-11e1-94fe-25ba39ebf1f4" xlink:to="loc_us-gaap_NetIncomeLoss_611bec6c-78f6-11e1-94fe-25ba39ebf1f4" xlink:type="arc" />
    <loc xlink:href="http://xbrl.fasb.org/us-gaap/2012/elts/us-gaap-2012-01-31.xsd#us-gaap_IncreaseDecreaseInAccruedInvestmentIncomeReceivable" xlink:label="loc_us-gaap_IncreaseDecreaseInAccruedInvestmentIncomeReceivable_588438ca-78f6-11e1-94fe-25ba39ebf1f4" xlink:type="locator" />
    <calculationArc order="2" weight="-1" xlink:arcrole="http://www.xbrl.org/2003/arcrole/summation-item" xlink:from="loc_us-gaap_NetCashProvidedByUsedInOperatingActivities_611fd732-78f6-11e1-94fe-25ba39ebf1f4" xlink:to="loc_us-gaap_IncreaseDecreaseInAccruedInvestmentIncomeReceivable_588438ca-78f6-11e1-94fe-25ba39ebf1f4" xlink:type="arc" />
    <loc xlink:href="http://xbrl.fasb.org/us-gaap/2012/elts/us-gaap-2012-01-31.xsd#us-gaap_DepreciationDepletionAndAmortization" xlink:label="loc_us-gaap_DepreciationDepletionAndAmortization_48ae4c92-78f6-11e1-94fe-25ba39ebf1f4" xlink:type="locator" />
    <calculationArc order="3" weight="1" xlink:arcrole="http://www.xbrl.org/2003/arcrole/summation-item" xlink:from="loc_us-gaap_NetCashProvidedByUsedInOperatingActivities_611fd732-78f6-11e1-94fe-25ba39ebf1f4" xlink:to="loc_us-gaap_DepreciationDepletionAndAmortization_48ae4c92-78f6-11e1-94fe-25ba39ebf1f4" xlink:type="arc" />
    <loc xlink:href="http://xbrl.fasb.org/us-gaap/2012/elts/us-gaap-2012-01-31.xsd#us-gaap_AmortizationOfIntangibleAssets" xlink:label="loc_us-gaap_AmortizationOfIntangibleAssets_2b3ffbc4-78f6-11e1-94fe-25ba39ebf1f4" xlink:type="locator" />
    <calculationArc order="4" weight="1" xlink:arcrole="http://www.xbrl.org/2003/arcrole/summation-item" xlink:from="loc_us-gaap_NetCashProvidedByUsedInOperatingActivities_611fd732-78f6-11e1-94fe-25ba39ebf1f4" xlink:to="loc_us-gaap_AmortizationOfIntangibleAssets_2b3ffbc4-78f6-11e1-94fe-25ba39ebf1f4" xlink:type="arc" />
    <loc xlink:href="http://xbrl.fasb.org/us-gaap/2012/elts/us-gaap-2012-01-31.xsd#us-gaap_ProvisionForDoubtfulAccounts" xlink:label="loc_us-gaap_ProvisionForDoubtfulAccounts_6869127e-78f6-11e1-94fe-25ba39ebf1f4" xlink:type="locator" />
    <calculationArc order="5" weight="1" xlink:arcrole="http://www.xbrl.org/2003/arcrole/summation-item" xlink:from="loc_us-gaap_NetCashProvidedByUsedInOperatingActivities_611fd732-78f6-11e1-94fe-25ba39ebf1f4" xlink:to="loc_us-gaap_ProvisionForDoubtfulAccounts_6869127e-78f6-11e1-94fe-25ba39ebf1f4" xlink:type="arc" />
    <loc xlink:href="http://xbrl.fasb.org/us-gaap/2012/elts/us-gaap-2012-01-31.xsd#us-gaap_IncreaseDecreaseInDeferredIncomeTaxes" xlink:label="loc_us-gaap_IncreaseDecreaseInDeferredIncomeTaxes_589cc610-78f6-11e1-94fe-25ba39ebf1f4" xlink:type="locator" />
    <calculationArc order="6" weight="-1" xlink:arcrole="http://www.xbrl.org/2003/arcrole/summation-item" xlink:from="loc_us-gaap_NetCashProvidedByUsedInOperatingActivities_611fd732-78f6-11e1-94fe-25ba39ebf1f4" xlink:to="loc_us-gaap_IncreaseDecreaseInDeferredIncomeTaxes_589cc610-78f6-11e1-94fe-25ba39ebf1f4" xlink:type="arc" />
    <loc xlink:href="http://xbrl.fasb.org/us-gaap/2012/elts/us-gaap-2012-01-31.xsd#us-gaap_ShareBasedCompensation" xlink:label="loc_us-gaap_ShareBasedCompensation_6ec09264-78f6-11e1-94fe-25ba39ebf1f4" xlink:type="locator" />
    <calculationArc order="7" weight="1" xlink:arcrole="http://www.xbrl.org/2003/arcrole/summation-item" xlink:from="loc_us-gaap_NetCashProvidedByUsedInOperatingActivities_611fd732-78f6-11e1-94fe-25ba39ebf1f4" xlink:to="loc_us-gaap_ShareBasedCompensation_6ec09264-78f6-11e1-94fe-25ba39ebf1f4" xlink:type="arc" />
    <loc xlink:href="http://xbrl.fasb.org/us-gaap/2012/elts/us-gaap-2012-01-31.xsd#us-gaap_ForeignCurrencyTransactionGainLossUnrealized" xlink:label="loc_us-gaap_ForeignCurrencyTransactionGainLossUnrealized_546f2038-78f6-11e1-94fe-25ba39ebf1f4" xlink:type="locator" />
    <calculationArc order="8" weight="-1" xlink:arcrole="http://www.xbrl.org/2003/arcrole/summation-item" xlink:from="loc_us-gaap_NetCashProvidedByUsedInOperatingActivities_611fd732-78f6-11e1-94fe-25ba39ebf1f4" xlink:to="loc_us-gaap_ForeignCurrencyTransactionGainLossUnrealized_546f2038-78f6-11e1-94fe-25ba39ebf1f4" xlink:type="arc" />
    <loc xlink:href="http://xbrl.fasb.org/us-gaap/2012/elts/us-gaap-2012-01-31.xsd#us-gaap_IncreaseDecreaseInAccountsReceivable" xlink:label="loc_us-gaap_IncreaseDecreaseInAccountsReceivable_58ea018c-78f6-11e1-94fe-25ba39ebf1f4" xlink:type="locator" />
    <calculationArc order="9" weight="-1" xlink:arcrole="http://www.xbrl.org/2003/arcrole/summation-item" xlink:from="loc_us-gaap_NetCashProvidedByUsedInOperatingActivities_611fd732-78f6-11e1-94fe-25ba39ebf1f4" xlink:to="loc_us-gaap_IncreaseDecreaseInAccountsReceivable_58ea018c-78f6-11e1-94fe-25ba39ebf1f4" xlink:type="arc" />
    <loc xlink:href="http://xbrl.fasb.org/us-gaap/2012/elts/us-gaap-2012-01-31.xsd#us-gaap_IncreaseDecreaseInInventories" xlink:label="loc_us-gaap_IncreaseDecreaseInInventories_5962f3b2-78f6-11e1-94fe-25ba39ebf1f4" xlink:type="locator" />
    <calculationArc order="10" weight="-1" xlink:arcrole="http://www.xbrl.org/2003/arcrole/summation-item" xlink:from="loc_us-gaap_NetCashProvidedByUsedInOperatingActivities_611fd732-78f6-11e1-94fe-25ba39ebf1f4" xlink:to="loc_us-gaap_IncreaseDecreaseInInventories_5962f3b2-78f6-11e1-94fe-25ba39ebf1f4" xlink:type="arc" />
    <loc xlink:href="http://xbrl.fasb.org/us-gaap/2012/elts/us-gaap-2012-01-31.xsd#us-gaap_IncreaseDecreaseInPrepaidDeferredExpenseAndOtherAssets" xlink:label="loc_us-gaap_IncreaseDecreaseInPrepaidDeferredExpenseAndOtherAssets_595df15a-78f6-11e1-94fe-25ba39ebf1f4" xlink:type="locator" />
    <calculationArc order="11" weight="-1" xlink:arcrole="http://www.xbrl.org/2003/arcrole/summation-item" xlink:from="loc_us-gaap_NetCashProvidedByUsedInOperatingActivities_611fd732-78f6-11e1-94fe-25ba39ebf1f4" xlink:to="loc_us-gaap_IncreaseDecreaseInPrepaidDeferredExpenseAndOtherAssets_595df15a-78f6-11e1-94fe-25ba39ebf1f4" xlink:type="arc" />
    <loc xlink:href="http://xbrl.fasb.org/us-gaap/2012/elts/us-gaap-2012-01-31.xsd#us-gaap_IncreaseDecreaseInAccountsPayable" xlink:label="loc_us-gaap_IncreaseDecreaseInAccountsPayable_58a5226a-78f6-11e1-94fe-25ba39ebf1f4" xlink:type="locator" />
    <calculationArc order="12" weight="1" xlink:arcrole="http://www.xbrl.org/2003/arcrole/summation-item" xlink:from="loc_us-gaap_NetCashProvidedByUsedInOperatingActivities_611fd732-78f6-11e1-94fe-25ba39ebf1f4" xlink:to="loc_us-gaap_IncreaseDecreaseInAccountsPayable_58a5226a-78f6-11e1-94fe-25ba39ebf1f4" xlink:type="arc" />
    <loc xlink:href="http://xbrl.fasb.org/us-gaap/2012/elts/us-gaap-2012-01-31.xsd#us-gaap_IncreaseDecreaseInEmployeeRelatedLiabilities" xlink:label="loc_us-gaap_IncreaseDecreaseInEmployeeRelatedLiabilities_59556c4c-78f6-11e1-94fe-25ba39ebf1f4" xlink:type="locator" />
    <calculationArc order="13" weight="1" xlink:arcrole="http://www.xbrl.org/2003/arcrole/summation-item" xlink:from="loc_us-gaap_NetCashProvidedByUsedInOperatingActivities_611fd732-78f6-11e1-94fe-25ba39ebf1f4" xlink:to="loc_us-gaap_IncreaseDecreaseInEmployeeRelatedLiabilities_59556c4c-78f6-11e1-94fe-25ba39ebf1f4" xlink:type="arc" />
    <loc xlink:href="http://xbrl.fasb.org/us-gaap/2012/elts/us-gaap-2012-01-31.xsd#us-gaap_IncreaseDecreaseInOtherOperatingLiabilities" xlink:label="loc_us-gaap_IncreaseDecreaseInOtherOperatingLiabilities_5982d204-78f6-11e1-94fe-25ba39ebf1f4" xlink:type="locator" />
    <calculationArc order="14" weight="1" xlink:arcrole="http://www.xbrl.org/2003/arcrole/summation-item" xlink:from="loc_us-gaap_NetCashProvidedByUsedInOperatingActivities_611fd732-78f6-11e1-94fe-25ba39ebf1f4" xlink:to="loc_us-gaap_IncreaseDecreaseInOtherOperatingLiabilities_5982d204-78f6-11e1-94fe-25ba39ebf1f4" xlink:type="arc" />
    <loc xlink:href="http://xbrl.fasb.org/us-gaap/2012/elts/us-gaap-2012-01-31.xsd#us-gaap_GainLossOnDispositionOfAssets" xlink:label="loc_us-gaap_GainLossOnDispositionOfAssets_559c497c-78f6-11e1-94fe-25ba39ebf1f4" xlink:type="locator" />
    <calculationArc order="15" weight="-1" xlink:arcrole="http://www.xbrl.org/2003/arcrole/summation-item" xlink:from="loc_us-gaap_NetCashProvidedByUsedInOperatingActivities_611fd732-78f6-11e1-94fe-25ba39ebf1f4" xlink:to="loc_us-gaap_GainLossOnDispositionOfAssets_559c497c-78f6-11e1-94fe-25ba39ebf1f4" xlink:type="arc" />
    <loc xlink:href="http://xbrl.fasb.org/us-gaap/2012/elts/us-gaap-2012-01-31.xsd#us-gaap_IncreaseDecreaseInRestructuringReserve" xlink:label="loc_us-gaap_IncreaseDecreaseInRestructuringReserve_5935dd5a-78f6-11e1-94fe-25ba39ebf1f4" xlink:type="locator" />
    <calculationArc order="16" weight="1" xlink:arcrole="http://www.xbrl.org/2003/arcrole/summation-item" xlink:from="loc_us-gaap_NetCashProvidedByUsedInOperatingActivities_611fd732-78f6-11e1-94fe-25ba39ebf1f4" xlink:to="loc_us-gaap_IncreaseDecreaseInRestructuringReserve_5935dd5a-78f6-11e1-94fe-25ba39ebf1f4" xlink:type="arc" />
    <loc xlink:href="http://xbrl.fasb.org/us-gaap/2012/elts/us-gaap-2012-01-31.xsd#us-gaap_NetCashProvidedByUsedInInvestingActivities" xlink:label="loc_us-gaap_NetCashProvidedByUsedInInvestingActivities_60ef698a-78f6-11e1-94fe-25ba39ebf1f4" xlink:type="locator" />
    <calculationArc order="2" weight="1" xlink:arcrole="http://www.xbrl.org/2003/arcrole/summation-item" xlink:from="loc_us-gaap_CashAndCashEquivalentsPeriodIncreaseDecrease_31a4213e-78f6-11e1-94fe-25ba39ebf1f4" xlink:to="loc_us-gaap_NetCashProvidedByUsedInInvestingActivities_60ef698a-78f6-11e1-94fe-25ba39ebf1f4" xlink:type="arc" />
    <loc xlink:href="http://xbrl.fasb.org/us-gaap/2012/elts/us-gaap-2012-01-31.xsd#us-gaap_PaymentsToAcquirePropertyPlantAndEquipment" xlink:label="loc_us-gaap_PaymentsToAcquirePropertyPlantAndEquipment_651f66f4-78f6-11e1-94fe-25ba39ebf1f4" xlink:type="locator" />
    <calculationArc order="1" weight="-1" xlink:arcrole="http://www.xbrl.org/2003/arcrole/summation-item" xlink:from="loc_us-gaap_NetCashProvidedByUsedInInvestingActivities_60ef698a-78f6-11e1-94fe-25ba39ebf1f4" xlink:to="loc_us-gaap_PaymentsToAcquirePropertyPlantAndEquipment_651f66f4-78f6-11e1-94fe-25ba39ebf1f4" xlink:type="arc" />
    <loc xlink:href="http://xbrl.fasb.org/us-gaap/2012/elts/us-gaap-2012-01-31.xsd#us-gaap_PaymentsToAcquireInvestments" xlink:label="loc_us-gaap_PaymentsToAcquireInvestments_65356968-78f6-11e1-94fe-25ba39ebf1f4" xlink:type="locator" />
    <calculationArc order="2" weight="-1" xlink:arcrole="http://www.xbrl.org/2003/arcrole/summation-item" xlink:from="loc_us-gaap_NetCashProvidedByUsedInInvestingActivities_60ef698a-78f6-11e1-94fe-25ba39ebf1f4" xlink:to="loc_us-gaap_PaymentsToAcquireInvestments_65356968-78f6-11e1-94fe-25ba39ebf1f4" xlink:type="arc" />
    <loc xlink:href="extr-20121231.xsd#extr_ProceedsFromMaturitiesOfInvestmentsAndMarketableSecurities" xlink:label="loc_extr_ProceedsFromMaturitiesOfInvestmentsAndMarketableSecurities_e24b5aa9-57a7-d4b4-2dc4-99f91b5a6bf4" xlink:type="locator" />
    <calculationArc order="3" weight="1" xlink:arcrole="http://www.xbrl.org/2003/arcrole/summation-item" xlink:from="loc_us-gaap_NetCashProvidedByUsedInInvestingActivities_60ef698a-78f6-11e1-94fe-25ba39ebf1f4" xlink:to="loc_extr_ProceedsFromMaturitiesOfInvestmentsAndMarketableSecurities_e24b5aa9-57a7-d4b4-2dc4-99f91b5a6bf4" xlink:type="arc" />
    <loc xlink:href="extr-20121231.xsd#extr_ProceedsFromSalesOfInvestmentsAndMarketableSecurities" xlink:label="loc_extr_ProceedsFromSalesOfInvestmentsAndMarketableSecurities_b5963d49-efd6-6afa-ab21-99f912d2e8ed" xlink:type="locator" />
    <calculationArc order="4" weight="1" xlink:arcrole="http://www.xbrl.org/2003/arcrole/summation-item" xlink:from="loc_us-gaap_NetCashProvidedByUsedInInvestingActivities_60ef698a-78f6-11e1-94fe-25ba39ebf1f4" xlink:to="loc_extr_ProceedsFromSalesOfInvestmentsAndMarketableSecurities_b5963d49-efd6-6afa-ab21-99f912d2e8ed" xlink:type="arc" />
    <loc xlink:href="http://xbrl.fasb.org/us-gaap/2012/elts/us-gaap-2012-01-31.xsd#us-gaap_ProceedsFromSaleOfPropertyPlantAndEquipment" xlink:label="loc_us-gaap_ProceedsFromSaleOfPropertyPlantAndEquipment_676ee9de-78f6-11e1-94fe-25ba39ebf1f4" xlink:type="locator" />
    <calculationArc order="5" weight="1" xlink:arcrole="http://www.xbrl.org/2003/arcrole/summation-item" xlink:from="loc_us-gaap_NetCashProvidedByUsedInInvestingActivities_60ef698a-78f6-11e1-94fe-25ba39ebf1f4" xlink:to="loc_us-gaap_ProceedsFromSaleOfPropertyPlantAndEquipment_676ee9de-78f6-11e1-94fe-25ba39ebf1f4" xlink:type="arc" />
    <loc xlink:href="http://xbrl.fasb.org/us-gaap/2012/elts/us-gaap-2012-01-31.xsd#us-gaap_PaymentsToAcquireIntangibleAssets" xlink:label="loc_us-gaap_PaymentsToAcquireIntangibleAssets_6546184e-78f6-11e1-94fe-25ba39ebf1f4" xlink:type="locator" />
    <calculationArc order="6" weight="-1" xlink:arcrole="http://www.xbrl.org/2003/arcrole/summation-item" xlink:from="loc_us-gaap_NetCashProvidedByUsedInInvestingActivities_60ef698a-78f6-11e1-94fe-25ba39ebf1f4" xlink:to="loc_us-gaap_PaymentsToAcquireIntangibleAssets_6546184e-78f6-11e1-94fe-25ba39ebf1f4" xlink:type="arc" />
    <loc xlink:href="http://xbrl.fasb.org/us-gaap/2012/elts/us-gaap-2012-01-31.xsd#us-gaap_NetCashProvidedByUsedInFinancingActivities" xlink:label="loc_us-gaap_NetCashProvidedByUsedInFinancingActivities_60f52a96-78f6-11e1-94fe-25ba39ebf1f4" xlink:type="locator" />
    <calculationArc order="3" weight="1" xlink:arcrole="http://www.xbrl.org/2003/arcrole/summation-item" xlink:from="loc_us-gaap_CashAndCashEquivalentsPeriodIncreaseDecrease_31a4213e-78f6-11e1-94fe-25ba39ebf1f4" xlink:to="loc_us-gaap_NetCashProvidedByUsedInFinancingActivities_60f52a96-78f6-11e1-94fe-25ba39ebf1f4" xlink:type="arc" />
    <loc xlink:href="http://xbrl.fasb.org/us-gaap/2012/elts/us-gaap-2012-01-31.xsd#us-gaap_ProceedsFromIssuanceOfCommonStock" xlink:label="loc_us-gaap_ProceedsFromIssuanceOfCommonStock_67480440-78f6-11e1-94fe-25ba39ebf1f4" xlink:type="locator" />
    <calculationArc order="1" weight="1" xlink:arcrole="http://www.xbrl.org/2003/arcrole/summation-item" xlink:from="loc_us-gaap_NetCashProvidedByUsedInFinancingActivities_60f52a96-78f6-11e1-94fe-25ba39ebf1f4" xlink:to="loc_us-gaap_ProceedsFromIssuanceOfCommonStock_67480440-78f6-11e1-94fe-25ba39ebf1f4" xlink:type="arc" />
    <loc xlink:href="http://xbrl.fasb.org/us-gaap/2012/elts/us-gaap-2012-01-31.xsd#us-gaap_PaymentsForRepurchaseOfCommonStock" xlink:label="loc_us-gaap_PaymentsForRepurchaseOfCommonStock_651668c4-78f6-11e1-94fe-25ba39ebf1f4" xlink:type="locator" />
    <calculationArc order="2" weight="-1" xlink:arcrole="http://www.xbrl.org/2003/arcrole/summation-item" xlink:from="loc_us-gaap_NetCashProvidedByUsedInFinancingActivities_60f52a96-78f6-11e1-94fe-25ba39ebf1f4" xlink:to="loc_us-gaap_PaymentsForRepurchaseOfCommonStock_651668c4-78f6-11e1-94fe-25ba39ebf1f4" xlink:type="arc" />
    <loc xlink:href="http://xbrl.fasb.org/us-gaap/2012/elts/us-gaap-2012-01-31.xsd#us-gaap_EffectOfExchangeRateOnCashAndCashEquivalents" xlink:label="loc_us-gaap_EffectOfExchangeRateOnCashAndCashEquivalents_4dd8ac80-78f6-11e1-94fe-25ba39ebf1f4" xlink:type="locator" />
    <calculationArc order="4" weight="1" xlink:arcrole="http://www.xbrl.org/2003/arcrole/summation-item" xlink:from="loc_us-gaap_CashAndCashEquivalentsPeriodIncreaseDecrease_31a4213e-78f6-11e1-94fe-25ba39ebf1f4" xlink:to="loc_us-gaap_EffectOfExchangeRateOnCashAndCashEquivalents_4dd8ac80-78f6-11e1-94fe-25ba39ebf1f4" xlink:type="arc" />
  </calculationLink>
  <calculationLink xlink:role="http://www.extremenetworks.com/role/CondensedConsolidatedStatementsOfComprehensiveIncomeLoss" xlink:type="extended">
    <loc xlink:href="http://xbrl.fasb.org/us-gaap/2012/elts/us-gaap-2012-01-31.xsd#us-gaap_ComprehensiveIncomeNetOfTax" xlink:label="loc_us-gaap_ComprehensiveIncomeNetOfTax_38f2d2fa-78f6-11e1-94fe-25ba39ebf1f4" xlink:type="locator" />
    <loc xlink:href="http://xbrl.fasb.org/us-gaap/2012/elts/us-gaap-2012-01-31.xsd#us-gaap_NetIncomeLoss" xlink:label="loc_us-gaap_NetIncomeLoss_611bec6c-78f6-11e1-94fe-25ba39ebf1f4" xlink:type="locator" />
    <calculationArc order="1" weight="1" xlink:arcrole="http://www.xbrl.org/2003/arcrole/summation-item" xlink:from="loc_us-gaap_ComprehensiveIncomeNetOfTax_38f2d2fa-78f6-11e1-94fe-25ba39ebf1f4" xlink:to="loc_us-gaap_NetIncomeLoss_611bec6c-78f6-11e1-94fe-25ba39ebf1f4" xlink:type="arc" />
    <loc xlink:href="http://xbrl.fasb.org/us-gaap/2012/elts/us-gaap-2012-01-31.xsd#us-gaap_OtherComprehensiveIncomeLossNetOfTax" xlink:label="loc_us-gaap_OtherComprehensiveIncomeLossNetOfTax_629be1be-78f6-11e1-94fe-25ba39ebf1f4" xlink:type="locator" />
    <calculationArc order="2" weight="1" xlink:arcrole="http://www.xbrl.org/2003/arcrole/summation-item" xlink:from="loc_us-gaap_ComprehensiveIncomeNetOfTax_38f2d2fa-78f6-11e1-94fe-25ba39ebf1f4" xlink:to="loc_us-gaap_OtherComprehensiveIncomeLossNetOfTax_629be1be-78f6-11e1-94fe-25ba39ebf1f4" xlink:type="arc" />
    <loc xlink:href="http://xbrl.fasb.org/us-gaap/2012/elts/us-gaap-2012-01-31.xsd#us-gaap_OtherComprehensiveIncomeUnrealizedHoldingGainLossOnSecuritiesArisingDuringPeriodNetOfTax" xlink:label="loc_us-gaap_OtherComprehensiveIncomeUnrealizedHoldingGainLossOnSecuritiesArisingDuringPeriodNetOfTax_63bfc6aa-78f6-11e1-94fe-25ba39ebf1f4" xlink:type="locator" />
    <calculationArc order="1" weight="1" xlink:arcrole="http://www.xbrl.org/2003/arcrole/summation-item" xlink:from="loc_us-gaap_OtherComprehensiveIncomeLossNetOfTax_629be1be-78f6-11e1-94fe-25ba39ebf1f4" xlink:to="loc_us-gaap_OtherComprehensiveIncomeUnrealizedHoldingGainLossOnSecuritiesArisingDuringPeriodNetOfTax_63bfc6aa-78f6-11e1-94fe-25ba39ebf1f4" xlink:type="arc" />
    <loc xlink:href="http://xbrl.fasb.org/us-gaap/2012/elts/us-gaap-2012-01-31.xsd#us-gaap_OtherComprehensiveIncomeForeignCurrencyTransactionAndTranslationAdjustmentNetOfTaxPortionAttributableToParent" xlink:label="loc_us-gaap_OtherComprehensiveIncomeForeignCurrencyTransactionAndTranslationAdjustmentNetOfTaxPortionAttributableToParent_64533ea8-78f6-11e1-94fe-25ba39ebf1f4" xlink:type="locator" />
    <calculationArc order="2" weight="1" xlink:arcrole="http://www.xbrl.org/2003/arcrole/summation-item" xlink:from="loc_us-gaap_OtherComprehensiveIncomeLossNetOfTax_629be1be-78f6-11e1-94fe-25ba39ebf1f4" xlink:to="loc_us-gaap_OtherComprehensiveIncomeForeignCurrencyTransactionAndTranslationAdjustmentNetOfTaxPortionAttributableToParent_64533ea8-78f6-11e1-94fe-25ba39ebf1f4" xlink:type="arc" />
  </calculationLink>
  <calculationLink xlink:role="http://www.extremenetworks.com/role/CondensedConsolidatedStatementsOfIncome" xlink:type="extended">
    <loc xlink:href="http://xbrl.fasb.org/us-gaap/2012/elts/us-gaap-2012-01-31.xsd#us-gaap_OperatingExpenses" xlink:label="loc_us-gaap_OperatingExpenses_623a80b8-78f6-11e1-94fe-25ba39ebf1f4" xlink:type="locator" />
    <loc xlink:href="http://xbrl.fasb.org/us-gaap/2012/elts/us-gaap-2012-01-31.xsd#us-gaap_SellingAndMarketingExpense" xlink:label="loc_us-gaap_SellingAndMarketingExpense_6e56bf7e-78f6-11e1-94fe-25ba39ebf1f4" xlink:type="locator" />
    <calculationArc order="1" weight="1" xlink:arcrole="http://www.xbrl.org/2003/arcrole/summation-item" xlink:from="loc_us-gaap_OperatingExpenses_623a80b8-78f6-11e1-94fe-25ba39ebf1f4" xlink:to="loc_us-gaap_SellingAndMarketingExpense_6e56bf7e-78f6-11e1-94fe-25ba39ebf1f4" xlink:type="arc" />
    <loc xlink:href="http://xbrl.fasb.org/us-gaap/2012/elts/us-gaap-2012-01-31.xsd#us-gaap_GeneralAndAdministrativeExpense" xlink:label="loc_us-gaap_GeneralAndAdministrativeExpense_5667a57c-78f6-11e1-94fe-25ba39ebf1f4" xlink:type="locator" />
    <calculationArc order="2" weight="1" xlink:arcrole="http://www.xbrl.org/2003/arcrole/summation-item" xlink:from="loc_us-gaap_OperatingExpenses_623a80b8-78f6-11e1-94fe-25ba39ebf1f4" xlink:to="loc_us-gaap_GeneralAndAdministrativeExpense_5667a57c-78f6-11e1-94fe-25ba39ebf1f4" xlink:type="arc" />
    <loc xlink:href="extr-20121231.xsd#extr_RestructuringChargesNetOfReversals" xlink:label="loc_extr_RestructuringChargesNetOfReversals_ac66a56a-68fe-11e2-9cb6-12313d1f36c6" xlink:type="locator" />
    <calculationArc order="3" weight="1" xlink:arcrole="http://www.xbrl.org/2003/arcrole/summation-item" xlink:from="loc_us-gaap_OperatingExpenses_623a80b8-78f6-11e1-94fe-25ba39ebf1f4" xlink:to="loc_extr_RestructuringChargesNetOfReversals_ac66a56a-68fe-11e2-9cb6-12313d1f36c6" xlink:type="arc" />
    <loc xlink:href="http://xbrl.fasb.org/us-gaap/2012/elts/us-gaap-2012-01-31.xsd#us-gaap_GainLossOnSaleOfPropertyPlantEquipment" xlink:label="loc_us-gaap_GainLossOnSaleOfPropertyPlantEquipment_559e3eee-78f6-11e1-94fe-25ba39ebf1f4" xlink:type="locator" />
    <calculationArc order="4" weight="-1" xlink:arcrole="http://www.xbrl.org/2003/arcrole/summation-item" xlink:from="loc_us-gaap_OperatingExpenses_623a80b8-78f6-11e1-94fe-25ba39ebf1f4" xlink:to="loc_us-gaap_GainLossOnSaleOfPropertyPlantEquipment_559e3eee-78f6-11e1-94fe-25ba39ebf1f4" xlink:type="arc" />
    <loc xlink:href="http://xbrl.fasb.org/us-gaap/2012/elts/us-gaap-2012-01-31.xsd#us-gaap_ResearchAndDevelopmentExpense" xlink:label="loc_us-gaap_ResearchAndDevelopmentExpense_6aef6d04-78f6-11e1-94fe-25ba39ebf1f4" xlink:type="locator" />
    <calculationArc order="5" weight="1" xlink:arcrole="http://www.xbrl.org/2003/arcrole/summation-item" xlink:from="loc_us-gaap_OperatingExpenses_623a80b8-78f6-11e1-94fe-25ba39ebf1f4" xlink:to="loc_us-gaap_ResearchAndDevelopmentExpense_6aef6d04-78f6-11e1-94fe-25ba39ebf1f4" xlink:type="arc" />
    <loc xlink:href="http://xbrl.fasb.org/us-gaap/2012/elts/us-gaap-2012-01-31.xsd#us-gaap_LitigationSettlementGross" xlink:label="loc_us-gaap_LitigationSettlementGross_5d8aa6c4-78f6-11e1-94fe-25ba39ebf1f4" xlink:type="locator" />
    <calculationArc order="6" weight="-1" xlink:arcrole="http://www.xbrl.org/2003/arcrole/summation-item" xlink:from="loc_us-gaap_OperatingExpenses_623a80b8-78f6-11e1-94fe-25ba39ebf1f4" xlink:to="loc_us-gaap_LitigationSettlementGross_5d8aa6c4-78f6-11e1-94fe-25ba39ebf1f4" xlink:type="arc" />
    <loc xlink:href="http://xbrl.fasb.org/us-gaap/2012/elts/us-gaap-2012-01-31.xsd#us-gaap_GrossProfit" xlink:label="loc_us-gaap_GrossProfit_56a7c864-78f6-11e1-94fe-25ba39ebf1f4" xlink:type="locator" />
    <loc xlink:href="extr-20121231.xsd#extr_GrossProfitProduct" xlink:label="loc_extr_GrossProfitProduct_e19d0202-0e13-ecac-6721-99f9191d2277" xlink:type="locator" />
    <calculationArc order="1" weight="1" xlink:arcrole="http://www.xbrl.org/2003/arcrole/summation-item" xlink:from="loc_us-gaap_GrossProfit_56a7c864-78f6-11e1-94fe-25ba39ebf1f4" xlink:to="loc_extr_GrossProfitProduct_e19d0202-0e13-ecac-6721-99f9191d2277" xlink:type="arc" />
    <loc xlink:href="extr-20121231.xsd#extr_GrossProfitService" xlink:label="loc_extr_GrossProfitService_6803770e-f222-e794-bde0-99f91938ea3a" xlink:type="locator" />
    <calculationArc order="2" weight="1" xlink:arcrole="http://www.xbrl.org/2003/arcrole/summation-item" xlink:from="loc_us-gaap_GrossProfit_56a7c864-78f6-11e1-94fe-25ba39ebf1f4" xlink:to="loc_extr_GrossProfitService_6803770e-f222-e794-bde0-99f91938ea3a" xlink:type="arc" />
    <loc xlink:href="http://xbrl.fasb.org/us-gaap/2012/elts/us-gaap-2012-01-31.xsd#us-gaap_NetIncomeLoss" xlink:label="loc_us-gaap_NetIncomeLoss_611bec6c-78f6-11e1-94fe-25ba39ebf1f4" xlink:type="locator" />
    <loc xlink:href="http://xbrl.fasb.org/us-gaap/2012/elts/us-gaap-2012-01-31.xsd#us-gaap_IncomeTaxExpenseBenefit" xlink:label="loc_us-gaap_IncomeTaxExpenseBenefit_584ce050-78f6-11e1-94fe-25ba39ebf1f4" xlink:type="locator" />
    <calculationArc order="1" weight="-1" xlink:arcrole="http://www.xbrl.org/2003/arcrole/summation-item" xlink:from="loc_us-gaap_NetIncomeLoss_611bec6c-78f6-11e1-94fe-25ba39ebf1f4" xlink:to="loc_us-gaap_IncomeTaxExpenseBenefit_584ce050-78f6-11e1-94fe-25ba39ebf1f4" xlink:type="arc" />
    <loc xlink:href="http://xbrl.fasb.org/us-gaap/2012/elts/us-gaap-2012-01-31.xsd#us-gaap_IncomeLossFromContinuingOperationsBeforeIncomeTaxesMinorityInterestAndIncomeLossFromEquityMethodInvestments" xlink:label="loc_us-gaap_IncomeLossFromContinuingOperationsBeforeIncomeTaxesMinorityInterestAndIncomeLossFromEquityMethodInvestments_5817da40-78f6-11e1-94fe-25ba39ebf1f4" xlink:type="locator" />
    <calculationArc order="2" weight="1" xlink:arcrole="http://www.xbrl.org/2003/arcrole/summation-item" xlink:from="loc_us-gaap_NetIncomeLoss_611bec6c-78f6-11e1-94fe-25ba39ebf1f4" xlink:to="loc_us-gaap_IncomeLossFromContinuingOperationsBeforeIncomeTaxesMinorityInterestAndIncomeLossFromEquityMethodInvestments_5817da40-78f6-11e1-94fe-25ba39ebf1f4" xlink:type="arc" />
    <loc xlink:href="http://xbrl.fasb.org/us-gaap/2012/elts/us-gaap-2012-01-31.xsd#us-gaap_OperatingIncomeLoss" xlink:label="loc_us-gaap_OperatingIncomeLoss_624609ec-78f6-11e1-94fe-25ba39ebf1f4" xlink:type="locator" />
    <calculationArc order="1" weight="1" xlink:arcrole="http://www.xbrl.org/2003/arcrole/summation-item" xlink:from="loc_us-gaap_IncomeLossFromContinuingOperationsBeforeIncomeTaxesMinorityInterestAndIncomeLossFromEquityMethodInvestments_5817da40-78f6-11e1-94fe-25ba39ebf1f4" xlink:to="loc_us-gaap_OperatingIncomeLoss_624609ec-78f6-11e1-94fe-25ba39ebf1f4" xlink:type="arc" />
    <loc xlink:href="http://xbrl.fasb.org/us-gaap/2012/elts/us-gaap-2012-01-31.xsd#us-gaap_InterestIncomeOther" xlink:label="loc_us-gaap_InterestIncomeOther_5a286bb0-78f6-11e1-94fe-25ba39ebf1f4" xlink:type="locator" />
    <calculationArc order="2" weight="1" xlink:arcrole="http://www.xbrl.org/2003/arcrole/summation-item" xlink:from="loc_us-gaap_IncomeLossFromContinuingOperationsBeforeIncomeTaxesMinorityInterestAndIncomeLossFromEquityMethodInvestments_5817da40-78f6-11e1-94fe-25ba39ebf1f4" xlink:to="loc_us-gaap_InterestIncomeOther_5a286bb0-78f6-11e1-94fe-25ba39ebf1f4" xlink:type="arc" />
    <loc xlink:href="http://xbrl.fasb.org/us-gaap/2012/elts/us-gaap-2012-01-31.xsd#us-gaap_InterestExpense" xlink:label="loc_us-gaap_InterestExpense_5a4444fc-78f6-11e1-94fe-25ba39ebf1f4" xlink:type="locator" />
    <calculationArc order="3" weight="-1" xlink:arcrole="http://www.xbrl.org/2003/arcrole/summation-item" xlink:from="loc_us-gaap_IncomeLossFromContinuingOperationsBeforeIncomeTaxesMinorityInterestAndIncomeLossFromEquityMethodInvestments_5817da40-78f6-11e1-94fe-25ba39ebf1f4" xlink:to="loc_us-gaap_InterestExpense_5a4444fc-78f6-11e1-94fe-25ba39ebf1f4" xlink:type="arc" />
    <loc xlink:href="http://xbrl.fasb.org/us-gaap/2012/elts/us-gaap-2012-01-31.xsd#us-gaap_OtherNonoperatingIncomeExpense" xlink:label="loc_us-gaap_OtherNonoperatingIncomeExpense_63d61950-78f6-11e1-94fe-25ba39ebf1f4" xlink:type="locator" />
    <calculationArc order="4" weight="1" xlink:arcrole="http://www.xbrl.org/2003/arcrole/summation-item" xlink:from="loc_us-gaap_IncomeLossFromContinuingOperationsBeforeIncomeTaxesMinorityInterestAndIncomeLossFromEquityMethodInvestments_5817da40-78f6-11e1-94fe-25ba39ebf1f4" xlink:to="loc_us-gaap_OtherNonoperatingIncomeExpense_63d61950-78f6-11e1-94fe-25ba39ebf1f4" xlink:type="arc" />
    <loc xlink:href="http://xbrl.fasb.org/us-gaap/2012/elts/us-gaap-2012-01-31.xsd#us-gaap_SalesRevenueNet" xlink:label="loc_us-gaap_SalesRevenueNet_6c24eb22-78f6-11e1-94fe-25ba39ebf1f4" xlink:type="locator" />
    <loc xlink:href="http://xbrl.fasb.org/us-gaap/2012/elts/us-gaap-2012-01-31.xsd#us-gaap_SalesRevenueGoodsNet" xlink:label="loc_us-gaap_SalesRevenueGoodsNet_6c240414-78f6-11e1-94fe-25ba39ebf1f4" xlink:type="locator" />
    <calculationArc order="1" weight="1" xlink:arcrole="http://www.xbrl.org/2003/arcrole/summation-item" xlink:from="loc_us-gaap_SalesRevenueNet_6c24eb22-78f6-11e1-94fe-25ba39ebf1f4" xlink:to="loc_us-gaap_SalesRevenueGoodsNet_6c240414-78f6-11e1-94fe-25ba39ebf1f4" xlink:type="arc" />
    <loc xlink:href="http://xbrl.fasb.org/us-gaap/2012/elts/us-gaap-2012-01-31.xsd#us-gaap_SalesRevenueServicesNet" xlink:label="loc_us-gaap_SalesRevenueServicesNet_6c311014-78f6-11e1-94fe-25ba39ebf1f4" xlink:type="locator" />
    <calculationArc order="2" weight="1" xlink:arcrole="http://www.xbrl.org/2003/arcrole/summation-item" xlink:from="loc_us-gaap_SalesRevenueNet_6c24eb22-78f6-11e1-94fe-25ba39ebf1f4" xlink:to="loc_us-gaap_SalesRevenueServicesNet_6c311014-78f6-11e1-94fe-25ba39ebf1f4" xlink:type="arc" />
    <loc xlink:href="http://xbrl.fasb.org/us-gaap/2012/elts/us-gaap-2012-01-31.xsd#us-gaap_CostOfGoodsAndServicesSold" xlink:label="loc_us-gaap_CostOfGoodsAndServicesSold_40580628-78f6-11e1-94fe-25ba39ebf1f4" xlink:type="locator" />
    <loc xlink:href="http://xbrl.fasb.org/us-gaap/2012/elts/us-gaap-2012-01-31.xsd#us-gaap_CostOfGoodsSold" xlink:label="loc_us-gaap_CostOfGoodsSold_40414a32-78f6-11e1-94fe-25ba39ebf1f4" xlink:type="locator" />
    <calculationArc order="1" weight="1" xlink:arcrole="http://www.xbrl.org/2003/arcrole/summation-item" xlink:from="loc_us-gaap_CostOfGoodsAndServicesSold_40580628-78f6-11e1-94fe-25ba39ebf1f4" xlink:to="loc_us-gaap_CostOfGoodsSold_40414a32-78f6-11e1-94fe-25ba39ebf1f4" xlink:type="arc" />
    <loc xlink:href="http://xbrl.fasb.org/us-gaap/2012/elts/us-gaap-2012-01-31.xsd#us-gaap_CostOfServices" xlink:label="loc_us-gaap_CostOfServices_410ff044-78f6-11e1-94fe-25ba39ebf1f4" xlink:type="locator" />
    <calculationArc order="2" weight="1" xlink:arcrole="http://www.xbrl.org/2003/arcrole/summation-item" xlink:from="loc_us-gaap_CostOfGoodsAndServicesSold_40580628-78f6-11e1-94fe-25ba39ebf1f4" xlink:to="loc_us-gaap_CostOfServices_410ff044-78f6-11e1-94fe-25ba39ebf1f4" xlink:type="arc" />
  </calculationLink>
  <calculationLink xlink:role="http://www.extremenetworks.com/role/DisclosureAboutSegmentsOfEnterpriseAndGeographicAreas" xlink:type="extended" />
  <calculationLink xlink:role="http://www.extremenetworks.com/role/DisclosureAboutSegmentsOfEnterpriseAndGeographicAreasNarrativesDetails" xlink:type="extended" />
  <calculationLink xlink:role="http://www.extremenetworks.com/role/DisclosureAboutSegmentsOfEnterpriseAndGeographicAreasScheduleOfRevenuesByGeographicRegionsDetails" xlink:type="extended" />
  <calculationLink xlink:role="http://www.extremenetworks.com/role/DisclosureAboutSegmentsOfEnterpriseAndGeographicAreasTables" xlink:type="extended" />
  <calculationLink xlink:role="http://www.extremenetworks.com/role/DocumentAndEntityInformation" xlink:type="extended" />
  <calculationLink xlink:role="http://www.extremenetworks.com/role/FairValueMeasurements" xlink:type="extended" />
  <calculationLink xlink:role="http://www.extremenetworks.com/role/FairValueMeasurementsScheduleOfFairValueForFinancialAssetsAndLiabilitiesMeasureOnRecurringBasisDetails" xlink:type="extended">
    <loc xlink:href="http://xbrl.fasb.org/us-gaap/2012/elts/us-gaap-2012-01-31.xsd#us-gaap_LiabilitiesFairValueDisclosure" xlink:label="loc_us-gaap_LiabilitiesFairValueDisclosure_5c1b3e02-78f6-11e1-94fe-25ba39ebf1f4" xlink:type="locator" />
    <loc xlink:href="http://xbrl.fasb.org/us-gaap/2012/elts/us-gaap-2012-01-31.xsd#us-gaap_ForeignCurrencyContractsLiabilityFairValueDisclosure" xlink:label="loc_us-gaap_ForeignCurrencyContractsLiabilityFairValueDisclosure_547a2f5a-78f6-11e1-94fe-25ba39ebf1f4" xlink:type="locator" />
    <calculationArc order="1" weight="1" xlink:arcrole="http://www.xbrl.org/2003/arcrole/summation-item" xlink:from="loc_us-gaap_LiabilitiesFairValueDisclosure_5c1b3e02-78f6-11e1-94fe-25ba39ebf1f4" xlink:to="loc_us-gaap_ForeignCurrencyContractsLiabilityFairValueDisclosure_547a2f5a-78f6-11e1-94fe-25ba39ebf1f4" xlink:type="arc" />
    <loc xlink:href="http://xbrl.fasb.org/us-gaap/2012/elts/us-gaap-2012-01-31.xsd#us-gaap_AssetsFairValueDisclosure" xlink:label="loc_us-gaap_AssetsFairValueDisclosure_2bc40522-78f6-11e1-94fe-25ba39ebf1f4" xlink:type="locator" />
    <loc xlink:href="http://xbrl.fasb.org/us-gaap/2012/elts/us-gaap-2012-01-31.xsd#us-gaap_InvestmentsFairValueDisclosure" xlink:label="loc_us-gaap_InvestmentsFairValueDisclosure_5b922ae0-78f6-11e1-94fe-25ba39ebf1f4" xlink:type="locator" />
    <calculationArc order="1" weight="1" xlink:arcrole="http://www.xbrl.org/2003/arcrole/summation-item" xlink:from="loc_us-gaap_AssetsFairValueDisclosure_2bc40522-78f6-11e1-94fe-25ba39ebf1f4" xlink:to="loc_us-gaap_InvestmentsFairValueDisclosure_5b922ae0-78f6-11e1-94fe-25ba39ebf1f4" xlink:type="arc" />
    <loc xlink:href="http://xbrl.fasb.org/us-gaap/2012/elts/us-gaap-2012-01-31.xsd#us-gaap_ForeignCurrencyContractAssetFairValueDisclosure" xlink:label="loc_us-gaap_ForeignCurrencyContractAssetFairValueDisclosure_54766726-78f6-11e1-94fe-25ba39ebf1f4" xlink:type="locator" />
    <calculationArc order="2" weight="1" xlink:arcrole="http://www.xbrl.org/2003/arcrole/summation-item" xlink:from="loc_us-gaap_AssetsFairValueDisclosure_2bc40522-78f6-11e1-94fe-25ba39ebf1f4" xlink:to="loc_us-gaap_ForeignCurrencyContractAssetFairValueDisclosure_54766726-78f6-11e1-94fe-25ba39ebf1f4" xlink:type="arc" />
  </calculationLink>
  <calculationLink xlink:role="http://www.extremenetworks.com/role/FairValueMeasurementsTables" xlink:type="extended" />
  <calculationLink xlink:role="http://www.extremenetworks.com/role/ForeignExchangeForwardContracts" xlink:type="extended" />
  <calculationLink xlink:role="http://www.extremenetworks.com/role/ForeignExchangeForwardContractsDetails" xlink:type="extended" />
  <calculationLink xlink:role="http://www.extremenetworks.com/role/IncomeTaxes" xlink:type="extended" />
  <calculationLink xlink:role="http://www.extremenetworks.com/role/IncomeTaxesDetails" xlink:type="extended" />
  <calculationLink xlink:role="http://www.extremenetworks.com/role/NetLossIncomePerShare" xlink:type="extended" />
  <calculationLink xlink:role="http://www.extremenetworks.com/role/NetLossIncomePerShareScheduleOfEarningsPerShareBasicAndDilutedDetails" xlink:type="extended" />
  <calculationLink xlink:role="http://www.extremenetworks.com/role/NetLossIncomePerShareTables" xlink:type="extended" />
  <calculationLink xlink:role="http://www.extremenetworks.com/role/RestructuringCharges" xlink:type="extended" />
  <calculationLink xlink:role="http://www.extremenetworks.com/role/RestructuringChargesDetails" xlink:type="extended" />
  <calculationLink xlink:role="http://www.extremenetworks.com/role/RestructuringChargesTables" xlink:type="extended" />
  <calculationLink xlink:role="http://www.extremenetworks.com/role/ShareBasedCompensation" xlink:type="extended" />
  <calculationLink xlink:role="http://www.extremenetworks.com/role/ShareBasedCompensationNarrativesDetails" xlink:type="extended" />
  <calculationLink xlink:role="http://www.extremenetworks.com/role/ShareBasedCompensationScheduleOfFairValueAssumptionsForStockOptionsAndEmployeeStockPurchasePlanAwardsDetails" xlink:type="extended" />
  <calculationLink xlink:role="http://www.extremenetworks.com/role/ShareBasedCompensationScheduleOfRecognizedShareBasedCompensationExpenseDetails" xlink:type="extended" />
  <calculationLink xlink:role="http://www.extremenetworks.com/role/ShareBasedCompensationScheduleOfStockAwardActivityDetails" xlink:type="extended" />
  <calculationLink xlink:role="http://www.extremenetworks.com/role/ShareBasedCompensationScheduleOfStockOptionActivityDetails" xlink:type="extended" />
  <calculationLink xlink:role="http://www.extremenetworks.com/role/ShareBasedCompensationTables" xlink:type="extended" />
  <calculationLink xlink:role="http://www.extremenetworks.com/role/SummaryOfSignificantAccountingPolicies" xlink:type="extended" />
  <calculationLink xlink:role="http://www.extremenetworks.com/role/SummaryOfSignificantAccountingPoliciesPolicies" xlink:type="extended" />
</linkbase>
