<?xml version="1.0" encoding="US-ASCII" standalone="no"?>
    <!-- Field: Doc-Info; Name: Generator; Value: GoFiler Complete; Version: 3.4a -->
    <!-- Field: Doc-Info; Name: VendorURI; Value: http://www.novaworks.co -->
    <!-- Field: Doc-Info; Name: Source; Value: toa_distributionsystems.xfr; Date: 2013/01/29T11:57:15 -->
    <!-- Field: Doc-Info; Name: Status; Value: 0x00000000 -->
<link:linkbase xmlns:xsi="http://www.w3.org/2001/XMLSchema-instance" xmlns:xlink="http://www.w3.org/1999/xlink" xmlns:link="http://www.xbrl.org/2003/linkbase" xmlns:xbrli="http://www.xbrl.org/2003/instance" xsi:schemaLocation="http://www.xbrl.org/2003/linkbase http://www.xbrl.org/2003/xbrl-linkbase-2003-12-31.xsd">
    <link:roleRef roleURI="http://toadistributionsystemsinc.com/role/DocumentAndEntityInformation" xlink:href="toad-20121231.xsd#DocumentAndEntityInformation" xlink:type="simple" />
    <link:roleRef roleURI="http://toadistributionsystemsinc.com/role/BalanceSheets" xlink:href="toad-20121231.xsd#BalanceSheets" xlink:type="simple" />
    <link:roleRef roleURI="http://toadistributionsystemsinc.com/role/BalanceSheetsParenthetical" xlink:href="toad-20121231.xsd#BalanceSheetsParenthetical" xlink:type="simple" />
    <link:roleRef roleURI="http://toadistributionsystemsinc.com/role/StatementsOfOperations" xlink:href="toad-20121231.xsd#StatementsOfOperations" xlink:type="simple" />
    <link:roleRef roleURI="http://toadistributionsystemsinc.com/role/StatementsOfCashFlows" xlink:href="toad-20121231.xsd#StatementsOfCashFlows" xlink:type="simple" />
    <link:roleRef roleURI="http://toadistributionsystemsinc.com/role/ShareholdersEquity" xlink:href="toad-20121231.xsd#ShareholdersEquity" xlink:type="simple" />
    <link:roleRef roleURI="http://toadistributionsystemsinc.com/role/BasisOfPresentation" xlink:href="toad-20121231.xsd#BasisOfPresentation" xlink:type="simple" />
    <link:roleRef roleURI="http://toadistributionsystemsinc.com/role/GoingConcern" xlink:href="toad-20121231.xsd#GoingConcern" xlink:type="simple" />
    <link:roleRef roleURI="http://toadistributionsystemsinc.com/role/Sub-DistributionAgreement" xlink:href="toad-20121231.xsd#Sub-DistributionAgreement" xlink:type="simple" />
    <link:roleRef roleURI="http://toadistributionsystemsinc.com/role/LoansPayableRelatedParties" xlink:href="toad-20121231.xsd#LoansPayableRelatedParties" xlink:type="simple" />
    <link:roleRef roleURI="http://toadistributionsystemsinc.com/role/Equity" xlink:href="toad-20121231.xsd#Equity" xlink:type="simple" />
    <link:roleRef roleURI="http://toadistributionsystemsinc.com/role/ContributedSurplus" xlink:href="toad-20121231.xsd#ContributedSurplus" xlink:type="simple" />
    <link:roleRef roleURI="http://toadistributionsystemsinc.com/role/SubsequentEvents" xlink:href="toad-20121231.xsd#SubsequentEvents" xlink:type="simple" />
    <link:roleRef roleURI="http://toadistributionsystemsinc.com/role/Sub-DistributionAgreementDetailsNarrative" xlink:href="toad-20121231.xsd#Sub-DistributionAgreementDetailsNarrative" xlink:type="simple" />
    <link:roleRef roleURI="http://toadistributionsystemsinc.com/role/LoansPayableRelatedPartiesDetailsNarrative" xlink:href="toad-20121231.xsd#LoansPayableRelatedPartiesDetailsNarrative" xlink:type="simple" />
    <link:roleRef roleURI="http://toadistributionsystemsinc.com/role/EquityDetailsNarrative" xlink:href="toad-20121231.xsd#EquityDetailsNarrative" xlink:type="simple" />
    <link:roleRef roleURI="http://toadistributionsystemsinc.com/role/ContributedSurplusDetailsNarrative" xlink:href="toad-20121231.xsd#ContributedSurplusDetailsNarrative" xlink:type="simple" />
    <link:calculationLink xlink:type="extended" xlink:role="http://toadistributionsystemsinc.com/role/DocumentAndEntityInformation" xlink:title="0001 - Document - Document and Entity Information" />
    <link:calculationLink xlink:type="extended" xlink:role="http://toadistributionsystemsinc.com/role/BalanceSheets" xlink:title="0002 - Statement - Balance Sheets">
      <link:loc xlink:type="locator" xlink:href="http://xbrl.fasb.org/us-gaap/2012/elts/us-gaap-2012-01-31.xsd#us-gaap_AssetsCurrent" xlink:label="loc_TOADAssetsCurrent" />
      <link:loc xlink:type="locator" xlink:href="http://xbrl.fasb.org/us-gaap/2012/elts/us-gaap-2012-01-31.xsd#us-gaap_Cash" xlink:label="loc_TOADCash" />
      <link:calculationArc order="100" xlink:arcrole="http://www.xbrl.org/2003/arcrole/summation-item" xlink:from="loc_TOADAssetsCurrent" xlink:to="loc_TOADCash" xlink:type="arc" weight="1" />
    </link:calculationLink>
    <link:calculationLink xlink:type="extended" xlink:role="http://toadistributionsystemsinc.com/role/BalanceSheetsParenthetical" xlink:title="0003 - Statement - Balance Sheets (Parenthetical)" />
    <link:calculationLink xlink:type="extended" xlink:role="http://toadistributionsystemsinc.com/role/StatementsOfOperations" xlink:title="0004 - Statement - Statements of Operations" />
    <link:calculationLink xlink:type="extended" xlink:role="http://toadistributionsystemsinc.com/role/StatementsOfCashFlows" xlink:title="0005 - Statement - Statements of Cash Flows" />
    <link:calculationLink xlink:type="extended" xlink:role="http://toadistributionsystemsinc.com/role/ShareholdersEquity" xlink:title="0006 - Statement - Shareholders Equity" />
    <link:calculationLink xlink:type="extended" xlink:role="http://toadistributionsystemsinc.com/role/BasisOfPresentation" xlink:title="0007 - Disclosure - BASIS OF PRESENTATION" />
    <link:calculationLink xlink:type="extended" xlink:role="http://toadistributionsystemsinc.com/role/GoingConcern" xlink:title="0008 - Disclosure - GOING CONCERN" />
    <link:calculationLink xlink:type="extended" xlink:role="http://toadistributionsystemsinc.com/role/Sub-DistributionAgreement" xlink:title="0009 - Disclosure - SUB-DISTRIBUTION AGREEMENT" />
    <link:calculationLink xlink:type="extended" xlink:role="http://toadistributionsystemsinc.com/role/LoansPayableRelatedParties" xlink:title="0010 - Disclosure - LOANS PAYABLE &#8211; RELATED PARTIES" />
    <link:calculationLink xlink:type="extended" xlink:role="http://toadistributionsystemsinc.com/role/Equity" xlink:title="0011 - Disclosure - EQUITY" />
    <link:calculationLink xlink:type="extended" xlink:role="http://toadistributionsystemsinc.com/role/ContributedSurplus" xlink:title="0012 - Disclosure - CONTRIBUTED SURPLUS" />
    <link:calculationLink xlink:type="extended" xlink:role="http://toadistributionsystemsinc.com/role/SubsequentEvents" xlink:title="0013 - Disclosure - SUBSEQUENT EVENTS" />
    <link:calculationLink xlink:type="extended" xlink:role="http://toadistributionsystemsinc.com/role/Sub-DistributionAgreementDetailsNarrative" xlink:title="0014 - Disclosure - SUB-DISTRIBUTION AGREEMENT (Details Narrative)" />
    <link:calculationLink xlink:type="extended" xlink:role="http://toadistributionsystemsinc.com/role/LoansPayableRelatedPartiesDetailsNarrative" xlink:title="0015 - Disclosure - LOANS PAYABLE &#8211; RELATED PARTIES (Details Narrative)" />
    <link:calculationLink xlink:type="extended" xlink:role="http://toadistributionsystemsinc.com/role/EquityDetailsNarrative" xlink:title="0016 - Disclosure - EQUITY (Details Narrative)" />
    <link:calculationLink xlink:type="extended" xlink:role="http://toadistributionsystemsinc.com/role/ContributedSurplusDetailsNarrative" xlink:title="0017 - Disclosure - CONTRIBUTED SURPLUS (Details Narrative)" />
</link:linkbase>
