<?xml version="1.0" encoding="US-ASCII" ?>
    <!-- Field: Doc-Info; Name: Generator; Value: GoFiler Complete; Version: 3.4a -->
    <!-- Field: Doc-Info; Name: VendorURI; Value: http://www.novaworks.co -->
    <!-- Field: Doc-Info; Name: Source; Value: toa_distributionsystems.xfr; Date: 2013/01/29T11:57:15 -->
    <!-- Field: Doc-Info; Name: Status; Value: 0x00000000 -->
<xbrli:xbrl xmlns:xsi="http://www.w3.org/2001/XMLSchema-instance" xmlns:xlink="http://www.w3.org/1999/xlink" xmlns:link="http://www.xbrl.org/2003/linkbase" xmlns:xbrli="http://www.xbrl.org/2003/instance" xmlns:xbrldt="http://xbrl.org/2005/xbrldt" xmlns:xbrldi="http://xbrl.org/2006/xbrldi" xmlns:dei="http://xbrl.sec.gov/dei/2012-01-31" xmlns:ref="http://www.xbrl.org/2006/ref" xmlns:iso4217="http://www.xbrl.org/2003/iso4217" xmlns:us-gaap="http://fasb.org/us-gaap/2012-01-31" xmlns:us-roles="http://fasb.org/us-roles/2012-01-31" xmlns:nonnum="http://www.xbrl.org/dtr/type/non-numeric" xmlns:num="http://www.xbrl.org/dtr/type/numeric" xmlns:us-types="http://fasb.org/us-types/2012-01-31" xmlns:TOAD="http://toadistributionsystemsinc.com/20121231">
    <link:schemaRef xlink:href="toad-20121231.xsd" xlink:type="simple" />
    <xbrli:context id="From2012-04-01to2012-12-31">
      <xbrli:entity>
        <xbrli:identifier scheme="http://www.sec.gov/CIK">0001445541</xbrli:identifier>
      </xbrli:entity>
      <xbrli:period>
        <xbrli:startDate>2012-04-01</xbrli:startDate>
        <xbrli:endDate>2012-12-31</xbrli:endDate>
      </xbrli:period>
    </xbrli:context>
    <xbrli:context id="AsOf2012-06-30">
      <xbrli:entity>
        <xbrli:identifier scheme="http://www.sec.gov/CIK">0001445541</xbrli:identifier>
      </xbrli:entity>
      <xbrli:period>
        <xbrli:instant>2012-06-30</xbrli:instant>
      </xbrli:period>
    </xbrli:context>
    <xbrli:context id="AsOf2012-12-31">
      <xbrli:entity>
        <xbrli:identifier scheme="http://www.sec.gov/CIK">0001445541</xbrli:identifier>
      </xbrli:entity>
      <xbrli:period>
        <xbrli:instant>2012-12-31</xbrli:instant>
      </xbrli:period>
    </xbrli:context>
    <xbrli:context id="AsOf2012-03-31">
      <xbrli:entity>
        <xbrli:identifier scheme="http://www.sec.gov/CIK">0001445541</xbrli:identifier>
      </xbrli:entity>
      <xbrli:period>
        <xbrli:instant>2012-03-31</xbrli:instant>
      </xbrli:period>
    </xbrli:context>
    <xbrli:context id="From2012-10-01to2012-12-31">
      <xbrli:entity>
        <xbrli:identifier scheme="http://www.sec.gov/CIK">0001445541</xbrli:identifier>
      </xbrli:entity>
      <xbrli:period>
        <xbrli:startDate>2012-10-01</xbrli:startDate>
        <xbrli:endDate>2012-12-31</xbrli:endDate>
      </xbrli:period>
    </xbrli:context>
    <xbrli:context id="From2011-10-01to2011-12-31">
      <xbrli:entity>
        <xbrli:identifier scheme="http://www.sec.gov/CIK">0001445541</xbrli:identifier>
      </xbrli:entity>
      <xbrli:period>
        <xbrli:startDate>2011-10-01</xbrli:startDate>
        <xbrli:endDate>2011-12-31</xbrli:endDate>
      </xbrli:period>
    </xbrli:context>
    <xbrli:context id="From2011-04-01to2011-12-31">
      <xbrli:entity>
        <xbrli:identifier scheme="http://www.sec.gov/CIK">0001445541</xbrli:identifier>
      </xbrli:entity>
      <xbrli:period>
        <xbrli:startDate>2011-04-01</xbrli:startDate>
        <xbrli:endDate>2011-12-31</xbrli:endDate>
      </xbrli:period>
    </xbrli:context>
    <xbrli:context id="From2007-04-02to2012-12-31">
      <xbrli:entity>
        <xbrli:identifier scheme="http://www.sec.gov/CIK">0001445541</xbrli:identifier>
      </xbrli:entity>
      <xbrli:period>
        <xbrli:startDate>2007-04-02</xbrli:startDate>
        <xbrli:endDate>2012-12-31</xbrli:endDate>
      </xbrli:period>
    </xbrli:context>
    <xbrli:context id="From2007-04-02to2012-12-31_CommonStockMember">
      <xbrli:entity>
        <xbrli:identifier scheme="http://www.sec.gov/CIK">0001445541</xbrli:identifier>
        <xbrli:segment>
          <xbrldi:explicitMember dimension="us-gaap:StatementEquityComponentsAxis">us-gaap:CommonStockMember</xbrldi:explicitMember>
        </xbrli:segment>
      </xbrli:entity>
      <xbrli:period>
        <xbrli:startDate>2007-04-02</xbrli:startDate>
        <xbrli:endDate>2012-12-31</xbrli:endDate>
      </xbrli:period>
    </xbrli:context>
    <xbrli:context id="AsOf2007-04-01_CommonStockMember">
      <xbrli:entity>
        <xbrli:identifier scheme="http://www.sec.gov/CIK">0001445541</xbrli:identifier>
        <xbrli:segment>
          <xbrldi:explicitMember dimension="us-gaap:StatementEquityComponentsAxis">us-gaap:CommonStockMember</xbrldi:explicitMember>
        </xbrli:segment>
      </xbrli:entity>
      <xbrli:period>
        <xbrli:instant>2007-04-01</xbrli:instant>
      </xbrli:period>
    </xbrli:context>
    <xbrli:context id="AsOf2012-12-31_CommonStockMember">
      <xbrli:entity>
        <xbrli:identifier scheme="http://www.sec.gov/CIK">0001445541</xbrli:identifier>
        <xbrli:segment>
          <xbrldi:explicitMember dimension="us-gaap:StatementEquityComponentsAxis">us-gaap:CommonStockMember</xbrldi:explicitMember>
        </xbrli:segment>
      </xbrli:entity>
      <xbrli:period>
        <xbrli:instant>2012-12-31</xbrli:instant>
      </xbrli:period>
    </xbrli:context>
    <xbrli:context id="From2007-04-02to2012-12-31_TreasuryStockMember">
      <xbrli:entity>
        <xbrli:identifier scheme="http://www.sec.gov/CIK">0001445541</xbrli:identifier>
        <xbrli:segment>
          <xbrldi:explicitMember dimension="us-gaap:StatementEquityComponentsAxis">us-gaap:TreasuryStockMember</xbrldi:explicitMember>
        </xbrli:segment>
      </xbrli:entity>
      <xbrli:period>
        <xbrli:startDate>2007-04-02</xbrli:startDate>
        <xbrli:endDate>2012-12-31</xbrli:endDate>
      </xbrli:period>
    </xbrli:context>
    <xbrli:context id="AsOf2007-04-01_TreasuryStockMember">
      <xbrli:entity>
        <xbrli:identifier scheme="http://www.sec.gov/CIK">0001445541</xbrli:identifier>
        <xbrli:segment>
          <xbrldi:explicitMember dimension="us-gaap:StatementEquityComponentsAxis">us-gaap:TreasuryStockMember</xbrldi:explicitMember>
        </xbrli:segment>
      </xbrli:entity>
      <xbrli:period>
        <xbrli:instant>2007-04-01</xbrli:instant>
      </xbrli:period>
    </xbrli:context>
    <xbrli:context id="AsOf2012-12-31_TreasuryStockMember">
      <xbrli:entity>
        <xbrli:identifier scheme="http://www.sec.gov/CIK">0001445541</xbrli:identifier>
        <xbrli:segment>
          <xbrldi:explicitMember dimension="us-gaap:StatementEquityComponentsAxis">us-gaap:TreasuryStockMember</xbrldi:explicitMember>
        </xbrli:segment>
      </xbrli:entity>
      <xbrli:period>
        <xbrli:instant>2012-12-31</xbrli:instant>
      </xbrli:period>
    </xbrli:context>
    <xbrli:context id="From2007-04-02to2012-12-31_AdditionalPaidInCapitalMember">
      <xbrli:entity>
        <xbrli:identifier scheme="http://www.sec.gov/CIK">0001445541</xbrli:identifier>
        <xbrli:segment>
          <xbrldi:explicitMember dimension="us-gaap:StatementEquityComponentsAxis">us-gaap:AdditionalPaidInCapitalMember</xbrldi:explicitMember>
        </xbrli:segment>
      </xbrli:entity>
      <xbrli:period>
        <xbrli:startDate>2007-04-02</xbrli:startDate>
        <xbrli:endDate>2012-12-31</xbrli:endDate>
      </xbrli:period>
    </xbrli:context>
    <xbrli:context id="AsOf2007-04-01_AdditionalPaidInCapitalMember">
      <xbrli:entity>
        <xbrli:identifier scheme="http://www.sec.gov/CIK">0001445541</xbrli:identifier>
        <xbrli:segment>
          <xbrldi:explicitMember dimension="us-gaap:StatementEquityComponentsAxis">us-gaap:AdditionalPaidInCapitalMember</xbrldi:explicitMember>
        </xbrli:segment>
      </xbrli:entity>
      <xbrli:period>
        <xbrli:instant>2007-04-01</xbrli:instant>
      </xbrli:period>
    </xbrli:context>
    <xbrli:context id="AsOf2012-12-31_AdditionalPaidInCapitalMember">
      <xbrli:entity>
        <xbrli:identifier scheme="http://www.sec.gov/CIK">0001445541</xbrli:identifier>
        <xbrli:segment>
          <xbrldi:explicitMember dimension="us-gaap:StatementEquityComponentsAxis">us-gaap:AdditionalPaidInCapitalMember</xbrldi:explicitMember>
        </xbrli:segment>
      </xbrli:entity>
      <xbrli:period>
        <xbrli:instant>2012-12-31</xbrli:instant>
      </xbrli:period>
    </xbrli:context>
    <xbrli:context id="From2007-04-02to2012-12-31_RetainedEarningsMember">
      <xbrli:entity>
        <xbrli:identifier scheme="http://www.sec.gov/CIK">0001445541</xbrli:identifier>
        <xbrli:segment>
          <xbrldi:explicitMember dimension="us-gaap:StatementEquityComponentsAxis">us-gaap:RetainedEarningsMember</xbrldi:explicitMember>
        </xbrli:segment>
      </xbrli:entity>
      <xbrli:period>
        <xbrli:startDate>2007-04-02</xbrli:startDate>
        <xbrli:endDate>2012-12-31</xbrli:endDate>
      </xbrli:period>
    </xbrli:context>
    <xbrli:context id="AsOf2007-04-01_RetainedEarningsMember">
      <xbrli:entity>
        <xbrli:identifier scheme="http://www.sec.gov/CIK">0001445541</xbrli:identifier>
        <xbrli:segment>
          <xbrldi:explicitMember dimension="us-gaap:StatementEquityComponentsAxis">us-gaap:RetainedEarningsMember</xbrldi:explicitMember>
        </xbrli:segment>
      </xbrli:entity>
      <xbrli:period>
        <xbrli:instant>2007-04-01</xbrli:instant>
      </xbrli:period>
    </xbrli:context>
    <xbrli:context id="AsOf2012-12-31_RetainedEarningsMember">
      <xbrli:entity>
        <xbrli:identifier scheme="http://www.sec.gov/CIK">0001445541</xbrli:identifier>
        <xbrli:segment>
          <xbrldi:explicitMember dimension="us-gaap:StatementEquityComponentsAxis">us-gaap:RetainedEarningsMember</xbrldi:explicitMember>
        </xbrli:segment>
      </xbrli:entity>
      <xbrli:period>
        <xbrli:instant>2012-12-31</xbrli:instant>
      </xbrli:period>
    </xbrli:context>
    <xbrli:context id="From2007-04-02to2012-12-31_AccumulatedOtherComprehensiveIncomeMember">
      <xbrli:entity>
        <xbrli:identifier scheme="http://www.sec.gov/CIK">0001445541</xbrli:identifier>
        <xbrli:segment>
          <xbrldi:explicitMember dimension="us-gaap:StatementEquityComponentsAxis">us-gaap:AccumulatedOtherComprehensiveIncomeMember</xbrldi:explicitMember>
        </xbrli:segment>
      </xbrli:entity>
      <xbrli:period>
        <xbrli:startDate>2007-04-02</xbrli:startDate>
        <xbrli:endDate>2012-12-31</xbrli:endDate>
      </xbrli:period>
    </xbrli:context>
    <xbrli:context id="AsOf2007-04-01_AccumulatedOtherComprehensiveIncomeMember">
      <xbrli:entity>
        <xbrli:identifier scheme="http://www.sec.gov/CIK">0001445541</xbrli:identifier>
        <xbrli:segment>
          <xbrldi:explicitMember dimension="us-gaap:StatementEquityComponentsAxis">us-gaap:AccumulatedOtherComprehensiveIncomeMember</xbrldi:explicitMember>
        </xbrli:segment>
      </xbrli:entity>
      <xbrli:period>
        <xbrli:instant>2007-04-01</xbrli:instant>
      </xbrli:period>
    </xbrli:context>
    <xbrli:context id="AsOf2012-12-31_AccumulatedOtherComprehensiveIncomeMember">
      <xbrli:entity>
        <xbrli:identifier scheme="http://www.sec.gov/CIK">0001445541</xbrli:identifier>
        <xbrli:segment>
          <xbrldi:explicitMember dimension="us-gaap:StatementEquityComponentsAxis">us-gaap:AccumulatedOtherComprehensiveIncomeMember</xbrldi:explicitMember>
        </xbrli:segment>
      </xbrli:entity>
      <xbrli:period>
        <xbrli:instant>2012-12-31</xbrli:instant>
      </xbrli:period>
    </xbrli:context>
    <xbrli:context id="AsOf2013-08-31">
      <xbrli:entity>
        <xbrli:identifier scheme="http://www.sec.gov/CIK">0001445541</xbrli:identifier>
      </xbrli:entity>
      <xbrli:period>
        <xbrli:instant>2013-08-31</xbrli:instant>
      </xbrli:period>
    </xbrli:context>
    <xbrli:context id="AsOf2012-05-01">
      <xbrli:entity>
        <xbrli:identifier scheme="http://www.sec.gov/CIK">0001445541</xbrli:identifier>
      </xbrli:entity>
      <xbrli:period>
        <xbrli:instant>2012-05-01</xbrli:instant>
      </xbrli:period>
    </xbrli:context>
    <xbrli:context id="From2012-04-01to2012-06-30">
      <xbrli:entity>
        <xbrli:identifier scheme="http://www.sec.gov/CIK">0001445541</xbrli:identifier>
      </xbrli:entity>
      <xbrli:period>
        <xbrli:startDate>2012-04-01</xbrli:startDate>
        <xbrli:endDate>2012-06-30</xbrli:endDate>
      </xbrli:period>
    </xbrli:context>
    <xbrli:context id="AsOf2009-08-13">
      <xbrli:entity>
        <xbrli:identifier scheme="http://www.sec.gov/CIK">0001445541</xbrli:identifier>
      </xbrli:entity>
      <xbrli:period>
        <xbrli:instant>2009-08-13</xbrli:instant>
      </xbrli:period>
    </xbrli:context>
    <xbrli:context id="AsOf2007-12-13">
      <xbrli:entity>
        <xbrli:identifier scheme="http://www.sec.gov/CIK">0001445541</xbrli:identifier>
      </xbrli:entity>
      <xbrli:period>
        <xbrli:instant>2007-12-13</xbrli:instant>
      </xbrli:period>
    </xbrli:context>
    <xbrli:context id="AsOf2007-01-10">
      <xbrli:entity>
        <xbrli:identifier scheme="http://www.sec.gov/CIK">0001445541</xbrli:identifier>
      </xbrli:entity>
      <xbrli:period>
        <xbrli:instant>2007-01-10</xbrli:instant>
      </xbrli:period>
    </xbrli:context>
    <xbrli:context id="AsOf2009-05-11">
      <xbrli:entity>
        <xbrli:identifier scheme="http://www.sec.gov/CIK">0001445541</xbrli:identifier>
      </xbrli:entity>
      <xbrli:period>
        <xbrli:instant>2009-05-11</xbrli:instant>
      </xbrli:period>
    </xbrli:context>
    <xbrli:context id="AsOf2009-06-01">
      <xbrli:entity>
        <xbrli:identifier scheme="http://www.sec.gov/CIK">0001445541</xbrli:identifier>
      </xbrli:entity>
      <xbrli:period>
        <xbrli:instant>2009-06-01</xbrli:instant>
      </xbrli:period>
    </xbrli:context>
    <xbrli:context id="AsOf2009-06-13">
      <xbrli:entity>
        <xbrli:identifier scheme="http://www.sec.gov/CIK">0001445541</xbrli:identifier>
      </xbrli:entity>
      <xbrli:period>
        <xbrli:instant>2009-06-13</xbrli:instant>
      </xbrli:period>
    </xbrli:context>
    <xbrli:context id="AsOf2009-06-15">
      <xbrli:entity>
        <xbrli:identifier scheme="http://www.sec.gov/CIK">0001445541</xbrli:identifier>
      </xbrli:entity>
      <xbrli:period>
        <xbrli:instant>2009-06-15</xbrli:instant>
      </xbrli:period>
    </xbrli:context>
    <xbrli:context id="AsOf2009-09-02">
      <xbrli:entity>
        <xbrli:identifier scheme="http://www.sec.gov/CIK">0001445541</xbrli:identifier>
      </xbrli:entity>
      <xbrli:period>
        <xbrli:instant>2009-09-02</xbrli:instant>
      </xbrli:period>
    </xbrli:context>
    <xbrli:unit id="USD">
      <xbrli:measure>iso4217:USD</xbrli:measure>
    </xbrli:unit>
    <xbrli:unit id="Shares">
      <xbrli:measure>xbrli:shares</xbrli:measure>
    </xbrli:unit>
    <xbrli:unit id="USDPShares">
      <xbrli:divide>
        <xbrli:unitNumerator>
          <xbrli:measure>iso4217:USD</xbrli:measure>
        </xbrli:unitNumerator>
        <xbrli:unitDenominator>
          <xbrli:measure>xbrli:shares</xbrli:measure>
        </xbrli:unitDenominator>
      </xbrli:divide>
    </xbrli:unit>
    <dei:EntityRegistrantName contextRef="From2012-04-01to2012-12-31">TOA Distribution Systems Inc.</dei:EntityRegistrantName>
    <dei:EntityCentralIndexKey contextRef="From2012-04-01to2012-12-31">0001445541</dei:EntityCentralIndexKey>
    <dei:DocumentType contextRef="From2012-04-01to2012-12-31">10-Q</dei:DocumentType>
    <dei:DocumentPeriodEndDate contextRef="From2012-04-01to2012-12-31">2012-12-31</dei:DocumentPeriodEndDate>
    <dei:AmendmentFlag contextRef="From2012-04-01to2012-12-31">false</dei:AmendmentFlag>
    <dei:CurrentFiscalYearEndDate contextRef="From2012-04-01to2012-12-31">--03-31</dei:CurrentFiscalYearEndDate>
    <dei:EntityWellKnownSeasonedIssuer contextRef="From2012-04-01to2012-12-31">No</dei:EntityWellKnownSeasonedIssuer>
    <dei:EntityVoluntaryFilers contextRef="From2012-04-01to2012-12-31">No</dei:EntityVoluntaryFilers>
    <dei:EntityCurrentReportingStatus contextRef="From2012-04-01to2012-12-31">Yes</dei:EntityCurrentReportingStatus>
    <dei:EntityFilerCategory contextRef="From2012-04-01to2012-12-31">Smaller Reporting Company</dei:EntityFilerCategory>
    <dei:DocumentFiscalPeriodFocus contextRef="From2012-04-01to2012-12-31">Q3</dei:DocumentFiscalPeriodFocus>
    <dei:DocumentFiscalYearFocus contextRef="From2012-04-01to2012-12-31">2012</dei:DocumentFiscalYearFocus>
    <dei:EntityCommonStockSharesOutstanding contextRef="AsOf2012-06-30" unitRef="Shares" decimals="INF">47100060</dei:EntityCommonStockSharesOutstanding>
    <us-gaap:Cash contextRef="AsOf2012-12-31" unitRef="USD" decimals="0">518</us-gaap:Cash>
    <us-gaap:Cash contextRef="AsOf2012-03-31" unitRef="USD" decimals="0">1812</us-gaap:Cash>
    <us-gaap:AssetsCurrent contextRef="AsOf2012-12-31" unitRef="USD" decimals="0">518</us-gaap:AssetsCurrent>
    <us-gaap:AssetsCurrent contextRef="AsOf2012-03-31" unitRef="USD" decimals="0">1812</us-gaap:AssetsCurrent>
    <us-gaap:AccruedLiabilities contextRef="AsOf2012-12-31" unitRef="USD" decimals="0">2150</us-gaap:AccruedLiabilities>
    <us-gaap:AccruedLiabilities contextRef="AsOf2012-03-31" unitRef="USD" decimals="0">4860</us-gaap:AccruedLiabilities>
    <us-gaap:AccountsPayableCurrent contextRef="AsOf2012-12-31" unitRef="USD" decimals="0">4237</us-gaap:AccountsPayableCurrent>
    <us-gaap:AccountsPayableCurrent contextRef="AsOf2012-03-31" unitRef="USD" decimals="0">2955</us-gaap:AccountsPayableCurrent>
    <TOAD:LoansPayableRelatedPartiesPrincipalNote4 contextRef="AsOf2012-12-31" unitRef="USD" decimals="0">35225</TOAD:LoansPayableRelatedPartiesPrincipalNote4>
    <TOAD:LoansPayableRelatedPartiesPrincipalNote4 contextRef="AsOf2012-03-31" unitRef="USD" decimals="0">47712</TOAD:LoansPayableRelatedPartiesPrincipalNote4>
    <us-gaap:NotesPayableRelatedPartiesCurrent contextRef="AsOf2012-12-31" unitRef="USD" decimals="0">5388</us-gaap:NotesPayableRelatedPartiesCurrent>
    <us-gaap:NotesPayableRelatedPartiesCurrent contextRef="AsOf2012-03-31" unitRef="USD" decimals="0">7050</us-gaap:NotesPayableRelatedPartiesCurrent>
    <us-gaap:LiabilitiesCurrent contextRef="AsOf2012-12-31" unitRef="USD" decimals="0">47000</us-gaap:LiabilitiesCurrent>
    <us-gaap:LiabilitiesCurrent contextRef="AsOf2012-03-31" unitRef="USD" decimals="0">62577</us-gaap:LiabilitiesCurrent>
    <TOAD:CommonStockAuthorizedParValueIssuedOutstanding contextRef="AsOf2012-12-31" unitRef="USD" decimals="0">47100</TOAD:CommonStockAuthorizedParValueIssuedOutstanding>
    <TOAD:CommonStockAuthorizedParValueIssuedOutstanding contextRef="AsOf2012-03-31" unitRef="USD" decimals="0">47100</TOAD:CommonStockAuthorizedParValueIssuedOutstanding>
    <us-gaap:AdditionalPaidInCapital contextRef="AsOf2012-12-31" unitRef="USD" decimals="0">74650</us-gaap:AdditionalPaidInCapital>
    <us-gaap:AdditionalPaidInCapital contextRef="AsOf2012-03-31" unitRef="USD" decimals="0">49650</us-gaap:AdditionalPaidInCapital>
    <us-gaap:DevelopmentStageEnterpriseDeficitAccumulatedDuringDevelopmentStage contextRef="AsOf2012-12-31" unitRef="USD" decimals="0">-168232</us-gaap:DevelopmentStageEnterpriseDeficitAccumulatedDuringDevelopmentStage>
    <us-gaap:DevelopmentStageEnterpriseDeficitAccumulatedDuringDevelopmentStage contextRef="AsOf2012-03-31" unitRef="USD" decimals="0">-157515</us-gaap:DevelopmentStageEnterpriseDeficitAccumulatedDuringDevelopmentStage>
    <us-gaap:StockholdersEquity contextRef="AsOf2012-12-31" unitRef="USD" decimals="0">-46482</us-gaap:StockholdersEquity>
    <us-gaap:StockholdersEquity contextRef="AsOf2012-03-31" unitRef="USD" decimals="0">-60765</us-gaap:StockholdersEquity>
    <us-gaap:LiabilitiesAndStockholdersEquity contextRef="AsOf2012-12-31" unitRef="USD" decimals="0">518</us-gaap:LiabilitiesAndStockholdersEquity>
    <us-gaap:LiabilitiesAndStockholdersEquity contextRef="AsOf2012-03-31" unitRef="USD" decimals="0">1812</us-gaap:LiabilitiesAndStockholdersEquity>
    <TOAD:PreferredSharesPerShare1 contextRef="AsOf2012-12-31" unitRef="Shares" decimals="INF">0.001</TOAD:PreferredSharesPerShare1>
    <TOAD:PreferredSharesPerShare1 contextRef="AsOf2012-03-31" unitRef="Shares" decimals="INF">0.001</TOAD:PreferredSharesPerShare1>
    <TOAD:PreferredSharesAuthorized contextRef="AsOf2012-12-31" unitRef="USD" decimals="0">10000000</TOAD:PreferredSharesAuthorized>
    <TOAD:PreferredSharesAuthorized contextRef="AsOf2012-03-31" unitRef="USD" decimals="0">10000000</TOAD:PreferredSharesAuthorized>
    <TOAD:PreferredSharesIssuedAndOutstanding contextRef="AsOf2012-12-31" unitRef="USD" decimals="0">0</TOAD:PreferredSharesIssuedAndOutstanding>
    <TOAD:PreferredSharesIssuedAndOutstanding contextRef="AsOf2012-03-31" unitRef="USD" decimals="0">0</TOAD:PreferredSharesIssuedAndOutstanding>
    <TOAD:CommonStockParValue contextRef="AsOf2012-12-31" unitRef="Shares" decimals="INF">0.001</TOAD:CommonStockParValue>
    <TOAD:CommonStockParValue contextRef="AsOf2012-03-31" unitRef="Shares" decimals="INF">0.001</TOAD:CommonStockParValue>
    <TOAD:CommonStockAuthorized contextRef="AsOf2012-12-31" unitRef="USD" decimals="0">250000000</TOAD:CommonStockAuthorized>
    <TOAD:CommonStockAuthorized contextRef="AsOf2012-03-31" unitRef="USD" decimals="0">250000000</TOAD:CommonStockAuthorized>
    <TOAD:CommonStockIssuedAndOutstanding contextRef="AsOf2012-12-31" unitRef="USD" decimals="0">47100060</TOAD:CommonStockIssuedAndOutstanding>
    <TOAD:CommonStockIssuedAndOutstanding contextRef="AsOf2012-03-31" unitRef="USD" decimals="0">47100060</TOAD:CommonStockIssuedAndOutstanding>
    <us-gaap:Revenues contextRef="From2012-04-01to2012-12-31" unitRef="USD" decimals="0">0</us-gaap:Revenues>
    <us-gaap:Revenues contextRef="From2012-10-01to2012-12-31" unitRef="USD" decimals="0">0</us-gaap:Revenues>
    <us-gaap:Revenues contextRef="From2011-10-01to2011-12-31" unitRef="USD" decimals="0">0</us-gaap:Revenues>
    <us-gaap:Revenues contextRef="From2011-04-01to2011-12-31" unitRef="USD" decimals="0">0</us-gaap:Revenues>
    <us-gaap:Revenues contextRef="From2007-04-02to2012-12-31" unitRef="USD" decimals="0">0</us-gaap:Revenues>
    <TOAD:GeneralAndAdministrative contextRef="From2012-04-01to2012-12-31" unitRef="USD" decimals="0">9166</TOAD:GeneralAndAdministrative>
    <TOAD:GeneralAndAdministrative contextRef="From2012-10-01to2012-12-31" unitRef="USD" decimals="0">2555</TOAD:GeneralAndAdministrative>
    <TOAD:GeneralAndAdministrative contextRef="From2011-10-01to2011-12-31" unitRef="USD" decimals="0">4115</TOAD:GeneralAndAdministrative>
    <TOAD:GeneralAndAdministrative contextRef="From2011-04-01to2011-12-31" unitRef="USD" decimals="0">14505</TOAD:GeneralAndAdministrative>
    <TOAD:GeneralAndAdministrative contextRef="From2007-04-02to2012-12-31" unitRef="USD" decimals="0">90627</TOAD:GeneralAndAdministrative>
    <TOAD:ImpairmentExpenseminingClaim1 contextRef="From2012-04-01to2012-12-31" unitRef="USD" xsi:nil="true" />
    <TOAD:ImpairmentExpenseminingClaim1 contextRef="From2012-10-01to2012-12-31" unitRef="USD" xsi:nil="true" />
    <TOAD:ImpairmentExpenseminingClaim1 contextRef="From2011-10-01to2011-12-31" unitRef="USD" xsi:nil="true" />
    <TOAD:ImpairmentExpenseminingClaim1 contextRef="From2011-04-01to2011-12-31" unitRef="USD" xsi:nil="true" />
    <TOAD:ImpairmentExpenseminingClaim1 contextRef="From2007-04-02to2012-12-31" unitRef="USD" decimals="0">26250</TOAD:ImpairmentExpenseminingClaim1>
    <TOAD:ImpairmentExpensedistributionAgmt1 contextRef="From2012-04-01to2012-12-31" unitRef="USD" xsi:nil="true" />
    <TOAD:ImpairmentExpensedistributionAgmt1 contextRef="From2012-10-01to2012-12-31" unitRef="USD" xsi:nil="true" />
    <TOAD:ImpairmentExpensedistributionAgmt1 contextRef="From2011-10-01to2011-12-31" unitRef="USD" xsi:nil="true" />
    <TOAD:ImpairmentExpensedistributionAgmt1 contextRef="From2011-04-01to2011-12-31" unitRef="USD" xsi:nil="true" />
    <TOAD:ImpairmentExpensedistributionAgmt1 contextRef="From2007-04-02to2012-12-31" unitRef="USD" decimals="0">42500</TOAD:ImpairmentExpensedistributionAgmt1>
    <TOAD:TotalExpenses contextRef="From2012-04-01to2012-12-31" unitRef="USD" decimals="0">9166</TOAD:TotalExpenses>
    <TOAD:TotalExpenses contextRef="From2012-10-01to2012-12-31" unitRef="USD" decimals="0">2555</TOAD:TotalExpenses>
    <TOAD:TotalExpenses contextRef="From2011-10-01to2011-12-31" unitRef="USD" decimals="0">4115</TOAD:TotalExpenses>
    <TOAD:TotalExpenses contextRef="From2011-04-01to2011-12-31" unitRef="USD" decimals="0">14505</TOAD:TotalExpenses>
    <TOAD:TotalExpenses contextRef="From2007-04-02to2012-12-31" unitRef="USD" decimals="0">159377</TOAD:TotalExpenses>
    <us-gaap:OperatingIncomeLoss contextRef="From2012-04-01to2012-12-31" unitRef="USD" decimals="0">-9166</us-gaap:OperatingIncomeLoss>
    <us-gaap:OperatingIncomeLoss contextRef="From2012-10-01to2012-12-31" unitRef="USD" decimals="0">-2555</us-gaap:OperatingIncomeLoss>
    <us-gaap:OperatingIncomeLoss contextRef="From2011-10-01to2011-12-31" unitRef="USD" decimals="0">-4115</us-gaap:OperatingIncomeLoss>
    <us-gaap:OperatingIncomeLoss contextRef="From2011-04-01to2011-12-31" unitRef="USD" decimals="0">-14505</us-gaap:OperatingIncomeLoss>
    <us-gaap:OperatingIncomeLoss contextRef="From2007-04-02to2012-12-31" unitRef="USD" decimals="0">-159377</us-gaap:OperatingIncomeLoss>
    <TOAD:ForeignCurrencyExchange contextRef="From2012-04-01to2012-12-31" unitRef="USD" xsi:nil="true" />
    <TOAD:ForeignCurrencyExchange contextRef="From2012-10-01to2012-12-31" unitRef="USD" xsi:nil="true" />
    <TOAD:ForeignCurrencyExchange contextRef="From2011-10-01to2011-12-31" unitRef="USD" xsi:nil="true" />
    <TOAD:ForeignCurrencyExchange contextRef="From2011-04-01to2011-12-31" unitRef="USD" xsi:nil="true" />
    <TOAD:ForeignCurrencyExchange contextRef="From2007-04-02to2012-12-31" unitRef="USD" decimals="0">33</TOAD:ForeignCurrencyExchange>
    <us-gaap:InterestExpense contextRef="From2012-04-01to2012-12-31" unitRef="USD" decimals="0">-1551</us-gaap:InterestExpense>
    <us-gaap:InterestExpense contextRef="From2012-10-01to2012-12-31" unitRef="USD" decimals="0">-463</us-gaap:InterestExpense>
    <us-gaap:InterestExpense contextRef="From2011-10-01to2011-12-31" unitRef="USD" decimals="0">-1087</us-gaap:InterestExpense>
    <us-gaap:InterestExpense contextRef="From2011-04-01to2011-12-31" unitRef="USD" decimals="0">-2819</us-gaap:InterestExpense>
    <us-gaap:InterestExpense contextRef="From2007-04-02to2012-12-31" unitRef="USD" decimals="0">-8888</us-gaap:InterestExpense>
    <TOAD:ProvisionForIncomeTax contextRef="From2012-04-01to2012-12-31" unitRef="USD" xsi:nil="true" />
    <TOAD:ProvisionForIncomeTax contextRef="From2012-10-01to2012-12-31" unitRef="USD" xsi:nil="true" />
    <TOAD:ProvisionForIncomeTax contextRef="From2011-10-01to2011-12-31" unitRef="USD" xsi:nil="true" />
    <TOAD:ProvisionForIncomeTax contextRef="From2011-04-01to2011-12-31" unitRef="USD" xsi:nil="true" />
    <TOAD:ProvisionForIncomeTax contextRef="From2007-04-02to2012-12-31" unitRef="USD" xsi:nil="true" />
    <TOAD:NetLossForPeriod contextRef="From2012-04-01to2012-12-31" unitRef="USD" decimals="0">-10717</TOAD:NetLossForPeriod>
    <TOAD:NetLossForPeriod contextRef="From2012-10-01to2012-12-31" unitRef="USD" decimals="0">-3018</TOAD:NetLossForPeriod>
    <TOAD:NetLossForPeriod contextRef="From2011-10-01to2011-12-31" unitRef="USD" decimals="0">-5202</TOAD:NetLossForPeriod>
    <TOAD:NetLossForPeriod contextRef="From2011-04-01to2011-12-31" unitRef="USD" decimals="0">-17324</TOAD:NetLossForPeriod>
    <TOAD:NetLossForPeriod contextRef="From2007-04-02to2012-12-31" unitRef="USD" decimals="0">-168232</TOAD:NetLossForPeriod>
    <us-gaap:IncomeLossFromContinuingOperationsPerDilutedShare contextRef="From2012-04-01to2012-12-31" unitRef="USDPShares" decimals="INF">-0.00</us-gaap:IncomeLossFromContinuingOperationsPerDilutedShare>
    <us-gaap:IncomeLossFromContinuingOperationsPerDilutedShare contextRef="From2012-10-01to2012-12-31" unitRef="USDPShares" decimals="INF">-0.00</us-gaap:IncomeLossFromContinuingOperationsPerDilutedShare>
    <us-gaap:IncomeLossFromContinuingOperationsPerDilutedShare contextRef="From2011-10-01to2011-12-31" unitRef="USDPShares" decimals="INF">-0.00</us-gaap:IncomeLossFromContinuingOperationsPerDilutedShare>
    <us-gaap:IncomeLossFromContinuingOperationsPerDilutedShare contextRef="From2011-04-01to2011-12-31" unitRef="USDPShares" decimals="INF">-0.00</us-gaap:IncomeLossFromContinuingOperationsPerDilutedShare>
    <us-gaap:WeightedAverageNumberOfDilutedSharesOutstanding contextRef="From2012-04-01to2012-12-31" unitRef="Shares" decimals="INF">47100060</us-gaap:WeightedAverageNumberOfDilutedSharesOutstanding>
    <us-gaap:WeightedAverageNumberOfDilutedSharesOutstanding contextRef="From2012-10-01to2012-12-31" unitRef="Shares" decimals="INF">47100060</us-gaap:WeightedAverageNumberOfDilutedSharesOutstanding>
    <us-gaap:WeightedAverageNumberOfDilutedSharesOutstanding contextRef="From2011-10-01to2011-12-31" unitRef="Shares" decimals="INF">47100060</us-gaap:WeightedAverageNumberOfDilutedSharesOutstanding>
    <us-gaap:WeightedAverageNumberOfDilutedSharesOutstanding contextRef="From2011-04-01to2011-12-31" unitRef="Shares" decimals="INF">47100060</us-gaap:WeightedAverageNumberOfDilutedSharesOutstanding>
    <us-gaap:NetIncomeLoss contextRef="From2012-04-01to2012-12-31" unitRef="USD" decimals="0">-10717</us-gaap:NetIncomeLoss>
    <us-gaap:NetIncomeLoss contextRef="From2011-04-01to2011-12-31" unitRef="USD" decimals="0">-17324</us-gaap:NetIncomeLoss>
    <us-gaap:NetIncomeLoss contextRef="From2007-04-02to2012-12-31" unitRef="USD" decimals="0">-168232</us-gaap:NetIncomeLoss>
    <TOAD:StockIssuedForCompanyExpensesPaidByRelatedParties contextRef="From2012-04-01to2012-12-31" unitRef="USD" xsi:nil="true" />
    <TOAD:StockIssuedForCompanyExpensesPaidByRelatedParties contextRef="From2011-04-01to2011-12-31" unitRef="USD" xsi:nil="true" />
    <TOAD:StockIssuedForCompanyExpensesPaidByRelatedParties contextRef="From2007-04-02to2012-12-31" unitRef="USD" decimals="0">22000</TOAD:StockIssuedForCompanyExpensesPaidByRelatedParties>
    <TOAD:CompanyExpensesPaidByRelatedParties contextRef="From2012-04-01to2012-12-31" unitRef="USD" decimals="0">9301</TOAD:CompanyExpensesPaidByRelatedParties>
    <TOAD:CompanyExpensesPaidByRelatedParties contextRef="From2011-04-01to2011-12-31" unitRef="USD" decimals="0">19995</TOAD:CompanyExpensesPaidByRelatedParties>
    <TOAD:CompanyExpensesPaidByRelatedParties contextRef="From2007-04-02to2012-12-31" unitRef="USD" decimals="0">38846</TOAD:CompanyExpensesPaidByRelatedParties>
    <TOAD:ImpairmentOfMiningProperty contextRef="From2012-04-01to2012-12-31" unitRef="USD" xsi:nil="true" />
    <TOAD:ImpairmentOfMiningProperty contextRef="From2011-04-01to2011-12-31" unitRef="USD" xsi:nil="true" />
    <TOAD:ImpairmentOfMiningProperty contextRef="From2007-04-02to2012-12-31" unitRef="USD" decimals="0">26250</TOAD:ImpairmentOfMiningProperty>
    <TOAD:ImpairmentDistributionLicense contextRef="From2012-04-01to2012-12-31" unitRef="USD" xsi:nil="true" />
    <TOAD:ImpairmentDistributionLicense contextRef="From2011-04-01to2011-12-31" unitRef="USD" xsi:nil="true" />
    <TOAD:ImpairmentDistributionLicense contextRef="From2007-04-02to2012-12-31" unitRef="USD" decimals="0">42500</TOAD:ImpairmentDistributionLicense>
    <us-gaap:IncreaseDecreaseInAccountsPayable contextRef="From2012-04-01to2012-12-31" unitRef="USD" decimals="0">1282</us-gaap:IncreaseDecreaseInAccountsPayable>
    <us-gaap:IncreaseDecreaseInAccountsPayable contextRef="From2011-04-01to2011-12-31" unitRef="USD" decimals="0">1271</us-gaap:IncreaseDecreaseInAccountsPayable>
    <us-gaap:IncreaseDecreaseInAccountsPayable contextRef="From2007-04-02to2012-12-31" unitRef="USD" decimals="0">4237</us-gaap:IncreaseDecreaseInAccountsPayable>
    <TOAD:IncreaseDecreaseInAccruedExpenses contextRef="From2012-04-01to2012-12-31" unitRef="USD" decimals="0">-2710</TOAD:IncreaseDecreaseInAccruedExpenses>
    <TOAD:IncreaseDecreaseInAccruedExpenses contextRef="From2011-04-01to2011-12-31" unitRef="USD" decimals="0">-4725</TOAD:IncreaseDecreaseInAccruedExpenses>
    <TOAD:IncreaseDecreaseInAccruedExpenses contextRef="From2007-04-02to2012-12-31" unitRef="USD" decimals="0">2150</TOAD:IncreaseDecreaseInAccruedExpenses>
    <us-gaap:IncreaseDecreaseInAccruedInterestReceivableNet contextRef="From2012-04-01to2012-12-31" unitRef="USD" decimals="0">1550</us-gaap:IncreaseDecreaseInAccruedInterestReceivableNet>
    <us-gaap:IncreaseDecreaseInAccruedInterestReceivableNet contextRef="From2011-04-01to2011-12-31" unitRef="USD" decimals="0">2818</us-gaap:IncreaseDecreaseInAccruedInterestReceivableNet>
    <us-gaap:IncreaseDecreaseInAccruedInterestReceivableNet contextRef="From2007-04-02to2012-12-31" unitRef="USD" decimals="0">8036</us-gaap:IncreaseDecreaseInAccruedInterestReceivableNet>
    <TOAD:IncreaseDecreaseInLoansPayablerelatedParty contextRef="From2012-04-01to2012-12-31" unitRef="USD" xsi:nil="true" />
    <TOAD:IncreaseDecreaseInLoansPayablerelatedParty contextRef="From2011-04-01to2011-12-31" unitRef="USD" xsi:nil="true" />
    <TOAD:IncreaseDecreaseInLoansPayablerelatedParty contextRef="From2007-04-02to2012-12-31" unitRef="USD" xsi:nil="true" />
    <TOAD:IncreaseDecreaseInAccruedInterestothers contextRef="From2012-04-01to2012-12-31" unitRef="USD" xsi:nil="true" />
    <TOAD:IncreaseDecreaseInAccruedInterestothers contextRef="From2011-04-01to2011-12-31" unitRef="USD" xsi:nil="true" />
    <TOAD:IncreaseDecreaseInAccruedInterestothers contextRef="From2007-04-02to2012-12-31" unitRef="USD" decimals="0">564</TOAD:IncreaseDecreaseInAccruedInterestothers>
    <us-gaap:NetCashProvidedByUsedInOperatingActivitiesContinuingOperations contextRef="From2012-04-01to2012-12-31" unitRef="USD" decimals="0">-1294</us-gaap:NetCashProvidedByUsedInOperatingActivitiesContinuingOperations>
    <us-gaap:NetCashProvidedByUsedInOperatingActivitiesContinuingOperations contextRef="From2011-04-01to2011-12-31" unitRef="USD" decimals="0">2035</us-gaap:NetCashProvidedByUsedInOperatingActivitiesContinuingOperations>
    <us-gaap:NetCashProvidedByUsedInOperatingActivitiesContinuingOperations contextRef="From2007-04-02to2012-12-31" unitRef="USD" decimals="0">-23649</us-gaap:NetCashProvidedByUsedInOperatingActivitiesContinuingOperations>
    <us-gaap:CashProvidedByUsedInDiscontinuedOperationsInvestingActivities contextRef="From2012-04-01to2012-12-31" unitRef="USD" xsi:nil="true" />
    <us-gaap:CashProvidedByUsedInDiscontinuedOperationsInvestingActivities contextRef="From2011-04-01to2011-12-31" unitRef="USD" xsi:nil="true" />
    <us-gaap:CashProvidedByUsedInDiscontinuedOperationsInvestingActivities contextRef="From2007-04-02to2012-12-31" unitRef="USD" xsi:nil="true" />
    <TOAD:CashProvidedByUsedForNotesPayableRelatedParty contextRef="From2012-04-01to2012-12-31" unitRef="USD" xsi:nil="true" />
    <TOAD:CashProvidedByUsedForNotesPayableRelatedParty contextRef="From2011-04-01to2011-12-31" unitRef="USD" xsi:nil="true" />
    <TOAD:CashProvidedByUsedForNotesPayableRelatedParty contextRef="From2007-04-02to2012-12-31" unitRef="USD" decimals="0">13577</TOAD:CashProvidedByUsedForNotesPayableRelatedParty>
    <TOAD:CashProvidedByUsedForNotesPayableOthers contextRef="From2012-04-01to2012-12-31" unitRef="USD" xsi:nil="true" />
    <TOAD:CashProvidedByUsedForNotesPayableOthers contextRef="From2011-04-01to2011-12-31" unitRef="USD" xsi:nil="true" />
    <TOAD:CashProvidedByUsedForNotesPayableOthers contextRef="From2007-04-02to2012-12-31" unitRef="USD" decimals="0">4590</TOAD:CashProvidedByUsedForNotesPayableOthers>
    <us-gaap:StockIssued contextRef="From2012-04-01to2012-12-31" unitRef="USD" xsi:nil="true" />
    <us-gaap:StockIssued contextRef="From2011-04-01to2011-12-31" unitRef="USD" xsi:nil="true" />
    <us-gaap:StockIssued contextRef="From2007-04-02to2012-12-31" unitRef="USD" decimals="0">6000</us-gaap:StockIssued>
    <us-gaap:NetCashProvidedByUsedInFinancingActivities contextRef="From2012-04-01to2012-12-31" unitRef="USD" xsi:nil="true" />
    <us-gaap:NetCashProvidedByUsedInFinancingActivities contextRef="From2011-04-01to2011-12-31" unitRef="USD" xsi:nil="true" />
    <us-gaap:NetCashProvidedByUsedInFinancingActivities contextRef="From2007-04-02to2012-12-31" unitRef="USD" decimals="0">24167</us-gaap:NetCashProvidedByUsedInFinancingActivities>
    <us-gaap:NetCashProvidedByUsedInContinuingOperations contextRef="From2012-04-01to2012-12-31" unitRef="USD" decimals="0">-1294</us-gaap:NetCashProvidedByUsedInContinuingOperations>
    <us-gaap:NetCashProvidedByUsedInContinuingOperations contextRef="From2011-04-01to2011-12-31" unitRef="USD" decimals="0">2035</us-gaap:NetCashProvidedByUsedInContinuingOperations>
    <us-gaap:NetCashProvidedByUsedInContinuingOperations contextRef="From2007-04-02to2012-12-31" unitRef="USD" decimals="0">518</us-gaap:NetCashProvidedByUsedInContinuingOperations>
    <TOAD:CashAndCashEquivalentsAtBeginningOfPeriod contextRef="From2012-04-01to2012-12-31" unitRef="USD" decimals="0">1812</TOAD:CashAndCashEquivalentsAtBeginningOfPeriod>
    <TOAD:CashAndCashEquivalentsAtBeginningOfPeriod contextRef="From2011-04-01to2011-12-31" unitRef="USD" decimals="0">97</TOAD:CashAndCashEquivalentsAtBeginningOfPeriod>
    <TOAD:CashAndCashEquivalentsAtBeginningOfPeriod contextRef="From2007-04-02to2012-12-31" unitRef="USD" xsi:nil="true" />
    <TOAD:CashAndCashEquivalentsAtEndOfPeriod contextRef="From2012-04-01to2012-12-31" unitRef="USD" decimals="0">518</TOAD:CashAndCashEquivalentsAtEndOfPeriod>
    <TOAD:CashAndCashEquivalentsAtEndOfPeriod contextRef="From2011-04-01to2011-12-31" unitRef="USD" decimals="0">2132</TOAD:CashAndCashEquivalentsAtEndOfPeriod>
    <TOAD:CashAndCashEquivalentsAtEndOfPeriod contextRef="From2007-04-02to2012-12-31" unitRef="USD" decimals="0">518</TOAD:CashAndCashEquivalentsAtEndOfPeriod>
    <us-gaap:IncomeTaxesPaid contextRef="From2012-04-01to2012-12-31" unitRef="USD" xsi:nil="true" />
    <us-gaap:IncomeTaxesPaid contextRef="From2011-04-01to2011-12-31" unitRef="USD" xsi:nil="true" />
    <us-gaap:IncomeTaxesPaid contextRef="From2007-04-02to2012-12-31" unitRef="USD" xsi:nil="true" />
    <TOAD:StockIssuedForServices contextRef="From2012-04-01to2012-12-31" unitRef="USD" xsi:nil="true" />
    <TOAD:StockIssuedForServices contextRef="From2011-04-01to2011-12-31" unitRef="USD" xsi:nil="true" />
    <TOAD:StockIssuedForServices contextRef="From2007-04-02to2012-12-31" unitRef="USD" decimals="0">3000</TOAD:StockIssuedForServices>
    <TOAD:StockIssuedForInterestPayable contextRef="From2012-04-01to2012-12-31" unitRef="USD" xsi:nil="true" />
    <TOAD:StockIssuedForInterestPayable contextRef="From2011-04-01to2011-12-31" unitRef="USD" xsi:nil="true" />
    <TOAD:StockIssuedForInterestPayable contextRef="From2007-04-02to2012-12-31" unitRef="USD" decimals="0">287</TOAD:StockIssuedForInterestPayable>
    <us-gaap:StockIssuedDuringPeriodValueOther contextRef="From2012-04-01to2012-12-31" unitRef="USD" xsi:nil="true" />
    <us-gaap:StockIssuedDuringPeriodValueOther contextRef="From2011-04-01to2011-12-31" unitRef="USD" xsi:nil="true" />
    <us-gaap:StockIssuedDuringPeriodValueOther contextRef="From2007-04-02to2012-12-31" unitRef="USD" decimals="0">10713</us-gaap:StockIssuedDuringPeriodValueOther>
    <TOAD:StockIssuedForMiningClaims contextRef="From2012-04-01to2012-12-31" unitRef="USD" xsi:nil="true" />
    <TOAD:StockIssuedForMiningClaims contextRef="From2011-04-01to2011-12-31" unitRef="USD" xsi:nil="true" />
    <TOAD:StockIssuedForMiningClaims contextRef="From2007-04-02to2012-12-31" unitRef="USD" decimals="0">26250</TOAD:StockIssuedForMiningClaims>
    <TOAD:StockIssuedForDistributionAgreement contextRef="From2012-04-01to2012-12-31" unitRef="USD" xsi:nil="true" />
    <TOAD:StockIssuedForDistributionAgreement contextRef="From2011-04-01to2011-12-31" unitRef="USD" xsi:nil="true" />
    <TOAD:StockIssuedForDistributionAgreement contextRef="From2007-04-02to2012-12-31" unitRef="USD" decimals="0">42500</TOAD:StockIssuedForDistributionAgreement>
    <TOAD:ContributedCapitalSaleOfMineralClaimsToRelatedParties contextRef="From2012-04-01to2012-12-31" unitRef="USD" decimals="0">25000</TOAD:ContributedCapitalSaleOfMineralClaimsToRelatedParties>
    <TOAD:ContributedCapitalSaleOfMineralClaimsToRelatedParties contextRef="From2011-04-01to2011-12-31" unitRef="USD" xsi:nil="true" />
    <TOAD:ContributedCapitalSaleOfMineralClaimsToRelatedParties contextRef="From2007-04-02to2012-12-31" unitRef="USD" decimals="0">25000</TOAD:ContributedCapitalSaleOfMineralClaimsToRelatedParties>
    <us-gaap:InterestAndOtherIncome contextRef="From2012-04-01to2012-12-31" unitRef="USD" decimals="0">1088</us-gaap:InterestAndOtherIncome>
    <us-gaap:InterestAndOtherIncome contextRef="From2011-04-01to2011-12-31" unitRef="USD" decimals="0">2818</us-gaap:InterestAndOtherIncome>
    <us-gaap:InterestAndOtherIncome contextRef="From2007-04-02to2012-12-31" unitRef="USD" decimals="0">7574</us-gaap:InterestAndOtherIncome>
    <us-gaap:CashProvidedByUsedInDiscontinuedOperationsOperatingActivities contextRef="From2012-04-01to2012-12-31" unitRef="USD" xsi:nil="true" />
    <us-gaap:CashProvidedByUsedInDiscontinuedOperationsOperatingActivities contextRef="From2011-04-01to2011-12-31" unitRef="USD" xsi:nil="true" />
    <us-gaap:CashProvidedByUsedInDiscontinuedOperationsOperatingActivities contextRef="From2007-04-02to2012-12-31" unitRef="USD" xsi:nil="true" />
    <TOAD:CommonStockIssuedForCash contextRef="From2007-04-02to2012-12-31_CommonStockMember" unitRef="USD" decimals="0">15000000</TOAD:CommonStockIssuedForCash>
    <TOAD:CommonStockIssuedForCash contextRef="From2007-04-02to2012-12-31_TreasuryStockMember" unitRef="USD" decimals="0">15000</TOAD:CommonStockIssuedForCash>
    <TOAD:CommonStockIssuedForCash contextRef="From2007-04-02to2012-12-31_AdditionalPaidInCapitalMember" unitRef="USD" decimals="0">-13500</TOAD:CommonStockIssuedForCash>
    <TOAD:CommonStockIssuedForCash contextRef="From2007-04-02to2012-12-31_RetainedEarningsMember" unitRef="USD" xsi:nil="true" />
    <TOAD:CommonStockIssuedForCash contextRef="From2007-04-02to2012-12-31_AccumulatedOtherComprehensiveIncomeMember" unitRef="USD" decimals="0">1500</TOAD:CommonStockIssuedForCash>
    <TOAD:CommonStockIssuedForDebt contextRef="From2007-04-02to2012-12-31_CommonStockMember" unitRef="USD" decimals="0">600000</TOAD:CommonStockIssuedForDebt>
    <TOAD:CommonStockIssuedForDebt contextRef="From2007-04-02to2012-12-31_TreasuryStockMember" unitRef="USD" decimals="0">600</TOAD:CommonStockIssuedForDebt>
    <TOAD:CommonStockIssuedForDebt contextRef="From2007-04-02to2012-12-31_AdditionalPaidInCapitalMember" unitRef="USD" decimals="0">900</TOAD:CommonStockIssuedForDebt>
    <TOAD:CommonStockIssuedForDebt contextRef="From2007-04-02to2012-12-31_RetainedEarningsMember" unitRef="USD" xsi:nil="true" />
    <TOAD:CommonStockIssuedForDebt contextRef="From2007-04-02to2012-12-31_AccumulatedOtherComprehensiveIncomeMember" unitRef="USD" decimals="0">1500</TOAD:CommonStockIssuedForDebt>
    <TOAD:CommonStockIssuedForMiningProperty contextRef="From2007-04-02to2012-12-31_CommonStockMember" unitRef="USD" decimals="0">2000000</TOAD:CommonStockIssuedForMiningProperty>
    <TOAD:CommonStockIssuedForMiningProperty contextRef="From2007-04-02to2012-12-31_TreasuryStockMember" unitRef="USD" decimals="0">2000</TOAD:CommonStockIssuedForMiningProperty>
    <TOAD:CommonStockIssuedForMiningProperty contextRef="From2007-04-02to2012-12-31_AdditionalPaidInCapitalMember" unitRef="USD" decimals="0">18000</TOAD:CommonStockIssuedForMiningProperty>
    <TOAD:CommonStockIssuedForMiningProperty contextRef="From2007-04-02to2012-12-31_RetainedEarningsMember" unitRef="USD" xsi:nil="true" />
    <TOAD:CommonStockIssuedForMiningProperty contextRef="From2007-04-02to2012-12-31_AccumulatedOtherComprehensiveIncomeMember" unitRef="USD" decimals="0">20000</TOAD:CommonStockIssuedForMiningProperty>
    <TOAD:DeficitForPeriodFromInception contextRef="From2007-04-02to2012-12-31_CommonStockMember" unitRef="USD" xsi:nil="true" />
    <TOAD:DeficitForPeriodFromInception contextRef="From2007-04-02to2012-12-31_TreasuryStockMember" unitRef="USD" xsi:nil="true" />
    <TOAD:DeficitForPeriodFromInception contextRef="From2007-04-02to2012-12-31_AdditionalPaidInCapitalMember" unitRef="USD" xsi:nil="true" />
    <TOAD:DeficitForPeriodFromInception contextRef="From2007-04-02to2012-12-31_RetainedEarningsMember" unitRef="USD" decimals="0">-10472</TOAD:DeficitForPeriodFromInception>
    <TOAD:DeficitForPeriodFromInception contextRef="From2007-04-02to2012-12-31_AccumulatedOtherComprehensiveIncomeMember" unitRef="USD" decimals="0">-10472</TOAD:DeficitForPeriodFromInception>
    <TOAD:BalanceMarch312008 contextRef="From2007-04-02to2012-12-31_CommonStockMember" unitRef="USD" decimals="0">17600000</TOAD:BalanceMarch312008>
    <TOAD:BalanceMarch312008 contextRef="From2007-04-02to2012-12-31_TreasuryStockMember" unitRef="USD" decimals="0">17600</TOAD:BalanceMarch312008>
    <TOAD:BalanceMarch312008 contextRef="From2007-04-02to2012-12-31_AdditionalPaidInCapitalMember" unitRef="USD" decimals="0">5400</TOAD:BalanceMarch312008>
    <TOAD:BalanceMarch312008 contextRef="From2007-04-02to2012-12-31_RetainedEarningsMember" unitRef="USD" decimals="0">-10472</TOAD:BalanceMarch312008>
    <TOAD:BalanceMarch312008 contextRef="From2007-04-02to2012-12-31_AccumulatedOtherComprehensiveIncomeMember" unitRef="USD" decimals="0">12528</TOAD:BalanceMarch312008>
    <TOAD:DeficitFor3MonthsEndedMarch312009 contextRef="From2007-04-02to2012-12-31_CommonStockMember" unitRef="USD" xsi:nil="true" />
    <TOAD:DeficitFor3MonthsEndedMarch312009 contextRef="From2007-04-02to2012-12-31_TreasuryStockMember" unitRef="USD" xsi:nil="true" />
    <TOAD:DeficitFor3MonthsEndedMarch312009 contextRef="From2007-04-02to2012-12-31_AdditionalPaidInCapitalMember" unitRef="USD" xsi:nil="true" />
    <TOAD:DeficitFor3MonthsEndedMarch312009 contextRef="From2007-04-02to2012-12-31_RetainedEarningsMember" unitRef="USD" decimals="0">-38246</TOAD:DeficitFor3MonthsEndedMarch312009>
    <TOAD:DeficitFor3MonthsEndedMarch312009 contextRef="From2007-04-02to2012-12-31_AccumulatedOtherComprehensiveIncomeMember" unitRef="USD" decimals="0">-38246</TOAD:DeficitFor3MonthsEndedMarch312009>
    <TOAD:BalanceMarch312009 contextRef="From2007-04-02to2012-12-31_CommonStockMember" unitRef="USD" decimals="0">17600000</TOAD:BalanceMarch312009>
    <TOAD:BalanceMarch312009 contextRef="From2007-04-02to2012-12-31_TreasuryStockMember" unitRef="USD" decimals="0">17600</TOAD:BalanceMarch312009>
    <TOAD:BalanceMarch312009 contextRef="From2007-04-02to2012-12-31_AdditionalPaidInCapitalMember" unitRef="USD" decimals="0">5400</TOAD:BalanceMarch312009>
    <TOAD:BalanceMarch312009 contextRef="From2007-04-02to2012-12-31_RetainedEarningsMember" unitRef="USD" decimals="0">-48718</TOAD:BalanceMarch312009>
    <TOAD:BalanceMarch312009 contextRef="From2007-04-02to2012-12-31_AccumulatedOtherComprehensiveIncomeMember" unitRef="USD" decimals="0">-25718</TOAD:BalanceMarch312009>
    <TOAD:CommonStockIssuedForCash1 contextRef="From2007-04-02to2012-12-31_CommonStockMember" unitRef="USD" decimals="0">2400000</TOAD:CommonStockIssuedForCash1>
    <TOAD:CommonStockIssuedForCash1 contextRef="From2007-04-02to2012-12-31_TreasuryStockMember" unitRef="USD" decimals="0">2400</TOAD:CommonStockIssuedForCash1>
    <TOAD:CommonStockIssuedForCash1 contextRef="From2007-04-02to2012-12-31_AdditionalPaidInCapitalMember" unitRef="USD" decimals="0">3600</TOAD:CommonStockIssuedForCash1>
    <TOAD:CommonStockIssuedForCash1 contextRef="From2007-04-02to2012-12-31_RetainedEarningsMember" unitRef="USD" xsi:nil="true" />
    <TOAD:CommonStockIssuedForCash1 contextRef="From2007-04-02to2012-12-31_AccumulatedOtherComprehensiveIncomeMember" unitRef="USD" decimals="0">6000</TOAD:CommonStockIssuedForCash1>
    <TOAD:CommonStockIssuedForLoansPayable contextRef="From2007-04-02to2012-12-31_CommonStockMember" unitRef="USD" decimals="0">3315000</TOAD:CommonStockIssuedForLoansPayable>
    <TOAD:CommonStockIssuedForLoansPayable contextRef="From2007-04-02to2012-12-31_TreasuryStockMember" unitRef="USD" decimals="0">3315</TOAD:CommonStockIssuedForLoansPayable>
    <TOAD:CommonStockIssuedForLoansPayable contextRef="From2007-04-02to2012-12-31_AdditionalPaidInCapitalMember" unitRef="USD" decimals="0">4972</TOAD:CommonStockIssuedForLoansPayable>
    <TOAD:CommonStockIssuedForLoansPayable contextRef="From2007-04-02to2012-12-31_RetainedEarningsMember" unitRef="USD" xsi:nil="true" />
    <TOAD:CommonStockIssuedForLoansPayable contextRef="From2007-04-02to2012-12-31_AccumulatedOtherComprehensiveIncomeMember" unitRef="USD" decimals="0">8287</TOAD:CommonStockIssuedForLoansPayable>
    <TOAD:CommonStockIssuedForMiningProperty1 contextRef="From2007-04-02to2012-12-31_CommonStockMember" unitRef="USD" decimals="0">2500060</TOAD:CommonStockIssuedForMiningProperty1>
    <TOAD:CommonStockIssuedForMiningProperty1 contextRef="From2007-04-02to2012-12-31_TreasuryStockMember" unitRef="USD" decimals="0">2500</TOAD:CommonStockIssuedForMiningProperty1>
    <TOAD:CommonStockIssuedForMiningProperty1 contextRef="From2007-04-02to2012-12-31_AdditionalPaidInCapitalMember" unitRef="USD" decimals="0">3750</TOAD:CommonStockIssuedForMiningProperty1>
    <TOAD:CommonStockIssuedForMiningProperty1 contextRef="From2007-04-02to2012-12-31_RetainedEarningsMember" unitRef="USD" xsi:nil="true" />
    <TOAD:CommonStockIssuedForMiningProperty1 contextRef="From2007-04-02to2012-12-31_AccumulatedOtherComprehensiveIncomeMember" unitRef="USD" decimals="0">6250</TOAD:CommonStockIssuedForMiningProperty1>
    <TOAD:CommonStockIssuedForDistributionAgreement contextRef="From2007-04-02to2012-12-31_CommonStockMember" unitRef="USD" decimals="0">17000000</TOAD:CommonStockIssuedForDistributionAgreement>
    <TOAD:CommonStockIssuedForDistributionAgreement contextRef="From2007-04-02to2012-12-31_TreasuryStockMember" unitRef="USD" decimals="0">17000</TOAD:CommonStockIssuedForDistributionAgreement>
    <TOAD:CommonStockIssuedForDistributionAgreement contextRef="From2007-04-02to2012-12-31_AdditionalPaidInCapitalMember" unitRef="USD" decimals="0">25500</TOAD:CommonStockIssuedForDistributionAgreement>
    <TOAD:CommonStockIssuedForDistributionAgreement contextRef="From2007-04-02to2012-12-31_RetainedEarningsMember" unitRef="USD" xsi:nil="true" />
    <TOAD:CommonStockIssuedForDistributionAgreement contextRef="From2007-04-02to2012-12-31_AccumulatedOtherComprehensiveIncomeMember" unitRef="USD" decimals="0">42500</TOAD:CommonStockIssuedForDistributionAgreement>
    <TOAD:DeficitForYearEndedMarch312010 contextRef="From2007-04-02to2012-12-31_CommonStockMember" unitRef="USD" xsi:nil="true" />
    <TOAD:DeficitForYearEndedMarch312010 contextRef="From2007-04-02to2012-12-31_TreasuryStockMember" unitRef="USD" xsi:nil="true" />
    <TOAD:DeficitForYearEndedMarch312010 contextRef="From2007-04-02to2012-12-31_AdditionalPaidInCapitalMember" unitRef="USD" xsi:nil="true" />
    <TOAD:DeficitForYearEndedMarch312010 contextRef="From2007-04-02to2012-12-31_RetainedEarningsMember" unitRef="USD" decimals="0">-74388</TOAD:DeficitForYearEndedMarch312010>
    <TOAD:DeficitForYearEndedMarch312010 contextRef="From2007-04-02to2012-12-31_AccumulatedOtherComprehensiveIncomeMember" unitRef="USD" decimals="0">-74388</TOAD:DeficitForYearEndedMarch312010>
    <TOAD:BalanceMarch312010 contextRef="From2007-04-02to2012-12-31_CommonStockMember" unitRef="USD" decimals="0">47100060</TOAD:BalanceMarch312010>
    <TOAD:BalanceMarch312010 contextRef="From2007-04-02to2012-12-31_TreasuryStockMember" unitRef="USD" decimals="0">47100</TOAD:BalanceMarch312010>
    <TOAD:BalanceMarch312010 contextRef="From2007-04-02to2012-12-31_AdditionalPaidInCapitalMember" unitRef="USD" decimals="0">49650</TOAD:BalanceMarch312010>
    <TOAD:BalanceMarch312010 contextRef="From2007-04-02to2012-12-31_RetainedEarningsMember" unitRef="USD" decimals="0">-123106</TOAD:BalanceMarch312010>
    <TOAD:BalanceMarch312010 contextRef="From2007-04-02to2012-12-31_AccumulatedOtherComprehensiveIncomeMember" unitRef="USD" decimals="0">-26356</TOAD:BalanceMarch312010>
    <TOAD:DeficitForYearEndedMarch312011 contextRef="From2007-04-02to2012-12-31_CommonStockMember" unitRef="USD" xsi:nil="true" />
    <TOAD:DeficitForYearEndedMarch312011 contextRef="From2007-04-02to2012-12-31_TreasuryStockMember" unitRef="USD" xsi:nil="true" />
    <TOAD:DeficitForYearEndedMarch312011 contextRef="From2007-04-02to2012-12-31_AdditionalPaidInCapitalMember" unitRef="USD" xsi:nil="true" />
    <TOAD:DeficitForYearEndedMarch312011 contextRef="From2007-04-02to2012-12-31_RetainedEarningsMember" unitRef="USD" decimals="0">-7803</TOAD:DeficitForYearEndedMarch312011>
    <TOAD:DeficitForYearEndedMarch312011 contextRef="From2007-04-02to2012-12-31_AccumulatedOtherComprehensiveIncomeMember" unitRef="USD" decimals="0">-7803</TOAD:DeficitForYearEndedMarch312011>
    <TOAD:BalanceMarch312011 contextRef="From2007-04-02to2012-12-31_CommonStockMember" unitRef="USD" decimals="0">47100060</TOAD:BalanceMarch312011>
    <TOAD:BalanceMarch312011 contextRef="From2007-04-02to2012-12-31_TreasuryStockMember" unitRef="USD" decimals="0">47100</TOAD:BalanceMarch312011>
    <TOAD:BalanceMarch312011 contextRef="From2007-04-02to2012-12-31_AdditionalPaidInCapitalMember" unitRef="USD" decimals="0">49650</TOAD:BalanceMarch312011>
    <TOAD:BalanceMarch312011 contextRef="From2007-04-02to2012-12-31_RetainedEarningsMember" unitRef="USD" decimals="0">-130909</TOAD:BalanceMarch312011>
    <TOAD:BalanceMarch312011 contextRef="From2007-04-02to2012-12-31_AccumulatedOtherComprehensiveIncomeMember" unitRef="USD" decimals="0">-34159</TOAD:BalanceMarch312011>
    <TOAD:DeficitFor12MonthPeriodEndedMarch312012 contextRef="From2007-04-02to2012-12-31_CommonStockMember" unitRef="USD" xsi:nil="true" />
    <TOAD:DeficitFor12MonthPeriodEndedMarch312012 contextRef="From2007-04-02to2012-12-31_TreasuryStockMember" unitRef="USD" xsi:nil="true" />
    <TOAD:DeficitFor12MonthPeriodEndedMarch312012 contextRef="From2007-04-02to2012-12-31_AdditionalPaidInCapitalMember" unitRef="USD" xsi:nil="true" />
    <TOAD:DeficitFor12MonthPeriodEndedMarch312012 contextRef="From2007-04-02to2012-12-31_RetainedEarningsMember" unitRef="USD" decimals="0">-26606</TOAD:DeficitFor12MonthPeriodEndedMarch312012>
    <TOAD:DeficitFor12MonthPeriodEndedMarch312012 contextRef="From2007-04-02to2012-12-31_AccumulatedOtherComprehensiveIncomeMember" unitRef="USD" decimals="0">-26606</TOAD:DeficitFor12MonthPeriodEndedMarch312012>
    <TOAD:BalanceMarch312012 contextRef="From2007-04-02to2012-12-31_CommonStockMember" unitRef="USD" decimals="0">47100060</TOAD:BalanceMarch312012>
    <TOAD:BalanceMarch312012 contextRef="From2007-04-02to2012-12-31_TreasuryStockMember" unitRef="USD" decimals="0">47100</TOAD:BalanceMarch312012>
    <TOAD:BalanceMarch312012 contextRef="From2007-04-02to2012-12-31_AdditionalPaidInCapitalMember" unitRef="USD" decimals="0">49650</TOAD:BalanceMarch312012>
    <TOAD:BalanceMarch312012 contextRef="From2007-04-02to2012-12-31_RetainedEarningsMember" unitRef="USD" decimals="0">-157515</TOAD:BalanceMarch312012>
    <TOAD:BalanceMarch312012 contextRef="From2007-04-02to2012-12-31_AccumulatedOtherComprehensiveIncomeMember" unitRef="USD" decimals="0">-60765</TOAD:BalanceMarch312012>
    <TOAD:ContributedCapitalNote6 contextRef="From2007-04-02to2012-12-31_CommonStockMember" unitRef="USD" xsi:nil="true" />
    <TOAD:ContributedCapitalNote6 contextRef="From2007-04-02to2012-12-31_TreasuryStockMember" unitRef="USD" xsi:nil="true" />
    <TOAD:ContributedCapitalNote6 contextRef="From2007-04-02to2012-12-31_AdditionalPaidInCapitalMember" unitRef="USD" decimals="0">25000</TOAD:ContributedCapitalNote6>
    <TOAD:ContributedCapitalNote6 contextRef="From2007-04-02to2012-12-31_RetainedEarningsMember" unitRef="USD" xsi:nil="true" />
    <TOAD:ContributedCapitalNote6 contextRef="From2007-04-02to2012-12-31_AccumulatedOtherComprehensiveIncomeMember" unitRef="USD" decimals="0">25000</TOAD:ContributedCapitalNote6>
    <TOAD:CommonStockIssuedForAccountsPayableRelatedPartyAt0.0025PerShareOnJune12009 contextRef="From2007-04-02to2012-12-31_CommonStockMember" unitRef="Shares" decimals="INF">4285000</TOAD:CommonStockIssuedForAccountsPayableRelatedPartyAt0.0025PerShareOnJune12009>
    <TOAD:CommonStockIssuedForAccountsPayableRelatedPartyAt0.0025PerShareOnJune12009 contextRef="From2007-04-02to2012-12-31_TreasuryStockMember" unitRef="Shares" decimals="INF">4285</TOAD:CommonStockIssuedForAccountsPayableRelatedPartyAt0.0025PerShareOnJune12009>
    <TOAD:CommonStockIssuedForAccountsPayableRelatedPartyAt0.0025PerShareOnJune12009 contextRef="From2007-04-02to2012-12-31_AdditionalPaidInCapitalMember" unitRef="Shares" decimals="INF">6428</TOAD:CommonStockIssuedForAccountsPayableRelatedPartyAt0.0025PerShareOnJune12009>
    <TOAD:CommonStockIssuedForAccountsPayableRelatedPartyAt0.0025PerShareOnJune12009 contextRef="From2007-04-02to2012-12-31_RetainedEarningsMember" unitRef="Shares" xsi:nil="true" />
    <TOAD:CommonStockIssuedForAccountsPayableRelatedPartyAt0.0025PerShareOnJune12009 contextRef="From2007-04-02to2012-12-31_AccumulatedOtherComprehensiveIncomeMember" unitRef="Shares" decimals="INF">10713</TOAD:CommonStockIssuedForAccountsPayableRelatedPartyAt0.0025PerShareOnJune12009>
    <TOAD:DeficitFor9MonthPeriodEndedDec312012 contextRef="From2007-04-02to2012-12-31_CommonStockMember" unitRef="USD" xsi:nil="true" />
    <TOAD:DeficitFor9MonthPeriodEndedDec312012 contextRef="From2007-04-02to2012-12-31_TreasuryStockMember" unitRef="USD" xsi:nil="true" />
    <TOAD:DeficitFor9MonthPeriodEndedDec312012 contextRef="From2007-04-02to2012-12-31_AdditionalPaidInCapitalMember" unitRef="USD" xsi:nil="true" />
    <TOAD:DeficitFor9MonthPeriodEndedDec312012 contextRef="From2007-04-02to2012-12-31_RetainedEarningsMember" unitRef="USD" decimals="0">-10717</TOAD:DeficitFor9MonthPeriodEndedDec312012>
    <TOAD:DeficitFor9MonthPeriodEndedDec312012 contextRef="From2007-04-02to2012-12-31_AccumulatedOtherComprehensiveIncomeMember" unitRef="USD" decimals="0">-10717</TOAD:DeficitFor9MonthPeriodEndedDec312012>
    <us-gaap:SharesIssued contextRef="AsOf2012-12-31_CommonStockMember" unitRef="Shares" decimals="INF">47100060</us-gaap:SharesIssued>
    <us-gaap:SharesIssued contextRef="AsOf2012-12-31_TreasuryStockMember" unitRef="Shares" decimals="INF">47100</us-gaap:SharesIssued>
    <us-gaap:SharesIssued contextRef="AsOf2012-12-31_AdditionalPaidInCapitalMember" unitRef="Shares" decimals="INF">74650</us-gaap:SharesIssued>
    <us-gaap:SharesIssued contextRef="AsOf2012-12-31_RetainedEarningsMember" unitRef="Shares" decimals="INF">-168232</us-gaap:SharesIssued>
    <us-gaap:SharesIssued contextRef="AsOf2012-12-31_AccumulatedOtherComprehensiveIncomeMember" unitRef="Shares" decimals="INF">-46482</us-gaap:SharesIssued>
    <TOAD:SharesIssued1 contextRef="AsOf2007-04-01_CommonStockMember" unitRef="Shares" xsi:nil="true" />
    <TOAD:SharesIssued1 contextRef="AsOf2007-04-01_TreasuryStockMember" unitRef="Shares" xsi:nil="true" />
    <TOAD:SharesIssued1 contextRef="AsOf2007-04-01_AdditionalPaidInCapitalMember" unitRef="Shares" xsi:nil="true" />
    <TOAD:SharesIssued1 contextRef="AsOf2007-04-01_RetainedEarningsMember" unitRef="Shares" xsi:nil="true" />
    <TOAD:SharesIssued1 contextRef="AsOf2007-04-01_AccumulatedOtherComprehensiveIncomeMember" unitRef="Shares" xsi:nil="true" />
    <TOAD:BasisOfPresentationTextBlock contextRef="From2012-04-01to2012-12-31">&lt;p style="margin: 0pt"&gt;&lt;/p&gt;&#13;&#13;&lt;p style="font: 10pt Times New Roman, Times, Serif; margin: 0"&gt;&lt;b&gt;NOTE 1.&amp;#9;BASIS OF PRESENTATION&lt;/b&gt;&lt;/p&gt;&#13;&#13;&lt;p style="font: 10pt Times New Roman, Times, Serif; margin: 0; text-align: justify"&gt;&amp;#160;&lt;/p&gt;&#13;&#13;&lt;p style="font: 10pt Times New Roman, Times, Serif; margin: 0; text-align: justify"&gt;In August 2009 the Company initiated a number&#13;of corporate changes, including 1), a name change to TOA Distribution Systems Inc, (formerly known as Skyhigh Resources Inc, 2)&#13;approved a 10 for 1 roll forward of its issued and outstanding common stock, 3), increased it authorized par value $0.001 common&#13;shares to 250,000,000 shares (formerly 50,000,000), and 4), authorized 10,000,000 par value $0.001 preferred shares.&lt;/p&gt;&#13;&#13;&lt;p style="font: 11pt Times New Roman, Times, Serif; margin: 0"&gt;The Company also resolved to change its corporate focus, moving&#13;from mining and exploration into bottled drinking water distribution.&lt;/p&gt;&#13;&#13;&lt;p style="font: 10pt Times New Roman, Times, Serif; margin: 5pt 0; text-align: justify"&gt;On September 2, 2009 the Company entered&#13;into to a Sub-Distribution agreement with Taste of Aruba (US), Inc to distribute bottled water products produced in Aruba by Taste&#13;of Aruba-Premium Aruban Water. The territory in which the Company can distribute these products include the United States and all&#13;its territories and insular areas in the Caribbean and Pacific such as but not limited to Puerto Rico, U.S. Virgin Islands, Marshall&#13;Islands, and Guam, and all of Canada.&lt;/p&gt;&#13;&#13;&lt;p style="font: 10pt Times New Roman, Times, Serif; margin: 0; text-align: justify; text-indent: 0.5in"&gt;The water product is made&#13;from desalinated seawater, is filtered through coral calcium and will be further enhanced by the addition of electrolytes then&#13;bottled in Taste of Aruba&amp;#146;s proprietary biodegradable bottles. The products will be marketed to retail locations that currently&#13;handle bottled water such as &lt;font style="font-family: Arial, Helvetica, Sans-Serif"&gt;display cases in food beverage marketer at&#13;airports,&lt;/font&gt; &lt;font style="font-family: Arial, Helvetica, Sans-Serif"&gt;food chain store, and sublicensing to bulk dealers&lt;/font&gt;&#13;and will include the use of &lt;font style="font-family: Arial, Helvetica, Sans-Serif"&gt;vending machines located at high traffic locations.&#13;&lt;/font&gt;&lt;/p&gt;&#13;&#13;&lt;p style="font: 10pt Arial, Helvetica, Sans-Serif; margin: 0; text-align: justify"&gt;&amp;#160;&lt;/p&gt;&#13;&#13;&lt;p style="font: 10pt Times New Roman, Times, Serif; margin: 0; text-align: justify"&gt;The Company owned two (2) mineral properties,&#13;which were acquired by issuing stock to related parties and which had been fully impaired. These claims were deemed surplus, had&#13;been held for sale for about two years and were sold in May 2012.&lt;/p&gt;&#13;&#13;&lt;p style="font: 10pt Times New Roman, Times, Serif; margin: 0; text-align: justify"&gt;&amp;#160;&lt;/p&gt;&#13;&#13;&lt;p style="font: 10pt Times New Roman, Times, Serif; margin: 0; text-align: justify"&gt;It is management&amp;#146;s opinion that &lt;font style="color: black"&gt;all&#13;adjustments necessary for a fair statement of the results for this interim period have been made and all adjustments made are of&#13;a normal recurring nature.&lt;/font&gt;&lt;/p&gt;&#13;&#13;&#13;&#13;&lt;p style="margin: 0pt"&gt;&lt;/p&gt;</TOAD:BasisOfPresentationTextBlock>
    <TOAD:GoingConcernTextBlock contextRef="From2012-04-01to2012-12-31">&lt;p style="margin: 0pt"&gt;&lt;/p&gt;&#13;&#13;&lt;p style="font: 10pt Times New Roman, Times, Serif; margin: 0; text-align: justify"&gt;&lt;b&gt;NOTE 2.&amp;#9;GOING CONCERN&lt;/b&gt;&lt;/p&gt;&#13;&#13;&lt;p style="font: 10pt Times New Roman, Times, Serif; margin: 0; text-align: justify"&gt;&amp;#160;&lt;/p&gt;&#13;&#13;&lt;p style="font: 10pt Times New Roman, Times, Serif; margin: 0; text-align: justify"&gt;The accompanying financial statements have&#13;been prepared in conformity with generally accepted accounting principles (GAAP) in the United States of America, which contemplates&#13;continuation of the Company as a going concern. &amp;#160;However, the Company has no business operations to date, accumulated losses&#13;amounting to $168,232 and must secure additional financing to commence the Company&amp;#146;s plan of operations, which means there&#13;is substantial concern about the Company&amp;#146;s ability to continue as a going concern. &amp;#160;The Company intends to acquire additional&#13;operating capital through equity offerings to the public to fund its business plan or loans from shareholders and others. There&#13;is no assurance that the equity offerings will be successful or loans will be received to provide sufficient funds to commence&#13;operations or to assure the eventual profitability of the Company.&lt;/p&gt;&#13;&#13;&#13;&#13;&lt;p style="margin: 0pt"&gt;&lt;/p&gt;</TOAD:GoingConcernTextBlock>
    <TOAD:SubdistributionAgreementTextBlock contextRef="From2012-04-01to2012-12-31">&lt;p style="margin: 0pt"&gt;&lt;font style="font: 10pt Times New Roman, Times, Serif"&gt;&lt;b&gt;NOTE 3.&amp;#9;SUB-DISTRIBUTION AGREEMENT&lt;/b&gt;&lt;/font&gt;&lt;/p&gt;&#13;&#13;&lt;p style="margin: 0pt"&gt;&lt;/p&gt;&#13;&#13;&lt;p style="margin: 0pt"&gt;&lt;font style="font: 10pt Times New Roman, Times, Serif"&gt;&amp;#160;&lt;/font&gt;&lt;/p&gt;&#13;&#13;&lt;p style="margin: 0pt"&gt;&lt;/p&gt;&#13;&#13;&lt;p style="font: 10pt Times New Roman, Times, Serif; margin: 0; text-align: justify"&gt;&lt;font style="font: 10pt Times New Roman, Times, Serif"&gt;On&#13;September 2, 2009 the Company signed an Exclusive Sub-Distribution Agreement (&amp;#147;Agreement&amp;#148;) with Taste of Aruba (US)&#13;Inc, a State of Nevada Incorporated company, owner and master distributor of products from Taste of Aruba-Premium Aruban Water.&#13;Under the Agreement, the Company will distribute in the United States, its territories and insular areas in the Caribbean and&#13;Pacific and Canada, bottled water produced under license in Aruba by Water Energy Company-Aruba. To maintain the Agreement, the&#13;Company will be required to meet certain product sales volumes after Taste of Aruba commences production. The start of production&#13;by Taste of Aruba had been delayed due to it inability to complete funding arrangements which is now reported to be eminent although&#13;to date these funds have not been received. If Taste of Aruba receives funding as projected, the production facility is projected&#13;to be complete by August 31, 2013. Payment for the Agreement cost of $42,500, which was fully impaired on acquisition, was paid&#13;by the issuance of 17,000,000 post dividend shares of the Company&amp;#146;s common restricted stock issued in accordance with ASC&#13;505-50-30-6 at $0.025 per share.&lt;/font&gt;&lt;/p&gt;&#13;&#13;&lt;p style="font: 10pt Times New Roman, Times, Serif; margin: 0; text-align: justify"&gt;&lt;font style="font: 10pt Times New Roman, Times, Serif"&gt;&amp;#160;&lt;/font&gt;&lt;/p&gt;&#13;&#13;&lt;p style="font: 10pt Times New Roman, Times, Serif; margin: 0; text-align: justify"&gt;&lt;font style="font: 10pt Times New Roman, Times, Serif"&gt;T&lt;font style="color: black"&gt;he&#13;Company periodically reviews for impairment its long-lived assets whenever events or changes in circumstances indicate that the&#13;carrying amount of an asset may not be recoverable. Management has determined that its Distribution Agreement asset requires impairment.&#13;As no sale activities have occurred, no product is yet available for sale and funds to establish a sales and distribution operation&#13;have not been secured.&lt;/font&gt;&lt;/font&gt;&lt;/p&gt;&#13;&#13;&lt;p style="font: 10pt Times New Roman, Times, Serif; margin: 0; text-align: justify"&gt;&lt;font style="font: 10pt Times New Roman, Times, Serif"&gt;&amp;#160;&lt;/font&gt;&lt;/p&gt;&#13;&#13;&#13;&#13;&lt;p style="margin: 0pt"&gt;&lt;/p&gt;</TOAD:SubdistributionAgreementTextBlock>
    <TOAD:PaymentForAgreement contextRef="AsOf2013-08-31" unitRef="USD" decimals="0">42500</TOAD:PaymentForAgreement>
    <TOAD:AcquisitionPaidByIssuance contextRef="AsOf2013-08-31" unitRef="USD" decimals="0">17000000</TOAD:AcquisitionPaidByIssuance>
    <TOAD:PerShares contextRef="AsOf2013-08-31" unitRef="USDPShares" decimals="INF">0.025</TOAD:PerShares>
    <TOAD:LoansPayableRelatedPartiesTextBlock contextRef="From2012-04-01to2012-12-31">&lt;p style="margin: 0pt"&gt;&lt;/p&gt;&#13;&#13;&lt;p style="font: 10pt Times New Roman, Times, Serif; margin: 0; text-align: justify"&gt;&lt;b&gt;NOTE 4.&amp;#9;LOANS PAYABLE &amp;#150; RELATED&#13;PARTIES&lt;/b&gt;&lt;/p&gt;&#13;&#13;&lt;p style="font: 10pt Times New Roman, Times, Serif; margin: 0; text-align: justify"&gt;&lt;b&gt;&amp;#160;&lt;/b&gt;&lt;/p&gt;&#13;&#13;&lt;p style="font: 10pt Times New Roman, Times, Serif; margin: 0; text-align: justify"&gt;Loans payable to related parties resulted from&#13;funds provided by a director and from shareholders of the company as cash loans for payment of certain operating expenses and for&#13;services provided.&lt;/p&gt;&#13;&#13;&lt;p style="font: 10pt Times New Roman, Times, Serif; margin: 0; text-align: justify"&gt;&amp;#160;&lt;/p&gt;&#13;&#13;&lt;p style="font: 10pt Times New Roman, Times, Serif; margin: 0; text-align: justify"&gt;Loans payable to a former director totaled&#13;$4,852, made up of principal amounting to $3,660 and accrued interest of $1,192. Loans payable to Related Parties totaled $35,761&#13;made up of principal amounting to $31,565 and accrued interest amounting to $ 4,196. See Note 6 for additional information.&lt;/p&gt;&#13;&#13;&lt;p style="font: 10pt Times New Roman, Times, Serif; margin: 0; text-align: justify"&gt;&amp;#160;&lt;/p&gt;&#13;&#13;&lt;p style="font: 10pt Times New Roman, Times, Serif; margin: 0; text-align: justify"&gt;In aggregate, Loans Payable Related Parties&#13;to December 31, 2012 totaled $40,613 made up of $35,225 for principal and $5,388 for accrued interest.&lt;/p&gt;&#13;&#13;&lt;p style="font: 10pt Times New Roman, Times, Serif; margin: 0; text-align: justify"&gt;&amp;#160;&lt;/p&gt;&#13;&#13;&lt;p style="font: 10pt Times New Roman, Times, Serif; margin: 0; text-align: justify"&gt;During the quarter ended June 30, 2012, we&#13;sold our two mineral claims to the Related Party for $25,000. This amount was used to reduce Related Party Loans principal owing&#13;by $21,788 and reduce Related Party Accrued Interest payable by $3,212.&lt;/p&gt;&#13;&#13;&lt;p style="font: 10pt Times New Roman, Times, Serif; margin: 0; text-align: justify"&gt;&amp;#160;&lt;/p&gt;&#13;&#13;&lt;p style="font: 10pt Times New Roman, Times, Serif; margin: 0; text-align: justify"&gt;Up to September 30, 2009 the Related Party&#13;Loans were without defined interest or&lt;font style="color: black"&gt; payment terms&lt;/font&gt; and were payable on demand. In the quarter&#13;ended September 30, 2009 &lt;font style="color: black"&gt;Loan Agreements were entered into which clarified and &lt;/font&gt;confirmed the&lt;font style="color: black"&gt;&#13;terms and conditions. &lt;/font&gt;Commencing October 1, 2009, &lt;font style="color: black"&gt;the outstanding amount and subsequent amounts,&#13;were payable on demand,&amp;#160;interest accrued at the rates of 10% per annum and if earlier demand for payment was not made, the&#13;loans are payable November 30, 2012. On May 1, 2012 the interest rate was reduced to 5% per annum and the due date was extended&#13;to November 30, 2013&lt;/font&gt;&lt;/p&gt;&#13;&#13;&#13;&#13;&lt;p style="margin: 0pt"&gt;&lt;/p&gt;</TOAD:LoansPayableRelatedPartiesTextBlock>
    <TOAD:LoansPayable1 contextRef="AsOf2012-05-01" unitRef="USD" decimals="0">4852</TOAD:LoansPayable1>
    <TOAD:PrincipalAmount contextRef="AsOf2012-05-01" unitRef="USD" decimals="0">3660</TOAD:PrincipalAmount>
    <TOAD:AccruedInterest contextRef="AsOf2012-05-01" unitRef="USD" decimals="0">1192</TOAD:AccruedInterest>
    <TOAD:RelatedParties contextRef="AsOf2012-05-01" unitRef="USD" decimals="0">35761</TOAD:RelatedParties>
    <TOAD:PrincipalAmount1 contextRef="AsOf2012-05-01" unitRef="USD" decimals="0">31565</TOAD:PrincipalAmount1>
    <TOAD:AccruedInterest1 contextRef="AsOf2012-05-01" unitRef="USD" decimals="0">4196</TOAD:AccruedInterest1>
    <TOAD:LoansPayableRelatedParties contextRef="AsOf2012-12-31" unitRef="USD" decimals="0">40613</TOAD:LoansPayableRelatedParties>
    <TOAD:PrincipalAmount2 contextRef="AsOf2012-12-31" unitRef="USD" decimals="0">35225</TOAD:PrincipalAmount2>
    <TOAD:AccruedInterest3 contextRef="AsOf2012-12-31" unitRef="USD" decimals="0">5388</TOAD:AccruedInterest3>
    <TOAD:MineralClaimsToRelatedParty1 contextRef="From2012-04-01to2012-06-30" unitRef="USD" decimals="0">25000</TOAD:MineralClaimsToRelatedParty1>
    <TOAD:RelatedPartyLoansPrincipal1 contextRef="From2012-04-01to2012-06-30" unitRef="USD" decimals="0">21788</TOAD:RelatedPartyLoansPrincipal1>
    <TOAD:AccruedInterestPayable1 contextRef="From2012-04-01to2012-06-30" unitRef="USD" decimals="0">3212</TOAD:AccruedInterestPayable1>
    <TOAD:EquityTextBlock contextRef="From2012-04-01to2012-12-31">&lt;p style="margin: 0pt"&gt;&lt;/p&gt;&#13;&#13;&lt;p style="font: 10pt Times New Roman, Times, Serif; margin: 0"&gt;&lt;font style="font: 10pt Times New Roman, Times, Serif"&gt;&lt;b&gt;NOTE&#13;5.&amp;#9;EQUITY &lt;/b&gt;&lt;/font&gt;&lt;/p&gt;&#13;&#13;&lt;p style="font: 11pt Times New Roman, Times, Serif; margin: 0 0 0 0.25in; text-align: justify; text-indent: 0.25in"&gt;&lt;font style="font: 10pt Times New Roman, Times, Serif"&gt;&amp;#160;&lt;/font&gt;&lt;/p&gt;&#13;&#13;&lt;p style="font: 11pt Times New Roman, Times, Serif; margin: 0; text-align: justify; text-indent: 0.25in"&gt;&lt;font style="font: 10pt Times New Roman, Times, Serif"&gt;At&#13;a special shareholders meeting held August 13, 2009, the shareholders approved the change of the Company&amp;#146;s name to TOA Distribution&#13;Systems Inc, approved charges to the authorized capital which included creation of 10,000,000 shares of preferred stock at a par&#13;value of $0.01 per share and increased the authorized common stock to 250,000,000 with a par value of $0.001 per share. As well,&#13;the shareholders approved a 10 for 1 forward stock split of the outstanding shares. All share amounts shown in these financial&#13;statements have been adjusted retroactively to account for the forward stock split.&lt;/font&gt;&lt;/p&gt;&#13;&#13;&lt;p style="font: 11pt Times New Roman, Times, Serif; margin: 0; text-align: justify; text-indent: 0.25in"&gt;&lt;font style="font: 10pt Times New Roman, Times, Serif"&gt;&amp;#160;&lt;/font&gt;&lt;/p&gt;&#13;&#13;&lt;p style="font: 11pt Times New Roman, Times, Serif; margin: 0; text-align: justify; text-indent: 0.25in"&gt;&lt;font style="font: 10pt Times New Roman, Times, Serif"&gt;During&#13;this current period, we sold our two mineral claims for $25,000. As the sale was made to a related party, the sale amount was&#13;recorded to Additional Paid In Capital and not treated as a gain.&lt;/font&gt;&lt;/p&gt;&#13;&#13;&lt;p style="font: 11pt Times New Roman, Times, Serif; margin: 0; text-align: justify; text-indent: 0.25in"&gt;&lt;font style="font: 10pt Times New Roman, Times, Serif"&gt;&amp;#160;&lt;/font&gt;&lt;/p&gt;&#13;&#13;&lt;p style="font: 11pt Times New Roman, Times, Serif; margin: 0; text-align: justify; text-indent: 0.25in"&gt;&lt;font style="font: 10pt Times New Roman, Times, Serif"&gt;At&#13;December 31, 2012 we had zero preferred stock issued and outstanding and had 47,100,060 common shares issued and outstanding,&#13;which were issued on the dates and for the purposes listed below.&lt;/font&gt;&lt;/p&gt;&#13;&#13;&lt;p style="font: 11pt Times New Roman, Times, Serif; margin: 0; text-align: justify; text-indent: 0.25in"&gt;&lt;font style="font: 10pt Times New Roman, Times, Serif"&gt;&amp;#160;&lt;/font&gt;&lt;/p&gt;&#13;&#13;&lt;p style="font: 11pt Times New Roman, Times, Serif; margin: 0; text-align: justify; text-indent: 0.25in"&gt;&lt;font style="font: 10pt Times New Roman, Times, Serif"&gt;-&#13;15,000,000 common shares issued to a director for cash at $0.0001 on December 13, 2007&lt;/font&gt;&lt;/p&gt;&#13;&#13;&lt;p style="font: 11pt Times New Roman, Times, Serif; margin: 0; text-align: justify; text-indent: 0.25in"&gt;&lt;font style="font: 10pt Times New Roman, Times, Serif"&gt;-&#13;600,000 common shares issued for services at $0.0025 on December 13, 2007&lt;/font&gt;&lt;/p&gt;&#13;&#13;&lt;p style="font: 11pt Times New Roman, Times, Serif; margin: 0; text-align: justify; text-indent: 0.25in"&gt;&lt;font style="font: 10pt Times New Roman, Times, Serif"&gt;-&#13;2,000,000 common shares issued for a mining property at $0.01 on January10, 2007&lt;/font&gt;&lt;/p&gt;&#13;&#13;&lt;p style="font: 11pt Times New Roman, Times, Serif; margin: 0; text-align: justify; text-indent: 0.25in"&gt;&lt;font style="font: 10pt Times New Roman, Times, Serif"&gt;-&#13;2,400,000 common shares issued for cash on May 11, 2009&lt;/font&gt;&lt;/p&gt;&#13;&#13;&lt;p style="font: 11pt Times New Roman, Times, Serif; margin: 0; text-align: justify; text-indent: 0.25in"&gt;&lt;font style="font: 10pt Times New Roman, Times, Serif"&gt;-&#13;4,285,000 common shares issued for accounts payable on June 1, 2009&lt;/font&gt;&lt;/p&gt;&#13;&#13;&lt;p style="font: 11pt Times New Roman, Times, Serif; margin: 0; text-align: justify; text-indent: 0.25in"&gt;&lt;font style="font: 10pt Times New Roman, Times, Serif"&gt;-&#13;3,315,000 common shares issued to a related party for loan payable on June 13, 2009&lt;/font&gt;&lt;/p&gt;&#13;&#13;&lt;p style="font: 11pt Times New Roman, Times, Serif; margin: 0; text-align: justify; text-indent: 0.25in"&gt;&lt;font style="font: 10pt Times New Roman, Times, Serif"&gt;-&#13;2,500,060 common shares issued for a mining property on June 15, 2009&lt;/font&gt;&lt;/p&gt;&#13;&#13;&lt;p style="font: 11pt Times New Roman, Times, Serif; margin: 0; text-align: justify; text-indent: 0.25in"&gt;&lt;font style="font: 10pt Times New Roman, Times, Serif"&gt;-&#13;17,000,000 common shares issued for a sub-distribution agreement on Sept 2, 2009&lt;/font&gt;&lt;/p&gt;&#13;&#13;&#13;&#13;&lt;p style="margin: 0pt"&gt;&lt;/p&gt;</TOAD:EquityTextBlock>
    <TOAD:PreferredStockShares contextRef="AsOf2009-08-13" unitRef="Shares" decimals="INF">10000000</TOAD:PreferredStockShares>
    <TOAD:ParValue contextRef="AsOf2009-08-13" unitRef="USDPShares" decimals="INF">0.01</TOAD:ParValue>
    <TOAD:CommonStockShares contextRef="AsOf2009-08-13" unitRef="Shares" decimals="INF">250000000</TOAD:CommonStockShares>
    <TOAD:ParValue1 contextRef="AsOf2009-08-13" unitRef="Shares" decimals="INF">0.001</TOAD:ParValue1>
    <TOAD:AdditionalPaidInCapital1 contextRef="AsOf2012-12-31" unitRef="USD" decimals="0">25000</TOAD:AdditionalPaidInCapital1>
    <TOAD:CommonSharesIssuedAndOutstanding contextRef="AsOf2012-12-31" unitRef="Shares" decimals="INF">47100060</TOAD:CommonSharesIssuedAndOutstanding>
    <TOAD:CommonSharesIssuedToDirector contextRef="AsOf2007-12-13" unitRef="Shares" decimals="INF">15000000</TOAD:CommonSharesIssuedToDirector>
    <TOAD:ParValue3 contextRef="AsOf2007-12-13" unitRef="USDPShares" decimals="INF">0.0001</TOAD:ParValue3>
    <TOAD:CommonSharesIssuedForServices contextRef="AsOf2007-12-13" unitRef="Shares" decimals="INF">600000</TOAD:CommonSharesIssuedForServices>
    <TOAD:ParValue4 contextRef="AsOf2007-12-13" unitRef="Shares" decimals="INF">0.0025</TOAD:ParValue4>
    <TOAD:CommonSharesIssuedForMiningProperty contextRef="AsOf2007-01-10" unitRef="Shares" decimals="INF">2000000</TOAD:CommonSharesIssuedForMiningProperty>
    <TOAD:CommonSharesIssuedForMiningProperty contextRef="AsOf2009-06-15" unitRef="Shares" decimals="INF">2500060</TOAD:CommonSharesIssuedForMiningProperty>
    <TOAD:ParValue5 contextRef="AsOf2007-01-10" unitRef="USDPShares" decimals="INF">0.01</TOAD:ParValue5>
    <TOAD:CommonSharesIssuedForCash contextRef="AsOf2009-05-11" unitRef="Shares" decimals="INF">2400000</TOAD:CommonSharesIssuedForCash>
    <TOAD:CommonSharesIssuedForAccountsPayable contextRef="AsOf2009-06-01" unitRef="Shares" decimals="INF">4285000</TOAD:CommonSharesIssuedForAccountsPayable>
    <TOAD:CommonSharesIssuedToRelatedPartyForLoanPayable contextRef="AsOf2009-06-13" unitRef="Shares" decimals="INF">3315000</TOAD:CommonSharesIssuedToRelatedPartyForLoanPayable>
    <TOAD:CommonSharesIssuedForSubdistributionAgreement contextRef="AsOf2009-09-02" unitRef="Shares" decimals="INF">17000000</TOAD:CommonSharesIssuedForSubdistributionAgreement>
    <TOAD:ContributedSurplusTextBlock contextRef="From2012-04-01to2012-12-31">&lt;p style="margin: 0pt"&gt;&lt;/p&gt;&#13;&#13;&lt;p style="font: 10pt Times New Roman, Times, Serif; margin: 0; text-align: justify"&gt;&lt;font style="font: 10pt Times New Roman, Times, Serif"&gt;&lt;b&gt;NOTE&#13;6.&amp;#9;CONTRIBUTED SURPLUS&lt;/b&gt;&lt;/font&gt;&lt;/p&gt;&#13;&#13;&lt;p style="font: 10pt Times New Roman, Times, Serif; margin: 0; text-align: justify"&gt;&lt;font style="font: 10pt Times New Roman, Times, Serif"&gt;&amp;#160;&lt;/font&gt;&lt;/p&gt;&#13;&#13;&lt;p style="font: bold 11pt Times New Roman, Times, Serif; margin: 0; text-align: justify"&gt;&lt;font style="font: normal 10pt Times New Roman, Times, Serif"&gt;The&#13;Company owned two (2) mineral claims that had been deemed surplus and fully impaired. On to May 1, 2012 these claims were sold&#13;to a related party to whom the Company had loans payable. The terms of the sale was a reduction of the loans payable and proportionate&#13;accrued interest in aggregate amounting to Twenty-Five Thousand Dollar, ($25,000.00), an extension on the due date of the loan&#13;to November 13, 2013, a reduction of the rate of interest payable to 5% and the issuance by the purchaser of shares in two private&#13;companies. These shares were valued at $0 therefore there was no impact on the financial statements. These shares were distributed&#13;equally to each of the shareholders of the Company&lt;/font&gt;.&lt;/p&gt;&#13;&#13;&#13;&#13;&lt;p style="margin: 0pt"&gt;&lt;/p&gt;</TOAD:ContributedSurplusTextBlock>
    <TOAD:AccruedInterest4 contextRef="AsOf2012-05-01" unitRef="USD" decimals="0">-25000</TOAD:AccruedInterest4>
    <TOAD:InterestPayable4 contextRef="AsOf2012-05-01">5%</TOAD:InterestPayable4>
    <us-gaap:SubsequentEventsTextBlock contextRef="From2012-04-01to2012-12-31">&lt;p style="margin: 0pt"&gt;&lt;/p&gt;&#13;&#13;&lt;p style="font: 10pt Times New Roman, Times, Serif; margin: 0; text-align: justify"&gt;&lt;font style="font: 10pt Times New Roman, Times, Serif"&gt;&lt;b&gt;NOTE&#13;7.&amp;#9;SUBSEQUENT EVENTS&lt;/b&gt;&lt;/font&gt;&lt;/p&gt;&#13;&#13;&lt;p style="font: 10pt Times New Roman, Times, Serif; margin: 0; text-align: justify"&gt;&lt;font style="font: 10pt Times New Roman, Times, Serif"&gt;&lt;b&gt;&amp;#160;&lt;/b&gt;&lt;/font&gt;&lt;/p&gt;&#13;&#13;&lt;p style="font: 12pt Times New Roman, Times, Serif; margin: 0; text-align: justify"&gt;&lt;font style="font: 10pt Times New Roman, Times, Serif"&gt;The&#13;Company has evaluated subsequent events through the date that the financial statements were issued. There were no significant&#13;subsequent events that need to be disclosed.&lt;/font&gt;&lt;/p&gt;&#13;&#13;&#13;&#13;&lt;p style="margin: 0pt"&gt;&lt;/p&gt;</us-gaap:SubsequentEventsTextBlock>
</xbrli:xbrl>
