<?xml version="1.0" encoding="US-ASCII" standalone="no"?>
    <!-- Field: Doc-Info; Name: Generator; Value: GoFiler Complete; Version: 3.4a -->
    <!-- Field: Doc-Info; Name: VendorURI; Value: http://www.novaworks.co -->
    <!-- Field: Doc-Info; Name: Source; Value: toa_distributionsystems.xfr; Date: 2013/01/29T11:57:15 -->
    <!-- Field: Doc-Info; Name: Status; Value: 0x00000000 -->
<link:linkbase xmlns:xsi="http://www.w3.org/2001/XMLSchema-instance" xmlns:xlink="http://www.w3.org/1999/xlink" xmlns:link="http://www.xbrl.org/2003/linkbase" xmlns:xbrldt="http://xbrl.org/2005/xbrldt" xmlns:xbrli="http://www.xbrl.org/2003/instance" xsi:schemaLocation="http://www.xbrl.org/2003/linkbase http://www.xbrl.org/2003/xbrl-linkbase-2003-12-31.xsd">
    <link:roleRef roleURI="http://toadistributionsystemsinc.com/role/DocumentAndEntityInformation" xlink:href="toad-20121231.xsd#DocumentAndEntityInformation" xlink:type="simple" />
    <link:roleRef roleURI="http://toadistributionsystemsinc.com/role/BalanceSheets" xlink:href="toad-20121231.xsd#BalanceSheets" xlink:type="simple" />
    <link:roleRef roleURI="http://toadistributionsystemsinc.com/role/BalanceSheetsParenthetical" xlink:href="toad-20121231.xsd#BalanceSheetsParenthetical" xlink:type="simple" />
    <link:roleRef roleURI="http://toadistributionsystemsinc.com/role/StatementsOfOperations" xlink:href="toad-20121231.xsd#StatementsOfOperations" xlink:type="simple" />
    <link:roleRef roleURI="http://toadistributionsystemsinc.com/role/StatementsOfCashFlows" xlink:href="toad-20121231.xsd#StatementsOfCashFlows" xlink:type="simple" />
    <link:roleRef roleURI="http://toadistributionsystemsinc.com/role/ShareholdersEquity" xlink:href="toad-20121231.xsd#ShareholdersEquity" xlink:type="simple" />
    <link:roleRef roleURI="http://toadistributionsystemsinc.com/role/BasisOfPresentation" xlink:href="toad-20121231.xsd#BasisOfPresentation" xlink:type="simple" />
    <link:roleRef roleURI="http://toadistributionsystemsinc.com/role/GoingConcern" xlink:href="toad-20121231.xsd#GoingConcern" xlink:type="simple" />
    <link:roleRef roleURI="http://toadistributionsystemsinc.com/role/Sub-DistributionAgreement" xlink:href="toad-20121231.xsd#Sub-DistributionAgreement" xlink:type="simple" />
    <link:roleRef roleURI="http://toadistributionsystemsinc.com/role/LoansPayableRelatedParties" xlink:href="toad-20121231.xsd#LoansPayableRelatedParties" xlink:type="simple" />
    <link:roleRef roleURI="http://toadistributionsystemsinc.com/role/Equity" xlink:href="toad-20121231.xsd#Equity" xlink:type="simple" />
    <link:roleRef roleURI="http://toadistributionsystemsinc.com/role/ContributedSurplus" xlink:href="toad-20121231.xsd#ContributedSurplus" xlink:type="simple" />
    <link:roleRef roleURI="http://toadistributionsystemsinc.com/role/SubsequentEvents" xlink:href="toad-20121231.xsd#SubsequentEvents" xlink:type="simple" />
    <link:roleRef roleURI="http://toadistributionsystemsinc.com/role/Sub-DistributionAgreementDetailsNarrative" xlink:href="toad-20121231.xsd#Sub-DistributionAgreementDetailsNarrative" xlink:type="simple" />
    <link:roleRef roleURI="http://toadistributionsystemsinc.com/role/LoansPayableRelatedPartiesDetailsNarrative" xlink:href="toad-20121231.xsd#LoansPayableRelatedPartiesDetailsNarrative" xlink:type="simple" />
    <link:roleRef roleURI="http://toadistributionsystemsinc.com/role/EquityDetailsNarrative" xlink:href="toad-20121231.xsd#EquityDetailsNarrative" xlink:type="simple" />
    <link:roleRef roleURI="http://toadistributionsystemsinc.com/role/ContributedSurplusDetailsNarrative" xlink:href="toad-20121231.xsd#ContributedSurplusDetailsNarrative" xlink:type="simple" />
    <link:arcroleRef xlink:type="simple" xlink:href="http://www.xbrl.org/2005/xbrldt-2005.xsd#hypercube-dimension" arcroleURI="http://xbrl.org/int/dim/arcrole/hypercube-dimension" />
    <link:arcroleRef xlink:type="simple" xlink:href="http://www.xbrl.org/2005/xbrldt-2005.xsd#dimension-domain" arcroleURI="http://xbrl.org/int/dim/arcrole/dimension-domain" />
    <link:arcroleRef xlink:type="simple" xlink:href="http://www.xbrl.org/2005/xbrldt-2005.xsd#domain-member" arcroleURI="http://xbrl.org/int/dim/arcrole/domain-member" />
    <link:arcroleRef xlink:type="simple" xlink:href="http://www.xbrl.org/2005/xbrldt-2005.xsd#all" arcroleURI="http://xbrl.org/int/dim/arcrole/all" />
    <link:arcroleRef xlink:type="simple" xlink:href="http://www.xbrl.org/2005/xbrldt-2005.xsd#notAll" arcroleURI="http://xbrl.org/int/dim/arcrole/notAll" />
    <link:arcroleRef xlink:type="simple" xlink:href="http://www.xbrl.org/2005/xbrldt-2005.xsd#dimension-default" arcroleURI="http://xbrl.org/int/dim/arcrole/dimension-default" />
    <link:definitionLink xlink:type="extended" xlink:role="http://toadistributionsystemsinc.com/role/DocumentAndEntityInformation" xlink:title="0001 - Document - Document and Entity Information" />
    <link:definitionLink xlink:type="extended" xlink:role="http://toadistributionsystemsinc.com/role/BalanceSheets" xlink:title="0002 - Statement - Balance Sheets" />
    <link:definitionLink xlink:type="extended" xlink:role="http://toadistributionsystemsinc.com/role/BalanceSheetsParenthetical" xlink:title="0003 - Statement - Balance Sheets (Parenthetical)" />
    <link:definitionLink xlink:type="extended" xlink:role="http://toadistributionsystemsinc.com/role/StatementsOfOperations" xlink:title="0004 - Statement - Statements of Operations" />
    <link:definitionLink xlink:type="extended" xlink:role="http://toadistributionsystemsinc.com/role/StatementsOfCashFlows" xlink:title="0005 - Statement - Statements of Cash Flows" />
    <link:definitionLink xlink:type="extended" xlink:role="http://toadistributionsystemsinc.com/role/ShareholdersEquity" xlink:title="0006 - Statement - Shareholders Equity">
      <link:loc xlink:type="locator" xlink:href="http://xbrl.fasb.org/us-gaap/2012/elts/us-gaap-2012-01-31.xsd#us-gaap_StatementLineItems" xlink:label="loc_TOADStatementLineItems" />
      <link:loc xlink:type="locator" xlink:href="http://xbrl.fasb.org/us-gaap/2012/elts/us-gaap-2012-01-31.xsd#us-gaap_StatementTable" xlink:label="loc_TOADStatementTable" />
      <link:definitionArc xlink:arcrole="http://xbrl.org/int/dim/arcrole/all" xbrldt:contextElement="segment" xlink:from="loc_TOADStatementLineItems" xlink:to="loc_TOADStatementTable" xlink:type="arc" order="10" xbrldt:closed="true" />
      <link:loc xlink:type="locator" xlink:href="http://xbrl.fasb.org/us-gaap/2012/elts/us-gaap-2012-01-31.xsd#us-gaap_StatementEquityComponentsAxis" xlink:label="loc_TOADStatementEquityComponentsAxis" />
      <link:definitionArc xlink:arcrole="http://xbrl.org/int/dim/arcrole/hypercube-dimension" xlink:from="loc_TOADStatementTable" xlink:to="loc_TOADStatementEquityComponentsAxis" xlink:type="arc" order="20" />
      <link:loc xlink:type="locator" xlink:href="http://xbrl.fasb.org/us-gaap/2012/elts/us-gaap-2012-01-31.xsd#us-gaap_EquityComponentDomain" xlink:label="loc_TOADEquityComponentDomain" />
      <link:definitionArc xlink:arcrole="http://xbrl.org/int/dim/arcrole/dimension-domain" xlink:from="loc_TOADStatementEquityComponentsAxis" xlink:to="loc_TOADEquityComponentDomain" xlink:type="arc" order="20" />
      <link:loc xlink:type="locator" xlink:href="http://xbrl.fasb.org/us-gaap/2012/elts/us-gaap-2012-01-31.xsd#us-gaap_EquityComponentDomain" xlink:label="loc_TOADEquityComponentDomain_10" />
      <link:definitionArc xlink:arcrole="http://xbrl.org/int/dim/arcrole/dimension-default" xbrldt:contextElement="segment" xlink:from="loc_TOADStatementEquityComponentsAxis" xlink:to="loc_TOADEquityComponentDomain_10" xlink:type="arc" order="30" />
      <link:loc xlink:type="locator" xlink:href="http://xbrl.fasb.org/us-gaap/2012/elts/us-gaap-2012-01-31.xsd#us-gaap_CommonStockMember" xlink:label="loc_TOADCommonStockMember_0" />
      <link:definitionArc xlink:arcrole="http://xbrl.org/int/dim/arcrole/domain-member" xlink:from="loc_TOADEquityComponentDomain" xlink:to="loc_TOADCommonStockMember_0" xlink:type="arc" order="1" />
      <link:loc xlink:type="locator" xlink:href="http://xbrl.fasb.org/us-gaap/2012/elts/us-gaap-2012-01-31.xsd#us-gaap_TreasuryStockMember" xlink:label="loc_TOADTreasuryStockMember_10" />
      <link:definitionArc xlink:arcrole="http://xbrl.org/int/dim/arcrole/domain-member" xlink:from="loc_TOADEquityComponentDomain" xlink:to="loc_TOADTreasuryStockMember_10" xlink:type="arc" order="11" />
      <link:loc xlink:type="locator" xlink:href="http://xbrl.fasb.org/us-gaap/2012/elts/us-gaap-2012-01-31.xsd#us-gaap_AdditionalPaidInCapitalMember" xlink:label="loc_TOADAdditionalPaidInCapitalMember_20" />
      <link:definitionArc xlink:arcrole="http://xbrl.org/int/dim/arcrole/domain-member" xlink:from="loc_TOADEquityComponentDomain" xlink:to="loc_TOADAdditionalPaidInCapitalMember_20" xlink:type="arc" order="21" />
      <link:loc xlink:type="locator" xlink:href="http://xbrl.fasb.org/us-gaap/2012/elts/us-gaap-2012-01-31.xsd#us-gaap_RetainedEarningsMember" xlink:label="loc_TOADRetainedEarningsMember_30" />
      <link:definitionArc xlink:arcrole="http://xbrl.org/int/dim/arcrole/domain-member" xlink:from="loc_TOADEquityComponentDomain" xlink:to="loc_TOADRetainedEarningsMember_30" xlink:type="arc" order="31" />
      <link:loc xlink:type="locator" xlink:href="http://xbrl.fasb.org/us-gaap/2012/elts/us-gaap-2012-01-31.xsd#us-gaap_AccumulatedOtherComprehensiveIncomeMember" xlink:label="loc_TOADAccumulatedOtherComprehensiveIncomeMember_40" />
      <link:definitionArc xlink:arcrole="http://xbrl.org/int/dim/arcrole/domain-member" xlink:from="loc_TOADEquityComponentDomain" xlink:to="loc_TOADAccumulatedOtherComprehensiveIncomeMember_40" xlink:type="arc" order="41" />
      <link:loc xlink:type="locator" xlink:href="toad-20121231.xsd#TOAD_SharesIssued1" xlink:label="loc_TOADSharesIssued1_60" />
      <link:definitionArc xlink:arcrole="http://xbrl.org/int/dim/arcrole/domain-member" xlink:from="loc_TOADStatementLineItems" xlink:to="loc_TOADSharesIssued1_60" xlink:type="arc" order="3" />
      <link:loc xlink:type="locator" xlink:href="toad-20121231.xsd#TOAD_CommonStockIssuedForCash" xlink:label="loc_TOADCommonStockIssuedForCash_60" />
      <link:definitionArc xlink:arcrole="http://xbrl.org/int/dim/arcrole/domain-member" xlink:from="loc_TOADStatementLineItems" xlink:to="loc_TOADCommonStockIssuedForCash_60" xlink:type="arc" order="4" />
      <link:loc xlink:type="locator" xlink:href="toad-20121231.xsd#TOAD_CommonStockIssuedForDebt" xlink:label="loc_TOADCommonStockIssuedForDebt_60" />
      <link:definitionArc xlink:arcrole="http://xbrl.org/int/dim/arcrole/domain-member" xlink:from="loc_TOADStatementLineItems" xlink:to="loc_TOADCommonStockIssuedForDebt_60" xlink:type="arc" order="5" />
      <link:loc xlink:type="locator" xlink:href="toad-20121231.xsd#TOAD_CommonStockIssuedForMiningProperty" xlink:label="loc_TOADCommonStockIssuedForMiningProperty_60" />
      <link:definitionArc xlink:arcrole="http://xbrl.org/int/dim/arcrole/domain-member" xlink:from="loc_TOADStatementLineItems" xlink:to="loc_TOADCommonStockIssuedForMiningProperty_60" xlink:type="arc" order="6" />
      <link:loc xlink:type="locator" xlink:href="toad-20121231.xsd#TOAD_DeficitForPeriodFromInception" xlink:label="loc_TOADDeficitForPeriodFromInception_60" />
      <link:definitionArc xlink:arcrole="http://xbrl.org/int/dim/arcrole/domain-member" xlink:from="loc_TOADStatementLineItems" xlink:to="loc_TOADDeficitForPeriodFromInception_60" xlink:type="arc" order="7" />
      <link:loc xlink:type="locator" xlink:href="toad-20121231.xsd#TOAD_BalanceMarch312008" xlink:label="loc_TOADBalanceMarch312008_60" />
      <link:definitionArc xlink:arcrole="http://xbrl.org/int/dim/arcrole/domain-member" xlink:from="loc_TOADStatementLineItems" xlink:to="loc_TOADBalanceMarch312008_60" xlink:type="arc" order="8" />
      <link:loc xlink:type="locator" xlink:href="toad-20121231.xsd#TOAD_DeficitFor3MonthsEndedMarch312009" xlink:label="loc_TOADDeficitFor3MonthsEndedMarch312009_60" />
      <link:definitionArc xlink:arcrole="http://xbrl.org/int/dim/arcrole/domain-member" xlink:from="loc_TOADStatementLineItems" xlink:to="loc_TOADDeficitFor3MonthsEndedMarch312009_60" xlink:type="arc" order="9" />
      <link:loc xlink:type="locator" xlink:href="toad-20121231.xsd#TOAD_BalanceMarch312009" xlink:label="loc_TOADBalanceMarch312009_60" />
      <link:definitionArc xlink:arcrole="http://xbrl.org/int/dim/arcrole/domain-member" xlink:from="loc_TOADStatementLineItems" xlink:to="loc_TOADBalanceMarch312009_60" xlink:type="arc" order="10" />
      <link:loc xlink:type="locator" xlink:href="toad-20121231.xsd#TOAD_CommonStockIssuedForCash1" xlink:label="loc_TOADCommonStockIssuedForCash1_60" />
      <link:definitionArc xlink:arcrole="http://xbrl.org/int/dim/arcrole/domain-member" xlink:from="loc_TOADStatementLineItems" xlink:to="loc_TOADCommonStockIssuedForCash1_60" xlink:type="arc" order="11" />
      <link:loc xlink:type="locator" xlink:href="toad-20121231.xsd#TOAD_CommonStockIssuedForAccountsPayableRelatedPartyAt0.0025PerShareOnJune12009" xlink:label="loc_TOADCommonStockIssuedForAccountsPayableRelatedPartyAt0.0025PerShareOnJune12009_60" />
      <link:definitionArc xlink:arcrole="http://xbrl.org/int/dim/arcrole/domain-member" xlink:from="loc_TOADStatementLineItems" xlink:to="loc_TOADCommonStockIssuedForAccountsPayableRelatedPartyAt0.0025PerShareOnJune12009_60" xlink:type="arc" order="12" />
      <link:loc xlink:type="locator" xlink:href="toad-20121231.xsd#TOAD_CommonStockIssuedForLoansPayable" xlink:label="loc_TOADCommonStockIssuedForLoansPayable_60" />
      <link:definitionArc xlink:arcrole="http://xbrl.org/int/dim/arcrole/domain-member" xlink:from="loc_TOADStatementLineItems" xlink:to="loc_TOADCommonStockIssuedForLoansPayable_60" xlink:type="arc" order="13" />
      <link:loc xlink:type="locator" xlink:href="toad-20121231.xsd#TOAD_CommonStockIssuedForMiningProperty1" xlink:label="loc_TOADCommonStockIssuedForMiningProperty1_60" />
      <link:definitionArc xlink:arcrole="http://xbrl.org/int/dim/arcrole/domain-member" xlink:from="loc_TOADStatementLineItems" xlink:to="loc_TOADCommonStockIssuedForMiningProperty1_60" xlink:type="arc" order="14" />
      <link:loc xlink:type="locator" xlink:href="toad-20121231.xsd#TOAD_CommonStockIssuedForDistributionAgreement" xlink:label="loc_TOADCommonStockIssuedForDistributionAgreement_60" />
      <link:definitionArc xlink:arcrole="http://xbrl.org/int/dim/arcrole/domain-member" xlink:from="loc_TOADStatementLineItems" xlink:to="loc_TOADCommonStockIssuedForDistributionAgreement_60" xlink:type="arc" order="15" />
      <link:loc xlink:type="locator" xlink:href="toad-20121231.xsd#TOAD_DeficitForYearEndedMarch312010" xlink:label="loc_TOADDeficitForYearEndedMarch312010_60" />
      <link:definitionArc xlink:arcrole="http://xbrl.org/int/dim/arcrole/domain-member" xlink:from="loc_TOADStatementLineItems" xlink:to="loc_TOADDeficitForYearEndedMarch312010_60" xlink:type="arc" order="16" />
      <link:loc xlink:type="locator" xlink:href="toad-20121231.xsd#TOAD_BalanceMarch312010" xlink:label="loc_TOADBalanceMarch312010_60" />
      <link:definitionArc xlink:arcrole="http://xbrl.org/int/dim/arcrole/domain-member" xlink:from="loc_TOADStatementLineItems" xlink:to="loc_TOADBalanceMarch312010_60" xlink:type="arc" order="17" />
      <link:loc xlink:type="locator" xlink:href="toad-20121231.xsd#TOAD_DeficitForYearEndedMarch312011" xlink:label="loc_TOADDeficitForYearEndedMarch312011_60" />
      <link:definitionArc xlink:arcrole="http://xbrl.org/int/dim/arcrole/domain-member" xlink:from="loc_TOADStatementLineItems" xlink:to="loc_TOADDeficitForYearEndedMarch312011_60" xlink:type="arc" order="18" />
      <link:loc xlink:type="locator" xlink:href="toad-20121231.xsd#TOAD_BalanceMarch312011" xlink:label="loc_TOADBalanceMarch312011_60" />
      <link:definitionArc xlink:arcrole="http://xbrl.org/int/dim/arcrole/domain-member" xlink:from="loc_TOADStatementLineItems" xlink:to="loc_TOADBalanceMarch312011_60" xlink:type="arc" order="19" />
      <link:loc xlink:type="locator" xlink:href="toad-20121231.xsd#TOAD_DeficitFor12MonthPeriodEndedMarch312012" xlink:label="loc_TOADDeficitFor12MonthPeriodEndedMarch312012_60" />
      <link:definitionArc xlink:arcrole="http://xbrl.org/int/dim/arcrole/domain-member" xlink:from="loc_TOADStatementLineItems" xlink:to="loc_TOADDeficitFor12MonthPeriodEndedMarch312012_60" xlink:type="arc" order="20" />
      <link:loc xlink:type="locator" xlink:href="toad-20121231.xsd#TOAD_BalanceMarch312012" xlink:label="loc_TOADBalanceMarch312012_60" />
      <link:definitionArc xlink:arcrole="http://xbrl.org/int/dim/arcrole/domain-member" xlink:from="loc_TOADStatementLineItems" xlink:to="loc_TOADBalanceMarch312012_60" xlink:type="arc" order="21" />
      <link:loc xlink:type="locator" xlink:href="toad-20121231.xsd#TOAD_ContributedCapitalNote6" xlink:label="loc_TOADContributedCapitalNote6_60" />
      <link:definitionArc xlink:arcrole="http://xbrl.org/int/dim/arcrole/domain-member" xlink:from="loc_TOADStatementLineItems" xlink:to="loc_TOADContributedCapitalNote6_60" xlink:type="arc" order="22" />
      <link:loc xlink:type="locator" xlink:href="toad-20121231.xsd#TOAD_DeficitFor9MonthPeriodEndedDec312012" xlink:label="loc_TOADDeficitFor9MonthPeriodEndedDec312012_60" />
      <link:definitionArc xlink:arcrole="http://xbrl.org/int/dim/arcrole/domain-member" xlink:from="loc_TOADStatementLineItems" xlink:to="loc_TOADDeficitFor9MonthPeriodEndedDec312012_60" xlink:type="arc" order="23" />
      <link:loc xlink:type="locator" xlink:href="http://xbrl.fasb.org/us-gaap/2012/elts/us-gaap-2012-01-31.xsd#us-gaap_SharesIssued" xlink:label="loc_TOADSharesIssued_60" />
      <link:definitionArc xlink:arcrole="http://xbrl.org/int/dim/arcrole/domain-member" xlink:from="loc_TOADStatementLineItems" xlink:to="loc_TOADSharesIssued_60" xlink:type="arc" order="24" />
    </link:definitionLink>
    <link:definitionLink xlink:type="extended" xlink:role="http://toadistributionsystemsinc.com/role/BasisOfPresentation" xlink:title="0007 - Disclosure - BASIS OF PRESENTATION" />
    <link:definitionLink xlink:type="extended" xlink:role="http://toadistributionsystemsinc.com/role/GoingConcern" xlink:title="0008 - Disclosure - GOING CONCERN" />
    <link:definitionLink xlink:type="extended" xlink:role="http://toadistributionsystemsinc.com/role/Sub-DistributionAgreement" xlink:title="0009 - Disclosure - SUB-DISTRIBUTION AGREEMENT" />
    <link:definitionLink xlink:type="extended" xlink:role="http://toadistributionsystemsinc.com/role/LoansPayableRelatedParties" xlink:title="0010 - Disclosure - LOANS PAYABLE &#8211; RELATED PARTIES" />
    <link:definitionLink xlink:type="extended" xlink:role="http://toadistributionsystemsinc.com/role/Equity" xlink:title="0011 - Disclosure - EQUITY" />
    <link:definitionLink xlink:type="extended" xlink:role="http://toadistributionsystemsinc.com/role/ContributedSurplus" xlink:title="0012 - Disclosure - CONTRIBUTED SURPLUS" />
    <link:definitionLink xlink:type="extended" xlink:role="http://toadistributionsystemsinc.com/role/SubsequentEvents" xlink:title="0013 - Disclosure - SUBSEQUENT EVENTS" />
    <link:definitionLink xlink:type="extended" xlink:role="http://toadistributionsystemsinc.com/role/Sub-DistributionAgreementDetailsNarrative" xlink:title="0014 - Disclosure - SUB-DISTRIBUTION AGREEMENT (Details Narrative)" />
    <link:definitionLink xlink:type="extended" xlink:role="http://toadistributionsystemsinc.com/role/LoansPayableRelatedPartiesDetailsNarrative" xlink:title="0015 - Disclosure - LOANS PAYABLE &#8211; RELATED PARTIES (Details Narrative)" />
    <link:definitionLink xlink:type="extended" xlink:role="http://toadistributionsystemsinc.com/role/EquityDetailsNarrative" xlink:title="0016 - Disclosure - EQUITY (Details Narrative)" />
    <link:definitionLink xlink:type="extended" xlink:role="http://toadistributionsystemsinc.com/role/ContributedSurplusDetailsNarrative" xlink:title="0017 - Disclosure - CONTRIBUTED SURPLUS (Details Narrative)" />
</link:linkbase>
