<?xml version="1.0" encoding="US-ASCII" standalone="no"?>
    <!-- Field: Doc-Info; Name: Generator; Value: GoFiler Complete; Version: 3.4a -->
    <!-- Field: Doc-Info; Name: VendorURI; Value: http://www.novaworks.co -->
    <!-- Field: Doc-Info; Name: Source; Value: toa_distributionsystems.xfr; Date: 2013/01/29T11:57:15 -->
    <!-- Field: Doc-Info; Name: Status; Value: 0x00000000 -->
<link:linkbase xmlns:xsi="http://www.w3.org/2001/XMLSchema-instance" xmlns:xlink="http://www.w3.org/1999/xlink" xmlns:link="http://www.xbrl.org/2003/linkbase" xmlns:xbrli="http://www.xbrl.org/2003/instance" xsi:schemaLocation="http://www.xbrl.org/2003/linkbase http://www.xbrl.org/2003/xbrl-linkbase-2003-12-31.xsd">
    <link:roleRef roleURI="http://toadistributionsystemsinc.com/role/DocumentAndEntityInformation" xlink:href="toad-20121231.xsd#DocumentAndEntityInformation" xlink:type="simple" />
    <link:roleRef roleURI="http://toadistributionsystemsinc.com/role/BalanceSheets" xlink:href="toad-20121231.xsd#BalanceSheets" xlink:type="simple" />
    <link:roleRef roleURI="http://toadistributionsystemsinc.com/role/BalanceSheetsParenthetical" xlink:href="toad-20121231.xsd#BalanceSheetsParenthetical" xlink:type="simple" />
    <link:roleRef roleURI="http://toadistributionsystemsinc.com/role/StatementsOfOperations" xlink:href="toad-20121231.xsd#StatementsOfOperations" xlink:type="simple" />
    <link:roleRef roleURI="http://toadistributionsystemsinc.com/role/StatementsOfCashFlows" xlink:href="toad-20121231.xsd#StatementsOfCashFlows" xlink:type="simple" />
    <link:roleRef roleURI="http://toadistributionsystemsinc.com/role/ShareholdersEquity" xlink:href="toad-20121231.xsd#ShareholdersEquity" xlink:type="simple" />
    <link:roleRef roleURI="http://toadistributionsystemsinc.com/role/BasisOfPresentation" xlink:href="toad-20121231.xsd#BasisOfPresentation" xlink:type="simple" />
    <link:roleRef roleURI="http://toadistributionsystemsinc.com/role/GoingConcern" xlink:href="toad-20121231.xsd#GoingConcern" xlink:type="simple" />
    <link:roleRef roleURI="http://toadistributionsystemsinc.com/role/Sub-DistributionAgreement" xlink:href="toad-20121231.xsd#Sub-DistributionAgreement" xlink:type="simple" />
    <link:roleRef roleURI="http://toadistributionsystemsinc.com/role/LoansPayableRelatedParties" xlink:href="toad-20121231.xsd#LoansPayableRelatedParties" xlink:type="simple" />
    <link:roleRef roleURI="http://toadistributionsystemsinc.com/role/Equity" xlink:href="toad-20121231.xsd#Equity" xlink:type="simple" />
    <link:roleRef roleURI="http://toadistributionsystemsinc.com/role/ContributedSurplus" xlink:href="toad-20121231.xsd#ContributedSurplus" xlink:type="simple" />
    <link:roleRef roleURI="http://toadistributionsystemsinc.com/role/SubsequentEvents" xlink:href="toad-20121231.xsd#SubsequentEvents" xlink:type="simple" />
    <link:roleRef roleURI="http://toadistributionsystemsinc.com/role/Sub-DistributionAgreementDetailsNarrative" xlink:href="toad-20121231.xsd#Sub-DistributionAgreementDetailsNarrative" xlink:type="simple" />
    <link:roleRef roleURI="http://toadistributionsystemsinc.com/role/LoansPayableRelatedPartiesDetailsNarrative" xlink:href="toad-20121231.xsd#LoansPayableRelatedPartiesDetailsNarrative" xlink:type="simple" />
    <link:roleRef roleURI="http://toadistributionsystemsinc.com/role/EquityDetailsNarrative" xlink:href="toad-20121231.xsd#EquityDetailsNarrative" xlink:type="simple" />
    <link:roleRef roleURI="http://toadistributionsystemsinc.com/role/ContributedSurplusDetailsNarrative" xlink:href="toad-20121231.xsd#ContributedSurplusDetailsNarrative" xlink:type="simple" />
    <link:presentationLink xlink:type="extended" xlink:role="http://toadistributionsystemsinc.com/role/DocumentAndEntityInformation" xlink:title="0001 - Document - Document and Entity Information">
      <link:loc xlink:type="locator" xlink:href="toad-20121231.xsd#TOAD_DocumentAndEntityInformationAbstract" xlink:label="loc_TOADDocumentAndEntityInformationAbstract" />
      <link:loc xlink:type="locator" xlink:href="http://xbrl.sec.gov/dei/2012/dei-2012-01-31.xsd#dei_EntityRegistrantName" xlink:label="loc_TOADEntityRegistrantName" />
      <link:presentationArc order="0" xlink:arcrole="http://www.xbrl.org/2003/arcrole/parent-child" xlink:from="loc_TOADDocumentAndEntityInformationAbstract" xlink:to="loc_TOADEntityRegistrantName" xlink:type="arc" />
      <link:loc xlink:type="locator" xlink:href="http://xbrl.sec.gov/dei/2012/dei-2012-01-31.xsd#dei_EntityCentralIndexKey" xlink:label="loc_TOADEntityCentralIndexKey" />
      <link:presentationArc order="10" xlink:arcrole="http://www.xbrl.org/2003/arcrole/parent-child" xlink:from="loc_TOADDocumentAndEntityInformationAbstract" xlink:to="loc_TOADEntityCentralIndexKey" xlink:type="arc" />
      <link:loc xlink:type="locator" xlink:href="http://xbrl.sec.gov/dei/2012/dei-2012-01-31.xsd#dei_DocumentType" xlink:label="loc_TOADDocumentType" />
      <link:presentationArc order="20" xlink:arcrole="http://www.xbrl.org/2003/arcrole/parent-child" xlink:from="loc_TOADDocumentAndEntityInformationAbstract" xlink:to="loc_TOADDocumentType" xlink:type="arc" />
      <link:loc xlink:type="locator" xlink:href="http://xbrl.sec.gov/dei/2012/dei-2012-01-31.xsd#dei_DocumentPeriodEndDate" xlink:label="loc_TOADDocumentPeriodEndDate" />
      <link:presentationArc order="30" xlink:arcrole="http://www.xbrl.org/2003/arcrole/parent-child" xlink:from="loc_TOADDocumentAndEntityInformationAbstract" xlink:to="loc_TOADDocumentPeriodEndDate" xlink:type="arc" />
      <link:loc xlink:type="locator" xlink:href="http://xbrl.sec.gov/dei/2012/dei-2012-01-31.xsd#dei_AmendmentFlag" xlink:label="loc_TOADAmendmentFlag" />
      <link:presentationArc order="40" xlink:arcrole="http://www.xbrl.org/2003/arcrole/parent-child" xlink:from="loc_TOADDocumentAndEntityInformationAbstract" xlink:to="loc_TOADAmendmentFlag" xlink:type="arc" />
      <link:loc xlink:type="locator" xlink:href="http://xbrl.sec.gov/dei/2012/dei-2012-01-31.xsd#dei_CurrentFiscalYearEndDate" xlink:label="loc_TOADCurrentFiscalYearEndDate" />
      <link:presentationArc order="50" xlink:arcrole="http://www.xbrl.org/2003/arcrole/parent-child" xlink:from="loc_TOADDocumentAndEntityInformationAbstract" xlink:to="loc_TOADCurrentFiscalYearEndDate" xlink:type="arc" />
      <link:loc xlink:type="locator" xlink:href="http://xbrl.sec.gov/dei/2012/dei-2012-01-31.xsd#dei_EntityWellKnownSeasonedIssuer" xlink:label="loc_TOADEntityWellKnownSeasonedIssuer" />
      <link:presentationArc order="60" xlink:arcrole="http://www.xbrl.org/2003/arcrole/parent-child" xlink:from="loc_TOADDocumentAndEntityInformationAbstract" xlink:to="loc_TOADEntityWellKnownSeasonedIssuer" xlink:type="arc" />
      <link:loc xlink:type="locator" xlink:href="http://xbrl.sec.gov/dei/2012/dei-2012-01-31.xsd#dei_EntityVoluntaryFilers" xlink:label="loc_TOADEntityVoluntaryFilers" />
      <link:presentationArc order="70" xlink:arcrole="http://www.xbrl.org/2003/arcrole/parent-child" xlink:from="loc_TOADDocumentAndEntityInformationAbstract" xlink:to="loc_TOADEntityVoluntaryFilers" xlink:type="arc" />
      <link:loc xlink:type="locator" xlink:href="http://xbrl.sec.gov/dei/2012/dei-2012-01-31.xsd#dei_EntityCurrentReportingStatus" xlink:label="loc_TOADEntityCurrentReportingStatus" />
      <link:presentationArc order="80" xlink:arcrole="http://www.xbrl.org/2003/arcrole/parent-child" xlink:from="loc_TOADDocumentAndEntityInformationAbstract" xlink:to="loc_TOADEntityCurrentReportingStatus" xlink:type="arc" />
      <link:loc xlink:type="locator" xlink:href="http://xbrl.sec.gov/dei/2012/dei-2012-01-31.xsd#dei_EntityFilerCategory" xlink:label="loc_TOADEntityFilerCategory" />
      <link:presentationArc order="90" xlink:arcrole="http://www.xbrl.org/2003/arcrole/parent-child" xlink:from="loc_TOADDocumentAndEntityInformationAbstract" xlink:to="loc_TOADEntityFilerCategory" xlink:type="arc" />
      <link:loc xlink:type="locator" xlink:href="http://xbrl.sec.gov/dei/2012/dei-2012-01-31.xsd#dei_EntityPublicFloat" xlink:label="loc_TOADEntityPublicFloat" />
      <link:presentationArc order="100" xlink:arcrole="http://www.xbrl.org/2003/arcrole/parent-child" xlink:from="loc_TOADDocumentAndEntityInformationAbstract" xlink:to="loc_TOADEntityPublicFloat" xlink:type="arc" />
      <link:loc xlink:type="locator" xlink:href="http://xbrl.sec.gov/dei/2012/dei-2012-01-31.xsd#dei_EntityCommonStockSharesOutstanding" xlink:label="loc_TOADEntityCommonStockSharesOutstanding" />
      <link:presentationArc order="110" xlink:arcrole="http://www.xbrl.org/2003/arcrole/parent-child" xlink:from="loc_TOADDocumentAndEntityInformationAbstract" xlink:to="loc_TOADEntityCommonStockSharesOutstanding" xlink:type="arc" />
      <link:loc xlink:type="locator" xlink:href="http://xbrl.sec.gov/dei/2012/dei-2012-01-31.xsd#dei_DocumentFiscalPeriodFocus" xlink:label="loc_TOADDocumentFiscalPeriodFocus" />
      <link:presentationArc order="120" xlink:arcrole="http://www.xbrl.org/2003/arcrole/parent-child" xlink:from="loc_TOADDocumentAndEntityInformationAbstract" xlink:to="loc_TOADDocumentFiscalPeriodFocus" xlink:type="arc" />
      <link:loc xlink:type="locator" xlink:href="http://xbrl.sec.gov/dei/2012/dei-2012-01-31.xsd#dei_DocumentFiscalYearFocus" xlink:label="loc_TOADDocumentFiscalYearFocus" />
      <link:presentationArc order="130" xlink:arcrole="http://www.xbrl.org/2003/arcrole/parent-child" xlink:from="loc_TOADDocumentAndEntityInformationAbstract" xlink:to="loc_TOADDocumentFiscalYearFocus" xlink:type="arc" />
    </link:presentationLink>
    <link:presentationLink xlink:type="extended" xlink:role="http://toadistributionsystemsinc.com/role/BalanceSheets" xlink:title="0002 - Statement - Balance Sheets">
      <link:loc xlink:type="locator" xlink:href="http://xbrl.fasb.org/us-gaap/2012/elts/us-gaap-2012-01-31.xsd#us-gaap_StatementOfFinancialPositionAbstract" xlink:label="loc_TOADStatementOfFinancialPositionAbstract" />
      <link:loc xlink:type="locator" xlink:href="http://xbrl.fasb.org/us-gaap/2012/elts/us-gaap-2012-01-31.xsd#us-gaap_AssetsAbstract" xlink:label="loc_TOADAssetsAbstract" />
      <link:presentationArc order="0" xlink:arcrole="http://www.xbrl.org/2003/arcrole/parent-child" xlink:from="loc_TOADStatementOfFinancialPositionAbstract" xlink:to="loc_TOADAssetsAbstract" xlink:type="arc" />
      <link:loc xlink:type="locator" xlink:href="http://xbrl.fasb.org/us-gaap/2012/elts/us-gaap-2012-01-31.xsd#us-gaap_Cash" xlink:label="loc_TOADCash" />
      <link:presentationArc order="10" xlink:arcrole="http://www.xbrl.org/2003/arcrole/parent-child" xlink:from="loc_TOADAssetsAbstract" xlink:to="loc_TOADCash" xlink:type="arc" />
      <link:loc xlink:type="locator" xlink:href="http://xbrl.fasb.org/us-gaap/2012/elts/us-gaap-2012-01-31.xsd#us-gaap_AssetsCurrent" xlink:label="loc_TOADAssetsCurrent" />
      <link:presentationArc order="20" xlink:arcrole="http://www.xbrl.org/2003/arcrole/parent-child" xlink:from="loc_TOADAssetsAbstract" xlink:to="loc_TOADAssetsCurrent" xlink:type="arc" preferredLabel="http://www.xbrl.org/2003/role/totalLabel" />
      <link:loc xlink:type="locator" xlink:href="http://xbrl.fasb.org/us-gaap/2012/elts/us-gaap-2012-01-31.xsd#us-gaap_LiabilitiesAbstract" xlink:label="loc_TOADLiabilitiesAbstract" />
      <link:presentationArc order="30" xlink:arcrole="http://www.xbrl.org/2003/arcrole/parent-child" xlink:from="loc_TOADStatementOfFinancialPositionAbstract" xlink:to="loc_TOADLiabilitiesAbstract" xlink:type="arc" />
      <link:loc xlink:type="locator" xlink:href="http://xbrl.fasb.org/us-gaap/2012/elts/us-gaap-2012-01-31.xsd#us-gaap_LiabilitiesCurrentAbstract" xlink:label="loc_TOADLiabilitiesCurrentAbstract" />
      <link:presentationArc order="40" xlink:arcrole="http://www.xbrl.org/2003/arcrole/parent-child" xlink:from="loc_TOADLiabilitiesAbstract" xlink:to="loc_TOADLiabilitiesCurrentAbstract" xlink:type="arc" />
      <link:loc xlink:type="locator" xlink:href="http://xbrl.fasb.org/us-gaap/2012/elts/us-gaap-2012-01-31.xsd#us-gaap_AccruedLiabilities" xlink:label="loc_TOADAccruedLiabilities" />
      <link:presentationArc order="50" xlink:arcrole="http://www.xbrl.org/2003/arcrole/parent-child" xlink:from="loc_TOADLiabilitiesCurrentAbstract" xlink:to="loc_TOADAccruedLiabilities" xlink:type="arc" />
      <link:loc xlink:type="locator" xlink:href="http://xbrl.fasb.org/us-gaap/2012/elts/us-gaap-2012-01-31.xsd#us-gaap_AccountsPayableCurrent" xlink:label="loc_TOADAccountsPayableCurrent" />
      <link:presentationArc order="60" xlink:arcrole="http://www.xbrl.org/2003/arcrole/parent-child" xlink:from="loc_TOADLiabilitiesCurrentAbstract" xlink:to="loc_TOADAccountsPayableCurrent" xlink:type="arc" />
      <link:loc xlink:type="locator" xlink:href="toad-20121231.xsd#TOAD_LoansPayableRelatedPartiesPrincipalNote4" xlink:label="loc_TOADLoansPayableRelatedPartiesPrincipalNote4" />
      <link:presentationArc order="70" xlink:arcrole="http://www.xbrl.org/2003/arcrole/parent-child" xlink:from="loc_TOADLiabilitiesCurrentAbstract" xlink:to="loc_TOADLoansPayableRelatedPartiesPrincipalNote4" xlink:type="arc" />
      <link:loc xlink:type="locator" xlink:href="http://xbrl.fasb.org/us-gaap/2012/elts/us-gaap-2012-01-31.xsd#us-gaap_NotesPayableRelatedPartiesCurrent" xlink:label="loc_TOADNotesPayableRelatedPartiesCurrent" />
      <link:presentationArc order="80" xlink:arcrole="http://www.xbrl.org/2003/arcrole/parent-child" xlink:from="loc_TOADLiabilitiesCurrentAbstract" xlink:to="loc_TOADNotesPayableRelatedPartiesCurrent" xlink:type="arc" />
      <link:loc xlink:type="locator" xlink:href="http://xbrl.fasb.org/us-gaap/2012/elts/us-gaap-2012-01-31.xsd#us-gaap_LiabilitiesCurrent" xlink:label="loc_TOADLiabilitiesCurrent" />
      <link:presentationArc order="90" xlink:arcrole="http://www.xbrl.org/2003/arcrole/parent-child" xlink:from="loc_TOADLiabilitiesCurrentAbstract" xlink:to="loc_TOADLiabilitiesCurrent" xlink:type="arc" preferredLabel="http://www.xbrl.org/2003/role/totalLabel" />
      <link:loc xlink:type="locator" xlink:href="http://xbrl.fasb.org/us-gaap/2012/elts/us-gaap-2012-01-31.xsd#us-gaap_StockholdersEquityAbstract" xlink:label="loc_TOADStockholdersEquityAbstract" />
      <link:presentationArc order="100" xlink:arcrole="http://www.xbrl.org/2003/arcrole/parent-child" xlink:from="loc_TOADStatementOfFinancialPositionAbstract" xlink:to="loc_TOADStockholdersEquityAbstract" xlink:type="arc" />
      <link:loc xlink:type="locator" xlink:href="toad-20121231.xsd#TOAD_CapitalStock" xlink:label="loc_TOADCapitalStock" />
      <link:presentationArc order="110" xlink:arcrole="http://www.xbrl.org/2003/arcrole/parent-child" xlink:from="loc_TOADStockholdersEquityAbstract" xlink:to="loc_TOADCapitalStock" xlink:type="arc" />
      <link:loc xlink:type="locator" xlink:href="toad-20121231.xsd#TOAD_PreferredSharesAuthorizedPerZeroIssuedOutstanding" xlink:label="loc_TOADPreferredSharesAuthorizedPerZeroIssuedOutstanding" />
      <link:presentationArc order="120" xlink:arcrole="http://www.xbrl.org/2003/arcrole/parent-child" xlink:from="loc_TOADStockholdersEquityAbstract" xlink:to="loc_TOADPreferredSharesAuthorizedPerZeroIssuedOutstanding" xlink:type="arc" />
      <link:loc xlink:type="locator" xlink:href="toad-20121231.xsd#TOAD_CommonStockAuthorizedParValueIssuedOutstanding" xlink:label="loc_TOADCommonStockAuthorizedParValueIssuedOutstanding" />
      <link:presentationArc order="130" xlink:arcrole="http://www.xbrl.org/2003/arcrole/parent-child" xlink:from="loc_TOADStockholdersEquityAbstract" xlink:to="loc_TOADCommonStockAuthorizedParValueIssuedOutstanding" xlink:type="arc" />
      <link:loc xlink:type="locator" xlink:href="http://xbrl.fasb.org/us-gaap/2012/elts/us-gaap-2012-01-31.xsd#us-gaap_AdditionalPaidInCapital" xlink:label="loc_TOADAdditionalPaidInCapital" />
      <link:presentationArc order="140" xlink:arcrole="http://www.xbrl.org/2003/arcrole/parent-child" xlink:from="loc_TOADStockholdersEquityAbstract" xlink:to="loc_TOADAdditionalPaidInCapital" xlink:type="arc" />
      <link:loc xlink:type="locator" xlink:href="http://xbrl.fasb.org/us-gaap/2012/elts/us-gaap-2012-01-31.xsd#us-gaap_DevelopmentStageEnterpriseDeficitAccumulatedDuringDevelopmentStage" xlink:label="loc_TOADDevelopmentStageEnterpriseDeficitAccumulatedDuringDevelopmentStage" />
      <link:presentationArc order="150" xlink:arcrole="http://www.xbrl.org/2003/arcrole/parent-child" xlink:from="loc_TOADStockholdersEquityAbstract" xlink:to="loc_TOADDevelopmentStageEnterpriseDeficitAccumulatedDuringDevelopmentStage" xlink:type="arc" preferredLabel="http://www.xbrl.org/2003/role/verboseLabel" />
      <link:loc xlink:type="locator" xlink:href="http://xbrl.fasb.org/us-gaap/2012/elts/us-gaap-2012-01-31.xsd#us-gaap_StockholdersEquity" xlink:label="loc_TOADStockholdersEquity" />
      <link:presentationArc order="160" xlink:arcrole="http://www.xbrl.org/2003/arcrole/parent-child" xlink:from="loc_TOADStockholdersEquityAbstract" xlink:to="loc_TOADStockholdersEquity" xlink:type="arc" preferredLabel="http://www.xbrl.org/2003/role/totalLabel" />
      <link:loc xlink:type="locator" xlink:href="http://xbrl.fasb.org/us-gaap/2012/elts/us-gaap-2012-01-31.xsd#us-gaap_LiabilitiesAndStockholdersEquity" xlink:label="loc_TOADLiabilitiesAndStockholdersEquity" />
      <link:presentationArc order="170" xlink:arcrole="http://www.xbrl.org/2003/arcrole/parent-child" xlink:from="loc_TOADStockholdersEquityAbstract" xlink:to="loc_TOADLiabilitiesAndStockholdersEquity" xlink:type="arc" />
    </link:presentationLink>
    <link:presentationLink xlink:type="extended" xlink:role="http://toadistributionsystemsinc.com/role/BalanceSheetsParenthetical" xlink:title="0003 - Statement - Balance Sheets (Parenthetical)">
      <link:loc xlink:type="locator" xlink:href="http://xbrl.fasb.org/us-gaap/2012/elts/us-gaap-2012-01-31.xsd#us-gaap_StatementOfFinancialPositionAbstract" xlink:label="loc_TOADStatementOfFinancialPositionAbstract" />
      <link:loc xlink:type="locator" xlink:href="toad-20121231.xsd#TOAD_PreferredSharesPerShare1" xlink:label="loc_TOADPreferredSharesPerShare1" />
      <link:presentationArc order="0" xlink:arcrole="http://www.xbrl.org/2003/arcrole/parent-child" xlink:from="loc_TOADStatementOfFinancialPositionAbstract" xlink:to="loc_TOADPreferredSharesPerShare1" xlink:type="arc" />
      <link:loc xlink:type="locator" xlink:href="toad-20121231.xsd#TOAD_PreferredSharesAuthorized" xlink:label="loc_TOADPreferredSharesAuthorized" />
      <link:presentationArc order="10" xlink:arcrole="http://www.xbrl.org/2003/arcrole/parent-child" xlink:from="loc_TOADStatementOfFinancialPositionAbstract" xlink:to="loc_TOADPreferredSharesAuthorized" xlink:type="arc" />
      <link:loc xlink:type="locator" xlink:href="toad-20121231.xsd#TOAD_PreferredSharesIssuedAndOutstanding" xlink:label="loc_TOADPreferredSharesIssuedAndOutstanding" />
      <link:presentationArc order="20" xlink:arcrole="http://www.xbrl.org/2003/arcrole/parent-child" xlink:from="loc_TOADStatementOfFinancialPositionAbstract" xlink:to="loc_TOADPreferredSharesIssuedAndOutstanding" xlink:type="arc" />
      <link:loc xlink:type="locator" xlink:href="toad-20121231.xsd#TOAD_CommonStockParValue" xlink:label="loc_TOADCommonStockParValue" />
      <link:presentationArc order="30" xlink:arcrole="http://www.xbrl.org/2003/arcrole/parent-child" xlink:from="loc_TOADStatementOfFinancialPositionAbstract" xlink:to="loc_TOADCommonStockParValue" xlink:type="arc" />
      <link:loc xlink:type="locator" xlink:href="toad-20121231.xsd#TOAD_CommonStockAuthorized" xlink:label="loc_TOADCommonStockAuthorized" />
      <link:presentationArc order="40" xlink:arcrole="http://www.xbrl.org/2003/arcrole/parent-child" xlink:from="loc_TOADStatementOfFinancialPositionAbstract" xlink:to="loc_TOADCommonStockAuthorized" xlink:type="arc" />
      <link:loc xlink:type="locator" xlink:href="toad-20121231.xsd#TOAD_CommonStockIssuedAndOutstanding" xlink:label="loc_TOADCommonStockIssuedAndOutstanding" />
      <link:presentationArc order="50" xlink:arcrole="http://www.xbrl.org/2003/arcrole/parent-child" xlink:from="loc_TOADStatementOfFinancialPositionAbstract" xlink:to="loc_TOADCommonStockIssuedAndOutstanding" xlink:type="arc" />
    </link:presentationLink>
    <link:presentationLink xlink:type="extended" xlink:role="http://toadistributionsystemsinc.com/role/StatementsOfOperations" xlink:title="0004 - Statement - Statements of Operations">
      <link:loc xlink:type="locator" xlink:href="http://xbrl.fasb.org/us-gaap/2012/elts/us-gaap-2012-01-31.xsd#us-gaap_IncomeStatementAbstract" xlink:label="loc_TOADIncomeStatementAbstract" />
      <link:loc xlink:type="locator" xlink:href="http://xbrl.fasb.org/us-gaap/2012/elts/us-gaap-2012-01-31.xsd#us-gaap_Revenues" xlink:label="loc_TOADRevenues" />
      <link:presentationArc order="0" xlink:arcrole="http://www.xbrl.org/2003/arcrole/parent-child" xlink:from="loc_TOADIncomeStatementAbstract" xlink:to="loc_TOADRevenues" xlink:type="arc" />
      <link:loc xlink:type="locator" xlink:href="toad-20121231.xsd#TOAD_ExpenseAbstract" xlink:label="loc_TOADExpenseAbstract" />
      <link:presentationArc order="10" xlink:arcrole="http://www.xbrl.org/2003/arcrole/parent-child" xlink:from="loc_TOADIncomeStatementAbstract" xlink:to="loc_TOADExpenseAbstract" xlink:type="arc" />
      <link:loc xlink:type="locator" xlink:href="toad-20121231.xsd#TOAD_GeneralAndAdministrative" xlink:label="loc_TOADGeneralAndAdministrative" />
      <link:presentationArc order="20" xlink:arcrole="http://www.xbrl.org/2003/arcrole/parent-child" xlink:from="loc_TOADExpenseAbstract" xlink:to="loc_TOADGeneralAndAdministrative" xlink:type="arc" />
      <link:loc xlink:type="locator" xlink:href="toad-20121231.xsd#TOAD_ImpairmentExpenseminingClaim1" xlink:label="loc_TOADImpairmentExpenseminingClaim1" />
      <link:presentationArc order="30" xlink:arcrole="http://www.xbrl.org/2003/arcrole/parent-child" xlink:from="loc_TOADExpenseAbstract" xlink:to="loc_TOADImpairmentExpenseminingClaim1" xlink:type="arc" />
      <link:loc xlink:type="locator" xlink:href="toad-20121231.xsd#TOAD_ImpairmentExpensedistributionAgmt1" xlink:label="loc_TOADImpairmentExpensedistributionAgmt1" />
      <link:presentationArc order="40" xlink:arcrole="http://www.xbrl.org/2003/arcrole/parent-child" xlink:from="loc_TOADExpenseAbstract" xlink:to="loc_TOADImpairmentExpensedistributionAgmt1" xlink:type="arc" />
      <link:loc xlink:type="locator" xlink:href="toad-20121231.xsd#TOAD_TotalExpenses" xlink:label="loc_TOADTotalExpenses" />
      <link:presentationArc order="50" xlink:arcrole="http://www.xbrl.org/2003/arcrole/parent-child" xlink:from="loc_TOADExpenseAbstract" xlink:to="loc_TOADTotalExpenses" xlink:type="arc" preferredLabel="http://www.xbrl.org/2003/role/totalLabel" />
      <link:loc xlink:type="locator" xlink:href="http://xbrl.fasb.org/us-gaap/2012/elts/us-gaap-2012-01-31.xsd#us-gaap_OperatingIncomeLoss" xlink:label="loc_TOADOperatingIncomeLoss" />
      <link:presentationArc order="60" xlink:arcrole="http://www.xbrl.org/2003/arcrole/parent-child" xlink:from="loc_TOADExpenseAbstract" xlink:to="loc_TOADOperatingIncomeLoss" xlink:type="arc" preferredLabel="http://www.xbrl.org/2003/role/totalLabel" />
      <link:loc xlink:type="locator" xlink:href="http://xbrl.fasb.org/us-gaap/2012/elts/us-gaap-2012-01-31.xsd#us-gaap_OtherIncomeAbstract" xlink:label="loc_TOADOtherIncomeAbstract" />
      <link:presentationArc order="70" xlink:arcrole="http://www.xbrl.org/2003/arcrole/parent-child" xlink:from="loc_TOADIncomeStatementAbstract" xlink:to="loc_TOADOtherIncomeAbstract" xlink:type="arc" />
      <link:loc xlink:type="locator" xlink:href="toad-20121231.xsd#TOAD_ForeignCurrencyExchange" xlink:label="loc_TOADForeignCurrencyExchange" />
      <link:presentationArc order="80" xlink:arcrole="http://www.xbrl.org/2003/arcrole/parent-child" xlink:from="loc_TOADOtherIncomeAbstract" xlink:to="loc_TOADForeignCurrencyExchange" xlink:type="arc" />
      <link:loc xlink:type="locator" xlink:href="http://xbrl.fasb.org/us-gaap/2012/elts/us-gaap-2012-01-31.xsd#us-gaap_InterestExpense" xlink:label="loc_TOADInterestExpense" />
      <link:presentationArc order="90" xlink:arcrole="http://www.xbrl.org/2003/arcrole/parent-child" xlink:from="loc_TOADOtherIncomeAbstract" xlink:to="loc_TOADInterestExpense" xlink:type="arc" />
      <link:loc xlink:type="locator" xlink:href="toad-20121231.xsd#TOAD_ProvisionForIncomeTax" xlink:label="loc_TOADProvisionForIncomeTax" />
      <link:presentationArc order="100" xlink:arcrole="http://www.xbrl.org/2003/arcrole/parent-child" xlink:from="loc_TOADOtherIncomeAbstract" xlink:to="loc_TOADProvisionForIncomeTax" xlink:type="arc" />
      <link:loc xlink:type="locator" xlink:href="toad-20121231.xsd#TOAD_NetLossForPeriod" xlink:label="loc_TOADNetLossForPeriod" />
      <link:presentationArc order="110" xlink:arcrole="http://www.xbrl.org/2003/arcrole/parent-child" xlink:from="loc_TOADOtherIncomeAbstract" xlink:to="loc_TOADNetLossForPeriod" xlink:type="arc" />
      <link:loc xlink:type="locator" xlink:href="http://xbrl.fasb.org/us-gaap/2012/elts/us-gaap-2012-01-31.xsd#us-gaap_IncomeLossFromContinuingOperationsPerDilutedShare" xlink:label="loc_TOADIncomeLossFromContinuingOperationsPerDilutedShare" />
      <link:presentationArc order="120" xlink:arcrole="http://www.xbrl.org/2003/arcrole/parent-child" xlink:from="loc_TOADOtherIncomeAbstract" xlink:to="loc_TOADIncomeLossFromContinuingOperationsPerDilutedShare" xlink:type="arc" />
      <link:loc xlink:type="locator" xlink:href="http://xbrl.fasb.org/us-gaap/2012/elts/us-gaap-2012-01-31.xsd#us-gaap_WeightedAverageNumberOfDilutedSharesOutstanding" xlink:label="loc_TOADWeightedAverageNumberOfDilutedSharesOutstanding" />
      <link:presentationArc order="130" xlink:arcrole="http://www.xbrl.org/2003/arcrole/parent-child" xlink:from="loc_TOADOtherIncomeAbstract" xlink:to="loc_TOADWeightedAverageNumberOfDilutedSharesOutstanding" xlink:type="arc" />
    </link:presentationLink>
    <link:presentationLink xlink:type="extended" xlink:role="http://toadistributionsystemsinc.com/role/StatementsOfCashFlows" xlink:title="0005 - Statement - Statements of Cash Flows">
      <link:loc xlink:type="locator" xlink:href="http://xbrl.fasb.org/us-gaap/2012/elts/us-gaap-2012-01-31.xsd#us-gaap_StatementOfCashFlowsAbstract" xlink:label="loc_TOADStatementOfCashFlowsAbstract" />
      <link:loc xlink:type="locator" xlink:href="toad-20121231.xsd#TOAD_OperatingActivitiesAbstract" xlink:label="loc_TOADOperatingActivitiesAbstract" />
      <link:presentationArc order="0" xlink:arcrole="http://www.xbrl.org/2003/arcrole/parent-child" xlink:from="loc_TOADStatementOfCashFlowsAbstract" xlink:to="loc_TOADOperatingActivitiesAbstract" xlink:type="arc" />
      <link:loc xlink:type="locator" xlink:href="http://xbrl.fasb.org/us-gaap/2012/elts/us-gaap-2012-01-31.xsd#us-gaap_NetIncomeLoss" xlink:label="loc_TOADNetIncomeLoss" />
      <link:presentationArc order="10" xlink:arcrole="http://www.xbrl.org/2003/arcrole/parent-child" xlink:from="loc_TOADOperatingActivitiesAbstract" xlink:to="loc_TOADNetIncomeLoss" xlink:type="arc" preferredLabel="http://www.xbrl.org/2003/role/totalLabel" />
      <link:loc xlink:type="locator" xlink:href="http://xbrl.fasb.org/us-gaap/2012/elts/us-gaap-2012-01-31.xsd#us-gaap_AdjustmentsToReconcileIncomeLossToNetCashProvidedByUsedInContinuingOperationsAbstract" xlink:label="loc_TOADAdjustmentsToReconcileIncomeLossToNetCashProvidedByUsedInContinuingOperationsAbstract" />
      <link:presentationArc order="20" xlink:arcrole="http://www.xbrl.org/2003/arcrole/parent-child" xlink:from="loc_TOADStatementOfCashFlowsAbstract" xlink:to="loc_TOADAdjustmentsToReconcileIncomeLossToNetCashProvidedByUsedInContinuingOperationsAbstract" xlink:type="arc" />
      <link:loc xlink:type="locator" xlink:href="http://xbrl.fasb.org/us-gaap/2012/elts/us-gaap-2012-01-31.xsd#us-gaap_CashProvidedByUsedInDiscontinuedOperationsOperatingActivities" xlink:label="loc_TOADCashProvidedByUsedInDiscontinuedOperationsOperatingActivities" />
      <link:presentationArc order="30" xlink:arcrole="http://www.xbrl.org/2003/arcrole/parent-child" xlink:from="loc_TOADAdjustmentsToReconcileIncomeLossToNetCashProvidedByUsedInContinuingOperationsAbstract" xlink:to="loc_TOADCashProvidedByUsedInDiscontinuedOperationsOperatingActivities" xlink:type="arc" />
      <link:loc xlink:type="locator" xlink:href="toad-20121231.xsd#TOAD_StockIssuedForCompanyExpensesPaidByRelatedParties" xlink:label="loc_TOADStockIssuedForCompanyExpensesPaidByRelatedParties" />
      <link:presentationArc order="40" xlink:arcrole="http://www.xbrl.org/2003/arcrole/parent-child" xlink:from="loc_TOADAdjustmentsToReconcileIncomeLossToNetCashProvidedByUsedInContinuingOperationsAbstract" xlink:to="loc_TOADStockIssuedForCompanyExpensesPaidByRelatedParties" xlink:type="arc" />
      <link:loc xlink:type="locator" xlink:href="toad-20121231.xsd#TOAD_CompanyExpensesPaidByRelatedParties" xlink:label="loc_TOADCompanyExpensesPaidByRelatedParties" />
      <link:presentationArc order="50" xlink:arcrole="http://www.xbrl.org/2003/arcrole/parent-child" xlink:from="loc_TOADAdjustmentsToReconcileIncomeLossToNetCashProvidedByUsedInContinuingOperationsAbstract" xlink:to="loc_TOADCompanyExpensesPaidByRelatedParties" xlink:type="arc" />
      <link:loc xlink:type="locator" xlink:href="toad-20121231.xsd#TOAD_ImpairmentOfMiningProperty" xlink:label="loc_TOADImpairmentOfMiningProperty" />
      <link:presentationArc order="60" xlink:arcrole="http://www.xbrl.org/2003/arcrole/parent-child" xlink:from="loc_TOADAdjustmentsToReconcileIncomeLossToNetCashProvidedByUsedInContinuingOperationsAbstract" xlink:to="loc_TOADImpairmentOfMiningProperty" xlink:type="arc" />
      <link:loc xlink:type="locator" xlink:href="toad-20121231.xsd#TOAD_ImpairmentDistributionLicense" xlink:label="loc_TOADImpairmentDistributionLicense" />
      <link:presentationArc order="70" xlink:arcrole="http://www.xbrl.org/2003/arcrole/parent-child" xlink:from="loc_TOADAdjustmentsToReconcileIncomeLossToNetCashProvidedByUsedInContinuingOperationsAbstract" xlink:to="loc_TOADImpairmentDistributionLicense" xlink:type="arc" />
      <link:loc xlink:type="locator" xlink:href="toad-20121231.xsd#TOAD_ChangeInAssetsAndLiabilitiesAbstract" xlink:label="loc_TOADChangeInAssetsAndLiabilitiesAbstract" />
      <link:presentationArc order="80" xlink:arcrole="http://www.xbrl.org/2003/arcrole/parent-child" xlink:from="loc_TOADStatementOfCashFlowsAbstract" xlink:to="loc_TOADChangeInAssetsAndLiabilitiesAbstract" xlink:type="arc" />
      <link:loc xlink:type="locator" xlink:href="http://xbrl.fasb.org/us-gaap/2012/elts/us-gaap-2012-01-31.xsd#us-gaap_IncreaseDecreaseInAccountsPayable" xlink:label="loc_TOADIncreaseDecreaseInAccountsPayable" />
      <link:presentationArc order="90" xlink:arcrole="http://www.xbrl.org/2003/arcrole/parent-child" xlink:from="loc_TOADChangeInAssetsAndLiabilitiesAbstract" xlink:to="loc_TOADIncreaseDecreaseInAccountsPayable" xlink:type="arc" />
      <link:loc xlink:type="locator" xlink:href="toad-20121231.xsd#TOAD_IncreaseDecreaseInAccruedExpenses" xlink:label="loc_TOADIncreaseDecreaseInAccruedExpenses" />
      <link:presentationArc order="100" xlink:arcrole="http://www.xbrl.org/2003/arcrole/parent-child" xlink:from="loc_TOADChangeInAssetsAndLiabilitiesAbstract" xlink:to="loc_TOADIncreaseDecreaseInAccruedExpenses" xlink:type="arc" />
      <link:loc xlink:type="locator" xlink:href="http://xbrl.fasb.org/us-gaap/2012/elts/us-gaap-2012-01-31.xsd#us-gaap_IncreaseDecreaseInAccruedInterestReceivableNet" xlink:label="loc_TOADIncreaseDecreaseInAccruedInterestReceivableNet" />
      <link:presentationArc order="110" xlink:arcrole="http://www.xbrl.org/2003/arcrole/parent-child" xlink:from="loc_TOADChangeInAssetsAndLiabilitiesAbstract" xlink:to="loc_TOADIncreaseDecreaseInAccruedInterestReceivableNet" xlink:type="arc" />
      <link:loc xlink:type="locator" xlink:href="toad-20121231.xsd#TOAD_IncreaseDecreaseInLoansPayablerelatedParty" xlink:label="loc_TOADIncreaseDecreaseInLoansPayablerelatedParty" />
      <link:presentationArc order="120" xlink:arcrole="http://www.xbrl.org/2003/arcrole/parent-child" xlink:from="loc_TOADChangeInAssetsAndLiabilitiesAbstract" xlink:to="loc_TOADIncreaseDecreaseInLoansPayablerelatedParty" xlink:type="arc" />
      <link:loc xlink:type="locator" xlink:href="toad-20121231.xsd#TOAD_IncreaseDecreaseInAccruedInterestothers" xlink:label="loc_TOADIncreaseDecreaseInAccruedInterestothers" />
      <link:presentationArc order="130" xlink:arcrole="http://www.xbrl.org/2003/arcrole/parent-child" xlink:from="loc_TOADChangeInAssetsAndLiabilitiesAbstract" xlink:to="loc_TOADIncreaseDecreaseInAccruedInterestothers" xlink:type="arc" />
      <link:loc xlink:type="locator" xlink:href="http://xbrl.fasb.org/us-gaap/2012/elts/us-gaap-2012-01-31.xsd#us-gaap_NetCashProvidedByUsedInOperatingActivitiesContinuingOperations" xlink:label="loc_TOADNetCashProvidedByUsedInOperatingActivitiesContinuingOperations" />
      <link:presentationArc order="140" xlink:arcrole="http://www.xbrl.org/2003/arcrole/parent-child" xlink:from="loc_TOADChangeInAssetsAndLiabilitiesAbstract" xlink:to="loc_TOADNetCashProvidedByUsedInOperatingActivitiesContinuingOperations" xlink:type="arc" preferredLabel="http://www.xbrl.org/2003/role/totalLabel" />
      <link:loc xlink:type="locator" xlink:href="http://xbrl.fasb.org/us-gaap/2012/elts/us-gaap-2012-01-31.xsd#us-gaap_NetCashProvidedByUsedInInvestingActivitiesAbstract" xlink:label="loc_TOADNetCashProvidedByUsedInInvestingActivitiesAbstract" />
      <link:presentationArc order="150" xlink:arcrole="http://www.xbrl.org/2003/arcrole/parent-child" xlink:from="loc_TOADStatementOfCashFlowsAbstract" xlink:to="loc_TOADNetCashProvidedByUsedInInvestingActivitiesAbstract" xlink:type="arc" />
      <link:loc xlink:type="locator" xlink:href="http://xbrl.fasb.org/us-gaap/2012/elts/us-gaap-2012-01-31.xsd#us-gaap_CashProvidedByUsedInDiscontinuedOperationsInvestingActivities" xlink:label="loc_TOADCashProvidedByUsedInDiscontinuedOperationsInvestingActivities" />
      <link:presentationArc order="160" xlink:arcrole="http://www.xbrl.org/2003/arcrole/parent-child" xlink:from="loc_TOADNetCashProvidedByUsedInInvestingActivitiesAbstract" xlink:to="loc_TOADCashProvidedByUsedInDiscontinuedOperationsInvestingActivities" xlink:type="arc" preferredLabel="http://www.xbrl.org/2003/role/totalLabel" />
      <link:loc xlink:type="locator" xlink:href="http://xbrl.fasb.org/us-gaap/2012/elts/us-gaap-2012-01-31.xsd#us-gaap_NetCashProvidedByUsedInFinancingActivitiesAbstract" xlink:label="loc_TOADNetCashProvidedByUsedInFinancingActivitiesAbstract" />
      <link:presentationArc order="170" xlink:arcrole="http://www.xbrl.org/2003/arcrole/parent-child" xlink:from="loc_TOADStatementOfCashFlowsAbstract" xlink:to="loc_TOADNetCashProvidedByUsedInFinancingActivitiesAbstract" xlink:type="arc" />
      <link:loc xlink:type="locator" xlink:href="toad-20121231.xsd#TOAD_CashProvidedByUsedForNotesPayableRelatedParty" xlink:label="loc_TOADCashProvidedByUsedForNotesPayableRelatedParty" />
      <link:presentationArc order="180" xlink:arcrole="http://www.xbrl.org/2003/arcrole/parent-child" xlink:from="loc_TOADNetCashProvidedByUsedInFinancingActivitiesAbstract" xlink:to="loc_TOADCashProvidedByUsedForNotesPayableRelatedParty" xlink:type="arc" />
      <link:loc xlink:type="locator" xlink:href="toad-20121231.xsd#TOAD_CashProvidedByUsedForNotesPayableOthers" xlink:label="loc_TOADCashProvidedByUsedForNotesPayableOthers" />
      <link:presentationArc order="190" xlink:arcrole="http://www.xbrl.org/2003/arcrole/parent-child" xlink:from="loc_TOADNetCashProvidedByUsedInFinancingActivitiesAbstract" xlink:to="loc_TOADCashProvidedByUsedForNotesPayableOthers" xlink:type="arc" />
      <link:loc xlink:type="locator" xlink:href="http://xbrl.fasb.org/us-gaap/2012/elts/us-gaap-2012-01-31.xsd#us-gaap_StockIssued" xlink:label="loc_TOADStockIssued" />
      <link:presentationArc order="200" xlink:arcrole="http://www.xbrl.org/2003/arcrole/parent-child" xlink:from="loc_TOADNetCashProvidedByUsedInFinancingActivitiesAbstract" xlink:to="loc_TOADStockIssued" xlink:type="arc" />
      <link:loc xlink:type="locator" xlink:href="http://xbrl.fasb.org/us-gaap/2012/elts/us-gaap-2012-01-31.xsd#us-gaap_NetCashProvidedByUsedInFinancingActivities" xlink:label="loc_TOADNetCashProvidedByUsedInFinancingActivities" />
      <link:presentationArc order="210" xlink:arcrole="http://www.xbrl.org/2003/arcrole/parent-child" xlink:from="loc_TOADNetCashProvidedByUsedInFinancingActivitiesAbstract" xlink:to="loc_TOADNetCashProvidedByUsedInFinancingActivities" xlink:type="arc" preferredLabel="http://www.xbrl.org/2003/role/totalLabel" />
      <link:loc xlink:type="locator" xlink:href="http://xbrl.fasb.org/us-gaap/2012/elts/us-gaap-2012-01-31.xsd#us-gaap_NetCashProvidedByUsedInContinuingOperations" xlink:label="loc_TOADNetCashProvidedByUsedInContinuingOperations" />
      <link:presentationArc order="220" xlink:arcrole="http://www.xbrl.org/2003/arcrole/parent-child" xlink:from="loc_TOADNetCashProvidedByUsedInFinancingActivitiesAbstract" xlink:to="loc_TOADNetCashProvidedByUsedInContinuingOperations" xlink:type="arc" />
      <link:loc xlink:type="locator" xlink:href="toad-20121231.xsd#TOAD_CashAndCashEquivalentsAtBeginningOfPeriod" xlink:label="loc_TOADCashAndCashEquivalentsAtBeginningOfPeriod" />
      <link:presentationArc order="230" xlink:arcrole="http://www.xbrl.org/2003/arcrole/parent-child" xlink:from="loc_TOADNetCashProvidedByUsedInFinancingActivitiesAbstract" xlink:to="loc_TOADCashAndCashEquivalentsAtBeginningOfPeriod" xlink:type="arc" />
      <link:loc xlink:type="locator" xlink:href="toad-20121231.xsd#TOAD_CashAndCashEquivalentsAtEndOfPeriod" xlink:label="loc_TOADCashAndCashEquivalentsAtEndOfPeriod" />
      <link:presentationArc order="240" xlink:arcrole="http://www.xbrl.org/2003/arcrole/parent-child" xlink:from="loc_TOADNetCashProvidedByUsedInFinancingActivitiesAbstract" xlink:to="loc_TOADCashAndCashEquivalentsAtEndOfPeriod" xlink:type="arc" />
      <link:loc xlink:type="locator" xlink:href="http://xbrl.fasb.org/us-gaap/2012/elts/us-gaap-2012-01-31.xsd#us-gaap_SupplementalCashFlowInformationAbstract" xlink:label="loc_TOADSupplementalCashFlowInformationAbstract" />
      <link:presentationArc order="250" xlink:arcrole="http://www.xbrl.org/2003/arcrole/parent-child" xlink:from="loc_TOADStatementOfCashFlowsAbstract" xlink:to="loc_TOADSupplementalCashFlowInformationAbstract" xlink:type="arc" />
      <link:loc xlink:type="locator" xlink:href="toad-20121231.xsd#TOAD_CashPaidAbstract" xlink:label="loc_TOADCashPaidAbstract" />
      <link:presentationArc order="260" xlink:arcrole="http://www.xbrl.org/2003/arcrole/parent-child" xlink:from="loc_TOADSupplementalCashFlowInformationAbstract" xlink:to="loc_TOADCashPaidAbstract" xlink:type="arc" />
      <link:loc xlink:type="locator" xlink:href="http://xbrl.fasb.org/us-gaap/2012/elts/us-gaap-2012-01-31.xsd#us-gaap_IncomeTaxesPaid" xlink:label="loc_TOADIncomeTaxesPaid" />
      <link:presentationArc order="270" xlink:arcrole="http://www.xbrl.org/2003/arcrole/parent-child" xlink:from="loc_TOADCashPaidAbstract" xlink:to="loc_TOADIncomeTaxesPaid" xlink:type="arc" />
      <link:loc xlink:type="locator" xlink:href="http://xbrl.fasb.org/us-gaap/2012/elts/us-gaap-2012-01-31.xsd#us-gaap_NoncashInvestingAndFinancingItemsAbstract" xlink:label="loc_TOADNoncashInvestingAndFinancingItemsAbstract" />
      <link:presentationArc order="280" xlink:arcrole="http://www.xbrl.org/2003/arcrole/parent-child" xlink:from="loc_TOADStatementOfCashFlowsAbstract" xlink:to="loc_TOADNoncashInvestingAndFinancingItemsAbstract" xlink:type="arc" />
      <link:loc xlink:type="locator" xlink:href="toad-20121231.xsd#TOAD_StockIssuedForServices" xlink:label="loc_TOADStockIssuedForServices" />
      <link:presentationArc order="290" xlink:arcrole="http://www.xbrl.org/2003/arcrole/parent-child" xlink:from="loc_TOADNoncashInvestingAndFinancingItemsAbstract" xlink:to="loc_TOADStockIssuedForServices" xlink:type="arc" />
      <link:loc xlink:type="locator" xlink:href="toad-20121231.xsd#TOAD_StockIssuedForInterestPayable" xlink:label="loc_TOADStockIssuedForInterestPayable" />
      <link:presentationArc order="300" xlink:arcrole="http://www.xbrl.org/2003/arcrole/parent-child" xlink:from="loc_TOADNoncashInvestingAndFinancingItemsAbstract" xlink:to="loc_TOADStockIssuedForInterestPayable" xlink:type="arc" />
      <link:loc xlink:type="locator" xlink:href="http://xbrl.fasb.org/us-gaap/2012/elts/us-gaap-2012-01-31.xsd#us-gaap_StockIssuedDuringPeriodValueOther" xlink:label="loc_TOADStockIssuedDuringPeriodValueOther" />
      <link:presentationArc order="310" xlink:arcrole="http://www.xbrl.org/2003/arcrole/parent-child" xlink:from="loc_TOADNoncashInvestingAndFinancingItemsAbstract" xlink:to="loc_TOADStockIssuedDuringPeriodValueOther" xlink:type="arc" />
      <link:loc xlink:type="locator" xlink:href="toad-20121231.xsd#TOAD_StockIssuedForMiningClaims" xlink:label="loc_TOADStockIssuedForMiningClaims" />
      <link:presentationArc order="320" xlink:arcrole="http://www.xbrl.org/2003/arcrole/parent-child" xlink:from="loc_TOADNoncashInvestingAndFinancingItemsAbstract" xlink:to="loc_TOADStockIssuedForMiningClaims" xlink:type="arc" />
      <link:loc xlink:type="locator" xlink:href="toad-20121231.xsd#TOAD_StockIssuedForDistributionAgreement" xlink:label="loc_TOADStockIssuedForDistributionAgreement" />
      <link:presentationArc order="330" xlink:arcrole="http://www.xbrl.org/2003/arcrole/parent-child" xlink:from="loc_TOADNoncashInvestingAndFinancingItemsAbstract" xlink:to="loc_TOADStockIssuedForDistributionAgreement" xlink:type="arc" />
      <link:loc xlink:type="locator" xlink:href="toad-20121231.xsd#TOAD_ContributedCapitalSaleOfMineralClaimsToRelatedParties" xlink:label="loc_TOADContributedCapitalSaleOfMineralClaimsToRelatedParties" />
      <link:presentationArc order="340" xlink:arcrole="http://www.xbrl.org/2003/arcrole/parent-child" xlink:from="loc_TOADNoncashInvestingAndFinancingItemsAbstract" xlink:to="loc_TOADContributedCapitalSaleOfMineralClaimsToRelatedParties" xlink:type="arc" />
      <link:loc xlink:type="locator" xlink:href="http://xbrl.fasb.org/us-gaap/2012/elts/us-gaap-2012-01-31.xsd#us-gaap_InterestAndOtherIncome" xlink:label="loc_TOADInterestAndOtherIncome" />
      <link:presentationArc order="350" xlink:arcrole="http://www.xbrl.org/2003/arcrole/parent-child" xlink:from="loc_TOADNoncashInvestingAndFinancingItemsAbstract" xlink:to="loc_TOADInterestAndOtherIncome" xlink:type="arc" preferredLabel="http://www.xbrl.org/2003/role/verboseLabel" />
    </link:presentationLink>
    <link:presentationLink xlink:type="extended" xlink:role="http://toadistributionsystemsinc.com/role/ShareholdersEquity" xlink:title="0006 - Statement - Shareholders Equity">
      <link:loc xlink:type="locator" xlink:href="http://xbrl.fasb.org/us-gaap/2012/elts/us-gaap-2012-01-31.xsd#us-gaap_StatementOfStockholdersEquityAbstract" xlink:label="loc_TOADStatementOfStockholdersEquityAbstract" />
      <link:loc xlink:type="locator" xlink:href="http://xbrl.fasb.org/us-gaap/2012/elts/us-gaap-2012-01-31.xsd#us-gaap_StatementTable" xlink:label="loc_TOADStatementTable" />
      <link:presentationArc xlink:type="arc" xlink:arcrole="http://www.xbrl.org/2003/arcrole/parent-child" xlink:from="loc_TOADStatementOfStockholdersEquityAbstract" xlink:to="loc_TOADStatementTable" order="100" />
      <link:loc xlink:type="locator" xlink:href="http://xbrl.fasb.org/us-gaap/2012/elts/us-gaap-2012-01-31.xsd#us-gaap_StatementLineItems" xlink:label="loc_TOADStatementLineItems" />
      <link:presentationArc xlink:type="arc" xlink:arcrole="http://www.xbrl.org/2003/arcrole/parent-child" xlink:from="loc_TOADStatementTable" xlink:to="loc_TOADStatementLineItems" order="300" />
      <link:loc xlink:type="locator" xlink:href="http://xbrl.fasb.org/us-gaap/2012/elts/us-gaap-2012-01-31.xsd#us-gaap_StatementEquityComponentsAxis" xlink:label="loc_TOADStatementEquityComponentsAxis" />
      <link:presentationArc xlink:type="arc" xlink:arcrole="http://www.xbrl.org/2003/arcrole/parent-child" xlink:from="loc_TOADStatementTable" xlink:to="loc_TOADStatementEquityComponentsAxis" order="200" />
      <link:loc xlink:type="locator" xlink:href="http://xbrl.fasb.org/us-gaap/2012/elts/us-gaap-2012-01-31.xsd#us-gaap_CommonStockMember" xlink:label="loc_TOADCommonStockMember" />
      <link:presentationArc xlink:type="arc" xlink:arcrole="http://www.xbrl.org/2003/arcrole/parent-child" xlink:from="loc_TOADStatementEquityComponentsAxis" xlink:to="loc_TOADCommonStockMember" order="10" />
      <link:loc xlink:type="locator" xlink:href="http://xbrl.fasb.org/us-gaap/2012/elts/us-gaap-2012-01-31.xsd#us-gaap_TreasuryStockMember" xlink:label="loc_TOADTreasuryStockMember" />
      <link:presentationArc xlink:type="arc" xlink:arcrole="http://www.xbrl.org/2003/arcrole/parent-child" xlink:from="loc_TOADStatementEquityComponentsAxis" xlink:to="loc_TOADTreasuryStockMember" order="110" />
      <link:loc xlink:type="locator" xlink:href="http://xbrl.fasb.org/us-gaap/2012/elts/us-gaap-2012-01-31.xsd#us-gaap_AdditionalPaidInCapitalMember" xlink:label="loc_TOADAdditionalPaidInCapitalMember" />
      <link:presentationArc xlink:type="arc" xlink:arcrole="http://www.xbrl.org/2003/arcrole/parent-child" xlink:from="loc_TOADStatementEquityComponentsAxis" xlink:to="loc_TOADAdditionalPaidInCapitalMember" order="210" />
      <link:loc xlink:type="locator" xlink:href="http://xbrl.fasb.org/us-gaap/2012/elts/us-gaap-2012-01-31.xsd#us-gaap_RetainedEarningsMember" xlink:label="loc_TOADRetainedEarningsMember" />
      <link:presentationArc xlink:type="arc" xlink:arcrole="http://www.xbrl.org/2003/arcrole/parent-child" xlink:from="loc_TOADStatementEquityComponentsAxis" xlink:to="loc_TOADRetainedEarningsMember" order="310" />
      <link:loc xlink:type="locator" xlink:href="http://xbrl.fasb.org/us-gaap/2012/elts/us-gaap-2012-01-31.xsd#us-gaap_AccumulatedOtherComprehensiveIncomeMember" xlink:label="loc_TOADAccumulatedOtherComprehensiveIncomeMember" />
      <link:presentationArc xlink:type="arc" xlink:arcrole="http://www.xbrl.org/2003/arcrole/parent-child" xlink:from="loc_TOADStatementEquityComponentsAxis" xlink:to="loc_TOADAccumulatedOtherComprehensiveIncomeMember" order="410" />
      <link:loc xlink:type="locator" xlink:href="toad-20121231.xsd#TOAD_SharesIssued1" xlink:label="loc_TOADSharesIssued1" />
      <link:presentationArc order="30" xlink:arcrole="http://www.xbrl.org/2003/arcrole/parent-child" xlink:from="loc_TOADStatementLineItems" xlink:to="loc_TOADSharesIssued1" xlink:type="arc" preferredLabel="http://www.xbrl.org/2003/role/periodStartLabel" />
      <link:loc xlink:type="locator" xlink:href="toad-20121231.xsd#TOAD_CommonStockIssuedForCash" xlink:label="loc_TOADCommonStockIssuedForCash" />
      <link:presentationArc order="40" xlink:arcrole="http://www.xbrl.org/2003/arcrole/parent-child" xlink:from="loc_TOADStatementLineItems" xlink:to="loc_TOADCommonStockIssuedForCash" xlink:type="arc" />
      <link:loc xlink:type="locator" xlink:href="toad-20121231.xsd#TOAD_CommonStockIssuedForDebt" xlink:label="loc_TOADCommonStockIssuedForDebt" />
      <link:presentationArc order="50" xlink:arcrole="http://www.xbrl.org/2003/arcrole/parent-child" xlink:from="loc_TOADStatementLineItems" xlink:to="loc_TOADCommonStockIssuedForDebt" xlink:type="arc" />
      <link:loc xlink:type="locator" xlink:href="toad-20121231.xsd#TOAD_CommonStockIssuedForMiningProperty" xlink:label="loc_TOADCommonStockIssuedForMiningProperty" />
      <link:presentationArc order="60" xlink:arcrole="http://www.xbrl.org/2003/arcrole/parent-child" xlink:from="loc_TOADStatementLineItems" xlink:to="loc_TOADCommonStockIssuedForMiningProperty" xlink:type="arc" />
      <link:loc xlink:type="locator" xlink:href="toad-20121231.xsd#TOAD_DeficitForPeriodFromInception" xlink:label="loc_TOADDeficitForPeriodFromInception" />
      <link:presentationArc order="70" xlink:arcrole="http://www.xbrl.org/2003/arcrole/parent-child" xlink:from="loc_TOADStatementLineItems" xlink:to="loc_TOADDeficitForPeriodFromInception" xlink:type="arc" />
      <link:loc xlink:type="locator" xlink:href="toad-20121231.xsd#TOAD_BalanceMarch312008" xlink:label="loc_TOADBalanceMarch312008" />
      <link:presentationArc order="80" xlink:arcrole="http://www.xbrl.org/2003/arcrole/parent-child" xlink:from="loc_TOADStatementLineItems" xlink:to="loc_TOADBalanceMarch312008" xlink:type="arc" />
      <link:loc xlink:type="locator" xlink:href="toad-20121231.xsd#TOAD_DeficitFor3MonthsEndedMarch312009" xlink:label="loc_TOADDeficitFor3MonthsEndedMarch312009" />
      <link:presentationArc order="90" xlink:arcrole="http://www.xbrl.org/2003/arcrole/parent-child" xlink:from="loc_TOADStatementLineItems" xlink:to="loc_TOADDeficitFor3MonthsEndedMarch312009" xlink:type="arc" />
      <link:loc xlink:type="locator" xlink:href="toad-20121231.xsd#TOAD_BalanceMarch312009" xlink:label="loc_TOADBalanceMarch312009" />
      <link:presentationArc order="100" xlink:arcrole="http://www.xbrl.org/2003/arcrole/parent-child" xlink:from="loc_TOADStatementLineItems" xlink:to="loc_TOADBalanceMarch312009" xlink:type="arc" />
      <link:loc xlink:type="locator" xlink:href="toad-20121231.xsd#TOAD_CommonStockIssuedForCash1" xlink:label="loc_TOADCommonStockIssuedForCash1" />
      <link:presentationArc order="110" xlink:arcrole="http://www.xbrl.org/2003/arcrole/parent-child" xlink:from="loc_TOADStatementLineItems" xlink:to="loc_TOADCommonStockIssuedForCash1" xlink:type="arc" />
      <link:loc xlink:type="locator" xlink:href="toad-20121231.xsd#TOAD_CommonStockIssuedForAccountsPayableRelatedPartyAt0.0025PerShareOnJune12009" xlink:label="loc_TOADCommonStockIssuedForAccountsPayableRelatedPartyAt0.0025PerShareOnJune12009" />
      <link:presentationArc order="120" xlink:arcrole="http://www.xbrl.org/2003/arcrole/parent-child" xlink:from="loc_TOADStatementLineItems" xlink:to="loc_TOADCommonStockIssuedForAccountsPayableRelatedPartyAt0.0025PerShareOnJune12009" xlink:type="arc" />
      <link:loc xlink:type="locator" xlink:href="toad-20121231.xsd#TOAD_CommonStockIssuedForLoansPayable" xlink:label="loc_TOADCommonStockIssuedForLoansPayable" />
      <link:presentationArc order="130" xlink:arcrole="http://www.xbrl.org/2003/arcrole/parent-child" xlink:from="loc_TOADStatementLineItems" xlink:to="loc_TOADCommonStockIssuedForLoansPayable" xlink:type="arc" />
      <link:loc xlink:type="locator" xlink:href="toad-20121231.xsd#TOAD_CommonStockIssuedForMiningProperty1" xlink:label="loc_TOADCommonStockIssuedForMiningProperty1" />
      <link:presentationArc order="140" xlink:arcrole="http://www.xbrl.org/2003/arcrole/parent-child" xlink:from="loc_TOADStatementLineItems" xlink:to="loc_TOADCommonStockIssuedForMiningProperty1" xlink:type="arc" />
      <link:loc xlink:type="locator" xlink:href="toad-20121231.xsd#TOAD_CommonStockIssuedForDistributionAgreement" xlink:label="loc_TOADCommonStockIssuedForDistributionAgreement" />
      <link:presentationArc order="150" xlink:arcrole="http://www.xbrl.org/2003/arcrole/parent-child" xlink:from="loc_TOADStatementLineItems" xlink:to="loc_TOADCommonStockIssuedForDistributionAgreement" xlink:type="arc" />
      <link:loc xlink:type="locator" xlink:href="toad-20121231.xsd#TOAD_DeficitForYearEndedMarch312010" xlink:label="loc_TOADDeficitForYearEndedMarch312010" />
      <link:presentationArc order="160" xlink:arcrole="http://www.xbrl.org/2003/arcrole/parent-child" xlink:from="loc_TOADStatementLineItems" xlink:to="loc_TOADDeficitForYearEndedMarch312010" xlink:type="arc" />
      <link:loc xlink:type="locator" xlink:href="toad-20121231.xsd#TOAD_BalanceMarch312010" xlink:label="loc_TOADBalanceMarch312010" />
      <link:presentationArc order="170" xlink:arcrole="http://www.xbrl.org/2003/arcrole/parent-child" xlink:from="loc_TOADStatementLineItems" xlink:to="loc_TOADBalanceMarch312010" xlink:type="arc" />
      <link:loc xlink:type="locator" xlink:href="toad-20121231.xsd#TOAD_DeficitForYearEndedMarch312011" xlink:label="loc_TOADDeficitForYearEndedMarch312011" />
      <link:presentationArc order="180" xlink:arcrole="http://www.xbrl.org/2003/arcrole/parent-child" xlink:from="loc_TOADStatementLineItems" xlink:to="loc_TOADDeficitForYearEndedMarch312011" xlink:type="arc" />
      <link:loc xlink:type="locator" xlink:href="toad-20121231.xsd#TOAD_BalanceMarch312011" xlink:label="loc_TOADBalanceMarch312011" />
      <link:presentationArc order="190" xlink:arcrole="http://www.xbrl.org/2003/arcrole/parent-child" xlink:from="loc_TOADStatementLineItems" xlink:to="loc_TOADBalanceMarch312011" xlink:type="arc" />
      <link:loc xlink:type="locator" xlink:href="toad-20121231.xsd#TOAD_DeficitFor12MonthPeriodEndedMarch312012" xlink:label="loc_TOADDeficitFor12MonthPeriodEndedMarch312012" />
      <link:presentationArc order="200" xlink:arcrole="http://www.xbrl.org/2003/arcrole/parent-child" xlink:from="loc_TOADStatementLineItems" xlink:to="loc_TOADDeficitFor12MonthPeriodEndedMarch312012" xlink:type="arc" />
      <link:loc xlink:type="locator" xlink:href="toad-20121231.xsd#TOAD_BalanceMarch312012" xlink:label="loc_TOADBalanceMarch312012" />
      <link:presentationArc order="210" xlink:arcrole="http://www.xbrl.org/2003/arcrole/parent-child" xlink:from="loc_TOADStatementLineItems" xlink:to="loc_TOADBalanceMarch312012" xlink:type="arc" />
      <link:loc xlink:type="locator" xlink:href="toad-20121231.xsd#TOAD_ContributedCapitalNote6" xlink:label="loc_TOADContributedCapitalNote6" />
      <link:presentationArc order="220" xlink:arcrole="http://www.xbrl.org/2003/arcrole/parent-child" xlink:from="loc_TOADStatementLineItems" xlink:to="loc_TOADContributedCapitalNote6" xlink:type="arc" />
      <link:loc xlink:type="locator" xlink:href="toad-20121231.xsd#TOAD_DeficitFor9MonthPeriodEndedDec312012" xlink:label="loc_TOADDeficitFor9MonthPeriodEndedDec312012" />
      <link:presentationArc order="230" xlink:arcrole="http://www.xbrl.org/2003/arcrole/parent-child" xlink:from="loc_TOADStatementLineItems" xlink:to="loc_TOADDeficitFor9MonthPeriodEndedDec312012" xlink:type="arc" />
      <link:loc xlink:type="locator" xlink:href="http://xbrl.fasb.org/us-gaap/2012/elts/us-gaap-2012-01-31.xsd#us-gaap_SharesIssued" xlink:label="loc_TOADSharesIssued" />
      <link:presentationArc order="240" xlink:arcrole="http://www.xbrl.org/2003/arcrole/parent-child" xlink:from="loc_TOADStatementLineItems" xlink:to="loc_TOADSharesIssued" xlink:type="arc" preferredLabel="http://www.xbrl.org/2003/role/periodEndLabel" />
    </link:presentationLink>
    <link:presentationLink xlink:type="extended" xlink:role="http://toadistributionsystemsinc.com/role/BasisOfPresentation" xlink:title="0007 - Disclosure - BASIS OF PRESENTATION">
      <link:loc xlink:type="locator" xlink:href="toad-20121231.xsd#TOAD_NotesToFinancialStatementsAbstract" xlink:label="loc_TOADNotesToFinancialStatementsAbstract" />
      <link:loc xlink:type="locator" xlink:href="toad-20121231.xsd#TOAD_BasisOfPresentationTextBlock" xlink:label="loc_TOADBasisOfPresentationTextBlock" />
      <link:presentationArc order="0" xlink:arcrole="http://www.xbrl.org/2003/arcrole/parent-child" xlink:from="loc_TOADNotesToFinancialStatementsAbstract" xlink:to="loc_TOADBasisOfPresentationTextBlock" xlink:type="arc" />
    </link:presentationLink>
    <link:presentationLink xlink:type="extended" xlink:role="http://toadistributionsystemsinc.com/role/GoingConcern" xlink:title="0008 - Disclosure - GOING CONCERN">
      <link:loc xlink:type="locator" xlink:href="toad-20121231.xsd#TOAD_NotesToFinancialStatementsAbstract" xlink:label="loc_TOADNotesToFinancialStatementsAbstract" />
      <link:loc xlink:type="locator" xlink:href="toad-20121231.xsd#TOAD_GoingConcernTextBlock" xlink:label="loc_TOADGoingConcernTextBlock" />
      <link:presentationArc order="0" xlink:arcrole="http://www.xbrl.org/2003/arcrole/parent-child" xlink:from="loc_TOADNotesToFinancialStatementsAbstract" xlink:to="loc_TOADGoingConcernTextBlock" xlink:type="arc" />
    </link:presentationLink>
    <link:presentationLink xlink:type="extended" xlink:role="http://toadistributionsystemsinc.com/role/Sub-DistributionAgreement" xlink:title="0009 - Disclosure - SUB-DISTRIBUTION AGREEMENT">
      <link:loc xlink:type="locator" xlink:href="toad-20121231.xsd#TOAD_NotesToFinancialStatementsAbstract" xlink:label="loc_TOADNotesToFinancialStatementsAbstract" />
      <link:loc xlink:type="locator" xlink:href="toad-20121231.xsd#TOAD_SubdistributionAgreementTextBlock" xlink:label="loc_TOADSubdistributionAgreementTextBlock" />
      <link:presentationArc order="0" xlink:arcrole="http://www.xbrl.org/2003/arcrole/parent-child" xlink:from="loc_TOADNotesToFinancialStatementsAbstract" xlink:to="loc_TOADSubdistributionAgreementTextBlock" xlink:type="arc" />
    </link:presentationLink>
    <link:presentationLink xlink:type="extended" xlink:role="http://toadistributionsystemsinc.com/role/LoansPayableRelatedParties" xlink:title="0010 - Disclosure - LOANS PAYABLE &#8211; RELATED PARTIES">
      <link:loc xlink:type="locator" xlink:href="toad-20121231.xsd#TOAD_NotesToFinancialStatementsAbstract" xlink:label="loc_TOADNotesToFinancialStatementsAbstract" />
      <link:loc xlink:type="locator" xlink:href="toad-20121231.xsd#TOAD_LoansPayableRelatedPartiesTextBlock" xlink:label="loc_TOADLoansPayableRelatedPartiesTextBlock" />
      <link:presentationArc order="0" xlink:arcrole="http://www.xbrl.org/2003/arcrole/parent-child" xlink:from="loc_TOADNotesToFinancialStatementsAbstract" xlink:to="loc_TOADLoansPayableRelatedPartiesTextBlock" xlink:type="arc" />
    </link:presentationLink>
    <link:presentationLink xlink:type="extended" xlink:role="http://toadistributionsystemsinc.com/role/Equity" xlink:title="0011 - Disclosure - EQUITY">
      <link:loc xlink:type="locator" xlink:href="toad-20121231.xsd#TOAD_NotesToFinancialStatementsAbstract" xlink:label="loc_TOADNotesToFinancialStatementsAbstract" />
      <link:loc xlink:type="locator" xlink:href="toad-20121231.xsd#TOAD_EquityTextBlock" xlink:label="loc_TOADEquityTextBlock" />
      <link:presentationArc order="0" xlink:arcrole="http://www.xbrl.org/2003/arcrole/parent-child" xlink:from="loc_TOADNotesToFinancialStatementsAbstract" xlink:to="loc_TOADEquityTextBlock" xlink:type="arc" />
    </link:presentationLink>
    <link:presentationLink xlink:type="extended" xlink:role="http://toadistributionsystemsinc.com/role/ContributedSurplus" xlink:title="0012 - Disclosure - CONTRIBUTED SURPLUS">
      <link:loc xlink:type="locator" xlink:href="toad-20121231.xsd#TOAD_NotesToFinancialStatementsAbstract" xlink:label="loc_TOADNotesToFinancialStatementsAbstract" />
      <link:loc xlink:type="locator" xlink:href="toad-20121231.xsd#TOAD_ContributedSurplusTextBlock" xlink:label="loc_TOADContributedSurplusTextBlock" />
      <link:presentationArc order="0" xlink:arcrole="http://www.xbrl.org/2003/arcrole/parent-child" xlink:from="loc_TOADNotesToFinancialStatementsAbstract" xlink:to="loc_TOADContributedSurplusTextBlock" xlink:type="arc" />
    </link:presentationLink>
    <link:presentationLink xlink:type="extended" xlink:role="http://toadistributionsystemsinc.com/role/SubsequentEvents" xlink:title="0013 - Disclosure - SUBSEQUENT EVENTS">
      <link:loc xlink:type="locator" xlink:href="http://xbrl.fasb.org/us-gaap/2012/elts/us-gaap-2012-01-31.xsd#us-gaap_SubsequentEventsAbstract" xlink:label="loc_TOADSubsequentEventsAbstract" />
      <link:loc xlink:type="locator" xlink:href="http://xbrl.fasb.org/us-gaap/2012/elts/us-gaap-2012-01-31.xsd#us-gaap_SubsequentEventsTextBlock" xlink:label="loc_TOADSubsequentEventsTextBlock" />
      <link:presentationArc order="0" xlink:arcrole="http://www.xbrl.org/2003/arcrole/parent-child" xlink:from="loc_TOADSubsequentEventsAbstract" xlink:to="loc_TOADSubsequentEventsTextBlock" xlink:type="arc" />
    </link:presentationLink>
    <link:presentationLink xlink:type="extended" xlink:role="http://toadistributionsystemsinc.com/role/Sub-DistributionAgreementDetailsNarrative" xlink:title="0014 - Disclosure - SUB-DISTRIBUTION AGREEMENT (Details Narrative)">
      <link:loc xlink:type="locator" xlink:href="toad-20121231.xsd#TOAD_NotesToFinancialStatementsAbstract" xlink:label="loc_TOADNotesToFinancialStatementsAbstract" />
      <link:loc xlink:type="locator" xlink:href="toad-20121231.xsd#TOAD_PaymentForAgreement" xlink:label="loc_TOADPaymentForAgreement" />
      <link:presentationArc order="0" xlink:arcrole="http://www.xbrl.org/2003/arcrole/parent-child" xlink:from="loc_TOADNotesToFinancialStatementsAbstract" xlink:to="loc_TOADPaymentForAgreement" xlink:type="arc" />
      <link:loc xlink:type="locator" xlink:href="toad-20121231.xsd#TOAD_AcquisitionPaidByIssuance" xlink:label="loc_TOADAcquisitionPaidByIssuance" />
      <link:presentationArc order="10" xlink:arcrole="http://www.xbrl.org/2003/arcrole/parent-child" xlink:from="loc_TOADNotesToFinancialStatementsAbstract" xlink:to="loc_TOADAcquisitionPaidByIssuance" xlink:type="arc" />
      <link:loc xlink:type="locator" xlink:href="toad-20121231.xsd#TOAD_PerShares" xlink:label="loc_TOADPerShares" />
      <link:presentationArc order="20" xlink:arcrole="http://www.xbrl.org/2003/arcrole/parent-child" xlink:from="loc_TOADNotesToFinancialStatementsAbstract" xlink:to="loc_TOADPerShares" xlink:type="arc" />
    </link:presentationLink>
    <link:presentationLink xlink:type="extended" xlink:role="http://toadistributionsystemsinc.com/role/LoansPayableRelatedPartiesDetailsNarrative" xlink:title="0015 - Disclosure - LOANS PAYABLE &#8211; RELATED PARTIES (Details Narrative)">
      <link:loc xlink:type="locator" xlink:href="toad-20121231.xsd#TOAD_NotesToFinancialStatementsAbstract" xlink:label="loc_TOADNotesToFinancialStatementsAbstract" />
      <link:loc xlink:type="locator" xlink:href="toad-20121231.xsd#TOAD_LoansPayable1" xlink:label="loc_TOADLoansPayable1" />
      <link:presentationArc order="0" xlink:arcrole="http://www.xbrl.org/2003/arcrole/parent-child" xlink:from="loc_TOADNotesToFinancialStatementsAbstract" xlink:to="loc_TOADLoansPayable1" xlink:type="arc" />
      <link:loc xlink:type="locator" xlink:href="toad-20121231.xsd#TOAD_PrincipalAmount" xlink:label="loc_TOADPrincipalAmount" />
      <link:presentationArc order="10" xlink:arcrole="http://www.xbrl.org/2003/arcrole/parent-child" xlink:from="loc_TOADNotesToFinancialStatementsAbstract" xlink:to="loc_TOADPrincipalAmount" xlink:type="arc" />
      <link:loc xlink:type="locator" xlink:href="toad-20121231.xsd#TOAD_AccruedInterest" xlink:label="loc_TOADAccruedInterest" />
      <link:presentationArc order="20" xlink:arcrole="http://www.xbrl.org/2003/arcrole/parent-child" xlink:from="loc_TOADNotesToFinancialStatementsAbstract" xlink:to="loc_TOADAccruedInterest" xlink:type="arc" />
      <link:loc xlink:type="locator" xlink:href="toad-20121231.xsd#TOAD_RelatedParties" xlink:label="loc_TOADRelatedParties" />
      <link:presentationArc order="30" xlink:arcrole="http://www.xbrl.org/2003/arcrole/parent-child" xlink:from="loc_TOADNotesToFinancialStatementsAbstract" xlink:to="loc_TOADRelatedParties" xlink:type="arc" />
      <link:loc xlink:type="locator" xlink:href="toad-20121231.xsd#TOAD_PrincipalAmount1" xlink:label="loc_TOADPrincipalAmount1" />
      <link:presentationArc order="40" xlink:arcrole="http://www.xbrl.org/2003/arcrole/parent-child" xlink:from="loc_TOADNotesToFinancialStatementsAbstract" xlink:to="loc_TOADPrincipalAmount1" xlink:type="arc" preferredLabel="http://www.xbrl.org/2003/role/verboseLabel" />
      <link:loc xlink:type="locator" xlink:href="toad-20121231.xsd#TOAD_AccruedInterest1" xlink:label="loc_TOADAccruedInterest1" />
      <link:presentationArc order="50" xlink:arcrole="http://www.xbrl.org/2003/arcrole/parent-child" xlink:from="loc_TOADNotesToFinancialStatementsAbstract" xlink:to="loc_TOADAccruedInterest1" xlink:type="arc" preferredLabel="http://www.xbrl.org/2003/role/verboseLabel" />
      <link:loc xlink:type="locator" xlink:href="toad-20121231.xsd#TOAD_LoansPayableRelatedParties" xlink:label="loc_TOADLoansPayableRelatedParties" />
      <link:presentationArc order="60" xlink:arcrole="http://www.xbrl.org/2003/arcrole/parent-child" xlink:from="loc_TOADNotesToFinancialStatementsAbstract" xlink:to="loc_TOADLoansPayableRelatedParties" xlink:type="arc" />
      <link:loc xlink:type="locator" xlink:href="toad-20121231.xsd#TOAD_PrincipalAmount2" xlink:label="loc_TOADPrincipalAmount2" />
      <link:presentationArc order="70" xlink:arcrole="http://www.xbrl.org/2003/arcrole/parent-child" xlink:from="loc_TOADNotesToFinancialStatementsAbstract" xlink:to="loc_TOADPrincipalAmount2" xlink:type="arc" preferredLabel="http://www.xbrl.org/2003/role/verboseLabel" />
      <link:loc xlink:type="locator" xlink:href="toad-20121231.xsd#TOAD_AccruedInterest3" xlink:label="loc_TOADAccruedInterest3" />
      <link:presentationArc order="80" xlink:arcrole="http://www.xbrl.org/2003/arcrole/parent-child" xlink:from="loc_TOADNotesToFinancialStatementsAbstract" xlink:to="loc_TOADAccruedInterest3" xlink:type="arc" preferredLabel="http://www.xbrl.org/2003/role/verboseLabel" />
      <link:loc xlink:type="locator" xlink:href="toad-20121231.xsd#TOAD_MineralClaimsToRelatedParty1" xlink:label="loc_TOADMineralClaimsToRelatedParty1" />
      <link:presentationArc order="90" xlink:arcrole="http://www.xbrl.org/2003/arcrole/parent-child" xlink:from="loc_TOADNotesToFinancialStatementsAbstract" xlink:to="loc_TOADMineralClaimsToRelatedParty1" xlink:type="arc" />
      <link:loc xlink:type="locator" xlink:href="toad-20121231.xsd#TOAD_RelatedPartyLoansPrincipal1" xlink:label="loc_TOADRelatedPartyLoansPrincipal1" />
      <link:presentationArc order="100" xlink:arcrole="http://www.xbrl.org/2003/arcrole/parent-child" xlink:from="loc_TOADNotesToFinancialStatementsAbstract" xlink:to="loc_TOADRelatedPartyLoansPrincipal1" xlink:type="arc" />
      <link:loc xlink:type="locator" xlink:href="toad-20121231.xsd#TOAD_AccruedInterestPayable1" xlink:label="loc_TOADAccruedInterestPayable1" />
      <link:presentationArc order="110" xlink:arcrole="http://www.xbrl.org/2003/arcrole/parent-child" xlink:from="loc_TOADNotesToFinancialStatementsAbstract" xlink:to="loc_TOADAccruedInterestPayable1" xlink:type="arc" />
    </link:presentationLink>
    <link:presentationLink xlink:type="extended" xlink:role="http://toadistributionsystemsinc.com/role/EquityDetailsNarrative" xlink:title="0016 - Disclosure - EQUITY (Details Narrative)">
      <link:loc xlink:type="locator" xlink:href="toad-20121231.xsd#TOAD_NotesToFinancialStatementsAbstract" xlink:label="loc_TOADNotesToFinancialStatementsAbstract" />
      <link:loc xlink:type="locator" xlink:href="toad-20121231.xsd#TOAD_PreferredStockShares" xlink:label="loc_TOADPreferredStockShares" />
      <link:presentationArc order="0" xlink:arcrole="http://www.xbrl.org/2003/arcrole/parent-child" xlink:from="loc_TOADNotesToFinancialStatementsAbstract" xlink:to="loc_TOADPreferredStockShares" xlink:type="arc" />
      <link:loc xlink:type="locator" xlink:href="toad-20121231.xsd#TOAD_ParValue" xlink:label="loc_TOADParValue" />
      <link:presentationArc order="10" xlink:arcrole="http://www.xbrl.org/2003/arcrole/parent-child" xlink:from="loc_TOADNotesToFinancialStatementsAbstract" xlink:to="loc_TOADParValue" xlink:type="arc" />
      <link:loc xlink:type="locator" xlink:href="toad-20121231.xsd#TOAD_CommonStockShares" xlink:label="loc_TOADCommonStockShares" />
      <link:presentationArc order="20" xlink:arcrole="http://www.xbrl.org/2003/arcrole/parent-child" xlink:from="loc_TOADNotesToFinancialStatementsAbstract" xlink:to="loc_TOADCommonStockShares" xlink:type="arc" />
      <link:loc xlink:type="locator" xlink:href="toad-20121231.xsd#TOAD_ParValue1" xlink:label="loc_TOADParValue1" />
      <link:presentationArc order="30" xlink:arcrole="http://www.xbrl.org/2003/arcrole/parent-child" xlink:from="loc_TOADNotesToFinancialStatementsAbstract" xlink:to="loc_TOADParValue1" xlink:type="arc" />
      <link:loc xlink:type="locator" xlink:href="toad-20121231.xsd#TOAD_AdditionalPaidInCapital1" xlink:label="loc_TOADAdditionalPaidInCapital1" />
      <link:presentationArc order="40" xlink:arcrole="http://www.xbrl.org/2003/arcrole/parent-child" xlink:from="loc_TOADNotesToFinancialStatementsAbstract" xlink:to="loc_TOADAdditionalPaidInCapital1" xlink:type="arc" />
      <link:loc xlink:type="locator" xlink:href="toad-20121231.xsd#TOAD_CommonSharesIssuedAndOutstanding" xlink:label="loc_TOADCommonSharesIssuedAndOutstanding" />
      <link:presentationArc order="50" xlink:arcrole="http://www.xbrl.org/2003/arcrole/parent-child" xlink:from="loc_TOADNotesToFinancialStatementsAbstract" xlink:to="loc_TOADCommonSharesIssuedAndOutstanding" xlink:type="arc" />
      <link:loc xlink:type="locator" xlink:href="toad-20121231.xsd#TOAD_CommonSharesIssuedToDirector" xlink:label="loc_TOADCommonSharesIssuedToDirector" />
      <link:presentationArc order="60" xlink:arcrole="http://www.xbrl.org/2003/arcrole/parent-child" xlink:from="loc_TOADNotesToFinancialStatementsAbstract" xlink:to="loc_TOADCommonSharesIssuedToDirector" xlink:type="arc" />
      <link:loc xlink:type="locator" xlink:href="toad-20121231.xsd#TOAD_ParValue3" xlink:label="loc_TOADParValue3" />
      <link:presentationArc order="70" xlink:arcrole="http://www.xbrl.org/2003/arcrole/parent-child" xlink:from="loc_TOADNotesToFinancialStatementsAbstract" xlink:to="loc_TOADParValue3" xlink:type="arc" />
      <link:loc xlink:type="locator" xlink:href="toad-20121231.xsd#TOAD_CommonSharesIssuedForServices" xlink:label="loc_TOADCommonSharesIssuedForServices" />
      <link:presentationArc order="80" xlink:arcrole="http://www.xbrl.org/2003/arcrole/parent-child" xlink:from="loc_TOADNotesToFinancialStatementsAbstract" xlink:to="loc_TOADCommonSharesIssuedForServices" xlink:type="arc" />
      <link:loc xlink:type="locator" xlink:href="toad-20121231.xsd#TOAD_ParValue4" xlink:label="loc_TOADParValue4" />
      <link:presentationArc order="90" xlink:arcrole="http://www.xbrl.org/2003/arcrole/parent-child" xlink:from="loc_TOADNotesToFinancialStatementsAbstract" xlink:to="loc_TOADParValue4" xlink:type="arc" preferredLabel="http://www.xbrl.org/2003/role/verboseLabel" />
      <link:loc xlink:type="locator" xlink:href="toad-20121231.xsd#TOAD_CommonSharesIssuedForMiningProperty" xlink:label="loc_TOADCommonSharesIssuedForMiningProperty" />
      <link:presentationArc order="100" xlink:arcrole="http://www.xbrl.org/2003/arcrole/parent-child" xlink:from="loc_TOADNotesToFinancialStatementsAbstract" xlink:to="loc_TOADCommonSharesIssuedForMiningProperty" xlink:type="arc" />
      <link:loc xlink:type="locator" xlink:href="toad-20121231.xsd#TOAD_ParValue5" xlink:label="loc_TOADParValue5" />
      <link:presentationArc order="110" xlink:arcrole="http://www.xbrl.org/2003/arcrole/parent-child" xlink:from="loc_TOADNotesToFinancialStatementsAbstract" xlink:to="loc_TOADParValue5" xlink:type="arc" preferredLabel="http://www.xbrl.org/2003/role/verboseLabel" />
      <link:loc xlink:type="locator" xlink:href="toad-20121231.xsd#TOAD_CommonSharesIssuedForCash" xlink:label="loc_TOADCommonSharesIssuedForCash" />
      <link:presentationArc order="120" xlink:arcrole="http://www.xbrl.org/2003/arcrole/parent-child" xlink:from="loc_TOADNotesToFinancialStatementsAbstract" xlink:to="loc_TOADCommonSharesIssuedForCash" xlink:type="arc" />
      <link:loc xlink:type="locator" xlink:href="toad-20121231.xsd#TOAD_CommonSharesIssuedForAccountsPayable" xlink:label="loc_TOADCommonSharesIssuedForAccountsPayable" />
      <link:presentationArc order="130" xlink:arcrole="http://www.xbrl.org/2003/arcrole/parent-child" xlink:from="loc_TOADNotesToFinancialStatementsAbstract" xlink:to="loc_TOADCommonSharesIssuedForAccountsPayable" xlink:type="arc" />
      <link:loc xlink:type="locator" xlink:href="toad-20121231.xsd#TOAD_CommonSharesIssuedToRelatedPartyForLoanPayable" xlink:label="loc_TOADCommonSharesIssuedToRelatedPartyForLoanPayable" />
      <link:presentationArc order="140" xlink:arcrole="http://www.xbrl.org/2003/arcrole/parent-child" xlink:from="loc_TOADNotesToFinancialStatementsAbstract" xlink:to="loc_TOADCommonSharesIssuedToRelatedPartyForLoanPayable" xlink:type="arc" />
      <link:loc xlink:type="locator" xlink:href="toad-20121231.xsd#TOAD_CommonSharesIssuedForSubdistributionAgreement" xlink:label="loc_TOADCommonSharesIssuedForSubdistributionAgreement" />
      <link:presentationArc order="150" xlink:arcrole="http://www.xbrl.org/2003/arcrole/parent-child" xlink:from="loc_TOADNotesToFinancialStatementsAbstract" xlink:to="loc_TOADCommonSharesIssuedForSubdistributionAgreement" xlink:type="arc" />
    </link:presentationLink>
    <link:presentationLink xlink:type="extended" xlink:role="http://toadistributionsystemsinc.com/role/ContributedSurplusDetailsNarrative" xlink:title="0017 - Disclosure - CONTRIBUTED SURPLUS (Details Narrative)">
      <link:loc xlink:type="locator" xlink:href="toad-20121231.xsd#TOAD_NotesToFinancialStatementsAbstract" xlink:label="loc_TOADNotesToFinancialStatementsAbstract" />
      <link:loc xlink:type="locator" xlink:href="toad-20121231.xsd#TOAD_AccruedInterest4" xlink:label="loc_TOADAccruedInterest4" />
      <link:presentationArc order="0" xlink:arcrole="http://www.xbrl.org/2003/arcrole/parent-child" xlink:from="loc_TOADNotesToFinancialStatementsAbstract" xlink:to="loc_TOADAccruedInterest4" xlink:type="arc" preferredLabel="http://www.xbrl.org/2003/role/verboseLabel" />
      <link:loc xlink:type="locator" xlink:href="toad-20121231.xsd#TOAD_InterestPayable4" xlink:label="loc_TOADInterestPayable4" />
      <link:presentationArc order="10" xlink:arcrole="http://www.xbrl.org/2003/arcrole/parent-child" xlink:from="loc_TOADNotesToFinancialStatementsAbstract" xlink:to="loc_TOADInterestPayable4" xlink:type="arc" />
    </link:presentationLink>
</link:linkbase>
