<?xml version="1.0" encoding="us-ascii"?>
<!--XBRL document created by RR Donnelley IM Processor 6.0.0.0 using Fujitsu Interstage XWand-->
<xbrl xmlns:cfvst9="http://www.columbiamanagement.com/20130118" xmlns:xsi="http://www.w3.org/2001/XMLSchema-instance" xmlns:dei="http://xbrl.sec.gov/dei/2012-01-31" xmlns:rr="http://xbrl.sec.gov/rr/2012-01-31" xmlns:link="http://www.xbrl.org/2003/linkbase" xmlns:xbrldi="http://xbrl.org/2006/xbrldi" xmlns:iso4217="http://www.xbrl.org/2003/iso4217" xmlns:xlink="http://www.w3.org/1999/xlink" xmlns="http://www.xbrl.org/2003/instance">
  <link:schemaRef xlink:type="simple" xlink:href="cfvst9-20130118.xsd" />
  <context id="Duration_02May2011_01May2012">
    <entity>
      <identifier scheme="http://www.sec.gov/CIK">0001413032</identifier>
    </entity>
    <period>
      <startDate>2011-05-02</startDate>
      <endDate>2012-05-01</endDate>
    </period>
  </context>
  <context id="Duration_02May2011_01May2012S000028707_Member">
    <entity>
      <identifier scheme="http://www.sec.gov/CIK">0001413032</identifier>
      <segment>
        <xbrldi:explicitMember dimension="dei:LegalEntityAxis">cfvst9:S000028707Member</xbrldi:explicitMember>
      </segment>
    </entity>
    <period>
      <startDate>2011-05-02</startDate>
      <endDate>2012-05-01</endDate>
    </period>
  </context>
  <rr:ProspectusDate contextRef="Duration_02May2011_01May2012">2012-05-01</rr:ProspectusDate>
  <dei:EntityRegistrantName contextRef="Duration_02May2011_01May2012">Columbia Funds Variable Series Trust II</dei:EntityRegistrantName>
  <dei:EntityCentralIndexKey contextRef="Duration_02May2011_01May2012">0001413032</dei:EntityCentralIndexKey>
  <dei:DocumentType contextRef="Duration_02May2011_01May2012">Other</dei:DocumentType>
  <dei:AmendmentFlag contextRef="Duration_02May2011_01May2012">false</dei:AmendmentFlag>
  <dei:DocumentCreationDate contextRef="Duration_02May2011_01May2012">2013-01-18</dei:DocumentCreationDate>
  <dei:DocumentEffectiveDate contextRef="Duration_02May2011_01May2012">2013-01-18</dei:DocumentEffectiveDate>
  <dei:DocumentPeriodEndDate contextRef="Duration_02May2011_01May2012">2011-12-31</dei:DocumentPeriodEndDate>
  <cfvst9:SupplementTextBlock contextRef="Duration_02May2011_01May2012S000028707_Member">&lt;table style="BORDER-COLLAPSE: collapse" border="0" cellspacing="0" cellpadding="0" width="100%" align="center"&gt;  &lt;tr&gt; &lt;td width="85%"&gt;&lt;/td&gt; &lt;td valign="bottom" width="1%"&gt;&lt;/td&gt; &lt;td width="14%"&gt;&lt;/td&gt;&lt;/tr&gt; &lt;tr bgcolor="#000000"&gt; &lt;td bgcolor="#000000" valign="bottom" colspan="3" align="center"&gt; &lt;p style="MARGIN-TOP: 0px; MARGIN-BOTTOM: 0px" align="center"&gt;&lt;font style="FONT-FAMILY: ARIAL" color="#ffffff" size="2"&gt;&lt;/font&gt;&lt;font style="FONT-FAMILY: ARIAL" size="2"&gt;&lt;b&gt;&lt;font color="#ffffff" size="2"&gt;Prospectus Supplement &amp;#151; January 18, 2013&lt;/font&gt;&lt;/b&gt;&lt;/font&gt;&lt;/p&gt; &lt;p style="MARGIN-TOP: 0px; MARGIN-BOTTOM: 1px" align="center"&gt;&lt;font style="FONT-FAMILY: ARIAL" color="#ffffff" size="2"&gt;&lt;/font&gt;&lt;font style="FONT-FAMILY: ARIAL" size="2"&gt;&lt;b&gt;&lt;font color="#ffffff" size="2"&gt;&lt;/font&gt;&lt;/b&gt;&lt;font color="#ffffff" size="2"&gt;&lt;i&gt;to the Prospectus listed below, as supplemented&lt;/i&gt;&lt;/font&gt;&lt;font color="#ffffff" size="2"&gt;&lt;b&gt;&lt;/b&gt;&lt;/font&gt;&lt;/font&gt;&lt;/p&gt;&lt;/td&gt;&lt;/tr&gt; &lt;tr&gt; &lt;td height="5"&gt;&lt;/td&gt; &lt;td height="5" colspan="2"&gt;&lt;/td&gt;&lt;/tr&gt; &lt;tr&gt; &lt;td valign="bottom"&gt;&lt;font style="FONT-FAMILY: ARIAL" size="2"&gt;Fund&lt;/font&gt;&lt;/td&gt; &lt;td valign="bottom"&gt;&lt;font size="1"&gt;&amp;nbsp;&amp;nbsp;&lt;/font&gt;&lt;/td&gt; &lt;td valign="bottom" align="center"&gt;&lt;font style="FONT-FAMILY: ARIAL" size="2"&gt;Prospectus&amp;nbsp;Dated&lt;/font&gt;&lt;/td&gt;&lt;/tr&gt; &lt;tr bgcolor="#e5e5e5"&gt; &lt;td valign="top"&gt; &lt;font style="FONT-FAMILY: ARIAL" size="1"&gt;Variable Portfolio-Invesco International Growth Fund&lt;/font&gt;&lt;/td&gt; &lt;td valign="bottom"&gt;&lt;font size="1"&gt;&amp;nbsp;&amp;nbsp;&lt;/font&gt;&lt;/td&gt; &lt;td valign="top" nowrap="nowrap" align="right"&gt;&lt;font style="FONT-FAMILY: ARIAL" size="1"&gt;May 1, 2012&lt;/font&gt;&lt;/td&gt;&lt;/tr&gt;&lt;/table&gt;&lt;p style="font-family: 'Times New Roman'; font-size: medium; text-align: start; background-color: rgb(255, 255, 255); margin-top: 8px; margin-bottom: 0px;"&gt;&lt;font size="2"&gt;&lt;i&gt;The Principal Investment Strategies of the Fund, as described under Summary of VP-Invesco International Growth Fund, are superseded and replaced as follows:&lt;/i&gt;&lt;/font&gt;&lt;/p&gt;&lt;p style="margin-top:10px;margin-bottom:2px"&gt;&lt;/p&gt;&lt;p style="font-family: 'Times New Roman'; font-size: medium; text-align: start; background-color: rgb(255, 255, 255); margin-top: 8px; margin-bottom: 0px;"&gt;&lt;font size="2"&gt;&lt;b&gt;PRINCIPAL INVESTMENT STRATEGIES OF THE FUND &lt;/b&gt;&lt;/font&gt;&lt;/p&gt;&lt;p style="margin-top:4px;margin-bottom:0px"&gt;&lt;/p&gt;&lt;font style="FONT-FAMILY: Times New Roman" size="2"&gt;The Fund&amp;#146;s assets are primarily invested in equity securities of foreign issuers. The Fund will normally invest in securities of companies located in at least three countries outside the U.S., emphasizing investment in companies in the developed countries of Western Europe and the Pacific Basin. The Fund may also invest up to 30% of its net assets in securities that provide exposure to emerging markets. &lt;/font&gt;&lt;p style="margin-top:4px;margin-bottom:0px"&gt;&lt;/p&gt;&lt;font style="FONT-FAMILY: Times New Roman" size="2"&gt;The Fund can utilize forward foreign currency contracts to mitigate the risk of foreign currency exposure. The Fund can invest in futures contracts, including index futures, to seek exposure to certain asset classes. The Fund may also hold warrants in connection with the acquisition of securities. &lt;/font&gt;</cfvst9:SupplementTextBlock>
  <rr:StrategyHeading contextRef="Duration_02May2011_01May2012S000028707_Member">&lt;font style="FONT-FAMILY: Times New Roman" size="2"&gt;&lt;b&gt;PRINCIPAL INVESTMENT STRATEGIES OF THE FUND &lt;/b&gt;&lt;/font&gt;</rr:StrategyHeading>
  <rr:StrategyNarrativeTextBlock contextRef="Duration_02May2011_01May2012S000028707_Member">&lt;font style="FONT-FAMILY: Times New Roman" size="2"&gt;The Fund&amp;#146;s assets are primarily invested in equity securities of foreign issuers. The Fund will normally invest in securities of companies located in at least three countries outside the U.S., emphasizing investment in companies in the developed countries of Western Europe and the Pacific Basin. The Fund may also invest up to 30% of its net assets in securities that provide exposure to emerging markets. &lt;/font&gt;&lt;p style="margin-top:4px;margin-bottom:0px"&gt;&lt;/p&gt;&lt;font style="FONT-FAMILY: Times New Roman" size="2"&gt;The Fund can utilize forward foreign currency contracts to mitigate the risk of foreign currency exposure. The Fund can invest in futures contracts, including index futures, to seek exposure to certain asset classes. The Fund may also hold warrants in connection with the acquisition of securities. &lt;/font&gt;</rr:StrategyNarrativeTextBlock>
  <cfvst9:SupplementTextBlock contextRef="Duration_02May2011_01May2012">&lt;table style="BORDER-COLLAPSE: collapse" border="0" cellspacing="0" cellpadding="0" width="100%" align="center"&gt;  &lt;tr&gt; &lt;td width="85%"&gt;&lt;/td&gt; &lt;td valign="bottom" width="1%"&gt;&lt;/td&gt; &lt;td width="14%"&gt;&lt;/td&gt;&lt;/tr&gt; &lt;tr bgcolor="#000000"&gt; &lt;td bgcolor="#000000" valign="bottom" colspan="3" align="center"&gt; &lt;p style="MARGIN-TOP: 0px; MARGIN-BOTTOM: 0px" align="center"&gt;&lt;font style="FONT-FAMILY: ARIAL" color="#ffffff" size="2"&gt;&lt;/font&gt;&lt;font style="FONT-FAMILY: ARIAL" size="2"&gt;&lt;b&gt;&lt;font color="#ffffff" size="2"&gt;Prospectus Supplement &amp;#151; January 18, 2013&lt;/font&gt;&lt;/b&gt;&lt;/font&gt;&lt;/p&gt; &lt;p style="MARGIN-TOP: 0px; MARGIN-BOTTOM: 1px" align="center"&gt;&lt;font style="FONT-FAMILY: ARIAL" color="#ffffff" size="2"&gt;&lt;/font&gt;&lt;font style="FONT-FAMILY: ARIAL" size="2"&gt;&lt;b&gt;&lt;font color="#ffffff" size="2"&gt;&lt;/font&gt;&lt;/b&gt;&lt;font color="#ffffff" size="2"&gt;&lt;i&gt;to the Prospectus listed below, as supplemented&lt;/i&gt;&lt;/font&gt;&lt;font color="#ffffff" size="2"&gt;&lt;b&gt;&lt;/b&gt;&lt;/font&gt;&lt;/font&gt;&lt;/p&gt;&lt;/td&gt;&lt;/tr&gt; &lt;tr&gt; &lt;td height="5"&gt;&lt;/td&gt; &lt;td height="5" colspan="2"&gt;&lt;/td&gt;&lt;/tr&gt; &lt;tr&gt; &lt;td valign="bottom"&gt;&lt;font style="FONT-FAMILY: ARIAL" size="2"&gt;Fund&lt;/font&gt;&lt;/td&gt; &lt;td valign="bottom"&gt;&lt;font size="1"&gt;&amp;nbsp;&amp;nbsp;&lt;/font&gt;&lt;/td&gt; &lt;td valign="bottom" align="center"&gt;&lt;font style="FONT-FAMILY: ARIAL" size="2"&gt;Prospectus&amp;nbsp;Dated&lt;/font&gt;&lt;/td&gt;&lt;/tr&gt; &lt;tr bgcolor="#e5e5e5"&gt; &lt;td valign="top"&gt; &lt;font style="FONT-FAMILY: ARIAL" size="1"&gt;Variable Portfolio-Invesco International Growth Fund&lt;/font&gt;&lt;/td&gt; &lt;td valign="bottom"&gt;&lt;font size="1"&gt;&amp;nbsp;&amp;nbsp;&lt;/font&gt;&lt;/td&gt; &lt;td valign="top" nowrap="nowrap" align="right"&gt;&lt;font style="FONT-FAMILY: ARIAL" size="1"&gt;May 1, 2012&lt;/font&gt;&lt;/td&gt;&lt;/tr&gt;&lt;/table&gt;&lt;p style="font-family: 'Times New Roman'; font-size: medium; text-align: start; background-color: rgb(255, 255, 255); margin-top: 8px; margin-bottom: 0px;"&gt;&lt;font size="2"&gt;&lt;i&gt;The Principal Investment Strategies of the Fund, as described under Summary of VP-Invesco International Growth Fund, are superseded and replaced as follows:&lt;/i&gt;&lt;/font&gt;&lt;/p&gt;&lt;p style="margin-top:10px;margin-bottom:2px"&gt;&lt;/p&gt;&lt;p style="font-family: 'Times New Roman'; font-size: medium; text-align: start; background-color: rgb(255, 255, 255); margin-top: 8px; margin-bottom: 0px;"&gt;&lt;font size="2"&gt;&lt;b&gt;PRINCIPAL INVESTMENT STRATEGIES OF THE FUND &lt;/b&gt;&lt;/font&gt;&lt;/p&gt;&lt;p style="margin-top:4px;margin-bottom:0px"&gt;&lt;/p&gt;&lt;font style="FONT-FAMILY: Times New Roman" size="2"&gt;The Fund&amp;#146;s assets are primarily invested in equity securities of foreign issuers. The Fund will normally invest in securities of companies located in at least three countries outside the U.S., emphasizing investment in companies in the developed countries of Western Europe and the Pacific Basin. The Fund may also invest up to 30% of its net assets in securities that provide exposure to emerging markets. &lt;/font&gt;&lt;p style="margin-top:4px;margin-bottom:0px"&gt;&lt;/p&gt;&lt;font style="FONT-FAMILY: Times New Roman" size="2"&gt;The Fund can utilize forward foreign currency contracts to mitigate the risk of foreign currency exposure. The Fund can invest in futures contracts, including index futures, to seek exposure to certain asset classes. The Fund may also hold warrants in connection with the acquisition of securities. &lt;/font&gt;</cfvst9:SupplementTextBlock>
</xbrl>
