<?xml version="1.0" encoding="UTF-8" ?>
<linkbase xmlns="http://www.xbrl.org/2003/linkbase" xmlns:xsi="http://www.w3.org/2001/XMLSchema-instance" xmlns:xlink="http://www.w3.org/1999/xlink" xsi:schemaLocation="http://www.xbrl.org/2003/linkbase http://www.xbrl.org/2003/xbrl-linkbase-2003-12-31.xsd">
<roleRef xlink:type="simple" xlink:href="cpsi-20121031.xsd#DocumentAndEntityInformation" roleURI="http://www.computerbuyout.com/role/DocumentAndEntityInformation"/>
<roleRef xlink:type="simple" xlink:href="cpsi-20121031.xsd#BalanceSheets" roleURI="http://www.computerbuyout.com/role/BalanceSheets"/>
<roleRef xlink:type="simple" xlink:href="cpsi-20121031.xsd#BalanceSheetsParenthetical" roleURI="http://www.computerbuyout.com/role/BalanceSheetsParenthetical"/>
<roleRef xlink:type="simple" xlink:href="cpsi-20121031.xsd#Statementsofoperations" roleURI="http://www.computerbuyout.com/role/Statementsofoperations"/>
<roleRef xlink:type="simple" xlink:href="cpsi-20121031.xsd#Statementofstockholdersequity" roleURI="http://www.computerbuyout.com/role/Statementofstockholdersequity"/>
<roleRef xlink:type="simple" xlink:href="cpsi-20121031.xsd#Statementofstockholdersequityparenthetical" roleURI="http://www.computerbuyout.com/role/Statementofstockholdersequityparenthetical"/>
<roleRef xlink:type="simple" xlink:href="cpsi-20121031.xsd#StatementsOfCashFlows" roleURI="http://www.computerbuyout.com/role/StatementsOfCashFlows"/>
<roleRef xlink:type="simple" xlink:href="cpsi-20121031.xsd#NatureofOperationsandSummaryofSignificantAccountingPolicies" roleURI="http://www.computerbuyout.com/role/NatureofOperationsandSummaryofSignificantAccountingPolicies"/>
<roleRef xlink:type="simple" xlink:href="cpsi-20121031.xsd#GoingConcern" roleURI="http://www.computerbuyout.com/role/GoingConcern"/>
<roleRef xlink:type="simple" xlink:href="cpsi-20121031.xsd#FairValue" roleURI="http://www.computerbuyout.com/role/FairValue"/>
<roleRef xlink:type="simple" xlink:href="cpsi-20121031.xsd#StockholdersEquity" roleURI="http://www.computerbuyout.com/role/StockholdersEquity"/>
<roleRef xlink:type="simple" xlink:href="cpsi-20121031.xsd#IncomeTaxes" roleURI="http://www.computerbuyout.com/role/IncomeTaxes"/>
<roleRef xlink:type="simple" xlink:href="cpsi-20121031.xsd#NatureOfOperationsAndSummaryOfSignificantAccountingPolicies" roleURI="http://www.computerbuyout.com/role/NatureOfOperationsAndSummaryOfSignificantAccountingPolicies"/>
<roleRef xlink:type="simple" xlink:href="cpsi-20121031.xsd#StockholdersEquityTables" roleURI="http://www.computerbuyout.com/role/StockholdersEquityTables"/>
<roleRef xlink:type="simple" xlink:href="cpsi-20121031.xsd#IncomeTaxesTables" roleURI="http://www.computerbuyout.com/role/IncomeTaxesTables"/>
<roleRef xlink:type="simple" xlink:href="cpsi-20121031.xsd#NatureofOperationsandSummaryofSignificantAccountingPoliciesDetails" roleURI="http://www.computerbuyout.com/role/NatureofOperationsandSummaryofSignificantAccountingPoliciesDetails"/>
<roleRef xlink:type="simple" xlink:href="cpsi-20121031.xsd#GoingConcernDetails" roleURI="http://www.computerbuyout.com/role/GoingConcernDetails"/>
<roleRef xlink:type="simple" xlink:href="cpsi-20121031.xsd#StockholdersEquityDetails" roleURI="http://www.computerbuyout.com/role/StockholdersEquityDetails"/>
<roleRef xlink:type="simple" xlink:href="cpsi-20121031.xsd#StockholdersEquityDetailsTextual" roleURI="http://www.computerbuyout.com/role/StockholdersEquityDetailsTextual"/>
<roleRef xlink:type="simple" xlink:href="cpsi-20121031.xsd#IncomeTaxesDetails" roleURI="http://www.computerbuyout.com/role/IncomeTaxesDetails"/>
<roleRef xlink:type="simple" xlink:href="cpsi-20121031.xsd#IncomeTaxesDetails1" roleURI="http://www.computerbuyout.com/role/IncomeTaxesDetails1"/>
<roleRef xlink:type="simple" xlink:href="cpsi-20121031.xsd#IncomeTaxesDetails2" roleURI="http://www.computerbuyout.com/role/IncomeTaxesDetails2"/>
<roleRef xlink:type="simple" xlink:href="http://www.xbrl.org/lrr/role/negated-2009-12-16.xsd#negatedLabel" roleURI="http://www.xbrl.org/2009/role/negatedLabel"/> <roleRef xlink:type="simple" xlink:href="http://www.xbrl.org/lrr/role/negated-2009-12-16.xsd#negatedPeriodEndLabel" roleURI="http://www.xbrl.org/2009/role/negatedPeriodEndLabel"/> <roleRef xlink:type="simple" xlink:href="http://www.xbrl.org/lrr/role/negated-2009-12-16.xsd#negatedPeriodStartLabel" roleURI="http://www.xbrl.org/2009/role/negatedPeriodStartLabel"/> <roleRef xlink:type="simple" xlink:href="http://www.xbrl.org/lrr/role/negated-2009-12-16.xsd#negatedTotalLabel" roleURI="http://www.xbrl.org/2009/role/negatedTotalLabel"/> <roleRef xlink:type="simple" xlink:href="http://www.xbrl.org/lrr/role/negated-2009-12-16.xsd#negatedNetLabel" roleURI="http://www.xbrl.org/2009/role/negatedNetLabel"/> <roleRef xlink:type="simple" xlink:href="http://www.xbrl.org/lrr/role/negated-2009-12-16.xsd#negatedTerseLabel" roleURI="http://www.xbrl.org/2009/role/negatedTerseLabel"/> <roleRef xlink:type="simple" xlink:href="http://www.xbrl.org/lrr/role/net-2009-12-16.xsd#netLabel" roleURI="http://www.xbrl.org/2009/role/netLabel"/> 
<presentationLink xlink:type="extended" xlink:role="http://www.computerbuyout.com/role/DocumentAndEntityInformation">
<loc xlink:type="locator" xlink:href="cpsi-20121031.xsd#cpsi_DocumentAndEntityInformationAbstract" xlink:label="loc_cpsi_DocumentAndEntityInformationAbstract_0" />
<loc xlink:type="locator" xlink:href="http://xbrl.sec.gov/dei/2012/dei-2012-01-31.xsd#dei_EntityRegistrantName" xlink:label="loc_dei_EntityRegistrantName_1" />
<presentationArc xlink:type="arc" xlink:arcrole="http://www.xbrl.org/2003/arcrole/parent-child" xlink:from="loc_cpsi_DocumentAndEntityInformationAbstract_0" xlink:to="loc_dei_EntityRegistrantName_1" order="0" use="optional" />
<loc xlink:type="locator" xlink:href="http://xbrl.sec.gov/dei/2012/dei-2012-01-31.xsd#dei_EntityCentralIndexKey" xlink:label="loc_dei_EntityCentralIndexKey_2" />
<presentationArc xlink:type="arc" xlink:arcrole="http://www.xbrl.org/2003/arcrole/parent-child" xlink:from="loc_cpsi_DocumentAndEntityInformationAbstract_0" xlink:to="loc_dei_EntityCentralIndexKey_2" order="10" use="optional" />
<loc xlink:type="locator" xlink:href="http://xbrl.sec.gov/dei/2012/dei-2012-01-31.xsd#dei_DocumentType" xlink:label="loc_dei_DocumentType_3" />
<presentationArc xlink:type="arc" xlink:arcrole="http://www.xbrl.org/2003/arcrole/parent-child" xlink:from="loc_cpsi_DocumentAndEntityInformationAbstract_0" xlink:to="loc_dei_DocumentType_3" order="20" use="optional" />
<loc xlink:type="locator" xlink:href="http://xbrl.sec.gov/dei/2012/dei-2012-01-31.xsd#dei_DocumentPeriodEndDate" xlink:label="loc_dei_DocumentPeriodEndDate_4" />
<presentationArc xlink:type="arc" xlink:arcrole="http://www.xbrl.org/2003/arcrole/parent-child" xlink:from="loc_cpsi_DocumentAndEntityInformationAbstract_0" xlink:to="loc_dei_DocumentPeriodEndDate_4" order="30" use="optional" />
<loc xlink:type="locator" xlink:href="http://xbrl.sec.gov/dei/2012/dei-2012-01-31.xsd#dei_AmendmentFlag" xlink:label="loc_dei_AmendmentFlag_5" />
<presentationArc xlink:type="arc" xlink:arcrole="http://www.xbrl.org/2003/arcrole/parent-child" xlink:from="loc_cpsi_DocumentAndEntityInformationAbstract_0" xlink:to="loc_dei_AmendmentFlag_5" order="40" use="optional" />
<loc xlink:type="locator" xlink:href="http://xbrl.sec.gov/dei/2012/dei-2012-01-31.xsd#dei_DocumentFiscalYearFocus" xlink:label="loc_dei_DocumentFiscalYearFocus_6" />
<presentationArc xlink:type="arc" xlink:arcrole="http://www.xbrl.org/2003/arcrole/parent-child" xlink:from="loc_cpsi_DocumentAndEntityInformationAbstract_0" xlink:to="loc_dei_DocumentFiscalYearFocus_6" order="50" use="optional" />
<loc xlink:type="locator" xlink:href="http://xbrl.sec.gov/dei/2012/dei-2012-01-31.xsd#dei_DocumentFiscalPeriodFocus" xlink:label="loc_dei_DocumentFiscalPeriodFocus_7" />
<presentationArc xlink:type="arc" xlink:arcrole="http://www.xbrl.org/2003/arcrole/parent-child" xlink:from="loc_cpsi_DocumentAndEntityInformationAbstract_0" xlink:to="loc_dei_DocumentFiscalPeriodFocus_7" order="60" use="optional" />
<loc xlink:type="locator" xlink:href="http://xbrl.sec.gov/dei/2012/dei-2012-01-31.xsd#dei_CurrentFiscalYearEndDate" xlink:label="loc_dei_CurrentFiscalYearEndDate_8" />
<presentationArc xlink:type="arc" xlink:arcrole="http://www.xbrl.org/2003/arcrole/parent-child" xlink:from="loc_cpsi_DocumentAndEntityInformationAbstract_0" xlink:to="loc_dei_CurrentFiscalYearEndDate_8" order="70" use="optional" />
<loc xlink:type="locator" xlink:href="http://xbrl.sec.gov/dei/2012/dei-2012-01-31.xsd#dei_EntityCurrentReportingStatus" xlink:label="loc_dei_EntityCurrentReportingStatus_9" />
<presentationArc xlink:type="arc" xlink:arcrole="http://www.xbrl.org/2003/arcrole/parent-child" xlink:from="loc_cpsi_DocumentAndEntityInformationAbstract_0" xlink:to="loc_dei_EntityCurrentReportingStatus_9" order="80" use="optional" />
<loc xlink:type="locator" xlink:href="http://xbrl.sec.gov/dei/2012/dei-2012-01-31.xsd#dei_EntityWellKnownSeasonedIssuer" xlink:label="loc_dei_EntityWellKnownSeasonedIssuer_10" />
<presentationArc xlink:type="arc" xlink:arcrole="http://www.xbrl.org/2003/arcrole/parent-child" xlink:from="loc_cpsi_DocumentAndEntityInformationAbstract_0" xlink:to="loc_dei_EntityWellKnownSeasonedIssuer_10" order="90" use="optional" />
<loc xlink:type="locator" xlink:href="http://xbrl.sec.gov/dei/2012/dei-2012-01-31.xsd#dei_EntityFilerCategory" xlink:label="loc_dei_EntityFilerCategory_11" />
<presentationArc xlink:type="arc" xlink:arcrole="http://www.xbrl.org/2003/arcrole/parent-child" xlink:from="loc_cpsi_DocumentAndEntityInformationAbstract_0" xlink:to="loc_dei_EntityFilerCategory_11" order="100" use="optional" />
<loc xlink:type="locator" xlink:href="http://xbrl.sec.gov/dei/2012/dei-2012-01-31.xsd#dei_EntityVoluntaryFilers" xlink:label="loc_dei_EntityVoluntaryFilers_12" />
<presentationArc xlink:type="arc" xlink:arcrole="http://www.xbrl.org/2003/arcrole/parent-child" xlink:from="loc_cpsi_DocumentAndEntityInformationAbstract_0" xlink:to="loc_dei_EntityVoluntaryFilers_12" order="110" use="optional" />
<loc xlink:type="locator" xlink:href="http://xbrl.sec.gov/dei/2012/dei-2012-01-31.xsd#dei_EntityPublicFloat" xlink:label="loc_dei_EntityPublicFloat_13" />
<presentationArc xlink:type="arc" xlink:arcrole="http://www.xbrl.org/2003/arcrole/parent-child" xlink:from="loc_cpsi_DocumentAndEntityInformationAbstract_0" xlink:to="loc_dei_EntityPublicFloat_13" order="120" use="optional" />
<loc xlink:type="locator" xlink:href="http://xbrl.sec.gov/dei/2012/dei-2012-01-31.xsd#dei_EntityCommonStockSharesOutstanding" xlink:label="loc_dei_EntityCommonStockSharesOutstanding_14" />
<presentationArc xlink:type="arc" xlink:arcrole="http://www.xbrl.org/2003/arcrole/parent-child" xlink:from="loc_cpsi_DocumentAndEntityInformationAbstract_0" xlink:to="loc_dei_EntityCommonStockSharesOutstanding_14" order="130" use="optional" />
</presentationLink>
<presentationLink xlink:type="extended" xlink:role="http://www.computerbuyout.com/role/BalanceSheets">
<loc xlink:type="locator" xlink:href="http://xbrl.fasb.org/us-gaap/2012/elts/us-gaap-2012-01-31.xsd#us-gaap_StatementOfFinancialPositionAbstract" xlink:label="loc_us-gaap_StatementOfFinancialPositionAbstract_0" />
<loc xlink:type="locator" xlink:href="http://xbrl.fasb.org/us-gaap/2012/elts/us-gaap-2012-01-31.xsd#us-gaap_AssetsAbstract" xlink:label="loc_us-gaap_AssetsAbstract_1" />
<presentationArc xlink:type="arc" xlink:arcrole="http://www.xbrl.org/2003/arcrole/parent-child" xlink:from="loc_us-gaap_StatementOfFinancialPositionAbstract_0" xlink:to="loc_us-gaap_AssetsAbstract_1" order="0" use="optional" preferredLabel="http://www.xbrl.org/2003/role/verboseLabel" />
<loc xlink:type="locator" xlink:href="http://xbrl.fasb.org/us-gaap/2012/elts/us-gaap-2012-01-31.xsd#us-gaap_AssetsCurrentAbstract" xlink:label="loc_us-gaap_AssetsCurrentAbstract_2" />
<presentationArc xlink:type="arc" xlink:arcrole="http://www.xbrl.org/2003/arcrole/parent-child" xlink:from="loc_us-gaap_AssetsAbstract_1" xlink:to="loc_us-gaap_AssetsCurrentAbstract_2" order="0" use="optional" preferredLabel="http://www.xbrl.org/2003/role/verboseLabel" />
<loc xlink:type="locator" xlink:href="http://xbrl.fasb.org/us-gaap/2012/elts/us-gaap-2012-01-31.xsd#us-gaap_Cash" xlink:label="loc_us-gaap_Cash_3" />
<presentationArc xlink:type="arc" xlink:arcrole="http://www.xbrl.org/2003/arcrole/parent-child" xlink:from="loc_us-gaap_AssetsCurrentAbstract_2" xlink:to="loc_us-gaap_Cash_3" order="0" use="optional" preferredLabel="http://www.xbrl.org/2003/role/verboseLabel" />
<loc xlink:type="locator" xlink:href="http://xbrl.fasb.org/us-gaap/2012/elts/us-gaap-2012-01-31.xsd#us-gaap_PrepaidExpenseCurrent" xlink:label="loc_us-gaap_PrepaidExpenseCurrent_4" />
<presentationArc xlink:type="arc" xlink:arcrole="http://www.xbrl.org/2003/arcrole/parent-child" xlink:from="loc_us-gaap_AssetsCurrentAbstract_2" xlink:to="loc_us-gaap_PrepaidExpenseCurrent_4" order="10" use="optional" preferredLabel="http://www.xbrl.org/2003/role/verboseLabel" />
<loc xlink:type="locator" xlink:href="http://xbrl.fasb.org/us-gaap/2012/elts/us-gaap-2012-01-31.xsd#us-gaap_AssetsCurrent" xlink:label="loc_us-gaap_AssetsCurrent_5" />
<presentationArc xlink:type="arc" xlink:arcrole="http://www.xbrl.org/2003/arcrole/parent-child" xlink:from="loc_us-gaap_AssetsCurrentAbstract_2" xlink:to="loc_us-gaap_AssetsCurrent_5" order="20" use="optional" preferredLabel="http://www.xbrl.org/2003/role/totalLabel" />
<loc xlink:type="locator" xlink:href="http://xbrl.fasb.org/us-gaap/2012/elts/us-gaap-2012-01-31.xsd#us-gaap_Assets" xlink:label="loc_us-gaap_Assets_6" />
<presentationArc xlink:type="arc" xlink:arcrole="http://www.xbrl.org/2003/arcrole/parent-child" xlink:from="loc_us-gaap_AssetsAbstract_1" xlink:to="loc_us-gaap_Assets_6" order="10" use="optional" preferredLabel="http://www.xbrl.org/2003/role/totalLabel" />
<loc xlink:type="locator" xlink:href="http://xbrl.fasb.org/us-gaap/2012/elts/us-gaap-2012-01-31.xsd#us-gaap_LiabilitiesAndStockholdersEquityAbstract" xlink:label="loc_us-gaap_LiabilitiesAndStockholdersEquityAbstract_7" />
<presentationArc xlink:type="arc" xlink:arcrole="http://www.xbrl.org/2003/arcrole/parent-child" xlink:from="loc_us-gaap_StatementOfFinancialPositionAbstract_0" xlink:to="loc_us-gaap_LiabilitiesAndStockholdersEquityAbstract_7" order="10" use="optional" preferredLabel="http://www.xbrl.org/2003/role/verboseLabel" />
<loc xlink:type="locator" xlink:href="http://xbrl.fasb.org/us-gaap/2012/elts/us-gaap-2012-01-31.xsd#us-gaap_LiabilitiesCurrentAbstract" xlink:label="loc_us-gaap_LiabilitiesCurrentAbstract_8" />
<presentationArc xlink:type="arc" xlink:arcrole="http://www.xbrl.org/2003/arcrole/parent-child" xlink:from="loc_us-gaap_LiabilitiesAndStockholdersEquityAbstract_7" xlink:to="loc_us-gaap_LiabilitiesCurrentAbstract_8" order="0" use="optional" preferredLabel="http://www.xbrl.org/2003/role/verboseLabel" />
<loc xlink:type="locator" xlink:href="http://xbrl.fasb.org/us-gaap/2012/elts/us-gaap-2012-01-31.xsd#us-gaap_AccruedLiabilitiesCurrent" xlink:label="loc_us-gaap_AccruedLiabilitiesCurrent_9" />
<presentationArc xlink:type="arc" xlink:arcrole="http://www.xbrl.org/2003/arcrole/parent-child" xlink:from="loc_us-gaap_LiabilitiesCurrentAbstract_8" xlink:to="loc_us-gaap_AccruedLiabilitiesCurrent_9" order="0" use="optional" preferredLabel="http://www.xbrl.org/2003/role/verboseLabel" />
<loc xlink:type="locator" xlink:href="http://xbrl.fasb.org/us-gaap/2012/elts/us-gaap-2012-01-31.xsd#us-gaap_LiabilitiesCurrent" xlink:label="loc_us-gaap_LiabilitiesCurrent_10" />
<presentationArc xlink:type="arc" xlink:arcrole="http://www.xbrl.org/2003/arcrole/parent-child" xlink:from="loc_us-gaap_LiabilitiesCurrentAbstract_8" xlink:to="loc_us-gaap_LiabilitiesCurrent_10" order="10" use="optional" preferredLabel="http://www.xbrl.org/2003/role/totalLabel" />
<loc xlink:type="locator" xlink:href="http://xbrl.fasb.org/us-gaap/2012/elts/us-gaap-2012-01-31.xsd#us-gaap_StockholdersEquityAbstract" xlink:label="loc_us-gaap_StockholdersEquityAbstract_11" />
<presentationArc xlink:type="arc" xlink:arcrole="http://www.xbrl.org/2003/arcrole/parent-child" xlink:from="loc_us-gaap_LiabilitiesAndStockholdersEquityAbstract_7" xlink:to="loc_us-gaap_StockholdersEquityAbstract_11" order="10" use="optional" preferredLabel="http://www.xbrl.org/2003/role/verboseLabel" />
<loc xlink:type="locator" xlink:href="http://xbrl.fasb.org/us-gaap/2012/elts/us-gaap-2012-01-31.xsd#us-gaap_PreferredStockValue" xlink:label="loc_us-gaap_PreferredStockValue_12" />
<presentationArc xlink:type="arc" xlink:arcrole="http://www.xbrl.org/2003/arcrole/parent-child" xlink:from="loc_us-gaap_StockholdersEquityAbstract_11" xlink:to="loc_us-gaap_PreferredStockValue_12" order="0" use="optional" preferredLabel="http://www.xbrl.org/2003/role/verboseLabel" />
<loc xlink:type="locator" xlink:href="http://xbrl.fasb.org/us-gaap/2012/elts/us-gaap-2012-01-31.xsd#us-gaap_CommonStockValue" xlink:label="loc_us-gaap_CommonStockValue_13" />
<presentationArc xlink:type="arc" xlink:arcrole="http://www.xbrl.org/2003/arcrole/parent-child" xlink:from="loc_us-gaap_StockholdersEquityAbstract_11" xlink:to="loc_us-gaap_CommonStockValue_13" order="10" use="optional" preferredLabel="http://www.xbrl.org/2003/role/verboseLabel" />
<loc xlink:type="locator" xlink:href="http://xbrl.fasb.org/us-gaap/2012/elts/us-gaap-2012-01-31.xsd#us-gaap_AdditionalPaidInCapital" xlink:label="loc_us-gaap_AdditionalPaidInCapital_14" />
<presentationArc xlink:type="arc" xlink:arcrole="http://www.xbrl.org/2003/arcrole/parent-child" xlink:from="loc_us-gaap_StockholdersEquityAbstract_11" xlink:to="loc_us-gaap_AdditionalPaidInCapital_14" order="20" use="optional" preferredLabel="http://www.xbrl.org/2003/role/verboseLabel" />
<loc xlink:type="locator" xlink:href="http://xbrl.fasb.org/us-gaap/2012/elts/us-gaap-2012-01-31.xsd#us-gaap_RetainedEarningsAccumulatedDeficit" xlink:label="loc_us-gaap_RetainedEarningsAccumulatedDeficit_15" />
<presentationArc xlink:type="arc" xlink:arcrole="http://www.xbrl.org/2003/arcrole/parent-child" xlink:from="loc_us-gaap_StockholdersEquityAbstract_11" xlink:to="loc_us-gaap_RetainedEarningsAccumulatedDeficit_15" order="30" use="optional" preferredLabel="http://www.xbrl.org/2003/role/verboseLabel" />
<loc xlink:type="locator" xlink:href="http://xbrl.fasb.org/us-gaap/2012/elts/us-gaap-2012-01-31.xsd#us-gaap_StockholdersEquity" xlink:label="loc_us-gaap_StockholdersEquity_16" />
<presentationArc xlink:type="arc" xlink:arcrole="http://www.xbrl.org/2003/arcrole/parent-child" xlink:from="loc_us-gaap_StockholdersEquityAbstract_11" xlink:to="loc_us-gaap_StockholdersEquity_16" order="40" use="optional" preferredLabel="http://www.xbrl.org/2003/role/totalLabel" />
<loc xlink:type="locator" xlink:href="http://xbrl.fasb.org/us-gaap/2012/elts/us-gaap-2012-01-31.xsd#us-gaap_LiabilitiesAndStockholdersEquity" xlink:label="loc_us-gaap_LiabilitiesAndStockholdersEquity_17" />
<presentationArc xlink:type="arc" xlink:arcrole="http://www.xbrl.org/2003/arcrole/parent-child" xlink:from="loc_us-gaap_LiabilitiesAndStockholdersEquityAbstract_7" xlink:to="loc_us-gaap_LiabilitiesAndStockholdersEquity_17" order="20" use="optional" preferredLabel="http://www.xbrl.org/2003/role/totalLabel" />
</presentationLink>
<presentationLink xlink:type="extended" xlink:role="http://www.computerbuyout.com/role/BalanceSheetsParenthetical">
<loc xlink:type="locator" xlink:href="http://xbrl.fasb.org/us-gaap/2012/elts/us-gaap-2012-01-31.xsd#us-gaap_StatementOfFinancialPositionAbstract" xlink:label="loc_us-gaap_StatementOfFinancialPositionAbstract_0" />
<loc xlink:type="locator" xlink:href="http://xbrl.fasb.org/us-gaap/2012/elts/us-gaap-2012-01-31.xsd#us-gaap_PreferredStockParOrStatedValuePerShare" xlink:label="loc_us-gaap_PreferredStockParOrStatedValuePerShare_1" />
<presentationArc xlink:type="arc" xlink:arcrole="http://www.xbrl.org/2003/arcrole/parent-child" xlink:from="loc_us-gaap_StatementOfFinancialPositionAbstract_0" xlink:to="loc_us-gaap_PreferredStockParOrStatedValuePerShare_1" order="0" use="optional" preferredLabel="http://www.xbrl.org/2003/role/verboseLabel" />
<loc xlink:type="locator" xlink:href="http://xbrl.fasb.org/us-gaap/2012/elts/us-gaap-2012-01-31.xsd#us-gaap_PreferredStockSharesAuthorized" xlink:label="loc_us-gaap_PreferredStockSharesAuthorized_2" />
<presentationArc xlink:type="arc" xlink:arcrole="http://www.xbrl.org/2003/arcrole/parent-child" xlink:from="loc_us-gaap_StatementOfFinancialPositionAbstract_0" xlink:to="loc_us-gaap_PreferredStockSharesAuthorized_2" order="10" use="optional" preferredLabel="http://www.xbrl.org/2003/role/verboseLabel" />
<loc xlink:type="locator" xlink:href="http://xbrl.fasb.org/us-gaap/2012/elts/us-gaap-2012-01-31.xsd#us-gaap_PreferredStockSharesIssued" xlink:label="loc_us-gaap_PreferredStockSharesIssued_3" />
<presentationArc xlink:type="arc" xlink:arcrole="http://www.xbrl.org/2003/arcrole/parent-child" xlink:from="loc_us-gaap_StatementOfFinancialPositionAbstract_0" xlink:to="loc_us-gaap_PreferredStockSharesIssued_3" order="20" use="optional" preferredLabel="http://www.xbrl.org/2003/role/verboseLabel" />
<loc xlink:type="locator" xlink:href="http://xbrl.fasb.org/us-gaap/2012/elts/us-gaap-2012-01-31.xsd#us-gaap_PreferredStockSharesOutstanding" xlink:label="loc_us-gaap_PreferredStockSharesOutstanding_4" />
<presentationArc xlink:type="arc" xlink:arcrole="http://www.xbrl.org/2003/arcrole/parent-child" xlink:from="loc_us-gaap_StatementOfFinancialPositionAbstract_0" xlink:to="loc_us-gaap_PreferredStockSharesOutstanding_4" order="30" use="optional" preferredLabel="http://www.xbrl.org/2003/role/verboseLabel" />
<loc xlink:type="locator" xlink:href="http://xbrl.fasb.org/us-gaap/2012/elts/us-gaap-2012-01-31.xsd#us-gaap_CommonStockParOrStatedValuePerShare" xlink:label="loc_us-gaap_CommonStockParOrStatedValuePerShare_5" />
<presentationArc xlink:type="arc" xlink:arcrole="http://www.xbrl.org/2003/arcrole/parent-child" xlink:from="loc_us-gaap_StatementOfFinancialPositionAbstract_0" xlink:to="loc_us-gaap_CommonStockParOrStatedValuePerShare_5" order="40" use="optional" preferredLabel="http://www.xbrl.org/2003/role/verboseLabel" />
<loc xlink:type="locator" xlink:href="http://xbrl.fasb.org/us-gaap/2012/elts/us-gaap-2012-01-31.xsd#us-gaap_CommonStockSharesAuthorized" xlink:label="loc_us-gaap_CommonStockSharesAuthorized_6" />
<presentationArc xlink:type="arc" xlink:arcrole="http://www.xbrl.org/2003/arcrole/parent-child" xlink:from="loc_us-gaap_StatementOfFinancialPositionAbstract_0" xlink:to="loc_us-gaap_CommonStockSharesAuthorized_6" order="50" use="optional" preferredLabel="http://www.xbrl.org/2003/role/verboseLabel" />
<loc xlink:type="locator" xlink:href="http://xbrl.fasb.org/us-gaap/2012/elts/us-gaap-2012-01-31.xsd#us-gaap_CommonStockSharesIssued" xlink:label="loc_us-gaap_CommonStockSharesIssued_7" />
<presentationArc xlink:type="arc" xlink:arcrole="http://www.xbrl.org/2003/arcrole/parent-child" xlink:from="loc_us-gaap_StatementOfFinancialPositionAbstract_0" xlink:to="loc_us-gaap_CommonStockSharesIssued_7" order="60" use="optional" preferredLabel="http://www.xbrl.org/2003/role/verboseLabel" />
<loc xlink:type="locator" xlink:href="http://xbrl.fasb.org/us-gaap/2012/elts/us-gaap-2012-01-31.xsd#us-gaap_CommonStockSharesOutstanding" xlink:label="loc_us-gaap_CommonStockSharesOutstanding_8" />
<presentationArc xlink:type="arc" xlink:arcrole="http://www.xbrl.org/2003/arcrole/parent-child" xlink:from="loc_us-gaap_StatementOfFinancialPositionAbstract_0" xlink:to="loc_us-gaap_CommonStockSharesOutstanding_8" order="70" use="optional" preferredLabel="http://www.xbrl.org/2003/role/verboseLabel" />
</presentationLink>
<presentationLink xlink:type="extended" xlink:role="http://www.computerbuyout.com/role/Statementsofoperations">
<loc xlink:type="locator" xlink:href="http://xbrl.fasb.org/us-gaap/2012/elts/us-gaap-2012-01-31.xsd#us-gaap_IncomeStatementAbstract" xlink:label="loc_us-gaap_IncomeStatementAbstract_0" />
<loc xlink:type="locator" xlink:href="http://xbrl.fasb.org/us-gaap/2012/elts/us-gaap-2012-01-31.xsd#us-gaap_Revenues" xlink:label="loc_us-gaap_Revenues_1" />
<presentationArc xlink:type="arc" xlink:arcrole="http://www.xbrl.org/2003/arcrole/parent-child" xlink:from="loc_us-gaap_IncomeStatementAbstract_0" xlink:to="loc_us-gaap_Revenues_1" order="0" use="optional" preferredLabel="http://www.xbrl.org/2003/role/verboseLabel" />
<loc xlink:type="locator" xlink:href="http://xbrl.fasb.org/us-gaap/2012/elts/us-gaap-2012-01-31.xsd#us-gaap_GeneralAndAdministrativeExpense" xlink:label="loc_us-gaap_GeneralAndAdministrativeExpense_2" />
<presentationArc xlink:type="arc" xlink:arcrole="http://www.xbrl.org/2003/arcrole/parent-child" xlink:from="loc_us-gaap_IncomeStatementAbstract_0" xlink:to="loc_us-gaap_GeneralAndAdministrativeExpense_2" order="10" use="optional" preferredLabel="http://www.xbrl.org/2003/role/verboseLabel" />
<loc xlink:type="locator" xlink:href="http://xbrl.fasb.org/us-gaap/2012/elts/us-gaap-2012-01-31.xsd#us-gaap_NetIncomeLoss" xlink:label="loc_us-gaap_NetIncomeLoss_3" />
<presentationArc xlink:type="arc" xlink:arcrole="http://www.xbrl.org/2003/arcrole/parent-child" xlink:from="loc_us-gaap_IncomeStatementAbstract_0" xlink:to="loc_us-gaap_NetIncomeLoss_3" order="20" use="optional" preferredLabel="http://www.xbrl.org/2003/role/totalLabel" />
<loc xlink:type="locator" xlink:href="http://xbrl.fasb.org/us-gaap/2012/elts/us-gaap-2012-01-31.xsd#us-gaap_EarningsPerShareBasicAndDiluted" xlink:label="loc_us-gaap_EarningsPerShareBasicAndDiluted_4" />
<presentationArc xlink:type="arc" xlink:arcrole="http://www.xbrl.org/2003/arcrole/parent-child" xlink:from="loc_us-gaap_IncomeStatementAbstract_0" xlink:to="loc_us-gaap_EarningsPerShareBasicAndDiluted_4" order="30" use="optional" preferredLabel="http://www.xbrl.org/2003/role/verboseLabel" />
<loc xlink:type="locator" xlink:href="http://xbrl.fasb.org/us-gaap/2012/elts/us-gaap-2012-01-31.xsd#us-gaap_WeightedAverageNumberOfShareOutstandingBasicAndDiluted" xlink:label="loc_us-gaap_WeightedAverageNumberOfShareOutstandingBasicAndDiluted_5" />
<presentationArc xlink:type="arc" xlink:arcrole="http://www.xbrl.org/2003/arcrole/parent-child" xlink:from="loc_us-gaap_IncomeStatementAbstract_0" xlink:to="loc_us-gaap_WeightedAverageNumberOfShareOutstandingBasicAndDiluted_5" order="40" use="optional" preferredLabel="http://www.xbrl.org/2003/role/verboseLabel" />
</presentationLink>
<presentationLink xlink:type="extended" xlink:role="http://www.computerbuyout.com/role/Statementofstockholdersequity">
<loc xlink:type="locator" xlink:href="http://xbrl.fasb.org/us-gaap/2012/elts/us-gaap-2012-01-31.xsd#us-gaap_StatementOfStockholdersEquityAbstract" xlink:label="loc_us-gaap_StatementOfStockholdersEquityAbstract_0" />
<loc xlink:type="locator" xlink:href="http://xbrl.fasb.org/us-gaap/2012/elts/us-gaap-2012-01-31.xsd#us-gaap_StatementTable" xlink:label="loc_us-gaap_StatementTable_1" />
<presentationArc xlink:type="arc" xlink:arcrole="http://www.xbrl.org/2003/arcrole/parent-child" xlink:from="loc_us-gaap_StatementOfStockholdersEquityAbstract_0" xlink:to="loc_us-gaap_StatementTable_1" order="0" use="optional" preferredLabel="http://www.xbrl.org/2003/role/label" />
<loc xlink:type="locator" xlink:href="http://xbrl.fasb.org/us-gaap/2012/elts/us-gaap-2012-01-31.xsd#us-gaap_StatementEquityComponentsAxis" xlink:label="loc_us-gaap_StatementEquityComponentsAxis_2" />
<presentationArc xlink:type="arc" xlink:arcrole="http://www.xbrl.org/2003/arcrole/parent-child" xlink:from="loc_us-gaap_StatementTable_1" xlink:to="loc_us-gaap_StatementEquityComponentsAxis_2" order="0" use="optional" preferredLabel="http://www.xbrl.org/2003/role/label" />
<loc xlink:type="locator" xlink:href="http://xbrl.fasb.org/us-gaap/2012/elts/us-gaap-2012-01-31.xsd#us-gaap_EquityComponentDomain" xlink:label="loc_us-gaap_EquityComponentDomain_3" />
<presentationArc xlink:type="arc" xlink:arcrole="http://www.xbrl.org/2003/arcrole/parent-child" xlink:from="loc_us-gaap_StatementEquityComponentsAxis_2" xlink:to="loc_us-gaap_EquityComponentDomain_3" order="0" use="optional" preferredLabel="http://www.xbrl.org/2003/role/label" />
<loc xlink:type="locator" xlink:href="http://xbrl.fasb.org/us-gaap/2012/elts/us-gaap-2012-01-31.xsd#us-gaap_CommonStockMember" xlink:label="loc_us-gaap_CommonStockMember_4" />
<presentationArc xlink:type="arc" xlink:arcrole="http://www.xbrl.org/2003/arcrole/parent-child" xlink:from="loc_us-gaap_EquityComponentDomain_3" xlink:to="loc_us-gaap_CommonStockMember_4" order="0" use="optional" preferredLabel="http://www.xbrl.org/2003/role/verboseLabel" />
<loc xlink:type="locator" xlink:href="http://xbrl.fasb.org/us-gaap/2012/elts/us-gaap-2012-01-31.xsd#us-gaap_AdditionalPaidInCapitalMember" xlink:label="loc_us-gaap_AdditionalPaidInCapitalMember_5" />
<presentationArc xlink:type="arc" xlink:arcrole="http://www.xbrl.org/2003/arcrole/parent-child" xlink:from="loc_us-gaap_EquityComponentDomain_3" xlink:to="loc_us-gaap_AdditionalPaidInCapitalMember_5" order="10" use="optional" preferredLabel="http://www.xbrl.org/2003/role/verboseLabel" />
<loc xlink:type="locator" xlink:href="http://xbrl.fasb.org/us-gaap/2012/elts/us-gaap-2012-01-31.xsd#us-gaap_AccumulatedDeficitDuringDevelopmentStageMember" xlink:label="loc_us-gaap_AccumulatedDeficitDuringDevelopmentStageMember_6" />
<presentationArc xlink:type="arc" xlink:arcrole="http://www.xbrl.org/2003/arcrole/parent-child" xlink:from="loc_us-gaap_EquityComponentDomain_3" xlink:to="loc_us-gaap_AccumulatedDeficitDuringDevelopmentStageMember_6" order="20" use="optional" preferredLabel="http://www.xbrl.org/2003/role/verboseLabel" />
<loc xlink:type="locator" xlink:href="http://xbrl.fasb.org/us-gaap/2012/elts/us-gaap-2012-01-31.xsd#us-gaap_StatementLineItems" xlink:label="loc_us-gaap_StatementLineItems_7" />
<presentationArc xlink:type="arc" xlink:arcrole="http://www.xbrl.org/2003/arcrole/parent-child" xlink:from="loc_us-gaap_StatementTable_1" xlink:to="loc_us-gaap_StatementLineItems_7" order="10" use="optional" preferredLabel="http://www.xbrl.org/2003/role/label" />
<loc xlink:type="locator" xlink:href="http://xbrl.fasb.org/us-gaap/2012/elts/us-gaap-2012-01-31.xsd#us-gaap_StockholdersEquity" xlink:label="loc_us-gaap_StockholdersEquity_8" />
<presentationArc xlink:type="arc" xlink:arcrole="http://www.xbrl.org/2003/arcrole/parent-child" xlink:from="loc_us-gaap_StatementLineItems_7" xlink:to="loc_us-gaap_StockholdersEquity_8" order="0" use="optional" preferredLabel="http://www.xbrl.org/2003/role/periodStartLabel" />
<loc xlink:type="locator" xlink:href="http://xbrl.fasb.org/us-gaap/2012/elts/us-gaap-2012-01-31.xsd#us-gaap_SharesOutstanding" xlink:label="loc_us-gaap_SharesOutstanding_9" />
<presentationArc xlink:type="arc" xlink:arcrole="http://www.xbrl.org/2003/arcrole/parent-child" xlink:from="loc_us-gaap_StatementLineItems_7" xlink:to="loc_us-gaap_SharesOutstanding_9" order="10" use="optional" preferredLabel="http://www.xbrl.org/2003/role/periodStartLabel" />
<loc xlink:type="locator" xlink:href="http://xbrl.fasb.org/us-gaap/2012/elts/us-gaap-2012-01-31.xsd#us-gaap_StockIssuedDuringPeriodValueIssuedForServices" xlink:label="loc_us-gaap_StockIssuedDuringPeriodValueIssuedForServices_10" />
<presentationArc xlink:type="arc" xlink:arcrole="http://www.xbrl.org/2003/arcrole/parent-child" xlink:from="loc_us-gaap_StatementLineItems_7" xlink:to="loc_us-gaap_StockIssuedDuringPeriodValueIssuedForServices_10" order="20" use="optional" preferredLabel="http://www.xbrl.org/2003/role/terseLabel" />
<loc xlink:type="locator" xlink:href="http://xbrl.fasb.org/us-gaap/2012/elts/us-gaap-2012-01-31.xsd#us-gaap_StockIssuedDuringPeriodSharesIssuedForServices" xlink:label="loc_us-gaap_StockIssuedDuringPeriodSharesIssuedForServices_11" />
<presentationArc xlink:type="arc" xlink:arcrole="http://www.xbrl.org/2003/arcrole/parent-child" xlink:from="loc_us-gaap_StockIssuedDuringPeriodValueIssuedForServices_10" xlink:to="loc_us-gaap_StockIssuedDuringPeriodSharesIssuedForServices_11" order="0" use="optional" preferredLabel="http://www.xbrl.org/2003/role/verboseLabel" />
<loc xlink:type="locator" xlink:href="cpsi-20121031.xsd#cpsi_StockIssuedDuringPeriodValueIssuedForCashInPeriodOne" xlink:label="loc_cpsi_StockIssuedDuringPeriodValueIssuedForCashInPeriodOne_12" />
<presentationArc xlink:type="arc" xlink:arcrole="http://www.xbrl.org/2003/arcrole/parent-child" xlink:from="loc_us-gaap_StatementLineItems_7" xlink:to="loc_cpsi_StockIssuedDuringPeriodValueIssuedForCashInPeriodOne_12" order="30" use="optional" preferredLabel="http://www.xbrl.org/2003/role/verboseLabel" />
<loc xlink:type="locator" xlink:href="cpsi-20121031.xsd#cpsi_StockIssuedDuringPeriodSharesIssuedForCashInPeriodOne" xlink:label="loc_cpsi_StockIssuedDuringPeriodSharesIssuedForCashInPeriodOne_13" />
<presentationArc xlink:type="arc" xlink:arcrole="http://www.xbrl.org/2003/arcrole/parent-child" xlink:from="loc_cpsi_StockIssuedDuringPeriodValueIssuedForCashInPeriodOne_12" xlink:to="loc_cpsi_StockIssuedDuringPeriodSharesIssuedForCashInPeriodOne_13" order="0" use="optional" preferredLabel="http://www.xbrl.org/2003/role/verboseLabel" />
<loc xlink:type="locator" xlink:href="cpsi-20121031.xsd#cpsi_StockIssuedDuringPeriodValueIssuedForCashInPeriodTwo" xlink:label="loc_cpsi_StockIssuedDuringPeriodValueIssuedForCashInPeriodTwo_14" />
<presentationArc xlink:type="arc" xlink:arcrole="http://www.xbrl.org/2003/arcrole/parent-child" xlink:from="loc_us-gaap_StatementLineItems_7" xlink:to="loc_cpsi_StockIssuedDuringPeriodValueIssuedForCashInPeriodTwo_14" order="40" use="optional" preferredLabel="http://www.xbrl.org/2003/role/verboseLabel" />
<loc xlink:type="locator" xlink:href="cpsi-20121031.xsd#cpsi_StockIssuedDuringPeriodSharesIssuedForCashInPeriodTwo" xlink:label="loc_cpsi_StockIssuedDuringPeriodSharesIssuedForCashInPeriodTwo_15" />
<presentationArc xlink:type="arc" xlink:arcrole="http://www.xbrl.org/2003/arcrole/parent-child" xlink:from="loc_cpsi_StockIssuedDuringPeriodValueIssuedForCashInPeriodTwo_14" xlink:to="loc_cpsi_StockIssuedDuringPeriodSharesIssuedForCashInPeriodTwo_15" order="0" use="optional" preferredLabel="http://www.xbrl.org/2003/role/verboseLabel" />
<loc xlink:type="locator" xlink:href="cpsi-20121031.xsd#cpsi_StockIssuedDuringPeriodValueIssuedForCashInPeriodThree" xlink:label="loc_cpsi_StockIssuedDuringPeriodValueIssuedForCashInPeriodThree_16" />
<presentationArc xlink:type="arc" xlink:arcrole="http://www.xbrl.org/2003/arcrole/parent-child" xlink:from="loc_us-gaap_StatementLineItems_7" xlink:to="loc_cpsi_StockIssuedDuringPeriodValueIssuedForCashInPeriodThree_16" order="50" use="optional" preferredLabel="http://www.xbrl.org/2003/role/verboseLabel" />
<loc xlink:type="locator" xlink:href="cpsi-20121031.xsd#cpsi_StockIssuedDuringPeriodSharesIssuedForCashInPeriodThree" xlink:label="loc_cpsi_StockIssuedDuringPeriodSharesIssuedForCashInPeriodThree_17" />
<presentationArc xlink:type="arc" xlink:arcrole="http://www.xbrl.org/2003/arcrole/parent-child" xlink:from="loc_cpsi_StockIssuedDuringPeriodValueIssuedForCashInPeriodThree_16" xlink:to="loc_cpsi_StockIssuedDuringPeriodSharesIssuedForCashInPeriodThree_17" order="0" use="optional" preferredLabel="http://www.xbrl.org/2003/role/verboseLabel" />
<loc xlink:type="locator" xlink:href="cpsi-20121031.xsd#cpsi_StockIssuedDuringPeriodValueIssuedForCashInPeriodFour" xlink:label="loc_cpsi_StockIssuedDuringPeriodValueIssuedForCashInPeriodFour_18" />
<presentationArc xlink:type="arc" xlink:arcrole="http://www.xbrl.org/2003/arcrole/parent-child" xlink:from="loc_us-gaap_StatementLineItems_7" xlink:to="loc_cpsi_StockIssuedDuringPeriodValueIssuedForCashInPeriodFour_18" order="60" use="optional" preferredLabel="http://www.xbrl.org/2003/role/verboseLabel" />
<loc xlink:type="locator" xlink:href="cpsi-20121031.xsd#cpsi_StockIssuedDuringPeriodSharesIssuedForCashInPeriodFour" xlink:label="loc_cpsi_StockIssuedDuringPeriodSharesIssuedForCashInPeriodFour_19" />
<presentationArc xlink:type="arc" xlink:arcrole="http://www.xbrl.org/2003/arcrole/parent-child" xlink:from="loc_cpsi_StockIssuedDuringPeriodValueIssuedForCashInPeriodFour_18" xlink:to="loc_cpsi_StockIssuedDuringPeriodSharesIssuedForCashInPeriodFour_19" order="0" use="optional" preferredLabel="http://www.xbrl.org/2003/role/verboseLabel" />
<loc xlink:type="locator" xlink:href="http://xbrl.fasb.org/us-gaap/2012/elts/us-gaap-2012-01-31.xsd#us-gaap_PartnersCapitalAccountContributions" xlink:label="loc_us-gaap_PartnersCapitalAccountContributions_20" />
<presentationArc xlink:type="arc" xlink:arcrole="http://www.xbrl.org/2003/arcrole/parent-child" xlink:from="loc_us-gaap_StatementLineItems_7" xlink:to="loc_us-gaap_PartnersCapitalAccountContributions_20" order="70" use="optional" preferredLabel="http://www.xbrl.org/2003/role/verboseLabel" />
<loc xlink:type="locator" xlink:href="http://xbrl.fasb.org/us-gaap/2012/elts/us-gaap-2012-01-31.xsd#us-gaap_NetIncomeLoss" xlink:label="loc_us-gaap_NetIncomeLoss_21" />
<presentationArc xlink:type="arc" xlink:arcrole="http://www.xbrl.org/2003/arcrole/parent-child" xlink:from="loc_us-gaap_StatementLineItems_7" xlink:to="loc_us-gaap_NetIncomeLoss_21" order="80" use="optional" preferredLabel="http://www.xbrl.org/2003/role/verboseLabel" />
<loc xlink:type="locator" xlink:href="http://xbrl.fasb.org/us-gaap/2012/elts/us-gaap-2012-01-31.xsd#us-gaap_StockholdersEquity" xlink:label="loc_us-gaap_StockholdersEquity_22" />
<presentationArc xlink:type="arc" xlink:arcrole="http://www.xbrl.org/2003/arcrole/parent-child" xlink:from="loc_us-gaap_StatementLineItems_7" xlink:to="loc_us-gaap_StockholdersEquity_22" order="90" use="optional" preferredLabel="http://www.xbrl.org/2003/role/periodEndLabel" />
<loc xlink:type="locator" xlink:href="http://xbrl.fasb.org/us-gaap/2012/elts/us-gaap-2012-01-31.xsd#us-gaap_SharesOutstanding" xlink:label="loc_us-gaap_SharesOutstanding_23" />
<presentationArc xlink:type="arc" xlink:arcrole="http://www.xbrl.org/2003/arcrole/parent-child" xlink:from="loc_us-gaap_StatementLineItems_7" xlink:to="loc_us-gaap_SharesOutstanding_23" order="100" use="optional" preferredLabel="http://www.xbrl.org/2003/role/periodEndLabel" />
</presentationLink>
<presentationLink xlink:type="extended" xlink:role="http://www.computerbuyout.com/role/Statementofstockholdersequityparenthetical">
<loc xlink:type="locator" xlink:href="http://xbrl.fasb.org/us-gaap/2012/elts/us-gaap-2012-01-31.xsd#us-gaap_StatementOfStockholdersEquityAbstract" xlink:label="loc_us-gaap_StatementOfStockholdersEquityAbstract_0" />
<loc xlink:type="locator" xlink:href="cpsi-20121031.xsd#cpsi_ParOrStatedValueOfStockIssuedForServices" xlink:label="loc_cpsi_ParOrStatedValueOfStockIssuedForServices_1" />
<presentationArc xlink:type="arc" xlink:arcrole="http://www.xbrl.org/2003/arcrole/parent-child" xlink:from="loc_us-gaap_StatementOfStockholdersEquityAbstract_0" xlink:to="loc_cpsi_ParOrStatedValueOfStockIssuedForServices_1" order="0" use="optional" preferredLabel="http://www.xbrl.org/2003/role/verboseLabel" />
<loc xlink:type="locator" xlink:href="cpsi-20121031.xsd#cpsi_ParOrStatedValueOfStockIssuedForCashInPeriodOne" xlink:label="loc_cpsi_ParOrStatedValueOfStockIssuedForCashInPeriodOne_2" />
<presentationArc xlink:type="arc" xlink:arcrole="http://www.xbrl.org/2003/arcrole/parent-child" xlink:from="loc_us-gaap_StatementOfStockholdersEquityAbstract_0" xlink:to="loc_cpsi_ParOrStatedValueOfStockIssuedForCashInPeriodOne_2" order="10" use="optional" preferredLabel="http://www.xbrl.org/2003/role/verboseLabel" />
<loc xlink:type="locator" xlink:href="cpsi-20121031.xsd#cpsi_ParOrStatedValueOfStockIssuedForCashInPeriodTwo" xlink:label="loc_cpsi_ParOrStatedValueOfStockIssuedForCashInPeriodTwo_3" />
<presentationArc xlink:type="arc" xlink:arcrole="http://www.xbrl.org/2003/arcrole/parent-child" xlink:from="loc_us-gaap_StatementOfStockholdersEquityAbstract_0" xlink:to="loc_cpsi_ParOrStatedValueOfStockIssuedForCashInPeriodTwo_3" order="20" use="optional" preferredLabel="http://www.xbrl.org/2003/role/verboseLabel" />
<loc xlink:type="locator" xlink:href="cpsi-20121031.xsd#cpsi_ParOrStatedValueOfStockIssuedForCashInPeriodThree" xlink:label="loc_cpsi_ParOrStatedValueOfStockIssuedForCashInPeriodThree_4" />
<presentationArc xlink:type="arc" xlink:arcrole="http://www.xbrl.org/2003/arcrole/parent-child" xlink:from="loc_us-gaap_StatementOfStockholdersEquityAbstract_0" xlink:to="loc_cpsi_ParOrStatedValueOfStockIssuedForCashInPeriodThree_4" order="30" use="optional" preferredLabel="http://www.xbrl.org/2003/role/verboseLabel" />
<loc xlink:type="locator" xlink:href="cpsi-20121031.xsd#cpsi_ParOrStatedValueOfStockIssuedForCashInPeriodFour" xlink:label="loc_cpsi_ParOrStatedValueOfStockIssuedForCashInPeriodFour_5" />
<presentationArc xlink:type="arc" xlink:arcrole="http://www.xbrl.org/2003/arcrole/parent-child" xlink:from="loc_us-gaap_StatementOfStockholdersEquityAbstract_0" xlink:to="loc_cpsi_ParOrStatedValueOfStockIssuedForCashInPeriodFour_5" order="40" use="optional" preferredLabel="http://www.xbrl.org/2003/role/verboseLabel" />
</presentationLink>
<presentationLink xlink:type="extended" xlink:role="http://www.computerbuyout.com/role/StatementsOfCashFlows">
<loc xlink:type="locator" xlink:href="http://xbrl.fasb.org/us-gaap/2012/elts/us-gaap-2012-01-31.xsd#us-gaap_StatementOfCashFlowsAbstract" xlink:label="loc_us-gaap_StatementOfCashFlowsAbstract_0" />
<loc xlink:type="locator" xlink:href="http://xbrl.fasb.org/us-gaap/2012/elts/us-gaap-2012-01-31.xsd#us-gaap_NetCashProvidedByUsedInOperatingActivitiesAbstract" xlink:label="loc_us-gaap_NetCashProvidedByUsedInOperatingActivitiesAbstract_1" />
<presentationArc xlink:type="arc" xlink:arcrole="http://www.xbrl.org/2003/arcrole/parent-child" xlink:from="loc_us-gaap_StatementOfCashFlowsAbstract_0" xlink:to="loc_us-gaap_NetCashProvidedByUsedInOperatingActivitiesAbstract_1" order="0" use="optional" preferredLabel="http://www.xbrl.org/2003/role/verboseLabel" />
<loc xlink:type="locator" xlink:href="http://xbrl.fasb.org/us-gaap/2012/elts/us-gaap-2012-01-31.xsd#us-gaap_NetIncomeLoss" xlink:label="loc_us-gaap_NetIncomeLoss_2" />
<presentationArc xlink:type="arc" xlink:arcrole="http://www.xbrl.org/2003/arcrole/parent-child" xlink:from="loc_us-gaap_NetCashProvidedByUsedInOperatingActivitiesAbstract_1" xlink:to="loc_us-gaap_NetIncomeLoss_2" order="0" use="optional" preferredLabel="http://www.xbrl.org/2003/role/verboseLabel" />
<loc xlink:type="locator" xlink:href="http://xbrl.fasb.org/us-gaap/2012/elts/us-gaap-2012-01-31.xsd#us-gaap_AdjustmentsToReconcileNetIncomeLossToCashProvidedByUsedInOperatingActivitiesAbstract" xlink:label="loc_us-gaap_AdjustmentsToReconcileNetIncomeLossToCashProvidedByUsedInOperatingActivitiesAbstract_3" />
<presentationArc xlink:type="arc" xlink:arcrole="http://www.xbrl.org/2003/arcrole/parent-child" xlink:from="loc_us-gaap_NetCashProvidedByUsedInOperatingActivitiesAbstract_1" xlink:to="loc_us-gaap_AdjustmentsToReconcileNetIncomeLossToCashProvidedByUsedInOperatingActivitiesAbstract_3" order="10" use="optional" preferredLabel="http://www.xbrl.org/2003/role/verboseLabel" />
<loc xlink:type="locator" xlink:href="cpsi-20121031.xsd#cpsi_ProceedFromStockIssuedForServicesRelatedParty" xlink:label="loc_cpsi_ProceedFromStockIssuedForServicesRelatedParty_4" />
<presentationArc xlink:type="arc" xlink:arcrole="http://www.xbrl.org/2003/arcrole/parent-child" xlink:from="loc_us-gaap_AdjustmentsToReconcileNetIncomeLossToCashProvidedByUsedInOperatingActivitiesAbstract_3" xlink:to="loc_cpsi_ProceedFromStockIssuedForServicesRelatedParty_4" order="0" use="optional" preferredLabel="http://www.xbrl.org/2003/role/verboseLabel" />
<loc xlink:type="locator" xlink:href="http://xbrl.fasb.org/us-gaap/2012/elts/us-gaap-2012-01-31.xsd#us-gaap_IncreaseDecreaseInOperatingCapitalAbstract" xlink:label="loc_us-gaap_IncreaseDecreaseInOperatingCapitalAbstract_5" />
<presentationArc xlink:type="arc" xlink:arcrole="http://www.xbrl.org/2003/arcrole/parent-child" xlink:from="loc_us-gaap_AdjustmentsToReconcileNetIncomeLossToCashProvidedByUsedInOperatingActivitiesAbstract_3" xlink:to="loc_us-gaap_IncreaseDecreaseInOperatingCapitalAbstract_5" order="10" use="optional" preferredLabel="http://www.xbrl.org/2003/role/verboseLabel" />
<loc xlink:type="locator" xlink:href="http://xbrl.fasb.org/us-gaap/2012/elts/us-gaap-2012-01-31.xsd#us-gaap_IncreaseDecreaseInPrepaidExpense" xlink:label="loc_us-gaap_IncreaseDecreaseInPrepaidExpense_6" />
<presentationArc xlink:type="arc" xlink:arcrole="http://www.xbrl.org/2003/arcrole/parent-child" xlink:from="loc_us-gaap_IncreaseDecreaseInOperatingCapitalAbstract_5" xlink:to="loc_us-gaap_IncreaseDecreaseInPrepaidExpense_6" order="0" use="optional" preferredLabel="http://www.xbrl.org/2003/role/verboseLabel" />
<loc xlink:type="locator" xlink:href="http://xbrl.fasb.org/us-gaap/2012/elts/us-gaap-2012-01-31.xsd#us-gaap_IncreaseDecreaseInAccruedLiabilities" xlink:label="loc_us-gaap_IncreaseDecreaseInAccruedLiabilities_7" />
<presentationArc xlink:type="arc" xlink:arcrole="http://www.xbrl.org/2003/arcrole/parent-child" xlink:from="loc_us-gaap_IncreaseDecreaseInOperatingCapitalAbstract_5" xlink:to="loc_us-gaap_IncreaseDecreaseInAccruedLiabilities_7" order="10" use="optional" preferredLabel="http://www.xbrl.org/2003/role/verboseLabel" />
<loc xlink:type="locator" xlink:href="http://xbrl.fasb.org/us-gaap/2012/elts/us-gaap-2012-01-31.xsd#us-gaap_NetCashProvidedByUsedInOperatingActivities" xlink:label="loc_us-gaap_NetCashProvidedByUsedInOperatingActivities_8" />
<presentationArc xlink:type="arc" xlink:arcrole="http://www.xbrl.org/2003/arcrole/parent-child" xlink:from="loc_us-gaap_NetCashProvidedByUsedInOperatingActivitiesAbstract_1" xlink:to="loc_us-gaap_NetCashProvidedByUsedInOperatingActivities_8" order="20" use="optional" preferredLabel="http://www.xbrl.org/2003/role/totalLabel" />
<loc xlink:type="locator" xlink:href="http://xbrl.fasb.org/us-gaap/2012/elts/us-gaap-2012-01-31.xsd#us-gaap_NetCashProvidedByUsedInFinancingActivitiesAbstract" xlink:label="loc_us-gaap_NetCashProvidedByUsedInFinancingActivitiesAbstract_9" />
<presentationArc xlink:type="arc" xlink:arcrole="http://www.xbrl.org/2003/arcrole/parent-child" xlink:from="loc_us-gaap_StatementOfCashFlowsAbstract_0" xlink:to="loc_us-gaap_NetCashProvidedByUsedInFinancingActivitiesAbstract_9" order="10" use="optional" preferredLabel="http://www.xbrl.org/2003/role/verboseLabel" />
<loc xlink:type="locator" xlink:href="http://xbrl.fasb.org/us-gaap/2012/elts/us-gaap-2012-01-31.xsd#us-gaap_ProceedsFromPartnershipContribution" xlink:label="loc_us-gaap_ProceedsFromPartnershipContribution_10" />
<presentationArc xlink:type="arc" xlink:arcrole="http://www.xbrl.org/2003/arcrole/parent-child" xlink:from="loc_us-gaap_NetCashProvidedByUsedInFinancingActivitiesAbstract_9" xlink:to="loc_us-gaap_ProceedsFromPartnershipContribution_10" order="0" use="optional" preferredLabel="http://www.xbrl.org/2003/role/verboseLabel" />
<loc xlink:type="locator" xlink:href="http://xbrl.fasb.org/us-gaap/2012/elts/us-gaap-2012-01-31.xsd#us-gaap_ProceedsFromIssuanceOfCommonStock" xlink:label="loc_us-gaap_ProceedsFromIssuanceOfCommonStock_11" />
<presentationArc xlink:type="arc" xlink:arcrole="http://www.xbrl.org/2003/arcrole/parent-child" xlink:from="loc_us-gaap_NetCashProvidedByUsedInFinancingActivitiesAbstract_9" xlink:to="loc_us-gaap_ProceedsFromIssuanceOfCommonStock_11" order="10" use="optional" preferredLabel="http://www.xbrl.org/2003/role/terseLabel" />
<loc xlink:type="locator" xlink:href="http://xbrl.fasb.org/us-gaap/2012/elts/us-gaap-2012-01-31.xsd#us-gaap_NetCashProvidedByUsedInFinancingActivities" xlink:label="loc_us-gaap_NetCashProvidedByUsedInFinancingActivities_12" />
<presentationArc xlink:type="arc" xlink:arcrole="http://www.xbrl.org/2003/arcrole/parent-child" xlink:from="loc_us-gaap_NetCashProvidedByUsedInFinancingActivitiesAbstract_9" xlink:to="loc_us-gaap_NetCashProvidedByUsedInFinancingActivities_12" order="20" use="optional" preferredLabel="http://www.xbrl.org/2003/role/totalLabel" />
<loc xlink:type="locator" xlink:href="http://xbrl.fasb.org/us-gaap/2012/elts/us-gaap-2012-01-31.xsd#us-gaap_CashAndCashEquivalentsPeriodIncreaseDecrease" xlink:label="loc_us-gaap_CashAndCashEquivalentsPeriodIncreaseDecrease_13" />
<presentationArc xlink:type="arc" xlink:arcrole="http://www.xbrl.org/2003/arcrole/parent-child" xlink:from="loc_us-gaap_StatementOfCashFlowsAbstract_0" xlink:to="loc_us-gaap_CashAndCashEquivalentsPeriodIncreaseDecrease_13" order="20" use="optional" preferredLabel="http://www.xbrl.org/2003/role/totalLabel" />
<loc xlink:type="locator" xlink:href="http://xbrl.fasb.org/us-gaap/2012/elts/us-gaap-2012-01-31.xsd#us-gaap_CashAndCashEquivalentsAtCarryingValue" xlink:label="loc_us-gaap_CashAndCashEquivalentsAtCarryingValue_14" />
<presentationArc xlink:type="arc" xlink:arcrole="http://www.xbrl.org/2003/arcrole/parent-child" xlink:from="loc_us-gaap_StatementOfCashFlowsAbstract_0" xlink:to="loc_us-gaap_CashAndCashEquivalentsAtCarryingValue_14" order="30" use="optional" preferredLabel="http://www.xbrl.org/2003/role/periodStartLabel" />
<loc xlink:type="locator" xlink:href="http://xbrl.fasb.org/us-gaap/2012/elts/us-gaap-2012-01-31.xsd#us-gaap_CashAndCashEquivalentsAtCarryingValue" xlink:label="loc_us-gaap_CashAndCashEquivalentsAtCarryingValue_15" />
<presentationArc xlink:type="arc" xlink:arcrole="http://www.xbrl.org/2003/arcrole/parent-child" xlink:from="loc_us-gaap_StatementOfCashFlowsAbstract_0" xlink:to="loc_us-gaap_CashAndCashEquivalentsAtCarryingValue_15" order="40" use="optional" preferredLabel="http://www.xbrl.org/2003/role/periodEndLabel" />
<loc xlink:type="locator" xlink:href="http://xbrl.fasb.org/us-gaap/2012/elts/us-gaap-2012-01-31.xsd#us-gaap_SupplementalCashFlowElementsAbstract" xlink:label="loc_us-gaap_SupplementalCashFlowElementsAbstract_16" />
<presentationArc xlink:type="arc" xlink:arcrole="http://www.xbrl.org/2003/arcrole/parent-child" xlink:from="loc_us-gaap_StatementOfCashFlowsAbstract_0" xlink:to="loc_us-gaap_SupplementalCashFlowElementsAbstract_16" order="50" use="optional" preferredLabel="http://www.xbrl.org/2003/role/verboseLabel" />
<loc xlink:type="locator" xlink:href="http://xbrl.fasb.org/us-gaap/2012/elts/us-gaap-2012-01-31.xsd#us-gaap_SupplementalCashFlowInformationAbstract" xlink:label="loc_us-gaap_SupplementalCashFlowInformationAbstract_17" />
<presentationArc xlink:type="arc" xlink:arcrole="http://www.xbrl.org/2003/arcrole/parent-child" xlink:from="loc_us-gaap_SupplementalCashFlowElementsAbstract_16" xlink:to="loc_us-gaap_SupplementalCashFlowInformationAbstract_17" order="0" use="optional" preferredLabel="http://www.xbrl.org/2003/role/verboseLabel" />
<loc xlink:type="locator" xlink:href="http://xbrl.fasb.org/us-gaap/2012/elts/us-gaap-2012-01-31.xsd#us-gaap_IncomeTaxesPaidNet" xlink:label="loc_us-gaap_IncomeTaxesPaidNet_18" />
<presentationArc xlink:type="arc" xlink:arcrole="http://www.xbrl.org/2003/arcrole/parent-child" xlink:from="loc_us-gaap_SupplementalCashFlowInformationAbstract_17" xlink:to="loc_us-gaap_IncomeTaxesPaidNet_18" order="0" use="optional" preferredLabel="http://www.xbrl.org/2003/role/verboseLabel" />
<loc xlink:type="locator" xlink:href="http://xbrl.fasb.org/us-gaap/2012/elts/us-gaap-2012-01-31.xsd#us-gaap_InterestPaid" xlink:label="loc_us-gaap_InterestPaid_19" />
<presentationArc xlink:type="arc" xlink:arcrole="http://www.xbrl.org/2003/arcrole/parent-child" xlink:from="loc_us-gaap_SupplementalCashFlowInformationAbstract_17" xlink:to="loc_us-gaap_InterestPaid_19" order="10" use="optional" preferredLabel="http://www.xbrl.org/2003/role/verboseLabel" />
</presentationLink>
<presentationLink xlink:type="extended" xlink:role="http://www.computerbuyout.com/role/NatureofOperationsandSummaryofSignificantAccountingPolicies">
<loc xlink:type="locator" xlink:href="http://xbrl.fasb.org/us-gaap/2012/elts/us-gaap-2012-01-31.xsd#us-gaap_OrganizationConsolidationAndPresentationOfFinancialStatementsAbstract" xlink:label="loc_us-gaap_OrganizationConsolidationAndPresentationOfFinancialStatementsAbstract_0" />
<loc xlink:type="locator" xlink:href="http://xbrl.fasb.org/us-gaap/2012/elts/us-gaap-2012-01-31.xsd#us-gaap_OrganizationConsolidationAndPresentationOfFinancialStatementsDisclosureAndSignificantAccountingPoliciesTextBlock" xlink:label="loc_us-gaap_OrganizationConsolidationAndPresentationOfFinancialStatementsDisclosureAndSignificantAccountingPoliciesTextBlock_1" />
<presentationArc xlink:type="arc" xlink:arcrole="http://www.xbrl.org/2003/arcrole/parent-child" xlink:from="loc_us-gaap_OrganizationConsolidationAndPresentationOfFinancialStatementsAbstract_0" xlink:to="loc_us-gaap_OrganizationConsolidationAndPresentationOfFinancialStatementsDisclosureAndSignificantAccountingPoliciesTextBlock_1" order="0" use="optional" preferredLabel="http://www.xbrl.org/2003/role/verboseLabel" />
</presentationLink>
<presentationLink xlink:type="extended" xlink:role="http://www.computerbuyout.com/role/GoingConcern">
<loc xlink:type="locator" xlink:href="cpsi-20121031.xsd#cpsi_GoingConcernDisclosureAbstract" xlink:label="loc_cpsi_GoingConcernDisclosureAbstract_0" />
<loc xlink:type="locator" xlink:href="cpsi-20121031.xsd#cpsi_GoingConcernDisclosureTextBlock" xlink:label="loc_cpsi_GoingConcernDisclosureTextBlock_1" />
<presentationArc xlink:type="arc" xlink:arcrole="http://www.xbrl.org/2003/arcrole/parent-child" xlink:from="loc_cpsi_GoingConcernDisclosureAbstract_0" xlink:to="loc_cpsi_GoingConcernDisclosureTextBlock_1" order="0" use="optional" preferredLabel="http://www.xbrl.org/2003/role/verboseLabel" />
</presentationLink>
<presentationLink xlink:type="extended" xlink:role="http://www.computerbuyout.com/role/FairValue">
<loc xlink:type="locator" xlink:href="http://xbrl.fasb.org/us-gaap/2012/elts/us-gaap-2012-01-31.xsd#us-gaap_FairValueDisclosuresAbstract" xlink:label="loc_us-gaap_FairValueDisclosuresAbstract_0" />
<loc xlink:type="locator" xlink:href="http://xbrl.fasb.org/us-gaap/2012/elts/us-gaap-2012-01-31.xsd#us-gaap_FairValueDisclosuresTextBlock" xlink:label="loc_us-gaap_FairValueDisclosuresTextBlock_1" />
<presentationArc xlink:type="arc" xlink:arcrole="http://www.xbrl.org/2003/arcrole/parent-child" xlink:from="loc_us-gaap_FairValueDisclosuresAbstract_0" xlink:to="loc_us-gaap_FairValueDisclosuresTextBlock_1" order="0" use="optional" preferredLabel="http://www.xbrl.org/2003/role/verboseLabel" />
</presentationLink>
<presentationLink xlink:type="extended" xlink:role="http://www.computerbuyout.com/role/StockholdersEquity">
<loc xlink:type="locator" xlink:href="http://xbrl.fasb.org/us-gaap/2012/elts/us-gaap-2012-01-31.xsd#us-gaap_EquityAbstract" xlink:label="loc_us-gaap_EquityAbstract_0" />
<loc xlink:type="locator" xlink:href="http://xbrl.fasb.org/us-gaap/2012/elts/us-gaap-2012-01-31.xsd#us-gaap_StockholdersEquityNoteDisclosureTextBlock" xlink:label="loc_us-gaap_StockholdersEquityNoteDisclosureTextBlock_1" />
<presentationArc xlink:type="arc" xlink:arcrole="http://www.xbrl.org/2003/arcrole/parent-child" xlink:from="loc_us-gaap_EquityAbstract_0" xlink:to="loc_us-gaap_StockholdersEquityNoteDisclosureTextBlock_1" order="0" use="optional" preferredLabel="http://www.xbrl.org/2003/role/verboseLabel" />
</presentationLink>
<presentationLink xlink:type="extended" xlink:role="http://www.computerbuyout.com/role/IncomeTaxes">
<loc xlink:type="locator" xlink:href="http://xbrl.fasb.org/us-gaap/2012/elts/us-gaap-2012-01-31.xsd#us-gaap_IncomeTaxDisclosureAbstract" xlink:label="loc_us-gaap_IncomeTaxDisclosureAbstract_0" />
<loc xlink:type="locator" xlink:href="http://xbrl.fasb.org/us-gaap/2012/elts/us-gaap-2012-01-31.xsd#us-gaap_IncomeTaxDisclosureTextBlock" xlink:label="loc_us-gaap_IncomeTaxDisclosureTextBlock_1" />
<presentationArc xlink:type="arc" xlink:arcrole="http://www.xbrl.org/2003/arcrole/parent-child" xlink:from="loc_us-gaap_IncomeTaxDisclosureAbstract_0" xlink:to="loc_us-gaap_IncomeTaxDisclosureTextBlock_1" order="0" use="optional" preferredLabel="http://www.xbrl.org/2003/role/verboseLabel" />
</presentationLink>
<presentationLink xlink:type="extended" xlink:role="http://www.computerbuyout.com/role/NatureOfOperationsAndSummaryOfSignificantAccountingPolicies">
<loc xlink:type="locator" xlink:href="http://xbrl.fasb.org/us-gaap/2012/elts/us-gaap-2012-01-31.xsd#us-gaap_OrganizationConsolidationAndPresentationOfFinancialStatementsAbstract" xlink:label="loc_us-gaap_OrganizationConsolidationAndPresentationOfFinancialStatementsAbstract_0" />
<loc xlink:type="locator" xlink:href="cpsi-20121031.xsd#cpsi_DevelopmentStagePolicyTextBlock" xlink:label="loc_cpsi_DevelopmentStagePolicyTextBlock_1" />
<presentationArc xlink:type="arc" xlink:arcrole="http://www.xbrl.org/2003/arcrole/parent-child" xlink:from="loc_us-gaap_OrganizationConsolidationAndPresentationOfFinancialStatementsAbstract_0" xlink:to="loc_cpsi_DevelopmentStagePolicyTextBlock_1" order="0" use="optional" preferredLabel="http://www.xbrl.org/2003/role/verboseLabel" />
<loc xlink:type="locator" xlink:href="cpsi-20121031.xsd#cpsi_RisksAndUncertaintiesPolicyTextBlock" xlink:label="loc_cpsi_RisksAndUncertaintiesPolicyTextBlock_2" />
<presentationArc xlink:type="arc" xlink:arcrole="http://www.xbrl.org/2003/arcrole/parent-child" xlink:from="loc_us-gaap_OrganizationConsolidationAndPresentationOfFinancialStatementsAbstract_0" xlink:to="loc_cpsi_RisksAndUncertaintiesPolicyTextBlock_2" order="10" use="optional" preferredLabel="http://www.xbrl.org/2003/role/verboseLabel" />
<loc xlink:type="locator" xlink:href="http://xbrl.fasb.org/us-gaap/2012/elts/us-gaap-2012-01-31.xsd#us-gaap_UseOfEstimates" xlink:label="loc_us-gaap_UseOfEstimates_3" />
<presentationArc xlink:type="arc" xlink:arcrole="http://www.xbrl.org/2003/arcrole/parent-child" xlink:from="loc_us-gaap_OrganizationConsolidationAndPresentationOfFinancialStatementsAbstract_0" xlink:to="loc_us-gaap_UseOfEstimates_3" order="20" use="optional" preferredLabel="http://www.xbrl.org/2003/role/verboseLabel" />
<loc xlink:type="locator" xlink:href="http://xbrl.fasb.org/us-gaap/2012/elts/us-gaap-2012-01-31.xsd#us-gaap_CashAndCashEquivalentsPolicyTextBlock" xlink:label="loc_us-gaap_CashAndCashEquivalentsPolicyTextBlock_4" />
<presentationArc xlink:type="arc" xlink:arcrole="http://www.xbrl.org/2003/arcrole/parent-child" xlink:from="loc_us-gaap_OrganizationConsolidationAndPresentationOfFinancialStatementsAbstract_0" xlink:to="loc_us-gaap_CashAndCashEquivalentsPolicyTextBlock_4" order="30" use="optional" preferredLabel="http://www.xbrl.org/2003/role/verboseLabel" />
<loc xlink:type="locator" xlink:href="http://xbrl.fasb.org/us-gaap/2012/elts/us-gaap-2012-01-31.xsd#us-gaap_RevenueRecognitionPolicyTextBlock" xlink:label="loc_us-gaap_RevenueRecognitionPolicyTextBlock_5" />
<presentationArc xlink:type="arc" xlink:arcrole="http://www.xbrl.org/2003/arcrole/parent-child" xlink:from="loc_us-gaap_OrganizationConsolidationAndPresentationOfFinancialStatementsAbstract_0" xlink:to="loc_us-gaap_RevenueRecognitionPolicyTextBlock_5" order="40" use="optional" preferredLabel="http://www.xbrl.org/2003/role/verboseLabel" />
<loc xlink:type="locator" xlink:href="http://xbrl.fasb.org/us-gaap/2012/elts/us-gaap-2012-01-31.xsd#us-gaap_ShareBasedCompensationOptionAndIncentivePlansPolicy" xlink:label="loc_us-gaap_ShareBasedCompensationOptionAndIncentivePlansPolicy_6" />
<presentationArc xlink:type="arc" xlink:arcrole="http://www.xbrl.org/2003/arcrole/parent-child" xlink:from="loc_us-gaap_OrganizationConsolidationAndPresentationOfFinancialStatementsAbstract_0" xlink:to="loc_us-gaap_ShareBasedCompensationOptionAndIncentivePlansPolicy_6" order="50" use="optional" preferredLabel="http://www.xbrl.org/2003/role/verboseLabel" />
<loc xlink:type="locator" xlink:href="http://xbrl.fasb.org/us-gaap/2012/elts/us-gaap-2012-01-31.xsd#us-gaap_EarningsPerSharePolicyTextBlock" xlink:label="loc_us-gaap_EarningsPerSharePolicyTextBlock_7" />
<presentationArc xlink:type="arc" xlink:arcrole="http://www.xbrl.org/2003/arcrole/parent-child" xlink:from="loc_us-gaap_OrganizationConsolidationAndPresentationOfFinancialStatementsAbstract_0" xlink:to="loc_us-gaap_EarningsPerSharePolicyTextBlock_7" order="60" use="optional" preferredLabel="http://www.xbrl.org/2003/role/verboseLabel" />
<loc xlink:type="locator" xlink:href="http://xbrl.fasb.org/us-gaap/2012/elts/us-gaap-2012-01-31.xsd#us-gaap_IncomeTaxPolicyTextBlock" xlink:label="loc_us-gaap_IncomeTaxPolicyTextBlock_8" />
<presentationArc xlink:type="arc" xlink:arcrole="http://www.xbrl.org/2003/arcrole/parent-child" xlink:from="loc_us-gaap_OrganizationConsolidationAndPresentationOfFinancialStatementsAbstract_0" xlink:to="loc_us-gaap_IncomeTaxPolicyTextBlock_8" order="70" use="optional" preferredLabel="http://www.xbrl.org/2003/role/verboseLabel" />
<loc xlink:type="locator" xlink:href="http://xbrl.fasb.org/us-gaap/2012/elts/us-gaap-2012-01-31.xsd#us-gaap_NewAccountingPronouncementsPolicyPolicyTextBlock" xlink:label="loc_us-gaap_NewAccountingPronouncementsPolicyPolicyTextBlock_9" />
<presentationArc xlink:type="arc" xlink:arcrole="http://www.xbrl.org/2003/arcrole/parent-child" xlink:from="loc_us-gaap_OrganizationConsolidationAndPresentationOfFinancialStatementsAbstract_0" xlink:to="loc_us-gaap_NewAccountingPronouncementsPolicyPolicyTextBlock_9" order="80" use="optional" preferredLabel="http://www.xbrl.org/2003/role/verboseLabel" />
</presentationLink>
<presentationLink xlink:type="extended" xlink:role="http://www.computerbuyout.com/role/StockholdersEquityTables">
<loc xlink:type="locator" xlink:href="http://xbrl.fasb.org/us-gaap/2012/elts/us-gaap-2012-01-31.xsd#us-gaap_EquityAbstract" xlink:label="loc_us-gaap_EquityAbstract_0" />
<loc xlink:type="locator" xlink:href="http://xbrl.fasb.org/us-gaap/2012/elts/us-gaap-2012-01-31.xsd#us-gaap_ScheduleOfStockholdersEquityTableTextBlock" xlink:label="loc_us-gaap_ScheduleOfStockholdersEquityTableTextBlock_1" />
<presentationArc xlink:type="arc" xlink:arcrole="http://www.xbrl.org/2003/arcrole/parent-child" xlink:from="loc_us-gaap_EquityAbstract_0" xlink:to="loc_us-gaap_ScheduleOfStockholdersEquityTableTextBlock_1" order="0" use="optional" preferredLabel="http://www.xbrl.org/2003/role/verboseLabel" />
</presentationLink>
<presentationLink xlink:type="extended" xlink:role="http://www.computerbuyout.com/role/IncomeTaxesTables">
<loc xlink:type="locator" xlink:href="http://xbrl.fasb.org/us-gaap/2012/elts/us-gaap-2012-01-31.xsd#us-gaap_IncomeTaxDisclosureAbstract" xlink:label="loc_us-gaap_IncomeTaxDisclosureAbstract_0" />
<loc xlink:type="locator" xlink:href="http://xbrl.fasb.org/us-gaap/2012/elts/us-gaap-2012-01-31.xsd#us-gaap_ScheduleOfDeferredTaxAssetsAndLiabilitiesTableTextBlock" xlink:label="loc_us-gaap_ScheduleOfDeferredTaxAssetsAndLiabilitiesTableTextBlock_1" />
<presentationArc xlink:type="arc" xlink:arcrole="http://www.xbrl.org/2003/arcrole/parent-child" xlink:from="loc_us-gaap_IncomeTaxDisclosureAbstract_0" xlink:to="loc_us-gaap_ScheduleOfDeferredTaxAssetsAndLiabilitiesTableTextBlock_1" order="0" use="optional" preferredLabel="http://www.xbrl.org/2003/role/verboseLabel" />
<loc xlink:type="locator" xlink:href="http://xbrl.fasb.org/us-gaap/2012/elts/us-gaap-2012-01-31.xsd#us-gaap_ScheduleOfComponentsOfIncomeTaxExpenseBenefitTableTextBlock" xlink:label="loc_us-gaap_ScheduleOfComponentsOfIncomeTaxExpenseBenefitTableTextBlock_2" />
<presentationArc xlink:type="arc" xlink:arcrole="http://www.xbrl.org/2003/arcrole/parent-child" xlink:from="loc_us-gaap_IncomeTaxDisclosureAbstract_0" xlink:to="loc_us-gaap_ScheduleOfComponentsOfIncomeTaxExpenseBenefitTableTextBlock_2" order="10" use="optional" preferredLabel="http://www.xbrl.org/2003/role/verboseLabel" />
</presentationLink>
<presentationLink xlink:type="extended" xlink:role="http://www.computerbuyout.com/role/NatureofOperationsandSummaryofSignificantAccountingPoliciesDetails">
<loc xlink:type="locator" xlink:href="http://xbrl.fasb.org/us-gaap/2012/elts/us-gaap-2012-01-31.xsd#us-gaap_OrganizationConsolidationAndPresentationOfFinancialStatementsAbstract" xlink:label="loc_us-gaap_OrganizationConsolidationAndPresentationOfFinancialStatementsAbstract_0" />
<loc xlink:type="locator" xlink:href="cpsi-20121031.xsd#cpsi_NatureOfOperationAndSummaryOfSignificantAccountingPoliciesTextualAbstract" xlink:label="loc_cpsi_NatureOfOperationAndSummaryOfSignificantAccountingPoliciesTextualAbstract_1" />
<presentationArc xlink:type="arc" xlink:arcrole="http://www.xbrl.org/2003/arcrole/parent-child" xlink:from="loc_us-gaap_OrganizationConsolidationAndPresentationOfFinancialStatementsAbstract_0" xlink:to="loc_cpsi_NatureOfOperationAndSummaryOfSignificantAccountingPoliciesTextualAbstract_1" order="0" use="optional" preferredLabel="http://www.xbrl.org/2003/role/verboseLabel" />
<loc xlink:type="locator" xlink:href="http://xbrl.fasb.org/us-gaap/2012/elts/us-gaap-2012-01-31.xsd#us-gaap_CashEquivalentsAtCarryingValue" xlink:label="loc_us-gaap_CashEquivalentsAtCarryingValue_2" />
<presentationArc xlink:type="arc" xlink:arcrole="http://www.xbrl.org/2003/arcrole/parent-child" xlink:from="loc_cpsi_NatureOfOperationAndSummaryOfSignificantAccountingPoliciesTextualAbstract_1" xlink:to="loc_us-gaap_CashEquivalentsAtCarryingValue_2" order="0" use="optional" preferredLabel="http://www.xbrl.org/2003/role/verboseLabel" />
<loc xlink:type="locator" xlink:href="cpsi-20121031.xsd#cpsi_PercentageOfAppliedValuationAllowance" xlink:label="loc_cpsi_PercentageOfAppliedValuationAllowance_3" />
<presentationArc xlink:type="arc" xlink:arcrole="http://www.xbrl.org/2003/arcrole/parent-child" xlink:from="loc_cpsi_NatureOfOperationAndSummaryOfSignificantAccountingPoliciesTextualAbstract_1" xlink:to="loc_cpsi_PercentageOfAppliedValuationAllowance_3" order="10" use="optional" preferredLabel="http://www.xbrl.org/2003/role/verboseLabel" />
</presentationLink>
<presentationLink xlink:type="extended" xlink:role="http://www.computerbuyout.com/role/GoingConcernDetails">
<loc xlink:type="locator" xlink:href="cpsi-20121031.xsd#cpsi_GoingConcernDisclosureAbstract" xlink:label="loc_cpsi_GoingConcernDisclosureAbstract_0" />
<loc xlink:type="locator" xlink:href="cpsi-20121031.xsd#cpsi_GoingConcernTextualAbstract" xlink:label="loc_cpsi_GoingConcernTextualAbstract_1" />
<presentationArc xlink:type="arc" xlink:arcrole="http://www.xbrl.org/2003/arcrole/parent-child" xlink:from="loc_cpsi_GoingConcernDisclosureAbstract_0" xlink:to="loc_cpsi_GoingConcernTextualAbstract_1" order="0" use="optional" preferredLabel="http://www.xbrl.org/2003/role/verboseLabel" />
<loc xlink:type="locator" xlink:href="http://xbrl.fasb.org/us-gaap/2012/elts/us-gaap-2012-01-31.xsd#us-gaap_NetIncomeLoss" xlink:label="loc_us-gaap_NetIncomeLoss_2" />
<presentationArc xlink:type="arc" xlink:arcrole="http://www.xbrl.org/2003/arcrole/parent-child" xlink:from="loc_cpsi_GoingConcernTextualAbstract_1" xlink:to="loc_us-gaap_NetIncomeLoss_2" order="0" use="optional" preferredLabel="http://www.xbrl.org/2003/role/terseLabel" />
<loc xlink:type="locator" xlink:href="http://xbrl.fasb.org/us-gaap/2012/elts/us-gaap-2012-01-31.xsd#us-gaap_NetCashProvidedByUsedInOperatingActivities" xlink:label="loc_us-gaap_NetCashProvidedByUsedInOperatingActivities_3" />
<presentationArc xlink:type="arc" xlink:arcrole="http://www.xbrl.org/2003/arcrole/parent-child" xlink:from="loc_cpsi_GoingConcernTextualAbstract_1" xlink:to="loc_us-gaap_NetCashProvidedByUsedInOperatingActivities_3" order="10" use="optional" preferredLabel="http://www.xbrl.org/2003/role/terseLabel" />
<loc xlink:type="locator" xlink:href="cpsi-20121031.xsd#cpsi_WorkingCapitalDeficitAndStockholdersDeficit" xlink:label="loc_cpsi_WorkingCapitalDeficitAndStockholdersDeficit_4" />
<presentationArc xlink:type="arc" xlink:arcrole="http://www.xbrl.org/2003/arcrole/parent-child" xlink:from="loc_cpsi_GoingConcernTextualAbstract_1" xlink:to="loc_cpsi_WorkingCapitalDeficitAndStockholdersDeficit_4" order="20" use="optional" preferredLabel="http://www.xbrl.org/2003/role/verboseLabel" />
</presentationLink>
<presentationLink xlink:type="extended" xlink:role="http://www.computerbuyout.com/role/StockholdersEquityDetails">
<loc xlink:type="locator" xlink:href="http://xbrl.fasb.org/us-gaap/2012/elts/us-gaap-2012-01-31.xsd#us-gaap_EquityAbstract" xlink:label="loc_us-gaap_EquityAbstract_0" />
<loc xlink:type="locator" xlink:href="cpsi-20121031.xsd#cpsi_ScheduleOfCommonStockOutstandingAbstract" xlink:label="loc_cpsi_ScheduleOfCommonStockOutstandingAbstract_1" />
<presentationArc xlink:type="arc" xlink:arcrole="http://www.xbrl.org/2003/arcrole/parent-child" xlink:from="loc_us-gaap_EquityAbstract_0" xlink:to="loc_cpsi_ScheduleOfCommonStockOutstandingAbstract_1" order="0" use="optional" preferredLabel="http://www.xbrl.org/2003/role/verboseLabel" />
<loc xlink:type="locator" xlink:href="http://xbrl.fasb.org/us-gaap/2012/elts/us-gaap-2012-01-31.xsd#us-gaap_StockIssuedDuringPeriodSharesIssuedForServices" xlink:label="loc_us-gaap_StockIssuedDuringPeriodSharesIssuedForServices_2" />
<presentationArc xlink:type="arc" xlink:arcrole="http://www.xbrl.org/2003/arcrole/parent-child" xlink:from="loc_cpsi_ScheduleOfCommonStockOutstandingAbstract_1" xlink:to="loc_us-gaap_StockIssuedDuringPeriodSharesIssuedForServices_2" order="0" use="optional" preferredLabel="http://www.xbrl.org/2003/role/terseLabel" />
<loc xlink:type="locator" xlink:href="http://xbrl.fasb.org/us-gaap/2012/elts/us-gaap-2012-01-31.xsd#us-gaap_StockIssuedDuringPeriodValueIssuedForServices" xlink:label="loc_us-gaap_StockIssuedDuringPeriodValueIssuedForServices_3" />
<presentationArc xlink:type="arc" xlink:arcrole="http://www.xbrl.org/2003/arcrole/parent-child" xlink:from="loc_cpsi_ScheduleOfCommonStockOutstandingAbstract_1" xlink:to="loc_us-gaap_StockIssuedDuringPeriodValueIssuedForServices_3" order="10" use="optional" preferredLabel="http://www.xbrl.org/2003/role/verboseLabel" />
<loc xlink:type="locator" xlink:href="cpsi-20121031.xsd#cpsi_SharesIssuedForServicePricePerShare" xlink:label="loc_cpsi_SharesIssuedForServicePricePerShare_4" />
<presentationArc xlink:type="arc" xlink:arcrole="http://www.xbrl.org/2003/arcrole/parent-child" xlink:from="loc_cpsi_ScheduleOfCommonStockOutstandingAbstract_1" xlink:to="loc_cpsi_SharesIssuedForServicePricePerShare_4" order="20" use="optional" preferredLabel="http://www.xbrl.org/2003/role/verboseLabel" />
<loc xlink:type="locator" xlink:href="http://xbrl.fasb.org/us-gaap/2012/elts/us-gaap-2012-01-31.xsd#us-gaap_StockIssuedDuringPeriodSharesIssuedForCash" xlink:label="loc_us-gaap_StockIssuedDuringPeriodSharesIssuedForCash_5" />
<presentationArc xlink:type="arc" xlink:arcrole="http://www.xbrl.org/2003/arcrole/parent-child" xlink:from="loc_cpsi_ScheduleOfCommonStockOutstandingAbstract_1" xlink:to="loc_us-gaap_StockIssuedDuringPeriodSharesIssuedForCash_5" order="30" use="optional" preferredLabel="http://www.xbrl.org/2003/role/verboseLabel" />
<loc xlink:type="locator" xlink:href="http://xbrl.fasb.org/us-gaap/2012/elts/us-gaap-2012-01-31.xsd#us-gaap_StockIssuedDuringPeriodValueIssuedForCash" xlink:label="loc_us-gaap_StockIssuedDuringPeriodValueIssuedForCash_6" />
<presentationArc xlink:type="arc" xlink:arcrole="http://www.xbrl.org/2003/arcrole/parent-child" xlink:from="loc_cpsi_ScheduleOfCommonStockOutstandingAbstract_1" xlink:to="loc_us-gaap_StockIssuedDuringPeriodValueIssuedForCash_6" order="40" use="optional" preferredLabel="http://www.xbrl.org/2003/role/verboseLabel" />
<loc xlink:type="locator" xlink:href="cpsi-20121031.xsd#cpsi_SharesIssuedForCashPricePerShare" xlink:label="loc_cpsi_SharesIssuedForCashPricePerShare_7" />
<presentationArc xlink:type="arc" xlink:arcrole="http://www.xbrl.org/2003/arcrole/parent-child" xlink:from="loc_cpsi_ScheduleOfCommonStockOutstandingAbstract_1" xlink:to="loc_cpsi_SharesIssuedForCashPricePerShare_7" order="50" use="optional" preferredLabel="http://www.xbrl.org/2003/role/verboseLabel" />
<loc xlink:type="locator" xlink:href="http://xbrl.fasb.org/us-gaap/2012/elts/us-gaap-2012-01-31.xsd#us-gaap_StockIssuedDuringPeriodSharesNewIssues" xlink:label="loc_us-gaap_StockIssuedDuringPeriodSharesNewIssues_8" />
<presentationArc xlink:type="arc" xlink:arcrole="http://www.xbrl.org/2003/arcrole/parent-child" xlink:from="loc_cpsi_ScheduleOfCommonStockOutstandingAbstract_1" xlink:to="loc_us-gaap_StockIssuedDuringPeriodSharesNewIssues_8" order="60" use="optional" preferredLabel="http://www.xbrl.org/2003/role/totalLabel" />
<loc xlink:type="locator" xlink:href="http://xbrl.fasb.org/us-gaap/2012/elts/us-gaap-2012-01-31.xsd#us-gaap_StockIssuedDuringPeriodValueNewIssues" xlink:label="loc_us-gaap_StockIssuedDuringPeriodValueNewIssues_9" />
<presentationArc xlink:type="arc" xlink:arcrole="http://www.xbrl.org/2003/arcrole/parent-child" xlink:from="loc_cpsi_ScheduleOfCommonStockOutstandingAbstract_1" xlink:to="loc_us-gaap_StockIssuedDuringPeriodValueNewIssues_9" order="70" use="optional" preferredLabel="http://www.xbrl.org/2003/role/totalLabel" />
<loc xlink:type="locator" xlink:href="cpsi-20121031.xsd#cpsi_SharesIssuedMinimumPricePerShare" xlink:label="loc_cpsi_SharesIssuedMinimumPricePerShare_10" />
<presentationArc xlink:type="arc" xlink:arcrole="http://www.xbrl.org/2003/arcrole/parent-child" xlink:from="loc_cpsi_ScheduleOfCommonStockOutstandingAbstract_1" xlink:to="loc_cpsi_SharesIssuedMinimumPricePerShare_10" order="80" use="optional" preferredLabel="http://www.xbrl.org/2003/role/verboseLabel" />
<loc xlink:type="locator" xlink:href="cpsi-20121031.xsd#cpsi_SharesIssuedMaximumPricePerShare" xlink:label="loc_cpsi_SharesIssuedMaximumPricePerShare_11" />
<presentationArc xlink:type="arc" xlink:arcrole="http://www.xbrl.org/2003/arcrole/parent-child" xlink:from="loc_cpsi_ScheduleOfCommonStockOutstandingAbstract_1" xlink:to="loc_cpsi_SharesIssuedMaximumPricePerShare_11" order="90" use="optional" preferredLabel="http://www.xbrl.org/2003/role/verboseLabel" />
</presentationLink>
<presentationLink xlink:type="extended" xlink:role="http://www.computerbuyout.com/role/StockholdersEquityDetailsTextual">
<loc xlink:type="locator" xlink:href="http://xbrl.fasb.org/us-gaap/2012/elts/us-gaap-2012-01-31.xsd#us-gaap_EquityAbstract" xlink:label="loc_us-gaap_EquityAbstract_0" />
<loc xlink:type="locator" xlink:href="http://xbrl.fasb.org/us-gaap/2012/elts/us-gaap-2012-01-31.xsd#us-gaap_ScheduleOfSubsidiaryOrEquityMethodInvesteeTable" xlink:label="loc_us-gaap_ScheduleOfSubsidiaryOrEquityMethodInvesteeTable_1" />
<presentationArc xlink:type="arc" xlink:arcrole="http://www.xbrl.org/2003/arcrole/parent-child" xlink:from="loc_us-gaap_EquityAbstract_0" xlink:to="loc_us-gaap_ScheduleOfSubsidiaryOrEquityMethodInvesteeTable_1" order="0" use="optional" preferredLabel="http://www.xbrl.org/2003/role/label" />
<loc xlink:type="locator" xlink:href="http://xbrl.fasb.org/us-gaap/2012/elts/us-gaap-2012-01-31.xsd#us-gaap_DeferredCompensationArrangementWithIndividualExcludingShareBasedPaymentsAndPostretirementBenefitsByTitleOfIndividualAxis" xlink:label="loc_us-gaap_DeferredCompensationArrangementWithIndividualExcludingShareBasedPaymentsAndPostretirementBenefitsByTitleOfIndividualAxis_2" />
<presentationArc xlink:type="arc" xlink:arcrole="http://www.xbrl.org/2003/arcrole/parent-child" xlink:from="loc_us-gaap_ScheduleOfSubsidiaryOrEquityMethodInvesteeTable_1" xlink:to="loc_us-gaap_DeferredCompensationArrangementWithIndividualExcludingShareBasedPaymentsAndPostretirementBenefitsByTitleOfIndividualAxis_2" order="0" use="optional" preferredLabel="http://www.xbrl.org/2003/role/label" />
<loc xlink:type="locator" xlink:href="http://xbrl.fasb.org/us-gaap/2012/elts/us-gaap-2012-01-31.xsd#us-gaap_TitleOfIndividualWithRelationshipToEntityDomain" xlink:label="loc_us-gaap_TitleOfIndividualWithRelationshipToEntityDomain_3" />
<presentationArc xlink:type="arc" xlink:arcrole="http://www.xbrl.org/2003/arcrole/parent-child" xlink:from="loc_us-gaap_DeferredCompensationArrangementWithIndividualExcludingShareBasedPaymentsAndPostretirementBenefitsByTitleOfIndividualAxis_2" xlink:to="loc_us-gaap_TitleOfIndividualWithRelationshipToEntityDomain_3" order="0" use="optional" preferredLabel="http://www.xbrl.org/2003/role/label" />
<loc xlink:type="locator" xlink:href="http://xbrl.fasb.org/us-gaap/2012/elts/us-gaap-2012-01-31.xsd#us-gaap_ChiefExecutiveOfficerMember" xlink:label="loc_us-gaap_ChiefExecutiveOfficerMember_4" />
<presentationArc xlink:type="arc" xlink:arcrole="http://www.xbrl.org/2003/arcrole/parent-child" xlink:from="loc_us-gaap_TitleOfIndividualWithRelationshipToEntityDomain_3" xlink:to="loc_us-gaap_ChiefExecutiveOfficerMember_4" order="0" use="optional" preferredLabel="http://www.xbrl.org/2003/role/verboseLabel" />
<loc xlink:type="locator" xlink:href="http://xbrl.fasb.org/us-gaap/2012/elts/us-gaap-2012-01-31.xsd#us-gaap_SubsidiaryOrEquityMethodInvesteeLineItems" xlink:label="loc_us-gaap_SubsidiaryOrEquityMethodInvesteeLineItems_5" />
<presentationArc xlink:type="arc" xlink:arcrole="http://www.xbrl.org/2003/arcrole/parent-child" xlink:from="loc_us-gaap_ScheduleOfSubsidiaryOrEquityMethodInvesteeTable_1" xlink:to="loc_us-gaap_SubsidiaryOrEquityMethodInvesteeLineItems_5" order="10" use="optional" preferredLabel="http://www.xbrl.org/2003/role/verboseLabel" />
<loc xlink:type="locator" xlink:href="cpsi-20121031.xsd#cpsi_StockholdersEquityTextualAbstract" xlink:label="loc_cpsi_StockholdersEquityTextualAbstract_6" />
<presentationArc xlink:type="arc" xlink:arcrole="http://www.xbrl.org/2003/arcrole/parent-child" xlink:from="loc_us-gaap_SubsidiaryOrEquityMethodInvesteeLineItems_5" xlink:to="loc_cpsi_StockholdersEquityTextualAbstract_6" order="0" use="optional" preferredLabel="http://www.xbrl.org/2003/role/verboseLabel" />
<loc xlink:type="locator" xlink:href="http://xbrl.fasb.org/us-gaap/2012/elts/us-gaap-2012-01-31.xsd#us-gaap_PartnersCapitalAccountContributions" xlink:label="loc_us-gaap_PartnersCapitalAccountContributions_7" />
<presentationArc xlink:type="arc" xlink:arcrole="http://www.xbrl.org/2003/arcrole/parent-child" xlink:from="loc_cpsi_StockholdersEquityTextualAbstract_6" xlink:to="loc_us-gaap_PartnersCapitalAccountContributions_7" order="0" use="optional" preferredLabel="http://www.xbrl.org/2003/role/terseLabel" />
</presentationLink>
<presentationLink xlink:type="extended" xlink:role="http://www.computerbuyout.com/role/IncomeTaxesDetails">
<loc xlink:type="locator" xlink:href="http://xbrl.fasb.org/us-gaap/2012/elts/us-gaap-2012-01-31.xsd#us-gaap_IncomeTaxDisclosureAbstract" xlink:label="loc_us-gaap_IncomeTaxDisclosureAbstract_0" />
<loc xlink:type="locator" xlink:href="http://xbrl.fasb.org/us-gaap/2012/elts/us-gaap-2012-01-31.xsd#us-gaap_DeferredTaxAssetsLiabilitiesNetAbstract" xlink:label="loc_us-gaap_DeferredTaxAssetsLiabilitiesNetAbstract_1" />
<presentationArc xlink:type="arc" xlink:arcrole="http://www.xbrl.org/2003/arcrole/parent-child" xlink:from="loc_us-gaap_IncomeTaxDisclosureAbstract_0" xlink:to="loc_us-gaap_DeferredTaxAssetsLiabilitiesNetAbstract_1" order="0" use="optional" preferredLabel="http://www.xbrl.org/2003/role/verboseLabel" />
<loc xlink:type="locator" xlink:href="http://xbrl.fasb.org/us-gaap/2012/elts/us-gaap-2012-01-31.xsd#us-gaap_DeferredTaxAssetsGrossAbstract" xlink:label="loc_us-gaap_DeferredTaxAssetsGrossAbstract_2" />
<presentationArc xlink:type="arc" xlink:arcrole="http://www.xbrl.org/2003/arcrole/parent-child" xlink:from="loc_us-gaap_DeferredTaxAssetsLiabilitiesNetAbstract_1" xlink:to="loc_us-gaap_DeferredTaxAssetsGrossAbstract_2" order="0" use="optional" preferredLabel="http://www.xbrl.org/2003/role/verboseLabel" />
<loc xlink:type="locator" xlink:href="http://xbrl.fasb.org/us-gaap/2012/elts/us-gaap-2012-01-31.xsd#us-gaap_DeferredTaxAssetsOperatingLossCarryforwards" xlink:label="loc_us-gaap_DeferredTaxAssetsOperatingLossCarryforwards_3" />
<presentationArc xlink:type="arc" xlink:arcrole="http://www.xbrl.org/2003/arcrole/parent-child" xlink:from="loc_us-gaap_DeferredTaxAssetsGrossAbstract_2" xlink:to="loc_us-gaap_DeferredTaxAssetsOperatingLossCarryforwards_3" order="0" use="optional" preferredLabel="http://www.xbrl.org/2003/role/verboseLabel" />
<loc xlink:type="locator" xlink:href="http://xbrl.fasb.org/us-gaap/2012/elts/us-gaap-2012-01-31.xsd#us-gaap_DeferredTaxAssetsGross" xlink:label="loc_us-gaap_DeferredTaxAssetsGross_4" />
<presentationArc xlink:type="arc" xlink:arcrole="http://www.xbrl.org/2003/arcrole/parent-child" xlink:from="loc_us-gaap_DeferredTaxAssetsGrossAbstract_2" xlink:to="loc_us-gaap_DeferredTaxAssetsGross_4" order="10" use="optional" preferredLabel="http://www.xbrl.org/2003/role/verboseLabel" />
<loc xlink:type="locator" xlink:href="http://xbrl.fasb.org/us-gaap/2012/elts/us-gaap-2012-01-31.xsd#us-gaap_DeferredTaxAssetsValuationAllowance" xlink:label="loc_us-gaap_DeferredTaxAssetsValuationAllowance_5" />
<presentationArc xlink:type="arc" xlink:arcrole="http://www.xbrl.org/2003/arcrole/parent-child" xlink:from="loc_us-gaap_DeferredTaxAssetsGrossAbstract_2" xlink:to="loc_us-gaap_DeferredTaxAssetsValuationAllowance_5" order="20" use="optional" preferredLabel="http://www.xbrl.org/2009/role/negatedLabel" />
<loc xlink:type="locator" xlink:href="http://xbrl.fasb.org/us-gaap/2012/elts/us-gaap-2012-01-31.xsd#us-gaap_DeferredTaxAssetsNet" xlink:label="loc_us-gaap_DeferredTaxAssetsNet_6" />
<presentationArc xlink:type="arc" xlink:arcrole="http://www.xbrl.org/2003/arcrole/parent-child" xlink:from="loc_us-gaap_DeferredTaxAssetsGrossAbstract_2" xlink:to="loc_us-gaap_DeferredTaxAssetsNet_6" order="30" use="optional" preferredLabel="http://www.xbrl.org/2003/role/totalLabel" />
</presentationLink>
<presentationLink xlink:type="extended" xlink:role="http://www.computerbuyout.com/role/IncomeTaxesDetails1">
<loc xlink:type="locator" xlink:href="http://xbrl.fasb.org/us-gaap/2012/elts/us-gaap-2012-01-31.xsd#us-gaap_IncomeTaxDisclosureAbstract" xlink:label="loc_us-gaap_IncomeTaxDisclosureAbstract_0" />
<loc xlink:type="locator" xlink:href="http://xbrl.fasb.org/us-gaap/2012/elts/us-gaap-2012-01-31.xsd#us-gaap_IncomeTaxExpenseBenefitAbstract" xlink:label="loc_us-gaap_IncomeTaxExpenseBenefitAbstract_1" />
<presentationArc xlink:type="arc" xlink:arcrole="http://www.xbrl.org/2003/arcrole/parent-child" xlink:from="loc_us-gaap_IncomeTaxDisclosureAbstract_0" xlink:to="loc_us-gaap_IncomeTaxExpenseBenefitAbstract_1" order="0" use="optional" preferredLabel="http://www.xbrl.org/2003/role/verboseLabel" />
<loc xlink:type="locator" xlink:href="http://xbrl.fasb.org/us-gaap/2012/elts/us-gaap-2012-01-31.xsd#us-gaap_IncomeTaxReconciliationIncomeTaxExpenseBenefitAtFederalStatutoryIncomeTaxRate" xlink:label="loc_us-gaap_IncomeTaxReconciliationIncomeTaxExpenseBenefitAtFederalStatutoryIncomeTaxRate_2" />
<presentationArc xlink:type="arc" xlink:arcrole="http://www.xbrl.org/2003/arcrole/parent-child" xlink:from="loc_us-gaap_IncomeTaxExpenseBenefitAbstract_1" xlink:to="loc_us-gaap_IncomeTaxReconciliationIncomeTaxExpenseBenefitAtFederalStatutoryIncomeTaxRate_2" order="0" use="optional" preferredLabel="http://www.xbrl.org/2003/role/verboseLabel" />
<loc xlink:type="locator" xlink:href="http://xbrl.fasb.org/us-gaap/2012/elts/us-gaap-2012-01-31.xsd#us-gaap_IncomeTaxReconciliationStateAndLocalIncomeTaxes" xlink:label="loc_us-gaap_IncomeTaxReconciliationStateAndLocalIncomeTaxes_3" />
<presentationArc xlink:type="arc" xlink:arcrole="http://www.xbrl.org/2003/arcrole/parent-child" xlink:from="loc_us-gaap_IncomeTaxExpenseBenefitAbstract_1" xlink:to="loc_us-gaap_IncomeTaxReconciliationStateAndLocalIncomeTaxes_3" order="10" use="optional" preferredLabel="http://www.xbrl.org/2003/role/verboseLabel" />
<loc xlink:type="locator" xlink:href="http://xbrl.fasb.org/us-gaap/2012/elts/us-gaap-2012-01-31.xsd#us-gaap_ValuationAllowanceDeferredTaxAssetChangeInAmount" xlink:label="loc_us-gaap_ValuationAllowanceDeferredTaxAssetChangeInAmount_4" />
<presentationArc xlink:type="arc" xlink:arcrole="http://www.xbrl.org/2003/arcrole/parent-child" xlink:from="loc_us-gaap_IncomeTaxExpenseBenefitAbstract_1" xlink:to="loc_us-gaap_ValuationAllowanceDeferredTaxAssetChangeInAmount_4" order="20" use="optional" preferredLabel="http://www.xbrl.org/2009/role/negatedLabel" />
<loc xlink:type="locator" xlink:href="http://xbrl.fasb.org/us-gaap/2012/elts/us-gaap-2012-01-31.xsd#us-gaap_IncomeTaxExpenseBenefit" xlink:label="loc_us-gaap_IncomeTaxExpenseBenefit_5" />
<presentationArc xlink:type="arc" xlink:arcrole="http://www.xbrl.org/2003/arcrole/parent-child" xlink:from="loc_us-gaap_IncomeTaxExpenseBenefitAbstract_1" xlink:to="loc_us-gaap_IncomeTaxExpenseBenefit_5" order="30" use="optional" preferredLabel="http://www.xbrl.org/2003/role/totalLabel" />
</presentationLink>
<presentationLink xlink:type="extended" xlink:role="http://www.computerbuyout.com/role/IncomeTaxesDetails2">
<loc xlink:type="locator" xlink:href="http://xbrl.fasb.org/us-gaap/2012/elts/us-gaap-2012-01-31.xsd#us-gaap_IncomeTaxDisclosureAbstract" xlink:label="loc_us-gaap_IncomeTaxDisclosureAbstract_0" />
<loc xlink:type="locator" xlink:href="cpsi-20121031.xsd#cpsi_IncomeTaxesTextualAbstract" xlink:label="loc_cpsi_IncomeTaxesTextualAbstract_1" />
<presentationArc xlink:type="arc" xlink:arcrole="http://www.xbrl.org/2003/arcrole/parent-child" xlink:from="loc_us-gaap_IncomeTaxDisclosureAbstract_0" xlink:to="loc_cpsi_IncomeTaxesTextualAbstract_1" order="0" use="optional" preferredLabel="http://www.xbrl.org/2003/role/verboseLabel" />
<loc xlink:type="locator" xlink:href="http://xbrl.fasb.org/us-gaap/2012/elts/us-gaap-2012-01-31.xsd#us-gaap_OperatingLossCarryforwards" xlink:label="loc_us-gaap_OperatingLossCarryforwards_2" />
<presentationArc xlink:type="arc" xlink:arcrole="http://www.xbrl.org/2003/arcrole/parent-child" xlink:from="loc_cpsi_IncomeTaxesTextualAbstract_1" xlink:to="loc_us-gaap_OperatingLossCarryforwards_2" order="0" use="optional" preferredLabel="http://www.xbrl.org/2003/role/verboseLabel" />
<loc xlink:type="locator" xlink:href="http://xbrl.fasb.org/us-gaap/2012/elts/us-gaap-2012-01-31.xsd#us-gaap_OperatingLossCarryforwardsExpirationDates" xlink:label="loc_us-gaap_OperatingLossCarryforwardsExpirationDates_3" />
<presentationArc xlink:type="arc" xlink:arcrole="http://www.xbrl.org/2003/arcrole/parent-child" xlink:from="loc_cpsi_IncomeTaxesTextualAbstract_1" xlink:to="loc_us-gaap_OperatingLossCarryforwardsExpirationDates_3" order="10" use="optional" preferredLabel="http://www.xbrl.org/2003/role/verboseLabel" />
<loc xlink:type="locator" xlink:href="http://xbrl.fasb.org/us-gaap/2012/elts/us-gaap-2012-01-31.xsd#us-gaap_ValuationAllowanceAmount" xlink:label="loc_us-gaap_ValuationAllowanceAmount_4" />
<presentationArc xlink:type="arc" xlink:arcrole="http://www.xbrl.org/2003/arcrole/parent-child" xlink:from="loc_cpsi_IncomeTaxesTextualAbstract_1" xlink:to="loc_us-gaap_ValuationAllowanceAmount_4" order="20" use="optional" preferredLabel="http://www.xbrl.org/2003/role/terseLabel" />
<loc xlink:type="locator" xlink:href="http://xbrl.fasb.org/us-gaap/2012/elts/us-gaap-2012-01-31.xsd#us-gaap_EffectiveIncomeTaxRateReconciliationAtFederalStatutoryIncomeTaxRate" xlink:label="loc_us-gaap_EffectiveIncomeTaxRateReconciliationAtFederalStatutoryIncomeTaxRate_5" />
<presentationArc xlink:type="arc" xlink:arcrole="http://www.xbrl.org/2003/arcrole/parent-child" xlink:from="loc_cpsi_IncomeTaxesTextualAbstract_1" xlink:to="loc_us-gaap_EffectiveIncomeTaxRateReconciliationAtFederalStatutoryIncomeTaxRate_5" order="30" use="optional" preferredLabel="http://www.xbrl.org/2003/role/verboseLabel" />
</presentationLink>
</linkbase>
