<?xml version="1.0" encoding="UTF-8" ?>
<linkbase xmlns="http://www.xbrl.org/2003/linkbase" xmlns:xsi="http://www.w3.org/2001/XMLSchema-instance" xmlns:xlink="http://www.w3.org/1999/xlink" xsi:schemaLocation="http://www.xbrl.org/2003/linkbase http://www.xbrl.org/2003/xbrl-linkbase-2003-12-31.xsd">
<roleRef xlink:type="simple" xlink:href="cpsi-20121031.xsd#BalanceSheets" roleURI="http://www.computerbuyout.com/role/BalanceSheets"/>
<calculationLink xlink:type="extended" xlink:role="http://www.computerbuyout.com/role/BalanceSheets">
<loc xlink:type="locator" xlink:href="http://xbrl.fasb.org/us-gaap/2012/elts/us-gaap-2012-01-31.xsd#us-gaap_AssetsCurrent" xlink:label="loc_us-gaap_AssetsCurrent" />
<loc xlink:type="locator" xlink:href="http://xbrl.fasb.org/us-gaap/2012/elts/us-gaap-2012-01-31.xsd#us-gaap_Cash" xlink:label="loc_us-gaap_Cash" />
<calculationArc xlink:type="arc" xlink:arcrole="http://www.xbrl.org/2003/arcrole/summation-item" xlink:from="loc_us-gaap_AssetsCurrent" xlink:to="loc_us-gaap_Cash" order="10" use="optional" weight="1"/>
<loc xlink:type="locator" xlink:href="http://xbrl.fasb.org/us-gaap/2012/elts/us-gaap-2012-01-31.xsd#us-gaap_PrepaidExpenseCurrent" xlink:label="loc_us-gaap_PrepaidExpenseCurrent" />
<calculationArc xlink:type="arc" xlink:arcrole="http://www.xbrl.org/2003/arcrole/summation-item" xlink:from="loc_us-gaap_AssetsCurrent" xlink:to="loc_us-gaap_PrepaidExpenseCurrent" order="20" use="optional" weight="1"/>
</calculationLink>
<calculationLink xlink:type="extended" xlink:role="http://www.computerbuyout.com/role/BalanceSheets">
<loc xlink:type="locator" xlink:href="http://xbrl.fasb.org/us-gaap/2012/elts/us-gaap-2012-01-31.xsd#us-gaap_Assets" xlink:label="loc_us-gaap_Assets" />
<loc xlink:type="locator" xlink:href="http://xbrl.fasb.org/us-gaap/2012/elts/us-gaap-2012-01-31.xsd#us-gaap_AssetsCurrent" xlink:label="loc_us-gaap_AssetsCurrent" />
<calculationArc xlink:type="arc" xlink:arcrole="http://www.xbrl.org/2003/arcrole/summation-item" xlink:from="loc_us-gaap_Assets" xlink:to="loc_us-gaap_AssetsCurrent" order="10" use="optional" weight="1"/>
</calculationLink>
<calculationLink xlink:type="extended" xlink:role="http://www.computerbuyout.com/role/BalanceSheets">
<loc xlink:type="locator" xlink:href="http://xbrl.fasb.org/us-gaap/2012/elts/us-gaap-2012-01-31.xsd#us-gaap_LiabilitiesCurrent" xlink:label="loc_us-gaap_LiabilitiesCurrent" />
<loc xlink:type="locator" xlink:href="http://xbrl.fasb.org/us-gaap/2012/elts/us-gaap-2012-01-31.xsd#us-gaap_AccruedLiabilitiesCurrent" xlink:label="loc_us-gaap_AccruedLiabilitiesCurrent" />
<calculationArc xlink:type="arc" xlink:arcrole="http://www.xbrl.org/2003/arcrole/summation-item" xlink:from="loc_us-gaap_LiabilitiesCurrent" xlink:to="loc_us-gaap_AccruedLiabilitiesCurrent" order="10" use="optional" weight="1"/>
</calculationLink>
<calculationLink xlink:type="extended" xlink:role="http://www.computerbuyout.com/role/BalanceSheets">
<loc xlink:type="locator" xlink:href="http://xbrl.fasb.org/us-gaap/2012/elts/us-gaap-2012-01-31.xsd#us-gaap_StockholdersEquity" xlink:label="loc_us-gaap_StockholdersEquity" />
<loc xlink:type="locator" xlink:href="http://xbrl.fasb.org/us-gaap/2012/elts/us-gaap-2012-01-31.xsd#us-gaap_PreferredStockValue" xlink:label="loc_us-gaap_PreferredStockValue" />
<calculationArc xlink:type="arc" xlink:arcrole="http://www.xbrl.org/2003/arcrole/summation-item" xlink:from="loc_us-gaap_StockholdersEquity" xlink:to="loc_us-gaap_PreferredStockValue" order="10" use="optional" weight="1"/>
<loc xlink:type="locator" xlink:href="http://xbrl.fasb.org/us-gaap/2012/elts/us-gaap-2012-01-31.xsd#us-gaap_CommonStockValue" xlink:label="loc_us-gaap_CommonStockValue" />
<calculationArc xlink:type="arc" xlink:arcrole="http://www.xbrl.org/2003/arcrole/summation-item" xlink:from="loc_us-gaap_StockholdersEquity" xlink:to="loc_us-gaap_CommonStockValue" order="20" use="optional" weight="1"/>
<loc xlink:type="locator" xlink:href="http://xbrl.fasb.org/us-gaap/2012/elts/us-gaap-2012-01-31.xsd#us-gaap_AdditionalPaidInCapital" xlink:label="loc_us-gaap_AdditionalPaidInCapital" />
<calculationArc xlink:type="arc" xlink:arcrole="http://www.xbrl.org/2003/arcrole/summation-item" xlink:from="loc_us-gaap_StockholdersEquity" xlink:to="loc_us-gaap_AdditionalPaidInCapital" order="30" use="optional" weight="1"/>
<loc xlink:type="locator" xlink:href="http://xbrl.fasb.org/us-gaap/2012/elts/us-gaap-2012-01-31.xsd#us-gaap_RetainedEarningsAccumulatedDeficit" xlink:label="loc_us-gaap_RetainedEarningsAccumulatedDeficit" />
<calculationArc xlink:type="arc" xlink:arcrole="http://www.xbrl.org/2003/arcrole/summation-item" xlink:from="loc_us-gaap_StockholdersEquity" xlink:to="loc_us-gaap_RetainedEarningsAccumulatedDeficit" order="40" use="optional" weight="1"/>
</calculationLink>
<calculationLink xlink:type="extended" xlink:role="http://www.computerbuyout.com/role/BalanceSheets">
<loc xlink:type="locator" xlink:href="http://xbrl.fasb.org/us-gaap/2012/elts/us-gaap-2012-01-31.xsd#us-gaap_LiabilitiesAndStockholdersEquity" xlink:label="loc_us-gaap_LiabilitiesAndStockholdersEquity" />
<loc xlink:type="locator" xlink:href="http://xbrl.fasb.org/us-gaap/2012/elts/us-gaap-2012-01-31.xsd#us-gaap_LiabilitiesCurrent" xlink:label="loc_us-gaap_LiabilitiesCurrent" />
<calculationArc xlink:type="arc" xlink:arcrole="http://www.xbrl.org/2003/arcrole/summation-item" xlink:from="loc_us-gaap_LiabilitiesAndStockholdersEquity" xlink:to="loc_us-gaap_LiabilitiesCurrent" order="10" use="optional" weight="1"/>
<loc xlink:type="locator" xlink:href="http://xbrl.fasb.org/us-gaap/2012/elts/us-gaap-2012-01-31.xsd#us-gaap_StockholdersEquity" xlink:label="loc_us-gaap_StockholdersEquity" />
<calculationArc xlink:type="arc" xlink:arcrole="http://www.xbrl.org/2003/arcrole/summation-item" xlink:from="loc_us-gaap_LiabilitiesAndStockholdersEquity" xlink:to="loc_us-gaap_StockholdersEquity" order="20" use="optional" weight="1"/>
</calculationLink>
<roleRef xlink:type="simple" xlink:href="cpsi-20121031.xsd#Statementsofoperations" roleURI="http://www.computerbuyout.com/role/Statementsofoperations"/>
<calculationLink xlink:type="extended" xlink:role="http://www.computerbuyout.com/role/Statementsofoperations">
<loc xlink:type="locator" xlink:href="http://xbrl.fasb.org/us-gaap/2012/elts/us-gaap-2012-01-31.xsd#us-gaap_NetIncomeLoss" xlink:label="loc_us-gaap_NetIncomeLoss" />
<loc xlink:type="locator" xlink:href="http://xbrl.fasb.org/us-gaap/2012/elts/us-gaap-2012-01-31.xsd#us-gaap_GeneralAndAdministrativeExpense" xlink:label="loc_us-gaap_GeneralAndAdministrativeExpense" />
<calculationArc xlink:type="arc" xlink:arcrole="http://www.xbrl.org/2003/arcrole/summation-item" xlink:from="loc_us-gaap_NetIncomeLoss" xlink:to="loc_us-gaap_GeneralAndAdministrativeExpense" order="10" use="optional" weight="-1"/>
<loc xlink:type="locator" xlink:href="http://xbrl.fasb.org/us-gaap/2012/elts/us-gaap-2012-01-31.xsd#us-gaap_Revenues" xlink:label="loc_us-gaap_Revenues" />
<calculationArc xlink:type="arc" xlink:arcrole="http://www.xbrl.org/2003/arcrole/summation-item" xlink:from="loc_us-gaap_NetIncomeLoss" xlink:to="loc_us-gaap_Revenues" order="20" use="optional" weight="1"/>
</calculationLink>
<roleRef xlink:type="simple" xlink:href="cpsi-20121031.xsd#StatementsOfCashFlows" roleURI="http://www.computerbuyout.com/role/StatementsOfCashFlows"/>
<calculationLink xlink:type="extended" xlink:role="http://www.computerbuyout.com/role/StatementsOfCashFlows">
<loc xlink:type="locator" xlink:href="http://xbrl.fasb.org/us-gaap/2012/elts/us-gaap-2012-01-31.xsd#us-gaap_NetCashProvidedByUsedInOperatingActivities" xlink:label="loc_us-gaap_NetCashProvidedByUsedInOperatingActivities" />
<loc xlink:type="locator" xlink:href="http://xbrl.fasb.org/us-gaap/2012/elts/us-gaap-2012-01-31.xsd#us-gaap_NetIncomeLoss" xlink:label="loc_us-gaap_NetIncomeLoss" />
<calculationArc xlink:type="arc" xlink:arcrole="http://www.xbrl.org/2003/arcrole/summation-item" xlink:from="loc_us-gaap_NetCashProvidedByUsedInOperatingActivities" xlink:to="loc_us-gaap_NetIncomeLoss" order="10" use="optional" weight="1"/>
<loc xlink:type="locator" xlink:href="cpsi-20121031.xsd#cpsi_ProceedFromStockIssuedForServicesRelatedParty" xlink:label="loc_cpsi_ProceedFromStockIssuedForServicesRelatedParty" />
<calculationArc xlink:type="arc" xlink:arcrole="http://www.xbrl.org/2003/arcrole/summation-item" xlink:from="loc_us-gaap_NetCashProvidedByUsedInOperatingActivities" xlink:to="loc_cpsi_ProceedFromStockIssuedForServicesRelatedParty" order="20" use="optional" weight="1"/>
<loc xlink:type="locator" xlink:href="http://xbrl.fasb.org/us-gaap/2012/elts/us-gaap-2012-01-31.xsd#us-gaap_IncreaseDecreaseInPrepaidExpense" xlink:label="loc_us-gaap_IncreaseDecreaseInPrepaidExpense" />
<calculationArc xlink:type="arc" xlink:arcrole="http://www.xbrl.org/2003/arcrole/summation-item" xlink:from="loc_us-gaap_NetCashProvidedByUsedInOperatingActivities" xlink:to="loc_us-gaap_IncreaseDecreaseInPrepaidExpense" order="30" use="optional" weight="1"/>
<loc xlink:type="locator" xlink:href="http://xbrl.fasb.org/us-gaap/2012/elts/us-gaap-2012-01-31.xsd#us-gaap_IncreaseDecreaseInAccruedLiabilities" xlink:label="loc_us-gaap_IncreaseDecreaseInAccruedLiabilities" />
<calculationArc xlink:type="arc" xlink:arcrole="http://www.xbrl.org/2003/arcrole/summation-item" xlink:from="loc_us-gaap_NetCashProvidedByUsedInOperatingActivities" xlink:to="loc_us-gaap_IncreaseDecreaseInAccruedLiabilities" order="40" use="optional" weight="1"/>
</calculationLink>
<calculationLink xlink:type="extended" xlink:role="http://www.computerbuyout.com/role/StatementsOfCashFlows">
<loc xlink:type="locator" xlink:href="http://xbrl.fasb.org/us-gaap/2012/elts/us-gaap-2012-01-31.xsd#us-gaap_NetCashProvidedByUsedInFinancingActivities" xlink:label="loc_us-gaap_NetCashProvidedByUsedInFinancingActivities" />
<loc xlink:type="locator" xlink:href="http://xbrl.fasb.org/us-gaap/2012/elts/us-gaap-2012-01-31.xsd#us-gaap_ProceedsFromPartnershipContribution" xlink:label="loc_us-gaap_ProceedsFromPartnershipContribution" />
<calculationArc xlink:type="arc" xlink:arcrole="http://www.xbrl.org/2003/arcrole/summation-item" xlink:from="loc_us-gaap_NetCashProvidedByUsedInFinancingActivities" xlink:to="loc_us-gaap_ProceedsFromPartnershipContribution" order="10" use="optional" weight="1"/>
<loc xlink:type="locator" xlink:href="http://xbrl.fasb.org/us-gaap/2012/elts/us-gaap-2012-01-31.xsd#us-gaap_ProceedsFromIssuanceOfCommonStock" xlink:label="loc_us-gaap_ProceedsFromIssuanceOfCommonStock" />
<calculationArc xlink:type="arc" xlink:arcrole="http://www.xbrl.org/2003/arcrole/summation-item" xlink:from="loc_us-gaap_NetCashProvidedByUsedInFinancingActivities" xlink:to="loc_us-gaap_ProceedsFromIssuanceOfCommonStock" order="20" use="optional" weight="1"/>
</calculationLink>
<calculationLink xlink:type="extended" xlink:role="http://www.computerbuyout.com/role/StatementsOfCashFlows">
<loc xlink:type="locator" xlink:href="http://xbrl.fasb.org/us-gaap/2012/elts/us-gaap-2012-01-31.xsd#us-gaap_CashAndCashEquivalentsPeriodIncreaseDecrease" xlink:label="loc_us-gaap_CashAndCashEquivalentsPeriodIncreaseDecrease" />
<loc xlink:type="locator" xlink:href="http://xbrl.fasb.org/us-gaap/2012/elts/us-gaap-2012-01-31.xsd#us-gaap_NetCashProvidedByUsedInOperatingActivities" xlink:label="loc_us-gaap_NetCashProvidedByUsedInOperatingActivities" />
<calculationArc xlink:type="arc" xlink:arcrole="http://www.xbrl.org/2003/arcrole/summation-item" xlink:from="loc_us-gaap_CashAndCashEquivalentsPeriodIncreaseDecrease" xlink:to="loc_us-gaap_NetCashProvidedByUsedInOperatingActivities" order="10" use="optional" weight="1"/>
<loc xlink:type="locator" xlink:href="http://xbrl.fasb.org/us-gaap/2012/elts/us-gaap-2012-01-31.xsd#us-gaap_NetCashProvidedByUsedInFinancingActivities" xlink:label="loc_us-gaap_NetCashProvidedByUsedInFinancingActivities" />
<calculationArc xlink:type="arc" xlink:arcrole="http://www.xbrl.org/2003/arcrole/summation-item" xlink:from="loc_us-gaap_CashAndCashEquivalentsPeriodIncreaseDecrease" xlink:to="loc_us-gaap_NetCashProvidedByUsedInFinancingActivities" order="20" use="optional" weight="1"/>
</calculationLink>
<roleRef xlink:type="simple" xlink:href="cpsi-20121031.xsd#StockholdersEquityDetails" roleURI="http://www.computerbuyout.com/role/StockholdersEquityDetails"/>
<calculationLink xlink:type="extended" xlink:role="http://www.computerbuyout.com/role/StockholdersEquityDetails">
<loc xlink:type="locator" xlink:href="http://xbrl.fasb.org/us-gaap/2012/elts/us-gaap-2012-01-31.xsd#us-gaap_StockIssuedDuringPeriodSharesNewIssues" xlink:label="loc_us-gaap_StockIssuedDuringPeriodSharesNewIssues" />
<loc xlink:type="locator" xlink:href="http://xbrl.fasb.org/us-gaap/2012/elts/us-gaap-2012-01-31.xsd#us-gaap_StockIssuedDuringPeriodSharesIssuedForServices" xlink:label="loc_us-gaap_StockIssuedDuringPeriodSharesIssuedForServices" />
<calculationArc xlink:type="arc" xlink:arcrole="http://www.xbrl.org/2003/arcrole/summation-item" xlink:from="loc_us-gaap_StockIssuedDuringPeriodSharesNewIssues" xlink:to="loc_us-gaap_StockIssuedDuringPeriodSharesIssuedForServices" order="10" use="optional" weight="1"/>
<loc xlink:type="locator" xlink:href="http://xbrl.fasb.org/us-gaap/2012/elts/us-gaap-2012-01-31.xsd#us-gaap_StockIssuedDuringPeriodSharesIssuedForCash" xlink:label="loc_us-gaap_StockIssuedDuringPeriodSharesIssuedForCash" />
<calculationArc xlink:type="arc" xlink:arcrole="http://www.xbrl.org/2003/arcrole/summation-item" xlink:from="loc_us-gaap_StockIssuedDuringPeriodSharesNewIssues" xlink:to="loc_us-gaap_StockIssuedDuringPeriodSharesIssuedForCash" order="20" use="optional" weight="1"/>
</calculationLink>
<calculationLink xlink:type="extended" xlink:role="http://www.computerbuyout.com/role/StockholdersEquityDetails">
<loc xlink:type="locator" xlink:href="http://xbrl.fasb.org/us-gaap/2012/elts/us-gaap-2012-01-31.xsd#us-gaap_StockIssuedDuringPeriodValueNewIssues" xlink:label="loc_us-gaap_StockIssuedDuringPeriodValueNewIssues" />
<loc xlink:type="locator" xlink:href="http://xbrl.fasb.org/us-gaap/2012/elts/us-gaap-2012-01-31.xsd#us-gaap_StockIssuedDuringPeriodValueIssuedForServices" xlink:label="loc_us-gaap_StockIssuedDuringPeriodValueIssuedForServices" />
<calculationArc xlink:type="arc" xlink:arcrole="http://www.xbrl.org/2003/arcrole/summation-item" xlink:from="loc_us-gaap_StockIssuedDuringPeriodValueNewIssues" xlink:to="loc_us-gaap_StockIssuedDuringPeriodValueIssuedForServices" order="10" use="optional" weight="1"/>
<loc xlink:type="locator" xlink:href="http://xbrl.fasb.org/us-gaap/2012/elts/us-gaap-2012-01-31.xsd#us-gaap_StockIssuedDuringPeriodValueIssuedForCash" xlink:label="loc_us-gaap_StockIssuedDuringPeriodValueIssuedForCash" />
<calculationArc xlink:type="arc" xlink:arcrole="http://www.xbrl.org/2003/arcrole/summation-item" xlink:from="loc_us-gaap_StockIssuedDuringPeriodValueNewIssues" xlink:to="loc_us-gaap_StockIssuedDuringPeriodValueIssuedForCash" order="20" use="optional" weight="1"/>
</calculationLink>
<roleRef xlink:type="simple" xlink:href="cpsi-20121031.xsd#IncomeTaxesDetails" roleURI="http://www.computerbuyout.com/role/IncomeTaxesDetails"/>
<calculationLink xlink:type="extended" xlink:role="http://www.computerbuyout.com/role/IncomeTaxesDetails">
<loc xlink:type="locator" xlink:href="http://xbrl.fasb.org/us-gaap/2012/elts/us-gaap-2012-01-31.xsd#us-gaap_DeferredTaxAssetsNet" xlink:label="loc_us-gaap_DeferredTaxAssetsNet" />
<loc xlink:type="locator" xlink:href="http://xbrl.fasb.org/us-gaap/2012/elts/us-gaap-2012-01-31.xsd#us-gaap_DeferredTaxAssetsGross" xlink:label="loc_us-gaap_DeferredTaxAssetsGross" />
<calculationArc xlink:type="arc" xlink:arcrole="http://www.xbrl.org/2003/arcrole/summation-item" xlink:from="loc_us-gaap_DeferredTaxAssetsNet" xlink:to="loc_us-gaap_DeferredTaxAssetsGross" order="10" use="optional" weight="1"/>
<loc xlink:type="locator" xlink:href="http://xbrl.fasb.org/us-gaap/2012/elts/us-gaap-2012-01-31.xsd#us-gaap_DeferredTaxAssetsValuationAllowance" xlink:label="loc_us-gaap_DeferredTaxAssetsValuationAllowance" />
<calculationArc xlink:type="arc" xlink:arcrole="http://www.xbrl.org/2003/arcrole/summation-item" xlink:from="loc_us-gaap_DeferredTaxAssetsNet" xlink:to="loc_us-gaap_DeferredTaxAssetsValuationAllowance" order="20" use="optional" weight="-1"/>
</calculationLink>
<roleRef xlink:type="simple" xlink:href="cpsi-20121031.xsd#IncomeTaxesDetails1" roleURI="http://www.computerbuyout.com/role/IncomeTaxesDetails1"/>
<calculationLink xlink:type="extended" xlink:role="http://www.computerbuyout.com/role/IncomeTaxesDetails1">
<loc xlink:type="locator" xlink:href="http://xbrl.fasb.org/us-gaap/2012/elts/us-gaap-2012-01-31.xsd#us-gaap_IncomeTaxExpenseBenefit" xlink:label="loc_us-gaap_IncomeTaxExpenseBenefit" />
<loc xlink:type="locator" xlink:href="http://xbrl.fasb.org/us-gaap/2012/elts/us-gaap-2012-01-31.xsd#us-gaap_IncomeTaxReconciliationIncomeTaxExpenseBenefitAtFederalStatutoryIncomeTaxRate" xlink:label="loc_us-gaap_IncomeTaxReconciliationIncomeTaxExpenseBenefitAtFederalStatutoryIncomeTaxRate" />
<calculationArc xlink:type="arc" xlink:arcrole="http://www.xbrl.org/2003/arcrole/summation-item" xlink:from="loc_us-gaap_IncomeTaxExpenseBenefit" xlink:to="loc_us-gaap_IncomeTaxReconciliationIncomeTaxExpenseBenefitAtFederalStatutoryIncomeTaxRate" order="10" use="optional" weight="1"/>
<loc xlink:type="locator" xlink:href="http://xbrl.fasb.org/us-gaap/2012/elts/us-gaap-2012-01-31.xsd#us-gaap_IncomeTaxReconciliationStateAndLocalIncomeTaxes" xlink:label="loc_us-gaap_IncomeTaxReconciliationStateAndLocalIncomeTaxes" />
<calculationArc xlink:type="arc" xlink:arcrole="http://www.xbrl.org/2003/arcrole/summation-item" xlink:from="loc_us-gaap_IncomeTaxExpenseBenefit" xlink:to="loc_us-gaap_IncomeTaxReconciliationStateAndLocalIncomeTaxes" order="20" use="optional" weight="1"/>
<loc xlink:type="locator" xlink:href="http://xbrl.fasb.org/us-gaap/2012/elts/us-gaap-2012-01-31.xsd#us-gaap_ValuationAllowanceDeferredTaxAssetChangeInAmount" xlink:label="loc_us-gaap_ValuationAllowanceDeferredTaxAssetChangeInAmount" />
<calculationArc xlink:type="arc" xlink:arcrole="http://www.xbrl.org/2003/arcrole/summation-item" xlink:from="loc_us-gaap_IncomeTaxExpenseBenefit" xlink:to="loc_us-gaap_ValuationAllowanceDeferredTaxAssetChangeInAmount" order="30" use="optional" weight="-1"/>
</calculationLink>
</linkbase>
