<?xml version="1.0" encoding="UTF-8" ?>
<linkbase xmlns="http://www.xbrl.org/2003/linkbase" xmlns:xsi="http://www.w3.org/2001/XMLSchema-instance" xmlns:xlink="http://www.w3.org/1999/xlink" xsi:schemaLocation="http://www.xbrl.org/2003/linkbase http://www.xbrl.org/2003/xbrl-linkbase-2003-12-31.xsd" xmlns:xbrldt="http://xbrl.org/2005/xbrldt" >
<arcroleRef arcroleURI="http://xbrl.org/int/dim/arcrole/all" xlink:type="simple" xlink:href="http://www.xbrl.org/2005/xbrldt-2005.xsd#all"/>
<arcroleRef arcroleURI="http://xbrl.org/int/dim/arcrole/dimension-default" xlink:type="simple" xlink:href="http://www.xbrl.org/2005/xbrldt-2005.xsd#dimension-default"/>
<arcroleRef arcroleURI="http://xbrl.org/int/dim/arcrole/dimension-domain" xlink:type="simple" xlink:href="http://www.xbrl.org/2005/xbrldt-2005.xsd#dimension-domain"/>
<arcroleRef arcroleURI="http://xbrl.org/int/dim/arcrole/domain-member" xlink:type="simple" xlink:href="http://www.xbrl.org/2005/xbrldt-2005.xsd#domain-member"/>
<arcroleRef arcroleURI="http://xbrl.org/int/dim/arcrole/hypercube-dimension" xlink:type="simple" xlink:href="http://www.xbrl.org/2005/xbrldt-2005.xsd#hypercube-dimension"/>
<arcroleRef arcroleURI="http://xbrl.org/int/dim/arcrole/notAll" xlink:type="simple" xlink:href="http://www.xbrl.org/2005/xbrldt-2005.xsd#notAll"/>
<roleRef xlink:type="simple" xlink:href="cpsi-20121031.xsd#Statementofstockholdersequity" roleURI="http://www.computerbuyout.com/role/Statementofstockholdersequity"/>
<roleRef xlink:type="simple" xlink:href="cpsi-20121031.xsd#StockholdersEquityDetailsTextual" roleURI="http://www.computerbuyout.com/role/StockholdersEquityDetailsTextual"/>
<definitionLink xlink:type="extended" xlink:role="http://www.computerbuyout.com/role/Statementofstockholdersequity">
<loc xlink:type="locator" xlink:href="http://xbrl.fasb.org/us-gaap/2012/elts/us-gaap-2012-01-31.xsd#us-gaap_StatementLineItems" xlink:label="loc_us-gaap_StatementLineItems_0" />
<loc xlink:type="locator" xlink:href="http://xbrl.fasb.org/us-gaap/2012/elts/us-gaap-2012-01-31.xsd#us-gaap_StatementTable" xlink:label="loc_us-gaap_StatementTable_1" />
<definitionArc xlink:type="arc" xlink:arcrole="http://xbrl.org/int/dim/arcrole/all" xlink:from="loc_us-gaap_StatementLineItems_0" xlink:to="loc_us-gaap_StatementTable_1" order="0" use="optional"  xbrldt:contextElement="segment" xbrldt:closed="true" />
<loc xlink:type="locator" xlink:href="http://xbrl.fasb.org/us-gaap/2012/elts/us-gaap-2012-01-31.xsd#us-gaap_StatementEquityComponentsAxis" xlink:label="loc_us-gaap_StatementEquityComponentsAxis_2" />
<definitionArc xlink:type="arc" xlink:arcrole="http://xbrl.org/int/dim/arcrole/hypercube-dimension" xlink:from="loc_us-gaap_StatementTable_1" xlink:to="loc_us-gaap_StatementEquityComponentsAxis_2" order="0" use="optional"  />
<loc xlink:type="locator" xlink:href="http://xbrl.fasb.org/us-gaap/2012/elts/us-gaap-2012-01-31.xsd#us-gaap_EquityComponentDomain" xlink:label="loc_us-gaap_EquityComponentDomain_3" />
<definitionArc xlink:type="arc" xlink:arcrole="http://xbrl.org/int/dim/arcrole/dimension-domain" xlink:from="loc_us-gaap_StatementEquityComponentsAxis_2" xlink:to="loc_us-gaap_EquityComponentDomain_3" order="0" use="optional"  />
<loc xlink:type="locator" xlink:href="http://xbrl.fasb.org/us-gaap/2012/elts/us-gaap-2012-01-31.xsd#us-gaap_EquityComponentDomain" xlink:label="loc_us-gaap_EquityComponentDomain_3_Default" />
<definitionArc xlink:type="arc" xlink:arcrole="http://xbrl.org/int/dim/arcrole/dimension-default" xlink:from="loc_us-gaap_StatementEquityComponentsAxis_2" xlink:to="loc_us-gaap_EquityComponentDomain_3_Default" order="0" use="optional" />
<loc xlink:type="locator" xlink:href="http://xbrl.fasb.org/us-gaap/2012/elts/us-gaap-2012-01-31.xsd#us-gaap_CommonStockMember" xlink:label="loc_us-gaap_CommonStockMember_4" />
<definitionArc xlink:type="arc" xlink:arcrole="http://xbrl.org/int/dim/arcrole/domain-member" xlink:from="loc_us-gaap_EquityComponentDomain_3" xlink:to="loc_us-gaap_CommonStockMember_4" order="0" use="optional"  />
<loc xlink:type="locator" xlink:href="http://xbrl.fasb.org/us-gaap/2012/elts/us-gaap-2012-01-31.xsd#us-gaap_AdditionalPaidInCapitalMember" xlink:label="loc_us-gaap_AdditionalPaidInCapitalMember_5" />
<definitionArc xlink:type="arc" xlink:arcrole="http://xbrl.org/int/dim/arcrole/domain-member" xlink:from="loc_us-gaap_EquityComponentDomain_3" xlink:to="loc_us-gaap_AdditionalPaidInCapitalMember_5" order="10" use="optional"  />
<loc xlink:type="locator" xlink:href="http://xbrl.fasb.org/us-gaap/2012/elts/us-gaap-2012-01-31.xsd#us-gaap_AccumulatedDeficitDuringDevelopmentStageMember" xlink:label="loc_us-gaap_AccumulatedDeficitDuringDevelopmentStageMember_6" />
<definitionArc xlink:type="arc" xlink:arcrole="http://xbrl.org/int/dim/arcrole/domain-member" xlink:from="loc_us-gaap_EquityComponentDomain_3" xlink:to="loc_us-gaap_AccumulatedDeficitDuringDevelopmentStageMember_6" order="20" use="optional"  />
<loc xlink:type="locator" xlink:href="http://xbrl.fasb.org/us-gaap/2012/elts/us-gaap-2012-01-31.xsd#us-gaap_StockholdersEquity" xlink:label="loc_us-gaap_StockholdersEquity_7" />
<definitionArc xlink:type="arc" xlink:arcrole="http://xbrl.org/int/dim/arcrole/domain-member" xlink:from="loc_us-gaap_StatementLineItems_0" xlink:to="loc_us-gaap_StockholdersEquity_7" order="10" use="optional"  />
<loc xlink:type="locator" xlink:href="http://xbrl.fasb.org/us-gaap/2012/elts/us-gaap-2012-01-31.xsd#us-gaap_SharesOutstanding" xlink:label="loc_us-gaap_SharesOutstanding_8" />
<definitionArc xlink:type="arc" xlink:arcrole="http://xbrl.org/int/dim/arcrole/domain-member" xlink:from="loc_us-gaap_StatementLineItems_0" xlink:to="loc_us-gaap_SharesOutstanding_8" order="20" use="optional"  />
<loc xlink:type="locator" xlink:href="http://xbrl.fasb.org/us-gaap/2012/elts/us-gaap-2012-01-31.xsd#us-gaap_StockIssuedDuringPeriodValueIssuedForServices" xlink:label="loc_us-gaap_StockIssuedDuringPeriodValueIssuedForServices_9" />
<definitionArc xlink:type="arc" xlink:arcrole="http://xbrl.org/int/dim/arcrole/domain-member" xlink:from="loc_us-gaap_StatementLineItems_0" xlink:to="loc_us-gaap_StockIssuedDuringPeriodValueIssuedForServices_9" order="30" use="optional"  />
<loc xlink:type="locator" xlink:href="http://xbrl.fasb.org/us-gaap/2012/elts/us-gaap-2012-01-31.xsd#us-gaap_StockIssuedDuringPeriodSharesIssuedForServices" xlink:label="loc_us-gaap_StockIssuedDuringPeriodSharesIssuedForServices_10" />
<definitionArc xlink:type="arc" xlink:arcrole="http://xbrl.org/int/dim/arcrole/domain-member" xlink:from="loc_us-gaap_StockIssuedDuringPeriodValueIssuedForServices_9" xlink:to="loc_us-gaap_StockIssuedDuringPeriodSharesIssuedForServices_10" order="0" use="optional"  />
<loc xlink:type="locator" xlink:href="cpsi-20121031.xsd#cpsi_StockIssuedDuringPeriodValueIssuedForCashInPeriodOne" xlink:label="loc_cpsi_StockIssuedDuringPeriodValueIssuedForCashInPeriodOne_11" />
<definitionArc xlink:type="arc" xlink:arcrole="http://xbrl.org/int/dim/arcrole/domain-member" xlink:from="loc_us-gaap_StatementLineItems_0" xlink:to="loc_cpsi_StockIssuedDuringPeriodValueIssuedForCashInPeriodOne_11" order="40" use="optional"  />
<loc xlink:type="locator" xlink:href="cpsi-20121031.xsd#cpsi_StockIssuedDuringPeriodSharesIssuedForCashInPeriodOne" xlink:label="loc_cpsi_StockIssuedDuringPeriodSharesIssuedForCashInPeriodOne_12" />
<definitionArc xlink:type="arc" xlink:arcrole="http://xbrl.org/int/dim/arcrole/domain-member" xlink:from="loc_cpsi_StockIssuedDuringPeriodValueIssuedForCashInPeriodOne_11" xlink:to="loc_cpsi_StockIssuedDuringPeriodSharesIssuedForCashInPeriodOne_12" order="0" use="optional"  />
<loc xlink:type="locator" xlink:href="cpsi-20121031.xsd#cpsi_StockIssuedDuringPeriodValueIssuedForCashInPeriodTwo" xlink:label="loc_cpsi_StockIssuedDuringPeriodValueIssuedForCashInPeriodTwo_13" />
<definitionArc xlink:type="arc" xlink:arcrole="http://xbrl.org/int/dim/arcrole/domain-member" xlink:from="loc_us-gaap_StatementLineItems_0" xlink:to="loc_cpsi_StockIssuedDuringPeriodValueIssuedForCashInPeriodTwo_13" order="50" use="optional"  />
<loc xlink:type="locator" xlink:href="cpsi-20121031.xsd#cpsi_StockIssuedDuringPeriodSharesIssuedForCashInPeriodTwo" xlink:label="loc_cpsi_StockIssuedDuringPeriodSharesIssuedForCashInPeriodTwo_14" />
<definitionArc xlink:type="arc" xlink:arcrole="http://xbrl.org/int/dim/arcrole/domain-member" xlink:from="loc_cpsi_StockIssuedDuringPeriodValueIssuedForCashInPeriodTwo_13" xlink:to="loc_cpsi_StockIssuedDuringPeriodSharesIssuedForCashInPeriodTwo_14" order="0" use="optional"  />
<loc xlink:type="locator" xlink:href="cpsi-20121031.xsd#cpsi_StockIssuedDuringPeriodValueIssuedForCashInPeriodThree" xlink:label="loc_cpsi_StockIssuedDuringPeriodValueIssuedForCashInPeriodThree_15" />
<definitionArc xlink:type="arc" xlink:arcrole="http://xbrl.org/int/dim/arcrole/domain-member" xlink:from="loc_us-gaap_StatementLineItems_0" xlink:to="loc_cpsi_StockIssuedDuringPeriodValueIssuedForCashInPeriodThree_15" order="60" use="optional"  />
<loc xlink:type="locator" xlink:href="cpsi-20121031.xsd#cpsi_StockIssuedDuringPeriodSharesIssuedForCashInPeriodThree" xlink:label="loc_cpsi_StockIssuedDuringPeriodSharesIssuedForCashInPeriodThree_16" />
<definitionArc xlink:type="arc" xlink:arcrole="http://xbrl.org/int/dim/arcrole/domain-member" xlink:from="loc_cpsi_StockIssuedDuringPeriodValueIssuedForCashInPeriodThree_15" xlink:to="loc_cpsi_StockIssuedDuringPeriodSharesIssuedForCashInPeriodThree_16" order="0" use="optional"  />
<loc xlink:type="locator" xlink:href="cpsi-20121031.xsd#cpsi_StockIssuedDuringPeriodValueIssuedForCashInPeriodFour" xlink:label="loc_cpsi_StockIssuedDuringPeriodValueIssuedForCashInPeriodFour_17" />
<definitionArc xlink:type="arc" xlink:arcrole="http://xbrl.org/int/dim/arcrole/domain-member" xlink:from="loc_us-gaap_StatementLineItems_0" xlink:to="loc_cpsi_StockIssuedDuringPeriodValueIssuedForCashInPeriodFour_17" order="70" use="optional"  />
<loc xlink:type="locator" xlink:href="cpsi-20121031.xsd#cpsi_StockIssuedDuringPeriodSharesIssuedForCashInPeriodFour" xlink:label="loc_cpsi_StockIssuedDuringPeriodSharesIssuedForCashInPeriodFour_18" />
<definitionArc xlink:type="arc" xlink:arcrole="http://xbrl.org/int/dim/arcrole/domain-member" xlink:from="loc_cpsi_StockIssuedDuringPeriodValueIssuedForCashInPeriodFour_17" xlink:to="loc_cpsi_StockIssuedDuringPeriodSharesIssuedForCashInPeriodFour_18" order="0" use="optional"  />
<loc xlink:type="locator" xlink:href="http://xbrl.fasb.org/us-gaap/2012/elts/us-gaap-2012-01-31.xsd#us-gaap_PartnersCapitalAccountContributions" xlink:label="loc_us-gaap_PartnersCapitalAccountContributions_19" />
<definitionArc xlink:type="arc" xlink:arcrole="http://xbrl.org/int/dim/arcrole/domain-member" xlink:from="loc_us-gaap_StatementLineItems_0" xlink:to="loc_us-gaap_PartnersCapitalAccountContributions_19" order="80" use="optional"  />
<loc xlink:type="locator" xlink:href="http://xbrl.fasb.org/us-gaap/2012/elts/us-gaap-2012-01-31.xsd#us-gaap_NetIncomeLoss" xlink:label="loc_us-gaap_NetIncomeLoss_20" />
<definitionArc xlink:type="arc" xlink:arcrole="http://xbrl.org/int/dim/arcrole/domain-member" xlink:from="loc_us-gaap_StatementLineItems_0" xlink:to="loc_us-gaap_NetIncomeLoss_20" order="90" use="optional"  />
</definitionLink>
<definitionLink xlink:type="extended" xlink:role="http://www.computerbuyout.com/role/StockholdersEquityDetailsTextual">
<loc xlink:type="locator" xlink:href="http://xbrl.fasb.org/us-gaap/2012/elts/us-gaap-2012-01-31.xsd#us-gaap_SubsidiaryOrEquityMethodInvesteeLineItems" xlink:label="loc_us-gaap_SubsidiaryOrEquityMethodInvesteeLineItems_0" />
<loc xlink:type="locator" xlink:href="http://xbrl.fasb.org/us-gaap/2012/elts/us-gaap-2012-01-31.xsd#us-gaap_ScheduleOfSubsidiaryOrEquityMethodInvesteeTable" xlink:label="loc_us-gaap_ScheduleOfSubsidiaryOrEquityMethodInvesteeTable_1" />
<definitionArc xlink:type="arc" xlink:arcrole="http://xbrl.org/int/dim/arcrole/all" xlink:from="loc_us-gaap_SubsidiaryOrEquityMethodInvesteeLineItems_0" xlink:to="loc_us-gaap_ScheduleOfSubsidiaryOrEquityMethodInvesteeTable_1" order="0" use="optional"  xbrldt:contextElement="segment" xbrldt:closed="true" />
<loc xlink:type="locator" xlink:href="http://xbrl.fasb.org/us-gaap/2012/elts/us-gaap-2012-01-31.xsd#us-gaap_DeferredCompensationArrangementWithIndividualExcludingShareBasedPaymentsAndPostretirementBenefitsByTitleOfIndividualAxis" xlink:label="loc_us-gaap_DeferredCompensationArrangementWithIndividualExcludingShareBasedPaymentsAndPostretirementBenefitsByTitleOfIndividualAxis_2" />
<definitionArc xlink:type="arc" xlink:arcrole="http://xbrl.org/int/dim/arcrole/hypercube-dimension" xlink:from="loc_us-gaap_ScheduleOfSubsidiaryOrEquityMethodInvesteeTable_1" xlink:to="loc_us-gaap_DeferredCompensationArrangementWithIndividualExcludingShareBasedPaymentsAndPostretirementBenefitsByTitleOfIndividualAxis_2" order="0" use="optional"  />
<loc xlink:type="locator" xlink:href="http://xbrl.fasb.org/us-gaap/2012/elts/us-gaap-2012-01-31.xsd#us-gaap_TitleOfIndividualWithRelationshipToEntityDomain" xlink:label="loc_us-gaap_TitleOfIndividualWithRelationshipToEntityDomain_3" />
<definitionArc xlink:type="arc" xlink:arcrole="http://xbrl.org/int/dim/arcrole/dimension-domain" xlink:from="loc_us-gaap_DeferredCompensationArrangementWithIndividualExcludingShareBasedPaymentsAndPostretirementBenefitsByTitleOfIndividualAxis_2" xlink:to="loc_us-gaap_TitleOfIndividualWithRelationshipToEntityDomain_3" order="0" use="optional"  />
<loc xlink:type="locator" xlink:href="http://xbrl.fasb.org/us-gaap/2012/elts/us-gaap-2012-01-31.xsd#us-gaap_TitleOfIndividualWithRelationshipToEntityDomain" xlink:label="loc_us-gaap_TitleOfIndividualWithRelationshipToEntityDomain_3_Default" />
<definitionArc xlink:type="arc" xlink:arcrole="http://xbrl.org/int/dim/arcrole/dimension-default" xlink:from="loc_us-gaap_DeferredCompensationArrangementWithIndividualExcludingShareBasedPaymentsAndPostretirementBenefitsByTitleOfIndividualAxis_2" xlink:to="loc_us-gaap_TitleOfIndividualWithRelationshipToEntityDomain_3_Default" order="0" use="optional" />
<loc xlink:type="locator" xlink:href="http://xbrl.fasb.org/us-gaap/2012/elts/us-gaap-2012-01-31.xsd#us-gaap_ChiefExecutiveOfficerMember" xlink:label="loc_us-gaap_ChiefExecutiveOfficerMember_4" />
<definitionArc xlink:type="arc" xlink:arcrole="http://xbrl.org/int/dim/arcrole/domain-member" xlink:from="loc_us-gaap_TitleOfIndividualWithRelationshipToEntityDomain_3" xlink:to="loc_us-gaap_ChiefExecutiveOfficerMember_4" order="0" use="optional"  />
<loc xlink:type="locator" xlink:href="cpsi-20121031.xsd#cpsi_StockholdersEquityTextualAbstract" xlink:label="loc_cpsi_StockholdersEquityTextualAbstract_5" />
<definitionArc xlink:type="arc" xlink:arcrole="http://xbrl.org/int/dim/arcrole/domain-member" xlink:from="loc_us-gaap_SubsidiaryOrEquityMethodInvesteeLineItems_0" xlink:to="loc_cpsi_StockholdersEquityTextualAbstract_5" order="10" use="optional"  />
<loc xlink:type="locator" xlink:href="http://xbrl.fasb.org/us-gaap/2012/elts/us-gaap-2012-01-31.xsd#us-gaap_PartnersCapitalAccountContributions" xlink:label="loc_us-gaap_PartnersCapitalAccountContributions_6" />
<definitionArc xlink:type="arc" xlink:arcrole="http://xbrl.org/int/dim/arcrole/domain-member" xlink:from="loc_cpsi_StockholdersEquityTextualAbstract_5" xlink:to="loc_us-gaap_PartnersCapitalAccountContributions_6" order="0" use="optional"  />
</definitionLink>
</linkbase>
