<?xml version="1.0" encoding="US-ASCII"?>
<!--XBRL Document Created with WebFilings-->
<!-- -->
<linkbase xsi:schemaLocation="http://www.xbrl.org/2003/linkbase http://www.xbrl.org/2003/xbrl-linkbase-2003-12-31.xsd" xmlns="http://www.xbrl.org/2003/linkbase" xmlns:xlink="http://www.w3.org/1999/xlink" xmlns:xsi="http://www.w3.org/2001/XMLSchema-instance">
  <roleRef roleURI="http://www.adt.com/role/Acquisitions" xlink:href="adt-20121228.xsd#Acquisitions" xlink:type="simple" />
  <roleRef roleURI="http://www.adt.com/role/AcquisitionsNarrativeDetails" xlink:href="adt-20121228.xsd#AcquisitionsNarrativeDetails" xlink:type="simple" />
  <roleRef roleURI="http://www.adt.com/role/BasisOfPresentationAndSummaryOfSignificantAccountingPolicies" xlink:href="adt-20121228.xsd#BasisOfPresentationAndSummaryOfSignificantAccountingPolicies" xlink:type="simple" />
  <roleRef roleURI="http://www.adt.com/role/BasisOfPresentationAndSummaryOfSignificantAccountingPoliciesFairValueOfCompanysDebtThatSubjectToFairValueDisclosuresDetails" xlink:href="adt-20121228.xsd#BasisOfPresentationAndSummaryOfSignificantAccountingPoliciesFairValueOfCompanysDebtThatSubjectToFairValueDisclosuresDetails" xlink:type="simple" />
  <roleRef roleURI="http://www.adt.com/role/BasisOfPresentationAndSummaryOfSignificantAccountingPoliciesInventoriesDetails" xlink:href="adt-20121228.xsd#BasisOfPresentationAndSummaryOfSignificantAccountingPoliciesInventoriesDetails" xlink:type="simple" />
  <roleRef roleURI="http://www.adt.com/role/BasisOfPresentationAndSummaryOfSignificantAccountingPoliciesNarrativeDetails" xlink:href="adt-20121228.xsd#BasisOfPresentationAndSummaryOfSignificantAccountingPoliciesNarrativeDetails" xlink:type="simple" />
  <roleRef roleURI="http://www.adt.com/role/BasisOfPresentationAndSummaryOfSignificantAccountingPoliciesPolicies" xlink:href="adt-20121228.xsd#BasisOfPresentationAndSummaryOfSignificantAccountingPoliciesPolicies" xlink:type="simple" />
  <roleRef roleURI="http://www.adt.com/role/BasisOfPresentationAndSummaryOfSignificantAccountingPoliciesTables" xlink:href="adt-20121228.xsd#BasisOfPresentationAndSummaryOfSignificantAccountingPoliciesTables" xlink:type="simple" />
  <roleRef roleURI="http://www.adt.com/role/CommitmentsAndContingencies" xlink:href="adt-20121228.xsd#CommitmentsAndContingencies" xlink:type="simple" />
  <roleRef roleURI="http://www.adt.com/role/CommitmentsAndContingenciesNarrativeDetails" xlink:href="adt-20121228.xsd#CommitmentsAndContingenciesNarrativeDetails" xlink:type="simple" />
  <roleRef roleURI="http://www.adt.com/role/CondensedAndConsolidatedBalanceSheets" xlink:href="adt-20121228.xsd#CondensedAndConsolidatedBalanceSheets" xlink:type="simple" />
  <roleRef roleURI="http://www.adt.com/role/CondensedAndConsolidatedBalanceSheetsParenthetical" xlink:href="adt-20121228.xsd#CondensedAndConsolidatedBalanceSheetsParenthetical" xlink:type="simple" />
  <roleRef roleURI="http://www.adt.com/role/CondensedConsolidatedAndCombinedStatementsOfCashFlows" xlink:href="adt-20121228.xsd#CondensedConsolidatedAndCombinedStatementsOfCashFlows" xlink:type="simple" />
  <roleRef roleURI="http://www.adt.com/role/CondensedConsolidatedAndCombinedStatementsOfComprehensiveIncome" xlink:href="adt-20121228.xsd#CondensedConsolidatedAndCombinedStatementsOfComprehensiveIncome" xlink:type="simple" />
  <roleRef roleURI="http://www.adt.com/role/CondensedConsolidatedAndCombinedStatementsOfOperations" xlink:href="adt-20121228.xsd#CondensedConsolidatedAndCombinedStatementsOfOperations" xlink:type="simple" />
  <roleRef roleURI="http://www.adt.com/role/CondensedConsolidatedAndCombinedStatementsOfStockholdersEquity" xlink:href="adt-20121228.xsd#CondensedConsolidatedAndCombinedStatementsOfStockholdersEquity" xlink:type="simple" />
  <roleRef roleURI="http://www.adt.com/role/CondensedConsolidatedAndCombinedStatementsOfStockholdersEquityParenthetical" xlink:href="adt-20121228.xsd#CondensedConsolidatedAndCombinedStatementsOfStockholdersEquityParenthetical" xlink:type="simple" />
  <roleRef roleURI="http://www.adt.com/role/DocumentAndEntityInformationDocument" xlink:href="adt-20121228.xsd#DocumentAndEntityInformationDocument" xlink:type="simple" />
  <roleRef roleURI="http://www.adt.com/role/EarningsPerShare" xlink:href="adt-20121228.xsd#EarningsPerShare" xlink:type="simple" />
  <roleRef roleURI="http://www.adt.com/role/EarningsPerShareDetails" xlink:href="adt-20121228.xsd#EarningsPerShareDetails" xlink:type="simple" />
  <roleRef roleURI="http://www.adt.com/role/EarningsPerShareTables" xlink:href="adt-20121228.xsd#EarningsPerShareTables" xlink:type="simple" />
  <roleRef roleURI="http://www.adt.com/role/Equity" xlink:href="adt-20121228.xsd#Equity" xlink:type="simple" />
  <roleRef roleURI="http://www.adt.com/role/EquityNarrativeDetails" xlink:href="adt-20121228.xsd#EquityNarrativeDetails" xlink:type="simple" />
  <roleRef roleURI="http://www.adt.com/role/GoodwillAndOtherIntangibleAssets" xlink:href="adt-20121228.xsd#GoodwillAndOtherIntangibleAssets" xlink:type="simple" />
  <roleRef roleURI="http://www.adt.com/role/GoodwillAndOtherIntangibleAssetsCarryingAmountOfGoodwillDetails" xlink:href="adt-20121228.xsd#GoodwillAndOtherIntangibleAssetsCarryingAmountOfGoodwillDetails" xlink:type="simple" />
  <roleRef roleURI="http://www.adt.com/role/GoodwillAndOtherIntangibleAssetsChangesInNetCarryingAmountOfContractsAndRelatedCustomerRelationshipsDetails" xlink:href="adt-20121228.xsd#GoodwillAndOtherIntangibleAssetsChangesInNetCarryingAmountOfContractsAndRelatedCustomerRelationshipsDetails" xlink:type="simple" />
  <roleRef roleURI="http://www.adt.com/role/GoodwillAndOtherIntangibleAssetsGrossCarryingAmountsAndAccumulatedAmortizationOfCompanysOtherIntangibleAssetsDetails" xlink:href="adt-20121228.xsd#GoodwillAndOtherIntangibleAssetsGrossCarryingAmountsAndAccumulatedAmortizationOfCompanysOtherIntangibleAssetsDetails" xlink:type="simple" />
  <roleRef roleURI="http://www.adt.com/role/GoodwillAndOtherIntangibleAssetsNarrativeDetails" xlink:href="adt-20121228.xsd#GoodwillAndOtherIntangibleAssetsNarrativeDetails" xlink:type="simple" />
  <roleRef roleURI="http://www.adt.com/role/GoodwillAndOtherIntangibleAssetsTables" xlink:href="adt-20121228.xsd#GoodwillAndOtherIntangibleAssetsTables" xlink:type="simple" />
  <roleRef roleURI="http://www.adt.com/role/IncomeTaxes" xlink:href="adt-20121228.xsd#IncomeTaxes" xlink:type="simple" />
  <roleRef roleURI="http://www.adt.com/role/IncomeTaxesNarrativeDetails" xlink:href="adt-20121228.xsd#IncomeTaxesNarrativeDetails" xlink:type="simple" />
  <roleRef roleURI="http://www.adt.com/role/RestructuringAndAssetImpairmentChargesNet" xlink:href="adt-20121228.xsd#RestructuringAndAssetImpairmentChargesNet" xlink:type="simple" />
  <roleRef roleURI="http://www.adt.com/role/RestructuringAndAssetImpairmentChargesNetDetails" xlink:href="adt-20121228.xsd#RestructuringAndAssetImpairmentChargesNetDetails" xlink:type="simple" />
  <roleRef roleURI="http://www.adt.com/role/RestructuringAndAssetImpairmentChargesNetTables" xlink:href="adt-20121228.xsd#RestructuringAndAssetImpairmentChargesNetTables" xlink:type="simple" />
  <roleRef roleURI="http://www.adt.com/role/RetirementPlans" xlink:href="adt-20121228.xsd#RetirementPlans" xlink:type="simple" />
  <roleRef roleURI="http://www.adt.com/role/RetirementPlansNarrativeDetails" xlink:href="adt-20121228.xsd#RetirementPlansNarrativeDetails" xlink:type="simple" />
  <roleRef roleURI="http://www.adt.com/role/SharePlans" xlink:href="adt-20121228.xsd#SharePlans" xlink:type="simple" />
  <roleRef roleURI="http://www.adt.com/role/SharePlansNarrativeDetails" xlink:href="adt-20121228.xsd#SharePlansNarrativeDetails" xlink:type="simple" />
  <roleRef roleURI="http://www.adt.com/role/SubsequentEvents" xlink:href="adt-20121228.xsd#SubsequentEvents" xlink:type="simple" />
  <roleRef roleURI="http://www.adt.com/role/SubsequentEventsNarrativeDetails" xlink:href="adt-20121228.xsd#SubsequentEventsNarrativeDetails" xlink:type="simple" />
  <calculationLink xlink:role="http://www.adt.com/role/Acquisitions" xlink:type="extended" />
  <calculationLink xlink:role="http://www.adt.com/role/AcquisitionsNarrativeDetails" xlink:type="extended" />
  <calculationLink xlink:role="http://www.adt.com/role/BasisOfPresentationAndSummaryOfSignificantAccountingPolicies" xlink:type="extended" />
  <calculationLink xlink:role="http://www.adt.com/role/BasisOfPresentationAndSummaryOfSignificantAccountingPoliciesFairValueOfCompanysDebtThatSubjectToFairValueDisclosuresDetails" xlink:type="extended" />
  <calculationLink xlink:role="http://www.adt.com/role/BasisOfPresentationAndSummaryOfSignificantAccountingPoliciesInventoriesDetails" xlink:type="extended">
    <loc xlink:href="http://xbrl.fasb.org/us-gaap/2012/elts/us-gaap-2012-01-31.xsd#us-gaap_InventoryNet" xlink:label="loc_us-gaap_InventoryNet_5b10f3ee-78f6-11e1-94fe-25ba39ebf1f4" xlink:type="locator" />
    <loc xlink:href="http://xbrl.fasb.org/us-gaap/2012/elts/us-gaap-2012-01-31.xsd#us-gaap_InventoryWorkInProcessNetOfReserves" xlink:label="loc_us-gaap_InventoryWorkInProcessNetOfReserves_5b172430-78f6-11e1-94fe-25ba39ebf1f4" xlink:type="locator" />
    <calculationArc order="1" weight="1" xlink:arcrole="http://www.xbrl.org/2003/arcrole/summation-item" xlink:from="loc_us-gaap_InventoryNet_5b10f3ee-78f6-11e1-94fe-25ba39ebf1f4" xlink:to="loc_us-gaap_InventoryWorkInProcessNetOfReserves_5b172430-78f6-11e1-94fe-25ba39ebf1f4" xlink:type="arc" />
    <loc xlink:href="http://xbrl.fasb.org/us-gaap/2012/elts/us-gaap-2012-01-31.xsd#us-gaap_InventoryFinishedGoodsNetOfReserves" xlink:label="loc_us-gaap_InventoryFinishedGoodsNetOfReserves_5afe7bba-78f6-11e1-94fe-25ba39ebf1f4" xlink:type="locator" />
    <calculationArc order="2" weight="1" xlink:arcrole="http://www.xbrl.org/2003/arcrole/summation-item" xlink:from="loc_us-gaap_InventoryNet_5b10f3ee-78f6-11e1-94fe-25ba39ebf1f4" xlink:to="loc_us-gaap_InventoryFinishedGoodsNetOfReserves_5afe7bba-78f6-11e1-94fe-25ba39ebf1f4" xlink:type="arc" />
  </calculationLink>
  <calculationLink xlink:role="http://www.adt.com/role/BasisOfPresentationAndSummaryOfSignificantAccountingPoliciesNarrativeDetails" xlink:type="extended" />
  <calculationLink xlink:role="http://www.adt.com/role/BasisOfPresentationAndSummaryOfSignificantAccountingPoliciesPolicies" xlink:type="extended" />
  <calculationLink xlink:role="http://www.adt.com/role/BasisOfPresentationAndSummaryOfSignificantAccountingPoliciesTables" xlink:type="extended" />
  <calculationLink xlink:role="http://www.adt.com/role/CommitmentsAndContingencies" xlink:type="extended" />
  <calculationLink xlink:role="http://www.adt.com/role/CommitmentsAndContingenciesNarrativeDetails" xlink:type="extended" />
  <calculationLink xlink:role="http://www.adt.com/role/CondensedAndConsolidatedBalanceSheets" xlink:type="extended">
    <loc xlink:href="http://xbrl.fasb.org/us-gaap/2012/elts/us-gaap-2012-01-31.xsd#us-gaap_Assets" xlink:label="loc_us-gaap_Assets_2c254058-78f6-11e1-94fe-25ba39ebf1f4" xlink:type="locator" />
    <loc xlink:href="http://xbrl.fasb.org/us-gaap/2012/elts/us-gaap-2012-01-31.xsd#us-gaap_PropertyPlantAndEquipmentNet" xlink:label="loc_us-gaap_PropertyPlantAndEquipmentNet_683dcad8-78f6-11e1-94fe-25ba39ebf1f4" xlink:type="locator" />
    <calculationArc order="1" weight="1" xlink:arcrole="http://www.xbrl.org/2003/arcrole/summation-item" xlink:from="loc_us-gaap_Assets_2c254058-78f6-11e1-94fe-25ba39ebf1f4" xlink:to="loc_us-gaap_PropertyPlantAndEquipmentNet_683dcad8-78f6-11e1-94fe-25ba39ebf1f4" xlink:type="arc" />
    <loc xlink:href="adt-20121228.xsd#adt_SubscriberSystemAssetsNet" xlink:label="loc_adt_SubscriberSystemAssetsNet_663b3b7e-44ae-11e2-a043-12313d1f36c6" xlink:type="locator" />
    <calculationArc order="2" weight="1" xlink:arcrole="http://www.xbrl.org/2003/arcrole/summation-item" xlink:from="loc_us-gaap_Assets_2c254058-78f6-11e1-94fe-25ba39ebf1f4" xlink:to="loc_adt_SubscriberSystemAssetsNet_663b3b7e-44ae-11e2-a043-12313d1f36c6" xlink:type="arc" />
    <loc xlink:href="http://xbrl.fasb.org/us-gaap/2012/elts/us-gaap-2012-01-31.xsd#us-gaap_Goodwill" xlink:label="loc_us-gaap_Goodwill_567ea9de-78f6-11e1-94fe-25ba39ebf1f4" xlink:type="locator" />
    <calculationArc order="3" weight="1" xlink:arcrole="http://www.xbrl.org/2003/arcrole/summation-item" xlink:from="loc_us-gaap_Assets_2c254058-78f6-11e1-94fe-25ba39ebf1f4" xlink:to="loc_us-gaap_Goodwill_567ea9de-78f6-11e1-94fe-25ba39ebf1f4" xlink:type="arc" />
    <loc xlink:href="http://xbrl.fasb.org/us-gaap/2012/elts/us-gaap-2012-01-31.xsd#us-gaap_IntangibleAssetsNetExcludingGoodwill" xlink:label="loc_us-gaap_IntangibleAssetsNetExcludingGoodwill_5a1fdbbc-78f6-11e1-94fe-25ba39ebf1f4" xlink:type="locator" />
    <calculationArc order="4" weight="1" xlink:arcrole="http://www.xbrl.org/2003/arcrole/summation-item" xlink:from="loc_us-gaap_Assets_2c254058-78f6-11e1-94fe-25ba39ebf1f4" xlink:to="loc_us-gaap_IntangibleAssetsNetExcludingGoodwill_5a1fdbbc-78f6-11e1-94fe-25ba39ebf1f4" xlink:type="arc" />
    <loc xlink:href="adt-20121228.xsd#adt_DeferredSubscriberAcquisitionCostsNet" xlink:label="loc_adt_DeferredSubscriberAcquisitionCostsNet_04928e48-6a62-11e2-9cb6-12313d1f36c6" xlink:type="locator" />
    <calculationArc order="5" weight="1" xlink:arcrole="http://www.xbrl.org/2003/arcrole/summation-item" xlink:from="loc_us-gaap_Assets_2c254058-78f6-11e1-94fe-25ba39ebf1f4" xlink:to="loc_adt_DeferredSubscriberAcquisitionCostsNet_04928e48-6a62-11e2-9cb6-12313d1f36c6" xlink:type="arc" />
    <loc xlink:href="http://xbrl.fasb.org/us-gaap/2012/elts/us-gaap-2012-01-31.xsd#us-gaap_OtherAssetsNoncurrent" xlink:label="loc_us-gaap_OtherAssetsNoncurrent_62df8554-78f6-11e1-94fe-25ba39ebf1f4" xlink:type="locator" />
    <calculationArc order="6" weight="1" xlink:arcrole="http://www.xbrl.org/2003/arcrole/summation-item" xlink:from="loc_us-gaap_Assets_2c254058-78f6-11e1-94fe-25ba39ebf1f4" xlink:to="loc_us-gaap_OtherAssetsNoncurrent_62df8554-78f6-11e1-94fe-25ba39ebf1f4" xlink:type="arc" />
    <loc xlink:href="http://xbrl.fasb.org/us-gaap/2012/elts/us-gaap-2012-01-31.xsd#us-gaap_AssetsCurrent" xlink:label="loc_us-gaap_AssetsCurrent_2c23c494-78f6-11e1-94fe-25ba39ebf1f4" xlink:type="locator" />
    <calculationArc order="7" weight="1" xlink:arcrole="http://www.xbrl.org/2003/arcrole/summation-item" xlink:from="loc_us-gaap_Assets_2c254058-78f6-11e1-94fe-25ba39ebf1f4" xlink:to="loc_us-gaap_AssetsCurrent_2c23c494-78f6-11e1-94fe-25ba39ebf1f4" xlink:type="arc" />
    <loc xlink:href="http://xbrl.fasb.org/us-gaap/2012/elts/us-gaap-2012-01-31.xsd#us-gaap_CashAndCashEquivalentsAtCarryingValue" xlink:label="loc_us-gaap_CashAndCashEquivalentsAtCarryingValue_30cfd000-78f6-11e1-94fe-25ba39ebf1f4" xlink:type="locator" />
    <calculationArc order="1" weight="1" xlink:arcrole="http://www.xbrl.org/2003/arcrole/summation-item" xlink:from="loc_us-gaap_AssetsCurrent_2c23c494-78f6-11e1-94fe-25ba39ebf1f4" xlink:to="loc_us-gaap_CashAndCashEquivalentsAtCarryingValue_30cfd000-78f6-11e1-94fe-25ba39ebf1f4" xlink:type="arc" />
    <loc xlink:href="http://xbrl.fasb.org/us-gaap/2012/elts/us-gaap-2012-01-31.xsd#us-gaap_AccountsReceivableNetCurrent" xlink:label="loc_us-gaap_AccountsReceivableNetCurrent_28c3463a-78f6-11e1-94fe-25ba39ebf1f4" xlink:type="locator" />
    <calculationArc order="2" weight="1" xlink:arcrole="http://www.xbrl.org/2003/arcrole/summation-item" xlink:from="loc_us-gaap_AssetsCurrent_2c23c494-78f6-11e1-94fe-25ba39ebf1f4" xlink:to="loc_us-gaap_AccountsReceivableNetCurrent_28c3463a-78f6-11e1-94fe-25ba39ebf1f4" xlink:type="arc" />
    <loc xlink:href="http://xbrl.fasb.org/us-gaap/2012/elts/us-gaap-2012-01-31.xsd#us-gaap_InventoryNet" xlink:label="loc_us-gaap_InventoryNet_5b10f3ee-78f6-11e1-94fe-25ba39ebf1f4" xlink:type="locator" />
    <calculationArc order="3" weight="1" xlink:arcrole="http://www.xbrl.org/2003/arcrole/summation-item" xlink:from="loc_us-gaap_AssetsCurrent_2c23c494-78f6-11e1-94fe-25ba39ebf1f4" xlink:to="loc_us-gaap_InventoryNet_5b10f3ee-78f6-11e1-94fe-25ba39ebf1f4" xlink:type="arc" />
    <loc xlink:href="http://xbrl.fasb.org/us-gaap/2012/elts/us-gaap-2012-01-31.xsd#us-gaap_PrepaidExpenseAndOtherAssetsCurrent" xlink:label="loc_us-gaap_PrepaidExpenseAndOtherAssetsCurrent_66a1ef74-78f6-11e1-94fe-25ba39ebf1f4" xlink:type="locator" />
    <calculationArc order="4" weight="1" xlink:arcrole="http://www.xbrl.org/2003/arcrole/summation-item" xlink:from="loc_us-gaap_AssetsCurrent_2c23c494-78f6-11e1-94fe-25ba39ebf1f4" xlink:to="loc_us-gaap_PrepaidExpenseAndOtherAssetsCurrent_66a1ef74-78f6-11e1-94fe-25ba39ebf1f4" xlink:type="arc" />
    <loc xlink:href="http://xbrl.fasb.org/us-gaap/2012/elts/us-gaap-2012-01-31.xsd#us-gaap_DeferredTaxAssetsLiabilitiesNetCurrent" xlink:label="loc_us-gaap_DeferredTaxAssetsLiabilitiesNetCurrent_47298288-78f6-11e1-94fe-25ba39ebf1f4" xlink:type="locator" />
    <calculationArc order="5" weight="1" xlink:arcrole="http://www.xbrl.org/2003/arcrole/summation-item" xlink:from="loc_us-gaap_AssetsCurrent_2c23c494-78f6-11e1-94fe-25ba39ebf1f4" xlink:to="loc_us-gaap_DeferredTaxAssetsLiabilitiesNetCurrent_47298288-78f6-11e1-94fe-25ba39ebf1f4" xlink:type="arc" />
    <loc xlink:href="http://xbrl.fasb.org/us-gaap/2012/elts/us-gaap-2012-01-31.xsd#us-gaap_LiabilitiesAndStockholdersEquity" xlink:label="loc_us-gaap_LiabilitiesAndStockholdersEquity_5c4fc6ae-78f6-11e1-94fe-25ba39ebf1f4" xlink:type="locator" />
    <loc xlink:href="http://xbrl.fasb.org/us-gaap/2012/elts/us-gaap-2012-01-31.xsd#us-gaap_StockholdersEquity" xlink:label="loc_us-gaap_StockholdersEquity_70895bd0-78f6-11e1-94fe-25ba39ebf1f4" xlink:type="locator" />
    <calculationArc order="1" weight="1" xlink:arcrole="http://www.xbrl.org/2003/arcrole/summation-item" xlink:from="loc_us-gaap_LiabilitiesAndStockholdersEquity_5c4fc6ae-78f6-11e1-94fe-25ba39ebf1f4" xlink:to="loc_us-gaap_StockholdersEquity_70895bd0-78f6-11e1-94fe-25ba39ebf1f4" xlink:type="arc" />
    <loc xlink:href="http://xbrl.fasb.org/us-gaap/2012/elts/us-gaap-2012-01-31.xsd#us-gaap_CommonStockValue" xlink:label="loc_us-gaap_CommonStockValue_34ddf442-78f6-11e1-94fe-25ba39ebf1f4" xlink:type="locator" />
    <calculationArc order="1" weight="1" xlink:arcrole="http://www.xbrl.org/2003/arcrole/summation-item" xlink:from="loc_us-gaap_StockholdersEquity_70895bd0-78f6-11e1-94fe-25ba39ebf1f4" xlink:to="loc_us-gaap_CommonStockValue_34ddf442-78f6-11e1-94fe-25ba39ebf1f4" xlink:type="arc" />
    <loc xlink:href="http://xbrl.fasb.org/us-gaap/2012/elts/us-gaap-2012-01-31.xsd#us-gaap_AdditionalPaidInCapitalCommonStock" xlink:label="loc_us-gaap_AdditionalPaidInCapitalCommonStock_29c8cba4-78f6-11e1-94fe-25ba39ebf1f4" xlink:type="locator" />
    <calculationArc order="2" weight="1" xlink:arcrole="http://www.xbrl.org/2003/arcrole/summation-item" xlink:from="loc_us-gaap_StockholdersEquity_70895bd0-78f6-11e1-94fe-25ba39ebf1f4" xlink:to="loc_us-gaap_AdditionalPaidInCapitalCommonStock_29c8cba4-78f6-11e1-94fe-25ba39ebf1f4" xlink:type="arc" />
    <loc xlink:href="http://xbrl.fasb.org/us-gaap/2012/elts/us-gaap-2012-01-31.xsd#us-gaap_RetainedEarningsAccumulatedDeficit" xlink:label="loc_us-gaap_RetainedEarningsAccumulatedDeficit_6b785646-78f6-11e1-94fe-25ba39ebf1f4" xlink:type="locator" />
    <calculationArc order="3" weight="1" xlink:arcrole="http://www.xbrl.org/2003/arcrole/summation-item" xlink:from="loc_us-gaap_StockholdersEquity_70895bd0-78f6-11e1-94fe-25ba39ebf1f4" xlink:to="loc_us-gaap_RetainedEarningsAccumulatedDeficit_6b785646-78f6-11e1-94fe-25ba39ebf1f4" xlink:type="arc" />
    <loc xlink:href="http://xbrl.fasb.org/us-gaap/2012/elts/us-gaap-2012-01-31.xsd#us-gaap_AccumulatedOtherComprehensiveIncomeLossNetOfTax" xlink:label="loc_us-gaap_AccumulatedOtherComprehensiveIncomeLossNetOfTax_29c0ce5e-78f6-11e1-94fe-25ba39ebf1f4" xlink:type="locator" />
    <calculationArc order="4" weight="1" xlink:arcrole="http://www.xbrl.org/2003/arcrole/summation-item" xlink:from="loc_us-gaap_StockholdersEquity_70895bd0-78f6-11e1-94fe-25ba39ebf1f4" xlink:to="loc_us-gaap_AccumulatedOtherComprehensiveIncomeLossNetOfTax_29c0ce5e-78f6-11e1-94fe-25ba39ebf1f4" xlink:type="arc" />
    <loc xlink:href="http://xbrl.fasb.org/us-gaap/2012/elts/us-gaap-2012-01-31.xsd#us-gaap_CommitmentsAndContingencies" xlink:label="loc_us-gaap_CommitmentsAndContingencies_34116ef4-78f6-11e1-94fe-25ba39ebf1f4" xlink:type="locator" />
    <calculationArc order="2" weight="1" xlink:arcrole="http://www.xbrl.org/2003/arcrole/summation-item" xlink:from="loc_us-gaap_LiabilitiesAndStockholdersEquity_5c4fc6ae-78f6-11e1-94fe-25ba39ebf1f4" xlink:to="loc_us-gaap_CommitmentsAndContingencies_34116ef4-78f6-11e1-94fe-25ba39ebf1f4" xlink:type="arc" />
    <loc xlink:href="http://xbrl.fasb.org/us-gaap/2012/elts/us-gaap-2012-01-31.xsd#us-gaap_Liabilities" xlink:label="loc_us-gaap_Liabilities_5c30a2c4-78f6-11e1-94fe-25ba39ebf1f4" xlink:type="locator" />
    <calculationArc order="3" weight="1" xlink:arcrole="http://www.xbrl.org/2003/arcrole/summation-item" xlink:from="loc_us-gaap_LiabilitiesAndStockholdersEquity_5c4fc6ae-78f6-11e1-94fe-25ba39ebf1f4" xlink:to="loc_us-gaap_Liabilities_5c30a2c4-78f6-11e1-94fe-25ba39ebf1f4" xlink:type="arc" />
    <loc xlink:href="http://xbrl.fasb.org/us-gaap/2012/elts/us-gaap-2012-01-31.xsd#us-gaap_LiabilitiesCurrent" xlink:label="loc_us-gaap_LiabilitiesCurrent_5c188d92-78f6-11e1-94fe-25ba39ebf1f4" xlink:type="locator" />
    <calculationArc order="1" weight="1" xlink:arcrole="http://www.xbrl.org/2003/arcrole/summation-item" xlink:from="loc_us-gaap_Liabilities_5c30a2c4-78f6-11e1-94fe-25ba39ebf1f4" xlink:to="loc_us-gaap_LiabilitiesCurrent_5c188d92-78f6-11e1-94fe-25ba39ebf1f4" xlink:type="arc" />
    <loc xlink:href="http://xbrl.fasb.org/us-gaap/2012/elts/us-gaap-2012-01-31.xsd#us-gaap_LongTermDebtAndCapitalLeaseObligationsCurrent" xlink:label="loc_us-gaap_LongTermDebtAndCapitalLeaseObligationsCurrent_5e441974-78f6-11e1-94fe-25ba39ebf1f4" xlink:type="locator" />
    <calculationArc order="1" weight="1" xlink:arcrole="http://www.xbrl.org/2003/arcrole/summation-item" xlink:from="loc_us-gaap_LiabilitiesCurrent_5c188d92-78f6-11e1-94fe-25ba39ebf1f4" xlink:to="loc_us-gaap_LongTermDebtAndCapitalLeaseObligationsCurrent_5e441974-78f6-11e1-94fe-25ba39ebf1f4" xlink:type="arc" />
    <loc xlink:href="http://xbrl.fasb.org/us-gaap/2012/elts/us-gaap-2012-01-31.xsd#us-gaap_AccountsPayableCurrent" xlink:label="loc_us-gaap_AccountsPayableCurrent_28d58084-78f6-11e1-94fe-25ba39ebf1f4" xlink:type="locator" />
    <calculationArc order="2" weight="1" xlink:arcrole="http://www.xbrl.org/2003/arcrole/summation-item" xlink:from="loc_us-gaap_LiabilitiesCurrent_5c188d92-78f6-11e1-94fe-25ba39ebf1f4" xlink:to="loc_us-gaap_AccountsPayableCurrent_28d58084-78f6-11e1-94fe-25ba39ebf1f4" xlink:type="arc" />
    <loc xlink:href="http://xbrl.fasb.org/us-gaap/2012/elts/us-gaap-2012-01-31.xsd#us-gaap_OtherLiabilitiesCurrent" xlink:label="loc_us-gaap_OtherLiabilitiesCurrent_63d03724-78f6-11e1-94fe-25ba39ebf1f4" xlink:type="locator" />
    <calculationArc order="3" weight="1" xlink:arcrole="http://www.xbrl.org/2003/arcrole/summation-item" xlink:from="loc_us-gaap_LiabilitiesCurrent_5c188d92-78f6-11e1-94fe-25ba39ebf1f4" xlink:to="loc_us-gaap_OtherLiabilitiesCurrent_63d03724-78f6-11e1-94fe-25ba39ebf1f4" xlink:type="arc" />
    <loc xlink:href="http://xbrl.fasb.org/us-gaap/2012/elts/us-gaap-2012-01-31.xsd#us-gaap_DeferredRevenueCurrent" xlink:label="loc_us-gaap_DeferredRevenueCurrent_473bd082-78f6-11e1-94fe-25ba39ebf1f4" xlink:type="locator" />
    <calculationArc order="4" weight="1" xlink:arcrole="http://www.xbrl.org/2003/arcrole/summation-item" xlink:from="loc_us-gaap_LiabilitiesCurrent_5c188d92-78f6-11e1-94fe-25ba39ebf1f4" xlink:to="loc_us-gaap_DeferredRevenueCurrent_473bd082-78f6-11e1-94fe-25ba39ebf1f4" xlink:type="arc" />
    <loc xlink:href="http://xbrl.fasb.org/us-gaap/2012/elts/us-gaap-2012-01-31.xsd#us-gaap_LongTermDebtAndCapitalLeaseObligations" xlink:label="loc_us-gaap_LongTermDebtAndCapitalLeaseObligations_5e7eaabc-78f6-11e1-94fe-25ba39ebf1f4" xlink:type="locator" />
    <calculationArc order="2" weight="1" xlink:arcrole="http://www.xbrl.org/2003/arcrole/summation-item" xlink:from="loc_us-gaap_Liabilities_5c30a2c4-78f6-11e1-94fe-25ba39ebf1f4" xlink:to="loc_us-gaap_LongTermDebtAndCapitalLeaseObligations_5e7eaabc-78f6-11e1-94fe-25ba39ebf1f4" xlink:type="arc" />
    <loc xlink:href="adt-20121228.xsd#adt_DeferredSubscriberAcquisitionRevenue" xlink:label="loc_adt_DeferredSubscriberAcquisitionRevenue_3da29084-6a62-11e2-9cb6-12313d1f36c6" xlink:type="locator" />
    <calculationArc order="3" weight="1" xlink:arcrole="http://www.xbrl.org/2003/arcrole/summation-item" xlink:from="loc_us-gaap_Liabilities_5c30a2c4-78f6-11e1-94fe-25ba39ebf1f4" xlink:to="loc_adt_DeferredSubscriberAcquisitionRevenue_3da29084-6a62-11e2-9cb6-12313d1f36c6" xlink:type="arc" />
    <loc xlink:href="http://xbrl.fasb.org/us-gaap/2012/elts/us-gaap-2012-01-31.xsd#us-gaap_DeferredTaxLiabilitiesNoncurrent" xlink:label="loc_us-gaap_DeferredTaxLiabilitiesNoncurrent_476c4866-78f6-11e1-94fe-25ba39ebf1f4" xlink:type="locator" />
    <calculationArc order="4" weight="1" xlink:arcrole="http://www.xbrl.org/2003/arcrole/summation-item" xlink:from="loc_us-gaap_Liabilities_5c30a2c4-78f6-11e1-94fe-25ba39ebf1f4" xlink:to="loc_us-gaap_DeferredTaxLiabilitiesNoncurrent_476c4866-78f6-11e1-94fe-25ba39ebf1f4" xlink:type="arc" />
    <loc xlink:href="http://xbrl.fasb.org/us-gaap/2012/elts/us-gaap-2012-01-31.xsd#us-gaap_OtherLiabilitiesNoncurrent" xlink:label="loc_us-gaap_OtherLiabilitiesNoncurrent_63d8f7d8-78f6-11e1-94fe-25ba39ebf1f4" xlink:type="locator" />
    <calculationArc order="5" weight="1" xlink:arcrole="http://www.xbrl.org/2003/arcrole/summation-item" xlink:from="loc_us-gaap_Liabilities_5c30a2c4-78f6-11e1-94fe-25ba39ebf1f4" xlink:to="loc_us-gaap_OtherLiabilitiesNoncurrent_63d8f7d8-78f6-11e1-94fe-25ba39ebf1f4" xlink:type="arc" />
  </calculationLink>
  <calculationLink xlink:role="http://www.adt.com/role/CondensedAndConsolidatedBalanceSheetsParenthetical" xlink:type="extended" />
  <calculationLink xlink:role="http://www.adt.com/role/CondensedConsolidatedAndCombinedStatementsOfCashFlows" xlink:type="extended">
    <loc xlink:href="http://xbrl.fasb.org/us-gaap/2012/elts/us-gaap-2012-01-31.xsd#us-gaap_CashAndCashEquivalentsPeriodIncreaseDecrease" xlink:label="loc_us-gaap_CashAndCashEquivalentsPeriodIncreaseDecrease_31a4213e-78f6-11e1-94fe-25ba39ebf1f4" xlink:type="locator" />
    <loc xlink:href="http://xbrl.fasb.org/us-gaap/2012/elts/us-gaap-2012-01-31.xsd#us-gaap_NetCashProvidedByUsedInInvestingActivitiesContinuingOperations" xlink:label="loc_us-gaap_NetCashProvidedByUsedInInvestingActivitiesContinuingOperations_60eddaf2-78f6-11e1-94fe-25ba39ebf1f4" xlink:type="locator" />
    <calculationArc order="1" weight="1" xlink:arcrole="http://www.xbrl.org/2003/arcrole/summation-item" xlink:from="loc_us-gaap_CashAndCashEquivalentsPeriodIncreaseDecrease_31a4213e-78f6-11e1-94fe-25ba39ebf1f4" xlink:to="loc_us-gaap_NetCashProvidedByUsedInInvestingActivitiesContinuingOperations_60eddaf2-78f6-11e1-94fe-25ba39ebf1f4" xlink:type="arc" />
    <loc xlink:href="adt-20121228.xsd#adt_PaymentsForDealerGeneratedCustomerAccountsAndNonDealerBulkAccountPurchases" xlink:label="loc_adt_PaymentsForDealerGeneratedCustomerAccountsAndNonDealerBulkAccountPurchases_367fe5e6-6a66-11e2-9cb6-12313d1f36c6" xlink:type="locator" />
    <calculationArc order="1" weight="-1" xlink:arcrole="http://www.xbrl.org/2003/arcrole/summation-item" xlink:from="loc_us-gaap_NetCashProvidedByUsedInInvestingActivitiesContinuingOperations_60eddaf2-78f6-11e1-94fe-25ba39ebf1f4" xlink:to="loc_adt_PaymentsForDealerGeneratedCustomerAccountsAndNonDealerBulkAccountPurchases_367fe5e6-6a66-11e2-9cb6-12313d1f36c6" xlink:type="arc" />
    <loc xlink:href="adt-20121228.xsd#adt_PaymentsToSubscriberSystemAssets" xlink:label="loc_adt_PaymentsToSubscriberSystemAssets_af9aa86a-44b6-11e2-a043-12313d1f36c6" xlink:type="locator" />
    <calculationArc order="2" weight="-1" xlink:arcrole="http://www.xbrl.org/2003/arcrole/summation-item" xlink:from="loc_us-gaap_NetCashProvidedByUsedInInvestingActivitiesContinuingOperations_60eddaf2-78f6-11e1-94fe-25ba39ebf1f4" xlink:to="loc_adt_PaymentsToSubscriberSystemAssets_af9aa86a-44b6-11e2-a043-12313d1f36c6" xlink:type="arc" />
    <loc xlink:href="http://xbrl.fasb.org/us-gaap/2012/elts/us-gaap-2012-01-31.xsd#us-gaap_PaymentsToAcquireProductiveAssets" xlink:label="loc_us-gaap_PaymentsToAcquireProductiveAssets_6546d400-78f6-11e1-94fe-25ba39ebf1f4" xlink:type="locator" />
    <calculationArc order="3" weight="-1" xlink:arcrole="http://www.xbrl.org/2003/arcrole/summation-item" xlink:from="loc_us-gaap_NetCashProvidedByUsedInInvestingActivitiesContinuingOperations_60eddaf2-78f6-11e1-94fe-25ba39ebf1f4" xlink:to="loc_us-gaap_PaymentsToAcquireProductiveAssets_6546d400-78f6-11e1-94fe-25ba39ebf1f4" xlink:type="arc" />
    <loc xlink:href="http://xbrl.fasb.org/us-gaap/2012/elts/us-gaap-2012-01-31.xsd#us-gaap_PaymentsToAcquireBusinessesNetOfCashAcquired" xlink:label="loc_us-gaap_PaymentsToAcquireBusinessesNetOfCashAcquired_6544a1b2-78f6-11e1-94fe-25ba39ebf1f4" xlink:type="locator" />
    <calculationArc order="4" weight="-1" xlink:arcrole="http://www.xbrl.org/2003/arcrole/summation-item" xlink:from="loc_us-gaap_NetCashProvidedByUsedInInvestingActivitiesContinuingOperations_60eddaf2-78f6-11e1-94fe-25ba39ebf1f4" xlink:to="loc_us-gaap_PaymentsToAcquireBusinessesNetOfCashAcquired_6544a1b2-78f6-11e1-94fe-25ba39ebf1f4" xlink:type="arc" />
    <loc xlink:href="http://xbrl.fasb.org/us-gaap/2012/elts/us-gaap-2012-01-31.xsd#us-gaap_NetCashProvidedByUsedInOperatingActivitiesContinuingOperations" xlink:label="loc_us-gaap_NetCashProvidedByUsedInOperatingActivitiesContinuingOperations_60e5bec6-78f6-11e1-94fe-25ba39ebf1f4" xlink:type="locator" />
    <calculationArc order="2" weight="1" xlink:arcrole="http://www.xbrl.org/2003/arcrole/summation-item" xlink:from="loc_us-gaap_CashAndCashEquivalentsPeriodIncreaseDecrease_31a4213e-78f6-11e1-94fe-25ba39ebf1f4" xlink:to="loc_us-gaap_NetCashProvidedByUsedInOperatingActivitiesContinuingOperations_60e5bec6-78f6-11e1-94fe-25ba39ebf1f4" xlink:type="arc" />
    <loc xlink:href="http://xbrl.fasb.org/us-gaap/2012/elts/us-gaap-2012-01-31.xsd#us-gaap_NetIncomeLoss" xlink:label="loc_us-gaap_NetIncomeLoss_611bec6c-78f6-11e1-94fe-25ba39ebf1f4" xlink:type="locator" />
    <calculationArc order="1" weight="1" xlink:arcrole="http://www.xbrl.org/2003/arcrole/summation-item" xlink:from="loc_us-gaap_NetCashProvidedByUsedInOperatingActivitiesContinuingOperations_60e5bec6-78f6-11e1-94fe-25ba39ebf1f4" xlink:to="loc_us-gaap_NetIncomeLoss_611bec6c-78f6-11e1-94fe-25ba39ebf1f4" xlink:type="arc" />
    <loc xlink:href="http://xbrl.fasb.org/us-gaap/2012/elts/us-gaap-2012-01-31.xsd#us-gaap_DepreciationDepletionAndAmortization" xlink:label="loc_us-gaap_DepreciationDepletionAndAmortization_48ae4c92-78f6-11e1-94fe-25ba39ebf1f4" xlink:type="locator" />
    <calculationArc order="2" weight="1" xlink:arcrole="http://www.xbrl.org/2003/arcrole/summation-item" xlink:from="loc_us-gaap_NetCashProvidedByUsedInOperatingActivitiesContinuingOperations_60e5bec6-78f6-11e1-94fe-25ba39ebf1f4" xlink:to="loc_us-gaap_DepreciationDepletionAndAmortization_48ae4c92-78f6-11e1-94fe-25ba39ebf1f4" xlink:type="arc" />
    <loc xlink:href="http://xbrl.fasb.org/us-gaap/2012/elts/us-gaap-2012-01-31.xsd#us-gaap_OtherDeferredCostAmortizationExpense" xlink:label="loc_us-gaap_OtherDeferredCostAmortizationExpense_63c47a92-78f6-11e1-94fe-25ba39ebf1f4" xlink:type="locator" />
    <calculationArc order="3" weight="1" xlink:arcrole="http://www.xbrl.org/2003/arcrole/summation-item" xlink:from="loc_us-gaap_NetCashProvidedByUsedInOperatingActivitiesContinuingOperations_60e5bec6-78f6-11e1-94fe-25ba39ebf1f4" xlink:to="loc_us-gaap_OtherDeferredCostAmortizationExpense_63c47a92-78f6-11e1-94fe-25ba39ebf1f4" xlink:type="arc" />
    <loc xlink:href="http://xbrl.fasb.org/us-gaap/2012/elts/us-gaap-2012-01-31.xsd#us-gaap_DeferredRevenueRevenueRecognized" xlink:label="loc_us-gaap_DeferredRevenueRevenueRecognized_473c5e9e-78f6-11e1-94fe-25ba39ebf1f4" xlink:type="locator" />
    <calculationArc order="4" weight="1" xlink:arcrole="http://www.xbrl.org/2003/arcrole/summation-item" xlink:from="loc_us-gaap_NetCashProvidedByUsedInOperatingActivitiesContinuingOperations_60e5bec6-78f6-11e1-94fe-25ba39ebf1f4" xlink:to="loc_us-gaap_DeferredRevenueRevenueRecognized_473c5e9e-78f6-11e1-94fe-25ba39ebf1f4" xlink:type="arc" />
    <loc xlink:href="http://xbrl.fasb.org/us-gaap/2012/elts/us-gaap-2012-01-31.xsd#us-gaap_ShareBasedCompensation" xlink:label="loc_us-gaap_ShareBasedCompensation_6ec09264-78f6-11e1-94fe-25ba39ebf1f4" xlink:type="locator" />
    <calculationArc order="5" weight="1" xlink:arcrole="http://www.xbrl.org/2003/arcrole/summation-item" xlink:from="loc_us-gaap_NetCashProvidedByUsedInOperatingActivitiesContinuingOperations_60e5bec6-78f6-11e1-94fe-25ba39ebf1f4" xlink:to="loc_us-gaap_ShareBasedCompensation_6ec09264-78f6-11e1-94fe-25ba39ebf1f4" xlink:type="arc" />
    <loc xlink:href="http://xbrl.fasb.org/us-gaap/2012/elts/us-gaap-2012-01-31.xsd#us-gaap_DeferredIncomeTaxExpenseBenefit" xlink:label="loc_us-gaap_DeferredIncomeTaxExpenseBenefit_472866e6-78f6-11e1-94fe-25ba39ebf1f4" xlink:type="locator" />
    <calculationArc order="6" weight="1" xlink:arcrole="http://www.xbrl.org/2003/arcrole/summation-item" xlink:from="loc_us-gaap_NetCashProvidedByUsedInOperatingActivitiesContinuingOperations_60e5bec6-78f6-11e1-94fe-25ba39ebf1f4" xlink:to="loc_us-gaap_DeferredIncomeTaxExpenseBenefit_472866e6-78f6-11e1-94fe-25ba39ebf1f4" xlink:type="arc" />
    <loc xlink:href="adt-20121228.xsd#adt_ProvisionForLossesOnAccountsReceivableAndInventory" xlink:label="loc_adt_ProvisionForLossesOnAccountsReceivableAndInventory_0133c668-44b5-11e2-a043-12313d1f36c6" xlink:type="locator" />
    <calculationArc order="7" weight="1" xlink:arcrole="http://www.xbrl.org/2003/arcrole/summation-item" xlink:from="loc_us-gaap_NetCashProvidedByUsedInOperatingActivitiesContinuingOperations_60e5bec6-78f6-11e1-94fe-25ba39ebf1f4" xlink:to="loc_adt_ProvisionForLossesOnAccountsReceivableAndInventory_0133c668-44b5-11e2-a043-12313d1f36c6" xlink:type="arc" />
    <loc xlink:href="http://xbrl.fasb.org/us-gaap/2012/elts/us-gaap-2012-01-31.xsd#us-gaap_OtherNoncashIncomeExpense" xlink:label="loc_us-gaap_OtherNoncashIncomeExpense_62b35f06-78f6-11e1-94fe-25ba39ebf1f4" xlink:type="locator" />
    <calculationArc order="8" weight="-1" xlink:arcrole="http://www.xbrl.org/2003/arcrole/summation-item" xlink:from="loc_us-gaap_NetCashProvidedByUsedInOperatingActivitiesContinuingOperations_60e5bec6-78f6-11e1-94fe-25ba39ebf1f4" xlink:to="loc_us-gaap_OtherNoncashIncomeExpense_62b35f06-78f6-11e1-94fe-25ba39ebf1f4" xlink:type="arc" />
    <loc xlink:href="http://xbrl.fasb.org/us-gaap/2012/elts/us-gaap-2012-01-31.xsd#us-gaap_IncreaseDecreaseInAccountsReceivable" xlink:label="loc_us-gaap_IncreaseDecreaseInAccountsReceivable_58ea018c-78f6-11e1-94fe-25ba39ebf1f4" xlink:type="locator" />
    <calculationArc order="9" weight="-1" xlink:arcrole="http://www.xbrl.org/2003/arcrole/summation-item" xlink:from="loc_us-gaap_NetCashProvidedByUsedInOperatingActivitiesContinuingOperations_60e5bec6-78f6-11e1-94fe-25ba39ebf1f4" xlink:to="loc_us-gaap_IncreaseDecreaseInAccountsReceivable_58ea018c-78f6-11e1-94fe-25ba39ebf1f4" xlink:type="arc" />
    <loc xlink:href="http://xbrl.fasb.org/us-gaap/2012/elts/us-gaap-2012-01-31.xsd#us-gaap_IncreaseDecreaseInInventories" xlink:label="loc_us-gaap_IncreaseDecreaseInInventories_5962f3b2-78f6-11e1-94fe-25ba39ebf1f4" xlink:type="locator" />
    <calculationArc order="10" weight="-1" xlink:arcrole="http://www.xbrl.org/2003/arcrole/summation-item" xlink:from="loc_us-gaap_NetCashProvidedByUsedInOperatingActivitiesContinuingOperations_60e5bec6-78f6-11e1-94fe-25ba39ebf1f4" xlink:to="loc_us-gaap_IncreaseDecreaseInInventories_5962f3b2-78f6-11e1-94fe-25ba39ebf1f4" xlink:type="arc" />
    <loc xlink:href="http://xbrl.fasb.org/us-gaap/2012/elts/us-gaap-2012-01-31.xsd#us-gaap_IncreaseDecreaseInAccountsPayable" xlink:label="loc_us-gaap_IncreaseDecreaseInAccountsPayable_58a5226a-78f6-11e1-94fe-25ba39ebf1f4" xlink:type="locator" />
    <calculationArc order="11" weight="1" xlink:arcrole="http://www.xbrl.org/2003/arcrole/summation-item" xlink:from="loc_us-gaap_NetCashProvidedByUsedInOperatingActivitiesContinuingOperations_60e5bec6-78f6-11e1-94fe-25ba39ebf1f4" xlink:to="loc_us-gaap_IncreaseDecreaseInAccountsPayable_58a5226a-78f6-11e1-94fe-25ba39ebf1f4" xlink:type="arc" />
    <loc xlink:href="http://xbrl.fasb.org/us-gaap/2012/elts/us-gaap-2012-01-31.xsd#us-gaap_IncreaseDecreaseInOtherAccruedLiabilities" xlink:label="loc_us-gaap_IncreaseDecreaseInOtherAccruedLiabilities_59765a4c-78f6-11e1-94fe-25ba39ebf1f4" xlink:type="locator" />
    <calculationArc order="12" weight="1" xlink:arcrole="http://www.xbrl.org/2003/arcrole/summation-item" xlink:from="loc_us-gaap_NetCashProvidedByUsedInOperatingActivitiesContinuingOperations_60e5bec6-78f6-11e1-94fe-25ba39ebf1f4" xlink:to="loc_us-gaap_IncreaseDecreaseInOtherAccruedLiabilities_59765a4c-78f6-11e1-94fe-25ba39ebf1f4" xlink:type="arc" />
    <loc xlink:href="http://xbrl.fasb.org/us-gaap/2012/elts/us-gaap-2012-01-31.xsd#us-gaap_IncreaseDecreaseInAccruedIncomeTaxesPayable" xlink:label="loc_us-gaap_IncreaseDecreaseInAccruedIncomeTaxesPayable_58e15870-78f6-11e1-94fe-25ba39ebf1f4" xlink:type="locator" />
    <calculationArc order="13" weight="1" xlink:arcrole="http://www.xbrl.org/2003/arcrole/summation-item" xlink:from="loc_us-gaap_NetCashProvidedByUsedInOperatingActivitiesContinuingOperations_60e5bec6-78f6-11e1-94fe-25ba39ebf1f4" xlink:to="loc_us-gaap_IncreaseDecreaseInAccruedIncomeTaxesPayable_58e15870-78f6-11e1-94fe-25ba39ebf1f4" xlink:type="arc" />
    <loc xlink:href="adt-20121228.xsd#adt_IncreaseDecreaseInDeferredSubscriberAcquisitionCosts" xlink:label="loc_adt_IncreaseDecreaseInDeferredSubscriberAcquisitionCosts_eafa012c-44b5-11e2-a043-12313d1f36c6" xlink:type="locator" />
    <calculationArc order="14" weight="-1" xlink:arcrole="http://www.xbrl.org/2003/arcrole/summation-item" xlink:from="loc_us-gaap_NetCashProvidedByUsedInOperatingActivitiesContinuingOperations_60e5bec6-78f6-11e1-94fe-25ba39ebf1f4" xlink:to="loc_adt_IncreaseDecreaseInDeferredSubscriberAcquisitionCosts_eafa012c-44b5-11e2-a043-12313d1f36c6" xlink:type="arc" />
    <loc xlink:href="adt-20121228.xsd#adt_IncreaseDecreaseInDeferredSubscriberAcquisitionRevenue" xlink:label="loc_adt_IncreaseDecreaseInDeferredSubscriberAcquisitionRevenue_0451b3cc-44b6-11e2-a043-12313d1f36c6" xlink:type="locator" />
    <calculationArc order="15" weight="1" xlink:arcrole="http://www.xbrl.org/2003/arcrole/summation-item" xlink:from="loc_us-gaap_NetCashProvidedByUsedInOperatingActivitiesContinuingOperations_60e5bec6-78f6-11e1-94fe-25ba39ebf1f4" xlink:to="loc_adt_IncreaseDecreaseInDeferredSubscriberAcquisitionRevenue_0451b3cc-44b6-11e2-a043-12313d1f36c6" xlink:type="arc" />
    <loc xlink:href="http://xbrl.fasb.org/us-gaap/2012/elts/us-gaap-2012-01-31.xsd#us-gaap_IncreaseDecreaseInOtherOperatingCapitalNet" xlink:label="loc_us-gaap_IncreaseDecreaseInOtherOperatingCapitalNet_5938d762-78f6-11e1-94fe-25ba39ebf1f4" xlink:type="locator" />
    <calculationArc order="16" weight="-1" xlink:arcrole="http://www.xbrl.org/2003/arcrole/summation-item" xlink:from="loc_us-gaap_NetCashProvidedByUsedInOperatingActivitiesContinuingOperations_60e5bec6-78f6-11e1-94fe-25ba39ebf1f4" xlink:to="loc_us-gaap_IncreaseDecreaseInOtherOperatingCapitalNet_5938d762-78f6-11e1-94fe-25ba39ebf1f4" xlink:type="arc" />
    <loc xlink:href="http://xbrl.fasb.org/us-gaap/2012/elts/us-gaap-2012-01-31.xsd#us-gaap_NetCashProvidedByUsedInFinancingActivities" xlink:label="loc_us-gaap_NetCashProvidedByUsedInFinancingActivities_60f52a96-78f6-11e1-94fe-25ba39ebf1f4" xlink:type="locator" />
    <calculationArc order="3" weight="1" xlink:arcrole="http://www.xbrl.org/2003/arcrole/summation-item" xlink:from="loc_us-gaap_CashAndCashEquivalentsPeriodIncreaseDecrease_31a4213e-78f6-11e1-94fe-25ba39ebf1f4" xlink:to="loc_us-gaap_NetCashProvidedByUsedInFinancingActivities_60f52a96-78f6-11e1-94fe-25ba39ebf1f4" xlink:type="arc" />
    <loc xlink:href="http://xbrl.fasb.org/us-gaap/2012/elts/us-gaap-2012-01-31.xsd#us-gaap_ProceedsFromStockOptionsExercised" xlink:label="loc_us-gaap_ProceedsFromStockOptionsExercised_67972912-78f6-11e1-94fe-25ba39ebf1f4" xlink:type="locator" />
    <calculationArc order="1" weight="1" xlink:arcrole="http://www.xbrl.org/2003/arcrole/summation-item" xlink:from="loc_us-gaap_NetCashProvidedByUsedInFinancingActivities_60f52a96-78f6-11e1-94fe-25ba39ebf1f4" xlink:to="loc_us-gaap_ProceedsFromStockOptionsExercised_67972912-78f6-11e1-94fe-25ba39ebf1f4" xlink:type="arc" />
    <loc xlink:href="http://xbrl.fasb.org/us-gaap/2012/elts/us-gaap-2012-01-31.xsd#us-gaap_PaymentsForRepurchaseOfCommonStock" xlink:label="loc_us-gaap_PaymentsForRepurchaseOfCommonStock_651668c4-78f6-11e1-94fe-25ba39ebf1f4" xlink:type="locator" />
    <calculationArc order="2" weight="-1" xlink:arcrole="http://www.xbrl.org/2003/arcrole/summation-item" xlink:from="loc_us-gaap_NetCashProvidedByUsedInFinancingActivities_60f52a96-78f6-11e1-94fe-25ba39ebf1f4" xlink:to="loc_us-gaap_PaymentsForRepurchaseOfCommonStock_651668c4-78f6-11e1-94fe-25ba39ebf1f4" xlink:type="arc" />
    <loc xlink:href="http://xbrl.fasb.org/us-gaap/2012/elts/us-gaap-2012-01-31.xsd#us-gaap_PaymentsForRepurchaseOfCommonStockForEmployeeTaxWithholdingObligations" xlink:label="loc_us-gaap_PaymentsForRepurchaseOfCommonStockForEmployeeTaxWithholdingObligations_64d64b18-78f6-11e1-94fe-25ba39ebf1f4" xlink:type="locator" />
    <calculationArc order="3" weight="-1" xlink:arcrole="http://www.xbrl.org/2003/arcrole/summation-item" xlink:from="loc_us-gaap_NetCashProvidedByUsedInFinancingActivities_60f52a96-78f6-11e1-94fe-25ba39ebf1f4" xlink:to="loc_us-gaap_PaymentsForRepurchaseOfCommonStockForEmployeeTaxWithholdingObligations_64d64b18-78f6-11e1-94fe-25ba39ebf1f4" xlink:type="arc" />
    <loc xlink:href="http://xbrl.fasb.org/us-gaap/2012/elts/us-gaap-2012-01-31.xsd#us-gaap_PaymentsOfDividends" xlink:label="loc_us-gaap_PaymentsOfDividends_65170d60-78f6-11e1-94fe-25ba39ebf1f4" xlink:type="locator" />
    <calculationArc order="4" weight="-1" xlink:arcrole="http://www.xbrl.org/2003/arcrole/summation-item" xlink:from="loc_us-gaap_NetCashProvidedByUsedInFinancingActivities_60f52a96-78f6-11e1-94fe-25ba39ebf1f4" xlink:to="loc_us-gaap_PaymentsOfDividends_65170d60-78f6-11e1-94fe-25ba39ebf1f4" xlink:type="arc" />
    <loc xlink:href="adt-20121228.xsd#adt_ProceedsReceivedFromFormerParentForAllocationOfFundsRelatedToSeparation" xlink:label="loc_adt_ProceedsReceivedFromFormerParentForAllocationOfFundsRelatedToSeparation_c2370d2e-5e6a-11e2-a043-12313d1f36c6" xlink:type="locator" />
    <calculationArc order="5" weight="1" xlink:arcrole="http://www.xbrl.org/2003/arcrole/summation-item" xlink:from="loc_us-gaap_NetCashProvidedByUsedInFinancingActivities_60f52a96-78f6-11e1-94fe-25ba39ebf1f4" xlink:to="loc_adt_ProceedsReceivedFromFormerParentForAllocationOfFundsRelatedToSeparation_c2370d2e-5e6a-11e2-a043-12313d1f36c6" xlink:type="arc" />
    <loc xlink:href="http://xbrl.fasb.org/us-gaap/2012/elts/us-gaap-2012-01-31.xsd#us-gaap_RepaymentsOfDebtAndCapitalLeaseObligations" xlink:label="loc_us-gaap_RepaymentsOfDebtAndCapitalLeaseObligations_6ac66d0a-78f6-11e1-94fe-25ba39ebf1f4" xlink:type="locator" />
    <calculationArc order="6" weight="-1" xlink:arcrole="http://www.xbrl.org/2003/arcrole/summation-item" xlink:from="loc_us-gaap_NetCashProvidedByUsedInFinancingActivities_60f52a96-78f6-11e1-94fe-25ba39ebf1f4" xlink:to="loc_us-gaap_RepaymentsOfDebtAndCapitalLeaseObligations_6ac66d0a-78f6-11e1-94fe-25ba39ebf1f4" xlink:type="arc" />
    <loc xlink:href="adt-20121228.xsd#adt_CashFlowImpactOfChangeInAllocatedDebt" xlink:label="loc_adt_CashFlowImpactOfChangeInAllocatedDebt_032d6d64-44b7-11e2-a043-12313d1f36c6" xlink:type="locator" />
    <calculationArc order="7" weight="1" xlink:arcrole="http://www.xbrl.org/2003/arcrole/summation-item" xlink:from="loc_us-gaap_NetCashProvidedByUsedInFinancingActivities_60f52a96-78f6-11e1-94fe-25ba39ebf1f4" xlink:to="loc_adt_CashFlowImpactOfChangeInAllocatedDebt_032d6d64-44b7-11e2-a043-12313d1f36c6" xlink:type="arc" />
    <loc xlink:href="adt-20121228.xsd#adt_CashFlowImpactOfChangeInParentCompanyInvestment" xlink:label="loc_adt_CashFlowImpactOfChangeInParentCompanyInvestment_2aea918a-6a67-11e2-9cb6-12313d1f36c6" xlink:type="locator" />
    <calculationArc order="8" weight="-1" xlink:arcrole="http://www.xbrl.org/2003/arcrole/summation-item" xlink:from="loc_us-gaap_NetCashProvidedByUsedInFinancingActivities_60f52a96-78f6-11e1-94fe-25ba39ebf1f4" xlink:to="loc_adt_CashFlowImpactOfChangeInParentCompanyInvestment_2aea918a-6a67-11e2-9cb6-12313d1f36c6" xlink:type="arc" />
    <loc xlink:href="http://xbrl.fasb.org/us-gaap/2012/elts/us-gaap-2012-01-31.xsd#us-gaap_ProceedsFromPaymentsForOtherFinancingActivities" xlink:label="loc_us-gaap_ProceedsFromPaymentsForOtherFinancingActivities_67091b4a-78f6-11e1-94fe-25ba39ebf1f4" xlink:type="locator" />
    <calculationArc order="9" weight="1" xlink:arcrole="http://www.xbrl.org/2003/arcrole/summation-item" xlink:from="loc_us-gaap_NetCashProvidedByUsedInFinancingActivities_60f52a96-78f6-11e1-94fe-25ba39ebf1f4" xlink:to="loc_us-gaap_ProceedsFromPaymentsForOtherFinancingActivities_67091b4a-78f6-11e1-94fe-25ba39ebf1f4" xlink:type="arc" />
    <loc xlink:href="http://xbrl.fasb.org/us-gaap/2012/elts/us-gaap-2012-01-31.xsd#us-gaap_EffectOfExchangeRateOnCashAndCashEquivalents" xlink:label="loc_us-gaap_EffectOfExchangeRateOnCashAndCashEquivalents_4dd8ac80-78f6-11e1-94fe-25ba39ebf1f4" xlink:type="locator" />
    <calculationArc order="4" weight="1" xlink:arcrole="http://www.xbrl.org/2003/arcrole/summation-item" xlink:from="loc_us-gaap_CashAndCashEquivalentsPeriodIncreaseDecrease_31a4213e-78f6-11e1-94fe-25ba39ebf1f4" xlink:to="loc_us-gaap_EffectOfExchangeRateOnCashAndCashEquivalents_4dd8ac80-78f6-11e1-94fe-25ba39ebf1f4" xlink:type="arc" />
  </calculationLink>
  <calculationLink xlink:role="http://www.adt.com/role/CondensedConsolidatedAndCombinedStatementsOfComprehensiveIncome" xlink:type="extended">
    <loc xlink:href="http://xbrl.fasb.org/us-gaap/2012/elts/us-gaap-2012-01-31.xsd#us-gaap_ComprehensiveIncomeNetOfTax" xlink:label="loc_us-gaap_ComprehensiveIncomeNetOfTax_38f2d2fa-78f6-11e1-94fe-25ba39ebf1f4" xlink:type="locator" />
    <loc xlink:href="http://xbrl.fasb.org/us-gaap/2012/elts/us-gaap-2012-01-31.xsd#us-gaap_OtherComprehensiveIncomeLossNetOfTaxPortionAttributableToParent" xlink:label="loc_us-gaap_OtherComprehensiveIncomeLossNetOfTaxPortionAttributableToParent_643da0a2-78f6-11e1-94fe-25ba39ebf1f4" xlink:type="locator" />
    <calculationArc order="1" weight="1" xlink:arcrole="http://www.xbrl.org/2003/arcrole/summation-item" xlink:from="loc_us-gaap_ComprehensiveIncomeNetOfTax_38f2d2fa-78f6-11e1-94fe-25ba39ebf1f4" xlink:to="loc_us-gaap_OtherComprehensiveIncomeLossNetOfTaxPortionAttributableToParent_643da0a2-78f6-11e1-94fe-25ba39ebf1f4" xlink:type="arc" />
    <loc xlink:href="http://xbrl.fasb.org/us-gaap/2012/elts/us-gaap-2012-01-31.xsd#us-gaap_OtherComprehensiveIncomeLossForeignCurrencyTransactionAndTranslationAdjustmentNetOfTax" xlink:label="loc_us-gaap_OtherComprehensiveIncomeLossForeignCurrencyTransactionAndTranslationAdjustmentNetOfTax_633cc110-78f6-11e1-94fe-25ba39ebf1f4" xlink:type="locator" />
    <calculationArc order="1" weight="1" xlink:arcrole="http://www.xbrl.org/2003/arcrole/summation-item" xlink:from="loc_us-gaap_OtherComprehensiveIncomeLossNetOfTaxPortionAttributableToParent_643da0a2-78f6-11e1-94fe-25ba39ebf1f4" xlink:to="loc_us-gaap_OtherComprehensiveIncomeLossForeignCurrencyTransactionAndTranslationAdjustmentNetOfTax_633cc110-78f6-11e1-94fe-25ba39ebf1f4" xlink:type="arc" />
    <loc xlink:href="http://xbrl.fasb.org/us-gaap/2012/elts/us-gaap-2012-01-31.xsd#us-gaap_NetIncomeLoss" xlink:label="loc_us-gaap_NetIncomeLoss_611bec6c-78f6-11e1-94fe-25ba39ebf1f4" xlink:type="locator" />
    <calculationArc order="2" weight="1" xlink:arcrole="http://www.xbrl.org/2003/arcrole/summation-item" xlink:from="loc_us-gaap_ComprehensiveIncomeNetOfTax_38f2d2fa-78f6-11e1-94fe-25ba39ebf1f4" xlink:to="loc_us-gaap_NetIncomeLoss_611bec6c-78f6-11e1-94fe-25ba39ebf1f4" xlink:type="arc" />
  </calculationLink>
  <calculationLink xlink:role="http://www.adt.com/role/CondensedConsolidatedAndCombinedStatementsOfOperations" xlink:type="extended">
    <loc xlink:href="http://xbrl.fasb.org/us-gaap/2012/elts/us-gaap-2012-01-31.xsd#us-gaap_NetIncomeLoss" xlink:label="loc_us-gaap_NetIncomeLoss_611bec6c-78f6-11e1-94fe-25ba39ebf1f4" xlink:type="locator" />
    <loc xlink:href="http://xbrl.fasb.org/us-gaap/2012/elts/us-gaap-2012-01-31.xsd#us-gaap_IncomeLossFromContinuingOperationsBeforeIncomeTaxesMinorityInterestAndIncomeLossFromEquityMethodInvestments" xlink:label="loc_us-gaap_IncomeLossFromContinuingOperationsBeforeIncomeTaxesMinorityInterestAndIncomeLossFromEquityMethodInvestments_5817da40-78f6-11e1-94fe-25ba39ebf1f4" xlink:type="locator" />
    <calculationArc order="1" weight="1" xlink:arcrole="http://www.xbrl.org/2003/arcrole/summation-item" xlink:from="loc_us-gaap_NetIncomeLoss_611bec6c-78f6-11e1-94fe-25ba39ebf1f4" xlink:to="loc_us-gaap_IncomeLossFromContinuingOperationsBeforeIncomeTaxesMinorityInterestAndIncomeLossFromEquityMethodInvestments_5817da40-78f6-11e1-94fe-25ba39ebf1f4" xlink:type="arc" />
    <loc xlink:href="http://xbrl.fasb.org/us-gaap/2012/elts/us-gaap-2012-01-31.xsd#us-gaap_OperatingIncomeLoss" xlink:label="loc_us-gaap_OperatingIncomeLoss_624609ec-78f6-11e1-94fe-25ba39ebf1f4" xlink:type="locator" />
    <calculationArc order="1" weight="1" xlink:arcrole="http://www.xbrl.org/2003/arcrole/summation-item" xlink:from="loc_us-gaap_IncomeLossFromContinuingOperationsBeforeIncomeTaxesMinorityInterestAndIncomeLossFromEquityMethodInvestments_5817da40-78f6-11e1-94fe-25ba39ebf1f4" xlink:to="loc_us-gaap_OperatingIncomeLoss_624609ec-78f6-11e1-94fe-25ba39ebf1f4" xlink:type="arc" />
    <loc xlink:href="http://xbrl.fasb.org/us-gaap/2012/elts/us-gaap-2012-01-31.xsd#us-gaap_Revenues" xlink:label="loc_us-gaap_Revenues_6bd78760-78f6-11e1-94fe-25ba39ebf1f4" xlink:type="locator" />
    <calculationArc order="1" weight="1" xlink:arcrole="http://www.xbrl.org/2003/arcrole/summation-item" xlink:from="loc_us-gaap_OperatingIncomeLoss_624609ec-78f6-11e1-94fe-25ba39ebf1f4" xlink:to="loc_us-gaap_Revenues_6bd78760-78f6-11e1-94fe-25ba39ebf1f4" xlink:type="arc" />
    <loc xlink:href="http://xbrl.fasb.org/us-gaap/2012/elts/us-gaap-2012-01-31.xsd#us-gaap_CostOfRevenue" xlink:label="loc_us-gaap_CostOfRevenue_40b55378-78f6-11e1-94fe-25ba39ebf1f4" xlink:type="locator" />
    <calculationArc order="2" weight="-1" xlink:arcrole="http://www.xbrl.org/2003/arcrole/summation-item" xlink:from="loc_us-gaap_OperatingIncomeLoss_624609ec-78f6-11e1-94fe-25ba39ebf1f4" xlink:to="loc_us-gaap_CostOfRevenue_40b55378-78f6-11e1-94fe-25ba39ebf1f4" xlink:type="arc" />
    <loc xlink:href="http://xbrl.fasb.org/us-gaap/2012/elts/us-gaap-2012-01-31.xsd#us-gaap_SellingGeneralAndAdministrativeExpense" xlink:label="loc_us-gaap_SellingGeneralAndAdministrativeExpense_6e581cc0-78f6-11e1-94fe-25ba39ebf1f4" xlink:type="locator" />
    <calculationArc order="3" weight="-1" xlink:arcrole="http://www.xbrl.org/2003/arcrole/summation-item" xlink:from="loc_us-gaap_OperatingIncomeLoss_624609ec-78f6-11e1-94fe-25ba39ebf1f4" xlink:to="loc_us-gaap_SellingGeneralAndAdministrativeExpense_6e581cc0-78f6-11e1-94fe-25ba39ebf1f4" xlink:type="arc" />
    <loc xlink:href="adt-20121228.xsd#adt_SeparationCosts" xlink:label="loc_adt_SeparationCosts_8f1d8e44-44b2-11e2-a043-12313d1f36c6" xlink:type="locator" />
    <calculationArc order="4" weight="-1" xlink:arcrole="http://www.xbrl.org/2003/arcrole/summation-item" xlink:from="loc_us-gaap_OperatingIncomeLoss_624609ec-78f6-11e1-94fe-25ba39ebf1f4" xlink:to="loc_adt_SeparationCosts_8f1d8e44-44b2-11e2-a043-12313d1f36c6" xlink:type="arc" />
    <loc xlink:href="http://xbrl.fasb.org/us-gaap/2012/elts/us-gaap-2012-01-31.xsd#us-gaap_InterestExpense" xlink:label="loc_us-gaap_InterestExpense_5a4444fc-78f6-11e1-94fe-25ba39ebf1f4" xlink:type="locator" />
    <calculationArc order="2" weight="-1" xlink:arcrole="http://www.xbrl.org/2003/arcrole/summation-item" xlink:from="loc_us-gaap_IncomeLossFromContinuingOperationsBeforeIncomeTaxesMinorityInterestAndIncomeLossFromEquityMethodInvestments_5817da40-78f6-11e1-94fe-25ba39ebf1f4" xlink:to="loc_us-gaap_InterestExpense_5a4444fc-78f6-11e1-94fe-25ba39ebf1f4" xlink:type="arc" />
    <loc xlink:href="http://xbrl.fasb.org/us-gaap/2012/elts/us-gaap-2012-01-31.xsd#us-gaap_OtherIncome" xlink:label="loc_us-gaap_OtherIncome_63b0b318-78f6-11e1-94fe-25ba39ebf1f4" xlink:type="locator" />
    <calculationArc order="3" weight="1" xlink:arcrole="http://www.xbrl.org/2003/arcrole/summation-item" xlink:from="loc_us-gaap_IncomeLossFromContinuingOperationsBeforeIncomeTaxesMinorityInterestAndIncomeLossFromEquityMethodInvestments_5817da40-78f6-11e1-94fe-25ba39ebf1f4" xlink:to="loc_us-gaap_OtherIncome_63b0b318-78f6-11e1-94fe-25ba39ebf1f4" xlink:type="arc" />
    <loc xlink:href="http://xbrl.fasb.org/us-gaap/2012/elts/us-gaap-2012-01-31.xsd#us-gaap_IncomeTaxExpenseBenefit" xlink:label="loc_us-gaap_IncomeTaxExpenseBenefit_584ce050-78f6-11e1-94fe-25ba39ebf1f4" xlink:type="locator" />
    <calculationArc order="2" weight="-1" xlink:arcrole="http://www.xbrl.org/2003/arcrole/summation-item" xlink:from="loc_us-gaap_NetIncomeLoss_611bec6c-78f6-11e1-94fe-25ba39ebf1f4" xlink:to="loc_us-gaap_IncomeTaxExpenseBenefit_584ce050-78f6-11e1-94fe-25ba39ebf1f4" xlink:type="arc" />
  </calculationLink>
  <calculationLink xlink:role="http://www.adt.com/role/CondensedConsolidatedAndCombinedStatementsOfStockholdersEquity" xlink:type="extended" />
  <calculationLink xlink:role="http://www.adt.com/role/CondensedConsolidatedAndCombinedStatementsOfStockholdersEquityParenthetical" xlink:type="extended" />
  <calculationLink xlink:role="http://www.adt.com/role/DocumentAndEntityInformationDocument" xlink:type="extended" />
  <calculationLink xlink:role="http://www.adt.com/role/EarningsPerShare" xlink:type="extended" />
  <calculationLink xlink:role="http://www.adt.com/role/EarningsPerShareDetails" xlink:type="extended">
    <loc xlink:href="http://xbrl.fasb.org/us-gaap/2012/elts/us-gaap-2012-01-31.xsd#us-gaap_WeightedAverageNumberOfDilutedSharesOutstanding" xlink:label="loc_us-gaap_WeightedAverageNumberOfDilutedSharesOutstanding_741fe8a4-78f6-11e1-94fe-25ba39ebf1f4" xlink:type="locator" />
    <loc xlink:href="http://xbrl.fasb.org/us-gaap/2012/elts/us-gaap-2012-01-31.xsd#us-gaap_WeightedAverageNumberOfSharesOutstandingBasic" xlink:label="loc_us-gaap_WeightedAverageNumberOfSharesOutstandingBasic_7416e4b6-78f6-11e1-94fe-25ba39ebf1f4" xlink:type="locator" />
    <calculationArc order="1" weight="1" xlink:arcrole="http://www.xbrl.org/2003/arcrole/summation-item" xlink:from="loc_us-gaap_WeightedAverageNumberOfDilutedSharesOutstanding_741fe8a4-78f6-11e1-94fe-25ba39ebf1f4" xlink:to="loc_us-gaap_WeightedAverageNumberOfSharesOutstandingBasic_7416e4b6-78f6-11e1-94fe-25ba39ebf1f4" xlink:type="arc" />
    <loc xlink:href="http://xbrl.fasb.org/us-gaap/2012/elts/us-gaap-2012-01-31.xsd#us-gaap_WeightedAverageNumberOfSharesIssuedBasic" xlink:label="loc_us-gaap_WeightedAverageNumberOfSharesIssuedBasic_7416bae0-78f6-11e1-94fe-25ba39ebf1f4" xlink:type="locator" />
    <calculationArc order="1" weight="1" xlink:arcrole="http://www.xbrl.org/2003/arcrole/summation-item" xlink:from="loc_us-gaap_WeightedAverageNumberOfSharesOutstandingBasic_7416e4b6-78f6-11e1-94fe-25ba39ebf1f4" xlink:to="loc_us-gaap_WeightedAverageNumberOfSharesIssuedBasic_7416bae0-78f6-11e1-94fe-25ba39ebf1f4" xlink:type="arc" />
    <loc xlink:href="http://xbrl.fasb.org/us-gaap/2012/elts/us-gaap-2012-01-31.xsd#us-gaap_WeightedAverageNumberOfSharesContingentlyIssuable" xlink:label="loc_us-gaap_WeightedAverageNumberOfSharesContingentlyIssuable_7414b150-78f6-11e1-94fe-25ba39ebf1f4" xlink:type="locator" />
    <calculationArc order="2" weight="1" xlink:arcrole="http://www.xbrl.org/2003/arcrole/summation-item" xlink:from="loc_us-gaap_WeightedAverageNumberOfSharesOutstandingBasic_7416e4b6-78f6-11e1-94fe-25ba39ebf1f4" xlink:to="loc_us-gaap_WeightedAverageNumberOfSharesContingentlyIssuable_7414b150-78f6-11e1-94fe-25ba39ebf1f4" xlink:type="arc" />
    <loc xlink:href="http://xbrl.fasb.org/us-gaap/2012/elts/us-gaap-2012-01-31.xsd#us-gaap_WeightedAverageNumberDilutedSharesOutstandingAdjustment" xlink:label="loc_us-gaap_WeightedAverageNumberDilutedSharesOutstandingAdjustment_7442f1b4-78f6-11e1-94fe-25ba39ebf1f4" xlink:type="locator" />
    <calculationArc order="2" weight="1" xlink:arcrole="http://www.xbrl.org/2003/arcrole/summation-item" xlink:from="loc_us-gaap_WeightedAverageNumberOfDilutedSharesOutstanding_741fe8a4-78f6-11e1-94fe-25ba39ebf1f4" xlink:to="loc_us-gaap_WeightedAverageNumberDilutedSharesOutstandingAdjustment_7442f1b4-78f6-11e1-94fe-25ba39ebf1f4" xlink:type="arc" />
  </calculationLink>
  <calculationLink xlink:role="http://www.adt.com/role/EarningsPerShareTables" xlink:type="extended" />
  <calculationLink xlink:role="http://www.adt.com/role/Equity" xlink:type="extended" />
  <calculationLink xlink:role="http://www.adt.com/role/EquityNarrativeDetails" xlink:type="extended" />
  <calculationLink xlink:role="http://www.adt.com/role/GoodwillAndOtherIntangibleAssets" xlink:type="extended" />
  <calculationLink xlink:role="http://www.adt.com/role/GoodwillAndOtherIntangibleAssetsCarryingAmountOfGoodwillDetails" xlink:type="extended" />
  <calculationLink xlink:role="http://www.adt.com/role/GoodwillAndOtherIntangibleAssetsChangesInNetCarryingAmountOfContractsAndRelatedCustomerRelationshipsDetails" xlink:type="extended" />
  <calculationLink xlink:role="http://www.adt.com/role/GoodwillAndOtherIntangibleAssetsGrossCarryingAmountsAndAccumulatedAmortizationOfCompanysOtherIntangibleAssetsDetails" xlink:type="extended" />
  <calculationLink xlink:role="http://www.adt.com/role/GoodwillAndOtherIntangibleAssetsNarrativeDetails" xlink:type="extended" />
  <calculationLink xlink:role="http://www.adt.com/role/GoodwillAndOtherIntangibleAssetsTables" xlink:type="extended" />
  <calculationLink xlink:role="http://www.adt.com/role/IncomeTaxes" xlink:type="extended" />
  <calculationLink xlink:role="http://www.adt.com/role/IncomeTaxesNarrativeDetails" xlink:type="extended" />
  <calculationLink xlink:role="http://www.adt.com/role/RestructuringAndAssetImpairmentChargesNet" xlink:type="extended" />
  <calculationLink xlink:role="http://www.adt.com/role/RestructuringAndAssetImpairmentChargesNetDetails" xlink:type="extended" />
  <calculationLink xlink:role="http://www.adt.com/role/RestructuringAndAssetImpairmentChargesNetTables" xlink:type="extended" />
  <calculationLink xlink:role="http://www.adt.com/role/RetirementPlans" xlink:type="extended" />
  <calculationLink xlink:role="http://www.adt.com/role/RetirementPlansNarrativeDetails" xlink:type="extended" />
  <calculationLink xlink:role="http://www.adt.com/role/SharePlans" xlink:type="extended" />
  <calculationLink xlink:role="http://www.adt.com/role/SharePlansNarrativeDetails" xlink:type="extended" />
  <calculationLink xlink:role="http://www.adt.com/role/SubsequentEvents" xlink:type="extended" />
  <calculationLink xlink:role="http://www.adt.com/role/SubsequentEventsNarrativeDetails" xlink:type="extended" />
</linkbase>
