<?xml version="1.0" encoding="us-ascii"?>
<!--XBRL document created by RR Donnelley Tagger version 10.0.0.231; Copyright (C) RR Donnelley-->
<!--Based on XBRL 2.1-->
<!--Created on: 1/31/2013 9:20:42 AM-->
<xbrl xmlns="http://www.xbrl.org/2003/instance" xmlns:link="http://www.xbrl.org/2003/linkbase" xmlns:xlink="http://www.w3.org/1999/xlink" xmlns:xbrldi="http://xbrl.org/2006/xbrldi" xmlns:dei="http://xbrl.sec.gov/dei/2012-01-31" xmlns:xbrli="http://www.xbrl.org/2003/instance" xmlns:iso4217="http://www.xbrl.org/2003/iso4217" xmlns:mnbt="http://bankmnb.com/20111231" xmlns:us-gaap="http://fasb.org/us-gaap/2012-01-31" xmlns:xsi="http://www.w3.org/2001/XMLSchema-instance">
  <link:schemaRef xlink:type="simple" xlink:href="mnbt-20111231.xsd" />
  <!--Context Section-->
  <context id="BalanceAsOf_31Dec2011_Retained_Earnings_Member">
    <entity>
      <identifier scheme="http://www.sec.gov/CIK">0001177070</identifier>
      <segment>
        <xbrldi:explicitMember dimension="us-gaap:StatementEquityComponentsAxis">us-gaap:RetainedEarningsMember</xbrldi:explicitMember>
      </segment>
    </entity>
    <period>
      <instant>2011-12-31</instant>
    </period>
  </context>
  <context id="BalanceAsOf_31Dec2011_Comprehensive_Income_Member">
    <entity>
      <identifier scheme="http://www.sec.gov/CIK">0001177070</identifier>
      <segment>
        <xbrldi:explicitMember dimension="us-gaap:StatementEquityComponentsAxis">us-gaap:ComprehensiveIncomeMember</xbrldi:explicitMember>
      </segment>
    </entity>
    <period>
      <instant>2011-12-31</instant>
    </period>
  </context>
  <context id="BalanceAsOf_31Dec2011_Common_Stock_Member">
    <entity>
      <identifier scheme="http://www.sec.gov/CIK">0001177070</identifier>
      <segment>
        <xbrldi:explicitMember dimension="us-gaap:StatementEquityComponentsAxis">us-gaap:CommonStockMember</xbrldi:explicitMember>
      </segment>
    </entity>
    <period>
      <instant>2011-12-31</instant>
    </period>
  </context>
  <context id="BalanceAsOf_31Dec2011_Additional_Paid_In_Capital_Member">
    <entity>
      <identifier scheme="http://www.sec.gov/CIK">0001177070</identifier>
      <segment>
        <xbrldi:explicitMember dimension="us-gaap:StatementEquityComponentsAxis">us-gaap:AdditionalPaidInCapitalMember</xbrldi:explicitMember>
      </segment>
    </entity>
    <period>
      <instant>2011-12-31</instant>
    </period>
  </context>
  <context id="BalanceAsOf_31Dec2011_Accumulated_Other_Comprehensive_Income_Member">
    <entity>
      <identifier scheme="http://www.sec.gov/CIK">0001177070</identifier>
      <segment>
        <xbrldi:explicitMember dimension="us-gaap:StatementEquityComponentsAxis">us-gaap:AccumulatedOtherComprehensiveIncomeMember</xbrldi:explicitMember>
      </segment>
    </entity>
    <period>
      <instant>2011-12-31</instant>
    </period>
  </context>
  <context id="BalanceAsOf_31Dec2010_Retained_Earnings_Member">
    <entity>
      <identifier scheme="http://www.sec.gov/CIK">0001177070</identifier>
      <segment>
        <xbrldi:explicitMember dimension="us-gaap:StatementEquityComponentsAxis">us-gaap:RetainedEarningsMember</xbrldi:explicitMember>
      </segment>
    </entity>
    <period>
      <instant>2010-12-31</instant>
    </period>
  </context>
  <context id="BalanceAsOf_31Dec2010_Common_Stock_Member">
    <entity>
      <identifier scheme="http://www.sec.gov/CIK">0001177070</identifier>
      <segment>
        <xbrldi:explicitMember dimension="us-gaap:StatementEquityComponentsAxis">us-gaap:CommonStockMember</xbrldi:explicitMember>
      </segment>
    </entity>
    <period>
      <instant>2010-12-31</instant>
    </period>
  </context>
  <context id="BalanceAsOf_31Dec2010_Additional_Paid_In_Capital_Member">
    <entity>
      <identifier scheme="http://www.sec.gov/CIK">0001177070</identifier>
      <segment>
        <xbrldi:explicitMember dimension="us-gaap:StatementEquityComponentsAxis">us-gaap:AdditionalPaidInCapitalMember</xbrldi:explicitMember>
      </segment>
    </entity>
    <period>
      <instant>2010-12-31</instant>
    </period>
  </context>
  <context id="BalanceAsOf_31Dec2010_Accumulated_Other_Comprehensive_Income_Member">
    <entity>
      <identifier scheme="http://www.sec.gov/CIK">0001177070</identifier>
      <segment>
        <xbrldi:explicitMember dimension="us-gaap:StatementEquityComponentsAxis">us-gaap:AccumulatedOtherComprehensiveIncomeMember</xbrldi:explicitMember>
      </segment>
    </entity>
    <period>
      <instant>2010-12-31</instant>
    </period>
  </context>
  <context id="BalanceAsOf_31Dec2009_Retained_Earnings_Member">
    <entity>
      <identifier scheme="http://www.sec.gov/CIK">0001177070</identifier>
      <segment>
        <xbrldi:explicitMember dimension="us-gaap:StatementEquityComponentsAxis">us-gaap:RetainedEarningsMember</xbrldi:explicitMember>
      </segment>
    </entity>
    <period>
      <instant>2009-12-31</instant>
    </period>
  </context>
  <context id="BalanceAsOf_31Dec2009_Comprehensive_Income_Member">
    <entity>
      <identifier scheme="http://www.sec.gov/CIK">0001177070</identifier>
      <segment>
        <xbrldi:explicitMember dimension="us-gaap:StatementEquityComponentsAxis">us-gaap:ComprehensiveIncomeMember</xbrldi:explicitMember>
      </segment>
    </entity>
    <period>
      <instant>2009-12-31</instant>
    </period>
  </context>
  <context id="BalanceAsOf_31Dec2009_Common_Stock_Member">
    <entity>
      <identifier scheme="http://www.sec.gov/CIK">0001177070</identifier>
      <segment>
        <xbrldi:explicitMember dimension="us-gaap:StatementEquityComponentsAxis">us-gaap:CommonStockMember</xbrldi:explicitMember>
      </segment>
    </entity>
    <period>
      <instant>2009-12-31</instant>
    </period>
  </context>
  <context id="BalanceAsOf_31Dec2009_Additional_Paid_In_Capital_Member">
    <entity>
      <identifier scheme="http://www.sec.gov/CIK">0001177070</identifier>
      <segment>
        <xbrldi:explicitMember dimension="us-gaap:StatementEquityComponentsAxis">us-gaap:AdditionalPaidInCapitalMember</xbrldi:explicitMember>
      </segment>
    </entity>
    <period>
      <instant>2009-12-31</instant>
    </period>
  </context>
  <context id="BalanceAsOf_31Dec2009_Accumulated_Other_Comprehensive_Income_Member">
    <entity>
      <identifier scheme="http://www.sec.gov/CIK">0001177070</identifier>
      <segment>
        <xbrldi:explicitMember dimension="us-gaap:StatementEquityComponentsAxis">us-gaap:AccumulatedOtherComprehensiveIncomeMember</xbrldi:explicitMember>
      </segment>
    </entity>
    <period>
      <instant>2009-12-31</instant>
    </period>
  </context>
  <context id="TwelveMonthsEnded_31Dec2011_Accumulated_Other_Comprehensive_Income_Member">
    <entity>
      <identifier scheme="http://www.sec.gov/CIK">0001177070</identifier>
      <segment>
        <xbrldi:explicitMember dimension="us-gaap:StatementEquityComponentsAxis">us-gaap:AccumulatedOtherComprehensiveIncomeMember</xbrldi:explicitMember>
      </segment>
    </entity>
    <period>
      <startDate>2011-01-01</startDate>
      <endDate>2011-12-31</endDate>
    </period>
  </context>
  <context id="TwelveMonthsEnded_31Dec2010_Accumulated_Other_Comprehensive_Income_Member">
    <entity>
      <identifier scheme="http://www.sec.gov/CIK">0001177070</identifier>
      <segment>
        <xbrldi:explicitMember dimension="us-gaap:StatementEquityComponentsAxis">us-gaap:AccumulatedOtherComprehensiveIncomeMember</xbrldi:explicitMember>
      </segment>
    </entity>
    <period>
      <startDate>2010-01-01</startDate>
      <endDate>2010-12-31</endDate>
    </period>
  </context>
  <context id="TwelveMonthsEnded_31Dec2011_Retained_Earnings_Member">
    <entity>
      <identifier scheme="http://www.sec.gov/CIK">0001177070</identifier>
      <segment>
        <xbrldi:explicitMember dimension="us-gaap:StatementEquityComponentsAxis">us-gaap:RetainedEarningsMember</xbrldi:explicitMember>
      </segment>
    </entity>
    <period>
      <startDate>2011-01-01</startDate>
      <endDate>2011-12-31</endDate>
    </period>
  </context>
  <context id="TwelveMonthsEnded_31Dec2010_Retained_Earnings_Member">
    <entity>
      <identifier scheme="http://www.sec.gov/CIK">0001177070</identifier>
      <segment>
        <xbrldi:explicitMember dimension="us-gaap:StatementEquityComponentsAxis">us-gaap:RetainedEarningsMember</xbrldi:explicitMember>
      </segment>
    </entity>
    <period>
      <startDate>2010-01-01</startDate>
      <endDate>2010-12-31</endDate>
    </period>
  </context>
  <context id="TwelveMonthsEnded_31Dec2011_Comprehensive_Income_Member">
    <entity>
      <identifier scheme="http://www.sec.gov/CIK">0001177070</identifier>
      <segment>
        <xbrldi:explicitMember dimension="us-gaap:StatementEquityComponentsAxis">us-gaap:ComprehensiveIncomeMember</xbrldi:explicitMember>
      </segment>
    </entity>
    <period>
      <startDate>2011-01-01</startDate>
      <endDate>2011-12-31</endDate>
    </period>
  </context>
  <context id="TwelveMonthsEnded_31Dec2010_Comprehensive_Income_Member">
    <entity>
      <identifier scheme="http://www.sec.gov/CIK">0001177070</identifier>
      <segment>
        <xbrldi:explicitMember dimension="us-gaap:StatementEquityComponentsAxis">us-gaap:ComprehensiveIncomeMember</xbrldi:explicitMember>
      </segment>
    </entity>
    <period>
      <startDate>2010-01-01</startDate>
      <endDate>2010-12-31</endDate>
    </period>
  </context>
  <context id="BalanceAsOf_31Dec2009">
    <entity>
      <identifier scheme="http://www.sec.gov/CIK">0001177070</identifier>
    </entity>
    <period>
      <instant>2009-12-31</instant>
    </period>
  </context>
  <context id="TwelveMonthsEnded_31Dec2011_Additional_Paid_In_Capital_Member">
    <entity>
      <identifier scheme="http://www.sec.gov/CIK">0001177070</identifier>
      <segment>
        <xbrldi:explicitMember dimension="us-gaap:StatementEquityComponentsAxis">us-gaap:AdditionalPaidInCapitalMember</xbrldi:explicitMember>
      </segment>
    </entity>
    <period>
      <startDate>2011-01-01</startDate>
      <endDate>2011-12-31</endDate>
    </period>
  </context>
  <context id="TwelveMonthsEnded_31Dec2010_Additional_Paid_In_Capital_Member">
    <entity>
      <identifier scheme="http://www.sec.gov/CIK">0001177070</identifier>
      <segment>
        <xbrldi:explicitMember dimension="us-gaap:StatementEquityComponentsAxis">us-gaap:AdditionalPaidInCapitalMember</xbrldi:explicitMember>
      </segment>
    </entity>
    <period>
      <startDate>2010-01-01</startDate>
      <endDate>2010-12-31</endDate>
    </period>
  </context>
  <context id="BalanceAsOf_31Dec2011">
    <entity>
      <identifier scheme="http://www.sec.gov/CIK">0001177070</identifier>
    </entity>
    <period>
      <instant>2011-12-31</instant>
    </period>
  </context>
  <context id="BalanceAsOf_31Dec2010">
    <entity>
      <identifier scheme="http://www.sec.gov/CIK">0001177070</identifier>
    </entity>
    <period>
      <instant>2010-12-31</instant>
    </period>
  </context>
  <context id="TwelveMonthsEnded_31Dec2010">
    <entity>
      <identifier scheme="http://www.sec.gov/CIK">0001177070</identifier>
    </entity>
    <period>
      <startDate>2010-01-01</startDate>
      <endDate>2010-12-31</endDate>
    </period>
  </context>
  <context id="BalanceAsOf_30Jun2011">
    <entity>
      <identifier scheme="http://www.sec.gov/CIK">0001177070</identifier>
    </entity>
    <period>
      <instant>2011-06-30</instant>
    </period>
  </context>
  <context id="BalanceAsOf_31Dec2012">
    <entity>
      <identifier scheme="http://www.sec.gov/CIK">0001177070</identifier>
    </entity>
    <period>
      <instant>2012-12-31</instant>
    </period>
  </context>
  <context id="TwelveMonthsEnded_31Dec2011">
    <entity>
      <identifier scheme="http://www.sec.gov/CIK">0001177070</identifier>
    </entity>
    <period>
      <startDate>2011-01-01</startDate>
      <endDate>2011-12-31</endDate>
    </period>
  </context>
  <!--Unit Section-->
  <unit id="USDEPS">
    <divide>
      <unitNumerator>
        <measure>iso4217:USD</measure>
      </unitNumerator>
      <unitDenominator>
        <measure>xbrli:shares</measure>
      </unitDenominator>
    </divide>
  </unit>
  <unit id="USD">
    <measure>iso4217:USD</measure>
  </unit>
  <unit id="Shares">
    <measure>xbrli:shares</measure>
  </unit>
  <!--Tuple Section-->
  <!--Element Section-->
  <dei:AmendmentFlag contextRef="TwelveMonthsEnded_31Dec2011">false</dei:AmendmentFlag>
  <dei:CurrentFiscalYearEndDate contextRef="TwelveMonthsEnded_31Dec2011">--12-31</dei:CurrentFiscalYearEndDate>
  <dei:DocumentFiscalPeriodFocus contextRef="TwelveMonthsEnded_31Dec2011">FY</dei:DocumentFiscalPeriodFocus>
  <dei:DocumentFiscalYearFocus contextRef="TwelveMonthsEnded_31Dec2011">2011</dei:DocumentFiscalYearFocus>
  <dei:DocumentPeriodEndDate contextRef="TwelveMonthsEnded_31Dec2011">2011-12-31</dei:DocumentPeriodEndDate>
  <dei:DocumentType contextRef="TwelveMonthsEnded_31Dec2011">10-K</dei:DocumentType>
  <dei:EntityCentralIndexKey contextRef="TwelveMonthsEnded_31Dec2011">0001177070</dei:EntityCentralIndexKey>
  <dei:EntityCommonStockSharesOutstanding contextRef="BalanceAsOf_31Dec2012" unitRef="Shares" decimals="INF">2631611</dei:EntityCommonStockSharesOutstanding>
  <dei:EntityCurrentReportingStatus contextRef="TwelveMonthsEnded_31Dec2011">No</dei:EntityCurrentReportingStatus>
  <dei:EntityFilerCategory contextRef="TwelveMonthsEnded_31Dec2011">Smaller Reporting Company</dei:EntityFilerCategory>
  <dei:EntityPublicFloat contextRef="BalanceAsOf_30Jun2011" unitRef="USD" decimals="0">15131763</dei:EntityPublicFloat>
  <dei:EntityRegistrantName contextRef="TwelveMonthsEnded_31Dec2011">MOUNTAIN NATIONAL BANCSHARES INC</dei:EntityRegistrantName>
  <dei:EntityVoluntaryFilers contextRef="TwelveMonthsEnded_31Dec2011">No</dei:EntityVoluntaryFilers>
  <dei:EntityWellKnownSeasonedIssuer contextRef="TwelveMonthsEnded_31Dec2011">No</dei:EntityWellKnownSeasonedIssuer>
  <mnbt:DeferredIncomeTaxesNetOfChangeInValuationAllowance contextRef="TwelveMonthsEnded_31Dec2010" unitRef="USD" decimals="0">-3737827</mnbt:DeferredIncomeTaxesNetOfChangeInValuationAllowance>
  <mnbt:GainLossOnOtherRealEstateNet contextRef="TwelveMonthsEnded_31Dec2010" unitRef="USD" decimals="0">-14998</mnbt:GainLossOnOtherRealEstateNet>
  <mnbt:GainLossOnOtherRealEstateNet contextRef="TwelveMonthsEnded_31Dec2011" unitRef="USD" decimals="0">58223</mnbt:GainLossOnOtherRealEstateNet>
  <mnbt:IncreaseDecreaseToValuationReserve contextRef="TwelveMonthsEnded_31Dec2010" unitRef="USD" decimals="0">49589</mnbt:IncreaseDecreaseToValuationReserve>
  <mnbt:IncreaseDecreaseToValuationReserve contextRef="TwelveMonthsEnded_31Dec2011" unitRef="USD" decimals="0">-5155672</mnbt:IncreaseDecreaseToValuationReserve>
  <mnbt:InterestIncomeFederalFundsSoldAndDepositsInOtherBanks contextRef="TwelveMonthsEnded_31Dec2010" unitRef="USD" decimals="0">76371</mnbt:InterestIncomeFederalFundsSoldAndDepositsInOtherBanks>
  <mnbt:InterestIncomeFederalFundsSoldAndDepositsInOtherBanks contextRef="TwelveMonthsEnded_31Dec2011" unitRef="USD" decimals="0">48320</mnbt:InterestIncomeFederalFundsSoldAndDepositsInOtherBanks>
  <mnbt:LoansAdvancedForSalesOfOtherRealEstate contextRef="TwelveMonthsEnded_31Dec2010" unitRef="USD" decimals="0">2293838</mnbt:LoansAdvancedForSalesOfOtherRealEstate>
  <mnbt:LoansAdvancedForSalesOfOtherRealEstate contextRef="TwelveMonthsEnded_31Dec2011" unitRef="USD" decimals="0">1153128</mnbt:LoansAdvancedForSalesOfOtherRealEstate>
  <mnbt:NetAmortizationOnAvailableForSaleSecurities contextRef="TwelveMonthsEnded_31Dec2010" unitRef="USD" decimals="0">818917</mnbt:NetAmortizationOnAvailableForSaleSecurities>
  <mnbt:NetAmortizationOnAvailableForSaleSecurities contextRef="TwelveMonthsEnded_31Dec2011" unitRef="USD" decimals="0">1244937</mnbt:NetAmortizationOnAvailableForSaleSecurities>
  <mnbt:TransfersFromHeldToMaturityToAvailableForSaleSecurities contextRef="TwelveMonthsEnded_31Dec2010" unitRef="USD" decimals="0">439097</mnbt:TransfersFromHeldToMaturityToAvailableForSaleSecurities>
  <mnbt:TransfersFromLoansToOtherRealEstateOwned contextRef="TwelveMonthsEnded_31Dec2010" unitRef="USD" decimals="0">3245233</mnbt:TransfersFromLoansToOtherRealEstateOwned>
  <mnbt:TransfersFromLoansToOtherRealEstateOwned contextRef="TwelveMonthsEnded_31Dec2011" unitRef="USD" decimals="0">10152185</mnbt:TransfersFromLoansToOtherRealEstateOwned>
  <us-gaap:AccretionAmortizationOfDiscountsAndPremiumsInvestments contextRef="TwelveMonthsEnded_31Dec2010" unitRef="USD" decimals="0">61220</us-gaap:AccretionAmortizationOfDiscountsAndPremiumsInvestments>
  <us-gaap:AccretionAmortizationOfDiscountsAndPremiumsInvestments contextRef="TwelveMonthsEnded_31Dec2011" unitRef="USD" decimals="0">62467</us-gaap:AccretionAmortizationOfDiscountsAndPremiumsInvestments>
  <us-gaap:AccumulatedOtherComprehensiveIncomeLossNetOfTax contextRef="BalanceAsOf_31Dec2010" unitRef="USD" decimals="0">-1064678</us-gaap:AccumulatedOtherComprehensiveIncomeLossNetOfTax>
  <us-gaap:AccumulatedOtherComprehensiveIncomeLossNetOfTax contextRef="BalanceAsOf_31Dec2011" unitRef="USD" decimals="0">80253</us-gaap:AccumulatedOtherComprehensiveIncomeLossNetOfTax>
  <us-gaap:AdditionalPaidInCapitalCommonStock contextRef="BalanceAsOf_31Dec2010" unitRef="USD" decimals="0">42229713</us-gaap:AdditionalPaidInCapitalCommonStock>
  <us-gaap:AdditionalPaidInCapitalCommonStock contextRef="BalanceAsOf_31Dec2011" unitRef="USD" decimals="0">42332313</us-gaap:AdditionalPaidInCapitalCommonStock>
  <us-gaap:AdjustmentsToAdditionalPaidInCapitalSharebasedCompensationRequisiteServicePeriodRecognitionValue contextRef="TwelveMonthsEnded_31Dec2010" unitRef="USD" decimals="0">103885</us-gaap:AdjustmentsToAdditionalPaidInCapitalSharebasedCompensationRequisiteServicePeriodRecognitionValue>
  <us-gaap:AdjustmentsToAdditionalPaidInCapitalSharebasedCompensationRequisiteServicePeriodRecognitionValue contextRef="TwelveMonthsEnded_31Dec2010_Additional_Paid_In_Capital_Member" unitRef="USD" decimals="0">103885</us-gaap:AdjustmentsToAdditionalPaidInCapitalSharebasedCompensationRequisiteServicePeriodRecognitionValue>
  <us-gaap:AdjustmentsToAdditionalPaidInCapitalSharebasedCompensationRequisiteServicePeriodRecognitionValue contextRef="TwelveMonthsEnded_31Dec2011" unitRef="USD" decimals="0">102600</us-gaap:AdjustmentsToAdditionalPaidInCapitalSharebasedCompensationRequisiteServicePeriodRecognitionValue>
  <us-gaap:AdjustmentsToAdditionalPaidInCapitalSharebasedCompensationRequisiteServicePeriodRecognitionValue contextRef="TwelveMonthsEnded_31Dec2011_Additional_Paid_In_Capital_Member" unitRef="USD" decimals="0">102600</us-gaap:AdjustmentsToAdditionalPaidInCapitalSharebasedCompensationRequisiteServicePeriodRecognitionValue>
  <us-gaap:Assets contextRef="BalanceAsOf_31Dec2010" unitRef="USD" decimals="0">557206511</us-gaap:Assets>
  <us-gaap:Assets contextRef="BalanceAsOf_31Dec2011" unitRef="USD" decimals="0">502646368</us-gaap:Assets>
  <us-gaap:AvailableForSaleSecurities contextRef="BalanceAsOf_31Dec2010" unitRef="USD" decimals="0">86316591</us-gaap:AvailableForSaleSecurities>
  <us-gaap:AvailableForSaleSecurities contextRef="BalanceAsOf_31Dec2011" unitRef="USD" decimals="0">95030090</us-gaap:AvailableForSaleSecurities>
  <us-gaap:AvailableForSaleSecuritiesGrossRealizedGainLossNet contextRef="TwelveMonthsEnded_31Dec2010" unitRef="USD" decimals="0">1499481</us-gaap:AvailableForSaleSecuritiesGrossRealizedGainLossNet>
  <us-gaap:AvailableForSaleSecuritiesGrossRealizedGainLossNet contextRef="TwelveMonthsEnded_31Dec2011" unitRef="USD" decimals="0">198325</us-gaap:AvailableForSaleSecuritiesGrossRealizedGainLossNet>
  <us-gaap:BankOwnedLifeInsurance contextRef="BalanceAsOf_31Dec2010" unitRef="USD" decimals="0">11774605</us-gaap:BankOwnedLifeInsurance>
  <us-gaap:BankOwnedLifeInsurance contextRef="BalanceAsOf_31Dec2011" unitRef="USD" decimals="0">12174133</us-gaap:BankOwnedLifeInsurance>
  <us-gaap:CashAndCashEquivalentsAtCarryingValue contextRef="BalanceAsOf_31Dec2009" unitRef="USD" decimals="0">14104636</us-gaap:CashAndCashEquivalentsAtCarryingValue>
  <us-gaap:CashAndCashEquivalentsAtCarryingValue contextRef="BalanceAsOf_31Dec2010" unitRef="USD" decimals="0">32575820</us-gaap:CashAndCashEquivalentsAtCarryingValue>
  <us-gaap:CashAndCashEquivalentsAtCarryingValue contextRef="BalanceAsOf_31Dec2011" unitRef="USD" decimals="0">42768278</us-gaap:CashAndCashEquivalentsAtCarryingValue>
  <us-gaap:CashAndCashEquivalentsPeriodIncreaseDecrease contextRef="TwelveMonthsEnded_31Dec2010" unitRef="USD" decimals="0">18471184</us-gaap:CashAndCashEquivalentsPeriodIncreaseDecrease>
  <us-gaap:CashAndCashEquivalentsPeriodIncreaseDecrease contextRef="TwelveMonthsEnded_31Dec2011" unitRef="USD" decimals="0">10192458</us-gaap:CashAndCashEquivalentsPeriodIncreaseDecrease>
  <us-gaap:CashAndDueFromBanks contextRef="BalanceAsOf_31Dec2010" unitRef="USD" decimals="0">30039647</us-gaap:CashAndDueFromBanks>
  <us-gaap:CashAndDueFromBanks contextRef="BalanceAsOf_31Dec2011" unitRef="USD" decimals="0">39887487</us-gaap:CashAndDueFromBanks>
  <us-gaap:CashCashEquivalentsAndFederalFundsSold contextRef="BalanceAsOf_31Dec2010" unitRef="USD" decimals="0">32575820</us-gaap:CashCashEquivalentsAndFederalFundsSold>
  <us-gaap:CashCashEquivalentsAndFederalFundsSold contextRef="BalanceAsOf_31Dec2011" unitRef="USD" decimals="0">42768278</us-gaap:CashCashEquivalentsAndFederalFundsSold>
  <us-gaap:CommitmentsAndContingencies xsi:nil="true" contextRef="BalanceAsOf_31Dec2010" unitRef="USD" />
  <us-gaap:CommitmentsAndContingencies xsi:nil="true" contextRef="BalanceAsOf_31Dec2011" unitRef="USD" />
  <us-gaap:CommonStockParOrStatedValuePerShare contextRef="BalanceAsOf_31Dec2010" unitRef="USDEPS" decimals="INF">1.00</us-gaap:CommonStockParOrStatedValuePerShare>
  <us-gaap:CommonStockParOrStatedValuePerShare contextRef="BalanceAsOf_31Dec2011" unitRef="USDEPS" decimals="INF">1.00</us-gaap:CommonStockParOrStatedValuePerShare>
  <us-gaap:CommonStockSharesAuthorized contextRef="BalanceAsOf_31Dec2010" unitRef="Shares" decimals="INF">10000000</us-gaap:CommonStockSharesAuthorized>
  <us-gaap:CommonStockSharesAuthorized contextRef="BalanceAsOf_31Dec2011" unitRef="Shares" decimals="INF">10000000</us-gaap:CommonStockSharesAuthorized>
  <us-gaap:CommonStockSharesIssued contextRef="BalanceAsOf_31Dec2010" unitRef="Shares" decimals="INF">2631611</us-gaap:CommonStockSharesIssued>
  <us-gaap:CommonStockSharesIssued contextRef="BalanceAsOf_31Dec2011" unitRef="Shares" decimals="INF">2631611</us-gaap:CommonStockSharesIssued>
  <us-gaap:CommonStockSharesOutstanding contextRef="BalanceAsOf_31Dec2010" unitRef="Shares" decimals="INF">2631611</us-gaap:CommonStockSharesOutstanding>
  <us-gaap:CommonStockSharesOutstanding contextRef="BalanceAsOf_31Dec2011" unitRef="Shares" decimals="INF">2631611</us-gaap:CommonStockSharesOutstanding>
  <us-gaap:CommonStockValue contextRef="BalanceAsOf_31Dec2010" unitRef="USD" decimals="0">2631611</us-gaap:CommonStockValue>
  <us-gaap:CommonStockValue contextRef="BalanceAsOf_31Dec2011" unitRef="USD" decimals="0">2631611</us-gaap:CommonStockValue>
  <us-gaap:ComprehensiveIncomeNetOfTax contextRef="TwelveMonthsEnded_31Dec2010_Comprehensive_Income_Member" unitRef="USD" decimals="0">-11798870</us-gaap:ComprehensiveIncomeNetOfTax>
  <us-gaap:ComprehensiveIncomeNetOfTax contextRef="TwelveMonthsEnded_31Dec2011_Comprehensive_Income_Member" unitRef="USD" decimals="0">-38113438</us-gaap:ComprehensiveIncomeNetOfTax>
  <us-gaap:Deposits contextRef="BalanceAsOf_31Dec2010" unitRef="USD" decimals="0">449591408</us-gaap:Deposits>
  <us-gaap:Deposits contextRef="BalanceAsOf_31Dec2011" unitRef="USD" decimals="0">432137949</us-gaap:Deposits>
  <us-gaap:DepositsMoneyMarketDeposits contextRef="BalanceAsOf_31Dec2010" unitRef="USD" decimals="0">49701122</us-gaap:DepositsMoneyMarketDeposits>
  <us-gaap:DepositsMoneyMarketDeposits contextRef="BalanceAsOf_31Dec2011" unitRef="USD" decimals="0">51805651</us-gaap:DepositsMoneyMarketDeposits>
  <us-gaap:DepositsNegotiableOrderOfWithdrawalNOW contextRef="BalanceAsOf_31Dec2010" unitRef="USD" decimals="0">57344798</us-gaap:DepositsNegotiableOrderOfWithdrawalNOW>
  <us-gaap:DepositsNegotiableOrderOfWithdrawalNOW contextRef="BalanceAsOf_31Dec2011" unitRef="USD" decimals="0">58367583</us-gaap:DepositsNegotiableOrderOfWithdrawalNOW>
  <us-gaap:DepositsSavingsDeposits contextRef="BalanceAsOf_31Dec2010" unitRef="USD" decimals="0">23733795</us-gaap:DepositsSavingsDeposits>
  <us-gaap:DepositsSavingsDeposits contextRef="BalanceAsOf_31Dec2011" unitRef="USD" decimals="0">22364377</us-gaap:DepositsSavingsDeposits>
  <us-gaap:Depreciation contextRef="TwelveMonthsEnded_31Dec2010" unitRef="USD" decimals="0">1653848</us-gaap:Depreciation>
  <us-gaap:Depreciation contextRef="TwelveMonthsEnded_31Dec2011" unitRef="USD" decimals="0">1419726</us-gaap:Depreciation>
  <us-gaap:EarningsPerShareBasic contextRef="TwelveMonthsEnded_31Dec2010" unitRef="USDEPS" decimals="2">-3.97</us-gaap:EarningsPerShareBasic>
  <us-gaap:EarningsPerShareBasic contextRef="TwelveMonthsEnded_31Dec2011" unitRef="USDEPS" decimals="2">-14.92</us-gaap:EarningsPerShareBasic>
  <us-gaap:EarningsPerShareDiluted contextRef="TwelveMonthsEnded_31Dec2010" unitRef="USDEPS" decimals="2">-3.97</us-gaap:EarningsPerShareDiluted>
  <us-gaap:EarningsPerShareDiluted contextRef="TwelveMonthsEnded_31Dec2011" unitRef="USDEPS" decimals="2">-14.92</us-gaap:EarningsPerShareDiluted>
  <us-gaap:EquityMethodInvestments contextRef="BalanceAsOf_31Dec2010" unitRef="USD" decimals="0">4303600</us-gaap:EquityMethodInvestments>
  <us-gaap:EquityMethodInvestments contextRef="BalanceAsOf_31Dec2011" unitRef="USD" decimals="0">4429922</us-gaap:EquityMethodInvestments>
  <us-gaap:FederalDepositInsuranceCorporationPremiumExpense contextRef="TwelveMonthsEnded_31Dec2010" unitRef="USD" decimals="0">1161330</us-gaap:FederalDepositInsuranceCorporationPremiumExpense>
  <us-gaap:FederalDepositInsuranceCorporationPremiumExpense contextRef="TwelveMonthsEnded_31Dec2011" unitRef="USD" decimals="0">1800201</us-gaap:FederalDepositInsuranceCorporationPremiumExpense>
  <us-gaap:FederalFundsSold contextRef="BalanceAsOf_31Dec2010" unitRef="USD" decimals="0">2536173</us-gaap:FederalFundsSold>
  <us-gaap:FederalFundsSold contextRef="BalanceAsOf_31Dec2011" unitRef="USD" decimals="0">2880791</us-gaap:FederalFundsSold>
  <us-gaap:FederalHomeLoanBankAdvancesLongTerm contextRef="BalanceAsOf_31Dec2010" unitRef="USD" decimals="0">55200000</us-gaap:FederalHomeLoanBankAdvancesLongTerm>
  <us-gaap:FederalHomeLoanBankAdvancesLongTerm contextRef="BalanceAsOf_31Dec2011" unitRef="USD" decimals="0">55200000</us-gaap:FederalHomeLoanBankAdvancesLongTerm>
  <us-gaap:FeesAndCommissionsDepositorAccounts contextRef="TwelveMonthsEnded_31Dec2010" unitRef="USD" decimals="0">1642058</us-gaap:FeesAndCommissionsDepositorAccounts>
  <us-gaap:FeesAndCommissionsDepositorAccounts contextRef="TwelveMonthsEnded_31Dec2011" unitRef="USD" decimals="0">1441809</us-gaap:FeesAndCommissionsDepositorAccounts>
  <us-gaap:FeesAndCommissionsOther contextRef="TwelveMonthsEnded_31Dec2010" unitRef="USD" decimals="0">1473616</us-gaap:FeesAndCommissionsOther>
  <us-gaap:FeesAndCommissionsOther contextRef="TwelveMonthsEnded_31Dec2011" unitRef="USD" decimals="0">1474955</us-gaap:FeesAndCommissionsOther>
  <us-gaap:GainLossOnInvestments contextRef="TwelveMonthsEnded_31Dec2010" unitRef="USD" decimals="0">1511005</us-gaap:GainLossOnInvestments>
  <us-gaap:GainLossOnInvestments contextRef="TwelveMonthsEnded_31Dec2011" unitRef="USD" decimals="0">198325</us-gaap:GainLossOnInvestments>
  <us-gaap:GainLossOnSaleOfMortgageLoans contextRef="TwelveMonthsEnded_31Dec2010" unitRef="USD" decimals="0">191163</us-gaap:GainLossOnSaleOfMortgageLoans>
  <us-gaap:GainLossOnSaleOfMortgageLoans contextRef="TwelveMonthsEnded_31Dec2011" unitRef="USD" decimals="0">106608</us-gaap:GainLossOnSaleOfMortgageLoans>
  <us-gaap:GainsLossesOnSalesOfOtherRealEstate contextRef="TwelveMonthsEnded_31Dec2010" unitRef="USD" decimals="0">-34591</us-gaap:GainsLossesOnSalesOfOtherRealEstate>
  <us-gaap:GainsLossesOnSalesOfOtherRealEstate contextRef="TwelveMonthsEnded_31Dec2011" unitRef="USD" decimals="0">4979490</us-gaap:GainsLossesOnSalesOfOtherRealEstate>
  <us-gaap:HeldToMaturitySecurities contextRef="BalanceAsOf_31Dec2010" unitRef="USD" decimals="0">1317951</us-gaap:HeldToMaturitySecurities>
  <us-gaap:HeldToMaturitySecurities contextRef="BalanceAsOf_31Dec2011" unitRef="USD" decimals="0">1380418</us-gaap:HeldToMaturitySecurities>
  <us-gaap:HeldToMaturitySecuritiesFairValue contextRef="BalanceAsOf_31Dec2010" unitRef="USD" decimals="0">1303080</us-gaap:HeldToMaturitySecuritiesFairValue>
  <us-gaap:HeldToMaturitySecuritiesFairValue contextRef="BalanceAsOf_31Dec2011" unitRef="USD" decimals="0">1565860</us-gaap:HeldToMaturitySecuritiesFairValue>
  <us-gaap:HeldtomaturitySecuritiesSoldSecurityRealizedGainLossExcludingOtherThanTemporaryImpairments contextRef="TwelveMonthsEnded_31Dec2010" unitRef="USD" decimals="0">11524</us-gaap:HeldtomaturitySecuritiesSoldSecurityRealizedGainLossExcludingOtherThanTemporaryImpairments>
  <us-gaap:IncomeLossFromContinuingOperationsBeforeIncomeTaxesMinorityInterestAndIncomeLossFromEquityMethodInvestments contextRef="TwelveMonthsEnded_31Dec2010" unitRef="USD" decimals="0">-6713351</us-gaap:IncomeLossFromContinuingOperationsBeforeIncomeTaxesMinorityInterestAndIncomeLossFromEquityMethodInvestments>
  <us-gaap:IncomeLossFromContinuingOperationsBeforeIncomeTaxesMinorityInterestAndIncomeLossFromEquityMethodInvestments contextRef="TwelveMonthsEnded_31Dec2011" unitRef="USD" decimals="0">-39864681</us-gaap:IncomeLossFromContinuingOperationsBeforeIncomeTaxesMinorityInterestAndIncomeLossFromEquityMethodInvestments>
  <us-gaap:IncomeLossFromEquityMethodInvestments contextRef="TwelveMonthsEnded_31Dec2010" unitRef="USD" decimals="0">104925</us-gaap:IncomeLossFromEquityMethodInvestments>
  <us-gaap:IncomeLossFromEquityMethodInvestments contextRef="TwelveMonthsEnded_31Dec2011" unitRef="USD" decimals="0">126322</us-gaap:IncomeLossFromEquityMethodInvestments>
  <us-gaap:IncomeTaxesPaid contextRef="TwelveMonthsEnded_31Dec2010" unitRef="USD" decimals="0">165000</us-gaap:IncomeTaxesPaid>
  <us-gaap:IncomeTaxExpenseBenefit contextRef="TwelveMonthsEnded_31Dec2010" unitRef="USD" decimals="0">3737827</us-gaap:IncomeTaxExpenseBenefit>
  <us-gaap:IncomeTaxExpenseBenefit contextRef="TwelveMonthsEnded_31Dec2011" unitRef="USD" decimals="0">-606312</us-gaap:IncomeTaxExpenseBenefit>
  <us-gaap:IncreaseDecreaseInAccruedInterestReceivableNet contextRef="TwelveMonthsEnded_31Dec2010" unitRef="USD" decimals="0">-1549421</us-gaap:IncreaseDecreaseInAccruedInterestReceivableNet>
  <us-gaap:IncreaseDecreaseInAccruedInterestReceivableNet contextRef="TwelveMonthsEnded_31Dec2011" unitRef="USD" decimals="0">-167104</us-gaap:IncreaseDecreaseInAccruedInterestReceivableNet>
  <us-gaap:IncreaseDecreaseInDeposits contextRef="TwelveMonthsEnded_31Dec2010" unitRef="USD" decimals="0">-61022733</us-gaap:IncreaseDecreaseInDeposits>
  <us-gaap:IncreaseDecreaseInDeposits contextRef="TwelveMonthsEnded_31Dec2011" unitRef="USD" decimals="0">-17453459</us-gaap:IncreaseDecreaseInDeposits>
  <us-gaap:IncreaseDecreaseInInterestPayableNet contextRef="TwelveMonthsEnded_31Dec2010" unitRef="USD" decimals="0">113197</us-gaap:IncreaseDecreaseInInterestPayableNet>
  <us-gaap:IncreaseDecreaseInInterestPayableNet contextRef="TwelveMonthsEnded_31Dec2011" unitRef="USD" decimals="0">94471</us-gaap:IncreaseDecreaseInInterestPayableNet>
  <us-gaap:IncreaseDecreaseInOtherOperatingCapitalNet contextRef="TwelveMonthsEnded_31Dec2010" unitRef="USD" decimals="0">-7952384</us-gaap:IncreaseDecreaseInOtherOperatingCapitalNet>
  <us-gaap:IncreaseDecreaseInOtherOperatingCapitalNet contextRef="TwelveMonthsEnded_31Dec2011" unitRef="USD" decimals="0">-2537341</us-gaap:IncreaseDecreaseInOtherOperatingCapitalNet>
  <us-gaap:InterestAndDividendIncomeOperating contextRef="TwelveMonthsEnded_31Dec2010" unitRef="USD" decimals="0">23455960</us-gaap:InterestAndDividendIncomeOperating>
  <us-gaap:InterestAndDividendIncomeOperating contextRef="TwelveMonthsEnded_31Dec2011" unitRef="USD" decimals="0">20591214</us-gaap:InterestAndDividendIncomeOperating>
  <us-gaap:InterestAndFeeIncomeLoansAndLeases contextRef="TwelveMonthsEnded_31Dec2010" unitRef="USD" decimals="0">20674310</us-gaap:InterestAndFeeIncomeLoansAndLeases>
  <us-gaap:InterestAndFeeIncomeLoansAndLeases contextRef="TwelveMonthsEnded_31Dec2011" unitRef="USD" decimals="0">18094400</us-gaap:InterestAndFeeIncomeLoansAndLeases>
  <us-gaap:InterestExpense contextRef="TwelveMonthsEnded_31Dec2010" unitRef="USD" decimals="0">10701861</us-gaap:InterestExpense>
  <us-gaap:InterestExpense contextRef="TwelveMonthsEnded_31Dec2011" unitRef="USD" decimals="0">7940616</us-gaap:InterestExpense>
  <us-gaap:InterestExpenseDeposits contextRef="TwelveMonthsEnded_31Dec2010" unitRef="USD" decimals="0">7837187</us-gaap:InterestExpenseDeposits>
  <us-gaap:InterestExpenseDeposits contextRef="TwelveMonthsEnded_31Dec2011" unitRef="USD" decimals="0">5336964</us-gaap:InterestExpenseDeposits>
  <us-gaap:InterestExpenseFederalFundsPurchased contextRef="TwelveMonthsEnded_31Dec2010" unitRef="USD" decimals="0">3063</us-gaap:InterestExpenseFederalFundsPurchased>
  <us-gaap:InterestExpenseFederalFundsPurchasedAndSecuritiesSoldUnderAgreementsToRepurchase contextRef="TwelveMonthsEnded_31Dec2010" unitRef="USD" decimals="0">24250</us-gaap:InterestExpenseFederalFundsPurchasedAndSecuritiesSoldUnderAgreementsToRepurchase>
  <us-gaap:InterestExpenseFederalFundsPurchasedAndSecuritiesSoldUnderAgreementsToRepurchase contextRef="TwelveMonthsEnded_31Dec2011" unitRef="USD" decimals="0">15111</us-gaap:InterestExpenseFederalFundsPurchasedAndSecuritiesSoldUnderAgreementsToRepurchase>
  <us-gaap:InterestExpenseFederalHomeLoanBankAndFederalReserveBankAdvancesLongTerm contextRef="TwelveMonthsEnded_31Dec2010" unitRef="USD" decimals="0">2493511</us-gaap:InterestExpenseFederalHomeLoanBankAndFederalReserveBankAdvancesLongTerm>
  <us-gaap:InterestExpenseFederalHomeLoanBankAndFederalReserveBankAdvancesLongTerm contextRef="TwelveMonthsEnded_31Dec2011" unitRef="USD" decimals="0">2249615</us-gaap:InterestExpenseFederalHomeLoanBankAndFederalReserveBankAdvancesLongTerm>
  <us-gaap:InterestExpenseSubordinatedNotesAndDebentures contextRef="TwelveMonthsEnded_31Dec2010" unitRef="USD" decimals="0">343850</us-gaap:InterestExpenseSubordinatedNotesAndDebentures>
  <us-gaap:InterestExpenseSubordinatedNotesAndDebentures contextRef="TwelveMonthsEnded_31Dec2011" unitRef="USD" decimals="0">338926</us-gaap:InterestExpenseSubordinatedNotesAndDebentures>
  <us-gaap:InterestIncomeExpenseAfterProvisionForLoanLoss contextRef="TwelveMonthsEnded_31Dec2010" unitRef="USD" decimals="0">5026899</us-gaap:InterestIncomeExpenseAfterProvisionForLoanLoss>
  <us-gaap:InterestIncomeExpenseAfterProvisionForLoanLoss contextRef="TwelveMonthsEnded_31Dec2011" unitRef="USD" decimals="0">-20946465</us-gaap:InterestIncomeExpenseAfterProvisionForLoanLoss>
  <us-gaap:InterestIncomeExpenseNet contextRef="TwelveMonthsEnded_31Dec2010" unitRef="USD" decimals="0">12754099</us-gaap:InterestIncomeExpenseNet>
  <us-gaap:InterestIncomeExpenseNet contextRef="TwelveMonthsEnded_31Dec2011" unitRef="USD" decimals="0">12650598</us-gaap:InterestIncomeExpenseNet>
  <us-gaap:InterestIncomeSecuritiesTaxable contextRef="TwelveMonthsEnded_31Dec2010" unitRef="USD" decimals="0">2454381</us-gaap:InterestIncomeSecuritiesTaxable>
  <us-gaap:InterestIncomeSecuritiesTaxable contextRef="TwelveMonthsEnded_31Dec2011" unitRef="USD" decimals="0">2215032</us-gaap:InterestIncomeSecuritiesTaxable>
  <us-gaap:InterestIncomeSecuritiesTaxExempt contextRef="TwelveMonthsEnded_31Dec2010" unitRef="USD" decimals="0">250898</us-gaap:InterestIncomeSecuritiesTaxExempt>
  <us-gaap:InterestIncomeSecuritiesTaxExempt contextRef="TwelveMonthsEnded_31Dec2011" unitRef="USD" decimals="0">233462</us-gaap:InterestIncomeSecuritiesTaxExempt>
  <us-gaap:InterestPaid contextRef="TwelveMonthsEnded_31Dec2010" unitRef="USD" decimals="0">10588664</us-gaap:InterestPaid>
  <us-gaap:InterestPaid contextRef="TwelveMonthsEnded_31Dec2011" unitRef="USD" decimals="0">7846145</us-gaap:InterestPaid>
  <us-gaap:InterestPayableCurrentAndNoncurrent contextRef="BalanceAsOf_31Dec2010" unitRef="USD" decimals="0">719133</us-gaap:InterestPayableCurrentAndNoncurrent>
  <us-gaap:InterestPayableCurrentAndNoncurrent contextRef="BalanceAsOf_31Dec2011" unitRef="USD" decimals="0">813604</us-gaap:InterestPayableCurrentAndNoncurrent>
  <us-gaap:InterestReceivable contextRef="BalanceAsOf_31Dec2010" unitRef="USD" decimals="0">1495869</us-gaap:InterestReceivable>
  <us-gaap:InterestReceivable contextRef="BalanceAsOf_31Dec2011" unitRef="USD" decimals="0">1328765</us-gaap:InterestReceivable>
  <us-gaap:LaborAndRelatedExpense contextRef="TwelveMonthsEnded_31Dec2010" unitRef="USD" decimals="0">8322173</us-gaap:LaborAndRelatedExpense>
  <us-gaap:LaborAndRelatedExpense contextRef="TwelveMonthsEnded_31Dec2011" unitRef="USD" decimals="0">8055192</us-gaap:LaborAndRelatedExpense>
  <us-gaap:Liabilities contextRef="BalanceAsOf_31Dec2010" unitRef="USD" decimals="0">521532341</us-gaap:Liabilities>
  <us-gaap:Liabilities contextRef="BalanceAsOf_31Dec2011" unitRef="USD" decimals="0">504983036</us-gaap:Liabilities>
  <us-gaap:LiabilitiesAndStockholdersEquity contextRef="BalanceAsOf_31Dec2010" unitRef="USD" decimals="0">557206511</us-gaap:LiabilitiesAndStockholdersEquity>
  <us-gaap:LiabilitiesAndStockholdersEquity contextRef="BalanceAsOf_31Dec2011" unitRef="USD" decimals="0">502646368</us-gaap:LiabilitiesAndStockholdersEquity>
  <us-gaap:LifeInsuranceCorporateOrBankOwnedChangeInValue contextRef="TwelveMonthsEnded_31Dec2010" unitRef="USD" decimals="0">408335</us-gaap:LifeInsuranceCorporateOrBankOwnedChangeInValue>
  <us-gaap:LifeInsuranceCorporateOrBankOwnedChangeInValue contextRef="TwelveMonthsEnded_31Dec2011" unitRef="USD" decimals="0">399528</us-gaap:LifeInsuranceCorporateOrBankOwnedChangeInValue>
  <us-gaap:LoansAndLeasesReceivableAllowance contextRef="BalanceAsOf_31Dec2010" unitRef="USD" decimals="0">10942414</us-gaap:LoansAndLeasesReceivableAllowance>
  <us-gaap:LoansAndLeasesReceivableAllowance contextRef="BalanceAsOf_31Dec2011" unitRef="USD" decimals="0">14862876</us-gaap:LoansAndLeasesReceivableAllowance>
  <us-gaap:LoansAndLeasesReceivableNetReportedAmount contextRef="BalanceAsOf_31Dec2010" unitRef="USD" decimals="0">363413050</us-gaap:LoansAndLeasesReceivableNetReportedAmount>
  <us-gaap:LoansAndLeasesReceivableNetReportedAmount contextRef="BalanceAsOf_31Dec2011" unitRef="USD" decimals="0">295932770</us-gaap:LoansAndLeasesReceivableNetReportedAmount>
  <us-gaap:NetCashProvidedByUsedInFinancingActivities contextRef="TwelveMonthsEnded_31Dec2010" unitRef="USD" decimals="0">-70067119</us-gaap:NetCashProvidedByUsedInFinancingActivities>
  <us-gaap:NetCashProvidedByUsedInFinancingActivities contextRef="TwelveMonthsEnded_31Dec2011" unitRef="USD" decimals="0">-17034593</us-gaap:NetCashProvidedByUsedInFinancingActivities>
  <us-gaap:NetCashProvidedByUsedInInvestingActivities contextRef="TwelveMonthsEnded_31Dec2010" unitRef="USD" decimals="0">85145032</us-gaap:NetCashProvidedByUsedInInvestingActivities>
  <us-gaap:NetCashProvidedByUsedInInvestingActivities contextRef="TwelveMonthsEnded_31Dec2011" unitRef="USD" decimals="0">23090788</us-gaap:NetCashProvidedByUsedInInvestingActivities>
  <us-gaap:NetCashProvidedByUsedInOperatingActivities contextRef="TwelveMonthsEnded_31Dec2010" unitRef="USD" decimals="0">3393271</us-gaap:NetCashProvidedByUsedInOperatingActivities>
  <us-gaap:NetCashProvidedByUsedInOperatingActivities contextRef="TwelveMonthsEnded_31Dec2011" unitRef="USD" decimals="0">4136263</us-gaap:NetCashProvidedByUsedInOperatingActivities>
  <us-gaap:NetIncomeLoss contextRef="TwelveMonthsEnded_31Dec2010" unitRef="USD" decimals="0">-10451178</us-gaap:NetIncomeLoss>
  <us-gaap:NetIncomeLoss contextRef="TwelveMonthsEnded_31Dec2010_Comprehensive_Income_Member" unitRef="USD" decimals="0">-10451178</us-gaap:NetIncomeLoss>
  <us-gaap:NetIncomeLoss contextRef="TwelveMonthsEnded_31Dec2010_Retained_Earnings_Member" unitRef="USD" decimals="0">-10451178</us-gaap:NetIncomeLoss>
  <us-gaap:NetIncomeLoss contextRef="TwelveMonthsEnded_31Dec2011" unitRef="USD" decimals="0">-39258369</us-gaap:NetIncomeLoss>
  <us-gaap:NetIncomeLoss contextRef="TwelveMonthsEnded_31Dec2011_Comprehensive_Income_Member" unitRef="USD" decimals="0">-39258369</us-gaap:NetIncomeLoss>
  <us-gaap:NetIncomeLoss contextRef="TwelveMonthsEnded_31Dec2011_Retained_Earnings_Member" unitRef="USD" decimals="0">-39258369</us-gaap:NetIncomeLoss>
  <us-gaap:NoninterestBearingDepositLiabilities contextRef="BalanceAsOf_31Dec2010" unitRef="USD" decimals="0">47638792</us-gaap:NoninterestBearingDepositLiabilities>
  <us-gaap:NoninterestBearingDepositLiabilities contextRef="BalanceAsOf_31Dec2011" unitRef="USD" decimals="0">50761144</us-gaap:NoninterestBearingDepositLiabilities>
  <us-gaap:NoninterestExpense contextRef="TwelveMonthsEnded_31Dec2010" unitRef="USD" decimals="0">17490655</us-gaap:NoninterestExpense>
  <us-gaap:NoninterestExpense contextRef="TwelveMonthsEnded_31Dec2011" unitRef="USD" decimals="0">17982426</us-gaap:NoninterestExpense>
  <us-gaap:NoninterestIncome contextRef="TwelveMonthsEnded_31Dec2010" unitRef="USD" decimals="0">5750405</us-gaap:NoninterestIncome>
  <us-gaap:NoninterestIncome contextRef="TwelveMonthsEnded_31Dec2011" unitRef="USD" decimals="0">-935790</us-gaap:NoninterestIncome>
  <us-gaap:NoninterestIncomeOther contextRef="TwelveMonthsEnded_31Dec2010" unitRef="USD" decimals="0">897972</us-gaap:NoninterestIncomeOther>
  <us-gaap:NoninterestIncomeOther contextRef="TwelveMonthsEnded_31Dec2011" unitRef="USD" decimals="0">822003</us-gaap:NoninterestIncomeOther>
  <us-gaap:OccupancyNet contextRef="TwelveMonthsEnded_31Dec2010" unitRef="USD" decimals="0">1759196</us-gaap:OccupancyNet>
  <us-gaap:OccupancyNet contextRef="TwelveMonthsEnded_31Dec2011" unitRef="USD" decimals="0">1798915</us-gaap:OccupancyNet>
  <us-gaap:OtherAssets contextRef="BalanceAsOf_31Dec2010" unitRef="USD" decimals="0">6424504</us-gaap:OtherAssets>
  <us-gaap:OtherAssets contextRef="BalanceAsOf_31Dec2011" unitRef="USD" decimals="0">3779256</us-gaap:OtherAssets>
  <us-gaap:OtherComprehensiveIncomeUnrealizedHoldingGainLossOnSecuritiesArisingDuringPeriodNetOfTax contextRef="TwelveMonthsEnded_31Dec2010" unitRef="USD" decimals="0">-1347692</us-gaap:OtherComprehensiveIncomeUnrealizedHoldingGainLossOnSecuritiesArisingDuringPeriodNetOfTax>
  <us-gaap:OtherComprehensiveIncomeUnrealizedHoldingGainLossOnSecuritiesArisingDuringPeriodNetOfTax contextRef="TwelveMonthsEnded_31Dec2010_Accumulated_Other_Comprehensive_Income_Member" unitRef="USD" decimals="0">-1347692</us-gaap:OtherComprehensiveIncomeUnrealizedHoldingGainLossOnSecuritiesArisingDuringPeriodNetOfTax>
  <us-gaap:OtherComprehensiveIncomeUnrealizedHoldingGainLossOnSecuritiesArisingDuringPeriodNetOfTax contextRef="TwelveMonthsEnded_31Dec2010_Comprehensive_Income_Member" unitRef="USD" decimals="0">-1347692</us-gaap:OtherComprehensiveIncomeUnrealizedHoldingGainLossOnSecuritiesArisingDuringPeriodNetOfTax>
  <us-gaap:OtherComprehensiveIncomeUnrealizedHoldingGainLossOnSecuritiesArisingDuringPeriodNetOfTax contextRef="TwelveMonthsEnded_31Dec2011" unitRef="USD" decimals="0">1144931</us-gaap:OtherComprehensiveIncomeUnrealizedHoldingGainLossOnSecuritiesArisingDuringPeriodNetOfTax>
  <us-gaap:OtherComprehensiveIncomeUnrealizedHoldingGainLossOnSecuritiesArisingDuringPeriodNetOfTax contextRef="TwelveMonthsEnded_31Dec2011_Accumulated_Other_Comprehensive_Income_Member" unitRef="USD" decimals="0">1144931</us-gaap:OtherComprehensiveIncomeUnrealizedHoldingGainLossOnSecuritiesArisingDuringPeriodNetOfTax>
  <us-gaap:OtherComprehensiveIncomeUnrealizedHoldingGainLossOnSecuritiesArisingDuringPeriodNetOfTax contextRef="TwelveMonthsEnded_31Dec2011_Comprehensive_Income_Member" unitRef="USD" decimals="0">1144931</us-gaap:OtherComprehensiveIncomeUnrealizedHoldingGainLossOnSecuritiesArisingDuringPeriodNetOfTax>
  <us-gaap:OtherLiabilities contextRef="BalanceAsOf_31Dec2010" unitRef="USD" decimals="0">2186784</us-gaap:OtherLiabilities>
  <us-gaap:OtherLiabilities contextRef="BalanceAsOf_31Dec2011" unitRef="USD" decimals="0">2577601</us-gaap:OtherLiabilities>
  <us-gaap:OtherNoninterestExpense contextRef="TwelveMonthsEnded_31Dec2010" unitRef="USD" decimals="0">6247956</us-gaap:OtherNoninterestExpense>
  <us-gaap:OtherNoninterestExpense contextRef="TwelveMonthsEnded_31Dec2011" unitRef="USD" decimals="0">6328118</us-gaap:OtherNoninterestExpense>
  <us-gaap:PaymentsForFederalHomeLoanBankAdvances contextRef="TwelveMonthsEnded_31Dec2010" unitRef="USD" decimals="0">50700000</us-gaap:PaymentsForFederalHomeLoanBankAdvances>
  <us-gaap:PaymentsForOriginationOfMortgageLoansHeldForSale contextRef="TwelveMonthsEnded_31Dec2010" unitRef="USD" decimals="0">15340608</us-gaap:PaymentsForOriginationOfMortgageLoansHeldForSale>
  <us-gaap:PaymentsForOriginationOfMortgageLoansHeldForSale contextRef="TwelveMonthsEnded_31Dec2011" unitRef="USD" decimals="0">6704706</us-gaap:PaymentsForOriginationOfMortgageLoansHeldForSale>
  <us-gaap:PaymentsToAcquireAvailableForSaleSecurities contextRef="TwelveMonthsEnded_31Dec2010" unitRef="USD" decimals="0">384212916</us-gaap:PaymentsToAcquireAvailableForSaleSecurities>
  <us-gaap:PaymentsToAcquireAvailableForSaleSecurities contextRef="TwelveMonthsEnded_31Dec2011" unitRef="USD" decimals="0">42225542</us-gaap:PaymentsToAcquireAvailableForSaleSecurities>
  <us-gaap:PaymentsToAcquirePropertyPlantAndEquipment contextRef="TwelveMonthsEnded_31Dec2010" unitRef="USD" decimals="0">325339</us-gaap:PaymentsToAcquirePropertyPlantAndEquipment>
  <us-gaap:PaymentsToAcquirePropertyPlantAndEquipment contextRef="TwelveMonthsEnded_31Dec2011" unitRef="USD" decimals="0">257166</us-gaap:PaymentsToAcquirePropertyPlantAndEquipment>
  <us-gaap:PaymentsToAcquireRestrictedInvestments contextRef="TwelveMonthsEnded_31Dec2010" unitRef="USD" decimals="0">27100</us-gaap:PaymentsToAcquireRestrictedInvestments>
  <us-gaap:PaymentsToAcquireRestrictedInvestments contextRef="TwelveMonthsEnded_31Dec2011" unitRef="USD" decimals="0">-591600</us-gaap:PaymentsToAcquireRestrictedInvestments>
  <us-gaap:PreferredStockParOrStatedValuePerShare xsi:nil="true" contextRef="BalanceAsOf_31Dec2010" unitRef="USDEPS" />
  <us-gaap:PreferredStockParOrStatedValuePerShare xsi:nil="true" contextRef="BalanceAsOf_31Dec2011" unitRef="USDEPS" />
  <us-gaap:PreferredStockSharesAuthorized contextRef="BalanceAsOf_31Dec2010" unitRef="Shares" decimals="INF">1000000</us-gaap:PreferredStockSharesAuthorized>
  <us-gaap:PreferredStockSharesAuthorized contextRef="BalanceAsOf_31Dec2011" unitRef="Shares" decimals="INF">1000000</us-gaap:PreferredStockSharesAuthorized>
  <us-gaap:PreferredStockSharesIssued contextRef="BalanceAsOf_31Dec2010" unitRef="Shares" decimals="INF">0</us-gaap:PreferredStockSharesIssued>
  <us-gaap:PreferredStockSharesIssued contextRef="BalanceAsOf_31Dec2011" unitRef="Shares" decimals="INF">0</us-gaap:PreferredStockSharesIssued>
  <us-gaap:PreferredStockSharesOutstanding contextRef="BalanceAsOf_31Dec2010" unitRef="Shares" decimals="INF">0</us-gaap:PreferredStockSharesOutstanding>
  <us-gaap:PreferredStockSharesOutstanding contextRef="BalanceAsOf_31Dec2011" unitRef="Shares" decimals="INF">0</us-gaap:PreferredStockSharesOutstanding>
  <us-gaap:PreferredStockValue xsi:nil="true" contextRef="BalanceAsOf_31Dec2010" unitRef="USD" />
  <us-gaap:PreferredStockValue xsi:nil="true" contextRef="BalanceAsOf_31Dec2011" unitRef="USD" />
  <us-gaap:ProceedsFromFederalHomeLoanBankAdvances contextRef="TwelveMonthsEnded_31Dec2010" unitRef="USD" decimals="0">43000000</us-gaap:ProceedsFromFederalHomeLoanBankAdvances>
  <us-gaap:ProceedsFromLoanAndLeaseOriginationsAndPrincipalCollections1 contextRef="TwelveMonthsEnded_31Dec2010" unitRef="USD" decimals="0">24475863</us-gaap:ProceedsFromLoanAndLeaseOriginationsAndPrincipalCollections1>
  <us-gaap:ProceedsFromLoanAndLeaseOriginationsAndPrincipalCollections1 contextRef="TwelveMonthsEnded_31Dec2011" unitRef="USD" decimals="0">24811309</us-gaap:ProceedsFromLoanAndLeaseOriginationsAndPrincipalCollections1>
  <us-gaap:ProceedsFromMaturitiesPrepaymentsAndCallsOfAvailableForSaleSecurities contextRef="TwelveMonthsEnded_31Dec2010" unitRef="USD" decimals="0">339012432</us-gaap:ProceedsFromMaturitiesPrepaymentsAndCallsOfAvailableForSaleSecurities>
  <us-gaap:ProceedsFromMaturitiesPrepaymentsAndCallsOfAvailableForSaleSecurities contextRef="TwelveMonthsEnded_31Dec2011" unitRef="USD" decimals="0">22775139</us-gaap:ProceedsFromMaturitiesPrepaymentsAndCallsOfAvailableForSaleSecurities>
  <us-gaap:ProceedsFromPaymentsForInSecuritiesSoldUnderAgreementsToRepurchase contextRef="TwelveMonthsEnded_31Dec2010" unitRef="USD" decimals="0">-1344386</us-gaap:ProceedsFromPaymentsForInSecuritiesSoldUnderAgreementsToRepurchase>
  <us-gaap:ProceedsFromPaymentsForInSecuritiesSoldUnderAgreementsToRepurchase contextRef="TwelveMonthsEnded_31Dec2011" unitRef="USD" decimals="0">418866</us-gaap:ProceedsFromPaymentsForInSecuritiesSoldUnderAgreementsToRepurchase>
  <us-gaap:ProceedsFromSaleOfAvailableForSaleSecurities contextRef="TwelveMonthsEnded_31Dec2010" unitRef="USD" decimals="0">103501336</us-gaap:ProceedsFromSaleOfAvailableForSaleSecurities>
  <us-gaap:ProceedsFromSaleOfAvailableForSaleSecurities contextRef="TwelveMonthsEnded_31Dec2011" unitRef="USD" decimals="0">11350632</us-gaap:ProceedsFromSaleOfAvailableForSaleSecurities>
  <us-gaap:ProceedsFromSaleOfHeldToMaturitySecurities contextRef="TwelveMonthsEnded_31Dec2010" unitRef="USD" decimals="0">520000</us-gaap:ProceedsFromSaleOfHeldToMaturitySecurities>
  <us-gaap:ProceedsFromSaleOfMortgageLoansHeldForSale contextRef="TwelveMonthsEnded_31Dec2010" unitRef="USD" decimals="0">15315271</us-gaap:ProceedsFromSaleOfMortgageLoansHeldForSale>
  <us-gaap:ProceedsFromSaleOfMortgageLoansHeldForSale contextRef="TwelveMonthsEnded_31Dec2011" unitRef="USD" decimals="0">6731897</us-gaap:ProceedsFromSaleOfMortgageLoansHeldForSale>
  <us-gaap:ProceedsFromSaleOfOtherRealEstate contextRef="TwelveMonthsEnded_31Dec2010" unitRef="USD" decimals="0">2200756</us-gaap:ProceedsFromSaleOfOtherRealEstate>
  <us-gaap:ProceedsFromSaleOfOtherRealEstate contextRef="TwelveMonthsEnded_31Dec2011" unitRef="USD" decimals="0">6044816</us-gaap:ProceedsFromSaleOfOtherRealEstate>
  <us-gaap:PropertyPlantAndEquipmentNet contextRef="BalanceAsOf_31Dec2010" unitRef="USD" decimals="0">32600673</us-gaap:PropertyPlantAndEquipmentNet>
  <us-gaap:PropertyPlantAndEquipmentNet contextRef="BalanceAsOf_31Dec2011" unitRef="USD" decimals="0">31548063</us-gaap:PropertyPlantAndEquipmentNet>
  <us-gaap:ProvisionForLoanAndLeaseLosses contextRef="TwelveMonthsEnded_31Dec2010" unitRef="USD" decimals="0">7727200</us-gaap:ProvisionForLoanAndLeaseLosses>
  <us-gaap:ProvisionForLoanAndLeaseLosses contextRef="TwelveMonthsEnded_31Dec2011" unitRef="USD" decimals="0">33597063</us-gaap:ProvisionForLoanAndLeaseLosses>
  <us-gaap:RealEstateAcquiredThroughForeclosure contextRef="BalanceAsOf_31Dec2010" unitRef="USD" decimals="0">13140698</us-gaap:RealEstateAcquiredThroughForeclosure>
  <us-gaap:RealEstateAcquiredThroughForeclosure contextRef="BalanceAsOf_31Dec2011" unitRef="USD" decimals="0">11023123</us-gaap:RealEstateAcquiredThroughForeclosure>
  <us-gaap:RestrictedInvestments contextRef="BalanceAsOf_31Dec2010" unitRef="USD" decimals="0">3843150</us-gaap:RestrictedInvestments>
  <us-gaap:RestrictedInvestments contextRef="BalanceAsOf_31Dec2011" unitRef="USD" decimals="0">3251550</us-gaap:RestrictedInvestments>
  <us-gaap:RetainedEarningsAccumulatedDeficit contextRef="BalanceAsOf_31Dec2010" unitRef="USD" decimals="0">-8122476</us-gaap:RetainedEarningsAccumulatedDeficit>
  <us-gaap:RetainedEarningsAccumulatedDeficit contextRef="BalanceAsOf_31Dec2011" unitRef="USD" decimals="0">-47380845</us-gaap:RetainedEarningsAccumulatedDeficit>
  <us-gaap:SecuritiesSoldUnderAgreementsToRepurchase contextRef="BalanceAsOf_31Dec2010" unitRef="USD" decimals="0">432016</us-gaap:SecuritiesSoldUnderAgreementsToRepurchase>
  <us-gaap:SecuritiesSoldUnderAgreementsToRepurchase contextRef="BalanceAsOf_31Dec2011" unitRef="USD" decimals="0">850882</us-gaap:SecuritiesSoldUnderAgreementsToRepurchase>
  <us-gaap:ShareBasedCompensation contextRef="TwelveMonthsEnded_31Dec2010" unitRef="USD" decimals="0">103885</us-gaap:ShareBasedCompensation>
  <us-gaap:ShareBasedCompensation contextRef="TwelveMonthsEnded_31Dec2011" unitRef="USD" decimals="0">102600</us-gaap:ShareBasedCompensation>
  <us-gaap:StockholdersEquity contextRef="BalanceAsOf_31Dec2009" unitRef="USD" decimals="0">47369155</us-gaap:StockholdersEquity>
  <us-gaap:StockholdersEquity contextRef="BalanceAsOf_31Dec2009_Accumulated_Other_Comprehensive_Income_Member" unitRef="USD" decimals="0">283014</us-gaap:StockholdersEquity>
  <us-gaap:StockholdersEquity contextRef="BalanceAsOf_31Dec2009_Additional_Paid_In_Capital_Member" unitRef="USD" decimals="0">42125828</us-gaap:StockholdersEquity>
  <us-gaap:StockholdersEquity contextRef="BalanceAsOf_31Dec2009_Common_Stock_Member" unitRef="USD" decimals="0">2631611</us-gaap:StockholdersEquity>
  <us-gaap:StockholdersEquity xsi:nil="true" contextRef="BalanceAsOf_31Dec2009_Comprehensive_Income_Member" unitRef="USD" />
  <us-gaap:StockholdersEquity contextRef="BalanceAsOf_31Dec2009_Retained_Earnings_Member" unitRef="USD" decimals="0">2328702</us-gaap:StockholdersEquity>
  <us-gaap:StockholdersEquity contextRef="BalanceAsOf_31Dec2010" unitRef="USD" decimals="0">35674170</us-gaap:StockholdersEquity>
  <us-gaap:StockholdersEquity contextRef="BalanceAsOf_31Dec2010_Accumulated_Other_Comprehensive_Income_Member" unitRef="USD" decimals="0">-1064678</us-gaap:StockholdersEquity>
  <us-gaap:StockholdersEquity contextRef="BalanceAsOf_31Dec2010_Additional_Paid_In_Capital_Member" unitRef="USD" decimals="0">42229713</us-gaap:StockholdersEquity>
  <us-gaap:StockholdersEquity contextRef="BalanceAsOf_31Dec2010_Common_Stock_Member" unitRef="USD" decimals="0">2631611</us-gaap:StockholdersEquity>
  <us-gaap:StockholdersEquity contextRef="BalanceAsOf_31Dec2010_Retained_Earnings_Member" unitRef="USD" decimals="0">-8122476</us-gaap:StockholdersEquity>
  <us-gaap:StockholdersEquity contextRef="BalanceAsOf_31Dec2011" unitRef="USD" decimals="0">-2336668</us-gaap:StockholdersEquity>
  <us-gaap:StockholdersEquity contextRef="BalanceAsOf_31Dec2011_Accumulated_Other_Comprehensive_Income_Member" unitRef="USD" decimals="0">80253</us-gaap:StockholdersEquity>
  <us-gaap:StockholdersEquity contextRef="BalanceAsOf_31Dec2011_Additional_Paid_In_Capital_Member" unitRef="USD" decimals="0">42332313</us-gaap:StockholdersEquity>
  <us-gaap:StockholdersEquity contextRef="BalanceAsOf_31Dec2011_Common_Stock_Member" unitRef="USD" decimals="0">2631611</us-gaap:StockholdersEquity>
  <us-gaap:StockholdersEquity xsi:nil="true" contextRef="BalanceAsOf_31Dec2011_Comprehensive_Income_Member" unitRef="USD" />
  <us-gaap:StockholdersEquity contextRef="BalanceAsOf_31Dec2011_Retained_Earnings_Member" unitRef="USD" decimals="0">-47380845</us-gaap:StockholdersEquity>
  <us-gaap:SubordinatedDebt contextRef="BalanceAsOf_31Dec2010" unitRef="USD" decimals="0">13403000</us-gaap:SubordinatedDebt>
  <us-gaap:SubordinatedDebt contextRef="BalanceAsOf_31Dec2011" unitRef="USD" decimals="0">13403000</us-gaap:SubordinatedDebt>
  <us-gaap:TimeDeposits contextRef="BalanceAsOf_31Dec2010" unitRef="USD" decimals="0">271172901</us-gaap:TimeDeposits>
  <us-gaap:TimeDeposits contextRef="BalanceAsOf_31Dec2011" unitRef="USD" decimals="0">248839194</us-gaap:TimeDeposits>
  <!--Footnote Section-->
</xbrl>
