<?xml version="1.0" encoding="us-ascii"?>
<!--XBRL document created by RR Donnelley Tagger version 10.0.0.231; Copyright (C) RR Donnelley-->
<!--Based on XBRL 2.1-->
<link:linkbase xmlns:xbrldt="http://xbrl.org/2005/xbrldt" xmlns:xlink="http://www.w3.org/1999/xlink" xmlns:xsi="http://www.w3.org/2001/XMLSchema-instance" xmlns="http://www.xbrl.org/2003/linkbase" xmlns:link="http://www.xbrl.org/2003/linkbase" xsi:schemaLocation="http://www.xbrl.org/2003/linkbase http://www.xbrl.org/2003/xbrl-linkbase-2003-12-31.xsd">
  <link:roleRef xlink:type="simple" xlink:href="mnbt-20111231.xsd#StatementsOfStockholdersEquity" roleURI="http://bankmnb.com/role/StatementsOfStockholdersEquity" />
  <link:arcroleRef xlink:type="simple" xlink:href="http://www.xbrl.org/2005/xbrldt-2005.xsd#hypercube-dimension" arcroleURI="http://xbrl.org/int/dim/arcrole/hypercube-dimension" />
  <link:arcroleRef xlink:type="simple" xlink:href="http://www.xbrl.org/2005/xbrldt-2005.xsd#dimension-domain" arcroleURI="http://xbrl.org/int/dim/arcrole/dimension-domain" />
  <link:arcroleRef xlink:type="simple" xlink:href="http://www.xbrl.org/2005/xbrldt-2005.xsd#dimension-default" arcroleURI="http://xbrl.org/int/dim/arcrole/dimension-default" />
  <link:arcroleRef xlink:type="simple" xlink:href="http://www.xbrl.org/2005/xbrldt-2005.xsd#domain-member" arcroleURI="http://xbrl.org/int/dim/arcrole/domain-member" />
  <link:arcroleRef xlink:type="simple" xlink:href="http://www.xbrl.org/2005/xbrldt-2005.xsd#all" arcroleURI="http://xbrl.org/int/dim/arcrole/all" />
  <!-- Hypercube Definition (Line Items to Hypercube)-->
  <link:definitionLink xlink:type="extended" xlink:role="http://bankmnb.com/role/StatementsOfStockholdersEquity" xlink:title="0130 - Statement - Consolidated Statements of Changes in Shareholders' Equity">
    <link:loc xlink:type="locator" xlink:href="http://xbrl.fasb.org/us-gaap/2012/elts/us-gaap-2012-01-31.xsd#us-gaap_StatementTable" xlink:label="us-gaap_StatementTable" />
    <link:loc xlink:type="locator" xlink:href="http://xbrl.fasb.org/us-gaap/2012/elts/us-gaap-2012-01-31.xsd#us-gaap_StatementEquityComponentsAxis" xlink:label="us-gaap_StatementEquityComponentsAxis" />
    <link:definitionArc xlink:type="arc" xlink:arcrole="http://xbrl.org/int/dim/arcrole/hypercube-dimension" xlink:from="us-gaap_StatementTable" xlink:to="us-gaap_StatementEquityComponentsAxis" order="1" />
  </link:definitionLink>
  <!-- Domain Members -->
  <link:definitionLink xlink:type="extended" xlink:role="http://bankmnb.com/role/StatementsOfStockholdersEquity" xlink:title="0130 - Statement - Consolidated Statements of Changes in Shareholders' Equity">
    <link:loc xlink:type="locator" xlink:href="http://xbrl.fasb.org/us-gaap/2012/elts/us-gaap-2012-01-31.xsd#us-gaap_StatementEquityComponentsAxis" xlink:label="us-gaap_StatementEquityComponentsAxis" />
    <link:loc xlink:type="locator" xlink:href="http://xbrl.fasb.org/us-gaap/2012/elts/us-gaap-2012-01-31.xsd#us-gaap_EquityComponentDomain" xlink:label="us-gaap_EquityComponentDomain" />
    <link:loc xlink:type="locator" xlink:href="http://xbrl.fasb.org/us-gaap/2012/elts/us-gaap-2012-01-31.xsd#us-gaap_ComprehensiveIncomeMember" xlink:label="us-gaap_ComprehensiveIncomeMember" />
    <link:loc xlink:type="locator" xlink:href="http://xbrl.fasb.org/us-gaap/2012/elts/us-gaap-2012-01-31.xsd#us-gaap_CommonStockMember" xlink:label="us-gaap_CommonStockMember" />
    <link:loc xlink:type="locator" xlink:href="http://xbrl.fasb.org/us-gaap/2012/elts/us-gaap-2012-01-31.xsd#us-gaap_AdditionalPaidInCapitalMember" xlink:label="us-gaap_AdditionalPaidInCapitalMember" />
    <link:loc xlink:type="locator" xlink:href="http://xbrl.fasb.org/us-gaap/2012/elts/us-gaap-2012-01-31.xsd#us-gaap_RetainedEarningsMember" xlink:label="us-gaap_RetainedEarningsMember" />
    <link:loc xlink:type="locator" xlink:href="http://xbrl.fasb.org/us-gaap/2012/elts/us-gaap-2012-01-31.xsd#us-gaap_AccumulatedOtherComprehensiveIncomeMember" xlink:label="us-gaap_AccumulatedOtherComprehensiveIncomeMember" />
    <link:definitionArc xlink:type="arc" xlink:arcrole="http://xbrl.org/int/dim/arcrole/dimension-domain" xlink:from="us-gaap_StatementEquityComponentsAxis" xlink:to="us-gaap_EquityComponentDomain" order="1" />
    <link:definitionArc xlink:type="arc" xlink:arcrole="http://xbrl.org/int/dim/arcrole/domain-member" xlink:from="us-gaap_EquityComponentDomain" xlink:to="us-gaap_ComprehensiveIncomeMember" order="1" />
    <link:definitionArc xlink:type="arc" xlink:arcrole="http://xbrl.org/int/dim/arcrole/domain-member" xlink:from="us-gaap_EquityComponentDomain" xlink:to="us-gaap_CommonStockMember" order="2" />
    <link:definitionArc xlink:type="arc" xlink:arcrole="http://xbrl.org/int/dim/arcrole/domain-member" xlink:from="us-gaap_EquityComponentDomain" xlink:to="us-gaap_AdditionalPaidInCapitalMember" order="3" />
    <link:definitionArc xlink:type="arc" xlink:arcrole="http://xbrl.org/int/dim/arcrole/domain-member" xlink:from="us-gaap_EquityComponentDomain" xlink:to="us-gaap_RetainedEarningsMember" order="4" />
    <link:definitionArc xlink:type="arc" xlink:arcrole="http://xbrl.org/int/dim/arcrole/domain-member" xlink:from="us-gaap_EquityComponentDomain" xlink:to="us-gaap_AccumulatedOtherComprehensiveIncomeMember" order="5" />
  </link:definitionLink>
  <!-- Hypercube Definition (All)-->
  <link:definitionLink xlink:type="extended" xlink:role="http://bankmnb.com/role/StatementsOfStockholdersEquity" xlink:title="0130 - Statement - Consolidated Statements of Changes in Shareholders' Equity">
    <link:loc xlink:type="locator" xlink:href="http://xbrl.fasb.org/us-gaap/2012/elts/us-gaap-2012-01-31.xsd#us-gaap_StatementTable" xlink:label="us-gaap_StatementTable" />
    <link:loc xlink:type="locator" xlink:href="http://xbrl.fasb.org/us-gaap/2012/elts/us-gaap-2012-01-31.xsd#us-gaap_StatementLineItems" xlink:label="us-gaap_StatementLineItems" />
    <link:definitionArc xlink:type="arc" xlink:arcrole="http://xbrl.org/int/dim/arcrole/all" xlink:from="us-gaap_StatementLineItems" xlink:to="us-gaap_StatementTable" order="2" xbrldt:closed="true" xbrldt:contextElement="segment" />
  </link:definitionLink>
  <!-- Inheritance for Line Items:  us-gaap:StatementLineItems-->
  <link:definitionLink xlink:type="extended" xlink:role="http://bankmnb.com/role/StatementsOfStockholdersEquity" xlink:title="0130 - Statement - Consolidated Statements of Changes in Shareholders' Equity">
    <link:loc xlink:type="locator" xlink:href="http://xbrl.fasb.org/us-gaap/2012/elts/us-gaap-2012-01-31.xsd#us-gaap_StatementLineItems" xlink:label="us-gaap_StatementLineItems" />
    <link:loc xlink:type="locator" xlink:href="http://xbrl.fasb.org/us-gaap/2012/elts/us-gaap-2012-01-31.xsd#us-gaap_StockholdersEquity" xlink:label="us-gaap_StockholdersEquity" />
    <link:loc xlink:type="locator" xlink:href="http://xbrl.fasb.org/us-gaap/2012/elts/us-gaap-2012-01-31.xsd#us-gaap_AdjustmentsToAdditionalPaidInCapitalSharebasedCompensationRequisiteServicePeriodRecognitionValue" xlink:label="us-gaap_AdjustmentsToAdditionalPaidInCapitalSharebasedCompensationRequisiteServicePeriodRecognitionValue" />
    <link:loc xlink:type="locator" xlink:href="http://xbrl.fasb.org/us-gaap/2012/elts/us-gaap-2012-01-31.xsd#us-gaap_ComprehensiveIncomeNetOfTaxAbstract" xlink:label="us-gaap_ComprehensiveIncomeNetOfTaxAbstract" />
    <link:loc xlink:type="locator" xlink:href="http://xbrl.fasb.org/us-gaap/2012/elts/us-gaap-2012-01-31.xsd#us-gaap_NetIncomeLoss" xlink:label="us-gaap_NetIncomeLoss" />
    <link:loc xlink:type="locator" xlink:href="http://xbrl.fasb.org/us-gaap/2012/elts/us-gaap-2012-01-31.xsd#us-gaap_OtherComprehensiveIncomeLossNetOfTaxPeriodIncreaseDecreaseAbstract" xlink:label="us-gaap_OtherComprehensiveIncomeLossNetOfTaxPeriodIncreaseDecreaseAbstract" />
    <link:loc xlink:type="locator" xlink:href="http://xbrl.fasb.org/us-gaap/2012/elts/us-gaap-2012-01-31.xsd#us-gaap_OtherComprehensiveIncomeUnrealizedHoldingGainLossOnSecuritiesArisingDuringPeriodNetOfTax" xlink:label="us-gaap_OtherComprehensiveIncomeUnrealizedHoldingGainLossOnSecuritiesArisingDuringPeriodNetOfTax" />
    <link:loc xlink:type="locator" xlink:href="http://xbrl.fasb.org/us-gaap/2012/elts/us-gaap-2012-01-31.xsd#us-gaap_ComprehensiveIncomeNetOfTax" xlink:label="us-gaap_ComprehensiveIncomeNetOfTax" />
    <link:definitionArc xlink:type="arc" xlink:arcrole="http://xbrl.org/int/dim/arcrole/domain-member" xlink:from="us-gaap_StatementLineItems" xlink:to="us-gaap_StockholdersEquity" order="1" />
    <link:definitionArc xlink:type="arc" xlink:arcrole="http://xbrl.org/int/dim/arcrole/domain-member" xlink:from="us-gaap_StatementLineItems" xlink:to="us-gaap_AdjustmentsToAdditionalPaidInCapitalSharebasedCompensationRequisiteServicePeriodRecognitionValue" order="2" />
    <link:definitionArc xlink:type="arc" xlink:arcrole="http://xbrl.org/int/dim/arcrole/domain-member" xlink:from="us-gaap_StatementLineItems" xlink:to="us-gaap_NetIncomeLoss" order="4" />
    <link:definitionArc xlink:type="arc" xlink:arcrole="http://xbrl.org/int/dim/arcrole/domain-member" xlink:from="us-gaap_StatementLineItems" xlink:to="us-gaap_OtherComprehensiveIncomeUnrealizedHoldingGainLossOnSecuritiesArisingDuringPeriodNetOfTax" order="6" />
    <link:definitionArc xlink:type="arc" xlink:arcrole="http://xbrl.org/int/dim/arcrole/domain-member" xlink:from="us-gaap_StatementLineItems" xlink:to="us-gaap_ComprehensiveIncomeNetOfTax" order="7" />
  </link:definitionLink>
  <!-- Dimension Defaults -->
  <link:definitionLink xlink:type="extended" xlink:role="http://bankmnb.com/role/StatementsOfStockholdersEquity" xlink:title="0130 - Statement - Consolidated Statements of Changes in Shareholders' Equity">
    <link:loc xlink:type="locator" xlink:href="http://xbrl.fasb.org/us-gaap/2012/elts/us-gaap-2012-01-31.xsd#us-gaap_StatementEquityComponentsAxis" xlink:label="us-gaap_StatementEquityComponentsAxis" />
    <link:loc xlink:type="locator" xlink:href="http://xbrl.fasb.org/us-gaap/2012/elts/us-gaap-2012-01-31.xsd#us-gaap_EquityComponentDomain" xlink:label="us-gaap_EquityComponentDomain" />
    <link:definitionArc xlink:type="arc" xlink:arcrole="http://xbrl.org/int/dim/arcrole/dimension-default" xlink:from="us-gaap_StatementEquityComponentsAxis" xlink:to="us-gaap_EquityComponentDomain" order="1" />
  </link:definitionLink>
</link:linkbase>
