<?xml version="1.0" encoding="us-ascii"?>
<!-- XBRL Generated with XBRLMark Copyright (C) by RR Donnelley -->
<!-- Based on XBRL 2.1 -->
<!--Modified on: 1/31/2013 9:21:08 AM-->
<linkbase xmlns="http://www.xbrl.org/2003/linkbase" xmlns:xsi="http://www.w3.org/2001/XMLSchema-instance" xmlns:xlink="http://www.w3.org/1999/xlink" xsi:schemaLocation="http://www.xbrl.org/2003/linkbase http://www.xbrl.org/2003/xbrl-linkbase-2003-12-31.xsd">
  <roleRef xlink:type="simple" xlink:href="mnbt-20111231.xsd#DocumentAndEntityInformation" roleURI="http://bankmnb.com/role/DocumentAndEntityInformation" />
  <roleRef xlink:type="simple" xlink:href="mnbt-20111231.xsd#SummaryOfSignificantAccountingPolicies" roleURI="http://bankmnb.com/role/SummaryOfSignificantAccountingPolicies" />
  <roleRef xlink:type="simple" xlink:href="mnbt-20111231.xsd#GoingConcernConsiderationsCapitalRequirementsRestrictionsOnRetainedEarningsRegulatoryMattersAndManagementPlans" roleURI="http://bankmnb.com/role/GoingConcernConsiderationsCapitalRequirementsRestrictionsOnRetainedEarningsRegulatoryMattersAndManagementPlans" />
  <roleRef xlink:type="simple" xlink:href="mnbt-20111231.xsd#Securities" roleURI="http://bankmnb.com/role/Securities" />
  <roleRef xlink:type="simple" xlink:href="mnbt-20111231.xsd#OtherRealEstateOwned" roleURI="http://bankmnb.com/role/OtherRealEstateOwned" />
  <roleRef xlink:type="simple" xlink:href="mnbt-20111231.xsd#BankPremisesAndEquipment" roleURI="http://bankmnb.com/role/BankPremisesAndEquipment" />
  <roleRef xlink:type="simple" xlink:href="mnbt-20111231.xsd#Deposits" roleURI="http://bankmnb.com/role/Deposits" />
  <roleRef xlink:type="simple" xlink:href="mnbt-20111231.xsd#OtherComprehensiveIncomeLoss" roleURI="http://bankmnb.com/role/OtherComprehensiveIncomeLoss" />
  <roleRef xlink:type="simple" xlink:href="mnbt-20111231.xsd#EarningsLossPerCommonShare" roleURI="http://bankmnb.com/role/EarningsLossPerCommonShare" />
  <roleRef xlink:type="simple" xlink:href="mnbt-20111231.xsd#IncomeTaxesBenefits" roleURI="http://bankmnb.com/role/IncomeTaxesBenefits" />
  <roleRef xlink:type="simple" xlink:href="mnbt-20111231.xsd#FederalHomeLoanBankAdvances" roleURI="http://bankmnb.com/role/FederalHomeLoanBankAdvances" />
  <roleRef xlink:type="simple" xlink:href="mnbt-20111231.xsd#SubordinatedDebentures" roleURI="http://bankmnb.com/role/SubordinatedDebentures" />
  <roleRef xlink:type="simple" xlink:href="mnbt-20111231.xsd#SecuritiesSoldUnderAgreementsToRepurchase" roleURI="http://bankmnb.com/role/SecuritiesSoldUnderAgreementsToRepurchase" />
  <roleRef xlink:type="simple" xlink:href="mnbt-20111231.xsd#EmployeeBenefitPlans" roleURI="http://bankmnb.com/role/EmployeeBenefitPlans" />
  <roleRef xlink:type="simple" xlink:href="mnbt-20111231.xsd#Leases" roleURI="http://bankmnb.com/role/Leases" />
  <roleRef xlink:type="simple" xlink:href="mnbt-20111231.xsd#FinancialInstrumentsWithOffBalanceSheetRisk" roleURI="http://bankmnb.com/role/FinancialInstrumentsWithOffBalanceSheetRisk" />
  <roleRef xlink:type="simple" xlink:href="mnbt-20111231.xsd#StockOptions" roleURI="http://bankmnb.com/role/StockOptions" />
  <roleRef xlink:type="simple" xlink:href="mnbt-20111231.xsd#RecentAccountingPronouncements" roleURI="http://bankmnb.com/role/RecentAccountingPronouncements" />
  <roleRef xlink:type="simple" xlink:href="mnbt-20111231.xsd#ParentInformation" roleURI="http://bankmnb.com/role/ParentInformation" />
  <calculationLink xlink:type="extended" xlink:role="http://bankmnb.com/role/DocumentAndEntityInformation" xlink:title="00 - Document - Document and Entity Information" />
  <roleRef roleURI="http://bankmnb.com/role/BalanceSheets" xlink:href="mnbt-20111231.xsd#BalanceSheets" xlink:type="simple" />
  <roleRef roleURI="http://bankmnb.com/role/BalanceSheetsParenthetical" xlink:href="mnbt-20111231.xsd#BalanceSheetsParenthetical" xlink:type="simple" />
  <roleRef roleURI="http://bankmnb.com/role/StatementsOfOperations" xlink:href="mnbt-20111231.xsd#StatementsOfOperations" xlink:type="simple" />
  <roleRef roleURI="http://bankmnb.com/role/StatementsOfStockholdersEquity" xlink:href="mnbt-20111231.xsd#StatementsOfStockholdersEquity" xlink:type="simple" />
  <roleRef roleURI="http://bankmnb.com/role/StatementsOfCashFlows" xlink:href="mnbt-20111231.xsd#StatementsOfCashFlows" xlink:type="simple" />
  <calculationLink xlink:role="http://bankmnb.com/role/BalanceSheets" xlink:title="0110 - Statement - Consolidated Balance Sheets" xlink:type="extended">
    <loc xlink:type="locator" xlink:href="http://xbrl.fasb.org/us-gaap/2012/elts/us-gaap-2012-01-31.xsd#us-gaap_CashCashEquivalentsAndFederalFundsSold" xlink:label="loc_CashCashEquivalentsAndFederalFundsSold" />
    <loc xlink:type="locator" xlink:href="http://xbrl.fasb.org/us-gaap/2012/elts/us-gaap-2012-01-31.xsd#us-gaap_CashAndDueFromBanks" xlink:label="loc_CashAndDueFromBanks" />
    <calculationArc xlink:type="arc" xlink:arcrole="http://www.xbrl.org/2003/arcrole/summation-item" xlink:from="loc_CashCashEquivalentsAndFederalFundsSold" xlink:to="loc_CashAndDueFromBanks" order="1" use="optional" weight="1" />
    <loc xlink:type="locator" xlink:href="http://xbrl.fasb.org/us-gaap/2012/elts/us-gaap-2012-01-31.xsd#us-gaap_FederalFundsSold" xlink:label="loc_FederalFundsSold" />
    <calculationArc xlink:type="arc" xlink:arcrole="http://www.xbrl.org/2003/arcrole/summation-item" xlink:from="loc_CashCashEquivalentsAndFederalFundsSold" xlink:to="loc_FederalFundsSold" order="2" use="optional" weight="1" />
    <loc xlink:type="locator" xlink:href="http://xbrl.fasb.org/us-gaap/2012/elts/us-gaap-2012-01-31.xsd#us-gaap_Assets" xlink:label="loc_Assets" />
    <calculationArc xlink:type="arc" xlink:arcrole="http://www.xbrl.org/2003/arcrole/summation-item" xlink:from="loc_Assets" xlink:to="loc_CashCashEquivalentsAndFederalFundsSold" order="3" use="optional" weight="1" />
    <loc xlink:type="locator" xlink:href="http://xbrl.fasb.org/us-gaap/2012/elts/us-gaap-2012-01-31.xsd#us-gaap_AvailableForSaleSecurities" xlink:label="loc_AvailableForSaleSecurities" />
    <calculationArc xlink:type="arc" xlink:arcrole="http://www.xbrl.org/2003/arcrole/summation-item" xlink:from="loc_Assets" xlink:to="loc_AvailableForSaleSecurities" order="4" use="optional" weight="1" />
    <loc xlink:type="locator" xlink:href="http://xbrl.fasb.org/us-gaap/2012/elts/us-gaap-2012-01-31.xsd#us-gaap_HeldToMaturitySecurities" xlink:label="loc_HeldToMaturitySecurities" />
    <calculationArc xlink:type="arc" xlink:arcrole="http://www.xbrl.org/2003/arcrole/summation-item" xlink:from="loc_Assets" xlink:to="loc_HeldToMaturitySecurities" order="5" use="optional" weight="1" />
    <loc xlink:type="locator" xlink:href="http://xbrl.fasb.org/us-gaap/2012/elts/us-gaap-2012-01-31.xsd#us-gaap_RestrictedInvestments" xlink:label="loc_RestrictedInvestments" />
    <calculationArc xlink:type="arc" xlink:arcrole="http://www.xbrl.org/2003/arcrole/summation-item" xlink:from="loc_Assets" xlink:to="loc_RestrictedInvestments" order="6" use="optional" weight="1" />
    <loc xlink:type="locator" xlink:href="http://xbrl.fasb.org/us-gaap/2012/elts/us-gaap-2012-01-31.xsd#us-gaap_LoansAndLeasesReceivableNetReportedAmount" xlink:label="loc_LoansAndLeasesReceivableNetReportedAmount" />
    <calculationArc xlink:type="arc" xlink:arcrole="http://www.xbrl.org/2003/arcrole/summation-item" xlink:from="loc_Assets" xlink:to="loc_LoansAndLeasesReceivableNetReportedAmount" order="7" use="optional" weight="1" />
    <loc xlink:type="locator" xlink:href="http://xbrl.fasb.org/us-gaap/2012/elts/us-gaap-2012-01-31.xsd#us-gaap_EquityMethodInvestments" xlink:label="loc_EquityMethodInvestments" />
    <calculationArc xlink:type="arc" xlink:arcrole="http://www.xbrl.org/2003/arcrole/summation-item" xlink:from="loc_Assets" xlink:to="loc_EquityMethodInvestments" order="8" use="optional" weight="1" />
    <loc xlink:type="locator" xlink:href="http://xbrl.fasb.org/us-gaap/2012/elts/us-gaap-2012-01-31.xsd#us-gaap_PropertyPlantAndEquipmentNet" xlink:label="loc_PropertyPlantAndEquipmentNet" />
    <calculationArc xlink:type="arc" xlink:arcrole="http://www.xbrl.org/2003/arcrole/summation-item" xlink:from="loc_Assets" xlink:to="loc_PropertyPlantAndEquipmentNet" order="9" use="optional" weight="1" />
    <loc xlink:type="locator" xlink:href="http://xbrl.fasb.org/us-gaap/2012/elts/us-gaap-2012-01-31.xsd#us-gaap_InterestReceivable" xlink:label="loc_InterestReceivable" />
    <calculationArc xlink:type="arc" xlink:arcrole="http://www.xbrl.org/2003/arcrole/summation-item" xlink:from="loc_Assets" xlink:to="loc_InterestReceivable" order="10" use="optional" weight="1" />
    <loc xlink:type="locator" xlink:href="http://xbrl.fasb.org/us-gaap/2012/elts/us-gaap-2012-01-31.xsd#us-gaap_BankOwnedLifeInsurance" xlink:label="loc_BankOwnedLifeInsurance" />
    <calculationArc xlink:type="arc" xlink:arcrole="http://www.xbrl.org/2003/arcrole/summation-item" xlink:from="loc_Assets" xlink:to="loc_BankOwnedLifeInsurance" order="11" use="optional" weight="1" />
    <loc xlink:type="locator" xlink:href="http://xbrl.fasb.org/us-gaap/2012/elts/us-gaap-2012-01-31.xsd#us-gaap_RealEstateAcquiredThroughForeclosure" xlink:label="loc_RealEstateAcquiredThroughForeclosure" />
    <calculationArc xlink:type="arc" xlink:arcrole="http://www.xbrl.org/2003/arcrole/summation-item" xlink:from="loc_Assets" xlink:to="loc_RealEstateAcquiredThroughForeclosure" order="12" use="optional" weight="1" />
    <loc xlink:type="locator" xlink:href="http://xbrl.fasb.org/us-gaap/2012/elts/us-gaap-2012-01-31.xsd#us-gaap_OtherAssets" xlink:label="loc_OtherAssets" />
    <calculationArc xlink:type="arc" xlink:arcrole="http://www.xbrl.org/2003/arcrole/summation-item" xlink:from="loc_Assets" xlink:to="loc_OtherAssets" order="13" use="optional" weight="1" />
    <loc xlink:type="locator" xlink:href="http://xbrl.fasb.org/us-gaap/2012/elts/us-gaap-2012-01-31.xsd#us-gaap_Deposits" xlink:label="loc_Deposits" />
    <loc xlink:type="locator" xlink:href="http://xbrl.fasb.org/us-gaap/2012/elts/us-gaap-2012-01-31.xsd#us-gaap_NoninterestBearingDepositLiabilities" xlink:label="loc_NoninterestBearingDepositLiabilities" />
    <calculationArc xlink:type="arc" xlink:arcrole="http://www.xbrl.org/2003/arcrole/summation-item" xlink:from="loc_Deposits" xlink:to="loc_NoninterestBearingDepositLiabilities" order="14" use="optional" weight="1" />
    <loc xlink:type="locator" xlink:href="http://xbrl.fasb.org/us-gaap/2012/elts/us-gaap-2012-01-31.xsd#us-gaap_DepositsNegotiableOrderOfWithdrawalNOW" xlink:label="loc_DepositsNegotiableOrderOfWithdrawalNOW" />
    <calculationArc xlink:type="arc" xlink:arcrole="http://www.xbrl.org/2003/arcrole/summation-item" xlink:from="loc_Deposits" xlink:to="loc_DepositsNegotiableOrderOfWithdrawalNOW" order="15" use="optional" weight="1" />
    <loc xlink:type="locator" xlink:href="http://xbrl.fasb.org/us-gaap/2012/elts/us-gaap-2012-01-31.xsd#us-gaap_DepositsMoneyMarketDeposits" xlink:label="loc_DepositsMoneyMarketDeposits" />
    <calculationArc xlink:type="arc" xlink:arcrole="http://www.xbrl.org/2003/arcrole/summation-item" xlink:from="loc_Deposits" xlink:to="loc_DepositsMoneyMarketDeposits" order="16" use="optional" weight="1" />
    <loc xlink:type="locator" xlink:href="http://xbrl.fasb.org/us-gaap/2012/elts/us-gaap-2012-01-31.xsd#us-gaap_DepositsSavingsDeposits" xlink:label="loc_DepositsSavingsDeposits" />
    <calculationArc xlink:type="arc" xlink:arcrole="http://www.xbrl.org/2003/arcrole/summation-item" xlink:from="loc_Deposits" xlink:to="loc_DepositsSavingsDeposits" order="17" use="optional" weight="1" />
    <loc xlink:type="locator" xlink:href="http://xbrl.fasb.org/us-gaap/2012/elts/us-gaap-2012-01-31.xsd#us-gaap_TimeDeposits" xlink:label="loc_TimeDeposits" />
    <calculationArc xlink:type="arc" xlink:arcrole="http://www.xbrl.org/2003/arcrole/summation-item" xlink:from="loc_Deposits" xlink:to="loc_TimeDeposits" order="18" use="optional" weight="1" />
    <loc xlink:type="locator" xlink:href="http://xbrl.fasb.org/us-gaap/2012/elts/us-gaap-2012-01-31.xsd#us-gaap_Liabilities" xlink:label="loc_Liabilities" />
    <calculationArc xlink:type="arc" xlink:arcrole="http://www.xbrl.org/2003/arcrole/summation-item" xlink:from="loc_Liabilities" xlink:to="loc_Deposits" order="19" use="optional" weight="1" />
    <loc xlink:type="locator" xlink:href="http://xbrl.fasb.org/us-gaap/2012/elts/us-gaap-2012-01-31.xsd#us-gaap_SecuritiesSoldUnderAgreementsToRepurchase" xlink:label="loc_SecuritiesSoldUnderAgreementsToRepurchase" />
    <calculationArc xlink:type="arc" xlink:arcrole="http://www.xbrl.org/2003/arcrole/summation-item" xlink:from="loc_Liabilities" xlink:to="loc_SecuritiesSoldUnderAgreementsToRepurchase" order="20" use="optional" weight="1" />
    <loc xlink:type="locator" xlink:href="http://xbrl.fasb.org/us-gaap/2012/elts/us-gaap-2012-01-31.xsd#us-gaap_InterestPayableCurrentAndNoncurrent" xlink:label="loc_InterestPayableCurrentAndNoncurrent" />
    <calculationArc xlink:type="arc" xlink:arcrole="http://www.xbrl.org/2003/arcrole/summation-item" xlink:from="loc_Liabilities" xlink:to="loc_InterestPayableCurrentAndNoncurrent" order="21" use="optional" weight="1" />
    <loc xlink:type="locator" xlink:href="http://xbrl.fasb.org/us-gaap/2012/elts/us-gaap-2012-01-31.xsd#us-gaap_SubordinatedDebt" xlink:label="loc_SubordinatedDebt" />
    <calculationArc xlink:type="arc" xlink:arcrole="http://www.xbrl.org/2003/arcrole/summation-item" xlink:from="loc_Liabilities" xlink:to="loc_SubordinatedDebt" order="22" use="optional" weight="1" />
    <loc xlink:type="locator" xlink:href="http://xbrl.fasb.org/us-gaap/2012/elts/us-gaap-2012-01-31.xsd#us-gaap_FederalHomeLoanBankAdvancesLongTerm" xlink:label="loc_FederalHomeLoanBankAdvancesLongTerm" />
    <calculationArc xlink:type="arc" xlink:arcrole="http://www.xbrl.org/2003/arcrole/summation-item" xlink:from="loc_Liabilities" xlink:to="loc_FederalHomeLoanBankAdvancesLongTerm" order="23" use="optional" weight="1" />
    <loc xlink:type="locator" xlink:href="http://xbrl.fasb.org/us-gaap/2012/elts/us-gaap-2012-01-31.xsd#us-gaap_OtherLiabilities" xlink:label="loc_OtherLiabilities" />
    <calculationArc xlink:type="arc" xlink:arcrole="http://www.xbrl.org/2003/arcrole/summation-item" xlink:from="loc_Liabilities" xlink:to="loc_OtherLiabilities" order="24" use="optional" weight="1" />
    <loc xlink:type="locator" xlink:href="http://xbrl.fasb.org/us-gaap/2012/elts/us-gaap-2012-01-31.xsd#us-gaap_LiabilitiesAndStockholdersEquity" xlink:label="loc_LiabilitiesAndStockholdersEquity" />
    <calculationArc xlink:type="arc" xlink:arcrole="http://www.xbrl.org/2003/arcrole/summation-item" xlink:from="loc_LiabilitiesAndStockholdersEquity" xlink:to="loc_Liabilities" order="25" use="optional" weight="1" />
    <loc xlink:type="locator" xlink:href="http://xbrl.fasb.org/us-gaap/2012/elts/us-gaap-2012-01-31.xsd#us-gaap_StockholdersEquity" xlink:label="loc_StockholdersEquity" />
    <loc xlink:type="locator" xlink:href="http://xbrl.fasb.org/us-gaap/2012/elts/us-gaap-2012-01-31.xsd#us-gaap_PreferredStockValue" xlink:label="loc_PreferredStockValue" />
    <calculationArc xlink:type="arc" xlink:arcrole="http://www.xbrl.org/2003/arcrole/summation-item" xlink:from="loc_StockholdersEquity" xlink:to="loc_PreferredStockValue" order="26" use="optional" weight="1" />
    <loc xlink:type="locator" xlink:href="http://xbrl.fasb.org/us-gaap/2012/elts/us-gaap-2012-01-31.xsd#us-gaap_CommonStockValue" xlink:label="loc_CommonStockValue" />
    <calculationArc xlink:type="arc" xlink:arcrole="http://www.xbrl.org/2003/arcrole/summation-item" xlink:from="loc_StockholdersEquity" xlink:to="loc_CommonStockValue" order="27" use="optional" weight="1" />
    <loc xlink:type="locator" xlink:href="http://xbrl.fasb.org/us-gaap/2012/elts/us-gaap-2012-01-31.xsd#us-gaap_AdditionalPaidInCapitalCommonStock" xlink:label="loc_AdditionalPaidInCapitalCommonStock" />
    <calculationArc xlink:type="arc" xlink:arcrole="http://www.xbrl.org/2003/arcrole/summation-item" xlink:from="loc_StockholdersEquity" xlink:to="loc_AdditionalPaidInCapitalCommonStock" order="28" use="optional" weight="1" />
    <loc xlink:type="locator" xlink:href="http://xbrl.fasb.org/us-gaap/2012/elts/us-gaap-2012-01-31.xsd#us-gaap_RetainedEarningsAccumulatedDeficit" xlink:label="loc_RetainedEarningsAccumulatedDeficit" />
    <calculationArc xlink:type="arc" xlink:arcrole="http://www.xbrl.org/2003/arcrole/summation-item" xlink:from="loc_StockholdersEquity" xlink:to="loc_RetainedEarningsAccumulatedDeficit" order="29" use="optional" weight="1" />
    <loc xlink:type="locator" xlink:href="http://xbrl.fasb.org/us-gaap/2012/elts/us-gaap-2012-01-31.xsd#us-gaap_AccumulatedOtherComprehensiveIncomeLossNetOfTax" xlink:label="loc_AccumulatedOtherComprehensiveIncomeLossNetOfTax" />
    <calculationArc xlink:type="arc" xlink:arcrole="http://www.xbrl.org/2003/arcrole/summation-item" xlink:from="loc_StockholdersEquity" xlink:to="loc_AccumulatedOtherComprehensiveIncomeLossNetOfTax" order="30" use="optional" weight="1" />
    <calculationArc xlink:type="arc" xlink:arcrole="http://www.xbrl.org/2003/arcrole/summation-item" xlink:from="loc_LiabilitiesAndStockholdersEquity" xlink:to="loc_StockholdersEquity" order="31" use="optional" weight="1" />
  </calculationLink>
  <calculationLink xlink:role="http://bankmnb.com/role/StatementsOfOperations" xlink:title="0120 - Statement - Consolidated Statements of Operations" xlink:type="extended">
    <loc xlink:type="locator" xlink:href="http://xbrl.fasb.org/us-gaap/2012/elts/us-gaap-2012-01-31.xsd#us-gaap_InterestAndDividendIncomeOperating" xlink:label="loc_InterestAndDividendIncomeOperating" />
    <loc xlink:type="locator" xlink:href="http://xbrl.fasb.org/us-gaap/2012/elts/us-gaap-2012-01-31.xsd#us-gaap_InterestAndFeeIncomeLoansAndLeases" xlink:label="loc_InterestAndFeeIncomeLoansAndLeases" />
    <calculationArc xlink:type="arc" xlink:arcrole="http://www.xbrl.org/2003/arcrole/summation-item" xlink:from="loc_InterestAndDividendIncomeOperating" xlink:to="loc_InterestAndFeeIncomeLoansAndLeases" order="32" use="optional" weight="1" />
    <loc xlink:type="locator" xlink:href="http://xbrl.fasb.org/us-gaap/2012/elts/us-gaap-2012-01-31.xsd#us-gaap_InterestIncomeSecuritiesTaxable" xlink:label="loc_InterestIncomeSecuritiesTaxable" />
    <calculationArc xlink:type="arc" xlink:arcrole="http://www.xbrl.org/2003/arcrole/summation-item" xlink:from="loc_InterestAndDividendIncomeOperating" xlink:to="loc_InterestIncomeSecuritiesTaxable" order="33" use="optional" weight="1" />
    <loc xlink:type="locator" xlink:href="http://xbrl.fasb.org/us-gaap/2012/elts/us-gaap-2012-01-31.xsd#us-gaap_InterestIncomeSecuritiesTaxExempt" xlink:label="loc_InterestIncomeSecuritiesTaxExempt" />
    <calculationArc xlink:type="arc" xlink:arcrole="http://www.xbrl.org/2003/arcrole/summation-item" xlink:from="loc_InterestAndDividendIncomeOperating" xlink:to="loc_InterestIncomeSecuritiesTaxExempt" order="34" use="optional" weight="1" />
    <loc xlink:type="locator" xlink:href="mnbt-20111231.xsd#mnbt_InterestIncomeFederalFundsSoldAndDepositsInOtherBanks" xlink:label="mnbt_InterestIncomeFederalFundsSoldAndDepositsInOtherBanks" />
    <calculationArc xlink:type="arc" xlink:arcrole="http://www.xbrl.org/2003/arcrole/summation-item" xlink:from="loc_InterestAndDividendIncomeOperating" xlink:to="mnbt_InterestIncomeFederalFundsSoldAndDepositsInOtherBanks" order="35" use="optional" weight="1" />
    <loc xlink:type="locator" xlink:href="http://xbrl.fasb.org/us-gaap/2012/elts/us-gaap-2012-01-31.xsd#us-gaap_InterestIncomeExpenseNet" xlink:label="loc_InterestIncomeExpenseNet" />
    <calculationArc xlink:type="arc" xlink:arcrole="http://www.xbrl.org/2003/arcrole/summation-item" xlink:from="loc_InterestIncomeExpenseNet" xlink:to="loc_InterestAndDividendIncomeOperating" order="36" use="optional" weight="1" />
    <loc xlink:type="locator" xlink:href="http://xbrl.fasb.org/us-gaap/2012/elts/us-gaap-2012-01-31.xsd#us-gaap_InterestExpense" xlink:label="loc_InterestExpense" />
    <loc xlink:type="locator" xlink:href="http://xbrl.fasb.org/us-gaap/2012/elts/us-gaap-2012-01-31.xsd#us-gaap_InterestExpenseDeposits" xlink:label="loc_InterestExpenseDeposits" />
    <calculationArc xlink:type="arc" xlink:arcrole="http://www.xbrl.org/2003/arcrole/summation-item" xlink:from="loc_InterestExpense" xlink:to="loc_InterestExpenseDeposits" order="37" use="optional" weight="1" />
    <loc xlink:type="locator" xlink:href="http://xbrl.fasb.org/us-gaap/2012/elts/us-gaap-2012-01-31.xsd#us-gaap_InterestExpenseFederalFundsPurchased" xlink:label="loc_InterestExpenseFederalFundsPurchased" />
    <calculationArc xlink:type="arc" xlink:arcrole="http://www.xbrl.org/2003/arcrole/summation-item" xlink:from="loc_InterestExpense" xlink:to="loc_InterestExpenseFederalFundsPurchased" order="38" use="optional" weight="1" />
    <loc xlink:type="locator" xlink:href="http://xbrl.fasb.org/us-gaap/2012/elts/us-gaap-2012-01-31.xsd#us-gaap_InterestExpenseFederalFundsPurchasedAndSecuritiesSoldUnderAgreementsToRepurchase" xlink:label="loc_InterestExpenseFederalFundsPurchasedAndSecuritiesSoldUnderAgreementsToRepurchase" />
    <calculationArc xlink:type="arc" xlink:arcrole="http://www.xbrl.org/2003/arcrole/summation-item" xlink:from="loc_InterestExpense" xlink:to="loc_InterestExpenseFederalFundsPurchasedAndSecuritiesSoldUnderAgreementsToRepurchase" order="39" use="optional" weight="1" />
    <loc xlink:type="locator" xlink:href="http://xbrl.fasb.org/us-gaap/2012/elts/us-gaap-2012-01-31.xsd#us-gaap_InterestExpenseFederalHomeLoanBankAndFederalReserveBankAdvancesLongTerm" xlink:label="loc_InterestExpenseFederalHomeLoanBankAndFederalReserveBankAdvancesLongTerm" />
    <calculationArc xlink:type="arc" xlink:arcrole="http://www.xbrl.org/2003/arcrole/summation-item" xlink:from="loc_InterestExpense" xlink:to="loc_InterestExpenseFederalHomeLoanBankAndFederalReserveBankAdvancesLongTerm" order="40" use="optional" weight="1" />
    <loc xlink:type="locator" xlink:href="http://xbrl.fasb.org/us-gaap/2012/elts/us-gaap-2012-01-31.xsd#us-gaap_InterestExpenseSubordinatedNotesAndDebentures" xlink:label="loc_InterestExpenseSubordinatedNotesAndDebentures" />
    <calculationArc xlink:type="arc" xlink:arcrole="http://www.xbrl.org/2003/arcrole/summation-item" xlink:from="loc_InterestExpense" xlink:to="loc_InterestExpenseSubordinatedNotesAndDebentures" order="41" use="optional" weight="1" />
    <calculationArc xlink:type="arc" xlink:arcrole="http://www.xbrl.org/2003/arcrole/summation-item" xlink:from="loc_InterestIncomeExpenseNet" xlink:to="loc_InterestExpense" order="42" use="optional" weight="-1" />
    <loc xlink:type="locator" xlink:href="http://xbrl.fasb.org/us-gaap/2012/elts/us-gaap-2012-01-31.xsd#us-gaap_InterestIncomeExpenseAfterProvisionForLoanLoss" xlink:label="loc_InterestIncomeExpenseAfterProvisionForLoanLoss" />
    <calculationArc xlink:type="arc" xlink:arcrole="http://www.xbrl.org/2003/arcrole/summation-item" xlink:from="loc_InterestIncomeExpenseAfterProvisionForLoanLoss" xlink:to="loc_InterestIncomeExpenseNet" order="43" use="optional" weight="1" />
    <loc xlink:type="locator" xlink:href="http://xbrl.fasb.org/us-gaap/2012/elts/us-gaap-2012-01-31.xsd#us-gaap_ProvisionForLoanAndLeaseLosses" xlink:label="loc_ProvisionForLoanAndLeaseLosses" />
    <calculationArc xlink:type="arc" xlink:arcrole="http://www.xbrl.org/2003/arcrole/summation-item" xlink:from="loc_InterestIncomeExpenseAfterProvisionForLoanLoss" xlink:to="loc_ProvisionForLoanAndLeaseLosses" order="44" use="optional" weight="-1" />
    <loc xlink:type="locator" xlink:href="http://xbrl.fasb.org/us-gaap/2012/elts/us-gaap-2012-01-31.xsd#us-gaap_IncomeLossFromContinuingOperationsBeforeIncomeTaxesMinorityInterestAndIncomeLossFromEquityMethodInvestments" xlink:label="loc_IncomeLossFromContinuingOperationsBeforeIncomeTaxesMinorityInterestAndIncomeLossFromEquityMethodInvestments" />
    <calculationArc xlink:type="arc" xlink:arcrole="http://www.xbrl.org/2003/arcrole/summation-item" xlink:from="loc_IncomeLossFromContinuingOperationsBeforeIncomeTaxesMinorityInterestAndIncomeLossFromEquityMethodInvestments" xlink:to="loc_InterestIncomeExpenseAfterProvisionForLoanLoss" order="45" use="optional" weight="1" />
    <loc xlink:type="locator" xlink:href="http://xbrl.fasb.org/us-gaap/2012/elts/us-gaap-2012-01-31.xsd#us-gaap_NoninterestIncome" xlink:label="loc_NoninterestIncome" />
    <loc xlink:type="locator" xlink:href="http://xbrl.fasb.org/us-gaap/2012/elts/us-gaap-2012-01-31.xsd#us-gaap_FeesAndCommissionsDepositorAccounts" xlink:label="loc_FeesAndCommissionsDepositorAccounts" />
    <calculationArc xlink:type="arc" xlink:arcrole="http://www.xbrl.org/2003/arcrole/summation-item" xlink:from="loc_NoninterestIncome" xlink:to="loc_FeesAndCommissionsDepositorAccounts" order="46" use="optional" weight="1" />
    <loc xlink:type="locator" xlink:href="http://xbrl.fasb.org/us-gaap/2012/elts/us-gaap-2012-01-31.xsd#us-gaap_FeesAndCommissionsOther" xlink:label="loc_FeesAndCommissionsOther" />
    <calculationArc xlink:type="arc" xlink:arcrole="http://www.xbrl.org/2003/arcrole/summation-item" xlink:from="loc_NoninterestIncome" xlink:to="loc_FeesAndCommissionsOther" order="47" use="optional" weight="1" />
    <loc xlink:type="locator" xlink:href="http://xbrl.fasb.org/us-gaap/2012/elts/us-gaap-2012-01-31.xsd#us-gaap_GainLossOnSaleOfMortgageLoans" xlink:label="loc_GainLossOnSaleOfMortgageLoans" />
    <calculationArc xlink:type="arc" xlink:arcrole="http://www.xbrl.org/2003/arcrole/summation-item" xlink:from="loc_NoninterestIncome" xlink:to="loc_GainLossOnSaleOfMortgageLoans" order="48" use="optional" weight="1" />
    <loc xlink:type="locator" xlink:href="http://xbrl.fasb.org/us-gaap/2012/elts/us-gaap-2012-01-31.xsd#us-gaap_GainLossOnInvestments" xlink:label="loc_GainLossOnInvestments" />
    <calculationArc xlink:type="arc" xlink:arcrole="http://www.xbrl.org/2003/arcrole/summation-item" xlink:from="loc_NoninterestIncome" xlink:to="loc_GainLossOnInvestments" order="49" use="optional" weight="1" />
    <loc xlink:type="locator" xlink:href="http://xbrl.fasb.org/us-gaap/2012/elts/us-gaap-2012-01-31.xsd#us-gaap_GainsLossesOnSalesOfOtherRealEstate" xlink:label="loc_GainsLossesOnSalesOfOtherRealEstate" />
    <calculationArc xlink:type="arc" xlink:arcrole="http://www.xbrl.org/2003/arcrole/summation-item" xlink:from="loc_NoninterestIncome" xlink:to="loc_GainsLossesOnSalesOfOtherRealEstate" order="50" use="optional" weight="1" />
    <loc xlink:type="locator" xlink:href="http://xbrl.fasb.org/us-gaap/2012/elts/us-gaap-2012-01-31.xsd#us-gaap_NoninterestIncomeOther" xlink:label="loc_NoninterestIncomeOther" />
    <calculationArc xlink:type="arc" xlink:arcrole="http://www.xbrl.org/2003/arcrole/summation-item" xlink:from="loc_NoninterestIncome" xlink:to="loc_NoninterestIncomeOther" order="51" use="optional" weight="1" />
    <calculationArc xlink:type="arc" xlink:arcrole="http://www.xbrl.org/2003/arcrole/summation-item" xlink:from="loc_IncomeLossFromContinuingOperationsBeforeIncomeTaxesMinorityInterestAndIncomeLossFromEquityMethodInvestments" xlink:to="loc_NoninterestIncome" order="52" use="optional" weight="1" />
    <loc xlink:type="locator" xlink:href="http://xbrl.fasb.org/us-gaap/2012/elts/us-gaap-2012-01-31.xsd#us-gaap_NoninterestExpense" xlink:label="loc_NoninterestExpense" />
    <loc xlink:type="locator" xlink:href="http://xbrl.fasb.org/us-gaap/2012/elts/us-gaap-2012-01-31.xsd#us-gaap_LaborAndRelatedExpense" xlink:label="loc_LaborAndRelatedExpense" />
    <calculationArc xlink:type="arc" xlink:arcrole="http://www.xbrl.org/2003/arcrole/summation-item" xlink:from="loc_NoninterestExpense" xlink:to="loc_LaborAndRelatedExpense" order="53" use="optional" weight="1" />
    <loc xlink:type="locator" xlink:href="http://xbrl.fasb.org/us-gaap/2012/elts/us-gaap-2012-01-31.xsd#us-gaap_OccupancyNet" xlink:label="loc_OccupancyNet" />
    <calculationArc xlink:type="arc" xlink:arcrole="http://www.xbrl.org/2003/arcrole/summation-item" xlink:from="loc_NoninterestExpense" xlink:to="loc_OccupancyNet" order="54" use="optional" weight="1" />
    <loc xlink:type="locator" xlink:href="http://xbrl.fasb.org/us-gaap/2012/elts/us-gaap-2012-01-31.xsd#us-gaap_FederalDepositInsuranceCorporationPremiumExpense" xlink:label="loc_FederalDepositInsuranceCorporationPremiumExpense" />
    <calculationArc xlink:type="arc" xlink:arcrole="http://www.xbrl.org/2003/arcrole/summation-item" xlink:from="loc_NoninterestExpense" xlink:to="loc_FederalDepositInsuranceCorporationPremiumExpense" order="55" use="optional" weight="1" />
    <loc xlink:type="locator" xlink:href="http://xbrl.fasb.org/us-gaap/2012/elts/us-gaap-2012-01-31.xsd#us-gaap_OtherNoninterestExpense" xlink:label="loc_OtherNoninterestExpense" />
    <calculationArc xlink:type="arc" xlink:arcrole="http://www.xbrl.org/2003/arcrole/summation-item" xlink:from="loc_NoninterestExpense" xlink:to="loc_OtherNoninterestExpense" order="56" use="optional" weight="1" />
    <calculationArc xlink:type="arc" xlink:arcrole="http://www.xbrl.org/2003/arcrole/summation-item" xlink:from="loc_IncomeLossFromContinuingOperationsBeforeIncomeTaxesMinorityInterestAndIncomeLossFromEquityMethodInvestments" xlink:to="loc_NoninterestExpense" order="57" use="optional" weight="-1" />
    <loc xlink:type="locator" xlink:href="http://xbrl.fasb.org/us-gaap/2012/elts/us-gaap-2012-01-31.xsd#us-gaap_NetIncomeLoss" xlink:label="loc_NetIncomeLoss" />
    <calculationArc xlink:type="arc" xlink:arcrole="http://www.xbrl.org/2003/arcrole/summation-item" xlink:from="loc_NetIncomeLoss" xlink:to="loc_IncomeLossFromContinuingOperationsBeforeIncomeTaxesMinorityInterestAndIncomeLossFromEquityMethodInvestments" order="58" use="optional" weight="1" />
    <loc xlink:type="locator" xlink:href="http://xbrl.fasb.org/us-gaap/2012/elts/us-gaap-2012-01-31.xsd#us-gaap_IncomeTaxExpenseBenefit" xlink:label="loc_IncomeTaxExpenseBenefit" />
    <calculationArc xlink:type="arc" xlink:arcrole="http://www.xbrl.org/2003/arcrole/summation-item" xlink:from="loc_NetIncomeLoss" xlink:to="loc_IncomeTaxExpenseBenefit" order="59" use="optional" weight="-1" />
  </calculationLink>
  <calculationLink xlink:role="http://bankmnb.com/role/StatementsOfStockholdersEquity" xlink:title="0130 - Statement - Consolidated Statements of Changes in Shareholders' Equity" xlink:type="extended">
    <loc xlink:type="locator" xlink:href="http://xbrl.fasb.org/us-gaap/2012/elts/us-gaap-2012-01-31.xsd#us-gaap_ComprehensiveIncomeNetOfTax" xlink:label="loc_ComprehensiveIncomeNetOfTax" />
    <loc xlink:type="locator" xlink:href="http://xbrl.fasb.org/us-gaap/2012/elts/us-gaap-2012-01-31.xsd#us-gaap_NetIncomeLoss" xlink:label="loc_NetIncomeLoss" />
    <calculationArc xlink:type="arc" xlink:arcrole="http://www.xbrl.org/2003/arcrole/summation-item" xlink:from="loc_ComprehensiveIncomeNetOfTax" xlink:to="loc_NetIncomeLoss" order="60" use="optional" weight="1" />
    <loc xlink:type="locator" xlink:href="http://xbrl.fasb.org/us-gaap/2012/elts/us-gaap-2012-01-31.xsd#us-gaap_OtherComprehensiveIncomeUnrealizedHoldingGainLossOnSecuritiesArisingDuringPeriodNetOfTax" xlink:label="loc_OtherComprehensiveIncomeUnrealizedHoldingGainLossOnSecuritiesArisingDuringPeriodNetOfTax" />
    <calculationArc xlink:type="arc" xlink:arcrole="http://www.xbrl.org/2003/arcrole/summation-item" xlink:from="loc_ComprehensiveIncomeNetOfTax" xlink:to="loc_OtherComprehensiveIncomeUnrealizedHoldingGainLossOnSecuritiesArisingDuringPeriodNetOfTax" order="61" use="optional" weight="1" />
  </calculationLink>
  <calculationLink xlink:role="http://bankmnb.com/role/StatementsOfCashFlows" xlink:title="0140 - Statement - Consolidated Statements of Cash Flows" xlink:type="extended">
    <loc xlink:type="locator" xlink:href="http://xbrl.fasb.org/us-gaap/2012/elts/us-gaap-2012-01-31.xsd#us-gaap_NetCashProvidedByUsedInOperatingActivities" xlink:label="loc_NetCashProvidedByUsedInOperatingActivities" />
    <loc xlink:type="locator" xlink:href="http://xbrl.fasb.org/us-gaap/2012/elts/us-gaap-2012-01-31.xsd#us-gaap_NetIncomeLoss" xlink:label="loc_NetIncomeLoss" />
    <calculationArc xlink:type="arc" xlink:arcrole="http://www.xbrl.org/2003/arcrole/summation-item" xlink:from="loc_NetCashProvidedByUsedInOperatingActivities" xlink:to="loc_NetIncomeLoss" order="62" use="optional" weight="1" />
    <loc xlink:type="locator" xlink:href="http://xbrl.fasb.org/us-gaap/2012/elts/us-gaap-2012-01-31.xsd#us-gaap_Depreciation" xlink:label="loc_Depreciation" />
    <calculationArc xlink:type="arc" xlink:arcrole="http://www.xbrl.org/2003/arcrole/summation-item" xlink:from="loc_NetCashProvidedByUsedInOperatingActivities" xlink:to="loc_Depreciation" order="63" use="optional" weight="1" />
    <loc xlink:type="locator" xlink:href="http://xbrl.fasb.org/us-gaap/2012/elts/us-gaap-2012-01-31.xsd#us-gaap_AvailableForSaleSecuritiesGrossRealizedGainLossNet" xlink:label="loc_AvailableForSaleSecuritiesGrossRealizedGainLossNet" />
    <calculationArc xlink:type="arc" xlink:arcrole="http://www.xbrl.org/2003/arcrole/summation-item" xlink:from="loc_NetCashProvidedByUsedInOperatingActivities" xlink:to="loc_AvailableForSaleSecuritiesGrossRealizedGainLossNet" order="64" use="optional" weight="-1" />
    <loc xlink:type="locator" xlink:href="http://xbrl.fasb.org/us-gaap/2012/elts/us-gaap-2012-01-31.xsd#us-gaap_HeldtomaturitySecuritiesSoldSecurityRealizedGainLossExcludingOtherThanTemporaryImpairments" xlink:label="loc_HeldtomaturitySecuritiesSoldSecurityRealizedGainLossExcludingOtherThanTemporaryImpairments" />
    <calculationArc xlink:type="arc" xlink:arcrole="http://www.xbrl.org/2003/arcrole/summation-item" xlink:from="loc_NetCashProvidedByUsedInOperatingActivities" xlink:to="loc_HeldtomaturitySecuritiesSoldSecurityRealizedGainLossExcludingOtherThanTemporaryImpairments" order="65" use="optional" weight="-1" />
    <loc xlink:type="locator" xlink:href="mnbt-20111231.xsd#mnbt_NetAmortizationOnAvailableForSaleSecurities" xlink:label="mnbt_NetAmortizationOnAvailableForSaleSecurities" />
    <calculationArc xlink:type="arc" xlink:arcrole="http://www.xbrl.org/2003/arcrole/summation-item" xlink:from="loc_NetCashProvidedByUsedInOperatingActivities" xlink:to="mnbt_NetAmortizationOnAvailableForSaleSecurities" order="66" use="optional" weight="1" />
    <loc xlink:type="locator" xlink:href="http://xbrl.fasb.org/us-gaap/2012/elts/us-gaap-2012-01-31.xsd#us-gaap_AccretionAmortizationOfDiscountsAndPremiumsInvestments" xlink:label="loc_AccretionAmortizationOfDiscountsAndPremiumsInvestments" />
    <calculationArc xlink:type="arc" xlink:arcrole="http://www.xbrl.org/2003/arcrole/summation-item" xlink:from="loc_NetCashProvidedByUsedInOperatingActivities" xlink:to="loc_AccretionAmortizationOfDiscountsAndPremiumsInvestments" order="67" use="optional" weight="-1" />
    <loc xlink:type="locator" xlink:href="http://xbrl.fasb.org/us-gaap/2012/elts/us-gaap-2012-01-31.xsd#us-gaap_ProvisionForLoanAndLeaseLosses" xlink:label="loc_ProvisionForLoanAndLeaseLosses" />
    <calculationArc xlink:type="arc" xlink:arcrole="http://www.xbrl.org/2003/arcrole/summation-item" xlink:from="loc_NetCashProvidedByUsedInOperatingActivities" xlink:to="loc_ProvisionForLoanAndLeaseLosses" order="68" use="optional" weight="1" />
    <loc xlink:type="locator" xlink:href="http://xbrl.fasb.org/us-gaap/2012/elts/us-gaap-2012-01-31.xsd#us-gaap_PaymentsForOriginationOfMortgageLoansHeldForSale" xlink:label="loc_PaymentsForOriginationOfMortgageLoansHeldForSale" />
    <calculationArc xlink:type="arc" xlink:arcrole="http://www.xbrl.org/2003/arcrole/summation-item" xlink:from="loc_NetCashProvidedByUsedInOperatingActivities" xlink:to="loc_PaymentsForOriginationOfMortgageLoansHeldForSale" order="70" use="optional" weight="-1" />
    <loc xlink:type="locator" xlink:href="http://xbrl.fasb.org/us-gaap/2012/elts/us-gaap-2012-01-31.xsd#us-gaap_ProceedsFromSaleOfMortgageLoansHeldForSale" xlink:label="loc_ProceedsFromSaleOfMortgageLoansHeldForSale" />
    <calculationArc xlink:type="arc" xlink:arcrole="http://www.xbrl.org/2003/arcrole/summation-item" xlink:from="loc_NetCashProvidedByUsedInOperatingActivities" xlink:to="loc_ProceedsFromSaleOfMortgageLoansHeldForSale" order="71" use="optional" weight="1" />
    <loc xlink:type="locator" xlink:href="http://xbrl.fasb.org/us-gaap/2012/elts/us-gaap-2012-01-31.xsd#us-gaap_GainLossOnSaleOfMortgageLoans" xlink:label="loc_GainLossOnSaleOfMortgageLoans" />
    <calculationArc xlink:type="arc" xlink:arcrole="http://www.xbrl.org/2003/arcrole/summation-item" xlink:from="loc_NetCashProvidedByUsedInOperatingActivities" xlink:to="loc_GainLossOnSaleOfMortgageLoans" order="72" use="optional" weight="-1" />
    <loc xlink:type="locator" xlink:href="http://xbrl.fasb.org/us-gaap/2012/elts/us-gaap-2012-01-31.xsd#us-gaap_LifeInsuranceCorporateOrBankOwnedChangeInValue" xlink:label="loc_LifeInsuranceCorporateOrBankOwnedChangeInValue" />
    <calculationArc xlink:type="arc" xlink:arcrole="http://www.xbrl.org/2003/arcrole/summation-item" xlink:from="loc_NetCashProvidedByUsedInOperatingActivities" xlink:to="loc_LifeInsuranceCorporateOrBankOwnedChangeInValue" order="73" use="optional" weight="-1" />
    <loc xlink:type="locator" xlink:href="http://xbrl.fasb.org/us-gaap/2012/elts/us-gaap-2012-01-31.xsd#us-gaap_IncomeLossFromEquityMethodInvestments" xlink:label="loc_IncomeLossFromEquityMethodInvestments" />
    <calculationArc xlink:type="arc" xlink:arcrole="http://www.xbrl.org/2003/arcrole/summation-item" xlink:from="loc_NetCashProvidedByUsedInOperatingActivities" xlink:to="loc_IncomeLossFromEquityMethodInvestments" order="74" use="optional" weight="-1" />
    <loc xlink:type="locator" xlink:href="http://xbrl.fasb.org/us-gaap/2012/elts/us-gaap-2012-01-31.xsd#us-gaap_ShareBasedCompensation" xlink:label="loc_ShareBasedCompensation" />
    <calculationArc xlink:type="arc" xlink:arcrole="http://www.xbrl.org/2003/arcrole/summation-item" xlink:from="loc_NetCashProvidedByUsedInOperatingActivities" xlink:to="loc_ShareBasedCompensation" order="75" use="optional" weight="1" />
    <loc xlink:type="locator" xlink:href="http://xbrl.fasb.org/us-gaap/2012/elts/us-gaap-2012-01-31.xsd#us-gaap_IncreaseDecreaseInAccruedInterestReceivableNet" xlink:label="loc_IncreaseDecreaseInAccruedInterestReceivableNet" />
    <calculationArc xlink:type="arc" xlink:arcrole="http://www.xbrl.org/2003/arcrole/summation-item" xlink:from="loc_NetCashProvidedByUsedInOperatingActivities" xlink:to="loc_IncreaseDecreaseInAccruedInterestReceivableNet" order="76" use="optional" weight="-1" />
    <loc xlink:type="locator" xlink:href="http://xbrl.fasb.org/us-gaap/2012/elts/us-gaap-2012-01-31.xsd#us-gaap_IncreaseDecreaseInInterestPayableNet" xlink:label="loc_IncreaseDecreaseInInterestPayableNet" />
    <calculationArc xlink:type="arc" xlink:arcrole="http://www.xbrl.org/2003/arcrole/summation-item" xlink:from="loc_NetCashProvidedByUsedInOperatingActivities" xlink:to="loc_IncreaseDecreaseInInterestPayableNet" order="77" use="optional" weight="1" />
    <loc xlink:type="locator" xlink:href="http://xbrl.fasb.org/us-gaap/2012/elts/us-gaap-2012-01-31.xsd#us-gaap_IncreaseDecreaseInOtherOperatingCapitalNet" xlink:label="loc_IncreaseDecreaseInOtherOperatingCapitalNet" />
    <calculationArc xlink:type="arc" xlink:arcrole="http://www.xbrl.org/2003/arcrole/summation-item" xlink:from="loc_NetCashProvidedByUsedInOperatingActivities" xlink:to="loc_IncreaseDecreaseInOtherOperatingCapitalNet" order="78" use="optional" weight="-1" />
    <loc xlink:type="locator" xlink:href="http://xbrl.fasb.org/us-gaap/2012/elts/us-gaap-2012-01-31.xsd#us-gaap_CashAndCashEquivalentsPeriodIncreaseDecrease" xlink:label="loc_CashAndCashEquivalentsPeriodIncreaseDecrease" />
    <calculationArc xlink:type="arc" xlink:arcrole="http://www.xbrl.org/2003/arcrole/summation-item" xlink:from="loc_CashAndCashEquivalentsPeriodIncreaseDecrease" xlink:to="loc_NetCashProvidedByUsedInOperatingActivities" order="79" use="optional" weight="1" />
    <loc xlink:type="locator" xlink:href="http://xbrl.fasb.org/us-gaap/2012/elts/us-gaap-2012-01-31.xsd#us-gaap_NetCashProvidedByUsedInInvestingActivities" xlink:label="loc_NetCashProvidedByUsedInInvestingActivities" />
    <loc xlink:type="locator" xlink:href="http://xbrl.fasb.org/us-gaap/2012/elts/us-gaap-2012-01-31.xsd#us-gaap_ProceedsFromSaleOfAvailableForSaleSecurities" xlink:label="loc_ProceedsFromSaleOfAvailableForSaleSecurities" />
    <calculationArc xlink:type="arc" xlink:arcrole="http://www.xbrl.org/2003/arcrole/summation-item" xlink:from="loc_NetCashProvidedByUsedInInvestingActivities" xlink:to="loc_ProceedsFromSaleOfAvailableForSaleSecurities" order="80" use="optional" weight="1" />
    <loc xlink:type="locator" xlink:href="http://xbrl.fasb.org/us-gaap/2012/elts/us-gaap-2012-01-31.xsd#us-gaap_ProceedsFromMaturitiesPrepaymentsAndCallsOfAvailableForSaleSecurities" xlink:label="loc_ProceedsFromMaturitiesPrepaymentsAndCallsOfAvailableForSaleSecurities" />
    <calculationArc xlink:type="arc" xlink:arcrole="http://www.xbrl.org/2003/arcrole/summation-item" xlink:from="loc_NetCashProvidedByUsedInInvestingActivities" xlink:to="loc_ProceedsFromMaturitiesPrepaymentsAndCallsOfAvailableForSaleSecurities" order="81" use="optional" weight="1" />
    <loc xlink:type="locator" xlink:href="http://xbrl.fasb.org/us-gaap/2012/elts/us-gaap-2012-01-31.xsd#us-gaap_PaymentsToAcquireAvailableForSaleSecurities" xlink:label="loc_PaymentsToAcquireAvailableForSaleSecurities" />
    <calculationArc xlink:type="arc" xlink:arcrole="http://www.xbrl.org/2003/arcrole/summation-item" xlink:from="loc_NetCashProvidedByUsedInInvestingActivities" xlink:to="loc_PaymentsToAcquireAvailableForSaleSecurities" order="82" use="optional" weight="-1" />
    <loc xlink:type="locator" xlink:href="http://xbrl.fasb.org/us-gaap/2012/elts/us-gaap-2012-01-31.xsd#us-gaap_ProceedsFromSaleOfHeldToMaturitySecurities" xlink:label="loc_ProceedsFromSaleOfHeldToMaturitySecurities" />
    <calculationArc xlink:type="arc" xlink:arcrole="http://www.xbrl.org/2003/arcrole/summation-item" xlink:from="loc_NetCashProvidedByUsedInInvestingActivities" xlink:to="loc_ProceedsFromSaleOfHeldToMaturitySecurities" order="83" use="optional" weight="1" />
    <loc xlink:type="locator" xlink:href="http://xbrl.fasb.org/us-gaap/2012/elts/us-gaap-2012-01-31.xsd#us-gaap_PaymentsToAcquireRestrictedInvestments" xlink:label="loc_PaymentsToAcquireRestrictedInvestments" />
    <calculationArc xlink:type="arc" xlink:arcrole="http://www.xbrl.org/2003/arcrole/summation-item" xlink:from="loc_NetCashProvidedByUsedInInvestingActivities" xlink:to="loc_PaymentsToAcquireRestrictedInvestments" order="84" use="optional" weight="-1" />
    <loc xlink:type="locator" xlink:href="http://xbrl.fasb.org/us-gaap/2012/elts/us-gaap-2012-01-31.xsd#us-gaap_PaymentsToAcquirePropertyPlantAndEquipment" xlink:label="loc_PaymentsToAcquirePropertyPlantAndEquipment" />
    <calculationArc xlink:type="arc" xlink:arcrole="http://www.xbrl.org/2003/arcrole/summation-item" xlink:from="loc_NetCashProvidedByUsedInInvestingActivities" xlink:to="loc_PaymentsToAcquirePropertyPlantAndEquipment" order="86" use="optional" weight="-1" />
    <loc xlink:type="locator" xlink:href="http://xbrl.fasb.org/us-gaap/2012/elts/us-gaap-2012-01-31.xsd#us-gaap_ProceedsFromSaleOfOtherRealEstate" xlink:label="loc_ProceedsFromSaleOfOtherRealEstate" />
    <calculationArc xlink:type="arc" xlink:arcrole="http://www.xbrl.org/2003/arcrole/summation-item" xlink:from="loc_NetCashProvidedByUsedInInvestingActivities" xlink:to="loc_ProceedsFromSaleOfOtherRealEstate" order="87" use="optional" weight="1" />
    <calculationArc xlink:type="arc" xlink:arcrole="http://www.xbrl.org/2003/arcrole/summation-item" xlink:from="loc_CashAndCashEquivalentsPeriodIncreaseDecrease" xlink:to="loc_NetCashProvidedByUsedInInvestingActivities" order="88" use="optional" weight="1" />
    <loc xlink:type="locator" xlink:href="http://xbrl.fasb.org/us-gaap/2012/elts/us-gaap-2012-01-31.xsd#us-gaap_NetCashProvidedByUsedInFinancingActivities" xlink:label="loc_NetCashProvidedByUsedInFinancingActivities" />
    <loc xlink:type="locator" xlink:href="http://xbrl.fasb.org/us-gaap/2012/elts/us-gaap-2012-01-31.xsd#us-gaap_IncreaseDecreaseInDeposits" xlink:label="loc_IncreaseDecreaseInDeposits" />
    <calculationArc xlink:type="arc" xlink:arcrole="http://www.xbrl.org/2003/arcrole/summation-item" xlink:from="loc_NetCashProvidedByUsedInFinancingActivities" xlink:to="loc_IncreaseDecreaseInDeposits" order="89" use="optional" weight="1" />
    <loc xlink:type="locator" xlink:href="http://xbrl.fasb.org/us-gaap/2012/elts/us-gaap-2012-01-31.xsd#us-gaap_ProceedsFromFederalHomeLoanBankAdvances" xlink:label="loc_ProceedsFromFederalHomeLoanBankAdvances" />
    <calculationArc xlink:type="arc" xlink:arcrole="http://www.xbrl.org/2003/arcrole/summation-item" xlink:from="loc_NetCashProvidedByUsedInFinancingActivities" xlink:to="loc_ProceedsFromFederalHomeLoanBankAdvances" order="90" use="optional" weight="1" />
    <loc xlink:type="locator" xlink:href="http://xbrl.fasb.org/us-gaap/2012/elts/us-gaap-2012-01-31.xsd#us-gaap_PaymentsForFederalHomeLoanBankAdvances" xlink:label="loc_PaymentsForFederalHomeLoanBankAdvances" />
    <calculationArc xlink:type="arc" xlink:arcrole="http://www.xbrl.org/2003/arcrole/summation-item" xlink:from="loc_NetCashProvidedByUsedInFinancingActivities" xlink:to="loc_PaymentsForFederalHomeLoanBankAdvances" order="91" use="optional" weight="-1" />
    <loc xlink:type="locator" xlink:href="http://xbrl.fasb.org/us-gaap/2012/elts/us-gaap-2012-01-31.xsd#us-gaap_ProceedsFromPaymentsForInSecuritiesSoldUnderAgreementsToRepurchase" xlink:label="loc_ProceedsFromPaymentsForInSecuritiesSoldUnderAgreementsToRepurchase" />
    <calculationArc xlink:type="arc" xlink:arcrole="http://www.xbrl.org/2003/arcrole/summation-item" xlink:from="loc_NetCashProvidedByUsedInFinancingActivities" xlink:to="loc_ProceedsFromPaymentsForInSecuritiesSoldUnderAgreementsToRepurchase" order="92" use="optional" weight="1" />
    <calculationArc xlink:type="arc" xlink:arcrole="http://www.xbrl.org/2003/arcrole/summation-item" xlink:from="loc_CashAndCashEquivalentsPeriodIncreaseDecrease" xlink:to="loc_NetCashProvidedByUsedInFinancingActivities" order="93" use="optional" weight="1" />
    <loc xlink:type="locator" xlink:href="mnbt-20111231.xsd#mnbt_IncreaseDecreaseToValuationReserve" xlink:label="mnbt_IncreaseDecreaseToValuationReserve" />
    <calculationArc xlink:type="arc" xlink:arcrole="http://www.xbrl.org/2003/arcrole/summation-item" xlink:from="loc_NetCashProvidedByUsedInOperatingActivities" xlink:to="mnbt_IncreaseDecreaseToValuationReserve" order="69.25" use="optional" weight="-1" priority="1" />
    <loc xlink:type="locator" xlink:href="http://xbrl.fasb.org/us-gaap/2012/elts/us-gaap-2012-01-31.xsd#us-gaap_ProceedsFromLoanAndLeaseOriginationsAndPrincipalCollections1" xlink:label="us-gaap_ProceedsFromLoanAndLeaseOriginationsAndPrincipalCollections1" />
    <calculationArc xlink:type="arc" xlink:arcrole="http://www.xbrl.org/2003/arcrole/summation-item" xlink:from="loc_NetCashProvidedByUsedInInvestingActivities" xlink:to="us-gaap_ProceedsFromLoanAndLeaseOriginationsAndPrincipalCollections1" order="84.5" use="optional" weight="1" priority="1" />
    <loc xlink:type="locator" xlink:href="mnbt-20111231.xsd#mnbt_GainLossOnOtherRealEstateNet" xlink:label="mnbt_GainLossOnOtherRealEstateNet" />
    <calculationArc xlink:type="arc" xlink:arcrole="http://www.xbrl.org/2003/arcrole/summation-item" xlink:from="loc_NetCashProvidedByUsedInOperatingActivities" xlink:to="mnbt_GainLossOnOtherRealEstateNet" order="69.125" use="optional" weight="-1" priority="1" />
    <loc xlink:type="locator" xlink:href="mnbt-20111231.xsd#mnbt_DeferredIncomeTaxesNetOfChangeInValuationAllowance" xlink:label="mnbt_DeferredIncomeTaxesNetOfChangeInValuationAllowance" />
    <calculationArc xlink:type="arc" xlink:arcrole="http://www.xbrl.org/2003/arcrole/summation-item" xlink:from="loc_NetCashProvidedByUsedInOperatingActivities" xlink:to="mnbt_DeferredIncomeTaxesNetOfChangeInValuationAllowance" order="69.4375" use="optional" weight="1" priority="1" />
  </calculationLink>
  <roleRef xlink:type="simple" xlink:href="mnbt-20111231.xsd#LoansAndAllowanceForLoanLosses" roleURI="http://bankmnb.com/role/LoansAndAllowanceForLoanLosses" />
  <calculationLink xlink:type="extended" xlink:role="http://bankmnb.com/role/LoansAndAllowanceForLoanLosses" xlink:title="0204 - Disclosure - Loans and Allowance for Loan Losses" />
  <roleRef xlink:type="simple" xlink:href="mnbt-20111231.xsd#FairValue" roleURI="http://bankmnb.com/role/FairValue" />
  <calculationLink xlink:type="extended" xlink:role="http://bankmnb.com/role/FairValue" xlink:title="0215 - Disclosure - Fair Value" />
  <roleRef xlink:type="simple" xlink:href="mnbt-20111231.xsd#RegulatoryMatters" roleURI="http://bankmnb.com/role/RegulatoryMatters" />
  <calculationLink xlink:type="extended" xlink:role="http://bankmnb.com/role/RegulatoryMatters" xlink:title="0217 - Disclosure - Regulatory Matters" />
  <calculationLink xlink:type="extended" xlink:role="http://bankmnb.com/role/SummaryOfSignificantAccountingPolicies" xlink:title="0201 - Disclosure - Summary of Significant Accounting Policies" />
  <calculationLink xlink:type="extended" xlink:role="http://bankmnb.com/role/GoingConcernConsiderationsCapitalRequirementsRestrictionsOnRetainedEarningsRegulatoryMattersAndManagementPlans" xlink:title="0202 - Disclosure - Going Concern Considerations, Capital Requirements, Restrictions on Retained Earnings, Regulatory Matters and Management's Plans" />
  <calculationLink xlink:type="extended" xlink:role="http://bankmnb.com/role/Securities" xlink:title="0203 - Disclosure - Securities" />
  <calculationLink xlink:type="extended" xlink:role="http://bankmnb.com/role/OtherRealEstateOwned" xlink:title="0205 - Disclosure - Other Real Estate Owned" />
  <calculationLink xlink:type="extended" xlink:role="http://bankmnb.com/role/BankPremisesAndEquipment" xlink:title="0206 - Disclosure - Bank Premises and Equipment" />
  <calculationLink xlink:type="extended" xlink:role="http://bankmnb.com/role/Deposits" xlink:title="0207 - Disclosure - Deposits" />
  <calculationLink xlink:type="extended" xlink:role="http://bankmnb.com/role/OtherComprehensiveIncomeLoss" xlink:title="0218 - Disclosure - Other Comprehensive Income (Loss)" />
  <calculationLink xlink:type="extended" xlink:role="http://bankmnb.com/role/EarningsLossPerCommonShare" xlink:title="0219 - Disclosure - Earnings (Loss) Per Common Share" />
  <calculationLink xlink:type="extended" xlink:role="http://bankmnb.com/role/IncomeTaxesBenefits" xlink:title="0208 - Disclosure - Income Taxes (Benefits)" />
  <calculationLink xlink:type="extended" xlink:role="http://bankmnb.com/role/FederalHomeLoanBankAdvances" xlink:title="0209 - Disclosure - Federal Home Loan Bank Advances" />
  <calculationLink xlink:type="extended" xlink:role="http://bankmnb.com/role/SubordinatedDebentures" xlink:title="0210 - Disclosure - Subordinated Debentures" />
  <calculationLink xlink:type="extended" xlink:role="http://bankmnb.com/role/SecuritiesSoldUnderAgreementsToRepurchase" xlink:title="0211 - Disclosure - Securities Sold Under Agreements to Repurchase" />
  <calculationLink xlink:type="extended" xlink:role="http://bankmnb.com/role/EmployeeBenefitPlans" xlink:title="0212 - Disclosure - Employee Benefit Plans" />
  <calculationLink xlink:type="extended" xlink:role="http://bankmnb.com/role/Leases" xlink:title="0213 - Disclosure - Leases" />
  <calculationLink xlink:type="extended" xlink:role="http://bankmnb.com/role/FinancialInstrumentsWithOffBalanceSheetRisk" xlink:title="0214 - Disclosure - Financial Instruments with Off-Balance Sheet Risk" />
  <calculationLink xlink:type="extended" xlink:role="http://bankmnb.com/role/StockOptions" xlink:title="0216 - Disclosure - Stock Options" />
  <calculationLink xlink:type="extended" xlink:role="http://bankmnb.com/role/RecentAccountingPronouncements" xlink:title="0220 - Disclosure - Recent Accounting Pronouncements" />
  <calculationLink xlink:type="extended" xlink:role="http://bankmnb.com/role/ParentInformation" xlink:title="0221 - Disclosure - Condensed Parent Information" />
</linkbase>
