<?xml version="1.0" encoding="US-ASCII" standalone="no"?>
    <!-- Field: Doc-Info; Name: Generator; Value: GoFiler Complete; Version: 3.4b -->
    <!-- Field: Doc-Info; Name: VendorURI; Value: http://www.novaworks.co -->
    <!-- Field: Doc-Info; Name: Source; Value: slga%2D10qa_093012apg.xfr; Date: 2013/01/30T02:48:13 -->
    <!-- Field: Doc-Info; Name: Status; Value: 0x00000000 -->
<link:linkbase xmlns:xsi="http://www.w3.org/2001/XMLSchema-instance" xmlns:xlink="http://www.w3.org/1999/xlink" xmlns:link="http://www.xbrl.org/2003/linkbase" xmlns:xbrli="http://www.xbrl.org/2003/instance" xsi:schemaLocation="http://www.xbrl.org/2003/linkbase http://www.xbrl.org/2003/xbrl-linkbase-2003-12-31.xsd">
    <link:roleRef roleURI="http://SLGA/role/DocumentAndEntityInformation" xlink:href="slga-20120930.xsd#DocumentAndEntityInformation" xlink:type="simple" />
    <link:roleRef roleURI="http://SLGA/role/ConsolidatedBalanceSheets" xlink:href="slga-20120930.xsd#ConsolidatedBalanceSheets" xlink:type="simple" />
    <link:roleRef roleURI="http://SLGA/role/ConsolidatedBalanceSheetsParenthetical" xlink:href="slga-20120930.xsd#ConsolidatedBalanceSheetsParenthetical" xlink:type="simple" />
    <link:roleRef roleURI="http://SLGA/role/ConsolidatedStatementsOfOperationsAndComprehensiveIncomeLoss" xlink:href="slga-20120930.xsd#ConsolidatedStatementsOfOperationsAndComprehensiveIncomeLoss" xlink:type="simple" />
    <link:roleRef roleURI="http://SLGA/role/ConsolidatedStatementOfStockholdersEquity" xlink:href="slga-20120930.xsd#ConsolidatedStatementOfStockholdersEquity" xlink:type="simple" />
    <link:roleRef roleURI="http://SLGA/role/ConsolidatedStatementOfStockholdersEquityParenthetical" xlink:href="slga-20120930.xsd#ConsolidatedStatementOfStockholdersEquityParenthetical" xlink:type="simple" />
    <link:roleRef roleURI="http://SLGA/role/ConsolidatedStatementsOfCashFlows" xlink:href="slga-20120930.xsd#ConsolidatedStatementsOfCashFlows" xlink:type="simple" />
    <link:roleRef roleURI="http://SLGA/role/Note1-OrganizationAndOperations" xlink:href="slga-20120930.xsd#Note1-OrganizationAndOperations" xlink:type="simple" />
    <link:roleRef roleURI="http://SLGA/role/Note2-SummaryOfSignificantAccountingPolicies" xlink:href="slga-20120930.xsd#Note2-SummaryOfSignificantAccountingPolicies" xlink:type="simple" />
    <link:roleRef roleURI="http://SLGA/role/Note3-GoingConcern" xlink:href="slga-20120930.xsd#Note3-GoingConcern" xlink:type="simple" />
    <link:roleRef roleURI="http://SLGA/role/Note4-OilAndGasProperties" xlink:href="slga-20120930.xsd#Note4-OilAndGasProperties" xlink:type="simple" />
    <link:roleRef roleURI="http://SLGA/role/Note5-RelatedPartyTransactions" xlink:href="slga-20120930.xsd#Note5-RelatedPartyTransactions" xlink:type="simple" />
    <link:roleRef roleURI="http://SLGA/role/Note6-StockholdersDeficit" xlink:href="slga-20120930.xsd#Note6-StockholdersDeficit" xlink:type="simple" />
    <link:roleRef roleURI="http://SLGA/role/Note7-SubsequentEvents" xlink:href="slga-20120930.xsd#Note7-SubsequentEvents" xlink:type="simple" />
    <link:roleRef roleURI="http://SLGA/role/Note2-SummaryOfSignificantAccountingPoliciesPolicies" xlink:href="slga-20120930.xsd#Note2-SummaryOfSignificantAccountingPoliciesPolicies" xlink:type="simple" />
    <link:roleRef roleURI="http://SLGA/role/Note2-SummaryOfSignificantAccountingPoliciesTables" xlink:href="slga-20120930.xsd#Note2-SummaryOfSignificantAccountingPoliciesTables" xlink:type="simple" />
    <link:roleRef roleURI="http://SLGA/role/Note5-RelatedPartyTransactionsTables" xlink:href="slga-20120930.xsd#Note5-RelatedPartyTransactionsTables" xlink:type="simple" />
    <link:roleRef roleURI="http://SLGA/role/Note1-OrganizationAndOperationsDetailsNarrative" xlink:href="slga-20120930.xsd#Note1-OrganizationAndOperationsDetailsNarrative" xlink:type="simple" />
    <link:roleRef roleURI="http://SLGA/role/Note2-SummaryOfSignificantAccountingPolicies-ControlledEntitiesDetails" xlink:href="slga-20120930.xsd#Note2-SummaryOfSignificantAccountingPolicies-ControlledEntitiesDetails" xlink:type="simple" />
    <link:roleRef roleURI="http://SLGA/role/Note4-OilAndGasPropertiesDetailsNarrative" xlink:href="slga-20120930.xsd#Note4-OilAndGasPropertiesDetailsNarrative" xlink:type="simple" />
    <link:roleRef roleURI="http://SLGA/role/Note5-RelatedPartyTransactions-AdvancesFromStockholdersDetails" xlink:href="slga-20120930.xsd#Note5-RelatedPartyTransactions-AdvancesFromStockholdersDetails" xlink:type="simple" />
    <link:roleRef roleURI="http://SLGA/role/Note6-StockholdersDeficitDetailsNarrative" xlink:href="slga-20120930.xsd#Note6-StockholdersDeficitDetailsNarrative" xlink:type="simple" />
    <link:calculationLink xlink:type="extended" xlink:role="http://SLGA/role/DocumentAndEntityInformation" xlink:title="0001 - Document - Document and Entity Information" />
    <link:calculationLink xlink:type="extended" xlink:role="http://SLGA/role/ConsolidatedBalanceSheets" xlink:title="0002 - Statement - Consolidated Balance Sheets">
      <link:loc xlink:type="locator" xlink:href="http://xbrl.fasb.org/us-gaap/2012/elts/us-gaap-2012-01-31.xsd#us-gaap_Assets" xlink:label="loc_SLGAAssets" />
      <link:loc xlink:type="locator" xlink:href="http://xbrl.fasb.org/us-gaap/2012/elts/us-gaap-2012-01-31.xsd#us-gaap_AssetsCurrent" xlink:label="loc_SLGAAssetsCurrent" />
      <link:calculationArc order="100" xlink:arcrole="http://www.xbrl.org/2003/arcrole/summation-item" xlink:from="loc_SLGAAssets" xlink:to="loc_SLGAAssetsCurrent" xlink:type="arc" weight="1" />
      <link:loc xlink:type="locator" xlink:href="http://xbrl.fasb.org/us-gaap/2012/elts/us-gaap-2012-01-31.xsd#us-gaap_OilAndGasPropertySuccessfulEffortMethodGross" xlink:label="loc_SLGAOilAndGasPropertySuccessfulEffortMethodGross" />
      <link:calculationArc order="200" xlink:arcrole="http://www.xbrl.org/2003/arcrole/summation-item" xlink:from="loc_SLGAAssets" xlink:to="loc_SLGAOilAndGasPropertySuccessfulEffortMethodGross" xlink:type="arc" weight="1" />
      <link:loc xlink:type="locator" xlink:href="http://xbrl.fasb.org/us-gaap/2012/elts/us-gaap-2012-01-31.xsd#us-gaap_LiabilitiesCurrent" xlink:label="loc_SLGALiabilitiesCurrent" />
      <link:loc xlink:type="locator" xlink:href="http://xbrl.fasb.org/us-gaap/2012/elts/us-gaap-2012-01-31.xsd#us-gaap_AccruedLiabilitiesCurrent" xlink:label="loc_SLGAAccruedLiabilitiesCurrent" />
      <link:calculationArc order="100" xlink:arcrole="http://www.xbrl.org/2003/arcrole/summation-item" xlink:from="loc_SLGALiabilitiesCurrent" xlink:to="loc_SLGAAccruedLiabilitiesCurrent" xlink:type="arc" weight="1" />
      <link:loc xlink:type="locator" xlink:href="http://xbrl.fasb.org/us-gaap/2012/elts/us-gaap-2012-01-31.xsd#us-gaap_DueToOfficersOrStockholdersCurrent" xlink:label="loc_SLGADueToOfficersOrStockholdersCurrent" />
      <link:calculationArc order="200" xlink:arcrole="http://www.xbrl.org/2003/arcrole/summation-item" xlink:from="loc_SLGALiabilitiesCurrent" xlink:to="loc_SLGADueToOfficersOrStockholdersCurrent" xlink:type="arc" weight="1" />
      <link:loc xlink:type="locator" xlink:href="http://xbrl.fasb.org/us-gaap/2012/elts/us-gaap-2012-01-31.xsd#us-gaap_StockholdersEquity" xlink:label="loc_SLGAStockholdersEquity" />
      <link:loc xlink:type="locator" xlink:href="http://xbrl.fasb.org/us-gaap/2012/elts/us-gaap-2012-01-31.xsd#us-gaap_PreferredStockValue" xlink:label="loc_SLGAPreferredStockValue" />
      <link:calculationArc order="100" xlink:arcrole="http://www.xbrl.org/2003/arcrole/summation-item" xlink:from="loc_SLGAStockholdersEquity" xlink:to="loc_SLGAPreferredStockValue" xlink:type="arc" weight="1" />
      <link:loc xlink:type="locator" xlink:href="http://xbrl.fasb.org/us-gaap/2012/elts/us-gaap-2012-01-31.xsd#us-gaap_CommonStockValue" xlink:label="loc_SLGACommonStockValue" />
      <link:calculationArc order="200" xlink:arcrole="http://www.xbrl.org/2003/arcrole/summation-item" xlink:from="loc_SLGAStockholdersEquity" xlink:to="loc_SLGACommonStockValue" xlink:type="arc" weight="1" />
      <link:loc xlink:type="locator" xlink:href="http://xbrl.fasb.org/us-gaap/2012/elts/us-gaap-2012-01-31.xsd#us-gaap_AdditionalPaidInCapital" xlink:label="loc_SLGAAdditionalPaidInCapital" />
      <link:calculationArc order="300" xlink:arcrole="http://www.xbrl.org/2003/arcrole/summation-item" xlink:from="loc_SLGAStockholdersEquity" xlink:to="loc_SLGAAdditionalPaidInCapital" xlink:type="arc" weight="1" />
      <link:loc xlink:type="locator" xlink:href="http://xbrl.fasb.org/us-gaap/2012/elts/us-gaap-2012-01-31.xsd#us-gaap_RetainedEarningsAccumulatedDeficit" xlink:label="loc_SLGARetainedEarningsAccumulatedDeficit" />
      <link:calculationArc order="400" xlink:arcrole="http://www.xbrl.org/2003/arcrole/summation-item" xlink:from="loc_SLGAStockholdersEquity" xlink:to="loc_SLGARetainedEarningsAccumulatedDeficit" xlink:type="arc" weight="1" />
      <link:loc xlink:type="locator" xlink:href="http://xbrl.fasb.org/us-gaap/2012/elts/us-gaap-2012-01-31.xsd#us-gaap_DevelopmentStageEnterpriseDeficitAccumulatedDuringDevelopmentStage" xlink:label="loc_SLGADevelopmentStageEnterpriseDeficitAccumulatedDuringDevelopmentStage" />
      <link:calculationArc order="500" xlink:arcrole="http://www.xbrl.org/2003/arcrole/summation-item" xlink:from="loc_SLGAStockholdersEquity" xlink:to="loc_SLGADevelopmentStageEnterpriseDeficitAccumulatedDuringDevelopmentStage" xlink:type="arc" weight="-1" />
    </link:calculationLink>
    <link:calculationLink xlink:type="extended" xlink:role="http://SLGA/role/ConsolidatedBalanceSheetsParenthetical" xlink:title="0003 - Statement - Consolidated Balance Sheets (Parenthetical)" />
    <link:calculationLink xlink:type="extended" xlink:role="http://SLGA/role/ConsolidatedStatementsOfOperationsAndComprehensiveIncomeLoss" xlink:title="0004 - Statement - Consolidated Statements of Operations and Comprehensive Income (Loss)">
      <link:loc xlink:type="locator" xlink:href="http://xbrl.fasb.org/us-gaap/2012/elts/us-gaap-2012-01-31.xsd#us-gaap_OperatingExpenses" xlink:label="loc_SLGAOperatingExpenses" />
      <link:loc xlink:type="locator" xlink:href="http://xbrl.fasb.org/us-gaap/2012/elts/us-gaap-2012-01-31.xsd#us-gaap_GeneralAndAdministrativeExpense" xlink:label="loc_SLGAGeneralAndAdministrativeExpense" />
      <link:calculationArc order="100" xlink:arcrole="http://www.xbrl.org/2003/arcrole/summation-item" xlink:from="loc_SLGAOperatingExpenses" xlink:to="loc_SLGAGeneralAndAdministrativeExpense" xlink:type="arc" weight="1" />
      <link:loc xlink:type="locator" xlink:href="http://xbrl.fasb.org/us-gaap/2012/elts/us-gaap-2012-01-31.xsd#us-gaap_ProfessionalFees" xlink:label="loc_SLGAProfessionalFees" />
      <link:calculationArc order="200" xlink:arcrole="http://www.xbrl.org/2003/arcrole/summation-item" xlink:from="loc_SLGAOperatingExpenses" xlink:to="loc_SLGAProfessionalFees" xlink:type="arc" weight="1" />
      <link:loc xlink:type="locator" xlink:href="http://xbrl.fasb.org/us-gaap/2012/elts/us-gaap-2012-01-31.xsd#us-gaap_OperatingIncomeLoss" xlink:label="loc_SLGAOperatingIncomeLoss" />
      <link:loc xlink:type="locator" xlink:href="http://xbrl.fasb.org/us-gaap/2012/elts/us-gaap-2012-01-31.xsd#us-gaap_IncomeLossFromContinuingOperationsBeforeIncomeTaxesExtraordinaryItemsNoncontrollingInterest" xlink:label="loc_SLGAIncomeLossFromContinuingOperationsBeforeIncomeTaxesExtraordinaryItemsNoncontrollingInterest" />
      <link:calculationArc order="100" xlink:arcrole="http://www.xbrl.org/2003/arcrole/summation-item" xlink:from="loc_SLGAOperatingIncomeLoss" xlink:to="loc_SLGAIncomeLossFromContinuingOperationsBeforeIncomeTaxesExtraordinaryItemsNoncontrollingInterest" xlink:type="arc" weight="1" />
      <link:loc xlink:type="locator" xlink:href="http://xbrl.fasb.org/us-gaap/2012/elts/us-gaap-2012-01-31.xsd#us-gaap_IncomeTaxExpenseBenefit" xlink:label="loc_SLGAIncomeTaxExpenseBenefit" />
      <link:calculationArc order="200" xlink:arcrole="http://www.xbrl.org/2003/arcrole/summation-item" xlink:from="loc_SLGAOperatingIncomeLoss" xlink:to="loc_SLGAIncomeTaxExpenseBenefit" xlink:type="arc" weight="-1" />
      <link:loc xlink:type="locator" xlink:href="http://xbrl.fasb.org/us-gaap/2012/elts/us-gaap-2012-01-31.xsd#us-gaap_IncomeLossFromDiscontinuedOperationsNetOfTax" xlink:label="loc_SLGAIncomeLossFromDiscontinuedOperationsNetOfTax" />
      <link:loc xlink:type="locator" xlink:href="http://xbrl.fasb.org/us-gaap/2012/elts/us-gaap-2012-01-31.xsd#us-gaap_DiscontinuedOperationIncomeLossFromDiscontinuedOperationDuringPhaseOutPeriodNetOfTax" xlink:label="loc_SLGADiscontinuedOperationIncomeLossFromDiscontinuedOperationDuringPhaseOutPeriodNetOfTax" />
      <link:calculationArc order="100" xlink:arcrole="http://www.xbrl.org/2003/arcrole/summation-item" xlink:from="loc_SLGAIncomeLossFromDiscontinuedOperationsNetOfTax" xlink:to="loc_SLGADiscontinuedOperationIncomeLossFromDiscontinuedOperationDuringPhaseOutPeriodNetOfTax" xlink:type="arc" weight="1" />
      <link:loc xlink:type="locator" xlink:href="http://xbrl.fasb.org/us-gaap/2012/elts/us-gaap-2012-01-31.xsd#us-gaap_DiscontinuedOperationGainLossOnDisposalOfDiscontinuedOperationNetOfTax" xlink:label="loc_SLGADiscontinuedOperationGainLossOnDisposalOfDiscontinuedOperationNetOfTax" />
      <link:calculationArc order="200" xlink:arcrole="http://www.xbrl.org/2003/arcrole/summation-item" xlink:from="loc_SLGAIncomeLossFromDiscontinuedOperationsNetOfTax" xlink:to="loc_SLGADiscontinuedOperationGainLossOnDisposalOfDiscontinuedOperationNetOfTax" xlink:type="arc" weight="1" />
    </link:calculationLink>
    <link:calculationLink xlink:type="extended" xlink:role="http://SLGA/role/ConsolidatedStatementOfStockholdersEquity" xlink:title="0005 - Statement - Consolidated Statement of Stockholders' Equity" />
    <link:calculationLink xlink:type="extended" xlink:role="http://SLGA/role/ConsolidatedStatementOfStockholdersEquityParenthetical" xlink:title="0006 - Statement - Consolidated Statement of Stockholders' Equity (Parenthetical)" />
    <link:calculationLink xlink:type="extended" xlink:role="http://SLGA/role/ConsolidatedStatementsOfCashFlows" xlink:title="0007 - Statement - Consolidated Statements of Cash Flows">
      <link:loc xlink:type="locator" xlink:href="http://xbrl.fasb.org/us-gaap/2012/elts/us-gaap-2012-01-31.xsd#us-gaap_NetCashProvidedByUsedInOperatingActivities" xlink:label="loc_SLGANetCashProvidedByUsedInOperatingActivities" />
      <link:loc xlink:type="locator" xlink:href="http://xbrl.fasb.org/us-gaap/2012/elts/us-gaap-2012-01-31.xsd#us-gaap_NetIncomeLoss" xlink:label="loc_SLGANetIncomeLoss" />
      <link:calculationArc order="100" xlink:arcrole="http://www.xbrl.org/2003/arcrole/summation-item" xlink:from="loc_SLGANetCashProvidedByUsedInOperatingActivities" xlink:to="loc_SLGANetIncomeLoss" xlink:type="arc" weight="1" />
      <link:loc xlink:type="locator" xlink:href="slga-20120930.xsd#SLGA_IncomeLossFromDiscontinuedOperationsForCashFlows" xlink:label="loc_SLGAIncomeLossFromDiscontinuedOperationsForCashFlows" />
      <link:calculationArc order="200" xlink:arcrole="http://www.xbrl.org/2003/arcrole/summation-item" xlink:from="loc_SLGANetCashProvidedByUsedInOperatingActivities" xlink:to="loc_SLGAIncomeLossFromDiscontinuedOperationsForCashFlows" xlink:type="arc" weight="1" />
      <link:loc xlink:type="locator" xlink:href="http://xbrl.fasb.org/us-gaap/2012/elts/us-gaap-2012-01-31.xsd#us-gaap_IncreaseDecreaseInInventories" xlink:label="loc_SLGAIncreaseDecreaseInInventories" />
      <link:calculationArc order="300" xlink:arcrole="http://www.xbrl.org/2003/arcrole/summation-item" xlink:from="loc_SLGANetCashProvidedByUsedInOperatingActivities" xlink:to="loc_SLGAIncreaseDecreaseInInventories" xlink:type="arc" weight="1" />
      <link:loc xlink:type="locator" xlink:href="http://xbrl.fasb.org/us-gaap/2012/elts/us-gaap-2012-01-31.xsd#us-gaap_IncreaseDecreaseInAccruedLiabilities" xlink:label="loc_SLGAIncreaseDecreaseInAccruedLiabilities" />
      <link:calculationArc order="400" xlink:arcrole="http://www.xbrl.org/2003/arcrole/summation-item" xlink:from="loc_SLGANetCashProvidedByUsedInOperatingActivities" xlink:to="loc_SLGAIncreaseDecreaseInAccruedLiabilities" xlink:type="arc" weight="1" />
      <link:loc xlink:type="locator" xlink:href="http://xbrl.fasb.org/us-gaap/2012/elts/us-gaap-2012-01-31.xsd#us-gaap_NetCashProvidedByUsedInInvestingActivities" xlink:label="loc_SLGANetCashProvidedByUsedInInvestingActivities" />
      <link:loc xlink:type="locator" xlink:href="slga-20120930.xsd#SLGA_CashPaidDiscontinuedOperationsForCashFlows" xlink:label="loc_SLGACashPaidDiscontinuedOperationsForCashFlows" />
      <link:calculationArc order="100" xlink:arcrole="http://www.xbrl.org/2003/arcrole/summation-item" xlink:from="loc_SLGANetCashProvidedByUsedInInvestingActivities" xlink:to="loc_SLGACashPaidDiscontinuedOperationsForCashFlows" xlink:type="arc" weight="1" />
      <link:loc xlink:type="locator" xlink:href="http://xbrl.fasb.org/us-gaap/2012/elts/us-gaap-2012-01-31.xsd#us-gaap_PaymentsToAcquireOilAndGasProperty" xlink:label="loc_SLGAPaymentsToAcquireOilAndGasProperty" />
      <link:calculationArc order="200" xlink:arcrole="http://www.xbrl.org/2003/arcrole/summation-item" xlink:from="loc_SLGANetCashProvidedByUsedInInvestingActivities" xlink:to="loc_SLGAPaymentsToAcquireOilAndGasProperty" xlink:type="arc" weight="-1" />
      <link:loc xlink:type="locator" xlink:href="http://xbrl.fasb.org/us-gaap/2012/elts/us-gaap-2012-01-31.xsd#us-gaap_NetCashProvidedByUsedInFinancingActivities" xlink:label="loc_SLGANetCashProvidedByUsedInFinancingActivities" />
      <link:loc xlink:type="locator" xlink:href="http://xbrl.fasb.org/us-gaap/2012/elts/us-gaap-2012-01-31.xsd#us-gaap_ProceedsFromRelatedPartyDebt" xlink:label="loc_SLGAProceedsFromRelatedPartyDebt" />
      <link:calculationArc order="100" xlink:arcrole="http://www.xbrl.org/2003/arcrole/summation-item" xlink:from="loc_SLGANetCashProvidedByUsedInFinancingActivities" xlink:to="loc_SLGAProceedsFromRelatedPartyDebt" xlink:type="arc" weight="1" />
      <link:loc xlink:type="locator" xlink:href="http://xbrl.fasb.org/us-gaap/2012/elts/us-gaap-2012-01-31.xsd#us-gaap_ProceedsFromIssuanceOfCommonStock" xlink:label="loc_SLGAProceedsFromIssuanceOfCommonStock" />
      <link:calculationArc order="200" xlink:arcrole="http://www.xbrl.org/2003/arcrole/summation-item" xlink:from="loc_SLGANetCashProvidedByUsedInFinancingActivities" xlink:to="loc_SLGAProceedsFromIssuanceOfCommonStock" xlink:type="arc" weight="1" />
    </link:calculationLink>
    <link:calculationLink xlink:type="extended" xlink:role="http://SLGA/role/Note1-OrganizationAndOperations" xlink:title="0008 - Disclosure - Note 1 - Organization and Operations" />
    <link:calculationLink xlink:type="extended" xlink:role="http://SLGA/role/Note2-SummaryOfSignificantAccountingPolicies" xlink:title="0009 - Disclosure - Note 2 - Summary of Significant Accounting Policies" />
    <link:calculationLink xlink:type="extended" xlink:role="http://SLGA/role/Note3-GoingConcern" xlink:title="0010 - Disclosure - Note 3 - Going Concern" />
    <link:calculationLink xlink:type="extended" xlink:role="http://SLGA/role/Note4-OilAndGasProperties" xlink:title="0011 - Disclosure - Note 4 - Oil and Gas Properties" />
    <link:calculationLink xlink:type="extended" xlink:role="http://SLGA/role/Note5-RelatedPartyTransactions" xlink:title="0012 - Disclosure - Note 5 - Related Party Transactions" />
    <link:calculationLink xlink:type="extended" xlink:role="http://SLGA/role/Note6-StockholdersDeficit" xlink:title="0013 - Disclosure - Note 6 - Stockholders' Deficit" />
    <link:calculationLink xlink:type="extended" xlink:role="http://SLGA/role/Note7-SubsequentEvents" xlink:title="0014 - Disclosure - Note 7 - Subsequent Events" />
    <link:calculationLink xlink:type="extended" xlink:role="http://SLGA/role/Note2-SummaryOfSignificantAccountingPoliciesPolicies" xlink:title="0015 - Disclosure - Note 2 - Summary of Significant Accounting Policies (Policies)" />
    <link:calculationLink xlink:type="extended" xlink:role="http://SLGA/role/Note2-SummaryOfSignificantAccountingPoliciesTables" xlink:title="0016 - Disclosure - Note 2 - Summary of Significant Accounting Policies (Tables)" />
    <link:calculationLink xlink:type="extended" xlink:role="http://SLGA/role/Note5-RelatedPartyTransactionsTables" xlink:title="0017 - Disclosure - Note 5 - Related Party Transactions (Tables)" />
    <link:calculationLink xlink:type="extended" xlink:role="http://SLGA/role/Note1-OrganizationAndOperationsDetailsNarrative" xlink:title="0018 - Disclosure - Note 1 - Organization and Operations (Details Narrative)" />
    <link:calculationLink xlink:type="extended" xlink:role="http://SLGA/role/Note2-SummaryOfSignificantAccountingPolicies-ControlledEntitiesDetails" xlink:title="0019 - Disclosure - Note 2 - Summary of Significant Accounting Policies - Controlled entities (Details)" />
    <link:calculationLink xlink:type="extended" xlink:role="http://SLGA/role/Note4-OilAndGasPropertiesDetailsNarrative" xlink:title="0020 - Disclosure - Note 4 - Oil and Gas Properties (Details Narrative)" />
    <link:calculationLink xlink:type="extended" xlink:role="http://SLGA/role/Note5-RelatedPartyTransactions-AdvancesFromStockholdersDetails" xlink:title="0021 - Disclosure - Note 5 - Related Party Transactions - Advances from Stockholders (Details)" />
    <link:calculationLink xlink:type="extended" xlink:role="http://SLGA/role/Note6-StockholdersDeficitDetailsNarrative" xlink:title="0022 - Disclosure - Note 6 - Stockholders' Deficit (Details Narrative)" />
</link:linkbase>
