<?xml version="1.0" encoding="US-ASCII" standalone="no"?>
    <!-- Field: Doc-Info; Name: Generator; Value: GoFiler Complete; Version: 3.4b -->
    <!-- Field: Doc-Info; Name: VendorURI; Value: http://www.novaworks.co -->
    <!-- Field: Doc-Info; Name: Source; Value: slga%2D10qa_093012apg.xfr; Date: 2013/01/30T02:48:13 -->
    <!-- Field: Doc-Info; Name: Status; Value: 0x00000000 -->
<link:linkbase xmlns:xsi="http://www.w3.org/2001/XMLSchema-instance" xmlns:xlink="http://www.w3.org/1999/xlink" xmlns:link="http://www.xbrl.org/2003/linkbase" xmlns:xbrldt="http://xbrl.org/2005/xbrldt" xmlns:xbrli="http://www.xbrl.org/2003/instance" xsi:schemaLocation="http://www.xbrl.org/2003/linkbase http://www.xbrl.org/2003/xbrl-linkbase-2003-12-31.xsd">
    <link:roleRef roleURI="http://SLGA/role/DocumentAndEntityInformation" xlink:href="slga-20120930.xsd#DocumentAndEntityInformation" xlink:type="simple" />
    <link:roleRef roleURI="http://SLGA/role/ConsolidatedBalanceSheets" xlink:href="slga-20120930.xsd#ConsolidatedBalanceSheets" xlink:type="simple" />
    <link:roleRef roleURI="http://SLGA/role/ConsolidatedBalanceSheetsParenthetical" xlink:href="slga-20120930.xsd#ConsolidatedBalanceSheetsParenthetical" xlink:type="simple" />
    <link:roleRef roleURI="http://SLGA/role/ConsolidatedStatementsOfOperationsAndComprehensiveIncomeLoss" xlink:href="slga-20120930.xsd#ConsolidatedStatementsOfOperationsAndComprehensiveIncomeLoss" xlink:type="simple" />
    <link:roleRef roleURI="http://SLGA/role/ConsolidatedStatementOfStockholdersEquity" xlink:href="slga-20120930.xsd#ConsolidatedStatementOfStockholdersEquity" xlink:type="simple" />
    <link:roleRef roleURI="http://SLGA/role/ConsolidatedStatementOfStockholdersEquityParenthetical" xlink:href="slga-20120930.xsd#ConsolidatedStatementOfStockholdersEquityParenthetical" xlink:type="simple" />
    <link:roleRef roleURI="http://SLGA/role/ConsolidatedStatementsOfCashFlows" xlink:href="slga-20120930.xsd#ConsolidatedStatementsOfCashFlows" xlink:type="simple" />
    <link:roleRef roleURI="http://SLGA/role/Note1-OrganizationAndOperations" xlink:href="slga-20120930.xsd#Note1-OrganizationAndOperations" xlink:type="simple" />
    <link:roleRef roleURI="http://SLGA/role/Note2-SummaryOfSignificantAccountingPolicies" xlink:href="slga-20120930.xsd#Note2-SummaryOfSignificantAccountingPolicies" xlink:type="simple" />
    <link:roleRef roleURI="http://SLGA/role/Note3-GoingConcern" xlink:href="slga-20120930.xsd#Note3-GoingConcern" xlink:type="simple" />
    <link:roleRef roleURI="http://SLGA/role/Note4-OilAndGasProperties" xlink:href="slga-20120930.xsd#Note4-OilAndGasProperties" xlink:type="simple" />
    <link:roleRef roleURI="http://SLGA/role/Note5-RelatedPartyTransactions" xlink:href="slga-20120930.xsd#Note5-RelatedPartyTransactions" xlink:type="simple" />
    <link:roleRef roleURI="http://SLGA/role/Note6-StockholdersDeficit" xlink:href="slga-20120930.xsd#Note6-StockholdersDeficit" xlink:type="simple" />
    <link:roleRef roleURI="http://SLGA/role/Note7-SubsequentEvents" xlink:href="slga-20120930.xsd#Note7-SubsequentEvents" xlink:type="simple" />
    <link:roleRef roleURI="http://SLGA/role/Note2-SummaryOfSignificantAccountingPoliciesPolicies" xlink:href="slga-20120930.xsd#Note2-SummaryOfSignificantAccountingPoliciesPolicies" xlink:type="simple" />
    <link:roleRef roleURI="http://SLGA/role/Note2-SummaryOfSignificantAccountingPoliciesTables" xlink:href="slga-20120930.xsd#Note2-SummaryOfSignificantAccountingPoliciesTables" xlink:type="simple" />
    <link:roleRef roleURI="http://SLGA/role/Note5-RelatedPartyTransactionsTables" xlink:href="slga-20120930.xsd#Note5-RelatedPartyTransactionsTables" xlink:type="simple" />
    <link:roleRef roleURI="http://SLGA/role/Note1-OrganizationAndOperationsDetailsNarrative" xlink:href="slga-20120930.xsd#Note1-OrganizationAndOperationsDetailsNarrative" xlink:type="simple" />
    <link:roleRef roleURI="http://SLGA/role/Note2-SummaryOfSignificantAccountingPolicies-ControlledEntitiesDetails" xlink:href="slga-20120930.xsd#Note2-SummaryOfSignificantAccountingPolicies-ControlledEntitiesDetails" xlink:type="simple" />
    <link:roleRef roleURI="http://SLGA/role/Note4-OilAndGasPropertiesDetailsNarrative" xlink:href="slga-20120930.xsd#Note4-OilAndGasPropertiesDetailsNarrative" xlink:type="simple" />
    <link:roleRef roleURI="http://SLGA/role/Note5-RelatedPartyTransactions-AdvancesFromStockholdersDetails" xlink:href="slga-20120930.xsd#Note5-RelatedPartyTransactions-AdvancesFromStockholdersDetails" xlink:type="simple" />
    <link:roleRef roleURI="http://SLGA/role/Note6-StockholdersDeficitDetailsNarrative" xlink:href="slga-20120930.xsd#Note6-StockholdersDeficitDetailsNarrative" xlink:type="simple" />
    <link:arcroleRef xlink:type="simple" xlink:href="http://www.xbrl.org/2005/xbrldt-2005.xsd#hypercube-dimension" arcroleURI="http://xbrl.org/int/dim/arcrole/hypercube-dimension" />
    <link:arcroleRef xlink:type="simple" xlink:href="http://www.xbrl.org/2005/xbrldt-2005.xsd#dimension-domain" arcroleURI="http://xbrl.org/int/dim/arcrole/dimension-domain" />
    <link:arcroleRef xlink:type="simple" xlink:href="http://www.xbrl.org/2005/xbrldt-2005.xsd#domain-member" arcroleURI="http://xbrl.org/int/dim/arcrole/domain-member" />
    <link:arcroleRef xlink:type="simple" xlink:href="http://www.xbrl.org/2005/xbrldt-2005.xsd#all" arcroleURI="http://xbrl.org/int/dim/arcrole/all" />
    <link:arcroleRef xlink:type="simple" xlink:href="http://www.xbrl.org/2005/xbrldt-2005.xsd#notAll" arcroleURI="http://xbrl.org/int/dim/arcrole/notAll" />
    <link:arcroleRef xlink:type="simple" xlink:href="http://www.xbrl.org/2005/xbrldt-2005.xsd#dimension-default" arcroleURI="http://xbrl.org/int/dim/arcrole/dimension-default" />
    <link:definitionLink xlink:type="extended" xlink:role="http://SLGA/role/DocumentAndEntityInformation" xlink:title="0001 - Document - Document and Entity Information" />
    <link:definitionLink xlink:type="extended" xlink:role="http://SLGA/role/ConsolidatedBalanceSheets" xlink:title="0002 - Statement - Consolidated Balance Sheets" />
    <link:definitionLink xlink:type="extended" xlink:role="http://SLGA/role/ConsolidatedBalanceSheetsParenthetical" xlink:title="0003 - Statement - Consolidated Balance Sheets (Parenthetical)" />
    <link:definitionLink xlink:type="extended" xlink:role="http://SLGA/role/ConsolidatedStatementsOfOperationsAndComprehensiveIncomeLoss" xlink:title="0004 - Statement - Consolidated Statements of Operations and Comprehensive Income (Loss)" />
    <link:definitionLink xlink:type="extended" xlink:role="http://SLGA/role/ConsolidatedStatementOfStockholdersEquity" xlink:title="0005 - Statement - Consolidated Statement of Stockholders' Equity">
      <link:loc xlink:type="locator" xlink:href="http://xbrl.fasb.org/us-gaap/2012/elts/us-gaap-2012-01-31.xsd#us-gaap_StatementLineItems" xlink:label="loc_SLGAStatementLineItems" />
      <link:loc xlink:type="locator" xlink:href="http://xbrl.fasb.org/us-gaap/2012/elts/us-gaap-2012-01-31.xsd#us-gaap_StatementTable" xlink:label="loc_SLGAStatementTable" />
      <link:definitionArc xlink:arcrole="http://xbrl.org/int/dim/arcrole/all" xbrldt:contextElement="segment" xlink:from="loc_SLGAStatementLineItems" xlink:to="loc_SLGAStatementTable" xlink:type="arc" order="10" xbrldt:closed="true" />
      <link:loc xlink:type="locator" xlink:href="http://xbrl.fasb.org/us-gaap/2012/elts/us-gaap-2012-01-31.xsd#us-gaap_StatementEquityComponentsAxis" xlink:label="loc_SLGAStatementEquityComponentsAxis" />
      <link:definitionArc xlink:arcrole="http://xbrl.org/int/dim/arcrole/hypercube-dimension" xlink:from="loc_SLGAStatementTable" xlink:to="loc_SLGAStatementEquityComponentsAxis" xlink:type="arc" order="1" />
      <link:loc xlink:type="locator" xlink:href="http://xbrl.fasb.org/us-gaap/2012/elts/us-gaap-2012-01-31.xsd#us-gaap_EquityComponentDomain" xlink:label="loc_SLGAEquityComponentDomain" />
      <link:definitionArc xlink:arcrole="http://xbrl.org/int/dim/arcrole/dimension-domain" xlink:from="loc_SLGAStatementEquityComponentsAxis" xlink:to="loc_SLGAEquityComponentDomain" xlink:type="arc" order="20" />
      <link:loc xlink:type="locator" xlink:href="http://xbrl.fasb.org/us-gaap/2012/elts/us-gaap-2012-01-31.xsd#us-gaap_EquityComponentDomain" xlink:label="loc_SLGAEquityComponentDomain_10" />
      <link:definitionArc xlink:arcrole="http://xbrl.org/int/dim/arcrole/dimension-default" xbrldt:contextElement="segment" xlink:from="loc_SLGAStatementEquityComponentsAxis" xlink:to="loc_SLGAEquityComponentDomain_10" xlink:type="arc" order="30" />
      <link:loc xlink:type="locator" xlink:href="http://xbrl.fasb.org/us-gaap/2012/elts/us-gaap-2012-01-31.xsd#us-gaap_CommonStockMember" xlink:label="loc_SLGACommonStockMember_0" />
      <link:definitionArc xlink:arcrole="http://xbrl.org/int/dim/arcrole/domain-member" xlink:from="loc_SLGAEquityComponentDomain" xlink:to="loc_SLGACommonStockMember_0" xlink:type="arc" order="1" />
      <link:loc xlink:type="locator" xlink:href="http://xbrl.fasb.org/us-gaap/2012/elts/us-gaap-2012-01-31.xsd#us-gaap_AdditionalPaidInCapitalMember" xlink:label="loc_SLGAAdditionalPaidInCapitalMember_10" />
      <link:definitionArc xlink:arcrole="http://xbrl.org/int/dim/arcrole/domain-member" xlink:from="loc_SLGAEquityComponentDomain" xlink:to="loc_SLGAAdditionalPaidInCapitalMember_10" xlink:type="arc" order="11" />
      <link:loc xlink:type="locator" xlink:href="http://xbrl.fasb.org/us-gaap/2012/elts/us-gaap-2012-01-31.xsd#us-gaap_RetainedEarningsMember" xlink:label="loc_SLGARetainedEarningsMember_20" />
      <link:definitionArc xlink:arcrole="http://xbrl.org/int/dim/arcrole/domain-member" xlink:from="loc_SLGAEquityComponentDomain" xlink:to="loc_SLGARetainedEarningsMember_20" xlink:type="arc" order="21" />
      <link:loc xlink:type="locator" xlink:href="http://xbrl.fasb.org/us-gaap/2012/elts/us-gaap-2012-01-31.xsd#us-gaap_ComprehensiveIncomeMember" xlink:label="loc_SLGAComprehensiveIncomeMember_30" />
      <link:definitionArc xlink:arcrole="http://xbrl.org/int/dim/arcrole/domain-member" xlink:from="loc_SLGAEquityComponentDomain" xlink:to="loc_SLGAComprehensiveIncomeMember_30" xlink:type="arc" order="31" />
      <link:loc xlink:type="locator" xlink:href="http://xbrl.fasb.org/us-gaap/2012/elts/us-gaap-2012-01-31.xsd#us-gaap_SharesIssued" xlink:label="loc_SLGASharesIssued_60" />
      <link:definitionArc xlink:arcrole="http://xbrl.org/int/dim/arcrole/domain-member" xlink:from="loc_SLGAStatementLineItems" xlink:to="loc_SLGASharesIssued_60" xlink:type="arc" order="1" />
      <link:loc xlink:type="locator" xlink:href="http://xbrl.fasb.org/us-gaap/2012/elts/us-gaap-2012-01-31.xsd#us-gaap_StockholdersEquity" xlink:label="loc_SLGAStockholdersEquity_60" />
      <link:definitionArc xlink:arcrole="http://xbrl.org/int/dim/arcrole/domain-member" xlink:from="loc_SLGAStatementLineItems" xlink:to="loc_SLGAStockholdersEquity_60" xlink:type="arc" order="2" />
      <link:loc xlink:type="locator" xlink:href="http://xbrl.fasb.org/us-gaap/2012/elts/us-gaap-2012-01-31.xsd#us-gaap_DevelopmentCostsCumulative" xlink:label="loc_SLGADevelopmentCostsCumulative_60" />
      <link:definitionArc xlink:arcrole="http://xbrl.org/int/dim/arcrole/domain-member" xlink:from="loc_SLGAStatementLineItems" xlink:to="loc_SLGADevelopmentCostsCumulative_60" xlink:type="arc" order="3" />
      <link:loc xlink:type="locator" xlink:href="http://xbrl.fasb.org/us-gaap/2012/elts/us-gaap-2012-01-31.xsd#us-gaap_ExplorationCostsCumulative" xlink:label="loc_SLGAExplorationCostsCumulative_60" />
      <link:definitionArc xlink:arcrole="http://xbrl.org/int/dim/arcrole/domain-member" xlink:from="loc_SLGAStatementLineItems" xlink:to="loc_SLGAExplorationCostsCumulative_60" xlink:type="arc" order="4" />
      <link:loc xlink:type="locator" xlink:href="http://xbrl.fasb.org/us-gaap/2012/elts/us-gaap-2012-01-31.xsd#us-gaap_DebtInstrumentDecreaseForgiveness" xlink:label="loc_SLGADebtInstrumentDecreaseForgiveness_60" />
      <link:definitionArc xlink:arcrole="http://xbrl.org/int/dim/arcrole/domain-member" xlink:from="loc_SLGAStatementLineItems" xlink:to="loc_SLGADebtInstrumentDecreaseForgiveness_60" xlink:type="arc" order="5" />
      <link:loc xlink:type="locator" xlink:href="http://xbrl.fasb.org/us-gaap/2012/elts/us-gaap-2012-01-31.xsd#us-gaap_StockIssuedDuringPeriodSharesNewIssues" xlink:label="loc_SLGAStockIssuedDuringPeriodSharesNewIssues_60" />
      <link:definitionArc xlink:arcrole="http://xbrl.org/int/dim/arcrole/domain-member" xlink:from="loc_SLGAStatementLineItems" xlink:to="loc_SLGAStockIssuedDuringPeriodSharesNewIssues_60" xlink:type="arc" order="6" />
      <link:loc xlink:type="locator" xlink:href="http://xbrl.fasb.org/us-gaap/2012/elts/us-gaap-2012-01-31.xsd#us-gaap_StockIssuedDuringPeriodValueNewIssues" xlink:label="loc_SLGAStockIssuedDuringPeriodValueNewIssues_60" />
      <link:definitionArc xlink:arcrole="http://xbrl.org/int/dim/arcrole/domain-member" xlink:from="loc_SLGAStatementLineItems" xlink:to="loc_SLGAStockIssuedDuringPeriodValueNewIssues_60" xlink:type="arc" order="7" />
      <link:loc xlink:type="locator" xlink:href="slga-20120930.xsd#SLGA_ComprehensiveIncomeAbstract" xlink:label="loc_SLGAComprehensiveIncomeAbstract_60" />
      <link:definitionArc xlink:arcrole="http://xbrl.org/int/dim/arcrole/domain-member" xlink:from="loc_SLGAStatementLineItems" xlink:to="loc_SLGAComprehensiveIncomeAbstract_60" xlink:type="arc" order="8" />
      <link:loc xlink:type="locator" xlink:href="slga-20120930.xsd#SLGA_NetIncomeLossDevelopment" xlink:label="loc_SLGANetIncomeLossDevelopment_60" />
      <link:definitionArc xlink:arcrole="http://xbrl.org/int/dim/arcrole/domain-member" xlink:from="loc_SLGAComprehensiveIncomeAbstract_60" xlink:to="loc_SLGANetIncomeLossDevelopment_60" xlink:type="arc" order="9" />
      <link:loc xlink:type="locator" xlink:href="slga-20120930.xsd#SLGA_NetIncomeLossExploration" xlink:label="loc_SLGANetIncomeLossExploration_60" />
      <link:definitionArc xlink:arcrole="http://xbrl.org/int/dim/arcrole/domain-member" xlink:from="loc_SLGAComprehensiveIncomeAbstract_60" xlink:to="loc_SLGANetIncomeLossExploration_60" xlink:type="arc" order="10" />
      <link:loc xlink:type="locator" xlink:href="http://xbrl.fasb.org/us-gaap/2012/elts/us-gaap-2012-01-31.xsd#us-gaap_OtherComprehensiveIncomeForeignCurrencyTranslationGainLossArisingDuringPeriodTax" xlink:label="loc_SLGAOtherComprehensiveIncomeForeignCurrencyTranslationGainLossArisingDuringPeriodTax_60" />
      <link:definitionArc xlink:arcrole="http://xbrl.org/int/dim/arcrole/domain-member" xlink:from="loc_SLGAComprehensiveIncomeAbstract_60" xlink:to="loc_SLGAOtherComprehensiveIncomeForeignCurrencyTranslationGainLossArisingDuringPeriodTax_60" xlink:type="arc" order="11" />
      <link:loc xlink:type="locator" xlink:href="http://xbrl.fasb.org/us-gaap/2012/elts/us-gaap-2012-01-31.xsd#us-gaap_ComprehensiveIncomeNetOfTax" xlink:label="loc_SLGAComprehensiveIncomeNetOfTax_60" />
      <link:definitionArc xlink:arcrole="http://xbrl.org/int/dim/arcrole/domain-member" xlink:from="loc_SLGAComprehensiveIncomeAbstract_60" xlink:to="loc_SLGAComprehensiveIncomeNetOfTax_60" xlink:type="arc" order="12" />
    </link:definitionLink>
    <link:definitionLink xlink:type="extended" xlink:role="http://SLGA/role/ConsolidatedStatementOfStockholdersEquityParenthetical" xlink:title="0006 - Statement - Consolidated Statement of Stockholders' Equity (Parenthetical)" />
    <link:definitionLink xlink:type="extended" xlink:role="http://SLGA/role/ConsolidatedStatementsOfCashFlows" xlink:title="0007 - Statement - Consolidated Statements of Cash Flows" />
    <link:definitionLink xlink:type="extended" xlink:role="http://SLGA/role/Note1-OrganizationAndOperations" xlink:title="0008 - Disclosure - Note 1 - Organization and Operations" />
    <link:definitionLink xlink:type="extended" xlink:role="http://SLGA/role/Note2-SummaryOfSignificantAccountingPolicies" xlink:title="0009 - Disclosure - Note 2 - Summary of Significant Accounting Policies" />
    <link:definitionLink xlink:type="extended" xlink:role="http://SLGA/role/Note3-GoingConcern" xlink:title="0010 - Disclosure - Note 3 - Going Concern" />
    <link:definitionLink xlink:type="extended" xlink:role="http://SLGA/role/Note4-OilAndGasProperties" xlink:title="0011 - Disclosure - Note 4 - Oil and Gas Properties" />
    <link:definitionLink xlink:type="extended" xlink:role="http://SLGA/role/Note5-RelatedPartyTransactions" xlink:title="0012 - Disclosure - Note 5 - Related Party Transactions" />
    <link:definitionLink xlink:type="extended" xlink:role="http://SLGA/role/Note6-StockholdersDeficit" xlink:title="0013 - Disclosure - Note 6 - Stockholders' Deficit" />
    <link:definitionLink xlink:type="extended" xlink:role="http://SLGA/role/Note7-SubsequentEvents" xlink:title="0014 - Disclosure - Note 7 - Subsequent Events" />
    <link:definitionLink xlink:type="extended" xlink:role="http://SLGA/role/Note2-SummaryOfSignificantAccountingPoliciesPolicies" xlink:title="0015 - Disclosure - Note 2 - Summary of Significant Accounting Policies (Policies)" />
    <link:definitionLink xlink:type="extended" xlink:role="http://SLGA/role/Note2-SummaryOfSignificantAccountingPoliciesTables" xlink:title="0016 - Disclosure - Note 2 - Summary of Significant Accounting Policies (Tables)" />
    <link:definitionLink xlink:type="extended" xlink:role="http://SLGA/role/Note5-RelatedPartyTransactionsTables" xlink:title="0017 - Disclosure - Note 5 - Related Party Transactions (Tables)" />
    <link:definitionLink xlink:type="extended" xlink:role="http://SLGA/role/Note1-OrganizationAndOperationsDetailsNarrative" xlink:title="0018 - Disclosure - Note 1 - Organization and Operations (Details Narrative)" />
    <link:definitionLink xlink:type="extended" xlink:role="http://SLGA/role/Note2-SummaryOfSignificantAccountingPolicies-ControlledEntitiesDetails" xlink:title="0019 - Disclosure - Note 2 - Summary of Significant Accounting Policies - Controlled entities (Details)">
      <link:loc xlink:type="locator" xlink:href="http://xbrl.fasb.org/us-gaap/2012/elts/us-gaap-2012-01-31.xsd#us-gaap_StatementLineItems" xlink:label="loc_SLGAStatementLineItems" />
      <link:loc xlink:type="locator" xlink:href="http://xbrl.fasb.org/us-gaap/2012/elts/us-gaap-2012-01-31.xsd#us-gaap_StatementTable" xlink:label="loc_SLGAStatementTable" />
      <link:definitionArc xlink:arcrole="http://xbrl.org/int/dim/arcrole/all" xbrldt:contextElement="segment" xlink:from="loc_SLGAStatementLineItems" xlink:to="loc_SLGAStatementTable" xlink:type="arc" order="10" xbrldt:closed="true" />
      <link:loc xlink:type="locator" xlink:href="http://xbrl.sec.gov/dei/2012/dei-2012-01-31.xsd#dei_EntityByLocationAxis" xlink:label="loc_SLGAEntityByLocationAxis" />
      <link:definitionArc xlink:arcrole="http://xbrl.org/int/dim/arcrole/hypercube-dimension" xlink:from="loc_SLGAStatementTable" xlink:to="loc_SLGAEntityByLocationAxis" xlink:type="arc" order="1" />
      <link:loc xlink:type="locator" xlink:href="http://xbrl.sec.gov/dei/2012/dei-2012-01-31.xsd#dei_LocationDomain" xlink:label="loc_SLGALocationDomain" />
      <link:definitionArc xlink:arcrole="http://xbrl.org/int/dim/arcrole/dimension-domain" xlink:from="loc_SLGAEntityByLocationAxis" xlink:to="loc_SLGALocationDomain" xlink:type="arc" order="20" />
      <link:loc xlink:type="locator" xlink:href="http://xbrl.sec.gov/dei/2012/dei-2012-01-31.xsd#dei_LocationDomain" xlink:label="loc_SLGALocationDomain_10" />
      <link:definitionArc xlink:arcrole="http://xbrl.org/int/dim/arcrole/dimension-default" xbrldt:contextElement="segment" xlink:from="loc_SLGAEntityByLocationAxis" xlink:to="loc_SLGALocationDomain_10" xlink:type="arc" order="30" />
      <link:loc xlink:type="locator" xlink:href="slga-20120930.xsd#SLGA_AuxilliumPolandMember" xlink:label="loc_SLGAAuxilliumPolandMember_0" />
      <link:definitionArc xlink:arcrole="http://xbrl.org/int/dim/arcrole/domain-member" xlink:from="loc_SLGALocationDomain" xlink:to="loc_SLGAAuxilliumPolandMember_0" xlink:type="arc" order="1" />
      <link:loc xlink:type="locator" xlink:href="slga-20120930.xsd#SLGA_AuxilliumAlaskaMember" xlink:label="loc_SLGAAuxilliumAlaskaMember_20" />
      <link:definitionArc xlink:arcrole="http://xbrl.org/int/dim/arcrole/domain-member" xlink:from="loc_SLGALocationDomain" xlink:to="loc_SLGAAuxilliumAlaskaMember_20" xlink:type="arc" order="21" />
      <link:loc xlink:type="locator" xlink:href="slga-20120930.xsd#SLGA_AttributableEquityInterest" xlink:label="loc_SLGAAttributableEquityInterest_50" />
      <link:definitionArc xlink:arcrole="http://xbrl.org/int/dim/arcrole/domain-member" xlink:from="loc_SLGAStatementLineItems" xlink:to="loc_SLGAAttributableEquityInterest_50" xlink:type="arc" order="1" />
    </link:definitionLink>
    <link:definitionLink xlink:type="extended" xlink:role="http://SLGA/role/Note4-OilAndGasPropertiesDetailsNarrative" xlink:title="0020 - Disclosure - Note 4 - Oil and Gas Properties (Details Narrative)" />
    <link:definitionLink xlink:type="extended" xlink:role="http://SLGA/role/Note5-RelatedPartyTransactions-AdvancesFromStockholdersDetails" xlink:title="0021 - Disclosure - Note 5 - Related Party Transactions - Advances from Stockholders (Details)" />
    <link:definitionLink xlink:type="extended" xlink:role="http://SLGA/role/Note6-StockholdersDeficitDetailsNarrative" xlink:title="0022 - Disclosure - Note 6 - Stockholders' Deficit (Details Narrative)" />
</link:linkbase>
