<?xml version="1.0" encoding="US-ASCII" standalone="no"?>
    <!-- Field: Doc-Info; Name: Generator; Value: GoFiler Complete; Version: 3.4b -->
    <!-- Field: Doc-Info; Name: VendorURI; Value: http://www.novaworks.co -->
    <!-- Field: Doc-Info; Name: Source; Value: slga%2D10qa_093012apg.xfr; Date: 2013/01/30T02:48:13 -->
    <!-- Field: Doc-Info; Name: Status; Value: 0x00000000 -->
<link:linkbase xmlns:xsi="http://www.w3.org/2001/XMLSchema-instance" xmlns:xlink="http://www.w3.org/1999/xlink" xmlns:link="http://www.xbrl.org/2003/linkbase" xmlns:xbrli="http://www.xbrl.org/2003/instance" xsi:schemaLocation="http://www.xbrl.org/2003/linkbase http://www.xbrl.org/2003/xbrl-linkbase-2003-12-31.xsd">
    <link:roleRef roleURI="http://SLGA/role/DocumentAndEntityInformation" xlink:href="slga-20120930.xsd#DocumentAndEntityInformation" xlink:type="simple" />
    <link:roleRef roleURI="http://SLGA/role/ConsolidatedBalanceSheets" xlink:href="slga-20120930.xsd#ConsolidatedBalanceSheets" xlink:type="simple" />
    <link:roleRef roleURI="http://SLGA/role/ConsolidatedBalanceSheetsParenthetical" xlink:href="slga-20120930.xsd#ConsolidatedBalanceSheetsParenthetical" xlink:type="simple" />
    <link:roleRef roleURI="http://SLGA/role/ConsolidatedStatementsOfOperationsAndComprehensiveIncomeLoss" xlink:href="slga-20120930.xsd#ConsolidatedStatementsOfOperationsAndComprehensiveIncomeLoss" xlink:type="simple" />
    <link:roleRef roleURI="http://SLGA/role/ConsolidatedStatementOfStockholdersEquity" xlink:href="slga-20120930.xsd#ConsolidatedStatementOfStockholdersEquity" xlink:type="simple" />
    <link:roleRef roleURI="http://SLGA/role/ConsolidatedStatementOfStockholdersEquityParenthetical" xlink:href="slga-20120930.xsd#ConsolidatedStatementOfStockholdersEquityParenthetical" xlink:type="simple" />
    <link:roleRef roleURI="http://SLGA/role/ConsolidatedStatementsOfCashFlows" xlink:href="slga-20120930.xsd#ConsolidatedStatementsOfCashFlows" xlink:type="simple" />
    <link:roleRef roleURI="http://SLGA/role/Note1-OrganizationAndOperations" xlink:href="slga-20120930.xsd#Note1-OrganizationAndOperations" xlink:type="simple" />
    <link:roleRef roleURI="http://SLGA/role/Note2-SummaryOfSignificantAccountingPolicies" xlink:href="slga-20120930.xsd#Note2-SummaryOfSignificantAccountingPolicies" xlink:type="simple" />
    <link:roleRef roleURI="http://SLGA/role/Note3-GoingConcern" xlink:href="slga-20120930.xsd#Note3-GoingConcern" xlink:type="simple" />
    <link:roleRef roleURI="http://SLGA/role/Note4-OilAndGasProperties" xlink:href="slga-20120930.xsd#Note4-OilAndGasProperties" xlink:type="simple" />
    <link:roleRef roleURI="http://SLGA/role/Note5-RelatedPartyTransactions" xlink:href="slga-20120930.xsd#Note5-RelatedPartyTransactions" xlink:type="simple" />
    <link:roleRef roleURI="http://SLGA/role/Note6-StockholdersDeficit" xlink:href="slga-20120930.xsd#Note6-StockholdersDeficit" xlink:type="simple" />
    <link:roleRef roleURI="http://SLGA/role/Note7-SubsequentEvents" xlink:href="slga-20120930.xsd#Note7-SubsequentEvents" xlink:type="simple" />
    <link:roleRef roleURI="http://SLGA/role/Note2-SummaryOfSignificantAccountingPoliciesPolicies" xlink:href="slga-20120930.xsd#Note2-SummaryOfSignificantAccountingPoliciesPolicies" xlink:type="simple" />
    <link:roleRef roleURI="http://SLGA/role/Note2-SummaryOfSignificantAccountingPoliciesTables" xlink:href="slga-20120930.xsd#Note2-SummaryOfSignificantAccountingPoliciesTables" xlink:type="simple" />
    <link:roleRef roleURI="http://SLGA/role/Note5-RelatedPartyTransactionsTables" xlink:href="slga-20120930.xsd#Note5-RelatedPartyTransactionsTables" xlink:type="simple" />
    <link:roleRef roleURI="http://SLGA/role/Note1-OrganizationAndOperationsDetailsNarrative" xlink:href="slga-20120930.xsd#Note1-OrganizationAndOperationsDetailsNarrative" xlink:type="simple" />
    <link:roleRef roleURI="http://SLGA/role/Note2-SummaryOfSignificantAccountingPolicies-ControlledEntitiesDetails" xlink:href="slga-20120930.xsd#Note2-SummaryOfSignificantAccountingPolicies-ControlledEntitiesDetails" xlink:type="simple" />
    <link:roleRef roleURI="http://SLGA/role/Note4-OilAndGasPropertiesDetailsNarrative" xlink:href="slga-20120930.xsd#Note4-OilAndGasPropertiesDetailsNarrative" xlink:type="simple" />
    <link:roleRef roleURI="http://SLGA/role/Note5-RelatedPartyTransactions-AdvancesFromStockholdersDetails" xlink:href="slga-20120930.xsd#Note5-RelatedPartyTransactions-AdvancesFromStockholdersDetails" xlink:type="simple" />
    <link:roleRef roleURI="http://SLGA/role/Note6-StockholdersDeficitDetailsNarrative" xlink:href="slga-20120930.xsd#Note6-StockholdersDeficitDetailsNarrative" xlink:type="simple" />
    <link:presentationLink xlink:type="extended" xlink:role="http://SLGA/role/DocumentAndEntityInformation" xlink:title="0001 - Document - Document and Entity Information">
      <link:loc xlink:type="locator" xlink:href="slga-20120930.xsd#SLGA_DocumentAndEntityInformationAbstract" xlink:label="loc_SLGADocumentAndEntityInformationAbstract" />
      <link:loc xlink:type="locator" xlink:href="http://xbrl.sec.gov/dei/2012/dei-2012-01-31.xsd#dei_EntityRegistrantName" xlink:label="loc_SLGAEntityRegistrantName" />
      <link:presentationArc order="0" xlink:arcrole="http://www.xbrl.org/2003/arcrole/parent-child" xlink:from="loc_SLGADocumentAndEntityInformationAbstract" xlink:to="loc_SLGAEntityRegistrantName" xlink:type="arc" />
      <link:loc xlink:type="locator" xlink:href="http://xbrl.sec.gov/dei/2012/dei-2012-01-31.xsd#dei_EntityCentralIndexKey" xlink:label="loc_SLGAEntityCentralIndexKey" />
      <link:presentationArc order="10" xlink:arcrole="http://www.xbrl.org/2003/arcrole/parent-child" xlink:from="loc_SLGADocumentAndEntityInformationAbstract" xlink:to="loc_SLGAEntityCentralIndexKey" xlink:type="arc" />
      <link:loc xlink:type="locator" xlink:href="http://xbrl.sec.gov/dei/2012/dei-2012-01-31.xsd#dei_DocumentType" xlink:label="loc_SLGADocumentType" />
      <link:presentationArc order="20" xlink:arcrole="http://www.xbrl.org/2003/arcrole/parent-child" xlink:from="loc_SLGADocumentAndEntityInformationAbstract" xlink:to="loc_SLGADocumentType" xlink:type="arc" />
      <link:loc xlink:type="locator" xlink:href="http://xbrl.sec.gov/dei/2012/dei-2012-01-31.xsd#dei_DocumentPeriodEndDate" xlink:label="loc_SLGADocumentPeriodEndDate" />
      <link:presentationArc order="30" xlink:arcrole="http://www.xbrl.org/2003/arcrole/parent-child" xlink:from="loc_SLGADocumentAndEntityInformationAbstract" xlink:to="loc_SLGADocumentPeriodEndDate" xlink:type="arc" />
      <link:loc xlink:type="locator" xlink:href="http://xbrl.sec.gov/dei/2012/dei-2012-01-31.xsd#dei_AmendmentFlag" xlink:label="loc_SLGAAmendmentFlag" />
      <link:presentationArc order="40" xlink:arcrole="http://www.xbrl.org/2003/arcrole/parent-child" xlink:from="loc_SLGADocumentAndEntityInformationAbstract" xlink:to="loc_SLGAAmendmentFlag" xlink:type="arc" />
      <link:loc xlink:type="locator" xlink:href="http://xbrl.sec.gov/dei/2012/dei-2012-01-31.xsd#dei_CurrentFiscalYearEndDate" xlink:label="loc_SLGACurrentFiscalYearEndDate" />
      <link:presentationArc order="50" xlink:arcrole="http://www.xbrl.org/2003/arcrole/parent-child" xlink:from="loc_SLGADocumentAndEntityInformationAbstract" xlink:to="loc_SLGACurrentFiscalYearEndDate" xlink:type="arc" />
      <link:loc xlink:type="locator" xlink:href="http://xbrl.sec.gov/dei/2012/dei-2012-01-31.xsd#dei_EntityWellKnownSeasonedIssuer" xlink:label="loc_SLGAEntityWellKnownSeasonedIssuer" />
      <link:presentationArc order="60" xlink:arcrole="http://www.xbrl.org/2003/arcrole/parent-child" xlink:from="loc_SLGADocumentAndEntityInformationAbstract" xlink:to="loc_SLGAEntityWellKnownSeasonedIssuer" xlink:type="arc" />
      <link:loc xlink:type="locator" xlink:href="http://xbrl.sec.gov/dei/2012/dei-2012-01-31.xsd#dei_EntityVoluntaryFilers" xlink:label="loc_SLGAEntityVoluntaryFilers" />
      <link:presentationArc order="70" xlink:arcrole="http://www.xbrl.org/2003/arcrole/parent-child" xlink:from="loc_SLGADocumentAndEntityInformationAbstract" xlink:to="loc_SLGAEntityVoluntaryFilers" xlink:type="arc" />
      <link:loc xlink:type="locator" xlink:href="http://xbrl.sec.gov/dei/2012/dei-2012-01-31.xsd#dei_EntityCurrentReportingStatus" xlink:label="loc_SLGAEntityCurrentReportingStatus" />
      <link:presentationArc order="80" xlink:arcrole="http://www.xbrl.org/2003/arcrole/parent-child" xlink:from="loc_SLGADocumentAndEntityInformationAbstract" xlink:to="loc_SLGAEntityCurrentReportingStatus" xlink:type="arc" />
      <link:loc xlink:type="locator" xlink:href="http://xbrl.sec.gov/dei/2012/dei-2012-01-31.xsd#dei_EntityFilerCategory" xlink:label="loc_SLGAEntityFilerCategory" />
      <link:presentationArc order="90" xlink:arcrole="http://www.xbrl.org/2003/arcrole/parent-child" xlink:from="loc_SLGADocumentAndEntityInformationAbstract" xlink:to="loc_SLGAEntityFilerCategory" xlink:type="arc" />
      <link:loc xlink:type="locator" xlink:href="http://xbrl.sec.gov/dei/2012/dei-2012-01-31.xsd#dei_EntityPublicFloat" xlink:label="loc_SLGAEntityPublicFloat" />
      <link:presentationArc order="100" xlink:arcrole="http://www.xbrl.org/2003/arcrole/parent-child" xlink:from="loc_SLGADocumentAndEntityInformationAbstract" xlink:to="loc_SLGAEntityPublicFloat" xlink:type="arc" />
      <link:loc xlink:type="locator" xlink:href="http://xbrl.sec.gov/dei/2012/dei-2012-01-31.xsd#dei_EntityCommonStockSharesOutstanding" xlink:label="loc_SLGAEntityCommonStockSharesOutstanding" />
      <link:presentationArc order="110" xlink:arcrole="http://www.xbrl.org/2003/arcrole/parent-child" xlink:from="loc_SLGADocumentAndEntityInformationAbstract" xlink:to="loc_SLGAEntityCommonStockSharesOutstanding" xlink:type="arc" />
      <link:loc xlink:type="locator" xlink:href="http://xbrl.sec.gov/dei/2012/dei-2012-01-31.xsd#dei_DocumentFiscalPeriodFocus" xlink:label="loc_SLGADocumentFiscalPeriodFocus" />
      <link:presentationArc order="120" xlink:arcrole="http://www.xbrl.org/2003/arcrole/parent-child" xlink:from="loc_SLGADocumentAndEntityInformationAbstract" xlink:to="loc_SLGADocumentFiscalPeriodFocus" xlink:type="arc" />
      <link:loc xlink:type="locator" xlink:href="http://xbrl.sec.gov/dei/2012/dei-2012-01-31.xsd#dei_DocumentFiscalYearFocus" xlink:label="loc_SLGADocumentFiscalYearFocus" />
      <link:presentationArc order="130" xlink:arcrole="http://www.xbrl.org/2003/arcrole/parent-child" xlink:from="loc_SLGADocumentAndEntityInformationAbstract" xlink:to="loc_SLGADocumentFiscalYearFocus" xlink:type="arc" />
      <link:loc xlink:type="locator" xlink:href="http://xbrl.sec.gov/dei/2012/dei-2012-01-31.xsd#dei_AmendmentDescription" xlink:label="loc_SLGAAmendmentDescription" />
      <link:presentationArc order="140" xlink:arcrole="http://www.xbrl.org/2003/arcrole/parent-child" xlink:from="loc_SLGADocumentAndEntityInformationAbstract" xlink:to="loc_SLGAAmendmentDescription" xlink:type="arc" />
    </link:presentationLink>
    <link:presentationLink xlink:type="extended" xlink:role="http://SLGA/role/ConsolidatedBalanceSheets" xlink:title="0002 - Statement - Consolidated Balance Sheets">
      <link:loc xlink:type="locator" xlink:href="http://xbrl.fasb.org/us-gaap/2012/elts/us-gaap-2012-01-31.xsd#us-gaap_StatementOfFinancialPositionAbstract" xlink:label="loc_SLGAStatementOfFinancialPositionAbstract" />
      <link:loc xlink:type="locator" xlink:href="http://xbrl.fasb.org/us-gaap/2012/elts/us-gaap-2012-01-31.xsd#us-gaap_AssetsAbstract" xlink:label="loc_SLGAAssetsAbstract" />
      <link:presentationArc order="0" xlink:arcrole="http://www.xbrl.org/2003/arcrole/parent-child" xlink:from="loc_SLGAStatementOfFinancialPositionAbstract" xlink:to="loc_SLGAAssetsAbstract" xlink:type="arc" />
      <link:loc xlink:type="locator" xlink:href="http://xbrl.fasb.org/us-gaap/2012/elts/us-gaap-2012-01-31.xsd#us-gaap_AssetsCurrentAbstract" xlink:label="loc_SLGAAssetsCurrentAbstract" />
      <link:presentationArc order="10" xlink:arcrole="http://www.xbrl.org/2003/arcrole/parent-child" xlink:from="loc_SLGAAssetsAbstract" xlink:to="loc_SLGAAssetsCurrentAbstract" xlink:type="arc" />
      <link:loc xlink:type="locator" xlink:href="http://xbrl.fasb.org/us-gaap/2012/elts/us-gaap-2012-01-31.xsd#us-gaap_CashAndCashEquivalentsAtCarryingValue" xlink:label="loc_SLGACashAndCashEquivalentsAtCarryingValue" />
      <link:presentationArc order="20" xlink:arcrole="http://www.xbrl.org/2003/arcrole/parent-child" xlink:from="loc_SLGAAssetsCurrentAbstract" xlink:to="loc_SLGACashAndCashEquivalentsAtCarryingValue" xlink:type="arc" />
      <link:loc xlink:type="locator" xlink:href="http://xbrl.fasb.org/us-gaap/2012/elts/us-gaap-2012-01-31.xsd#us-gaap_AssetsCurrent" xlink:label="loc_SLGAAssetsCurrent" />
      <link:presentationArc order="30" xlink:arcrole="http://www.xbrl.org/2003/arcrole/parent-child" xlink:from="loc_SLGAAssetsCurrentAbstract" xlink:to="loc_SLGAAssetsCurrent" xlink:type="arc" preferredLabel="http://www.xbrl.org/2003/role/totalLabel" />
      <link:loc xlink:type="locator" xlink:href="http://xbrl.fasb.org/us-gaap/2012/elts/us-gaap-2012-01-31.xsd#us-gaap_OilAndGasPropertySuccessfulEffortMethodGross" xlink:label="loc_SLGAOilAndGasPropertySuccessfulEffortMethodGross" />
      <link:presentationArc order="40" xlink:arcrole="http://www.xbrl.org/2003/arcrole/parent-child" xlink:from="loc_SLGAAssetsCurrentAbstract" xlink:to="loc_SLGAOilAndGasPropertySuccessfulEffortMethodGross" xlink:type="arc" />
      <link:loc xlink:type="locator" xlink:href="http://xbrl.fasb.org/us-gaap/2012/elts/us-gaap-2012-01-31.xsd#us-gaap_Assets" xlink:label="loc_SLGAAssets" />
      <link:presentationArc order="50" xlink:arcrole="http://www.xbrl.org/2003/arcrole/parent-child" xlink:from="loc_SLGAAssetsCurrentAbstract" xlink:to="loc_SLGAAssets" xlink:type="arc" preferredLabel="http://www.xbrl.org/2003/role/totalLabel" />
      <link:loc xlink:type="locator" xlink:href="http://xbrl.fasb.org/us-gaap/2012/elts/us-gaap-2012-01-31.xsd#us-gaap_LiabilitiesAndStockholdersEquityAbstract" xlink:label="loc_SLGALiabilitiesAndStockholdersEquityAbstract" />
      <link:presentationArc order="60" xlink:arcrole="http://www.xbrl.org/2003/arcrole/parent-child" xlink:from="loc_SLGAStatementOfFinancialPositionAbstract" xlink:to="loc_SLGALiabilitiesAndStockholdersEquityAbstract" xlink:type="arc" />
      <link:loc xlink:type="locator" xlink:href="http://xbrl.fasb.org/us-gaap/2012/elts/us-gaap-2012-01-31.xsd#us-gaap_LiabilitiesCurrentAbstract" xlink:label="loc_SLGALiabilitiesCurrentAbstract" />
      <link:presentationArc order="70" xlink:arcrole="http://www.xbrl.org/2003/arcrole/parent-child" xlink:from="loc_SLGALiabilitiesAndStockholdersEquityAbstract" xlink:to="loc_SLGALiabilitiesCurrentAbstract" xlink:type="arc" />
      <link:loc xlink:type="locator" xlink:href="http://xbrl.fasb.org/us-gaap/2012/elts/us-gaap-2012-01-31.xsd#us-gaap_AccruedLiabilitiesCurrent" xlink:label="loc_SLGAAccruedLiabilitiesCurrent" />
      <link:presentationArc order="80" xlink:arcrole="http://www.xbrl.org/2003/arcrole/parent-child" xlink:from="loc_SLGALiabilitiesCurrentAbstract" xlink:to="loc_SLGAAccruedLiabilitiesCurrent" xlink:type="arc" />
      <link:loc xlink:type="locator" xlink:href="http://xbrl.fasb.org/us-gaap/2012/elts/us-gaap-2012-01-31.xsd#us-gaap_DueToOfficersOrStockholdersCurrent" xlink:label="loc_SLGADueToOfficersOrStockholdersCurrent" />
      <link:presentationArc order="90" xlink:arcrole="http://www.xbrl.org/2003/arcrole/parent-child" xlink:from="loc_SLGALiabilitiesCurrentAbstract" xlink:to="loc_SLGADueToOfficersOrStockholdersCurrent" xlink:type="arc" />
      <link:loc xlink:type="locator" xlink:href="http://xbrl.fasb.org/us-gaap/2012/elts/us-gaap-2012-01-31.xsd#us-gaap_LiabilitiesCurrent" xlink:label="loc_SLGALiabilitiesCurrent" />
      <link:presentationArc order="100" xlink:arcrole="http://www.xbrl.org/2003/arcrole/parent-child" xlink:from="loc_SLGALiabilitiesCurrentAbstract" xlink:to="loc_SLGALiabilitiesCurrent" xlink:type="arc" preferredLabel="http://www.xbrl.org/2003/role/totalLabel" />
      <link:loc xlink:type="locator" xlink:href="http://xbrl.fasb.org/us-gaap/2012/elts/us-gaap-2012-01-31.xsd#us-gaap_Liabilities" xlink:label="loc_SLGALiabilities" />
      <link:presentationArc order="110" xlink:arcrole="http://www.xbrl.org/2003/arcrole/parent-child" xlink:from="loc_SLGALiabilitiesCurrentAbstract" xlink:to="loc_SLGALiabilities" xlink:type="arc" />
      <link:loc xlink:type="locator" xlink:href="http://xbrl.fasb.org/us-gaap/2012/elts/us-gaap-2012-01-31.xsd#us-gaap_StockholdersEquityAbstract" xlink:label="loc_SLGAStockholdersEquityAbstract" />
      <link:presentationArc order="120" xlink:arcrole="http://www.xbrl.org/2003/arcrole/parent-child" xlink:from="loc_SLGALiabilitiesAndStockholdersEquityAbstract" xlink:to="loc_SLGAStockholdersEquityAbstract" xlink:type="arc" />
      <link:loc xlink:type="locator" xlink:href="http://xbrl.fasb.org/us-gaap/2012/elts/us-gaap-2012-01-31.xsd#us-gaap_PreferredStockValue" xlink:label="loc_SLGAPreferredStockValue" />
      <link:presentationArc order="130" xlink:arcrole="http://www.xbrl.org/2003/arcrole/parent-child" xlink:from="loc_SLGAStockholdersEquityAbstract" xlink:to="loc_SLGAPreferredStockValue" xlink:type="arc" />
      <link:loc xlink:type="locator" xlink:href="http://xbrl.fasb.org/us-gaap/2012/elts/us-gaap-2012-01-31.xsd#us-gaap_CommonStockValue" xlink:label="loc_SLGACommonStockValue" />
      <link:presentationArc order="140" xlink:arcrole="http://www.xbrl.org/2003/arcrole/parent-child" xlink:from="loc_SLGAStockholdersEquityAbstract" xlink:to="loc_SLGACommonStockValue" xlink:type="arc" />
      <link:loc xlink:type="locator" xlink:href="http://xbrl.fasb.org/us-gaap/2012/elts/us-gaap-2012-01-31.xsd#us-gaap_AdditionalPaidInCapital" xlink:label="loc_SLGAAdditionalPaidInCapital" />
      <link:presentationArc order="150" xlink:arcrole="http://www.xbrl.org/2003/arcrole/parent-child" xlink:from="loc_SLGAStockholdersEquityAbstract" xlink:to="loc_SLGAAdditionalPaidInCapital" xlink:type="arc" />
      <link:loc xlink:type="locator" xlink:href="http://xbrl.fasb.org/us-gaap/2012/elts/us-gaap-2012-01-31.xsd#us-gaap_DevelopmentStageEnterpriseDeficitAccumulatedDuringDevelopmentStage" xlink:label="loc_SLGADevelopmentStageEnterpriseDeficitAccumulatedDuringDevelopmentStage" />
      <link:presentationArc order="160" xlink:arcrole="http://www.xbrl.org/2003/arcrole/parent-child" xlink:from="loc_SLGAStockholdersEquityAbstract" xlink:to="loc_SLGADevelopmentStageEnterpriseDeficitAccumulatedDuringDevelopmentStage" xlink:type="arc" preferredLabel="http://www.xbrl.org/2009/role/negatedLabel" />
      <link:loc xlink:type="locator" xlink:href="http://xbrl.fasb.org/us-gaap/2012/elts/us-gaap-2012-01-31.xsd#us-gaap_RetainedEarningsAccumulatedDeficit" xlink:label="loc_SLGARetainedEarningsAccumulatedDeficit" />
      <link:presentationArc order="170" xlink:arcrole="http://www.xbrl.org/2003/arcrole/parent-child" xlink:from="loc_SLGAStockholdersEquityAbstract" xlink:to="loc_SLGARetainedEarningsAccumulatedDeficit" xlink:type="arc" />
      <link:loc xlink:type="locator" xlink:href="http://xbrl.fasb.org/us-gaap/2012/elts/us-gaap-2012-01-31.xsd#us-gaap_StockholdersEquity" xlink:label="loc_SLGAStockholdersEquity" />
      <link:presentationArc order="180" xlink:arcrole="http://www.xbrl.org/2003/arcrole/parent-child" xlink:from="loc_SLGAStockholdersEquityAbstract" xlink:to="loc_SLGAStockholdersEquity" xlink:type="arc" preferredLabel="http://www.xbrl.org/2003/role/totalLabel" />
      <link:loc xlink:type="locator" xlink:href="http://xbrl.fasb.org/us-gaap/2012/elts/us-gaap-2012-01-31.xsd#us-gaap_LiabilitiesAndStockholdersEquity" xlink:label="loc_SLGALiabilitiesAndStockholdersEquity" />
      <link:presentationArc order="190" xlink:arcrole="http://www.xbrl.org/2003/arcrole/parent-child" xlink:from="loc_SLGAStockholdersEquityAbstract" xlink:to="loc_SLGALiabilitiesAndStockholdersEquity" xlink:type="arc" preferredLabel="http://www.xbrl.org/2003/role/totalLabel" />
    </link:presentationLink>
    <link:presentationLink xlink:type="extended" xlink:role="http://SLGA/role/ConsolidatedBalanceSheetsParenthetical" xlink:title="0003 - Statement - Consolidated Balance Sheets (Parenthetical)">
      <link:loc xlink:type="locator" xlink:href="http://xbrl.fasb.org/us-gaap/2012/elts/us-gaap-2012-01-31.xsd#us-gaap_StatementOfFinancialPositionAbstract" xlink:label="loc_SLGAStatementOfFinancialPositionAbstract" />
      <link:loc xlink:type="locator" xlink:href="http://xbrl.fasb.org/us-gaap/2012/elts/us-gaap-2012-01-31.xsd#us-gaap_PreferredStockMember" xlink:label="loc_SLGAPreferredStockMember" />
      <link:presentationArc order="0" xlink:arcrole="http://www.xbrl.org/2003/arcrole/parent-child" xlink:from="loc_SLGAStatementOfFinancialPositionAbstract" xlink:to="loc_SLGAPreferredStockMember" xlink:type="arc" />
      <link:loc xlink:type="locator" xlink:href="http://xbrl.fasb.org/us-gaap/2012/elts/us-gaap-2012-01-31.xsd#us-gaap_PreferredStockParOrStatedValuePerShare" xlink:label="loc_SLGAPreferredStockParOrStatedValuePerShare" />
      <link:presentationArc order="10" xlink:arcrole="http://www.xbrl.org/2003/arcrole/parent-child" xlink:from="loc_SLGAPreferredStockMember" xlink:to="loc_SLGAPreferredStockParOrStatedValuePerShare" xlink:type="arc" />
      <link:loc xlink:type="locator" xlink:href="http://xbrl.fasb.org/us-gaap/2012/elts/us-gaap-2012-01-31.xsd#us-gaap_PreferredStockSharesAuthorized" xlink:label="loc_SLGAPreferredStockSharesAuthorized" />
      <link:presentationArc order="20" xlink:arcrole="http://www.xbrl.org/2003/arcrole/parent-child" xlink:from="loc_SLGAPreferredStockMember" xlink:to="loc_SLGAPreferredStockSharesAuthorized" xlink:type="arc" />
      <link:loc xlink:type="locator" xlink:href="http://xbrl.fasb.org/us-gaap/2012/elts/us-gaap-2012-01-31.xsd#us-gaap_PreferredStockSharesIssued" xlink:label="loc_SLGAPreferredStockSharesIssued" />
      <link:presentationArc order="30" xlink:arcrole="http://www.xbrl.org/2003/arcrole/parent-child" xlink:from="loc_SLGAPreferredStockMember" xlink:to="loc_SLGAPreferredStockSharesIssued" xlink:type="arc" />
      <link:loc xlink:type="locator" xlink:href="http://xbrl.fasb.org/us-gaap/2012/elts/us-gaap-2012-01-31.xsd#us-gaap_CommonStockMember" xlink:label="loc_SLGACommonStockMember" />
      <link:presentationArc order="40" xlink:arcrole="http://www.xbrl.org/2003/arcrole/parent-child" xlink:from="loc_SLGAStatementOfFinancialPositionAbstract" xlink:to="loc_SLGACommonStockMember" xlink:type="arc" preferredLabel="http://www.xbrl.org/2003/role/verboseLabel" />
      <link:loc xlink:type="locator" xlink:href="http://xbrl.fasb.org/us-gaap/2012/elts/us-gaap-2012-01-31.xsd#us-gaap_CommonStockParOrStatedValuePerShare" xlink:label="loc_SLGACommonStockParOrStatedValuePerShare" />
      <link:presentationArc order="50" xlink:arcrole="http://www.xbrl.org/2003/arcrole/parent-child" xlink:from="loc_SLGACommonStockMember" xlink:to="loc_SLGACommonStockParOrStatedValuePerShare" xlink:type="arc" />
      <link:loc xlink:type="locator" xlink:href="http://xbrl.fasb.org/us-gaap/2012/elts/us-gaap-2012-01-31.xsd#us-gaap_CommonStockSharesAuthorized" xlink:label="loc_SLGACommonStockSharesAuthorized" />
      <link:presentationArc order="60" xlink:arcrole="http://www.xbrl.org/2003/arcrole/parent-child" xlink:from="loc_SLGACommonStockMember" xlink:to="loc_SLGACommonStockSharesAuthorized" xlink:type="arc" />
      <link:loc xlink:type="locator" xlink:href="http://xbrl.fasb.org/us-gaap/2012/elts/us-gaap-2012-01-31.xsd#us-gaap_CommonStockSharesIssued" xlink:label="loc_SLGACommonStockSharesIssued" />
      <link:presentationArc order="70" xlink:arcrole="http://www.xbrl.org/2003/arcrole/parent-child" xlink:from="loc_SLGACommonStockMember" xlink:to="loc_SLGACommonStockSharesIssued" xlink:type="arc" />
    </link:presentationLink>
    <link:presentationLink xlink:type="extended" xlink:role="http://SLGA/role/ConsolidatedStatementsOfOperationsAndComprehensiveIncomeLoss" xlink:title="0004 - Statement - Consolidated Statements of Operations and Comprehensive Income (Loss)">
      <link:loc xlink:type="locator" xlink:href="http://xbrl.fasb.org/us-gaap/2012/elts/us-gaap-2012-01-31.xsd#us-gaap_IncomeStatementAbstract" xlink:label="loc_SLGAIncomeStatementAbstract" />
      <link:loc xlink:type="locator" xlink:href="http://xbrl.fasb.org/us-gaap/2012/elts/us-gaap-2012-01-31.xsd#us-gaap_RevenuesAbstract" xlink:label="loc_SLGARevenuesAbstract" />
      <link:presentationArc order="0" xlink:arcrole="http://www.xbrl.org/2003/arcrole/parent-child" xlink:from="loc_SLGAIncomeStatementAbstract" xlink:to="loc_SLGARevenuesAbstract" xlink:type="arc" />
      <link:loc xlink:type="locator" xlink:href="http://xbrl.fasb.org/us-gaap/2012/elts/us-gaap-2012-01-31.xsd#us-gaap_Revenues" xlink:label="loc_SLGARevenues" />
      <link:presentationArc order="10" xlink:arcrole="http://www.xbrl.org/2003/arcrole/parent-child" xlink:from="loc_SLGARevenuesAbstract" xlink:to="loc_SLGARevenues" xlink:type="arc" />
      <link:loc xlink:type="locator" xlink:href="http://xbrl.fasb.org/us-gaap/2012/elts/us-gaap-2012-01-31.xsd#us-gaap_CostOfRevenueAbstract" xlink:label="loc_SLGACostOfRevenueAbstract" />
      <link:presentationArc order="20" xlink:arcrole="http://www.xbrl.org/2003/arcrole/parent-child" xlink:from="loc_SLGAIncomeStatementAbstract" xlink:to="loc_SLGACostOfRevenueAbstract" xlink:type="arc" />
      <link:loc xlink:type="locator" xlink:href="http://xbrl.fasb.org/us-gaap/2012/elts/us-gaap-2012-01-31.xsd#us-gaap_LicenseCosts" xlink:label="loc_SLGALicenseCosts" />
      <link:presentationArc order="30" xlink:arcrole="http://www.xbrl.org/2003/arcrole/parent-child" xlink:from="loc_SLGACostOfRevenueAbstract" xlink:to="loc_SLGALicenseCosts" xlink:type="arc" />
      <link:loc xlink:type="locator" xlink:href="http://xbrl.fasb.org/us-gaap/2012/elts/us-gaap-2012-01-31.xsd#us-gaap_CostOfRevenue" xlink:label="loc_SLGACostOfRevenue" />
      <link:presentationArc order="40" xlink:arcrole="http://www.xbrl.org/2003/arcrole/parent-child" xlink:from="loc_SLGACostOfRevenueAbstract" xlink:to="loc_SLGACostOfRevenue" xlink:type="arc" />
      <link:loc xlink:type="locator" xlink:href="http://xbrl.fasb.org/us-gaap/2012/elts/us-gaap-2012-01-31.xsd#us-gaap_GrossProfit" xlink:label="loc_SLGAGrossProfit" />
      <link:presentationArc order="50" xlink:arcrole="http://www.xbrl.org/2003/arcrole/parent-child" xlink:from="loc_SLGAIncomeStatementAbstract" xlink:to="loc_SLGAGrossProfit" xlink:type="arc" preferredLabel="http://www.xbrl.org/2003/role/totalLabel" />
      <link:loc xlink:type="locator" xlink:href="http://xbrl.fasb.org/us-gaap/2012/elts/us-gaap-2012-01-31.xsd#us-gaap_OperatingExpensesAbstract" xlink:label="loc_SLGAOperatingExpensesAbstract" />
      <link:presentationArc order="60" xlink:arcrole="http://www.xbrl.org/2003/arcrole/parent-child" xlink:from="loc_SLGAIncomeStatementAbstract" xlink:to="loc_SLGAOperatingExpensesAbstract" xlink:type="arc" />
      <link:loc xlink:type="locator" xlink:href="http://xbrl.fasb.org/us-gaap/2012/elts/us-gaap-2012-01-31.xsd#us-gaap_GeneralAndAdministrativeExpense" xlink:label="loc_SLGAGeneralAndAdministrativeExpense" />
      <link:presentationArc order="70" xlink:arcrole="http://www.xbrl.org/2003/arcrole/parent-child" xlink:from="loc_SLGAOperatingExpensesAbstract" xlink:to="loc_SLGAGeneralAndAdministrativeExpense" xlink:type="arc" />
      <link:loc xlink:type="locator" xlink:href="http://xbrl.fasb.org/us-gaap/2012/elts/us-gaap-2012-01-31.xsd#us-gaap_ProfessionalFees" xlink:label="loc_SLGAProfessionalFees" />
      <link:presentationArc order="80" xlink:arcrole="http://www.xbrl.org/2003/arcrole/parent-child" xlink:from="loc_SLGAOperatingExpensesAbstract" xlink:to="loc_SLGAProfessionalFees" xlink:type="arc" />
      <link:loc xlink:type="locator" xlink:href="http://xbrl.fasb.org/us-gaap/2012/elts/us-gaap-2012-01-31.xsd#us-gaap_OperatingExpenses" xlink:label="loc_SLGAOperatingExpenses" />
      <link:presentationArc order="90" xlink:arcrole="http://www.xbrl.org/2003/arcrole/parent-child" xlink:from="loc_SLGAOperatingExpensesAbstract" xlink:to="loc_SLGAOperatingExpenses" xlink:type="arc" preferredLabel="http://www.xbrl.org/2003/role/totalLabel" />
      <link:loc xlink:type="locator" xlink:href="http://xbrl.fasb.org/us-gaap/2012/elts/us-gaap-2012-01-31.xsd#us-gaap_IncomeLossFromContinuingOperationsBeforeIncomeTaxesExtraordinaryItemsNoncontrollingInterest" xlink:label="loc_SLGAIncomeLossFromContinuingOperationsBeforeIncomeTaxesExtraordinaryItemsNoncontrollingInterest" />
      <link:presentationArc order="100" xlink:arcrole="http://www.xbrl.org/2003/arcrole/parent-child" xlink:from="loc_SLGAIncomeStatementAbstract" xlink:to="loc_SLGAIncomeLossFromContinuingOperationsBeforeIncomeTaxesExtraordinaryItemsNoncontrollingInterest" xlink:type="arc" />
      <link:loc xlink:type="locator" xlink:href="http://xbrl.fasb.org/us-gaap/2012/elts/us-gaap-2012-01-31.xsd#us-gaap_IncomeTaxExpenseBenefit" xlink:label="loc_SLGAIncomeTaxExpenseBenefit" />
      <link:presentationArc order="110" xlink:arcrole="http://www.xbrl.org/2003/arcrole/parent-child" xlink:from="loc_SLGAIncomeStatementAbstract" xlink:to="loc_SLGAIncomeTaxExpenseBenefit" xlink:type="arc" />
      <link:loc xlink:type="locator" xlink:href="http://xbrl.fasb.org/us-gaap/2012/elts/us-gaap-2012-01-31.xsd#us-gaap_OperatingIncomeLoss" xlink:label="loc_SLGAOperatingIncomeLoss" />
      <link:presentationArc order="120" xlink:arcrole="http://www.xbrl.org/2003/arcrole/parent-child" xlink:from="loc_SLGAIncomeStatementAbstract" xlink:to="loc_SLGAOperatingIncomeLoss" xlink:type="arc" preferredLabel="http://www.xbrl.org/2003/role/totalLabel" />
      <link:loc xlink:type="locator" xlink:href="http://xbrl.fasb.org/us-gaap/2012/elts/us-gaap-2012-01-31.xsd#us-gaap_DiscontinuedOperationIncomeLossFromDiscontinuedOperationDisclosuresAbstract" xlink:label="loc_SLGADiscontinuedOperationIncomeLossFromDiscontinuedOperationDisclosuresAbstract" />
      <link:presentationArc order="130" xlink:arcrole="http://www.xbrl.org/2003/arcrole/parent-child" xlink:from="loc_SLGAIncomeStatementAbstract" xlink:to="loc_SLGADiscontinuedOperationIncomeLossFromDiscontinuedOperationDisclosuresAbstract" xlink:type="arc" />
      <link:loc xlink:type="locator" xlink:href="http://xbrl.fasb.org/us-gaap/2012/elts/us-gaap-2012-01-31.xsd#us-gaap_DiscontinuedOperationIncomeLossFromDiscontinuedOperationDuringPhaseOutPeriodNetOfTax" xlink:label="loc_SLGADiscontinuedOperationIncomeLossFromDiscontinuedOperationDuringPhaseOutPeriodNetOfTax" />
      <link:presentationArc order="140" xlink:arcrole="http://www.xbrl.org/2003/arcrole/parent-child" xlink:from="loc_SLGADiscontinuedOperationIncomeLossFromDiscontinuedOperationDisclosuresAbstract" xlink:to="loc_SLGADiscontinuedOperationIncomeLossFromDiscontinuedOperationDuringPhaseOutPeriodNetOfTax" xlink:type="arc" />
      <link:loc xlink:type="locator" xlink:href="http://xbrl.fasb.org/us-gaap/2012/elts/us-gaap-2012-01-31.xsd#us-gaap_DiscontinuedOperationGainLossOnDisposalOfDiscontinuedOperationNetOfTax" xlink:label="loc_SLGADiscontinuedOperationGainLossOnDisposalOfDiscontinuedOperationNetOfTax" />
      <link:presentationArc order="150" xlink:arcrole="http://www.xbrl.org/2003/arcrole/parent-child" xlink:from="loc_SLGADiscontinuedOperationIncomeLossFromDiscontinuedOperationDisclosuresAbstract" xlink:to="loc_SLGADiscontinuedOperationGainLossOnDisposalOfDiscontinuedOperationNetOfTax" xlink:type="arc" />
      <link:loc xlink:type="locator" xlink:href="http://xbrl.fasb.org/us-gaap/2012/elts/us-gaap-2012-01-31.xsd#us-gaap_IncomeLossFromDiscontinuedOperationsNetOfTax" xlink:label="loc_SLGAIncomeLossFromDiscontinuedOperationsNetOfTax" />
      <link:presentationArc order="160" xlink:arcrole="http://www.xbrl.org/2003/arcrole/parent-child" xlink:from="loc_SLGADiscontinuedOperationIncomeLossFromDiscontinuedOperationDisclosuresAbstract" xlink:to="loc_SLGAIncomeLossFromDiscontinuedOperationsNetOfTax" xlink:type="arc" preferredLabel="http://www.xbrl.org/2003/role/totalLabel" />
      <link:loc xlink:type="locator" xlink:href="http://xbrl.fasb.org/us-gaap/2012/elts/us-gaap-2012-01-31.xsd#us-gaap_NetIncomeLoss" xlink:label="loc_SLGANetIncomeLoss" />
      <link:presentationArc order="170" xlink:arcrole="http://www.xbrl.org/2003/arcrole/parent-child" xlink:from="loc_SLGAIncomeStatementAbstract" xlink:to="loc_SLGANetIncomeLoss" xlink:type="arc" preferredLabel="http://www.xbrl.org/2003/role/totalLabel" />
      <link:loc xlink:type="locator" xlink:href="http://xbrl.fasb.org/us-gaap/2012/elts/us-gaap-2012-01-31.xsd#us-gaap_EarningsPerShareBasicAndDilutedAbstract" xlink:label="loc_SLGAEarningsPerShareBasicAndDilutedAbstract" />
      <link:presentationArc order="180" xlink:arcrole="http://www.xbrl.org/2003/arcrole/parent-child" xlink:from="loc_SLGAIncomeStatementAbstract" xlink:to="loc_SLGAEarningsPerShareBasicAndDilutedAbstract" xlink:type="arc" />
      <link:loc xlink:type="locator" xlink:href="http://xbrl.fasb.org/us-gaap/2012/elts/us-gaap-2012-01-31.xsd#us-gaap_IncomeLossFromContinuingOperationsPerBasicAndDilutedShare" xlink:label="loc_SLGAIncomeLossFromContinuingOperationsPerBasicAndDilutedShare" />
      <link:presentationArc order="190" xlink:arcrole="http://www.xbrl.org/2003/arcrole/parent-child" xlink:from="loc_SLGAEarningsPerShareBasicAndDilutedAbstract" xlink:to="loc_SLGAIncomeLossFromContinuingOperationsPerBasicAndDilutedShare" xlink:type="arc" />
      <link:loc xlink:type="locator" xlink:href="http://xbrl.fasb.org/us-gaap/2012/elts/us-gaap-2012-01-31.xsd#us-gaap_IncomeLossFromDiscontinuedOperationsNetOfTaxPerBasicAndDilutedShare" xlink:label="loc_SLGAIncomeLossFromDiscontinuedOperationsNetOfTaxPerBasicAndDilutedShare" />
      <link:presentationArc order="200" xlink:arcrole="http://www.xbrl.org/2003/arcrole/parent-child" xlink:from="loc_SLGAEarningsPerShareBasicAndDilutedAbstract" xlink:to="loc_SLGAIncomeLossFromDiscontinuedOperationsNetOfTaxPerBasicAndDilutedShare" xlink:type="arc" preferredLabel="http://www.xbrl.org/2003/role/verboseLabel" />
      <link:loc xlink:type="locator" xlink:href="http://xbrl.fasb.org/us-gaap/2012/elts/us-gaap-2012-01-31.xsd#us-gaap_EarningsPerShareBasicAndDiluted" xlink:label="loc_SLGAEarningsPerShareBasicAndDiluted" />
      <link:presentationArc order="210" xlink:arcrole="http://www.xbrl.org/2003/arcrole/parent-child" xlink:from="loc_SLGAEarningsPerShareBasicAndDilutedAbstract" xlink:to="loc_SLGAEarningsPerShareBasicAndDiluted" xlink:type="arc" preferredLabel="http://www.xbrl.org/2003/role/totalLabel" />
      <link:loc xlink:type="locator" xlink:href="http://xbrl.fasb.org/us-gaap/2012/elts/us-gaap-2012-01-31.xsd#us-gaap_WeightedAverageNumberOfSharesOutstandingAbstract" xlink:label="loc_SLGAWeightedAverageNumberOfSharesOutstandingAbstract" />
      <link:presentationArc order="220" xlink:arcrole="http://www.xbrl.org/2003/arcrole/parent-child" xlink:from="loc_SLGAEarningsPerShareBasicAndDilutedAbstract" xlink:to="loc_SLGAWeightedAverageNumberOfSharesOutstandingAbstract" xlink:type="arc" />
      <link:loc xlink:type="locator" xlink:href="http://xbrl.fasb.org/us-gaap/2012/elts/us-gaap-2012-01-31.xsd#us-gaap_WeightedAverageNumberOfSharesOutstandingBasic" xlink:label="loc_SLGAWeightedAverageNumberOfSharesOutstandingBasic" />
      <link:presentationArc order="230" xlink:arcrole="http://www.xbrl.org/2003/arcrole/parent-child" xlink:from="loc_SLGAWeightedAverageNumberOfSharesOutstandingAbstract" xlink:to="loc_SLGAWeightedAverageNumberOfSharesOutstandingBasic" xlink:type="arc" />
    </link:presentationLink>
    <link:presentationLink xlink:type="extended" xlink:role="http://SLGA/role/ConsolidatedStatementOfStockholdersEquity" xlink:title="0005 - Statement - Consolidated Statement of Stockholders' Equity">
      <link:loc xlink:type="locator" xlink:href="http://xbrl.fasb.org/us-gaap/2012/elts/us-gaap-2012-01-31.xsd#us-gaap_StatementOfStockholdersEquityAbstract" xlink:label="loc_SLGAStatementOfStockholdersEquityAbstract" />
      <link:loc xlink:type="locator" xlink:href="http://xbrl.fasb.org/us-gaap/2012/elts/us-gaap-2012-01-31.xsd#us-gaap_StatementTable" xlink:label="loc_SLGAStatementTable" />
      <link:presentationArc xlink:type="arc" xlink:arcrole="http://www.xbrl.org/2003/arcrole/parent-child" xlink:from="loc_SLGAStatementOfStockholdersEquityAbstract" xlink:to="loc_SLGAStatementTable" order="100" />
      <link:loc xlink:type="locator" xlink:href="http://xbrl.fasb.org/us-gaap/2012/elts/us-gaap-2012-01-31.xsd#us-gaap_StatementLineItems" xlink:label="loc_SLGAStatementLineItems" />
      <link:presentationArc xlink:type="arc" xlink:arcrole="http://www.xbrl.org/2003/arcrole/parent-child" xlink:from="loc_SLGAStatementTable" xlink:to="loc_SLGAStatementLineItems" order="200" />
      <link:loc xlink:type="locator" xlink:href="http://xbrl.fasb.org/us-gaap/2012/elts/us-gaap-2012-01-31.xsd#us-gaap_StatementEquityComponentsAxis" xlink:label="loc_SLGAStatementEquityComponentsAxis" />
      <link:presentationArc xlink:type="arc" xlink:arcrole="http://www.xbrl.org/2003/arcrole/parent-child" xlink:from="loc_SLGAStatementTable" xlink:to="loc_SLGAStatementEquityComponentsAxis" order="10" />
      <link:loc xlink:type="locator" xlink:href="http://xbrl.fasb.org/us-gaap/2012/elts/us-gaap-2012-01-31.xsd#us-gaap_EquityComponentDomain" xlink:label="loc_SLGAEquityComponentDomain" />
      <link:presentationArc xlink:type="arc" xlink:arcrole="http://www.xbrl.org/2003/arcrole/parent-child" xlink:from="loc_SLGAStatementEquityComponentsAxis" xlink:to="loc_SLGAEquityComponentDomain" order="410" />
      <link:loc xlink:type="locator" xlink:href="http://xbrl.fasb.org/us-gaap/2012/elts/us-gaap-2012-01-31.xsd#us-gaap_CommonStockMember" xlink:label="loc_SLGACommonStockMember" />
      <link:presentationArc xlink:type="arc" xlink:arcrole="http://www.xbrl.org/2003/arcrole/parent-child" xlink:from="loc_SLGAStatementEquityComponentsAxis" xlink:to="loc_SLGACommonStockMember" order="10" />
      <link:loc xlink:type="locator" xlink:href="http://xbrl.fasb.org/us-gaap/2012/elts/us-gaap-2012-01-31.xsd#us-gaap_AdditionalPaidInCapitalMember" xlink:label="loc_SLGAAdditionalPaidInCapitalMember" />
      <link:presentationArc xlink:type="arc" xlink:arcrole="http://www.xbrl.org/2003/arcrole/parent-child" xlink:from="loc_SLGAStatementEquityComponentsAxis" xlink:to="loc_SLGAAdditionalPaidInCapitalMember" order="110" />
      <link:loc xlink:type="locator" xlink:href="http://xbrl.fasb.org/us-gaap/2012/elts/us-gaap-2012-01-31.xsd#us-gaap_RetainedEarningsMember" xlink:label="loc_SLGARetainedEarningsMember" />
      <link:presentationArc xlink:type="arc" xlink:arcrole="http://www.xbrl.org/2003/arcrole/parent-child" xlink:from="loc_SLGAStatementEquityComponentsAxis" xlink:to="loc_SLGARetainedEarningsMember" order="210" />
      <link:loc xlink:type="locator" xlink:href="http://xbrl.fasb.org/us-gaap/2012/elts/us-gaap-2012-01-31.xsd#us-gaap_ComprehensiveIncomeMember" xlink:label="loc_SLGAComprehensiveIncomeMember" />
      <link:presentationArc xlink:type="arc" xlink:arcrole="http://www.xbrl.org/2003/arcrole/parent-child" xlink:from="loc_SLGAStatementEquityComponentsAxis" xlink:to="loc_SLGAComprehensiveIncomeMember" order="310" />
      <link:loc xlink:type="locator" xlink:href="http://xbrl.fasb.org/us-gaap/2012/elts/us-gaap-2012-01-31.xsd#us-gaap_SharesIssued" xlink:label="loc_SLGASharesIssued" />
      <link:presentationArc order="10" xlink:arcrole="http://www.xbrl.org/2003/arcrole/parent-child" xlink:from="loc_SLGAStatementLineItems" xlink:to="loc_SLGASharesIssued" xlink:type="arc" preferredLabel="http://www.xbrl.org/2003/role/periodStartLabel" />
      <link:loc xlink:type="locator" xlink:href="http://xbrl.fasb.org/us-gaap/2012/elts/us-gaap-2012-01-31.xsd#us-gaap_StockholdersEquity" xlink:label="loc_SLGAStockholdersEquity" />
      <link:presentationArc order="20" xlink:arcrole="http://www.xbrl.org/2003/arcrole/parent-child" xlink:from="loc_SLGAStatementLineItems" xlink:to="loc_SLGAStockholdersEquity" xlink:type="arc" preferredLabel="http://www.xbrl.org/2003/role/periodStartLabel" />
      <link:loc xlink:type="locator" xlink:href="http://xbrl.fasb.org/us-gaap/2012/elts/us-gaap-2012-01-31.xsd#us-gaap_DevelopmentCostsCumulative" xlink:label="loc_SLGADevelopmentCostsCumulative" />
      <link:presentationArc order="30" xlink:arcrole="http://www.xbrl.org/2003/arcrole/parent-child" xlink:from="loc_SLGAStatementLineItems" xlink:to="loc_SLGADevelopmentCostsCumulative" xlink:type="arc" preferredLabel="http://www.xbrl.org/2003/role/periodStartLabel" />
      <link:loc xlink:type="locator" xlink:href="http://xbrl.fasb.org/us-gaap/2012/elts/us-gaap-2012-01-31.xsd#us-gaap_ExplorationCostsCumulative" xlink:label="loc_SLGAExplorationCostsCumulative" />
      <link:presentationArc order="40" xlink:arcrole="http://www.xbrl.org/2003/arcrole/parent-child" xlink:from="loc_SLGAStatementLineItems" xlink:to="loc_SLGAExplorationCostsCumulative" xlink:type="arc" preferredLabel="http://www.xbrl.org/2003/role/periodStartLabel" />
      <link:loc xlink:type="locator" xlink:href="http://xbrl.fasb.org/us-gaap/2012/elts/us-gaap-2012-01-31.xsd#us-gaap_DebtInstrumentDecreaseForgiveness" xlink:label="loc_SLGADebtInstrumentDecreaseForgiveness" />
      <link:presentationArc order="50" xlink:arcrole="http://www.xbrl.org/2003/arcrole/parent-child" xlink:from="loc_SLGAStatementLineItems" xlink:to="loc_SLGADebtInstrumentDecreaseForgiveness" xlink:type="arc" />
      <link:loc xlink:type="locator" xlink:href="http://xbrl.fasb.org/us-gaap/2012/elts/us-gaap-2012-01-31.xsd#us-gaap_StockIssuedDuringPeriodSharesNewIssues" xlink:label="loc_SLGAStockIssuedDuringPeriodSharesNewIssues" />
      <link:presentationArc order="60" xlink:arcrole="http://www.xbrl.org/2003/arcrole/parent-child" xlink:from="loc_SLGAStatementLineItems" xlink:to="loc_SLGAStockIssuedDuringPeriodSharesNewIssues" xlink:type="arc" />
      <link:loc xlink:type="locator" xlink:href="http://xbrl.fasb.org/us-gaap/2012/elts/us-gaap-2012-01-31.xsd#us-gaap_StockIssuedDuringPeriodValueNewIssues" xlink:label="loc_SLGAStockIssuedDuringPeriodValueNewIssues" />
      <link:presentationArc order="70" xlink:arcrole="http://www.xbrl.org/2003/arcrole/parent-child" xlink:from="loc_SLGAStatementLineItems" xlink:to="loc_SLGAStockIssuedDuringPeriodValueNewIssues" xlink:type="arc" />
      <link:loc xlink:type="locator" xlink:href="slga-20120930.xsd#SLGA_ComprehensiveIncomeAbstract" xlink:label="loc_SLGAComprehensiveIncomeAbstract" />
      <link:presentationArc order="80" xlink:arcrole="http://www.xbrl.org/2003/arcrole/parent-child" xlink:from="loc_SLGAStatementLineItems" xlink:to="loc_SLGAComprehensiveIncomeAbstract" xlink:type="arc" />
      <link:loc xlink:type="locator" xlink:href="slga-20120930.xsd#SLGA_NetIncomeLossDevelopment" xlink:label="loc_SLGANetIncomeLossDevelopment" />
      <link:presentationArc order="90" xlink:arcrole="http://www.xbrl.org/2003/arcrole/parent-child" xlink:from="loc_SLGAComprehensiveIncomeAbstract" xlink:to="loc_SLGANetIncomeLossDevelopment" xlink:type="arc" />
      <link:loc xlink:type="locator" xlink:href="slga-20120930.xsd#SLGA_NetIncomeLossExploration" xlink:label="loc_SLGANetIncomeLossExploration" />
      <link:presentationArc order="100" xlink:arcrole="http://www.xbrl.org/2003/arcrole/parent-child" xlink:from="loc_SLGAComprehensiveIncomeAbstract" xlink:to="loc_SLGANetIncomeLossExploration" xlink:type="arc" />
      <link:loc xlink:type="locator" xlink:href="http://xbrl.fasb.org/us-gaap/2012/elts/us-gaap-2012-01-31.xsd#us-gaap_OtherComprehensiveIncomeForeignCurrencyTranslationGainLossArisingDuringPeriodTax" xlink:label="loc_SLGAOtherComprehensiveIncomeForeignCurrencyTranslationGainLossArisingDuringPeriodTax" />
      <link:presentationArc order="110" xlink:arcrole="http://www.xbrl.org/2003/arcrole/parent-child" xlink:from="loc_SLGAComprehensiveIncomeAbstract" xlink:to="loc_SLGAOtherComprehensiveIncomeForeignCurrencyTranslationGainLossArisingDuringPeriodTax" xlink:type="arc" />
      <link:loc xlink:type="locator" xlink:href="http://xbrl.fasb.org/us-gaap/2012/elts/us-gaap-2012-01-31.xsd#us-gaap_ComprehensiveIncomeNetOfTax" xlink:label="loc_SLGAComprehensiveIncomeNetOfTax" />
      <link:presentationArc order="120" xlink:arcrole="http://www.xbrl.org/2003/arcrole/parent-child" xlink:from="loc_SLGAComprehensiveIncomeAbstract" xlink:to="loc_SLGAComprehensiveIncomeNetOfTax" xlink:type="arc" />
      <link:loc xlink:type="locator" xlink:href="http://xbrl.fasb.org/us-gaap/2012/elts/us-gaap-2012-01-31.xsd#us-gaap_SharesIssued" xlink:label="loc_SLGASharesIssued_2" />
      <link:presentationArc order="130" xlink:arcrole="http://www.xbrl.org/2003/arcrole/parent-child" xlink:from="loc_SLGAStatementLineItems" xlink:to="loc_SLGASharesIssued_2" xlink:type="arc" preferredLabel="http://www.xbrl.org/2003/role/periodEndLabel" />
      <link:loc xlink:type="locator" xlink:href="http://xbrl.fasb.org/us-gaap/2012/elts/us-gaap-2012-01-31.xsd#us-gaap_StockholdersEquity" xlink:label="loc_SLGAStockholdersEquity_2" />
      <link:presentationArc order="140" xlink:arcrole="http://www.xbrl.org/2003/arcrole/parent-child" xlink:from="loc_SLGAStatementLineItems" xlink:to="loc_SLGAStockholdersEquity_2" xlink:type="arc" preferredLabel="http://www.xbrl.org/2003/role/periodEndLabel" />
      <link:loc xlink:type="locator" xlink:href="http://xbrl.fasb.org/us-gaap/2012/elts/us-gaap-2012-01-31.xsd#us-gaap_DevelopmentCostsCumulative" xlink:label="loc_SLGADevelopmentCostsCumulative_2" />
      <link:presentationArc order="150" xlink:arcrole="http://www.xbrl.org/2003/arcrole/parent-child" xlink:from="loc_SLGAStatementLineItems" xlink:to="loc_SLGADevelopmentCostsCumulative_2" xlink:type="arc" preferredLabel="http://www.xbrl.org/2003/role/periodEndLabel" />
      <link:loc xlink:type="locator" xlink:href="http://xbrl.fasb.org/us-gaap/2012/elts/us-gaap-2012-01-31.xsd#us-gaap_ExplorationCostsCumulative" xlink:label="loc_SLGAExplorationCostsCumulative_2" />
      <link:presentationArc order="160" xlink:arcrole="http://www.xbrl.org/2003/arcrole/parent-child" xlink:from="loc_SLGAStatementLineItems" xlink:to="loc_SLGAExplorationCostsCumulative_2" xlink:type="arc" preferredLabel="http://www.xbrl.org/2003/role/periodEndLabel" />
    </link:presentationLink>
    <link:presentationLink xlink:type="extended" xlink:role="http://SLGA/role/ConsolidatedStatementOfStockholdersEquityParenthetical" xlink:title="0006 - Statement - Consolidated Statement of Stockholders' Equity (Parenthetical)">
      <link:loc xlink:type="locator" xlink:href="http://xbrl.fasb.org/us-gaap/2012/elts/us-gaap-2012-01-31.xsd#us-gaap_StatementOfStockholdersEquityAbstract" xlink:label="loc_SLGAStatementOfStockholdersEquityAbstract" />
      <link:loc xlink:type="locator" xlink:href="slga-20120930.xsd#SLGA_StockSalePricePerShare" xlink:label="loc_SLGAStockSalePricePerShare" />
      <link:presentationArc order="0" xlink:arcrole="http://www.xbrl.org/2003/arcrole/parent-child" xlink:from="loc_SLGAStatementOfStockholdersEquityAbstract" xlink:to="loc_SLGAStockSalePricePerShare" xlink:type="arc" />
    </link:presentationLink>
    <link:presentationLink xlink:type="extended" xlink:role="http://SLGA/role/ConsolidatedStatementsOfCashFlows" xlink:title="0007 - Statement - Consolidated Statements of Cash Flows">
      <link:loc xlink:type="locator" xlink:href="http://xbrl.fasb.org/us-gaap/2012/elts/us-gaap-2012-01-31.xsd#us-gaap_StatementOfCashFlowsAbstract" xlink:label="loc_SLGAStatementOfCashFlowsAbstract" />
      <link:loc xlink:type="locator" xlink:href="http://xbrl.fasb.org/us-gaap/2012/elts/us-gaap-2012-01-31.xsd#us-gaap_NetCashProvidedByUsedInOperatingActivitiesAbstract" xlink:label="loc_SLGANetCashProvidedByUsedInOperatingActivitiesAbstract" />
      <link:presentationArc order="0" xlink:arcrole="http://www.xbrl.org/2003/arcrole/parent-child" xlink:from="loc_SLGAStatementOfCashFlowsAbstract" xlink:to="loc_SLGANetCashProvidedByUsedInOperatingActivitiesAbstract" xlink:type="arc" />
      <link:loc xlink:type="locator" xlink:href="http://xbrl.fasb.org/us-gaap/2012/elts/us-gaap-2012-01-31.xsd#us-gaap_NetIncomeLoss" xlink:label="loc_SLGANetIncomeLoss" />
      <link:presentationArc order="10" xlink:arcrole="http://www.xbrl.org/2003/arcrole/parent-child" xlink:from="loc_SLGANetCashProvidedByUsedInOperatingActivitiesAbstract" xlink:to="loc_SLGANetIncomeLoss" xlink:type="arc" />
      <link:loc xlink:type="locator" xlink:href="http://xbrl.fasb.org/us-gaap/2012/elts/us-gaap-2012-01-31.xsd#us-gaap_AdjustmentsToReconcileNetIncomeLossToCashProvidedByUsedInOperatingActivitiesAbstract" xlink:label="loc_SLGAAdjustmentsToReconcileNetIncomeLossToCashProvidedByUsedInOperatingActivitiesAbstract" />
      <link:presentationArc order="20" xlink:arcrole="http://www.xbrl.org/2003/arcrole/parent-child" xlink:from="loc_SLGANetCashProvidedByUsedInOperatingActivitiesAbstract" xlink:to="loc_SLGAAdjustmentsToReconcileNetIncomeLossToCashProvidedByUsedInOperatingActivitiesAbstract" xlink:type="arc" />
      <link:loc xlink:type="locator" xlink:href="slga-20120930.xsd#SLGA_IncomeLossFromDiscontinuedOperationsForCashFlows" xlink:label="loc_SLGAIncomeLossFromDiscontinuedOperationsForCashFlows" />
      <link:presentationArc order="30" xlink:arcrole="http://www.xbrl.org/2003/arcrole/parent-child" xlink:from="loc_SLGAAdjustmentsToReconcileNetIncomeLossToCashProvidedByUsedInOperatingActivitiesAbstract" xlink:to="loc_SLGAIncomeLossFromDiscontinuedOperationsForCashFlows" xlink:type="arc" preferredLabel="http://www.xbrl.org/2003/role/verboseLabel" />
      <link:loc xlink:type="locator" xlink:href="http://xbrl.fasb.org/us-gaap/2012/elts/us-gaap-2012-01-31.xsd#us-gaap_IncreaseDecreaseInOtherOperatingAssetsAndLiabilitiesNetAbstract" xlink:label="loc_SLGAIncreaseDecreaseInOtherOperatingAssetsAndLiabilitiesNetAbstract" />
      <link:presentationArc order="40" xlink:arcrole="http://www.xbrl.org/2003/arcrole/parent-child" xlink:from="loc_SLGAAdjustmentsToReconcileNetIncomeLossToCashProvidedByUsedInOperatingActivitiesAbstract" xlink:to="loc_SLGAIncreaseDecreaseInOtherOperatingAssetsAndLiabilitiesNetAbstract" xlink:type="arc" />
      <link:loc xlink:type="locator" xlink:href="http://xbrl.fasb.org/us-gaap/2012/elts/us-gaap-2012-01-31.xsd#us-gaap_IncreaseDecreaseInInventories" xlink:label="loc_SLGAIncreaseDecreaseInInventories" />
      <link:presentationArc order="50" xlink:arcrole="http://www.xbrl.org/2003/arcrole/parent-child" xlink:from="loc_SLGAIncreaseDecreaseInOtherOperatingAssetsAndLiabilitiesNetAbstract" xlink:to="loc_SLGAIncreaseDecreaseInInventories" xlink:type="arc" />
      <link:loc xlink:type="locator" xlink:href="http://xbrl.fasb.org/us-gaap/2012/elts/us-gaap-2012-01-31.xsd#us-gaap_IncreaseDecreaseInAccruedLiabilities" xlink:label="loc_SLGAIncreaseDecreaseInAccruedLiabilities" />
      <link:presentationArc order="60" xlink:arcrole="http://www.xbrl.org/2003/arcrole/parent-child" xlink:from="loc_SLGAIncreaseDecreaseInOtherOperatingAssetsAndLiabilitiesNetAbstract" xlink:to="loc_SLGAIncreaseDecreaseInAccruedLiabilities" xlink:type="arc" preferredLabel="http://www.xbrl.org/2003/role/verboseLabel" />
      <link:loc xlink:type="locator" xlink:href="http://xbrl.fasb.org/us-gaap/2012/elts/us-gaap-2012-01-31.xsd#us-gaap_NetCashProvidedByUsedInOperatingActivities" xlink:label="loc_SLGANetCashProvidedByUsedInOperatingActivities" />
      <link:presentationArc order="70" xlink:arcrole="http://www.xbrl.org/2003/arcrole/parent-child" xlink:from="loc_SLGANetCashProvidedByUsedInOperatingActivitiesAbstract" xlink:to="loc_SLGANetCashProvidedByUsedInOperatingActivities" xlink:type="arc" preferredLabel="http://www.xbrl.org/2003/role/totalLabel" />
      <link:loc xlink:type="locator" xlink:href="http://xbrl.fasb.org/us-gaap/2012/elts/us-gaap-2012-01-31.xsd#us-gaap_NetCashProvidedByUsedInInvestingActivitiesAbstract" xlink:label="loc_SLGANetCashProvidedByUsedInInvestingActivitiesAbstract" />
      <link:presentationArc order="80" xlink:arcrole="http://www.xbrl.org/2003/arcrole/parent-child" xlink:from="loc_SLGAStatementOfCashFlowsAbstract" xlink:to="loc_SLGANetCashProvidedByUsedInInvestingActivitiesAbstract" xlink:type="arc" />
      <link:loc xlink:type="locator" xlink:href="slga-20120930.xsd#SLGA_CashPaidDiscontinuedOperationsForCashFlows" xlink:label="loc_SLGACashPaidDiscontinuedOperationsForCashFlows" />
      <link:presentationArc order="90" xlink:arcrole="http://www.xbrl.org/2003/arcrole/parent-child" xlink:from="loc_SLGANetCashProvidedByUsedInInvestingActivitiesAbstract" xlink:to="loc_SLGACashPaidDiscontinuedOperationsForCashFlows" xlink:type="arc" />
      <link:loc xlink:type="locator" xlink:href="http://xbrl.fasb.org/us-gaap/2012/elts/us-gaap-2012-01-31.xsd#us-gaap_PaymentsToAcquireOilAndGasProperty" xlink:label="loc_SLGAPaymentsToAcquireOilAndGasProperty" />
      <link:presentationArc order="100" xlink:arcrole="http://www.xbrl.org/2003/arcrole/parent-child" xlink:from="loc_SLGANetCashProvidedByUsedInInvestingActivitiesAbstract" xlink:to="loc_SLGAPaymentsToAcquireOilAndGasProperty" xlink:type="arc" preferredLabel="http://www.xbrl.org/2009/role/negatedLabel" />
      <link:loc xlink:type="locator" xlink:href="http://xbrl.fasb.org/us-gaap/2012/elts/us-gaap-2012-01-31.xsd#us-gaap_NetCashProvidedByUsedInInvestingActivities" xlink:label="loc_SLGANetCashProvidedByUsedInInvestingActivities" />
      <link:presentationArc order="110" xlink:arcrole="http://www.xbrl.org/2003/arcrole/parent-child" xlink:from="loc_SLGANetCashProvidedByUsedInInvestingActivitiesAbstract" xlink:to="loc_SLGANetCashProvidedByUsedInInvestingActivities" xlink:type="arc" preferredLabel="http://www.xbrl.org/2003/role/totalLabel" />
      <link:loc xlink:type="locator" xlink:href="http://xbrl.fasb.org/us-gaap/2012/elts/us-gaap-2012-01-31.xsd#us-gaap_NetCashProvidedByUsedInFinancingActivitiesAbstract" xlink:label="loc_SLGANetCashProvidedByUsedInFinancingActivitiesAbstract" />
      <link:presentationArc order="120" xlink:arcrole="http://www.xbrl.org/2003/arcrole/parent-child" xlink:from="loc_SLGAStatementOfCashFlowsAbstract" xlink:to="loc_SLGANetCashProvidedByUsedInFinancingActivitiesAbstract" xlink:type="arc" />
      <link:loc xlink:type="locator" xlink:href="http://xbrl.fasb.org/us-gaap/2012/elts/us-gaap-2012-01-31.xsd#us-gaap_ProceedsFromRelatedPartyDebt" xlink:label="loc_SLGAProceedsFromRelatedPartyDebt" />
      <link:presentationArc order="130" xlink:arcrole="http://www.xbrl.org/2003/arcrole/parent-child" xlink:from="loc_SLGANetCashProvidedByUsedInFinancingActivitiesAbstract" xlink:to="loc_SLGAProceedsFromRelatedPartyDebt" xlink:type="arc" />
      <link:loc xlink:type="locator" xlink:href="http://xbrl.fasb.org/us-gaap/2012/elts/us-gaap-2012-01-31.xsd#us-gaap_ProceedsFromIssuanceOfCommonStock" xlink:label="loc_SLGAProceedsFromIssuanceOfCommonStock" />
      <link:presentationArc order="140" xlink:arcrole="http://www.xbrl.org/2003/arcrole/parent-child" xlink:from="loc_SLGANetCashProvidedByUsedInFinancingActivitiesAbstract" xlink:to="loc_SLGAProceedsFromIssuanceOfCommonStock" xlink:type="arc" />
      <link:loc xlink:type="locator" xlink:href="http://xbrl.fasb.org/us-gaap/2012/elts/us-gaap-2012-01-31.xsd#us-gaap_NetCashProvidedByUsedInFinancingActivities" xlink:label="loc_SLGANetCashProvidedByUsedInFinancingActivities" />
      <link:presentationArc order="150" xlink:arcrole="http://www.xbrl.org/2003/arcrole/parent-child" xlink:from="loc_SLGANetCashProvidedByUsedInFinancingActivitiesAbstract" xlink:to="loc_SLGANetCashProvidedByUsedInFinancingActivities" xlink:type="arc" preferredLabel="http://www.xbrl.org/2003/role/totalLabel" />
      <link:loc xlink:type="locator" xlink:href="http://xbrl.fasb.org/us-gaap/2012/elts/us-gaap-2012-01-31.xsd#us-gaap_CashAndCashEquivalentsPeriodIncreaseDecrease" xlink:label="loc_SLGACashAndCashEquivalentsPeriodIncreaseDecrease" />
      <link:presentationArc order="160" xlink:arcrole="http://www.xbrl.org/2003/arcrole/parent-child" xlink:from="loc_SLGAStatementOfCashFlowsAbstract" xlink:to="loc_SLGACashAndCashEquivalentsPeriodIncreaseDecrease" xlink:type="arc" preferredLabel="http://www.xbrl.org/2003/role/totalLabel" />
      <link:loc xlink:type="locator" xlink:href="http://xbrl.fasb.org/us-gaap/2012/elts/us-gaap-2012-01-31.xsd#us-gaap_CashAndCashEquivalentsAtCarryingValue" xlink:label="loc_SLGACashAndCashEquivalentsAtCarryingValue" />
      <link:presentationArc order="170" xlink:arcrole="http://www.xbrl.org/2003/arcrole/parent-child" xlink:from="loc_SLGAStatementOfCashFlowsAbstract" xlink:to="loc_SLGACashAndCashEquivalentsAtCarryingValue" xlink:type="arc" preferredLabel="http://www.xbrl.org/2003/role/periodStartLabel" />
      <link:loc xlink:type="locator" xlink:href="http://xbrl.fasb.org/us-gaap/2012/elts/us-gaap-2012-01-31.xsd#us-gaap_CashAndCashEquivalentsAtCarryingValue" xlink:label="loc_SLGACashAndCashEquivalentsAtCarryingValue_2" />
      <link:presentationArc order="180" xlink:arcrole="http://www.xbrl.org/2003/arcrole/parent-child" xlink:from="loc_SLGAStatementOfCashFlowsAbstract" xlink:to="loc_SLGACashAndCashEquivalentsAtCarryingValue_2" xlink:type="arc" preferredLabel="http://www.xbrl.org/2003/role/periodEndLabel" />
      <link:loc xlink:type="locator" xlink:href="http://xbrl.fasb.org/us-gaap/2012/elts/us-gaap-2012-01-31.xsd#us-gaap_SupplementalCashFlowInformationAbstract" xlink:label="loc_SLGASupplementalCashFlowInformationAbstract" />
      <link:presentationArc order="190" xlink:arcrole="http://www.xbrl.org/2003/arcrole/parent-child" xlink:from="loc_SLGAStatementOfCashFlowsAbstract" xlink:to="loc_SLGASupplementalCashFlowInformationAbstract" xlink:type="arc" />
      <link:loc xlink:type="locator" xlink:href="http://xbrl.fasb.org/us-gaap/2012/elts/us-gaap-2012-01-31.xsd#us-gaap_InterestPaid" xlink:label="loc_SLGAInterestPaid" />
      <link:presentationArc order="200" xlink:arcrole="http://www.xbrl.org/2003/arcrole/parent-child" xlink:from="loc_SLGASupplementalCashFlowInformationAbstract" xlink:to="loc_SLGAInterestPaid" xlink:type="arc" />
      <link:loc xlink:type="locator" xlink:href="http://xbrl.fasb.org/us-gaap/2012/elts/us-gaap-2012-01-31.xsd#us-gaap_IncomeTaxesPaid" xlink:label="loc_SLGAIncomeTaxesPaid" />
      <link:presentationArc order="210" xlink:arcrole="http://www.xbrl.org/2003/arcrole/parent-child" xlink:from="loc_SLGASupplementalCashFlowInformationAbstract" xlink:to="loc_SLGAIncomeTaxesPaid" xlink:type="arc" />
      <link:loc xlink:type="locator" xlink:href="http://xbrl.fasb.org/us-gaap/2012/elts/us-gaap-2012-01-31.xsd#us-gaap_NoncashInvestingAndFinancingItemsAbstract" xlink:label="loc_SLGANoncashInvestingAndFinancingItemsAbstract" />
      <link:presentationArc order="220" xlink:arcrole="http://www.xbrl.org/2003/arcrole/parent-child" xlink:from="loc_SLGAStatementOfCashFlowsAbstract" xlink:to="loc_SLGANoncashInvestingAndFinancingItemsAbstract" xlink:type="arc" />
      <link:loc xlink:type="locator" xlink:href="http://xbrl.fasb.org/us-gaap/2012/elts/us-gaap-2012-01-31.xsd#us-gaap_NoncashOrPartNoncashAcquisitionValueOfAssetsAcquired1" xlink:label="loc_SLGANoncashOrPartNoncashAcquisitionValueOfAssetsAcquired1" />
      <link:presentationArc order="230" xlink:arcrole="http://www.xbrl.org/2003/arcrole/parent-child" xlink:from="loc_SLGANoncashInvestingAndFinancingItemsAbstract" xlink:to="loc_SLGANoncashOrPartNoncashAcquisitionValueOfAssetsAcquired1" xlink:type="arc" />
      <link:loc xlink:type="locator" xlink:href="http://xbrl.fasb.org/us-gaap/2012/elts/us-gaap-2012-01-31.xsd#us-gaap_DebtInstrumentDecreaseForgiveness" xlink:label="loc_SLGADebtInstrumentDecreaseForgiveness" />
      <link:presentationArc order="240" xlink:arcrole="http://www.xbrl.org/2003/arcrole/parent-child" xlink:from="loc_SLGANoncashInvestingAndFinancingItemsAbstract" xlink:to="loc_SLGADebtInstrumentDecreaseForgiveness" xlink:type="arc" preferredLabel="http://www.xbrl.org/2003/role/verboseLabel" />
    </link:presentationLink>
    <link:presentationLink xlink:type="extended" xlink:role="http://SLGA/role/Note1-OrganizationAndOperations" xlink:title="0008 - Disclosure - Note 1 - Organization and Operations">
      <link:loc xlink:type="locator" xlink:href="slga-20120930.xsd#SLGA_NotesToFinancialStatementsAbstract" xlink:label="loc_SLGANotesToFinancialStatementsAbstract" />
      <link:loc xlink:type="locator" xlink:href="http://xbrl.fasb.org/us-gaap/2012/elts/us-gaap-2012-01-31.xsd#us-gaap_BusinessDescriptionAndBasisOfPresentationTextBlock" xlink:label="loc_SLGABusinessDescriptionAndBasisOfPresentationTextBlock" />
      <link:presentationArc order="0" xlink:arcrole="http://www.xbrl.org/2003/arcrole/parent-child" xlink:from="loc_SLGANotesToFinancialStatementsAbstract" xlink:to="loc_SLGABusinessDescriptionAndBasisOfPresentationTextBlock" xlink:type="arc" />
    </link:presentationLink>
    <link:presentationLink xlink:type="extended" xlink:role="http://SLGA/role/Note2-SummaryOfSignificantAccountingPolicies" xlink:title="0009 - Disclosure - Note 2 - Summary of Significant Accounting Policies">
      <link:loc xlink:type="locator" xlink:href="slga-20120930.xsd#SLGA_NotesToFinancialStatementsAbstract" xlink:label="loc_SLGANotesToFinancialStatementsAbstract" />
      <link:loc xlink:type="locator" xlink:href="http://xbrl.fasb.org/us-gaap/2012/elts/us-gaap-2012-01-31.xsd#us-gaap_SignificantAccountingPoliciesTextBlock" xlink:label="loc_SLGASignificantAccountingPoliciesTextBlock" />
      <link:presentationArc order="0" xlink:arcrole="http://www.xbrl.org/2003/arcrole/parent-child" xlink:from="loc_SLGANotesToFinancialStatementsAbstract" xlink:to="loc_SLGASignificantAccountingPoliciesTextBlock" xlink:type="arc" />
    </link:presentationLink>
    <link:presentationLink xlink:type="extended" xlink:role="http://SLGA/role/Note3-GoingConcern" xlink:title="0010 - Disclosure - Note 3 - Going Concern">
      <link:loc xlink:type="locator" xlink:href="slga-20120930.xsd#SLGA_NotesToFinancialStatementsAbstract" xlink:label="loc_SLGANotesToFinancialStatementsAbstract" />
      <link:loc xlink:type="locator" xlink:href="http://xbrl.fasb.org/us-gaap/2012/elts/us-gaap-2012-01-31.xsd#us-gaap_LiquidityDisclosureTextBlock" xlink:label="loc_SLGALiquidityDisclosureTextBlock" />
      <link:presentationArc order="0" xlink:arcrole="http://www.xbrl.org/2003/arcrole/parent-child" xlink:from="loc_SLGANotesToFinancialStatementsAbstract" xlink:to="loc_SLGALiquidityDisclosureTextBlock" xlink:type="arc" />
    </link:presentationLink>
    <link:presentationLink xlink:type="extended" xlink:role="http://SLGA/role/Note4-OilAndGasProperties" xlink:title="0011 - Disclosure - Note 4 - Oil and Gas Properties">
      <link:loc xlink:type="locator" xlink:href="slga-20120930.xsd#SLGA_NotesToFinancialStatementsAbstract" xlink:label="loc_SLGANotesToFinancialStatementsAbstract" />
      <link:loc xlink:type="locator" xlink:href="http://xbrl.fasb.org/us-gaap/2012/elts/us-gaap-2012-01-31.xsd#us-gaap_OilAndGasPropertiesTextBlock" xlink:label="loc_SLGAOilAndGasPropertiesTextBlock" />
      <link:presentationArc order="0" xlink:arcrole="http://www.xbrl.org/2003/arcrole/parent-child" xlink:from="loc_SLGANotesToFinancialStatementsAbstract" xlink:to="loc_SLGAOilAndGasPropertiesTextBlock" xlink:type="arc" />
    </link:presentationLink>
    <link:presentationLink xlink:type="extended" xlink:role="http://SLGA/role/Note5-RelatedPartyTransactions" xlink:title="0012 - Disclosure - Note 5 - Related Party Transactions">
      <link:loc xlink:type="locator" xlink:href="slga-20120930.xsd#SLGA_NotesToFinancialStatementsAbstract" xlink:label="loc_SLGANotesToFinancialStatementsAbstract" />
      <link:loc xlink:type="locator" xlink:href="http://xbrl.fasb.org/us-gaap/2012/elts/us-gaap-2012-01-31.xsd#us-gaap_RelatedPartyTransactionsDisclosureTextBlock" xlink:label="loc_SLGARelatedPartyTransactionsDisclosureTextBlock" />
      <link:presentationArc order="0" xlink:arcrole="http://www.xbrl.org/2003/arcrole/parent-child" xlink:from="loc_SLGANotesToFinancialStatementsAbstract" xlink:to="loc_SLGARelatedPartyTransactionsDisclosureTextBlock" xlink:type="arc" />
    </link:presentationLink>
    <link:presentationLink xlink:type="extended" xlink:role="http://SLGA/role/Note6-StockholdersDeficit" xlink:title="0013 - Disclosure - Note 6 - Stockholders' Deficit">
      <link:loc xlink:type="locator" xlink:href="slga-20120930.xsd#SLGA_NotesToFinancialStatementsAbstract" xlink:label="loc_SLGANotesToFinancialStatementsAbstract" />
      <link:loc xlink:type="locator" xlink:href="http://xbrl.fasb.org/us-gaap/2012/elts/us-gaap-2012-01-31.xsd#us-gaap_StockholdersEquityNoteDisclosureTextBlock" xlink:label="loc_SLGAStockholdersEquityNoteDisclosureTextBlock" />
      <link:presentationArc order="0" xlink:arcrole="http://www.xbrl.org/2003/arcrole/parent-child" xlink:from="loc_SLGANotesToFinancialStatementsAbstract" xlink:to="loc_SLGAStockholdersEquityNoteDisclosureTextBlock" xlink:type="arc" />
    </link:presentationLink>
    <link:presentationLink xlink:type="extended" xlink:role="http://SLGA/role/Note7-SubsequentEvents" xlink:title="0014 - Disclosure - Note 7 - Subsequent Events">
      <link:loc xlink:type="locator" xlink:href="slga-20120930.xsd#SLGA_NotesToFinancialStatementsAbstract" xlink:label="loc_SLGANotesToFinancialStatementsAbstract" />
      <link:loc xlink:type="locator" xlink:href="http://xbrl.fasb.org/us-gaap/2012/elts/us-gaap-2012-01-31.xsd#us-gaap_SubsequentEventsTextBlock" xlink:label="loc_SLGASubsequentEventsTextBlock" />
      <link:presentationArc order="0" xlink:arcrole="http://www.xbrl.org/2003/arcrole/parent-child" xlink:from="loc_SLGANotesToFinancialStatementsAbstract" xlink:to="loc_SLGASubsequentEventsTextBlock" xlink:type="arc" />
    </link:presentationLink>
    <link:presentationLink xlink:type="extended" xlink:role="http://SLGA/role/Note2-SummaryOfSignificantAccountingPoliciesPolicies" xlink:title="0015 - Disclosure - Note 2 - Summary of Significant Accounting Policies (Policies)">
      <link:loc xlink:type="locator" xlink:href="slga-20120930.xsd#SLGA_NotesToFinancialStatementsAbstract" xlink:label="loc_SLGANotesToFinancialStatementsAbstract" />
      <link:loc xlink:type="locator" xlink:href="http://xbrl.fasb.org/us-gaap/2012/elts/us-gaap-2012-01-31.xsd#us-gaap_BasisOfAccountingPolicyPolicyTextBlock" xlink:label="loc_SLGABasisOfAccountingPolicyPolicyTextBlock" />
      <link:presentationArc order="0" xlink:arcrole="http://www.xbrl.org/2003/arcrole/parent-child" xlink:from="loc_SLGANotesToFinancialStatementsAbstract" xlink:to="loc_SLGABasisOfAccountingPolicyPolicyTextBlock" xlink:type="arc" />
      <link:loc xlink:type="locator" xlink:href="http://xbrl.fasb.org/us-gaap/2012/elts/us-gaap-2012-01-31.xsd#us-gaap_PriorPeriodReclassificationAdjustmentDescription" xlink:label="loc_SLGAPriorPeriodReclassificationAdjustmentDescription" />
      <link:presentationArc order="10" xlink:arcrole="http://www.xbrl.org/2003/arcrole/parent-child" xlink:from="loc_SLGANotesToFinancialStatementsAbstract" xlink:to="loc_SLGAPriorPeriodReclassificationAdjustmentDescription" xlink:type="arc" />
      <link:loc xlink:type="locator" xlink:href="http://xbrl.fasb.org/us-gaap/2012/elts/us-gaap-2012-01-31.xsd#us-gaap_ConsolidationPolicyTextBlock" xlink:label="loc_SLGAConsolidationPolicyTextBlock" />
      <link:presentationArc order="20" xlink:arcrole="http://www.xbrl.org/2003/arcrole/parent-child" xlink:from="loc_SLGANotesToFinancialStatementsAbstract" xlink:to="loc_SLGAConsolidationPolicyTextBlock" xlink:type="arc" />
      <link:loc xlink:type="locator" xlink:href="slga-20120930.xsd#SLGA_DevelopmentStageCompanyPolicyTextBlock" xlink:label="loc_SLGADevelopmentStageCompanyPolicyTextBlock" />
      <link:presentationArc order="30" xlink:arcrole="http://www.xbrl.org/2003/arcrole/parent-child" xlink:from="loc_SLGANotesToFinancialStatementsAbstract" xlink:to="loc_SLGADevelopmentStageCompanyPolicyTextBlock" xlink:type="arc" />
      <link:loc xlink:type="locator" xlink:href="slga-20120930.xsd#SLGA_ExplorationStageCompanyPolicyTextBlock" xlink:label="loc_SLGAExplorationStageCompanyPolicyTextBlock" />
      <link:presentationArc order="40" xlink:arcrole="http://www.xbrl.org/2003/arcrole/parent-child" xlink:from="loc_SLGANotesToFinancialStatementsAbstract" xlink:to="loc_SLGAExplorationStageCompanyPolicyTextBlock" xlink:type="arc" />
      <link:loc xlink:type="locator" xlink:href="http://xbrl.fasb.org/us-gaap/2012/elts/us-gaap-2012-01-31.xsd#us-gaap_UseOfEstimates" xlink:label="loc_SLGAUseOfEstimates" />
      <link:presentationArc order="50" xlink:arcrole="http://www.xbrl.org/2003/arcrole/parent-child" xlink:from="loc_SLGANotesToFinancialStatementsAbstract" xlink:to="loc_SLGAUseOfEstimates" xlink:type="arc" />
      <link:loc xlink:type="locator" xlink:href="http://xbrl.fasb.org/us-gaap/2012/elts/us-gaap-2012-01-31.xsd#us-gaap_FairValueOfFinancialInstrumentsPolicy" xlink:label="loc_SLGAFairValueOfFinancialInstrumentsPolicy" />
      <link:presentationArc order="60" xlink:arcrole="http://www.xbrl.org/2003/arcrole/parent-child" xlink:from="loc_SLGANotesToFinancialStatementsAbstract" xlink:to="loc_SLGAFairValueOfFinancialInstrumentsPolicy" xlink:type="arc" />
      <link:loc xlink:type="locator" xlink:href="http://xbrl.fasb.org/us-gaap/2012/elts/us-gaap-2012-01-31.xsd#us-gaap_ImpairmentOrDisposalOfLongLivedAssetsPolicyTextBlock" xlink:label="loc_SLGAImpairmentOrDisposalOfLongLivedAssetsPolicyTextBlock" />
      <link:presentationArc order="70" xlink:arcrole="http://www.xbrl.org/2003/arcrole/parent-child" xlink:from="loc_SLGANotesToFinancialStatementsAbstract" xlink:to="loc_SLGAImpairmentOrDisposalOfLongLivedAssetsPolicyTextBlock" xlink:type="arc" />
      <link:loc xlink:type="locator" xlink:href="http://xbrl.fasb.org/us-gaap/2012/elts/us-gaap-2012-01-31.xsd#us-gaap_CashAndCashEquivalentsPolicyTextBlock" xlink:label="loc_SLGACashAndCashEquivalentsPolicyTextBlock" />
      <link:presentationArc order="80" xlink:arcrole="http://www.xbrl.org/2003/arcrole/parent-child" xlink:from="loc_SLGANotesToFinancialStatementsAbstract" xlink:to="loc_SLGACashAndCashEquivalentsPolicyTextBlock" xlink:type="arc" />
      <link:loc xlink:type="locator" xlink:href="http://xbrl.fasb.org/us-gaap/2012/elts/us-gaap-2012-01-31.xsd#us-gaap_OilAndGasPropertiesPolicyPolicyTextBlock" xlink:label="loc_SLGAOilAndGasPropertiesPolicyPolicyTextBlock" />
      <link:presentationArc order="90" xlink:arcrole="http://www.xbrl.org/2003/arcrole/parent-child" xlink:from="loc_SLGANotesToFinancialStatementsAbstract" xlink:to="loc_SLGAOilAndGasPropertiesPolicyPolicyTextBlock" xlink:type="arc" />
      <link:loc xlink:type="locator" xlink:href="slga-20120930.xsd#SLGA_RelatedPartiesPolicyTextBlock" xlink:label="loc_SLGARelatedPartiesPolicyTextBlock" />
      <link:presentationArc order="100" xlink:arcrole="http://www.xbrl.org/2003/arcrole/parent-child" xlink:from="loc_SLGANotesToFinancialStatementsAbstract" xlink:to="loc_SLGARelatedPartiesPolicyTextBlock" xlink:type="arc" />
      <link:loc xlink:type="locator" xlink:href="http://xbrl.fasb.org/us-gaap/2012/elts/us-gaap-2012-01-31.xsd#us-gaap_CommitmentsAndContingenciesPolicyTextBlock" xlink:label="loc_SLGACommitmentsAndContingenciesPolicyTextBlock" />
      <link:presentationArc order="110" xlink:arcrole="http://www.xbrl.org/2003/arcrole/parent-child" xlink:from="loc_SLGANotesToFinancialStatementsAbstract" xlink:to="loc_SLGACommitmentsAndContingenciesPolicyTextBlock" xlink:type="arc" />
      <link:loc xlink:type="locator" xlink:href="http://xbrl.fasb.org/us-gaap/2012/elts/us-gaap-2012-01-31.xsd#us-gaap_RevenueRecognitionPolicyTextBlock" xlink:label="loc_SLGARevenueRecognitionPolicyTextBlock" />
      <link:presentationArc order="120" xlink:arcrole="http://www.xbrl.org/2003/arcrole/parent-child" xlink:from="loc_SLGANotesToFinancialStatementsAbstract" xlink:to="loc_SLGARevenueRecognitionPolicyTextBlock" xlink:type="arc" />
      <link:loc xlink:type="locator" xlink:href="http://xbrl.fasb.org/us-gaap/2012/elts/us-gaap-2012-01-31.xsd#us-gaap_IncomeTaxPolicyTextBlock" xlink:label="loc_SLGAIncomeTaxPolicyTextBlock" />
      <link:presentationArc order="130" xlink:arcrole="http://www.xbrl.org/2003/arcrole/parent-child" xlink:from="loc_SLGANotesToFinancialStatementsAbstract" xlink:to="loc_SLGAIncomeTaxPolicyTextBlock" xlink:type="arc" />
      <link:loc xlink:type="locator" xlink:href="slga-20120930.xsd#SLGA_NetIncomeLossPolicyTextBlock" xlink:label="loc_SLGANetIncomeLossPolicyTextBlock" />
      <link:presentationArc order="140" xlink:arcrole="http://www.xbrl.org/2003/arcrole/parent-child" xlink:from="loc_SLGANotesToFinancialStatementsAbstract" xlink:to="loc_SLGANetIncomeLossPolicyTextBlock" xlink:type="arc" />
      <link:loc xlink:type="locator" xlink:href="slga-20120930.xsd#SLGA_CashFlowsReportingPolicyTextBlock" xlink:label="loc_SLGACashFlowsReportingPolicyTextBlock" />
      <link:presentationArc order="150" xlink:arcrole="http://www.xbrl.org/2003/arcrole/parent-child" xlink:from="loc_SLGANotesToFinancialStatementsAbstract" xlink:to="loc_SLGACashFlowsReportingPolicyTextBlock" xlink:type="arc" />
      <link:loc xlink:type="locator" xlink:href="http://xbrl.fasb.org/us-gaap/2012/elts/us-gaap-2012-01-31.xsd#us-gaap_SubsequentEventsPolicyPolicyTextBlock" xlink:label="loc_SLGASubsequentEventsPolicyPolicyTextBlock" />
      <link:presentationArc order="160" xlink:arcrole="http://www.xbrl.org/2003/arcrole/parent-child" xlink:from="loc_SLGANotesToFinancialStatementsAbstract" xlink:to="loc_SLGASubsequentEventsPolicyPolicyTextBlock" xlink:type="arc" />
      <link:loc xlink:type="locator" xlink:href="http://xbrl.fasb.org/us-gaap/2012/elts/us-gaap-2012-01-31.xsd#us-gaap_NewAccountingPronouncementsPolicyPolicyTextBlock" xlink:label="loc_SLGANewAccountingPronouncementsPolicyPolicyTextBlock" />
      <link:presentationArc order="170" xlink:arcrole="http://www.xbrl.org/2003/arcrole/parent-child" xlink:from="loc_SLGANotesToFinancialStatementsAbstract" xlink:to="loc_SLGANewAccountingPronouncementsPolicyPolicyTextBlock" xlink:type="arc" />
      <link:loc xlink:type="locator" xlink:href="slga-20120930.xsd#SLGA_DescriptionOfNewAccountingPronouncementsNotYetAdoptedPolicyTextBlock" xlink:label="loc_SLGADescriptionOfNewAccountingPronouncementsNotYetAdoptedPolicyTextBlock" />
      <link:presentationArc order="180" xlink:arcrole="http://www.xbrl.org/2003/arcrole/parent-child" xlink:from="loc_SLGANotesToFinancialStatementsAbstract" xlink:to="loc_SLGADescriptionOfNewAccountingPronouncementsNotYetAdoptedPolicyTextBlock" xlink:type="arc" />
    </link:presentationLink>
    <link:presentationLink xlink:type="extended" xlink:role="http://SLGA/role/Note2-SummaryOfSignificantAccountingPoliciesTables" xlink:title="0016 - Disclosure - Note 2 - Summary of Significant Accounting Policies (Tables)">
      <link:loc xlink:type="locator" xlink:href="slga-20120930.xsd#SLGA_NotesToFinancialStatementsAbstract" xlink:label="loc_SLGANotesToFinancialStatementsAbstract" />
      <link:loc xlink:type="locator" xlink:href="slga-20120930.xsd#SLGA_ControlledEntitiesTextBlock" xlink:label="loc_SLGAControlledEntitiesTextBlock" />
      <link:presentationArc order="0" xlink:arcrole="http://www.xbrl.org/2003/arcrole/parent-child" xlink:from="loc_SLGANotesToFinancialStatementsAbstract" xlink:to="loc_SLGAControlledEntitiesTextBlock" xlink:type="arc" />
    </link:presentationLink>
    <link:presentationLink xlink:type="extended" xlink:role="http://SLGA/role/Note5-RelatedPartyTransactionsTables" xlink:title="0017 - Disclosure - Note 5 - Related Party Transactions (Tables)">
      <link:loc xlink:type="locator" xlink:href="slga-20120930.xsd#SLGA_NotesToFinancialStatementsAbstract" xlink:label="loc_SLGANotesToFinancialStatementsAbstract" />
      <link:loc xlink:type="locator" xlink:href="slga-20120930.xsd#SLGA_AdvancesFromStockholdersTableTextBlock" xlink:label="loc_SLGAAdvancesFromStockholdersTableTextBlock" />
      <link:presentationArc order="0" xlink:arcrole="http://www.xbrl.org/2003/arcrole/parent-child" xlink:from="loc_SLGANotesToFinancialStatementsAbstract" xlink:to="loc_SLGAAdvancesFromStockholdersTableTextBlock" xlink:type="arc" />
    </link:presentationLink>
    <link:presentationLink xlink:type="extended" xlink:role="http://SLGA/role/Note1-OrganizationAndOperationsDetailsNarrative" xlink:title="0018 - Disclosure - Note 1 - Organization and Operations (Details Narrative)">
      <link:loc xlink:type="locator" xlink:href="slga-20120930.xsd#SLGA_NotesToFinancialStatementsAbstract" xlink:label="loc_SLGANotesToFinancialStatementsAbstract" />
      <link:loc xlink:type="locator" xlink:href="slga-20120930.xsd#SLGA_CommonStockSharesPurchasedByAffiliateFromPreviousAffiliate" xlink:label="loc_SLGACommonStockSharesPurchasedByAffiliateFromPreviousAffiliate" />
      <link:presentationArc order="0" xlink:arcrole="http://www.xbrl.org/2003/arcrole/parent-child" xlink:from="loc_SLGANotesToFinancialStatementsAbstract" xlink:to="loc_SLGACommonStockSharesPurchasedByAffiliateFromPreviousAffiliate" xlink:type="arc" />
      <link:loc xlink:type="locator" xlink:href="slga-20120930.xsd#SLGA_PercentOfOutstandingSharesRepresentedByPurchase" xlink:label="loc_SLGAPercentOfOutstandingSharesRepresentedByPurchase" />
      <link:presentationArc order="10" xlink:arcrole="http://www.xbrl.org/2003/arcrole/parent-child" xlink:from="loc_SLGANotesToFinancialStatementsAbstract" xlink:to="loc_SLGAPercentOfOutstandingSharesRepresentedByPurchase" xlink:type="arc" />
      <link:loc xlink:type="locator" xlink:href="slga-20120930.xsd#SLGA_PurchasePriceOfSharesByAffiliateFromPreviousAffiliate" xlink:label="loc_SLGAPurchasePriceOfSharesByAffiliateFromPreviousAffiliate" />
      <link:presentationArc order="20" xlink:arcrole="http://www.xbrl.org/2003/arcrole/parent-child" xlink:from="loc_SLGANotesToFinancialStatementsAbstract" xlink:to="loc_SLGAPurchasePriceOfSharesByAffiliateFromPreviousAffiliate" xlink:type="arc" />
      <link:loc xlink:type="locator" xlink:href="slga-20120930.xsd#SLGA_ConsultingFeePaidToSelgaAutoLlcPerAutomobileSold" xlink:label="loc_SLGAConsultingFeePaidToSelgaAutoLlcPerAutomobileSold" />
      <link:presentationArc order="30" xlink:arcrole="http://www.xbrl.org/2003/arcrole/parent-child" xlink:from="loc_SLGANotesToFinancialStatementsAbstract" xlink:to="loc_SLGAConsultingFeePaidToSelgaAutoLlcPerAutomobileSold" xlink:type="arc" />
      <link:loc xlink:type="locator" xlink:href="http://xbrl.fasb.org/us-gaap/2012/elts/us-gaap-2012-01-31.xsd#us-gaap_BusinessAcquisitionPurchasePriceAllocationAssetsAcquired" xlink:label="loc_SLGABusinessAcquisitionPurchasePriceAllocationAssetsAcquired" />
      <link:presentationArc order="40" xlink:arcrole="http://www.xbrl.org/2003/arcrole/parent-child" xlink:from="loc_SLGANotesToFinancialStatementsAbstract" xlink:to="loc_SLGABusinessAcquisitionPurchasePriceAllocationAssetsAcquired" xlink:type="arc" />
      <link:loc xlink:type="locator" xlink:href="slga-20120930.xsd#SLGA_DiscontinuedOperationGainLossFromDisposalOfDiscontinuedOperation" xlink:label="loc_SLGADiscontinuedOperationGainLossFromDisposalOfDiscontinuedOperation" />
      <link:presentationArc order="50" xlink:arcrole="http://www.xbrl.org/2003/arcrole/parent-child" xlink:from="loc_SLGANotesToFinancialStatementsAbstract" xlink:to="loc_SLGADiscontinuedOperationGainLossFromDisposalOfDiscontinuedOperation" xlink:type="arc" />
    </link:presentationLink>
    <link:presentationLink xlink:type="extended" xlink:role="http://SLGA/role/Note2-SummaryOfSignificantAccountingPolicies-ControlledEntitiesDetails" xlink:title="0019 - Disclosure - Note 2 - Summary of Significant Accounting Policies - Controlled entities (Details)">
      <link:loc xlink:type="locator" xlink:href="slga-20120930.xsd#SLGA_NotesToFinancialStatementsAbstract" xlink:label="loc_SLGANotesToFinancialStatementsAbstract" />
      <link:loc xlink:type="locator" xlink:href="http://xbrl.fasb.org/us-gaap/2012/elts/us-gaap-2012-01-31.xsd#us-gaap_StatementTable" xlink:label="loc_SLGAStatementTable" />
      <link:presentationArc xlink:type="arc" xlink:arcrole="http://www.xbrl.org/2003/arcrole/parent-child" xlink:from="loc_SLGANotesToFinancialStatementsAbstract" xlink:to="loc_SLGAStatementTable" order="100" />
      <link:loc xlink:type="locator" xlink:href="http://xbrl.fasb.org/us-gaap/2012/elts/us-gaap-2012-01-31.xsd#us-gaap_StatementLineItems" xlink:label="loc_SLGAStatementLineItems" />
      <link:presentationArc xlink:type="arc" xlink:arcrole="http://www.xbrl.org/2003/arcrole/parent-child" xlink:from="loc_SLGAStatementTable" xlink:to="loc_SLGAStatementLineItems" order="200" />
      <link:loc xlink:type="locator" xlink:href="http://xbrl.sec.gov/dei/2012/dei-2012-01-31.xsd#dei_EntityByLocationAxis" xlink:label="loc_SLGAEntityByLocationAxis" />
      <link:presentationArc xlink:type="arc" xlink:arcrole="http://www.xbrl.org/2003/arcrole/parent-child" xlink:from="loc_SLGAStatementTable" xlink:to="loc_SLGAEntityByLocationAxis" order="10" />
      <link:loc xlink:type="locator" xlink:href="http://xbrl.sec.gov/dei/2012/dei-2012-01-31.xsd#dei_LocationDomain" xlink:label="loc_SLGALocationDomain" />
      <link:presentationArc xlink:type="arc" xlink:arcrole="http://www.xbrl.org/2003/arcrole/parent-child" xlink:from="loc_SLGAEntityByLocationAxis" xlink:to="loc_SLGALocationDomain" order="0" />
      <link:loc xlink:type="locator" xlink:href="slga-20120930.xsd#SLGA_AuxilliumPolandMember" xlink:label="loc_SLGAAuxilliumPolandMember" />
      <link:presentationArc xlink:type="arc" xlink:arcrole="http://www.xbrl.org/2003/arcrole/parent-child" xlink:from="loc_SLGALocationDomain" xlink:to="loc_SLGAAuxilliumPolandMember" order="10" />
      <link:loc xlink:type="locator" xlink:href="slga-20120930.xsd#SLGA_AuxilliumAlaskaMember" xlink:label="loc_SLGAAuxilliumAlaskaMember" />
      <link:presentationArc xlink:type="arc" xlink:arcrole="http://www.xbrl.org/2003/arcrole/parent-child" xlink:from="loc_SLGALocationDomain" xlink:to="loc_SLGAAuxilliumAlaskaMember" order="210" />
      <link:loc xlink:type="locator" xlink:href="slga-20120930.xsd#SLGA_AttributableEquityInterest" xlink:label="loc_SLGAAttributableEquityInterest" />
      <link:presentationArc order="10" xlink:arcrole="http://www.xbrl.org/2003/arcrole/parent-child" xlink:from="loc_SLGAStatementLineItems" xlink:to="loc_SLGAAttributableEquityInterest" xlink:type="arc" />
    </link:presentationLink>
    <link:presentationLink xlink:type="extended" xlink:role="http://SLGA/role/Note4-OilAndGasPropertiesDetailsNarrative" xlink:title="0020 - Disclosure - Note 4 - Oil and Gas Properties (Details Narrative)">
      <link:loc xlink:type="locator" xlink:href="slga-20120930.xsd#SLGA_NotesToFinancialStatementsAbstract" xlink:label="loc_SLGANotesToFinancialStatementsAbstract" />
      <link:loc xlink:type="locator" xlink:href="slga-20120930.xsd#SLGA_PercentOfLeaseInterestPurchased" xlink:label="loc_SLGAPercentOfLeaseInterestPurchased" />
      <link:presentationArc order="0" xlink:arcrole="http://www.xbrl.org/2003/arcrole/parent-child" xlink:from="loc_SLGANotesToFinancialStatementsAbstract" xlink:to="loc_SLGAPercentOfLeaseInterestPurchased" xlink:type="arc" />
      <link:loc xlink:type="locator" xlink:href="http://xbrl.fasb.org/us-gaap/2012/elts/us-gaap-2012-01-31.xsd#us-gaap_AcquisitionCostsCumulative" xlink:label="loc_SLGAAcquisitionCostsCumulative" />
      <link:presentationArc order="10" xlink:arcrole="http://www.xbrl.org/2003/arcrole/parent-child" xlink:from="loc_SLGANotesToFinancialStatementsAbstract" xlink:to="loc_SLGAAcquisitionCostsCumulative" xlink:type="arc" />
      <link:loc xlink:type="locator" xlink:href="slga-20120930.xsd#SLGA_ExpirationPeriodOfLeaseAssetPurchase" xlink:label="loc_SLGAExpirationPeriodOfLeaseAssetPurchase" />
      <link:presentationArc order="20" xlink:arcrole="http://www.xbrl.org/2003/arcrole/parent-child" xlink:from="loc_SLGANotesToFinancialStatementsAbstract" xlink:to="loc_SLGAExpirationPeriodOfLeaseAssetPurchase" xlink:type="arc" />
      <link:loc xlink:type="locator" xlink:href="slga-20120930.xsd#SLGA_PaymentDueAlaskaTermsOfAssetPurchaseAgreement" xlink:label="loc_SLGAPaymentDueAlaskaTermsOfAssetPurchaseAgreement" />
      <link:presentationArc order="30" xlink:arcrole="http://www.xbrl.org/2003/arcrole/parent-child" xlink:from="loc_SLGANotesToFinancialStatementsAbstract" xlink:to="loc_SLGAPaymentDueAlaskaTermsOfAssetPurchaseAgreement" xlink:type="arc" />
      <link:loc xlink:type="locator" xlink:href="slga-20120930.xsd#SLGA_PaymentDueDateToAlaska" xlink:label="loc_SLGAPaymentDueDateToAlaska" />
      <link:presentationArc order="40" xlink:arcrole="http://www.xbrl.org/2003/arcrole/parent-child" xlink:from="loc_SLGANotesToFinancialStatementsAbstract" xlink:to="loc_SLGAPaymentDueDateToAlaska" xlink:type="arc" />
      <link:loc xlink:type="locator" xlink:href="slga-20120930.xsd#SLGA_NetRevenueInterestInLeases" xlink:label="loc_SLGANetRevenueInterestInLeases" />
      <link:presentationArc order="50" xlink:arcrole="http://www.xbrl.org/2003/arcrole/parent-child" xlink:from="loc_SLGANotesToFinancialStatementsAbstract" xlink:to="loc_SLGANetRevenueInterestInLeases" xlink:type="arc" />
      <link:loc xlink:type="locator" xlink:href="slga-20120930.xsd#SLGA_OverridingRoyalty" xlink:label="loc_SLGAOverridingRoyalty" />
      <link:presentationArc order="60" xlink:arcrole="http://www.xbrl.org/2003/arcrole/parent-child" xlink:from="loc_SLGANotesToFinancialStatementsAbstract" xlink:to="loc_SLGAOverridingRoyalty" xlink:type="arc" />
      <link:loc xlink:type="locator" xlink:href="slga-20120930.xsd#SLGA_RoyaltyInterestDueAlaska" xlink:label="loc_SLGARoyaltyInterestDueAlaska" />
      <link:presentationArc order="70" xlink:arcrole="http://www.xbrl.org/2003/arcrole/parent-child" xlink:from="loc_SLGANotesToFinancialStatementsAbstract" xlink:to="loc_SLGARoyaltyInterestDueAlaska" xlink:type="arc" />
      <link:loc xlink:type="locator" xlink:href="slga-20120930.xsd#SLGA_PaymentMadeToAlaskaAssetPurchaseAgreement" xlink:label="loc_SLGAPaymentMadeToAlaskaAssetPurchaseAgreement" />
      <link:presentationArc order="80" xlink:arcrole="http://www.xbrl.org/2003/arcrole/parent-child" xlink:from="loc_SLGANotesToFinancialStatementsAbstract" xlink:to="loc_SLGAPaymentMadeToAlaskaAssetPurchaseAgreement" xlink:type="arc" />
      <link:loc xlink:type="locator" xlink:href="slga-20120930.xsd#SLGA_PurchasePaymentMadeToUnionTermsAssetPurchaseAgreement" xlink:label="loc_SLGAPurchasePaymentMadeToUnionTermsAssetPurchaseAgreement" />
      <link:presentationArc order="90" xlink:arcrole="http://www.xbrl.org/2003/arcrole/parent-child" xlink:from="loc_SLGANotesToFinancialStatementsAbstract" xlink:to="loc_SLGAPurchasePaymentMadeToUnionTermsAssetPurchaseAgreement" xlink:type="arc" />
    </link:presentationLink>
    <link:presentationLink xlink:type="extended" xlink:role="http://SLGA/role/Note5-RelatedPartyTransactions-AdvancesFromStockholdersDetails" xlink:title="0021 - Disclosure - Note 5 - Related Party Transactions - Advances from Stockholders (Details)">
      <link:loc xlink:type="locator" xlink:href="slga-20120930.xsd#SLGA_NotesToFinancialStatementsAbstract" xlink:label="loc_SLGANotesToFinancialStatementsAbstract" />
      <link:loc xlink:type="locator" xlink:href="slga-20120930.xsd#SLGA_RelatedPartyDebt" xlink:label="loc_SLGARelatedPartyDebt" />
      <link:presentationArc order="0" xlink:arcrole="http://www.xbrl.org/2003/arcrole/parent-child" xlink:from="loc_SLGANotesToFinancialStatementsAbstract" xlink:to="loc_SLGARelatedPartyDebt" xlink:type="arc" />
      <link:loc xlink:type="locator" xlink:href="slga-20120930.xsd#SLGA_RepaymentOfAdvances" xlink:label="loc_SLGARepaymentOfAdvances" />
      <link:presentationArc order="10" xlink:arcrole="http://www.xbrl.org/2003/arcrole/parent-child" xlink:from="loc_SLGANotesToFinancialStatementsAbstract" xlink:to="loc_SLGARepaymentOfAdvances" xlink:type="arc" />
      <link:loc xlink:type="locator" xlink:href="slga-20120930.xsd#SLGA_AdvancesOutstanding" xlink:label="loc_SLGAAdvancesOutstanding" />
      <link:presentationArc order="20" xlink:arcrole="http://www.xbrl.org/2003/arcrole/parent-child" xlink:from="loc_SLGANotesToFinancialStatementsAbstract" xlink:to="loc_SLGAAdvancesOutstanding" xlink:type="arc" />
    </link:presentationLink>
    <link:presentationLink xlink:type="extended" xlink:role="http://SLGA/role/Note6-StockholdersDeficitDetailsNarrative" xlink:title="0022 - Disclosure - Note 6 - Stockholders' Deficit (Details Narrative)">
      <link:loc xlink:type="locator" xlink:href="slga-20120930.xsd#SLGA_NotesToFinancialStatementsAbstract" xlink:label="loc_SLGANotesToFinancialStatementsAbstract" />
      <link:loc xlink:type="locator" xlink:href="http://xbrl.fasb.org/us-gaap/2012/elts/us-gaap-2012-01-31.xsd#us-gaap_CommonStockSharesAuthorized" xlink:label="loc_SLGACommonStockSharesAuthorized" />
      <link:presentationArc order="0" xlink:arcrole="http://www.xbrl.org/2003/arcrole/parent-child" xlink:from="loc_SLGANotesToFinancialStatementsAbstract" xlink:to="loc_SLGACommonStockSharesAuthorized" xlink:type="arc" preferredLabel="http://www.xbrl.org/2003/role/verboseLabel" />
      <link:loc xlink:type="locator" xlink:href="http://xbrl.fasb.org/us-gaap/2012/elts/us-gaap-2012-01-31.xsd#us-gaap_CommonStockParOrStatedValuePerShare" xlink:label="loc_SLGACommonStockParOrStatedValuePerShare" />
      <link:presentationArc order="10" xlink:arcrole="http://www.xbrl.org/2003/arcrole/parent-child" xlink:from="loc_SLGANotesToFinancialStatementsAbstract" xlink:to="loc_SLGACommonStockParOrStatedValuePerShare" xlink:type="arc" preferredLabel="http://www.xbrl.org/2003/role/verboseLabel" />
      <link:loc xlink:type="locator" xlink:href="slga-20120930.xsd#SLGA_StockIssuedSharesIssuedForCash" xlink:label="loc_SLGAStockIssuedSharesIssuedForCash" />
      <link:presentationArc order="20" xlink:arcrole="http://www.xbrl.org/2003/arcrole/parent-child" xlink:from="loc_SLGANotesToFinancialStatementsAbstract" xlink:to="loc_SLGAStockIssuedSharesIssuedForCash" xlink:type="arc" />
      <link:loc xlink:type="locator" xlink:href="http://xbrl.fasb.org/us-gaap/2012/elts/us-gaap-2012-01-31.xsd#us-gaap_StockIssuedDuringPeriodSharesIssuedForCash" xlink:label="loc_SLGAStockIssuedDuringPeriodSharesIssuedForCash" />
      <link:presentationArc order="30" xlink:arcrole="http://www.xbrl.org/2003/arcrole/parent-child" xlink:from="loc_SLGANotesToFinancialStatementsAbstract" xlink:to="loc_SLGAStockIssuedDuringPeriodSharesIssuedForCash" xlink:type="arc" />
      <link:loc xlink:type="locator" xlink:href="http://xbrl.fasb.org/us-gaap/2012/elts/us-gaap-2012-01-31.xsd#us-gaap_SaleOfStockPricePerShare" xlink:label="loc_SLGASaleOfStockPricePerShare" />
      <link:presentationArc order="40" xlink:arcrole="http://www.xbrl.org/2003/arcrole/parent-child" xlink:from="loc_SLGANotesToFinancialStatementsAbstract" xlink:to="loc_SLGASaleOfStockPricePerShare" xlink:type="arc" />
      <link:loc xlink:type="locator" xlink:href="slga-20120930.xsd#SLGA_SaleOfStockPricePerShare2" xlink:label="loc_SLGASaleOfStockPricePerShare2" />
      <link:presentationArc order="50" xlink:arcrole="http://www.xbrl.org/2003/arcrole/parent-child" xlink:from="loc_SLGANotesToFinancialStatementsAbstract" xlink:to="loc_SLGASaleOfStockPricePerShare2" xlink:type="arc" />
      <link:loc xlink:type="locator" xlink:href="slga-20120930.xsd#SLGA_ProceedsFromIssuanceOfCommonStock2" xlink:label="loc_SLGAProceedsFromIssuanceOfCommonStock2" />
      <link:presentationArc order="60" xlink:arcrole="http://www.xbrl.org/2003/arcrole/parent-child" xlink:from="loc_SLGANotesToFinancialStatementsAbstract" xlink:to="loc_SLGAProceedsFromIssuanceOfCommonStock2" xlink:type="arc" />
      <link:loc xlink:type="locator" xlink:href="http://xbrl.fasb.org/us-gaap/2012/elts/us-gaap-2012-01-31.xsd#us-gaap_ProceedsFromIssuanceOfCommonStock" xlink:label="loc_SLGAProceedsFromIssuanceOfCommonStock" />
      <link:presentationArc order="70" xlink:arcrole="http://www.xbrl.org/2003/arcrole/parent-child" xlink:from="loc_SLGANotesToFinancialStatementsAbstract" xlink:to="loc_SLGAProceedsFromIssuanceOfCommonStock" xlink:type="arc" preferredLabel="http://www.xbrl.org/2003/role/verboseLabel" />
      <link:loc xlink:type="locator" xlink:href="slga-20120930.xsd#SLGA_DebtInstrumentForgiveness" xlink:label="loc_SLGADebtInstrumentForgiveness" />
      <link:presentationArc order="80" xlink:arcrole="http://www.xbrl.org/2003/arcrole/parent-child" xlink:from="loc_SLGANotesToFinancialStatementsAbstract" xlink:to="loc_SLGADebtInstrumentForgiveness" xlink:type="arc" />
    </link:presentationLink>
</link:linkbase>
