<?xml version="1.0" encoding="US-ASCII"?>
<!--XBRL Document Created with WebFilings-->
<!-- -->
<linkbase xsi:schemaLocation="http://www.xbrl.org/2003/linkbase http://www.xbrl.org/2003/xbrl-linkbase-2003-12-31.xsd" xmlns="http://www.xbrl.org/2003/linkbase" xmlns:xlink="http://www.w3.org/1999/xlink" xmlns:xsi="http://www.w3.org/2001/XMLSchema-instance">
  <roleRef roleURI="http://www.starbucks.com/role/CommitmentsAndContingencies" xlink:href="sbux-20121230.xsd#CommitmentsAndContingencies" xlink:type="simple" />
  <roleRef roleURI="http://www.starbucks.com/role/CommitmentsAndContingenciesDetails" xlink:href="sbux-20121230.xsd#CommitmentsAndContingenciesDetails" xlink:type="simple" />
  <roleRef roleURI="http://www.starbucks.com/role/CondensedConsolidatedBalanceSheets" xlink:href="sbux-20121230.xsd#CondensedConsolidatedBalanceSheets" xlink:type="simple" />
  <roleRef roleURI="http://www.starbucks.com/role/CondensedConsolidatedBalanceSheetsParenthetical" xlink:href="sbux-20121230.xsd#CondensedConsolidatedBalanceSheetsParenthetical" xlink:type="simple" />
  <roleRef roleURI="http://www.starbucks.com/role/CondensedConsolidatedStatementsOfCashFlows" xlink:href="sbux-20121230.xsd#CondensedConsolidatedStatementsOfCashFlows" xlink:type="simple" />
  <roleRef roleURI="http://www.starbucks.com/role/CondensedConsolidatedStatementsOfComprehensiveIncome" xlink:href="sbux-20121230.xsd#CondensedConsolidatedStatementsOfComprehensiveIncome" xlink:type="simple" />
  <roleRef roleURI="http://www.starbucks.com/role/CondensedConsolidatedStatementsOfEarnings" xlink:href="sbux-20121230.xsd#CondensedConsolidatedStatementsOfEarnings" xlink:type="simple" />
  <roleRef roleURI="http://www.starbucks.com/role/DerivativeAndFinancialInstrumentsNotionalAmountsOfOutstandingDerivativeContractsDetails" xlink:href="sbux-20121230.xsd#DerivativeAndFinancialInstrumentsNotionalAmountsOfOutstandingDerivativeContractsDetails" xlink:type="simple" />
  <roleRef roleURI="http://www.starbucks.com/role/DerivativeFinancialInstruments" xlink:href="sbux-20121230.xsd#DerivativeFinancialInstruments" xlink:type="simple" />
  <roleRef roleURI="http://www.starbucks.com/role/DerivativeFinancialInstrumentsNarrativeDetails" xlink:href="sbux-20121230.xsd#DerivativeFinancialInstrumentsNarrativeDetails" xlink:type="simple" />
  <roleRef roleURI="http://www.starbucks.com/role/DerivativeFinancialInstrumentsPretaxEffectOfDerivativeInstrumentsOnEarningsAndOtherComprehensiveIncomeDetails" xlink:href="sbux-20121230.xsd#DerivativeFinancialInstrumentsPretaxEffectOfDerivativeInstrumentsOnEarningsAndOtherComprehensiveIncomeDetails" xlink:type="simple" />
  <roleRef roleURI="http://www.starbucks.com/role/DerivativeFinancialInstrumentsTables" xlink:href="sbux-20121230.xsd#DerivativeFinancialInstrumentsTables" xlink:type="simple" />
  <roleRef roleURI="http://www.starbucks.com/role/DocumentAndEntityInformation" xlink:href="sbux-20121230.xsd#DocumentAndEntityInformation" xlink:type="simple" />
  <roleRef roleURI="http://www.starbucks.com/role/EarningsPerShare" xlink:href="sbux-20121230.xsd#EarningsPerShare" xlink:type="simple" />
  <roleRef roleURI="http://www.starbucks.com/role/EarningsPerShareCalculationOfNetEarningsPerCommonShareEpsBasicAndDilutedDetails" xlink:href="sbux-20121230.xsd#EarningsPerShareCalculationOfNetEarningsPerCommonShareEpsBasicAndDilutedDetails" xlink:type="simple" />
  <roleRef roleURI="http://www.starbucks.com/role/EarningsPerShareNarrativeDetails" xlink:href="sbux-20121230.xsd#EarningsPerShareNarrativeDetails" xlink:type="simple" />
  <roleRef roleURI="http://www.starbucks.com/role/EarningsPerShareTables" xlink:href="sbux-20121230.xsd#EarningsPerShareTables" xlink:type="simple" />
  <roleRef roleURI="http://www.starbucks.com/role/EmployeeStockPlans" xlink:href="sbux-20121230.xsd#EmployeeStockPlans" xlink:type="simple" />
  <roleRef roleURI="http://www.starbucks.com/role/EmployeeStockPlansNarrativeDetails" xlink:href="sbux-20121230.xsd#EmployeeStockPlansNarrativeDetails" xlink:type="simple" />
  <roleRef roleURI="http://www.starbucks.com/role/EmployeeStockPlansStockBasedCompensationExpenseRecognizedInConsolidatedStatementOfEarningsDetails" xlink:href="sbux-20121230.xsd#EmployeeStockPlansStockBasedCompensationExpenseRecognizedInConsolidatedStatementOfEarningsDetails" xlink:type="simple" />
  <roleRef roleURI="http://www.starbucks.com/role/EmployeeStockPlansStockOptionAndRsuTransactionsDetails" xlink:href="sbux-20121230.xsd#EmployeeStockPlansStockOptionAndRsuTransactionsDetails" xlink:type="simple" />
  <roleRef roleURI="http://www.starbucks.com/role/EmployeeStockPlansTables" xlink:href="sbux-20121230.xsd#EmployeeStockPlansTables" xlink:type="simple" />
  <roleRef roleURI="http://www.starbucks.com/role/EmployeeStockPlansValueOfAwardsGrantedAndExercisedDuringPeriodDetails" xlink:href="sbux-20121230.xsd#EmployeeStockPlansValueOfAwardsGrantedAndExercisedDuringPeriodDetails" xlink:type="simple" />
  <roleRef roleURI="http://www.starbucks.com/role/Equity" xlink:href="sbux-20121230.xsd#Equity" xlink:type="simple" />
  <roleRef roleURI="http://www.starbucks.com/role/EquityComponentsOfAccumulatedOtherComprehensiveIncomeNetOfTaxDetails" xlink:href="sbux-20121230.xsd#EquityComponentsOfAccumulatedOtherComprehensiveIncomeNetOfTaxDetails" xlink:type="simple" />
  <roleRef roleURI="http://www.starbucks.com/role/EquityComponentsOfTotalEquityDetails" xlink:href="sbux-20121230.xsd#EquityComponentsOfTotalEquityDetails" xlink:type="simple" />
  <roleRef roleURI="http://www.starbucks.com/role/EquityNarrativeDetails" xlink:href="sbux-20121230.xsd#EquityNarrativeDetails" xlink:type="simple" />
  <roleRef roleURI="http://www.starbucks.com/role/EquityShareRepurchaseActivityDetails" xlink:href="sbux-20121230.xsd#EquityShareRepurchaseActivityDetails" xlink:type="simple" />
  <roleRef roleURI="http://www.starbucks.com/role/EquityTables" xlink:href="sbux-20121230.xsd#EquityTables" xlink:type="simple" />
  <roleRef roleURI="http://www.starbucks.com/role/FairValueMeasurements" xlink:href="sbux-20121230.xsd#FairValueMeasurements" xlink:type="simple" />
  <roleRef roleURI="http://www.starbucks.com/role/FairValueMeasurementsAssetFairMarketValueAdjustmentsChargedToEarningsDetails" xlink:href="sbux-20121230.xsd#FairValueMeasurementsAssetFairMarketValueAdjustmentsChargedToEarningsDetails" xlink:type="simple" />
  <roleRef roleURI="http://www.starbucks.com/role/FairValueMeasurementsAssetsAndLiabilitiesMeasuredAtFairValueOnRecurringBasisDetails" xlink:href="sbux-20121230.xsd#FairValueMeasurementsAssetsAndLiabilitiesMeasuredAtFairValueOnRecurringBasisDetails" xlink:type="simple" />
  <roleRef roleURI="http://www.starbucks.com/role/FairValueMeasurementsNarrativeDetails" xlink:href="sbux-20121230.xsd#FairValueMeasurementsNarrativeDetails" xlink:type="simple" />
  <roleRef roleURI="http://www.starbucks.com/role/FairValueMeasurementsTables" xlink:href="sbux-20121230.xsd#FairValueMeasurementsTables" xlink:type="simple" />
  <roleRef roleURI="http://www.starbucks.com/role/Inventories" xlink:href="sbux-20121230.xsd#Inventories" xlink:type="simple" />
  <roleRef roleURI="http://www.starbucks.com/role/InventoriesComponentsOfInventoryDetails" xlink:href="sbux-20121230.xsd#InventoriesComponentsOfInventoryDetails" xlink:type="simple" />
  <roleRef roleURI="http://www.starbucks.com/role/InventoriesNarrativeDetails" xlink:href="sbux-20121230.xsd#InventoriesNarrativeDetails" xlink:type="simple" />
  <roleRef roleURI="http://www.starbucks.com/role/InventoriesTables" xlink:href="sbux-20121230.xsd#InventoriesTables" xlink:type="simple" />
  <roleRef roleURI="http://www.starbucks.com/role/SegmentReporting" xlink:href="sbux-20121230.xsd#SegmentReporting" xlink:type="simple" />
  <roleRef roleURI="http://www.starbucks.com/role/SegmentReportingComponentsOfFinancialInformationForReportableOperatingSegmentsAndOtherDetails" xlink:href="sbux-20121230.xsd#SegmentReportingComponentsOfFinancialInformationForReportableOperatingSegmentsAndOtherDetails" xlink:type="simple" />
  <roleRef roleURI="http://www.starbucks.com/role/SegmentReportingReconciliationOfTotalOperatingIncomeToConsolidatedEarningsBeforeIncomeTaxesDetails" xlink:href="sbux-20121230.xsd#SegmentReportingReconciliationOfTotalOperatingIncomeToConsolidatedEarningsBeforeIncomeTaxesDetails" xlink:type="simple" />
  <roleRef roleURI="http://www.starbucks.com/role/SegmentReportingTables" xlink:href="sbux-20121230.xsd#SegmentReportingTables" xlink:type="simple" />
  <roleRef roleURI="http://www.starbucks.com/role/SubsequentEvent" xlink:href="sbux-20121230.xsd#SubsequentEvent" xlink:type="simple" />
  <roleRef roleURI="http://www.starbucks.com/role/SubsequentEventDetails" xlink:href="sbux-20121230.xsd#SubsequentEventDetails" xlink:type="simple" />
  <roleRef roleURI="http://www.starbucks.com/role/SummaryOfSignificantAccountingPolicies" xlink:href="sbux-20121230.xsd#SummaryOfSignificantAccountingPolicies" xlink:type="simple" />
  <roleRef roleURI="http://www.starbucks.com/role/SummaryOfSignificantAccountingPoliciesSummaryOfSignificantAccountingPoliciesPolicies" xlink:href="sbux-20121230.xsd#SummaryOfSignificantAccountingPoliciesSummaryOfSignificantAccountingPoliciesPolicies" xlink:type="simple" />
  <roleRef roleURI="http://www.starbucks.com/role/SupplementalBalanceSheetInformation" xlink:href="sbux-20121230.xsd#SupplementalBalanceSheetInformation" xlink:type="simple" />
  <roleRef roleURI="http://www.starbucks.com/role/SupplementalBalanceSheetInformationAccruedLiabilitiesDetails" xlink:href="sbux-20121230.xsd#SupplementalBalanceSheetInformationAccruedLiabilitiesDetails" xlink:type="simple" />
  <roleRef roleURI="http://www.starbucks.com/role/SupplementalBalanceSheetInformationOtherAssetsDetails" xlink:href="sbux-20121230.xsd#SupplementalBalanceSheetInformationOtherAssetsDetails" xlink:type="simple" />
  <roleRef roleURI="http://www.starbucks.com/role/SupplementalBalanceSheetInformationOtherLongTermLiabilitiesDetails" xlink:href="sbux-20121230.xsd#SupplementalBalanceSheetInformationOtherLongTermLiabilitiesDetails" xlink:type="simple" />
  <roleRef roleURI="http://www.starbucks.com/role/SupplementalBalanceSheetInformationPropertyPlantAndEquipmentNetDetails" xlink:href="sbux-20121230.xsd#SupplementalBalanceSheetInformationPropertyPlantAndEquipmentNetDetails" xlink:type="simple" />
  <roleRef roleURI="http://www.starbucks.com/role/SupplementalBalanceSheetInformationTables" xlink:href="sbux-20121230.xsd#SupplementalBalanceSheetInformationTables" xlink:type="simple" />
  <calculationLink xlink:role="http://www.starbucks.com/role/CommitmentsAndContingencies" xlink:type="extended" />
  <calculationLink xlink:role="http://www.starbucks.com/role/CommitmentsAndContingenciesDetails" xlink:type="extended" />
  <calculationLink xlink:role="http://www.starbucks.com/role/CondensedConsolidatedBalanceSheets" xlink:type="extended">
    <loc xlink:href="http://xbrl.fasb.org/us-gaap/2012/elts/us-gaap-2012-01-31.xsd#us-gaap_Assets" xlink:label="loc_us-gaap_Assets_2c254058-78f6-11e1-94fe-25ba39ebf1f4" xlink:type="locator" />
    <loc xlink:href="http://xbrl.fasb.org/us-gaap/2012/elts/us-gaap-2012-01-31.xsd#us-gaap_AssetsCurrent" xlink:label="loc_us-gaap_AssetsCurrent_2c23c494-78f6-11e1-94fe-25ba39ebf1f4" xlink:type="locator" />
    <calculationArc order="1" weight="1" xlink:arcrole="http://www.xbrl.org/2003/arcrole/summation-item" xlink:from="loc_us-gaap_Assets_2c254058-78f6-11e1-94fe-25ba39ebf1f4" xlink:to="loc_us-gaap_AssetsCurrent_2c23c494-78f6-11e1-94fe-25ba39ebf1f4" xlink:type="arc" />
    <loc xlink:href="http://xbrl.fasb.org/us-gaap/2012/elts/us-gaap-2012-01-31.xsd#us-gaap_CashAndCashEquivalentsAtCarryingValue" xlink:label="loc_us-gaap_CashAndCashEquivalentsAtCarryingValue_30cfd000-78f6-11e1-94fe-25ba39ebf1f4" xlink:type="locator" />
    <calculationArc order="1" weight="1" xlink:arcrole="http://www.xbrl.org/2003/arcrole/summation-item" xlink:from="loc_us-gaap_AssetsCurrent_2c23c494-78f6-11e1-94fe-25ba39ebf1f4" xlink:to="loc_us-gaap_CashAndCashEquivalentsAtCarryingValue_30cfd000-78f6-11e1-94fe-25ba39ebf1f4" xlink:type="arc" />
    <loc xlink:href="http://xbrl.fasb.org/us-gaap/2012/elts/us-gaap-2012-01-31.xsd#us-gaap_ShortTermInvestments" xlink:label="loc_us-gaap_ShortTermInvestments_6fb87e70-78f6-11e1-94fe-25ba39ebf1f4" xlink:type="locator" />
    <calculationArc order="2" weight="1" xlink:arcrole="http://www.xbrl.org/2003/arcrole/summation-item" xlink:from="loc_us-gaap_AssetsCurrent_2c23c494-78f6-11e1-94fe-25ba39ebf1f4" xlink:to="loc_us-gaap_ShortTermInvestments_6fb87e70-78f6-11e1-94fe-25ba39ebf1f4" xlink:type="arc" />
    <loc xlink:href="http://xbrl.fasb.org/us-gaap/2012/elts/us-gaap-2012-01-31.xsd#us-gaap_AccountsReceivableNetCurrent" xlink:label="loc_us-gaap_AccountsReceivableNetCurrent_28c3463a-78f6-11e1-94fe-25ba39ebf1f4" xlink:type="locator" />
    <calculationArc order="3" weight="1" xlink:arcrole="http://www.xbrl.org/2003/arcrole/summation-item" xlink:from="loc_us-gaap_AssetsCurrent_2c23c494-78f6-11e1-94fe-25ba39ebf1f4" xlink:to="loc_us-gaap_AccountsReceivableNetCurrent_28c3463a-78f6-11e1-94fe-25ba39ebf1f4" xlink:type="arc" />
    <loc xlink:href="http://xbrl.fasb.org/us-gaap/2012/elts/us-gaap-2012-01-31.xsd#us-gaap_InventoryNet" xlink:label="loc_us-gaap_InventoryNet_5b10f3ee-78f6-11e1-94fe-25ba39ebf1f4" xlink:type="locator" />
    <calculationArc order="4" weight="1" xlink:arcrole="http://www.xbrl.org/2003/arcrole/summation-item" xlink:from="loc_us-gaap_AssetsCurrent_2c23c494-78f6-11e1-94fe-25ba39ebf1f4" xlink:to="loc_us-gaap_InventoryNet_5b10f3ee-78f6-11e1-94fe-25ba39ebf1f4" xlink:type="arc" />
    <loc xlink:href="http://xbrl.fasb.org/us-gaap/2012/elts/us-gaap-2012-01-31.xsd#us-gaap_PrepaidExpenseAndOtherAssetsCurrent" xlink:label="loc_us-gaap_PrepaidExpenseAndOtherAssetsCurrent_66a1ef74-78f6-11e1-94fe-25ba39ebf1f4" xlink:type="locator" />
    <calculationArc order="5" weight="1" xlink:arcrole="http://www.xbrl.org/2003/arcrole/summation-item" xlink:from="loc_us-gaap_AssetsCurrent_2c23c494-78f6-11e1-94fe-25ba39ebf1f4" xlink:to="loc_us-gaap_PrepaidExpenseAndOtherAssetsCurrent_66a1ef74-78f6-11e1-94fe-25ba39ebf1f4" xlink:type="arc" />
    <loc xlink:href="http://xbrl.fasb.org/us-gaap/2012/elts/us-gaap-2012-01-31.xsd#us-gaap_DeferredTaxAssetsNetCurrent" xlink:label="loc_us-gaap_DeferredTaxAssetsNetCurrent_4735dba0-78f6-11e1-94fe-25ba39ebf1f4" xlink:type="locator" />
    <calculationArc order="6" weight="1" xlink:arcrole="http://www.xbrl.org/2003/arcrole/summation-item" xlink:from="loc_us-gaap_AssetsCurrent_2c23c494-78f6-11e1-94fe-25ba39ebf1f4" xlink:to="loc_us-gaap_DeferredTaxAssetsNetCurrent_4735dba0-78f6-11e1-94fe-25ba39ebf1f4" xlink:type="arc" />
    <loc xlink:href="http://xbrl.fasb.org/us-gaap/2012/elts/us-gaap-2012-01-31.xsd#us-gaap_AvailableForSaleSecuritiesNoncurrent" xlink:label="loc_us-gaap_AvailableForSaleSecuritiesNoncurrent_2ced6a88-78f6-11e1-94fe-25ba39ebf1f4" xlink:type="locator" />
    <calculationArc order="2" weight="1" xlink:arcrole="http://www.xbrl.org/2003/arcrole/summation-item" xlink:from="loc_us-gaap_Assets_2c254058-78f6-11e1-94fe-25ba39ebf1f4" xlink:to="loc_us-gaap_AvailableForSaleSecuritiesNoncurrent_2ced6a88-78f6-11e1-94fe-25ba39ebf1f4" xlink:type="arc" />
    <loc xlink:href="http://xbrl.fasb.org/us-gaap/2012/elts/us-gaap-2012-01-31.xsd#us-gaap_InvestmentsInAffiliatesSubsidiariesAssociatesAndJointVentures" xlink:label="loc_us-gaap_InvestmentsInAffiliatesSubsidiariesAssociatesAndJointVentures_5b7fcbfc-78f6-11e1-94fe-25ba39ebf1f4" xlink:type="locator" />
    <calculationArc order="3" weight="1" xlink:arcrole="http://www.xbrl.org/2003/arcrole/summation-item" xlink:from="loc_us-gaap_Assets_2c254058-78f6-11e1-94fe-25ba39ebf1f4" xlink:to="loc_us-gaap_InvestmentsInAffiliatesSubsidiariesAssociatesAndJointVentures_5b7fcbfc-78f6-11e1-94fe-25ba39ebf1f4" xlink:type="arc" />
    <loc xlink:href="http://xbrl.fasb.org/us-gaap/2012/elts/us-gaap-2012-01-31.xsd#us-gaap_PropertyPlantAndEquipmentNet" xlink:label="loc_us-gaap_PropertyPlantAndEquipmentNet_683dcad8-78f6-11e1-94fe-25ba39ebf1f4" xlink:type="locator" />
    <calculationArc order="4" weight="1" xlink:arcrole="http://www.xbrl.org/2003/arcrole/summation-item" xlink:from="loc_us-gaap_Assets_2c254058-78f6-11e1-94fe-25ba39ebf1f4" xlink:to="loc_us-gaap_PropertyPlantAndEquipmentNet_683dcad8-78f6-11e1-94fe-25ba39ebf1f4" xlink:type="arc" />
    <loc xlink:href="http://xbrl.fasb.org/us-gaap/2012/elts/us-gaap-2012-01-31.xsd#us-gaap_OtherAssetsNoncurrent" xlink:label="loc_us-gaap_OtherAssetsNoncurrent_62df8554-78f6-11e1-94fe-25ba39ebf1f4" xlink:type="locator" />
    <calculationArc order="5" weight="1" xlink:arcrole="http://www.xbrl.org/2003/arcrole/summation-item" xlink:from="loc_us-gaap_Assets_2c254058-78f6-11e1-94fe-25ba39ebf1f4" xlink:to="loc_us-gaap_OtherAssetsNoncurrent_62df8554-78f6-11e1-94fe-25ba39ebf1f4" xlink:type="arc" />
    <loc xlink:href="http://xbrl.fasb.org/us-gaap/2012/elts/us-gaap-2012-01-31.xsd#us-gaap_Goodwill" xlink:label="loc_us-gaap_Goodwill_567ea9de-78f6-11e1-94fe-25ba39ebf1f4" xlink:type="locator" />
    <calculationArc order="6" weight="1" xlink:arcrole="http://www.xbrl.org/2003/arcrole/summation-item" xlink:from="loc_us-gaap_Assets_2c254058-78f6-11e1-94fe-25ba39ebf1f4" xlink:to="loc_us-gaap_Goodwill_567ea9de-78f6-11e1-94fe-25ba39ebf1f4" xlink:type="arc" />
    <loc xlink:href="http://xbrl.fasb.org/us-gaap/2012/elts/us-gaap-2012-01-31.xsd#us-gaap_LiabilitiesAndStockholdersEquity" xlink:label="loc_us-gaap_LiabilitiesAndStockholdersEquity_5c4fc6ae-78f6-11e1-94fe-25ba39ebf1f4" xlink:type="locator" />
    <loc xlink:href="http://xbrl.fasb.org/us-gaap/2012/elts/us-gaap-2012-01-31.xsd#us-gaap_Liabilities" xlink:label="loc_us-gaap_Liabilities_5c30a2c4-78f6-11e1-94fe-25ba39ebf1f4" xlink:type="locator" />
    <calculationArc order="1" weight="1" xlink:arcrole="http://www.xbrl.org/2003/arcrole/summation-item" xlink:from="loc_us-gaap_LiabilitiesAndStockholdersEquity_5c4fc6ae-78f6-11e1-94fe-25ba39ebf1f4" xlink:to="loc_us-gaap_Liabilities_5c30a2c4-78f6-11e1-94fe-25ba39ebf1f4" xlink:type="arc" />
    <loc xlink:href="http://xbrl.fasb.org/us-gaap/2012/elts/us-gaap-2012-01-31.xsd#us-gaap_LiabilitiesCurrent" xlink:label="loc_us-gaap_LiabilitiesCurrent_5c188d92-78f6-11e1-94fe-25ba39ebf1f4" xlink:type="locator" />
    <calculationArc order="1" weight="1" xlink:arcrole="http://www.xbrl.org/2003/arcrole/summation-item" xlink:from="loc_us-gaap_Liabilities_5c30a2c4-78f6-11e1-94fe-25ba39ebf1f4" xlink:to="loc_us-gaap_LiabilitiesCurrent_5c188d92-78f6-11e1-94fe-25ba39ebf1f4" xlink:type="arc" />
    <loc xlink:href="http://xbrl.fasb.org/us-gaap/2012/elts/us-gaap-2012-01-31.xsd#us-gaap_AccountsPayableCurrent" xlink:label="loc_us-gaap_AccountsPayableCurrent_28d58084-78f6-11e1-94fe-25ba39ebf1f4" xlink:type="locator" />
    <calculationArc order="1" weight="1" xlink:arcrole="http://www.xbrl.org/2003/arcrole/summation-item" xlink:from="loc_us-gaap_LiabilitiesCurrent_5c188d92-78f6-11e1-94fe-25ba39ebf1f4" xlink:to="loc_us-gaap_AccountsPayableCurrent_28d58084-78f6-11e1-94fe-25ba39ebf1f4" xlink:type="arc" />
    <loc xlink:href="http://xbrl.fasb.org/us-gaap/2012/elts/us-gaap-2012-01-31.xsd#us-gaap_AccruedLiabilitiesCurrent" xlink:label="loc_us-gaap_AccruedLiabilitiesCurrent_299992da-78f6-11e1-94fe-25ba39ebf1f4" xlink:type="locator" />
    <calculationArc order="2" weight="1" xlink:arcrole="http://www.xbrl.org/2003/arcrole/summation-item" xlink:from="loc_us-gaap_LiabilitiesCurrent_5c188d92-78f6-11e1-94fe-25ba39ebf1f4" xlink:to="loc_us-gaap_AccruedLiabilitiesCurrent_299992da-78f6-11e1-94fe-25ba39ebf1f4" xlink:type="arc" />
    <loc xlink:href="http://xbrl.fasb.org/us-gaap/2012/elts/us-gaap-2012-01-31.xsd#us-gaap_SelfInsuranceReserveCurrent" xlink:label="loc_us-gaap_SelfInsuranceReserveCurrent_6e531e64-78f6-11e1-94fe-25ba39ebf1f4" xlink:type="locator" />
    <calculationArc order="3" weight="1" xlink:arcrole="http://www.xbrl.org/2003/arcrole/summation-item" xlink:from="loc_us-gaap_LiabilitiesCurrent_5c188d92-78f6-11e1-94fe-25ba39ebf1f4" xlink:to="loc_us-gaap_SelfInsuranceReserveCurrent_6e531e64-78f6-11e1-94fe-25ba39ebf1f4" xlink:type="arc" />
    <loc xlink:href="http://xbrl.fasb.org/us-gaap/2012/elts/us-gaap-2012-01-31.xsd#us-gaap_DeferredRevenueCurrent" xlink:label="loc_us-gaap_DeferredRevenueCurrent_473bd082-78f6-11e1-94fe-25ba39ebf1f4" xlink:type="locator" />
    <calculationArc order="4" weight="1" xlink:arcrole="http://www.xbrl.org/2003/arcrole/summation-item" xlink:from="loc_us-gaap_LiabilitiesCurrent_5c188d92-78f6-11e1-94fe-25ba39ebf1f4" xlink:to="loc_us-gaap_DeferredRevenueCurrent_473bd082-78f6-11e1-94fe-25ba39ebf1f4" xlink:type="arc" />
    <loc xlink:href="http://xbrl.fasb.org/us-gaap/2012/elts/us-gaap-2012-01-31.xsd#us-gaap_OtherLiabilitiesNoncurrent" xlink:label="loc_us-gaap_OtherLiabilitiesNoncurrent_63d8f7d8-78f6-11e1-94fe-25ba39ebf1f4" xlink:type="locator" />
    <calculationArc order="2" weight="1" xlink:arcrole="http://www.xbrl.org/2003/arcrole/summation-item" xlink:from="loc_us-gaap_Liabilities_5c30a2c4-78f6-11e1-94fe-25ba39ebf1f4" xlink:to="loc_us-gaap_OtherLiabilitiesNoncurrent_63d8f7d8-78f6-11e1-94fe-25ba39ebf1f4" xlink:type="arc" />
    <loc xlink:href="http://xbrl.fasb.org/us-gaap/2012/elts/us-gaap-2012-01-31.xsd#us-gaap_LongTermDebtNoncurrent" xlink:label="loc_us-gaap_LongTermDebtNoncurrent_5ea4bd74-78f6-11e1-94fe-25ba39ebf1f4" xlink:type="locator" />
    <calculationArc order="3" weight="1" xlink:arcrole="http://www.xbrl.org/2003/arcrole/summation-item" xlink:from="loc_us-gaap_Liabilities_5c30a2c4-78f6-11e1-94fe-25ba39ebf1f4" xlink:to="loc_us-gaap_LongTermDebtNoncurrent_5ea4bd74-78f6-11e1-94fe-25ba39ebf1f4" xlink:type="arc" />
    <loc xlink:href="http://xbrl.fasb.org/us-gaap/2012/elts/us-gaap-2012-01-31.xsd#us-gaap_StockholdersEquityIncludingPortionAttributableToNoncontrollingInterest" xlink:label="loc_us-gaap_StockholdersEquityIncludingPortionAttributableToNoncontrollingInterest_707fa1ee-78f6-11e1-94fe-25ba39ebf1f4" xlink:type="locator" />
    <calculationArc order="2" weight="1" xlink:arcrole="http://www.xbrl.org/2003/arcrole/summation-item" xlink:from="loc_us-gaap_LiabilitiesAndStockholdersEquity_5c4fc6ae-78f6-11e1-94fe-25ba39ebf1f4" xlink:to="loc_us-gaap_StockholdersEquityIncludingPortionAttributableToNoncontrollingInterest_707fa1ee-78f6-11e1-94fe-25ba39ebf1f4" xlink:type="arc" />
    <loc xlink:href="http://xbrl.fasb.org/us-gaap/2012/elts/us-gaap-2012-01-31.xsd#us-gaap_StockholdersEquity" xlink:label="loc_us-gaap_StockholdersEquity_70895bd0-78f6-11e1-94fe-25ba39ebf1f4" xlink:type="locator" />
    <calculationArc order="1" weight="1" xlink:arcrole="http://www.xbrl.org/2003/arcrole/summation-item" xlink:from="loc_us-gaap_StockholdersEquityIncludingPortionAttributableToNoncontrollingInterest_707fa1ee-78f6-11e1-94fe-25ba39ebf1f4" xlink:to="loc_us-gaap_StockholdersEquity_70895bd0-78f6-11e1-94fe-25ba39ebf1f4" xlink:type="arc" />
    <loc xlink:href="http://xbrl.fasb.org/us-gaap/2012/elts/us-gaap-2012-01-31.xsd#us-gaap_AdditionalPaidInCapitalCommonStock" xlink:label="loc_us-gaap_AdditionalPaidInCapitalCommonStock_29c8cba4-78f6-11e1-94fe-25ba39ebf1f4" xlink:type="locator" />
    <calculationArc order="1" weight="1" xlink:arcrole="http://www.xbrl.org/2003/arcrole/summation-item" xlink:from="loc_us-gaap_StockholdersEquity_70895bd0-78f6-11e1-94fe-25ba39ebf1f4" xlink:to="loc_us-gaap_AdditionalPaidInCapitalCommonStock_29c8cba4-78f6-11e1-94fe-25ba39ebf1f4" xlink:type="arc" />
    <loc xlink:href="http://xbrl.fasb.org/us-gaap/2012/elts/us-gaap-2012-01-31.xsd#us-gaap_RetainedEarningsAccumulatedDeficit" xlink:label="loc_us-gaap_RetainedEarningsAccumulatedDeficit_6b785646-78f6-11e1-94fe-25ba39ebf1f4" xlink:type="locator" />
    <calculationArc order="2" weight="1" xlink:arcrole="http://www.xbrl.org/2003/arcrole/summation-item" xlink:from="loc_us-gaap_StockholdersEquity_70895bd0-78f6-11e1-94fe-25ba39ebf1f4" xlink:to="loc_us-gaap_RetainedEarningsAccumulatedDeficit_6b785646-78f6-11e1-94fe-25ba39ebf1f4" xlink:type="arc" />
    <loc xlink:href="http://xbrl.fasb.org/us-gaap/2012/elts/us-gaap-2012-01-31.xsd#us-gaap_CommonStockValue" xlink:label="loc_us-gaap_CommonStockValue_34ddf442-78f6-11e1-94fe-25ba39ebf1f4" xlink:type="locator" />
    <calculationArc order="3" weight="1" xlink:arcrole="http://www.xbrl.org/2003/arcrole/summation-item" xlink:from="loc_us-gaap_StockholdersEquity_70895bd0-78f6-11e1-94fe-25ba39ebf1f4" xlink:to="loc_us-gaap_CommonStockValue_34ddf442-78f6-11e1-94fe-25ba39ebf1f4" xlink:type="arc" />
    <loc xlink:href="http://xbrl.fasb.org/us-gaap/2012/elts/us-gaap-2012-01-31.xsd#us-gaap_AccumulatedOtherComprehensiveIncomeLossNetOfTax" xlink:label="loc_us-gaap_AccumulatedOtherComprehensiveIncomeLossNetOfTax_29c0ce5e-78f6-11e1-94fe-25ba39ebf1f4" xlink:type="locator" />
    <calculationArc order="4" weight="1" xlink:arcrole="http://www.xbrl.org/2003/arcrole/summation-item" xlink:from="loc_us-gaap_StockholdersEquity_70895bd0-78f6-11e1-94fe-25ba39ebf1f4" xlink:to="loc_us-gaap_AccumulatedOtherComprehensiveIncomeLossNetOfTax_29c0ce5e-78f6-11e1-94fe-25ba39ebf1f4" xlink:type="arc" />
    <loc xlink:href="http://xbrl.fasb.org/us-gaap/2012/elts/us-gaap-2012-01-31.xsd#us-gaap_MinorityInterest" xlink:label="loc_us-gaap_MinorityInterest_6028e7d8-78f6-11e1-94fe-25ba39ebf1f4" xlink:type="locator" />
    <calculationArc order="2" weight="1" xlink:arcrole="http://www.xbrl.org/2003/arcrole/summation-item" xlink:from="loc_us-gaap_StockholdersEquityIncludingPortionAttributableToNoncontrollingInterest_707fa1ee-78f6-11e1-94fe-25ba39ebf1f4" xlink:to="loc_us-gaap_MinorityInterest_6028e7d8-78f6-11e1-94fe-25ba39ebf1f4" xlink:type="arc" />
  </calculationLink>
  <calculationLink xlink:role="http://www.starbucks.com/role/CondensedConsolidatedBalanceSheetsParenthetical" xlink:type="extended" />
  <calculationLink xlink:role="http://www.starbucks.com/role/CondensedConsolidatedStatementsOfCashFlows" xlink:type="extended">
    <loc xlink:href="http://xbrl.fasb.org/us-gaap/2012/elts/us-gaap-2012-01-31.xsd#us-gaap_CashAndCashEquivalentsPeriodIncreaseDecrease" xlink:label="loc_us-gaap_CashAndCashEquivalentsPeriodIncreaseDecrease_31a4213e-78f6-11e1-94fe-25ba39ebf1f4" xlink:type="locator" />
    <loc xlink:href="http://xbrl.fasb.org/us-gaap/2012/elts/us-gaap-2012-01-31.xsd#us-gaap_NetCashProvidedByUsedInOperatingActivities" xlink:label="loc_us-gaap_NetCashProvidedByUsedInOperatingActivities_611fd732-78f6-11e1-94fe-25ba39ebf1f4" xlink:type="locator" />
    <calculationArc order="1" weight="1" xlink:arcrole="http://www.xbrl.org/2003/arcrole/summation-item" xlink:from="loc_us-gaap_CashAndCashEquivalentsPeriodIncreaseDecrease_31a4213e-78f6-11e1-94fe-25ba39ebf1f4" xlink:to="loc_us-gaap_NetCashProvidedByUsedInOperatingActivities_611fd732-78f6-11e1-94fe-25ba39ebf1f4" xlink:type="arc" />
    <loc xlink:href="http://xbrl.fasb.org/us-gaap/2012/elts/us-gaap-2012-01-31.xsd#us-gaap_DepreciationDepletionAndAmortization" xlink:label="loc_us-gaap_DepreciationDepletionAndAmortization_48ae4c92-78f6-11e1-94fe-25ba39ebf1f4" xlink:type="locator" />
    <calculationArc order="1" weight="1" xlink:arcrole="http://www.xbrl.org/2003/arcrole/summation-item" xlink:from="loc_us-gaap_NetCashProvidedByUsedInOperatingActivities_611fd732-78f6-11e1-94fe-25ba39ebf1f4" xlink:to="loc_us-gaap_DepreciationDepletionAndAmortization_48ae4c92-78f6-11e1-94fe-25ba39ebf1f4" xlink:type="arc" />
    <loc xlink:href="http://xbrl.fasb.org/us-gaap/2012/elts/us-gaap-2012-01-31.xsd#us-gaap_DeferredIncomeTaxExpenseBenefit" xlink:label="loc_us-gaap_DeferredIncomeTaxExpenseBenefit_472866e6-78f6-11e1-94fe-25ba39ebf1f4" xlink:type="locator" />
    <calculationArc order="2" weight="1" xlink:arcrole="http://www.xbrl.org/2003/arcrole/summation-item" xlink:from="loc_us-gaap_NetCashProvidedByUsedInOperatingActivities_611fd732-78f6-11e1-94fe-25ba39ebf1f4" xlink:to="loc_us-gaap_DeferredIncomeTaxExpenseBenefit_472866e6-78f6-11e1-94fe-25ba39ebf1f4" xlink:type="arc" />
    <loc xlink:href="http://xbrl.fasb.org/us-gaap/2012/elts/us-gaap-2012-01-31.xsd#us-gaap_ShareBasedCompensation" xlink:label="loc_us-gaap_ShareBasedCompensation_6ec09264-78f6-11e1-94fe-25ba39ebf1f4" xlink:type="locator" />
    <calculationArc order="3" weight="1" xlink:arcrole="http://www.xbrl.org/2003/arcrole/summation-item" xlink:from="loc_us-gaap_NetCashProvidedByUsedInOperatingActivities_611fd732-78f6-11e1-94fe-25ba39ebf1f4" xlink:to="loc_us-gaap_ShareBasedCompensation_6ec09264-78f6-11e1-94fe-25ba39ebf1f4" xlink:type="arc" />
    <loc xlink:href="http://xbrl.fasb.org/us-gaap/2012/elts/us-gaap-2012-01-31.xsd#us-gaap_OtherNoncashIncomeExpense" xlink:label="loc_us-gaap_OtherNoncashIncomeExpense_62b35f06-78f6-11e1-94fe-25ba39ebf1f4" xlink:type="locator" />
    <calculationArc order="4" weight="-1" xlink:arcrole="http://www.xbrl.org/2003/arcrole/summation-item" xlink:from="loc_us-gaap_NetCashProvidedByUsedInOperatingActivities_611fd732-78f6-11e1-94fe-25ba39ebf1f4" xlink:to="loc_us-gaap_OtherNoncashIncomeExpense_62b35f06-78f6-11e1-94fe-25ba39ebf1f4" xlink:type="arc" />
    <loc xlink:href="http://xbrl.fasb.org/us-gaap/2012/elts/us-gaap-2012-01-31.xsd#us-gaap_IncreaseDecreaseInInventories" xlink:label="loc_us-gaap_IncreaseDecreaseInInventories_5962f3b2-78f6-11e1-94fe-25ba39ebf1f4" xlink:type="locator" />
    <calculationArc order="5" weight="-1" xlink:arcrole="http://www.xbrl.org/2003/arcrole/summation-item" xlink:from="loc_us-gaap_NetCashProvidedByUsedInOperatingActivities_611fd732-78f6-11e1-94fe-25ba39ebf1f4" xlink:to="loc_us-gaap_IncreaseDecreaseInInventories_5962f3b2-78f6-11e1-94fe-25ba39ebf1f4" xlink:type="arc" />
    <loc xlink:href="http://xbrl.fasb.org/us-gaap/2012/elts/us-gaap-2012-01-31.xsd#us-gaap_IncreaseDecreaseInAccountsPayable" xlink:label="loc_us-gaap_IncreaseDecreaseInAccountsPayable_58a5226a-78f6-11e1-94fe-25ba39ebf1f4" xlink:type="locator" />
    <calculationArc order="6" weight="1" xlink:arcrole="http://www.xbrl.org/2003/arcrole/summation-item" xlink:from="loc_us-gaap_NetCashProvidedByUsedInOperatingActivities_611fd732-78f6-11e1-94fe-25ba39ebf1f4" xlink:to="loc_us-gaap_IncreaseDecreaseInAccountsPayable_58a5226a-78f6-11e1-94fe-25ba39ebf1f4" xlink:type="arc" />
    <loc xlink:href="http://xbrl.fasb.org/us-gaap/2012/elts/us-gaap-2012-01-31.xsd#us-gaap_IncreaseDecreaseInDeferredRevenue" xlink:label="loc_us-gaap_IncreaseDecreaseInDeferredRevenue_58e591d8-78f6-11e1-94fe-25ba39ebf1f4" xlink:type="locator" />
    <calculationArc order="7" weight="1" xlink:arcrole="http://www.xbrl.org/2003/arcrole/summation-item" xlink:from="loc_us-gaap_NetCashProvidedByUsedInOperatingActivities_611fd732-78f6-11e1-94fe-25ba39ebf1f4" xlink:to="loc_us-gaap_IncreaseDecreaseInDeferredRevenue_58e591d8-78f6-11e1-94fe-25ba39ebf1f4" xlink:type="arc" />
    <loc xlink:href="http://xbrl.fasb.org/us-gaap/2012/elts/us-gaap-2012-01-31.xsd#us-gaap_ProfitLoss" xlink:label="loc_us-gaap_ProfitLoss_6800a176-78f6-11e1-94fe-25ba39ebf1f4" xlink:type="locator" />
    <calculationArc order="8" weight="1" xlink:arcrole="http://www.xbrl.org/2003/arcrole/summation-item" xlink:from="loc_us-gaap_NetCashProvidedByUsedInOperatingActivities_611fd732-78f6-11e1-94fe-25ba39ebf1f4" xlink:to="loc_us-gaap_ProfitLoss_6800a176-78f6-11e1-94fe-25ba39ebf1f4" xlink:type="arc" />
    <loc xlink:href="http://xbrl.fasb.org/us-gaap/2012/elts/us-gaap-2012-01-31.xsd#us-gaap_IncomeLossFromEquityMethodInvestmentsNetOfDividendsOrDistributions" xlink:label="loc_us-gaap_IncomeLossFromEquityMethodInvestmentsNetOfDividendsOrDistributions_57f57f0e-78f6-11e1-94fe-25ba39ebf1f4" xlink:type="locator" />
    <calculationArc order="9" weight="-1" xlink:arcrole="http://www.xbrl.org/2003/arcrole/summation-item" xlink:from="loc_us-gaap_NetCashProvidedByUsedInOperatingActivities_611fd732-78f6-11e1-94fe-25ba39ebf1f4" xlink:to="loc_us-gaap_IncomeLossFromEquityMethodInvestmentsNetOfDividendsOrDistributions_57f57f0e-78f6-11e1-94fe-25ba39ebf1f4" xlink:type="arc" />
    <loc xlink:href="http://xbrl.fasb.org/us-gaap/2012/elts/us-gaap-2012-01-31.xsd#us-gaap_IncreaseDecreaseInAccruedLiabilities" xlink:label="loc_us-gaap_IncreaseDecreaseInAccruedLiabilities_58c61cea-78f6-11e1-94fe-25ba39ebf1f4" xlink:type="locator" />
    <calculationArc order="10" weight="1" xlink:arcrole="http://www.xbrl.org/2003/arcrole/summation-item" xlink:from="loc_us-gaap_NetCashProvidedByUsedInOperatingActivities_611fd732-78f6-11e1-94fe-25ba39ebf1f4" xlink:to="loc_us-gaap_IncreaseDecreaseInAccruedLiabilities_58c61cea-78f6-11e1-94fe-25ba39ebf1f4" xlink:type="arc" />
    <loc xlink:href="http://xbrl.fasb.org/us-gaap/2012/elts/us-gaap-2012-01-31.xsd#us-gaap_IncreaseDecreaseInPrepaidDeferredExpenseAndOtherAssets" xlink:label="loc_us-gaap_IncreaseDecreaseInPrepaidDeferredExpenseAndOtherAssets_595df15a-78f6-11e1-94fe-25ba39ebf1f4" xlink:type="locator" />
    <calculationArc order="11" weight="-1" xlink:arcrole="http://www.xbrl.org/2003/arcrole/summation-item" xlink:from="loc_us-gaap_NetCashProvidedByUsedInOperatingActivities_611fd732-78f6-11e1-94fe-25ba39ebf1f4" xlink:to="loc_us-gaap_IncreaseDecreaseInPrepaidDeferredExpenseAndOtherAssets_595df15a-78f6-11e1-94fe-25ba39ebf1f4" xlink:type="arc" />
    <loc xlink:href="http://xbrl.fasb.org/us-gaap/2012/elts/us-gaap-2012-01-31.xsd#us-gaap_NetCashProvidedByUsedInInvestingActivities" xlink:label="loc_us-gaap_NetCashProvidedByUsedInInvestingActivities_60ef698a-78f6-11e1-94fe-25ba39ebf1f4" xlink:type="locator" />
    <calculationArc order="2" weight="1" xlink:arcrole="http://www.xbrl.org/2003/arcrole/summation-item" xlink:from="loc_us-gaap_CashAndCashEquivalentsPeriodIncreaseDecrease_31a4213e-78f6-11e1-94fe-25ba39ebf1f4" xlink:to="loc_us-gaap_NetCashProvidedByUsedInInvestingActivities_60ef698a-78f6-11e1-94fe-25ba39ebf1f4" xlink:type="arc" />
    <loc xlink:href="http://xbrl.fasb.org/us-gaap/2012/elts/us-gaap-2012-01-31.xsd#us-gaap_PaymentsToAcquireBusinessesNetOfCashAcquired" xlink:label="loc_us-gaap_PaymentsToAcquireBusinessesNetOfCashAcquired_6544a1b2-78f6-11e1-94fe-25ba39ebf1f4" xlink:type="locator" />
    <calculationArc order="1" weight="-1" xlink:arcrole="http://www.xbrl.org/2003/arcrole/summation-item" xlink:from="loc_us-gaap_NetCashProvidedByUsedInInvestingActivities_60ef698a-78f6-11e1-94fe-25ba39ebf1f4" xlink:to="loc_us-gaap_PaymentsToAcquireBusinessesNetOfCashAcquired_6544a1b2-78f6-11e1-94fe-25ba39ebf1f4" xlink:type="arc" />
    <loc xlink:href="http://xbrl.fasb.org/us-gaap/2012/elts/us-gaap-2012-01-31.xsd#us-gaap_PaymentsToAcquirePropertyPlantAndEquipment" xlink:label="loc_us-gaap_PaymentsToAcquirePropertyPlantAndEquipment_651f66f4-78f6-11e1-94fe-25ba39ebf1f4" xlink:type="locator" />
    <calculationArc order="2" weight="-1" xlink:arcrole="http://www.xbrl.org/2003/arcrole/summation-item" xlink:from="loc_us-gaap_NetCashProvidedByUsedInInvestingActivities_60ef698a-78f6-11e1-94fe-25ba39ebf1f4" xlink:to="loc_us-gaap_PaymentsToAcquirePropertyPlantAndEquipment_651f66f4-78f6-11e1-94fe-25ba39ebf1f4" xlink:type="arc" />
    <loc xlink:href="http://xbrl.fasb.org/us-gaap/2012/elts/us-gaap-2012-01-31.xsd#us-gaap_PaymentsForProceedsFromOtherInvestingActivities" xlink:label="loc_us-gaap_PaymentsForProceedsFromOtherInvestingActivities_64c6dc96-78f6-11e1-94fe-25ba39ebf1f4" xlink:type="locator" />
    <calculationArc order="3" weight="-1" xlink:arcrole="http://www.xbrl.org/2003/arcrole/summation-item" xlink:from="loc_us-gaap_NetCashProvidedByUsedInInvestingActivities_60ef698a-78f6-11e1-94fe-25ba39ebf1f4" xlink:to="loc_us-gaap_PaymentsForProceedsFromOtherInvestingActivities_64c6dc96-78f6-11e1-94fe-25ba39ebf1f4" xlink:type="arc" />
    <loc xlink:href="http://xbrl.fasb.org/us-gaap/2012/elts/us-gaap-2012-01-31.xsd#us-gaap_PaymentsToAcquireInvestments" xlink:label="loc_us-gaap_PaymentsToAcquireInvestments_65356968-78f6-11e1-94fe-25ba39ebf1f4" xlink:type="locator" />
    <calculationArc order="4" weight="-1" xlink:arcrole="http://www.xbrl.org/2003/arcrole/summation-item" xlink:from="loc_us-gaap_NetCashProvidedByUsedInInvestingActivities_60ef698a-78f6-11e1-94fe-25ba39ebf1f4" xlink:to="loc_us-gaap_PaymentsToAcquireInvestments_65356968-78f6-11e1-94fe-25ba39ebf1f4" xlink:type="arc" />
    <loc xlink:href="http://xbrl.fasb.org/us-gaap/2012/elts/us-gaap-2012-01-31.xsd#us-gaap_ProceedsFromSaleMaturityAndCollectionsOfInvestments" xlink:label="loc_us-gaap_ProceedsFromSaleMaturityAndCollectionsOfInvestments_677b48dc-78f6-11e1-94fe-25ba39ebf1f4" xlink:type="locator" />
    <calculationArc order="5" weight="1" xlink:arcrole="http://www.xbrl.org/2003/arcrole/summation-item" xlink:from="loc_us-gaap_NetCashProvidedByUsedInInvestingActivities_60ef698a-78f6-11e1-94fe-25ba39ebf1f4" xlink:to="loc_us-gaap_ProceedsFromSaleMaturityAndCollectionsOfInvestments_677b48dc-78f6-11e1-94fe-25ba39ebf1f4" xlink:type="arc" />
    <loc xlink:href="http://xbrl.fasb.org/us-gaap/2012/elts/us-gaap-2012-01-31.xsd#us-gaap_NetCashProvidedByUsedInFinancingActivities" xlink:label="loc_us-gaap_NetCashProvidedByUsedInFinancingActivities_60f52a96-78f6-11e1-94fe-25ba39ebf1f4" xlink:type="locator" />
    <calculationArc order="3" weight="1" xlink:arcrole="http://www.xbrl.org/2003/arcrole/summation-item" xlink:from="loc_us-gaap_CashAndCashEquivalentsPeriodIncreaseDecrease_31a4213e-78f6-11e1-94fe-25ba39ebf1f4" xlink:to="loc_us-gaap_NetCashProvidedByUsedInFinancingActivities_60f52a96-78f6-11e1-94fe-25ba39ebf1f4" xlink:type="arc" />
    <loc xlink:href="sbux-20121230.xsd#sbux_ProceedsFromIssuanceOfCommonStockFromEsppAndStockOptionExercises" xlink:label="loc_sbux_ProceedsFromIssuanceOfCommonStockFromEsppAndStockOptionExercises_a641a3b8-a5ba-11e1-ba93-1231380dc193" xlink:type="locator" />
    <calculationArc order="1" weight="1" xlink:arcrole="http://www.xbrl.org/2003/arcrole/summation-item" xlink:from="loc_us-gaap_NetCashProvidedByUsedInFinancingActivities_60f52a96-78f6-11e1-94fe-25ba39ebf1f4" xlink:to="loc_sbux_ProceedsFromIssuanceOfCommonStockFromEsppAndStockOptionExercises_a641a3b8-a5ba-11e1-ba93-1231380dc193" xlink:type="arc" />
    <loc xlink:href="http://xbrl.fasb.org/us-gaap/2012/elts/us-gaap-2012-01-31.xsd#us-gaap_ExcessTaxBenefitFromShareBasedCompensationFinancingActivities" xlink:label="loc_us-gaap_ExcessTaxBenefitFromShareBasedCompensationFinancingActivities_4f6b30fe-78f6-11e1-94fe-25ba39ebf1f4" xlink:type="locator" />
    <calculationArc order="2" weight="1" xlink:arcrole="http://www.xbrl.org/2003/arcrole/summation-item" xlink:from="loc_us-gaap_NetCashProvidedByUsedInFinancingActivities_60f52a96-78f6-11e1-94fe-25ba39ebf1f4" xlink:to="loc_us-gaap_ExcessTaxBenefitFromShareBasedCompensationFinancingActivities_4f6b30fe-78f6-11e1-94fe-25ba39ebf1f4" xlink:type="arc" />
    <loc xlink:href="http://xbrl.fasb.org/us-gaap/2012/elts/us-gaap-2012-01-31.xsd#us-gaap_PaymentsOfDividends" xlink:label="loc_us-gaap_PaymentsOfDividends_65170d60-78f6-11e1-94fe-25ba39ebf1f4" xlink:type="locator" />
    <calculationArc order="3" weight="-1" xlink:arcrole="http://www.xbrl.org/2003/arcrole/summation-item" xlink:from="loc_us-gaap_NetCashProvidedByUsedInFinancingActivities_60f52a96-78f6-11e1-94fe-25ba39ebf1f4" xlink:to="loc_us-gaap_PaymentsOfDividends_65170d60-78f6-11e1-94fe-25ba39ebf1f4" xlink:type="arc" />
    <loc xlink:href="http://xbrl.fasb.org/us-gaap/2012/elts/us-gaap-2012-01-31.xsd#us-gaap_PaymentsForRepurchaseOfCommonStock" xlink:label="loc_us-gaap_PaymentsForRepurchaseOfCommonStock_651668c4-78f6-11e1-94fe-25ba39ebf1f4" xlink:type="locator" />
    <calculationArc order="4" weight="-1" xlink:arcrole="http://www.xbrl.org/2003/arcrole/summation-item" xlink:from="loc_us-gaap_NetCashProvidedByUsedInFinancingActivities_60f52a96-78f6-11e1-94fe-25ba39ebf1f4" xlink:to="loc_us-gaap_PaymentsForRepurchaseOfCommonStock_651668c4-78f6-11e1-94fe-25ba39ebf1f4" xlink:type="arc" />
    <loc xlink:href="http://xbrl.fasb.org/us-gaap/2012/elts/us-gaap-2012-01-31.xsd#us-gaap_PaymentsRelatedToTaxWithholdingForShareBasedCompensation" xlink:label="loc_us-gaap_PaymentsRelatedToTaxWithholdingForShareBasedCompensation_64c9d4d2-78f6-11e1-94fe-25ba39ebf1f4" xlink:type="locator" />
    <calculationArc order="5" weight="-1" xlink:arcrole="http://www.xbrl.org/2003/arcrole/summation-item" xlink:from="loc_us-gaap_NetCashProvidedByUsedInFinancingActivities_60f52a96-78f6-11e1-94fe-25ba39ebf1f4" xlink:to="loc_us-gaap_PaymentsRelatedToTaxWithholdingForShareBasedCompensation_64c9d4d2-78f6-11e1-94fe-25ba39ebf1f4" xlink:type="arc" />
    <loc xlink:href="http://xbrl.fasb.org/us-gaap/2012/elts/us-gaap-2012-01-31.xsd#us-gaap_ProceedsFromPaymentsForOtherFinancingActivities" xlink:label="loc_us-gaap_ProceedsFromPaymentsForOtherFinancingActivities_67091b4a-78f6-11e1-94fe-25ba39ebf1f4" xlink:type="locator" />
    <calculationArc order="6" weight="1" xlink:arcrole="http://www.xbrl.org/2003/arcrole/summation-item" xlink:from="loc_us-gaap_NetCashProvidedByUsedInFinancingActivities_60f52a96-78f6-11e1-94fe-25ba39ebf1f4" xlink:to="loc_us-gaap_ProceedsFromPaymentsForOtherFinancingActivities_67091b4a-78f6-11e1-94fe-25ba39ebf1f4" xlink:type="arc" />
    <loc xlink:href="http://xbrl.fasb.org/us-gaap/2012/elts/us-gaap-2012-01-31.xsd#us-gaap_PaymentsToAcquireAdditionalInterestInSubsidiaries" xlink:label="loc_us-gaap_PaymentsToAcquireAdditionalInterestInSubsidiaries_65610226-78f6-11e1-94fe-25ba39ebf1f4" xlink:type="locator" />
    <calculationArc order="7" weight="-1" xlink:arcrole="http://www.xbrl.org/2003/arcrole/summation-item" xlink:from="loc_us-gaap_NetCashProvidedByUsedInFinancingActivities_60f52a96-78f6-11e1-94fe-25ba39ebf1f4" xlink:to="loc_us-gaap_PaymentsToAcquireAdditionalInterestInSubsidiaries_65610226-78f6-11e1-94fe-25ba39ebf1f4" xlink:type="arc" />
    <loc xlink:href="http://xbrl.fasb.org/us-gaap/2012/elts/us-gaap-2012-01-31.xsd#us-gaap_EffectOfExchangeRateOnCashAndCashEquivalents" xlink:label="loc_us-gaap_EffectOfExchangeRateOnCashAndCashEquivalents_4dd8ac80-78f6-11e1-94fe-25ba39ebf1f4" xlink:type="locator" />
    <calculationArc order="4" weight="1" xlink:arcrole="http://www.xbrl.org/2003/arcrole/summation-item" xlink:from="loc_us-gaap_CashAndCashEquivalentsPeriodIncreaseDecrease_31a4213e-78f6-11e1-94fe-25ba39ebf1f4" xlink:to="loc_us-gaap_EffectOfExchangeRateOnCashAndCashEquivalents_4dd8ac80-78f6-11e1-94fe-25ba39ebf1f4" xlink:type="arc" />
  </calculationLink>
  <calculationLink xlink:role="http://www.starbucks.com/role/CondensedConsolidatedStatementsOfComprehensiveIncome" xlink:type="extended">
    <loc xlink:href="http://xbrl.fasb.org/us-gaap/2012/elts/us-gaap-2012-01-31.xsd#us-gaap_ComprehensiveIncomeNetOfTax" xlink:label="loc_us-gaap_ComprehensiveIncomeNetOfTax_38f2d2fa-78f6-11e1-94fe-25ba39ebf1f4" xlink:type="locator" />
    <loc xlink:href="http://xbrl.fasb.org/us-gaap/2012/elts/us-gaap-2012-01-31.xsd#us-gaap_ComprehensiveIncomeNetOfTaxIncludingPortionAttributableToNoncontrollingInterest" xlink:label="loc_us-gaap_ComprehensiveIncomeNetOfTaxIncludingPortionAttributableToNoncontrollingInterest_39314da0-78f6-11e1-94fe-25ba39ebf1f4" xlink:type="locator" />
    <calculationArc order="1" weight="1" xlink:arcrole="http://www.xbrl.org/2003/arcrole/summation-item" xlink:from="loc_us-gaap_ComprehensiveIncomeNetOfTax_38f2d2fa-78f6-11e1-94fe-25ba39ebf1f4" xlink:to="loc_us-gaap_ComprehensiveIncomeNetOfTaxIncludingPortionAttributableToNoncontrollingInterest_39314da0-78f6-11e1-94fe-25ba39ebf1f4" xlink:type="arc" />
    <loc xlink:href="http://xbrl.fasb.org/us-gaap/2012/elts/us-gaap-2012-01-31.xsd#us-gaap_ProfitLoss" xlink:label="loc_us-gaap_ProfitLoss_6800a176-78f6-11e1-94fe-25ba39ebf1f4" xlink:type="locator" />
    <calculationArc order="1" weight="1" xlink:arcrole="http://www.xbrl.org/2003/arcrole/summation-item" xlink:from="loc_us-gaap_ComprehensiveIncomeNetOfTaxIncludingPortionAttributableToNoncontrollingInterest_39314da0-78f6-11e1-94fe-25ba39ebf1f4" xlink:to="loc_us-gaap_ProfitLoss_6800a176-78f6-11e1-94fe-25ba39ebf1f4" xlink:type="arc" />
    <loc xlink:href="http://xbrl.fasb.org/us-gaap/2012/elts/us-gaap-2012-01-31.xsd#us-gaap_OtherComprehensiveIncomeLossNetOfTax" xlink:label="loc_us-gaap_OtherComprehensiveIncomeLossNetOfTax_629be1be-78f6-11e1-94fe-25ba39ebf1f4" xlink:type="locator" />
    <calculationArc order="2" weight="1" xlink:arcrole="http://www.xbrl.org/2003/arcrole/summation-item" xlink:from="loc_us-gaap_ComprehensiveIncomeNetOfTaxIncludingPortionAttributableToNoncontrollingInterest_39314da0-78f6-11e1-94fe-25ba39ebf1f4" xlink:to="loc_us-gaap_OtherComprehensiveIncomeLossNetOfTax_629be1be-78f6-11e1-94fe-25ba39ebf1f4" xlink:type="arc" />
    <loc xlink:href="sbux-20121230.xsd#sbux_OtherComprehensiveIncomeLossUnrealizedGainLossOnSecuritiesAndDerivativesArisingDuringPeriodNetOfTax" xlink:label="loc_sbux_OtherComprehensiveIncomeLossUnrealizedGainLossOnSecuritiesAndDerivativesArisingDuringPeriodNetOfTax_bf353350-6809-11e2-9cb6-12313d1f36c6" xlink:type="locator" />
    <calculationArc order="1" weight="1" xlink:arcrole="http://www.xbrl.org/2003/arcrole/summation-item" xlink:from="loc_us-gaap_OtherComprehensiveIncomeLossNetOfTax_629be1be-78f6-11e1-94fe-25ba39ebf1f4" xlink:to="loc_sbux_OtherComprehensiveIncomeLossUnrealizedGainLossOnSecuritiesAndDerivativesArisingDuringPeriodNetOfTax_bf353350-6809-11e2-9cb6-12313d1f36c6" xlink:type="arc" />
    <loc xlink:href="http://xbrl.fasb.org/us-gaap/2012/elts/us-gaap-2012-01-31.xsd#us-gaap_OtherComprehensiveIncomeLossReclassificationAdjustmentOnDerivativesIncludedInNetIncomeNetOfTax" xlink:label="loc_us-gaap_OtherComprehensiveIncomeLossReclassificationAdjustmentOnDerivativesIncludedInNetIncomeNetOfTax_62ed44c8-78f6-11e1-94fe-25ba39ebf1f4" xlink:type="locator" />
    <calculationArc order="2" weight="1" xlink:arcrole="http://www.xbrl.org/2003/arcrole/summation-item" xlink:from="loc_us-gaap_OtherComprehensiveIncomeLossNetOfTax_629be1be-78f6-11e1-94fe-25ba39ebf1f4" xlink:to="loc_us-gaap_OtherComprehensiveIncomeLossReclassificationAdjustmentOnDerivativesIncludedInNetIncomeNetOfTax_62ed44c8-78f6-11e1-94fe-25ba39ebf1f4" xlink:type="arc" />
    <loc xlink:href="http://xbrl.fasb.org/us-gaap/2012/elts/us-gaap-2012-01-31.xsd#us-gaap_OtherComprehensiveIncomeForeignCurrencyTransactionAndTranslationGainLossArisingDuringPeriodNetOfTax" xlink:label="loc_us-gaap_OtherComprehensiveIncomeForeignCurrencyTransactionAndTranslationGainLossArisingDuringPeriodNetOfTax_6390c56c-78f6-11e1-94fe-25ba39ebf1f4" xlink:type="locator" />
    <calculationArc order="3" weight="1" xlink:arcrole="http://www.xbrl.org/2003/arcrole/summation-item" xlink:from="loc_us-gaap_OtherComprehensiveIncomeLossNetOfTax_629be1be-78f6-11e1-94fe-25ba39ebf1f4" xlink:to="loc_us-gaap_OtherComprehensiveIncomeForeignCurrencyTransactionAndTranslationGainLossArisingDuringPeriodNetOfTax_6390c56c-78f6-11e1-94fe-25ba39ebf1f4" xlink:type="arc" />
    <loc xlink:href="http://xbrl.fasb.org/us-gaap/2012/elts/us-gaap-2012-01-31.xsd#us-gaap_ComprehensiveIncomeNetOfTaxAttributableToNoncontrollingInterest" xlink:label="loc_us-gaap_ComprehensiveIncomeNetOfTaxAttributableToNoncontrollingInterest_38f32f48-78f6-11e1-94fe-25ba39ebf1f4" xlink:type="locator" />
    <calculationArc order="2" weight="-1" xlink:arcrole="http://www.xbrl.org/2003/arcrole/summation-item" xlink:from="loc_us-gaap_ComprehensiveIncomeNetOfTax_38f2d2fa-78f6-11e1-94fe-25ba39ebf1f4" xlink:to="loc_us-gaap_ComprehensiveIncomeNetOfTaxAttributableToNoncontrollingInterest_38f32f48-78f6-11e1-94fe-25ba39ebf1f4" xlink:type="arc" />
  </calculationLink>
  <calculationLink xlink:role="http://www.starbucks.com/role/CondensedConsolidatedStatementsOfEarnings" xlink:type="extended">
    <loc xlink:href="http://xbrl.fasb.org/us-gaap/2012/elts/us-gaap-2012-01-31.xsd#us-gaap_NetIncomeLoss" xlink:label="loc_us-gaap_NetIncomeLoss_611bec6c-78f6-11e1-94fe-25ba39ebf1f4" xlink:type="locator" />
    <loc xlink:href="http://xbrl.fasb.org/us-gaap/2012/elts/us-gaap-2012-01-31.xsd#us-gaap_NetIncomeLossAttributableToNoncontrollingInterest" xlink:label="loc_us-gaap_NetIncomeLossAttributableToNoncontrollingInterest_61218b04-78f6-11e1-94fe-25ba39ebf1f4" xlink:type="locator" />
    <calculationArc order="1" weight="-1" xlink:arcrole="http://www.xbrl.org/2003/arcrole/summation-item" xlink:from="loc_us-gaap_NetIncomeLoss_611bec6c-78f6-11e1-94fe-25ba39ebf1f4" xlink:to="loc_us-gaap_NetIncomeLossAttributableToNoncontrollingInterest_61218b04-78f6-11e1-94fe-25ba39ebf1f4" xlink:type="arc" />
    <loc xlink:href="http://xbrl.fasb.org/us-gaap/2012/elts/us-gaap-2012-01-31.xsd#us-gaap_ProfitLoss" xlink:label="loc_us-gaap_ProfitLoss_6800a176-78f6-11e1-94fe-25ba39ebf1f4" xlink:type="locator" />
    <calculationArc order="2" weight="1" xlink:arcrole="http://www.xbrl.org/2003/arcrole/summation-item" xlink:from="loc_us-gaap_NetIncomeLoss_611bec6c-78f6-11e1-94fe-25ba39ebf1f4" xlink:to="loc_us-gaap_ProfitLoss_6800a176-78f6-11e1-94fe-25ba39ebf1f4" xlink:type="arc" />
    <loc xlink:href="http://xbrl.fasb.org/us-gaap/2012/elts/us-gaap-2012-01-31.xsd#us-gaap_IncomeLossFromContinuingOperationsBeforeIncomeTaxesExtraordinaryItemsNoncontrollingInterest" xlink:label="loc_us-gaap_IncomeLossFromContinuingOperationsBeforeIncomeTaxesExtraordinaryItemsNoncontrollingInterest_57e107d6-78f6-11e1-94fe-25ba39ebf1f4" xlink:type="locator" />
    <calculationArc order="1" weight="1" xlink:arcrole="http://www.xbrl.org/2003/arcrole/summation-item" xlink:from="loc_us-gaap_ProfitLoss_6800a176-78f6-11e1-94fe-25ba39ebf1f4" xlink:to="loc_us-gaap_IncomeLossFromContinuingOperationsBeforeIncomeTaxesExtraordinaryItemsNoncontrollingInterest_57e107d6-78f6-11e1-94fe-25ba39ebf1f4" xlink:type="arc" />
    <loc xlink:href="http://xbrl.fasb.org/us-gaap/2012/elts/us-gaap-2012-01-31.xsd#us-gaap_OperatingIncomeLoss" xlink:label="loc_us-gaap_OperatingIncomeLoss_624609ec-78f6-11e1-94fe-25ba39ebf1f4" xlink:type="locator" />
    <calculationArc order="1" weight="1" xlink:arcrole="http://www.xbrl.org/2003/arcrole/summation-item" xlink:from="loc_us-gaap_IncomeLossFromContinuingOperationsBeforeIncomeTaxesExtraordinaryItemsNoncontrollingInterest_57e107d6-78f6-11e1-94fe-25ba39ebf1f4" xlink:to="loc_us-gaap_OperatingIncomeLoss_624609ec-78f6-11e1-94fe-25ba39ebf1f4" xlink:type="arc" />
    <loc xlink:href="http://xbrl.fasb.org/us-gaap/2012/elts/us-gaap-2012-01-31.xsd#us-gaap_Revenues" xlink:label="loc_us-gaap_Revenues_6bd78760-78f6-11e1-94fe-25ba39ebf1f4" xlink:type="locator" />
    <calculationArc order="1" weight="1" xlink:arcrole="http://www.xbrl.org/2003/arcrole/summation-item" xlink:from="loc_us-gaap_OperatingIncomeLoss_624609ec-78f6-11e1-94fe-25ba39ebf1f4" xlink:to="loc_us-gaap_Revenues_6bd78760-78f6-11e1-94fe-25ba39ebf1f4" xlink:type="arc" />
    <loc xlink:href="http://xbrl.fasb.org/us-gaap/2012/elts/us-gaap-2012-01-31.xsd#us-gaap_SalesRevenueGoodsNet" xlink:label="loc_us-gaap_SalesRevenueGoodsNet_6c240414-78f6-11e1-94fe-25ba39ebf1f4" xlink:type="locator" />
    <calculationArc order="1" weight="1" xlink:arcrole="http://www.xbrl.org/2003/arcrole/summation-item" xlink:from="loc_us-gaap_Revenues_6bd78760-78f6-11e1-94fe-25ba39ebf1f4" xlink:to="loc_us-gaap_SalesRevenueGoodsNet_6c240414-78f6-11e1-94fe-25ba39ebf1f4" xlink:type="arc" />
    <loc xlink:href="sbux-20121230.xsd#sbux_ConsumerPackagedGoodsFoodserviceOther" xlink:label="loc_sbux_ConsumerPackagedGoodsFoodserviceOther_a628695c-a5ba-11e1-ba93-1231380dc193" xlink:type="locator" />
    <calculationArc order="2" weight="1" xlink:arcrole="http://www.xbrl.org/2003/arcrole/summation-item" xlink:from="loc_us-gaap_Revenues_6bd78760-78f6-11e1-94fe-25ba39ebf1f4" xlink:to="loc_sbux_ConsumerPackagedGoodsFoodserviceOther_a628695c-a5ba-11e1-ba93-1231380dc193" xlink:type="arc" />
    <loc xlink:href="sbux-20121230.xsd#sbux_LicensedStoreRevenue" xlink:label="loc_sbux_LicensedStoreRevenue_a6256266-a5ba-11e1-ba93-1231380dc193" xlink:type="locator" />
    <calculationArc order="3" weight="1" xlink:arcrole="http://www.xbrl.org/2003/arcrole/summation-item" xlink:from="loc_us-gaap_Revenues_6bd78760-78f6-11e1-94fe-25ba39ebf1f4" xlink:to="loc_sbux_LicensedStoreRevenue_a6256266-a5ba-11e1-ba93-1231380dc193" xlink:type="arc" />
    <loc xlink:href="http://xbrl.fasb.org/us-gaap/2012/elts/us-gaap-2012-01-31.xsd#us-gaap_CostsAndExpenses" xlink:label="loc_us-gaap_CostsAndExpenses_419b6f8e-78f6-11e1-94fe-25ba39ebf1f4" xlink:type="locator" />
    <calculationArc order="2" weight="-1" xlink:arcrole="http://www.xbrl.org/2003/arcrole/summation-item" xlink:from="loc_us-gaap_OperatingIncomeLoss_624609ec-78f6-11e1-94fe-25ba39ebf1f4" xlink:to="loc_us-gaap_CostsAndExpenses_419b6f8e-78f6-11e1-94fe-25ba39ebf1f4" xlink:type="arc" />
    <loc xlink:href="http://xbrl.fasb.org/us-gaap/2012/elts/us-gaap-2012-01-31.xsd#us-gaap_GeneralAndAdministrativeExpense" xlink:label="loc_us-gaap_GeneralAndAdministrativeExpense_5667a57c-78f6-11e1-94fe-25ba39ebf1f4" xlink:type="locator" />
    <calculationArc order="1" weight="1" xlink:arcrole="http://www.xbrl.org/2003/arcrole/summation-item" xlink:from="loc_us-gaap_CostsAndExpenses_419b6f8e-78f6-11e1-94fe-25ba39ebf1f4" xlink:to="loc_us-gaap_GeneralAndAdministrativeExpense_5667a57c-78f6-11e1-94fe-25ba39ebf1f4" xlink:type="arc" />
    <loc xlink:href="http://xbrl.fasb.org/us-gaap/2012/elts/us-gaap-2012-01-31.xsd#us-gaap_DepreciationAndAmortization" xlink:label="loc_us-gaap_DepreciationAndAmortization_48adbdfe-78f6-11e1-94fe-25ba39ebf1f4" xlink:type="locator" />
    <calculationArc order="2" weight="1" xlink:arcrole="http://www.xbrl.org/2003/arcrole/summation-item" xlink:from="loc_us-gaap_CostsAndExpenses_419b6f8e-78f6-11e1-94fe-25ba39ebf1f4" xlink:to="loc_us-gaap_DepreciationAndAmortization_48adbdfe-78f6-11e1-94fe-25ba39ebf1f4" xlink:type="arc" />
    <loc xlink:href="http://xbrl.fasb.org/us-gaap/2012/elts/us-gaap-2012-01-31.xsd#us-gaap_OtherCostAndExpenseOperating" xlink:label="loc_us-gaap_OtherCostAndExpenseOperating_63a891ba-78f6-11e1-94fe-25ba39ebf1f4" xlink:type="locator" />
    <calculationArc order="3" weight="1" xlink:arcrole="http://www.xbrl.org/2003/arcrole/summation-item" xlink:from="loc_us-gaap_CostsAndExpenses_419b6f8e-78f6-11e1-94fe-25ba39ebf1f4" xlink:to="loc_us-gaap_OtherCostAndExpenseOperating_63a891ba-78f6-11e1-94fe-25ba39ebf1f4" xlink:type="arc" />
    <loc xlink:href="sbux-20121230.xsd#sbux_StoreOperatingExpenses" xlink:label="loc_sbux_StoreOperatingExpenses_a5eeaff0-a5ba-11e1-ba93-1231380dc193" xlink:type="locator" />
    <calculationArc order="4" weight="1" xlink:arcrole="http://www.xbrl.org/2003/arcrole/summation-item" xlink:from="loc_us-gaap_CostsAndExpenses_419b6f8e-78f6-11e1-94fe-25ba39ebf1f4" xlink:to="loc_sbux_StoreOperatingExpenses_a5eeaff0-a5ba-11e1-ba93-1231380dc193" xlink:type="arc" />
    <loc xlink:href="http://xbrl.fasb.org/us-gaap/2012/elts/us-gaap-2012-01-31.xsd#us-gaap_CostOfGoodsAndServicesSold" xlink:label="loc_us-gaap_CostOfGoodsAndServicesSold_40580628-78f6-11e1-94fe-25ba39ebf1f4" xlink:type="locator" />
    <calculationArc order="5" weight="1" xlink:arcrole="http://www.xbrl.org/2003/arcrole/summation-item" xlink:from="loc_us-gaap_CostsAndExpenses_419b6f8e-78f6-11e1-94fe-25ba39ebf1f4" xlink:to="loc_us-gaap_CostOfGoodsAndServicesSold_40580628-78f6-11e1-94fe-25ba39ebf1f4" xlink:type="arc" />
    <loc xlink:href="http://xbrl.fasb.org/us-gaap/2012/elts/us-gaap-2012-01-31.xsd#us-gaap_IncomeLossFromEquityMethodInvestments" xlink:label="loc_us-gaap_IncomeLossFromEquityMethodInvestments_582659d0-78f6-11e1-94fe-25ba39ebf1f4" xlink:type="locator" />
    <calculationArc order="3" weight="1" xlink:arcrole="http://www.xbrl.org/2003/arcrole/summation-item" xlink:from="loc_us-gaap_OperatingIncomeLoss_624609ec-78f6-11e1-94fe-25ba39ebf1f4" xlink:to="loc_us-gaap_IncomeLossFromEquityMethodInvestments_582659d0-78f6-11e1-94fe-25ba39ebf1f4" xlink:type="arc" />
    <loc xlink:href="http://xbrl.fasb.org/us-gaap/2012/elts/us-gaap-2012-01-31.xsd#us-gaap_InterestAndOtherIncome" xlink:label="loc_us-gaap_InterestAndOtherIncome_5a6a8aa4-78f6-11e1-94fe-25ba39ebf1f4" xlink:type="locator" />
    <calculationArc order="2" weight="1" xlink:arcrole="http://www.xbrl.org/2003/arcrole/summation-item" xlink:from="loc_us-gaap_IncomeLossFromContinuingOperationsBeforeIncomeTaxesExtraordinaryItemsNoncontrollingInterest_57e107d6-78f6-11e1-94fe-25ba39ebf1f4" xlink:to="loc_us-gaap_InterestAndOtherIncome_5a6a8aa4-78f6-11e1-94fe-25ba39ebf1f4" xlink:type="arc" />
    <loc xlink:href="http://xbrl.fasb.org/us-gaap/2012/elts/us-gaap-2012-01-31.xsd#us-gaap_InterestExpense" xlink:label="loc_us-gaap_InterestExpense_5a4444fc-78f6-11e1-94fe-25ba39ebf1f4" xlink:type="locator" />
    <calculationArc order="3" weight="-1" xlink:arcrole="http://www.xbrl.org/2003/arcrole/summation-item" xlink:from="loc_us-gaap_IncomeLossFromContinuingOperationsBeforeIncomeTaxesExtraordinaryItemsNoncontrollingInterest_57e107d6-78f6-11e1-94fe-25ba39ebf1f4" xlink:to="loc_us-gaap_InterestExpense_5a4444fc-78f6-11e1-94fe-25ba39ebf1f4" xlink:type="arc" />
    <loc xlink:href="http://xbrl.fasb.org/us-gaap/2012/elts/us-gaap-2012-01-31.xsd#us-gaap_IncomeTaxExpenseBenefit" xlink:label="loc_us-gaap_IncomeTaxExpenseBenefit_584ce050-78f6-11e1-94fe-25ba39ebf1f4" xlink:type="locator" />
    <calculationArc order="2" weight="-1" xlink:arcrole="http://www.xbrl.org/2003/arcrole/summation-item" xlink:from="loc_us-gaap_ProfitLoss_6800a176-78f6-11e1-94fe-25ba39ebf1f4" xlink:to="loc_us-gaap_IncomeTaxExpenseBenefit_584ce050-78f6-11e1-94fe-25ba39ebf1f4" xlink:type="arc" />
  </calculationLink>
  <calculationLink xlink:role="http://www.starbucks.com/role/DerivativeAndFinancialInstrumentsNotionalAmountsOfOutstandingDerivativeContractsDetails" xlink:type="extended" />
  <calculationLink xlink:role="http://www.starbucks.com/role/DerivativeFinancialInstruments" xlink:type="extended" />
  <calculationLink xlink:role="http://www.starbucks.com/role/DerivativeFinancialInstrumentsNarrativeDetails" xlink:type="extended" />
  <calculationLink xlink:role="http://www.starbucks.com/role/DerivativeFinancialInstrumentsPretaxEffectOfDerivativeInstrumentsOnEarningsAndOtherComprehensiveIncomeDetails" xlink:type="extended" />
  <calculationLink xlink:role="http://www.starbucks.com/role/DerivativeFinancialInstrumentsTables" xlink:type="extended" />
  <calculationLink xlink:role="http://www.starbucks.com/role/DocumentAndEntityInformation" xlink:type="extended" />
  <calculationLink xlink:role="http://www.starbucks.com/role/EarningsPerShare" xlink:type="extended" />
  <calculationLink xlink:role="http://www.starbucks.com/role/EarningsPerShareCalculationOfNetEarningsPerCommonShareEpsBasicAndDilutedDetails" xlink:type="extended">
    <loc xlink:href="http://xbrl.fasb.org/us-gaap/2012/elts/us-gaap-2012-01-31.xsd#us-gaap_WeightedAverageNumberOfDilutedSharesOutstanding" xlink:label="loc_us-gaap_WeightedAverageNumberOfDilutedSharesOutstanding_741fe8a4-78f6-11e1-94fe-25ba39ebf1f4" xlink:type="locator" />
    <loc xlink:href="http://xbrl.fasb.org/us-gaap/2012/elts/us-gaap-2012-01-31.xsd#us-gaap_WeightedAverageNumberOfSharesOutstandingBasic" xlink:label="loc_us-gaap_WeightedAverageNumberOfSharesOutstandingBasic_7416e4b6-78f6-11e1-94fe-25ba39ebf1f4" xlink:type="locator" />
    <calculationArc order="1" weight="1" xlink:arcrole="http://www.xbrl.org/2003/arcrole/summation-item" xlink:from="loc_us-gaap_WeightedAverageNumberOfDilutedSharesOutstanding_741fe8a4-78f6-11e1-94fe-25ba39ebf1f4" xlink:to="loc_us-gaap_WeightedAverageNumberOfSharesOutstandingBasic_7416e4b6-78f6-11e1-94fe-25ba39ebf1f4" xlink:type="arc" />
    <loc xlink:href="http://xbrl.fasb.org/us-gaap/2012/elts/us-gaap-2012-01-31.xsd#us-gaap_WeightedAverageNumberDilutedSharesOutstandingAdjustment" xlink:label="loc_us-gaap_WeightedAverageNumberDilutedSharesOutstandingAdjustment_7442f1b4-78f6-11e1-94fe-25ba39ebf1f4" xlink:type="locator" />
    <calculationArc order="2" weight="1" xlink:arcrole="http://www.xbrl.org/2003/arcrole/summation-item" xlink:from="loc_us-gaap_WeightedAverageNumberOfDilutedSharesOutstanding_741fe8a4-78f6-11e1-94fe-25ba39ebf1f4" xlink:to="loc_us-gaap_WeightedAverageNumberDilutedSharesOutstandingAdjustment_7442f1b4-78f6-11e1-94fe-25ba39ebf1f4" xlink:type="arc" />
  </calculationLink>
  <calculationLink xlink:role="http://www.starbucks.com/role/EarningsPerShareNarrativeDetails" xlink:type="extended" />
  <calculationLink xlink:role="http://www.starbucks.com/role/EarningsPerShareTables" xlink:type="extended" />
  <calculationLink xlink:role="http://www.starbucks.com/role/EmployeeStockPlans" xlink:type="extended" />
  <calculationLink xlink:role="http://www.starbucks.com/role/EmployeeStockPlansNarrativeDetails" xlink:type="extended" />
  <calculationLink xlink:role="http://www.starbucks.com/role/EmployeeStockPlansStockBasedCompensationExpenseRecognizedInConsolidatedStatementOfEarningsDetails" xlink:type="extended" />
  <calculationLink xlink:role="http://www.starbucks.com/role/EmployeeStockPlansStockOptionAndRsuTransactionsDetails" xlink:type="extended" />
  <calculationLink xlink:role="http://www.starbucks.com/role/EmployeeStockPlansTables" xlink:type="extended" />
  <calculationLink xlink:role="http://www.starbucks.com/role/EmployeeStockPlansValueOfAwardsGrantedAndExercisedDuringPeriodDetails" xlink:type="extended" />
  <calculationLink xlink:role="http://www.starbucks.com/role/Equity" xlink:type="extended" />
  <calculationLink xlink:role="http://www.starbucks.com/role/EquityComponentsOfAccumulatedOtherComprehensiveIncomeNetOfTaxDetails" xlink:type="extended">
    <loc xlink:href="http://xbrl.fasb.org/us-gaap/2012/elts/us-gaap-2012-01-31.xsd#us-gaap_AccumulatedOtherComprehensiveIncomeLossNetOfTax" xlink:label="loc_us-gaap_AccumulatedOtherComprehensiveIncomeLossNetOfTax_29c0ce5e-78f6-11e1-94fe-25ba39ebf1f4" xlink:type="locator" />
    <loc xlink:href="http://xbrl.fasb.org/us-gaap/2012/elts/us-gaap-2012-01-31.xsd#us-gaap_AccumulatedOtherComprehensiveIncomeLossForeignCurrencyTranslationAdjustmentNetOfTax" xlink:label="loc_us-gaap_AccumulatedOtherComprehensiveIncomeLossForeignCurrencyTranslationAdjustmentNetOfTax_29a28f84-78f6-11e1-94fe-25ba39ebf1f4" xlink:type="locator" />
    <calculationArc order="1" weight="1" xlink:arcrole="http://www.xbrl.org/2003/arcrole/summation-item" xlink:from="loc_us-gaap_AccumulatedOtherComprehensiveIncomeLossNetOfTax_29c0ce5e-78f6-11e1-94fe-25ba39ebf1f4" xlink:to="loc_us-gaap_AccumulatedOtherComprehensiveIncomeLossForeignCurrencyTranslationAdjustmentNetOfTax_29a28f84-78f6-11e1-94fe-25ba39ebf1f4" xlink:type="arc" />
    <loc xlink:href="sbux-20121230.xsd#sbux_AccumulatedOtherComprehensiveIncomeLossCumulativeChangesInNetGainLossFromAllHedgingInstrumentsEffectNetOfTax" xlink:label="loc_sbux_AccumulatedOtherComprehensiveIncomeLossCumulativeChangesInNetGainLossFromAllHedgingInstrumentsEffectNetOfTax_a6250c58-a5ba-11e1-ba93-1231380dc193" xlink:type="locator" />
    <calculationArc order="2" weight="1" xlink:arcrole="http://www.xbrl.org/2003/arcrole/summation-item" xlink:from="loc_us-gaap_AccumulatedOtherComprehensiveIncomeLossNetOfTax_29c0ce5e-78f6-11e1-94fe-25ba39ebf1f4" xlink:to="loc_sbux_AccumulatedOtherComprehensiveIncomeLossCumulativeChangesInNetGainLossFromAllHedgingInstrumentsEffectNetOfTax_a6250c58-a5ba-11e1-ba93-1231380dc193" xlink:type="arc" />
    <loc xlink:href="http://xbrl.fasb.org/us-gaap/2012/elts/us-gaap-2012-01-31.xsd#us-gaap_AccumulatedOtherComprehensiveIncomeLossAvailableForSaleSecuritiesAdjustmentNetOfTax" xlink:label="loc_us-gaap_AccumulatedOtherComprehensiveIncomeLossAvailableForSaleSecuritiesAdjustmentNetOfTax_29bf61cc-78f6-11e1-94fe-25ba39ebf1f4" xlink:type="locator" />
    <calculationArc order="3" weight="1" xlink:arcrole="http://www.xbrl.org/2003/arcrole/summation-item" xlink:from="loc_us-gaap_AccumulatedOtherComprehensiveIncomeLossNetOfTax_29c0ce5e-78f6-11e1-94fe-25ba39ebf1f4" xlink:to="loc_us-gaap_AccumulatedOtherComprehensiveIncomeLossAvailableForSaleSecuritiesAdjustmentNetOfTax_29bf61cc-78f6-11e1-94fe-25ba39ebf1f4" xlink:type="arc" />
  </calculationLink>
  <calculationLink xlink:role="http://www.starbucks.com/role/EquityComponentsOfTotalEquityDetails" xlink:type="extended" />
  <calculationLink xlink:role="http://www.starbucks.com/role/EquityNarrativeDetails" xlink:type="extended" />
  <calculationLink xlink:role="http://www.starbucks.com/role/EquityShareRepurchaseActivityDetails" xlink:type="extended" />
  <calculationLink xlink:role="http://www.starbucks.com/role/EquityTables" xlink:type="extended" />
  <calculationLink xlink:role="http://www.starbucks.com/role/FairValueMeasurements" xlink:type="extended" />
  <calculationLink xlink:role="http://www.starbucks.com/role/FairValueMeasurementsAssetFairMarketValueAdjustmentsChargedToEarningsDetails" xlink:type="extended" />
  <calculationLink xlink:role="http://www.starbucks.com/role/FairValueMeasurementsAssetsAndLiabilitiesMeasuredAtFairValueOnRecurringBasisDetails" xlink:type="extended">
    <loc xlink:href="http://xbrl.fasb.org/us-gaap/2012/elts/us-gaap-2012-01-31.xsd#us-gaap_DerivativeLiabilities" xlink:label="loc_us-gaap_DerivativeLiabilities_48da5972-78f6-11e1-94fe-25ba39ebf1f4" xlink:type="locator" />
    <loc xlink:href="http://xbrl.fasb.org/us-gaap/2012/elts/us-gaap-2012-01-31.xsd#us-gaap_DerivativeLiabilitiesCurrent" xlink:label="loc_us-gaap_DerivativeLiabilitiesCurrent_48b81916-78f6-11e1-94fe-25ba39ebf1f4" xlink:type="locator" />
    <calculationArc order="1" weight="1" xlink:arcrole="http://www.xbrl.org/2003/arcrole/summation-item" xlink:from="loc_us-gaap_DerivativeLiabilities_48da5972-78f6-11e1-94fe-25ba39ebf1f4" xlink:to="loc_us-gaap_DerivativeLiabilitiesCurrent_48b81916-78f6-11e1-94fe-25ba39ebf1f4" xlink:type="arc" />
    <loc xlink:href="http://xbrl.fasb.org/us-gaap/2012/elts/us-gaap-2012-01-31.xsd#us-gaap_DerivativeLiabilitiesNoncurrent" xlink:label="loc_us-gaap_DerivativeLiabilitiesNoncurrent_48f11edc-78f6-11e1-94fe-25ba39ebf1f4" xlink:type="locator" />
    <calculationArc order="2" weight="1" xlink:arcrole="http://www.xbrl.org/2003/arcrole/summation-item" xlink:from="loc_us-gaap_DerivativeLiabilities_48da5972-78f6-11e1-94fe-25ba39ebf1f4" xlink:to="loc_us-gaap_DerivativeLiabilitiesNoncurrent_48f11edc-78f6-11e1-94fe-25ba39ebf1f4" xlink:type="arc" />
    <loc xlink:href="http://xbrl.fasb.org/us-gaap/2012/elts/us-gaap-2012-01-31.xsd#us-gaap_AssetsFairValueDisclosure" xlink:label="loc_us-gaap_AssetsFairValueDisclosure_2bc40522-78f6-11e1-94fe-25ba39ebf1f4" xlink:type="locator" />
    <loc xlink:href="http://xbrl.fasb.org/us-gaap/2012/elts/us-gaap-2012-01-31.xsd#us-gaap_ShortTermInvestments" xlink:label="loc_us-gaap_ShortTermInvestments_6fb87e70-78f6-11e1-94fe-25ba39ebf1f4" xlink:type="locator" />
    <calculationArc order="1" weight="1" xlink:arcrole="http://www.xbrl.org/2003/arcrole/summation-item" xlink:from="loc_us-gaap_AssetsFairValueDisclosure_2bc40522-78f6-11e1-94fe-25ba39ebf1f4" xlink:to="loc_us-gaap_ShortTermInvestments_6fb87e70-78f6-11e1-94fe-25ba39ebf1f4" xlink:type="arc" />
    <loc xlink:href="http://xbrl.fasb.org/us-gaap/2012/elts/us-gaap-2012-01-31.xsd#us-gaap_AvailableForSaleSecuritiesCurrent" xlink:label="loc_us-gaap_AvailableForSaleSecuritiesCurrent_2cb61bfa-78f6-11e1-94fe-25ba39ebf1f4" xlink:type="locator" />
    <calculationArc order="1" weight="1" xlink:arcrole="http://www.xbrl.org/2003/arcrole/summation-item" xlink:from="loc_us-gaap_ShortTermInvestments_6fb87e70-78f6-11e1-94fe-25ba39ebf1f4" xlink:to="loc_us-gaap_AvailableForSaleSecuritiesCurrent_2cb61bfa-78f6-11e1-94fe-25ba39ebf1f4" xlink:type="arc" />
    <loc xlink:href="http://xbrl.fasb.org/us-gaap/2012/elts/us-gaap-2012-01-31.xsd#us-gaap_TradingSecuritiesCurrent" xlink:label="loc_us-gaap_TradingSecuritiesCurrent_721c0240-78f6-11e1-94fe-25ba39ebf1f4" xlink:type="locator" />
    <calculationArc order="2" weight="1" xlink:arcrole="http://www.xbrl.org/2003/arcrole/summation-item" xlink:from="loc_us-gaap_ShortTermInvestments_6fb87e70-78f6-11e1-94fe-25ba39ebf1f4" xlink:to="loc_us-gaap_TradingSecuritiesCurrent_721c0240-78f6-11e1-94fe-25ba39ebf1f4" xlink:type="arc" />
    <loc xlink:href="http://xbrl.fasb.org/us-gaap/2012/elts/us-gaap-2012-01-31.xsd#us-gaap_AvailableForSaleSecuritiesNoncurrent" xlink:label="loc_us-gaap_AvailableForSaleSecuritiesNoncurrent_2ced6a88-78f6-11e1-94fe-25ba39ebf1f4" xlink:type="locator" />
    <calculationArc order="2" weight="1" xlink:arcrole="http://www.xbrl.org/2003/arcrole/summation-item" xlink:from="loc_us-gaap_AssetsFairValueDisclosure_2bc40522-78f6-11e1-94fe-25ba39ebf1f4" xlink:to="loc_us-gaap_AvailableForSaleSecuritiesNoncurrent_2ced6a88-78f6-11e1-94fe-25ba39ebf1f4" xlink:type="arc" />
    <loc xlink:href="http://xbrl.fasb.org/us-gaap/2012/elts/us-gaap-2012-01-31.xsd#us-gaap_CashAndCashEquivalentsFairValueDisclosure" xlink:label="loc_us-gaap_CashAndCashEquivalentsFairValueDisclosure_31a61aca-78f6-11e1-94fe-25ba39ebf1f4" xlink:type="locator" />
    <calculationArc order="3" weight="1" xlink:arcrole="http://www.xbrl.org/2003/arcrole/summation-item" xlink:from="loc_us-gaap_AssetsFairValueDisclosure_2bc40522-78f6-11e1-94fe-25ba39ebf1f4" xlink:to="loc_us-gaap_CashAndCashEquivalentsFairValueDisclosure_31a61aca-78f6-11e1-94fe-25ba39ebf1f4" xlink:type="arc" />
  </calculationLink>
  <calculationLink xlink:role="http://www.starbucks.com/role/FairValueMeasurementsNarrativeDetails" xlink:type="extended" />
  <calculationLink xlink:role="http://www.starbucks.com/role/FairValueMeasurementsTables" xlink:type="extended" />
  <calculationLink xlink:role="http://www.starbucks.com/role/Inventories" xlink:type="extended" />
  <calculationLink xlink:role="http://www.starbucks.com/role/InventoriesComponentsOfInventoryDetails" xlink:type="extended">
    <loc xlink:href="http://xbrl.fasb.org/us-gaap/2012/elts/us-gaap-2012-01-31.xsd#us-gaap_InventoryNet" xlink:label="loc_us-gaap_InventoryNet_5b10f3ee-78f6-11e1-94fe-25ba39ebf1f4" xlink:type="locator" />
    <loc xlink:href="sbux-20121230.xsd#sbux_UnroastedCoffeeInventory" xlink:label="loc_sbux_UnroastedCoffeeInventory_a6266526-a5ba-11e1-ba93-1231380dc193" xlink:type="locator" />
    <calculationArc order="1" weight="1" xlink:arcrole="http://www.xbrl.org/2003/arcrole/summation-item" xlink:from="loc_us-gaap_InventoryNet_5b10f3ee-78f6-11e1-94fe-25ba39ebf1f4" xlink:to="loc_sbux_UnroastedCoffeeInventory_a6266526-a5ba-11e1-ba93-1231380dc193" xlink:type="arc" />
    <loc xlink:href="sbux-20121230.xsd#sbux_RoastedCoffeeInventory" xlink:label="loc_sbux_RoastedCoffeeInventory_a612a7c0-a5ba-11e1-ba93-1231380dc193" xlink:type="locator" />
    <calculationArc order="2" weight="1" xlink:arcrole="http://www.xbrl.org/2003/arcrole/summation-item" xlink:from="loc_us-gaap_InventoryNet_5b10f3ee-78f6-11e1-94fe-25ba39ebf1f4" xlink:to="loc_sbux_RoastedCoffeeInventory_a612a7c0-a5ba-11e1-ba93-1231380dc193" xlink:type="arc" />
    <loc xlink:href="http://xbrl.fasb.org/us-gaap/2012/elts/us-gaap-2012-01-31.xsd#us-gaap_RetailRelatedInventoryMerchandise" xlink:label="loc_us-gaap_RetailRelatedInventoryMerchandise_6b667e12-78f6-11e1-94fe-25ba39ebf1f4" xlink:type="locator" />
    <calculationArc order="3" weight="1" xlink:arcrole="http://www.xbrl.org/2003/arcrole/summation-item" xlink:from="loc_us-gaap_InventoryNet_5b10f3ee-78f6-11e1-94fe-25ba39ebf1f4" xlink:to="loc_us-gaap_RetailRelatedInventoryMerchandise_6b667e12-78f6-11e1-94fe-25ba39ebf1f4" xlink:type="arc" />
    <loc xlink:href="http://xbrl.fasb.org/us-gaap/2012/elts/us-gaap-2012-01-31.xsd#us-gaap_OtherInventorySupplies" xlink:label="loc_us-gaap_OtherInventorySupplies_63e828e8-78f6-11e1-94fe-25ba39ebf1f4" xlink:type="locator" />
    <calculationArc order="4" weight="1" xlink:arcrole="http://www.xbrl.org/2003/arcrole/summation-item" xlink:from="loc_us-gaap_InventoryNet_5b10f3ee-78f6-11e1-94fe-25ba39ebf1f4" xlink:to="loc_us-gaap_OtherInventorySupplies_63e828e8-78f6-11e1-94fe-25ba39ebf1f4" xlink:type="arc" />
  </calculationLink>
  <calculationLink xlink:role="http://www.starbucks.com/role/InventoriesNarrativeDetails" xlink:type="extended" />
  <calculationLink xlink:role="http://www.starbucks.com/role/InventoriesTables" xlink:type="extended" />
  <calculationLink xlink:role="http://www.starbucks.com/role/SegmentReporting" xlink:type="extended" />
  <calculationLink xlink:role="http://www.starbucks.com/role/SegmentReportingComponentsOfFinancialInformationForReportableOperatingSegmentsAndOtherDetails" xlink:type="extended" />
  <calculationLink xlink:role="http://www.starbucks.com/role/SegmentReportingReconciliationOfTotalOperatingIncomeToConsolidatedEarningsBeforeIncomeTaxesDetails" xlink:type="extended" />
  <calculationLink xlink:role="http://www.starbucks.com/role/SegmentReportingTables" xlink:type="extended" />
  <calculationLink xlink:role="http://www.starbucks.com/role/SubsequentEvent" xlink:type="extended" />
  <calculationLink xlink:role="http://www.starbucks.com/role/SubsequentEventDetails" xlink:type="extended" />
  <calculationLink xlink:role="http://www.starbucks.com/role/SummaryOfSignificantAccountingPolicies" xlink:type="extended" />
  <calculationLink xlink:role="http://www.starbucks.com/role/SummaryOfSignificantAccountingPoliciesSummaryOfSignificantAccountingPoliciesPolicies" xlink:type="extended" />
  <calculationLink xlink:role="http://www.starbucks.com/role/SupplementalBalanceSheetInformation" xlink:type="extended" />
  <calculationLink xlink:role="http://www.starbucks.com/role/SupplementalBalanceSheetInformationAccruedLiabilitiesDetails" xlink:type="extended">
    <loc xlink:href="http://xbrl.fasb.org/us-gaap/2012/elts/us-gaap-2012-01-31.xsd#us-gaap_AccruedLiabilitiesCurrent" xlink:label="loc_us-gaap_AccruedLiabilitiesCurrent_299992da-78f6-11e1-94fe-25ba39ebf1f4" xlink:type="locator" />
    <loc xlink:href="http://xbrl.fasb.org/us-gaap/2012/elts/us-gaap-2012-01-31.xsd#us-gaap_EmployeeRelatedLiabilitiesCurrent" xlink:label="loc_us-gaap_EmployeeRelatedLiabilitiesCurrent_4e9c764c-78f6-11e1-94fe-25ba39ebf1f4" xlink:type="locator" />
    <calculationArc order="1" weight="1" xlink:arcrole="http://www.xbrl.org/2003/arcrole/summation-item" xlink:from="loc_us-gaap_AccruedLiabilitiesCurrent_299992da-78f6-11e1-94fe-25ba39ebf1f4" xlink:to="loc_us-gaap_EmployeeRelatedLiabilitiesCurrent_4e9c764c-78f6-11e1-94fe-25ba39ebf1f4" xlink:type="arc" />
    <loc xlink:href="sbux-20121230.xsd#sbux_AccruedOccupancyCosts" xlink:label="loc_sbux_AccruedOccupancyCosts_a5f7c2a2-a5ba-11e1-ba93-1231380dc193" xlink:type="locator" />
    <calculationArc order="2" weight="1" xlink:arcrole="http://www.xbrl.org/2003/arcrole/summation-item" xlink:from="loc_us-gaap_AccruedLiabilitiesCurrent_299992da-78f6-11e1-94fe-25ba39ebf1f4" xlink:to="loc_sbux_AccruedOccupancyCosts_a5f7c2a2-a5ba-11e1-ba93-1231380dc193" xlink:type="arc" />
    <loc xlink:href="http://xbrl.fasb.org/us-gaap/2012/elts/us-gaap-2012-01-31.xsd#us-gaap_DividendsPayableCurrentAndNoncurrent" xlink:label="loc_us-gaap_DividendsPayableCurrentAndNoncurrent_4c4e4c76-78f6-11e1-94fe-25ba39ebf1f4" xlink:type="locator" />
    <calculationArc order="3" weight="1" xlink:arcrole="http://www.xbrl.org/2003/arcrole/summation-item" xlink:from="loc_us-gaap_AccruedLiabilitiesCurrent_299992da-78f6-11e1-94fe-25ba39ebf1f4" xlink:to="loc_us-gaap_DividendsPayableCurrentAndNoncurrent_4c4e4c76-78f6-11e1-94fe-25ba39ebf1f4" xlink:type="arc" />
    <loc xlink:href="http://xbrl.fasb.org/us-gaap/2012/elts/us-gaap-2012-01-31.xsd#us-gaap_OtherAccruedLiabilitiesCurrent" xlink:label="loc_us-gaap_OtherAccruedLiabilitiesCurrent_643d0570-78f6-11e1-94fe-25ba39ebf1f4" xlink:type="locator" />
    <calculationArc order="4" weight="1" xlink:arcrole="http://www.xbrl.org/2003/arcrole/summation-item" xlink:from="loc_us-gaap_AccruedLiabilitiesCurrent_299992da-78f6-11e1-94fe-25ba39ebf1f4" xlink:to="loc_us-gaap_OtherAccruedLiabilitiesCurrent_643d0570-78f6-11e1-94fe-25ba39ebf1f4" xlink:type="arc" />
    <loc xlink:href="http://xbrl.fasb.org/us-gaap/2012/elts/us-gaap-2012-01-31.xsd#us-gaap_TaxesPayableCurrent" xlink:label="loc_us-gaap_TaxesPayableCurrent_716f9f3c-78f6-11e1-94fe-25ba39ebf1f4" xlink:type="locator" />
    <calculationArc order="5" weight="1" xlink:arcrole="http://www.xbrl.org/2003/arcrole/summation-item" xlink:from="loc_us-gaap_AccruedLiabilitiesCurrent_299992da-78f6-11e1-94fe-25ba39ebf1f4" xlink:to="loc_us-gaap_TaxesPayableCurrent_716f9f3c-78f6-11e1-94fe-25ba39ebf1f4" xlink:type="arc" />
  </calculationLink>
  <calculationLink xlink:role="http://www.starbucks.com/role/SupplementalBalanceSheetInformationOtherAssetsDetails" xlink:type="extended">
    <loc xlink:href="http://xbrl.fasb.org/us-gaap/2012/elts/us-gaap-2012-01-31.xsd#us-gaap_OtherAssetsNoncurrent" xlink:label="loc_us-gaap_OtherAssetsNoncurrent_62df8554-78f6-11e1-94fe-25ba39ebf1f4" xlink:type="locator" />
    <loc xlink:href="http://xbrl.fasb.org/us-gaap/2012/elts/us-gaap-2012-01-31.xsd#us-gaap_DeferredTaxAssetsLiabilitiesNetNoncurrent" xlink:label="loc_us-gaap_DeferredTaxAssetsLiabilitiesNetNoncurrent_473a82a4-78f6-11e1-94fe-25ba39ebf1f4" xlink:type="locator" />
    <calculationArc order="1" weight="1" xlink:arcrole="http://www.xbrl.org/2003/arcrole/summation-item" xlink:from="loc_us-gaap_OtherAssetsNoncurrent_62df8554-78f6-11e1-94fe-25ba39ebf1f4" xlink:to="loc_us-gaap_DeferredTaxAssetsLiabilitiesNetNoncurrent_473a82a4-78f6-11e1-94fe-25ba39ebf1f4" xlink:type="arc" />
    <loc xlink:href="http://xbrl.fasb.org/us-gaap/2012/elts/us-gaap-2012-01-31.xsd#us-gaap_IntangibleAssetsNetExcludingGoodwill" xlink:label="loc_us-gaap_IntangibleAssetsNetExcludingGoodwill_5a1fdbbc-78f6-11e1-94fe-25ba39ebf1f4" xlink:type="locator" />
    <calculationArc order="2" weight="1" xlink:arcrole="http://www.xbrl.org/2003/arcrole/summation-item" xlink:from="loc_us-gaap_OtherAssetsNoncurrent_62df8554-78f6-11e1-94fe-25ba39ebf1f4" xlink:to="loc_us-gaap_IntangibleAssetsNetExcludingGoodwill_5a1fdbbc-78f6-11e1-94fe-25ba39ebf1f4" xlink:type="arc" />
    <loc xlink:href="http://xbrl.fasb.org/us-gaap/2012/elts/us-gaap-2012-01-31.xsd#us-gaap_OtherAssetsMiscellaneousNoncurrent" xlink:label="loc_us-gaap_OtherAssetsMiscellaneousNoncurrent_62a8e864-78f6-11e1-94fe-25ba39ebf1f4" xlink:type="locator" />
    <calculationArc order="3" weight="1" xlink:arcrole="http://www.xbrl.org/2003/arcrole/summation-item" xlink:from="loc_us-gaap_OtherAssetsNoncurrent_62df8554-78f6-11e1-94fe-25ba39ebf1f4" xlink:to="loc_us-gaap_OtherAssetsMiscellaneousNoncurrent_62a8e864-78f6-11e1-94fe-25ba39ebf1f4" xlink:type="arc" />
  </calculationLink>
  <calculationLink xlink:role="http://www.starbucks.com/role/SupplementalBalanceSheetInformationOtherLongTermLiabilitiesDetails" xlink:type="extended">
    <loc xlink:href="http://xbrl.fasb.org/us-gaap/2012/elts/us-gaap-2012-01-31.xsd#us-gaap_OtherLiabilitiesNoncurrent" xlink:label="loc_us-gaap_OtherLiabilitiesNoncurrent_63d8f7d8-78f6-11e1-94fe-25ba39ebf1f4" xlink:type="locator" />
    <loc xlink:href="http://xbrl.fasb.org/us-gaap/2012/elts/us-gaap-2012-01-31.xsd#us-gaap_AssetRetirementObligationsNoncurrent" xlink:label="loc_us-gaap_AssetRetirementObligationsNoncurrent_2ba7fe40-78f6-11e1-94fe-25ba39ebf1f4" xlink:type="locator" />
    <calculationArc order="1" weight="1" xlink:arcrole="http://www.xbrl.org/2003/arcrole/summation-item" xlink:from="loc_us-gaap_OtherLiabilitiesNoncurrent_63d8f7d8-78f6-11e1-94fe-25ba39ebf1f4" xlink:to="loc_us-gaap_AssetRetirementObligationsNoncurrent_2ba7fe40-78f6-11e1-94fe-25ba39ebf1f4" xlink:type="arc" />
    <loc xlink:href="http://xbrl.fasb.org/us-gaap/2012/elts/us-gaap-2012-01-31.xsd#us-gaap_OtherSundryLiabilitiesNoncurrent" xlink:label="loc_us-gaap_OtherSundryLiabilitiesNoncurrent_62c36004-78f6-11e1-94fe-25ba39ebf1f4" xlink:type="locator" />
    <calculationArc order="2" weight="1" xlink:arcrole="http://www.xbrl.org/2003/arcrole/summation-item" xlink:from="loc_us-gaap_OtherLiabilitiesNoncurrent_63d8f7d8-78f6-11e1-94fe-25ba39ebf1f4" xlink:to="loc_us-gaap_OtherSundryLiabilitiesNoncurrent_62c36004-78f6-11e1-94fe-25ba39ebf1f4" xlink:type="arc" />
    <loc xlink:href="http://xbrl.fasb.org/us-gaap/2012/elts/us-gaap-2012-01-31.xsd#us-gaap_LiabilityForUncertainTaxPositionsNoncurrent" xlink:label="loc_us-gaap_LiabilityForUncertainTaxPositionsNoncurrent_5c9682ec-78f6-11e1-94fe-25ba39ebf1f4" xlink:type="locator" />
    <calculationArc order="3" weight="1" xlink:arcrole="http://www.xbrl.org/2003/arcrole/summation-item" xlink:from="loc_us-gaap_OtherLiabilitiesNoncurrent_63d8f7d8-78f6-11e1-94fe-25ba39ebf1f4" xlink:to="loc_us-gaap_LiabilityForUncertainTaxPositionsNoncurrent_5c9682ec-78f6-11e1-94fe-25ba39ebf1f4" xlink:type="arc" />
    <loc xlink:href="http://xbrl.fasb.org/us-gaap/2012/elts/us-gaap-2012-01-31.xsd#us-gaap_DeferredRentCreditNoncurrent" xlink:label="loc_us-gaap_DeferredRentCreditNoncurrent_46eb899c-78f6-11e1-94fe-25ba39ebf1f4" xlink:type="locator" />
    <calculationArc order="4" weight="1" xlink:arcrole="http://www.xbrl.org/2003/arcrole/summation-item" xlink:from="loc_us-gaap_OtherLiabilitiesNoncurrent_63d8f7d8-78f6-11e1-94fe-25ba39ebf1f4" xlink:to="loc_us-gaap_DeferredRentCreditNoncurrent_46eb899c-78f6-11e1-94fe-25ba39ebf1f4" xlink:type="arc" />
  </calculationLink>
  <calculationLink xlink:role="http://www.starbucks.com/role/SupplementalBalanceSheetInformationPropertyPlantAndEquipmentNetDetails" xlink:type="extended">
    <loc xlink:href="http://xbrl.fasb.org/us-gaap/2012/elts/us-gaap-2012-01-31.xsd#us-gaap_PropertyPlantAndEquipmentNet" xlink:label="loc_us-gaap_PropertyPlantAndEquipmentNet_683dcad8-78f6-11e1-94fe-25ba39ebf1f4" xlink:type="locator" />
    <loc xlink:href="http://xbrl.fasb.org/us-gaap/2012/elts/us-gaap-2012-01-31.xsd#us-gaap_AccumulatedDepreciationDepletionAndAmortizationPropertyPlantAndEquipment" xlink:label="loc_us-gaap_AccumulatedDepreciationDepletionAndAmortizationPropertyPlantAndEquipment_29bfb410-78f6-11e1-94fe-25ba39ebf1f4" xlink:type="locator" />
    <calculationArc order="1" weight="-1" xlink:arcrole="http://www.xbrl.org/2003/arcrole/summation-item" xlink:from="loc_us-gaap_PropertyPlantAndEquipmentNet_683dcad8-78f6-11e1-94fe-25ba39ebf1f4" xlink:to="loc_us-gaap_AccumulatedDepreciationDepletionAndAmortizationPropertyPlantAndEquipment_29bfb410-78f6-11e1-94fe-25ba39ebf1f4" xlink:type="arc" />
    <loc xlink:href="http://xbrl.fasb.org/us-gaap/2012/elts/us-gaap-2012-01-31.xsd#us-gaap_PropertyPlantAndEquipmentGross" xlink:label="loc_us-gaap_PropertyPlantAndEquipmentGross_683f0542-78f6-11e1-94fe-25ba39ebf1f4" xlink:type="locator" />
    <calculationArc order="2" weight="1" xlink:arcrole="http://www.xbrl.org/2003/arcrole/summation-item" xlink:from="loc_us-gaap_PropertyPlantAndEquipmentNet_683dcad8-78f6-11e1-94fe-25ba39ebf1f4" xlink:to="loc_us-gaap_PropertyPlantAndEquipmentGross_683f0542-78f6-11e1-94fe-25ba39ebf1f4" xlink:type="arc" />
    <loc xlink:href="http://xbrl.fasb.org/us-gaap/2012/elts/us-gaap-2012-01-31.xsd#us-gaap_Land" xlink:label="loc_us-gaap_Land_5be47282-78f6-11e1-94fe-25ba39ebf1f4" xlink:type="locator" />
    <calculationArc order="1" weight="1" xlink:arcrole="http://www.xbrl.org/2003/arcrole/summation-item" xlink:from="loc_us-gaap_PropertyPlantAndEquipmentGross_683f0542-78f6-11e1-94fe-25ba39ebf1f4" xlink:to="loc_us-gaap_Land_5be47282-78f6-11e1-94fe-25ba39ebf1f4" xlink:type="arc" />
    <loc xlink:href="http://xbrl.fasb.org/us-gaap/2012/elts/us-gaap-2012-01-31.xsd#us-gaap_BuildingsAndImprovementsGross" xlink:label="loc_us-gaap_BuildingsAndImprovementsGross_2de05450-78f6-11e1-94fe-25ba39ebf1f4" xlink:type="locator" />
    <calculationArc order="2" weight="1" xlink:arcrole="http://www.xbrl.org/2003/arcrole/summation-item" xlink:from="loc_us-gaap_PropertyPlantAndEquipmentGross_683f0542-78f6-11e1-94fe-25ba39ebf1f4" xlink:to="loc_us-gaap_BuildingsAndImprovementsGross_2de05450-78f6-11e1-94fe-25ba39ebf1f4" xlink:type="arc" />
    <loc xlink:href="http://xbrl.fasb.org/us-gaap/2012/elts/us-gaap-2012-01-31.xsd#us-gaap_LeaseholdImprovementsGross" xlink:label="loc_us-gaap_LeaseholdImprovementsGross_5bf2ed12-78f6-11e1-94fe-25ba39ebf1f4" xlink:type="locator" />
    <calculationArc order="3" weight="1" xlink:arcrole="http://www.xbrl.org/2003/arcrole/summation-item" xlink:from="loc_us-gaap_PropertyPlantAndEquipmentGross_683f0542-78f6-11e1-94fe-25ba39ebf1f4" xlink:to="loc_us-gaap_LeaseholdImprovementsGross_5bf2ed12-78f6-11e1-94fe-25ba39ebf1f4" xlink:type="arc" />
    <loc xlink:href="sbux-20121230.xsd#sbux_StoreEquipmentGross" xlink:label="loc_sbux_StoreEquipmentGross_a644497e-a5ba-11e1-ba93-1231380dc193" xlink:type="locator" />
    <calculationArc order="4" weight="1" xlink:arcrole="http://www.xbrl.org/2003/arcrole/summation-item" xlink:from="loc_us-gaap_PropertyPlantAndEquipmentGross_683f0542-78f6-11e1-94fe-25ba39ebf1f4" xlink:to="loc_sbux_StoreEquipmentGross_a644497e-a5ba-11e1-ba93-1231380dc193" xlink:type="arc" />
    <loc xlink:href="sbux-20121230.xsd#sbux_RoastingEquipmentGross" xlink:label="loc_sbux_RoastingEquipmentGross_a6249fe8-a5ba-11e1-ba93-1231380dc193" xlink:type="locator" />
    <calculationArc order="5" weight="1" xlink:arcrole="http://www.xbrl.org/2003/arcrole/summation-item" xlink:from="loc_us-gaap_PropertyPlantAndEquipmentGross_683f0542-78f6-11e1-94fe-25ba39ebf1f4" xlink:to="loc_sbux_RoastingEquipmentGross_a6249fe8-a5ba-11e1-ba93-1231380dc193" xlink:type="arc" />
    <loc xlink:href="http://xbrl.fasb.org/us-gaap/2012/elts/us-gaap-2012-01-31.xsd#us-gaap_FurnitureAndFixturesGross" xlink:label="loc_us-gaap_FurnitureAndFixturesGross_550c1f50-78f6-11e1-94fe-25ba39ebf1f4" xlink:type="locator" />
    <calculationArc order="6" weight="1" xlink:arcrole="http://www.xbrl.org/2003/arcrole/summation-item" xlink:from="loc_us-gaap_PropertyPlantAndEquipmentGross_683f0542-78f6-11e1-94fe-25ba39ebf1f4" xlink:to="loc_us-gaap_FurnitureAndFixturesGross_550c1f50-78f6-11e1-94fe-25ba39ebf1f4" xlink:type="arc" />
    <loc xlink:href="http://xbrl.fasb.org/us-gaap/2012/elts/us-gaap-2012-01-31.xsd#us-gaap_ConstructionInProgressGross" xlink:label="loc_us-gaap_ConstructionInProgressGross_3c607fdc-78f6-11e1-94fe-25ba39ebf1f4" xlink:type="locator" />
    <calculationArc order="7" weight="1" xlink:arcrole="http://www.xbrl.org/2003/arcrole/summation-item" xlink:from="loc_us-gaap_PropertyPlantAndEquipmentGross_683f0542-78f6-11e1-94fe-25ba39ebf1f4" xlink:to="loc_us-gaap_ConstructionInProgressGross_3c607fdc-78f6-11e1-94fe-25ba39ebf1f4" xlink:type="arc" />
  </calculationLink>
  <calculationLink xlink:role="http://www.starbucks.com/role/SupplementalBalanceSheetInformationTables" xlink:type="extended" />
</linkbase>
