<?xml version='1.0' encoding='iso-8859-1'?>
<!-- Produced by DTC Financial Publishing using EDGARsuite software, Advanced Computer Innovations, Inc., Copyright (C) 2008-2012 [PPX9TZWK6JKF]. www.edgarsuite.com -->
<xbrl xmlns:nonnum='http://www.xbrl.org/dtr/type/non-numeric' xmlns:xbrldi='http://xbrl.org/2006/xbrldi' xmlns='http://www.xbrl.org/2003/instance' xmlns:us-gaap='http://fasb.org/us-gaap/2011-01-31' xmlns:link='http://www.xbrl.org/2003/linkbase' xmlns:utr='http://www.xbrl.org/2009/utr' xmlns:xsi='http://www.w3.org/2001/XMLSchema-instance' xmlns:fil='http://www.daneexploration.com/20121231' xmlns:xbrli='http://www.xbrl.org/2003/instance' xmlns:dei='http://xbrl.sec.gov/dei/2011-01-31' xmlns:xlink='http://www.w3.org/1999/xlink' xmlns:iso4217='http://www.xbrl.org/2003/iso4217'>
	<link:schemaRef xlink:type='simple' xlink:href='dane-20121231.xsd' />
	<dei:DocumentType contextRef='Y12Q4'>10-Q</dei:DocumentType>
	<dei:DocumentPeriodEndDate contextRef='Y12Q4'>2012-12-31</dei:DocumentPeriodEndDate>
	<dei:AmendmentFlag contextRef='Y12Q4'>false</dei:AmendmentFlag>
	<dei:EntityRegistrantName contextRef='Y12Q4'>DANE EXPLORATION INC.</dei:EntityRegistrantName>
	<dei:EntityCentralIndexKey contextRef='Y12Q4'>0001511325</dei:EntityCentralIndexKey>
	<dei:CurrentFiscalYearEndDate contextRef='Y12Q4'>--09-30</dei:CurrentFiscalYearEndDate>
	<dei:EntityCommonStockSharesOutstanding decimals='INF' contextRef='E12' unitRef='Shares'>53600000</dei:EntityCommonStockSharesOutstanding>
	<dei:EntityPublicFloat decimals='0' contextRef='E12' unitRef='USD'>53600</dei:EntityPublicFloat>
	<dei:EntityFilerCategory contextRef='Y12Q4'>Smaller Reporting Company</dei:EntityFilerCategory>
	<dei:EntityCurrentReportingStatus contextRef='Y12Q4'>Yes</dei:EntityCurrentReportingStatus>
	<dei:EntityVoluntaryFilers contextRef='Y12Q4'>No</dei:EntityVoluntaryFilers>
	<dei:EntityWellKnownSeasonedIssuer contextRef='Y12Q4'>No</dei:EntityWellKnownSeasonedIssuer>
	<dei:DocumentFiscalYearFocus contextRef='Y12Q4'>2013</dei:DocumentFiscalYearFocus>
	<dei:DocumentFiscalPeriodFocus contextRef='Y12Q4'>Q1</dei:DocumentFiscalPeriodFocus>
	<us-gaap:PrepaidExpense decimals='0' contextRef='E12' unitRef='USD'>986</us-gaap:PrepaidExpense>
	<us-gaap:AssetsCurrent decimals='0' contextRef='E12' unitRef='USD'>6741</us-gaap:AssetsCurrent>
	<us-gaap:AssetsCurrent decimals='0' contextRef='E12Q3' unitRef='USD'>66</us-gaap:AssetsCurrent>
	<us-gaap:Assets decimals='0' contextRef='E12' unitRef='USD'>6741</us-gaap:Assets>
	<us-gaap:Assets decimals='0' contextRef='E12Q3' unitRef='USD'>66</us-gaap:Assets>
	<us-gaap:AccountsPayable decimals='0' contextRef='E12Q3' unitRef='USD'>6443</us-gaap:AccountsPayable>
	<us-gaap:NotesPayableRelatedPartiesCurrent decimals='0' contextRef='E12Q3' unitRef='USD'>7705</us-gaap:NotesPayableRelatedPartiesCurrent>
	<us-gaap:LiabilitiesCurrent decimals='0' contextRef='E12Q3' unitRef='USD'>14148</us-gaap:LiabilitiesCurrent>
	<us-gaap:Liabilities decimals='0' contextRef='E12Q3' unitRef='USD'>14148</us-gaap:Liabilities>
	<us-gaap:CommonStockValue decimals='0' contextRef='E12' unitRef='USD'>53600</us-gaap:CommonStockValue>
	<us-gaap:CommonStockValue decimals='0' contextRef='E12Q3' unitRef='USD'>51875</us-gaap:CommonStockValue>
	<us-gaap:AdditionalPaidInCapital decimals='0' contextRef='E12' unitRef='USD'>43400</us-gaap:AdditionalPaidInCapital>
	<us-gaap:AdditionalPaidInCapital decimals='0' contextRef='E12Q3' unitRef='USD'>10625</us-gaap:AdditionalPaidInCapital>
	<us-gaap:RetainedEarningsAccumulatedDeficit decimals='0' contextRef='E12' unitRef='USD'>-90259</us-gaap:RetainedEarningsAccumulatedDeficit>
	<us-gaap:RetainedEarningsAccumulatedDeficit decimals='0' contextRef='E12Q3' unitRef='USD'>-76582</us-gaap:RetainedEarningsAccumulatedDeficit>
	<us-gaap:StockholdersEquity decimals='0' contextRef='E12' unitRef='USD'>6741</us-gaap:StockholdersEquity>
	<us-gaap:StockholdersEquity decimals='0' contextRef='E12Q3' unitRef='USD'>-14082</us-gaap:StockholdersEquity>
	<us-gaap:LiabilitiesAndStockholdersEquity decimals='0' contextRef='E12' unitRef='USD'>6741</us-gaap:LiabilitiesAndStockholdersEquity>
	<us-gaap:LiabilitiesAndStockholdersEquity decimals='0' contextRef='E12Q3' unitRef='USD'>66</us-gaap:LiabilitiesAndStockholdersEquity>
	<us-gaap:CommonStockParOrStatedValuePerShare decimals='INF' contextRef='E12' unitRef='UsdPerShare'>0.001</us-gaap:CommonStockParOrStatedValuePerShare>
	<us-gaap:CommonStockParOrStatedValuePerShare decimals='INF' contextRef='E12Q3' unitRef='UsdPerShare'>0.001</us-gaap:CommonStockParOrStatedValuePerShare>
	<us-gaap:CommonStockSharesAuthorized decimals='INF' contextRef='E12' unitRef='Shares'>250000000</us-gaap:CommonStockSharesAuthorized>
	<us-gaap:CommonStockSharesAuthorized decimals='INF' contextRef='E12Q3' unitRef='Shares'>250000000</us-gaap:CommonStockSharesAuthorized>
	<us-gaap:CommonStockSharesIssued decimals='INF' contextRef='E12' unitRef='Shares'>53600000</us-gaap:CommonStockSharesIssued>
	<us-gaap:CommonStockSharesIssued decimals='INF' contextRef='E12Q3' unitRef='Shares'>51875000</us-gaap:CommonStockSharesIssued>
	<us-gaap:CommonStockSharesOutstanding decimals='INF' contextRef='E12' unitRef='Shares'>53600000</us-gaap:CommonStockSharesOutstanding>
	<us-gaap:CommonStockSharesOutstanding decimals='INF' contextRef='E12Q3' unitRef='Shares'>51875000</us-gaap:CommonStockSharesOutstanding>
	<us-gaap:ExplorationExpenseMining decimals='0' contextRef='D100303_121231' unitRef='USD'>8999</us-gaap:ExplorationExpenseMining>
	<us-gaap:ProfessionalFees decimals='0' contextRef='Y12Q4' unitRef='USD'>12000</us-gaap:ProfessionalFees>
	<us-gaap:ProfessionalFees decimals='0' contextRef='Y11Q4' unitRef='USD'>703</us-gaap:ProfessionalFees>
	<us-gaap:ProfessionalFees decimals='0' contextRef='D100303_121231' unitRef='USD'>56046</us-gaap:ProfessionalFees>
	<us-gaap:GeneralAndAdministrativeExpense decimals='0' contextRef='Y12Q4' unitRef='USD'>1677</us-gaap:GeneralAndAdministrativeExpense>
	<us-gaap:GeneralAndAdministrativeExpense decimals='0' contextRef='Y11Q4' unitRef='USD'>428</us-gaap:GeneralAndAdministrativeExpense>
	<us-gaap:GeneralAndAdministrativeExpense decimals='0' contextRef='D100303_121231' unitRef='USD'>17714</us-gaap:GeneralAndAdministrativeExpense>
	<us-gaap:OperatingExpenses decimals='0' contextRef='Y12Q4' unitRef='USD'>13677</us-gaap:OperatingExpenses>
	<us-gaap:OperatingExpenses decimals='0' contextRef='Y11Q4' unitRef='USD'>1131</us-gaap:OperatingExpenses>
	<us-gaap:OperatingExpenses decimals='0' contextRef='D100303_121231' unitRef='USD'>90259</us-gaap:OperatingExpenses>
	<us-gaap:EarningsPerShareBasicAndDiluted contextRef='D100303_121231' unitRef='UsdPerShare' xsi:nil='true' />
	<us-gaap:WeightedAverageNumberOfSharesOutstandingBasic decimals='INF' contextRef='Y12Q4' unitRef='Shares'>52662500</us-gaap:WeightedAverageNumberOfSharesOutstandingBasic>
	<us-gaap:WeightedAverageNumberOfSharesOutstandingBasic decimals='INF' contextRef='Y11Q4' unitRef='Shares'>50000000</us-gaap:WeightedAverageNumberOfSharesOutstandingBasic>
	<us-gaap:WeightedAverageNumberOfSharesOutstandingBasic contextRef='D100303_121231' unitRef='Shares' xsi:nil='true' />
	<us-gaap:NetIncomeLoss decimals='0' contextRef='Y11Q4' unitRef='USD'>-1131</us-gaap:NetIncomeLoss>
	<us-gaap:UtilitiesOperatingExpenseImpairments decimals='0' contextRef='D100303_121231' unitRef='USD'>7500</us-gaap:UtilitiesOperatingExpenseImpairments>
	<us-gaap:IncreaseDecreaseInPrepaidExpense decimals='0' contextRef='Y12Q4' unitRef='USD'>-986</us-gaap:IncreaseDecreaseInPrepaidExpense>
	<us-gaap:IncreaseDecreaseInPrepaidExpense decimals='0' contextRef='Y11Q4' unitRef='USD'>991</us-gaap:IncreaseDecreaseInPrepaidExpense>
	<us-gaap:IncreaseDecreaseInPrepaidExpense decimals='0' contextRef='D100303_121231' unitRef='USD'>-986</us-gaap:IncreaseDecreaseInPrepaidExpense>
	<us-gaap:IncreaseDecreaseInAccountsPayable decimals='0' contextRef='Y12Q4' unitRef='USD'>6443</us-gaap:IncreaseDecreaseInAccountsPayable>
	<us-gaap:NetCashProvidedByUsedInOperatingActivities decimals='0' contextRef='Y12Q4' unitRef='USD'>-21106</us-gaap:NetCashProvidedByUsedInOperatingActivities>
	<us-gaap:NetCashProvidedByUsedInOperatingActivities decimals='0' contextRef='Y11Q4' unitRef='USD'>-140</us-gaap:NetCashProvidedByUsedInOperatingActivities>
	<us-gaap:NetCashProvidedByUsedInOperatingActivities decimals='0' contextRef='D100303_121231' unitRef='USD'>-83745</us-gaap:NetCashProvidedByUsedInOperatingActivities>
	<us-gaap:PaymentsToAcquireMineralRights decimals='0' contextRef='D100303_121231' unitRef='USD'>7500</us-gaap:PaymentsToAcquireMineralRights>
	<us-gaap:NetCashProvidedByUsedInInvestingActivities decimals='0' contextRef='D100303_121231' unitRef='USD'>-7500</us-gaap:NetCashProvidedByUsedInInvestingActivities>
	<us-gaap:ProceedsFromIssuanceOfCommonStock decimals='0' contextRef='D100303_121231' unitRef='USD'>97000</us-gaap:ProceedsFromIssuanceOfCommonStock>
	<us-gaap:NetCashProvidedByUsedInFinancingActivities decimals='0' contextRef='Y12Q4' unitRef='USD'>26795</us-gaap:NetCashProvidedByUsedInFinancingActivities>
	<us-gaap:NetCashProvidedByUsedInFinancingActivities decimals='0' contextRef='D100303_121231' unitRef='USD'>97000</us-gaap:NetCashProvidedByUsedInFinancingActivities>
	<us-gaap:CashAndCashEquivalentsPeriodIncreaseDecrease decimals='0' contextRef='Y12Q4' unitRef='USD'>5689</us-gaap:CashAndCashEquivalentsPeriodIncreaseDecrease>
	<us-gaap:CashAndCashEquivalentsPeriodIncreaseDecrease decimals='0' contextRef='Y11Q4' unitRef='USD'>-140</us-gaap:CashAndCashEquivalentsPeriodIncreaseDecrease>
	<us-gaap:CashAndCashEquivalentsPeriodIncreaseDecrease decimals='0' contextRef='D100303_121231' unitRef='USD'>5755</us-gaap:CashAndCashEquivalentsPeriodIncreaseDecrease>
	<us-gaap:CashAndCashEquivalentsAtCarryingValue decimals='0' contextRef='E12Q3' unitRef='USD'>66</us-gaap:CashAndCashEquivalentsAtCarryingValue>
	<us-gaap:CashAndCashEquivalentsAtCarryingValue decimals='0' contextRef='E11Q3' unitRef='USD'>197</us-gaap:CashAndCashEquivalentsAtCarryingValue>
	<us-gaap:CashAndCashEquivalentsAtCarryingValue decimals='0' contextRef='E11' unitRef='USD'>57</us-gaap:CashAndCashEquivalentsAtCarryingValue>
	<us-gaap:CashAndCashEquivalentsAtCarryingValue decimals='0' contextRef='E12' unitRef='USD'>5755</us-gaap:CashAndCashEquivalentsAtCarryingValue>
	<us-gaap:OrganizationConsolidationAndPresentationOfFinancialStatementsDisclosureAndSignificantAccountingPoliciesTextBlock contextRef='Y12Q4'>&lt;!--egx--&gt;&lt;p style=&apos;text-align:justify;line-height:12.0pt&apos;&gt;Note 1 &amp;#150; Basis of Presentation&lt;/p&gt; &lt;p style=&apos;margin:0in;margin-bottom:.0001pt;text-align:justify;line-height:12.0pt&apos;&gt;&amp;nbsp;&lt;/p&gt; &lt;p style=&apos;margin:0in;margin-bottom:.0001pt;line-height:12.0pt&apos;&gt;The unaudited financial statements included herein have been prepared by Dane Exploration Inc.&amp;#160; (the &amp;#147;Company&amp;#148;)&amp;#160; in accordance with accounting principles generally accepted in the United States for interim financial information. Certain information and footnote disclosures normally included in the financial statements prepared in accordance with generally accepted accounting principles have been condensed or omitted as allowed by such rules and regulations, and the Company believes that the disclosures are adequate to make the information presented not misleading. These unaudited financial statements of the Company as of December 31, 2012 have been prepared without audit pursuant to the rules and regulations of the Securities Exchange Commission. &lt;/p&gt; &lt;p style=&apos;margin:0in;margin-bottom:.0001pt;line-height:12.0pt&apos;&gt;&amp;nbsp;&lt;/p&gt; &lt;p style=&apos;margin:0in;margin-bottom:.0001pt;line-height:12.0pt&apos;&gt;It is suggested that these financial statements be read in conjunction with the September 30, 2012 audited financial statements and the accompanying notes included in the Company&amp;#146;s Form 10&lt;b&gt;-&lt;/b&gt;K filed with the Securities and Exchange Commission. The results of operations for the interim periods are not necessarily indicative of the results for the full year. In management&amp;#146;s opinion all adjustments necessary for a fair presentation of the Company&amp;#146;s financial statements are of a normal recurring nature and are reflected in the interim periods included.&lt;/p&gt; &lt;p style=&apos;margin:0in;margin-bottom:.0001pt;line-height:12.0pt&apos;&gt;&amp;nbsp;&lt;/p&gt; &lt;p style=&apos;margin:0in;margin-bottom:.0001pt;line-height:12.0pt&apos;&gt;Amounts shown for September 30, 2012 are based upon the audited financial statements of that date.&lt;/p&gt;</us-gaap:OrganizationConsolidationAndPresentationOfFinancialStatementsDisclosureAndSignificantAccountingPoliciesTextBlock>
	<us-gaap:SignificantAccountingPoliciesTextBlock contextRef='Y12Q4'>&lt;!--egx--&gt;&lt;p style=&apos;text-align:justify;line-height:12.0pt&apos;&gt;Note 2 &amp;#150; Summary of Significant Accounting Policies&lt;/p&gt; &lt;p style=&apos;margin-top:0in;margin-right:0in;margin-bottom:6.0pt;margin-left:0in;margin-bottom:0in;margin-bottom:.0001pt;text-align:justify;line-height:12.0pt&apos;&gt;&amp;nbsp;&lt;/p&gt; &lt;p style=&apos;margin-top:0in;margin-right:0in;margin-bottom:6.0pt;margin-left:0in;margin-bottom:0in;margin-bottom:.0001pt;line-height:12.0pt&apos;&gt;This summary of significant accounting policies is presented to assist in understanding Dane Resources Inc.&amp;#146;s financial statements. The financial statements and notes are representations of the Company&amp;#146;s management, who are responsible for their integrity and objectivity. These accounting policies conform to generally accepted accounting principles in the United States of America and have been consistently applied in the preparation of the financial statements, which are stated in U.S. Dollars.&lt;/p&gt; &lt;p style=&apos;margin-top:0in;margin-right:0in;margin-bottom:6.0pt;margin-left:0in;margin-bottom:0in;margin-bottom:.0001pt;line-height:12.0pt&apos;&gt;&amp;nbsp;&lt;/p&gt; &lt;p style=&apos;margin-top:0in;margin-right:0in;margin-bottom:6.0pt;margin-left:0in;margin-bottom:0in;margin-bottom:.0001pt;line-height:12.0pt&apos;&gt;The financial statements reflect the following significant accounting policies:&lt;/p&gt; &lt;p style=&apos;margin-top:0in;margin-right:0in;margin-bottom:6.0pt;margin-left:0in;margin-bottom:0in;margin-bottom:.0001pt;text-align:justify;line-height:12.0pt&apos;&gt;&amp;nbsp;&lt;/p&gt; &lt;p style=&apos;margin-top:0in;margin-right:0in;margin-bottom:6.0pt;margin-left:0in;margin-bottom:0in;margin-bottom:.0001pt;line-height:12.0pt&apos;&gt;&lt;b&gt;Exploration Stage Company&lt;/b&gt;&lt;/p&gt; &lt;p style=&apos;margin-top:0in;margin-right:0in;margin-bottom:6.0pt;margin-left:0in;margin-bottom:0in;margin-bottom:.0001pt;line-height:12.0pt&apos;&gt;&amp;nbsp;&lt;/p&gt; &lt;p style=&apos;margin-top:0in;margin-right:0in;margin-bottom:6.0pt;margin-left:0in;margin-bottom:0in;margin-bottom:.0001pt;line-height:12.0pt&apos;&gt;The Company is an exploration stage company.&amp;nbsp;The Company is devoting substantially all of its present efforts to establish a new business and none of its planned principal operations have commenced.&amp;nbsp;As an exploration stage enterprise, the Company discloses the deficit accumulated during the exploration stage and the cumulative statements of operations and cash flows from inception to the current balance sheet date.&lt;/p&gt; &lt;p style=&apos;margin-top:0in;margin-right:0in;margin-bottom:6.0pt;margin-left:0in;margin-bottom:0in;margin-bottom:.0001pt&apos;&gt;&amp;nbsp;&lt;/p&gt; &lt;p style=&apos;margin-top:0in;margin-right:0in;margin-bottom:6.0pt;margin-left:0in;margin-bottom:0in;margin-bottom:.0001pt;line-height:12.0pt&apos;&gt;&lt;b&gt;Exploration Costs and Mineral Property Right Acquisitions&lt;/b&gt;&lt;/p&gt; &lt;p style=&apos;margin:0in;margin-bottom:.0001pt;line-height:12.0pt&apos;&gt;&amp;nbsp;&lt;/p&gt; &lt;p style=&apos;margin:0in;margin-bottom:.0001pt&apos;&gt;The Company is primarily engaged in the acquisition and exploration of mining properties. Mineral property exploration costs are expensed as incurred. Mineral property acquisition costs are initially capitalized when incurred. The Company assesses the carrying costs for impairment under Accounting Standards 930 Extractive Activities &amp;#150; Mining (AS 930). An impairment is recognized when the sum of the expected undiscounted future cash flows is less than the carrying amount of the mineral property. Impairment losses, if any, are measured as the excess of the carrying amount of the mineral property over its estimated fair value.&amp;#160; No impairment losses were recorded during the three month periods ending December 31, 2012 or 2011, respectively. &lt;/p&gt; &lt;p style=&apos;margin:0in;margin-bottom:.0001pt&apos;&gt;&amp;nbsp;&lt;/p&gt; &lt;p style=&apos;margin:0in;margin-bottom:.0001pt;line-height:12.0pt&apos;&gt;&amp;nbsp;&lt;/p&gt; &lt;p style=&apos;margin-top:0in;margin-right:0in;margin-bottom:6.0pt;margin-left:.25in;margin:0in;margin-bottom:.0001pt;text-align:justify;line-height:12.0pt&apos;&gt;&lt;b&gt;Use of Estimates&lt;/b&gt;&lt;/p&gt; &lt;p style=&apos;margin-top:0in;margin-right:0in;margin-bottom:6.0pt;margin-left:0in;margin-bottom:0in;margin-bottom:.0001pt;text-align:justify;line-height:12.0pt&apos;&gt;&amp;nbsp;&lt;/p&gt; &lt;p style=&apos;margin-top:0in;margin-right:0in;margin-bottom:6.0pt;margin-left:0in;margin-bottom:0in;margin-bottom:.0001pt;line-height:12.0pt&apos;&gt;The preparation of financial statements in conformity with generally accepted accounting principles in the United States of America requires management to make estimates and assumptions that affect the reported amounts of assets and liabilities and disclosure of contingent assets and liabilities at the date of the financial statements and the reported amounts of revenues and expenses during the period. Actual results could differ from those estimates.&lt;/p&gt; &lt;p style=&apos;margin-top:0in;margin-right:0in;margin-bottom:6.0pt;margin-left:0in;margin-bottom:0in;margin-bottom:.0001pt&apos;&gt;&amp;nbsp;&lt;/p&gt; &lt;p style=&apos;margin-top:0in;margin-right:0in;margin-bottom:6.0pt;margin-left:.25in;margin:0in;margin-bottom:.0001pt;text-align:justify;line-height:12.0pt&apos;&gt;&lt;b&gt;Earnings or (Loss) per Share&lt;/b&gt;&lt;/p&gt; &lt;p style=&apos;margin-top:0in;margin-right:0in;margin-bottom:6.0pt;margin-left:.25in;margin:0in;margin-bottom:.0001pt;text-align:justify;line-height:12.0pt&apos;&gt;&amp;nbsp;&lt;/p&gt; &lt;p style=&apos;margin:0in;margin-bottom:.0001pt&apos;&gt;Basic loss per share is calculated by dividing the net loss available to common stockholders by the weighted average number of common shares outstanding for the period. The denominator in this calculation is adjusted to reflect any stock splits or stock dividends. &lt;font lang=&quot;EN-CA&quot;&gt;Diluted loss per share is calculated using the treasury method which requires the calculation of diluted loss per share by assuming that any outstanding stock options with an average market price that exceeds the average exercise prices of the options for the year, are exercised and the assumed proceeds are used to repurchase shares of the Company at the average market price of the common shares for the year. &lt;/font&gt;An incremental per share effect is then calculated for each option. The denominator of the diluted loss per share formula is the number common shares outstanding at balance sheet date plus the incremental shares assumed to be issued from treasury for option exercises, less the number of shares assumed to be repurchased, weighted by the period they are assumed to be outstanding. This dilution calculation did not affect current fiscal year results because the Company does not have an Option Plan and has not issued any stock options; nor equity securities equivalents such as warrants. &lt;/p&gt; &lt;p style=&apos;margin:0in;margin-bottom:.0001pt&apos;&gt;&amp;nbsp;&lt;/p&gt; &lt;p style=&apos;margin-top:0in;margin-right:0in;margin-bottom:6.0pt;margin-left:0in;margin-bottom:0in;margin-bottom:.0001pt;line-height:12.0pt&apos;&gt;&amp;nbsp;&lt;/p&gt; &lt;p style=&apos;margin-top:0in;margin-right:0in;margin-bottom:6.0pt;margin-left:0in;margin-bottom:0in;margin-bottom:.0001pt;line-height:12.0pt&apos;&gt;&lt;b&gt;Stock-based Compensation &lt;/b&gt;&lt;/p&gt; &lt;p style=&apos;margin-top:0in;margin-right:0in;margin-bottom:6.0pt;margin-left:0in;margin-bottom:0in;margin-bottom:.0001pt;line-height:12.0pt&apos;&gt;&amp;nbsp;&lt;/p&gt; &lt;p style=&apos;margin-top:0in;margin-right:0in;margin-bottom:6.0pt;margin-left:0in;margin-bottom:0in;margin-bottom:.0001pt;line-height:12.0pt&apos;&gt;The Company follows ASC 718&lt;b&gt;-&lt;/b&gt;10, &lt;i&gt;Stock Compensation&lt;/i&gt;, which addresses the accounting for transactions in which an entity exchanges its equity instruments for goods or services, with a primary focus on transactions in which an entity obtains employee services in share-based payment transactions. ASC 718&lt;b&gt;-&lt;/b&gt;10 requires measurement of the cost of employee services received in exchange for an award of equity instruments based on the grant&lt;b&gt;-&lt;/b&gt;date fair value of the award (with limited exceptions). Incremental compensation costs arising from subsequent modifications of awards after the grant date must be recognized. The Company has not adopted a stock option plan and has not granted any stock options; nor has it made any awards of stock, or stock equivalents.&lt;/p&gt; &lt;p style=&apos;margin-top:0in;margin-right:0in;margin-bottom:6.0pt;margin-left:0in;margin-bottom:0in;margin-bottom:.0001pt&apos;&gt;&amp;nbsp;&lt;/p&gt; &lt;p style=&apos;margin-top:0in;margin-right:0in;margin-bottom:6.0pt;margin-left:0in;margin-bottom:0in;margin-bottom:.0001pt;line-height:12.0pt&apos;&gt;&lt;b&gt;Estimated Fair Value of Financial Instruments&lt;/b&gt;&lt;/p&gt; &lt;p style=&apos;margin-top:0in;margin-right:0in;margin-bottom:6.0pt;margin-left:.25in;margin:0in;margin-bottom:.0001pt;text-align:justify;line-height:12.0pt&apos;&gt;&amp;nbsp;&lt;/p&gt; &lt;p style=&apos;margin-top:0in;margin-right:0in;margin-bottom:6.0pt;margin-left:0in;margin-bottom:0in;margin-bottom:.0001pt;line-height:12.0pt&apos;&gt;ASC 820, &lt;i&gt;&amp;quot;Fair Value Measurements&amp;quot;&lt;/i&gt;, requires an entity to maximize the use of observable inputs and minimize the use of unobservable inputs when measuring fair value. It establishes a fair value hierarchy based on the level of independent, objective evidence surrounding the inputs used to measure fair value. A financial instrument&apos;s categorization within the fair value hierarchy is based upon the lowest level of input that is significant to the fair value measurement. It prioritizes the inputs into three levels that may be used to measure fair value:&lt;/p&gt; &lt;p style=&apos;margin-top:0in;margin-right:0in;margin-bottom:6.0pt;margin-left:0in;margin-bottom:0in;margin-bottom:.0001pt;line-height:12.0pt&apos;&gt;&amp;nbsp;&lt;/p&gt; &lt;p style=&apos;margin-top:0in;margin-right:0in;margin-bottom:6.0pt;margin-left:0in;margin-bottom:0in;margin-bottom:.0001pt;line-height:12.0pt&apos;&gt;&lt;i&gt;Level 1:&lt;/i&gt;&lt;/p&gt; &lt;p style=&apos;margin-top:0in;margin-right:0in;margin-bottom:6.0pt;margin-left:0in;margin-bottom:0in;margin-bottom:.0001pt;line-height:12.0pt&apos;&gt;Level 1 applies to assets or liabilities for which there are quoted prices in active markets for identical assets or liabilities.&lt;/p&gt; &lt;p style=&apos;margin-top:0in;margin-right:0in;margin-bottom:6.0pt;margin-left:0in;margin-bottom:0in;margin-bottom:.0001pt;line-height:12.0pt&apos;&gt;&amp;nbsp;&lt;/p&gt; &lt;p style=&apos;margin-top:0in;margin-right:0in;margin-bottom:6.0pt;margin-left:0in;margin-bottom:0in;margin-bottom:.0001pt;line-height:12.0pt&apos;&gt;&lt;i&gt;Level 2:&lt;/i&gt;&lt;/p&gt; &lt;p style=&apos;margin-top:0in;margin-right:0in;margin-bottom:6.0pt;margin-left:0in;margin-bottom:0in;margin-bottom:.0001pt;line-height:12.0pt&apos;&gt;Level 2 applies to assets or liabilities for which there are inputs other than quoted prices that are observable for the asset or liability such as quoted prices for similar assets or liabilities in active markets; quoted prices for identical assets or liabilities in markets with insufficient volume or infrequent transactions (less active markets); or model&lt;b&gt;-&lt;/b&gt;derived valuations in which significant inputs are observable or can be derived principally from, or corroborated by, observable market data.&lt;/p&gt; &lt;p style=&apos;margin-top:0in;margin-right:0in;margin-bottom:6.0pt;margin-left:0in;margin-bottom:0in;margin-bottom:.0001pt;line-height:12.0pt&apos;&gt;&amp;nbsp;&lt;/p&gt; &lt;p style=&apos;margin-top:0in;margin-right:0in;margin-bottom:6.0pt;margin-left:0in;margin-bottom:0in;margin-bottom:.0001pt;line-height:12.0pt&apos;&gt;&lt;i&gt;Level 3:&lt;/i&gt;&lt;/p&gt; &lt;p style=&apos;margin-top:0in;margin-right:0in;margin-bottom:6.0pt;margin-left:0in;margin-bottom:0in;margin-bottom:.0001pt;line-height:12.0pt&apos;&gt;Level 3 applies to assets or liabilities for which there are unobservable inputs to the valuation methodology that are significant to the measurement of the fair value of the assets or liabilities.&lt;/p&gt; &lt;p align=&quot;center&quot; style=&apos;margin-top:0in;margin-right:0in;margin-bottom:6.0pt;margin-left:0in;margin-bottom:0in;margin-bottom:.0001pt;text-align:center;line-height:12.0pt&apos;&gt;&amp;nbsp;&lt;/p&gt; &lt;p style=&apos;margin-top:0in;margin-right:0in;margin-bottom:6.0pt;margin-left:0in;margin-bottom:0in;margin-bottom:.0001pt;line-height:12.0pt&apos;&gt;The Company&apos;s financial instruments consist principally of cash, accounts payable, and shareholder advances. Pursuant to ASC 820, the fair value of our cash is determined based on &amp;quot;Level 1&amp;quot; inputs, which consist of quoted prices in active markets for identical assets. We believe that the recorded values of all of our other financial instruments approximate their current fair values because of their nature and respective maturity dates or durations.&lt;/p&gt; &lt;p style=&apos;margin-top:0in;margin-right:0in;margin-bottom:6.0pt;margin-left:0in;margin-bottom:0in;margin-bottom:.0001pt;line-height:12.0pt&apos;&gt;&amp;nbsp;&lt;/p&gt; &lt;p style=&apos;margin-top:0in;margin-right:0in;margin-bottom:6.0pt;margin-left:0in;margin-bottom:0in;margin-bottom:.0001pt&apos;&gt;It is management&amp;#146;s opinion that the Company is not exposed to significant interest, currency or credit risks arising from these financial instruments. &lt;/p&gt; &lt;p style=&apos;margin-top:0in;margin-right:0in;margin-bottom:6.0pt;margin-left:0in;margin-bottom:0in;margin-bottom:.0001pt&apos;&gt;&amp;nbsp;&lt;/p&gt; &lt;p style=&apos;margin-top:0in;margin-right:0in;margin-bottom:6.0pt;margin-left:0in;margin-bottom:0in;margin-bottom:.0001pt;line-height:12.0pt&apos;&gt;&amp;nbsp;&lt;/p&gt; &lt;p style=&apos;margin-top:0in;margin-right:0in;margin-bottom:6.0pt;margin-left:0in;margin-bottom:0in;margin-bottom:.0001pt;line-height:12.0pt&apos;&gt;&lt;b&gt;Income Taxes&lt;/b&gt;&lt;/p&gt; &lt;p style=&apos;margin:0in;margin-bottom:.0001pt;text-align:justify;line-height:12.0pt&apos;&gt;&amp;nbsp;&lt;/p&gt; &lt;p style=&apos;margin-top:0in;margin-right:0in;margin-bottom:6.0pt;margin-left:0in;margin-bottom:0in;margin-bottom:.0001pt;line-height:12.0pt&apos;&gt;The Company recognizes deferred tax liabilities and assets for the expected future tax consequences of events that have been recognized in the Company&amp;#146;s financial statements or tax returns using the liability method. Under this method, deferred tax liabilities and assets are determined based on the temporary differences between the financial statement carrying amounts and tax bases of assets and liabilities using enacted rates in effect in the years during which the differences are expected to reverse and upon the possible realization of net operating loss carry&lt;b&gt;-&lt;/b&gt;forwards. Additionally, the Company has not recognized any amount for a tax position taken or expected to be taken on its tax return, or for any interest or penalties.&lt;/p&gt; &lt;p style=&apos;margin-top:0in;margin-right:0in;margin-bottom:6.0pt;margin-left:0in;margin-bottom:0in;margin-bottom:.0001pt&apos;&gt;&amp;nbsp;&lt;/p&gt; &lt;p style=&apos;margin-top:0in;margin-right:0in;margin-bottom:6.0pt;margin-left:0in;margin-bottom:0in;margin-bottom:.0001pt;line-height:12.0pt&apos;&gt;&lt;b&gt;Valuation of Long-Lived Assets&lt;/b&gt;&lt;/p&gt; &lt;p style=&apos;margin-top:0in;margin-right:0in;margin-bottom:6.0pt;margin-left:0in;margin-bottom:0in;margin-bottom:.0001pt;line-height:12.0pt&apos;&gt;&amp;nbsp;&lt;/p&gt; &lt;p style=&apos;margin-top:0in;margin-right:0in;margin-bottom:6.0pt;margin-left:0in;margin-bottom:0in;margin-bottom:.0001pt;line-height:12.0pt&apos;&gt;The Company will periodically analyze its long-lived assets for potential impairment, assessing the appropriateness of lives and recoverability of unamortized balances through measurement of undiscounted operation cash flows on a basis consistent with accounting principles generally accepted in the United States of America.&lt;/p&gt; &lt;p style=&apos;margin-top:0in;margin-right:0in;margin-bottom:6.0pt;margin-left:0in;margin-bottom:0in;margin-bottom:.0001pt&apos;&gt;&amp;nbsp;&lt;/p&gt; &lt;p style=&apos;margin-top:0in;margin-right:0in;margin-bottom:6.0pt;margin-left:0in;margin-bottom:0in;margin-bottom:.0001pt;text-align:justify;line-height:12.0pt&apos;&gt;&lt;b&gt;Start-up Costs&lt;/b&gt;&lt;/p&gt; &lt;p style=&apos;margin-top:0in;margin-right:0in;margin-bottom:6.0pt;margin-left:0in;margin-bottom:0in;margin-bottom:.0001pt;text-align:justify;line-height:12.0pt&apos;&gt;&amp;nbsp;&lt;/p&gt; &lt;p style=&apos;margin-top:0in;margin-right:0in;margin-bottom:6.0pt;margin-left:0in;margin-bottom:0in;margin-bottom:.0001pt;line-height:12.0pt&apos;&gt;The Company expenses the cost of start&lt;b&gt;-&lt;/b&gt;up activities, including organizational costs, as those costs are incurred.&lt;/p&gt; &lt;p style=&apos;margin-top:0in;margin-right:0in;margin-bottom:6.0pt;margin-left:0in;margin-bottom:0in;margin-bottom:.0001pt&apos;&gt;&amp;nbsp;&lt;/p&gt; &lt;p style=&apos;margin-top:0in;margin-right:0in;margin-bottom:6.0pt;margin-left:0in;margin-bottom:0in;margin-bottom:.0001pt;line-height:12.0pt&apos;&gt;&lt;b&gt;Foreign Currency&lt;/b&gt;&lt;/p&gt; &lt;p style=&apos;margin-top:0in;margin-right:0in;margin-bottom:6.0pt;margin-left:0in;margin-bottom:0in;margin-bottom:.0001pt;line-height:12.0pt&apos;&gt;&amp;nbsp;&lt;/p&gt; &lt;p style=&apos;margin-top:0in;margin-right:0in;margin-bottom:6.0pt;margin-left:0in;margin-bottom:0in;margin-bottom:.0001pt;line-height:12.0pt&apos;&gt;The books of the Company are maintained in United States dollars and this is the Company&amp;#146;s functional and reporting currency. Transactions denominated in other than the United States dollar are translated as follows with the related transaction gains and losses being recorded in the Statements of Operations:&lt;/p&gt; &lt;p style=&apos;margin-top:0in;margin-right:0in;margin-bottom:6.0pt;margin-left:0in;margin-bottom:0in;margin-bottom:.0001pt;line-height:12.0pt&apos;&gt;&amp;nbsp;&lt;/p&gt; &lt;p style=&apos;margin-top:0in;margin-right:0in;margin-bottom:6.0pt;margin-left:0in;margin-top:0in;margin-right:0in;margin-bottom:0in;margin-left:1.0in;margin-bottom:.0001pt;text-indent:-.5in;line-height:12.0pt&apos;&gt;(i)&amp;nbsp;&amp;nbsp;&amp;nbsp;&amp;nbsp;&amp;nbsp;&amp;nbsp;&amp;nbsp;&amp;nbsp;&amp;nbsp;&amp;nbsp;&amp;nbsp;&amp;nbsp;&amp;nbsp;&amp;nbsp;&amp;nbsp;&amp;nbsp; Monetary items are recorded at the rate of exchange prevailing as at the balance sheet date;&lt;/p&gt; &lt;p style=&apos;margin-top:0in;margin-right:0in;margin-bottom:6.0pt;margin-left:0in;margin-top:0in;margin-right:0in;margin-bottom:0in;margin-left:1.0in;margin-bottom:.0001pt;text-indent:-.5in;line-height:12.0pt&apos;&gt;(ii)&amp;nbsp;&amp;nbsp;&amp;nbsp;&amp;nbsp;&amp;nbsp;&amp;nbsp;&amp;nbsp;&amp;nbsp;&amp;nbsp;&amp;nbsp;&amp;nbsp;&amp;nbsp;&amp;nbsp;&amp;nbsp; Non-Monetary items including equity are recorded at the historical rate of exchange; and &lt;/p&gt; &lt;p style=&apos;margin-top:0in;margin-right:0in;margin-bottom:6.0pt;margin-left:0in;margin-top:0in;margin-right:0in;margin-bottom:0in;margin-left:1.0in;margin-bottom:.0001pt;text-indent:-.5in;line-height:12.0pt&apos;&gt;(iii)&amp;nbsp;&amp;nbsp;&amp;nbsp;&amp;nbsp;&amp;nbsp;&amp;nbsp;&amp;nbsp;&amp;nbsp;&amp;nbsp;&amp;nbsp;&amp;nbsp;&amp;nbsp; Revenues and expenses are recorded at the period average in which the transaction occurred.&lt;/p&gt; &lt;p style=&apos;margin:0in;margin-bottom:.0001pt;line-height:12.0pt&apos;&gt;&amp;nbsp;&lt;/p&gt; &lt;p style=&apos;margin:0in;margin-bottom:.0001pt&apos;&gt;During the three month period ended December 30, 2012, the Company was not involved in any transactions which required translation of foreign currencies. &lt;/p&gt; &lt;p style=&apos;margin:0in;margin-bottom:.0001pt&apos;&gt;&amp;nbsp;&lt;/p&gt; &lt;p style=&apos;margin:0in;margin-bottom:.0001pt;line-height:12.0pt&apos;&gt;&amp;nbsp;&lt;/p&gt; &lt;p style=&apos;margin:0in;margin-bottom:.0001pt;line-height:12.0pt&apos;&gt;&lt;b&gt;Cash and Cash Equivalents&lt;/b&gt;&lt;/p&gt; &lt;p style=&apos;margin:0in;margin-bottom:.0001pt;line-height:12.0pt&apos;&gt;&amp;nbsp;&lt;/p&gt; &lt;p style=&apos;margin-top:0in;margin-right:0in;margin-bottom:6.0pt;margin-left:0in;margin-bottom:0in;margin-bottom:.0001pt;line-height:12.0pt&apos;&gt;The Company considers cash and cash equivalents to consist of cash on hand and demand deposits in banks with an initial maturity of 90 days or less.&lt;/p&gt; &lt;p style=&apos;margin-top:0in;margin-right:0in;margin-bottom:6.0pt;margin-left:0in;margin-bottom:0in;margin-bottom:.0001pt&apos;&gt;&amp;nbsp;&lt;/p&gt; &lt;p style=&apos;margin:0in;margin-bottom:.0001pt;line-height:12.0pt&apos;&gt;&lt;b&gt;Risks and Uncertainties&lt;/b&gt;&lt;/p&gt; &lt;p style=&apos;margin:0in;margin-bottom:.0001pt;line-height:12.0pt&apos;&gt;&amp;nbsp;&lt;/p&gt; &lt;p style=&apos;margin-top:0in;margin-right:0in;margin-bottom:6.0pt;margin-left:0in;margin-bottom:0in;margin-bottom:.0001pt;line-height:12.0pt&apos;&gt;The Company is subject to substantial business risks and uncertainties inherent in starting a new business. There is no assurance that the Company will be able to generate sufficient revenues or obtain sufficient funds necessary for launching a new business venture.&lt;/p&gt; &lt;p style=&apos;margin-top:0in;margin-right:0in;margin-bottom:6.0pt;margin-left:0in;margin-bottom:0in;margin-bottom:.0001pt&apos;&gt;&amp;nbsp;&lt;/p&gt; &lt;p style=&apos;margin:0in;margin-bottom:.0001pt;line-height:12.0pt&apos;&gt;&lt;b&gt;Recent Accounting Pronouncements&lt;/b&gt;&lt;/p&gt; &lt;p style=&apos;margin:0in;margin-bottom:.0001pt;line-height:12.0pt&apos;&gt;&amp;nbsp;&lt;/p&gt; &lt;p style=&apos;margin-top:0in;margin-right:0in;margin-bottom:6.0pt;margin-left:0in;margin-bottom:0in;margin-bottom:.0001pt&apos;&gt;Various accounting pronouncements have been issued during 2012 and 2011, none of which are expected to have a material effect on the financial statements of the Company.&lt;/p&gt; &lt;p style=&apos;margin-top:0in;margin-right:0in;margin-bottom:6.0pt;margin-left:0in;margin-bottom:0in;margin-bottom:.0001pt&apos;&gt;&amp;nbsp;&lt;/p&gt;</us-gaap:SignificantAccountingPoliciesTextBlock>
	<us-gaap:ConcentrationRiskDisclosureTextBlock contextRef='Y12Q4'>&lt;!--egx--&gt;&lt;p style=&apos;margin-top:0in;margin-right:0in;margin-bottom:6.0pt;margin-left:0in;margin-bottom:0in;margin-bottom:.0001pt;line-height:12.0pt&apos;&gt;&lt;b&gt;&lt;i&gt;Note 3 &amp;#150; Going Concern&lt;/i&gt;&lt;/b&gt;&lt;/p&gt; &lt;p style=&apos;margin:0in;margin-bottom:.0001pt;text-align:justify;line-height:12.0pt&apos;&gt;&amp;nbsp;&lt;/p&gt; &lt;p style=&apos;margin:0in;margin-bottom:.0001pt;line-height:12.0pt&apos;&gt;Generally accepted accounting principles in the United States of America contemplate the continuation of the Company as a going concern. However, the Company had a net loss for the three month period ended December 31, 2012 of $13,677; has accumulated losses of $90,259 since inception on March 3, 2010; and has limited business operations, which raises substantial doubt about the Company&amp;#146;s ability to continue as a going concern. During the three months ended December 30, 2012, we addressed this going concern issue by raising cash of $34,500 through a public offering of our common shares which were registered with the Securities and Exchange Commission through filing of a Form S&lt;b&gt;-&lt;/b&gt;1 which became effective September 27, 2012. The continuation of the Company is dependent upon the success of further offerings of shares to the public and continuing financial support of stockholders of the Company and management. As of December 31, 2012, we projected the Company would need additional cash resources to operate during the upcoming 12 months and the Company intends to attempt to acquire additional operating capital through its ongoing public offering of shares. However, there is no assurance that any equity or debt offerings will successfully raise sufficient funds to assure the eventual profitability of the Company. The financial statements do not include any adjustments relating to the recoverability and classification of recorded assets, or the amounts of and classification of liabilities that might be necessary in the event the Company cannot continue in existence.&lt;/p&gt;</us-gaap:ConcentrationRiskDisclosureTextBlock>
	<us-gaap:RelatedPartyTransactionsDisclosureTextBlock contextRef='Y12Q4'>&lt;!--egx--&gt;&lt;p style=&apos;margin:0in;margin-bottom:.0001pt;line-height:12.0pt&apos;&gt;&lt;b&gt;&lt;i&gt;Note 4 &amp;#150; Related Party Transactions &amp;amp; Shareholder Advances&lt;/i&gt;&lt;/b&gt;&lt;/p&gt; &lt;p style=&apos;margin:0in;margin-bottom:.0001pt;line-height:12.0pt&apos;&gt;&amp;nbsp;&lt;/p&gt; &lt;p style=&apos;margin:0in;margin-bottom:.0001pt;line-height:12.0pt&apos;&gt;During the three month period ended December 31, 2012, the Company repaid our president $7,705 owed to him for advances he had made to the Company. These shareholder advances had been non&lt;b&gt;-&lt;/b&gt;interest bearing and were payable on demand. This repayment extinguishes all shareholder advances owed by the Company.&lt;/p&gt;</us-gaap:RelatedPartyTransactionsDisclosureTextBlock>
	<us-gaap:CommitmentsAndContingenciesDisclosureTextBlock contextRef='Y12Q4'>&lt;!--egx--&gt;&lt;p style=&apos;text-align:justify;line-height:12.0pt&apos;&gt;Note 5 &amp;#150; Commitments and Contingencies &lt;/p&gt; &lt;p style=&apos;margin:0in;margin-bottom:.0001pt;line-height:12.0pt&apos;&gt;&amp;nbsp;&lt;/p&gt; &lt;p style=&apos;margin:0in;margin-bottom:.0001pt;line-height:12.0pt&apos;&gt;In order to maintain its mineral claim tenure titles in good standing it is necessary for the Company or its agent to perform and record physical or other acceptable work with a prescribed value per hectare per year during each yearly period mandated by the British Columbia Mineral Titles Branch (each such period covering July 1st to June 30th of the following year). If acceptable work is not performed, the Company must pay the equivalent sum as cash in lieu of work at double the work assessment rate. Failure to do work or pay the cash in lieu will result in forfeiture of title. &lt;/p&gt; &lt;p align=&quot;center&quot; style=&apos;margin-top:0in;margin-right:0in;margin-bottom:6.0pt;margin-left:0in;margin-bottom:0in;margin-bottom:.0001pt;text-align:center;line-height:12.0pt&apos;&gt;&amp;nbsp;&lt;/p&gt; &lt;p style=&apos;margin:0in;margin-bottom:.0001pt;line-height:12.0pt&apos;&gt;The Judy 1 claim Tenure 735182 and the McDame Mountain claim Tenure 821402 each now have an expiry date of December 19, 2013. During the twelve month period ended September 30, 2012, new claim tenure dates were established through the filing of a work report with the Government of British Columbia Mineral Titles Branch and through fees in lieu of exploration work performed. &lt;/p&gt; &lt;p align=&quot;center&quot; style=&apos;margin-top:0in;margin-right:0in;margin-bottom:6.0pt;margin-left:0in;margin-bottom:0in;margin-bottom:.0001pt;text-align:center;line-height:12.0pt&apos;&gt;&amp;nbsp;&lt;/p&gt; &lt;p style=&apos;margin:0in;margin-bottom:.0001pt;line-height:12.0pt&apos;&gt;Based on the December 19, 2013 claims extension, further work expenditures must be performed as follows to maintain the claims: $nil fiscal year 2013; $6,194 for fiscal year 2014; $9,419 for fiscal year 2015; $11,052 for fiscal year 2016; $12,559 for fiscal year 2017 and for each subsequent fiscal year. Alternatively, if payments in lieu of work performed are used to maintain the claims, these costs translate to $nil for fiscal year 2013; $12,387 for fiscal year 2014; $18,839 for fiscal year 2015; $22,104 for fiscal year 2016; $25,118 for fiscal year 2017 and for each subsequent fiscal year.&lt;/p&gt;</us-gaap:CommitmentsAndContingenciesDisclosureTextBlock>
	<us-gaap:StockholdersEquityNoteDisclosureTextBlock contextRef='Y12Q4'>&lt;!--egx--&gt;&lt;p style=&apos;margin:0in;margin-bottom:.0001pt;line-height:12.0pt&apos;&gt;&lt;b&gt;&lt;i&gt;Note 6 &amp;#150; Common Stock&lt;/i&gt;&lt;/b&gt;&lt;/p&gt; &lt;p style=&apos;margin-top:0in;margin-right:0in;margin-bottom:6.0pt;margin-left:0in;margin-bottom:0in;margin-bottom:.0001pt;text-align:justify;line-height:12.0pt&apos;&gt;&amp;nbsp;&lt;/p&gt; &lt;p style=&apos;margin-top:0in;margin-right:0in;margin-bottom:6.0pt;margin-left:0in;margin-bottom:0in;margin-bottom:.0001pt;line-height:12.0pt&apos;&gt;&lt;font lang=&quot;EN-GB&quot;&gt;On March 18, 2012, the Company issued a total of &lt;/font&gt;&lt;font lang=&quot;EN-GB&quot;&gt;1,825,000&lt;/font&gt;&lt;font lang=&quot;EN-GB&quot;&gt; common shares related to its first public offering of shares. These shares were sold to non&lt;b&gt;-&lt;/b&gt;related parties at a price of &lt;/font&gt;&lt;font lang=&quot;EN-GB&quot;&gt;$0.02&lt;/font&gt;&lt;font lang=&quot;EN-GB&quot;&gt; per share for total consideration of &lt;/font&gt;&lt;font lang=&quot;EN-GB&quot;&gt;$36,500&lt;/font&gt;&lt;font lang=&quot;EN-GB&quot;&gt; as part of an offering of 25,000,000 common shares which the Company registered with the Securities and Exchange Commission (&apos;SEC&apos;) through filing of a Form S&lt;b&gt;-&lt;/b&gt;1 which was deemed effective by the SEC on September 19, 2011 and which expired on March 18, 2012. &lt;/font&gt;&lt;/p&gt; &lt;p style=&apos;margin:0in;margin-bottom:.0001pt;line-height:12.0pt&apos;&gt;&amp;nbsp;&lt;/p&gt; &lt;p style=&apos;margin:0in;margin-bottom:.0001pt;line-height:12.0pt&apos;&gt;&lt;font lang=&quot;EN-GB&quot;&gt;On September 27, 2012, the Company issued &lt;/font&gt;&lt;font lang=&quot;EN-GB&quot;&gt;50,000&lt;/font&gt;&lt;font lang=&quot;EN-GB&quot;&gt; common shares to a non&lt;b&gt;-&lt;/b&gt;related party at a price of &lt;/font&gt;&lt;font lang=&quot;EN-GB&quot;&gt;$0.02&lt;/font&gt;&lt;font lang=&quot;EN-GB&quot;&gt; per share for total consideration of &lt;/font&gt;&lt;font lang=&quot;EN-GB&quot;&gt;$1,000&lt;/font&gt;&lt;font lang=&quot;EN-GB&quot;&gt; as part of its second public offering of common shares which includes 25,000,000 common shares the Company registered with the SEC through filing of a Form S&lt;b&gt;-&lt;/b&gt;1 which was deemed effective by the SEC on September 27, 2012.&lt;/font&gt;&lt;/p&gt; &lt;p style=&apos;margin:0in;margin-bottom:.0001pt;line-height:12.0pt&apos;&gt;&amp;nbsp;&lt;/p&gt; &lt;p style=&apos;margin:0in;margin-bottom:.0001pt;line-height:12.0pt&apos;&gt;&lt;font lang=&quot;EN-GB&quot;&gt;On November 19, 2012, the Company issued another &lt;/font&gt;&lt;font lang=&quot;EN-GB&quot;&gt;1,725,000&lt;/font&gt;&lt;font lang=&quot;EN-GB&quot;&gt; common shares which had been sold to non&lt;b&gt;-&lt;/b&gt;related parties at a price of &lt;/font&gt;&lt;font lang=&quot;EN-GB&quot;&gt;$0.02&lt;/font&gt;&lt;font lang=&quot;EN-GB&quot;&gt; per share for total consideration of &lt;/font&gt;&lt;font lang=&quot;EN-GB&quot;&gt;$34,500&lt;/font&gt;&lt;font lang=&quot;EN-GB&quot;&gt; as part of its ongoing second public offering of common shares.&lt;/font&gt;&lt;/p&gt;</us-gaap:StockholdersEquityNoteDisclosureTextBlock>
	<us-gaap:NatureOfOperations contextRef='Y12Q4'>&lt;!--egx--&gt;&lt;p style=&apos;margin-top:0in;margin-right:0in;margin-bottom:6.0pt;margin-left:0in;margin-bottom:0in;margin-bottom:.0001pt;line-height:12.0pt&apos;&gt;&lt;b&gt;Exploration Stage Company&lt;/b&gt;&lt;/p&gt; &lt;p style=&apos;margin-top:0in;margin-right:0in;margin-bottom:6.0pt;margin-left:0in;margin-bottom:0in;margin-bottom:.0001pt;line-height:12.0pt&apos;&gt;&amp;nbsp;&lt;/p&gt; &lt;p style=&apos;margin-top:0in;margin-right:0in;margin-bottom:6.0pt;margin-left:0in;margin-bottom:0in;margin-bottom:.0001pt;line-height:12.0pt&apos;&gt;The Company is an exploration stage company.&amp;nbsp;The Company is devoting substantially all of its present efforts to establish a new business and none of its planned principal operations have commenced.&amp;nbsp;As an exploration stage enterprise, the Company discloses the deficit accumulated during the exploration stage and the cumulative statements of operations and cash flows from inception to the current balance sheet date.&lt;/p&gt;</us-gaap:NatureOfOperations>
	<us-gaap:StartUpActivitiesCostPolicy contextRef='Y12Q4'>&lt;!--egx--&gt;&lt;p style=&apos;margin-top:0in;margin-right:0in;margin-bottom:6.0pt;margin-left:0in;margin-bottom:0in;margin-bottom:.0001pt;text-align:justify;line-height:12.0pt&apos;&gt;&lt;b&gt;Start-up Costs&lt;/b&gt;&lt;/p&gt; &lt;p style=&apos;margin-top:0in;margin-right:0in;margin-bottom:6.0pt;margin-left:0in;margin-bottom:0in;margin-bottom:.0001pt;text-align:justify;line-height:12.0pt&apos;&gt;&amp;nbsp;&lt;/p&gt; &lt;p style=&apos;margin-top:0in;margin-right:0in;margin-bottom:6.0pt;margin-left:0in;margin-bottom:0in;margin-bottom:.0001pt;line-height:12.0pt&apos;&gt;The Company expenses the cost of start&lt;b&gt;-&lt;/b&gt;up activities, including organizational costs, as those costs are incurred.&lt;/p&gt;</us-gaap:StartUpActivitiesCostPolicy>
	<us-gaap:UseOfEstimates contextRef='Y12Q4'>&lt;!--egx--&gt;&lt;p style=&apos;margin-top:0in;margin-right:0in;margin-bottom:6.0pt;margin-left:.25in;margin:0in;margin-bottom:.0001pt;text-align:justify;line-height:12.0pt&apos;&gt;&lt;b&gt;Use of Estimates&lt;/b&gt;&lt;/p&gt; &lt;p style=&apos;margin-top:0in;margin-right:0in;margin-bottom:6.0pt;margin-left:0in;margin-bottom:0in;margin-bottom:.0001pt;text-align:justify;line-height:12.0pt&apos;&gt;&amp;nbsp;&lt;/p&gt; &lt;p style=&apos;margin-top:0in;margin-right:0in;margin-bottom:6.0pt;margin-left:0in;margin-bottom:0in;margin-bottom:.0001pt;line-height:12.0pt&apos;&gt;The preparation of financial statements in conformity with generally accepted accounting principles in the United States of America requires management to make estimates and assumptions that affect the reported amounts of assets and liabilities and disclosure of contingent assets and liabilities at the date of the financial statements and the reported amounts of revenues and expenses during the period. Actual results could differ from those estimates.&lt;/p&gt;</us-gaap:UseOfEstimates>
	<us-gaap:EarningsPerSharePolicyTextBlock contextRef='Y12Q4'>&lt;!--egx--&gt;&lt;p style=&apos;margin-top:0in;margin-right:0in;margin-bottom:6.0pt;margin-left:.25in;margin:0in;margin-bottom:.0001pt;text-align:justify;line-height:12.0pt&apos;&gt;&lt;b&gt;Earnings or (Loss) per Share&lt;/b&gt;&lt;/p&gt; &lt;p style=&apos;margin-top:0in;margin-right:0in;margin-bottom:6.0pt;margin-left:.25in;margin:0in;margin-bottom:.0001pt;text-align:justify;line-height:12.0pt&apos;&gt;&amp;nbsp;&lt;/p&gt; &lt;p style=&apos;margin:0in;margin-bottom:.0001pt&apos;&gt;Basic loss per share is calculated by dividing the net loss available to common stockholders by the weighted average number of common shares outstanding for the period. The denominator in this calculation is adjusted to reflect any stock splits or stock dividends. &lt;font lang=&quot;EN-CA&quot;&gt;Diluted loss per share is calculated using the treasury method which requires the calculation of diluted loss per share by assuming that any outstanding stock options with an average market price that exceeds the average exercise prices of the options for the year, are exercised and the assumed proceeds are used to repurchase shares of the Company at the average market price of the common shares for the year. &lt;/font&gt;An incremental per share effect is then calculated for each option. The denominator of the diluted loss per share formula is the number common shares outstanding at balance sheet date plus the incremental shares assumed to be issued from treasury for option exercises, less the number of shares assumed to be repurchased, weighted by the period they are assumed to be outstanding. This dilution calculation did not affect current fiscal year results because the Company does not have an Option Plan and has not issued any stock options; nor equity securities equivalents such as warrants.&lt;/p&gt;</us-gaap:EarningsPerSharePolicyTextBlock>
	<us-gaap:ShareBasedCompensationOptionAndIncentivePlansPolicy contextRef='Y12Q4'>&lt;!--egx--&gt;&lt;p style=&apos;margin-top:0in;margin-right:0in;margin-bottom:6.0pt;margin-left:0in;margin-bottom:0in;margin-bottom:.0001pt;line-height:12.0pt&apos;&gt;&lt;b&gt;Stock-based Compensation &lt;/b&gt;&lt;/p&gt; &lt;p style=&apos;margin-top:0in;margin-right:0in;margin-bottom:6.0pt;margin-left:0in;margin-bottom:0in;margin-bottom:.0001pt;line-height:12.0pt&apos;&gt;&amp;nbsp;&lt;/p&gt; &lt;p style=&apos;margin-top:0in;margin-right:0in;margin-bottom:6.0pt;margin-left:0in;margin-bottom:0in;margin-bottom:.0001pt;line-height:12.0pt&apos;&gt;The Company follows ASC 718&lt;b&gt;-&lt;/b&gt;10, &lt;i&gt;Stock Compensation&lt;/i&gt;, which addresses the accounting for transactions in which an entity exchanges its equity instruments for goods or services, with a primary focus on transactions in which an entity obtains employee services in share-based payment transactions. ASC 718&lt;b&gt;-&lt;/b&gt;10 requires measurement of the cost of employee services received in exchange for an award of equity instruments based on the grant&lt;b&gt;-&lt;/b&gt;date fair value of the award (with limited exceptions). Incremental compensation costs arising from subsequent modifications of awards after the grant date must be recognized. The Company has not adopted a stock option plan and has not granted any stock options; nor has it made any awards of stock, or stock equivalents.&lt;/p&gt;</us-gaap:ShareBasedCompensationOptionAndIncentivePlansPolicy>
	<us-gaap:FairValueOfFinancialInstrumentsPolicy contextRef='Y12Q4'>&lt;!--egx--&gt;&lt;p style=&apos;margin-top:0in;margin-right:0in;margin-bottom:6.0pt;margin-left:0in;margin-bottom:0in;margin-bottom:.0001pt;line-height:12.0pt&apos;&gt;&lt;b&gt;Estimated Fair Value of Financial Instruments&lt;/b&gt;&lt;/p&gt; &lt;p style=&apos;margin-top:0in;margin-right:0in;margin-bottom:6.0pt;margin-left:.25in;margin:0in;margin-bottom:.0001pt;text-align:justify;line-height:12.0pt&apos;&gt;&amp;nbsp;&lt;/p&gt; &lt;p style=&apos;margin-top:0in;margin-right:0in;margin-bottom:6.0pt;margin-left:0in;margin-bottom:0in;margin-bottom:.0001pt;line-height:12.0pt&apos;&gt;ASC 820, &lt;i&gt;&amp;quot;Fair Value Measurements&amp;quot;&lt;/i&gt;, requires an entity to maximize the use of observable inputs and minimize the use of unobservable inputs when measuring fair value. It establishes a fair value hierarchy based on the level of independent, objective evidence surrounding the inputs used to measure fair value. A financial instrument&apos;s categorization within the fair value hierarchy is based upon the lowest level of input that is significant to the fair value measurement. It prioritizes the inputs into three levels that may be used to measure fair value:&lt;/p&gt; &lt;p style=&apos;margin-top:0in;margin-right:0in;margin-bottom:6.0pt;margin-left:0in;margin-bottom:0in;margin-bottom:.0001pt;line-height:12.0pt&apos;&gt;&amp;nbsp;&lt;/p&gt; &lt;p style=&apos;margin-top:0in;margin-right:0in;margin-bottom:6.0pt;margin-left:0in;margin-bottom:0in;margin-bottom:.0001pt;line-height:12.0pt&apos;&gt;&lt;i&gt;Level 1:&lt;/i&gt;&lt;/p&gt; &lt;p style=&apos;margin-top:0in;margin-right:0in;margin-bottom:6.0pt;margin-left:0in;margin-bottom:0in;margin-bottom:.0001pt;line-height:12.0pt&apos;&gt;Level 1 applies to assets or liabilities for which there are quoted prices in active markets for identical assets or liabilities.&lt;/p&gt; &lt;p style=&apos;margin-top:0in;margin-right:0in;margin-bottom:6.0pt;margin-left:0in;margin-bottom:0in;margin-bottom:.0001pt;line-height:12.0pt&apos;&gt;&amp;nbsp;&lt;/p&gt; &lt;p style=&apos;margin-top:0in;margin-right:0in;margin-bottom:6.0pt;margin-left:0in;margin-bottom:0in;margin-bottom:.0001pt;line-height:12.0pt&apos;&gt;&lt;i&gt;Level 2:&lt;/i&gt;&lt;/p&gt; &lt;p style=&apos;margin-top:0in;margin-right:0in;margin-bottom:6.0pt;margin-left:0in;margin-bottom:0in;margin-bottom:.0001pt;line-height:12.0pt&apos;&gt;Level 2 applies to assets or liabilities for which there are inputs other than quoted prices that are observable for the asset or liability such as quoted prices for similar assets or liabilities in active markets; quoted prices for identical assets or liabilities in markets with insufficient volume or infrequent transactions (less active markets); or model&lt;b&gt;-&lt;/b&gt;derived valuations in which significant inputs are observable or can be derived principally from, or corroborated by, observable market data.&lt;/p&gt; &lt;p style=&apos;margin-top:0in;margin-right:0in;margin-bottom:6.0pt;margin-left:0in;margin-bottom:0in;margin-bottom:.0001pt;line-height:12.0pt&apos;&gt;&amp;nbsp;&lt;/p&gt; &lt;p style=&apos;margin-top:0in;margin-right:0in;margin-bottom:6.0pt;margin-left:0in;margin-bottom:0in;margin-bottom:.0001pt;line-height:12.0pt&apos;&gt;&lt;i&gt;Level 3:&lt;/i&gt;&lt;/p&gt; &lt;p style=&apos;margin-top:0in;margin-right:0in;margin-bottom:6.0pt;margin-left:0in;margin-bottom:0in;margin-bottom:.0001pt;line-height:12.0pt&apos;&gt;Level 3 applies to assets or liabilities for which there are unobservable inputs to the valuation methodology that are significant to the measurement of the fair value of the assets or liabilities.&lt;/p&gt; &lt;p align=&quot;center&quot; style=&apos;margin-top:0in;margin-right:0in;margin-bottom:6.0pt;margin-left:0in;margin-bottom:0in;margin-bottom:.0001pt;text-align:center;line-height:12.0pt&apos;&gt;&amp;nbsp;&lt;/p&gt; &lt;p style=&apos;margin-top:0in;margin-right:0in;margin-bottom:6.0pt;margin-left:0in;margin-bottom:0in;margin-bottom:.0001pt;line-height:12.0pt&apos;&gt;The Company&apos;s financial instruments consist principally of cash, accounts payable, and shareholder advances. Pursuant to ASC 820, the fair value of our cash is determined based on &amp;quot;Level 1&amp;quot; inputs, which consist of quoted prices in active markets for identical assets. We believe that the recorded values of all of our other financial instruments approximate their current fair values because of their nature and respective maturity dates or durations.&lt;/p&gt; &lt;p style=&apos;margin-top:0in;margin-right:0in;margin-bottom:6.0pt;margin-left:0in;margin-bottom:0in;margin-bottom:.0001pt;line-height:12.0pt&apos;&gt;&amp;nbsp;&lt;/p&gt; &lt;p style=&apos;margin-top:0in;margin-right:0in;margin-bottom:6.0pt;margin-left:0in;margin-bottom:0in;margin-bottom:.0001pt&apos;&gt;It is management&amp;#146;s opinion that the Company is not exposed to significant interest, currency or credit risks arising from these financial instruments.&lt;/p&gt;</us-gaap:FairValueOfFinancialInstrumentsPolicy>
	<us-gaap:IncomeTaxPolicyTextBlock contextRef='Y12Q4'>&lt;!--egx--&gt;&lt;p style=&apos;margin-top:0in;margin-right:0in;margin-bottom:6.0pt;margin-left:0in;margin-bottom:0in;margin-bottom:.0001pt;line-height:12.0pt&apos;&gt;&lt;b&gt;Income Taxes&lt;/b&gt;&lt;/p&gt; &lt;p style=&apos;margin:0in;margin-bottom:.0001pt;text-align:justify;line-height:12.0pt&apos;&gt;&amp;nbsp;&lt;/p&gt; &lt;p style=&apos;margin-top:0in;margin-right:0in;margin-bottom:6.0pt;margin-left:0in;margin-bottom:0in;margin-bottom:.0001pt;line-height:12.0pt&apos;&gt;The Company recognizes deferred tax liabilities and assets for the expected future tax consequences of events that have been recognized in the Company&amp;#146;s financial statements or tax returns using the liability method. Under this method, deferred tax liabilities and assets are determined based on the temporary differences between the financial statement carrying amounts and tax bases of assets and liabilities using enacted rates in effect in the years during which the differences are expected to reverse and upon the possible realization of net operating loss carry&lt;b&gt;-&lt;/b&gt;forwards. Additionally, the Company has not recognized any amount for a tax position taken or expected to be taken on its tax return, or for any interest or penalties.&lt;/p&gt;</us-gaap:IncomeTaxPolicyTextBlock>
	<us-gaap:ImpairmentOrDisposalOfLongLivedAssetsPolicyTextBlock contextRef='Y12Q4'>&lt;!--egx--&gt;&lt;p style=&apos;margin-top:0in;margin-right:0in;margin-bottom:6.0pt;margin-left:0in;margin-bottom:0in;margin-bottom:.0001pt;line-height:12.0pt&apos;&gt;&lt;b&gt;Valuation of Long-Lived Assets&lt;/b&gt;&lt;/p&gt; &lt;p style=&apos;margin-top:0in;margin-right:0in;margin-bottom:6.0pt;margin-left:0in;margin-bottom:0in;margin-bottom:.0001pt;line-height:12.0pt&apos;&gt;&amp;nbsp;&lt;/p&gt; &lt;p style=&apos;margin-top:0in;margin-right:0in;margin-bottom:6.0pt;margin-left:0in;margin-bottom:0in;margin-bottom:.0001pt;line-height:12.0pt&apos;&gt;The Company will periodically analyze its long-lived assets for potential impairment, assessing the appropriateness of lives and recoverability of unamortized balances through measurement of undiscounted operation cash flows on a basis consistent with accounting principles generally accepted in the United States of America.&lt;/p&gt;</us-gaap:ImpairmentOrDisposalOfLongLivedAssetsPolicyTextBlock>
	<us-gaap:ForeignCurrencyTransactionsAndTranslationsPolicyTextBlock contextRef='Y12Q4'>&lt;!--egx--&gt;&lt;p style=&apos;margin-top:0in;margin-right:0in;margin-bottom:6.0pt;margin-left:0in;margin-bottom:0in;margin-bottom:.0001pt;line-height:12.0pt&apos;&gt;&lt;b&gt;Foreign Currency&lt;/b&gt;&lt;/p&gt; &lt;p style=&apos;margin-top:0in;margin-right:0in;margin-bottom:6.0pt;margin-left:0in;margin-bottom:0in;margin-bottom:.0001pt;line-height:12.0pt&apos;&gt;&amp;nbsp;&lt;/p&gt; &lt;p style=&apos;margin-top:0in;margin-right:0in;margin-bottom:6.0pt;margin-left:0in;margin-bottom:0in;margin-bottom:.0001pt;line-height:12.0pt&apos;&gt;The books of the Company are maintained in United States dollars and this is the Company&amp;#146;s functional and reporting currency. Transactions denominated in other than the United States dollar are translated as follows with the related transaction gains and losses being recorded in the Statements of Operations:&lt;/p&gt; &lt;p style=&apos;margin-top:0in;margin-right:0in;margin-bottom:6.0pt;margin-left:0in;margin-bottom:0in;margin-bottom:.0001pt;line-height:12.0pt&apos;&gt;&amp;nbsp;&lt;/p&gt; &lt;p style=&apos;margin-top:0in;margin-right:0in;margin-bottom:6.0pt;margin-left:0in;margin-top:0in;margin-right:0in;margin-bottom:0in;margin-left:1.0in;margin-bottom:.0001pt;text-indent:-.5in;line-height:12.0pt&apos;&gt;(i)&amp;nbsp;&amp;nbsp;&amp;nbsp;&amp;nbsp;&amp;nbsp;&amp;nbsp;&amp;nbsp;&amp;nbsp;&amp;nbsp;&amp;nbsp;&amp;nbsp;&amp;nbsp;&amp;nbsp;&amp;nbsp;&amp;nbsp;&amp;nbsp; Monetary items are recorded at the rate of exchange prevailing as at the balance sheet date;&lt;/p&gt; &lt;p style=&apos;margin-top:0in;margin-right:0in;margin-bottom:6.0pt;margin-left:0in;margin-top:0in;margin-right:0in;margin-bottom:0in;margin-left:1.0in;margin-bottom:.0001pt;text-indent:-.5in;line-height:12.0pt&apos;&gt;(ii)&amp;nbsp;&amp;nbsp;&amp;nbsp;&amp;nbsp;&amp;nbsp;&amp;nbsp;&amp;nbsp;&amp;nbsp;&amp;nbsp;&amp;nbsp;&amp;nbsp;&amp;nbsp;&amp;nbsp;&amp;nbsp; Non-Monetary items including equity are recorded at the historical rate of exchange; and &lt;/p&gt; &lt;p style=&apos;margin-top:0in;margin-right:0in;margin-bottom:6.0pt;margin-left:0in;margin-top:0in;margin-right:0in;margin-bottom:0in;margin-left:1.0in;margin-bottom:.0001pt;text-indent:-.5in;line-height:12.0pt&apos;&gt;(iii)&amp;nbsp;&amp;nbsp;&amp;nbsp;&amp;nbsp;&amp;nbsp;&amp;nbsp;&amp;nbsp;&amp;nbsp;&amp;nbsp;&amp;nbsp;&amp;nbsp;&amp;nbsp; Revenues and expenses are recorded at the period average in which the transaction occurred.&lt;/p&gt; &lt;p style=&apos;margin:0in;margin-bottom:.0001pt;line-height:12.0pt&apos;&gt;&amp;nbsp;&lt;/p&gt; &lt;p style=&apos;margin:0in;margin-bottom:.0001pt&apos;&gt;During the three month period ended December 30, 2012, the Company was not involved in any transactions which required translation of foreign currencies.&lt;/p&gt;</us-gaap:ForeignCurrencyTransactionsAndTranslationsPolicyTextBlock>
	<us-gaap:CashAndCashEquivalentsPolicyTextBlock contextRef='Y12Q4'>&lt;!--egx--&gt;&lt;p style=&apos;margin:0in;margin-bottom:.0001pt;line-height:12.0pt&apos;&gt;&lt;b&gt;Cash and Cash Equivalents&lt;/b&gt;&lt;/p&gt; &lt;p style=&apos;margin:0in;margin-bottom:.0001pt;line-height:12.0pt&apos;&gt;&amp;nbsp;&lt;/p&gt; &lt;p style=&apos;margin-top:0in;margin-right:0in;margin-bottom:6.0pt;margin-left:0in;margin-bottom:0in;margin-bottom:.0001pt;line-height:12.0pt&apos;&gt;The Company considers cash and cash equivalents to consist of cash on hand and demand deposits in banks with an initial maturity of 90 days or less.&lt;/p&gt;</us-gaap:CashAndCashEquivalentsPolicyTextBlock>
	<us-gaap:LiquidityDisclosureTextBlock contextRef='Y12Q4'>&lt;!--egx--&gt;&lt;p style=&apos;margin:0in;margin-bottom:.0001pt;line-height:12.0pt&apos;&gt;&lt;b&gt;Risks and Uncertainties&lt;/b&gt;&lt;/p&gt; &lt;p style=&apos;margin:0in;margin-bottom:.0001pt;line-height:12.0pt&apos;&gt;&amp;nbsp;&lt;/p&gt; &lt;p style=&apos;margin-top:0in;margin-right:0in;margin-bottom:6.0pt;margin-left:0in;margin-bottom:0in;margin-bottom:.0001pt;line-height:12.0pt&apos;&gt;The Company is subject to substantial business risks and uncertainties inherent in starting a new business. There is no assurance that the Company will be able to generate sufficient revenues or obtain sufficient funds necessary for launching a new business venture.&lt;/p&gt;</us-gaap:LiquidityDisclosureTextBlock>
	<fil:RecentAccountingPronouncements contextRef='Y12Q4'>&lt;!--egx--&gt;&lt;p style=&apos;margin:0in;margin-bottom:.0001pt;line-height:12.0pt&apos;&gt;&lt;b&gt;Recent Accounting Pronouncements&lt;/b&gt;&lt;/p&gt; &lt;p style=&apos;margin:0in;margin-bottom:.0001pt;line-height:12.0pt&apos;&gt;&amp;nbsp;&lt;/p&gt; &lt;p style=&apos;margin-top:0in;margin-right:0in;margin-bottom:6.0pt;margin-left:0in;margin-bottom:0in;margin-bottom:.0001pt&apos;&gt;Various accounting pronouncements have been issued during 2012 and 2011, none of which are expected to have a material effect on the financial statements of the Company.&lt;/p&gt;</fil:RecentAccountingPronouncements>
	<fil:ExplorationCostsAndMineralPropertyRightAcquisitions contextRef='Y12Q4'>&lt;!--egx--&gt;&lt;p style=&apos;margin-top:0in;margin-right:0in;margin-bottom:6.0pt;margin-left:0in;margin-bottom:0in;margin-bottom:.0001pt;line-height:12.0pt&apos;&gt;&lt;b&gt;Exploration Costs and Mineral Property Right Acquisitions&lt;/b&gt;&lt;/p&gt; &lt;p style=&apos;margin:0in;margin-bottom:.0001pt;line-height:12.0pt&apos;&gt;&amp;nbsp;&lt;/p&gt; &lt;p style=&apos;margin:0in;margin-bottom:.0001pt&apos;&gt;The Company is primarily engaged in the acquisition and exploration of mining properties. Mineral property exploration costs are expensed as incurred. Mineral property acquisition costs are initially capitalized when incurred. The Company assesses the carrying costs for impairment under Accounting Standards 930 Extractive Activities &amp;#150; Mining (AS 930). An impairment is recognized when the sum of the expected undiscounted future cash flows is less than the carrying amount of the mineral property. Impairment losses, if any, are measured as the excess of the carrying amount of the mineral property over its estimated fair value.&amp;#160; No impairment losses were recorded during the three month periods ending December 31, 2012 or 2011, respectively.&lt;/p&gt;</fil:ExplorationCostsAndMineralPropertyRightAcquisitions>
	<us-gaap:NetIncomeLoss decimals='0' contextRef='Y12Q4' unitRef='USD'>-13677</us-gaap:NetIncomeLoss>
	<us-gaap:NetIncomeLoss decimals='0' contextRef='D100303_121231' unitRef='USD'>-90259</us-gaap:NetIncomeLoss>
	<us-gaap:ProceedsFromIssuanceOfCommonStock decimals='0' contextRef='Y12Q4' unitRef='USD'>34500</us-gaap:ProceedsFromIssuanceOfCommonStock>
	<us-gaap:ProceedsFromLoans decimals='0' contextRef='Y12Q4' unitRef='USD'>-7705</us-gaap:ProceedsFromLoans>
	<us-gaap:CommonStockSharesIssued decimals='INF' contextRef='I120318' unitRef='Shares'>1825000</us-gaap:CommonStockSharesIssued>
	<us-gaap:SaleOfStockPricePerShare decimals='INF' contextRef='I120318' unitRef='UsdPerShare'>0.02</us-gaap:SaleOfStockPricePerShare>
	<us-gaap:StockholdersEquity decimals='0' contextRef='I120318' unitRef='USD'>36500</us-gaap:StockholdersEquity>
	<us-gaap:CommonStockSharesIssued decimals='INF' contextRef='I120927' unitRef='Shares'>50000</us-gaap:CommonStockSharesIssued>
	<us-gaap:SaleOfStockPricePerShare decimals='INF' contextRef='I120927' unitRef='UsdPerShare'>0.02</us-gaap:SaleOfStockPricePerShare>
	<us-gaap:StockholdersEquity decimals='0' contextRef='I120927' unitRef='USD'>1000</us-gaap:StockholdersEquity>
	<us-gaap:CommonStockSharesIssued decimals='INF' contextRef='I121119' unitRef='Shares'>1725000</us-gaap:CommonStockSharesIssued>
	<us-gaap:SaleOfStockPricePerShare decimals='INF' contextRef='I121119' unitRef='UsdPerShare'>0.02</us-gaap:SaleOfStockPricePerShare>
	<us-gaap:StockholdersEquity decimals='0' contextRef='I121119' unitRef='USD'>34500</us-gaap:StockholdersEquity>
	<context id='Y12Q4'>
		<entity>
			<identifier scheme='http://www.sec.gov/CIK'>0001511325</identifier>
		</entity>
		<period>
			<startDate>2012-10-01</startDate>
			<endDate>2012-12-31</endDate>
		</period>
	</context>
	<context id='E12'>
		<entity>
			<identifier scheme='http://www.sec.gov/CIK'>0001511325</identifier>
		</entity>
		<period>
			<instant>2012-12-31</instant>
		</period>
	</context>
	<context id='E12Q3'>
		<entity>
			<identifier scheme='http://www.sec.gov/CIK'>0001511325</identifier>
		</entity>
		<period>
			<instant>2012-09-30</instant>
		</period>
	</context>
	<context id='Y11Q4'>
		<entity>
			<identifier scheme='http://www.sec.gov/CIK'>0001511325</identifier>
		</entity>
		<period>
			<startDate>2011-10-01</startDate>
			<endDate>2011-12-31</endDate>
		</period>
	</context>
	<context id='D100303_121231'>
		<entity>
			<identifier scheme='http://www.sec.gov/CIK'>0001511325</identifier>
		</entity>
		<period>
			<startDate>2010-03-03</startDate>
			<endDate>2012-12-31</endDate>
		</period>
	</context>
	<context id='E11Q3'>
		<entity>
			<identifier scheme='http://www.sec.gov/CIK'>0001511325</identifier>
		</entity>
		<period>
			<instant>2011-09-30</instant>
		</period>
	</context>
	<context id='E11'>
		<entity>
			<identifier scheme='http://www.sec.gov/CIK'>0001511325</identifier>
		</entity>
		<period>
			<instant>2011-12-31</instant>
		</period>
	</context>
	<context id='I120318'>
		<entity>
			<identifier scheme='http://www.sec.gov/CIK'>0001511325</identifier>
		</entity>
		<period>
			<instant>2012-03-18</instant>
		</period>
	</context>
	<context id='I120927'>
		<entity>
			<identifier scheme='http://www.sec.gov/CIK'>0001511325</identifier>
		</entity>
		<period>
			<instant>2012-09-27</instant>
		</period>
	</context>
	<context id='I121119'>
		<entity>
			<identifier scheme='http://www.sec.gov/CIK'>0001511325</identifier>
		</entity>
		<period>
			<instant>2012-11-19</instant>
		</period>
	</context>
	<unit id='USD'>
		<measure>iso4217:USD</measure>
	</unit>
	<unit id='Shares'>
		<measure>shares</measure>
	</unit>
	<unit id='UsdPerShare'>
		<divide>
			<unitNumerator>
				<measure>iso4217:USD</measure>
			</unitNumerator>
			<unitDenominator>
				<measure>shares</measure>
			</unitDenominator>
		</divide>
	</unit>
</xbrl>
