<?xml version='1.0' encoding='iso-8859-1'?>
<!-- Produced by DTC Financial Publishing using EDGARsuite software, Advanced Computer Innovations, Inc., Copyright (C) 2008-2012 [PPX9TZWK6JKF]. www.edgarsuite.com -->
<link:linkbase xmlns="http://www.xbrl.org/2003/linkbase"
		xmlns:xsi="http://www.w3.org/2001/XMLSchema-instance"
		xsi:schemaLocation="http://www.xbrl.org/2003/linkbase http://www.xbrl.org/2003/xbrl-linkbase-2003-12-31.xsd"
		xmlns:fil="http://www.daneexploration.com/20121231"
		xmlns:link="http://www.xbrl.org/2003/linkbase"
		xmlns:xlink="http://www.w3.org/1999/xlink"
		xmlns:xbrldt="http://xbrl.org/2005/xbrldt"
		xmlns:xbrli="http://www.xbrl.org/2003/instance">
	<roleRef xlink:type="simple" xlink:href="http://www.xbrl.org/lrr/role/negated-2009-12-16.xsd#negatedLabel" roleURI="http://www.xbrl.org/2009/role/negatedLabel"/>
	<roleRef xlink:type="simple" xlink:href="http://www.xbrl.org/lrr/role/negated-2009-12-16.xsd#negatedPeriodEndLabel" roleURI="http://www.xbrl.org/2009/role/negatedPeriodEndLabel"/>
	<roleRef xlink:type="simple" xlink:href="http://www.xbrl.org/lrr/role/negated-2009-12-16.xsd#negatedPeriodStartLabel" roleURI="http://www.xbrl.org/2009/role/negatedPeriodStartLabel"/>
	<roleRef xlink:type="simple" xlink:href="http://www.xbrl.org/lrr/role/negated-2009-12-16.xsd#negatedTerseLabel" roleURI="http://www.xbrl.org/2009/role/negatedTerseLabel"/>
	<roleRef xlink:type="simple" xlink:href="http://www.xbrl.org/lrr/role/negated-2009-12-16.xsd#negatedTotalLabel" roleURI="http://www.xbrl.org/2009/role/negatedTotalLabel"/>
	<link:labelLink xlink:type="extended" xlink:role="http://www.xbrl.org/2003/role/link">
		<link:loc xlink:type='locator' xlink:href='http://xbrl.fasb.org/us-gaap/2011/elts/us-gaap-2011-01-31.xsd#us-gaap_PaymentsToAcquireMineralRights' xlink:label='us-gaap_PaymentsToAcquireMineralRights'/>
		<link:label xlink:type='resource' xlink:label='lab_us-gaap_PaymentsToAcquireMineralRights' xlink:role='http://www.xbrl.org/2003/role/label' xml:lang='en-US'>Purchase of mineral properties</link:label>
		<link:label xlink:type='resource' xlink:label='lab_us-gaap_PaymentsToAcquireMineralRights' xlink:role='http://www.xbrl.org/2009/role/negatedLabel' xml:lang='en-US'>Purchase of mineral properties</link:label>
		<link:labelArc order='1.0' xlink:type='arc' xlink:arcrole='http://www.xbrl.org/2003/arcrole/concept-label' xlink:from='us-gaap_PaymentsToAcquireMineralRights' xlink:to='lab_us-gaap_PaymentsToAcquireMineralRights'/>
		<link:loc xlink:type='locator' xlink:href='http://xbrl.fasb.org/us-gaap/2011/elts/us-gaap-2011-01-31.xsd#us-gaap_CashAndCashEquivalentsAtCarryingValue' xlink:label='us-gaap_CashAndCashEquivalentsAtCarryingValue'/>
		<link:label xlink:type='resource' xlink:label='lab_us-gaap_CashAndCashEquivalentsAtCarryingValue' xlink:role='http://www.xbrl.org/2003/role/label' xml:lang='en-US'>Cash {1}</link:label>
		<link:label xlink:type='resource' xlink:label='lab_us-gaap_CashAndCashEquivalentsAtCarryingValue' xlink:role='http://www.xbrl.org/2003/role/terseLabel' xml:lang='en-US'>Cash</link:label>
		<link:label xlink:type='resource' xlink:label='lab_us-gaap_CashAndCashEquivalentsAtCarryingValue' xlink:role='http://www.xbrl.org/2003/role/periodStartLabel' xml:lang='en-US'>Cash, beginning of period</link:label>
		<link:label xlink:type='resource' xlink:label='lab_us-gaap_CashAndCashEquivalentsAtCarryingValue' xlink:role='http://www.xbrl.org/2003/role/periodEndLabel' xml:lang='en-US'>Cash, end of period</link:label>
		<link:labelArc order='1.0' xlink:type='arc' xlink:arcrole='http://www.xbrl.org/2003/arcrole/concept-label' xlink:from='us-gaap_CashAndCashEquivalentsAtCarryingValue' xlink:to='lab_us-gaap_CashAndCashEquivalentsAtCarryingValue'/>
		<link:loc xlink:type='locator' xlink:href='http://xbrl.fasb.org/us-gaap/2011/elts/us-gaap-2011-01-31.xsd#us-gaap_NatureOfOperations' xlink:label='us-gaap_NatureOfOperations'/>
		<link:label xlink:type='resource' xlink:label='lab_us-gaap_NatureOfOperations' xlink:role='http://www.xbrl.org/2003/role/label' xml:lang='en-US'>Exploration Stage Company</link:label>
		<link:labelArc order='1.0' xlink:type='arc' xlink:arcrole='http://www.xbrl.org/2003/arcrole/concept-label' xlink:from='us-gaap_NatureOfOperations' xlink:to='lab_us-gaap_NatureOfOperations'/>
		<link:loc xlink:type='locator' xlink:href='http://xbrl.fasb.org/us-gaap/2011/elts/us-gaap-2011-01-31.xsd#us-gaap_ProceedsFromLoans' xlink:label='us-gaap_ProceedsFromLoans'/>
		<link:label xlink:type='resource' xlink:label='lab_us-gaap_ProceedsFromLoans' xlink:role='http://www.xbrl.org/2003/role/label' xml:lang='en-US'>Shareholder advances (increase/decrease)</link:label>
		<link:label xlink:type='resource' xlink:label='lab_us-gaap_ProceedsFromLoans' xlink:role='http://www.xbrl.org/2009/role/negatedLabel' xml:lang='en-US'>Shareholder advances (increase/decrease)</link:label>
		<link:labelArc order='1.0' xlink:type='arc' xlink:arcrole='http://www.xbrl.org/2003/arcrole/concept-label' xlink:from='us-gaap_ProceedsFromLoans' xlink:to='lab_us-gaap_ProceedsFromLoans'/>
		<link:loc xlink:type='locator' xlink:href='http://xbrl.fasb.org/us-gaap/2011/elts/us-gaap-2011-01-31.xsd#us-gaap_NetCashProvidedByUsedInOperatingActivities' xlink:label='us-gaap_NetCashProvidedByUsedInOperatingActivities'/>
		<link:label xlink:type='resource' xlink:label='lab_us-gaap_NetCashProvidedByUsedInOperatingActivities' xlink:role='http://www.xbrl.org/2003/role/label' xml:lang='en-US'>Net cash (used) by operating activities</link:label>
		<link:label xlink:type='resource' xlink:label='lab_us-gaap_NetCashProvidedByUsedInOperatingActivities' xlink:role='http://www.xbrl.org/2003/role/totalLabel' xml:lang='en-US'>Net cash (used) by operating activities</link:label>
		<link:labelArc order='1.0' xlink:type='arc' xlink:arcrole='http://www.xbrl.org/2003/arcrole/concept-label' xlink:from='us-gaap_NetCashProvidedByUsedInOperatingActivities' xlink:to='lab_us-gaap_NetCashProvidedByUsedInOperatingActivities'/>
		<link:loc xlink:type='locator' xlink:href='http://xbrl.fasb.org/us-gaap/2011/elts/us-gaap-2011-01-31.xsd#us-gaap_UtilitiesOperatingExpenseImpairments' xlink:label='us-gaap_UtilitiesOperatingExpenseImpairments'/>
		<link:label xlink:type='resource' xlink:label='lab_us-gaap_UtilitiesOperatingExpenseImpairments' xlink:role='http://www.xbrl.org/2003/role/label' xml:lang='en-US'>Impairment of mineral properties</link:label>
		<link:labelArc order='1.0' xlink:type='arc' xlink:arcrole='http://www.xbrl.org/2003/arcrole/concept-label' xlink:from='us-gaap_UtilitiesOperatingExpenseImpairments' xlink:to='lab_us-gaap_UtilitiesOperatingExpenseImpairments'/>
		<link:loc xlink:type='locator' xlink:href='http://xbrl.fasb.org/us-gaap/2011/elts/us-gaap-2011-01-31.xsd#us-gaap_PrepaidExpense' xlink:label='us-gaap_PrepaidExpense'/>
		<link:label xlink:type='resource' xlink:label='lab_us-gaap_PrepaidExpense' xlink:role='http://www.xbrl.org/2003/role/label' xml:lang='en-US'>Prepaid expenses</link:label>
		<link:labelArc order='1.0' xlink:type='arc' xlink:arcrole='http://www.xbrl.org/2003/arcrole/concept-label' xlink:from='us-gaap_PrepaidExpense' xlink:to='lab_us-gaap_PrepaidExpense'/>
		<link:loc xlink:type='locator' xlink:href='http://xbrl.fasb.org/us-gaap/2011/elts/us-gaap-2011-01-31.xsd#us-gaap_StatementOfFinancialPositionAbstract' xlink:label='us-gaap_StatementOfFinancialPositionAbstract'/>
		<link:label xlink:type='resource' xlink:label='lab_us-gaap_StatementOfFinancialPositionAbstract' xlink:role='http://www.xbrl.org/2003/role/label' xml:lang='en-US'>Statement of Financial Position</link:label>
		<link:label xlink:type='resource' xlink:label='lab_us-gaap_StatementOfFinancialPositionAbstract' xlink:role='http://www.xbrl.org/2003/role/verboseLabel' xml:lang='en-US'>Balance Sheets - Parenthetical</link:label>
		<link:labelArc order='1.0' xlink:type='arc' xlink:arcrole='http://www.xbrl.org/2003/arcrole/concept-label' xlink:from='us-gaap_StatementOfFinancialPositionAbstract' xlink:to='lab_us-gaap_StatementOfFinancialPositionAbstract'/>
		<link:loc xlink:type='locator' xlink:href='http://xbrl.fasb.org/us-gaap/2011/elts/us-gaap-2011-01-31.xsd#us-gaap_UseOfEstimates' xlink:label='us-gaap_UseOfEstimates'/>
		<link:label xlink:type='resource' xlink:label='lab_us-gaap_UseOfEstimates' xlink:role='http://www.xbrl.org/2003/role/label' xml:lang='en-US'>Use of Estimates</link:label>
		<link:labelArc order='1.0' xlink:type='arc' xlink:arcrole='http://www.xbrl.org/2003/arcrole/concept-label' xlink:from='us-gaap_UseOfEstimates' xlink:to='lab_us-gaap_UseOfEstimates'/>
		<link:loc xlink:type='locator' xlink:href='http://xbrl.fasb.org/us-gaap/2011/elts/us-gaap-2011-01-31.xsd#us-gaap_GeneralAndAdministrativeExpense' xlink:label='us-gaap_GeneralAndAdministrativeExpense'/>
		<link:label xlink:type='resource' xlink:label='lab_us-gaap_GeneralAndAdministrativeExpense' xlink:role='http://www.xbrl.org/2003/role/label' xml:lang='en-US'>General and administrative expenses</link:label>
		<link:labelArc order='1.0' xlink:type='arc' xlink:arcrole='http://www.xbrl.org/2003/arcrole/concept-label' xlink:from='us-gaap_GeneralAndAdministrativeExpense' xlink:to='lab_us-gaap_GeneralAndAdministrativeExpense'/>
		<link:loc xlink:type='locator' xlink:href='http://xbrl.fasb.org/us-gaap/2011/elts/us-gaap-2011-01-31.xsd#us-gaap_LiabilitiesAndStockholdersEquity' xlink:label='us-gaap_LiabilitiesAndStockholdersEquity'/>
		<link:label xlink:type='resource' xlink:label='lab_us-gaap_LiabilitiesAndStockholdersEquity' xlink:role='http://www.xbrl.org/2003/role/label' xml:lang='en-US'>Total Liabilities and Stockholders&apos; Equity (Deficit)</link:label>
		<link:label xlink:type='resource' xlink:label='lab_us-gaap_LiabilitiesAndStockholdersEquity' xlink:role='http://www.xbrl.org/2003/role/totalLabel' xml:lang='en-US'>Total Liabilities and Stockholders&apos; Equity (Deficit)</link:label>
		<link:labelArc order='1.0' xlink:type='arc' xlink:arcrole='http://www.xbrl.org/2003/arcrole/concept-label' xlink:from='us-gaap_LiabilitiesAndStockholdersEquity' xlink:to='lab_us-gaap_LiabilitiesAndStockholdersEquity'/>
		<link:loc xlink:type='locator' xlink:href='http://xbrl.fasb.org/us-gaap/2011/elts/us-gaap-2011-01-31.xsd#us-gaap_LiabilitiesAndStockholdersEquityAbstract' xlink:label='us-gaap_LiabilitiesAndStockholdersEquityAbstract'/>
		<link:label xlink:type='resource' xlink:label='lab_us-gaap_LiabilitiesAndStockholdersEquityAbstract' xlink:role='http://www.xbrl.org/2003/role/label' xml:lang='en-US'>LIABILITIES AND STOCKHOLDERS&apos; EQUITY (DEFICIT)</link:label>
		<link:labelArc order='1.0' xlink:type='arc' xlink:arcrole='http://www.xbrl.org/2003/arcrole/concept-label' xlink:from='us-gaap_LiabilitiesAndStockholdersEquityAbstract' xlink:to='lab_us-gaap_LiabilitiesAndStockholdersEquityAbstract'/>
		<link:loc xlink:type='locator' xlink:href='http://xbrl.fasb.org/us-gaap/2011/elts/us-gaap-2011-01-31.xsd#us-gaap_StockholdersEquityTotalMember' xlink:label='us-gaap_StockholdersEquityTotalMember'/>
		<link:label xlink:type='resource' xlink:label='lab_us-gaap_StockholdersEquityTotalMember' xlink:role='http://www.xbrl.org/2003/role/label' xml:lang='en-US'>Total Stockholders&apos; (Deficit) Equity [Member]</link:label>
		<link:labelArc order='1.0' xlink:type='arc' xlink:arcrole='http://www.xbrl.org/2003/arcrole/concept-label' xlink:from='us-gaap_StockholdersEquityTotalMember' xlink:to='lab_us-gaap_StockholdersEquityTotalMember'/>
		<link:loc xlink:type='locator' xlink:href='http://xbrl.fasb.org/us-gaap/2011/elts/us-gaap-2011-01-31.xsd#us-gaap_ImpairmentOrDisposalOfLongLivedAssetsPolicyTextBlock' xlink:label='us-gaap_ImpairmentOrDisposalOfLongLivedAssetsPolicyTextBlock'/>
		<link:label xlink:type='resource' xlink:label='lab_us-gaap_ImpairmentOrDisposalOfLongLivedAssetsPolicyTextBlock' xlink:role='http://www.xbrl.org/2003/role/label' xml:lang='en-US'>Valuation of Long-lived Assets</link:label>
		<link:labelArc order='1.0' xlink:type='arc' xlink:arcrole='http://www.xbrl.org/2003/arcrole/concept-label' xlink:from='us-gaap_ImpairmentOrDisposalOfLongLivedAssetsPolicyTextBlock' xlink:to='lab_us-gaap_ImpairmentOrDisposalOfLongLivedAssetsPolicyTextBlock'/>
		<link:loc xlink:type='locator' xlink:href='http://xbrl.fasb.org/us-gaap/2011/elts/us-gaap-2011-01-31.xsd#us-gaap_RelatedPartyTransactionsDisclosureTextBlock' xlink:label='us-gaap_RelatedPartyTransactionsDisclosureTextBlock'/>
		<link:label xlink:type='resource' xlink:label='lab_us-gaap_RelatedPartyTransactionsDisclosureTextBlock' xlink:role='http://www.xbrl.org/2003/role/label' xml:lang='en-US'>Note 4 - Related Party Transactions &amp; Shareholder Advances</link:label>
		<link:labelArc order='1.0' xlink:type='arc' xlink:arcrole='http://www.xbrl.org/2003/arcrole/concept-label' xlink:from='us-gaap_RelatedPartyTransactionsDisclosureTextBlock' xlink:to='lab_us-gaap_RelatedPartyTransactionsDisclosureTextBlock'/>
		<link:loc xlink:type='locator' xlink:href='http://xbrl.fasb.org/us-gaap/2011/elts/us-gaap-2011-01-31.xsd#us-gaap_ProceedsFromIssuanceOfCommonStock' xlink:label='us-gaap_ProceedsFromIssuanceOfCommonStock'/>
		<link:label xlink:type='resource' xlink:label='lab_us-gaap_ProceedsFromIssuanceOfCommonStock' xlink:role='http://www.xbrl.org/2003/role/label' xml:lang='en-US'>Common stock issued for cash</link:label>
		<link:labelArc order='1.0' xlink:type='arc' xlink:arcrole='http://www.xbrl.org/2003/arcrole/concept-label' xlink:from='us-gaap_ProceedsFromIssuanceOfCommonStock' xlink:to='lab_us-gaap_ProceedsFromIssuanceOfCommonStock'/>
		<link:loc xlink:type='locator' xlink:href='http://xbrl.fasb.org/us-gaap/2011/elts/us-gaap-2011-01-31.xsd#us-gaap_OperatingExpenses' xlink:label='us-gaap_OperatingExpenses'/>
		<link:label xlink:type='resource' xlink:label='lab_us-gaap_OperatingExpenses' xlink:role='http://www.xbrl.org/2003/role/label' xml:lang='en-US'>Total expenses</link:label>
		<link:label xlink:type='resource' xlink:label='lab_us-gaap_OperatingExpenses' xlink:role='http://www.xbrl.org/2003/role/totalLabel' xml:lang='en-US'>Total expenses</link:label>
		<link:labelArc order='1.0' xlink:type='arc' xlink:arcrole='http://www.xbrl.org/2003/arcrole/concept-label' xlink:from='us-gaap_OperatingExpenses' xlink:to='lab_us-gaap_OperatingExpenses'/>
		<link:loc xlink:type='locator' xlink:href='http://xbrl.fasb.org/us-gaap/2011/elts/us-gaap-2011-01-31.xsd#us-gaap_StatementLineItems' xlink:label='us-gaap_StatementLineItems'/>
		<link:label xlink:type='resource' xlink:label='lab_us-gaap_StatementLineItems' xlink:role='http://www.xbrl.org/2003/role/label' xml:lang='en-US'>Statement {1}</link:label>
		<link:label xlink:type='resource' xlink:label='lab_us-gaap_StatementLineItems' xlink:role='http://www.xbrl.org/2003/role/terseLabel' xml:lang='en-US'>Statement</link:label>
		<link:labelArc order='1.0' xlink:type='arc' xlink:arcrole='http://www.xbrl.org/2003/arcrole/concept-label' xlink:from='us-gaap_StatementLineItems' xlink:to='lab_us-gaap_StatementLineItems'/>
		<link:loc xlink:type='locator' xlink:href='http://xbrl.sec.gov/dei/2011/dei-2011-01-31.xsd#dei_EntityWellKnownSeasonedIssuer' xlink:label='dei_EntityWellKnownSeasonedIssuer'/>
		<link:label xlink:type='resource' xlink:label='lab_dei_EntityWellKnownSeasonedIssuer' xlink:role='http://www.xbrl.org/2003/role/label' xml:lang='en-US'>Entity Well-known Seasoned Issuer</link:label>
		<link:labelArc order='1.0' xlink:type='arc' xlink:arcrole='http://www.xbrl.org/2003/arcrole/concept-label' xlink:from='dei_EntityWellKnownSeasonedIssuer' xlink:to='lab_dei_EntityWellKnownSeasonedIssuer'/>
		<link:loc xlink:type='locator' xlink:href='http://xbrl.sec.gov/dei/2011/dei-2011-01-31.xsd#dei_AmendmentFlag' xlink:label='dei_AmendmentFlag'/>
		<link:label xlink:type='resource' xlink:label='lab_dei_AmendmentFlag' xlink:role='http://www.xbrl.org/2003/role/label' xml:lang='en-US'>Amendment Flag</link:label>
		<link:labelArc order='1.0' xlink:type='arc' xlink:arcrole='http://www.xbrl.org/2003/arcrole/concept-label' xlink:from='dei_AmendmentFlag' xlink:to='lab_dei_AmendmentFlag'/>
		<link:loc xlink:type='locator' xlink:href='http://xbrl.sec.gov/dei/2011/dei-2011-01-31.xsd#dei_DocumentPeriodEndDate' xlink:label='dei_DocumentPeriodEndDate'/>
		<link:label xlink:type='resource' xlink:label='lab_dei_DocumentPeriodEndDate' xlink:role='http://www.xbrl.org/2003/role/label' xml:lang='en-US'>Document Period End Date</link:label>
		<link:labelArc order='1.0' xlink:type='arc' xlink:arcrole='http://www.xbrl.org/2003/arcrole/concept-label' xlink:from='dei_DocumentPeriodEndDate' xlink:to='lab_dei_DocumentPeriodEndDate'/>
		<link:loc xlink:type='locator' xlink:href='http://xbrl.fasb.org/us-gaap/2011/elts/us-gaap-2011-01-31.xsd#us-gaap_AdjustmentsToReconcileNetIncomeLossToCashProvidedByUsedInOperatingActivitiesAbstract' xlink:label='us-gaap_AdjustmentsToReconcileNetIncomeLossToCashProvidedByUsedInOperatingActivitiesAbstract'/>
		<link:label xlink:type='resource' xlink:label='lab_us-gaap_AdjustmentsToReconcileNetIncomeLossToCashProvidedByUsedInOperatingActivitiesAbstract' xlink:role='http://www.xbrl.org/2003/role/label' xml:lang='en-US'>Adjustments to reconcile net loss to net cash used in operating activities:</link:label>
		<link:labelArc order='1.0' xlink:type='arc' xlink:arcrole='http://www.xbrl.org/2003/arcrole/concept-label' xlink:from='us-gaap_AdjustmentsToReconcileNetIncomeLossToCashProvidedByUsedInOperatingActivitiesAbstract' xlink:to='lab_us-gaap_AdjustmentsToReconcileNetIncomeLossToCashProvidedByUsedInOperatingActivitiesAbstract'/>
		<link:loc xlink:type='locator' xlink:href='http://xbrl.fasb.org/us-gaap/2011/elts/us-gaap-2011-01-31.xsd#us-gaap_AdjustmentsToReconcileToIncomeLossFromContinuingOperationsAbstract' xlink:label='us-gaap_AdjustmentsToReconcileToIncomeLossFromContinuingOperationsAbstract'/>
		<link:label xlink:type='resource' xlink:label='lab_us-gaap_AdjustmentsToReconcileToIncomeLossFromContinuingOperationsAbstract' xlink:role='http://www.xbrl.org/2003/role/label' xml:lang='en-US'>Reconciling adjustments:</link:label>
		<link:labelArc order='1.0' xlink:type='arc' xlink:arcrole='http://www.xbrl.org/2003/arcrole/concept-label' xlink:from='us-gaap_AdjustmentsToReconcileToIncomeLossFromContinuingOperationsAbstract' xlink:to='lab_us-gaap_AdjustmentsToReconcileToIncomeLossFromContinuingOperationsAbstract'/>
		<link:loc xlink:type='locator' xlink:href='http://xbrl.fasb.org/us-gaap/2011/elts/us-gaap-2011-01-31.xsd#us-gaap_IncomeStatementAbstract' xlink:label='us-gaap_IncomeStatementAbstract'/>
		<link:label xlink:type='resource' xlink:label='lab_us-gaap_IncomeStatementAbstract' xlink:role='http://www.xbrl.org/2003/role/label' xml:lang='en-US'>Statement of Income</link:label>
		<link:labelArc order='1.0' xlink:type='arc' xlink:arcrole='http://www.xbrl.org/2003/arcrole/concept-label' xlink:from='us-gaap_IncomeStatementAbstract' xlink:to='lab_us-gaap_IncomeStatementAbstract'/>
		<link:loc xlink:type='locator' xlink:href='http://xbrl.fasb.org/us-gaap/2011/elts/us-gaap-2011-01-31.xsd#us-gaap_AdditionalPaidInCapital' xlink:label='us-gaap_AdditionalPaidInCapital'/>
		<link:label xlink:type='resource' xlink:label='lab_us-gaap_AdditionalPaidInCapital' xlink:role='http://www.xbrl.org/2003/role/label' xml:lang='en-US'>Additional paid-in capital</link:label>
		<link:labelArc order='1.0' xlink:type='arc' xlink:arcrole='http://www.xbrl.org/2003/arcrole/concept-label' xlink:from='us-gaap_AdditionalPaidInCapital' xlink:to='lab_us-gaap_AdditionalPaidInCapital'/>
		<link:loc xlink:type='locator' xlink:href='http://xbrl.sec.gov/dei/2011/dei-2011-01-31.xsd#dei_DocumentFiscalPeriodFocus' xlink:label='dei_DocumentFiscalPeriodFocus'/>
		<link:label xlink:type='resource' xlink:label='lab_dei_DocumentFiscalPeriodFocus' xlink:role='http://www.xbrl.org/2003/role/label' xml:lang='en-US'>Document Fiscal Period Focus</link:label>
		<link:labelArc order='1.0' xlink:type='arc' xlink:arcrole='http://www.xbrl.org/2003/arcrole/concept-label' xlink:from='dei_DocumentFiscalPeriodFocus' xlink:to='lab_dei_DocumentFiscalPeriodFocus'/>
		<link:loc xlink:type='locator' xlink:href='http://xbrl.sec.gov/dei/2011/dei-2011-01-31.xsd#dei_EntityPublicFloat' xlink:label='dei_EntityPublicFloat'/>
		<link:label xlink:type='resource' xlink:label='lab_dei_EntityPublicFloat' xlink:role='http://www.xbrl.org/2003/role/label' xml:lang='en-US'>Entity Public Float</link:label>
		<link:labelArc order='1.0' xlink:type='arc' xlink:arcrole='http://www.xbrl.org/2003/arcrole/concept-label' xlink:from='dei_EntityPublicFloat' xlink:to='lab_dei_EntityPublicFloat'/>
		<link:loc xlink:type='locator' xlink:href='dane-20121231.xsd#fil_DocumentAndEntityInformationAbstract' xlink:label='fil_DocumentAndEntityInformationAbstract'/>
		<link:label xlink:type='resource' xlink:label='lab_fil_DocumentAndEntityInformationAbstract' xlink:role='http://www.xbrl.org/2003/role/label' xml:lang='en-US'>Document and Entity Information</link:label>
		<link:labelArc order='1.0' xlink:type='arc' xlink:arcrole='http://www.xbrl.org/2003/arcrole/concept-label' xlink:from='fil_DocumentAndEntityInformationAbstract' xlink:to='lab_fil_DocumentAndEntityInformationAbstract'/>
		<link:loc xlink:type='locator' xlink:href='http://xbrl.fasb.org/us-gaap/2011/elts/us-gaap-2011-01-31.xsd#us-gaap_RetainedEarningsMember' xlink:label='us-gaap_RetainedEarningsMember'/>
		<link:label xlink:type='resource' xlink:label='lab_us-gaap_RetainedEarningsMember' xlink:role='http://www.xbrl.org/2003/role/label' xml:lang='en-US'>Deficit Accumulated During Exploration Stage [Member]</link:label>
		<link:labelArc order='1.0' xlink:type='arc' xlink:arcrole='http://www.xbrl.org/2003/arcrole/concept-label' xlink:from='us-gaap_RetainedEarningsMember' xlink:to='lab_us-gaap_RetainedEarningsMember'/>
		<link:loc xlink:type='locator' xlink:href='http://xbrl.fasb.org/us-gaap/2011/elts/us-gaap-2011-01-31.xsd#us-gaap_ForeignCurrencyTransactionsAndTranslationsPolicyTextBlock' xlink:label='us-gaap_ForeignCurrencyTransactionsAndTranslationsPolicyTextBlock'/>
		<link:label xlink:type='resource' xlink:label='lab_us-gaap_ForeignCurrencyTransactionsAndTranslationsPolicyTextBlock' xlink:role='http://www.xbrl.org/2003/role/label' xml:lang='en-US'>Foreign Currency</link:label>
		<link:labelArc order='1.0' xlink:type='arc' xlink:arcrole='http://www.xbrl.org/2003/arcrole/concept-label' xlink:from='us-gaap_ForeignCurrencyTransactionsAndTranslationsPolicyTextBlock' xlink:to='lab_us-gaap_ForeignCurrencyTransactionsAndTranslationsPolicyTextBlock'/>
		<link:loc xlink:type='locator' xlink:href='http://xbrl.fasb.org/us-gaap/2011/elts/us-gaap-2011-01-31.xsd#us-gaap_RetainedEarningsAccumulatedDeficit' xlink:label='us-gaap_RetainedEarningsAccumulatedDeficit'/>
		<link:label xlink:type='resource' xlink:label='lab_us-gaap_RetainedEarningsAccumulatedDeficit' xlink:role='http://www.xbrl.org/2003/role/label' xml:lang='en-US'>Deficit accumulated during the exploration stage</link:label>
		<link:labelArc order='1.0' xlink:type='arc' xlink:arcrole='http://www.xbrl.org/2003/arcrole/concept-label' xlink:from='us-gaap_RetainedEarningsAccumulatedDeficit' xlink:to='lab_us-gaap_RetainedEarningsAccumulatedDeficit'/>
		<link:loc xlink:type='locator' xlink:href='http://xbrl.fasb.org/us-gaap/2011/elts/us-gaap-2011-01-31.xsd#us-gaap_Liabilities' xlink:label='us-gaap_Liabilities'/>
		<link:label xlink:type='resource' xlink:label='lab_us-gaap_Liabilities' xlink:role='http://www.xbrl.org/2003/role/label' xml:lang='en-US'>Total Liabilities</link:label>
		<link:label xlink:type='resource' xlink:label='lab_us-gaap_Liabilities' xlink:role='http://www.xbrl.org/2003/role/totalLabel' xml:lang='en-US'>Total Liabilities</link:label>
		<link:labelArc order='1.0' xlink:type='arc' xlink:arcrole='http://www.xbrl.org/2003/arcrole/concept-label' xlink:from='us-gaap_Liabilities' xlink:to='lab_us-gaap_Liabilities'/>
		<link:loc xlink:type='locator' xlink:href='http://xbrl.sec.gov/dei/2011/dei-2011-01-31.xsd#dei_CurrentFiscalYearEndDate' xlink:label='dei_CurrentFiscalYearEndDate'/>
		<link:label xlink:type='resource' xlink:label='lab_dei_CurrentFiscalYearEndDate' xlink:role='http://www.xbrl.org/2003/role/label' xml:lang='en-US'>Current Fiscal Year End Date</link:label>
		<link:labelArc order='1.0' xlink:type='arc' xlink:arcrole='http://www.xbrl.org/2003/arcrole/concept-label' xlink:from='dei_CurrentFiscalYearEndDate' xlink:to='lab_dei_CurrentFiscalYearEndDate'/>
		<link:loc xlink:type='locator' xlink:href='http://xbrl.fasb.org/us-gaap/2011/elts/us-gaap-2011-01-31.xsd#us-gaap_EarningsPerShareBasicAndDiluted' xlink:label='us-gaap_EarningsPerShareBasicAndDiluted'/>
		<link:label xlink:type='resource' xlink:label='lab_us-gaap_EarningsPerShareBasicAndDiluted' xlink:role='http://www.xbrl.org/2003/role/label' xml:lang='en-US'>Basic and diluted loss per common share</link:label>
		<link:labelArc order='1.0' xlink:type='arc' xlink:arcrole='http://www.xbrl.org/2003/arcrole/concept-label' xlink:from='us-gaap_EarningsPerShareBasicAndDiluted' xlink:to='lab_us-gaap_EarningsPerShareBasicAndDiluted'/>
		<link:loc xlink:type='locator' xlink:href='http://xbrl.fasb.org/us-gaap/2011/elts/us-gaap-2011-01-31.xsd#us-gaap_CommonStockSharesAuthorized' xlink:label='us-gaap_CommonStockSharesAuthorized'/>
		<link:label xlink:type='resource' xlink:label='lab_us-gaap_CommonStockSharesAuthorized' xlink:role='http://www.xbrl.org/2003/role/label' xml:lang='en-US'>Common Stock, Shares Authorized</link:label>
		<link:labelArc order='1.0' xlink:type='arc' xlink:arcrole='http://www.xbrl.org/2003/arcrole/concept-label' xlink:from='us-gaap_CommonStockSharesAuthorized' xlink:to='lab_us-gaap_CommonStockSharesAuthorized'/>
		<link:loc xlink:type='locator' xlink:href='http://xbrl.sec.gov/dei/2011/dei-2011-01-31.xsd#dei_EntityCurrentReportingStatus' xlink:label='dei_EntityCurrentReportingStatus'/>
		<link:label xlink:type='resource' xlink:label='lab_dei_EntityCurrentReportingStatus' xlink:role='http://www.xbrl.org/2003/role/label' xml:lang='en-US'>Entity Current Reporting Status</link:label>
		<link:labelArc order='1.0' xlink:type='arc' xlink:arcrole='http://www.xbrl.org/2003/arcrole/concept-label' xlink:from='dei_EntityCurrentReportingStatus' xlink:to='lab_dei_EntityCurrentReportingStatus'/>
		<link:loc xlink:type='locator' xlink:href='http://xbrl.sec.gov/dei/2011/dei-2011-01-31.xsd#dei_EntityRegistrantName' xlink:label='dei_EntityRegistrantName'/>
		<link:label xlink:type='resource' xlink:label='lab_dei_EntityRegistrantName' xlink:role='http://www.xbrl.org/2003/role/label' xml:lang='en-US'>Entity Registrant Name</link:label>
		<link:labelArc order='1.0' xlink:type='arc' xlink:arcrole='http://www.xbrl.org/2003/arcrole/concept-label' xlink:from='dei_EntityRegistrantName' xlink:to='lab_dei_EntityRegistrantName'/>
		<link:loc xlink:type='locator' xlink:href='http://xbrl.fasb.org/us-gaap/2011/elts/us-gaap-2011-01-31.xsd#us-gaap_CommitmentsAndContingenciesDisclosureTextBlock' xlink:label='us-gaap_CommitmentsAndContingenciesDisclosureTextBlock'/>
		<link:label xlink:type='resource' xlink:label='lab_us-gaap_CommitmentsAndContingenciesDisclosureTextBlock' xlink:role='http://www.xbrl.org/2003/role/label' xml:lang='en-US'>Note 5 - Commitments and Contingencies</link:label>
		<link:labelArc order='1.0' xlink:type='arc' xlink:arcrole='http://www.xbrl.org/2003/arcrole/concept-label' xlink:from='us-gaap_CommitmentsAndContingenciesDisclosureTextBlock' xlink:to='lab_us-gaap_CommitmentsAndContingenciesDisclosureTextBlock'/>
		<link:loc xlink:type='locator' xlink:href='http://xbrl.fasb.org/us-gaap/2011/elts/us-gaap-2011-01-31.xsd#us-gaap_OrganizationConsolidationAndPresentationOfFinancialStatementsDisclosureAndSignificantAccountingPoliciesTextBlock' xlink:label='us-gaap_OrganizationConsolidationAndPresentationOfFinancialStatementsDisclosureAndSignificantAccountingPoliciesTextBlock'/>
		<link:label xlink:type='resource' xlink:label='lab_us-gaap_OrganizationConsolidationAndPresentationOfFinancialStatementsDisclosureAndSignificantAccountingPoliciesTextBlock' xlink:role='http://www.xbrl.org/2003/role/label' xml:lang='en-US'>Note 1 - Basis of Presentation</link:label>
		<link:labelArc order='1.0' xlink:type='arc' xlink:arcrole='http://www.xbrl.org/2003/arcrole/concept-label' xlink:from='us-gaap_OrganizationConsolidationAndPresentationOfFinancialStatementsDisclosureAndSignificantAccountingPoliciesTextBlock' xlink:to='lab_us-gaap_OrganizationConsolidationAndPresentationOfFinancialStatementsDisclosureAndSignificantAccountingPoliciesTextBlock'/>
		<link:loc xlink:type='locator' xlink:href='http://xbrl.fasb.org/us-gaap/2011/elts/us-gaap-2011-01-31.xsd#us-gaap_AccountsPayable' xlink:label='us-gaap_AccountsPayable'/>
		<link:label xlink:type='resource' xlink:label='lab_us-gaap_AccountsPayable' xlink:role='http://www.xbrl.org/2003/role/label' xml:lang='en-US'>Accounts payable</link:label>
		<link:labelArc order='1.0' xlink:type='arc' xlink:arcrole='http://www.xbrl.org/2003/arcrole/concept-label' xlink:from='us-gaap_AccountsPayable' xlink:to='lab_us-gaap_AccountsPayable'/>
		<link:loc xlink:type='locator' xlink:href='http://xbrl.sec.gov/dei/2011/dei-2011-01-31.xsd#dei_EntityCentralIndexKey' xlink:label='dei_EntityCentralIndexKey'/>
		<link:label xlink:type='resource' xlink:label='lab_dei_EntityCentralIndexKey' xlink:role='http://www.xbrl.org/2003/role/label' xml:lang='en-US'>Entity Central Index Key</link:label>
		<link:labelArc order='1.0' xlink:type='arc' xlink:arcrole='http://www.xbrl.org/2003/arcrole/concept-label' xlink:from='dei_EntityCentralIndexKey' xlink:to='lab_dei_EntityCentralIndexKey'/>
		<link:loc xlink:type='locator' xlink:href='http://xbrl.fasb.org/us-gaap/2011/elts/us-gaap-2011-01-31.xsd#us-gaap_StockholdersEquityNoteDisclosureTextBlock' xlink:label='us-gaap_StockholdersEquityNoteDisclosureTextBlock'/>
		<link:label xlink:type='resource' xlink:label='lab_us-gaap_StockholdersEquityNoteDisclosureTextBlock' xlink:role='http://www.xbrl.org/2003/role/label' xml:lang='en-US'>Note 6 - Common Stock</link:label>
		<link:labelArc order='1.0' xlink:type='arc' xlink:arcrole='http://www.xbrl.org/2003/arcrole/concept-label' xlink:from='us-gaap_StockholdersEquityNoteDisclosureTextBlock' xlink:to='lab_us-gaap_StockholdersEquityNoteDisclosureTextBlock'/>
		<link:loc xlink:type='locator' xlink:href='http://xbrl.fasb.org/us-gaap/2011/elts/us-gaap-2011-01-31.xsd#us-gaap_CashAndCashEquivalentsPeriodIncreaseDecrease' xlink:label='us-gaap_CashAndCashEquivalentsPeriodIncreaseDecrease'/>
		<link:label xlink:type='resource' xlink:label='lab_us-gaap_CashAndCashEquivalentsPeriodIncreaseDecrease' xlink:role='http://www.xbrl.org/2003/role/label' xml:lang='en-US'>Net increase (decrease) in cash</link:label>
		<link:labelArc order='1.0' xlink:type='arc' xlink:arcrole='http://www.xbrl.org/2003/arcrole/concept-label' xlink:from='us-gaap_CashAndCashEquivalentsPeriodIncreaseDecrease' xlink:to='lab_us-gaap_CashAndCashEquivalentsPeriodIncreaseDecrease'/>
		<link:loc xlink:type='locator' xlink:href='http://xbrl.fasb.org/us-gaap/2011/elts/us-gaap-2011-01-31.xsd#us-gaap_OperatingExpensesAbstract' xlink:label='us-gaap_OperatingExpensesAbstract'/>
		<link:label xlink:type='resource' xlink:label='lab_us-gaap_OperatingExpensesAbstract' xlink:role='http://www.xbrl.org/2003/role/label' xml:lang='en-US'>EXPENSES:</link:label>
		<link:labelArc order='1.0' xlink:type='arc' xlink:arcrole='http://www.xbrl.org/2003/arcrole/concept-label' xlink:from='us-gaap_OperatingExpensesAbstract' xlink:to='lab_us-gaap_OperatingExpensesAbstract'/>
		<link:loc xlink:type='locator' xlink:href='http://xbrl.fasb.org/us-gaap/2011/elts/us-gaap-2011-01-31.xsd#us-gaap_AssetsCurrentAbstract' xlink:label='us-gaap_AssetsCurrentAbstract'/>
		<link:label xlink:type='resource' xlink:label='lab_us-gaap_AssetsCurrentAbstract' xlink:role='http://www.xbrl.org/2003/role/label' xml:lang='en-US'>CURRENT ASSETS</link:label>
		<link:labelArc order='1.0' xlink:type='arc' xlink:arcrole='http://www.xbrl.org/2003/arcrole/concept-label' xlink:from='us-gaap_AssetsCurrentAbstract' xlink:to='lab_us-gaap_AssetsCurrentAbstract'/>
		<link:loc xlink:type='locator' xlink:href='dane-20121231.xsd#fil_ExplorationCostsAndMineralPropertyRightAcquisitions' xlink:label='fil_ExplorationCostsAndMineralPropertyRightAcquisitions'/>
		<link:label xlink:type='resource' xlink:label='lab_fil_ExplorationCostsAndMineralPropertyRightAcquisitions' xlink:role='http://www.xbrl.org/2003/role/label' xml:lang='en-US'>Exploration Costs and Mineral Property Right Acquisitions</link:label>
		<link:labelArc order='1.0' xlink:type='arc' xlink:arcrole='http://www.xbrl.org/2003/arcrole/concept-label' xlink:from='fil_ExplorationCostsAndMineralPropertyRightAcquisitions' xlink:to='lab_fil_ExplorationCostsAndMineralPropertyRightAcquisitions'/>
		<link:loc xlink:type='locator' xlink:href='http://xbrl.fasb.org/us-gaap/2011/elts/us-gaap-2011-01-31.xsd#us-gaap_SignificantAccountingPoliciesTextBlock' xlink:label='us-gaap_SignificantAccountingPoliciesTextBlock'/>
		<link:label xlink:type='resource' xlink:label='lab_us-gaap_SignificantAccountingPoliciesTextBlock' xlink:role='http://www.xbrl.org/2003/role/label' xml:lang='en-US'>Note 2 - Summary of Significant Accounting Policies</link:label>
		<link:labelArc order='1.0' xlink:type='arc' xlink:arcrole='http://www.xbrl.org/2003/arcrole/concept-label' xlink:from='us-gaap_SignificantAccountingPoliciesTextBlock' xlink:to='lab_us-gaap_SignificantAccountingPoliciesTextBlock'/>
		<link:loc xlink:type='locator' xlink:href='http://xbrl.sec.gov/dei/2011/dei-2011-01-31.xsd#dei_DocumentFiscalYearFocus' xlink:label='dei_DocumentFiscalYearFocus'/>
		<link:label xlink:type='resource' xlink:label='lab_dei_DocumentFiscalYearFocus' xlink:role='http://www.xbrl.org/2003/role/label' xml:lang='en-US'>Document Fiscal Year Focus</link:label>
		<link:labelArc order='1.0' xlink:type='arc' xlink:arcrole='http://www.xbrl.org/2003/arcrole/concept-label' xlink:from='dei_DocumentFiscalYearFocus' xlink:to='lab_dei_DocumentFiscalYearFocus'/>
		<link:loc xlink:type='locator' xlink:href='http://xbrl.fasb.org/us-gaap/2011/elts/us-gaap-2011-01-31.xsd#us-gaap_AdditionalPaidInCapitalMember' xlink:label='us-gaap_AdditionalPaidInCapitalMember'/>
		<link:label xlink:type='resource' xlink:label='lab_us-gaap_AdditionalPaidInCapitalMember' xlink:role='http://www.xbrl.org/2003/role/label' xml:lang='en-US'>Paid-in Capital [Member]</link:label>
		<link:labelArc order='1.0' xlink:type='arc' xlink:arcrole='http://www.xbrl.org/2003/arcrole/concept-label' xlink:from='us-gaap_AdditionalPaidInCapitalMember' xlink:to='lab_us-gaap_AdditionalPaidInCapitalMember'/>
		<link:loc xlink:type='locator' xlink:href='http://xbrl.fasb.org/us-gaap/2011/elts/us-gaap-2011-01-31.xsd#us-gaap_EquityComponentDomain' xlink:label='us-gaap_EquityComponentDomain'/>
		<link:label xlink:type='resource' xlink:label='lab_us-gaap_EquityComponentDomain' xlink:role='http://www.xbrl.org/2003/role/label' xml:lang='en-US'>Equity Component [Domain]</link:label>
		<link:labelArc order='1.0' xlink:type='arc' xlink:arcrole='http://www.xbrl.org/2003/arcrole/concept-label' xlink:from='us-gaap_EquityComponentDomain' xlink:to='lab_us-gaap_EquityComponentDomain'/>
		<link:loc xlink:type='locator' xlink:href='http://xbrl.fasb.org/us-gaap/2011/elts/us-gaap-2011-01-31.xsd#us-gaap_SaleOfStockPricePerShare' xlink:label='us-gaap_SaleOfStockPricePerShare'/>
		<link:label xlink:type='resource' xlink:label='lab_us-gaap_SaleOfStockPricePerShare' xlink:role='http://www.xbrl.org/2003/role/label' xml:lang='en-US'>Share Price</link:label>
		<link:labelArc order='1.0' xlink:type='arc' xlink:arcrole='http://www.xbrl.org/2003/arcrole/concept-label' xlink:from='us-gaap_SaleOfStockPricePerShare' xlink:to='lab_us-gaap_SaleOfStockPricePerShare'/>
		<link:loc xlink:type='locator' xlink:href='http://xbrl.fasb.org/us-gaap/2011/elts/us-gaap-2011-01-31.xsd#us-gaap_FairValueOfFinancialInstrumentsPolicy' xlink:label='us-gaap_FairValueOfFinancialInstrumentsPolicy'/>
		<link:label xlink:type='resource' xlink:label='lab_us-gaap_FairValueOfFinancialInstrumentsPolicy' xlink:role='http://www.xbrl.org/2003/role/label' xml:lang='en-US'>Estimated Fair Value of Financial Instruments</link:label>
		<link:labelArc order='1.0' xlink:type='arc' xlink:arcrole='http://www.xbrl.org/2003/arcrole/concept-label' xlink:from='us-gaap_FairValueOfFinancialInstrumentsPolicy' xlink:to='lab_us-gaap_FairValueOfFinancialInstrumentsPolicy'/>
		<link:loc xlink:type='locator' xlink:href='http://xbrl.fasb.org/us-gaap/2011/elts/us-gaap-2011-01-31.xsd#us-gaap_NetCashProvidedByUsedInFinancingActivitiesAbstract' xlink:label='us-gaap_NetCashProvidedByUsedInFinancingActivitiesAbstract'/>
		<link:label xlink:type='resource' xlink:label='lab_us-gaap_NetCashProvidedByUsedInFinancingActivitiesAbstract' xlink:role='http://www.xbrl.org/2003/role/label' xml:lang='en-US'>Cash flows from financing activities:</link:label>
		<link:labelArc order='1.0' xlink:type='arc' xlink:arcrole='http://www.xbrl.org/2003/arcrole/concept-label' xlink:from='us-gaap_NetCashProvidedByUsedInFinancingActivitiesAbstract' xlink:to='lab_us-gaap_NetCashProvidedByUsedInFinancingActivitiesAbstract'/>
		<link:loc xlink:type='locator' xlink:href='http://xbrl.fasb.org/us-gaap/2011/elts/us-gaap-2011-01-31.xsd#us-gaap_IncreaseDecreaseInAccountsPayable' xlink:label='us-gaap_IncreaseDecreaseInAccountsPayable'/>
		<link:label xlink:type='resource' xlink:label='lab_us-gaap_IncreaseDecreaseInAccountsPayable' xlink:role='http://www.xbrl.org/2003/role/label' xml:lang='en-US'>Accounts payable (increase/decrease)</link:label>
		<link:label xlink:type='resource' xlink:label='lab_us-gaap_IncreaseDecreaseInAccountsPayable' xlink:role='http://www.xbrl.org/2009/role/negatedLabel' xml:lang='en-US'>Accounts payable (increase/decrease)</link:label>
		<link:labelArc order='1.0' xlink:type='arc' xlink:arcrole='http://www.xbrl.org/2003/arcrole/concept-label' xlink:from='us-gaap_IncreaseDecreaseInAccountsPayable' xlink:to='lab_us-gaap_IncreaseDecreaseInAccountsPayable'/>
		<link:loc xlink:type='locator' xlink:href='http://xbrl.fasb.org/us-gaap/2011/elts/us-gaap-2011-01-31.xsd#us-gaap_CommonStockSharesOutstanding' xlink:label='us-gaap_CommonStockSharesOutstanding'/>
		<link:label xlink:type='resource' xlink:label='lab_us-gaap_CommonStockSharesOutstanding' xlink:role='http://www.xbrl.org/2003/role/label' xml:lang='en-US'>Common Stock, Shares Outstanding</link:label>
		<link:labelArc order='1.0' xlink:type='arc' xlink:arcrole='http://www.xbrl.org/2003/arcrole/concept-label' xlink:from='us-gaap_CommonStockSharesOutstanding' xlink:to='lab_us-gaap_CommonStockSharesOutstanding'/>
		<link:loc xlink:type='locator' xlink:href='http://xbrl.fasb.org/us-gaap/2011/elts/us-gaap-2011-01-31.xsd#us-gaap_NotesPayableRelatedPartiesCurrent' xlink:label='us-gaap_NotesPayableRelatedPartiesCurrent'/>
		<link:label xlink:type='resource' xlink:label='lab_us-gaap_NotesPayableRelatedPartiesCurrent' xlink:role='http://www.xbrl.org/2003/role/label' xml:lang='en-US'>Shareholder advances</link:label>
		<link:labelArc order='1.0' xlink:type='arc' xlink:arcrole='http://www.xbrl.org/2003/arcrole/concept-label' xlink:from='us-gaap_NotesPayableRelatedPartiesCurrent' xlink:to='lab_us-gaap_NotesPayableRelatedPartiesCurrent'/>
		<link:loc xlink:type='locator' xlink:href='http://xbrl.fasb.org/us-gaap/2011/elts/us-gaap-2011-01-31.xsd#us-gaap_CommonStockMember' xlink:label='us-gaap_CommonStockMember'/>
		<link:label xlink:type='resource' xlink:label='lab_us-gaap_CommonStockMember' xlink:role='http://www.xbrl.org/2003/role/label' xml:lang='en-US'>Common Stock [Member]</link:label>
		<link:labelArc order='1.0' xlink:type='arc' xlink:arcrole='http://www.xbrl.org/2003/arcrole/concept-label' xlink:from='us-gaap_CommonStockMember' xlink:to='lab_us-gaap_CommonStockMember'/>
		<link:loc xlink:type='locator' xlink:href='http://xbrl.fasb.org/us-gaap/2011/elts/us-gaap-2011-01-31.xsd#us-gaap_StartUpActivitiesCostPolicy' xlink:label='us-gaap_StartUpActivitiesCostPolicy'/>
		<link:label xlink:type='resource' xlink:label='lab_us-gaap_StartUpActivitiesCostPolicy' xlink:role='http://www.xbrl.org/2003/role/label' xml:lang='en-US'>Start-up Costs</link:label>
		<link:labelArc order='1.0' xlink:type='arc' xlink:arcrole='http://www.xbrl.org/2003/arcrole/concept-label' xlink:from='us-gaap_StartUpActivitiesCostPolicy' xlink:to='lab_us-gaap_StartUpActivitiesCostPolicy'/>
		<link:loc xlink:type='locator' xlink:href='http://xbrl.fasb.org/us-gaap/2011/elts/us-gaap-2011-01-31.xsd#us-gaap_DisclosureTextBlockAbstract' xlink:label='us-gaap_DisclosureTextBlockAbstract'/>
		<link:label xlink:type='resource' xlink:label='lab_us-gaap_DisclosureTextBlockAbstract' xlink:role='http://www.xbrl.org/2003/role/label' xml:lang='en-US'>Notes</link:label>
		<link:labelArc order='1.0' xlink:type='arc' xlink:arcrole='http://www.xbrl.org/2003/arcrole/concept-label' xlink:from='us-gaap_DisclosureTextBlockAbstract' xlink:to='lab_us-gaap_DisclosureTextBlockAbstract'/>
		<link:loc xlink:type='locator' xlink:href='http://xbrl.fasb.org/us-gaap/2011/elts/us-gaap-2011-01-31.xsd#us-gaap_ExplorationExpenseMining' xlink:label='us-gaap_ExplorationExpenseMining'/>
		<link:label xlink:type='resource' xlink:label='lab_us-gaap_ExplorationExpenseMining' xlink:role='http://www.xbrl.org/2003/role/label' xml:lang='en-US'>Exploration costs</link:label>
		<link:labelArc order='1.0' xlink:type='arc' xlink:arcrole='http://www.xbrl.org/2003/arcrole/concept-label' xlink:from='us-gaap_ExplorationExpenseMining' xlink:to='lab_us-gaap_ExplorationExpenseMining'/>
		<link:loc xlink:type='locator' xlink:href='http://xbrl.fasb.org/us-gaap/2011/elts/us-gaap-2011-01-31.xsd#us-gaap_StockholdersEquity' xlink:label='us-gaap_StockholdersEquity'/>
		<link:label xlink:type='resource' xlink:label='lab_us-gaap_StockholdersEquity' xlink:role='http://www.xbrl.org/2003/role/label' xml:lang='en-US'>Total Shareholder Equity</link:label>
		<link:label xlink:type='resource' xlink:label='lab_us-gaap_StockholdersEquity' xlink:role='http://www.xbrl.org/2003/role/totalLabel' xml:lang='en-US'>Total stockholders&apos; equity (deficit)</link:label>
		<link:labelArc order='1.0' xlink:type='arc' xlink:arcrole='http://www.xbrl.org/2003/arcrole/concept-label' xlink:from='us-gaap_StockholdersEquity' xlink:to='lab_us-gaap_StockholdersEquity'/>
		<link:loc xlink:type='locator' xlink:href='http://xbrl.fasb.org/us-gaap/2011/elts/us-gaap-2011-01-31.xsd#us-gaap_AssetsAbstract' xlink:label='us-gaap_AssetsAbstract'/>
		<link:label xlink:type='resource' xlink:label='lab_us-gaap_AssetsAbstract' xlink:role='http://www.xbrl.org/2003/role/label' xml:lang='en-US'>ASSETS</link:label>
		<link:labelArc order='1.0' xlink:type='arc' xlink:arcrole='http://www.xbrl.org/2003/arcrole/concept-label' xlink:from='us-gaap_AssetsAbstract' xlink:to='lab_us-gaap_AssetsAbstract'/>
		<link:loc xlink:type='locator' xlink:href='http://xbrl.fasb.org/us-gaap/2011/elts/us-gaap-2011-01-31.xsd#us-gaap_ShareBasedCompensationOptionAndIncentivePlansPolicy' xlink:label='us-gaap_ShareBasedCompensationOptionAndIncentivePlansPolicy'/>
		<link:label xlink:type='resource' xlink:label='lab_us-gaap_ShareBasedCompensationOptionAndIncentivePlansPolicy' xlink:role='http://www.xbrl.org/2003/role/label' xml:lang='en-US'>Stock-based Compensation</link:label>
		<link:labelArc order='1.0' xlink:type='arc' xlink:arcrole='http://www.xbrl.org/2003/arcrole/concept-label' xlink:from='us-gaap_ShareBasedCompensationOptionAndIncentivePlansPolicy' xlink:to='lab_us-gaap_ShareBasedCompensationOptionAndIncentivePlansPolicy'/>
		<link:loc xlink:type='locator' xlink:href='http://xbrl.fasb.org/us-gaap/2011/elts/us-gaap-2011-01-31.xsd#us-gaap_NetIncomeLoss' xlink:label='us-gaap_NetIncomeLoss'/>
		<link:label xlink:type='resource' xlink:label='lab_us-gaap_NetIncomeLoss' xlink:role='http://www.xbrl.org/2003/role/label' xml:lang='en-US'>Net (Loss)</link:label>
		<link:label xlink:type='resource' xlink:label='lab_us-gaap_NetIncomeLoss' xlink:role='http://www.xbrl.org/2009/role/negatedLabel' xml:lang='en-US'>Net (Loss)</link:label>
		<link:labelArc order='1.0' xlink:type='arc' xlink:arcrole='http://www.xbrl.org/2003/arcrole/concept-label' xlink:from='us-gaap_NetIncomeLoss' xlink:to='lab_us-gaap_NetIncomeLoss'/>
		<link:loc xlink:type='locator' xlink:href='http://xbrl.fasb.org/us-gaap/2011/elts/us-gaap-2011-01-31.xsd#us-gaap_CommonStockValue' xlink:label='us-gaap_CommonStockValue'/>
		<link:label xlink:type='resource' xlink:label='lab_us-gaap_CommonStockValue' xlink:role='http://www.xbrl.org/2003/role/label' xml:lang='en-US'>Common shares</link:label>
		<link:labelArc order='1.0' xlink:type='arc' xlink:arcrole='http://www.xbrl.org/2003/arcrole/concept-label' xlink:from='us-gaap_CommonStockValue' xlink:to='lab_us-gaap_CommonStockValue'/>
		<link:loc xlink:type='locator' xlink:href='http://xbrl.sec.gov/dei/2011/dei-2011-01-31.xsd#dei_EntityFilerCategory' xlink:label='dei_EntityFilerCategory'/>
		<link:label xlink:type='resource' xlink:label='lab_dei_EntityFilerCategory' xlink:role='http://www.xbrl.org/2003/role/label' xml:lang='en-US'>Entity Filer Category</link:label>
		<link:labelArc order='1.0' xlink:type='arc' xlink:arcrole='http://www.xbrl.org/2003/arcrole/concept-label' xlink:from='dei_EntityFilerCategory' xlink:to='lab_dei_EntityFilerCategory'/>
		<link:loc xlink:type='locator' xlink:href='http://xbrl.fasb.org/us-gaap/2011/elts/us-gaap-2011-01-31.xsd#us-gaap_IncomeTaxPolicyTextBlock' xlink:label='us-gaap_IncomeTaxPolicyTextBlock'/>
		<link:label xlink:type='resource' xlink:label='lab_us-gaap_IncomeTaxPolicyTextBlock' xlink:role='http://www.xbrl.org/2003/role/label' xml:lang='en-US'>Income Taxes</link:label>
		<link:labelArc order='1.0' xlink:type='arc' xlink:arcrole='http://www.xbrl.org/2003/arcrole/concept-label' xlink:from='us-gaap_IncomeTaxPolicyTextBlock' xlink:to='lab_us-gaap_IncomeTaxPolicyTextBlock'/>
		<link:loc xlink:type='locator' xlink:href='http://xbrl.fasb.org/us-gaap/2011/elts/us-gaap-2011-01-31.xsd#us-gaap_PolicyTextBlockAbstract' xlink:label='us-gaap_PolicyTextBlockAbstract'/>
		<link:label xlink:type='resource' xlink:label='lab_us-gaap_PolicyTextBlockAbstract' xlink:role='http://www.xbrl.org/2003/role/label' xml:lang='en-US'>Policies</link:label>
		<link:labelArc order='1.0' xlink:type='arc' xlink:arcrole='http://www.xbrl.org/2003/arcrole/concept-label' xlink:from='us-gaap_PolicyTextBlockAbstract' xlink:to='lab_us-gaap_PolicyTextBlockAbstract'/>
		<link:loc xlink:type='locator' xlink:href='http://xbrl.fasb.org/us-gaap/2011/elts/us-gaap-2011-01-31.xsd#us-gaap_NetCashProvidedByUsedInInvestingActivities' xlink:label='us-gaap_NetCashProvidedByUsedInInvestingActivities'/>
		<link:label xlink:type='resource' xlink:label='lab_us-gaap_NetCashProvidedByUsedInInvestingActivities' xlink:role='http://www.xbrl.org/2003/role/label' xml:lang='en-US'>Net cash (used) by investing activities</link:label>
		<link:label xlink:type='resource' xlink:label='lab_us-gaap_NetCashProvidedByUsedInInvestingActivities' xlink:role='http://www.xbrl.org/2003/role/totalLabel' xml:lang='en-US'>Net cash (used) by investing activities</link:label>
		<link:labelArc order='1.0' xlink:type='arc' xlink:arcrole='http://www.xbrl.org/2003/arcrole/concept-label' xlink:from='us-gaap_NetCashProvidedByUsedInInvestingActivities' xlink:to='lab_us-gaap_NetCashProvidedByUsedInInvestingActivities'/>
		<link:loc xlink:type='locator' xlink:href='http://xbrl.fasb.org/us-gaap/2011/elts/us-gaap-2011-01-31.xsd#us-gaap_CommonStockSharesIssued' xlink:label='us-gaap_CommonStockSharesIssued'/>
		<link:label xlink:type='resource' xlink:label='lab_us-gaap_CommonStockSharesIssued' xlink:role='http://www.xbrl.org/2003/role/label' xml:lang='en-US'>Common Stock, Shares Issued</link:label>
		<link:labelArc order='1.0' xlink:type='arc' xlink:arcrole='http://www.xbrl.org/2003/arcrole/concept-label' xlink:from='us-gaap_CommonStockSharesIssued' xlink:to='lab_us-gaap_CommonStockSharesIssued'/>
		<link:loc xlink:type='locator' xlink:href='http://xbrl.fasb.org/us-gaap/2011/elts/us-gaap-2011-01-31.xsd#us-gaap_CommonStockParOrStatedValuePerShare' xlink:label='us-gaap_CommonStockParOrStatedValuePerShare'/>
		<link:label xlink:type='resource' xlink:label='lab_us-gaap_CommonStockParOrStatedValuePerShare' xlink:role='http://www.xbrl.org/2003/role/label' xml:lang='en-US'>Common Stock, Par Value</link:label>
		<link:labelArc order='1.0' xlink:type='arc' xlink:arcrole='http://www.xbrl.org/2003/arcrole/concept-label' xlink:from='us-gaap_CommonStockParOrStatedValuePerShare' xlink:to='lab_us-gaap_CommonStockParOrStatedValuePerShare'/>
		<link:loc xlink:type='locator' xlink:href='http://xbrl.fasb.org/us-gaap/2011/elts/us-gaap-2011-01-31.xsd#us-gaap_LiabilitiesCurrentAbstract' xlink:label='us-gaap_LiabilitiesCurrentAbstract'/>
		<link:label xlink:type='resource' xlink:label='lab_us-gaap_LiabilitiesCurrentAbstract' xlink:role='http://www.xbrl.org/2003/role/label' xml:lang='en-US'>CURRENT LIABILITIES</link:label>
		<link:labelArc order='1.0' xlink:type='arc' xlink:arcrole='http://www.xbrl.org/2003/arcrole/concept-label' xlink:from='us-gaap_LiabilitiesCurrentAbstract' xlink:to='lab_us-gaap_LiabilitiesCurrentAbstract'/>
		<link:loc xlink:type='locator' xlink:href='http://xbrl.fasb.org/us-gaap/2011/elts/us-gaap-2011-01-31.xsd#us-gaap_Assets' xlink:label='us-gaap_Assets'/>
		<link:label xlink:type='resource' xlink:label='lab_us-gaap_Assets' xlink:role='http://www.xbrl.org/2003/role/label' xml:lang='en-US'>Total Assets</link:label>
		<link:label xlink:type='resource' xlink:label='lab_us-gaap_Assets' xlink:role='http://www.xbrl.org/2003/role/totalLabel' xml:lang='en-US'>Total Assets</link:label>
		<link:labelArc order='1.0' xlink:type='arc' xlink:arcrole='http://www.xbrl.org/2003/arcrole/concept-label' xlink:from='us-gaap_Assets' xlink:to='lab_us-gaap_Assets'/>
		<link:loc xlink:type='locator' xlink:href='http://xbrl.fasb.org/us-gaap/2011/elts/us-gaap-2011-01-31.xsd#us-gaap_StatementEquityComponentsAxis' xlink:label='us-gaap_StatementEquityComponentsAxis'/>
		<link:label xlink:type='resource' xlink:label='lab_us-gaap_StatementEquityComponentsAxis' xlink:role='http://www.xbrl.org/2003/role/label' xml:lang='en-US'>Statement, Equity Components [Axis]</link:label>
		<link:labelArc order='1.0' xlink:type='arc' xlink:arcrole='http://www.xbrl.org/2003/arcrole/concept-label' xlink:from='us-gaap_StatementEquityComponentsAxis' xlink:to='lab_us-gaap_StatementEquityComponentsAxis'/>
		<link:loc xlink:type='locator' xlink:href='http://xbrl.fasb.org/us-gaap/2011/elts/us-gaap-2011-01-31.xsd#us-gaap_TextBlockAbstract' xlink:label='us-gaap_TextBlockAbstract'/>
		<link:label xlink:type='resource' xlink:label='lab_us-gaap_TextBlockAbstract' xlink:role='http://www.xbrl.org/2003/role/label' xml:lang='en-US'>Details</link:label>
		<link:labelArc order='1.0' xlink:type='arc' xlink:arcrole='http://www.xbrl.org/2003/arcrole/concept-label' xlink:from='us-gaap_TextBlockAbstract' xlink:to='lab_us-gaap_TextBlockAbstract'/>
		<link:loc xlink:type='locator' xlink:href='http://xbrl.fasb.org/us-gaap/2011/elts/us-gaap-2011-01-31.xsd#us-gaap_NetCashProvidedByUsedInFinancingActivities' xlink:label='us-gaap_NetCashProvidedByUsedInFinancingActivities'/>
		<link:label xlink:type='resource' xlink:label='lab_us-gaap_NetCashProvidedByUsedInFinancingActivities' xlink:role='http://www.xbrl.org/2003/role/label' xml:lang='en-US'>Net cash provided by financing activities</link:label>
		<link:label xlink:type='resource' xlink:label='lab_us-gaap_NetCashProvidedByUsedInFinancingActivities' xlink:role='http://www.xbrl.org/2003/role/totalLabel' xml:lang='en-US'>Net cash provided by financing activities</link:label>
		<link:labelArc order='1.0' xlink:type='arc' xlink:arcrole='http://www.xbrl.org/2003/arcrole/concept-label' xlink:from='us-gaap_NetCashProvidedByUsedInFinancingActivities' xlink:to='lab_us-gaap_NetCashProvidedByUsedInFinancingActivities'/>
		<link:loc xlink:type='locator' xlink:href='http://xbrl.fasb.org/us-gaap/2011/elts/us-gaap-2011-01-31.xsd#us-gaap_IncreaseDecreaseInPrepaidExpense' xlink:label='us-gaap_IncreaseDecreaseInPrepaidExpense'/>
		<link:label xlink:type='resource' xlink:label='lab_us-gaap_IncreaseDecreaseInPrepaidExpense' xlink:role='http://www.xbrl.org/2003/role/label' xml:lang='en-US'>Prepaid expenses (increase/decrease)</link:label>
		<link:labelArc order='1.0' xlink:type='arc' xlink:arcrole='http://www.xbrl.org/2003/arcrole/concept-label' xlink:from='us-gaap_IncreaseDecreaseInPrepaidExpense' xlink:to='lab_us-gaap_IncreaseDecreaseInPrepaidExpense'/>
		<link:loc xlink:type='locator' xlink:href='http://xbrl.fasb.org/us-gaap/2011/elts/us-gaap-2011-01-31.xsd#us-gaap_IncreaseDecreaseInOperatingCapitalAbstract' xlink:label='us-gaap_IncreaseDecreaseInOperatingCapitalAbstract'/>
		<link:label xlink:type='resource' xlink:label='lab_us-gaap_IncreaseDecreaseInOperatingCapitalAbstract' xlink:role='http://www.xbrl.org/2003/role/label' xml:lang='en-US'>Net change in operating assets and liabilities</link:label>
		<link:labelArc order='1.0' xlink:type='arc' xlink:arcrole='http://www.xbrl.org/2003/arcrole/concept-label' xlink:from='us-gaap_IncreaseDecreaseInOperatingCapitalAbstract' xlink:to='lab_us-gaap_IncreaseDecreaseInOperatingCapitalAbstract'/>
		<link:loc xlink:type='locator' xlink:href='http://xbrl.sec.gov/dei/2011/dei-2011-01-31.xsd#dei_EntityVoluntaryFilers' xlink:label='dei_EntityVoluntaryFilers'/>
		<link:label xlink:type='resource' xlink:label='lab_dei_EntityVoluntaryFilers' xlink:role='http://www.xbrl.org/2003/role/label' xml:lang='en-US'>Entity Voluntary Filers</link:label>
		<link:labelArc order='1.0' xlink:type='arc' xlink:arcrole='http://www.xbrl.org/2003/arcrole/concept-label' xlink:from='dei_EntityVoluntaryFilers' xlink:to='lab_dei_EntityVoluntaryFilers'/>
		<link:loc xlink:type='locator' xlink:href='http://xbrl.sec.gov/dei/2011/dei-2011-01-31.xsd#dei_DocumentType' xlink:label='dei_DocumentType'/>
		<link:label xlink:type='resource' xlink:label='lab_dei_DocumentType' xlink:role='http://www.xbrl.org/2003/role/label' xml:lang='en-US'>Document Type</link:label>
		<link:labelArc order='1.0' xlink:type='arc' xlink:arcrole='http://www.xbrl.org/2003/arcrole/concept-label' xlink:from='dei_DocumentType' xlink:to='lab_dei_DocumentType'/>
		<link:loc xlink:type='locator' xlink:href='http://xbrl.fasb.org/us-gaap/2011/elts/us-gaap-2011-01-31.xsd#us-gaap_ConcentrationRiskDisclosureTextBlock' xlink:label='us-gaap_ConcentrationRiskDisclosureTextBlock'/>
		<link:label xlink:type='resource' xlink:label='lab_us-gaap_ConcentrationRiskDisclosureTextBlock' xlink:role='http://www.xbrl.org/2003/role/label' xml:lang='en-US'>Note 3 - Going Concern</link:label>
		<link:labelArc order='1.0' xlink:type='arc' xlink:arcrole='http://www.xbrl.org/2003/arcrole/concept-label' xlink:from='us-gaap_ConcentrationRiskDisclosureTextBlock' xlink:to='lab_us-gaap_ConcentrationRiskDisclosureTextBlock'/>
		<link:loc xlink:type='locator' xlink:href='http://xbrl.fasb.org/us-gaap/2011/elts/us-gaap-2011-01-31.xsd#us-gaap_NetCashProvidedByUsedInInvestingActivitiesAbstract' xlink:label='us-gaap_NetCashProvidedByUsedInInvestingActivitiesAbstract'/>
		<link:label xlink:type='resource' xlink:label='lab_us-gaap_NetCashProvidedByUsedInInvestingActivitiesAbstract' xlink:role='http://www.xbrl.org/2003/role/label' xml:lang='en-US'>Cash flows from investing activities:</link:label>
		<link:labelArc order='1.0' xlink:type='arc' xlink:arcrole='http://www.xbrl.org/2003/arcrole/concept-label' xlink:from='us-gaap_NetCashProvidedByUsedInInvestingActivitiesAbstract' xlink:to='lab_us-gaap_NetCashProvidedByUsedInInvestingActivitiesAbstract'/>
		<link:loc xlink:type='locator' xlink:href='http://xbrl.fasb.org/us-gaap/2011/elts/us-gaap-2011-01-31.xsd#us-gaap_NetCashProvidedByUsedInOperatingActivitiesAbstract' xlink:label='us-gaap_NetCashProvidedByUsedInOperatingActivitiesAbstract'/>
		<link:label xlink:type='resource' xlink:label='lab_us-gaap_NetCashProvidedByUsedInOperatingActivitiesAbstract' xlink:role='http://www.xbrl.org/2003/role/label' xml:lang='en-US'>Cash flows from operating activities:</link:label>
		<link:labelArc order='1.0' xlink:type='arc' xlink:arcrole='http://www.xbrl.org/2003/arcrole/concept-label' xlink:from='us-gaap_NetCashProvidedByUsedInOperatingActivitiesAbstract' xlink:to='lab_us-gaap_NetCashProvidedByUsedInOperatingActivitiesAbstract'/>
		<link:loc xlink:type='locator' xlink:href='http://xbrl.fasb.org/us-gaap/2011/elts/us-gaap-2011-01-31.xsd#us-gaap_StatementOfCashFlowsAbstract' xlink:label='us-gaap_StatementOfCashFlowsAbstract'/>
		<link:label xlink:type='resource' xlink:label='lab_us-gaap_StatementOfCashFlowsAbstract' xlink:role='http://www.xbrl.org/2003/role/label' xml:lang='en-US'>Statement of Cash Flows</link:label>
		<link:labelArc order='1.0' xlink:type='arc' xlink:arcrole='http://www.xbrl.org/2003/arcrole/concept-label' xlink:from='us-gaap_StatementOfCashFlowsAbstract' xlink:to='lab_us-gaap_StatementOfCashFlowsAbstract'/>
		<link:loc xlink:type='locator' xlink:href='http://xbrl.fasb.org/us-gaap/2011/elts/us-gaap-2011-01-31.xsd#us-gaap_ProfessionalFees' xlink:label='us-gaap_ProfessionalFees'/>
		<link:label xlink:type='resource' xlink:label='lab_us-gaap_ProfessionalFees' xlink:role='http://www.xbrl.org/2003/role/label' xml:lang='en-US'>Professional fees</link:label>
		<link:labelArc order='1.0' xlink:type='arc' xlink:arcrole='http://www.xbrl.org/2003/arcrole/concept-label' xlink:from='us-gaap_ProfessionalFees' xlink:to='lab_us-gaap_ProfessionalFees'/>
		<link:loc xlink:type='locator' xlink:href='http://xbrl.fasb.org/us-gaap/2011/elts/us-gaap-2011-01-31.xsd#us-gaap_CommitmentsAndContingencies' xlink:label='us-gaap_CommitmentsAndContingencies'/>
		<link:label xlink:type='resource' xlink:label='lab_us-gaap_CommitmentsAndContingencies' xlink:role='http://www.xbrl.org/2003/role/label' xml:lang='en-US'>COMMITMENTS AND CONTINGENCIES</link:label>
		<link:labelArc order='1.0' xlink:type='arc' xlink:arcrole='http://www.xbrl.org/2003/arcrole/concept-label' xlink:from='us-gaap_CommitmentsAndContingencies' xlink:to='lab_us-gaap_CommitmentsAndContingencies'/>
		<link:loc xlink:type='locator' xlink:href='http://xbrl.fasb.org/us-gaap/2011/elts/us-gaap-2011-01-31.xsd#us-gaap_AssetsCurrent' xlink:label='us-gaap_AssetsCurrent'/>
		<link:label xlink:type='resource' xlink:label='lab_us-gaap_AssetsCurrent' xlink:role='http://www.xbrl.org/2003/role/label' xml:lang='en-US'>Total current assets</link:label>
		<link:label xlink:type='resource' xlink:label='lab_us-gaap_AssetsCurrent' xlink:role='http://www.xbrl.org/2003/role/totalLabel' xml:lang='en-US'>Total current assets</link:label>
		<link:labelArc order='1.0' xlink:type='arc' xlink:arcrole='http://www.xbrl.org/2003/arcrole/concept-label' xlink:from='us-gaap_AssetsCurrent' xlink:to='lab_us-gaap_AssetsCurrent'/>
		<link:loc xlink:type='locator' xlink:href='http://xbrl.fasb.org/us-gaap/2011/elts/us-gaap-2011-01-31.xsd#us-gaap_StatementTable' xlink:label='us-gaap_StatementTable'/>
		<link:label xlink:type='resource' xlink:label='lab_us-gaap_StatementTable' xlink:role='http://www.xbrl.org/2003/role/label' xml:lang='en-US'>Statement</link:label>
		<link:labelArc order='1.0' xlink:type='arc' xlink:arcrole='http://www.xbrl.org/2003/arcrole/concept-label' xlink:from='us-gaap_StatementTable' xlink:to='lab_us-gaap_StatementTable'/>
		<link:loc xlink:type='locator' xlink:href='http://xbrl.sec.gov/dei/2011/dei-2011-01-31.xsd#dei_EntityCommonStockSharesOutstanding' xlink:label='dei_EntityCommonStockSharesOutstanding'/>
		<link:label xlink:type='resource' xlink:label='lab_dei_EntityCommonStockSharesOutstanding' xlink:role='http://www.xbrl.org/2003/role/label' xml:lang='en-US'>Entity Common Stock, Shares Outstanding</link:label>
		<link:labelArc order='1.0' xlink:type='arc' xlink:arcrole='http://www.xbrl.org/2003/arcrole/concept-label' xlink:from='dei_EntityCommonStockSharesOutstanding' xlink:to='lab_dei_EntityCommonStockSharesOutstanding'/>
		<link:loc xlink:type='locator' xlink:href='dane-20121231.xsd#fil_RecentAccountingPronouncements' xlink:label='fil_RecentAccountingPronouncements'/>
		<link:label xlink:type='resource' xlink:label='lab_fil_RecentAccountingPronouncements' xlink:role='http://www.xbrl.org/2003/role/label' xml:lang='en-US'>Recent Accounting Pronouncements</link:label>
		<link:labelArc order='1.0' xlink:type='arc' xlink:arcrole='http://www.xbrl.org/2003/arcrole/concept-label' xlink:from='fil_RecentAccountingPronouncements' xlink:to='lab_fil_RecentAccountingPronouncements'/>
		<link:loc xlink:type='locator' xlink:href='http://xbrl.fasb.org/us-gaap/2011/elts/us-gaap-2011-01-31.xsd#us-gaap_LiquidityDisclosureTextBlock' xlink:label='us-gaap_LiquidityDisclosureTextBlock'/>
		<link:label xlink:type='resource' xlink:label='lab_us-gaap_LiquidityDisclosureTextBlock' xlink:role='http://www.xbrl.org/2003/role/label' xml:lang='en-US'>Risks and Uncertainties</link:label>
		<link:labelArc order='1.0' xlink:type='arc' xlink:arcrole='http://www.xbrl.org/2003/arcrole/concept-label' xlink:from='us-gaap_LiquidityDisclosureTextBlock' xlink:to='lab_us-gaap_LiquidityDisclosureTextBlock'/>
		<link:loc xlink:type='locator' xlink:href='http://xbrl.fasb.org/us-gaap/2011/elts/us-gaap-2011-01-31.xsd#us-gaap_CashAndCashEquivalentsPolicyTextBlock' xlink:label='us-gaap_CashAndCashEquivalentsPolicyTextBlock'/>
		<link:label xlink:type='resource' xlink:label='lab_us-gaap_CashAndCashEquivalentsPolicyTextBlock' xlink:role='http://www.xbrl.org/2003/role/label' xml:lang='en-US'>Cash and Cash Equivalents</link:label>
		<link:labelArc order='1.0' xlink:type='arc' xlink:arcrole='http://www.xbrl.org/2003/arcrole/concept-label' xlink:from='us-gaap_CashAndCashEquivalentsPolicyTextBlock' xlink:to='lab_us-gaap_CashAndCashEquivalentsPolicyTextBlock'/>
		<link:loc xlink:type='locator' xlink:href='http://xbrl.fasb.org/us-gaap/2011/elts/us-gaap-2011-01-31.xsd#us-gaap_EarningsPerSharePolicyTextBlock' xlink:label='us-gaap_EarningsPerSharePolicyTextBlock'/>
		<link:label xlink:type='resource' xlink:label='lab_us-gaap_EarningsPerSharePolicyTextBlock' xlink:role='http://www.xbrl.org/2003/role/label' xml:lang='en-US'>Earnings Or (loss) Per Share</link:label>
		<link:labelArc order='1.0' xlink:type='arc' xlink:arcrole='http://www.xbrl.org/2003/arcrole/concept-label' xlink:from='us-gaap_EarningsPerSharePolicyTextBlock' xlink:to='lab_us-gaap_EarningsPerSharePolicyTextBlock'/>
		<link:loc xlink:type='locator' xlink:href='http://xbrl.fasb.org/us-gaap/2011/elts/us-gaap-2011-01-31.xsd#us-gaap_WeightedAverageNumberOfSharesOutstandingBasic' xlink:label='us-gaap_WeightedAverageNumberOfSharesOutstandingBasic'/>
		<link:label xlink:type='resource' xlink:label='lab_us-gaap_WeightedAverageNumberOfSharesOutstandingBasic' xlink:role='http://www.xbrl.org/2003/role/label' xml:lang='en-US'>Basic and diluted weighted average shares outstanding</link:label>
		<link:labelArc order='1.0' xlink:type='arc' xlink:arcrole='http://www.xbrl.org/2003/arcrole/concept-label' xlink:from='us-gaap_WeightedAverageNumberOfSharesOutstandingBasic' xlink:to='lab_us-gaap_WeightedAverageNumberOfSharesOutstandingBasic'/>
		<link:loc xlink:type='locator' xlink:href='http://xbrl.fasb.org/us-gaap/2011/elts/us-gaap-2011-01-31.xsd#us-gaap_StockholdersEquityAbstract' xlink:label='us-gaap_StockholdersEquityAbstract'/>
		<link:label xlink:type='resource' xlink:label='lab_us-gaap_StockholdersEquityAbstract' xlink:role='http://www.xbrl.org/2003/role/label' xml:lang='en-US'>STOCKHOLDERS&apos; EQUITY (DEFICIT)</link:label>
		<link:labelArc order='1.0' xlink:type='arc' xlink:arcrole='http://www.xbrl.org/2003/arcrole/concept-label' xlink:from='us-gaap_StockholdersEquityAbstract' xlink:to='lab_us-gaap_StockholdersEquityAbstract'/>
		<link:loc xlink:type='locator' xlink:href='http://xbrl.fasb.org/us-gaap/2011/elts/us-gaap-2011-01-31.xsd#us-gaap_LiabilitiesCurrent' xlink:label='us-gaap_LiabilitiesCurrent'/>
		<link:label xlink:type='resource' xlink:label='lab_us-gaap_LiabilitiesCurrent' xlink:role='http://www.xbrl.org/2003/role/label' xml:lang='en-US'>Total current liabilities</link:label>
		<link:label xlink:type='resource' xlink:label='lab_us-gaap_LiabilitiesCurrent' xlink:role='http://www.xbrl.org/2003/role/totalLabel' xml:lang='en-US'>Total current liabilities</link:label>
		<link:labelArc order='1.0' xlink:type='arc' xlink:arcrole='http://www.xbrl.org/2003/arcrole/concept-label' xlink:from='us-gaap_LiabilitiesCurrent' xlink:to='lab_us-gaap_LiabilitiesCurrent'/>
	</link:labelLink>
</link:linkbase>
