<?xml version='1.0' encoding='iso-8859-1'?>
<!-- Produced by DTC Financial Publishing using EDGARsuite software, Advanced Computer Innovations, Inc., Copyright (C) 2008-2012 [PPX9TZWK6JKF]. www.edgarsuite.com -->
<link:linkbase xmlns="http://www.xbrl.org/2003/linkbase"
		xmlns:xsi="http://www.w3.org/2001/XMLSchema-instance"
		xsi:schemaLocation="http://www.xbrl.org/2003/linkbase http://www.xbrl.org/2003/xbrl-linkbase-2003-12-31.xsd"
		xmlns:fil="http://www.daneexploration.com/20121231"
		xmlns:link="http://www.xbrl.org/2003/linkbase"
		xmlns:xlink="http://www.w3.org/1999/xlink"
		xmlns:xbrldt="http://xbrl.org/2005/xbrldt"
		xmlns:xbrli="http://www.xbrl.org/2003/instance">
	<link:roleRef roleURI="http://www.daneexploration.com/20121231/role/idr_CondensedBalanceSheetsUnauditedForDecember312012" xlink:type="simple" xlink:href="dane-20121231.xsd#idr_CondensedBalanceSheetsUnauditedForDecember312012"/>
	<link:calculationLink xlink:type="extended" xlink:role="http://www.daneexploration.com/20121231/role/idr_CondensedBalanceSheetsUnauditedForDecember312012">
		<link:loc xlink:type='locator' xlink:href='http://xbrl.fasb.org/us-gaap/2011/elts/us-gaap-2011-01-31.xsd#us-gaap_AssetsCurrent' xlink:label='us-gaap_AssetsCurrent'/>
		<link:loc xlink:type='locator' xlink:href='http://xbrl.fasb.org/us-gaap/2011/elts/us-gaap-2011-01-31.xsd#us-gaap_CashAndCashEquivalentsAtCarryingValue' xlink:label='us-gaap_CashAndCashEquivalentsAtCarryingValue'/>
		<link:calculationArc xlink:type='arc' xlink:arcrole='http://www.xbrl.org/2003/arcrole/summation-item' xlink:from='us-gaap_AssetsCurrent' xlink:to='us-gaap_CashAndCashEquivalentsAtCarryingValue' use='optional' order='1.0' weight='1.0'/>
		<link:loc xlink:type='locator' xlink:href='http://xbrl.fasb.org/us-gaap/2011/elts/us-gaap-2011-01-31.xsd#us-gaap_PrepaidExpense' xlink:label='us-gaap_PrepaidExpense'/>
		<link:calculationArc xlink:type='arc' xlink:arcrole='http://www.xbrl.org/2003/arcrole/summation-item' xlink:from='us-gaap_AssetsCurrent' xlink:to='us-gaap_PrepaidExpense' use='optional' order='2.0' weight='1.0'/>
		<link:loc xlink:type='locator' xlink:href='http://xbrl.fasb.org/us-gaap/2011/elts/us-gaap-2011-01-31.xsd#us-gaap_Assets' xlink:label='us-gaap_Assets'/>
		<link:calculationArc xlink:type='arc' xlink:arcrole='http://www.xbrl.org/2003/arcrole/summation-item' xlink:from='us-gaap_Assets' xlink:to='us-gaap_AssetsCurrent' use='optional' order='1.0' weight='1.0'/>
		<link:loc xlink:type='locator' xlink:href='http://xbrl.fasb.org/us-gaap/2011/elts/us-gaap-2011-01-31.xsd#us-gaap_LiabilitiesCurrent' xlink:label='us-gaap_LiabilitiesCurrent'/>
		<link:loc xlink:type='locator' xlink:href='http://xbrl.fasb.org/us-gaap/2011/elts/us-gaap-2011-01-31.xsd#us-gaap_AccountsPayable' xlink:label='us-gaap_AccountsPayable'/>
		<link:calculationArc xlink:type='arc' xlink:arcrole='http://www.xbrl.org/2003/arcrole/summation-item' xlink:from='us-gaap_LiabilitiesCurrent' xlink:to='us-gaap_AccountsPayable' use='optional' order='1.0' weight='1.0'/>
		<link:loc xlink:type='locator' xlink:href='http://xbrl.fasb.org/us-gaap/2011/elts/us-gaap-2011-01-31.xsd#us-gaap_NotesPayableRelatedPartiesCurrent' xlink:label='us-gaap_NotesPayableRelatedPartiesCurrent'/>
		<link:calculationArc xlink:type='arc' xlink:arcrole='http://www.xbrl.org/2003/arcrole/summation-item' xlink:from='us-gaap_LiabilitiesCurrent' xlink:to='us-gaap_NotesPayableRelatedPartiesCurrent' use='optional' order='2.0' weight='1.0'/>
		<link:loc xlink:type='locator' xlink:href='http://xbrl.fasb.org/us-gaap/2011/elts/us-gaap-2011-01-31.xsd#us-gaap_Liabilities' xlink:label='us-gaap_Liabilities'/>
		<link:calculationArc xlink:type='arc' xlink:arcrole='http://www.xbrl.org/2003/arcrole/summation-item' xlink:from='us-gaap_Liabilities' xlink:to='us-gaap_LiabilitiesCurrent' use='optional' order='1.0' weight='1.0'/>
		<link:loc xlink:type='locator' xlink:href='http://xbrl.fasb.org/us-gaap/2011/elts/us-gaap-2011-01-31.xsd#us-gaap_StockholdersEquity' xlink:label='us-gaap_StockholdersEquity'/>
		<link:loc xlink:type='locator' xlink:href='http://xbrl.fasb.org/us-gaap/2011/elts/us-gaap-2011-01-31.xsd#us-gaap_AdditionalPaidInCapital' xlink:label='us-gaap_AdditionalPaidInCapital'/>
		<link:calculationArc xlink:type='arc' xlink:arcrole='http://www.xbrl.org/2003/arcrole/summation-item' xlink:from='us-gaap_StockholdersEquity' xlink:to='us-gaap_AdditionalPaidInCapital' use='optional' order='1.0' weight='1.0'/>
		<link:loc xlink:type='locator' xlink:href='http://xbrl.fasb.org/us-gaap/2011/elts/us-gaap-2011-01-31.xsd#us-gaap_CommonStockValue' xlink:label='us-gaap_CommonStockValue'/>
		<link:calculationArc xlink:type='arc' xlink:arcrole='http://www.xbrl.org/2003/arcrole/summation-item' xlink:from='us-gaap_StockholdersEquity' xlink:to='us-gaap_CommonStockValue' use='optional' order='2.0' weight='1.0'/>
		<link:loc xlink:type='locator' xlink:href='http://xbrl.fasb.org/us-gaap/2011/elts/us-gaap-2011-01-31.xsd#us-gaap_RetainedEarningsAccumulatedDeficit' xlink:label='us-gaap_RetainedEarningsAccumulatedDeficit'/>
		<link:calculationArc xlink:type='arc' xlink:arcrole='http://www.xbrl.org/2003/arcrole/summation-item' xlink:from='us-gaap_StockholdersEquity' xlink:to='us-gaap_RetainedEarningsAccumulatedDeficit' use='optional' order='3.0' weight='1.0'/>
		<link:loc xlink:type='locator' xlink:href='http://xbrl.fasb.org/us-gaap/2011/elts/us-gaap-2011-01-31.xsd#us-gaap_LiabilitiesAndStockholdersEquity' xlink:label='us-gaap_LiabilitiesAndStockholdersEquity'/>
		<link:loc xlink:type='locator' xlink:href='http://xbrl.fasb.org/us-gaap/2011/elts/us-gaap-2011-01-31.xsd#us-gaap_CommitmentsAndContingencies' xlink:label='us-gaap_CommitmentsAndContingencies'/>
		<link:calculationArc xlink:type='arc' xlink:arcrole='http://www.xbrl.org/2003/arcrole/summation-item' xlink:from='us-gaap_LiabilitiesAndStockholdersEquity' xlink:to='us-gaap_CommitmentsAndContingencies' use='optional' order='1.0' weight='1.0'/>
		<link:calculationArc xlink:type='arc' xlink:arcrole='http://www.xbrl.org/2003/arcrole/summation-item' xlink:from='us-gaap_LiabilitiesAndStockholdersEquity' xlink:to='us-gaap_Liabilities' use='optional' order='2.0' weight='1.0'/>
		<link:calculationArc xlink:type='arc' xlink:arcrole='http://www.xbrl.org/2003/arcrole/summation-item' xlink:from='us-gaap_LiabilitiesAndStockholdersEquity' xlink:to='us-gaap_StockholdersEquity' use='optional' order='3.0' weight='1.0'/>
	</link:calculationLink>
	<link:roleRef roleURI="http://www.daneexploration.com/20121231/role/idr_CondensedStatementsOfOperationsUnaudited" xlink:type="simple" xlink:href="dane-20121231.xsd#idr_CondensedStatementsOfOperationsUnaudited"/>
	<link:calculationLink xlink:type="extended" xlink:role="http://www.daneexploration.com/20121231/role/idr_CondensedStatementsOfOperationsUnaudited">
		<link:loc xlink:type='locator' xlink:href='http://xbrl.fasb.org/us-gaap/2011/elts/us-gaap-2011-01-31.xsd#us-gaap_OperatingExpenses' xlink:label='us-gaap_OperatingExpenses'/>
		<link:loc xlink:type='locator' xlink:href='http://xbrl.fasb.org/us-gaap/2011/elts/us-gaap-2011-01-31.xsd#us-gaap_ExplorationExpenseMining' xlink:label='us-gaap_ExplorationExpenseMining'/>
		<link:calculationArc xlink:type='arc' xlink:arcrole='http://www.xbrl.org/2003/arcrole/summation-item' xlink:from='us-gaap_OperatingExpenses' xlink:to='us-gaap_ExplorationExpenseMining' use='optional' order='1.0' weight='1.0'/>
		<link:loc xlink:type='locator' xlink:href='http://xbrl.fasb.org/us-gaap/2011/elts/us-gaap-2011-01-31.xsd#us-gaap_GeneralAndAdministrativeExpense' xlink:label='us-gaap_GeneralAndAdministrativeExpense'/>
		<link:calculationArc xlink:type='arc' xlink:arcrole='http://www.xbrl.org/2003/arcrole/summation-item' xlink:from='us-gaap_OperatingExpenses' xlink:to='us-gaap_GeneralAndAdministrativeExpense' use='optional' order='2.0' weight='1.0'/>
		<link:loc xlink:type='locator' xlink:href='http://xbrl.fasb.org/us-gaap/2011/elts/us-gaap-2011-01-31.xsd#us-gaap_UtilitiesOperatingExpenseImpairments' xlink:label='us-gaap_UtilitiesOperatingExpenseImpairments'/>
		<link:calculationArc xlink:type='arc' xlink:arcrole='http://www.xbrl.org/2003/arcrole/summation-item' xlink:from='us-gaap_OperatingExpenses' xlink:to='us-gaap_UtilitiesOperatingExpenseImpairments' use='optional' order='3.0' weight='1.0'/>
		<link:loc xlink:type='locator' xlink:href='http://xbrl.fasb.org/us-gaap/2011/elts/us-gaap-2011-01-31.xsd#us-gaap_ProfessionalFees' xlink:label='us-gaap_ProfessionalFees'/>
		<link:calculationArc xlink:type='arc' xlink:arcrole='http://www.xbrl.org/2003/arcrole/summation-item' xlink:from='us-gaap_OperatingExpenses' xlink:to='us-gaap_ProfessionalFees' use='optional' order='4.0' weight='1.0'/>
	</link:calculationLink>
	<link:roleRef roleURI="http://www.daneexploration.com/20121231/role/idr_CondensedStatementsOfCashFlowsUnaudited" xlink:type="simple" xlink:href="dane-20121231.xsd#idr_CondensedStatementsOfCashFlowsUnaudited"/>
	<link:calculationLink xlink:type="extended" xlink:role="http://www.daneexploration.com/20121231/role/idr_CondensedStatementsOfCashFlowsUnaudited">
		<link:loc xlink:type='locator' xlink:href='http://xbrl.fasb.org/us-gaap/2011/elts/us-gaap-2011-01-31.xsd#us-gaap_NetCashProvidedByUsedInOperatingActivities' xlink:label='us-gaap_NetCashProvidedByUsedInOperatingActivities'/>
		<link:loc xlink:type='locator' xlink:href='http://xbrl.fasb.org/us-gaap/2011/elts/us-gaap-2011-01-31.xsd#us-gaap_UtilitiesOperatingExpenseImpairments' xlink:label='us-gaap_UtilitiesOperatingExpenseImpairments'/>
		<link:calculationArc xlink:type='arc' xlink:arcrole='http://www.xbrl.org/2003/arcrole/summation-item' xlink:from='us-gaap_NetCashProvidedByUsedInOperatingActivities' xlink:to='us-gaap_UtilitiesOperatingExpenseImpairments' use='optional' order='1.0' weight='1.0'/>
		<link:loc xlink:type='locator' xlink:href='http://xbrl.fasb.org/us-gaap/2011/elts/us-gaap-2011-01-31.xsd#us-gaap_NetIncomeLoss' xlink:label='us-gaap_NetIncomeLoss'/>
		<link:calculationArc xlink:type='arc' xlink:arcrole='http://www.xbrl.org/2003/arcrole/summation-item' xlink:from='us-gaap_NetCashProvidedByUsedInOperatingActivities' xlink:to='us-gaap_NetIncomeLoss' use='optional' order='2.0' weight='1.0'/>
		<link:loc xlink:type='locator' xlink:href='http://xbrl.fasb.org/us-gaap/2011/elts/us-gaap-2011-01-31.xsd#us-gaap_IncreaseDecreaseInPrepaidExpense' xlink:label='us-gaap_IncreaseDecreaseInPrepaidExpense'/>
		<link:calculationArc xlink:type='arc' xlink:arcrole='http://www.xbrl.org/2003/arcrole/summation-item' xlink:from='us-gaap_NetCashProvidedByUsedInOperatingActivities' xlink:to='us-gaap_IncreaseDecreaseInPrepaidExpense' use='optional' order='3.0' weight='1.0'/>
		<link:loc xlink:type='locator' xlink:href='http://xbrl.fasb.org/us-gaap/2011/elts/us-gaap-2011-01-31.xsd#us-gaap_IncreaseDecreaseInAccountsPayable' xlink:label='us-gaap_IncreaseDecreaseInAccountsPayable'/>
		<link:calculationArc xlink:type='arc' xlink:arcrole='http://www.xbrl.org/2003/arcrole/summation-item' xlink:from='us-gaap_NetCashProvidedByUsedInOperatingActivities' xlink:to='us-gaap_IncreaseDecreaseInAccountsPayable' use='optional' order='4.0' weight='-1.0'/>
		<link:loc xlink:type='locator' xlink:href='http://xbrl.fasb.org/us-gaap/2011/elts/us-gaap-2011-01-31.xsd#us-gaap_NetCashProvidedByUsedInInvestingActivities' xlink:label='us-gaap_NetCashProvidedByUsedInInvestingActivities'/>
		<link:loc xlink:type='locator' xlink:href='http://xbrl.fasb.org/us-gaap/2011/elts/us-gaap-2011-01-31.xsd#us-gaap_PaymentsToAcquireMineralRights' xlink:label='us-gaap_PaymentsToAcquireMineralRights'/>
		<link:calculationArc xlink:type='arc' xlink:arcrole='http://www.xbrl.org/2003/arcrole/summation-item' xlink:from='us-gaap_NetCashProvidedByUsedInInvestingActivities' xlink:to='us-gaap_PaymentsToAcquireMineralRights' use='optional' order='1.0' weight='-1.0'/>
		<link:loc xlink:type='locator' xlink:href='http://xbrl.fasb.org/us-gaap/2011/elts/us-gaap-2011-01-31.xsd#us-gaap_NetCashProvidedByUsedInFinancingActivities' xlink:label='us-gaap_NetCashProvidedByUsedInFinancingActivities'/>
		<link:loc xlink:type='locator' xlink:href='http://xbrl.fasb.org/us-gaap/2011/elts/us-gaap-2011-01-31.xsd#us-gaap_ProceedsFromIssuanceOfCommonStock' xlink:label='us-gaap_ProceedsFromIssuanceOfCommonStock'/>
		<link:calculationArc xlink:type='arc' xlink:arcrole='http://www.xbrl.org/2003/arcrole/summation-item' xlink:from='us-gaap_NetCashProvidedByUsedInFinancingActivities' xlink:to='us-gaap_ProceedsFromIssuanceOfCommonStock' use='optional' order='1.0' weight='1.0'/>
		<link:loc xlink:type='locator' xlink:href='http://xbrl.fasb.org/us-gaap/2011/elts/us-gaap-2011-01-31.xsd#us-gaap_ProceedsFromLoans' xlink:label='us-gaap_ProceedsFromLoans'/>
		<link:calculationArc xlink:type='arc' xlink:arcrole='http://www.xbrl.org/2003/arcrole/summation-item' xlink:from='us-gaap_NetCashProvidedByUsedInFinancingActivities' xlink:to='us-gaap_ProceedsFromLoans' use='optional' order='2.0' weight='1.0'/>
	</link:calculationLink>
</link:linkbase>
