<?xml version='1.0' encoding='iso-8859-1'?>
<!-- Produced by DTC Financial Publishing using EDGARsuite software, Advanced Computer Innovations, Inc., Copyright (C) 2008-2012 [PPX9TZWK6JKF]. www.edgarsuite.com -->
<link:linkbase xmlns="http://www.xbrl.org/2003/linkbase"
		xmlns:xsi="http://www.w3.org/2001/XMLSchema-instance"
		xsi:schemaLocation="http://www.xbrl.org/2003/linkbase http://www.xbrl.org/2003/xbrl-linkbase-2003-12-31.xsd"
		xmlns:fil="http://www.daneexploration.com/20121231"
		xmlns:link="http://www.xbrl.org/2003/linkbase"
		xmlns:xlink="http://www.w3.org/1999/xlink"
		xmlns:xbrldt="http://xbrl.org/2005/xbrldt"
		xmlns:xbrli="http://www.xbrl.org/2003/instance">
	<link:roleRef roleURI="http://www.daneexploration.com/20121231/role/idr_DocumentDocumentAndEntityInformation" xlink:type="simple" xlink:href="dane-20121231.xsd#idr_DocumentDocumentAndEntityInformation"/>
	<link:presentationLink xlink:type="extended" xlink:role="http://www.daneexploration.com/20121231/role/idr_DocumentDocumentAndEntityInformation">
		<link:loc xlink:type='locator' xlink:href='dane-20121231.xsd#fil_DocumentAndEntityInformationAbstract' xlink:label='fil_DocumentAndEntityInformationAbstract'/>
		<link:loc xlink:type='locator' xlink:href='http://xbrl.sec.gov/dei/2011/dei-2011-01-31.xsd#dei_EntityRegistrantName' xlink:label='dei_EntityRegistrantName'/>
		<link:presentationArc xlink:type='arc' xlink:arcrole='http://www.xbrl.org/2003/arcrole/parent-child' xlink:from='fil_DocumentAndEntityInformationAbstract' xlink:to='dei_EntityRegistrantName' use='optional' order='1.0'/>
		<link:loc xlink:type='locator' xlink:href='http://xbrl.sec.gov/dei/2011/dei-2011-01-31.xsd#dei_DocumentType' xlink:label='dei_DocumentType'/>
		<link:presentationArc xlink:type='arc' xlink:arcrole='http://www.xbrl.org/2003/arcrole/parent-child' xlink:from='fil_DocumentAndEntityInformationAbstract' xlink:to='dei_DocumentType' use='optional' order='2.0'/>
		<link:loc xlink:type='locator' xlink:href='http://xbrl.sec.gov/dei/2011/dei-2011-01-31.xsd#dei_DocumentPeriodEndDate' xlink:label='dei_DocumentPeriodEndDate'/>
		<link:presentationArc xlink:type='arc' xlink:arcrole='http://www.xbrl.org/2003/arcrole/parent-child' xlink:from='fil_DocumentAndEntityInformationAbstract' xlink:to='dei_DocumentPeriodEndDate' use='optional' order='3.0'/>
		<link:loc xlink:type='locator' xlink:href='http://xbrl.sec.gov/dei/2011/dei-2011-01-31.xsd#dei_AmendmentFlag' xlink:label='dei_AmendmentFlag'/>
		<link:presentationArc xlink:type='arc' xlink:arcrole='http://www.xbrl.org/2003/arcrole/parent-child' xlink:from='fil_DocumentAndEntityInformationAbstract' xlink:to='dei_AmendmentFlag' use='optional' order='4.0'/>
		<link:loc xlink:type='locator' xlink:href='http://xbrl.sec.gov/dei/2011/dei-2011-01-31.xsd#dei_EntityCentralIndexKey' xlink:label='dei_EntityCentralIndexKey'/>
		<link:presentationArc xlink:type='arc' xlink:arcrole='http://www.xbrl.org/2003/arcrole/parent-child' xlink:from='fil_DocumentAndEntityInformationAbstract' xlink:to='dei_EntityCentralIndexKey' use='optional' order='5.0'/>
		<link:loc xlink:type='locator' xlink:href='http://xbrl.sec.gov/dei/2011/dei-2011-01-31.xsd#dei_CurrentFiscalYearEndDate' xlink:label='dei_CurrentFiscalYearEndDate'/>
		<link:presentationArc xlink:type='arc' xlink:arcrole='http://www.xbrl.org/2003/arcrole/parent-child' xlink:from='fil_DocumentAndEntityInformationAbstract' xlink:to='dei_CurrentFiscalYearEndDate' use='optional' order='6.0'/>
		<link:loc xlink:type='locator' xlink:href='http://xbrl.sec.gov/dei/2011/dei-2011-01-31.xsd#dei_EntityCommonStockSharesOutstanding' xlink:label='dei_EntityCommonStockSharesOutstanding'/>
		<link:presentationArc xlink:type='arc' xlink:arcrole='http://www.xbrl.org/2003/arcrole/parent-child' xlink:from='fil_DocumentAndEntityInformationAbstract' xlink:to='dei_EntityCommonStockSharesOutstanding' use='optional' order='7.0'/>
		<link:loc xlink:type='locator' xlink:href='http://xbrl.sec.gov/dei/2011/dei-2011-01-31.xsd#dei_EntityPublicFloat' xlink:label='dei_EntityPublicFloat'/>
		<link:presentationArc xlink:type='arc' xlink:arcrole='http://www.xbrl.org/2003/arcrole/parent-child' xlink:from='fil_DocumentAndEntityInformationAbstract' xlink:to='dei_EntityPublicFloat' use='optional' order='8.0'/>
		<link:loc xlink:type='locator' xlink:href='http://xbrl.sec.gov/dei/2011/dei-2011-01-31.xsd#dei_EntityFilerCategory' xlink:label='dei_EntityFilerCategory'/>
		<link:presentationArc xlink:type='arc' xlink:arcrole='http://www.xbrl.org/2003/arcrole/parent-child' xlink:from='fil_DocumentAndEntityInformationAbstract' xlink:to='dei_EntityFilerCategory' use='optional' order='9.0'/>
		<link:loc xlink:type='locator' xlink:href='http://xbrl.sec.gov/dei/2011/dei-2011-01-31.xsd#dei_EntityCurrentReportingStatus' xlink:label='dei_EntityCurrentReportingStatus'/>
		<link:presentationArc xlink:type='arc' xlink:arcrole='http://www.xbrl.org/2003/arcrole/parent-child' xlink:from='fil_DocumentAndEntityInformationAbstract' xlink:to='dei_EntityCurrentReportingStatus' use='optional' order='10.0'/>
		<link:loc xlink:type='locator' xlink:href='http://xbrl.sec.gov/dei/2011/dei-2011-01-31.xsd#dei_EntityVoluntaryFilers' xlink:label='dei_EntityVoluntaryFilers'/>
		<link:presentationArc xlink:type='arc' xlink:arcrole='http://www.xbrl.org/2003/arcrole/parent-child' xlink:from='fil_DocumentAndEntityInformationAbstract' xlink:to='dei_EntityVoluntaryFilers' use='optional' order='11.0'/>
		<link:loc xlink:type='locator' xlink:href='http://xbrl.sec.gov/dei/2011/dei-2011-01-31.xsd#dei_EntityWellKnownSeasonedIssuer' xlink:label='dei_EntityWellKnownSeasonedIssuer'/>
		<link:presentationArc xlink:type='arc' xlink:arcrole='http://www.xbrl.org/2003/arcrole/parent-child' xlink:from='fil_DocumentAndEntityInformationAbstract' xlink:to='dei_EntityWellKnownSeasonedIssuer' use='optional' order='12.0'/>
		<link:loc xlink:type='locator' xlink:href='http://xbrl.sec.gov/dei/2011/dei-2011-01-31.xsd#dei_DocumentFiscalYearFocus' xlink:label='dei_DocumentFiscalYearFocus'/>
		<link:presentationArc xlink:type='arc' xlink:arcrole='http://www.xbrl.org/2003/arcrole/parent-child' xlink:from='fil_DocumentAndEntityInformationAbstract' xlink:to='dei_DocumentFiscalYearFocus' use='optional' order='13.0'/>
		<link:loc xlink:type='locator' xlink:href='http://xbrl.sec.gov/dei/2011/dei-2011-01-31.xsd#dei_DocumentFiscalPeriodFocus' xlink:label='dei_DocumentFiscalPeriodFocus'/>
		<link:presentationArc xlink:type='arc' xlink:arcrole='http://www.xbrl.org/2003/arcrole/parent-child' xlink:from='fil_DocumentAndEntityInformationAbstract' xlink:to='dei_DocumentFiscalPeriodFocus' use='optional' order='14.0'/>
	</link:presentationLink>
	<link:roleRef roleURI="http://www.daneexploration.com/20121231/role/idr_CondensedBalanceSheetsUnauditedForDecember312012" xlink:type="simple" xlink:href="dane-20121231.xsd#idr_CondensedBalanceSheetsUnauditedForDecember312012"/>
	<link:presentationLink xlink:type="extended" xlink:role="http://www.daneexploration.com/20121231/role/idr_CondensedBalanceSheetsUnauditedForDecember312012">
		<link:loc xlink:type='locator' xlink:href='http://xbrl.fasb.org/us-gaap/2011/elts/us-gaap-2011-01-31.xsd#us-gaap_StatementOfFinancialPositionAbstract' xlink:label='us-gaap_StatementOfFinancialPositionAbstract'/>
		<link:loc xlink:type='locator' xlink:href='http://xbrl.fasb.org/us-gaap/2011/elts/us-gaap-2011-01-31.xsd#us-gaap_StatementTable' xlink:label='us-gaap_StatementTable'/>
		<link:presentationArc xlink:type='arc' xlink:arcrole='http://www.xbrl.org/2003/arcrole/parent-child' xlink:from='us-gaap_StatementOfFinancialPositionAbstract' xlink:to='us-gaap_StatementTable' use='optional' order='1.0'/>
		<link:loc xlink:type='locator' xlink:href='http://xbrl.fasb.org/us-gaap/2011/elts/us-gaap-2011-01-31.xsd#us-gaap_StatementLineItems' xlink:label='us-gaap_StatementLineItems'/>
		<link:presentationArc xlink:type='arc' xlink:arcrole='http://www.xbrl.org/2003/arcrole/parent-child' xlink:from='us-gaap_StatementTable' xlink:to='us-gaap_StatementLineItems' use='optional' order='1.0' preferredLabel='http://www.xbrl.org/2003/role/terseLabel'/>
		<link:loc xlink:type='locator' xlink:href='http://xbrl.fasb.org/us-gaap/2011/elts/us-gaap-2011-01-31.xsd#us-gaap_AssetsAbstract' xlink:label='us-gaap_AssetsAbstract'/>
		<link:presentationArc xlink:type='arc' xlink:arcrole='http://www.xbrl.org/2003/arcrole/parent-child' xlink:from='us-gaap_StatementLineItems' xlink:to='us-gaap_AssetsAbstract' use='optional' order='1.0'/>
		<link:loc xlink:type='locator' xlink:href='http://xbrl.fasb.org/us-gaap/2011/elts/us-gaap-2011-01-31.xsd#us-gaap_AssetsCurrentAbstract' xlink:label='us-gaap_AssetsCurrentAbstract'/>
		<link:presentationArc xlink:type='arc' xlink:arcrole='http://www.xbrl.org/2003/arcrole/parent-child' xlink:from='us-gaap_AssetsAbstract' xlink:to='us-gaap_AssetsCurrentAbstract' use='optional' order='1.0'/>
		<link:loc xlink:type='locator' xlink:href='http://xbrl.fasb.org/us-gaap/2011/elts/us-gaap-2011-01-31.xsd#us-gaap_CashAndCashEquivalentsAtCarryingValue' xlink:label='us-gaap_CashAndCashEquivalentsAtCarryingValue'/>
		<link:presentationArc xlink:type='arc' xlink:arcrole='http://www.xbrl.org/2003/arcrole/parent-child' xlink:from='us-gaap_AssetsCurrentAbstract' xlink:to='us-gaap_CashAndCashEquivalentsAtCarryingValue' use='optional' order='1.0' preferredLabel='http://www.xbrl.org/2003/role/terseLabel'/>
		<link:loc xlink:type='locator' xlink:href='http://xbrl.fasb.org/us-gaap/2011/elts/us-gaap-2011-01-31.xsd#us-gaap_PrepaidExpense' xlink:label='us-gaap_PrepaidExpense'/>
		<link:presentationArc xlink:type='arc' xlink:arcrole='http://www.xbrl.org/2003/arcrole/parent-child' xlink:from='us-gaap_AssetsCurrentAbstract' xlink:to='us-gaap_PrepaidExpense' use='optional' order='2.0'/>
		<link:loc xlink:type='locator' xlink:href='http://xbrl.fasb.org/us-gaap/2011/elts/us-gaap-2011-01-31.xsd#us-gaap_AssetsCurrent' xlink:label='us-gaap_AssetsCurrent'/>
		<link:presentationArc xlink:type='arc' xlink:arcrole='http://www.xbrl.org/2003/arcrole/parent-child' xlink:from='us-gaap_AssetsCurrentAbstract' xlink:to='us-gaap_AssetsCurrent' use='optional' order='3.0' preferredLabel='http://www.xbrl.org/2003/role/totalLabel'/>
		<link:loc xlink:type='locator' xlink:href='http://xbrl.fasb.org/us-gaap/2011/elts/us-gaap-2011-01-31.xsd#us-gaap_Assets' xlink:label='us-gaap_Assets'/>
		<link:presentationArc xlink:type='arc' xlink:arcrole='http://www.xbrl.org/2003/arcrole/parent-child' xlink:from='us-gaap_AssetsAbstract' xlink:to='us-gaap_Assets' use='optional' order='2.0' preferredLabel='http://www.xbrl.org/2003/role/totalLabel'/>
		<link:loc xlink:type='locator' xlink:href='http://xbrl.fasb.org/us-gaap/2011/elts/us-gaap-2011-01-31.xsd#us-gaap_LiabilitiesAndStockholdersEquityAbstract' xlink:label='us-gaap_LiabilitiesAndStockholdersEquityAbstract'/>
		<link:presentationArc xlink:type='arc' xlink:arcrole='http://www.xbrl.org/2003/arcrole/parent-child' xlink:from='us-gaap_StatementLineItems' xlink:to='us-gaap_LiabilitiesAndStockholdersEquityAbstract' use='optional' order='2.0'/>
		<link:loc xlink:type='locator' xlink:href='http://xbrl.fasb.org/us-gaap/2011/elts/us-gaap-2011-01-31.xsd#us-gaap_LiabilitiesCurrentAbstract' xlink:label='us-gaap_LiabilitiesCurrentAbstract'/>
		<link:presentationArc xlink:type='arc' xlink:arcrole='http://www.xbrl.org/2003/arcrole/parent-child' xlink:from='us-gaap_LiabilitiesAndStockholdersEquityAbstract' xlink:to='us-gaap_LiabilitiesCurrentAbstract' use='optional' order='1.0'/>
		<link:loc xlink:type='locator' xlink:href='http://xbrl.fasb.org/us-gaap/2011/elts/us-gaap-2011-01-31.xsd#us-gaap_AccountsPayable' xlink:label='us-gaap_AccountsPayable'/>
		<link:presentationArc xlink:type='arc' xlink:arcrole='http://www.xbrl.org/2003/arcrole/parent-child' xlink:from='us-gaap_LiabilitiesCurrentAbstract' xlink:to='us-gaap_AccountsPayable' use='optional' order='1.0'/>
		<link:loc xlink:type='locator' xlink:href='http://xbrl.fasb.org/us-gaap/2011/elts/us-gaap-2011-01-31.xsd#us-gaap_NotesPayableRelatedPartiesCurrent' xlink:label='us-gaap_NotesPayableRelatedPartiesCurrent'/>
		<link:presentationArc xlink:type='arc' xlink:arcrole='http://www.xbrl.org/2003/arcrole/parent-child' xlink:from='us-gaap_LiabilitiesCurrentAbstract' xlink:to='us-gaap_NotesPayableRelatedPartiesCurrent' use='optional' order='2.0'/>
		<link:loc xlink:type='locator' xlink:href='http://xbrl.fasb.org/us-gaap/2011/elts/us-gaap-2011-01-31.xsd#us-gaap_LiabilitiesCurrent' xlink:label='us-gaap_LiabilitiesCurrent'/>
		<link:presentationArc xlink:type='arc' xlink:arcrole='http://www.xbrl.org/2003/arcrole/parent-child' xlink:from='us-gaap_LiabilitiesCurrentAbstract' xlink:to='us-gaap_LiabilitiesCurrent' use='optional' order='3.0' preferredLabel='http://www.xbrl.org/2003/role/totalLabel'/>
		<link:loc xlink:type='locator' xlink:href='http://xbrl.fasb.org/us-gaap/2011/elts/us-gaap-2011-01-31.xsd#us-gaap_Liabilities' xlink:label='us-gaap_Liabilities'/>
		<link:presentationArc xlink:type='arc' xlink:arcrole='http://www.xbrl.org/2003/arcrole/parent-child' xlink:from='us-gaap_LiabilitiesAndStockholdersEquityAbstract' xlink:to='us-gaap_Liabilities' use='optional' order='2.0' preferredLabel='http://www.xbrl.org/2003/role/totalLabel'/>
		<link:loc xlink:type='locator' xlink:href='http://xbrl.fasb.org/us-gaap/2011/elts/us-gaap-2011-01-31.xsd#us-gaap_CommitmentsAndContingencies' xlink:label='us-gaap_CommitmentsAndContingencies'/>
		<link:presentationArc xlink:type='arc' xlink:arcrole='http://www.xbrl.org/2003/arcrole/parent-child' xlink:from='us-gaap_LiabilitiesAndStockholdersEquityAbstract' xlink:to='us-gaap_CommitmentsAndContingencies' use='optional' order='3.0'/>
		<link:loc xlink:type='locator' xlink:href='http://xbrl.fasb.org/us-gaap/2011/elts/us-gaap-2011-01-31.xsd#us-gaap_StockholdersEquityAbstract' xlink:label='us-gaap_StockholdersEquityAbstract'/>
		<link:presentationArc xlink:type='arc' xlink:arcrole='http://www.xbrl.org/2003/arcrole/parent-child' xlink:from='us-gaap_LiabilitiesAndStockholdersEquityAbstract' xlink:to='us-gaap_StockholdersEquityAbstract' use='optional' order='4.0'/>
		<link:loc xlink:type='locator' xlink:href='http://xbrl.fasb.org/us-gaap/2011/elts/us-gaap-2011-01-31.xsd#us-gaap_CommonStockValue' xlink:label='us-gaap_CommonStockValue'/>
		<link:presentationArc xlink:type='arc' xlink:arcrole='http://www.xbrl.org/2003/arcrole/parent-child' xlink:from='us-gaap_StockholdersEquityAbstract' xlink:to='us-gaap_CommonStockValue' use='optional' order='1.0'/>
		<link:loc xlink:type='locator' xlink:href='http://xbrl.fasb.org/us-gaap/2011/elts/us-gaap-2011-01-31.xsd#us-gaap_AdditionalPaidInCapital' xlink:label='us-gaap_AdditionalPaidInCapital'/>
		<link:presentationArc xlink:type='arc' xlink:arcrole='http://www.xbrl.org/2003/arcrole/parent-child' xlink:from='us-gaap_StockholdersEquityAbstract' xlink:to='us-gaap_AdditionalPaidInCapital' use='optional' order='2.0'/>
		<link:loc xlink:type='locator' xlink:href='http://xbrl.fasb.org/us-gaap/2011/elts/us-gaap-2011-01-31.xsd#us-gaap_RetainedEarningsAccumulatedDeficit' xlink:label='us-gaap_RetainedEarningsAccumulatedDeficit'/>
		<link:presentationArc xlink:type='arc' xlink:arcrole='http://www.xbrl.org/2003/arcrole/parent-child' xlink:from='us-gaap_StockholdersEquityAbstract' xlink:to='us-gaap_RetainedEarningsAccumulatedDeficit' use='optional' order='3.0'/>
		<link:loc xlink:type='locator' xlink:href='http://xbrl.fasb.org/us-gaap/2011/elts/us-gaap-2011-01-31.xsd#us-gaap_StockholdersEquity' xlink:label='us-gaap_StockholdersEquity'/>
		<link:presentationArc xlink:type='arc' xlink:arcrole='http://www.xbrl.org/2003/arcrole/parent-child' xlink:from='us-gaap_StockholdersEquityAbstract' xlink:to='us-gaap_StockholdersEquity' use='optional' order='4.0' preferredLabel='http://www.xbrl.org/2003/role/totalLabel'/>
		<link:loc xlink:type='locator' xlink:href='http://xbrl.fasb.org/us-gaap/2011/elts/us-gaap-2011-01-31.xsd#us-gaap_LiabilitiesAndStockholdersEquity' xlink:label='us-gaap_LiabilitiesAndStockholdersEquity'/>
		<link:presentationArc xlink:type='arc' xlink:arcrole='http://www.xbrl.org/2003/arcrole/parent-child' xlink:from='us-gaap_LiabilitiesAndStockholdersEquityAbstract' xlink:to='us-gaap_LiabilitiesAndStockholdersEquity' use='optional' order='5.0' preferredLabel='http://www.xbrl.org/2003/role/totalLabel'/>
	</link:presentationLink>
	<link:roleRef roleURI="http://www.daneexploration.com/20121231/role/idr_StatementOfFinancialPositionParenthetical" xlink:type="simple" xlink:href="dane-20121231.xsd#idr_StatementOfFinancialPositionParenthetical"/>
	<link:presentationLink xlink:type="extended" xlink:role="http://www.daneexploration.com/20121231/role/idr_StatementOfFinancialPositionParenthetical">
		<link:loc xlink:type='locator' xlink:href='http://xbrl.fasb.org/us-gaap/2011/elts/us-gaap-2011-01-31.xsd#us-gaap_StatementOfFinancialPositionAbstract' xlink:label='us-gaap_StatementOfFinancialPositionAbstract'/>
		<link:loc xlink:type='locator' xlink:href='http://xbrl.fasb.org/us-gaap/2011/elts/us-gaap-2011-01-31.xsd#us-gaap_StatementTable' xlink:label='us-gaap_StatementTable'/>
		<link:presentationArc xlink:type='arc' xlink:arcrole='http://www.xbrl.org/2003/arcrole/parent-child' xlink:from='us-gaap_StatementOfFinancialPositionAbstract' xlink:to='us-gaap_StatementTable' use='optional' order='1.0'/>
		<link:loc xlink:type='locator' xlink:href='http://xbrl.fasb.org/us-gaap/2011/elts/us-gaap-2011-01-31.xsd#us-gaap_StatementLineItems' xlink:label='us-gaap_StatementLineItems'/>
		<link:presentationArc xlink:type='arc' xlink:arcrole='http://www.xbrl.org/2003/arcrole/parent-child' xlink:from='us-gaap_StatementTable' xlink:to='us-gaap_StatementLineItems' use='optional' order='1.0' preferredLabel='http://www.xbrl.org/2003/role/terseLabel'/>
		<link:loc xlink:type='locator' xlink:href='http://xbrl.fasb.org/us-gaap/2011/elts/us-gaap-2011-01-31.xsd#us-gaap_CommonStockParOrStatedValuePerShare' xlink:label='us-gaap_CommonStockParOrStatedValuePerShare'/>
		<link:presentationArc xlink:type='arc' xlink:arcrole='http://www.xbrl.org/2003/arcrole/parent-child' xlink:from='us-gaap_StatementLineItems' xlink:to='us-gaap_CommonStockParOrStatedValuePerShare' use='optional' order='1.0'/>
		<link:loc xlink:type='locator' xlink:href='http://xbrl.fasb.org/us-gaap/2011/elts/us-gaap-2011-01-31.xsd#us-gaap_CommonStockSharesAuthorized' xlink:label='us-gaap_CommonStockSharesAuthorized'/>
		<link:presentationArc xlink:type='arc' xlink:arcrole='http://www.xbrl.org/2003/arcrole/parent-child' xlink:from='us-gaap_StatementLineItems' xlink:to='us-gaap_CommonStockSharesAuthorized' use='optional' order='2.0'/>
		<link:loc xlink:type='locator' xlink:href='http://xbrl.fasb.org/us-gaap/2011/elts/us-gaap-2011-01-31.xsd#us-gaap_CommonStockSharesIssued' xlink:label='us-gaap_CommonStockSharesIssued'/>
		<link:presentationArc xlink:type='arc' xlink:arcrole='http://www.xbrl.org/2003/arcrole/parent-child' xlink:from='us-gaap_StatementLineItems' xlink:to='us-gaap_CommonStockSharesIssued' use='optional' order='3.0'/>
		<link:loc xlink:type='locator' xlink:href='http://xbrl.fasb.org/us-gaap/2011/elts/us-gaap-2011-01-31.xsd#us-gaap_CommonStockSharesOutstanding' xlink:label='us-gaap_CommonStockSharesOutstanding'/>
		<link:presentationArc xlink:type='arc' xlink:arcrole='http://www.xbrl.org/2003/arcrole/parent-child' xlink:from='us-gaap_StatementLineItems' xlink:to='us-gaap_CommonStockSharesOutstanding' use='optional' order='4.0'/>
	</link:presentationLink>
	<link:roleRef roleURI="http://www.daneexploration.com/20121231/role/idr_CondensedStatementsOfOperationsUnaudited" xlink:type="simple" xlink:href="dane-20121231.xsd#idr_CondensedStatementsOfOperationsUnaudited"/>
	<link:presentationLink xlink:type="extended" xlink:role="http://www.daneexploration.com/20121231/role/idr_CondensedStatementsOfOperationsUnaudited">
		<link:loc xlink:type='locator' xlink:href='http://xbrl.fasb.org/us-gaap/2011/elts/us-gaap-2011-01-31.xsd#us-gaap_IncomeStatementAbstract' xlink:label='us-gaap_IncomeStatementAbstract'/>
		<link:loc xlink:type='locator' xlink:href='http://xbrl.fasb.org/us-gaap/2011/elts/us-gaap-2011-01-31.xsd#us-gaap_StatementTable' xlink:label='us-gaap_StatementTable'/>
		<link:presentationArc xlink:type='arc' xlink:arcrole='http://www.xbrl.org/2003/arcrole/parent-child' xlink:from='us-gaap_IncomeStatementAbstract' xlink:to='us-gaap_StatementTable' use='optional' order='1.0'/>
		<link:loc xlink:type='locator' xlink:href='http://xbrl.fasb.org/us-gaap/2011/elts/us-gaap-2011-01-31.xsd#us-gaap_StatementLineItems' xlink:label='us-gaap_StatementLineItems'/>
		<link:presentationArc xlink:type='arc' xlink:arcrole='http://www.xbrl.org/2003/arcrole/parent-child' xlink:from='us-gaap_StatementTable' xlink:to='us-gaap_StatementLineItems' use='optional' order='1.0' preferredLabel='http://www.xbrl.org/2003/role/terseLabel'/>
		<link:loc xlink:type='locator' xlink:href='http://xbrl.fasb.org/us-gaap/2011/elts/us-gaap-2011-01-31.xsd#us-gaap_OperatingExpensesAbstract' xlink:label='us-gaap_OperatingExpensesAbstract'/>
		<link:presentationArc xlink:type='arc' xlink:arcrole='http://www.xbrl.org/2003/arcrole/parent-child' xlink:from='us-gaap_StatementLineItems' xlink:to='us-gaap_OperatingExpensesAbstract' use='optional' order='1.0'/>
		<link:loc xlink:type='locator' xlink:href='http://xbrl.fasb.org/us-gaap/2011/elts/us-gaap-2011-01-31.xsd#us-gaap_ExplorationExpenseMining' xlink:label='us-gaap_ExplorationExpenseMining'/>
		<link:presentationArc xlink:type='arc' xlink:arcrole='http://www.xbrl.org/2003/arcrole/parent-child' xlink:from='us-gaap_OperatingExpensesAbstract' xlink:to='us-gaap_ExplorationExpenseMining' use='optional' order='1.0'/>
		<link:loc xlink:type='locator' xlink:href='http://xbrl.fasb.org/us-gaap/2011/elts/us-gaap-2011-01-31.xsd#us-gaap_ProfessionalFees' xlink:label='us-gaap_ProfessionalFees'/>
		<link:presentationArc xlink:type='arc' xlink:arcrole='http://www.xbrl.org/2003/arcrole/parent-child' xlink:from='us-gaap_OperatingExpensesAbstract' xlink:to='us-gaap_ProfessionalFees' use='optional' order='2.0'/>
		<link:loc xlink:type='locator' xlink:href='http://xbrl.fasb.org/us-gaap/2011/elts/us-gaap-2011-01-31.xsd#us-gaap_GeneralAndAdministrativeExpense' xlink:label='us-gaap_GeneralAndAdministrativeExpense'/>
		<link:presentationArc xlink:type='arc' xlink:arcrole='http://www.xbrl.org/2003/arcrole/parent-child' xlink:from='us-gaap_OperatingExpensesAbstract' xlink:to='us-gaap_GeneralAndAdministrativeExpense' use='optional' order='3.0'/>
		<link:loc xlink:type='locator' xlink:href='http://xbrl.fasb.org/us-gaap/2011/elts/us-gaap-2011-01-31.xsd#us-gaap_UtilitiesOperatingExpenseImpairments' xlink:label='us-gaap_UtilitiesOperatingExpenseImpairments'/>
		<link:presentationArc xlink:type='arc' xlink:arcrole='http://www.xbrl.org/2003/arcrole/parent-child' xlink:from='us-gaap_OperatingExpensesAbstract' xlink:to='us-gaap_UtilitiesOperatingExpenseImpairments' use='optional' order='4.0'/>
		<link:loc xlink:type='locator' xlink:href='http://xbrl.fasb.org/us-gaap/2011/elts/us-gaap-2011-01-31.xsd#us-gaap_OperatingExpenses' xlink:label='us-gaap_OperatingExpenses'/>
		<link:presentationArc xlink:type='arc' xlink:arcrole='http://www.xbrl.org/2003/arcrole/parent-child' xlink:from='us-gaap_OperatingExpensesAbstract' xlink:to='us-gaap_OperatingExpenses' use='optional' order='5.0' preferredLabel='http://www.xbrl.org/2003/role/totalLabel'/>
		<link:loc xlink:type='locator' xlink:href='http://xbrl.fasb.org/us-gaap/2011/elts/us-gaap-2011-01-31.xsd#us-gaap_NetIncomeLoss' xlink:label='us-gaap_NetIncomeLoss'/>
		<link:presentationArc xlink:type='arc' xlink:arcrole='http://www.xbrl.org/2003/arcrole/parent-child' xlink:from='us-gaap_StatementLineItems' xlink:to='us-gaap_NetIncomeLoss' use='optional' order='2.0'/>
		<link:loc xlink:type='locator' xlink:href='http://xbrl.fasb.org/us-gaap/2011/elts/us-gaap-2011-01-31.xsd#us-gaap_EarningsPerShareBasicAndDiluted' xlink:label='us-gaap_EarningsPerShareBasicAndDiluted'/>
		<link:presentationArc xlink:type='arc' xlink:arcrole='http://www.xbrl.org/2003/arcrole/parent-child' xlink:from='us-gaap_StatementLineItems' xlink:to='us-gaap_EarningsPerShareBasicAndDiluted' use='optional' order='3.0'/>
		<link:loc xlink:type='locator' xlink:href='http://xbrl.fasb.org/us-gaap/2011/elts/us-gaap-2011-01-31.xsd#us-gaap_WeightedAverageNumberOfSharesOutstandingBasic' xlink:label='us-gaap_WeightedAverageNumberOfSharesOutstandingBasic'/>
		<link:presentationArc xlink:type='arc' xlink:arcrole='http://www.xbrl.org/2003/arcrole/parent-child' xlink:from='us-gaap_StatementLineItems' xlink:to='us-gaap_WeightedAverageNumberOfSharesOutstandingBasic' use='optional' order='4.0'/>
	</link:presentationLink>
	<link:roleRef roleURI="http://www.daneexploration.com/20121231/role/idr_CondensedStatementsOfCashFlowsUnaudited" xlink:type="simple" xlink:href="dane-20121231.xsd#idr_CondensedStatementsOfCashFlowsUnaudited"/>
	<link:presentationLink xlink:type="extended" xlink:role="http://www.daneexploration.com/20121231/role/idr_CondensedStatementsOfCashFlowsUnaudited">
		<link:loc xlink:type='locator' xlink:href='http://xbrl.fasb.org/us-gaap/2011/elts/us-gaap-2011-01-31.xsd#us-gaap_StatementOfCashFlowsAbstract' xlink:label='us-gaap_StatementOfCashFlowsAbstract'/>
		<link:loc xlink:type='locator' xlink:href='http://xbrl.fasb.org/us-gaap/2011/elts/us-gaap-2011-01-31.xsd#us-gaap_StatementTable' xlink:label='us-gaap_StatementTable'/>
		<link:presentationArc xlink:type='arc' xlink:arcrole='http://www.xbrl.org/2003/arcrole/parent-child' xlink:from='us-gaap_StatementOfCashFlowsAbstract' xlink:to='us-gaap_StatementTable' use='optional' order='1.0'/>
		<link:loc xlink:type='locator' xlink:href='http://xbrl.fasb.org/us-gaap/2011/elts/us-gaap-2011-01-31.xsd#us-gaap_StatementLineItems' xlink:label='us-gaap_StatementLineItems'/>
		<link:presentationArc xlink:type='arc' xlink:arcrole='http://www.xbrl.org/2003/arcrole/parent-child' xlink:from='us-gaap_StatementTable' xlink:to='us-gaap_StatementLineItems' use='optional' order='1.0' preferredLabel='http://www.xbrl.org/2003/role/terseLabel'/>
		<link:loc xlink:type='locator' xlink:href='http://xbrl.fasb.org/us-gaap/2011/elts/us-gaap-2011-01-31.xsd#us-gaap_NetCashProvidedByUsedInOperatingActivitiesAbstract' xlink:label='us-gaap_NetCashProvidedByUsedInOperatingActivitiesAbstract'/>
		<link:presentationArc xlink:type='arc' xlink:arcrole='http://www.xbrl.org/2003/arcrole/parent-child' xlink:from='us-gaap_StatementLineItems' xlink:to='us-gaap_NetCashProvidedByUsedInOperatingActivitiesAbstract' use='optional' order='1.0'/>
		<link:loc xlink:type='locator' xlink:href='http://xbrl.fasb.org/us-gaap/2011/elts/us-gaap-2011-01-31.xsd#us-gaap_NetIncomeLoss' xlink:label='us-gaap_NetIncomeLoss'/>
		<link:presentationArc xlink:type='arc' xlink:arcrole='http://www.xbrl.org/2003/arcrole/parent-child' xlink:from='us-gaap_NetCashProvidedByUsedInOperatingActivitiesAbstract' xlink:to='us-gaap_NetIncomeLoss' use='optional' order='1.0'/>
		<link:loc xlink:type='locator' xlink:href='http://xbrl.fasb.org/us-gaap/2011/elts/us-gaap-2011-01-31.xsd#us-gaap_AdjustmentsToReconcileToIncomeLossFromContinuingOperationsAbstract' xlink:label='us-gaap_AdjustmentsToReconcileToIncomeLossFromContinuingOperationsAbstract'/>
		<link:presentationArc xlink:type='arc' xlink:arcrole='http://www.xbrl.org/2003/arcrole/parent-child' xlink:from='us-gaap_NetCashProvidedByUsedInOperatingActivitiesAbstract' xlink:to='us-gaap_AdjustmentsToReconcileToIncomeLossFromContinuingOperationsAbstract' use='optional' order='2.0'/>
		<link:loc xlink:type='locator' xlink:href='http://xbrl.fasb.org/us-gaap/2011/elts/us-gaap-2011-01-31.xsd#us-gaap_AdjustmentsToReconcileNetIncomeLossToCashProvidedByUsedInOperatingActivitiesAbstract' xlink:label='us-gaap_AdjustmentsToReconcileNetIncomeLossToCashProvidedByUsedInOperatingActivitiesAbstract'/>
		<link:presentationArc xlink:type='arc' xlink:arcrole='http://www.xbrl.org/2003/arcrole/parent-child' xlink:from='us-gaap_NetCashProvidedByUsedInOperatingActivitiesAbstract' xlink:to='us-gaap_AdjustmentsToReconcileNetIncomeLossToCashProvidedByUsedInOperatingActivitiesAbstract' use='optional' order='3.0'/>
		<link:loc xlink:type='locator' xlink:href='http://xbrl.fasb.org/us-gaap/2011/elts/us-gaap-2011-01-31.xsd#us-gaap_UtilitiesOperatingExpenseImpairments' xlink:label='us-gaap_UtilitiesOperatingExpenseImpairments'/>
		<link:presentationArc xlink:type='arc' xlink:arcrole='http://www.xbrl.org/2003/arcrole/parent-child' xlink:from='us-gaap_NetCashProvidedByUsedInOperatingActivitiesAbstract' xlink:to='us-gaap_UtilitiesOperatingExpenseImpairments' use='optional' order='4.0'/>
		<link:loc xlink:type='locator' xlink:href='http://xbrl.fasb.org/us-gaap/2011/elts/us-gaap-2011-01-31.xsd#us-gaap_IncreaseDecreaseInOperatingCapitalAbstract' xlink:label='us-gaap_IncreaseDecreaseInOperatingCapitalAbstract'/>
		<link:presentationArc xlink:type='arc' xlink:arcrole='http://www.xbrl.org/2003/arcrole/parent-child' xlink:from='us-gaap_NetCashProvidedByUsedInOperatingActivitiesAbstract' xlink:to='us-gaap_IncreaseDecreaseInOperatingCapitalAbstract' use='optional' order='5.0'/>
		<link:loc xlink:type='locator' xlink:href='http://xbrl.fasb.org/us-gaap/2011/elts/us-gaap-2011-01-31.xsd#us-gaap_IncreaseDecreaseInPrepaidExpense' xlink:label='us-gaap_IncreaseDecreaseInPrepaidExpense'/>
		<link:presentationArc xlink:type='arc' xlink:arcrole='http://www.xbrl.org/2003/arcrole/parent-child' xlink:from='us-gaap_NetCashProvidedByUsedInOperatingActivitiesAbstract' xlink:to='us-gaap_IncreaseDecreaseInPrepaidExpense' use='optional' order='6.0'/>
		<link:loc xlink:type='locator' xlink:href='http://xbrl.fasb.org/us-gaap/2011/elts/us-gaap-2011-01-31.xsd#us-gaap_IncreaseDecreaseInAccountsPayable' xlink:label='us-gaap_IncreaseDecreaseInAccountsPayable'/>
		<link:presentationArc xlink:type='arc' xlink:arcrole='http://www.xbrl.org/2003/arcrole/parent-child' xlink:from='us-gaap_NetCashProvidedByUsedInOperatingActivitiesAbstract' xlink:to='us-gaap_IncreaseDecreaseInAccountsPayable' use='optional' order='7.0' preferredLabel='http://www.xbrl.org/2009/role/negatedLabel'/>
		<link:loc xlink:type='locator' xlink:href='http://xbrl.fasb.org/us-gaap/2011/elts/us-gaap-2011-01-31.xsd#us-gaap_NetCashProvidedByUsedInOperatingActivities' xlink:label='us-gaap_NetCashProvidedByUsedInOperatingActivities'/>
		<link:presentationArc xlink:type='arc' xlink:arcrole='http://www.xbrl.org/2003/arcrole/parent-child' xlink:from='us-gaap_NetCashProvidedByUsedInOperatingActivitiesAbstract' xlink:to='us-gaap_NetCashProvidedByUsedInOperatingActivities' use='optional' order='8.0' preferredLabel='http://www.xbrl.org/2003/role/totalLabel'/>
		<link:loc xlink:type='locator' xlink:href='http://xbrl.fasb.org/us-gaap/2011/elts/us-gaap-2011-01-31.xsd#us-gaap_NetCashProvidedByUsedInInvestingActivitiesAbstract' xlink:label='us-gaap_NetCashProvidedByUsedInInvestingActivitiesAbstract'/>
		<link:presentationArc xlink:type='arc' xlink:arcrole='http://www.xbrl.org/2003/arcrole/parent-child' xlink:from='us-gaap_StatementLineItems' xlink:to='us-gaap_NetCashProvidedByUsedInInvestingActivitiesAbstract' use='optional' order='2.0'/>
		<link:loc xlink:type='locator' xlink:href='http://xbrl.fasb.org/us-gaap/2011/elts/us-gaap-2011-01-31.xsd#us-gaap_PaymentsToAcquireMineralRights' xlink:label='us-gaap_PaymentsToAcquireMineralRights'/>
		<link:presentationArc xlink:type='arc' xlink:arcrole='http://www.xbrl.org/2003/arcrole/parent-child' xlink:from='us-gaap_NetCashProvidedByUsedInInvestingActivitiesAbstract' xlink:to='us-gaap_PaymentsToAcquireMineralRights' use='optional' order='1.0' preferredLabel='http://www.xbrl.org/2009/role/negatedLabel'/>
		<link:loc xlink:type='locator' xlink:href='http://xbrl.fasb.org/us-gaap/2011/elts/us-gaap-2011-01-31.xsd#us-gaap_NetCashProvidedByUsedInInvestingActivities' xlink:label='us-gaap_NetCashProvidedByUsedInInvestingActivities'/>
		<link:presentationArc xlink:type='arc' xlink:arcrole='http://www.xbrl.org/2003/arcrole/parent-child' xlink:from='us-gaap_NetCashProvidedByUsedInInvestingActivitiesAbstract' xlink:to='us-gaap_NetCashProvidedByUsedInInvestingActivities' use='optional' order='2.0' preferredLabel='http://www.xbrl.org/2003/role/totalLabel'/>
		<link:loc xlink:type='locator' xlink:href='http://xbrl.fasb.org/us-gaap/2011/elts/us-gaap-2011-01-31.xsd#us-gaap_NetCashProvidedByUsedInFinancingActivitiesAbstract' xlink:label='us-gaap_NetCashProvidedByUsedInFinancingActivitiesAbstract'/>
		<link:presentationArc xlink:type='arc' xlink:arcrole='http://www.xbrl.org/2003/arcrole/parent-child' xlink:from='us-gaap_StatementLineItems' xlink:to='us-gaap_NetCashProvidedByUsedInFinancingActivitiesAbstract' use='optional' order='3.0'/>
		<link:loc xlink:type='locator' xlink:href='http://xbrl.fasb.org/us-gaap/2011/elts/us-gaap-2011-01-31.xsd#us-gaap_ProceedsFromIssuanceOfCommonStock' xlink:label='us-gaap_ProceedsFromIssuanceOfCommonStock'/>
		<link:presentationArc xlink:type='arc' xlink:arcrole='http://www.xbrl.org/2003/arcrole/parent-child' xlink:from='us-gaap_NetCashProvidedByUsedInFinancingActivitiesAbstract' xlink:to='us-gaap_ProceedsFromIssuanceOfCommonStock' use='optional' order='1.0'/>
		<link:loc xlink:type='locator' xlink:href='http://xbrl.fasb.org/us-gaap/2011/elts/us-gaap-2011-01-31.xsd#us-gaap_ProceedsFromLoans' xlink:label='us-gaap_ProceedsFromLoans'/>
		<link:presentationArc xlink:type='arc' xlink:arcrole='http://www.xbrl.org/2003/arcrole/parent-child' xlink:from='us-gaap_NetCashProvidedByUsedInFinancingActivitiesAbstract' xlink:to='us-gaap_ProceedsFromLoans' use='optional' order='2.0'/>
		<link:loc xlink:type='locator' xlink:href='http://xbrl.fasb.org/us-gaap/2011/elts/us-gaap-2011-01-31.xsd#us-gaap_NetCashProvidedByUsedInFinancingActivities' xlink:label='us-gaap_NetCashProvidedByUsedInFinancingActivities'/>
		<link:presentationArc xlink:type='arc' xlink:arcrole='http://www.xbrl.org/2003/arcrole/parent-child' xlink:from='us-gaap_NetCashProvidedByUsedInFinancingActivitiesAbstract' xlink:to='us-gaap_NetCashProvidedByUsedInFinancingActivities' use='optional' order='3.0' preferredLabel='http://www.xbrl.org/2003/role/totalLabel'/>
		<link:loc xlink:type='locator' xlink:href='http://xbrl.fasb.org/us-gaap/2011/elts/us-gaap-2011-01-31.xsd#us-gaap_CashAndCashEquivalentsPeriodIncreaseDecrease' xlink:label='us-gaap_CashAndCashEquivalentsPeriodIncreaseDecrease'/>
		<link:presentationArc xlink:type='arc' xlink:arcrole='http://www.xbrl.org/2003/arcrole/parent-child' xlink:from='us-gaap_StatementLineItems' xlink:to='us-gaap_CashAndCashEquivalentsPeriodIncreaseDecrease' use='optional' order='4.0'/>
		<link:loc xlink:type='locator' xlink:href='http://xbrl.fasb.org/us-gaap/2011/elts/us-gaap-2011-01-31.xsd#us-gaap_CashAndCashEquivalentsAtCarryingValue' xlink:label='us-gaap_CashAndCashEquivalentsAtCarryingValue'/>
		<link:presentationArc xlink:type='arc' xlink:arcrole='http://www.xbrl.org/2003/arcrole/parent-child' xlink:from='us-gaap_StatementLineItems' xlink:to='us-gaap_CashAndCashEquivalentsAtCarryingValue' use='optional' order='5.0' preferredLabel='http://www.xbrl.org/2003/role/periodStartLabel'/>
		<link:loc xlink:type='locator' xlink:href='http://xbrl.fasb.org/us-gaap/2011/elts/us-gaap-2011-01-31.xsd#us-gaap_CashAndCashEquivalentsAtCarryingValue' xlink:label='us-gaap_CashAndCashEquivalentsAtCarryingValue_1'/>
		<link:presentationArc xlink:type='arc' xlink:arcrole='http://www.xbrl.org/2003/arcrole/parent-child' xlink:from='us-gaap_StatementLineItems' xlink:to='us-gaap_CashAndCashEquivalentsAtCarryingValue_1' use='optional' order='6.0' preferredLabel='http://www.xbrl.org/2003/role/periodEndLabel'/>
	</link:presentationLink>
	<link:roleRef roleURI="http://www.daneexploration.com/20121231/role/idr_DisclosureNote1BasisOfPresentation" xlink:type="simple" xlink:href="dane-20121231.xsd#idr_DisclosureNote1BasisOfPresentation"/>
	<link:presentationLink xlink:type="extended" xlink:role="http://www.daneexploration.com/20121231/role/idr_DisclosureNote1BasisOfPresentation">
		<link:loc xlink:type='locator' xlink:href='http://xbrl.fasb.org/us-gaap/2011/elts/us-gaap-2011-01-31.xsd#us-gaap_DisclosureTextBlockAbstract' xlink:label='us-gaap_DisclosureTextBlockAbstract'/>
		<link:loc xlink:type='locator' xlink:href='http://xbrl.fasb.org/us-gaap/2011/elts/us-gaap-2011-01-31.xsd#us-gaap_OrganizationConsolidationAndPresentationOfFinancialStatementsDisclosureAndSignificantAccountingPoliciesTextBlock' xlink:label='us-gaap_OrganizationConsolidationAndPresentationOfFinancialStatementsDisclosureAndSignificantAccountingPoliciesTextBlock'/>
		<link:presentationArc xlink:type='arc' xlink:arcrole='http://www.xbrl.org/2003/arcrole/parent-child' xlink:from='us-gaap_DisclosureTextBlockAbstract' xlink:to='us-gaap_OrganizationConsolidationAndPresentationOfFinancialStatementsDisclosureAndSignificantAccountingPoliciesTextBlock' use='optional' order='1.0'/>
	</link:presentationLink>
	<link:roleRef roleURI="http://www.daneexploration.com/20121231/role/idr_DisclosureNote2SummaryOfSignificantAccountingPolicies" xlink:type="simple" xlink:href="dane-20121231.xsd#idr_DisclosureNote2SummaryOfSignificantAccountingPolicies"/>
	<link:presentationLink xlink:type="extended" xlink:role="http://www.daneexploration.com/20121231/role/idr_DisclosureNote2SummaryOfSignificantAccountingPolicies">
		<link:loc xlink:type='locator' xlink:href='http://xbrl.fasb.org/us-gaap/2011/elts/us-gaap-2011-01-31.xsd#us-gaap_DisclosureTextBlockAbstract' xlink:label='us-gaap_DisclosureTextBlockAbstract'/>
		<link:loc xlink:type='locator' xlink:href='http://xbrl.fasb.org/us-gaap/2011/elts/us-gaap-2011-01-31.xsd#us-gaap_SignificantAccountingPoliciesTextBlock' xlink:label='us-gaap_SignificantAccountingPoliciesTextBlock'/>
		<link:presentationArc xlink:type='arc' xlink:arcrole='http://www.xbrl.org/2003/arcrole/parent-child' xlink:from='us-gaap_DisclosureTextBlockAbstract' xlink:to='us-gaap_SignificantAccountingPoliciesTextBlock' use='optional' order='1.0'/>
	</link:presentationLink>
	<link:roleRef roleURI="http://www.daneexploration.com/20121231/role/idr_DisclosureNote3GoingConcern" xlink:type="simple" xlink:href="dane-20121231.xsd#idr_DisclosureNote3GoingConcern"/>
	<link:presentationLink xlink:type="extended" xlink:role="http://www.daneexploration.com/20121231/role/idr_DisclosureNote3GoingConcern">
		<link:loc xlink:type='locator' xlink:href='http://xbrl.fasb.org/us-gaap/2011/elts/us-gaap-2011-01-31.xsd#us-gaap_DisclosureTextBlockAbstract' xlink:label='us-gaap_DisclosureTextBlockAbstract'/>
		<link:loc xlink:type='locator' xlink:href='http://xbrl.fasb.org/us-gaap/2011/elts/us-gaap-2011-01-31.xsd#us-gaap_ConcentrationRiskDisclosureTextBlock' xlink:label='us-gaap_ConcentrationRiskDisclosureTextBlock'/>
		<link:presentationArc xlink:type='arc' xlink:arcrole='http://www.xbrl.org/2003/arcrole/parent-child' xlink:from='us-gaap_DisclosureTextBlockAbstract' xlink:to='us-gaap_ConcentrationRiskDisclosureTextBlock' use='optional' order='1.0'/>
	</link:presentationLink>
	<link:roleRef roleURI="http://www.daneexploration.com/20121231/role/idr_DisclosureNote4RelatedPartyTransactionsShareholderAdvances" xlink:type="simple" xlink:href="dane-20121231.xsd#idr_DisclosureNote4RelatedPartyTransactionsShareholderAdvances"/>
	<link:presentationLink xlink:type="extended" xlink:role="http://www.daneexploration.com/20121231/role/idr_DisclosureNote4RelatedPartyTransactionsShareholderAdvances">
		<link:loc xlink:type='locator' xlink:href='http://xbrl.fasb.org/us-gaap/2011/elts/us-gaap-2011-01-31.xsd#us-gaap_DisclosureTextBlockAbstract' xlink:label='us-gaap_DisclosureTextBlockAbstract'/>
		<link:loc xlink:type='locator' xlink:href='http://xbrl.fasb.org/us-gaap/2011/elts/us-gaap-2011-01-31.xsd#us-gaap_RelatedPartyTransactionsDisclosureTextBlock' xlink:label='us-gaap_RelatedPartyTransactionsDisclosureTextBlock'/>
		<link:presentationArc xlink:type='arc' xlink:arcrole='http://www.xbrl.org/2003/arcrole/parent-child' xlink:from='us-gaap_DisclosureTextBlockAbstract' xlink:to='us-gaap_RelatedPartyTransactionsDisclosureTextBlock' use='optional' order='1.0'/>
	</link:presentationLink>
	<link:roleRef roleURI="http://www.daneexploration.com/20121231/role/idr_DisclosureNote5CommitmentsAndContingencies" xlink:type="simple" xlink:href="dane-20121231.xsd#idr_DisclosureNote5CommitmentsAndContingencies"/>
	<link:presentationLink xlink:type="extended" xlink:role="http://www.daneexploration.com/20121231/role/idr_DisclosureNote5CommitmentsAndContingencies">
		<link:loc xlink:type='locator' xlink:href='http://xbrl.fasb.org/us-gaap/2011/elts/us-gaap-2011-01-31.xsd#us-gaap_DisclosureTextBlockAbstract' xlink:label='us-gaap_DisclosureTextBlockAbstract'/>
		<link:loc xlink:type='locator' xlink:href='http://xbrl.fasb.org/us-gaap/2011/elts/us-gaap-2011-01-31.xsd#us-gaap_CommitmentsAndContingenciesDisclosureTextBlock' xlink:label='us-gaap_CommitmentsAndContingenciesDisclosureTextBlock'/>
		<link:presentationArc xlink:type='arc' xlink:arcrole='http://www.xbrl.org/2003/arcrole/parent-child' xlink:from='us-gaap_DisclosureTextBlockAbstract' xlink:to='us-gaap_CommitmentsAndContingenciesDisclosureTextBlock' use='optional' order='1.0'/>
	</link:presentationLink>
	<link:roleRef roleURI="http://www.daneexploration.com/20121231/role/idr_DisclosureNote6CommonStock" xlink:type="simple" xlink:href="dane-20121231.xsd#idr_DisclosureNote6CommonStock"/>
	<link:presentationLink xlink:type="extended" xlink:role="http://www.daneexploration.com/20121231/role/idr_DisclosureNote6CommonStock">
		<link:loc xlink:type='locator' xlink:href='http://xbrl.fasb.org/us-gaap/2011/elts/us-gaap-2011-01-31.xsd#us-gaap_DisclosureTextBlockAbstract' xlink:label='us-gaap_DisclosureTextBlockAbstract'/>
		<link:loc xlink:type='locator' xlink:href='http://xbrl.fasb.org/us-gaap/2011/elts/us-gaap-2011-01-31.xsd#us-gaap_StockholdersEquityNoteDisclosureTextBlock' xlink:label='us-gaap_StockholdersEquityNoteDisclosureTextBlock'/>
		<link:presentationArc xlink:type='arc' xlink:arcrole='http://www.xbrl.org/2003/arcrole/parent-child' xlink:from='us-gaap_DisclosureTextBlockAbstract' xlink:to='us-gaap_StockholdersEquityNoteDisclosureTextBlock' use='optional' order='1.0'/>
	</link:presentationLink>
	<link:roleRef roleURI="http://www.daneexploration.com/20121231/role/idr_DisclosureNote2SummaryOfSignificantAccountingPoliciesExplorationStageCompanyPolicies" xlink:type="simple" xlink:href="dane-20121231.xsd#idr_DisclosureNote2SummaryOfSignificantAccountingPoliciesExplorationStageCompanyPolicies"/>
	<link:presentationLink xlink:type="extended" xlink:role="http://www.daneexploration.com/20121231/role/idr_DisclosureNote2SummaryOfSignificantAccountingPoliciesExplorationStageCompanyPolicies">
		<link:loc xlink:type='locator' xlink:href='http://xbrl.fasb.org/us-gaap/2011/elts/us-gaap-2011-01-31.xsd#us-gaap_PolicyTextBlockAbstract' xlink:label='us-gaap_PolicyTextBlockAbstract'/>
		<link:loc xlink:type='locator' xlink:href='http://xbrl.fasb.org/us-gaap/2011/elts/us-gaap-2011-01-31.xsd#us-gaap_NatureOfOperations' xlink:label='us-gaap_NatureOfOperations'/>
		<link:presentationArc xlink:type='arc' xlink:arcrole='http://www.xbrl.org/2003/arcrole/parent-child' xlink:from='us-gaap_PolicyTextBlockAbstract' xlink:to='us-gaap_NatureOfOperations' use='optional' order='1.0'/>
	</link:presentationLink>
	<link:roleRef roleURI="http://www.daneexploration.com/20121231/role/idr_DisclosureNote2SummaryOfSignificantAccountingPoliciesExplorationCostsAndMineralPropertyRightAcquisitionsPolicies" xlink:type="simple" xlink:href="dane-20121231.xsd#idr_DisclosureNote2SummaryOfSignificantAccountingPoliciesExplorationCostsAndMineralPropertyRightAcquisitionsPolicies"/>
	<link:presentationLink xlink:type="extended" xlink:role="http://www.daneexploration.com/20121231/role/idr_DisclosureNote2SummaryOfSignificantAccountingPoliciesExplorationCostsAndMineralPropertyRightAcquisitionsPolicies">
		<link:loc xlink:type='locator' xlink:href='http://xbrl.fasb.org/us-gaap/2011/elts/us-gaap-2011-01-31.xsd#us-gaap_PolicyTextBlockAbstract' xlink:label='us-gaap_PolicyTextBlockAbstract'/>
		<link:loc xlink:type='locator' xlink:href='dane-20121231.xsd#fil_ExplorationCostsAndMineralPropertyRightAcquisitions' xlink:label='fil_ExplorationCostsAndMineralPropertyRightAcquisitions'/>
		<link:presentationArc xlink:type='arc' xlink:arcrole='http://www.xbrl.org/2003/arcrole/parent-child' xlink:from='us-gaap_PolicyTextBlockAbstract' xlink:to='fil_ExplorationCostsAndMineralPropertyRightAcquisitions' use='optional' order='1.0'/>
	</link:presentationLink>
	<link:roleRef roleURI="http://www.daneexploration.com/20121231/role/idr_DisclosureNote2SummaryOfSignificantAccountingPoliciesUseOfEstimatesPolicies" xlink:type="simple" xlink:href="dane-20121231.xsd#idr_DisclosureNote2SummaryOfSignificantAccountingPoliciesUseOfEstimatesPolicies"/>
	<link:presentationLink xlink:type="extended" xlink:role="http://www.daneexploration.com/20121231/role/idr_DisclosureNote2SummaryOfSignificantAccountingPoliciesUseOfEstimatesPolicies">
		<link:loc xlink:type='locator' xlink:href='http://xbrl.fasb.org/us-gaap/2011/elts/us-gaap-2011-01-31.xsd#us-gaap_PolicyTextBlockAbstract' xlink:label='us-gaap_PolicyTextBlockAbstract'/>
		<link:loc xlink:type='locator' xlink:href='http://xbrl.fasb.org/us-gaap/2011/elts/us-gaap-2011-01-31.xsd#us-gaap_UseOfEstimates' xlink:label='us-gaap_UseOfEstimates'/>
		<link:presentationArc xlink:type='arc' xlink:arcrole='http://www.xbrl.org/2003/arcrole/parent-child' xlink:from='us-gaap_PolicyTextBlockAbstract' xlink:to='us-gaap_UseOfEstimates' use='optional' order='1.0'/>
	</link:presentationLink>
	<link:roleRef roleURI="http://www.daneexploration.com/20121231/role/idr_DisclosureNote2SummaryOfSignificantAccountingPoliciesEarningsOrLossPerSharePolicies" xlink:type="simple" xlink:href="dane-20121231.xsd#idr_DisclosureNote2SummaryOfSignificantAccountingPoliciesEarningsOrLossPerSharePolicies"/>
	<link:presentationLink xlink:type="extended" xlink:role="http://www.daneexploration.com/20121231/role/idr_DisclosureNote2SummaryOfSignificantAccountingPoliciesEarningsOrLossPerSharePolicies">
		<link:loc xlink:type='locator' xlink:href='http://xbrl.fasb.org/us-gaap/2011/elts/us-gaap-2011-01-31.xsd#us-gaap_PolicyTextBlockAbstract' xlink:label='us-gaap_PolicyTextBlockAbstract'/>
		<link:loc xlink:type='locator' xlink:href='http://xbrl.fasb.org/us-gaap/2011/elts/us-gaap-2011-01-31.xsd#us-gaap_EarningsPerSharePolicyTextBlock' xlink:label='us-gaap_EarningsPerSharePolicyTextBlock'/>
		<link:presentationArc xlink:type='arc' xlink:arcrole='http://www.xbrl.org/2003/arcrole/parent-child' xlink:from='us-gaap_PolicyTextBlockAbstract' xlink:to='us-gaap_EarningsPerSharePolicyTextBlock' use='optional' order='1.0'/>
	</link:presentationLink>
	<link:roleRef roleURI="http://www.daneexploration.com/20121231/role/idr_DisclosureNote2SummaryOfSignificantAccountingPoliciesStockBasedCompensationPolicies" xlink:type="simple" xlink:href="dane-20121231.xsd#idr_DisclosureNote2SummaryOfSignificantAccountingPoliciesStockBasedCompensationPolicies"/>
	<link:presentationLink xlink:type="extended" xlink:role="http://www.daneexploration.com/20121231/role/idr_DisclosureNote2SummaryOfSignificantAccountingPoliciesStockBasedCompensationPolicies">
		<link:loc xlink:type='locator' xlink:href='http://xbrl.fasb.org/us-gaap/2011/elts/us-gaap-2011-01-31.xsd#us-gaap_PolicyTextBlockAbstract' xlink:label='us-gaap_PolicyTextBlockAbstract'/>
		<link:loc xlink:type='locator' xlink:href='http://xbrl.fasb.org/us-gaap/2011/elts/us-gaap-2011-01-31.xsd#us-gaap_ShareBasedCompensationOptionAndIncentivePlansPolicy' xlink:label='us-gaap_ShareBasedCompensationOptionAndIncentivePlansPolicy'/>
		<link:presentationArc xlink:type='arc' xlink:arcrole='http://www.xbrl.org/2003/arcrole/parent-child' xlink:from='us-gaap_PolicyTextBlockAbstract' xlink:to='us-gaap_ShareBasedCompensationOptionAndIncentivePlansPolicy' use='optional' order='1.0'/>
	</link:presentationLink>
	<link:roleRef roleURI="http://www.daneexploration.com/20121231/role/idr_DisclosureNote2SummaryOfSignificantAccountingPoliciesEstimatedFairValueOfFinancialInstrumentsPolicies" xlink:type="simple" xlink:href="dane-20121231.xsd#idr_DisclosureNote2SummaryOfSignificantAccountingPoliciesEstimatedFairValueOfFinancialInstrumentsPolicies"/>
	<link:presentationLink xlink:type="extended" xlink:role="http://www.daneexploration.com/20121231/role/idr_DisclosureNote2SummaryOfSignificantAccountingPoliciesEstimatedFairValueOfFinancialInstrumentsPolicies">
		<link:loc xlink:type='locator' xlink:href='http://xbrl.fasb.org/us-gaap/2011/elts/us-gaap-2011-01-31.xsd#us-gaap_PolicyTextBlockAbstract' xlink:label='us-gaap_PolicyTextBlockAbstract'/>
		<link:loc xlink:type='locator' xlink:href='http://xbrl.fasb.org/us-gaap/2011/elts/us-gaap-2011-01-31.xsd#us-gaap_FairValueOfFinancialInstrumentsPolicy' xlink:label='us-gaap_FairValueOfFinancialInstrumentsPolicy'/>
		<link:presentationArc xlink:type='arc' xlink:arcrole='http://www.xbrl.org/2003/arcrole/parent-child' xlink:from='us-gaap_PolicyTextBlockAbstract' xlink:to='us-gaap_FairValueOfFinancialInstrumentsPolicy' use='optional' order='1.0'/>
	</link:presentationLink>
	<link:roleRef roleURI="http://www.daneexploration.com/20121231/role/idr_DisclosureNote2SummaryOfSignificantAccountingPoliciesIncomeTaxesPolicies" xlink:type="simple" xlink:href="dane-20121231.xsd#idr_DisclosureNote2SummaryOfSignificantAccountingPoliciesIncomeTaxesPolicies"/>
	<link:presentationLink xlink:type="extended" xlink:role="http://www.daneexploration.com/20121231/role/idr_DisclosureNote2SummaryOfSignificantAccountingPoliciesIncomeTaxesPolicies">
		<link:loc xlink:type='locator' xlink:href='http://xbrl.fasb.org/us-gaap/2011/elts/us-gaap-2011-01-31.xsd#us-gaap_PolicyTextBlockAbstract' xlink:label='us-gaap_PolicyTextBlockAbstract'/>
		<link:loc xlink:type='locator' xlink:href='http://xbrl.fasb.org/us-gaap/2011/elts/us-gaap-2011-01-31.xsd#us-gaap_IncomeTaxPolicyTextBlock' xlink:label='us-gaap_IncomeTaxPolicyTextBlock'/>
		<link:presentationArc xlink:type='arc' xlink:arcrole='http://www.xbrl.org/2003/arcrole/parent-child' xlink:from='us-gaap_PolicyTextBlockAbstract' xlink:to='us-gaap_IncomeTaxPolicyTextBlock' use='optional' order='1.0'/>
	</link:presentationLink>
	<link:roleRef roleURI="http://www.daneexploration.com/20121231/role/idr_DisclosureNote2SummaryOfSignificantAccountingPoliciesValuationOfLongLivedAssetsPolicies" xlink:type="simple" xlink:href="dane-20121231.xsd#idr_DisclosureNote2SummaryOfSignificantAccountingPoliciesValuationOfLongLivedAssetsPolicies"/>
	<link:presentationLink xlink:type="extended" xlink:role="http://www.daneexploration.com/20121231/role/idr_DisclosureNote2SummaryOfSignificantAccountingPoliciesValuationOfLongLivedAssetsPolicies">
		<link:loc xlink:type='locator' xlink:href='http://xbrl.fasb.org/us-gaap/2011/elts/us-gaap-2011-01-31.xsd#us-gaap_PolicyTextBlockAbstract' xlink:label='us-gaap_PolicyTextBlockAbstract'/>
		<link:loc xlink:type='locator' xlink:href='http://xbrl.fasb.org/us-gaap/2011/elts/us-gaap-2011-01-31.xsd#us-gaap_ImpairmentOrDisposalOfLongLivedAssetsPolicyTextBlock' xlink:label='us-gaap_ImpairmentOrDisposalOfLongLivedAssetsPolicyTextBlock'/>
		<link:presentationArc xlink:type='arc' xlink:arcrole='http://www.xbrl.org/2003/arcrole/parent-child' xlink:from='us-gaap_PolicyTextBlockAbstract' xlink:to='us-gaap_ImpairmentOrDisposalOfLongLivedAssetsPolicyTextBlock' use='optional' order='1.0'/>
	</link:presentationLink>
	<link:roleRef roleURI="http://www.daneexploration.com/20121231/role/idr_DisclosureNote2SummaryOfSignificantAccountingPoliciesStartUpCostsPolicies" xlink:type="simple" xlink:href="dane-20121231.xsd#idr_DisclosureNote2SummaryOfSignificantAccountingPoliciesStartUpCostsPolicies"/>
	<link:presentationLink xlink:type="extended" xlink:role="http://www.daneexploration.com/20121231/role/idr_DisclosureNote2SummaryOfSignificantAccountingPoliciesStartUpCostsPolicies">
		<link:loc xlink:type='locator' xlink:href='http://xbrl.fasb.org/us-gaap/2011/elts/us-gaap-2011-01-31.xsd#us-gaap_PolicyTextBlockAbstract' xlink:label='us-gaap_PolicyTextBlockAbstract'/>
		<link:loc xlink:type='locator' xlink:href='http://xbrl.fasb.org/us-gaap/2011/elts/us-gaap-2011-01-31.xsd#us-gaap_StartUpActivitiesCostPolicy' xlink:label='us-gaap_StartUpActivitiesCostPolicy'/>
		<link:presentationArc xlink:type='arc' xlink:arcrole='http://www.xbrl.org/2003/arcrole/parent-child' xlink:from='us-gaap_PolicyTextBlockAbstract' xlink:to='us-gaap_StartUpActivitiesCostPolicy' use='optional' order='1.0'/>
	</link:presentationLink>
	<link:roleRef roleURI="http://www.daneexploration.com/20121231/role/idr_DisclosureNote2SummaryOfSignificantAccountingPoliciesForeignCurrencyPolicies" xlink:type="simple" xlink:href="dane-20121231.xsd#idr_DisclosureNote2SummaryOfSignificantAccountingPoliciesForeignCurrencyPolicies"/>
	<link:presentationLink xlink:type="extended" xlink:role="http://www.daneexploration.com/20121231/role/idr_DisclosureNote2SummaryOfSignificantAccountingPoliciesForeignCurrencyPolicies">
		<link:loc xlink:type='locator' xlink:href='http://xbrl.fasb.org/us-gaap/2011/elts/us-gaap-2011-01-31.xsd#us-gaap_PolicyTextBlockAbstract' xlink:label='us-gaap_PolicyTextBlockAbstract'/>
		<link:loc xlink:type='locator' xlink:href='http://xbrl.fasb.org/us-gaap/2011/elts/us-gaap-2011-01-31.xsd#us-gaap_ForeignCurrencyTransactionsAndTranslationsPolicyTextBlock' xlink:label='us-gaap_ForeignCurrencyTransactionsAndTranslationsPolicyTextBlock'/>
		<link:presentationArc xlink:type='arc' xlink:arcrole='http://www.xbrl.org/2003/arcrole/parent-child' xlink:from='us-gaap_PolicyTextBlockAbstract' xlink:to='us-gaap_ForeignCurrencyTransactionsAndTranslationsPolicyTextBlock' use='optional' order='1.0'/>
	</link:presentationLink>
	<link:roleRef roleURI="http://www.daneexploration.com/20121231/role/idr_DisclosureNote2SummaryOfSignificantAccountingPoliciesCashAndCashEquivalentsPolicies" xlink:type="simple" xlink:href="dane-20121231.xsd#idr_DisclosureNote2SummaryOfSignificantAccountingPoliciesCashAndCashEquivalentsPolicies"/>
	<link:presentationLink xlink:type="extended" xlink:role="http://www.daneexploration.com/20121231/role/idr_DisclosureNote2SummaryOfSignificantAccountingPoliciesCashAndCashEquivalentsPolicies">
		<link:loc xlink:type='locator' xlink:href='http://xbrl.fasb.org/us-gaap/2011/elts/us-gaap-2011-01-31.xsd#us-gaap_PolicyTextBlockAbstract' xlink:label='us-gaap_PolicyTextBlockAbstract'/>
		<link:loc xlink:type='locator' xlink:href='http://xbrl.fasb.org/us-gaap/2011/elts/us-gaap-2011-01-31.xsd#us-gaap_CashAndCashEquivalentsPolicyTextBlock' xlink:label='us-gaap_CashAndCashEquivalentsPolicyTextBlock'/>
		<link:presentationArc xlink:type='arc' xlink:arcrole='http://www.xbrl.org/2003/arcrole/parent-child' xlink:from='us-gaap_PolicyTextBlockAbstract' xlink:to='us-gaap_CashAndCashEquivalentsPolicyTextBlock' use='optional' order='1.0'/>
	</link:presentationLink>
	<link:roleRef roleURI="http://www.daneexploration.com/20121231/role/idr_DisclosureNote2SummaryOfSignificantAccountingPoliciesRisksAndUncertaintiesPolicies" xlink:type="simple" xlink:href="dane-20121231.xsd#idr_DisclosureNote2SummaryOfSignificantAccountingPoliciesRisksAndUncertaintiesPolicies"/>
	<link:presentationLink xlink:type="extended" xlink:role="http://www.daneexploration.com/20121231/role/idr_DisclosureNote2SummaryOfSignificantAccountingPoliciesRisksAndUncertaintiesPolicies">
		<link:loc xlink:type='locator' xlink:href='http://xbrl.fasb.org/us-gaap/2011/elts/us-gaap-2011-01-31.xsd#us-gaap_PolicyTextBlockAbstract' xlink:label='us-gaap_PolicyTextBlockAbstract'/>
		<link:loc xlink:type='locator' xlink:href='http://xbrl.fasb.org/us-gaap/2011/elts/us-gaap-2011-01-31.xsd#us-gaap_LiquidityDisclosureTextBlock' xlink:label='us-gaap_LiquidityDisclosureTextBlock'/>
		<link:presentationArc xlink:type='arc' xlink:arcrole='http://www.xbrl.org/2003/arcrole/parent-child' xlink:from='us-gaap_PolicyTextBlockAbstract' xlink:to='us-gaap_LiquidityDisclosureTextBlock' use='optional' order='1.0'/>
	</link:presentationLink>
	<link:roleRef roleURI="http://www.daneexploration.com/20121231/role/idr_DisclosureNote2SummaryOfSignificantAccountingPoliciesRecentAccountingPronouncementsPolicies" xlink:type="simple" xlink:href="dane-20121231.xsd#idr_DisclosureNote2SummaryOfSignificantAccountingPoliciesRecentAccountingPronouncementsPolicies"/>
	<link:presentationLink xlink:type="extended" xlink:role="http://www.daneexploration.com/20121231/role/idr_DisclosureNote2SummaryOfSignificantAccountingPoliciesRecentAccountingPronouncementsPolicies">
		<link:loc xlink:type='locator' xlink:href='http://xbrl.fasb.org/us-gaap/2011/elts/us-gaap-2011-01-31.xsd#us-gaap_PolicyTextBlockAbstract' xlink:label='us-gaap_PolicyTextBlockAbstract'/>
		<link:loc xlink:type='locator' xlink:href='dane-20121231.xsd#fil_RecentAccountingPronouncements' xlink:label='fil_RecentAccountingPronouncements'/>
		<link:presentationArc xlink:type='arc' xlink:arcrole='http://www.xbrl.org/2003/arcrole/parent-child' xlink:from='us-gaap_PolicyTextBlockAbstract' xlink:to='fil_RecentAccountingPronouncements' use='optional' order='1.0'/>
	</link:presentationLink>
	<link:roleRef roleURI="http://www.daneexploration.com/20121231/role/idr_DisclosureNote3GoingConcernDetails" xlink:type="simple" xlink:href="dane-20121231.xsd#idr_DisclosureNote3GoingConcernDetails"/>
	<link:presentationLink xlink:type="extended" xlink:role="http://www.daneexploration.com/20121231/role/idr_DisclosureNote3GoingConcernDetails">
		<link:loc xlink:type='locator' xlink:href='http://xbrl.fasb.org/us-gaap/2011/elts/us-gaap-2011-01-31.xsd#us-gaap_TextBlockAbstract' xlink:label='us-gaap_TextBlockAbstract'/>
		<link:loc xlink:type='locator' xlink:href='http://xbrl.fasb.org/us-gaap/2011/elts/us-gaap-2011-01-31.xsd#us-gaap_StatementTable' xlink:label='us-gaap_StatementTable'/>
		<link:presentationArc xlink:type='arc' xlink:arcrole='http://www.xbrl.org/2003/arcrole/parent-child' xlink:from='us-gaap_TextBlockAbstract' xlink:to='us-gaap_StatementTable' use='optional' order='1.0'/>
		<link:loc xlink:type='locator' xlink:href='http://xbrl.fasb.org/us-gaap/2011/elts/us-gaap-2011-01-31.xsd#us-gaap_StatementLineItems' xlink:label='us-gaap_StatementLineItems'/>
		<link:presentationArc xlink:type='arc' xlink:arcrole='http://www.xbrl.org/2003/arcrole/parent-child' xlink:from='us-gaap_StatementTable' xlink:to='us-gaap_StatementLineItems' use='optional' order='1.0' preferredLabel='http://www.xbrl.org/2003/role/terseLabel'/>
		<link:loc xlink:type='locator' xlink:href='http://xbrl.fasb.org/us-gaap/2011/elts/us-gaap-2011-01-31.xsd#us-gaap_NetIncomeLoss' xlink:label='us-gaap_NetIncomeLoss'/>
		<link:presentationArc xlink:type='arc' xlink:arcrole='http://www.xbrl.org/2003/arcrole/parent-child' xlink:from='us-gaap_StatementLineItems' xlink:to='us-gaap_NetIncomeLoss' use='optional' order='1.0' preferredLabel='http://www.xbrl.org/2009/role/negatedLabel'/>
		<link:loc xlink:type='locator' xlink:href='http://xbrl.fasb.org/us-gaap/2011/elts/us-gaap-2011-01-31.xsd#us-gaap_ProceedsFromIssuanceOfCommonStock' xlink:label='us-gaap_ProceedsFromIssuanceOfCommonStock'/>
		<link:presentationArc xlink:type='arc' xlink:arcrole='http://www.xbrl.org/2003/arcrole/parent-child' xlink:from='us-gaap_StatementLineItems' xlink:to='us-gaap_ProceedsFromIssuanceOfCommonStock' use='optional' order='2.0'/>
	</link:presentationLink>
	<link:roleRef roleURI="http://www.daneexploration.com/20121231/role/idr_DisclosureNote4RelatedPartyTransactionsShareholderAdvancesDetails" xlink:type="simple" xlink:href="dane-20121231.xsd#idr_DisclosureNote4RelatedPartyTransactionsShareholderAdvancesDetails"/>
	<link:presentationLink xlink:type="extended" xlink:role="http://www.daneexploration.com/20121231/role/idr_DisclosureNote4RelatedPartyTransactionsShareholderAdvancesDetails">
		<link:loc xlink:type='locator' xlink:href='http://xbrl.fasb.org/us-gaap/2011/elts/us-gaap-2011-01-31.xsd#us-gaap_TextBlockAbstract' xlink:label='us-gaap_TextBlockAbstract'/>
		<link:loc xlink:type='locator' xlink:href='http://xbrl.fasb.org/us-gaap/2011/elts/us-gaap-2011-01-31.xsd#us-gaap_StatementTable' xlink:label='us-gaap_StatementTable'/>
		<link:presentationArc xlink:type='arc' xlink:arcrole='http://www.xbrl.org/2003/arcrole/parent-child' xlink:from='us-gaap_TextBlockAbstract' xlink:to='us-gaap_StatementTable' use='optional' order='1.0'/>
		<link:loc xlink:type='locator' xlink:href='http://xbrl.fasb.org/us-gaap/2011/elts/us-gaap-2011-01-31.xsd#us-gaap_StatementLineItems' xlink:label='us-gaap_StatementLineItems'/>
		<link:presentationArc xlink:type='arc' xlink:arcrole='http://www.xbrl.org/2003/arcrole/parent-child' xlink:from='us-gaap_StatementTable' xlink:to='us-gaap_StatementLineItems' use='optional' order='1.0' preferredLabel='http://www.xbrl.org/2003/role/terseLabel'/>
		<link:loc xlink:type='locator' xlink:href='http://xbrl.fasb.org/us-gaap/2011/elts/us-gaap-2011-01-31.xsd#us-gaap_ProceedsFromLoans' xlink:label='us-gaap_ProceedsFromLoans'/>
		<link:presentationArc xlink:type='arc' xlink:arcrole='http://www.xbrl.org/2003/arcrole/parent-child' xlink:from='us-gaap_StatementLineItems' xlink:to='us-gaap_ProceedsFromLoans' use='optional' order='1.0' preferredLabel='http://www.xbrl.org/2009/role/negatedLabel'/>
	</link:presentationLink>
	<link:roleRef roleURI="http://www.daneexploration.com/20121231/role/idr_DisclosureNote6CommonStockDetails" xlink:type="simple" xlink:href="dane-20121231.xsd#idr_DisclosureNote6CommonStockDetails"/>
	<link:presentationLink xlink:type="extended" xlink:role="http://www.daneexploration.com/20121231/role/idr_DisclosureNote6CommonStockDetails">
		<link:loc xlink:type='locator' xlink:href='http://xbrl.fasb.org/us-gaap/2011/elts/us-gaap-2011-01-31.xsd#us-gaap_TextBlockAbstract' xlink:label='us-gaap_TextBlockAbstract'/>
		<link:loc xlink:type='locator' xlink:href='http://xbrl.fasb.org/us-gaap/2011/elts/us-gaap-2011-01-31.xsd#us-gaap_StatementTable' xlink:label='us-gaap_StatementTable'/>
		<link:presentationArc xlink:type='arc' xlink:arcrole='http://www.xbrl.org/2003/arcrole/parent-child' xlink:from='us-gaap_TextBlockAbstract' xlink:to='us-gaap_StatementTable' use='optional' order='1.0'/>
		<link:loc xlink:type='locator' xlink:href='http://xbrl.fasb.org/us-gaap/2011/elts/us-gaap-2011-01-31.xsd#us-gaap_StatementLineItems' xlink:label='us-gaap_StatementLineItems'/>
		<link:presentationArc xlink:type='arc' xlink:arcrole='http://www.xbrl.org/2003/arcrole/parent-child' xlink:from='us-gaap_StatementTable' xlink:to='us-gaap_StatementLineItems' use='optional' order='1.0' preferredLabel='http://www.xbrl.org/2003/role/terseLabel'/>
		<link:loc xlink:type='locator' xlink:href='http://xbrl.fasb.org/us-gaap/2011/elts/us-gaap-2011-01-31.xsd#us-gaap_CommonStockSharesIssued' xlink:label='us-gaap_CommonStockSharesIssued'/>
		<link:presentationArc xlink:type='arc' xlink:arcrole='http://www.xbrl.org/2003/arcrole/parent-child' xlink:from='us-gaap_StatementLineItems' xlink:to='us-gaap_CommonStockSharesIssued' use='optional' order='1.0'/>
		<link:loc xlink:type='locator' xlink:href='http://xbrl.fasb.org/us-gaap/2011/elts/us-gaap-2011-01-31.xsd#us-gaap_SaleOfStockPricePerShare' xlink:label='us-gaap_SaleOfStockPricePerShare'/>
		<link:presentationArc xlink:type='arc' xlink:arcrole='http://www.xbrl.org/2003/arcrole/parent-child' xlink:from='us-gaap_StatementLineItems' xlink:to='us-gaap_SaleOfStockPricePerShare' use='optional' order='2.0'/>
		<link:loc xlink:type='locator' xlink:href='http://xbrl.fasb.org/us-gaap/2011/elts/us-gaap-2011-01-31.xsd#us-gaap_StockholdersEquity' xlink:label='us-gaap_StockholdersEquity'/>
		<link:presentationArc xlink:type='arc' xlink:arcrole='http://www.xbrl.org/2003/arcrole/parent-child' xlink:from='us-gaap_StatementLineItems' xlink:to='us-gaap_StockholdersEquity' use='optional' order='3.0'/>
	</link:presentationLink>
</link:linkbase>
