<?xml version="1.0" encoding="US-ASCII" ?>
    <!-- Field: Doc-Info; Name: Generator; Value: GoFiler Complete; Version: 3.3e -->
    <!-- Field: Doc-Info; Name: VendorURI; Value: http://www.novaworks.co -->
    <!-- Field: Doc-Info; Name: Source; Value: SPCI %2D Q3 2012 XBRL.xfr; Date: 2012/11/19T17:56:01 -->
    <!-- Field: Doc-Info; Name: Status; Value: 0x00000000 -->
<xbrli:xbrl xmlns:xsi="http://www.w3.org/2001/XMLSchema-instance" xmlns:xlink="http://www.w3.org/1999/xlink" xmlns:link="http://www.xbrl.org/2003/linkbase" xmlns:xbrli="http://www.xbrl.org/2003/instance" xmlns:xbrldt="http://xbrl.org/2005/xbrldt" xmlns:xbrldi="http://xbrl.org/2006/xbrldi" xmlns:dei="http://xbrl.sec.gov/dei/2012-01-31" xmlns:ref="http://www.xbrl.org/2006/ref" xmlns:iso4217="http://www.xbrl.org/2003/iso4217" xmlns:us-gaap="http://fasb.org/us-gaap/2012-01-31" xmlns:us-roles="http://fasb.org/us-roles/2012-01-31" xmlns:us-types="http://fasb.org/us-types/2012-01-31" xmlns:SPCI="http://thespecialtycontractors.com/20120331">
    <link:schemaRef xlink:href="spci-20120331.xsd" xlink:type="simple" />
    <xbrli:context id="From2012-07-01to2012-09-30">
      <xbrli:entity>
        <xbrli:identifier scheme="http://www.sec.gov/CIK">0001489039</xbrli:identifier>
      </xbrli:entity>
      <xbrli:period>
        <xbrli:startDate>2012-07-01</xbrli:startDate>
        <xbrli:endDate>2012-09-30</xbrli:endDate>
      </xbrli:period>
    </xbrli:context>
    <xbrli:context id="AsOf2012-11-15">
      <xbrli:entity>
        <xbrli:identifier scheme="http://www.sec.gov/CIK">0001489039</xbrli:identifier>
      </xbrli:entity>
      <xbrli:period>
        <xbrli:instant>2012-11-15</xbrli:instant>
      </xbrli:period>
    </xbrli:context>
    <xbrli:context id="AsOf2012-09-30">
      <xbrli:entity>
        <xbrli:identifier scheme="http://www.sec.gov/CIK">0001489039</xbrli:identifier>
      </xbrli:entity>
      <xbrli:period>
        <xbrli:instant>2012-09-30</xbrli:instant>
      </xbrli:period>
    </xbrli:context>
    <xbrli:context id="AsOf2011-12-31">
      <xbrli:entity>
        <xbrli:identifier scheme="http://www.sec.gov/CIK">0001489039</xbrli:identifier>
      </xbrli:entity>
      <xbrli:period>
        <xbrli:instant>2011-12-31</xbrli:instant>
      </xbrli:period>
    </xbrli:context>
    <xbrli:context id="From2011-07-01to2011-09-30">
      <xbrli:entity>
        <xbrli:identifier scheme="http://www.sec.gov/CIK">0001489039</xbrli:identifier>
      </xbrli:entity>
      <xbrli:period>
        <xbrli:startDate>2011-07-01</xbrli:startDate>
        <xbrli:endDate>2011-09-30</xbrli:endDate>
      </xbrli:period>
    </xbrli:context>
    <xbrli:unit id="USD">
      <xbrli:measure>iso4217:USD</xbrli:measure>
    </xbrli:unit>
    <xbrli:unit id="Shares">
      <xbrli:measure>xbrli:shares</xbrli:measure>
    </xbrli:unit>
    <xbrli:unit id="USDPShares">
      <xbrli:divide>
        <xbrli:unitNumerator>
          <xbrli:measure>iso4217:USD</xbrli:measure>
        </xbrli:unitNumerator>
        <xbrli:unitDenominator>
          <xbrli:measure>xbrli:shares</xbrli:measure>
        </xbrli:unitDenominator>
      </xbrli:divide>
    </xbrli:unit>
    <dei:EntityRegistrantName contextRef="From2012-07-01to2012-09-30">Specialty Contractors, Inc.</dei:EntityRegistrantName>
    <dei:DocumentType contextRef="From2012-07-01to2012-09-30">10-Q</dei:DocumentType>
    <dei:DocumentPeriodEndDate contextRef="From2012-07-01to2012-09-30">2012-09-30</dei:DocumentPeriodEndDate>
    <dei:AmendmentFlag contextRef="From2012-07-01to2012-09-30">false</dei:AmendmentFlag>
    <dei:CurrentFiscalYearEndDate contextRef="From2012-07-01to2012-09-30">--12-31</dei:CurrentFiscalYearEndDate>
    <dei:EntityWellKnownSeasonedIssuer contextRef="From2012-07-01to2012-09-30">No</dei:EntityWellKnownSeasonedIssuer>
    <dei:EntityVoluntaryFilers contextRef="From2012-07-01to2012-09-30">No</dei:EntityVoluntaryFilers>
    <dei:EntityCurrentReportingStatus contextRef="From2012-07-01to2012-09-30">Yes</dei:EntityCurrentReportingStatus>
    <dei:EntityFilerCategory contextRef="From2012-07-01to2012-09-30">Smaller Reporting Company</dei:EntityFilerCategory>
    <dei:DocumentFiscalPeriodFocus contextRef="From2012-07-01to2012-09-30">Q3</dei:DocumentFiscalPeriodFocus>
    <dei:DocumentFiscalYearFocus contextRef="From2012-07-01to2012-09-30">2012</dei:DocumentFiscalYearFocus>
    <dei:EntityPublicFloat contextRef="AsOf2012-11-15" unitRef="USD" decimals="0">6777834</dei:EntityPublicFloat>
    <dei:EntityCommonStockSharesOutstanding contextRef="AsOf2012-11-15" unitRef="Shares" decimals="INF">6777834</dei:EntityCommonStockSharesOutstanding>
    <dei:EntityCentralIndexKey contextRef="From2012-07-01to2012-09-30">0001489039</dei:EntityCentralIndexKey>
    <us-gaap:CashAndCashEquivalentsAtCarryingValue contextRef="AsOf2012-09-30" unitRef="USD" decimals="0">144893</us-gaap:CashAndCashEquivalentsAtCarryingValue>
    <us-gaap:CashAndCashEquivalentsAtCarryingValue contextRef="AsOf2011-12-31" unitRef="USD" decimals="0">153642</us-gaap:CashAndCashEquivalentsAtCarryingValue>
    <us-gaap:DeferredCostsCurrent contextRef="AsOf2012-09-30" unitRef="USD" decimals="0">1600</us-gaap:DeferredCostsCurrent>
    <us-gaap:DeferredCostsCurrent contextRef="AsOf2011-12-31" unitRef="USD" decimals="0">6400</us-gaap:DeferredCostsCurrent>
    <us-gaap:AssetsCurrent contextRef="AsOf2012-09-30" unitRef="USD" decimals="0">146493</us-gaap:AssetsCurrent>
    <us-gaap:AssetsCurrent contextRef="AsOf2011-12-31" unitRef="USD" decimals="0">160042</us-gaap:AssetsCurrent>
    <us-gaap:PropertyPlantAndEquipmentNet contextRef="AsOf2012-09-30" unitRef="USD" decimals="0">6453</us-gaap:PropertyPlantAndEquipmentNet>
    <us-gaap:PropertyPlantAndEquipmentNet contextRef="AsOf2011-12-31" unitRef="USD" decimals="0">7217</us-gaap:PropertyPlantAndEquipmentNet>
    <us-gaap:DeferredFinanceCostsCurrentNet contextRef="AsOf2012-09-30" unitRef="USD" decimals="0">2076</us-gaap:DeferredFinanceCostsCurrentNet>
    <us-gaap:DeferredFinanceCostsCurrentNet contextRef="AsOf2011-12-31" unitRef="USD" decimals="0">5202</us-gaap:DeferredFinanceCostsCurrentNet>
    <us-gaap:Assets contextRef="AsOf2012-09-30" unitRef="USD" decimals="0">155022</us-gaap:Assets>
    <us-gaap:Assets contextRef="AsOf2011-12-31" unitRef="USD" decimals="0">172461</us-gaap:Assets>
    <us-gaap:AccountsPayableCurrent contextRef="AsOf2012-09-30" unitRef="USD" decimals="0">5895</us-gaap:AccountsPayableCurrent>
    <us-gaap:AccountsPayableCurrent contextRef="AsOf2011-12-31" unitRef="USD" decimals="0">130</us-gaap:AccountsPayableCurrent>
    <us-gaap:AccruedLiabilitiesCurrent contextRef="AsOf2012-09-30" unitRef="USD" decimals="0">2990</us-gaap:AccruedLiabilitiesCurrent>
    <us-gaap:AccruedLiabilitiesCurrent contextRef="AsOf2011-12-31" unitRef="USD" decimals="0">2988</us-gaap:AccruedLiabilitiesCurrent>
    <us-gaap:DueToOfficersOrStockholdersCurrent contextRef="AsOf2012-09-30" unitRef="USD" decimals="0">2015</us-gaap:DueToOfficersOrStockholdersCurrent>
    <us-gaap:DueToOfficersOrStockholdersCurrent contextRef="AsOf2011-12-31" unitRef="USD" decimals="0">2915</us-gaap:DueToOfficersOrStockholdersCurrent>
    <us-gaap:LineOfCredit contextRef="AsOf2012-09-30" unitRef="USD" decimals="0">39396</us-gaap:LineOfCredit>
    <us-gaap:LineOfCredit contextRef="AsOf2011-12-31" unitRef="USD" decimals="0">38908</us-gaap:LineOfCredit>
    <us-gaap:LiabilitiesCurrent contextRef="AsOf2012-09-30" unitRef="USD" decimals="0">50296</us-gaap:LiabilitiesCurrent>
    <us-gaap:LiabilitiesCurrent contextRef="AsOf2011-12-31" unitRef="USD" decimals="0">44941</us-gaap:LiabilitiesCurrent>
    <us-gaap:Liabilities contextRef="AsOf2012-09-30" unitRef="USD" decimals="0">50296</us-gaap:Liabilities>
    <us-gaap:Liabilities contextRef="AsOf2011-12-31" unitRef="USD" decimals="0">44941</us-gaap:Liabilities>
    <us-gaap:PreferredStockValueOutstanding contextRef="AsOf2012-09-30" unitRef="USD" decimals="0">0</us-gaap:PreferredStockValueOutstanding>
    <us-gaap:PreferredStockValueOutstanding contextRef="AsOf2011-12-31" unitRef="USD" decimals="0">0</us-gaap:PreferredStockValueOutstanding>
    <us-gaap:CommonStockValueOutstanding contextRef="AsOf2012-09-30" unitRef="USD" decimals="0">6778</us-gaap:CommonStockValueOutstanding>
    <us-gaap:CommonStockValueOutstanding contextRef="AsOf2011-12-31" unitRef="USD" decimals="0">6778</us-gaap:CommonStockValueOutstanding>
    <us-gaap:AdditionalPaidInCapital contextRef="AsOf2012-09-30" unitRef="USD" decimals="0">310098</us-gaap:AdditionalPaidInCapital>
    <us-gaap:AdditionalPaidInCapital contextRef="AsOf2011-12-31" unitRef="USD" decimals="0">310098</us-gaap:AdditionalPaidInCapital>
    <us-gaap:RetainedEarningsAccumulatedDeficit contextRef="AsOf2012-09-30" unitRef="USD" decimals="0">-212150</us-gaap:RetainedEarningsAccumulatedDeficit>
    <us-gaap:RetainedEarningsAccumulatedDeficit contextRef="AsOf2011-12-31" unitRef="USD" decimals="0">-189356</us-gaap:RetainedEarningsAccumulatedDeficit>
    <us-gaap:StockholdersEquity contextRef="AsOf2012-09-30" unitRef="USD" decimals="0">104726</us-gaap:StockholdersEquity>
    <us-gaap:StockholdersEquity contextRef="AsOf2011-12-31" unitRef="USD" decimals="0">127500</us-gaap:StockholdersEquity>
    <us-gaap:LiabilitiesAndStockholdersEquity contextRef="AsOf2012-09-30" unitRef="USD" decimals="0">155022</us-gaap:LiabilitiesAndStockholdersEquity>
    <us-gaap:LiabilitiesAndStockholdersEquity contextRef="AsOf2011-12-31" unitRef="USD" decimals="0">172461</us-gaap:LiabilitiesAndStockholdersEquity>
    <us-gaap:Revenues contextRef="From2012-07-01to2012-09-30" unitRef="USD" decimals="0">9501</us-gaap:Revenues>
    <us-gaap:Revenues contextRef="From2011-07-01to2011-09-30" unitRef="USD" decimals="0">25898</us-gaap:Revenues>
    <us-gaap:CostOfGoodsAndServicesSold contextRef="From2012-07-01to2012-09-30" unitRef="USD" decimals="0">-5885</us-gaap:CostOfGoodsAndServicesSold>
    <us-gaap:CostOfGoodsAndServicesSold contextRef="From2011-07-01to2011-09-30" unitRef="USD" decimals="0">-14631</us-gaap:CostOfGoodsAndServicesSold>
    <us-gaap:GrossProfit contextRef="From2012-07-01to2012-09-30" unitRef="USD" decimals="0">3616</us-gaap:GrossProfit>
    <us-gaap:GrossProfit contextRef="From2011-07-01to2011-09-30" unitRef="USD" decimals="0">11267</us-gaap:GrossProfit>
    <us-gaap:GeneralAndAdministrativeExpense contextRef="From2012-07-01to2012-09-30" unitRef="USD" decimals="0">22055</us-gaap:GeneralAndAdministrativeExpense>
    <us-gaap:GeneralAndAdministrativeExpense contextRef="From2011-07-01to2011-09-30" unitRef="USD" decimals="0">23010</us-gaap:GeneralAndAdministrativeExpense>
    <us-gaap:OperatingExpenses contextRef="From2012-07-01to2012-09-30" unitRef="USD" decimals="0">25945</us-gaap:OperatingExpenses>
    <us-gaap:OperatingExpenses contextRef="From2011-07-01to2011-09-30" unitRef="USD" decimals="0">26899</us-gaap:OperatingExpenses>
    <us-gaap:OperatingIncomeLoss contextRef="From2012-07-01to2012-09-30" unitRef="USD" decimals="0">-22329</us-gaap:OperatingIncomeLoss>
    <us-gaap:OperatingIncomeLoss contextRef="From2011-07-01to2011-09-30" unitRef="USD" decimals="0">-15632</us-gaap:OperatingIncomeLoss>
    <us-gaap:NonoperatingIncomeExpense contextRef="From2012-07-01to2012-09-30" unitRef="USD" decimals="0">-442</us-gaap:NonoperatingIncomeExpense>
    <us-gaap:NonoperatingIncomeExpense contextRef="From2011-07-01to2011-09-30" unitRef="USD" decimals="0">-2412</us-gaap:NonoperatingIncomeExpense>
    <us-gaap:NetIncomeLoss contextRef="From2012-07-01to2012-09-30" unitRef="USD" decimals="0">22794</us-gaap:NetIncomeLoss>
    <us-gaap:NetIncomeLoss contextRef="From2011-07-01to2011-09-30" unitRef="USD" decimals="0">16653</us-gaap:NetIncomeLoss>
    <us-gaap:EarningsPerShareBasicAndDiluted contextRef="From2012-07-01to2012-09-30" unitRef="USDPShares" decimals="INF">0.00</us-gaap:EarningsPerShareBasicAndDiluted>
    <us-gaap:EarningsPerShareBasicAndDiluted contextRef="From2011-07-01to2011-09-30" unitRef="USDPShares" decimals="INF">0.00</us-gaap:EarningsPerShareBasicAndDiluted>
    <us-gaap:WeightedAverageNumberOfSharesOutstandingBasic contextRef="From2012-07-01to2012-09-30" unitRef="Shares" decimals="INF">6777834</us-gaap:WeightedAverageNumberOfSharesOutstandingBasic>
    <us-gaap:WeightedAverageNumberOfSharesOutstandingBasic contextRef="From2011-07-01to2011-09-30" unitRef="Shares" decimals="INF">6450000</us-gaap:WeightedAverageNumberOfSharesOutstandingBasic>
    <us-gaap:DepreciationAndAmortization contextRef="From2012-07-01to2012-09-30" unitRef="USD" decimals="0">3890</us-gaap:DepreciationAndAmortization>
    <us-gaap:DepreciationAndAmortization contextRef="From2011-07-01to2011-09-30" unitRef="USD" decimals="0">3889</us-gaap:DepreciationAndAmortization>
    <us-gaap:IncreaseDecreaseInPrepaidExpense contextRef="From2012-07-01to2012-09-30" unitRef="USD" decimals="0">4800</us-gaap:IncreaseDecreaseInPrepaidExpense>
    <us-gaap:IncreaseDecreaseInPrepaidExpense contextRef="From2011-07-01to2011-09-30" unitRef="USD" decimals="0">0</us-gaap:IncreaseDecreaseInPrepaidExpense>
    <us-gaap:IncreaseDecreaseInAccountsPayable contextRef="From2012-07-01to2012-09-30" unitRef="USD" decimals="0">2860</us-gaap:IncreaseDecreaseInAccountsPayable>
    <us-gaap:IncreaseDecreaseInAccountsPayable contextRef="From2011-07-01to2011-09-30" unitRef="USD" decimals="0">0</us-gaap:IncreaseDecreaseInAccountsPayable>
    <us-gaap:IncreaseDecreaseInAccruedLiabilities contextRef="From2012-07-01to2012-09-30" unitRef="USD" decimals="0">3395</us-gaap:IncreaseDecreaseInAccruedLiabilities>
    <us-gaap:IncreaseDecreaseInAccruedLiabilities contextRef="From2011-07-01to2011-09-30" unitRef="USD" decimals="0">574</us-gaap:IncreaseDecreaseInAccruedLiabilities>
    <us-gaap:NetCashProvidedByUsedInOperatingActivities contextRef="From2012-07-01to2012-09-30" unitRef="USD" decimals="0">7849</us-gaap:NetCashProvidedByUsedInOperatingActivities>
    <us-gaap:NetCashProvidedByUsedInOperatingActivities contextRef="From2011-07-01to2011-09-30" unitRef="USD" decimals="0">12190</us-gaap:NetCashProvidedByUsedInOperatingActivities>
    <us-gaap:ProceedsFromRepaymentsOfLinesOfCredit contextRef="From2012-07-01to2012-09-30" unitRef="USD" decimals="0">0</us-gaap:ProceedsFromRepaymentsOfLinesOfCredit>
    <us-gaap:ProceedsFromRepaymentsOfLinesOfCredit contextRef="From2011-07-01to2011-09-30" unitRef="USD" decimals="0">12190</us-gaap:ProceedsFromRepaymentsOfLinesOfCredit>
    <us-gaap:RepaymentsOfRelatedPartyDebt contextRef="From2012-07-01to2012-09-30" unitRef="USD" decimals="0">900</us-gaap:RepaymentsOfRelatedPartyDebt>
    <us-gaap:RepaymentsOfRelatedPartyDebt contextRef="From2011-07-01to2011-09-30" unitRef="USD" decimals="0">0</us-gaap:RepaymentsOfRelatedPartyDebt>
    <us-gaap:NetCashProvidedByUsedInFinancingActivities contextRef="From2012-07-01to2012-09-30" unitRef="USD" decimals="0">-900</us-gaap:NetCashProvidedByUsedInFinancingActivities>
    <us-gaap:NetCashProvidedByUsedInFinancingActivities contextRef="From2011-07-01to2011-09-30" unitRef="USD" decimals="0">12190</us-gaap:NetCashProvidedByUsedInFinancingActivities>
    <us-gaap:CashAndCashEquivalentsPeriodIncreaseDecrease contextRef="From2012-07-01to2012-09-30" unitRef="USD" decimals="0">-8749</us-gaap:CashAndCashEquivalentsPeriodIncreaseDecrease>
    <us-gaap:CashAndCashEquivalentsPeriodIncreaseDecrease contextRef="From2011-07-01to2011-09-30" unitRef="USD" decimals="0">0</us-gaap:CashAndCashEquivalentsPeriodIncreaseDecrease>
    <us-gaap:InterestPaid contextRef="From2012-07-01to2012-09-30" unitRef="USD" decimals="0">1021</us-gaap:InterestPaid>
    <us-gaap:InterestPaid contextRef="From2011-07-01to2011-09-30" unitRef="USD" decimals="0">0</us-gaap:InterestPaid>
    <us-gaap:IncomeTaxesPaid contextRef="From2012-07-01to2012-09-30" unitRef="USD" decimals="0">0</us-gaap:IncomeTaxesPaid>
    <us-gaap:IncomeTaxesPaid contextRef="From2011-07-01to2011-09-30" unitRef="USD" decimals="0">0</us-gaap:IncomeTaxesPaid>
    <us-gaap:NatureOfOperations contextRef="From2012-07-01to2012-09-30">&lt;p style="font: 10pt Times New Roman, Times, Serif; margin: 0"&gt;&lt;b&gt;&lt;u&gt;NOTE 1 &amp;#150; NATURE OF ACTIVITIES AND SIGNIFICANT ACCOUNTING&#13;POLICIES&lt;/u&gt;&lt;/b&gt;&lt;/p&gt;&#13;&#13;&lt;p style="font: 10pt Times New Roman, Times, Serif; margin: 0"&gt;&amp;#160;&lt;/p&gt;&#13;&#13;&lt;p style="font: 10pt Times New Roman, Times, Serif; margin: 0"&gt;&lt;u&gt;Nature of Activities, History and Organization:&lt;/u&gt;&lt;/p&gt;&#13;&#13;&lt;p style="font: 10pt Times New Roman, Times, Serif; margin: 0"&gt;&amp;#160;&lt;/p&gt;&#13;&#13;&lt;p style="font: 10pt Times New Roman, Times, Serif; margin: 0; text-align: justify"&gt;SPECIALTY CONTRACTORS, Inc. (&amp;#147;SPECIALTY&amp;#148;,&#13;the &amp;#147;Company&amp;#148;) was incorporated under the laws of the State of Nevada on November 18, 2009.&amp;#160;&amp;#160;The Company&#13;operates as a contractor and performing specialty construction projects primarily in the State of Texas.&lt;/p&gt;&#13;&#13;&lt;p style="font: 10pt Times New Roman, Times, Serif; margin: 0; text-align: justify"&gt;&amp;#160;&lt;/p&gt;&#13;&#13;&lt;p style="font: 10pt Times New Roman, Times, Serif; margin: 0; text-align: justify"&gt;The Company operates on a calendar year-end.&amp;#160;&amp;#160;&amp;#160;The&#13;Company operates in only one business segment.&lt;/p&gt;&#13;&#13;&lt;p style="font: 10pt Times New Roman, Times, Serif; margin: 0; text-align: justify"&gt;&amp;#160;&lt;/p&gt;&#13;&#13;&lt;p style="font: 10pt Times New Roman, Times, Serif; margin: 0; text-align: justify"&gt;&lt;u&gt;Basis of Accounting and Consolidation:&lt;/u&gt;&lt;/p&gt;&#13;&#13;&lt;p style="font: 10pt Times New Roman, Times, Serif; margin: 0; text-align: justify"&gt;&amp;#160;&lt;/p&gt;&#13;&#13;&lt;p style="font: 10pt Times New Roman, Times, Serif; margin: 0; text-align: justify"&gt;The Company prepares its financial statements&#13;on the accrual basis of accounting.&amp;#160;&amp;#160;It has one subsidiary, Texas Deco Pierre, LLC. All intercompany balances and transactions&#13;are eliminated.&amp;#160;&amp;#160;Investments in subsidiaries are reported using the consolidation&amp;#160;method.&lt;/p&gt;&#13;&#13;&lt;p style="font: 10pt Times New Roman, Times, Serif; margin: 0; text-align: justify"&gt;&amp;#160;&lt;/p&gt;&#13;&#13;&lt;p style="font: 10pt Times New Roman, Times, Serif; margin: 0; text-align: justify"&gt;&lt;font style="color: black"&gt;The accompanying&#13;unaudited interim consolidated financial statements have been prepared in accordance with accounting principles generally accepted&#13;in the United States and applicable Securities and Exchange Commission (&amp;#147;SEC&amp;#148;) regulations for interim financial information.&#13;These consolidated financial statements are unaudited and, in the opinion of management, include all adjustments (consisting of&#13;normal recurring accruals) necessary to make the consolidated financial statements not misleading, and to present fairly the balance&#13;sheets, statements of operations and statements of cash flows for the periods presented in accordance with accounting principles&#13;generally accepted in the United States. Certain information and footnote disclosures normally included in financial statements&#13;prepared in accordance with accounting principles generally accepted in the United States have been condensed or omitted pursuant&#13;to SEC rules and regulations. It is presumed that users of this interim consolidated financial information have read or have access&#13;to the audited consolidated financial statements and footnote disclosure for the preceding fiscal year. Operating results for the&#13;interim periods presented are not necessarily indicative of the results that may be expected for the year ending December 31, 2012.&#13;&lt;/font&gt;Notes to the consolidated financial statements which would substantially duplicate the disclosure contained in the audited&#13;consolidated financial statements for the most recent fiscal year ended December 31, 2011 as reported in form 10-K have been omitted.&lt;/p&gt;&#13;&#13;&lt;p style="font: 10pt Times New Roman, Times, Serif; margin: 0; text-align: justify"&gt;&amp;#160;&lt;/p&gt;&#13;&#13;&lt;p style="font: 10pt Times New Roman, Times, Serif; margin: 0; text-align: justify"&gt;&lt;u&gt;Reclassifications&lt;/u&gt;&lt;/p&gt;&#13;&#13;&lt;p style="font: 10pt Times New Roman, Times, Serif; margin: 0"&gt;&amp;#160;&lt;/p&gt;&#13;&#13;&lt;p style="font: 10pt Times New Roman, Times, Serif; margin: 0; text-align: justify"&gt;For comparability, certain prior period amounts&#13;have been reclassified, where appropriate, to conform to the financial statement presentation used in 2012. These reclassifications&#13;have no effect on net loss.&lt;/p&gt;&#13;&#13;&lt;p style="font: 10pt Times New Roman, Times, Serif; margin: 0; text-align: justify"&gt;&amp;#160;&lt;/p&gt;&#13;&#13;&lt;p style="font: 10pt Times New Roman, Times, Serif; margin: 0"&gt;&lt;u&gt;Recently Issued Accounting Pronouncements:&lt;/u&gt;&lt;/p&gt;&#13;&#13;&lt;p style="font: 10pt Times New Roman, Times, Serif; margin: 0"&gt;&amp;#160;&lt;/p&gt;&#13;&#13;&lt;p style="margin: 0"&gt;The Company does not expect the adoption of recently issued accounting pronouncements to have a significant&#13;impact on the Company&amp;#146;s results of operations, financial position or cash flow.&lt;/p&gt;&#13;&#13;&#13;.</us-gaap:NatureOfOperations>
    <us-gaap:ScheduleOfLineOfCreditFacilitiesTextBlock contextRef="From2012-07-01to2012-09-30">&lt;p style="font: 10pt Times New Roman, Times, Serif; margin: 0"&gt;&lt;b&gt;&lt;u&gt;NOTE 2 &amp;#150; LINE OF CREDIT&lt;/u&gt;&lt;/b&gt;&lt;/p&gt;&#13;&#13;&lt;p style="font: 10pt Times New Roman, Times, Serif; margin: 0; text-align: justify"&gt;&amp;#160;&lt;/p&gt;&#13;&#13;&lt;p style="font: 10pt Times New Roman, Times, Serif; margin: 0; text-align: justify"&gt;The Company has a line of credit (&amp;#147;LOC&amp;#148;)&#13;with GCG Ventures.&amp;#160;&amp;#160;The LOC has a $100,000 credit limit, and bears an interest rate of 5% per annum, due May 31, 2012.&amp;#160;&amp;#160;As&#13;of March 31, 2012, the amount outstanding under this line of credit was $39,396.&lt;/p&gt;&#13;&#13;&lt;p style="font: 10pt Times New Roman, Times, Serif; margin: 0"&gt;&amp;#160;&lt;/p&gt;&#13;&#13;&lt;p style="font: 10pt Times New Roman, Times, Serif; margin: 0"&gt;The Company has pledged 100% of the receivables owned by Specialty&#13;Contractors, Inc. or its affiliates as collateral against this line of credit.&amp;#160;&amp;#160;The line of credit has no financial covenants.&lt;/p&gt;&#13;&#13;&#13;.</us-gaap:ScheduleOfLineOfCreditFacilitiesTextBlock>
    <us-gaap:InterestExpense contextRef="From2012-07-01to2012-09-30" unitRef="USD" decimals="0">-465</us-gaap:InterestExpense>
    <us-gaap:InterestExpense contextRef="From2011-07-01to2011-09-30" unitRef="USD" decimals="0">-1021</us-gaap:InterestExpense>
    <us-gaap:RelatedPartyTransactionsDisclosureTextBlock contextRef="From2012-07-01to2012-09-30">.&lt;p style="font: 10pt Times New Roman, Times, Serif; margin: 0"&gt;&lt;b&gt;&lt;u&gt;NOTE 3 &amp;#150; RELATED PARTY TRANSACTIONS&lt;/u&gt;&lt;/b&gt;&lt;/p&gt;&#13;&#13;&lt;p style="font: 10pt Times New Roman, Times, Serif; margin: 0"&gt;&amp;#160;&lt;/p&gt;&#13;&#13;&lt;p style="font: 10pt Times New Roman, Times, Serif; margin: 0"&gt;The Company paid the President $1,918 and $1,600 for services and&#13;commissions in the quarters ended March 31, 2012 and 2011, respectively.&lt;/p&gt;&#13;&#13;&lt;p style="font: 10pt Times New Roman, Times, Serif; margin: 0"&gt;&amp;#160;&lt;/p&gt;&#13;&#13;&lt;p style="font: 10pt Times New Roman, Times, Serif; margin: 0"&gt;The Company paid the President&amp;#146;s wife $0 and $800 for commissions&#13;in the quarters ended March 31, 2012 and 2011, respectively.&lt;/p&gt;</us-gaap:RelatedPartyTransactionsDisclosureTextBlock>
    <us-gaap:MajorCustomersPolicyPolicyTextBlock contextRef="From2012-07-01to2012-09-30">&lt;p style="font: 10pt Times New Roman, Times, Serif; margin: 0"&gt;&lt;b&gt;&lt;u&gt;NOTE 4 &amp;#150; MAJOR CUSTOMERS&lt;/u&gt;&lt;/b&gt;&lt;/p&gt;&#13;&#13;&lt;p style="font: 10pt Times New Roman, Times, Serif; margin: 0"&gt;&amp;#160;&lt;/p&gt;&#13;&#13;&lt;p style="font: 10pt Times New Roman, Times, Serif; margin: 0"&gt;The Company performed work for the following customers that accounted&#13;for more than 10% of its revenues in 2012:&lt;/p&gt;&#13;&#13;&lt;p style="font: 10pt Times New Roman, Times, Serif; margin: 0"&gt;&amp;#160;&lt;/p&gt;&#13;&#13;&lt;table cellspacing="0" cellpadding="0" style="width: 100%; font: 10pt Times New Roman, Times, Serif; border-collapse: collapse"&gt;&#13;&lt;tr style="vertical-align: bottom"&gt;&#13;    &lt;td style="padding-bottom: 1.5pt"&gt;&amp;#160;&lt;/td&gt;&#13;    &lt;td style="padding-bottom: 1.5pt"&gt;&amp;#160;&lt;/td&gt;&#13;    &lt;td colspan="2" style="border-bottom: black 1pt solid; padding-bottom: 1.5pt; text-align: center"&gt;$ Revenue&lt;/td&gt;&#13;    &lt;td style="padding-bottom: 1.5pt"&gt;&amp;#160;&lt;/td&gt;&#13;    &lt;td style="padding-bottom: 1.5pt"&gt;&amp;#160;&lt;/td&gt;&#13;    &lt;td colspan="2" style="border-bottom: black 1pt solid"&gt;&#13;        &lt;p style="font: 10pt Times New Roman, Times, Serif; margin: 0; text-align: center"&gt;Percent&lt;/p&gt;&#13;        &lt;p style="font: 10pt Times New Roman, Times, Serif; margin: 0; text-align: center"&gt;of revenue&lt;/p&gt;&lt;/td&gt;&#13;    &lt;td style="padding-bottom: 1.5pt"&gt;&amp;#160;&lt;/td&gt;&lt;/tr&gt;&#13;&lt;tr style="vertical-align: bottom"&gt;&#13;    &lt;td&gt;&amp;#160;&lt;/td&gt;&#13;    &lt;td&gt;&amp;#160;&lt;/td&gt;&#13;    &lt;td colspan="2"&gt;&amp;#160;&lt;/td&gt;&#13;    &lt;td&gt;&amp;#160;&lt;/td&gt;&#13;    &lt;td&gt;&amp;#160;&lt;/td&gt;&#13;    &lt;td colspan="2"&gt;&amp;#160;&lt;/td&gt;&#13;    &lt;td&gt;&amp;#160;&lt;/td&gt;&lt;/tr&gt;&#13;&lt;tr style="vertical-align: bottom"&gt;&#13;    &lt;td style="width: 78%"&gt;Customer A&lt;/td&gt;&#13;    &lt;td style="width: 1%"&gt;&amp;#160;&lt;/td&gt;&#13;    &lt;td style="width: 1%"&gt;$&lt;/td&gt;&#13;    &lt;td style="width: 9%; text-align: right"&gt;3,900&lt;/td&gt;&#13;    &lt;td style="width: 1%"&gt;&amp;#160;&lt;/td&gt;&#13;    &lt;td style="width: 1%"&gt;&amp;#160;&lt;/td&gt;&#13;    &lt;td style="width: 1%"&gt;&amp;#160;&lt;/td&gt;&#13;    &lt;td style="width: 7%; text-align: right"&gt;41&lt;/td&gt;&#13;    &lt;td style="width: 1%"&gt;%&lt;/td&gt;&lt;/tr&gt;&#13;&lt;tr style="vertical-align: bottom"&gt;&#13;    &lt;td&gt;Customer B&lt;/td&gt;&#13;    &lt;td&gt;&amp;#160;&lt;/td&gt;&#13;    &lt;td&gt;$&lt;/td&gt;&#13;    &lt;td style="text-align: right"&gt;3,381&lt;/td&gt;&#13;    &lt;td&gt;&amp;#160;&lt;/td&gt;&#13;    &lt;td&gt;&amp;#160;&lt;/td&gt;&#13;    &lt;td&gt;&amp;#160;&lt;/td&gt;&#13;    &lt;td style="text-align: right"&gt;36&lt;/td&gt;&#13;    &lt;td&gt;%&lt;/td&gt;&lt;/tr&gt;&#13;&lt;tr style="vertical-align: bottom"&gt;&#13;    &lt;td&gt;Customer C&lt;/td&gt;&#13;    &lt;td&gt;&amp;#160;&lt;/td&gt;&#13;    &lt;td&gt;$&lt;/td&gt;&#13;    &lt;td style="text-align: right"&gt;2,220&lt;/td&gt;&#13;    &lt;td&gt;&amp;#160;&lt;/td&gt;&#13;    &lt;td&gt;&amp;#160;&lt;/td&gt;&#13;    &lt;td&gt;&amp;#160;&lt;/td&gt;&#13;    &lt;td style="text-align: right"&gt;23&lt;/td&gt;&#13;    &lt;td&gt;%&lt;/td&gt;&lt;/tr&gt;&#13;&lt;tr style="vertical-align: bottom"&gt;&#13;    &lt;td&gt;&amp;#160;&lt;/td&gt;&#13;    &lt;td&gt;&amp;#160;&lt;/td&gt;&#13;    &lt;td&gt;&amp;#160;&lt;/td&gt;&#13;    &lt;td style="text-align: right"&gt;&amp;#160;&lt;/td&gt;&#13;    &lt;td&gt;&amp;#160;&lt;/td&gt;&#13;    &lt;td&gt;&amp;#160;&lt;/td&gt;&#13;    &lt;td&gt;&amp;#160;&lt;/td&gt;&#13;    &lt;td style="text-align: right"&gt;&amp;#160;&lt;/td&gt;&#13;    &lt;td&gt;&amp;#160;&lt;/td&gt;&lt;/tr&gt;&#13;&lt;/table&gt;&#13;&#13;.</us-gaap:MajorCustomersPolicyPolicyTextBlock>
    <us-gaap:CommonStockSharesAuthorized contextRef="AsOf2012-09-30" unitRef="Shares" decimals="INF">50000000</us-gaap:CommonStockSharesAuthorized>
    <us-gaap:CommonStockSharesAuthorized contextRef="AsOf2011-12-31" unitRef="Shares" decimals="INF">50000000</us-gaap:CommonStockSharesAuthorized>
    <us-gaap:CommonStockSharesIssued contextRef="AsOf2012-09-30" unitRef="Shares" decimals="INF">6777834</us-gaap:CommonStockSharesIssued>
    <us-gaap:CommonStockSharesIssued contextRef="AsOf2011-12-31" unitRef="Shares" decimals="INF">6450000</us-gaap:CommonStockSharesIssued>
    <us-gaap:CommonStockSharesOutstanding contextRef="AsOf2012-09-30" unitRef="Shares" decimals="INF">6777834</us-gaap:CommonStockSharesOutstanding>
    <us-gaap:CommonStockSharesOutstanding contextRef="AsOf2011-12-31" unitRef="Shares" decimals="INF">6450000</us-gaap:CommonStockSharesOutstanding>
    <us-gaap:PreferredStockSharesAuthorized contextRef="AsOf2012-09-30" unitRef="Shares" decimals="INF">20000000</us-gaap:PreferredStockSharesAuthorized>
    <us-gaap:PreferredStockSharesAuthorized contextRef="AsOf2011-12-31" unitRef="Shares" decimals="INF">20000000</us-gaap:PreferredStockSharesAuthorized>
    <us-gaap:PreferredStockSharesIssued contextRef="AsOf2012-09-30" unitRef="Shares" decimals="INF">0</us-gaap:PreferredStockSharesIssued>
    <us-gaap:PreferredStockSharesIssued contextRef="AsOf2011-12-31" unitRef="Shares" decimals="INF">0</us-gaap:PreferredStockSharesIssued>
    <us-gaap:PreferredStockSharesOutstanding contextRef="AsOf2012-09-30" unitRef="Shares" decimals="INF">0</us-gaap:PreferredStockSharesOutstanding>
    <us-gaap:PreferredStockSharesOutstanding contextRef="AsOf2011-12-31" unitRef="Shares" decimals="INF">0</us-gaap:PreferredStockSharesOutstanding>
    <us-gaap:CommonStockParOrStatedValuePerShare contextRef="AsOf2012-09-30" unitRef="USDPShares" decimals="INF">0.001</us-gaap:CommonStockParOrStatedValuePerShare>
    <us-gaap:CommonStockParOrStatedValuePerShare contextRef="AsOf2011-12-31" unitRef="USDPShares" decimals="INF">0.001</us-gaap:CommonStockParOrStatedValuePerShare>
    <us-gaap:PreferredStockParOrStatedValuePerShare contextRef="AsOf2012-09-30" unitRef="USDPShares" decimals="INF">0.001</us-gaap:PreferredStockParOrStatedValuePerShare>
    <us-gaap:PreferredStockParOrStatedValuePerShare contextRef="AsOf2011-12-31" unitRef="USDPShares" decimals="INF">0.001</us-gaap:PreferredStockParOrStatedValuePerShare>
</xbrli:xbrl>
