<?xml version="1.0" encoding="US-ASCII" standalone="no"?>
    <!-- Field: Doc-Info; Name: Generator; Value: GoFiler Complete; Version: 3.3e -->
    <!-- Field: Doc-Info; Name: VendorURI; Value: http://www.novaworks.co -->
    <!-- Field: Doc-Info; Name: Source; Value: SPCI %2D Q3 2012 XBRL.xfr; Date: 2012/11/19T17:56:01 -->
    <!-- Field: Doc-Info; Name: Status; Value: 0x00000000 -->
<link:linkbase xmlns:xsi="http://www.w3.org/2001/XMLSchema-instance" xmlns:xlink="http://www.w3.org/1999/xlink" xmlns:link="http://www.xbrl.org/2003/linkbase" xmlns:xbrldt="http://xbrl.org/2005/xbrldt" xmlns:xbrli="http://www.xbrl.org/2003/instance" xsi:schemaLocation="http://www.xbrl.org/2003/linkbase http://www.xbrl.org/2003/xbrl-linkbase-2003-12-31.xsd">
    <link:roleRef roleURI="http://thespecialtycontractors.com/role/DocumentAndEntityInformation" xlink:href="spci-20120331.xsd#DocumentAndEntityInformation" xlink:type="simple" />
    <link:roleRef roleURI="http://thespecialtycontractors.com/role/ConsolidatedBalanceSheets" xlink:href="spci-20120331.xsd#ConsolidatedBalanceSheets" xlink:type="simple" />
    <link:roleRef roleURI="http://thespecialtycontractors.com/role/ConsolidatedBalanceSheetsParenthetical" xlink:href="spci-20120331.xsd#ConsolidatedBalanceSheetsParenthetical" xlink:type="simple" />
    <link:roleRef roleURI="http://thespecialtycontractors.com/role/ConsolidatedStatementsOfOperations" xlink:href="spci-20120331.xsd#ConsolidatedStatementsOfOperations" xlink:type="simple" />
    <link:roleRef roleURI="http://thespecialtycontractors.com/role/ConsolidatedStatementsOfCashFlows" xlink:href="spci-20120331.xsd#ConsolidatedStatementsOfCashFlows" xlink:type="simple" />
    <link:roleRef roleURI="http://thespecialtycontractors.com/role/NatureOfActivitiesAndSignificantAccountingPolicies" xlink:href="spci-20120331.xsd#NatureOfActivitiesAndSignificantAccountingPolicies" xlink:type="simple" />
    <link:roleRef roleURI="http://thespecialtycontractors.com/role/LineOfCredit" xlink:href="spci-20120331.xsd#LineOfCredit" xlink:type="simple" />
    <link:roleRef roleURI="http://thespecialtycontractors.com/role/RelatedPartyTransactions" xlink:href="spci-20120331.xsd#RelatedPartyTransactions" xlink:type="simple" />
    <link:roleRef roleURI="http://thespecialtycontractors.com/role/MajorCustomers" xlink:href="spci-20120331.xsd#MajorCustomers" xlink:type="simple" />
    <link:arcroleRef xlink:type="simple" xlink:href="http://www.xbrl.org/2005/xbrldt-2005.xsd#hypercube-dimension" arcroleURI="http://xbrl.org/int/dim/arcrole/hypercube-dimension" />
    <link:arcroleRef xlink:type="simple" xlink:href="http://www.xbrl.org/2005/xbrldt-2005.xsd#dimension-domain" arcroleURI="http://xbrl.org/int/dim/arcrole/dimension-domain" />
    <link:arcroleRef xlink:type="simple" xlink:href="http://www.xbrl.org/2005/xbrldt-2005.xsd#domain-member" arcroleURI="http://xbrl.org/int/dim/arcrole/domain-member" />
    <link:arcroleRef xlink:type="simple" xlink:href="http://www.xbrl.org/2005/xbrldt-2005.xsd#all" arcroleURI="http://xbrl.org/int/dim/arcrole/all" />
    <link:arcroleRef xlink:type="simple" xlink:href="http://www.xbrl.org/2005/xbrldt-2005.xsd#notAll" arcroleURI="http://xbrl.org/int/dim/arcrole/notAll" />
    <link:arcroleRef xlink:type="simple" xlink:href="http://www.xbrl.org/2005/xbrldt-2005.xsd#dimension-default" arcroleURI="http://xbrl.org/int/dim/arcrole/dimension-default" />
    <link:definitionLink xlink:type="extended" xlink:role="http://thespecialtycontractors.com/role/DocumentAndEntityInformation" xlink:title="0001 - Document - Document and Entity Information" />
    <link:definitionLink xlink:type="extended" xlink:role="http://thespecialtycontractors.com/role/ConsolidatedBalanceSheets" xlink:title="0002 - Statement - Consolidated Balance Sheets" />
    <link:definitionLink xlink:type="extended" xlink:role="http://thespecialtycontractors.com/role/ConsolidatedBalanceSheetsParenthetical" xlink:title="0003 - Statement - Consolidated Balance Sheets (Parenthetical)" />
    <link:definitionLink xlink:type="extended" xlink:role="http://thespecialtycontractors.com/role/ConsolidatedStatementsOfOperations" xlink:title="0004 - Statement - Consolidated Statements of Operations" />
    <link:definitionLink xlink:type="extended" xlink:role="http://thespecialtycontractors.com/role/ConsolidatedStatementsOfCashFlows" xlink:title="0005 - Statement - Consolidated Statements of Cash Flows" />
    <link:definitionLink xlink:type="extended" xlink:role="http://thespecialtycontractors.com/role/NatureOfActivitiesAndSignificantAccountingPolicies" xlink:title="0006 - Disclosure - Nature of Activities and Significant Accounting Policies" />
    <link:definitionLink xlink:type="extended" xlink:role="http://thespecialtycontractors.com/role/LineOfCredit" xlink:title="0007 - Disclosure - Line of Credit" />
    <link:definitionLink xlink:type="extended" xlink:role="http://thespecialtycontractors.com/role/RelatedPartyTransactions" xlink:title="0008 - Disclosure - Related Party Transactions" />
    <link:definitionLink xlink:type="extended" xlink:role="http://thespecialtycontractors.com/role/MajorCustomers" xlink:title="0009 - Disclosure - Major Customers" />
</link:linkbase>
