<?xml version="1.0" encoding="US-ASCII" standalone="no"?>
    <!-- Field: Doc-Info; Name: Generator; Value: GoFiler Complete; Version: 3.3e -->
    <!-- Field: Doc-Info; Name: VendorURI; Value: http://www.novaworks.co -->
    <!-- Field: Doc-Info; Name: Source; Value: SPCI %2D Q3 2012 XBRL.xfr; Date: 2012/11/19T17:56:01 -->
    <!-- Field: Doc-Info; Name: Status; Value: 0x00000000 -->
<link:linkbase xmlns:xsi="http://www.w3.org/2001/XMLSchema-instance" xmlns:xlink="http://www.w3.org/1999/xlink" xmlns:link="http://www.xbrl.org/2003/linkbase" xmlns:xbrli="http://www.xbrl.org/2003/instance" xsi:schemaLocation="http://www.xbrl.org/2003/linkbase http://www.xbrl.org/2003/xbrl-linkbase-2003-12-31.xsd">
    <link:roleRef roleURI="http://thespecialtycontractors.com/role/DocumentAndEntityInformation" xlink:href="spci-20120331.xsd#DocumentAndEntityInformation" xlink:type="simple" />
    <link:roleRef roleURI="http://thespecialtycontractors.com/role/ConsolidatedBalanceSheets" xlink:href="spci-20120331.xsd#ConsolidatedBalanceSheets" xlink:type="simple" />
    <link:roleRef roleURI="http://thespecialtycontractors.com/role/ConsolidatedBalanceSheetsParenthetical" xlink:href="spci-20120331.xsd#ConsolidatedBalanceSheetsParenthetical" xlink:type="simple" />
    <link:roleRef roleURI="http://thespecialtycontractors.com/role/ConsolidatedStatementsOfOperations" xlink:href="spci-20120331.xsd#ConsolidatedStatementsOfOperations" xlink:type="simple" />
    <link:roleRef roleURI="http://thespecialtycontractors.com/role/ConsolidatedStatementsOfCashFlows" xlink:href="spci-20120331.xsd#ConsolidatedStatementsOfCashFlows" xlink:type="simple" />
    <link:roleRef roleURI="http://thespecialtycontractors.com/role/NatureOfActivitiesAndSignificantAccountingPolicies" xlink:href="spci-20120331.xsd#NatureOfActivitiesAndSignificantAccountingPolicies" xlink:type="simple" />
    <link:roleRef roleURI="http://thespecialtycontractors.com/role/LineOfCredit" xlink:href="spci-20120331.xsd#LineOfCredit" xlink:type="simple" />
    <link:roleRef roleURI="http://thespecialtycontractors.com/role/RelatedPartyTransactions" xlink:href="spci-20120331.xsd#RelatedPartyTransactions" xlink:type="simple" />
    <link:roleRef roleURI="http://thespecialtycontractors.com/role/MajorCustomers" xlink:href="spci-20120331.xsd#MajorCustomers" xlink:type="simple" />
    <link:presentationLink xlink:type="extended" xlink:role="http://thespecialtycontractors.com/role/DocumentAndEntityInformation" xlink:title="0001 - Document - Document and Entity Information">
      <link:loc xlink:type="locator" xlink:href="spci-20120331.xsd#SPCI_DocumentAndEntityInformationAbstract" xlink:label="loc_SPCIDocumentAndEntityInformationAbstract" />
      <link:loc xlink:type="locator" xlink:href="http://xbrl.sec.gov/dei/2012/dei-2012-01-31.xsd#dei_EntityRegistrantName" xlink:label="loc_SPCIEntityRegistrantName" />
      <link:presentationArc order="0" xlink:arcrole="http://www.xbrl.org/2003/arcrole/parent-child" xlink:from="loc_SPCIDocumentAndEntityInformationAbstract" xlink:to="loc_SPCIEntityRegistrantName" xlink:type="arc" />
      <link:loc xlink:type="locator" xlink:href="http://xbrl.sec.gov/dei/2012/dei-2012-01-31.xsd#dei_EntityCentralIndexKey" xlink:label="loc_SPCIEntityCentralIndexKey" />
      <link:presentationArc order="10" xlink:arcrole="http://www.xbrl.org/2003/arcrole/parent-child" xlink:from="loc_SPCIDocumentAndEntityInformationAbstract" xlink:to="loc_SPCIEntityCentralIndexKey" xlink:type="arc" />
      <link:loc xlink:type="locator" xlink:href="http://xbrl.sec.gov/dei/2012/dei-2012-01-31.xsd#dei_DocumentType" xlink:label="loc_SPCIDocumentType" />
      <link:presentationArc order="20" xlink:arcrole="http://www.xbrl.org/2003/arcrole/parent-child" xlink:from="loc_SPCIDocumentAndEntityInformationAbstract" xlink:to="loc_SPCIDocumentType" xlink:type="arc" />
      <link:loc xlink:type="locator" xlink:href="http://xbrl.sec.gov/dei/2012/dei-2012-01-31.xsd#dei_DocumentPeriodEndDate" xlink:label="loc_SPCIDocumentPeriodEndDate" />
      <link:presentationArc order="30" xlink:arcrole="http://www.xbrl.org/2003/arcrole/parent-child" xlink:from="loc_SPCIDocumentAndEntityInformationAbstract" xlink:to="loc_SPCIDocumentPeriodEndDate" xlink:type="arc" />
      <link:loc xlink:type="locator" xlink:href="http://xbrl.sec.gov/dei/2012/dei-2012-01-31.xsd#dei_AmendmentFlag" xlink:label="loc_SPCIAmendmentFlag" />
      <link:presentationArc order="40" xlink:arcrole="http://www.xbrl.org/2003/arcrole/parent-child" xlink:from="loc_SPCIDocumentAndEntityInformationAbstract" xlink:to="loc_SPCIAmendmentFlag" xlink:type="arc" />
      <link:loc xlink:type="locator" xlink:href="http://xbrl.sec.gov/dei/2012/dei-2012-01-31.xsd#dei_CurrentFiscalYearEndDate" xlink:label="loc_SPCICurrentFiscalYearEndDate" />
      <link:presentationArc order="50" xlink:arcrole="http://www.xbrl.org/2003/arcrole/parent-child" xlink:from="loc_SPCIDocumentAndEntityInformationAbstract" xlink:to="loc_SPCICurrentFiscalYearEndDate" xlink:type="arc" />
      <link:loc xlink:type="locator" xlink:href="http://xbrl.sec.gov/dei/2012/dei-2012-01-31.xsd#dei_EntityWellKnownSeasonedIssuer" xlink:label="loc_SPCIEntityWellKnownSeasonedIssuer" />
      <link:presentationArc order="60" xlink:arcrole="http://www.xbrl.org/2003/arcrole/parent-child" xlink:from="loc_SPCIDocumentAndEntityInformationAbstract" xlink:to="loc_SPCIEntityWellKnownSeasonedIssuer" xlink:type="arc" />
      <link:loc xlink:type="locator" xlink:href="http://xbrl.sec.gov/dei/2012/dei-2012-01-31.xsd#dei_EntityVoluntaryFilers" xlink:label="loc_SPCIEntityVoluntaryFilers" />
      <link:presentationArc order="70" xlink:arcrole="http://www.xbrl.org/2003/arcrole/parent-child" xlink:from="loc_SPCIDocumentAndEntityInformationAbstract" xlink:to="loc_SPCIEntityVoluntaryFilers" xlink:type="arc" />
      <link:loc xlink:type="locator" xlink:href="http://xbrl.sec.gov/dei/2012/dei-2012-01-31.xsd#dei_EntityCurrentReportingStatus" xlink:label="loc_SPCIEntityCurrentReportingStatus" />
      <link:presentationArc order="80" xlink:arcrole="http://www.xbrl.org/2003/arcrole/parent-child" xlink:from="loc_SPCIDocumentAndEntityInformationAbstract" xlink:to="loc_SPCIEntityCurrentReportingStatus" xlink:type="arc" />
      <link:loc xlink:type="locator" xlink:href="http://xbrl.sec.gov/dei/2012/dei-2012-01-31.xsd#dei_EntityFilerCategory" xlink:label="loc_SPCIEntityFilerCategory" />
      <link:presentationArc order="90" xlink:arcrole="http://www.xbrl.org/2003/arcrole/parent-child" xlink:from="loc_SPCIDocumentAndEntityInformationAbstract" xlink:to="loc_SPCIEntityFilerCategory" xlink:type="arc" />
      <link:loc xlink:type="locator" xlink:href="http://xbrl.sec.gov/dei/2012/dei-2012-01-31.xsd#dei_EntityPublicFloat" xlink:label="loc_SPCIEntityPublicFloat" />
      <link:presentationArc order="100" xlink:arcrole="http://www.xbrl.org/2003/arcrole/parent-child" xlink:from="loc_SPCIDocumentAndEntityInformationAbstract" xlink:to="loc_SPCIEntityPublicFloat" xlink:type="arc" />
      <link:loc xlink:type="locator" xlink:href="http://xbrl.sec.gov/dei/2012/dei-2012-01-31.xsd#dei_EntityCommonStockSharesOutstanding" xlink:label="loc_SPCIEntityCommonStockSharesOutstanding" />
      <link:presentationArc order="110" xlink:arcrole="http://www.xbrl.org/2003/arcrole/parent-child" xlink:from="loc_SPCIDocumentAndEntityInformationAbstract" xlink:to="loc_SPCIEntityCommonStockSharesOutstanding" xlink:type="arc" />
      <link:loc xlink:type="locator" xlink:href="http://xbrl.sec.gov/dei/2012/dei-2012-01-31.xsd#dei_AmendmentDescription" xlink:label="loc_SPCIAmendmentDescription" />
      <link:presentationArc order="120" xlink:arcrole="http://www.xbrl.org/2003/arcrole/parent-child" xlink:from="loc_SPCIDocumentAndEntityInformationAbstract" xlink:to="loc_SPCIAmendmentDescription" xlink:type="arc" />
      <link:loc xlink:type="locator" xlink:href="http://xbrl.sec.gov/dei/2012/dei-2012-01-31.xsd#dei_DocumentFiscalPeriodFocus" xlink:label="loc_SPCIDocumentFiscalPeriodFocus" />
      <link:presentationArc order="130" xlink:arcrole="http://www.xbrl.org/2003/arcrole/parent-child" xlink:from="loc_SPCIDocumentAndEntityInformationAbstract" xlink:to="loc_SPCIDocumentFiscalPeriodFocus" xlink:type="arc" />
      <link:loc xlink:type="locator" xlink:href="http://xbrl.sec.gov/dei/2012/dei-2012-01-31.xsd#dei_DocumentFiscalYearFocus" xlink:label="loc_SPCIDocumentFiscalYearFocus" />
      <link:presentationArc order="140" xlink:arcrole="http://www.xbrl.org/2003/arcrole/parent-child" xlink:from="loc_SPCIDocumentAndEntityInformationAbstract" xlink:to="loc_SPCIDocumentFiscalYearFocus" xlink:type="arc" />
    </link:presentationLink>
    <link:presentationLink xlink:type="extended" xlink:role="http://thespecialtycontractors.com/role/ConsolidatedBalanceSheets" xlink:title="0002 - Statement - Consolidated Balance Sheets">
      <link:loc xlink:type="locator" xlink:href="http://xbrl.fasb.org/us-gaap/2012/elts/us-gaap-2012-01-31.xsd#us-gaap_StatementOfFinancialPositionAbstract" xlink:label="loc_SPCIStatementOfFinancialPositionAbstract" />
      <link:loc xlink:type="locator" xlink:href="http://xbrl.fasb.org/us-gaap/2012/elts/us-gaap-2012-01-31.xsd#us-gaap_AssetsCurrentAbstract" xlink:label="loc_SPCIAssetsCurrentAbstract" />
      <link:presentationArc order="0" xlink:arcrole="http://www.xbrl.org/2003/arcrole/parent-child" xlink:from="loc_SPCIStatementOfFinancialPositionAbstract" xlink:to="loc_SPCIAssetsCurrentAbstract" xlink:type="arc" />
      <link:loc xlink:type="locator" xlink:href="http://xbrl.fasb.org/us-gaap/2012/elts/us-gaap-2012-01-31.xsd#us-gaap_CashAndCashEquivalentsAtCarryingValue" xlink:label="loc_SPCICashAndCashEquivalentsAtCarryingValue" />
      <link:presentationArc order="10" xlink:arcrole="http://www.xbrl.org/2003/arcrole/parent-child" xlink:from="loc_SPCIAssetsCurrentAbstract" xlink:to="loc_SPCICashAndCashEquivalentsAtCarryingValue" xlink:type="arc" />
      <link:loc xlink:type="locator" xlink:href="http://xbrl.fasb.org/us-gaap/2012/elts/us-gaap-2012-01-31.xsd#us-gaap_DeferredCostsCurrent" xlink:label="loc_SPCIDeferredCostsCurrent" />
      <link:presentationArc order="20" xlink:arcrole="http://www.xbrl.org/2003/arcrole/parent-child" xlink:from="loc_SPCIStatementOfFinancialPositionAbstract" xlink:to="loc_SPCIDeferredCostsCurrent" xlink:type="arc" />
      <link:loc xlink:type="locator" xlink:href="http://xbrl.fasb.org/us-gaap/2012/elts/us-gaap-2012-01-31.xsd#us-gaap_AssetsCurrent" xlink:label="loc_SPCIAssetsCurrent" />
      <link:presentationArc order="30" xlink:arcrole="http://www.xbrl.org/2003/arcrole/parent-child" xlink:from="loc_SPCIStatementOfFinancialPositionAbstract" xlink:to="loc_SPCIAssetsCurrent" xlink:type="arc" />
      <link:loc xlink:type="locator" xlink:href="http://xbrl.fasb.org/us-gaap/2012/elts/us-gaap-2012-01-31.xsd#us-gaap_PropertyPlantAndEquipmentAbstract" xlink:label="loc_SPCIPropertyPlantAndEquipmentAbstract" />
      <link:presentationArc order="50" xlink:arcrole="http://www.xbrl.org/2003/arcrole/parent-child" xlink:from="loc_SPCIStatementOfFinancialPositionAbstract" xlink:to="loc_SPCIPropertyPlantAndEquipmentAbstract" xlink:type="arc" />
      <link:loc xlink:type="locator" xlink:href="http://xbrl.fasb.org/us-gaap/2012/elts/us-gaap-2012-01-31.xsd#us-gaap_PropertyPlantAndEquipmentNet" xlink:label="loc_SPCIPropertyPlantAndEquipmentNet" />
      <link:presentationArc order="60" xlink:arcrole="http://www.xbrl.org/2003/arcrole/parent-child" xlink:from="loc_SPCIPropertyPlantAndEquipmentAbstract" xlink:to="loc_SPCIPropertyPlantAndEquipmentNet" xlink:type="arc" />
      <link:loc xlink:type="locator" xlink:href="http://xbrl.fasb.org/us-gaap/2012/elts/us-gaap-2012-01-31.xsd#us-gaap_OtherAssetsAbstract" xlink:label="loc_SPCIOtherAssetsAbstract" />
      <link:presentationArc order="90" xlink:arcrole="http://www.xbrl.org/2003/arcrole/parent-child" xlink:from="loc_SPCIStatementOfFinancialPositionAbstract" xlink:to="loc_SPCIOtherAssetsAbstract" xlink:type="arc" />
      <link:loc xlink:type="locator" xlink:href="http://xbrl.fasb.org/us-gaap/2012/elts/us-gaap-2012-01-31.xsd#us-gaap_DeferredFinanceCostsCurrentNet" xlink:label="loc_SPCIDeferredFinanceCostsCurrentNet" />
      <link:presentationArc order="100" xlink:arcrole="http://www.xbrl.org/2003/arcrole/parent-child" xlink:from="loc_SPCIOtherAssetsAbstract" xlink:to="loc_SPCIDeferredFinanceCostsCurrentNet" xlink:type="arc" />
      <link:loc xlink:type="locator" xlink:href="http://xbrl.fasb.org/us-gaap/2012/elts/us-gaap-2012-01-31.xsd#us-gaap_Assets" xlink:label="loc_SPCIAssets" />
      <link:presentationArc order="120" xlink:arcrole="http://www.xbrl.org/2003/arcrole/parent-child" xlink:from="loc_SPCIStatementOfFinancialPositionAbstract" xlink:to="loc_SPCIAssets" xlink:type="arc" />
      <link:loc xlink:type="locator" xlink:href="http://xbrl.fasb.org/us-gaap/2012/elts/us-gaap-2012-01-31.xsd#us-gaap_LiabilitiesAndStockholdersEquityAbstract" xlink:label="loc_SPCILiabilitiesAndStockholdersEquityAbstract" />
      <link:presentationArc order="140" xlink:arcrole="http://www.xbrl.org/2003/arcrole/parent-child" xlink:from="loc_SPCIStatementOfFinancialPositionAbstract" xlink:to="loc_SPCILiabilitiesAndStockholdersEquityAbstract" xlink:type="arc" />
      <link:loc xlink:type="locator" xlink:href="http://xbrl.fasb.org/us-gaap/2012/elts/us-gaap-2012-01-31.xsd#us-gaap_LiabilitiesCurrentAbstract" xlink:label="loc_SPCILiabilitiesCurrentAbstract" />
      <link:presentationArc order="150" xlink:arcrole="http://www.xbrl.org/2003/arcrole/parent-child" xlink:from="loc_SPCILiabilitiesAndStockholdersEquityAbstract" xlink:to="loc_SPCILiabilitiesCurrentAbstract" xlink:type="arc" />
      <link:loc xlink:type="locator" xlink:href="http://xbrl.fasb.org/us-gaap/2012/elts/us-gaap-2012-01-31.xsd#us-gaap_AccountsPayableCurrent" xlink:label="loc_SPCIAccountsPayableCurrent" />
      <link:presentationArc order="160" xlink:arcrole="http://www.xbrl.org/2003/arcrole/parent-child" xlink:from="loc_SPCIStatementOfFinancialPositionAbstract" xlink:to="loc_SPCIAccountsPayableCurrent" xlink:type="arc" />
      <link:loc xlink:type="locator" xlink:href="http://xbrl.fasb.org/us-gaap/2012/elts/us-gaap-2012-01-31.xsd#us-gaap_AccruedLiabilitiesCurrent" xlink:label="loc_SPCIAccruedLiabilitiesCurrent" />
      <link:presentationArc order="170" xlink:arcrole="http://www.xbrl.org/2003/arcrole/parent-child" xlink:from="loc_SPCIStatementOfFinancialPositionAbstract" xlink:to="loc_SPCIAccruedLiabilitiesCurrent" xlink:type="arc" />
      <link:loc xlink:type="locator" xlink:href="http://xbrl.fasb.org/us-gaap/2012/elts/us-gaap-2012-01-31.xsd#us-gaap_DueToOfficersOrStockholdersCurrent" xlink:label="loc_SPCIDueToOfficersOrStockholdersCurrent" />
      <link:presentationArc order="180" xlink:arcrole="http://www.xbrl.org/2003/arcrole/parent-child" xlink:from="loc_SPCIStatementOfFinancialPositionAbstract" xlink:to="loc_SPCIDueToOfficersOrStockholdersCurrent" xlink:type="arc" />
      <link:loc xlink:type="locator" xlink:href="http://xbrl.fasb.org/us-gaap/2012/elts/us-gaap-2012-01-31.xsd#us-gaap_LineOfCredit" xlink:label="loc_SPCILineOfCredit" />
      <link:presentationArc order="190" xlink:arcrole="http://www.xbrl.org/2003/arcrole/parent-child" xlink:from="loc_SPCIStatementOfFinancialPositionAbstract" xlink:to="loc_SPCILineOfCredit" xlink:type="arc" />
      <link:loc xlink:type="locator" xlink:href="http://xbrl.fasb.org/us-gaap/2012/elts/us-gaap-2012-01-31.xsd#us-gaap_LiabilitiesCurrent" xlink:label="loc_SPCILiabilitiesCurrent" />
      <link:presentationArc order="200" xlink:arcrole="http://www.xbrl.org/2003/arcrole/parent-child" xlink:from="loc_SPCIStatementOfFinancialPositionAbstract" xlink:to="loc_SPCILiabilitiesCurrent" xlink:type="arc" />
      <link:loc xlink:type="locator" xlink:href="http://xbrl.fasb.org/us-gaap/2012/elts/us-gaap-2012-01-31.xsd#us-gaap_LiabilitiesForLongTermContractsOrProgramsAbstract" xlink:label="loc_SPCILiabilitiesForLongTermContractsOrProgramsAbstract" />
      <link:presentationArc order="220" xlink:arcrole="http://www.xbrl.org/2003/arcrole/parent-child" xlink:from="loc_SPCIStatementOfFinancialPositionAbstract" xlink:to="loc_SPCILiabilitiesForLongTermContractsOrProgramsAbstract" xlink:type="arc" />
      <link:loc xlink:type="locator" xlink:href="http://xbrl.fasb.org/us-gaap/2012/elts/us-gaap-2012-01-31.xsd#us-gaap_Liabilities" xlink:label="loc_SPCILiabilities" />
      <link:presentationArc order="230" xlink:arcrole="http://www.xbrl.org/2003/arcrole/parent-child" xlink:from="loc_SPCIStatementOfFinancialPositionAbstract" xlink:to="loc_SPCILiabilities" xlink:type="arc" />
      <link:loc xlink:type="locator" xlink:href="http://xbrl.fasb.org/us-gaap/2012/elts/us-gaap-2012-01-31.xsd#us-gaap_StockholdersEquityAbstract" xlink:label="loc_SPCIStockholdersEquityAbstract" />
      <link:presentationArc order="250" xlink:arcrole="http://www.xbrl.org/2003/arcrole/parent-child" xlink:from="loc_SPCIStatementOfFinancialPositionAbstract" xlink:to="loc_SPCIStockholdersEquityAbstract" xlink:type="arc" />
      <link:loc xlink:type="locator" xlink:href="http://xbrl.fasb.org/us-gaap/2012/elts/us-gaap-2012-01-31.xsd#us-gaap_PreferredStockValueOutstanding" xlink:label="loc_SPCIPreferredStockValueOutstanding" />
      <link:presentationArc order="260" xlink:arcrole="http://www.xbrl.org/2003/arcrole/parent-child" xlink:from="loc_SPCIStatementOfFinancialPositionAbstract" xlink:to="loc_SPCIPreferredStockValueOutstanding" xlink:type="arc" />
      <link:loc xlink:type="locator" xlink:href="http://xbrl.fasb.org/us-gaap/2012/elts/us-gaap-2012-01-31.xsd#us-gaap_CommonStockValueOutstanding" xlink:label="loc_SPCICommonStockValueOutstanding" />
      <link:presentationArc order="270" xlink:arcrole="http://www.xbrl.org/2003/arcrole/parent-child" xlink:from="loc_SPCIStatementOfFinancialPositionAbstract" xlink:to="loc_SPCICommonStockValueOutstanding" xlink:type="arc" />
      <link:loc xlink:type="locator" xlink:href="http://xbrl.fasb.org/us-gaap/2012/elts/us-gaap-2012-01-31.xsd#us-gaap_AdditionalPaidInCapital" xlink:label="loc_SPCIAdditionalPaidInCapital" />
      <link:presentationArc order="280" xlink:arcrole="http://www.xbrl.org/2003/arcrole/parent-child" xlink:from="loc_SPCIStatementOfFinancialPositionAbstract" xlink:to="loc_SPCIAdditionalPaidInCapital" xlink:type="arc" />
      <link:loc xlink:type="locator" xlink:href="http://xbrl.fasb.org/us-gaap/2012/elts/us-gaap-2012-01-31.xsd#us-gaap_RetainedEarningsAccumulatedDeficit" xlink:label="loc_SPCIRetainedEarningsAccumulatedDeficit" />
      <link:presentationArc order="290" xlink:arcrole="http://www.xbrl.org/2003/arcrole/parent-child" xlink:from="loc_SPCIStatementOfFinancialPositionAbstract" xlink:to="loc_SPCIRetainedEarningsAccumulatedDeficit" xlink:type="arc" />
      <link:loc xlink:type="locator" xlink:href="http://xbrl.fasb.org/us-gaap/2012/elts/us-gaap-2012-01-31.xsd#us-gaap_StockholdersEquity" xlink:label="loc_SPCIStockholdersEquity" />
      <link:presentationArc order="300" xlink:arcrole="http://www.xbrl.org/2003/arcrole/parent-child" xlink:from="loc_SPCIStatementOfFinancialPositionAbstract" xlink:to="loc_SPCIStockholdersEquity" xlink:type="arc" />
      <link:loc xlink:type="locator" xlink:href="http://xbrl.fasb.org/us-gaap/2012/elts/us-gaap-2012-01-31.xsd#us-gaap_LiabilitiesAndStockholdersEquity" xlink:label="loc_SPCILiabilitiesAndStockholdersEquity" />
      <link:presentationArc order="320" xlink:arcrole="http://www.xbrl.org/2003/arcrole/parent-child" xlink:from="loc_SPCIStatementOfFinancialPositionAbstract" xlink:to="loc_SPCILiabilitiesAndStockholdersEquity" xlink:type="arc" />
    </link:presentationLink>
    <link:presentationLink xlink:type="extended" xlink:role="http://thespecialtycontractors.com/role/ConsolidatedBalanceSheetsParenthetical" xlink:title="0003 - Statement - Consolidated Balance Sheets (Parenthetical)">
      <link:loc xlink:type="locator" xlink:href="http://xbrl.fasb.org/us-gaap/2012/elts/us-gaap-2012-01-31.xsd#us-gaap_StatementOfFinancialPositionAbstract" xlink:label="loc_SPCIStatementOfFinancialPositionAbstract" />
      <link:loc xlink:type="locator" xlink:href="http://xbrl.fasb.org/us-gaap/2012/elts/us-gaap-2012-01-31.xsd#us-gaap_CommonStockParOrStatedValuePerShare" xlink:label="loc_SPCICommonStockParOrStatedValuePerShare" />
      <link:presentationArc order="0" xlink:arcrole="http://www.xbrl.org/2003/arcrole/parent-child" xlink:from="loc_SPCIStatementOfFinancialPositionAbstract" xlink:to="loc_SPCICommonStockParOrStatedValuePerShare" xlink:type="arc" />
      <link:loc xlink:type="locator" xlink:href="http://xbrl.fasb.org/us-gaap/2012/elts/us-gaap-2012-01-31.xsd#us-gaap_CommonStockSharesAuthorized" xlink:label="loc_SPCICommonStockSharesAuthorized" />
      <link:presentationArc order="10" xlink:arcrole="http://www.xbrl.org/2003/arcrole/parent-child" xlink:from="loc_SPCIStatementOfFinancialPositionAbstract" xlink:to="loc_SPCICommonStockSharesAuthorized" xlink:type="arc" />
      <link:loc xlink:type="locator" xlink:href="http://xbrl.fasb.org/us-gaap/2012/elts/us-gaap-2012-01-31.xsd#us-gaap_CommonStockSharesIssued" xlink:label="loc_SPCICommonStockSharesIssued" />
      <link:presentationArc order="20" xlink:arcrole="http://www.xbrl.org/2003/arcrole/parent-child" xlink:from="loc_SPCIStatementOfFinancialPositionAbstract" xlink:to="loc_SPCICommonStockSharesIssued" xlink:type="arc" />
      <link:loc xlink:type="locator" xlink:href="http://xbrl.fasb.org/us-gaap/2012/elts/us-gaap-2012-01-31.xsd#us-gaap_CommonStockSharesOutstanding" xlink:label="loc_SPCICommonStockSharesOutstanding" />
      <link:presentationArc order="30" xlink:arcrole="http://www.xbrl.org/2003/arcrole/parent-child" xlink:from="loc_SPCIStatementOfFinancialPositionAbstract" xlink:to="loc_SPCICommonStockSharesOutstanding" xlink:type="arc" />
      <link:loc xlink:type="locator" xlink:href="http://xbrl.fasb.org/us-gaap/2012/elts/us-gaap-2012-01-31.xsd#us-gaap_PreferredStockParOrStatedValuePerShare" xlink:label="loc_SPCIPreferredStockParOrStatedValuePerShare" />
      <link:presentationArc order="40" xlink:arcrole="http://www.xbrl.org/2003/arcrole/parent-child" xlink:from="loc_SPCIStatementOfFinancialPositionAbstract" xlink:to="loc_SPCIPreferredStockParOrStatedValuePerShare" xlink:type="arc" />
      <link:loc xlink:type="locator" xlink:href="http://xbrl.fasb.org/us-gaap/2012/elts/us-gaap-2012-01-31.xsd#us-gaap_PreferredStockSharesAuthorized" xlink:label="loc_SPCIPreferredStockSharesAuthorized" />
      <link:presentationArc order="50" xlink:arcrole="http://www.xbrl.org/2003/arcrole/parent-child" xlink:from="loc_SPCIStatementOfFinancialPositionAbstract" xlink:to="loc_SPCIPreferredStockSharesAuthorized" xlink:type="arc" />
      <link:loc xlink:type="locator" xlink:href="http://xbrl.fasb.org/us-gaap/2012/elts/us-gaap-2012-01-31.xsd#us-gaap_PreferredStockSharesIssued" xlink:label="loc_SPCIPreferredStockSharesIssued" />
      <link:presentationArc order="60" xlink:arcrole="http://www.xbrl.org/2003/arcrole/parent-child" xlink:from="loc_SPCIStatementOfFinancialPositionAbstract" xlink:to="loc_SPCIPreferredStockSharesIssued" xlink:type="arc" />
      <link:loc xlink:type="locator" xlink:href="http://xbrl.fasb.org/us-gaap/2012/elts/us-gaap-2012-01-31.xsd#us-gaap_PreferredStockSharesOutstanding" xlink:label="loc_SPCIPreferredStockSharesOutstanding" />
      <link:presentationArc order="70" xlink:arcrole="http://www.xbrl.org/2003/arcrole/parent-child" xlink:from="loc_SPCIStatementOfFinancialPositionAbstract" xlink:to="loc_SPCIPreferredStockSharesOutstanding" xlink:type="arc" />
    </link:presentationLink>
    <link:presentationLink xlink:type="extended" xlink:role="http://thespecialtycontractors.com/role/ConsolidatedStatementsOfOperations" xlink:title="0004 - Statement - Consolidated Statements of Operations">
      <link:loc xlink:type="locator" xlink:href="http://xbrl.fasb.org/us-gaap/2012/elts/us-gaap-2012-01-31.xsd#us-gaap_IncomeStatementAbstract" xlink:label="loc_SPCIIncomeStatementAbstract" />
      <link:loc xlink:type="locator" xlink:href="http://xbrl.fasb.org/us-gaap/2012/elts/us-gaap-2012-01-31.xsd#us-gaap_Revenues" xlink:label="loc_SPCIRevenues" />
      <link:presentationArc order="0" xlink:arcrole="http://www.xbrl.org/2003/arcrole/parent-child" xlink:from="loc_SPCIIncomeStatementAbstract" xlink:to="loc_SPCIRevenues" xlink:type="arc" />
      <link:loc xlink:type="locator" xlink:href="http://xbrl.fasb.org/us-gaap/2012/elts/us-gaap-2012-01-31.xsd#us-gaap_CostOfGoodsAndServicesSold" xlink:label="loc_SPCICostOfGoodsAndServicesSold" />
      <link:presentationArc order="10" xlink:arcrole="http://www.xbrl.org/2003/arcrole/parent-child" xlink:from="loc_SPCIIncomeStatementAbstract" xlink:to="loc_SPCICostOfGoodsAndServicesSold" xlink:type="arc" preferredLabel="http://www.xbrl.org/2009/role/negatedLabel" />
      <link:loc xlink:type="locator" xlink:href="http://xbrl.fasb.org/us-gaap/2012/elts/us-gaap-2012-01-31.xsd#us-gaap_GrossProfit" xlink:label="loc_SPCIGrossProfit" />
      <link:presentationArc order="20" xlink:arcrole="http://www.xbrl.org/2003/arcrole/parent-child" xlink:from="loc_SPCIIncomeStatementAbstract" xlink:to="loc_SPCIGrossProfit" xlink:type="arc" />
      <link:loc xlink:type="locator" xlink:href="http://xbrl.fasb.org/us-gaap/2012/elts/us-gaap-2012-01-31.xsd#us-gaap_OperatingExpensesAbstract" xlink:label="loc_SPCIOperatingExpensesAbstract" />
      <link:presentationArc order="40" xlink:arcrole="http://www.xbrl.org/2003/arcrole/parent-child" xlink:from="loc_SPCIIncomeStatementAbstract" xlink:to="loc_SPCIOperatingExpensesAbstract" xlink:type="arc" />
      <link:loc xlink:type="locator" xlink:href="http://xbrl.fasb.org/us-gaap/2012/elts/us-gaap-2012-01-31.xsd#us-gaap_DepreciationAndAmortization" xlink:label="loc_SPCIDepreciationAndAmortization" />
      <link:presentationArc order="50" xlink:arcrole="http://www.xbrl.org/2003/arcrole/parent-child" xlink:from="loc_SPCIOperatingExpensesAbstract" xlink:to="loc_SPCIDepreciationAndAmortization" xlink:type="arc" />
      <link:loc xlink:type="locator" xlink:href="http://xbrl.fasb.org/us-gaap/2012/elts/us-gaap-2012-01-31.xsd#us-gaap_GeneralAndAdministrativeExpense" xlink:label="loc_SPCIGeneralAndAdministrativeExpense" />
      <link:presentationArc order="60" xlink:arcrole="http://www.xbrl.org/2003/arcrole/parent-child" xlink:from="loc_SPCIIncomeStatementAbstract" xlink:to="loc_SPCIGeneralAndAdministrativeExpense" xlink:type="arc" />
      <link:loc xlink:type="locator" xlink:href="http://xbrl.fasb.org/us-gaap/2012/elts/us-gaap-2012-01-31.xsd#us-gaap_OperatingExpenses" xlink:label="loc_SPCIOperatingExpenses" />
      <link:presentationArc order="70" xlink:arcrole="http://www.xbrl.org/2003/arcrole/parent-child" xlink:from="loc_SPCIIncomeStatementAbstract" xlink:to="loc_SPCIOperatingExpenses" xlink:type="arc" />
      <link:loc xlink:type="locator" xlink:href="http://xbrl.fasb.org/us-gaap/2012/elts/us-gaap-2012-01-31.xsd#us-gaap_OperatingIncomeLoss" xlink:label="loc_SPCIOperatingIncomeLoss" />
      <link:presentationArc order="90" xlink:arcrole="http://www.xbrl.org/2003/arcrole/parent-child" xlink:from="loc_SPCIIncomeStatementAbstract" xlink:to="loc_SPCIOperatingIncomeLoss" xlink:type="arc" />
      <link:loc xlink:type="locator" xlink:href="http://xbrl.fasb.org/us-gaap/2012/elts/us-gaap-2012-01-31.xsd#us-gaap_OtherExpensesAbstract" xlink:label="loc_SPCIOtherExpensesAbstract" />
      <link:presentationArc order="110" xlink:arcrole="http://www.xbrl.org/2003/arcrole/parent-child" xlink:from="loc_SPCIIncomeStatementAbstract" xlink:to="loc_SPCIOtherExpensesAbstract" xlink:type="arc" />
      <link:loc xlink:type="locator" xlink:href="http://xbrl.fasb.org/us-gaap/2012/elts/us-gaap-2012-01-31.xsd#us-gaap_InterestExpense" xlink:label="loc_SPCIInterestExpense" />
      <link:presentationArc order="120" xlink:arcrole="http://www.xbrl.org/2003/arcrole/parent-child" xlink:from="loc_SPCIOtherExpensesAbstract" xlink:to="loc_SPCIInterestExpense" xlink:type="arc" />
      <link:loc xlink:type="locator" xlink:href="http://xbrl.fasb.org/us-gaap/2012/elts/us-gaap-2012-01-31.xsd#us-gaap_NonoperatingIncomeExpense" xlink:label="loc_SPCINonoperatingIncomeExpense" />
      <link:presentationArc order="130" xlink:arcrole="http://www.xbrl.org/2003/arcrole/parent-child" xlink:from="loc_SPCIIncomeStatementAbstract" xlink:to="loc_SPCINonoperatingIncomeExpense" xlink:type="arc" />
      <link:loc xlink:type="locator" xlink:href="http://xbrl.fasb.org/us-gaap/2012/elts/us-gaap-2012-01-31.xsd#us-gaap_NetIncomeLoss" xlink:label="loc_SPCINetIncomeLoss" />
      <link:presentationArc order="150" xlink:arcrole="http://www.xbrl.org/2003/arcrole/parent-child" xlink:from="loc_SPCIIncomeStatementAbstract" xlink:to="loc_SPCINetIncomeLoss" xlink:type="arc" preferredLabel="http://www.xbrl.org/2009/role/negatedLabel" />
      <link:loc xlink:type="locator" xlink:href="http://xbrl.fasb.org/us-gaap/2012/elts/us-gaap-2012-01-31.xsd#us-gaap_EarningsPerShareBasicAndDiluted" xlink:label="loc_SPCIEarningsPerShareBasicAndDiluted" />
      <link:presentationArc order="180" xlink:arcrole="http://www.xbrl.org/2003/arcrole/parent-child" xlink:from="loc_SPCIIncomeStatementAbstract" xlink:to="loc_SPCIEarningsPerShareBasicAndDiluted" xlink:type="arc" />
      <link:loc xlink:type="locator" xlink:href="http://xbrl.fasb.org/us-gaap/2012/elts/us-gaap-2012-01-31.xsd#us-gaap_WeightedAverageNumberOfSharesOutstandingAbstract" xlink:label="loc_SPCIWeightedAverageNumberOfSharesOutstandingAbstract" />
      <link:presentationArc order="200" xlink:arcrole="http://www.xbrl.org/2003/arcrole/parent-child" xlink:from="loc_SPCIIncomeStatementAbstract" xlink:to="loc_SPCIWeightedAverageNumberOfSharesOutstandingAbstract" xlink:type="arc" />
      <link:loc xlink:type="locator" xlink:href="http://xbrl.fasb.org/us-gaap/2012/elts/us-gaap-2012-01-31.xsd#us-gaap_WeightedAverageNumberOfSharesOutstandingBasic" xlink:label="loc_SPCIWeightedAverageNumberOfSharesOutstandingBasic" />
      <link:presentationArc order="210" xlink:arcrole="http://www.xbrl.org/2003/arcrole/parent-child" xlink:from="loc_SPCIIncomeStatementAbstract" xlink:to="loc_SPCIWeightedAverageNumberOfSharesOutstandingBasic" xlink:type="arc" />
    </link:presentationLink>
    <link:presentationLink xlink:type="extended" xlink:role="http://thespecialtycontractors.com/role/ConsolidatedStatementsOfCashFlows" xlink:title="0005 - Statement - Consolidated Statements of Cash Flows">
      <link:loc xlink:type="locator" xlink:href="http://xbrl.fasb.org/us-gaap/2012/elts/us-gaap-2012-01-31.xsd#us-gaap_StatementOfCashFlowsAbstract" xlink:label="loc_SPCIStatementOfCashFlowsAbstract" />
      <link:loc xlink:type="locator" xlink:href="http://xbrl.fasb.org/us-gaap/2012/elts/us-gaap-2012-01-31.xsd#us-gaap_NetCashProvidedByUsedInOperatingActivitiesAbstract" xlink:label="loc_SPCINetCashProvidedByUsedInOperatingActivitiesAbstract" />
      <link:presentationArc order="0" xlink:arcrole="http://www.xbrl.org/2003/arcrole/parent-child" xlink:from="loc_SPCIStatementOfCashFlowsAbstract" xlink:to="loc_SPCINetCashProvidedByUsedInOperatingActivitiesAbstract" xlink:type="arc" />
      <link:loc xlink:type="locator" xlink:href="http://xbrl.fasb.org/us-gaap/2012/elts/us-gaap-2012-01-31.xsd#us-gaap_NetIncomeLoss" xlink:label="loc_SPCINetIncomeLoss" />
      <link:presentationArc order="10" xlink:arcrole="http://www.xbrl.org/2003/arcrole/parent-child" xlink:from="loc_SPCIStatementOfCashFlowsAbstract" xlink:to="loc_SPCINetIncomeLoss" xlink:type="arc" preferredLabel="http://www.xbrl.org/2009/role/negatedLabel" />
      <link:loc xlink:type="locator" xlink:href="http://xbrl.fasb.org/us-gaap/2012/elts/us-gaap-2012-01-31.xsd#us-gaap_AdjustmentsNoncashItemsToReconcileNetIncomeLossToCashProvidedByUsedInOperatingActivitiesAbstract" xlink:label="loc_SPCIAdjustmentsNoncashItemsToReconcileNetIncomeLossToCashProvidedByUsedInOperatingActivitiesAbstract" />
      <link:presentationArc order="20" xlink:arcrole="http://www.xbrl.org/2003/arcrole/parent-child" xlink:from="loc_SPCIStatementOfCashFlowsAbstract" xlink:to="loc_SPCIAdjustmentsNoncashItemsToReconcileNetIncomeLossToCashProvidedByUsedInOperatingActivitiesAbstract" xlink:type="arc" />
      <link:loc xlink:type="locator" xlink:href="http://xbrl.fasb.org/us-gaap/2012/elts/us-gaap-2012-01-31.xsd#us-gaap_DepreciationAndAmortization" xlink:label="loc_SPCIDepreciationAndAmortization" />
      <link:presentationArc order="30" xlink:arcrole="http://www.xbrl.org/2003/arcrole/parent-child" xlink:from="loc_SPCIStatementOfCashFlowsAbstract" xlink:to="loc_SPCIDepreciationAndAmortization" xlink:type="arc" preferredLabel="http://www.xbrl.org/2003/role/verboseLabel" />
      <link:loc xlink:type="locator" xlink:href="http://xbrl.fasb.org/us-gaap/2012/elts/us-gaap-2012-01-31.xsd#us-gaap_IncreaseDecreaseInOperatingCapitalAbstract" xlink:label="loc_SPCIIncreaseDecreaseInOperatingCapitalAbstract" />
      <link:presentationArc order="50" xlink:arcrole="http://www.xbrl.org/2003/arcrole/parent-child" xlink:from="loc_SPCIStatementOfCashFlowsAbstract" xlink:to="loc_SPCIIncreaseDecreaseInOperatingCapitalAbstract" xlink:type="arc" />
      <link:loc xlink:type="locator" xlink:href="http://xbrl.fasb.org/us-gaap/2012/elts/us-gaap-2012-01-31.xsd#us-gaap_IncreaseDecreaseInPrepaidExpense" xlink:label="loc_SPCIIncreaseDecreaseInPrepaidExpense" />
      <link:presentationArc order="60" xlink:arcrole="http://www.xbrl.org/2003/arcrole/parent-child" xlink:from="loc_SPCIStatementOfCashFlowsAbstract" xlink:to="loc_SPCIIncreaseDecreaseInPrepaidExpense" xlink:type="arc" />
      <link:loc xlink:type="locator" xlink:href="http://xbrl.fasb.org/us-gaap/2012/elts/us-gaap-2012-01-31.xsd#us-gaap_IncreaseDecreaseInAccountsPayable" xlink:label="loc_SPCIIncreaseDecreaseInAccountsPayable" />
      <link:presentationArc order="70" xlink:arcrole="http://www.xbrl.org/2003/arcrole/parent-child" xlink:from="loc_SPCIStatementOfCashFlowsAbstract" xlink:to="loc_SPCIIncreaseDecreaseInAccountsPayable" xlink:type="arc" />
      <link:loc xlink:type="locator" xlink:href="http://xbrl.fasb.org/us-gaap/2012/elts/us-gaap-2012-01-31.xsd#us-gaap_IncreaseDecreaseInAccruedLiabilities" xlink:label="loc_SPCIIncreaseDecreaseInAccruedLiabilities" />
      <link:presentationArc order="80" xlink:arcrole="http://www.xbrl.org/2003/arcrole/parent-child" xlink:from="loc_SPCIStatementOfCashFlowsAbstract" xlink:to="loc_SPCIIncreaseDecreaseInAccruedLiabilities" xlink:type="arc" />
      <link:loc xlink:type="locator" xlink:href="http://xbrl.fasb.org/us-gaap/2012/elts/us-gaap-2012-01-31.xsd#us-gaap_NetCashProvidedByUsedInOperatingActivities" xlink:label="loc_SPCINetCashProvidedByUsedInOperatingActivities" />
      <link:presentationArc order="90" xlink:arcrole="http://www.xbrl.org/2003/arcrole/parent-child" xlink:from="loc_SPCIStatementOfCashFlowsAbstract" xlink:to="loc_SPCINetCashProvidedByUsedInOperatingActivities" xlink:type="arc" preferredLabel="http://www.xbrl.org/2009/role/negatedLabel" />
      <link:loc xlink:type="locator" xlink:href="http://xbrl.fasb.org/us-gaap/2012/elts/us-gaap-2012-01-31.xsd#us-gaap_NetCashProvidedByUsedInFinancingActivitiesAbstract" xlink:label="loc_SPCINetCashProvidedByUsedInFinancingActivitiesAbstract" />
      <link:presentationArc order="110" xlink:arcrole="http://www.xbrl.org/2003/arcrole/parent-child" xlink:from="loc_SPCIStatementOfCashFlowsAbstract" xlink:to="loc_SPCINetCashProvidedByUsedInFinancingActivitiesAbstract" xlink:type="arc" />
      <link:loc xlink:type="locator" xlink:href="http://xbrl.fasb.org/us-gaap/2012/elts/us-gaap-2012-01-31.xsd#us-gaap_ProceedsFromRepaymentsOfLinesOfCredit" xlink:label="loc_SPCIProceedsFromRepaymentsOfLinesOfCredit" />
      <link:presentationArc order="120" xlink:arcrole="http://www.xbrl.org/2003/arcrole/parent-child" xlink:from="loc_SPCIStatementOfCashFlowsAbstract" xlink:to="loc_SPCIProceedsFromRepaymentsOfLinesOfCredit" xlink:type="arc" />
      <link:loc xlink:type="locator" xlink:href="http://xbrl.fasb.org/us-gaap/2012/elts/us-gaap-2012-01-31.xsd#us-gaap_RepaymentsOfRelatedPartyDebt" xlink:label="loc_SPCIRepaymentsOfRelatedPartyDebt" />
      <link:presentationArc order="130" xlink:arcrole="http://www.xbrl.org/2003/arcrole/parent-child" xlink:from="loc_SPCIStatementOfCashFlowsAbstract" xlink:to="loc_SPCIRepaymentsOfRelatedPartyDebt" xlink:type="arc" preferredLabel="http://www.xbrl.org/2009/role/negatedLabel" />
      <link:loc xlink:type="locator" xlink:href="http://xbrl.fasb.org/us-gaap/2012/elts/us-gaap-2012-01-31.xsd#us-gaap_NetCashProvidedByUsedInFinancingActivities" xlink:label="loc_SPCINetCashProvidedByUsedInFinancingActivities" />
      <link:presentationArc order="140" xlink:arcrole="http://www.xbrl.org/2003/arcrole/parent-child" xlink:from="loc_SPCIStatementOfCashFlowsAbstract" xlink:to="loc_SPCINetCashProvidedByUsedInFinancingActivities" xlink:type="arc" />
      <link:loc xlink:type="locator" xlink:href="http://xbrl.fasb.org/us-gaap/2012/elts/us-gaap-2012-01-31.xsd#us-gaap_CashAndCashEquivalentsPeriodIncreaseDecrease" xlink:label="loc_SPCICashAndCashEquivalentsPeriodIncreaseDecrease" />
      <link:presentationArc order="160" xlink:arcrole="http://www.xbrl.org/2003/arcrole/parent-child" xlink:from="loc_SPCIStatementOfCashFlowsAbstract" xlink:to="loc_SPCICashAndCashEquivalentsPeriodIncreaseDecrease" xlink:type="arc" />
      <link:loc xlink:type="locator" xlink:href="http://xbrl.fasb.org/us-gaap/2012/elts/us-gaap-2012-01-31.xsd#us-gaap_CashAndCashEquivalentsAtCarryingValue" xlink:label="loc_SPCICashAndCashEquivalentsAtCarryingValue" />
      <link:presentationArc order="170" xlink:arcrole="http://www.xbrl.org/2003/arcrole/parent-child" xlink:from="loc_SPCIStatementOfCashFlowsAbstract" xlink:to="loc_SPCICashAndCashEquivalentsAtCarryingValue" xlink:type="arc" preferredLabel="http://www.xbrl.org/2003/role/periodStartLabel" />
      <link:loc xlink:type="locator" xlink:href="http://xbrl.fasb.org/us-gaap/2012/elts/us-gaap-2012-01-31.xsd#us-gaap_SupplementalCashFlowElementsAbstract" xlink:label="loc_SPCISupplementalCashFlowElementsAbstract" />
      <link:presentationArc order="190" xlink:arcrole="http://www.xbrl.org/2003/arcrole/parent-child" xlink:from="loc_SPCIStatementOfCashFlowsAbstract" xlink:to="loc_SPCISupplementalCashFlowElementsAbstract" xlink:type="arc" />
      <link:loc xlink:type="locator" xlink:href="http://xbrl.fasb.org/us-gaap/2012/elts/us-gaap-2012-01-31.xsd#us-gaap_InterestPaid" xlink:label="loc_SPCIInterestPaid" />
      <link:presentationArc order="200" xlink:arcrole="http://www.xbrl.org/2003/arcrole/parent-child" xlink:from="loc_SPCIStatementOfCashFlowsAbstract" xlink:to="loc_SPCIInterestPaid" xlink:type="arc" />
      <link:loc xlink:type="locator" xlink:href="http://xbrl.fasb.org/us-gaap/2012/elts/us-gaap-2012-01-31.xsd#us-gaap_IncomeTaxesPaid" xlink:label="loc_SPCIIncomeTaxesPaid" />
      <link:presentationArc order="210" xlink:arcrole="http://www.xbrl.org/2003/arcrole/parent-child" xlink:from="loc_SPCIStatementOfCashFlowsAbstract" xlink:to="loc_SPCIIncomeTaxesPaid" xlink:type="arc" />
    </link:presentationLink>
    <link:presentationLink xlink:type="extended" xlink:role="http://thespecialtycontractors.com/role/NatureOfActivitiesAndSignificantAccountingPolicies" xlink:title="0006 - Disclosure - Nature of Activities and Significant Accounting Policies">
      <link:loc xlink:type="locator" xlink:href="spci-20120331.xsd#SPCI_NotesToFinancialStatementsAbstract" xlink:label="loc_SPCINotesToFinancialStatementsAbstract" />
      <link:loc xlink:type="locator" xlink:href="http://xbrl.fasb.org/us-gaap/2012/elts/us-gaap-2012-01-31.xsd#us-gaap_NatureOfOperations" xlink:label="loc_SPCINatureOfOperations" />
      <link:presentationArc order="0" xlink:arcrole="http://www.xbrl.org/2003/arcrole/parent-child" xlink:from="loc_SPCINotesToFinancialStatementsAbstract" xlink:to="loc_SPCINatureOfOperations" xlink:type="arc" />
    </link:presentationLink>
    <link:presentationLink xlink:type="extended" xlink:role="http://thespecialtycontractors.com/role/LineOfCredit" xlink:title="0007 - Disclosure - Line of Credit">
      <link:loc xlink:type="locator" xlink:href="spci-20120331.xsd#SPCI_NotesToFinancialStatementsAbstract" xlink:label="loc_SPCINotesToFinancialStatementsAbstract" />
      <link:loc xlink:type="locator" xlink:href="http://xbrl.fasb.org/us-gaap/2012/elts/us-gaap-2012-01-31.xsd#us-gaap_ScheduleOfLineOfCreditFacilitiesTextBlock" xlink:label="loc_SPCIScheduleOfLineOfCreditFacilitiesTextBlock" />
      <link:presentationArc order="0" xlink:arcrole="http://www.xbrl.org/2003/arcrole/parent-child" xlink:from="loc_SPCINotesToFinancialStatementsAbstract" xlink:to="loc_SPCIScheduleOfLineOfCreditFacilitiesTextBlock" xlink:type="arc" preferredLabel="http://www.xbrl.org/2003/role/verboseLabel" />
    </link:presentationLink>
    <link:presentationLink xlink:type="extended" xlink:role="http://thespecialtycontractors.com/role/RelatedPartyTransactions" xlink:title="0008 - Disclosure - Related Party Transactions">
      <link:loc xlink:type="locator" xlink:href="spci-20120331.xsd#SPCI_NotesToFinancialStatementsAbstract" xlink:label="loc_SPCINotesToFinancialStatementsAbstract" />
      <link:loc xlink:type="locator" xlink:href="http://xbrl.fasb.org/us-gaap/2012/elts/us-gaap-2012-01-31.xsd#us-gaap_RelatedPartyTransactionsDisclosureTextBlock" xlink:label="loc_SPCIRelatedPartyTransactionsDisclosureTextBlock" />
      <link:presentationArc order="0" xlink:arcrole="http://www.xbrl.org/2003/arcrole/parent-child" xlink:from="loc_SPCINotesToFinancialStatementsAbstract" xlink:to="loc_SPCIRelatedPartyTransactionsDisclosureTextBlock" xlink:type="arc" />
    </link:presentationLink>
    <link:presentationLink xlink:type="extended" xlink:role="http://thespecialtycontractors.com/role/MajorCustomers" xlink:title="0009 - Disclosure - Major Customers">
      <link:loc xlink:type="locator" xlink:href="spci-20120331.xsd#SPCI_NotesToFinancialStatementsAbstract" xlink:label="loc_SPCINotesToFinancialStatementsAbstract" />
      <link:loc xlink:type="locator" xlink:href="http://xbrl.fasb.org/us-gaap/2012/elts/us-gaap-2012-01-31.xsd#us-gaap_MajorCustomersPolicyPolicyTextBlock" xlink:label="loc_SPCIMajorCustomersPolicyPolicyTextBlock" />
      <link:presentationArc order="0" xlink:arcrole="http://www.xbrl.org/2003/arcrole/parent-child" xlink:from="loc_SPCINotesToFinancialStatementsAbstract" xlink:to="loc_SPCIMajorCustomersPolicyPolicyTextBlock" xlink:type="arc" />
    </link:presentationLink>
</link:linkbase>
