<?xml version="1.0" encoding="US-ASCII"?>
<!--XBRL Document Created with WebFilings-->
<!-- -->
<linkbase xsi:schemaLocation="http://www.xbrl.org/2003/linkbase http://www.xbrl.org/2003/xbrl-linkbase-2003-12-31.xsd" xmlns="http://www.xbrl.org/2003/linkbase" xmlns:xlink="http://www.w3.org/1999/xlink" xmlns:xsi="http://www.w3.org/2001/XMLSchema-instance">
  <roleRef roleURI="http://www.ashland.com/role/Acquisitions" xlink:href="ash-20121231.xsd#Acquisitions" xlink:type="simple" />
  <roleRef roleURI="http://www.ashland.com/role/AcquisitionsDetails" xlink:href="ash-20121231.xsd#AcquisitionsDetails" xlink:type="simple" />
  <roleRef roleURI="http://www.ashland.com/role/CondensedConsolidatedBalanceSheetsUnaudited" xlink:href="ash-20121231.xsd#CondensedConsolidatedBalanceSheetsUnaudited" xlink:type="simple" />
  <roleRef roleURI="http://www.ashland.com/role/CondensedConsolidatedBalanceSheetsUnauditedParenthetical" xlink:href="ash-20121231.xsd#CondensedConsolidatedBalanceSheetsUnauditedParenthetical" xlink:type="simple" />
  <roleRef roleURI="http://www.ashland.com/role/Debt" xlink:href="ash-20121231.xsd#Debt" xlink:type="simple" />
  <roleRef roleURI="http://www.ashland.com/role/DebtDetails" xlink:href="ash-20121231.xsd#DebtDetails" xlink:type="simple" />
  <roleRef roleURI="http://www.ashland.com/role/DebtTables" xlink:href="ash-20121231.xsd#DebtTables" xlink:type="simple" />
  <roleRef roleURI="http://www.ashland.com/role/DiscontinuedOperations" xlink:href="ash-20121231.xsd#DiscontinuedOperations" xlink:type="simple" />
  <roleRef roleURI="http://www.ashland.com/role/DiscontinuedOperationsDetails" xlink:href="ash-20121231.xsd#DiscontinuedOperationsDetails" xlink:type="simple" />
  <roleRef roleURI="http://www.ashland.com/role/DiscontinuedOperationsTables" xlink:href="ash-20121231.xsd#DiscontinuedOperationsTables" xlink:type="simple" />
  <roleRef roleURI="http://www.ashland.com/role/Divestitures" xlink:href="ash-20121231.xsd#Divestitures" xlink:type="simple" />
  <roleRef roleURI="http://www.ashland.com/role/DivestituresNarrativeDetails" xlink:href="ash-20121231.xsd#DivestituresNarrativeDetails" xlink:type="simple" />
  <roleRef roleURI="http://www.ashland.com/role/DocumentAndEntityInformation" xlink:href="ash-20121231.xsd#DocumentAndEntityInformation" xlink:type="simple" />
  <roleRef roleURI="http://www.ashland.com/role/EarningsPerShare" xlink:href="ash-20121231.xsd#EarningsPerShare" xlink:type="simple" />
  <roleRef roleURI="http://www.ashland.com/role/EarningsPerShareDetails" xlink:href="ash-20121231.xsd#EarningsPerShareDetails" xlink:type="simple" />
  <roleRef roleURI="http://www.ashland.com/role/EarningsPerSharePolicies" xlink:href="ash-20121231.xsd#EarningsPerSharePolicies" xlink:type="simple" />
  <roleRef roleURI="http://www.ashland.com/role/EarningsPerShareTables" xlink:href="ash-20121231.xsd#EarningsPerShareTables" xlink:type="simple" />
  <roleRef roleURI="http://www.ashland.com/role/EmployeeBenefitPlans" xlink:href="ash-20121231.xsd#EmployeeBenefitPlans" xlink:type="simple" />
  <roleRef roleURI="http://www.ashland.com/role/EmployeeBenefitPlansDetails" xlink:href="ash-20121231.xsd#EmployeeBenefitPlansDetails" xlink:type="simple" />
  <roleRef roleURI="http://www.ashland.com/role/EmployeeBenefitPlansTables" xlink:href="ash-20121231.xsd#EmployeeBenefitPlansTables" xlink:type="simple" />
  <roleRef roleURI="http://www.ashland.com/role/FairValueMeasurements" xlink:href="ash-20121231.xsd#FairValueMeasurements" xlink:type="simple" />
  <roleRef roleURI="http://www.ashland.com/role/FairValueMeasurementsCurrencyHedgesDetails" xlink:href="ash-20121231.xsd#FairValueMeasurementsCurrencyHedgesDetails" xlink:type="simple" />
  <roleRef roleURI="http://www.ashland.com/role/FairValueMeasurementsInterestRateHedgesDetails" xlink:href="ash-20121231.xsd#FairValueMeasurementsInterestRateHedgesDetails" xlink:type="simple" />
  <roleRef roleURI="http://www.ashland.com/role/FairValueMeasurementsOtherFinancialInstrumentsDetails" xlink:href="ash-20121231.xsd#FairValueMeasurementsOtherFinancialInstrumentsDetails" xlink:type="simple" />
  <roleRef roleURI="http://www.ashland.com/role/FairValueMeasurementsPolicies" xlink:href="ash-20121231.xsd#FairValueMeasurementsPolicies" xlink:type="simple" />
  <roleRef roleURI="http://www.ashland.com/role/FairValueMeasurementsRecurringBasisDetails" xlink:href="ash-20121231.xsd#FairValueMeasurementsRecurringBasisDetails" xlink:type="simple" />
  <roleRef roleURI="http://www.ashland.com/role/FairValueMeasurementsTables" xlink:href="ash-20121231.xsd#FairValueMeasurementsTables" xlink:type="simple" />
  <roleRef roleURI="http://www.ashland.com/role/GoodwillAndOtherIntangibles" xlink:href="ash-20121231.xsd#GoodwillAndOtherIntangibles" xlink:type="simple" />
  <roleRef roleURI="http://www.ashland.com/role/GoodwillAndOtherIntangiblesGoodwillDetails" xlink:href="ash-20121231.xsd#GoodwillAndOtherIntangiblesGoodwillDetails" xlink:type="simple" />
  <roleRef roleURI="http://www.ashland.com/role/GoodwillAndOtherIntangiblesOtherIntangibleAssetsDetails" xlink:href="ash-20121231.xsd#GoodwillAndOtherIntangiblesOtherIntangibleAssetsDetails" xlink:type="simple" />
  <roleRef roleURI="http://www.ashland.com/role/GoodwillAndOtherIntangiblesPolicies" xlink:href="ash-20121231.xsd#GoodwillAndOtherIntangiblesPolicies" xlink:type="simple" />
  <roleRef roleURI="http://www.ashland.com/role/GoodwillAndOtherIntangiblesTables" xlink:href="ash-20121231.xsd#GoodwillAndOtherIntangiblesTables" xlink:type="simple" />
  <roleRef roleURI="http://www.ashland.com/role/IncomeTaxes" xlink:href="ash-20121231.xsd#IncomeTaxes" xlink:type="simple" />
  <roleRef roleURI="http://www.ashland.com/role/IncomeTaxesDetails" xlink:href="ash-20121231.xsd#IncomeTaxesDetails" xlink:type="simple" />
  <roleRef roleURI="http://www.ashland.com/role/IncomeTaxesTables" xlink:href="ash-20121231.xsd#IncomeTaxesTables" xlink:type="simple" />
  <roleRef roleURI="http://www.ashland.com/role/Inventories" xlink:href="ash-20121231.xsd#Inventories" xlink:type="simple" />
  <roleRef roleURI="http://www.ashland.com/role/InventoriesDetails" xlink:href="ash-20121231.xsd#InventoriesDetails" xlink:type="simple" />
  <roleRef roleURI="http://www.ashland.com/role/InventoriesPolicies" xlink:href="ash-20121231.xsd#InventoriesPolicies" xlink:type="simple" />
  <roleRef roleURI="http://www.ashland.com/role/InventoriesTables" xlink:href="ash-20121231.xsd#InventoriesTables" xlink:type="simple" />
  <roleRef roleURI="http://www.ashland.com/role/LitigationClaimsAndContingencies" xlink:href="ash-20121231.xsd#LitigationClaimsAndContingencies" xlink:type="simple" />
  <roleRef roleURI="http://www.ashland.com/role/LitigationClaimsAndContingenciesAsbestosLitigationDetails" xlink:href="ash-20121231.xsd#LitigationClaimsAndContingenciesAsbestosLitigationDetails" xlink:type="simple" />
  <roleRef roleURI="http://www.ashland.com/role/LitigationClaimsAndContingenciesBusinessInterruptionInsuranceRecoveryDetails" xlink:href="ash-20121231.xsd#LitigationClaimsAndContingenciesBusinessInterruptionInsuranceRecoveryDetails" xlink:type="simple" />
  <roleRef roleURI="http://www.ashland.com/role/LitigationClaimsAndContingenciesEnvironmentalRemediationAndAssetRetirementObligationsDetails" xlink:href="ash-20121231.xsd#LitigationClaimsAndContingenciesEnvironmentalRemediationAndAssetRetirementObligationsDetails" xlink:type="simple" />
  <roleRef roleURI="http://www.ashland.com/role/LitigationClaimsAndContingenciesPolicies" xlink:href="ash-20121231.xsd#LitigationClaimsAndContingenciesPolicies" xlink:type="simple" />
  <roleRef roleURI="http://www.ashland.com/role/LitigationClaimsAndContingenciesTables" xlink:href="ash-20121231.xsd#LitigationClaimsAndContingenciesTables" xlink:type="simple" />
  <roleRef roleURI="http://www.ashland.com/role/RestructuringActivities" xlink:href="ash-20121231.xsd#RestructuringActivities" xlink:type="simple" />
  <roleRef roleURI="http://www.ashland.com/role/RestructuringActivitiesDetails" xlink:href="ash-20121231.xsd#RestructuringActivitiesDetails" xlink:type="simple" />
  <roleRef roleURI="http://www.ashland.com/role/RestructuringActivitiesTables" xlink:href="ash-20121231.xsd#RestructuringActivitiesTables" xlink:type="simple" />
  <roleRef roleURI="http://www.ashland.com/role/SegmentInformation" xlink:href="ash-20121231.xsd#SegmentInformation" xlink:type="simple" />
  <roleRef roleURI="http://www.ashland.com/role/SegmentInformationDetails" xlink:href="ash-20121231.xsd#SegmentInformationDetails" xlink:type="simple" />
  <roleRef roleURI="http://www.ashland.com/role/SegmentInformationTables" xlink:href="ash-20121231.xsd#SegmentInformationTables" xlink:type="simple" />
  <roleRef roleURI="http://www.ashland.com/role/SignificantAccountingPolicies" xlink:href="ash-20121231.xsd#SignificantAccountingPolicies" xlink:type="simple" />
  <roleRef roleURI="http://www.ashland.com/role/SignificantAccountingPoliciesDetails" xlink:href="ash-20121231.xsd#SignificantAccountingPoliciesDetails" xlink:type="simple" />
  <roleRef roleURI="http://www.ashland.com/role/SignificantAccountingPoliciesPolicies" xlink:href="ash-20121231.xsd#SignificantAccountingPoliciesPolicies" xlink:type="simple" />
  <roleRef roleURI="http://www.ashland.com/role/StatementOfConsolidatedStockholdersEquityUnaudited" xlink:href="ash-20121231.xsd#StatementOfConsolidatedStockholdersEquityUnaudited" xlink:type="simple" />
  <roleRef roleURI="http://www.ashland.com/role/StatementOfConsolidatedStockholdersEquityUnauditedParenthetical" xlink:href="ash-20121231.xsd#StatementOfConsolidatedStockholdersEquityUnauditedParenthetical" xlink:type="simple" />
  <roleRef roleURI="http://www.ashland.com/role/StatementsOfCondensedConsolidatedCashFlowsUnaudited" xlink:href="ash-20121231.xsd#StatementsOfCondensedConsolidatedCashFlowsUnaudited" xlink:type="simple" />
  <roleRef roleURI="http://www.ashland.com/role/StatementsOfConsolidatedComprehensiveIncomeUnaudited" xlink:href="ash-20121231.xsd#StatementsOfConsolidatedComprehensiveIncomeUnaudited" xlink:type="simple" />
  <roleRef roleURI="http://www.ashland.com/role/StockIncentivePlans" xlink:href="ash-20121231.xsd#StockIncentivePlans" xlink:type="simple" />
  <roleRef roleURI="http://www.ashland.com/role/StockIncentivePlansDetails" xlink:href="ash-20121231.xsd#StockIncentivePlansDetails" xlink:type="simple" />
  <roleRef roleURI="http://www.ashland.com/role/StockIncentivePlansPoliciesPolicies" xlink:href="ash-20121231.xsd#StockIncentivePlansPoliciesPolicies" xlink:type="simple" />
  <roleRef roleURI="http://www.ashland.com/role/StockholdersEquityItems" xlink:href="ash-20121231.xsd#StockholdersEquityItems" xlink:type="simple" />
  <roleRef roleURI="http://www.ashland.com/role/StockholdersEquityItemsDetails" xlink:href="ash-20121231.xsd#StockholdersEquityItemsDetails" xlink:type="simple" />
  <roleRef roleURI="http://www.ashland.com/role/StockholdersEquityItemsTablesTables" xlink:href="ash-20121231.xsd#StockholdersEquityItemsTablesTables" xlink:type="simple" />
  <calculationLink xlink:role="http://www.ashland.com/role/Acquisitions" xlink:type="extended" />
  <calculationLink xlink:role="http://www.ashland.com/role/AcquisitionsDetails" xlink:type="extended" />
  <calculationLink xlink:role="http://www.ashland.com/role/CondensedConsolidatedBalanceSheetsUnaudited" xlink:type="extended">
    <loc xlink:href="http://xbrl.fasb.org/us-gaap/2011/elts/us-gaap-2011-01-31.xsd#us-gaap_LiabilitiesAndStockholdersEquity" xlink:label="loc_us-gaap_LiabilitiesAndStockholdersEquity_eed459d8-2585-11e0-bc05-7b821c07cce9" xlink:type="locator" />
    <loc xlink:href="http://xbrl.fasb.org/us-gaap/2011/elts/us-gaap-2011-01-31.xsd#us-gaap_LiabilitiesNoncurrent" xlink:label="loc_us-gaap_LiabilitiesNoncurrent_f0f09754-2585-11e0-bc05-7b821c07cce9" xlink:type="locator" />
    <calculationArc order="1" weight="1" xlink:arcrole="http://www.xbrl.org/2003/arcrole/summation-item" xlink:from="loc_us-gaap_LiabilitiesAndStockholdersEquity_eed459d8-2585-11e0-bc05-7b821c07cce9" xlink:to="loc_us-gaap_LiabilitiesNoncurrent_f0f09754-2585-11e0-bc05-7b821c07cce9" xlink:type="arc" />
    <loc xlink:href="http://xbrl.fasb.org/us-gaap/2011/elts/us-gaap-2011-01-31.xsd#us-gaap_LongTermDebtNoncurrent" xlink:label="loc_us-gaap_LongTermDebtNoncurrent_efc6161a-2585-11e0-bc05-7b821c07cce9" xlink:type="locator" />
    <calculationArc order="1" weight="1" xlink:arcrole="http://www.xbrl.org/2003/arcrole/summation-item" xlink:from="loc_us-gaap_LiabilitiesNoncurrent_f0f09754-2585-11e0-bc05-7b821c07cce9" xlink:to="loc_us-gaap_LongTermDebtNoncurrent_efc6161a-2585-11e0-bc05-7b821c07cce9" xlink:type="arc" />
    <loc xlink:href="http://xbrl.fasb.org/us-gaap/2011/elts/us-gaap-2011-01-31.xsd#us-gaap_PensionAndOtherPostretirementDefinedBenefitPlansLiabilitiesNoncurrent" xlink:label="loc_us-gaap_PensionAndOtherPostretirementDefinedBenefitPlansLiabilitiesNoncurrent_084e7d94-2586-11e0-bc05-7b821c07cce9" xlink:type="locator" />
    <calculationArc order="2" weight="1" xlink:arcrole="http://www.xbrl.org/2003/arcrole/summation-item" xlink:from="loc_us-gaap_LiabilitiesNoncurrent_f0f09754-2585-11e0-bc05-7b821c07cce9" xlink:to="loc_us-gaap_PensionAndOtherPostretirementDefinedBenefitPlansLiabilitiesNoncurrent_084e7d94-2586-11e0-bc05-7b821c07cce9" xlink:type="arc" />
    <loc xlink:href="http://xbrl.fasb.org/us-gaap/2011/elts/us-gaap-2011-01-31.xsd#us-gaap_LitigationReserveNoncurrent" xlink:label="loc_us-gaap_LitigationReserveNoncurrent_fb5a47b2-2585-11e0-bc05-7b821c07cce9" xlink:type="locator" />
    <calculationArc order="3" weight="1" xlink:arcrole="http://www.xbrl.org/2003/arcrole/summation-item" xlink:from="loc_us-gaap_LiabilitiesNoncurrent_f0f09754-2585-11e0-bc05-7b821c07cce9" xlink:to="loc_us-gaap_LitigationReserveNoncurrent_fb5a47b2-2585-11e0-bc05-7b821c07cce9" xlink:type="arc" />
    <loc xlink:href="http://xbrl.fasb.org/us-gaap/2011/elts/us-gaap-2011-01-31.xsd#us-gaap_DeferredTaxLiabilitiesNoncurrent" xlink:label="loc_us-gaap_DeferredTaxLiabilitiesNoncurrent_e8139d70-2585-11e0-bc05-7b821c07cce9" xlink:type="locator" />
    <calculationArc order="4" weight="1" xlink:arcrole="http://www.xbrl.org/2003/arcrole/summation-item" xlink:from="loc_us-gaap_LiabilitiesNoncurrent_f0f09754-2585-11e0-bc05-7b821c07cce9" xlink:to="loc_us-gaap_DeferredTaxLiabilitiesNoncurrent_e8139d70-2585-11e0-bc05-7b821c07cce9" xlink:type="arc" />
    <loc xlink:href="http://xbrl.fasb.org/us-gaap/2011/elts/us-gaap-2011-01-31.xsd#us-gaap_OtherLiabilitiesNoncurrent" xlink:label="loc_us-gaap_OtherLiabilitiesNoncurrent_faebbfcc-2585-11e0-bc05-7b821c07cce9" xlink:type="locator" />
    <calculationArc order="5" weight="1" xlink:arcrole="http://www.xbrl.org/2003/arcrole/summation-item" xlink:from="loc_us-gaap_LiabilitiesNoncurrent_f0f09754-2585-11e0-bc05-7b821c07cce9" xlink:to="loc_us-gaap_OtherLiabilitiesNoncurrent_faebbfcc-2585-11e0-bc05-7b821c07cce9" xlink:type="arc" />
    <loc xlink:href="http://xbrl.fasb.org/us-gaap/2011/elts/us-gaap-2011-01-31.xsd#us-gaap_StockholdersEquity" xlink:label="loc_us-gaap_StockholdersEquity_00bf81f4-2586-11e0-bc05-7b821c07cce9" xlink:type="locator" />
    <calculationArc order="2" weight="1" xlink:arcrole="http://www.xbrl.org/2003/arcrole/summation-item" xlink:from="loc_us-gaap_LiabilitiesAndStockholdersEquity_eed459d8-2585-11e0-bc05-7b821c07cce9" xlink:to="loc_us-gaap_StockholdersEquity_00bf81f4-2586-11e0-bc05-7b821c07cce9" xlink:type="arc" />
    <loc xlink:href="http://xbrl.fasb.org/us-gaap/2011/elts/us-gaap-2011-01-31.xsd#us-gaap_LiabilitiesCurrent" xlink:label="loc_us-gaap_LiabilitiesCurrent_e70775a0-2585-11e0-bc05-7b821c07cce9" xlink:type="locator" />
    <calculationArc order="3" weight="1" xlink:arcrole="http://www.xbrl.org/2003/arcrole/summation-item" xlink:from="loc_us-gaap_LiabilitiesAndStockholdersEquity_eed459d8-2585-11e0-bc05-7b821c07cce9" xlink:to="loc_us-gaap_LiabilitiesCurrent_e70775a0-2585-11e0-bc05-7b821c07cce9" xlink:type="arc" />
    <loc xlink:href="http://xbrl.fasb.org/us-gaap/2011/elts/us-gaap-2011-01-31.xsd#us-gaap_ShortTermBorrowings" xlink:label="loc_us-gaap_ShortTermBorrowings_f8078372-2585-11e0-bc05-7b821c07cce9" xlink:type="locator" />
    <calculationArc order="1" weight="1" xlink:arcrole="http://www.xbrl.org/2003/arcrole/summation-item" xlink:from="loc_us-gaap_LiabilitiesCurrent_e70775a0-2585-11e0-bc05-7b821c07cce9" xlink:to="loc_us-gaap_ShortTermBorrowings_f8078372-2585-11e0-bc05-7b821c07cce9" xlink:type="arc" />
    <loc xlink:href="http://xbrl.fasb.org/us-gaap/2011/elts/us-gaap-2011-01-31.xsd#us-gaap_LongTermDebtCurrent" xlink:label="loc_us-gaap_LongTermDebtCurrent_efc3d2ec-2585-11e0-bc05-7b821c07cce9" xlink:type="locator" />
    <calculationArc order="2" weight="1" xlink:arcrole="http://www.xbrl.org/2003/arcrole/summation-item" xlink:from="loc_us-gaap_LiabilitiesCurrent_e70775a0-2585-11e0-bc05-7b821c07cce9" xlink:to="loc_us-gaap_LongTermDebtCurrent_efc3d2ec-2585-11e0-bc05-7b821c07cce9" xlink:type="arc" />
    <loc xlink:href="http://xbrl.fasb.org/us-gaap/2011/elts/us-gaap-2011-01-31.xsd#us-gaap_AccountsPayableCurrent" xlink:label="loc_us-gaap_AccountsPayableCurrent_07c49f2a-2586-11e0-bc05-7b821c07cce9" xlink:type="locator" />
    <calculationArc order="3" weight="1" xlink:arcrole="http://www.xbrl.org/2003/arcrole/summation-item" xlink:from="loc_us-gaap_LiabilitiesCurrent_e70775a0-2585-11e0-bc05-7b821c07cce9" xlink:to="loc_us-gaap_AccountsPayableCurrent_07c49f2a-2586-11e0-bc05-7b821c07cce9" xlink:type="arc" />
    <loc xlink:href="http://xbrl.fasb.org/us-gaap/2011/elts/us-gaap-2011-01-31.xsd#us-gaap_AccruedLiabilitiesCurrent" xlink:label="loc_us-gaap_AccruedLiabilitiesCurrent_07f9742a-2586-11e0-bc05-7b821c07cce9" xlink:type="locator" />
    <calculationArc order="4" weight="1" xlink:arcrole="http://www.xbrl.org/2003/arcrole/summation-item" xlink:from="loc_us-gaap_LiabilitiesCurrent_e70775a0-2585-11e0-bc05-7b821c07cce9" xlink:to="loc_us-gaap_AccruedLiabilitiesCurrent_07f9742a-2586-11e0-bc05-7b821c07cce9" xlink:type="arc" />
    <loc xlink:href="http://xbrl.fasb.org/us-gaap/2011/elts/us-gaap-2011-01-31.xsd#us-gaap_Assets" xlink:label="loc_us-gaap_Assets_fa7db8f6-2585-11e0-bc05-7b821c07cce9" xlink:type="locator" />
    <loc xlink:href="http://xbrl.fasb.org/us-gaap/2011/elts/us-gaap-2011-01-31.xsd#us-gaap_AssetsCurrent" xlink:label="loc_us-gaap_AssetsCurrent_f8ae30dc-2585-11e0-bc05-7b821c07cce9" xlink:type="locator" />
    <calculationArc order="1" weight="1" xlink:arcrole="http://www.xbrl.org/2003/arcrole/summation-item" xlink:from="loc_us-gaap_Assets_fa7db8f6-2585-11e0-bc05-7b821c07cce9" xlink:to="loc_us-gaap_AssetsCurrent_f8ae30dc-2585-11e0-bc05-7b821c07cce9" xlink:type="arc" />
    <loc xlink:href="http://xbrl.fasb.org/us-gaap/2011/elts/us-gaap-2011-01-31.xsd#us-gaap_CashAndCashEquivalentsAtCarryingValue" xlink:label="loc_us-gaap_CashAndCashEquivalentsAtCarryingValue_e5378c74-2585-11e0-bc05-7b821c07cce9" xlink:type="locator" />
    <calculationArc order="1" weight="1" xlink:arcrole="http://www.xbrl.org/2003/arcrole/summation-item" xlink:from="loc_us-gaap_AssetsCurrent_f8ae30dc-2585-11e0-bc05-7b821c07cce9" xlink:to="loc_us-gaap_CashAndCashEquivalentsAtCarryingValue_e5378c74-2585-11e0-bc05-7b821c07cce9" xlink:type="arc" />
    <loc xlink:href="http://xbrl.fasb.org/us-gaap/2011/elts/us-gaap-2011-01-31.xsd#us-gaap_AccountsReceivableNetCurrent" xlink:label="loc_us-gaap_AccountsReceivableNetCurrent_e2791aa2-2585-11e0-bc05-7b821c07cce9" xlink:type="locator" />
    <calculationArc order="2" weight="1" xlink:arcrole="http://www.xbrl.org/2003/arcrole/summation-item" xlink:from="loc_us-gaap_AssetsCurrent_f8ae30dc-2585-11e0-bc05-7b821c07cce9" xlink:to="loc_us-gaap_AccountsReceivableNetCurrent_e2791aa2-2585-11e0-bc05-7b821c07cce9" xlink:type="arc" />
    <loc xlink:href="http://xbrl.fasb.org/us-gaap/2011/elts/us-gaap-2011-01-31.xsd#us-gaap_InventoryNet" xlink:label="loc_us-gaap_InventoryNet_ee7eb460-2585-11e0-bc05-7b821c07cce9" xlink:type="locator" />
    <calculationArc order="3" weight="1" xlink:arcrole="http://www.xbrl.org/2003/arcrole/summation-item" xlink:from="loc_us-gaap_AssetsCurrent_f8ae30dc-2585-11e0-bc05-7b821c07cce9" xlink:to="loc_us-gaap_InventoryNet_ee7eb460-2585-11e0-bc05-7b821c07cce9" xlink:type="arc" />
    <loc xlink:href="http://xbrl.fasb.org/us-gaap/2011/elts/us-gaap-2011-01-31.xsd#us-gaap_DeferredTaxAssetsNetCurrent" xlink:label="loc_us-gaap_DeferredTaxAssetsNetCurrent_e77ca6c2-2585-11e0-bc05-7b821c07cce9" xlink:type="locator" />
    <calculationArc order="4" weight="1" xlink:arcrole="http://www.xbrl.org/2003/arcrole/summation-item" xlink:from="loc_us-gaap_AssetsCurrent_f8ae30dc-2585-11e0-bc05-7b821c07cce9" xlink:to="loc_us-gaap_DeferredTaxAssetsNetCurrent_e77ca6c2-2585-11e0-bc05-7b821c07cce9" xlink:type="arc" />
    <loc xlink:href="http://xbrl.fasb.org/us-gaap/2011/elts/us-gaap-2011-01-31.xsd#us-gaap_OtherAssetsCurrent" xlink:label="loc_us-gaap_OtherAssetsCurrent_f1e63100-2585-11e0-bc05-7b821c07cce9" xlink:type="locator" />
    <calculationArc order="5" weight="1" xlink:arcrole="http://www.xbrl.org/2003/arcrole/summation-item" xlink:from="loc_us-gaap_AssetsCurrent_f8ae30dc-2585-11e0-bc05-7b821c07cce9" xlink:to="loc_us-gaap_OtherAssetsCurrent_f1e63100-2585-11e0-bc05-7b821c07cce9" xlink:type="arc" />
    <loc xlink:href="http://xbrl.fasb.org/us-gaap/2011/elts/us-gaap-2011-01-31.xsd#us-gaap_AssetsNoncurrent" xlink:label="loc_us-gaap_AssetsNoncurrent_f0ef9f20-2585-11e0-bc05-7b821c07cce9" xlink:type="locator" />
    <calculationArc order="2" weight="1" xlink:arcrole="http://www.xbrl.org/2003/arcrole/summation-item" xlink:from="loc_us-gaap_Assets_fa7db8f6-2585-11e0-bc05-7b821c07cce9" xlink:to="loc_us-gaap_AssetsNoncurrent_f0ef9f20-2585-11e0-bc05-7b821c07cce9" xlink:type="arc" />
    <loc xlink:href="http://xbrl.fasb.org/us-gaap/2011/elts/us-gaap-2011-01-31.xsd#us-gaap_PropertyPlantAndEquipmentNet" xlink:label="loc_us-gaap_PropertyPlantAndEquipmentNet_f43e00ea-2585-11e0-bc05-7b821c07cce9" xlink:type="locator" />
    <calculationArc order="1" weight="1" xlink:arcrole="http://www.xbrl.org/2003/arcrole/summation-item" xlink:from="loc_us-gaap_AssetsNoncurrent_f0ef9f20-2585-11e0-bc05-7b821c07cce9" xlink:to="loc_us-gaap_PropertyPlantAndEquipmentNet_f43e00ea-2585-11e0-bc05-7b821c07cce9" xlink:type="arc" />
    <loc xlink:href="http://xbrl.fasb.org/us-gaap/2011/elts/us-gaap-2011-01-31.xsd#us-gaap_PropertyPlantAndEquipmentGross" xlink:label="loc_us-gaap_PropertyPlantAndEquipmentGross_f43d4286-2585-11e0-bc05-7b821c07cce9" xlink:type="locator" />
    <calculationArc order="1" weight="1" xlink:arcrole="http://www.xbrl.org/2003/arcrole/summation-item" xlink:from="loc_us-gaap_PropertyPlantAndEquipmentNet_f43e00ea-2585-11e0-bc05-7b821c07cce9" xlink:to="loc_us-gaap_PropertyPlantAndEquipmentGross_f43d4286-2585-11e0-bc05-7b821c07cce9" xlink:type="arc" />
    <loc xlink:href="http://xbrl.fasb.org/us-gaap/2011/elts/us-gaap-2011-01-31.xsd#us-gaap_AccumulatedDepreciationDepletionAndAmortizationPropertyPlantAndEquipment" xlink:label="loc_us-gaap_AccumulatedDepreciationDepletionAndAmortizationPropertyPlantAndEquipment_e2d13566-2585-11e0-bc05-7b821c07cce9" xlink:type="locator" />
    <calculationArc order="2" weight="-1" xlink:arcrole="http://www.xbrl.org/2003/arcrole/summation-item" xlink:from="loc_us-gaap_PropertyPlantAndEquipmentNet_f43e00ea-2585-11e0-bc05-7b821c07cce9" xlink:to="loc_us-gaap_AccumulatedDepreciationDepletionAndAmortizationPropertyPlantAndEquipment_e2d13566-2585-11e0-bc05-7b821c07cce9" xlink:type="arc" />
    <loc xlink:href="http://xbrl.fasb.org/us-gaap/2011/elts/us-gaap-2011-01-31.xsd#us-gaap_Goodwill" xlink:label="loc_us-gaap_Goodwill_edd3f2e6-2585-11e0-bc05-7b821c07cce9" xlink:type="locator" />
    <calculationArc order="2" weight="1" xlink:arcrole="http://www.xbrl.org/2003/arcrole/summation-item" xlink:from="loc_us-gaap_AssetsNoncurrent_f0ef9f20-2585-11e0-bc05-7b821c07cce9" xlink:to="loc_us-gaap_Goodwill_edd3f2e6-2585-11e0-bc05-7b821c07cce9" xlink:type="arc" />
    <loc xlink:href="http://xbrl.fasb.org/us-gaap/2011/elts/us-gaap-2011-01-31.xsd#us-gaap_IntangibleAssetsNetExcludingGoodwill" xlink:label="loc_us-gaap_IntangibleAssetsNetExcludingGoodwill_edcf1a64-2585-11e0-bc05-7b821c07cce9" xlink:type="locator" />
    <calculationArc order="3" weight="1" xlink:arcrole="http://www.xbrl.org/2003/arcrole/summation-item" xlink:from="loc_us-gaap_AssetsNoncurrent_f0ef9f20-2585-11e0-bc05-7b821c07cce9" xlink:to="loc_us-gaap_IntangibleAssetsNetExcludingGoodwill_edcf1a64-2585-11e0-bc05-7b821c07cce9" xlink:type="arc" />
    <loc xlink:href="http://xbrl.fasb.org/us-gaap/2011/elts/us-gaap-2011-01-31.xsd#us-gaap_InsuranceSettlementsReceivableNoncurrent" xlink:label="loc_us-gaap_InsuranceSettlementsReceivableNoncurrent_06194090-2586-11e0-bc05-7b821c07cce9" xlink:type="locator" />
    <calculationArc order="4" weight="1" xlink:arcrole="http://www.xbrl.org/2003/arcrole/summation-item" xlink:from="loc_us-gaap_AssetsNoncurrent_f0ef9f20-2585-11e0-bc05-7b821c07cce9" xlink:to="loc_us-gaap_InsuranceSettlementsReceivableNoncurrent_06194090-2586-11e0-bc05-7b821c07cce9" xlink:type="arc" />
    <loc xlink:href="http://xbrl.fasb.org/us-gaap/2011/elts/us-gaap-2011-01-31.xsd#us-gaap_EquityMethodInvestments" xlink:label="loc_us-gaap_EquityMethodInvestments_eb290e8c-2585-11e0-bc05-7b821c07cce9" xlink:type="locator" />
    <calculationArc order="5" weight="1" xlink:arcrole="http://www.xbrl.org/2003/arcrole/summation-item" xlink:from="loc_us-gaap_AssetsNoncurrent_f0ef9f20-2585-11e0-bc05-7b821c07cce9" xlink:to="loc_us-gaap_EquityMethodInvestments_eb290e8c-2585-11e0-bc05-7b821c07cce9" xlink:type="arc" />
    <loc xlink:href="http://xbrl.fasb.org/us-gaap/2011/elts/us-gaap-2011-01-31.xsd#us-gaap_OtherAssetsNoncurrent" xlink:label="loc_us-gaap_OtherAssetsNoncurrent_ff39e37e-2585-11e0-bc05-7b821c07cce9" xlink:type="locator" />
    <calculationArc order="6" weight="1" xlink:arcrole="http://www.xbrl.org/2003/arcrole/summation-item" xlink:from="loc_us-gaap_AssetsNoncurrent_f0ef9f20-2585-11e0-bc05-7b821c07cce9" xlink:to="loc_us-gaap_OtherAssetsNoncurrent_ff39e37e-2585-11e0-bc05-7b821c07cce9" xlink:type="arc" />
  </calculationLink>
  <calculationLink xlink:role="http://www.ashland.com/role/CondensedConsolidatedBalanceSheetsUnauditedParenthetical" xlink:type="extended" />
  <calculationLink xlink:role="http://www.ashland.com/role/Debt" xlink:type="extended" />
  <calculationLink xlink:role="http://www.ashland.com/role/DebtDetails" xlink:type="extended">
    <loc xlink:href="http://xbrl.fasb.org/us-gaap/2011/elts/us-gaap-2011-01-31.xsd#us-gaap_BorrowedFunds" xlink:label="loc_us-gaap_BorrowedFunds_0c7861f0-2586-11e0-bc05-7b821c07cce9" xlink:type="locator" />
    <loc xlink:href="http://xbrl.fasb.org/us-gaap/2011/elts/us-gaap-2011-01-31.xsd#us-gaap_ShortTermBorrowings" xlink:label="loc_us-gaap_ShortTermBorrowings_f8078372-2585-11e0-bc05-7b821c07cce9" xlink:type="locator" />
    <calculationArc order="1" weight="1" xlink:arcrole="http://www.xbrl.org/2003/arcrole/summation-item" xlink:from="loc_us-gaap_BorrowedFunds_0c7861f0-2586-11e0-bc05-7b821c07cce9" xlink:to="loc_us-gaap_ShortTermBorrowings_f8078372-2585-11e0-bc05-7b821c07cce9" xlink:type="arc" />
    <loc xlink:href="http://xbrl.fasb.org/us-gaap/2011/elts/us-gaap-2011-01-31.xsd#us-gaap_LongTermDebtCurrent" xlink:label="loc_us-gaap_LongTermDebtCurrent_efc3d2ec-2585-11e0-bc05-7b821c07cce9" xlink:type="locator" />
    <calculationArc order="2" weight="1" xlink:arcrole="http://www.xbrl.org/2003/arcrole/summation-item" xlink:from="loc_us-gaap_BorrowedFunds_0c7861f0-2586-11e0-bc05-7b821c07cce9" xlink:to="loc_us-gaap_LongTermDebtCurrent_efc3d2ec-2585-11e0-bc05-7b821c07cce9" xlink:type="arc" />
    <loc xlink:href="http://xbrl.fasb.org/us-gaap/2011/elts/us-gaap-2011-01-31.xsd#us-gaap_LongTermDebtNoncurrent" xlink:label="loc_us-gaap_LongTermDebtNoncurrent_efc6161a-2585-11e0-bc05-7b821c07cce9" xlink:type="locator" />
    <calculationArc order="3" weight="1" xlink:arcrole="http://www.xbrl.org/2003/arcrole/summation-item" xlink:from="loc_us-gaap_BorrowedFunds_0c7861f0-2586-11e0-bc05-7b821c07cce9" xlink:to="loc_us-gaap_LongTermDebtNoncurrent_efc6161a-2585-11e0-bc05-7b821c07cce9" xlink:type="arc" />
  </calculationLink>
  <calculationLink xlink:role="http://www.ashland.com/role/DebtTables" xlink:type="extended" />
  <calculationLink xlink:role="http://www.ashland.com/role/DiscontinuedOperations" xlink:type="extended" />
  <calculationLink xlink:role="http://www.ashland.com/role/DiscontinuedOperationsDetails" xlink:type="extended" />
  <calculationLink xlink:role="http://www.ashland.com/role/DiscontinuedOperationsTables" xlink:type="extended" />
  <calculationLink xlink:role="http://www.ashland.com/role/Divestitures" xlink:type="extended" />
  <calculationLink xlink:role="http://www.ashland.com/role/DivestituresNarrativeDetails" xlink:type="extended" />
  <calculationLink xlink:role="http://www.ashland.com/role/DocumentAndEntityInformation" xlink:type="extended" />
  <calculationLink xlink:role="http://www.ashland.com/role/EarningsPerShare" xlink:type="extended" />
  <calculationLink xlink:role="http://www.ashland.com/role/EarningsPerShareDetails" xlink:type="extended">
    <loc xlink:href="http://xbrl.fasb.org/us-gaap/2011/elts/us-gaap-2011-01-31.xsd#us-gaap_WeightedAverageNumberOfDilutedSharesOutstanding" xlink:label="loc_us-gaap_WeightedAverageNumberOfDilutedSharesOutstanding_f986d78e-2585-11e0-bc05-7b821c07cce9" xlink:type="locator" />
    <loc xlink:href="http://xbrl.fasb.org/us-gaap/2011/elts/us-gaap-2011-01-31.xsd#us-gaap_WeightedAverageNumberOfSharesOutstandingBasic" xlink:label="loc_us-gaap_WeightedAverageNumberOfSharesOutstandingBasic_f9898fce-2585-11e0-bc05-7b821c07cce9" xlink:type="locator" />
    <calculationArc order="1" weight="1" xlink:arcrole="http://www.xbrl.org/2003/arcrole/summation-item" xlink:from="loc_us-gaap_WeightedAverageNumberOfDilutedSharesOutstanding_f986d78e-2585-11e0-bc05-7b821c07cce9" xlink:to="loc_us-gaap_WeightedAverageNumberOfSharesOutstandingBasic_f9898fce-2585-11e0-bc05-7b821c07cce9" xlink:type="arc" />
    <loc xlink:href="http://xbrl.fasb.org/us-gaap/2011/elts/us-gaap-2011-01-31.xsd#us-gaap_IncrementalCommonSharesAttributableToShareBasedPaymentArrangements" xlink:label="loc_us-gaap_IncrementalCommonSharesAttributableToShareBasedPaymentArrangements_edb1d10c-2585-11e0-bc05-7b821c07cce9" xlink:type="locator" />
    <calculationArc order="2" weight="1" xlink:arcrole="http://www.xbrl.org/2003/arcrole/summation-item" xlink:from="loc_us-gaap_WeightedAverageNumberOfDilutedSharesOutstanding_f986d78e-2585-11e0-bc05-7b821c07cce9" xlink:to="loc_us-gaap_IncrementalCommonSharesAttributableToShareBasedPaymentArrangements_edb1d10c-2585-11e0-bc05-7b821c07cce9" xlink:type="arc" />
  </calculationLink>
  <calculationLink xlink:role="http://www.ashland.com/role/EarningsPerSharePolicies" xlink:type="extended" />
  <calculationLink xlink:role="http://www.ashland.com/role/EarningsPerShareTables" xlink:type="extended" />
  <calculationLink xlink:role="http://www.ashland.com/role/EmployeeBenefitPlans" xlink:type="extended" />
  <calculationLink xlink:role="http://www.ashland.com/role/EmployeeBenefitPlansDetails" xlink:type="extended">
    <loc xlink:href="http://xbrl.fasb.org/us-gaap/2011/elts/us-gaap-2011-01-31.xsd#us-gaap_DefinedBenefitPlanNetPeriodicBenefitCost" xlink:label="loc_us-gaap_DefinedBenefitPlanNetPeriodicBenefitCost_f2c601c2-2585-11e0-bc05-7b821c07cce9" xlink:type="locator" />
    <loc xlink:href="http://xbrl.fasb.org/us-gaap/2011/elts/us-gaap-2011-01-31.xsd#us-gaap_DefinedBenefitPlanServiceCost" xlink:label="loc_us-gaap_DefinedBenefitPlanServiceCost_f2d12192-2585-11e0-bc05-7b821c07cce9" xlink:type="locator" />
    <calculationArc order="1" weight="1" xlink:arcrole="http://www.xbrl.org/2003/arcrole/summation-item" xlink:from="loc_us-gaap_DefinedBenefitPlanNetPeriodicBenefitCost_f2c601c2-2585-11e0-bc05-7b821c07cce9" xlink:to="loc_us-gaap_DefinedBenefitPlanServiceCost_f2d12192-2585-11e0-bc05-7b821c07cce9" xlink:type="arc" />
    <loc xlink:href="http://xbrl.fasb.org/us-gaap/2011/elts/us-gaap-2011-01-31.xsd#us-gaap_DefinedBenefitPlanInterestCost" xlink:label="loc_us-gaap_DefinedBenefitPlanInterestCost_f2c232a4-2585-11e0-bc05-7b821c07cce9" xlink:type="locator" />
    <calculationArc order="2" weight="1" xlink:arcrole="http://www.xbrl.org/2003/arcrole/summation-item" xlink:from="loc_us-gaap_DefinedBenefitPlanNetPeriodicBenefitCost_f2c601c2-2585-11e0-bc05-7b821c07cce9" xlink:to="loc_us-gaap_DefinedBenefitPlanInterestCost_f2c232a4-2585-11e0-bc05-7b821c07cce9" xlink:type="arc" />
    <loc xlink:href="http://xbrl.fasb.org/us-gaap/2011/elts/us-gaap-2011-01-31.xsd#us-gaap_DefinedBenefitPlanExpectedReturnOnPlanAssets" xlink:label="loc_us-gaap_DefinedBenefitPlanExpectedReturnOnPlanAssets_f2bda75c-2585-11e0-bc05-7b821c07cce9" xlink:type="locator" />
    <calculationArc order="3" weight="-1" xlink:arcrole="http://www.xbrl.org/2003/arcrole/summation-item" xlink:from="loc_us-gaap_DefinedBenefitPlanNetPeriodicBenefitCost_f2c601c2-2585-11e0-bc05-7b821c07cce9" xlink:to="loc_us-gaap_DefinedBenefitPlanExpectedReturnOnPlanAssets_f2bda75c-2585-11e0-bc05-7b821c07cce9" xlink:type="arc" />
    <loc xlink:href="http://xbrl.fasb.org/us-gaap/2011/elts/us-gaap-2011-01-31.xsd#us-gaap_DefinedBenefitPlanAmortizationOfPriorServiceCostCredit" xlink:label="loc_us-gaap_DefinedBenefitPlanAmortizationOfPriorServiceCostCredit_f29abec2-2585-11e0-bc05-7b821c07cce9" xlink:type="locator" />
    <calculationArc order="4" weight="1" xlink:arcrole="http://www.xbrl.org/2003/arcrole/summation-item" xlink:from="loc_us-gaap_DefinedBenefitPlanNetPeriodicBenefitCost_f2c601c2-2585-11e0-bc05-7b821c07cce9" xlink:to="loc_us-gaap_DefinedBenefitPlanAmortizationOfPriorServiceCostCredit_f29abec2-2585-11e0-bc05-7b821c07cce9" xlink:type="arc" />
  </calculationLink>
  <calculationLink xlink:role="http://www.ashland.com/role/EmployeeBenefitPlansTables" xlink:type="extended" />
  <calculationLink xlink:role="http://www.ashland.com/role/FairValueMeasurements" xlink:type="extended" />
  <calculationLink xlink:role="http://www.ashland.com/role/FairValueMeasurementsCurrencyHedgesDetails" xlink:type="extended" />
  <calculationLink xlink:role="http://www.ashland.com/role/FairValueMeasurementsInterestRateHedgesDetails" xlink:type="extended" />
  <calculationLink xlink:role="http://www.ashland.com/role/FairValueMeasurementsOtherFinancialInstrumentsDetails" xlink:type="extended" />
  <calculationLink xlink:role="http://www.ashland.com/role/FairValueMeasurementsPolicies" xlink:type="extended" />
  <calculationLink xlink:role="http://www.ashland.com/role/FairValueMeasurementsRecurringBasisDetails" xlink:type="extended">
    <loc xlink:href="http://xbrl.fasb.org/us-gaap/2011/elts/us-gaap-2011-01-31.xsd#us-gaap_AssetsFairValueDisclosure" xlink:label="loc_us-gaap_AssetsFairValueDisclosure_08d3aabe-2586-11e0-bc05-7b821c07cce9" xlink:type="locator" />
    <loc xlink:href="http://xbrl.fasb.org/us-gaap/2011/elts/us-gaap-2011-01-31.xsd#us-gaap_CashAndCashEquivalentsFairValueDisclosure" xlink:label="loc_us-gaap_CashAndCashEquivalentsFairValueDisclosure_fb8ae872-2585-11e0-bc05-7b821c07cce9" xlink:type="locator" />
    <calculationArc order="1" weight="1" xlink:arcrole="http://www.xbrl.org/2003/arcrole/summation-item" xlink:from="loc_us-gaap_AssetsFairValueDisclosure_08d3aabe-2586-11e0-bc05-7b821c07cce9" xlink:to="loc_us-gaap_CashAndCashEquivalentsFairValueDisclosure_fb8ae872-2585-11e0-bc05-7b821c07cce9" xlink:type="arc" />
    <loc xlink:href="ash-20121231.xsd#ash_DeferredCompensationInvestmentsFairValueDisclosure" xlink:label="loc_ash_DeferredCompensationInvestmentsFairValueDisclosure_a36ee08c-a372-11e1-ba93-1231380dc193" xlink:type="locator" />
    <calculationArc order="2" weight="1" xlink:arcrole="http://www.xbrl.org/2003/arcrole/summation-item" xlink:from="loc_us-gaap_AssetsFairValueDisclosure_08d3aabe-2586-11e0-bc05-7b821c07cce9" xlink:to="loc_ash_DeferredCompensationInvestmentsFairValueDisclosure_a36ee08c-a372-11e1-ba93-1231380dc193" xlink:type="arc" />
    <loc xlink:href="ash-20121231.xsd#ash_InvestmentsOfCaptiveInsuranceCompanyFairValueDisclosure" xlink:label="loc_ash_InvestmentsOfCaptiveInsuranceCompanyFairValueDisclosure_a3312dfa-a372-11e1-ba93-1231380dc193" xlink:type="locator" />
    <calculationArc order="3" weight="1" xlink:arcrole="http://www.xbrl.org/2003/arcrole/summation-item" xlink:from="loc_us-gaap_AssetsFairValueDisclosure_08d3aabe-2586-11e0-bc05-7b821c07cce9" xlink:to="loc_ash_InvestmentsOfCaptiveInsuranceCompanyFairValueDisclosure_a3312dfa-a372-11e1-ba93-1231380dc193" xlink:type="arc" />
    <loc xlink:href="http://xbrl.fasb.org/us-gaap/2011/elts/us-gaap-2011-01-31.xsd#us-gaap_ForeignCurrencyContractAssetFairValueDisclosure" xlink:label="loc_us-gaap_ForeignCurrencyContractAssetFairValueDisclosure_032e4452-2586-11e0-bc05-7b821c07cce9" xlink:type="locator" />
    <calculationArc order="4" weight="1" xlink:arcrole="http://www.xbrl.org/2003/arcrole/summation-item" xlink:from="loc_us-gaap_AssetsFairValueDisclosure_08d3aabe-2586-11e0-bc05-7b821c07cce9" xlink:to="loc_us-gaap_ForeignCurrencyContractAssetFairValueDisclosure_032e4452-2586-11e0-bc05-7b821c07cce9" xlink:type="arc" />
  </calculationLink>
  <calculationLink xlink:role="http://www.ashland.com/role/FairValueMeasurementsTables" xlink:type="extended" />
  <calculationLink xlink:role="http://www.ashland.com/role/GoodwillAndOtherIntangibles" xlink:type="extended" />
  <calculationLink xlink:role="http://www.ashland.com/role/GoodwillAndOtherIntangiblesGoodwillDetails" xlink:type="extended" />
  <calculationLink xlink:role="http://www.ashland.com/role/GoodwillAndOtherIntangiblesOtherIntangibleAssetsDetails" xlink:type="extended">
    <loc xlink:href="http://xbrl.fasb.org/us-gaap/2011/elts/us-gaap-2011-01-31.xsd#us-gaap_FiniteLivedIntangibleAssetsNet" xlink:label="loc_us-gaap_FiniteLivedIntangibleAssetsNet_edd1cd86-2585-11e0-bc05-7b821c07cce9" xlink:type="locator" />
    <loc xlink:href="http://xbrl.fasb.org/us-gaap/2011/elts/us-gaap-2011-01-31.xsd#us-gaap_FiniteLivedIntangibleAssetsGross" xlink:label="loc_us-gaap_FiniteLivedIntangibleAssetsGross_edd0f4f6-2585-11e0-bc05-7b821c07cce9" xlink:type="locator" />
    <calculationArc order="1" weight="1" xlink:arcrole="http://www.xbrl.org/2003/arcrole/summation-item" xlink:from="loc_us-gaap_FiniteLivedIntangibleAssetsNet_edd1cd86-2585-11e0-bc05-7b821c07cce9" xlink:to="loc_us-gaap_FiniteLivedIntangibleAssetsGross_edd0f4f6-2585-11e0-bc05-7b821c07cce9" xlink:type="arc" />
    <loc xlink:href="http://xbrl.fasb.org/us-gaap/2011/elts/us-gaap-2011-01-31.xsd#us-gaap_FiniteLivedIntangibleAssetsAccumulatedAmortization" xlink:label="loc_us-gaap_FiniteLivedIntangibleAssetsAccumulatedAmortization_e2cbd8dc-2585-11e0-bc05-7b821c07cce9" xlink:type="locator" />
    <calculationArc order="2" weight="-1" xlink:arcrole="http://www.xbrl.org/2003/arcrole/summation-item" xlink:from="loc_us-gaap_FiniteLivedIntangibleAssetsNet_edd1cd86-2585-11e0-bc05-7b821c07cce9" xlink:to="loc_us-gaap_FiniteLivedIntangibleAssetsAccumulatedAmortization_e2cbd8dc-2585-11e0-bc05-7b821c07cce9" xlink:type="arc" />
  </calculationLink>
  <calculationLink xlink:role="http://www.ashland.com/role/GoodwillAndOtherIntangiblesPolicies" xlink:type="extended" />
  <calculationLink xlink:role="http://www.ashland.com/role/GoodwillAndOtherIntangiblesTables" xlink:type="extended" />
  <calculationLink xlink:role="http://www.ashland.com/role/IncomeTaxes" xlink:type="extended" />
  <calculationLink xlink:role="http://www.ashland.com/role/IncomeTaxesDetails" xlink:type="extended" />
  <calculationLink xlink:role="http://www.ashland.com/role/IncomeTaxesTables" xlink:type="extended" />
  <calculationLink xlink:role="http://www.ashland.com/role/Inventories" xlink:type="extended" />
  <calculationLink xlink:role="http://www.ashland.com/role/InventoriesDetails" xlink:type="extended">
    <loc xlink:href="http://xbrl.fasb.org/us-gaap/2011/elts/us-gaap-2011-01-31.xsd#us-gaap_InventoryNet" xlink:label="loc_us-gaap_InventoryNet_ee7eb460-2585-11e0-bc05-7b821c07cce9" xlink:type="locator" />
    <loc xlink:href="http://xbrl.fasb.org/us-gaap/2011/elts/us-gaap-2011-01-31.xsd#us-gaap_InventoryFinishedGoods" xlink:label="loc_us-gaap_InventoryFinishedGoods_ee7d60d8-2585-11e0-bc05-7b821c07cce9" xlink:type="locator" />
    <calculationArc order="1" weight="1" xlink:arcrole="http://www.xbrl.org/2003/arcrole/summation-item" xlink:from="loc_us-gaap_InventoryNet_ee7eb460-2585-11e0-bc05-7b821c07cce9" xlink:to="loc_us-gaap_InventoryFinishedGoods_ee7d60d8-2585-11e0-bc05-7b821c07cce9" xlink:type="arc" />
    <loc xlink:href="ash-20121231.xsd#ash_RawMaterialsSuppliesAndWorkInProcess" xlink:label="loc_ash_RawMaterialsSuppliesAndWorkInProcess_a35ea4b0-a372-11e1-ba93-1231380dc193" xlink:type="locator" />
    <calculationArc order="2" weight="1" xlink:arcrole="http://www.xbrl.org/2003/arcrole/summation-item" xlink:from="loc_us-gaap_InventoryNet_ee7eb460-2585-11e0-bc05-7b821c07cce9" xlink:to="loc_ash_RawMaterialsSuppliesAndWorkInProcess_a35ea4b0-a372-11e1-ba93-1231380dc193" xlink:type="arc" />
    <loc xlink:href="http://xbrl.fasb.org/us-gaap/2011/elts/us-gaap-2011-01-31.xsd#us-gaap_InventoryLIFOReserve" xlink:label="loc_us-gaap_InventoryLIFOReserve_ee7e06aa-2585-11e0-bc05-7b821c07cce9" xlink:type="locator" />
    <calculationArc order="3" weight="-1" xlink:arcrole="http://www.xbrl.org/2003/arcrole/summation-item" xlink:from="loc_us-gaap_InventoryNet_ee7eb460-2585-11e0-bc05-7b821c07cce9" xlink:to="loc_us-gaap_InventoryLIFOReserve_ee7e06aa-2585-11e0-bc05-7b821c07cce9" xlink:type="arc" />
  </calculationLink>
  <calculationLink xlink:role="http://www.ashland.com/role/InventoriesPolicies" xlink:type="extended" />
  <calculationLink xlink:role="http://www.ashland.com/role/InventoriesTables" xlink:type="extended" />
  <calculationLink xlink:role="http://www.ashland.com/role/LitigationClaimsAndContingencies" xlink:type="extended" />
  <calculationLink xlink:role="http://www.ashland.com/role/LitigationClaimsAndContingenciesAsbestosLitigationDetails" xlink:type="extended" />
  <calculationLink xlink:role="http://www.ashland.com/role/LitigationClaimsAndContingenciesBusinessInterruptionInsuranceRecoveryDetails" xlink:type="extended" />
  <calculationLink xlink:role="http://www.ashland.com/role/LitigationClaimsAndContingenciesEnvironmentalRemediationAndAssetRetirementObligationsDetails" xlink:type="extended">
    <loc xlink:href="ash-20121231.xsd#ash_TotalEnvironmentalRemediationExpenseNetOfReceivableActivity" xlink:label="loc_ash_TotalEnvironmentalRemediationExpenseNetOfReceivableActivity_a2516486-a372-11e1-ba93-1231380dc193" xlink:type="locator" />
    <loc xlink:href="http://xbrl.fasb.org/us-gaap/2011/elts/us-gaap-2011-01-31.xsd#us-gaap_AssetRetirementObligationAccretionExpense" xlink:label="loc_us-gaap_AssetRetirementObligationAccretionExpense_e442d5ee-2585-11e0-bc05-7b821c07cce9" xlink:type="locator" />
    <calculationArc order="1" weight="1" xlink:arcrole="http://www.xbrl.org/2003/arcrole/summation-item" xlink:from="loc_ash_TotalEnvironmentalRemediationExpenseNetOfReceivableActivity_a2516486-a372-11e1-ba93-1231380dc193" xlink:to="loc_us-gaap_AssetRetirementObligationAccretionExpense_e442d5ee-2585-11e0-bc05-7b821c07cce9" xlink:type="arc" />
    <loc xlink:href="http://xbrl.fasb.org/us-gaap/2011/elts/us-gaap-2011-01-31.xsd#us-gaap_EnvironmentalRemediationExpense" xlink:label="loc_us-gaap_EnvironmentalRemediationExpense_eb24fd74-2585-11e0-bc05-7b821c07cce9" xlink:type="locator" />
    <calculationArc order="1" weight="1" xlink:arcrole="http://www.xbrl.org/2003/arcrole/summation-item" xlink:from="loc_us-gaap_AssetRetirementObligationAccretionExpense_e442d5ee-2585-11e0-bc05-7b821c07cce9" xlink:to="loc_us-gaap_EnvironmentalRemediationExpense_eb24fd74-2585-11e0-bc05-7b821c07cce9" xlink:type="arc" />
    <loc xlink:href="ash-20121231.xsd#ash_Accretion" xlink:label="loc_ash_Accretion_a2e5f088-a372-11e1-ba93-1231380dc193" xlink:type="locator" />
    <calculationArc order="2" weight="1" xlink:arcrole="http://www.xbrl.org/2003/arcrole/summation-item" xlink:from="loc_us-gaap_AssetRetirementObligationAccretionExpense_e442d5ee-2585-11e0-bc05-7b821c07cce9" xlink:to="loc_ash_Accretion_a2e5f088-a372-11e1-ba93-1231380dc193" xlink:type="arc" />
    <loc xlink:href="http://xbrl.fasb.org/us-gaap/2011/elts/us-gaap-2011-01-31.xsd#us-gaap_LegalFees" xlink:label="loc_us-gaap_LegalFees_ef3bf192-2585-11e0-bc05-7b821c07cce9" xlink:type="locator" />
    <calculationArc order="3" weight="1" xlink:arcrole="http://www.xbrl.org/2003/arcrole/summation-item" xlink:from="loc_us-gaap_AssetRetirementObligationAccretionExpense_e442d5ee-2585-11e0-bc05-7b821c07cce9" xlink:to="loc_us-gaap_LegalFees_ef3bf192-2585-11e0-bc05-7b821c07cce9" xlink:type="arc" />
    <loc xlink:href="ash-20121231.xsd#ash_InsuranceReceivable" xlink:label="loc_ash_InsuranceReceivable_a14f0caa-a372-11e1-ba93-1231380dc193" xlink:type="locator" />
    <calculationArc order="2" weight="-1" xlink:arcrole="http://www.xbrl.org/2003/arcrole/summation-item" xlink:from="loc_ash_TotalEnvironmentalRemediationExpenseNetOfReceivableActivity_a2516486-a372-11e1-ba93-1231380dc193" xlink:to="loc_ash_InsuranceReceivable_a14f0caa-a372-11e1-ba93-1231380dc193" xlink:type="arc" />
  </calculationLink>
  <calculationLink xlink:role="http://www.ashland.com/role/LitigationClaimsAndContingenciesPolicies" xlink:type="extended" />
  <calculationLink xlink:role="http://www.ashland.com/role/LitigationClaimsAndContingenciesTables" xlink:type="extended" />
  <calculationLink xlink:role="http://www.ashland.com/role/RestructuringActivities" xlink:type="extended" />
  <calculationLink xlink:role="http://www.ashland.com/role/RestructuringActivitiesDetails" xlink:type="extended" />
  <calculationLink xlink:role="http://www.ashland.com/role/RestructuringActivitiesTables" xlink:type="extended" />
  <calculationLink xlink:role="http://www.ashland.com/role/SegmentInformation" xlink:type="extended" />
  <calculationLink xlink:role="http://www.ashland.com/role/SegmentInformationDetails" xlink:type="extended" />
  <calculationLink xlink:role="http://www.ashland.com/role/SegmentInformationTables" xlink:type="extended" />
  <calculationLink xlink:role="http://www.ashland.com/role/SignificantAccountingPolicies" xlink:type="extended" />
  <calculationLink xlink:role="http://www.ashland.com/role/SignificantAccountingPoliciesDetails" xlink:type="extended" />
  <calculationLink xlink:role="http://www.ashland.com/role/SignificantAccountingPoliciesPolicies" xlink:type="extended" />
  <calculationLink xlink:role="http://www.ashland.com/role/StatementOfConsolidatedStockholdersEquityUnaudited" xlink:type="extended" />
  <calculationLink xlink:role="http://www.ashland.com/role/StatementOfConsolidatedStockholdersEquityUnauditedParenthetical" xlink:type="extended" />
  <calculationLink xlink:role="http://www.ashland.com/role/StatementsOfCondensedConsolidatedCashFlowsUnaudited" xlink:type="extended">
    <loc xlink:href="http://xbrl.fasb.org/us-gaap/2011/elts/us-gaap-2011-01-31.xsd#us-gaap_CashAndCashEquivalentsPeriodIncreaseDecrease" xlink:label="loc_us-gaap_CashAndCashEquivalentsPeriodIncreaseDecrease_f0b133d4-2585-11e0-bc05-7b821c07cce9" xlink:type="locator" />
    <loc xlink:href="http://xbrl.fasb.org/us-gaap/2011/elts/us-gaap-2011-01-31.xsd#us-gaap_NetCashProvidedByUsedInContinuingOperations" xlink:label="loc_us-gaap_NetCashProvidedByUsedInContinuingOperations_0a513cc6-2586-11e0-bc05-7b821c07cce9" xlink:type="locator" />
    <calculationArc order="1" weight="1" xlink:arcrole="http://www.xbrl.org/2003/arcrole/summation-item" xlink:from="loc_us-gaap_CashAndCashEquivalentsPeriodIncreaseDecrease_f0b133d4-2585-11e0-bc05-7b821c07cce9" xlink:to="loc_us-gaap_NetCashProvidedByUsedInContinuingOperations_0a513cc6-2586-11e0-bc05-7b821c07cce9" xlink:type="arc" />
    <loc xlink:href="http://xbrl.fasb.org/us-gaap/2011/elts/us-gaap-2011-01-31.xsd#us-gaap_NetCashProvidedByUsedInOperatingActivitiesContinuingOperations" xlink:label="loc_us-gaap_NetCashProvidedByUsedInOperatingActivitiesContinuingOperations_f082c1f2-2585-11e0-bc05-7b821c07cce9" xlink:type="locator" />
    <calculationArc order="1" weight="1" xlink:arcrole="http://www.xbrl.org/2003/arcrole/summation-item" xlink:from="loc_us-gaap_NetCashProvidedByUsedInContinuingOperations_0a513cc6-2586-11e0-bc05-7b821c07cce9" xlink:to="loc_us-gaap_NetCashProvidedByUsedInOperatingActivitiesContinuingOperations_f082c1f2-2585-11e0-bc05-7b821c07cce9" xlink:type="arc" />
    <loc xlink:href="http://xbrl.fasb.org/us-gaap/2011/elts/us-gaap-2011-01-31.xsd#us-gaap_NetIncomeLoss" xlink:label="loc_us-gaap_NetIncomeLoss_f0af6c2a-2585-11e0-bc05-7b821c07cce9" xlink:type="locator" />
    <calculationArc order="1" weight="1" xlink:arcrole="http://www.xbrl.org/2003/arcrole/summation-item" xlink:from="loc_us-gaap_NetCashProvidedByUsedInOperatingActivitiesContinuingOperations_f082c1f2-2585-11e0-bc05-7b821c07cce9" xlink:to="loc_us-gaap_NetIncomeLoss_f0af6c2a-2585-11e0-bc05-7b821c07cce9" xlink:type="arc" />
    <loc xlink:href="http://xbrl.fasb.org/us-gaap/2011/elts/us-gaap-2011-01-31.xsd#us-gaap_IncomeLossFromDiscontinuedOperationsNetOfTax" xlink:label="loc_us-gaap_IncomeLossFromDiscontinuedOperationsNetOfTax_ecdf6c30-2585-11e0-bc05-7b821c07cce9" xlink:type="locator" />
    <calculationArc order="2" weight="-1" xlink:arcrole="http://www.xbrl.org/2003/arcrole/summation-item" xlink:from="loc_us-gaap_NetCashProvidedByUsedInOperatingActivitiesContinuingOperations_f082c1f2-2585-11e0-bc05-7b821c07cce9" xlink:to="loc_us-gaap_IncomeLossFromDiscontinuedOperationsNetOfTax_ecdf6c30-2585-11e0-bc05-7b821c07cce9" xlink:type="arc" />
    <loc xlink:href="http://xbrl.fasb.org/us-gaap/2011/elts/us-gaap-2011-01-31.xsd#us-gaap_DepreciationDepletionAndAmortization" xlink:label="loc_us-gaap_DepreciationDepletionAndAmortization_05f0f9dc-2586-11e0-bc05-7b821c07cce9" xlink:type="locator" />
    <calculationArc order="3" weight="1" xlink:arcrole="http://www.xbrl.org/2003/arcrole/summation-item" xlink:from="loc_us-gaap_NetCashProvidedByUsedInOperatingActivitiesContinuingOperations_f082c1f2-2585-11e0-bc05-7b821c07cce9" xlink:to="loc_us-gaap_DepreciationDepletionAndAmortization_05f0f9dc-2586-11e0-bc05-7b821c07cce9" xlink:type="arc" />
    <loc xlink:href="http://xbrl.fasb.org/us-gaap/2011/elts/us-gaap-2011-01-31.xsd#us-gaap_AmortizationOfFinancingCosts" xlink:label="loc_us-gaap_AmortizationOfFinancingCosts_e3ed8ecc-2585-11e0-bc05-7b821c07cce9" xlink:type="locator" />
    <calculationArc order="4" weight="1" xlink:arcrole="http://www.xbrl.org/2003/arcrole/summation-item" xlink:from="loc_us-gaap_NetCashProvidedByUsedInOperatingActivitiesContinuingOperations_f082c1f2-2585-11e0-bc05-7b821c07cce9" xlink:to="loc_us-gaap_AmortizationOfFinancingCosts_e3ed8ecc-2585-11e0-bc05-7b821c07cce9" xlink:type="arc" />
    <loc xlink:href="http://xbrl.fasb.org/us-gaap/2011/elts/us-gaap-2011-01-31.xsd#us-gaap_DeferredIncomeTaxExpenseBenefit" xlink:label="loc_us-gaap_DeferredIncomeTaxExpenseBenefit_e77bd6fc-2585-11e0-bc05-7b821c07cce9" xlink:type="locator" />
    <calculationArc order="5" weight="-1" xlink:arcrole="http://www.xbrl.org/2003/arcrole/summation-item" xlink:from="loc_us-gaap_NetCashProvidedByUsedInOperatingActivitiesContinuingOperations_f082c1f2-2585-11e0-bc05-7b821c07cce9" xlink:to="loc_us-gaap_DeferredIncomeTaxExpenseBenefit_e77bd6fc-2585-11e0-bc05-7b821c07cce9" xlink:type="arc" />
    <loc xlink:href="http://xbrl.fasb.org/us-gaap/2011/elts/us-gaap-2011-01-31.xsd#us-gaap_IncomeLossFromEquityMethodInvestments" xlink:label="loc_us-gaap_IncomeLossFromEquityMethodInvestments_ea0b7a8a-2585-11e0-bc05-7b821c07cce9" xlink:type="locator" />
    <calculationArc order="6" weight="-1" xlink:arcrole="http://www.xbrl.org/2003/arcrole/summation-item" xlink:from="loc_us-gaap_NetCashProvidedByUsedInOperatingActivitiesContinuingOperations_f082c1f2-2585-11e0-bc05-7b821c07cce9" xlink:to="loc_us-gaap_IncomeLossFromEquityMethodInvestments_ea0b7a8a-2585-11e0-bc05-7b821c07cce9" xlink:type="arc" />
    <loc xlink:href="http://xbrl.fasb.org/us-gaap/2011/elts/us-gaap-2011-01-31.xsd#us-gaap_EquityMethodInvestmentDividendsOrDistributions" xlink:label="loc_us-gaap_EquityMethodInvestmentDividendsOrDistributions_e35453ba-2585-11e0-bc05-7b821c07cce9" xlink:type="locator" />
    <calculationArc order="7" weight="1" xlink:arcrole="http://www.xbrl.org/2003/arcrole/summation-item" xlink:from="loc_us-gaap_NetCashProvidedByUsedInOperatingActivitiesContinuingOperations_f082c1f2-2585-11e0-bc05-7b821c07cce9" xlink:to="loc_us-gaap_EquityMethodInvestmentDividendsOrDistributions_e35453ba-2585-11e0-bc05-7b821c07cce9" xlink:type="arc" />
    <loc xlink:href="http://xbrl.fasb.org/us-gaap/2011/elts/us-gaap-2011-01-31.xsd#us-gaap_GainLossOnSaleOfPropertyPlantEquipment" xlink:label="loc_us-gaap_GainLossOnSaleOfPropertyPlantEquipment_ec5e7e4a-2585-11e0-bc05-7b821c07cce9" xlink:type="locator" />
    <calculationArc order="8" weight="-1" xlink:arcrole="http://www.xbrl.org/2003/arcrole/summation-item" xlink:from="loc_us-gaap_NetCashProvidedByUsedInOperatingActivitiesContinuingOperations_f082c1f2-2585-11e0-bc05-7b821c07cce9" xlink:to="loc_us-gaap_GainLossOnSaleOfPropertyPlantEquipment_ec5e7e4a-2585-11e0-bc05-7b821c07cce9" xlink:type="arc" />
    <loc xlink:href="http://xbrl.fasb.org/us-gaap/2011/elts/us-gaap-2011-01-31.xsd#us-gaap_ShareBasedCompensation" xlink:label="loc_us-gaap_ShareBasedCompensation_eaf41c9a-2585-11e0-bc05-7b821c07cce9" xlink:type="locator" />
    <calculationArc order="9" weight="1" xlink:arcrole="http://www.xbrl.org/2003/arcrole/summation-item" xlink:from="loc_us-gaap_NetCashProvidedByUsedInOperatingActivitiesContinuingOperations_f082c1f2-2585-11e0-bc05-7b821c07cce9" xlink:to="loc_us-gaap_ShareBasedCompensation_eaf41c9a-2585-11e0-bc05-7b821c07cce9" xlink:type="arc" />
    <loc xlink:href="http://xbrl.fasb.org/us-gaap/2011/elts/us-gaap-2011-01-31.xsd#us-gaap_DisposalGroupNotDiscontinuedOperationGainLossOnDisposal" xlink:label="loc_us-gaap_DisposalGroupNotDiscontinuedOperationGainLossOnDisposal_ec5edc8c-2585-11e0-bc05-7b821c07cce9" xlink:type="locator" />
    <calculationArc order="10" weight="1" xlink:arcrole="http://www.xbrl.org/2003/arcrole/summation-item" xlink:from="loc_us-gaap_NetCashProvidedByUsedInOperatingActivitiesContinuingOperations_f082c1f2-2585-11e0-bc05-7b821c07cce9" xlink:to="loc_us-gaap_DisposalGroupNotDiscontinuedOperationGainLossOnDisposal_ec5edc8c-2585-11e0-bc05-7b821c07cce9" xlink:type="arc" />
    <loc xlink:href="ash-20121231.xsd#ash_InventoryFairValueAdjustmentRelatedToIspAcquisition" xlink:label="loc_ash_InventoryFairValueAdjustmentRelatedToIspAcquisition_a3059b86-a372-11e1-ba93-1231380dc193" xlink:type="locator" />
    <calculationArc order="11" weight="1" xlink:arcrole="http://www.xbrl.org/2003/arcrole/summation-item" xlink:from="loc_us-gaap_NetCashProvidedByUsedInOperatingActivitiesContinuingOperations_f082c1f2-2585-11e0-bc05-7b821c07cce9" xlink:to="loc_ash_InventoryFairValueAdjustmentRelatedToIspAcquisition_a3059b86-a372-11e1-ba93-1231380dc193" xlink:type="arc" />
    <loc xlink:href="http://xbrl.fasb.org/us-gaap/2011/elts/us-gaap-2011-01-31.xsd#us-gaap_IncreaseDecreaseInOperatingCapital" xlink:label="loc_us-gaap_IncreaseDecreaseInOperatingCapital_e5de221e-2585-11e0-bc05-7b821c07cce9" xlink:type="locator" />
    <calculationArc order="12" weight="-1" xlink:arcrole="http://www.xbrl.org/2003/arcrole/summation-item" xlink:from="loc_us-gaap_NetCashProvidedByUsedInOperatingActivitiesContinuingOperations_f082c1f2-2585-11e0-bc05-7b821c07cce9" xlink:to="loc_us-gaap_IncreaseDecreaseInOperatingCapital_e5de221e-2585-11e0-bc05-7b821c07cce9" xlink:type="arc" />
    <loc xlink:href="http://xbrl.fasb.org/us-gaap/2011/elts/us-gaap-2011-01-31.xsd#us-gaap_NetCashProvidedByUsedInInvestingActivitiesContinuingOperations" xlink:label="loc_us-gaap_NetCashProvidedByUsedInInvestingActivitiesContinuingOperations_fda198c2-2585-11e0-bc05-7b821c07cce9" xlink:type="locator" />
    <calculationArc order="2" weight="1" xlink:arcrole="http://www.xbrl.org/2003/arcrole/summation-item" xlink:from="loc_us-gaap_NetCashProvidedByUsedInContinuingOperations_0a513cc6-2586-11e0-bc05-7b821c07cce9" xlink:to="loc_us-gaap_NetCashProvidedByUsedInInvestingActivitiesContinuingOperations_fda198c2-2585-11e0-bc05-7b821c07cce9" xlink:type="arc" />
    <loc xlink:href="http://xbrl.fasb.org/us-gaap/2011/elts/us-gaap-2011-01-31.xsd#us-gaap_PaymentsToAcquirePropertyPlantAndEquipment" xlink:label="loc_us-gaap_PaymentsToAcquirePropertyPlantAndEquipment_f4a4611e-2585-11e0-bc05-7b821c07cce9" xlink:type="locator" />
    <calculationArc order="1" weight="-1" xlink:arcrole="http://www.xbrl.org/2003/arcrole/summation-item" xlink:from="loc_us-gaap_NetCashProvidedByUsedInInvestingActivitiesContinuingOperations_fda198c2-2585-11e0-bc05-7b821c07cce9" xlink:to="loc_us-gaap_PaymentsToAcquirePropertyPlantAndEquipment_f4a4611e-2585-11e0-bc05-7b821c07cce9" xlink:type="arc" />
    <loc xlink:href="http://xbrl.fasb.org/us-gaap/2011/elts/us-gaap-2011-01-31.xsd#us-gaap_ProceedsFromSaleOfPropertyPlantAndEquipment" xlink:label="loc_us-gaap_ProceedsFromSaleOfPropertyPlantAndEquipment_f40b02da-2585-11e0-bc05-7b821c07cce9" xlink:type="locator" />
    <calculationArc order="2" weight="1" xlink:arcrole="http://www.xbrl.org/2003/arcrole/summation-item" xlink:from="loc_us-gaap_NetCashProvidedByUsedInInvestingActivitiesContinuingOperations_fda198c2-2585-11e0-bc05-7b821c07cce9" xlink:to="loc_us-gaap_ProceedsFromSaleOfPropertyPlantAndEquipment_f40b02da-2585-11e0-bc05-7b821c07cce9" xlink:type="arc" />
    <loc xlink:href="http://xbrl.fasb.org/us-gaap/2011/elts/us-gaap-2011-01-31.xsd#us-gaap_NetCashProvidedByUsedInFinancingActivitiesContinuingOperations" xlink:label="loc_us-gaap_NetCashProvidedByUsedInFinancingActivitiesContinuingOperations_fda1faa6-2585-11e0-bc05-7b821c07cce9" xlink:type="locator" />
    <calculationArc order="3" weight="1" xlink:arcrole="http://www.xbrl.org/2003/arcrole/summation-item" xlink:from="loc_us-gaap_NetCashProvidedByUsedInContinuingOperations_0a513cc6-2586-11e0-bc05-7b821c07cce9" xlink:to="loc_us-gaap_NetCashProvidedByUsedInFinancingActivitiesContinuingOperations_fda1faa6-2585-11e0-bc05-7b821c07cce9" xlink:type="arc" />
    <loc xlink:href="http://xbrl.fasb.org/us-gaap/2011/elts/us-gaap-2011-01-31.xsd#us-gaap_RepaymentsOfLongTermDebt" xlink:label="loc_us-gaap_RepaymentsOfLongTermDebt_f56fd81c-2585-11e0-bc05-7b821c07cce9" xlink:type="locator" />
    <calculationArc order="1" weight="-1" xlink:arcrole="http://www.xbrl.org/2003/arcrole/summation-item" xlink:from="loc_us-gaap_NetCashProvidedByUsedInFinancingActivitiesContinuingOperations_fda1faa6-2585-11e0-bc05-7b821c07cce9" xlink:to="loc_us-gaap_RepaymentsOfLongTermDebt_f56fd81c-2585-11e0-bc05-7b821c07cce9" xlink:type="arc" />
    <loc xlink:href="http://xbrl.fasb.org/us-gaap/2011/elts/us-gaap-2011-01-31.xsd#us-gaap_ProceedsFromRepaymentsOfShortTermDebt" xlink:label="loc_us-gaap_ProceedsFromRepaymentsOfShortTermDebt_e5d43d94-2585-11e0-bc05-7b821c07cce9" xlink:type="locator" />
    <calculationArc order="2" weight="1" xlink:arcrole="http://www.xbrl.org/2003/arcrole/summation-item" xlink:from="loc_us-gaap_NetCashProvidedByUsedInFinancingActivitiesContinuingOperations_fda1faa6-2585-11e0-bc05-7b821c07cce9" xlink:to="loc_us-gaap_ProceedsFromRepaymentsOfShortTermDebt_e5d43d94-2585-11e0-bc05-7b821c07cce9" xlink:type="arc" />
    <loc xlink:href="http://xbrl.fasb.org/us-gaap/2011/elts/us-gaap-2011-01-31.xsd#us-gaap_PaymentsOfDividendsCommonStock" xlink:label="loc_us-gaap_PaymentsOfDividendsCommonStock_f281d326-2585-11e0-bc05-7b821c07cce9" xlink:type="locator" />
    <calculationArc order="3" weight="-1" xlink:arcrole="http://www.xbrl.org/2003/arcrole/summation-item" xlink:from="loc_us-gaap_NetCashProvidedByUsedInFinancingActivitiesContinuingOperations_fda1faa6-2585-11e0-bc05-7b821c07cce9" xlink:to="loc_us-gaap_PaymentsOfDividendsCommonStock_f281d326-2585-11e0-bc05-7b821c07cce9" xlink:type="arc" />
    <loc xlink:href="http://xbrl.fasb.org/us-gaap/2011/elts/us-gaap-2011-01-31.xsd#us-gaap_ProceedsFromStockOptionsExercised" xlink:label="loc_us-gaap_ProceedsFromStockOptionsExercised_f43296ba-2585-11e0-bc05-7b821c07cce9" xlink:type="locator" />
    <calculationArc order="4" weight="1" xlink:arcrole="http://www.xbrl.org/2003/arcrole/summation-item" xlink:from="loc_us-gaap_NetCashProvidedByUsedInFinancingActivitiesContinuingOperations_fda1faa6-2585-11e0-bc05-7b821c07cce9" xlink:to="loc_us-gaap_ProceedsFromStockOptionsExercised_f43296ba-2585-11e0-bc05-7b821c07cce9" xlink:type="arc" />
    <loc xlink:href="http://xbrl.fasb.org/us-gaap/2011/elts/us-gaap-2011-01-31.xsd#us-gaap_ExcessTaxBenefitFromShareBasedCompensationFinancingActivities" xlink:label="loc_us-gaap_ExcessTaxBenefitFromShareBasedCompensationFinancingActivities_f88c5ffc-2585-11e0-bc05-7b821c07cce9" xlink:type="locator" />
    <calculationArc order="5" weight="1" xlink:arcrole="http://www.xbrl.org/2003/arcrole/summation-item" xlink:from="loc_us-gaap_NetCashProvidedByUsedInFinancingActivitiesContinuingOperations_fda1faa6-2585-11e0-bc05-7b821c07cce9" xlink:to="loc_us-gaap_ExcessTaxBenefitFromShareBasedCompensationFinancingActivities_f88c5ffc-2585-11e0-bc05-7b821c07cce9" xlink:type="arc" />
    <loc xlink:href="http://xbrl.fasb.org/us-gaap/2011/elts/us-gaap-2011-01-31.xsd#us-gaap_CashProvidedByUsedInOperatingActivitiesDiscontinuedOperations" xlink:label="loc_us-gaap_CashProvidedByUsedInOperatingActivitiesDiscontinuedOperations_fda9fa12-2585-11e0-bc05-7b821c07cce9" xlink:type="locator" />
    <calculationArc order="2" weight="1" xlink:arcrole="http://www.xbrl.org/2003/arcrole/summation-item" xlink:from="loc_us-gaap_CashAndCashEquivalentsPeriodIncreaseDecrease_f0b133d4-2585-11e0-bc05-7b821c07cce9" xlink:to="loc_us-gaap_CashProvidedByUsedInOperatingActivitiesDiscontinuedOperations_fda9fa12-2585-11e0-bc05-7b821c07cce9" xlink:type="arc" />
    <loc xlink:href="http://xbrl.fasb.org/us-gaap/2011/elts/us-gaap-2011-01-31.xsd#us-gaap_EffectOfExchangeRateOnCashAndCashEquivalents" xlink:label="loc_us-gaap_EffectOfExchangeRateOnCashAndCashEquivalents_ea0f1514-2585-11e0-bc05-7b821c07cce9" xlink:type="locator" />
    <calculationArc order="3" weight="1" xlink:arcrole="http://www.xbrl.org/2003/arcrole/summation-item" xlink:from="loc_us-gaap_CashAndCashEquivalentsPeriodIncreaseDecrease_f0b133d4-2585-11e0-bc05-7b821c07cce9" xlink:to="loc_us-gaap_EffectOfExchangeRateOnCashAndCashEquivalents_ea0f1514-2585-11e0-bc05-7b821c07cce9" xlink:type="arc" />
  </calculationLink>
  <calculationLink xlink:role="http://www.ashland.com/role/StatementsOfConsolidatedComprehensiveIncomeUnaudited" xlink:type="extended">
    <loc xlink:href="http://xbrl.fasb.org/us-gaap/2011/elts/us-gaap-2011-01-31.xsd#us-gaap_EarningsPerShareBasic" xlink:label="loc_us-gaap_EarningsPerShareBasic_e4a43500-2585-11e0-bc05-7b821c07cce9" xlink:type="locator" />
    <loc xlink:href="http://xbrl.fasb.org/us-gaap/2011/elts/us-gaap-2011-01-31.xsd#us-gaap_IncomeLossFromContinuingOperationsPerBasicShare" xlink:label="loc_us-gaap_IncomeLossFromContinuingOperationsPerBasicShare_ecdf2450-2585-11e0-bc05-7b821c07cce9" xlink:type="locator" />
    <calculationArc order="1" weight="1" xlink:arcrole="http://www.xbrl.org/2003/arcrole/summation-item" xlink:from="loc_us-gaap_EarningsPerShareBasic_e4a43500-2585-11e0-bc05-7b821c07cce9" xlink:to="loc_us-gaap_IncomeLossFromContinuingOperationsPerBasicShare_ecdf2450-2585-11e0-bc05-7b821c07cce9" xlink:type="arc" />
    <loc xlink:href="http://xbrl.fasb.org/us-gaap/2011/elts/us-gaap-2011-01-31.xsd#us-gaap_IncomeLossFromDiscontinuedOperationsNetOfTaxPerBasicShare" xlink:label="loc_us-gaap_IncomeLossFromDiscontinuedOperationsNetOfTaxPerBasicShare_ece04556-2585-11e0-bc05-7b821c07cce9" xlink:type="locator" />
    <calculationArc order="2" weight="1" xlink:arcrole="http://www.xbrl.org/2003/arcrole/summation-item" xlink:from="loc_us-gaap_EarningsPerShareBasic_e4a43500-2585-11e0-bc05-7b821c07cce9" xlink:to="loc_us-gaap_IncomeLossFromDiscontinuedOperationsNetOfTaxPerBasicShare_ece04556-2585-11e0-bc05-7b821c07cce9" xlink:type="arc" />
    <loc xlink:href="http://xbrl.fasb.org/us-gaap/2011/elts/us-gaap-2011-01-31.xsd#us-gaap_ComprehensiveIncomeNetOfTax" xlink:label="loc_us-gaap_ComprehensiveIncomeNetOfTax_e63cc850-2585-11e0-bc05-7b821c07cce9" xlink:type="locator" />
    <loc xlink:href="http://xbrl.fasb.org/us-gaap/2011/elts/us-gaap-2011-01-31.xsd#us-gaap_OtherComprehensiveIncomeLossNetOfTaxPeriodIncreaseDecrease" xlink:label="loc_us-gaap_OtherComprehensiveIncomeLossNetOfTaxPeriodIncreaseDecrease_f1d30b98-2585-11e0-bc05-7b821c07cce9" xlink:type="locator" />
    <calculationArc order="1" weight="1" xlink:arcrole="http://www.xbrl.org/2003/arcrole/summation-item" xlink:from="loc_us-gaap_ComprehensiveIncomeNetOfTax_e63cc850-2585-11e0-bc05-7b821c07cce9" xlink:to="loc_us-gaap_OtherComprehensiveIncomeLossNetOfTaxPeriodIncreaseDecrease_f1d30b98-2585-11e0-bc05-7b821c07cce9" xlink:type="arc" />
    <loc xlink:href="http://xbrl.fasb.org/us-gaap/2011/elts/us-gaap-2011-01-31.xsd#us-gaap_OtherComprehensiveIncomeForeignCurrencyTransactionAndTranslationAdjustmentNetOfTaxPeriodIncreaseDecrease" xlink:label="loc_us-gaap_OtherComprehensiveIncomeForeignCurrencyTransactionAndTranslationAdjustmentNetOfTaxPeriodIncreaseDecrease_f1c61424-2585-11e0-bc05-7b821c07cce9" xlink:type="locator" />
    <calculationArc order="1" weight="1" xlink:arcrole="http://www.xbrl.org/2003/arcrole/summation-item" xlink:from="loc_us-gaap_OtherComprehensiveIncomeLossNetOfTaxPeriodIncreaseDecrease_f1d30b98-2585-11e0-bc05-7b821c07cce9" xlink:to="loc_us-gaap_OtherComprehensiveIncomeForeignCurrencyTransactionAndTranslationAdjustmentNetOfTaxPeriodIncreaseDecrease_f1c61424-2585-11e0-bc05-7b821c07cce9" xlink:type="arc" />
    <loc xlink:href="http://xbrl.fasb.org/us-gaap/2011/elts/us-gaap-2011-01-31.xsd#us-gaap_OtherComprehensiveIncomeDefinedBenefitPlansAdjustmentNetOfTaxPeriodIncreaseDecrease" xlink:label="loc_us-gaap_OtherComprehensiveIncomeDefinedBenefitPlansAdjustmentNetOfTaxPeriodIncreaseDecrease_f1befcd4-2585-11e0-bc05-7b821c07cce9" xlink:type="locator" />
    <calculationArc order="2" weight="1" xlink:arcrole="http://www.xbrl.org/2003/arcrole/summation-item" xlink:from="loc_us-gaap_OtherComprehensiveIncomeLossNetOfTaxPeriodIncreaseDecrease_f1d30b98-2585-11e0-bc05-7b821c07cce9" xlink:to="loc_us-gaap_OtherComprehensiveIncomeDefinedBenefitPlansAdjustmentNetOfTaxPeriodIncreaseDecrease_f1befcd4-2585-11e0-bc05-7b821c07cce9" xlink:type="arc" />
    <loc xlink:href="http://xbrl.fasb.org/us-gaap/2011/elts/us-gaap-2011-01-31.xsd#us-gaap_OtherComprehensiveIncomeDerivativesQualifyingAsHedgesNetOfTaxPeriodIncreaseDecrease" xlink:label="loc_us-gaap_OtherComprehensiveIncomeDerivativesQualifyingAsHedgesNetOfTaxPeriodIncreaseDecrease_f1c39622-2585-11e0-bc05-7b821c07cce9" xlink:type="locator" />
    <calculationArc order="3" weight="1" xlink:arcrole="http://www.xbrl.org/2003/arcrole/summation-item" xlink:from="loc_us-gaap_OtherComprehensiveIncomeLossNetOfTaxPeriodIncreaseDecrease_f1d30b98-2585-11e0-bc05-7b821c07cce9" xlink:to="loc_us-gaap_OtherComprehensiveIncomeDerivativesQualifyingAsHedgesNetOfTaxPeriodIncreaseDecrease_f1c39622-2585-11e0-bc05-7b821c07cce9" xlink:type="arc" />
    <loc xlink:href="http://xbrl.fasb.org/us-gaap/2011/elts/us-gaap-2011-01-31.xsd#us-gaap_NetIncomeLoss" xlink:label="loc_us-gaap_NetIncomeLoss_f0af6c2a-2585-11e0-bc05-7b821c07cce9" xlink:type="locator" />
    <calculationArc order="2" weight="1" xlink:arcrole="http://www.xbrl.org/2003/arcrole/summation-item" xlink:from="loc_us-gaap_ComprehensiveIncomeNetOfTax_e63cc850-2585-11e0-bc05-7b821c07cce9" xlink:to="loc_us-gaap_NetIncomeLoss_f0af6c2a-2585-11e0-bc05-7b821c07cce9" xlink:type="arc" />
    <loc xlink:href="http://xbrl.fasb.org/us-gaap/2011/elts/us-gaap-2011-01-31.xsd#us-gaap_IncomeLossFromContinuingOperations" xlink:label="loc_us-gaap_IncomeLossFromContinuingOperations_ecde5e44-2585-11e0-bc05-7b821c07cce9" xlink:type="locator" />
    <calculationArc order="1" weight="1" xlink:arcrole="http://www.xbrl.org/2003/arcrole/summation-item" xlink:from="loc_us-gaap_NetIncomeLoss_f0af6c2a-2585-11e0-bc05-7b821c07cce9" xlink:to="loc_us-gaap_IncomeLossFromContinuingOperations_ecde5e44-2585-11e0-bc05-7b821c07cce9" xlink:type="arc" />
    <loc xlink:href="http://xbrl.fasb.org/us-gaap/2011/elts/us-gaap-2011-01-31.xsd#us-gaap_IncomeTaxExpenseBenefit" xlink:label="loc_us-gaap_IncomeTaxExpenseBenefit_0106fc64-2586-11e0-bc05-7b821c07cce9" xlink:type="locator" />
    <calculationArc order="1" weight="-1" xlink:arcrole="http://www.xbrl.org/2003/arcrole/summation-item" xlink:from="loc_us-gaap_IncomeLossFromContinuingOperations_ecde5e44-2585-11e0-bc05-7b821c07cce9" xlink:to="loc_us-gaap_IncomeTaxExpenseBenefit_0106fc64-2586-11e0-bc05-7b821c07cce9" xlink:type="arc" />
    <loc xlink:href="ash-20121231.xsd#ash_IncomeLossFromContinuingOperationsBeforeIncomeTaxes" xlink:label="loc_ash_IncomeLossFromContinuingOperationsBeforeIncomeTaxes_a300a5b8-a372-11e1-ba93-1231380dc193" xlink:type="locator" />
    <calculationArc order="2" weight="1" xlink:arcrole="http://www.xbrl.org/2003/arcrole/summation-item" xlink:from="loc_us-gaap_IncomeLossFromContinuingOperations_ecde5e44-2585-11e0-bc05-7b821c07cce9" xlink:to="loc_ash_IncomeLossFromContinuingOperationsBeforeIncomeTaxes_a300a5b8-a372-11e1-ba93-1231380dc193" xlink:type="arc" />
    <loc xlink:href="http://xbrl.fasb.org/us-gaap/2011/elts/us-gaap-2011-01-31.xsd#us-gaap_InterestIncomeExpenseNet" xlink:label="loc_us-gaap_InterestIncomeExpenseNet_f0b4a91a-2585-11e0-bc05-7b821c07cce9" xlink:type="locator" />
    <calculationArc order="1" weight="1" xlink:arcrole="http://www.xbrl.org/2003/arcrole/summation-item" xlink:from="loc_ash_IncomeLossFromContinuingOperationsBeforeIncomeTaxes_a300a5b8-a372-11e1-ba93-1231380dc193" xlink:to="loc_us-gaap_InterestIncomeExpenseNet_f0b4a91a-2585-11e0-bc05-7b821c07cce9" xlink:type="arc" />
    <loc xlink:href="ash-20121231.xsd#ash_DisposalGroupNotDiscontinuedOperationGainLossOnDisposalAndBusinessCombination" xlink:label="loc_ash_DisposalGroupNotDiscontinuedOperationGainLossOnDisposalAndBusinessCombination_a2e85986-a372-11e1-ba93-1231380dc193" xlink:type="locator" />
    <calculationArc order="2" weight="1" xlink:arcrole="http://www.xbrl.org/2003/arcrole/summation-item" xlink:from="loc_ash_IncomeLossFromContinuingOperationsBeforeIncomeTaxes_a300a5b8-a372-11e1-ba93-1231380dc193" xlink:to="loc_ash_DisposalGroupNotDiscontinuedOperationGainLossOnDisposalAndBusinessCombination_a2e85986-a372-11e1-ba93-1231380dc193" xlink:type="arc" />
    <loc xlink:href="http://xbrl.fasb.org/us-gaap/2011/elts/us-gaap-2011-01-31.xsd#us-gaap_OperatingIncomeLoss" xlink:label="loc_us-gaap_OperatingIncomeLoss_f1959cb8-2585-11e0-bc05-7b821c07cce9" xlink:type="locator" />
    <calculationArc order="3" weight="1" xlink:arcrole="http://www.xbrl.org/2003/arcrole/summation-item" xlink:from="loc_ash_IncomeLossFromContinuingOperationsBeforeIncomeTaxes_a300a5b8-a372-11e1-ba93-1231380dc193" xlink:to="loc_us-gaap_OperatingIncomeLoss_f1959cb8-2585-11e0-bc05-7b821c07cce9" xlink:type="arc" />
    <loc xlink:href="http://xbrl.fasb.org/us-gaap/2011/elts/us-gaap-2011-01-31.xsd#us-gaap_GrossProfit" xlink:label="loc_us-gaap_GrossProfit_ec7be2aa-2585-11e0-bc05-7b821c07cce9" xlink:type="locator" />
    <calculationArc order="1" weight="1" xlink:arcrole="http://www.xbrl.org/2003/arcrole/summation-item" xlink:from="loc_us-gaap_OperatingIncomeLoss_f1959cb8-2585-11e0-bc05-7b821c07cce9" xlink:to="loc_us-gaap_GrossProfit_ec7be2aa-2585-11e0-bc05-7b821c07cce9" xlink:type="arc" />
    <loc xlink:href="http://xbrl.fasb.org/us-gaap/2011/elts/us-gaap-2011-01-31.xsd#us-gaap_SalesRevenueGoodsNet" xlink:label="loc_us-gaap_SalesRevenueGoodsNet_f67a28d4-2585-11e0-bc05-7b821c07cce9" xlink:type="locator" />
    <calculationArc order="1" weight="1" xlink:arcrole="http://www.xbrl.org/2003/arcrole/summation-item" xlink:from="loc_us-gaap_GrossProfit_ec7be2aa-2585-11e0-bc05-7b821c07cce9" xlink:to="loc_us-gaap_SalesRevenueGoodsNet_f67a28d4-2585-11e0-bc05-7b821c07cce9" xlink:type="arc" />
    <loc xlink:href="http://xbrl.fasb.org/us-gaap/2011/elts/us-gaap-2011-01-31.xsd#us-gaap_CostOfGoodsSold" xlink:label="loc_us-gaap_CostOfGoodsSold_e6ce98a2-2585-11e0-bc05-7b821c07cce9" xlink:type="locator" />
    <calculationArc order="2" weight="-1" xlink:arcrole="http://www.xbrl.org/2003/arcrole/summation-item" xlink:from="loc_us-gaap_GrossProfit_ec7be2aa-2585-11e0-bc05-7b821c07cce9" xlink:to="loc_us-gaap_CostOfGoodsSold_e6ce98a2-2585-11e0-bc05-7b821c07cce9" xlink:type="arc" />
    <loc xlink:href="http://xbrl.fasb.org/us-gaap/2011/elts/us-gaap-2011-01-31.xsd#us-gaap_SellingGeneralAndAdministrativeExpense" xlink:label="loc_us-gaap_SellingGeneralAndAdministrativeExpense_f777bd46-2585-11e0-bc05-7b821c07cce9" xlink:type="locator" />
    <calculationArc order="2" weight="-1" xlink:arcrole="http://www.xbrl.org/2003/arcrole/summation-item" xlink:from="loc_us-gaap_OperatingIncomeLoss_f1959cb8-2585-11e0-bc05-7b821c07cce9" xlink:to="loc_us-gaap_SellingGeneralAndAdministrativeExpense_f777bd46-2585-11e0-bc05-7b821c07cce9" xlink:type="arc" />
    <loc xlink:href="http://xbrl.fasb.org/us-gaap/2011/elts/us-gaap-2011-01-31.xsd#us-gaap_ResearchAndDevelopmentExpense" xlink:label="loc_us-gaap_ResearchAndDevelopmentExpense_f9ff4160-2585-11e0-bc05-7b821c07cce9" xlink:type="locator" />
    <calculationArc order="3" weight="-1" xlink:arcrole="http://www.xbrl.org/2003/arcrole/summation-item" xlink:from="loc_us-gaap_OperatingIncomeLoss_f1959cb8-2585-11e0-bc05-7b821c07cce9" xlink:to="loc_us-gaap_ResearchAndDevelopmentExpense_f9ff4160-2585-11e0-bc05-7b821c07cce9" xlink:type="arc" />
    <loc xlink:href="http://xbrl.fasb.org/us-gaap/2011/elts/us-gaap-2011-01-31.xsd#us-gaap_OtherOperatingIncome" xlink:label="loc_us-gaap_OtherOperatingIncome_01578ef4-2586-11e0-bc05-7b821c07cce9" xlink:type="locator" />
    <calculationArc order="4" weight="1" xlink:arcrole="http://www.xbrl.org/2003/arcrole/summation-item" xlink:from="loc_us-gaap_OperatingIncomeLoss_f1959cb8-2585-11e0-bc05-7b821c07cce9" xlink:to="loc_us-gaap_OtherOperatingIncome_01578ef4-2586-11e0-bc05-7b821c07cce9" xlink:type="arc" />
    <loc xlink:href="http://xbrl.fasb.org/us-gaap/2011/elts/us-gaap-2011-01-31.xsd#us-gaap_IncomeLossFromDiscontinuedOperationsNetOfTaxAttributableToReportingEntity" xlink:label="loc_us-gaap_IncomeLossFromDiscontinuedOperationsNetOfTaxAttributableToReportingEntity_05e9d8f0-2586-11e0-bc05-7b821c07cce9" xlink:type="locator" />
    <calculationArc order="2" weight="1" xlink:arcrole="http://www.xbrl.org/2003/arcrole/summation-item" xlink:from="loc_us-gaap_NetIncomeLoss_f0af6c2a-2585-11e0-bc05-7b821c07cce9" xlink:to="loc_us-gaap_IncomeLossFromDiscontinuedOperationsNetOfTaxAttributableToReportingEntity_05e9d8f0-2586-11e0-bc05-7b821c07cce9" xlink:type="arc" />
    <loc xlink:href="http://xbrl.fasb.org/us-gaap/2011/elts/us-gaap-2011-01-31.xsd#us-gaap_EarningsPerShareDiluted" xlink:label="loc_us-gaap_EarningsPerShareDiluted_e9525b2c-2585-11e0-bc05-7b821c07cce9" xlink:type="locator" />
    <loc xlink:href="http://xbrl.fasb.org/us-gaap/2011/elts/us-gaap-2011-01-31.xsd#us-gaap_IncomeLossFromContinuingOperationsPerDilutedShare" xlink:label="loc_us-gaap_IncomeLossFromContinuingOperationsPerDilutedShare_ecdee88c-2585-11e0-bc05-7b821c07cce9" xlink:type="locator" />
    <calculationArc order="1" weight="1" xlink:arcrole="http://www.xbrl.org/2003/arcrole/summation-item" xlink:from="loc_us-gaap_EarningsPerShareDiluted_e9525b2c-2585-11e0-bc05-7b821c07cce9" xlink:to="loc_us-gaap_IncomeLossFromContinuingOperationsPerDilutedShare_ecdee88c-2585-11e0-bc05-7b821c07cce9" xlink:type="arc" />
    <loc xlink:href="http://xbrl.fasb.org/us-gaap/2011/elts/us-gaap-2011-01-31.xsd#us-gaap_IncomeLossFromDiscontinuedOperationsNetOfTaxPerDilutedShare" xlink:label="loc_us-gaap_IncomeLossFromDiscontinuedOperationsNetOfTaxPerDilutedShare_ece00992-2585-11e0-bc05-7b821c07cce9" xlink:type="locator" />
    <calculationArc order="2" weight="1" xlink:arcrole="http://www.xbrl.org/2003/arcrole/summation-item" xlink:from="loc_us-gaap_EarningsPerShareDiluted_e9525b2c-2585-11e0-bc05-7b821c07cce9" xlink:to="loc_us-gaap_IncomeLossFromDiscontinuedOperationsNetOfTaxPerDilutedShare_ece00992-2585-11e0-bc05-7b821c07cce9" xlink:type="arc" />
  </calculationLink>
  <calculationLink xlink:role="http://www.ashland.com/role/StockIncentivePlans" xlink:type="extended" />
  <calculationLink xlink:role="http://www.ashland.com/role/StockIncentivePlansDetails" xlink:type="extended" />
  <calculationLink xlink:role="http://www.ashland.com/role/StockIncentivePlansPoliciesPolicies" xlink:type="extended" />
  <calculationLink xlink:role="http://www.ashland.com/role/StockholdersEquityItems" xlink:type="extended" />
  <calculationLink xlink:role="http://www.ashland.com/role/StockholdersEquityItemsDetails" xlink:type="extended">
    <loc xlink:href="http://xbrl.fasb.org/us-gaap/2011/elts/us-gaap-2011-01-31.xsd#us-gaap_OtherComprehensiveIncomeForeignCurrencyTransactionAndTranslationAdjustmentNetOfTaxPeriodIncreaseDecrease" xlink:label="loc_us-gaap_OtherComprehensiveIncomeForeignCurrencyTransactionAndTranslationAdjustmentNetOfTaxPeriodIncreaseDecrease_f1c61424-2585-11e0-bc05-7b821c07cce9" xlink:type="locator" />
    <loc xlink:href="http://xbrl.fasb.org/us-gaap/2011/elts/us-gaap-2011-01-31.xsd#us-gaap_OtherComprehensiveIncomeForeignCurrencyTransactionAndTranslationAdjustmentBeforeTaxPeriodIncreaseDecrease" xlink:label="loc_us-gaap_OtherComprehensiveIncomeForeignCurrencyTransactionAndTranslationAdjustmentBeforeTaxPeriodIncreaseDecrease_f1c53496-2585-11e0-bc05-7b821c07cce9" xlink:type="locator" />
    <calculationArc order="1" weight="1" xlink:arcrole="http://www.xbrl.org/2003/arcrole/summation-item" xlink:from="loc_us-gaap_OtherComprehensiveIncomeForeignCurrencyTransactionAndTranslationAdjustmentNetOfTaxPeriodIncreaseDecrease_f1c61424-2585-11e0-bc05-7b821c07cce9" xlink:to="loc_us-gaap_OtherComprehensiveIncomeForeignCurrencyTransactionAndTranslationAdjustmentBeforeTaxPeriodIncreaseDecrease_f1c53496-2585-11e0-bc05-7b821c07cce9" xlink:type="arc" />
    <loc xlink:href="http://xbrl.fasb.org/us-gaap/2011/elts/us-gaap-2011-01-31.xsd#us-gaap_OtherComprehensiveIncomeForeignCurrencyTranslationAdjustmentTax" xlink:label="loc_us-gaap_OtherComprehensiveIncomeForeignCurrencyTranslationAdjustmentTax_0038c420-2586-11e0-bc05-7b821c07cce9" xlink:type="locator" />
    <calculationArc order="2" weight="1" xlink:arcrole="http://www.xbrl.org/2003/arcrole/summation-item" xlink:from="loc_us-gaap_OtherComprehensiveIncomeForeignCurrencyTransactionAndTranslationAdjustmentNetOfTaxPeriodIncreaseDecrease_f1c61424-2585-11e0-bc05-7b821c07cce9" xlink:to="loc_us-gaap_OtherComprehensiveIncomeForeignCurrencyTranslationAdjustmentTax_0038c420-2586-11e0-bc05-7b821c07cce9" xlink:type="arc" />
    <loc xlink:href="http://xbrl.fasb.org/us-gaap/2011/elts/us-gaap-2011-01-31.xsd#us-gaap_OtherComprehensiveIncomeDefinedBenefitPlansAdjustmentNetOfTaxPeriodIncreaseDecrease" xlink:label="loc_us-gaap_OtherComprehensiveIncomeDefinedBenefitPlansAdjustmentNetOfTaxPeriodIncreaseDecrease_f1befcd4-2585-11e0-bc05-7b821c07cce9" xlink:type="locator" />
    <loc xlink:href="http://xbrl.fasb.org/us-gaap/2011/elts/us-gaap-2011-01-31.xsd#us-gaap_OtherComprehensiveIncomeDefinedBenefitPlanNetPriorServiceCostCreditArisingDuringPeriodBeforeTax" xlink:label="loc_us-gaap_OtherComprehensiveIncomeDefinedBenefitPlanNetPriorServiceCostCreditArisingDuringPeriodBeforeTax_fde37986-2585-11e0-bc05-7b821c07cce9" xlink:type="locator" />
    <calculationArc order="1" weight="1" xlink:arcrole="http://www.xbrl.org/2003/arcrole/summation-item" xlink:from="loc_us-gaap_OtherComprehensiveIncomeDefinedBenefitPlansAdjustmentNetOfTaxPeriodIncreaseDecrease_f1befcd4-2585-11e0-bc05-7b821c07cce9" xlink:to="loc_us-gaap_OtherComprehensiveIncomeDefinedBenefitPlanNetPriorServiceCostCreditArisingDuringPeriodBeforeTax_fde37986-2585-11e0-bc05-7b821c07cce9" xlink:type="arc" />
    <loc xlink:href="http://xbrl.fasb.org/us-gaap/2011/elts/us-gaap-2011-01-31.xsd#us-gaap_OtherComprehensiveIncomeDefinedBenefitPlansTax" xlink:label="loc_us-gaap_OtherComprehensiveIncomeDefinedBenefitPlansTax_00649c9e-2586-11e0-bc05-7b821c07cce9" xlink:type="locator" />
    <calculationArc order="2" weight="1" xlink:arcrole="http://www.xbrl.org/2003/arcrole/summation-item" xlink:from="loc_us-gaap_OtherComprehensiveIncomeDefinedBenefitPlansAdjustmentNetOfTaxPeriodIncreaseDecrease_f1befcd4-2585-11e0-bc05-7b821c07cce9" xlink:to="loc_us-gaap_OtherComprehensiveIncomeDefinedBenefitPlansTax_00649c9e-2586-11e0-bc05-7b821c07cce9" xlink:type="arc" />
    <loc xlink:href="http://xbrl.fasb.org/us-gaap/2011/elts/us-gaap-2011-01-31.xsd#us-gaap_OtherComprehensiveIncomeDerivativesQualifyingAsHedgesNetOfTaxPeriodIncreaseDecrease" xlink:label="loc_us-gaap_OtherComprehensiveIncomeDerivativesQualifyingAsHedgesNetOfTaxPeriodIncreaseDecrease_f1c39622-2585-11e0-bc05-7b821c07cce9" xlink:type="locator" />
    <loc xlink:href="http://xbrl.fasb.org/us-gaap/2011/elts/us-gaap-2011-01-31.xsd#us-gaap_OtherComprehensiveIncomeDerivativesQualifyingAsHedgesBeforeTaxPeriodIncreaseDecrease" xlink:label="loc_us-gaap_OtherComprehensiveIncomeDerivativesQualifyingAsHedgesBeforeTaxPeriodIncreaseDecrease_f1c2954c-2585-11e0-bc05-7b821c07cce9" xlink:type="locator" />
    <calculationArc order="1" weight="1" xlink:arcrole="http://www.xbrl.org/2003/arcrole/summation-item" xlink:from="loc_us-gaap_OtherComprehensiveIncomeDerivativesQualifyingAsHedgesNetOfTaxPeriodIncreaseDecrease_f1c39622-2585-11e0-bc05-7b821c07cce9" xlink:to="loc_us-gaap_OtherComprehensiveIncomeDerivativesQualifyingAsHedgesBeforeTaxPeriodIncreaseDecrease_f1c2954c-2585-11e0-bc05-7b821c07cce9" xlink:type="arc" />
    <loc xlink:href="http://xbrl.fasb.org/us-gaap/2011/elts/us-gaap-2011-01-31.xsd#us-gaap_OtherComprehensiveIncomeDerivativesQualifyingAsHedgesTaxEffectPeriodIncreaseDecrease" xlink:label="loc_us-gaap_OtherComprehensiveIncomeDerivativesQualifyingAsHedgesTaxEffectPeriodIncreaseDecrease_0039b15a-2586-11e0-bc05-7b821c07cce9" xlink:type="locator" />
    <calculationArc order="2" weight="1" xlink:arcrole="http://www.xbrl.org/2003/arcrole/summation-item" xlink:from="loc_us-gaap_OtherComprehensiveIncomeDerivativesQualifyingAsHedgesNetOfTaxPeriodIncreaseDecrease_f1c39622-2585-11e0-bc05-7b821c07cce9" xlink:to="loc_us-gaap_OtherComprehensiveIncomeDerivativesQualifyingAsHedgesTaxEffectPeriodIncreaseDecrease_0039b15a-2586-11e0-bc05-7b821c07cce9" xlink:type="arc" />
    <loc xlink:href="http://xbrl.fasb.org/us-gaap/2011/elts/us-gaap-2011-01-31.xsd#us-gaap_OtherComprehensiveIncomeLossNetOfTaxPeriodIncreaseDecrease" xlink:label="loc_us-gaap_OtherComprehensiveIncomeLossNetOfTaxPeriodIncreaseDecrease_f1d30b98-2585-11e0-bc05-7b821c07cce9" xlink:type="locator" />
    <loc xlink:href="http://xbrl.fasb.org/us-gaap/2011/elts/us-gaap-2011-01-31.xsd#us-gaap_OtherComprehensiveIncomeLossBeforeTaxPeriodIncreaseDecrease" xlink:label="loc_us-gaap_OtherComprehensiveIncomeLossBeforeTaxPeriodIncreaseDecrease_f1bd6888-2585-11e0-bc05-7b821c07cce9" xlink:type="locator" />
    <calculationArc order="1" weight="1" xlink:arcrole="http://www.xbrl.org/2003/arcrole/summation-item" xlink:from="loc_us-gaap_OtherComprehensiveIncomeLossNetOfTaxPeriodIncreaseDecrease_f1d30b98-2585-11e0-bc05-7b821c07cce9" xlink:to="loc_us-gaap_OtherComprehensiveIncomeLossBeforeTaxPeriodIncreaseDecrease_f1bd6888-2585-11e0-bc05-7b821c07cce9" xlink:type="arc" />
    <loc xlink:href="http://xbrl.fasb.org/us-gaap/2011/elts/us-gaap-2011-01-31.xsd#us-gaap_OtherComprehensiveIncomeLossTax" xlink:label="loc_us-gaap_OtherComprehensiveIncomeLossTax_f1ddfa4e-2585-11e0-bc05-7b821c07cce9" xlink:type="locator" />
    <calculationArc order="2" weight="1" xlink:arcrole="http://www.xbrl.org/2003/arcrole/summation-item" xlink:from="loc_us-gaap_OtherComprehensiveIncomeLossNetOfTaxPeriodIncreaseDecrease_f1d30b98-2585-11e0-bc05-7b821c07cce9" xlink:to="loc_us-gaap_OtherComprehensiveIncomeLossTax_f1ddfa4e-2585-11e0-bc05-7b821c07cce9" xlink:type="arc" />
  </calculationLink>
  <calculationLink xlink:role="http://www.ashland.com/role/StockholdersEquityItemsTablesTables" xlink:type="extended" />
</linkbase>
