<?xml version="1.0" encoding="UTF-8"?>
<!--XBRL Document Modified with Ez-Viewer Version 1.0.5.8 on Thursday, January 31, 2013 03:22:59 AM -->
<linkbase xmlns="http://www.xbrl.org/2003/linkbase" xmlns:xsi="http://www.w3.org/2001/XMLSchema-instance" xmlns:xlink="http://www.w3.org/1999/xlink" xsi:schemaLocation="http://www.xbrl.org/2003/linkbase http://www.xbrl.org/2003/xbrl-linkbase-2003-12-31.xsd">
<roleRef xlink:type="simple" xlink:href="farm-20121031.xsd#BalanceSheets" roleURI="http://www.0001479000.com/role/BalanceSheets"/>
<calculationLink xlink:type="extended" xlink:role="http://www.0001479000.com/role/BalanceSheets">
<loc xlink:type="locator" xlink:href="http://xbrl.fasb.org/us-gaap/2012/elts/us-gaap-2012-01-31.xsd#us-gaap_Assets" xlink:label="loc_us-gaap_Assets"/>
<loc xlink:type="locator" xlink:href="http://xbrl.fasb.org/us-gaap/2012/elts/us-gaap-2012-01-31.xsd#us-gaap_Cash" xlink:label="loc_us-gaap_Cash"/>
<calculationArc xlink:type="arc" xlink:arcrole="http://www.xbrl.org/2003/arcrole/summation-item" xlink:from="loc_us-gaap_Assets" xlink:to="loc_us-gaap_Cash" order="10" use="optional" weight="1"/>
<loc xlink:type="locator" xlink:href="http://xbrl.fasb.org/us-gaap/2012/elts/us-gaap-2012-01-31.xsd#us-gaap_Liabilities" xlink:label="loc_us-gaap_Liabilities"/><loc xlink:type="locator" xlink:href="http://xbrl.fasb.org/us-gaap/2012/elts/us-gaap-2012-01-31.xsd#us-gaap_AccountsPayableAndAccruedLiabilitiesCurrent" xlink:label="loc_us-gaap_AccountsPayableAndAccruedLiabilitiesCurrent"/><calculationArc xlink:type="arc" xlink:arcrole="http://www.xbrl.org/2003/arcrole/summation-item" xlink:from="loc_us-gaap_Liabilities" xlink:to="loc_us-gaap_AccountsPayableAndAccruedLiabilitiesCurrent" order="10" use="optional" weight="1"/><loc xlink:type="locator" xlink:href="http://xbrl.fasb.org/us-gaap/2012/elts/us-gaap-2012-01-31.xsd#us-gaap_DueToRelatedPartiesCurrent" xlink:label="loc_us-gaap_DueToRelatedPartiesCurrent"/><calculationArc xlink:type="arc" xlink:arcrole="http://www.xbrl.org/2003/arcrole/summation-item" xlink:from="loc_us-gaap_Liabilities" xlink:to="loc_us-gaap_DueToRelatedPartiesCurrent" order="20" use="optional" weight="1"/><loc xlink:type="locator" xlink:href="http://xbrl.fasb.org/us-gaap/2012/elts/us-gaap-2012-01-31.xsd#us-gaap_StockholdersEquity" xlink:label="loc_us-gaap_StockholdersEquity"/><loc xlink:type="locator" xlink:href="http://xbrl.fasb.org/us-gaap/2012/elts/us-gaap-2012-01-31.xsd#us-gaap_CommonStockValue" xlink:label="loc_us-gaap_CommonStockValue"/><calculationArc xlink:type="arc" xlink:arcrole="http://www.xbrl.org/2003/arcrole/summation-item" xlink:from="loc_us-gaap_StockholdersEquity" xlink:to="loc_us-gaap_CommonStockValue" order="10" use="optional" weight="1"/><loc xlink:type="locator" xlink:href="http://xbrl.fasb.org/us-gaap/2012/elts/us-gaap-2012-01-31.xsd#us-gaap_AdditionalPaidInCapital" xlink:label="loc_us-gaap_AdditionalPaidInCapital"/><calculationArc xlink:type="arc" xlink:arcrole="http://www.xbrl.org/2003/arcrole/summation-item" xlink:from="loc_us-gaap_StockholdersEquity" xlink:to="loc_us-gaap_AdditionalPaidInCapital" order="20" use="optional" weight="1"/><loc xlink:type="locator" xlink:href="http://xbrl.fasb.org/us-gaap/2012/elts/us-gaap-2012-01-31.xsd#us-gaap_DevelopmentStageEnterpriseDeficitAccumulatedDuringDevelopmentStage" xlink:label="loc_us-gaap_DevelopmentStageEnterpriseDeficitAccumulatedDuringDevelopmentStage"/><calculationArc xlink:type="arc" xlink:arcrole="http://www.xbrl.org/2003/arcrole/summation-item" xlink:from="loc_us-gaap_StockholdersEquity" xlink:to="loc_us-gaap_DevelopmentStageEnterpriseDeficitAccumulatedDuringDevelopmentStage" order="30" use="optional" weight="-1"/><loc xlink:type="locator" xlink:href="http://xbrl.fasb.org/us-gaap/2012/elts/us-gaap-2012-01-31.xsd#us-gaap_LiabilitiesAndStockholdersEquity" xlink:label="loc_us-gaap_LiabilitiesAndStockholdersEquity"/><calculationArc xlink:type="arc" xlink:arcrole="http://www.xbrl.org/2003/arcrole/summation-item" xlink:from="loc_us-gaap_LiabilitiesAndStockholdersEquity" xlink:to="loc_us-gaap_Liabilities" order="10" use="optional" weight="1"/><calculationArc xlink:type="arc" xlink:arcrole="http://www.xbrl.org/2003/arcrole/summation-item" xlink:from="loc_us-gaap_LiabilitiesAndStockholdersEquity" xlink:to="loc_us-gaap_StockholdersEquity" order="20" use="optional" weight="1"/></calculationLink>



<roleRef xlink:type="simple" xlink:href="farm-20121031.xsd#StatementsOfOperations" roleURI="http://www.0001479000.com/role/StatementsOfOperations"/>
<calculationLink xlink:type="extended" xlink:role="http://www.0001479000.com/role/StatementsOfOperations">
<loc xlink:type="locator" xlink:href="http://xbrl.fasb.org/us-gaap/2012/elts/us-gaap-2012-01-31.xsd#us-gaap_OperatingExpenses" xlink:label="loc_us-gaap_OperatingExpenses"/>
<loc xlink:type="locator" xlink:href="http://xbrl.fasb.org/us-gaap/2012/elts/us-gaap-2012-01-31.xsd#us-gaap_OtherGeneralAndAdministrativeExpense" xlink:label="loc_us-gaap_OtherGeneralAndAdministrativeExpense"/>
<calculationArc xlink:type="arc" xlink:arcrole="http://www.xbrl.org/2003/arcrole/summation-item" xlink:from="loc_us-gaap_OperatingExpenses" xlink:to="loc_us-gaap_OtherGeneralAndAdministrativeExpense" order="10" use="optional" weight="1"/>
<loc xlink:type="locator" xlink:href="http://xbrl.fasb.org/us-gaap/2012/elts/us-gaap-2012-01-31.xsd#us-gaap_LeaseAndRentalExpense" xlink:label="loc_us-gaap_LeaseAndRentalExpense"/>
<calculationArc xlink:type="arc" xlink:arcrole="http://www.xbrl.org/2003/arcrole/summation-item" xlink:from="loc_us-gaap_OperatingExpenses" xlink:to="loc_us-gaap_LeaseAndRentalExpense" order="20" use="optional" weight="1"/>
<loc xlink:type="locator" xlink:href="http://xbrl.fasb.org/us-gaap/2012/elts/us-gaap-2012-01-31.xsd#us-gaap_ProfessionalFees" xlink:label="loc_us-gaap_ProfessionalFees"/>
<calculationArc xlink:type="arc" xlink:arcrole="http://www.xbrl.org/2003/arcrole/summation-item" xlink:from="loc_us-gaap_OperatingExpenses" xlink:to="loc_us-gaap_ProfessionalFees" order="30" use="optional" weight="1"/>
<loc xlink:type="locator" xlink:href="http://xbrl.fasb.org/us-gaap/2012/elts/us-gaap-2012-01-31.xsd#us-gaap_GeneralAndAdministrativeExpense" xlink:label="loc_us-gaap_GeneralAndAdministrativeExpense"/>
<calculationArc xlink:type="arc" xlink:arcrole="http://www.xbrl.org/2003/arcrole/summation-item" xlink:from="loc_us-gaap_OperatingExpenses" xlink:to="loc_us-gaap_GeneralAndAdministrativeExpense" order="40" use="optional" weight="1"/>
</calculationLink>
<roleRef xlink:type="simple" xlink:href="farm-20121031.xsd#StatementsOfCashFlows" roleURI="http://www.0001479000.com/role/StatementsOfCashFlows"/>
<calculationLink xlink:type="extended" xlink:role="http://www.0001479000.com/role/StatementsOfCashFlows">
<loc xlink:type="locator" xlink:href="http://xbrl.fasb.org/us-gaap/2012/elts/us-gaap-2012-01-31.xsd#us-gaap_NetCashProvidedByUsedInOperatingActivities" xlink:label="loc_us-gaap_NetCashProvidedByUsedInOperatingActivities"/>
<loc xlink:type="locator" xlink:href="http://xbrl.fasb.org/us-gaap/2012/elts/us-gaap-2012-01-31.xsd#us-gaap_NetIncomeLoss" xlink:label="loc_us-gaap_NetIncomeLoss"/>
<calculationArc xlink:type="arc" xlink:arcrole="http://www.xbrl.org/2003/arcrole/summation-item" xlink:from="loc_us-gaap_NetCashProvidedByUsedInOperatingActivities" xlink:to="loc_us-gaap_NetIncomeLoss" order="10" use="optional" weight="1"/>
<loc xlink:type="locator" xlink:href="http://xbrl.fasb.org/us-gaap/2012/elts/us-gaap-2012-01-31.xsd#us-gaap_OtherNoncashExpense" xlink:label="loc_us-gaap_OtherNoncashExpense"/>
<calculationArc xlink:type="arc" xlink:arcrole="http://www.xbrl.org/2003/arcrole/summation-item" xlink:from="loc_us-gaap_NetCashProvidedByUsedInOperatingActivities" xlink:to="loc_us-gaap_OtherNoncashExpense" order="20" use="optional" weight="1"/>
<loc xlink:type="locator" xlink:href="http://xbrl.fasb.org/us-gaap/2012/elts/us-gaap-2012-01-31.xsd#us-gaap_IncreaseDecreaseInAccountsPayableAndAccruedLiabilities" xlink:label="loc_us-gaap_IncreaseDecreaseInAccountsPayableAndAccruedLiabilities"/>
<calculationArc xlink:type="arc" xlink:arcrole="http://www.xbrl.org/2003/arcrole/summation-item" xlink:from="loc_us-gaap_NetCashProvidedByUsedInOperatingActivities" xlink:to="loc_us-gaap_IncreaseDecreaseInAccountsPayableAndAccruedLiabilities" order="30" use="optional" weight="1"/>
<loc xlink:type="locator" xlink:href="http://xbrl.fasb.org/us-gaap/2012/elts/us-gaap-2012-01-31.xsd#us-gaap_IncreaseDecreaseInAccountsPayableRelatedParties" xlink:label="loc_us-gaap_IncreaseDecreaseInAccountsPayableRelatedParties"/>
<calculationArc xlink:type="arc" xlink:arcrole="http://www.xbrl.org/2003/arcrole/summation-item" xlink:from="loc_us-gaap_NetCashProvidedByUsedInOperatingActivities" xlink:to="loc_us-gaap_IncreaseDecreaseInAccountsPayableRelatedParties" order="40" use="optional" weight="1"/>
<loc xlink:type="locator" xlink:href="http://xbrl.fasb.org/us-gaap/2012/elts/us-gaap-2012-01-31.xsd#us-gaap_NetCashProvidedByUsedInFinancingActivities" xlink:label="loc_us-gaap_NetCashProvidedByUsedInFinancingActivities"/><loc xlink:type="locator" xlink:href="http://xbrl.fasb.org/us-gaap/2012/elts/us-gaap-2012-01-31.xsd#us-gaap_ProceedsFromIssuanceOfCommonStock" xlink:label="loc_us-gaap_ProceedsFromIssuanceOfCommonStock"/><calculationArc xlink:type="arc" xlink:arcrole="http://www.xbrl.org/2003/arcrole/summation-item" xlink:from="loc_us-gaap_NetCashProvidedByUsedInFinancingActivities" xlink:to="loc_us-gaap_ProceedsFromIssuanceOfCommonStock" order="10" use="optional" weight="1"/></calculationLink>

</linkbase>
