<?xml version="1.0" encoding="UTF-8"?>
<!--XBRL Document Modified with Ez-Viewer Version 1.0.5.8 on Thursday, January 31, 2013 03:22:59 AM -->
<linkbase xmlns="http://www.xbrl.org/2003/linkbase" xmlns:xsi="http://www.w3.org/2001/XMLSchema-instance" xmlns:xlink="http://www.w3.org/1999/xlink" xsi:schemaLocation="http://www.xbrl.org/2003/linkbase http://www.xbrl.org/2003/xbrl-linkbase-2003-12-31.xsd">
<roleRef xlink:type="simple" xlink:href="farm-20121031.xsd#DocumentAndEntityInformation" roleURI="http://www.0001479000.com/role/DocumentAndEntityInformation"/>
<roleRef xlink:type="simple" xlink:href="farm-20121031.xsd#BalanceSheets" roleURI="http://www.0001479000.com/role/BalanceSheets"/>
<roleRef xlink:type="simple" xlink:href="farm-20121031.xsd#BalanceSheetsParentheticals" roleURI="http://www.0001479000.com/role/BalanceSheetsParentheticals"/>
<roleRef xlink:type="simple" xlink:href="farm-20121031.xsd#StatementsOfOperations" roleURI="http://www.0001479000.com/role/StatementsOfOperations"/>
<roleRef xlink:type="simple" xlink:href="farm-20121031.xsd#StatementsOfCashFlows" roleURI="http://www.0001479000.com/role/StatementsOfCashFlows"/>
<roleRef xlink:type="simple" roleURI="http://www.0001479000.com/role/StatementOfChangesInStockholdersDeficit" xlink:href="farm-20121031.xsd#StatementOfChangesInStockholdersDeficit"/>
<roleRef xlink:type="simple" xlink:href="farm-20121031.xsd#NatureOfOperations" roleURI="http://www.0001479000.com/role/NatureOfOperations"/>
<roleRef xlink:type="simple" xlink:href="farm-20121031.xsd#Summaryofsignificantaccountingpolicies" roleURI="http://www.0001479000.com/role/Summaryofsignificantaccountingpolicies"/>
<roleRef xlink:type="simple" xlink:href="farm-20121031.xsd#IncomeTaxes" roleURI="http://www.0001479000.com/role/IncomeTaxes"/>
<roleRef xlink:type="simple" xlink:href="farm-20121031.xsd#FairValueMeasurements" roleURI="http://www.0001479000.com/role/FairValueMeasurements"/>
<roleRef xlink:type="simple" xlink:href="farm-20121031.xsd#RelatedPartyTransactions" roleURI="http://www.0001479000.com/role/RelatedPartyTransactions"/>
<roleRef xlink:type="simple" xlink:href="farm-20121031.xsd#CommonStock" roleURI="http://www.0001479000.com/role/CommonStock"/>
<roleRef xlink:type="simple" roleURI="http://www.0001479000.com/role/SUBSEQUENTEVENTS" xlink:href="farm-20121031.xsd#SUBSEQUENTEVENTS"/>
<roleRef xlink:type="simple" xlink:href="farm-20121031.xsd#SummaryOfSignificantAccountingPoliciesPolicies" roleURI="http://www.0001479000.com/role/SummaryOfSignificantAccountingPoliciesPolicies"/>
<roleRef xlink:type="simple" roleURI="http://www.0001479000.com/role/INCOMETAXESTables" xlink:href="farm-20121031.xsd#INCOMETAXESTables"/>
<roleRef xlink:type="simple" roleURI="http://www.0001479000.com/role/NATUREOFOPERATIONSDetailsTexual" xlink:href="farm-20121031.xsd#NATUREOFOPERATIONSDetailsTexual"/>
<roleRef xlink:type="simple" roleURI="http://www.0001479000.com/role/SUMMARYOFSIGNIFICANTACCOUNTINGPOLICIESDetailsTextual" xlink:href="farm-20121031.xsd#SUMMARYOFSIGNIFICANTACCOUNTINGPOLICIESDetailsTextual"/>
<roleRef xlink:type="simple" roleURI="http://www.0001479000.com/role/DIFERREDINCOMETAXASSETSDetails" xlink:href="farm-20121031.xsd#DIFERREDINCOMETAXASSETSDetails"/>
<roleRef xlink:type="simple" roleURI="http://www.0001479000.com/role/INCOMETAXESDetailsTextual" xlink:href="farm-20121031.xsd#INCOMETAXESDetailsTextual"/>
<roleRef xlink:type="simple" roleURI="http://www.0001479000.com/role/RELATEDPARTYTRANSACTIONSDetailsTextual" xlink:href="farm-20121031.xsd#RELATEDPARTYTRANSACTIONSDetailsTextual"/>
<roleRef xlink:type="simple" roleURI="http://www.0001479000.com/role/COMMONSTOCKDetailsTextual" xlink:href="farm-20121031.xsd#COMMONSTOCKDetailsTextual"/>
<roleRef xlink:type="simple" roleURI="http://www.0001479000.com/role/SUBSEQUENTEVENTSDetailsTextual" xlink:href="farm-20121031.xsd#SUBSEQUENTEVENTSDetailsTextual"/>
<roleRef xlink:type="simple" xlink:href="http://www.xbrl.org/lrr/role/negated-2009-12-16.xsd#negatedLabel" roleURI="http://www.xbrl.org/2009/role/negatedLabel"/> <roleRef xlink:type="simple" xlink:href="http://www.xbrl.org/lrr/role/negated-2009-12-16.xsd#negatedPeriodEndLabel" roleURI="http://www.xbrl.org/2009/role/negatedPeriodEndLabel"/> <roleRef xlink:type="simple" xlink:href="http://www.xbrl.org/lrr/role/negated-2009-12-16.xsd#negatedPeriodStartLabel" roleURI="http://www.xbrl.org/2009/role/negatedPeriodStartLabel"/> <roleRef xlink:type="simple" xlink:href="http://www.xbrl.org/lrr/role/negated-2009-12-16.xsd#negatedTotalLabel" roleURI="http://www.xbrl.org/2009/role/negatedTotalLabel"/> <roleRef xlink:type="simple" xlink:href="http://www.xbrl.org/lrr/role/negated-2009-12-16.xsd#negatedNetLabel" roleURI="http://www.xbrl.org/2009/role/negatedNetLabel"/> <roleRef xlink:type="simple" xlink:href="http://www.xbrl.org/lrr/role/negated-2009-12-16.xsd#negatedTerseLabel" roleURI="http://www.xbrl.org/2009/role/negatedTerseLabel"/> <roleRef xlink:type="simple" xlink:href="http://www.xbrl.org/lrr/role/net-2009-12-16.xsd#netLabel" roleURI="http://www.xbrl.org/2009/role/netLabel"/> 
<presentationLink xlink:type="extended" xlink:role="http://www.0001479000.com/role/DocumentAndEntityInformation">
<loc xlink:type="locator" xlink:href="farm-20121031.xsd#farm_DocumentAndEntityInformationAbstract" xlink:label="loc_farm_DocumentAndEntityInformationAbstract_0"/>
<loc xlink:type="locator" xlink:href="http://xbrl.fasb.org/us-gaap/2012/elts/us-gaap-2012-01-31.xsd#us-gaap_StatementTable" xlink:label="loc_us-gaap_StatementTable_1"/>
<presentationArc xlink:type="arc" xlink:arcrole="http://www.xbrl.org/2003/arcrole/parent-child" xlink:from="loc_farm_DocumentAndEntityInformationAbstract_0" xlink:to="loc_us-gaap_StatementTable_1" order="0" use="optional" preferredLabel="http://www.xbrl.org/2003/role/verboseLabel"/>
<loc xlink:type="locator" xlink:href="http://xbrl.fasb.org/us-gaap/2012/elts/us-gaap-2012-01-31.xsd#us-gaap_StatementLineItems" xlink:label="loc_us-gaap_StatementLineItems_2"/>
<presentationArc xlink:type="arc" xlink:arcrole="http://www.xbrl.org/2003/arcrole/parent-child" xlink:from="loc_us-gaap_StatementTable_1" xlink:to="loc_us-gaap_StatementLineItems_2" order="0" use="optional" preferredLabel="http://www.xbrl.org/2003/role/verboseLabel"/>
<loc xlink:type="locator" xlink:href="http://xbrl.sec.gov/dei/2012/dei-2012-01-31.xsd#dei_EntityRegistrantName" xlink:label="loc_dei_EntityRegistrantName_3"/>
<presentationArc xlink:type="arc" xlink:arcrole="http://www.xbrl.org/2003/arcrole/parent-child" xlink:from="loc_us-gaap_StatementLineItems_2" xlink:to="loc_dei_EntityRegistrantName_3" order="0" use="optional"/>
<loc xlink:type="locator" xlink:href="http://xbrl.sec.gov/dei/2012/dei-2012-01-31.xsd#dei_DocumentType" xlink:label="loc_dei_DocumentType_4"/>
<presentationArc xlink:type="arc" xlink:arcrole="http://www.xbrl.org/2003/arcrole/parent-child" xlink:from="loc_us-gaap_StatementLineItems_2" xlink:to="loc_dei_DocumentType_4" order="10" use="optional"/>
<loc xlink:type="locator" xlink:href="http://xbrl.sec.gov/dei/2012/dei-2012-01-31.xsd#dei_CurrentFiscalYearEndDate" xlink:label="loc_dei_CurrentFiscalYearEndDate_5"/>
<presentationArc xlink:type="arc" xlink:arcrole="http://www.xbrl.org/2003/arcrole/parent-child" xlink:from="loc_us-gaap_StatementLineItems_2" xlink:to="loc_dei_CurrentFiscalYearEndDate_5" order="20" use="optional"/>
<loc xlink:type="locator" xlink:href="http://xbrl.sec.gov/dei/2012/dei-2012-01-31.xsd#dei_EntityCommonStockSharesOutstanding" xlink:label="loc_dei_EntityCommonStockSharesOutstanding_6"/>
<presentationArc xlink:type="arc" xlink:arcrole="http://www.xbrl.org/2003/arcrole/parent-child" xlink:from="loc_us-gaap_StatementLineItems_2" xlink:to="loc_dei_EntityCommonStockSharesOutstanding_6" order="30" use="optional"/>
<loc xlink:type="locator" xlink:href="http://xbrl.sec.gov/dei/2012/dei-2012-01-31.xsd#dei_EntityPublicFloat" xlink:label="loc_dei_EntityPublicFloat_7"/>
<presentationArc xlink:type="arc" xlink:arcrole="http://www.xbrl.org/2003/arcrole/parent-child" xlink:from="loc_us-gaap_StatementLineItems_2" xlink:to="loc_dei_EntityPublicFloat_7" order="40" use="optional"/>
<loc xlink:type="locator" xlink:href="http://xbrl.sec.gov/dei/2012/dei-2012-01-31.xsd#dei_AmendmentFlag" xlink:label="loc_dei_AmendmentFlag_8"/>
<presentationArc xlink:type="arc" xlink:arcrole="http://www.xbrl.org/2003/arcrole/parent-child" xlink:from="loc_us-gaap_StatementLineItems_2" xlink:to="loc_dei_AmendmentFlag_8" order="50" use="optional"/>
<loc xlink:type="locator" xlink:href="http://xbrl.sec.gov/dei/2012/dei-2012-01-31.xsd#dei_EntityCentralIndexKey" xlink:label="loc_dei_EntityCentralIndexKey_9"/>
<presentationArc xlink:type="arc" xlink:arcrole="http://www.xbrl.org/2003/arcrole/parent-child" xlink:from="loc_us-gaap_StatementLineItems_2" xlink:to="loc_dei_EntityCentralIndexKey_9" order="60" use="optional"/>
<loc xlink:type="locator" xlink:href="http://xbrl.sec.gov/dei/2012/dei-2012-01-31.xsd#dei_EntityCurrentReportingStatus" xlink:label="loc_dei_EntityCurrentReportingStatus_10"/>
<presentationArc xlink:type="arc" xlink:arcrole="http://www.xbrl.org/2003/arcrole/parent-child" xlink:from="loc_us-gaap_StatementLineItems_2" xlink:to="loc_dei_EntityCurrentReportingStatus_10" order="70" use="optional"/>
<loc xlink:type="locator" xlink:href="http://xbrl.sec.gov/dei/2012/dei-2012-01-31.xsd#dei_EntityVoluntaryFilers" xlink:label="loc_dei_EntityVoluntaryFilers_11"/>
<presentationArc xlink:type="arc" xlink:arcrole="http://www.xbrl.org/2003/arcrole/parent-child" xlink:from="loc_us-gaap_StatementLineItems_2" xlink:to="loc_dei_EntityVoluntaryFilers_11" order="80" use="optional"/>
<loc xlink:type="locator" xlink:href="http://xbrl.sec.gov/dei/2012/dei-2012-01-31.xsd#dei_EntityFilerCategory" xlink:label="loc_dei_EntityFilerCategory_12"/>
<presentationArc xlink:type="arc" xlink:arcrole="http://www.xbrl.org/2003/arcrole/parent-child" xlink:from="loc_us-gaap_StatementLineItems_2" xlink:to="loc_dei_EntityFilerCategory_12" order="90" use="optional"/>
<loc xlink:type="locator" xlink:href="http://xbrl.sec.gov/dei/2012/dei-2012-01-31.xsd#dei_EntityWellKnownSeasonedIssuer" xlink:label="loc_dei_EntityWellKnownSeasonedIssuer_13"/>
<presentationArc xlink:type="arc" xlink:arcrole="http://www.xbrl.org/2003/arcrole/parent-child" xlink:from="loc_us-gaap_StatementLineItems_2" xlink:to="loc_dei_EntityWellKnownSeasonedIssuer_13" order="100" use="optional"/>
<loc xlink:type="locator" xlink:href="http://xbrl.sec.gov/dei/2012/dei-2012-01-31.xsd#dei_DocumentPeriodEndDate" xlink:label="loc_dei_DocumentPeriodEndDate_14"/>
<presentationArc xlink:type="arc" xlink:arcrole="http://www.xbrl.org/2003/arcrole/parent-child" xlink:from="loc_us-gaap_StatementLineItems_2" xlink:to="loc_dei_DocumentPeriodEndDate_14" order="110" use="optional"/>
<loc xlink:type="locator" xlink:href="http://xbrl.sec.gov/dei/2012/dei-2012-01-31.xsd#dei_DocumentFiscalYearFocus" xlink:label="loc_dei_DocumentFiscalYearFocus_15"/>
<presentationArc xlink:type="arc" xlink:arcrole="http://www.xbrl.org/2003/arcrole/parent-child" xlink:from="loc_us-gaap_StatementLineItems_2" xlink:to="loc_dei_DocumentFiscalYearFocus_15" order="120" use="optional"/>
<loc xlink:type="locator" xlink:href="http://xbrl.sec.gov/dei/2012/dei-2012-01-31.xsd#dei_DocumentFiscalPeriodFocus" xlink:label="loc_dei_DocumentFiscalPeriodFocus_16"/>
<presentationArc xlink:type="arc" xlink:arcrole="http://www.xbrl.org/2003/arcrole/parent-child" xlink:from="loc_us-gaap_StatementLineItems_2" xlink:to="loc_dei_DocumentFiscalPeriodFocus_16" order="130" use="optional"/>
</presentationLink>
<presentationLink xlink:type="extended" xlink:role="http://www.0001479000.com/role/BalanceSheets">
<loc xlink:type="locator" xlink:href="http://xbrl.fasb.org/us-gaap/2012/elts/us-gaap-2012-01-31.xsd#us-gaap_StatementOfFinancialPositionAbstract" xlink:label="loc_us-gaap_StatementOfFinancialPositionAbstract_0"/>
<loc xlink:type="locator" xlink:href="http://xbrl.fasb.org/us-gaap/2012/elts/us-gaap-2012-01-31.xsd#us-gaap_StatementTable" xlink:label="loc_us-gaap_StatementTable_1"/>
<presentationArc xlink:type="arc" xlink:arcrole="http://www.xbrl.org/2003/arcrole/parent-child" xlink:from="loc_us-gaap_StatementOfFinancialPositionAbstract_0" xlink:to="loc_us-gaap_StatementTable_1" order="0" use="optional" preferredLabel="http://www.xbrl.org/2003/role/verboseLabel"/>
<loc xlink:type="locator" xlink:href="http://xbrl.fasb.org/us-gaap/2012/elts/us-gaap-2012-01-31.xsd#us-gaap_StatementLineItems" xlink:label="loc_us-gaap_StatementLineItems_2"/>
<presentationArc xlink:type="arc" xlink:arcrole="http://www.xbrl.org/2003/arcrole/parent-child" xlink:from="loc_us-gaap_StatementTable_1" xlink:to="loc_us-gaap_StatementLineItems_2" order="0" use="optional" preferredLabel="http://www.xbrl.org/2003/role/verboseLabel"/>
<loc xlink:type="locator" xlink:href="http://xbrl.fasb.org/us-gaap/2012/elts/us-gaap-2012-01-31.xsd#us-gaap_AssetsCurrentAbstract" xlink:label="loc_us-gaap_AssetsCurrentAbstract_3"/>
<presentationArc xlink:type="arc" xlink:arcrole="http://www.xbrl.org/2003/arcrole/parent-child" xlink:from="loc_us-gaap_StatementLineItems_2" xlink:to="loc_us-gaap_AssetsCurrentAbstract_3" order="0" use="optional" preferredLabel="http://www.xbrl.org/2003/role/verboseLabel"/>
<loc xlink:type="locator" xlink:href="http://xbrl.fasb.org/us-gaap/2012/elts/us-gaap-2012-01-31.xsd#us-gaap_Cash" xlink:label="loc_us-gaap_Cash_4"/>
<presentationArc xlink:type="arc" xlink:arcrole="http://www.xbrl.org/2003/arcrole/parent-child" xlink:from="loc_us-gaap_AssetsCurrentAbstract_3" xlink:to="loc_us-gaap_Cash_4" order="0" use="optional" preferredLabel="http://www.xbrl.org/2003/role/verboseLabel"/>
<loc xlink:type="locator" xlink:href="http://xbrl.fasb.org/us-gaap/2012/elts/us-gaap-2012-01-31.xsd#us-gaap_Assets" xlink:label="loc_us-gaap_Assets_5"/>
<presentationArc xlink:type="arc" xlink:arcrole="http://www.xbrl.org/2003/arcrole/parent-child" xlink:from="loc_us-gaap_AssetsCurrentAbstract_3" xlink:to="loc_us-gaap_Assets_5" order="10" use="optional" preferredLabel="http://www.xbrl.org/2003/role/totalLabel"/>
<loc xlink:type="locator" xlink:href="http://xbrl.fasb.org/us-gaap/2012/elts/us-gaap-2012-01-31.xsd#us-gaap_LiabilitiesCurrentAbstract" xlink:label="loc_us-gaap_LiabilitiesCurrentAbstract_6"/>
<presentationArc xlink:type="arc" xlink:arcrole="http://www.xbrl.org/2003/arcrole/parent-child" xlink:from="loc_us-gaap_StatementLineItems_2" xlink:to="loc_us-gaap_LiabilitiesCurrentAbstract_6" order="10" use="optional" preferredLabel="http://www.xbrl.org/2003/role/verboseLabel"/>
<loc xlink:type="locator" xlink:href="http://xbrl.fasb.org/us-gaap/2012/elts/us-gaap-2012-01-31.xsd#us-gaap_AccountsPayableAndAccruedLiabilitiesCurrent" xlink:label="loc_us-gaap_AccountsPayableAndAccruedLiabilitiesCurrent_7"/>
<presentationArc xlink:type="arc" xlink:arcrole="http://www.xbrl.org/2003/arcrole/parent-child" xlink:from="loc_us-gaap_LiabilitiesCurrentAbstract_6" xlink:to="loc_us-gaap_AccountsPayableAndAccruedLiabilitiesCurrent_7" order="0" use="optional" preferredLabel="http://www.xbrl.org/2003/role/verboseLabel"/>
<loc xlink:type="locator" xlink:href="http://xbrl.fasb.org/us-gaap/2012/elts/us-gaap-2012-01-31.xsd#us-gaap_DueToRelatedPartiesCurrent" xlink:label="loc_us-gaap_DueToRelatedPartiesCurrent_8"/>
<presentationArc xlink:type="arc" xlink:arcrole="http://www.xbrl.org/2003/arcrole/parent-child" xlink:from="loc_us-gaap_LiabilitiesCurrentAbstract_6" xlink:to="loc_us-gaap_DueToRelatedPartiesCurrent_8" order="10" use="optional" preferredLabel="http://www.xbrl.org/2003/role/verboseLabel"/>
<loc xlink:type="locator" xlink:href="http://xbrl.fasb.org/us-gaap/2012/elts/us-gaap-2012-01-31.xsd#us-gaap_Liabilities" xlink:label="loc_us-gaap_Liabilities_9"/>
<presentationArc xlink:type="arc" xlink:arcrole="http://www.xbrl.org/2003/arcrole/parent-child" xlink:from="loc_us-gaap_LiabilitiesCurrentAbstract_6" xlink:to="loc_us-gaap_Liabilities_9" order="20" use="optional" preferredLabel="http://www.xbrl.org/2003/role/totalLabel"/>
<loc xlink:type="locator" xlink:href="http://xbrl.fasb.org/us-gaap/2012/elts/us-gaap-2012-01-31.xsd#us-gaap_StockholdersEquityAbstract" xlink:label="loc_us-gaap_StockholdersEquityAbstract_10"/>
<presentationArc xlink:type="arc" xlink:arcrole="http://www.xbrl.org/2003/arcrole/parent-child" xlink:from="loc_us-gaap_StatementLineItems_2" xlink:to="loc_us-gaap_StockholdersEquityAbstract_10" order="20" use="optional" preferredLabel="http://www.xbrl.org/2003/role/verboseLabel"/>
<loc xlink:type="locator" xlink:href="http://xbrl.fasb.org/us-gaap/2012/elts/us-gaap-2012-01-31.xsd#us-gaap_CommonStockValue" xlink:label="loc_us-gaap_CommonStockValue_11"/>
<presentationArc xlink:type="arc" xlink:arcrole="http://www.xbrl.org/2003/arcrole/parent-child" xlink:from="loc_us-gaap_StockholdersEquityAbstract_10" xlink:to="loc_us-gaap_CommonStockValue_11" order="0" use="optional" preferredLabel="http://www.xbrl.org/2003/role/verboseLabel"/>
<loc xlink:type="locator" xlink:href="http://xbrl.fasb.org/us-gaap/2012/elts/us-gaap-2012-01-31.xsd#us-gaap_AdditionalPaidInCapital" xlink:label="loc_us-gaap_AdditionalPaidInCapital_12"/>
<presentationArc xlink:type="arc" xlink:arcrole="http://www.xbrl.org/2003/arcrole/parent-child" xlink:from="loc_us-gaap_StockholdersEquityAbstract_10" xlink:to="loc_us-gaap_AdditionalPaidInCapital_12" order="10" use="optional" preferredLabel="http://www.xbrl.org/2003/role/verboseLabel"/>
<loc xlink:type="locator" xlink:href="http://xbrl.fasb.org/us-gaap/2012/elts/us-gaap-2012-01-31.xsd#us-gaap_DevelopmentStageEnterpriseDeficitAccumulatedDuringDevelopmentStage" xlink:label="loc_us-gaap_DevelopmentStageEnterpriseDeficitAccumulatedDuringDevelopmentStage_13"/>
<presentationArc xlink:type="arc" xlink:arcrole="http://www.xbrl.org/2003/arcrole/parent-child" xlink:from="loc_us-gaap_StockholdersEquityAbstract_10" xlink:to="loc_us-gaap_DevelopmentStageEnterpriseDeficitAccumulatedDuringDevelopmentStage_13" order="20" use="optional" preferredLabel="http://www.xbrl.org/2009/role/negatedLabel"/>
<loc xlink:type="locator" xlink:href="http://xbrl.fasb.org/us-gaap/2012/elts/us-gaap-2012-01-31.xsd#us-gaap_StockholdersEquity" xlink:label="loc_us-gaap_StockholdersEquity_14"/>
<presentationArc xlink:type="arc" xlink:arcrole="http://www.xbrl.org/2003/arcrole/parent-child" xlink:from="loc_us-gaap_StockholdersEquityAbstract_10" xlink:to="loc_us-gaap_StockholdersEquity_14" order="30" use="optional" preferredLabel="http://www.xbrl.org/2003/role/totalLabel"/>
<loc xlink:type="locator" xlink:href="http://xbrl.fasb.org/us-gaap/2012/elts/us-gaap-2012-01-31.xsd#us-gaap_LiabilitiesAndStockholdersEquity" xlink:label="loc_us-gaap_LiabilitiesAndStockholdersEquity_15"/>
<presentationArc xlink:type="arc" xlink:arcrole="http://www.xbrl.org/2003/arcrole/parent-child" xlink:from="loc_us-gaap_StockholdersEquityAbstract_10" xlink:to="loc_us-gaap_LiabilitiesAndStockholdersEquity_15" order="40" use="optional" preferredLabel="http://www.xbrl.org/2003/role/totalLabel"/>
</presentationLink>
<presentationLink xlink:type="extended" xlink:role="http://www.0001479000.com/role/BalanceSheetsParentheticals">
<loc xlink:type="locator" xlink:href="farm-20121031.xsd#farm_BalanceSheetsParentheticalsAbstract" xlink:label="loc_farm_BalanceSheetsParentheticalsAbstract_0"/>
<loc xlink:type="locator" xlink:href="http://xbrl.fasb.org/us-gaap/2012/elts/us-gaap-2012-01-31.xsd#us-gaap_StatementTable" xlink:label="loc_us-gaap_StatementTable_1"/>
<presentationArc xlink:type="arc" xlink:arcrole="http://www.xbrl.org/2003/arcrole/parent-child" xlink:from="loc_farm_BalanceSheetsParentheticalsAbstract_0" xlink:to="loc_us-gaap_StatementTable_1" order="0" use="optional" preferredLabel="http://www.xbrl.org/2003/role/verboseLabel"/>
<loc xlink:type="locator" xlink:href="http://xbrl.fasb.org/us-gaap/2012/elts/us-gaap-2012-01-31.xsd#us-gaap_StatementLineItems" xlink:label="loc_us-gaap_StatementLineItems_2"/>
<presentationArc xlink:type="arc" xlink:arcrole="http://www.xbrl.org/2003/arcrole/parent-child" xlink:from="loc_us-gaap_StatementTable_1" xlink:to="loc_us-gaap_StatementLineItems_2" order="0" use="optional" preferredLabel="http://www.xbrl.org/2003/role/verboseLabel"/>
<loc xlink:type="locator" xlink:href="http://xbrl.fasb.org/us-gaap/2012/elts/us-gaap-2012-01-31.xsd#us-gaap_CommonStockParOrStatedValuePerShare" xlink:label="loc_us-gaap_CommonStockParOrStatedValuePerShare_3"/>
<presentationArc xlink:type="arc" xlink:arcrole="http://www.xbrl.org/2003/arcrole/parent-child" xlink:from="loc_us-gaap_StatementLineItems_2" xlink:to="loc_us-gaap_CommonStockParOrStatedValuePerShare_3" order="0" use="optional" preferredLabel="http://www.xbrl.org/2003/role/verboseLabel"/>
<loc xlink:type="locator" xlink:href="http://xbrl.fasb.org/us-gaap/2012/elts/us-gaap-2012-01-31.xsd#us-gaap_CommonStockSharesAuthorized" xlink:label="loc_us-gaap_CommonStockSharesAuthorized_4"/>
<presentationArc xlink:type="arc" xlink:arcrole="http://www.xbrl.org/2003/arcrole/parent-child" xlink:from="loc_us-gaap_StatementLineItems_2" xlink:to="loc_us-gaap_CommonStockSharesAuthorized_4" order="10" use="optional" preferredLabel="http://www.xbrl.org/2003/role/verboseLabel"/>
<loc xlink:type="locator" xlink:href="http://xbrl.fasb.org/us-gaap/2012/elts/us-gaap-2012-01-31.xsd#us-gaap_CommonStockSharesIssued" xlink:label="loc_us-gaap_CommonStockSharesIssued_5"/>
<presentationArc xlink:type="arc" xlink:arcrole="http://www.xbrl.org/2003/arcrole/parent-child" xlink:from="loc_us-gaap_StatementLineItems_2" xlink:to="loc_us-gaap_CommonStockSharesIssued_5" order="20" use="optional" preferredLabel="http://www.xbrl.org/2003/role/verboseLabel"/>
<loc xlink:type="locator" xlink:href="http://xbrl.fasb.org/us-gaap/2012/elts/us-gaap-2012-01-31.xsd#us-gaap_CommonStockSharesOutstanding" xlink:label="loc_us-gaap_CommonStockSharesOutstanding_6"/>
<presentationArc xlink:type="arc" xlink:arcrole="http://www.xbrl.org/2003/arcrole/parent-child" xlink:from="loc_us-gaap_StatementLineItems_2" xlink:to="loc_us-gaap_CommonStockSharesOutstanding_6" order="30" use="optional" preferredLabel="http://www.xbrl.org/2003/role/verboseLabel"/>
</presentationLink>
<presentationLink xlink:type="extended" xlink:role="http://www.0001479000.com/role/StatementsOfOperations">
<loc xlink:type="locator" xlink:href="http://xbrl.fasb.org/us-gaap/2012/elts/us-gaap-2012-01-31.xsd#us-gaap_IncomeStatementAbstract" xlink:label="loc_us-gaap_IncomeStatementAbstract_0"/>
<loc xlink:type="locator" xlink:href="http://xbrl.fasb.org/us-gaap/2012/elts/us-gaap-2012-01-31.xsd#us-gaap_StatementTable" xlink:label="loc_us-gaap_StatementTable_1"/>
<presentationArc xlink:type="arc" xlink:arcrole="http://www.xbrl.org/2003/arcrole/parent-child" xlink:from="loc_us-gaap_IncomeStatementAbstract_0" xlink:to="loc_us-gaap_StatementTable_1" order="0" use="optional" preferredLabel="http://www.xbrl.org/2003/role/verboseLabel"/>
<loc xlink:type="locator" xlink:href="http://xbrl.fasb.org/us-gaap/2012/elts/us-gaap-2012-01-31.xsd#us-gaap_StatementLineItems" xlink:label="loc_us-gaap_StatementLineItems_2"/>
<presentationArc xlink:type="arc" xlink:arcrole="http://www.xbrl.org/2003/arcrole/parent-child" xlink:from="loc_us-gaap_StatementTable_1" xlink:to="loc_us-gaap_StatementLineItems_2" order="0" use="optional" preferredLabel="http://www.xbrl.org/2003/role/verboseLabel"/>
<loc xlink:type="locator" xlink:href="http://xbrl.fasb.org/us-gaap/2012/elts/us-gaap-2012-01-31.xsd#us-gaap_OperatingExpensesAbstract" xlink:label="loc_us-gaap_OperatingExpensesAbstract_3"/>
<presentationArc xlink:type="arc" xlink:arcrole="http://www.xbrl.org/2003/arcrole/parent-child" xlink:from="loc_us-gaap_StatementLineItems_2" xlink:to="loc_us-gaap_OperatingExpensesAbstract_3" order="0" use="optional" preferredLabel="http://www.xbrl.org/2003/role/verboseLabel"/>
<loc xlink:type="locator" xlink:href="http://xbrl.fasb.org/us-gaap/2012/elts/us-gaap-2012-01-31.xsd#us-gaap_OtherGeneralAndAdministrativeExpense" xlink:label="loc_us-gaap_OtherGeneralAndAdministrativeExpense_4"/>
<presentationArc xlink:type="arc" xlink:arcrole="http://www.xbrl.org/2003/arcrole/parent-child" xlink:from="loc_us-gaap_OperatingExpensesAbstract_3" xlink:to="loc_us-gaap_OtherGeneralAndAdministrativeExpense_4" order="0" use="optional" preferredLabel="http://www.xbrl.org/2003/role/verboseLabel"/>
<loc xlink:type="locator" xlink:href="http://xbrl.fasb.org/us-gaap/2012/elts/us-gaap-2012-01-31.xsd#us-gaap_LeaseAndRentalExpense" xlink:label="loc_us-gaap_LeaseAndRentalExpense_5"/>
<presentationArc xlink:type="arc" xlink:arcrole="http://www.xbrl.org/2003/arcrole/parent-child" xlink:from="loc_us-gaap_OperatingExpensesAbstract_3" xlink:to="loc_us-gaap_LeaseAndRentalExpense_5" order="10" use="optional" preferredLabel="http://www.xbrl.org/2003/role/verboseLabel"/>
<loc xlink:type="locator" xlink:href="http://xbrl.fasb.org/us-gaap/2012/elts/us-gaap-2012-01-31.xsd#us-gaap_ProfessionalFees" xlink:label="loc_us-gaap_ProfessionalFees_6"/>
<presentationArc xlink:type="arc" xlink:arcrole="http://www.xbrl.org/2003/arcrole/parent-child" xlink:from="loc_us-gaap_OperatingExpensesAbstract_3" xlink:to="loc_us-gaap_ProfessionalFees_6" order="20" use="optional" preferredLabel="http://www.xbrl.org/2003/role/verboseLabel"/>
<loc xlink:type="locator" xlink:href="http://xbrl.fasb.org/us-gaap/2012/elts/us-gaap-2012-01-31.xsd#us-gaap_GeneralAndAdministrativeExpense" xlink:label="loc_us-gaap_GeneralAndAdministrativeExpense_7"/>
<presentationArc xlink:type="arc" xlink:arcrole="http://www.xbrl.org/2003/arcrole/parent-child" xlink:from="loc_us-gaap_OperatingExpensesAbstract_3" xlink:to="loc_us-gaap_GeneralAndAdministrativeExpense_7" order="30" use="optional" preferredLabel="http://www.xbrl.org/2003/role/verboseLabel"/>
<loc xlink:type="locator" xlink:href="http://xbrl.fasb.org/us-gaap/2012/elts/us-gaap-2012-01-31.xsd#us-gaap_OperatingExpenses" xlink:label="loc_us-gaap_OperatingExpenses_8"/>
<presentationArc xlink:type="arc" xlink:arcrole="http://www.xbrl.org/2003/arcrole/parent-child" xlink:from="loc_us-gaap_OperatingExpensesAbstract_3" xlink:to="loc_us-gaap_OperatingExpenses_8" order="40" use="optional" preferredLabel="http://www.xbrl.org/2003/role/totalLabel"/>
<loc xlink:type="locator" xlink:href="http://xbrl.fasb.org/us-gaap/2012/elts/us-gaap-2012-01-31.xsd#us-gaap_NetIncomeLoss" xlink:label="loc_us-gaap_NetIncomeLoss_9"/>
<presentationArc xlink:type="arc" xlink:arcrole="http://www.xbrl.org/2003/arcrole/parent-child" xlink:from="loc_us-gaap_OperatingExpensesAbstract_3" xlink:to="loc_us-gaap_NetIncomeLoss_9" order="50" use="optional" preferredLabel="http://www.xbrl.org/2003/role/terseLabel"/>
<loc xlink:type="locator" xlink:href="http://xbrl.fasb.org/us-gaap/2012/elts/us-gaap-2012-01-31.xsd#us-gaap_EarningsPerShareBasicAndDiluted" xlink:label="loc_us-gaap_EarningsPerShareBasicAndDiluted_10"/>
<presentationArc xlink:type="arc" xlink:arcrole="http://www.xbrl.org/2003/arcrole/parent-child" xlink:from="loc_us-gaap_OperatingExpensesAbstract_3" xlink:to="loc_us-gaap_EarningsPerShareBasicAndDiluted_10" order="60" use="optional" preferredLabel="http://www.xbrl.org/2003/role/verboseLabel"/>
<loc xlink:type="locator" xlink:href="http://xbrl.fasb.org/us-gaap/2012/elts/us-gaap-2012-01-31.xsd#us-gaap_WeightedAverageNumberOfShareOutstandingBasicAndDiluted" xlink:label="loc_us-gaap_WeightedAverageNumberOfShareOutstandingBasicAndDiluted_11"/>
<presentationArc xlink:type="arc" xlink:arcrole="http://www.xbrl.org/2003/arcrole/parent-child" xlink:from="loc_us-gaap_OperatingExpensesAbstract_3" xlink:to="loc_us-gaap_WeightedAverageNumberOfShareOutstandingBasicAndDiluted_11" order="70" use="optional" preferredLabel="http://www.xbrl.org/2003/role/verboseLabel"/>
</presentationLink>
<presentationLink xlink:type="extended" xlink:role="http://www.0001479000.com/role/StatementsOfCashFlows">
<loc xlink:type="locator" xlink:href="http://xbrl.fasb.org/us-gaap/2012/elts/us-gaap-2012-01-31.xsd#us-gaap_StatementOfCashFlowsAbstract" xlink:label="loc_us-gaap_StatementOfCashFlowsAbstract_0"/>
<loc xlink:type="locator" xlink:href="http://xbrl.fasb.org/us-gaap/2012/elts/us-gaap-2012-01-31.xsd#us-gaap_StatementTable" xlink:label="loc_us-gaap_StatementTable_1"/>
<presentationArc xlink:type="arc" xlink:arcrole="http://www.xbrl.org/2003/arcrole/parent-child" xlink:from="loc_us-gaap_StatementOfCashFlowsAbstract_0" xlink:to="loc_us-gaap_StatementTable_1" order="0" use="optional" preferredLabel="http://www.xbrl.org/2003/role/verboseLabel"/>
<loc xlink:type="locator" xlink:href="http://xbrl.fasb.org/us-gaap/2012/elts/us-gaap-2012-01-31.xsd#us-gaap_StatementLineItems" xlink:label="loc_us-gaap_StatementLineItems_2"/>
<presentationArc xlink:type="arc" xlink:arcrole="http://www.xbrl.org/2003/arcrole/parent-child" xlink:from="loc_us-gaap_StatementTable_1" xlink:to="loc_us-gaap_StatementLineItems_2" order="0" use="optional" preferredLabel="http://www.xbrl.org/2003/role/verboseLabel"/>
<loc xlink:type="locator" xlink:href="http://xbrl.fasb.org/us-gaap/2012/elts/us-gaap-2012-01-31.xsd#us-gaap_NetCashProvidedByUsedInOperatingActivitiesAbstract" xlink:label="loc_us-gaap_NetCashProvidedByUsedInOperatingActivitiesAbstract_3"/>
<presentationArc xlink:type="arc" xlink:arcrole="http://www.xbrl.org/2003/arcrole/parent-child" xlink:from="loc_us-gaap_StatementLineItems_2" xlink:to="loc_us-gaap_NetCashProvidedByUsedInOperatingActivitiesAbstract_3" order="0" use="optional" preferredLabel="http://www.xbrl.org/2003/role/verboseLabel"/>
<loc xlink:type="locator" xlink:href="http://xbrl.fasb.org/us-gaap/2012/elts/us-gaap-2012-01-31.xsd#us-gaap_NetIncomeLoss" xlink:label="loc_us-gaap_NetIncomeLoss_4"/>
<presentationArc xlink:type="arc" xlink:arcrole="http://www.xbrl.org/2003/arcrole/parent-child" xlink:from="loc_us-gaap_NetCashProvidedByUsedInOperatingActivitiesAbstract_3" xlink:to="loc_us-gaap_NetIncomeLoss_4" order="0" use="optional" preferredLabel="http://www.xbrl.org/2003/role/verboseLabel"/>
<loc xlink:type="locator" xlink:href="http://xbrl.fasb.org/us-gaap/2012/elts/us-gaap-2012-01-31.xsd#us-gaap_AdjustmentsToReconcileNetIncomeLossToCashProvidedByUsedInOperatingActivitiesAbstract" xlink:label="loc_us-gaap_AdjustmentsToReconcileNetIncomeLossToCashProvidedByUsedInOperatingActivitiesAbstract_5"/>
<presentationArc xlink:type="arc" xlink:arcrole="http://www.xbrl.org/2003/arcrole/parent-child" xlink:from="loc_us-gaap_StatementLineItems_2" xlink:to="loc_us-gaap_AdjustmentsToReconcileNetIncomeLossToCashProvidedByUsedInOperatingActivitiesAbstract_5" order="10" use="optional" preferredLabel="http://www.xbrl.org/2003/role/verboseLabel"/>
<loc xlink:type="locator" xlink:href="http://xbrl.fasb.org/us-gaap/2012/elts/us-gaap-2012-01-31.xsd#us-gaap_OtherNoncashExpense" xlink:label="loc_us-gaap_OtherNoncashExpense_6"/>
<presentationArc xlink:type="arc" xlink:arcrole="http://www.xbrl.org/2003/arcrole/parent-child" xlink:from="loc_us-gaap_AdjustmentsToReconcileNetIncomeLossToCashProvidedByUsedInOperatingActivitiesAbstract_5" xlink:to="loc_us-gaap_OtherNoncashExpense_6" order="0" use="optional" preferredLabel="http://www.xbrl.org/2003/role/verboseLabel"/>
<loc xlink:type="locator" xlink:href="farm-20121031.xsd#farm_ChangesInOperatingAssetsAndLiabilitiesAbstract" xlink:label="loc_farm_ChangesInOperatingAssetsAndLiabilitiesAbstract_7"/>
<presentationArc xlink:type="arc" xlink:arcrole="http://www.xbrl.org/2003/arcrole/parent-child" xlink:from="loc_us-gaap_StatementLineItems_2" xlink:to="loc_farm_ChangesInOperatingAssetsAndLiabilitiesAbstract_7" order="20" use="optional" preferredLabel="http://www.xbrl.org/2003/role/verboseLabel"/>
<loc xlink:type="locator" xlink:href="http://xbrl.fasb.org/us-gaap/2012/elts/us-gaap-2012-01-31.xsd#us-gaap_IncreaseDecreaseInAccountsPayableAndAccruedLiabilities" xlink:label="loc_us-gaap_IncreaseDecreaseInAccountsPayableAndAccruedLiabilities_8"/>
<presentationArc xlink:type="arc" xlink:arcrole="http://www.xbrl.org/2003/arcrole/parent-child" xlink:from="loc_farm_ChangesInOperatingAssetsAndLiabilitiesAbstract_7" xlink:to="loc_us-gaap_IncreaseDecreaseInAccountsPayableAndAccruedLiabilities_8" order="0" use="optional" preferredLabel="http://www.xbrl.org/2003/role/verboseLabel"/>
<loc xlink:type="locator" xlink:href="http://xbrl.fasb.org/us-gaap/2012/elts/us-gaap-2012-01-31.xsd#us-gaap_IncreaseDecreaseInAccountsPayableRelatedParties" xlink:label="loc_us-gaap_IncreaseDecreaseInAccountsPayableRelatedParties_9"/>
<presentationArc xlink:type="arc" xlink:arcrole="http://www.xbrl.org/2003/arcrole/parent-child" xlink:from="loc_farm_ChangesInOperatingAssetsAndLiabilitiesAbstract_7" xlink:to="loc_us-gaap_IncreaseDecreaseInAccountsPayableRelatedParties_9" order="10" use="optional" preferredLabel="http://www.xbrl.org/2003/role/verboseLabel"/>
<loc xlink:type="locator" xlink:href="http://xbrl.fasb.org/us-gaap/2012/elts/us-gaap-2012-01-31.xsd#us-gaap_NetCashProvidedByUsedInOperatingActivities" xlink:label="loc_us-gaap_NetCashProvidedByUsedInOperatingActivities_10"/>
<presentationArc xlink:type="arc" xlink:arcrole="http://www.xbrl.org/2003/arcrole/parent-child" xlink:from="loc_farm_ChangesInOperatingAssetsAndLiabilitiesAbstract_7" xlink:to="loc_us-gaap_NetCashProvidedByUsedInOperatingActivities_10" order="20" use="optional" preferredLabel="http://www.xbrl.org/2003/role/totalLabel"/>
<loc xlink:type="locator" xlink:href="http://xbrl.fasb.org/us-gaap/2012/elts/us-gaap-2012-01-31.xsd#us-gaap_NetCashProvidedByUsedInFinancingActivitiesAbstract" xlink:label="loc_us-gaap_NetCashProvidedByUsedInFinancingActivitiesAbstract_11"/>
<presentationArc xlink:type="arc" xlink:arcrole="http://www.xbrl.org/2003/arcrole/parent-child" xlink:from="loc_us-gaap_StatementLineItems_2" xlink:to="loc_us-gaap_NetCashProvidedByUsedInFinancingActivitiesAbstract_11" order="30" use="optional" preferredLabel="http://www.xbrl.org/2003/role/verboseLabel"/>
<loc xlink:type="locator" xlink:href="http://xbrl.fasb.org/us-gaap/2012/elts/us-gaap-2012-01-31.xsd#us-gaap_ProceedsFromIssuanceOfCommonStock" xlink:label="loc_us-gaap_ProceedsFromIssuanceOfCommonStock_12"/>
<presentationArc xlink:type="arc" xlink:arcrole="http://www.xbrl.org/2003/arcrole/parent-child" xlink:from="loc_us-gaap_NetCashProvidedByUsedInFinancingActivitiesAbstract_11" xlink:to="loc_us-gaap_ProceedsFromIssuanceOfCommonStock_12" order="0" use="optional" preferredLabel="http://www.xbrl.org/2003/role/verboseLabel"/>
<loc xlink:type="locator" xlink:href="http://xbrl.fasb.org/us-gaap/2012/elts/us-gaap-2012-01-31.xsd#us-gaap_NetCashProvidedByUsedInFinancingActivities" xlink:label="loc_us-gaap_NetCashProvidedByUsedInFinancingActivities_13"/>
<presentationArc xlink:type="arc" xlink:arcrole="http://www.xbrl.org/2003/arcrole/parent-child" xlink:from="loc_us-gaap_NetCashProvidedByUsedInFinancingActivitiesAbstract_11" xlink:to="loc_us-gaap_NetCashProvidedByUsedInFinancingActivities_13" order="10" use="optional" preferredLabel="http://www.xbrl.org/2003/role/totalLabel"/>
<loc xlink:type="locator" xlink:href="http://xbrl.fasb.org/us-gaap/2012/elts/us-gaap-2012-01-31.xsd#us-gaap_CashAndCashEquivalentsPeriodIncreaseDecrease" xlink:label="loc_us-gaap_CashAndCashEquivalentsPeriodIncreaseDecrease_14"/>
<presentationArc xlink:type="arc" xlink:arcrole="http://www.xbrl.org/2003/arcrole/parent-child" xlink:from="loc_us-gaap_NetCashProvidedByUsedInFinancingActivitiesAbstract_11" xlink:to="loc_us-gaap_CashAndCashEquivalentsPeriodIncreaseDecrease_14" order="20" use="optional" preferredLabel="http://www.xbrl.org/2003/role/verboseLabel"/>
<loc xlink:type="locator" xlink:href="http://xbrl.fasb.org/us-gaap/2012/elts/us-gaap-2012-01-31.xsd#us-gaap_CashAndCashEquivalentsAtCarryingValue" xlink:label="loc_us-gaap_CashAndCashEquivalentsAtCarryingValue_15"/>
<presentationArc xlink:type="arc" xlink:arcrole="http://www.xbrl.org/2003/arcrole/parent-child" xlink:from="loc_us-gaap_NetCashProvidedByUsedInFinancingActivitiesAbstract_11" xlink:to="loc_us-gaap_CashAndCashEquivalentsAtCarryingValue_15" order="30" use="optional" preferredLabel="http://www.xbrl.org/2003/role/periodStartLabel"/>
<loc xlink:type="locator" xlink:href="http://xbrl.fasb.org/us-gaap/2012/elts/us-gaap-2012-01-31.xsd#us-gaap_CashAndCashEquivalentsAtCarryingValue" xlink:label="loc_us-gaap_CashAndCashEquivalentsAtCarryingValue_16"/>
<presentationArc xlink:type="arc" xlink:arcrole="http://www.xbrl.org/2003/arcrole/parent-child" xlink:from="loc_us-gaap_NetCashProvidedByUsedInFinancingActivitiesAbstract_11" xlink:to="loc_us-gaap_CashAndCashEquivalentsAtCarryingValue_16" order="40" use="optional" preferredLabel="http://www.xbrl.org/2003/role/periodEndLabel"/>
<loc xlink:type="locator" xlink:href="http://xbrl.fasb.org/us-gaap/2012/elts/us-gaap-2012-01-31.xsd#us-gaap_SupplementalCashFlowInformationAbstract" xlink:label="loc_us-gaap_SupplementalCashFlowInformationAbstract_17"/>
<presentationArc xlink:type="arc" xlink:arcrole="http://www.xbrl.org/2003/arcrole/parent-child" xlink:from="loc_us-gaap_NetCashProvidedByUsedInFinancingActivitiesAbstract_11" xlink:to="loc_us-gaap_SupplementalCashFlowInformationAbstract_17" order="50" use="optional" preferredLabel="http://www.xbrl.org/2003/role/verboseLabel"/>
<loc xlink:type="locator" xlink:href="http://xbrl.fasb.org/us-gaap/2012/elts/us-gaap-2012-01-31.xsd#us-gaap_InterestPaid" xlink:label="loc_us-gaap_InterestPaid_18"/>
<presentationArc xlink:type="arc" xlink:arcrole="http://www.xbrl.org/2003/arcrole/parent-child" xlink:from="loc_us-gaap_SupplementalCashFlowInformationAbstract_17" xlink:to="loc_us-gaap_InterestPaid_18" order="0" use="optional" preferredLabel="http://www.xbrl.org/2003/role/verboseLabel"/>
<loc xlink:type="locator" xlink:href="http://xbrl.fasb.org/us-gaap/2012/elts/us-gaap-2012-01-31.xsd#us-gaap_IncomeTaxesPaid" xlink:label="loc_us-gaap_IncomeTaxesPaid_19"/>
<presentationArc xlink:type="arc" xlink:arcrole="http://www.xbrl.org/2003/arcrole/parent-child" xlink:from="loc_us-gaap_SupplementalCashFlowInformationAbstract_17" xlink:to="loc_us-gaap_IncomeTaxesPaid_19" order="10" use="optional" preferredLabel="http://www.xbrl.org/2003/role/verboseLabel"/>
</presentationLink>
<presentationLink xlink:type="extended" xlink:role="http://www.0001479000.com/role/StatementOfChangesInStockholdersDeficit">
<loc xlink:type="locator" xlink:href="http://xbrl.fasb.org/us-gaap/2012/elts/us-gaap-2012-01-31.xsd#us-gaap_StatementOfStockholdersEquityAbstract" xlink:label="loc_us-gaap_StatementOfStockholdersEquityAbstract_0"/>
<loc xlink:type="locator" xlink:href="http://xbrl.fasb.org/us-gaap/2012/elts/us-gaap-2012-01-31.xsd#us-gaap_StatementTable" xlink:label="loc_us-gaap_StatementTable_1"/>
<presentationArc xlink:type="arc" xlink:arcrole="http://www.xbrl.org/2003/arcrole/parent-child" xlink:from="loc_us-gaap_StatementOfStockholdersEquityAbstract_0" xlink:to="loc_us-gaap_StatementTable_1" order="0" use="optional" preferredLabel="http://www.xbrl.org/2003/role/verboseLabel"/>
<loc xlink:type="locator" xlink:href="http://xbrl.fasb.org/us-gaap/2012/elts/us-gaap-2012-01-31.xsd#us-gaap_StatementEquityComponentsAxis" xlink:label="loc_us-gaap_StatementEquityComponentsAxis_2"/>
<presentationArc xlink:type="arc" xlink:arcrole="http://www.xbrl.org/2003/arcrole/parent-child" xlink:from="loc_us-gaap_StatementTable_1" xlink:to="loc_us-gaap_StatementEquityComponentsAxis_2" order="0" use="optional" preferredLabel="http://www.xbrl.org/2003/role/verboseLabel"/>
<loc xlink:type="locator" xlink:href="http://xbrl.fasb.org/us-gaap/2012/elts/us-gaap-2012-01-31.xsd#us-gaap_EquityComponentDomain" xlink:label="loc_us-gaap_EquityComponentDomain_3"/>
<presentationArc xlink:type="arc" xlink:arcrole="http://www.xbrl.org/2003/arcrole/parent-child" xlink:from="loc_us-gaap_StatementEquityComponentsAxis_2" xlink:to="loc_us-gaap_EquityComponentDomain_3" order="0" use="optional" preferredLabel="http://www.xbrl.org/2003/role/verboseLabel"/>
<loc xlink:type="locator" xlink:href="http://xbrl.fasb.org/us-gaap/2012/elts/us-gaap-2012-01-31.xsd#us-gaap_CommonStockMember" xlink:label="loc_us-gaap_CommonStockMember_4"/>
<presentationArc xlink:type="arc" xlink:arcrole="http://www.xbrl.org/2003/arcrole/parent-child" xlink:from="loc_us-gaap_EquityComponentDomain_3" xlink:to="loc_us-gaap_CommonStockMember_4" order="0" use="optional" preferredLabel="http://www.xbrl.org/2003/role/label"/>
<loc xlink:type="locator" xlink:href="http://xbrl.fasb.org/us-gaap/2012/elts/us-gaap-2012-01-31.xsd#us-gaap_AdditionalPaidInCapitalMember" xlink:label="loc_us-gaap_AdditionalPaidInCapitalMember_5"/>
<presentationArc xlink:type="arc" xlink:arcrole="http://www.xbrl.org/2003/arcrole/parent-child" xlink:from="loc_us-gaap_EquityComponentDomain_3" xlink:to="loc_us-gaap_AdditionalPaidInCapitalMember_5" order="10" use="optional" preferredLabel="http://www.xbrl.org/2003/role/label"/>
<loc xlink:type="locator" xlink:href="http://xbrl.fasb.org/us-gaap/2012/elts/us-gaap-2012-01-31.xsd#us-gaap_AccumulatedDeficitDuringDevelopmentStageMember" xlink:label="loc_us-gaap_AccumulatedDeficitDuringDevelopmentStageMember_6"/>
<presentationArc xlink:type="arc" xlink:arcrole="http://www.xbrl.org/2003/arcrole/parent-child" xlink:from="loc_us-gaap_EquityComponentDomain_3" xlink:to="loc_us-gaap_AccumulatedDeficitDuringDevelopmentStageMember_6" order="20" use="optional" preferredLabel="http://www.xbrl.org/2003/role/label"/>
<loc xlink:type="locator" xlink:href="http://xbrl.fasb.org/us-gaap/2012/elts/us-gaap-2012-01-31.xsd#us-gaap_StatementLineItems" xlink:label="loc_us-gaap_StatementLineItems_7"/>
<presentationArc xlink:type="arc" xlink:arcrole="http://www.xbrl.org/2003/arcrole/parent-child" xlink:from="loc_us-gaap_StatementTable_1" xlink:to="loc_us-gaap_StatementLineItems_7" order="10" use="optional" preferredLabel="http://www.xbrl.org/2003/role/verboseLabel"/>
<loc xlink:type="locator" xlink:href="http://xbrl.fasb.org/us-gaap/2012/elts/us-gaap-2012-01-31.xsd#us-gaap_StockholdersEquity" xlink:label="loc_us-gaap_StockholdersEquity_8"/>
<presentationArc xlink:type="arc" xlink:arcrole="http://www.xbrl.org/2003/arcrole/parent-child" xlink:from="loc_us-gaap_StatementLineItems_7" xlink:to="loc_us-gaap_StockholdersEquity_8" order="0" use="optional" preferredLabel="http://www.xbrl.org/2003/role/periodStartLabel"/>
<loc xlink:type="locator" xlink:href="http://xbrl.fasb.org/us-gaap/2012/elts/us-gaap-2012-01-31.xsd#us-gaap_StockIssuedDuringPeriodValueNewIssues" xlink:label="loc_us-gaap_StockIssuedDuringPeriodValueNewIssues_9"/>
<presentationArc xlink:type="arc" xlink:arcrole="http://www.xbrl.org/2003/arcrole/parent-child" xlink:from="loc_us-gaap_StatementLineItems_7" xlink:to="loc_us-gaap_StockIssuedDuringPeriodValueNewIssues_9" order="10" use="optional" preferredLabel="http://www.xbrl.org/2003/role/verboseLabel"/>
<loc xlink:type="locator" xlink:href="http://xbrl.fasb.org/us-gaap/2012/elts/us-gaap-2012-01-31.xsd#us-gaap_StockIssuedDuringPeriodSharesNewIssues" xlink:label="loc_us-gaap_StockIssuedDuringPeriodSharesNewIssues_10"/>
<presentationArc xlink:type="arc" xlink:arcrole="http://www.xbrl.org/2003/arcrole/parent-child" xlink:from="loc_us-gaap_StatementLineItems_7" xlink:to="loc_us-gaap_StockIssuedDuringPeriodSharesNewIssues_10" order="20" use="optional" preferredLabel="http://www.xbrl.org/2003/role/verboseLabel"/>
<loc xlink:type="locator" xlink:href="http://xbrl.fasb.org/us-gaap/2012/elts/us-gaap-2012-01-31.xsd#us-gaap_AdjustmentsToAdditionalPaidInCapitalOther" xlink:label="loc_us-gaap_AdjustmentsToAdditionalPaidInCapitalOther_11"/>
<presentationArc xlink:type="arc" xlink:arcrole="http://www.xbrl.org/2003/arcrole/parent-child" xlink:from="loc_us-gaap_StatementLineItems_7" xlink:to="loc_us-gaap_AdjustmentsToAdditionalPaidInCapitalOther_11" order="30" use="optional" preferredLabel="http://www.xbrl.org/2003/role/verboseLabel"/>
<loc xlink:type="locator" xlink:href="http://xbrl.fasb.org/us-gaap/2012/elts/us-gaap-2012-01-31.xsd#us-gaap_NetIncomeLoss" xlink:label="loc_us-gaap_NetIncomeLoss_12"/>
<presentationArc xlink:type="arc" xlink:arcrole="http://www.xbrl.org/2003/arcrole/parent-child" xlink:from="loc_us-gaap_StatementLineItems_7" xlink:to="loc_us-gaap_NetIncomeLoss_12" order="40" use="optional" preferredLabel="http://www.xbrl.org/2003/role/verboseLabel"/>
<loc xlink:type="locator" xlink:href="http://xbrl.fasb.org/us-gaap/2012/elts/us-gaap-2012-01-31.xsd#us-gaap_StockholdersEquity" xlink:label="loc_us-gaap_StockholdersEquity_13"/>
<presentationArc xlink:type="arc" xlink:arcrole="http://www.xbrl.org/2003/arcrole/parent-child" xlink:from="loc_us-gaap_StatementLineItems_7" xlink:to="loc_us-gaap_StockholdersEquity_13" order="50" use="optional" preferredLabel="http://www.xbrl.org/2003/role/periodEndLabel"/>
<loc xlink:type="locator" xlink:href="http://xbrl.fasb.org/us-gaap/2012/elts/us-gaap-2012-01-31.xsd#us-gaap_SharesIssued" xlink:label="loc_us-gaap_SharesIssued_14"/>
<presentationArc xlink:type="arc" xlink:arcrole="http://www.xbrl.org/2003/arcrole/parent-child" xlink:from="loc_us-gaap_StatementLineItems_7" xlink:to="loc_us-gaap_SharesIssued_14" order="60" use="optional" preferredLabel="http://www.xbrl.org/2003/role/verboseLabel"/>
<loc xlink:type="locator" xlink:href="http://xbrl.fasb.org/us-gaap/2012/elts/us-gaap-2012-01-31.xsd#us-gaap_StockIssuedDuringPeriodValueOther" xlink:label="loc_us-gaap_StockIssuedDuringPeriodValueOther_15"/>
<presentationArc xlink:type="arc" xlink:arcrole="http://www.xbrl.org/2003/arcrole/parent-child" xlink:from="loc_us-gaap_StatementLineItems_7" xlink:to="loc_us-gaap_StockIssuedDuringPeriodValueOther_15" order="70" use="optional" preferredLabel="http://www.xbrl.org/2003/role/verboseLabel"/>
<loc xlink:type="locator" xlink:href="http://xbrl.fasb.org/us-gaap/2012/elts/us-gaap-2012-01-31.xsd#us-gaap_StockIssuedDuringPeriodSharesOther" xlink:label="loc_us-gaap_StockIssuedDuringPeriodSharesOther_16"/>
<presentationArc xlink:type="arc" xlink:arcrole="http://www.xbrl.org/2003/arcrole/parent-child" xlink:from="loc_us-gaap_StatementLineItems_7" xlink:to="loc_us-gaap_StockIssuedDuringPeriodSharesOther_16" order="80" use="optional" preferredLabel="http://www.xbrl.org/2003/role/verboseLabel"/>
</presentationLink>
<presentationLink xlink:type="extended" xlink:role="http://www.0001479000.com/role/NatureOfOperations">
<loc xlink:type="locator" xlink:href="http://xbrl.fasb.org/us-gaap/2012/elts/us-gaap-2012-01-31.xsd#us-gaap_OrganizationConsolidationAndPresentationOfFinancialStatementsAbstract" xlink:label="loc_us-gaap_OrganizationConsolidationAndPresentationOfFinancialStatementsAbstract_0"/>
<loc xlink:type="locator" xlink:href="http://xbrl.fasb.org/us-gaap/2012/elts/us-gaap-2012-01-31.xsd#us-gaap_NatureOfOperations" xlink:label="loc_us-gaap_NatureOfOperations_1"/>
<presentationArc xlink:type="arc" xlink:arcrole="http://www.xbrl.org/2003/arcrole/parent-child" xlink:from="loc_us-gaap_OrganizationConsolidationAndPresentationOfFinancialStatementsAbstract_0" xlink:to="loc_us-gaap_NatureOfOperations_1" order="0" use="optional" preferredLabel="http://www.xbrl.org/2003/role/verboseLabel"/>
</presentationLink>
<presentationLink xlink:type="extended" xlink:role="http://www.0001479000.com/role/Summaryofsignificantaccountingpolicies">
<loc xlink:type="locator" xlink:href="http://xbrl.fasb.org/us-gaap/2012/elts/us-gaap-2012-01-31.xsd#us-gaap_AccountingPoliciesAbstract" xlink:label="loc_us-gaap_AccountingPoliciesAbstract_0"/>
<loc xlink:type="locator" xlink:href="http://xbrl.fasb.org/us-gaap/2012/elts/us-gaap-2012-01-31.xsd#us-gaap_SignificantAccountingPoliciesTextBlock" xlink:label="loc_us-gaap_SignificantAccountingPoliciesTextBlock_1"/>
<presentationArc xlink:type="arc" xlink:arcrole="http://www.xbrl.org/2003/arcrole/parent-child" xlink:from="loc_us-gaap_AccountingPoliciesAbstract_0" xlink:to="loc_us-gaap_SignificantAccountingPoliciesTextBlock_1" order="0" use="optional" preferredLabel="http://www.xbrl.org/2003/role/verboseLabel"/>
</presentationLink>
<presentationLink xlink:type="extended" xlink:role="http://www.0001479000.com/role/IncomeTaxes">
<loc xlink:type="locator" xlink:href="http://xbrl.fasb.org/us-gaap/2012/elts/us-gaap-2012-01-31.xsd#us-gaap_IncomeTaxDisclosureAbstract" xlink:label="loc_us-gaap_IncomeTaxDisclosureAbstract_0"/>
<loc xlink:type="locator" xlink:href="http://xbrl.fasb.org/us-gaap/2012/elts/us-gaap-2012-01-31.xsd#us-gaap_IncomeTaxDisclosureTextBlock" xlink:label="loc_us-gaap_IncomeTaxDisclosureTextBlock_1"/>
<presentationArc xlink:type="arc" xlink:arcrole="http://www.xbrl.org/2003/arcrole/parent-child" xlink:from="loc_us-gaap_IncomeTaxDisclosureAbstract_0" xlink:to="loc_us-gaap_IncomeTaxDisclosureTextBlock_1" order="0" use="optional" preferredLabel="http://www.xbrl.org/2003/role/verboseLabel"/>
</presentationLink>
<presentationLink xlink:type="extended" xlink:role="http://www.0001479000.com/role/FairValueMeasurements">
<loc xlink:type="locator" xlink:href="http://xbrl.fasb.org/us-gaap/2012/elts/us-gaap-2012-01-31.xsd#us-gaap_FairValueDisclosuresAbstract" xlink:label="loc_us-gaap_FairValueDisclosuresAbstract_0"/>
<loc xlink:type="locator" xlink:href="http://xbrl.fasb.org/us-gaap/2012/elts/us-gaap-2012-01-31.xsd#us-gaap_FairValueDisclosuresTextBlock" xlink:label="loc_us-gaap_FairValueDisclosuresTextBlock_1"/>
<presentationArc xlink:type="arc" xlink:arcrole="http://www.xbrl.org/2003/arcrole/parent-child" xlink:from="loc_us-gaap_FairValueDisclosuresAbstract_0" xlink:to="loc_us-gaap_FairValueDisclosuresTextBlock_1" order="0" use="optional" preferredLabel="http://www.xbrl.org/2003/role/verboseLabel"/>
</presentationLink>
<presentationLink xlink:type="extended" xlink:role="http://www.0001479000.com/role/RelatedPartyTransactions">
<loc xlink:type="locator" xlink:href="http://xbrl.fasb.org/us-gaap/2012/elts/us-gaap-2012-01-31.xsd#us-gaap_RelatedPartyTransactionsAbstract" xlink:label="loc_us-gaap_RelatedPartyTransactionsAbstract_0"/>
<loc xlink:type="locator" xlink:href="http://xbrl.fasb.org/us-gaap/2012/elts/us-gaap-2012-01-31.xsd#us-gaap_RelatedPartyTransactionsDisclosureTextBlock" xlink:label="loc_us-gaap_RelatedPartyTransactionsDisclosureTextBlock_1"/>
<presentationArc xlink:type="arc" xlink:arcrole="http://www.xbrl.org/2003/arcrole/parent-child" xlink:from="loc_us-gaap_RelatedPartyTransactionsAbstract_0" xlink:to="loc_us-gaap_RelatedPartyTransactionsDisclosureTextBlock_1" order="0" use="optional" preferredLabel="http://www.xbrl.org/2003/role/verboseLabel"/>
</presentationLink>
<presentationLink xlink:type="extended" xlink:role="http://www.0001479000.com/role/CommonStock">
<loc xlink:type="locator" xlink:href="http://xbrl.fasb.org/us-gaap/2012/elts/us-gaap-2012-01-31.xsd#us-gaap_StockholdersEquityNoteAbstract" xlink:label="loc_us-gaap_StockholdersEquityNoteAbstract_0"/>
<loc xlink:type="locator" xlink:href="http://xbrl.fasb.org/us-gaap/2012/elts/us-gaap-2012-01-31.xsd#us-gaap_StockholdersEquityNoteDisclosureTextBlock" xlink:label="loc_us-gaap_StockholdersEquityNoteDisclosureTextBlock_1"/>
<presentationArc xlink:type="arc" xlink:arcrole="http://www.xbrl.org/2003/arcrole/parent-child" xlink:from="loc_us-gaap_StockholdersEquityNoteAbstract_0" xlink:to="loc_us-gaap_StockholdersEquityNoteDisclosureTextBlock_1" order="0" use="optional" preferredLabel="http://www.xbrl.org/2003/role/verboseLabel"/>
</presentationLink>
<presentationLink xlink:type="extended" xlink:role="http://www.0001479000.com/role/SUBSEQUENTEVENTS">
<loc xlink:type="locator" xlink:href="http://xbrl.fasb.org/us-gaap/2012/elts/us-gaap-2012-01-31.xsd#us-gaap_SubsequentEventsAbstract" xlink:label="loc_us-gaap_SubsequentEventsAbstract_0"/>
<loc xlink:type="locator" xlink:href="http://xbrl.fasb.org/us-gaap/2012/elts/us-gaap-2012-01-31.xsd#us-gaap_SubsequentEventsTextBlock" xlink:label="loc_us-gaap_SubsequentEventsTextBlock_1"/>
<presentationArc xlink:type="arc" xlink:arcrole="http://www.xbrl.org/2003/arcrole/parent-child" xlink:from="loc_us-gaap_SubsequentEventsAbstract_0" xlink:to="loc_us-gaap_SubsequentEventsTextBlock_1" order="0" use="optional" preferredLabel="http://www.xbrl.org/2003/role/verboseLabel"/>
</presentationLink>
<presentationLink xlink:type="extended" xlink:role="http://www.0001479000.com/role/SummaryOfSignificantAccountingPoliciesPolicies">
<loc xlink:type="locator" xlink:href="http://xbrl.fasb.org/us-gaap/2012/elts/us-gaap-2012-01-31.xsd#us-gaap_AccountingPoliciesAbstract" xlink:label="loc_us-gaap_AccountingPoliciesAbstract_0"/>
<loc xlink:type="locator" xlink:href="http://xbrl.fasb.org/us-gaap/2012/elts/us-gaap-2012-01-31.xsd#us-gaap_BasisOfAccountingPolicyPolicyTextBlock" xlink:label="loc_us-gaap_BasisOfAccountingPolicyPolicyTextBlock_1"/>
<presentationArc xlink:type="arc" xlink:arcrole="http://www.xbrl.org/2003/arcrole/parent-child" xlink:from="loc_us-gaap_AccountingPoliciesAbstract_0" xlink:to="loc_us-gaap_BasisOfAccountingPolicyPolicyTextBlock_1" order="0" use="optional" preferredLabel="http://www.xbrl.org/2003/role/verboseLabel"/>
<loc xlink:type="locator" xlink:href="http://xbrl.fasb.org/us-gaap/2012/elts/us-gaap-2012-01-31.xsd#us-gaap_UseOfEstimates" xlink:label="loc_us-gaap_UseOfEstimates_2"/>
<presentationArc xlink:type="arc" xlink:arcrole="http://www.xbrl.org/2003/arcrole/parent-child" xlink:from="loc_us-gaap_AccountingPoliciesAbstract_0" xlink:to="loc_us-gaap_UseOfEstimates_2" order="10" use="optional" preferredLabel="http://www.xbrl.org/2003/role/verboseLabel"/>
<loc xlink:type="locator" xlink:href="http://xbrl.fasb.org/us-gaap/2012/elts/us-gaap-2012-01-31.xsd#us-gaap_CashAndCashEquivalentsPolicyTextBlock" xlink:label="loc_us-gaap_CashAndCashEquivalentsPolicyTextBlock_3"/>
<presentationArc xlink:type="arc" xlink:arcrole="http://www.xbrl.org/2003/arcrole/parent-child" xlink:from="loc_us-gaap_AccountingPoliciesAbstract_0" xlink:to="loc_us-gaap_CashAndCashEquivalentsPolicyTextBlock_3" order="20" use="optional" preferredLabel="http://www.xbrl.org/2003/role/verboseLabel"/>
<loc xlink:type="locator" xlink:href="farm-20121031.xsd#farm_DevelopmentStageEntityPolicyTextBlock" xlink:label="loc_farm_DevelopmentStageEntityPolicyTextBlock_4"/>
<presentationArc xlink:type="arc" xlink:arcrole="http://www.xbrl.org/2003/arcrole/parent-child" xlink:from="loc_us-gaap_AccountingPoliciesAbstract_0" xlink:to="loc_farm_DevelopmentStageEntityPolicyTextBlock_4" order="30" use="optional" preferredLabel="http://www.xbrl.org/2003/role/verboseLabel"/>
<loc xlink:type="locator" xlink:href="http://xbrl.fasb.org/us-gaap/2012/elts/us-gaap-2012-01-31.xsd#us-gaap_IncomeTaxPolicyTextBlock" xlink:label="loc_us-gaap_IncomeTaxPolicyTextBlock_5"/>
<presentationArc xlink:type="arc" xlink:arcrole="http://www.xbrl.org/2003/arcrole/parent-child" xlink:from="loc_us-gaap_AccountingPoliciesAbstract_0" xlink:to="loc_us-gaap_IncomeTaxPolicyTextBlock_5" order="40" use="optional" preferredLabel="http://www.xbrl.org/2003/role/verboseLabel"/>
<loc xlink:type="locator" xlink:href="http://xbrl.fasb.org/us-gaap/2012/elts/us-gaap-2012-01-31.xsd#us-gaap_EarningsPerSharePolicyTextBlock" xlink:label="loc_us-gaap_EarningsPerSharePolicyTextBlock_6"/>
<presentationArc xlink:type="arc" xlink:arcrole="http://www.xbrl.org/2003/arcrole/parent-child" xlink:from="loc_us-gaap_AccountingPoliciesAbstract_0" xlink:to="loc_us-gaap_EarningsPerSharePolicyTextBlock_6" order="50" use="optional" preferredLabel="http://www.xbrl.org/2003/role/verboseLabel"/>
<loc xlink:type="locator" xlink:href="http://xbrl.fasb.org/us-gaap/2012/elts/us-gaap-2012-01-31.xsd#us-gaap_FairValueOfFinancialInstrumentsPolicy" xlink:label="loc_us-gaap_FairValueOfFinancialInstrumentsPolicy_7"/>
<presentationArc xlink:type="arc" xlink:arcrole="http://www.xbrl.org/2003/arcrole/parent-child" xlink:from="loc_us-gaap_AccountingPoliciesAbstract_0" xlink:to="loc_us-gaap_FairValueOfFinancialInstrumentsPolicy_7" order="60" use="optional" preferredLabel="http://www.xbrl.org/2003/role/verboseLabel"/>
<loc xlink:type="locator" xlink:href="http://xbrl.fasb.org/us-gaap/2012/elts/us-gaap-2012-01-31.xsd#us-gaap_NewAccountingPronouncementsPolicyPolicyTextBlock" xlink:label="loc_us-gaap_NewAccountingPronouncementsPolicyPolicyTextBlock_8"/>
<presentationArc xlink:type="arc" xlink:arcrole="http://www.xbrl.org/2003/arcrole/parent-child" xlink:from="loc_us-gaap_AccountingPoliciesAbstract_0" xlink:to="loc_us-gaap_NewAccountingPronouncementsPolicyPolicyTextBlock_8" order="70" use="optional" preferredLabel="http://www.xbrl.org/2003/role/verboseLabel"/>
</presentationLink>
<presentationLink xlink:type="extended" xlink:role="http://www.0001479000.com/role/INCOMETAXESTables">
<loc xlink:type="locator" xlink:href="http://xbrl.fasb.org/us-gaap/2012/elts/us-gaap-2012-01-31.xsd#us-gaap_IncomeTaxDisclosureAbstract" xlink:label="loc_us-gaap_IncomeTaxDisclosureAbstract_0"/>
<loc xlink:type="locator" xlink:href="http://xbrl.fasb.org/us-gaap/2012/elts/us-gaap-2012-01-31.xsd#us-gaap_ScheduleOfDeferredTaxAssetsAndLiabilitiesTableTextBlock" xlink:label="loc_us-gaap_ScheduleOfDeferredTaxAssetsAndLiabilitiesTableTextBlock_1"/>
<presentationArc xlink:type="arc" xlink:arcrole="http://www.xbrl.org/2003/arcrole/parent-child" xlink:from="loc_us-gaap_IncomeTaxDisclosureAbstract_0" xlink:to="loc_us-gaap_ScheduleOfDeferredTaxAssetsAndLiabilitiesTableTextBlock_1" order="0" use="optional" preferredLabel="http://www.xbrl.org/2003/role/verboseLabel"/>
</presentationLink>
<presentationLink xlink:type="extended" xlink:role="http://www.0001479000.com/role/NATUREOFOPERATIONSDetailsTexual">
<loc xlink:type="locator" xlink:href="http://xbrl.fasb.org/us-gaap/2012/elts/us-gaap-2012-01-31.xsd#us-gaap_OrganizationConsolidationAndPresentationOfFinancialStatementsAbstract" xlink:label="loc_us-gaap_OrganizationConsolidationAndPresentationOfFinancialStatementsAbstract_0"/>
<loc xlink:type="locator" xlink:href="http://xbrl.fasb.org/us-gaap/2012/elts/us-gaap-2012-01-31.xsd#us-gaap_StatementTable" xlink:label="loc_us-gaap_StatementTable_1"/>
<presentationArc xlink:type="arc" xlink:arcrole="http://www.xbrl.org/2003/arcrole/parent-child" xlink:from="loc_us-gaap_OrganizationConsolidationAndPresentationOfFinancialStatementsAbstract_0" xlink:to="loc_us-gaap_StatementTable_1" order="0" use="optional" preferredLabel="http://www.xbrl.org/2003/role/verboseLabel"/>
<loc xlink:type="locator" xlink:href="http://xbrl.fasb.org/us-gaap/2012/elts/us-gaap-2012-01-31.xsd#us-gaap_StatementLineItems" xlink:label="loc_us-gaap_StatementLineItems_2"/>
<presentationArc xlink:type="arc" xlink:arcrole="http://www.xbrl.org/2003/arcrole/parent-child" xlink:from="loc_us-gaap_StatementTable_1" xlink:to="loc_us-gaap_StatementLineItems_2" order="0" use="optional" preferredLabel="http://www.xbrl.org/2003/role/verboseLabel"/>
<loc xlink:type="locator" xlink:href="http://xbrl.sec.gov/dei/2012/dei-2012-01-31.xsd#dei_EntityIncorporationDateOfIncorporation" xlink:label="loc_dei_EntityIncorporationDateOfIncorporation_3"/>
<presentationArc xlink:type="arc" xlink:arcrole="http://www.xbrl.org/2003/arcrole/parent-child" xlink:from="loc_us-gaap_StatementLineItems_2" xlink:to="loc_dei_EntityIncorporationDateOfIncorporation_3" order="0" use="optional"/>
<loc xlink:type="locator" xlink:href="http://xbrl.sec.gov/dei/2012/dei-2012-01-31.xsd#dei_EntityIncorporationStateCountryName" xlink:label="loc_dei_EntityIncorporationStateCountryName_4"/>
<presentationArc xlink:type="arc" xlink:arcrole="http://www.xbrl.org/2003/arcrole/parent-child" xlink:from="loc_us-gaap_StatementLineItems_2" xlink:to="loc_dei_EntityIncorporationStateCountryName_4" order="10" use="optional"/>
<loc xlink:type="locator" xlink:href="http://xbrl.fasb.org/us-gaap/2012/elts/us-gaap-2012-01-31.xsd#us-gaap_RetainedEarningsAccumulatedDeficit" xlink:label="loc_us-gaap_RetainedEarningsAccumulatedDeficit_5"/>
<presentationArc xlink:type="arc" xlink:arcrole="http://www.xbrl.org/2003/arcrole/parent-child" xlink:from="loc_us-gaap_StatementLineItems_2" xlink:to="loc_us-gaap_RetainedEarningsAccumulatedDeficit_5" order="20" use="optional" preferredLabel="http://www.xbrl.org/2003/role/verboseLabel"/>
</presentationLink>
<presentationLink xlink:type="extended" xlink:role="http://www.0001479000.com/role/SUMMARYOFSIGNIFICANTACCOUNTINGPOLICIESDetailsTextual">
<loc xlink:type="locator" xlink:href="http://xbrl.fasb.org/us-gaap/2012/elts/us-gaap-2012-01-31.xsd#us-gaap_AccountingPoliciesAbstract" xlink:label="loc_us-gaap_AccountingPoliciesAbstract_0"/>
<loc xlink:type="locator" xlink:href="http://xbrl.fasb.org/us-gaap/2012/elts/us-gaap-2012-01-31.xsd#us-gaap_StatementTable" xlink:label="loc_us-gaap_StatementTable_1"/>
<presentationArc xlink:type="arc" xlink:arcrole="http://www.xbrl.org/2003/arcrole/parent-child" xlink:from="loc_us-gaap_AccountingPoliciesAbstract_0" xlink:to="loc_us-gaap_StatementTable_1" order="0" use="optional" preferredLabel="http://www.xbrl.org/2003/role/verboseLabel"/>
<loc xlink:type="locator" xlink:href="http://xbrl.fasb.org/us-gaap/2012/elts/us-gaap-2012-01-31.xsd#us-gaap_StatementLineItems" xlink:label="loc_us-gaap_StatementLineItems_2"/>
<presentationArc xlink:type="arc" xlink:arcrole="http://www.xbrl.org/2003/arcrole/parent-child" xlink:from="loc_us-gaap_StatementTable_1" xlink:to="loc_us-gaap_StatementLineItems_2" order="0" use="optional" preferredLabel="http://www.xbrl.org/2003/role/verboseLabel"/>


<loc xlink:type="locator" xlink:href="farm-20121031.xsd#farm_CommonStockEquivalent" xlink:label="loc_farm_CommonStockEquivalent_4"/>
<presentationArc xlink:type="arc" xlink:arcrole="http://www.xbrl.org/2003/arcrole/parent-child" xlink:from="loc_us-gaap_StatementLineItems_2" xlink:to="loc_farm_CommonStockEquivalent_4" order="20" use="optional" preferredLabel="http://www.xbrl.org/2003/role/verboseLabel"/>
<loc xlink:type="locator" xlink:href="http://xbrl.fasb.org/us-gaap/2012/elts/us-gaap-2012-01-31.xsd#us-gaap_CashEquivalentsAtCarryingValue" xlink:label="loc_us-gaap_CashEquivalentsAtCarryingValue"/>
<presentationArc xlink:type="arc" xlink:arcrole="http://www.xbrl.org/2003/arcrole/parent-child" xlink:from="loc_us-gaap_StatementLineItems_2" xlink:to="loc_us-gaap_CashEquivalentsAtCarryingValue" order="10" use="optional"/>
</presentationLink>
<presentationLink xlink:type="extended" xlink:role="http://www.0001479000.com/role/DIFERREDINCOMETAXASSETSDetails">
<loc xlink:type="locator" xlink:href="http://xbrl.fasb.org/us-gaap/2012/elts/us-gaap-2012-01-31.xsd#us-gaap_IncomeTaxDisclosureAbstract" xlink:label="loc_us-gaap_IncomeTaxDisclosureAbstract_0"/>
<loc xlink:type="locator" xlink:href="http://xbrl.fasb.org/us-gaap/2012/elts/us-gaap-2012-01-31.xsd#us-gaap_StatementTable" xlink:label="loc_us-gaap_StatementTable_1"/>
<presentationArc xlink:type="arc" xlink:arcrole="http://www.xbrl.org/2003/arcrole/parent-child" xlink:from="loc_us-gaap_IncomeTaxDisclosureAbstract_0" xlink:to="loc_us-gaap_StatementTable_1" order="0" use="optional" preferredLabel="http://www.xbrl.org/2003/role/verboseLabel"/>
<loc xlink:type="locator" xlink:href="http://xbrl.fasb.org/us-gaap/2012/elts/us-gaap-2012-01-31.xsd#us-gaap_StatementLineItems" xlink:label="loc_us-gaap_StatementLineItems_2"/>
<presentationArc xlink:type="arc" xlink:arcrole="http://www.xbrl.org/2003/arcrole/parent-child" xlink:from="loc_us-gaap_StatementTable_1" xlink:to="loc_us-gaap_StatementLineItems_2" order="0" use="optional" preferredLabel="http://www.xbrl.org/2003/role/verboseLabel"/>
<loc xlink:type="locator" xlink:href="http://xbrl.fasb.org/us-gaap/2012/elts/us-gaap-2012-01-31.xsd#us-gaap_DeferredTaxAssetsGross" xlink:label="loc_us-gaap_DeferredTaxAssetsGross_3"/>
<presentationArc xlink:type="arc" xlink:arcrole="http://www.xbrl.org/2003/arcrole/parent-child" xlink:from="loc_us-gaap_StatementLineItems_2" xlink:to="loc_us-gaap_DeferredTaxAssetsGross_3" order="0" use="optional" preferredLabel="http://www.xbrl.org/2003/role/verboseLabel"/>
<loc xlink:type="locator" xlink:href="http://xbrl.fasb.org/us-gaap/2012/elts/us-gaap-2012-01-31.xsd#us-gaap_DeferredTaxAssetsValuationAllowance" xlink:label="loc_us-gaap_DeferredTaxAssetsValuationAllowance_4"/>
<presentationArc xlink:type="arc" xlink:arcrole="http://www.xbrl.org/2003/arcrole/parent-child" xlink:from="loc_us-gaap_StatementLineItems_2" xlink:to="loc_us-gaap_DeferredTaxAssetsValuationAllowance_4" order="10" use="optional" preferredLabel="http://www.xbrl.org/2003/role/verboseLabel"/>
<loc xlink:type="locator" xlink:href="http://xbrl.fasb.org/us-gaap/2012/elts/us-gaap-2012-01-31.xsd#us-gaap_DeferredTaxAssetsNet" xlink:label="loc_us-gaap_DeferredTaxAssetsNet_5"/>
<presentationArc xlink:type="arc" xlink:arcrole="http://www.xbrl.org/2003/arcrole/parent-child" xlink:from="loc_us-gaap_StatementLineItems_2" xlink:to="loc_us-gaap_DeferredTaxAssetsNet_5" order="20" use="optional" preferredLabel="http://www.xbrl.org/2003/role/verboseLabel"/>
</presentationLink>
<presentationLink xlink:type="extended" xlink:role="http://www.0001479000.com/role/INCOMETAXESDetailsTextual">
<loc xlink:type="locator" xlink:href="http://xbrl.fasb.org/us-gaap/2012/elts/us-gaap-2012-01-31.xsd#us-gaap_IncomeTaxDisclosureAbstract" xlink:label="loc_us-gaap_IncomeTaxDisclosureAbstract_0"/>
<loc xlink:type="locator" xlink:href="http://xbrl.fasb.org/us-gaap/2012/elts/us-gaap-2012-01-31.xsd#us-gaap_StatementTable" xlink:label="loc_us-gaap_StatementTable_1"/>
<presentationArc xlink:type="arc" xlink:arcrole="http://www.xbrl.org/2003/arcrole/parent-child" xlink:from="loc_us-gaap_IncomeTaxDisclosureAbstract_0" xlink:to="loc_us-gaap_StatementTable_1" order="0" use="optional" preferredLabel="http://www.xbrl.org/2003/role/verboseLabel"/>
<loc xlink:type="locator" xlink:href="http://xbrl.fasb.org/us-gaap/2012/elts/us-gaap-2012-01-31.xsd#us-gaap_StatementLineItems" xlink:label="loc_us-gaap_StatementLineItems_2"/>
<presentationArc xlink:type="arc" xlink:arcrole="http://www.xbrl.org/2003/arcrole/parent-child" xlink:from="loc_us-gaap_StatementTable_1" xlink:to="loc_us-gaap_StatementLineItems_2" order="0" use="optional" preferredLabel="http://www.xbrl.org/2003/role/verboseLabel"/>
<loc xlink:type="locator" xlink:href="http://xbrl.fasb.org/us-gaap/2012/elts/us-gaap-2012-01-31.xsd#us-gaap_OperatingLossCarryforwards" xlink:label="loc_us-gaap_OperatingLossCarryforwards_3"/>
<presentationArc xlink:type="arc" xlink:arcrole="http://www.xbrl.org/2003/arcrole/parent-child" xlink:from="loc_us-gaap_StatementLineItems_2" xlink:to="loc_us-gaap_OperatingLossCarryforwards_3" order="0" use="optional" preferredLabel="http://www.xbrl.org/2003/role/verboseLabel"/>
<loc xlink:type="locator" xlink:href="http://xbrl.fasb.org/us-gaap/2012/elts/us-gaap-2012-01-31.xsd#us-gaap_OperatingLossCarryforwardsExpirationDates" xlink:label="loc_us-gaap_OperatingLossCarryforwardsExpirationDates_4"/>
<presentationArc xlink:type="arc" xlink:arcrole="http://www.xbrl.org/2003/arcrole/parent-child" xlink:from="loc_us-gaap_StatementLineItems_2" xlink:to="loc_us-gaap_OperatingLossCarryforwardsExpirationDates_4" order="10" use="optional" preferredLabel="http://www.xbrl.org/2003/role/verboseLabel"/>
</presentationLink>
<presentationLink xlink:type="extended" xlink:role="http://www.0001479000.com/role/RELATEDPARTYTRANSACTIONSDetailsTextual">
<loc xlink:type="locator" xlink:href="http://xbrl.fasb.org/us-gaap/2012/elts/us-gaap-2012-01-31.xsd#us-gaap_RelatedPartyTransactionsAbstract" xlink:label="loc_us-gaap_RelatedPartyTransactionsAbstract_0"/>
<loc xlink:type="locator" xlink:href="http://xbrl.fasb.org/us-gaap/2012/elts/us-gaap-2012-01-31.xsd#us-gaap_StatementTable" xlink:label="loc_us-gaap_StatementTable_1"/>
<presentationArc xlink:type="arc" xlink:arcrole="http://www.xbrl.org/2003/arcrole/parent-child" xlink:from="loc_us-gaap_RelatedPartyTransactionsAbstract_0" xlink:to="loc_us-gaap_StatementTable_1" order="0" use="optional" preferredLabel="http://www.xbrl.org/2003/role/verboseLabel"/>
<loc xlink:type="locator" xlink:href="http://xbrl.fasb.org/us-gaap/2012/elts/us-gaap-2012-01-31.xsd#us-gaap_DeferredCompensationArrangementWithIndividualExcludingShareBasedPaymentsAndPostretirementBenefitsByTitleOfIndividualAxis" xlink:label="loc_us-gaap_DeferredCompensationArrangementWithIndividualExcludingShareBasedPaymentsAndPostretirementBenefitsByTitleOfIndividualAxis_2"/>
<presentationArc xlink:type="arc" xlink:arcrole="http://www.xbrl.org/2003/arcrole/parent-child" xlink:from="loc_us-gaap_StatementTable_1" xlink:to="loc_us-gaap_DeferredCompensationArrangementWithIndividualExcludingShareBasedPaymentsAndPostretirementBenefitsByTitleOfIndividualAxis_2" order="0" use="optional" preferredLabel="http://www.xbrl.org/2003/role/verboseLabel"/>
<loc xlink:type="locator" xlink:href="http://xbrl.fasb.org/us-gaap/2012/elts/us-gaap-2012-01-31.xsd#us-gaap_TitleOfIndividualWithRelationshipToEntityDomain" xlink:label="loc_us-gaap_TitleOfIndividualWithRelationshipToEntityDomain_3"/>
<presentationArc xlink:type="arc" xlink:arcrole="http://www.xbrl.org/2003/arcrole/parent-child" xlink:from="loc_us-gaap_DeferredCompensationArrangementWithIndividualExcludingShareBasedPaymentsAndPostretirementBenefitsByTitleOfIndividualAxis_2" xlink:to="loc_us-gaap_TitleOfIndividualWithRelationshipToEntityDomain_3" order="0" use="optional" preferredLabel="http://www.xbrl.org/2003/role/verboseLabel"/>
<loc xlink:type="locator" xlink:href="http://xbrl.fasb.org/us-gaap/2012/elts/us-gaap-2012-01-31.xsd#us-gaap_DirectorMember" xlink:label="loc_us-gaap_DirectorMember_4"/>
<presentationArc xlink:type="arc" xlink:arcrole="http://www.xbrl.org/2003/arcrole/parent-child" xlink:from="loc_us-gaap_TitleOfIndividualWithRelationshipToEntityDomain_3" xlink:to="loc_us-gaap_DirectorMember_4" order="0" use="optional" preferredLabel="http://www.xbrl.org/2003/role/label"/>
<loc xlink:type="locator" xlink:href="http://xbrl.fasb.org/us-gaap/2012/elts/us-gaap-2012-01-31.xsd#us-gaap_StatementLineItems" xlink:label="loc_us-gaap_StatementLineItems_5"/>
<presentationArc xlink:type="arc" xlink:arcrole="http://www.xbrl.org/2003/arcrole/parent-child" xlink:from="loc_us-gaap_StatementTable_1" xlink:to="loc_us-gaap_StatementLineItems_5" order="10" use="optional" preferredLabel="http://www.xbrl.org/2003/role/verboseLabel"/>
<loc xlink:type="locator" xlink:href="farm-20121031.xsd#farm_RentAndConsultingFee" xlink:label="loc_farm_RentAndConsultingFee_6"/>
<presentationArc xlink:type="arc" xlink:arcrole="http://www.xbrl.org/2003/arcrole/parent-child" xlink:from="loc_us-gaap_StatementLineItems_5" xlink:to="loc_farm_RentAndConsultingFee_6" order="0" use="optional" preferredLabel="http://www.xbrl.org/2003/role/verboseLabel"/>
<loc xlink:type="locator" xlink:href="http://xbrl.fasb.org/us-gaap/2012/elts/us-gaap-2012-01-31.xsd#us-gaap_LeaseAndRentalExpense" xlink:label="loc_us-gaap_LeaseAndRentalExpense_7"/>
<presentationArc xlink:type="arc" xlink:arcrole="http://www.xbrl.org/2003/arcrole/parent-child" xlink:from="loc_us-gaap_StatementLineItems_5" xlink:to="loc_us-gaap_LeaseAndRentalExpense_7" order="10" use="optional" preferredLabel="http://www.xbrl.org/2003/role/verboseLabel"/>
<loc xlink:type="locator" xlink:href="farm-20121031.xsd#farm_ConsultingFee" xlink:label="loc_farm_ConsultingFee_8"/>
<presentationArc xlink:type="arc" xlink:arcrole="http://www.xbrl.org/2003/arcrole/parent-child" xlink:from="loc_us-gaap_StatementLineItems_5" xlink:to="loc_farm_ConsultingFee_8" order="20" use="optional" preferredLabel="http://www.xbrl.org/2003/role/verboseLabel"/>
<loc xlink:type="locator" xlink:href="http://xbrl.fasb.org/us-gaap/2012/elts/us-gaap-2012-01-31.xsd#us-gaap_DueToRelatedPartiesCurrentAndNoncurrent" xlink:label="loc_us-gaap_DueToRelatedPartiesCurrentAndNoncurrent_9"/>
<presentationArc xlink:type="arc" xlink:arcrole="http://www.xbrl.org/2003/arcrole/parent-child" xlink:from="loc_us-gaap_StatementLineItems_5" xlink:to="loc_us-gaap_DueToRelatedPartiesCurrentAndNoncurrent_9" order="30" use="optional" preferredLabel="http://www.xbrl.org/2003/role/verboseLabel"/>
</presentationLink>
<presentationLink xlink:type="extended" xlink:role="http://www.0001479000.com/role/COMMONSTOCKDetailsTextual">
<loc xlink:type="locator" xlink:href="http://xbrl.fasb.org/us-gaap/2012/elts/us-gaap-2012-01-31.xsd#us-gaap_StockholdersEquityNoteAbstract" xlink:label="loc_us-gaap_StockholdersEquityNoteAbstract_0"/>
<loc xlink:type="locator" xlink:href="http://xbrl.fasb.org/us-gaap/2012/elts/us-gaap-2012-01-31.xsd#us-gaap_StatementTable" xlink:label="loc_us-gaap_StatementTable_1"/>
<presentationArc xlink:type="arc" xlink:arcrole="http://www.xbrl.org/2003/arcrole/parent-child" xlink:from="loc_us-gaap_StockholdersEquityNoteAbstract_0" xlink:to="loc_us-gaap_StatementTable_1" order="0" use="optional" preferredLabel="http://www.xbrl.org/2003/role/verboseLabel"/>
<loc xlink:type="locator" xlink:href="http://xbrl.fasb.org/us-gaap/2012/elts/us-gaap-2012-01-31.xsd#us-gaap_StatementLineItems" xlink:label="loc_us-gaap_StatementLineItems_2"/>
<presentationArc xlink:type="arc" xlink:arcrole="http://www.xbrl.org/2003/arcrole/parent-child" xlink:from="loc_us-gaap_StatementTable_1" xlink:to="loc_us-gaap_StatementLineItems_2" order="20" use="optional" preferredLabel="http://www.xbrl.org/2003/role/verboseLabel"/>


<loc xlink:type="locator" xlink:href="farm-20121031.xsd#farm_CommonStockSharesHeld" xlink:label="loc_farm_CommonStockSharesHeld"/>
<presentationArc xlink:type="arc" xlink:arcrole="http://www.xbrl.org/2003/arcrole/parent-child" xlink:from="loc_us-gaap_StatementLineItems_2" xlink:to="loc_farm_CommonStockSharesHeld" order="1" use="optional" preferredLabel="http://www.xbrl.org/2003/role/terseLabel"/>
<loc xlink:type="locator" xlink:href="farm-20121031.xsd#farm_CommonStockSharesHeldAfterForwardSplit" xlink:label="loc_farm_CommonStockSharesHeldAfterForwardSplit"/>
<presentationArc xlink:type="arc" xlink:arcrole="http://www.xbrl.org/2003/arcrole/parent-child" xlink:from="loc_us-gaap_StatementLineItems_2" xlink:to="loc_farm_CommonStockSharesHeldAfterForwardSplit" order="2" use="optional" preferredLabel="http://www.xbrl.org/2003/role/terseLabel"/>
<loc xlink:type="locator" xlink:href="http://xbrl.fasb.org/us-gaap/2012/elts/us-gaap-2012-01-31.xsd#us-gaap_ProceedsFromIssuanceOfCommonStock" xlink:label="loc_us-gaap_ProceedsFromIssuanceOfCommonStock"/>
<presentationArc xlink:type="arc" xlink:arcrole="http://www.xbrl.org/2003/arcrole/parent-child" xlink:from="loc_us-gaap_StatementLineItems_2" xlink:to="loc_us-gaap_ProceedsFromIssuanceOfCommonStock" order="3" use="optional"/>
<loc xlink:type="locator" xlink:href="http://xbrl.fasb.org/us-gaap/2012/elts/us-gaap-2012-01-31.xsd#us-gaap_RelatedPartyTransactionsByRelatedPartyAxis" xlink:label="loc_us-gaap_RelatedPartyTransactionsByRelatedPartyAxis"/>
<presentationArc xlink:type="arc" xlink:arcrole="http://www.xbrl.org/2003/arcrole/parent-child" xlink:from="loc_us-gaap_StatementTable_1" xlink:to="loc_us-gaap_RelatedPartyTransactionsByRelatedPartyAxis" order="10" use="optional"/>
<loc xlink:type="locator" xlink:href="http://xbrl.fasb.org/us-gaap/2012/elts/us-gaap-2012-01-31.xsd#us-gaap_RelatedPartyDomain" xlink:label="loc_us-gaap_RelatedPartyDomain"/>
<presentationArc xlink:type="arc" xlink:arcrole="http://www.xbrl.org/2003/arcrole/parent-child" xlink:from="loc_us-gaap_RelatedPartyTransactionsByRelatedPartyAxis" xlink:to="loc_us-gaap_RelatedPartyDomain" order="0" use="optional"/>
<loc xlink:type="locator" xlink:href="farm-20121031.xsd#farm_FounderMember" xlink:label="loc_farm_FounderMember"/>
<presentationArc xlink:type="arc" xlink:arcrole="http://www.xbrl.org/2003/arcrole/parent-child" xlink:from="loc_us-gaap_RelatedPartyDomain" xlink:to="loc_farm_FounderMember" order="0" use="optional"/>
<loc xlink:type="locator" xlink:href="farm-20121031.xsd#farm_ProceedsFromIssuanceOfCommonStockPricePerShare" xlink:label="loc_farm_ProceedsFromIssuanceOfCommonStockPricePerShare"/>
<presentationArc xlink:type="arc" xlink:arcrole="http://www.xbrl.org/2003/arcrole/parent-child" xlink:from="loc_us-gaap_StatementLineItems_2" xlink:to="loc_farm_ProceedsFromIssuanceOfCommonStockPricePerShare" order="4" use="optional"/>
</presentationLink>
<presentationLink xlink:type="extended" xlink:role="http://www.0001479000.com/role/SUBSEQUENTEVENTSDetailsTextual">
<loc xlink:type="locator" xlink:href="http://xbrl.fasb.org/us-gaap/2012/elts/us-gaap-2012-01-31.xsd#us-gaap_SubsequentEventsAbstract" xlink:label="loc_us-gaap_SubsequentEventsAbstract_0"/>
<loc xlink:type="locator" xlink:href="http://xbrl.fasb.org/us-gaap/2012/elts/us-gaap-2012-01-31.xsd#us-gaap_StatementTable" xlink:label="loc_us-gaap_StatementTable_1"/>
<presentationArc xlink:type="arc" xlink:arcrole="http://www.xbrl.org/2003/arcrole/parent-child" xlink:from="loc_us-gaap_SubsequentEventsAbstract_0" xlink:to="loc_us-gaap_StatementTable_1" order="0" use="optional" preferredLabel="http://www.xbrl.org/2003/role/verboseLabel"/>
<loc xlink:type="locator" xlink:href="http://xbrl.fasb.org/us-gaap/2012/elts/us-gaap-2012-01-31.xsd#us-gaap_RelatedPartyTransactionsByRelatedPartyAxis" xlink:label="loc_us-gaap_RelatedPartyTransactionsByRelatedPartyAxis_2"/>
<presentationArc xlink:type="arc" xlink:arcrole="http://www.xbrl.org/2003/arcrole/parent-child" xlink:from="loc_us-gaap_StatementTable_1" xlink:to="loc_us-gaap_RelatedPartyTransactionsByRelatedPartyAxis_2" order="0" use="optional" preferredLabel="http://www.xbrl.org/2003/role/verboseLabel"/>
<loc xlink:type="locator" xlink:href="http://xbrl.fasb.org/us-gaap/2012/elts/us-gaap-2012-01-31.xsd#us-gaap_RelatedPartyDomain" xlink:label="loc_us-gaap_RelatedPartyDomain_3"/>
<presentationArc xlink:type="arc" xlink:arcrole="http://www.xbrl.org/2003/arcrole/parent-child" xlink:from="loc_us-gaap_RelatedPartyTransactionsByRelatedPartyAxis_2" xlink:to="loc_us-gaap_RelatedPartyDomain_3" order="0" use="optional" preferredLabel="http://www.xbrl.org/2003/role/verboseLabel"/>
<loc xlink:type="locator" xlink:href="farm-20121031.xsd#farm_IrinaCudinaMember" xlink:label="loc_farm_IrinaCudinaMember_4"/>
<presentationArc xlink:type="arc" xlink:arcrole="http://www.xbrl.org/2003/arcrole/parent-child" xlink:from="loc_us-gaap_RelatedPartyDomain_3" xlink:to="loc_farm_IrinaCudinaMember_4" order="0" use="optional" preferredLabel="http://www.xbrl.org/2003/role/label"/>
<loc xlink:type="locator" xlink:href="http://xbrl.fasb.org/us-gaap/2012/elts/us-gaap-2012-01-31.xsd#us-gaap_SubsidiarySaleOfStockAxis" xlink:label="loc_us-gaap_SubsidiarySaleOfStockAxis_5"/>
<presentationArc xlink:type="arc" xlink:arcrole="http://www.xbrl.org/2003/arcrole/parent-child" xlink:from="loc_us-gaap_StatementTable_1" xlink:to="loc_us-gaap_SubsidiarySaleOfStockAxis_5" order="10" use="optional" preferredLabel="http://www.xbrl.org/2003/role/verboseLabel"/>
<loc xlink:type="locator" xlink:href="http://xbrl.fasb.org/us-gaap/2012/elts/us-gaap-2012-01-31.xsd#us-gaap_SaleOfStockNameOfTransactionDomain" xlink:label="loc_us-gaap_SaleOfStockNameOfTransactionDomain_6"/>
<presentationArc xlink:type="arc" xlink:arcrole="http://www.xbrl.org/2003/arcrole/parent-child" xlink:from="loc_us-gaap_SubsidiarySaleOfStockAxis_5" xlink:to="loc_us-gaap_SaleOfStockNameOfTransactionDomain_6" order="0" use="optional" preferredLabel="http://www.xbrl.org/2003/role/verboseLabel"/>
<loc xlink:type="locator" xlink:href="farm-20121031.xsd#farm_StockPurchaseAgreementMember" xlink:label="loc_farm_StockPurchaseAgreementMember_7"/>
<presentationArc xlink:type="arc" xlink:arcrole="http://www.xbrl.org/2003/arcrole/parent-child" xlink:from="loc_us-gaap_SaleOfStockNameOfTransactionDomain_6" xlink:to="loc_farm_StockPurchaseAgreementMember_7" order="0" use="optional" preferredLabel="http://www.xbrl.org/2003/role/label"/>
<loc xlink:type="locator" xlink:href="farm-20121031.xsd#farm_StockSplitAxis" xlink:label="loc_farm_StockSplitAxis_8"/>
<presentationArc xlink:type="arc" xlink:arcrole="http://www.xbrl.org/2003/arcrole/parent-child" xlink:from="loc_us-gaap_StatementTable_1" xlink:to="loc_farm_StockSplitAxis_8" order="20" use="optional" preferredLabel="http://www.xbrl.org/2003/role/verboseLabel"/>
<loc xlink:type="locator" xlink:href="farm-20121031.xsd#farm_StockSplitDomain" xlink:label="loc_farm_StockSplitDomain_9"/>
<presentationArc xlink:type="arc" xlink:arcrole="http://www.xbrl.org/2003/arcrole/parent-child" xlink:from="loc_farm_StockSplitAxis_8" xlink:to="loc_farm_StockSplitDomain_9" order="0" use="optional" preferredLabel="http://www.xbrl.org/2003/role/verboseLabel"/>
<loc xlink:type="locator" xlink:href="farm-20121031.xsd#farm_AfterForwardSplitMember" xlink:label="loc_farm_AfterForwardSplitMember_10"/>
<presentationArc xlink:type="arc" xlink:arcrole="http://www.xbrl.org/2003/arcrole/parent-child" xlink:from="loc_farm_StockSplitDomain_9" xlink:to="loc_farm_AfterForwardSplitMember_10" order="0" use="optional" preferredLabel="http://www.xbrl.org/2003/role/label"/>
<loc xlink:type="locator" xlink:href="http://xbrl.fasb.org/us-gaap/2012/elts/us-gaap-2012-01-31.xsd#us-gaap_StatementLineItems" xlink:label="loc_us-gaap_StatementLineItems_11"/>
<presentationArc xlink:type="arc" xlink:arcrole="http://www.xbrl.org/2003/arcrole/parent-child" xlink:from="loc_us-gaap_StatementTable_1" xlink:to="loc_us-gaap_StatementLineItems_11" order="30" use="optional" preferredLabel="http://www.xbrl.org/2003/role/verboseLabel"/>
<loc xlink:type="locator" xlink:href="farm-20121031.xsd#farm_CommonStockSharesCancelled" xlink:label="loc_farm_CommonStockSharesCancelled_12"/>
<presentationArc xlink:type="arc" xlink:arcrole="http://www.xbrl.org/2003/arcrole/parent-child" xlink:from="loc_us-gaap_StatementLineItems_11" xlink:to="loc_farm_CommonStockSharesCancelled_12" order="0" use="optional" preferredLabel="http://www.xbrl.org/2003/role/verboseLabel"/>
<loc xlink:type="locator" xlink:href="farm-20121031.xsd#farm_CommonStockAfterForwardSplit" xlink:label="loc_farm_CommonStockAfterForwardSplit_13"/>
<presentationArc xlink:type="arc" xlink:arcrole="http://www.xbrl.org/2003/arcrole/parent-child" xlink:from="loc_us-gaap_StatementLineItems_11" xlink:to="loc_farm_CommonStockAfterForwardSplit_13" order="10" use="optional" preferredLabel="http://www.xbrl.org/2003/role/verboseLabel"/>
<loc xlink:type="locator" xlink:href="farm-20121031.xsd#farm_CommonStockSharesHeld" xlink:label="loc_farm_CommonStockSharesHeld_14"/>
<presentationArc xlink:type="arc" xlink:arcrole="http://www.xbrl.org/2003/arcrole/parent-child" xlink:from="loc_us-gaap_StatementLineItems_11" xlink:to="loc_farm_CommonStockSharesHeld_14" order="20" use="optional" preferredLabel="http://www.xbrl.org/2003/role/verboseLabel"/>
<loc xlink:type="locator" xlink:href="farm-20121031.xsd#farm_CommonStockSharesHeldAfterForwardSplit" xlink:label="loc_farm_CommonStockSharesHeldAfterForwardSplit_15"/>
<presentationArc xlink:type="arc" xlink:arcrole="http://www.xbrl.org/2003/arcrole/parent-child" xlink:from="loc_us-gaap_StatementLineItems_11" xlink:to="loc_farm_CommonStockSharesHeldAfterForwardSplit_15" order="30" use="optional" preferredLabel="http://www.xbrl.org/2003/role/verboseLabel"/>
<loc xlink:type="locator" xlink:href="http://xbrl.fasb.org/us-gaap/2012/elts/us-gaap-2012-01-31.xsd#us-gaap_StockIssuedDuringPeriodSharesIssuedForCash" xlink:label="loc_us-gaap_StockIssuedDuringPeriodSharesIssuedForCash_16"/>
<presentationArc xlink:type="arc" xlink:arcrole="http://www.xbrl.org/2003/arcrole/parent-child" xlink:from="loc_us-gaap_StatementLineItems_11" xlink:to="loc_us-gaap_StockIssuedDuringPeriodSharesIssuedForCash_16" order="40" use="optional" preferredLabel="http://www.xbrl.org/2003/role/verboseLabel"/>
<loc xlink:type="locator" xlink:href="http://xbrl.fasb.org/us-gaap/2012/elts/us-gaap-2012-01-31.xsd#us-gaap_CommonStockParOrStatedValuePerShare" xlink:label="loc_us-gaap_CommonStockParOrStatedValuePerShare_17"/>
<presentationArc xlink:type="arc" xlink:arcrole="http://www.xbrl.org/2003/arcrole/parent-child" xlink:from="loc_us-gaap_StatementLineItems_11" xlink:to="loc_us-gaap_CommonStockParOrStatedValuePerShare_17" order="50" use="optional" preferredLabel="http://www.xbrl.org/2003/role/verboseLabel"/>
<loc xlink:type="locator" xlink:href="farm-20121031.xsd#farm_PercentageOfCommonStockShares" xlink:label="loc_farm_PercentageOfCommonStockShares_18"/>
<presentationArc xlink:type="arc" xlink:arcrole="http://www.xbrl.org/2003/arcrole/parent-child" xlink:from="loc_us-gaap_StatementLineItems_11" xlink:to="loc_farm_PercentageOfCommonStockShares_18" order="60" use="optional" preferredLabel="http://www.xbrl.org/2003/role/verboseLabel"/>
<loc xlink:type="locator" xlink:href="http://xbrl.fasb.org/us-gaap/2012/elts/us-gaap-2012-01-31.xsd#us-gaap_StockIssuedDuringPeriodValueIssuedForCash" xlink:label="loc_us-gaap_StockIssuedDuringPeriodValueIssuedForCash_19"/>
<presentationArc xlink:type="arc" xlink:arcrole="http://www.xbrl.org/2003/arcrole/parent-child" xlink:from="loc_us-gaap_StatementLineItems_11" xlink:to="loc_us-gaap_StockIssuedDuringPeriodValueIssuedForCash_19" order="70" use="optional" preferredLabel="http://www.xbrl.org/2003/role/verboseLabel"/>
</presentationLink>
</linkbase>
