<?xml version="1.0" encoding="UTF-8"?>
<!--XBRL Document Modified with Ez-Viewer Version 1.0.5.8 on Thursday, January 31, 2013 03:22:59 AM -->
<linkbase xmlns="http://www.xbrl.org/2003/linkbase" xmlns:xsi="http://www.w3.org/2001/XMLSchema-instance" xmlns:xlink="http://www.w3.org/1999/xlink" xsi:schemaLocation="http://www.xbrl.org/2003/linkbase http://www.xbrl.org/2003/xbrl-linkbase-2003-12-31.xsd" xmlns:xbrldt="http://xbrl.org/2005/xbrldt">
<arcroleRef arcroleURI="http://xbrl.org/int/dim/arcrole/all" xlink:type="simple" xlink:href="http://www.xbrl.org/2005/xbrldt-2005.xsd#all"/>
<arcroleRef arcroleURI="http://xbrl.org/int/dim/arcrole/dimension-default" xlink:type="simple" xlink:href="http://www.xbrl.org/2005/xbrldt-2005.xsd#dimension-default"/>
<arcroleRef arcroleURI="http://xbrl.org/int/dim/arcrole/dimension-domain" xlink:type="simple" xlink:href="http://www.xbrl.org/2005/xbrldt-2005.xsd#dimension-domain"/>
<arcroleRef arcroleURI="http://xbrl.org/int/dim/arcrole/domain-member" xlink:type="simple" xlink:href="http://www.xbrl.org/2005/xbrldt-2005.xsd#domain-member"/>
<arcroleRef arcroleURI="http://xbrl.org/int/dim/arcrole/hypercube-dimension" xlink:type="simple" xlink:href="http://www.xbrl.org/2005/xbrldt-2005.xsd#hypercube-dimension"/>
<arcroleRef arcroleURI="http://xbrl.org/int/dim/arcrole/notAll" xlink:type="simple" xlink:href="http://www.xbrl.org/2005/xbrldt-2005.xsd#notAll"/>
<roleRef xlink:type="simple" xlink:href="farm-20121031.xsd#DocumentAndEntityInformation" roleURI="http://www.0001479000.com/role/DocumentAndEntityInformation"/>
<roleRef xlink:type="simple" xlink:href="farm-20121031.xsd#BalanceSheets" roleURI="http://www.0001479000.com/role/BalanceSheets"/>
<roleRef xlink:type="simple" xlink:href="farm-20121031.xsd#BalanceSheetsParentheticals" roleURI="http://www.0001479000.com/role/BalanceSheetsParentheticals"/>
<roleRef xlink:type="simple" xlink:href="farm-20121031.xsd#StatementsOfOperations" roleURI="http://www.0001479000.com/role/StatementsOfOperations"/>
<roleRef xlink:type="simple" xlink:href="farm-20121031.xsd#StatementsOfCashFlows" roleURI="http://www.0001479000.com/role/StatementsOfCashFlows"/>
<roleRef xlink:type="simple" roleURI="http://www.0001479000.com/role/StatementOfChangesInStockholdersDeficit" xlink:href="farm-20121031.xsd#StatementOfChangesInStockholdersDeficit"/>
<roleRef xlink:type="simple" roleURI="http://www.0001479000.com/role/NATUREOFOPERATIONSDetailsTexual" xlink:href="farm-20121031.xsd#NATUREOFOPERATIONSDetailsTexual"/>
<roleRef xlink:type="simple" roleURI="http://www.0001479000.com/role/SUMMARYOFSIGNIFICANTACCOUNTINGPOLICIESDetailsTextual" xlink:href="farm-20121031.xsd#SUMMARYOFSIGNIFICANTACCOUNTINGPOLICIESDetailsTextual"/>
<roleRef xlink:type="simple" roleURI="http://www.0001479000.com/role/DIFERREDINCOMETAXASSETSDetails" xlink:href="farm-20121031.xsd#DIFERREDINCOMETAXASSETSDetails"/>
<roleRef xlink:type="simple" roleURI="http://www.0001479000.com/role/INCOMETAXESDetailsTextual" xlink:href="farm-20121031.xsd#INCOMETAXESDetailsTextual"/>
<roleRef xlink:type="simple" roleURI="http://www.0001479000.com/role/RELATEDPARTYTRANSACTIONSDetailsTextual" xlink:href="farm-20121031.xsd#RELATEDPARTYTRANSACTIONSDetailsTextual"/>
<roleRef xlink:type="simple" roleURI="http://www.0001479000.com/role/COMMONSTOCKDetailsTextual" xlink:href="farm-20121031.xsd#COMMONSTOCKDetailsTextual"/>
<roleRef xlink:type="simple" roleURI="http://www.0001479000.com/role/SUBSEQUENTEVENTSDetailsTextual" xlink:href="farm-20121031.xsd#SUBSEQUENTEVENTSDetailsTextual"/>
<definitionLink xlink:type="extended" xlink:role="http://www.0001479000.com/role/DocumentAndEntityInformation">
<loc xlink:type="locator" xlink:href="http://xbrl.fasb.org/us-gaap/2012/elts/us-gaap-2012-01-31.xsd#us-gaap_StatementLineItems" xlink:label="loc_us-gaap_StatementLineItems_0"/>
<loc xlink:type="locator" xlink:href="http://xbrl.fasb.org/us-gaap/2012/elts/us-gaap-2012-01-31.xsd#us-gaap_StatementTable" xlink:label="loc_us-gaap_StatementTable_1"/>
<definitionArc xlink:type="arc" xlink:arcrole="http://xbrl.org/int/dim/arcrole/all" xlink:from="loc_us-gaap_StatementLineItems_0" xlink:to="loc_us-gaap_StatementTable_1" order="0" use="optional" xbrldt:contextElement="segment" xbrldt:closed="true"/>
<loc xlink:type="locator" xlink:href="http://xbrl.sec.gov/dei/2012/dei-2012-01-31.xsd#dei_EntityRegistrantName" xlink:label="loc_dei_EntityRegistrantName_2"/>
<definitionArc xlink:type="arc" xlink:arcrole="http://xbrl.org/int/dim/arcrole/domain-member" xlink:from="loc_us-gaap_StatementLineItems_0" xlink:to="loc_dei_EntityRegistrantName_2" order="10" use="optional"/>
<loc xlink:type="locator" xlink:href="http://xbrl.sec.gov/dei/2012/dei-2012-01-31.xsd#dei_DocumentType" xlink:label="loc_dei_DocumentType_3"/>
<definitionArc xlink:type="arc" xlink:arcrole="http://xbrl.org/int/dim/arcrole/domain-member" xlink:from="loc_us-gaap_StatementLineItems_0" xlink:to="loc_dei_DocumentType_3" order="20" use="optional"/>
<loc xlink:type="locator" xlink:href="http://xbrl.sec.gov/dei/2012/dei-2012-01-31.xsd#dei_CurrentFiscalYearEndDate" xlink:label="loc_dei_CurrentFiscalYearEndDate_4"/>
<definitionArc xlink:type="arc" xlink:arcrole="http://xbrl.org/int/dim/arcrole/domain-member" xlink:from="loc_us-gaap_StatementLineItems_0" xlink:to="loc_dei_CurrentFiscalYearEndDate_4" order="30" use="optional"/>
<loc xlink:type="locator" xlink:href="http://xbrl.sec.gov/dei/2012/dei-2012-01-31.xsd#dei_EntityCommonStockSharesOutstanding" xlink:label="loc_dei_EntityCommonStockSharesOutstanding_5"/>
<definitionArc xlink:type="arc" xlink:arcrole="http://xbrl.org/int/dim/arcrole/domain-member" xlink:from="loc_us-gaap_StatementLineItems_0" xlink:to="loc_dei_EntityCommonStockSharesOutstanding_5" order="40" use="optional"/>
<loc xlink:type="locator" xlink:href="http://xbrl.sec.gov/dei/2012/dei-2012-01-31.xsd#dei_EntityPublicFloat" xlink:label="loc_dei_EntityPublicFloat_6"/>
<definitionArc xlink:type="arc" xlink:arcrole="http://xbrl.org/int/dim/arcrole/domain-member" xlink:from="loc_us-gaap_StatementLineItems_0" xlink:to="loc_dei_EntityPublicFloat_6" order="50" use="optional"/>
<loc xlink:type="locator" xlink:href="http://xbrl.sec.gov/dei/2012/dei-2012-01-31.xsd#dei_AmendmentFlag" xlink:label="loc_dei_AmendmentFlag_7"/>
<definitionArc xlink:type="arc" xlink:arcrole="http://xbrl.org/int/dim/arcrole/domain-member" xlink:from="loc_us-gaap_StatementLineItems_0" xlink:to="loc_dei_AmendmentFlag_7" order="60" use="optional"/>
<loc xlink:type="locator" xlink:href="http://xbrl.sec.gov/dei/2012/dei-2012-01-31.xsd#dei_EntityCentralIndexKey" xlink:label="loc_dei_EntityCentralIndexKey_8"/>
<definitionArc xlink:type="arc" xlink:arcrole="http://xbrl.org/int/dim/arcrole/domain-member" xlink:from="loc_us-gaap_StatementLineItems_0" xlink:to="loc_dei_EntityCentralIndexKey_8" order="70" use="optional"/>
<loc xlink:type="locator" xlink:href="http://xbrl.sec.gov/dei/2012/dei-2012-01-31.xsd#dei_EntityCurrentReportingStatus" xlink:label="loc_dei_EntityCurrentReportingStatus_9"/>
<definitionArc xlink:type="arc" xlink:arcrole="http://xbrl.org/int/dim/arcrole/domain-member" xlink:from="loc_us-gaap_StatementLineItems_0" xlink:to="loc_dei_EntityCurrentReportingStatus_9" order="80" use="optional"/>
<loc xlink:type="locator" xlink:href="http://xbrl.sec.gov/dei/2012/dei-2012-01-31.xsd#dei_EntityVoluntaryFilers" xlink:label="loc_dei_EntityVoluntaryFilers_10"/>
<definitionArc xlink:type="arc" xlink:arcrole="http://xbrl.org/int/dim/arcrole/domain-member" xlink:from="loc_us-gaap_StatementLineItems_0" xlink:to="loc_dei_EntityVoluntaryFilers_10" order="90" use="optional"/>
<loc xlink:type="locator" xlink:href="http://xbrl.sec.gov/dei/2012/dei-2012-01-31.xsd#dei_EntityFilerCategory" xlink:label="loc_dei_EntityFilerCategory_11"/>
<definitionArc xlink:type="arc" xlink:arcrole="http://xbrl.org/int/dim/arcrole/domain-member" xlink:from="loc_us-gaap_StatementLineItems_0" xlink:to="loc_dei_EntityFilerCategory_11" order="100" use="optional"/>
<loc xlink:type="locator" xlink:href="http://xbrl.sec.gov/dei/2012/dei-2012-01-31.xsd#dei_EntityWellKnownSeasonedIssuer" xlink:label="loc_dei_EntityWellKnownSeasonedIssuer_12"/>
<definitionArc xlink:type="arc" xlink:arcrole="http://xbrl.org/int/dim/arcrole/domain-member" xlink:from="loc_us-gaap_StatementLineItems_0" xlink:to="loc_dei_EntityWellKnownSeasonedIssuer_12" order="110" use="optional"/>
<loc xlink:type="locator" xlink:href="http://xbrl.sec.gov/dei/2012/dei-2012-01-31.xsd#dei_DocumentPeriodEndDate" xlink:label="loc_dei_DocumentPeriodEndDate_13"/>
<definitionArc xlink:type="arc" xlink:arcrole="http://xbrl.org/int/dim/arcrole/domain-member" xlink:from="loc_us-gaap_StatementLineItems_0" xlink:to="loc_dei_DocumentPeriodEndDate_13" order="120" use="optional"/>
<loc xlink:type="locator" xlink:href="http://xbrl.sec.gov/dei/2012/dei-2012-01-31.xsd#dei_DocumentFiscalYearFocus" xlink:label="loc_dei_DocumentFiscalYearFocus_14"/>
<definitionArc xlink:type="arc" xlink:arcrole="http://xbrl.org/int/dim/arcrole/domain-member" xlink:from="loc_us-gaap_StatementLineItems_0" xlink:to="loc_dei_DocumentFiscalYearFocus_14" order="130" use="optional"/>
<loc xlink:type="locator" xlink:href="http://xbrl.sec.gov/dei/2012/dei-2012-01-31.xsd#dei_DocumentFiscalPeriodFocus" xlink:label="loc_dei_DocumentFiscalPeriodFocus_15"/>
<definitionArc xlink:type="arc" xlink:arcrole="http://xbrl.org/int/dim/arcrole/domain-member" xlink:from="loc_us-gaap_StatementLineItems_0" xlink:to="loc_dei_DocumentFiscalPeriodFocus_15" order="140" use="optional"/>
</definitionLink>
<definitionLink xlink:type="extended" xlink:role="http://www.0001479000.com/role/BalanceSheets">
<loc xlink:type="locator" xlink:href="http://xbrl.fasb.org/us-gaap/2012/elts/us-gaap-2012-01-31.xsd#us-gaap_StatementLineItems" xlink:label="loc_us-gaap_StatementLineItems_0"/>
<loc xlink:type="locator" xlink:href="http://xbrl.fasb.org/us-gaap/2012/elts/us-gaap-2012-01-31.xsd#us-gaap_StatementTable" xlink:label="loc_us-gaap_StatementTable_1"/>
<definitionArc xlink:type="arc" xlink:arcrole="http://xbrl.org/int/dim/arcrole/all" xlink:from="loc_us-gaap_StatementLineItems_0" xlink:to="loc_us-gaap_StatementTable_1" order="0" use="optional" xbrldt:contextElement="segment" xbrldt:closed="true"/>
<loc xlink:type="locator" xlink:href="http://xbrl.fasb.org/us-gaap/2012/elts/us-gaap-2012-01-31.xsd#us-gaap_AssetsCurrentAbstract" xlink:label="loc_us-gaap_AssetsCurrentAbstract_2"/>
<definitionArc xlink:type="arc" xlink:arcrole="http://xbrl.org/int/dim/arcrole/domain-member" xlink:from="loc_us-gaap_StatementLineItems_0" xlink:to="loc_us-gaap_AssetsCurrentAbstract_2" order="10" use="optional"/>
<loc xlink:type="locator" xlink:href="http://xbrl.fasb.org/us-gaap/2012/elts/us-gaap-2012-01-31.xsd#us-gaap_Cash" xlink:label="loc_us-gaap_Cash_3"/>
<definitionArc xlink:type="arc" xlink:arcrole="http://xbrl.org/int/dim/arcrole/domain-member" xlink:from="loc_us-gaap_AssetsCurrentAbstract_2" xlink:to="loc_us-gaap_Cash_3" order="0" use="optional"/>
<loc xlink:type="locator" xlink:href="http://xbrl.fasb.org/us-gaap/2012/elts/us-gaap-2012-01-31.xsd#us-gaap_Assets" xlink:label="loc_us-gaap_Assets_4"/>
<definitionArc xlink:type="arc" xlink:arcrole="http://xbrl.org/int/dim/arcrole/domain-member" xlink:from="loc_us-gaap_AssetsCurrentAbstract_2" xlink:to="loc_us-gaap_Assets_4" order="10" use="optional"/>
<loc xlink:type="locator" xlink:href="http://xbrl.fasb.org/us-gaap/2012/elts/us-gaap-2012-01-31.xsd#us-gaap_LiabilitiesCurrentAbstract" xlink:label="loc_us-gaap_LiabilitiesCurrentAbstract_5"/>
<definitionArc xlink:type="arc" xlink:arcrole="http://xbrl.org/int/dim/arcrole/domain-member" xlink:from="loc_us-gaap_StatementLineItems_0" xlink:to="loc_us-gaap_LiabilitiesCurrentAbstract_5" order="20" use="optional"/>
<loc xlink:type="locator" xlink:href="http://xbrl.fasb.org/us-gaap/2012/elts/us-gaap-2012-01-31.xsd#us-gaap_AccountsPayableAndAccruedLiabilitiesCurrent" xlink:label="loc_us-gaap_AccountsPayableAndAccruedLiabilitiesCurrent_6"/>
<definitionArc xlink:type="arc" xlink:arcrole="http://xbrl.org/int/dim/arcrole/domain-member" xlink:from="loc_us-gaap_LiabilitiesCurrentAbstract_5" xlink:to="loc_us-gaap_AccountsPayableAndAccruedLiabilitiesCurrent_6" order="0" use="optional"/>
<loc xlink:type="locator" xlink:href="http://xbrl.fasb.org/us-gaap/2012/elts/us-gaap-2012-01-31.xsd#us-gaap_DueToRelatedPartiesCurrent" xlink:label="loc_us-gaap_DueToRelatedPartiesCurrent_7"/>
<definitionArc xlink:type="arc" xlink:arcrole="http://xbrl.org/int/dim/arcrole/domain-member" xlink:from="loc_us-gaap_LiabilitiesCurrentAbstract_5" xlink:to="loc_us-gaap_DueToRelatedPartiesCurrent_7" order="10" use="optional"/>
<loc xlink:type="locator" xlink:href="http://xbrl.fasb.org/us-gaap/2012/elts/us-gaap-2012-01-31.xsd#us-gaap_Liabilities" xlink:label="loc_us-gaap_Liabilities_8"/>
<definitionArc xlink:type="arc" xlink:arcrole="http://xbrl.org/int/dim/arcrole/domain-member" xlink:from="loc_us-gaap_LiabilitiesCurrentAbstract_5" xlink:to="loc_us-gaap_Liabilities_8" order="20" use="optional"/>
<loc xlink:type="locator" xlink:href="http://xbrl.fasb.org/us-gaap/2012/elts/us-gaap-2012-01-31.xsd#us-gaap_StockholdersEquityAbstract" xlink:label="loc_us-gaap_StockholdersEquityAbstract_9"/>
<definitionArc xlink:type="arc" xlink:arcrole="http://xbrl.org/int/dim/arcrole/domain-member" xlink:from="loc_us-gaap_StatementLineItems_0" xlink:to="loc_us-gaap_StockholdersEquityAbstract_9" order="30" use="optional"/>
<loc xlink:type="locator" xlink:href="http://xbrl.fasb.org/us-gaap/2012/elts/us-gaap-2012-01-31.xsd#us-gaap_CommonStockValue" xlink:label="loc_us-gaap_CommonStockValue_10"/>
<definitionArc xlink:type="arc" xlink:arcrole="http://xbrl.org/int/dim/arcrole/domain-member" xlink:from="loc_us-gaap_StockholdersEquityAbstract_9" xlink:to="loc_us-gaap_CommonStockValue_10" order="0" use="optional"/>
<loc xlink:type="locator" xlink:href="http://xbrl.fasb.org/us-gaap/2012/elts/us-gaap-2012-01-31.xsd#us-gaap_AdditionalPaidInCapital" xlink:label="loc_us-gaap_AdditionalPaidInCapital_11"/>
<definitionArc xlink:type="arc" xlink:arcrole="http://xbrl.org/int/dim/arcrole/domain-member" xlink:from="loc_us-gaap_StockholdersEquityAbstract_9" xlink:to="loc_us-gaap_AdditionalPaidInCapital_11" order="10" use="optional"/>
<loc xlink:type="locator" xlink:href="http://xbrl.fasb.org/us-gaap/2012/elts/us-gaap-2012-01-31.xsd#us-gaap_DevelopmentStageEnterpriseDeficitAccumulatedDuringDevelopmentStage" xlink:label="loc_us-gaap_DevelopmentStageEnterpriseDeficitAccumulatedDuringDevelopmentStage_12"/>
<definitionArc xlink:type="arc" xlink:arcrole="http://xbrl.org/int/dim/arcrole/domain-member" xlink:from="loc_us-gaap_StockholdersEquityAbstract_9" xlink:to="loc_us-gaap_DevelopmentStageEnterpriseDeficitAccumulatedDuringDevelopmentStage_12" order="20" use="optional"/>
<loc xlink:type="locator" xlink:href="http://xbrl.fasb.org/us-gaap/2012/elts/us-gaap-2012-01-31.xsd#us-gaap_StockholdersEquity" xlink:label="loc_us-gaap_StockholdersEquity_13"/>
<definitionArc xlink:type="arc" xlink:arcrole="http://xbrl.org/int/dim/arcrole/domain-member" xlink:from="loc_us-gaap_StockholdersEquityAbstract_9" xlink:to="loc_us-gaap_StockholdersEquity_13" order="30" use="optional"/>
<loc xlink:type="locator" xlink:href="http://xbrl.fasb.org/us-gaap/2012/elts/us-gaap-2012-01-31.xsd#us-gaap_LiabilitiesAndStockholdersEquity" xlink:label="loc_us-gaap_LiabilitiesAndStockholdersEquity_14"/>
<definitionArc xlink:type="arc" xlink:arcrole="http://xbrl.org/int/dim/arcrole/domain-member" xlink:from="loc_us-gaap_StockholdersEquityAbstract_9" xlink:to="loc_us-gaap_LiabilitiesAndStockholdersEquity_14" order="40" use="optional"/>
</definitionLink>
<definitionLink xlink:type="extended" xlink:role="http://www.0001479000.com/role/BalanceSheetsParentheticals">
<loc xlink:type="locator" xlink:href="http://xbrl.fasb.org/us-gaap/2012/elts/us-gaap-2012-01-31.xsd#us-gaap_StatementLineItems" xlink:label="loc_us-gaap_StatementLineItems_0"/>
<loc xlink:type="locator" xlink:href="http://xbrl.fasb.org/us-gaap/2012/elts/us-gaap-2012-01-31.xsd#us-gaap_StatementTable" xlink:label="loc_us-gaap_StatementTable_1"/>
<definitionArc xlink:type="arc" xlink:arcrole="http://xbrl.org/int/dim/arcrole/all" xlink:from="loc_us-gaap_StatementLineItems_0" xlink:to="loc_us-gaap_StatementTable_1" order="0" use="optional" xbrldt:contextElement="segment" xbrldt:closed="true"/>
<loc xlink:type="locator" xlink:href="http://xbrl.fasb.org/us-gaap/2012/elts/us-gaap-2012-01-31.xsd#us-gaap_CommonStockParOrStatedValuePerShare" xlink:label="loc_us-gaap_CommonStockParOrStatedValuePerShare_2"/>
<definitionArc xlink:type="arc" xlink:arcrole="http://xbrl.org/int/dim/arcrole/domain-member" xlink:from="loc_us-gaap_StatementLineItems_0" xlink:to="loc_us-gaap_CommonStockParOrStatedValuePerShare_2" order="10" use="optional"/>
<loc xlink:type="locator" xlink:href="http://xbrl.fasb.org/us-gaap/2012/elts/us-gaap-2012-01-31.xsd#us-gaap_CommonStockSharesAuthorized" xlink:label="loc_us-gaap_CommonStockSharesAuthorized_3"/>
<definitionArc xlink:type="arc" xlink:arcrole="http://xbrl.org/int/dim/arcrole/domain-member" xlink:from="loc_us-gaap_StatementLineItems_0" xlink:to="loc_us-gaap_CommonStockSharesAuthorized_3" order="20" use="optional"/>
<loc xlink:type="locator" xlink:href="http://xbrl.fasb.org/us-gaap/2012/elts/us-gaap-2012-01-31.xsd#us-gaap_CommonStockSharesIssued" xlink:label="loc_us-gaap_CommonStockSharesIssued_4"/>
<definitionArc xlink:type="arc" xlink:arcrole="http://xbrl.org/int/dim/arcrole/domain-member" xlink:from="loc_us-gaap_StatementLineItems_0" xlink:to="loc_us-gaap_CommonStockSharesIssued_4" order="30" use="optional"/>
<loc xlink:type="locator" xlink:href="http://xbrl.fasb.org/us-gaap/2012/elts/us-gaap-2012-01-31.xsd#us-gaap_CommonStockSharesOutstanding" xlink:label="loc_us-gaap_CommonStockSharesOutstanding_5"/>
<definitionArc xlink:type="arc" xlink:arcrole="http://xbrl.org/int/dim/arcrole/domain-member" xlink:from="loc_us-gaap_StatementLineItems_0" xlink:to="loc_us-gaap_CommonStockSharesOutstanding_5" order="40" use="optional"/>
</definitionLink>
<definitionLink xlink:type="extended" xlink:role="http://www.0001479000.com/role/StatementsOfOperations">
<loc xlink:type="locator" xlink:href="http://xbrl.fasb.org/us-gaap/2012/elts/us-gaap-2012-01-31.xsd#us-gaap_StatementLineItems" xlink:label="loc_us-gaap_StatementLineItems_0"/>
<loc xlink:type="locator" xlink:href="http://xbrl.fasb.org/us-gaap/2012/elts/us-gaap-2012-01-31.xsd#us-gaap_StatementTable" xlink:label="loc_us-gaap_StatementTable_1"/>
<definitionArc xlink:type="arc" xlink:arcrole="http://xbrl.org/int/dim/arcrole/all" xlink:from="loc_us-gaap_StatementLineItems_0" xlink:to="loc_us-gaap_StatementTable_1" order="0" use="optional" xbrldt:contextElement="segment" xbrldt:closed="true"/>
<loc xlink:type="locator" xlink:href="http://xbrl.fasb.org/us-gaap/2012/elts/us-gaap-2012-01-31.xsd#us-gaap_OperatingExpensesAbstract" xlink:label="loc_us-gaap_OperatingExpensesAbstract_2"/>
<definitionArc xlink:type="arc" xlink:arcrole="http://xbrl.org/int/dim/arcrole/domain-member" xlink:from="loc_us-gaap_StatementLineItems_0" xlink:to="loc_us-gaap_OperatingExpensesAbstract_2" order="10" use="optional"/>
<loc xlink:type="locator" xlink:href="http://xbrl.fasb.org/us-gaap/2012/elts/us-gaap-2012-01-31.xsd#us-gaap_OtherGeneralAndAdministrativeExpense" xlink:label="loc_us-gaap_OtherGeneralAndAdministrativeExpense_3"/>
<definitionArc xlink:type="arc" xlink:arcrole="http://xbrl.org/int/dim/arcrole/domain-member" xlink:from="loc_us-gaap_OperatingExpensesAbstract_2" xlink:to="loc_us-gaap_OtherGeneralAndAdministrativeExpense_3" order="0" use="optional"/>
<loc xlink:type="locator" xlink:href="http://xbrl.fasb.org/us-gaap/2012/elts/us-gaap-2012-01-31.xsd#us-gaap_LeaseAndRentalExpense" xlink:label="loc_us-gaap_LeaseAndRentalExpense_4"/>
<definitionArc xlink:type="arc" xlink:arcrole="http://xbrl.org/int/dim/arcrole/domain-member" xlink:from="loc_us-gaap_OperatingExpensesAbstract_2" xlink:to="loc_us-gaap_LeaseAndRentalExpense_4" order="10" use="optional"/>
<loc xlink:type="locator" xlink:href="http://xbrl.fasb.org/us-gaap/2012/elts/us-gaap-2012-01-31.xsd#us-gaap_ProfessionalFees" xlink:label="loc_us-gaap_ProfessionalFees_5"/>
<definitionArc xlink:type="arc" xlink:arcrole="http://xbrl.org/int/dim/arcrole/domain-member" xlink:from="loc_us-gaap_OperatingExpensesAbstract_2" xlink:to="loc_us-gaap_ProfessionalFees_5" order="20" use="optional"/>
<loc xlink:type="locator" xlink:href="http://xbrl.fasb.org/us-gaap/2012/elts/us-gaap-2012-01-31.xsd#us-gaap_GeneralAndAdministrativeExpense" xlink:label="loc_us-gaap_GeneralAndAdministrativeExpense_6"/>
<definitionArc xlink:type="arc" xlink:arcrole="http://xbrl.org/int/dim/arcrole/domain-member" xlink:from="loc_us-gaap_OperatingExpensesAbstract_2" xlink:to="loc_us-gaap_GeneralAndAdministrativeExpense_6" order="30" use="optional"/>
<loc xlink:type="locator" xlink:href="http://xbrl.fasb.org/us-gaap/2012/elts/us-gaap-2012-01-31.xsd#us-gaap_OperatingExpenses" xlink:label="loc_us-gaap_OperatingExpenses_7"/>
<definitionArc xlink:type="arc" xlink:arcrole="http://xbrl.org/int/dim/arcrole/domain-member" xlink:from="loc_us-gaap_OperatingExpensesAbstract_2" xlink:to="loc_us-gaap_OperatingExpenses_7" order="40" use="optional"/>
<loc xlink:type="locator" xlink:href="http://xbrl.fasb.org/us-gaap/2012/elts/us-gaap-2012-01-31.xsd#us-gaap_NetIncomeLoss" xlink:label="loc_us-gaap_NetIncomeLoss_8"/>
<definitionArc xlink:type="arc" xlink:arcrole="http://xbrl.org/int/dim/arcrole/domain-member" xlink:from="loc_us-gaap_OperatingExpensesAbstract_2" xlink:to="loc_us-gaap_NetIncomeLoss_8" order="50" use="optional"/>
<loc xlink:type="locator" xlink:href="http://xbrl.fasb.org/us-gaap/2012/elts/us-gaap-2012-01-31.xsd#us-gaap_EarningsPerShareBasicAndDiluted" xlink:label="loc_us-gaap_EarningsPerShareBasicAndDiluted_9"/>
<definitionArc xlink:type="arc" xlink:arcrole="http://xbrl.org/int/dim/arcrole/domain-member" xlink:from="loc_us-gaap_OperatingExpensesAbstract_2" xlink:to="loc_us-gaap_EarningsPerShareBasicAndDiluted_9" order="60" use="optional"/>
<loc xlink:type="locator" xlink:href="http://xbrl.fasb.org/us-gaap/2012/elts/us-gaap-2012-01-31.xsd#us-gaap_WeightedAverageNumberOfShareOutstandingBasicAndDiluted" xlink:label="loc_us-gaap_WeightedAverageNumberOfShareOutstandingBasicAndDiluted_10"/>
<definitionArc xlink:type="arc" xlink:arcrole="http://xbrl.org/int/dim/arcrole/domain-member" xlink:from="loc_us-gaap_OperatingExpensesAbstract_2" xlink:to="loc_us-gaap_WeightedAverageNumberOfShareOutstandingBasicAndDiluted_10" order="70" use="optional"/>
</definitionLink>
<definitionLink xlink:type="extended" xlink:role="http://www.0001479000.com/role/StatementsOfCashFlows">
<loc xlink:type="locator" xlink:href="http://xbrl.fasb.org/us-gaap/2012/elts/us-gaap-2012-01-31.xsd#us-gaap_StatementLineItems" xlink:label="loc_us-gaap_StatementLineItems_0"/>
<loc xlink:type="locator" xlink:href="http://xbrl.fasb.org/us-gaap/2012/elts/us-gaap-2012-01-31.xsd#us-gaap_StatementTable" xlink:label="loc_us-gaap_StatementTable_1"/>
<definitionArc xlink:type="arc" xlink:arcrole="http://xbrl.org/int/dim/arcrole/all" xlink:from="loc_us-gaap_StatementLineItems_0" xlink:to="loc_us-gaap_StatementTable_1" order="0" use="optional" xbrldt:contextElement="segment" xbrldt:closed="true"/>
<loc xlink:type="locator" xlink:href="http://xbrl.fasb.org/us-gaap/2012/elts/us-gaap-2012-01-31.xsd#us-gaap_NetCashProvidedByUsedInOperatingActivitiesAbstract" xlink:label="loc_us-gaap_NetCashProvidedByUsedInOperatingActivitiesAbstract_2"/>
<definitionArc xlink:type="arc" xlink:arcrole="http://xbrl.org/int/dim/arcrole/domain-member" xlink:from="loc_us-gaap_StatementLineItems_0" xlink:to="loc_us-gaap_NetCashProvidedByUsedInOperatingActivitiesAbstract_2" order="10" use="optional"/>
<loc xlink:type="locator" xlink:href="http://xbrl.fasb.org/us-gaap/2012/elts/us-gaap-2012-01-31.xsd#us-gaap_NetIncomeLoss" xlink:label="loc_us-gaap_NetIncomeLoss_3"/>
<definitionArc xlink:type="arc" xlink:arcrole="http://xbrl.org/int/dim/arcrole/domain-member" xlink:from="loc_us-gaap_NetCashProvidedByUsedInOperatingActivitiesAbstract_2" xlink:to="loc_us-gaap_NetIncomeLoss_3" order="0" use="optional"/>
<loc xlink:type="locator" xlink:href="http://xbrl.fasb.org/us-gaap/2012/elts/us-gaap-2012-01-31.xsd#us-gaap_AdjustmentsToReconcileNetIncomeLossToCashProvidedByUsedInOperatingActivitiesAbstract" xlink:label="loc_us-gaap_AdjustmentsToReconcileNetIncomeLossToCashProvidedByUsedInOperatingActivitiesAbstract_4"/>
<definitionArc xlink:type="arc" xlink:arcrole="http://xbrl.org/int/dim/arcrole/domain-member" xlink:from="loc_us-gaap_StatementLineItems_0" xlink:to="loc_us-gaap_AdjustmentsToReconcileNetIncomeLossToCashProvidedByUsedInOperatingActivitiesAbstract_4" order="20" use="optional"/>
<loc xlink:type="locator" xlink:href="http://xbrl.fasb.org/us-gaap/2012/elts/us-gaap-2012-01-31.xsd#us-gaap_OtherNoncashExpense" xlink:label="loc_us-gaap_OtherNoncashExpense_5"/>
<definitionArc xlink:type="arc" xlink:arcrole="http://xbrl.org/int/dim/arcrole/domain-member" xlink:from="loc_us-gaap_AdjustmentsToReconcileNetIncomeLossToCashProvidedByUsedInOperatingActivitiesAbstract_4" xlink:to="loc_us-gaap_OtherNoncashExpense_5" order="0" use="optional"/>
<loc xlink:type="locator" xlink:href="farm-20121031.xsd#farm_ChangesInOperatingAssetsAndLiabilitiesAbstract" xlink:label="loc_farm_ChangesInOperatingAssetsAndLiabilitiesAbstract_6"/>
<definitionArc xlink:type="arc" xlink:arcrole="http://xbrl.org/int/dim/arcrole/domain-member" xlink:from="loc_us-gaap_StatementLineItems_0" xlink:to="loc_farm_ChangesInOperatingAssetsAndLiabilitiesAbstract_6" order="30" use="optional"/>
<loc xlink:type="locator" xlink:href="http://xbrl.fasb.org/us-gaap/2012/elts/us-gaap-2012-01-31.xsd#us-gaap_IncreaseDecreaseInAccountsPayableAndAccruedLiabilities" xlink:label="loc_us-gaap_IncreaseDecreaseInAccountsPayableAndAccruedLiabilities_7"/>
<definitionArc xlink:type="arc" xlink:arcrole="http://xbrl.org/int/dim/arcrole/domain-member" xlink:from="loc_farm_ChangesInOperatingAssetsAndLiabilitiesAbstract_6" xlink:to="loc_us-gaap_IncreaseDecreaseInAccountsPayableAndAccruedLiabilities_7" order="0" use="optional"/>
<loc xlink:type="locator" xlink:href="http://xbrl.fasb.org/us-gaap/2012/elts/us-gaap-2012-01-31.xsd#us-gaap_IncreaseDecreaseInAccountsPayableRelatedParties" xlink:label="loc_us-gaap_IncreaseDecreaseInAccountsPayableRelatedParties_8"/>
<definitionArc xlink:type="arc" xlink:arcrole="http://xbrl.org/int/dim/arcrole/domain-member" xlink:from="loc_farm_ChangesInOperatingAssetsAndLiabilitiesAbstract_6" xlink:to="loc_us-gaap_IncreaseDecreaseInAccountsPayableRelatedParties_8" order="10" use="optional"/>
<loc xlink:type="locator" xlink:href="http://xbrl.fasb.org/us-gaap/2012/elts/us-gaap-2012-01-31.xsd#us-gaap_NetCashProvidedByUsedInOperatingActivities" xlink:label="loc_us-gaap_NetCashProvidedByUsedInOperatingActivities_9"/>
<definitionArc xlink:type="arc" xlink:arcrole="http://xbrl.org/int/dim/arcrole/domain-member" xlink:from="loc_farm_ChangesInOperatingAssetsAndLiabilitiesAbstract_6" xlink:to="loc_us-gaap_NetCashProvidedByUsedInOperatingActivities_9" order="20" use="optional"/>
<loc xlink:type="locator" xlink:href="http://xbrl.fasb.org/us-gaap/2012/elts/us-gaap-2012-01-31.xsd#us-gaap_NetCashProvidedByUsedInFinancingActivitiesAbstract" xlink:label="loc_us-gaap_NetCashProvidedByUsedInFinancingActivitiesAbstract_10"/>
<definitionArc xlink:type="arc" xlink:arcrole="http://xbrl.org/int/dim/arcrole/domain-member" xlink:from="loc_us-gaap_StatementLineItems_0" xlink:to="loc_us-gaap_NetCashProvidedByUsedInFinancingActivitiesAbstract_10" order="40" use="optional"/>
<loc xlink:type="locator" xlink:href="http://xbrl.fasb.org/us-gaap/2012/elts/us-gaap-2012-01-31.xsd#us-gaap_ProceedsFromIssuanceOfCommonStock" xlink:label="loc_us-gaap_ProceedsFromIssuanceOfCommonStock_11"/>
<definitionArc xlink:type="arc" xlink:arcrole="http://xbrl.org/int/dim/arcrole/domain-member" xlink:from="loc_us-gaap_NetCashProvidedByUsedInFinancingActivitiesAbstract_10" xlink:to="loc_us-gaap_ProceedsFromIssuanceOfCommonStock_11" order="0" use="optional"/>
<loc xlink:type="locator" xlink:href="http://xbrl.fasb.org/us-gaap/2012/elts/us-gaap-2012-01-31.xsd#us-gaap_NetCashProvidedByUsedInFinancingActivities" xlink:label="loc_us-gaap_NetCashProvidedByUsedInFinancingActivities_12"/>
<definitionArc xlink:type="arc" xlink:arcrole="http://xbrl.org/int/dim/arcrole/domain-member" xlink:from="loc_us-gaap_NetCashProvidedByUsedInFinancingActivitiesAbstract_10" xlink:to="loc_us-gaap_NetCashProvidedByUsedInFinancingActivities_12" order="10" use="optional"/>
<loc xlink:type="locator" xlink:href="http://xbrl.fasb.org/us-gaap/2012/elts/us-gaap-2012-01-31.xsd#us-gaap_CashAndCashEquivalentsPeriodIncreaseDecrease" xlink:label="loc_us-gaap_CashAndCashEquivalentsPeriodIncreaseDecrease_13"/>
<definitionArc xlink:type="arc" xlink:arcrole="http://xbrl.org/int/dim/arcrole/domain-member" xlink:from="loc_us-gaap_NetCashProvidedByUsedInFinancingActivitiesAbstract_10" xlink:to="loc_us-gaap_CashAndCashEquivalentsPeriodIncreaseDecrease_13" order="20" use="optional"/>
<loc xlink:type="locator" xlink:href="http://xbrl.fasb.org/us-gaap/2012/elts/us-gaap-2012-01-31.xsd#us-gaap_CashAndCashEquivalentsAtCarryingValue" xlink:label="loc_us-gaap_CashAndCashEquivalentsAtCarryingValue_14"/>
<definitionArc xlink:type="arc" xlink:arcrole="http://xbrl.org/int/dim/arcrole/domain-member" xlink:from="loc_us-gaap_NetCashProvidedByUsedInFinancingActivitiesAbstract_10" xlink:to="loc_us-gaap_CashAndCashEquivalentsAtCarryingValue_14" order="30" use="optional"/>
<loc xlink:type="locator" xlink:href="http://xbrl.fasb.org/us-gaap/2012/elts/us-gaap-2012-01-31.xsd#us-gaap_SupplementalCashFlowInformationAbstract" xlink:label="loc_us-gaap_SupplementalCashFlowInformationAbstract_15"/>
<definitionArc xlink:type="arc" xlink:arcrole="http://xbrl.org/int/dim/arcrole/domain-member" xlink:from="loc_us-gaap_NetCashProvidedByUsedInFinancingActivitiesAbstract_10" xlink:to="loc_us-gaap_SupplementalCashFlowInformationAbstract_15" order="40" use="optional"/>
<loc xlink:type="locator" xlink:href="http://xbrl.fasb.org/us-gaap/2012/elts/us-gaap-2012-01-31.xsd#us-gaap_InterestPaid" xlink:label="loc_us-gaap_InterestPaid_16"/>
<definitionArc xlink:type="arc" xlink:arcrole="http://xbrl.org/int/dim/arcrole/domain-member" xlink:from="loc_us-gaap_SupplementalCashFlowInformationAbstract_15" xlink:to="loc_us-gaap_InterestPaid_16" order="0" use="optional"/>
<loc xlink:type="locator" xlink:href="http://xbrl.fasb.org/us-gaap/2012/elts/us-gaap-2012-01-31.xsd#us-gaap_IncomeTaxesPaid" xlink:label="loc_us-gaap_IncomeTaxesPaid_17"/>
<definitionArc xlink:type="arc" xlink:arcrole="http://xbrl.org/int/dim/arcrole/domain-member" xlink:from="loc_us-gaap_SupplementalCashFlowInformationAbstract_15" xlink:to="loc_us-gaap_IncomeTaxesPaid_17" order="10" use="optional"/>
</definitionLink>
<definitionLink xlink:type="extended" xlink:role="http://www.0001479000.com/role/StatementOfChangesInStockholdersDeficit">
<loc xlink:type="locator" xlink:href="http://xbrl.fasb.org/us-gaap/2012/elts/us-gaap-2012-01-31.xsd#us-gaap_StatementLineItems" xlink:label="loc_us-gaap_StatementLineItems_0"/>
<loc xlink:type="locator" xlink:href="http://xbrl.fasb.org/us-gaap/2012/elts/us-gaap-2012-01-31.xsd#us-gaap_StatementTable" xlink:label="loc_us-gaap_StatementTable_1"/>
<definitionArc xlink:type="arc" xlink:arcrole="http://xbrl.org/int/dim/arcrole/all" xlink:from="loc_us-gaap_StatementLineItems_0" xlink:to="loc_us-gaap_StatementTable_1" order="0" use="optional" xbrldt:contextElement="segment" xbrldt:closed="true"/>
<loc xlink:type="locator" xlink:href="http://xbrl.fasb.org/us-gaap/2012/elts/us-gaap-2012-01-31.xsd#us-gaap_StatementEquityComponentsAxis" xlink:label="loc_us-gaap_StatementEquityComponentsAxis_2"/>
<definitionArc xlink:type="arc" xlink:arcrole="http://xbrl.org/int/dim/arcrole/hypercube-dimension" xlink:from="loc_us-gaap_StatementTable_1" xlink:to="loc_us-gaap_StatementEquityComponentsAxis_2" order="0" use="optional"/>
<loc xlink:type="locator" xlink:href="http://xbrl.fasb.org/us-gaap/2012/elts/us-gaap-2012-01-31.xsd#us-gaap_EquityComponentDomain" xlink:label="loc_us-gaap_EquityComponentDomain_3"/>
<definitionArc xlink:type="arc" xlink:arcrole="http://xbrl.org/int/dim/arcrole/dimension-domain" xlink:from="loc_us-gaap_StatementEquityComponentsAxis_2" xlink:to="loc_us-gaap_EquityComponentDomain_3" order="0" use="optional"/>
<loc xlink:type="locator" xlink:href="http://xbrl.fasb.org/us-gaap/2012/elts/us-gaap-2012-01-31.xsd#us-gaap_EquityComponentDomain" xlink:label="loc_us-gaap_EquityComponentDomain_3_Default"/>
<definitionArc xlink:type="arc" xlink:arcrole="http://xbrl.org/int/dim/arcrole/dimension-default" xlink:from="loc_us-gaap_StatementEquityComponentsAxis_2" xlink:to="loc_us-gaap_EquityComponentDomain_3_Default" order="0" use="optional"/>
<loc xlink:type="locator" xlink:href="http://xbrl.fasb.org/us-gaap/2012/elts/us-gaap-2012-01-31.xsd#us-gaap_CommonStockMember" xlink:label="loc_us-gaap_CommonStockMember_4"/>
<definitionArc xlink:type="arc" xlink:arcrole="http://xbrl.org/int/dim/arcrole/domain-member" xlink:from="loc_us-gaap_EquityComponentDomain_3" xlink:to="loc_us-gaap_CommonStockMember_4" order="0" use="optional"/>
<loc xlink:type="locator" xlink:href="http://xbrl.fasb.org/us-gaap/2012/elts/us-gaap-2012-01-31.xsd#us-gaap_AdditionalPaidInCapitalMember" xlink:label="loc_us-gaap_AdditionalPaidInCapitalMember_5"/>
<definitionArc xlink:type="arc" xlink:arcrole="http://xbrl.org/int/dim/arcrole/domain-member" xlink:from="loc_us-gaap_EquityComponentDomain_3" xlink:to="loc_us-gaap_AdditionalPaidInCapitalMember_5" order="10" use="optional"/>
<loc xlink:type="locator" xlink:href="http://xbrl.fasb.org/us-gaap/2012/elts/us-gaap-2012-01-31.xsd#us-gaap_AccumulatedDeficitDuringDevelopmentStageMember" xlink:label="loc_us-gaap_AccumulatedDeficitDuringDevelopmentStageMember_6"/>
<definitionArc xlink:type="arc" xlink:arcrole="http://xbrl.org/int/dim/arcrole/domain-member" xlink:from="loc_us-gaap_EquityComponentDomain_3" xlink:to="loc_us-gaap_AccumulatedDeficitDuringDevelopmentStageMember_6" order="20" use="optional"/>
<loc xlink:type="locator" xlink:href="http://xbrl.fasb.org/us-gaap/2012/elts/us-gaap-2012-01-31.xsd#us-gaap_StockholdersEquity" xlink:label="loc_us-gaap_StockholdersEquity_7"/>
<definitionArc xlink:type="arc" xlink:arcrole="http://xbrl.org/int/dim/arcrole/domain-member" xlink:from="loc_us-gaap_StatementLineItems_0" xlink:to="loc_us-gaap_StockholdersEquity_7" order="10" use="optional"/>
<loc xlink:type="locator" xlink:href="http://xbrl.fasb.org/us-gaap/2012/elts/us-gaap-2012-01-31.xsd#us-gaap_StockIssuedDuringPeriodValueNewIssues" xlink:label="loc_us-gaap_StockIssuedDuringPeriodValueNewIssues_8"/>
<definitionArc xlink:type="arc" xlink:arcrole="http://xbrl.org/int/dim/arcrole/domain-member" xlink:from="loc_us-gaap_StatementLineItems_0" xlink:to="loc_us-gaap_StockIssuedDuringPeriodValueNewIssues_8" order="20" use="optional"/>
<loc xlink:type="locator" xlink:href="http://xbrl.fasb.org/us-gaap/2012/elts/us-gaap-2012-01-31.xsd#us-gaap_StockIssuedDuringPeriodSharesNewIssues" xlink:label="loc_us-gaap_StockIssuedDuringPeriodSharesNewIssues_9"/>
<definitionArc xlink:type="arc" xlink:arcrole="http://xbrl.org/int/dim/arcrole/domain-member" xlink:from="loc_us-gaap_StatementLineItems_0" xlink:to="loc_us-gaap_StockIssuedDuringPeriodSharesNewIssues_9" order="30" use="optional"/>
<loc xlink:type="locator" xlink:href="http://xbrl.fasb.org/us-gaap/2012/elts/us-gaap-2012-01-31.xsd#us-gaap_AdjustmentsToAdditionalPaidInCapitalOther" xlink:label="loc_us-gaap_AdjustmentsToAdditionalPaidInCapitalOther_10"/>
<definitionArc xlink:type="arc" xlink:arcrole="http://xbrl.org/int/dim/arcrole/domain-member" xlink:from="loc_us-gaap_StatementLineItems_0" xlink:to="loc_us-gaap_AdjustmentsToAdditionalPaidInCapitalOther_10" order="40" use="optional"/>
<loc xlink:type="locator" xlink:href="http://xbrl.fasb.org/us-gaap/2012/elts/us-gaap-2012-01-31.xsd#us-gaap_NetIncomeLoss" xlink:label="loc_us-gaap_NetIncomeLoss_11"/>
<definitionArc xlink:type="arc" xlink:arcrole="http://xbrl.org/int/dim/arcrole/domain-member" xlink:from="loc_us-gaap_StatementLineItems_0" xlink:to="loc_us-gaap_NetIncomeLoss_11" order="50" use="optional"/>
<loc xlink:type="locator" xlink:href="http://xbrl.fasb.org/us-gaap/2012/elts/us-gaap-2012-01-31.xsd#us-gaap_SharesIssued" xlink:label="loc_us-gaap_SharesIssued_12"/>
<definitionArc xlink:type="arc" xlink:arcrole="http://xbrl.org/int/dim/arcrole/domain-member" xlink:from="loc_us-gaap_StatementLineItems_0" xlink:to="loc_us-gaap_SharesIssued_12" order="60" use="optional"/>
<loc xlink:type="locator" xlink:href="http://xbrl.fasb.org/us-gaap/2012/elts/us-gaap-2012-01-31.xsd#us-gaap_StockIssuedDuringPeriodValueOther" xlink:label="loc_us-gaap_StockIssuedDuringPeriodValueOther_13"/>
<definitionArc xlink:type="arc" xlink:arcrole="http://xbrl.org/int/dim/arcrole/domain-member" xlink:from="loc_us-gaap_StatementLineItems_0" xlink:to="loc_us-gaap_StockIssuedDuringPeriodValueOther_13" order="70" use="optional"/>
<loc xlink:type="locator" xlink:href="http://xbrl.fasb.org/us-gaap/2012/elts/us-gaap-2012-01-31.xsd#us-gaap_StockIssuedDuringPeriodSharesOther" xlink:label="loc_us-gaap_StockIssuedDuringPeriodSharesOther_14"/>
<definitionArc xlink:type="arc" xlink:arcrole="http://xbrl.org/int/dim/arcrole/domain-member" xlink:from="loc_us-gaap_StatementLineItems_0" xlink:to="loc_us-gaap_StockIssuedDuringPeriodSharesOther_14" order="80" use="optional"/>
</definitionLink>
<definitionLink xlink:type="extended" xlink:role="http://www.0001479000.com/role/NATUREOFOPERATIONSDetailsTexual">
<loc xlink:type="locator" xlink:href="http://xbrl.fasb.org/us-gaap/2012/elts/us-gaap-2012-01-31.xsd#us-gaap_StatementLineItems" xlink:label="loc_us-gaap_StatementLineItems_0"/>
<loc xlink:type="locator" xlink:href="http://xbrl.fasb.org/us-gaap/2012/elts/us-gaap-2012-01-31.xsd#us-gaap_StatementTable" xlink:label="loc_us-gaap_StatementTable_1"/>
<definitionArc xlink:type="arc" xlink:arcrole="http://xbrl.org/int/dim/arcrole/all" xlink:from="loc_us-gaap_StatementLineItems_0" xlink:to="loc_us-gaap_StatementTable_1" order="0" use="optional" xbrldt:contextElement="segment" xbrldt:closed="true"/>
<loc xlink:type="locator" xlink:href="http://xbrl.sec.gov/dei/2012/dei-2012-01-31.xsd#dei_EntityIncorporationDateOfIncorporation" xlink:label="loc_dei_EntityIncorporationDateOfIncorporation_2"/>
<definitionArc xlink:type="arc" xlink:arcrole="http://xbrl.org/int/dim/arcrole/domain-member" xlink:from="loc_us-gaap_StatementLineItems_0" xlink:to="loc_dei_EntityIncorporationDateOfIncorporation_2" order="10" use="optional"/>
<loc xlink:type="locator" xlink:href="http://xbrl.sec.gov/dei/2012/dei-2012-01-31.xsd#dei_EntityIncorporationStateCountryName" xlink:label="loc_dei_EntityIncorporationStateCountryName_3"/>
<definitionArc xlink:type="arc" xlink:arcrole="http://xbrl.org/int/dim/arcrole/domain-member" xlink:from="loc_us-gaap_StatementLineItems_0" xlink:to="loc_dei_EntityIncorporationStateCountryName_3" order="20" use="optional"/>
<loc xlink:type="locator" xlink:href="http://xbrl.fasb.org/us-gaap/2012/elts/us-gaap-2012-01-31.xsd#us-gaap_RetainedEarningsAccumulatedDeficit" xlink:label="loc_us-gaap_RetainedEarningsAccumulatedDeficit_4"/>
<definitionArc xlink:type="arc" xlink:arcrole="http://xbrl.org/int/dim/arcrole/domain-member" xlink:from="loc_us-gaap_StatementLineItems_0" xlink:to="loc_us-gaap_RetainedEarningsAccumulatedDeficit_4" order="30" use="optional"/>
</definitionLink>
<definitionLink xlink:type="extended" xlink:role="http://www.0001479000.com/role/SUMMARYOFSIGNIFICANTACCOUNTINGPOLICIESDetailsTextual">
<loc xlink:type="locator" xlink:href="http://xbrl.fasb.org/us-gaap/2012/elts/us-gaap-2012-01-31.xsd#us-gaap_StatementLineItems" xlink:label="loc_us-gaap_StatementLineItems_0"/>
<loc xlink:type="locator" xlink:href="http://xbrl.fasb.org/us-gaap/2012/elts/us-gaap-2012-01-31.xsd#us-gaap_StatementTable" xlink:label="loc_us-gaap_StatementTable_1"/>
<definitionArc xlink:type="arc" xlink:arcrole="http://xbrl.org/int/dim/arcrole/all" xlink:from="loc_us-gaap_StatementLineItems_0" xlink:to="loc_us-gaap_StatementTable_1" order="10" use="optional" xbrldt:contextElement="segment" xbrldt:closed="true"/>


<loc xlink:type="locator" xlink:href="farm-20121031.xsd#farm_CommonStockEquivalent" xlink:label="loc_farm_CommonStockEquivalent_3"/>
<definitionArc xlink:type="arc" xlink:arcrole="http://xbrl.org/int/dim/arcrole/domain-member" xlink:from="loc_us-gaap_StatementLineItems_0" xlink:to="loc_farm_CommonStockEquivalent_3" order="30" use="optional"/>
<loc xlink:type="locator" xlink:href="http://xbrl.fasb.org/us-gaap/2012/elts/us-gaap-2012-01-31.xsd#us-gaap_CashEquivalentsAtCarryingValue" xlink:label="loc_us-gaap_CashEquivalentsAtCarryingValue"/>
<definitionArc xlink:type="arc" xlink:arcrole="http://xbrl.org/int/dim/arcrole/domain-member" xlink:from="loc_us-gaap_StatementLineItems_0" xlink:to="loc_us-gaap_CashEquivalentsAtCarryingValue" order="20" use="optional"/>
</definitionLink>
<definitionLink xlink:type="extended" xlink:role="http://www.0001479000.com/role/DIFERREDINCOMETAXASSETSDetails">
<loc xlink:type="locator" xlink:href="http://xbrl.fasb.org/us-gaap/2012/elts/us-gaap-2012-01-31.xsd#us-gaap_StatementLineItems" xlink:label="loc_us-gaap_StatementLineItems_0"/>
<loc xlink:type="locator" xlink:href="http://xbrl.fasb.org/us-gaap/2012/elts/us-gaap-2012-01-31.xsd#us-gaap_StatementTable" xlink:label="loc_us-gaap_StatementTable_1"/>
<definitionArc xlink:type="arc" xlink:arcrole="http://xbrl.org/int/dim/arcrole/all" xlink:from="loc_us-gaap_StatementLineItems_0" xlink:to="loc_us-gaap_StatementTable_1" order="0" use="optional" xbrldt:contextElement="segment" xbrldt:closed="true"/>
<loc xlink:type="locator" xlink:href="http://xbrl.fasb.org/us-gaap/2012/elts/us-gaap-2012-01-31.xsd#us-gaap_DeferredTaxAssetsGross" xlink:label="loc_us-gaap_DeferredTaxAssetsGross_2"/>
<definitionArc xlink:type="arc" xlink:arcrole="http://xbrl.org/int/dim/arcrole/domain-member" xlink:from="loc_us-gaap_StatementLineItems_0" xlink:to="loc_us-gaap_DeferredTaxAssetsGross_2" order="10" use="optional"/>
<loc xlink:type="locator" xlink:href="http://xbrl.fasb.org/us-gaap/2012/elts/us-gaap-2012-01-31.xsd#us-gaap_DeferredTaxAssetsValuationAllowance" xlink:label="loc_us-gaap_DeferredTaxAssetsValuationAllowance_3"/>
<definitionArc xlink:type="arc" xlink:arcrole="http://xbrl.org/int/dim/arcrole/domain-member" xlink:from="loc_us-gaap_StatementLineItems_0" xlink:to="loc_us-gaap_DeferredTaxAssetsValuationAllowance_3" order="20" use="optional"/>
<loc xlink:type="locator" xlink:href="http://xbrl.fasb.org/us-gaap/2012/elts/us-gaap-2012-01-31.xsd#us-gaap_DeferredTaxAssetsNet" xlink:label="loc_us-gaap_DeferredTaxAssetsNet_4"/>
<definitionArc xlink:type="arc" xlink:arcrole="http://xbrl.org/int/dim/arcrole/domain-member" xlink:from="loc_us-gaap_StatementLineItems_0" xlink:to="loc_us-gaap_DeferredTaxAssetsNet_4" order="30" use="optional"/>
</definitionLink>
<definitionLink xlink:type="extended" xlink:role="http://www.0001479000.com/role/INCOMETAXESDetailsTextual">
<loc xlink:type="locator" xlink:href="http://xbrl.fasb.org/us-gaap/2012/elts/us-gaap-2012-01-31.xsd#us-gaap_StatementLineItems" xlink:label="loc_us-gaap_StatementLineItems_0"/>
<loc xlink:type="locator" xlink:href="http://xbrl.fasb.org/us-gaap/2012/elts/us-gaap-2012-01-31.xsd#us-gaap_StatementTable" xlink:label="loc_us-gaap_StatementTable_1"/>
<definitionArc xlink:type="arc" xlink:arcrole="http://xbrl.org/int/dim/arcrole/all" xlink:from="loc_us-gaap_StatementLineItems_0" xlink:to="loc_us-gaap_StatementTable_1" order="0" use="optional" xbrldt:contextElement="segment" xbrldt:closed="true"/>
<loc xlink:type="locator" xlink:href="http://xbrl.fasb.org/us-gaap/2012/elts/us-gaap-2012-01-31.xsd#us-gaap_OperatingLossCarryforwards" xlink:label="loc_us-gaap_OperatingLossCarryforwards_2"/>
<definitionArc xlink:type="arc" xlink:arcrole="http://xbrl.org/int/dim/arcrole/domain-member" xlink:from="loc_us-gaap_StatementLineItems_0" xlink:to="loc_us-gaap_OperatingLossCarryforwards_2" order="10" use="optional"/>
<loc xlink:type="locator" xlink:href="http://xbrl.fasb.org/us-gaap/2012/elts/us-gaap-2012-01-31.xsd#us-gaap_OperatingLossCarryforwardsExpirationDates" xlink:label="loc_us-gaap_OperatingLossCarryforwardsExpirationDates_3"/>
<definitionArc xlink:type="arc" xlink:arcrole="http://xbrl.org/int/dim/arcrole/domain-member" xlink:from="loc_us-gaap_StatementLineItems_0" xlink:to="loc_us-gaap_OperatingLossCarryforwardsExpirationDates_3" order="20" use="optional"/>
</definitionLink>
<definitionLink xlink:type="extended" xlink:role="http://www.0001479000.com/role/RELATEDPARTYTRANSACTIONSDetailsTextual">
<loc xlink:type="locator" xlink:href="http://xbrl.fasb.org/us-gaap/2012/elts/us-gaap-2012-01-31.xsd#us-gaap_StatementLineItems" xlink:label="loc_us-gaap_StatementLineItems_0"/>
<loc xlink:type="locator" xlink:href="http://xbrl.fasb.org/us-gaap/2012/elts/us-gaap-2012-01-31.xsd#us-gaap_StatementTable" xlink:label="loc_us-gaap_StatementTable_1"/>
<definitionArc xlink:type="arc" xlink:arcrole="http://xbrl.org/int/dim/arcrole/all" xlink:from="loc_us-gaap_StatementLineItems_0" xlink:to="loc_us-gaap_StatementTable_1" order="0" use="optional" xbrldt:contextElement="segment" xbrldt:closed="true"/>
<loc xlink:type="locator" xlink:href="http://xbrl.fasb.org/us-gaap/2012/elts/us-gaap-2012-01-31.xsd#us-gaap_DeferredCompensationArrangementWithIndividualExcludingShareBasedPaymentsAndPostretirementBenefitsByTitleOfIndividualAxis" xlink:label="loc_us-gaap_DeferredCompensationArrangementWithIndividualExcludingShareBasedPaymentsAndPostretirementBenefitsByTitleOfIndividualAxis_2"/>
<definitionArc xlink:type="arc" xlink:arcrole="http://xbrl.org/int/dim/arcrole/hypercube-dimension" xlink:from="loc_us-gaap_StatementTable_1" xlink:to="loc_us-gaap_DeferredCompensationArrangementWithIndividualExcludingShareBasedPaymentsAndPostretirementBenefitsByTitleOfIndividualAxis_2" order="0" use="optional"/>
<loc xlink:type="locator" xlink:href="http://xbrl.fasb.org/us-gaap/2012/elts/us-gaap-2012-01-31.xsd#us-gaap_TitleOfIndividualWithRelationshipToEntityDomain" xlink:label="loc_us-gaap_TitleOfIndividualWithRelationshipToEntityDomain_3"/>
<definitionArc xlink:type="arc" xlink:arcrole="http://xbrl.org/int/dim/arcrole/dimension-domain" xlink:from="loc_us-gaap_DeferredCompensationArrangementWithIndividualExcludingShareBasedPaymentsAndPostretirementBenefitsByTitleOfIndividualAxis_2" xlink:to="loc_us-gaap_TitleOfIndividualWithRelationshipToEntityDomain_3" order="0" use="optional"/>
<loc xlink:type="locator" xlink:href="http://xbrl.fasb.org/us-gaap/2012/elts/us-gaap-2012-01-31.xsd#us-gaap_TitleOfIndividualWithRelationshipToEntityDomain" xlink:label="loc_us-gaap_TitleOfIndividualWithRelationshipToEntityDomain_3_Default"/>
<definitionArc xlink:type="arc" xlink:arcrole="http://xbrl.org/int/dim/arcrole/dimension-default" xlink:from="loc_us-gaap_DeferredCompensationArrangementWithIndividualExcludingShareBasedPaymentsAndPostretirementBenefitsByTitleOfIndividualAxis_2" xlink:to="loc_us-gaap_TitleOfIndividualWithRelationshipToEntityDomain_3_Default" order="0" use="optional"/>
<loc xlink:type="locator" xlink:href="http://xbrl.fasb.org/us-gaap/2012/elts/us-gaap-2012-01-31.xsd#us-gaap_DirectorMember" xlink:label="loc_us-gaap_DirectorMember_4"/>
<definitionArc xlink:type="arc" xlink:arcrole="http://xbrl.org/int/dim/arcrole/domain-member" xlink:from="loc_us-gaap_TitleOfIndividualWithRelationshipToEntityDomain_3" xlink:to="loc_us-gaap_DirectorMember_4" order="0" use="optional"/>
<loc xlink:type="locator" xlink:href="farm-20121031.xsd#farm_RentAndConsultingFee" xlink:label="loc_farm_RentAndConsultingFee_5"/>
<definitionArc xlink:type="arc" xlink:arcrole="http://xbrl.org/int/dim/arcrole/domain-member" xlink:from="loc_us-gaap_StatementLineItems_0" xlink:to="loc_farm_RentAndConsultingFee_5" order="10" use="optional"/>
<loc xlink:type="locator" xlink:href="http://xbrl.fasb.org/us-gaap/2012/elts/us-gaap-2012-01-31.xsd#us-gaap_LeaseAndRentalExpense" xlink:label="loc_us-gaap_LeaseAndRentalExpense_6"/>
<definitionArc xlink:type="arc" xlink:arcrole="http://xbrl.org/int/dim/arcrole/domain-member" xlink:from="loc_us-gaap_StatementLineItems_0" xlink:to="loc_us-gaap_LeaseAndRentalExpense_6" order="20" use="optional"/>
<loc xlink:type="locator" xlink:href="farm-20121031.xsd#farm_ConsultingFee" xlink:label="loc_farm_ConsultingFee_7"/>
<definitionArc xlink:type="arc" xlink:arcrole="http://xbrl.org/int/dim/arcrole/domain-member" xlink:from="loc_us-gaap_StatementLineItems_0" xlink:to="loc_farm_ConsultingFee_7" order="30" use="optional"/>
<loc xlink:type="locator" xlink:href="http://xbrl.fasb.org/us-gaap/2012/elts/us-gaap-2012-01-31.xsd#us-gaap_DueToRelatedPartiesCurrentAndNoncurrent" xlink:label="loc_us-gaap_DueToRelatedPartiesCurrentAndNoncurrent_8"/>
<definitionArc xlink:type="arc" xlink:arcrole="http://xbrl.org/int/dim/arcrole/domain-member" xlink:from="loc_us-gaap_StatementLineItems_0" xlink:to="loc_us-gaap_DueToRelatedPartiesCurrentAndNoncurrent_8" order="40" use="optional"/>
</definitionLink>
<definitionLink xlink:type="extended" xlink:role="http://www.0001479000.com/role/COMMONSTOCKDetailsTextual">
<loc xlink:type="locator" xlink:href="http://xbrl.fasb.org/us-gaap/2012/elts/us-gaap-2012-01-31.xsd#us-gaap_StatementLineItems" xlink:label="loc_us-gaap_StatementLineItems_0"/>
<loc xlink:type="locator" xlink:href="http://xbrl.fasb.org/us-gaap/2012/elts/us-gaap-2012-01-31.xsd#us-gaap_StatementTable" xlink:label="loc_us-gaap_StatementTable_1"/>
<definitionArc xlink:type="arc" xlink:arcrole="http://xbrl.org/int/dim/arcrole/all" xlink:from="loc_us-gaap_StatementLineItems_0" xlink:to="loc_us-gaap_StatementTable_1" order="0" use="optional" xbrldt:contextElement="segment" xbrldt:closed="true"/>


<loc xlink:type="locator" xlink:href="farm-20121031.xsd#farm_CommonStockSharesHeld" xlink:label="loc_farm_CommonStockSharesHeld"/>
<definitionArc xlink:type="arc" xlink:arcrole="http://xbrl.org/int/dim/arcrole/domain-member" xlink:from="loc_us-gaap_StatementLineItems_0" xlink:to="loc_farm_CommonStockSharesHeld" order="20" use="optional"/>
<loc xlink:type="locator" xlink:href="farm-20121031.xsd#farm_CommonStockSharesHeldAfterForwardSplit" xlink:label="loc_farm_CommonStockSharesHeldAfterForwardSplit"/>
<definitionArc xlink:type="arc" xlink:arcrole="http://xbrl.org/int/dim/arcrole/domain-member" xlink:from="loc_us-gaap_StatementLineItems_0" xlink:to="loc_farm_CommonStockSharesHeldAfterForwardSplit" order="30" use="optional"/>
<loc xlink:type="locator" xlink:href="http://xbrl.fasb.org/us-gaap/2012/elts/us-gaap-2012-01-31.xsd#us-gaap_ProceedsFromIssuanceOfCommonStock" xlink:label="loc_us-gaap_ProceedsFromIssuanceOfCommonStock"/>
<definitionArc xlink:type="arc" xlink:arcrole="http://xbrl.org/int/dim/arcrole/domain-member" xlink:from="loc_us-gaap_StatementLineItems_0" xlink:to="loc_us-gaap_ProceedsFromIssuanceOfCommonStock" order="40" use="optional"/>
<loc xlink:type="locator" xlink:href="http://xbrl.fasb.org/us-gaap/2012/elts/us-gaap-2012-01-31.xsd#us-gaap_RelatedPartyTransactionsByRelatedPartyAxis" xlink:label="loc_us-gaap_RelatedPartyTransactionsByRelatedPartyAxis"/>
<definitionArc xlink:type="arc" xlink:arcrole="http://xbrl.org/int/dim/arcrole/hypercube-dimension" xlink:from="loc_us-gaap_StatementTable_1" xlink:to="loc_us-gaap_RelatedPartyTransactionsByRelatedPartyAxis" order="0" use="optional"/>
<loc xlink:type="locator" xlink:href="http://xbrl.fasb.org/us-gaap/2012/elts/us-gaap-2012-01-31.xsd#us-gaap_RelatedPartyDomain" xlink:label="loc_us-gaap_RelatedPartyDomain"/>
<definitionArc xlink:type="arc" xlink:arcrole="http://xbrl.org/int/dim/arcrole/dimension-domain" xlink:from="loc_us-gaap_RelatedPartyTransactionsByRelatedPartyAxis" xlink:to="loc_us-gaap_RelatedPartyDomain" order="0" use="optional"/>
<loc xlink:type="locator" xlink:href="farm-20121031.xsd#farm_FounderMember" xlink:label="loc_farm_FounderMember"/>
<definitionArc xlink:type="arc" xlink:arcrole="http://xbrl.org/int/dim/arcrole/domain-member" xlink:from="loc_us-gaap_RelatedPartyDomain" xlink:to="loc_farm_FounderMember" order="0" use="optional"/>
<loc xlink:type="locator" xlink:href="http://xbrl.fasb.org/us-gaap/2012/elts/us-gaap-2012-01-31.xsd#us-gaap_RelatedPartyDomain" xlink:label="loc_us-gaap_RelatedPartyDomain_1"/>
<definitionArc xlink:type="arc" xlink:arcrole="http://xbrl.org/int/dim/arcrole/dimension-default" xlink:from="loc_us-gaap_RelatedPartyTransactionsByRelatedPartyAxis" xlink:to="loc_us-gaap_RelatedPartyDomain_1" order="1" use="optional"/>
<loc xlink:type="locator" xlink:href="farm-20121031.xsd#farm_ProceedsFromIssuanceOfCommonStockPricePerShare" xlink:label="loc_farm_ProceedsFromIssuanceOfCommonStockPricePerShare"/>
<definitionArc xlink:type="arc" xlink:arcrole="http://xbrl.org/int/dim/arcrole/domain-member" xlink:from="loc_us-gaap_StatementLineItems_0" xlink:to="loc_farm_ProceedsFromIssuanceOfCommonStockPricePerShare" order="50" use="optional"/>
</definitionLink>
<definitionLink xlink:type="extended" xlink:role="http://www.0001479000.com/role/SUBSEQUENTEVENTSDetailsTextual">
<loc xlink:type="locator" xlink:href="http://xbrl.fasb.org/us-gaap/2012/elts/us-gaap-2012-01-31.xsd#us-gaap_StatementLineItems" xlink:label="loc_us-gaap_StatementLineItems_0"/>
<loc xlink:type="locator" xlink:href="http://xbrl.fasb.org/us-gaap/2012/elts/us-gaap-2012-01-31.xsd#us-gaap_StatementTable" xlink:label="loc_us-gaap_StatementTable_1"/>
<definitionArc xlink:type="arc" xlink:arcrole="http://xbrl.org/int/dim/arcrole/all" xlink:from="loc_us-gaap_StatementLineItems_0" xlink:to="loc_us-gaap_StatementTable_1" order="0" use="optional" xbrldt:contextElement="segment" xbrldt:closed="true"/>
<loc xlink:type="locator" xlink:href="http://xbrl.fasb.org/us-gaap/2012/elts/us-gaap-2012-01-31.xsd#us-gaap_RelatedPartyTransactionsByRelatedPartyAxis" xlink:label="loc_us-gaap_RelatedPartyTransactionsByRelatedPartyAxis_2"/>
<definitionArc xlink:type="arc" xlink:arcrole="http://xbrl.org/int/dim/arcrole/hypercube-dimension" xlink:from="loc_us-gaap_StatementTable_1" xlink:to="loc_us-gaap_RelatedPartyTransactionsByRelatedPartyAxis_2" order="0" use="optional"/>
<loc xlink:type="locator" xlink:href="http://xbrl.fasb.org/us-gaap/2012/elts/us-gaap-2012-01-31.xsd#us-gaap_RelatedPartyDomain" xlink:label="loc_us-gaap_RelatedPartyDomain_3"/>
<definitionArc xlink:type="arc" xlink:arcrole="http://xbrl.org/int/dim/arcrole/dimension-domain" xlink:from="loc_us-gaap_RelatedPartyTransactionsByRelatedPartyAxis_2" xlink:to="loc_us-gaap_RelatedPartyDomain_3" order="0" use="optional"/>
<loc xlink:type="locator" xlink:href="http://xbrl.fasb.org/us-gaap/2012/elts/us-gaap-2012-01-31.xsd#us-gaap_RelatedPartyDomain" xlink:label="loc_us-gaap_RelatedPartyDomain_3_Default"/>
<definitionArc xlink:type="arc" xlink:arcrole="http://xbrl.org/int/dim/arcrole/dimension-default" xlink:from="loc_us-gaap_RelatedPartyTransactionsByRelatedPartyAxis_2" xlink:to="loc_us-gaap_RelatedPartyDomain_3_Default" order="0" use="optional"/>
<loc xlink:type="locator" xlink:href="farm-20121031.xsd#farm_IrinaCudinaMember" xlink:label="loc_farm_IrinaCudinaMember_4"/>
<definitionArc xlink:type="arc" xlink:arcrole="http://xbrl.org/int/dim/arcrole/domain-member" xlink:from="loc_us-gaap_RelatedPartyDomain_3" xlink:to="loc_farm_IrinaCudinaMember_4" order="0" use="optional"/>
<loc xlink:type="locator" xlink:href="http://xbrl.fasb.org/us-gaap/2012/elts/us-gaap-2012-01-31.xsd#us-gaap_SubsidiarySaleOfStockAxis" xlink:label="loc_us-gaap_SubsidiarySaleOfStockAxis_5"/>
<definitionArc xlink:type="arc" xlink:arcrole="http://xbrl.org/int/dim/arcrole/hypercube-dimension" xlink:from="loc_us-gaap_StatementTable_1" xlink:to="loc_us-gaap_SubsidiarySaleOfStockAxis_5" order="10" use="optional"/>
<loc xlink:type="locator" xlink:href="http://xbrl.fasb.org/us-gaap/2012/elts/us-gaap-2012-01-31.xsd#us-gaap_SaleOfStockNameOfTransactionDomain" xlink:label="loc_us-gaap_SaleOfStockNameOfTransactionDomain_6"/>
<definitionArc xlink:type="arc" xlink:arcrole="http://xbrl.org/int/dim/arcrole/dimension-domain" xlink:from="loc_us-gaap_SubsidiarySaleOfStockAxis_5" xlink:to="loc_us-gaap_SaleOfStockNameOfTransactionDomain_6" order="0" use="optional"/>
<loc xlink:type="locator" xlink:href="http://xbrl.fasb.org/us-gaap/2012/elts/us-gaap-2012-01-31.xsd#us-gaap_SaleOfStockNameOfTransactionDomain" xlink:label="loc_us-gaap_SaleOfStockNameOfTransactionDomain_6_Default"/>
<definitionArc xlink:type="arc" xlink:arcrole="http://xbrl.org/int/dim/arcrole/dimension-default" xlink:from="loc_us-gaap_SubsidiarySaleOfStockAxis_5" xlink:to="loc_us-gaap_SaleOfStockNameOfTransactionDomain_6_Default" order="0" use="optional"/>
<loc xlink:type="locator" xlink:href="farm-20121031.xsd#farm_StockPurchaseAgreementMember" xlink:label="loc_farm_StockPurchaseAgreementMember_7"/>
<definitionArc xlink:type="arc" xlink:arcrole="http://xbrl.org/int/dim/arcrole/domain-member" xlink:from="loc_us-gaap_SaleOfStockNameOfTransactionDomain_6" xlink:to="loc_farm_StockPurchaseAgreementMember_7" order="0" use="optional"/>
<loc xlink:type="locator" xlink:href="farm-20121031.xsd#farm_StockSplitAxis" xlink:label="loc_farm_StockSplitAxis_8"/>
<definitionArc xlink:type="arc" xlink:arcrole="http://xbrl.org/int/dim/arcrole/hypercube-dimension" xlink:from="loc_us-gaap_StatementTable_1" xlink:to="loc_farm_StockSplitAxis_8" order="20" use="optional"/>
<loc xlink:type="locator" xlink:href="farm-20121031.xsd#farm_StockSplitDomain" xlink:label="loc_farm_StockSplitDomain_9"/>
<definitionArc xlink:type="arc" xlink:arcrole="http://xbrl.org/int/dim/arcrole/dimension-domain" xlink:from="loc_farm_StockSplitAxis_8" xlink:to="loc_farm_StockSplitDomain_9" order="0" use="optional"/>
<loc xlink:type="locator" xlink:href="farm-20121031.xsd#farm_StockSplitDomain" xlink:label="loc_farm_StockSplitDomain_9_Default"/>
<definitionArc xlink:type="arc" xlink:arcrole="http://xbrl.org/int/dim/arcrole/dimension-default" xlink:from="loc_farm_StockSplitAxis_8" xlink:to="loc_farm_StockSplitDomain_9_Default" order="0" use="optional"/>
<loc xlink:type="locator" xlink:href="farm-20121031.xsd#farm_AfterForwardSplitMember" xlink:label="loc_farm_AfterForwardSplitMember_10"/>
<definitionArc xlink:type="arc" xlink:arcrole="http://xbrl.org/int/dim/arcrole/domain-member" xlink:from="loc_farm_StockSplitDomain_9" xlink:to="loc_farm_AfterForwardSplitMember_10" order="0" use="optional"/>
<loc xlink:type="locator" xlink:href="farm-20121031.xsd#farm_CommonStockSharesCancelled" xlink:label="loc_farm_CommonStockSharesCancelled_11"/>
<definitionArc xlink:type="arc" xlink:arcrole="http://xbrl.org/int/dim/arcrole/domain-member" xlink:from="loc_us-gaap_StatementLineItems_0" xlink:to="loc_farm_CommonStockSharesCancelled_11" order="10" use="optional"/>
<loc xlink:type="locator" xlink:href="farm-20121031.xsd#farm_CommonStockAfterForwardSplit" xlink:label="loc_farm_CommonStockAfterForwardSplit_12"/>
<definitionArc xlink:type="arc" xlink:arcrole="http://xbrl.org/int/dim/arcrole/domain-member" xlink:from="loc_us-gaap_StatementLineItems_0" xlink:to="loc_farm_CommonStockAfterForwardSplit_12" order="20" use="optional"/>
<loc xlink:type="locator" xlink:href="farm-20121031.xsd#farm_CommonStockSharesHeld" xlink:label="loc_farm_CommonStockSharesHeld_13"/>
<definitionArc xlink:type="arc" xlink:arcrole="http://xbrl.org/int/dim/arcrole/domain-member" xlink:from="loc_us-gaap_StatementLineItems_0" xlink:to="loc_farm_CommonStockSharesHeld_13" order="30" use="optional"/>
<loc xlink:type="locator" xlink:href="farm-20121031.xsd#farm_CommonStockSharesHeldAfterForwardSplit" xlink:label="loc_farm_CommonStockSharesHeldAfterForwardSplit_14"/>
<definitionArc xlink:type="arc" xlink:arcrole="http://xbrl.org/int/dim/arcrole/domain-member" xlink:from="loc_us-gaap_StatementLineItems_0" xlink:to="loc_farm_CommonStockSharesHeldAfterForwardSplit_14" order="40" use="optional"/>
<loc xlink:type="locator" xlink:href="http://xbrl.fasb.org/us-gaap/2012/elts/us-gaap-2012-01-31.xsd#us-gaap_StockIssuedDuringPeriodSharesIssuedForCash" xlink:label="loc_us-gaap_StockIssuedDuringPeriodSharesIssuedForCash_15"/>
<definitionArc xlink:type="arc" xlink:arcrole="http://xbrl.org/int/dim/arcrole/domain-member" xlink:from="loc_us-gaap_StatementLineItems_0" xlink:to="loc_us-gaap_StockIssuedDuringPeriodSharesIssuedForCash_15" order="50" use="optional"/>
<loc xlink:type="locator" xlink:href="http://xbrl.fasb.org/us-gaap/2012/elts/us-gaap-2012-01-31.xsd#us-gaap_CommonStockParOrStatedValuePerShare" xlink:label="loc_us-gaap_CommonStockParOrStatedValuePerShare_16"/>
<definitionArc xlink:type="arc" xlink:arcrole="http://xbrl.org/int/dim/arcrole/domain-member" xlink:from="loc_us-gaap_StatementLineItems_0" xlink:to="loc_us-gaap_CommonStockParOrStatedValuePerShare_16" order="60" use="optional"/>
<loc xlink:type="locator" xlink:href="farm-20121031.xsd#farm_PercentageOfCommonStockShares" xlink:label="loc_farm_PercentageOfCommonStockShares_17"/>
<definitionArc xlink:type="arc" xlink:arcrole="http://xbrl.org/int/dim/arcrole/domain-member" xlink:from="loc_us-gaap_StatementLineItems_0" xlink:to="loc_farm_PercentageOfCommonStockShares_17" order="70" use="optional"/>
<loc xlink:type="locator" xlink:href="http://xbrl.fasb.org/us-gaap/2012/elts/us-gaap-2012-01-31.xsd#us-gaap_StockIssuedDuringPeriodValueIssuedForCash" xlink:label="loc_us-gaap_StockIssuedDuringPeriodValueIssuedForCash_18"/>
<definitionArc xlink:type="arc" xlink:arcrole="http://xbrl.org/int/dim/arcrole/domain-member" xlink:from="loc_us-gaap_StatementLineItems_0" xlink:to="loc_us-gaap_StockIssuedDuringPeriodValueIssuedForCash_18" order="80" use="optional"/>
</definitionLink>
</linkbase>
