<?xml version="1.0" encoding="us-ascii"?>
<!-- Created by Merrill Corporation -->
<!-- Generated by Fujitsu Interstage XWand B0166_M01 -->
<!--Generated by IRIS XBRL Generation Engine-->
<link:linkbase xsi:schemaLocation="http://www.xbrl.org/2003/linkbase http://www.xbrl.org/2003/xbrl-linkbase-2003-12-31.xsd" xmlns:link="http://www.xbrl.org/2003/linkbase" xmlns:xsi="http://www.w3.org/2001/XMLSchema-instance" xmlns:xbrli="http://www.xbrl.org/2003/instance" xmlns:xlink="http://www.w3.org/1999/xlink">
  <link:roleRef roleURI="http://www.royalgold.com/role/BalanceSheet" xlink:type="simple" xlink:href="rgld-20121231.xsd#BalanceSheet" />
  <link:roleRef roleURI="http://www.royalgold.com/role/StatementOfIncome" xlink:type="simple" xlink:href="rgld-20121231.xsd#StatementOfIncome" />
  <link:roleRef roleURI="http://www.royalgold.com/role/StatementOfIncomeCalc2" xlink:type="simple" xlink:href="rgld-20121231.xsd#StatementOfIncomeCalc2" />
  <link:roleRef roleURI="http://www.royalgold.com/role/CashFlows" xlink:type="simple" xlink:href="rgld-20121231.xsd#CashFlows" />
  <link:roleRef roleURI="http://www.royalgold.com/role/DisclosureRoyaltyInterestsInMineralPropertiesDetails" xlink:type="simple" xlink:href="rgld-20121231.xsd#DisclosureRoyaltyInterestsInMineralPropertiesDetails" />
  <link:roleRef roleURI="http://www.royalgold.com/role/DisclosureAvailableForSaleSecuritiesDetails" xlink:type="simple" xlink:href="rgld-20121231.xsd#DisclosureAvailableForSaleSecuritiesDetails" />
  <link:roleRef roleURI="http://www.royalgold.com/role/DisclosureEarningsPerShareEPSDetails" xlink:type="simple" xlink:href="rgld-20121231.xsd#DisclosureEarningsPerShareEPSDetails" />
  <link:roleRef roleURI="http://www.royalgold.com/role/DisclosureAcquisitionOfInternationalRoyaltyCorporationDetails" xlink:type="simple" xlink:href="rgld-20121231.xsd#DisclosureAcquisitionOfInternationalRoyaltyCorporationDetails" />
  <link:roleRef roleURI="http://www.royalgold.com/role/DisclosureFairValueMeasurementsDetails" xlink:type="simple" xlink:href="rgld-20121231.xsd#DisclosureFairValueMeasurementsDetails" />
  <link:calculationLink xlink:type="extended" xlink:role="http://www.royalgold.com/role/BalanceSheet">
    <link:loc xlink:type="locator" xlink:href="http://xbrl.fasb.org/us-gaap/2012/elts/us-gaap-2012-01-31.xsd#us-gaap_Assets" xlink:label="Assets" xlink:title="Assets" />
    <link:loc xlink:type="locator" xlink:href="http://xbrl.fasb.org/us-gaap/2012/elts/us-gaap-2012-01-31.xsd#us-gaap_AssetsCurrent" xlink:label="AssetsCurrent" xlink:title="AssetsCurrent" />
    <link:calculationArc xlink:type="arc" xlink:arcrole="http://www.xbrl.org/2003/arcrole/summation-item" xlink:from="Assets" xlink:to="AssetsCurrent" xlink:title="calculation: Assets to AssetsCurrent" use="optional" order="1.0" weight="1" />
    <link:loc xlink:type="locator" xlink:href="http://xbrl.fasb.org/us-gaap/2012/elts/us-gaap-2012-01-31.xsd#us-gaap_CashAndCashEquivalentsAtCarryingValue" xlink:label="CashAndCashEquivalentsAtCarryingValue" xlink:title="CashAndCashEquivalentsAtCarryingValue" />
    <link:calculationArc xlink:type="arc" xlink:arcrole="http://www.xbrl.org/2003/arcrole/summation-item" xlink:from="AssetsCurrent" xlink:to="CashAndCashEquivalentsAtCarryingValue" xlink:title="calculation: AssetsCurrent to CashAndCashEquivalentsAtCarryingValue" use="optional" order="1.0" weight="1" />
    <link:loc xlink:type="locator" xlink:href="rgld-20121231.xsd#rgld_RoyaltyReceivables" xlink:label="RoyaltyReceivables" xlink:title="RoyaltyReceivables" />
    <link:calculationArc xlink:type="arc" xlink:arcrole="http://www.xbrl.org/2003/arcrole/summation-item" xlink:from="AssetsCurrent" xlink:to="RoyaltyReceivables" xlink:title="calculation: AssetsCurrent to RoyaltyReceivables" use="optional" order="2.0" weight="1" />
    <link:loc xlink:type="locator" xlink:href="http://xbrl.fasb.org/us-gaap/2012/elts/us-gaap-2012-01-31.xsd#us-gaap_IncomeTaxesReceivable" xlink:label="IncomeTaxesReceivable" xlink:title="IncomeTaxesReceivable" />
    <link:calculationArc xlink:type="arc" xlink:arcrole="http://www.xbrl.org/2003/arcrole/summation-item" xlink:from="AssetsCurrent" xlink:to="IncomeTaxesReceivable" xlink:title="calculation: AssetsCurrent to IncomeTaxesReceivable" use="optional" order="3.0" weight="1" />
    <link:loc xlink:type="locator" xlink:href="http://xbrl.fasb.org/us-gaap/2012/elts/us-gaap-2012-01-31.xsd#us-gaap_PrepaidExpenseAndOtherAssetsCurrent" xlink:label="PrepaidExpenseAndOtherAssetsCurrent" xlink:title="PrepaidExpenseAndOtherAssetsCurrent" />
    <link:calculationArc xlink:type="arc" xlink:arcrole="http://www.xbrl.org/2003/arcrole/summation-item" xlink:from="AssetsCurrent" xlink:to="PrepaidExpenseAndOtherAssetsCurrent" xlink:title="calculation: AssetsCurrent to PrepaidExpenseAndOtherAssetsCurrent" order="4.0" weight="1" />
    <link:loc xlink:type="locator" xlink:href="http://xbrl.fasb.org/us-gaap/2012/elts/us-gaap-2012-01-31.xsd#us-gaap_MineralPropertiesNet" xlink:label="MineralPropertiesNet" xlink:title="MineralPropertiesNet" />
    <link:calculationArc xlink:type="arc" xlink:arcrole="http://www.xbrl.org/2003/arcrole/summation-item" xlink:from="Assets" xlink:to="MineralPropertiesNet" xlink:title="calculation: Assets to MineralPropertiesNet" use="optional" order="2.0" weight="1" />
    <link:loc xlink:type="locator" xlink:href="http://xbrl.fasb.org/us-gaap/2012/elts/us-gaap-2012-01-31.xsd#us-gaap_AvailableForSaleSecuritiesNoncurrent" xlink:label="AvailableForSaleSecuritiesNoncurrent" xlink:title="AvailableForSaleSecuritiesNoncurrent" />
    <link:calculationArc xlink:type="arc" xlink:arcrole="http://www.xbrl.org/2003/arcrole/summation-item" xlink:from="Assets" xlink:to="AvailableForSaleSecuritiesNoncurrent" xlink:title="calculation: Assets to AvailableForSaleSecuritiesNoncurrent" order="3.0" weight="1" />
    <link:loc xlink:type="locator" xlink:href="http://xbrl.fasb.org/us-gaap/2012/elts/us-gaap-2012-01-31.xsd#us-gaap_OtherAssetsNoncurrent" xlink:label="OtherAssetsNoncurrent" xlink:title="OtherAssetsNoncurrent" />
    <link:calculationArc xlink:type="arc" xlink:arcrole="http://www.xbrl.org/2003/arcrole/summation-item" xlink:from="Assets" xlink:to="OtherAssetsNoncurrent" xlink:title="calculation: Assets to OtherAssetsNoncurrent" use="optional" order="4.0" weight="1" />
    <link:loc xlink:type="locator" xlink:href="http://xbrl.fasb.org/us-gaap/2012/elts/us-gaap-2012-01-31.xsd#us-gaap_LiabilitiesAndStockholdersEquity" xlink:label="LiabilitiesAndStockholdersEquity" xlink:title="LiabilitiesAndStockholdersEquity" />
    <link:loc xlink:type="locator" xlink:href="http://xbrl.fasb.org/us-gaap/2012/elts/us-gaap-2012-01-31.xsd#us-gaap_Liabilities" xlink:label="Liabilities" xlink:title="Liabilities" />
    <link:calculationArc xlink:type="arc" xlink:arcrole="http://www.xbrl.org/2003/arcrole/summation-item" xlink:from="LiabilitiesAndStockholdersEquity" xlink:to="Liabilities" xlink:title="calculation: LiabilitiesAndStockholdersEquity to Liabilities" use="optional" order="1.0" weight="1" />
    <link:loc xlink:type="locator" xlink:href="http://xbrl.fasb.org/us-gaap/2012/elts/us-gaap-2012-01-31.xsd#us-gaap_LiabilitiesCurrent" xlink:label="LiabilitiesCurrent" xlink:title="LiabilitiesCurrent" />
    <link:calculationArc xlink:type="arc" xlink:arcrole="http://www.xbrl.org/2003/arcrole/summation-item" xlink:from="Liabilities" xlink:to="LiabilitiesCurrent" xlink:title="calculation: Liabilities to LiabilitiesCurrent" use="optional" order="1.0" weight="1" />
    <link:loc xlink:type="locator" xlink:href="http://xbrl.fasb.org/us-gaap/2012/elts/us-gaap-2012-01-31.xsd#us-gaap_AccountsPayableCurrent" xlink:label="AccountsPayableCurrent" xlink:title="AccountsPayableCurrent" />
    <link:calculationArc xlink:type="arc" xlink:arcrole="http://www.xbrl.org/2003/arcrole/summation-item" xlink:from="LiabilitiesCurrent" xlink:to="AccountsPayableCurrent" xlink:title="calculation: LiabilitiesCurrent to AccountsPayableCurrent" use="optional" order="1.0" weight="1" />
    <link:loc xlink:type="locator" xlink:href="http://xbrl.fasb.org/us-gaap/2012/elts/us-gaap-2012-01-31.xsd#us-gaap_DividendsPayableCurrent" xlink:label="DividendsPayableCurrent" xlink:title="DividendsPayableCurrent" />
    <link:calculationArc xlink:type="arc" xlink:arcrole="http://www.xbrl.org/2003/arcrole/summation-item" xlink:from="LiabilitiesCurrent" xlink:to="DividendsPayableCurrent" xlink:title="calculation: LiabilitiesCurrent to DividendsPayableCurrent" use="optional" order="2.0" weight="1" />
    <link:loc xlink:type="locator" xlink:href="http://xbrl.fasb.org/us-gaap/2012/elts/us-gaap-2012-01-31.xsd#us-gaap_AccruedIncomeTaxesCurrent" xlink:label="AccruedIncomeTaxesCurrent" xlink:title="AccruedIncomeTaxesCurrent" />
    <link:calculationArc xlink:type="arc" xlink:arcrole="http://www.xbrl.org/2003/arcrole/summation-item" xlink:from="LiabilitiesCurrent" xlink:to="AccruedIncomeTaxesCurrent" xlink:title="calculation: LiabilitiesCurrent to AccruedIncomeTaxesCurrent" use="optional" order="3.0" weight="1" />
    <link:loc xlink:type="locator" xlink:href="http://xbrl.fasb.org/us-gaap/2012/elts/us-gaap-2012-01-31.xsd#us-gaap_OtherLiabilitiesCurrent" xlink:label="OtherLiabilitiesCurrent" xlink:title="OtherLiabilitiesCurrent" />
    <link:calculationArc xlink:type="arc" xlink:arcrole="http://www.xbrl.org/2003/arcrole/summation-item" xlink:from="LiabilitiesCurrent" xlink:to="OtherLiabilitiesCurrent" xlink:title="calculation: LiabilitiesCurrent to OtherLiabilitiesCurrent" use="optional" order="4.0" weight="1" />
    <link:loc xlink:type="locator" xlink:href="http://xbrl.fasb.org/us-gaap/2012/elts/us-gaap-2012-01-31.xsd#us-gaap_LongTermDebtNoncurrent" xlink:label="LongTermDebtNoncurrent" xlink:title="LongTermDebtNoncurrent" />
    <link:calculationArc xlink:type="arc" xlink:arcrole="http://www.xbrl.org/2003/arcrole/summation-item" xlink:from="Liabilities" xlink:to="LongTermDebtNoncurrent" xlink:title="calculation: Liabilities to LongTermDebtNoncurrent" use="optional" order="2.0" weight="1" />
    <link:loc xlink:type="locator" xlink:href="http://xbrl.fasb.org/us-gaap/2012/elts/us-gaap-2012-01-31.xsd#us-gaap_DeferredTaxLiabilitiesNoncurrent" xlink:label="DeferredTaxLiabilitiesNoncurrent" xlink:title="DeferredTaxLiabilitiesNoncurrent" />
    <link:calculationArc xlink:type="arc" xlink:arcrole="http://www.xbrl.org/2003/arcrole/summation-item" xlink:from="Liabilities" xlink:to="DeferredTaxLiabilitiesNoncurrent" xlink:title="calculation: Liabilities to DeferredTaxLiabilitiesNoncurrent" order="3.0" weight="1" />
    <link:loc xlink:type="locator" xlink:href="http://xbrl.fasb.org/us-gaap/2012/elts/us-gaap-2012-01-31.xsd#us-gaap_LiabilityForUncertainTaxPositionsNoncurrent" xlink:label="LiabilityForUncertainTaxPositionsNoncurrent" xlink:title="LiabilityForUncertainTaxPositionsNoncurrent" />
    <link:calculationArc xlink:type="arc" xlink:arcrole="http://www.xbrl.org/2003/arcrole/summation-item" xlink:from="Liabilities" xlink:to="LiabilityForUncertainTaxPositionsNoncurrent" xlink:title="calculation: Liabilities to LiabilityForUncertainTaxPositionsNoncurrent" order="4.0" weight="1" />
    <link:loc xlink:type="locator" xlink:href="http://xbrl.fasb.org/us-gaap/2012/elts/us-gaap-2012-01-31.xsd#us-gaap_OtherLiabilitiesNoncurrent" xlink:label="OtherLiabilitiesNoncurrent" xlink:title="OtherLiabilitiesNoncurrent" />
    <link:calculationArc xlink:type="arc" xlink:arcrole="http://www.xbrl.org/2003/arcrole/summation-item" xlink:from="Liabilities" xlink:to="OtherLiabilitiesNoncurrent" xlink:title="calculation: Liabilities to OtherLiabilitiesNoncurrent" use="optional" order="5.0" weight="1" />
    <link:loc xlink:type="locator" xlink:href="http://xbrl.fasb.org/us-gaap/2012/elts/us-gaap-2012-01-31.xsd#us-gaap_StockholdersEquityIncludingPortionAttributableToNoncontrollingInterest" xlink:label="StockholdersEquityIncludingPortionAttributableToNoncontrollingInterest" xlink:title="StockholdersEquityIncludingPortionAttributableToNoncontrollingInterest" />
    <link:calculationArc xlink:type="arc" xlink:arcrole="http://www.xbrl.org/2003/arcrole/summation-item" xlink:from="LiabilitiesAndStockholdersEquity" xlink:to="StockholdersEquityIncludingPortionAttributableToNoncontrollingInterest" xlink:title="calculation: LiabilitiesAndStockholdersEquity to StockholdersEquityIncludingPortionAttributableToNoncontrollingInterest" use="optional" order="2.0" weight="1" />
    <link:loc xlink:type="locator" xlink:href="http://xbrl.fasb.org/us-gaap/2012/elts/us-gaap-2012-01-31.xsd#us-gaap_StockholdersEquity" xlink:label="StockholdersEquity" xlink:title="StockholdersEquity" />
    <link:calculationArc xlink:type="arc" xlink:arcrole="http://www.xbrl.org/2003/arcrole/summation-item" xlink:from="StockholdersEquityIncludingPortionAttributableToNoncontrollingInterest" xlink:to="StockholdersEquity" xlink:title="calculation: StockholdersEquityIncludingPortionAttributableToNoncontrollingInterest to StockholdersEquity" use="optional" order="1.0" weight="1" />
    <link:loc xlink:type="locator" xlink:href="http://xbrl.fasb.org/us-gaap/2012/elts/us-gaap-2012-01-31.xsd#us-gaap_PreferredStockValue" xlink:label="PreferredStockValue" xlink:title="PreferredStockValue" />
    <link:calculationArc xlink:type="arc" xlink:arcrole="http://www.xbrl.org/2003/arcrole/summation-item" xlink:from="StockholdersEquity" xlink:to="PreferredStockValue" xlink:title="calculation: StockholdersEquity to PreferredStockValue" use="optional" order="1.0" weight="1" />
    <link:loc xlink:type="locator" xlink:href="http://xbrl.fasb.org/us-gaap/2012/elts/us-gaap-2012-01-31.xsd#us-gaap_CommonStockValue" xlink:label="CommonStockValue" xlink:title="CommonStockValue" />
    <link:calculationArc xlink:type="arc" xlink:arcrole="http://www.xbrl.org/2003/arcrole/summation-item" xlink:from="StockholdersEquity" xlink:to="CommonStockValue" xlink:title="calculation: StockholdersEquity to CommonStockValue" use="optional" order="2.0" weight="1" />
    <link:loc xlink:type="locator" xlink:href="http://xbrl.fasb.org/us-gaap/2012/elts/us-gaap-2012-01-31.xsd#us-gaap_CommonStockOtherValueOutstanding" xlink:label="CommonStockOtherValueOutstanding" xlink:title="CommonStockOtherValueOutstanding" />
    <link:calculationArc xlink:type="arc" xlink:arcrole="http://www.xbrl.org/2003/arcrole/summation-item" xlink:from="StockholdersEquity" xlink:to="CommonStockOtherValueOutstanding" xlink:title="calculation: StockholdersEquity to CommonStockOtherValueOutstanding" use="optional" order="3.0" weight="1" />
    <link:loc xlink:type="locator" xlink:href="http://xbrl.fasb.org/us-gaap/2012/elts/us-gaap-2012-01-31.xsd#us-gaap_AdditionalPaidInCapital" xlink:label="AdditionalPaidInCapital" xlink:title="AdditionalPaidInCapital" />
    <link:calculationArc xlink:type="arc" xlink:arcrole="http://www.xbrl.org/2003/arcrole/summation-item" xlink:from="StockholdersEquity" xlink:to="AdditionalPaidInCapital" xlink:title="calculation: StockholdersEquity to AdditionalPaidInCapital" use="optional" order="4.0" weight="1" />
    <link:loc xlink:type="locator" xlink:href="http://xbrl.fasb.org/us-gaap/2012/elts/us-gaap-2012-01-31.xsd#us-gaap_AccumulatedOtherComprehensiveIncomeLossAvailableForSaleSecuritiesAdjustmentNetOfTax" xlink:label="AccumulatedOtherComprehensiveIncomeLossAvailableForSaleSecuritiesAdjustmentNetOfTax" xlink:title="AccumulatedOtherComprehensiveIncomeLossAvailableForSaleSecuritiesAdjustmentNetOfTax" />
    <link:calculationArc xlink:type="arc" xlink:arcrole="http://www.xbrl.org/2003/arcrole/summation-item" xlink:from="StockholdersEquity" xlink:to="AccumulatedOtherComprehensiveIncomeLossAvailableForSaleSecuritiesAdjustmentNetOfTax" xlink:title="calculation: StockholdersEquity to AccumulatedOtherComprehensiveIncomeLossAvailableForSaleSecuritiesAdjustmentNetOfTax" order="5.0" weight="1" />
    <link:loc xlink:type="locator" xlink:href="http://xbrl.fasb.org/us-gaap/2012/elts/us-gaap-2012-01-31.xsd#us-gaap_RetainedEarningsAccumulatedDeficit" xlink:label="RetainedEarningsAccumulatedDeficit" xlink:title="RetainedEarningsAccumulatedDeficit" />
    <link:calculationArc xlink:type="arc" xlink:arcrole="http://www.xbrl.org/2003/arcrole/summation-item" xlink:from="StockholdersEquity" xlink:to="RetainedEarningsAccumulatedDeficit" xlink:title="calculation: StockholdersEquity to RetainedEarningsAccumulatedDeficit" use="optional" order="6.0" weight="1" />
    <link:loc xlink:type="locator" xlink:href="http://xbrl.fasb.org/us-gaap/2012/elts/us-gaap-2012-01-31.xsd#us-gaap_MinorityInterest" xlink:label="MinorityInterest" xlink:title="MinorityInterest" />
    <link:calculationArc xlink:type="arc" xlink:arcrole="http://www.xbrl.org/2003/arcrole/summation-item" xlink:from="StockholdersEquityIncludingPortionAttributableToNoncontrollingInterest" xlink:to="MinorityInterest" xlink:title="calculation: StockholdersEquityIncludingPortionAttributableToNoncontrollingInterest to MinorityInterest" use="optional" order="2.0" weight="1" />
  </link:calculationLink>
  <link:calculationLink xlink:type="extended" xlink:role="http://www.royalgold.com/role/StatementOfIncome">
    <link:loc xlink:type="locator" xlink:href="http://xbrl.fasb.org/us-gaap/2012/elts/us-gaap-2012-01-31.xsd#us-gaap_NetIncomeLossAvailableToCommonStockholdersBasic" xlink:label="NetIncomeLossAvailableToCommonStockholdersBasic" xlink:title="NetIncomeLossAvailableToCommonStockholdersBasic" />
    <link:loc xlink:type="locator" xlink:href="http://xbrl.fasb.org/us-gaap/2012/elts/us-gaap-2012-01-31.xsd#us-gaap_ProfitLoss" xlink:label="ProfitLoss" xlink:title="ProfitLoss" />
    <link:calculationArc xlink:type="arc" xlink:arcrole="http://www.xbrl.org/2003/arcrole/summation-item" xlink:from="NetIncomeLossAvailableToCommonStockholdersBasic" xlink:to="ProfitLoss" xlink:title="calculation: NetIncomeLossAvailableToCommonStockholdersBasic to ProfitLoss" use="optional" order="1.0" weight="1" />
    <link:loc xlink:type="locator" xlink:href="http://xbrl.fasb.org/us-gaap/2012/elts/us-gaap-2012-01-31.xsd#us-gaap_IncomeLossFromContinuingOperationsBeforeIncomeTaxesMinorityInterestAndIncomeLossFromEquityMethodInvestments" xlink:label="IncomeLossFromContinuingOperationsBeforeIncomeTaxesMinorityInterestAndIncomeLossFromEquityMethodInvestments" xlink:title="IncomeLossFromContinuingOperationsBeforeIncomeTaxesMinorityInterestAndIncomeLossFromEquityMethodInvestments" />
    <link:calculationArc xlink:type="arc" xlink:arcrole="http://www.xbrl.org/2003/arcrole/summation-item" xlink:from="ProfitLoss" xlink:to="IncomeLossFromContinuingOperationsBeforeIncomeTaxesMinorityInterestAndIncomeLossFromEquityMethodInvestments" xlink:title="calculation: ProfitLoss to IncomeLossFromContinuingOperationsBeforeIncomeTaxesMinorityInterestAndIncomeLossFromEquityMethodInvestments" use="optional" order="1.0" weight="1" />
    <link:loc xlink:type="locator" xlink:href="http://xbrl.fasb.org/us-gaap/2012/elts/us-gaap-2012-01-31.xsd#us-gaap_OperatingIncomeLoss" xlink:label="OperatingIncomeLoss" xlink:title="OperatingIncomeLoss" />
    <link:calculationArc xlink:type="arc" xlink:arcrole="http://www.xbrl.org/2003/arcrole/summation-item" xlink:from="IncomeLossFromContinuingOperationsBeforeIncomeTaxesMinorityInterestAndIncomeLossFromEquityMethodInvestments" xlink:to="OperatingIncomeLoss" xlink:title="calculation: IncomeLossFromContinuingOperationsBeforeIncomeTaxesMinorityInterestAndIncomeLossFromEquityMethodInvestments to OperatingIncomeLoss" use="optional" order="1.0" weight="1" />
    <link:loc xlink:type="locator" xlink:href="http://xbrl.fasb.org/us-gaap/2012/elts/us-gaap-2012-01-31.xsd#us-gaap_RoyaltyRevenue" xlink:label="RoyaltyRevenue" xlink:title="RoyaltyRevenue" />
    <link:calculationArc xlink:type="arc" xlink:arcrole="http://www.xbrl.org/2003/arcrole/summation-item" xlink:from="OperatingIncomeLoss" xlink:to="RoyaltyRevenue" xlink:title="calculation: OperatingIncomeLoss to RoyaltyRevenue" use="optional" order="1.0" weight="1" />
    <link:loc xlink:type="locator" xlink:href="http://xbrl.fasb.org/us-gaap/2012/elts/us-gaap-2012-01-31.xsd#us-gaap_OperatingExpenses" xlink:label="OperatingExpenses" xlink:title="OperatingExpenses" />
    <link:calculationArc xlink:type="arc" xlink:arcrole="http://www.xbrl.org/2003/arcrole/summation-item" xlink:from="OperatingIncomeLoss" xlink:to="OperatingExpenses" xlink:title="calculation: OperatingIncomeLoss to OperatingExpenses" use="optional" order="2.0" weight="-1" />
    <link:loc xlink:type="locator" xlink:href="http://xbrl.fasb.org/us-gaap/2012/elts/us-gaap-2012-01-31.xsd#us-gaap_GeneralAndAdministrativeExpense" xlink:label="GeneralAndAdministrativeExpense" xlink:title="GeneralAndAdministrativeExpense" />
    <link:calculationArc xlink:type="arc" xlink:arcrole="http://www.xbrl.org/2003/arcrole/summation-item" xlink:from="OperatingExpenses" xlink:to="GeneralAndAdministrativeExpense" xlink:title="calculation: OperatingExpenses to GeneralAndAdministrativeExpense" use="optional" order="1.0" weight="1" />
    <link:loc xlink:type="locator" xlink:href="http://xbrl.fasb.org/us-gaap/2012/elts/us-gaap-2012-01-31.xsd#us-gaap_TaxesExcludingIncomeAndExciseTaxes" xlink:label="TaxesExcludingIncomeAndExciseTaxes" xlink:title="TaxesExcludingIncomeAndExciseTaxes" />
    <link:calculationArc xlink:type="arc" xlink:arcrole="http://www.xbrl.org/2003/arcrole/summation-item" xlink:from="OperatingExpenses" xlink:to="TaxesExcludingIncomeAndExciseTaxes" xlink:title="calculation: OperatingExpenses to TaxesExcludingIncomeAndExciseTaxes" use="optional" order="2.0" weight="1" />
    <link:loc xlink:type="locator" xlink:href="http://xbrl.fasb.org/us-gaap/2012/elts/us-gaap-2012-01-31.xsd#us-gaap_DepreciationDepletionAndAmortization" xlink:label="DepreciationDepletionAndAmortization" xlink:title="DepreciationDepletionAndAmortization" />
    <link:calculationArc xlink:type="arc" xlink:arcrole="http://www.xbrl.org/2003/arcrole/summation-item" xlink:from="OperatingExpenses" xlink:to="DepreciationDepletionAndAmortization" xlink:title="calculation: OperatingExpenses to DepreciationDepletionAndAmortization" use="optional" order="3.0" weight="1" />
    <link:loc xlink:type="locator" xlink:href="rgld-20121231.xsd#rgld_GainsLossesOnRestructuringOfRoyalties" xlink:label="GainsLossesOnRestructuringOfRoyalties" xlink:title="GainsLossesOnRestructuringOfRoyalties" />
    <link:calculationArc xlink:type="arc" xlink:arcrole="http://www.xbrl.org/2003/arcrole/summation-item" xlink:from="OperatingExpenses" xlink:to="GainsLossesOnRestructuringOfRoyalties" xlink:title="calculation: OperatingExpenses to GainsLossesOnRestructuringOfRoyalties" use="optional" order="4.0" weight="-1" />
    <link:loc xlink:type="locator" xlink:href="http://xbrl.fasb.org/us-gaap/2012/elts/us-gaap-2012-01-31.xsd#us-gaap_InterestAndOtherIncome" xlink:label="InterestAndOtherIncome" xlink:title="InterestAndOtherIncome" />
    <link:calculationArc xlink:type="arc" xlink:arcrole="http://www.xbrl.org/2003/arcrole/summation-item" xlink:from="IncomeLossFromContinuingOperationsBeforeIncomeTaxesMinorityInterestAndIncomeLossFromEquityMethodInvestments" xlink:to="InterestAndOtherIncome" xlink:title="calculation: IncomeLossFromContinuingOperationsBeforeIncomeTaxesMinorityInterestAndIncomeLossFromEquityMethodInvestments to InterestAndOtherIncome" order="2.0" weight="1" />
    <link:loc xlink:type="locator" xlink:href="rgld-20121231.xsd#rgld_InterestAndOtherExpense" xlink:label="InterestAndOtherExpense" xlink:title="InterestAndOtherExpense" />
    <link:calculationArc xlink:type="arc" xlink:arcrole="http://www.xbrl.org/2003/arcrole/summation-item" xlink:from="IncomeLossFromContinuingOperationsBeforeIncomeTaxesMinorityInterestAndIncomeLossFromEquityMethodInvestments" xlink:to="InterestAndOtherExpense" xlink:title="calculation: IncomeLossFromContinuingOperationsBeforeIncomeTaxesMinorityInterestAndIncomeLossFromEquityMethodInvestments to InterestAndOtherExpense" use="optional" order="3.0" weight="-1" />
    <link:loc xlink:type="locator" xlink:href="http://xbrl.fasb.org/us-gaap/2012/elts/us-gaap-2012-01-31.xsd#us-gaap_IncomeTaxExpenseBenefit" xlink:label="IncomeTaxExpenseBenefit" xlink:title="IncomeTaxExpenseBenefit" />
    <link:calculationArc xlink:type="arc" xlink:arcrole="http://www.xbrl.org/2003/arcrole/summation-item" xlink:from="ProfitLoss" xlink:to="IncomeTaxExpenseBenefit" xlink:title="calculation: ProfitLoss to IncomeTaxExpenseBenefit" use="optional" order="2.0" weight="-1" />
    <link:loc xlink:type="locator" xlink:href="http://xbrl.fasb.org/us-gaap/2012/elts/us-gaap-2012-01-31.xsd#us-gaap_NetIncomeLossAttributableToNoncontrollingInterest" xlink:label="NetIncomeLossAttributableToNoncontrollingInterest" xlink:title="NetIncomeLossAttributableToNoncontrollingInterest" />
    <link:calculationArc xlink:type="arc" xlink:arcrole="http://www.xbrl.org/2003/arcrole/summation-item" xlink:from="NetIncomeLossAvailableToCommonStockholdersBasic" xlink:to="NetIncomeLossAttributableToNoncontrollingInterest" xlink:title="calculation: NetIncomeLossAvailableToCommonStockholdersBasic to NetIncomeLossAttributableToNoncontrollingInterest" use="optional" order="2.0" weight="-1" />
  </link:calculationLink>
  <link:calculationLink xlink:type="extended" xlink:role="http://www.royalgold.com/role/StatementOfIncomeCalc2">
    <link:loc xlink:type="locator" xlink:href="http://xbrl.fasb.org/us-gaap/2012/elts/us-gaap-2012-01-31.xsd#us-gaap_ComprehensiveIncomeNetOfTax" xlink:label="ComprehensiveIncomeNetOfTax" xlink:title="ComprehensiveIncomeNetOfTax" />
    <link:loc xlink:type="locator" xlink:href="http://xbrl.fasb.org/us-gaap/2012/elts/us-gaap-2012-01-31.xsd#us-gaap_ComprehensiveIncomeNetOfTaxIncludingPortionAttributableToNoncontrollingInterest" xlink:label="ComprehensiveIncomeNetOfTaxIncludingPortionAttributableToNoncontrollingInterest" xlink:title="ComprehensiveIncomeNetOfTaxIncludingPortionAttributableToNoncontrollingInterest" />
    <link:calculationArc xlink:type="arc" xlink:arcrole="http://www.xbrl.org/2003/arcrole/summation-item" xlink:from="ComprehensiveIncomeNetOfTax" xlink:to="ComprehensiveIncomeNetOfTaxIncludingPortionAttributableToNoncontrollingInterest" xlink:title="calculation: ComprehensiveIncomeNetOfTax to ComprehensiveIncomeNetOfTaxIncludingPortionAttributableToNoncontrollingInterest" use="optional" order="1.0" weight="1" />
    <link:loc xlink:type="locator" xlink:href="http://xbrl.fasb.org/us-gaap/2012/elts/us-gaap-2012-01-31.xsd#us-gaap_ProfitLoss" xlink:label="ProfitLoss" xlink:title="ProfitLoss" />
    <link:calculationArc xlink:type="arc" xlink:arcrole="http://www.xbrl.org/2003/arcrole/summation-item" xlink:from="ComprehensiveIncomeNetOfTaxIncludingPortionAttributableToNoncontrollingInterest" xlink:to="ProfitLoss" xlink:title="calculation: ComprehensiveIncomeNetOfTaxIncludingPortionAttributableToNoncontrollingInterest to ProfitLoss" use="optional" order="1.0" weight="1" />
    <link:loc xlink:type="locator" xlink:href="http://xbrl.fasb.org/us-gaap/2012/elts/us-gaap-2012-01-31.xsd#us-gaap_OtherComprehensiveIncomeLossAvailableForSaleSecuritiesAdjustmentNetOfTax" xlink:label="OtherComprehensiveIncomeLossAvailableForSaleSecuritiesAdjustmentNetOfTax" xlink:title="OtherComprehensiveIncomeLossAvailableForSaleSecuritiesAdjustmentNetOfTax" />
    <link:calculationArc xlink:type="arc" xlink:arcrole="http://www.xbrl.org/2003/arcrole/summation-item" xlink:from="ComprehensiveIncomeNetOfTaxIncludingPortionAttributableToNoncontrollingInterest" xlink:to="OtherComprehensiveIncomeLossAvailableForSaleSecuritiesAdjustmentNetOfTax" xlink:title="calculation: ComprehensiveIncomeNetOfTaxIncludingPortionAttributableToNoncontrollingInterest to OtherComprehensiveIncomeLossAvailableForSaleSecuritiesAdjustmentNetOfTax" order="2.0" weight="1" />
    <link:loc xlink:type="locator" xlink:href="http://xbrl.fasb.org/us-gaap/2012/elts/us-gaap-2012-01-31.xsd#us-gaap_ComprehensiveIncomeNetOfTaxAttributableToNoncontrollingInterest" xlink:label="ComprehensiveIncomeNetOfTaxAttributableToNoncontrollingInterest" xlink:title="ComprehensiveIncomeNetOfTaxAttributableToNoncontrollingInterest" />
    <link:calculationArc xlink:type="arc" xlink:arcrole="http://www.xbrl.org/2003/arcrole/summation-item" xlink:from="ComprehensiveIncomeNetOfTax" xlink:to="ComprehensiveIncomeNetOfTaxAttributableToNoncontrollingInterest" xlink:title="calculation: ComprehensiveIncomeNetOfTax to ComprehensiveIncomeNetOfTaxAttributableToNoncontrollingInterest" use="optional" order="2.0" weight="-1" />
  </link:calculationLink>
  <link:calculationLink xlink:type="extended" xlink:role="http://www.royalgold.com/role/CashFlows">
    <link:loc xlink:type="locator" xlink:href="http://xbrl.fasb.org/us-gaap/2012/elts/us-gaap-2012-01-31.xsd#us-gaap_NetCashProvidedByUsedInContinuingOperations" xlink:label="NetCashProvidedByUsedInContinuingOperations" xlink:title="NetCashProvidedByUsedInContinuingOperations" />
    <link:loc xlink:type="locator" xlink:href="http://xbrl.fasb.org/us-gaap/2012/elts/us-gaap-2012-01-31.xsd#us-gaap_NetCashProvidedByUsedInOperatingActivitiesContinuingOperations" xlink:label="NetCashProvidedByUsedInOperatingActivitiesContinuingOperations" xlink:title="NetCashProvidedByUsedInOperatingActivitiesContinuingOperations" />
    <link:calculationArc xlink:type="arc" xlink:arcrole="http://www.xbrl.org/2003/arcrole/summation-item" xlink:from="NetCashProvidedByUsedInContinuingOperations" xlink:to="NetCashProvidedByUsedInOperatingActivitiesContinuingOperations" xlink:title="calculation: NetCashProvidedByUsedInContinuingOperations to NetCashProvidedByUsedInOperatingActivitiesContinuingOperations" use="optional" order="1.0" weight="1" />
    <link:loc xlink:type="locator" xlink:href="http://xbrl.fasb.org/us-gaap/2012/elts/us-gaap-2012-01-31.xsd#us-gaap_ProfitLoss" xlink:label="ProfitLoss" xlink:title="ProfitLoss" />
    <link:calculationArc xlink:type="arc" xlink:arcrole="http://www.xbrl.org/2003/arcrole/summation-item" xlink:from="NetCashProvidedByUsedInOperatingActivitiesContinuingOperations" xlink:to="ProfitLoss" xlink:title="calculation: NetCashProvidedByUsedInOperatingActivitiesContinuingOperations to ProfitLoss" use="optional" order="1.0" weight="1" />
    <link:loc xlink:type="locator" xlink:href="http://xbrl.fasb.org/us-gaap/2012/elts/us-gaap-2012-01-31.xsd#us-gaap_DepreciationDepletionAndAmortization" xlink:label="DepreciationDepletionAndAmortization" xlink:title="DepreciationDepletionAndAmortization" />
    <link:calculationArc xlink:type="arc" xlink:arcrole="http://www.xbrl.org/2003/arcrole/summation-item" xlink:from="NetCashProvidedByUsedInOperatingActivitiesContinuingOperations" xlink:to="DepreciationDepletionAndAmortization" xlink:title="calculation: NetCashProvidedByUsedInOperatingActivitiesContinuingOperations to DepreciationDepletionAndAmortization" use="optional" order="2.0" weight="1" />
    <link:loc xlink:type="locator" xlink:href="rgld-20121231.xsd#rgld_GainOnDistributionToNoncontrollingInterest" xlink:label="GainOnDistributionToNoncontrollingInterest" xlink:title="GainOnDistributionToNoncontrollingInterest" />
    <link:calculationArc xlink:type="arc" xlink:arcrole="http://www.xbrl.org/2003/arcrole/summation-item" xlink:from="NetCashProvidedByUsedInOperatingActivitiesContinuingOperations" xlink:to="GainOnDistributionToNoncontrollingInterest" xlink:title="calculation: NetCashProvidedByUsedInOperatingActivitiesContinuingOperations to GainOnDistributionToNoncontrollingInterest" use="optional" order="3.0" weight="-1" />
    <link:loc xlink:type="locator" xlink:href="http://xbrl.fasb.org/us-gaap/2012/elts/us-gaap-2012-01-31.xsd#us-gaap_ShareBasedCompensation" xlink:label="ShareBasedCompensation" xlink:title="ShareBasedCompensation" />
    <link:calculationArc xlink:type="arc" xlink:arcrole="http://www.xbrl.org/2003/arcrole/summation-item" xlink:from="NetCashProvidedByUsedInOperatingActivitiesContinuingOperations" xlink:to="ShareBasedCompensation" xlink:title="calculation: NetCashProvidedByUsedInOperatingActivitiesContinuingOperations to ShareBasedCompensation" use="optional" order="4.0" weight="1" />
    <link:loc xlink:type="locator" xlink:href="http://xbrl.fasb.org/us-gaap/2012/elts/us-gaap-2012-01-31.xsd#us-gaap_TaxBenefitFromStockOptionsExercised1" xlink:label="TaxBenefitFromStockOptionsExercised1" xlink:title="TaxBenefitFromStockOptionsExercised1" />
    <link:calculationArc xlink:type="arc" xlink:arcrole="http://www.xbrl.org/2003/arcrole/summation-item" xlink:from="NetCashProvidedByUsedInOperatingActivitiesContinuingOperations" xlink:to="TaxBenefitFromStockOptionsExercised1" xlink:title="calculation: NetCashProvidedByUsedInOperatingActivitiesContinuingOperations to TaxBenefitFromStockOptionsExercised1" use="optional" order="5.0" weight="1" />
    <link:loc xlink:type="locator" xlink:href="rgld-20121231.xsd#rgld_GainsLossesOnRestructuringOfRoyalties" xlink:label="GainsLossesOnRestructuringOfRoyalties" xlink:title="GainsLossesOnRestructuringOfRoyalties" />
    <link:calculationArc xlink:type="arc" xlink:arcrole="http://www.xbrl.org/2003/arcrole/summation-item" xlink:from="NetCashProvidedByUsedInOperatingActivitiesContinuingOperations" xlink:to="GainsLossesOnRestructuringOfRoyalties" xlink:title="calculation: NetCashProvidedByUsedInOperatingActivitiesContinuingOperations to GainsLossesOnRestructuringOfRoyalties" use="optional" order="6.0" weight="-1" />
    <link:loc xlink:type="locator" xlink:href="http://xbrl.fasb.org/us-gaap/2012/elts/us-gaap-2012-01-31.xsd#us-gaap_DeferredIncomeTaxExpenseBenefit" xlink:label="DeferredIncomeTaxExpenseBenefit" xlink:title="DeferredIncomeTaxExpenseBenefit" />
    <link:calculationArc xlink:type="arc" xlink:arcrole="http://www.xbrl.org/2003/arcrole/summation-item" xlink:from="NetCashProvidedByUsedInOperatingActivitiesContinuingOperations" xlink:to="DeferredIncomeTaxExpenseBenefit" xlink:title="calculation: NetCashProvidedByUsedInOperatingActivitiesContinuingOperations to DeferredIncomeTaxExpenseBenefit" use="optional" order="7.0" weight="1" />
    <link:loc xlink:type="locator" xlink:href="http://xbrl.fasb.org/us-gaap/2012/elts/us-gaap-2012-01-31.xsd#us-gaap_AmortizationOfDebtDiscountPremium" xlink:label="AmortizationOfDebtDiscountPremium" xlink:title="AmortizationOfDebtDiscountPremium" />
    <link:calculationArc xlink:type="arc" xlink:arcrole="http://www.xbrl.org/2003/arcrole/summation-item" xlink:from="NetCashProvidedByUsedInOperatingActivitiesContinuingOperations" xlink:to="AmortizationOfDebtDiscountPremium" xlink:title="calculation: NetCashProvidedByUsedInOperatingActivitiesContinuingOperations to AmortizationOfDebtDiscountPremium" use="optional" order="8.0" weight="1" />
    <link:loc xlink:type="locator" xlink:href="http://xbrl.fasb.org/us-gaap/2012/elts/us-gaap-2012-01-31.xsd#us-gaap_IncreaseDecreaseInReceivables" xlink:label="IncreaseDecreaseInReceivables" xlink:title="IncreaseDecreaseInReceivables" />
    <link:calculationArc xlink:type="arc" xlink:arcrole="http://www.xbrl.org/2003/arcrole/summation-item" xlink:from="NetCashProvidedByUsedInOperatingActivitiesContinuingOperations" xlink:to="IncreaseDecreaseInReceivables" xlink:title="calculation: NetCashProvidedByUsedInOperatingActivitiesContinuingOperations to IncreaseDecreaseInReceivables" use="optional" order="9.0" weight="-1" />
    <link:loc xlink:type="locator" xlink:href="http://xbrl.fasb.org/us-gaap/2012/elts/us-gaap-2012-01-31.xsd#us-gaap_IncreaseDecreaseInPrepaidDeferredExpenseAndOtherAssets" xlink:label="IncreaseDecreaseInPrepaidDeferredExpenseAndOtherAssets" xlink:title="IncreaseDecreaseInPrepaidDeferredExpenseAndOtherAssets" />
    <link:calculationArc xlink:type="arc" xlink:arcrole="http://www.xbrl.org/2003/arcrole/summation-item" xlink:from="NetCashProvidedByUsedInOperatingActivitiesContinuingOperations" xlink:to="IncreaseDecreaseInPrepaidDeferredExpenseAndOtherAssets" xlink:title="calculation: NetCashProvidedByUsedInOperatingActivitiesContinuingOperations to IncreaseDecreaseInPrepaidDeferredExpenseAndOtherAssets" use="optional" order="10.0" weight="-1" />
    <link:loc xlink:type="locator" xlink:href="http://xbrl.fasb.org/us-gaap/2012/elts/us-gaap-2012-01-31.xsd#us-gaap_IncreaseDecreaseInAccountsPayable" xlink:label="IncreaseDecreaseInAccountsPayable" xlink:title="IncreaseDecreaseInAccountsPayable" />
    <link:calculationArc xlink:type="arc" xlink:arcrole="http://www.xbrl.org/2003/arcrole/summation-item" xlink:from="NetCashProvidedByUsedInOperatingActivitiesContinuingOperations" xlink:to="IncreaseDecreaseInAccountsPayable" xlink:title="calculation: NetCashProvidedByUsedInOperatingActivitiesContinuingOperations to IncreaseDecreaseInAccountsPayable" use="optional" order="11.0" weight="1" />
    <link:loc xlink:type="locator" xlink:href="http://xbrl.fasb.org/us-gaap/2012/elts/us-gaap-2012-01-31.xsd#us-gaap_IncreaseDecreaseInAccruedIncomeTaxesPayable" xlink:label="IncreaseDecreaseInAccruedIncomeTaxesPayable" xlink:title="IncreaseDecreaseInAccruedIncomeTaxesPayable" />
    <link:calculationArc xlink:type="arc" xlink:arcrole="http://www.xbrl.org/2003/arcrole/summation-item" xlink:from="NetCashProvidedByUsedInOperatingActivitiesContinuingOperations" xlink:to="IncreaseDecreaseInAccruedIncomeTaxesPayable" xlink:title="calculation: NetCashProvidedByUsedInOperatingActivitiesContinuingOperations to IncreaseDecreaseInAccruedIncomeTaxesPayable" use="optional" order="12.0" weight="1" />
    <link:loc xlink:type="locator" xlink:href="http://xbrl.fasb.org/us-gaap/2012/elts/us-gaap-2012-01-31.xsd#us-gaap_IncreaseDecreaseInOtherOperatingLiabilities" xlink:label="IncreaseDecreaseInOtherOperatingLiabilities" xlink:title="IncreaseDecreaseInOtherOperatingLiabilities" />
    <link:calculationArc xlink:type="arc" xlink:arcrole="http://www.xbrl.org/2003/arcrole/summation-item" xlink:from="NetCashProvidedByUsedInOperatingActivitiesContinuingOperations" xlink:to="IncreaseDecreaseInOtherOperatingLiabilities" xlink:title="calculation: NetCashProvidedByUsedInOperatingActivitiesContinuingOperations to IncreaseDecreaseInOtherOperatingLiabilities" use="optional" order="13.0" weight="1" />
    <link:loc xlink:type="locator" xlink:href="http://xbrl.fasb.org/us-gaap/2012/elts/us-gaap-2012-01-31.xsd#us-gaap_NetCashProvidedByUsedInInvestingActivitiesContinuingOperations" xlink:label="NetCashProvidedByUsedInInvestingActivitiesContinuingOperations" xlink:title="NetCashProvidedByUsedInInvestingActivitiesContinuingOperations" />
    <link:calculationArc xlink:type="arc" xlink:arcrole="http://www.xbrl.org/2003/arcrole/summation-item" xlink:from="NetCashProvidedByUsedInContinuingOperations" xlink:to="NetCashProvidedByUsedInInvestingActivitiesContinuingOperations" xlink:title="calculation: NetCashProvidedByUsedInContinuingOperations to NetCashProvidedByUsedInInvestingActivitiesContinuingOperations" use="optional" order="2.0" weight="1" />
    <link:loc xlink:type="locator" xlink:href="http://xbrl.fasb.org/us-gaap/2012/elts/us-gaap-2012-01-31.xsd#us-gaap_PaymentsToAcquireRoyaltyInterestsInMiningProperties" xlink:label="PaymentsToAcquireRoyaltyInterestsInMiningProperties" xlink:title="PaymentsToAcquireRoyaltyInterestsInMiningProperties" />
    <link:calculationArc xlink:type="arc" xlink:arcrole="http://www.xbrl.org/2003/arcrole/summation-item" xlink:from="NetCashProvidedByUsedInInvestingActivitiesContinuingOperations" xlink:to="PaymentsToAcquireRoyaltyInterestsInMiningProperties" xlink:title="calculation: NetCashProvidedByUsedInInvestingActivitiesContinuingOperations to PaymentsToAcquireRoyaltyInterestsInMiningProperties" use="optional" order="1.0" weight="-1" />
    <link:loc xlink:type="locator" xlink:href="rgld-20121231.xsd#rgld_ProceedsOnSaleOfInventoryRestricted" xlink:label="ProceedsOnSaleOfInventoryRestricted" xlink:title="ProceedsOnSaleOfInventoryRestricted" />
    <link:calculationArc xlink:type="arc" xlink:arcrole="http://www.xbrl.org/2003/arcrole/summation-item" xlink:from="NetCashProvidedByUsedInInvestingActivitiesContinuingOperations" xlink:to="ProceedsOnSaleOfInventoryRestricted" xlink:title="calculation: NetCashProvidedByUsedInInvestingActivitiesContinuingOperations to ProceedsOnSaleOfInventoryRestricted" use="optional" order="2.0" weight="1" />
    <link:loc xlink:type="locator" xlink:href="http://xbrl.fasb.org/us-gaap/2012/elts/us-gaap-2012-01-31.xsd#us-gaap_PaymentsForProceedsFromOtherInvestingActivities" xlink:label="PaymentsForProceedsFromOtherInvestingActivities" xlink:title="PaymentsForProceedsFromOtherInvestingActivities" />
    <link:calculationArc xlink:type="arc" xlink:arcrole="http://www.xbrl.org/2003/arcrole/summation-item" xlink:from="NetCashProvidedByUsedInInvestingActivitiesContinuingOperations" xlink:to="PaymentsForProceedsFromOtherInvestingActivities" xlink:title="calculation: NetCashProvidedByUsedInInvestingActivitiesContinuingOperations to PaymentsForProceedsFromOtherInvestingActivities" use="optional" order="3.0" weight="-1" />
    <link:loc xlink:type="locator" xlink:href="http://xbrl.fasb.org/us-gaap/2012/elts/us-gaap-2012-01-31.xsd#us-gaap_NetCashProvidedByUsedInFinancingActivitiesContinuingOperations" xlink:label="NetCashProvidedByUsedInFinancingActivitiesContinuingOperations" xlink:title="NetCashProvidedByUsedInFinancingActivitiesContinuingOperations" />
    <link:calculationArc xlink:type="arc" xlink:arcrole="http://www.xbrl.org/2003/arcrole/summation-item" xlink:from="NetCashProvidedByUsedInContinuingOperations" xlink:to="NetCashProvidedByUsedInFinancingActivitiesContinuingOperations" xlink:title="calculation: NetCashProvidedByUsedInContinuingOperations to NetCashProvidedByUsedInFinancingActivitiesContinuingOperations" use="optional" order="3.0" weight="1" />
    <link:loc xlink:type="locator" xlink:href="http://xbrl.fasb.org/us-gaap/2012/elts/us-gaap-2012-01-31.xsd#us-gaap_ProceedsFromLinesOfCredit" xlink:label="ProceedsFromLinesOfCredit" xlink:title="ProceedsFromLinesOfCredit" />
    <link:calculationArc xlink:type="arc" xlink:arcrole="http://www.xbrl.org/2003/arcrole/summation-item" xlink:from="NetCashProvidedByUsedInFinancingActivitiesContinuingOperations" xlink:to="ProceedsFromLinesOfCredit" xlink:title="calculation: NetCashProvidedByUsedInFinancingActivitiesContinuingOperations to ProceedsFromLinesOfCredit" use="optional" order="1.0" weight="1" />
    <link:loc xlink:type="locator" xlink:href="http://xbrl.fasb.org/us-gaap/2012/elts/us-gaap-2012-01-31.xsd#us-gaap_RepaymentsOfLongTermDebt" xlink:label="RepaymentsOfLongTermDebt" xlink:title="RepaymentsOfLongTermDebt" />
    <link:calculationArc xlink:type="arc" xlink:arcrole="http://www.xbrl.org/2003/arcrole/summation-item" xlink:from="NetCashProvidedByUsedInFinancingActivitiesContinuingOperations" xlink:to="RepaymentsOfLongTermDebt" xlink:title="calculation: NetCashProvidedByUsedInFinancingActivitiesContinuingOperations to RepaymentsOfLongTermDebt" use="optional" order="2.0" weight="-1" />
    <link:loc xlink:type="locator" xlink:href="http://xbrl.fasb.org/us-gaap/2012/elts/us-gaap-2012-01-31.xsd#us-gaap_PaymentsOfDividendsCommonStock" xlink:label="PaymentsOfDividendsCommonStock" xlink:title="PaymentsOfDividendsCommonStock" />
    <link:calculationArc xlink:type="arc" xlink:arcrole="http://www.xbrl.org/2003/arcrole/summation-item" xlink:from="NetCashProvidedByUsedInFinancingActivitiesContinuingOperations" xlink:to="PaymentsOfDividendsCommonStock" xlink:title="calculation: NetCashProvidedByUsedInFinancingActivitiesContinuingOperations to PaymentsOfDividendsCommonStock" use="optional" order="3.0" weight="-1" />
    <link:loc xlink:type="locator" xlink:href="http://xbrl.fasb.org/us-gaap/2012/elts/us-gaap-2012-01-31.xsd#us-gaap_PaymentsToMinorityShareholders" xlink:label="PaymentsToMinorityShareholders" xlink:title="PaymentsToMinorityShareholders" />
    <link:calculationArc xlink:type="arc" xlink:arcrole="http://www.xbrl.org/2003/arcrole/summation-item" xlink:from="NetCashProvidedByUsedInFinancingActivitiesContinuingOperations" xlink:to="PaymentsToMinorityShareholders" xlink:title="calculation: NetCashProvidedByUsedInFinancingActivitiesContinuingOperations to PaymentsToMinorityShareholders" use="optional" order="4.0" weight="-1" />
    <link:loc xlink:type="locator" xlink:href="http://xbrl.fasb.org/us-gaap/2012/elts/us-gaap-2012-01-31.xsd#us-gaap_ProceedsFromIssuanceOfCommonStock" xlink:label="ProceedsFromIssuanceOfCommonStock" xlink:title="ProceedsFromIssuanceOfCommonStock" />
    <link:calculationArc xlink:type="arc" xlink:arcrole="http://www.xbrl.org/2003/arcrole/summation-item" xlink:from="NetCashProvidedByUsedInFinancingActivitiesContinuingOperations" xlink:to="ProceedsFromIssuanceOfCommonStock" xlink:title="calculation: NetCashProvidedByUsedInFinancingActivitiesContinuingOperations to ProceedsFromIssuanceOfCommonStock" use="optional" order="5.0" weight="1" />
    <link:loc xlink:type="locator" xlink:href="http://xbrl.fasb.org/us-gaap/2012/elts/us-gaap-2012-01-31.xsd#us-gaap_ExcessTaxBenefitFromShareBasedCompensationFinancingActivities" xlink:label="ExcessTaxBenefitFromShareBasedCompensationFinancingActivities" xlink:title="ExcessTaxBenefitFromShareBasedCompensationFinancingActivities" />
    <link:calculationArc xlink:type="arc" xlink:arcrole="http://www.xbrl.org/2003/arcrole/summation-item" xlink:from="NetCashProvidedByUsedInFinancingActivitiesContinuingOperations" xlink:to="ExcessTaxBenefitFromShareBasedCompensationFinancingActivities" xlink:title="calculation: NetCashProvidedByUsedInFinancingActivitiesContinuingOperations to ExcessTaxBenefitFromShareBasedCompensationFinancingActivities" use="optional" order="6.0" weight="1" />
  </link:calculationLink>
  <link:calculationLink xlink:type="extended" xlink:role="http://www.royalgold.com/role/DisclosureRoyaltyInterestsInMineralPropertiesDetails">
    <link:loc xlink:type="locator" xlink:href="http://xbrl.fasb.org/us-gaap/2012/elts/us-gaap-2012-01-31.xsd#us-gaap_MineralPropertiesNet" xlink:label="MineralPropertiesNet" xlink:title="MineralPropertiesNet" />
    <link:loc xlink:type="locator" xlink:href="http://xbrl.fasb.org/us-gaap/2012/elts/us-gaap-2012-01-31.xsd#us-gaap_MineralPropertiesGross" xlink:label="MineralPropertiesGross" xlink:title="MineralPropertiesGross" />
    <link:calculationArc xlink:type="arc" xlink:arcrole="http://www.xbrl.org/2003/arcrole/summation-item" xlink:from="MineralPropertiesNet" xlink:to="MineralPropertiesGross" xlink:title="calculation: MineralPropertiesNet to MineralPropertiesGross" order="1.0" weight="1" />
    <link:loc xlink:type="locator" xlink:href="http://xbrl.fasb.org/us-gaap/2012/elts/us-gaap-2012-01-31.xsd#us-gaap_MineralPropertiesAccumulatedImpairment" xlink:label="MineralPropertiesAccumulatedImpairment" xlink:title="MineralPropertiesAccumulatedImpairment" />
    <link:calculationArc xlink:type="arc" xlink:arcrole="http://www.xbrl.org/2003/arcrole/summation-item" xlink:from="MineralPropertiesNet" xlink:to="MineralPropertiesAccumulatedImpairment" xlink:title="calculation: MineralPropertiesNet to MineralPropertiesAccumulatedImpairment" use="optional" order="2.0" weight="-1" />
    <link:loc xlink:type="locator" xlink:href="http://xbrl.fasb.org/us-gaap/2012/elts/us-gaap-2012-01-31.xsd#us-gaap_MineralPropertiesAccumulatedDepletion" xlink:label="MineralPropertiesAccumulatedDepletion" xlink:title="MineralPropertiesAccumulatedDepletion" />
    <link:calculationArc xlink:type="arc" xlink:arcrole="http://www.xbrl.org/2003/arcrole/summation-item" xlink:from="MineralPropertiesNet" xlink:to="MineralPropertiesAccumulatedDepletion" xlink:title="calculation: MineralPropertiesNet to MineralPropertiesAccumulatedDepletion" use="optional" order="3.0" weight="-1" />
  </link:calculationLink>
  <link:calculationLink xlink:type="extended" xlink:role="http://www.royalgold.com/role/DisclosureAvailableForSaleSecuritiesDetails">
    <link:loc xlink:type="locator" xlink:href="http://xbrl.fasb.org/us-gaap/2012/elts/us-gaap-2012-01-31.xsd#us-gaap_AvailableForSaleSecuritiesFairValueDisclosure" xlink:label="AvailableForSaleSecuritiesFairValueDisclosure" xlink:title="AvailableForSaleSecuritiesFairValueDisclosure" />
    <link:loc xlink:type="locator" xlink:href="http://xbrl.fasb.org/us-gaap/2012/elts/us-gaap-2012-01-31.xsd#us-gaap_AvailableForSaleSecuritiesAmortizedCost" xlink:label="AvailableForSaleSecuritiesAmortizedCost" xlink:title="AvailableForSaleSecuritiesAmortizedCost" />
    <link:calculationArc xlink:type="arc" xlink:arcrole="http://www.xbrl.org/2003/arcrole/summation-item" xlink:from="AvailableForSaleSecuritiesFairValueDisclosure" xlink:to="AvailableForSaleSecuritiesAmortizedCost" xlink:title="calculation: AvailableForSaleSecuritiesFairValueDisclosure to AvailableForSaleSecuritiesAmortizedCost" use="optional" order="1.0" weight="1" />
    <link:loc xlink:type="locator" xlink:href="http://xbrl.fasb.org/us-gaap/2012/elts/us-gaap-2012-01-31.xsd#us-gaap_AvailableForSaleSecuritiesGrossUnrealizedLosses1" xlink:label="AvailableForSaleSecuritiesGrossUnrealizedLosses1" xlink:title="AvailableForSaleSecuritiesGrossUnrealizedLosses1" />
    <link:calculationArc xlink:type="arc" xlink:arcrole="http://www.xbrl.org/2003/arcrole/summation-item" xlink:from="AvailableForSaleSecuritiesFairValueDisclosure" xlink:to="AvailableForSaleSecuritiesGrossUnrealizedLosses1" xlink:title="calculation: AvailableForSaleSecuritiesFairValueDisclosure to AvailableForSaleSecuritiesGrossUnrealizedLosses1" use="optional" order="2.0" weight="-1" />
  </link:calculationLink>
  <link:calculationLink xlink:type="extended" xlink:role="http://www.royalgold.com/role/DisclosureEarningsPerShareEPSDetails">
    <link:loc xlink:type="locator" xlink:href="http://xbrl.fasb.org/us-gaap/2012/elts/us-gaap-2012-01-31.xsd#us-gaap_WeightedAverageNumberOfDilutedSharesOutstanding" xlink:label="WeightedAverageNumberOfDilutedSharesOutstanding" xlink:title="WeightedAverageNumberOfDilutedSharesOutstanding" />
    <link:loc xlink:type="locator" xlink:href="http://xbrl.fasb.org/us-gaap/2012/elts/us-gaap-2012-01-31.xsd#us-gaap_WeightedAverageNumberOfSharesOutstandingBasic" xlink:label="WeightedAverageNumberOfSharesOutstandingBasic" xlink:title="WeightedAverageNumberOfSharesOutstandingBasic" />
    <link:calculationArc xlink:type="arc" xlink:arcrole="http://www.xbrl.org/2003/arcrole/summation-item" xlink:from="WeightedAverageNumberOfDilutedSharesOutstanding" xlink:to="WeightedAverageNumberOfSharesOutstandingBasic" xlink:title="calculation: WeightedAverageNumberOfDilutedSharesOutstanding to WeightedAverageNumberOfSharesOutstandingBasic" use="optional" order="1.0" weight="1" />
    <link:loc xlink:type="locator" xlink:href="http://xbrl.fasb.org/us-gaap/2012/elts/us-gaap-2012-01-31.xsd#us-gaap_WeightedAverageNumberDilutedSharesOutstandingAdjustment" xlink:label="WeightedAverageNumberDilutedSharesOutstandingAdjustment" xlink:title="WeightedAverageNumberDilutedSharesOutstandingAdjustment" />
    <link:calculationArc xlink:type="arc" xlink:arcrole="http://www.xbrl.org/2003/arcrole/summation-item" xlink:from="WeightedAverageNumberOfDilutedSharesOutstanding" xlink:to="WeightedAverageNumberDilutedSharesOutstandingAdjustment" xlink:title="calculation: WeightedAverageNumberOfDilutedSharesOutstanding to WeightedAverageNumberDilutedSharesOutstandingAdjustment" use="optional" order="2.0" weight="1" />
  </link:calculationLink>
  <link:calculationLink xlink:type="extended" xlink:role="http://www.royalgold.com/role/DisclosureAcquisitionOfInternationalRoyaltyCorporationDetails">
    <link:loc xlink:type="locator" xlink:href="http://xbrl.fasb.org/us-gaap/2012/elts/us-gaap-2012-01-31.xsd#us-gaap_BusinessAcquisitionPurchasePriceAllocationAssetsAcquiredLiabilitiesAssumedNet" xlink:label="BusinessAcquisitionPurchasePriceAllocationAssetsAcquiredLiabilitiesAssumedNet" xlink:title="BusinessAcquisitionPurchasePriceAllocationAssetsAcquiredLiabilitiesAssumedNet" />
    <link:loc xlink:type="locator" xlink:href="http://xbrl.fasb.org/us-gaap/2012/elts/us-gaap-2012-01-31.xsd#us-gaap_BusinessAcquisitionPurchasePriceAllocationCurrentAssets" xlink:label="BusinessAcquisitionPurchasePriceAllocationCurrentAssets" xlink:title="BusinessAcquisitionPurchasePriceAllocationCurrentAssets" />
    <link:calculationArc xlink:type="arc" xlink:arcrole="http://www.xbrl.org/2003/arcrole/summation-item" xlink:from="BusinessAcquisitionPurchasePriceAllocationAssetsAcquiredLiabilitiesAssumedNet" xlink:to="BusinessAcquisitionPurchasePriceAllocationCurrentAssets" xlink:title="calculation: BusinessAcquisitionPurchasePriceAllocationAssetsAcquiredLiabilitiesAssumedNet to BusinessAcquisitionPurchasePriceAllocationCurrentAssets" use="optional" order="1.0" weight="1" />
    <link:loc xlink:type="locator" xlink:href="http://xbrl.fasb.org/us-gaap/2012/elts/us-gaap-2012-01-31.xsd#us-gaap_BusinessAcquisitionPurchasePriceAllocationMineralRights" xlink:label="BusinessAcquisitionPurchasePriceAllocationMineralRights" xlink:title="BusinessAcquisitionPurchasePriceAllocationMineralRights" />
    <link:calculationArc xlink:type="arc" xlink:arcrole="http://www.xbrl.org/2003/arcrole/summation-item" xlink:from="BusinessAcquisitionPurchasePriceAllocationAssetsAcquiredLiabilitiesAssumedNet" xlink:to="BusinessAcquisitionPurchasePriceAllocationMineralRights" xlink:title="calculation: BusinessAcquisitionPurchasePriceAllocationAssetsAcquiredLiabilitiesAssumedNet to BusinessAcquisitionPurchasePriceAllocationMineralRights" use="optional" order="2.0" weight="1" />
    <link:loc xlink:type="locator" xlink:href="http://xbrl.fasb.org/us-gaap/2012/elts/us-gaap-2012-01-31.xsd#us-gaap_BusinessAcquisitionPurchasePriceAllocationOtherNoncurrentAssets" xlink:label="BusinessAcquisitionPurchasePriceAllocationOtherNoncurrentAssets" xlink:title="BusinessAcquisitionPurchasePriceAllocationOtherNoncurrentAssets" />
    <link:calculationArc xlink:type="arc" xlink:arcrole="http://www.xbrl.org/2003/arcrole/summation-item" xlink:from="BusinessAcquisitionPurchasePriceAllocationAssetsAcquiredLiabilitiesAssumedNet" xlink:to="BusinessAcquisitionPurchasePriceAllocationOtherNoncurrentAssets" xlink:title="calculation: BusinessAcquisitionPurchasePriceAllocationAssetsAcquiredLiabilitiesAssumedNet to BusinessAcquisitionPurchasePriceAllocationOtherNoncurrentAssets" use="optional" order="3.0" weight="1" />
    <link:loc xlink:type="locator" xlink:href="http://xbrl.fasb.org/us-gaap/2012/elts/us-gaap-2012-01-31.xsd#us-gaap_BusinessAcquisitionPurchasePriceAllocationCurrentLiabilities" xlink:label="BusinessAcquisitionPurchasePriceAllocationCurrentLiabilities" xlink:title="BusinessAcquisitionPurchasePriceAllocationCurrentLiabilities" />
    <link:calculationArc xlink:type="arc" xlink:arcrole="http://www.xbrl.org/2003/arcrole/summation-item" xlink:from="BusinessAcquisitionPurchasePriceAllocationAssetsAcquiredLiabilitiesAssumedNet" xlink:to="BusinessAcquisitionPurchasePriceAllocationCurrentLiabilities" xlink:title="calculation: BusinessAcquisitionPurchasePriceAllocationAssetsAcquiredLiabilitiesAssumedNet to BusinessAcquisitionPurchasePriceAllocationCurrentLiabilities" use="optional" order="4.0" weight="-1" />
    <link:loc xlink:type="locator" xlink:href="http://xbrl.fasb.org/us-gaap/2012/elts/us-gaap-2012-01-31.xsd#us-gaap_BusinessAcquisitionPurchasePriceAllocationNoncurrentLiabilitiesLongTermDebt" xlink:label="BusinessAcquisitionPurchasePriceAllocationNoncurrentLiabilitiesLongTermDebt" xlink:title="BusinessAcquisitionPurchasePriceAllocationNoncurrentLiabilitiesLongTermDebt" />
    <link:calculationArc xlink:type="arc" xlink:arcrole="http://www.xbrl.org/2003/arcrole/summation-item" xlink:from="BusinessAcquisitionPurchasePriceAllocationAssetsAcquiredLiabilitiesAssumedNet" xlink:to="BusinessAcquisitionPurchasePriceAllocationNoncurrentLiabilitiesLongTermDebt" xlink:title="calculation: BusinessAcquisitionPurchasePriceAllocationAssetsAcquiredLiabilitiesAssumedNet to BusinessAcquisitionPurchasePriceAllocationNoncurrentLiabilitiesLongTermDebt" use="optional" order="5.0" weight="-1" />
    <link:loc xlink:type="locator" xlink:href="http://xbrl.fasb.org/us-gaap/2012/elts/us-gaap-2012-01-31.xsd#us-gaap_BusinessAcquisitionPurchasePriceAllocationDeferredIncomeTaxesAssetLiabilityNet" xlink:label="BusinessAcquisitionPurchasePriceAllocationDeferredIncomeTaxesAssetLiabilityNet" xlink:title="BusinessAcquisitionPurchasePriceAllocationDeferredIncomeTaxesAssetLiabilityNet" />
    <link:calculationArc xlink:type="arc" xlink:arcrole="http://www.xbrl.org/2003/arcrole/summation-item" xlink:from="BusinessAcquisitionPurchasePriceAllocationAssetsAcquiredLiabilitiesAssumedNet" xlink:to="BusinessAcquisitionPurchasePriceAllocationDeferredIncomeTaxesAssetLiabilityNet" xlink:title="calculation: BusinessAcquisitionPurchasePriceAllocationAssetsAcquiredLiabilitiesAssumedNet to BusinessAcquisitionPurchasePriceAllocationDeferredIncomeTaxesAssetLiabilityNet" use="optional" order="6.0" weight="1" />
    <link:loc xlink:type="locator" xlink:href="rgld-20121231.xsd#rgld_BusinessAcquisitionPurchasePriceAllocationUncertainTaxPositions" xlink:label="BusinessAcquisitionPurchasePriceAllocationUncertainTaxPositions" xlink:title="BusinessAcquisitionPurchasePriceAllocationUncertainTaxPositions" />
    <link:calculationArc xlink:type="arc" xlink:arcrole="http://www.xbrl.org/2003/arcrole/summation-item" xlink:from="BusinessAcquisitionPurchasePriceAllocationAssetsAcquiredLiabilitiesAssumedNet" xlink:to="BusinessAcquisitionPurchasePriceAllocationUncertainTaxPositions" xlink:title="calculation: BusinessAcquisitionPurchasePriceAllocationAssetsAcquiredLiabilitiesAssumedNet to BusinessAcquisitionPurchasePriceAllocationUncertainTaxPositions" use="optional" order="7.0" weight="-1" />
    <link:loc xlink:type="locator" xlink:href="http://xbrl.fasb.org/us-gaap/2012/elts/us-gaap-2012-01-31.xsd#us-gaap_BusinessAcquisitionPurchasePriceAllocationOtherNoncurrentLiabilities" xlink:label="BusinessAcquisitionPurchasePriceAllocationOtherNoncurrentLiabilities" xlink:title="BusinessAcquisitionPurchasePriceAllocationOtherNoncurrentLiabilities" />
    <link:calculationArc xlink:type="arc" xlink:arcrole="http://www.xbrl.org/2003/arcrole/summation-item" xlink:from="BusinessAcquisitionPurchasePriceAllocationAssetsAcquiredLiabilitiesAssumedNet" xlink:to="BusinessAcquisitionPurchasePriceAllocationOtherNoncurrentLiabilities" xlink:title="calculation: BusinessAcquisitionPurchasePriceAllocationAssetsAcquiredLiabilitiesAssumedNet to BusinessAcquisitionPurchasePriceAllocationOtherNoncurrentLiabilities" use="optional" order="8.0" weight="-1" />
    <link:loc xlink:type="locator" xlink:href="http://xbrl.fasb.org/us-gaap/2012/elts/us-gaap-2012-01-31.xsd#us-gaap_BusinessAcquisitionPurchasePriceAllocationNoncontrollingInterest" xlink:label="BusinessAcquisitionPurchasePriceAllocationNoncontrollingInterest" xlink:title="BusinessAcquisitionPurchasePriceAllocationNoncontrollingInterest" />
    <link:calculationArc xlink:type="arc" xlink:arcrole="http://www.xbrl.org/2003/arcrole/summation-item" xlink:from="BusinessAcquisitionPurchasePriceAllocationAssetsAcquiredLiabilitiesAssumedNet" xlink:to="BusinessAcquisitionPurchasePriceAllocationNoncontrollingInterest" xlink:title="calculation: BusinessAcquisitionPurchasePriceAllocationAssetsAcquiredLiabilitiesAssumedNet to BusinessAcquisitionPurchasePriceAllocationNoncontrollingInterest" use="optional" order="9.0" weight="-1" />
  </link:calculationLink>
  <link:calculationLink xlink:type="extended" xlink:role="http://www.royalgold.com/role/DisclosureFairValueMeasurementsDetails">
    <link:loc xlink:type="locator" xlink:href="http://xbrl.fasb.org/us-gaap/2012/elts/us-gaap-2012-01-31.xsd#us-gaap_AssetsFairValueDisclosure" xlink:label="AssetsFairValueDisclosure" xlink:title="AssetsFairValueDisclosure" />
    <link:loc xlink:type="locator" xlink:href="http://xbrl.fasb.org/us-gaap/2012/elts/us-gaap-2012-01-31.xsd#us-gaap_CashAndCashEquivalentsFairValueDisclosure" xlink:label="CashAndCashEquivalentsFairValueDisclosure" xlink:title="CashAndCashEquivalentsFairValueDisclosure" />
    <link:calculationArc xlink:type="arc" xlink:arcrole="http://www.xbrl.org/2003/arcrole/summation-item" xlink:from="AssetsFairValueDisclosure" xlink:to="CashAndCashEquivalentsFairValueDisclosure" xlink:title="calculation: AssetsFairValueDisclosure to CashAndCashEquivalentsFairValueDisclosure" use="optional" order="1.0" weight="1" />
    <link:loc xlink:type="locator" xlink:href="rgld-20121231.xsd#rgld_MoneyMarketInvestmentsFairValueDisclosure" xlink:label="MoneyMarketInvestmentsFairValueDisclosure" xlink:title="MoneyMarketInvestmentsFairValueDisclosure" />
    <link:calculationArc xlink:type="arc" xlink:arcrole="http://www.xbrl.org/2003/arcrole/summation-item" xlink:from="AssetsFairValueDisclosure" xlink:to="MoneyMarketInvestmentsFairValueDisclosure" xlink:title="calculation: AssetsFairValueDisclosure to MoneyMarketInvestmentsFairValueDisclosure" use="optional" order="2.0" weight="1" />
    <link:loc xlink:type="locator" xlink:href="http://xbrl.fasb.org/us-gaap/2012/elts/us-gaap-2012-01-31.xsd#us-gaap_AvailableForSaleSecuritiesFairValueDisclosure" xlink:label="AvailableForSaleSecuritiesFairValueDisclosure" xlink:title="AvailableForSaleSecuritiesFairValueDisclosure" />
    <link:calculationArc xlink:type="arc" xlink:arcrole="http://www.xbrl.org/2003/arcrole/summation-item" xlink:from="AssetsFairValueDisclosure" xlink:to="AvailableForSaleSecuritiesFairValueDisclosure" xlink:title="calculation: AssetsFairValueDisclosure to AvailableForSaleSecuritiesFairValueDisclosure" use="optional" order="3.0" weight="1" />
  </link:calculationLink>
</link:linkbase>
