<?xml version="1.0" encoding="US-ASCII"?>
<!-- RR Donnelley Xcelerate Taxonomy Calculation Linkbase, based on XBRL 2.1  http://www.edgar-online.com/ -->
<!-- Version: 6.20.1 -->
<!-- Round: e03897ee-dde3-4330-a6f8-c8e23828056c -->
<!-- Creation date: 2013-01-30T21:58:31Z -->
<!-- Copyright (c) 2005-2013 R.R. Donnelley & Sons Company All Rights Reserved. -->
<linkbase xmlns="http://www.xbrl.org/2003/linkbase"
  xmlns:xsi="http://www.w3.org/2001/XMLSchema-instance"
  xmlns:xlink="http://www.w3.org/1999/xlink"
  xsi:schemaLocation="http://www.xbrl.org/2003/linkbase http://www.xbrl.org/2003/xbrl-linkbase-2003-12-31.xsd">
  <roleRef xlink:type="simple" xlink:href="hsh-20121229.xsd#DocumentDocumentandEntityInformation" roleURI="http://www.hillshirebrands.com/taxonomy/role/DocumentDocumentandEntityInformation"/>
  <roleRef xlink:type="simple" xlink:href="hsh-20121229.xsd#Role_StatementOfFinancialPositionClassified" roleURI="http://www.hillshirebrands.com/taxonomy/role/StatementOfFinancialPositionClassified"/>
  <roleRef xlink:type="simple" xlink:href="hsh-20121229.xsd#Role_StatementOfFinancialPositionClassifiedParen" roleURI="http://www.hillshirebrands.com/taxonomy/role/StatementOfFinancialPositionClassifiedParenthetical"/>
  <roleRef xlink:type="simple" xlink:href="hsh-20121229.xsd#Role_StatementOfIncomeAlternative" roleURI="http://www.hillshirebrands.com/taxonomy/role/StatementOfIncomeAlternative"/>
  <roleRef xlink:type="simple" xlink:href="hsh-20121229.xsd#Role_StatementOfIncomeAlternativeAlt1" roleURI="http://www.hillshirebrands.com/taxonomy/role/StatementOfIncomeAlternativeAlternate1"/>
  <roleRef xlink:type="simple" xlink:href="hsh-20121229.xsd#Role_StatementOfIncomeAlternativeParen" roleURI="http://www.hillshirebrands.com/taxonomy/role/StatementOfIncomeAlternativeParenthetical"/>
  <roleRef xlink:type="simple" xlink:href="hsh-20121229.xsd#Role_StatementOfOtherComprehensiveIncome" roleURI="http://www.hillshirebrands.com/taxonomy/role/StatementOfOtherComprehensiveIncome"/>
  <roleRef xlink:type="simple" xlink:href="hsh-20121229.xsd#Role_ci-StatementOfShareholdersEquityAndOtherComprehensiveIncome" roleURI="http://www.hillshirebrands.com/taxonomy/role/StatementOfShareholdersEquityAndOtherComprehensiveIncome"/>
  <roleRef xlink:type="simple" xlink:href="hsh-20121229.xsd#Role_StatementOfCashFlowsIndirect" roleURI="http://www.hillshirebrands.com/taxonomy/role/StatementOfCashFlowsIndirect"/>
  <roleRef xlink:type="simple" xlink:href="hsh-20121229.xsd#DisclosureBasisOfPresentationAdditionalInformation" roleURI="http://www.hillshirebrands.com/taxonomy/role/DisclosureBasisOfPresentationAdditionalInformation"/>
  <roleRef xlink:type="simple" xlink:href="hsh-20121229.xsd#DisclosureErrorCorrectionsConsolidatedStatementOfIncomeImpact" roleURI="http://www.hillshirebrands.com/taxonomy/role/DisclosureErrorCorrectionsConsolidatedStatementOfIncomeImpact"/>
  <roleRef xlink:type="simple" xlink:href="hsh-20121229.xsd#DisclosureErrorCorrectionsComprehensiveIncomeImpact" roleURI="http://www.hillshirebrands.com/taxonomy/role/DisclosureErrorCorrectionsComprehensiveIncomeImpact"/>
  <roleRef xlink:type="simple" xlink:href="hsh-20121229.xsd#DisclosureErrorCorrectionsConsolidatedStatementOfCashFlowImpact" roleURI="http://www.hillshirebrands.com/taxonomy/role/DisclosureErrorCorrectionsConsolidatedStatementOfCashFlowImpact"/>
  <roleRef xlink:type="simple" xlink:href="hsh-20121229.xsd#DisclosureNetIncomeLossPerShareAdditionalInformation" roleURI="http://www.hillshirebrands.com/taxonomy/role/DisclosureNetIncomeLossPerShareAdditionalInformation"/>
  <roleRef xlink:type="simple" xlink:href="hsh-20121229.xsd#DisclosureReconciliationBetweenNetIncomeLossPerShareBasicAndDiluted" roleURI="http://www.hillshirebrands.com/taxonomy/role/DisclosureReconciliationBetweenNetIncomeLossPerShareBasicAndDiluted"/>
  <roleRef xlink:type="simple" xlink:href="hsh-20121229.xsd#DisclosureSegmentInformationAdditionalInformation" roleURI="http://www.hillshirebrands.com/taxonomy/role/DisclosureSegmentInformationAdditionalInformation"/>
  <roleRef xlink:type="simple" xlink:href="hsh-20121229.xsd#DisclosureNetSalesAndOperatingSegmentIncomeByBusinessSegment" roleURI="http://www.hillshirebrands.com/taxonomy/role/DisclosureNetSalesAndOperatingSegmentIncomeByBusinessSegment"/>
  <roleRef xlink:type="simple" xlink:href="hsh-20121229.xsd#DisclosureImpairmentAndOtherChargesAdditionalInformation" roleURI="http://www.hillshirebrands.com/taxonomy/role/DisclosureImpairmentAndOtherChargesAdditionalInformation"/>
  <roleRef xlink:type="simple" xlink:href="hsh-20121229.xsd#DisclosureDiscontinuedOperationsAdditionalInformation" roleURI="http://www.hillshirebrands.com/taxonomy/role/DisclosureDiscontinuedOperationsAdditionalInformation"/>
  <roleRef xlink:type="simple" xlink:href="hsh-20121229.xsd#DisclosureOperatingResultsOfDiscontinuedOperations" roleURI="http://www.hillshirebrands.com/taxonomy/role/DisclosureOperatingResultsOfDiscontinuedOperations"/>
  <roleRef xlink:type="simple" xlink:href="hsh-20121229.xsd#DisclosureGainLossOnSaleOfDiscontinuedOperations" roleURI="http://www.hillshirebrands.com/taxonomy/role/DisclosureGainLossOnSaleOfDiscontinuedOperations"/>
  <roleRef xlink:type="simple" xlink:href="hsh-20121229.xsd#DisclosureSummaryOfAssetAndLiabilititiesHeldForSale" roleURI="http://www.hillshirebrands.com/taxonomy/role/DisclosureSummaryOfAssetAndLiabilititiesHeldForSale"/>
  <roleRef xlink:type="simple" xlink:href="hsh-20121229.xsd#DisclosureCashFlowImpactsOfDiscontinuedOperations" roleURI="http://www.hillshirebrands.com/taxonomy/role/DisclosureCashFlowImpactsOfDiscontinuedOperations"/>
  <roleRef xlink:type="simple" xlink:href="hsh-20121229.xsd#DisclosureSummaryOfExitDisposalAndRestructuringActions" roleURI="http://www.hillshirebrands.com/taxonomy/role/DisclosureSummaryOfExitDisposalAndRestructuringActions"/>
  <roleRef xlink:type="simple" xlink:href="hsh-20121229.xsd#DisclosureImpactOfRestructuringActionsOnCorporateBusinessSegmentsAndUnallocatedCorporateExpenses" roleURI="http://www.hillshirebrands.com/taxonomy/role/DisclosureImpactOfRestructuringActionsOnCorporateBusinessSegmentsAndUnallocatedCorporateExpenses"/>
  <roleRef xlink:type="simple" xlink:href="hsh-20121229.xsd#DisclosureExitDisposalAndRestructuringActivitiesAdditionalInformation" roleURI="http://www.hillshirebrands.com/taxonomy/role/DisclosureExitDisposalAndRestructuringActivitiesAdditionalInformation"/>
  <roleRef xlink:type="simple" xlink:href="hsh-20121229.xsd#DisclosureTwentyThirteenActionsNetChargesForExitDisposalAndTransformationActionsAndRelatedReserveStatus" roleURI="http://www.hillshirebrands.com/taxonomy/role/DisclosureTwentyThirteenActionsNetChargesForExitDisposalAndTransformationActionsAndRelatedReserveStatus"/>
  <roleRef xlink:type="simple" xlink:href="hsh-20121229.xsd#DisclosureFinancialInstrumentsAdditionalInformation" roleURI="http://www.hillshirebrands.com/taxonomy/role/DisclosureFinancialInstrumentsAdditionalInformation"/>
  <roleRef xlink:type="simple" xlink:href="hsh-20121229.xsd#DisclosureNotionalValuesOfDerivativeInstruments" roleURI="http://www.hillshirebrands.com/taxonomy/role/DisclosureNotionalValuesOfDerivativeInstruments"/>
  <roleRef xlink:type="simple" xlink:href="hsh-20121229.xsd#DisclosureFairValueOfLongTermDebtIncludingCurrentPortion" roleURI="http://www.hillshirebrands.com/taxonomy/role/DisclosureFairValueOfLongTermDebtIncludingCurrentPortion"/>
  <roleRef xlink:type="simple" xlink:href="hsh-20121229.xsd#DisclosureInformationOnLocationAndAmountsOfDerivativeFairValuesInCondensedConsolidatedBalanceSheet" roleURI="http://www.hillshirebrands.com/taxonomy/role/DisclosureInformationOnLocationAndAmountsOfDerivativeFairValuesInCondensedConsolidatedBalanceSheet"/>
  <roleRef xlink:type="simple" xlink:href="hsh-20121229.xsd#DisclosureInformationOnLocationAndAmountsOfDerivativeFairValuesInCondensedConsolidatedBalanceSheetParenthetical" roleURI="http://www.hillshirebrands.com/taxonomy/role/DisclosureInformationOnLocationAndAmountsOfDerivativeFairValuesInCondensedConsolidatedBalanceSheetParenthetical"/>
  <roleRef xlink:type="simple" xlink:href="hsh-20121229.xsd#DisclosureInformationRelatingToCashFlowHedgesNetInvestmentHedgesFairValueHedgesAndOtherDerivativesNotDesignatedAsHedgingInstruments" roleURI="http://www.hillshirebrands.com/taxonomy/role/DisclosureInformationRelatingToCashFlowHedgesNetInvestmentHedgesFairValueHedgesAndOtherDerivativesNotDesignatedAsHedgingInstruments"/>
  <roleRef xlink:type="simple" xlink:href="hsh-20121229.xsd#DisclosureComponentsOfPeriodicBenefitCostBenefitForPensionAndPostretirementBenefitPlans" roleURI="http://www.hillshirebrands.com/taxonomy/role/DisclosureComponentsOfPeriodicBenefitCostBenefitForPensionAndPostretirementBenefitPlans"/>
  <roleRef xlink:type="simple" xlink:href="hsh-20121229.xsd#DisclosurePensionAndOtherPostretirementBenefitPlansAdditionalInformation" roleURI="http://www.hillshirebrands.com/taxonomy/role/DisclosurePensionAndOtherPostretirementBenefitPlansAdditionalInformation"/>
  <roleRef xlink:type="simple" xlink:href="hsh-20121229.xsd#DisclosureTaxExpenseAndEffectiveTaxRateFromContinuingOperations" roleURI="http://www.hillshirebrands.com/taxonomy/role/DisclosureTaxExpenseAndEffectiveTaxRateFromContinuingOperations"/>
  <roleRef xlink:type="simple" xlink:href="hsh-20121229.xsd#DisclosureIncomeTaxesAdditionalInformation" roleURI="http://www.hillshirebrands.com/taxonomy/role/DisclosureIncomeTaxesAdditionalInformation"/>
  <roleRef xlink:type="simple" xlink:href="hsh-20121229.xsd#DisclosureContingenciesAndCommitmentsAdditionalInformation" roleURI="http://www.hillshirebrands.com/taxonomy/role/DisclosureContingenciesAndCommitmentsAdditionalInformation"/>
  <roleRef xlink:type="simple" xlink:href="hsh-20121229.xsd#Role_NotesToFinancialStatementsOrganizationConsolidationAndPresentationOfFinancialStatementsDisclosureTextBlock" roleURI="http://www.hillshirebrands.com/taxonomy/role/NotesToFinancialStatementsOrganizationConsolidationAndPresentationOfFinancialStatementsDisclosureTextBlock"/>
  <roleRef xlink:type="simple" xlink:href="hsh-20121229.xsd#Role_NotesToFinancialStatementsOrganizationConsolidationAndPresentationOfFinancialStatementsDisclosureTextBlockTables" roleURI="http://www.hillshirebrands.com/taxonomy/role/NotesToFinancialStatementsOrganizationConsolidationAndPresentationOfFinancialStatementsDisclosureTextBlockTables"/>
  <roleRef xlink:type="simple" xlink:href="hsh-20121229.xsd#Role_NotesToFinancialStatementsEarningsPerShareTextBlock" roleURI="http://www.hillshirebrands.com/taxonomy/role/NotesToFinancialStatementsEarningsPerShareTextBlock"/>
  <roleRef xlink:type="simple" xlink:href="hsh-20121229.xsd#Role_NotesToFinancialStatementsEarningsPerShareTextBlockTables" roleURI="http://www.hillshirebrands.com/taxonomy/role/NotesToFinancialStatementsEarningsPerShareTextBlockTables"/>
  <roleRef xlink:type="simple" xlink:href="hsh-20121229.xsd#Role_NotesToFinancialStatementsSegmentReportingDisclosureTextBlock" roleURI="http://www.hillshirebrands.com/taxonomy/role/NotesToFinancialStatementsSegmentReportingDisclosureTextBlock"/>
  <roleRef xlink:type="simple" xlink:href="hsh-20121229.xsd#Role_NotesToFinancialStatementsSegmentReportingDisclosureTextBlockTables" roleURI="http://www.hillshirebrands.com/taxonomy/role/NotesToFinancialStatementsSegmentReportingDisclosureTextBlockTables"/>
  <roleRef xlink:type="simple" xlink:href="hsh-20121229.xsd#Role_NotesToFinancialStatementsAssetImpairmentChargesTextBlock" roleURI="http://www.hillshirebrands.com/taxonomy/role/NotesToFinancialStatementsAssetImpairmentChargesTextBlock"/>
  <roleRef xlink:type="simple" xlink:href="hsh-20121229.xsd#Role_NotesToFinancialStatementsDisposalGroupsIncludingDiscontinuedOperationsDisclosureTextBlock" roleURI="http://www.hillshirebrands.com/taxonomy/role/NotesToFinancialStatementsDisposalGroupsIncludingDiscontinuedOperationsDisclosureTextBlock"/>
  <roleRef xlink:type="simple" xlink:href="hsh-20121229.xsd#Role_NotesToFinancialStatementsDisposalGroupsIncludingDiscontinuedOperationsDisclosureTextBlockTables" roleURI="http://www.hillshirebrands.com/taxonomy/role/NotesToFinancialStatementsDisposalGroupsIncludingDiscontinuedOperationsDisclosureTextBlockTables"/>
  <roleRef xlink:type="simple" xlink:href="hsh-20121229.xsd#Role_NotesToFinancialStatementsRestructuringAndRelatedActivitiesDisclosureTextBlock" roleURI="http://www.hillshirebrands.com/taxonomy/role/NotesToFinancialStatementsRestructuringAndRelatedActivitiesDisclosureTextBlock"/>
  <roleRef xlink:type="simple" xlink:href="hsh-20121229.xsd#Role_NotesToFinancialStatementsRestructuringAndRelatedActivitiesDisclosureTextBlockTables" roleURI="http://www.hillshirebrands.com/taxonomy/role/NotesToFinancialStatementsRestructuringAndRelatedActivitiesDisclosureTextBlockTables"/>
  <roleRef xlink:type="simple" xlink:href="hsh-20121229.xsd#Role_NotesToFinancialStatementsDerivativeInstrumentsAndHedgingActivitiesDisclosureTextBlock" roleURI="http://www.hillshirebrands.com/taxonomy/role/NotesToFinancialStatementsDerivativeInstrumentsAndHedgingActivitiesDisclosureTextBlock"/>
  <roleRef xlink:type="simple" xlink:href="hsh-20121229.xsd#Role_NotesToFinancialStatementsDerivativeInstrumentsAndHedgingActivitiesDisclosureTextBlockTables" roleURI="http://www.hillshirebrands.com/taxonomy/role/NotesToFinancialStatementsDerivativeInstrumentsAndHedgingActivitiesDisclosureTextBlockTables"/>
  <roleRef xlink:type="simple" xlink:href="hsh-20121229.xsd#Role_NotesToFinancialStatementsPensionAndOtherPostretirementBenefitsDisclosureTextBlock" roleURI="http://www.hillshirebrands.com/taxonomy/role/NotesToFinancialStatementsPensionAndOtherPostretirementBenefitsDisclosureTextBlock"/>
  <roleRef xlink:type="simple" xlink:href="hsh-20121229.xsd#Role_NotesToFinancialStatementsPensionAndOtherPostretirementBenefitsDisclosureTextBlockTables" roleURI="http://www.hillshirebrands.com/taxonomy/role/NotesToFinancialStatementsPensionAndOtherPostretirementBenefitsDisclosureTextBlockTables"/>
  <roleRef xlink:type="simple" xlink:href="hsh-20121229.xsd#Role_NotesToFinancialStatementsIncomeTaxDisclosureTextBlock" roleURI="http://www.hillshirebrands.com/taxonomy/role/NotesToFinancialStatementsIncomeTaxDisclosureTextBlock"/>
  <roleRef xlink:type="simple" xlink:href="hsh-20121229.xsd#Role_NotesToFinancialStatementsIncomeTaxDisclosureTextBlockTables" roleURI="http://www.hillshirebrands.com/taxonomy/role/NotesToFinancialStatementsIncomeTaxDisclosureTextBlockTables"/>
  <roleRef xlink:type="simple" xlink:href="hsh-20121229.xsd#Role_NotesToFinancialStatementsCommitmentsAndContingenciesDisclosureTextBlock" roleURI="http://www.hillshirebrands.com/taxonomy/role/NotesToFinancialStatementsCommitmentsAndContingenciesDisclosureTextBlock"/>
  <calculationLink xlink:type="extended" xlink:role="http://www.hillshirebrands.com/taxonomy/role/DocumentDocumentandEntityInformation">
  </calculationLink>
  <calculationLink xlink:type="extended" xlink:role="http://www.hillshirebrands.com/taxonomy/role/StatementOfFinancialPositionClassified">
    <loc xlink:type="locator" xlink:href="http://xbrl.fasb.org/us-gaap/2012/elts/us-gaap-2012-01-31.xsd#us-gaap_AccountsPayableCurrent" xlink:label="us-gaap_AccountsPayableCurrent"/>
    <loc xlink:type="locator" xlink:href="http://xbrl.fasb.org/us-gaap/2012/elts/us-gaap-2012-01-31.xsd#us-gaap_AccountsReceivableNetCurrent" xlink:label="us-gaap_AccountsReceivableNetCurrent"/>
    <loc xlink:type="locator" xlink:href="http://xbrl.fasb.org/us-gaap/2012/elts/us-gaap-2012-01-31.xsd#us-gaap_AccruedLiabilitiesCurrent" xlink:label="us-gaap_AccruedLiabilitiesCurrent"/>
    <loc xlink:type="locator" xlink:href="http://xbrl.fasb.org/us-gaap/2012/elts/us-gaap-2012-01-31.xsd#us-gaap_Assets" xlink:label="us-gaap_Assets"/>
    <loc xlink:type="locator" xlink:href="http://xbrl.fasb.org/us-gaap/2012/elts/us-gaap-2012-01-31.xsd#us-gaap_AssetsCurrent" xlink:label="us-gaap_AssetsCurrent"/>
    <loc xlink:type="locator" xlink:href="http://xbrl.fasb.org/us-gaap/2012/elts/us-gaap-2012-01-31.xsd#us-gaap_AssetsHeldForSaleCurrent" xlink:label="us-gaap_AssetsHeldForSaleCurrent"/>
    <loc xlink:type="locator" xlink:href="http://xbrl.fasb.org/us-gaap/2012/elts/us-gaap-2012-01-31.xsd#us-gaap_AssetsHeldForSaleLongLived" xlink:label="us-gaap_AssetsHeldForSaleLongLived"/>
    <loc xlink:type="locator" xlink:href="http://xbrl.fasb.org/us-gaap/2012/elts/us-gaap-2012-01-31.xsd#us-gaap_CashAndCashEquivalentsAtCarryingValue" xlink:label="us-gaap_CashAndCashEquivalentsAtCarryingValue"/>
    <loc xlink:type="locator" xlink:href="http://xbrl.fasb.org/us-gaap/2012/elts/us-gaap-2012-01-31.xsd#us-gaap_DeferredTaxAssetsNetCurrent" xlink:label="us-gaap_DeferredTaxAssetsNetCurrent"/>
    <loc xlink:type="locator" xlink:href="http://xbrl.fasb.org/us-gaap/2012/elts/us-gaap-2012-01-31.xsd#us-gaap_DeferredTaxAssetsNetNoncurrent" xlink:label="us-gaap_DeferredTaxAssetsNetNoncurrent"/>
    <loc xlink:type="locator" xlink:href="http://xbrl.fasb.org/us-gaap/2012/elts/us-gaap-2012-01-31.xsd#us-gaap_DefinedBenefitPensionPlanLiabilitiesNoncurrent" xlink:label="us-gaap_DefinedBenefitPensionPlanLiabilitiesNoncurrent"/>
    <loc xlink:type="locator" xlink:href="http://xbrl.fasb.org/us-gaap/2012/elts/us-gaap-2012-01-31.xsd#us-gaap_Goodwill" xlink:label="us-gaap_Goodwill"/>
    <loc xlink:type="locator" xlink:href="http://xbrl.fasb.org/us-gaap/2012/elts/us-gaap-2012-01-31.xsd#us-gaap_IncomeTaxesReceivable" xlink:label="us-gaap_IncomeTaxesReceivable"/>
    <loc xlink:type="locator" xlink:href="http://xbrl.fasb.org/us-gaap/2012/elts/us-gaap-2012-01-31.xsd#us-gaap_IntangibleAssetsNetExcludingGoodwill" xlink:label="us-gaap_IntangibleAssetsNetExcludingGoodwill"/>
    <loc xlink:type="locator" xlink:href="http://xbrl.fasb.org/us-gaap/2012/elts/us-gaap-2012-01-31.xsd#us-gaap_InventoryFinishedGoods" xlink:label="us-gaap_InventoryFinishedGoods"/>
    <loc xlink:type="locator" xlink:href="http://xbrl.fasb.org/us-gaap/2012/elts/us-gaap-2012-01-31.xsd#us-gaap_InventoryNet" xlink:label="us-gaap_InventoryNet"/>
    <loc xlink:type="locator" xlink:href="http://xbrl.fasb.org/us-gaap/2012/elts/us-gaap-2012-01-31.xsd#us-gaap_InventoryRawMaterialsAndSupplies" xlink:label="us-gaap_InventoryRawMaterialsAndSupplies"/>
    <loc xlink:type="locator" xlink:href="http://xbrl.fasb.org/us-gaap/2012/elts/us-gaap-2012-01-31.xsd#us-gaap_InventoryWorkInProcess" xlink:label="us-gaap_InventoryWorkInProcess"/>
    <loc xlink:type="locator" xlink:href="http://xbrl.fasb.org/us-gaap/2012/elts/us-gaap-2012-01-31.xsd#us-gaap_LiabilitiesAndStockholdersEquity" xlink:label="us-gaap_LiabilitiesAndStockholdersEquity"/>
    <loc xlink:type="locator" xlink:href="http://xbrl.fasb.org/us-gaap/2012/elts/us-gaap-2012-01-31.xsd#us-gaap_LiabilitiesCurrent" xlink:label="us-gaap_LiabilitiesCurrent"/>
    <loc xlink:type="locator" xlink:href="http://xbrl.fasb.org/us-gaap/2012/elts/us-gaap-2012-01-31.xsd#us-gaap_LiabilitiesOfAssetsHeldForSale" xlink:label="us-gaap_LiabilitiesOfAssetsHeldForSale"/>
    <loc xlink:type="locator" xlink:href="hsh-20121229.xsd#hsh_LiabilitiesOfAssetsHeldForSaleNoncurrent" xlink:label="hsh_LiabilitiesOfAssetsHeldForSaleNoncurrent"/>
    <loc xlink:type="locator" xlink:href="http://xbrl.fasb.org/us-gaap/2012/elts/us-gaap-2012-01-31.xsd#us-gaap_LongTermDebtCurrent" xlink:label="us-gaap_LongTermDebtCurrent"/>
    <loc xlink:type="locator" xlink:href="http://xbrl.fasb.org/us-gaap/2012/elts/us-gaap-2012-01-31.xsd#us-gaap_LongTermDebtNoncurrent" xlink:label="us-gaap_LongTermDebtNoncurrent"/>
    <loc xlink:type="locator" xlink:href="http://xbrl.fasb.org/us-gaap/2012/elts/us-gaap-2012-01-31.xsd#us-gaap_OtherAssetsCurrent" xlink:label="us-gaap_OtherAssetsCurrent"/>
    <loc xlink:type="locator" xlink:href="http://xbrl.fasb.org/us-gaap/2012/elts/us-gaap-2012-01-31.xsd#us-gaap_OtherAssetsNoncurrent" xlink:label="us-gaap_OtherAssetsNoncurrent"/>
    <loc xlink:type="locator" xlink:href="http://xbrl.fasb.org/us-gaap/2012/elts/us-gaap-2012-01-31.xsd#us-gaap_OtherLiabilitiesNoncurrent" xlink:label="us-gaap_OtherLiabilitiesNoncurrent"/>
    <loc xlink:type="locator" xlink:href="http://xbrl.fasb.org/us-gaap/2012/elts/us-gaap-2012-01-31.xsd#us-gaap_PropertyPlantAndEquipmentNet" xlink:label="us-gaap_PropertyPlantAndEquipmentNet"/>
    <loc xlink:type="locator" xlink:href="http://xbrl.fasb.org/us-gaap/2012/elts/us-gaap-2012-01-31.xsd#us-gaap_StockholdersEquity" xlink:label="us-gaap_StockholdersEquity"/>
    <calculationArc xlink:type="arc" xlink:arcrole="http://www.xbrl.org/2003/arcrole/summation-item" xlink:from="us-gaap_Assets" xlink:to="us-gaap_AssetsCurrent" order="1.1100" weight="1.00" priority="2" use="optional"/>
    <calculationArc xlink:type="arc" xlink:arcrole="http://www.xbrl.org/2003/arcrole/summation-item" xlink:from="us-gaap_Assets" xlink:to="us-gaap_PropertyPlantAndEquipmentNet" order="1.1200" weight="1.00" priority="2" use="optional"/>
    <calculationArc xlink:type="arc" xlink:arcrole="http://www.xbrl.org/2003/arcrole/summation-item" xlink:from="us-gaap_Assets" xlink:to="us-gaap_IntangibleAssetsNetExcludingGoodwill" order="1.1300" weight="1.00" priority="2" use="optional"/>
    <calculationArc xlink:type="arc" xlink:arcrole="http://www.xbrl.org/2003/arcrole/summation-item" xlink:from="us-gaap_Assets" xlink:to="us-gaap_Goodwill" order="1.1400" weight="1.00" priority="2" use="optional"/>
    <calculationArc xlink:type="arc" xlink:arcrole="http://www.xbrl.org/2003/arcrole/summation-item" xlink:from="us-gaap_Assets" xlink:to="us-gaap_DeferredTaxAssetsNetNoncurrent" order="1.1500" weight="1.00" priority="2" use="optional"/>
    <calculationArc xlink:type="arc" xlink:arcrole="http://www.xbrl.org/2003/arcrole/summation-item" xlink:from="us-gaap_Assets" xlink:to="us-gaap_OtherAssetsNoncurrent" order="1.1600" weight="1.00" priority="2" use="optional"/>
    <calculationArc xlink:type="arc" xlink:arcrole="http://www.xbrl.org/2003/arcrole/summation-item" xlink:from="us-gaap_Assets" xlink:to="us-gaap_AssetsHeldForSaleLongLived" order="1.1700" weight="1.00" priority="2" use="optional"/>
    <calculationArc xlink:type="arc" xlink:arcrole="http://www.xbrl.org/2003/arcrole/summation-item" xlink:from="us-gaap_AssetsCurrent" xlink:to="us-gaap_CashAndCashEquivalentsAtCarryingValue" order="1.0100" weight="1.00" priority="2" use="optional"/>
    <calculationArc xlink:type="arc" xlink:arcrole="http://www.xbrl.org/2003/arcrole/summation-item" xlink:from="us-gaap_AssetsCurrent" xlink:to="us-gaap_AccountsReceivableNetCurrent" order="1.0200" weight="1.00" priority="2" use="optional"/>
    <calculationArc xlink:type="arc" xlink:arcrole="http://www.xbrl.org/2003/arcrole/summation-item" xlink:from="us-gaap_AssetsCurrent" xlink:to="us-gaap_InventoryNet" order="1.0600" weight="1.00" priority="2" use="optional"/>
    <calculationArc xlink:type="arc" xlink:arcrole="http://www.xbrl.org/2003/arcrole/summation-item" xlink:from="us-gaap_AssetsCurrent" xlink:to="us-gaap_DeferredTaxAssetsNetCurrent" order="1.0700" weight="1.00" priority="2" use="optional"/>
    <calculationArc xlink:type="arc" xlink:arcrole="http://www.xbrl.org/2003/arcrole/summation-item" xlink:from="us-gaap_AssetsCurrent" xlink:to="us-gaap_IncomeTaxesReceivable" order="1.0800" weight="1.00" priority="2" use="optional"/>
    <calculationArc xlink:type="arc" xlink:arcrole="http://www.xbrl.org/2003/arcrole/summation-item" xlink:from="us-gaap_AssetsCurrent" xlink:to="us-gaap_OtherAssetsCurrent" order="1.0900" weight="1.00" priority="2" use="optional"/>
    <calculationArc xlink:type="arc" xlink:arcrole="http://www.xbrl.org/2003/arcrole/summation-item" xlink:from="us-gaap_AssetsCurrent" xlink:to="us-gaap_AssetsHeldForSaleCurrent" order="1.1000" weight="1.00" priority="2" use="optional"/>
    <calculationArc xlink:type="arc" xlink:arcrole="http://www.xbrl.org/2003/arcrole/summation-item" xlink:from="us-gaap_InventoryNet" xlink:to="us-gaap_InventoryFinishedGoods" order="1.0300" weight="1.00" priority="2" use="optional"/>
    <calculationArc xlink:type="arc" xlink:arcrole="http://www.xbrl.org/2003/arcrole/summation-item" xlink:from="us-gaap_InventoryNet" xlink:to="us-gaap_InventoryWorkInProcess" order="1.0400" weight="1.00" priority="2" use="optional"/>
    <calculationArc xlink:type="arc" xlink:arcrole="http://www.xbrl.org/2003/arcrole/summation-item" xlink:from="us-gaap_InventoryNet" xlink:to="us-gaap_InventoryRawMaterialsAndSupplies" order="1.0500" weight="1.00" priority="2" use="optional"/>
    <calculationArc xlink:type="arc" xlink:arcrole="http://www.xbrl.org/2003/arcrole/summation-item" xlink:from="us-gaap_LiabilitiesAndStockholdersEquity" xlink:to="us-gaap_LiabilitiesCurrent" order="1.2200" weight="1.00" priority="2" use="optional"/>
    <calculationArc xlink:type="arc" xlink:arcrole="http://www.xbrl.org/2003/arcrole/summation-item" xlink:from="us-gaap_LiabilitiesAndStockholdersEquity" xlink:to="us-gaap_LongTermDebtNoncurrent" order="1.2300" weight="1.00" priority="2" use="optional"/>
    <calculationArc xlink:type="arc" xlink:arcrole="http://www.xbrl.org/2003/arcrole/summation-item" xlink:from="us-gaap_LiabilitiesAndStockholdersEquity" xlink:to="us-gaap_DefinedBenefitPensionPlanLiabilitiesNoncurrent" order="1.2400" weight="1.00" priority="2" use="optional"/>
    <calculationArc xlink:type="arc" xlink:arcrole="http://www.xbrl.org/2003/arcrole/summation-item" xlink:from="us-gaap_LiabilitiesAndStockholdersEquity" xlink:to="us-gaap_OtherLiabilitiesNoncurrent" order="1.2500" weight="1.00" priority="2" use="optional"/>
    <calculationArc xlink:type="arc" xlink:arcrole="http://www.xbrl.org/2003/arcrole/summation-item" xlink:from="us-gaap_LiabilitiesAndStockholdersEquity" xlink:to="hsh_LiabilitiesOfAssetsHeldForSaleNoncurrent" order="1.2600" weight="1.00" priority="2" use="optional"/>
    <calculationArc xlink:type="arc" xlink:arcrole="http://www.xbrl.org/2003/arcrole/summation-item" xlink:from="us-gaap_LiabilitiesAndStockholdersEquity" xlink:to="us-gaap_StockholdersEquity" order="1.2700" weight="1.00" priority="2" use="optional"/>
    <calculationArc xlink:type="arc" xlink:arcrole="http://www.xbrl.org/2003/arcrole/summation-item" xlink:from="us-gaap_LiabilitiesCurrent" xlink:to="us-gaap_AccountsPayableCurrent" order="1.1800" weight="1.00" priority="2" use="optional"/>
    <calculationArc xlink:type="arc" xlink:arcrole="http://www.xbrl.org/2003/arcrole/summation-item" xlink:from="us-gaap_LiabilitiesCurrent" xlink:to="us-gaap_AccruedLiabilitiesCurrent" order="1.1900" weight="1.00" priority="2" use="optional"/>
    <calculationArc xlink:type="arc" xlink:arcrole="http://www.xbrl.org/2003/arcrole/summation-item" xlink:from="us-gaap_LiabilitiesCurrent" xlink:to="us-gaap_LongTermDebtCurrent" order="1.2000" weight="1.00" priority="2" use="optional"/>
    <calculationArc xlink:type="arc" xlink:arcrole="http://www.xbrl.org/2003/arcrole/summation-item" xlink:from="us-gaap_LiabilitiesCurrent" xlink:to="us-gaap_LiabilitiesOfAssetsHeldForSale" order="1.2100" weight="1.00" priority="2" use="optional"/>
  </calculationLink>
  <calculationLink xlink:type="extended" xlink:role="http://www.hillshirebrands.com/taxonomy/role/StatementOfFinancialPositionClassifiedParenthetical">
  </calculationLink>
  <calculationLink xlink:type="extended" xlink:role="http://www.hillshirebrands.com/taxonomy/role/StatementOfIncomeAlternative">
    <loc xlink:type="locator" xlink:href="http://xbrl.fasb.org/us-gaap/2012/elts/us-gaap-2012-01-31.xsd#us-gaap_AssetImpairmentCharges" xlink:label="us-gaap_AssetImpairmentCharges"/>
    <loc xlink:type="locator" xlink:href="http://xbrl.fasb.org/us-gaap/2012/elts/us-gaap-2012-01-31.xsd#us-gaap_CostOfGoodsAndServicesSold" xlink:label="us-gaap_CostOfGoodsAndServicesSold"/>
    <loc xlink:type="locator" xlink:href="http://xbrl.fasb.org/us-gaap/2012/elts/us-gaap-2012-01-31.xsd#us-gaap_DiscontinuedOperationGainLossOnDisposalOfDiscontinuedOperationNetOfTax" xlink:label="us-gaap_DiscontinuedOperationGainLossOnDisposalOfDiscontinuedOperationNetOfTax"/>
    <loc xlink:type="locator" xlink:href="http://xbrl.fasb.org/us-gaap/2012/elts/us-gaap-2012-01-31.xsd#us-gaap_DiscontinuedOperationIncomeLossFromDiscontinuedOperationDuringPhaseOutPeriodNetOfTax" xlink:label="us-gaap_DiscontinuedOperationIncomeLossFromDiscontinuedOperationDuringPhaseOutPeriodNetOfTax"/>
    <loc xlink:type="locator" xlink:href="http://xbrl.fasb.org/us-gaap/2012/elts/us-gaap-2012-01-31.xsd#us-gaap_IncomeLossFromContinuingOperationsBeforeIncomeTaxesMinorityInterestAndIncomeLossFromEquityMethodInvestments" xlink:label="us-gaap_IncomeLossFromContinuingOperationsBeforeIncomeTaxesMinorityInterestAndIncomeLossFromEquityMethodInvestments"/>
    <loc xlink:type="locator" xlink:href="http://xbrl.fasb.org/us-gaap/2012/elts/us-gaap-2012-01-31.xsd#us-gaap_IncomeLossFromContinuingOperationsIncludingPortionAttributableToNoncontrollingInterest" xlink:label="us-gaap_IncomeLossFromContinuingOperationsIncludingPortionAttributableToNoncontrollingInterest"/>
    <loc xlink:type="locator" xlink:href="http://xbrl.fasb.org/us-gaap/2012/elts/us-gaap-2012-01-31.xsd#us-gaap_IncomeLossFromDiscontinuedOperationsNetOfTax" xlink:label="us-gaap_IncomeLossFromDiscontinuedOperationsNetOfTax"/>
    <loc xlink:type="locator" xlink:href="http://xbrl.fasb.org/us-gaap/2012/elts/us-gaap-2012-01-31.xsd#us-gaap_IncomeLossFromDiscontinuedOperationsNetOfTaxAttributableToNoncontrollingInterest" xlink:label="us-gaap_IncomeLossFromDiscontinuedOperationsNetOfTaxAttributableToNoncontrollingInterest"/>
    <loc xlink:type="locator" xlink:href="http://xbrl.fasb.org/us-gaap/2012/elts/us-gaap-2012-01-31.xsd#us-gaap_IncomeTaxExpenseBenefit" xlink:label="us-gaap_IncomeTaxExpenseBenefit"/>
    <loc xlink:type="locator" xlink:href="http://xbrl.fasb.org/us-gaap/2012/elts/us-gaap-2012-01-31.xsd#us-gaap_InterestExpense" xlink:label="us-gaap_InterestExpense"/>
    <loc xlink:type="locator" xlink:href="http://xbrl.fasb.org/us-gaap/2012/elts/us-gaap-2012-01-31.xsd#us-gaap_InvestmentIncomeInterest" xlink:label="us-gaap_InvestmentIncomeInterest"/>
    <loc xlink:type="locator" xlink:href="http://xbrl.fasb.org/us-gaap/2012/elts/us-gaap-2012-01-31.xsd#us-gaap_NetIncomeLoss" xlink:label="us-gaap_NetIncomeLoss"/>
    <loc xlink:type="locator" xlink:href="http://xbrl.fasb.org/us-gaap/2012/elts/us-gaap-2012-01-31.xsd#us-gaap_OperatingIncomeLoss" xlink:label="us-gaap_OperatingIncomeLoss"/>
    <loc xlink:type="locator" xlink:href="http://xbrl.fasb.org/us-gaap/2012/elts/us-gaap-2012-01-31.xsd#us-gaap_ProfitLoss" xlink:label="us-gaap_ProfitLoss"/>
    <loc xlink:type="locator" xlink:href="hsh-20121229.xsd#hsh_RestructuringChargeNet" xlink:label="hsh_RestructuringChargeNet"/>
    <loc xlink:type="locator" xlink:href="http://xbrl.fasb.org/us-gaap/2012/elts/us-gaap-2012-01-31.xsd#us-gaap_SalesRevenueNet" xlink:label="us-gaap_SalesRevenueNet"/>
    <loc xlink:type="locator" xlink:href="http://xbrl.fasb.org/us-gaap/2012/elts/us-gaap-2012-01-31.xsd#us-gaap_SellingGeneralAndAdministrativeExpense" xlink:label="us-gaap_SellingGeneralAndAdministrativeExpense"/>
    <calculationArc xlink:type="arc" xlink:arcrole="http://www.xbrl.org/2003/arcrole/summation-item" xlink:from="us-gaap_IncomeLossFromContinuingOperationsBeforeIncomeTaxesMinorityInterestAndIncomeLossFromEquityMethodInvestments" xlink:to="us-gaap_OperatingIncomeLoss" order="1.0600" weight="1.00" priority="2" use="optional"/>
    <calculationArc xlink:type="arc" xlink:arcrole="http://www.xbrl.org/2003/arcrole/summation-item" xlink:from="us-gaap_IncomeLossFromContinuingOperationsBeforeIncomeTaxesMinorityInterestAndIncomeLossFromEquityMethodInvestments" xlink:to="us-gaap_InterestExpense" order="1.0700" weight="-1.00" priority="2" use="optional"/>
    <calculationArc xlink:type="arc" xlink:arcrole="http://www.xbrl.org/2003/arcrole/summation-item" xlink:from="us-gaap_IncomeLossFromContinuingOperationsBeforeIncomeTaxesMinorityInterestAndIncomeLossFromEquityMethodInvestments" xlink:to="us-gaap_InvestmentIncomeInterest" order="1.0800" weight="1.00" priority="2" use="optional"/>
    <calculationArc xlink:type="arc" xlink:arcrole="http://www.xbrl.org/2003/arcrole/summation-item" xlink:from="us-gaap_IncomeLossFromContinuingOperationsIncludingPortionAttributableToNoncontrollingInterest" xlink:to="us-gaap_IncomeLossFromContinuingOperationsBeforeIncomeTaxesMinorityInterestAndIncomeLossFromEquityMethodInvestments" order="1.0900" weight="1.00" priority="2" use="optional"/>
    <calculationArc xlink:type="arc" xlink:arcrole="http://www.xbrl.org/2003/arcrole/summation-item" xlink:from="us-gaap_IncomeLossFromContinuingOperationsIncludingPortionAttributableToNoncontrollingInterest" xlink:to="us-gaap_IncomeTaxExpenseBenefit" order="1.1000" weight="-1.00" priority="2" use="optional"/>
    <calculationArc xlink:type="arc" xlink:arcrole="http://www.xbrl.org/2003/arcrole/summation-item" xlink:from="us-gaap_IncomeLossFromDiscontinuedOperationsNetOfTax" xlink:to="us-gaap_DiscontinuedOperationIncomeLossFromDiscontinuedOperationDuringPhaseOutPeriodNetOfTax" order="1.1200" weight="1.00" priority="2" use="optional"/>
    <calculationArc xlink:type="arc" xlink:arcrole="http://www.xbrl.org/2003/arcrole/summation-item" xlink:from="us-gaap_IncomeLossFromDiscontinuedOperationsNetOfTax" xlink:to="us-gaap_DiscontinuedOperationGainLossOnDisposalOfDiscontinuedOperationNetOfTax" order="1.1300" weight="1.00" priority="2" use="optional"/>
    <calculationArc xlink:type="arc" xlink:arcrole="http://www.xbrl.org/2003/arcrole/summation-item" xlink:from="us-gaap_NetIncomeLoss" xlink:to="us-gaap_ProfitLoss" order="1.1500" weight="1.00" priority="2" use="optional"/>
    <calculationArc xlink:type="arc" xlink:arcrole="http://www.xbrl.org/2003/arcrole/summation-item" xlink:from="us-gaap_NetIncomeLoss" xlink:to="us-gaap_IncomeLossFromDiscontinuedOperationsNetOfTaxAttributableToNoncontrollingInterest" order="1.1600" weight="-1.00" priority="2" use="optional"/>
    <calculationArc xlink:type="arc" xlink:arcrole="http://www.xbrl.org/2003/arcrole/summation-item" xlink:from="us-gaap_OperatingIncomeLoss" xlink:to="us-gaap_SalesRevenueNet" order="1.0100" weight="1.00" priority="2" use="optional"/>
    <calculationArc xlink:type="arc" xlink:arcrole="http://www.xbrl.org/2003/arcrole/summation-item" xlink:from="us-gaap_OperatingIncomeLoss" xlink:to="us-gaap_CostOfGoodsAndServicesSold" order="1.0200" weight="-1.00" priority="2" use="optional"/>
    <calculationArc xlink:type="arc" xlink:arcrole="http://www.xbrl.org/2003/arcrole/summation-item" xlink:from="us-gaap_OperatingIncomeLoss" xlink:to="us-gaap_SellingGeneralAndAdministrativeExpense" order="1.0300" weight="-1.00" priority="2" use="optional"/>
    <calculationArc xlink:type="arc" xlink:arcrole="http://www.xbrl.org/2003/arcrole/summation-item" xlink:from="us-gaap_OperatingIncomeLoss" xlink:to="hsh_RestructuringChargeNet" order="1.0400" weight="-1.00" priority="2" use="optional"/>
    <calculationArc xlink:type="arc" xlink:arcrole="http://www.xbrl.org/2003/arcrole/summation-item" xlink:from="us-gaap_OperatingIncomeLoss" xlink:to="us-gaap_AssetImpairmentCharges" order="1.0500" weight="-1.00" priority="2" use="optional"/>
    <calculationArc xlink:type="arc" xlink:arcrole="http://www.xbrl.org/2003/arcrole/summation-item" xlink:from="us-gaap_ProfitLoss" xlink:to="us-gaap_IncomeLossFromContinuingOperationsIncludingPortionAttributableToNoncontrollingInterest" order="1.1100" weight="1.00" priority="2" use="optional"/>
    <calculationArc xlink:type="arc" xlink:arcrole="http://www.xbrl.org/2003/arcrole/summation-item" xlink:from="us-gaap_ProfitLoss" xlink:to="us-gaap_IncomeLossFromDiscontinuedOperationsNetOfTax" order="1.1400" weight="1.00" priority="2" use="optional"/>
  </calculationLink>
  <calculationLink xlink:type="extended" xlink:role="http://www.hillshirebrands.com/taxonomy/role/StatementOfIncomeAlternativeAlternate1">
    <loc xlink:type="locator" xlink:href="http://xbrl.fasb.org/us-gaap/2012/elts/us-gaap-2012-01-31.xsd#us-gaap_IncomeLossFromContinuingOperations" xlink:label="us-gaap_IncomeLossFromContinuingOperations"/>
    <loc xlink:type="locator" xlink:href="http://xbrl.fasb.org/us-gaap/2012/elts/us-gaap-2012-01-31.xsd#us-gaap_IncomeLossFromDiscontinuedOperationsNetOfTaxAttributableToReportingEntity" xlink:label="us-gaap_IncomeLossFromDiscontinuedOperationsNetOfTaxAttributableToReportingEntity"/>
    <loc xlink:type="locator" xlink:href="http://xbrl.fasb.org/us-gaap/2012/elts/us-gaap-2012-01-31.xsd#us-gaap_NetIncomeLoss" xlink:label="us-gaap_NetIncomeLoss"/>
    <calculationArc xlink:type="arc" xlink:arcrole="http://www.xbrl.org/2003/arcrole/summation-item" xlink:from="us-gaap_NetIncomeLoss" xlink:to="us-gaap_IncomeLossFromContinuingOperations" order="1.1700" weight="1.00" priority="2" use="optional"/>
    <calculationArc xlink:type="arc" xlink:arcrole="http://www.xbrl.org/2003/arcrole/summation-item" xlink:from="us-gaap_NetIncomeLoss" xlink:to="us-gaap_IncomeLossFromDiscontinuedOperationsNetOfTaxAttributableToReportingEntity" order="1.1800" weight="1.00" priority="2" use="optional"/>
  </calculationLink>
  <calculationLink xlink:type="extended" xlink:role="http://www.hillshirebrands.com/taxonomy/role/StatementOfIncomeAlternativeParenthetical">
  </calculationLink>
  <calculationLink xlink:type="extended" xlink:role="http://www.hillshirebrands.com/taxonomy/role/StatementOfOtherComprehensiveIncome">
    <loc xlink:type="locator" xlink:href="http://xbrl.fasb.org/us-gaap/2012/elts/us-gaap-2012-01-31.xsd#us-gaap_ComprehensiveIncomeNetOfTax" xlink:label="us-gaap_ComprehensiveIncomeNetOfTax"/>
    <loc xlink:type="locator" xlink:href="http://xbrl.fasb.org/us-gaap/2012/elts/us-gaap-2012-01-31.xsd#us-gaap_ComprehensiveIncomeNetOfTaxAttributableToNoncontrollingInterest" xlink:label="us-gaap_ComprehensiveIncomeNetOfTaxAttributableToNoncontrollingInterest"/>
    <loc xlink:type="locator" xlink:href="http://xbrl.fasb.org/us-gaap/2012/elts/us-gaap-2012-01-31.xsd#us-gaap_ComprehensiveIncomeNetOfTaxIncludingPortionAttributableToNoncontrollingInterest" xlink:label="us-gaap_ComprehensiveIncomeNetOfTaxIncludingPortionAttributableToNoncontrollingInterest"/>
    <loc xlink:type="locator" xlink:href="http://xbrl.fasb.org/us-gaap/2012/elts/us-gaap-2012-01-31.xsd#us-gaap_OtherComprehensiveIncomeLossForeignCurrencyTransactionAndTranslationAdjustmentNetOfTax" xlink:label="us-gaap_OtherComprehensiveIncomeLossForeignCurrencyTransactionAndTranslationAdjustmentNetOfTax"/>
    <loc xlink:type="locator" xlink:href="http://xbrl.fasb.org/us-gaap/2012/elts/us-gaap-2012-01-31.xsd#us-gaap_OtherComprehensiveIncomeLossPensionAndOtherPostretirementBenefitPlansAdjustmentNetOfTax" xlink:label="us-gaap_OtherComprehensiveIncomeLossPensionAndOtherPostretirementBenefitPlansAdjustmentNetOfTax"/>
    <loc xlink:type="locator" xlink:href="http://xbrl.fasb.org/us-gaap/2012/elts/us-gaap-2012-01-31.xsd#us-gaap_OtherComprehensiveIncomeUnrealizedGainLossOnDerivativesArisingDuringPeriodNetOfTax" xlink:label="us-gaap_OtherComprehensiveIncomeUnrealizedGainLossOnDerivativesArisingDuringPeriodNetOfTax"/>
    <loc xlink:type="locator" xlink:href="http://xbrl.fasb.org/us-gaap/2012/elts/us-gaap-2012-01-31.xsd#us-gaap_ProfitLoss" xlink:label="us-gaap_ProfitLoss"/>
    <calculationArc xlink:type="arc" xlink:arcrole="http://www.xbrl.org/2003/arcrole/summation-item" xlink:from="us-gaap_ComprehensiveIncomeNetOfTax" xlink:to="us-gaap_ComprehensiveIncomeNetOfTaxIncludingPortionAttributableToNoncontrollingInterest" order="1.0500" weight="1.00" priority="2" use="optional"/>
    <calculationArc xlink:type="arc" xlink:arcrole="http://www.xbrl.org/2003/arcrole/summation-item" xlink:from="us-gaap_ComprehensiveIncomeNetOfTax" xlink:to="us-gaap_ComprehensiveIncomeNetOfTaxAttributableToNoncontrollingInterest" order="1.0600" weight="-1.00" priority="2" use="optional"/>
    <calculationArc xlink:type="arc" xlink:arcrole="http://www.xbrl.org/2003/arcrole/summation-item" xlink:from="us-gaap_ComprehensiveIncomeNetOfTaxIncludingPortionAttributableToNoncontrollingInterest" xlink:to="us-gaap_ProfitLoss" order="1.0100" weight="1.00" priority="2" use="optional"/>
    <calculationArc xlink:type="arc" xlink:arcrole="http://www.xbrl.org/2003/arcrole/summation-item" xlink:from="us-gaap_ComprehensiveIncomeNetOfTaxIncludingPortionAttributableToNoncontrollingInterest" xlink:to="us-gaap_OtherComprehensiveIncomeLossForeignCurrencyTransactionAndTranslationAdjustmentNetOfTax" order="1.0200" weight="1.00" priority="2" use="optional"/>
    <calculationArc xlink:type="arc" xlink:arcrole="http://www.xbrl.org/2003/arcrole/summation-item" xlink:from="us-gaap_ComprehensiveIncomeNetOfTaxIncludingPortionAttributableToNoncontrollingInterest" xlink:to="us-gaap_OtherComprehensiveIncomeUnrealizedGainLossOnDerivativesArisingDuringPeriodNetOfTax" order="1.0300" weight="1.00" priority="2" use="optional"/>
    <calculationArc xlink:type="arc" xlink:arcrole="http://www.xbrl.org/2003/arcrole/summation-item" xlink:from="us-gaap_ComprehensiveIncomeNetOfTaxIncludingPortionAttributableToNoncontrollingInterest" xlink:to="us-gaap_OtherComprehensiveIncomeLossPensionAndOtherPostretirementBenefitPlansAdjustmentNetOfTax" order="1.0400" weight="-1.00" priority="2" use="optional"/>
  </calculationLink>
  <calculationLink xlink:type="extended" xlink:role="http://www.hillshirebrands.com/taxonomy/role/StatementOfShareholdersEquityAndOtherComprehensiveIncome">
  </calculationLink>
  <calculationLink xlink:type="extended" xlink:role="http://www.hillshirebrands.com/taxonomy/role/StatementOfCashFlowsIndirect">
    <loc xlink:type="locator" xlink:href="http://xbrl.fasb.org/us-gaap/2012/elts/us-gaap-2012-01-31.xsd#us-gaap_AdjustmentForAmortization" xlink:label="us-gaap_AdjustmentForAmortization"/>
    <loc xlink:type="locator" xlink:href="http://xbrl.fasb.org/us-gaap/2012/elts/us-gaap-2012-01-31.xsd#us-gaap_CashAndCashEquivalentsPeriodIncreaseDecrease" xlink:label="us-gaap_CashAndCashEquivalentsPeriodIncreaseDecrease"/>
    <loc xlink:type="locator" xlink:href="http://xbrl.fasb.org/us-gaap/2012/elts/us-gaap-2012-01-31.xsd#us-gaap_Depreciation" xlink:label="us-gaap_Depreciation"/>
    <loc xlink:type="locator" xlink:href="http://xbrl.fasb.org/us-gaap/2012/elts/us-gaap-2012-01-31.xsd#us-gaap_EffectOfExchangeRateOnCashAndCashEquivalents" xlink:label="us-gaap_EffectOfExchangeRateOnCashAndCashEquivalents"/>
    <loc xlink:type="locator" xlink:href="http://xbrl.fasb.org/us-gaap/2012/elts/us-gaap-2012-01-31.xsd#us-gaap_GainLossOnSaleOfBusiness" xlink:label="us-gaap_GainLossOnSaleOfBusiness"/>
    <loc xlink:type="locator" xlink:href="http://xbrl.fasb.org/us-gaap/2012/elts/us-gaap-2012-01-31.xsd#us-gaap_IncreaseDecreaseInAccountsPayable" xlink:label="us-gaap_IncreaseDecreaseInAccountsPayable"/>
    <loc xlink:type="locator" xlink:href="http://xbrl.fasb.org/us-gaap/2012/elts/us-gaap-2012-01-31.xsd#us-gaap_IncreaseDecreaseInAccountsReceivable" xlink:label="us-gaap_IncreaseDecreaseInAccountsReceivable"/>
    <loc xlink:type="locator" xlink:href="http://xbrl.fasb.org/us-gaap/2012/elts/us-gaap-2012-01-31.xsd#us-gaap_IncreaseDecreaseInAccruedIncomeTaxesPayable" xlink:label="us-gaap_IncreaseDecreaseInAccruedIncomeTaxesPayable"/>
    <loc xlink:type="locator" xlink:href="http://xbrl.fasb.org/us-gaap/2012/elts/us-gaap-2012-01-31.xsd#us-gaap_IncreaseDecreaseInAccruedLiabilities" xlink:label="us-gaap_IncreaseDecreaseInAccruedLiabilities"/>
    <loc xlink:type="locator" xlink:href="http://xbrl.fasb.org/us-gaap/2012/elts/us-gaap-2012-01-31.xsd#us-gaap_IncreaseDecreaseInDeferredIncomeTaxes" xlink:label="us-gaap_IncreaseDecreaseInDeferredIncomeTaxes"/>
    <loc xlink:type="locator" xlink:href="http://xbrl.fasb.org/us-gaap/2012/elts/us-gaap-2012-01-31.xsd#us-gaap_IncreaseDecreaseInInventories" xlink:label="us-gaap_IncreaseDecreaseInInventories"/>
    <loc xlink:type="locator" xlink:href="http://xbrl.fasb.org/us-gaap/2012/elts/us-gaap-2012-01-31.xsd#us-gaap_IncreaseDecreaseInOtherOperatingAssets" xlink:label="us-gaap_IncreaseDecreaseInOtherOperatingAssets"/>
    <loc xlink:type="locator" xlink:href="http://xbrl.fasb.org/us-gaap/2012/elts/us-gaap-2012-01-31.xsd#us-gaap_NetCashProvidedByUsedInFinancingActivities" xlink:label="us-gaap_NetCashProvidedByUsedInFinancingActivities"/>
    <loc xlink:type="locator" xlink:href="http://xbrl.fasb.org/us-gaap/2012/elts/us-gaap-2012-01-31.xsd#us-gaap_NetCashProvidedByUsedInInvestingActivities" xlink:label="us-gaap_NetCashProvidedByUsedInInvestingActivities"/>
    <loc xlink:type="locator" xlink:href="http://xbrl.fasb.org/us-gaap/2012/elts/us-gaap-2012-01-31.xsd#us-gaap_NetCashProvidedByUsedInOperatingActivities" xlink:label="us-gaap_NetCashProvidedByUsedInOperatingActivities"/>
    <loc xlink:type="locator" xlink:href="http://xbrl.fasb.org/us-gaap/2012/elts/us-gaap-2012-01-31.xsd#us-gaap_OtherAssetImpairmentCharges" xlink:label="us-gaap_OtherAssetImpairmentCharges"/>
    <loc xlink:type="locator" xlink:href="http://xbrl.fasb.org/us-gaap/2012/elts/us-gaap-2012-01-31.xsd#us-gaap_OtherNoncashIncomeExpense" xlink:label="us-gaap_OtherNoncashIncomeExpense"/>
    <loc xlink:type="locator" xlink:href="http://xbrl.fasb.org/us-gaap/2012/elts/us-gaap-2012-01-31.xsd#us-gaap_PaymentsForProceedsFromBusinessesAndInterestInAffiliates" xlink:label="us-gaap_PaymentsForProceedsFromBusinessesAndInterestInAffiliates"/>
    <loc xlink:type="locator" xlink:href="http://xbrl.fasb.org/us-gaap/2012/elts/us-gaap-2012-01-31.xsd#us-gaap_PaymentsForProceedsFromDerivativeInstrumentInvestingActivities" xlink:label="us-gaap_PaymentsForProceedsFromDerivativeInstrumentInvestingActivities"/>
    <loc xlink:type="locator" xlink:href="http://xbrl.fasb.org/us-gaap/2012/elts/us-gaap-2012-01-31.xsd#us-gaap_PaymentsOfDividends" xlink:label="us-gaap_PaymentsOfDividends"/>
    <loc xlink:type="locator" xlink:href="http://xbrl.fasb.org/us-gaap/2012/elts/us-gaap-2012-01-31.xsd#us-gaap_PaymentsToAcquireBusinessesNetOfCashAcquired" xlink:label="us-gaap_PaymentsToAcquireBusinessesNetOfCashAcquired"/>
    <loc xlink:type="locator" xlink:href="http://xbrl.fasb.org/us-gaap/2012/elts/us-gaap-2012-01-31.xsd#us-gaap_PaymentsToAcquireProductiveAssets" xlink:label="us-gaap_PaymentsToAcquireProductiveAssets"/>
    <loc xlink:type="locator" xlink:href="http://xbrl.fasb.org/us-gaap/2012/elts/us-gaap-2012-01-31.xsd#us-gaap_PaymentsToAcquirePropertyPlantAndEquipment" xlink:label="us-gaap_PaymentsToAcquirePropertyPlantAndEquipment"/>
    <loc xlink:type="locator" xlink:href="http://xbrl.fasb.org/us-gaap/2012/elts/us-gaap-2012-01-31.xsd#us-gaap_PaymentsToMinorityShareholders" xlink:label="us-gaap_PaymentsToMinorityShareholders"/>
    <loc xlink:type="locator" xlink:href="hsh-20121229.xsd#hsh_PensionContributionsNetOfExpense" xlink:label="hsh_PensionContributionsNetOfExpense"/>
    <loc xlink:type="locator" xlink:href="http://xbrl.fasb.org/us-gaap/2012/elts/us-gaap-2012-01-31.xsd#us-gaap_ProceedsFromIssuanceOfCommonStock" xlink:label="us-gaap_ProceedsFromIssuanceOfCommonStock"/>
    <loc xlink:type="locator" xlink:href="http://xbrl.fasb.org/us-gaap/2012/elts/us-gaap-2012-01-31.xsd#us-gaap_ProceedsFromOtherDebt" xlink:label="us-gaap_ProceedsFromOtherDebt"/>
    <loc xlink:type="locator" xlink:href="http://xbrl.fasb.org/us-gaap/2012/elts/us-gaap-2012-01-31.xsd#us-gaap_ProceedsFromRepaymentsOfShortTermDebtMaturingInThreeMonthsOrLess" xlink:label="us-gaap_ProceedsFromRepaymentsOfShortTermDebtMaturingInThreeMonthsOrLess"/>
    <loc xlink:type="locator" xlink:href="http://xbrl.fasb.org/us-gaap/2012/elts/us-gaap-2012-01-31.xsd#us-gaap_ProceedsFromSaleOfProductiveAssets" xlink:label="us-gaap_ProceedsFromSaleOfProductiveAssets"/>
    <loc xlink:type="locator" xlink:href="http://xbrl.fasb.org/us-gaap/2012/elts/us-gaap-2012-01-31.xsd#us-gaap_ProfitLoss" xlink:label="us-gaap_ProfitLoss"/>
    <loc xlink:type="locator" xlink:href="hsh-20121229.xsd#hsh_RepaymentsOfOtherDebtAndDerivatives" xlink:label="hsh_RepaymentsOfOtherDebtAndDerivatives"/>
    <calculationArc xlink:type="arc" xlink:arcrole="http://www.xbrl.org/2003/arcrole/summation-item" xlink:from="us-gaap_CashAndCashEquivalentsPeriodIncreaseDecrease" xlink:to="us-gaap_NetCashProvidedByUsedInOperatingActivities" order="1.1500" weight="1.00" priority="2" use="optional"/>
    <calculationArc xlink:type="arc" xlink:arcrole="http://www.xbrl.org/2003/arcrole/summation-item" xlink:from="us-gaap_CashAndCashEquivalentsPeriodIncreaseDecrease" xlink:to="us-gaap_NetCashProvidedByUsedInInvestingActivities" order="1.2200" weight="1.00" priority="2" use="optional"/>
    <calculationArc xlink:type="arc" xlink:arcrole="http://www.xbrl.org/2003/arcrole/summation-item" xlink:from="us-gaap_CashAndCashEquivalentsPeriodIncreaseDecrease" xlink:to="us-gaap_NetCashProvidedByUsedInFinancingActivities" order="1.2900" weight="1.00" priority="2" use="optional"/>
    <calculationArc xlink:type="arc" xlink:arcrole="http://www.xbrl.org/2003/arcrole/summation-item" xlink:from="us-gaap_CashAndCashEquivalentsPeriodIncreaseDecrease" xlink:to="us-gaap_EffectOfExchangeRateOnCashAndCashEquivalents" order="1.3000" weight="1.00" priority="2" use="optional"/>
    <calculationArc xlink:type="arc" xlink:arcrole="http://www.xbrl.org/2003/arcrole/summation-item" xlink:from="us-gaap_NetCashProvidedByUsedInFinancingActivities" xlink:to="us-gaap_ProceedsFromIssuanceOfCommonStock" order="1.2300" weight="1.00" priority="2" use="optional"/>
    <calculationArc xlink:type="arc" xlink:arcrole="http://www.xbrl.org/2003/arcrole/summation-item" xlink:from="us-gaap_NetCashProvidedByUsedInFinancingActivities" xlink:to="us-gaap_ProceedsFromOtherDebt" order="1.2400" weight="1.00" priority="2" use="optional"/>
    <calculationArc xlink:type="arc" xlink:arcrole="http://www.xbrl.org/2003/arcrole/summation-item" xlink:from="us-gaap_NetCashProvidedByUsedInFinancingActivities" xlink:to="hsh_RepaymentsOfOtherDebtAndDerivatives" order="1.2500" weight="-1.00" priority="2" use="optional"/>
    <calculationArc xlink:type="arc" xlink:arcrole="http://www.xbrl.org/2003/arcrole/summation-item" xlink:from="us-gaap_NetCashProvidedByUsedInFinancingActivities" xlink:to="us-gaap_ProceedsFromRepaymentsOfShortTermDebtMaturingInThreeMonthsOrLess" order="1.2600" weight="1.00" priority="2" use="optional"/>
    <calculationArc xlink:type="arc" xlink:arcrole="http://www.xbrl.org/2003/arcrole/summation-item" xlink:from="us-gaap_NetCashProvidedByUsedInFinancingActivities" xlink:to="us-gaap_PaymentsToMinorityShareholders" order="1.2700" weight="-1.00" priority="2" use="optional"/>
    <calculationArc xlink:type="arc" xlink:arcrole="http://www.xbrl.org/2003/arcrole/summation-item" xlink:from="us-gaap_NetCashProvidedByUsedInFinancingActivities" xlink:to="us-gaap_PaymentsOfDividends" order="1.2800" weight="-1.00" priority="2" use="optional"/>
    <calculationArc xlink:type="arc" xlink:arcrole="http://www.xbrl.org/2003/arcrole/summation-item" xlink:from="us-gaap_NetCashProvidedByUsedInInvestingActivities" xlink:to="us-gaap_PaymentsToAcquirePropertyPlantAndEquipment" order="1.1600" weight="-1.00" priority="2" use="optional"/>
    <calculationArc xlink:type="arc" xlink:arcrole="http://www.xbrl.org/2003/arcrole/summation-item" xlink:from="us-gaap_NetCashProvidedByUsedInInvestingActivities" xlink:to="us-gaap_PaymentsToAcquireProductiveAssets" order="1.1700" weight="-1.00" priority="2" use="optional"/>
    <calculationArc xlink:type="arc" xlink:arcrole="http://www.xbrl.org/2003/arcrole/summation-item" xlink:from="us-gaap_NetCashProvidedByUsedInInvestingActivities" xlink:to="us-gaap_PaymentsToAcquireBusinessesNetOfCashAcquired" order="1.1800" weight="-1.00" priority="2" use="optional"/>
    <calculationArc xlink:type="arc" xlink:arcrole="http://www.xbrl.org/2003/arcrole/summation-item" xlink:from="us-gaap_NetCashProvidedByUsedInInvestingActivities" xlink:to="us-gaap_PaymentsForProceedsFromBusinessesAndInterestInAffiliates" order="1.1900" weight="-1.00" priority="2" use="optional"/>
    <calculationArc xlink:type="arc" xlink:arcrole="http://www.xbrl.org/2003/arcrole/summation-item" xlink:from="us-gaap_NetCashProvidedByUsedInInvestingActivities" xlink:to="us-gaap_PaymentsForProceedsFromDerivativeInstrumentInvestingActivities" order="1.2000" weight="-1.00" priority="2" use="optional"/>
    <calculationArc xlink:type="arc" xlink:arcrole="http://www.xbrl.org/2003/arcrole/summation-item" xlink:from="us-gaap_NetCashProvidedByUsedInInvestingActivities" xlink:to="us-gaap_ProceedsFromSaleOfProductiveAssets" order="1.2100" weight="1.00" priority="2" use="optional"/>
    <calculationArc xlink:type="arc" xlink:arcrole="http://www.xbrl.org/2003/arcrole/summation-item" xlink:from="us-gaap_NetCashProvidedByUsedInOperatingActivities" xlink:to="us-gaap_ProfitLoss" order="1.0100" weight="1.00" priority="2" use="optional"/>
    <calculationArc xlink:type="arc" xlink:arcrole="http://www.xbrl.org/2003/arcrole/summation-item" xlink:from="us-gaap_NetCashProvidedByUsedInOperatingActivities" xlink:to="us-gaap_Depreciation" order="1.0200" weight="1.00" priority="2" use="optional"/>
    <calculationArc xlink:type="arc" xlink:arcrole="http://www.xbrl.org/2003/arcrole/summation-item" xlink:from="us-gaap_NetCashProvidedByUsedInOperatingActivities" xlink:to="us-gaap_AdjustmentForAmortization" order="1.0300" weight="1.00" priority="2" use="optional"/>
    <calculationArc xlink:type="arc" xlink:arcrole="http://www.xbrl.org/2003/arcrole/summation-item" xlink:from="us-gaap_NetCashProvidedByUsedInOperatingActivities" xlink:to="us-gaap_OtherAssetImpairmentCharges" order="1.0400" weight="1.00" priority="2" use="optional"/>
    <calculationArc xlink:type="arc" xlink:arcrole="http://www.xbrl.org/2003/arcrole/summation-item" xlink:from="us-gaap_NetCashProvidedByUsedInOperatingActivities" xlink:to="us-gaap_GainLossOnSaleOfBusiness" order="1.0500" weight="-1.00" priority="2" use="optional"/>
    <calculationArc xlink:type="arc" xlink:arcrole="http://www.xbrl.org/2003/arcrole/summation-item" xlink:from="us-gaap_NetCashProvidedByUsedInOperatingActivities" xlink:to="hsh_PensionContributionsNetOfExpense" order="1.0600" weight="-1.00" priority="2" use="optional"/>
    <calculationArc xlink:type="arc" xlink:arcrole="http://www.xbrl.org/2003/arcrole/summation-item" xlink:from="us-gaap_NetCashProvidedByUsedInOperatingActivities" xlink:to="us-gaap_IncreaseDecreaseInDeferredIncomeTaxes" order="1.0700" weight="-1.00" priority="2" use="optional"/>
    <calculationArc xlink:type="arc" xlink:arcrole="http://www.xbrl.org/2003/arcrole/summation-item" xlink:from="us-gaap_NetCashProvidedByUsedInOperatingActivities" xlink:to="us-gaap_OtherNoncashIncomeExpense" order="1.0800" weight="-1.00" priority="2" use="optional"/>
    <calculationArc xlink:type="arc" xlink:arcrole="http://www.xbrl.org/2003/arcrole/summation-item" xlink:from="us-gaap_NetCashProvidedByUsedInOperatingActivities" xlink:to="us-gaap_IncreaseDecreaseInAccountsReceivable" order="1.0900" weight="-1.00" priority="2" use="optional"/>
    <calculationArc xlink:type="arc" xlink:arcrole="http://www.xbrl.org/2003/arcrole/summation-item" xlink:from="us-gaap_NetCashProvidedByUsedInOperatingActivities" xlink:to="us-gaap_IncreaseDecreaseInInventories" order="1.1000" weight="-1.00" priority="2" use="optional"/>
    <calculationArc xlink:type="arc" xlink:arcrole="http://www.xbrl.org/2003/arcrole/summation-item" xlink:from="us-gaap_NetCashProvidedByUsedInOperatingActivities" xlink:to="us-gaap_IncreaseDecreaseInOtherOperatingAssets" order="1.1100" weight="-1.00" priority="2" use="optional"/>
    <calculationArc xlink:type="arc" xlink:arcrole="http://www.xbrl.org/2003/arcrole/summation-item" xlink:from="us-gaap_NetCashProvidedByUsedInOperatingActivities" xlink:to="us-gaap_IncreaseDecreaseInAccountsPayable" order="1.1200" weight="1.00" priority="2" use="optional"/>
    <calculationArc xlink:type="arc" xlink:arcrole="http://www.xbrl.org/2003/arcrole/summation-item" xlink:from="us-gaap_NetCashProvidedByUsedInOperatingActivities" xlink:to="us-gaap_IncreaseDecreaseInAccruedLiabilities" order="1.1300" weight="1.00" priority="2" use="optional"/>
    <calculationArc xlink:type="arc" xlink:arcrole="http://www.xbrl.org/2003/arcrole/summation-item" xlink:from="us-gaap_NetCashProvidedByUsedInOperatingActivities" xlink:to="us-gaap_IncreaseDecreaseInAccruedIncomeTaxesPayable" order="1.1400" weight="1.00" priority="2" use="optional"/>
  </calculationLink>
  <calculationLink xlink:type="extended" xlink:role="http://www.hillshirebrands.com/taxonomy/role/DisclosureBasisOfPresentationAdditionalInformation">
  </calculationLink>
  <calculationLink xlink:type="extended" xlink:role="http://www.hillshirebrands.com/taxonomy/role/DisclosureErrorCorrectionsConsolidatedStatementOfIncomeImpact">
  </calculationLink>
  <calculationLink xlink:type="extended" xlink:role="http://www.hillshirebrands.com/taxonomy/role/DisclosureErrorCorrectionsComprehensiveIncomeImpact">
  </calculationLink>
  <calculationLink xlink:type="extended" xlink:role="http://www.hillshirebrands.com/taxonomy/role/DisclosureErrorCorrectionsConsolidatedStatementOfCashFlowImpact">
  </calculationLink>
  <calculationLink xlink:type="extended" xlink:role="http://www.hillshirebrands.com/taxonomy/role/DisclosureNetIncomeLossPerShareAdditionalInformation">
  </calculationLink>
  <calculationLink xlink:type="extended" xlink:role="http://www.hillshirebrands.com/taxonomy/role/DisclosureReconciliationBetweenNetIncomeLossPerShareBasicAndDiluted">
    <loc xlink:type="locator" xlink:href="http://xbrl.fasb.org/us-gaap/2012/elts/us-gaap-2012-01-31.xsd#us-gaap_EarningsPerShareBasic" xlink:label="us-gaap_EarningsPerShareBasic"/>
    <loc xlink:type="locator" xlink:href="http://xbrl.fasb.org/us-gaap/2012/elts/us-gaap-2012-01-31.xsd#us-gaap_EarningsPerShareDiluted" xlink:label="us-gaap_EarningsPerShareDiluted"/>
    <loc xlink:type="locator" xlink:href="http://xbrl.fasb.org/us-gaap/2012/elts/us-gaap-2012-01-31.xsd#us-gaap_IncomeLossFromContinuingOperationsPerBasicShare" xlink:label="us-gaap_IncomeLossFromContinuingOperationsPerBasicShare"/>
    <loc xlink:type="locator" xlink:href="http://xbrl.fasb.org/us-gaap/2012/elts/us-gaap-2012-01-31.xsd#us-gaap_IncomeLossFromContinuingOperationsPerDilutedShare" xlink:label="us-gaap_IncomeLossFromContinuingOperationsPerDilutedShare"/>
    <loc xlink:type="locator" xlink:href="http://xbrl.fasb.org/us-gaap/2012/elts/us-gaap-2012-01-31.xsd#us-gaap_IncomeLossFromDiscontinuedOperationsNetOfTaxPerBasicShare" xlink:label="us-gaap_IncomeLossFromDiscontinuedOperationsNetOfTaxPerBasicShare"/>
    <loc xlink:type="locator" xlink:href="http://xbrl.fasb.org/us-gaap/2012/elts/us-gaap-2012-01-31.xsd#us-gaap_IncomeLossFromDiscontinuedOperationsNetOfTaxPerDilutedShare" xlink:label="us-gaap_IncomeLossFromDiscontinuedOperationsNetOfTaxPerDilutedShare"/>
    <loc xlink:type="locator" xlink:href="http://xbrl.fasb.org/us-gaap/2012/elts/us-gaap-2012-01-31.xsd#us-gaap_IncrementalCommonSharesAttributableToShareBasedPaymentArrangements" xlink:label="us-gaap_IncrementalCommonSharesAttributableToShareBasedPaymentArrangements"/>
    <loc xlink:type="locator" xlink:href="http://xbrl.fasb.org/us-gaap/2012/elts/us-gaap-2012-01-31.xsd#us-gaap_WeightedAverageNumberOfDilutedSharesOutstanding" xlink:label="us-gaap_WeightedAverageNumberOfDilutedSharesOutstanding"/>
    <loc xlink:type="locator" xlink:href="http://xbrl.fasb.org/us-gaap/2012/elts/us-gaap-2012-01-31.xsd#us-gaap_WeightedAverageNumberOfSharesOutstandingBasic" xlink:label="us-gaap_WeightedAverageNumberOfSharesOutstandingBasic"/>
    <calculationArc xlink:type="arc" xlink:arcrole="http://www.xbrl.org/2003/arcrole/summation-item" xlink:from="us-gaap_EarningsPerShareBasic" xlink:to="us-gaap_IncomeLossFromContinuingOperationsPerBasicShare" order="1.0300" weight="1.00" priority="2" use="optional"/>
    <calculationArc xlink:type="arc" xlink:arcrole="http://www.xbrl.org/2003/arcrole/summation-item" xlink:from="us-gaap_EarningsPerShareBasic" xlink:to="us-gaap_IncomeLossFromDiscontinuedOperationsNetOfTaxPerBasicShare" order="1.0400" weight="1.00" priority="2" use="optional"/>
    <calculationArc xlink:type="arc" xlink:arcrole="http://www.xbrl.org/2003/arcrole/summation-item" xlink:from="us-gaap_EarningsPerShareDiluted" xlink:to="us-gaap_IncomeLossFromContinuingOperationsPerDilutedShare" order="1.0500" weight="1.00" priority="2" use="optional"/>
    <calculationArc xlink:type="arc" xlink:arcrole="http://www.xbrl.org/2003/arcrole/summation-item" xlink:from="us-gaap_EarningsPerShareDiluted" xlink:to="us-gaap_IncomeLossFromDiscontinuedOperationsNetOfTaxPerDilutedShare" order="1.0600" weight="1.00" priority="2" use="optional"/>
    <calculationArc xlink:type="arc" xlink:arcrole="http://www.xbrl.org/2003/arcrole/summation-item" xlink:from="us-gaap_WeightedAverageNumberOfDilutedSharesOutstanding" xlink:to="us-gaap_WeightedAverageNumberOfSharesOutstandingBasic" order="1.0100" weight="1.00" priority="2" use="optional"/>
    <calculationArc xlink:type="arc" xlink:arcrole="http://www.xbrl.org/2003/arcrole/summation-item" xlink:from="us-gaap_WeightedAverageNumberOfDilutedSharesOutstanding" xlink:to="us-gaap_IncrementalCommonSharesAttributableToShareBasedPaymentArrangements" order="1.0200" weight="1.00" priority="2" use="optional"/>
  </calculationLink>
  <calculationLink xlink:type="extended" xlink:role="http://www.hillshirebrands.com/taxonomy/role/DisclosureSegmentInformationAdditionalInformation">
  </calculationLink>
  <calculationLink xlink:type="extended" xlink:role="http://www.hillshirebrands.com/taxonomy/role/DisclosureNetSalesAndOperatingSegmentIncomeByBusinessSegment">
    <loc xlink:type="locator" xlink:href="http://xbrl.fasb.org/us-gaap/2012/elts/us-gaap-2012-01-31.xsd#us-gaap_IncomeLossFromContinuingOperationsBeforeIncomeTaxesMinorityInterestAndIncomeLossFromEquityMethodInvestments" xlink:label="us-gaap_IncomeLossFromContinuingOperationsBeforeIncomeTaxesMinorityInterestAndIncomeLossFromEquityMethodInvestments"/>
    <loc xlink:type="locator" xlink:href="http://xbrl.fasb.org/us-gaap/2012/elts/us-gaap-2012-01-31.xsd#us-gaap_InterestIncomeExpenseNet" xlink:label="us-gaap_InterestIncomeExpenseNet"/>
    <loc xlink:type="locator" xlink:href="http://xbrl.fasb.org/us-gaap/2012/elts/us-gaap-2012-01-31.xsd#us-gaap_OperatingIncomeLoss" xlink:label="us-gaap_OperatingIncomeLoss"/>
    <loc xlink:type="locator" xlink:href="http://xbrl.fasb.org/us-gaap/2012/elts/us-gaap-2012-01-31.xsd#us-gaap_RevenuesFromTransactionsWithOtherOperatingSegmentsOfSameEntity" xlink:label="us-gaap_RevenuesFromTransactionsWithOtherOperatingSegmentsOfSameEntity"/>
    <loc xlink:type="locator" xlink:href="http://xbrl.fasb.org/us-gaap/2012/elts/us-gaap-2012-01-31.xsd#us-gaap_SalesRevenueNet" xlink:label="us-gaap_SalesRevenueNet"/>
    <loc xlink:type="locator" xlink:href="http://xbrl.fasb.org/us-gaap/2012/elts/us-gaap-2012-01-31.xsd#us-gaap_SegmentReportingInformationRevenue" xlink:label="us-gaap_SegmentReportingInformationRevenue"/>
    <calculationArc xlink:type="arc" xlink:arcrole="http://www.xbrl.org/2003/arcrole/summation-item" xlink:from="us-gaap_IncomeLossFromContinuingOperationsBeforeIncomeTaxesMinorityInterestAndIncomeLossFromEquityMethodInvestments" xlink:to="us-gaap_OperatingIncomeLoss" order="1.0300" weight="1.00" priority="2" use="optional"/>
    <calculationArc xlink:type="arc" xlink:arcrole="http://www.xbrl.org/2003/arcrole/summation-item" xlink:from="us-gaap_IncomeLossFromContinuingOperationsBeforeIncomeTaxesMinorityInterestAndIncomeLossFromEquityMethodInvestments" xlink:to="us-gaap_InterestIncomeExpenseNet" order="1.0400" weight="1.00" priority="2" use="optional"/>
    <calculationArc xlink:type="arc" xlink:arcrole="http://www.xbrl.org/2003/arcrole/summation-item" xlink:from="us-gaap_SalesRevenueNet" xlink:to="us-gaap_SegmentReportingInformationRevenue" order="1.0100" weight="1.00" priority="2" use="optional"/>
    <calculationArc xlink:type="arc" xlink:arcrole="http://www.xbrl.org/2003/arcrole/summation-item" xlink:from="us-gaap_SalesRevenueNet" xlink:to="us-gaap_RevenuesFromTransactionsWithOtherOperatingSegmentsOfSameEntity" order="1.0200" weight="1.00" priority="2" use="optional"/>
  </calculationLink>
  <calculationLink xlink:type="extended" xlink:role="http://www.hillshirebrands.com/taxonomy/role/DisclosureImpairmentAndOtherChargesAdditionalInformation">
  </calculationLink>
  <calculationLink xlink:type="extended" xlink:role="http://www.hillshirebrands.com/taxonomy/role/DisclosureDiscontinuedOperationsAdditionalInformation">
  </calculationLink>
  <calculationLink xlink:type="extended" xlink:role="http://www.hillshirebrands.com/taxonomy/role/DisclosureOperatingResultsOfDiscontinuedOperations">
  </calculationLink>
  <calculationLink xlink:type="extended" xlink:role="http://www.hillshirebrands.com/taxonomy/role/DisclosureGainLossOnSaleOfDiscontinuedOperations">
    <loc xlink:type="locator" xlink:href="http://xbrl.fasb.org/us-gaap/2012/elts/us-gaap-2012-01-31.xsd#us-gaap_DiscontinuedOperationGainLossFromDisposalOfDiscontinuedOperationBeforeIncomeTax" xlink:label="us-gaap_DiscontinuedOperationGainLossFromDisposalOfDiscontinuedOperationBeforeIncomeTax"/>
    <loc xlink:type="locator" xlink:href="http://xbrl.fasb.org/us-gaap/2012/elts/us-gaap-2012-01-31.xsd#us-gaap_DiscontinuedOperationGainLossOnDisposalOfDiscontinuedOperationNetOfTax" xlink:label="us-gaap_DiscontinuedOperationGainLossOnDisposalOfDiscontinuedOperationNetOfTax"/>
    <loc xlink:type="locator" xlink:href="http://xbrl.fasb.org/us-gaap/2012/elts/us-gaap-2012-01-31.xsd#us-gaap_DiscontinuedOperationTaxEffectOfIncomeLossFromDisposalOfDiscontinuedOperation" xlink:label="us-gaap_DiscontinuedOperationTaxEffectOfIncomeLossFromDisposalOfDiscontinuedOperation"/>
    <calculationArc xlink:type="arc" xlink:arcrole="http://www.xbrl.org/2003/arcrole/summation-item" xlink:from="us-gaap_DiscontinuedOperationGainLossOnDisposalOfDiscontinuedOperationNetOfTax" xlink:to="us-gaap_DiscontinuedOperationGainLossFromDisposalOfDiscontinuedOperationBeforeIncomeTax" order="1.0100" weight="1.00" priority="2" use="optional"/>
    <calculationArc xlink:type="arc" xlink:arcrole="http://www.xbrl.org/2003/arcrole/summation-item" xlink:from="us-gaap_DiscontinuedOperationGainLossOnDisposalOfDiscontinuedOperationNetOfTax" xlink:to="us-gaap_DiscontinuedOperationTaxEffectOfIncomeLossFromDisposalOfDiscontinuedOperation" order="1.0200" weight="-1.00" priority="2" use="optional"/>
  </calculationLink>
  <calculationLink xlink:type="extended" xlink:role="http://www.hillshirebrands.com/taxonomy/role/DisclosureSummaryOfAssetAndLiabilititiesHeldForSale">
    <loc xlink:type="locator" xlink:href="http://xbrl.fasb.org/us-gaap/2012/elts/us-gaap-2012-01-31.xsd#us-gaap_AssetsOfDisposalGroupIncludingDiscontinuedOperationCurrent" xlink:label="us-gaap_AssetsOfDisposalGroupIncludingDiscontinuedOperationCurrent"/>
    <loc xlink:type="locator" xlink:href="http://xbrl.fasb.org/us-gaap/2012/elts/us-gaap-2012-01-31.xsd#us-gaap_AssetsOfDisposalGroupIncludingDiscontinuedOperationNoncurrent" xlink:label="us-gaap_AssetsOfDisposalGroupIncludingDiscontinuedOperationNoncurrent"/>
    <loc xlink:type="locator" xlink:href="http://xbrl.fasb.org/us-gaap/2012/elts/us-gaap-2012-01-31.xsd#us-gaap_DisposalGroupIncludingDiscontinuedOperationAccountsNotesAndLoansReceivableNet" xlink:label="us-gaap_DisposalGroupIncludingDiscontinuedOperationAccountsNotesAndLoansReceivableNet"/>
    <loc xlink:type="locator" xlink:href="http://xbrl.fasb.org/us-gaap/2012/elts/us-gaap-2012-01-31.xsd#us-gaap_DisposalGroupIncludingDiscontinuedOperationAccountsPayable" xlink:label="us-gaap_DisposalGroupIncludingDiscontinuedOperationAccountsPayable"/>
    <loc xlink:type="locator" xlink:href="http://xbrl.fasb.org/us-gaap/2012/elts/us-gaap-2012-01-31.xsd#us-gaap_DisposalGroupIncludingDiscontinuedOperationCashAndCashEquivalents" xlink:label="us-gaap_DisposalGroupIncludingDiscontinuedOperationCashAndCashEquivalents"/>
    <loc xlink:type="locator" xlink:href="http://xbrl.fasb.org/us-gaap/2012/elts/us-gaap-2012-01-31.xsd#us-gaap_DisposalGroupIncludingDiscontinuedOperationInventory" xlink:label="us-gaap_DisposalGroupIncludingDiscontinuedOperationInventory"/>
    <loc xlink:type="locator" xlink:href="http://xbrl.fasb.org/us-gaap/2012/elts/us-gaap-2012-01-31.xsd#us-gaap_DisposalGroupIncludingDiscontinuedOperationOtherCurrentAssets" xlink:label="us-gaap_DisposalGroupIncludingDiscontinuedOperationOtherCurrentAssets"/>
    <loc xlink:type="locator" xlink:href="http://xbrl.fasb.org/us-gaap/2012/elts/us-gaap-2012-01-31.xsd#us-gaap_DisposalGroupIncludingDiscontinuedOperationOtherCurrentLiabilities" xlink:label="us-gaap_DisposalGroupIncludingDiscontinuedOperationOtherCurrentLiabilities"/>
    <loc xlink:type="locator" xlink:href="http://xbrl.fasb.org/us-gaap/2012/elts/us-gaap-2012-01-31.xsd#us-gaap_DisposalGroupIncludingDiscontinuedOperationOtherNoncurrentLiabilities" xlink:label="us-gaap_DisposalGroupIncludingDiscontinuedOperationOtherNoncurrentLiabilities"/>
    <loc xlink:type="locator" xlink:href="http://xbrl.fasb.org/us-gaap/2012/elts/us-gaap-2012-01-31.xsd#us-gaap_DisposalGroupIncludingDiscontinuedOperationPropertyPlantAndEquipmentNet" xlink:label="us-gaap_DisposalGroupIncludingDiscontinuedOperationPropertyPlantAndEquipmentNet"/>
    <loc xlink:type="locator" xlink:href="hsh-20121229.xsd#hsh_DisposalGroupIncludingDiscontinuedOperationTotalLiabilities" xlink:label="hsh_DisposalGroupIncludingDiscontinuedOperationTotalLiabilities"/>
    <loc xlink:type="locator" xlink:href="http://xbrl.fasb.org/us-gaap/2012/elts/us-gaap-2012-01-31.xsd#us-gaap_LiabilitiesOfDisposalGroupIncludingDiscontinuedOperationCurrent" xlink:label="us-gaap_LiabilitiesOfDisposalGroupIncludingDiscontinuedOperationCurrent"/>
    <calculationArc xlink:type="arc" xlink:arcrole="http://www.xbrl.org/2003/arcrole/summation-item" xlink:from="us-gaap_AssetsOfDisposalGroupIncludingDiscontinuedOperationCurrent" xlink:to="us-gaap_DisposalGroupIncludingDiscontinuedOperationCashAndCashEquivalents" order="1.0100" weight="1.00" priority="2" use="optional"/>
    <calculationArc xlink:type="arc" xlink:arcrole="http://www.xbrl.org/2003/arcrole/summation-item" xlink:from="us-gaap_AssetsOfDisposalGroupIncludingDiscontinuedOperationCurrent" xlink:to="us-gaap_DisposalGroupIncludingDiscontinuedOperationAccountsNotesAndLoansReceivableNet" order="1.0200" weight="1.00" priority="2" use="optional"/>
    <calculationArc xlink:type="arc" xlink:arcrole="http://www.xbrl.org/2003/arcrole/summation-item" xlink:from="us-gaap_AssetsOfDisposalGroupIncludingDiscontinuedOperationCurrent" xlink:to="us-gaap_DisposalGroupIncludingDiscontinuedOperationInventory" order="1.0300" weight="1.00" priority="2" use="optional"/>
    <calculationArc xlink:type="arc" xlink:arcrole="http://www.xbrl.org/2003/arcrole/summation-item" xlink:from="us-gaap_AssetsOfDisposalGroupIncludingDiscontinuedOperationCurrent" xlink:to="us-gaap_DisposalGroupIncludingDiscontinuedOperationOtherCurrentAssets" order="1.0400" weight="1.00" priority="2" use="optional"/>
    <calculationArc xlink:type="arc" xlink:arcrole="http://www.xbrl.org/2003/arcrole/summation-item" xlink:from="us-gaap_AssetsOfDisposalGroupIncludingDiscontinuedOperationNoncurrent" xlink:to="us-gaap_AssetsOfDisposalGroupIncludingDiscontinuedOperationCurrent" order="1.0500" weight="1.00" priority="2" use="optional"/>
    <calculationArc xlink:type="arc" xlink:arcrole="http://www.xbrl.org/2003/arcrole/summation-item" xlink:from="us-gaap_AssetsOfDisposalGroupIncludingDiscontinuedOperationNoncurrent" xlink:to="us-gaap_DisposalGroupIncludingDiscontinuedOperationPropertyPlantAndEquipmentNet" order="1.0600" weight="1.00" priority="2" use="optional"/>
    <calculationArc xlink:type="arc" xlink:arcrole="http://www.xbrl.org/2003/arcrole/summation-item" xlink:from="hsh_DisposalGroupIncludingDiscontinuedOperationTotalLiabilities" xlink:to="us-gaap_LiabilitiesOfDisposalGroupIncludingDiscontinuedOperationCurrent" order="1.0900" weight="1.00" priority="2" use="optional"/>
    <calculationArc xlink:type="arc" xlink:arcrole="http://www.xbrl.org/2003/arcrole/summation-item" xlink:from="hsh_DisposalGroupIncludingDiscontinuedOperationTotalLiabilities" xlink:to="us-gaap_DisposalGroupIncludingDiscontinuedOperationOtherNoncurrentLiabilities" order="1.1000" weight="1.00" priority="2" use="optional"/>
    <calculationArc xlink:type="arc" xlink:arcrole="http://www.xbrl.org/2003/arcrole/summation-item" xlink:from="us-gaap_LiabilitiesOfDisposalGroupIncludingDiscontinuedOperationCurrent" xlink:to="us-gaap_DisposalGroupIncludingDiscontinuedOperationAccountsPayable" order="1.0700" weight="1.00" priority="2" use="optional"/>
    <calculationArc xlink:type="arc" xlink:arcrole="http://www.xbrl.org/2003/arcrole/summation-item" xlink:from="us-gaap_LiabilitiesOfDisposalGroupIncludingDiscontinuedOperationCurrent" xlink:to="us-gaap_DisposalGroupIncludingDiscontinuedOperationOtherCurrentLiabilities" order="1.0800" weight="1.00" priority="2" use="optional"/>
  </calculationLink>
  <calculationLink xlink:type="extended" xlink:role="http://www.hillshirebrands.com/taxonomy/role/DisclosureCashFlowImpactsOfDiscontinuedOperations">
    <loc xlink:type="locator" xlink:href="http://xbrl.fasb.org/us-gaap/2012/elts/us-gaap-2012-01-31.xsd#us-gaap_CashProvidedByUsedInFinancingActivitiesDiscontinuedOperations" xlink:label="us-gaap_CashProvidedByUsedInFinancingActivitiesDiscontinuedOperations"/>
    <loc xlink:type="locator" xlink:href="http://xbrl.fasb.org/us-gaap/2012/elts/us-gaap-2012-01-31.xsd#us-gaap_CashProvidedByUsedInInvestingActivitiesDiscontinuedOperations" xlink:label="us-gaap_CashProvidedByUsedInInvestingActivitiesDiscontinuedOperations"/>
    <loc xlink:type="locator" xlink:href="http://xbrl.fasb.org/us-gaap/2012/elts/us-gaap-2012-01-31.xsd#us-gaap_CashProvidedByUsedInOperatingActivitiesDiscontinuedOperations" xlink:label="us-gaap_CashProvidedByUsedInOperatingActivitiesDiscontinuedOperations"/>
    <loc xlink:type="locator" xlink:href="http://xbrl.fasb.org/us-gaap/2012/elts/us-gaap-2012-01-31.xsd#us-gaap_EffectOfExchangeRateOnCashAndCashEquivalentsDiscontinuedOperations" xlink:label="us-gaap_EffectOfExchangeRateOnCashAndCashEquivalentsDiscontinuedOperations"/>
    <loc xlink:type="locator" xlink:href="hsh-20121229.xsd#hsh_IncreaseDecreaseInCashOfDiscontinuedOperations" xlink:label="hsh_IncreaseDecreaseInCashOfDiscontinuedOperations"/>
    <calculationArc xlink:type="arc" xlink:arcrole="http://www.xbrl.org/2003/arcrole/summation-item" xlink:from="hsh_IncreaseDecreaseInCashOfDiscontinuedOperations" xlink:to="us-gaap_CashProvidedByUsedInOperatingActivitiesDiscontinuedOperations" order="1.0100" weight="1.00" priority="2" use="optional"/>
    <calculationArc xlink:type="arc" xlink:arcrole="http://www.xbrl.org/2003/arcrole/summation-item" xlink:from="hsh_IncreaseDecreaseInCashOfDiscontinuedOperations" xlink:to="us-gaap_CashProvidedByUsedInInvestingActivitiesDiscontinuedOperations" order="1.0200" weight="1.00" priority="2" use="optional"/>
    <calculationArc xlink:type="arc" xlink:arcrole="http://www.xbrl.org/2003/arcrole/summation-item" xlink:from="hsh_IncreaseDecreaseInCashOfDiscontinuedOperations" xlink:to="us-gaap_CashProvidedByUsedInFinancingActivitiesDiscontinuedOperations" order="1.0300" weight="1.00" priority="2" use="optional"/>
    <calculationArc xlink:type="arc" xlink:arcrole="http://www.xbrl.org/2003/arcrole/summation-item" xlink:from="hsh_IncreaseDecreaseInCashOfDiscontinuedOperations" xlink:to="us-gaap_EffectOfExchangeRateOnCashAndCashEquivalentsDiscontinuedOperations" order="1.0400" weight="1.00" priority="2" use="optional"/>
  </calculationLink>
  <calculationLink xlink:type="extended" xlink:role="http://www.hillshirebrands.com/taxonomy/role/DisclosureSummaryOfExitDisposalAndRestructuringActions">
    <loc xlink:type="locator" xlink:href="http://xbrl.fasb.org/us-gaap/2012/elts/us-gaap-2012-01-31.xsd#us-gaap_IncomeTaxExpenseBenefitContinuingOperations" xlink:label="us-gaap_IncomeTaxExpenseBenefitContinuingOperations"/>
    <loc xlink:type="locator" xlink:href="hsh-20121229.xsd#hsh_ReductionInIncomeFromContinuingOperations" xlink:label="hsh_ReductionInIncomeFromContinuingOperations"/>
    <loc xlink:type="locator" xlink:href="hsh-20121229.xsd#hsh_ReductionInIncomeFromContinuingOperationsBeforeIncomeTaxes" xlink:label="hsh_ReductionInIncomeFromContinuingOperationsBeforeIncomeTaxes"/>
    <loc xlink:type="locator" xlink:href="hsh-20121229.xsd#hsh_RestructuringChargeNet" xlink:label="hsh_RestructuringChargeNet"/>
    <loc xlink:type="locator" xlink:href="http://xbrl.fasb.org/us-gaap/2012/elts/us-gaap-2012-01-31.xsd#us-gaap_SellingGeneralAndAdministrativeExpense" xlink:label="us-gaap_SellingGeneralAndAdministrativeExpense"/>
    <calculationArc xlink:type="arc" xlink:arcrole="http://www.xbrl.org/2003/arcrole/summation-item" xlink:from="hsh_ReductionInIncomeFromContinuingOperations" xlink:to="hsh_ReductionInIncomeFromContinuingOperationsBeforeIncomeTaxes" order="1.0300" weight="1.00" priority="2" use="optional"/>
    <calculationArc xlink:type="arc" xlink:arcrole="http://www.xbrl.org/2003/arcrole/summation-item" xlink:from="hsh_ReductionInIncomeFromContinuingOperations" xlink:to="us-gaap_IncomeTaxExpenseBenefitContinuingOperations" order="1.0400" weight="1.00" priority="2" use="optional"/>
    <calculationArc xlink:type="arc" xlink:arcrole="http://www.xbrl.org/2003/arcrole/summation-item" xlink:from="hsh_ReductionInIncomeFromContinuingOperationsBeforeIncomeTaxes" xlink:to="us-gaap_SellingGeneralAndAdministrativeExpense" order="1.0100" weight="1.00" priority="2" use="optional"/>
    <calculationArc xlink:type="arc" xlink:arcrole="http://www.xbrl.org/2003/arcrole/summation-item" xlink:from="hsh_ReductionInIncomeFromContinuingOperationsBeforeIncomeTaxes" xlink:to="hsh_RestructuringChargeNet" order="1.0200" weight="1.00" priority="2" use="optional"/>
  </calculationLink>
  <calculationLink xlink:type="extended" xlink:role="http://www.hillshirebrands.com/taxonomy/role/DisclosureImpactOfRestructuringActionsOnCorporateBusinessSegmentsAndUnallocatedCorporateExpenses">
    <loc xlink:type="locator" xlink:href="hsh-20121229.xsd#hsh_RestructuringActionsIncreaseInGeneralCorporateExpenses" xlink:label="hsh_RestructuringActionsIncreaseInGeneralCorporateExpenses"/>
    <loc xlink:type="locator" xlink:href="hsh-20121229.xsd#hsh_RestructuringActionsTotalImpact" xlink:label="hsh_RestructuringActionsTotalImpact"/>
    <loc xlink:type="locator" xlink:href="hsh-20121229.xsd#hsh_RestructuringChargesReversalsNet" xlink:label="hsh_RestructuringChargesReversalsNet"/>
    <calculationArc xlink:type="arc" xlink:arcrole="http://www.xbrl.org/2003/arcrole/summation-item" xlink:from="hsh_RestructuringActionsTotalImpact" xlink:to="hsh_RestructuringChargesReversalsNet" order="1.0100" weight="1.00" priority="2" use="optional"/>
    <calculationArc xlink:type="arc" xlink:arcrole="http://www.xbrl.org/2003/arcrole/summation-item" xlink:from="hsh_RestructuringActionsTotalImpact" xlink:to="hsh_RestructuringActionsIncreaseInGeneralCorporateExpenses" order="1.0200" weight="1.00" priority="2" use="optional"/>
  </calculationLink>
  <calculationLink xlink:type="extended" xlink:role="http://www.hillshirebrands.com/taxonomy/role/DisclosureExitDisposalAndRestructuringActivitiesAdditionalInformation">
  </calculationLink>
  <calculationLink xlink:type="extended" xlink:role="http://www.hillshirebrands.com/taxonomy/role/DisclosureTwentyThirteenActionsNetChargesForExitDisposalAndTransformationActionsAndRelatedReserveStatus">
  </calculationLink>
  <calculationLink xlink:type="extended" xlink:role="http://www.hillshirebrands.com/taxonomy/role/DisclosureFinancialInstrumentsAdditionalInformation">
  </calculationLink>
  <calculationLink xlink:type="extended" xlink:role="http://www.hillshirebrands.com/taxonomy/role/DisclosureNotionalValuesOfDerivativeInstruments">
  </calculationLink>
  <calculationLink xlink:type="extended" xlink:role="http://www.hillshirebrands.com/taxonomy/role/DisclosureFairValueOfLongTermDebtIncludingCurrentPortion">
  </calculationLink>
  <calculationLink xlink:type="extended" xlink:role="http://www.hillshirebrands.com/taxonomy/role/DisclosureInformationOnLocationAndAmountsOfDerivativeFairValuesInCondensedConsolidatedBalanceSheet">
  </calculationLink>
  <calculationLink xlink:type="extended" xlink:role="http://www.hillshirebrands.com/taxonomy/role/DisclosureInformationOnLocationAndAmountsOfDerivativeFairValuesInCondensedConsolidatedBalanceSheetParenthetical">
  </calculationLink>
  <calculationLink xlink:type="extended" xlink:role="http://www.hillshirebrands.com/taxonomy/role/DisclosureInformationRelatingToCashFlowHedgesNetInvestmentHedgesFairValueHedgesAndOtherDerivativesNotDesignatedAsHedgingInstruments">
  </calculationLink>
  <calculationLink xlink:type="extended" xlink:role="http://www.hillshirebrands.com/taxonomy/role/DisclosureComponentsOfPeriodicBenefitCostBenefitForPensionAndPostretirementBenefitPlans">
    <loc xlink:type="locator" xlink:href="http://xbrl.fasb.org/us-gaap/2012/elts/us-gaap-2012-01-31.xsd#us-gaap_DefinedBenefitPlanAmortizationOfGainsLosses" xlink:label="us-gaap_DefinedBenefitPlanAmortizationOfGainsLosses"/>
    <loc xlink:type="locator" xlink:href="http://xbrl.fasb.org/us-gaap/2012/elts/us-gaap-2012-01-31.xsd#us-gaap_DefinedBenefitPlanAmortizationOfPriorServiceCostCredit" xlink:label="us-gaap_DefinedBenefitPlanAmortizationOfPriorServiceCostCredit"/>
    <loc xlink:type="locator" xlink:href="http://xbrl.fasb.org/us-gaap/2012/elts/us-gaap-2012-01-31.xsd#us-gaap_DefinedBenefitPlanExpectedReturnOnPlanAssets" xlink:label="us-gaap_DefinedBenefitPlanExpectedReturnOnPlanAssets"/>
    <loc xlink:type="locator" xlink:href="http://xbrl.fasb.org/us-gaap/2012/elts/us-gaap-2012-01-31.xsd#us-gaap_DefinedBenefitPlanInterestCost" xlink:label="us-gaap_DefinedBenefitPlanInterestCost"/>
    <loc xlink:type="locator" xlink:href="http://xbrl.fasb.org/us-gaap/2012/elts/us-gaap-2012-01-31.xsd#us-gaap_DefinedBenefitPlanNetPeriodicBenefitCost" xlink:label="us-gaap_DefinedBenefitPlanNetPeriodicBenefitCost"/>
    <loc xlink:type="locator" xlink:href="http://xbrl.fasb.org/us-gaap/2012/elts/us-gaap-2012-01-31.xsd#us-gaap_DefinedBenefitPlanRecognizedNetGainLossDueToSettlements1" xlink:label="us-gaap_DefinedBenefitPlanRecognizedNetGainLossDueToSettlements1"/>
    <loc xlink:type="locator" xlink:href="hsh-20121229.xsd#hsh_ServiceCostContinuingOperations" xlink:label="hsh_ServiceCostContinuingOperations"/>
    <calculationArc xlink:type="arc" xlink:arcrole="http://www.xbrl.org/2003/arcrole/summation-item" xlink:from="us-gaap_DefinedBenefitPlanNetPeriodicBenefitCost" xlink:to="hsh_ServiceCostContinuingOperations" order="1.0100" weight="1.00" priority="2" use="optional"/>
    <calculationArc xlink:type="arc" xlink:arcrole="http://www.xbrl.org/2003/arcrole/summation-item" xlink:from="us-gaap_DefinedBenefitPlanNetPeriodicBenefitCost" xlink:to="us-gaap_DefinedBenefitPlanInterestCost" order="1.0200" weight="1.00" priority="2" use="optional"/>
    <calculationArc xlink:type="arc" xlink:arcrole="http://www.xbrl.org/2003/arcrole/summation-item" xlink:from="us-gaap_DefinedBenefitPlanNetPeriodicBenefitCost" xlink:to="us-gaap_DefinedBenefitPlanAmortizationOfPriorServiceCostCredit" order="1.0300" weight="1.00" priority="2" use="optional"/>
    <calculationArc xlink:type="arc" xlink:arcrole="http://www.xbrl.org/2003/arcrole/summation-item" xlink:from="us-gaap_DefinedBenefitPlanNetPeriodicBenefitCost" xlink:to="us-gaap_DefinedBenefitPlanExpectedReturnOnPlanAssets" order="1.0400" weight="-1.00" priority="2" use="optional"/>
    <calculationArc xlink:type="arc" xlink:arcrole="http://www.xbrl.org/2003/arcrole/summation-item" xlink:from="us-gaap_DefinedBenefitPlanNetPeriodicBenefitCost" xlink:to="us-gaap_DefinedBenefitPlanAmortizationOfGainsLosses" order="1.0500" weight="-1.00" priority="2" use="optional"/>
    <calculationArc xlink:type="arc" xlink:arcrole="http://www.xbrl.org/2003/arcrole/summation-item" xlink:from="us-gaap_DefinedBenefitPlanNetPeriodicBenefitCost" xlink:to="us-gaap_DefinedBenefitPlanRecognizedNetGainLossDueToSettlements1" order="1.0600" weight="-1.00" priority="2" use="optional"/>
  </calculationLink>
  <calculationLink xlink:type="extended" xlink:role="http://www.hillshirebrands.com/taxonomy/role/DisclosurePensionAndOtherPostretirementBenefitPlansAdditionalInformation">
  </calculationLink>
  <calculationLink xlink:type="extended" xlink:role="http://www.hillshirebrands.com/taxonomy/role/DisclosureTaxExpenseAndEffectiveTaxRateFromContinuingOperations">
  </calculationLink>
  <calculationLink xlink:type="extended" xlink:role="http://www.hillshirebrands.com/taxonomy/role/DisclosureIncomeTaxesAdditionalInformation">
  </calculationLink>
  <calculationLink xlink:type="extended" xlink:role="http://www.hillshirebrands.com/taxonomy/role/DisclosureContingenciesAndCommitmentsAdditionalInformation">
  </calculationLink>
  <calculationLink xlink:type="extended" xlink:role="http://www.hillshirebrands.com/taxonomy/role/NotesToFinancialStatementsOrganizationConsolidationAndPresentationOfFinancialStatementsDisclosureTextBlock">
  </calculationLink>
  <calculationLink xlink:type="extended" xlink:role="http://www.hillshirebrands.com/taxonomy/role/NotesToFinancialStatementsOrganizationConsolidationAndPresentationOfFinancialStatementsDisclosureTextBlockTables">
  </calculationLink>
  <calculationLink xlink:type="extended" xlink:role="http://www.hillshirebrands.com/taxonomy/role/NotesToFinancialStatementsEarningsPerShareTextBlock">
  </calculationLink>
  <calculationLink xlink:type="extended" xlink:role="http://www.hillshirebrands.com/taxonomy/role/NotesToFinancialStatementsEarningsPerShareTextBlockTables">
  </calculationLink>
  <calculationLink xlink:type="extended" xlink:role="http://www.hillshirebrands.com/taxonomy/role/NotesToFinancialStatementsSegmentReportingDisclosureTextBlock">
  </calculationLink>
  <calculationLink xlink:type="extended" xlink:role="http://www.hillshirebrands.com/taxonomy/role/NotesToFinancialStatementsSegmentReportingDisclosureTextBlockTables">
  </calculationLink>
  <calculationLink xlink:type="extended" xlink:role="http://www.hillshirebrands.com/taxonomy/role/NotesToFinancialStatementsAssetImpairmentChargesTextBlock">
  </calculationLink>
  <calculationLink xlink:type="extended" xlink:role="http://www.hillshirebrands.com/taxonomy/role/NotesToFinancialStatementsDisposalGroupsIncludingDiscontinuedOperationsDisclosureTextBlock">
  </calculationLink>
  <calculationLink xlink:type="extended" xlink:role="http://www.hillshirebrands.com/taxonomy/role/NotesToFinancialStatementsDisposalGroupsIncludingDiscontinuedOperationsDisclosureTextBlockTables">
  </calculationLink>
  <calculationLink xlink:type="extended" xlink:role="http://www.hillshirebrands.com/taxonomy/role/NotesToFinancialStatementsRestructuringAndRelatedActivitiesDisclosureTextBlock">
  </calculationLink>
  <calculationLink xlink:type="extended" xlink:role="http://www.hillshirebrands.com/taxonomy/role/NotesToFinancialStatementsRestructuringAndRelatedActivitiesDisclosureTextBlockTables">
  </calculationLink>
  <calculationLink xlink:type="extended" xlink:role="http://www.hillshirebrands.com/taxonomy/role/NotesToFinancialStatementsDerivativeInstrumentsAndHedgingActivitiesDisclosureTextBlock">
  </calculationLink>
  <calculationLink xlink:type="extended" xlink:role="http://www.hillshirebrands.com/taxonomy/role/NotesToFinancialStatementsDerivativeInstrumentsAndHedgingActivitiesDisclosureTextBlockTables">
  </calculationLink>
  <calculationLink xlink:type="extended" xlink:role="http://www.hillshirebrands.com/taxonomy/role/NotesToFinancialStatementsPensionAndOtherPostretirementBenefitsDisclosureTextBlock">
  </calculationLink>
  <calculationLink xlink:type="extended" xlink:role="http://www.hillshirebrands.com/taxonomy/role/NotesToFinancialStatementsPensionAndOtherPostretirementBenefitsDisclosureTextBlockTables">
  </calculationLink>
  <calculationLink xlink:type="extended" xlink:role="http://www.hillshirebrands.com/taxonomy/role/NotesToFinancialStatementsIncomeTaxDisclosureTextBlock">
  </calculationLink>
  <calculationLink xlink:type="extended" xlink:role="http://www.hillshirebrands.com/taxonomy/role/NotesToFinancialStatementsIncomeTaxDisclosureTextBlockTables">
  </calculationLink>
  <calculationLink xlink:type="extended" xlink:role="http://www.hillshirebrands.com/taxonomy/role/NotesToFinancialStatementsCommitmentsAndContingenciesDisclosureTextBlock">
  </calculationLink>
</linkbase>
