<?xml version="1.0" encoding="us-ascii"?>
<!--XBRL document created with Crossfire by Rivet Software version 5.4.121.0 http://www.rivetsoftware.com-->
<!--Based on XBRL 2.1-->
<!--Created on: 1/31/2013 2:21:31 PM-->
<!--Modified on: 1/31/2013 2:21:31 PM-->
<linkbase xmlns="http://www.xbrl.org/2003/linkbase" xmlns:xsi="http://www.w3.org/2001/XMLSchema-instance" xmlns:xlink="http://www.w3.org/1999/xlink" xsi:schemaLocation="http://www.xbrl.org/2003/linkbase http://www.xbrl.org/2003/xbrl-linkbase-2003-12-31.xsd">
  <roleRef xlink:type="simple" xlink:href="uqm-20121231.xsd#StatementConsolidatedBalanceSheets" roleURI="http://www.uqm.com/2010-12-31/role/StatementConsolidatedBalanceSheets" />
  <roleRef xlink:type="simple" xlink:href="uqm-20121231.xsd#StatementConsolidatedStatementsOfOperations" roleURI="http://www.uqm.com/2010-12-31/role/StatementConsolidatedStatementsOfOperations" />
  <roleRef xlink:type="simple" xlink:href="uqm-20121231.xsd#StatementConsolidatedStatementsOfCashFlows" roleURI="http://www.uqm.com/2010-12-31/role/StatementConsolidatedStatementsOfCashFlows" />
  <roleRef xlink:type="simple" xlink:href="uqm-20121231.xsd#DisclosureInvestmentsInvestmentsClassifiedByContractualMaturityDateDetails" roleURI="http://www.uqm.com/2010-12-31/role/DisclosureInvestmentsInvestmentsClassifiedByContractualMaturityDateDetails" />
  <roleRef xlink:type="simple" xlink:href="uqm-20121231.xsd#DisclosureContractsInProcessSummaryOfContractInProcessDetails" roleURI="http://www.uqm.com/2010-12-31/role/DisclosureContractsInProcessSummaryOfContractInProcessDetails" />
  <roleRef xlink:type="simple" xlink:href="uqm-20121231.xsd#DisclosureInventoriesScheduleOfInventoriesDetails" roleURI="http://www.uqm.com/2010-12-31/role/DisclosureInventoriesScheduleOfInventoriesDetails" />
  <roleRef xlink:type="simple" xlink:href="uqm-20121231.xsd#DisclosureOtherCurrentLiabilitiesScheduleOfOtherCurrentLiabilitiesDetails" roleURI="http://www.uqm.com/2010-12-31/role/DisclosureOtherCurrentLiabilitiesScheduleOfOtherCurrentLiabilitiesDetails" />
  <calculationLink xlink:role="http://www.uqm.com/2010-12-31/role/StatementConsolidatedBalanceSheets" xlink:type="extended" xlink:title="00100 - Statement - Consolidated Balance Sheets">
    <loc xlink:type="locator" xlink:href="http://xbrl.fasb.org/us-gaap/2012/elts/us-gaap-2012-01-31.xsd#us-gaap_Assets" xlink:label="us-gaap_Assets_634769155102323474" />
    <loc xlink:type="locator" xlink:href="http://xbrl.fasb.org/us-gaap/2012/elts/us-gaap-2012-01-31.xsd#us-gaap_AssetsCurrent" xlink:label="us-gaap_AssetsCurrent_634952388906273900" />
    <calculationArc xlink:type="arc" xlink:arcrole="http://www.xbrl.org/2003/arcrole/summation-item" xlink:from="us-gaap_Assets_634769155102323474" xlink:to="us-gaap_AssetsCurrent_634952388906273900" order="1" use="optional" weight="1" priority="2" />
    <loc xlink:type="locator" xlink:href="http://xbrl.fasb.org/us-gaap/2012/elts/us-gaap-2012-01-31.xsd#us-gaap_CashAndCashEquivalentsAtCarryingValue" xlink:label="us-gaap_CashAndCashEquivalentsAtCarryingValue_634952388906273900" />
    <calculationArc xlink:type="arc" xlink:arcrole="http://www.xbrl.org/2003/arcrole/summation-item" xlink:from="us-gaap_AssetsCurrent_634952388906273900" xlink:to="us-gaap_CashAndCashEquivalentsAtCarryingValue_634952388906273900" order="1" use="optional" weight="1" priority="3" />
    <loc xlink:type="locator" xlink:href="http://xbrl.fasb.org/us-gaap/2012/elts/us-gaap-2012-01-31.xsd#us-gaap_ShortTermInvestments" xlink:label="us-gaap_ShortTermInvestments_634952388906273900" />
    <calculationArc xlink:type="arc" xlink:arcrole="http://www.xbrl.org/2003/arcrole/summation-item" xlink:from="us-gaap_AssetsCurrent_634952388906273900" xlink:to="us-gaap_ShortTermInvestments_634952388906273900" order="2" use="optional" weight="1" priority="2" />
    <loc xlink:type="locator" xlink:href="http://xbrl.fasb.org/us-gaap/2012/elts/us-gaap-2012-01-31.xsd#us-gaap_AccountsReceivableNet" xlink:label="us-gaap_AccountsReceivableNet_634952388906273900" />
    <calculationArc xlink:type="arc" xlink:arcrole="http://www.xbrl.org/2003/arcrole/summation-item" xlink:from="us-gaap_AssetsCurrent_634952388906273900" xlink:to="us-gaap_AccountsReceivableNet_634952388906273900" order="3" use="optional" weight="1" priority="2" />
    <loc xlink:type="locator" xlink:href="http://xbrl.fasb.org/us-gaap/2012/elts/us-gaap-2012-01-31.xsd#us-gaap_CostsInExcessOfBillingsOnUncompletedContractsOrProgramsExpectedToBeCollectedWithinOneYear" xlink:label="us-gaap_CostsInExcessOfBillingsOnUncompletedContractsOrProgramsExpectedToBeCollectedWithinOneYear_634952388906273900" />
    <calculationArc xlink:type="arc" xlink:arcrole="http://www.xbrl.org/2003/arcrole/summation-item" xlink:from="us-gaap_AssetsCurrent_634952388906273900" xlink:to="us-gaap_CostsInExcessOfBillingsOnUncompletedContractsOrProgramsExpectedToBeCollectedWithinOneYear_634952388906273900" order="4" use="optional" weight="1" priority="2" />
    <loc xlink:type="locator" xlink:href="http://xbrl.fasb.org/us-gaap/2012/elts/us-gaap-2012-01-31.xsd#us-gaap_InventoryNet" xlink:label="us-gaap_InventoryNet_634952388906273900" />
    <calculationArc xlink:type="arc" xlink:arcrole="http://www.xbrl.org/2003/arcrole/summation-item" xlink:from="us-gaap_AssetsCurrent_634952388906273900" xlink:to="us-gaap_InventoryNet_634952388906273900" order="5" use="optional" weight="1" priority="2" />
    <loc xlink:type="locator" xlink:href="http://xbrl.fasb.org/us-gaap/2012/elts/us-gaap-2012-01-31.xsd#us-gaap_AssetsHeldForSaleCurrent" xlink:label="us-gaap_AssetsHeldForSaleCurrent_634952388906273900" />
    <calculationArc xlink:type="arc" xlink:arcrole="http://www.xbrl.org/2003/arcrole/summation-item" xlink:from="us-gaap_AssetsCurrent_634952388906273900" xlink:to="us-gaap_AssetsHeldForSaleCurrent_634952388906273900" order="6" use="optional" weight="1" priority="2" />
    <loc xlink:type="locator" xlink:href="http://xbrl.fasb.org/us-gaap/2012/elts/us-gaap-2012-01-31.xsd#us-gaap_PrepaidExpenseAndOtherAssetsCurrent" xlink:label="us-gaap_PrepaidExpenseAndOtherAssetsCurrent_634952388906273900" />
    <calculationArc xlink:type="arc" xlink:arcrole="http://www.xbrl.org/2003/arcrole/summation-item" xlink:from="us-gaap_AssetsCurrent_634952388906273900" xlink:to="us-gaap_PrepaidExpenseAndOtherAssetsCurrent_634952388906273900" order="7" use="optional" weight="1" priority="2" />
    <loc xlink:type="locator" xlink:href="http://xbrl.fasb.org/us-gaap/2012/elts/us-gaap-2012-01-31.xsd#us-gaap_PropertyPlantAndEquipmentNet" xlink:label="us-gaap_PropertyPlantAndEquipmentNet_634952388906273900" />
    <calculationArc xlink:type="arc" xlink:arcrole="http://www.xbrl.org/2003/arcrole/summation-item" xlink:from="us-gaap_Assets_634769155102323474" xlink:to="us-gaap_PropertyPlantAndEquipmentNet_634952388906273900" order="2" use="optional" weight="1" priority="2" />
    <loc xlink:type="locator" xlink:href="http://xbrl.fasb.org/us-gaap/2012/elts/us-gaap-2012-01-31.xsd#us-gaap_PropertyPlantAndEquipmentGross" xlink:label="us-gaap_PropertyPlantAndEquipmentGross_634952388906273900" />
    <calculationArc xlink:type="arc" xlink:arcrole="http://www.xbrl.org/2003/arcrole/summation-item" xlink:from="us-gaap_PropertyPlantAndEquipmentNet_634952388906273900" xlink:to="us-gaap_PropertyPlantAndEquipmentGross_634952388906273900" order="1" use="optional" weight="1" priority="2" />
    <loc xlink:type="locator" xlink:href="http://xbrl.fasb.org/us-gaap/2012/elts/us-gaap-2012-01-31.xsd#us-gaap_Land" xlink:label="us-gaap_Land_634952388906273900" />
    <calculationArc xlink:type="arc" xlink:arcrole="http://www.xbrl.org/2003/arcrole/summation-item" xlink:from="us-gaap_PropertyPlantAndEquipmentGross_634952388906273900" xlink:to="us-gaap_Land_634952388906273900" order="1" use="optional" weight="1" priority="2" />
    <loc xlink:type="locator" xlink:href="http://xbrl.fasb.org/us-gaap/2012/elts/us-gaap-2012-01-31.xsd#us-gaap_BuildingsAndImprovementsGross" xlink:label="us-gaap_BuildingsAndImprovementsGross_634952388906273900" />
    <calculationArc xlink:type="arc" xlink:arcrole="http://www.xbrl.org/2003/arcrole/summation-item" xlink:from="us-gaap_PropertyPlantAndEquipmentGross_634952388906273900" xlink:to="us-gaap_BuildingsAndImprovementsGross_634952388906273900" order="2" use="optional" weight="1" priority="2" />
    <loc xlink:type="locator" xlink:href="http://xbrl.fasb.org/us-gaap/2012/elts/us-gaap-2012-01-31.xsd#us-gaap_MachineryAndEquipmentGross" xlink:label="us-gaap_MachineryAndEquipmentGross_634952388906273900" />
    <calculationArc xlink:type="arc" xlink:arcrole="http://www.xbrl.org/2003/arcrole/summation-item" xlink:from="us-gaap_PropertyPlantAndEquipmentGross_634952388906273900" xlink:to="us-gaap_MachineryAndEquipmentGross_634952388906273900" order="3" use="optional" weight="1" priority="2" />
    <loc xlink:type="locator" xlink:href="http://xbrl.fasb.org/us-gaap/2012/elts/us-gaap-2012-01-31.xsd#us-gaap_AccumulatedDepreciationDepletionAndAmortizationPropertyPlantAndEquipment" xlink:label="us-gaap_AccumulatedDepreciationDepletionAndAmortizationPropertyPlantAndEquipment_634952388906273900" />
    <calculationArc xlink:type="arc" xlink:arcrole="http://www.xbrl.org/2003/arcrole/summation-item" xlink:from="us-gaap_PropertyPlantAndEquipmentNet_634952388906273900" xlink:to="us-gaap_AccumulatedDepreciationDepletionAndAmortizationPropertyPlantAndEquipment_634952388906273900" order="2" use="optional" weight="-1" priority="2" />
    <loc xlink:type="locator" xlink:href="uqm-20121231.xsd#uqm_PatentCostsNetOfAccumulatedAmortization" xlink:label="uqm_PatentCostsNetOfAccumulatedAmortization_634952388906273900" />
    <calculationArc xlink:type="arc" xlink:arcrole="http://www.xbrl.org/2003/arcrole/summation-item" xlink:from="us-gaap_Assets_634769155102323474" xlink:to="uqm_PatentCostsNetOfAccumulatedAmortization_634952388906273900" order="3" use="optional" weight="1" priority="2" />
    <loc xlink:type="locator" xlink:href="uqm-20121231.xsd#uqm_TrademarkCostsNetOfAccumulatedAmortization" xlink:label="uqm_TrademarkCostsNetOfAccumulatedAmortization_634952388906273900" />
    <calculationArc xlink:type="arc" xlink:arcrole="http://www.xbrl.org/2003/arcrole/summation-item" xlink:from="us-gaap_Assets_634769155102323474" xlink:to="uqm_TrademarkCostsNetOfAccumulatedAmortization_634952388906273900" order="4" use="optional" weight="1" priority="2" />
    <loc xlink:type="locator" xlink:href="http://xbrl.fasb.org/us-gaap/2012/elts/us-gaap-2012-01-31.xsd#us-gaap_OtherAssetsNoncurrent" xlink:label="us-gaap_OtherAssetsNoncurrent_634952388906273900" />
    <calculationArc xlink:type="arc" xlink:arcrole="http://www.xbrl.org/2003/arcrole/summation-item" xlink:from="us-gaap_Assets_634769155102323474" xlink:to="us-gaap_OtherAssetsNoncurrent_634952388906273900" order="5" use="optional" weight="1" priority="2" />
    <loc xlink:type="locator" xlink:href="http://xbrl.fasb.org/us-gaap/2012/elts/us-gaap-2012-01-31.xsd#us-gaap_LiabilitiesAndStockholdersEquity" xlink:label="us-gaap_LiabilitiesAndStockholdersEquity_634769155102323474" />
    <loc xlink:type="locator" xlink:href="http://xbrl.fasb.org/us-gaap/2012/elts/us-gaap-2012-01-31.xsd#us-gaap_Liabilities" xlink:label="us-gaap_Liabilities_634952388906273900" />
    <calculationArc xlink:type="arc" xlink:arcrole="http://www.xbrl.org/2003/arcrole/summation-item" xlink:from="us-gaap_LiabilitiesAndStockholdersEquity_634769155102323474" xlink:to="us-gaap_Liabilities_634952388906273900" order="1" use="optional" weight="1" priority="2" />
    <loc xlink:type="locator" xlink:href="http://xbrl.fasb.org/us-gaap/2012/elts/us-gaap-2012-01-31.xsd#us-gaap_LiabilitiesCurrent" xlink:label="us-gaap_LiabilitiesCurrent_634952388906273900" />
    <calculationArc xlink:type="arc" xlink:arcrole="http://www.xbrl.org/2003/arcrole/summation-item" xlink:from="us-gaap_Liabilities_634952388906273900" xlink:to="us-gaap_LiabilitiesCurrent_634952388906273900" order="1" use="optional" weight="1" priority="2" />
    <loc xlink:type="locator" xlink:href="http://xbrl.fasb.org/us-gaap/2012/elts/us-gaap-2012-01-31.xsd#us-gaap_AccountsPayableCurrent" xlink:label="us-gaap_AccountsPayableCurrent_634952388906273900" />
    <calculationArc xlink:type="arc" xlink:arcrole="http://www.xbrl.org/2003/arcrole/summation-item" xlink:from="us-gaap_LiabilitiesCurrent_634952388906273900" xlink:to="us-gaap_AccountsPayableCurrent_634952388906273900" order="1" use="optional" weight="1" priority="2" />
    <loc xlink:type="locator" xlink:href="http://xbrl.fasb.org/us-gaap/2012/elts/us-gaap-2012-01-31.xsd#us-gaap_DeferredCompensationLiabilityCurrent" xlink:label="us-gaap_DeferredCompensationLiabilityCurrent_634952388906273900" />
    <calculationArc xlink:type="arc" xlink:arcrole="http://www.xbrl.org/2003/arcrole/summation-item" xlink:from="us-gaap_LiabilitiesCurrent_634952388906273900" xlink:to="us-gaap_DeferredCompensationLiabilityCurrent_634952388906273900" order="2" use="optional" weight="1" priority="2" />
    <loc xlink:type="locator" xlink:href="http://xbrl.fasb.org/us-gaap/2012/elts/us-gaap-2012-01-31.xsd#us-gaap_BillingsInExcessOfCost" xlink:label="us-gaap_BillingsInExcessOfCost_634952388906273900" />
    <calculationArc xlink:type="arc" xlink:arcrole="http://www.xbrl.org/2003/arcrole/summation-item" xlink:from="us-gaap_LiabilitiesCurrent_634952388906273900" xlink:to="us-gaap_BillingsInExcessOfCost_634952388906273900" order="3" use="optional" weight="1" priority="2" />
    <loc xlink:type="locator" xlink:href="http://xbrl.fasb.org/us-gaap/2012/elts/us-gaap-2012-01-31.xsd#us-gaap_AccountsPayableAndAccruedLiabilitiesCurrent" xlink:label="us-gaap_AccountsPayableAndAccruedLiabilitiesCurrent_634952388906273900" />
    <calculationArc xlink:type="arc" xlink:arcrole="http://www.xbrl.org/2003/arcrole/summation-item" xlink:from="us-gaap_LiabilitiesCurrent_634952388906273900" xlink:to="us-gaap_AccountsPayableAndAccruedLiabilitiesCurrent_634952388906273900" order="4" use="optional" weight="1" priority="2" />
    <loc xlink:type="locator" xlink:href="http://xbrl.fasb.org/us-gaap/2012/elts/us-gaap-2012-01-31.xsd#us-gaap_DeferredCompensationLiabilityClassifiedNoncurrent" xlink:label="us-gaap_DeferredCompensationLiabilityClassifiedNoncurrent_634952388906273900" />
    <calculationArc xlink:type="arc" xlink:arcrole="http://www.xbrl.org/2003/arcrole/summation-item" xlink:from="us-gaap_Liabilities_634952388906273900" xlink:to="us-gaap_DeferredCompensationLiabilityClassifiedNoncurrent_634952388906273900" order="2" use="optional" weight="1" priority="2" />
    <loc xlink:type="locator" xlink:href="http://xbrl.fasb.org/us-gaap/2012/elts/us-gaap-2012-01-31.xsd#us-gaap_StockholdersEquity" xlink:label="us-gaap_StockholdersEquity_634952388906273900" />
    <calculationArc xlink:type="arc" xlink:arcrole="http://www.xbrl.org/2003/arcrole/summation-item" xlink:from="us-gaap_LiabilitiesAndStockholdersEquity_634769155102323474" xlink:to="us-gaap_StockholdersEquity_634952388906273900" order="2" use="optional" weight="1" priority="2" />
    <loc xlink:type="locator" xlink:href="http://xbrl.fasb.org/us-gaap/2012/elts/us-gaap-2012-01-31.xsd#us-gaap_CommonStockValue" xlink:label="us-gaap_CommonStockValue_634952388906273900" />
    <calculationArc xlink:type="arc" xlink:arcrole="http://www.xbrl.org/2003/arcrole/summation-item" xlink:from="us-gaap_StockholdersEquity_634952388906273900" xlink:to="us-gaap_CommonStockValue_634952388906273900" order="1" use="optional" weight="1" priority="2" />
    <loc xlink:type="locator" xlink:href="http://xbrl.fasb.org/us-gaap/2012/elts/us-gaap-2012-01-31.xsd#us-gaap_AdditionalPaidInCapitalCommonStock" xlink:label="us-gaap_AdditionalPaidInCapitalCommonStock_634952388906273900" />
    <calculationArc xlink:type="arc" xlink:arcrole="http://www.xbrl.org/2003/arcrole/summation-item" xlink:from="us-gaap_StockholdersEquity_634952388906273900" xlink:to="us-gaap_AdditionalPaidInCapitalCommonStock_634952388906273900" order="2" use="optional" weight="1" priority="2" />
    <loc xlink:type="locator" xlink:href="http://xbrl.fasb.org/us-gaap/2012/elts/us-gaap-2012-01-31.xsd#us-gaap_RetainedEarningsAccumulatedDeficit" xlink:label="us-gaap_RetainedEarningsAccumulatedDeficit_634952388906273900" />
    <calculationArc xlink:type="arc" xlink:arcrole="http://www.xbrl.org/2003/arcrole/summation-item" xlink:from="us-gaap_StockholdersEquity_634952388906273900" xlink:to="us-gaap_RetainedEarningsAccumulatedDeficit_634952388906273900" order="3" use="optional" weight="1" priority="2" />
  </calculationLink>
  <calculationLink xlink:role="http://www.uqm.com/2010-12-31/role/StatementConsolidatedStatementsOfOperations" xlink:type="extended" xlink:title="00200 - Statement - Consolidated Statements Of Operations">
    <loc xlink:type="locator" xlink:href="http://xbrl.fasb.org/us-gaap/2012/elts/us-gaap-2012-01-31.xsd#us-gaap_NetIncomeLoss" xlink:label="us-gaap_NetIncomeLoss_634769155102479474" />
    <loc xlink:type="locator" xlink:href="http://xbrl.fasb.org/us-gaap/2012/elts/us-gaap-2012-01-31.xsd#us-gaap_OperatingIncomeLoss" xlink:label="us-gaap_OperatingIncomeLoss_634952388906273900" />
    <calculationArc xlink:type="arc" xlink:arcrole="http://www.xbrl.org/2003/arcrole/summation-item" xlink:from="us-gaap_NetIncomeLoss_634769155102479474" xlink:to="us-gaap_OperatingIncomeLoss_634952388906273900" order="1" use="optional" weight="1" priority="2" />
    <loc xlink:type="locator" xlink:href="http://xbrl.fasb.org/us-gaap/2012/elts/us-gaap-2012-01-31.xsd#us-gaap_Revenues" xlink:label="us-gaap_Revenues_634952388906273900" />
    <calculationArc xlink:type="arc" xlink:arcrole="http://www.xbrl.org/2003/arcrole/summation-item" xlink:from="us-gaap_OperatingIncomeLoss_634952388906273900" xlink:to="us-gaap_Revenues_634952388906273900" order="1" use="optional" weight="1" priority="2" />
    <loc xlink:type="locator" xlink:href="http://xbrl.fasb.org/us-gaap/2012/elts/us-gaap-2012-01-31.xsd#us-gaap_ContractsRevenue" xlink:label="us-gaap_ContractsRevenue_634952388906273900" />
    <calculationArc xlink:type="arc" xlink:arcrole="http://www.xbrl.org/2003/arcrole/summation-item" xlink:from="us-gaap_Revenues_634952388906273900" xlink:to="us-gaap_ContractsRevenue_634952388906273900" order="1" use="optional" weight="1" priority="2" />
    <loc xlink:type="locator" xlink:href="http://xbrl.fasb.org/us-gaap/2012/elts/us-gaap-2012-01-31.xsd#us-gaap_SalesRevenueGoodsNet" xlink:label="us-gaap_SalesRevenueGoodsNet_634952388906273900" />
    <calculationArc xlink:type="arc" xlink:arcrole="http://www.xbrl.org/2003/arcrole/summation-item" xlink:from="us-gaap_Revenues_634952388906273900" xlink:to="us-gaap_SalesRevenueGoodsNet_634952388906273900" order="2" use="optional" weight="1" priority="2" />
    <loc xlink:type="locator" xlink:href="http://xbrl.fasb.org/us-gaap/2012/elts/us-gaap-2012-01-31.xsd#us-gaap_CostsAndExpenses" xlink:label="us-gaap_CostsAndExpenses_634952388906273900" />
    <calculationArc xlink:type="arc" xlink:arcrole="http://www.xbrl.org/2003/arcrole/summation-item" xlink:from="us-gaap_OperatingIncomeLoss_634952388906273900" xlink:to="us-gaap_CostsAndExpenses_634952388906273900" order="2" use="optional" weight="-1" priority="2" />
    <loc xlink:type="locator" xlink:href="http://xbrl.fasb.org/us-gaap/2012/elts/us-gaap-2012-01-31.xsd#us-gaap_ContractRevenueCost" xlink:label="us-gaap_ContractRevenueCost_634952388906273900" />
    <calculationArc xlink:type="arc" xlink:arcrole="http://www.xbrl.org/2003/arcrole/summation-item" xlink:from="us-gaap_CostsAndExpenses_634952388906273900" xlink:to="us-gaap_ContractRevenueCost_634952388906273900" order="1" use="optional" weight="1" priority="2" />
    <loc xlink:type="locator" xlink:href="http://xbrl.fasb.org/us-gaap/2012/elts/us-gaap-2012-01-31.xsd#us-gaap_CostOfGoodsSold" xlink:label="us-gaap_CostOfGoodsSold_634952388906273900" />
    <calculationArc xlink:type="arc" xlink:arcrole="http://www.xbrl.org/2003/arcrole/summation-item" xlink:from="us-gaap_CostsAndExpenses_634952388906273900" xlink:to="us-gaap_CostOfGoodsSold_634952388906273900" order="2" use="optional" weight="1" priority="2" />
    <loc xlink:type="locator" xlink:href="http://xbrl.fasb.org/us-gaap/2012/elts/us-gaap-2012-01-31.xsd#us-gaap_ResearchAndDevelopmentExpense" xlink:label="us-gaap_ResearchAndDevelopmentExpense_634952388906273900" />
    <calculationArc xlink:type="arc" xlink:arcrole="http://www.xbrl.org/2003/arcrole/summation-item" xlink:from="us-gaap_CostsAndExpenses_634952388906273900" xlink:to="us-gaap_ResearchAndDevelopmentExpense_634952388906273900" order="3" use="optional" weight="1" priority="2" />
    <loc xlink:type="locator" xlink:href="uqm-20121231.xsd#uqm_ProductionEngineering" xlink:label="uqm_ProductionEngineering_634952388906273900" />
    <calculationArc xlink:type="arc" xlink:arcrole="http://www.xbrl.org/2003/arcrole/summation-item" xlink:from="us-gaap_CostsAndExpenses_634952388906273900" xlink:to="uqm_ProductionEngineering_634952388906273900" order="4" use="optional" weight="1" priority="2" />
    <loc xlink:type="locator" xlink:href="uqm-20121231.xsd#uqm_ReimbursementOfCostsUnderDoeGrant" xlink:label="uqm_ReimbursementOfCostsUnderDoeGrant_634952388906273900" />
    <calculationArc xlink:type="arc" xlink:arcrole="http://www.xbrl.org/2003/arcrole/summation-item" xlink:from="us-gaap_CostsAndExpenses_634952388906273900" xlink:to="uqm_ReimbursementOfCostsUnderDoeGrant_634952388906273900" order="5" use="optional" weight="-1" priority="2" />
    <loc xlink:type="locator" xlink:href="http://xbrl.fasb.org/us-gaap/2012/elts/us-gaap-2012-01-31.xsd#us-gaap_SellingGeneralAndAdministrativeExpense" xlink:label="us-gaap_SellingGeneralAndAdministrativeExpense_634952388906273900" />
    <calculationArc xlink:type="arc" xlink:arcrole="http://www.xbrl.org/2003/arcrole/summation-item" xlink:from="us-gaap_CostsAndExpenses_634952388906273900" xlink:to="us-gaap_SellingGeneralAndAdministrativeExpense_634952388906273900" order="6" use="optional" weight="1" priority="2" />
    <loc xlink:type="locator" xlink:href="uqm-20121231.xsd#uqm_ImpairmentOfAssetsUnderSupplyAgreement" xlink:label="uqm_ImpairmentOfAssetsUnderSupplyAgreement_634952388906273900" />
    <calculationArc xlink:type="arc" xlink:arcrole="http://www.xbrl.org/2003/arcrole/summation-item" xlink:from="us-gaap_CostsAndExpenses_634952388906273900" xlink:to="uqm_ImpairmentOfAssetsUnderSupplyAgreement_634952388906273900" order="7" use="optional" weight="1" priority="2" />
    <loc xlink:type="locator" xlink:href="http://xbrl.fasb.org/us-gaap/2012/elts/us-gaap-2012-01-31.xsd#us-gaap_GainLossOnSaleOfPropertyPlantEquipment" xlink:label="us-gaap_GainLossOnSaleOfPropertyPlantEquipment_634952388906273900" />
    <calculationArc xlink:type="arc" xlink:arcrole="http://www.xbrl.org/2003/arcrole/summation-item" xlink:from="us-gaap_CostsAndExpenses_634952388906273900" xlink:to="us-gaap_GainLossOnSaleOfPropertyPlantEquipment_634952388906273900" order="8" use="optional" weight="-1" priority="2" />
    <loc xlink:type="locator" xlink:href="http://xbrl.fasb.org/us-gaap/2012/elts/us-gaap-2012-01-31.xsd#us-gaap_NonoperatingIncomeExpense" xlink:label="us-gaap_NonoperatingIncomeExpense_634952388906273900" />
    <calculationArc xlink:type="arc" xlink:arcrole="http://www.xbrl.org/2003/arcrole/summation-item" xlink:from="us-gaap_NetIncomeLoss_634769155102479474" xlink:to="us-gaap_NonoperatingIncomeExpense_634952388906273900" order="2" use="optional" weight="1" priority="2" />
    <loc xlink:type="locator" xlink:href="http://xbrl.fasb.org/us-gaap/2012/elts/us-gaap-2012-01-31.xsd#us-gaap_InvestmentIncomeInterest" xlink:label="us-gaap_InvestmentIncomeInterest_634952388906273900" />
    <calculationArc xlink:type="arc" xlink:arcrole="http://www.xbrl.org/2003/arcrole/summation-item" xlink:from="us-gaap_NonoperatingIncomeExpense_634952388906273900" xlink:to="us-gaap_InvestmentIncomeInterest_634952388906273900" order="1" use="optional" weight="1" priority="2" />
    <loc xlink:type="locator" xlink:href="http://xbrl.fasb.org/us-gaap/2012/elts/us-gaap-2012-01-31.xsd#us-gaap_OtherNonoperatingIncomeExpense" xlink:label="us-gaap_OtherNonoperatingIncomeExpense_634952388906273900" />
    <calculationArc xlink:type="arc" xlink:arcrole="http://www.xbrl.org/2003/arcrole/summation-item" xlink:from="us-gaap_NonoperatingIncomeExpense_634952388906273900" xlink:to="us-gaap_OtherNonoperatingIncomeExpense_634952388906273900" order="2" use="optional" weight="1" priority="2" />
  </calculationLink>
  <calculationLink xlink:role="http://www.uqm.com/2010-12-31/role/StatementConsolidatedStatementsOfCashFlows" xlink:type="extended" xlink:title="00300 - Statement - Consolidated Statements Of Cash Flows">
    <loc xlink:type="locator" xlink:href="http://xbrl.fasb.org/us-gaap/2012/elts/us-gaap-2012-01-31.xsd#us-gaap_CashAndCashEquivalentsPeriodIncreaseDecrease" xlink:label="us-gaap_CashAndCashEquivalentsPeriodIncreaseDecrease_634769155102791474" />
    <loc xlink:type="locator" xlink:href="http://xbrl.fasb.org/us-gaap/2012/elts/us-gaap-2012-01-31.xsd#us-gaap_NetCashProvidedByUsedInOperatingActivities" xlink:label="us-gaap_NetCashProvidedByUsedInOperatingActivities_634952388906273900" />
    <calculationArc xlink:type="arc" xlink:arcrole="http://www.xbrl.org/2003/arcrole/summation-item" xlink:from="us-gaap_CashAndCashEquivalentsPeriodIncreaseDecrease_634769155102791474" xlink:to="us-gaap_NetCashProvidedByUsedInOperatingActivities_634952388906273900" order="1" use="optional" weight="1" priority="2" />
    <loc xlink:type="locator" xlink:href="http://xbrl.fasb.org/us-gaap/2012/elts/us-gaap-2012-01-31.xsd#us-gaap_NetIncomeLoss" xlink:label="us-gaap_NetIncomeLoss_634952388906273900" />
    <calculationArc xlink:type="arc" xlink:arcrole="http://www.xbrl.org/2003/arcrole/summation-item" xlink:from="us-gaap_NetCashProvidedByUsedInOperatingActivities_634952388906273900" xlink:to="us-gaap_NetIncomeLoss_634952388906273900" order="1" use="optional" weight="1" priority="2" />
    <loc xlink:type="locator" xlink:href="http://xbrl.fasb.org/us-gaap/2012/elts/us-gaap-2012-01-31.xsd#us-gaap_ShareBasedCompensation" xlink:label="us-gaap_ShareBasedCompensation_634952388906273900" />
    <calculationArc xlink:type="arc" xlink:arcrole="http://www.xbrl.org/2003/arcrole/summation-item" xlink:from="us-gaap_NetCashProvidedByUsedInOperatingActivities_634952388906273900" xlink:to="us-gaap_ShareBasedCompensation_634952388906273900" order="2" use="optional" weight="1" priority="2" />
    <loc xlink:type="locator" xlink:href="uqm-20121231.xsd#uqm_ImpairmentOfAssetsUnderSupplyAgreement" xlink:label="uqm_ImpairmentOfAssetsUnderSupplyAgreement_634952388906273900" />
    <calculationArc xlink:type="arc" xlink:arcrole="http://www.xbrl.org/2003/arcrole/summation-item" xlink:from="us-gaap_NetCashProvidedByUsedInOperatingActivities_634952388906273900" xlink:to="uqm_ImpairmentOfAssetsUnderSupplyAgreement_634952388906273900" order="3" use="optional" weight="1" priority="2" />
    <loc xlink:type="locator" xlink:href="http://xbrl.fasb.org/us-gaap/2012/elts/us-gaap-2012-01-31.xsd#us-gaap_GainLossOnSaleOfPropertyPlantEquipment" xlink:label="us-gaap_GainLossOnSaleOfPropertyPlantEquipment_634952388906273900" />
    <calculationArc xlink:type="arc" xlink:arcrole="http://www.xbrl.org/2003/arcrole/summation-item" xlink:from="us-gaap_NetCashProvidedByUsedInOperatingActivities_634952388906273900" xlink:to="us-gaap_GainLossOnSaleOfPropertyPlantEquipment_634952388906273900" order="4" use="optional" weight="-1" priority="2" />
    <loc xlink:type="locator" xlink:href="http://xbrl.fasb.org/us-gaap/2012/elts/us-gaap-2012-01-31.xsd#us-gaap_IncreaseDecreaseInInventories" xlink:label="us-gaap_IncreaseDecreaseInInventories_634952388906273900" />
    <calculationArc xlink:type="arc" xlink:arcrole="http://www.xbrl.org/2003/arcrole/summation-item" xlink:from="us-gaap_NetCashProvidedByUsedInOperatingActivities_634952388906273900" xlink:to="us-gaap_IncreaseDecreaseInInventories_634952388906273900" order="5" use="optional" weight="-1" priority="3" />
    <loc xlink:type="locator" xlink:href="http://xbrl.fasb.org/us-gaap/2012/elts/us-gaap-2012-01-31.xsd#us-gaap_IncreaseDecreaseInPrepaidDeferredExpenseAndOtherAssets" xlink:label="us-gaap_IncreaseDecreaseInPrepaidDeferredExpenseAndOtherAssets_634952388906273900" />
    <calculationArc xlink:type="arc" xlink:arcrole="http://www.xbrl.org/2003/arcrole/summation-item" xlink:from="us-gaap_NetCashProvidedByUsedInOperatingActivities_634952388906273900" xlink:to="us-gaap_IncreaseDecreaseInPrepaidDeferredExpenseAndOtherAssets_634952388906273900" order="6" use="optional" weight="-1" priority="3" />
    <loc xlink:type="locator" xlink:href="http://xbrl.fasb.org/us-gaap/2012/elts/us-gaap-2012-01-31.xsd#us-gaap_IncreaseDecreaseInOtherAccountsPayableAndAccruedLiabilities" xlink:label="us-gaap_IncreaseDecreaseInOtherAccountsPayableAndAccruedLiabilities_634952388906273900" />
    <calculationArc xlink:type="arc" xlink:arcrole="http://www.xbrl.org/2003/arcrole/summation-item" xlink:from="us-gaap_NetCashProvidedByUsedInOperatingActivities_634952388906273900" xlink:to="us-gaap_IncreaseDecreaseInOtherAccountsPayableAndAccruedLiabilities_634952388906273900" order="7" use="optional" weight="1" priority="2" />
    <loc xlink:type="locator" xlink:href="http://xbrl.fasb.org/us-gaap/2012/elts/us-gaap-2012-01-31.xsd#us-gaap_IncreaseDecreaseInBillingInExcessOfCostOfEarnings" xlink:label="us-gaap_IncreaseDecreaseInBillingInExcessOfCostOfEarnings_634952388906273900" />
    <calculationArc xlink:type="arc" xlink:arcrole="http://www.xbrl.org/2003/arcrole/summation-item" xlink:from="us-gaap_NetCashProvidedByUsedInOperatingActivities_634952388906273900" xlink:to="us-gaap_IncreaseDecreaseInBillingInExcessOfCostOfEarnings_634952388906273900" order="8" use="optional" weight="1" priority="2" />
    <loc xlink:type="locator" xlink:href="uqm-20121231.xsd#uqm_IncreaseDecreaseAccountsReceivableAndCostsAndEstimatedEarningsInExcessOfBillingsOnUncompletedContracts" xlink:label="uqm_IncreaseDecreaseAccountsReceivableAndCostsAndEstimatedEarningsInExcessOfBillingsOnUncompletedContracts_634952388906273900" />
    <calculationArc xlink:type="arc" xlink:arcrole="http://www.xbrl.org/2003/arcrole/summation-item" xlink:from="us-gaap_NetCashProvidedByUsedInOperatingActivities_634952388906273900" xlink:to="uqm_IncreaseDecreaseAccountsReceivableAndCostsAndEstimatedEarningsInExcessOfBillingsOnUncompletedContracts_634952388906273900" order="9" use="optional" weight="-1" priority="3" />
    <loc xlink:type="locator" xlink:href="http://xbrl.fasb.org/us-gaap/2012/elts/us-gaap-2012-01-31.xsd#us-gaap_DepreciationDepletionAndAmortization" xlink:label="us-gaap_DepreciationDepletionAndAmortization_634952388906273900" />
    <calculationArc xlink:type="arc" xlink:arcrole="http://www.xbrl.org/2003/arcrole/summation-item" xlink:from="us-gaap_NetCashProvidedByUsedInOperatingActivities_634952388906273900" xlink:to="us-gaap_DepreciationDepletionAndAmortization_634952388906273900" order="10" use="optional" weight="1" priority="2" />
    <loc xlink:type="locator" xlink:href="http://xbrl.fasb.org/us-gaap/2012/elts/us-gaap-2012-01-31.xsd#us-gaap_IncreaseDecreaseInDeferredCompensation" xlink:label="us-gaap_IncreaseDecreaseInDeferredCompensation_634952388906273900" />
    <calculationArc xlink:type="arc" xlink:arcrole="http://www.xbrl.org/2003/arcrole/summation-item" xlink:from="us-gaap_NetCashProvidedByUsedInOperatingActivities_634952388906273900" xlink:to="us-gaap_IncreaseDecreaseInDeferredCompensation_634952388906273900" order="11" use="optional" weight="1" priority="2" />
    <loc xlink:type="locator" xlink:href="http://xbrl.fasb.org/us-gaap/2012/elts/us-gaap-2012-01-31.xsd#us-gaap_NetCashProvidedByUsedInInvestingActivities" xlink:label="us-gaap_NetCashProvidedByUsedInInvestingActivities_634952388906273900" />
    <calculationArc xlink:type="arc" xlink:arcrole="http://www.xbrl.org/2003/arcrole/summation-item" xlink:from="us-gaap_CashAndCashEquivalentsPeriodIncreaseDecrease_634769155102791474" xlink:to="us-gaap_NetCashProvidedByUsedInInvestingActivities_634952388906273900" order="2" use="optional" weight="1" priority="2" />
    <loc xlink:type="locator" xlink:href="http://xbrl.fasb.org/us-gaap/2012/elts/us-gaap-2012-01-31.xsd#us-gaap_PaymentsToAcquireShortTermInvestments" xlink:label="us-gaap_PaymentsToAcquireShortTermInvestments_634952388906273900" />
    <calculationArc xlink:type="arc" xlink:arcrole="http://www.xbrl.org/2003/arcrole/summation-item" xlink:from="us-gaap_NetCashProvidedByUsedInInvestingActivities_634952388906273900" xlink:to="us-gaap_PaymentsToAcquireShortTermInvestments_634952388906273900" order="1" use="optional" weight="-1" priority="2" />
    <loc xlink:type="locator" xlink:href="http://xbrl.fasb.org/us-gaap/2012/elts/us-gaap-2012-01-31.xsd#us-gaap_PaymentsToAcquirePropertyPlantAndEquipment" xlink:label="us-gaap_PaymentsToAcquirePropertyPlantAndEquipment_634952388906273900" />
    <calculationArc xlink:type="arc" xlink:arcrole="http://www.xbrl.org/2003/arcrole/summation-item" xlink:from="us-gaap_NetCashProvidedByUsedInInvestingActivities_634952388906273900" xlink:to="us-gaap_PaymentsToAcquirePropertyPlantAndEquipment_634952388906273900" order="2" use="optional" weight="-1" priority="2" />
    <loc xlink:type="locator" xlink:href="http://xbrl.fasb.org/us-gaap/2012/elts/us-gaap-2012-01-31.xsd#us-gaap_PaymentsToAcquireIntangibleAssets" xlink:label="us-gaap_PaymentsToAcquireIntangibleAssets_634952388906273900" />
    <calculationArc xlink:type="arc" xlink:arcrole="http://www.xbrl.org/2003/arcrole/summation-item" xlink:from="us-gaap_NetCashProvidedByUsedInInvestingActivities_634952388906273900" xlink:to="us-gaap_PaymentsToAcquireIntangibleAssets_634952388906273900" order="3" use="optional" weight="-1" priority="2" />
    <loc xlink:type="locator" xlink:href="http://xbrl.fasb.org/us-gaap/2012/elts/us-gaap-2012-01-31.xsd#us-gaap_IncreaseDecreaseInOtherNoncurrentAssets" xlink:label="us-gaap_IncreaseDecreaseInOtherNoncurrentAssets_634952388906273900" />
    <calculationArc xlink:type="arc" xlink:arcrole="http://www.xbrl.org/2003/arcrole/summation-item" xlink:from="us-gaap_NetCashProvidedByUsedInInvestingActivities_634952388906273900" xlink:to="us-gaap_IncreaseDecreaseInOtherNoncurrentAssets_634952388906273900" order="4" use="optional" weight="-1" priority="2" />
    <loc xlink:type="locator" xlink:href="http://xbrl.fasb.org/us-gaap/2012/elts/us-gaap-2012-01-31.xsd#us-gaap_ProceedsFromMaturitiesPrepaymentsAndCallsOfShorttermInvestments" xlink:label="us-gaap_ProceedsFromMaturitiesPrepaymentsAndCallsOfShorttermInvestments_634952388906273900" />
    <calculationArc xlink:type="arc" xlink:arcrole="http://www.xbrl.org/2003/arcrole/summation-item" xlink:from="us-gaap_NetCashProvidedByUsedInInvestingActivities_634952388906273900" xlink:to="us-gaap_ProceedsFromMaturitiesPrepaymentsAndCallsOfShorttermInvestments_634952388906273900" order="5" use="optional" weight="1" priority="2" />
    <loc xlink:type="locator" xlink:href="uqm-20121231.xsd#uqm_ProceedsFromPropertyAndEquipmentReimbursementsFromGrantors" xlink:label="uqm_ProceedsFromPropertyAndEquipmentReimbursementsFromGrantors_634952388906273900" />
    <calculationArc xlink:type="arc" xlink:arcrole="http://www.xbrl.org/2003/arcrole/summation-item" xlink:from="us-gaap_NetCashProvidedByUsedInInvestingActivities_634952388906273900" xlink:to="uqm_ProceedsFromPropertyAndEquipmentReimbursementsFromGrantors_634952388906273900" order="6" use="optional" weight="1" priority="2" />
    <loc xlink:type="locator" xlink:href="http://xbrl.fasb.org/us-gaap/2012/elts/us-gaap-2012-01-31.xsd#us-gaap_ProceedsFromSaleOfPropertyPlantAndEquipment" xlink:label="us-gaap_ProceedsFromSaleOfPropertyPlantAndEquipment_634952388906273900" />
    <calculationArc xlink:type="arc" xlink:arcrole="http://www.xbrl.org/2003/arcrole/summation-item" xlink:from="us-gaap_NetCashProvidedByUsedInInvestingActivities_634952388906273900" xlink:to="us-gaap_ProceedsFromSaleOfPropertyPlantAndEquipment_634952388906273900" order="7" use="optional" weight="1" priority="2" />
    <loc xlink:type="locator" xlink:href="http://xbrl.fasb.org/us-gaap/2012/elts/us-gaap-2012-01-31.xsd#us-gaap_NetCashProvidedByUsedInFinancingActivities" xlink:label="us-gaap_NetCashProvidedByUsedInFinancingActivities_634952388906273900" />
    <calculationArc xlink:type="arc" xlink:arcrole="http://www.xbrl.org/2003/arcrole/summation-item" xlink:from="us-gaap_CashAndCashEquivalentsPeriodIncreaseDecrease_634769155102791474" xlink:to="us-gaap_NetCashProvidedByUsedInFinancingActivities_634952388906273900" order="3" use="optional" weight="1" priority="2" />
    <loc xlink:type="locator" xlink:href="http://xbrl.fasb.org/us-gaap/2012/elts/us-gaap-2012-01-31.xsd#us-gaap_ProceedsFromIssuanceOfSharesUnderIncentiveAndShareBasedCompensationPlansIncludingStockOptions" xlink:label="us-gaap_ProceedsFromIssuanceOfSharesUnderIncentiveAndShareBasedCompensationPlansIncludingStockOptions_634952388906273900" />
    <calculationArc xlink:type="arc" xlink:arcrole="http://www.xbrl.org/2003/arcrole/summation-item" xlink:from="us-gaap_NetCashProvidedByUsedInFinancingActivities_634952388906273900" xlink:to="us-gaap_ProceedsFromIssuanceOfSharesUnderIncentiveAndShareBasedCompensationPlansIncludingStockOptions_634952388906273900" order="1" use="optional" weight="1" priority="2" />
    <loc xlink:type="locator" xlink:href="http://xbrl.fasb.org/us-gaap/2012/elts/us-gaap-2012-01-31.xsd#us-gaap_PaymentsForRepurchaseOfCommonStock" xlink:label="us-gaap_PaymentsForRepurchaseOfCommonStock_634952388906273900" />
    <calculationArc xlink:type="arc" xlink:arcrole="http://www.xbrl.org/2003/arcrole/summation-item" xlink:from="us-gaap_NetCashProvidedByUsedInFinancingActivities_634952388906273900" xlink:to="us-gaap_PaymentsForRepurchaseOfCommonStock_634952388906273900" order="2" use="optional" weight="-1" priority="2" />
  </calculationLink>
  <calculationLink xlink:role="http://www.uqm.com/2010-12-31/role/DisclosureInvestmentsInvestmentsClassifiedByContractualMaturityDateDetails" xlink:type="extended" xlink:title="40502 - Disclosure - Investments (Investments Classified By Contractual Maturity Date) (Details)">
    <loc xlink:type="locator" xlink:href="http://xbrl.fasb.org/us-gaap/2012/elts/us-gaap-2012-01-31.xsd#us-gaap_HeldToMaturitySecurities" xlink:label="us-gaap_HeldToMaturitySecurities" />
    <loc xlink:type="locator" xlink:href="uqm-20121231.xsd#uqm_HeldToMaturitySecuritiesDebtMaturitiesAfterSixAndThroughTwelveMonthsNetCarryingAmount" xlink:label="uqm_HeldToMaturitySecuritiesDebtMaturitiesAfterSixAndThroughTwelveMonthsNetCarryingAmount_634952388906273900" />
    <calculationArc xlink:type="arc" xlink:arcrole="http://www.xbrl.org/2003/arcrole/summation-item" xlink:from="us-gaap_HeldToMaturitySecurities" xlink:to="uqm_HeldToMaturitySecuritiesDebtMaturitiesAfterSixAndThroughTwelveMonthsNetCarryingAmount_634952388906273900" order="1" use="optional" weight="1" priority="2" />
    <loc xlink:type="locator" xlink:href="uqm-20121231.xsd#uqm_HeldToMaturitySecuritiesDebtMaturitiesAfterThreeAndThroughSixMonthsNetCarryingAmount" xlink:label="uqm_HeldToMaturitySecuritiesDebtMaturitiesAfterThreeAndThroughSixMonthsNetCarryingAmount_634952388906273900" />
    <calculationArc xlink:type="arc" xlink:arcrole="http://www.xbrl.org/2003/arcrole/summation-item" xlink:from="us-gaap_HeldToMaturitySecurities" xlink:to="uqm_HeldToMaturitySecuritiesDebtMaturitiesAfterThreeAndThroughSixMonthsNetCarryingAmount_634952388906273900" order="2" use="optional" weight="1" priority="2" />
    <loc xlink:type="locator" xlink:href="http://xbrl.fasb.org/us-gaap/2012/elts/us-gaap-2012-01-31.xsd#us-gaap_HeldToMaturitySecuritiesNoncurrent" xlink:label="us-gaap_HeldToMaturitySecuritiesNoncurrent_634952388906273900" />
    <calculationArc xlink:type="arc" xlink:arcrole="http://www.xbrl.org/2003/arcrole/summation-item" xlink:from="us-gaap_HeldToMaturitySecurities" xlink:to="us-gaap_HeldToMaturitySecuritiesNoncurrent_634952388906273900" order="3" use="optional" weight="1" priority="2" />
  </calculationLink>
  <calculationLink xlink:role="http://www.uqm.com/2010-12-31/role/DisclosureContractsInProcessSummaryOfContractInProcessDetails" xlink:type="extended" xlink:title="40602 - Disclosure - Contracts In Process (Summary Of Contract In Process) (Details)">
    <loc xlink:type="locator" xlink:href="uqm-20121231.xsd#uqm_ContractsInProcess" xlink:label="uqm_ContractsInProcess" />
    <loc xlink:type="locator" xlink:href="uqm-20121231.xsd#uqm_ContractsInProcessBillingsToDate" xlink:label="uqm_ContractsInProcessBillingsToDate_634952388906273900" />
    <calculationArc xlink:type="arc" xlink:arcrole="http://www.xbrl.org/2003/arcrole/summation-item" xlink:from="uqm_ContractsInProcess" xlink:to="uqm_ContractsInProcessBillingsToDate_634952388906273900" order="1" use="optional" weight="-1" priority="2" />
    <loc xlink:type="locator" xlink:href="http://xbrl.fasb.org/us-gaap/2012/elts/us-gaap-2012-01-31.xsd#us-gaap_ReceivablesLongTermContractsOrPrograms" xlink:label="us-gaap_ReceivablesLongTermContractsOrPrograms_634952388906273900" />
    <calculationArc xlink:type="arc" xlink:arcrole="http://www.xbrl.org/2003/arcrole/summation-item" xlink:from="uqm_ContractsInProcess" xlink:to="us-gaap_ReceivablesLongTermContractsOrPrograms_634952388906273900" order="2" use="optional" weight="1" priority="2" />
    <loc xlink:type="locator" xlink:href="uqm-20121231.xsd#uqm_CostsIncurredUncompletedProjects" xlink:label="uqm_CostsIncurredUncompletedProjects_634952388906273900" />
    <calculationArc xlink:type="arc" xlink:arcrole="http://www.xbrl.org/2003/arcrole/summation-item" xlink:from="us-gaap_ReceivablesLongTermContractsOrPrograms_634952388906273900" xlink:to="uqm_CostsIncurredUncompletedProjects_634952388906273900" order="1" use="optional" weight="1" priority="2" />
    <loc xlink:type="locator" xlink:href="uqm-20121231.xsd#uqm_EstimatedEarningsOfContractsInProcess" xlink:label="uqm_EstimatedEarningsOfContractsInProcess_634952388906273900" />
    <calculationArc xlink:type="arc" xlink:arcrole="http://www.xbrl.org/2003/arcrole/summation-item" xlink:from="us-gaap_ReceivablesLongTermContractsOrPrograms_634952388906273900" xlink:to="uqm_EstimatedEarningsOfContractsInProcess_634952388906273900" order="2" use="optional" weight="1" priority="2" />
  </calculationLink>
  <calculationLink xlink:role="http://www.uqm.com/2010-12-31/role/DisclosureInventoriesScheduleOfInventoriesDetails" xlink:type="extended" xlink:title="40701 - Disclosure - Inventories (Schedule Of Inventories) (Details)">
    <loc xlink:type="locator" xlink:href="http://xbrl.fasb.org/us-gaap/2012/elts/us-gaap-2012-01-31.xsd#us-gaap_InventoryNet" xlink:label="us-gaap_InventoryNet_634696387406562304" />
    <loc xlink:type="locator" xlink:href="http://xbrl.fasb.org/us-gaap/2012/elts/us-gaap-2012-01-31.xsd#us-gaap_InventoryFinishedGoods" xlink:label="us-gaap_InventoryFinishedGoods_634952388906273900" />
    <calculationArc xlink:type="arc" xlink:arcrole="http://www.xbrl.org/2003/arcrole/summation-item" xlink:from="us-gaap_InventoryNet_634696387406562304" xlink:to="us-gaap_InventoryFinishedGoods_634952388906273900" order="1" use="optional" weight="1" priority="2" />
    <loc xlink:type="locator" xlink:href="http://xbrl.fasb.org/us-gaap/2012/elts/us-gaap-2012-01-31.xsd#us-gaap_InventoryRawMaterials" xlink:label="us-gaap_InventoryRawMaterials_634952388906273900" />
    <calculationArc xlink:type="arc" xlink:arcrole="http://www.xbrl.org/2003/arcrole/summation-item" xlink:from="us-gaap_InventoryNet_634696387406562304" xlink:to="us-gaap_InventoryRawMaterials_634952388906273900" order="2" use="optional" weight="1" priority="2" />
    <loc xlink:type="locator" xlink:href="http://xbrl.fasb.org/us-gaap/2012/elts/us-gaap-2012-01-31.xsd#us-gaap_InventoryWorkInProcess" xlink:label="us-gaap_InventoryWorkInProcess_634952388906429897" />
    <calculationArc xlink:type="arc" xlink:arcrole="http://www.xbrl.org/2003/arcrole/summation-item" xlink:from="us-gaap_InventoryNet_634696387406562304" xlink:to="us-gaap_InventoryWorkInProcess_634952388906429897" order="3" use="optional" weight="1" priority="2" />
  </calculationLink>
  <calculationLink xlink:role="http://www.uqm.com/2010-12-31/role/DisclosureOtherCurrentLiabilitiesScheduleOfOtherCurrentLiabilitiesDetails" xlink:type="extended" xlink:title="41001 - Disclosure - Other Current Liabilities (Schedule Of Other Current Liabilities) (Details)">
    <loc xlink:type="locator" xlink:href="http://xbrl.fasb.org/us-gaap/2012/elts/us-gaap-2012-01-31.xsd#us-gaap_AccountsPayableAndAccruedLiabilitiesCurrent" xlink:label="us-gaap_AccountsPayableAndAccruedLiabilitiesCurrent" />
    <loc xlink:type="locator" xlink:href="http://xbrl.fasb.org/us-gaap/2012/elts/us-gaap-2012-01-31.xsd#us-gaap_AccruedRoyaltiesCurrent" xlink:label="us-gaap_AccruedRoyaltiesCurrent_634952388906429897" />
    <calculationArc xlink:type="arc" xlink:arcrole="http://www.xbrl.org/2003/arcrole/summation-item" xlink:from="us-gaap_AccountsPayableAndAccruedLiabilitiesCurrent" xlink:to="us-gaap_AccruedRoyaltiesCurrent_634952388906429897" order="1" use="optional" weight="1" priority="2" />
    <loc xlink:type="locator" xlink:href="http://xbrl.fasb.org/us-gaap/2012/elts/us-gaap-2012-01-31.xsd#us-gaap_DeferredRevenue" xlink:label="us-gaap_DeferredRevenue_634952388906429897" />
    <calculationArc xlink:type="arc" xlink:arcrole="http://www.xbrl.org/2003/arcrole/summation-item" xlink:from="us-gaap_AccountsPayableAndAccruedLiabilitiesCurrent" xlink:to="us-gaap_DeferredRevenue_634952388906429897" order="2" use="optional" weight="1" priority="2" />
    <loc xlink:type="locator" xlink:href="http://xbrl.fasb.org/us-gaap/2012/elts/us-gaap-2012-01-31.xsd#us-gaap_EmployeeRelatedLiabilitiesCurrent" xlink:label="us-gaap_EmployeeRelatedLiabilitiesCurrent_634952388906429897" />
    <calculationArc xlink:type="arc" xlink:arcrole="http://www.xbrl.org/2003/arcrole/summation-item" xlink:from="us-gaap_AccountsPayableAndAccruedLiabilitiesCurrent" xlink:to="us-gaap_EmployeeRelatedLiabilitiesCurrent_634952388906429897" order="3" use="optional" weight="1" priority="2" />
    <loc xlink:type="locator" xlink:href="http://xbrl.fasb.org/us-gaap/2012/elts/us-gaap-2012-01-31.xsd#us-gaap_OtherAccruedLiabilitiesCurrent" xlink:label="us-gaap_OtherAccruedLiabilitiesCurrent_634952388906429897" />
    <calculationArc xlink:type="arc" xlink:arcrole="http://www.xbrl.org/2003/arcrole/summation-item" xlink:from="us-gaap_AccountsPayableAndAccruedLiabilitiesCurrent" xlink:to="us-gaap_OtherAccruedLiabilitiesCurrent_634952388906429897" order="4" use="optional" weight="1" priority="2" />
    <loc xlink:type="locator" xlink:href="http://xbrl.fasb.org/us-gaap/2012/elts/us-gaap-2012-01-31.xsd#us-gaap_ProductWarrantyAccrualClassifiedCurrent" xlink:label="us-gaap_ProductWarrantyAccrualClassifiedCurrent_634952388906429897" />
    <calculationArc xlink:type="arc" xlink:arcrole="http://www.xbrl.org/2003/arcrole/summation-item" xlink:from="us-gaap_AccountsPayableAndAccruedLiabilitiesCurrent" xlink:to="us-gaap_ProductWarrantyAccrualClassifiedCurrent_634952388906429897" order="5" use="optional" weight="1" priority="2" />
    <loc xlink:type="locator" xlink:href="http://xbrl.fasb.org/us-gaap/2012/elts/us-gaap-2012-01-31.xsd#us-gaap_TaxesPayableCurrent" xlink:label="us-gaap_TaxesPayableCurrent_634952388906429897" />
    <calculationArc xlink:type="arc" xlink:arcrole="http://www.xbrl.org/2003/arcrole/summation-item" xlink:from="us-gaap_AccountsPayableAndAccruedLiabilitiesCurrent" xlink:to="us-gaap_TaxesPayableCurrent_634952388906429897" order="6" use="optional" weight="1" priority="2" />
    <loc xlink:type="locator" xlink:href="uqm-20121231.xsd#uqm_AccruedCountervailingAndAntiDumpingDutiesCurrent" xlink:label="uqm_AccruedCountervailingAndAntiDumpingDutiesCurrent_634952388906429897" />
    <calculationArc xlink:type="arc" xlink:arcrole="http://www.xbrl.org/2003/arcrole/summation-item" xlink:from="us-gaap_AccountsPayableAndAccruedLiabilitiesCurrent" xlink:to="uqm_AccruedCountervailingAndAntiDumpingDutiesCurrent_634952388906429897" order="7" use="optional" weight="1" priority="2" />
  </calculationLink>
</linkbase>
