<?xml version="1.0" encoding="US-ASCII" standalone="no"?>
    <!-- Field: Doc-Info; Name: Generator; Value: GoFiler Complete; Version: 3.4b -->
    <!-- Field: Doc-Info; Name: VendorURI; Value: http://www.novaworks.co -->
    <!-- Field: Doc-Info; Name: Source; Value: lantronix_10q%2D123112.xfr; Date: 2013/01/30T22:16:38 -->
    <!-- Field: Doc-Info; Name: Status; Value: 0x00000000 -->
<link:linkbase xmlns:xsi="http://www.w3.org/2001/XMLSchema-instance" xmlns:xlink="http://www.w3.org/1999/xlink" xmlns:link="http://www.xbrl.org/2003/linkbase" xmlns:xbrli="http://www.xbrl.org/2003/instance" xsi:schemaLocation="http://www.xbrl.org/2003/linkbase http://www.xbrl.org/2003/xbrl-linkbase-2003-12-31.xsd">
    <link:roleRef roleURI="http://lantronix.com/role/DocumentAndEntityInformation" xlink:href="ltrx-20121231.xsd#DocumentAndEntityInformation" xlink:type="simple" />
    <link:roleRef roleURI="http://lantronix.com/role/CondensedConsolidatedBalanceSheets" xlink:href="ltrx-20121231.xsd#CondensedConsolidatedBalanceSheets" xlink:type="simple" />
    <link:roleRef roleURI="http://lantronix.com/role/CondensedConsolidatedStatementsOfOperations" xlink:href="ltrx-20121231.xsd#CondensedConsolidatedStatementsOfOperations" xlink:type="simple" />
    <link:roleRef roleURI="http://lantronix.com/role/CondensedConsolidatedStatementsOfCashFlows" xlink:href="ltrx-20121231.xsd#CondensedConsolidatedStatementsOfCashFlows" xlink:type="simple" />
    <link:roleRef roleURI="http://lantronix.com/role/BasisOfPresentation" xlink:href="ltrx-20121231.xsd#BasisOfPresentation" xlink:type="simple" />
    <link:roleRef roleURI="http://lantronix.com/role/SupplementalFinancialInformation" xlink:href="ltrx-20121231.xsd#SupplementalFinancialInformation" xlink:type="simple" />
    <link:roleRef roleURI="http://lantronix.com/role/WarrantyReserve" xlink:href="ltrx-20121231.xsd#WarrantyReserve" xlink:type="simple" />
    <link:roleRef roleURI="http://lantronix.com/role/BankLineOfCreditAndDebt" xlink:href="ltrx-20121231.xsd#BankLineOfCreditAndDebt" xlink:type="simple" />
    <link:roleRef roleURI="http://lantronix.com/role/StockholdersEquity" xlink:href="ltrx-20121231.xsd#StockholdersEquity" xlink:type="simple" />
    <link:roleRef roleURI="http://lantronix.com/role/IncomeTaxes" xlink:href="ltrx-20121231.xsd#IncomeTaxes" xlink:type="simple" />
    <link:roleRef roleURI="http://lantronix.com/role/LitigationAndContingencies" xlink:href="ltrx-20121231.xsd#LitigationAndContingencies" xlink:type="simple" />
    <link:roleRef roleURI="http://lantronix.com/role/BasisOfPresentationPolicies" xlink:href="ltrx-20121231.xsd#BasisOfPresentationPolicies" xlink:type="simple" />
    <link:roleRef roleURI="http://lantronix.com/role/SupplementalFinancialInformationTables" xlink:href="ltrx-20121231.xsd#SupplementalFinancialInformationTables" xlink:type="simple" />
    <link:roleRef roleURI="http://lantronix.com/role/WarrantyReserveTables" xlink:href="ltrx-20121231.xsd#WarrantyReserveTables" xlink:type="simple" />
    <link:roleRef roleURI="http://lantronix.com/role/BankLineOfCreditAndDebtTables" xlink:href="ltrx-20121231.xsd#BankLineOfCreditAndDebtTables" xlink:type="simple" />
    <link:roleRef roleURI="http://lantronix.com/role/StockholdersEquityTables" xlink:href="ltrx-20121231.xsd#StockholdersEquityTables" xlink:type="simple" />
    <link:roleRef roleURI="http://lantronix.com/role/IncomeTaxesTables" xlink:href="ltrx-20121231.xsd#IncomeTaxesTables" xlink:type="simple" />
    <link:roleRef roleURI="http://lantronix.com/role/SupplementalFinancialInformationDetails" xlink:href="ltrx-20121231.xsd#SupplementalFinancialInformationDetails" xlink:type="simple" />
    <link:roleRef roleURI="http://lantronix.com/role/SupplementalFinancialInformationDetails1" xlink:href="ltrx-20121231.xsd#SupplementalFinancialInformationDetails1" xlink:type="simple" />
    <link:roleRef roleURI="http://lantronix.com/role/SupplementalFinancialInformationDetails2" xlink:href="ltrx-20121231.xsd#SupplementalFinancialInformationDetails2" xlink:type="simple" />
    <link:roleRef roleURI="http://lantronix.com/role/SupplementalFinancialInformationDetails3" xlink:href="ltrx-20121231.xsd#SupplementalFinancialInformationDetails3" xlink:type="simple" />
    <link:roleRef roleURI="http://lantronix.com/role/SupplementalFinancialInformationDetails4" xlink:href="ltrx-20121231.xsd#SupplementalFinancialInformationDetails4" xlink:type="simple" />
    <link:roleRef roleURI="http://lantronix.com/role/WarrantyReserveDetails" xlink:href="ltrx-20121231.xsd#WarrantyReserveDetails" xlink:type="simple" />
    <link:roleRef roleURI="http://lantronix.com/role/BankLineOfCreditAndDebtDetails" xlink:href="ltrx-20121231.xsd#BankLineOfCreditAndDebtDetails" xlink:type="simple" />
    <link:roleRef roleURI="http://lantronix.com/role/BankLineOfCreditAndDebtDetails1" xlink:href="ltrx-20121231.xsd#BankLineOfCreditAndDebtDetails1" xlink:type="simple" />
    <link:roleRef roleURI="http://lantronix.com/role/BankLineOfCreditAndDebtDetailsNarrative" xlink:href="ltrx-20121231.xsd#BankLineOfCreditAndDebtDetailsNarrative" xlink:type="simple" />
    <link:roleRef roleURI="http://lantronix.com/role/StockholdersEquityDetails" xlink:href="ltrx-20121231.xsd#StockholdersEquityDetails" xlink:type="simple" />
    <link:roleRef roleURI="http://lantronix.com/role/StockholdersEquityDetails1" xlink:href="ltrx-20121231.xsd#StockholdersEquityDetails1" xlink:type="simple" />
    <link:roleRef roleURI="http://lantronix.com/role/StockholdersEquityDetails2" xlink:href="ltrx-20121231.xsd#StockholdersEquityDetails2" xlink:type="simple" />
    <link:roleRef roleURI="http://lantronix.com/role/StockholdersEquityDetailsNarrative" xlink:href="ltrx-20121231.xsd#StockholdersEquityDetailsNarrative" xlink:type="simple" />
    <link:roleRef roleURI="http://lantronix.com/role/IncomeTaxesDetails" xlink:href="ltrx-20121231.xsd#IncomeTaxesDetails" xlink:type="simple" />
    <link:calculationLink xlink:type="extended" xlink:role="http://lantronix.com/role/DocumentAndEntityInformation" xlink:title="0001 - Document - Document and Entity Information" />
    <link:calculationLink xlink:type="extended" xlink:role="http://lantronix.com/role/CondensedConsolidatedBalanceSheets" xlink:title="0002 - Statement - Condensed Consolidated Balance Sheets">
      <link:loc xlink:type="locator" xlink:href="http://xbrl.fasb.org/us-gaap/2012/elts/us-gaap-2012-01-31.xsd#us-gaap_AssetsCurrent" xlink:label="loc_LTRXAssetsCurrent" />
      <link:loc xlink:type="locator" xlink:href="http://xbrl.fasb.org/us-gaap/2012/elts/us-gaap-2012-01-31.xsd#us-gaap_CashAndCashEquivalentsAtCarryingValue" xlink:label="loc_LTRXCashAndCashEquivalentsAtCarryingValue" />
      <link:calculationArc order="100" xlink:arcrole="http://www.xbrl.org/2003/arcrole/summation-item" xlink:from="loc_LTRXAssetsCurrent" xlink:to="loc_LTRXCashAndCashEquivalentsAtCarryingValue" xlink:type="arc" weight="1" />
      <link:loc xlink:type="locator" xlink:href="http://xbrl.fasb.org/us-gaap/2012/elts/us-gaap-2012-01-31.xsd#us-gaap_AccountsReceivableNetCurrent" xlink:label="loc_LTRXAccountsReceivableNetCurrent" />
      <link:calculationArc order="200" xlink:arcrole="http://www.xbrl.org/2003/arcrole/summation-item" xlink:from="loc_LTRXAssetsCurrent" xlink:to="loc_LTRXAccountsReceivableNetCurrent" xlink:type="arc" weight="1" />
      <link:loc xlink:type="locator" xlink:href="http://xbrl.fasb.org/us-gaap/2012/elts/us-gaap-2012-01-31.xsd#us-gaap_NontradeReceivables" xlink:label="loc_LTRXNontradeReceivables" />
      <link:calculationArc order="300" xlink:arcrole="http://www.xbrl.org/2003/arcrole/summation-item" xlink:from="loc_LTRXAssetsCurrent" xlink:to="loc_LTRXNontradeReceivables" xlink:type="arc" weight="1" />
      <link:loc xlink:type="locator" xlink:href="http://xbrl.fasb.org/us-gaap/2012/elts/us-gaap-2012-01-31.xsd#us-gaap_InventoryNet" xlink:label="loc_LTRXInventoryNet" />
      <link:calculationArc order="400" xlink:arcrole="http://www.xbrl.org/2003/arcrole/summation-item" xlink:from="loc_LTRXAssetsCurrent" xlink:to="loc_LTRXInventoryNet" xlink:type="arc" weight="1" />
      <link:loc xlink:type="locator" xlink:href="http://xbrl.fasb.org/us-gaap/2012/elts/us-gaap-2012-01-31.xsd#us-gaap_PrepaidExpenseAndOtherAssets" xlink:label="loc_LTRXPrepaidExpenseAndOtherAssets" />
      <link:calculationArc order="500" xlink:arcrole="http://www.xbrl.org/2003/arcrole/summation-item" xlink:from="loc_LTRXAssetsCurrent" xlink:to="loc_LTRXPrepaidExpenseAndOtherAssets" xlink:type="arc" weight="1" />
      <link:loc xlink:type="locator" xlink:href="http://xbrl.fasb.org/us-gaap/2012/elts/us-gaap-2012-01-31.xsd#us-gaap_DeferredTaxAssetsNetCurrent" xlink:label="loc_LTRXDeferredTaxAssetsNetCurrent" />
      <link:calculationArc order="600" xlink:arcrole="http://www.xbrl.org/2003/arcrole/summation-item" xlink:from="loc_LTRXAssetsCurrent" xlink:to="loc_LTRXDeferredTaxAssetsNetCurrent" xlink:type="arc" weight="1" />
      <link:loc xlink:type="locator" xlink:href="http://xbrl.fasb.org/us-gaap/2012/elts/us-gaap-2012-01-31.xsd#us-gaap_Assets" xlink:label="loc_LTRXAssets" />
      <link:calculationArc order="100" xlink:arcrole="http://www.xbrl.org/2003/arcrole/summation-item" xlink:from="loc_LTRXAssets" xlink:to="loc_LTRXAssetsCurrent" xlink:type="arc" weight="1" />
      <link:loc xlink:type="locator" xlink:href="http://xbrl.fasb.org/us-gaap/2012/elts/us-gaap-2012-01-31.xsd#us-gaap_PropertyPlantAndEquipmentNet" xlink:label="loc_LTRXPropertyPlantAndEquipmentNet" />
      <link:calculationArc order="200" xlink:arcrole="http://www.xbrl.org/2003/arcrole/summation-item" xlink:from="loc_LTRXAssets" xlink:to="loc_LTRXPropertyPlantAndEquipmentNet" xlink:type="arc" weight="1" />
      <link:loc xlink:type="locator" xlink:href="http://xbrl.fasb.org/us-gaap/2012/elts/us-gaap-2012-01-31.xsd#us-gaap_Goodwill" xlink:label="loc_LTRXGoodwill" />
      <link:calculationArc order="300" xlink:arcrole="http://www.xbrl.org/2003/arcrole/summation-item" xlink:from="loc_LTRXAssets" xlink:to="loc_LTRXGoodwill" xlink:type="arc" weight="1" />
      <link:loc xlink:type="locator" xlink:href="http://xbrl.fasb.org/us-gaap/2012/elts/us-gaap-2012-01-31.xsd#us-gaap_OtherAssetsNoncurrent" xlink:label="loc_LTRXOtherAssetsNoncurrent" />
      <link:calculationArc order="400" xlink:arcrole="http://www.xbrl.org/2003/arcrole/summation-item" xlink:from="loc_LTRXAssets" xlink:to="loc_LTRXOtherAssetsNoncurrent" xlink:type="arc" weight="1" />
      <link:loc xlink:type="locator" xlink:href="http://xbrl.fasb.org/us-gaap/2012/elts/us-gaap-2012-01-31.xsd#us-gaap_LiabilitiesCurrent" xlink:label="loc_LTRXLiabilitiesCurrent" />
      <link:loc xlink:type="locator" xlink:href="http://xbrl.fasb.org/us-gaap/2012/elts/us-gaap-2012-01-31.xsd#us-gaap_AccountsPayableCurrent" xlink:label="loc_LTRXAccountsPayableCurrent" />
      <link:calculationArc order="100" xlink:arcrole="http://www.xbrl.org/2003/arcrole/summation-item" xlink:from="loc_LTRXLiabilitiesCurrent" xlink:to="loc_LTRXAccountsPayableCurrent" xlink:type="arc" weight="1" />
      <link:loc xlink:type="locator" xlink:href="http://xbrl.fasb.org/us-gaap/2012/elts/us-gaap-2012-01-31.xsd#us-gaap_EmployeeRelatedLiabilitiesCurrent" xlink:label="loc_LTRXEmployeeRelatedLiabilitiesCurrent" />
      <link:calculationArc order="200" xlink:arcrole="http://www.xbrl.org/2003/arcrole/summation-item" xlink:from="loc_LTRXLiabilitiesCurrent" xlink:to="loc_LTRXEmployeeRelatedLiabilitiesCurrent" xlink:type="arc" weight="1" />
      <link:loc xlink:type="locator" xlink:href="http://xbrl.fasb.org/us-gaap/2012/elts/us-gaap-2012-01-31.xsd#us-gaap_ProductWarrantyAccrualClassifiedCurrent" xlink:label="loc_LTRXProductWarrantyAccrualClassifiedCurrent" />
      <link:calculationArc order="300" xlink:arcrole="http://www.xbrl.org/2003/arcrole/summation-item" xlink:from="loc_LTRXLiabilitiesCurrent" xlink:to="loc_LTRXProductWarrantyAccrualClassifiedCurrent" xlink:type="arc" weight="1" />
      <link:loc xlink:type="locator" xlink:href="http://xbrl.fasb.org/us-gaap/2012/elts/us-gaap-2012-01-31.xsd#us-gaap_OtherLiabilitiesCurrent" xlink:label="loc_LTRXOtherLiabilitiesCurrent" />
      <link:calculationArc order="400" xlink:arcrole="http://www.xbrl.org/2003/arcrole/summation-item" xlink:from="loc_LTRXLiabilitiesCurrent" xlink:to="loc_LTRXOtherLiabilitiesCurrent" xlink:type="arc" weight="1" />
      <link:loc xlink:type="locator" xlink:href="http://xbrl.fasb.org/us-gaap/2012/elts/us-gaap-2012-01-31.xsd#us-gaap_ShortTermBorrowings" xlink:label="loc_LTRXShortTermBorrowings" />
      <link:calculationArc order="500" xlink:arcrole="http://www.xbrl.org/2003/arcrole/summation-item" xlink:from="loc_LTRXLiabilitiesCurrent" xlink:to="loc_LTRXShortTermBorrowings" xlink:type="arc" weight="1" />
      <link:loc xlink:type="locator" xlink:href="http://xbrl.fasb.org/us-gaap/2012/elts/us-gaap-2012-01-31.xsd#us-gaap_LiabilitiesNoncurrent" xlink:label="loc_LTRXLiabilitiesNoncurrent" />
      <link:loc xlink:type="locator" xlink:href="http://xbrl.fasb.org/us-gaap/2012/elts/us-gaap-2012-01-31.xsd#us-gaap_OtherLiabilitiesNoncurrent" xlink:label="loc_LTRXOtherLiabilitiesNoncurrent" />
      <link:calculationArc order="100" xlink:arcrole="http://www.xbrl.org/2003/arcrole/summation-item" xlink:from="loc_LTRXLiabilitiesNoncurrent" xlink:to="loc_LTRXOtherLiabilitiesNoncurrent" xlink:type="arc" weight="1" />
      <link:loc xlink:type="locator" xlink:href="http://xbrl.fasb.org/us-gaap/2012/elts/us-gaap-2012-01-31.xsd#us-gaap_CapitalLeaseObligationsNoncurrent" xlink:label="loc_LTRXCapitalLeaseObligationsNoncurrent" />
      <link:calculationArc order="200" xlink:arcrole="http://www.xbrl.org/2003/arcrole/summation-item" xlink:from="loc_LTRXLiabilitiesNoncurrent" xlink:to="loc_LTRXCapitalLeaseObligationsNoncurrent" xlink:type="arc" weight="1" />
      <link:loc xlink:type="locator" xlink:href="http://xbrl.fasb.org/us-gaap/2012/elts/us-gaap-2012-01-31.xsd#us-gaap_LongTermDebtNoncurrent" xlink:label="loc_LTRXLongTermDebtNoncurrent" />
      <link:calculationArc order="300" xlink:arcrole="http://www.xbrl.org/2003/arcrole/summation-item" xlink:from="loc_LTRXLiabilitiesNoncurrent" xlink:to="loc_LTRXLongTermDebtNoncurrent" xlink:type="arc" weight="1" />
      <link:loc xlink:type="locator" xlink:href="http://xbrl.fasb.org/us-gaap/2012/elts/us-gaap-2012-01-31.xsd#us-gaap_DeferredTaxLiabilitiesNoncurrent" xlink:label="loc_LTRXDeferredTaxLiabilitiesNoncurrent" />
      <link:calculationArc order="400" xlink:arcrole="http://www.xbrl.org/2003/arcrole/summation-item" xlink:from="loc_LTRXLiabilitiesNoncurrent" xlink:to="loc_LTRXDeferredTaxLiabilitiesNoncurrent" xlink:type="arc" weight="1" />
      <link:loc xlink:type="locator" xlink:href="http://xbrl.fasb.org/us-gaap/2012/elts/us-gaap-2012-01-31.xsd#us-gaap_Liabilities" xlink:label="loc_LTRXLiabilities" />
      <link:calculationArc order="100" xlink:arcrole="http://www.xbrl.org/2003/arcrole/summation-item" xlink:from="loc_LTRXLiabilities" xlink:to="loc_LTRXLiabilitiesCurrent" xlink:type="arc" weight="1" />
      <link:calculationArc order="200" xlink:arcrole="http://www.xbrl.org/2003/arcrole/summation-item" xlink:from="loc_LTRXLiabilities" xlink:to="loc_LTRXLiabilitiesNoncurrent" xlink:type="arc" weight="1" />
      <link:loc xlink:type="locator" xlink:href="http://xbrl.fasb.org/us-gaap/2012/elts/us-gaap-2012-01-31.xsd#us-gaap_StockholdersEquity" xlink:label="loc_LTRXStockholdersEquity" />
      <link:loc xlink:type="locator" xlink:href="http://xbrl.fasb.org/us-gaap/2012/elts/us-gaap-2012-01-31.xsd#us-gaap_CommonStockValue" xlink:label="loc_LTRXCommonStockValue" />
      <link:calculationArc order="100" xlink:arcrole="http://www.xbrl.org/2003/arcrole/summation-item" xlink:from="loc_LTRXStockholdersEquity" xlink:to="loc_LTRXCommonStockValue" xlink:type="arc" weight="1" />
      <link:loc xlink:type="locator" xlink:href="http://xbrl.fasb.org/us-gaap/2012/elts/us-gaap-2012-01-31.xsd#us-gaap_AdditionalPaidInCapital" xlink:label="loc_LTRXAdditionalPaidInCapital" />
      <link:calculationArc order="200" xlink:arcrole="http://www.xbrl.org/2003/arcrole/summation-item" xlink:from="loc_LTRXStockholdersEquity" xlink:to="loc_LTRXAdditionalPaidInCapital" xlink:type="arc" weight="1" />
      <link:loc xlink:type="locator" xlink:href="http://xbrl.fasb.org/us-gaap/2012/elts/us-gaap-2012-01-31.xsd#us-gaap_RetainedEarningsAccumulatedDeficit" xlink:label="loc_LTRXRetainedEarningsAccumulatedDeficit" />
      <link:calculationArc order="300" xlink:arcrole="http://www.xbrl.org/2003/arcrole/summation-item" xlink:from="loc_LTRXStockholdersEquity" xlink:to="loc_LTRXRetainedEarningsAccumulatedDeficit" xlink:type="arc" weight="1" />
      <link:loc xlink:type="locator" xlink:href="http://xbrl.fasb.org/us-gaap/2012/elts/us-gaap-2012-01-31.xsd#us-gaap_AccumulatedOtherComprehensiveIncomeLossNetOfTax" xlink:label="loc_LTRXAccumulatedOtherComprehensiveIncomeLossNetOfTax" />
      <link:calculationArc order="400" xlink:arcrole="http://www.xbrl.org/2003/arcrole/summation-item" xlink:from="loc_LTRXStockholdersEquity" xlink:to="loc_LTRXAccumulatedOtherComprehensiveIncomeLossNetOfTax" xlink:type="arc" weight="1" />
      <link:loc xlink:type="locator" xlink:href="http://xbrl.fasb.org/us-gaap/2012/elts/us-gaap-2012-01-31.xsd#us-gaap_LiabilitiesAndStockholdersEquity" xlink:label="loc_LTRXLiabilitiesAndStockholdersEquity" />
      <link:calculationArc order="100" xlink:arcrole="http://www.xbrl.org/2003/arcrole/summation-item" xlink:from="loc_LTRXLiabilitiesAndStockholdersEquity" xlink:to="loc_LTRXLiabilities" xlink:type="arc" weight="1" />
      <link:calculationArc order="200" xlink:arcrole="http://www.xbrl.org/2003/arcrole/summation-item" xlink:from="loc_LTRXLiabilitiesAndStockholdersEquity" xlink:to="loc_LTRXStockholdersEquity" xlink:type="arc" weight="1" />
    </link:calculationLink>
    <link:calculationLink xlink:type="extended" xlink:role="http://lantronix.com/role/CondensedConsolidatedStatementsOfOperations" xlink:title="0003 - Statement - Condensed Consolidated Statements of Operations">
      <link:loc xlink:type="locator" xlink:href="http://xbrl.fasb.org/us-gaap/2012/elts/us-gaap-2012-01-31.xsd#us-gaap_GrossProfit" xlink:label="loc_LTRXGrossProfit" />
      <link:loc xlink:type="locator" xlink:href="http://xbrl.fasb.org/us-gaap/2012/elts/us-gaap-2012-01-31.xsd#us-gaap_SalesRevenueNet" xlink:label="loc_LTRXSalesRevenueNet" />
      <link:calculationArc order="100" xlink:arcrole="http://www.xbrl.org/2003/arcrole/summation-item" xlink:from="loc_LTRXGrossProfit" xlink:to="loc_LTRXSalesRevenueNet" xlink:type="arc" weight="1" />
      <link:loc xlink:type="locator" xlink:href="http://xbrl.fasb.org/us-gaap/2012/elts/us-gaap-2012-01-31.xsd#us-gaap_CostOfRevenue" xlink:label="loc_LTRXCostOfRevenue" />
      <link:calculationArc order="200" xlink:arcrole="http://www.xbrl.org/2003/arcrole/summation-item" xlink:from="loc_LTRXGrossProfit" xlink:to="loc_LTRXCostOfRevenue" xlink:type="arc" weight="-1" />
      <link:loc xlink:type="locator" xlink:href="http://xbrl.fasb.org/us-gaap/2012/elts/us-gaap-2012-01-31.xsd#us-gaap_OperatingExpenses" xlink:label="loc_LTRXOperatingExpenses" />
      <link:loc xlink:type="locator" xlink:href="http://xbrl.fasb.org/us-gaap/2012/elts/us-gaap-2012-01-31.xsd#us-gaap_SellingGeneralAndAdministrativeExpense" xlink:label="loc_LTRXSellingGeneralAndAdministrativeExpense" />
      <link:calculationArc order="100" xlink:arcrole="http://www.xbrl.org/2003/arcrole/summation-item" xlink:from="loc_LTRXOperatingExpenses" xlink:to="loc_LTRXSellingGeneralAndAdministrativeExpense" xlink:type="arc" weight="1" />
      <link:loc xlink:type="locator" xlink:href="http://xbrl.fasb.org/us-gaap/2012/elts/us-gaap-2012-01-31.xsd#us-gaap_ResearchAndDevelopmentExpense" xlink:label="loc_LTRXResearchAndDevelopmentExpense" />
      <link:calculationArc order="200" xlink:arcrole="http://www.xbrl.org/2003/arcrole/summation-item" xlink:from="loc_LTRXOperatingExpenses" xlink:to="loc_LTRXResearchAndDevelopmentExpense" xlink:type="arc" weight="1" />
      <link:loc xlink:type="locator" xlink:href="http://xbrl.fasb.org/us-gaap/2012/elts/us-gaap-2012-01-31.xsd#us-gaap_AdjustmentForAmortization" xlink:label="loc_LTRXAdjustmentForAmortization" />
      <link:calculationArc order="300" xlink:arcrole="http://www.xbrl.org/2003/arcrole/summation-item" xlink:from="loc_LTRXOperatingExpenses" xlink:to="loc_LTRXAdjustmentForAmortization" xlink:type="arc" weight="1" />
      <link:loc xlink:type="locator" xlink:href="http://xbrl.fasb.org/us-gaap/2012/elts/us-gaap-2012-01-31.xsd#us-gaap_RestructuringCharges" xlink:label="loc_LTRXRestructuringCharges" />
      <link:calculationArc order="400" xlink:arcrole="http://www.xbrl.org/2003/arcrole/summation-item" xlink:from="loc_LTRXOperatingExpenses" xlink:to="loc_LTRXRestructuringCharges" xlink:type="arc" weight="1" />
      <link:loc xlink:type="locator" xlink:href="http://xbrl.fasb.org/us-gaap/2012/elts/us-gaap-2012-01-31.xsd#us-gaap_OperatingIncomeLoss" xlink:label="loc_LTRXOperatingIncomeLoss" />
      <link:calculationArc order="100" xlink:arcrole="http://www.xbrl.org/2003/arcrole/summation-item" xlink:from="loc_LTRXOperatingIncomeLoss" xlink:to="loc_LTRXGrossProfit" xlink:type="arc" weight="1" />
      <link:calculationArc order="200" xlink:arcrole="http://www.xbrl.org/2003/arcrole/summation-item" xlink:from="loc_LTRXOperatingIncomeLoss" xlink:to="loc_LTRXOperatingExpenses" xlink:type="arc" weight="-1" />
      <link:loc xlink:type="locator" xlink:href="http://xbrl.fasb.org/us-gaap/2012/elts/us-gaap-2012-01-31.xsd#us-gaap_IncomeLossFromContinuingOperationsBeforeIncomeTaxesMinorityInterestAndIncomeLossFromEquityMethodInvestments" xlink:label="loc_LTRXIncomeLossFromContinuingOperationsBeforeIncomeTaxesMinorityInterestAndIncomeLossFromEquityMethodInvestments" />
      <link:calculationArc order="100" xlink:arcrole="http://www.xbrl.org/2003/arcrole/summation-item" xlink:from="loc_LTRXIncomeLossFromContinuingOperationsBeforeIncomeTaxesMinorityInterestAndIncomeLossFromEquityMethodInvestments" xlink:to="loc_LTRXOperatingIncomeLoss" xlink:type="arc" weight="1" />
      <link:loc xlink:type="locator" xlink:href="http://xbrl.fasb.org/us-gaap/2012/elts/us-gaap-2012-01-31.xsd#us-gaap_OtherNonoperatingIncomeExpense" xlink:label="loc_LTRXOtherNonoperatingIncomeExpense" />
      <link:calculationArc order="200" xlink:arcrole="http://www.xbrl.org/2003/arcrole/summation-item" xlink:from="loc_LTRXIncomeLossFromContinuingOperationsBeforeIncomeTaxesMinorityInterestAndIncomeLossFromEquityMethodInvestments" xlink:to="loc_LTRXOtherNonoperatingIncomeExpense" xlink:type="arc" weight="1" />
      <link:loc xlink:type="locator" xlink:href="http://xbrl.fasb.org/us-gaap/2012/elts/us-gaap-2012-01-31.xsd#us-gaap_InterestExpense" xlink:label="loc_LTRXInterestExpense" />
      <link:calculationArc order="300" xlink:arcrole="http://www.xbrl.org/2003/arcrole/summation-item" xlink:from="loc_LTRXIncomeLossFromContinuingOperationsBeforeIncomeTaxesMinorityInterestAndIncomeLossFromEquityMethodInvestments" xlink:to="loc_LTRXInterestExpense" xlink:type="arc" weight="-1" />
      <link:loc xlink:type="locator" xlink:href="http://xbrl.fasb.org/us-gaap/2012/elts/us-gaap-2012-01-31.xsd#us-gaap_NetIncomeLoss" xlink:label="loc_LTRXNetIncomeLoss" />
      <link:calculationArc order="100" xlink:arcrole="http://www.xbrl.org/2003/arcrole/summation-item" xlink:from="loc_LTRXNetIncomeLoss" xlink:to="loc_LTRXIncomeLossFromContinuingOperationsBeforeIncomeTaxesMinorityInterestAndIncomeLossFromEquityMethodInvestments" xlink:type="arc" weight="1" />
      <link:loc xlink:type="locator" xlink:href="http://xbrl.fasb.org/us-gaap/2012/elts/us-gaap-2012-01-31.xsd#us-gaap_IncomeTaxExpenseBenefit" xlink:label="loc_LTRXIncomeTaxExpenseBenefit" />
      <link:calculationArc order="200" xlink:arcrole="http://www.xbrl.org/2003/arcrole/summation-item" xlink:from="loc_LTRXNetIncomeLoss" xlink:to="loc_LTRXIncomeTaxExpenseBenefit" xlink:type="arc" weight="-1" />
    </link:calculationLink>
    <link:calculationLink xlink:type="extended" xlink:role="http://lantronix.com/role/CondensedConsolidatedStatementsOfCashFlows" xlink:title="0004 - Statement - Condensed Consolidated Statements of Cash Flows">
      <link:loc xlink:type="locator" xlink:href="http://xbrl.fasb.org/us-gaap/2012/elts/us-gaap-2012-01-31.xsd#us-gaap_NetCashProvidedByUsedInOperatingActivities" xlink:label="loc_LTRXNetCashProvidedByUsedInOperatingActivities" />
      <link:loc xlink:type="locator" xlink:href="http://xbrl.fasb.org/us-gaap/2012/elts/us-gaap-2012-01-31.xsd#us-gaap_NetIncomeLoss" xlink:label="loc_LTRXNetIncomeLoss" />
      <link:calculationArc order="100" xlink:arcrole="http://www.xbrl.org/2003/arcrole/summation-item" xlink:from="loc_LTRXNetCashProvidedByUsedInOperatingActivities" xlink:to="loc_LTRXNetIncomeLoss" xlink:type="arc" weight="1" />
      <link:loc xlink:type="locator" xlink:href="http://xbrl.fasb.org/us-gaap/2012/elts/us-gaap-2012-01-31.xsd#us-gaap_ShareBasedCompensation" xlink:label="loc_LTRXShareBasedCompensation" />
      <link:calculationArc order="200" xlink:arcrole="http://www.xbrl.org/2003/arcrole/summation-item" xlink:from="loc_LTRXNetCashProvidedByUsedInOperatingActivities" xlink:to="loc_LTRXShareBasedCompensation" xlink:type="arc" weight="1" />
      <link:loc xlink:type="locator" xlink:href="http://xbrl.fasb.org/us-gaap/2012/elts/us-gaap-2012-01-31.xsd#us-gaap_Depreciation" xlink:label="loc_LTRXDepreciation" />
      <link:calculationArc order="300" xlink:arcrole="http://www.xbrl.org/2003/arcrole/summation-item" xlink:from="loc_LTRXNetCashProvidedByUsedInOperatingActivities" xlink:to="loc_LTRXDepreciation" xlink:type="arc" weight="1" />
      <link:loc xlink:type="locator" xlink:href="http://xbrl.fasb.org/us-gaap/2012/elts/us-gaap-2012-01-31.xsd#us-gaap_InventoryWriteDown" xlink:label="loc_LTRXInventoryWriteDown" />
      <link:calculationArc order="400" xlink:arcrole="http://www.xbrl.org/2003/arcrole/summation-item" xlink:from="loc_LTRXNetCashProvidedByUsedInOperatingActivities" xlink:to="loc_LTRXInventoryWriteDown" xlink:type="arc" weight="1" />
      <link:loc xlink:type="locator" xlink:href="http://xbrl.fasb.org/us-gaap/2012/elts/us-gaap-2012-01-31.xsd#us-gaap_AmortizationOfIntangibleAssets" xlink:label="loc_LTRXAmortizationOfIntangibleAssets" />
      <link:calculationArc order="500" xlink:arcrole="http://www.xbrl.org/2003/arcrole/summation-item" xlink:from="loc_LTRXNetCashProvidedByUsedInOperatingActivities" xlink:to="loc_LTRXAmortizationOfIntangibleAssets" xlink:type="arc" weight="1" />
      <link:loc xlink:type="locator" xlink:href="http://xbrl.fasb.org/us-gaap/2012/elts/us-gaap-2012-01-31.xsd#us-gaap_IncreaseDecreaseInAccountsReceivable" xlink:label="loc_LTRXIncreaseDecreaseInAccountsReceivable" />
      <link:calculationArc order="600" xlink:arcrole="http://www.xbrl.org/2003/arcrole/summation-item" xlink:from="loc_LTRXNetCashProvidedByUsedInOperatingActivities" xlink:to="loc_LTRXIncreaseDecreaseInAccountsReceivable" xlink:type="arc" weight="1" />
      <link:loc xlink:type="locator" xlink:href="http://xbrl.fasb.org/us-gaap/2012/elts/us-gaap-2012-01-31.xsd#us-gaap_IncreaseDecreaseInInventories" xlink:label="loc_LTRXIncreaseDecreaseInInventories" />
      <link:calculationArc order="700" xlink:arcrole="http://www.xbrl.org/2003/arcrole/summation-item" xlink:from="loc_LTRXNetCashProvidedByUsedInOperatingActivities" xlink:to="loc_LTRXIncreaseDecreaseInInventories" xlink:type="arc" weight="1" />
      <link:loc xlink:type="locator" xlink:href="http://xbrl.fasb.org/us-gaap/2012/elts/us-gaap-2012-01-31.xsd#us-gaap_IncreaseDecreaseInPrepaidDeferredExpenseAndOtherAssets" xlink:label="loc_LTRXIncreaseDecreaseInPrepaidDeferredExpenseAndOtherAssets" />
      <link:calculationArc order="800" xlink:arcrole="http://www.xbrl.org/2003/arcrole/summation-item" xlink:from="loc_LTRXNetCashProvidedByUsedInOperatingActivities" xlink:to="loc_LTRXIncreaseDecreaseInPrepaidDeferredExpenseAndOtherAssets" xlink:type="arc" weight="1" />
      <link:loc xlink:type="locator" xlink:href="http://xbrl.fasb.org/us-gaap/2012/elts/us-gaap-2012-01-31.xsd#us-gaap_IncreaseDecreaseInOtherOperatingAssets" xlink:label="loc_LTRXIncreaseDecreaseInOtherOperatingAssets" />
      <link:calculationArc order="900" xlink:arcrole="http://www.xbrl.org/2003/arcrole/summation-item" xlink:from="loc_LTRXNetCashProvidedByUsedInOperatingActivities" xlink:to="loc_LTRXIncreaseDecreaseInOtherOperatingAssets" xlink:type="arc" weight="1" />
      <link:loc xlink:type="locator" xlink:href="http://xbrl.fasb.org/us-gaap/2012/elts/us-gaap-2012-01-31.xsd#us-gaap_IncreaseDecreaseInAccountsPayable" xlink:label="loc_LTRXIncreaseDecreaseInAccountsPayable" />
      <link:calculationArc order="1000" xlink:arcrole="http://www.xbrl.org/2003/arcrole/summation-item" xlink:from="loc_LTRXNetCashProvidedByUsedInOperatingActivities" xlink:to="loc_LTRXIncreaseDecreaseInAccountsPayable" xlink:type="arc" weight="1" />
      <link:loc xlink:type="locator" xlink:href="http://xbrl.fasb.org/us-gaap/2012/elts/us-gaap-2012-01-31.xsd#us-gaap_IncreaseDecreaseInAccruedSalaries" xlink:label="loc_LTRXIncreaseDecreaseInAccruedSalaries" />
      <link:calculationArc order="1100" xlink:arcrole="http://www.xbrl.org/2003/arcrole/summation-item" xlink:from="loc_LTRXNetCashProvidedByUsedInOperatingActivities" xlink:to="loc_LTRXIncreaseDecreaseInAccruedSalaries" xlink:type="arc" weight="1" />
      <link:loc xlink:type="locator" xlink:href="http://xbrl.fasb.org/us-gaap/2012/elts/us-gaap-2012-01-31.xsd#us-gaap_ProductWarrantyAccrualPeriodIncreaseDecrease" xlink:label="loc_LTRXProductWarrantyAccrualPeriodIncreaseDecrease" />
      <link:calculationArc order="1200" xlink:arcrole="http://www.xbrl.org/2003/arcrole/summation-item" xlink:from="loc_LTRXNetCashProvidedByUsedInOperatingActivities" xlink:to="loc_LTRXProductWarrantyAccrualPeriodIncreaseDecrease" xlink:type="arc" weight="1" />
      <link:loc xlink:type="locator" xlink:href="http://xbrl.fasb.org/us-gaap/2012/elts/us-gaap-2012-01-31.xsd#us-gaap_IncreaseDecreaseInOtherAccruedLiabilities" xlink:label="loc_LTRXIncreaseDecreaseInOtherAccruedLiabilities" />
      <link:calculationArc order="1300" xlink:arcrole="http://www.xbrl.org/2003/arcrole/summation-item" xlink:from="loc_LTRXNetCashProvidedByUsedInOperatingActivities" xlink:to="loc_LTRXIncreaseDecreaseInOtherAccruedLiabilities" xlink:type="arc" weight="1" />
      <link:loc xlink:type="locator" xlink:href="http://xbrl.fasb.org/us-gaap/2012/elts/us-gaap-2012-01-31.xsd#us-gaap_RestructuringCharges" xlink:label="loc_LTRXRestructuringCharges" />
      <link:calculationArc order="1400" xlink:arcrole="http://www.xbrl.org/2003/arcrole/summation-item" xlink:from="loc_LTRXNetCashProvidedByUsedInOperatingActivities" xlink:to="loc_LTRXRestructuringCharges" xlink:type="arc" weight="1" />
      <link:loc xlink:type="locator" xlink:href="http://xbrl.fasb.org/us-gaap/2012/elts/us-gaap-2012-01-31.xsd#us-gaap_OtherRestructuringCosts" xlink:label="loc_LTRXOtherRestructuringCosts" />
      <link:calculationArc order="1500" xlink:arcrole="http://www.xbrl.org/2003/arcrole/summation-item" xlink:from="loc_LTRXNetCashProvidedByUsedInOperatingActivities" xlink:to="loc_LTRXOtherRestructuringCosts" xlink:type="arc" weight="1" />
      <link:loc xlink:type="locator" xlink:href="ltrx-20121231.xsd#LTRX_IncreaseDecreaseNontradeReceivables" xlink:label="loc_LTRXIncreaseDecreaseNontradeReceivables" />
      <link:calculationArc order="1600" xlink:arcrole="http://www.xbrl.org/2003/arcrole/summation-item" xlink:from="loc_LTRXNetCashProvidedByUsedInOperatingActivities" xlink:to="loc_LTRXIncreaseDecreaseNontradeReceivables" xlink:type="arc" weight="1" />
      <link:loc xlink:type="locator" xlink:href="http://xbrl.fasb.org/us-gaap/2012/elts/us-gaap-2012-01-31.xsd#us-gaap_NetCashProvidedByUsedInInvestingActivities" xlink:label="loc_LTRXNetCashProvidedByUsedInInvestingActivities" />
      <link:loc xlink:type="locator" xlink:href="http://xbrl.fasb.org/us-gaap/2012/elts/us-gaap-2012-01-31.xsd#us-gaap_PaymentsToAcquirePropertyPlantAndEquipment" xlink:label="loc_LTRXPaymentsToAcquirePropertyPlantAndEquipment" />
      <link:calculationArc order="100" xlink:arcrole="http://www.xbrl.org/2003/arcrole/summation-item" xlink:from="loc_LTRXNetCashProvidedByUsedInInvestingActivities" xlink:to="loc_LTRXPaymentsToAcquirePropertyPlantAndEquipment" xlink:type="arc" weight="-1" />
      <link:loc xlink:type="locator" xlink:href="http://xbrl.fasb.org/us-gaap/2012/elts/us-gaap-2012-01-31.xsd#us-gaap_NetCashProvidedByUsedInFinancingActivities" xlink:label="loc_LTRXNetCashProvidedByUsedInFinancingActivities" />
      <link:loc xlink:type="locator" xlink:href="http://xbrl.fasb.org/us-gaap/2012/elts/us-gaap-2012-01-31.xsd#us-gaap_RepaymentsOfBankDebt" xlink:label="loc_LTRXRepaymentsOfBankDebt" />
      <link:calculationArc order="100" xlink:arcrole="http://www.xbrl.org/2003/arcrole/summation-item" xlink:from="loc_LTRXNetCashProvidedByUsedInFinancingActivities" xlink:to="loc_LTRXRepaymentsOfBankDebt" xlink:type="arc" weight="-1" />
      <link:loc xlink:type="locator" xlink:href="http://xbrl.fasb.org/us-gaap/2012/elts/us-gaap-2012-01-31.xsd#us-gaap_PaymentsRelatedToTaxWithholdingForShareBasedCompensation" xlink:label="loc_LTRXPaymentsRelatedToTaxWithholdingForShareBasedCompensation" />
      <link:calculationArc order="200" xlink:arcrole="http://www.xbrl.org/2003/arcrole/summation-item" xlink:from="loc_LTRXNetCashProvidedByUsedInFinancingActivities" xlink:to="loc_LTRXPaymentsRelatedToTaxWithholdingForShareBasedCompensation" xlink:type="arc" weight="-1" />
      <link:loc xlink:type="locator" xlink:href="http://xbrl.fasb.org/us-gaap/2012/elts/us-gaap-2012-01-31.xsd#us-gaap_RepaymentsOfDebtAndCapitalLeaseObligations" xlink:label="loc_LTRXRepaymentsOfDebtAndCapitalLeaseObligations" />
      <link:calculationArc order="300" xlink:arcrole="http://www.xbrl.org/2003/arcrole/summation-item" xlink:from="loc_LTRXNetCashProvidedByUsedInFinancingActivities" xlink:to="loc_LTRXRepaymentsOfDebtAndCapitalLeaseObligations" xlink:type="arc" weight="-1" />
      <link:loc xlink:type="locator" xlink:href="http://xbrl.fasb.org/us-gaap/2012/elts/us-gaap-2012-01-31.xsd#us-gaap_CashAndCashEquivalentsPeriodIncreaseDecrease" xlink:label="loc_LTRXCashAndCashEquivalentsPeriodIncreaseDecrease" />
      <link:calculationArc order="100" xlink:arcrole="http://www.xbrl.org/2003/arcrole/summation-item" xlink:from="loc_LTRXCashAndCashEquivalentsPeriodIncreaseDecrease" xlink:to="loc_LTRXNetCashProvidedByUsedInOperatingActivities" xlink:type="arc" weight="1" />
      <link:calculationArc order="200" xlink:arcrole="http://www.xbrl.org/2003/arcrole/summation-item" xlink:from="loc_LTRXCashAndCashEquivalentsPeriodIncreaseDecrease" xlink:to="loc_LTRXNetCashProvidedByUsedInInvestingActivities" xlink:type="arc" weight="1" />
      <link:calculationArc order="300" xlink:arcrole="http://www.xbrl.org/2003/arcrole/summation-item" xlink:from="loc_LTRXCashAndCashEquivalentsPeriodIncreaseDecrease" xlink:to="loc_LTRXNetCashProvidedByUsedInFinancingActivities" xlink:type="arc" weight="1" />
    </link:calculationLink>
    <link:calculationLink xlink:type="extended" xlink:role="http://lantronix.com/role/BasisOfPresentation" xlink:title="0005 - Disclosure - 1. Basis of Presentation" />
    <link:calculationLink xlink:type="extended" xlink:role="http://lantronix.com/role/SupplementalFinancialInformation" xlink:title="0006 - Disclosure - 2. Supplemental Financial Information" />
    <link:calculationLink xlink:type="extended" xlink:role="http://lantronix.com/role/WarrantyReserve" xlink:title="0007 - Disclosure - 3. Warranty Reserve" />
    <link:calculationLink xlink:type="extended" xlink:role="http://lantronix.com/role/BankLineOfCreditAndDebt" xlink:title="0008 - Disclosure - 4. Bank Line of Credit and Debt" />
    <link:calculationLink xlink:type="extended" xlink:role="http://lantronix.com/role/StockholdersEquity" xlink:title="0009 - Disclosure - 5. Stockholders' Equity" />
    <link:calculationLink xlink:type="extended" xlink:role="http://lantronix.com/role/IncomeTaxes" xlink:title="0010 - Disclosure - 6. Income Taxes" />
    <link:calculationLink xlink:type="extended" xlink:role="http://lantronix.com/role/LitigationAndContingencies" xlink:title="0011 - Disclosure - 7. Litigation and Contingencies" />
    <link:calculationLink xlink:type="extended" xlink:role="http://lantronix.com/role/BasisOfPresentationPolicies" xlink:title="0012 - Disclosure - 1. Basis of Presentation (Policies)" />
    <link:calculationLink xlink:type="extended" xlink:role="http://lantronix.com/role/SupplementalFinancialInformationTables" xlink:title="0013 - Disclosure - 2. Supplemental Financial Information (Tables)" />
    <link:calculationLink xlink:type="extended" xlink:role="http://lantronix.com/role/WarrantyReserveTables" xlink:title="0014 - Disclosure - 3. Warranty Reserve (Tables)" />
    <link:calculationLink xlink:type="extended" xlink:role="http://lantronix.com/role/BankLineOfCreditAndDebtTables" xlink:title="0015 - Disclosure - 4. Bank Line of Credit and Debt (Tables)" />
    <link:calculationLink xlink:type="extended" xlink:role="http://lantronix.com/role/StockholdersEquityTables" xlink:title="0016 - Disclosure - 5. Stockholders Equity (Tables)" />
    <link:calculationLink xlink:type="extended" xlink:role="http://lantronix.com/role/IncomeTaxesTables" xlink:title="0017 - Disclosure - 6. Income Taxes (Tables)" />
    <link:calculationLink xlink:type="extended" xlink:role="http://lantronix.com/role/SupplementalFinancialInformationDetails" xlink:title="0018 - Disclosure - 2. Supplemental Financial Information (Details)">
      <link:loc xlink:type="locator" xlink:href="http://xbrl.fasb.org/us-gaap/2012/elts/us-gaap-2012-01-31.xsd#us-gaap_InventoryNet" xlink:label="loc_LTRXInventoryNet" />
      <link:loc xlink:type="locator" xlink:href="http://xbrl.fasb.org/us-gaap/2012/elts/us-gaap-2012-01-31.xsd#us-gaap_InventoryFinishedGoods" xlink:label="loc_LTRXInventoryFinishedGoods" />
      <link:calculationArc order="100" xlink:arcrole="http://www.xbrl.org/2003/arcrole/summation-item" xlink:from="loc_LTRXInventoryNet" xlink:to="loc_LTRXInventoryFinishedGoods" xlink:type="arc" weight="1" />
      <link:loc xlink:type="locator" xlink:href="http://xbrl.fasb.org/us-gaap/2012/elts/us-gaap-2012-01-31.xsd#us-gaap_InventoryRawMaterials" xlink:label="loc_LTRXInventoryRawMaterials" />
      <link:calculationArc order="200" xlink:arcrole="http://www.xbrl.org/2003/arcrole/summation-item" xlink:from="loc_LTRXInventoryNet" xlink:to="loc_LTRXInventoryRawMaterials" xlink:type="arc" weight="1" />
      <link:loc xlink:type="locator" xlink:href="ltrx-20121231.xsd#LTRX_LargeScaleIntegrationChips" xlink:label="loc_LTRXLargeScaleIntegrationChips" />
      <link:calculationArc order="300" xlink:arcrole="http://www.xbrl.org/2003/arcrole/summation-item" xlink:from="loc_LTRXInventoryNet" xlink:to="loc_LTRXLargeScaleIntegrationChips" xlink:type="arc" weight="1" />
      <link:loc xlink:type="locator" xlink:href="ltrx-20121231.xsd#LTRX_FinishedGoodsHeldByDistributors" xlink:label="loc_LTRXFinishedGoodsHeldByDistributors" />
      <link:calculationArc order="400" xlink:arcrole="http://www.xbrl.org/2003/arcrole/summation-item" xlink:from="loc_LTRXInventoryNet" xlink:to="loc_LTRXFinishedGoodsHeldByDistributors" xlink:type="arc" weight="1" />
    </link:calculationLink>
    <link:calculationLink xlink:type="extended" xlink:role="http://lantronix.com/role/SupplementalFinancialInformationDetails1" xlink:title="0019 - Disclosure - 2. Supplemental Financial Information (Details 1)" />
    <link:calculationLink xlink:type="extended" xlink:role="http://lantronix.com/role/SupplementalFinancialInformationDetails2" xlink:title="0020 - Disclosure - 2. Supplemental Financial Information (Details 2)" />
    <link:calculationLink xlink:type="extended" xlink:role="http://lantronix.com/role/SupplementalFinancialInformationDetails3" xlink:title="0021 - Disclosure - 2. Supplemental Financial Information (Details 3)" />
    <link:calculationLink xlink:type="extended" xlink:role="http://lantronix.com/role/SupplementalFinancialInformationDetails4" xlink:title="0022 - Disclosure - 2. Supplemental Financial Information (Details 4)" />
    <link:calculationLink xlink:type="extended" xlink:role="http://lantronix.com/role/WarrantyReserveDetails" xlink:title="0023 - Disclosure - 3. Warranty Reserve (Details)" />
    <link:calculationLink xlink:type="extended" xlink:role="http://lantronix.com/role/BankLineOfCreditAndDebtDetails" xlink:title="0024 - Disclosure - 4. Bank Line of Credit and Debt (Details)" />
    <link:calculationLink xlink:type="extended" xlink:role="http://lantronix.com/role/BankLineOfCreditAndDebtDetails1" xlink:title="0025 - Disclosure - 4. Bank Line of Credit and Debt (Details 1)" />
    <link:calculationLink xlink:type="extended" xlink:role="http://lantronix.com/role/BankLineOfCreditAndDebtDetailsNarrative" xlink:title="0026 - Disclosure - 4. Bank Line of Credit and Debt (Details Narrative)" />
    <link:calculationLink xlink:type="extended" xlink:role="http://lantronix.com/role/StockholdersEquityDetails" xlink:title="0027 - Disclosure - 5. Stockholders Equity (Details)" />
    <link:calculationLink xlink:type="extended" xlink:role="http://lantronix.com/role/StockholdersEquityDetails1" xlink:title="0028 - Disclosure - 5. Stockholders Equity (Details 1)" />
    <link:calculationLink xlink:type="extended" xlink:role="http://lantronix.com/role/StockholdersEquityDetails2" xlink:title="0029 - Disclosure - 5. Stockholders Equity (Details 2)" />
    <link:calculationLink xlink:type="extended" xlink:role="http://lantronix.com/role/StockholdersEquityDetailsNarrative" xlink:title="0030 - Disclosure - 5. Stockholders Equity (Details Narrative)" />
    <link:calculationLink xlink:type="extended" xlink:role="http://lantronix.com/role/IncomeTaxesDetails" xlink:title="0031 - Disclosure - 6. Income Taxes (Details)" />
</link:linkbase>
