<?xml version="1.0" encoding="US-ASCII" standalone="no"?>
    <!-- Field: Doc-Info; Name: Generator; Value: GoFiler Complete; Version: 3.4b -->
    <!-- Field: Doc-Info; Name: VendorURI; Value: http://www.novaworks.co -->
    <!-- Field: Doc-Info; Name: Source; Value: lantronix_10q%2D123112.xfr; Date: 2013/01/30T22:16:38 -->
    <!-- Field: Doc-Info; Name: Status; Value: 0x00000000 -->
<link:linkbase xmlns:xsi="http://www.w3.org/2001/XMLSchema-instance" xmlns:xlink="http://www.w3.org/1999/xlink" xmlns:link="http://www.xbrl.org/2003/linkbase" xmlns:xbrldt="http://xbrl.org/2005/xbrldt" xmlns:xbrli="http://www.xbrl.org/2003/instance" xsi:schemaLocation="http://www.xbrl.org/2003/linkbase http://www.xbrl.org/2003/xbrl-linkbase-2003-12-31.xsd">
    <link:roleRef roleURI="http://lantronix.com/role/DocumentAndEntityInformation" xlink:href="ltrx-20121231.xsd#DocumentAndEntityInformation" xlink:type="simple" />
    <link:roleRef roleURI="http://lantronix.com/role/CondensedConsolidatedBalanceSheets" xlink:href="ltrx-20121231.xsd#CondensedConsolidatedBalanceSheets" xlink:type="simple" />
    <link:roleRef roleURI="http://lantronix.com/role/CondensedConsolidatedStatementsOfOperations" xlink:href="ltrx-20121231.xsd#CondensedConsolidatedStatementsOfOperations" xlink:type="simple" />
    <link:roleRef roleURI="http://lantronix.com/role/CondensedConsolidatedStatementsOfCashFlows" xlink:href="ltrx-20121231.xsd#CondensedConsolidatedStatementsOfCashFlows" xlink:type="simple" />
    <link:roleRef roleURI="http://lantronix.com/role/BasisOfPresentation" xlink:href="ltrx-20121231.xsd#BasisOfPresentation" xlink:type="simple" />
    <link:roleRef roleURI="http://lantronix.com/role/SupplementalFinancialInformation" xlink:href="ltrx-20121231.xsd#SupplementalFinancialInformation" xlink:type="simple" />
    <link:roleRef roleURI="http://lantronix.com/role/WarrantyReserve" xlink:href="ltrx-20121231.xsd#WarrantyReserve" xlink:type="simple" />
    <link:roleRef roleURI="http://lantronix.com/role/BankLineOfCreditAndDebt" xlink:href="ltrx-20121231.xsd#BankLineOfCreditAndDebt" xlink:type="simple" />
    <link:roleRef roleURI="http://lantronix.com/role/StockholdersEquity" xlink:href="ltrx-20121231.xsd#StockholdersEquity" xlink:type="simple" />
    <link:roleRef roleURI="http://lantronix.com/role/IncomeTaxes" xlink:href="ltrx-20121231.xsd#IncomeTaxes" xlink:type="simple" />
    <link:roleRef roleURI="http://lantronix.com/role/LitigationAndContingencies" xlink:href="ltrx-20121231.xsd#LitigationAndContingencies" xlink:type="simple" />
    <link:roleRef roleURI="http://lantronix.com/role/BasisOfPresentationPolicies" xlink:href="ltrx-20121231.xsd#BasisOfPresentationPolicies" xlink:type="simple" />
    <link:roleRef roleURI="http://lantronix.com/role/SupplementalFinancialInformationTables" xlink:href="ltrx-20121231.xsd#SupplementalFinancialInformationTables" xlink:type="simple" />
    <link:roleRef roleURI="http://lantronix.com/role/WarrantyReserveTables" xlink:href="ltrx-20121231.xsd#WarrantyReserveTables" xlink:type="simple" />
    <link:roleRef roleURI="http://lantronix.com/role/BankLineOfCreditAndDebtTables" xlink:href="ltrx-20121231.xsd#BankLineOfCreditAndDebtTables" xlink:type="simple" />
    <link:roleRef roleURI="http://lantronix.com/role/StockholdersEquityTables" xlink:href="ltrx-20121231.xsd#StockholdersEquityTables" xlink:type="simple" />
    <link:roleRef roleURI="http://lantronix.com/role/IncomeTaxesTables" xlink:href="ltrx-20121231.xsd#IncomeTaxesTables" xlink:type="simple" />
    <link:roleRef roleURI="http://lantronix.com/role/SupplementalFinancialInformationDetails" xlink:href="ltrx-20121231.xsd#SupplementalFinancialInformationDetails" xlink:type="simple" />
    <link:roleRef roleURI="http://lantronix.com/role/SupplementalFinancialInformationDetails1" xlink:href="ltrx-20121231.xsd#SupplementalFinancialInformationDetails1" xlink:type="simple" />
    <link:roleRef roleURI="http://lantronix.com/role/SupplementalFinancialInformationDetails2" xlink:href="ltrx-20121231.xsd#SupplementalFinancialInformationDetails2" xlink:type="simple" />
    <link:roleRef roleURI="http://lantronix.com/role/SupplementalFinancialInformationDetails3" xlink:href="ltrx-20121231.xsd#SupplementalFinancialInformationDetails3" xlink:type="simple" />
    <link:roleRef roleURI="http://lantronix.com/role/SupplementalFinancialInformationDetails4" xlink:href="ltrx-20121231.xsd#SupplementalFinancialInformationDetails4" xlink:type="simple" />
    <link:roleRef roleURI="http://lantronix.com/role/WarrantyReserveDetails" xlink:href="ltrx-20121231.xsd#WarrantyReserveDetails" xlink:type="simple" />
    <link:roleRef roleURI="http://lantronix.com/role/BankLineOfCreditAndDebtDetails" xlink:href="ltrx-20121231.xsd#BankLineOfCreditAndDebtDetails" xlink:type="simple" />
    <link:roleRef roleURI="http://lantronix.com/role/BankLineOfCreditAndDebtDetails1" xlink:href="ltrx-20121231.xsd#BankLineOfCreditAndDebtDetails1" xlink:type="simple" />
    <link:roleRef roleURI="http://lantronix.com/role/BankLineOfCreditAndDebtDetailsNarrative" xlink:href="ltrx-20121231.xsd#BankLineOfCreditAndDebtDetailsNarrative" xlink:type="simple" />
    <link:roleRef roleURI="http://lantronix.com/role/StockholdersEquityDetails" xlink:href="ltrx-20121231.xsd#StockholdersEquityDetails" xlink:type="simple" />
    <link:roleRef roleURI="http://lantronix.com/role/StockholdersEquityDetails1" xlink:href="ltrx-20121231.xsd#StockholdersEquityDetails1" xlink:type="simple" />
    <link:roleRef roleURI="http://lantronix.com/role/StockholdersEquityDetails2" xlink:href="ltrx-20121231.xsd#StockholdersEquityDetails2" xlink:type="simple" />
    <link:roleRef roleURI="http://lantronix.com/role/StockholdersEquityDetailsNarrative" xlink:href="ltrx-20121231.xsd#StockholdersEquityDetailsNarrative" xlink:type="simple" />
    <link:roleRef roleURI="http://lantronix.com/role/IncomeTaxesDetails" xlink:href="ltrx-20121231.xsd#IncomeTaxesDetails" xlink:type="simple" />
    <link:arcroleRef xlink:type="simple" xlink:href="http://www.xbrl.org/2005/xbrldt-2005.xsd#hypercube-dimension" arcroleURI="http://xbrl.org/int/dim/arcrole/hypercube-dimension" />
    <link:arcroleRef xlink:type="simple" xlink:href="http://www.xbrl.org/2005/xbrldt-2005.xsd#dimension-domain" arcroleURI="http://xbrl.org/int/dim/arcrole/dimension-domain" />
    <link:arcroleRef xlink:type="simple" xlink:href="http://www.xbrl.org/2005/xbrldt-2005.xsd#domain-member" arcroleURI="http://xbrl.org/int/dim/arcrole/domain-member" />
    <link:arcroleRef xlink:type="simple" xlink:href="http://www.xbrl.org/2005/xbrldt-2005.xsd#all" arcroleURI="http://xbrl.org/int/dim/arcrole/all" />
    <link:arcroleRef xlink:type="simple" xlink:href="http://www.xbrl.org/2005/xbrldt-2005.xsd#notAll" arcroleURI="http://xbrl.org/int/dim/arcrole/notAll" />
    <link:arcroleRef xlink:type="simple" xlink:href="http://www.xbrl.org/2005/xbrldt-2005.xsd#dimension-default" arcroleURI="http://xbrl.org/int/dim/arcrole/dimension-default" />
    <link:definitionLink xlink:type="extended" xlink:role="http://lantronix.com/role/DocumentAndEntityInformation" xlink:title="0001 - Document - Document and Entity Information" />
    <link:definitionLink xlink:type="extended" xlink:role="http://lantronix.com/role/CondensedConsolidatedBalanceSheets" xlink:title="0002 - Statement - Condensed Consolidated Balance Sheets" />
    <link:definitionLink xlink:type="extended" xlink:role="http://lantronix.com/role/CondensedConsolidatedStatementsOfOperations" xlink:title="0003 - Statement - Condensed Consolidated Statements of Operations" />
    <link:definitionLink xlink:type="extended" xlink:role="http://lantronix.com/role/CondensedConsolidatedStatementsOfCashFlows" xlink:title="0004 - Statement - Condensed Consolidated Statements of Cash Flows" />
    <link:definitionLink xlink:type="extended" xlink:role="http://lantronix.com/role/BasisOfPresentation" xlink:title="0005 - Disclosure - 1. Basis of Presentation" />
    <link:definitionLink xlink:type="extended" xlink:role="http://lantronix.com/role/SupplementalFinancialInformation" xlink:title="0006 - Disclosure - 2. Supplemental Financial Information" />
    <link:definitionLink xlink:type="extended" xlink:role="http://lantronix.com/role/WarrantyReserve" xlink:title="0007 - Disclosure - 3. Warranty Reserve" />
    <link:definitionLink xlink:type="extended" xlink:role="http://lantronix.com/role/BankLineOfCreditAndDebt" xlink:title="0008 - Disclosure - 4. Bank Line of Credit and Debt" />
    <link:definitionLink xlink:type="extended" xlink:role="http://lantronix.com/role/StockholdersEquity" xlink:title="0009 - Disclosure - 5. Stockholders' Equity" />
    <link:definitionLink xlink:type="extended" xlink:role="http://lantronix.com/role/IncomeTaxes" xlink:title="0010 - Disclosure - 6. Income Taxes" />
    <link:definitionLink xlink:type="extended" xlink:role="http://lantronix.com/role/LitigationAndContingencies" xlink:title="0011 - Disclosure - 7. Litigation and Contingencies" />
    <link:definitionLink xlink:type="extended" xlink:role="http://lantronix.com/role/BasisOfPresentationPolicies" xlink:title="0012 - Disclosure - 1. Basis of Presentation (Policies)" />
    <link:definitionLink xlink:type="extended" xlink:role="http://lantronix.com/role/SupplementalFinancialInformationTables" xlink:title="0013 - Disclosure - 2. Supplemental Financial Information (Tables)" />
    <link:definitionLink xlink:type="extended" xlink:role="http://lantronix.com/role/WarrantyReserveTables" xlink:title="0014 - Disclosure - 3. Warranty Reserve (Tables)" />
    <link:definitionLink xlink:type="extended" xlink:role="http://lantronix.com/role/BankLineOfCreditAndDebtTables" xlink:title="0015 - Disclosure - 4. Bank Line of Credit and Debt (Tables)" />
    <link:definitionLink xlink:type="extended" xlink:role="http://lantronix.com/role/StockholdersEquityTables" xlink:title="0016 - Disclosure - 5. Stockholders Equity (Tables)" />
    <link:definitionLink xlink:type="extended" xlink:role="http://lantronix.com/role/IncomeTaxesTables" xlink:title="0017 - Disclosure - 6. Income Taxes (Tables)" />
    <link:definitionLink xlink:type="extended" xlink:role="http://lantronix.com/role/SupplementalFinancialInformationDetails" xlink:title="0018 - Disclosure - 2. Supplemental Financial Information (Details)" />
    <link:definitionLink xlink:type="extended" xlink:role="http://lantronix.com/role/SupplementalFinancialInformationDetails1" xlink:title="0019 - Disclosure - 2. Supplemental Financial Information (Details 1)" />
    <link:definitionLink xlink:type="extended" xlink:role="http://lantronix.com/role/SupplementalFinancialInformationDetails2" xlink:title="0020 - Disclosure - 2. Supplemental Financial Information (Details 2)" />
    <link:definitionLink xlink:type="extended" xlink:role="http://lantronix.com/role/SupplementalFinancialInformationDetails3" xlink:title="0021 - Disclosure - 2. Supplemental Financial Information (Details 3)" />
    <link:definitionLink xlink:type="extended" xlink:role="http://lantronix.com/role/SupplementalFinancialInformationDetails4" xlink:title="0022 - Disclosure - 2. Supplemental Financial Information (Details 4)" />
    <link:definitionLink xlink:type="extended" xlink:role="http://lantronix.com/role/WarrantyReserveDetails" xlink:title="0023 - Disclosure - 3. Warranty Reserve (Details)" />
    <link:definitionLink xlink:type="extended" xlink:role="http://lantronix.com/role/BankLineOfCreditAndDebtDetails" xlink:title="0024 - Disclosure - 4. Bank Line of Credit and Debt (Details)" />
    <link:definitionLink xlink:type="extended" xlink:role="http://lantronix.com/role/BankLineOfCreditAndDebtDetails1" xlink:title="0025 - Disclosure - 4. Bank Line of Credit and Debt (Details 1)" />
    <link:definitionLink xlink:type="extended" xlink:role="http://lantronix.com/role/BankLineOfCreditAndDebtDetailsNarrative" xlink:title="0026 - Disclosure - 4. Bank Line of Credit and Debt (Details Narrative)" />
    <link:definitionLink xlink:type="extended" xlink:role="http://lantronix.com/role/StockholdersEquityDetails" xlink:title="0027 - Disclosure - 5. Stockholders Equity (Details)">
      <link:loc xlink:type="locator" xlink:href="http://xbrl.fasb.org/us-gaap/2012/elts/us-gaap-2012-01-31.xsd#us-gaap_StatementLineItems" xlink:label="loc_LTRXStatementLineItems" />
      <link:loc xlink:type="locator" xlink:href="http://xbrl.fasb.org/us-gaap/2012/elts/us-gaap-2012-01-31.xsd#us-gaap_StatementTable" xlink:label="loc_LTRXStatementTable" />
      <link:definitionArc xlink:arcrole="http://xbrl.org/int/dim/arcrole/all" xbrldt:contextElement="segment" xlink:from="loc_LTRXStatementLineItems" xlink:to="loc_LTRXStatementTable" xlink:type="arc" order="10" xbrldt:closed="true" />
      <link:loc xlink:type="locator" xlink:href="http://xbrl.fasb.org/us-gaap/2012/elts/us-gaap-2012-01-31.xsd#us-gaap_ScheduleOfEmployeeServiceShareBasedCompensationAllocationOfRecognizedPeriodCostsByReportLineAxis" xlink:label="loc_LTRXScheduleOfEmployeeServiceShareBasedCompensationAllocationOfRecognizedPeriodCostsByReportLineAxis" />
      <link:definitionArc xlink:arcrole="http://xbrl.org/int/dim/arcrole/hypercube-dimension" xlink:from="loc_LTRXStatementTable" xlink:to="loc_LTRXScheduleOfEmployeeServiceShareBasedCompensationAllocationOfRecognizedPeriodCostsByReportLineAxis" xlink:type="arc" order="1" />
      <link:loc xlink:type="locator" xlink:href="http://xbrl.fasb.org/us-gaap/2012/elts/us-gaap-2012-01-31.xsd#us-gaap_EmployeeServiceShareBasedCompensationAllocationOfRecognizedPeriodCostsReportLineDomain" xlink:label="loc_LTRXEmployeeServiceShareBasedCompensationAllocationOfRecognizedPeriodCostsReportLineDomain" />
      <link:definitionArc xlink:arcrole="http://xbrl.org/int/dim/arcrole/dimension-domain" xlink:from="loc_LTRXScheduleOfEmployeeServiceShareBasedCompensationAllocationOfRecognizedPeriodCostsByReportLineAxis" xlink:to="loc_LTRXEmployeeServiceShareBasedCompensationAllocationOfRecognizedPeriodCostsReportLineDomain" xlink:type="arc" order="20" />
      <link:loc xlink:type="locator" xlink:href="http://xbrl.fasb.org/us-gaap/2012/elts/us-gaap-2012-01-31.xsd#us-gaap_EmployeeServiceShareBasedCompensationAllocationOfRecognizedPeriodCostsReportLineDomain" xlink:label="loc_LTRXEmployeeServiceShareBasedCompensationAllocationOfRecognizedPeriodCostsReportLineDomain_10" />
      <link:definitionArc xlink:arcrole="http://xbrl.org/int/dim/arcrole/dimension-default" xbrldt:contextElement="segment" xlink:from="loc_LTRXScheduleOfEmployeeServiceShareBasedCompensationAllocationOfRecognizedPeriodCostsByReportLineAxis" xlink:to="loc_LTRXEmployeeServiceShareBasedCompensationAllocationOfRecognizedPeriodCostsReportLineDomain_10" xlink:type="arc" order="30" />
      <link:loc xlink:type="locator" xlink:href="http://xbrl.fasb.org/us-gaap/2012/elts/us-gaap-2012-01-31.xsd#us-gaap_CostOfSalesMember" xlink:label="loc_LTRXCostOfSalesMember_0" />
      <link:definitionArc xlink:arcrole="http://xbrl.org/int/dim/arcrole/domain-member" xlink:from="loc_LTRXEmployeeServiceShareBasedCompensationAllocationOfRecognizedPeriodCostsReportLineDomain" xlink:to="loc_LTRXCostOfSalesMember_0" xlink:type="arc" order="1" />
      <link:loc xlink:type="locator" xlink:href="http://xbrl.fasb.org/us-gaap/2012/elts/us-gaap-2012-01-31.xsd#us-gaap_SellingGeneralAndAdministrativeExpensesMember" xlink:label="loc_LTRXSellingGeneralAndAdministrativeExpensesMember_20" />
      <link:definitionArc xlink:arcrole="http://xbrl.org/int/dim/arcrole/domain-member" xlink:from="loc_LTRXEmployeeServiceShareBasedCompensationAllocationOfRecognizedPeriodCostsReportLineDomain" xlink:to="loc_LTRXSellingGeneralAndAdministrativeExpensesMember_20" xlink:type="arc" order="21" />
      <link:loc xlink:type="locator" xlink:href="http://xbrl.fasb.org/us-gaap/2012/elts/us-gaap-2012-01-31.xsd#us-gaap_ResearchAndDevelopmentExpenseMember" xlink:label="loc_LTRXResearchAndDevelopmentExpenseMember_40" />
      <link:definitionArc xlink:arcrole="http://xbrl.org/int/dim/arcrole/domain-member" xlink:from="loc_LTRXEmployeeServiceShareBasedCompensationAllocationOfRecognizedPeriodCostsReportLineDomain" xlink:to="loc_LTRXResearchAndDevelopmentExpenseMember_40" xlink:type="arc" order="41" />
      <link:loc xlink:type="locator" xlink:href="http://xbrl.fasb.org/us-gaap/2012/elts/us-gaap-2012-01-31.xsd#us-gaap_AllocatedShareBasedCompensationExpense" xlink:label="loc_LTRXAllocatedShareBasedCompensationExpense_170" />
      <link:definitionArc xlink:arcrole="http://xbrl.org/int/dim/arcrole/domain-member" xlink:from="loc_LTRXStatementLineItems" xlink:to="loc_LTRXAllocatedShareBasedCompensationExpense_170" xlink:type="arc" order="1" />
    </link:definitionLink>
    <link:definitionLink xlink:type="extended" xlink:role="http://lantronix.com/role/StockholdersEquityDetails1" xlink:title="0028 - Disclosure - 5. Stockholders Equity (Details 1)" />
    <link:definitionLink xlink:type="extended" xlink:role="http://lantronix.com/role/StockholdersEquityDetails2" xlink:title="0029 - Disclosure - 5. Stockholders Equity (Details 2)" />
    <link:definitionLink xlink:type="extended" xlink:role="http://lantronix.com/role/StockholdersEquityDetailsNarrative" xlink:title="0030 - Disclosure - 5. Stockholders Equity (Details Narrative)" />
    <link:definitionLink xlink:type="extended" xlink:role="http://lantronix.com/role/IncomeTaxesDetails" xlink:title="0031 - Disclosure - 6. Income Taxes (Details)" />
</link:linkbase>
