<?xml version="1.0" encoding="US-ASCII" standalone="no"?>
    <!-- QXInteractive -->
<link:linkbase xmlns:xsi="http://www.w3.org/2001/XMLSchema-instance" xmlns:xlink="http://www.w3.org/1999/xlink" xmlns:link="http://www.xbrl.org/2003/linkbase" xmlns:xbrldt="http://xbrl.org/2005/xbrldt" xmlns:xbrli="http://www.xbrl.org/2003/instance" xsi:schemaLocation="http://www.xbrl.org/2003/linkbase http://www.xbrl.org/2003/xbrl-linkbase-2003-12-31.xsd">
    <link:roleRef roleURI="http://pharmabioserv.com/role/DocumentAndEntityInformation" xlink:href="pbsv-20121031.xsd#DocumentAndEntityInformation" xlink:type="simple" />
    <link:roleRef roleURI="http://pharmabioserv.com/role/ConsolidatedBalanceSheets" xlink:href="pbsv-20121031.xsd#ConsolidatedBalanceSheets" xlink:type="simple" />
    <link:roleRef roleURI="http://pharmabioserv.com/role/ConsolidatedBalanceSheetsParenthetical" xlink:href="pbsv-20121031.xsd#ConsolidatedBalanceSheetsParenthetical" xlink:type="simple" />
    <link:roleRef roleURI="http://pharmabioserv.com/role/ConsolidatedStatementsOfIncome" xlink:href="pbsv-20121031.xsd#ConsolidatedStatementsOfIncome" xlink:type="simple" />
    <link:roleRef roleURI="http://pharmabioserv.com/role/ConsolidatedStatementsOfComprehensiveIncome" xlink:href="pbsv-20121031.xsd#ConsolidatedStatementsOfComprehensiveIncome" xlink:type="simple" />
    <link:roleRef roleURI="http://pharmabioserv.com/role/ConsolidatedStatementsOfChangesInStockholdersEquity" xlink:href="pbsv-20121031.xsd#ConsolidatedStatementsOfChangesInStockholdersEquity" xlink:type="simple" />
    <link:roleRef roleURI="http://pharmabioserv.com/role/ConsolidatedStatementsOfCashFlows" xlink:href="pbsv-20121031.xsd#ConsolidatedStatementsOfCashFlows" xlink:type="simple" />
    <link:roleRef roleURI="http://pharmabioserv.com/role/ConsolidatedStatementsOfCashFlowsParenthetical" xlink:href="pbsv-20121031.xsd#ConsolidatedStatementsOfCashFlowsParenthetical" xlink:type="simple" />
    <link:roleRef roleURI="http://pharmabioserv.com/role/A.OrganizationAndSummaryOfSignificantAccountingPolicies" xlink:href="pbsv-20121031.xsd#A.OrganizationAndSummaryOfSignificantAccountingPolicies" xlink:type="simple" />
    <link:roleRef roleURI="http://pharmabioserv.com/role/B.MarketableSecuritiesAvailableForSale" xlink:href="pbsv-20121031.xsd#B.MarketableSecuritiesAvailableForSale" xlink:type="simple" />
    <link:roleRef roleURI="http://pharmabioserv.com/role/C.PropertyAndEquipment" xlink:href="pbsv-20121031.xsd#C.PropertyAndEquipment" xlink:type="simple" />
    <link:roleRef roleURI="http://pharmabioserv.com/role/D.IncomeTax" xlink:href="pbsv-20121031.xsd#D.IncomeTax" xlink:type="simple" />
    <link:roleRef roleURI="http://pharmabioserv.com/role/E.CommitmentsAndContingencies" xlink:href="pbsv-20121031.xsd#E.CommitmentsAndContingencies" xlink:type="simple" />
    <link:roleRef roleURI="http://pharmabioserv.com/role/F.Warrants" xlink:href="pbsv-20121031.xsd#F.Warrants" xlink:type="simple" />
    <link:roleRef roleURI="http://pharmabioserv.com/role/G.EarningsPerShare" xlink:href="pbsv-20121031.xsd#G.EarningsPerShare" xlink:type="simple" />
    <link:roleRef roleURI="http://pharmabioserv.com/role/H.StockOptionsAndStockBasedCompensation" xlink:href="pbsv-20121031.xsd#H.StockOptionsAndStockBasedCompensation" xlink:type="simple" />
    <link:roleRef roleURI="http://pharmabioserv.com/role/I.ConcentrationsOfRisk" xlink:href="pbsv-20121031.xsd#I.ConcentrationsOfRisk" xlink:type="simple" />
    <link:roleRef roleURI="http://pharmabioserv.com/role/J.RetirementPlan" xlink:href="pbsv-20121031.xsd#J.RetirementPlan" xlink:type="simple" />
    <link:roleRef roleURI="http://pharmabioserv.com/role/K.SegmentDisclosures" xlink:href="pbsv-20121031.xsd#K.SegmentDisclosures" xlink:type="simple" />
    <link:roleRef roleURI="http://pharmabioserv.com/role/A.OrganizationAndSummaryOfSignificantAccountingPoliciesPolicies" xlink:href="pbsv-20121031.xsd#A.OrganizationAndSummaryOfSignificantAccountingPoliciesPolicies" xlink:type="simple" />
    <link:roleRef roleURI="http://pharmabioserv.com/role/C.PropertyAndEquipmentTables" xlink:href="pbsv-20121031.xsd#C.PropertyAndEquipmentTables" xlink:type="simple" />
    <link:roleRef roleURI="http://pharmabioserv.com/role/D.IncomeTaxesTables" xlink:href="pbsv-20121031.xsd#D.IncomeTaxesTables" xlink:type="simple" />
    <link:roleRef roleURI="http://pharmabioserv.com/role/E.CommitmentsAndContingenciesTables" xlink:href="pbsv-20121031.xsd#E.CommitmentsAndContingenciesTables" xlink:type="simple" />
    <link:roleRef roleURI="http://pharmabioserv.com/role/F.WarrantsTables" xlink:href="pbsv-20121031.xsd#F.WarrantsTables" xlink:type="simple" />
    <link:roleRef roleURI="http://pharmabioserv.com/role/G.EarningsPerShareTables" xlink:href="pbsv-20121031.xsd#G.EarningsPerShareTables" xlink:type="simple" />
    <link:roleRef roleURI="http://pharmabioserv.com/role/H.StockOptionsAndStockBasedCompensationTables" xlink:href="pbsv-20121031.xsd#H.StockOptionsAndStockBasedCompensationTables" xlink:type="simple" />
    <link:roleRef roleURI="http://pharmabioserv.com/role/K.SegmentDisclosuresTables" xlink:href="pbsv-20121031.xsd#K.SegmentDisclosuresTables" xlink:type="simple" />
    <link:roleRef roleURI="http://pharmabioserv.com/role/B.MarketableSecuritiesAvailableForSaleDetailsNarrative" xlink:href="pbsv-20121031.xsd#B.MarketableSecuritiesAvailableForSaleDetailsNarrative" xlink:type="simple" />
    <link:roleRef roleURI="http://pharmabioserv.com/role/C.PropertyAndEquipmentDetails" xlink:href="pbsv-20121031.xsd#C.PropertyAndEquipmentDetails" xlink:type="simple" />
    <link:roleRef roleURI="http://pharmabioserv.com/role/D.IncomeTaxesDetails" xlink:href="pbsv-20121031.xsd#D.IncomeTaxesDetails" xlink:type="simple" />
    <link:roleRef roleURI="http://pharmabioserv.com/role/D.IncomeTaxDetailsNarrative" xlink:href="pbsv-20121031.xsd#D.IncomeTaxDetailsNarrative" xlink:type="simple" />
    <link:roleRef roleURI="http://pharmabioserv.com/role/E.CommitmentsAndContingenciesDetails" xlink:href="pbsv-20121031.xsd#E.CommitmentsAndContingenciesDetails" xlink:type="simple" />
    <link:roleRef roleURI="http://pharmabioserv.com/role/E.CommitmentsAndContingenciesDetails1" xlink:href="pbsv-20121031.xsd#E.CommitmentsAndContingenciesDetails1" xlink:type="simple" />
    <link:roleRef roleURI="http://pharmabioserv.com/role/E.CommitmentsAndContingenciesDetailsNarrative" xlink:href="pbsv-20121031.xsd#E.CommitmentsAndContingenciesDetailsNarrative" xlink:type="simple" />
    <link:roleRef roleURI="http://pharmabioserv.com/role/F.WarrantsDetails" xlink:href="pbsv-20121031.xsd#F.WarrantsDetails" xlink:type="simple" />
    <link:roleRef roleURI="http://pharmabioserv.com/role/G.EarningsPerShareDetails" xlink:href="pbsv-20121031.xsd#G.EarningsPerShareDetails" xlink:type="simple" />
    <link:roleRef roleURI="http://pharmabioserv.com/role/G.EarningsPerShareDetailsNarrative" xlink:href="pbsv-20121031.xsd#G.EarningsPerShareDetailsNarrative" xlink:type="simple" />
    <link:roleRef roleURI="http://pharmabioserv.com/role/H.StockOptionsAndStockBasedCompensationDetails" xlink:href="pbsv-20121031.xsd#H.StockOptionsAndStockBasedCompensationDetails" xlink:type="simple" />
    <link:roleRef roleURI="http://pharmabioserv.com/role/H.StockOptionsAndStockBasedCompensationDetails1" xlink:href="pbsv-20121031.xsd#H.StockOptionsAndStockBasedCompensationDetails1" xlink:type="simple" />
    <link:roleRef roleURI="http://pharmabioserv.com/role/H.StockOptionsAndStockBasedCompensationDetails2" xlink:href="pbsv-20121031.xsd#H.StockOptionsAndStockBasedCompensationDetails2" xlink:type="simple" />
    <link:roleRef roleURI="http://pharmabioserv.com/role/H.StockOptionsAndStockBasedCompensationDetails3" xlink:href="pbsv-20121031.xsd#H.StockOptionsAndStockBasedCompensationDetails3" xlink:type="simple" />
    <link:roleRef roleURI="http://pharmabioserv.com/role/H.StockOptionsAndStockBasedCompensationDetailsNarrative" xlink:href="pbsv-20121031.xsd#H.StockOptionsAndStockBasedCompensationDetailsNarrative" xlink:type="simple" />
    <link:roleRef roleURI="http://pharmabioserv.com/role/I.ConcentrationOfRisksDetailsNarrative" xlink:href="pbsv-20121031.xsd#I.ConcentrationOfRisksDetailsNarrative" xlink:type="simple" />
    <link:roleRef roleURI="http://pharmabioserv.com/role/J.RetirementPlanDetailsNarrative" xlink:href="pbsv-20121031.xsd#J.RetirementPlanDetailsNarrative" xlink:type="simple" />
    <link:roleRef roleURI="http://pharmabioserv.com/role/K.SegmentDisclosuresDetails" xlink:href="pbsv-20121031.xsd#K.SegmentDisclosuresDetails" xlink:type="simple" />
    <link:arcroleRef xlink:type="simple" xlink:href="http://www.xbrl.org/2005/xbrldt-2005.xsd#hypercube-dimension" arcroleURI="http://xbrl.org/int/dim/arcrole/hypercube-dimension" />
    <link:arcroleRef xlink:type="simple" xlink:href="http://www.xbrl.org/2005/xbrldt-2005.xsd#dimension-domain" arcroleURI="http://xbrl.org/int/dim/arcrole/dimension-domain" />
    <link:arcroleRef xlink:type="simple" xlink:href="http://www.xbrl.org/2005/xbrldt-2005.xsd#domain-member" arcroleURI="http://xbrl.org/int/dim/arcrole/domain-member" />
    <link:arcroleRef xlink:type="simple" xlink:href="http://www.xbrl.org/2005/xbrldt-2005.xsd#all" arcroleURI="http://xbrl.org/int/dim/arcrole/all" />
    <link:arcroleRef xlink:type="simple" xlink:href="http://www.xbrl.org/2005/xbrldt-2005.xsd#notAll" arcroleURI="http://xbrl.org/int/dim/arcrole/notAll" />
    <link:arcroleRef xlink:type="simple" xlink:href="http://www.xbrl.org/2005/xbrldt-2005.xsd#dimension-default" arcroleURI="http://xbrl.org/int/dim/arcrole/dimension-default" />
    <link:definitionLink xlink:type="extended" xlink:role="http://pharmabioserv.com/role/DocumentAndEntityInformation" xlink:title="0001 - Document - Document and Entity Information" />
    <link:definitionLink xlink:type="extended" xlink:role="http://pharmabioserv.com/role/ConsolidatedBalanceSheets" xlink:title="0002 - Statement - Consolidated Balance Sheets (Unaudited)" />
    <link:definitionLink xlink:type="extended" xlink:role="http://pharmabioserv.com/role/ConsolidatedBalanceSheetsParenthetical" xlink:title="0003 - Statement - Consolidated Balance Sheets (Parenthetical)" />
    <link:definitionLink xlink:type="extended" xlink:role="http://pharmabioserv.com/role/ConsolidatedStatementsOfIncome" xlink:title="0004 - Statement - Consolidated Statements of Income (Unaudited)" />
    <link:definitionLink xlink:type="extended" xlink:role="http://pharmabioserv.com/role/ConsolidatedStatementsOfComprehensiveIncome" xlink:title="0005 - Statement - Consolidated Statements of Comprehensive Income" />
    <link:definitionLink xlink:type="extended" xlink:role="http://pharmabioserv.com/role/ConsolidatedStatementsOfChangesInStockholdersEquity" xlink:title="0006 - Statement - Consolidated Statements of Changes in Stockholders' Equity">
      <link:loc xlink:type="locator" xlink:href="http://xbrl.fasb.org/us-gaap/2012/elts/us-gaap-2012-01-31.xsd#us-gaap_StatementLineItems" xlink:label="loc_PBSVStatementLineItems" />
      <link:loc xlink:type="locator" xlink:href="http://xbrl.fasb.org/us-gaap/2012/elts/us-gaap-2012-01-31.xsd#us-gaap_StatementTable" xlink:label="loc_PBSVStatementTable" />
      <link:definitionArc xlink:arcrole="http://xbrl.org/int/dim/arcrole/all" xbrldt:contextElement="segment" xlink:from="loc_PBSVStatementLineItems" xlink:to="loc_PBSVStatementTable" xlink:type="arc" order="10" xbrldt:closed="true" />
      <link:loc xlink:type="locator" xlink:href="http://xbrl.fasb.org/us-gaap/2012/elts/us-gaap-2012-01-31.xsd#us-gaap_StatementEquityComponentsAxis" xlink:label="loc_PBSVStatementEquityComponentsAxis" />
      <link:definitionArc xlink:arcrole="http://xbrl.org/int/dim/arcrole/hypercube-dimension" xlink:from="loc_PBSVStatementTable" xlink:to="loc_PBSVStatementEquityComponentsAxis" xlink:type="arc" order="20" />
      <link:loc xlink:type="locator" xlink:href="http://xbrl.fasb.org/us-gaap/2012/elts/us-gaap-2012-01-31.xsd#us-gaap_EquityComponentDomain" xlink:label="loc_PBSVEquityComponentDomain" />
      <link:definitionArc xlink:arcrole="http://xbrl.org/int/dim/arcrole/dimension-domain" xlink:from="loc_PBSVStatementEquityComponentsAxis" xlink:to="loc_PBSVEquityComponentDomain" xlink:type="arc" order="20" />
      <link:loc xlink:type="locator" xlink:href="http://xbrl.fasb.org/us-gaap/2012/elts/us-gaap-2012-01-31.xsd#us-gaap_EquityComponentDomain" xlink:label="loc_PBSVEquityComponentDomain_10" />
      <link:definitionArc xlink:arcrole="http://xbrl.org/int/dim/arcrole/dimension-default" xbrldt:contextElement="segment" xlink:from="loc_PBSVStatementEquityComponentsAxis" xlink:to="loc_PBSVEquityComponentDomain_10" xlink:type="arc" order="30" />
      <link:loc xlink:type="locator" xlink:href="http://xbrl.fasb.org/us-gaap/2012/elts/us-gaap-2012-01-31.xsd#us-gaap_CommonStockMember" xlink:label="loc_PBSVCommonStockMember_0" />
      <link:definitionArc xlink:arcrole="http://xbrl.org/int/dim/arcrole/domain-member" xlink:from="loc_PBSVEquityComponentDomain" xlink:to="loc_PBSVCommonStockMember_0" xlink:type="arc" order="1" />
      <link:loc xlink:type="locator" xlink:href="http://xbrl.fasb.org/us-gaap/2012/elts/us-gaap-2012-01-31.xsd#us-gaap_PreferredStockMember" xlink:label="loc_PBSVPreferredStockMember_10" />
      <link:definitionArc xlink:arcrole="http://xbrl.org/int/dim/arcrole/domain-member" xlink:from="loc_PBSVEquityComponentDomain" xlink:to="loc_PBSVPreferredStockMember_10" xlink:type="arc" order="11" />
      <link:loc xlink:type="locator" xlink:href="http://xbrl.fasb.org/us-gaap/2012/elts/us-gaap-2012-01-31.xsd#us-gaap_AdditionalPaidInCapitalMember" xlink:label="loc_PBSVAdditionalPaidInCapitalMember_20" />
      <link:definitionArc xlink:arcrole="http://xbrl.org/int/dim/arcrole/domain-member" xlink:from="loc_PBSVEquityComponentDomain" xlink:to="loc_PBSVAdditionalPaidInCapitalMember_20" xlink:type="arc" order="21" />
      <link:loc xlink:type="locator" xlink:href="http://xbrl.fasb.org/us-gaap/2012/elts/us-gaap-2012-01-31.xsd#us-gaap_RetainedEarningsMember" xlink:label="loc_PBSVRetainedEarningsMember_30" />
      <link:definitionArc xlink:arcrole="http://xbrl.org/int/dim/arcrole/domain-member" xlink:from="loc_PBSVEquityComponentDomain" xlink:to="loc_PBSVRetainedEarningsMember_30" xlink:type="arc" order="31" />
      <link:loc xlink:type="locator" xlink:href="http://xbrl.fasb.org/us-gaap/2012/elts/us-gaap-2012-01-31.xsd#us-gaap_AccumulatedOtherComprehensiveIncomeMember" xlink:label="loc_PBSVAccumulatedOtherComprehensiveIncomeMember_40" />
      <link:definitionArc xlink:arcrole="http://xbrl.org/int/dim/arcrole/domain-member" xlink:from="loc_PBSVEquityComponentDomain" xlink:to="loc_PBSVAccumulatedOtherComprehensiveIncomeMember_40" xlink:type="arc" order="41" />
      <link:loc xlink:type="locator" xlink:href="http://xbrl.fasb.org/us-gaap/2012/elts/us-gaap-2012-01-31.xsd#us-gaap_SharesIssued" xlink:label="loc_PBSVSharesIssued_70" />
      <link:definitionArc xlink:arcrole="http://xbrl.org/int/dim/arcrole/domain-member" xlink:from="loc_PBSVStatementLineItems" xlink:to="loc_PBSVSharesIssued_70" xlink:type="arc" order="2" />
      <link:loc xlink:type="locator" xlink:href="http://xbrl.fasb.org/us-gaap/2012/elts/us-gaap-2012-01-31.xsd#us-gaap_StockholdersEquity" xlink:label="loc_PBSVStockholdersEquity_70" />
      <link:definitionArc xlink:arcrole="http://xbrl.org/int/dim/arcrole/domain-member" xlink:from="loc_PBSVStatementLineItems" xlink:to="loc_PBSVStockholdersEquity_70" xlink:type="arc" order="3" />
      <link:loc xlink:type="locator" xlink:href="http://xbrl.fasb.org/us-gaap/2012/elts/us-gaap-2012-01-31.xsd#us-gaap_ShareBasedCompensation" xlink:label="loc_PBSVShareBasedCompensation_70" />
      <link:definitionArc xlink:arcrole="http://xbrl.org/int/dim/arcrole/domain-member" xlink:from="loc_PBSVStatementLineItems" xlink:to="loc_PBSVShareBasedCompensation_70" xlink:type="arc" order="5" />
      <link:loc xlink:type="locator" xlink:href="http://xbrl.fasb.org/us-gaap/2012/elts/us-gaap-2012-01-31.xsd#us-gaap_StockIssuedDuringPeriodSharesStockOptionsExercised" xlink:label="loc_PBSVStockIssuedDuringPeriodSharesStockOptionsExercised_70" />
      <link:definitionArc xlink:arcrole="http://xbrl.org/int/dim/arcrole/domain-member" xlink:from="loc_PBSVStatementLineItems" xlink:to="loc_PBSVStockIssuedDuringPeriodSharesStockOptionsExercised_70" xlink:type="arc" order="7" />
      <link:loc xlink:type="locator" xlink:href="http://xbrl.fasb.org/us-gaap/2012/elts/us-gaap-2012-01-31.xsd#us-gaap_StockIssuedDuringPeriodValueStockOptionsExercised" xlink:label="loc_PBSVStockIssuedDuringPeriodValueStockOptionsExercised_70" />
      <link:definitionArc xlink:arcrole="http://xbrl.org/int/dim/arcrole/domain-member" xlink:from="loc_PBSVStatementLineItems" xlink:to="loc_PBSVStockIssuedDuringPeriodValueStockOptionsExercised_70" xlink:type="arc" order="8" />
      <link:loc xlink:type="locator" xlink:href="http://xbrl.fasb.org/us-gaap/2012/elts/us-gaap-2012-01-31.xsd#us-gaap_ComprehensiveIncomeNetOfTaxIncludingPortionAttributableToNoncontrollingInterestAbstract" xlink:label="loc_PBSVComprehensiveIncomeNetOfTaxIncludingPortionAttributableToNoncontrollingInterestAbstract_70" />
      <link:definitionArc xlink:arcrole="http://xbrl.org/int/dim/arcrole/domain-member" xlink:from="loc_PBSVStatementLineItems" xlink:to="loc_PBSVComprehensiveIncomeNetOfTaxIncludingPortionAttributableToNoncontrollingInterestAbstract_70" xlink:type="arc" order="10" />
      <link:loc xlink:type="locator" xlink:href="http://xbrl.fasb.org/us-gaap/2012/elts/us-gaap-2012-01-31.xsd#us-gaap_NetIncomeLoss" xlink:label="loc_PBSVNetIncomeLoss_70" />
      <link:definitionArc xlink:arcrole="http://xbrl.org/int/dim/arcrole/domain-member" xlink:from="loc_PBSVComprehensiveIncomeNetOfTaxIncludingPortionAttributableToNoncontrollingInterestAbstract_70" xlink:to="loc_PBSVNetIncomeLoss_70" xlink:type="arc" order="12" />
      <link:loc xlink:type="locator" xlink:href="http://xbrl.fasb.org/us-gaap/2012/elts/us-gaap-2012-01-31.xsd#us-gaap_OtherComprehensiveIncomeForeignCurrencyTransactionAndTranslationAdjustmentNetOfTaxPortionAttributableToParent" xlink:label="loc_PBSVOtherComprehensiveIncomeForeignCurrencyTransactionAndTranslationAdjustmentNetOfTaxPortionAttributableToParent_70" />
      <link:definitionArc xlink:arcrole="http://xbrl.org/int/dim/arcrole/domain-member" xlink:from="loc_PBSVComprehensiveIncomeNetOfTaxIncludingPortionAttributableToNoncontrollingInterestAbstract_70" xlink:to="loc_PBSVOtherComprehensiveIncomeForeignCurrencyTransactionAndTranslationAdjustmentNetOfTaxPortionAttributableToParent_70" xlink:type="arc" order="14" />
    </link:definitionLink>
    <link:definitionLink xlink:type="extended" xlink:role="http://pharmabioserv.com/role/ConsolidatedStatementsOfCashFlows" xlink:title="0007 - Statement - Consolidated Statements of Cash Flows (Unaudited)" />
    <link:definitionLink xlink:type="extended" xlink:role="http://pharmabioserv.com/role/ConsolidatedStatementsOfCashFlowsParenthetical" xlink:title="0008 - Statement - Consolidated Statements of Cash Flows (Parenthetical)" />
    <link:definitionLink xlink:type="extended" xlink:role="http://pharmabioserv.com/role/A.OrganizationAndSummaryOfSignificantAccountingPolicies" xlink:title="0009 - Disclosure - A. ORGANIZATION AND SUMMARY OF SIGNIFICANT ACCOUNTING POLICIES" />
    <link:definitionLink xlink:type="extended" xlink:role="http://pharmabioserv.com/role/B.MarketableSecuritiesAvailableForSale" xlink:title="0010 - Disclosure - B. MARKETABLE SECURITIES AVAILABLE FOR SALE" />
    <link:definitionLink xlink:type="extended" xlink:role="http://pharmabioserv.com/role/C.PropertyAndEquipment" xlink:title="0011 - Disclosure - C. PROPERTY AND EQUIPMENT" />
    <link:definitionLink xlink:type="extended" xlink:role="http://pharmabioserv.com/role/D.IncomeTax" xlink:title="0012 - Disclosure - D. INCOME TAX" />
    <link:definitionLink xlink:type="extended" xlink:role="http://pharmabioserv.com/role/E.CommitmentsAndContingencies" xlink:title="0013 - Disclosure - E. COMMITMENTS AND CONTINGENCIES" />
    <link:definitionLink xlink:type="extended" xlink:role="http://pharmabioserv.com/role/F.Warrants" xlink:title="0014 - Disclosure - F. WARRANTS" />
    <link:definitionLink xlink:type="extended" xlink:role="http://pharmabioserv.com/role/G.EarningsPerShare" xlink:title="0015 - Disclosure - G. EARNINGS PER SHARE" />
    <link:definitionLink xlink:type="extended" xlink:role="http://pharmabioserv.com/role/H.StockOptionsAndStockBasedCompensation" xlink:title="0016 - Disclosure - H. STOCK OPTIONS AND STOCK BASED COMPENSATION" />
    <link:definitionLink xlink:type="extended" xlink:role="http://pharmabioserv.com/role/I.ConcentrationsOfRisk" xlink:title="0017 - Disclosure - I. CONCENTRATIONS OF RISK" />
    <link:definitionLink xlink:type="extended" xlink:role="http://pharmabioserv.com/role/J.RetirementPlan" xlink:title="0018 - Disclosure - J. RETIREMENT PLAN" />
    <link:definitionLink xlink:type="extended" xlink:role="http://pharmabioserv.com/role/K.SegmentDisclosures" xlink:title="0019 - Disclosure - K. SEGMENT DISCLOSURES" />
    <link:definitionLink xlink:type="extended" xlink:role="http://pharmabioserv.com/role/A.OrganizationAndSummaryOfSignificantAccountingPoliciesPolicies" xlink:title="0020 - Disclosure - A. ORGANIZATION AND SUMMARY OF SIGNIFICANT ACCOUNTING POLICIES (Policies)" />
    <link:definitionLink xlink:type="extended" xlink:role="http://pharmabioserv.com/role/C.PropertyAndEquipmentTables" xlink:title="0021 - Disclosure - C. PROPERTY AND EQUIPMENT (Tables)" />
    <link:definitionLink xlink:type="extended" xlink:role="http://pharmabioserv.com/role/D.IncomeTaxesTables" xlink:title="0022 - Disclosure - D. INCOME TAXES (Tables)" />
    <link:definitionLink xlink:type="extended" xlink:role="http://pharmabioserv.com/role/E.CommitmentsAndContingenciesTables" xlink:title="0023 - Disclosure - E. COMMITMENTS AND CONTINGENCIES (Tables)" />
    <link:definitionLink xlink:type="extended" xlink:role="http://pharmabioserv.com/role/F.WarrantsTables" xlink:title="0024 - Disclosure - F. WARRANTS (Tables)" />
    <link:definitionLink xlink:type="extended" xlink:role="http://pharmabioserv.com/role/G.EarningsPerShareTables" xlink:title="0025 - Disclosure - G. EARNINGS PER SHARE (Tables)" />
    <link:definitionLink xlink:type="extended" xlink:role="http://pharmabioserv.com/role/H.StockOptionsAndStockBasedCompensationTables" xlink:title="0026 - Disclosure - H. STOCK OPTIONS AND STOCK BASED COMPENSATION (Tables)" />
    <link:definitionLink xlink:type="extended" xlink:role="http://pharmabioserv.com/role/K.SegmentDisclosuresTables" xlink:title="0027 - Disclosure - K. SEGMENT DISCLOSURES (Tables)" />
    <link:definitionLink xlink:type="extended" xlink:role="http://pharmabioserv.com/role/B.MarketableSecuritiesAvailableForSaleDetailsNarrative" xlink:title="0028 - Disclosure - B. MARKETABLE SECURITIES AVAILABLE FOR SALE (Details Narrative)" />
    <link:definitionLink xlink:type="extended" xlink:role="http://pharmabioserv.com/role/C.PropertyAndEquipmentDetails" xlink:title="0029 - Disclosure - C. PROPERTY AND EQUIPMENT (Details)">
      <link:loc xlink:type="locator" xlink:href="http://xbrl.fasb.org/us-gaap/2012/elts/us-gaap-2012-01-31.xsd#us-gaap_StatementLineItems" xlink:label="loc_PBSVStatementLineItems" />
      <link:loc xlink:type="locator" xlink:href="http://xbrl.fasb.org/us-gaap/2012/elts/us-gaap-2012-01-31.xsd#us-gaap_StatementTable" xlink:label="loc_PBSVStatementTable" />
      <link:definitionArc xlink:arcrole="http://xbrl.org/int/dim/arcrole/all" xbrldt:contextElement="segment" xlink:from="loc_PBSVStatementLineItems" xlink:to="loc_PBSVStatementTable" xlink:type="arc" order="10" xbrldt:closed="true" />
      <link:loc xlink:type="locator" xlink:href="http://xbrl.fasb.org/us-gaap/2012/elts/us-gaap-2012-01-31.xsd#us-gaap_PropertyPlantAndEquipmentByTypeAxis" xlink:label="loc_PBSVPropertyPlantAndEquipmentByTypeAxis" />
      <link:definitionArc xlink:arcrole="http://xbrl.org/int/dim/arcrole/hypercube-dimension" xlink:from="loc_PBSVStatementTable" xlink:to="loc_PBSVPropertyPlantAndEquipmentByTypeAxis" xlink:type="arc" order="20" />
      <link:loc xlink:type="locator" xlink:href="http://xbrl.fasb.org/us-gaap/2012/elts/us-gaap-2012-01-31.xsd#us-gaap_PropertyPlantAndEquipmentTypeDomain" xlink:label="loc_PBSVPropertyPlantAndEquipmentTypeDomain" />
      <link:definitionArc xlink:arcrole="http://xbrl.org/int/dim/arcrole/dimension-domain" xlink:from="loc_PBSVPropertyPlantAndEquipmentByTypeAxis" xlink:to="loc_PBSVPropertyPlantAndEquipmentTypeDomain" xlink:type="arc" order="20" />
      <link:loc xlink:type="locator" xlink:href="http://xbrl.fasb.org/us-gaap/2012/elts/us-gaap-2012-01-31.xsd#us-gaap_PropertyPlantAndEquipmentTypeDomain" xlink:label="loc_PBSVPropertyPlantAndEquipmentTypeDomain_10" />
      <link:definitionArc xlink:arcrole="http://xbrl.org/int/dim/arcrole/dimension-default" xbrldt:contextElement="segment" xlink:from="loc_PBSVPropertyPlantAndEquipmentByTypeAxis" xlink:to="loc_PBSVPropertyPlantAndEquipmentTypeDomain_10" xlink:type="arc" order="30" />
      <link:loc xlink:type="locator" xlink:href="http://xbrl.fasb.org/us-gaap/2012/elts/us-gaap-2012-01-31.xsd#us-gaap_VehiclesMember" xlink:label="loc_PBSVVehiclesMember_20" />
      <link:definitionArc xlink:arcrole="http://xbrl.org/int/dim/arcrole/domain-member" xlink:from="loc_PBSVPropertyPlantAndEquipmentTypeDomain" xlink:to="loc_PBSVVehiclesMember_20" xlink:type="arc" order="21" />
      <link:loc xlink:type="locator" xlink:href="http://xbrl.fasb.org/us-gaap/2012/elts/us-gaap-2012-01-31.xsd#us-gaap_LeaseholdImprovementsMember" xlink:label="loc_PBSVLeaseholdImprovementsMember_40" />
      <link:definitionArc xlink:arcrole="http://xbrl.org/int/dim/arcrole/domain-member" xlink:from="loc_PBSVPropertyPlantAndEquipmentTypeDomain" xlink:to="loc_PBSVLeaseholdImprovementsMember_40" xlink:type="arc" order="41" />
      <link:loc xlink:type="locator" xlink:href="http://xbrl.fasb.org/us-gaap/2012/elts/us-gaap-2012-01-31.xsd#us-gaap_ComputerEquipmentMember" xlink:label="loc_PBSVComputerEquipmentMember_60" />
      <link:definitionArc xlink:arcrole="http://xbrl.org/int/dim/arcrole/domain-member" xlink:from="loc_PBSVPropertyPlantAndEquipmentTypeDomain" xlink:to="loc_PBSVComputerEquipmentMember_60" xlink:type="arc" order="61" />
      <link:loc xlink:type="locator" xlink:href="http://xbrl.fasb.org/us-gaap/2012/elts/us-gaap-2012-01-31.xsd#us-gaap_EquipmentMember" xlink:label="loc_PBSVEquipmentMember_80" />
      <link:definitionArc xlink:arcrole="http://xbrl.org/int/dim/arcrole/domain-member" xlink:from="loc_PBSVPropertyPlantAndEquipmentTypeDomain" xlink:to="loc_PBSVEquipmentMember_80" xlink:type="arc" order="81" />
      <link:loc xlink:type="locator" xlink:href="http://xbrl.fasb.org/us-gaap/2012/elts/us-gaap-2012-01-31.xsd#us-gaap_FurnitureAndFixturesMember" xlink:label="loc_PBSVFurnitureAndFixturesMember_100" />
      <link:definitionArc xlink:arcrole="http://xbrl.org/int/dim/arcrole/domain-member" xlink:from="loc_PBSVPropertyPlantAndEquipmentTypeDomain" xlink:to="loc_PBSVFurnitureAndFixturesMember_100" xlink:type="arc" order="101" />
      <link:loc xlink:type="locator" xlink:href="http://xbrl.fasb.org/us-gaap/2012/elts/us-gaap-2012-01-31.xsd#us-gaap_AssetUnderConstructionMember" xlink:label="loc_PBSVAssetUnderConstructionMember_120" />
      <link:definitionArc xlink:arcrole="http://xbrl.org/int/dim/arcrole/domain-member" xlink:from="loc_PBSVPropertyPlantAndEquipmentTypeDomain" xlink:to="loc_PBSVAssetUnderConstructionMember_120" xlink:type="arc" order="121" />
      <link:loc xlink:type="locator" xlink:href="http://xbrl.fasb.org/us-gaap/2012/elts/us-gaap-2012-01-31.xsd#us-gaap_PropertyPlantAndEquipmentEstimatedUsefulLives" xlink:label="loc_PBSVPropertyPlantAndEquipmentEstimatedUsefulLives_150" />
      <link:definitionArc xlink:arcrole="http://xbrl.org/int/dim/arcrole/domain-member" xlink:from="loc_PBSVStatementLineItems" xlink:to="loc_PBSVPropertyPlantAndEquipmentEstimatedUsefulLives_150" xlink:type="arc" order="1" />
      <link:loc xlink:type="locator" xlink:href="http://xbrl.fasb.org/us-gaap/2012/elts/us-gaap-2012-01-31.xsd#us-gaap_PropertyPlantAndEquipmentGross" xlink:label="loc_PBSVPropertyPlantAndEquipmentGross_150" />
      <link:definitionArc xlink:arcrole="http://xbrl.org/int/dim/arcrole/domain-member" xlink:from="loc_PBSVStatementLineItems" xlink:to="loc_PBSVPropertyPlantAndEquipmentGross_150" xlink:type="arc" order="2" />
      <link:loc xlink:type="locator" xlink:href="http://xbrl.fasb.org/us-gaap/2012/elts/us-gaap-2012-01-31.xsd#us-gaap_AccumulatedDepreciationDepletionAndAmortizationPropertyPlantAndEquipment" xlink:label="loc_PBSVAccumulatedDepreciationDepletionAndAmortizationPropertyPlantAndEquipment_150" />
      <link:definitionArc xlink:arcrole="http://xbrl.org/int/dim/arcrole/domain-member" xlink:from="loc_PBSVStatementLineItems" xlink:to="loc_PBSVAccumulatedDepreciationDepletionAndAmortizationPropertyPlantAndEquipment_150" xlink:type="arc" order="5" />
      <link:loc xlink:type="locator" xlink:href="http://xbrl.fasb.org/us-gaap/2012/elts/us-gaap-2012-01-31.xsd#us-gaap_PropertyPlantAndEquipmentNet" xlink:label="loc_PBSVPropertyPlantAndEquipmentNet_150" />
      <link:definitionArc xlink:arcrole="http://xbrl.org/int/dim/arcrole/domain-member" xlink:from="loc_PBSVStatementLineItems" xlink:to="loc_PBSVPropertyPlantAndEquipmentNet_150" xlink:type="arc" order="6" />
    </link:definitionLink>
    <link:definitionLink xlink:type="extended" xlink:role="http://pharmabioserv.com/role/D.IncomeTaxesDetails" xlink:title="0030 - Disclosure - D. INCOME TAXES (Details)" />
    <link:definitionLink xlink:type="extended" xlink:role="http://pharmabioserv.com/role/D.IncomeTaxDetailsNarrative" xlink:title="0031 - Disclosure - D. INCOME TAX (Details Narrative)" />
    <link:definitionLink xlink:type="extended" xlink:role="http://pharmabioserv.com/role/E.CommitmentsAndContingenciesDetails" xlink:title="0032 - Disclosure - E. COMMITMENTS AND CONTINGENCIES (Details)" />
    <link:definitionLink xlink:type="extended" xlink:role="http://pharmabioserv.com/role/E.CommitmentsAndContingenciesDetails1" xlink:title="0033 - Disclosure - E. COMMITMENTS AND CONTINGENCIES (Details 1)" />
    <link:definitionLink xlink:type="extended" xlink:role="http://pharmabioserv.com/role/E.CommitmentsAndContingenciesDetailsNarrative" xlink:title="0034 - Disclosure - E. COMMITMENTS AND CONTINGENCIES (Details Narrative)">
      <link:loc xlink:type="locator" xlink:href="http://xbrl.fasb.org/us-gaap/2012/elts/us-gaap-2012-01-31.xsd#us-gaap_StatementLineItems" xlink:label="loc_PBSVStatementLineItems" />
      <link:loc xlink:type="locator" xlink:href="http://xbrl.fasb.org/us-gaap/2012/elts/us-gaap-2012-01-31.xsd#us-gaap_StatementTable" xlink:label="loc_PBSVStatementTable" />
      <link:definitionArc xlink:arcrole="http://xbrl.org/int/dim/arcrole/all" xbrldt:contextElement="segment" xlink:from="loc_PBSVStatementLineItems" xlink:to="loc_PBSVStatementTable" xlink:type="arc" order="10" xbrldt:closed="true" />
      <link:loc xlink:type="locator" xlink:href="http://xbrl.fasb.org/us-gaap/2012/elts/us-gaap-2012-01-31.xsd#us-gaap_PropertyPlantAndEquipmentByTypeAxis" xlink:label="loc_PBSVPropertyPlantAndEquipmentByTypeAxis" />
      <link:definitionArc xlink:arcrole="http://xbrl.org/int/dim/arcrole/hypercube-dimension" xlink:from="loc_PBSVStatementTable" xlink:to="loc_PBSVPropertyPlantAndEquipmentByTypeAxis" xlink:type="arc" order="20" />
      <link:loc xlink:type="locator" xlink:href="http://xbrl.fasb.org/us-gaap/2012/elts/us-gaap-2012-01-31.xsd#us-gaap_PropertyPlantAndEquipmentTypeDomain" xlink:label="loc_PBSVPropertyPlantAndEquipmentTypeDomain" />
      <link:definitionArc xlink:arcrole="http://xbrl.org/int/dim/arcrole/dimension-domain" xlink:from="loc_PBSVPropertyPlantAndEquipmentByTypeAxis" xlink:to="loc_PBSVPropertyPlantAndEquipmentTypeDomain" xlink:type="arc" order="20" />
      <link:loc xlink:type="locator" xlink:href="http://xbrl.fasb.org/us-gaap/2012/elts/us-gaap-2012-01-31.xsd#us-gaap_PropertyPlantAndEquipmentTypeDomain" xlink:label="loc_PBSVPropertyPlantAndEquipmentTypeDomain_10" />
      <link:definitionArc xlink:arcrole="http://xbrl.org/int/dim/arcrole/dimension-default" xbrldt:contextElement="segment" xlink:from="loc_PBSVPropertyPlantAndEquipmentByTypeAxis" xlink:to="loc_PBSVPropertyPlantAndEquipmentTypeDomain_10" xlink:type="arc" order="30" />
      <link:loc xlink:type="locator" xlink:href="http://xbrl.fasb.org/us-gaap/2012/elts/us-gaap-2012-01-31.xsd#us-gaap_VehiclesMember" xlink:label="loc_PBSVVehiclesMember_0" />
      <link:definitionArc xlink:arcrole="http://xbrl.org/int/dim/arcrole/domain-member" xlink:from="loc_PBSVPropertyPlantAndEquipmentTypeDomain" xlink:to="loc_PBSVVehiclesMember_0" xlink:type="arc" order="1" />
      <link:loc xlink:type="locator" xlink:href="http://xbrl.fasb.org/us-gaap/2012/elts/us-gaap-2012-01-31.xsd#us-gaap_CapitalLeasedAssetsGross" xlink:label="loc_PBSVCapitalLeasedAssetsGross_70" />
      <link:definitionArc xlink:arcrole="http://xbrl.org/int/dim/arcrole/domain-member" xlink:from="loc_PBSVStatementLineItems" xlink:to="loc_PBSVCapitalLeasedAssetsGross_70" xlink:type="arc" order="0" />
      <link:loc xlink:type="locator" xlink:href="pbsv-20121031.xsd#PBSV_AccumulatedAmortizationLeasedVehicles" xlink:label="loc_PBSVAccumulatedAmortizationLeasedVehicles_70" />
      <link:definitionArc xlink:arcrole="http://xbrl.org/int/dim/arcrole/domain-member" xlink:from="loc_PBSVStatementLineItems" xlink:to="loc_PBSVAccumulatedAmortizationLeasedVehicles_70" xlink:type="arc" order="1" />
      <link:loc xlink:type="locator" xlink:href="http://xbrl.fasb.org/us-gaap/2012/elts/us-gaap-2012-01-31.xsd#us-gaap_AmortizationOfLeasedAsset" xlink:label="loc_PBSVAmortizationOfLeasedAsset_70" />
      <link:definitionArc xlink:arcrole="http://xbrl.org/int/dim/arcrole/domain-member" xlink:from="loc_PBSVStatementLineItems" xlink:to="loc_PBSVAmortizationOfLeasedAsset_70" xlink:type="arc" order="2" />
      <link:loc xlink:type="locator" xlink:href="http://xbrl.fasb.org/us-gaap/2012/elts/us-gaap-2012-01-31.xsd#us-gaap_OperatingLeasesRentExpenseNet" xlink:label="loc_PBSVOperatingLeasesRentExpenseNet_70" />
      <link:definitionArc xlink:arcrole="http://xbrl.org/int/dim/arcrole/domain-member" xlink:from="loc_PBSVStatementLineItems" xlink:to="loc_PBSVOperatingLeasesRentExpenseNet_70" xlink:type="arc" order="4" />
    </link:definitionLink>
    <link:definitionLink xlink:type="extended" xlink:role="http://pharmabioserv.com/role/F.WarrantsDetails" xlink:title="0035 - Disclosure - F. WARRANTS (Details)">
      <link:loc xlink:type="locator" xlink:href="http://xbrl.fasb.org/us-gaap/2012/elts/us-gaap-2012-01-31.xsd#us-gaap_StatementLineItems" xlink:label="loc_PBSVStatementLineItems" />
      <link:loc xlink:type="locator" xlink:href="http://xbrl.fasb.org/us-gaap/2012/elts/us-gaap-2012-01-31.xsd#us-gaap_StatementTable" xlink:label="loc_PBSVStatementTable" />
      <link:definitionArc xlink:arcrole="http://xbrl.org/int/dim/arcrole/all" xbrldt:contextElement="segment" xlink:from="loc_PBSVStatementLineItems" xlink:to="loc_PBSVStatementTable" xlink:type="arc" order="10" xbrldt:closed="true" />
      <link:loc xlink:type="locator" xlink:href="http://xbrl.fasb.org/us-gaap/2012/elts/us-gaap-2012-01-31.xsd#us-gaap_ClassOfWarrantOrRightAxis" xlink:label="loc_PBSVClassOfWarrantOrRightAxis" />
      <link:definitionArc xlink:arcrole="http://xbrl.org/int/dim/arcrole/hypercube-dimension" xlink:from="loc_PBSVStatementTable" xlink:to="loc_PBSVClassOfWarrantOrRightAxis" xlink:type="arc" order="20" />
      <link:loc xlink:type="locator" xlink:href="http://xbrl.fasb.org/us-gaap/2012/elts/us-gaap-2012-01-31.xsd#us-gaap_ClassOfWarrantOrRightDomain" xlink:label="loc_PBSVClassOfWarrantOrRightDomain" />
      <link:definitionArc xlink:arcrole="http://xbrl.org/int/dim/arcrole/dimension-domain" xlink:from="loc_PBSVClassOfWarrantOrRightAxis" xlink:to="loc_PBSVClassOfWarrantOrRightDomain" xlink:type="arc" order="20" />
      <link:loc xlink:type="locator" xlink:href="http://xbrl.fasb.org/us-gaap/2012/elts/us-gaap-2012-01-31.xsd#us-gaap_ClassOfWarrantOrRightDomain" xlink:label="loc_PBSVClassOfWarrantOrRightDomain_10" />
      <link:definitionArc xlink:arcrole="http://xbrl.org/int/dim/arcrole/dimension-default" xbrldt:contextElement="segment" xlink:from="loc_PBSVClassOfWarrantOrRightAxis" xlink:to="loc_PBSVClassOfWarrantOrRightDomain_10" xlink:type="arc" order="30" />
      <link:loc xlink:type="locator" xlink:href="pbsv-20121031.xsd#PBSV_OriginalWarrantsAMember" xlink:label="loc_PBSVOriginalWarrantsAMember_0" />
      <link:definitionArc xlink:arcrole="http://xbrl.org/int/dim/arcrole/domain-member" xlink:from="loc_PBSVClassOfWarrantOrRightDomain" xlink:to="loc_PBSVOriginalWarrantsAMember_0" xlink:type="arc" order="1" />
      <link:loc xlink:type="locator" xlink:href="pbsv-20121031.xsd#PBSV_BrokerWarrantsBMember" xlink:label="loc_PBSVBrokerWarrantsBMember_20" />
      <link:definitionArc xlink:arcrole="http://xbrl.org/int/dim/arcrole/domain-member" xlink:from="loc_PBSVClassOfWarrantOrRightDomain" xlink:to="loc_PBSVBrokerWarrantsBMember_20" xlink:type="arc" order="21" />
      <link:loc xlink:type="locator" xlink:href="pbsv-20121031.xsd#PBSV_WarrantsOutstandingExercisePrice" xlink:label="loc_PBSVWarrantsOutstandingExercisePrice_110" />
      <link:definitionArc xlink:arcrole="http://xbrl.org/int/dim/arcrole/domain-member" xlink:from="loc_PBSVStatementLineItems" xlink:to="loc_PBSVWarrantsOutstandingExercisePrice_110" xlink:type="arc" order="1" />
      <link:loc xlink:type="locator" xlink:href="http://xbrl.sec.gov/invest/2012/invest-2012-01-31.xsd#invest_InvestmentWarrantsExpirationDate" xlink:label="loc_PBSVInvestmentWarrantsExpirationDate_110" />
      <link:definitionArc xlink:arcrole="http://xbrl.org/int/dim/arcrole/domain-member" xlink:from="loc_PBSVStatementLineItems" xlink:to="loc_PBSVInvestmentWarrantsExpirationDate_110" xlink:type="arc" order="2" />
      <link:loc xlink:type="locator" xlink:href="http://xbrl.fasb.org/us-gaap/2012/elts/us-gaap-2012-01-31.xsd#us-gaap_ClassOfWarrantOrRightOutstanding" xlink:label="loc_PBSVClassOfWarrantOrRightOutstanding_110" />
      <link:definitionArc xlink:arcrole="http://xbrl.org/int/dim/arcrole/domain-member" xlink:from="loc_PBSVStatementLineItems" xlink:to="loc_PBSVClassOfWarrantOrRightOutstanding_110" xlink:type="arc" order="3" />
    </link:definitionLink>
    <link:definitionLink xlink:type="extended" xlink:role="http://pharmabioserv.com/role/G.EarningsPerShareDetails" xlink:title="0036 - Disclosure - G. EARNINGS PER SHARE (Details)" />
    <link:definitionLink xlink:type="extended" xlink:role="http://pharmabioserv.com/role/G.EarningsPerShareDetailsNarrative" xlink:title="0037 - Disclosure - G. EARNINGS PER SHARE (Details Narrative)" />
    <link:definitionLink xlink:type="extended" xlink:role="http://pharmabioserv.com/role/H.StockOptionsAndStockBasedCompensationDetails" xlink:title="0038 - Disclosure - H. STOCK OPTIONS AND STOCK BASED COMPENSATION (Details)" />
    <link:definitionLink xlink:type="extended" xlink:role="http://pharmabioserv.com/role/H.StockOptionsAndStockBasedCompensationDetails1" xlink:title="0039 - Disclosure - H. STOCK OPTIONS AND STOCK BASED COMPENSATION (Details 1)" />
    <link:definitionLink xlink:type="extended" xlink:role="http://pharmabioserv.com/role/H.StockOptionsAndStockBasedCompensationDetails2" xlink:title="0040 - Disclosure - H. STOCK OPTIONS AND STOCK BASED COMPENSATION (Details 2)">
      <link:loc xlink:type="locator" xlink:href="http://xbrl.fasb.org/us-gaap/2012/elts/us-gaap-2012-01-31.xsd#us-gaap_StatementLineItems" xlink:label="loc_PBSVStatementLineItems" />
      <link:loc xlink:type="locator" xlink:href="http://xbrl.fasb.org/us-gaap/2012/elts/us-gaap-2012-01-31.xsd#us-gaap_StatementTable" xlink:label="loc_PBSVStatementTable" />
      <link:definitionArc xlink:arcrole="http://xbrl.org/int/dim/arcrole/all" xbrldt:contextElement="segment" xlink:from="loc_PBSVStatementLineItems" xlink:to="loc_PBSVStatementTable" xlink:type="arc" order="10" xbrldt:closed="true" />
      <link:loc xlink:type="locator" xlink:href="http://xbrl.fasb.org/us-gaap/2012/elts/us-gaap-2012-01-31.xsd#us-gaap_ScheduleOfEmployeeServiceShareBasedCompensationAllocationOfRecognizedPeriodCostsByReportLineAxis" xlink:label="loc_PBSVScheduleOfEmployeeServiceShareBasedCompensationAllocationOfRecognizedPeriodCostsByReportLineAxis" />
      <link:definitionArc xlink:arcrole="http://xbrl.org/int/dim/arcrole/hypercube-dimension" xlink:from="loc_PBSVStatementTable" xlink:to="loc_PBSVScheduleOfEmployeeServiceShareBasedCompensationAllocationOfRecognizedPeriodCostsByReportLineAxis" xlink:type="arc" order="20" />
      <link:loc xlink:type="locator" xlink:href="http://xbrl.fasb.org/us-gaap/2012/elts/us-gaap-2012-01-31.xsd#us-gaap_EmployeeServiceShareBasedCompensationAllocationOfRecognizedPeriodCostsReportLineDomain" xlink:label="loc_PBSVEmployeeServiceShareBasedCompensationAllocationOfRecognizedPeriodCostsReportLineDomain" />
      <link:definitionArc xlink:arcrole="http://xbrl.org/int/dim/arcrole/dimension-domain" xlink:from="loc_PBSVScheduleOfEmployeeServiceShareBasedCompensationAllocationOfRecognizedPeriodCostsByReportLineAxis" xlink:to="loc_PBSVEmployeeServiceShareBasedCompensationAllocationOfRecognizedPeriodCostsReportLineDomain" xlink:type="arc" order="20" />
      <link:loc xlink:type="locator" xlink:href="http://xbrl.fasb.org/us-gaap/2012/elts/us-gaap-2012-01-31.xsd#us-gaap_EmployeeServiceShareBasedCompensationAllocationOfRecognizedPeriodCostsReportLineDomain" xlink:label="loc_PBSVEmployeeServiceShareBasedCompensationAllocationOfRecognizedPeriodCostsReportLineDomain_10" />
      <link:definitionArc xlink:arcrole="http://xbrl.org/int/dim/arcrole/dimension-default" xbrldt:contextElement="segment" xlink:from="loc_PBSVScheduleOfEmployeeServiceShareBasedCompensationAllocationOfRecognizedPeriodCostsByReportLineAxis" xlink:to="loc_PBSVEmployeeServiceShareBasedCompensationAllocationOfRecognizedPeriodCostsReportLineDomain_10" xlink:type="arc" order="30" />
      <link:loc xlink:type="locator" xlink:href="http://xbrl.fasb.org/us-gaap/2012/elts/us-gaap-2012-01-31.xsd#us-gaap_CostOfSalesMember" xlink:label="loc_PBSVCostOfSalesMember_0" />
      <link:definitionArc xlink:arcrole="http://xbrl.org/int/dim/arcrole/domain-member" xlink:from="loc_PBSVEmployeeServiceShareBasedCompensationAllocationOfRecognizedPeriodCostsReportLineDomain" xlink:to="loc_PBSVCostOfSalesMember_0" xlink:type="arc" order="1" />
      <link:loc xlink:type="locator" xlink:href="http://xbrl.fasb.org/us-gaap/2012/elts/us-gaap-2012-01-31.xsd#us-gaap_SellingGeneralAndAdministrativeExpensesMember" xlink:label="loc_PBSVSellingGeneralAndAdministrativeExpensesMember_20" />
      <link:definitionArc xlink:arcrole="http://xbrl.org/int/dim/arcrole/domain-member" xlink:from="loc_PBSVEmployeeServiceShareBasedCompensationAllocationOfRecognizedPeriodCostsReportLineDomain" xlink:to="loc_PBSVSellingGeneralAndAdministrativeExpensesMember_20" xlink:type="arc" order="21" />
      <link:loc xlink:type="locator" xlink:href="http://xbrl.fasb.org/us-gaap/2012/elts/us-gaap-2012-01-31.xsd#us-gaap_AllocatedShareBasedCompensationExpense" xlink:label="loc_PBSVAllocatedShareBasedCompensationExpense_70" />
      <link:definitionArc xlink:arcrole="http://xbrl.org/int/dim/arcrole/domain-member" xlink:from="loc_PBSVStatementLineItems" xlink:to="loc_PBSVAllocatedShareBasedCompensationExpense_70" xlink:type="arc" order="0" />
      <link:loc xlink:type="locator" xlink:href="http://xbrl.fasb.org/us-gaap/2012/elts/us-gaap-2012-01-31.xsd#us-gaap_EmployeeServiceShareBasedCompensationTaxBenefitFromCompensationExpense" xlink:label="loc_PBSVEmployeeServiceShareBasedCompensationTaxBenefitFromCompensationExpense_70" />
      <link:definitionArc xlink:arcrole="http://xbrl.org/int/dim/arcrole/domain-member" xlink:from="loc_PBSVStatementLineItems" xlink:to="loc_PBSVEmployeeServiceShareBasedCompensationTaxBenefitFromCompensationExpense_70" xlink:type="arc" order="1" />
      <link:loc xlink:type="locator" xlink:href="http://xbrl.fasb.org/us-gaap/2012/elts/us-gaap-2012-01-31.xsd#us-gaap_AllocatedShareBasedCompensationExpenseNetOfTax" xlink:label="loc_PBSVAllocatedShareBasedCompensationExpenseNetOfTax_70" />
      <link:definitionArc xlink:arcrole="http://xbrl.org/int/dim/arcrole/domain-member" xlink:from="loc_PBSVStatementLineItems" xlink:to="loc_PBSVAllocatedShareBasedCompensationExpenseNetOfTax_70" xlink:type="arc" order="2" />
      <link:loc xlink:type="locator" xlink:href="pbsv-20121031.xsd#PBSV_EffectOnEarningsPerShareBasicEarningsPerShare" xlink:label="loc_PBSVEffectOnEarningsPerShareBasicEarningsPerShare_70" />
      <link:definitionArc xlink:arcrole="http://xbrl.org/int/dim/arcrole/domain-member" xlink:from="loc_PBSVStatementLineItems" xlink:to="loc_PBSVEffectOnEarningsPerShareBasicEarningsPerShare_70" xlink:type="arc" order="4" />
      <link:loc xlink:type="locator" xlink:href="pbsv-20121031.xsd#PBSV_EffectOnEarningsPerShareDilutedEarningsPerShare" xlink:label="loc_PBSVEffectOnEarningsPerShareDilutedEarningsPerShare_70" />
      <link:definitionArc xlink:arcrole="http://xbrl.org/int/dim/arcrole/domain-member" xlink:from="loc_PBSVStatementLineItems" xlink:to="loc_PBSVEffectOnEarningsPerShareDilutedEarningsPerShare_70" xlink:type="arc" order="5" />
    </link:definitionLink>
    <link:definitionLink xlink:type="extended" xlink:role="http://pharmabioserv.com/role/H.StockOptionsAndStockBasedCompensationDetails3" xlink:title="0041 - Disclosure - H. STOCK OPTIONS AND STOCK BASED COMPENSATION (Details 3)" />
    <link:definitionLink xlink:type="extended" xlink:role="http://pharmabioserv.com/role/H.StockOptionsAndStockBasedCompensationDetailsNarrative" xlink:title="0042 - Disclosure - H. STOCK OPTIONS AND STOCK BASED COMPENSATION (Details Narrative)" />
    <link:definitionLink xlink:type="extended" xlink:role="http://pharmabioserv.com/role/I.ConcentrationOfRisksDetailsNarrative" xlink:title="0043 - Disclosure - I. CONCENTRATION OF RISKS (Details Narrative)">
      <link:loc xlink:type="locator" xlink:href="http://xbrl.fasb.org/us-gaap/2012/elts/us-gaap-2012-01-31.xsd#us-gaap_StatementLineItems" xlink:label="loc_PBSVStatementLineItems" />
      <link:loc xlink:type="locator" xlink:href="http://xbrl.fasb.org/us-gaap/2012/elts/us-gaap-2012-01-31.xsd#us-gaap_StatementTable" xlink:label="loc_PBSVStatementTable" />
      <link:definitionArc xlink:arcrole="http://xbrl.org/int/dim/arcrole/all" xbrldt:contextElement="segment" xlink:from="loc_PBSVStatementLineItems" xlink:to="loc_PBSVStatementTable" xlink:type="arc" order="10" xbrldt:closed="true" />
      <link:loc xlink:type="locator" xlink:href="http://xbrl.fasb.org/us-gaap/2012/elts/us-gaap-2012-01-31.xsd#us-gaap_MajorCustomersAxis" xlink:label="loc_PBSVMajorCustomersAxis" />
      <link:definitionArc xlink:arcrole="http://xbrl.org/int/dim/arcrole/hypercube-dimension" xlink:from="loc_PBSVStatementTable" xlink:to="loc_PBSVMajorCustomersAxis" xlink:type="arc" order="20" />
      <link:loc xlink:type="locator" xlink:href="http://xbrl.fasb.org/us-gaap/2012/elts/us-gaap-2012-01-31.xsd#us-gaap_NameOfMajorCustomerDomain" xlink:label="loc_PBSVNameOfMajorCustomerDomain" />
      <link:definitionArc xlink:arcrole="http://xbrl.org/int/dim/arcrole/dimension-domain" xlink:from="loc_PBSVMajorCustomersAxis" xlink:to="loc_PBSVNameOfMajorCustomerDomain" xlink:type="arc" order="20" />
      <link:loc xlink:type="locator" xlink:href="http://xbrl.fasb.org/us-gaap/2012/elts/us-gaap-2012-01-31.xsd#us-gaap_NameOfMajorCustomerDomain" xlink:label="loc_PBSVNameOfMajorCustomerDomain_10" />
      <link:definitionArc xlink:arcrole="http://xbrl.org/int/dim/arcrole/dimension-default" xbrldt:contextElement="segment" xlink:from="loc_PBSVMajorCustomersAxis" xlink:to="loc_PBSVNameOfMajorCustomerDomain_10" xlink:type="arc" order="30" />
      <link:loc xlink:type="locator" xlink:href="pbsv-20121031.xsd#PBSV_CustomerAMember" xlink:label="loc_PBSVCustomerAMember_0" />
      <link:definitionArc xlink:arcrole="http://xbrl.org/int/dim/arcrole/domain-member" xlink:from="loc_PBSVNameOfMajorCustomerDomain" xlink:to="loc_PBSVCustomerAMember_0" xlink:type="arc" order="1" />
      <link:loc xlink:type="locator" xlink:href="pbsv-20121031.xsd#PBSV_CustomerBMember" xlink:label="loc_PBSVCustomerBMember_20" />
      <link:definitionArc xlink:arcrole="http://xbrl.org/int/dim/arcrole/domain-member" xlink:from="loc_PBSVNameOfMajorCustomerDomain" xlink:to="loc_PBSVCustomerBMember_20" xlink:type="arc" order="21" />
      <link:loc xlink:type="locator" xlink:href="pbsv-20121031.xsd#PBSV_CustomerCMember" xlink:label="loc_PBSVCustomerCMember_40" />
      <link:definitionArc xlink:arcrole="http://xbrl.org/int/dim/arcrole/domain-member" xlink:from="loc_PBSVNameOfMajorCustomerDomain" xlink:to="loc_PBSVCustomerCMember_40" xlink:type="arc" order="41" />
      <link:loc xlink:type="locator" xlink:href="pbsv-20121031.xsd#PBSV_GlobalGroupAffiliatedCompaniesMember" xlink:label="loc_PBSVGlobalGroupAffiliatedCompaniesMember_100" />
      <link:definitionArc xlink:arcrole="http://xbrl.org/int/dim/arcrole/domain-member" xlink:from="loc_PBSVNameOfMajorCustomerDomain" xlink:to="loc_PBSVGlobalGroupAffiliatedCompaniesMember_100" xlink:type="arc" order="101" />
      <link:loc xlink:type="locator" xlink:href="http://xbrl.fasb.org/us-gaap/2012/elts/us-gaap-2012-01-31.xsd#us-gaap_EntityWideRevenueMajorCustomerPercentage" xlink:label="loc_PBSVEntityWideRevenueMajorCustomerPercentage_150" />
      <link:definitionArc xlink:arcrole="http://xbrl.org/int/dim/arcrole/domain-member" xlink:from="loc_PBSVStatementLineItems" xlink:to="loc_PBSVEntityWideRevenueMajorCustomerPercentage_150" xlink:type="arc" order="0" />
      <link:loc xlink:type="locator" xlink:href="pbsv-20121031.xsd#PBSV_AmountsDueFromTheseCustomersAsPercentageOfTotalAccountsReceivable" xlink:label="loc_PBSVAmountsDueFromTheseCustomersAsPercentageOfTotalAccountsReceivable_150" />
      <link:definitionArc xlink:arcrole="http://xbrl.org/int/dim/arcrole/domain-member" xlink:from="loc_PBSVStatementLineItems" xlink:to="loc_PBSVAmountsDueFromTheseCustomersAsPercentageOfTotalAccountsReceivable_150" xlink:type="arc" order="2" />
    </link:definitionLink>
    <link:definitionLink xlink:type="extended" xlink:role="http://pharmabioserv.com/role/J.RetirementPlanDetailsNarrative" xlink:title="0044 - Disclosure - J. RETIREMENT PLAN (Details Narrative)" />
    <link:definitionLink xlink:type="extended" xlink:role="http://pharmabioserv.com/role/K.SegmentDisclosuresDetails" xlink:title="0045 - Disclosure - K. SEGMENT DISCLOSURES (Details)">
      <link:loc xlink:type="locator" xlink:href="http://xbrl.fasb.org/us-gaap/2012/elts/us-gaap-2012-01-31.xsd#us-gaap_StatementLineItems" xlink:label="loc_PBSVStatementLineItems" />
      <link:loc xlink:type="locator" xlink:href="http://xbrl.fasb.org/us-gaap/2012/elts/us-gaap-2012-01-31.xsd#us-gaap_StatementTable" xlink:label="loc_PBSVStatementTable" />
      <link:definitionArc xlink:arcrole="http://xbrl.org/int/dim/arcrole/all" xbrldt:contextElement="segment" xlink:from="loc_PBSVStatementLineItems" xlink:to="loc_PBSVStatementTable" xlink:type="arc" order="10" xbrldt:closed="true" />
      <link:loc xlink:type="locator" xlink:href="http://xbrl.fasb.org/us-gaap/2012/elts/us-gaap-2012-01-31.xsd#us-gaap_StatementGeographicalAxis" xlink:label="loc_PBSVStatementGeographicalAxis" />
      <link:definitionArc xlink:arcrole="http://xbrl.org/int/dim/arcrole/hypercube-dimension" xlink:from="loc_PBSVStatementTable" xlink:to="loc_PBSVStatementGeographicalAxis" xlink:type="arc" order="20" />
      <link:loc xlink:type="locator" xlink:href="http://xbrl.fasb.org/us-gaap/2012/elts/us-gaap-2012-01-31.xsd#us-gaap_SegmentGeographicalDomain" xlink:label="loc_PBSVSegmentGeographicalDomain" />
      <link:definitionArc xlink:arcrole="http://xbrl.org/int/dim/arcrole/dimension-domain" xlink:from="loc_PBSVStatementGeographicalAxis" xlink:to="loc_PBSVSegmentGeographicalDomain" xlink:type="arc" order="20" />
      <link:loc xlink:type="locator" xlink:href="http://xbrl.fasb.org/us-gaap/2012/elts/us-gaap-2012-01-31.xsd#us-gaap_SegmentGeographicalDomain" xlink:label="loc_PBSVSegmentGeographicalDomain_10" />
      <link:definitionArc xlink:arcrole="http://xbrl.org/int/dim/arcrole/dimension-default" xbrldt:contextElement="segment" xlink:from="loc_PBSVStatementGeographicalAxis" xlink:to="loc_PBSVSegmentGeographicalDomain_10" xlink:type="arc" order="30" />
      <link:loc xlink:type="locator" xlink:href="http://xbrl.fasb.org/us-gaap/2012/elts/us-gaap-2012-01-31.xsd#us-gaap_SegmentGeographicalGroupsOfCountriesGroupOneMember" xlink:label="loc_PBSVSegmentGeographicalGroupsOfCountriesGroupOneMember_0" />
      <link:definitionArc xlink:arcrole="http://xbrl.org/int/dim/arcrole/domain-member" xlink:from="loc_PBSVSegmentGeographicalDomain" xlink:to="loc_PBSVSegmentGeographicalGroupsOfCountriesGroupOneMember_0" xlink:type="arc" order="1" />
      <link:loc xlink:type="locator" xlink:href="http://xbrl.fasb.org/us-gaap/2012/elts/us-gaap-2012-01-31.xsd#us-gaap_DomesticCountryMember" xlink:label="loc_PBSVDomesticCountryMember_20" />
      <link:definitionArc xlink:arcrole="http://xbrl.org/int/dim/arcrole/domain-member" xlink:from="loc_PBSVSegmentGeographicalDomain" xlink:to="loc_PBSVDomesticCountryMember_20" xlink:type="arc" order="21" />
      <link:loc xlink:type="locator" xlink:href="http://xbrl.fasb.org/us-gaap/2012/elts/us-gaap-2012-01-31.xsd#us-gaap_SegmentGeographicalGroupsOfCountriesGroupTwoMember" xlink:label="loc_PBSVSegmentGeographicalGroupsOfCountriesGroupTwoMember_40" />
      <link:definitionArc xlink:arcrole="http://xbrl.org/int/dim/arcrole/domain-member" xlink:from="loc_PBSVSegmentGeographicalDomain" xlink:to="loc_PBSVSegmentGeographicalGroupsOfCountriesGroupTwoMember_40" xlink:type="arc" order="41" />
      <link:loc xlink:type="locator" xlink:href="pbsv-20121031.xsd#PBSV_LabSegmentMember" xlink:label="loc_PBSVLabSegmentMember_60" />
      <link:definitionArc xlink:arcrole="http://xbrl.org/int/dim/arcrole/domain-member" xlink:from="loc_PBSVSegmentGeographicalDomain" xlink:to="loc_PBSVLabSegmentMember_60" xlink:type="arc" order="61" />
      <link:loc xlink:type="locator" xlink:href="http://xbrl.fasb.org/us-gaap/2012/elts/us-gaap-2012-01-31.xsd#us-gaap_AllOtherSegmentsMember" xlink:label="loc_PBSVAllOtherSegmentsMember_80" />
      <link:definitionArc xlink:arcrole="http://xbrl.org/int/dim/arcrole/domain-member" xlink:from="loc_PBSVSegmentGeographicalDomain" xlink:to="loc_PBSVAllOtherSegmentsMember_80" xlink:type="arc" order="81" />
      <link:loc xlink:type="locator" xlink:href="http://xbrl.fasb.org/us-gaap/2012/elts/us-gaap-2012-01-31.xsd#us-gaap_SalesRevenueServicesNet" xlink:label="loc_PBSVSalesRevenueServicesNet_130" />
      <link:definitionArc xlink:arcrole="http://xbrl.org/int/dim/arcrole/domain-member" xlink:from="loc_PBSVStatementLineItems" xlink:to="loc_PBSVSalesRevenueServicesNet_130" xlink:type="arc" order="1" />
      <link:loc xlink:type="locator" xlink:href="http://xbrl.fasb.org/us-gaap/2012/elts/us-gaap-2012-01-31.xsd#us-gaap_IncomeLossFromContinuingOperationsBeforeIncomeTaxesExtraordinaryItemsNoncontrollingInterest" xlink:label="loc_PBSVIncomeLossFromContinuingOperationsBeforeIncomeTaxesExtraordinaryItemsNoncontrollingInterest_130" />
      <link:definitionArc xlink:arcrole="http://xbrl.org/int/dim/arcrole/domain-member" xlink:from="loc_PBSVStatementLineItems" xlink:to="loc_PBSVIncomeLossFromContinuingOperationsBeforeIncomeTaxesExtraordinaryItemsNoncontrollingInterest_130" xlink:type="arc" order="2" />
    </link:definitionLink>
</link:linkbase>
