<?xml version="1.0" encoding="US-ASCII" standalone="no"?>
    <!-- QXInteractive -->
<link:linkbase xmlns:xsi="http://www.w3.org/2001/XMLSchema-instance" xmlns:xlink="http://www.w3.org/1999/xlink" xmlns:link="http://www.xbrl.org/2003/linkbase" xmlns:xbrli="http://www.xbrl.org/2003/instance" xsi:schemaLocation="http://www.xbrl.org/2003/linkbase http://www.xbrl.org/2003/xbrl-linkbase-2003-12-31.xsd">
    <link:roleRef roleURI="http://pharmabioserv.com/role/DocumentAndEntityInformation" xlink:href="pbsv-20121031.xsd#DocumentAndEntityInformation" xlink:type="simple" />
    <link:roleRef roleURI="http://pharmabioserv.com/role/ConsolidatedBalanceSheets" xlink:href="pbsv-20121031.xsd#ConsolidatedBalanceSheets" xlink:type="simple" />
    <link:roleRef roleURI="http://pharmabioserv.com/role/ConsolidatedBalanceSheetsParenthetical" xlink:href="pbsv-20121031.xsd#ConsolidatedBalanceSheetsParenthetical" xlink:type="simple" />
    <link:roleRef roleURI="http://pharmabioserv.com/role/ConsolidatedStatementsOfIncome" xlink:href="pbsv-20121031.xsd#ConsolidatedStatementsOfIncome" xlink:type="simple" />
    <link:roleRef roleURI="http://pharmabioserv.com/role/ConsolidatedStatementsOfComprehensiveIncome" xlink:href="pbsv-20121031.xsd#ConsolidatedStatementsOfComprehensiveIncome" xlink:type="simple" />
    <link:roleRef roleURI="http://pharmabioserv.com/role/ConsolidatedStatementsOfChangesInStockholdersEquity" xlink:href="pbsv-20121031.xsd#ConsolidatedStatementsOfChangesInStockholdersEquity" xlink:type="simple" />
    <link:roleRef roleURI="http://pharmabioserv.com/role/ConsolidatedStatementsOfCashFlows" xlink:href="pbsv-20121031.xsd#ConsolidatedStatementsOfCashFlows" xlink:type="simple" />
    <link:roleRef roleURI="http://pharmabioserv.com/role/ConsolidatedStatementsOfCashFlowsParenthetical" xlink:href="pbsv-20121031.xsd#ConsolidatedStatementsOfCashFlowsParenthetical" xlink:type="simple" />
    <link:roleRef roleURI="http://pharmabioserv.com/role/A.OrganizationAndSummaryOfSignificantAccountingPolicies" xlink:href="pbsv-20121031.xsd#A.OrganizationAndSummaryOfSignificantAccountingPolicies" xlink:type="simple" />
    <link:roleRef roleURI="http://pharmabioserv.com/role/B.MarketableSecuritiesAvailableForSale" xlink:href="pbsv-20121031.xsd#B.MarketableSecuritiesAvailableForSale" xlink:type="simple" />
    <link:roleRef roleURI="http://pharmabioserv.com/role/C.PropertyAndEquipment" xlink:href="pbsv-20121031.xsd#C.PropertyAndEquipment" xlink:type="simple" />
    <link:roleRef roleURI="http://pharmabioserv.com/role/D.IncomeTax" xlink:href="pbsv-20121031.xsd#D.IncomeTax" xlink:type="simple" />
    <link:roleRef roleURI="http://pharmabioserv.com/role/E.CommitmentsAndContingencies" xlink:href="pbsv-20121031.xsd#E.CommitmentsAndContingencies" xlink:type="simple" />
    <link:roleRef roleURI="http://pharmabioserv.com/role/F.Warrants" xlink:href="pbsv-20121031.xsd#F.Warrants" xlink:type="simple" />
    <link:roleRef roleURI="http://pharmabioserv.com/role/G.EarningsPerShare" xlink:href="pbsv-20121031.xsd#G.EarningsPerShare" xlink:type="simple" />
    <link:roleRef roleURI="http://pharmabioserv.com/role/H.StockOptionsAndStockBasedCompensation" xlink:href="pbsv-20121031.xsd#H.StockOptionsAndStockBasedCompensation" xlink:type="simple" />
    <link:roleRef roleURI="http://pharmabioserv.com/role/I.ConcentrationsOfRisk" xlink:href="pbsv-20121031.xsd#I.ConcentrationsOfRisk" xlink:type="simple" />
    <link:roleRef roleURI="http://pharmabioserv.com/role/J.RetirementPlan" xlink:href="pbsv-20121031.xsd#J.RetirementPlan" xlink:type="simple" />
    <link:roleRef roleURI="http://pharmabioserv.com/role/K.SegmentDisclosures" xlink:href="pbsv-20121031.xsd#K.SegmentDisclosures" xlink:type="simple" />
    <link:roleRef roleURI="http://pharmabioserv.com/role/A.OrganizationAndSummaryOfSignificantAccountingPoliciesPolicies" xlink:href="pbsv-20121031.xsd#A.OrganizationAndSummaryOfSignificantAccountingPoliciesPolicies" xlink:type="simple" />
    <link:roleRef roleURI="http://pharmabioserv.com/role/C.PropertyAndEquipmentTables" xlink:href="pbsv-20121031.xsd#C.PropertyAndEquipmentTables" xlink:type="simple" />
    <link:roleRef roleURI="http://pharmabioserv.com/role/D.IncomeTaxesTables" xlink:href="pbsv-20121031.xsd#D.IncomeTaxesTables" xlink:type="simple" />
    <link:roleRef roleURI="http://pharmabioserv.com/role/E.CommitmentsAndContingenciesTables" xlink:href="pbsv-20121031.xsd#E.CommitmentsAndContingenciesTables" xlink:type="simple" />
    <link:roleRef roleURI="http://pharmabioserv.com/role/F.WarrantsTables" xlink:href="pbsv-20121031.xsd#F.WarrantsTables" xlink:type="simple" />
    <link:roleRef roleURI="http://pharmabioserv.com/role/G.EarningsPerShareTables" xlink:href="pbsv-20121031.xsd#G.EarningsPerShareTables" xlink:type="simple" />
    <link:roleRef roleURI="http://pharmabioserv.com/role/H.StockOptionsAndStockBasedCompensationTables" xlink:href="pbsv-20121031.xsd#H.StockOptionsAndStockBasedCompensationTables" xlink:type="simple" />
    <link:roleRef roleURI="http://pharmabioserv.com/role/K.SegmentDisclosuresTables" xlink:href="pbsv-20121031.xsd#K.SegmentDisclosuresTables" xlink:type="simple" />
    <link:roleRef roleURI="http://pharmabioserv.com/role/B.MarketableSecuritiesAvailableForSaleDetailsNarrative" xlink:href="pbsv-20121031.xsd#B.MarketableSecuritiesAvailableForSaleDetailsNarrative" xlink:type="simple" />
    <link:roleRef roleURI="http://pharmabioserv.com/role/C.PropertyAndEquipmentDetails" xlink:href="pbsv-20121031.xsd#C.PropertyAndEquipmentDetails" xlink:type="simple" />
    <link:roleRef roleURI="http://pharmabioserv.com/role/D.IncomeTaxesDetails" xlink:href="pbsv-20121031.xsd#D.IncomeTaxesDetails" xlink:type="simple" />
    <link:roleRef roleURI="http://pharmabioserv.com/role/D.IncomeTaxDetailsNarrative" xlink:href="pbsv-20121031.xsd#D.IncomeTaxDetailsNarrative" xlink:type="simple" />
    <link:roleRef roleURI="http://pharmabioserv.com/role/E.CommitmentsAndContingenciesDetails" xlink:href="pbsv-20121031.xsd#E.CommitmentsAndContingenciesDetails" xlink:type="simple" />
    <link:roleRef roleURI="http://pharmabioserv.com/role/E.CommitmentsAndContingenciesDetails1" xlink:href="pbsv-20121031.xsd#E.CommitmentsAndContingenciesDetails1" xlink:type="simple" />
    <link:roleRef roleURI="http://pharmabioserv.com/role/E.CommitmentsAndContingenciesDetailsNarrative" xlink:href="pbsv-20121031.xsd#E.CommitmentsAndContingenciesDetailsNarrative" xlink:type="simple" />
    <link:roleRef roleURI="http://pharmabioserv.com/role/F.WarrantsDetails" xlink:href="pbsv-20121031.xsd#F.WarrantsDetails" xlink:type="simple" />
    <link:roleRef roleURI="http://pharmabioserv.com/role/G.EarningsPerShareDetails" xlink:href="pbsv-20121031.xsd#G.EarningsPerShareDetails" xlink:type="simple" />
    <link:roleRef roleURI="http://pharmabioserv.com/role/G.EarningsPerShareDetailsNarrative" xlink:href="pbsv-20121031.xsd#G.EarningsPerShareDetailsNarrative" xlink:type="simple" />
    <link:roleRef roleURI="http://pharmabioserv.com/role/H.StockOptionsAndStockBasedCompensationDetails" xlink:href="pbsv-20121031.xsd#H.StockOptionsAndStockBasedCompensationDetails" xlink:type="simple" />
    <link:roleRef roleURI="http://pharmabioserv.com/role/H.StockOptionsAndStockBasedCompensationDetails1" xlink:href="pbsv-20121031.xsd#H.StockOptionsAndStockBasedCompensationDetails1" xlink:type="simple" />
    <link:roleRef roleURI="http://pharmabioserv.com/role/H.StockOptionsAndStockBasedCompensationDetails2" xlink:href="pbsv-20121031.xsd#H.StockOptionsAndStockBasedCompensationDetails2" xlink:type="simple" />
    <link:roleRef roleURI="http://pharmabioserv.com/role/H.StockOptionsAndStockBasedCompensationDetails3" xlink:href="pbsv-20121031.xsd#H.StockOptionsAndStockBasedCompensationDetails3" xlink:type="simple" />
    <link:roleRef roleURI="http://pharmabioserv.com/role/H.StockOptionsAndStockBasedCompensationDetailsNarrative" xlink:href="pbsv-20121031.xsd#H.StockOptionsAndStockBasedCompensationDetailsNarrative" xlink:type="simple" />
    <link:roleRef roleURI="http://pharmabioserv.com/role/I.ConcentrationOfRisksDetailsNarrative" xlink:href="pbsv-20121031.xsd#I.ConcentrationOfRisksDetailsNarrative" xlink:type="simple" />
    <link:roleRef roleURI="http://pharmabioserv.com/role/J.RetirementPlanDetailsNarrative" xlink:href="pbsv-20121031.xsd#J.RetirementPlanDetailsNarrative" xlink:type="simple" />
    <link:roleRef roleURI="http://pharmabioserv.com/role/K.SegmentDisclosuresDetails" xlink:href="pbsv-20121031.xsd#K.SegmentDisclosuresDetails" xlink:type="simple" />
    <link:calculationLink xlink:type="extended" xlink:role="http://pharmabioserv.com/role/DocumentAndEntityInformation" xlink:title="0001 - Document - Document and Entity Information" />
    <link:calculationLink xlink:type="extended" xlink:role="http://pharmabioserv.com/role/ConsolidatedBalanceSheets" xlink:title="0002 - Statement - Consolidated Balance Sheets (Unaudited)">
      <link:loc xlink:type="locator" xlink:href="http://xbrl.fasb.org/us-gaap/2012/elts/us-gaap-2012-01-31.xsd#us-gaap_AssetsCurrent" xlink:label="loc_PBSVAssetsCurrent" />
      <link:loc xlink:type="locator" xlink:href="http://xbrl.fasb.org/us-gaap/2012/elts/us-gaap-2012-01-31.xsd#us-gaap_CashAndCashEquivalentsAtCarryingValue" xlink:label="loc_PBSVCashAndCashEquivalentsAtCarryingValue" />
      <link:calculationArc order="100" xlink:arcrole="http://www.xbrl.org/2003/arcrole/summation-item" xlink:from="loc_PBSVAssetsCurrent" xlink:to="loc_PBSVCashAndCashEquivalentsAtCarryingValue" xlink:type="arc" weight="1" />
      <link:loc xlink:type="locator" xlink:href="http://xbrl.fasb.org/us-gaap/2012/elts/us-gaap-2012-01-31.xsd#us-gaap_AccountsReceivableNetCurrent" xlink:label="loc_PBSVAccountsReceivableNetCurrent" />
      <link:calculationArc order="200" xlink:arcrole="http://www.xbrl.org/2003/arcrole/summation-item" xlink:from="loc_PBSVAssetsCurrent" xlink:to="loc_PBSVAccountsReceivableNetCurrent" xlink:type="arc" weight="1" />
      <link:loc xlink:type="locator" xlink:href="http://xbrl.fasb.org/us-gaap/2012/elts/us-gaap-2012-01-31.xsd#us-gaap_OtherAssetsCurrent" xlink:label="loc_PBSVOtherAssetsCurrent" />
      <link:calculationArc order="300" xlink:arcrole="http://www.xbrl.org/2003/arcrole/summation-item" xlink:from="loc_PBSVAssetsCurrent" xlink:to="loc_PBSVOtherAssetsCurrent" xlink:type="arc" weight="1" />
      <link:loc xlink:type="locator" xlink:href="http://xbrl.fasb.org/us-gaap/2012/elts/us-gaap-2012-01-31.xsd#us-gaap_MarketableSecuritiesCurrent" xlink:label="loc_PBSVMarketableSecuritiesCurrent" />
      <link:calculationArc order="400" xlink:arcrole="http://www.xbrl.org/2003/arcrole/summation-item" xlink:from="loc_PBSVAssetsCurrent" xlink:to="loc_PBSVMarketableSecuritiesCurrent" xlink:type="arc" weight="1" />
      <link:loc xlink:type="locator" xlink:href="http://xbrl.fasb.org/us-gaap/2012/elts/us-gaap-2012-01-31.xsd#us-gaap_Assets" xlink:label="loc_PBSVAssets" />
      <link:calculationArc order="100" xlink:arcrole="http://www.xbrl.org/2003/arcrole/summation-item" xlink:from="loc_PBSVAssets" xlink:to="loc_PBSVAssetsCurrent" xlink:type="arc" weight="1" />
      <link:loc xlink:type="locator" xlink:href="http://xbrl.fasb.org/us-gaap/2012/elts/us-gaap-2012-01-31.xsd#us-gaap_PropertyPlantAndEquipmentNet" xlink:label="loc_PBSVPropertyPlantAndEquipmentNet" />
      <link:calculationArc order="200" xlink:arcrole="http://www.xbrl.org/2003/arcrole/summation-item" xlink:from="loc_PBSVAssets" xlink:to="loc_PBSVPropertyPlantAndEquipmentNet" xlink:type="arc" weight="1" />
      <link:loc xlink:type="locator" xlink:href="http://xbrl.fasb.org/us-gaap/2012/elts/us-gaap-2012-01-31.xsd#us-gaap_OtherAssetsNoncurrent" xlink:label="loc_PBSVOtherAssetsNoncurrent" />
      <link:calculationArc order="300" xlink:arcrole="http://www.xbrl.org/2003/arcrole/summation-item" xlink:from="loc_PBSVAssets" xlink:to="loc_PBSVOtherAssetsNoncurrent" xlink:type="arc" weight="1" />
      <link:loc xlink:type="locator" xlink:href="http://xbrl.fasb.org/us-gaap/2012/elts/us-gaap-2012-01-31.xsd#us-gaap_LiabilitiesCurrent" xlink:label="loc_PBSVLiabilitiesCurrent" />
      <link:loc xlink:type="locator" xlink:href="http://xbrl.fasb.org/us-gaap/2012/elts/us-gaap-2012-01-31.xsd#us-gaap_CapitalLeaseObligationsCurrent" xlink:label="loc_PBSVCapitalLeaseObligationsCurrent" />
      <link:calculationArc order="100" xlink:arcrole="http://www.xbrl.org/2003/arcrole/summation-item" xlink:from="loc_PBSVLiabilitiesCurrent" xlink:to="loc_PBSVCapitalLeaseObligationsCurrent" xlink:type="arc" weight="1" />
      <link:loc xlink:type="locator" xlink:href="http://xbrl.fasb.org/us-gaap/2012/elts/us-gaap-2012-01-31.xsd#us-gaap_AccountsPayableAndAccruedLiabilitiesCurrent" xlink:label="loc_PBSVAccountsPayableAndAccruedLiabilitiesCurrent" />
      <link:calculationArc order="200" xlink:arcrole="http://www.xbrl.org/2003/arcrole/summation-item" xlink:from="loc_PBSVLiabilitiesCurrent" xlink:to="loc_PBSVAccountsPayableAndAccruedLiabilitiesCurrent" xlink:type="arc" weight="1" />
      <link:loc xlink:type="locator" xlink:href="http://xbrl.fasb.org/us-gaap/2012/elts/us-gaap-2012-01-31.xsd#us-gaap_AccruedIncomeTaxesCurrent" xlink:label="loc_PBSVAccruedIncomeTaxesCurrent" />
      <link:calculationArc order="300" xlink:arcrole="http://www.xbrl.org/2003/arcrole/summation-item" xlink:from="loc_PBSVLiabilitiesCurrent" xlink:to="loc_PBSVAccruedIncomeTaxesCurrent" xlink:type="arc" weight="1" />
      <link:loc xlink:type="locator" xlink:href="http://xbrl.fasb.org/us-gaap/2012/elts/us-gaap-2012-01-31.xsd#us-gaap_Liabilities" xlink:label="loc_PBSVLiabilities" />
      <link:calculationArc order="100" xlink:arcrole="http://www.xbrl.org/2003/arcrole/summation-item" xlink:from="loc_PBSVLiabilities" xlink:to="loc_PBSVLiabilitiesCurrent" xlink:type="arc" weight="1" />
      <link:loc xlink:type="locator" xlink:href="http://xbrl.fasb.org/us-gaap/2012/elts/us-gaap-2012-01-31.xsd#us-gaap_CapitalLeaseObligationsNoncurrent" xlink:label="loc_PBSVCapitalLeaseObligationsNoncurrent" />
      <link:calculationArc order="200" xlink:arcrole="http://www.xbrl.org/2003/arcrole/summation-item" xlink:from="loc_PBSVLiabilities" xlink:to="loc_PBSVCapitalLeaseObligationsNoncurrent" xlink:type="arc" weight="1" />
      <link:loc xlink:type="locator" xlink:href="http://xbrl.fasb.org/us-gaap/2012/elts/us-gaap-2012-01-31.xsd#us-gaap_StockholdersEquity" xlink:label="loc_PBSVStockholdersEquity" />
      <link:loc xlink:type="locator" xlink:href="http://xbrl.fasb.org/us-gaap/2012/elts/us-gaap-2012-01-31.xsd#us-gaap_PreferredStockValue" xlink:label="loc_PBSVPreferredStockValue" />
      <link:calculationArc order="100" xlink:arcrole="http://www.xbrl.org/2003/arcrole/summation-item" xlink:from="loc_PBSVStockholdersEquity" xlink:to="loc_PBSVPreferredStockValue" xlink:type="arc" weight="1" />
      <link:loc xlink:type="locator" xlink:href="http://xbrl.fasb.org/us-gaap/2012/elts/us-gaap-2012-01-31.xsd#us-gaap_CommonStockValue" xlink:label="loc_PBSVCommonStockValue" />
      <link:calculationArc order="200" xlink:arcrole="http://www.xbrl.org/2003/arcrole/summation-item" xlink:from="loc_PBSVStockholdersEquity" xlink:to="loc_PBSVCommonStockValue" xlink:type="arc" weight="1" />
      <link:loc xlink:type="locator" xlink:href="http://xbrl.fasb.org/us-gaap/2012/elts/us-gaap-2012-01-31.xsd#us-gaap_AdditionalPaidInCapitalCommonStock" xlink:label="loc_PBSVAdditionalPaidInCapitalCommonStock" />
      <link:calculationArc order="300" xlink:arcrole="http://www.xbrl.org/2003/arcrole/summation-item" xlink:from="loc_PBSVStockholdersEquity" xlink:to="loc_PBSVAdditionalPaidInCapitalCommonStock" xlink:type="arc" weight="1" />
      <link:loc xlink:type="locator" xlink:href="http://xbrl.fasb.org/us-gaap/2012/elts/us-gaap-2012-01-31.xsd#us-gaap_RetainedEarningsAccumulatedDeficit" xlink:label="loc_PBSVRetainedEarningsAccumulatedDeficit" />
      <link:calculationArc order="400" xlink:arcrole="http://www.xbrl.org/2003/arcrole/summation-item" xlink:from="loc_PBSVStockholdersEquity" xlink:to="loc_PBSVRetainedEarningsAccumulatedDeficit" xlink:type="arc" weight="1" />
      <link:loc xlink:type="locator" xlink:href="http://xbrl.fasb.org/us-gaap/2012/elts/us-gaap-2012-01-31.xsd#us-gaap_AccumulatedOtherComprehensiveIncomeLossNetOfTax" xlink:label="loc_PBSVAccumulatedOtherComprehensiveIncomeLossNetOfTax" />
      <link:calculationArc order="500" xlink:arcrole="http://www.xbrl.org/2003/arcrole/summation-item" xlink:from="loc_PBSVStockholdersEquity" xlink:to="loc_PBSVAccumulatedOtherComprehensiveIncomeLossNetOfTax" xlink:type="arc" weight="1" />
      <link:loc xlink:type="locator" xlink:href="http://xbrl.fasb.org/us-gaap/2012/elts/us-gaap-2012-01-31.xsd#us-gaap_LiabilitiesAndStockholdersEquity" xlink:label="loc_PBSVLiabilitiesAndStockholdersEquity" />
      <link:calculationArc order="100" xlink:arcrole="http://www.xbrl.org/2003/arcrole/summation-item" xlink:from="loc_PBSVLiabilitiesAndStockholdersEquity" xlink:to="loc_PBSVLiabilities" xlink:type="arc" weight="1" />
      <link:calculationArc order="200" xlink:arcrole="http://www.xbrl.org/2003/arcrole/summation-item" xlink:from="loc_PBSVLiabilitiesAndStockholdersEquity" xlink:to="loc_PBSVStockholdersEquity" xlink:type="arc" weight="1" />
    </link:calculationLink>
    <link:calculationLink xlink:type="extended" xlink:role="http://pharmabioserv.com/role/ConsolidatedBalanceSheetsParenthetical" xlink:title="0003 - Statement - Consolidated Balance Sheets (Parenthetical)" />
    <link:calculationLink xlink:type="extended" xlink:role="http://pharmabioserv.com/role/ConsolidatedStatementsOfIncome" xlink:title="0004 - Statement - Consolidated Statements of Income (Unaudited)">
      <link:loc xlink:type="locator" xlink:href="http://xbrl.fasb.org/us-gaap/2012/elts/us-gaap-2012-01-31.xsd#us-gaap_GrossProfit" xlink:label="loc_PBSVGrossProfit" />
      <link:loc xlink:type="locator" xlink:href="http://xbrl.fasb.org/us-gaap/2012/elts/us-gaap-2012-01-31.xsd#us-gaap_SalesRevenueServicesNet" xlink:label="loc_PBSVSalesRevenueServicesNet" />
      <link:calculationArc order="100" xlink:arcrole="http://www.xbrl.org/2003/arcrole/summation-item" xlink:from="loc_PBSVGrossProfit" xlink:to="loc_PBSVSalesRevenueServicesNet" xlink:type="arc" weight="1" />
      <link:loc xlink:type="locator" xlink:href="http://xbrl.fasb.org/us-gaap/2012/elts/us-gaap-2012-01-31.xsd#us-gaap_CostOfServices" xlink:label="loc_PBSVCostOfServices" />
      <link:calculationArc order="200" xlink:arcrole="http://www.xbrl.org/2003/arcrole/summation-item" xlink:from="loc_PBSVGrossProfit" xlink:to="loc_PBSVCostOfServices" xlink:type="arc" weight="-1" />
      <link:loc xlink:type="locator" xlink:href="http://xbrl.fasb.org/us-gaap/2012/elts/us-gaap-2012-01-31.xsd#us-gaap_OperatingIncomeLoss" xlink:label="loc_PBSVOperatingIncomeLoss" />
      <link:calculationArc order="100" xlink:arcrole="http://www.xbrl.org/2003/arcrole/summation-item" xlink:from="loc_PBSVOperatingIncomeLoss" xlink:to="loc_PBSVGrossProfit" xlink:type="arc" weight="1" />
      <link:loc xlink:type="locator" xlink:href="http://xbrl.fasb.org/us-gaap/2012/elts/us-gaap-2012-01-31.xsd#us-gaap_SellingGeneralAndAdministrativeExpense" xlink:label="loc_PBSVSellingGeneralAndAdministrativeExpense" />
      <link:calculationArc order="200" xlink:arcrole="http://www.xbrl.org/2003/arcrole/summation-item" xlink:from="loc_PBSVOperatingIncomeLoss" xlink:to="loc_PBSVSellingGeneralAndAdministrativeExpense" xlink:type="arc" weight="-1" />
      <link:loc xlink:type="locator" xlink:href="http://xbrl.fasb.org/us-gaap/2012/elts/us-gaap-2012-01-31.xsd#us-gaap_NonoperatingIncomeExpense" xlink:label="loc_PBSVNonoperatingIncomeExpense" />
      <link:loc xlink:type="locator" xlink:href="http://xbrl.fasb.org/us-gaap/2012/elts/us-gaap-2012-01-31.xsd#us-gaap_InterestExpense" xlink:label="loc_PBSVInterestExpense" />
      <link:calculationArc order="100" xlink:arcrole="http://www.xbrl.org/2003/arcrole/summation-item" xlink:from="loc_PBSVNonoperatingIncomeExpense" xlink:to="loc_PBSVInterestExpense" xlink:type="arc" weight="-1" />
      <link:loc xlink:type="locator" xlink:href="http://xbrl.fasb.org/us-gaap/2012/elts/us-gaap-2012-01-31.xsd#us-gaap_InvestmentIncomeInterest" xlink:label="loc_PBSVInvestmentIncomeInterest" />
      <link:calculationArc order="200" xlink:arcrole="http://www.xbrl.org/2003/arcrole/summation-item" xlink:from="loc_PBSVNonoperatingIncomeExpense" xlink:to="loc_PBSVInvestmentIncomeInterest" xlink:type="arc" weight="1" />
      <link:loc xlink:type="locator" xlink:href="http://xbrl.fasb.org/us-gaap/2012/elts/us-gaap-2012-01-31.xsd#us-gaap_GainLossOnSaleOfPropertyPlantEquipment" xlink:label="loc_PBSVGainLossOnSaleOfPropertyPlantEquipment" />
      <link:calculationArc order="300" xlink:arcrole="http://www.xbrl.org/2003/arcrole/summation-item" xlink:from="loc_PBSVNonoperatingIncomeExpense" xlink:to="loc_PBSVGainLossOnSaleOfPropertyPlantEquipment" xlink:type="arc" weight="1" />
      <link:loc xlink:type="locator" xlink:href="http://xbrl.fasb.org/us-gaap/2012/elts/us-gaap-2012-01-31.xsd#us-gaap_NetIncomeLoss" xlink:label="loc_PBSVNetIncomeLoss" />
      <link:loc xlink:type="locator" xlink:href="http://xbrl.fasb.org/us-gaap/2012/elts/us-gaap-2012-01-31.xsd#us-gaap_IncomeLossFromContinuingOperationsBeforeIncomeTaxesExtraordinaryItemsNoncontrollingInterest" xlink:label="loc_PBSVIncomeLossFromContinuingOperationsBeforeIncomeTaxesExtraordinaryItemsNoncontrollingInterest" />
      <link:calculationArc order="100" xlink:arcrole="http://www.xbrl.org/2003/arcrole/summation-item" xlink:from="loc_PBSVNetIncomeLoss" xlink:to="loc_PBSVIncomeLossFromContinuingOperationsBeforeIncomeTaxesExtraordinaryItemsNoncontrollingInterest" xlink:type="arc" weight="1" />
      <link:loc xlink:type="locator" xlink:href="http://xbrl.fasb.org/us-gaap/2012/elts/us-gaap-2012-01-31.xsd#us-gaap_IncomeTaxExpenseBenefit" xlink:label="loc_PBSVIncomeTaxExpenseBenefit" />
      <link:calculationArc order="200" xlink:arcrole="http://www.xbrl.org/2003/arcrole/summation-item" xlink:from="loc_PBSVNetIncomeLoss" xlink:to="loc_PBSVIncomeTaxExpenseBenefit" xlink:type="arc" weight="-1" />
    </link:calculationLink>
    <link:calculationLink xlink:type="extended" xlink:role="http://pharmabioserv.com/role/ConsolidatedStatementsOfComprehensiveIncome" xlink:title="0005 - Statement - Consolidated Statements of Comprehensive Income" />
    <link:calculationLink xlink:type="extended" xlink:role="http://pharmabioserv.com/role/ConsolidatedStatementsOfChangesInStockholdersEquity" xlink:title="0006 - Statement - Consolidated Statements of Changes in Stockholders' Equity" />
    <link:calculationLink xlink:type="extended" xlink:role="http://pharmabioserv.com/role/ConsolidatedStatementsOfCashFlows" xlink:title="0007 - Statement - Consolidated Statements of Cash Flows (Unaudited)">
      <link:loc xlink:type="locator" xlink:href="http://xbrl.fasb.org/us-gaap/2012/elts/us-gaap-2012-01-31.xsd#us-gaap_NetCashProvidedByUsedInOperatingActivities" xlink:label="loc_PBSVNetCashProvidedByUsedInOperatingActivities" />
      <link:loc xlink:type="locator" xlink:href="http://xbrl.fasb.org/us-gaap/2012/elts/us-gaap-2012-01-31.xsd#us-gaap_NetIncomeLoss" xlink:label="loc_PBSVNetIncomeLoss" />
      <link:calculationArc order="100" xlink:arcrole="http://www.xbrl.org/2003/arcrole/summation-item" xlink:from="loc_PBSVNetCashProvidedByUsedInOperatingActivities" xlink:to="loc_PBSVNetIncomeLoss" xlink:type="arc" weight="1" />
      <link:loc xlink:type="locator" xlink:href="http://xbrl.fasb.org/us-gaap/2012/elts/us-gaap-2012-01-31.xsd#us-gaap_GainLossOnSaleOfPropertyPlantEquipment" xlink:label="loc_PBSVGainLossOnSaleOfPropertyPlantEquipment" />
      <link:calculationArc order="200" xlink:arcrole="http://www.xbrl.org/2003/arcrole/summation-item" xlink:from="loc_PBSVNetCashProvidedByUsedInOperatingActivities" xlink:to="loc_PBSVGainLossOnSaleOfPropertyPlantEquipment" xlink:type="arc" weight="-1" />
      <link:loc xlink:type="locator" xlink:href="http://xbrl.fasb.org/us-gaap/2012/elts/us-gaap-2012-01-31.xsd#us-gaap_ShareBasedCompensation" xlink:label="loc_PBSVShareBasedCompensation" />
      <link:calculationArc order="300" xlink:arcrole="http://www.xbrl.org/2003/arcrole/summation-item" xlink:from="loc_PBSVNetCashProvidedByUsedInOperatingActivities" xlink:to="loc_PBSVShareBasedCompensation" xlink:type="arc" weight="1" />
      <link:loc xlink:type="locator" xlink:href="http://xbrl.fasb.org/us-gaap/2012/elts/us-gaap-2012-01-31.xsd#us-gaap_DepreciationDepletionAndAmortization" xlink:label="loc_PBSVDepreciationDepletionAndAmortization" />
      <link:calculationArc order="400" xlink:arcrole="http://www.xbrl.org/2003/arcrole/summation-item" xlink:from="loc_PBSVNetCashProvidedByUsedInOperatingActivities" xlink:to="loc_PBSVDepreciationDepletionAndAmortization" xlink:type="arc" weight="1" />
      <link:loc xlink:type="locator" xlink:href="http://xbrl.fasb.org/us-gaap/2012/elts/us-gaap-2012-01-31.xsd#us-gaap_IncreaseDecreaseInAccountsReceivable" xlink:label="loc_PBSVIncreaseDecreaseInAccountsReceivable" />
      <link:calculationArc order="500" xlink:arcrole="http://www.xbrl.org/2003/arcrole/summation-item" xlink:from="loc_PBSVNetCashProvidedByUsedInOperatingActivities" xlink:to="loc_PBSVIncreaseDecreaseInAccountsReceivable" xlink:type="arc" weight="1" />
      <link:loc xlink:type="locator" xlink:href="http://xbrl.fasb.org/us-gaap/2012/elts/us-gaap-2012-01-31.xsd#us-gaap_IncreaseDecreaseInOtherOperatingAssets" xlink:label="loc_PBSVIncreaseDecreaseInOtherOperatingAssets" />
      <link:calculationArc order="600" xlink:arcrole="http://www.xbrl.org/2003/arcrole/summation-item" xlink:from="loc_PBSVNetCashProvidedByUsedInOperatingActivities" xlink:to="loc_PBSVIncreaseDecreaseInOtherOperatingAssets" xlink:type="arc" weight="1" />
      <link:loc xlink:type="locator" xlink:href="http://xbrl.fasb.org/us-gaap/2012/elts/us-gaap-2012-01-31.xsd#us-gaap_IncreaseDecreaseInOperatingLiabilities" xlink:label="loc_PBSVIncreaseDecreaseInOperatingLiabilities" />
      <link:calculationArc order="700" xlink:arcrole="http://www.xbrl.org/2003/arcrole/summation-item" xlink:from="loc_PBSVNetCashProvidedByUsedInOperatingActivities" xlink:to="loc_PBSVIncreaseDecreaseInOperatingLiabilities" xlink:type="arc" weight="1" />
      <link:loc xlink:type="locator" xlink:href="http://xbrl.fasb.org/us-gaap/2012/elts/us-gaap-2012-01-31.xsd#us-gaap_NetCashProvidedByUsedInInvestingActivities" xlink:label="loc_PBSVNetCashProvidedByUsedInInvestingActivities" />
      <link:loc xlink:type="locator" xlink:href="http://xbrl.fasb.org/us-gaap/2012/elts/us-gaap-2012-01-31.xsd#us-gaap_PaymentsToAcquirePropertyPlantAndEquipment" xlink:label="loc_PBSVPaymentsToAcquirePropertyPlantAndEquipment" />
      <link:calculationArc order="100" xlink:arcrole="http://www.xbrl.org/2003/arcrole/summation-item" xlink:from="loc_PBSVNetCashProvidedByUsedInInvestingActivities" xlink:to="loc_PBSVPaymentsToAcquirePropertyPlantAndEquipment" xlink:type="arc" weight="-1" />
      <link:loc xlink:type="locator" xlink:href="http://xbrl.fasb.org/us-gaap/2012/elts/us-gaap-2012-01-31.xsd#us-gaap_ProceedsFromSaleOfOtherPropertyPlantAndEquipment" xlink:label="loc_PBSVProceedsFromSaleOfOtherPropertyPlantAndEquipment" />
      <link:calculationArc order="200" xlink:arcrole="http://www.xbrl.org/2003/arcrole/summation-item" xlink:from="loc_PBSVNetCashProvidedByUsedInInvestingActivities" xlink:to="loc_PBSVProceedsFromSaleOfOtherPropertyPlantAndEquipment" xlink:type="arc" weight="1" />
      <link:loc xlink:type="locator" xlink:href="http://xbrl.fasb.org/us-gaap/2012/elts/us-gaap-2012-01-31.xsd#us-gaap_NetCashProvidedByUsedInFinancingActivities" xlink:label="loc_PBSVNetCashProvidedByUsedInFinancingActivities" />
      <link:loc xlink:type="locator" xlink:href="http://xbrl.fasb.org/us-gaap/2012/elts/us-gaap-2012-01-31.xsd#us-gaap_RepaymentsOfLongTermCapitalLeaseObligations" xlink:label="loc_PBSVRepaymentsOfLongTermCapitalLeaseObligations" />
      <link:calculationArc order="100" xlink:arcrole="http://www.xbrl.org/2003/arcrole/summation-item" xlink:from="loc_PBSVNetCashProvidedByUsedInFinancingActivities" xlink:to="loc_PBSVRepaymentsOfLongTermCapitalLeaseObligations" xlink:type="arc" weight="-1" />
    </link:calculationLink>
    <link:calculationLink xlink:type="extended" xlink:role="http://pharmabioserv.com/role/ConsolidatedStatementsOfCashFlowsParenthetical" xlink:title="0008 - Statement - Consolidated Statements of Cash Flows (Parenthetical)" />
    <link:calculationLink xlink:type="extended" xlink:role="http://pharmabioserv.com/role/A.OrganizationAndSummaryOfSignificantAccountingPolicies" xlink:title="0009 - Disclosure - A. ORGANIZATION AND SUMMARY OF SIGNIFICANT ACCOUNTING POLICIES" />
    <link:calculationLink xlink:type="extended" xlink:role="http://pharmabioserv.com/role/B.MarketableSecuritiesAvailableForSale" xlink:title="0010 - Disclosure - B. MARKETABLE SECURITIES AVAILABLE FOR SALE" />
    <link:calculationLink xlink:type="extended" xlink:role="http://pharmabioserv.com/role/C.PropertyAndEquipment" xlink:title="0011 - Disclosure - C. PROPERTY AND EQUIPMENT" />
    <link:calculationLink xlink:type="extended" xlink:role="http://pharmabioserv.com/role/D.IncomeTax" xlink:title="0012 - Disclosure - D. INCOME TAX" />
    <link:calculationLink xlink:type="extended" xlink:role="http://pharmabioserv.com/role/E.CommitmentsAndContingencies" xlink:title="0013 - Disclosure - E. COMMITMENTS AND CONTINGENCIES" />
    <link:calculationLink xlink:type="extended" xlink:role="http://pharmabioserv.com/role/F.Warrants" xlink:title="0014 - Disclosure - F. WARRANTS" />
    <link:calculationLink xlink:type="extended" xlink:role="http://pharmabioserv.com/role/G.EarningsPerShare" xlink:title="0015 - Disclosure - G. EARNINGS PER SHARE" />
    <link:calculationLink xlink:type="extended" xlink:role="http://pharmabioserv.com/role/H.StockOptionsAndStockBasedCompensation" xlink:title="0016 - Disclosure - H. STOCK OPTIONS AND STOCK BASED COMPENSATION" />
    <link:calculationLink xlink:type="extended" xlink:role="http://pharmabioserv.com/role/I.ConcentrationsOfRisk" xlink:title="0017 - Disclosure - I. CONCENTRATIONS OF RISK" />
    <link:calculationLink xlink:type="extended" xlink:role="http://pharmabioserv.com/role/J.RetirementPlan" xlink:title="0018 - Disclosure - J. RETIREMENT PLAN" />
    <link:calculationLink xlink:type="extended" xlink:role="http://pharmabioserv.com/role/K.SegmentDisclosures" xlink:title="0019 - Disclosure - K. SEGMENT DISCLOSURES" />
    <link:calculationLink xlink:type="extended" xlink:role="http://pharmabioserv.com/role/A.OrganizationAndSummaryOfSignificantAccountingPoliciesPolicies" xlink:title="0020 - Disclosure - A. ORGANIZATION AND SUMMARY OF SIGNIFICANT ACCOUNTING POLICIES (Policies)" />
    <link:calculationLink xlink:type="extended" xlink:role="http://pharmabioserv.com/role/C.PropertyAndEquipmentTables" xlink:title="0021 - Disclosure - C. PROPERTY AND EQUIPMENT (Tables)" />
    <link:calculationLink xlink:type="extended" xlink:role="http://pharmabioserv.com/role/D.IncomeTaxesTables" xlink:title="0022 - Disclosure - D. INCOME TAXES (Tables)" />
    <link:calculationLink xlink:type="extended" xlink:role="http://pharmabioserv.com/role/E.CommitmentsAndContingenciesTables" xlink:title="0023 - Disclosure - E. COMMITMENTS AND CONTINGENCIES (Tables)" />
    <link:calculationLink xlink:type="extended" xlink:role="http://pharmabioserv.com/role/F.WarrantsTables" xlink:title="0024 - Disclosure - F. WARRANTS (Tables)" />
    <link:calculationLink xlink:type="extended" xlink:role="http://pharmabioserv.com/role/G.EarningsPerShareTables" xlink:title="0025 - Disclosure - G. EARNINGS PER SHARE (Tables)" />
    <link:calculationLink xlink:type="extended" xlink:role="http://pharmabioserv.com/role/H.StockOptionsAndStockBasedCompensationTables" xlink:title="0026 - Disclosure - H. STOCK OPTIONS AND STOCK BASED COMPENSATION (Tables)" />
    <link:calculationLink xlink:type="extended" xlink:role="http://pharmabioserv.com/role/K.SegmentDisclosuresTables" xlink:title="0027 - Disclosure - K. SEGMENT DISCLOSURES (Tables)" />
    <link:calculationLink xlink:type="extended" xlink:role="http://pharmabioserv.com/role/B.MarketableSecuritiesAvailableForSaleDetailsNarrative" xlink:title="0028 - Disclosure - B. MARKETABLE SECURITIES AVAILABLE FOR SALE (Details Narrative)" />
    <link:calculationLink xlink:type="extended" xlink:role="http://pharmabioserv.com/role/C.PropertyAndEquipmentDetails" xlink:title="0029 - Disclosure - C. PROPERTY AND EQUIPMENT (Details)" />
    <link:calculationLink xlink:type="extended" xlink:role="http://pharmabioserv.com/role/D.IncomeTaxesDetails" xlink:title="0030 - Disclosure - D. INCOME TAXES (Details)" />
    <link:calculationLink xlink:type="extended" xlink:role="http://pharmabioserv.com/role/D.IncomeTaxDetailsNarrative" xlink:title="0031 - Disclosure - D. INCOME TAX (Details Narrative)" />
    <link:calculationLink xlink:type="extended" xlink:role="http://pharmabioserv.com/role/E.CommitmentsAndContingenciesDetails" xlink:title="0032 - Disclosure - E. COMMITMENTS AND CONTINGENCIES (Details)" />
    <link:calculationLink xlink:type="extended" xlink:role="http://pharmabioserv.com/role/E.CommitmentsAndContingenciesDetails1" xlink:title="0033 - Disclosure - E. COMMITMENTS AND CONTINGENCIES (Details 1)" />
    <link:calculationLink xlink:type="extended" xlink:role="http://pharmabioserv.com/role/E.CommitmentsAndContingenciesDetailsNarrative" xlink:title="0034 - Disclosure - E. COMMITMENTS AND CONTINGENCIES (Details Narrative)" />
    <link:calculationLink xlink:type="extended" xlink:role="http://pharmabioserv.com/role/F.WarrantsDetails" xlink:title="0035 - Disclosure - F. WARRANTS (Details)" />
    <link:calculationLink xlink:type="extended" xlink:role="http://pharmabioserv.com/role/G.EarningsPerShareDetails" xlink:title="0036 - Disclosure - G. EARNINGS PER SHARE (Details)" />
    <link:calculationLink xlink:type="extended" xlink:role="http://pharmabioserv.com/role/G.EarningsPerShareDetailsNarrative" xlink:title="0037 - Disclosure - G. EARNINGS PER SHARE (Details Narrative)" />
    <link:calculationLink xlink:type="extended" xlink:role="http://pharmabioserv.com/role/H.StockOptionsAndStockBasedCompensationDetails" xlink:title="0038 - Disclosure - H. STOCK OPTIONS AND STOCK BASED COMPENSATION (Details)" />
    <link:calculationLink xlink:type="extended" xlink:role="http://pharmabioserv.com/role/H.StockOptionsAndStockBasedCompensationDetails1" xlink:title="0039 - Disclosure - H. STOCK OPTIONS AND STOCK BASED COMPENSATION (Details 1)" />
    <link:calculationLink xlink:type="extended" xlink:role="http://pharmabioserv.com/role/H.StockOptionsAndStockBasedCompensationDetails2" xlink:title="0040 - Disclosure - H. STOCK OPTIONS AND STOCK BASED COMPENSATION (Details 2)" />
    <link:calculationLink xlink:type="extended" xlink:role="http://pharmabioserv.com/role/H.StockOptionsAndStockBasedCompensationDetails3" xlink:title="0041 - Disclosure - H. STOCK OPTIONS AND STOCK BASED COMPENSATION (Details 3)" />
    <link:calculationLink xlink:type="extended" xlink:role="http://pharmabioserv.com/role/H.StockOptionsAndStockBasedCompensationDetailsNarrative" xlink:title="0042 - Disclosure - H. STOCK OPTIONS AND STOCK BASED COMPENSATION (Details Narrative)" />
    <link:calculationLink xlink:type="extended" xlink:role="http://pharmabioserv.com/role/I.ConcentrationOfRisksDetailsNarrative" xlink:title="0043 - Disclosure - I. CONCENTRATION OF RISKS (Details Narrative)" />
    <link:calculationLink xlink:type="extended" xlink:role="http://pharmabioserv.com/role/J.RetirementPlanDetailsNarrative" xlink:title="0044 - Disclosure - J. RETIREMENT PLAN (Details Narrative)" />
    <link:calculationLink xlink:type="extended" xlink:role="http://pharmabioserv.com/role/K.SegmentDisclosuresDetails" xlink:title="0045 - Disclosure - K. SEGMENT DISCLOSURES (Details)" />
</link:linkbase>
