<?xml version="1.0" encoding="us-ascii"?>
<!--XBRL document created by RR Donnelley IM Processor 6.0.0.0 using Fujitsu Interstage XWand-->
<xbrl xmlns:cfvst8="http://www.columbiamanagement.com/20130118" xmlns:xsi="http://www.w3.org/2001/XMLSchema-instance" xmlns:dei="http://xbrl.sec.gov/dei/2012-01-31" xmlns:rr="http://xbrl.sec.gov/rr/2012-01-31" xmlns:link="http://www.xbrl.org/2003/linkbase" xmlns:xbrldi="http://xbrl.org/2006/xbrldi" xmlns:iso4217="http://www.xbrl.org/2003/iso4217" xmlns:xlink="http://www.w3.org/1999/xlink" xmlns="http://www.xbrl.org/2003/instance">
  <link:schemaRef xlink:type="simple" xlink:href="cfvst8-20130118.xsd" />
  <context id="Duration_02May2011_01May2012">
    <entity>
      <identifier scheme="http://www.sec.gov/CIK">0001413032</identifier>
    </entity>
    <period>
      <startDate>2011-05-02</startDate>
      <endDate>2012-05-01</endDate>
    </period>
  </context>
  <context id="Duration_02May2011_01May2012S000028683_Member">
    <entity>
      <identifier scheme="http://www.sec.gov/CIK">0001413032</identifier>
      <segment>
        <xbrldi:explicitMember dimension="dei:LegalEntityAxis">cfvst8:S000028683Member</xbrldi:explicitMember>
      </segment>
    </entity>
    <period>
      <startDate>2011-05-02</startDate>
      <endDate>2012-05-01</endDate>
    </period>
  </context>
  <context id="Duration_02May2011_01May2012S000028704_Member">
    <entity>
      <identifier scheme="http://www.sec.gov/CIK">0001413032</identifier>
      <segment>
        <xbrldi:explicitMember dimension="dei:LegalEntityAxis">cfvst8:S000028704Member</xbrldi:explicitMember>
      </segment>
    </entity>
    <period>
      <startDate>2011-05-02</startDate>
      <endDate>2012-05-01</endDate>
    </period>
  </context>
  <context id="Duration_02May2011_01May2012S000028703_Member">
    <entity>
      <identifier scheme="http://www.sec.gov/CIK">0001413032</identifier>
      <segment>
        <xbrldi:explicitMember dimension="dei:LegalEntityAxis">cfvst8:S000028703Member</xbrldi:explicitMember>
      </segment>
    </entity>
    <period>
      <startDate>2011-05-02</startDate>
      <endDate>2012-05-01</endDate>
    </period>
  </context>
  <context id="Duration_02May2011_01May2012S000028702_Member">
    <entity>
      <identifier scheme="http://www.sec.gov/CIK">0001413032</identifier>
      <segment>
        <xbrldi:explicitMember dimension="dei:LegalEntityAxis">cfvst8:S000028702Member</xbrldi:explicitMember>
      </segment>
    </entity>
    <period>
      <startDate>2011-05-02</startDate>
      <endDate>2012-05-01</endDate>
    </period>
  </context>
  <context id="Duration_02May2011_01May2012S000028694_Member">
    <entity>
      <identifier scheme="http://www.sec.gov/CIK">0001413032</identifier>
      <segment>
        <xbrldi:explicitMember dimension="dei:LegalEntityAxis">cfvst8:S000028694Member</xbrldi:explicitMember>
      </segment>
    </entity>
    <period>
      <startDate>2011-05-02</startDate>
      <endDate>2012-05-01</endDate>
    </period>
  </context>
  <rr:ProspectusDate contextRef="Duration_02May2011_01May2012">2012-05-01</rr:ProspectusDate>
  <dei:EntityRegistrantName contextRef="Duration_02May2011_01May2012">Columbia Funds Variable Series Trust II</dei:EntityRegistrantName>
  <dei:EntityCentralIndexKey contextRef="Duration_02May2011_01May2012">0001413032</dei:EntityCentralIndexKey>
  <dei:DocumentCreationDate contextRef="Duration_02May2011_01May2012">2013-01-18</dei:DocumentCreationDate>
  <dei:DocumentEffectiveDate contextRef="Duration_02May2011_01May2012">2013-01-18</dei:DocumentEffectiveDate>
  <dei:DocumentType contextRef="Duration_02May2011_01May2012">Other</dei:DocumentType>
  <dei:DocumentPeriodEndDate contextRef="Duration_02May2011_01May2012">2011-12-31</dei:DocumentPeriodEndDate>
  <dei:AmendmentFlag contextRef="Duration_02May2011_01May2012">false</dei:AmendmentFlag>
  <cfvst8:SupplementTextBlock contextRef="Duration_02May2011_01May2012">&lt;table cellspacing="0" cellpadding="0" width="100%" border="0" align="center" style="border-collapse: collapse;"&gt;&lt;tr&gt;&lt;td valign="top"&gt;&lt;p align="center" style="margin-top: 0px; margin-bottom: 0px;"&gt;&lt;b&gt;Variable Portfolio &amp;#8212; Conservative Portfolio, Variable Portfolio &amp;#8212; Moderately Conservative Portfolio, Variable Portfolio &amp;#8212;&lt;/b&gt;&lt;/p&gt;&lt;p align="center" style="margin-top: 0px; margin-bottom: 0px;"&gt;&lt;b&gt;Moderate Portfolio, Variable Portfolio &amp;#8212; Moderately Aggressive Portfolio and Variable&lt;/b&gt;&lt;/p&gt;&lt;p align="center" style="margin-top: 0px; margin-bottom: 0px;"&gt;&lt;b&gt;Portfolio &amp;#8212; Aggressive Portfolio (each a &amp;#8220;Fund,&amp;#8221; together the &amp;#8220;Funds&amp;#8221;)&lt;/b&gt;&lt;/p&gt;&lt;p align="left" style="margin-top: 0px; margin-bottom: 0px;"&gt;&amp;nbsp;&lt;/p&gt;&lt;p align="center" style="margin-top: 0px; margin-bottom: 1px;"&gt;&lt;b&gt;Supplement dated January&amp;nbsp;18, 2013 to the Funds&amp;#8217; Prospectus dated May&amp;nbsp;1, 2012, as supplemented&lt;/b&gt;&lt;/p&gt;&lt;/td&gt;&lt;/tr&gt;&lt;/table&gt;&lt;p style="margin-top: 8px; margin-bottom: 0px;"&gt;The &amp;#8220;Principal Investment Strategies of the Fund&amp;#8221; in the Summary of the Fund is superseded and replaced as follows:&lt;/p&gt;&lt;p style="margin-top: 6px; margin-bottom: 0px;"&gt;&lt;u&gt;For Variable Portfolio-Conservative Portfolio&lt;/u&gt;&lt;/p&gt;&lt;p style="margin-top: 0px; margin-bottom: 0px;"&gt;The Fund is a &amp;#8220;fund of funds&amp;#8221; that seeks to achieve its objective by investing in a combination of underlying funds representing three primary asset classes: equity, fixed income and cash/cash equivalents, as well as underlying funds that pursue alternative investment strategies (alternative strategies), including those that seek investment returns uncorrelated to the broad equity and fixed income markets, as well as those providing exposure to other markets, including but not limited to absolute (positive) return strategies. The Fund may also invest in derivatives such as index futures, Treasury futures, currency forwards, index-based total return swaps and indexed-based credit default swaps. Under normal circumstances, the Fund intends to invest, directly or indirectly, in each of equity, fixed income and cash/cash equivalent asset classes and alternative strategies (each an asset class category and collectively the asset class categories) within the following target asset allocation ranges (includes investments in underlying funds and derivatives):&lt;/p&gt;&lt;p style="margin-top: 0px; margin-bottom: 0px;"&gt;&amp;nbsp;&lt;/p&gt;&lt;table cellspacing="0" cellpadding="0" width="100%" border="0" align="center" style="border-collapse: collapse;"&gt;&lt;tr&gt;&lt;td&gt;&lt;/td&gt;&lt;td valign="bottom" width="28%"&gt;&lt;/td&gt;&lt;td&gt;&lt;/td&gt;&lt;td&gt;&lt;/td&gt;&lt;td&gt;&lt;/td&gt;&lt;td valign="bottom" width="28%"&gt;&lt;/td&gt;&lt;td&gt;&lt;/td&gt;&lt;td&gt;&lt;/td&gt;&lt;td&gt;&lt;/td&gt;&lt;td valign="bottom" width="28%"&gt;&lt;/td&gt;&lt;td&gt;&lt;/td&gt;&lt;td&gt;&lt;/td&gt;&lt;td&gt;&lt;/td&gt;&lt;/tr&gt;&lt;tr&gt;&lt;td valign="bottom" align="center" style="border: 1px solid rgb(0, 0, 0); padding-left: 8px;"&gt;&lt;b&gt;Equity&lt;/b&gt;&lt;/td&gt;&lt;td valign="bottom" style="border-top-width: 1px; border-top-style: solid;border-bottom-width: 1px; border-bottom-style: solid;"&gt;&amp;nbsp;&lt;/td&gt;&lt;td valign="bottom" colspan="2" align="center" style="border-top-width: 1px; border-top-style: solid;border-bottom-width: 1px; border-bottom-style: solid;"&gt;&lt;b&gt;Fixed&lt;br/&gt;Income&lt;/b&gt;&lt;/td&gt;&lt;td valign="bottom" style="border-top-width: 1px; border-top-style: solid;border-right-width: 1px; border-right-style: solid; border-bottom-width: 1px; border-bottom-style: solid;"&gt;&amp;nbsp;&lt;/td&gt;&lt;td valign="bottom" style="border-top-width: 1px; border-top-style: solid;border-bottom-width: 1px; border-bottom-style: solid;"&gt;&amp;nbsp;&lt;/td&gt;&lt;td valign="bottom" colspan="2" align="center" style="border-top-width: 1px; border-top-style: solid;border-bottom-width: 1px; border-bottom-style: solid;"&gt;&lt;b&gt;Cash/Cash&lt;br/&gt;Equivalents&lt;/b&gt;&lt;/td&gt;&lt;td valign="bottom" style="border-top-width: 1px; border-top-style: solid;border-right-width: 1px; border-right-style: solid; border-bottom-width: 1px; border-bottom-style: solid;"&gt;&amp;nbsp;&lt;/td&gt;&lt;td valign="bottom" style="border-top-width: 1px; border-top-style: solid;border-bottom-width: 1px; border-bottom-style: solid;"&gt;&amp;nbsp;&lt;/td&gt;&lt;td valign="bottom" colspan="2" align="center" style="border-top-width: 1px; border-top-style: solid;border-bottom-width: 1px; border-bottom-style: solid;"&gt;&lt;b&gt;Alternative&lt;br/&gt;Strategies&lt;/b&gt;&lt;/td&gt;&lt;td valign="bottom" style="border-top-width: 1px; border-top-style: solid;border-right-width: 1px; border-right-style: solid; border-bottom-width: 1px; border-bottom-style: solid; padding-right: 8px;"&gt;&amp;nbsp;&lt;/td&gt;&lt;/tr&gt;&lt;tr bgcolor="#cceeff"&gt;&lt;td valign="top" nowrap="nowrap" style="border-left-width: 1px; border-left-style: solid; border-right-width: 1px; border-right-style: solid; border-bottom-width: 1px; border-bottom-style: solid; padding-left: 8px;"&gt;10-25%*&lt;/td&gt;&lt;td valign="bottom" style="border-bottom-width: 1px; border-bottom-style: solid;"&gt;&amp;nbsp;&lt;/td&gt;&lt;td nowrap="nowrap" valign="bottom" style="border-bottom-width: 1px; border-bottom-style: solid;"&gt;&amp;nbsp;&lt;/td&gt;&lt;td nowrap="nowrap" valign="bottom" align="right" style="border-bottom-width: 1px; border-bottom-style: solid;"&gt;60-75&lt;/td&gt;&lt;td nowrap="nowrap" valign="bottom" style="border-right-width: 1px; border-right-style: solid; border-bottom-width: 1px; border-bottom-style: solid;"&gt;%*&amp;nbsp;&lt;/td&gt;&lt;td valign="bottom" style="border-bottom-width: 1px; border-bottom-style: solid;"&gt;&amp;nbsp;&lt;/td&gt;&lt;td nowrap="nowrap" valign="bottom" style="border-bottom-width: 1px; border-bottom-style: solid;"&gt;&amp;nbsp;&lt;/td&gt;&lt;td nowrap="nowrap" valign="bottom" align="right" style="border-bottom-width: 1px; border-bottom-style: solid;"&gt;5-15&lt;/td&gt;&lt;td nowrap="nowrap" valign="bottom" style="border-right-width: 1px; border-right-style: solid; border-bottom-width: 1px; border-bottom-style: solid;"&gt;%*&amp;nbsp;&lt;/td&gt;&lt;td valign="bottom" style="border-bottom-width: 1px; border-bottom-style: solid;"&gt;&amp;nbsp;&lt;/td&gt;&lt;td nowrap="nowrap" valign="bottom" style="border-bottom-width: 1px; border-bottom-style: solid;"&gt;&amp;nbsp;&lt;/td&gt;&lt;td nowrap="nowrap" valign="bottom" align="right" style="border-bottom-width: 1px; border-bottom-style: solid;"&gt;0-10&lt;/td&gt;&lt;td nowrap="nowrap" valign="bottom" style="border-right-width: 1px; border-right-style: solid; border-bottom-width: 1px; border-bottom-style: solid; padding-right: 8px;"&gt;%*&amp;nbsp;&lt;/td&gt;&lt;/tr&gt;&lt;/table&gt;&lt;p style="margin-top: 4px; margin-bottom: 0px;"&gt;*As a percentage of Fund net assets. Ranges include the net notional amounts of the Fund&amp;#8217;s direct investments in derivative instruments. Market appreciation or depreciation may cause the Fund to be temporarily outside the range identified in the table. Columbia Management Investment Advisers, LLC (the Investment Manager) may modify the target allocation ranges only upon approval of the Fund&amp;#8217;s Board of Trustees (the Board).&lt;/p&gt;&lt;p style="margin-top: 4px; margin-bottom: 0px;"&gt;In managing the Fund, the Investment Manager considers the independent analysis of Morningstar Associates (Morningstar), an independent investment consultant, on a broad range of aspects related to the management of the Fund including, but not limited to, the performance of the underlying funds, the types of investment categories represented by the underlying funds, and the consideration of additional underlying funds. The Investment Manager retains full discretion over the Fund&amp;#8217;s investment activities.&lt;/p&gt;&lt;p style="margin-top: 8px; margin-bottom: 0px;"&gt;The following risk is added to the &amp;#8220;Principal Risks of Investing in the Fund&amp;#8221; in the Summary of the Fund:&lt;/p&gt;&lt;p style="margin-top: 8px; margin-bottom: 0px;"&gt;&lt;b&gt;Derivatives Risk/Forward Foreign Currency Contracts Risk.&lt;/b&gt;&amp;nbsp;These instruments are a type of derivative contract whereby the Fund may agree to buy or sell a country&amp;#8217;s or region&amp;#8217;s currency at a specific price on a specific date, usually 30, 60, or 90 days in the future. These contracts may fall in value due to foreign market downswings or foreign currency value fluctuations. The Fund&amp;#8217;s investment or hedging strategies may not achieve their objective. Investment in these instruments also subjects the Fund to counterparty risk.&lt;/p&gt;&lt;p style="margin-top: 6px; margin-bottom: 0px;"&gt;&lt;u&gt;For Variable Portfolio-Moderately Conservative Portfolio&lt;/u&gt;&lt;/p&gt;&lt;p style="margin-top: 0px; margin-bottom: 0px;"&gt;The Fund is a &amp;#8220;fund of funds&amp;#8221; that seeks to achieve its objective by investing in a combination of underlying funds representing three primary asset classes: equity, fixed income and cash/cash equivalents, as well as underlying funds that pursue alternative investment strategies (alternative strategies), including those that seek investment returns uncorrelated to the broad equity and fixed income markets, as well as those providing exposure to other markets, including but not limited to absolute (positive) return strategies. The Fund may also invest in derivatives such as index futures, Treasury futures, currency forwards, index-based total return swaps and indexed-based credit default swaps. Under normal circumstances, the Fund intends to invest, directly or indirectly, in each of equity, fixed income and cash/cash equivalent asset classes and alternative strategies (each an asset class category and collectively the asset class categories) within the following target asset allocation ranges (includes investments in underlying funds and derivatives):&lt;/p&gt;&lt;p style="margin-top: 0px; margin-bottom: 0px;"&gt;&amp;nbsp;&lt;/p&gt;&lt;table cellspacing="0" cellpadding="0" width="100%" border="0" align="center" style="border-collapse: collapse;"&gt;&lt;tr&gt;&lt;td&gt;&lt;/td&gt;&lt;td valign="bottom" width="28%"&gt;&lt;/td&gt;&lt;td&gt;&lt;/td&gt;&lt;td&gt;&lt;/td&gt;&lt;td&gt;&lt;/td&gt;&lt;td valign="bottom" width="28%"&gt;&lt;/td&gt;&lt;td&gt;&lt;/td&gt;&lt;td&gt;&lt;/td&gt;&lt;td&gt;&lt;/td&gt;&lt;td valign="bottom" width="28%"&gt;&lt;/td&gt;&lt;td&gt;&lt;/td&gt;&lt;td&gt;&lt;/td&gt;&lt;td&gt;&lt;/td&gt;&lt;/tr&gt;&lt;tr&gt;&lt;td valign="bottom" align="center" style="border: 1px solid rgb(0, 0, 0); padding-left: 8px;"&gt;&lt;b&gt;Equity&lt;/b&gt;&lt;/td&gt;&lt;td valign="bottom" style="border-top-width: 1px; border-top-style: solid; border-bottom-width: 1px; border-bottom-style: solid;"&gt;&amp;nbsp;&lt;/td&gt;&lt;td valign="bottom" colspan="2" align="center" style="border-top-width: 1px; border-top-style: solid; border-bottom-width: 1px; border-bottom-style: solid;"&gt;&lt;b&gt;Fixed&lt;br/&gt;Income&lt;/b&gt;&lt;/td&gt;&lt;td valign="bottom" style="border-top-width: 1px; border-top-style: solid; border-right-width: 1px; border-right-style: solid; border-bottom-width: 1px; border-bottom-style: solid;"&gt;&amp;nbsp;&lt;/td&gt;&lt;td valign="bottom" style="border-top-width: 1px; border-top-style: solid; border-bottom-width: 1px; border-bottom-style: solid;"&gt;&amp;nbsp;&lt;/td&gt;&lt;td valign="bottom" colspan="2" align="center" style="border-top-width: 1px; border-top-style: solid; border-bottom-width: 1px; border-bottom-style: solid;"&gt;&lt;b&gt;Cash/Cash&lt;br/&gt;Equivalents&lt;/b&gt;&lt;/td&gt;&lt;td valign="bottom" style="border-top-width: 1px; border-top-style: solid; border-right-width: 1px; border-right-style: solid; border-bottom-width: 1px; border-bottom-style: solid;"&gt;&amp;nbsp;&lt;/td&gt;&lt;td valign="bottom" style="border-top-width: 1px; border-top-style: solid; border-bottom-width: 1px; border-bottom-style: solid;"&gt;&amp;nbsp;&lt;/td&gt;&lt;td valign="bottom" colspan="2" align="center" style="border-top-width: 1px; border-top-style: solid; border-bottom-width: 1px; border-bottom-style: solid;"&gt;&lt;b&gt;Alternative&lt;br/&gt;Strategies&lt;/b&gt;&lt;/td&gt;&lt;td valign="bottom" style="border-top-width: 1px; border-top-style: solid; border-right-width: 1px; border-right-style: solid; border-bottom-width: 1px; border-bottom-style: solid; padding-right: 8px;"&gt;&amp;nbsp;&lt;/td&gt;&lt;/tr&gt;&lt;tr bgcolor="#cceeff"&gt;&lt;td valign="top" nowrap="nowrap" style="border-left-width: 1px; border-left-style: solid; border-right-width: 1px; border-right-style: solid; border-bottom-width: 1px; border-bottom-style: solid; padding-left: 8px;"&gt;25-40%*&lt;/td&gt;&lt;td valign="bottom" style="border-bottom-width: 1px; border-bottom-style: solid;"&gt;&amp;nbsp;&lt;/td&gt;&lt;td nowrap="nowrap" valign="bottom" style="border-bottom-width: 1px; border-bottom-style: solid;"&gt;&amp;nbsp;&lt;/td&gt;&lt;td nowrap="nowrap" valign="bottom" align="right" style="border-bottom-width: 1px; border-bottom-style: solid;"&gt;50-65&lt;/td&gt;&lt;td nowrap="nowrap" valign="bottom" style="border-right-width: 1px; border-right-style: solid; border-bottom-width: 1px; border-bottom-style: solid;"&gt;%*&amp;nbsp;&lt;/td&gt;&lt;td valign="bottom" style="border-bottom-width: 1px; border-bottom-style: solid;"&gt;&amp;nbsp;&lt;/td&gt;&lt;td nowrap="nowrap" valign="bottom" style="border-bottom-width: 1px; border-bottom-style: solid;"&gt;&amp;nbsp;&lt;/td&gt;&lt;td nowrap="nowrap" valign="bottom" align="right" style="border-bottom-width: 1px; border-bottom-style: solid;"&gt;0-10&lt;/td&gt;&lt;td nowrap="nowrap" valign="bottom" style="border-right-width: 1px; border-right-style: solid; border-bottom-width: 1px; border-bottom-style: solid;"&gt;%*&amp;nbsp;&lt;/td&gt;&lt;td valign="bottom" style="border-bottom-width: 1px; border-bottom-style: solid;"&gt;&amp;nbsp;&lt;/td&gt;&lt;td nowrap="nowrap" valign="bottom" style="border-bottom-width: 1px; border-bottom-style: solid;"&gt;&amp;nbsp;&lt;/td&gt;&lt;td nowrap="nowrap" valign="bottom" align="right" style="border-bottom-width: 1px; border-bottom-style: solid;"&gt;0-10&lt;/td&gt;&lt;td nowrap="nowrap" valign="bottom" style="border-right-width: 1px; border-right-style: solid; border-bottom-width: 1px; border-bottom-style: solid; padding-right: 8px;"&gt;%*&amp;nbsp;&lt;/td&gt;&lt;/tr&gt;&lt;/table&gt;&lt;p style="margin-top: 4px; margin-bottom: 0px;"&gt;*As a percentage of Fund net assets. Ranges include the net notional amounts of the Fund&amp;#8217;s direct investments in derivative instruments. Market appreciation or depreciation may cause the Fund to be temporarily outside the range identified in the table. Columbia Management Investment Advisers, LLC (the Investment Manager) may modify the target allocation ranges only upon approval of the Fund&amp;#8217;s Board of Trustees (the Board).&lt;/p&gt;&lt;p style="margin-top: 4px; margin-bottom: 0px;"&gt;In managing the Fund, the Investment Manager considers the independent analysis of Morningstar Associates (Morningstar), an independent investment consultant, on a broad range of aspects related to the management of the Fund including, but not limited to, the performance of the underlying funds, the types of investment categories represented by the underlying funds, and the consideration of additional underlying funds. The Investment Manager retains full discretion over the Fund&amp;#8217;s investment activities.&lt;/p&gt;&lt;p style="margin-top: 8px; margin-bottom: 0px;"&gt;The following risk is added to the &amp;#8220;Principal Risks of Investing in the Fund&amp;#8221; in the Summary of the Fund:&lt;/p&gt;&lt;p style="margin-top: 8px; margin-bottom: 0px;"&gt;&lt;b&gt;Derivatives Risk/Forward Foreign Currency Contracts Risk.&lt;/b&gt;&amp;nbsp;These instruments are a type of derivative contract whereby the Fund may agree to buy or sell a country&amp;#8217;s or region&amp;#8217;s currency at a specific price on a specific date, usually 30, 60, or 90 days in the future. These contracts may fall in value due to foreign market downswings or foreign currency value fluctuations. The Fund&amp;#8217;s investment or hedging strategies may not achieve their objective. Investment in these instruments also subjects the Fund to counterparty risk.&lt;/p&gt;&lt;br/&gt;&lt;p style="margin-top: 0px; margin-bottom: 0px;"&gt;&lt;u&gt;For Variable Portfolio-Moderate Portfolio&lt;/u&gt;&lt;/p&gt;&lt;p style="margin-top: 0px; margin-bottom: 0px;"&gt;The Fund is a &amp;#8220;fund of funds&amp;#8221; that seeks to achieve its objective by investing in a combination of underlying funds representing three primary asset classes: equity, fixed income and cash/cash equivalents, as well as underlying funds that pursue alternative investment strategies (alternative strategies), including those that seek investment returns uncorrelated to the broad equity and fixed income markets, as well as those providing exposure to other markets, including but not limited to absolute (positive) return strategies. The Fund may also invest in derivatives such as index futures, Treasury futures, currency forwards, index-based total return swaps and indexed-based credit default swaps. Under normal circumstances, the Fund intends to invest, directly or indirectly, in each of equity, fixed income and cash/cash equivalent asset classes and alternative strategies (each an asset class category and collectively the asset class categories) within the following target asset allocation ranges (includes investments in underlying funds and derivatives):&lt;/p&gt;&lt;p style="margin-top: 0px; margin-bottom: 0px;"&gt;&amp;nbsp;&lt;/p&gt;&lt;table cellspacing="0" cellpadding="0" width="100%" border="0" align="center" style="border-collapse: collapse;"&gt;&lt;tr&gt;&lt;td&gt;&lt;/td&gt;&lt;td valign="bottom" width="28%"&gt;&lt;/td&gt;&lt;td&gt;&lt;/td&gt;&lt;td&gt;&lt;/td&gt;&lt;td&gt;&lt;/td&gt;&lt;td valign="bottom" width="28%"&gt;&lt;/td&gt;&lt;td&gt;&lt;/td&gt;&lt;td&gt;&lt;/td&gt;&lt;td&gt;&lt;/td&gt;&lt;td valign="bottom" width="28%"&gt;&lt;/td&gt;&lt;td&gt;&lt;/td&gt;&lt;td&gt;&lt;/td&gt;&lt;td&gt;&lt;/td&gt;&lt;/tr&gt;&lt;tr&gt;&lt;td valign="bottom" align="center" style="border: 1px solid rgb(0, 0, 0); padding-left: 8px;"&gt;&lt;b&gt;Equity&lt;/b&gt;&lt;/td&gt;&lt;td valign="bottom" style="border-top-width: 1px; border-top-style: solid; border-bottom-width: 1px; border-bottom-style: solid;"&gt;&amp;nbsp;&lt;/td&gt;&lt;td valign="bottom" colspan="2" align="center" style="border-top-width: 1px; border-top-style: solid; border-bottom-width: 1px; border-bottom-style: solid;"&gt;&lt;b&gt;Fixed&lt;br/&gt;Income&lt;/b&gt;&lt;/td&gt;&lt;td valign="bottom" style="border-top-width: 1px; border-top-style: solid; border-right-width: 1px; border-right-style: solid; border-bottom-width: 1px; border-bottom-style: solid;"&gt;&amp;nbsp;&lt;/td&gt;&lt;td valign="bottom" style="border-top-width: 1px; border-top-style: solid; border-bottom-width: 1px; border-bottom-style: solid;"&gt;&amp;nbsp;&lt;/td&gt;&lt;td valign="bottom" colspan="2" align="center" style="border-top-width: 1px; border-top-style: solid; border-bottom-width: 1px; border-bottom-style: solid;"&gt;&lt;b&gt;Cash/Cash&lt;br/&gt;Equivalents&lt;/b&gt;&lt;/td&gt;&lt;td valign="bottom" style="border-top-width: 1px; border-top-style: solid; border-right-width: 1px; border-right-style: solid; border-bottom-width: 1px; border-bottom-style: solid;"&gt;&amp;nbsp;&lt;/td&gt;&lt;td valign="bottom" style="border-top-width: 1px; border-top-style: solid; border-bottom-width: 1px; border-bottom-style: solid;"&gt;&amp;nbsp;&lt;/td&gt;&lt;td valign="bottom" colspan="2" align="center" style="border-top-width: 1px; border-top-style: solid; border-bottom-width: 1px; border-bottom-style: solid;"&gt;&lt;b&gt;Alternative&lt;br/&gt;Strategies&lt;/b&gt;&lt;/td&gt;&lt;td valign="bottom" style="border-top-width: 1px; border-top-style: solid; border-right-width: 1px; border-right-style: solid; border-bottom-width: 1px; border-bottom-style: solid; padding-right: 8px;"&gt;&amp;nbsp;&lt;/td&gt;&lt;/tr&gt;&lt;tr bgcolor="#cceeff"&gt;&lt;td valign="top" style="border-left-width: 1px; border-left-style: solid; border-right-width: 1px; border-right-style: solid; border-bottom-width: 1px; border-bottom-style: solid; padding-left: 8px;"&gt;40-55%*&lt;/td&gt;&lt;td valign="bottom" style="border-bottom-width: 1px; border-bottom-style: solid;"&gt;&amp;nbsp;&lt;/td&gt;&lt;td valign="bottom" style="border-bottom-width: 1px; border-bottom-style: solid;"&gt;&amp;nbsp;&lt;/td&gt;&lt;td valign="bottom" align="right" style="border-bottom-width: 1px; border-bottom-style: solid;"&gt;40-55&lt;/td&gt;&lt;td nowrap="nowrap" valign="bottom" style="border-right-width: 1px; border-right-style: solid; border-bottom-width: 1px; border-bottom-style: solid;"&gt;%*&amp;nbsp;&lt;/td&gt;&lt;td valign="bottom" style="border-bottom-width: 1px; border-bottom-style: solid;"&gt;&amp;nbsp;&lt;/td&gt;&lt;td valign="bottom" style="border-bottom-width: 1px; border-bottom-style: solid;"&gt;&amp;nbsp;&lt;/td&gt;&lt;td valign="bottom" align="right" style="border-bottom-width: 1px; border-bottom-style: solid;"&gt;0-5&lt;/td&gt;&lt;td nowrap="nowrap" valign="bottom" style="border-right-width: 1px; border-right-style: solid; border-bottom-width: 1px; border-bottom-style: solid;"&gt;%*&amp;nbsp;&lt;/td&gt;&lt;td valign="bottom" style="border-bottom-width: 1px; border-bottom-style: solid;"&gt;&amp;nbsp;&lt;/td&gt;&lt;td valign="bottom" style="border-bottom-width: 1px; border-bottom-style: solid;"&gt;&amp;nbsp;&lt;/td&gt;&lt;td valign="bottom" align="right" style="border-bottom-width: 1px; border-bottom-style: solid;"&gt;0-10&lt;/td&gt;&lt;td nowrap="nowrap" valign="bottom" style="border-right-width: 1px; border-right-style: solid; border-bottom-width: 1px; border-bottom-style: solid; padding-right: 8px;"&gt;%*&amp;nbsp;&lt;/td&gt;&lt;/tr&gt;&lt;/table&gt;&lt;p style="margin-top: 4px; margin-bottom: 0px;"&gt;*As a percentage of Fund net assets. Ranges include the net notional amounts of the Fund&amp;#8217;s direct investments in derivative instruments. Market appreciation or depreciation may cause the Fund to be temporarily outside the range identified in the table. Columbia Management Investment Advisers, LLC (the Investment Manager) may modify the target allocation ranges only upon approval of the Fund&amp;#8217;s Board of Trustees (the Board).&lt;/p&gt;&lt;p style="margin-top: 4px; margin-bottom: 0px;"&gt;In managing the Fund, the Investment Manager considers the independent analysis of Morningstar Associates (Morningstar), an independent investment consultant, on a broad range of aspects related to the management of the Fund including, but not limited to, the performance of the underlying funds, the types of investment categories represented by the underlying funds, and the consideration of additional underlying funds. The Investment Manager retains full discretion over the Fund&amp;#8217;s investment activities.&lt;/p&gt;&lt;p style="margin-bottom: 0px;"&gt;The following risk is added to the &amp;#8220;Principal Risks of Investing in the Fund&amp;#8221; in the Summary of the Fund:&lt;/p&gt;&lt;p style="margin-top: 8px; margin-bottom: 0px;"&gt;&lt;b&gt;Derivatives Risk/Forward Foreign Currency Contracts Risk.&lt;/b&gt;&amp;nbsp;These instruments are a type of derivative contract whereby the Fund may agree to buy or sell a country&amp;#8217;s or region&amp;#8217;s currency at a specific price on a specific date, usually 30, 60, or 90 days in the future. These contracts may fall in value due to foreign market downswings or foreign currency value fluctuations. The Fund&amp;#8217;s investment or hedging strategies may not achieve their objective. Investment in these instruments also subjects the Fund to counterparty risk.&lt;/p&gt;&lt;p style="margin-top: 6px; margin-bottom: 0px;"&gt;&lt;u&gt;For Variable Portfolio-Moderately Aggressive Portfolio&lt;/u&gt;&lt;/p&gt;&lt;p style="margin-top: 0px; margin-bottom: 0px;"&gt;The Fund is a &amp;#8220;fund of funds&amp;#8221; that seeks to achieve its objective by investing in a combination of underlying funds representing three primary asset classes: equity, fixed income and cash/cash equivalents, as well as underlying funds that pursue alternative investment strategies (alternative strategies), including those that seek investment returns uncorrelated to the broad equity and fixed income markets, as well as those providing exposure to other markets, including but not limited to absolute (positive) return strategies. The Fund may also invest in derivatives such as index futures, Treasury futures, currency forwards, index-based total return swaps and indexed-based credit default swaps. Under normal circumstances, the Fund intends to invest, directly or indirectly, in each of equity, fixed income and cash/cash equivalent asset classes and alternative strategies (each an asset class category and collectively the asset class categories) within the following target asset allocation ranges (includes investments in underlying funds and derivatives):&lt;/p&gt;&lt;p style="margin-top: 0px; margin-bottom: 0px;"&gt;&amp;nbsp;&lt;/p&gt;&lt;table cellspacing="0" cellpadding="0" width="100%" border="0" align="center" style="border-collapse: collapse;"&gt;&lt;tr&gt;&lt;td&gt;&lt;/td&gt;&lt;td valign="bottom" width="28%"&gt;&lt;/td&gt;&lt;td&gt;&lt;/td&gt;&lt;td&gt;&lt;/td&gt;&lt;td&gt;&lt;/td&gt;&lt;td valign="bottom" width="28%"&gt;&lt;/td&gt;&lt;td&gt;&lt;/td&gt;&lt;td&gt;&lt;/td&gt;&lt;td&gt;&lt;/td&gt;&lt;td valign="bottom" width="28%"&gt;&lt;/td&gt;&lt;td&gt;&lt;/td&gt;&lt;td&gt;&lt;/td&gt;&lt;td&gt;&lt;/td&gt;&lt;/tr&gt;&lt;tr&gt;&lt;td valign="bottom" align="center" style="border: 1px solid rgb(0, 0, 0); padding-left: 8px;"&gt;&lt;b&gt;Equity&lt;/b&gt;&lt;/td&gt;&lt;td valign="bottom" style="border-top-width: 1px; border-top-style: solid; border-bottom-width: 1px; border-bottom-style: solid;"&gt;&amp;nbsp;&lt;/td&gt;&lt;td valign="bottom" colspan="2" align="center" style="border-top-width: 1px; border-top-style: solid; border-bottom-width: 1px; border-bottom-style: solid;"&gt;&lt;b&gt;Fixed&lt;br/&gt;Income&lt;/b&gt;&lt;/td&gt;&lt;td valign="bottom" style="border-top-width: 1px; border-top-style: solid; border-right-width: 1px; border-right-style: solid; border-bottom-width: 1px; border-bottom-style: solid;"&gt;&amp;nbsp;&lt;/td&gt;&lt;td valign="bottom" style="border-top-width: 1px; border-top-style: solid; border-bottom-width: 1px; border-bottom-style: solid;"&gt;&amp;nbsp;&lt;/td&gt;&lt;td valign="bottom" colspan="2" align="center" style="border-top-width: 1px; border-top-style: solid; border-bottom-width: 1px; border-bottom-style: solid;"&gt;&lt;b&gt;Cash/Cash&lt;br/&gt;Equivalents&lt;/b&gt;&lt;/td&gt;&lt;td valign="bottom" style="border-top-width: 1px; border-top-style: solid; border-right-width: 1px; border-right-style: solid; border-bottom-width: 1px; border-bottom-style: solid;"&gt;&amp;nbsp;&lt;/td&gt;&lt;td valign="bottom" style="border-top-width: 1px; border-top-style: solid; border-bottom-width: 1px; border-bottom-style: solid;"&gt;&amp;nbsp;&lt;/td&gt;&lt;td valign="bottom" colspan="2" align="center" style="border-top-width: 1px; border-top-style: solid; border-bottom-width: 1px; border-bottom-style: solid;"&gt;&lt;b&gt;Alternative&lt;br/&gt;Strategies&lt;/b&gt;&lt;/td&gt;&lt;td valign="bottom" style="border-top-width: 1px; border-top-style: solid; border-right-width: 1px; border-right-style: solid; border-bottom-width: 1px; border-bottom-style: solid; padding-right: 8px;"&gt;&amp;nbsp;&lt;/td&gt;&lt;/tr&gt;&lt;tr bgcolor="#cceeff"&gt;&lt;td valign="top" style="border-left-width: 1px; border-left-style: solid; border-right-width: 1px; border-right-style: solid; border-bottom-width: 1px; border-bottom-style: solid; padding-left: 8px;"&gt;55-70%*&lt;/td&gt;&lt;td valign="bottom" style="border-bottom-width: 1px; border-bottom-style: solid;"&gt;&amp;nbsp;&lt;/td&gt;&lt;td valign="bottom" style="border-bottom-width: 1px; border-bottom-style: solid;"&gt;&amp;nbsp;&lt;/td&gt;&lt;td valign="bottom" align="right" style="border-bottom-width: 1px; border-bottom-style: solid;"&gt;25-40&lt;/td&gt;&lt;td nowrap="nowrap" valign="bottom" style="border-right-width: 1px; border-right-style: solid; border-bottom-width: 1px; border-bottom-style: solid;"&gt;%*&amp;nbsp;&lt;/td&gt;&lt;td valign="bottom" style="border-bottom-width: 1px; border-bottom-style: solid;"&gt;&amp;nbsp;&lt;/td&gt;&lt;td valign="bottom" style="border-bottom-width: 1px; border-bottom-style: solid;"&gt;&amp;nbsp;&lt;/td&gt;&lt;td valign="bottom" align="right" style="border-bottom-width: 1px; border-bottom-style: solid;"&gt;0-5&lt;/td&gt;&lt;td nowrap="nowrap" valign="bottom" style="border-right-width: 1px; border-right-style: solid; border-bottom-width: 1px; border-bottom-style: solid;"&gt;%*&amp;nbsp;&lt;/td&gt;&lt;td valign="bottom" style="border-bottom-width: 1px; border-bottom-style: solid;"&gt;&amp;nbsp;&lt;/td&gt;&lt;td valign="bottom" style="border-bottom-width: 1px; border-bottom-style: solid;"&gt;&amp;nbsp;&lt;/td&gt;&lt;td valign="bottom" align="right" style="border-bottom-width: 1px; border-bottom-style: solid;"&gt;0-10&lt;/td&gt;&lt;td nowrap="nowrap" valign="bottom" style="border-right-width: 1px; border-right-style: solid; border-bottom-width: 1px; border-bottom-style: solid; padding-right: 8px;"&gt;%*&amp;nbsp;&lt;/td&gt;&lt;/tr&gt;&lt;/table&gt;&lt;p style="margin-top: 4px; margin-bottom: 0px;"&gt;*As a percentage of Fund net assets. Ranges include the net notional amounts of the Fund&amp;#8217;s direct investments in derivative instruments. Market appreciation or depreciation may cause the Fund to be temporarily outside the range identified in the table. Columbia Management Investment Advisers, LLC (the Investment Manager) may modify the target allocation ranges only upon approval of the Fund&amp;#8217;s Board of Trustees (the Board).&lt;/p&gt;&lt;p style="margin-top: 4px; margin-bottom: 0px;"&gt;In managing the Fund, the Investment Manager considers the independent analysis of Morningstar Associates (Morningstar), an independent investment consultant, on a broad range of aspects related to the management of the Fund including, but not limited to, the performance of the underlying funds, the types of investment categories represented by the underlying funds, and the consideration of additional underlying funds. The Investment Manager retains full discretion over the Fund&amp;#8217;s investment activities.&lt;/p&gt;&lt;p style="margin-top: 8px; margin-bottom: 0px;"&gt;The following risk is added to the &amp;#8220;Principal Risks of Investing in the Fund&amp;#8221; in the Summary of the Fund:&lt;/p&gt;&lt;p style="margin-top: 8px; margin-bottom: 0px;"&gt;&lt;b&gt;Derivatives Risk/Forward Foreign Currency Contracts Risk.&lt;/b&gt;&amp;nbsp;These instruments are a type of derivative contract whereby the Fund may agree to buy or sell a country&amp;#8217;s or region&amp;#8217;s currency at a specific price on a specific date, usually 30, 60, or 90 days in the future. These contracts may fall in value due to foreign market downswings or foreign currency value fluctuations. The Fund&amp;#8217;s investment or hedging strategies may not achieve their objective. Investment in these instruments also subjects the Fund to counterparty risk.&lt;/p&gt;&lt;p style="margin-top: 6px; margin-bottom: 0px;"&gt;&lt;u&gt;For Variable Portfolio-Aggressive Portfolio&lt;/u&gt;&lt;/p&gt;&lt;p style="margin-top: 0px; margin-bottom: 0px;"&gt;The Fund is a &amp;#8220;fund of funds&amp;#8221; that seeks to achieve its objective by investing in a combination of underlying funds representing three primary asset classes: equity, fixed income and cash/cash equivalents, as well as underlying funds that pursue alternative investment strategies (alternative strategies), including those that seek investment returns uncorrelated to the broad equity and fixed income markets, as well as those providing exposure to other markets, including but not limited to absolute (positive) return strategies. The Fund may also invest in derivatives such as index futures, Treasury futures, currency forwards, index-based total return swaps and indexed-based credit default swaps. Under normal circumstances, the Fund intends to invest, directly or indirectly, in each of equity, fixed income and cash/cash equivalent asset classes and alternative strategies (each an asset class category and collectively the asset class categories) within the following target asset allocation ranges (includes investments in underlying funds and derivatives):&lt;/p&gt;&lt;p style="margin-top: 0px; margin-bottom: 0px;"&gt;&amp;nbsp;&lt;/p&gt;&lt;table cellspacing="0" cellpadding="0" width="100%" border="0" align="center" style="border-collapse: collapse;"&gt;&lt;tr&gt;&lt;td&gt;&lt;/td&gt;&lt;td valign="bottom" width="28%"&gt;&lt;/td&gt;&lt;td&gt;&lt;/td&gt;&lt;td&gt;&lt;/td&gt;&lt;td&gt;&lt;/td&gt;&lt;td valign="bottom" width="28%"&gt;&lt;/td&gt;&lt;td&gt;&lt;/td&gt;&lt;td&gt;&lt;/td&gt;&lt;td&gt;&lt;/td&gt;&lt;td valign="bottom" width="28%"&gt;&lt;/td&gt;&lt;td&gt;&lt;/td&gt;&lt;td&gt;&lt;/td&gt;&lt;td&gt;&lt;/td&gt;&lt;/tr&gt;&lt;tr&gt;&lt;td valign="bottom" align="center" style="border-left-width: 1px; border-left-style: solid; border-top-width: 1px; border-top-style: solid; border-bottom-width: 1px; border-bottom-style: solid; padding-left: 8px;"&gt;&lt;b&gt;Equity&lt;/b&gt;&lt;/td&gt;&lt;td valign="bottom" style="border-left-width: 1px; border-left-style: solid; border-top-width: 1px; border-top-style: solid; border-bottom-width: 1px; border-bottom-style: solid;"&gt;&amp;nbsp;&lt;/td&gt;&lt;td valign="bottom" colspan="2" align="center" style="border-top-width: 1px; border-top-style: solid; border-bottom-width: 1px; border-bottom-style: solid;"&gt;&lt;b&gt;Fixed&lt;br/&gt;Income&lt;/b&gt;&lt;/td&gt;&lt;td valign="bottom" style="border-top-width: 1px; border-top-style: solid; border-right-width: 1px; border-right-style: solid; border-bottom-width: 1px; border-bottom-style: solid;"&gt;&amp;nbsp;&lt;/td&gt;&lt;td valign="bottom" style="border-left-width: 1px; border-left-style: solid; border-top-width: 1px; border-top-style: solid; border-bottom-width: 1px; border-bottom-style: solid;"&gt;&amp;nbsp;&lt;/td&gt;&lt;td valign="bottom" colspan="2" align="center" style="border-top-width: 1px; border-top-style: solid; border-bottom-width: 1px; border-bottom-style: solid;"&gt;&lt;b&gt;Cash/Cash&lt;br/&gt;Equivalents&lt;/b&gt;&lt;/td&gt;&lt;td valign="bottom" style="border-top-width: 1px; border-top-style: solid; border-right-width: 1px; border-right-style: solid; border-bottom-width: 1px; border-bottom-style: solid;"&gt;&amp;nbsp;&lt;/td&gt;&lt;td valign="bottom" style="border-top-width: 1px; border-top-style: solid; border-bottom-width: 1px; border-bottom-style: solid;"&gt;&amp;nbsp;&lt;/td&gt;&lt;td valign="bottom" colspan="2" align="center" style="border-top-width: 1px; border-top-style: solid; border-bottom-width: 1px; border-bottom-style: solid;"&gt;&lt;b&gt;Alternative&lt;br/&gt;Strategies&lt;/b&gt;&lt;/td&gt;&lt;td valign="bottom" style="border-top-width: 1px; border-top-style: solid; border-right-width: 1px; border-right-style: solid; border-bottom-width: 1px; border-bottom-style: solid; padding-right: 8px;"&gt;&amp;nbsp;&lt;/td&gt;&lt;/tr&gt;&lt;tr bgcolor="#cceeff"&gt;&lt;td valign="top" style="border-left-width: 1px; border-left-style: solid; border-bottom-width: 1px; border-bottom-style: solid; padding-left: 8px;"&gt;70-85%*&lt;/td&gt;&lt;td valign="bottom" style="border-left-width: 1px; border-left-style: solid; border-bottom-width: 1px; border-bottom-style: solid;"&gt;&amp;nbsp;&lt;/td&gt;&lt;td valign="bottom" style="border-bottom-width: 1px; border-bottom-style: solid;"&gt;&amp;nbsp;&lt;/td&gt;&lt;td valign="bottom" align="right" style="border-bottom-width: 1px; border-bottom-style: solid;"&gt;10-25&lt;/td&gt;&lt;td nowrap="nowrap" valign="bottom" style="border-right-width: 1px; border-right-style: solid; border-bottom-width: 1px; border-bottom-style: solid;"&gt;%*&amp;nbsp;&lt;/td&gt;&lt;td valign="bottom" style="border-left-width: 1px; border-left-style: solid; border-bottom-width: 1px; border-bottom-style: solid;"&gt;&amp;nbsp;&lt;/td&gt;&lt;td valign="bottom" style="border-bottom-width: 1px; border-bottom-style: solid;"&gt;&amp;nbsp;&lt;/td&gt;&lt;td valign="bottom" align="right" style="border-bottom-width: 1px; border-bottom-style: solid;"&gt;0-5&lt;/td&gt;&lt;td nowrap="nowrap" valign="bottom" style="border-right-width: 1px; border-right-style: solid; border-bottom-width: 1px; border-bottom-style: solid;"&gt;%*&amp;nbsp;&lt;/td&gt;&lt;td valign="bottom" style="border-bottom-width: 1px; border-bottom-style: solid;"&gt;&amp;nbsp;&lt;/td&gt;&lt;td valign="bottom" style="border-bottom-width: 1px; border-bottom-style: solid;"&gt;&amp;nbsp;&lt;/td&gt;&lt;td valign="bottom" align="right" style="border-bottom-width: 1px; border-bottom-style: solid;"&gt;0-10&lt;/td&gt;&lt;td nowrap="nowrap" valign="bottom" style="border-right-width: 1px; border-right-style: solid; border-bottom-width: 1px; border-bottom-style: solid; padding-right: 8px;"&gt;%*&amp;nbsp;&lt;/td&gt;&lt;/tr&gt;&lt;/table&gt;&lt;p style="margin-top: 4px; margin-bottom: 0px;"&gt;*As a percentage of Fund net assets. Ranges include the net notional amounts of the Fund&amp;#8217;s direct investments in derivative instruments. Market appreciation or depreciation may cause the Fund to be temporarily outside the range identified in the table. Columbia Management Investment Advisers, LLC (the Investment Manager) may modify the target allocation ranges only upon approval of the Fund&amp;#8217;s Board of Trustees (the Board).&lt;/p&gt;&lt;p style="margin-top: 4px; margin-bottom: 0px;"&gt;In managing the Fund, the Investment Manager considers the independent analysis of Morningstar Associates (Morningstar), an independent investment consultant, on a broad range of aspects related to the management of the Fund including, but not limited to, the performance of the underlying funds, the types of investment categories represented by the underlying funds, and the consideration of additional underlying funds. The Investment Manager retains full discretion over the Fund&amp;#8217;s investment activities.&lt;/p&gt;&lt;p style="margin-top: 8px; margin-bottom: 0px;"&gt;The following risk is added to the &amp;#8220;Principal Risks of Investing in the Fund&amp;#8221; in the Summary of the Fund:&lt;/p&gt;&lt;p style="margin-top: 8px; margin-bottom: 0px;"&gt;&lt;b&gt;Derivatives Risk/Forward Foreign Currency Contracts Risk.&lt;/b&gt;&amp;nbsp;These instruments are a type of derivative contract whereby the Fund may agree to buy or sell a country&amp;#8217;s or region&amp;#8217;s currency at a specific price on a specific date, usually 30, 60, or 90 days in the future. These contracts may fall in value due to foreign market downswings or foreign currency value fluctuations. The Fund&amp;#8217;s investment or hedging strategies may not achieve their objective. Investment in these instruments also subjects the Fund to counterparty risk.&lt;/p&gt;</cfvst8:SupplementTextBlock>
  <cfvst8:SupplementTextBlock contextRef="Duration_02May2011_01May2012S000028683_Member">&lt;table cellspacing="0" cellpadding="0" width="100%" border="0" align="center" style="border-collapse: collapse;"&gt;&lt;tr&gt;&lt;td valign="top"&gt;&lt;p align="center" style="margin-top: 0px; margin-bottom: 0px;"&gt;&lt;b&gt;Variable Portfolio &amp;#8212; Conservative Portfolio, Variable Portfolio &amp;#8212; Moderately Conservative Portfolio, Variable Portfolio &amp;#8212;&lt;/b&gt;&lt;/p&gt;&lt;p align="center" style="margin-top: 0px; margin-bottom: 0px;"&gt;&lt;b&gt;Moderate Portfolio, Variable Portfolio &amp;#8212; Moderately Aggressive Portfolio and Variable&lt;/b&gt;&lt;/p&gt;&lt;p align="center" style="margin-top: 0px; margin-bottom: 0px;"&gt;&lt;b&gt;Portfolio &amp;#8212; Aggressive Portfolio (each a &amp;#8220;Fund,&amp;#8221; together the &amp;#8220;Funds&amp;#8221;)&lt;/b&gt;&lt;/p&gt;&lt;p align="left" style="margin-top: 0px; margin-bottom: 0px;"&gt;&amp;nbsp;&lt;/p&gt;&lt;p align="center" style="margin-top: 0px; margin-bottom: 1px;"&gt;&lt;b&gt;Supplement dated January&amp;nbsp;18, 2013 to the Funds&amp;#8217; Prospectus dated May&amp;nbsp;1, 2012, as supplemented&lt;/b&gt;&lt;/p&gt;&lt;/td&gt;&lt;/tr&gt;&lt;/table&gt;&lt;p style="margin-top: 8px; margin-bottom: 0px;"&gt;The &amp;#8220;Principal Investment Strategies of the Fund&amp;#8221; in the Summary of the Fund is superseded and replaced as follows:&lt;/p&gt;&lt;p style="margin-top: 6px; margin-bottom: 0px;"&gt;&lt;u&gt;For Variable Portfolio-Aggressive Portfolio&lt;/u&gt;&lt;/p&gt;&lt;p style="margin-top: 0px; margin-bottom: 0px;"&gt;The Fund is a &amp;#8220;fund of funds&amp;#8221; that seeks to achieve its objective by investing in a combination of underlying funds representing three primary asset classes: equity, fixed income and cash/cash equivalents, as well as underlying funds that pursue alternative investment strategies (alternative strategies), including those that seek investment returns uncorrelated to the broad equity and fixed income markets, as well as those providing exposure to other markets, including but not limited to absolute (positive) return strategies. The Fund may also invest in derivatives such as index futures, Treasury futures, currency forwards, index-based total return swaps and indexed-based credit default swaps. Under normal circumstances, the Fund intends to invest, directly or indirectly, in each of equity, fixed income and cash/cash equivalent asset classes and alternative strategies (each an asset class category and collectively the asset class categories) within the following target asset allocation ranges (includes investments in underlying funds and derivatives):&lt;/p&gt;&lt;p style="margin-top: 0px; margin-bottom: 0px;"&gt;&amp;nbsp;&lt;/p&gt;&lt;table cellspacing="0" cellpadding="0" width="100%" border="0" align="center" style="border-collapse: collapse;"&gt;&lt;tr&gt;&lt;td&gt;&lt;/td&gt;&lt;td valign="bottom" width="28%"&gt;&lt;/td&gt;&lt;td&gt;&lt;/td&gt;&lt;td&gt;&lt;/td&gt;&lt;td&gt;&lt;/td&gt;&lt;td valign="bottom" width="28%"&gt;&lt;/td&gt;&lt;td&gt;&lt;/td&gt;&lt;td&gt;&lt;/td&gt;&lt;td&gt;&lt;/td&gt;&lt;td valign="bottom" width="28%"&gt;&lt;/td&gt;&lt;td&gt;&lt;/td&gt;&lt;td&gt;&lt;/td&gt;&lt;td&gt;&lt;/td&gt;&lt;/tr&gt;&lt;tr&gt;&lt;td valign="bottom" align="center" style="border-left-width: 1px; border-left-style: solid; border-top-width: 1px; border-top-style: solid; border-bottom-width: 1px; border-bottom-style: solid; padding-left: 8px;"&gt;&lt;b&gt;Equity&lt;/b&gt;&lt;/td&gt;&lt;td valign="bottom" style="border-left-width: 1px; border-left-style: solid; border-top-width: 1px; border-top-style: solid; border-bottom-width: 1px; border-bottom-style: solid;"&gt;&amp;nbsp;&lt;/td&gt;&lt;td valign="bottom" colspan="2" align="center" style="border-top-width: 1px; border-top-style: solid; border-bottom-width: 1px; border-bottom-style: solid;"&gt;&lt;b&gt;Fixed&lt;br/&gt;Income&lt;/b&gt;&lt;/td&gt;&lt;td valign="bottom" style="border-top-width: 1px; border-top-style: solid; border-right-width: 1px; border-right-style: solid; border-bottom-width: 1px; border-bottom-style: solid;"&gt;&amp;nbsp;&lt;/td&gt;&lt;td valign="bottom" style="border-left-width: 1px; border-left-style: solid; border-top-width: 1px; border-top-style: solid; border-bottom-width: 1px; border-bottom-style: solid;"&gt;&amp;nbsp;&lt;/td&gt;&lt;td valign="bottom" colspan="2" align="center" style="border-top-width: 1px; border-top-style: solid; border-bottom-width: 1px; border-bottom-style: solid;"&gt;&lt;b&gt;Cash/Cash&lt;br/&gt;Equivalents&lt;/b&gt;&lt;/td&gt;&lt;td valign="bottom" style="border-top-width: 1px; border-top-style: solid; border-right-width: 1px; border-right-style: solid; border-bottom-width: 1px; border-bottom-style: solid;"&gt;&amp;nbsp;&lt;/td&gt;&lt;td valign="bottom" style="border-top-width: 1px; border-top-style: solid; border-bottom-width: 1px; border-bottom-style: solid;"&gt;&amp;nbsp;&lt;/td&gt;&lt;td valign="bottom" colspan="2" align="center" style="border-top-width: 1px; border-top-style: solid; border-bottom-width: 1px; border-bottom-style: solid;"&gt;&lt;b&gt;Alternative&lt;br/&gt;Strategies&lt;/b&gt;&lt;/td&gt;&lt;td valign="bottom" style="border-top-width: 1px; border-top-style: solid; border-right-width: 1px; border-right-style: solid; border-bottom-width: 1px; border-bottom-style: solid; padding-right: 8px;"&gt;&amp;nbsp;&lt;/td&gt;&lt;/tr&gt;&lt;tr bgcolor="#cceeff"&gt;&lt;td valign="top" style="border-left-width: 1px; border-left-style: solid; border-bottom-width: 1px; border-bottom-style: solid; padding-left: 8px;"&gt;70-85%*&lt;/td&gt;&lt;td valign="bottom" style="border-left-width: 1px; border-left-style: solid; border-bottom-width: 1px; border-bottom-style: solid;"&gt;&amp;nbsp;&lt;/td&gt;&lt;td valign="bottom" style="border-bottom-width: 1px; border-bottom-style: solid;"&gt;&amp;nbsp;&lt;/td&gt;&lt;td valign="bottom" align="right" style="border-bottom-width: 1px; border-bottom-style: solid;"&gt;10-25&lt;/td&gt;&lt;td nowrap="nowrap" valign="bottom" style="border-right-width: 1px; border-right-style: solid; border-bottom-width: 1px; border-bottom-style: solid;"&gt;%*&amp;nbsp;&lt;/td&gt;&lt;td valign="bottom" style="border-left-width: 1px; border-left-style: solid; border-bottom-width: 1px; border-bottom-style: solid;"&gt;&amp;nbsp;&lt;/td&gt;&lt;td valign="bottom" style="border-bottom-width: 1px; border-bottom-style: solid;"&gt;&amp;nbsp;&lt;/td&gt;&lt;td valign="bottom" align="right" style="border-bottom-width: 1px; border-bottom-style: solid;"&gt;0-5&lt;/td&gt;&lt;td nowrap="nowrap" valign="bottom" style="border-right-width: 1px; border-right-style: solid; border-bottom-width: 1px; border-bottom-style: solid;"&gt;%*&amp;nbsp;&lt;/td&gt;&lt;td valign="bottom" style="border-bottom-width: 1px; border-bottom-style: solid;"&gt;&amp;nbsp;&lt;/td&gt;&lt;td valign="bottom" style="border-bottom-width: 1px; border-bottom-style: solid;"&gt;&amp;nbsp;&lt;/td&gt;&lt;td valign="bottom" align="right" style="border-bottom-width: 1px; border-bottom-style: solid;"&gt;0-10&lt;/td&gt;&lt;td nowrap="nowrap" valign="bottom" style="border-right-width: 1px; border-right-style: solid; border-bottom-width: 1px; border-bottom-style: solid; padding-right: 8px;"&gt;%*&amp;nbsp;&lt;/td&gt;&lt;/tr&gt;&lt;/table&gt;&lt;p style="margin-top: 4px; margin-bottom: 0px;"&gt;*As a percentage of Fund net assets. Ranges include the net notional amounts of the Fund&amp;#8217;s direct investments in derivative instruments. Market appreciation or depreciation may cause the Fund to be temporarily outside the range identified in the table. Columbia Management Investment Advisers, LLC (the Investment Manager) may modify the target allocation ranges only upon approval of the Fund&amp;#8217;s Board of Trustees (the Board).&lt;/p&gt;&lt;p style="margin-top: 4px; margin-bottom: 0px;"&gt;In managing the Fund, the Investment Manager considers the independent analysis of Morningstar Associates (Morningstar), an independent investment consultant, on a broad range of aspects related to the management of the Fund including, but not limited to, the performance of the underlying funds, the types of investment categories represented by the underlying funds, and the consideration of additional underlying funds. The Investment Manager retains full discretion over the Fund&amp;#8217;s investment activities.&lt;/p&gt;&lt;p style="margin-top: 8px; margin-bottom: 0px;"&gt;The following risk is added to the &amp;#8220;Principal Risks of Investing in the Fund&amp;#8221; in the Summary of the Fund:&lt;/p&gt;&lt;p style="margin-top: 8px; margin-bottom: 0px;"&gt;&lt;b&gt;Derivatives Risk/Forward Foreign Currency Contracts Risk.&lt;/b&gt;&amp;nbsp;These instruments are a type of derivative contract whereby the Fund may agree to buy or sell a country&amp;#8217;s or region&amp;#8217;s currency at a specific price on a specific date, usually 30, 60, or 90 days in the future. These contracts may fall in value due to foreign market downswings or foreign currency value fluctuations. The Fund&amp;#8217;s investment or hedging strategies may not achieve their objective. Investment in these instruments also subjects the Fund to counterparty risk.&lt;/p&gt;</cfvst8:SupplementTextBlock>
  <cfvst8:SupplementTextBlock contextRef="Duration_02May2011_01May2012S000028704_Member">&lt;table cellspacing="0" cellpadding="0" width="100%" border="0" align="center" style="border-collapse: collapse;"&gt;&lt;tr&gt;&lt;td valign="top"&gt;&lt;p align="center" style="margin-top: 0px; margin-bottom: 0px;"&gt;&lt;b&gt;Variable Portfolio &amp;#8212; Conservative Portfolio, Variable Portfolio &amp;#8212; Moderately Conservative Portfolio, Variable Portfolio &amp;#8212;&lt;/b&gt;&lt;/p&gt;&lt;p align="center" style="margin-top: 0px; margin-bottom: 0px;"&gt;&lt;b&gt;Moderate Portfolio, Variable Portfolio &amp;#8212; Moderately Aggressive Portfolio and Variable&lt;/b&gt;&lt;/p&gt;&lt;p align="center" style="margin-top: 0px; margin-bottom: 0px;"&gt;&lt;b&gt;Portfolio &amp;#8212; Aggressive Portfolio (each a &amp;#8220;Fund,&amp;#8221; together the &amp;#8220;Funds&amp;#8221;)&lt;/b&gt;&lt;/p&gt;&lt;p align="left" style="margin-top: 0px; margin-bottom: 0px;"&gt;&amp;nbsp;&lt;/p&gt;&lt;p align="center" style="margin-top: 0px; margin-bottom: 1px;"&gt;&lt;b&gt;Supplement dated January&amp;nbsp;18, 2013 to the Funds&amp;#8217; Prospectus dated May&amp;nbsp;1, 2012, as supplemented&lt;/b&gt;&lt;/p&gt;&lt;/td&gt;&lt;/tr&gt;&lt;/table&gt;&lt;p style="margin-top: 8px; margin-bottom: 0px;"&gt;The &amp;#8220;Principal Investment Strategies of the Fund&amp;#8221; in the Summary of the Fund is superseded and replaced as follows:&lt;/p&gt;&lt;p style="margin-top: 6px; margin-bottom: 0px;"&gt;&lt;u&gt;For Variable Portfolio-Conservative Portfolio&lt;/u&gt;&lt;/p&gt;&lt;p style="margin-top: 0px; margin-bottom: 0px;"&gt;The Fund is a &amp;#8220;fund of funds&amp;#8221; that seeks to achieve its objective by investing in a combination of underlying funds representing three primary asset classes: equity, fixed income and cash/cash equivalents, as well as underlying funds that pursue alternative investment strategies (alternative strategies), including those that seek investment returns uncorrelated to the broad equity and fixed income markets, as well as those providing exposure to other markets, including but not limited to absolute (positive) return strategies. The Fund may also invest in derivatives such as index futures, Treasury futures, currency forwards, index-based total return swaps and indexed-based credit default swaps. Under normal circumstances, the Fund intends to invest, directly or indirectly, in each of equity, fixed income and cash/cash equivalent asset classes and alternative strategies (each an asset class category and collectively the asset class categories) within the following target asset allocation ranges (includes investments in underlying funds and derivatives):&lt;/p&gt;&lt;p style="margin-top: 0px; margin-bottom: 0px;"&gt;&amp;nbsp;&lt;/p&gt;&lt;table cellspacing="0" cellpadding="0" width="100%" border="0" align="center" style="border-collapse: collapse;"&gt;&lt;tr&gt;&lt;td&gt;&lt;/td&gt;&lt;td valign="bottom" width="28%"&gt;&lt;/td&gt;&lt;td&gt;&lt;/td&gt;&lt;td&gt;&lt;/td&gt;&lt;td&gt;&lt;/td&gt;&lt;td valign="bottom" width="28%"&gt;&lt;/td&gt;&lt;td&gt;&lt;/td&gt;&lt;td&gt;&lt;/td&gt;&lt;td&gt;&lt;/td&gt;&lt;td valign="bottom" width="28%"&gt;&lt;/td&gt;&lt;td&gt;&lt;/td&gt;&lt;td&gt;&lt;/td&gt;&lt;td&gt;&lt;/td&gt;&lt;/tr&gt;&lt;tr&gt;&lt;td valign="bottom" align="center" style="border: 1px solid rgb(0, 0, 0); padding-left: 8px;"&gt;&lt;b&gt;Equity&lt;/b&gt;&lt;/td&gt;&lt;td valign="bottom" style="border-top-width: 1px; border-top-style: solid;border-bottom-width: 1px; border-bottom-style: solid;"&gt;&amp;nbsp;&lt;/td&gt;&lt;td valign="bottom" colspan="2" align="center" style="border-top-width: 1px; border-top-style: solid;border-bottom-width: 1px; border-bottom-style: solid;"&gt;&lt;b&gt;Fixed&lt;br/&gt;Income&lt;/b&gt;&lt;/td&gt;&lt;td valign="bottom" style="border-top-width: 1px; border-top-style: solid;border-right-width: 1px; border-right-style: solid; border-bottom-width: 1px; border-bottom-style: solid;"&gt;&amp;nbsp;&lt;/td&gt;&lt;td valign="bottom" style="border-top-width: 1px; border-top-style: solid;border-bottom-width: 1px; border-bottom-style: solid;"&gt;&amp;nbsp;&lt;/td&gt;&lt;td valign="bottom" colspan="2" align="center" style="border-top-width: 1px; border-top-style: solid;border-bottom-width: 1px; border-bottom-style: solid;"&gt;&lt;b&gt;Cash/Cash&lt;br/&gt;Equivalents&lt;/b&gt;&lt;/td&gt;&lt;td valign="bottom" style="border-top-width: 1px; border-top-style: solid;border-right-width: 1px; border-right-style: solid; border-bottom-width: 1px; border-bottom-style: solid;"&gt;&amp;nbsp;&lt;/td&gt;&lt;td valign="bottom" style="border-top-width: 1px; border-top-style: solid;border-bottom-width: 1px; border-bottom-style: solid;"&gt;&amp;nbsp;&lt;/td&gt;&lt;td valign="bottom" colspan="2" align="center" style="border-top-width: 1px; border-top-style: solid;border-bottom-width: 1px; border-bottom-style: solid;"&gt;&lt;b&gt;Alternative&lt;br/&gt;Strategies&lt;/b&gt;&lt;/td&gt;&lt;td valign="bottom" style="border-top-width: 1px; border-top-style: solid;border-right-width: 1px; border-right-style: solid; border-bottom-width: 1px; border-bottom-style: solid; padding-right: 8px;"&gt;&amp;nbsp;&lt;/td&gt;&lt;/tr&gt;&lt;tr bgcolor="#cceeff"&gt;&lt;td valign="top" nowrap="nowrap" style="border-left-width: 1px; border-left-style: solid; border-right-width: 1px; border-right-style: solid; border-bottom-width: 1px; border-bottom-style: solid; padding-left: 8px;"&gt;10-25%*&lt;/td&gt;&lt;td valign="bottom" style="border-bottom-width: 1px; border-bottom-style: solid;"&gt;&amp;nbsp;&lt;/td&gt;&lt;td nowrap="nowrap" valign="bottom" style="border-bottom-width: 1px; border-bottom-style: solid;"&gt;&amp;nbsp;&lt;/td&gt;&lt;td nowrap="nowrap" valign="bottom" align="right" style="border-bottom-width: 1px; border-bottom-style: solid;"&gt;60-75&lt;/td&gt;&lt;td nowrap="nowrap" valign="bottom" style="border-right-width: 1px; border-right-style: solid; border-bottom-width: 1px; border-bottom-style: solid;"&gt;%*&amp;nbsp;&lt;/td&gt;&lt;td valign="bottom" style="border-bottom-width: 1px; border-bottom-style: solid;"&gt;&amp;nbsp;&lt;/td&gt;&lt;td nowrap="nowrap" valign="bottom" style="border-bottom-width: 1px; border-bottom-style: solid;"&gt;&amp;nbsp;&lt;/td&gt;&lt;td nowrap="nowrap" valign="bottom" align="right" style="border-bottom-width: 1px; border-bottom-style: solid;"&gt;5-15&lt;/td&gt;&lt;td nowrap="nowrap" valign="bottom" style="border-right-width: 1px; border-right-style: solid; border-bottom-width: 1px; border-bottom-style: solid;"&gt;%*&amp;nbsp;&lt;/td&gt;&lt;td valign="bottom" style="border-bottom-width: 1px; border-bottom-style: solid;"&gt;&amp;nbsp;&lt;/td&gt;&lt;td nowrap="nowrap" valign="bottom" style="border-bottom-width: 1px; border-bottom-style: solid;"&gt;&amp;nbsp;&lt;/td&gt;&lt;td nowrap="nowrap" valign="bottom" align="right" style="border-bottom-width: 1px; border-bottom-style: solid;"&gt;0-10&lt;/td&gt;&lt;td nowrap="nowrap" valign="bottom" style="border-right-width: 1px; border-right-style: solid; border-bottom-width: 1px; border-bottom-style: solid; padding-right: 8px;"&gt;%*&amp;nbsp;&lt;/td&gt;&lt;/tr&gt;&lt;/table&gt;&lt;p style="margin-top: 4px; margin-bottom: 0px;"&gt;*As a percentage of Fund net assets. Ranges include the net notional amounts of the Fund&amp;#8217;s direct investments in derivative instruments. Market appreciation or depreciation may cause the Fund to be temporarily outside the range identified in the table. Columbia Management Investment Advisers, LLC (the Investment Manager) may modify the target allocation ranges only upon approval of the Fund&amp;#8217;s Board of Trustees (the Board).&lt;/p&gt;&lt;p style="margin-top: 4px; margin-bottom: 0px;"&gt;In managing the Fund, the Investment Manager considers the independent analysis of Morningstar Associates (Morningstar), an independent investment consultant, on a broad range of aspects related to the management of the Fund including, but not limited to, the performance of the underlying funds, the types of investment categories represented by the underlying funds, and the consideration of additional underlying funds. The Investment Manager retains full discretion over the Fund&amp;#8217;s investment activities.&lt;/p&gt;&lt;p style="margin-top: 8px; margin-bottom: 0px;"&gt;The following risk is added to the &amp;#8220;Principal Risks of Investing in the Fund&amp;#8221; in the Summary of the Fund:&lt;/p&gt;&lt;p style="margin-top: 8px; margin-bottom: 0px;"&gt;&lt;b&gt;Derivatives Risk/Forward Foreign Currency Contracts Risk.&lt;/b&gt;&amp;nbsp;These instruments are a type of derivative contract whereby the Fund may agree to buy or sell a country&amp;#8217;s or region&amp;#8217;s currency at a specific price on a specific date, usually 30, 60, or 90 days in the future. These contracts may fall in value due to foreign market downswings or foreign currency value fluctuations. The Fund&amp;#8217;s investment or hedging strategies may not achieve their objective. Investment in these instruments also subjects the Fund to counterparty risk.&lt;/p&gt;</cfvst8:SupplementTextBlock>
  <cfvst8:SupplementTextBlock contextRef="Duration_02May2011_01May2012S000028703_Member">&lt;table cellspacing="0" cellpadding="0" width="100%" border="0" align="center" style="border-collapse: collapse;"&gt;&lt;tr&gt;&lt;td valign="top"&gt;&lt;p align="center" style="margin-top: 0px; margin-bottom: 0px;"&gt;&lt;b&gt;Variable Portfolio &amp;#8212; Conservative Portfolio, Variable Portfolio &amp;#8212; Moderately Conservative Portfolio, Variable Portfolio &amp;#8212;&lt;/b&gt;&lt;/p&gt;&lt;p align="center" style="margin-top: 0px; margin-bottom: 0px;"&gt;&lt;b&gt;Moderate Portfolio, Variable Portfolio &amp;#8212; Moderately Aggressive Portfolio and Variable&lt;/b&gt;&lt;/p&gt;&lt;p align="center" style="margin-top: 0px; margin-bottom: 0px;"&gt;&lt;b&gt;Portfolio &amp;#8212; Aggressive Portfolio (each a &amp;#8220;Fund,&amp;#8221; together the &amp;#8220;Funds&amp;#8221;)&lt;/b&gt;&lt;/p&gt;&lt;p align="left" style="margin-top: 0px; margin-bottom: 0px;"&gt;&amp;nbsp;&lt;/p&gt;&lt;p align="center" style="margin-top: 0px; margin-bottom: 1px;"&gt;&lt;b&gt;Supplement dated January&amp;nbsp;18, 2013 to the Funds&amp;#8217; Prospectus dated May&amp;nbsp;1, 2012, as supplemented&lt;/b&gt;&lt;/p&gt;&lt;/td&gt;&lt;/tr&gt;&lt;/table&gt;&lt;p style="margin-top: 8px; margin-bottom: 0px;"&gt;The &amp;#8220;Principal Investment Strategies of the Fund&amp;#8221; in the Summary of the Fund is superseded and replaced as follows:&lt;/p&gt;&lt;p style="margin-top: 6px; margin-bottom: 0px;"&gt;&lt;u&gt;For Variable Portfolio-Moderately Conservative Portfolio&lt;/u&gt;&lt;/p&gt;&lt;p style="margin-top: 0px; margin-bottom: 0px;"&gt;The Fund is a &amp;#8220;fund of funds&amp;#8221; that seeks to achieve its objective by investing in a combination of underlying funds representing three primary asset classes: equity, fixed income and cash/cash equivalents, as well as underlying funds that pursue alternative investment strategies (alternative strategies), including those that seek investment returns uncorrelated to the broad equity and fixed income markets, as well as those providing exposure to other markets, including but not limited to absolute (positive) return strategies. The Fund may also invest in derivatives such as index futures, Treasury futures, currency forwards, index-based total return swaps and indexed-based credit default swaps. Under normal circumstances, the Fund intends to invest, directly or indirectly, in each of equity, fixed income and cash/cash equivalent asset classes and alternative strategies (each an asset class category and collectively the asset class categories) within the following target asset allocation ranges (includes investments in underlying funds and derivatives):&lt;/p&gt;&lt;p style="margin-top: 0px; margin-bottom: 0px;"&gt;&amp;nbsp;&lt;/p&gt;&lt;table cellspacing="0" cellpadding="0" width="100%" border="0" align="center" style="border-collapse: collapse;"&gt;&lt;tr&gt;&lt;td&gt;&lt;/td&gt;&lt;td valign="bottom" width="28%"&gt;&lt;/td&gt;&lt;td&gt;&lt;/td&gt;&lt;td&gt;&lt;/td&gt;&lt;td&gt;&lt;/td&gt;&lt;td valign="bottom" width="28%"&gt;&lt;/td&gt;&lt;td&gt;&lt;/td&gt;&lt;td&gt;&lt;/td&gt;&lt;td&gt;&lt;/td&gt;&lt;td valign="bottom" width="28%"&gt;&lt;/td&gt;&lt;td&gt;&lt;/td&gt;&lt;td&gt;&lt;/td&gt;&lt;td&gt;&lt;/td&gt;&lt;/tr&gt;&lt;tr&gt;&lt;td valign="bottom" align="center" style="border: 1px solid rgb(0, 0, 0); padding-left: 8px;"&gt;&lt;b&gt;Equity&lt;/b&gt;&lt;/td&gt;&lt;td valign="bottom" style="border-top-width: 1px; border-top-style: solid; border-bottom-width: 1px; border-bottom-style: solid;"&gt;&amp;nbsp;&lt;/td&gt;&lt;td valign="bottom" colspan="2" align="center" style="border-top-width: 1px; border-top-style: solid; border-bottom-width: 1px; border-bottom-style: solid;"&gt;&lt;b&gt;Fixed&lt;br/&gt;Income&lt;/b&gt;&lt;/td&gt;&lt;td valign="bottom" style="border-top-width: 1px; border-top-style: solid; border-right-width: 1px; border-right-style: solid; border-bottom-width: 1px; border-bottom-style: solid;"&gt;&amp;nbsp;&lt;/td&gt;&lt;td valign="bottom" style="border-top-width: 1px; border-top-style: solid; border-bottom-width: 1px; border-bottom-style: solid;"&gt;&amp;nbsp;&lt;/td&gt;&lt;td valign="bottom" colspan="2" align="center" style="border-top-width: 1px; border-top-style: solid; border-bottom-width: 1px; border-bottom-style: solid;"&gt;&lt;b&gt;Cash/Cash&lt;br/&gt;Equivalents&lt;/b&gt;&lt;/td&gt;&lt;td valign="bottom" style="border-top-width: 1px; border-top-style: solid; border-right-width: 1px; border-right-style: solid; border-bottom-width: 1px; border-bottom-style: solid;"&gt;&amp;nbsp;&lt;/td&gt;&lt;td valign="bottom" style="border-top-width: 1px; border-top-style: solid; border-bottom-width: 1px; border-bottom-style: solid;"&gt;&amp;nbsp;&lt;/td&gt;&lt;td valign="bottom" colspan="2" align="center" style="border-top-width: 1px; border-top-style: solid; border-bottom-width: 1px; border-bottom-style: solid;"&gt;&lt;b&gt;Alternative&lt;br/&gt;Strategies&lt;/b&gt;&lt;/td&gt;&lt;td valign="bottom" style="border-top-width: 1px; border-top-style: solid; border-right-width: 1px; border-right-style: solid; border-bottom-width: 1px; border-bottom-style: solid; padding-right: 8px;"&gt;&amp;nbsp;&lt;/td&gt;&lt;/tr&gt;&lt;tr bgcolor="#cceeff"&gt;&lt;td valign="top" nowrap="nowrap" style="border-left-width: 1px; border-left-style: solid; border-right-width: 1px; border-right-style: solid; border-bottom-width: 1px; border-bottom-style: solid; padding-left: 8px;"&gt;25-40%*&lt;/td&gt;&lt;td valign="bottom" style="border-bottom-width: 1px; border-bottom-style: solid;"&gt;&amp;nbsp;&lt;/td&gt;&lt;td nowrap="nowrap" valign="bottom" style="border-bottom-width: 1px; border-bottom-style: solid;"&gt;&amp;nbsp;&lt;/td&gt;&lt;td nowrap="nowrap" valign="bottom" align="right" style="border-bottom-width: 1px; border-bottom-style: solid;"&gt;50-65&lt;/td&gt;&lt;td nowrap="nowrap" valign="bottom" style="border-right-width: 1px; border-right-style: solid; border-bottom-width: 1px; border-bottom-style: solid;"&gt;%*&amp;nbsp;&lt;/td&gt;&lt;td valign="bottom" style="border-bottom-width: 1px; border-bottom-style: solid;"&gt;&amp;nbsp;&lt;/td&gt;&lt;td nowrap="nowrap" valign="bottom" style="border-bottom-width: 1px; border-bottom-style: solid;"&gt;&amp;nbsp;&lt;/td&gt;&lt;td nowrap="nowrap" valign="bottom" align="right" style="border-bottom-width: 1px; border-bottom-style: solid;"&gt;0-10&lt;/td&gt;&lt;td nowrap="nowrap" valign="bottom" style="border-right-width: 1px; border-right-style: solid; border-bottom-width: 1px; border-bottom-style: solid;"&gt;%*&amp;nbsp;&lt;/td&gt;&lt;td valign="bottom" style="border-bottom-width: 1px; border-bottom-style: solid;"&gt;&amp;nbsp;&lt;/td&gt;&lt;td nowrap="nowrap" valign="bottom" style="border-bottom-width: 1px; border-bottom-style: solid;"&gt;&amp;nbsp;&lt;/td&gt;&lt;td nowrap="nowrap" valign="bottom" align="right" style="border-bottom-width: 1px; border-bottom-style: solid;"&gt;0-10&lt;/td&gt;&lt;td nowrap="nowrap" valign="bottom" style="border-right-width: 1px; border-right-style: solid; border-bottom-width: 1px; border-bottom-style: solid; padding-right: 8px;"&gt;%*&amp;nbsp;&lt;/td&gt;&lt;/tr&gt;&lt;/table&gt;&lt;p style="margin-top: 4px; margin-bottom: 0px;"&gt;*As a percentage of Fund net assets. Ranges include the net notional amounts of the Fund&amp;#8217;s direct investments in derivative instruments. Market appreciation or depreciation may cause the Fund to be temporarily outside the range identified in the table. Columbia Management Investment Advisers, LLC (the Investment Manager) may modify the target allocation ranges only upon approval of the Fund&amp;#8217;s Board of Trustees (the Board).&lt;/p&gt;&lt;p style="margin-top: 4px; margin-bottom: 0px;"&gt;In managing the Fund, the Investment Manager considers the independent analysis of Morningstar Associates (Morningstar), an independent investment consultant, on a broad range of aspects related to the management of the Fund including, but not limited to, the performance of the underlying funds, the types of investment categories represented by the underlying funds, and the consideration of additional underlying funds. The Investment Manager retains full discretion over the Fund&amp;#8217;s investment activities.&lt;/p&gt;&lt;p style="margin-top: 8px; margin-bottom: 0px;"&gt;The following risk is added to the &amp;#8220;Principal Risks of Investing in the Fund&amp;#8221; in the Summary of the Fund:&lt;/p&gt;&lt;p style="margin-top: 8px; margin-bottom: 0px;"&gt;&lt;b&gt;Derivatives Risk/Forward Foreign Currency Contracts Risk.&lt;/b&gt;&amp;nbsp;These instruments are a type of derivative contract whereby the Fund may agree to buy or sell a country&amp;#8217;s or region&amp;#8217;s currency at a specific price on a specific date, usually 30, 60, or 90 days in the future. These contracts may fall in value due to foreign market downswings or foreign currency value fluctuations. The Fund&amp;#8217;s investment or hedging strategies may not achieve their objective. Investment in these instruments also subjects the Fund to counterparty risk.&lt;/p&gt;</cfvst8:SupplementTextBlock>
  <cfvst8:SupplementTextBlock contextRef="Duration_02May2011_01May2012S000028702_Member">&lt;table cellspacing="0" cellpadding="0" width="100%" border="0" align="center" style="border-collapse: collapse;"&gt;&lt;tr&gt;&lt;td valign="top"&gt;&lt;p align="center" style="margin-top: 0px; margin-bottom: 0px;"&gt;&lt;b&gt;Variable Portfolio &amp;#8212; Conservative Portfolio, Variable Portfolio &amp;#8212; Moderately Conservative Portfolio, Variable Portfolio &amp;#8212;&lt;/b&gt;&lt;/p&gt;&lt;p align="center" style="margin-top: 0px; margin-bottom: 0px;"&gt;&lt;b&gt;Moderate Portfolio, Variable Portfolio &amp;#8212; Moderately Aggressive Portfolio and Variable&lt;/b&gt;&lt;/p&gt;&lt;p align="center" style="margin-top: 0px; margin-bottom: 0px;"&gt;&lt;b&gt;Portfolio &amp;#8212; Aggressive Portfolio (each a &amp;#8220;Fund,&amp;#8221; together the &amp;#8220;Funds&amp;#8221;)&lt;/b&gt;&lt;/p&gt;&lt;p align="left" style="margin-top: 0px; margin-bottom: 0px;"&gt;&amp;nbsp;&lt;/p&gt;&lt;p align="center" style="margin-top: 0px; margin-bottom: 1px;"&gt;&lt;b&gt;Supplement dated January&amp;nbsp;18, 2013 to the Funds&amp;#8217; Prospectus dated May&amp;nbsp;1, 2012, as supplemented&lt;/b&gt;&lt;/p&gt;&lt;/td&gt;&lt;/tr&gt;&lt;/table&gt;&lt;p style="margin-top: 8px; margin-bottom: 0px;"&gt;The &amp;#8220;Principal Investment Strategies of the Fund&amp;#8221; in the Summary of the Fund is superseded and replaced as follows:&lt;/p&gt;&lt;p style="margin-top: 0px; margin-bottom: 0px;"&gt;&lt;u&gt;For Variable Portfolio-Moderate Portfolio&lt;/u&gt;&lt;/p&gt;&lt;p style="margin-top: 0px; margin-bottom: 0px;"&gt;The Fund is a &amp;#8220;fund of funds&amp;#8221; that seeks to achieve its objective by investing in a combination of underlying funds representing three primary asset classes: equity, fixed income and cash/cash equivalents, as well as underlying funds that pursue alternative investment strategies (alternative strategies), including those that seek investment returns uncorrelated to the broad equity and fixed income markets, as well as those providing exposure to other markets, including but not limited to absolute (positive) return strategies. The Fund may also invest in derivatives such as index futures, Treasury futures, currency forwards, index-based total return swaps and indexed-based credit default swaps. Under normal circumstances, the Fund intends to invest, directly or indirectly, in each of equity, fixed income and cash/cash equivalent asset classes and alternative strategies (each an asset class category and collectively the asset class categories) within the following target asset allocation ranges (includes investments in underlying funds and derivatives):&lt;/p&gt;&lt;p style="margin-top: 0px; margin-bottom: 0px;"&gt;&amp;nbsp;&lt;/p&gt;&lt;table cellspacing="0" cellpadding="0" width="100%" border="0" align="center" style="border-collapse: collapse;"&gt;&lt;tr&gt;&lt;td&gt;&lt;/td&gt;&lt;td valign="bottom" width="28%"&gt;&lt;/td&gt;&lt;td&gt;&lt;/td&gt;&lt;td&gt;&lt;/td&gt;&lt;td&gt;&lt;/td&gt;&lt;td valign="bottom" width="28%"&gt;&lt;/td&gt;&lt;td&gt;&lt;/td&gt;&lt;td&gt;&lt;/td&gt;&lt;td&gt;&lt;/td&gt;&lt;td valign="bottom" width="28%"&gt;&lt;/td&gt;&lt;td&gt;&lt;/td&gt;&lt;td&gt;&lt;/td&gt;&lt;td&gt;&lt;/td&gt;&lt;/tr&gt;&lt;tr&gt;&lt;td valign="bottom" align="center" style="border: 1px solid rgb(0, 0, 0); padding-left: 8px;"&gt;&lt;b&gt;Equity&lt;/b&gt;&lt;/td&gt;&lt;td valign="bottom" style="border-top-width: 1px; border-top-style: solid; border-bottom-width: 1px; border-bottom-style: solid;"&gt;&amp;nbsp;&lt;/td&gt;&lt;td valign="bottom" colspan="2" align="center" style="border-top-width: 1px; border-top-style: solid; border-bottom-width: 1px; border-bottom-style: solid;"&gt;&lt;b&gt;Fixed&lt;br/&gt;Income&lt;/b&gt;&lt;/td&gt;&lt;td valign="bottom" style="border-top-width: 1px; border-top-style: solid; border-right-width: 1px; border-right-style: solid; border-bottom-width: 1px; border-bottom-style: solid;"&gt;&amp;nbsp;&lt;/td&gt;&lt;td valign="bottom" style="border-top-width: 1px; border-top-style: solid; border-bottom-width: 1px; border-bottom-style: solid;"&gt;&amp;nbsp;&lt;/td&gt;&lt;td valign="bottom" colspan="2" align="center" style="border-top-width: 1px; border-top-style: solid; border-bottom-width: 1px; border-bottom-style: solid;"&gt;&lt;b&gt;Cash/Cash&lt;br/&gt;Equivalents&lt;/b&gt;&lt;/td&gt;&lt;td valign="bottom" style="border-top-width: 1px; border-top-style: solid; border-right-width: 1px; border-right-style: solid; border-bottom-width: 1px; border-bottom-style: solid;"&gt;&amp;nbsp;&lt;/td&gt;&lt;td valign="bottom" style="border-top-width: 1px; border-top-style: solid; border-bottom-width: 1px; border-bottom-style: solid;"&gt;&amp;nbsp;&lt;/td&gt;&lt;td valign="bottom" colspan="2" align="center" style="border-top-width: 1px; border-top-style: solid; border-bottom-width: 1px; border-bottom-style: solid;"&gt;&lt;b&gt;Alternative&lt;br/&gt;Strategies&lt;/b&gt;&lt;/td&gt;&lt;td valign="bottom" style="border-top-width: 1px; border-top-style: solid; border-right-width: 1px; border-right-style: solid; border-bottom-width: 1px; border-bottom-style: solid; padding-right: 8px;"&gt;&amp;nbsp;&lt;/td&gt;&lt;/tr&gt;&lt;tr bgcolor="#cceeff"&gt;&lt;td valign="top" style="border-left-width: 1px; border-left-style: solid; border-right-width: 1px; border-right-style: solid; border-bottom-width: 1px; border-bottom-style: solid; padding-left: 8px;"&gt;40-55%*&lt;/td&gt;&lt;td valign="bottom" style="border-bottom-width: 1px; border-bottom-style: solid;"&gt;&amp;nbsp;&lt;/td&gt;&lt;td valign="bottom" style="border-bottom-width: 1px; border-bottom-style: solid;"&gt;&amp;nbsp;&lt;/td&gt;&lt;td valign="bottom" align="right" style="border-bottom-width: 1px; border-bottom-style: solid;"&gt;40-55&lt;/td&gt;&lt;td nowrap="nowrap" valign="bottom" style="border-right-width: 1px; border-right-style: solid; border-bottom-width: 1px; border-bottom-style: solid;"&gt;%*&amp;nbsp;&lt;/td&gt;&lt;td valign="bottom" style="border-bottom-width: 1px; border-bottom-style: solid;"&gt;&amp;nbsp;&lt;/td&gt;&lt;td valign="bottom" style="border-bottom-width: 1px; border-bottom-style: solid;"&gt;&amp;nbsp;&lt;/td&gt;&lt;td valign="bottom" align="right" style="border-bottom-width: 1px; border-bottom-style: solid;"&gt;0-5&lt;/td&gt;&lt;td nowrap="nowrap" valign="bottom" style="border-right-width: 1px; border-right-style: solid; border-bottom-width: 1px; border-bottom-style: solid;"&gt;%*&amp;nbsp;&lt;/td&gt;&lt;td valign="bottom" style="border-bottom-width: 1px; border-bottom-style: solid;"&gt;&amp;nbsp;&lt;/td&gt;&lt;td valign="bottom" style="border-bottom-width: 1px; border-bottom-style: solid;"&gt;&amp;nbsp;&lt;/td&gt;&lt;td valign="bottom" align="right" style="border-bottom-width: 1px; border-bottom-style: solid;"&gt;0-10&lt;/td&gt;&lt;td nowrap="nowrap" valign="bottom" style="border-right-width: 1px; border-right-style: solid; border-bottom-width: 1px; border-bottom-style: solid; padding-right: 8px;"&gt;%*&amp;nbsp;&lt;/td&gt;&lt;/tr&gt;&lt;/table&gt;&lt;p style="margin-top: 4px; margin-bottom: 0px;"&gt;*As a percentage of Fund net assets. Ranges include the net notional amounts of the Fund&amp;#8217;s direct investments in derivative instruments. Market appreciation or depreciation may cause the Fund to be temporarily outside the range identified in the table. Columbia Management Investment Advisers, LLC (the Investment Manager) may modify the target allocation ranges only upon approval of the Fund&amp;#8217;s Board of Trustees (the Board).&lt;/p&gt;&lt;p style="margin-top: 4px; margin-bottom: 0px;"&gt;In managing the Fund, the Investment Manager considers the independent analysis of Morningstar Associates (Morningstar), an independent investment consultant, on a broad range of aspects related to the management of the Fund including, but not limited to, the performance of the underlying funds, the types of investment categories represented by the underlying funds, and the consideration of additional underlying funds. The Investment Manager retains full discretion over the Fund&amp;#8217;s investment activities.&lt;/p&gt;&lt;p style="margin-bottom: 0px;"&gt;The following risk is added to the &amp;#8220;Principal Risks of Investing in the Fund&amp;#8221; in the Summary of the Fund:&lt;/p&gt;&lt;p style="margin-top: 8px; margin-bottom: 0px;"&gt;&lt;b&gt;Derivatives Risk/Forward Foreign Currency Contracts Risk.&lt;/b&gt;&amp;nbsp;These instruments are a type of derivative contract whereby the Fund may agree to buy or sell a country&amp;#8217;s or region&amp;#8217;s currency at a specific price on a specific date, usually 30, 60, or 90 days in the future. These contracts may fall in value due to foreign market downswings or foreign currency value fluctuations. The Fund&amp;#8217;s investment or hedging strategies may not achieve their objective. Investment in these instruments also subjects the Fund to counterparty risk.&lt;/p&gt;</cfvst8:SupplementTextBlock>
  <cfvst8:SupplementTextBlock contextRef="Duration_02May2011_01May2012S000028694_Member">&lt;table cellspacing="0" cellpadding="0" width="100%" border="0" align="center" style="border-collapse: collapse;"&gt;&lt;tr&gt;&lt;td valign="top"&gt;&lt;p align="center" style="margin-top: 0px; margin-bottom: 0px;"&gt;&lt;b&gt;Variable Portfolio &amp;#8212; Conservative Portfolio, Variable Portfolio &amp;#8212; Moderately Conservative Portfolio, Variable Portfolio &amp;#8212;&lt;/b&gt;&lt;/p&gt;&lt;p align="center" style="margin-top: 0px; margin-bottom: 0px;"&gt;&lt;b&gt;Moderate Portfolio, Variable Portfolio &amp;#8212; Moderately Aggressive Portfolio and Variable&lt;/b&gt;&lt;/p&gt;&lt;p align="center" style="margin-top: 0px; margin-bottom: 0px;"&gt;&lt;b&gt;Portfolio &amp;#8212; Aggressive Portfolio (each a &amp;#8220;Fund,&amp;#8221; together the &amp;#8220;Funds&amp;#8221;)&lt;/b&gt;&lt;/p&gt;&lt;p align="left" style="margin-top: 0px; margin-bottom: 0px;"&gt;&amp;nbsp;&lt;/p&gt;&lt;p align="center" style="margin-top: 0px; margin-bottom: 1px;"&gt;&lt;b&gt;Supplement dated January&amp;nbsp;18, 2013 to the Funds&amp;#8217; Prospectus dated May&amp;nbsp;1, 2012, as supplemented&lt;/b&gt;&lt;/p&gt;&lt;/td&gt;&lt;/tr&gt;&lt;/table&gt;&lt;p style="margin-top: 8px; margin-bottom: 0px;"&gt;The &amp;#8220;Principal Investment Strategies of the Fund&amp;#8221; in the Summary of the Fund is superseded and replaced as follows:&lt;/p&gt;&lt;p style="margin-top: 6px; margin-bottom: 0px;"&gt;&lt;u&gt;For Variable Portfolio-Moderately Aggressive Portfolio&lt;/u&gt;&lt;/p&gt;&lt;p style="margin-top: 0px; margin-bottom: 0px;"&gt;The Fund is a &amp;#8220;fund of funds&amp;#8221; that seeks to achieve its objective by investing in a combination of underlying funds representing three primary asset classes: equity, fixed income and cash/cash equivalents, as well as underlying funds that pursue alternative investment strategies (alternative strategies), including those that seek investment returns uncorrelated to the broad equity and fixed income markets, as well as those providing exposure to other markets, including but not limited to absolute (positive) return strategies. The Fund may also invest in derivatives such as index futures, Treasury futures, currency forwards, index-based total return swaps and indexed-based credit default swaps. Under normal circumstances, the Fund intends to invest, directly or indirectly, in each of equity, fixed income and cash/cash equivalent asset classes and alternative strategies (each an asset class category and collectively the asset class categories) within the following target asset allocation ranges (includes investments in underlying funds and derivatives):&lt;/p&gt;&lt;p style="margin-top: 0px; margin-bottom: 0px;"&gt;&amp;nbsp;&lt;/p&gt;&lt;table cellspacing="0" cellpadding="0" width="100%" border="0" align="center" style="border-collapse: collapse;"&gt;&lt;tr&gt;&lt;td&gt;&lt;/td&gt;&lt;td valign="bottom" width="28%"&gt;&lt;/td&gt;&lt;td&gt;&lt;/td&gt;&lt;td&gt;&lt;/td&gt;&lt;td&gt;&lt;/td&gt;&lt;td valign="bottom" width="28%"&gt;&lt;/td&gt;&lt;td&gt;&lt;/td&gt;&lt;td&gt;&lt;/td&gt;&lt;td&gt;&lt;/td&gt;&lt;td valign="bottom" width="28%"&gt;&lt;/td&gt;&lt;td&gt;&lt;/td&gt;&lt;td&gt;&lt;/td&gt;&lt;td&gt;&lt;/td&gt;&lt;/tr&gt;&lt;tr&gt;&lt;td valign="bottom" align="center" style="border: 1px solid rgb(0, 0, 0); padding-left: 8px;"&gt;&lt;b&gt;Equity&lt;/b&gt;&lt;/td&gt;&lt;td valign="bottom" style="border-top-width: 1px; border-top-style: solid; border-bottom-width: 1px; border-bottom-style: solid;"&gt;&amp;nbsp;&lt;/td&gt;&lt;td valign="bottom" colspan="2" align="center" style="border-top-width: 1px; border-top-style: solid; border-bottom-width: 1px; border-bottom-style: solid;"&gt;&lt;b&gt;Fixed&lt;br/&gt;Income&lt;/b&gt;&lt;/td&gt;&lt;td valign="bottom" style="border-top-width: 1px; border-top-style: solid; border-right-width: 1px; border-right-style: solid; border-bottom-width: 1px; border-bottom-style: solid;"&gt;&amp;nbsp;&lt;/td&gt;&lt;td valign="bottom" style="border-top-width: 1px; border-top-style: solid; border-bottom-width: 1px; border-bottom-style: solid;"&gt;&amp;nbsp;&lt;/td&gt;&lt;td valign="bottom" colspan="2" align="center" style="border-top-width: 1px; border-top-style: solid; border-bottom-width: 1px; border-bottom-style: solid;"&gt;&lt;b&gt;Cash/Cash&lt;br/&gt;Equivalents&lt;/b&gt;&lt;/td&gt;&lt;td valign="bottom" style="border-top-width: 1px; border-top-style: solid; border-right-width: 1px; border-right-style: solid; border-bottom-width: 1px; border-bottom-style: solid;"&gt;&amp;nbsp;&lt;/td&gt;&lt;td valign="bottom" style="border-top-width: 1px; border-top-style: solid; border-bottom-width: 1px; border-bottom-style: solid;"&gt;&amp;nbsp;&lt;/td&gt;&lt;td valign="bottom" colspan="2" align="center" style="border-top-width: 1px; border-top-style: solid; border-bottom-width: 1px; border-bottom-style: solid;"&gt;&lt;b&gt;Alternative&lt;br/&gt;Strategies&lt;/b&gt;&lt;/td&gt;&lt;td valign="bottom" style="border-top-width: 1px; border-top-style: solid; border-right-width: 1px; border-right-style: solid; border-bottom-width: 1px; border-bottom-style: solid; padding-right: 8px;"&gt;&amp;nbsp;&lt;/td&gt;&lt;/tr&gt;&lt;tr bgcolor="#cceeff"&gt;&lt;td valign="top" style="border-left-width: 1px; border-left-style: solid; border-right-width: 1px; border-right-style: solid; border-bottom-width: 1px; border-bottom-style: solid; padding-left: 8px;"&gt;55-70%*&lt;/td&gt;&lt;td valign="bottom" style="border-bottom-width: 1px; border-bottom-style: solid;"&gt;&amp;nbsp;&lt;/td&gt;&lt;td valign="bottom" style="border-bottom-width: 1px; border-bottom-style: solid;"&gt;&amp;nbsp;&lt;/td&gt;&lt;td valign="bottom" align="right" style="border-bottom-width: 1px; border-bottom-style: solid;"&gt;25-40&lt;/td&gt;&lt;td nowrap="nowrap" valign="bottom" style="border-right-width: 1px; border-right-style: solid; border-bottom-width: 1px; border-bottom-style: solid;"&gt;%*&amp;nbsp;&lt;/td&gt;&lt;td valign="bottom" style="border-bottom-width: 1px; border-bottom-style: solid;"&gt;&amp;nbsp;&lt;/td&gt;&lt;td valign="bottom" style="border-bottom-width: 1px; border-bottom-style: solid;"&gt;&amp;nbsp;&lt;/td&gt;&lt;td valign="bottom" align="right" style="border-bottom-width: 1px; border-bottom-style: solid;"&gt;0-5&lt;/td&gt;&lt;td nowrap="nowrap" valign="bottom" style="border-right-width: 1px; border-right-style: solid; border-bottom-width: 1px; border-bottom-style: solid;"&gt;%*&amp;nbsp;&lt;/td&gt;&lt;td valign="bottom" style="border-bottom-width: 1px; border-bottom-style: solid;"&gt;&amp;nbsp;&lt;/td&gt;&lt;td valign="bottom" style="border-bottom-width: 1px; border-bottom-style: solid;"&gt;&amp;nbsp;&lt;/td&gt;&lt;td valign="bottom" align="right" style="border-bottom-width: 1px; border-bottom-style: solid;"&gt;0-10&lt;/td&gt;&lt;td nowrap="nowrap" valign="bottom" style="border-right-width: 1px; border-right-style: solid; border-bottom-width: 1px; border-bottom-style: solid; padding-right: 8px;"&gt;%*&amp;nbsp;&lt;/td&gt;&lt;/tr&gt;&lt;/table&gt;&lt;p style="margin-top: 4px; margin-bottom: 0px;"&gt;*As a percentage of Fund net assets. Ranges include the net notional amounts of the Fund&amp;#8217;s direct investments in derivative instruments. Market appreciation or depreciation may cause the Fund to be temporarily outside the range identified in the table. Columbia Management Investment Advisers, LLC (the Investment Manager) may modify the target allocation ranges only upon approval of the Fund&amp;#8217;s Board of Trustees (the Board).&lt;/p&gt;&lt;p style="margin-top: 4px; margin-bottom: 0px;"&gt;In managing the Fund, the Investment Manager considers the independent analysis of Morningstar Associates (Morningstar), an independent investment consultant, on a broad range of aspects related to the management of the Fund including, but not limited to, the performance of the underlying funds, the types of investment categories represented by the underlying funds, and the consideration of additional underlying funds. The Investment Manager retains full discretion over the Fund&amp;#8217;s investment activities.&lt;/p&gt;&lt;p style="margin-top: 8px; margin-bottom: 0px;"&gt;The following risk is added to the &amp;#8220;Principal Risks of Investing in the Fund&amp;#8221; in the Summary of the Fund:&lt;/p&gt;&lt;p style="margin-top: 8px; margin-bottom: 0px;"&gt;&lt;b&gt;Derivatives Risk/Forward Foreign Currency Contracts Risk.&lt;/b&gt;&amp;nbsp;These instruments are a type of derivative contract whereby the Fund may agree to buy or sell a country&amp;#8217;s or region&amp;#8217;s currency at a specific price on a specific date, usually 30, 60, or 90 days in the future. These contracts may fall in value due to foreign market downswings or foreign currency value fluctuations. The Fund&amp;#8217;s investment or hedging strategies may not achieve their objective. Investment in these instruments also subjects the Fund to counterparty risk.&lt;/p&gt;</cfvst8:SupplementTextBlock>
</xbrl>
