<?xml version='1.0' encoding='iso-8859-1'?>
<!-- Produced by EDGARsuite software, Advanced Computer Innovations, Inc., Copyright (C) 2008-2012. www.edgarsuite.com -->
<link:linkbase xmlns="http://www.xbrl.org/2003/linkbase"
		xmlns:xsi="http://www.w3.org/2001/XMLSchema-instance"
		xsi:schemaLocation="http://www.xbrl.org/2003/linkbase http://www.xbrl.org/2003/xbrl-linkbase-2003-12-31.xsd"
		xmlns:fil="http://green-endeavors.com/20120331"
		xmlns:link="http://www.xbrl.org/2003/linkbase"
		xmlns:xlink="http://www.w3.org/1999/xlink"
		xmlns:xbrldt="http://xbrl.org/2005/xbrldt"
		xmlns:xbrli="http://www.xbrl.org/2003/instance">
	<link:roleRef roleURI="http://green-endeavors.com/20120331/role/idr_CondensedConsolidatedBalanceSheets" xlink:type="simple" xlink:href="grne-20120331.xsd#idr_CondensedConsolidatedBalanceSheets"/>
	<link:calculationLink xlink:type="extended" xlink:role="http://green-endeavors.com/20120331/role/idr_CondensedConsolidatedBalanceSheets">
		<link:loc xlink:type='locator' xlink:href='http://xbrl.fasb.org/us-gaap/2012/elts/us-gaap-2012-01-31.xsd#us-gaap_Assets' xlink:label='us-gaap_Assets'/>
		<link:loc xlink:type='locator' xlink:href='http://xbrl.fasb.org/us-gaap/2012/elts/us-gaap-2012-01-31.xsd#us-gaap_OtherAssetsCurrent' xlink:label='us-gaap_OtherAssetsCurrent'/>
		<link:calculationArc xlink:type='arc' xlink:arcrole='http://www.xbrl.org/2003/arcrole/summation-item' xlink:from='us-gaap_Assets' xlink:to='us-gaap_OtherAssetsCurrent' use='optional' order='1.0' weight='1.0'/>
		<link:loc xlink:type='locator' xlink:href='http://xbrl.fasb.org/us-gaap/2012/elts/us-gaap-2012-01-31.xsd#us-gaap_PropertyPlantAndEquipmentNet' xlink:label='us-gaap_PropertyPlantAndEquipmentNet'/>
		<link:calculationArc xlink:type='arc' xlink:arcrole='http://www.xbrl.org/2003/arcrole/summation-item' xlink:from='us-gaap_Assets' xlink:to='us-gaap_PropertyPlantAndEquipmentNet' use='optional' order='2.0' weight='1.0'/>
		<link:loc xlink:type='locator' xlink:href='http://xbrl.fasb.org/us-gaap/2012/elts/us-gaap-2012-01-31.xsd#us-gaap_AssetsCurrent' xlink:label='us-gaap_AssetsCurrent'/>
		<link:calculationArc xlink:type='arc' xlink:arcrole='http://www.xbrl.org/2003/arcrole/summation-item' xlink:from='us-gaap_Assets' xlink:to='us-gaap_AssetsCurrent' use='optional' order='3.0' weight='1.0'/>
		<link:loc xlink:type='locator' xlink:href='http://xbrl.fasb.org/us-gaap/2012/elts/us-gaap-2012-01-31.xsd#us-gaap_AccountsReceivableNet' xlink:label='us-gaap_AccountsReceivableNet'/>
		<link:calculationArc xlink:type='arc' xlink:arcrole='http://www.xbrl.org/2003/arcrole/summation-item' xlink:from='us-gaap_AssetsCurrent' xlink:to='us-gaap_AccountsReceivableNet' use='optional' order='1.0' weight='1.0'/>
		<link:loc xlink:type='locator' xlink:href='http://xbrl.fasb.org/us-gaap/2012/elts/us-gaap-2012-01-31.xsd#us-gaap_CashAndCashEquivalentsAtCarryingValue' xlink:label='us-gaap_CashAndCashEquivalentsAtCarryingValue'/>
		<link:calculationArc xlink:type='arc' xlink:arcrole='http://www.xbrl.org/2003/arcrole/summation-item' xlink:from='us-gaap_AssetsCurrent' xlink:to='us-gaap_CashAndCashEquivalentsAtCarryingValue' use='optional' order='2.0' weight='1.0'/>
		<link:loc xlink:type='locator' xlink:href='http://xbrl.fasb.org/us-gaap/2012/elts/us-gaap-2012-01-31.xsd#us-gaap_InventoryNet' xlink:label='us-gaap_InventoryNet'/>
		<link:calculationArc xlink:type='arc' xlink:arcrole='http://www.xbrl.org/2003/arcrole/summation-item' xlink:from='us-gaap_AssetsCurrent' xlink:to='us-gaap_InventoryNet' use='optional' order='3.0' weight='1.0'/>
		<link:loc xlink:type='locator' xlink:href='http://xbrl.fasb.org/us-gaap/2012/elts/us-gaap-2012-01-31.xsd#us-gaap_PrepaidExpenseCurrent' xlink:label='us-gaap_PrepaidExpenseCurrent'/>
		<link:calculationArc xlink:type='arc' xlink:arcrole='http://www.xbrl.org/2003/arcrole/summation-item' xlink:from='us-gaap_AssetsCurrent' xlink:to='us-gaap_PrepaidExpenseCurrent' use='optional' order='4.0' weight='1.0'/>
		<link:loc xlink:type='locator' xlink:href='http://xbrl.fasb.org/us-gaap/2012/elts/us-gaap-2012-01-31.xsd#us-gaap_LiabilitiesAndStockholdersEquity' xlink:label='us-gaap_LiabilitiesAndStockholdersEquity'/>
		<link:loc xlink:type='locator' xlink:href='http://xbrl.fasb.org/us-gaap/2012/elts/us-gaap-2012-01-31.xsd#us-gaap_Liabilities' xlink:label='us-gaap_Liabilities'/>
		<link:calculationArc xlink:type='arc' xlink:arcrole='http://www.xbrl.org/2003/arcrole/summation-item' xlink:from='us-gaap_LiabilitiesAndStockholdersEquity' xlink:to='us-gaap_Liabilities' use='optional' order='1.0' weight='1.0'/>
		<link:loc xlink:type='locator' xlink:href='http://xbrl.fasb.org/us-gaap/2012/elts/us-gaap-2012-01-31.xsd#us-gaap_LiabilitiesCurrent' xlink:label='us-gaap_LiabilitiesCurrent'/>
		<link:calculationArc xlink:type='arc' xlink:arcrole='http://www.xbrl.org/2003/arcrole/summation-item' xlink:from='us-gaap_Liabilities' xlink:to='us-gaap_LiabilitiesCurrent' use='optional' order='1.0' weight='1.0'/>
		<link:loc xlink:type='locator' xlink:href='http://xbrl.fasb.org/us-gaap/2012/elts/us-gaap-2012-01-31.xsd#us-gaap_AccountsPayableAndAccruedLiabilitiesCurrent' xlink:label='us-gaap_AccountsPayableAndAccruedLiabilitiesCurrent'/>
		<link:calculationArc xlink:type='arc' xlink:arcrole='http://www.xbrl.org/2003/arcrole/summation-item' xlink:from='us-gaap_LiabilitiesCurrent' xlink:to='us-gaap_AccountsPayableAndAccruedLiabilitiesCurrent' use='optional' order='1.0' weight='1.0'/>
		<link:loc xlink:type='locator' xlink:href='http://xbrl.fasb.org/us-gaap/2012/elts/us-gaap-2012-01-31.xsd#us-gaap_ConvertibleNotesPayableCurrent' xlink:label='us-gaap_ConvertibleNotesPayableCurrent'/>
		<link:calculationArc xlink:type='arc' xlink:arcrole='http://www.xbrl.org/2003/arcrole/summation-item' xlink:from='us-gaap_LiabilitiesCurrent' xlink:to='us-gaap_ConvertibleNotesPayableCurrent' use='optional' order='2.0' weight='1.0'/>
		<link:loc xlink:type='locator' xlink:href='http://xbrl.fasb.org/us-gaap/2012/elts/us-gaap-2012-01-31.xsd#us-gaap_NotesPayableCurrent' xlink:label='us-gaap_NotesPayableCurrent'/>
		<link:calculationArc xlink:type='arc' xlink:arcrole='http://www.xbrl.org/2003/arcrole/summation-item' xlink:from='us-gaap_LiabilitiesCurrent' xlink:to='us-gaap_NotesPayableCurrent' use='optional' order='3.0' weight='1.0'/>
		<link:loc xlink:type='locator' xlink:href='http://xbrl.fasb.org/us-gaap/2012/elts/us-gaap-2012-01-31.xsd#us-gaap_DeferredRevenueCurrent' xlink:label='us-gaap_DeferredRevenueCurrent'/>
		<link:calculationArc xlink:type='arc' xlink:arcrole='http://www.xbrl.org/2003/arcrole/summation-item' xlink:from='us-gaap_LiabilitiesCurrent' xlink:to='us-gaap_DeferredRevenueCurrent' use='optional' order='4.0' weight='1.0'/>
		<link:loc xlink:type='locator' xlink:href='http://xbrl.fasb.org/us-gaap/2012/elts/us-gaap-2012-01-31.xsd#us-gaap_DueToRelatedPartiesCurrent' xlink:label='us-gaap_DueToRelatedPartiesCurrent'/>
		<link:calculationArc xlink:type='arc' xlink:arcrole='http://www.xbrl.org/2003/arcrole/summation-item' xlink:from='us-gaap_LiabilitiesCurrent' xlink:to='us-gaap_DueToRelatedPartiesCurrent' use='optional' order='5.0' weight='1.0'/>
		<link:loc xlink:type='locator' xlink:href='http://xbrl.fasb.org/us-gaap/2012/elts/us-gaap-2012-01-31.xsd#us-gaap_DerivativeLiabilityFairValueNet' xlink:label='us-gaap_DerivativeLiabilityFairValueNet'/>
		<link:calculationArc xlink:type='arc' xlink:arcrole='http://www.xbrl.org/2003/arcrole/summation-item' xlink:from='us-gaap_LiabilitiesCurrent' xlink:to='us-gaap_DerivativeLiabilityFairValueNet' use='optional' order='6.0' weight='-1.0'/>
		<link:loc xlink:type='locator' xlink:href='http://xbrl.fasb.org/us-gaap/2012/elts/us-gaap-2012-01-31.xsd#us-gaap_LiabilitiesNoncurrent' xlink:label='us-gaap_LiabilitiesNoncurrent'/>
		<link:calculationArc xlink:type='arc' xlink:arcrole='http://www.xbrl.org/2003/arcrole/summation-item' xlink:from='us-gaap_Liabilities' xlink:to='us-gaap_LiabilitiesNoncurrent' use='optional' order='2.0' weight='1.0'/>
		<link:loc xlink:type='locator' xlink:href='http://xbrl.fasb.org/us-gaap/2012/elts/us-gaap-2012-01-31.xsd#us-gaap_RelatedPartyDebtNoncurrent' xlink:label='us-gaap_RelatedPartyDebtNoncurrent'/>
		<link:calculationArc xlink:type='arc' xlink:arcrole='http://www.xbrl.org/2003/arcrole/summation-item' xlink:from='us-gaap_LiabilitiesNoncurrent' xlink:to='us-gaap_RelatedPartyDebtNoncurrent' use='optional' order='1.0' weight='1.0'/>
		<link:loc xlink:type='locator' xlink:href='http://xbrl.fasb.org/us-gaap/2012/elts/us-gaap-2012-01-31.xsd#us-gaap_ConvertibleDebtNoncurrent' xlink:label='us-gaap_ConvertibleDebtNoncurrent'/>
		<link:calculationArc xlink:type='arc' xlink:arcrole='http://www.xbrl.org/2003/arcrole/summation-item' xlink:from='us-gaap_LiabilitiesNoncurrent' xlink:to='us-gaap_ConvertibleDebtNoncurrent' use='optional' order='2.0' weight='1.0'/>
		<link:loc xlink:type='locator' xlink:href='http://xbrl.fasb.org/us-gaap/2012/elts/us-gaap-2012-01-31.xsd#us-gaap_LongTermNotesPayable' xlink:label='us-gaap_LongTermNotesPayable'/>
		<link:calculationArc xlink:type='arc' xlink:arcrole='http://www.xbrl.org/2003/arcrole/summation-item' xlink:from='us-gaap_LiabilitiesNoncurrent' xlink:to='us-gaap_LongTermNotesPayable' use='optional' order='3.0' weight='1.0'/>
		<link:loc xlink:type='locator' xlink:href='http://xbrl.fasb.org/us-gaap/2012/elts/us-gaap-2012-01-31.xsd#us-gaap_NotesPayableRelatedPartiesNoncurrent' xlink:label='us-gaap_NotesPayableRelatedPartiesNoncurrent'/>
		<link:calculationArc xlink:type='arc' xlink:arcrole='http://www.xbrl.org/2003/arcrole/summation-item' xlink:from='us-gaap_LiabilitiesNoncurrent' xlink:to='us-gaap_NotesPayableRelatedPartiesNoncurrent' use='optional' order='4.0' weight='1.0'/>
		<link:loc xlink:type='locator' xlink:href='http://xbrl.fasb.org/us-gaap/2012/elts/us-gaap-2012-01-31.xsd#us-gaap_StockholdersEquityIncludingPortionAttributableToNoncontrollingInterest' xlink:label='us-gaap_StockholdersEquityIncludingPortionAttributableToNoncontrollingInterest'/>
		<link:calculationArc xlink:type='arc' xlink:arcrole='http://www.xbrl.org/2003/arcrole/summation-item' xlink:from='us-gaap_LiabilitiesAndStockholdersEquity' xlink:to='us-gaap_StockholdersEquityIncludingPortionAttributableToNoncontrollingInterest' use='optional' order='2.0' weight='1.0'/>
		<link:loc xlink:type='locator' xlink:href='http://xbrl.fasb.org/us-gaap/2012/elts/us-gaap-2012-01-31.xsd#us-gaap_RetainedEarningsAccumulatedDeficit' xlink:label='us-gaap_RetainedEarningsAccumulatedDeficit'/>
		<link:calculationArc xlink:type='arc' xlink:arcrole='http://www.xbrl.org/2003/arcrole/summation-item' xlink:from='us-gaap_StockholdersEquityIncludingPortionAttributableToNoncontrollingInterest' xlink:to='us-gaap_RetainedEarningsAccumulatedDeficit' use='optional' order='1.0' weight='1.0'/>
		<link:loc xlink:type='locator' xlink:href='http://xbrl.fasb.org/us-gaap/2012/elts/us-gaap-2012-01-31.xsd#us-gaap_AdditionalPaidInCapital' xlink:label='us-gaap_AdditionalPaidInCapital'/>
		<link:calculationArc xlink:type='arc' xlink:arcrole='http://www.xbrl.org/2003/arcrole/summation-item' xlink:from='us-gaap_StockholdersEquityIncludingPortionAttributableToNoncontrollingInterest' xlink:to='us-gaap_AdditionalPaidInCapital' use='optional' order='2.0' weight='1.0'/>
		<link:loc xlink:type='locator' xlink:href='http://xbrl.fasb.org/us-gaap/2012/elts/us-gaap-2012-01-31.xsd#us-gaap_CommonStockValue' xlink:label='us-gaap_CommonStockValue'/>
		<link:calculationArc xlink:type='arc' xlink:arcrole='http://www.xbrl.org/2003/arcrole/summation-item' xlink:from='us-gaap_StockholdersEquityIncludingPortionAttributableToNoncontrollingInterest' xlink:to='us-gaap_CommonStockValue' use='optional' order='3.0' weight='1.0'/>
		<link:loc xlink:type='locator' xlink:href='http://xbrl.fasb.org/us-gaap/2012/elts/us-gaap-2012-01-31.xsd#us-gaap_RedeemableConvertiblePreferredStockCarryingAmount' xlink:label='us-gaap_RedeemableConvertiblePreferredStockCarryingAmount'/>
		<link:calculationArc xlink:type='arc' xlink:arcrole='http://www.xbrl.org/2003/arcrole/summation-item' xlink:from='us-gaap_StockholdersEquityIncludingPortionAttributableToNoncontrollingInterest' xlink:to='us-gaap_RedeemableConvertiblePreferredStockCarryingAmount' use='optional' order='4.0' weight='1.0'/>
		<link:loc xlink:type='locator' xlink:href='http://xbrl.fasb.org/us-gaap/2012/elts/us-gaap-2012-01-31.xsd#us-gaap_RedeemablePreferredStockCarryingAmount' xlink:label='us-gaap_RedeemablePreferredStockCarryingAmount'/>
		<link:calculationArc xlink:type='arc' xlink:arcrole='http://www.xbrl.org/2003/arcrole/summation-item' xlink:from='us-gaap_StockholdersEquityIncludingPortionAttributableToNoncontrollingInterest' xlink:to='us-gaap_RedeemablePreferredStockCarryingAmount' use='optional' order='5.0' weight='1.0'/>
		<link:loc xlink:type='locator' xlink:href='http://xbrl.fasb.org/us-gaap/2012/elts/us-gaap-2012-01-31.xsd#us-gaap_PreferredStockValue' xlink:label='us-gaap_PreferredStockValue'/>
		<link:calculationArc xlink:type='arc' xlink:arcrole='http://www.xbrl.org/2003/arcrole/summation-item' xlink:from='us-gaap_StockholdersEquityIncludingPortionAttributableToNoncontrollingInterest' xlink:to='us-gaap_PreferredStockValue' use='optional' order='6.0' weight='1.0'/>
	</link:calculationLink>
	<link:roleRef roleURI="http://green-endeavors.com/20120331/role/idr_CondensedConsolidatedStatementsOfOperationsUnaudited" xlink:type="simple" xlink:href="grne-20120331.xsd#idr_CondensedConsolidatedStatementsOfOperationsUnaudited"/>
	<link:calculationLink xlink:type="extended" xlink:role="http://green-endeavors.com/20120331/role/idr_CondensedConsolidatedStatementsOfOperationsUnaudited">
		<link:loc xlink:type='locator' xlink:href='http://xbrl.fasb.org/us-gaap/2012/elts/us-gaap-2012-01-31.xsd#us-gaap_ProfitLoss' xlink:label='us-gaap_ProfitLoss'/>
		<link:loc xlink:type='locator' xlink:href='http://xbrl.fasb.org/us-gaap/2012/elts/us-gaap-2012-01-31.xsd#us-gaap_Revenues' xlink:label='us-gaap_Revenues'/>
		<link:calculationArc xlink:type='arc' xlink:arcrole='http://www.xbrl.org/2003/arcrole/summation-item' xlink:from='us-gaap_ProfitLoss' xlink:to='us-gaap_Revenues' use='optional' order='1.0' weight='1.0'/>
		<link:loc xlink:type='locator' xlink:href='http://xbrl.fasb.org/us-gaap/2012/elts/us-gaap-2012-01-31.xsd#us-gaap_SalesRevenueGoodsNet' xlink:label='us-gaap_SalesRevenueGoodsNet'/>
		<link:calculationArc xlink:type='arc' xlink:arcrole='http://www.xbrl.org/2003/arcrole/summation-item' xlink:from='us-gaap_Revenues' xlink:to='us-gaap_SalesRevenueGoodsNet' use='optional' order='1.0' weight='1.0'/>
		<link:loc xlink:type='locator' xlink:href='http://xbrl.fasb.org/us-gaap/2012/elts/us-gaap-2012-01-31.xsd#us-gaap_SalesRevenueServicesNet' xlink:label='us-gaap_SalesRevenueServicesNet'/>
		<link:calculationArc xlink:type='arc' xlink:arcrole='http://www.xbrl.org/2003/arcrole/summation-item' xlink:from='us-gaap_Revenues' xlink:to='us-gaap_SalesRevenueServicesNet' use='optional' order='2.0' weight='1.0'/>
		<link:loc xlink:type='locator' xlink:href='http://xbrl.fasb.org/us-gaap/2012/elts/us-gaap-2012-01-31.xsd#us-gaap_CostsAndExpenses' xlink:label='us-gaap_CostsAndExpenses'/>
		<link:calculationArc xlink:type='arc' xlink:arcrole='http://www.xbrl.org/2003/arcrole/summation-item' xlink:from='us-gaap_ProfitLoss' xlink:to='us-gaap_CostsAndExpenses' use='optional' order='2.0' weight='-1.0'/>
		<link:loc xlink:type='locator' xlink:href='http://xbrl.fasb.org/us-gaap/2012/elts/us-gaap-2012-01-31.xsd#us-gaap_CostOfGoodsSold' xlink:label='us-gaap_CostOfGoodsSold'/>
		<link:calculationArc xlink:type='arc' xlink:arcrole='http://www.xbrl.org/2003/arcrole/summation-item' xlink:from='us-gaap_CostsAndExpenses' xlink:to='us-gaap_CostOfGoodsSold' use='optional' order='1.0' weight='1.0'/>
		<link:loc xlink:type='locator' xlink:href='http://xbrl.fasb.org/us-gaap/2012/elts/us-gaap-2012-01-31.xsd#us-gaap_CostOfServices' xlink:label='us-gaap_CostOfServices'/>
		<link:calculationArc xlink:type='arc' xlink:arcrole='http://www.xbrl.org/2003/arcrole/summation-item' xlink:from='us-gaap_CostsAndExpenses' xlink:to='us-gaap_CostOfServices' use='optional' order='2.0' weight='1.0'/>
		<link:loc xlink:type='locator' xlink:href='http://xbrl.fasb.org/us-gaap/2012/elts/us-gaap-2012-01-31.xsd#us-gaap_Depreciation' xlink:label='us-gaap_Depreciation'/>
		<link:calculationArc xlink:type='arc' xlink:arcrole='http://www.xbrl.org/2003/arcrole/summation-item' xlink:from='us-gaap_CostsAndExpenses' xlink:to='us-gaap_Depreciation' use='optional' order='3.0' weight='1.0'/>
		<link:loc xlink:type='locator' xlink:href='http://xbrl.fasb.org/us-gaap/2012/elts/us-gaap-2012-01-31.xsd#us-gaap_GeneralAndAdministrativeExpense' xlink:label='us-gaap_GeneralAndAdministrativeExpense'/>
		<link:calculationArc xlink:type='arc' xlink:arcrole='http://www.xbrl.org/2003/arcrole/summation-item' xlink:from='us-gaap_CostsAndExpenses' xlink:to='us-gaap_GeneralAndAdministrativeExpense' use='optional' order='4.0' weight='1.0'/>
		<link:loc xlink:type='locator' xlink:href='http://xbrl.fasb.org/us-gaap/2012/elts/us-gaap-2012-01-31.xsd#us-gaap_OtherExpenses' xlink:label='us-gaap_OtherExpenses'/>
		<link:calculationArc xlink:type='arc' xlink:arcrole='http://www.xbrl.org/2003/arcrole/summation-item' xlink:from='us-gaap_ProfitLoss' xlink:to='us-gaap_OtherExpenses' use='optional' order='3.0' weight='-1.0'/>
		<link:loc xlink:type='locator' xlink:href='http://xbrl.fasb.org/us-gaap/2012/elts/us-gaap-2012-01-31.xsd#us-gaap_InterestExpense' xlink:label='us-gaap_InterestExpense'/>
		<link:calculationArc xlink:type='arc' xlink:arcrole='http://www.xbrl.org/2003/arcrole/summation-item' xlink:from='us-gaap_OtherExpenses' xlink:to='us-gaap_InterestExpense' use='optional' order='1.0' weight='1.0'/>
		<link:loc xlink:type='locator' xlink:href='http://xbrl.fasb.org/us-gaap/2012/elts/us-gaap-2012-01-31.xsd#us-gaap_InterestExpenseRelatedParty' xlink:label='us-gaap_InterestExpenseRelatedParty'/>
		<link:calculationArc xlink:type='arc' xlink:arcrole='http://www.xbrl.org/2003/arcrole/summation-item' xlink:from='us-gaap_OtherExpenses' xlink:to='us-gaap_InterestExpenseRelatedParty' use='optional' order='2.0' weight='1.0'/>
		<link:loc xlink:type='locator' xlink:href='http://xbrl.fasb.org/us-gaap/2012/elts/us-gaap-2012-01-31.xsd#us-gaap_InvestmentIncomeInterest' xlink:label='us-gaap_InvestmentIncomeInterest'/>
		<link:calculationArc xlink:type='arc' xlink:arcrole='http://www.xbrl.org/2003/arcrole/summation-item' xlink:from='us-gaap_OtherExpenses' xlink:to='us-gaap_InvestmentIncomeInterest' use='optional' order='3.0' weight='-1.0'/>
		<link:loc xlink:type='locator' xlink:href='grne-20120331.xsd#fil_GrneLossOnDefaultOfConvertibleNotesPayable' xlink:label='fil_GrneLossOnDefaultOfConvertibleNotesPayable'/>
		<link:calculationArc xlink:type='arc' xlink:arcrole='http://www.xbrl.org/2003/arcrole/summation-item' xlink:from='us-gaap_OtherExpenses' xlink:to='fil_GrneLossOnDefaultOfConvertibleNotesPayable' use='optional' order='4.0' weight='-1.0'/>
		<link:loc xlink:type='locator' xlink:href='http://xbrl.fasb.org/us-gaap/2012/elts/us-gaap-2012-01-31.xsd#us-gaap_GainLossOnDerivativeInstrumentsNetPretax' xlink:label='us-gaap_GainLossOnDerivativeInstrumentsNetPretax'/>
		<link:calculationArc xlink:type='arc' xlink:arcrole='http://www.xbrl.org/2003/arcrole/summation-item' xlink:from='us-gaap_OtherExpenses' xlink:to='us-gaap_GainLossOnDerivativeInstrumentsNetPretax' use='optional' order='5.0' weight='-1.0'/>
		<link:loc xlink:type='locator' xlink:href='http://xbrl.fasb.org/us-gaap/2012/elts/us-gaap-2012-01-31.xsd#us-gaap_OtherNonoperatingIncomeExpense' xlink:label='us-gaap_OtherNonoperatingIncomeExpense'/>
		<link:calculationArc xlink:type='arc' xlink:arcrole='http://www.xbrl.org/2003/arcrole/summation-item' xlink:from='us-gaap_OtherExpenses' xlink:to='us-gaap_OtherNonoperatingIncomeExpense' use='optional' order='6.0' weight='-1.0'/>
	</link:calculationLink>
	<link:roleRef roleURI="http://green-endeavors.com/20120331/role/idr_CondensedConsolidatedStatementsOfCashFlowsUnaudited" xlink:type="simple" xlink:href="grne-20120331.xsd#idr_CondensedConsolidatedStatementsOfCashFlowsUnaudited"/>
	<link:calculationLink xlink:type="extended" xlink:role="http://green-endeavors.com/20120331/role/idr_CondensedConsolidatedStatementsOfCashFlowsUnaudited">
		<link:loc xlink:type='locator' xlink:href='http://xbrl.fasb.org/us-gaap/2012/elts/us-gaap-2012-01-31.xsd#us-gaap_CashPeriodIncreaseDecrease' xlink:label='us-gaap_CashPeriodIncreaseDecrease'/>
		<link:loc xlink:type='locator' xlink:href='http://xbrl.fasb.org/us-gaap/2012/elts/us-gaap-2012-01-31.xsd#us-gaap_NetCashProvidedByUsedInFinancingActivities' xlink:label='us-gaap_NetCashProvidedByUsedInFinancingActivities'/>
		<link:calculationArc xlink:type='arc' xlink:arcrole='http://www.xbrl.org/2003/arcrole/summation-item' xlink:from='us-gaap_CashPeriodIncreaseDecrease' xlink:to='us-gaap_NetCashProvidedByUsedInFinancingActivities' use='optional' order='1.0' weight='1.0'/>
		<link:loc xlink:type='locator' xlink:href='http://xbrl.fasb.org/us-gaap/2012/elts/us-gaap-2012-01-31.xsd#us-gaap_ProceedsFromStockOptionsExercised' xlink:label='us-gaap_ProceedsFromStockOptionsExercised'/>
		<link:calculationArc xlink:type='arc' xlink:arcrole='http://www.xbrl.org/2003/arcrole/summation-item' xlink:from='us-gaap_NetCashProvidedByUsedInFinancingActivities' xlink:to='us-gaap_ProceedsFromStockOptionsExercised' use='optional' order='1.0' weight='1.0'/>
		<link:loc xlink:type='locator' xlink:href='http://xbrl.fasb.org/us-gaap/2012/elts/us-gaap-2012-01-31.xsd#us-gaap_ProceedsFromIssuanceOfDebt' xlink:label='us-gaap_ProceedsFromIssuanceOfDebt'/>
		<link:calculationArc xlink:type='arc' xlink:arcrole='http://www.xbrl.org/2003/arcrole/summation-item' xlink:from='us-gaap_NetCashProvidedByUsedInFinancingActivities' xlink:to='us-gaap_ProceedsFromIssuanceOfDebt' use='optional' order='2.0' weight='1.0'/>
		<link:loc xlink:type='locator' xlink:href='http://xbrl.fasb.org/us-gaap/2012/elts/us-gaap-2012-01-31.xsd#us-gaap_ProceedsFromNotesPayable' xlink:label='us-gaap_ProceedsFromNotesPayable'/>
		<link:calculationArc xlink:type='arc' xlink:arcrole='http://www.xbrl.org/2003/arcrole/summation-item' xlink:from='us-gaap_NetCashProvidedByUsedInFinancingActivities' xlink:to='us-gaap_ProceedsFromNotesPayable' use='optional' order='3.0' weight='1.0'/>
		<link:loc xlink:type='locator' xlink:href='http://xbrl.fasb.org/us-gaap/2012/elts/us-gaap-2012-01-31.xsd#us-gaap_ProceedsFromIssuanceOfConvertiblePreferredStock' xlink:label='us-gaap_ProceedsFromIssuanceOfConvertiblePreferredStock'/>
		<link:calculationArc xlink:type='arc' xlink:arcrole='http://www.xbrl.org/2003/arcrole/summation-item' xlink:from='us-gaap_NetCashProvidedByUsedInFinancingActivities' xlink:to='us-gaap_ProceedsFromIssuanceOfConvertiblePreferredStock' use='optional' order='4.0' weight='1.0'/>
		<link:loc xlink:type='locator' xlink:href='http://xbrl.fasb.org/us-gaap/2012/elts/us-gaap-2012-01-31.xsd#us-gaap_RepaymentsOfNotesPayable' xlink:label='us-gaap_RepaymentsOfNotesPayable'/>
		<link:calculationArc xlink:type='arc' xlink:arcrole='http://www.xbrl.org/2003/arcrole/summation-item' xlink:from='us-gaap_NetCashProvidedByUsedInFinancingActivities' xlink:to='us-gaap_RepaymentsOfNotesPayable' use='optional' order='5.0' weight='-1.0'/>
		<link:loc xlink:type='locator' xlink:href='http://xbrl.fasb.org/us-gaap/2012/elts/us-gaap-2012-01-31.xsd#us-gaap_RepaymentsOfRelatedPartyDebt' xlink:label='us-gaap_RepaymentsOfRelatedPartyDebt'/>
		<link:calculationArc xlink:type='arc' xlink:arcrole='http://www.xbrl.org/2003/arcrole/summation-item' xlink:from='us-gaap_NetCashProvidedByUsedInFinancingActivities' xlink:to='us-gaap_RepaymentsOfRelatedPartyDebt' use='optional' order='6.0' weight='-1.0'/>
		<link:loc xlink:type='locator' xlink:href='http://xbrl.fasb.org/us-gaap/2012/elts/us-gaap-2012-01-31.xsd#us-gaap_NetCashProvidedByUsedInOperatingActivities' xlink:label='us-gaap_NetCashProvidedByUsedInOperatingActivities'/>
		<link:calculationArc xlink:type='arc' xlink:arcrole='http://www.xbrl.org/2003/arcrole/summation-item' xlink:from='us-gaap_CashPeriodIncreaseDecrease' xlink:to='us-gaap_NetCashProvidedByUsedInOperatingActivities' use='optional' order='2.0' weight='1.0'/>
		<link:loc xlink:type='locator' xlink:href='http://xbrl.fasb.org/us-gaap/2012/elts/us-gaap-2012-01-31.xsd#us-gaap_IncreaseDecreaseInAccountsPayableAndAccruedLiabilities' xlink:label='us-gaap_IncreaseDecreaseInAccountsPayableAndAccruedLiabilities'/>
		<link:calculationArc xlink:type='arc' xlink:arcrole='http://www.xbrl.org/2003/arcrole/summation-item' xlink:from='us-gaap_NetCashProvidedByUsedInOperatingActivities' xlink:to='us-gaap_IncreaseDecreaseInAccountsPayableAndAccruedLiabilities' use='optional' order='1.0' weight='1.0'/>
		<link:loc xlink:type='locator' xlink:href='http://xbrl.fasb.org/us-gaap/2012/elts/us-gaap-2012-01-31.xsd#us-gaap_IncreaseDecreaseInDueToRelatedParties' xlink:label='us-gaap_IncreaseDecreaseInDueToRelatedParties'/>
		<link:calculationArc xlink:type='arc' xlink:arcrole='http://www.xbrl.org/2003/arcrole/summation-item' xlink:from='us-gaap_NetCashProvidedByUsedInOperatingActivities' xlink:to='us-gaap_IncreaseDecreaseInDueToRelatedParties' use='optional' order='2.0' weight='1.0'/>
		<link:loc xlink:type='locator' xlink:href='http://xbrl.fasb.org/us-gaap/2012/elts/us-gaap-2012-01-31.xsd#us-gaap_IncreaseDecreaseInAccountsReceivable' xlink:label='us-gaap_IncreaseDecreaseInAccountsReceivable'/>
		<link:calculationArc xlink:type='arc' xlink:arcrole='http://www.xbrl.org/2003/arcrole/summation-item' xlink:from='us-gaap_NetCashProvidedByUsedInOperatingActivities' xlink:to='us-gaap_IncreaseDecreaseInAccountsReceivable' use='optional' order='3.0' weight='1.0'/>
		<link:loc xlink:type='locator' xlink:href='http://xbrl.fasb.org/us-gaap/2012/elts/us-gaap-2012-01-31.xsd#us-gaap_AmortizationOfDebtDiscountPremium' xlink:label='us-gaap_AmortizationOfDebtDiscountPremium'/>
		<link:calculationArc xlink:type='arc' xlink:arcrole='http://www.xbrl.org/2003/arcrole/summation-item' xlink:from='us-gaap_NetCashProvidedByUsedInOperatingActivities' xlink:to='us-gaap_AmortizationOfDebtDiscountPremium' use='optional' order='4.0' weight='1.0'/>
		<link:loc xlink:type='locator' xlink:href='http://xbrl.fasb.org/us-gaap/2012/elts/us-gaap-2012-01-31.xsd#us-gaap_IncreaseDecreaseInDeferredRevenue' xlink:label='us-gaap_IncreaseDecreaseInDeferredRevenue'/>
		<link:calculationArc xlink:type='arc' xlink:arcrole='http://www.xbrl.org/2003/arcrole/summation-item' xlink:from='us-gaap_NetCashProvidedByUsedInOperatingActivities' xlink:to='us-gaap_IncreaseDecreaseInDeferredRevenue' use='optional' order='5.0' weight='1.0'/>
		<link:loc xlink:type='locator' xlink:href='http://xbrl.fasb.org/us-gaap/2012/elts/us-gaap-2012-01-31.xsd#us-gaap_Depreciation' xlink:label='us-gaap_Depreciation'/>
		<link:calculationArc xlink:type='arc' xlink:arcrole='http://www.xbrl.org/2003/arcrole/summation-item' xlink:from='us-gaap_NetCashProvidedByUsedInOperatingActivities' xlink:to='us-gaap_Depreciation' use='optional' order='6.0' weight='1.0'/>
		<link:loc xlink:type='locator' xlink:href='http://xbrl.fasb.org/us-gaap/2012/elts/us-gaap-2012-01-31.xsd#us-gaap_IncreaseDecreaseInInventories' xlink:label='us-gaap_IncreaseDecreaseInInventories'/>
		<link:calculationArc xlink:type='arc' xlink:arcrole='http://www.xbrl.org/2003/arcrole/summation-item' xlink:from='us-gaap_NetCashProvidedByUsedInOperatingActivities' xlink:to='us-gaap_IncreaseDecreaseInInventories' use='optional' order='7.0' weight='1.0'/>
		<link:loc xlink:type='locator' xlink:href='http://xbrl.fasb.org/us-gaap/2012/elts/us-gaap-2012-01-31.xsd#us-gaap_LossContingencyLossInPeriod' xlink:label='us-gaap_LossContingencyLossInPeriod'/>
		<link:calculationArc xlink:type='arc' xlink:arcrole='http://www.xbrl.org/2003/arcrole/summation-item' xlink:from='us-gaap_NetCashProvidedByUsedInOperatingActivities' xlink:to='us-gaap_LossContingencyLossInPeriod' use='optional' order='8.0' weight='1.0'/>
		<link:loc xlink:type='locator' xlink:href='grne-20120331.xsd#fil_GrneLossOnDerivativeFairValueAdjustment' xlink:label='fil_GrneLossOnDerivativeFairValueAdjustment'/>
		<link:calculationArc xlink:type='arc' xlink:arcrole='http://www.xbrl.org/2003/arcrole/summation-item' xlink:from='us-gaap_NetCashProvidedByUsedInOperatingActivities' xlink:to='fil_GrneLossOnDerivativeFairValueAdjustment' use='optional' order='9.0' weight='1.0'/>
		<link:loc xlink:type='locator' xlink:href='http://xbrl.fasb.org/us-gaap/2012/elts/us-gaap-2012-01-31.xsd#us-gaap_ProfitLoss' xlink:label='us-gaap_ProfitLoss'/>
		<link:calculationArc xlink:type='arc' xlink:arcrole='http://www.xbrl.org/2003/arcrole/summation-item' xlink:from='us-gaap_NetCashProvidedByUsedInOperatingActivities' xlink:to='us-gaap_ProfitLoss' use='optional' order='10.0' weight='1.0'/>
		<link:loc xlink:type='locator' xlink:href='http://xbrl.fasb.org/us-gaap/2012/elts/us-gaap-2012-01-31.xsd#us-gaap_IncreaseDecreaseInOtherOperatingAssets' xlink:label='us-gaap_IncreaseDecreaseInOtherOperatingAssets'/>
		<link:calculationArc xlink:type='arc' xlink:arcrole='http://www.xbrl.org/2003/arcrole/summation-item' xlink:from='us-gaap_NetCashProvidedByUsedInOperatingActivities' xlink:to='us-gaap_IncreaseDecreaseInOtherOperatingAssets' use='optional' order='11.0' weight='1.0'/>
		<link:loc xlink:type='locator' xlink:href='http://xbrl.fasb.org/us-gaap/2012/elts/us-gaap-2012-01-31.xsd#us-gaap_IncreaseDecreaseInPrepaidExpense' xlink:label='us-gaap_IncreaseDecreaseInPrepaidExpense'/>
		<link:calculationArc xlink:type='arc' xlink:arcrole='http://www.xbrl.org/2003/arcrole/summation-item' xlink:from='us-gaap_NetCashProvidedByUsedInOperatingActivities' xlink:to='us-gaap_IncreaseDecreaseInPrepaidExpense' use='optional' order='12.0' weight='1.0'/>
		<link:loc xlink:type='locator' xlink:href='http://xbrl.fasb.org/us-gaap/2012/elts/us-gaap-2012-01-31.xsd#us-gaap_ShareBasedCompensation' xlink:label='us-gaap_ShareBasedCompensation'/>
		<link:calculationArc xlink:type='arc' xlink:arcrole='http://www.xbrl.org/2003/arcrole/summation-item' xlink:from='us-gaap_NetCashProvidedByUsedInOperatingActivities' xlink:to='us-gaap_ShareBasedCompensation' use='optional' order='13.0' weight='1.0'/>
		<link:loc xlink:type='locator' xlink:href='http://xbrl.fasb.org/us-gaap/2012/elts/us-gaap-2012-01-31.xsd#us-gaap_NetCashProvidedByUsedInInvestingActivities' xlink:label='us-gaap_NetCashProvidedByUsedInInvestingActivities'/>
		<link:calculationArc xlink:type='arc' xlink:arcrole='http://www.xbrl.org/2003/arcrole/summation-item' xlink:from='us-gaap_CashPeriodIncreaseDecrease' xlink:to='us-gaap_NetCashProvidedByUsedInInvestingActivities' use='optional' order='3.0' weight='1.0'/>
		<link:loc xlink:type='locator' xlink:href='http://xbrl.fasb.org/us-gaap/2012/elts/us-gaap-2012-01-31.xsd#us-gaap_PaymentsToAcquirePropertyPlantAndEquipment' xlink:label='us-gaap_PaymentsToAcquirePropertyPlantAndEquipment'/>
		<link:calculationArc xlink:type='arc' xlink:arcrole='http://www.xbrl.org/2003/arcrole/summation-item' xlink:from='us-gaap_NetCashProvidedByUsedInInvestingActivities' xlink:to='us-gaap_PaymentsToAcquirePropertyPlantAndEquipment' use='optional' order='1.0' weight='-1.0'/>
	</link:calculationLink>
</link:linkbase>
