<?xml version='1.0' encoding='iso-8859-1'?>
<!-- Produced by EDGARsuite software, Advanced Computer Innovations, Inc., Copyright (C) 2008-2012. www.edgarsuite.com -->
<link:linkbase xmlns="http://www.xbrl.org/2003/linkbase"
		xmlns:xsi="http://www.w3.org/2001/XMLSchema-instance"
		xsi:schemaLocation="http://www.xbrl.org/2003/linkbase http://www.xbrl.org/2003/xbrl-linkbase-2003-12-31.xsd"
		xmlns:fil="http://green-endeavors.com/20120331"
		xmlns:link="http://www.xbrl.org/2003/linkbase"
		xmlns:xlink="http://www.w3.org/1999/xlink"
		xmlns:xbrldt="http://xbrl.org/2005/xbrldt"
		xmlns:xbrli="http://www.xbrl.org/2003/instance">
	<link:roleRef roleURI="http://green-endeavors.com/20120331/role/idr_DocumentDocumentAndEntityInformation" xlink:type="simple" xlink:href="grne-20120331.xsd#idr_DocumentDocumentAndEntityInformation"/>
	<link:presentationLink xlink:type="extended" xlink:role="http://green-endeavors.com/20120331/role/idr_DocumentDocumentAndEntityInformation">
		<link:loc xlink:type='locator' xlink:href='grne-20120331.xsd#fil_DocumentAndEntityInformationAbstract' xlink:label='fil_DocumentAndEntityInformationAbstract'/>
		<link:loc xlink:type='locator' xlink:href='http://xbrl.sec.gov/dei/2012/dei-2012-01-31.xsd#dei_EntityRegistrantName' xlink:label='dei_EntityRegistrantName'/>
		<link:presentationArc xlink:type='arc' xlink:arcrole='http://www.xbrl.org/2003/arcrole/parent-child' xlink:from='fil_DocumentAndEntityInformationAbstract' xlink:to='dei_EntityRegistrantName' use='optional' order='1.0'/>
		<link:loc xlink:type='locator' xlink:href='http://xbrl.sec.gov/dei/2012/dei-2012-01-31.xsd#dei_DocumentType' xlink:label='dei_DocumentType'/>
		<link:presentationArc xlink:type='arc' xlink:arcrole='http://www.xbrl.org/2003/arcrole/parent-child' xlink:from='fil_DocumentAndEntityInformationAbstract' xlink:to='dei_DocumentType' use='optional' order='2.0'/>
		<link:loc xlink:type='locator' xlink:href='http://xbrl.sec.gov/dei/2012/dei-2012-01-31.xsd#dei_DocumentPeriodEndDate' xlink:label='dei_DocumentPeriodEndDate'/>
		<link:presentationArc xlink:type='arc' xlink:arcrole='http://www.xbrl.org/2003/arcrole/parent-child' xlink:from='fil_DocumentAndEntityInformationAbstract' xlink:to='dei_DocumentPeriodEndDate' use='optional' order='3.0'/>
		<link:loc xlink:type='locator' xlink:href='http://xbrl.sec.gov/dei/2012/dei-2012-01-31.xsd#dei_AmendmentFlag' xlink:label='dei_AmendmentFlag'/>
		<link:presentationArc xlink:type='arc' xlink:arcrole='http://www.xbrl.org/2003/arcrole/parent-child' xlink:from='fil_DocumentAndEntityInformationAbstract' xlink:to='dei_AmendmentFlag' use='optional' order='4.0'/>
		<link:loc xlink:type='locator' xlink:href='http://xbrl.sec.gov/dei/2012/dei-2012-01-31.xsd#dei_EntityCentralIndexKey' xlink:label='dei_EntityCentralIndexKey'/>
		<link:presentationArc xlink:type='arc' xlink:arcrole='http://www.xbrl.org/2003/arcrole/parent-child' xlink:from='fil_DocumentAndEntityInformationAbstract' xlink:to='dei_EntityCentralIndexKey' use='optional' order='5.0'/>
		<link:loc xlink:type='locator' xlink:href='http://xbrl.sec.gov/dei/2012/dei-2012-01-31.xsd#dei_CurrentFiscalYearEndDate' xlink:label='dei_CurrentFiscalYearEndDate'/>
		<link:presentationArc xlink:type='arc' xlink:arcrole='http://www.xbrl.org/2003/arcrole/parent-child' xlink:from='fil_DocumentAndEntityInformationAbstract' xlink:to='dei_CurrentFiscalYearEndDate' use='optional' order='6.0'/>
		<link:loc xlink:type='locator' xlink:href='http://xbrl.sec.gov/dei/2012/dei-2012-01-31.xsd#dei_EntityCommonStockSharesOutstanding' xlink:label='dei_EntityCommonStockSharesOutstanding'/>
		<link:presentationArc xlink:type='arc' xlink:arcrole='http://www.xbrl.org/2003/arcrole/parent-child' xlink:from='fil_DocumentAndEntityInformationAbstract' xlink:to='dei_EntityCommonStockSharesOutstanding' use='optional' order='7.0'/>
		<link:loc xlink:type='locator' xlink:href='http://xbrl.sec.gov/dei/2012/dei-2012-01-31.xsd#dei_EntityPublicFloat' xlink:label='dei_EntityPublicFloat'/>
		<link:presentationArc xlink:type='arc' xlink:arcrole='http://www.xbrl.org/2003/arcrole/parent-child' xlink:from='fil_DocumentAndEntityInformationAbstract' xlink:to='dei_EntityPublicFloat' use='optional' order='8.0'/>
		<link:loc xlink:type='locator' xlink:href='http://xbrl.sec.gov/dei/2012/dei-2012-01-31.xsd#dei_EntityFilerCategory' xlink:label='dei_EntityFilerCategory'/>
		<link:presentationArc xlink:type='arc' xlink:arcrole='http://www.xbrl.org/2003/arcrole/parent-child' xlink:from='fil_DocumentAndEntityInformationAbstract' xlink:to='dei_EntityFilerCategory' use='optional' order='9.0'/>
		<link:loc xlink:type='locator' xlink:href='http://xbrl.sec.gov/dei/2012/dei-2012-01-31.xsd#dei_EntityCurrentReportingStatus' xlink:label='dei_EntityCurrentReportingStatus'/>
		<link:presentationArc xlink:type='arc' xlink:arcrole='http://www.xbrl.org/2003/arcrole/parent-child' xlink:from='fil_DocumentAndEntityInformationAbstract' xlink:to='dei_EntityCurrentReportingStatus' use='optional' order='10.0'/>
		<link:loc xlink:type='locator' xlink:href='http://xbrl.sec.gov/dei/2012/dei-2012-01-31.xsd#dei_EntityVoluntaryFilers' xlink:label='dei_EntityVoluntaryFilers'/>
		<link:presentationArc xlink:type='arc' xlink:arcrole='http://www.xbrl.org/2003/arcrole/parent-child' xlink:from='fil_DocumentAndEntityInformationAbstract' xlink:to='dei_EntityVoluntaryFilers' use='optional' order='11.0'/>
		<link:loc xlink:type='locator' xlink:href='http://xbrl.sec.gov/dei/2012/dei-2012-01-31.xsd#dei_EntityWellKnownSeasonedIssuer' xlink:label='dei_EntityWellKnownSeasonedIssuer'/>
		<link:presentationArc xlink:type='arc' xlink:arcrole='http://www.xbrl.org/2003/arcrole/parent-child' xlink:from='fil_DocumentAndEntityInformationAbstract' xlink:to='dei_EntityWellKnownSeasonedIssuer' use='optional' order='12.0'/>
		<link:loc xlink:type='locator' xlink:href='http://xbrl.sec.gov/dei/2012/dei-2012-01-31.xsd#dei_DocumentFiscalYearFocus' xlink:label='dei_DocumentFiscalYearFocus'/>
		<link:presentationArc xlink:type='arc' xlink:arcrole='http://www.xbrl.org/2003/arcrole/parent-child' xlink:from='fil_DocumentAndEntityInformationAbstract' xlink:to='dei_DocumentFiscalYearFocus' use='optional' order='13.0'/>
		<link:loc xlink:type='locator' xlink:href='http://xbrl.sec.gov/dei/2012/dei-2012-01-31.xsd#dei_DocumentFiscalPeriodFocus' xlink:label='dei_DocumentFiscalPeriodFocus'/>
		<link:presentationArc xlink:type='arc' xlink:arcrole='http://www.xbrl.org/2003/arcrole/parent-child' xlink:from='fil_DocumentAndEntityInformationAbstract' xlink:to='dei_DocumentFiscalPeriodFocus' use='optional' order='14.0'/>
		<link:loc xlink:type='locator' xlink:href='http://xbrl.sec.gov/dei/2012/dei-2012-01-31.xsd#dei_AmendmentDescription' xlink:label='dei_AmendmentDescription'/>
		<link:presentationArc xlink:type='arc' xlink:arcrole='http://www.xbrl.org/2003/arcrole/parent-child' xlink:from='fil_DocumentAndEntityInformationAbstract' xlink:to='dei_AmendmentDescription' use='optional' order='15.0'/>
	</link:presentationLink>
	<link:roleRef roleURI="http://green-endeavors.com/20120331/role/idr_CondensedConsolidatedBalanceSheets" xlink:type="simple" xlink:href="grne-20120331.xsd#idr_CondensedConsolidatedBalanceSheets"/>
	<link:presentationLink xlink:type="extended" xlink:role="http://green-endeavors.com/20120331/role/idr_CondensedConsolidatedBalanceSheets">
		<link:loc xlink:type='locator' xlink:href='http://xbrl.fasb.org/us-gaap/2012/elts/us-gaap-2012-01-31.xsd#us-gaap_StatementOfFinancialPositionAbstract' xlink:label='us-gaap_StatementOfFinancialPositionAbstract'/>
		<link:loc xlink:type='locator' xlink:href='http://xbrl.fasb.org/us-gaap/2012/elts/us-gaap-2012-01-31.xsd#us-gaap_StatementTable' xlink:label='us-gaap_StatementTable'/>
		<link:presentationArc xlink:type='arc' xlink:arcrole='http://www.xbrl.org/2003/arcrole/parent-child' xlink:from='us-gaap_StatementOfFinancialPositionAbstract' xlink:to='us-gaap_StatementTable' use='optional' order='1.0'/>
		<link:loc xlink:type='locator' xlink:href='http://xbrl.fasb.org/us-gaap/2012/elts/us-gaap-2012-01-31.xsd#us-gaap_StatementLineItems' xlink:label='us-gaap_StatementLineItems'/>
		<link:presentationArc xlink:type='arc' xlink:arcrole='http://www.xbrl.org/2003/arcrole/parent-child' xlink:from='us-gaap_StatementTable' xlink:to='us-gaap_StatementLineItems' use='optional' order='1.0' preferredLabel='http://www.xbrl.org/2003/role/terseLabel'/>
		<link:loc xlink:type='locator' xlink:href='http://xbrl.fasb.org/us-gaap/2012/elts/us-gaap-2012-01-31.xsd#us-gaap_AssetsAbstract' xlink:label='us-gaap_AssetsAbstract'/>
		<link:presentationArc xlink:type='arc' xlink:arcrole='http://www.xbrl.org/2003/arcrole/parent-child' xlink:from='us-gaap_StatementLineItems' xlink:to='us-gaap_AssetsAbstract' use='optional' order='1.0' preferredLabel='http://www.xbrl.org/2003/role/terseLabel'/>
		<link:loc xlink:type='locator' xlink:href='http://xbrl.fasb.org/us-gaap/2012/elts/us-gaap-2012-01-31.xsd#us-gaap_AssetsCurrentAbstract' xlink:label='us-gaap_AssetsCurrentAbstract'/>
		<link:presentationArc xlink:type='arc' xlink:arcrole='http://www.xbrl.org/2003/arcrole/parent-child' xlink:from='us-gaap_AssetsAbstract' xlink:to='us-gaap_AssetsCurrentAbstract' use='optional' order='1.0'/>
		<link:loc xlink:type='locator' xlink:href='http://xbrl.fasb.org/us-gaap/2012/elts/us-gaap-2012-01-31.xsd#us-gaap_CashAndCashEquivalentsAtCarryingValue' xlink:label='us-gaap_CashAndCashEquivalentsAtCarryingValue'/>
		<link:presentationArc xlink:type='arc' xlink:arcrole='http://www.xbrl.org/2003/arcrole/parent-child' xlink:from='us-gaap_AssetsCurrentAbstract' xlink:to='us-gaap_CashAndCashEquivalentsAtCarryingValue' use='optional' order='1.0' preferredLabel='http://www.xbrl.org/2003/role/terseLabel'/>
		<link:loc xlink:type='locator' xlink:href='http://xbrl.fasb.org/us-gaap/2012/elts/us-gaap-2012-01-31.xsd#us-gaap_AccountsReceivableNet' xlink:label='us-gaap_AccountsReceivableNet'/>
		<link:presentationArc xlink:type='arc' xlink:arcrole='http://www.xbrl.org/2003/arcrole/parent-child' xlink:from='us-gaap_AssetsCurrentAbstract' xlink:to='us-gaap_AccountsReceivableNet' use='optional' order='2.0'/>
		<link:loc xlink:type='locator' xlink:href='http://xbrl.fasb.org/us-gaap/2012/elts/us-gaap-2012-01-31.xsd#us-gaap_InventoryNet' xlink:label='us-gaap_InventoryNet'/>
		<link:presentationArc xlink:type='arc' xlink:arcrole='http://www.xbrl.org/2003/arcrole/parent-child' xlink:from='us-gaap_AssetsCurrentAbstract' xlink:to='us-gaap_InventoryNet' use='optional' order='3.0'/>
		<link:loc xlink:type='locator' xlink:href='http://xbrl.fasb.org/us-gaap/2012/elts/us-gaap-2012-01-31.xsd#us-gaap_PrepaidExpenseCurrent' xlink:label='us-gaap_PrepaidExpenseCurrent'/>
		<link:presentationArc xlink:type='arc' xlink:arcrole='http://www.xbrl.org/2003/arcrole/parent-child' xlink:from='us-gaap_AssetsCurrentAbstract' xlink:to='us-gaap_PrepaidExpenseCurrent' use='optional' order='4.0'/>
		<link:loc xlink:type='locator' xlink:href='http://xbrl.fasb.org/us-gaap/2012/elts/us-gaap-2012-01-31.xsd#us-gaap_AssetsCurrent' xlink:label='us-gaap_AssetsCurrent'/>
		<link:presentationArc xlink:type='arc' xlink:arcrole='http://www.xbrl.org/2003/arcrole/parent-child' xlink:from='us-gaap_AssetsCurrentAbstract' xlink:to='us-gaap_AssetsCurrent' use='optional' order='5.0' preferredLabel='http://www.xbrl.org/2003/role/totalLabel'/>
		<link:loc xlink:type='locator' xlink:href='http://xbrl.fasb.org/us-gaap/2012/elts/us-gaap-2012-01-31.xsd#us-gaap_PropertyPlantAndEquipmentNet' xlink:label='us-gaap_PropertyPlantAndEquipmentNet'/>
		<link:presentationArc xlink:type='arc' xlink:arcrole='http://www.xbrl.org/2003/arcrole/parent-child' xlink:from='us-gaap_AssetsCurrentAbstract' xlink:to='us-gaap_PropertyPlantAndEquipmentNet' use='optional' order='6.0'/>
		<link:loc xlink:type='locator' xlink:href='http://xbrl.fasb.org/us-gaap/2012/elts/us-gaap-2012-01-31.xsd#us-gaap_OtherAssetsCurrent' xlink:label='us-gaap_OtherAssetsCurrent'/>
		<link:presentationArc xlink:type='arc' xlink:arcrole='http://www.xbrl.org/2003/arcrole/parent-child' xlink:from='us-gaap_AssetsCurrentAbstract' xlink:to='us-gaap_OtherAssetsCurrent' use='optional' order='7.0'/>
		<link:loc xlink:type='locator' xlink:href='http://xbrl.fasb.org/us-gaap/2012/elts/us-gaap-2012-01-31.xsd#us-gaap_Assets' xlink:label='us-gaap_Assets'/>
		<link:presentationArc xlink:type='arc' xlink:arcrole='http://www.xbrl.org/2003/arcrole/parent-child' xlink:from='us-gaap_AssetsAbstract' xlink:to='us-gaap_Assets' use='optional' order='2.0' preferredLabel='http://www.xbrl.org/2003/role/totalLabel'/>
		<link:loc xlink:type='locator' xlink:href='http://xbrl.fasb.org/us-gaap/2012/elts/us-gaap-2012-01-31.xsd#us-gaap_LiabilitiesAndStockholdersEquityAbstract' xlink:label='us-gaap_LiabilitiesAndStockholdersEquityAbstract'/>
		<link:presentationArc xlink:type='arc' xlink:arcrole='http://www.xbrl.org/2003/arcrole/parent-child' xlink:from='us-gaap_StatementLineItems' xlink:to='us-gaap_LiabilitiesAndStockholdersEquityAbstract' use='optional' order='2.0'/>
		<link:loc xlink:type='locator' xlink:href='http://xbrl.fasb.org/us-gaap/2012/elts/us-gaap-2012-01-31.xsd#us-gaap_LiabilitiesCurrentAbstract' xlink:label='us-gaap_LiabilitiesCurrentAbstract'/>
		<link:presentationArc xlink:type='arc' xlink:arcrole='http://www.xbrl.org/2003/arcrole/parent-child' xlink:from='us-gaap_LiabilitiesAndStockholdersEquityAbstract' xlink:to='us-gaap_LiabilitiesCurrentAbstract' use='optional' order='1.0'/>
		<link:loc xlink:type='locator' xlink:href='http://xbrl.fasb.org/us-gaap/2012/elts/us-gaap-2012-01-31.xsd#us-gaap_AccountsPayableAndAccruedLiabilitiesCurrent' xlink:label='us-gaap_AccountsPayableAndAccruedLiabilitiesCurrent'/>
		<link:presentationArc xlink:type='arc' xlink:arcrole='http://www.xbrl.org/2003/arcrole/parent-child' xlink:from='us-gaap_LiabilitiesCurrentAbstract' xlink:to='us-gaap_AccountsPayableAndAccruedLiabilitiesCurrent' use='optional' order='1.0'/>
		<link:loc xlink:type='locator' xlink:href='http://xbrl.fasb.org/us-gaap/2012/elts/us-gaap-2012-01-31.xsd#us-gaap_DeferredRevenueCurrent' xlink:label='us-gaap_DeferredRevenueCurrent'/>
		<link:presentationArc xlink:type='arc' xlink:arcrole='http://www.xbrl.org/2003/arcrole/parent-child' xlink:from='us-gaap_LiabilitiesCurrentAbstract' xlink:to='us-gaap_DeferredRevenueCurrent' use='optional' order='2.0'/>
		<link:loc xlink:type='locator' xlink:href='http://xbrl.fasb.org/us-gaap/2012/elts/us-gaap-2012-01-31.xsd#us-gaap_DueToRelatedPartiesCurrent' xlink:label='us-gaap_DueToRelatedPartiesCurrent'/>
		<link:presentationArc xlink:type='arc' xlink:arcrole='http://www.xbrl.org/2003/arcrole/parent-child' xlink:from='us-gaap_LiabilitiesCurrentAbstract' xlink:to='us-gaap_DueToRelatedPartiesCurrent' use='optional' order='3.0'/>
		<link:loc xlink:type='locator' xlink:href='http://xbrl.fasb.org/us-gaap/2012/elts/us-gaap-2012-01-31.xsd#us-gaap_DerivativeLiabilityFairValueNet' xlink:label='us-gaap_DerivativeLiabilityFairValueNet'/>
		<link:presentationArc xlink:type='arc' xlink:arcrole='http://www.xbrl.org/2003/arcrole/parent-child' xlink:from='us-gaap_LiabilitiesCurrentAbstract' xlink:to='us-gaap_DerivativeLiabilityFairValueNet' use='optional' order='4.0' preferredLabel='http://www.xbrl.org/2009/role/negatedLabel'/>
		<link:loc xlink:type='locator' xlink:href='http://xbrl.fasb.org/us-gaap/2012/elts/us-gaap-2012-01-31.xsd#us-gaap_NotesPayableCurrent' xlink:label='us-gaap_NotesPayableCurrent'/>
		<link:presentationArc xlink:type='arc' xlink:arcrole='http://www.xbrl.org/2003/arcrole/parent-child' xlink:from='us-gaap_LiabilitiesCurrentAbstract' xlink:to='us-gaap_NotesPayableCurrent' use='optional' order='5.0'/>
		<link:loc xlink:type='locator' xlink:href='http://xbrl.fasb.org/us-gaap/2012/elts/us-gaap-2012-01-31.xsd#us-gaap_ConvertibleNotesPayableCurrent' xlink:label='us-gaap_ConvertibleNotesPayableCurrent'/>
		<link:presentationArc xlink:type='arc' xlink:arcrole='http://www.xbrl.org/2003/arcrole/parent-child' xlink:from='us-gaap_LiabilitiesCurrentAbstract' xlink:to='us-gaap_ConvertibleNotesPayableCurrent' use='optional' order='6.0'/>
		<link:loc xlink:type='locator' xlink:href='http://xbrl.fasb.org/us-gaap/2012/elts/us-gaap-2012-01-31.xsd#us-gaap_LiabilitiesCurrent' xlink:label='us-gaap_LiabilitiesCurrent'/>
		<link:presentationArc xlink:type='arc' xlink:arcrole='http://www.xbrl.org/2003/arcrole/parent-child' xlink:from='us-gaap_LiabilitiesCurrentAbstract' xlink:to='us-gaap_LiabilitiesCurrent' use='optional' order='7.0' preferredLabel='http://www.xbrl.org/2003/role/totalLabel'/>
		<link:loc xlink:type='locator' xlink:href='http://xbrl.fasb.org/us-gaap/2012/elts/us-gaap-2012-01-31.xsd#us-gaap_LiabilitiesNoncurrentAbstract' xlink:label='us-gaap_LiabilitiesNoncurrentAbstract'/>
		<link:presentationArc xlink:type='arc' xlink:arcrole='http://www.xbrl.org/2003/arcrole/parent-child' xlink:from='us-gaap_LiabilitiesAndStockholdersEquityAbstract' xlink:to='us-gaap_LiabilitiesNoncurrentAbstract' use='optional' order='2.0'/>
		<link:loc xlink:type='locator' xlink:href='http://xbrl.fasb.org/us-gaap/2012/elts/us-gaap-2012-01-31.xsd#us-gaap_NotesPayableRelatedPartiesNoncurrent' xlink:label='us-gaap_NotesPayableRelatedPartiesNoncurrent'/>
		<link:presentationArc xlink:type='arc' xlink:arcrole='http://www.xbrl.org/2003/arcrole/parent-child' xlink:from='us-gaap_LiabilitiesNoncurrentAbstract' xlink:to='us-gaap_NotesPayableRelatedPartiesNoncurrent' use='optional' order='1.0'/>
		<link:loc xlink:type='locator' xlink:href='http://xbrl.fasb.org/us-gaap/2012/elts/us-gaap-2012-01-31.xsd#us-gaap_LongTermNotesPayable' xlink:label='us-gaap_LongTermNotesPayable'/>
		<link:presentationArc xlink:type='arc' xlink:arcrole='http://www.xbrl.org/2003/arcrole/parent-child' xlink:from='us-gaap_LiabilitiesNoncurrentAbstract' xlink:to='us-gaap_LongTermNotesPayable' use='optional' order='2.0'/>
		<link:loc xlink:type='locator' xlink:href='http://xbrl.fasb.org/us-gaap/2012/elts/us-gaap-2012-01-31.xsd#us-gaap_RelatedPartyDebtNoncurrent' xlink:label='us-gaap_RelatedPartyDebtNoncurrent'/>
		<link:presentationArc xlink:type='arc' xlink:arcrole='http://www.xbrl.org/2003/arcrole/parent-child' xlink:from='us-gaap_LiabilitiesNoncurrentAbstract' xlink:to='us-gaap_RelatedPartyDebtNoncurrent' use='optional' order='3.0'/>
		<link:loc xlink:type='locator' xlink:href='http://xbrl.fasb.org/us-gaap/2012/elts/us-gaap-2012-01-31.xsd#us-gaap_ConvertibleDebtNoncurrent' xlink:label='us-gaap_ConvertibleDebtNoncurrent'/>
		<link:presentationArc xlink:type='arc' xlink:arcrole='http://www.xbrl.org/2003/arcrole/parent-child' xlink:from='us-gaap_LiabilitiesNoncurrentAbstract' xlink:to='us-gaap_ConvertibleDebtNoncurrent' use='optional' order='4.0'/>
		<link:loc xlink:type='locator' xlink:href='http://xbrl.fasb.org/us-gaap/2012/elts/us-gaap-2012-01-31.xsd#us-gaap_LiabilitiesNoncurrent' xlink:label='us-gaap_LiabilitiesNoncurrent'/>
		<link:presentationArc xlink:type='arc' xlink:arcrole='http://www.xbrl.org/2003/arcrole/parent-child' xlink:from='us-gaap_LiabilitiesNoncurrentAbstract' xlink:to='us-gaap_LiabilitiesNoncurrent' use='optional' order='5.0' preferredLabel='http://www.xbrl.org/2003/role/totalLabel'/>
		<link:loc xlink:type='locator' xlink:href='http://xbrl.fasb.org/us-gaap/2012/elts/us-gaap-2012-01-31.xsd#us-gaap_Liabilities' xlink:label='us-gaap_Liabilities'/>
		<link:presentationArc xlink:type='arc' xlink:arcrole='http://www.xbrl.org/2003/arcrole/parent-child' xlink:from='us-gaap_LiabilitiesNoncurrentAbstract' xlink:to='us-gaap_Liabilities' use='optional' order='6.0' preferredLabel='http://www.xbrl.org/2003/role/totalLabel'/>
		<link:loc xlink:type='locator' xlink:href='http://xbrl.fasb.org/us-gaap/2012/elts/us-gaap-2012-01-31.xsd#us-gaap_StockholdersEquityAbstract' xlink:label='us-gaap_StockholdersEquityAbstract'/>
		<link:presentationArc xlink:type='arc' xlink:arcrole='http://www.xbrl.org/2003/arcrole/parent-child' xlink:from='us-gaap_LiabilitiesAndStockholdersEquityAbstract' xlink:to='us-gaap_StockholdersEquityAbstract' use='optional' order='3.0'/>
		<link:loc xlink:type='locator' xlink:href='http://xbrl.fasb.org/us-gaap/2012/elts/us-gaap-2012-01-31.xsd#us-gaap_RedeemablePreferredStockCarryingAmount' xlink:label='us-gaap_RedeemablePreferredStockCarryingAmount'/>
		<link:presentationArc xlink:type='arc' xlink:arcrole='http://www.xbrl.org/2003/arcrole/parent-child' xlink:from='us-gaap_StockholdersEquityAbstract' xlink:to='us-gaap_RedeemablePreferredStockCarryingAmount' use='optional' order='1.0'/>
		<link:loc xlink:type='locator' xlink:href='http://xbrl.fasb.org/us-gaap/2012/elts/us-gaap-2012-01-31.xsd#us-gaap_RedeemableConvertiblePreferredStockCarryingAmount' xlink:label='us-gaap_RedeemableConvertiblePreferredStockCarryingAmount'/>
		<link:presentationArc xlink:type='arc' xlink:arcrole='http://www.xbrl.org/2003/arcrole/parent-child' xlink:from='us-gaap_StockholdersEquityAbstract' xlink:to='us-gaap_RedeemableConvertiblePreferredStockCarryingAmount' use='optional' order='2.0'/>
		<link:loc xlink:type='locator' xlink:href='http://xbrl.fasb.org/us-gaap/2012/elts/us-gaap-2012-01-31.xsd#us-gaap_PreferredStockValue' xlink:label='us-gaap_PreferredStockValue'/>
		<link:presentationArc xlink:type='arc' xlink:arcrole='http://www.xbrl.org/2003/arcrole/parent-child' xlink:from='us-gaap_StockholdersEquityAbstract' xlink:to='us-gaap_PreferredStockValue' use='optional' order='3.0'/>
		<link:loc xlink:type='locator' xlink:href='http://xbrl.fasb.org/us-gaap/2012/elts/us-gaap-2012-01-31.xsd#us-gaap_CommonStockValue' xlink:label='us-gaap_CommonStockValue'/>
		<link:presentationArc xlink:type='arc' xlink:arcrole='http://www.xbrl.org/2003/arcrole/parent-child' xlink:from='us-gaap_StockholdersEquityAbstract' xlink:to='us-gaap_CommonStockValue' use='optional' order='4.0'/>
		<link:loc xlink:type='locator' xlink:href='http://xbrl.fasb.org/us-gaap/2012/elts/us-gaap-2012-01-31.xsd#us-gaap_AdditionalPaidInCapital' xlink:label='us-gaap_AdditionalPaidInCapital'/>
		<link:presentationArc xlink:type='arc' xlink:arcrole='http://www.xbrl.org/2003/arcrole/parent-child' xlink:from='us-gaap_StockholdersEquityAbstract' xlink:to='us-gaap_AdditionalPaidInCapital' use='optional' order='5.0'/>
		<link:loc xlink:type='locator' xlink:href='http://xbrl.fasb.org/us-gaap/2012/elts/us-gaap-2012-01-31.xsd#us-gaap_RetainedEarningsAccumulatedDeficit' xlink:label='us-gaap_RetainedEarningsAccumulatedDeficit'/>
		<link:presentationArc xlink:type='arc' xlink:arcrole='http://www.xbrl.org/2003/arcrole/parent-child' xlink:from='us-gaap_StockholdersEquityAbstract' xlink:to='us-gaap_RetainedEarningsAccumulatedDeficit' use='optional' order='6.0'/>
		<link:loc xlink:type='locator' xlink:href='http://xbrl.fasb.org/us-gaap/2012/elts/us-gaap-2012-01-31.xsd#us-gaap_StockholdersEquityIncludingPortionAttributableToNoncontrollingInterest' xlink:label='us-gaap_StockholdersEquityIncludingPortionAttributableToNoncontrollingInterest'/>
		<link:presentationArc xlink:type='arc' xlink:arcrole='http://www.xbrl.org/2003/arcrole/parent-child' xlink:from='us-gaap_StockholdersEquityAbstract' xlink:to='us-gaap_StockholdersEquityIncludingPortionAttributableToNoncontrollingInterest' use='optional' order='7.0' preferredLabel='http://www.xbrl.org/2003/role/totalLabel'/>
		<link:loc xlink:type='locator' xlink:href='http://xbrl.fasb.org/us-gaap/2012/elts/us-gaap-2012-01-31.xsd#us-gaap_LiabilitiesAndStockholdersEquity' xlink:label='us-gaap_LiabilitiesAndStockholdersEquity'/>
		<link:presentationArc xlink:type='arc' xlink:arcrole='http://www.xbrl.org/2003/arcrole/parent-child' xlink:from='us-gaap_StockholdersEquityAbstract' xlink:to='us-gaap_LiabilitiesAndStockholdersEquity' use='optional' order='8.0' preferredLabel='http://www.xbrl.org/2003/role/totalLabel'/>
	</link:presentationLink>
	<link:roleRef roleURI="http://green-endeavors.com/20120331/role/idr_ConsolidatedBalanceSheetsParenthetical" xlink:type="simple" xlink:href="grne-20120331.xsd#idr_ConsolidatedBalanceSheetsParenthetical"/>
	<link:presentationLink xlink:type="extended" xlink:role="http://green-endeavors.com/20120331/role/idr_ConsolidatedBalanceSheetsParenthetical">
		<link:loc xlink:type='locator' xlink:href='http://xbrl.fasb.org/us-gaap/2012/elts/us-gaap-2012-01-31.xsd#us-gaap_StatementOfFinancialPositionAbstract' xlink:label='us-gaap_StatementOfFinancialPositionAbstract'/>
		<link:loc xlink:type='locator' xlink:href='http://xbrl.fasb.org/us-gaap/2012/elts/us-gaap-2012-01-31.xsd#us-gaap_StatementTable' xlink:label='us-gaap_StatementTable'/>
		<link:presentationArc xlink:type='arc' xlink:arcrole='http://www.xbrl.org/2003/arcrole/parent-child' xlink:from='us-gaap_StatementOfFinancialPositionAbstract' xlink:to='us-gaap_StatementTable' use='optional' order='1.0'/>
		<link:loc xlink:type='locator' xlink:href='http://xbrl.fasb.org/us-gaap/2012/elts/us-gaap-2012-01-31.xsd#us-gaap_StatementLineItems' xlink:label='us-gaap_StatementLineItems'/>
		<link:presentationArc xlink:type='arc' xlink:arcrole='http://www.xbrl.org/2003/arcrole/parent-child' xlink:from='us-gaap_StatementTable' xlink:to='us-gaap_StatementLineItems' use='optional' order='1.0' preferredLabel='http://www.xbrl.org/2003/role/terseLabel'/>
		<link:loc xlink:type='locator' xlink:href='http://xbrl.fasb.org/us-gaap/2012/elts/us-gaap-2012-01-31.xsd#us-gaap_AccumulatedDepreciationDepletionAndAmortizationPropertyPlantAndEquipment' xlink:label='us-gaap_AccumulatedDepreciationDepletionAndAmortizationPropertyPlantAndEquipment'/>
		<link:presentationArc xlink:type='arc' xlink:arcrole='http://www.xbrl.org/2003/arcrole/parent-child' xlink:from='us-gaap_StatementLineItems' xlink:to='us-gaap_AccumulatedDepreciationDepletionAndAmortizationPropertyPlantAndEquipment' use='optional' order='1.0'/>
		<link:loc xlink:type='locator' xlink:href='http://xbrl.fasb.org/us-gaap/2012/elts/us-gaap-2012-01-31.xsd#us-gaap_DebtInstrumentUnamortizedDiscount' xlink:label='us-gaap_DebtInstrumentUnamortizedDiscount'/>
		<link:presentationArc xlink:type='arc' xlink:arcrole='http://www.xbrl.org/2003/arcrole/parent-child' xlink:from='us-gaap_StatementLineItems' xlink:to='us-gaap_DebtInstrumentUnamortizedDiscount' use='optional' order='2.0'/>
		<link:loc xlink:type='locator' xlink:href='http://xbrl.fasb.org/us-gaap/2012/elts/us-gaap-2012-01-31.xsd#us-gaap_DebtInstrumentUnamortizedDiscountPremiumNet' xlink:label='us-gaap_DebtInstrumentUnamortizedDiscountPremiumNet'/>
		<link:presentationArc xlink:type='arc' xlink:arcrole='http://www.xbrl.org/2003/arcrole/parent-child' xlink:from='us-gaap_StatementLineItems' xlink:to='us-gaap_DebtInstrumentUnamortizedDiscountPremiumNet' use='optional' order='3.0'/>
		<link:loc xlink:type='locator' xlink:href='http://xbrl.fasb.org/us-gaap/2012/elts/us-gaap-2012-01-31.xsd#us-gaap_ConvertiblePreferredStockParStatedValuePerShare' xlink:label='us-gaap_ConvertiblePreferredStockParStatedValuePerShare'/>
		<link:presentationArc xlink:type='arc' xlink:arcrole='http://www.xbrl.org/2003/arcrole/parent-child' xlink:from='us-gaap_StatementLineItems' xlink:to='us-gaap_ConvertiblePreferredStockParStatedValuePerShare' use='optional' order='4.0'/>
		<link:loc xlink:type='locator' xlink:href='http://xbrl.fasb.org/us-gaap/2012/elts/us-gaap-2012-01-31.xsd#us-gaap_RedeemableConvertiblePreferredStockSharesAuthorized' xlink:label='us-gaap_RedeemableConvertiblePreferredStockSharesAuthorized'/>
		<link:presentationArc xlink:type='arc' xlink:arcrole='http://www.xbrl.org/2003/arcrole/parent-child' xlink:from='us-gaap_StatementLineItems' xlink:to='us-gaap_RedeemableConvertiblePreferredStockSharesAuthorized' use='optional' order='5.0'/>
		<link:loc xlink:type='locator' xlink:href='http://xbrl.fasb.org/us-gaap/2012/elts/us-gaap-2012-01-31.xsd#us-gaap_RedeemableConvertiblePreferredStockSharesIssued' xlink:label='us-gaap_RedeemableConvertiblePreferredStockSharesIssued'/>
		<link:presentationArc xlink:type='arc' xlink:arcrole='http://www.xbrl.org/2003/arcrole/parent-child' xlink:from='us-gaap_StatementLineItems' xlink:to='us-gaap_RedeemableConvertiblePreferredStockSharesIssued' use='optional' order='6.0'/>
		<link:loc xlink:type='locator' xlink:href='http://xbrl.fasb.org/us-gaap/2012/elts/us-gaap-2012-01-31.xsd#us-gaap_RedeemableConvertiblePreferredStockSharesOutstanding' xlink:label='us-gaap_RedeemableConvertiblePreferredStockSharesOutstanding'/>
		<link:presentationArc xlink:type='arc' xlink:arcrole='http://www.xbrl.org/2003/arcrole/parent-child' xlink:from='us-gaap_StatementLineItems' xlink:to='us-gaap_RedeemableConvertiblePreferredStockSharesOutstanding' use='optional' order='7.0'/>
		<link:loc xlink:type='locator' xlink:href='grne-20120331.xsd#fil_GrneConvertiblePreferredSeriesBStockParOrStatedValue' xlink:label='fil_GrneConvertiblePreferredSeriesBStockParOrStatedValue'/>
		<link:presentationArc xlink:type='arc' xlink:arcrole='http://www.xbrl.org/2003/arcrole/parent-child' xlink:from='us-gaap_StatementLineItems' xlink:to='fil_GrneConvertiblePreferredSeriesBStockParOrStatedValue' use='optional' order='8.0'/>
		<link:loc xlink:type='locator' xlink:href='http://xbrl.fasb.org/us-gaap/2012/elts/us-gaap-2012-01-31.xsd#us-gaap_ConvertiblePreferredStockSharesAuthorized' xlink:label='us-gaap_ConvertiblePreferredStockSharesAuthorized'/>
		<link:presentationArc xlink:type='arc' xlink:arcrole='http://www.xbrl.org/2003/arcrole/parent-child' xlink:from='us-gaap_StatementLineItems' xlink:to='us-gaap_ConvertiblePreferredStockSharesAuthorized' use='optional' order='9.0'/>
		<link:loc xlink:type='locator' xlink:href='http://xbrl.fasb.org/us-gaap/2012/elts/us-gaap-2012-01-31.xsd#us-gaap_ConvertiblePreferredStockSharesIssued' xlink:label='us-gaap_ConvertiblePreferredStockSharesIssued'/>
		<link:presentationArc xlink:type='arc' xlink:arcrole='http://www.xbrl.org/2003/arcrole/parent-child' xlink:from='us-gaap_StatementLineItems' xlink:to='us-gaap_ConvertiblePreferredStockSharesIssued' use='optional' order='10.0'/>
		<link:loc xlink:type='locator' xlink:href='http://xbrl.fasb.org/us-gaap/2012/elts/us-gaap-2012-01-31.xsd#us-gaap_ConvertiblePreferredStockSharesOutstanding' xlink:label='us-gaap_ConvertiblePreferredStockSharesOutstanding'/>
		<link:presentationArc xlink:type='arc' xlink:arcrole='http://www.xbrl.org/2003/arcrole/parent-child' xlink:from='us-gaap_StatementLineItems' xlink:to='us-gaap_ConvertiblePreferredStockSharesOutstanding' use='optional' order='11.0'/>
		<link:loc xlink:type='locator' xlink:href='http://xbrl.fasb.org/us-gaap/2012/elts/us-gaap-2012-01-31.xsd#us-gaap_PreferredStockParOrStatedValuePerShare' xlink:label='us-gaap_PreferredStockParOrStatedValuePerShare'/>
		<link:presentationArc xlink:type='arc' xlink:arcrole='http://www.xbrl.org/2003/arcrole/parent-child' xlink:from='us-gaap_StatementLineItems' xlink:to='us-gaap_PreferredStockParOrStatedValuePerShare' use='optional' order='12.0'/>
		<link:loc xlink:type='locator' xlink:href='http://xbrl.fasb.org/us-gaap/2012/elts/us-gaap-2012-01-31.xsd#us-gaap_PreferredStockSharesAuthorized' xlink:label='us-gaap_PreferredStockSharesAuthorized'/>
		<link:presentationArc xlink:type='arc' xlink:arcrole='http://www.xbrl.org/2003/arcrole/parent-child' xlink:from='us-gaap_StatementLineItems' xlink:to='us-gaap_PreferredStockSharesAuthorized' use='optional' order='13.0'/>
		<link:loc xlink:type='locator' xlink:href='http://xbrl.fasb.org/us-gaap/2012/elts/us-gaap-2012-01-31.xsd#us-gaap_PreferredStockSharesIssued' xlink:label='us-gaap_PreferredStockSharesIssued'/>
		<link:presentationArc xlink:type='arc' xlink:arcrole='http://www.xbrl.org/2003/arcrole/parent-child' xlink:from='us-gaap_StatementLineItems' xlink:to='us-gaap_PreferredStockSharesIssued' use='optional' order='14.0'/>
		<link:loc xlink:type='locator' xlink:href='http://xbrl.fasb.org/us-gaap/2012/elts/us-gaap-2012-01-31.xsd#us-gaap_PreferredStockSharesOutstanding' xlink:label='us-gaap_PreferredStockSharesOutstanding'/>
		<link:presentationArc xlink:type='arc' xlink:arcrole='http://www.xbrl.org/2003/arcrole/parent-child' xlink:from='us-gaap_StatementLineItems' xlink:to='us-gaap_PreferredStockSharesOutstanding' use='optional' order='15.0'/>
		<link:loc xlink:type='locator' xlink:href='http://xbrl.fasb.org/us-gaap/2012/elts/us-gaap-2012-01-31.xsd#us-gaap_CommonStockParOrStatedValuePerShare' xlink:label='us-gaap_CommonStockParOrStatedValuePerShare'/>
		<link:presentationArc xlink:type='arc' xlink:arcrole='http://www.xbrl.org/2003/arcrole/parent-child' xlink:from='us-gaap_StatementLineItems' xlink:to='us-gaap_CommonStockParOrStatedValuePerShare' use='optional' order='16.0'/>
		<link:loc xlink:type='locator' xlink:href='http://xbrl.fasb.org/us-gaap/2012/elts/us-gaap-2012-01-31.xsd#us-gaap_CommonStockSharesAuthorized' xlink:label='us-gaap_CommonStockSharesAuthorized'/>
		<link:presentationArc xlink:type='arc' xlink:arcrole='http://www.xbrl.org/2003/arcrole/parent-child' xlink:from='us-gaap_StatementLineItems' xlink:to='us-gaap_CommonStockSharesAuthorized' use='optional' order='17.0'/>
		<link:loc xlink:type='locator' xlink:href='http://xbrl.fasb.org/us-gaap/2012/elts/us-gaap-2012-01-31.xsd#us-gaap_CommonStockSharesIssued' xlink:label='us-gaap_CommonStockSharesIssued'/>
		<link:presentationArc xlink:type='arc' xlink:arcrole='http://www.xbrl.org/2003/arcrole/parent-child' xlink:from='us-gaap_StatementLineItems' xlink:to='us-gaap_CommonStockSharesIssued' use='optional' order='18.0'/>
		<link:loc xlink:type='locator' xlink:href='http://xbrl.fasb.org/us-gaap/2012/elts/us-gaap-2012-01-31.xsd#us-gaap_CommonStockSharesOutstanding' xlink:label='us-gaap_CommonStockSharesOutstanding'/>
		<link:presentationArc xlink:type='arc' xlink:arcrole='http://www.xbrl.org/2003/arcrole/parent-child' xlink:from='us-gaap_StatementLineItems' xlink:to='us-gaap_CommonStockSharesOutstanding' use='optional' order='19.0'/>
	</link:presentationLink>
	<link:roleRef roleURI="http://green-endeavors.com/20120331/role/idr_CondensedConsolidatedStatementsOfOperationsUnaudited" xlink:type="simple" xlink:href="grne-20120331.xsd#idr_CondensedConsolidatedStatementsOfOperationsUnaudited"/>
	<link:presentationLink xlink:type="extended" xlink:role="http://green-endeavors.com/20120331/role/idr_CondensedConsolidatedStatementsOfOperationsUnaudited">
		<link:loc xlink:type='locator' xlink:href='http://xbrl.fasb.org/us-gaap/2012/elts/us-gaap-2012-01-31.xsd#us-gaap_IncomeStatementAbstract' xlink:label='us-gaap_IncomeStatementAbstract'/>
		<link:loc xlink:type='locator' xlink:href='http://xbrl.fasb.org/us-gaap/2012/elts/us-gaap-2012-01-31.xsd#us-gaap_StatementTable' xlink:label='us-gaap_StatementTable'/>
		<link:presentationArc xlink:type='arc' xlink:arcrole='http://www.xbrl.org/2003/arcrole/parent-child' xlink:from='us-gaap_IncomeStatementAbstract' xlink:to='us-gaap_StatementTable' use='optional' order='1.0'/>
		<link:loc xlink:type='locator' xlink:href='http://xbrl.fasb.org/us-gaap/2012/elts/us-gaap-2012-01-31.xsd#us-gaap_StatementLineItems' xlink:label='us-gaap_StatementLineItems'/>
		<link:presentationArc xlink:type='arc' xlink:arcrole='http://www.xbrl.org/2003/arcrole/parent-child' xlink:from='us-gaap_StatementTable' xlink:to='us-gaap_StatementLineItems' use='optional' order='1.0' preferredLabel='http://www.xbrl.org/2003/role/terseLabel'/>
		<link:loc xlink:type='locator' xlink:href='http://xbrl.fasb.org/us-gaap/2012/elts/us-gaap-2012-01-31.xsd#us-gaap_RevenuesAbstract' xlink:label='us-gaap_RevenuesAbstract'/>
		<link:presentationArc xlink:type='arc' xlink:arcrole='http://www.xbrl.org/2003/arcrole/parent-child' xlink:from='us-gaap_StatementLineItems' xlink:to='us-gaap_RevenuesAbstract' use='optional' order='1.0'/>
		<link:loc xlink:type='locator' xlink:href='http://xbrl.fasb.org/us-gaap/2012/elts/us-gaap-2012-01-31.xsd#us-gaap_SalesRevenueServicesNet' xlink:label='us-gaap_SalesRevenueServicesNet'/>
		<link:presentationArc xlink:type='arc' xlink:arcrole='http://www.xbrl.org/2003/arcrole/parent-child' xlink:from='us-gaap_RevenuesAbstract' xlink:to='us-gaap_SalesRevenueServicesNet' use='optional' order='1.0'/>
		<link:loc xlink:type='locator' xlink:href='http://xbrl.fasb.org/us-gaap/2012/elts/us-gaap-2012-01-31.xsd#us-gaap_SalesRevenueGoodsNet' xlink:label='us-gaap_SalesRevenueGoodsNet'/>
		<link:presentationArc xlink:type='arc' xlink:arcrole='http://www.xbrl.org/2003/arcrole/parent-child' xlink:from='us-gaap_RevenuesAbstract' xlink:to='us-gaap_SalesRevenueGoodsNet' use='optional' order='2.0'/>
		<link:loc xlink:type='locator' xlink:href='http://xbrl.fasb.org/us-gaap/2012/elts/us-gaap-2012-01-31.xsd#us-gaap_Revenues' xlink:label='us-gaap_Revenues'/>
		<link:presentationArc xlink:type='arc' xlink:arcrole='http://www.xbrl.org/2003/arcrole/parent-child' xlink:from='us-gaap_RevenuesAbstract' xlink:to='us-gaap_Revenues' use='optional' order='3.0' preferredLabel='http://www.xbrl.org/2003/role/totalLabel'/>
		<link:loc xlink:type='locator' xlink:href='http://xbrl.fasb.org/us-gaap/2012/elts/us-gaap-2012-01-31.xsd#us-gaap_CostsAndExpensesAbstract' xlink:label='us-gaap_CostsAndExpensesAbstract'/>
		<link:presentationArc xlink:type='arc' xlink:arcrole='http://www.xbrl.org/2003/arcrole/parent-child' xlink:from='us-gaap_StatementLineItems' xlink:to='us-gaap_CostsAndExpensesAbstract' use='optional' order='2.0'/>
		<link:loc xlink:type='locator' xlink:href='http://xbrl.fasb.org/us-gaap/2012/elts/us-gaap-2012-01-31.xsd#us-gaap_CostOfServices' xlink:label='us-gaap_CostOfServices'/>
		<link:presentationArc xlink:type='arc' xlink:arcrole='http://www.xbrl.org/2003/arcrole/parent-child' xlink:from='us-gaap_CostsAndExpensesAbstract' xlink:to='us-gaap_CostOfServices' use='optional' order='1.0'/>
		<link:loc xlink:type='locator' xlink:href='http://xbrl.fasb.org/us-gaap/2012/elts/us-gaap-2012-01-31.xsd#us-gaap_CostOfGoodsSold' xlink:label='us-gaap_CostOfGoodsSold'/>
		<link:presentationArc xlink:type='arc' xlink:arcrole='http://www.xbrl.org/2003/arcrole/parent-child' xlink:from='us-gaap_CostsAndExpensesAbstract' xlink:to='us-gaap_CostOfGoodsSold' use='optional' order='2.0'/>
		<link:loc xlink:type='locator' xlink:href='http://xbrl.fasb.org/us-gaap/2012/elts/us-gaap-2012-01-31.xsd#us-gaap_Depreciation' xlink:label='us-gaap_Depreciation'/>
		<link:presentationArc xlink:type='arc' xlink:arcrole='http://www.xbrl.org/2003/arcrole/parent-child' xlink:from='us-gaap_CostsAndExpensesAbstract' xlink:to='us-gaap_Depreciation' use='optional' order='3.0'/>
		<link:loc xlink:type='locator' xlink:href='http://xbrl.fasb.org/us-gaap/2012/elts/us-gaap-2012-01-31.xsd#us-gaap_GeneralAndAdministrativeExpense' xlink:label='us-gaap_GeneralAndAdministrativeExpense'/>
		<link:presentationArc xlink:type='arc' xlink:arcrole='http://www.xbrl.org/2003/arcrole/parent-child' xlink:from='us-gaap_CostsAndExpensesAbstract' xlink:to='us-gaap_GeneralAndAdministrativeExpense' use='optional' order='4.0'/>
		<link:loc xlink:type='locator' xlink:href='http://xbrl.fasb.org/us-gaap/2012/elts/us-gaap-2012-01-31.xsd#us-gaap_CostsAndExpenses' xlink:label='us-gaap_CostsAndExpenses'/>
		<link:presentationArc xlink:type='arc' xlink:arcrole='http://www.xbrl.org/2003/arcrole/parent-child' xlink:from='us-gaap_CostsAndExpensesAbstract' xlink:to='us-gaap_CostsAndExpenses' use='optional' order='5.0' preferredLabel='http://www.xbrl.org/2003/role/totalLabel'/>
		<link:loc xlink:type='locator' xlink:href='http://xbrl.fasb.org/us-gaap/2012/elts/us-gaap-2012-01-31.xsd#us-gaap_OperatingIncomeLoss' xlink:label='us-gaap_OperatingIncomeLoss'/>
		<link:presentationArc xlink:type='arc' xlink:arcrole='http://www.xbrl.org/2003/arcrole/parent-child' xlink:from='us-gaap_CostsAndExpensesAbstract' xlink:to='us-gaap_OperatingIncomeLoss' use='optional' order='6.0' preferredLabel='http://www.xbrl.org/2003/role/totalLabel'/>
		<link:loc xlink:type='locator' xlink:href='http://xbrl.fasb.org/us-gaap/2012/elts/us-gaap-2012-01-31.xsd#us-gaap_OtherIncomeAndExpensesAbstract' xlink:label='us-gaap_OtherIncomeAndExpensesAbstract'/>
		<link:presentationArc xlink:type='arc' xlink:arcrole='http://www.xbrl.org/2003/arcrole/parent-child' xlink:from='us-gaap_StatementLineItems' xlink:to='us-gaap_OtherIncomeAndExpensesAbstract' use='optional' order='3.0'/>
		<link:loc xlink:type='locator' xlink:href='http://xbrl.fasb.org/us-gaap/2012/elts/us-gaap-2012-01-31.xsd#us-gaap_InvestmentIncomeInterest' xlink:label='us-gaap_InvestmentIncomeInterest'/>
		<link:presentationArc xlink:type='arc' xlink:arcrole='http://www.xbrl.org/2003/arcrole/parent-child' xlink:from='us-gaap_OtherIncomeAndExpensesAbstract' xlink:to='us-gaap_InvestmentIncomeInterest' use='optional' order='1.0'/>
		<link:loc xlink:type='locator' xlink:href='http://xbrl.fasb.org/us-gaap/2012/elts/us-gaap-2012-01-31.xsd#us-gaap_InterestExpense' xlink:label='us-gaap_InterestExpense'/>
		<link:presentationArc xlink:type='arc' xlink:arcrole='http://www.xbrl.org/2003/arcrole/parent-child' xlink:from='us-gaap_OtherIncomeAndExpensesAbstract' xlink:to='us-gaap_InterestExpense' use='optional' order='2.0' preferredLabel='http://www.xbrl.org/2009/role/negatedLabel'/>
		<link:loc xlink:type='locator' xlink:href='http://xbrl.fasb.org/us-gaap/2012/elts/us-gaap-2012-01-31.xsd#us-gaap_InterestExpenseRelatedParty' xlink:label='us-gaap_InterestExpenseRelatedParty'/>
		<link:presentationArc xlink:type='arc' xlink:arcrole='http://www.xbrl.org/2003/arcrole/parent-child' xlink:from='us-gaap_OtherIncomeAndExpensesAbstract' xlink:to='us-gaap_InterestExpenseRelatedParty' use='optional' order='3.0' preferredLabel='http://www.xbrl.org/2009/role/negatedLabel'/>
		<link:loc xlink:type='locator' xlink:href='grne-20120331.xsd#fil_GrneLossOnDefaultOfConvertibleNotesPayable' xlink:label='fil_GrneLossOnDefaultOfConvertibleNotesPayable'/>
		<link:presentationArc xlink:type='arc' xlink:arcrole='http://www.xbrl.org/2003/arcrole/parent-child' xlink:from='us-gaap_OtherIncomeAndExpensesAbstract' xlink:to='fil_GrneLossOnDefaultOfConvertibleNotesPayable' use='optional' order='4.0'/>
		<link:loc xlink:type='locator' xlink:href='http://xbrl.fasb.org/us-gaap/2012/elts/us-gaap-2012-01-31.xsd#us-gaap_GainLossOnDerivativeInstrumentsNetPretax' xlink:label='us-gaap_GainLossOnDerivativeInstrumentsNetPretax'/>
		<link:presentationArc xlink:type='arc' xlink:arcrole='http://www.xbrl.org/2003/arcrole/parent-child' xlink:from='us-gaap_OtherIncomeAndExpensesAbstract' xlink:to='us-gaap_GainLossOnDerivativeInstrumentsNetPretax' use='optional' order='5.0'/>
		<link:loc xlink:type='locator' xlink:href='http://xbrl.fasb.org/us-gaap/2012/elts/us-gaap-2012-01-31.xsd#us-gaap_OtherNonoperatingIncomeExpense' xlink:label='us-gaap_OtherNonoperatingIncomeExpense'/>
		<link:presentationArc xlink:type='arc' xlink:arcrole='http://www.xbrl.org/2003/arcrole/parent-child' xlink:from='us-gaap_OtherIncomeAndExpensesAbstract' xlink:to='us-gaap_OtherNonoperatingIncomeExpense' use='optional' order='6.0'/>
		<link:loc xlink:type='locator' xlink:href='http://xbrl.fasb.org/us-gaap/2012/elts/us-gaap-2012-01-31.xsd#us-gaap_OtherExpenses' xlink:label='us-gaap_OtherExpenses'/>
		<link:presentationArc xlink:type='arc' xlink:arcrole='http://www.xbrl.org/2003/arcrole/parent-child' xlink:from='us-gaap_OtherIncomeAndExpensesAbstract' xlink:to='us-gaap_OtherExpenses' use='optional' order='7.0' preferredLabel='http://www.xbrl.org/2009/role/negatedLabel'/>
		<link:loc xlink:type='locator' xlink:href='http://xbrl.fasb.org/us-gaap/2012/elts/us-gaap-2012-01-31.xsd#us-gaap_ProfitLoss' xlink:label='us-gaap_ProfitLoss'/>
		<link:presentationArc xlink:type='arc' xlink:arcrole='http://www.xbrl.org/2003/arcrole/parent-child' xlink:from='us-gaap_StatementLineItems' xlink:to='us-gaap_ProfitLoss' use='optional' order='4.0' preferredLabel='http://www.xbrl.org/2003/role/totalLabel'/>
		<link:loc xlink:type='locator' xlink:href='http://xbrl.fasb.org/us-gaap/2012/elts/us-gaap-2012-01-31.xsd#us-gaap_EarningsPerShareBasicAndDiluted' xlink:label='us-gaap_EarningsPerShareBasicAndDiluted'/>
		<link:presentationArc xlink:type='arc' xlink:arcrole='http://www.xbrl.org/2003/arcrole/parent-child' xlink:from='us-gaap_StatementLineItems' xlink:to='us-gaap_EarningsPerShareBasicAndDiluted' use='optional' order='5.0'/>
		<link:loc xlink:type='locator' xlink:href='http://xbrl.fasb.org/us-gaap/2012/elts/us-gaap-2012-01-31.xsd#us-gaap_WeightedAverageNumberOfShareOutstandingBasicAndDiluted' xlink:label='us-gaap_WeightedAverageNumberOfShareOutstandingBasicAndDiluted'/>
		<link:presentationArc xlink:type='arc' xlink:arcrole='http://www.xbrl.org/2003/arcrole/parent-child' xlink:from='us-gaap_StatementLineItems' xlink:to='us-gaap_WeightedAverageNumberOfShareOutstandingBasicAndDiluted' use='optional' order='6.0'/>
	</link:presentationLink>
	<link:roleRef roleURI="http://green-endeavors.com/20120331/role/idr_CondensedConsolidatedStatementsOfCashFlowsUnaudited" xlink:type="simple" xlink:href="grne-20120331.xsd#idr_CondensedConsolidatedStatementsOfCashFlowsUnaudited"/>
	<link:presentationLink xlink:type="extended" xlink:role="http://green-endeavors.com/20120331/role/idr_CondensedConsolidatedStatementsOfCashFlowsUnaudited">
		<link:loc xlink:type='locator' xlink:href='http://xbrl.fasb.org/us-gaap/2012/elts/us-gaap-2012-01-31.xsd#us-gaap_StatementOfCashFlowsAbstract' xlink:label='us-gaap_StatementOfCashFlowsAbstract'/>
		<link:loc xlink:type='locator' xlink:href='http://xbrl.fasb.org/us-gaap/2012/elts/us-gaap-2012-01-31.xsd#us-gaap_StatementTable' xlink:label='us-gaap_StatementTable'/>
		<link:presentationArc xlink:type='arc' xlink:arcrole='http://www.xbrl.org/2003/arcrole/parent-child' xlink:from='us-gaap_StatementOfCashFlowsAbstract' xlink:to='us-gaap_StatementTable' use='optional' order='1.0'/>
		<link:loc xlink:type='locator' xlink:href='http://xbrl.fasb.org/us-gaap/2012/elts/us-gaap-2012-01-31.xsd#us-gaap_StatementLineItems' xlink:label='us-gaap_StatementLineItems'/>
		<link:presentationArc xlink:type='arc' xlink:arcrole='http://www.xbrl.org/2003/arcrole/parent-child' xlink:from='us-gaap_StatementTable' xlink:to='us-gaap_StatementLineItems' use='optional' order='1.0' preferredLabel='http://www.xbrl.org/2003/role/terseLabel'/>
		<link:loc xlink:type='locator' xlink:href='http://xbrl.fasb.org/us-gaap/2012/elts/us-gaap-2012-01-31.xsd#us-gaap_NetCashProvidedByUsedInOperatingActivitiesAbstract' xlink:label='us-gaap_NetCashProvidedByUsedInOperatingActivitiesAbstract'/>
		<link:presentationArc xlink:type='arc' xlink:arcrole='http://www.xbrl.org/2003/arcrole/parent-child' xlink:from='us-gaap_StatementLineItems' xlink:to='us-gaap_NetCashProvidedByUsedInOperatingActivitiesAbstract' use='optional' order='1.0'/>
		<link:loc xlink:type='locator' xlink:href='http://xbrl.fasb.org/us-gaap/2012/elts/us-gaap-2012-01-31.xsd#us-gaap_ProfitLoss' xlink:label='us-gaap_ProfitLoss'/>
		<link:presentationArc xlink:type='arc' xlink:arcrole='http://www.xbrl.org/2003/arcrole/parent-child' xlink:from='us-gaap_NetCashProvidedByUsedInOperatingActivitiesAbstract' xlink:to='us-gaap_ProfitLoss' use='optional' order='1.0'/>
		<link:loc xlink:type='locator' xlink:href='http://xbrl.fasb.org/us-gaap/2012/elts/us-gaap-2012-01-31.xsd#us-gaap_AdjustmentsToReconcileNetIncomeLossToCashProvidedByUsedInOperatingActivitiesAbstract' xlink:label='us-gaap_AdjustmentsToReconcileNetIncomeLossToCashProvidedByUsedInOperatingActivitiesAbstract'/>
		<link:presentationArc xlink:type='arc' xlink:arcrole='http://www.xbrl.org/2003/arcrole/parent-child' xlink:from='us-gaap_NetCashProvidedByUsedInOperatingActivitiesAbstract' xlink:to='us-gaap_AdjustmentsToReconcileNetIncomeLossToCashProvidedByUsedInOperatingActivitiesAbstract' use='optional' order='2.0'/>
		<link:loc xlink:type='locator' xlink:href='http://xbrl.fasb.org/us-gaap/2012/elts/us-gaap-2012-01-31.xsd#us-gaap_Depreciation' xlink:label='us-gaap_Depreciation'/>
		<link:presentationArc xlink:type='arc' xlink:arcrole='http://www.xbrl.org/2003/arcrole/parent-child' xlink:from='us-gaap_AdjustmentsToReconcileNetIncomeLossToCashProvidedByUsedInOperatingActivitiesAbstract' xlink:to='us-gaap_Depreciation' use='optional' order='1.0'/>
		<link:loc xlink:type='locator' xlink:href='http://xbrl.fasb.org/us-gaap/2012/elts/us-gaap-2012-01-31.xsd#us-gaap_AmortizationOfDebtDiscountPremium' xlink:label='us-gaap_AmortizationOfDebtDiscountPremium'/>
		<link:presentationArc xlink:type='arc' xlink:arcrole='http://www.xbrl.org/2003/arcrole/parent-child' xlink:from='us-gaap_AdjustmentsToReconcileNetIncomeLossToCashProvidedByUsedInOperatingActivitiesAbstract' xlink:to='us-gaap_AmortizationOfDebtDiscountPremium' use='optional' order='2.0'/>
		<link:loc xlink:type='locator' xlink:href='http://xbrl.fasb.org/us-gaap/2012/elts/us-gaap-2012-01-31.xsd#us-gaap_ShareBasedCompensation' xlink:label='us-gaap_ShareBasedCompensation'/>
		<link:presentationArc xlink:type='arc' xlink:arcrole='http://www.xbrl.org/2003/arcrole/parent-child' xlink:from='us-gaap_AdjustmentsToReconcileNetIncomeLossToCashProvidedByUsedInOperatingActivitiesAbstract' xlink:to='us-gaap_ShareBasedCompensation' use='optional' order='3.0'/>
		<link:loc xlink:type='locator' xlink:href='http://xbrl.fasb.org/us-gaap/2012/elts/us-gaap-2012-01-31.xsd#us-gaap_LossContingencyLossInPeriod' xlink:label='us-gaap_LossContingencyLossInPeriod'/>
		<link:presentationArc xlink:type='arc' xlink:arcrole='http://www.xbrl.org/2003/arcrole/parent-child' xlink:from='us-gaap_AdjustmentsToReconcileNetIncomeLossToCashProvidedByUsedInOperatingActivitiesAbstract' xlink:to='us-gaap_LossContingencyLossInPeriod' use='optional' order='4.0'/>
		<link:loc xlink:type='locator' xlink:href='grne-20120331.xsd#fil_GrneLossOnDerivativeFairValueAdjustment' xlink:label='fil_GrneLossOnDerivativeFairValueAdjustment'/>
		<link:presentationArc xlink:type='arc' xlink:arcrole='http://www.xbrl.org/2003/arcrole/parent-child' xlink:from='us-gaap_AdjustmentsToReconcileNetIncomeLossToCashProvidedByUsedInOperatingActivitiesAbstract' xlink:to='fil_GrneLossOnDerivativeFairValueAdjustment' use='optional' order='5.0' preferredLabel='http://www.xbrl.org/2003/role/terseLabel'/>
		<link:loc xlink:type='locator' xlink:href='http://xbrl.fasb.org/us-gaap/2012/elts/us-gaap-2012-01-31.xsd#us-gaap_IncreaseDecreaseInOperatingCapitalAbstract' xlink:label='us-gaap_IncreaseDecreaseInOperatingCapitalAbstract'/>
		<link:presentationArc xlink:type='arc' xlink:arcrole='http://www.xbrl.org/2003/arcrole/parent-child' xlink:from='us-gaap_NetCashProvidedByUsedInOperatingActivitiesAbstract' xlink:to='us-gaap_IncreaseDecreaseInOperatingCapitalAbstract' use='optional' order='3.0'/>
		<link:loc xlink:type='locator' xlink:href='http://xbrl.fasb.org/us-gaap/2012/elts/us-gaap-2012-01-31.xsd#us-gaap_IncreaseDecreaseInAccountsReceivable' xlink:label='us-gaap_IncreaseDecreaseInAccountsReceivable'/>
		<link:presentationArc xlink:type='arc' xlink:arcrole='http://www.xbrl.org/2003/arcrole/parent-child' xlink:from='us-gaap_IncreaseDecreaseInOperatingCapitalAbstract' xlink:to='us-gaap_IncreaseDecreaseInAccountsReceivable' use='optional' order='1.0' preferredLabel='http://www.xbrl.org/2003/role/terseLabel'/>
		<link:loc xlink:type='locator' xlink:href='http://xbrl.fasb.org/us-gaap/2012/elts/us-gaap-2012-01-31.xsd#us-gaap_IncreaseDecreaseInInventories' xlink:label='us-gaap_IncreaseDecreaseInInventories'/>
		<link:presentationArc xlink:type='arc' xlink:arcrole='http://www.xbrl.org/2003/arcrole/parent-child' xlink:from='us-gaap_IncreaseDecreaseInOperatingCapitalAbstract' xlink:to='us-gaap_IncreaseDecreaseInInventories' use='optional' order='2.0' preferredLabel='http://www.xbrl.org/2003/role/terseLabel'/>
		<link:loc xlink:type='locator' xlink:href='http://xbrl.fasb.org/us-gaap/2012/elts/us-gaap-2012-01-31.xsd#us-gaap_IncreaseDecreaseInPrepaidExpense' xlink:label='us-gaap_IncreaseDecreaseInPrepaidExpense'/>
		<link:presentationArc xlink:type='arc' xlink:arcrole='http://www.xbrl.org/2003/arcrole/parent-child' xlink:from='us-gaap_IncreaseDecreaseInOperatingCapitalAbstract' xlink:to='us-gaap_IncreaseDecreaseInPrepaidExpense' use='optional' order='3.0' preferredLabel='http://www.xbrl.org/2003/role/terseLabel'/>
		<link:loc xlink:type='locator' xlink:href='http://xbrl.fasb.org/us-gaap/2012/elts/us-gaap-2012-01-31.xsd#us-gaap_IncreaseDecreaseInOtherOperatingAssets' xlink:label='us-gaap_IncreaseDecreaseInOtherOperatingAssets'/>
		<link:presentationArc xlink:type='arc' xlink:arcrole='http://www.xbrl.org/2003/arcrole/parent-child' xlink:from='us-gaap_IncreaseDecreaseInOperatingCapitalAbstract' xlink:to='us-gaap_IncreaseDecreaseInOtherOperatingAssets' use='optional' order='4.0' preferredLabel='http://www.xbrl.org/2003/role/terseLabel'/>
		<link:loc xlink:type='locator' xlink:href='http://xbrl.fasb.org/us-gaap/2012/elts/us-gaap-2012-01-31.xsd#us-gaap_IncreaseDecreaseInAccountsPayableAndAccruedLiabilities' xlink:label='us-gaap_IncreaseDecreaseInAccountsPayableAndAccruedLiabilities'/>
		<link:presentationArc xlink:type='arc' xlink:arcrole='http://www.xbrl.org/2003/arcrole/parent-child' xlink:from='us-gaap_IncreaseDecreaseInOperatingCapitalAbstract' xlink:to='us-gaap_IncreaseDecreaseInAccountsPayableAndAccruedLiabilities' use='optional' order='5.0' preferredLabel='http://www.xbrl.org/2003/role/terseLabel'/>
		<link:loc xlink:type='locator' xlink:href='http://xbrl.fasb.org/us-gaap/2012/elts/us-gaap-2012-01-31.xsd#us-gaap_IncreaseDecreaseInDueToRelatedParties' xlink:label='us-gaap_IncreaseDecreaseInDueToRelatedParties'/>
		<link:presentationArc xlink:type='arc' xlink:arcrole='http://www.xbrl.org/2003/arcrole/parent-child' xlink:from='us-gaap_IncreaseDecreaseInOperatingCapitalAbstract' xlink:to='us-gaap_IncreaseDecreaseInDueToRelatedParties' use='optional' order='6.0'/>
		<link:loc xlink:type='locator' xlink:href='http://xbrl.fasb.org/us-gaap/2012/elts/us-gaap-2012-01-31.xsd#us-gaap_IncreaseDecreaseInDeferredRevenue' xlink:label='us-gaap_IncreaseDecreaseInDeferredRevenue'/>
		<link:presentationArc xlink:type='arc' xlink:arcrole='http://www.xbrl.org/2003/arcrole/parent-child' xlink:from='us-gaap_IncreaseDecreaseInOperatingCapitalAbstract' xlink:to='us-gaap_IncreaseDecreaseInDeferredRevenue' use='optional' order='7.0' preferredLabel='http://www.xbrl.org/2003/role/terseLabel'/>
		<link:loc xlink:type='locator' xlink:href='http://xbrl.fasb.org/us-gaap/2012/elts/us-gaap-2012-01-31.xsd#us-gaap_NetCashProvidedByUsedInOperatingActivities' xlink:label='us-gaap_NetCashProvidedByUsedInOperatingActivities'/>
		<link:presentationArc xlink:type='arc' xlink:arcrole='http://www.xbrl.org/2003/arcrole/parent-child' xlink:from='us-gaap_IncreaseDecreaseInOperatingCapitalAbstract' xlink:to='us-gaap_NetCashProvidedByUsedInOperatingActivities' use='optional' order='8.0' preferredLabel='http://www.xbrl.org/2003/role/totalLabel'/>
		<link:loc xlink:type='locator' xlink:href='http://xbrl.fasb.org/us-gaap/2012/elts/us-gaap-2012-01-31.xsd#us-gaap_NetCashProvidedByUsedInInvestingActivitiesAbstract' xlink:label='us-gaap_NetCashProvidedByUsedInInvestingActivitiesAbstract'/>
		<link:presentationArc xlink:type='arc' xlink:arcrole='http://www.xbrl.org/2003/arcrole/parent-child' xlink:from='us-gaap_StatementLineItems' xlink:to='us-gaap_NetCashProvidedByUsedInInvestingActivitiesAbstract' use='optional' order='2.0'/>
		<link:loc xlink:type='locator' xlink:href='http://xbrl.fasb.org/us-gaap/2012/elts/us-gaap-2012-01-31.xsd#us-gaap_PaymentsToAcquirePropertyPlantAndEquipment' xlink:label='us-gaap_PaymentsToAcquirePropertyPlantAndEquipment'/>
		<link:presentationArc xlink:type='arc' xlink:arcrole='http://www.xbrl.org/2003/arcrole/parent-child' xlink:from='us-gaap_NetCashProvidedByUsedInInvestingActivitiesAbstract' xlink:to='us-gaap_PaymentsToAcquirePropertyPlantAndEquipment' use='optional' order='1.0' preferredLabel='http://www.xbrl.org/2009/role/negatedLabel'/>
		<link:loc xlink:type='locator' xlink:href='http://xbrl.fasb.org/us-gaap/2012/elts/us-gaap-2012-01-31.xsd#us-gaap_NetCashProvidedByUsedInInvestingActivities' xlink:label='us-gaap_NetCashProvidedByUsedInInvestingActivities'/>
		<link:presentationArc xlink:type='arc' xlink:arcrole='http://www.xbrl.org/2003/arcrole/parent-child' xlink:from='us-gaap_NetCashProvidedByUsedInInvestingActivitiesAbstract' xlink:to='us-gaap_NetCashProvidedByUsedInInvestingActivities' use='optional' order='2.0' preferredLabel='http://www.xbrl.org/2003/role/totalLabel'/>
		<link:loc xlink:type='locator' xlink:href='http://xbrl.fasb.org/us-gaap/2012/elts/us-gaap-2012-01-31.xsd#us-gaap_NetCashProvidedByUsedInFinancingActivitiesAbstract' xlink:label='us-gaap_NetCashProvidedByUsedInFinancingActivitiesAbstract'/>
		<link:presentationArc xlink:type='arc' xlink:arcrole='http://www.xbrl.org/2003/arcrole/parent-child' xlink:from='us-gaap_StatementLineItems' xlink:to='us-gaap_NetCashProvidedByUsedInFinancingActivitiesAbstract' use='optional' order='3.0'/>
		<link:loc xlink:type='locator' xlink:href='http://xbrl.fasb.org/us-gaap/2012/elts/us-gaap-2012-01-31.xsd#us-gaap_RepaymentsOfNotesPayable' xlink:label='us-gaap_RepaymentsOfNotesPayable'/>
		<link:presentationArc xlink:type='arc' xlink:arcrole='http://www.xbrl.org/2003/arcrole/parent-child' xlink:from='us-gaap_NetCashProvidedByUsedInFinancingActivitiesAbstract' xlink:to='us-gaap_RepaymentsOfNotesPayable' use='optional' order='1.0' preferredLabel='http://www.xbrl.org/2009/role/negatedLabel'/>
		<link:loc xlink:type='locator' xlink:href='http://xbrl.fasb.org/us-gaap/2012/elts/us-gaap-2012-01-31.xsd#us-gaap_RepaymentsOfRelatedPartyDebt' xlink:label='us-gaap_RepaymentsOfRelatedPartyDebt'/>
		<link:presentationArc xlink:type='arc' xlink:arcrole='http://www.xbrl.org/2003/arcrole/parent-child' xlink:from='us-gaap_NetCashProvidedByUsedInFinancingActivitiesAbstract' xlink:to='us-gaap_RepaymentsOfRelatedPartyDebt' use='optional' order='2.0' preferredLabel='http://www.xbrl.org/2009/role/negatedLabel'/>
		<link:loc xlink:type='locator' xlink:href='http://xbrl.fasb.org/us-gaap/2012/elts/us-gaap-2012-01-31.xsd#us-gaap_ProceedsFromNotesPayable' xlink:label='us-gaap_ProceedsFromNotesPayable'/>
		<link:presentationArc xlink:type='arc' xlink:arcrole='http://www.xbrl.org/2003/arcrole/parent-child' xlink:from='us-gaap_NetCashProvidedByUsedInFinancingActivitiesAbstract' xlink:to='us-gaap_ProceedsFromNotesPayable' use='optional' order='3.0'/>
		<link:loc xlink:type='locator' xlink:href='http://xbrl.fasb.org/us-gaap/2012/elts/us-gaap-2012-01-31.xsd#us-gaap_ProceedsFromIssuanceOfDebt' xlink:label='us-gaap_ProceedsFromIssuanceOfDebt'/>
		<link:presentationArc xlink:type='arc' xlink:arcrole='http://www.xbrl.org/2003/arcrole/parent-child' xlink:from='us-gaap_NetCashProvidedByUsedInFinancingActivitiesAbstract' xlink:to='us-gaap_ProceedsFromIssuanceOfDebt' use='optional' order='4.0'/>
		<link:loc xlink:type='locator' xlink:href='http://xbrl.fasb.org/us-gaap/2012/elts/us-gaap-2012-01-31.xsd#us-gaap_ProceedsFromStockOptionsExercised' xlink:label='us-gaap_ProceedsFromStockOptionsExercised'/>
		<link:presentationArc xlink:type='arc' xlink:arcrole='http://www.xbrl.org/2003/arcrole/parent-child' xlink:from='us-gaap_NetCashProvidedByUsedInFinancingActivitiesAbstract' xlink:to='us-gaap_ProceedsFromStockOptionsExercised' use='optional' order='5.0'/>
		<link:loc xlink:type='locator' xlink:href='http://xbrl.fasb.org/us-gaap/2012/elts/us-gaap-2012-01-31.xsd#us-gaap_ProceedsFromIssuanceOfConvertiblePreferredStock' xlink:label='us-gaap_ProceedsFromIssuanceOfConvertiblePreferredStock'/>
		<link:presentationArc xlink:type='arc' xlink:arcrole='http://www.xbrl.org/2003/arcrole/parent-child' xlink:from='us-gaap_NetCashProvidedByUsedInFinancingActivitiesAbstract' xlink:to='us-gaap_ProceedsFromIssuanceOfConvertiblePreferredStock' use='optional' order='6.0'/>
		<link:loc xlink:type='locator' xlink:href='http://xbrl.fasb.org/us-gaap/2012/elts/us-gaap-2012-01-31.xsd#us-gaap_NetCashProvidedByUsedInFinancingActivities' xlink:label='us-gaap_NetCashProvidedByUsedInFinancingActivities'/>
		<link:presentationArc xlink:type='arc' xlink:arcrole='http://www.xbrl.org/2003/arcrole/parent-child' xlink:from='us-gaap_NetCashProvidedByUsedInFinancingActivitiesAbstract' xlink:to='us-gaap_NetCashProvidedByUsedInFinancingActivities' use='optional' order='7.0' preferredLabel='http://www.xbrl.org/2003/role/totalLabel'/>
		<link:loc xlink:type='locator' xlink:href='http://xbrl.fasb.org/us-gaap/2012/elts/us-gaap-2012-01-31.xsd#us-gaap_CashPeriodIncreaseDecrease' xlink:label='us-gaap_CashPeriodIncreaseDecrease'/>
		<link:presentationArc xlink:type='arc' xlink:arcrole='http://www.xbrl.org/2003/arcrole/parent-child' xlink:from='us-gaap_StatementLineItems' xlink:to='us-gaap_CashPeriodIncreaseDecrease' use='optional' order='4.0' preferredLabel='http://www.xbrl.org/2003/role/totalLabel'/>
		<link:loc xlink:type='locator' xlink:href='http://xbrl.fasb.org/us-gaap/2012/elts/us-gaap-2012-01-31.xsd#us-gaap_CashAndCashEquivalentsAtCarryingValue' xlink:label='us-gaap_CashAndCashEquivalentsAtCarryingValue'/>
		<link:presentationArc xlink:type='arc' xlink:arcrole='http://www.xbrl.org/2003/arcrole/parent-child' xlink:from='us-gaap_StatementLineItems' xlink:to='us-gaap_CashAndCashEquivalentsAtCarryingValue' use='optional' order='5.0' preferredLabel='http://www.xbrl.org/2003/role/periodStartLabel'/>
		<link:loc xlink:type='locator' xlink:href='http://xbrl.fasb.org/us-gaap/2012/elts/us-gaap-2012-01-31.xsd#us-gaap_CashAndCashEquivalentsAtCarryingValue' xlink:label='us-gaap_CashAndCashEquivalentsAtCarryingValue_1'/>
		<link:presentationArc xlink:type='arc' xlink:arcrole='http://www.xbrl.org/2003/arcrole/parent-child' xlink:from='us-gaap_StatementLineItems' xlink:to='us-gaap_CashAndCashEquivalentsAtCarryingValue_1' use='optional' order='6.0' preferredLabel='http://www.xbrl.org/2003/role/periodEndLabel'/>
		<link:loc xlink:type='locator' xlink:href='http://xbrl.fasb.org/us-gaap/2012/elts/us-gaap-2012-01-31.xsd#us-gaap_SupplementalCashFlowInformationAbstract' xlink:label='us-gaap_SupplementalCashFlowInformationAbstract'/>
		<link:presentationArc xlink:type='arc' xlink:arcrole='http://www.xbrl.org/2003/arcrole/parent-child' xlink:from='us-gaap_StatementLineItems' xlink:to='us-gaap_SupplementalCashFlowInformationAbstract' use='optional' order='7.0'/>
		<link:loc xlink:type='locator' xlink:href='http://xbrl.fasb.org/us-gaap/2012/elts/us-gaap-2012-01-31.xsd#us-gaap_InterestPaid' xlink:label='us-gaap_InterestPaid'/>
		<link:presentationArc xlink:type='arc' xlink:arcrole='http://www.xbrl.org/2003/arcrole/parent-child' xlink:from='us-gaap_SupplementalCashFlowInformationAbstract' xlink:to='us-gaap_InterestPaid' use='optional' order='1.0'/>
		<link:loc xlink:type='locator' xlink:href='http://xbrl.fasb.org/us-gaap/2012/elts/us-gaap-2012-01-31.xsd#us-gaap_CashFlowNoncashInvestingAndFinancingActivitiesDisclosureAbstract' xlink:label='us-gaap_CashFlowNoncashInvestingAndFinancingActivitiesDisclosureAbstract'/>
		<link:presentationArc xlink:type='arc' xlink:arcrole='http://www.xbrl.org/2003/arcrole/parent-child' xlink:from='us-gaap_StatementLineItems' xlink:to='us-gaap_CashFlowNoncashInvestingAndFinancingActivitiesDisclosureAbstract' use='optional' order='8.0'/>
		<link:loc xlink:type='locator' xlink:href='http://xbrl.fasb.org/us-gaap/2012/elts/us-gaap-2012-01-31.xsd#us-gaap_DebtConversionConvertedInstrumentAmount' xlink:label='us-gaap_DebtConversionConvertedInstrumentAmount'/>
		<link:presentationArc xlink:type='arc' xlink:arcrole='http://www.xbrl.org/2003/arcrole/parent-child' xlink:from='us-gaap_CashFlowNoncashInvestingAndFinancingActivitiesDisclosureAbstract' xlink:to='us-gaap_DebtConversionConvertedInstrumentAmount' use='optional' order='1.0'/>
		<link:loc xlink:type='locator' xlink:href='http://xbrl.fasb.org/us-gaap/2012/elts/us-gaap-2012-01-31.xsd#us-gaap_IncreaseDecreaseInDerivativeLiabilities' xlink:label='us-gaap_IncreaseDecreaseInDerivativeLiabilities'/>
		<link:presentationArc xlink:type='arc' xlink:arcrole='http://www.xbrl.org/2003/arcrole/parent-child' xlink:from='us-gaap_CashFlowNoncashInvestingAndFinancingActivitiesDisclosureAbstract' xlink:to='us-gaap_IncreaseDecreaseInDerivativeLiabilities' use='optional' order='2.0'/>
		<link:loc xlink:type='locator' xlink:href='grne-20120331.xsd#fil_GrneConversionOfSeriesBPreferredSharesToCommonStock' xlink:label='fil_GrneConversionOfSeriesBPreferredSharesToCommonStock'/>
		<link:presentationArc xlink:type='arc' xlink:arcrole='http://www.xbrl.org/2003/arcrole/parent-child' xlink:from='us-gaap_CashFlowNoncashInvestingAndFinancingActivitiesDisclosureAbstract' xlink:to='fil_GrneConversionOfSeriesBPreferredSharesToCommonStock' use='optional' order='3.0'/>
		<link:loc xlink:type='locator' xlink:href='http://xbrl.fasb.org/us-gaap/2012/elts/us-gaap-2012-01-31.xsd#us-gaap_StockOptionPlanExpense' xlink:label='us-gaap_StockOptionPlanExpense'/>
		<link:presentationArc xlink:type='arc' xlink:arcrole='http://www.xbrl.org/2003/arcrole/parent-child' xlink:from='us-gaap_CashFlowNoncashInvestingAndFinancingActivitiesDisclosureAbstract' xlink:to='us-gaap_StockOptionPlanExpense' use='optional' order='4.0'/>
	</link:presentationLink>
	<link:roleRef roleURI="http://green-endeavors.com/20120331/role/idr_DisclosureOrganizationAndBasisOfFinancialStatementPresentation" xlink:type="simple" xlink:href="grne-20120331.xsd#idr_DisclosureOrganizationAndBasisOfFinancialStatementPresentation"/>
	<link:presentationLink xlink:type="extended" xlink:role="http://green-endeavors.com/20120331/role/idr_DisclosureOrganizationAndBasisOfFinancialStatementPresentation">
		<link:loc xlink:type='locator' xlink:href='grne-20120331.xsd#fil_OrganizationAndBasisOfFinancialStatementPresentationAbstract' xlink:label='fil_OrganizationAndBasisOfFinancialStatementPresentationAbstract'/>
		<link:loc xlink:type='locator' xlink:href='http://xbrl.fasb.org/us-gaap/2012/elts/us-gaap-2012-01-31.xsd#us-gaap_BusinessDescriptionAndBasisOfPresentationTextBlock' xlink:label='us-gaap_BusinessDescriptionAndBasisOfPresentationTextBlock'/>
		<link:presentationArc xlink:type='arc' xlink:arcrole='http://www.xbrl.org/2003/arcrole/parent-child' xlink:from='fil_OrganizationAndBasisOfFinancialStatementPresentationAbstract' xlink:to='us-gaap_BusinessDescriptionAndBasisOfPresentationTextBlock' use='optional' order='1.0'/>
	</link:presentationLink>
	<link:roleRef roleURI="http://green-endeavors.com/20120331/role/idr_DisclosureSummaryOfSignificantAccountingPolicies" xlink:type="simple" xlink:href="grne-20120331.xsd#idr_DisclosureSummaryOfSignificantAccountingPolicies"/>
	<link:presentationLink xlink:type="extended" xlink:role="http://green-endeavors.com/20120331/role/idr_DisclosureSummaryOfSignificantAccountingPolicies">
		<link:loc xlink:type='locator' xlink:href='grne-20120331.xsd#fil_SummaryOfSignificantAccountingPoliciesAbstract' xlink:label='fil_SummaryOfSignificantAccountingPoliciesAbstract'/>
		<link:loc xlink:type='locator' xlink:href='http://xbrl.fasb.org/us-gaap/2012/elts/us-gaap-2012-01-31.xsd#us-gaap_SignificantAccountingPoliciesTextBlock' xlink:label='us-gaap_SignificantAccountingPoliciesTextBlock'/>
		<link:presentationArc xlink:type='arc' xlink:arcrole='http://www.xbrl.org/2003/arcrole/parent-child' xlink:from='fil_SummaryOfSignificantAccountingPoliciesAbstract' xlink:to='us-gaap_SignificantAccountingPoliciesTextBlock' use='optional' order='1.0'/>
	</link:presentationLink>
	<link:roleRef roleURI="http://green-endeavors.com/20120331/role/idr_DisclosureInventory" xlink:type="simple" xlink:href="grne-20120331.xsd#idr_DisclosureInventory"/>
	<link:presentationLink xlink:type="extended" xlink:role="http://green-endeavors.com/20120331/role/idr_DisclosureInventory">
		<link:loc xlink:type='locator' xlink:href='grne-20120331.xsd#fil_InventoryAbstract' xlink:label='fil_InventoryAbstract'/>
		<link:loc xlink:type='locator' xlink:href='http://xbrl.fasb.org/us-gaap/2012/elts/us-gaap-2012-01-31.xsd#us-gaap_InventoryDisclosureTextBlock' xlink:label='us-gaap_InventoryDisclosureTextBlock'/>
		<link:presentationArc xlink:type='arc' xlink:arcrole='http://www.xbrl.org/2003/arcrole/parent-child' xlink:from='fil_InventoryAbstract' xlink:to='us-gaap_InventoryDisclosureTextBlock' use='optional' order='1.0' preferredLabel='http://www.xbrl.org/2003/role/terseLabel'/>
	</link:presentationLink>
	<link:roleRef roleURI="http://green-endeavors.com/20120331/role/idr_DisclosureOtherAssets" xlink:type="simple" xlink:href="grne-20120331.xsd#idr_DisclosureOtherAssets"/>
	<link:presentationLink xlink:type="extended" xlink:role="http://green-endeavors.com/20120331/role/idr_DisclosureOtherAssets">
		<link:loc xlink:type='locator' xlink:href='grne-20120331.xsd#fil_OtherAssetsAbstract1' xlink:label='fil_OtherAssetsAbstract1'/>
		<link:loc xlink:type='locator' xlink:href='http://xbrl.fasb.org/us-gaap/2012/elts/us-gaap-2012-01-31.xsd#us-gaap_OtherAssetsDisclosureTextBlock' xlink:label='us-gaap_OtherAssetsDisclosureTextBlock'/>
		<link:presentationArc xlink:type='arc' xlink:arcrole='http://www.xbrl.org/2003/arcrole/parent-child' xlink:from='fil_OtherAssetsAbstract1' xlink:to='us-gaap_OtherAssetsDisclosureTextBlock' use='optional' order='1.0' preferredLabel='http://www.xbrl.org/2003/role/terseLabel'/>
	</link:presentationLink>
	<link:roleRef roleURI="http://green-endeavors.com/20120331/role/idr_DisclosureDerivativeLiability" xlink:type="simple" xlink:href="grne-20120331.xsd#idr_DisclosureDerivativeLiability"/>
	<link:presentationLink xlink:type="extended" xlink:role="http://green-endeavors.com/20120331/role/idr_DisclosureDerivativeLiability">
		<link:loc xlink:type='locator' xlink:href='grne-20120331.xsd#fil_DerivativeLiabilityAbstract' xlink:label='fil_DerivativeLiabilityAbstract'/>
		<link:loc xlink:type='locator' xlink:href='http://xbrl.fasb.org/us-gaap/2012/elts/us-gaap-2012-01-31.xsd#us-gaap_DerivativesAndFairValueTextBlock' xlink:label='us-gaap_DerivativesAndFairValueTextBlock'/>
		<link:presentationArc xlink:type='arc' xlink:arcrole='http://www.xbrl.org/2003/arcrole/parent-child' xlink:from='fil_DerivativeLiabilityAbstract' xlink:to='us-gaap_DerivativesAndFairValueTextBlock' use='optional' order='1.0'/>
	</link:presentationLink>
	<link:roleRef roleURI="http://green-endeavors.com/20120331/role/idr_DisclosureRelatedPartyTransactions" xlink:type="simple" xlink:href="grne-20120331.xsd#idr_DisclosureRelatedPartyTransactions"/>
	<link:presentationLink xlink:type="extended" xlink:role="http://green-endeavors.com/20120331/role/idr_DisclosureRelatedPartyTransactions">
		<link:loc xlink:type='locator' xlink:href='grne-20120331.xsd#fil_RelatedPartyTransactionsAbstract1' xlink:label='fil_RelatedPartyTransactionsAbstract1'/>
		<link:loc xlink:type='locator' xlink:href='http://xbrl.fasb.org/us-gaap/2012/elts/us-gaap-2012-01-31.xsd#us-gaap_RelatedPartyTransactionsDisclosureTextBlock' xlink:label='us-gaap_RelatedPartyTransactionsDisclosureTextBlock'/>
		<link:presentationArc xlink:type='arc' xlink:arcrole='http://www.xbrl.org/2003/arcrole/parent-child' xlink:from='fil_RelatedPartyTransactionsAbstract1' xlink:to='us-gaap_RelatedPartyTransactionsDisclosureTextBlock' use='optional' order='1.0'/>
	</link:presentationLink>
	<link:roleRef roleURI="http://green-endeavors.com/20120331/role/idr_DisclosureNotesPayable" xlink:type="simple" xlink:href="grne-20120331.xsd#idr_DisclosureNotesPayable"/>
	<link:presentationLink xlink:type="extended" xlink:role="http://green-endeavors.com/20120331/role/idr_DisclosureNotesPayable">
		<link:loc xlink:type='locator' xlink:href='grne-20120331.xsd#fil_NotesPayableAbstract1' xlink:label='fil_NotesPayableAbstract1'/>
		<link:loc xlink:type='locator' xlink:href='http://xbrl.fasb.org/us-gaap/2012/elts/us-gaap-2012-01-31.xsd#us-gaap_NotesPayableFairValueDisclosureMethodology' xlink:label='us-gaap_NotesPayableFairValueDisclosureMethodology'/>
		<link:presentationArc xlink:type='arc' xlink:arcrole='http://www.xbrl.org/2003/arcrole/parent-child' xlink:from='fil_NotesPayableAbstract1' xlink:to='us-gaap_NotesPayableFairValueDisclosureMethodology' use='optional' order='1.0' preferredLabel='http://www.xbrl.org/2003/role/terseLabel'/>
	</link:presentationLink>
	<link:roleRef roleURI="http://green-endeavors.com/20120331/role/idr_DisclosureStockholdersDeficit" xlink:type="simple" xlink:href="grne-20120331.xsd#idr_DisclosureStockholdersDeficit"/>
	<link:presentationLink xlink:type="extended" xlink:role="http://green-endeavors.com/20120331/role/idr_DisclosureStockholdersDeficit">
		<link:loc xlink:type='locator' xlink:href='grne-20120331.xsd#fil_StockholdersDeficitAbstract' xlink:label='fil_StockholdersDeficitAbstract'/>
		<link:loc xlink:type='locator' xlink:href='http://xbrl.fasb.org/us-gaap/2012/elts/us-gaap-2012-01-31.xsd#us-gaap_StockholdersEquityNoteDisclosureTextBlock' xlink:label='us-gaap_StockholdersEquityNoteDisclosureTextBlock'/>
		<link:presentationArc xlink:type='arc' xlink:arcrole='http://www.xbrl.org/2003/arcrole/parent-child' xlink:from='fil_StockholdersDeficitAbstract' xlink:to='us-gaap_StockholdersEquityNoteDisclosureTextBlock' use='optional' order='1.0'/>
	</link:presentationLink>
	<link:roleRef roleURI="http://green-endeavors.com/20120331/role/idr_DisclosureStockBasedCompensation" xlink:type="simple" xlink:href="grne-20120331.xsd#idr_DisclosureStockBasedCompensation"/>
	<link:presentationLink xlink:type="extended" xlink:role="http://green-endeavors.com/20120331/role/idr_DisclosureStockBasedCompensation">
		<link:loc xlink:type='locator' xlink:href='grne-20120331.xsd#fil_StockBasedCompensationAbstract' xlink:label='fil_StockBasedCompensationAbstract'/>
		<link:loc xlink:type='locator' xlink:href='http://xbrl.fasb.org/us-gaap/2012/elts/us-gaap-2012-01-31.xsd#us-gaap_DisclosureOfShareBasedCompensationArrangementsByShareBasedPaymentAwardTextBlock' xlink:label='us-gaap_DisclosureOfShareBasedCompensationArrangementsByShareBasedPaymentAwardTextBlock'/>
		<link:presentationArc xlink:type='arc' xlink:arcrole='http://www.xbrl.org/2003/arcrole/parent-child' xlink:from='fil_StockBasedCompensationAbstract' xlink:to='us-gaap_DisclosureOfShareBasedCompensationArrangementsByShareBasedPaymentAwardTextBlock' use='optional' order='1.0'/>
	</link:presentationLink>
	<link:roleRef roleURI="http://green-endeavors.com/20120331/role/idr_DisclosureGoingConcern" xlink:type="simple" xlink:href="grne-20120331.xsd#idr_DisclosureGoingConcern"/>
	<link:presentationLink xlink:type="extended" xlink:role="http://green-endeavors.com/20120331/role/idr_DisclosureGoingConcern">
		<link:loc xlink:type='locator' xlink:href='grne-20120331.xsd#fil_GoingConcernAbstract' xlink:label='fil_GoingConcernAbstract'/>
		<link:loc xlink:type='locator' xlink:href='http://xbrl.fasb.org/us-gaap/2012/elts/us-gaap-2012-01-31.xsd#us-gaap_LiquidityDisclosureGoingConcernNote' xlink:label='us-gaap_LiquidityDisclosureGoingConcernNote'/>
		<link:presentationArc xlink:type='arc' xlink:arcrole='http://www.xbrl.org/2003/arcrole/parent-child' xlink:from='fil_GoingConcernAbstract' xlink:to='us-gaap_LiquidityDisclosureGoingConcernNote' use='optional' order='1.0'/>
	</link:presentationLink>
	<link:roleRef roleURI="http://green-endeavors.com/20120331/role/idr_DisclosureSubsequentEvents" xlink:type="simple" xlink:href="grne-20120331.xsd#idr_DisclosureSubsequentEvents"/>
	<link:presentationLink xlink:type="extended" xlink:role="http://green-endeavors.com/20120331/role/idr_DisclosureSubsequentEvents">
		<link:loc xlink:type='locator' xlink:href='grne-20120331.xsd#fil_SubsequentEventsAbstract1' xlink:label='fil_SubsequentEventsAbstract1'/>
		<link:loc xlink:type='locator' xlink:href='http://xbrl.fasb.org/us-gaap/2012/elts/us-gaap-2012-01-31.xsd#us-gaap_SubsequentEventsTextBlock' xlink:label='us-gaap_SubsequentEventsTextBlock'/>
		<link:presentationArc xlink:type='arc' xlink:arcrole='http://www.xbrl.org/2003/arcrole/parent-child' xlink:from='fil_SubsequentEventsAbstract1' xlink:to='us-gaap_SubsequentEventsTextBlock' use='optional' order='1.0'/>
	</link:presentationLink>
</link:linkbase>
