<?xml version="1.0" encoding="US-ASCII"?>
<!-- RR Donnelley Xcelerate Taxonomy Calculation Linkbase, based on XBRL 2.1  http://www.edgar-online.com/ -->
<!-- Version: 6.20.1 -->
<!-- Round: 5 -->
<!-- Creation date: 2013-01-30T14:46:41Z -->
<!-- Copyright (c) 2005-2013 R.R. Donnelley & Sons Company All Rights Reserved. -->
<linkbase xmlns="http://www.xbrl.org/2003/linkbase"
  xmlns:xsi="http://www.w3.org/2001/XMLSchema-instance"
  xmlns:xlink="http://www.w3.org/1999/xlink"
  xsi:schemaLocation="http://www.xbrl.org/2003/linkbase http://www.xbrl.org/2003/xbrl-linkbase-2003-12-31.xsd">
  <roleRef xlink:type="simple" xlink:href="brks-20121231.xsd#DocumentDocumentandEntityInformation" roleURI="http://www.brooks.com/taxonomy/role/DocumentDocumentandEntityInformation"/>
  <roleRef xlink:type="simple" xlink:href="brks-20121231.xsd#Role_StatementOfFinancialPositionClassified" roleURI="http://www.brooks.com/taxonomy/role/StatementOfFinancialPositionClassified"/>
  <roleRef xlink:type="simple" xlink:href="brks-20121231.xsd#Role_StatementOfFinancialPositionClassifiedParen" roleURI="http://www.brooks.com/taxonomy/role/StatementOfFinancialPositionClassifiedParenthetical"/>
  <roleRef xlink:type="simple" xlink:href="brks-20121231.xsd#Role_StatementOfIncome" roleURI="http://www.brooks.com/taxonomy/role/StatementOfIncome"/>
  <roleRef xlink:type="simple" xlink:href="brks-20121231.xsd#Role_ci-StatementOfShareholdersEquityAndOtherComprehensiveIncome" roleURI="http://www.brooks.com/taxonomy/role/StatementOfShareholdersEquityAndOtherComprehensiveIncome"/>
  <roleRef xlink:type="simple" xlink:href="brks-20121231.xsd#Role_StatementOfCashFlowsIndirect" roleURI="http://www.brooks.com/taxonomy/role/StatementOfCashFlowsIndirect"/>
  <roleRef xlink:type="simple" xlink:href="brks-20121231.xsd#DisclosureBasisOfPresentationAdditionalInformation" roleURI="http://www.brooks.com/taxonomy/role/DisclosureBasisOfPresentationAdditionalInformation"/>
  <roleRef xlink:type="simple" xlink:href="brks-20121231.xsd#DisclosureStockBasedCompensationExpense" roleURI="http://www.brooks.com/taxonomy/role/DisclosureStockBasedCompensationExpense"/>
  <roleRef xlink:type="simple" xlink:href="brks-20121231.xsd#DisclosureStockBasedCompensationAdditionalInformation" roleURI="http://www.brooks.com/taxonomy/role/DisclosureStockBasedCompensationAdditionalInformation"/>
  <roleRef xlink:type="simple" xlink:href="brks-20121231.xsd#DisclosureStockOptionActivity" roleURI="http://www.brooks.com/taxonomy/role/DisclosureStockOptionActivity"/>
  <roleRef xlink:type="simple" xlink:href="brks-20121231.xsd#DisclosureStatusOfRestrictedStockActivityAndChanges" roleURI="http://www.brooks.com/taxonomy/role/DisclosureStatusOfRestrictedStockActivityAndChanges"/>
  <roleRef xlink:type="simple" xlink:href="brks-20121231.xsd#DisclosureAcquisitionsAdditionalInformation" roleURI="http://www.brooks.com/taxonomy/role/DisclosureAcquisitionsAdditionalInformation"/>
  <roleRef xlink:type="simple" xlink:href="brks-20121231.xsd#DisclosureAmountsOfAssetsAndLiabilitiesAtFairValueAsOfAcquisitionDate" roleURI="http://www.brooks.com/taxonomy/role/DisclosureAmountsOfAssetsAndLiabilitiesAtFairValueAsOfAcquisitionDate"/>
  <roleRef xlink:type="simple" xlink:href="brks-20121231.xsd#DisclosureProFormaInformationForCrossingAcquisition" roleURI="http://www.brooks.com/taxonomy/role/DisclosureProFormaInformationForCrossingAcquisition"/>
  <roleRef xlink:type="simple" xlink:href="brks-20121231.xsd#DisclosureComponentsOfGoodwillByBusinessSegment" roleURI="http://www.brooks.com/taxonomy/role/DisclosureComponentsOfGoodwillByBusinessSegment"/>
  <roleRef xlink:type="simple" xlink:href="brks-20121231.xsd#DisclosureComponentsOfIdentifiableIntangibleAssets" roleURI="http://www.brooks.com/taxonomy/role/DisclosureComponentsOfIdentifiableIntangibleAssets"/>
  <roleRef xlink:type="simple" xlink:href="brks-20121231.xsd#DisclosureIncomeTaxesAdditionalInformation" roleURI="http://www.brooks.com/taxonomy/role/DisclosureIncomeTaxesAdditionalInformation"/>
  <roleRef xlink:type="simple" xlink:href="brks-20121231.xsd#DisclosureReconciliationOfWeightedAverageCommonSharesOutstandingForPurposesOfCalculatingBasicAndDilutedEarningsPerShare" roleURI="http://www.brooks.com/taxonomy/role/DisclosureReconciliationOfWeightedAverageCommonSharesOutstandingForPurposesOfCalculatingBasicAndDilutedEarningsPerShare"/>
  <roleRef xlink:type="simple" xlink:href="brks-20121231.xsd#DisclosureEarningsPerShareAdditionalInformation" roleURI="http://www.brooks.com/taxonomy/role/DisclosureEarningsPerShareAdditionalInformation"/>
  <roleRef xlink:type="simple" xlink:href="brks-20121231.xsd#DisclosureSegmentInformationAdditionalInformation" roleURI="http://www.brooks.com/taxonomy/role/DisclosureSegmentInformationAdditionalInformation"/>
  <roleRef xlink:type="simple" xlink:href="brks-20121231.xsd#DisclosureFinancialInformationForBusinessSegments" roleURI="http://www.brooks.com/taxonomy/role/DisclosureFinancialInformationForBusinessSegments"/>
  <roleRef xlink:type="simple" xlink:href="brks-20121231.xsd#DisclosureReconciliationOfReportableSegmentOperatingIncomeLossToCorrespondingConsolidatedAmounts" roleURI="http://www.brooks.com/taxonomy/role/DisclosureReconciliationOfReportableSegmentOperatingIncomeLossToCorrespondingConsolidatedAmounts"/>
  <roleRef xlink:type="simple" xlink:href="brks-20121231.xsd#DisclosureReconciliationOfReportableSegmentAssetsToCorrespondingConsolidatedAmounts" roleURI="http://www.brooks.com/taxonomy/role/DisclosureReconciliationOfReportableSegmentAssetsToCorrespondingConsolidatedAmounts"/>
  <roleRef xlink:type="simple" xlink:href="brks-20121231.xsd#DisclosureSignificantCustomersAdditionalInformation" roleURI="http://www.brooks.com/taxonomy/role/DisclosureSignificantCustomersAdditionalInformation"/>
  <roleRef xlink:type="simple" xlink:href="brks-20121231.xsd#DisclosureRestructuringAndOtherChargesAdditionalInformation" roleURI="http://www.brooks.com/taxonomy/role/DisclosureRestructuringAndOtherChargesAdditionalInformation"/>
  <roleRef xlink:type="simple" xlink:href="brks-20121231.xsd#DisclosureActivityRelatedToRestructuringAccruals" roleURI="http://www.brooks.com/taxonomy/role/DisclosureActivityRelatedToRestructuringAccruals"/>
  <roleRef xlink:type="simple" xlink:href="brks-20121231.xsd#DisclosureEmployeeBenefitPlansAdditionalInformation" roleURI="http://www.brooks.com/taxonomy/role/DisclosureEmployeeBenefitPlansAdditionalInformation"/>
  <roleRef xlink:type="simple" xlink:href="brks-20121231.xsd#DisclosureComponentsOfNetPensionCost" roleURI="http://www.brooks.com/taxonomy/role/DisclosureComponentsOfNetPensionCost"/>
  <roleRef xlink:type="simple" xlink:href="brks-20121231.xsd#DisclosureSummaryOfAccountReceivable" roleURI="http://www.brooks.com/taxonomy/role/DisclosureSummaryOfAccountReceivable"/>
  <roleRef xlink:type="simple" xlink:href="brks-20121231.xsd#DisclosureSummaryOfInventories" roleURI="http://www.brooks.com/taxonomy/role/DisclosureSummaryOfInventories"/>
  <roleRef xlink:type="simple" xlink:href="brks-20121231.xsd#DisclosureProductWarrantyAndRetrofitActivityOnGrossBasis" roleURI="http://www.brooks.com/taxonomy/role/DisclosureProductWarrantyAndRetrofitActivityOnGrossBasis"/>
  <roleRef xlink:type="simple" xlink:href="brks-20121231.xsd#DisclosureJointVenturesAdditionalInformation" roleURI="http://www.brooks.com/taxonomy/role/DisclosureJointVenturesAdditionalInformation"/>
  <roleRef xlink:type="simple" xlink:href="brks-20121231.xsd#DisclosureSummarizedCondensedFinancialInformationForUlvacCryogenicsInc" roleURI="http://www.brooks.com/taxonomy/role/DisclosureSummarizedCondensedFinancialInformationForUlvacCryogenicsInc"/>
  <roleRef xlink:type="simple" xlink:href="brks-20121231.xsd#DisclosureSummarizedCondensedFinancialInformationForYaskawaElectricCorporation" roleURI="http://www.brooks.com/taxonomy/role/DisclosureSummarizedCondensedFinancialInformationForYaskawaElectricCorporation"/>
  <roleRef xlink:type="simple" xlink:href="brks-20121231.xsd#DisclosureNotionalAmountsOutstandingUnderForeignCurrencyContracts" roleURI="http://www.brooks.com/taxonomy/role/DisclosureNotionalAmountsOutstandingUnderForeignCurrencyContracts"/>
  <roleRef xlink:type="simple" xlink:href="brks-20121231.xsd#DisclosureSummaryOfMarketableSecuritiesIncludingAccruedInterestReceivable" roleURI="http://www.brooks.com/taxonomy/role/DisclosureSummaryOfMarketableSecuritiesIncludingAccruedInterestReceivable"/>
  <roleRef xlink:type="simple" xlink:href="brks-20121231.xsd#DisclosureFairValueOfMarketableSecuritiesByContractualMaturity" roleURI="http://www.brooks.com/taxonomy/role/DisclosureFairValueOfMarketableSecuritiesByContractualMaturity"/>
  <roleRef xlink:type="simple" xlink:href="brks-20121231.xsd#DisclosureAssetsAndLiabilitiesMeasuredAtFairValueOnRecurringBasis" roleURI="http://www.brooks.com/taxonomy/role/DisclosureAssetsAndLiabilitiesMeasuredAtFairValueOnRecurringBasis"/>
  <roleRef xlink:type="simple" xlink:href="brks-20121231.xsd#DisclosureFairValueMeasurementsAdditionalInformation" roleURI="http://www.brooks.com/taxonomy/role/DisclosureFairValueMeasurementsAdditionalInformation"/>
  <roleRef xlink:type="simple" xlink:href="brks-20121231.xsd#DisclosureSubsequentEventsAdditionalInformation" roleURI="http://www.brooks.com/taxonomy/role/DisclosureSubsequentEventsAdditionalInformation"/>
  <roleRef xlink:type="simple" xlink:href="brks-20121231.xsd#Role_NotesToFinancialStatementsBusinessDescriptionAndBasisOfPresentationTextBlock" roleURI="http://www.brooks.com/taxonomy/role/NotesToFinancialStatementsBusinessDescriptionAndBasisOfPresentationTextBlock"/>
  <roleRef xlink:type="simple" xlink:href="brks-20121231.xsd#Role_NotesToFinancialStatementsDisclosureOfCompensationRelatedCostsShareBasedPaymentsTextBlock" roleURI="http://www.brooks.com/taxonomy/role/NotesToFinancialStatementsDisclosureOfCompensationRelatedCostsShareBasedPaymentsTextBlock"/>
  <roleRef xlink:type="simple" xlink:href="brks-20121231.xsd#Role_NotesToFinancialStatementsDisclosureOfCompensationRelatedCostsShareBasedPaymentsTextBlockTables" roleURI="http://www.brooks.com/taxonomy/role/NotesToFinancialStatementsDisclosureOfCompensationRelatedCostsShareBasedPaymentsTextBlockTables"/>
  <roleRef xlink:type="simple" xlink:href="brks-20121231.xsd#Role_NotesToFinancialStatementsBusinessCombinationDisclosureTextBlock" roleURI="http://www.brooks.com/taxonomy/role/NotesToFinancialStatementsBusinessCombinationDisclosureTextBlock"/>
  <roleRef xlink:type="simple" xlink:href="brks-20121231.xsd#Role_NotesToFinancialStatementsBusinessCombinationDisclosureTextBlockTables" roleURI="http://www.brooks.com/taxonomy/role/NotesToFinancialStatementsBusinessCombinationDisclosureTextBlockTables"/>
  <roleRef xlink:type="simple" xlink:href="brks-20121231.xsd#Role_NotesToFinancialStatementsGoodwillAndIntangibleAssetsDisclosureTextBlock" roleURI="http://www.brooks.com/taxonomy/role/NotesToFinancialStatementsGoodwillAndIntangibleAssetsDisclosureTextBlock"/>
  <roleRef xlink:type="simple" xlink:href="brks-20121231.xsd#Role_NotesToFinancialStatementsGoodwillAndIntangibleAssetsDisclosureTextBlockTables" roleURI="http://www.brooks.com/taxonomy/role/NotesToFinancialStatementsGoodwillAndIntangibleAssetsDisclosureTextBlockTables"/>
  <roleRef xlink:type="simple" xlink:href="brks-20121231.xsd#Role_NotesToFinancialStatementsIncomeTaxDisclosureTextBlock" roleURI="http://www.brooks.com/taxonomy/role/NotesToFinancialStatementsIncomeTaxDisclosureTextBlock"/>
  <roleRef xlink:type="simple" xlink:href="brks-20121231.xsd#Role_NotesToFinancialStatementsEarningsPerShareTextBlock" roleURI="http://www.brooks.com/taxonomy/role/NotesToFinancialStatementsEarningsPerShareTextBlock"/>
  <roleRef xlink:type="simple" xlink:href="brks-20121231.xsd#Role_NotesToFinancialStatementsEarningsPerShareTextBlockTables" roleURI="http://www.brooks.com/taxonomy/role/NotesToFinancialStatementsEarningsPerShareTextBlockTables"/>
  <roleRef xlink:type="simple" xlink:href="brks-20121231.xsd#Role_NotesToFinancialStatementsSegmentReportingDisclosureTextBlock" roleURI="http://www.brooks.com/taxonomy/role/NotesToFinancialStatementsSegmentReportingDisclosureTextBlock"/>
  <roleRef xlink:type="simple" xlink:href="brks-20121231.xsd#Role_NotesToFinancialStatementsSegmentReportingDisclosureTextBlockTables" roleURI="http://www.brooks.com/taxonomy/role/NotesToFinancialStatementsSegmentReportingDisclosureTextBlockTables"/>
  <roleRef xlink:type="simple" xlink:href="brks-20121231.xsd#Role_NotesToFinancialStatementsRevenueByMajorCustomersByReportingSegmentsTextBlock" roleURI="http://www.brooks.com/taxonomy/role/NotesToFinancialStatementsRevenueByMajorCustomersByReportingSegmentsTextBlock"/>
  <roleRef xlink:type="simple" xlink:href="brks-20121231.xsd#Role_NotesToFinancialStatementsRestructuringAndRelatedActivitiesDisclosureTextBlock" roleURI="http://www.brooks.com/taxonomy/role/NotesToFinancialStatementsRestructuringAndRelatedActivitiesDisclosureTextBlock"/>
  <roleRef xlink:type="simple" xlink:href="brks-20121231.xsd#Role_NotesToFinancialStatementsRestructuringAndRelatedActivitiesDisclosureTextBlockTables" roleURI="http://www.brooks.com/taxonomy/role/NotesToFinancialStatementsRestructuringAndRelatedActivitiesDisclosureTextBlockTables"/>
  <roleRef xlink:type="simple" xlink:href="brks-20121231.xsd#Role_NotesToFinancialStatementsPensionAndOtherPostretirementBenefitsDisclosureTextBlock" roleURI="http://www.brooks.com/taxonomy/role/NotesToFinancialStatementsPensionAndOtherPostretirementBenefitsDisclosureTextBlock"/>
  <roleRef xlink:type="simple" xlink:href="brks-20121231.xsd#Role_NotesToFinancialStatementsPensionAndOtherPostretirementBenefitsDisclosureTextBlockTables" roleURI="http://www.brooks.com/taxonomy/role/NotesToFinancialStatementsPensionAndOtherPostretirementBenefitsDisclosureTextBlockTables"/>
  <roleRef xlink:type="simple" xlink:href="brks-20121231.xsd#Role_NotesToFinancialStatementsSupplementalBalanceSheetDisclosuresTextBlock" roleURI="http://www.brooks.com/taxonomy/role/NotesToFinancialStatementsSupplementalBalanceSheetDisclosuresTextBlock"/>
  <roleRef xlink:type="simple" xlink:href="brks-20121231.xsd#Role_NotesToFinancialStatementsSupplementalBalanceSheetDisclosuresTextBlockTables" roleURI="http://www.brooks.com/taxonomy/role/NotesToFinancialStatementsSupplementalBalanceSheetDisclosuresTextBlockTables"/>
  <roleRef xlink:type="simple" xlink:href="brks-20121231.xsd#Role_NotesToFinancialStatementsEquityMethodInvestmentsDisclosureTextBlock" roleURI="http://www.brooks.com/taxonomy/role/NotesToFinancialStatementsEquityMethodInvestmentsDisclosureTextBlock"/>
  <roleRef xlink:type="simple" xlink:href="brks-20121231.xsd#Role_NotesToFinancialStatementsEquityMethodInvestmentsDisclosureTextBlockTables" roleURI="http://www.brooks.com/taxonomy/role/NotesToFinancialStatementsEquityMethodInvestmentsDisclosureTextBlockTables"/>
  <roleRef xlink:type="simple" xlink:href="brks-20121231.xsd#Role_NotesToFinancialStatementsDerivativeInstrumentsAndHedgingActivitiesDisclosureTextBlock" roleURI="http://www.brooks.com/taxonomy/role/NotesToFinancialStatementsDerivativeInstrumentsAndHedgingActivitiesDisclosureTextBlock"/>
  <roleRef xlink:type="simple" xlink:href="brks-20121231.xsd#Role_NotesToFinancialStatementsDerivativeInstrumentsAndHedgingActivitiesDisclosureTextBlockTables" roleURI="http://www.brooks.com/taxonomy/role/NotesToFinancialStatementsDerivativeInstrumentsAndHedgingActivitiesDisclosureTextBlockTables"/>
  <roleRef xlink:type="simple" xlink:href="brks-20121231.xsd#Role_NotesToFinancialStatementsInvestmentTextBlock" roleURI="http://www.brooks.com/taxonomy/role/NotesToFinancialStatementsInvestmentTextBlock"/>
  <roleRef xlink:type="simple" xlink:href="brks-20121231.xsd#Role_NotesToFinancialStatementsInvestmentTextBlockTables" roleURI="http://www.brooks.com/taxonomy/role/NotesToFinancialStatementsInvestmentTextBlockTables"/>
  <roleRef xlink:type="simple" xlink:href="brks-20121231.xsd#Role_NotesToFinancialStatementsFairValueDisclosuresTextBlock" roleURI="http://www.brooks.com/taxonomy/role/NotesToFinancialStatementsFairValueDisclosuresTextBlock"/>
  <roleRef xlink:type="simple" xlink:href="brks-20121231.xsd#Role_NotesToFinancialStatementsFairValueDisclosuresTextBlockTables" roleURI="http://www.brooks.com/taxonomy/role/NotesToFinancialStatementsFairValueDisclosuresTextBlockTables"/>
  <roleRef xlink:type="simple" xlink:href="brks-20121231.xsd#Role_NotesToFinancialStatementsCommitmentsAndContingenciesDisclosureTextBlock" roleURI="http://www.brooks.com/taxonomy/role/NotesToFinancialStatementsCommitmentsAndContingenciesDisclosureTextBlock"/>
  <roleRef xlink:type="simple" xlink:href="brks-20121231.xsd#Role_NotesToFinancialStatementsSubsequentEventsTextBlock" roleURI="http://www.brooks.com/taxonomy/role/NotesToFinancialStatementsSubsequentEventsTextBlock"/>
  <calculationLink xlink:type="extended" xlink:role="http://www.brooks.com/taxonomy/role/DocumentDocumentandEntityInformation">
  </calculationLink>
  <calculationLink xlink:type="extended" xlink:role="http://www.brooks.com/taxonomy/role/StatementOfFinancialPositionClassified">
    <loc xlink:type="locator" xlink:href="http://xbrl.fasb.org/us-gaap/2012/elts/us-gaap-2012-01-31.xsd#us-gaap_AccountsPayableCurrent" xlink:label="us-gaap_AccountsPayableCurrent"/>
    <loc xlink:type="locator" xlink:href="http://xbrl.fasb.org/us-gaap/2012/elts/us-gaap-2012-01-31.xsd#us-gaap_AccountsReceivableNetCurrent" xlink:label="us-gaap_AccountsReceivableNetCurrent"/>
    <loc xlink:type="locator" xlink:href="brks-20121231.xsd#brks_AccruedExpensesAndOtherCurrentLiabilities" xlink:label="brks_AccruedExpensesAndOtherCurrentLiabilities"/>
    <loc xlink:type="locator" xlink:href="http://xbrl.fasb.org/us-gaap/2012/elts/us-gaap-2012-01-31.xsd#us-gaap_AccruedIncomeTaxesCurrent" xlink:label="us-gaap_AccruedIncomeTaxesCurrent"/>
    <loc xlink:type="locator" xlink:href="http://xbrl.fasb.org/us-gaap/2012/elts/us-gaap-2012-01-31.xsd#us-gaap_AccruedIncomeTaxesNoncurrent" xlink:label="us-gaap_AccruedIncomeTaxesNoncurrent"/>
    <loc xlink:type="locator" xlink:href="http://xbrl.fasb.org/us-gaap/2012/elts/us-gaap-2012-01-31.xsd#us-gaap_AccumulatedOtherComprehensiveIncomeLossNetOfTax" xlink:label="us-gaap_AccumulatedOtherComprehensiveIncomeLossNetOfTax"/>
    <loc xlink:type="locator" xlink:href="http://xbrl.fasb.org/us-gaap/2012/elts/us-gaap-2012-01-31.xsd#us-gaap_AdditionalPaidInCapital" xlink:label="us-gaap_AdditionalPaidInCapital"/>
    <loc xlink:type="locator" xlink:href="http://xbrl.fasb.org/us-gaap/2012/elts/us-gaap-2012-01-31.xsd#us-gaap_Assets" xlink:label="us-gaap_Assets"/>
    <loc xlink:type="locator" xlink:href="http://xbrl.fasb.org/us-gaap/2012/elts/us-gaap-2012-01-31.xsd#us-gaap_AssetsCurrent" xlink:label="us-gaap_AssetsCurrent"/>
    <loc xlink:type="locator" xlink:href="http://xbrl.fasb.org/us-gaap/2012/elts/us-gaap-2012-01-31.xsd#us-gaap_AvailableForSaleSecuritiesCurrent" xlink:label="us-gaap_AvailableForSaleSecuritiesCurrent"/>
    <loc xlink:type="locator" xlink:href="http://xbrl.fasb.org/us-gaap/2012/elts/us-gaap-2012-01-31.xsd#us-gaap_AvailableForSaleSecuritiesNoncurrent" xlink:label="us-gaap_AvailableForSaleSecuritiesNoncurrent"/>
    <loc xlink:type="locator" xlink:href="http://xbrl.fasb.org/us-gaap/2012/elts/us-gaap-2012-01-31.xsd#us-gaap_CashAndCashEquivalentsAtCarryingValue" xlink:label="us-gaap_CashAndCashEquivalentsAtCarryingValue"/>
    <loc xlink:type="locator" xlink:href="http://xbrl.fasb.org/us-gaap/2012/elts/us-gaap-2012-01-31.xsd#us-gaap_CommonStockValue" xlink:label="us-gaap_CommonStockValue"/>
    <loc xlink:type="locator" xlink:href="http://xbrl.fasb.org/us-gaap/2012/elts/us-gaap-2012-01-31.xsd#us-gaap_DeferredRevenueCurrent" xlink:label="us-gaap_DeferredRevenueCurrent"/>
    <loc xlink:type="locator" xlink:href="http://xbrl.fasb.org/us-gaap/2012/elts/us-gaap-2012-01-31.xsd#us-gaap_DeferredTaxAssetsNetCurrent" xlink:label="us-gaap_DeferredTaxAssetsNetCurrent"/>
    <loc xlink:type="locator" xlink:href="http://xbrl.fasb.org/us-gaap/2012/elts/us-gaap-2012-01-31.xsd#us-gaap_DeferredTaxAssetsNetNoncurrent" xlink:label="us-gaap_DeferredTaxAssetsNetNoncurrent"/>
    <loc xlink:type="locator" xlink:href="http://xbrl.fasb.org/us-gaap/2012/elts/us-gaap-2012-01-31.xsd#us-gaap_DefinedBenefitPensionPlanLiabilitiesNoncurrent" xlink:label="us-gaap_DefinedBenefitPensionPlanLiabilitiesNoncurrent"/>
    <loc xlink:type="locator" xlink:href="http://xbrl.fasb.org/us-gaap/2012/elts/us-gaap-2012-01-31.xsd#us-gaap_EmployeeRelatedLiabilitiesCurrent" xlink:label="us-gaap_EmployeeRelatedLiabilitiesCurrent"/>
    <loc xlink:type="locator" xlink:href="http://xbrl.fasb.org/us-gaap/2012/elts/us-gaap-2012-01-31.xsd#us-gaap_EquityMethodInvestments" xlink:label="us-gaap_EquityMethodInvestments"/>
    <loc xlink:type="locator" xlink:href="http://xbrl.fasb.org/us-gaap/2012/elts/us-gaap-2012-01-31.xsd#us-gaap_FiniteLivedIntangibleAssetsNet" xlink:label="us-gaap_FiniteLivedIntangibleAssetsNet"/>
    <loc xlink:type="locator" xlink:href="http://xbrl.fasb.org/us-gaap/2012/elts/us-gaap-2012-01-31.xsd#us-gaap_Goodwill" xlink:label="us-gaap_Goodwill"/>
    <loc xlink:type="locator" xlink:href="http://xbrl.fasb.org/us-gaap/2012/elts/us-gaap-2012-01-31.xsd#us-gaap_InventoryNet" xlink:label="us-gaap_InventoryNet"/>
    <loc xlink:type="locator" xlink:href="http://xbrl.fasb.org/us-gaap/2012/elts/us-gaap-2012-01-31.xsd#us-gaap_Liabilities" xlink:label="us-gaap_Liabilities"/>
    <loc xlink:type="locator" xlink:href="http://xbrl.fasb.org/us-gaap/2012/elts/us-gaap-2012-01-31.xsd#us-gaap_LiabilitiesAndStockholdersEquity" xlink:label="us-gaap_LiabilitiesAndStockholdersEquity"/>
    <loc xlink:type="locator" xlink:href="http://xbrl.fasb.org/us-gaap/2012/elts/us-gaap-2012-01-31.xsd#us-gaap_LiabilitiesCurrent" xlink:label="us-gaap_LiabilitiesCurrent"/>
    <loc xlink:type="locator" xlink:href="http://xbrl.fasb.org/us-gaap/2012/elts/us-gaap-2012-01-31.xsd#us-gaap_MinorityInterest" xlink:label="us-gaap_MinorityInterest"/>
    <loc xlink:type="locator" xlink:href="http://xbrl.fasb.org/us-gaap/2012/elts/us-gaap-2012-01-31.xsd#us-gaap_OtherAssetsNoncurrent" xlink:label="us-gaap_OtherAssetsNoncurrent"/>
    <loc xlink:type="locator" xlink:href="http://xbrl.fasb.org/us-gaap/2012/elts/us-gaap-2012-01-31.xsd#us-gaap_OtherLiabilitiesNoncurrent" xlink:label="us-gaap_OtherLiabilitiesNoncurrent"/>
    <loc xlink:type="locator" xlink:href="http://xbrl.fasb.org/us-gaap/2012/elts/us-gaap-2012-01-31.xsd#us-gaap_PreferredStockValue" xlink:label="us-gaap_PreferredStockValue"/>
    <loc xlink:type="locator" xlink:href="http://xbrl.fasb.org/us-gaap/2012/elts/us-gaap-2012-01-31.xsd#us-gaap_PrepaidExpenseAndOtherAssetsCurrent" xlink:label="us-gaap_PrepaidExpenseAndOtherAssetsCurrent"/>
    <loc xlink:type="locator" xlink:href="http://xbrl.fasb.org/us-gaap/2012/elts/us-gaap-2012-01-31.xsd#us-gaap_ProductWarrantyAccrualClassifiedCurrent" xlink:label="us-gaap_ProductWarrantyAccrualClassifiedCurrent"/>
    <loc xlink:type="locator" xlink:href="http://xbrl.fasb.org/us-gaap/2012/elts/us-gaap-2012-01-31.xsd#us-gaap_PropertyPlantAndEquipmentNet" xlink:label="us-gaap_PropertyPlantAndEquipmentNet"/>
    <loc xlink:type="locator" xlink:href="brks-20121231.xsd#brks_RestrictedCash" xlink:label="brks_RestrictedCash"/>
    <loc xlink:type="locator" xlink:href="http://xbrl.fasb.org/us-gaap/2012/elts/us-gaap-2012-01-31.xsd#us-gaap_RestructuringReserveCurrent" xlink:label="us-gaap_RestructuringReserveCurrent"/>
    <loc xlink:type="locator" xlink:href="http://xbrl.fasb.org/us-gaap/2012/elts/us-gaap-2012-01-31.xsd#us-gaap_RetainedEarningsAccumulatedDeficit" xlink:label="us-gaap_RetainedEarningsAccumulatedDeficit"/>
    <loc xlink:type="locator" xlink:href="http://xbrl.fasb.org/us-gaap/2012/elts/us-gaap-2012-01-31.xsd#us-gaap_StockholdersEquity" xlink:label="us-gaap_StockholdersEquity"/>
    <loc xlink:type="locator" xlink:href="http://xbrl.fasb.org/us-gaap/2012/elts/us-gaap-2012-01-31.xsd#us-gaap_StockholdersEquityIncludingPortionAttributableToNoncontrollingInterest" xlink:label="us-gaap_StockholdersEquityIncludingPortionAttributableToNoncontrollingInterest"/>
    <loc xlink:type="locator" xlink:href="http://xbrl.fasb.org/us-gaap/2012/elts/us-gaap-2012-01-31.xsd#us-gaap_TreasuryStockValue" xlink:label="us-gaap_TreasuryStockValue"/>
    <calculationArc xlink:type="arc" xlink:arcrole="http://www.xbrl.org/2003/arcrole/summation-item" xlink:from="us-gaap_Assets" xlink:to="us-gaap_AssetsCurrent" order="1.0800" weight="1.00" priority="2" use="optional"/>
    <calculationArc xlink:type="arc" xlink:arcrole="http://www.xbrl.org/2003/arcrole/summation-item" xlink:from="us-gaap_Assets" xlink:to="us-gaap_PropertyPlantAndEquipmentNet" order="1.0900" weight="1.00" priority="2" use="optional"/>
    <calculationArc xlink:type="arc" xlink:arcrole="http://www.xbrl.org/2003/arcrole/summation-item" xlink:from="us-gaap_Assets" xlink:to="us-gaap_AvailableForSaleSecuritiesNoncurrent" order="1.1000" weight="1.00" priority="2" use="optional"/>
    <calculationArc xlink:type="arc" xlink:arcrole="http://www.xbrl.org/2003/arcrole/summation-item" xlink:from="us-gaap_Assets" xlink:to="us-gaap_DeferredTaxAssetsNetNoncurrent" order="1.1100" weight="1.00" priority="2" use="optional"/>
    <calculationArc xlink:type="arc" xlink:arcrole="http://www.xbrl.org/2003/arcrole/summation-item" xlink:from="us-gaap_Assets" xlink:to="us-gaap_Goodwill" order="1.1200" weight="1.00" priority="2" use="optional"/>
    <calculationArc xlink:type="arc" xlink:arcrole="http://www.xbrl.org/2003/arcrole/summation-item" xlink:from="us-gaap_Assets" xlink:to="us-gaap_FiniteLivedIntangibleAssetsNet" order="1.1300" weight="1.00" priority="2" use="optional"/>
    <calculationArc xlink:type="arc" xlink:arcrole="http://www.xbrl.org/2003/arcrole/summation-item" xlink:from="us-gaap_Assets" xlink:to="us-gaap_EquityMethodInvestments" order="1.1400" weight="1.00" priority="2" use="optional"/>
    <calculationArc xlink:type="arc" xlink:arcrole="http://www.xbrl.org/2003/arcrole/summation-item" xlink:from="us-gaap_Assets" xlink:to="us-gaap_OtherAssetsNoncurrent" order="1.1500" weight="1.00" priority="2" use="optional"/>
    <calculationArc xlink:type="arc" xlink:arcrole="http://www.xbrl.org/2003/arcrole/summation-item" xlink:from="us-gaap_AssetsCurrent" xlink:to="us-gaap_CashAndCashEquivalentsAtCarryingValue" order="1.0100" weight="1.00" priority="2" use="optional"/>
    <calculationArc xlink:type="arc" xlink:arcrole="http://www.xbrl.org/2003/arcrole/summation-item" xlink:from="us-gaap_AssetsCurrent" xlink:to="brks_RestrictedCash" order="1.0200" weight="1.00" priority="2" use="optional"/>
    <calculationArc xlink:type="arc" xlink:arcrole="http://www.xbrl.org/2003/arcrole/summation-item" xlink:from="us-gaap_AssetsCurrent" xlink:to="us-gaap_AvailableForSaleSecuritiesCurrent" order="1.0300" weight="1.00" priority="2" use="optional"/>
    <calculationArc xlink:type="arc" xlink:arcrole="http://www.xbrl.org/2003/arcrole/summation-item" xlink:from="us-gaap_AssetsCurrent" xlink:to="us-gaap_AccountsReceivableNetCurrent" order="1.0400" weight="1.00" priority="2" use="optional"/>
    <calculationArc xlink:type="arc" xlink:arcrole="http://www.xbrl.org/2003/arcrole/summation-item" xlink:from="us-gaap_AssetsCurrent" xlink:to="us-gaap_InventoryNet" order="1.0500" weight="1.00" priority="2" use="optional"/>
    <calculationArc xlink:type="arc" xlink:arcrole="http://www.xbrl.org/2003/arcrole/summation-item" xlink:from="us-gaap_AssetsCurrent" xlink:to="us-gaap_DeferredTaxAssetsNetCurrent" order="1.0600" weight="1.00" priority="2" use="optional"/>
    <calculationArc xlink:type="arc" xlink:arcrole="http://www.xbrl.org/2003/arcrole/summation-item" xlink:from="us-gaap_AssetsCurrent" xlink:to="us-gaap_PrepaidExpenseAndOtherAssetsCurrent" order="1.0700" weight="1.00" priority="2" use="optional"/>
    <calculationArc xlink:type="arc" xlink:arcrole="http://www.xbrl.org/2003/arcrole/summation-item" xlink:from="us-gaap_Liabilities" xlink:to="us-gaap_LiabilitiesCurrent" order="1.2300" weight="1.00" priority="2" use="optional"/>
    <calculationArc xlink:type="arc" xlink:arcrole="http://www.xbrl.org/2003/arcrole/summation-item" xlink:from="us-gaap_Liabilities" xlink:to="us-gaap_AccruedIncomeTaxesNoncurrent" order="1.2400" weight="1.00" priority="2" use="optional"/>
    <calculationArc xlink:type="arc" xlink:arcrole="http://www.xbrl.org/2003/arcrole/summation-item" xlink:from="us-gaap_Liabilities" xlink:to="us-gaap_DefinedBenefitPensionPlanLiabilitiesNoncurrent" order="1.2500" weight="1.00" priority="2" use="optional"/>
    <calculationArc xlink:type="arc" xlink:arcrole="http://www.xbrl.org/2003/arcrole/summation-item" xlink:from="us-gaap_Liabilities" xlink:to="us-gaap_OtherLiabilitiesNoncurrent" order="1.2600" weight="1.00" priority="2" use="optional"/>
    <calculationArc xlink:type="arc" xlink:arcrole="http://www.xbrl.org/2003/arcrole/summation-item" xlink:from="us-gaap_LiabilitiesAndStockholdersEquity" xlink:to="us-gaap_Liabilities" order="1.2700" weight="1.00" priority="2" use="optional"/>
    <calculationArc xlink:type="arc" xlink:arcrole="http://www.xbrl.org/2003/arcrole/summation-item" xlink:from="us-gaap_LiabilitiesAndStockholdersEquity" xlink:to="us-gaap_StockholdersEquityIncludingPortionAttributableToNoncontrollingInterest" order="1.3600" weight="1.00" priority="2" use="optional"/>
    <calculationArc xlink:type="arc" xlink:arcrole="http://www.xbrl.org/2003/arcrole/summation-item" xlink:from="us-gaap_LiabilitiesCurrent" xlink:to="us-gaap_AccountsPayableCurrent" order="1.1600" weight="1.00" priority="2" use="optional"/>
    <calculationArc xlink:type="arc" xlink:arcrole="http://www.xbrl.org/2003/arcrole/summation-item" xlink:from="us-gaap_LiabilitiesCurrent" xlink:to="us-gaap_DeferredRevenueCurrent" order="1.1700" weight="1.00" priority="2" use="optional"/>
    <calculationArc xlink:type="arc" xlink:arcrole="http://www.xbrl.org/2003/arcrole/summation-item" xlink:from="us-gaap_LiabilitiesCurrent" xlink:to="us-gaap_ProductWarrantyAccrualClassifiedCurrent" order="1.1800" weight="1.00" priority="2" use="optional"/>
    <calculationArc xlink:type="arc" xlink:arcrole="http://www.xbrl.org/2003/arcrole/summation-item" xlink:from="us-gaap_LiabilitiesCurrent" xlink:to="us-gaap_EmployeeRelatedLiabilitiesCurrent" order="1.1900" weight="1.00" priority="2" use="optional"/>
    <calculationArc xlink:type="arc" xlink:arcrole="http://www.xbrl.org/2003/arcrole/summation-item" xlink:from="us-gaap_LiabilitiesCurrent" xlink:to="us-gaap_RestructuringReserveCurrent" order="1.2000" weight="1.00" priority="2" use="optional"/>
    <calculationArc xlink:type="arc" xlink:arcrole="http://www.xbrl.org/2003/arcrole/summation-item" xlink:from="us-gaap_LiabilitiesCurrent" xlink:to="us-gaap_AccruedIncomeTaxesCurrent" order="1.2100" weight="1.00" priority="2" use="optional"/>
    <calculationArc xlink:type="arc" xlink:arcrole="http://www.xbrl.org/2003/arcrole/summation-item" xlink:from="us-gaap_LiabilitiesCurrent" xlink:to="brks_AccruedExpensesAndOtherCurrentLiabilities" order="1.2200" weight="1.00" priority="2" use="optional"/>
    <calculationArc xlink:type="arc" xlink:arcrole="http://www.xbrl.org/2003/arcrole/summation-item" xlink:from="us-gaap_StockholdersEquity" xlink:to="us-gaap_PreferredStockValue" order="1.2800" weight="1.00" priority="2" use="optional"/>
    <calculationArc xlink:type="arc" xlink:arcrole="http://www.xbrl.org/2003/arcrole/summation-item" xlink:from="us-gaap_StockholdersEquity" xlink:to="us-gaap_CommonStockValue" order="1.2900" weight="1.00" priority="2" use="optional"/>
    <calculationArc xlink:type="arc" xlink:arcrole="http://www.xbrl.org/2003/arcrole/summation-item" xlink:from="us-gaap_StockholdersEquity" xlink:to="us-gaap_AdditionalPaidInCapital" order="1.3000" weight="1.00" priority="2" use="optional"/>
    <calculationArc xlink:type="arc" xlink:arcrole="http://www.xbrl.org/2003/arcrole/summation-item" xlink:from="us-gaap_StockholdersEquity" xlink:to="us-gaap_AccumulatedOtherComprehensiveIncomeLossNetOfTax" order="1.3100" weight="1.00" priority="2" use="optional"/>
    <calculationArc xlink:type="arc" xlink:arcrole="http://www.xbrl.org/2003/arcrole/summation-item" xlink:from="us-gaap_StockholdersEquity" xlink:to="us-gaap_TreasuryStockValue" order="1.3200" weight="-1.00" priority="2" use="optional"/>
    <calculationArc xlink:type="arc" xlink:arcrole="http://www.xbrl.org/2003/arcrole/summation-item" xlink:from="us-gaap_StockholdersEquity" xlink:to="us-gaap_RetainedEarningsAccumulatedDeficit" order="1.3300" weight="1.00" priority="2" use="optional"/>
    <calculationArc xlink:type="arc" xlink:arcrole="http://www.xbrl.org/2003/arcrole/summation-item" xlink:from="us-gaap_StockholdersEquityIncludingPortionAttributableToNoncontrollingInterest" xlink:to="us-gaap_StockholdersEquity" order="1.3400" weight="1.00" priority="2" use="optional"/>
    <calculationArc xlink:type="arc" xlink:arcrole="http://www.xbrl.org/2003/arcrole/summation-item" xlink:from="us-gaap_StockholdersEquityIncludingPortionAttributableToNoncontrollingInterest" xlink:to="us-gaap_MinorityInterest" order="1.3500" weight="1.00" priority="2" use="optional"/>
  </calculationLink>
  <calculationLink xlink:type="extended" xlink:role="http://www.brooks.com/taxonomy/role/StatementOfFinancialPositionClassifiedParenthetical">
  </calculationLink>
  <calculationLink xlink:type="extended" xlink:role="http://www.brooks.com/taxonomy/role/StatementOfIncome">
    <loc xlink:type="locator" xlink:href="http://xbrl.fasb.org/us-gaap/2012/elts/us-gaap-2012-01-31.xsd#us-gaap_CostOfGoodsSold" xlink:label="us-gaap_CostOfGoodsSold"/>
    <loc xlink:type="locator" xlink:href="http://xbrl.fasb.org/us-gaap/2012/elts/us-gaap-2012-01-31.xsd#us-gaap_CostOfRevenue" xlink:label="us-gaap_CostOfRevenue"/>
    <loc xlink:type="locator" xlink:href="http://xbrl.fasb.org/us-gaap/2012/elts/us-gaap-2012-01-31.xsd#us-gaap_CostOfServices" xlink:label="us-gaap_CostOfServices"/>
    <loc xlink:type="locator" xlink:href="http://xbrl.fasb.org/us-gaap/2012/elts/us-gaap-2012-01-31.xsd#us-gaap_GrossProfit" xlink:label="us-gaap_GrossProfit"/>
    <loc xlink:type="locator" xlink:href="brks-20121231.xsd#brks_IncomeLossBeforeEquityMethodInvestments" xlink:label="brks_IncomeLossBeforeEquityMethodInvestments"/>
    <loc xlink:type="locator" xlink:href="http://xbrl.fasb.org/us-gaap/2012/elts/us-gaap-2012-01-31.xsd#us-gaap_IncomeLossFromContinuingOperationsBeforeIncomeTaxesMinorityInterestAndIncomeLossFromEquityMethodInvestments" xlink:label="us-gaap_IncomeLossFromContinuingOperationsBeforeIncomeTaxesMinorityInterestAndIncomeLossFromEquityMethodInvestments"/>
    <loc xlink:type="locator" xlink:href="http://xbrl.fasb.org/us-gaap/2012/elts/us-gaap-2012-01-31.xsd#us-gaap_IncomeLossFromEquityMethodInvestments" xlink:label="us-gaap_IncomeLossFromEquityMethodInvestments"/>
    <loc xlink:type="locator" xlink:href="http://xbrl.fasb.org/us-gaap/2012/elts/us-gaap-2012-01-31.xsd#us-gaap_IncomeTaxExpenseBenefit" xlink:label="us-gaap_IncomeTaxExpenseBenefit"/>
    <loc xlink:type="locator" xlink:href="http://xbrl.fasb.org/us-gaap/2012/elts/us-gaap-2012-01-31.xsd#us-gaap_InterestExpense" xlink:label="us-gaap_InterestExpense"/>
    <loc xlink:type="locator" xlink:href="http://xbrl.fasb.org/us-gaap/2012/elts/us-gaap-2012-01-31.xsd#us-gaap_InvestmentIncomeInterest" xlink:label="us-gaap_InvestmentIncomeInterest"/>
    <loc xlink:type="locator" xlink:href="http://xbrl.fasb.org/us-gaap/2012/elts/us-gaap-2012-01-31.xsd#us-gaap_NetIncomeLoss" xlink:label="us-gaap_NetIncomeLoss"/>
    <loc xlink:type="locator" xlink:href="http://xbrl.fasb.org/us-gaap/2012/elts/us-gaap-2012-01-31.xsd#us-gaap_NetIncomeLossAttributableToNoncontrollingInterest" xlink:label="us-gaap_NetIncomeLossAttributableToNoncontrollingInterest"/>
    <loc xlink:type="locator" xlink:href="http://xbrl.fasb.org/us-gaap/2012/elts/us-gaap-2012-01-31.xsd#us-gaap_OperatingExpenses" xlink:label="us-gaap_OperatingExpenses"/>
    <loc xlink:type="locator" xlink:href="http://xbrl.fasb.org/us-gaap/2012/elts/us-gaap-2012-01-31.xsd#us-gaap_OperatingIncomeLoss" xlink:label="us-gaap_OperatingIncomeLoss"/>
    <loc xlink:type="locator" xlink:href="http://xbrl.fasb.org/us-gaap/2012/elts/us-gaap-2012-01-31.xsd#us-gaap_OtherNonoperatingIncomeExpense" xlink:label="us-gaap_OtherNonoperatingIncomeExpense"/>
    <loc xlink:type="locator" xlink:href="http://xbrl.fasb.org/us-gaap/2012/elts/us-gaap-2012-01-31.xsd#us-gaap_ProfitLoss" xlink:label="us-gaap_ProfitLoss"/>
    <loc xlink:type="locator" xlink:href="http://xbrl.fasb.org/us-gaap/2012/elts/us-gaap-2012-01-31.xsd#us-gaap_ResearchAndDevelopmentExpense" xlink:label="us-gaap_ResearchAndDevelopmentExpense"/>
    <loc xlink:type="locator" xlink:href="http://xbrl.fasb.org/us-gaap/2012/elts/us-gaap-2012-01-31.xsd#us-gaap_RestructuringCosts" xlink:label="us-gaap_RestructuringCosts"/>
    <loc xlink:type="locator" xlink:href="http://xbrl.fasb.org/us-gaap/2012/elts/us-gaap-2012-01-31.xsd#us-gaap_SalesRevenueGoodsNet" xlink:label="us-gaap_SalesRevenueGoodsNet"/>
    <loc xlink:type="locator" xlink:href="http://xbrl.fasb.org/us-gaap/2012/elts/us-gaap-2012-01-31.xsd#us-gaap_SalesRevenueNet" xlink:label="us-gaap_SalesRevenueNet"/>
    <loc xlink:type="locator" xlink:href="http://xbrl.fasb.org/us-gaap/2012/elts/us-gaap-2012-01-31.xsd#us-gaap_SalesRevenueServicesNet" xlink:label="us-gaap_SalesRevenueServicesNet"/>
    <loc xlink:type="locator" xlink:href="http://xbrl.fasb.org/us-gaap/2012/elts/us-gaap-2012-01-31.xsd#us-gaap_SellingGeneralAndAdministrativeExpense" xlink:label="us-gaap_SellingGeneralAndAdministrativeExpense"/>
    <calculationArc xlink:type="arc" xlink:arcrole="http://www.xbrl.org/2003/arcrole/summation-item" xlink:from="us-gaap_CostOfRevenue" xlink:to="us-gaap_CostOfGoodsSold" order="1.0400" weight="1.00" priority="2" use="optional"/>
    <calculationArc xlink:type="arc" xlink:arcrole="http://www.xbrl.org/2003/arcrole/summation-item" xlink:from="us-gaap_CostOfRevenue" xlink:to="us-gaap_CostOfServices" order="1.0500" weight="1.00" priority="2" use="optional"/>
    <calculationArc xlink:type="arc" xlink:arcrole="http://www.xbrl.org/2003/arcrole/summation-item" xlink:from="us-gaap_GrossProfit" xlink:to="us-gaap_SalesRevenueNet" order="1.0300" weight="1.00" priority="2" use="optional"/>
    <calculationArc xlink:type="arc" xlink:arcrole="http://www.xbrl.org/2003/arcrole/summation-item" xlink:from="us-gaap_GrossProfit" xlink:to="us-gaap_CostOfRevenue" order="1.0600" weight="-1.00" priority="2" use="optional"/>
    <calculationArc xlink:type="arc" xlink:arcrole="http://www.xbrl.org/2003/arcrole/summation-item" xlink:from="brks_IncomeLossBeforeEquityMethodInvestments" xlink:to="us-gaap_IncomeLossFromContinuingOperationsBeforeIncomeTaxesMinorityInterestAndIncomeLossFromEquityMethodInvestments" order="1.1600" weight="1.00" priority="2" use="optional"/>
    <calculationArc xlink:type="arc" xlink:arcrole="http://www.xbrl.org/2003/arcrole/summation-item" xlink:from="brks_IncomeLossBeforeEquityMethodInvestments" xlink:to="us-gaap_IncomeTaxExpenseBenefit" order="1.1700" weight="-1.00" priority="2" use="optional"/>
    <calculationArc xlink:type="arc" xlink:arcrole="http://www.xbrl.org/2003/arcrole/summation-item" xlink:from="us-gaap_IncomeLossFromContinuingOperationsBeforeIncomeTaxesMinorityInterestAndIncomeLossFromEquityMethodInvestments" xlink:to="us-gaap_OperatingIncomeLoss" order="1.1200" weight="1.00" priority="2" use="optional"/>
    <calculationArc xlink:type="arc" xlink:arcrole="http://www.xbrl.org/2003/arcrole/summation-item" xlink:from="us-gaap_IncomeLossFromContinuingOperationsBeforeIncomeTaxesMinorityInterestAndIncomeLossFromEquityMethodInvestments" xlink:to="us-gaap_InvestmentIncomeInterest" order="1.1300" weight="1.00" priority="2" use="optional"/>
    <calculationArc xlink:type="arc" xlink:arcrole="http://www.xbrl.org/2003/arcrole/summation-item" xlink:from="us-gaap_IncomeLossFromContinuingOperationsBeforeIncomeTaxesMinorityInterestAndIncomeLossFromEquityMethodInvestments" xlink:to="us-gaap_InterestExpense" order="1.1400" weight="-1.00" priority="2" use="optional"/>
    <calculationArc xlink:type="arc" xlink:arcrole="http://www.xbrl.org/2003/arcrole/summation-item" xlink:from="us-gaap_IncomeLossFromContinuingOperationsBeforeIncomeTaxesMinorityInterestAndIncomeLossFromEquityMethodInvestments" xlink:to="us-gaap_OtherNonoperatingIncomeExpense" order="1.1500" weight="1.00" priority="2" use="optional"/>
    <calculationArc xlink:type="arc" xlink:arcrole="http://www.xbrl.org/2003/arcrole/summation-item" xlink:from="us-gaap_NetIncomeLoss" xlink:to="us-gaap_ProfitLoss" order="1.2000" weight="1.00" priority="2" use="optional"/>
    <calculationArc xlink:type="arc" xlink:arcrole="http://www.xbrl.org/2003/arcrole/summation-item" xlink:from="us-gaap_NetIncomeLoss" xlink:to="us-gaap_NetIncomeLossAttributableToNoncontrollingInterest" order="1.2100" weight="-1.00" priority="2" use="optional"/>
    <calculationArc xlink:type="arc" xlink:arcrole="http://www.xbrl.org/2003/arcrole/summation-item" xlink:from="us-gaap_OperatingExpenses" xlink:to="us-gaap_ResearchAndDevelopmentExpense" order="1.0800" weight="1.00" priority="2" use="optional"/>
    <calculationArc xlink:type="arc" xlink:arcrole="http://www.xbrl.org/2003/arcrole/summation-item" xlink:from="us-gaap_OperatingExpenses" xlink:to="us-gaap_SellingGeneralAndAdministrativeExpense" order="1.0900" weight="1.00" priority="2" use="optional"/>
    <calculationArc xlink:type="arc" xlink:arcrole="http://www.xbrl.org/2003/arcrole/summation-item" xlink:from="us-gaap_OperatingExpenses" xlink:to="us-gaap_RestructuringCosts" order="1.1000" weight="1.00" priority="2" use="optional"/>
    <calculationArc xlink:type="arc" xlink:arcrole="http://www.xbrl.org/2003/arcrole/summation-item" xlink:from="us-gaap_OperatingIncomeLoss" xlink:to="us-gaap_GrossProfit" order="1.0700" weight="1.00" priority="2" use="optional"/>
    <calculationArc xlink:type="arc" xlink:arcrole="http://www.xbrl.org/2003/arcrole/summation-item" xlink:from="us-gaap_OperatingIncomeLoss" xlink:to="us-gaap_OperatingExpenses" order="1.1100" weight="-1.00" priority="2" use="optional"/>
    <calculationArc xlink:type="arc" xlink:arcrole="http://www.xbrl.org/2003/arcrole/summation-item" xlink:from="us-gaap_ProfitLoss" xlink:to="brks_IncomeLossBeforeEquityMethodInvestments" order="1.1800" weight="1.00" priority="2" use="optional"/>
    <calculationArc xlink:type="arc" xlink:arcrole="http://www.xbrl.org/2003/arcrole/summation-item" xlink:from="us-gaap_ProfitLoss" xlink:to="us-gaap_IncomeLossFromEquityMethodInvestments" order="1.1900" weight="1.00" priority="2" use="optional"/>
    <calculationArc xlink:type="arc" xlink:arcrole="http://www.xbrl.org/2003/arcrole/summation-item" xlink:from="us-gaap_SalesRevenueNet" xlink:to="us-gaap_SalesRevenueGoodsNet" order="1.0100" weight="1.00" priority="2" use="optional"/>
    <calculationArc xlink:type="arc" xlink:arcrole="http://www.xbrl.org/2003/arcrole/summation-item" xlink:from="us-gaap_SalesRevenueNet" xlink:to="us-gaap_SalesRevenueServicesNet" order="1.0200" weight="1.00" priority="2" use="optional"/>
  </calculationLink>
  <calculationLink xlink:type="extended" xlink:role="http://www.brooks.com/taxonomy/role/StatementOfShareholdersEquityAndOtherComprehensiveIncome">
    <loc xlink:type="locator" xlink:href="http://xbrl.fasb.org/us-gaap/2012/elts/us-gaap-2012-01-31.xsd#us-gaap_ComprehensiveIncomeNetOfTax" xlink:label="us-gaap_ComprehensiveIncomeNetOfTax"/>
    <loc xlink:type="locator" xlink:href="http://xbrl.fasb.org/us-gaap/2012/elts/us-gaap-2012-01-31.xsd#us-gaap_ComprehensiveIncomeNetOfTaxAttributableToNoncontrollingInterest" xlink:label="us-gaap_ComprehensiveIncomeNetOfTaxAttributableToNoncontrollingInterest"/>
    <loc xlink:type="locator" xlink:href="http://xbrl.fasb.org/us-gaap/2012/elts/us-gaap-2012-01-31.xsd#us-gaap_ComprehensiveIncomeNetOfTaxIncludingPortionAttributableToNoncontrollingInterest" xlink:label="us-gaap_ComprehensiveIncomeNetOfTaxIncludingPortionAttributableToNoncontrollingInterest"/>
    <loc xlink:type="locator" xlink:href="brks-20121231.xsd#brks_OtherComprehensiveIncomeChangeInNetActuarialGainLossTax" xlink:label="brks_OtherComprehensiveIncomeChangeInNetActuarialGainLossTax"/>
    <loc xlink:type="locator" xlink:href="http://xbrl.fasb.org/us-gaap/2012/elts/us-gaap-2012-01-31.xsd#us-gaap_OtherComprehensiveIncomeLossForeignCurrencyTransactionAndTranslationAdjustmentNetOfTax" xlink:label="us-gaap_OtherComprehensiveIncomeLossForeignCurrencyTransactionAndTranslationAdjustmentNetOfTax"/>
    <loc xlink:type="locator" xlink:href="http://xbrl.fasb.org/us-gaap/2012/elts/us-gaap-2012-01-31.xsd#us-gaap_OtherComprehensiveIncomeUnrealizedHoldingGainLossOnSecuritiesArisingDuringPeriodNetOfTax" xlink:label="us-gaap_OtherComprehensiveIncomeUnrealizedHoldingGainLossOnSecuritiesArisingDuringPeriodNetOfTax"/>
    <loc xlink:type="locator" xlink:href="http://xbrl.fasb.org/us-gaap/2012/elts/us-gaap-2012-01-31.xsd#us-gaap_ProfitLoss" xlink:label="us-gaap_ProfitLoss"/>
    <calculationArc xlink:type="arc" xlink:arcrole="http://www.xbrl.org/2003/arcrole/summation-item" xlink:from="us-gaap_ComprehensiveIncomeNetOfTax" xlink:to="us-gaap_ComprehensiveIncomeNetOfTaxIncludingPortionAttributableToNoncontrollingInterest" order="1.0500" weight="1.00" priority="2" use="optional"/>
    <calculationArc xlink:type="arc" xlink:arcrole="http://www.xbrl.org/2003/arcrole/summation-item" xlink:from="us-gaap_ComprehensiveIncomeNetOfTax" xlink:to="us-gaap_ComprehensiveIncomeNetOfTaxAttributableToNoncontrollingInterest" order="1.0600" weight="-1.00" priority="2" use="optional"/>
    <calculationArc xlink:type="arc" xlink:arcrole="http://www.xbrl.org/2003/arcrole/summation-item" xlink:from="us-gaap_ComprehensiveIncomeNetOfTaxIncludingPortionAttributableToNoncontrollingInterest" xlink:to="us-gaap_ProfitLoss" order="1.0100" weight="1.00" priority="2" use="optional"/>
    <calculationArc xlink:type="arc" xlink:arcrole="http://www.xbrl.org/2003/arcrole/summation-item" xlink:from="us-gaap_ComprehensiveIncomeNetOfTaxIncludingPortionAttributableToNoncontrollingInterest" xlink:to="us-gaap_OtherComprehensiveIncomeLossForeignCurrencyTransactionAndTranslationAdjustmentNetOfTax" order="1.0200" weight="1.00" priority="2" use="optional"/>
    <calculationArc xlink:type="arc" xlink:arcrole="http://www.xbrl.org/2003/arcrole/summation-item" xlink:from="us-gaap_ComprehensiveIncomeNetOfTaxIncludingPortionAttributableToNoncontrollingInterest" xlink:to="us-gaap_OtherComprehensiveIncomeUnrealizedHoldingGainLossOnSecuritiesArisingDuringPeriodNetOfTax" order="1.0300" weight="1.00" priority="2" use="optional"/>
    <calculationArc xlink:type="arc" xlink:arcrole="http://www.xbrl.org/2003/arcrole/summation-item" xlink:from="us-gaap_ComprehensiveIncomeNetOfTaxIncludingPortionAttributableToNoncontrollingInterest" xlink:to="brks_OtherComprehensiveIncomeChangeInNetActuarialGainLossTax" order="1.0400" weight="-1.00" priority="2" use="optional"/>
  </calculationLink>
  <calculationLink xlink:type="extended" xlink:role="http://www.brooks.com/taxonomy/role/StatementOfCashFlowsIndirect">
    <loc xlink:type="locator" xlink:href="http://xbrl.fasb.org/us-gaap/2012/elts/us-gaap-2012-01-31.xsd#us-gaap_CashAndCashEquivalentsPeriodIncreaseDecrease" xlink:label="us-gaap_CashAndCashEquivalentsPeriodIncreaseDecrease"/>
    <loc xlink:type="locator" xlink:href="http://xbrl.fasb.org/us-gaap/2012/elts/us-gaap-2012-01-31.xsd#us-gaap_DeferredIncomeTaxExpenseBenefit" xlink:label="us-gaap_DeferredIncomeTaxExpenseBenefit"/>
    <loc xlink:type="locator" xlink:href="http://xbrl.fasb.org/us-gaap/2012/elts/us-gaap-2012-01-31.xsd#us-gaap_DepreciationAndAmortization" xlink:label="us-gaap_DepreciationAndAmortization"/>
    <loc xlink:type="locator" xlink:href="http://xbrl.fasb.org/us-gaap/2012/elts/us-gaap-2012-01-31.xsd#us-gaap_EffectOfExchangeRateOnCashAndCashEquivalents" xlink:label="us-gaap_EffectOfExchangeRateOnCashAndCashEquivalents"/>
    <loc xlink:type="locator" xlink:href="http://xbrl.fasb.org/us-gaap/2012/elts/us-gaap-2012-01-31.xsd#us-gaap_GainLossOnDispositionOfAssets" xlink:label="us-gaap_GainLossOnDispositionOfAssets"/>
    <loc xlink:type="locator" xlink:href="http://xbrl.fasb.org/us-gaap/2012/elts/us-gaap-2012-01-31.xsd#us-gaap_IncomeLossFromEquityMethodInvestmentsNetOfDividendsOrDistributions" xlink:label="us-gaap_IncomeLossFromEquityMethodInvestmentsNetOfDividendsOrDistributions"/>
    <loc xlink:type="locator" xlink:href="http://xbrl.fasb.org/us-gaap/2012/elts/us-gaap-2012-01-31.xsd#us-gaap_IncreaseDecreaseInAccountsPayable" xlink:label="us-gaap_IncreaseDecreaseInAccountsPayable"/>
    <loc xlink:type="locator" xlink:href="http://xbrl.fasb.org/us-gaap/2012/elts/us-gaap-2012-01-31.xsd#us-gaap_IncreaseDecreaseInAccountsReceivable" xlink:label="us-gaap_IncreaseDecreaseInAccountsReceivable"/>
    <loc xlink:type="locator" xlink:href="http://xbrl.fasb.org/us-gaap/2012/elts/us-gaap-2012-01-31.xsd#us-gaap_IncreaseDecreaseInAccruedLiabilitiesAndOtherOperatingLiabilities" xlink:label="us-gaap_IncreaseDecreaseInAccruedLiabilitiesAndOtherOperatingLiabilities"/>
    <loc xlink:type="locator" xlink:href="http://xbrl.fasb.org/us-gaap/2012/elts/us-gaap-2012-01-31.xsd#us-gaap_IncreaseDecreaseInDeferredRevenue" xlink:label="us-gaap_IncreaseDecreaseInDeferredRevenue"/>
    <loc xlink:type="locator" xlink:href="http://xbrl.fasb.org/us-gaap/2012/elts/us-gaap-2012-01-31.xsd#us-gaap_IncreaseDecreaseInEmployeeRelatedLiabilities" xlink:label="us-gaap_IncreaseDecreaseInEmployeeRelatedLiabilities"/>
    <loc xlink:type="locator" xlink:href="http://xbrl.fasb.org/us-gaap/2012/elts/us-gaap-2012-01-31.xsd#us-gaap_IncreaseDecreaseInInventories" xlink:label="us-gaap_IncreaseDecreaseInInventories"/>
    <loc xlink:type="locator" xlink:href="http://xbrl.fasb.org/us-gaap/2012/elts/us-gaap-2012-01-31.xsd#us-gaap_IncreaseDecreaseInPrepaidDeferredExpenseAndOtherAssets" xlink:label="us-gaap_IncreaseDecreaseInPrepaidDeferredExpenseAndOtherAssets"/>
    <loc xlink:type="locator" xlink:href="http://xbrl.fasb.org/us-gaap/2012/elts/us-gaap-2012-01-31.xsd#us-gaap_IncreaseDecreaseInRestrictedCash" xlink:label="us-gaap_IncreaseDecreaseInRestrictedCash"/>
    <loc xlink:type="locator" xlink:href="http://xbrl.fasb.org/us-gaap/2012/elts/us-gaap-2012-01-31.xsd#us-gaap_IncreaseDecreaseInRestructuringReserve" xlink:label="us-gaap_IncreaseDecreaseInRestructuringReserve"/>
    <loc xlink:type="locator" xlink:href="http://xbrl.fasb.org/us-gaap/2012/elts/us-gaap-2012-01-31.xsd#us-gaap_InvestmentIncomeNetAmortizationOfDiscountAndPremium" xlink:label="us-gaap_InvestmentIncomeNetAmortizationOfDiscountAndPremium"/>
    <loc xlink:type="locator" xlink:href="http://xbrl.fasb.org/us-gaap/2012/elts/us-gaap-2012-01-31.xsd#us-gaap_NetCashProvidedByUsedInFinancingActivities" xlink:label="us-gaap_NetCashProvidedByUsedInFinancingActivities"/>
    <loc xlink:type="locator" xlink:href="http://xbrl.fasb.org/us-gaap/2012/elts/us-gaap-2012-01-31.xsd#us-gaap_NetCashProvidedByUsedInInvestingActivities" xlink:label="us-gaap_NetCashProvidedByUsedInInvestingActivities"/>
    <loc xlink:type="locator" xlink:href="http://xbrl.fasb.org/us-gaap/2012/elts/us-gaap-2012-01-31.xsd#us-gaap_NetCashProvidedByUsedInOperatingActivities" xlink:label="us-gaap_NetCashProvidedByUsedInOperatingActivities"/>
    <loc xlink:type="locator" xlink:href="brks-20121231.xsd#brks_PaymentsOfDeferredLeasingCosts" xlink:label="brks_PaymentsOfDeferredLeasingCosts"/>
    <loc xlink:type="locator" xlink:href="http://xbrl.fasb.org/us-gaap/2012/elts/us-gaap-2012-01-31.xsd#us-gaap_PaymentsOfDividendsCommonStock" xlink:label="us-gaap_PaymentsOfDividendsCommonStock"/>
    <loc xlink:type="locator" xlink:href="http://xbrl.fasb.org/us-gaap/2012/elts/us-gaap-2012-01-31.xsd#us-gaap_PaymentsToAcquireAvailableForSaleSecurities" xlink:label="us-gaap_PaymentsToAcquireAvailableForSaleSecurities"/>
    <loc xlink:type="locator" xlink:href="http://xbrl.fasb.org/us-gaap/2012/elts/us-gaap-2012-01-31.xsd#us-gaap_PaymentsToAcquireBusinessesNetOfCashAcquired" xlink:label="us-gaap_PaymentsToAcquireBusinessesNetOfCashAcquired"/>
    <loc xlink:type="locator" xlink:href="http://xbrl.fasb.org/us-gaap/2012/elts/us-gaap-2012-01-31.xsd#us-gaap_PaymentsToAcquirePropertyPlantAndEquipment" xlink:label="us-gaap_PaymentsToAcquirePropertyPlantAndEquipment"/>
    <loc xlink:type="locator" xlink:href="http://xbrl.fasb.org/us-gaap/2012/elts/us-gaap-2012-01-31.xsd#us-gaap_PensionExpense" xlink:label="us-gaap_PensionExpense"/>
    <loc xlink:type="locator" xlink:href="http://xbrl.fasb.org/us-gaap/2012/elts/us-gaap-2012-01-31.xsd#us-gaap_ProceedsFromSaleAndMaturityOfAvailableForSaleSecurities" xlink:label="us-gaap_ProceedsFromSaleAndMaturityOfAvailableForSaleSecurities"/>
    <loc xlink:type="locator" xlink:href="http://xbrl.fasb.org/us-gaap/2012/elts/us-gaap-2012-01-31.xsd#us-gaap_ProductWarrantyAccrualPeriodIncreaseDecrease" xlink:label="us-gaap_ProductWarrantyAccrualPeriodIncreaseDecrease"/>
    <loc xlink:type="locator" xlink:href="http://xbrl.fasb.org/us-gaap/2012/elts/us-gaap-2012-01-31.xsd#us-gaap_ProfitLoss" xlink:label="us-gaap_ProfitLoss"/>
    <loc xlink:type="locator" xlink:href="http://xbrl.fasb.org/us-gaap/2012/elts/us-gaap-2012-01-31.xsd#us-gaap_ShareBasedCompensation" xlink:label="us-gaap_ShareBasedCompensation"/>
    <calculationArc xlink:type="arc" xlink:arcrole="http://www.xbrl.org/2003/arcrole/summation-item" xlink:from="us-gaap_CashAndCashEquivalentsPeriodIncreaseDecrease" xlink:to="us-gaap_NetCashProvidedByUsedInOperatingActivities" order="1.1800" weight="1.00" priority="2" use="optional"/>
    <calculationArc xlink:type="arc" xlink:arcrole="http://www.xbrl.org/2003/arcrole/summation-item" xlink:from="us-gaap_CashAndCashEquivalentsPeriodIncreaseDecrease" xlink:to="us-gaap_NetCashProvidedByUsedInInvestingActivities" order="1.2500" weight="1.00" priority="2" use="optional"/>
    <calculationArc xlink:type="arc" xlink:arcrole="http://www.xbrl.org/2003/arcrole/summation-item" xlink:from="us-gaap_CashAndCashEquivalentsPeriodIncreaseDecrease" xlink:to="us-gaap_NetCashProvidedByUsedInFinancingActivities" order="1.2700" weight="1.00" priority="2" use="optional"/>
    <calculationArc xlink:type="arc" xlink:arcrole="http://www.xbrl.org/2003/arcrole/summation-item" xlink:from="us-gaap_CashAndCashEquivalentsPeriodIncreaseDecrease" xlink:to="us-gaap_EffectOfExchangeRateOnCashAndCashEquivalents" order="1.2800" weight="1.00" priority="2" use="optional"/>
    <calculationArc xlink:type="arc" xlink:arcrole="http://www.xbrl.org/2003/arcrole/summation-item" xlink:from="us-gaap_NetCashProvidedByUsedInFinancingActivities" xlink:to="us-gaap_PaymentsOfDividendsCommonStock" order="1.2600" weight="-1.00" priority="2" use="optional"/>
    <calculationArc xlink:type="arc" xlink:arcrole="http://www.xbrl.org/2003/arcrole/summation-item" xlink:from="us-gaap_NetCashProvidedByUsedInInvestingActivities" xlink:to="us-gaap_PaymentsToAcquirePropertyPlantAndEquipment" order="1.1900" weight="-1.00" priority="2" use="optional"/>
    <calculationArc xlink:type="arc" xlink:arcrole="http://www.xbrl.org/2003/arcrole/summation-item" xlink:from="us-gaap_NetCashProvidedByUsedInInvestingActivities" xlink:to="us-gaap_PaymentsToAcquireAvailableForSaleSecurities" order="1.2000" weight="-1.00" priority="2" use="optional"/>
    <calculationArc xlink:type="arc" xlink:arcrole="http://www.xbrl.org/2003/arcrole/summation-item" xlink:from="us-gaap_NetCashProvidedByUsedInInvestingActivities" xlink:to="us-gaap_ProceedsFromSaleAndMaturityOfAvailableForSaleSecurities" order="1.2100" weight="1.00" priority="2" use="optional"/>
    <calculationArc xlink:type="arc" xlink:arcrole="http://www.xbrl.org/2003/arcrole/summation-item" xlink:from="us-gaap_NetCashProvidedByUsedInInvestingActivities" xlink:to="us-gaap_PaymentsToAcquireBusinessesNetOfCashAcquired" order="1.2200" weight="-1.00" priority="2" use="optional"/>
    <calculationArc xlink:type="arc" xlink:arcrole="http://www.xbrl.org/2003/arcrole/summation-item" xlink:from="us-gaap_NetCashProvidedByUsedInInvestingActivities" xlink:to="brks_PaymentsOfDeferredLeasingCosts" order="1.2300" weight="-1.00" priority="2" use="optional"/>
    <calculationArc xlink:type="arc" xlink:arcrole="http://www.xbrl.org/2003/arcrole/summation-item" xlink:from="us-gaap_NetCashProvidedByUsedInInvestingActivities" xlink:to="us-gaap_IncreaseDecreaseInRestrictedCash" order="1.2400" weight="-1.00" priority="2" use="optional"/>
    <calculationArc xlink:type="arc" xlink:arcrole="http://www.xbrl.org/2003/arcrole/summation-item" xlink:from="us-gaap_NetCashProvidedByUsedInOperatingActivities" xlink:to="us-gaap_ProfitLoss" order="1.0100" weight="1.00" priority="2" use="optional"/>
    <calculationArc xlink:type="arc" xlink:arcrole="http://www.xbrl.org/2003/arcrole/summation-item" xlink:from="us-gaap_NetCashProvidedByUsedInOperatingActivities" xlink:to="us-gaap_DepreciationAndAmortization" order="1.0200" weight="1.00" priority="2" use="optional"/>
    <calculationArc xlink:type="arc" xlink:arcrole="http://www.xbrl.org/2003/arcrole/summation-item" xlink:from="us-gaap_NetCashProvidedByUsedInOperatingActivities" xlink:to="us-gaap_ShareBasedCompensation" order="1.0300" weight="1.00" priority="2" use="optional"/>
    <calculationArc xlink:type="arc" xlink:arcrole="http://www.xbrl.org/2003/arcrole/summation-item" xlink:from="us-gaap_NetCashProvidedByUsedInOperatingActivities" xlink:to="us-gaap_InvestmentIncomeNetAmortizationOfDiscountAndPremium" order="1.0400" weight="-1.00" priority="2" use="optional"/>
    <calculationArc xlink:type="arc" xlink:arcrole="http://www.xbrl.org/2003/arcrole/summation-item" xlink:from="us-gaap_NetCashProvidedByUsedInOperatingActivities" xlink:to="us-gaap_IncomeLossFromEquityMethodInvestmentsNetOfDividendsOrDistributions" order="1.0500" weight="-1.00" priority="2" use="optional"/>
    <calculationArc xlink:type="arc" xlink:arcrole="http://www.xbrl.org/2003/arcrole/summation-item" xlink:from="us-gaap_NetCashProvidedByUsedInOperatingActivities" xlink:to="us-gaap_DeferredIncomeTaxExpenseBenefit" order="1.0600" weight="1.00" priority="2" use="optional"/>
    <calculationArc xlink:type="arc" xlink:arcrole="http://www.xbrl.org/2003/arcrole/summation-item" xlink:from="us-gaap_NetCashProvidedByUsedInOperatingActivities" xlink:to="us-gaap_PensionExpense" order="1.0700" weight="1.00" priority="2" use="optional"/>
    <calculationArc xlink:type="arc" xlink:arcrole="http://www.xbrl.org/2003/arcrole/summation-item" xlink:from="us-gaap_NetCashProvidedByUsedInOperatingActivities" xlink:to="us-gaap_GainLossOnDispositionOfAssets" order="1.0800" weight="-1.00" priority="2" use="optional"/>
    <calculationArc xlink:type="arc" xlink:arcrole="http://www.xbrl.org/2003/arcrole/summation-item" xlink:from="us-gaap_NetCashProvidedByUsedInOperatingActivities" xlink:to="us-gaap_IncreaseDecreaseInAccountsReceivable" order="1.0900" weight="-1.00" priority="2" use="optional"/>
    <calculationArc xlink:type="arc" xlink:arcrole="http://www.xbrl.org/2003/arcrole/summation-item" xlink:from="us-gaap_NetCashProvidedByUsedInOperatingActivities" xlink:to="us-gaap_IncreaseDecreaseInInventories" order="1.1000" weight="-1.00" priority="2" use="optional"/>
    <calculationArc xlink:type="arc" xlink:arcrole="http://www.xbrl.org/2003/arcrole/summation-item" xlink:from="us-gaap_NetCashProvidedByUsedInOperatingActivities" xlink:to="us-gaap_IncreaseDecreaseInPrepaidDeferredExpenseAndOtherAssets" order="1.1100" weight="-1.00" priority="2" use="optional"/>
    <calculationArc xlink:type="arc" xlink:arcrole="http://www.xbrl.org/2003/arcrole/summation-item" xlink:from="us-gaap_NetCashProvidedByUsedInOperatingActivities" xlink:to="us-gaap_IncreaseDecreaseInAccountsPayable" order="1.1200" weight="1.00" priority="2" use="optional"/>
    <calculationArc xlink:type="arc" xlink:arcrole="http://www.xbrl.org/2003/arcrole/summation-item" xlink:from="us-gaap_NetCashProvidedByUsedInOperatingActivities" xlink:to="us-gaap_IncreaseDecreaseInDeferredRevenue" order="1.1300" weight="1.00" priority="2" use="optional"/>
    <calculationArc xlink:type="arc" xlink:arcrole="http://www.xbrl.org/2003/arcrole/summation-item" xlink:from="us-gaap_NetCashProvidedByUsedInOperatingActivities" xlink:to="us-gaap_ProductWarrantyAccrualPeriodIncreaseDecrease" order="1.1400" weight="1.00" priority="2" use="optional"/>
    <calculationArc xlink:type="arc" xlink:arcrole="http://www.xbrl.org/2003/arcrole/summation-item" xlink:from="us-gaap_NetCashProvidedByUsedInOperatingActivities" xlink:to="us-gaap_IncreaseDecreaseInEmployeeRelatedLiabilities" order="1.1500" weight="1.00" priority="2" use="optional"/>
    <calculationArc xlink:type="arc" xlink:arcrole="http://www.xbrl.org/2003/arcrole/summation-item" xlink:from="us-gaap_NetCashProvidedByUsedInOperatingActivities" xlink:to="us-gaap_IncreaseDecreaseInRestructuringReserve" order="1.1600" weight="1.00" priority="2" use="optional"/>
    <calculationArc xlink:type="arc" xlink:arcrole="http://www.xbrl.org/2003/arcrole/summation-item" xlink:from="us-gaap_NetCashProvidedByUsedInOperatingActivities" xlink:to="us-gaap_IncreaseDecreaseInAccruedLiabilitiesAndOtherOperatingLiabilities" order="1.1700" weight="1.00" priority="2" use="optional"/>
  </calculationLink>
  <calculationLink xlink:type="extended" xlink:role="http://www.brooks.com/taxonomy/role/DisclosureBasisOfPresentationAdditionalInformation">
  </calculationLink>
  <calculationLink xlink:type="extended" xlink:role="http://www.brooks.com/taxonomy/role/DisclosureStockBasedCompensationExpense">
  </calculationLink>
  <calculationLink xlink:type="extended" xlink:role="http://www.brooks.com/taxonomy/role/DisclosureStockBasedCompensationAdditionalInformation">
  </calculationLink>
  <calculationLink xlink:type="extended" xlink:role="http://www.brooks.com/taxonomy/role/DisclosureStockOptionActivity">
  </calculationLink>
  <calculationLink xlink:type="extended" xlink:role="http://www.brooks.com/taxonomy/role/DisclosureStatusOfRestrictedStockActivityAndChanges">
  </calculationLink>
  <calculationLink xlink:type="extended" xlink:role="http://www.brooks.com/taxonomy/role/DisclosureAcquisitionsAdditionalInformation">
  </calculationLink>
  <calculationLink xlink:type="extended" xlink:role="http://www.brooks.com/taxonomy/role/DisclosureAmountsOfAssetsAndLiabilitiesAtFairValueAsOfAcquisitionDate">
  </calculationLink>
  <calculationLink xlink:type="extended" xlink:role="http://www.brooks.com/taxonomy/role/DisclosureProFormaInformationForCrossingAcquisition">
  </calculationLink>
  <calculationLink xlink:type="extended" xlink:role="http://www.brooks.com/taxonomy/role/DisclosureComponentsOfGoodwillByBusinessSegment">
  </calculationLink>
  <calculationLink xlink:type="extended" xlink:role="http://www.brooks.com/taxonomy/role/DisclosureComponentsOfIdentifiableIntangibleAssets">
    <loc xlink:type="locator" xlink:href="http://xbrl.fasb.org/us-gaap/2012/elts/us-gaap-2012-01-31.xsd#us-gaap_FiniteLivedIntangibleAssetsAccumulatedAmortization" xlink:label="us-gaap_FiniteLivedIntangibleAssetsAccumulatedAmortization"/>
    <loc xlink:type="locator" xlink:href="http://xbrl.fasb.org/us-gaap/2012/elts/us-gaap-2012-01-31.xsd#us-gaap_FiniteLivedIntangibleAssetsGross" xlink:label="us-gaap_FiniteLivedIntangibleAssetsGross"/>
    <loc xlink:type="locator" xlink:href="http://xbrl.fasb.org/us-gaap/2012/elts/us-gaap-2012-01-31.xsd#us-gaap_FiniteLivedIntangibleAssetsNet" xlink:label="us-gaap_FiniteLivedIntangibleAssetsNet"/>
    <calculationArc xlink:type="arc" xlink:arcrole="http://www.xbrl.org/2003/arcrole/summation-item" xlink:from="us-gaap_FiniteLivedIntangibleAssetsNet" xlink:to="us-gaap_FiniteLivedIntangibleAssetsGross" order="1.0100" weight="1.00" priority="2" use="optional"/>
    <calculationArc xlink:type="arc" xlink:arcrole="http://www.xbrl.org/2003/arcrole/summation-item" xlink:from="us-gaap_FiniteLivedIntangibleAssetsNet" xlink:to="us-gaap_FiniteLivedIntangibleAssetsAccumulatedAmortization" order="1.0200" weight="-1.00" priority="2" use="optional"/>
  </calculationLink>
  <calculationLink xlink:type="extended" xlink:role="http://www.brooks.com/taxonomy/role/DisclosureIncomeTaxesAdditionalInformation">
  </calculationLink>
  <calculationLink xlink:type="extended" xlink:role="http://www.brooks.com/taxonomy/role/DisclosureReconciliationOfWeightedAverageCommonSharesOutstandingForPurposesOfCalculatingBasicAndDilutedEarningsPerShare">
    <loc xlink:type="locator" xlink:href="http://xbrl.fasb.org/us-gaap/2012/elts/us-gaap-2012-01-31.xsd#us-gaap_IncrementalCommonSharesAttributableToShareBasedPaymentArrangements" xlink:label="us-gaap_IncrementalCommonSharesAttributableToShareBasedPaymentArrangements"/>
    <loc xlink:type="locator" xlink:href="http://xbrl.fasb.org/us-gaap/2012/elts/us-gaap-2012-01-31.xsd#us-gaap_WeightedAverageNumberOfDilutedSharesOutstanding" xlink:label="us-gaap_WeightedAverageNumberOfDilutedSharesOutstanding"/>
    <loc xlink:type="locator" xlink:href="http://xbrl.fasb.org/us-gaap/2012/elts/us-gaap-2012-01-31.xsd#us-gaap_WeightedAverageNumberOfSharesOutstandingBasic" xlink:label="us-gaap_WeightedAverageNumberOfSharesOutstandingBasic"/>
    <calculationArc xlink:type="arc" xlink:arcrole="http://www.xbrl.org/2003/arcrole/summation-item" xlink:from="us-gaap_WeightedAverageNumberOfDilutedSharesOutstanding" xlink:to="us-gaap_WeightedAverageNumberOfSharesOutstandingBasic" order="1.0100" weight="1.00" priority="2" use="optional"/>
    <calculationArc xlink:type="arc" xlink:arcrole="http://www.xbrl.org/2003/arcrole/summation-item" xlink:from="us-gaap_WeightedAverageNumberOfDilutedSharesOutstanding" xlink:to="us-gaap_IncrementalCommonSharesAttributableToShareBasedPaymentArrangements" order="1.0200" weight="1.00" priority="2" use="optional"/>
  </calculationLink>
  <calculationLink xlink:type="extended" xlink:role="http://www.brooks.com/taxonomy/role/DisclosureEarningsPerShareAdditionalInformation">
  </calculationLink>
  <calculationLink xlink:type="extended" xlink:role="http://www.brooks.com/taxonomy/role/DisclosureSegmentInformationAdditionalInformation">
  </calculationLink>
  <calculationLink xlink:type="extended" xlink:role="http://www.brooks.com/taxonomy/role/DisclosureFinancialInformationForBusinessSegments">
  </calculationLink>
  <calculationLink xlink:type="extended" xlink:role="http://www.brooks.com/taxonomy/role/DisclosureReconciliationOfReportableSegmentOperatingIncomeLossToCorrespondingConsolidatedAmounts">
  </calculationLink>
  <calculationLink xlink:type="extended" xlink:role="http://www.brooks.com/taxonomy/role/DisclosureReconciliationOfReportableSegmentAssetsToCorrespondingConsolidatedAmounts">
  </calculationLink>
  <calculationLink xlink:type="extended" xlink:role="http://www.brooks.com/taxonomy/role/DisclosureSignificantCustomersAdditionalInformation">
  </calculationLink>
  <calculationLink xlink:type="extended" xlink:role="http://www.brooks.com/taxonomy/role/DisclosureRestructuringAndOtherChargesAdditionalInformation">
  </calculationLink>
  <calculationLink xlink:type="extended" xlink:role="http://www.brooks.com/taxonomy/role/DisclosureActivityRelatedToRestructuringAccruals">
  </calculationLink>
  <calculationLink xlink:type="extended" xlink:role="http://www.brooks.com/taxonomy/role/DisclosureEmployeeBenefitPlansAdditionalInformation">
  </calculationLink>
  <calculationLink xlink:type="extended" xlink:role="http://www.brooks.com/taxonomy/role/DisclosureComponentsOfNetPensionCost">
    <loc xlink:type="locator" xlink:href="http://xbrl.fasb.org/us-gaap/2012/elts/us-gaap-2012-01-31.xsd#us-gaap_DefinedBenefitPlanAmortizationOfGainsLosses" xlink:label="us-gaap_DefinedBenefitPlanAmortizationOfGainsLosses"/>
    <loc xlink:type="locator" xlink:href="http://xbrl.fasb.org/us-gaap/2012/elts/us-gaap-2012-01-31.xsd#us-gaap_DefinedBenefitPlanExpectedReturnOnPlanAssets" xlink:label="us-gaap_DefinedBenefitPlanExpectedReturnOnPlanAssets"/>
    <loc xlink:type="locator" xlink:href="http://xbrl.fasb.org/us-gaap/2012/elts/us-gaap-2012-01-31.xsd#us-gaap_DefinedBenefitPlanInterestCost" xlink:label="us-gaap_DefinedBenefitPlanInterestCost"/>
    <loc xlink:type="locator" xlink:href="http://xbrl.fasb.org/us-gaap/2012/elts/us-gaap-2012-01-31.xsd#us-gaap_DefinedBenefitPlanNetPeriodicBenefitCost" xlink:label="us-gaap_DefinedBenefitPlanNetPeriodicBenefitCost"/>
    <loc xlink:type="locator" xlink:href="http://xbrl.fasb.org/us-gaap/2012/elts/us-gaap-2012-01-31.xsd#us-gaap_DefinedBenefitPlanServiceCost" xlink:label="us-gaap_DefinedBenefitPlanServiceCost"/>
    <loc xlink:type="locator" xlink:href="http://xbrl.fasb.org/us-gaap/2012/elts/us-gaap-2012-01-31.xsd#us-gaap_DefinedBenefitPlanSettlementsBenefitObligation" xlink:label="us-gaap_DefinedBenefitPlanSettlementsBenefitObligation"/>
    <loc xlink:type="locator" xlink:href="http://xbrl.fasb.org/us-gaap/2012/elts/us-gaap-2012-01-31.xsd#us-gaap_DefinedContributionPlanCostRecognized" xlink:label="us-gaap_DefinedContributionPlanCostRecognized"/>
    <calculationArc xlink:type="arc" xlink:arcrole="http://www.xbrl.org/2003/arcrole/summation-item" xlink:from="us-gaap_DefinedBenefitPlanNetPeriodicBenefitCost" xlink:to="us-gaap_DefinedBenefitPlanServiceCost" order="1.0100" weight="1.00" priority="2" use="optional"/>
    <calculationArc xlink:type="arc" xlink:arcrole="http://www.xbrl.org/2003/arcrole/summation-item" xlink:from="us-gaap_DefinedBenefitPlanNetPeriodicBenefitCost" xlink:to="us-gaap_DefinedBenefitPlanInterestCost" order="1.0200" weight="1.00" priority="2" use="optional"/>
    <calculationArc xlink:type="arc" xlink:arcrole="http://www.xbrl.org/2003/arcrole/summation-item" xlink:from="us-gaap_DefinedBenefitPlanNetPeriodicBenefitCost" xlink:to="us-gaap_DefinedBenefitPlanAmortizationOfGainsLosses" order="1.0300" weight="-1.00" priority="2" use="optional"/>
    <calculationArc xlink:type="arc" xlink:arcrole="http://www.xbrl.org/2003/arcrole/summation-item" xlink:from="us-gaap_DefinedBenefitPlanNetPeriodicBenefitCost" xlink:to="us-gaap_DefinedBenefitPlanExpectedReturnOnPlanAssets" order="1.0400" weight="-1.00" priority="2" use="optional"/>
    <calculationArc xlink:type="arc" xlink:arcrole="http://www.xbrl.org/2003/arcrole/summation-item" xlink:from="us-gaap_DefinedContributionPlanCostRecognized" xlink:to="us-gaap_DefinedBenefitPlanNetPeriodicBenefitCost" order="1.0500" weight="1.00" priority="2" use="optional"/>
    <calculationArc xlink:type="arc" xlink:arcrole="http://www.xbrl.org/2003/arcrole/summation-item" xlink:from="us-gaap_DefinedContributionPlanCostRecognized" xlink:to="us-gaap_DefinedBenefitPlanSettlementsBenefitObligation" order="1.0600" weight="1.00" priority="2" use="optional"/>
  </calculationLink>
  <calculationLink xlink:type="extended" xlink:role="http://www.brooks.com/taxonomy/role/DisclosureSummaryOfAccountReceivable">
    <loc xlink:type="locator" xlink:href="http://xbrl.fasb.org/us-gaap/2012/elts/us-gaap-2012-01-31.xsd#us-gaap_AccountsReceivableGrossCurrent" xlink:label="us-gaap_AccountsReceivableGrossCurrent"/>
    <loc xlink:type="locator" xlink:href="http://xbrl.fasb.org/us-gaap/2012/elts/us-gaap-2012-01-31.xsd#us-gaap_AccountsReceivableNetCurrent" xlink:label="us-gaap_AccountsReceivableNetCurrent"/>
    <loc xlink:type="locator" xlink:href="http://xbrl.fasb.org/us-gaap/2012/elts/us-gaap-2012-01-31.xsd#us-gaap_AllowanceForDoubtfulAccountsReceivableCurrent" xlink:label="us-gaap_AllowanceForDoubtfulAccountsReceivableCurrent"/>
    <calculationArc xlink:type="arc" xlink:arcrole="http://www.xbrl.org/2003/arcrole/summation-item" xlink:from="us-gaap_AccountsReceivableNetCurrent" xlink:to="us-gaap_AccountsReceivableGrossCurrent" order="1.0100" weight="1.00" priority="2" use="optional"/>
    <calculationArc xlink:type="arc" xlink:arcrole="http://www.xbrl.org/2003/arcrole/summation-item" xlink:from="us-gaap_AccountsReceivableNetCurrent" xlink:to="us-gaap_AllowanceForDoubtfulAccountsReceivableCurrent" order="1.0200" weight="-1.00" priority="2" use="optional"/>
  </calculationLink>
  <calculationLink xlink:type="extended" xlink:role="http://www.brooks.com/taxonomy/role/DisclosureSummaryOfInventories">
    <loc xlink:type="locator" xlink:href="http://xbrl.fasb.org/us-gaap/2012/elts/us-gaap-2012-01-31.xsd#us-gaap_InventoryFinishedGoods" xlink:label="us-gaap_InventoryFinishedGoods"/>
    <loc xlink:type="locator" xlink:href="http://xbrl.fasb.org/us-gaap/2012/elts/us-gaap-2012-01-31.xsd#us-gaap_InventoryNet" xlink:label="us-gaap_InventoryNet"/>
    <loc xlink:type="locator" xlink:href="http://xbrl.fasb.org/us-gaap/2012/elts/us-gaap-2012-01-31.xsd#us-gaap_InventoryRawMaterials" xlink:label="us-gaap_InventoryRawMaterials"/>
    <loc xlink:type="locator" xlink:href="http://xbrl.fasb.org/us-gaap/2012/elts/us-gaap-2012-01-31.xsd#us-gaap_InventoryWorkInProcess" xlink:label="us-gaap_InventoryWorkInProcess"/>
    <calculationArc xlink:type="arc" xlink:arcrole="http://www.xbrl.org/2003/arcrole/summation-item" xlink:from="us-gaap_InventoryNet" xlink:to="us-gaap_InventoryRawMaterials" order="1.0100" weight="1.00" priority="2" use="optional"/>
    <calculationArc xlink:type="arc" xlink:arcrole="http://www.xbrl.org/2003/arcrole/summation-item" xlink:from="us-gaap_InventoryNet" xlink:to="us-gaap_InventoryWorkInProcess" order="1.0200" weight="1.00" priority="2" use="optional"/>
    <calculationArc xlink:type="arc" xlink:arcrole="http://www.xbrl.org/2003/arcrole/summation-item" xlink:from="us-gaap_InventoryNet" xlink:to="us-gaap_InventoryFinishedGoods" order="1.0300" weight="1.00" priority="2" use="optional"/>
  </calculationLink>
  <calculationLink xlink:type="extended" xlink:role="http://www.brooks.com/taxonomy/role/DisclosureProductWarrantyAndRetrofitActivityOnGrossBasis">
  </calculationLink>
  <calculationLink xlink:type="extended" xlink:role="http://www.brooks.com/taxonomy/role/DisclosureJointVenturesAdditionalInformation">
  </calculationLink>
  <calculationLink xlink:type="extended" xlink:role="http://www.brooks.com/taxonomy/role/DisclosureSummarizedCondensedFinancialInformationForUlvacCryogenicsInc">
  </calculationLink>
  <calculationLink xlink:type="extended" xlink:role="http://www.brooks.com/taxonomy/role/DisclosureSummarizedCondensedFinancialInformationForYaskawaElectricCorporation">
  </calculationLink>
  <calculationLink xlink:type="extended" xlink:role="http://www.brooks.com/taxonomy/role/DisclosureNotionalAmountsOutstandingUnderForeignCurrencyContracts">
  </calculationLink>
  <calculationLink xlink:type="extended" xlink:role="http://www.brooks.com/taxonomy/role/DisclosureSummaryOfMarketableSecuritiesIncludingAccruedInterestReceivable">
    <loc xlink:type="locator" xlink:href="http://xbrl.fasb.org/us-gaap/2012/elts/us-gaap-2012-01-31.xsd#us-gaap_AvailableForSaleSecuritiesAmortizedCost" xlink:label="us-gaap_AvailableForSaleSecuritiesAmortizedCost"/>
    <loc xlink:type="locator" xlink:href="http://xbrl.fasb.org/us-gaap/2012/elts/us-gaap-2012-01-31.xsd#us-gaap_AvailableForSaleSecuritiesFairValueDisclosure" xlink:label="us-gaap_AvailableForSaleSecuritiesFairValueDisclosure"/>
    <loc xlink:type="locator" xlink:href="http://xbrl.fasb.org/us-gaap/2012/elts/us-gaap-2012-01-31.xsd#us-gaap_AvailableforsaleSecuritiesGrossUnrealizedGain" xlink:label="us-gaap_AvailableforsaleSecuritiesGrossUnrealizedGain"/>
    <loc xlink:type="locator" xlink:href="http://xbrl.fasb.org/us-gaap/2012/elts/us-gaap-2012-01-31.xsd#us-gaap_AvailableForSaleSecuritiesGrossUnrealizedLosses1" xlink:label="us-gaap_AvailableForSaleSecuritiesGrossUnrealizedLosses1"/>
    <calculationArc xlink:type="arc" xlink:arcrole="http://www.xbrl.org/2003/arcrole/summation-item" xlink:from="us-gaap_AvailableForSaleSecuritiesFairValueDisclosure" xlink:to="us-gaap_AvailableForSaleSecuritiesAmortizedCost" order="1.0100" weight="1.00" priority="2" use="optional"/>
    <calculationArc xlink:type="arc" xlink:arcrole="http://www.xbrl.org/2003/arcrole/summation-item" xlink:from="us-gaap_AvailableForSaleSecuritiesFairValueDisclosure" xlink:to="us-gaap_AvailableforsaleSecuritiesGrossUnrealizedGain" order="1.0200" weight="1.00" priority="2" use="optional"/>
    <calculationArc xlink:type="arc" xlink:arcrole="http://www.xbrl.org/2003/arcrole/summation-item" xlink:from="us-gaap_AvailableForSaleSecuritiesFairValueDisclosure" xlink:to="us-gaap_AvailableForSaleSecuritiesGrossUnrealizedLosses1" order="1.0300" weight="-1.00" priority="2" use="optional"/>
  </calculationLink>
  <calculationLink xlink:type="extended" xlink:role="http://www.brooks.com/taxonomy/role/DisclosureFairValueOfMarketableSecuritiesByContractualMaturity">
    <loc xlink:type="locator" xlink:href="http://xbrl.fasb.org/us-gaap/2012/elts/us-gaap-2012-01-31.xsd#us-gaap_AvailableForSaleSecuritiesDebtMaturitiesAfterOneThroughFiveYearsFairValue" xlink:label="us-gaap_AvailableForSaleSecuritiesDebtMaturitiesAfterOneThroughFiveYearsFairValue"/>
    <loc xlink:type="locator" xlink:href="http://xbrl.fasb.org/us-gaap/2012/elts/us-gaap-2012-01-31.xsd#us-gaap_AvailableForSaleSecuritiesDebtMaturitiesAfterTenYearsFairValue" xlink:label="us-gaap_AvailableForSaleSecuritiesDebtMaturitiesAfterTenYearsFairValue"/>
    <loc xlink:type="locator" xlink:href="http://xbrl.fasb.org/us-gaap/2012/elts/us-gaap-2012-01-31.xsd#us-gaap_AvailableForSaleSecuritiesDebtMaturitiesWithinOneYearFairValue" xlink:label="us-gaap_AvailableForSaleSecuritiesDebtMaturitiesWithinOneYearFairValue"/>
    <loc xlink:type="locator" xlink:href="http://xbrl.fasb.org/us-gaap/2012/elts/us-gaap-2012-01-31.xsd#us-gaap_AvailableForSaleSecuritiesFairValueDisclosure" xlink:label="us-gaap_AvailableForSaleSecuritiesFairValueDisclosure"/>
    <calculationArc xlink:type="arc" xlink:arcrole="http://www.xbrl.org/2003/arcrole/summation-item" xlink:from="us-gaap_AvailableForSaleSecuritiesFairValueDisclosure" xlink:to="us-gaap_AvailableForSaleSecuritiesDebtMaturitiesWithinOneYearFairValue" order="1.0100" weight="1.00" priority="2" use="optional"/>
    <calculationArc xlink:type="arc" xlink:arcrole="http://www.xbrl.org/2003/arcrole/summation-item" xlink:from="us-gaap_AvailableForSaleSecuritiesFairValueDisclosure" xlink:to="us-gaap_AvailableForSaleSecuritiesDebtMaturitiesAfterOneThroughFiveYearsFairValue" order="1.0200" weight="1.00" priority="2" use="optional"/>
    <calculationArc xlink:type="arc" xlink:arcrole="http://www.xbrl.org/2003/arcrole/summation-item" xlink:from="us-gaap_AvailableForSaleSecuritiesFairValueDisclosure" xlink:to="us-gaap_AvailableForSaleSecuritiesDebtMaturitiesAfterTenYearsFairValue" order="1.0300" weight="1.00" priority="2" use="optional"/>
  </calculationLink>
  <calculationLink xlink:type="extended" xlink:role="http://www.brooks.com/taxonomy/role/DisclosureAssetsAndLiabilitiesMeasuredAtFairValueOnRecurringBasis">
    <loc xlink:type="locator" xlink:href="http://xbrl.fasb.org/us-gaap/2012/elts/us-gaap-2012-01-31.xsd#us-gaap_AssetsFairValueDisclosure" xlink:label="us-gaap_AssetsFairValueDisclosure"/>
    <loc xlink:type="locator" xlink:href="http://xbrl.fasb.org/us-gaap/2012/elts/us-gaap-2012-01-31.xsd#us-gaap_AvailableForSaleSecuritiesFairValueDisclosure" xlink:label="us-gaap_AvailableForSaleSecuritiesFairValueDisclosure"/>
    <loc xlink:type="locator" xlink:href="http://xbrl.fasb.org/us-gaap/2012/elts/us-gaap-2012-01-31.xsd#us-gaap_CashAndCashEquivalentsFairValueDisclosure" xlink:label="us-gaap_CashAndCashEquivalentsFairValueDisclosure"/>
    <loc xlink:type="locator" xlink:href="http://xbrl.fasb.org/us-gaap/2012/elts/us-gaap-2012-01-31.xsd#us-gaap_ForeignCurrencyContractAssetFairValueDisclosure" xlink:label="us-gaap_ForeignCurrencyContractAssetFairValueDisclosure"/>
    <calculationArc xlink:type="arc" xlink:arcrole="http://www.xbrl.org/2003/arcrole/summation-item" xlink:from="us-gaap_AssetsFairValueDisclosure" xlink:to="us-gaap_CashAndCashEquivalentsFairValueDisclosure" order="1.0100" weight="1.00" priority="2" use="optional"/>
    <calculationArc xlink:type="arc" xlink:arcrole="http://www.xbrl.org/2003/arcrole/summation-item" xlink:from="us-gaap_AssetsFairValueDisclosure" xlink:to="us-gaap_AvailableForSaleSecuritiesFairValueDisclosure" order="1.0200" weight="1.00" priority="2" use="optional"/>
    <calculationArc xlink:type="arc" xlink:arcrole="http://www.xbrl.org/2003/arcrole/summation-item" xlink:from="us-gaap_AssetsFairValueDisclosure" xlink:to="us-gaap_ForeignCurrencyContractAssetFairValueDisclosure" order="1.0300" weight="1.00" priority="2" use="optional"/>
  </calculationLink>
  <calculationLink xlink:type="extended" xlink:role="http://www.brooks.com/taxonomy/role/DisclosureFairValueMeasurementsAdditionalInformation">
  </calculationLink>
  <calculationLink xlink:type="extended" xlink:role="http://www.brooks.com/taxonomy/role/DisclosureSubsequentEventsAdditionalInformation">
  </calculationLink>
  <calculationLink xlink:type="extended" xlink:role="http://www.brooks.com/taxonomy/role/NotesToFinancialStatementsBusinessDescriptionAndBasisOfPresentationTextBlock">
  </calculationLink>
  <calculationLink xlink:type="extended" xlink:role="http://www.brooks.com/taxonomy/role/NotesToFinancialStatementsDisclosureOfCompensationRelatedCostsShareBasedPaymentsTextBlock">
  </calculationLink>
  <calculationLink xlink:type="extended" xlink:role="http://www.brooks.com/taxonomy/role/NotesToFinancialStatementsDisclosureOfCompensationRelatedCostsShareBasedPaymentsTextBlockTables">
  </calculationLink>
  <calculationLink xlink:type="extended" xlink:role="http://www.brooks.com/taxonomy/role/NotesToFinancialStatementsBusinessCombinationDisclosureTextBlock">
  </calculationLink>
  <calculationLink xlink:type="extended" xlink:role="http://www.brooks.com/taxonomy/role/NotesToFinancialStatementsBusinessCombinationDisclosureTextBlockTables">
  </calculationLink>
  <calculationLink xlink:type="extended" xlink:role="http://www.brooks.com/taxonomy/role/NotesToFinancialStatementsGoodwillAndIntangibleAssetsDisclosureTextBlock">
  </calculationLink>
  <calculationLink xlink:type="extended" xlink:role="http://www.brooks.com/taxonomy/role/NotesToFinancialStatementsGoodwillAndIntangibleAssetsDisclosureTextBlockTables">
  </calculationLink>
  <calculationLink xlink:type="extended" xlink:role="http://www.brooks.com/taxonomy/role/NotesToFinancialStatementsIncomeTaxDisclosureTextBlock">
  </calculationLink>
  <calculationLink xlink:type="extended" xlink:role="http://www.brooks.com/taxonomy/role/NotesToFinancialStatementsEarningsPerShareTextBlock">
  </calculationLink>
  <calculationLink xlink:type="extended" xlink:role="http://www.brooks.com/taxonomy/role/NotesToFinancialStatementsEarningsPerShareTextBlockTables">
  </calculationLink>
  <calculationLink xlink:type="extended" xlink:role="http://www.brooks.com/taxonomy/role/NotesToFinancialStatementsSegmentReportingDisclosureTextBlock">
  </calculationLink>
  <calculationLink xlink:type="extended" xlink:role="http://www.brooks.com/taxonomy/role/NotesToFinancialStatementsSegmentReportingDisclosureTextBlockTables">
  </calculationLink>
  <calculationLink xlink:type="extended" xlink:role="http://www.brooks.com/taxonomy/role/NotesToFinancialStatementsRevenueByMajorCustomersByReportingSegmentsTextBlock">
  </calculationLink>
  <calculationLink xlink:type="extended" xlink:role="http://www.brooks.com/taxonomy/role/NotesToFinancialStatementsRestructuringAndRelatedActivitiesDisclosureTextBlock">
  </calculationLink>
  <calculationLink xlink:type="extended" xlink:role="http://www.brooks.com/taxonomy/role/NotesToFinancialStatementsRestructuringAndRelatedActivitiesDisclosureTextBlockTables">
  </calculationLink>
  <calculationLink xlink:type="extended" xlink:role="http://www.brooks.com/taxonomy/role/NotesToFinancialStatementsPensionAndOtherPostretirementBenefitsDisclosureTextBlock">
  </calculationLink>
  <calculationLink xlink:type="extended" xlink:role="http://www.brooks.com/taxonomy/role/NotesToFinancialStatementsPensionAndOtherPostretirementBenefitsDisclosureTextBlockTables">
  </calculationLink>
  <calculationLink xlink:type="extended" xlink:role="http://www.brooks.com/taxonomy/role/NotesToFinancialStatementsSupplementalBalanceSheetDisclosuresTextBlock">
  </calculationLink>
  <calculationLink xlink:type="extended" xlink:role="http://www.brooks.com/taxonomy/role/NotesToFinancialStatementsSupplementalBalanceSheetDisclosuresTextBlockTables">
  </calculationLink>
  <calculationLink xlink:type="extended" xlink:role="http://www.brooks.com/taxonomy/role/NotesToFinancialStatementsEquityMethodInvestmentsDisclosureTextBlock">
  </calculationLink>
  <calculationLink xlink:type="extended" xlink:role="http://www.brooks.com/taxonomy/role/NotesToFinancialStatementsEquityMethodInvestmentsDisclosureTextBlockTables">
  </calculationLink>
  <calculationLink xlink:type="extended" xlink:role="http://www.brooks.com/taxonomy/role/NotesToFinancialStatementsDerivativeInstrumentsAndHedgingActivitiesDisclosureTextBlock">
  </calculationLink>
  <calculationLink xlink:type="extended" xlink:role="http://www.brooks.com/taxonomy/role/NotesToFinancialStatementsDerivativeInstrumentsAndHedgingActivitiesDisclosureTextBlockTables">
  </calculationLink>
  <calculationLink xlink:type="extended" xlink:role="http://www.brooks.com/taxonomy/role/NotesToFinancialStatementsInvestmentTextBlock">
  </calculationLink>
  <calculationLink xlink:type="extended" xlink:role="http://www.brooks.com/taxonomy/role/NotesToFinancialStatementsInvestmentTextBlockTables">
  </calculationLink>
  <calculationLink xlink:type="extended" xlink:role="http://www.brooks.com/taxonomy/role/NotesToFinancialStatementsFairValueDisclosuresTextBlock">
  </calculationLink>
  <calculationLink xlink:type="extended" xlink:role="http://www.brooks.com/taxonomy/role/NotesToFinancialStatementsFairValueDisclosuresTextBlockTables">
  </calculationLink>
  <calculationLink xlink:type="extended" xlink:role="http://www.brooks.com/taxonomy/role/NotesToFinancialStatementsCommitmentsAndContingenciesDisclosureTextBlock">
  </calculationLink>
  <calculationLink xlink:type="extended" xlink:role="http://www.brooks.com/taxonomy/role/NotesToFinancialStatementsSubsequentEventsTextBlock">
  </calculationLink>
</linkbase>
