<?xml version="1.0" encoding="US-ASCII"?>
<!--XBRL Document Created with WebFilings-->
<!-- -->
<linkbase xsi:schemaLocation="http://www.xbrl.org/2003/linkbase http://www.xbrl.org/2003/xbrl-linkbase-2003-12-31.xsd" xmlns="http://www.xbrl.org/2003/linkbase" xmlns:xbrldt="http://xbrl.org/2005/xbrldt" xmlns:xlink="http://www.w3.org/1999/xlink" xmlns:xsi="http://www.w3.org/2001/XMLSchema-instance">
  <roleRef roleURI="http://www.hhgregg.com/role/CondensedConsolidatedStatementOfStockholdersEquity" xlink:href="hgg-20121231.xsd#CondensedConsolidatedStatementOfStockholdersEquity" xlink:type="simple" />
  <roleRef roleURI="http://www.hhgregg.com/role/DebtAdditionalInformationDetails" xlink:href="hgg-20121231.xsd#DebtAdditionalInformationDetails" xlink:type="simple" />
  <roleRef roleURI="http://www.hhgregg.com/role/DebtSummaryOfDebtDetails" xlink:href="hgg-20121231.xsd#DebtSummaryOfDebtDetails" xlink:type="simple" />
  <roleRef roleURI="http://www.hhgregg.com/role/InventoriesDetails" xlink:href="hgg-20121231.xsd#InventoriesDetails" xlink:type="simple" />
  <roleRef roleURI="http://www.hhgregg.com/role/NetIncomeLossPerShareAdditionalInformationDetails" xlink:href="hgg-20121231.xsd#NetIncomeLossPerShareAdditionalInformationDetails" xlink:type="simple" />
  <roleRef roleURI="http://www.hhgregg.com/role/PropertyAndEquipmentDetails" xlink:href="hgg-20121231.xsd#PropertyAndEquipmentDetails" xlink:type="simple" />
  <roleRef roleURI="http://www.hhgregg.com/role/ShareRepurchaseProgramNumberAndCostOfShareRepurchasedDetails" xlink:href="hgg-20121231.xsd#ShareRepurchaseProgramNumberAndCostOfShareRepurchasedDetails" xlink:type="simple" />
  <roleRef roleURI="http://www.hhgregg.com/role/StockBasedCompensationAdditionalInformationDetails" xlink:href="hgg-20121231.xsd#StockBasedCompensationAdditionalInformationDetails" xlink:type="simple" />
  <roleRef roleURI="http://www.hhgregg.com/role/StockBasedCompensationSummaryOfRsuVestingActivityDetails" xlink:href="hgg-20121231.xsd#StockBasedCompensationSummaryOfRsuVestingActivityDetails" xlink:type="simple" />
  <roleRef roleURI="http://www.hhgregg.com/role/StockBasedCompensationSummaryOfStockOptionPlansActivityDetails" xlink:href="hgg-20121231.xsd#StockBasedCompensationSummaryOfStockOptionPlansActivityDetails" xlink:type="simple" />
  <arcroleRef arcroleURI="http://xbrl.org/int/dim/arcrole/all" xlink:href="http://www.xbrl.org/2005/xbrldt-2005.xsd#all" xlink:type="simple" />
  <arcroleRef arcroleURI="http://xbrl.org/int/dim/arcrole/dimension-default" xlink:href="http://www.xbrl.org/2005/xbrldt-2005.xsd#dimension-default" xlink:type="simple" />
  <arcroleRef arcroleURI="http://xbrl.org/int/dim/arcrole/dimension-domain" xlink:href="http://www.xbrl.org/2005/xbrldt-2005.xsd#dimension-domain" xlink:type="simple" />
  <arcroleRef arcroleURI="http://xbrl.org/int/dim/arcrole/domain-member" xlink:href="http://www.xbrl.org/2005/xbrldt-2005.xsd#domain-member" xlink:type="simple" />
  <arcroleRef arcroleURI="http://xbrl.org/int/dim/arcrole/hypercube-dimension" xlink:href="http://www.xbrl.org/2005/xbrldt-2005.xsd#hypercube-dimension" xlink:type="simple" />
  <definitionLink xlink:role="http://www.hhgregg.com/role/CondensedConsolidatedStatementOfStockholdersEquity" xlink:type="extended">
    <loc xlink:href="http://xbrl.fasb.org/us-gaap/2012/elts/us-gaap-2012-01-31.xsd#us-gaap_StatementLineItems" xlink:label="loc_us-gaap_StatementLineItems_D7AF9AF20C56FC37BC694E6F375F7B56" xlink:type="locator" />
    <loc xlink:href="http://xbrl.fasb.org/us-gaap/2012/elts/us-gaap-2012-01-31.xsd#us-gaap_StatementTable" xlink:label="loc_us-gaap_StatementTable_4897F4473CFD873089C54E6F375A7ADD" xlink:type="locator" />
    <definitionArc order="1" xlink:arcrole="http://xbrl.org/int/dim/arcrole/all" xlink:from="loc_us-gaap_StatementLineItems_D7AF9AF20C56FC37BC694E6F375F7B56" xlink:to="loc_us-gaap_StatementTable_4897F4473CFD873089C54E6F375A7ADD" xlink:type="arc" xbrldt:closed="true" xbrldt:contextElement="segment" />
    <loc xlink:href="http://xbrl.fasb.org/us-gaap/2012/elts/us-gaap-2012-01-31.xsd#us-gaap_StatementEquityComponentsAxis" xlink:label="loc_us-gaap_StatementEquityComponentsAxis_5E2B7112A95DF3BC68054E6F375A0E97" xlink:type="locator" />
    <definitionArc order="1" xlink:arcrole="http://xbrl.org/int/dim/arcrole/hypercube-dimension" xlink:from="loc_us-gaap_StatementTable_4897F4473CFD873089C54E6F375A7ADD" xlink:to="loc_us-gaap_StatementEquityComponentsAxis_5E2B7112A95DF3BC68054E6F375A0E97" xlink:type="arc" />
    <loc xlink:href="http://xbrl.fasb.org/us-gaap/2012/elts/us-gaap-2012-01-31.xsd#us-gaap_EquityComponentDomain" xlink:label="loc_us-gaap_EquityComponentDomain_B54374D4B6113C02C7374E6F375F8CAA_default" xlink:type="locator" />
    <definitionArc order="1" xlink:arcrole="http://xbrl.org/int/dim/arcrole/dimension-default" xlink:from="loc_us-gaap_StatementEquityComponentsAxis_5E2B7112A95DF3BC68054E6F375A0E97" xlink:to="loc_us-gaap_EquityComponentDomain_B54374D4B6113C02C7374E6F375F8CAA_default" xlink:type="arc" />
    <loc xlink:href="http://xbrl.fasb.org/us-gaap/2012/elts/us-gaap-2012-01-31.xsd#us-gaap_EquityComponentDomain" xlink:label="loc_us-gaap_EquityComponentDomain_B54374D4B6113C02C7374E6F375F8CAA" xlink:type="locator" />
    <definitionArc order="1" xlink:arcrole="http://xbrl.org/int/dim/arcrole/dimension-domain" xlink:from="loc_us-gaap_StatementEquityComponentsAxis_5E2B7112A95DF3BC68054E6F375A0E97" xlink:to="loc_us-gaap_EquityComponentDomain_B54374D4B6113C02C7374E6F375F8CAA" xlink:type="arc" />
    <loc xlink:href="http://xbrl.fasb.org/us-gaap/2012/elts/us-gaap-2012-01-31.xsd#us-gaap_CommonStockMember" xlink:label="loc_us-gaap_CommonStockMember_4E087C8744CD696866924E6F375F6987" xlink:type="locator" />
    <definitionArc order="1" xlink:arcrole="http://xbrl.org/int/dim/arcrole/domain-member" xlink:from="loc_us-gaap_EquityComponentDomain_B54374D4B6113C02C7374E6F375F8CAA" xlink:to="loc_us-gaap_CommonStockMember_4E087C8744CD696866924E6F375F6987" xlink:type="arc" />
    <loc xlink:href="http://xbrl.fasb.org/us-gaap/2012/elts/us-gaap-2012-01-31.xsd#us-gaap_PreferredStockMember" xlink:label="loc_us-gaap_PreferredStockMember_4F1438683FEF58F938834E6F375F85AE" xlink:type="locator" />
    <definitionArc order="2" xlink:arcrole="http://xbrl.org/int/dim/arcrole/domain-member" xlink:from="loc_us-gaap_EquityComponentDomain_B54374D4B6113C02C7374E6F375F8CAA" xlink:to="loc_us-gaap_PreferredStockMember_4F1438683FEF58F938834E6F375F85AE" xlink:type="arc" />
    <loc xlink:href="http://xbrl.fasb.org/us-gaap/2012/elts/us-gaap-2012-01-31.xsd#us-gaap_AdditionalPaidInCapitalMember" xlink:label="loc_us-gaap_AdditionalPaidInCapitalMember_933038755CD9DCCABE814E6F375F47D9" xlink:type="locator" />
    <definitionArc order="3" xlink:arcrole="http://xbrl.org/int/dim/arcrole/domain-member" xlink:from="loc_us-gaap_EquityComponentDomain_B54374D4B6113C02C7374E6F375F8CAA" xlink:to="loc_us-gaap_AdditionalPaidInCapitalMember_933038755CD9DCCABE814E6F375F47D9" xlink:type="arc" />
    <loc xlink:href="http://xbrl.fasb.org/us-gaap/2012/elts/us-gaap-2012-01-31.xsd#us-gaap_RetainedEarningsMember" xlink:label="loc_us-gaap_RetainedEarningsMember_6237B6C7D8023D963D2D4E6F375FFE18" xlink:type="locator" />
    <definitionArc order="4" xlink:arcrole="http://xbrl.org/int/dim/arcrole/domain-member" xlink:from="loc_us-gaap_EquityComponentDomain_B54374D4B6113C02C7374E6F375F8CAA" xlink:to="loc_us-gaap_RetainedEarningsMember_6237B6C7D8023D963D2D4E6F375FFE18" xlink:type="arc" />
    <loc xlink:href="http://xbrl.fasb.org/us-gaap/2012/elts/us-gaap-2012-01-31.xsd#us-gaap_ReceivablesFromStockholderMember" xlink:label="loc_us-gaap_ReceivablesFromStockholderMember_7D2E027027977BDF004A4E6F375F7463" xlink:type="locator" />
    <definitionArc order="5" xlink:arcrole="http://xbrl.org/int/dim/arcrole/domain-member" xlink:from="loc_us-gaap_EquityComponentDomain_B54374D4B6113C02C7374E6F375F8CAA" xlink:to="loc_us-gaap_ReceivablesFromStockholderMember_7D2E027027977BDF004A4E6F375F7463" xlink:type="arc" />
    <loc xlink:href="http://xbrl.fasb.org/us-gaap/2012/elts/us-gaap-2012-01-31.xsd#us-gaap_TreasuryStockMember" xlink:label="loc_us-gaap_TreasuryStockMember_EC9A8EE38145B6EE15F14E6F375F0A7D" xlink:type="locator" />
    <definitionArc order="6" xlink:arcrole="http://xbrl.org/int/dim/arcrole/domain-member" xlink:from="loc_us-gaap_EquityComponentDomain_B54374D4B6113C02C7374E6F375F8CAA" xlink:to="loc_us-gaap_TreasuryStockMember_EC9A8EE38145B6EE15F14E6F375F0A7D" xlink:type="arc" />
    <loc xlink:href="http://xbrl.fasb.org/us-gaap/2012/elts/us-gaap-2012-01-31.xsd#us-gaap_SharesOutstanding" xlink:label="loc_us-gaap_SharesOutstanding_B34AD8EFF052805D121E4E6F375F2061" xlink:type="locator" />
    <definitionArc order="1" xlink:arcrole="http://xbrl.org/int/dim/arcrole/domain-member" xlink:from="loc_us-gaap_StatementLineItems_D7AF9AF20C56FC37BC694E6F375F7B56" xlink:to="loc_us-gaap_SharesOutstanding_B34AD8EFF052805D121E4E6F375F2061" xlink:type="arc" />
    <loc xlink:href="http://xbrl.fasb.org/us-gaap/2012/elts/us-gaap-2012-01-31.xsd#us-gaap_StockholdersEquity" xlink:label="loc_us-gaap_StockholdersEquity_9800076C6E2B4B205D4D4E6F375FD58F" xlink:type="locator" />
    <definitionArc order="2" xlink:arcrole="http://xbrl.org/int/dim/arcrole/domain-member" xlink:from="loc_us-gaap_StatementLineItems_D7AF9AF20C56FC37BC694E6F375F7B56" xlink:to="loc_us-gaap_StockholdersEquity_9800076C6E2B4B205D4D4E6F375FD58F" xlink:type="arc" />
    <loc xlink:href="http://xbrl.fasb.org/us-gaap/2012/elts/us-gaap-2012-01-31.xsd#us-gaap_NetIncomeLoss" xlink:label="loc_us-gaap_NetIncomeLoss_74D4EB0E947005C6C3914E6F3760F3C9" xlink:type="locator" />
    <definitionArc order="3" xlink:arcrole="http://xbrl.org/int/dim/arcrole/domain-member" xlink:from="loc_us-gaap_StatementLineItems_D7AF9AF20C56FC37BC694E6F375F7B56" xlink:to="loc_us-gaap_NetIncomeLoss_74D4EB0E947005C6C3914E6F3760F3C9" xlink:type="arc" />
    <loc xlink:href="hgg-20121231.xsd#hgg_CashReceivedOnNotesReceivableForIssuanceOfCommonStock" xlink:label="loc_hgg_CashReceivedOnNotesReceivableForIssuanceOfCommonStock_7E97E2D393AAE79F341C4E6F3760B651" xlink:type="locator" />
    <definitionArc order="4" xlink:arcrole="http://xbrl.org/int/dim/arcrole/domain-member" xlink:from="loc_us-gaap_StatementLineItems_D7AF9AF20C56FC37BC694E6F375F7B56" xlink:to="loc_hgg_CashReceivedOnNotesReceivableForIssuanceOfCommonStock_7E97E2D393AAE79F341C4E6F3760B651" xlink:type="arc" />
    <loc xlink:href="http://xbrl.fasb.org/us-gaap/2012/elts/us-gaap-2012-01-31.xsd#us-gaap_StockIssuedDuringPeriodSharesStockOptionsExercised" xlink:label="loc_us-gaap_StockIssuedDuringPeriodSharesStockOptionsExercised_980CFDF940CFD783E68B4E6F3760B636" xlink:type="locator" />
    <definitionArc order="5" xlink:arcrole="http://xbrl.org/int/dim/arcrole/domain-member" xlink:from="loc_us-gaap_StatementLineItems_D7AF9AF20C56FC37BC694E6F375F7B56" xlink:to="loc_us-gaap_StockIssuedDuringPeriodSharesStockOptionsExercised_980CFDF940CFD783E68B4E6F3760B636" xlink:type="arc" />
    <loc xlink:href="http://xbrl.fasb.org/us-gaap/2012/elts/us-gaap-2012-01-31.xsd#us-gaap_StockIssuedDuringPeriodValueStockOptionsExercised" xlink:label="loc_us-gaap_StockIssuedDuringPeriodValueStockOptionsExercised_4A092276D67013AF0ECA4E6F37601034" xlink:type="locator" />
    <definitionArc order="6" xlink:arcrole="http://xbrl.org/int/dim/arcrole/domain-member" xlink:from="loc_us-gaap_StatementLineItems_D7AF9AF20C56FC37BC694E6F375F7B56" xlink:to="loc_us-gaap_StockIssuedDuringPeriodValueStockOptionsExercised_4A092276D67013AF0ECA4E6F37601034" xlink:type="arc" />
    <loc xlink:href="http://xbrl.fasb.org/us-gaap/2012/elts/us-gaap-2012-01-31.xsd#us-gaap_AdjustmentsToAdditionalPaidInCapitalSharebasedCompensationRequisiteServicePeriodRecognitionValue" xlink:label="loc_us-gaap_AdjustmentsToAdditionalPaidInCapitalSharebasedCompensationRequisiteServicePeriodRecognitionValue_31ABE2830FAA3815E0234E6F37608FC7" xlink:type="locator" />
    <definitionArc order="7" xlink:arcrole="http://xbrl.org/int/dim/arcrole/domain-member" xlink:from="loc_us-gaap_StatementLineItems_D7AF9AF20C56FC37BC694E6F375F7B56" xlink:to="loc_us-gaap_AdjustmentsToAdditionalPaidInCapitalSharebasedCompensationRequisiteServicePeriodRecognitionValue_31ABE2830FAA3815E0234E6F37608FC7" xlink:type="arc" />
    <loc xlink:href="http://xbrl.fasb.org/us-gaap/2012/elts/us-gaap-2012-01-31.xsd#us-gaap_AdjustmentsToAdditionalPaidInCapitalTaxEffectFromShareBasedCompensation" xlink:label="loc_us-gaap_AdjustmentsToAdditionalPaidInCapitalTaxEffectFromShareBasedCompensation_7EE11E82BB5FE0D5179F4E6F37607927" xlink:type="locator" />
    <definitionArc order="8" xlink:arcrole="http://xbrl.org/int/dim/arcrole/domain-member" xlink:from="loc_us-gaap_StatementLineItems_D7AF9AF20C56FC37BC694E6F375F7B56" xlink:to="loc_us-gaap_AdjustmentsToAdditionalPaidInCapitalTaxEffectFromShareBasedCompensation_7EE11E82BB5FE0D5179F4E6F37607927" xlink:type="arc" />
    <loc xlink:href="http://xbrl.fasb.org/us-gaap/2012/elts/us-gaap-2012-01-31.xsd#us-gaap_TreasuryStockSharesAcquired" xlink:label="loc_us-gaap_TreasuryStockSharesAcquired_95F922129C0355A9361A4E6F376040CF" xlink:type="locator" />
    <definitionArc order="9" xlink:arcrole="http://xbrl.org/int/dim/arcrole/domain-member" xlink:from="loc_us-gaap_StatementLineItems_D7AF9AF20C56FC37BC694E6F375F7B56" xlink:to="loc_us-gaap_TreasuryStockSharesAcquired_95F922129C0355A9361A4E6F376040CF" xlink:type="arc" />
    <loc xlink:href="http://xbrl.fasb.org/us-gaap/2012/elts/us-gaap-2012-01-31.xsd#us-gaap_TreasuryStockValueAcquiredCostMethod" xlink:label="loc_us-gaap_TreasuryStockValueAcquiredCostMethod_67E9C5E6FA3AED1743024E6F3760CD4D" xlink:type="locator" />
    <definitionArc order="10" xlink:arcrole="http://xbrl.org/int/dim/arcrole/domain-member" xlink:from="loc_us-gaap_StatementLineItems_D7AF9AF20C56FC37BC694E6F375F7B56" xlink:to="loc_us-gaap_TreasuryStockValueAcquiredCostMethod_67E9C5E6FA3AED1743024E6F3760CD4D" xlink:type="arc" />
  </definitionLink>
  <definitionLink xlink:role="http://www.hhgregg.com/role/DebtAdditionalInformationDetails" xlink:type="extended">
    <loc xlink:href="http://xbrl.fasb.org/us-gaap/2012/elts/us-gaap-2012-01-31.xsd#us-gaap_DebtInstrumentLineItems" xlink:label="loc_us-gaap_DebtInstrumentLineItems_B7F90AF225F4C704BD3872EBA887D7EE" xlink:type="locator" />
    <loc xlink:href="http://xbrl.fasb.org/us-gaap/2012/elts/us-gaap-2012-01-31.xsd#us-gaap_DebtInstrumentTable" xlink:label="loc_us-gaap_DebtInstrumentTable_32253C1653A6312AF07B72EBA88679F4" xlink:type="locator" />
    <definitionArc order="1" xlink:arcrole="http://xbrl.org/int/dim/arcrole/all" xlink:from="loc_us-gaap_DebtInstrumentLineItems_B7F90AF225F4C704BD3872EBA887D7EE" xlink:to="loc_us-gaap_DebtInstrumentTable_32253C1653A6312AF07B72EBA88679F4" xlink:type="arc" xbrldt:closed="true" xbrldt:contextElement="segment" />
    <loc xlink:href="http://xbrl.fasb.org/us-gaap/2012/elts/us-gaap-2012-01-31.xsd#us-gaap_DebtInstrumentAxis" xlink:label="loc_us-gaap_DebtInstrumentAxis_37EDC3899F3414DF2D7A72EBA886A9C6" xlink:type="locator" />
    <definitionArc order="1" xlink:arcrole="http://xbrl.org/int/dim/arcrole/hypercube-dimension" xlink:from="loc_us-gaap_DebtInstrumentTable_32253C1653A6312AF07B72EBA88679F4" xlink:to="loc_us-gaap_DebtInstrumentAxis_37EDC3899F3414DF2D7A72EBA886A9C6" xlink:type="arc" />
    <loc xlink:href="http://xbrl.fasb.org/us-gaap/2012/elts/us-gaap-2012-01-31.xsd#us-gaap_DebtInstrumentNameDomain" xlink:label="loc_us-gaap_DebtInstrumentNameDomain_14CAF4D1DFB59232AA7172EBA886C581_default" xlink:type="locator" />
    <definitionArc order="1" xlink:arcrole="http://xbrl.org/int/dim/arcrole/dimension-default" xlink:from="loc_us-gaap_DebtInstrumentAxis_37EDC3899F3414DF2D7A72EBA886A9C6" xlink:to="loc_us-gaap_DebtInstrumentNameDomain_14CAF4D1DFB59232AA7172EBA886C581_default" xlink:type="arc" />
    <loc xlink:href="http://xbrl.fasb.org/us-gaap/2012/elts/us-gaap-2012-01-31.xsd#us-gaap_DebtInstrumentNameDomain" xlink:label="loc_us-gaap_DebtInstrumentNameDomain_14CAF4D1DFB59232AA7172EBA886C581" xlink:type="locator" />
    <definitionArc order="1" xlink:arcrole="http://xbrl.org/int/dim/arcrole/dimension-domain" xlink:from="loc_us-gaap_DebtInstrumentAxis_37EDC3899F3414DF2D7A72EBA886A9C6" xlink:to="loc_us-gaap_DebtInstrumentNameDomain_14CAF4D1DFB59232AA7172EBA886C581" xlink:type="arc" />
    <loc xlink:href="hgg-20121231.xsd#hgg_LowerLimitMember" xlink:label="loc_hgg_LowerLimitMember_507DA833CA21D962DBB572EBA886B62F" xlink:type="locator" />
    <definitionArc order="1" xlink:arcrole="http://xbrl.org/int/dim/arcrole/domain-member" xlink:from="loc_us-gaap_DebtInstrumentNameDomain_14CAF4D1DFB59232AA7172EBA886C581" xlink:to="loc_hgg_LowerLimitMember_507DA833CA21D962DBB572EBA886B62F" xlink:type="arc" />
    <loc xlink:href="hgg-20121231.xsd#hgg_UpperLimitMember" xlink:label="loc_hgg_UpperLimitMember_9456CCF26F0C9F03313F72EBA886F9BC" xlink:type="locator" />
    <definitionArc order="2" xlink:arcrole="http://xbrl.org/int/dim/arcrole/domain-member" xlink:from="loc_us-gaap_DebtInstrumentNameDomain_14CAF4D1DFB59232AA7172EBA886C581" xlink:to="loc_hgg_UpperLimitMember_9456CCF26F0C9F03313F72EBA886F9BC" xlink:type="arc" />
    <loc xlink:href="http://xbrl.fasb.org/us-gaap/2012/elts/us-gaap-2012-01-31.xsd#us-gaap_LineOfCreditMember" xlink:label="loc_us-gaap_LineOfCreditMember_C722F286A8A1E419694272EBA8867212" xlink:type="locator" />
    <definitionArc order="3" xlink:arcrole="http://xbrl.org/int/dim/arcrole/domain-member" xlink:from="loc_us-gaap_DebtInstrumentNameDomain_14CAF4D1DFB59232AA7172EBA886C581" xlink:to="loc_us-gaap_LineOfCreditMember_C722F286A8A1E419694272EBA8867212" xlink:type="arc" />
    <loc xlink:href="http://xbrl.fasb.org/us-gaap/2012/elts/us-gaap-2012-01-31.xsd#us-gaap_LineOfCreditFacilityAxis" xlink:label="loc_us-gaap_LineOfCreditFacilityAxis_8B35E9514CA1168806C872EBA88755DF" xlink:type="locator" />
    <definitionArc order="2" xlink:arcrole="http://xbrl.org/int/dim/arcrole/hypercube-dimension" xlink:from="loc_us-gaap_DebtInstrumentTable_32253C1653A6312AF07B72EBA88679F4" xlink:to="loc_us-gaap_LineOfCreditFacilityAxis_8B35E9514CA1168806C872EBA88755DF" xlink:type="arc" />
    <loc xlink:href="http://xbrl.fasb.org/us-gaap/2012/elts/us-gaap-2012-01-31.xsd#us-gaap_LineOfCreditFacilityLenderDomain" xlink:label="loc_us-gaap_LineOfCreditFacilityLenderDomain_494FBC9E7559F0B3D23972EBA8871113_default" xlink:type="locator" />
    <definitionArc order="1" xlink:arcrole="http://xbrl.org/int/dim/arcrole/dimension-default" xlink:from="loc_us-gaap_LineOfCreditFacilityAxis_8B35E9514CA1168806C872EBA88755DF" xlink:to="loc_us-gaap_LineOfCreditFacilityLenderDomain_494FBC9E7559F0B3D23972EBA8871113_default" xlink:type="arc" />
    <loc xlink:href="http://xbrl.fasb.org/us-gaap/2012/elts/us-gaap-2012-01-31.xsd#us-gaap_LineOfCreditFacilityLenderDomain" xlink:label="loc_us-gaap_LineOfCreditFacilityLenderDomain_494FBC9E7559F0B3D23972EBA8871113" xlink:type="locator" />
    <definitionArc order="1" xlink:arcrole="http://xbrl.org/int/dim/arcrole/dimension-domain" xlink:from="loc_us-gaap_LineOfCreditFacilityAxis_8B35E9514CA1168806C872EBA88755DF" xlink:to="loc_us-gaap_LineOfCreditFacilityLenderDomain_494FBC9E7559F0B3D23972EBA8871113" xlink:type="arc" />
    <loc xlink:href="http://xbrl.fasb.org/us-gaap/2012/elts/us-gaap-2012-01-31.xsd#us-gaap_RevolvingCreditFacilityMember" xlink:label="loc_us-gaap_RevolvingCreditFacilityMember_CF251E60522135D1C70372EBA887EA5D" xlink:type="locator" />
    <definitionArc order="1" xlink:arcrole="http://xbrl.org/int/dim/arcrole/domain-member" xlink:from="loc_us-gaap_LineOfCreditFacilityLenderDomain_494FBC9E7559F0B3D23972EBA8871113" xlink:to="loc_us-gaap_RevolvingCreditFacilityMember_CF251E60522135D1C70372EBA887EA5D" xlink:type="arc" />
    <loc xlink:href="http://xbrl.fasb.org/us-gaap/2012/elts/us-gaap-2012-01-31.xsd#us-gaap_LineOfCreditFacilityMaximumBorrowingCapacity" xlink:label="loc_us-gaap_LineOfCreditFacilityMaximumBorrowingCapacity_66994AA618729DFC3B1772EBA8875CDF" xlink:type="locator" />
    <definitionArc order="1" xlink:arcrole="http://xbrl.org/int/dim/arcrole/domain-member" xlink:from="loc_us-gaap_DebtInstrumentLineItems_B7F90AF225F4C704BD3872EBA887D7EE" xlink:to="loc_us-gaap_LineOfCreditFacilityMaximumBorrowingCapacity_66994AA618729DFC3B1772EBA8875CDF" xlink:type="arc" />
    <loc xlink:href="http://xbrl.fasb.org/us-gaap/2012/elts/us-gaap-2012-01-31.xsd#us-gaap_LineOfCreditFacilityExpirationDate1" xlink:label="loc_us-gaap_LineOfCreditFacilityExpirationDate1_21DA6A447E929F405EEA72EBA88791C5" xlink:type="locator" />
    <definitionArc order="2" xlink:arcrole="http://xbrl.org/int/dim/arcrole/domain-member" xlink:from="loc_us-gaap_DebtInstrumentLineItems_B7F90AF225F4C704BD3872EBA887D7EE" xlink:to="loc_us-gaap_LineOfCreditFacilityExpirationDate1_21DA6A447E929F405EEA72EBA88791C5" xlink:type="arc" />
    <loc xlink:href="hgg-20121231.xsd#hgg_LineOfCreditFacilityUnusedCommitmentWeightedAverageInterestRate" xlink:label="loc_hgg_LineOfCreditFacilityUnusedCommitmentWeightedAverageInterestRate_218834C4830CD409A00172EBA8874D05" xlink:type="locator" />
    <definitionArc order="3" xlink:arcrole="http://xbrl.org/int/dim/arcrole/domain-member" xlink:from="loc_us-gaap_DebtInstrumentLineItems_B7F90AF225F4C704BD3872EBA887D7EE" xlink:to="loc_hgg_LineOfCreditFacilityUnusedCommitmentWeightedAverageInterestRate_218834C4830CD409A00172EBA8874D05" xlink:type="arc" />
    <loc xlink:href="hgg-20121231.xsd#hgg_LineOfCreditFacilityBorrowingBaseOrderlyLiquidationValueOfEligibleOtherEquipment" xlink:label="loc_hgg_LineOfCreditFacilityBorrowingBaseOrderlyLiquidationValueOfEligibleOtherEquipment_8254E5AC76B8CD34353D72EBA8879EA4" xlink:type="locator" />
    <definitionArc order="4" xlink:arcrole="http://xbrl.org/int/dim/arcrole/domain-member" xlink:from="loc_us-gaap_DebtInstrumentLineItems_B7F90AF225F4C704BD3872EBA887D7EE" xlink:to="loc_hgg_LineOfCreditFacilityBorrowingBaseOrderlyLiquidationValueOfEligibleOtherEquipment_8254E5AC76B8CD34353D72EBA8879EA4" xlink:type="arc" />
    <loc xlink:href="hgg-20121231.xsd#hgg_LineOfCreditFacilityBorrowingBasePercentageOfEligibleInventory" xlink:label="loc_hgg_LineOfCreditFacilityBorrowingBasePercentageOfEligibleInventory_1AC1462BB17B1946272A72EBA887E501" xlink:type="locator" />
    <definitionArc order="5" xlink:arcrole="http://xbrl.org/int/dim/arcrole/domain-member" xlink:from="loc_us-gaap_DebtInstrumentLineItems_B7F90AF225F4C704BD3872EBA887D7EE" xlink:to="loc_hgg_LineOfCreditFacilityBorrowingBasePercentageOfEligibleInventory_1AC1462BB17B1946272A72EBA887E501" xlink:type="arc" />
    <loc xlink:href="hgg-20121231.xsd#hgg_LineOfCreditFacilityBorrowingBasePercentageOfEligibleBilledAccountsReceivable" xlink:label="loc_hgg_LineOfCreditFacilityBorrowingBasePercentageOfEligibleBilledAccountsReceivable_6BB0555AF8428AF7732A72EBA887937D" xlink:type="locator" />
    <definitionArc order="6" xlink:arcrole="http://xbrl.org/int/dim/arcrole/domain-member" xlink:from="loc_us-gaap_DebtInstrumentLineItems_B7F90AF225F4C704BD3872EBA887D7EE" xlink:to="loc_hgg_LineOfCreditFacilityBorrowingBasePercentageOfEligibleBilledAccountsReceivable_6BB0555AF8428AF7732A72EBA887937D" xlink:type="arc" />
    <loc xlink:href="hgg-20121231.xsd#hgg_ThresholdMinimumForExcessAvailability" xlink:label="loc_hgg_ThresholdMinimumForExcessAvailability_DAACBE0E55A427DB3B2572EBA887BC5E" xlink:type="locator" />
    <definitionArc order="7" xlink:arcrole="http://xbrl.org/int/dim/arcrole/domain-member" xlink:from="loc_us-gaap_DebtInstrumentLineItems_B7F90AF225F4C704BD3872EBA887D7EE" xlink:to="loc_hgg_ThresholdMinimumForExcessAvailability_DAACBE0E55A427DB3B2572EBA887BC5E" xlink:type="arc" />
    <loc xlink:href="hgg-20121231.xsd#hgg_ProFormaExcessBorrowingAvailability" xlink:label="loc_hgg_ProFormaExcessBorrowingAvailability_2CC251467A0066DED01372EBA887E3C5" xlink:type="locator" />
    <definitionArc order="8" xlink:arcrole="http://xbrl.org/int/dim/arcrole/domain-member" xlink:from="loc_us-gaap_DebtInstrumentLineItems_B7F90AF225F4C704BD3872EBA887D7EE" xlink:to="loc_hgg_ProFormaExcessBorrowingAvailability_2CC251467A0066DED01372EBA887E3C5" xlink:type="arc" />
    <loc xlink:href="hgg-20121231.xsd#hgg_FixedChargeCoverageRatioMinimum" xlink:label="loc_hgg_FixedChargeCoverageRatioMinimum_14961510DC74B8EBB10272EBA887C172" xlink:type="locator" />
    <definitionArc order="9" xlink:arcrole="http://xbrl.org/int/dim/arcrole/domain-member" xlink:from="loc_us-gaap_DebtInstrumentLineItems_B7F90AF225F4C704BD3872EBA887D7EE" xlink:to="loc_hgg_FixedChargeCoverageRatioMinimum_14961510DC74B8EBB10272EBA887C172" xlink:type="arc" />
    <loc xlink:href="hgg-20121231.xsd#hgg_LettersOfCreditOutstandingAgainstCreditFacility" xlink:label="loc_hgg_LettersOfCreditOutstandingAgainstCreditFacility_BA5A5BE9041F25D6EA3472EBA8878140" xlink:type="locator" />
    <definitionArc order="10" xlink:arcrole="http://xbrl.org/int/dim/arcrole/domain-member" xlink:from="loc_us-gaap_DebtInstrumentLineItems_B7F90AF225F4C704BD3872EBA887D7EE" xlink:to="loc_hgg_LettersOfCreditOutstandingAgainstCreditFacility_BA5A5BE9041F25D6EA3472EBA8878140" xlink:type="arc" />
    <loc xlink:href="http://xbrl.fasb.org/us-gaap/2012/elts/us-gaap-2012-01-31.xsd#us-gaap_LineOfCreditFacilityCurrentBorrowingCapacity" xlink:label="loc_us-gaap_LineOfCreditFacilityCurrentBorrowingCapacity_4972715693B7287966CB72EBA8874273" xlink:type="locator" />
    <definitionArc order="11" xlink:arcrole="http://xbrl.org/int/dim/arcrole/domain-member" xlink:from="loc_us-gaap_DebtInstrumentLineItems_B7F90AF225F4C704BD3872EBA887D7EE" xlink:to="loc_us-gaap_LineOfCreditFacilityCurrentBorrowingCapacity_4972715693B7287966CB72EBA8874273" xlink:type="arc" />
    <loc xlink:href="http://xbrl.fasb.org/us-gaap/2012/elts/us-gaap-2012-01-31.xsd#us-gaap_LineOfCreditFacilityInterestRateAtPeriodEnd" xlink:label="loc_us-gaap_LineOfCreditFacilityInterestRateAtPeriodEnd_319F7C23D34514EC990A72EBA8887127" xlink:type="locator" />
    <definitionArc order="12" xlink:arcrole="http://xbrl.org/int/dim/arcrole/domain-member" xlink:from="loc_us-gaap_DebtInstrumentLineItems_B7F90AF225F4C704BD3872EBA887D7EE" xlink:to="loc_us-gaap_LineOfCreditFacilityInterestRateAtPeriodEnd_319F7C23D34514EC990A72EBA8887127" xlink:type="arc" />
  </definitionLink>
  <definitionLink xlink:role="http://www.hhgregg.com/role/DebtSummaryOfDebtDetails" xlink:type="extended">
    <loc xlink:href="http://xbrl.fasb.org/us-gaap/2012/elts/us-gaap-2012-01-31.xsd#us-gaap_LineOfCreditFacilityLineItems" xlink:label="loc_us-gaap_LineOfCreditFacilityLineItems_D057C8C9C77872ECA708AEE711AD8D89" xlink:type="locator" />
    <loc xlink:href="http://xbrl.fasb.org/us-gaap/2012/elts/us-gaap-2012-01-31.xsd#us-gaap_LineOfCreditFacilityTable" xlink:label="loc_us-gaap_LineOfCreditFacilityTable_D5CD035093BA470BAC8FAEE6DE7EE633" xlink:type="locator" />
    <definitionArc order="1" xlink:arcrole="http://xbrl.org/int/dim/arcrole/all" xlink:from="loc_us-gaap_LineOfCreditFacilityLineItems_D057C8C9C77872ECA708AEE711AD8D89" xlink:to="loc_us-gaap_LineOfCreditFacilityTable_D5CD035093BA470BAC8FAEE6DE7EE633" xlink:type="arc" xbrldt:closed="true" xbrldt:contextElement="segment" />
    <loc xlink:href="http://xbrl.fasb.org/us-gaap/2012/elts/us-gaap-2012-01-31.xsd#us-gaap_CreditFacilityAxis" xlink:label="loc_us-gaap_CreditFacilityAxis_7AF311237D592F529BFCAEE6DE807F6F" xlink:type="locator" />
    <definitionArc order="1" xlink:arcrole="http://xbrl.org/int/dim/arcrole/hypercube-dimension" xlink:from="loc_us-gaap_LineOfCreditFacilityTable_D5CD035093BA470BAC8FAEE6DE7EE633" xlink:to="loc_us-gaap_CreditFacilityAxis_7AF311237D592F529BFCAEE6DE807F6F" xlink:type="arc" />
    <loc xlink:href="http://xbrl.fasb.org/us-gaap/2012/elts/us-gaap-2012-01-31.xsd#us-gaap_CreditFacilityDomain" xlink:label="loc_us-gaap_CreditFacilityDomain_DB28CBFC170111D7165DAEE6DE80C0A6_default" xlink:type="locator" />
    <definitionArc order="1" xlink:arcrole="http://xbrl.org/int/dim/arcrole/dimension-default" xlink:from="loc_us-gaap_CreditFacilityAxis_7AF311237D592F529BFCAEE6DE807F6F" xlink:to="loc_us-gaap_CreditFacilityDomain_DB28CBFC170111D7165DAEE6DE80C0A6_default" xlink:type="arc" />
    <loc xlink:href="http://xbrl.fasb.org/us-gaap/2012/elts/us-gaap-2012-01-31.xsd#us-gaap_CreditFacilityDomain" xlink:label="loc_us-gaap_CreditFacilityDomain_DB28CBFC170111D7165DAEE6DE80C0A6" xlink:type="locator" />
    <definitionArc order="1" xlink:arcrole="http://xbrl.org/int/dim/arcrole/dimension-domain" xlink:from="loc_us-gaap_CreditFacilityAxis_7AF311237D592F529BFCAEE6DE807F6F" xlink:to="loc_us-gaap_CreditFacilityDomain_DB28CBFC170111D7165DAEE6DE80C0A6" xlink:type="arc" />
    <loc xlink:href="http://xbrl.fasb.org/us-gaap/2012/elts/us-gaap-2012-01-31.xsd#us-gaap_RevolvingCreditFacilityMember" xlink:label="loc_us-gaap_RevolvingCreditFacilityMember_BDB628353382AE101AB2AEE6DE80DE65" xlink:type="locator" />
    <definitionArc order="1" xlink:arcrole="http://xbrl.org/int/dim/arcrole/domain-member" xlink:from="loc_us-gaap_CreditFacilityDomain_DB28CBFC170111D7165DAEE6DE80C0A6" xlink:to="loc_us-gaap_RevolvingCreditFacilityMember_BDB628353382AE101AB2AEE6DE80DE65" xlink:type="arc" />
    <loc xlink:href="http://xbrl.fasb.org/us-gaap/2012/elts/us-gaap-2012-01-31.xsd#us-gaap_LinesOfCreditCurrent" xlink:label="loc_us-gaap_LinesOfCreditCurrent_DB12DAA81A94095A06EBAEE711AF9FA0" xlink:type="locator" />
    <definitionArc order="1" xlink:arcrole="http://xbrl.org/int/dim/arcrole/domain-member" xlink:from="loc_us-gaap_LineOfCreditFacilityLineItems_D057C8C9C77872ECA708AEE711AD8D89" xlink:to="loc_us-gaap_LinesOfCreditCurrent_DB12DAA81A94095A06EBAEE711AF9FA0" xlink:type="arc" />
  </definitionLink>
  <definitionLink xlink:role="http://www.hhgregg.com/role/InventoriesDetails" xlink:type="extended">
    <loc xlink:href="hgg-20121231.xsd#hgg_ScheduleOfInventoryLineItems" xlink:label="loc_hgg_ScheduleOfInventoryLineItems_8D65A5021F66E4B80B56AEDF9B447909" xlink:type="locator" />
    <loc xlink:href="hgg-20121231.xsd#hgg_ScheduleOfInventoryTable" xlink:label="loc_hgg_ScheduleOfInventoryTable_924514ED5BEF8FB41EFAAEDF9B439827" xlink:type="locator" />
    <definitionArc order="1" xlink:arcrole="http://xbrl.org/int/dim/arcrole/all" xlink:from="loc_hgg_ScheduleOfInventoryLineItems_8D65A5021F66E4B80B56AEDF9B447909" xlink:to="loc_hgg_ScheduleOfInventoryTable_924514ED5BEF8FB41EFAAEDF9B439827" xlink:type="arc" xbrldt:closed="true" xbrldt:contextElement="segment" />
    <loc xlink:href="hgg-20121231.xsd#hgg_InventoryDisclosureAxis" xlink:label="loc_hgg_InventoryDisclosureAxis_592E7E52D23EC503C33EAEDF9B43CF0B" xlink:type="locator" />
    <definitionArc order="1" xlink:arcrole="http://xbrl.org/int/dim/arcrole/hypercube-dimension" xlink:from="loc_hgg_ScheduleOfInventoryTable_924514ED5BEF8FB41EFAAEDF9B439827" xlink:to="loc_hgg_InventoryDisclosureAxis_592E7E52D23EC503C33EAEDF9B43CF0B" xlink:type="arc" />
    <loc xlink:href="hgg-20121231.xsd#hgg_InventoryDisclosureDomain" xlink:label="loc_hgg_InventoryDisclosureDomain_7F661740D0007BDED4CBAEDF9B4306EA_default" xlink:type="locator" />
    <definitionArc order="1" xlink:arcrole="http://xbrl.org/int/dim/arcrole/dimension-default" xlink:from="loc_hgg_InventoryDisclosureAxis_592E7E52D23EC503C33EAEDF9B43CF0B" xlink:to="loc_hgg_InventoryDisclosureDomain_7F661740D0007BDED4CBAEDF9B4306EA_default" xlink:type="arc" />
    <loc xlink:href="hgg-20121231.xsd#hgg_InventoryDisclosureDomain" xlink:label="loc_hgg_InventoryDisclosureDomain_7F661740D0007BDED4CBAEDF9B4306EA" xlink:type="locator" />
    <definitionArc order="1" xlink:arcrole="http://xbrl.org/int/dim/arcrole/dimension-domain" xlink:from="loc_hgg_InventoryDisclosureAxis_592E7E52D23EC503C33EAEDF9B43CF0B" xlink:to="loc_hgg_InventoryDisclosureDomain_7F661740D0007BDED4CBAEDF9B4306EA" xlink:type="arc" />
    <loc xlink:href="hgg-20121231.xsd#hgg_VideoMember" xlink:label="loc_hgg_VideoMember_04EFD9C1C07A9AC0DE86AEDF9B44249B" xlink:type="locator" />
    <definitionArc order="1" xlink:arcrole="http://xbrl.org/int/dim/arcrole/domain-member" xlink:from="loc_hgg_InventoryDisclosureDomain_7F661740D0007BDED4CBAEDF9B4306EA" xlink:to="loc_hgg_VideoMember_04EFD9C1C07A9AC0DE86AEDF9B44249B" xlink:type="arc" />
    <loc xlink:href="hgg-20121231.xsd#hgg_AppliancesMember" xlink:label="loc_hgg_AppliancesMember_6E32DA943965A7CFB747AEDF9B43C88D" xlink:type="locator" />
    <definitionArc order="2" xlink:arcrole="http://xbrl.org/int/dim/arcrole/domain-member" xlink:from="loc_hgg_InventoryDisclosureDomain_7F661740D0007BDED4CBAEDF9B4306EA" xlink:to="loc_hgg_AppliancesMember_6E32DA943965A7CFB747AEDF9B43C88D" xlink:type="arc" />
    <loc xlink:href="hgg-20121231.xsd#hgg_ComputingAndMobilePhonesMember" xlink:label="loc_hgg_ComputingAndMobilePhonesMember_E932A4D5806C4D23F2D8AEDF9B4347FA" xlink:type="locator" />
    <definitionArc order="3" xlink:arcrole="http://xbrl.org/int/dim/arcrole/domain-member" xlink:from="loc_hgg_InventoryDisclosureDomain_7F661740D0007BDED4CBAEDF9B4306EA" xlink:to="loc_hgg_ComputingAndMobilePhonesMember_E932A4D5806C4D23F2D8AEDF9B4347FA" xlink:type="arc" />
    <loc xlink:href="hgg-20121231.xsd#hgg_OtherInventoryMember" xlink:label="loc_hgg_OtherInventoryMember_94EBB94640D4A1DB39A0AEDF9B43BFCA" xlink:type="locator" />
    <definitionArc order="4" xlink:arcrole="http://xbrl.org/int/dim/arcrole/domain-member" xlink:from="loc_hgg_InventoryDisclosureDomain_7F661740D0007BDED4CBAEDF9B4306EA" xlink:to="loc_hgg_OtherInventoryMember_94EBB94640D4A1DB39A0AEDF9B43BFCA" xlink:type="arc" />
    <loc xlink:href="http://xbrl.fasb.org/us-gaap/2012/elts/us-gaap-2012-01-31.xsd#us-gaap_InventoryNet" xlink:label="loc_us-gaap_InventoryNet_F858AD756FDC5CE33A54AEDF9B441837" xlink:type="locator" />
    <definitionArc order="1" xlink:arcrole="http://xbrl.org/int/dim/arcrole/domain-member" xlink:from="loc_hgg_ScheduleOfInventoryLineItems_8D65A5021F66E4B80B56AEDF9B447909" xlink:to="loc_us-gaap_InventoryNet_F858AD756FDC5CE33A54AEDF9B441837" xlink:type="arc" />
  </definitionLink>
  <definitionLink xlink:role="http://www.hhgregg.com/role/NetIncomeLossPerShareAdditionalInformationDetails" xlink:type="extended">
    <loc xlink:href="http://xbrl.fasb.org/us-gaap/2012/elts/us-gaap-2012-01-31.xsd#us-gaap_AntidilutiveSecuritiesExcludedFromComputationOfEarningsPerShareLineItems" xlink:label="loc_us-gaap_AntidilutiveSecuritiesExcludedFromComputationOfEarningsPerShareLineItems_02583250628EEC013D5F72D019BA840D" xlink:type="locator" />
    <loc xlink:href="http://xbrl.fasb.org/us-gaap/2012/elts/us-gaap-2012-01-31.xsd#us-gaap_ScheduleOfAntidilutiveSecuritiesExcludedFromComputationOfEarningsPerShareTable" xlink:label="loc_us-gaap_ScheduleOfAntidilutiveSecuritiesExcludedFromComputationOfEarningsPerShareTable_14601B21DCD0506938C272D019B22BB1" xlink:type="locator" />
    <definitionArc order="1" xlink:arcrole="http://xbrl.org/int/dim/arcrole/all" xlink:from="loc_us-gaap_AntidilutiveSecuritiesExcludedFromComputationOfEarningsPerShareLineItems_02583250628EEC013D5F72D019BA840D" xlink:to="loc_us-gaap_ScheduleOfAntidilutiveSecuritiesExcludedFromComputationOfEarningsPerShareTable_14601B21DCD0506938C272D019B22BB1" xlink:type="arc" xbrldt:closed="true" xbrldt:contextElement="segment" />
    <loc xlink:href="http://xbrl.fasb.org/us-gaap/2012/elts/us-gaap-2012-01-31.xsd#us-gaap_AntidilutiveSecuritiesExcludedFromComputationOfEarningsPerShareByAntidilutiveSecuritiesAxis" xlink:label="loc_us-gaap_AntidilutiveSecuritiesExcludedFromComputationOfEarningsPerShareByAntidilutiveSecuritiesAxis_105606D812407092699072D019B2F1EF" xlink:type="locator" />
    <definitionArc order="1" xlink:arcrole="http://xbrl.org/int/dim/arcrole/hypercube-dimension" xlink:from="loc_us-gaap_ScheduleOfAntidilutiveSecuritiesExcludedFromComputationOfEarningsPerShareTable_14601B21DCD0506938C272D019B22BB1" xlink:to="loc_us-gaap_AntidilutiveSecuritiesExcludedFromComputationOfEarningsPerShareByAntidilutiveSecuritiesAxis_105606D812407092699072D019B2F1EF" xlink:type="arc" />
    <loc xlink:href="http://xbrl.fasb.org/us-gaap/2012/elts/us-gaap-2012-01-31.xsd#us-gaap_AntidilutiveSecuritiesNameDomain" xlink:label="loc_us-gaap_AntidilutiveSecuritiesNameDomain_1EFD219F5CE697ED7D0C72D019BADB15_default" xlink:type="locator" />
    <definitionArc order="1" xlink:arcrole="http://xbrl.org/int/dim/arcrole/dimension-default" xlink:from="loc_us-gaap_AntidilutiveSecuritiesExcludedFromComputationOfEarningsPerShareByAntidilutiveSecuritiesAxis_105606D812407092699072D019B2F1EF" xlink:to="loc_us-gaap_AntidilutiveSecuritiesNameDomain_1EFD219F5CE697ED7D0C72D019BADB15_default" xlink:type="arc" />
    <loc xlink:href="http://xbrl.fasb.org/us-gaap/2012/elts/us-gaap-2012-01-31.xsd#us-gaap_AntidilutiveSecuritiesNameDomain" xlink:label="loc_us-gaap_AntidilutiveSecuritiesNameDomain_1EFD219F5CE697ED7D0C72D019BADB15" xlink:type="locator" />
    <definitionArc order="1" xlink:arcrole="http://xbrl.org/int/dim/arcrole/dimension-domain" xlink:from="loc_us-gaap_AntidilutiveSecuritiesExcludedFromComputationOfEarningsPerShareByAntidilutiveSecuritiesAxis_105606D812407092699072D019B2F1EF" xlink:to="loc_us-gaap_AntidilutiveSecuritiesNameDomain_1EFD219F5CE697ED7D0C72D019BADB15" xlink:type="arc" />
  </definitionLink>
  <definitionLink xlink:role="http://www.hhgregg.com/role/PropertyAndEquipmentDetails" xlink:type="extended">
    <loc xlink:href="http://xbrl.fasb.org/us-gaap/2012/elts/us-gaap-2012-01-31.xsd#us-gaap_PropertyPlantAndEquipmentLineItems" xlink:label="loc_us-gaap_PropertyPlantAndEquipmentLineItems_D42568D8B6A3B32834911BD66120ECBE" xlink:type="locator" />
    <loc xlink:href="http://xbrl.fasb.org/us-gaap/2012/elts/us-gaap-2012-01-31.xsd#us-gaap_ScheduleOfPropertyPlantAndEquipmentTable" xlink:label="loc_us-gaap_ScheduleOfPropertyPlantAndEquipmentTable_4B63BB8639209D2EAC531BD661089C88" xlink:type="locator" />
    <definitionArc order="1" xlink:arcrole="http://xbrl.org/int/dim/arcrole/all" xlink:from="loc_us-gaap_PropertyPlantAndEquipmentLineItems_D42568D8B6A3B32834911BD66120ECBE" xlink:to="loc_us-gaap_ScheduleOfPropertyPlantAndEquipmentTable_4B63BB8639209D2EAC531BD661089C88" xlink:type="arc" xbrldt:closed="true" xbrldt:contextElement="segment" />
    <loc xlink:href="http://xbrl.fasb.org/us-gaap/2012/elts/us-gaap-2012-01-31.xsd#us-gaap_PropertyPlantAndEquipmentByTypeAxis" xlink:label="loc_us-gaap_PropertyPlantAndEquipmentByTypeAxis_2893AEC7D1CFF651EF361BD661194F4C" xlink:type="locator" />
    <definitionArc order="1" xlink:arcrole="http://xbrl.org/int/dim/arcrole/hypercube-dimension" xlink:from="loc_us-gaap_ScheduleOfPropertyPlantAndEquipmentTable_4B63BB8639209D2EAC531BD661089C88" xlink:to="loc_us-gaap_PropertyPlantAndEquipmentByTypeAxis_2893AEC7D1CFF651EF361BD661194F4C" xlink:type="arc" />
    <loc xlink:href="http://xbrl.fasb.org/us-gaap/2012/elts/us-gaap-2012-01-31.xsd#us-gaap_PropertyPlantAndEquipmentTypeDomain" xlink:label="loc_us-gaap_PropertyPlantAndEquipmentTypeDomain_F1E674082DACFCFE39881BD7204B6776_default" xlink:type="locator" />
    <definitionArc order="1" xlink:arcrole="http://xbrl.org/int/dim/arcrole/dimension-default" xlink:from="loc_us-gaap_PropertyPlantAndEquipmentByTypeAxis_2893AEC7D1CFF651EF361BD661194F4C" xlink:to="loc_us-gaap_PropertyPlantAndEquipmentTypeDomain_F1E674082DACFCFE39881BD7204B6776_default" xlink:type="arc" />
    <loc xlink:href="http://xbrl.fasb.org/us-gaap/2012/elts/us-gaap-2012-01-31.xsd#us-gaap_PropertyPlantAndEquipmentTypeDomain" xlink:label="loc_us-gaap_PropertyPlantAndEquipmentTypeDomain_F1E674082DACFCFE39881BD7204B6776" xlink:type="locator" />
    <definitionArc order="1" xlink:arcrole="http://xbrl.org/int/dim/arcrole/dimension-domain" xlink:from="loc_us-gaap_PropertyPlantAndEquipmentByTypeAxis_2893AEC7D1CFF651EF361BD661194F4C" xlink:to="loc_us-gaap_PropertyPlantAndEquipmentTypeDomain_F1E674082DACFCFE39881BD7204B6776" xlink:type="arc" />
    <loc xlink:href="http://xbrl.fasb.org/us-gaap/2012/elts/us-gaap-2012-01-31.xsd#us-gaap_MachineryAndEquipmentMember" xlink:label="loc_us-gaap_MachineryAndEquipmentMember_E4D8DF4CB966456FCF161BD6DE99365A" xlink:type="locator" />
    <definitionArc order="1" xlink:arcrole="http://xbrl.org/int/dim/arcrole/domain-member" xlink:from="loc_us-gaap_PropertyPlantAndEquipmentTypeDomain_F1E674082DACFCFE39881BD7204B6776" xlink:to="loc_us-gaap_MachineryAndEquipmentMember_E4D8DF4CB966456FCF161BD6DE99365A" xlink:type="arc" />
    <loc xlink:href="hgg-20121231.xsd#hgg_OfficeFurnitureAndEquipmentMember" xlink:label="loc_hgg_OfficeFurnitureAndEquipmentMember_2CB08D5D4062D349682D1BD838AC878A" xlink:type="locator" />
    <definitionArc order="2" xlink:arcrole="http://xbrl.org/int/dim/arcrole/domain-member" xlink:from="loc_us-gaap_PropertyPlantAndEquipmentTypeDomain_F1E674082DACFCFE39881BD7204B6776" xlink:to="loc_hgg_OfficeFurnitureAndEquipmentMember_2CB08D5D4062D349682D1BD838AC878A" xlink:type="arc" />
    <loc xlink:href="http://xbrl.fasb.org/us-gaap/2012/elts/us-gaap-2012-01-31.xsd#us-gaap_VehiclesMember" xlink:label="loc_us-gaap_VehiclesMember_A475B5AB4EE55A00D0291BD868C05856" xlink:type="locator" />
    <definitionArc order="3" xlink:arcrole="http://xbrl.org/int/dim/arcrole/domain-member" xlink:from="loc_us-gaap_PropertyPlantAndEquipmentTypeDomain_F1E674082DACFCFE39881BD7204B6776" xlink:to="loc_us-gaap_VehiclesMember_A475B5AB4EE55A00D0291BD868C05856" xlink:type="arc" />
    <loc xlink:href="hgg-20121231.xsd#hgg_SignsMember" xlink:label="loc_hgg_SignsMember_0C0E3FF118F3446FF7691BD8B3EC3AB4" xlink:type="locator" />
    <definitionArc order="4" xlink:arcrole="http://xbrl.org/int/dim/arcrole/domain-member" xlink:from="loc_us-gaap_PropertyPlantAndEquipmentTypeDomain_F1E674082DACFCFE39881BD7204B6776" xlink:to="loc_hgg_SignsMember_0C0E3FF118F3446FF7691BD8B3EC3AB4" xlink:type="arc" />
    <loc xlink:href="http://xbrl.fasb.org/us-gaap/2012/elts/us-gaap-2012-01-31.xsd#us-gaap_LeaseholdImprovementsMember" xlink:label="loc_us-gaap_LeaseholdImprovementsMember_96C5345705BE3D75251E1BD8F8C67021" xlink:type="locator" />
    <definitionArc order="5" xlink:arcrole="http://xbrl.org/int/dim/arcrole/domain-member" xlink:from="loc_us-gaap_PropertyPlantAndEquipmentTypeDomain_F1E674082DACFCFE39881BD7204B6776" xlink:to="loc_us-gaap_LeaseholdImprovementsMember_96C5345705BE3D75251E1BD8F8C67021" xlink:type="arc" />
    <loc xlink:href="http://xbrl.fasb.org/us-gaap/2012/elts/us-gaap-2012-01-31.xsd#us-gaap_ConstructionInProgressMember" xlink:label="loc_us-gaap_ConstructionInProgressMember_D3953A48C350AD620D151BD96582F985" xlink:type="locator" />
    <definitionArc order="6" xlink:arcrole="http://xbrl.org/int/dim/arcrole/domain-member" xlink:from="loc_us-gaap_PropertyPlantAndEquipmentTypeDomain_F1E674082DACFCFE39881BD7204B6776" xlink:to="loc_us-gaap_ConstructionInProgressMember_D3953A48C350AD620D151BD96582F985" xlink:type="arc" />
    <loc xlink:href="http://xbrl.fasb.org/us-gaap/2012/elts/us-gaap-2012-01-31.xsd#us-gaap_PropertyPlantAndEquipmentGross" xlink:label="loc_us-gaap_PropertyPlantAndEquipmentGross_31D52668D03E5FBD66461BBC8DD34DB3" xlink:type="locator" />
    <definitionArc order="1" xlink:arcrole="http://xbrl.org/int/dim/arcrole/domain-member" xlink:from="loc_us-gaap_PropertyPlantAndEquipmentLineItems_D42568D8B6A3B32834911BD66120ECBE" xlink:to="loc_us-gaap_PropertyPlantAndEquipmentGross_31D52668D03E5FBD66461BBC8DD34DB3" xlink:type="arc" />
    <loc xlink:href="http://xbrl.fasb.org/us-gaap/2012/elts/us-gaap-2012-01-31.xsd#us-gaap_AccumulatedDepreciationDepletionAndAmortizationPropertyPlantAndEquipment" xlink:label="loc_us-gaap_AccumulatedDepreciationDepletionAndAmortizationPropertyPlantAndEquipment_2C9B0014BFD7F4211F501BBC8DD3AB85" xlink:type="locator" />
    <definitionArc order="2" xlink:arcrole="http://xbrl.org/int/dim/arcrole/domain-member" xlink:from="loc_us-gaap_PropertyPlantAndEquipmentLineItems_D42568D8B6A3B32834911BD66120ECBE" xlink:to="loc_us-gaap_AccumulatedDepreciationDepletionAndAmortizationPropertyPlantAndEquipment_2C9B0014BFD7F4211F501BBC8DD3AB85" xlink:type="arc" />
    <loc xlink:href="http://xbrl.fasb.org/us-gaap/2012/elts/us-gaap-2012-01-31.xsd#us-gaap_PropertyPlantAndEquipmentNet" xlink:label="loc_us-gaap_PropertyPlantAndEquipmentNet_1BB8D58615F3D5C28A401BBC8DD386F0" xlink:type="locator" />
    <definitionArc order="3" xlink:arcrole="http://xbrl.org/int/dim/arcrole/domain-member" xlink:from="loc_us-gaap_PropertyPlantAndEquipmentLineItems_D42568D8B6A3B32834911BD66120ECBE" xlink:to="loc_us-gaap_PropertyPlantAndEquipmentNet_1BB8D58615F3D5C28A401BBC8DD386F0" xlink:type="arc" />
  </definitionLink>
  <definitionLink xlink:role="http://www.hhgregg.com/role/ShareRepurchaseProgramNumberAndCostOfShareRepurchasedDetails" xlink:type="extended">
    <loc xlink:href="http://xbrl.fasb.org/us-gaap/2012/elts/us-gaap-2012-01-31.xsd#us-gaap_EquityClassOfTreasuryStockLineItems" xlink:label="loc_us-gaap_EquityClassOfTreasuryStockLineItems_E0E039AF0B52BE4128DBAF0BE9943AD0" xlink:type="locator" />
    <loc xlink:href="http://xbrl.fasb.org/us-gaap/2012/elts/us-gaap-2012-01-31.xsd#us-gaap_ClassOfTreasuryStockTable" xlink:label="loc_us-gaap_ClassOfTreasuryStockTable_C31B8139D9B2011C2C26AF0BAC233533" xlink:type="locator" />
    <definitionArc order="1" xlink:arcrole="http://xbrl.org/int/dim/arcrole/all" xlink:from="loc_us-gaap_EquityClassOfTreasuryStockLineItems_E0E039AF0B52BE4128DBAF0BE9943AD0" xlink:to="loc_us-gaap_ClassOfTreasuryStockTable_C31B8139D9B2011C2C26AF0BAC233533" xlink:type="arc" xbrldt:closed="true" xbrldt:contextElement="segment" />
    <loc xlink:href="http://xbrl.fasb.org/us-gaap/2012/elts/us-gaap-2012-01-31.xsd#us-gaap_ShareRepurchaseProgramAxis" xlink:label="loc_us-gaap_ShareRepurchaseProgramAxis_6874CCC79AFD772B753EAF0BAC25B2DC" xlink:type="locator" />
    <definitionArc order="1" xlink:arcrole="http://xbrl.org/int/dim/arcrole/hypercube-dimension" xlink:from="loc_us-gaap_ClassOfTreasuryStockTable_C31B8139D9B2011C2C26AF0BAC233533" xlink:to="loc_us-gaap_ShareRepurchaseProgramAxis_6874CCC79AFD772B753EAF0BAC25B2DC" xlink:type="arc" />
    <loc xlink:href="http://xbrl.fasb.org/us-gaap/2012/elts/us-gaap-2012-01-31.xsd#us-gaap_ShareRepurchaseProgramDomain" xlink:label="loc_us-gaap_ShareRepurchaseProgramDomain_D95F7EB7EE254899C651AF0BAC25C0DD_default" xlink:type="locator" />
    <definitionArc order="1" xlink:arcrole="http://xbrl.org/int/dim/arcrole/dimension-default" xlink:from="loc_us-gaap_ShareRepurchaseProgramAxis_6874CCC79AFD772B753EAF0BAC25B2DC" xlink:to="loc_us-gaap_ShareRepurchaseProgramDomain_D95F7EB7EE254899C651AF0BAC25C0DD_default" xlink:type="arc" />
    <loc xlink:href="http://xbrl.fasb.org/us-gaap/2012/elts/us-gaap-2012-01-31.xsd#us-gaap_ShareRepurchaseProgramDomain" xlink:label="loc_us-gaap_ShareRepurchaseProgramDomain_D95F7EB7EE254899C651AF0BAC25C0DD" xlink:type="locator" />
    <definitionArc order="1" xlink:arcrole="http://xbrl.org/int/dim/arcrole/dimension-domain" xlink:from="loc_us-gaap_ShareRepurchaseProgramAxis_6874CCC79AFD772B753EAF0BAC25B2DC" xlink:to="loc_us-gaap_ShareRepurchaseProgramDomain_D95F7EB7EE254899C651AF0BAC25C0DD" xlink:type="arc" />
    <loc xlink:href="hgg-20121231.xsd#hgg_ShareRepurchaseProgramTwoThousandAndTwelveMember" xlink:label="loc_hgg_ShareRepurchaseProgramTwoThousandAndTwelveMember_62650867BDB827D99AADAF0BAC25E142" xlink:type="locator" />
    <definitionArc order="1" xlink:arcrole="http://xbrl.org/int/dim/arcrole/domain-member" xlink:from="loc_us-gaap_ShareRepurchaseProgramDomain_D95F7EB7EE254899C651AF0BAC25C0DD" xlink:to="loc_hgg_ShareRepurchaseProgramTwoThousandAndTwelveMember_62650867BDB827D99AADAF0BAC25E142" xlink:type="arc" />
    <loc xlink:href="hgg-20121231.xsd#hgg_ShareRepurchaseProgramTwoThousandAndElevenMember" xlink:label="loc_hgg_ShareRepurchaseProgramTwoThousandAndElevenMember_C992DC8D3242EBDF0A70AF0BAC254216" xlink:type="locator" />
    <definitionArc order="2" xlink:arcrole="http://xbrl.org/int/dim/arcrole/domain-member" xlink:from="loc_us-gaap_ShareRepurchaseProgramDomain_D95F7EB7EE254899C651AF0BAC25C0DD" xlink:to="loc_hgg_ShareRepurchaseProgramTwoThousandAndElevenMember_C992DC8D3242EBDF0A70AF0BAC254216" xlink:type="arc" />
    <loc xlink:href="http://xbrl.fasb.org/us-gaap/2012/elts/us-gaap-2012-01-31.xsd#us-gaap_TreasuryStockSharesAcquired" xlink:label="loc_us-gaap_TreasuryStockSharesAcquired_DFBCDCDA813B116B762AAF0BE997B336" xlink:type="locator" />
    <definitionArc order="1" xlink:arcrole="http://xbrl.org/int/dim/arcrole/domain-member" xlink:from="loc_us-gaap_EquityClassOfTreasuryStockLineItems_E0E039AF0B52BE4128DBAF0BE9943AD0" xlink:to="loc_us-gaap_TreasuryStockSharesAcquired_DFBCDCDA813B116B762AAF0BE997B336" xlink:type="arc" />
    <loc xlink:href="http://xbrl.fasb.org/us-gaap/2012/elts/us-gaap-2012-01-31.xsd#us-gaap_TreasuryStockValueAcquiredCostMethod" xlink:label="loc_us-gaap_TreasuryStockValueAcquiredCostMethod_6F75DD9B9335D0F4C36BAF0BE99726BE" xlink:type="locator" />
    <definitionArc order="2" xlink:arcrole="http://xbrl.org/int/dim/arcrole/domain-member" xlink:from="loc_us-gaap_EquityClassOfTreasuryStockLineItems_E0E039AF0B52BE4128DBAF0BE9943AD0" xlink:to="loc_us-gaap_TreasuryStockValueAcquiredCostMethod_6F75DD9B9335D0F4C36BAF0BE99726BE" xlink:type="arc" />
  </definitionLink>
  <definitionLink xlink:role="http://www.hhgregg.com/role/StockBasedCompensationAdditionalInformationDetails" xlink:type="extended">
    <loc xlink:href="http://xbrl.fasb.org/us-gaap/2012/elts/us-gaap-2012-01-31.xsd#us-gaap_ShareBasedCompensationArrangementByShareBasedPaymentAwardLineItems" xlink:label="loc_us-gaap_ShareBasedCompensationArrangementByShareBasedPaymentAwardLineItems_E18804B9B03F8077138E0632AB05668C" xlink:type="locator" />
    <loc xlink:href="http://xbrl.fasb.org/us-gaap/2012/elts/us-gaap-2012-01-31.xsd#us-gaap_ScheduleOfShareBasedCompensationArrangementsByShareBasedPaymentAwardTable" xlink:label="loc_us-gaap_ScheduleOfShareBasedCompensationArrangementsByShareBasedPaymentAwardTable_44DC1C0B94D938513A8A0632AB05B580" xlink:type="locator" />
    <definitionArc order="1" xlink:arcrole="http://xbrl.org/int/dim/arcrole/all" xlink:from="loc_us-gaap_ShareBasedCompensationArrangementByShareBasedPaymentAwardLineItems_E18804B9B03F8077138E0632AB05668C" xlink:to="loc_us-gaap_ScheduleOfShareBasedCompensationArrangementsByShareBasedPaymentAwardTable_44DC1C0B94D938513A8A0632AB05B580" xlink:type="arc" xbrldt:closed="true" xbrldt:contextElement="segment" />
    <loc xlink:href="http://xbrl.fasb.org/us-gaap/2012/elts/us-gaap-2012-01-31.xsd#us-gaap_AwardTypeAxis" xlink:label="loc_us-gaap_AwardTypeAxis_B099F98F16353E1095A80632AB051D41" xlink:type="locator" />
    <definitionArc order="1" xlink:arcrole="http://xbrl.org/int/dim/arcrole/hypercube-dimension" xlink:from="loc_us-gaap_ScheduleOfShareBasedCompensationArrangementsByShareBasedPaymentAwardTable_44DC1C0B94D938513A8A0632AB05B580" xlink:to="loc_us-gaap_AwardTypeAxis_B099F98F16353E1095A80632AB051D41" xlink:type="arc" />
    <loc xlink:href="http://xbrl.fasb.org/us-gaap/2012/elts/us-gaap-2012-01-31.xsd#us-gaap_ShareBasedCompensationArrangementsByShareBasedPaymentAwardAwardTypeAndPlanNameDomain" xlink:label="loc_us-gaap_ShareBasedCompensationArrangementsByShareBasedPaymentAwardAwardTypeAndPlanNameDomain_EC123ACAB418F08E68F20632AB0541ED_default" xlink:type="locator" />
    <definitionArc order="1" xlink:arcrole="http://xbrl.org/int/dim/arcrole/dimension-default" xlink:from="loc_us-gaap_AwardTypeAxis_B099F98F16353E1095A80632AB051D41" xlink:to="loc_us-gaap_ShareBasedCompensationArrangementsByShareBasedPaymentAwardAwardTypeAndPlanNameDomain_EC123ACAB418F08E68F20632AB0541ED_default" xlink:type="arc" />
    <loc xlink:href="http://xbrl.fasb.org/us-gaap/2012/elts/us-gaap-2012-01-31.xsd#us-gaap_ShareBasedCompensationArrangementsByShareBasedPaymentAwardAwardTypeAndPlanNameDomain" xlink:label="loc_us-gaap_ShareBasedCompensationArrangementsByShareBasedPaymentAwardAwardTypeAndPlanNameDomain_EC123ACAB418F08E68F20632AB0541ED" xlink:type="locator" />
    <definitionArc order="1" xlink:arcrole="http://xbrl.org/int/dim/arcrole/dimension-domain" xlink:from="loc_us-gaap_AwardTypeAxis_B099F98F16353E1095A80632AB051D41" xlink:to="loc_us-gaap_ShareBasedCompensationArrangementsByShareBasedPaymentAwardAwardTypeAndPlanNameDomain_EC123ACAB418F08E68F20632AB0541ED" xlink:type="arc" />
    <loc xlink:href="http://xbrl.fasb.org/us-gaap/2012/elts/us-gaap-2012-01-31.xsd#us-gaap_StockOptionsMember" xlink:label="loc_us-gaap_StockOptionsMember_07FFA5C39093420A257B0632AB054432" xlink:type="locator" />
    <definitionArc order="1" xlink:arcrole="http://xbrl.org/int/dim/arcrole/domain-member" xlink:from="loc_us-gaap_ShareBasedCompensationArrangementsByShareBasedPaymentAwardAwardTypeAndPlanNameDomain_EC123ACAB418F08E68F20632AB0541ED" xlink:to="loc_us-gaap_StockOptionsMember_07FFA5C39093420A257B0632AB054432" xlink:type="arc" />
    <loc xlink:href="hgg-20121231.xsd#hgg_TimeVestedRestrictedStockUnitsMember" xlink:label="loc_hgg_TimeVestedRestrictedStockUnitsMember_0346463233E42BE678490632AB055882" xlink:type="locator" />
    <definitionArc order="2" xlink:arcrole="http://xbrl.org/int/dim/arcrole/domain-member" xlink:from="loc_us-gaap_ShareBasedCompensationArrangementsByShareBasedPaymentAwardAwardTypeAndPlanNameDomain_EC123ACAB418F08E68F20632AB0541ED" xlink:to="loc_hgg_TimeVestedRestrictedStockUnitsMember_0346463233E42BE678490632AB055882" xlink:type="arc" />
    <loc xlink:href="hgg-20121231.xsd#hgg_PerformanceBasedRestrictedStockUnitsMember" xlink:label="loc_hgg_PerformanceBasedRestrictedStockUnitsMember_6B4A5653E5142E995F8A0632AB0566C5" xlink:type="locator" />
    <definitionArc order="3" xlink:arcrole="http://xbrl.org/int/dim/arcrole/domain-member" xlink:from="loc_us-gaap_ShareBasedCompensationArrangementsByShareBasedPaymentAwardAwardTypeAndPlanNameDomain_EC123ACAB418F08E68F20632AB0541ED" xlink:to="loc_hgg_PerformanceBasedRestrictedStockUnitsMember_6B4A5653E5142E995F8A0632AB0566C5" xlink:type="arc" />
    <loc xlink:href="http://xbrl.fasb.org/us-gaap/2012/elts/us-gaap-2012-01-31.xsd#us-gaap_PlanNameAxis" xlink:label="loc_us-gaap_PlanNameAxis_5E9F946AEF1855F7C04F0632AB058D08" xlink:type="locator" />
    <definitionArc order="2" xlink:arcrole="http://xbrl.org/int/dim/arcrole/hypercube-dimension" xlink:from="loc_us-gaap_ScheduleOfShareBasedCompensationArrangementsByShareBasedPaymentAwardTable_44DC1C0B94D938513A8A0632AB05B580" xlink:to="loc_us-gaap_PlanNameAxis_5E9F946AEF1855F7C04F0632AB058D08" xlink:type="arc" />
    <loc xlink:href="http://xbrl.fasb.org/us-gaap/2012/elts/us-gaap-2012-01-31.xsd#us-gaap_PlanNameDomain" xlink:label="loc_us-gaap_PlanNameDomain_54FA485353D486D403E40632AB051308_default" xlink:type="locator" />
    <definitionArc order="1" xlink:arcrole="http://xbrl.org/int/dim/arcrole/dimension-default" xlink:from="loc_us-gaap_PlanNameAxis_5E9F946AEF1855F7C04F0632AB058D08" xlink:to="loc_us-gaap_PlanNameDomain_54FA485353D486D403E40632AB051308_default" xlink:type="arc" />
    <loc xlink:href="http://xbrl.fasb.org/us-gaap/2012/elts/us-gaap-2012-01-31.xsd#us-gaap_PlanNameDomain" xlink:label="loc_us-gaap_PlanNameDomain_54FA485353D486D403E40632AB051308" xlink:type="locator" />
    <definitionArc order="1" xlink:arcrole="http://xbrl.org/int/dim/arcrole/dimension-domain" xlink:from="loc_us-gaap_PlanNameAxis_5E9F946AEF1855F7C04F0632AB058D08" xlink:to="loc_us-gaap_PlanNameDomain_54FA485353D486D403E40632AB051308" xlink:type="arc" />
    <loc xlink:href="hgg-20121231.xsd#hgg_EquityIncentivePlanTwentyZeroSevenMember" xlink:label="loc_hgg_EquityIncentivePlanTwentyZeroSevenMember_27048BAA8778AF76A0AE0632AB05CE92" xlink:type="locator" />
    <definitionArc order="1" xlink:arcrole="http://xbrl.org/int/dim/arcrole/domain-member" xlink:from="loc_us-gaap_PlanNameDomain_54FA485353D486D403E40632AB051308" xlink:to="loc_hgg_EquityIncentivePlanTwentyZeroSevenMember_27048BAA8778AF76A0AE0632AB05CE92" xlink:type="arc" />
    <loc xlink:href="http://xbrl.fasb.org/us-gaap/2012/elts/us-gaap-2012-01-31.xsd#us-gaap_ShareBasedCompensationArrangementByShareBasedPaymentAwardOptionsGrantsInPeriod" xlink:label="loc_us-gaap_ShareBasedCompensationArrangementByShareBasedPaymentAwardOptionsGrantsInPeriod_7DC290671F6FF9C567F20632AB0542B4" xlink:type="locator" />
    <definitionArc order="1" xlink:arcrole="http://xbrl.org/int/dim/arcrole/domain-member" xlink:from="loc_us-gaap_ShareBasedCompensationArrangementByShareBasedPaymentAwardLineItems_E18804B9B03F8077138E0632AB05668C" xlink:to="loc_us-gaap_ShareBasedCompensationArrangementByShareBasedPaymentAwardOptionsGrantsInPeriod_7DC290671F6FF9C567F20632AB0542B4" xlink:type="arc" />
    <loc xlink:href="hgg-20121231.xsd#hgg_ShareBasedCompensationArrangementByShareBasedPaymentAwardNumberOfInstallmentsForVestingPeriod" xlink:label="loc_hgg_ShareBasedCompensationArrangementByShareBasedPaymentAwardNumberOfInstallmentsForVestingPeriod_173CC9E587B9303C12030632AB053619" xlink:type="locator" />
    <definitionArc order="2" xlink:arcrole="http://xbrl.org/int/dim/arcrole/domain-member" xlink:from="loc_us-gaap_ShareBasedCompensationArrangementByShareBasedPaymentAwardLineItems_E18804B9B03F8077138E0632AB05668C" xlink:to="loc_hgg_ShareBasedCompensationArrangementByShareBasedPaymentAwardNumberOfInstallmentsForVestingPeriod_173CC9E587B9303C12030632AB053619" xlink:type="arc" />
    <loc xlink:href="hgg-20121231.xsd#hgg_ShareBasedCompensationArrangementByShareBasedPaymentAwardOptionsExpirationTerm" xlink:label="loc_hgg_ShareBasedCompensationArrangementByShareBasedPaymentAwardOptionsExpirationTerm_87455F9E6DA2D3F5485B0632AB05E6E9" xlink:type="locator" />
    <definitionArc order="3" xlink:arcrole="http://xbrl.org/int/dim/arcrole/domain-member" xlink:from="loc_us-gaap_ShareBasedCompensationArrangementByShareBasedPaymentAwardLineItems_E18804B9B03F8077138E0632AB05668C" xlink:to="loc_hgg_ShareBasedCompensationArrangementByShareBasedPaymentAwardOptionsExpirationTerm_87455F9E6DA2D3F5485B0632AB05E6E9" xlink:type="arc" />
    <loc xlink:href="hgg-20121231.xsd#hgg_ShareBasedCompensationArrangementByShareBasedPaymentAwardFairValueAssumptionsEstimatedWeightedAverageFairValuePerShare" xlink:label="loc_hgg_ShareBasedCompensationArrangementByShareBasedPaymentAwardFairValueAssumptionsEstimatedWeightedAverageFairValuePerShare_BBAE69071148994A36E70632AB057F76" xlink:type="locator" />
    <definitionArc order="4" xlink:arcrole="http://xbrl.org/int/dim/arcrole/domain-member" xlink:from="loc_us-gaap_ShareBasedCompensationArrangementByShareBasedPaymentAwardLineItems_E18804B9B03F8077138E0632AB05668C" xlink:to="loc_hgg_ShareBasedCompensationArrangementByShareBasedPaymentAwardFairValueAssumptionsEstimatedWeightedAverageFairValuePerShare_BBAE69071148994A36E70632AB057F76" xlink:type="arc" />
    <loc xlink:href="http://xbrl.fasb.org/us-gaap/2012/elts/us-gaap-2012-01-31.xsd#us-gaap_ShareBasedCompensationArrangementByShareBasedPaymentAwardEquityInstrumentsOtherThanOptionsGrantsInPeriod" xlink:label="loc_us-gaap_ShareBasedCompensationArrangementByShareBasedPaymentAwardEquityInstrumentsOtherThanOptionsGrantsInPeriod_F36B0C412E207F2495FB0632AB05DDB8" xlink:type="locator" />
    <definitionArc order="5" xlink:arcrole="http://xbrl.org/int/dim/arcrole/domain-member" xlink:from="loc_us-gaap_ShareBasedCompensationArrangementByShareBasedPaymentAwardLineItems_E18804B9B03F8077138E0632AB05668C" xlink:to="loc_us-gaap_ShareBasedCompensationArrangementByShareBasedPaymentAwardEquityInstrumentsOtherThanOptionsGrantsInPeriod_F36B0C412E207F2495FB0632AB05DDB8" xlink:type="arc" />
    <loc xlink:href="hgg-20121231.xsd#hgg_ShareBasedCompensationArrangementByShareBasedPaymentAwardEquityInstrumentsOtherThanOptionsVestingTerm" xlink:label="loc_hgg_ShareBasedCompensationArrangementByShareBasedPaymentAwardEquityInstrumentsOtherThanOptionsVestingTerm_C90B043C6DD1396681ED0632AB0568A9" xlink:type="locator" />
    <definitionArc order="6" xlink:arcrole="http://xbrl.org/int/dim/arcrole/domain-member" xlink:from="loc_us-gaap_ShareBasedCompensationArrangementByShareBasedPaymentAwardLineItems_E18804B9B03F8077138E0632AB05668C" xlink:to="loc_hgg_ShareBasedCompensationArrangementByShareBasedPaymentAwardEquityInstrumentsOtherThanOptionsVestingTerm_C90B043C6DD1396681ED0632AB0568A9" xlink:type="arc" />
    <loc xlink:href="http://xbrl.fasb.org/us-gaap/2012/elts/us-gaap-2012-01-31.xsd#us-gaap_ShareBasedCompensationArrangementByShareBasedPaymentAwardEquityInstrumentsOtherThanOptionsForfeitedInPeriod" xlink:label="loc_us-gaap_ShareBasedCompensationArrangementByShareBasedPaymentAwardEquityInstrumentsOtherThanOptionsForfeitedInPeriod_B8B1D7F05CFF03F13CBC0632AB05B7B3" xlink:type="locator" />
    <definitionArc order="7" xlink:arcrole="http://xbrl.org/int/dim/arcrole/domain-member" xlink:from="loc_us-gaap_ShareBasedCompensationArrangementByShareBasedPaymentAwardLineItems_E18804B9B03F8077138E0632AB05668C" xlink:to="loc_us-gaap_ShareBasedCompensationArrangementByShareBasedPaymentAwardEquityInstrumentsOtherThanOptionsForfeitedInPeriod_B8B1D7F05CFF03F13CBC0632AB05B7B3" xlink:type="arc" />
    <loc xlink:href="http://xbrl.fasb.org/us-gaap/2012/elts/us-gaap-2012-01-31.xsd#us-gaap_ShareBasedCompensationArrangementByShareBasedPaymentAwardEquityInstrumentsOtherThanOptionsNonvestedWeightedAverageGrantDateFairValue" xlink:label="loc_us-gaap_ShareBasedCompensationArrangementByShareBasedPaymentAwardEquityInstrumentsOtherThanOptionsNonvestedWeightedAverageGrantDateFairValue_8AD498FD78B95854CC130632AB054176" xlink:type="locator" />
    <definitionArc order="8" xlink:arcrole="http://xbrl.org/int/dim/arcrole/domain-member" xlink:from="loc_us-gaap_ShareBasedCompensationArrangementByShareBasedPaymentAwardLineItems_E18804B9B03F8077138E0632AB05668C" xlink:to="loc_us-gaap_ShareBasedCompensationArrangementByShareBasedPaymentAwardEquityInstrumentsOtherThanOptionsNonvestedWeightedAverageGrantDateFairValue_8AD498FD78B95854CC130632AB054176" xlink:type="arc" />
  </definitionLink>
  <definitionLink xlink:role="http://www.hhgregg.com/role/StockBasedCompensationSummaryOfRsuVestingActivityDetails" xlink:type="extended">
    <loc xlink:href="http://xbrl.fasb.org/us-gaap/2012/elts/us-gaap-2012-01-31.xsd#us-gaap_ShareBasedCompensationArrangementByShareBasedPaymentAwardLineItems" xlink:label="loc_us-gaap_ShareBasedCompensationArrangementByShareBasedPaymentAwardLineItems_77FEDDFCAAEE53EF7CAF1A74E47E11A1" xlink:type="locator" />
    <loc xlink:href="http://xbrl.fasb.org/us-gaap/2012/elts/us-gaap-2012-01-31.xsd#us-gaap_ScheduleOfShareBasedCompensationArrangementsByShareBasedPaymentAwardTable" xlink:label="loc_us-gaap_ScheduleOfShareBasedCompensationArrangementsByShareBasedPaymentAwardTable_813E08EB662250FB46791A74E47E6210" xlink:type="locator" />
    <definitionArc order="1" xlink:arcrole="http://xbrl.org/int/dim/arcrole/all" xlink:from="loc_us-gaap_ShareBasedCompensationArrangementByShareBasedPaymentAwardLineItems_77FEDDFCAAEE53EF7CAF1A74E47E11A1" xlink:to="loc_us-gaap_ScheduleOfShareBasedCompensationArrangementsByShareBasedPaymentAwardTable_813E08EB662250FB46791A74E47E6210" xlink:type="arc" xbrldt:closed="true" xbrldt:contextElement="segment" />
    <loc xlink:href="http://xbrl.fasb.org/us-gaap/2012/elts/us-gaap-2012-01-31.xsd#us-gaap_AwardTypeAxis" xlink:label="loc_us-gaap_AwardTypeAxis_0EEE1A106A1AC4670FC11A74E47E732B" xlink:type="locator" />
    <definitionArc order="1" xlink:arcrole="http://xbrl.org/int/dim/arcrole/hypercube-dimension" xlink:from="loc_us-gaap_ScheduleOfShareBasedCompensationArrangementsByShareBasedPaymentAwardTable_813E08EB662250FB46791A74E47E6210" xlink:to="loc_us-gaap_AwardTypeAxis_0EEE1A106A1AC4670FC11A74E47E732B" xlink:type="arc" />
    <loc xlink:href="http://xbrl.fasb.org/us-gaap/2012/elts/us-gaap-2012-01-31.xsd#us-gaap_ShareBasedCompensationArrangementsByShareBasedPaymentAwardAwardTypeAndPlanNameDomain" xlink:label="loc_us-gaap_ShareBasedCompensationArrangementsByShareBasedPaymentAwardAwardTypeAndPlanNameDomain_DDE39F5F95DD68A4C8A91A74E47EB889_default" xlink:type="locator" />
    <definitionArc order="1" xlink:arcrole="http://xbrl.org/int/dim/arcrole/dimension-default" xlink:from="loc_us-gaap_AwardTypeAxis_0EEE1A106A1AC4670FC11A74E47E732B" xlink:to="loc_us-gaap_ShareBasedCompensationArrangementsByShareBasedPaymentAwardAwardTypeAndPlanNameDomain_DDE39F5F95DD68A4C8A91A74E47EB889_default" xlink:type="arc" />
    <loc xlink:href="http://xbrl.fasb.org/us-gaap/2012/elts/us-gaap-2012-01-31.xsd#us-gaap_ShareBasedCompensationArrangementsByShareBasedPaymentAwardAwardTypeAndPlanNameDomain" xlink:label="loc_us-gaap_ShareBasedCompensationArrangementsByShareBasedPaymentAwardAwardTypeAndPlanNameDomain_DDE39F5F95DD68A4C8A91A74E47EB889" xlink:type="locator" />
    <definitionArc order="1" xlink:arcrole="http://xbrl.org/int/dim/arcrole/dimension-domain" xlink:from="loc_us-gaap_AwardTypeAxis_0EEE1A106A1AC4670FC11A74E47E732B" xlink:to="loc_us-gaap_ShareBasedCompensationArrangementsByShareBasedPaymentAwardAwardTypeAndPlanNameDomain_DDE39F5F95DD68A4C8A91A74E47EB889" xlink:type="arc" />
    <loc xlink:href="http://xbrl.fasb.org/us-gaap/2012/elts/us-gaap-2012-01-31.xsd#us-gaap_RestrictedStockUnitsRSUMember" xlink:label="loc_us-gaap_RestrictedStockUnitsRSUMember_11D72B1971951CA4E6C61A74E47ED89F" xlink:type="locator" />
    <definitionArc order="1" xlink:arcrole="http://xbrl.org/int/dim/arcrole/domain-member" xlink:from="loc_us-gaap_ShareBasedCompensationArrangementsByShareBasedPaymentAwardAwardTypeAndPlanNameDomain_DDE39F5F95DD68A4C8A91A74E47EB889" xlink:to="loc_us-gaap_RestrictedStockUnitsRSUMember_11D72B1971951CA4E6C61A74E47ED89F" xlink:type="arc" />
    <loc xlink:href="http://xbrl.fasb.org/us-gaap/2012/elts/us-gaap-2012-01-31.xsd#us-gaap_ShareBasedCompensationArrangementByShareBasedPaymentAwardEquityInstrumentsOtherThanOptionsNonvestedRollForward" xlink:label="loc_us-gaap_ShareBasedCompensationArrangementByShareBasedPaymentAwardEquityInstrumentsOtherThanOptionsNonvestedRollForward_84034ED8FDB77E7DABE41A74E47EB6C4" xlink:type="locator" />
    <definitionArc order="1" xlink:arcrole="http://xbrl.org/int/dim/arcrole/domain-member" xlink:from="loc_us-gaap_ShareBasedCompensationArrangementByShareBasedPaymentAwardLineItems_77FEDDFCAAEE53EF7CAF1A74E47E11A1" xlink:to="loc_us-gaap_ShareBasedCompensationArrangementByShareBasedPaymentAwardEquityInstrumentsOtherThanOptionsNonvestedRollForward_84034ED8FDB77E7DABE41A74E47EB6C4" xlink:type="arc" />
    <loc xlink:href="http://xbrl.fasb.org/us-gaap/2012/elts/us-gaap-2012-01-31.xsd#us-gaap_ShareBasedCompensationArrangementByShareBasedPaymentAwardEquityInstrumentsOtherThanOptionsNonvestedNumber" xlink:label="loc_us-gaap_ShareBasedCompensationArrangementByShareBasedPaymentAwardEquityInstrumentsOtherThanOptionsNonvestedNumber_CEA8224CC65F400FBDB21A74E47F1A6D" xlink:type="locator" />
    <definitionArc order="1" xlink:arcrole="http://xbrl.org/int/dim/arcrole/domain-member" xlink:from="loc_us-gaap_ShareBasedCompensationArrangementByShareBasedPaymentAwardEquityInstrumentsOtherThanOptionsNonvestedRollForward_84034ED8FDB77E7DABE41A74E47EB6C4" xlink:to="loc_us-gaap_ShareBasedCompensationArrangementByShareBasedPaymentAwardEquityInstrumentsOtherThanOptionsNonvestedNumber_CEA8224CC65F400FBDB21A74E47F1A6D" xlink:type="arc" />
    <loc xlink:href="http://xbrl.fasb.org/us-gaap/2012/elts/us-gaap-2012-01-31.xsd#us-gaap_ShareBasedCompensationArrangementByShareBasedPaymentAwardEquityInstrumentsOtherThanOptionsGrantsInPeriod" xlink:label="loc_us-gaap_ShareBasedCompensationArrangementByShareBasedPaymentAwardEquityInstrumentsOtherThanOptionsGrantsInPeriod_BB36D5BD92376BA8A4E91A74E47F4CBE" xlink:type="locator" />
    <definitionArc order="2" xlink:arcrole="http://xbrl.org/int/dim/arcrole/domain-member" xlink:from="loc_us-gaap_ShareBasedCompensationArrangementByShareBasedPaymentAwardEquityInstrumentsOtherThanOptionsNonvestedRollForward_84034ED8FDB77E7DABE41A74E47EB6C4" xlink:to="loc_us-gaap_ShareBasedCompensationArrangementByShareBasedPaymentAwardEquityInstrumentsOtherThanOptionsGrantsInPeriod_BB36D5BD92376BA8A4E91A74E47F4CBE" xlink:type="arc" />
    <loc xlink:href="http://xbrl.fasb.org/us-gaap/2012/elts/us-gaap-2012-01-31.xsd#us-gaap_ShareBasedCompensationArrangementByShareBasedPaymentAwardEquityInstrumentsOtherThanOptionsVestedInPeriod" xlink:label="loc_us-gaap_ShareBasedCompensationArrangementByShareBasedPaymentAwardEquityInstrumentsOtherThanOptionsVestedInPeriod_E76625B6CC4A9BF5F6491A74E47FC2B0" xlink:type="locator" />
    <definitionArc order="3" xlink:arcrole="http://xbrl.org/int/dim/arcrole/domain-member" xlink:from="loc_us-gaap_ShareBasedCompensationArrangementByShareBasedPaymentAwardEquityInstrumentsOtherThanOptionsNonvestedRollForward_84034ED8FDB77E7DABE41A74E47EB6C4" xlink:to="loc_us-gaap_ShareBasedCompensationArrangementByShareBasedPaymentAwardEquityInstrumentsOtherThanOptionsVestedInPeriod_E76625B6CC4A9BF5F6491A74E47FC2B0" xlink:type="arc" />
    <loc xlink:href="http://xbrl.fasb.org/us-gaap/2012/elts/us-gaap-2012-01-31.xsd#us-gaap_ShareBasedCompensationArrangementByShareBasedPaymentAwardEquityInstrumentsOtherThanOptionsForfeitedInPeriod" xlink:label="loc_us-gaap_ShareBasedCompensationArrangementByShareBasedPaymentAwardEquityInstrumentsOtherThanOptionsForfeitedInPeriod_F65565474DAD230BA9741A74E47FF3E5" xlink:type="locator" />
    <definitionArc order="4" xlink:arcrole="http://xbrl.org/int/dim/arcrole/domain-member" xlink:from="loc_us-gaap_ShareBasedCompensationArrangementByShareBasedPaymentAwardEquityInstrumentsOtherThanOptionsNonvestedRollForward_84034ED8FDB77E7DABE41A74E47EB6C4" xlink:to="loc_us-gaap_ShareBasedCompensationArrangementByShareBasedPaymentAwardEquityInstrumentsOtherThanOptionsForfeitedInPeriod_F65565474DAD230BA9741A74E47FF3E5" xlink:type="arc" />
    <loc xlink:href="http://xbrl.fasb.org/us-gaap/2012/elts/us-gaap-2012-01-31.xsd#us-gaap_ShareBasedCompensationArrangementByShareBasedPaymentAwardEquityInstrumentsOtherThanOptionsNonvestedWeightedAverageGrantDateFairValueRollForward" xlink:label="loc_us-gaap_ShareBasedCompensationArrangementByShareBasedPaymentAwardEquityInstrumentsOtherThanOptionsNonvestedWeightedAverageGrantDateFairValueRollForward_138D289C8EFBB615E8901A74E47F6F68" xlink:type="locator" />
    <definitionArc order="2" xlink:arcrole="http://xbrl.org/int/dim/arcrole/domain-member" xlink:from="loc_us-gaap_ShareBasedCompensationArrangementByShareBasedPaymentAwardLineItems_77FEDDFCAAEE53EF7CAF1A74E47E11A1" xlink:to="loc_us-gaap_ShareBasedCompensationArrangementByShareBasedPaymentAwardEquityInstrumentsOtherThanOptionsNonvestedWeightedAverageGrantDateFairValueRollForward_138D289C8EFBB615E8901A74E47F6F68" xlink:type="arc" />
    <loc xlink:href="http://xbrl.fasb.org/us-gaap/2012/elts/us-gaap-2012-01-31.xsd#us-gaap_ShareBasedCompensationArrangementByShareBasedPaymentAwardEquityInstrumentsOtherThanOptionsNonvestedWeightedAverageGrantDateFairValue" xlink:label="loc_us-gaap_ShareBasedCompensationArrangementByShareBasedPaymentAwardEquityInstrumentsOtherThanOptionsNonvestedWeightedAverageGrantDateFairValue_20EED017DC1538392A711A74E47F60CC" xlink:type="locator" />
    <definitionArc order="1" xlink:arcrole="http://xbrl.org/int/dim/arcrole/domain-member" xlink:from="loc_us-gaap_ShareBasedCompensationArrangementByShareBasedPaymentAwardEquityInstrumentsOtherThanOptionsNonvestedWeightedAverageGrantDateFairValueRollForward_138D289C8EFBB615E8901A74E47F6F68" xlink:to="loc_us-gaap_ShareBasedCompensationArrangementByShareBasedPaymentAwardEquityInstrumentsOtherThanOptionsNonvestedWeightedAverageGrantDateFairValue_20EED017DC1538392A711A74E47F60CC" xlink:type="arc" />
    <loc xlink:href="http://xbrl.fasb.org/us-gaap/2012/elts/us-gaap-2012-01-31.xsd#us-gaap_ShareBasedCompensationArrangementByShareBasedPaymentAwardEquityInstrumentsOtherThanOptionsGrantsInPeriodWeightedAverageGrantDateFairValue" xlink:label="loc_us-gaap_ShareBasedCompensationArrangementByShareBasedPaymentAwardEquityInstrumentsOtherThanOptionsGrantsInPeriodWeightedAverageGrantDateFairValue_FD1323953529D72CC4531A74E47F1558" xlink:type="locator" />
    <definitionArc order="2" xlink:arcrole="http://xbrl.org/int/dim/arcrole/domain-member" xlink:from="loc_us-gaap_ShareBasedCompensationArrangementByShareBasedPaymentAwardEquityInstrumentsOtherThanOptionsNonvestedWeightedAverageGrantDateFairValueRollForward_138D289C8EFBB615E8901A74E47F6F68" xlink:to="loc_us-gaap_ShareBasedCompensationArrangementByShareBasedPaymentAwardEquityInstrumentsOtherThanOptionsGrantsInPeriodWeightedAverageGrantDateFairValue_FD1323953529D72CC4531A74E47F1558" xlink:type="arc" />
    <loc xlink:href="http://xbrl.fasb.org/us-gaap/2012/elts/us-gaap-2012-01-31.xsd#us-gaap_ShareBasedCompensationArrangementByShareBasedPaymentAwardEquityInstrumentsOtherThanOptionsVestedInPeriodWeightedAverageGrantDateFairValue" xlink:label="loc_us-gaap_ShareBasedCompensationArrangementByShareBasedPaymentAwardEquityInstrumentsOtherThanOptionsVestedInPeriodWeightedAverageGrantDateFairValue_2DA00B18588B4C6542201A74E47F1711" xlink:type="locator" />
    <definitionArc order="3" xlink:arcrole="http://xbrl.org/int/dim/arcrole/domain-member" xlink:from="loc_us-gaap_ShareBasedCompensationArrangementByShareBasedPaymentAwardEquityInstrumentsOtherThanOptionsNonvestedWeightedAverageGrantDateFairValueRollForward_138D289C8EFBB615E8901A74E47F6F68" xlink:to="loc_us-gaap_ShareBasedCompensationArrangementByShareBasedPaymentAwardEquityInstrumentsOtherThanOptionsVestedInPeriodWeightedAverageGrantDateFairValue_2DA00B18588B4C6542201A74E47F1711" xlink:type="arc" />
    <loc xlink:href="http://xbrl.fasb.org/us-gaap/2012/elts/us-gaap-2012-01-31.xsd#us-gaap_ShareBasedCompensationArrangementByShareBasedPaymentAwardEquityInstrumentsOtherThanOptionsForfeituresWeightedAverageGrantDateFairValue" xlink:label="loc_us-gaap_ShareBasedCompensationArrangementByShareBasedPaymentAwardEquityInstrumentsOtherThanOptionsForfeituresWeightedAverageGrantDateFairValue_843448826DAAB25AC8FB1A74E47F6035" xlink:type="locator" />
    <definitionArc order="4" xlink:arcrole="http://xbrl.org/int/dim/arcrole/domain-member" xlink:from="loc_us-gaap_ShareBasedCompensationArrangementByShareBasedPaymentAwardEquityInstrumentsOtherThanOptionsNonvestedWeightedAverageGrantDateFairValueRollForward_138D289C8EFBB615E8901A74E47F6F68" xlink:to="loc_us-gaap_ShareBasedCompensationArrangementByShareBasedPaymentAwardEquityInstrumentsOtherThanOptionsForfeituresWeightedAverageGrantDateFairValue_843448826DAAB25AC8FB1A74E47F6035" xlink:type="arc" />
  </definitionLink>
  <definitionLink xlink:role="http://www.hhgregg.com/role/StockBasedCompensationSummaryOfStockOptionPlansActivityDetails" xlink:type="extended">
    <loc xlink:href="http://xbrl.fasb.org/us-gaap/2012/elts/us-gaap-2012-01-31.xsd#us-gaap_ShareBasedCompensationArrangementByShareBasedPaymentAwardLineItems" xlink:label="loc_us-gaap_ShareBasedCompensationArrangementByShareBasedPaymentAwardLineItems_2E8088DBDB5BE84473FE72E55A4334DF" xlink:type="locator" />
    <loc xlink:href="http://xbrl.fasb.org/us-gaap/2012/elts/us-gaap-2012-01-31.xsd#us-gaap_ScheduleOfShareBasedCompensationArrangementsByShareBasedPaymentAwardTable" xlink:label="loc_us-gaap_ScheduleOfShareBasedCompensationArrangementsByShareBasedPaymentAwardTable_292F5B07AE40BBBD97CF72E55A3E3677" xlink:type="locator" />
    <definitionArc order="1" xlink:arcrole="http://xbrl.org/int/dim/arcrole/all" xlink:from="loc_us-gaap_ShareBasedCompensationArrangementByShareBasedPaymentAwardLineItems_2E8088DBDB5BE84473FE72E55A4334DF" xlink:to="loc_us-gaap_ScheduleOfShareBasedCompensationArrangementsByShareBasedPaymentAwardTable_292F5B07AE40BBBD97CF72E55A3E3677" xlink:type="arc" xbrldt:closed="true" xbrldt:contextElement="segment" />
    <loc xlink:href="http://xbrl.fasb.org/us-gaap/2012/elts/us-gaap-2012-01-31.xsd#us-gaap_AwardTypeAxis" xlink:label="loc_us-gaap_AwardTypeAxis_0FCB135D785A8E82FBEC72E55A3E9734" xlink:type="locator" />
    <definitionArc order="1" xlink:arcrole="http://xbrl.org/int/dim/arcrole/hypercube-dimension" xlink:from="loc_us-gaap_ScheduleOfShareBasedCompensationArrangementsByShareBasedPaymentAwardTable_292F5B07AE40BBBD97CF72E55A3E3677" xlink:to="loc_us-gaap_AwardTypeAxis_0FCB135D785A8E82FBEC72E55A3E9734" xlink:type="arc" />
    <loc xlink:href="http://xbrl.fasb.org/us-gaap/2012/elts/us-gaap-2012-01-31.xsd#us-gaap_ShareBasedCompensationArrangementsByShareBasedPaymentAwardAwardTypeAndPlanNameDomain" xlink:label="loc_us-gaap_ShareBasedCompensationArrangementsByShareBasedPaymentAwardAwardTypeAndPlanNameDomain_E7BA5697834D06B545AA72E55A3EF9C0_default" xlink:type="locator" />
    <definitionArc order="1" xlink:arcrole="http://xbrl.org/int/dim/arcrole/dimension-default" xlink:from="loc_us-gaap_AwardTypeAxis_0FCB135D785A8E82FBEC72E55A3E9734" xlink:to="loc_us-gaap_ShareBasedCompensationArrangementsByShareBasedPaymentAwardAwardTypeAndPlanNameDomain_E7BA5697834D06B545AA72E55A3EF9C0_default" xlink:type="arc" />
    <loc xlink:href="http://xbrl.fasb.org/us-gaap/2012/elts/us-gaap-2012-01-31.xsd#us-gaap_ShareBasedCompensationArrangementsByShareBasedPaymentAwardAwardTypeAndPlanNameDomain" xlink:label="loc_us-gaap_ShareBasedCompensationArrangementsByShareBasedPaymentAwardAwardTypeAndPlanNameDomain_E7BA5697834D06B545AA72E55A3EF9C0" xlink:type="locator" />
    <definitionArc order="1" xlink:arcrole="http://xbrl.org/int/dim/arcrole/dimension-domain" xlink:from="loc_us-gaap_AwardTypeAxis_0FCB135D785A8E82FBEC72E55A3E9734" xlink:to="loc_us-gaap_ShareBasedCompensationArrangementsByShareBasedPaymentAwardAwardTypeAndPlanNameDomain_E7BA5697834D06B545AA72E55A3EF9C0" xlink:type="arc" />
    <loc xlink:href="http://xbrl.fasb.org/us-gaap/2012/elts/us-gaap-2012-01-31.xsd#us-gaap_StockOptionsMember" xlink:label="loc_us-gaap_StockOptionsMember_BFC9C52665B9634C165572E55A3E4802" xlink:type="locator" />
    <definitionArc order="1" xlink:arcrole="http://xbrl.org/int/dim/arcrole/domain-member" xlink:from="loc_us-gaap_ShareBasedCompensationArrangementsByShareBasedPaymentAwardAwardTypeAndPlanNameDomain_E7BA5697834D06B545AA72E55A3EF9C0" xlink:to="loc_us-gaap_StockOptionsMember_BFC9C52665B9634C165572E55A3E4802" xlink:type="arc" />
    <loc xlink:href="http://xbrl.fasb.org/us-gaap/2012/elts/us-gaap-2012-01-31.xsd#us-gaap_ShareBasedCompensationArrangementByShareBasedPaymentAwardOptionsOutstandingRollForward" xlink:label="loc_us-gaap_ShareBasedCompensationArrangementByShareBasedPaymentAwardOptionsOutstandingRollForward_7AF7AB3085BB0AA4FB7472E55A433E16" xlink:type="locator" />
    <definitionArc order="1" xlink:arcrole="http://xbrl.org/int/dim/arcrole/domain-member" xlink:from="loc_us-gaap_ShareBasedCompensationArrangementByShareBasedPaymentAwardLineItems_2E8088DBDB5BE84473FE72E55A4334DF" xlink:to="loc_us-gaap_ShareBasedCompensationArrangementByShareBasedPaymentAwardOptionsOutstandingRollForward_7AF7AB3085BB0AA4FB7472E55A433E16" xlink:type="arc" />
    <loc xlink:href="http://xbrl.fasb.org/us-gaap/2012/elts/us-gaap-2012-01-31.xsd#us-gaap_ShareBasedCompensationArrangementByShareBasedPaymentAwardOptionsOutstandingNumber" xlink:label="loc_us-gaap_ShareBasedCompensationArrangementByShareBasedPaymentAwardOptionsOutstandingNumber_8FFABE6D5F6075C2662872E55A439D4B" xlink:type="locator" />
    <definitionArc order="1" xlink:arcrole="http://xbrl.org/int/dim/arcrole/domain-member" xlink:from="loc_us-gaap_ShareBasedCompensationArrangementByShareBasedPaymentAwardOptionsOutstandingRollForward_7AF7AB3085BB0AA4FB7472E55A433E16" xlink:to="loc_us-gaap_ShareBasedCompensationArrangementByShareBasedPaymentAwardOptionsOutstandingNumber_8FFABE6D5F6075C2662872E55A439D4B" xlink:type="arc" />
    <loc xlink:href="http://xbrl.fasb.org/us-gaap/2012/elts/us-gaap-2012-01-31.xsd#us-gaap_ShareBasedCompensationArrangementByShareBasedPaymentAwardOptionsGrantsInPeriod" xlink:label="loc_us-gaap_ShareBasedCompensationArrangementByShareBasedPaymentAwardOptionsGrantsInPeriod_29C51A840504F3E7F4D772E55A43C81B" xlink:type="locator" />
    <definitionArc order="2" xlink:arcrole="http://xbrl.org/int/dim/arcrole/domain-member" xlink:from="loc_us-gaap_ShareBasedCompensationArrangementByShareBasedPaymentAwardOptionsOutstandingRollForward_7AF7AB3085BB0AA4FB7472E55A433E16" xlink:to="loc_us-gaap_ShareBasedCompensationArrangementByShareBasedPaymentAwardOptionsGrantsInPeriod_29C51A840504F3E7F4D772E55A43C81B" xlink:type="arc" />
    <loc xlink:href="http://xbrl.fasb.org/us-gaap/2012/elts/us-gaap-2012-01-31.xsd#us-gaap_StockIssuedDuringPeriodSharesStockOptionsExercised" xlink:label="loc_us-gaap_StockIssuedDuringPeriodSharesStockOptionsExercised_CF01D93FBE0F531C426272E55A4384A5" xlink:type="locator" />
    <definitionArc order="3" xlink:arcrole="http://xbrl.org/int/dim/arcrole/domain-member" xlink:from="loc_us-gaap_ShareBasedCompensationArrangementByShareBasedPaymentAwardOptionsOutstandingRollForward_7AF7AB3085BB0AA4FB7472E55A433E16" xlink:to="loc_us-gaap_StockIssuedDuringPeriodSharesStockOptionsExercised_CF01D93FBE0F531C426272E55A4384A5" xlink:type="arc" />
    <loc xlink:href="http://xbrl.fasb.org/us-gaap/2012/elts/us-gaap-2012-01-31.xsd#us-gaap_ShareBasedCompensationArrangementByShareBasedPaymentAwardOptionsForfeituresInPeriod" xlink:label="loc_us-gaap_ShareBasedCompensationArrangementByShareBasedPaymentAwardOptionsForfeituresInPeriod_6B12E54D1E56081FF91E72E55A430572" xlink:type="locator" />
    <definitionArc order="4" xlink:arcrole="http://xbrl.org/int/dim/arcrole/domain-member" xlink:from="loc_us-gaap_ShareBasedCompensationArrangementByShareBasedPaymentAwardOptionsOutstandingRollForward_7AF7AB3085BB0AA4FB7472E55A433E16" xlink:to="loc_us-gaap_ShareBasedCompensationArrangementByShareBasedPaymentAwardOptionsForfeituresInPeriod_6B12E54D1E56081FF91E72E55A430572" xlink:type="arc" />
    <loc xlink:href="http://xbrl.fasb.org/us-gaap/2012/elts/us-gaap-2012-01-31.xsd#us-gaap_ShareBasedCompensationArrangementByShareBasedPaymentAwardOptionsExpirationsInPeriod" xlink:label="loc_us-gaap_ShareBasedCompensationArrangementByShareBasedPaymentAwardOptionsExpirationsInPeriod_B581166A123B163B11C372E55A430343" xlink:type="locator" />
    <definitionArc order="5" xlink:arcrole="http://xbrl.org/int/dim/arcrole/domain-member" xlink:from="loc_us-gaap_ShareBasedCompensationArrangementByShareBasedPaymentAwardOptionsOutstandingRollForward_7AF7AB3085BB0AA4FB7472E55A433E16" xlink:to="loc_us-gaap_ShareBasedCompensationArrangementByShareBasedPaymentAwardOptionsExpirationsInPeriod_B581166A123B163B11C372E55A430343" xlink:type="arc" />
    <loc xlink:href="http://xbrl.fasb.org/us-gaap/2012/elts/us-gaap-2012-01-31.xsd#us-gaap_ShareBasedCompensationArrangementByShareBasedPaymentAwardOptionsOutstandingWeightedAverageExercisePriceRollforward" xlink:label="loc_us-gaap_ShareBasedCompensationArrangementByShareBasedPaymentAwardOptionsOutstandingWeightedAverageExercisePriceRollforward_16B86FF380475F8EAE2E72E55A44B969" xlink:type="locator" />
    <definitionArc order="2" xlink:arcrole="http://xbrl.org/int/dim/arcrole/domain-member" xlink:from="loc_us-gaap_ShareBasedCompensationArrangementByShareBasedPaymentAwardLineItems_2E8088DBDB5BE84473FE72E55A4334DF" xlink:to="loc_us-gaap_ShareBasedCompensationArrangementByShareBasedPaymentAwardOptionsOutstandingWeightedAverageExercisePriceRollforward_16B86FF380475F8EAE2E72E55A44B969" xlink:type="arc" />
    <loc xlink:href="http://xbrl.fasb.org/us-gaap/2012/elts/us-gaap-2012-01-31.xsd#us-gaap_ShareBasedCompensationArrangementByShareBasedPaymentAwardOptionsOutstandingWeightedAverageExercisePrice" xlink:label="loc_us-gaap_ShareBasedCompensationArrangementByShareBasedPaymentAwardOptionsOutstandingWeightedAverageExercisePrice_5E1CDB90CDBCF00CEAA072E55A443196" xlink:type="locator" />
    <definitionArc order="1" xlink:arcrole="http://xbrl.org/int/dim/arcrole/domain-member" xlink:from="loc_us-gaap_ShareBasedCompensationArrangementByShareBasedPaymentAwardOptionsOutstandingWeightedAverageExercisePriceRollforward_16B86FF380475F8EAE2E72E55A44B969" xlink:to="loc_us-gaap_ShareBasedCompensationArrangementByShareBasedPaymentAwardOptionsOutstandingWeightedAverageExercisePrice_5E1CDB90CDBCF00CEAA072E55A443196" xlink:type="arc" />
    <loc xlink:href="http://xbrl.fasb.org/us-gaap/2012/elts/us-gaap-2012-01-31.xsd#us-gaap_ShareBasedCompensationArrangementsByShareBasedPaymentAwardOptionsGrantsInPeriodWeightedAverageExercisePrice" xlink:label="loc_us-gaap_ShareBasedCompensationArrangementsByShareBasedPaymentAwardOptionsGrantsInPeriodWeightedAverageExercisePrice_40099F95E7939E6FC6B372E55A449C64" xlink:type="locator" />
    <definitionArc order="2" xlink:arcrole="http://xbrl.org/int/dim/arcrole/domain-member" xlink:from="loc_us-gaap_ShareBasedCompensationArrangementByShareBasedPaymentAwardOptionsOutstandingWeightedAverageExercisePriceRollforward_16B86FF380475F8EAE2E72E55A44B969" xlink:to="loc_us-gaap_ShareBasedCompensationArrangementsByShareBasedPaymentAwardOptionsGrantsInPeriodWeightedAverageExercisePrice_40099F95E7939E6FC6B372E55A449C64" xlink:type="arc" />
    <loc xlink:href="http://xbrl.fasb.org/us-gaap/2012/elts/us-gaap-2012-01-31.xsd#us-gaap_ShareBasedCompensationArrangementsByShareBasedPaymentAwardOptionsExercisesInPeriodWeightedAverageExercisePrice" xlink:label="loc_us-gaap_ShareBasedCompensationArrangementsByShareBasedPaymentAwardOptionsExercisesInPeriodWeightedAverageExercisePrice_71A311535D18322E297F72E55A44708B" xlink:type="locator" />
    <definitionArc order="3" xlink:arcrole="http://xbrl.org/int/dim/arcrole/domain-member" xlink:from="loc_us-gaap_ShareBasedCompensationArrangementByShareBasedPaymentAwardOptionsOutstandingWeightedAverageExercisePriceRollforward_16B86FF380475F8EAE2E72E55A44B969" xlink:to="loc_us-gaap_ShareBasedCompensationArrangementsByShareBasedPaymentAwardOptionsExercisesInPeriodWeightedAverageExercisePrice_71A311535D18322E297F72E55A44708B" xlink:type="arc" />
    <loc xlink:href="http://xbrl.fasb.org/us-gaap/2012/elts/us-gaap-2012-01-31.xsd#us-gaap_ShareBasedCompensationArrangementsByShareBasedPaymentAwardOptionsForfeituresInPeriodWeightedAverageExercisePrice" xlink:label="loc_us-gaap_ShareBasedCompensationArrangementsByShareBasedPaymentAwardOptionsForfeituresInPeriodWeightedAverageExercisePrice_EFDE7CB3FB075DB75DF572E55A446F3A" xlink:type="locator" />
    <definitionArc order="4" xlink:arcrole="http://xbrl.org/int/dim/arcrole/domain-member" xlink:from="loc_us-gaap_ShareBasedCompensationArrangementByShareBasedPaymentAwardOptionsOutstandingWeightedAverageExercisePriceRollforward_16B86FF380475F8EAE2E72E55A44B969" xlink:to="loc_us-gaap_ShareBasedCompensationArrangementsByShareBasedPaymentAwardOptionsForfeituresInPeriodWeightedAverageExercisePrice_EFDE7CB3FB075DB75DF572E55A446F3A" xlink:type="arc" />
    <loc xlink:href="http://xbrl.fasb.org/us-gaap/2012/elts/us-gaap-2012-01-31.xsd#us-gaap_ShareBasedCompensationArrangementsByShareBasedPaymentAwardOptionsExpirationsInPeriodWeightedAverageExercisePrice" xlink:label="loc_us-gaap_ShareBasedCompensationArrangementsByShareBasedPaymentAwardOptionsExpirationsInPeriodWeightedAverageExercisePrice_4BDB642369AFE000EFFA72E55A44C5D3" xlink:type="locator" />
    <definitionArc order="5" xlink:arcrole="http://xbrl.org/int/dim/arcrole/domain-member" xlink:from="loc_us-gaap_ShareBasedCompensationArrangementByShareBasedPaymentAwardOptionsOutstandingWeightedAverageExercisePriceRollforward_16B86FF380475F8EAE2E72E55A44B969" xlink:to="loc_us-gaap_ShareBasedCompensationArrangementsByShareBasedPaymentAwardOptionsExpirationsInPeriodWeightedAverageExercisePrice_4BDB642369AFE000EFFA72E55A44C5D3" xlink:type="arc" />
  </definitionLink>
</linkbase>
