<?xml version="1.0" encoding="US-ASCII"?>
<!--XBRL Document Created with WebFilings-->
<!-- -->
<linkbase xsi:schemaLocation="http://www.xbrl.org/2003/linkbase http://www.xbrl.org/2003/xbrl-linkbase-2003-12-31.xsd" xmlns="http://www.xbrl.org/2003/linkbase" xmlns:xlink="http://www.w3.org/1999/xlink" xmlns:xsi="http://www.w3.org/2001/XMLSchema-instance">
  <roleRef roleURI="http://www.hhgregg.com/role/CondensedConsolidatedBalanceSheets" xlink:href="hgg-20121231.xsd#CondensedConsolidatedBalanceSheets" xlink:type="simple" />
  <roleRef roleURI="http://www.hhgregg.com/role/CondensedConsolidatedBalanceSheetsParenthetical" xlink:href="hgg-20121231.xsd#CondensedConsolidatedBalanceSheetsParenthetical" xlink:type="simple" />
  <roleRef roleURI="http://www.hhgregg.com/role/CondensedConsolidatedStatementOfStockholdersEquity" xlink:href="hgg-20121231.xsd#CondensedConsolidatedStatementOfStockholdersEquity" xlink:type="simple" />
  <roleRef roleURI="http://www.hhgregg.com/role/CondensedConsolidatedStatementsOfCashFlows" xlink:href="hgg-20121231.xsd#CondensedConsolidatedStatementsOfCashFlows" xlink:type="simple" />
  <roleRef roleURI="http://www.hhgregg.com/role/CondensedConsolidatedStatementsOfOperations" xlink:href="hgg-20121231.xsd#CondensedConsolidatedStatementsOfOperations" xlink:type="simple" />
  <roleRef roleURI="http://www.hhgregg.com/role/Debt" xlink:href="hgg-20121231.xsd#Debt" xlink:type="simple" />
  <roleRef roleURI="http://www.hhgregg.com/role/DebtAdditionalInformationDetails" xlink:href="hgg-20121231.xsd#DebtAdditionalInformationDetails" xlink:type="simple" />
  <roleRef roleURI="http://www.hhgregg.com/role/DebtSummaryOfDebtDetails" xlink:href="hgg-20121231.xsd#DebtSummaryOfDebtDetails" xlink:type="simple" />
  <roleRef roleURI="http://www.hhgregg.com/role/DebtTables" xlink:href="hgg-20121231.xsd#DebtTables" xlink:type="simple" />
  <roleRef roleURI="http://www.hhgregg.com/role/DocumentAndEntityInformation" xlink:href="hgg-20121231.xsd#DocumentAndEntityInformation" xlink:type="simple" />
  <roleRef roleURI="http://www.hhgregg.com/role/FairValueMeasurements" xlink:href="hgg-20121231.xsd#FairValueMeasurements" xlink:type="simple" />
  <roleRef roleURI="http://www.hhgregg.com/role/FairValueMeasurementsDetails" xlink:href="hgg-20121231.xsd#FairValueMeasurementsDetails" xlink:type="simple" />
  <roleRef roleURI="http://www.hhgregg.com/role/FairValueMeasurementsTables" xlink:href="hgg-20121231.xsd#FairValueMeasurementsTables" xlink:type="simple" />
  <roleRef roleURI="http://www.hhgregg.com/role/Inventories" xlink:href="hgg-20121231.xsd#Inventories" xlink:type="simple" />
  <roleRef roleURI="http://www.hhgregg.com/role/InventoriesDetails" xlink:href="hgg-20121231.xsd#InventoriesDetails" xlink:type="simple" />
  <roleRef roleURI="http://www.hhgregg.com/role/InventoriesTables" xlink:href="hgg-20121231.xsd#InventoriesTables" xlink:type="simple" />
  <roleRef roleURI="http://www.hhgregg.com/role/NetIncomeLossPerShare" xlink:href="hgg-20121231.xsd#NetIncomeLossPerShare" xlink:type="simple" />
  <roleRef roleURI="http://www.hhgregg.com/role/NetIncomeLossPerShareAdditionalInformationDetails" xlink:href="hgg-20121231.xsd#NetIncomeLossPerShareAdditionalInformationDetails" xlink:type="simple" />
  <roleRef roleURI="http://www.hhgregg.com/role/NetIncomeLossPerShareDetails" xlink:href="hgg-20121231.xsd#NetIncomeLossPerShareDetails" xlink:type="simple" />
  <roleRef roleURI="http://www.hhgregg.com/role/NetIncomeLossPerShareTables" xlink:href="hgg-20121231.xsd#NetIncomeLossPerShareTables" xlink:type="simple" />
  <roleRef roleURI="http://www.hhgregg.com/role/PropertyAndEquipment" xlink:href="hgg-20121231.xsd#PropertyAndEquipment" xlink:type="simple" />
  <roleRef roleURI="http://www.hhgregg.com/role/PropertyAndEquipmentDetails" xlink:href="hgg-20121231.xsd#PropertyAndEquipmentDetails" xlink:type="simple" />
  <roleRef roleURI="http://www.hhgregg.com/role/PropertyAndEquipmentTables" xlink:href="hgg-20121231.xsd#PropertyAndEquipmentTables" xlink:type="simple" />
  <roleRef roleURI="http://www.hhgregg.com/role/ShareRepurchaseProgram" xlink:href="hgg-20121231.xsd#ShareRepurchaseProgram" xlink:type="simple" />
  <roleRef roleURI="http://www.hhgregg.com/role/ShareRepurchaseProgramAdditionalInformationDetails" xlink:href="hgg-20121231.xsd#ShareRepurchaseProgramAdditionalInformationDetails" xlink:type="simple" />
  <roleRef roleURI="http://www.hhgregg.com/role/ShareRepurchaseProgramNumberAndCostOfShareRepurchasedDetails" xlink:href="hgg-20121231.xsd#ShareRepurchaseProgramNumberAndCostOfShareRepurchasedDetails" xlink:type="simple" />
  <roleRef roleURI="http://www.hhgregg.com/role/ShareRepurchaseProgramTables" xlink:href="hgg-20121231.xsd#ShareRepurchaseProgramTables" xlink:type="simple" />
  <roleRef roleURI="http://www.hhgregg.com/role/StockBasedCompensation" xlink:href="hgg-20121231.xsd#StockBasedCompensation" xlink:type="simple" />
  <roleRef roleURI="http://www.hhgregg.com/role/StockBasedCompensationAdditionalInformationDetails" xlink:href="hgg-20121231.xsd#StockBasedCompensationAdditionalInformationDetails" xlink:type="simple" />
  <roleRef roleURI="http://www.hhgregg.com/role/StockBasedCompensationBlackScholesModelWeightedAverageAssumptionsDetails" xlink:href="hgg-20121231.xsd#StockBasedCompensationBlackScholesModelWeightedAverageAssumptionsDetails" xlink:type="simple" />
  <roleRef roleURI="http://www.hhgregg.com/role/StockBasedCompensationSummaryOfRsuVestingActivityDetails" xlink:href="hgg-20121231.xsd#StockBasedCompensationSummaryOfRsuVestingActivityDetails" xlink:type="simple" />
  <roleRef roleURI="http://www.hhgregg.com/role/StockBasedCompensationSummaryOfStockOptionPlansActivityDetails" xlink:href="hgg-20121231.xsd#StockBasedCompensationSummaryOfStockOptionPlansActivityDetails" xlink:type="simple" />
  <roleRef roleURI="http://www.hhgregg.com/role/StockBasedCompensationTables" xlink:href="hgg-20121231.xsd#StockBasedCompensationTables" xlink:type="simple" />
  <roleRef roleURI="http://www.hhgregg.com/role/StockholdersEquity" xlink:href="hgg-20121231.xsd#StockholdersEquity" xlink:type="simple" />
  <roleRef roleURI="http://www.hhgregg.com/role/StockholdersEquityDetails" xlink:href="hgg-20121231.xsd#StockholdersEquityDetails" xlink:type="simple" />
  <roleRef roleURI="http://www.hhgregg.com/role/SummaryOfSignificantAccountingPolicies" xlink:href="hgg-20121231.xsd#SummaryOfSignificantAccountingPolicies" xlink:type="simple" />
  <roleRef roleURI="http://www.hhgregg.com/role/SummaryOfSignificantAccountingPoliciesDetails" xlink:href="hgg-20121231.xsd#SummaryOfSignificantAccountingPoliciesDetails" xlink:type="simple" />
  <roleRef roleURI="http://www.hhgregg.com/role/SummaryOfSignificantAccountingPoliciesPolicies" xlink:href="hgg-20121231.xsd#SummaryOfSignificantAccountingPoliciesPolicies" xlink:type="simple" />
  <calculationLink xlink:role="http://www.hhgregg.com/role/CondensedConsolidatedBalanceSheets" xlink:type="extended">
    <loc xlink:href="http://xbrl.fasb.org/us-gaap/2012/elts/us-gaap-2012-01-31.xsd#us-gaap_LiabilitiesAndStockholdersEquity" xlink:label="loc_us-gaap_LiabilitiesAndStockholdersEquity_5c4fc6ae-78f6-11e1-94fe-25ba39ebf1f4" xlink:type="locator" />
    <loc xlink:href="http://xbrl.fasb.org/us-gaap/2012/elts/us-gaap-2012-01-31.xsd#us-gaap_Liabilities" xlink:label="loc_us-gaap_Liabilities_5c30a2c4-78f6-11e1-94fe-25ba39ebf1f4" xlink:type="locator" />
    <calculationArc order="1" weight="1" xlink:arcrole="http://www.xbrl.org/2003/arcrole/summation-item" xlink:from="loc_us-gaap_LiabilitiesAndStockholdersEquity_5c4fc6ae-78f6-11e1-94fe-25ba39ebf1f4" xlink:to="loc_us-gaap_Liabilities_5c30a2c4-78f6-11e1-94fe-25ba39ebf1f4" xlink:type="arc" />
    <loc xlink:href="http://xbrl.fasb.org/us-gaap/2012/elts/us-gaap-2012-01-31.xsd#us-gaap_LiabilitiesCurrent" xlink:label="loc_us-gaap_LiabilitiesCurrent_5c188d92-78f6-11e1-94fe-25ba39ebf1f4" xlink:type="locator" />
    <calculationArc order="1" weight="1" xlink:arcrole="http://www.xbrl.org/2003/arcrole/summation-item" xlink:from="loc_us-gaap_Liabilities_5c30a2c4-78f6-11e1-94fe-25ba39ebf1f4" xlink:to="loc_us-gaap_LiabilitiesCurrent_5c188d92-78f6-11e1-94fe-25ba39ebf1f4" xlink:type="arc" />
    <loc xlink:href="http://xbrl.fasb.org/us-gaap/2012/elts/us-gaap-2012-01-31.xsd#us-gaap_AccountsPayableCurrent" xlink:label="loc_us-gaap_AccountsPayableCurrent_28d58084-78f6-11e1-94fe-25ba39ebf1f4" xlink:type="locator" />
    <calculationArc order="1" weight="1" xlink:arcrole="http://www.xbrl.org/2003/arcrole/summation-item" xlink:from="loc_us-gaap_LiabilitiesCurrent_5c188d92-78f6-11e1-94fe-25ba39ebf1f4" xlink:to="loc_us-gaap_AccountsPayableCurrent_28d58084-78f6-11e1-94fe-25ba39ebf1f4" xlink:type="arc" />
    <loc xlink:href="http://xbrl.fasb.org/us-gaap/2012/elts/us-gaap-2012-01-31.xsd#us-gaap_CustomerDepositsCurrent" xlink:label="loc_us-gaap_CustomerDepositsCurrent_45498d14-78f6-11e1-94fe-25ba39ebf1f4" xlink:type="locator" />
    <calculationArc order="2" weight="1" xlink:arcrole="http://www.xbrl.org/2003/arcrole/summation-item" xlink:from="loc_us-gaap_LiabilitiesCurrent_5c188d92-78f6-11e1-94fe-25ba39ebf1f4" xlink:to="loc_us-gaap_CustomerDepositsCurrent_45498d14-78f6-11e1-94fe-25ba39ebf1f4" xlink:type="arc" />
    <loc xlink:href="http://xbrl.fasb.org/us-gaap/2012/elts/us-gaap-2012-01-31.xsd#us-gaap_AccruedLiabilitiesCurrent" xlink:label="loc_us-gaap_AccruedLiabilitiesCurrent_299992da-78f6-11e1-94fe-25ba39ebf1f4" xlink:type="locator" />
    <calculationArc order="3" weight="1" xlink:arcrole="http://www.xbrl.org/2003/arcrole/summation-item" xlink:from="loc_us-gaap_LiabilitiesCurrent_5c188d92-78f6-11e1-94fe-25ba39ebf1f4" xlink:to="loc_us-gaap_AccruedLiabilitiesCurrent_299992da-78f6-11e1-94fe-25ba39ebf1f4" xlink:type="arc" />
    <loc xlink:href="http://xbrl.fasb.org/us-gaap/2012/elts/us-gaap-2012-01-31.xsd#us-gaap_AccruedIncomeTaxesCurrent" xlink:label="loc_us-gaap_AccruedIncomeTaxesCurrent_298c645c-78f6-11e1-94fe-25ba39ebf1f4" xlink:type="locator" />
    <calculationArc order="4" weight="1" xlink:arcrole="http://www.xbrl.org/2003/arcrole/summation-item" xlink:from="loc_us-gaap_LiabilitiesCurrent_5c188d92-78f6-11e1-94fe-25ba39ebf1f4" xlink:to="loc_us-gaap_AccruedIncomeTaxesCurrent_298c645c-78f6-11e1-94fe-25ba39ebf1f4" xlink:type="arc" />
    <loc xlink:href="http://xbrl.fasb.org/us-gaap/2012/elts/us-gaap-2012-01-31.xsd#us-gaap_LiabilitiesNoncurrent" xlink:label="loc_us-gaap_LiabilitiesNoncurrent_5c2f1d3c-78f6-11e1-94fe-25ba39ebf1f4" xlink:type="locator" />
    <calculationArc order="2" weight="1" xlink:arcrole="http://www.xbrl.org/2003/arcrole/summation-item" xlink:from="loc_us-gaap_Liabilities_5c30a2c4-78f6-11e1-94fe-25ba39ebf1f4" xlink:to="loc_us-gaap_LiabilitiesNoncurrent_5c2f1d3c-78f6-11e1-94fe-25ba39ebf1f4" xlink:type="arc" />
    <loc xlink:href="http://xbrl.fasb.org/us-gaap/2012/elts/us-gaap-2012-01-31.xsd#us-gaap_DeferredRentCreditNoncurrent" xlink:label="loc_us-gaap_DeferredRentCreditNoncurrent_46eb899c-78f6-11e1-94fe-25ba39ebf1f4" xlink:type="locator" />
    <calculationArc order="1" weight="1" xlink:arcrole="http://www.xbrl.org/2003/arcrole/summation-item" xlink:from="loc_us-gaap_LiabilitiesNoncurrent_5c2f1d3c-78f6-11e1-94fe-25ba39ebf1f4" xlink:to="loc_us-gaap_DeferredRentCreditNoncurrent_46eb899c-78f6-11e1-94fe-25ba39ebf1f4" xlink:type="arc" />
    <loc xlink:href="http://xbrl.fasb.org/us-gaap/2012/elts/us-gaap-2012-01-31.xsd#us-gaap_OtherLiabilitiesNoncurrent" xlink:label="loc_us-gaap_OtherLiabilitiesNoncurrent_63d8f7d8-78f6-11e1-94fe-25ba39ebf1f4" xlink:type="locator" />
    <calculationArc order="2" weight="1" xlink:arcrole="http://www.xbrl.org/2003/arcrole/summation-item" xlink:from="loc_us-gaap_LiabilitiesNoncurrent_5c2f1d3c-78f6-11e1-94fe-25ba39ebf1f4" xlink:to="loc_us-gaap_OtherLiabilitiesNoncurrent_63d8f7d8-78f6-11e1-94fe-25ba39ebf1f4" xlink:type="arc" />
    <loc xlink:href="http://xbrl.fasb.org/us-gaap/2012/elts/us-gaap-2012-01-31.xsd#us-gaap_StockholdersEquity" xlink:label="loc_us-gaap_StockholdersEquity_70895bd0-78f6-11e1-94fe-25ba39ebf1f4" xlink:type="locator" />
    <calculationArc order="2" weight="1" xlink:arcrole="http://www.xbrl.org/2003/arcrole/summation-item" xlink:from="loc_us-gaap_LiabilitiesAndStockholdersEquity_5c4fc6ae-78f6-11e1-94fe-25ba39ebf1f4" xlink:to="loc_us-gaap_StockholdersEquity_70895bd0-78f6-11e1-94fe-25ba39ebf1f4" xlink:type="arc" />
    <loc xlink:href="hgg-20121231.xsd#hgg_StockholdersEquitySubtotal" xlink:label="loc_hgg_StockholdersEquitySubtotal_7447647d-1126-cbe3-262f-424d8785da49" xlink:type="locator" />
    <calculationArc order="1" weight="1" xlink:arcrole="http://www.xbrl.org/2003/arcrole/summation-item" xlink:from="loc_us-gaap_StockholdersEquity_70895bd0-78f6-11e1-94fe-25ba39ebf1f4" xlink:to="loc_hgg_StockholdersEquitySubtotal_7447647d-1126-cbe3-262f-424d8785da49" xlink:type="arc" />
    <loc xlink:href="http://xbrl.fasb.org/us-gaap/2012/elts/us-gaap-2012-01-31.xsd#us-gaap_PreferredStockValue" xlink:label="loc_us-gaap_PreferredStockValue_664b7ebe-78f6-11e1-94fe-25ba39ebf1f4" xlink:type="locator" />
    <calculationArc order="1" weight="1" xlink:arcrole="http://www.xbrl.org/2003/arcrole/summation-item" xlink:from="loc_hgg_StockholdersEquitySubtotal_7447647d-1126-cbe3-262f-424d8785da49" xlink:to="loc_us-gaap_PreferredStockValue_664b7ebe-78f6-11e1-94fe-25ba39ebf1f4" xlink:type="arc" />
    <loc xlink:href="http://xbrl.fasb.org/us-gaap/2012/elts/us-gaap-2012-01-31.xsd#us-gaap_CommonStockValue" xlink:label="loc_us-gaap_CommonStockValue_34ddf442-78f6-11e1-94fe-25ba39ebf1f4" xlink:type="locator" />
    <calculationArc order="2" weight="1" xlink:arcrole="http://www.xbrl.org/2003/arcrole/summation-item" xlink:from="loc_hgg_StockholdersEquitySubtotal_7447647d-1126-cbe3-262f-424d8785da49" xlink:to="loc_us-gaap_CommonStockValue_34ddf442-78f6-11e1-94fe-25ba39ebf1f4" xlink:type="arc" />
    <loc xlink:href="http://xbrl.fasb.org/us-gaap/2012/elts/us-gaap-2012-01-31.xsd#us-gaap_AdditionalPaidInCapital" xlink:label="loc_us-gaap_AdditionalPaidInCapital_29ca3a8e-78f6-11e1-94fe-25ba39ebf1f4" xlink:type="locator" />
    <calculationArc order="3" weight="1" xlink:arcrole="http://www.xbrl.org/2003/arcrole/summation-item" xlink:from="loc_hgg_StockholdersEquitySubtotal_7447647d-1126-cbe3-262f-424d8785da49" xlink:to="loc_us-gaap_AdditionalPaidInCapital_29ca3a8e-78f6-11e1-94fe-25ba39ebf1f4" xlink:type="arc" />
    <loc xlink:href="http://xbrl.fasb.org/us-gaap/2012/elts/us-gaap-2012-01-31.xsd#us-gaap_RetainedEarningsAccumulatedDeficit" xlink:label="loc_us-gaap_RetainedEarningsAccumulatedDeficit_6b785646-78f6-11e1-94fe-25ba39ebf1f4" xlink:type="locator" />
    <calculationArc order="4" weight="1" xlink:arcrole="http://www.xbrl.org/2003/arcrole/summation-item" xlink:from="loc_hgg_StockholdersEquitySubtotal_7447647d-1126-cbe3-262f-424d8785da49" xlink:to="loc_us-gaap_RetainedEarningsAccumulatedDeficit_6b785646-78f6-11e1-94fe-25ba39ebf1f4" xlink:type="arc" />
    <loc xlink:href="http://xbrl.fasb.org/us-gaap/2012/elts/us-gaap-2012-01-31.xsd#us-gaap_TreasuryStockValue" xlink:label="loc_us-gaap_TreasuryStockValue_72998c1a-78f6-11e1-94fe-25ba39ebf1f4" xlink:type="locator" />
    <calculationArc order="5" weight="-1" xlink:arcrole="http://www.xbrl.org/2003/arcrole/summation-item" xlink:from="loc_hgg_StockholdersEquitySubtotal_7447647d-1126-cbe3-262f-424d8785da49" xlink:to="loc_us-gaap_TreasuryStockValue_72998c1a-78f6-11e1-94fe-25ba39ebf1f4" xlink:type="arc" />
    <loc xlink:href="http://xbrl.fasb.org/us-gaap/2012/elts/us-gaap-2012-01-31.xsd#us-gaap_ReceivableFromShareholdersOrAffiliatesForIssuanceOfCapitalStock" xlink:label="loc_us-gaap_ReceivableFromShareholdersOrAffiliatesForIssuanceOfCapitalStock_697b07ee-78f6-11e1-94fe-25ba39ebf1f4" xlink:type="locator" />
    <calculationArc order="2" weight="-1" xlink:arcrole="http://www.xbrl.org/2003/arcrole/summation-item" xlink:from="loc_us-gaap_StockholdersEquity_70895bd0-78f6-11e1-94fe-25ba39ebf1f4" xlink:to="loc_us-gaap_ReceivableFromShareholdersOrAffiliatesForIssuanceOfCapitalStock_697b07ee-78f6-11e1-94fe-25ba39ebf1f4" xlink:type="arc" />
    <loc xlink:href="http://xbrl.fasb.org/us-gaap/2012/elts/us-gaap-2012-01-31.xsd#us-gaap_Assets" xlink:label="loc_us-gaap_Assets_2c254058-78f6-11e1-94fe-25ba39ebf1f4" xlink:type="locator" />
    <loc xlink:href="http://xbrl.fasb.org/us-gaap/2012/elts/us-gaap-2012-01-31.xsd#us-gaap_AssetsCurrent" xlink:label="loc_us-gaap_AssetsCurrent_2c23c494-78f6-11e1-94fe-25ba39ebf1f4" xlink:type="locator" />
    <calculationArc order="1" weight="1" xlink:arcrole="http://www.xbrl.org/2003/arcrole/summation-item" xlink:from="loc_us-gaap_Assets_2c254058-78f6-11e1-94fe-25ba39ebf1f4" xlink:to="loc_us-gaap_AssetsCurrent_2c23c494-78f6-11e1-94fe-25ba39ebf1f4" xlink:type="arc" />
    <loc xlink:href="http://xbrl.fasb.org/us-gaap/2012/elts/us-gaap-2012-01-31.xsd#us-gaap_CashAndCashEquivalentsAtCarryingValue" xlink:label="loc_us-gaap_CashAndCashEquivalentsAtCarryingValue_30cfd000-78f6-11e1-94fe-25ba39ebf1f4" xlink:type="locator" />
    <calculationArc order="1" weight="1" xlink:arcrole="http://www.xbrl.org/2003/arcrole/summation-item" xlink:from="loc_us-gaap_AssetsCurrent_2c23c494-78f6-11e1-94fe-25ba39ebf1f4" xlink:to="loc_us-gaap_CashAndCashEquivalentsAtCarryingValue_30cfd000-78f6-11e1-94fe-25ba39ebf1f4" xlink:type="arc" />
    <loc xlink:href="http://xbrl.fasb.org/us-gaap/2012/elts/us-gaap-2012-01-31.xsd#us-gaap_AccountsReceivableNetCurrent" xlink:label="loc_us-gaap_AccountsReceivableNetCurrent_28c3463a-78f6-11e1-94fe-25ba39ebf1f4" xlink:type="locator" />
    <calculationArc order="2" weight="1" xlink:arcrole="http://www.xbrl.org/2003/arcrole/summation-item" xlink:from="loc_us-gaap_AssetsCurrent_2c23c494-78f6-11e1-94fe-25ba39ebf1f4" xlink:to="loc_us-gaap_AccountsReceivableNetCurrent_28c3463a-78f6-11e1-94fe-25ba39ebf1f4" xlink:type="arc" />
    <loc xlink:href="http://xbrl.fasb.org/us-gaap/2012/elts/us-gaap-2012-01-31.xsd#us-gaap_OtherReceivables" xlink:label="loc_us-gaap_OtherReceivables_643486e8-78f6-11e1-94fe-25ba39ebf1f4" xlink:type="locator" />
    <calculationArc order="3" weight="1" xlink:arcrole="http://www.xbrl.org/2003/arcrole/summation-item" xlink:from="loc_us-gaap_AssetsCurrent_2c23c494-78f6-11e1-94fe-25ba39ebf1f4" xlink:to="loc_us-gaap_OtherReceivables_643486e8-78f6-11e1-94fe-25ba39ebf1f4" xlink:type="arc" />
    <loc xlink:href="http://xbrl.fasb.org/us-gaap/2012/elts/us-gaap-2012-01-31.xsd#us-gaap_InventoryNet" xlink:label="loc_us-gaap_InventoryNet_5b10f3ee-78f6-11e1-94fe-25ba39ebf1f4" xlink:type="locator" />
    <calculationArc order="4" weight="1" xlink:arcrole="http://www.xbrl.org/2003/arcrole/summation-item" xlink:from="loc_us-gaap_AssetsCurrent_2c23c494-78f6-11e1-94fe-25ba39ebf1f4" xlink:to="loc_us-gaap_InventoryNet_5b10f3ee-78f6-11e1-94fe-25ba39ebf1f4" xlink:type="arc" />
    <loc xlink:href="http://xbrl.fasb.org/us-gaap/2012/elts/us-gaap-2012-01-31.xsd#us-gaap_PrepaidExpenseAndOtherAssetsCurrent" xlink:label="loc_us-gaap_PrepaidExpenseAndOtherAssetsCurrent_66a1ef74-78f6-11e1-94fe-25ba39ebf1f4" xlink:type="locator" />
    <calculationArc order="5" weight="1" xlink:arcrole="http://www.xbrl.org/2003/arcrole/summation-item" xlink:from="loc_us-gaap_AssetsCurrent_2c23c494-78f6-11e1-94fe-25ba39ebf1f4" xlink:to="loc_us-gaap_PrepaidExpenseAndOtherAssetsCurrent_66a1ef74-78f6-11e1-94fe-25ba39ebf1f4" xlink:type="arc" />
    <loc xlink:href="http://xbrl.fasb.org/us-gaap/2012/elts/us-gaap-2012-01-31.xsd#us-gaap_IncomeTaxesReceivable" xlink:label="loc_us-gaap_IncomeTaxesReceivable_586dfd80-78f6-11e1-94fe-25ba39ebf1f4" xlink:type="locator" />
    <calculationArc order="6" weight="1" xlink:arcrole="http://www.xbrl.org/2003/arcrole/summation-item" xlink:from="loc_us-gaap_AssetsCurrent_2c23c494-78f6-11e1-94fe-25ba39ebf1f4" xlink:to="loc_us-gaap_IncomeTaxesReceivable_586dfd80-78f6-11e1-94fe-25ba39ebf1f4" xlink:type="arc" />
    <loc xlink:href="http://xbrl.fasb.org/us-gaap/2012/elts/us-gaap-2012-01-31.xsd#us-gaap_DeferredTaxAssetsNetCurrent" xlink:label="loc_us-gaap_DeferredTaxAssetsNetCurrent_4735dba0-78f6-11e1-94fe-25ba39ebf1f4" xlink:type="locator" />
    <calculationArc order="7" weight="1" xlink:arcrole="http://www.xbrl.org/2003/arcrole/summation-item" xlink:from="loc_us-gaap_AssetsCurrent_2c23c494-78f6-11e1-94fe-25ba39ebf1f4" xlink:to="loc_us-gaap_DeferredTaxAssetsNetCurrent_4735dba0-78f6-11e1-94fe-25ba39ebf1f4" xlink:type="arc" />
    <loc xlink:href="http://xbrl.fasb.org/us-gaap/2012/elts/us-gaap-2012-01-31.xsd#us-gaap_AssetsNoncurrent" xlink:label="loc_us-gaap_AssetsNoncurrent_2be0e05c-78f6-11e1-94fe-25ba39ebf1f4" xlink:type="locator" />
    <calculationArc order="2" weight="1" xlink:arcrole="http://www.xbrl.org/2003/arcrole/summation-item" xlink:from="loc_us-gaap_Assets_2c254058-78f6-11e1-94fe-25ba39ebf1f4" xlink:to="loc_us-gaap_AssetsNoncurrent_2be0e05c-78f6-11e1-94fe-25ba39ebf1f4" xlink:type="arc" />
    <loc xlink:href="http://xbrl.fasb.org/us-gaap/2012/elts/us-gaap-2012-01-31.xsd#us-gaap_PropertyPlantAndEquipmentNet" xlink:label="loc_us-gaap_PropertyPlantAndEquipmentNet_683dcad8-78f6-11e1-94fe-25ba39ebf1f4" xlink:type="locator" />
    <calculationArc order="1" weight="1" xlink:arcrole="http://www.xbrl.org/2003/arcrole/summation-item" xlink:from="loc_us-gaap_AssetsNoncurrent_2be0e05c-78f6-11e1-94fe-25ba39ebf1f4" xlink:to="loc_us-gaap_PropertyPlantAndEquipmentNet_683dcad8-78f6-11e1-94fe-25ba39ebf1f4" xlink:type="arc" />
    <loc xlink:href="http://xbrl.fasb.org/us-gaap/2012/elts/us-gaap-2012-01-31.xsd#us-gaap_DeferredFinanceCostsNoncurrentNet" xlink:label="loc_us-gaap_DeferredFinanceCostsNoncurrentNet_4727c70e-78f6-11e1-94fe-25ba39ebf1f4" xlink:type="locator" />
    <calculationArc order="2" weight="1" xlink:arcrole="http://www.xbrl.org/2003/arcrole/summation-item" xlink:from="loc_us-gaap_AssetsNoncurrent_2be0e05c-78f6-11e1-94fe-25ba39ebf1f4" xlink:to="loc_us-gaap_DeferredFinanceCostsNoncurrentNet_4727c70e-78f6-11e1-94fe-25ba39ebf1f4" xlink:type="arc" />
    <loc xlink:href="http://xbrl.fasb.org/us-gaap/2012/elts/us-gaap-2012-01-31.xsd#us-gaap_DeferredTaxAssetsNetNoncurrent" xlink:label="loc_us-gaap_DeferredTaxAssetsNetNoncurrent_475df306-78f6-11e1-94fe-25ba39ebf1f4" xlink:type="locator" />
    <calculationArc order="3" weight="1" xlink:arcrole="http://www.xbrl.org/2003/arcrole/summation-item" xlink:from="loc_us-gaap_AssetsNoncurrent_2be0e05c-78f6-11e1-94fe-25ba39ebf1f4" xlink:to="loc_us-gaap_DeferredTaxAssetsNetNoncurrent_475df306-78f6-11e1-94fe-25ba39ebf1f4" xlink:type="arc" />
    <loc xlink:href="http://xbrl.fasb.org/us-gaap/2012/elts/us-gaap-2012-01-31.xsd#us-gaap_OtherAssetsNoncurrent" xlink:label="loc_us-gaap_OtherAssetsNoncurrent_62df8554-78f6-11e1-94fe-25ba39ebf1f4" xlink:type="locator" />
    <calculationArc order="4" weight="1" xlink:arcrole="http://www.xbrl.org/2003/arcrole/summation-item" xlink:from="loc_us-gaap_AssetsNoncurrent_2be0e05c-78f6-11e1-94fe-25ba39ebf1f4" xlink:to="loc_us-gaap_OtherAssetsNoncurrent_62df8554-78f6-11e1-94fe-25ba39ebf1f4" xlink:type="arc" />
  </calculationLink>
  <calculationLink xlink:role="http://www.hhgregg.com/role/CondensedConsolidatedBalanceSheetsParenthetical" xlink:type="extended" />
  <calculationLink xlink:role="http://www.hhgregg.com/role/CondensedConsolidatedStatementOfStockholdersEquity" xlink:type="extended" />
  <calculationLink xlink:role="http://www.hhgregg.com/role/CondensedConsolidatedStatementsOfCashFlows" xlink:type="extended">
    <loc xlink:href="http://xbrl.fasb.org/us-gaap/2012/elts/us-gaap-2012-01-31.xsd#us-gaap_CashAndCashEquivalentsPeriodIncreaseDecrease" xlink:label="loc_us-gaap_CashAndCashEquivalentsPeriodIncreaseDecrease_31a4213e-78f6-11e1-94fe-25ba39ebf1f4" xlink:type="locator" />
    <loc xlink:href="http://xbrl.fasb.org/us-gaap/2012/elts/us-gaap-2012-01-31.xsd#us-gaap_NetCashProvidedByUsedInOperatingActivities" xlink:label="loc_us-gaap_NetCashProvidedByUsedInOperatingActivities_611fd732-78f6-11e1-94fe-25ba39ebf1f4" xlink:type="locator" />
    <calculationArc order="1" weight="1" xlink:arcrole="http://www.xbrl.org/2003/arcrole/summation-item" xlink:from="loc_us-gaap_CashAndCashEquivalentsPeriodIncreaseDecrease_31a4213e-78f6-11e1-94fe-25ba39ebf1f4" xlink:to="loc_us-gaap_NetCashProvidedByUsedInOperatingActivities_611fd732-78f6-11e1-94fe-25ba39ebf1f4" xlink:type="arc" />
    <loc xlink:href="http://xbrl.fasb.org/us-gaap/2012/elts/us-gaap-2012-01-31.xsd#us-gaap_NetIncomeLoss" xlink:label="loc_us-gaap_NetIncomeLoss_611bec6c-78f6-11e1-94fe-25ba39ebf1f4" xlink:type="locator" />
    <calculationArc order="1" weight="1" xlink:arcrole="http://www.xbrl.org/2003/arcrole/summation-item" xlink:from="loc_us-gaap_NetCashProvidedByUsedInOperatingActivities_611fd732-78f6-11e1-94fe-25ba39ebf1f4" xlink:to="loc_us-gaap_NetIncomeLoss_611bec6c-78f6-11e1-94fe-25ba39ebf1f4" xlink:type="arc" />
    <loc xlink:href="http://xbrl.fasb.org/us-gaap/2012/elts/us-gaap-2012-01-31.xsd#us-gaap_DepreciationDepletionAndAmortization" xlink:label="loc_us-gaap_DepreciationDepletionAndAmortization_48ae4c92-78f6-11e1-94fe-25ba39ebf1f4" xlink:type="locator" />
    <calculationArc order="2" weight="1" xlink:arcrole="http://www.xbrl.org/2003/arcrole/summation-item" xlink:from="loc_us-gaap_NetCashProvidedByUsedInOperatingActivities_611fd732-78f6-11e1-94fe-25ba39ebf1f4" xlink:to="loc_us-gaap_DepreciationDepletionAndAmortization_48ae4c92-78f6-11e1-94fe-25ba39ebf1f4" xlink:type="arc" />
    <loc xlink:href="http://xbrl.fasb.org/us-gaap/2012/elts/us-gaap-2012-01-31.xsd#us-gaap_AmortizationOfFinancingCosts" xlink:label="loc_us-gaap_AmortizationOfFinancingCosts_2b53ba88-78f6-11e1-94fe-25ba39ebf1f4" xlink:type="locator" />
    <calculationArc order="3" weight="1" xlink:arcrole="http://www.xbrl.org/2003/arcrole/summation-item" xlink:from="loc_us-gaap_NetCashProvidedByUsedInOperatingActivities_611fd732-78f6-11e1-94fe-25ba39ebf1f4" xlink:to="loc_us-gaap_AmortizationOfFinancingCosts_2b53ba88-78f6-11e1-94fe-25ba39ebf1f4" xlink:type="arc" />
    <loc xlink:href="http://xbrl.fasb.org/us-gaap/2012/elts/us-gaap-2012-01-31.xsd#us-gaap_ShareBasedCompensation" xlink:label="loc_us-gaap_ShareBasedCompensation_6ec09264-78f6-11e1-94fe-25ba39ebf1f4" xlink:type="locator" />
    <calculationArc order="4" weight="1" xlink:arcrole="http://www.xbrl.org/2003/arcrole/summation-item" xlink:from="loc_us-gaap_NetCashProvidedByUsedInOperatingActivities_611fd732-78f6-11e1-94fe-25ba39ebf1f4" xlink:to="loc_us-gaap_ShareBasedCompensation_6ec09264-78f6-11e1-94fe-25ba39ebf1f4" xlink:type="arc" />
    <loc xlink:href="http://xbrl.fasb.org/us-gaap/2012/elts/us-gaap-2012-01-31.xsd#us-gaap_ExcessTaxBenefitFromShareBasedCompensationOperatingActivities" xlink:label="loc_us-gaap_ExcessTaxBenefitFromShareBasedCompensationOperatingActivities_4f6c0772-78f6-11e1-94fe-25ba39ebf1f4" xlink:type="locator" />
    <calculationArc order="5" weight="-1" xlink:arcrole="http://www.xbrl.org/2003/arcrole/summation-item" xlink:from="loc_us-gaap_NetCashProvidedByUsedInOperatingActivities_611fd732-78f6-11e1-94fe-25ba39ebf1f4" xlink:to="loc_us-gaap_ExcessTaxBenefitFromShareBasedCompensationOperatingActivities_4f6c0772-78f6-11e1-94fe-25ba39ebf1f4" xlink:type="arc" />
    <loc xlink:href="http://xbrl.fasb.org/us-gaap/2012/elts/us-gaap-2012-01-31.xsd#us-gaap_GainLossOnSaleOfPropertyPlantEquipment" xlink:label="loc_us-gaap_GainLossOnSaleOfPropertyPlantEquipment_559e3eee-78f6-11e1-94fe-25ba39ebf1f4" xlink:type="locator" />
    <calculationArc order="6" weight="-1" xlink:arcrole="http://www.xbrl.org/2003/arcrole/summation-item" xlink:from="loc_us-gaap_NetCashProvidedByUsedInOperatingActivities_611fd732-78f6-11e1-94fe-25ba39ebf1f4" xlink:to="loc_us-gaap_GainLossOnSaleOfPropertyPlantEquipment_559e3eee-78f6-11e1-94fe-25ba39ebf1f4" xlink:type="arc" />
    <loc xlink:href="http://xbrl.fasb.org/us-gaap/2012/elts/us-gaap-2012-01-31.xsd#us-gaap_DeferredIncomeTaxExpenseBenefit" xlink:label="loc_us-gaap_DeferredIncomeTaxExpenseBenefit_472866e6-78f6-11e1-94fe-25ba39ebf1f4" xlink:type="locator" />
    <calculationArc order="7" weight="1" xlink:arcrole="http://www.xbrl.org/2003/arcrole/summation-item" xlink:from="loc_us-gaap_NetCashProvidedByUsedInOperatingActivities_611fd732-78f6-11e1-94fe-25ba39ebf1f4" xlink:to="loc_us-gaap_DeferredIncomeTaxExpenseBenefit_472866e6-78f6-11e1-94fe-25ba39ebf1f4" xlink:type="arc" />
    <loc xlink:href="http://xbrl.fasb.org/us-gaap/2012/elts/us-gaap-2012-01-31.xsd#us-gaap_AssetImpairmentCharges" xlink:label="loc_us-gaap_AssetImpairmentCharges_2ba9d292-78f6-11e1-94fe-25ba39ebf1f4" xlink:type="locator" />
    <calculationArc order="8" weight="1" xlink:arcrole="http://www.xbrl.org/2003/arcrole/summation-item" xlink:from="loc_us-gaap_NetCashProvidedByUsedInOperatingActivities_611fd732-78f6-11e1-94fe-25ba39ebf1f4" xlink:to="loc_us-gaap_AssetImpairmentCharges_2ba9d292-78f6-11e1-94fe-25ba39ebf1f4" xlink:type="arc" />
    <loc xlink:href="hgg-20121231.xsd#hgg_TenantInducementsFromLandlord" xlink:label="loc_hgg_TenantInducementsFromLandlord_fba43533-d743-bfca-32ab-424d87862c44" xlink:type="locator" />
    <calculationArc order="9" weight="1" xlink:arcrole="http://www.xbrl.org/2003/arcrole/summation-item" xlink:from="loc_us-gaap_NetCashProvidedByUsedInOperatingActivities_611fd732-78f6-11e1-94fe-25ba39ebf1f4" xlink:to="loc_hgg_TenantInducementsFromLandlord_fba43533-d743-bfca-32ab-424d87862c44" xlink:type="arc" />
    <loc xlink:href="http://xbrl.fasb.org/us-gaap/2012/elts/us-gaap-2012-01-31.xsd#us-gaap_IncreaseDecreaseInAccountsReceivable" xlink:label="loc_us-gaap_IncreaseDecreaseInAccountsReceivable_58ea018c-78f6-11e1-94fe-25ba39ebf1f4" xlink:type="locator" />
    <calculationArc order="10" weight="-1" xlink:arcrole="http://www.xbrl.org/2003/arcrole/summation-item" xlink:from="loc_us-gaap_NetCashProvidedByUsedInOperatingActivities_611fd732-78f6-11e1-94fe-25ba39ebf1f4" xlink:to="loc_us-gaap_IncreaseDecreaseInAccountsReceivable_58ea018c-78f6-11e1-94fe-25ba39ebf1f4" xlink:type="arc" />
    <loc xlink:href="http://xbrl.fasb.org/us-gaap/2012/elts/us-gaap-2012-01-31.xsd#us-gaap_IncreaseDecreaseInOtherReceivables" xlink:label="loc_us-gaap_IncreaseDecreaseInOtherReceivables_5947c150-78f6-11e1-94fe-25ba39ebf1f4" xlink:type="locator" />
    <calculationArc order="11" weight="-1" xlink:arcrole="http://www.xbrl.org/2003/arcrole/summation-item" xlink:from="loc_us-gaap_NetCashProvidedByUsedInOperatingActivities_611fd732-78f6-11e1-94fe-25ba39ebf1f4" xlink:to="loc_us-gaap_IncreaseDecreaseInOtherReceivables_5947c150-78f6-11e1-94fe-25ba39ebf1f4" xlink:type="arc" />
    <loc xlink:href="http://xbrl.fasb.org/us-gaap/2012/elts/us-gaap-2012-01-31.xsd#us-gaap_IncreaseDecreaseInInventories" xlink:label="loc_us-gaap_IncreaseDecreaseInInventories_5962f3b2-78f6-11e1-94fe-25ba39ebf1f4" xlink:type="locator" />
    <calculationArc order="12" weight="-1" xlink:arcrole="http://www.xbrl.org/2003/arcrole/summation-item" xlink:from="loc_us-gaap_NetCashProvidedByUsedInOperatingActivities_611fd732-78f6-11e1-94fe-25ba39ebf1f4" xlink:to="loc_us-gaap_IncreaseDecreaseInInventories_5962f3b2-78f6-11e1-94fe-25ba39ebf1f4" xlink:type="arc" />
    <loc xlink:href="http://xbrl.fasb.org/us-gaap/2012/elts/us-gaap-2012-01-31.xsd#us-gaap_IncreaseDecreaseInIncomeTaxesReceivable" xlink:label="loc_us-gaap_IncreaseDecreaseInIncomeTaxesReceivable_5953713a-78f6-11e1-94fe-25ba39ebf1f4" xlink:type="locator" />
    <calculationArc order="13" weight="-1" xlink:arcrole="http://www.xbrl.org/2003/arcrole/summation-item" xlink:from="loc_us-gaap_NetCashProvidedByUsedInOperatingActivities_611fd732-78f6-11e1-94fe-25ba39ebf1f4" xlink:to="loc_us-gaap_IncreaseDecreaseInIncomeTaxesReceivable_5953713a-78f6-11e1-94fe-25ba39ebf1f4" xlink:type="arc" />
    <loc xlink:href="http://xbrl.fasb.org/us-gaap/2012/elts/us-gaap-2012-01-31.xsd#us-gaap_IncreaseDecreaseInPrepaidDeferredExpenseAndOtherAssets" xlink:label="loc_us-gaap_IncreaseDecreaseInPrepaidDeferredExpenseAndOtherAssets_595df15a-78f6-11e1-94fe-25ba39ebf1f4" xlink:type="locator" />
    <calculationArc order="14" weight="-1" xlink:arcrole="http://www.xbrl.org/2003/arcrole/summation-item" xlink:from="loc_us-gaap_NetCashProvidedByUsedInOperatingActivities_611fd732-78f6-11e1-94fe-25ba39ebf1f4" xlink:to="loc_us-gaap_IncreaseDecreaseInPrepaidDeferredExpenseAndOtherAssets_595df15a-78f6-11e1-94fe-25ba39ebf1f4" xlink:type="arc" />
    <loc xlink:href="http://xbrl.fasb.org/us-gaap/2012/elts/us-gaap-2012-01-31.xsd#us-gaap_IncreaseDecreaseInAccountsPayable" xlink:label="loc_us-gaap_IncreaseDecreaseInAccountsPayable_58a5226a-78f6-11e1-94fe-25ba39ebf1f4" xlink:type="locator" />
    <calculationArc order="15" weight="1" xlink:arcrole="http://www.xbrl.org/2003/arcrole/summation-item" xlink:from="loc_us-gaap_NetCashProvidedByUsedInOperatingActivities_611fd732-78f6-11e1-94fe-25ba39ebf1f4" xlink:to="loc_us-gaap_IncreaseDecreaseInAccountsPayable_58a5226a-78f6-11e1-94fe-25ba39ebf1f4" xlink:type="arc" />
    <loc xlink:href="http://xbrl.fasb.org/us-gaap/2012/elts/us-gaap-2012-01-31.xsd#us-gaap_IncreaseDecreaseInCustomerDeposits" xlink:label="loc_us-gaap_IncreaseDecreaseInCustomerDeposits_5886f90c-78f6-11e1-94fe-25ba39ebf1f4" xlink:type="locator" />
    <calculationArc order="16" weight="1" xlink:arcrole="http://www.xbrl.org/2003/arcrole/summation-item" xlink:from="loc_us-gaap_NetCashProvidedByUsedInOperatingActivities_611fd732-78f6-11e1-94fe-25ba39ebf1f4" xlink:to="loc_us-gaap_IncreaseDecreaseInCustomerDeposits_5886f90c-78f6-11e1-94fe-25ba39ebf1f4" xlink:type="arc" />
    <loc xlink:href="http://xbrl.fasb.org/us-gaap/2012/elts/us-gaap-2012-01-31.xsd#us-gaap_IncreaseDecreaseInAccruedLiabilities" xlink:label="loc_us-gaap_IncreaseDecreaseInAccruedLiabilities_58c61cea-78f6-11e1-94fe-25ba39ebf1f4" xlink:type="locator" />
    <calculationArc order="17" weight="1" xlink:arcrole="http://www.xbrl.org/2003/arcrole/summation-item" xlink:from="loc_us-gaap_NetCashProvidedByUsedInOperatingActivities_611fd732-78f6-11e1-94fe-25ba39ebf1f4" xlink:to="loc_us-gaap_IncreaseDecreaseInAccruedLiabilities_58c61cea-78f6-11e1-94fe-25ba39ebf1f4" xlink:type="arc" />
    <loc xlink:href="http://xbrl.fasb.org/us-gaap/2012/elts/us-gaap-2012-01-31.xsd#us-gaap_IncreaseDecreaseInOtherDeferredLiability" xlink:label="loc_us-gaap_IncreaseDecreaseInOtherDeferredLiability_5936d12e-78f6-11e1-94fe-25ba39ebf1f4" xlink:type="locator" />
    <calculationArc order="18" weight="1" xlink:arcrole="http://www.xbrl.org/2003/arcrole/summation-item" xlink:from="loc_us-gaap_NetCashProvidedByUsedInOperatingActivities_611fd732-78f6-11e1-94fe-25ba39ebf1f4" xlink:to="loc_us-gaap_IncreaseDecreaseInOtherDeferredLiability_5936d12e-78f6-11e1-94fe-25ba39ebf1f4" xlink:type="arc" />
    <loc xlink:href="http://xbrl.fasb.org/us-gaap/2012/elts/us-gaap-2012-01-31.xsd#us-gaap_IncreaseDecreaseInOtherNoncurrentLiabilities" xlink:label="loc_us-gaap_IncreaseDecreaseInOtherNoncurrentLiabilities_58e51460-78f6-11e1-94fe-25ba39ebf1f4" xlink:type="locator" />
    <calculationArc order="19" weight="1" xlink:arcrole="http://www.xbrl.org/2003/arcrole/summation-item" xlink:from="loc_us-gaap_NetCashProvidedByUsedInOperatingActivities_611fd732-78f6-11e1-94fe-25ba39ebf1f4" xlink:to="loc_us-gaap_IncreaseDecreaseInOtherNoncurrentLiabilities_58e51460-78f6-11e1-94fe-25ba39ebf1f4" xlink:type="arc" />
    <loc xlink:href="http://xbrl.fasb.org/us-gaap/2012/elts/us-gaap-2012-01-31.xsd#us-gaap_NetCashProvidedByUsedInInvestingActivities" xlink:label="loc_us-gaap_NetCashProvidedByUsedInInvestingActivities_60ef698a-78f6-11e1-94fe-25ba39ebf1f4" xlink:type="locator" />
    <calculationArc order="2" weight="1" xlink:arcrole="http://www.xbrl.org/2003/arcrole/summation-item" xlink:from="loc_us-gaap_CashAndCashEquivalentsPeriodIncreaseDecrease_31a4213e-78f6-11e1-94fe-25ba39ebf1f4" xlink:to="loc_us-gaap_NetCashProvidedByUsedInInvestingActivities_60ef698a-78f6-11e1-94fe-25ba39ebf1f4" xlink:type="arc" />
    <loc xlink:href="http://xbrl.fasb.org/us-gaap/2012/elts/us-gaap-2012-01-31.xsd#us-gaap_PaymentsToAcquirePropertyPlantAndEquipment" xlink:label="loc_us-gaap_PaymentsToAcquirePropertyPlantAndEquipment_651f66f4-78f6-11e1-94fe-25ba39ebf1f4" xlink:type="locator" />
    <calculationArc order="1" weight="-1" xlink:arcrole="http://www.xbrl.org/2003/arcrole/summation-item" xlink:from="loc_us-gaap_NetCashProvidedByUsedInInvestingActivities_60ef698a-78f6-11e1-94fe-25ba39ebf1f4" xlink:to="loc_us-gaap_PaymentsToAcquirePropertyPlantAndEquipment_651f66f4-78f6-11e1-94fe-25ba39ebf1f4" xlink:type="arc" />
    <loc xlink:href="http://xbrl.fasb.org/us-gaap/2012/elts/us-gaap-2012-01-31.xsd#us-gaap_ProceedsFromSaleOfPropertyPlantAndEquipment" xlink:label="loc_us-gaap_ProceedsFromSaleOfPropertyPlantAndEquipment_676ee9de-78f6-11e1-94fe-25ba39ebf1f4" xlink:type="locator" />
    <calculationArc order="2" weight="1" xlink:arcrole="http://www.xbrl.org/2003/arcrole/summation-item" xlink:from="loc_us-gaap_NetCashProvidedByUsedInInvestingActivities_60ef698a-78f6-11e1-94fe-25ba39ebf1f4" xlink:to="loc_us-gaap_ProceedsFromSaleOfPropertyPlantAndEquipment_676ee9de-78f6-11e1-94fe-25ba39ebf1f4" xlink:type="arc" />
    <loc xlink:href="http://xbrl.fasb.org/us-gaap/2012/elts/us-gaap-2012-01-31.xsd#us-gaap_NetCashProvidedByUsedInFinancingActivities" xlink:label="loc_us-gaap_NetCashProvidedByUsedInFinancingActivities_60f52a96-78f6-11e1-94fe-25ba39ebf1f4" xlink:type="locator" />
    <calculationArc order="3" weight="1" xlink:arcrole="http://www.xbrl.org/2003/arcrole/summation-item" xlink:from="loc_us-gaap_CashAndCashEquivalentsPeriodIncreaseDecrease_31a4213e-78f6-11e1-94fe-25ba39ebf1f4" xlink:to="loc_us-gaap_NetCashProvidedByUsedInFinancingActivities_60f52a96-78f6-11e1-94fe-25ba39ebf1f4" xlink:type="arc" />
    <loc xlink:href="http://xbrl.fasb.org/us-gaap/2012/elts/us-gaap-2012-01-31.xsd#us-gaap_PaymentsForRepurchaseOfCommonStock" xlink:label="loc_us-gaap_PaymentsForRepurchaseOfCommonStock_651668c4-78f6-11e1-94fe-25ba39ebf1f4" xlink:type="locator" />
    <calculationArc order="1" weight="-1" xlink:arcrole="http://www.xbrl.org/2003/arcrole/summation-item" xlink:from="loc_us-gaap_NetCashProvidedByUsedInFinancingActivities_60f52a96-78f6-11e1-94fe-25ba39ebf1f4" xlink:to="loc_us-gaap_PaymentsForRepurchaseOfCommonStock_651668c4-78f6-11e1-94fe-25ba39ebf1f4" xlink:type="arc" />
    <loc xlink:href="http://xbrl.fasb.org/us-gaap/2012/elts/us-gaap-2012-01-31.xsd#us-gaap_ProceedsFromStockOptionsExercised" xlink:label="loc_us-gaap_ProceedsFromStockOptionsExercised_67972912-78f6-11e1-94fe-25ba39ebf1f4" xlink:type="locator" />
    <calculationArc order="2" weight="1" xlink:arcrole="http://www.xbrl.org/2003/arcrole/summation-item" xlink:from="loc_us-gaap_NetCashProvidedByUsedInFinancingActivities_60f52a96-78f6-11e1-94fe-25ba39ebf1f4" xlink:to="loc_us-gaap_ProceedsFromStockOptionsExercised_67972912-78f6-11e1-94fe-25ba39ebf1f4" xlink:type="arc" />
    <loc xlink:href="http://xbrl.fasb.org/us-gaap/2012/elts/us-gaap-2012-01-31.xsd#us-gaap_ExcessTaxBenefitFromShareBasedCompensationFinancingActivities" xlink:label="loc_us-gaap_ExcessTaxBenefitFromShareBasedCompensationFinancingActivities_4f6b30fe-78f6-11e1-94fe-25ba39ebf1f4" xlink:type="locator" />
    <calculationArc order="3" weight="1" xlink:arcrole="http://www.xbrl.org/2003/arcrole/summation-item" xlink:from="loc_us-gaap_NetCashProvidedByUsedInFinancingActivities_60f52a96-78f6-11e1-94fe-25ba39ebf1f4" xlink:to="loc_us-gaap_ExcessTaxBenefitFromShareBasedCompensationFinancingActivities_4f6b30fe-78f6-11e1-94fe-25ba39ebf1f4" xlink:type="arc" />
    <loc xlink:href="http://xbrl.fasb.org/us-gaap/2012/elts/us-gaap-2012-01-31.xsd#us-gaap_ProceedsFromRepaymentsOfBankOverdrafts" xlink:label="loc_us-gaap_ProceedsFromRepaymentsOfBankOverdrafts_6713aeb6-78f6-11e1-94fe-25ba39ebf1f4" xlink:type="locator" />
    <calculationArc order="4" weight="1" xlink:arcrole="http://www.xbrl.org/2003/arcrole/summation-item" xlink:from="loc_us-gaap_NetCashProvidedByUsedInFinancingActivities_60f52a96-78f6-11e1-94fe-25ba39ebf1f4" xlink:to="loc_us-gaap_ProceedsFromRepaymentsOfBankOverdrafts_6713aeb6-78f6-11e1-94fe-25ba39ebf1f4" xlink:type="arc" />
    <loc xlink:href="http://xbrl.fasb.org/us-gaap/2012/elts/us-gaap-2012-01-31.xsd#us-gaap_ProceedsFromRepaymentsOfLinesOfCredit" xlink:label="loc_us-gaap_ProceedsFromRepaymentsOfLinesOfCredit_672b5f16-78f6-11e1-94fe-25ba39ebf1f4" xlink:type="locator" />
    <calculationArc order="5" weight="1" xlink:arcrole="http://www.xbrl.org/2003/arcrole/summation-item" xlink:from="loc_us-gaap_NetCashProvidedByUsedInFinancingActivities_60f52a96-78f6-11e1-94fe-25ba39ebf1f4" xlink:to="loc_us-gaap_ProceedsFromRepaymentsOfLinesOfCredit_672b5f16-78f6-11e1-94fe-25ba39ebf1f4" xlink:type="arc" />
    <loc xlink:href="hgg-20121231.xsd#hgg_ProceedsFromRepaymentsOfNetBorrowingsOnInventoryFinancingFacility" xlink:label="loc_hgg_ProceedsFromRepaymentsOfNetBorrowingsOnInventoryFinancingFacility_c1d0f4da-208d-822c-ad6e-424d8787ba40" xlink:type="locator" />
    <calculationArc order="6" weight="1" xlink:arcrole="http://www.xbrl.org/2003/arcrole/summation-item" xlink:from="loc_us-gaap_NetCashProvidedByUsedInFinancingActivities_60f52a96-78f6-11e1-94fe-25ba39ebf1f4" xlink:to="loc_hgg_ProceedsFromRepaymentsOfNetBorrowingsOnInventoryFinancingFacility_c1d0f4da-208d-822c-ad6e-424d8787ba40" xlink:type="arc" />
    <loc xlink:href="http://xbrl.fasb.org/us-gaap/2012/elts/us-gaap-2012-01-31.xsd#us-gaap_PaymentsOfFinancingCosts" xlink:label="loc_us-gaap_PaymentsOfFinancingCosts_6561fbae-78f6-11e1-94fe-25ba39ebf1f4" xlink:type="locator" />
    <calculationArc order="7" weight="-1" xlink:arcrole="http://www.xbrl.org/2003/arcrole/summation-item" xlink:from="loc_us-gaap_NetCashProvidedByUsedInFinancingActivities_60f52a96-78f6-11e1-94fe-25ba39ebf1f4" xlink:to="loc_us-gaap_PaymentsOfFinancingCosts_6561fbae-78f6-11e1-94fe-25ba39ebf1f4" xlink:type="arc" />
    <loc xlink:href="http://xbrl.fasb.org/us-gaap/2012/elts/us-gaap-2012-01-31.xsd#us-gaap_ProceedsFromRelatedPartyDebt" xlink:label="loc_us-gaap_ProceedsFromRelatedPartyDebt_6746f29e-78f6-11e1-94fe-25ba39ebf1f4" xlink:type="locator" />
    <calculationArc order="8" weight="1" xlink:arcrole="http://www.xbrl.org/2003/arcrole/summation-item" xlink:from="loc_us-gaap_NetCashProvidedByUsedInFinancingActivities_60f52a96-78f6-11e1-94fe-25ba39ebf1f4" xlink:to="loc_us-gaap_ProceedsFromRelatedPartyDebt_6746f29e-78f6-11e1-94fe-25ba39ebf1f4" xlink:type="arc" />
  </calculationLink>
  <calculationLink xlink:role="http://www.hhgregg.com/role/CondensedConsolidatedStatementsOfOperations" xlink:type="extended">
    <loc xlink:href="http://xbrl.fasb.org/us-gaap/2012/elts/us-gaap-2012-01-31.xsd#us-gaap_NetIncomeLoss" xlink:label="loc_us-gaap_NetIncomeLoss_611bec6c-78f6-11e1-94fe-25ba39ebf1f4" xlink:type="locator" />
    <loc xlink:href="http://xbrl.fasb.org/us-gaap/2012/elts/us-gaap-2012-01-31.xsd#us-gaap_IncomeLossFromContinuingOperationsBeforeIncomeTaxesMinorityInterestAndIncomeLossFromEquityMethodInvestments" xlink:label="loc_us-gaap_IncomeLossFromContinuingOperationsBeforeIncomeTaxesMinorityInterestAndIncomeLossFromEquityMethodInvestments_5817da40-78f6-11e1-94fe-25ba39ebf1f4" xlink:type="locator" />
    <calculationArc order="1" weight="1" xlink:arcrole="http://www.xbrl.org/2003/arcrole/summation-item" xlink:from="loc_us-gaap_NetIncomeLoss_611bec6c-78f6-11e1-94fe-25ba39ebf1f4" xlink:to="loc_us-gaap_IncomeLossFromContinuingOperationsBeforeIncomeTaxesMinorityInterestAndIncomeLossFromEquityMethodInvestments_5817da40-78f6-11e1-94fe-25ba39ebf1f4" xlink:type="arc" />
    <loc xlink:href="http://xbrl.fasb.org/us-gaap/2012/elts/us-gaap-2012-01-31.xsd#us-gaap_OperatingIncomeLoss" xlink:label="loc_us-gaap_OperatingIncomeLoss_624609ec-78f6-11e1-94fe-25ba39ebf1f4" xlink:type="locator" />
    <calculationArc order="1" weight="1" xlink:arcrole="http://www.xbrl.org/2003/arcrole/summation-item" xlink:from="loc_us-gaap_IncomeLossFromContinuingOperationsBeforeIncomeTaxesMinorityInterestAndIncomeLossFromEquityMethodInvestments_5817da40-78f6-11e1-94fe-25ba39ebf1f4" xlink:to="loc_us-gaap_OperatingIncomeLoss_624609ec-78f6-11e1-94fe-25ba39ebf1f4" xlink:type="arc" />
    <loc xlink:href="http://xbrl.fasb.org/us-gaap/2012/elts/us-gaap-2012-01-31.xsd#us-gaap_GrossProfit" xlink:label="loc_us-gaap_GrossProfit_56a7c864-78f6-11e1-94fe-25ba39ebf1f4" xlink:type="locator" />
    <calculationArc order="1" weight="1" xlink:arcrole="http://www.xbrl.org/2003/arcrole/summation-item" xlink:from="loc_us-gaap_OperatingIncomeLoss_624609ec-78f6-11e1-94fe-25ba39ebf1f4" xlink:to="loc_us-gaap_GrossProfit_56a7c864-78f6-11e1-94fe-25ba39ebf1f4" xlink:type="arc" />
    <loc xlink:href="http://xbrl.fasb.org/us-gaap/2012/elts/us-gaap-2012-01-31.xsd#us-gaap_SalesRevenueNet" xlink:label="loc_us-gaap_SalesRevenueNet_6c24eb22-78f6-11e1-94fe-25ba39ebf1f4" xlink:type="locator" />
    <calculationArc order="1" weight="1" xlink:arcrole="http://www.xbrl.org/2003/arcrole/summation-item" xlink:from="loc_us-gaap_GrossProfit_56a7c864-78f6-11e1-94fe-25ba39ebf1f4" xlink:to="loc_us-gaap_SalesRevenueNet_6c24eb22-78f6-11e1-94fe-25ba39ebf1f4" xlink:type="arc" />
    <loc xlink:href="http://xbrl.fasb.org/us-gaap/2012/elts/us-gaap-2012-01-31.xsd#us-gaap_CostOfGoodsSold" xlink:label="loc_us-gaap_CostOfGoodsSold_40414a32-78f6-11e1-94fe-25ba39ebf1f4" xlink:type="locator" />
    <calculationArc order="2" weight="-1" xlink:arcrole="http://www.xbrl.org/2003/arcrole/summation-item" xlink:from="loc_us-gaap_GrossProfit_56a7c864-78f6-11e1-94fe-25ba39ebf1f4" xlink:to="loc_us-gaap_CostOfGoodsSold_40414a32-78f6-11e1-94fe-25ba39ebf1f4" xlink:type="arc" />
    <loc xlink:href="http://xbrl.fasb.org/us-gaap/2012/elts/us-gaap-2012-01-31.xsd#us-gaap_SellingGeneralAndAdministrativeExpense" xlink:label="loc_us-gaap_SellingGeneralAndAdministrativeExpense_6e581cc0-78f6-11e1-94fe-25ba39ebf1f4" xlink:type="locator" />
    <calculationArc order="2" weight="-1" xlink:arcrole="http://www.xbrl.org/2003/arcrole/summation-item" xlink:from="loc_us-gaap_OperatingIncomeLoss_624609ec-78f6-11e1-94fe-25ba39ebf1f4" xlink:to="loc_us-gaap_SellingGeneralAndAdministrativeExpense_6e581cc0-78f6-11e1-94fe-25ba39ebf1f4" xlink:type="arc" />
    <loc xlink:href="http://xbrl.fasb.org/us-gaap/2012/elts/us-gaap-2012-01-31.xsd#us-gaap_AdvertisingExpense" xlink:label="loc_us-gaap_AdvertisingExpense_2a47af3c-78f6-11e1-94fe-25ba39ebf1f4" xlink:type="locator" />
    <calculationArc order="3" weight="-1" xlink:arcrole="http://www.xbrl.org/2003/arcrole/summation-item" xlink:from="loc_us-gaap_OperatingIncomeLoss_624609ec-78f6-11e1-94fe-25ba39ebf1f4" xlink:to="loc_us-gaap_AdvertisingExpense_2a47af3c-78f6-11e1-94fe-25ba39ebf1f4" xlink:type="arc" />
    <loc xlink:href="http://xbrl.fasb.org/us-gaap/2012/elts/us-gaap-2012-01-31.xsd#us-gaap_DepreciationAndAmortization" xlink:label="loc_us-gaap_DepreciationAndAmortization_48adbdfe-78f6-11e1-94fe-25ba39ebf1f4" xlink:type="locator" />
    <calculationArc order="4" weight="-1" xlink:arcrole="http://www.xbrl.org/2003/arcrole/summation-item" xlink:from="loc_us-gaap_OperatingIncomeLoss_624609ec-78f6-11e1-94fe-25ba39ebf1f4" xlink:to="loc_us-gaap_DepreciationAndAmortization_48adbdfe-78f6-11e1-94fe-25ba39ebf1f4" xlink:type="arc" />
    <loc xlink:href="http://xbrl.fasb.org/us-gaap/2012/elts/us-gaap-2012-01-31.xsd#us-gaap_AssetImpairmentCharges" xlink:label="loc_us-gaap_AssetImpairmentCharges_2ba9d292-78f6-11e1-94fe-25ba39ebf1f4" xlink:type="locator" />
    <calculationArc order="5" weight="-1" xlink:arcrole="http://www.xbrl.org/2003/arcrole/summation-item" xlink:from="loc_us-gaap_OperatingIncomeLoss_624609ec-78f6-11e1-94fe-25ba39ebf1f4" xlink:to="loc_us-gaap_AssetImpairmentCharges_2ba9d292-78f6-11e1-94fe-25ba39ebf1f4" xlink:type="arc" />
    <loc xlink:href="http://xbrl.fasb.org/us-gaap/2012/elts/us-gaap-2012-01-31.xsd#us-gaap_NonoperatingIncomeExpense" xlink:label="loc_us-gaap_NonoperatingIncomeExpense_61886f4a-78f6-11e1-94fe-25ba39ebf1f4" xlink:type="locator" />
    <calculationArc order="2" weight="1" xlink:arcrole="http://www.xbrl.org/2003/arcrole/summation-item" xlink:from="loc_us-gaap_IncomeLossFromContinuingOperationsBeforeIncomeTaxesMinorityInterestAndIncomeLossFromEquityMethodInvestments_5817da40-78f6-11e1-94fe-25ba39ebf1f4" xlink:to="loc_us-gaap_NonoperatingIncomeExpense_61886f4a-78f6-11e1-94fe-25ba39ebf1f4" xlink:type="arc" />
    <loc xlink:href="http://xbrl.fasb.org/us-gaap/2012/elts/us-gaap-2012-01-31.xsd#us-gaap_InterestExpense" xlink:label="loc_us-gaap_InterestExpense_5a4444fc-78f6-11e1-94fe-25ba39ebf1f4" xlink:type="locator" />
    <calculationArc order="1" weight="-1" xlink:arcrole="http://www.xbrl.org/2003/arcrole/summation-item" xlink:from="loc_us-gaap_NonoperatingIncomeExpense_61886f4a-78f6-11e1-94fe-25ba39ebf1f4" xlink:to="loc_us-gaap_InterestExpense_5a4444fc-78f6-11e1-94fe-25ba39ebf1f4" xlink:type="arc" />
    <loc xlink:href="http://xbrl.fasb.org/us-gaap/2012/elts/us-gaap-2012-01-31.xsd#us-gaap_InvestmentIncomeInterest" xlink:label="loc_us-gaap_InvestmentIncomeInterest_5b31f800-78f6-11e1-94fe-25ba39ebf1f4" xlink:type="locator" />
    <calculationArc order="2" weight="1" xlink:arcrole="http://www.xbrl.org/2003/arcrole/summation-item" xlink:from="loc_us-gaap_NonoperatingIncomeExpense_61886f4a-78f6-11e1-94fe-25ba39ebf1f4" xlink:to="loc_us-gaap_InvestmentIncomeInterest_5b31f800-78f6-11e1-94fe-25ba39ebf1f4" xlink:type="arc" />
    <loc xlink:href="http://xbrl.fasb.org/us-gaap/2012/elts/us-gaap-2012-01-31.xsd#us-gaap_IncomeTaxExpenseBenefit" xlink:label="loc_us-gaap_IncomeTaxExpenseBenefit_584ce050-78f6-11e1-94fe-25ba39ebf1f4" xlink:type="locator" />
    <calculationArc order="2" weight="-1" xlink:arcrole="http://www.xbrl.org/2003/arcrole/summation-item" xlink:from="loc_us-gaap_NetIncomeLoss_611bec6c-78f6-11e1-94fe-25ba39ebf1f4" xlink:to="loc_us-gaap_IncomeTaxExpenseBenefit_584ce050-78f6-11e1-94fe-25ba39ebf1f4" xlink:type="arc" />
  </calculationLink>
  <calculationLink xlink:role="http://www.hhgregg.com/role/Debt" xlink:type="extended" />
  <calculationLink xlink:role="http://www.hhgregg.com/role/DebtAdditionalInformationDetails" xlink:type="extended" />
  <calculationLink xlink:role="http://www.hhgregg.com/role/DebtSummaryOfDebtDetails" xlink:type="extended" />
  <calculationLink xlink:role="http://www.hhgregg.com/role/DebtTables" xlink:type="extended" />
  <calculationLink xlink:role="http://www.hhgregg.com/role/DocumentAndEntityInformation" xlink:type="extended" />
  <calculationLink xlink:role="http://www.hhgregg.com/role/FairValueMeasurements" xlink:type="extended" />
  <calculationLink xlink:role="http://www.hhgregg.com/role/FairValueMeasurementsDetails" xlink:type="extended">
    <loc xlink:href="hgg-20121231.xsd#hgg_AssetCarryingValueBeforeImpairment" xlink:label="loc_hgg_AssetCarryingValueBeforeImpairment_5b2de9b0-618d-11e2-a043-12313d1f36c6" xlink:type="locator" />
    <loc xlink:href="http://xbrl.fasb.org/us-gaap/2012/elts/us-gaap-2012-01-31.xsd#us-gaap_AssetImpairmentCharges" xlink:label="loc_us-gaap_AssetImpairmentCharges_2ba9d292-78f6-11e1-94fe-25ba39ebf1f4" xlink:type="locator" />
    <calculationArc order="1" weight="1" xlink:arcrole="http://www.xbrl.org/2003/arcrole/summation-item" xlink:from="loc_hgg_AssetCarryingValueBeforeImpairment_5b2de9b0-618d-11e2-a043-12313d1f36c6" xlink:to="loc_us-gaap_AssetImpairmentCharges_2ba9d292-78f6-11e1-94fe-25ba39ebf1f4" xlink:type="arc" />
    <loc xlink:href="hgg-20121231.xsd#hgg_AssetCarryingValueAfterImpairment" xlink:label="loc_hgg_AssetCarryingValueAfterImpairment_71f16e06-618d-11e2-a043-12313d1f36c6" xlink:type="locator" />
    <calculationArc order="2" weight="1" xlink:arcrole="http://www.xbrl.org/2003/arcrole/summation-item" xlink:from="loc_hgg_AssetCarryingValueBeforeImpairment_5b2de9b0-618d-11e2-a043-12313d1f36c6" xlink:to="loc_hgg_AssetCarryingValueAfterImpairment_71f16e06-618d-11e2-a043-12313d1f36c6" xlink:type="arc" />
  </calculationLink>
  <calculationLink xlink:role="http://www.hhgregg.com/role/FairValueMeasurementsTables" xlink:type="extended" />
  <calculationLink xlink:role="http://www.hhgregg.com/role/Inventories" xlink:type="extended" />
  <calculationLink xlink:role="http://www.hhgregg.com/role/InventoriesDetails" xlink:type="extended" />
  <calculationLink xlink:role="http://www.hhgregg.com/role/InventoriesTables" xlink:type="extended" />
  <calculationLink xlink:role="http://www.hhgregg.com/role/NetIncomeLossPerShare" xlink:type="extended" />
  <calculationLink xlink:role="http://www.hhgregg.com/role/NetIncomeLossPerShareAdditionalInformationDetails" xlink:type="extended" />
  <calculationLink xlink:role="http://www.hhgregg.com/role/NetIncomeLossPerShareDetails" xlink:type="extended">
    <loc xlink:href="http://xbrl.fasb.org/us-gaap/2012/elts/us-gaap-2012-01-31.xsd#us-gaap_WeightedAverageNumberOfDilutedSharesOutstanding" xlink:label="loc_us-gaap_WeightedAverageNumberOfDilutedSharesOutstanding_741fe8a4-78f6-11e1-94fe-25ba39ebf1f4" xlink:type="locator" />
    <loc xlink:href="http://xbrl.fasb.org/us-gaap/2012/elts/us-gaap-2012-01-31.xsd#us-gaap_WeightedAverageNumberOfSharesOutstandingBasic" xlink:label="loc_us-gaap_WeightedAverageNumberOfSharesOutstandingBasic_7416e4b6-78f6-11e1-94fe-25ba39ebf1f4" xlink:type="locator" />
    <calculationArc order="1" weight="1" xlink:arcrole="http://www.xbrl.org/2003/arcrole/summation-item" xlink:from="loc_us-gaap_WeightedAverageNumberOfDilutedSharesOutstanding_741fe8a4-78f6-11e1-94fe-25ba39ebf1f4" xlink:to="loc_us-gaap_WeightedAverageNumberOfSharesOutstandingBasic_7416e4b6-78f6-11e1-94fe-25ba39ebf1f4" xlink:type="arc" />
    <loc xlink:href="http://xbrl.fasb.org/us-gaap/2012/elts/us-gaap-2012-01-31.xsd#us-gaap_WeightedAverageNumberDilutedSharesOutstandingAdjustment" xlink:label="loc_us-gaap_WeightedAverageNumberDilutedSharesOutstandingAdjustment_7442f1b4-78f6-11e1-94fe-25ba39ebf1f4" xlink:type="locator" />
    <calculationArc order="2" weight="1" xlink:arcrole="http://www.xbrl.org/2003/arcrole/summation-item" xlink:from="loc_us-gaap_WeightedAverageNumberOfDilutedSharesOutstanding_741fe8a4-78f6-11e1-94fe-25ba39ebf1f4" xlink:to="loc_us-gaap_WeightedAverageNumberDilutedSharesOutstandingAdjustment_7442f1b4-78f6-11e1-94fe-25ba39ebf1f4" xlink:type="arc" />
  </calculationLink>
  <calculationLink xlink:role="http://www.hhgregg.com/role/NetIncomeLossPerShareTables" xlink:type="extended" />
  <calculationLink xlink:role="http://www.hhgregg.com/role/PropertyAndEquipment" xlink:type="extended" />
  <calculationLink xlink:role="http://www.hhgregg.com/role/PropertyAndEquipmentDetails" xlink:type="extended">
    <loc xlink:href="http://xbrl.fasb.org/us-gaap/2012/elts/us-gaap-2012-01-31.xsd#us-gaap_PropertyPlantAndEquipmentNet" xlink:label="loc_us-gaap_PropertyPlantAndEquipmentNet_683dcad8-78f6-11e1-94fe-25ba39ebf1f4" xlink:type="locator" />
    <loc xlink:href="http://xbrl.fasb.org/us-gaap/2012/elts/us-gaap-2012-01-31.xsd#us-gaap_PropertyPlantAndEquipmentGross" xlink:label="loc_us-gaap_PropertyPlantAndEquipmentGross_683f0542-78f6-11e1-94fe-25ba39ebf1f4" xlink:type="locator" />
    <calculationArc order="1" weight="1" xlink:arcrole="http://www.xbrl.org/2003/arcrole/summation-item" xlink:from="loc_us-gaap_PropertyPlantAndEquipmentNet_683dcad8-78f6-11e1-94fe-25ba39ebf1f4" xlink:to="loc_us-gaap_PropertyPlantAndEquipmentGross_683f0542-78f6-11e1-94fe-25ba39ebf1f4" xlink:type="arc" />
    <loc xlink:href="http://xbrl.fasb.org/us-gaap/2012/elts/us-gaap-2012-01-31.xsd#us-gaap_AccumulatedDepreciationDepletionAndAmortizationPropertyPlantAndEquipment" xlink:label="loc_us-gaap_AccumulatedDepreciationDepletionAndAmortizationPropertyPlantAndEquipment_29bfb410-78f6-11e1-94fe-25ba39ebf1f4" xlink:type="locator" />
    <calculationArc order="2" weight="-1" xlink:arcrole="http://www.xbrl.org/2003/arcrole/summation-item" xlink:from="loc_us-gaap_PropertyPlantAndEquipmentNet_683dcad8-78f6-11e1-94fe-25ba39ebf1f4" xlink:to="loc_us-gaap_AccumulatedDepreciationDepletionAndAmortizationPropertyPlantAndEquipment_29bfb410-78f6-11e1-94fe-25ba39ebf1f4" xlink:type="arc" />
  </calculationLink>
  <calculationLink xlink:role="http://www.hhgregg.com/role/PropertyAndEquipmentTables" xlink:type="extended" />
  <calculationLink xlink:role="http://www.hhgregg.com/role/ShareRepurchaseProgram" xlink:type="extended" />
  <calculationLink xlink:role="http://www.hhgregg.com/role/ShareRepurchaseProgramAdditionalInformationDetails" xlink:type="extended" />
  <calculationLink xlink:role="http://www.hhgregg.com/role/ShareRepurchaseProgramNumberAndCostOfShareRepurchasedDetails" xlink:type="extended" />
  <calculationLink xlink:role="http://www.hhgregg.com/role/ShareRepurchaseProgramTables" xlink:type="extended" />
  <calculationLink xlink:role="http://www.hhgregg.com/role/StockBasedCompensation" xlink:type="extended" />
  <calculationLink xlink:role="http://www.hhgregg.com/role/StockBasedCompensationAdditionalInformationDetails" xlink:type="extended" />
  <calculationLink xlink:role="http://www.hhgregg.com/role/StockBasedCompensationBlackScholesModelWeightedAverageAssumptionsDetails" xlink:type="extended" />
  <calculationLink xlink:role="http://www.hhgregg.com/role/StockBasedCompensationSummaryOfRsuVestingActivityDetails" xlink:type="extended" />
  <calculationLink xlink:role="http://www.hhgregg.com/role/StockBasedCompensationSummaryOfStockOptionPlansActivityDetails" xlink:type="extended" />
  <calculationLink xlink:role="http://www.hhgregg.com/role/StockBasedCompensationTables" xlink:type="extended" />
  <calculationLink xlink:role="http://www.hhgregg.com/role/StockholdersEquity" xlink:type="extended" />
  <calculationLink xlink:role="http://www.hhgregg.com/role/StockholdersEquityDetails" xlink:type="extended" />
  <calculationLink xlink:role="http://www.hhgregg.com/role/SummaryOfSignificantAccountingPolicies" xlink:type="extended" />
  <calculationLink xlink:role="http://www.hhgregg.com/role/SummaryOfSignificantAccountingPoliciesDetails" xlink:type="extended" />
  <calculationLink xlink:role="http://www.hhgregg.com/role/SummaryOfSignificantAccountingPoliciesPolicies" xlink:type="extended" />
</linkbase>
