<?xml version="1.0" encoding="us-ascii"?>
<!-- Created by Merrill Corporation -->
<!-- Generated by Fujitsu Interstage XWand B0166_M01 -->
<!--Generated by IRIS XBRL Generation Engine-->
<link:linkbase xsi:schemaLocation="http://www.xbrl.org/2003/linkbase http://www.xbrl.org/2003/xbrl-linkbase-2003-12-31.xsd" xmlns:link="http://www.xbrl.org/2003/linkbase" xmlns:xsi="http://www.w3.org/2001/XMLSchema-instance" xmlns:xlink="http://www.w3.org/1999/xlink" xmlns:xbrli="http://www.xbrl.org/2003/instance" xmlns:xbrldt="http://xbrl.org/2005/xbrldt">
  <link:roleRef roleURI="http://www.encision.com/role/DisclosureRelatedPartyTransactionsDetails" xlink:type="simple" xlink:href="ecia-20121231.xsd#DisclosureRelatedPartyTransactionsDetails" />
  <link:roleRef roleURI="http://www.encision.com/role/DisclosureShareBasedCompensationDetails" xlink:type="simple" xlink:href="ecia-20121231.xsd#DisclosureShareBasedCompensationDetails" />
  <link:roleRef roleURI="http://www.encision.com/role/DisclosureCommitmentsAndContingenciesTables" xlink:type="simple" xlink:href="ecia-20121231.xsd#DisclosureCommitmentsAndContingenciesTables" />
  <link:roleRef roleURI="http://www.encision.com/role/DisclosureCommitmentsAndContingenciesDetails" xlink:type="simple" xlink:href="ecia-20121231.xsd#DisclosureCommitmentsAndContingenciesDetails" />
  <link:roleRef roleURI="http://www.encision.com/role/DisclosureSummaryOfSignificantAccountingPoliciesDetails" xlink:type="simple" xlink:href="ecia-20121231.xsd#DisclosureSummaryOfSignificantAccountingPoliciesDetails" />
  <link:roleRef roleURI="http://www.encision.com/role/DisclosureSummaryOfSignificantAccountingPoliciesDetails2" xlink:type="simple" xlink:href="ecia-20121231.xsd#DisclosureSummaryOfSignificantAccountingPoliciesDetails2" />
  <link:roleRef roleURI="http://www.encision.com/role/StatementOfStockholdersEquity" xlink:type="simple" xlink:href="ecia-20121231.xsd#StatementOfStockholdersEquity" />
  <link:arcroleRef arcroleURI="http://xbrl.org/int/dim/arcrole/all" xlink:type="simple" xlink:href="http://www.xbrl.org/2005/xbrldt-2005.xsd#all" />
  <link:arcroleRef arcroleURI="http://xbrl.org/int/dim/arcrole/dimension-domain" xlink:type="simple" xlink:href="http://www.xbrl.org/2005/xbrldt-2005.xsd#dimension-domain" />
  <link:arcroleRef arcroleURI="http://xbrl.org/int/dim/arcrole/domain-member" xlink:type="simple" xlink:href="http://www.xbrl.org/2005/xbrldt-2005.xsd#domain-member" />
  <link:arcroleRef arcroleURI="http://xbrl.org/int/dim/arcrole/hypercube-dimension" xlink:type="simple" xlink:href="http://www.xbrl.org/2005/xbrldt-2005.xsd#hypercube-dimension" />
  <link:arcroleRef arcroleURI="http://xbrl.org/int/dim/arcrole/dimension-default" xlink:type="simple" xlink:href="http://www.xbrl.org/2005/xbrldt-2005.xsd#dimension-default" />
  <link:definitionLink xlink:type="extended" xlink:role="http://www.encision.com/role/DisclosureRelatedPartyTransactionsDetails">
    <link:loc xlink:type="locator" xlink:href="http://xbrl.fasb.org/us-gaap/2012/elts/us-gaap-2012-01-31.xsd#us-gaap_RelatedPartyTransactionLineItems" xlink:label="RelatedPartyTransactionLineItems" xlink:title="RelatedPartyTransactionLineItems" />
    <link:loc xlink:type="locator" xlink:href="http://xbrl.fasb.org/us-gaap/2012/elts/us-gaap-2012-01-31.xsd#us-gaap_ScheduleOfRelatedPartyTransactionsByRelatedPartyTable" xlink:label="ScheduleOfRelatedPartyTransactionsByRelatedPartyTable" xlink:title="ScheduleOfRelatedPartyTransactionsByRelatedPartyTable" />
    <link:definitionArc xlink:type="arc" xlink:arcrole="http://xbrl.org/int/dim/arcrole/all" xlink:from="RelatedPartyTransactionLineItems" xlink:to="ScheduleOfRelatedPartyTransactionsByRelatedPartyTable" xlink:title="definition: RelatedPartyTransactionLineItems to ScheduleOfRelatedPartyTransactionsByRelatedPartyTable" use="optional" order="1.0" xbrldt:closed="true" xbrldt:contextElement="segment" />
    <link:loc xlink:type="locator" xlink:href="http://xbrl.fasb.org/us-gaap/2012/elts/us-gaap-2012-01-31.xsd#us-gaap_RelatedPartyTransactionsByRelatedPartyAxis" xlink:label="RelatedPartyTransactionsByRelatedPartyAxis" xlink:title="RelatedPartyTransactionsByRelatedPartyAxis" />
    <link:definitionArc xlink:type="arc" xlink:arcrole="http://xbrl.org/int/dim/arcrole/hypercube-dimension" xlink:from="ScheduleOfRelatedPartyTransactionsByRelatedPartyTable" xlink:to="RelatedPartyTransactionsByRelatedPartyAxis" xlink:title="definition: ScheduleOfRelatedPartyTransactionsByRelatedPartyTable to RelatedPartyTransactionsByRelatedPartyAxis" use="optional" order="1.0" />
    <link:loc xlink:type="locator" xlink:href="http://xbrl.fasb.org/us-gaap/2012/elts/us-gaap-2012-01-31.xsd#us-gaap_RelatedPartyDomain" xlink:label="RelatedPartyDomain" xlink:title="RelatedPartyDomain" />
    <link:definitionArc xlink:type="arc" xlink:arcrole="http://xbrl.org/int/dim/arcrole/dimension-domain" xlink:from="RelatedPartyTransactionsByRelatedPartyAxis" xlink:to="RelatedPartyDomain" xlink:title="definition: RelatedPartyTransactionsByRelatedPartyAxis to RelatedPartyDomain" use="optional" order="1.0" />
    <link:loc xlink:type="locator" xlink:href="http://xbrl.fasb.org/us-gaap/2012/elts/us-gaap-2012-01-31.xsd#us-gaap_RelatedPartyDomain" xlink:label="RelatedPartyDomain_2" xlink:title="RelatedPartyDomain" />
    <link:definitionArc xlink:type="arc" xlink:arcrole="http://xbrl.org/int/dim/arcrole/dimension-default" xlink:from="RelatedPartyTransactionsByRelatedPartyAxis" xlink:to="RelatedPartyDomain_2" xlink:title="definition: RelatedPartyTransactionsByRelatedPartyAxis to RelatedPartyDomain" use="optional" order="2.0" />
    <link:loc xlink:type="locator" xlink:href="ecia-20121231.xsd#ecia_DirectorOneMember" xlink:label="DirectorOneMember" xlink:title="DirectorOneMember" />
    <link:definitionArc xlink:type="arc" xlink:arcrole="http://xbrl.org/int/dim/arcrole/domain-member" xlink:from="RelatedPartyDomain" xlink:to="DirectorOneMember" xlink:title="definition: RelatedPartyDomain to DirectorOneMember" use="optional" order="1.0" />
    <link:loc xlink:type="locator" xlink:href="ecia-20121231.xsd#ecia_DirectorTwoMember" xlink:label="DirectorTwoMember" xlink:title="DirectorTwoMember" />
    <link:definitionArc xlink:type="arc" xlink:arcrole="http://xbrl.org/int/dim/arcrole/domain-member" xlink:from="RelatedPartyDomain" xlink:to="DirectorTwoMember" xlink:title="definition: RelatedPartyDomain to DirectorTwoMember" use="optional" order="2.0" />
    <link:loc xlink:type="locator" xlink:href="http://xbrl.fasb.org/us-gaap/2012/elts/us-gaap-2012-01-31.xsd#us-gaap_DirectorMember" xlink:label="DirectorMember" xlink:title="DirectorMember" />
    <link:definitionArc xlink:type="arc" xlink:arcrole="http://xbrl.org/int/dim/arcrole/domain-member" xlink:from="RelatedPartyDomain" xlink:to="DirectorMember" xlink:title="definition: RelatedPartyDomain to DirectorMember" use="optional" order="8000.0" />
    <link:loc xlink:type="locator" xlink:href="http://xbrl.fasb.org/us-gaap/2012/elts/us-gaap-2012-01-31.xsd#us-gaap_AffiliatedEntityMember" xlink:label="AffiliatedEntityMember" xlink:title="AffiliatedEntityMember" />
    <link:definitionArc xlink:type="arc" xlink:arcrole="http://xbrl.org/int/dim/arcrole/domain-member" xlink:from="RelatedPartyDomain" xlink:to="AffiliatedEntityMember" xlink:title="definition: RelatedPartyDomain to AffiliatedEntityMember" use="optional" order="8001.0" />
    <link:loc xlink:type="locator" xlink:href="http://xbrl.fasb.org/us-gaap/2012/elts/us-gaap-2012-01-31.xsd#us-gaap_RelatedPartyTransactionPurchasesFromRelatedParty" xlink:label="RelatedPartyTransactionPurchasesFromRelatedParty" xlink:title="RelatedPartyTransactionPurchasesFromRelatedParty" />
    <link:definitionArc xlink:type="arc" xlink:arcrole="http://xbrl.org/int/dim/arcrole/domain-member" xlink:from="RelatedPartyTransactionLineItems" xlink:to="RelatedPartyTransactionPurchasesFromRelatedParty" xlink:title="definition: RelatedPartyTransactionLineItems to RelatedPartyTransactionPurchasesFromRelatedParty" use="optional" order="2.0" />
    <link:loc xlink:type="locator" xlink:href="http://xbrl.fasb.org/us-gaap/2012/elts/us-gaap-2012-01-31.xsd#us-gaap_StockIssuedDuringPeriodSharesNewIssues" xlink:label="StockIssuedDuringPeriodSharesNewIssues" xlink:title="StockIssuedDuringPeriodSharesNewIssues" />
    <link:definitionArc xlink:type="arc" xlink:arcrole="http://xbrl.org/int/dim/arcrole/domain-member" xlink:from="RelatedPartyTransactionLineItems" xlink:to="StockIssuedDuringPeriodSharesNewIssues" xlink:title="definition: RelatedPartyTransactionLineItems to StockIssuedDuringPeriodSharesNewIssues" use="optional" order="8000.0" />
    <link:loc xlink:type="locator" xlink:href="http://xbrl.fasb.org/us-gaap/2012/elts/us-gaap-2012-01-31.xsd#us-gaap_SharePrice" xlink:label="SharePrice" xlink:title="SharePrice" />
    <link:definitionArc xlink:type="arc" xlink:arcrole="http://xbrl.org/int/dim/arcrole/domain-member" xlink:from="RelatedPartyTransactionLineItems" xlink:to="SharePrice" xlink:title="definition: RelatedPartyTransactionLineItems to SharePrice" use="optional" order="8001.0" />
  </link:definitionLink>
  <link:definitionLink xlink:type="extended" xlink:role="http://www.encision.com/role/DisclosureShareBasedCompensationDetails">
    <link:loc xlink:type="locator" xlink:href="http://xbrl.fasb.org/us-gaap/2012/elts/us-gaap-2012-01-31.xsd#us-gaap_EmployeeServiceShareBasedCompensationAllocationOfRecognizedPeriodCostsLineItems" xlink:label="EmployeeServiceShareBasedCompensationAllocationOfRecognizedPeriodCostsLineItems" xlink:title="EmployeeServiceShareBasedCompensationAllocationOfRecognizedPeriodCostsLineItems" />
    <link:loc xlink:type="locator" xlink:href="http://xbrl.fasb.org/us-gaap/2012/elts/us-gaap-2012-01-31.xsd#us-gaap_ScheduleOfEmployeeServiceShareBasedCompensationAllocationOfRecognizedPeriodCostsTable" xlink:label="ScheduleOfEmployeeServiceShareBasedCompensationAllocationOfRecognizedPeriodCostsTable" xlink:title="ScheduleOfEmployeeServiceShareBasedCompensationAllocationOfRecognizedPeriodCostsTable" />
    <link:definitionArc xlink:type="arc" xlink:arcrole="http://xbrl.org/int/dim/arcrole/all" xlink:from="EmployeeServiceShareBasedCompensationAllocationOfRecognizedPeriodCostsLineItems" xlink:to="ScheduleOfEmployeeServiceShareBasedCompensationAllocationOfRecognizedPeriodCostsTable" xlink:title="definition: EmployeeServiceShareBasedCompensationAllocationOfRecognizedPeriodCostsLineItems to ScheduleOfEmployeeServiceShareBasedCompensationAllocationOfRecognizedPeriodCostsTable" use="optional" order="1.0" xbrldt:closed="true" xbrldt:contextElement="segment" />
    <link:loc xlink:type="locator" xlink:href="http://xbrl.fasb.org/us-gaap/2012/elts/us-gaap-2012-01-31.xsd#us-gaap_ScheduleOfEmployeeServiceShareBasedCompensationAllocationOfRecognizedPeriodCostsByReportLineAxis" xlink:label="ScheduleOfEmployeeServiceShareBasedCompensationAllocationOfRecognizedPeriodCostsByReportLineAxis" xlink:title="ScheduleOfEmployeeServiceShareBasedCompensationAllocationOfRecognizedPeriodCostsByReportLineAxis" />
    <link:definitionArc xlink:type="arc" xlink:arcrole="http://xbrl.org/int/dim/arcrole/hypercube-dimension" xlink:from="ScheduleOfEmployeeServiceShareBasedCompensationAllocationOfRecognizedPeriodCostsTable" xlink:to="ScheduleOfEmployeeServiceShareBasedCompensationAllocationOfRecognizedPeriodCostsByReportLineAxis" xlink:title="definition: ScheduleOfEmployeeServiceShareBasedCompensationAllocationOfRecognizedPeriodCostsTable to ScheduleOfEmployeeServiceShareBasedCompensationAllocationOfRecognizedPeriodCostsByReportLineAxis" use="optional" order="1.0" />
    <link:loc xlink:type="locator" xlink:href="http://xbrl.fasb.org/us-gaap/2012/elts/us-gaap-2012-01-31.xsd#us-gaap_EmployeeServiceShareBasedCompensationAllocationOfRecognizedPeriodCostsReportLineDomain" xlink:label="EmployeeServiceShareBasedCompensationAllocationOfRecognizedPeriodCostsReportLineDomain" xlink:title="EmployeeServiceShareBasedCompensationAllocationOfRecognizedPeriodCostsReportLineDomain" />
    <link:definitionArc xlink:type="arc" xlink:arcrole="http://xbrl.org/int/dim/arcrole/dimension-domain" xlink:from="ScheduleOfEmployeeServiceShareBasedCompensationAllocationOfRecognizedPeriodCostsByReportLineAxis" xlink:to="EmployeeServiceShareBasedCompensationAllocationOfRecognizedPeriodCostsReportLineDomain" xlink:title="definition: ScheduleOfEmployeeServiceShareBasedCompensationAllocationOfRecognizedPeriodCostsByReportLineAxis to EmployeeServiceShareBasedCompensationAllocationOfRecognizedPeriodCostsReportLineDomain" use="optional" order="1.0" />
    <link:loc xlink:type="locator" xlink:href="http://xbrl.fasb.org/us-gaap/2012/elts/us-gaap-2012-01-31.xsd#us-gaap_EmployeeServiceShareBasedCompensationAllocationOfRecognizedPeriodCostsReportLineDomain" xlink:label="EmployeeServiceShareBasedCompensationAllocationOfRecognizedPeriodCostsReportLineDomain_2" xlink:title="EmployeeServiceShareBasedCompensationAllocationOfRecognizedPeriodCostsReportLineDomain" />
    <link:definitionArc xlink:type="arc" xlink:arcrole="http://xbrl.org/int/dim/arcrole/dimension-default" xlink:from="ScheduleOfEmployeeServiceShareBasedCompensationAllocationOfRecognizedPeriodCostsByReportLineAxis" xlink:to="EmployeeServiceShareBasedCompensationAllocationOfRecognizedPeriodCostsReportLineDomain_2" xlink:title="definition: ScheduleOfEmployeeServiceShareBasedCompensationAllocationOfRecognizedPeriodCostsByReportLineAxis to EmployeeServiceShareBasedCompensationAllocationOfRecognizedPeriodCostsReportLineDomain" use="optional" order="2.0" />
    <link:loc xlink:type="locator" xlink:href="http://xbrl.fasb.org/us-gaap/2012/elts/us-gaap-2012-01-31.xsd#us-gaap_CostOfSalesMember" xlink:label="CostOfSalesMember" xlink:title="CostOfSalesMember" />
    <link:definitionArc xlink:type="arc" xlink:arcrole="http://xbrl.org/int/dim/arcrole/domain-member" xlink:from="EmployeeServiceShareBasedCompensationAllocationOfRecognizedPeriodCostsReportLineDomain" xlink:to="CostOfSalesMember" xlink:title="definition: EmployeeServiceShareBasedCompensationAllocationOfRecognizedPeriodCostsReportLineDomain to CostOfSalesMember" use="optional" order="1.0" />
    <link:loc xlink:type="locator" xlink:href="http://xbrl.fasb.org/us-gaap/2012/elts/us-gaap-2012-01-31.xsd#us-gaap_SellingAndMarketingExpenseMember" xlink:label="SellingAndMarketingExpenseMember" xlink:title="SellingAndMarketingExpenseMember" />
    <link:definitionArc xlink:type="arc" xlink:arcrole="http://xbrl.org/int/dim/arcrole/domain-member" xlink:from="EmployeeServiceShareBasedCompensationAllocationOfRecognizedPeriodCostsReportLineDomain" xlink:to="SellingAndMarketingExpenseMember" xlink:title="definition: EmployeeServiceShareBasedCompensationAllocationOfRecognizedPeriodCostsReportLineDomain to SellingAndMarketingExpenseMember" use="optional" order="2.0" />
    <link:loc xlink:type="locator" xlink:href="http://xbrl.fasb.org/us-gaap/2012/elts/us-gaap-2012-01-31.xsd#us-gaap_GeneralAndAdministrativeExpenseMember" xlink:label="GeneralAndAdministrativeExpenseMember" xlink:title="GeneralAndAdministrativeExpenseMember" />
    <link:definitionArc xlink:type="arc" xlink:arcrole="http://xbrl.org/int/dim/arcrole/domain-member" xlink:from="EmployeeServiceShareBasedCompensationAllocationOfRecognizedPeriodCostsReportLineDomain" xlink:to="GeneralAndAdministrativeExpenseMember" xlink:title="definition: EmployeeServiceShareBasedCompensationAllocationOfRecognizedPeriodCostsReportLineDomain to GeneralAndAdministrativeExpenseMember" use="optional" order="3.0" />
    <link:loc xlink:type="locator" xlink:href="http://xbrl.fasb.org/us-gaap/2012/elts/us-gaap-2012-01-31.xsd#us-gaap_ResearchAndDevelopmentExpenseMember" xlink:label="ResearchAndDevelopmentExpenseMember" xlink:title="ResearchAndDevelopmentExpenseMember" />
    <link:definitionArc xlink:type="arc" xlink:arcrole="http://xbrl.org/int/dim/arcrole/domain-member" xlink:from="EmployeeServiceShareBasedCompensationAllocationOfRecognizedPeriodCostsReportLineDomain" xlink:to="ResearchAndDevelopmentExpenseMember" xlink:title="definition: EmployeeServiceShareBasedCompensationAllocationOfRecognizedPeriodCostsReportLineDomain to ResearchAndDevelopmentExpenseMember" use="optional" order="4.0" />
    <link:loc xlink:type="locator" xlink:href="http://xbrl.fasb.org/us-gaap/2012/elts/us-gaap-2012-01-31.xsd#us-gaap_AllocatedShareBasedCompensationExpense" xlink:label="AllocatedShareBasedCompensationExpense" xlink:title="AllocatedShareBasedCompensationExpense" />
    <link:definitionArc xlink:type="arc" xlink:arcrole="http://xbrl.org/int/dim/arcrole/domain-member" xlink:from="EmployeeServiceShareBasedCompensationAllocationOfRecognizedPeriodCostsLineItems" xlink:to="AllocatedShareBasedCompensationExpense" xlink:title="definition: EmployeeServiceShareBasedCompensationAllocationOfRecognizedPeriodCostsLineItems to AllocatedShareBasedCompensationExpense" use="optional" order="2.0" />
  </link:definitionLink>
  <link:definitionLink xlink:type="extended" xlink:role="http://www.encision.com/role/DisclosureCommitmentsAndContingenciesTables">
    <link:loc xlink:type="locator" xlink:href="ecia-20121231.xsd#ecia_ScheduleOfCommitmentsLineItems" xlink:label="ScheduleOfCommitmentsLineItems" xlink:title="ScheduleOfCommitmentsLineItems" />
    <link:loc xlink:type="locator" xlink:href="ecia-20121231.xsd#ecia_ScheduleOfCommitmentsTable" xlink:label="ScheduleOfCommitmentsTable" xlink:title="ScheduleOfCommitmentsTable" />
    <link:definitionArc xlink:type="arc" xlink:arcrole="http://xbrl.org/int/dim/arcrole/all" xlink:from="ScheduleOfCommitmentsLineItems" xlink:to="ScheduleOfCommitmentsTable" xlink:title="definition: ScheduleOfCommitmentsLineItems to ScheduleOfCommitmentsTable" use="optional" order="1.0" xbrldt:closed="true" xbrldt:contextElement="segment" />
    <link:loc xlink:type="locator" xlink:href="http://xbrl.fasb.org/us-gaap/2012/elts/us-gaap-2012-01-31.xsd#us-gaap_PropertyPlantAndEquipmentByTypeAxis" xlink:label="PropertyPlantAndEquipmentByTypeAxis" xlink:title="PropertyPlantAndEquipmentByTypeAxis" />
    <link:definitionArc xlink:type="arc" xlink:arcrole="http://xbrl.org/int/dim/arcrole/hypercube-dimension" xlink:from="ScheduleOfCommitmentsTable" xlink:to="PropertyPlantAndEquipmentByTypeAxis" xlink:title="definition: ScheduleOfCommitmentsTable to PropertyPlantAndEquipmentByTypeAxis" use="optional" order="1.0" />
    <link:loc xlink:type="locator" xlink:href="http://xbrl.fasb.org/us-gaap/2012/elts/us-gaap-2012-01-31.xsd#us-gaap_PropertyPlantAndEquipmentTypeDomain" xlink:label="PropertyPlantAndEquipmentTypeDomain" xlink:title="PropertyPlantAndEquipmentTypeDomain" />
    <link:definitionArc xlink:type="arc" xlink:arcrole="http://xbrl.org/int/dim/arcrole/dimension-domain" xlink:from="PropertyPlantAndEquipmentByTypeAxis" xlink:to="PropertyPlantAndEquipmentTypeDomain" xlink:title="definition: PropertyPlantAndEquipmentByTypeAxis to PropertyPlantAndEquipmentTypeDomain" use="optional" order="1.0" />
    <link:loc xlink:type="locator" xlink:href="http://xbrl.fasb.org/us-gaap/2012/elts/us-gaap-2012-01-31.xsd#us-gaap_PropertyPlantAndEquipmentTypeDomain" xlink:label="PropertyPlantAndEquipmentTypeDomain_2" xlink:title="PropertyPlantAndEquipmentTypeDomain" />
    <link:definitionArc xlink:type="arc" xlink:arcrole="http://xbrl.org/int/dim/arcrole/dimension-default" xlink:from="PropertyPlantAndEquipmentByTypeAxis" xlink:to="PropertyPlantAndEquipmentTypeDomain_2" xlink:title="definition: PropertyPlantAndEquipmentByTypeAxis to PropertyPlantAndEquipmentTypeDomain" use="optional" order="2.0" />
    <link:loc xlink:type="locator" xlink:href="http://xbrl.fasb.org/us-gaap/2012/elts/us-gaap-2012-01-31.xsd#us-gaap_BuildingMember" xlink:label="BuildingMember" xlink:title="BuildingMember" />
    <link:definitionArc xlink:type="arc" xlink:arcrole="http://xbrl.org/int/dim/arcrole/domain-member" xlink:from="PropertyPlantAndEquipmentTypeDomain" xlink:to="BuildingMember" xlink:title="definition: PropertyPlantAndEquipmentTypeDomain to BuildingMember" use="optional" order="1.0" />
    <link:loc xlink:type="locator" xlink:href="http://xbrl.fasb.org/us-gaap/2012/elts/us-gaap-2012-01-31.xsd#us-gaap_EquipmentMember" xlink:label="EquipmentMember" xlink:title="EquipmentMember" />
    <link:definitionArc xlink:type="arc" xlink:arcrole="http://xbrl.org/int/dim/arcrole/domain-member" xlink:from="PropertyPlantAndEquipmentTypeDomain" xlink:to="EquipmentMember" xlink:title="definition: PropertyPlantAndEquipmentTypeDomain to EquipmentMember" use="optional" order="2.0" />
    <link:loc xlink:type="locator" xlink:href="http://xbrl.fasb.org/us-gaap/2012/elts/us-gaap-2012-01-31.xsd#us-gaap_ScheduleOfFutureMinimumRentalPaymentsForOperatingLeasesTableTextBlock" xlink:label="ScheduleOfFutureMinimumRentalPaymentsForOperatingLeasesTableTextBlock" xlink:title="ScheduleOfFutureMinimumRentalPaymentsForOperatingLeasesTableTextBlock" />
    <link:definitionArc xlink:type="arc" xlink:arcrole="http://xbrl.org/int/dim/arcrole/domain-member" xlink:from="ScheduleOfCommitmentsLineItems" xlink:to="ScheduleOfFutureMinimumRentalPaymentsForOperatingLeasesTableTextBlock" xlink:title="definition: ScheduleOfCommitmentsLineItems to ScheduleOfFutureMinimumRentalPaymentsForOperatingLeasesTableTextBlock" use="optional" order="2.0" />
  </link:definitionLink>
  <link:definitionLink xlink:type="extended" xlink:role="http://www.encision.com/role/DisclosureCommitmentsAndContingenciesDetails">
    <link:loc xlink:type="locator" xlink:href="ecia-20121231.xsd#ecia_ScheduleOfCommitmentsLineItems" xlink:label="ScheduleOfCommitmentsLineItems" xlink:title="ScheduleOfCommitmentsLineItems" />
    <link:loc xlink:type="locator" xlink:href="ecia-20121231.xsd#ecia_ScheduleOfCommitmentsTable" xlink:label="ScheduleOfCommitmentsTable" xlink:title="ScheduleOfCommitmentsTable" />
    <link:definitionArc xlink:type="arc" xlink:arcrole="http://xbrl.org/int/dim/arcrole/all" xlink:from="ScheduleOfCommitmentsLineItems" xlink:to="ScheduleOfCommitmentsTable" xlink:title="definition: ScheduleOfCommitmentsLineItems to ScheduleOfCommitmentsTable" use="optional" order="1.0" xbrldt:closed="true" xbrldt:contextElement="segment" />
    <link:loc xlink:type="locator" xlink:href="http://xbrl.fasb.org/us-gaap/2012/elts/us-gaap-2012-01-31.xsd#us-gaap_PropertyPlantAndEquipmentByTypeAxis" xlink:label="PropertyPlantAndEquipmentByTypeAxis" xlink:title="PropertyPlantAndEquipmentByTypeAxis" />
    <link:definitionArc xlink:type="arc" xlink:arcrole="http://xbrl.org/int/dim/arcrole/hypercube-dimension" xlink:from="ScheduleOfCommitmentsTable" xlink:to="PropertyPlantAndEquipmentByTypeAxis" xlink:title="definition: ScheduleOfCommitmentsTable to PropertyPlantAndEquipmentByTypeAxis" use="optional" order="1.0" />
    <link:loc xlink:type="locator" xlink:href="http://xbrl.fasb.org/us-gaap/2012/elts/us-gaap-2012-01-31.xsd#us-gaap_PropertyPlantAndEquipmentTypeDomain" xlink:label="PropertyPlantAndEquipmentTypeDomain" xlink:title="PropertyPlantAndEquipmentTypeDomain" />
    <link:definitionArc xlink:type="arc" xlink:arcrole="http://xbrl.org/int/dim/arcrole/dimension-domain" xlink:from="PropertyPlantAndEquipmentByTypeAxis" xlink:to="PropertyPlantAndEquipmentTypeDomain" xlink:title="definition: PropertyPlantAndEquipmentByTypeAxis to PropertyPlantAndEquipmentTypeDomain" use="optional" order="1.0" />
    <link:loc xlink:type="locator" xlink:href="http://xbrl.fasb.org/us-gaap/2012/elts/us-gaap-2012-01-31.xsd#us-gaap_BuildingMember" xlink:label="BuildingMember" xlink:title="BuildingMember" />
    <link:definitionArc xlink:type="arc" xlink:arcrole="http://xbrl.org/int/dim/arcrole/domain-member" xlink:from="PropertyPlantAndEquipmentTypeDomain" xlink:to="BuildingMember" xlink:title="definition: PropertyPlantAndEquipmentTypeDomain to BuildingMember" use="optional" order="1.0" />
    <link:loc xlink:type="locator" xlink:href="http://xbrl.fasb.org/us-gaap/2012/elts/us-gaap-2012-01-31.xsd#us-gaap_EquipmentMember" xlink:label="EquipmentMember" xlink:title="EquipmentMember" />
    <link:definitionArc xlink:type="arc" xlink:arcrole="http://xbrl.org/int/dim/arcrole/domain-member" xlink:from="PropertyPlantAndEquipmentTypeDomain" xlink:to="EquipmentMember" xlink:title="definition: PropertyPlantAndEquipmentTypeDomain to EquipmentMember" use="optional" order="2.0" />
    <link:loc xlink:type="locator" xlink:href="http://xbrl.fasb.org/us-gaap/2012/elts/us-gaap-2012-01-31.xsd#us-gaap_CreditFacilityAxis" xlink:label="CreditFacilityAxis" xlink:title="CreditFacilityAxis" />
    <link:definitionArc xlink:type="arc" xlink:arcrole="http://xbrl.org/int/dim/arcrole/hypercube-dimension" xlink:from="ScheduleOfCommitmentsTable" xlink:to="CreditFacilityAxis" xlink:title="definition: ScheduleOfCommitmentsTable to CreditFacilityAxis" use="optional" order="2.0" />
    <link:loc xlink:type="locator" xlink:href="http://xbrl.fasb.org/us-gaap/2012/elts/us-gaap-2012-01-31.xsd#us-gaap_CreditFacilityDomain" xlink:label="CreditFacilityDomain" xlink:title="CreditFacilityDomain" />
    <link:definitionArc xlink:type="arc" xlink:arcrole="http://xbrl.org/int/dim/arcrole/dimension-domain" xlink:from="CreditFacilityAxis" xlink:to="CreditFacilityDomain" xlink:title="definition: CreditFacilityAxis to CreditFacilityDomain" use="optional" order="1.0" />
    <link:loc xlink:type="locator" xlink:href="http://xbrl.fasb.org/us-gaap/2012/elts/us-gaap-2012-01-31.xsd#us-gaap_CreditFacilityDomain" xlink:label="CreditFacilityDomain_2" xlink:title="CreditFacilityDomain" />
    <link:definitionArc xlink:type="arc" xlink:arcrole="http://xbrl.org/int/dim/arcrole/dimension-default" xlink:from="CreditFacilityAxis" xlink:to="CreditFacilityDomain_2" xlink:title="definition: CreditFacilityAxis to CreditFacilityDomain" use="optional" order="2.0" />
    <link:loc xlink:type="locator" xlink:href="http://xbrl.fasb.org/us-gaap/2012/elts/us-gaap-2012-01-31.xsd#us-gaap_LineOfCreditMember" xlink:label="LineOfCreditMember" xlink:title="LineOfCreditMember" />
    <link:definitionArc xlink:type="arc" xlink:arcrole="http://xbrl.org/int/dim/arcrole/domain-member" xlink:from="CreditFacilityDomain" xlink:to="LineOfCreditMember" xlink:title="definition: CreditFacilityDomain to LineOfCreditMember" use="optional" order="1.0" />
    <link:loc xlink:type="locator" xlink:href="http://xbrl.fasb.org/us-gaap/2012/elts/us-gaap-2012-01-31.xsd#us-gaap_OperatingLeasesFutureMinimumPaymentsDueAbstract" xlink:label="OperatingLeasesFutureMinimumPaymentsDueAbstract" xlink:title="OperatingLeasesFutureMinimumPaymentsDueAbstract" />
    <link:definitionArc xlink:type="arc" xlink:arcrole="http://xbrl.org/int/dim/arcrole/domain-member" xlink:from="ScheduleOfCommitmentsLineItems" xlink:to="OperatingLeasesFutureMinimumPaymentsDueAbstract" xlink:title="definition: ScheduleOfCommitmentsLineItems to OperatingLeasesFutureMinimumPaymentsDueAbstract" use="optional" order="2.0" />
    <link:loc xlink:type="locator" xlink:href="http://xbrl.fasb.org/us-gaap/2012/elts/us-gaap-2012-01-31.xsd#us-gaap_OperatingLeasesFutureMinimumPaymentsRemainderOfFiscalYear" xlink:label="OperatingLeasesFutureMinimumPaymentsRemainderOfFiscalYear" xlink:title="OperatingLeasesFutureMinimumPaymentsRemainderOfFiscalYear" />
    <link:definitionArc xlink:type="arc" xlink:arcrole="http://xbrl.org/int/dim/arcrole/domain-member" xlink:from="OperatingLeasesFutureMinimumPaymentsDueAbstract" xlink:to="OperatingLeasesFutureMinimumPaymentsRemainderOfFiscalYear" xlink:title="definition: OperatingLeasesFutureMinimumPaymentsDueAbstract to OperatingLeasesFutureMinimumPaymentsRemainderOfFiscalYear" use="optional" order="1.0" />
    <link:loc xlink:type="locator" xlink:href="http://xbrl.fasb.org/us-gaap/2012/elts/us-gaap-2012-01-31.xsd#us-gaap_OperatingLeasesFutureMinimumPaymentsDueInTwoYears" xlink:label="OperatingLeasesFutureMinimumPaymentsDueInTwoYears" xlink:title="OperatingLeasesFutureMinimumPaymentsDueInTwoYears" />
    <link:definitionArc xlink:type="arc" xlink:arcrole="http://xbrl.org/int/dim/arcrole/domain-member" xlink:from="OperatingLeasesFutureMinimumPaymentsDueAbstract" xlink:to="OperatingLeasesFutureMinimumPaymentsDueInTwoYears" xlink:title="definition: OperatingLeasesFutureMinimumPaymentsDueAbstract to OperatingLeasesFutureMinimumPaymentsDueInTwoYears" use="optional" order="2.0" />
    <link:loc xlink:type="locator" xlink:href="http://xbrl.fasb.org/us-gaap/2012/elts/us-gaap-2012-01-31.xsd#us-gaap_OperatingLeasesFutureMinimumPaymentsDueInThreeYears" xlink:label="OperatingLeasesFutureMinimumPaymentsDueInThreeYears" xlink:title="OperatingLeasesFutureMinimumPaymentsDueInThreeYears" />
    <link:definitionArc xlink:type="arc" xlink:arcrole="http://xbrl.org/int/dim/arcrole/domain-member" xlink:from="OperatingLeasesFutureMinimumPaymentsDueAbstract" xlink:to="OperatingLeasesFutureMinimumPaymentsDueInThreeYears" xlink:title="definition: OperatingLeasesFutureMinimumPaymentsDueAbstract to OperatingLeasesFutureMinimumPaymentsDueInThreeYears" use="optional" order="3.0" />
    <link:loc xlink:type="locator" xlink:href="http://xbrl.fasb.org/us-gaap/2012/elts/us-gaap-2012-01-31.xsd#us-gaap_OperatingLeasesFutureMinimumPaymentsDue" xlink:label="OperatingLeasesFutureMinimumPaymentsDue" xlink:title="OperatingLeasesFutureMinimumPaymentsDue" />
    <link:definitionArc xlink:type="arc" xlink:arcrole="http://xbrl.org/int/dim/arcrole/domain-member" xlink:from="OperatingLeasesFutureMinimumPaymentsDueAbstract" xlink:to="OperatingLeasesFutureMinimumPaymentsDue" xlink:title="definition: OperatingLeasesFutureMinimumPaymentsDueAbstract to OperatingLeasesFutureMinimumPaymentsDue" use="optional" order="4.0" />
    <link:loc xlink:type="locator" xlink:href="http://xbrl.fasb.org/us-gaap/2012/elts/us-gaap-2012-01-31.xsd#us-gaap_LineOfCreditFacilityAbstract" xlink:label="LineOfCreditFacilityAbstract" xlink:title="LineOfCreditFacilityAbstract" />
    <link:definitionArc xlink:type="arc" xlink:arcrole="http://xbrl.org/int/dim/arcrole/domain-member" xlink:from="ScheduleOfCommitmentsLineItems" xlink:to="LineOfCreditFacilityAbstract" xlink:title="definition: ScheduleOfCommitmentsLineItems to LineOfCreditFacilityAbstract" use="optional" order="3.0" />
    <link:loc xlink:type="locator" xlink:href="http://xbrl.fasb.org/us-gaap/2012/elts/us-gaap-2012-01-31.xsd#us-gaap_LineOfCreditFacilityMaximumBorrowingCapacity" xlink:label="LineOfCreditFacilityMaximumBorrowingCapacity" xlink:title="LineOfCreditFacilityMaximumBorrowingCapacity" />
    <link:definitionArc xlink:type="arc" xlink:arcrole="http://xbrl.org/int/dim/arcrole/domain-member" xlink:from="LineOfCreditFacilityAbstract" xlink:to="LineOfCreditFacilityMaximumBorrowingCapacity" xlink:title="definition: LineOfCreditFacilityAbstract to LineOfCreditFacilityMaximumBorrowingCapacity" use="optional" order="1.0" />
    <link:loc xlink:type="locator" xlink:href="ecia-20121231.xsd#ecia_LineOfCreditFacilityTerm" xlink:label="LineOfCreditFacilityTerm" xlink:title="LineOfCreditFacilityTerm" />
    <link:definitionArc xlink:type="arc" xlink:arcrole="http://xbrl.org/int/dim/arcrole/domain-member" xlink:from="LineOfCreditFacilityAbstract" xlink:to="LineOfCreditFacilityTerm" xlink:title="definition: LineOfCreditFacilityAbstract to LineOfCreditFacilityTerm" use="optional" order="2.0" />
    <link:loc xlink:type="locator" xlink:href="http://xbrl.fasb.org/us-gaap/2012/elts/us-gaap-2012-01-31.xsd#us-gaap_DebtInstrumentDescriptionOfVariableRateBasis" xlink:label="DebtInstrumentDescriptionOfVariableRateBasis" xlink:title="DebtInstrumentDescriptionOfVariableRateBasis" />
    <link:definitionArc xlink:type="arc" xlink:arcrole="http://xbrl.org/int/dim/arcrole/domain-member" xlink:from="LineOfCreditFacilityAbstract" xlink:to="DebtInstrumentDescriptionOfVariableRateBasis" xlink:title="definition: LineOfCreditFacilityAbstract to DebtInstrumentDescriptionOfVariableRateBasis" use="optional" order="3.0" />
    <link:loc xlink:type="locator" xlink:href="http://xbrl.fasb.org/us-gaap/2012/elts/us-gaap-2012-01-31.xsd#us-gaap_DebtInstrumentBasisSpreadOnVariableRate" xlink:label="DebtInstrumentBasisSpreadOnVariableRate" xlink:title="DebtInstrumentBasisSpreadOnVariableRate" />
    <link:definitionArc xlink:type="arc" xlink:arcrole="http://xbrl.org/int/dim/arcrole/domain-member" xlink:from="LineOfCreditFacilityAbstract" xlink:to="DebtInstrumentBasisSpreadOnVariableRate" xlink:title="definition: LineOfCreditFacilityAbstract to DebtInstrumentBasisSpreadOnVariableRate" use="optional" order="4.0" />
    <link:loc xlink:type="locator" xlink:href="http://xbrl.fasb.org/us-gaap/2012/elts/us-gaap-2012-01-31.xsd#us-gaap_ProductLiabilityContingencyAccrualPresentValue" xlink:label="ProductLiabilityContingencyAccrualPresentValue" xlink:title="ProductLiabilityContingencyAccrualPresentValue" />
    <link:definitionArc xlink:type="arc" xlink:arcrole="http://xbrl.org/int/dim/arcrole/domain-member" xlink:from="LineOfCreditFacilityAbstract" xlink:to="ProductLiabilityContingencyAccrualPresentValue" xlink:title="definition: LineOfCreditFacilityAbstract to ProductLiabilityContingencyAccrualPresentValue" use="optional" order="8000.0" />
    <link:loc xlink:type="locator" xlink:href="http://xbrl.fasb.org/us-gaap/2012/elts/us-gaap-2012-01-31.xsd#us-gaap_ProductLiabilityAccrualPeriodExpense" xlink:label="ProductLiabilityAccrualPeriodExpense" xlink:title="ProductLiabilityAccrualPeriodExpense" />
    <link:definitionArc xlink:type="arc" xlink:arcrole="http://xbrl.org/int/dim/arcrole/domain-member" xlink:from="LineOfCreditFacilityAbstract" xlink:to="ProductLiabilityAccrualPeriodExpense" xlink:title="definition: LineOfCreditFacilityAbstract to ProductLiabilityAccrualPeriodExpense" use="optional" order="8001.0" />
  </link:definitionLink>
  <link:definitionLink xlink:type="extended" xlink:role="http://www.encision.com/role/DisclosureSummaryOfSignificantAccountingPoliciesDetails">
    <link:loc xlink:type="locator" xlink:href="http://xbrl.fasb.org/us-gaap/2012/elts/us-gaap-2012-01-31.xsd#us-gaap_ConcentrationRiskLineItems" xlink:label="ConcentrationRiskLineItems" xlink:title="ConcentrationRiskLineItems" />
    <link:loc xlink:type="locator" xlink:href="http://xbrl.fasb.org/us-gaap/2012/elts/us-gaap-2012-01-31.xsd#us-gaap_ConcentrationRiskTable" xlink:label="ConcentrationRiskTable" xlink:title="ConcentrationRiskTable" />
    <link:definitionArc xlink:type="arc" xlink:arcrole="http://xbrl.org/int/dim/arcrole/all" xlink:from="ConcentrationRiskLineItems" xlink:to="ConcentrationRiskTable" xlink:title="definition: ConcentrationRiskLineItems to ConcentrationRiskTable" use="optional" order="1.0" xbrldt:closed="true" xbrldt:contextElement="segment" />
    <link:loc xlink:type="locator" xlink:href="http://xbrl.fasb.org/us-gaap/2012/elts/us-gaap-2012-01-31.xsd#us-gaap_ConcentrationRiskByBenchmarkAxis" xlink:label="ConcentrationRiskByBenchmarkAxis" xlink:title="ConcentrationRiskByBenchmarkAxis" />
    <link:definitionArc xlink:type="arc" xlink:arcrole="http://xbrl.org/int/dim/arcrole/hypercube-dimension" xlink:from="ConcentrationRiskTable" xlink:to="ConcentrationRiskByBenchmarkAxis" xlink:title="definition: ConcentrationRiskTable to ConcentrationRiskByBenchmarkAxis" use="optional" order="1.0" />
    <link:loc xlink:type="locator" xlink:href="http://xbrl.fasb.org/us-gaap/2012/elts/us-gaap-2012-01-31.xsd#us-gaap_ConcentrationRiskBenchmarkDomain" xlink:label="ConcentrationRiskBenchmarkDomain" xlink:title="ConcentrationRiskBenchmarkDomain" />
    <link:definitionArc xlink:type="arc" xlink:arcrole="http://xbrl.org/int/dim/arcrole/dimension-domain" xlink:from="ConcentrationRiskByBenchmarkAxis" xlink:to="ConcentrationRiskBenchmarkDomain" xlink:title="definition: ConcentrationRiskByBenchmarkAxis to ConcentrationRiskBenchmarkDomain" use="optional" order="1.0" />
    <link:loc xlink:type="locator" xlink:href="http://xbrl.fasb.org/us-gaap/2012/elts/us-gaap-2012-01-31.xsd#us-gaap_ConcentrationRiskBenchmarkDomain" xlink:label="ConcentrationRiskBenchmarkDomain_2" xlink:title="ConcentrationRiskBenchmarkDomain" />
    <link:definitionArc xlink:type="arc" xlink:arcrole="http://xbrl.org/int/dim/arcrole/dimension-default" xlink:from="ConcentrationRiskByBenchmarkAxis" xlink:to="ConcentrationRiskBenchmarkDomain_2" xlink:title="definition: ConcentrationRiskByBenchmarkAxis to ConcentrationRiskBenchmarkDomain" use="optional" order="2.0" />
    <link:loc xlink:type="locator" xlink:href="http://xbrl.fasb.org/us-gaap/2012/elts/us-gaap-2012-01-31.xsd#us-gaap_AccountsReceivableMember" xlink:label="AccountsReceivableMember" xlink:title="AccountsReceivableMember" />
    <link:definitionArc xlink:type="arc" xlink:arcrole="http://xbrl.org/int/dim/arcrole/domain-member" xlink:from="ConcentrationRiskBenchmarkDomain" xlink:to="AccountsReceivableMember" xlink:title="definition: ConcentrationRiskBenchmarkDomain to AccountsReceivableMember" use="optional" order="1.0" />
    <link:loc xlink:type="locator" xlink:href="http://xbrl.fasb.org/us-gaap/2012/elts/us-gaap-2012-01-31.xsd#us-gaap_ConcentrationRiskByTypeAxis" xlink:label="ConcentrationRiskByTypeAxis" xlink:title="ConcentrationRiskByTypeAxis" />
    <link:definitionArc xlink:type="arc" xlink:arcrole="http://xbrl.org/int/dim/arcrole/hypercube-dimension" xlink:from="ConcentrationRiskTable" xlink:to="ConcentrationRiskByTypeAxis" xlink:title="definition: ConcentrationRiskTable to ConcentrationRiskByTypeAxis" use="optional" order="2.0" />
    <link:loc xlink:type="locator" xlink:href="http://xbrl.fasb.org/us-gaap/2012/elts/us-gaap-2012-01-31.xsd#us-gaap_ConcentrationRiskTypeDomain" xlink:label="ConcentrationRiskTypeDomain" xlink:title="ConcentrationRiskTypeDomain" />
    <link:definitionArc xlink:type="arc" xlink:arcrole="http://xbrl.org/int/dim/arcrole/dimension-domain" xlink:from="ConcentrationRiskByTypeAxis" xlink:to="ConcentrationRiskTypeDomain" xlink:title="definition: ConcentrationRiskByTypeAxis to ConcentrationRiskTypeDomain" use="optional" order="1.0" />
    <link:loc xlink:type="locator" xlink:href="http://xbrl.fasb.org/us-gaap/2012/elts/us-gaap-2012-01-31.xsd#us-gaap_ConcentrationRiskTypeDomain" xlink:label="ConcentrationRiskTypeDomain_2" xlink:title="ConcentrationRiskTypeDomain" />
    <link:definitionArc xlink:type="arc" xlink:arcrole="http://xbrl.org/int/dim/arcrole/dimension-default" xlink:from="ConcentrationRiskByTypeAxis" xlink:to="ConcentrationRiskTypeDomain_2" xlink:title="definition: ConcentrationRiskByTypeAxis to ConcentrationRiskTypeDomain" use="optional" order="2.0" />
    <link:loc xlink:type="locator" xlink:href="http://xbrl.fasb.org/us-gaap/2012/elts/us-gaap-2012-01-31.xsd#us-gaap_CustomerConcentrationRiskMember" xlink:label="CustomerConcentrationRiskMember" xlink:title="CustomerConcentrationRiskMember" />
    <link:definitionArc xlink:type="arc" xlink:arcrole="http://xbrl.org/int/dim/arcrole/domain-member" xlink:from="ConcentrationRiskTypeDomain" xlink:to="CustomerConcentrationRiskMember" xlink:title="definition: ConcentrationRiskTypeDomain to CustomerConcentrationRiskMember" use="optional" order="1.0" />
    <link:loc xlink:type="locator" xlink:href="http://xbrl.fasb.org/us-gaap/2012/elts/us-gaap-2012-01-31.xsd#us-gaap_MajorCustomersAxis" xlink:label="MajorCustomersAxis" xlink:title="MajorCustomersAxis" />
    <link:definitionArc xlink:type="arc" xlink:arcrole="http://xbrl.org/int/dim/arcrole/hypercube-dimension" xlink:from="ConcentrationRiskTable" xlink:to="MajorCustomersAxis" xlink:title="definition: ConcentrationRiskTable to MajorCustomersAxis" use="optional" order="3.0" />
    <link:loc xlink:type="locator" xlink:href="http://xbrl.fasb.org/us-gaap/2012/elts/us-gaap-2012-01-31.xsd#us-gaap_NameOfMajorCustomerDomain" xlink:label="NameOfMajorCustomerDomain" xlink:title="NameOfMajorCustomerDomain" />
    <link:definitionArc xlink:type="arc" xlink:arcrole="http://xbrl.org/int/dim/arcrole/dimension-domain" xlink:from="MajorCustomersAxis" xlink:to="NameOfMajorCustomerDomain" xlink:title="definition: MajorCustomersAxis to NameOfMajorCustomerDomain" use="optional" order="1.0" />
    <link:loc xlink:type="locator" xlink:href="http://xbrl.fasb.org/us-gaap/2012/elts/us-gaap-2012-01-31.xsd#us-gaap_NameOfMajorCustomerDomain" xlink:label="NameOfMajorCustomerDomain_2" xlink:title="NameOfMajorCustomerDomain" />
    <link:definitionArc xlink:type="arc" xlink:arcrole="http://xbrl.org/int/dim/arcrole/dimension-default" xlink:from="MajorCustomersAxis" xlink:to="NameOfMajorCustomerDomain_2" xlink:title="definition: MajorCustomersAxis to NameOfMajorCustomerDomain" use="optional" order="2.0" />
    <link:loc xlink:type="locator" xlink:href="ecia-20121231.xsd#ecia_OneCustomerMember" xlink:label="OneCustomerMember" xlink:title="OneCustomerMember" />
    <link:definitionArc xlink:type="arc" xlink:arcrole="http://xbrl.org/int/dim/arcrole/domain-member" xlink:from="NameOfMajorCustomerDomain" xlink:to="OneCustomerMember" xlink:title="definition: NameOfMajorCustomerDomain to OneCustomerMember" use="optional" order="1.0" />
    <link:loc xlink:type="locator" xlink:href="ecia-20121231.xsd#ecia_ConcentrationRiskNumberOfFinancialInstitutions" xlink:label="ConcentrationRiskNumberOfFinancialInstitutions" xlink:title="ConcentrationRiskNumberOfFinancialInstitutions" />
    <link:definitionArc xlink:type="arc" xlink:arcrole="http://xbrl.org/int/dim/arcrole/domain-member" xlink:from="ConcentrationRiskLineItems" xlink:to="ConcentrationRiskNumberOfFinancialInstitutions" xlink:title="definition: ConcentrationRiskLineItems to ConcentrationRiskNumberOfFinancialInstitutions" use="optional" order="2.0" />
    <link:loc xlink:type="locator" xlink:href="http://xbrl.fasb.org/us-gaap/2012/elts/us-gaap-2012-01-31.xsd#us-gaap_AccountsReceivableNetCurrent" xlink:label="AccountsReceivableNetCurrent" xlink:title="AccountsReceivableNetCurrent" />
    <link:definitionArc xlink:type="arc" xlink:arcrole="http://xbrl.org/int/dim/arcrole/domain-member" xlink:from="ConcentrationRiskLineItems" xlink:to="AccountsReceivableNetCurrent" xlink:title="definition: ConcentrationRiskLineItems to AccountsReceivableNetCurrent" use="optional" order="3.0" />
    <link:loc xlink:type="locator" xlink:href="http://xbrl.fasb.org/us-gaap/2012/elts/us-gaap-2012-01-31.xsd#us-gaap_ConcentrationRiskPercentage1" xlink:label="ConcentrationRiskPercentage1" xlink:title="ConcentrationRiskPercentage1" />
    <link:definitionArc xlink:type="arc" xlink:arcrole="http://xbrl.org/int/dim/arcrole/domain-member" xlink:from="ConcentrationRiskLineItems" xlink:to="ConcentrationRiskPercentage1" xlink:title="definition: ConcentrationRiskLineItems to ConcentrationRiskPercentage1" use="optional" order="4.0" />
    <link:loc xlink:type="locator" xlink:href="ecia-20121231.xsd#ecia_ConcentrationRiskNumberOfMajorCustomers" xlink:label="ConcentrationRiskNumberOfMajorCustomers" xlink:title="ConcentrationRiskNumberOfMajorCustomers" />
    <link:definitionArc xlink:type="arc" xlink:arcrole="http://xbrl.org/int/dim/arcrole/domain-member" xlink:from="ConcentrationRiskLineItems" xlink:to="ConcentrationRiskNumberOfMajorCustomers" xlink:title="definition: ConcentrationRiskLineItems to ConcentrationRiskNumberOfMajorCustomers" use="optional" order="5.0" />
  </link:definitionLink>
  <link:definitionLink xlink:type="extended" xlink:role="http://www.encision.com/role/DisclosureSummaryOfSignificantAccountingPoliciesDetails2">
    <link:loc xlink:type="locator" xlink:href="http://xbrl.fasb.org/us-gaap/2012/elts/us-gaap-2012-01-31.xsd#us-gaap_PropertyPlantAndEquipmentLineItems" xlink:label="PropertyPlantAndEquipmentLineItems" xlink:title="PropertyPlantAndEquipmentLineItems" />
    <link:loc xlink:type="locator" xlink:href="http://xbrl.fasb.org/us-gaap/2012/elts/us-gaap-2012-01-31.xsd#us-gaap_ScheduleOfPropertyPlantAndEquipmentTable" xlink:label="ScheduleOfPropertyPlantAndEquipmentTable" xlink:title="ScheduleOfPropertyPlantAndEquipmentTable" />
    <link:definitionArc xlink:type="arc" xlink:arcrole="http://xbrl.org/int/dim/arcrole/all" xlink:from="PropertyPlantAndEquipmentLineItems" xlink:to="ScheduleOfPropertyPlantAndEquipmentTable" xlink:title="definition: PropertyPlantAndEquipmentLineItems to ScheduleOfPropertyPlantAndEquipmentTable" use="optional" order="1.0" xbrldt:closed="true" xbrldt:contextElement="segment" />
    <link:loc xlink:type="locator" xlink:href="http://xbrl.fasb.org/us-gaap/2012/elts/us-gaap-2012-01-31.xsd#us-gaap_RangeAxis" xlink:label="RangeAxis" xlink:title="RangeAxis" />
    <link:definitionArc xlink:type="arc" xlink:arcrole="http://xbrl.org/int/dim/arcrole/hypercube-dimension" xlink:from="ScheduleOfPropertyPlantAndEquipmentTable" xlink:to="RangeAxis" xlink:title="definition: ScheduleOfPropertyPlantAndEquipmentTable to RangeAxis" use="optional" order="1.0" />
    <link:loc xlink:type="locator" xlink:href="http://xbrl.fasb.org/us-gaap/2012/elts/us-gaap-2012-01-31.xsd#us-gaap_RangeMember" xlink:label="RangeMember" xlink:title="RangeMember" />
    <link:definitionArc xlink:type="arc" xlink:arcrole="http://xbrl.org/int/dim/arcrole/dimension-domain" xlink:from="RangeAxis" xlink:to="RangeMember" xlink:title="definition: RangeAxis to RangeMember" use="optional" order="1.0" />
    <link:loc xlink:type="locator" xlink:href="http://xbrl.fasb.org/us-gaap/2012/elts/us-gaap-2012-01-31.xsd#us-gaap_RangeMember" xlink:label="RangeMember_2" xlink:title="RangeMember" />
    <link:definitionArc xlink:type="arc" xlink:arcrole="http://xbrl.org/int/dim/arcrole/dimension-default" xlink:from="RangeAxis" xlink:to="RangeMember_2" xlink:title="definition: RangeAxis to RangeMember" use="optional" order="2.0" />
    <link:loc xlink:type="locator" xlink:href="http://xbrl.fasb.org/us-gaap/2012/elts/us-gaap-2012-01-31.xsd#us-gaap_MinimumMember" xlink:label="MinimumMember" xlink:title="MinimumMember" />
    <link:definitionArc xlink:type="arc" xlink:arcrole="http://xbrl.org/int/dim/arcrole/domain-member" xlink:from="RangeMember" xlink:to="MinimumMember" xlink:title="definition: RangeMember to MinimumMember" use="optional" order="1.0" />
    <link:loc xlink:type="locator" xlink:href="http://xbrl.fasb.org/us-gaap/2012/elts/us-gaap-2012-01-31.xsd#us-gaap_MaximumMember" xlink:label="MaximumMember" xlink:title="MaximumMember" />
    <link:definitionArc xlink:type="arc" xlink:arcrole="http://xbrl.org/int/dim/arcrole/domain-member" xlink:from="RangeMember" xlink:to="MaximumMember" xlink:title="definition: RangeMember to MaximumMember" use="optional" order="2.0" />
    <link:loc xlink:type="locator" xlink:href="http://xbrl.fasb.org/us-gaap/2012/elts/us-gaap-2012-01-31.xsd#us-gaap_PropertyPlantAndEquipmentUsefulLife" xlink:label="PropertyPlantAndEquipmentUsefulLife" xlink:title="PropertyPlantAndEquipmentUsefulLife" />
    <link:definitionArc xlink:type="arc" xlink:arcrole="http://xbrl.org/int/dim/arcrole/domain-member" xlink:from="PropertyPlantAndEquipmentLineItems" xlink:to="PropertyPlantAndEquipmentUsefulLife" xlink:title="definition: PropertyPlantAndEquipmentLineItems to PropertyPlantAndEquipmentUsefulLife" use="optional" order="2.0" />
  </link:definitionLink>
  <link:definitionLink xlink:type="extended" xlink:role="http://www.encision.com/role/StatementOfStockholdersEquity">
    <link:loc xlink:type="locator" xlink:href="http://xbrl.fasb.org/us-gaap/2012/elts/us-gaap-2012-01-31.xsd#us-gaap_StatementLineItems" xlink:label="StatementLineItems" xlink:title="StatementLineItems" />
    <link:loc xlink:type="locator" xlink:href="http://xbrl.fasb.org/us-gaap/2012/elts/us-gaap-2012-01-31.xsd#us-gaap_StatementTable" xlink:label="StatementTable" xlink:title="StatementTable" />
    <link:definitionArc xlink:type="arc" xlink:arcrole="http://xbrl.org/int/dim/arcrole/all" xlink:from="StatementLineItems" xlink:to="StatementTable" xlink:title="definition: StatementLineItems to StatementTable" order="10.0" xbrldt:closed="true" xbrldt:contextElement="segment" />
    <link:loc xlink:type="locator" xlink:href="http://xbrl.fasb.org/us-gaap/2012/elts/us-gaap-2012-01-31.xsd#us-gaap_StatementEquityComponentsAxis" xlink:label="StatementEquityComponentsAxis" xlink:title="StatementEquityComponentsAxis" />
    <link:definitionArc xlink:type="arc" xlink:arcrole="http://xbrl.org/int/dim/arcrole/hypercube-dimension" xlink:from="StatementTable" xlink:to="StatementEquityComponentsAxis" xlink:title="definition: StatementTable to StatementEquityComponentsAxis" use="optional" order="10.0" />
    <link:loc xlink:type="locator" xlink:href="http://xbrl.fasb.org/us-gaap/2012/elts/us-gaap-2012-01-31.xsd#us-gaap_EquityComponentDomain" xlink:label="EquityComponentDomain" xlink:title="EquityComponentDomain" />
    <link:definitionArc xlink:type="arc" xlink:arcrole="http://xbrl.org/int/dim/arcrole/dimension-domain" xlink:from="StatementEquityComponentsAxis" xlink:to="EquityComponentDomain" xlink:title="definition: StatementEquityComponentsAxis to EquityComponentDomain" use="optional" order="8000.0" />
    <link:loc xlink:type="locator" xlink:href="http://xbrl.fasb.org/us-gaap/2012/elts/us-gaap-2012-01-31.xsd#us-gaap_EquityComponentDomain" xlink:label="EquityComponentDomain_2" xlink:title="EquityComponentDomain" />
    <link:definitionArc xlink:type="arc" xlink:arcrole="http://xbrl.org/int/dim/arcrole/dimension-default" xlink:from="StatementEquityComponentsAxis" xlink:to="EquityComponentDomain_2" xlink:title="definition: StatementEquityComponentsAxis to EquityComponentDomain" use="optional" order="8010.0" />
    <link:loc xlink:type="locator" xlink:href="http://xbrl.fasb.org/us-gaap/2012/elts/us-gaap-2012-01-31.xsd#us-gaap_CommonStockIncludingAdditionalPaidInCapitalMember" xlink:label="CommonStockIncludingAdditionalPaidInCapitalMember" xlink:title="CommonStockIncludingAdditionalPaidInCapitalMember" />
    <link:definitionArc xlink:type="arc" xlink:arcrole="http://xbrl.org/int/dim/arcrole/domain-member" xlink:from="EquityComponentDomain" xlink:to="CommonStockIncludingAdditionalPaidInCapitalMember" xlink:title="definition: EquityComponentDomain to CommonStockIncludingAdditionalPaidInCapitalMember" use="optional" order="8000.0" />
    <link:loc xlink:type="locator" xlink:href="http://xbrl.fasb.org/us-gaap/2012/elts/us-gaap-2012-01-31.xsd#us-gaap_RetainedEarningsMember" xlink:label="RetainedEarningsMember" xlink:title="RetainedEarningsMember" />
    <link:definitionArc xlink:type="arc" xlink:arcrole="http://xbrl.org/int/dim/arcrole/domain-member" xlink:from="EquityComponentDomain" xlink:to="RetainedEarningsMember" xlink:title="definition: EquityComponentDomain to RetainedEarningsMember" use="optional" order="8010.0" />
    <link:loc xlink:type="locator" xlink:href="http://xbrl.fasb.org/us-gaap/2012/elts/us-gaap-2012-01-31.xsd#us-gaap_IncreaseDecreaseInStockholdersEquityRollForward" xlink:label="IncreaseDecreaseInStockholdersEquityRollForward" xlink:title="IncreaseDecreaseInStockholdersEquityRollForward" />
    <link:definitionArc xlink:type="arc" xlink:arcrole="http://xbrl.org/int/dim/arcrole/domain-member" xlink:from="StatementLineItems" xlink:to="IncreaseDecreaseInStockholdersEquityRollForward" xlink:title="definition: StatementLineItems to IncreaseDecreaseInStockholdersEquityRollForward" order="20.0" />
    <link:loc xlink:type="locator" xlink:href="http://xbrl.fasb.org/us-gaap/2012/elts/us-gaap-2012-01-31.xsd#us-gaap_StockIssuedDuringPeriodValueNewIssues" xlink:label="StockIssuedDuringPeriodValueNewIssues" xlink:title="StockIssuedDuringPeriodValueNewIssues" />
    <link:definitionArc xlink:type="arc" xlink:arcrole="http://xbrl.org/int/dim/arcrole/domain-member" xlink:from="IncreaseDecreaseInStockholdersEquityRollForward" xlink:to="StockIssuedDuringPeriodValueNewIssues" xlink:title="definition: IncreaseDecreaseInStockholdersEquityRollForward to StockIssuedDuringPeriodValueNewIssues" use="optional" order="20.0" />
    <link:loc xlink:type="locator" xlink:href="http://xbrl.fasb.org/us-gaap/2012/elts/us-gaap-2012-01-31.xsd#us-gaap_StockholdersEquityPeriodIncreaseDecrease" xlink:label="StockholdersEquityPeriodIncreaseDecrease" xlink:title="StockholdersEquityPeriodIncreaseDecrease" />
    <link:definitionArc xlink:type="arc" xlink:arcrole="http://xbrl.org/int/dim/arcrole/domain-member" xlink:from="IncreaseDecreaseInStockholdersEquityRollForward" xlink:to="StockholdersEquityPeriodIncreaseDecrease" xlink:title="definition: IncreaseDecreaseInStockholdersEquityRollForward to StockholdersEquityPeriodIncreaseDecrease" use="optional" order="50.0" />
    <link:loc xlink:type="locator" xlink:href="http://xbrl.fasb.org/us-gaap/2012/elts/us-gaap-2012-01-31.xsd#us-gaap_StockIssuedDuringPeriodSharesPeriodIncreaseDecrease" xlink:label="StockIssuedDuringPeriodSharesPeriodIncreaseDecrease" xlink:title="StockIssuedDuringPeriodSharesPeriodIncreaseDecrease" />
    <link:definitionArc xlink:type="arc" xlink:arcrole="http://xbrl.org/int/dim/arcrole/domain-member" xlink:from="StockholdersEquityPeriodIncreaseDecrease" xlink:to="StockIssuedDuringPeriodSharesPeriodIncreaseDecrease" xlink:title="definition: StockholdersEquityPeriodIncreaseDecrease to StockIssuedDuringPeriodSharesPeriodIncreaseDecrease" use="optional" order="10.0" />
    <link:loc xlink:type="locator" xlink:href="http://xbrl.fasb.org/us-gaap/2012/elts/us-gaap-2012-01-31.xsd#us-gaap_AdjustmentsToAdditionalPaidInCapitalShareBasedCompensationStockOptionsRequisiteServicePeriodRecognition" xlink:label="AdjustmentsToAdditionalPaidInCapitalShareBasedCompensationStockOptionsRequisiteServicePeriodRecognition" xlink:title="AdjustmentsToAdditionalPaidInCapitalShareBasedCompensationStockOptionsRequisiteServicePeriodRecognition" />
    <link:definitionArc xlink:type="arc" xlink:arcrole="http://xbrl.org/int/dim/arcrole/domain-member" xlink:from="IncreaseDecreaseInStockholdersEquityRollForward" xlink:to="AdjustmentsToAdditionalPaidInCapitalShareBasedCompensationStockOptionsRequisiteServicePeriodRecognition" xlink:title="definition: IncreaseDecreaseInStockholdersEquityRollForward to AdjustmentsToAdditionalPaidInCapitalShareBasedCompensationStockOptionsRequisiteServicePeriodRecognition" use="optional" order="51.0" />
  </link:definitionLink>
</link:linkbase>
