<?xml version="1.0" encoding="US-ASCII"?>
<!--XBRL Document Created with WebFilings-->
<!-- -->
<linkbase xsi:schemaLocation="http://www.xbrl.org/2003/linkbase http://www.xbrl.org/2003/xbrl-linkbase-2003-12-31.xsd" xmlns="http://www.xbrl.org/2003/linkbase" xmlns:xlink="http://www.w3.org/1999/xlink" xmlns:xsi="http://www.w3.org/2001/XMLSchema-instance">
  <roleRef roleURI="http://www.energizer.com/role/ConsolidatedBalanceSheets" xlink:href="enr-20121231.xsd#ConsolidatedBalanceSheets" xlink:type="simple" />
  <roleRef roleURI="http://www.energizer.com/role/ConsolidatedBalanceSheetsParentheticals" xlink:href="enr-20121231.xsd#ConsolidatedBalanceSheetsParentheticals" xlink:type="simple" />
  <roleRef roleURI="http://www.energizer.com/role/ConsolidatedStatementsOfCashFlows" xlink:href="enr-20121231.xsd#ConsolidatedStatementsOfCashFlows" xlink:type="simple" />
  <roleRef roleURI="http://www.energizer.com/role/ConsolidatedStatementsOfEarningsAndComprehensiveIncome" xlink:href="enr-20121231.xsd#ConsolidatedStatementsOfEarningsAndComprehensiveIncome" xlink:type="simple" />
  <roleRef roleURI="http://www.energizer.com/role/ConsolidatedStatementsOfEarningsAndComprehensiveIncomeParentheticals" xlink:href="enr-20121231.xsd#ConsolidatedStatementsOfEarningsAndComprehensiveIncomeParentheticals" xlink:type="simple" />
  <roleRef roleURI="http://www.energizer.com/role/Debt" xlink:href="enr-20121231.xsd#Debt" xlink:type="simple" />
  <roleRef roleURI="http://www.energizer.com/role/DebtCreditFacilityDetails" xlink:href="enr-20121231.xsd#DebtCreditFacilityDetails" xlink:type="simple" />
  <roleRef roleURI="http://www.energizer.com/role/DebtDetails" xlink:href="enr-20121231.xsd#DebtDetails" xlink:type="simple" />
  <roleRef roleURI="http://www.energizer.com/role/DebtTables" xlink:href="enr-20121231.xsd#DebtTables" xlink:type="simple" />
  <roleRef roleURI="http://www.energizer.com/role/DocumentAndEntityInformation" xlink:href="enr-20121231.xsd#DocumentAndEntityInformation" xlink:type="simple" />
  <roleRef roleURI="http://www.energizer.com/role/EarningsPerShare" xlink:href="enr-20121231.xsd#EarningsPerShare" xlink:type="simple" />
  <roleRef roleURI="http://www.energizer.com/role/EarningsPerShareDetails" xlink:href="enr-20121231.xsd#EarningsPerShareDetails" xlink:type="simple" />
  <roleRef roleURI="http://www.energizer.com/role/EarningsPerShareTables" xlink:href="enr-20121231.xsd#EarningsPerShareTables" xlink:type="simple" />
  <roleRef roleURI="http://www.energizer.com/role/FinancialInstrumentsAndRiskManagement" xlink:href="enr-20121231.xsd#FinancialInstrumentsAndRiskManagement" xlink:type="simple" />
  <roleRef roleURI="http://www.energizer.com/role/FinancialInstrumentsAndRiskManagementDerivativesDetails" xlink:href="enr-20121231.xsd#FinancialInstrumentsAndRiskManagementDerivativesDetails" xlink:type="simple" />
  <roleRef roleURI="http://www.energizer.com/role/FinancialInstrumentsAndRiskManagementFairValueDetails" xlink:href="enr-20121231.xsd#FinancialInstrumentsAndRiskManagementFairValueDetails" xlink:type="simple" />
  <roleRef roleURI="http://www.energizer.com/role/FinancialInstrumentsAndRiskManagementTables" xlink:href="enr-20121231.xsd#FinancialInstrumentsAndRiskManagementTables" xlink:type="simple" />
  <roleRef roleURI="http://www.energizer.com/role/GoodwillAndIntangiblesNet" xlink:href="enr-20121231.xsd#GoodwillAndIntangiblesNet" xlink:type="simple" />
  <roleRef roleURI="http://www.energizer.com/role/GoodwillAndIntangiblesNetFiniteLivedIntangiblesDetails" xlink:href="enr-20121231.xsd#GoodwillAndIntangiblesNetFiniteLivedIntangiblesDetails" xlink:type="simple" />
  <roleRef roleURI="http://www.energizer.com/role/GoodwillAndIntangiblesNetGoodwillDetails" xlink:href="enr-20121231.xsd#GoodwillAndIntangiblesNetGoodwillDetails" xlink:type="simple" />
  <roleRef roleURI="http://www.energizer.com/role/GoodwillAndIntangiblesNetIndefiniteLivedIntangiblesDetails" xlink:href="enr-20121231.xsd#GoodwillAndIntangiblesNetIndefiniteLivedIntangiblesDetails" xlink:type="simple" />
  <roleRef roleURI="http://www.energizer.com/role/GoodwillAndIntangiblesNetTables" xlink:href="enr-20121231.xsd#GoodwillAndIntangiblesNetTables" xlink:type="simple" />
  <roleRef roleURI="http://www.energizer.com/role/GuarantorAndNonGuarantorFinancialInformation" xlink:href="enr-20121231.xsd#GuarantorAndNonGuarantorFinancialInformation" xlink:type="simple" />
  <roleRef roleURI="http://www.energizer.com/role/GuarantorAndNonGuarantorFinancialInformationDetails" xlink:href="enr-20121231.xsd#GuarantorAndNonGuarantorFinancialInformationDetails" xlink:type="simple" />
  <roleRef roleURI="http://www.energizer.com/role/GuarantorAndNonGuarantorFinancialInformationTables" xlink:href="enr-20121231.xsd#GuarantorAndNonGuarantorFinancialInformationTables" xlink:type="simple" />
  <roleRef roleURI="http://www.energizer.com/role/LegalProceedingscontingencies" xlink:href="enr-20121231.xsd#LegalProceedingscontingencies" xlink:type="simple" />
  <roleRef roleURI="http://www.energizer.com/role/PensionPlansAndOtherPostretirementBenefits" xlink:href="enr-20121231.xsd#PensionPlansAndOtherPostretirementBenefits" xlink:type="simple" />
  <roleRef roleURI="http://www.energizer.com/role/PensionPlansAndOtherPostretirementBenefitsDetails" xlink:href="enr-20121231.xsd#PensionPlansAndOtherPostretirementBenefitsDetails" xlink:type="simple" />
  <roleRef roleURI="http://www.energizer.com/role/PensionPlansAndOtherPostretirementBenefitsTables" xlink:href="enr-20121231.xsd#PensionPlansAndOtherPostretirementBenefitsTables" xlink:type="simple" />
  <roleRef roleURI="http://www.energizer.com/role/RecentlyIssuedAccountingPronouncements" xlink:href="enr-20121231.xsd#RecentlyIssuedAccountingPronouncements" xlink:type="simple" />
  <roleRef roleURI="http://www.energizer.com/role/Restructuring" xlink:href="enr-20121231.xsd#Restructuring" xlink:type="simple" />
  <roleRef roleURI="http://www.energizer.com/role/RestructuringDetails" xlink:href="enr-20121231.xsd#RestructuringDetails" xlink:type="simple" />
  <roleRef roleURI="http://www.energizer.com/role/RestructuringTables" xlink:href="enr-20121231.xsd#RestructuringTables" xlink:type="simple" />
  <roleRef roleURI="http://www.energizer.com/role/SegmentNote" xlink:href="enr-20121231.xsd#SegmentNote" xlink:type="simple" />
  <roleRef roleURI="http://www.energizer.com/role/SegmentNoteDetails" xlink:href="enr-20121231.xsd#SegmentNoteDetails" xlink:type="simple" />
  <roleRef roleURI="http://www.energizer.com/role/SegmentNoteTables" xlink:href="enr-20121231.xsd#SegmentNoteTables" xlink:type="simple" />
  <roleRef roleURI="http://www.energizer.com/role/ShareBasedPayments" xlink:href="enr-20121231.xsd#ShareBasedPayments" xlink:type="simple" />
  <roleRef roleURI="http://www.energizer.com/role/ShareBasedPaymentsDetails" xlink:href="enr-20121231.xsd#ShareBasedPaymentsDetails" xlink:type="simple" />
  <roleRef roleURI="http://www.energizer.com/role/ShareholdersEquity" xlink:href="enr-20121231.xsd#ShareholdersEquity" xlink:type="simple" />
  <roleRef roleURI="http://www.energizer.com/role/ShareholdersEquityDetails" xlink:href="enr-20121231.xsd#ShareholdersEquityDetails" xlink:type="simple" />
  <roleRef roleURI="http://www.energizer.com/role/SupplementalFinancialStatementInformation" xlink:href="enr-20121231.xsd#SupplementalFinancialStatementInformation" xlink:type="simple" />
  <roleRef roleURI="http://www.energizer.com/role/SupplementalFinancialStatementInformationDetails" xlink:href="enr-20121231.xsd#SupplementalFinancialStatementInformationDetails" xlink:type="simple" />
  <roleRef roleURI="http://www.energizer.com/role/SupplementalFinancialStatementInformationTables" xlink:href="enr-20121231.xsd#SupplementalFinancialStatementInformationTables" xlink:type="simple" />
  <calculationLink xlink:role="http://www.energizer.com/role/ConsolidatedBalanceSheets" xlink:type="extended">
    <loc xlink:href="http://xbrl.fasb.org/us-gaap/2012/elts/us-gaap-2012-01-31.xsd#us-gaap_LiabilitiesAndStockholdersEquity" xlink:label="loc_us-gaap_LiabilitiesAndStockholdersEquity_5c4fc6ae-78f6-11e1-94fe-25ba39ebf1f4" xlink:type="locator" />
    <loc xlink:href="http://xbrl.fasb.org/us-gaap/2012/elts/us-gaap-2012-01-31.xsd#us-gaap_Liabilities" xlink:label="loc_us-gaap_Liabilities_5c30a2c4-78f6-11e1-94fe-25ba39ebf1f4" xlink:type="locator" />
    <calculationArc order="1" weight="1" xlink:arcrole="http://www.xbrl.org/2003/arcrole/summation-item" xlink:from="loc_us-gaap_LiabilitiesAndStockholdersEquity_5c4fc6ae-78f6-11e1-94fe-25ba39ebf1f4" xlink:to="loc_us-gaap_Liabilities_5c30a2c4-78f6-11e1-94fe-25ba39ebf1f4" xlink:type="arc" />
    <loc xlink:href="http://xbrl.fasb.org/us-gaap/2012/elts/us-gaap-2012-01-31.xsd#us-gaap_LiabilitiesCurrent" xlink:label="loc_us-gaap_LiabilitiesCurrent_5c188d92-78f6-11e1-94fe-25ba39ebf1f4" xlink:type="locator" />
    <calculationArc order="1" weight="1" xlink:arcrole="http://www.xbrl.org/2003/arcrole/summation-item" xlink:from="loc_us-gaap_Liabilities_5c30a2c4-78f6-11e1-94fe-25ba39ebf1f4" xlink:to="loc_us-gaap_LiabilitiesCurrent_5c188d92-78f6-11e1-94fe-25ba39ebf1f4" xlink:type="arc" />
    <loc xlink:href="http://xbrl.fasb.org/us-gaap/2012/elts/us-gaap-2012-01-31.xsd#us-gaap_LongTermDebtCurrent" xlink:label="loc_us-gaap_LongTermDebtCurrent_5ea447fe-78f6-11e1-94fe-25ba39ebf1f4" xlink:type="locator" />
    <calculationArc order="1" weight="1" xlink:arcrole="http://www.xbrl.org/2003/arcrole/summation-item" xlink:from="loc_us-gaap_LiabilitiesCurrent_5c188d92-78f6-11e1-94fe-25ba39ebf1f4" xlink:to="loc_us-gaap_LongTermDebtCurrent_5ea447fe-78f6-11e1-94fe-25ba39ebf1f4" xlink:type="arc" />
    <loc xlink:href="http://xbrl.fasb.org/us-gaap/2012/elts/us-gaap-2012-01-31.xsd#us-gaap_ShortTermBankLoansAndNotesPayable" xlink:label="loc_us-gaap_ShortTermBankLoansAndNotesPayable_6fb8c024-78f6-11e1-94fe-25ba39ebf1f4" xlink:type="locator" />
    <calculationArc order="2" weight="1" xlink:arcrole="http://www.xbrl.org/2003/arcrole/summation-item" xlink:from="loc_us-gaap_LiabilitiesCurrent_5c188d92-78f6-11e1-94fe-25ba39ebf1f4" xlink:to="loc_us-gaap_ShortTermBankLoansAndNotesPayable_6fb8c024-78f6-11e1-94fe-25ba39ebf1f4" xlink:type="arc" />
    <loc xlink:href="http://xbrl.fasb.org/us-gaap/2012/elts/us-gaap-2012-01-31.xsd#us-gaap_AccountsPayableCurrent" xlink:label="loc_us-gaap_AccountsPayableCurrent_28d58084-78f6-11e1-94fe-25ba39ebf1f4" xlink:type="locator" />
    <calculationArc order="3" weight="1" xlink:arcrole="http://www.xbrl.org/2003/arcrole/summation-item" xlink:from="loc_us-gaap_LiabilitiesCurrent_5c188d92-78f6-11e1-94fe-25ba39ebf1f4" xlink:to="loc_us-gaap_AccountsPayableCurrent_28d58084-78f6-11e1-94fe-25ba39ebf1f4" xlink:type="arc" />
    <loc xlink:href="enr-20121231.xsd#enr_TotalOtherCurrentLiabilities" xlink:label="loc_enr_TotalOtherCurrentLiabilities_a8b6b3fa-af2d-e517-84e3-010f05360c74" xlink:type="locator" />
    <calculationArc order="4" weight="1" xlink:arcrole="http://www.xbrl.org/2003/arcrole/summation-item" xlink:from="loc_us-gaap_LiabilitiesCurrent_5c188d92-78f6-11e1-94fe-25ba39ebf1f4" xlink:to="loc_enr_TotalOtherCurrentLiabilities_a8b6b3fa-af2d-e517-84e3-010f05360c74" xlink:type="arc" />
    <loc xlink:href="http://xbrl.fasb.org/us-gaap/2012/elts/us-gaap-2012-01-31.xsd#us-gaap_LongTermDebtNoncurrent" xlink:label="loc_us-gaap_LongTermDebtNoncurrent_5ea4bd74-78f6-11e1-94fe-25ba39ebf1f4" xlink:type="locator" />
    <calculationArc order="2" weight="1" xlink:arcrole="http://www.xbrl.org/2003/arcrole/summation-item" xlink:from="loc_us-gaap_Liabilities_5c30a2c4-78f6-11e1-94fe-25ba39ebf1f4" xlink:to="loc_us-gaap_LongTermDebtNoncurrent_5ea4bd74-78f6-11e1-94fe-25ba39ebf1f4" xlink:type="arc" />
    <loc xlink:href="http://xbrl.fasb.org/us-gaap/2012/elts/us-gaap-2012-01-31.xsd#us-gaap_LiabilitiesOtherThanLongtermDebtNoncurrent" xlink:label="loc_us-gaap_LiabilitiesOtherThanLongtermDebtNoncurrent_5c274602-78f6-11e1-94fe-25ba39ebf1f4" xlink:type="locator" />
    <calculationArc order="3" weight="1" xlink:arcrole="http://www.xbrl.org/2003/arcrole/summation-item" xlink:from="loc_us-gaap_Liabilities_5c30a2c4-78f6-11e1-94fe-25ba39ebf1f4" xlink:to="loc_us-gaap_LiabilitiesOtherThanLongtermDebtNoncurrent_5c274602-78f6-11e1-94fe-25ba39ebf1f4" xlink:type="arc" />
    <loc xlink:href="http://xbrl.fasb.org/us-gaap/2012/elts/us-gaap-2012-01-31.xsd#us-gaap_StockholdersEquity" xlink:label="loc_us-gaap_StockholdersEquity_70895bd0-78f6-11e1-94fe-25ba39ebf1f4" xlink:type="locator" />
    <calculationArc order="2" weight="1" xlink:arcrole="http://www.xbrl.org/2003/arcrole/summation-item" xlink:from="loc_us-gaap_LiabilitiesAndStockholdersEquity_5c4fc6ae-78f6-11e1-94fe-25ba39ebf1f4" xlink:to="loc_us-gaap_StockholdersEquity_70895bd0-78f6-11e1-94fe-25ba39ebf1f4" xlink:type="arc" />
    <loc xlink:href="http://xbrl.fasb.org/us-gaap/2012/elts/us-gaap-2012-01-31.xsd#us-gaap_CommonStockValue" xlink:label="loc_us-gaap_CommonStockValue_34ddf442-78f6-11e1-94fe-25ba39ebf1f4" xlink:type="locator" />
    <calculationArc order="1" weight="1" xlink:arcrole="http://www.xbrl.org/2003/arcrole/summation-item" xlink:from="loc_us-gaap_StockholdersEquity_70895bd0-78f6-11e1-94fe-25ba39ebf1f4" xlink:to="loc_us-gaap_CommonStockValue_34ddf442-78f6-11e1-94fe-25ba39ebf1f4" xlink:type="arc" />
    <loc xlink:href="http://xbrl.fasb.org/us-gaap/2012/elts/us-gaap-2012-01-31.xsd#us-gaap_AdditionalPaidInCapitalCommonStock" xlink:label="loc_us-gaap_AdditionalPaidInCapitalCommonStock_29c8cba4-78f6-11e1-94fe-25ba39ebf1f4" xlink:type="locator" />
    <calculationArc order="2" weight="1" xlink:arcrole="http://www.xbrl.org/2003/arcrole/summation-item" xlink:from="loc_us-gaap_StockholdersEquity_70895bd0-78f6-11e1-94fe-25ba39ebf1f4" xlink:to="loc_us-gaap_AdditionalPaidInCapitalCommonStock_29c8cba4-78f6-11e1-94fe-25ba39ebf1f4" xlink:type="arc" />
    <loc xlink:href="http://xbrl.fasb.org/us-gaap/2012/elts/us-gaap-2012-01-31.xsd#us-gaap_RetainedEarningsAccumulatedDeficit" xlink:label="loc_us-gaap_RetainedEarningsAccumulatedDeficit_6b785646-78f6-11e1-94fe-25ba39ebf1f4" xlink:type="locator" />
    <calculationArc order="3" weight="1" xlink:arcrole="http://www.xbrl.org/2003/arcrole/summation-item" xlink:from="loc_us-gaap_StockholdersEquity_70895bd0-78f6-11e1-94fe-25ba39ebf1f4" xlink:to="loc_us-gaap_RetainedEarningsAccumulatedDeficit_6b785646-78f6-11e1-94fe-25ba39ebf1f4" xlink:type="arc" />
    <loc xlink:href="http://xbrl.fasb.org/us-gaap/2012/elts/us-gaap-2012-01-31.xsd#us-gaap_TreasuryStockValue" xlink:label="loc_us-gaap_TreasuryStockValue_72998c1a-78f6-11e1-94fe-25ba39ebf1f4" xlink:type="locator" />
    <calculationArc order="4" weight="-1" xlink:arcrole="http://www.xbrl.org/2003/arcrole/summation-item" xlink:from="loc_us-gaap_StockholdersEquity_70895bd0-78f6-11e1-94fe-25ba39ebf1f4" xlink:to="loc_us-gaap_TreasuryStockValue_72998c1a-78f6-11e1-94fe-25ba39ebf1f4" xlink:type="arc" />
    <loc xlink:href="http://xbrl.fasb.org/us-gaap/2012/elts/us-gaap-2012-01-31.xsd#us-gaap_AccumulatedOtherComprehensiveIncomeLossNetOfTax" xlink:label="loc_us-gaap_AccumulatedOtherComprehensiveIncomeLossNetOfTax_29c0ce5e-78f6-11e1-94fe-25ba39ebf1f4" xlink:type="locator" />
    <calculationArc order="5" weight="1" xlink:arcrole="http://www.xbrl.org/2003/arcrole/summation-item" xlink:from="loc_us-gaap_StockholdersEquity_70895bd0-78f6-11e1-94fe-25ba39ebf1f4" xlink:to="loc_us-gaap_AccumulatedOtherComprehensiveIncomeLossNetOfTax_29c0ce5e-78f6-11e1-94fe-25ba39ebf1f4" xlink:type="arc" />
    <loc xlink:href="http://xbrl.fasb.org/us-gaap/2012/elts/us-gaap-2012-01-31.xsd#us-gaap_AssetsCurrent" xlink:label="loc_us-gaap_AssetsCurrent_2c23c494-78f6-11e1-94fe-25ba39ebf1f4" xlink:type="locator" />
    <loc xlink:href="http://xbrl.fasb.org/us-gaap/2012/elts/us-gaap-2012-01-31.xsd#us-gaap_AccountsReceivableNetCurrent" xlink:label="loc_us-gaap_AccountsReceivableNetCurrent_28c3463a-78f6-11e1-94fe-25ba39ebf1f4" xlink:type="locator" />
    <calculationArc order="1" weight="1" xlink:arcrole="http://www.xbrl.org/2003/arcrole/summation-item" xlink:from="loc_us-gaap_AssetsCurrent_2c23c494-78f6-11e1-94fe-25ba39ebf1f4" xlink:to="loc_us-gaap_AccountsReceivableNetCurrent_28c3463a-78f6-11e1-94fe-25ba39ebf1f4" xlink:type="arc" />
    <loc xlink:href="http://xbrl.fasb.org/us-gaap/2012/elts/us-gaap-2012-01-31.xsd#us-gaap_CashAndCashEquivalentsAtCarryingValue" xlink:label="loc_us-gaap_CashAndCashEquivalentsAtCarryingValue_30cfd000-78f6-11e1-94fe-25ba39ebf1f4" xlink:type="locator" />
    <calculationArc order="2" weight="1" xlink:arcrole="http://www.xbrl.org/2003/arcrole/summation-item" xlink:from="loc_us-gaap_AssetsCurrent_2c23c494-78f6-11e1-94fe-25ba39ebf1f4" xlink:to="loc_us-gaap_CashAndCashEquivalentsAtCarryingValue_30cfd000-78f6-11e1-94fe-25ba39ebf1f4" xlink:type="arc" />
    <loc xlink:href="http://xbrl.fasb.org/us-gaap/2012/elts/us-gaap-2012-01-31.xsd#us-gaap_InventoryNet" xlink:label="loc_us-gaap_InventoryNet_5b10f3ee-78f6-11e1-94fe-25ba39ebf1f4" xlink:type="locator" />
    <calculationArc order="3" weight="1" xlink:arcrole="http://www.xbrl.org/2003/arcrole/summation-item" xlink:from="loc_us-gaap_AssetsCurrent_2c23c494-78f6-11e1-94fe-25ba39ebf1f4" xlink:to="loc_us-gaap_InventoryNet_5b10f3ee-78f6-11e1-94fe-25ba39ebf1f4" xlink:type="arc" />
    <loc xlink:href="http://xbrl.fasb.org/us-gaap/2012/elts/us-gaap-2012-01-31.xsd#us-gaap_PrepaidExpenseAndOtherAssetsCurrent" xlink:label="loc_us-gaap_PrepaidExpenseAndOtherAssetsCurrent_66a1ef74-78f6-11e1-94fe-25ba39ebf1f4" xlink:type="locator" />
    <calculationArc order="4" weight="1" xlink:arcrole="http://www.xbrl.org/2003/arcrole/summation-item" xlink:from="loc_us-gaap_AssetsCurrent_2c23c494-78f6-11e1-94fe-25ba39ebf1f4" xlink:to="loc_us-gaap_PrepaidExpenseAndOtherAssetsCurrent_66a1ef74-78f6-11e1-94fe-25ba39ebf1f4" xlink:type="arc" />
  </calculationLink>
  <calculationLink xlink:role="http://www.energizer.com/role/ConsolidatedBalanceSheetsParentheticals" xlink:type="extended" />
  <calculationLink xlink:role="http://www.energizer.com/role/ConsolidatedStatementsOfCashFlows" xlink:type="extended">
    <loc xlink:href="http://xbrl.fasb.org/us-gaap/2012/elts/us-gaap-2012-01-31.xsd#us-gaap_CashAndCashEquivalentsPeriodIncreaseDecrease" xlink:label="loc_us-gaap_CashAndCashEquivalentsPeriodIncreaseDecrease_31a4213e-78f6-11e1-94fe-25ba39ebf1f4" xlink:type="locator" />
    <loc xlink:href="http://xbrl.fasb.org/us-gaap/2012/elts/us-gaap-2012-01-31.xsd#us-gaap_NetCashProvidedByUsedInOperatingActivities" xlink:label="loc_us-gaap_NetCashProvidedByUsedInOperatingActivities_611fd732-78f6-11e1-94fe-25ba39ebf1f4" xlink:type="locator" />
    <calculationArc order="1" weight="1" xlink:arcrole="http://www.xbrl.org/2003/arcrole/summation-item" xlink:from="loc_us-gaap_CashAndCashEquivalentsPeriodIncreaseDecrease_31a4213e-78f6-11e1-94fe-25ba39ebf1f4" xlink:to="loc_us-gaap_NetCashProvidedByUsedInOperatingActivities_611fd732-78f6-11e1-94fe-25ba39ebf1f4" xlink:type="arc" />
    <loc xlink:href="enr-20121231.xsd#enr_OperatingCashFlowBeforeChangesInWorkingCapital" xlink:label="loc_enr_OperatingCashFlowBeforeChangesInWorkingCapital_65bf24f3-0917-9835-4ccf-010f1379bbb7" xlink:type="locator" />
    <calculationArc order="1" weight="1" xlink:arcrole="http://www.xbrl.org/2003/arcrole/summation-item" xlink:from="loc_us-gaap_NetCashProvidedByUsedInOperatingActivities_611fd732-78f6-11e1-94fe-25ba39ebf1f4" xlink:to="loc_enr_OperatingCashFlowBeforeChangesInWorkingCapital_65bf24f3-0917-9835-4ccf-010f1379bbb7" xlink:type="arc" />
    <loc xlink:href="http://xbrl.fasb.org/us-gaap/2012/elts/us-gaap-2012-01-31.xsd#us-gaap_NetIncomeLoss" xlink:label="loc_us-gaap_NetIncomeLoss_611bec6c-78f6-11e1-94fe-25ba39ebf1f4" xlink:type="locator" />
    <calculationArc order="1" weight="1" xlink:arcrole="http://www.xbrl.org/2003/arcrole/summation-item" xlink:from="loc_enr_OperatingCashFlowBeforeChangesInWorkingCapital_65bf24f3-0917-9835-4ccf-010f1379bbb7" xlink:to="loc_us-gaap_NetIncomeLoss_611bec6c-78f6-11e1-94fe-25ba39ebf1f4" xlink:type="arc" />
    <loc xlink:href="http://xbrl.fasb.org/us-gaap/2012/elts/us-gaap-2012-01-31.xsd#us-gaap_DefinedBenefitPlanRecognizedNetGainLossDueToSettlementsAndCurtailments1" xlink:label="loc_us-gaap_DefinedBenefitPlanRecognizedNetGainLossDueToSettlementsAndCurtailments1_47eb8a40-78f6-11e1-94fe-25ba39ebf1f4" xlink:type="locator" />
    <calculationArc order="2" weight="-1" xlink:arcrole="http://www.xbrl.org/2003/arcrole/summation-item" xlink:from="loc_enr_OperatingCashFlowBeforeChangesInWorkingCapital_65bf24f3-0917-9835-4ccf-010f1379bbb7" xlink:to="loc_us-gaap_DefinedBenefitPlanRecognizedNetGainLossDueToSettlementsAndCurtailments1_47eb8a40-78f6-11e1-94fe-25ba39ebf1f4" xlink:type="arc" />
    <loc xlink:href="http://xbrl.fasb.org/us-gaap/2012/elts/us-gaap-2012-01-31.xsd#us-gaap_OtherNoncashExpense" xlink:label="loc_us-gaap_OtherNoncashExpense_63e27588-78f6-11e1-94fe-25ba39ebf1f4" xlink:type="locator" />
    <calculationArc order="3" weight="1" xlink:arcrole="http://www.xbrl.org/2003/arcrole/summation-item" xlink:from="loc_enr_OperatingCashFlowBeforeChangesInWorkingCapital_65bf24f3-0917-9835-4ccf-010f1379bbb7" xlink:to="loc_us-gaap_OtherNoncashExpense_63e27588-78f6-11e1-94fe-25ba39ebf1f4" xlink:type="arc" />
    <loc xlink:href="http://xbrl.fasb.org/us-gaap/2012/elts/us-gaap-2012-01-31.xsd#us-gaap_OtherNoncashIncomeExpense" xlink:label="loc_us-gaap_OtherNoncashIncomeExpense_62b35f06-78f6-11e1-94fe-25ba39ebf1f4" xlink:type="locator" />
    <calculationArc order="4" weight="-1" xlink:arcrole="http://www.xbrl.org/2003/arcrole/summation-item" xlink:from="loc_enr_OperatingCashFlowBeforeChangesInWorkingCapital_65bf24f3-0917-9835-4ccf-010f1379bbb7" xlink:to="loc_us-gaap_OtherNoncashIncomeExpense_62b35f06-78f6-11e1-94fe-25ba39ebf1f4" xlink:type="arc" />
    <loc xlink:href="http://xbrl.fasb.org/us-gaap/2012/elts/us-gaap-2012-01-31.xsd#us-gaap_RestructuringCharges" xlink:label="loc_us-gaap_RestructuringCharges_6b3ba980-78f6-11e1-94fe-25ba39ebf1f4" xlink:type="locator" />
    <calculationArc order="5" weight="1" xlink:arcrole="http://www.xbrl.org/2003/arcrole/summation-item" xlink:from="loc_enr_OperatingCashFlowBeforeChangesInWorkingCapital_65bf24f3-0917-9835-4ccf-010f1379bbb7" xlink:to="loc_us-gaap_RestructuringCharges_6b3ba980-78f6-11e1-94fe-25ba39ebf1f4" xlink:type="arc" />
    <loc xlink:href="http://xbrl.fasb.org/us-gaap/2012/elts/us-gaap-2012-01-31.xsd#us-gaap_AssetImpairmentCharges" xlink:label="loc_us-gaap_AssetImpairmentCharges_2ba9d292-78f6-11e1-94fe-25ba39ebf1f4" xlink:type="locator" />
    <calculationArc order="6" weight="1" xlink:arcrole="http://www.xbrl.org/2003/arcrole/summation-item" xlink:from="loc_enr_OperatingCashFlowBeforeChangesInWorkingCapital_65bf24f3-0917-9835-4ccf-010f1379bbb7" xlink:to="loc_us-gaap_AssetImpairmentCharges_2ba9d292-78f6-11e1-94fe-25ba39ebf1f4" xlink:type="arc" />
    <loc xlink:href="http://xbrl.fasb.org/us-gaap/2012/elts/us-gaap-2012-01-31.xsd#us-gaap_IncreaseDecreaseInOperatingCapital" xlink:label="loc_us-gaap_IncreaseDecreaseInOperatingCapital_59660ac0-78f6-11e1-94fe-25ba39ebf1f4" xlink:type="locator" />
    <calculationArc order="2" weight="1" xlink:arcrole="http://www.xbrl.org/2003/arcrole/summation-item" xlink:from="loc_us-gaap_NetCashProvidedByUsedInOperatingActivities_611fd732-78f6-11e1-94fe-25ba39ebf1f4" xlink:to="loc_us-gaap_IncreaseDecreaseInOperatingCapital_59660ac0-78f6-11e1-94fe-25ba39ebf1f4" xlink:type="arc" />
    <loc xlink:href="http://xbrl.fasb.org/us-gaap/2012/elts/us-gaap-2012-01-31.xsd#us-gaap_NetCashProvidedByUsedInInvestingActivities" xlink:label="loc_us-gaap_NetCashProvidedByUsedInInvestingActivities_60ef698a-78f6-11e1-94fe-25ba39ebf1f4" xlink:type="locator" />
    <calculationArc order="2" weight="1" xlink:arcrole="http://www.xbrl.org/2003/arcrole/summation-item" xlink:from="loc_us-gaap_CashAndCashEquivalentsPeriodIncreaseDecrease_31a4213e-78f6-11e1-94fe-25ba39ebf1f4" xlink:to="loc_us-gaap_NetCashProvidedByUsedInInvestingActivities_60ef698a-78f6-11e1-94fe-25ba39ebf1f4" xlink:type="arc" />
    <loc xlink:href="http://xbrl.fasb.org/us-gaap/2012/elts/us-gaap-2012-01-31.xsd#us-gaap_PaymentsToAcquirePropertyPlantAndEquipment" xlink:label="loc_us-gaap_PaymentsToAcquirePropertyPlantAndEquipment_651f66f4-78f6-11e1-94fe-25ba39ebf1f4" xlink:type="locator" />
    <calculationArc order="1" weight="-1" xlink:arcrole="http://www.xbrl.org/2003/arcrole/summation-item" xlink:from="loc_us-gaap_NetCashProvidedByUsedInInvestingActivities_60ef698a-78f6-11e1-94fe-25ba39ebf1f4" xlink:to="loc_us-gaap_PaymentsToAcquirePropertyPlantAndEquipment_651f66f4-78f6-11e1-94fe-25ba39ebf1f4" xlink:type="arc" />
    <loc xlink:href="http://xbrl.fasb.org/us-gaap/2012/elts/us-gaap-2012-01-31.xsd#us-gaap_ProceedsFromSaleOfProductiveAssets" xlink:label="loc_us-gaap_ProceedsFromSaleOfProductiveAssets_677afcce-78f6-11e1-94fe-25ba39ebf1f4" xlink:type="locator" />
    <calculationArc order="2" weight="1" xlink:arcrole="http://www.xbrl.org/2003/arcrole/summation-item" xlink:from="loc_us-gaap_NetCashProvidedByUsedInInvestingActivities_60ef698a-78f6-11e1-94fe-25ba39ebf1f4" xlink:to="loc_us-gaap_ProceedsFromSaleOfProductiveAssets_677afcce-78f6-11e1-94fe-25ba39ebf1f4" xlink:type="arc" />
    <loc xlink:href="http://xbrl.fasb.org/us-gaap/2012/elts/us-gaap-2012-01-31.xsd#us-gaap_PaymentsForProceedsFromOtherInvestingActivities" xlink:label="loc_us-gaap_PaymentsForProceedsFromOtherInvestingActivities_64c6dc96-78f6-11e1-94fe-25ba39ebf1f4" xlink:type="locator" />
    <calculationArc order="3" weight="-1" xlink:arcrole="http://www.xbrl.org/2003/arcrole/summation-item" xlink:from="loc_us-gaap_NetCashProvidedByUsedInInvestingActivities_60ef698a-78f6-11e1-94fe-25ba39ebf1f4" xlink:to="loc_us-gaap_PaymentsForProceedsFromOtherInvestingActivities_64c6dc96-78f6-11e1-94fe-25ba39ebf1f4" xlink:type="arc" />
    <loc xlink:href="http://xbrl.fasb.org/us-gaap/2012/elts/us-gaap-2012-01-31.xsd#us-gaap_NetCashProvidedByUsedInFinancingActivities" xlink:label="loc_us-gaap_NetCashProvidedByUsedInFinancingActivities_60f52a96-78f6-11e1-94fe-25ba39ebf1f4" xlink:type="locator" />
    <calculationArc order="3" weight="1" xlink:arcrole="http://www.xbrl.org/2003/arcrole/summation-item" xlink:from="loc_us-gaap_CashAndCashEquivalentsPeriodIncreaseDecrease_31a4213e-78f6-11e1-94fe-25ba39ebf1f4" xlink:to="loc_us-gaap_NetCashProvidedByUsedInFinancingActivities_60f52a96-78f6-11e1-94fe-25ba39ebf1f4" xlink:type="arc" />
    <loc xlink:href="http://xbrl.fasb.org/us-gaap/2012/elts/us-gaap-2012-01-31.xsd#us-gaap_RepaymentsOfShortTermDebtMaturingInMoreThanThreeMonths" xlink:label="loc_us-gaap_RepaymentsOfShortTermDebtMaturingInMoreThanThreeMonths_6ad88512-78f6-11e1-94fe-25ba39ebf1f4" xlink:type="locator" />
    <calculationArc order="1" weight="-1" xlink:arcrole="http://www.xbrl.org/2003/arcrole/summation-item" xlink:from="loc_us-gaap_NetCashProvidedByUsedInFinancingActivities_60f52a96-78f6-11e1-94fe-25ba39ebf1f4" xlink:to="loc_us-gaap_RepaymentsOfShortTermDebtMaturingInMoreThanThreeMonths_6ad88512-78f6-11e1-94fe-25ba39ebf1f4" xlink:type="arc" />
    <loc xlink:href="http://xbrl.fasb.org/us-gaap/2012/elts/us-gaap-2012-01-31.xsd#us-gaap_ProceedsFromRepaymentsOfShortTermDebtMaturingInThreeMonthsOrLess" xlink:label="loc_us-gaap_ProceedsFromRepaymentsOfShortTermDebtMaturingInThreeMonthsOrLess_671e8dae-78f6-11e1-94fe-25ba39ebf1f4" xlink:type="locator" />
    <calculationArc order="2" weight="1" xlink:arcrole="http://www.xbrl.org/2003/arcrole/summation-item" xlink:from="loc_us-gaap_NetCashProvidedByUsedInFinancingActivities_60f52a96-78f6-11e1-94fe-25ba39ebf1f4" xlink:to="loc_us-gaap_ProceedsFromRepaymentsOfShortTermDebtMaturingInThreeMonthsOrLess_671e8dae-78f6-11e1-94fe-25ba39ebf1f4" xlink:type="arc" />
    <loc xlink:href="http://xbrl.fasb.org/us-gaap/2012/elts/us-gaap-2012-01-31.xsd#us-gaap_PaymentsForRepurchaseOfCommonStock" xlink:label="loc_us-gaap_PaymentsForRepurchaseOfCommonStock_651668c4-78f6-11e1-94fe-25ba39ebf1f4" xlink:type="locator" />
    <calculationArc order="3" weight="-1" xlink:arcrole="http://www.xbrl.org/2003/arcrole/summation-item" xlink:from="loc_us-gaap_NetCashProvidedByUsedInFinancingActivities_60f52a96-78f6-11e1-94fe-25ba39ebf1f4" xlink:to="loc_us-gaap_PaymentsForRepurchaseOfCommonStock_651668c4-78f6-11e1-94fe-25ba39ebf1f4" xlink:type="arc" />
    <loc xlink:href="http://xbrl.fasb.org/us-gaap/2012/elts/us-gaap-2012-01-31.xsd#us-gaap_PaymentsOfDividends" xlink:label="loc_us-gaap_PaymentsOfDividends_65170d60-78f6-11e1-94fe-25ba39ebf1f4" xlink:type="locator" />
    <calculationArc order="4" weight="-1" xlink:arcrole="http://www.xbrl.org/2003/arcrole/summation-item" xlink:from="loc_us-gaap_NetCashProvidedByUsedInFinancingActivities_60f52a96-78f6-11e1-94fe-25ba39ebf1f4" xlink:to="loc_us-gaap_PaymentsOfDividends_65170d60-78f6-11e1-94fe-25ba39ebf1f4" xlink:type="arc" />
    <loc xlink:href="http://xbrl.fasb.org/us-gaap/2012/elts/us-gaap-2012-01-31.xsd#us-gaap_ProceedsFromIssuanceOfCommonStock" xlink:label="loc_us-gaap_ProceedsFromIssuanceOfCommonStock_67480440-78f6-11e1-94fe-25ba39ebf1f4" xlink:type="locator" />
    <calculationArc order="5" weight="1" xlink:arcrole="http://www.xbrl.org/2003/arcrole/summation-item" xlink:from="loc_us-gaap_NetCashProvidedByUsedInFinancingActivities_60f52a96-78f6-11e1-94fe-25ba39ebf1f4" xlink:to="loc_us-gaap_ProceedsFromIssuanceOfCommonStock_67480440-78f6-11e1-94fe-25ba39ebf1f4" xlink:type="arc" />
    <loc xlink:href="http://xbrl.fasb.org/us-gaap/2012/elts/us-gaap-2012-01-31.xsd#us-gaap_ExcessTaxBenefitFromShareBasedCompensationFinancingActivities" xlink:label="loc_us-gaap_ExcessTaxBenefitFromShareBasedCompensationFinancingActivities_4f6b30fe-78f6-11e1-94fe-25ba39ebf1f4" xlink:type="locator" />
    <calculationArc order="6" weight="1" xlink:arcrole="http://www.xbrl.org/2003/arcrole/summation-item" xlink:from="loc_us-gaap_NetCashProvidedByUsedInFinancingActivities_60f52a96-78f6-11e1-94fe-25ba39ebf1f4" xlink:to="loc_us-gaap_ExcessTaxBenefitFromShareBasedCompensationFinancingActivities_4f6b30fe-78f6-11e1-94fe-25ba39ebf1f4" xlink:type="arc" />
    <loc xlink:href="http://xbrl.fasb.org/us-gaap/2012/elts/us-gaap-2012-01-31.xsd#us-gaap_ProceedsFromIssuanceOfLongTermDebt" xlink:label="loc_us-gaap_ProceedsFromIssuanceOfLongTermDebt_6747dee8-78f6-11e1-94fe-25ba39ebf1f4" xlink:type="locator" />
    <calculationArc order="7" weight="1" xlink:arcrole="http://www.xbrl.org/2003/arcrole/summation-item" xlink:from="loc_us-gaap_NetCashProvidedByUsedInFinancingActivities_60f52a96-78f6-11e1-94fe-25ba39ebf1f4" xlink:to="loc_us-gaap_ProceedsFromIssuanceOfLongTermDebt_6747dee8-78f6-11e1-94fe-25ba39ebf1f4" xlink:type="arc" />
    <loc xlink:href="http://xbrl.fasb.org/us-gaap/2012/elts/us-gaap-2012-01-31.xsd#us-gaap_PaymentsOfDebtIssuanceCosts" xlink:label="loc_us-gaap_PaymentsOfDebtIssuanceCosts_64ca4a0c-78f6-11e1-94fe-25ba39ebf1f4" xlink:type="locator" />
    <calculationArc order="8" weight="-1" xlink:arcrole="http://www.xbrl.org/2003/arcrole/summation-item" xlink:from="loc_us-gaap_NetCashProvidedByUsedInFinancingActivities_60f52a96-78f6-11e1-94fe-25ba39ebf1f4" xlink:to="loc_us-gaap_PaymentsOfDebtIssuanceCosts_64ca4a0c-78f6-11e1-94fe-25ba39ebf1f4" xlink:type="arc" />
    <loc xlink:href="http://xbrl.fasb.org/us-gaap/2012/elts/us-gaap-2012-01-31.xsd#us-gaap_EffectOfExchangeRateOnCashAndCashEquivalents" xlink:label="loc_us-gaap_EffectOfExchangeRateOnCashAndCashEquivalents_4dd8ac80-78f6-11e1-94fe-25ba39ebf1f4" xlink:type="locator" />
    <calculationArc order="4" weight="1" xlink:arcrole="http://www.xbrl.org/2003/arcrole/summation-item" xlink:from="loc_us-gaap_CashAndCashEquivalentsPeriodIncreaseDecrease_31a4213e-78f6-11e1-94fe-25ba39ebf1f4" xlink:to="loc_us-gaap_EffectOfExchangeRateOnCashAndCashEquivalents_4dd8ac80-78f6-11e1-94fe-25ba39ebf1f4" xlink:type="arc" />
  </calculationLink>
  <calculationLink xlink:role="http://www.energizer.com/role/ConsolidatedStatementsOfEarningsAndComprehensiveIncome" xlink:type="extended">
    <loc xlink:href="http://xbrl.fasb.org/us-gaap/2012/elts/us-gaap-2012-01-31.xsd#us-gaap_ComprehensiveIncomeNetOfTaxIncludingPortionAttributableToNoncontrollingInterest" xlink:label="loc_us-gaap_ComprehensiveIncomeNetOfTaxIncludingPortionAttributableToNoncontrollingInterest_39314da0-78f6-11e1-94fe-25ba39ebf1f4" xlink:type="locator" />
    <loc xlink:href="http://xbrl.fasb.org/us-gaap/2012/elts/us-gaap-2012-01-31.xsd#us-gaap_NetIncomeLoss" xlink:label="loc_us-gaap_NetIncomeLoss_611bec6c-78f6-11e1-94fe-25ba39ebf1f4" xlink:type="locator" />
    <calculationArc order="1" weight="1" xlink:arcrole="http://www.xbrl.org/2003/arcrole/summation-item" xlink:from="loc_us-gaap_ComprehensiveIncomeNetOfTaxIncludingPortionAttributableToNoncontrollingInterest_39314da0-78f6-11e1-94fe-25ba39ebf1f4" xlink:to="loc_us-gaap_NetIncomeLoss_611bec6c-78f6-11e1-94fe-25ba39ebf1f4" xlink:type="arc" />
    <loc xlink:href="http://xbrl.fasb.org/us-gaap/2012/elts/us-gaap-2012-01-31.xsd#us-gaap_IncomeLossFromContinuingOperationsBeforeIncomeTaxesMinorityInterestAndIncomeLossFromEquityMethodInvestments" xlink:label="loc_us-gaap_IncomeLossFromContinuingOperationsBeforeIncomeTaxesMinorityInterestAndIncomeLossFromEquityMethodInvestments_5817da40-78f6-11e1-94fe-25ba39ebf1f4" xlink:type="locator" />
    <calculationArc order="1" weight="1" xlink:arcrole="http://www.xbrl.org/2003/arcrole/summation-item" xlink:from="loc_us-gaap_NetIncomeLoss_611bec6c-78f6-11e1-94fe-25ba39ebf1f4" xlink:to="loc_us-gaap_IncomeLossFromContinuingOperationsBeforeIncomeTaxesMinorityInterestAndIncomeLossFromEquityMethodInvestments_5817da40-78f6-11e1-94fe-25ba39ebf1f4" xlink:type="arc" />
    <loc xlink:href="http://xbrl.fasb.org/us-gaap/2012/elts/us-gaap-2012-01-31.xsd#us-gaap_IncomeTaxExpenseBenefit" xlink:label="loc_us-gaap_IncomeTaxExpenseBenefit_584ce050-78f6-11e1-94fe-25ba39ebf1f4" xlink:type="locator" />
    <calculationArc order="2" weight="-1" xlink:arcrole="http://www.xbrl.org/2003/arcrole/summation-item" xlink:from="loc_us-gaap_NetIncomeLoss_611bec6c-78f6-11e1-94fe-25ba39ebf1f4" xlink:to="loc_us-gaap_IncomeTaxExpenseBenefit_584ce050-78f6-11e1-94fe-25ba39ebf1f4" xlink:type="arc" />
    <loc xlink:href="http://xbrl.fasb.org/us-gaap/2012/elts/us-gaap-2012-01-31.xsd#us-gaap_OtherComprehensiveIncomeLossForeignCurrencyTransactionAndTranslationAdjustmentNetOfTax" xlink:label="loc_us-gaap_OtherComprehensiveIncomeLossForeignCurrencyTransactionAndTranslationAdjustmentNetOfTax_633cc110-78f6-11e1-94fe-25ba39ebf1f4" xlink:type="locator" />
    <calculationArc order="2" weight="1" xlink:arcrole="http://www.xbrl.org/2003/arcrole/summation-item" xlink:from="loc_us-gaap_ComprehensiveIncomeNetOfTaxIncludingPortionAttributableToNoncontrollingInterest_39314da0-78f6-11e1-94fe-25ba39ebf1f4" xlink:to="loc_us-gaap_OtherComprehensiveIncomeLossForeignCurrencyTransactionAndTranslationAdjustmentNetOfTax_633cc110-78f6-11e1-94fe-25ba39ebf1f4" xlink:type="arc" />
    <loc xlink:href="http://xbrl.fasb.org/us-gaap/2012/elts/us-gaap-2012-01-31.xsd#us-gaap_OtherComprehensiveIncomeLossPensionAndOtherPostretirementBenefitPlansAdjustmentNetOfTax" xlink:label="loc_us-gaap_OtherComprehensiveIncomeLossPensionAndOtherPostretirementBenefitPlansAdjustmentNetOfTax_62e4b894-78f6-11e1-94fe-25ba39ebf1f4" xlink:type="locator" />
    <calculationArc order="3" weight="-1" xlink:arcrole="http://www.xbrl.org/2003/arcrole/summation-item" xlink:from="loc_us-gaap_ComprehensiveIncomeNetOfTaxIncludingPortionAttributableToNoncontrollingInterest_39314da0-78f6-11e1-94fe-25ba39ebf1f4" xlink:to="loc_us-gaap_OtherComprehensiveIncomeLossPensionAndOtherPostretirementBenefitPlansAdjustmentNetOfTax_62e4b894-78f6-11e1-94fe-25ba39ebf1f4" xlink:type="arc" />
    <loc xlink:href="http://xbrl.fasb.org/us-gaap/2012/elts/us-gaap-2012-01-31.xsd#us-gaap_OtherComprehensiveIncomeLossDerivativesQualifyingAsHedgesNetOfTax" xlink:label="loc_us-gaap_OtherComprehensiveIncomeLossDerivativesQualifyingAsHedgesNetOfTax_633b6cac-78f6-11e1-94fe-25ba39ebf1f4" xlink:type="locator" />
    <calculationArc order="4" weight="1" xlink:arcrole="http://www.xbrl.org/2003/arcrole/summation-item" xlink:from="loc_us-gaap_ComprehensiveIncomeNetOfTaxIncludingPortionAttributableToNoncontrollingInterest_39314da0-78f6-11e1-94fe-25ba39ebf1f4" xlink:to="loc_us-gaap_OtherComprehensiveIncomeLossDerivativesQualifyingAsHedgesNetOfTax_633b6cac-78f6-11e1-94fe-25ba39ebf1f4" xlink:type="arc" />
    <loc xlink:href="http://xbrl.fasb.org/us-gaap/2012/elts/us-gaap-2012-01-31.xsd#us-gaap_GrossProfit" xlink:label="loc_us-gaap_GrossProfit_56a7c864-78f6-11e1-94fe-25ba39ebf1f4" xlink:type="locator" />
    <loc xlink:href="http://xbrl.fasb.org/us-gaap/2012/elts/us-gaap-2012-01-31.xsd#us-gaap_SalesRevenueGoodsNet" xlink:label="loc_us-gaap_SalesRevenueGoodsNet_6c240414-78f6-11e1-94fe-25ba39ebf1f4" xlink:type="locator" />
    <calculationArc order="1" weight="1" xlink:arcrole="http://www.xbrl.org/2003/arcrole/summation-item" xlink:from="loc_us-gaap_GrossProfit_56a7c864-78f6-11e1-94fe-25ba39ebf1f4" xlink:to="loc_us-gaap_SalesRevenueGoodsNet_6c240414-78f6-11e1-94fe-25ba39ebf1f4" xlink:type="arc" />
    <loc xlink:href="http://xbrl.fasb.org/us-gaap/2012/elts/us-gaap-2012-01-31.xsd#us-gaap_CostOfGoodsSold" xlink:label="loc_us-gaap_CostOfGoodsSold_40414a32-78f6-11e1-94fe-25ba39ebf1f4" xlink:type="locator" />
    <calculationArc order="2" weight="-1" xlink:arcrole="http://www.xbrl.org/2003/arcrole/summation-item" xlink:from="loc_us-gaap_GrossProfit_56a7c864-78f6-11e1-94fe-25ba39ebf1f4" xlink:to="loc_us-gaap_CostOfGoodsSold_40414a32-78f6-11e1-94fe-25ba39ebf1f4" xlink:type="arc" />
  </calculationLink>
  <calculationLink xlink:role="http://www.energizer.com/role/ConsolidatedStatementsOfEarningsAndComprehensiveIncomeParentheticals" xlink:type="extended" />
  <calculationLink xlink:role="http://www.energizer.com/role/Debt" xlink:type="extended" />
  <calculationLink xlink:role="http://www.energizer.com/role/DebtCreditFacilityDetails" xlink:type="extended" />
  <calculationLink xlink:role="http://www.energizer.com/role/DebtDetails" xlink:type="extended">
    <loc xlink:href="http://xbrl.fasb.org/us-gaap/2012/elts/us-gaap-2012-01-31.xsd#us-gaap_LongTermDebt" xlink:label="loc_us-gaap_LongTermDebt_5e43607e-78f6-11e1-94fe-25ba39ebf1f4" xlink:type="locator" />
    <loc xlink:href="http://xbrl.fasb.org/us-gaap/2012/elts/us-gaap-2012-01-31.xsd#us-gaap_LongTermDebtCurrent" xlink:label="loc_us-gaap_LongTermDebtCurrent_5ea447fe-78f6-11e1-94fe-25ba39ebf1f4" xlink:type="locator" />
    <calculationArc order="1" weight="1" xlink:arcrole="http://www.xbrl.org/2003/arcrole/summation-item" xlink:from="loc_us-gaap_LongTermDebt_5e43607e-78f6-11e1-94fe-25ba39ebf1f4" xlink:to="loc_us-gaap_LongTermDebtCurrent_5ea447fe-78f6-11e1-94fe-25ba39ebf1f4" xlink:type="arc" />
    <loc xlink:href="http://xbrl.fasb.org/us-gaap/2012/elts/us-gaap-2012-01-31.xsd#us-gaap_LongTermDebtNoncurrent" xlink:label="loc_us-gaap_LongTermDebtNoncurrent_5ea4bd74-78f6-11e1-94fe-25ba39ebf1f4" xlink:type="locator" />
    <calculationArc order="2" weight="1" xlink:arcrole="http://www.xbrl.org/2003/arcrole/summation-item" xlink:from="loc_us-gaap_LongTermDebt_5e43607e-78f6-11e1-94fe-25ba39ebf1f4" xlink:to="loc_us-gaap_LongTermDebtNoncurrent_5ea4bd74-78f6-11e1-94fe-25ba39ebf1f4" xlink:type="arc" />
  </calculationLink>
  <calculationLink xlink:role="http://www.energizer.com/role/DebtTables" xlink:type="extended" />
  <calculationLink xlink:role="http://www.energizer.com/role/DocumentAndEntityInformation" xlink:type="extended" />
  <calculationLink xlink:role="http://www.energizer.com/role/EarningsPerShare" xlink:type="extended" />
  <calculationLink xlink:role="http://www.energizer.com/role/EarningsPerShareDetails" xlink:type="extended">
    <loc xlink:href="http://xbrl.fasb.org/us-gaap/2012/elts/us-gaap-2012-01-31.xsd#us-gaap_WeightedAverageNumberOfDilutedSharesOutstanding" xlink:label="loc_us-gaap_WeightedAverageNumberOfDilutedSharesOutstanding_741fe8a4-78f6-11e1-94fe-25ba39ebf1f4" xlink:type="locator" />
    <loc xlink:href="http://xbrl.fasb.org/us-gaap/2012/elts/us-gaap-2012-01-31.xsd#us-gaap_WeightedAverageNumberOfSharesOutstandingBasic" xlink:label="loc_us-gaap_WeightedAverageNumberOfSharesOutstandingBasic_7416e4b6-78f6-11e1-94fe-25ba39ebf1f4" xlink:type="locator" />
    <calculationArc order="1" weight="1" xlink:arcrole="http://www.xbrl.org/2003/arcrole/summation-item" xlink:from="loc_us-gaap_WeightedAverageNumberOfDilutedSharesOutstanding_741fe8a4-78f6-11e1-94fe-25ba39ebf1f4" xlink:to="loc_us-gaap_WeightedAverageNumberOfSharesOutstandingBasic_7416e4b6-78f6-11e1-94fe-25ba39ebf1f4" xlink:type="arc" />
    <loc xlink:href="http://xbrl.fasb.org/us-gaap/2012/elts/us-gaap-2012-01-31.xsd#us-gaap_WeightedAverageNumberDilutedSharesOutstandingAdjustment" xlink:label="loc_us-gaap_WeightedAverageNumberDilutedSharesOutstandingAdjustment_7442f1b4-78f6-11e1-94fe-25ba39ebf1f4" xlink:type="locator" />
    <calculationArc order="2" weight="1" xlink:arcrole="http://www.xbrl.org/2003/arcrole/summation-item" xlink:from="loc_us-gaap_WeightedAverageNumberOfDilutedSharesOutstanding_741fe8a4-78f6-11e1-94fe-25ba39ebf1f4" xlink:to="loc_us-gaap_WeightedAverageNumberDilutedSharesOutstandingAdjustment_7442f1b4-78f6-11e1-94fe-25ba39ebf1f4" xlink:type="arc" />
    <loc xlink:href="http://xbrl.fasb.org/us-gaap/2012/elts/us-gaap-2012-01-31.xsd#us-gaap_IncrementalCommonSharesAttributableToShareBasedPaymentArrangements" xlink:label="loc_us-gaap_IncrementalCommonSharesAttributableToShareBasedPaymentArrangements_59a8dc24-78f6-11e1-94fe-25ba39ebf1f4" xlink:type="locator" />
    <calculationArc order="1" weight="1" xlink:arcrole="http://www.xbrl.org/2003/arcrole/summation-item" xlink:from="loc_us-gaap_WeightedAverageNumberDilutedSharesOutstandingAdjustment_7442f1b4-78f6-11e1-94fe-25ba39ebf1f4" xlink:to="loc_us-gaap_IncrementalCommonSharesAttributableToShareBasedPaymentArrangements_59a8dc24-78f6-11e1-94fe-25ba39ebf1f4" xlink:type="arc" />
    <loc xlink:href="enr-20121231.xsd#enr_IncrementalCommonSharesAttributableToRestrictedStockEquivalents" xlink:label="loc_enr_IncrementalCommonSharesAttributableToRestrictedStockEquivalents_4112d2f0-0bf3-7c88-2b14-010f0fa56f11" xlink:type="locator" />
    <calculationArc order="2" weight="1" xlink:arcrole="http://www.xbrl.org/2003/arcrole/summation-item" xlink:from="loc_us-gaap_WeightedAverageNumberDilutedSharesOutstandingAdjustment_7442f1b4-78f6-11e1-94fe-25ba39ebf1f4" xlink:to="loc_enr_IncrementalCommonSharesAttributableToRestrictedStockEquivalents_4112d2f0-0bf3-7c88-2b14-010f0fa56f11" xlink:type="arc" />
  </calculationLink>
  <calculationLink xlink:role="http://www.energizer.com/role/EarningsPerShareTables" xlink:type="extended" />
  <calculationLink xlink:role="http://www.energizer.com/role/FinancialInstrumentsAndRiskManagement" xlink:type="extended" />
  <calculationLink xlink:role="http://www.energizer.com/role/FinancialInstrumentsAndRiskManagementDerivativesDetails" xlink:type="extended" />
  <calculationLink xlink:role="http://www.energizer.com/role/FinancialInstrumentsAndRiskManagementFairValueDetails" xlink:type="extended" />
  <calculationLink xlink:role="http://www.energizer.com/role/FinancialInstrumentsAndRiskManagementTables" xlink:type="extended" />
  <calculationLink xlink:role="http://www.energizer.com/role/GoodwillAndIntangiblesNet" xlink:type="extended" />
  <calculationLink xlink:role="http://www.energizer.com/role/GoodwillAndIntangiblesNetFiniteLivedIntangiblesDetails" xlink:type="extended">
    <loc xlink:href="http://xbrl.fasb.org/us-gaap/2012/elts/us-gaap-2012-01-31.xsd#us-gaap_FiniteLivedIntangibleAssetsNet" xlink:label="loc_us-gaap_FiniteLivedIntangibleAssetsNet_544b59c8-78f6-11e1-94fe-25ba39ebf1f4" xlink:type="locator" />
    <loc xlink:href="http://xbrl.fasb.org/us-gaap/2012/elts/us-gaap-2012-01-31.xsd#us-gaap_FiniteLivedIntangibleAssetsGross" xlink:label="loc_us-gaap_FiniteLivedIntangibleAssetsGross_54334af4-78f6-11e1-94fe-25ba39ebf1f4" xlink:type="locator" />
    <calculationArc order="1" weight="1" xlink:arcrole="http://www.xbrl.org/2003/arcrole/summation-item" xlink:from="loc_us-gaap_FiniteLivedIntangibleAssetsNet_544b59c8-78f6-11e1-94fe-25ba39ebf1f4" xlink:to="loc_us-gaap_FiniteLivedIntangibleAssetsGross_54334af4-78f6-11e1-94fe-25ba39ebf1f4" xlink:type="arc" />
    <loc xlink:href="http://xbrl.fasb.org/us-gaap/2012/elts/us-gaap-2012-01-31.xsd#us-gaap_FiniteLivedIntangibleAssetsAccumulatedAmortization" xlink:label="loc_us-gaap_FiniteLivedIntangibleAssetsAccumulatedAmortization_543933d8-78f6-11e1-94fe-25ba39ebf1f4" xlink:type="locator" />
    <calculationArc order="2" weight="-1" xlink:arcrole="http://www.xbrl.org/2003/arcrole/summation-item" xlink:from="loc_us-gaap_FiniteLivedIntangibleAssetsNet_544b59c8-78f6-11e1-94fe-25ba39ebf1f4" xlink:to="loc_us-gaap_FiniteLivedIntangibleAssetsAccumulatedAmortization_543933d8-78f6-11e1-94fe-25ba39ebf1f4" xlink:type="arc" />
  </calculationLink>
  <calculationLink xlink:role="http://www.energizer.com/role/GoodwillAndIntangiblesNetGoodwillDetails" xlink:type="extended" />
  <calculationLink xlink:role="http://www.energizer.com/role/GoodwillAndIntangiblesNetIndefiniteLivedIntangiblesDetails" xlink:type="extended" />
  <calculationLink xlink:role="http://www.energizer.com/role/GoodwillAndIntangiblesNetTables" xlink:type="extended" />
  <calculationLink xlink:role="http://www.energizer.com/role/GuarantorAndNonGuarantorFinancialInformation" xlink:type="extended" />
  <calculationLink xlink:role="http://www.energizer.com/role/GuarantorAndNonGuarantorFinancialInformationDetails" xlink:type="extended">
    <loc xlink:href="http://xbrl.fasb.org/us-gaap/2012/elts/us-gaap-2012-01-31.xsd#us-gaap_Assets" xlink:label="loc_us-gaap_Assets_2c254058-78f6-11e1-94fe-25ba39ebf1f4" xlink:type="locator" />
    <loc xlink:href="http://xbrl.fasb.org/us-gaap/2012/elts/us-gaap-2012-01-31.xsd#us-gaap_AssetsCurrent" xlink:label="loc_us-gaap_AssetsCurrent_2c23c494-78f6-11e1-94fe-25ba39ebf1f4" xlink:type="locator" />
    <calculationArc order="1" weight="1" xlink:arcrole="http://www.xbrl.org/2003/arcrole/summation-item" xlink:from="loc_us-gaap_Assets_2c254058-78f6-11e1-94fe-25ba39ebf1f4" xlink:to="loc_us-gaap_AssetsCurrent_2c23c494-78f6-11e1-94fe-25ba39ebf1f4" xlink:type="arc" />
    <loc xlink:href="enr-20121231.xsd#enr_InvestmentInSubsidiaries" xlink:label="loc_enr_InvestmentInSubsidiaries_27f3053f-04e4-ba3d-32d1-010f138d172b" xlink:type="locator" />
    <calculationArc order="2" weight="1" xlink:arcrole="http://www.xbrl.org/2003/arcrole/summation-item" xlink:from="loc_us-gaap_Assets_2c254058-78f6-11e1-94fe-25ba39ebf1f4" xlink:to="loc_enr_InvestmentInSubsidiaries_27f3053f-04e4-ba3d-32d1-010f138d172b" xlink:type="arc" />
    <loc xlink:href="enr-20121231.xsd#enr_IntercompanyReceivables" xlink:label="loc_enr_IntercompanyReceivables_e21073d7-4825-0da6-bf32-010f0ae05a11" xlink:type="locator" />
    <calculationArc order="3" weight="1" xlink:arcrole="http://www.xbrl.org/2003/arcrole/summation-item" xlink:from="loc_us-gaap_Assets_2c254058-78f6-11e1-94fe-25ba39ebf1f4" xlink:to="loc_enr_IntercompanyReceivables_e21073d7-4825-0da6-bf32-010f0ae05a11" xlink:type="arc" />
    <loc xlink:href="enr-20121231.xsd#enr_IntercompanyNotesReceivable" xlink:label="loc_enr_IntercompanyNotesReceivable_922ebd3a-2df9-11e2-b3ab-22000a1cf22c" xlink:type="locator" />
    <calculationArc order="4" weight="1" xlink:arcrole="http://www.xbrl.org/2003/arcrole/summation-item" xlink:from="loc_us-gaap_Assets_2c254058-78f6-11e1-94fe-25ba39ebf1f4" xlink:to="loc_enr_IntercompanyNotesReceivable_922ebd3a-2df9-11e2-b3ab-22000a1cf22c" xlink:type="arc" />
    <loc xlink:href="http://xbrl.fasb.org/us-gaap/2012/elts/us-gaap-2012-01-31.xsd#us-gaap_PropertyPlantAndEquipmentNet" xlink:label="loc_us-gaap_PropertyPlantAndEquipmentNet_683dcad8-78f6-11e1-94fe-25ba39ebf1f4" xlink:type="locator" />
    <calculationArc order="5" weight="1" xlink:arcrole="http://www.xbrl.org/2003/arcrole/summation-item" xlink:from="loc_us-gaap_Assets_2c254058-78f6-11e1-94fe-25ba39ebf1f4" xlink:to="loc_us-gaap_PropertyPlantAndEquipmentNet_683dcad8-78f6-11e1-94fe-25ba39ebf1f4" xlink:type="arc" />
    <loc xlink:href="http://xbrl.fasb.org/us-gaap/2012/elts/us-gaap-2012-01-31.xsd#us-gaap_Goodwill" xlink:label="loc_us-gaap_Goodwill_567ea9de-78f6-11e1-94fe-25ba39ebf1f4" xlink:type="locator" />
    <calculationArc order="6" weight="1" xlink:arcrole="http://www.xbrl.org/2003/arcrole/summation-item" xlink:from="loc_us-gaap_Assets_2c254058-78f6-11e1-94fe-25ba39ebf1f4" xlink:to="loc_us-gaap_Goodwill_567ea9de-78f6-11e1-94fe-25ba39ebf1f4" xlink:type="arc" />
    <loc xlink:href="http://xbrl.fasb.org/us-gaap/2012/elts/us-gaap-2012-01-31.xsd#us-gaap_IntangibleAssetsNetExcludingGoodwill" xlink:label="loc_us-gaap_IntangibleAssetsNetExcludingGoodwill_5a1fdbbc-78f6-11e1-94fe-25ba39ebf1f4" xlink:type="locator" />
    <calculationArc order="7" weight="1" xlink:arcrole="http://www.xbrl.org/2003/arcrole/summation-item" xlink:from="loc_us-gaap_Assets_2c254058-78f6-11e1-94fe-25ba39ebf1f4" xlink:to="loc_us-gaap_IntangibleAssetsNetExcludingGoodwill_5a1fdbbc-78f6-11e1-94fe-25ba39ebf1f4" xlink:type="arc" />
    <loc xlink:href="http://xbrl.fasb.org/us-gaap/2012/elts/us-gaap-2012-01-31.xsd#us-gaap_OtherAssetsNoncurrent" xlink:label="loc_us-gaap_OtherAssetsNoncurrent_62df8554-78f6-11e1-94fe-25ba39ebf1f4" xlink:type="locator" />
    <calculationArc order="8" weight="1" xlink:arcrole="http://www.xbrl.org/2003/arcrole/summation-item" xlink:from="loc_us-gaap_Assets_2c254058-78f6-11e1-94fe-25ba39ebf1f4" xlink:to="loc_us-gaap_OtherAssetsNoncurrent_62df8554-78f6-11e1-94fe-25ba39ebf1f4" xlink:type="arc" />
    <loc xlink:href="http://xbrl.fasb.org/us-gaap/2012/elts/us-gaap-2012-01-31.xsd#us-gaap_IncomeLossFromContinuingOperationsBeforeIncomeTaxesMinorityInterestAndIncomeLossFromEquityMethodInvestments" xlink:label="loc_us-gaap_IncomeLossFromContinuingOperationsBeforeIncomeTaxesMinorityInterestAndIncomeLossFromEquityMethodInvestments_5817da40-78f6-11e1-94fe-25ba39ebf1f4" xlink:type="locator" />
    <loc xlink:href="http://xbrl.fasb.org/us-gaap/2012/elts/us-gaap-2012-01-31.xsd#us-gaap_GrossProfit" xlink:label="loc_us-gaap_GrossProfit_56a7c864-78f6-11e1-94fe-25ba39ebf1f4" xlink:type="locator" />
    <calculationArc order="1" weight="1" xlink:arcrole="http://www.xbrl.org/2003/arcrole/summation-item" xlink:from="loc_us-gaap_IncomeLossFromContinuingOperationsBeforeIncomeTaxesMinorityInterestAndIncomeLossFromEquityMethodInvestments_5817da40-78f6-11e1-94fe-25ba39ebf1f4" xlink:to="loc_us-gaap_GrossProfit_56a7c864-78f6-11e1-94fe-25ba39ebf1f4" xlink:type="arc" />
    <loc xlink:href="enr-20121231.xsd#enr_SellingGeneralAndAdministrativeExpenseExcludingAdvertisingAndPromotionExpense" xlink:label="loc_enr_SellingGeneralAndAdministrativeExpenseExcludingAdvertisingAndPromotionExpense_e54460ca-cba8-f34d-df23-010f0c34d8c4" xlink:type="locator" />
    <calculationArc order="2" weight="-1" xlink:arcrole="http://www.xbrl.org/2003/arcrole/summation-item" xlink:from="loc_us-gaap_IncomeLossFromContinuingOperationsBeforeIncomeTaxesMinorityInterestAndIncomeLossFromEquityMethodInvestments_5817da40-78f6-11e1-94fe-25ba39ebf1f4" xlink:to="loc_enr_SellingGeneralAndAdministrativeExpenseExcludingAdvertisingAndPromotionExpense_e54460ca-cba8-f34d-df23-010f0c34d8c4" xlink:type="arc" />
    <loc xlink:href="http://xbrl.fasb.org/us-gaap/2012/elts/us-gaap-2012-01-31.xsd#us-gaap_MarketingAndAdvertisingExpense" xlink:label="loc_us-gaap_MarketingAndAdvertisingExpense_5fb73dea-78f6-11e1-94fe-25ba39ebf1f4" xlink:type="locator" />
    <calculationArc order="3" weight="-1" xlink:arcrole="http://www.xbrl.org/2003/arcrole/summation-item" xlink:from="loc_us-gaap_IncomeLossFromContinuingOperationsBeforeIncomeTaxesMinorityInterestAndIncomeLossFromEquityMethodInvestments_5817da40-78f6-11e1-94fe-25ba39ebf1f4" xlink:to="loc_us-gaap_MarketingAndAdvertisingExpense_5fb73dea-78f6-11e1-94fe-25ba39ebf1f4" xlink:type="arc" />
    <loc xlink:href="http://xbrl.fasb.org/us-gaap/2012/elts/us-gaap-2012-01-31.xsd#us-gaap_ResearchAndDevelopmentExpense" xlink:label="loc_us-gaap_ResearchAndDevelopmentExpense_6aef6d04-78f6-11e1-94fe-25ba39ebf1f4" xlink:type="locator" />
    <calculationArc order="4" weight="-1" xlink:arcrole="http://www.xbrl.org/2003/arcrole/summation-item" xlink:from="loc_us-gaap_IncomeLossFromContinuingOperationsBeforeIncomeTaxesMinorityInterestAndIncomeLossFromEquityMethodInvestments_5817da40-78f6-11e1-94fe-25ba39ebf1f4" xlink:to="loc_us-gaap_ResearchAndDevelopmentExpense_6aef6d04-78f6-11e1-94fe-25ba39ebf1f4" xlink:type="arc" />
    <loc xlink:href="enr-20121231.xsd#enr_RestructuringChargesPlanTwo" xlink:label="loc_enr_RestructuringChargesPlanTwo_f0eecabc-6653-11e2-9cb6-12313d1f36c6" xlink:type="locator" />
    <calculationArc order="5" weight="-1" xlink:arcrole="http://www.xbrl.org/2003/arcrole/summation-item" xlink:from="loc_us-gaap_IncomeLossFromContinuingOperationsBeforeIncomeTaxesMinorityInterestAndIncomeLossFromEquityMethodInvestments_5817da40-78f6-11e1-94fe-25ba39ebf1f4" xlink:to="loc_enr_RestructuringChargesPlanTwo_f0eecabc-6653-11e2-9cb6-12313d1f36c6" xlink:type="arc" />
    <loc xlink:href="http://xbrl.fasb.org/us-gaap/2012/elts/us-gaap-2012-01-31.xsd#us-gaap_DefinedBenefitPlanRecognizedNetGainLossDueToSettlementsAndCurtailments1" xlink:label="loc_us-gaap_DefinedBenefitPlanRecognizedNetGainLossDueToSettlementsAndCurtailments1_47eb8a40-78f6-11e1-94fe-25ba39ebf1f4" xlink:type="locator" />
    <calculationArc order="6" weight="1" xlink:arcrole="http://www.xbrl.org/2003/arcrole/summation-item" xlink:from="loc_us-gaap_IncomeLossFromContinuingOperationsBeforeIncomeTaxesMinorityInterestAndIncomeLossFromEquityMethodInvestments_5817da40-78f6-11e1-94fe-25ba39ebf1f4" xlink:to="loc_us-gaap_DefinedBenefitPlanRecognizedNetGainLossDueToSettlementsAndCurtailments1_47eb8a40-78f6-11e1-94fe-25ba39ebf1f4" xlink:type="arc" />
    <loc xlink:href="http://xbrl.fasb.org/us-gaap/2012/elts/us-gaap-2012-01-31.xsd#us-gaap_InterestExpense" xlink:label="loc_us-gaap_InterestExpense_5a4444fc-78f6-11e1-94fe-25ba39ebf1f4" xlink:type="locator" />
    <calculationArc order="7" weight="-1" xlink:arcrole="http://www.xbrl.org/2003/arcrole/summation-item" xlink:from="loc_us-gaap_IncomeLossFromContinuingOperationsBeforeIncomeTaxesMinorityInterestAndIncomeLossFromEquityMethodInvestments_5817da40-78f6-11e1-94fe-25ba39ebf1f4" xlink:to="loc_us-gaap_InterestExpense_5a4444fc-78f6-11e1-94fe-25ba39ebf1f4" xlink:type="arc" />
    <loc xlink:href="enr-20121231.xsd#enr_IntercompanyInterestIncomeExpense" xlink:label="loc_enr_IntercompanyInterestIncomeExpense_cd33ecea-8f14-e964-031c-010f05366000" xlink:type="locator" />
    <calculationArc order="8" weight="-1" xlink:arcrole="http://www.xbrl.org/2003/arcrole/summation-item" xlink:from="loc_us-gaap_IncomeLossFromContinuingOperationsBeforeIncomeTaxesMinorityInterestAndIncomeLossFromEquityMethodInvestments_5817da40-78f6-11e1-94fe-25ba39ebf1f4" xlink:to="loc_enr_IntercompanyInterestIncomeExpense_cd33ecea-8f14-e964-031c-010f05366000" xlink:type="arc" />
    <loc xlink:href="enr-20121231.xsd#enr_OtherFinancingExpenseNet" xlink:label="loc_enr_OtherFinancingExpenseNet_0fa248fe-a36c-069b-dd22-010f0c2a8cab" xlink:type="locator" />
    <calculationArc order="9" weight="-1" xlink:arcrole="http://www.xbrl.org/2003/arcrole/summation-item" xlink:from="loc_us-gaap_IncomeLossFromContinuingOperationsBeforeIncomeTaxesMinorityInterestAndIncomeLossFromEquityMethodInvestments_5817da40-78f6-11e1-94fe-25ba39ebf1f4" xlink:to="loc_enr_OtherFinancingExpenseNet_0fa248fe-a36c-069b-dd22-010f0c2a8cab" xlink:type="arc" />
    <loc xlink:href="enr-20121231.xsd#enr_IntercompanyDividendsAndServiceFees" xlink:label="loc_enr_IntercompanyDividendsAndServiceFees_ec450fe9-0013-7a4e-c8c5-010f0e0b6f0a" xlink:type="locator" />
    <calculationArc order="10" weight="-1" xlink:arcrole="http://www.xbrl.org/2003/arcrole/summation-item" xlink:from="loc_us-gaap_IncomeLossFromContinuingOperationsBeforeIncomeTaxesMinorityInterestAndIncomeLossFromEquityMethodInvestments_5817da40-78f6-11e1-94fe-25ba39ebf1f4" xlink:to="loc_enr_IntercompanyDividendsAndServiceFees_ec450fe9-0013-7a4e-c8c5-010f0e0b6f0a" xlink:type="arc" />
    <loc xlink:href="enr-20121231.xsd#enr_EquityInEarningsOfSubsidiaries" xlink:label="loc_enr_EquityInEarningsOfSubsidiaries_ab87e63c-1a3b-5b02-3edf-010f0ae05402" xlink:type="locator" />
    <calculationArc order="11" weight="1" xlink:arcrole="http://www.xbrl.org/2003/arcrole/summation-item" xlink:from="loc_us-gaap_IncomeLossFromContinuingOperationsBeforeIncomeTaxesMinorityInterestAndIncomeLossFromEquityMethodInvestments_5817da40-78f6-11e1-94fe-25ba39ebf1f4" xlink:to="loc_enr_EquityInEarningsOfSubsidiaries_ab87e63c-1a3b-5b02-3edf-010f0ae05402" xlink:type="arc" />
    <loc xlink:href="enr-20121231.xsd#enr_RestructuringChargesPlanOne" xlink:label="loc_enr_RestructuringChargesPlanOne_6ff00a42-6654-11e2-9cb6-12313d1f36c6" xlink:type="locator" />
    <calculationArc order="12" weight="-1" xlink:arcrole="http://www.xbrl.org/2003/arcrole/summation-item" xlink:from="loc_us-gaap_IncomeLossFromContinuingOperationsBeforeIncomeTaxesMinorityInterestAndIncomeLossFromEquityMethodInvestments_5817da40-78f6-11e1-94fe-25ba39ebf1f4" xlink:to="loc_enr_RestructuringChargesPlanOne_6ff00a42-6654-11e2-9cb6-12313d1f36c6" xlink:type="arc" />
    <loc xlink:href="http://xbrl.fasb.org/us-gaap/2012/elts/us-gaap-2012-01-31.xsd#us-gaap_ComprehensiveIncomeNetOfTaxIncludingPortionAttributableToNoncontrollingInterest" xlink:label="loc_us-gaap_ComprehensiveIncomeNetOfTaxIncludingPortionAttributableToNoncontrollingInterest_39314da0-78f6-11e1-94fe-25ba39ebf1f4" xlink:type="locator" />
    <loc xlink:href="http://xbrl.fasb.org/us-gaap/2012/elts/us-gaap-2012-01-31.xsd#us-gaap_NetIncomeLoss" xlink:label="loc_us-gaap_NetIncomeLoss_611bec6c-78f6-11e1-94fe-25ba39ebf1f4" xlink:type="locator" />
    <calculationArc order="1" weight="1" xlink:arcrole="http://www.xbrl.org/2003/arcrole/summation-item" xlink:from="loc_us-gaap_ComprehensiveIncomeNetOfTaxIncludingPortionAttributableToNoncontrollingInterest_39314da0-78f6-11e1-94fe-25ba39ebf1f4" xlink:to="loc_us-gaap_NetIncomeLoss_611bec6c-78f6-11e1-94fe-25ba39ebf1f4" xlink:type="arc" />
    <loc xlink:href="http://xbrl.fasb.org/us-gaap/2012/elts/us-gaap-2012-01-31.xsd#us-gaap_OtherComprehensiveIncomeLossNetOfTax" xlink:label="loc_us-gaap_OtherComprehensiveIncomeLossNetOfTax_629be1be-78f6-11e1-94fe-25ba39ebf1f4" xlink:type="locator" />
    <calculationArc order="2" weight="1" xlink:arcrole="http://www.xbrl.org/2003/arcrole/summation-item" xlink:from="loc_us-gaap_ComprehensiveIncomeNetOfTaxIncludingPortionAttributableToNoncontrollingInterest_39314da0-78f6-11e1-94fe-25ba39ebf1f4" xlink:to="loc_us-gaap_OtherComprehensiveIncomeLossNetOfTax_629be1be-78f6-11e1-94fe-25ba39ebf1f4" xlink:type="arc" />
  </calculationLink>
  <calculationLink xlink:role="http://www.energizer.com/role/GuarantorAndNonGuarantorFinancialInformationTables" xlink:type="extended" />
  <calculationLink xlink:role="http://www.energizer.com/role/LegalProceedingscontingencies" xlink:type="extended" />
  <calculationLink xlink:role="http://www.energizer.com/role/PensionPlansAndOtherPostretirementBenefits" xlink:type="extended" />
  <calculationLink xlink:role="http://www.energizer.com/role/PensionPlansAndOtherPostretirementBenefitsDetails" xlink:type="extended">
    <loc xlink:href="http://xbrl.fasb.org/us-gaap/2012/elts/us-gaap-2012-01-31.xsd#us-gaap_DefinedBenefitPlanNetPeriodicBenefitCost" xlink:label="loc_us-gaap_DefinedBenefitPlanNetPeriodicBenefitCost_48285650-78f6-11e1-94fe-25ba39ebf1f4" xlink:type="locator" />
    <loc xlink:href="http://xbrl.fasb.org/us-gaap/2012/elts/us-gaap-2012-01-31.xsd#us-gaap_DefinedBenefitPlanServiceCost" xlink:label="loc_us-gaap_DefinedBenefitPlanServiceCost_482cad2c-78f6-11e1-94fe-25ba39ebf1f4" xlink:type="locator" />
    <calculationArc order="1" weight="1" xlink:arcrole="http://www.xbrl.org/2003/arcrole/summation-item" xlink:from="loc_us-gaap_DefinedBenefitPlanNetPeriodicBenefitCost_48285650-78f6-11e1-94fe-25ba39ebf1f4" xlink:to="loc_us-gaap_DefinedBenefitPlanServiceCost_482cad2c-78f6-11e1-94fe-25ba39ebf1f4" xlink:type="arc" />
    <loc xlink:href="http://xbrl.fasb.org/us-gaap/2012/elts/us-gaap-2012-01-31.xsd#us-gaap_DefinedBenefitPlanInterestCost" xlink:label="loc_us-gaap_DefinedBenefitPlanInterestCost_48221024-78f6-11e1-94fe-25ba39ebf1f4" xlink:type="locator" />
    <calculationArc order="2" weight="1" xlink:arcrole="http://www.xbrl.org/2003/arcrole/summation-item" xlink:from="loc_us-gaap_DefinedBenefitPlanNetPeriodicBenefitCost_48285650-78f6-11e1-94fe-25ba39ebf1f4" xlink:to="loc_us-gaap_DefinedBenefitPlanInterestCost_48221024-78f6-11e1-94fe-25ba39ebf1f4" xlink:type="arc" />
    <loc xlink:href="http://xbrl.fasb.org/us-gaap/2012/elts/us-gaap-2012-01-31.xsd#us-gaap_DefinedBenefitPlanExpectedReturnOnPlanAssets" xlink:label="loc_us-gaap_DefinedBenefitPlanExpectedReturnOnPlanAssets_48165d4c-78f6-11e1-94fe-25ba39ebf1f4" xlink:type="locator" />
    <calculationArc order="3" weight="-1" xlink:arcrole="http://www.xbrl.org/2003/arcrole/summation-item" xlink:from="loc_us-gaap_DefinedBenefitPlanNetPeriodicBenefitCost_48285650-78f6-11e1-94fe-25ba39ebf1f4" xlink:to="loc_us-gaap_DefinedBenefitPlanExpectedReturnOnPlanAssets_48165d4c-78f6-11e1-94fe-25ba39ebf1f4" xlink:type="arc" />
    <loc xlink:href="http://xbrl.fasb.org/us-gaap/2012/elts/us-gaap-2012-01-31.xsd#us-gaap_DefinedBenefitPlanAmortizationOfPriorServiceCostCredit" xlink:label="loc_us-gaap_DefinedBenefitPlanAmortizationOfPriorServiceCostCredit_47b35166-78f6-11e1-94fe-25ba39ebf1f4" xlink:type="locator" />
    <calculationArc order="4" weight="1" xlink:arcrole="http://www.xbrl.org/2003/arcrole/summation-item" xlink:from="loc_us-gaap_DefinedBenefitPlanNetPeriodicBenefitCost_48285650-78f6-11e1-94fe-25ba39ebf1f4" xlink:to="loc_us-gaap_DefinedBenefitPlanAmortizationOfPriorServiceCostCredit_47b35166-78f6-11e1-94fe-25ba39ebf1f4" xlink:type="arc" />
    <loc xlink:href="http://xbrl.fasb.org/us-gaap/2012/elts/us-gaap-2012-01-31.xsd#us-gaap_DefinedBenefitPlanAmortizationOfGainsLosses" xlink:label="loc_us-gaap_DefinedBenefitPlanAmortizationOfGainsLosses_47f5ec7e-78f6-11e1-94fe-25ba39ebf1f4" xlink:type="locator" />
    <calculationArc order="5" weight="-1" xlink:arcrole="http://www.xbrl.org/2003/arcrole/summation-item" xlink:from="loc_us-gaap_DefinedBenefitPlanNetPeriodicBenefitCost_48285650-78f6-11e1-94fe-25ba39ebf1f4" xlink:to="loc_us-gaap_DefinedBenefitPlanAmortizationOfGainsLosses_47f5ec7e-78f6-11e1-94fe-25ba39ebf1f4" xlink:type="arc" />
    <loc xlink:href="http://xbrl.fasb.org/us-gaap/2012/elts/us-gaap-2012-01-31.xsd#us-gaap_DefinedBenefitPlanSettlementsPlanAssets" xlink:label="loc_us-gaap_DefinedBenefitPlanSettlementsPlanAssets_481b80e2-78f6-11e1-94fe-25ba39ebf1f4" xlink:type="locator" />
    <calculationArc order="6" weight="-1" xlink:arcrole="http://www.xbrl.org/2003/arcrole/summation-item" xlink:from="loc_us-gaap_DefinedBenefitPlanNetPeriodicBenefitCost_48285650-78f6-11e1-94fe-25ba39ebf1f4" xlink:to="loc_us-gaap_DefinedBenefitPlanSettlementsPlanAssets_481b80e2-78f6-11e1-94fe-25ba39ebf1f4" xlink:type="arc" />
    <loc xlink:href="http://xbrl.fasb.org/us-gaap/2012/elts/us-gaap-2012-01-31.xsd#us-gaap_DefinedBenefitPlanCurtailments" xlink:label="loc_us-gaap_DefinedBenefitPlanCurtailments_47f3c944-78f6-11e1-94fe-25ba39ebf1f4" xlink:type="locator" />
    <calculationArc order="7" weight="1" xlink:arcrole="http://www.xbrl.org/2003/arcrole/summation-item" xlink:from="loc_us-gaap_DefinedBenefitPlanNetPeriodicBenefitCost_48285650-78f6-11e1-94fe-25ba39ebf1f4" xlink:to="loc_us-gaap_DefinedBenefitPlanCurtailments_47f3c944-78f6-11e1-94fe-25ba39ebf1f4" xlink:type="arc" />
  </calculationLink>
  <calculationLink xlink:role="http://www.energizer.com/role/PensionPlansAndOtherPostretirementBenefitsTables" xlink:type="extended" />
  <calculationLink xlink:role="http://www.energizer.com/role/RecentlyIssuedAccountingPronouncements" xlink:type="extended" />
  <calculationLink xlink:role="http://www.energizer.com/role/Restructuring" xlink:type="extended" />
  <calculationLink xlink:role="http://www.energizer.com/role/RestructuringDetails" xlink:type="extended" />
  <calculationLink xlink:role="http://www.energizer.com/role/RestructuringTables" xlink:type="extended" />
  <calculationLink xlink:role="http://www.energizer.com/role/SegmentNote" xlink:type="extended" />
  <calculationLink xlink:role="http://www.energizer.com/role/SegmentNoteDetails" xlink:type="extended" />
  <calculationLink xlink:role="http://www.energizer.com/role/SegmentNoteTables" xlink:type="extended" />
  <calculationLink xlink:role="http://www.energizer.com/role/ShareBasedPayments" xlink:type="extended" />
  <calculationLink xlink:role="http://www.energizer.com/role/ShareBasedPaymentsDetails" xlink:type="extended" />
  <calculationLink xlink:role="http://www.energizer.com/role/ShareholdersEquity" xlink:type="extended" />
  <calculationLink xlink:role="http://www.energizer.com/role/ShareholdersEquityDetails" xlink:type="extended" />
  <calculationLink xlink:role="http://www.energizer.com/role/SupplementalFinancialStatementInformation" xlink:type="extended" />
  <calculationLink xlink:role="http://www.energizer.com/role/SupplementalFinancialStatementInformationDetails" xlink:type="extended">
    <loc xlink:href="enr-20121231.xsd#enr_TotalOtherCurrentLiabilities" xlink:label="loc_enr_TotalOtherCurrentLiabilities_a8b6b3fa-af2d-e517-84e3-010f05360c74" xlink:type="locator" />
    <loc xlink:href="http://xbrl.fasb.org/us-gaap/2012/elts/us-gaap-2012-01-31.xsd#us-gaap_AccruedAdvertisingCurrent" xlink:label="loc_us-gaap_AccruedAdvertisingCurrent_29a0046c-78f6-11e1-94fe-25ba39ebf1f4" xlink:type="locator" />
    <calculationArc order="1" weight="1" xlink:arcrole="http://www.xbrl.org/2003/arcrole/summation-item" xlink:from="loc_enr_TotalOtherCurrentLiabilities_a8b6b3fa-af2d-e517-84e3-010f05360c74" xlink:to="loc_us-gaap_AccruedAdvertisingCurrent_29a0046c-78f6-11e1-94fe-25ba39ebf1f4" xlink:type="arc" />
    <loc xlink:href="enr-20121231.xsd#enr_AccruedTradeAllowance" xlink:label="loc_enr_AccruedTradeAllowance_53b5a7da-1a49-11e2-9a29-22000a1cf22c" xlink:type="locator" />
    <calculationArc order="2" weight="1" xlink:arcrole="http://www.xbrl.org/2003/arcrole/summation-item" xlink:from="loc_enr_TotalOtherCurrentLiabilities_a8b6b3fa-af2d-e517-84e3-010f05360c74" xlink:to="loc_enr_AccruedTradeAllowance_53b5a7da-1a49-11e2-9a29-22000a1cf22c" xlink:type="arc" />
    <loc xlink:href="http://xbrl.fasb.org/us-gaap/2012/elts/us-gaap-2012-01-31.xsd#us-gaap_EmployeeRelatedLiabilitiesCurrent" xlink:label="loc_us-gaap_EmployeeRelatedLiabilitiesCurrent_4e9c764c-78f6-11e1-94fe-25ba39ebf1f4" xlink:type="locator" />
    <calculationArc order="3" weight="1" xlink:arcrole="http://www.xbrl.org/2003/arcrole/summation-item" xlink:from="loc_enr_TotalOtherCurrentLiabilities_a8b6b3fa-af2d-e517-84e3-010f05360c74" xlink:to="loc_us-gaap_EmployeeRelatedLiabilitiesCurrent_4e9c764c-78f6-11e1-94fe-25ba39ebf1f4" xlink:type="arc" />
    <loc xlink:href="http://xbrl.fasb.org/us-gaap/2012/elts/us-gaap-2012-01-31.xsd#us-gaap_AccruedIncomeTaxesCurrent" xlink:label="loc_us-gaap_AccruedIncomeTaxesCurrent_298c645c-78f6-11e1-94fe-25ba39ebf1f4" xlink:type="locator" />
    <calculationArc order="4" weight="1" xlink:arcrole="http://www.xbrl.org/2003/arcrole/summation-item" xlink:from="loc_enr_TotalOtherCurrentLiabilities_a8b6b3fa-af2d-e517-84e3-010f05360c74" xlink:to="loc_us-gaap_AccruedIncomeTaxesCurrent_298c645c-78f6-11e1-94fe-25ba39ebf1f4" xlink:type="arc" />
    <loc xlink:href="enr-20121231.xsd#enr_SalesReturnReserve" xlink:label="loc_enr_SalesReturnReserve_7ea9d0cd-7098-73be-e6e9-010f138314de" xlink:type="locator" />
    <calculationArc order="5" weight="1" xlink:arcrole="http://www.xbrl.org/2003/arcrole/summation-item" xlink:from="loc_enr_TotalOtherCurrentLiabilities_a8b6b3fa-af2d-e517-84e3-010f05360c74" xlink:to="loc_enr_SalesReturnReserve_7ea9d0cd-7098-73be-e6e9-010f138314de" xlink:type="arc" />
    <loc xlink:href="http://xbrl.fasb.org/us-gaap/2012/elts/us-gaap-2012-01-31.xsd#us-gaap_OtherLiabilitiesCurrent" xlink:label="loc_us-gaap_OtherLiabilitiesCurrent_63d03724-78f6-11e1-94fe-25ba39ebf1f4" xlink:type="locator" />
    <calculationArc order="6" weight="1" xlink:arcrole="http://www.xbrl.org/2003/arcrole/summation-item" xlink:from="loc_enr_TotalOtherCurrentLiabilities_a8b6b3fa-af2d-e517-84e3-010f05360c74" xlink:to="loc_us-gaap_OtherLiabilitiesCurrent_63d03724-78f6-11e1-94fe-25ba39ebf1f4" xlink:type="arc" />
    <loc xlink:href="http://xbrl.fasb.org/us-gaap/2012/elts/us-gaap-2012-01-31.xsd#us-gaap_PropertyPlantAndEquipmentNet" xlink:label="loc_us-gaap_PropertyPlantAndEquipmentNet_683dcad8-78f6-11e1-94fe-25ba39ebf1f4" xlink:type="locator" />
    <loc xlink:href="http://xbrl.fasb.org/us-gaap/2012/elts/us-gaap-2012-01-31.xsd#us-gaap_PropertyPlantAndEquipmentGross" xlink:label="loc_us-gaap_PropertyPlantAndEquipmentGross_683f0542-78f6-11e1-94fe-25ba39ebf1f4" xlink:type="locator" />
    <calculationArc order="1" weight="1" xlink:arcrole="http://www.xbrl.org/2003/arcrole/summation-item" xlink:from="loc_us-gaap_PropertyPlantAndEquipmentNet_683dcad8-78f6-11e1-94fe-25ba39ebf1f4" xlink:to="loc_us-gaap_PropertyPlantAndEquipmentGross_683f0542-78f6-11e1-94fe-25ba39ebf1f4" xlink:type="arc" />
    <loc xlink:href="http://xbrl.fasb.org/us-gaap/2012/elts/us-gaap-2012-01-31.xsd#us-gaap_Land" xlink:label="loc_us-gaap_Land_5be47282-78f6-11e1-94fe-25ba39ebf1f4" xlink:type="locator" />
    <calculationArc order="1" weight="1" xlink:arcrole="http://www.xbrl.org/2003/arcrole/summation-item" xlink:from="loc_us-gaap_PropertyPlantAndEquipmentGross_683f0542-78f6-11e1-94fe-25ba39ebf1f4" xlink:to="loc_us-gaap_Land_5be47282-78f6-11e1-94fe-25ba39ebf1f4" xlink:type="arc" />
    <loc xlink:href="http://xbrl.fasb.org/us-gaap/2012/elts/us-gaap-2012-01-31.xsd#us-gaap_BuildingsAndImprovementsGross" xlink:label="loc_us-gaap_BuildingsAndImprovementsGross_2de05450-78f6-11e1-94fe-25ba39ebf1f4" xlink:type="locator" />
    <calculationArc order="2" weight="1" xlink:arcrole="http://www.xbrl.org/2003/arcrole/summation-item" xlink:from="loc_us-gaap_PropertyPlantAndEquipmentGross_683f0542-78f6-11e1-94fe-25ba39ebf1f4" xlink:to="loc_us-gaap_BuildingsAndImprovementsGross_2de05450-78f6-11e1-94fe-25ba39ebf1f4" xlink:type="arc" />
    <loc xlink:href="http://xbrl.fasb.org/us-gaap/2012/elts/us-gaap-2012-01-31.xsd#us-gaap_MachineryAndEquipmentGross" xlink:label="loc_us-gaap_MachineryAndEquipmentGross_5f1f8f18-78f6-11e1-94fe-25ba39ebf1f4" xlink:type="locator" />
    <calculationArc order="3" weight="1" xlink:arcrole="http://www.xbrl.org/2003/arcrole/summation-item" xlink:from="loc_us-gaap_PropertyPlantAndEquipmentGross_683f0542-78f6-11e1-94fe-25ba39ebf1f4" xlink:to="loc_us-gaap_MachineryAndEquipmentGross_5f1f8f18-78f6-11e1-94fe-25ba39ebf1f4" xlink:type="arc" />
    <loc xlink:href="http://xbrl.fasb.org/us-gaap/2012/elts/us-gaap-2012-01-31.xsd#us-gaap_ConstructionInProgressGross" xlink:label="loc_us-gaap_ConstructionInProgressGross_3c607fdc-78f6-11e1-94fe-25ba39ebf1f4" xlink:type="locator" />
    <calculationArc order="4" weight="1" xlink:arcrole="http://www.xbrl.org/2003/arcrole/summation-item" xlink:from="loc_us-gaap_PropertyPlantAndEquipmentGross_683f0542-78f6-11e1-94fe-25ba39ebf1f4" xlink:to="loc_us-gaap_ConstructionInProgressGross_3c607fdc-78f6-11e1-94fe-25ba39ebf1f4" xlink:type="arc" />
    <loc xlink:href="http://xbrl.fasb.org/us-gaap/2012/elts/us-gaap-2012-01-31.xsd#us-gaap_AccumulatedDepreciationDepletionAndAmortizationPropertyPlantAndEquipment" xlink:label="loc_us-gaap_AccumulatedDepreciationDepletionAndAmortizationPropertyPlantAndEquipment_29bfb410-78f6-11e1-94fe-25ba39ebf1f4" xlink:type="locator" />
    <calculationArc order="2" weight="-1" xlink:arcrole="http://www.xbrl.org/2003/arcrole/summation-item" xlink:from="loc_us-gaap_PropertyPlantAndEquipmentNet_683dcad8-78f6-11e1-94fe-25ba39ebf1f4" xlink:to="loc_us-gaap_AccumulatedDepreciationDepletionAndAmortizationPropertyPlantAndEquipment_29bfb410-78f6-11e1-94fe-25ba39ebf1f4" xlink:type="arc" />
    <loc xlink:href="http://xbrl.fasb.org/us-gaap/2012/elts/us-gaap-2012-01-31.xsd#us-gaap_LiabilitiesOtherThanLongtermDebtNoncurrent" xlink:label="loc_us-gaap_LiabilitiesOtherThanLongtermDebtNoncurrent_5c274602-78f6-11e1-94fe-25ba39ebf1f4" xlink:type="locator" />
    <loc xlink:href="http://xbrl.fasb.org/us-gaap/2012/elts/us-gaap-2012-01-31.xsd#us-gaap_PensionAndOtherPostretirementDefinedBenefitPlansLiabilitiesNoncurrent" xlink:label="loc_us-gaap_PensionAndOtherPostretirementDefinedBenefitPlansLiabilitiesNoncurrent_6596cbd6-78f6-11e1-94fe-25ba39ebf1f4" xlink:type="locator" />
    <calculationArc order="1" weight="1" xlink:arcrole="http://www.xbrl.org/2003/arcrole/summation-item" xlink:from="loc_us-gaap_LiabilitiesOtherThanLongtermDebtNoncurrent_5c274602-78f6-11e1-94fe-25ba39ebf1f4" xlink:to="loc_us-gaap_PensionAndOtherPostretirementDefinedBenefitPlansLiabilitiesNoncurrent_6596cbd6-78f6-11e1-94fe-25ba39ebf1f4" xlink:type="arc" />
    <loc xlink:href="http://xbrl.fasb.org/us-gaap/2012/elts/us-gaap-2012-01-31.xsd#us-gaap_DeferredCompensationLiabilityClassifiedNoncurrent" xlink:label="loc_us-gaap_DeferredCompensationLiabilityClassifiedNoncurrent_47977234-78f6-11e1-94fe-25ba39ebf1f4" xlink:type="locator" />
    <calculationArc order="2" weight="1" xlink:arcrole="http://www.xbrl.org/2003/arcrole/summation-item" xlink:from="loc_us-gaap_LiabilitiesOtherThanLongtermDebtNoncurrent_5c274602-78f6-11e1-94fe-25ba39ebf1f4" xlink:to="loc_us-gaap_DeferredCompensationLiabilityClassifiedNoncurrent_47977234-78f6-11e1-94fe-25ba39ebf1f4" xlink:type="arc" />
    <loc xlink:href="http://xbrl.fasb.org/us-gaap/2012/elts/us-gaap-2012-01-31.xsd#us-gaap_DeferredTaxLiabilitiesNoncurrent" xlink:label="loc_us-gaap_DeferredTaxLiabilitiesNoncurrent_476c4866-78f6-11e1-94fe-25ba39ebf1f4" xlink:type="locator" />
    <calculationArc order="3" weight="1" xlink:arcrole="http://www.xbrl.org/2003/arcrole/summation-item" xlink:from="loc_us-gaap_LiabilitiesOtherThanLongtermDebtNoncurrent_5c274602-78f6-11e1-94fe-25ba39ebf1f4" xlink:to="loc_us-gaap_DeferredTaxLiabilitiesNoncurrent_476c4866-78f6-11e1-94fe-25ba39ebf1f4" xlink:type="arc" />
    <loc xlink:href="http://xbrl.fasb.org/us-gaap/2012/elts/us-gaap-2012-01-31.xsd#us-gaap_OtherLiabilitiesNoncurrent" xlink:label="loc_us-gaap_OtherLiabilitiesNoncurrent_63d8f7d8-78f6-11e1-94fe-25ba39ebf1f4" xlink:type="locator" />
    <calculationArc order="4" weight="1" xlink:arcrole="http://www.xbrl.org/2003/arcrole/summation-item" xlink:from="loc_us-gaap_LiabilitiesOtherThanLongtermDebtNoncurrent_5c274602-78f6-11e1-94fe-25ba39ebf1f4" xlink:to="loc_us-gaap_OtherLiabilitiesNoncurrent_63d8f7d8-78f6-11e1-94fe-25ba39ebf1f4" xlink:type="arc" />
    <loc xlink:href="http://xbrl.fasb.org/us-gaap/2012/elts/us-gaap-2012-01-31.xsd#us-gaap_InventoryNet" xlink:label="loc_us-gaap_InventoryNet_5b10f3ee-78f6-11e1-94fe-25ba39ebf1f4" xlink:type="locator" />
    <loc xlink:href="http://xbrl.fasb.org/us-gaap/2012/elts/us-gaap-2012-01-31.xsd#us-gaap_InventoryRawMaterialsAndSuppliesNetOfReserves" xlink:label="loc_us-gaap_InventoryRawMaterialsAndSuppliesNetOfReserves_5b0a4eb8-78f6-11e1-94fe-25ba39ebf1f4" xlink:type="locator" />
    <calculationArc order="1" weight="1" xlink:arcrole="http://www.xbrl.org/2003/arcrole/summation-item" xlink:from="loc_us-gaap_InventoryNet_5b10f3ee-78f6-11e1-94fe-25ba39ebf1f4" xlink:to="loc_us-gaap_InventoryRawMaterialsAndSuppliesNetOfReserves_5b0a4eb8-78f6-11e1-94fe-25ba39ebf1f4" xlink:type="arc" />
    <loc xlink:href="http://xbrl.fasb.org/us-gaap/2012/elts/us-gaap-2012-01-31.xsd#us-gaap_InventoryWorkInProcessNetOfReserves" xlink:label="loc_us-gaap_InventoryWorkInProcessNetOfReserves_5b172430-78f6-11e1-94fe-25ba39ebf1f4" xlink:type="locator" />
    <calculationArc order="2" weight="1" xlink:arcrole="http://www.xbrl.org/2003/arcrole/summation-item" xlink:from="loc_us-gaap_InventoryNet_5b10f3ee-78f6-11e1-94fe-25ba39ebf1f4" xlink:to="loc_us-gaap_InventoryWorkInProcessNetOfReserves_5b172430-78f6-11e1-94fe-25ba39ebf1f4" xlink:type="arc" />
    <loc xlink:href="http://xbrl.fasb.org/us-gaap/2012/elts/us-gaap-2012-01-31.xsd#us-gaap_InventoryFinishedGoodsNetOfReserves" xlink:label="loc_us-gaap_InventoryFinishedGoodsNetOfReserves_5afe7bba-78f6-11e1-94fe-25ba39ebf1f4" xlink:type="locator" />
    <calculationArc order="3" weight="1" xlink:arcrole="http://www.xbrl.org/2003/arcrole/summation-item" xlink:from="loc_us-gaap_InventoryNet_5b10f3ee-78f6-11e1-94fe-25ba39ebf1f4" xlink:to="loc_us-gaap_InventoryFinishedGoodsNetOfReserves_5afe7bba-78f6-11e1-94fe-25ba39ebf1f4" xlink:type="arc" />
    <loc xlink:href="http://xbrl.fasb.org/us-gaap/2012/elts/us-gaap-2012-01-31.xsd#us-gaap_PrepaidExpenseAndOtherAssetsCurrent" xlink:label="loc_us-gaap_PrepaidExpenseAndOtherAssetsCurrent_66a1ef74-78f6-11e1-94fe-25ba39ebf1f4" xlink:type="locator" />
    <loc xlink:href="http://xbrl.fasb.org/us-gaap/2012/elts/us-gaap-2012-01-31.xsd#us-gaap_OtherReceivables" xlink:label="loc_us-gaap_OtherReceivables_643486e8-78f6-11e1-94fe-25ba39ebf1f4" xlink:type="locator" />
    <calculationArc order="1" weight="1" xlink:arcrole="http://www.xbrl.org/2003/arcrole/summation-item" xlink:from="loc_us-gaap_PrepaidExpenseAndOtherAssetsCurrent_66a1ef74-78f6-11e1-94fe-25ba39ebf1f4" xlink:to="loc_us-gaap_OtherReceivables_643486e8-78f6-11e1-94fe-25ba39ebf1f4" xlink:type="arc" />
    <loc xlink:href="http://xbrl.fasb.org/us-gaap/2012/elts/us-gaap-2012-01-31.xsd#us-gaap_DeferredTaxAssetsNetCurrent" xlink:label="loc_us-gaap_DeferredTaxAssetsNetCurrent_4735dba0-78f6-11e1-94fe-25ba39ebf1f4" xlink:type="locator" />
    <calculationArc order="2" weight="1" xlink:arcrole="http://www.xbrl.org/2003/arcrole/summation-item" xlink:from="loc_us-gaap_PrepaidExpenseAndOtherAssetsCurrent_66a1ef74-78f6-11e1-94fe-25ba39ebf1f4" xlink:to="loc_us-gaap_DeferredTaxAssetsNetCurrent_4735dba0-78f6-11e1-94fe-25ba39ebf1f4" xlink:type="arc" />
    <loc xlink:href="http://xbrl.fasb.org/us-gaap/2012/elts/us-gaap-2012-01-31.xsd#us-gaap_PrepaidExpenseCurrent" xlink:label="loc_us-gaap_PrepaidExpenseCurrent_66bb4ae6-78f6-11e1-94fe-25ba39ebf1f4" xlink:type="locator" />
    <calculationArc order="3" weight="1" xlink:arcrole="http://www.xbrl.org/2003/arcrole/summation-item" xlink:from="loc_us-gaap_PrepaidExpenseAndOtherAssetsCurrent_66a1ef74-78f6-11e1-94fe-25ba39ebf1f4" xlink:to="loc_us-gaap_PrepaidExpenseCurrent_66bb4ae6-78f6-11e1-94fe-25ba39ebf1f4" xlink:type="arc" />
    <loc xlink:href="http://xbrl.fasb.org/us-gaap/2012/elts/us-gaap-2012-01-31.xsd#us-gaap_ValueAddedTaxReceivableCurrent" xlink:label="loc_us-gaap_ValueAddedTaxReceivableCurrent_73912024-78f6-11e1-94fe-25ba39ebf1f4" xlink:type="locator" />
    <calculationArc order="4" weight="1" xlink:arcrole="http://www.xbrl.org/2003/arcrole/summation-item" xlink:from="loc_us-gaap_PrepaidExpenseAndOtherAssetsCurrent_66a1ef74-78f6-11e1-94fe-25ba39ebf1f4" xlink:to="loc_us-gaap_ValueAddedTaxReceivableCurrent_73912024-78f6-11e1-94fe-25ba39ebf1f4" xlink:type="arc" />
    <loc xlink:href="http://xbrl.fasb.org/us-gaap/2012/elts/us-gaap-2012-01-31.xsd#us-gaap_OtherAssetsCurrent" xlink:label="loc_us-gaap_OtherAssetsCurrent_62bc2ffa-78f6-11e1-94fe-25ba39ebf1f4" xlink:type="locator" />
    <calculationArc order="5" weight="1" xlink:arcrole="http://www.xbrl.org/2003/arcrole/summation-item" xlink:from="loc_us-gaap_PrepaidExpenseAndOtherAssetsCurrent_66a1ef74-78f6-11e1-94fe-25ba39ebf1f4" xlink:to="loc_us-gaap_OtherAssetsCurrent_62bc2ffa-78f6-11e1-94fe-25ba39ebf1f4" xlink:type="arc" />
  </calculationLink>
  <calculationLink xlink:role="http://www.energizer.com/role/SupplementalFinancialStatementInformationTables" xlink:type="extended" />
</linkbase>
