<?xml version="1.0" encoding="US-ASCII"?>
<!-- RR Donnelley Xcelerate Taxonomy Calculation Linkbase, based on XBRL 2.1  http://www.edgar-online.com/ -->
<!-- Version: 6.20.1 -->
<!-- Round: 7 -->
<!-- Creation date: 2013-01-29T17:07:16Z -->
<!-- Copyright (c) 2005-2013 R.R. Donnelley & Sons Company All Rights Reserved. -->
<linkbase xmlns="http://www.xbrl.org/2003/linkbase"
  xmlns:xsi="http://www.w3.org/2001/XMLSchema-instance"
  xmlns:xlink="http://www.w3.org/1999/xlink"
  xsi:schemaLocation="http://www.xbrl.org/2003/linkbase http://www.xbrl.org/2003/xbrl-linkbase-2003-12-31.xsd">
  <roleRef xlink:type="simple" xlink:href="utl-20121231.xsd#DocumentDocumentandEntityInformation" roleURI="http://www.unitil.com/taxonomy/role/DocumentDocumentandEntityInformation"/>
  <roleRef xlink:type="simple" xlink:href="utl-20121231.xsd#Role_StatementOfIncomeAlternative" roleURI="http://www.unitil.com/taxonomy/role/StatementOfIncomeAlternative"/>
  <roleRef xlink:type="simple" xlink:href="utl-20121231.xsd#Role_StatementOfFinancialPositionClassified" roleURI="http://www.unitil.com/taxonomy/role/StatementOfFinancialPositionClassified"/>
  <roleRef xlink:type="simple" xlink:href="utl-20121231.xsd#Role_StatementOfCashFlowsIndirect" roleURI="http://www.unitil.com/taxonomy/role/StatementOfCashFlowsIndirect"/>
  <roleRef xlink:type="simple" xlink:href="utl-20121231.xsd#Role_ci-StatementOfShareholdersEquityAndOtherComprehensiveIncome" roleURI="http://www.unitil.com/taxonomy/role/StatementOfShareholdersEquityAndOtherComprehensiveIncome"/>
  <roleRef xlink:type="simple" xlink:href="utl-20121231.xsd#Role_ci-StatementOfShareholdersEquityAndOtherComprehensiveIncomeParen" roleURI="http://www.unitil.com/taxonomy/role/StatementOfShareholdersEquityAndOtherComprehensiveIncomeParenthetical"/>
  <roleRef xlink:type="simple" xlink:href="utl-20121231.xsd#DisclosureSummaryOfSignificantAccountingPoliciesAdditionalInformation" roleURI="http://www.unitil.com/taxonomy/role/DisclosureSummaryOfSignificantAccountingPoliciesAdditionalInformation"/>
  <roleRef xlink:type="simple" xlink:href="utl-20121231.xsd#DisclosureRegulatoryAssetsAndRegulatoryLiabilities" roleURI="http://www.unitil.com/taxonomy/role/DisclosureRegulatoryAssetsAndRegulatoryLiabilities"/>
  <roleRef xlink:type="simple" xlink:href="utl-20121231.xsd#DisclosureComponentsOfAccruedRevenue" roleURI="http://www.unitil.com/taxonomy/role/DisclosureComponentsOfAccruedRevenue"/>
  <roleRef xlink:type="simple" xlink:href="utl-20121231.xsd#DisclosureFairValueOffsetInRegulatoryAssets" roleURI="http://www.unitil.com/taxonomy/role/DisclosureFairValueOffsetInRegulatoryAssets"/>
  <roleRef xlink:type="simple" xlink:href="utl-20121231.xsd#DisclosureRegulatoryAssetsAndReclassificationFromRegulatoryAssetIntoPurchasedGas" roleURI="http://www.unitil.com/taxonomy/role/DisclosureRegulatoryAssetsAndReclassificationFromRegulatoryAssetIntoPurchasedGas"/>
  <roleRef xlink:type="simple" xlink:href="utl-20121231.xsd#DisclosureEnergySupplyObligations" roleURI="http://www.unitil.com/taxonomy/role/DisclosureEnergySupplyObligations"/>
  <roleRef xlink:type="simple" xlink:href="utl-20121231.xsd#DisclosureEquityAdditionalInformation" roleURI="http://www.unitil.com/taxonomy/role/DisclosureEquityAdditionalInformation"/>
  <roleRef xlink:type="simple" xlink:href="utl-20121231.xsd#DisclosureRestrictedSharesIssuedInConjunctionWithStockPlan" roleURI="http://www.unitil.com/taxonomy/role/DisclosureRestrictedSharesIssuedInConjunctionWithStockPlan"/>
  <roleRef xlink:type="simple" xlink:href="utl-20121231.xsd#DisclosureRestrictedStockUnitsIssued" roleURI="http://www.unitil.com/taxonomy/role/DisclosureRestrictedStockUnitsIssued"/>
  <roleRef xlink:type="simple" xlink:href="utl-20121231.xsd#DisclosureStockOptionsActivity" roleURI="http://www.unitil.com/taxonomy/role/DisclosureStockOptionsActivity"/>
  <roleRef xlink:type="simple" xlink:href="utl-20121231.xsd#DisclosureReconciliationOfBasicAndDilutedEarningsPerShare" roleURI="http://www.unitil.com/taxonomy/role/DisclosureReconciliationOfBasicAndDilutedEarningsPerShare"/>
  <roleRef xlink:type="simple" xlink:href="utl-20121231.xsd#DisclosureLongTermDebtCreditArrangementsLeasesAndGuaranteesAdditionalInformation" roleURI="http://www.unitil.com/taxonomy/role/DisclosureLongTermDebtCreditArrangementsLeasesAndGuaranteesAdditionalInformation"/>
  <roleRef xlink:type="simple" xlink:href="utl-20121231.xsd#DisclosureEstimatedFairValueOfLongTermDebt" roleURI="http://www.unitil.com/taxonomy/role/DisclosureEstimatedFairValueOfLongTermDebt"/>
  <roleRef xlink:type="simple" xlink:href="utl-20121231.xsd#DisclosureDetailsOnLongTermDebt" roleURI="http://www.unitil.com/taxonomy/role/DisclosureDetailsOnLongTermDebt"/>
  <roleRef xlink:type="simple" xlink:href="utl-20121231.xsd#DisclosureDetailsOnLongTermDebtParenthetical" roleURI="http://www.unitil.com/taxonomy/role/DisclosureDetailsOnLongTermDebtParenthetical"/>
  <roleRef xlink:type="simple" xlink:href="utl-20121231.xsd#DisclosureSummaryOfInterestExpenseAndInterestIncome" roleURI="http://www.unitil.com/taxonomy/role/DisclosureSummaryOfInterestExpenseAndInterestIncome"/>
  <roleRef xlink:type="simple" xlink:href="utl-20121231.xsd#DisclosureBorrowingLimitsAmountsOutstandingAndAmountsAvailableUnderRevolvingCreditFacility" roleURI="http://www.unitil.com/taxonomy/role/DisclosureBorrowingLimitsAmountsOutstandingAndAmountsAvailableUnderRevolvingCreditFacility"/>
  <roleRef xlink:type="simple" xlink:href="utl-20121231.xsd#DisclosureFutureOperatingLeasePaymentObligationsAndFutureMinimumLeasePaymentsUnderCapitalLeases" roleURI="http://www.unitil.com/taxonomy/role/DisclosureFutureOperatingLeasePaymentObligationsAndFutureMinimumLeasePaymentsUnderCapitalLeases"/>
  <roleRef xlink:type="simple" xlink:href="utl-20121231.xsd#DisclosureEnergySupplyAdditionalInformation" roleURI="http://www.unitil.com/taxonomy/role/DisclosureEnergySupplyAdditionalInformation"/>
  <roleRef xlink:type="simple" xlink:href="utl-20121231.xsd#DisclosureRegulatoryMattersAdditionalInformation" roleURI="http://www.unitil.com/taxonomy/role/DisclosureRegulatoryMattersAdditionalInformation"/>
  <roleRef xlink:type="simple" xlink:href="utl-20121231.xsd#DisclosureCompanysLiabilityForEnvironmentalObligations" roleURI="http://www.unitil.com/taxonomy/role/DisclosureCompanysLiabilityForEnvironmentalObligations"/>
  <roleRef xlink:type="simple" xlink:href="utl-20121231.xsd#DisclosureBadDebtsAdditionalInformation" roleURI="http://www.unitil.com/taxonomy/role/DisclosureBadDebtsAdditionalInformation"/>
  <roleRef xlink:type="simple" xlink:href="utl-20121231.xsd#DisclosureActivityInCompanysAllowanceForDoubtfulAccounts" roleURI="http://www.unitil.com/taxonomy/role/DisclosureActivityInCompanysAllowanceForDoubtfulAccounts"/>
  <roleRef xlink:type="simple" xlink:href="utl-20121231.xsd#DisclosureProvisionsForFederalAndStateIncomeTaxes" roleURI="http://www.unitil.com/taxonomy/role/DisclosureProvisionsForFederalAndStateIncomeTaxes"/>
  <roleRef xlink:type="simple" xlink:href="utl-20121231.xsd#DisclosureDifferencesBetweenProvisionsForIncomeTaxesAndProvisionsCalculatedAtStatutoryFederalTaxRate" roleURI="http://www.unitil.com/taxonomy/role/DisclosureDifferencesBetweenProvisionsForIncomeTaxesAndProvisionsCalculatedAtStatutoryFederalTaxRate"/>
  <roleRef xlink:type="simple" xlink:href="utl-20121231.xsd#DisclosureDeferredTaxAssetsAndLiabilitiesCurrent" roleURI="http://www.unitil.com/taxonomy/role/DisclosureDeferredTaxAssetsAndLiabilitiesCurrent"/>
  <roleRef xlink:type="simple" xlink:href="utl-20121231.xsd#DisclosureDeferredTaxAssetsAndLiabilitiesNonCurrent" roleURI="http://www.unitil.com/taxonomy/role/DisclosureDeferredTaxAssetsAndLiabilitiesNonCurrent"/>
  <roleRef xlink:type="simple" xlink:href="utl-20121231.xsd#DisclosureIncomeTaxesAdditionalInformation" roleURI="http://www.unitil.com/taxonomy/role/DisclosureIncomeTaxesAdditionalInformation"/>
  <roleRef xlink:type="simple" xlink:href="utl-20121231.xsd#DisclosureSegmentInformationAdditionalInformation" roleURI="http://www.unitil.com/taxonomy/role/DisclosureSegmentInformationAdditionalInformation"/>
  <roleRef xlink:type="simple" xlink:href="utl-20121231.xsd#DisclosureSignificantSegmentFinancialData" roleURI="http://www.unitil.com/taxonomy/role/DisclosureSignificantSegmentFinancialData"/>
  <roleRef xlink:type="simple" xlink:href="utl-20121231.xsd#DisclosureKeyAssumptionsUsedInDeterminingBenefitPlanCostsAndObligations" roleURI="http://www.unitil.com/taxonomy/role/DisclosureKeyAssumptionsUsedInDeterminingBenefitPlanCostsAndObligations"/>
  <roleRef xlink:type="simple" xlink:href="utl-20121231.xsd#DisclosureRetirementBenefitPlansAdditionalInformation" roleURI="http://www.unitil.com/taxonomy/role/DisclosureRetirementBenefitPlansAdditionalInformation"/>
  <roleRef xlink:type="simple" xlink:href="utl-20121231.xsd#DisclosureComponentsOfRetirementPlanCosts" roleURI="http://www.unitil.com/taxonomy/role/DisclosureComponentsOfRetirementPlanCosts"/>
  <roleRef xlink:type="simple" xlink:href="utl-20121231.xsd#DisclosureSummaryOfInformationOnPlansAssetsProjectedBenefitObligationsPBOAndFundedStatus" roleURI="http://www.unitil.com/taxonomy/role/DisclosureSummaryOfInformationOnPlansAssetsProjectedBenefitObligationsPBOAndFundedStatus"/>
  <roleRef xlink:type="simple" xlink:href="utl-20121231.xsd#DisclosureEmployerContributionsParticipantContributionsAndBenefitPayments" roleURI="http://www.unitil.com/taxonomy/role/DisclosureEmployerContributionsParticipantContributionsAndBenefitPayments"/>
  <roleRef xlink:type="simple" xlink:href="utl-20121231.xsd#DisclosureEstimatedFutureBenefitPayments" roleURI="http://www.unitil.com/taxonomy/role/DisclosureEstimatedFutureBenefitPayments"/>
  <roleRef xlink:type="simple" xlink:href="utl-20121231.xsd#DisclosureActualInvestmentAllocations" roleURI="http://www.unitil.com/taxonomy/role/DisclosureActualInvestmentAllocations"/>
  <roleRef xlink:type="simple" xlink:href="utl-20121231.xsd#DisclosureAssetsMeasuredAtFairValueOnRecurringBasisForPensionPlan" roleURI="http://www.unitil.com/taxonomy/role/DisclosureAssetsMeasuredAtFairValueOnRecurringBasisForPensionPlan"/>
  <roleRef xlink:type="simple" xlink:href="utl-20121231.xsd#DisclosureAssetsMeasuredAtFairValueOnRecurringBasisForPBOPPlan" roleURI="http://www.unitil.com/taxonomy/role/DisclosureAssetsMeasuredAtFairValueOnRecurringBasisForPBOPPlan"/>
  <roleRef xlink:type="simple" xlink:href="utl-20121231.xsd#DisclosureQuarterlyFinancialInformation" roleURI="http://www.unitil.com/taxonomy/role/DisclosureQuarterlyFinancialInformation"/>
  <roleRef xlink:type="simple" xlink:href="utl-20121231.xsd#Role_NotesToFinancialStatementsSignificantAccountingPoliciesTextBlock" roleURI="http://www.unitil.com/taxonomy/role/NotesToFinancialStatementsSignificantAccountingPoliciesTextBlock"/>
  <roleRef xlink:type="simple" xlink:href="utl-20121231.xsd#Role_NotesToFinancialStatementsSignificantAccountingPoliciesTextBlockPolicies" roleURI="http://www.unitil.com/taxonomy/role/NotesToFinancialStatementsSignificantAccountingPoliciesTextBlockPolicies"/>
  <roleRef xlink:type="simple" xlink:href="utl-20121231.xsd#Role_NotesToFinancialStatementsSignificantAccountingPoliciesTextBlockTables" roleURI="http://www.unitil.com/taxonomy/role/NotesToFinancialStatementsSignificantAccountingPoliciesTextBlockTables"/>
  <roleRef xlink:type="simple" xlink:href="utl-20121231.xsd#Role_NotesToFinancialStatementsStockholdersEquityNoteDisclosureTextBlock" roleURI="http://www.unitil.com/taxonomy/role/NotesToFinancialStatementsStockholdersEquityNoteDisclosureTextBlock"/>
  <roleRef xlink:type="simple" xlink:href="utl-20121231.xsd#Role_NotesToFinancialStatementsStockholdersEquityNoteDisclosureTextBlockTables" roleURI="http://www.unitil.com/taxonomy/role/NotesToFinancialStatementsStockholdersEquityNoteDisclosureTextBlockTables"/>
  <roleRef xlink:type="simple" xlink:href="utl-20121231.xsd#Role_NotesToFinancialStatementsDebtDisclosureTextBlock" roleURI="http://www.unitil.com/taxonomy/role/NotesToFinancialStatementsDebtDisclosureTextBlock"/>
  <roleRef xlink:type="simple" xlink:href="utl-20121231.xsd#Role_NotesToFinancialStatementsDebtDisclosureTextBlockTables" roleURI="http://www.unitil.com/taxonomy/role/NotesToFinancialStatementsDebtDisclosureTextBlockTables"/>
  <roleRef xlink:type="simple" xlink:href="utl-20121231.xsd#Role_NotesToFinancialStatementsEnergySupplyTextBlock" roleURI="http://www.unitil.com/taxonomy/role/NotesToFinancialStatementsEnergySupplyTextBlock"/>
  <roleRef xlink:type="simple" xlink:href="utl-20121231.xsd#Role_NotesToFinancialStatementsCommitmentsAndContingenciesDisclosureTextBlock" roleURI="http://www.unitil.com/taxonomy/role/NotesToFinancialStatementsCommitmentsAndContingenciesDisclosureTextBlock"/>
  <roleRef xlink:type="simple" xlink:href="utl-20121231.xsd#Role_NotesToFinancialStatementsCommitmentsAndContingenciesDisclosureTextBlockTables" roleURI="http://www.unitil.com/taxonomy/role/NotesToFinancialStatementsCommitmentsAndContingenciesDisclosureTextBlockTables"/>
  <roleRef xlink:type="simple" xlink:href="utl-20121231.xsd#Role_NotesToFinancialStatementsBadDebtsTextBlock" roleURI="http://www.unitil.com/taxonomy/role/NotesToFinancialStatementsBadDebtsTextBlock"/>
  <roleRef xlink:type="simple" xlink:href="utl-20121231.xsd#Role_NotesToFinancialStatementsBadDebtsTextBlockTables" roleURI="http://www.unitil.com/taxonomy/role/NotesToFinancialStatementsBadDebtsTextBlockTables"/>
  <roleRef xlink:type="simple" xlink:href="utl-20121231.xsd#Role_NotesToFinancialStatementsIncomeTaxDisclosureTextBlock" roleURI="http://www.unitil.com/taxonomy/role/NotesToFinancialStatementsIncomeTaxDisclosureTextBlock"/>
  <roleRef xlink:type="simple" xlink:href="utl-20121231.xsd#Role_NotesToFinancialStatementsIncomeTaxDisclosureTextBlockTables" roleURI="http://www.unitil.com/taxonomy/role/NotesToFinancialStatementsIncomeTaxDisclosureTextBlockTables"/>
  <roleRef xlink:type="simple" xlink:href="utl-20121231.xsd#Role_NotesToFinancialStatementsSegmentReportingDisclosureTextBlock" roleURI="http://www.unitil.com/taxonomy/role/NotesToFinancialStatementsSegmentReportingDisclosureTextBlock"/>
  <roleRef xlink:type="simple" xlink:href="utl-20121231.xsd#Role_NotesToFinancialStatementsSegmentReportingDisclosureTextBlockTables" roleURI="http://www.unitil.com/taxonomy/role/NotesToFinancialStatementsSegmentReportingDisclosureTextBlockTables"/>
  <roleRef xlink:type="simple" xlink:href="utl-20121231.xsd#Role_NotesToFinancialStatementsPensionAndOtherPostretirementBenefitsDisclosureTextBlock" roleURI="http://www.unitil.com/taxonomy/role/NotesToFinancialStatementsPensionAndOtherPostretirementBenefitsDisclosureTextBlock"/>
  <roleRef xlink:type="simple" xlink:href="utl-20121231.xsd#Role_NotesToFinancialStatementsPensionAndOtherPostretirementBenefitsDisclosureTextBlockTables" roleURI="http://www.unitil.com/taxonomy/role/NotesToFinancialStatementsPensionAndOtherPostretirementBenefitsDisclosureTextBlockTables"/>
  <roleRef xlink:type="simple" xlink:href="utl-20121231.xsd#Role_NotesToFinancialStatementsQuarterlyFinancialInformationTextBlock" roleURI="http://www.unitil.com/taxonomy/role/NotesToFinancialStatementsQuarterlyFinancialInformationTextBlock"/>
  <roleRef xlink:type="simple" xlink:href="utl-20121231.xsd#Role_NotesToFinancialStatementsQuarterlyFinancialInformationTextBlockTables" roleURI="http://www.unitil.com/taxonomy/role/NotesToFinancialStatementsQuarterlyFinancialInformationTextBlockTables"/>
  <calculationLink xlink:type="extended" xlink:role="http://www.unitil.com/taxonomy/role/DocumentDocumentandEntityInformation">
  </calculationLink>
  <calculationLink xlink:type="extended" xlink:role="http://www.unitil.com/taxonomy/role/StatementOfIncomeAlternative">
    <loc xlink:type="locator" xlink:href="http://xbrl.fasb.org/us-gaap/2012/elts/us-gaap-2012-01-31.xsd#us-gaap_DividendsPreferredStock" xlink:label="us-gaap_DividendsPreferredStock"/>
    <loc xlink:type="locator" xlink:href="http://xbrl.fasb.org/us-gaap/2012/elts/us-gaap-2012-01-31.xsd#us-gaap_IncomeLossFromContinuingOperationsBeforeInterestExpenseInterestIncomeIncomeTaxesExtraordinaryItemsNoncontrollingInterestsNet" xlink:label="us-gaap_IncomeLossFromContinuingOperationsBeforeInterestExpenseInterestIncomeIncomeTaxesExtraordinaryItemsNoncontrollingInterestsNet"/>
    <loc xlink:type="locator" xlink:href="http://xbrl.fasb.org/us-gaap/2012/elts/us-gaap-2012-01-31.xsd#us-gaap_IncomeTaxExpenseBenefit" xlink:label="us-gaap_IncomeTaxExpenseBenefit"/>
    <loc xlink:type="locator" xlink:href="http://xbrl.fasb.org/us-gaap/2012/elts/us-gaap-2012-01-31.xsd#us-gaap_InterestIncomeExpenseNonoperatingNet" xlink:label="us-gaap_InterestIncomeExpenseNonoperatingNet"/>
    <loc xlink:type="locator" xlink:href="utl-20121231.xsd#utl_LocalPropertyAndOtherProvisionsBenefitForTaxes" xlink:label="utl_LocalPropertyAndOtherProvisionsBenefitForTaxes"/>
    <loc xlink:type="locator" xlink:href="http://xbrl.fasb.org/us-gaap/2012/elts/us-gaap-2012-01-31.xsd#us-gaap_NetIncomeLoss" xlink:label="us-gaap_NetIncomeLoss"/>
    <loc xlink:type="locator" xlink:href="http://xbrl.fasb.org/us-gaap/2012/elts/us-gaap-2012-01-31.xsd#us-gaap_NetIncomeLossAvailableToCommonStockholdersBasic" xlink:label="us-gaap_NetIncomeLossAvailableToCommonStockholdersBasic"/>
    <loc xlink:type="locator" xlink:href="http://xbrl.fasb.org/us-gaap/2012/elts/us-gaap-2012-01-31.xsd#us-gaap_OperatingIncomeLoss" xlink:label="us-gaap_OperatingIncomeLoss"/>
    <loc xlink:type="locator" xlink:href="http://xbrl.fasb.org/us-gaap/2012/elts/us-gaap-2012-01-31.xsd#us-gaap_OtherNonoperatingExpense" xlink:label="us-gaap_OtherNonoperatingExpense"/>
    <loc xlink:type="locator" xlink:href="http://xbrl.fasb.org/us-gaap/2012/elts/us-gaap-2012-01-31.xsd#us-gaap_OtherSalesRevenueNet" xlink:label="us-gaap_OtherSalesRevenueNet"/>
    <loc xlink:type="locator" xlink:href="http://xbrl.fasb.org/us-gaap/2012/elts/us-gaap-2012-01-31.xsd#us-gaap_RegulatedAndUnregulatedOperatingRevenue" xlink:label="us-gaap_RegulatedAndUnregulatedOperatingRevenue"/>
    <loc xlink:type="locator" xlink:href="http://xbrl.fasb.org/us-gaap/2012/elts/us-gaap-2012-01-31.xsd#us-gaap_RegulatedOperatingRevenueElectricNonNuclear" xlink:label="us-gaap_RegulatedOperatingRevenueElectricNonNuclear"/>
    <loc xlink:type="locator" xlink:href="http://xbrl.fasb.org/us-gaap/2012/elts/us-gaap-2012-01-31.xsd#us-gaap_RegulatedOperatingRevenueGas" xlink:label="us-gaap_RegulatedOperatingRevenueGas"/>
    <loc xlink:type="locator" xlink:href="http://xbrl.fasb.org/us-gaap/2012/elts/us-gaap-2012-01-31.xsd#us-gaap_UtilitiesOperatingExpense" xlink:label="us-gaap_UtilitiesOperatingExpense"/>
    <loc xlink:type="locator" xlink:href="utl-20121231.xsd#utl_UtilitiesOperatingExpenseConservationAndLoadManagement" xlink:label="utl_UtilitiesOperatingExpenseConservationAndLoadManagement"/>
    <loc xlink:type="locator" xlink:href="http://xbrl.fasb.org/us-gaap/2012/elts/us-gaap-2012-01-31.xsd#us-gaap_UtilitiesOperatingExpenseDepreciationAndAmortization" xlink:label="us-gaap_UtilitiesOperatingExpenseDepreciationAndAmortization"/>
    <loc xlink:type="locator" xlink:href="http://xbrl.fasb.org/us-gaap/2012/elts/us-gaap-2012-01-31.xsd#us-gaap_UtilitiesOperatingExpenseGasAndPetroleumPurchased" xlink:label="us-gaap_UtilitiesOperatingExpenseGasAndPetroleumPurchased"/>
    <loc xlink:type="locator" xlink:href="http://xbrl.fasb.org/us-gaap/2012/elts/us-gaap-2012-01-31.xsd#us-gaap_UtilitiesOperatingExpenseMaintenanceAndOperations" xlink:label="us-gaap_UtilitiesOperatingExpenseMaintenanceAndOperations"/>
    <loc xlink:type="locator" xlink:href="http://xbrl.fasb.org/us-gaap/2012/elts/us-gaap-2012-01-31.xsd#us-gaap_UtilitiesOperatingExpensePurchasedPower" xlink:label="us-gaap_UtilitiesOperatingExpensePurchasedPower"/>
    <calculationArc xlink:type="arc" xlink:arcrole="http://www.xbrl.org/2003/arcrole/summation-item" xlink:from="us-gaap_IncomeLossFromContinuingOperationsBeforeInterestExpenseInterestIncomeIncomeTaxesExtraordinaryItemsNoncontrollingInterestsNet" xlink:to="us-gaap_OperatingIncomeLoss" order="1.1300" weight="1.00" priority="2" use="optional"/>
    <calculationArc xlink:type="arc" xlink:arcrole="http://www.xbrl.org/2003/arcrole/summation-item" xlink:from="us-gaap_IncomeLossFromContinuingOperationsBeforeInterestExpenseInterestIncomeIncomeTaxesExtraordinaryItemsNoncontrollingInterestsNet" xlink:to="us-gaap_OtherNonoperatingExpense" order="1.1400" weight="-1.00" priority="2" use="optional"/>
    <calculationArc xlink:type="arc" xlink:arcrole="http://www.xbrl.org/2003/arcrole/summation-item" xlink:from="us-gaap_NetIncomeLoss" xlink:to="us-gaap_IncomeLossFromContinuingOperationsBeforeInterestExpenseInterestIncomeIncomeTaxesExtraordinaryItemsNoncontrollingInterestsNet" order="1.1500" weight="1.00" priority="2" use="optional"/>
    <calculationArc xlink:type="arc" xlink:arcrole="http://www.xbrl.org/2003/arcrole/summation-item" xlink:from="us-gaap_NetIncomeLoss" xlink:to="us-gaap_InterestIncomeExpenseNonoperatingNet" order="1.1600" weight="1.00" priority="2" use="optional"/>
    <calculationArc xlink:type="arc" xlink:arcrole="http://www.xbrl.org/2003/arcrole/summation-item" xlink:from="us-gaap_NetIncomeLossAvailableToCommonStockholdersBasic" xlink:to="us-gaap_NetIncomeLoss" order="1.1700" weight="1.00" priority="2" use="optional"/>
    <calculationArc xlink:type="arc" xlink:arcrole="http://www.xbrl.org/2003/arcrole/summation-item" xlink:from="us-gaap_NetIncomeLossAvailableToCommonStockholdersBasic" xlink:to="us-gaap_DividendsPreferredStock" order="1.1800" weight="-1.00" priority="2" use="optional"/>
    <calculationArc xlink:type="arc" xlink:arcrole="http://www.xbrl.org/2003/arcrole/summation-item" xlink:from="us-gaap_OperatingIncomeLoss" xlink:to="us-gaap_RegulatedAndUnregulatedOperatingRevenue" order="1.0400" weight="1.00" priority="2" use="optional"/>
    <calculationArc xlink:type="arc" xlink:arcrole="http://www.xbrl.org/2003/arcrole/summation-item" xlink:from="us-gaap_OperatingIncomeLoss" xlink:to="us-gaap_UtilitiesOperatingExpense" order="1.1200" weight="-1.00" priority="2" use="optional"/>
    <calculationArc xlink:type="arc" xlink:arcrole="http://www.xbrl.org/2003/arcrole/summation-item" xlink:from="us-gaap_RegulatedAndUnregulatedOperatingRevenue" xlink:to="us-gaap_RegulatedOperatingRevenueGas" order="1.0100" weight="1.00" priority="2" use="optional"/>
    <calculationArc xlink:type="arc" xlink:arcrole="http://www.xbrl.org/2003/arcrole/summation-item" xlink:from="us-gaap_RegulatedAndUnregulatedOperatingRevenue" xlink:to="us-gaap_RegulatedOperatingRevenueElectricNonNuclear" order="1.0200" weight="1.00" priority="2" use="optional"/>
    <calculationArc xlink:type="arc" xlink:arcrole="http://www.xbrl.org/2003/arcrole/summation-item" xlink:from="us-gaap_RegulatedAndUnregulatedOperatingRevenue" xlink:to="us-gaap_OtherSalesRevenueNet" order="1.0300" weight="1.00" priority="2" use="optional"/>
    <calculationArc xlink:type="arc" xlink:arcrole="http://www.xbrl.org/2003/arcrole/summation-item" xlink:from="us-gaap_UtilitiesOperatingExpense" xlink:to="us-gaap_UtilitiesOperatingExpenseGasAndPetroleumPurchased" order="1.0500" weight="1.00" priority="2" use="optional"/>
    <calculationArc xlink:type="arc" xlink:arcrole="http://www.xbrl.org/2003/arcrole/summation-item" xlink:from="us-gaap_UtilitiesOperatingExpense" xlink:to="us-gaap_UtilitiesOperatingExpensePurchasedPower" order="1.0600" weight="1.00" priority="2" use="optional"/>
    <calculationArc xlink:type="arc" xlink:arcrole="http://www.xbrl.org/2003/arcrole/summation-item" xlink:from="us-gaap_UtilitiesOperatingExpense" xlink:to="us-gaap_UtilitiesOperatingExpenseMaintenanceAndOperations" order="1.0700" weight="1.00" priority="2" use="optional"/>
    <calculationArc xlink:type="arc" xlink:arcrole="http://www.xbrl.org/2003/arcrole/summation-item" xlink:from="us-gaap_UtilitiesOperatingExpense" xlink:to="utl_UtilitiesOperatingExpenseConservationAndLoadManagement" order="1.0800" weight="1.00" priority="2" use="optional"/>
    <calculationArc xlink:type="arc" xlink:arcrole="http://www.xbrl.org/2003/arcrole/summation-item" xlink:from="us-gaap_UtilitiesOperatingExpense" xlink:to="us-gaap_UtilitiesOperatingExpenseDepreciationAndAmortization" order="1.0900" weight="1.00" priority="2" use="optional"/>
    <calculationArc xlink:type="arc" xlink:arcrole="http://www.xbrl.org/2003/arcrole/summation-item" xlink:from="us-gaap_UtilitiesOperatingExpense" xlink:to="utl_LocalPropertyAndOtherProvisionsBenefitForTaxes" order="1.1000" weight="1.00" priority="2" use="optional"/>
    <calculationArc xlink:type="arc" xlink:arcrole="http://www.xbrl.org/2003/arcrole/summation-item" xlink:from="us-gaap_UtilitiesOperatingExpense" xlink:to="us-gaap_IncomeTaxExpenseBenefit" order="1.1100" weight="1.00" priority="2" use="optional"/>
  </calculationLink>
  <calculationLink xlink:type="extended" xlink:role="http://www.unitil.com/taxonomy/role/StatementOfFinancialPositionClassified">
    <loc xlink:type="locator" xlink:href="http://xbrl.fasb.org/us-gaap/2012/elts/us-gaap-2012-01-31.xsd#us-gaap_AccountsPayableCurrent" xlink:label="us-gaap_AccountsPayableCurrent"/>
    <loc xlink:type="locator" xlink:href="http://xbrl.fasb.org/us-gaap/2012/elts/us-gaap-2012-01-31.xsd#us-gaap_AccountsReceivableNetCurrent" xlink:label="us-gaap_AccountsReceivableNetCurrent"/>
    <loc xlink:type="locator" xlink:href="http://xbrl.fasb.org/us-gaap/2012/elts/us-gaap-2012-01-31.xsd#us-gaap_AccruedEnvironmentalLossContingenciesNoncurrent" xlink:label="us-gaap_AccruedEnvironmentalLossContingenciesNoncurrent"/>
    <loc xlink:type="locator" xlink:href="http://xbrl.fasb.org/us-gaap/2012/elts/us-gaap-2012-01-31.xsd#us-gaap_AssetRetirementObligationsNoncurrent" xlink:label="us-gaap_AssetRetirementObligationsNoncurrent"/>
    <loc xlink:type="locator" xlink:href="http://xbrl.fasb.org/us-gaap/2012/elts/us-gaap-2012-01-31.xsd#us-gaap_Assets" xlink:label="us-gaap_Assets"/>
    <loc xlink:type="locator" xlink:href="http://xbrl.fasb.org/us-gaap/2012/elts/us-gaap-2012-01-31.xsd#us-gaap_AssetsCurrent" xlink:label="us-gaap_AssetsCurrent"/>
    <loc xlink:type="locator" xlink:href="http://xbrl.fasb.org/us-gaap/2012/elts/us-gaap-2012-01-31.xsd#us-gaap_AssetsNoncurrent" xlink:label="us-gaap_AssetsNoncurrent"/>
    <loc xlink:type="locator" xlink:href="http://xbrl.fasb.org/us-gaap/2012/elts/us-gaap-2012-01-31.xsd#us-gaap_CapitalizationLongtermDebtAndEquity" xlink:label="us-gaap_CapitalizationLongtermDebtAndEquity"/>
    <loc xlink:type="locator" xlink:href="http://xbrl.fasb.org/us-gaap/2012/elts/us-gaap-2012-01-31.xsd#us-gaap_CashAndCashEquivalentsAtCarryingValue" xlink:label="us-gaap_CashAndCashEquivalentsAtCarryingValue"/>
    <loc xlink:type="locator" xlink:href="http://xbrl.fasb.org/us-gaap/2012/elts/us-gaap-2012-01-31.xsd#us-gaap_CommonStockValue" xlink:label="us-gaap_CommonStockValue"/>
    <loc xlink:type="locator" xlink:href="http://xbrl.fasb.org/us-gaap/2012/elts/us-gaap-2012-01-31.xsd#us-gaap_DeferredTaxLiabilitiesCurrent" xlink:label="us-gaap_DeferredTaxLiabilitiesCurrent"/>
    <loc xlink:type="locator" xlink:href="http://xbrl.fasb.org/us-gaap/2012/elts/us-gaap-2012-01-31.xsd#us-gaap_DeferredTaxLiabilitiesNoncurrent" xlink:label="us-gaap_DeferredTaxLiabilitiesNoncurrent"/>
    <loc xlink:type="locator" xlink:href="http://xbrl.fasb.org/us-gaap/2012/elts/us-gaap-2012-01-31.xsd#us-gaap_EnergyMarketingContractLiabilitiesCurrent" xlink:label="us-gaap_EnergyMarketingContractLiabilitiesCurrent"/>
    <loc xlink:type="locator" xlink:href="http://xbrl.fasb.org/us-gaap/2012/elts/us-gaap-2012-01-31.xsd#us-gaap_EnergyMarketingContractLiabilitiesNoncurrent" xlink:label="us-gaap_EnergyMarketingContractLiabilitiesNoncurrent"/>
    <loc xlink:type="locator" xlink:href="http://xbrl.fasb.org/us-gaap/2012/elts/us-gaap-2012-01-31.xsd#us-gaap_EnergyRelatedInventoryGasStoredUnderground" xlink:label="us-gaap_EnergyRelatedInventoryGasStoredUnderground"/>
    <loc xlink:type="locator" xlink:href="http://xbrl.fasb.org/us-gaap/2012/elts/us-gaap-2012-01-31.xsd#us-gaap_InventoryRawMaterialsAndSupplies" xlink:label="us-gaap_InventoryRawMaterialsAndSupplies"/>
    <loc xlink:type="locator" xlink:href="http://xbrl.fasb.org/us-gaap/2012/elts/us-gaap-2012-01-31.xsd#us-gaap_LiabilitiesAndStockholdersEquity" xlink:label="us-gaap_LiabilitiesAndStockholdersEquity"/>
    <loc xlink:type="locator" xlink:href="http://xbrl.fasb.org/us-gaap/2012/elts/us-gaap-2012-01-31.xsd#us-gaap_LiabilitiesCurrent" xlink:label="us-gaap_LiabilitiesCurrent"/>
    <loc xlink:type="locator" xlink:href="http://xbrl.fasb.org/us-gaap/2012/elts/us-gaap-2012-01-31.xsd#us-gaap_LiabilitiesNoncurrent" xlink:label="us-gaap_LiabilitiesNoncurrent"/>
    <loc xlink:type="locator" xlink:href="http://xbrl.fasb.org/us-gaap/2012/elts/us-gaap-2012-01-31.xsd#us-gaap_LongTermDebtCurrent" xlink:label="us-gaap_LongTermDebtCurrent"/>
    <loc xlink:type="locator" xlink:href="http://xbrl.fasb.org/us-gaap/2012/elts/us-gaap-2012-01-31.xsd#us-gaap_LongTermDebtNoncurrent" xlink:label="us-gaap_LongTermDebtNoncurrent"/>
    <loc xlink:type="locator" xlink:href="http://xbrl.fasb.org/us-gaap/2012/elts/us-gaap-2012-01-31.xsd#us-gaap_OtherAssetsNoncurrent" xlink:label="us-gaap_OtherAssetsNoncurrent"/>
    <loc xlink:type="locator" xlink:href="http://xbrl.fasb.org/us-gaap/2012/elts/us-gaap-2012-01-31.xsd#us-gaap_OtherLiabilitiesCurrent" xlink:label="us-gaap_OtherLiabilitiesCurrent"/>
    <loc xlink:type="locator" xlink:href="http://xbrl.fasb.org/us-gaap/2012/elts/us-gaap-2012-01-31.xsd#us-gaap_OtherLiabilitiesNoncurrent" xlink:label="us-gaap_OtherLiabilitiesNoncurrent"/>
    <loc xlink:type="locator" xlink:href="http://xbrl.fasb.org/us-gaap/2012/elts/us-gaap-2012-01-31.xsd#us-gaap_PensionAndOtherPostretirementAndPostemploymentBenefitPlansLiabilitiesNoncurrent" xlink:label="us-gaap_PensionAndOtherPostretirementAndPostemploymentBenefitPlansLiabilitiesNoncurrent"/>
    <loc xlink:type="locator" xlink:href="http://xbrl.fasb.org/us-gaap/2012/elts/us-gaap-2012-01-31.xsd#us-gaap_PreferredStockValue" xlink:label="us-gaap_PreferredStockValue"/>
    <loc xlink:type="locator" xlink:href="http://xbrl.fasb.org/us-gaap/2012/elts/us-gaap-2012-01-31.xsd#us-gaap_PrepaidExpenseAndOtherAssets" xlink:label="us-gaap_PrepaidExpenseAndOtherAssets"/>
    <loc xlink:type="locator" xlink:href="http://xbrl.fasb.org/us-gaap/2012/elts/us-gaap-2012-01-31.xsd#us-gaap_PublicUtilitiesPropertyPlantAndEquipmentAccumulatedDepreciation" xlink:label="us-gaap_PublicUtilitiesPropertyPlantAndEquipmentAccumulatedDepreciation"/>
    <loc xlink:type="locator" xlink:href="http://xbrl.fasb.org/us-gaap/2012/elts/us-gaap-2012-01-31.xsd#us-gaap_PublicUtilitiesPropertyPlantAndEquipmentCommon" xlink:label="us-gaap_PublicUtilitiesPropertyPlantAndEquipmentCommon"/>
    <loc xlink:type="locator" xlink:href="http://xbrl.fasb.org/us-gaap/2012/elts/us-gaap-2012-01-31.xsd#us-gaap_PublicUtilitiesPropertyPlantAndEquipmentConstructionWorkInProgress" xlink:label="us-gaap_PublicUtilitiesPropertyPlantAndEquipmentConstructionWorkInProgress"/>
    <loc xlink:type="locator" xlink:href="utl-20121231.xsd#utl_PublicUtilitiesPropertyPlantAndEquipmentGas" xlink:label="utl_PublicUtilitiesPropertyPlantAndEquipmentGas"/>
    <loc xlink:type="locator" xlink:href="http://xbrl.fasb.org/us-gaap/2012/elts/us-gaap-2012-01-31.xsd#us-gaap_PublicUtilitiesPropertyPlantAndEquipmentNet" xlink:label="us-gaap_PublicUtilitiesPropertyPlantAndEquipmentNet"/>
    <loc xlink:type="locator" xlink:href="http://xbrl.fasb.org/us-gaap/2012/elts/us-gaap-2012-01-31.xsd#us-gaap_PublicUtilitiesPropertyPlantAndEquipmentPlantInService" xlink:label="us-gaap_PublicUtilitiesPropertyPlantAndEquipmentPlantInService"/>
    <loc xlink:type="locator" xlink:href="http://xbrl.fasb.org/us-gaap/2012/elts/us-gaap-2012-01-31.xsd#us-gaap_PublicUtilitiesPropertyPlantAndEquipmentTransmissionAndDistribution" xlink:label="us-gaap_PublicUtilitiesPropertyPlantAndEquipmentTransmissionAndDistribution"/>
    <loc xlink:type="locator" xlink:href="http://xbrl.fasb.org/us-gaap/2012/elts/us-gaap-2012-01-31.xsd#us-gaap_RegulatoryAssetsNoncurrent" xlink:label="us-gaap_RegulatoryAssetsNoncurrent"/>
    <loc xlink:type="locator" xlink:href="http://xbrl.fasb.org/us-gaap/2012/elts/us-gaap-2012-01-31.xsd#us-gaap_ShortTermBorrowings" xlink:label="us-gaap_ShortTermBorrowings"/>
    <loc xlink:type="locator" xlink:href="http://xbrl.fasb.org/us-gaap/2012/elts/us-gaap-2012-01-31.xsd#us-gaap_TaxesPayableCurrent" xlink:label="us-gaap_TaxesPayableCurrent"/>
    <loc xlink:type="locator" xlink:href="http://xbrl.fasb.org/us-gaap/2012/elts/us-gaap-2012-01-31.xsd#us-gaap_UnbilledContractsReceivable" xlink:label="us-gaap_UnbilledContractsReceivable"/>
    <calculationArc xlink:type="arc" xlink:arcrole="http://www.xbrl.org/2003/arcrole/summation-item" xlink:from="us-gaap_Assets" xlink:to="us-gaap_PublicUtilitiesPropertyPlantAndEquipmentNet" order="1.0700" weight="1.00" priority="2" use="optional"/>
    <calculationArc xlink:type="arc" xlink:arcrole="http://www.xbrl.org/2003/arcrole/summation-item" xlink:from="us-gaap_Assets" xlink:to="us-gaap_AssetsCurrent" order="1.1400" weight="1.00" priority="2" use="optional"/>
    <calculationArc xlink:type="arc" xlink:arcrole="http://www.xbrl.org/2003/arcrole/summation-item" xlink:from="us-gaap_Assets" xlink:to="us-gaap_AssetsNoncurrent" order="1.1700" weight="1.00" priority="2" use="optional"/>
    <calculationArc xlink:type="arc" xlink:arcrole="http://www.xbrl.org/2003/arcrole/summation-item" xlink:from="us-gaap_AssetsCurrent" xlink:to="us-gaap_CashAndCashEquivalentsAtCarryingValue" order="1.0800" weight="1.00" priority="2" use="optional"/>
    <calculationArc xlink:type="arc" xlink:arcrole="http://www.xbrl.org/2003/arcrole/summation-item" xlink:from="us-gaap_AssetsCurrent" xlink:to="us-gaap_AccountsReceivableNetCurrent" order="1.0900" weight="1.00" priority="2" use="optional"/>
    <calculationArc xlink:type="arc" xlink:arcrole="http://www.xbrl.org/2003/arcrole/summation-item" xlink:from="us-gaap_AssetsCurrent" xlink:to="us-gaap_UnbilledContractsReceivable" order="1.1000" weight="1.00" priority="2" use="optional"/>
    <calculationArc xlink:type="arc" xlink:arcrole="http://www.xbrl.org/2003/arcrole/summation-item" xlink:from="us-gaap_AssetsCurrent" xlink:to="us-gaap_EnergyRelatedInventoryGasStoredUnderground" order="1.1100" weight="1.00" priority="2" use="optional"/>
    <calculationArc xlink:type="arc" xlink:arcrole="http://www.xbrl.org/2003/arcrole/summation-item" xlink:from="us-gaap_AssetsCurrent" xlink:to="us-gaap_InventoryRawMaterialsAndSupplies" order="1.1200" weight="1.00" priority="2" use="optional"/>
    <calculationArc xlink:type="arc" xlink:arcrole="http://www.xbrl.org/2003/arcrole/summation-item" xlink:from="us-gaap_AssetsCurrent" xlink:to="us-gaap_PrepaidExpenseAndOtherAssets" order="1.1300" weight="1.00" priority="2" use="optional"/>
    <calculationArc xlink:type="arc" xlink:arcrole="http://www.xbrl.org/2003/arcrole/summation-item" xlink:from="us-gaap_AssetsNoncurrent" xlink:to="us-gaap_RegulatoryAssetsNoncurrent" order="1.1500" weight="1.00" priority="2" use="optional"/>
    <calculationArc xlink:type="arc" xlink:arcrole="http://www.xbrl.org/2003/arcrole/summation-item" xlink:from="us-gaap_AssetsNoncurrent" xlink:to="us-gaap_OtherAssetsNoncurrent" order="1.1600" weight="1.00" priority="2" use="optional"/>
    <calculationArc xlink:type="arc" xlink:arcrole="http://www.xbrl.org/2003/arcrole/summation-item" xlink:from="us-gaap_CapitalizationLongtermDebtAndEquity" xlink:to="us-gaap_CommonStockValue" order="1.1800" weight="1.00" priority="2" use="optional"/>
    <calculationArc xlink:type="arc" xlink:arcrole="http://www.xbrl.org/2003/arcrole/summation-item" xlink:from="us-gaap_CapitalizationLongtermDebtAndEquity" xlink:to="us-gaap_PreferredStockValue" order="1.1900" weight="1.00" priority="2" use="optional"/>
    <calculationArc xlink:type="arc" xlink:arcrole="http://www.xbrl.org/2003/arcrole/summation-item" xlink:from="us-gaap_CapitalizationLongtermDebtAndEquity" xlink:to="us-gaap_LongTermDebtNoncurrent" order="1.2000" weight="1.00" priority="2" use="optional"/>
    <calculationArc xlink:type="arc" xlink:arcrole="http://www.xbrl.org/2003/arcrole/summation-item" xlink:from="us-gaap_LiabilitiesAndStockholdersEquity" xlink:to="us-gaap_CapitalizationLongtermDebtAndEquity" order="1.2100" weight="1.00" priority="2" use="optional"/>
    <calculationArc xlink:type="arc" xlink:arcrole="http://www.xbrl.org/2003/arcrole/summation-item" xlink:from="us-gaap_LiabilitiesAndStockholdersEquity" xlink:to="us-gaap_LiabilitiesCurrent" order="1.2900" weight="1.00" priority="2" use="optional"/>
    <calculationArc xlink:type="arc" xlink:arcrole="http://www.xbrl.org/2003/arcrole/summation-item" xlink:from="us-gaap_LiabilitiesAndStockholdersEquity" xlink:to="us-gaap_LiabilitiesNoncurrent" order="1.3600" weight="1.00" priority="2" use="optional"/>
    <calculationArc xlink:type="arc" xlink:arcrole="http://www.xbrl.org/2003/arcrole/summation-item" xlink:from="us-gaap_LiabilitiesCurrent" xlink:to="us-gaap_LongTermDebtCurrent" order="1.2200" weight="1.00" priority="2" use="optional"/>
    <calculationArc xlink:type="arc" xlink:arcrole="http://www.xbrl.org/2003/arcrole/summation-item" xlink:from="us-gaap_LiabilitiesCurrent" xlink:to="us-gaap_AccountsPayableCurrent" order="1.2300" weight="1.00" priority="2" use="optional"/>
    <calculationArc xlink:type="arc" xlink:arcrole="http://www.xbrl.org/2003/arcrole/summation-item" xlink:from="us-gaap_LiabilitiesCurrent" xlink:to="us-gaap_ShortTermBorrowings" order="1.2400" weight="1.00" priority="2" use="optional"/>
    <calculationArc xlink:type="arc" xlink:arcrole="http://www.xbrl.org/2003/arcrole/summation-item" xlink:from="us-gaap_LiabilitiesCurrent" xlink:to="us-gaap_EnergyMarketingContractLiabilitiesCurrent" order="1.2500" weight="1.00" priority="2" use="optional"/>
    <calculationArc xlink:type="arc" xlink:arcrole="http://www.xbrl.org/2003/arcrole/summation-item" xlink:from="us-gaap_LiabilitiesCurrent" xlink:to="us-gaap_DeferredTaxLiabilitiesCurrent" order="1.2600" weight="1.00" priority="2" use="optional"/>
    <calculationArc xlink:type="arc" xlink:arcrole="http://www.xbrl.org/2003/arcrole/summation-item" xlink:from="us-gaap_LiabilitiesCurrent" xlink:to="us-gaap_TaxesPayableCurrent" order="1.2700" weight="1.00" priority="2" use="optional"/>
    <calculationArc xlink:type="arc" xlink:arcrole="http://www.xbrl.org/2003/arcrole/summation-item" xlink:from="us-gaap_LiabilitiesCurrent" xlink:to="us-gaap_OtherLiabilitiesCurrent" order="1.2800" weight="1.00" priority="2" use="optional"/>
    <calculationArc xlink:type="arc" xlink:arcrole="http://www.xbrl.org/2003/arcrole/summation-item" xlink:from="us-gaap_LiabilitiesNoncurrent" xlink:to="us-gaap_EnergyMarketingContractLiabilitiesNoncurrent" order="1.3000" weight="1.00" priority="2" use="optional"/>
    <calculationArc xlink:type="arc" xlink:arcrole="http://www.xbrl.org/2003/arcrole/summation-item" xlink:from="us-gaap_LiabilitiesNoncurrent" xlink:to="us-gaap_DeferredTaxLiabilitiesNoncurrent" order="1.3100" weight="1.00" priority="2" use="optional"/>
    <calculationArc xlink:type="arc" xlink:arcrole="http://www.xbrl.org/2003/arcrole/summation-item" xlink:from="us-gaap_LiabilitiesNoncurrent" xlink:to="us-gaap_AssetRetirementObligationsNoncurrent" order="1.3200" weight="1.00" priority="2" use="optional"/>
    <calculationArc xlink:type="arc" xlink:arcrole="http://www.xbrl.org/2003/arcrole/summation-item" xlink:from="us-gaap_LiabilitiesNoncurrent" xlink:to="us-gaap_PensionAndOtherPostretirementAndPostemploymentBenefitPlansLiabilitiesNoncurrent" order="1.3300" weight="1.00" priority="2" use="optional"/>
    <calculationArc xlink:type="arc" xlink:arcrole="http://www.xbrl.org/2003/arcrole/summation-item" xlink:from="us-gaap_LiabilitiesNoncurrent" xlink:to="us-gaap_AccruedEnvironmentalLossContingenciesNoncurrent" order="1.3400" weight="1.00" priority="2" use="optional"/>
    <calculationArc xlink:type="arc" xlink:arcrole="http://www.xbrl.org/2003/arcrole/summation-item" xlink:from="us-gaap_LiabilitiesNoncurrent" xlink:to="us-gaap_OtherLiabilitiesNoncurrent" order="1.3500" weight="1.00" priority="2" use="optional"/>
    <calculationArc xlink:type="arc" xlink:arcrole="http://www.xbrl.org/2003/arcrole/summation-item" xlink:from="us-gaap_PublicUtilitiesPropertyPlantAndEquipmentNet" xlink:to="us-gaap_PublicUtilitiesPropertyPlantAndEquipmentPlantInService" order="1.0500" weight="1.00" priority="2" use="optional"/>
    <calculationArc xlink:type="arc" xlink:arcrole="http://www.xbrl.org/2003/arcrole/summation-item" xlink:from="us-gaap_PublicUtilitiesPropertyPlantAndEquipmentNet" xlink:to="us-gaap_PublicUtilitiesPropertyPlantAndEquipmentAccumulatedDepreciation" order="1.0600" weight="-1.00" priority="2" use="optional"/>
    <calculationArc xlink:type="arc" xlink:arcrole="http://www.xbrl.org/2003/arcrole/summation-item" xlink:from="us-gaap_PublicUtilitiesPropertyPlantAndEquipmentPlantInService" xlink:to="us-gaap_PublicUtilitiesPropertyPlantAndEquipmentTransmissionAndDistribution" order="1.0100" weight="1.00" priority="2" use="optional"/>
    <calculationArc xlink:type="arc" xlink:arcrole="http://www.xbrl.org/2003/arcrole/summation-item" xlink:from="us-gaap_PublicUtilitiesPropertyPlantAndEquipmentPlantInService" xlink:to="utl_PublicUtilitiesPropertyPlantAndEquipmentGas" order="1.0200" weight="1.00" priority="2" use="optional"/>
    <calculationArc xlink:type="arc" xlink:arcrole="http://www.xbrl.org/2003/arcrole/summation-item" xlink:from="us-gaap_PublicUtilitiesPropertyPlantAndEquipmentPlantInService" xlink:to="us-gaap_PublicUtilitiesPropertyPlantAndEquipmentCommon" order="1.0300" weight="1.00" priority="2" use="optional"/>
    <calculationArc xlink:type="arc" xlink:arcrole="http://www.xbrl.org/2003/arcrole/summation-item" xlink:from="us-gaap_PublicUtilitiesPropertyPlantAndEquipmentPlantInService" xlink:to="us-gaap_PublicUtilitiesPropertyPlantAndEquipmentConstructionWorkInProgress" order="1.0400" weight="1.00" priority="2" use="optional"/>
  </calculationLink>
  <calculationLink xlink:type="extended" xlink:role="http://www.unitil.com/taxonomy/role/StatementOfCashFlowsIndirect">
    <loc xlink:type="locator" xlink:href="http://xbrl.fasb.org/us-gaap/2012/elts/us-gaap-2012-01-31.xsd#us-gaap_CashAndCashEquivalentsPeriodIncreaseDecrease" xlink:label="us-gaap_CashAndCashEquivalentsPeriodIncreaseDecrease"/>
    <loc xlink:type="locator" xlink:href="http://xbrl.fasb.org/us-gaap/2012/elts/us-gaap-2012-01-31.xsd#us-gaap_DeferredIncomeTaxExpenseBenefit" xlink:label="us-gaap_DeferredIncomeTaxExpenseBenefit"/>
    <loc xlink:type="locator" xlink:href="utl-20121231.xsd#utl_DeferredRegulatoryAndOtherCharges" xlink:label="utl_DeferredRegulatoryAndOtherCharges"/>
    <loc xlink:type="locator" xlink:href="http://xbrl.fasb.org/us-gaap/2012/elts/us-gaap-2012-01-31.xsd#us-gaap_IncreaseDecreaseInAccountsPayable" xlink:label="us-gaap_IncreaseDecreaseInAccountsPayable"/>
    <loc xlink:type="locator" xlink:href="http://xbrl.fasb.org/us-gaap/2012/elts/us-gaap-2012-01-31.xsd#us-gaap_IncreaseDecreaseInAccountsReceivable" xlink:label="us-gaap_IncreaseDecreaseInAccountsReceivable"/>
    <loc xlink:type="locator" xlink:href="http://xbrl.fasb.org/us-gaap/2012/elts/us-gaap-2012-01-31.xsd#us-gaap_IncreaseDecreaseInFossilFuelInventories" xlink:label="us-gaap_IncreaseDecreaseInFossilFuelInventories"/>
    <loc xlink:type="locator" xlink:href="utl-20121231.xsd#utl_IncreaseDecreaseInGasInventoryFinancing" xlink:label="utl_IncreaseDecreaseInGasInventoryFinancing"/>
    <loc xlink:type="locator" xlink:href="http://xbrl.fasb.org/us-gaap/2012/elts/us-gaap-2012-01-31.xsd#us-gaap_IncreaseDecreaseInIncomeTaxesReceivable" xlink:label="us-gaap_IncreaseDecreaseInIncomeTaxesReceivable"/>
    <loc xlink:type="locator" xlink:href="http://xbrl.fasb.org/us-gaap/2012/elts/us-gaap-2012-01-31.xsd#us-gaap_IncreaseDecreaseInOtherCurrentAssetsAndLiabilitiesNet" xlink:label="us-gaap_IncreaseDecreaseInOtherCurrentAssetsAndLiabilitiesNet"/>
    <loc xlink:type="locator" xlink:href="http://xbrl.fasb.org/us-gaap/2012/elts/us-gaap-2012-01-31.xsd#us-gaap_IncreaseDecreaseInOtherOperatingCapitalNet" xlink:label="us-gaap_IncreaseDecreaseInOtherOperatingCapitalNet"/>
    <loc xlink:type="locator" xlink:href="http://xbrl.fasb.org/us-gaap/2012/elts/us-gaap-2012-01-31.xsd#us-gaap_IncreaseDecreaseInUnbilledReceivables" xlink:label="us-gaap_IncreaseDecreaseInUnbilledReceivables"/>
    <loc xlink:type="locator" xlink:href="http://xbrl.fasb.org/us-gaap/2012/elts/us-gaap-2012-01-31.xsd#us-gaap_NetCashProvidedByUsedInFinancingActivities" xlink:label="us-gaap_NetCashProvidedByUsedInFinancingActivities"/>
    <loc xlink:type="locator" xlink:href="http://xbrl.fasb.org/us-gaap/2012/elts/us-gaap-2012-01-31.xsd#us-gaap_NetCashProvidedByUsedInInvestingActivities" xlink:label="us-gaap_NetCashProvidedByUsedInInvestingActivities"/>
    <loc xlink:type="locator" xlink:href="http://xbrl.fasb.org/us-gaap/2012/elts/us-gaap-2012-01-31.xsd#us-gaap_NetCashProvidedByUsedInOperatingActivities" xlink:label="us-gaap_NetCashProvidedByUsedInOperatingActivities"/>
    <loc xlink:type="locator" xlink:href="http://xbrl.fasb.org/us-gaap/2012/elts/us-gaap-2012-01-31.xsd#us-gaap_NetIncomeLoss" xlink:label="us-gaap_NetIncomeLoss"/>
    <loc xlink:type="locator" xlink:href="http://xbrl.fasb.org/us-gaap/2012/elts/us-gaap-2012-01-31.xsd#us-gaap_PaymentsOfDividends" xlink:label="us-gaap_PaymentsOfDividends"/>
    <loc xlink:type="locator" xlink:href="http://xbrl.fasb.org/us-gaap/2012/elts/us-gaap-2012-01-31.xsd#us-gaap_PaymentsToAcquirePropertyPlantAndEquipment" xlink:label="us-gaap_PaymentsToAcquirePropertyPlantAndEquipment"/>
    <loc xlink:type="locator" xlink:href="utl-20121231.xsd#utl_PreferredStockRepurchasedAndRetiredDuringPeriodValue" xlink:label="utl_PreferredStockRepurchasedAndRetiredDuringPeriodValue"/>
    <loc xlink:type="locator" xlink:href="http://xbrl.fasb.org/us-gaap/2012/elts/us-gaap-2012-01-31.xsd#us-gaap_ProceedsFromIssuanceOfCommonStock" xlink:label="us-gaap_ProceedsFromIssuanceOfCommonStock"/>
    <loc xlink:type="locator" xlink:href="http://xbrl.fasb.org/us-gaap/2012/elts/us-gaap-2012-01-31.xsd#us-gaap_ProceedsFromIssuanceOfLongTermDebt" xlink:label="us-gaap_ProceedsFromIssuanceOfLongTermDebt"/>
    <loc xlink:type="locator" xlink:href="http://xbrl.fasb.org/us-gaap/2012/elts/us-gaap-2012-01-31.xsd#us-gaap_ProceedsFromPaymentsForOtherFinancingActivities" xlink:label="us-gaap_ProceedsFromPaymentsForOtherFinancingActivities"/>
    <loc xlink:type="locator" xlink:href="http://xbrl.fasb.org/us-gaap/2012/elts/us-gaap-2012-01-31.xsd#us-gaap_ProceedsFromRepaymentsOfShortTermDebt" xlink:label="us-gaap_ProceedsFromRepaymentsOfShortTermDebt"/>
    <loc xlink:type="locator" xlink:href="http://xbrl.fasb.org/us-gaap/2012/elts/us-gaap-2012-01-31.xsd#us-gaap_RepaymentsOfLongTermDebt" xlink:label="us-gaap_RepaymentsOfLongTermDebt"/>
    <loc xlink:type="locator" xlink:href="http://xbrl.fasb.org/us-gaap/2012/elts/us-gaap-2012-01-31.xsd#us-gaap_UtilitiesOperatingExpenseDepreciationAndAmortization" xlink:label="us-gaap_UtilitiesOperatingExpenseDepreciationAndAmortization"/>
    <calculationArc xlink:type="arc" xlink:arcrole="http://www.xbrl.org/2003/arcrole/summation-item" xlink:from="us-gaap_CashAndCashEquivalentsPeriodIncreaseDecrease" xlink:to="us-gaap_NetCashProvidedByUsedInOperatingActivities" order="1.1200" weight="1.00" priority="2" use="optional"/>
    <calculationArc xlink:type="arc" xlink:arcrole="http://www.xbrl.org/2003/arcrole/summation-item" xlink:from="us-gaap_CashAndCashEquivalentsPeriodIncreaseDecrease" xlink:to="us-gaap_NetCashProvidedByUsedInInvestingActivities" order="1.1400" weight="1.00" priority="2" use="optional"/>
    <calculationArc xlink:type="arc" xlink:arcrole="http://www.xbrl.org/2003/arcrole/summation-item" xlink:from="us-gaap_CashAndCashEquivalentsPeriodIncreaseDecrease" xlink:to="us-gaap_NetCashProvidedByUsedInFinancingActivities" order="1.2300" weight="1.00" priority="2" use="optional"/>
    <calculationArc xlink:type="arc" xlink:arcrole="http://www.xbrl.org/2003/arcrole/summation-item" xlink:from="us-gaap_NetCashProvidedByUsedInFinancingActivities" xlink:to="us-gaap_ProceedsFromRepaymentsOfShortTermDebt" order="1.1500" weight="1.00" priority="2" use="optional"/>
    <calculationArc xlink:type="arc" xlink:arcrole="http://www.xbrl.org/2003/arcrole/summation-item" xlink:from="us-gaap_NetCashProvidedByUsedInFinancingActivities" xlink:to="us-gaap_ProceedsFromIssuanceOfLongTermDebt" order="1.1600" weight="1.00" priority="2" use="optional"/>
    <calculationArc xlink:type="arc" xlink:arcrole="http://www.xbrl.org/2003/arcrole/summation-item" xlink:from="us-gaap_NetCashProvidedByUsedInFinancingActivities" xlink:to="us-gaap_RepaymentsOfLongTermDebt" order="1.1700" weight="-1.00" priority="2" use="optional"/>
    <calculationArc xlink:type="arc" xlink:arcrole="http://www.xbrl.org/2003/arcrole/summation-item" xlink:from="us-gaap_NetCashProvidedByUsedInFinancingActivities" xlink:to="utl_IncreaseDecreaseInGasInventoryFinancing" order="1.1800" weight="1.00" priority="2" use="optional"/>
    <calculationArc xlink:type="arc" xlink:arcrole="http://www.xbrl.org/2003/arcrole/summation-item" xlink:from="us-gaap_NetCashProvidedByUsedInFinancingActivities" xlink:to="us-gaap_PaymentsOfDividends" order="1.1900" weight="-1.00" priority="2" use="optional"/>
    <calculationArc xlink:type="arc" xlink:arcrole="http://www.xbrl.org/2003/arcrole/summation-item" xlink:from="us-gaap_NetCashProvidedByUsedInFinancingActivities" xlink:to="utl_PreferredStockRepurchasedAndRetiredDuringPeriodValue" order="1.2000" weight="1.00" priority="2" use="optional"/>
    <calculationArc xlink:type="arc" xlink:arcrole="http://www.xbrl.org/2003/arcrole/summation-item" xlink:from="us-gaap_NetCashProvidedByUsedInFinancingActivities" xlink:to="us-gaap_ProceedsFromIssuanceOfCommonStock" order="1.2100" weight="1.00" priority="2" use="optional"/>
    <calculationArc xlink:type="arc" xlink:arcrole="http://www.xbrl.org/2003/arcrole/summation-item" xlink:from="us-gaap_NetCashProvidedByUsedInFinancingActivities" xlink:to="us-gaap_ProceedsFromPaymentsForOtherFinancingActivities" order="1.2200" weight="1.00" priority="2" use="optional"/>
    <calculationArc xlink:type="arc" xlink:arcrole="http://www.xbrl.org/2003/arcrole/summation-item" xlink:from="us-gaap_NetCashProvidedByUsedInInvestingActivities" xlink:to="us-gaap_PaymentsToAcquirePropertyPlantAndEquipment" order="1.1300" weight="-1.00" priority="2" use="optional"/>
    <calculationArc xlink:type="arc" xlink:arcrole="http://www.xbrl.org/2003/arcrole/summation-item" xlink:from="us-gaap_NetCashProvidedByUsedInOperatingActivities" xlink:to="us-gaap_NetIncomeLoss" order="1.0100" weight="1.00" priority="2" use="optional"/>
    <calculationArc xlink:type="arc" xlink:arcrole="http://www.xbrl.org/2003/arcrole/summation-item" xlink:from="us-gaap_NetCashProvidedByUsedInOperatingActivities" xlink:to="us-gaap_UtilitiesOperatingExpenseDepreciationAndAmortization" order="1.0200" weight="1.00" priority="2" use="optional"/>
    <calculationArc xlink:type="arc" xlink:arcrole="http://www.xbrl.org/2003/arcrole/summation-item" xlink:from="us-gaap_NetCashProvidedByUsedInOperatingActivities" xlink:to="us-gaap_DeferredIncomeTaxExpenseBenefit" order="1.0300" weight="1.00" priority="2" use="optional"/>
    <calculationArc xlink:type="arc" xlink:arcrole="http://www.xbrl.org/2003/arcrole/summation-item" xlink:from="us-gaap_NetCashProvidedByUsedInOperatingActivities" xlink:to="us-gaap_IncreaseDecreaseInAccountsReceivable" order="1.0400" weight="-1.00" priority="2" use="optional"/>
    <calculationArc xlink:type="arc" xlink:arcrole="http://www.xbrl.org/2003/arcrole/summation-item" xlink:from="us-gaap_NetCashProvidedByUsedInOperatingActivities" xlink:to="us-gaap_IncreaseDecreaseInUnbilledReceivables" order="1.0500" weight="-1.00" priority="2" use="optional"/>
    <calculationArc xlink:type="arc" xlink:arcrole="http://www.xbrl.org/2003/arcrole/summation-item" xlink:from="us-gaap_NetCashProvidedByUsedInOperatingActivities" xlink:to="us-gaap_IncreaseDecreaseInIncomeTaxesReceivable" order="1.0600" weight="-1.00" priority="2" use="optional"/>
    <calculationArc xlink:type="arc" xlink:arcrole="http://www.xbrl.org/2003/arcrole/summation-item" xlink:from="us-gaap_NetCashProvidedByUsedInOperatingActivities" xlink:to="us-gaap_IncreaseDecreaseInFossilFuelInventories" order="1.0700" weight="-1.00" priority="2" use="optional"/>
    <calculationArc xlink:type="arc" xlink:arcrole="http://www.xbrl.org/2003/arcrole/summation-item" xlink:from="us-gaap_NetCashProvidedByUsedInOperatingActivities" xlink:to="us-gaap_IncreaseDecreaseInAccountsPayable" order="1.0800" weight="1.00" priority="2" use="optional"/>
    <calculationArc xlink:type="arc" xlink:arcrole="http://www.xbrl.org/2003/arcrole/summation-item" xlink:from="us-gaap_NetCashProvidedByUsedInOperatingActivities" xlink:to="us-gaap_IncreaseDecreaseInOtherCurrentAssetsAndLiabilitiesNet" order="1.0900" weight="-1.00" priority="2" use="optional"/>
    <calculationArc xlink:type="arc" xlink:arcrole="http://www.xbrl.org/2003/arcrole/summation-item" xlink:from="us-gaap_NetCashProvidedByUsedInOperatingActivities" xlink:to="utl_DeferredRegulatoryAndOtherCharges" order="1.1000" weight="1.00" priority="2" use="optional"/>
    <calculationArc xlink:type="arc" xlink:arcrole="http://www.xbrl.org/2003/arcrole/summation-item" xlink:from="us-gaap_NetCashProvidedByUsedInOperatingActivities" xlink:to="us-gaap_IncreaseDecreaseInOtherOperatingCapitalNet" order="1.1100" weight="-1.00" priority="2" use="optional"/>
  </calculationLink>
  <calculationLink xlink:type="extended" xlink:role="http://www.unitil.com/taxonomy/role/StatementOfShareholdersEquityAndOtherComprehensiveIncome">
  </calculationLink>
  <calculationLink xlink:type="extended" xlink:role="http://www.unitil.com/taxonomy/role/StatementOfShareholdersEquityAndOtherComprehensiveIncomeParenthetical">
  </calculationLink>
  <calculationLink xlink:type="extended" xlink:role="http://www.unitil.com/taxonomy/role/DisclosureSummaryOfSignificantAccountingPoliciesAdditionalInformation">
  </calculationLink>
  <calculationLink xlink:type="extended" xlink:role="http://www.unitil.com/taxonomy/role/DisclosureRegulatoryAssetsAndRegulatoryLiabilities">
    <loc xlink:type="locator" xlink:href="http://xbrl.fasb.org/us-gaap/2012/elts/us-gaap-2012-01-31.xsd#us-gaap_RegulatoryAssets" xlink:label="us-gaap_RegulatoryAssets"/>
    <loc xlink:type="locator" xlink:href="http://xbrl.fasb.org/us-gaap/2012/elts/us-gaap-2012-01-31.xsd#us-gaap_RegulatoryAssetsCurrent" xlink:label="us-gaap_RegulatoryAssetsCurrent"/>
    <loc xlink:type="locator" xlink:href="http://xbrl.fasb.org/us-gaap/2012/elts/us-gaap-2012-01-31.xsd#us-gaap_RegulatoryAssetsNoncurrent" xlink:label="us-gaap_RegulatoryAssetsNoncurrent"/>
    <calculationArc xlink:type="arc" xlink:arcrole="http://www.xbrl.org/2003/arcrole/summation-item" xlink:from="us-gaap_RegulatoryAssetsNoncurrent" xlink:to="us-gaap_RegulatoryAssets" order="1.0100" weight="1.00" priority="2" use="optional"/>
    <calculationArc xlink:type="arc" xlink:arcrole="http://www.xbrl.org/2003/arcrole/summation-item" xlink:from="us-gaap_RegulatoryAssetsNoncurrent" xlink:to="us-gaap_RegulatoryAssetsCurrent" order="1.0200" weight="1.00" priority="2" use="optional"/>
  </calculationLink>
  <calculationLink xlink:type="extended" xlink:role="http://www.unitil.com/taxonomy/role/DisclosureComponentsOfAccruedRevenue">
  </calculationLink>
  <calculationLink xlink:type="extended" xlink:role="http://www.unitil.com/taxonomy/role/DisclosureFairValueOffsetInRegulatoryAssets">
  </calculationLink>
  <calculationLink xlink:type="extended" xlink:role="http://www.unitil.com/taxonomy/role/DisclosureRegulatoryAssetsAndReclassificationFromRegulatoryAssetIntoPurchasedGas">
  </calculationLink>
  <calculationLink xlink:type="extended" xlink:role="http://www.unitil.com/taxonomy/role/DisclosureEnergySupplyObligations">
  </calculationLink>
  <calculationLink xlink:type="extended" xlink:role="http://www.unitil.com/taxonomy/role/DisclosureEquityAdditionalInformation">
  </calculationLink>
  <calculationLink xlink:type="extended" xlink:role="http://www.unitil.com/taxonomy/role/DisclosureRestrictedSharesIssuedInConjunctionWithStockPlan">
  </calculationLink>
  <calculationLink xlink:type="extended" xlink:role="http://www.unitil.com/taxonomy/role/DisclosureRestrictedStockUnitsIssued">
  </calculationLink>
  <calculationLink xlink:type="extended" xlink:role="http://www.unitil.com/taxonomy/role/DisclosureStockOptionsActivity">
  </calculationLink>
  <calculationLink xlink:type="extended" xlink:role="http://www.unitil.com/taxonomy/role/DisclosureReconciliationOfBasicAndDilutedEarningsPerShare">
    <loc xlink:type="locator" xlink:href="http://xbrl.fasb.org/us-gaap/2012/elts/us-gaap-2012-01-31.xsd#us-gaap_WeightedAverageNumberDilutedSharesOutstandingAdjustment" xlink:label="us-gaap_WeightedAverageNumberDilutedSharesOutstandingAdjustment"/>
    <loc xlink:type="locator" xlink:href="http://xbrl.fasb.org/us-gaap/2012/elts/us-gaap-2012-01-31.xsd#us-gaap_WeightedAverageNumberOfDilutedSharesOutstanding" xlink:label="us-gaap_WeightedAverageNumberOfDilutedSharesOutstanding"/>
    <loc xlink:type="locator" xlink:href="http://xbrl.fasb.org/us-gaap/2012/elts/us-gaap-2012-01-31.xsd#us-gaap_WeightedAverageNumberOfSharesOutstandingBasic" xlink:label="us-gaap_WeightedAverageNumberOfSharesOutstandingBasic"/>
    <calculationArc xlink:type="arc" xlink:arcrole="http://www.xbrl.org/2003/arcrole/summation-item" xlink:from="us-gaap_WeightedAverageNumberOfDilutedSharesOutstanding" xlink:to="us-gaap_WeightedAverageNumberOfSharesOutstandingBasic" order="1.0100" weight="1.00" priority="2" use="optional"/>
    <calculationArc xlink:type="arc" xlink:arcrole="http://www.xbrl.org/2003/arcrole/summation-item" xlink:from="us-gaap_WeightedAverageNumberOfDilutedSharesOutstanding" xlink:to="us-gaap_WeightedAverageNumberDilutedSharesOutstandingAdjustment" order="1.0200" weight="1.00" priority="2" use="optional"/>
  </calculationLink>
  <calculationLink xlink:type="extended" xlink:role="http://www.unitil.com/taxonomy/role/DisclosureLongTermDebtCreditArrangementsLeasesAndGuaranteesAdditionalInformation">
  </calculationLink>
  <calculationLink xlink:type="extended" xlink:role="http://www.unitil.com/taxonomy/role/DisclosureEstimatedFairValueOfLongTermDebt">
  </calculationLink>
  <calculationLink xlink:type="extended" xlink:role="http://www.unitil.com/taxonomy/role/DisclosureDetailsOnLongTermDebt">
  </calculationLink>
  <calculationLink xlink:type="extended" xlink:role="http://www.unitil.com/taxonomy/role/DisclosureDetailsOnLongTermDebtParenthetical">
  </calculationLink>
  <calculationLink xlink:type="extended" xlink:role="http://www.unitil.com/taxonomy/role/DisclosureSummaryOfInterestExpenseAndInterestIncome">
  </calculationLink>
  <calculationLink xlink:type="extended" xlink:role="http://www.unitil.com/taxonomy/role/DisclosureBorrowingLimitsAmountsOutstandingAndAmountsAvailableUnderRevolvingCreditFacility">
  </calculationLink>
  <calculationLink xlink:type="extended" xlink:role="http://www.unitil.com/taxonomy/role/DisclosureFutureOperatingLeasePaymentObligationsAndFutureMinimumLeasePaymentsUnderCapitalLeases">
    <loc xlink:type="locator" xlink:href="http://xbrl.fasb.org/us-gaap/2012/elts/us-gaap-2012-01-31.xsd#us-gaap_CapitalLeasesFutureMinimumPaymentsDue" xlink:label="us-gaap_CapitalLeasesFutureMinimumPaymentsDue"/>
    <loc xlink:type="locator" xlink:href="http://xbrl.fasb.org/us-gaap/2012/elts/us-gaap-2012-01-31.xsd#us-gaap_CapitalLeasesFutureMinimumPaymentsDueCurrent" xlink:label="us-gaap_CapitalLeasesFutureMinimumPaymentsDueCurrent"/>
    <loc xlink:type="locator" xlink:href="http://xbrl.fasb.org/us-gaap/2012/elts/us-gaap-2012-01-31.xsd#us-gaap_CapitalLeasesFutureMinimumPaymentsDueInFiveYears" xlink:label="us-gaap_CapitalLeasesFutureMinimumPaymentsDueInFiveYears"/>
    <loc xlink:type="locator" xlink:href="http://xbrl.fasb.org/us-gaap/2012/elts/us-gaap-2012-01-31.xsd#us-gaap_CapitalLeasesFutureMinimumPaymentsDueInFourYears" xlink:label="us-gaap_CapitalLeasesFutureMinimumPaymentsDueInFourYears"/>
    <loc xlink:type="locator" xlink:href="http://xbrl.fasb.org/us-gaap/2012/elts/us-gaap-2012-01-31.xsd#us-gaap_CapitalLeasesFutureMinimumPaymentsDueInThreeYears" xlink:label="us-gaap_CapitalLeasesFutureMinimumPaymentsDueInThreeYears"/>
    <loc xlink:type="locator" xlink:href="http://xbrl.fasb.org/us-gaap/2012/elts/us-gaap-2012-01-31.xsd#us-gaap_CapitalLeasesFutureMinimumPaymentsDueInTwoYears" xlink:label="us-gaap_CapitalLeasesFutureMinimumPaymentsDueInTwoYears"/>
    <loc xlink:type="locator" xlink:href="http://xbrl.fasb.org/us-gaap/2012/elts/us-gaap-2012-01-31.xsd#us-gaap_CapitalLeasesFutureMinimumPaymentsDueThereafter" xlink:label="us-gaap_CapitalLeasesFutureMinimumPaymentsDueThereafter"/>
    <loc xlink:type="locator" xlink:href="http://xbrl.fasb.org/us-gaap/2012/elts/us-gaap-2012-01-31.xsd#us-gaap_OperatingLeasesFutureMinimumPaymentsDue" xlink:label="us-gaap_OperatingLeasesFutureMinimumPaymentsDue"/>
    <loc xlink:type="locator" xlink:href="http://xbrl.fasb.org/us-gaap/2012/elts/us-gaap-2012-01-31.xsd#us-gaap_OperatingLeasesFutureMinimumPaymentsDueCurrent" xlink:label="us-gaap_OperatingLeasesFutureMinimumPaymentsDueCurrent"/>
    <loc xlink:type="locator" xlink:href="http://xbrl.fasb.org/us-gaap/2012/elts/us-gaap-2012-01-31.xsd#us-gaap_OperatingLeasesFutureMinimumPaymentsDueInFiveYears" xlink:label="us-gaap_OperatingLeasesFutureMinimumPaymentsDueInFiveYears"/>
    <loc xlink:type="locator" xlink:href="http://xbrl.fasb.org/us-gaap/2012/elts/us-gaap-2012-01-31.xsd#us-gaap_OperatingLeasesFutureMinimumPaymentsDueInFourYears" xlink:label="us-gaap_OperatingLeasesFutureMinimumPaymentsDueInFourYears"/>
    <loc xlink:type="locator" xlink:href="http://xbrl.fasb.org/us-gaap/2012/elts/us-gaap-2012-01-31.xsd#us-gaap_OperatingLeasesFutureMinimumPaymentsDueInThreeYears" xlink:label="us-gaap_OperatingLeasesFutureMinimumPaymentsDueInThreeYears"/>
    <loc xlink:type="locator" xlink:href="http://xbrl.fasb.org/us-gaap/2012/elts/us-gaap-2012-01-31.xsd#us-gaap_OperatingLeasesFutureMinimumPaymentsDueInTwoYears" xlink:label="us-gaap_OperatingLeasesFutureMinimumPaymentsDueInTwoYears"/>
    <loc xlink:type="locator" xlink:href="http://xbrl.fasb.org/us-gaap/2012/elts/us-gaap-2012-01-31.xsd#us-gaap_OperatingLeasesFutureMinimumPaymentsDueThereafter" xlink:label="us-gaap_OperatingLeasesFutureMinimumPaymentsDueThereafter"/>
    <calculationArc xlink:type="arc" xlink:arcrole="http://www.xbrl.org/2003/arcrole/summation-item" xlink:from="us-gaap_CapitalLeasesFutureMinimumPaymentsDue" xlink:to="us-gaap_CapitalLeasesFutureMinimumPaymentsDueCurrent" order="1.0700" weight="1.00" priority="2" use="optional"/>
    <calculationArc xlink:type="arc" xlink:arcrole="http://www.xbrl.org/2003/arcrole/summation-item" xlink:from="us-gaap_CapitalLeasesFutureMinimumPaymentsDue" xlink:to="us-gaap_CapitalLeasesFutureMinimumPaymentsDueInTwoYears" order="1.0800" weight="1.00" priority="2" use="optional"/>
    <calculationArc xlink:type="arc" xlink:arcrole="http://www.xbrl.org/2003/arcrole/summation-item" xlink:from="us-gaap_CapitalLeasesFutureMinimumPaymentsDue" xlink:to="us-gaap_CapitalLeasesFutureMinimumPaymentsDueInThreeYears" order="1.0900" weight="1.00" priority="2" use="optional"/>
    <calculationArc xlink:type="arc" xlink:arcrole="http://www.xbrl.org/2003/arcrole/summation-item" xlink:from="us-gaap_CapitalLeasesFutureMinimumPaymentsDue" xlink:to="us-gaap_CapitalLeasesFutureMinimumPaymentsDueInFourYears" order="1.1000" weight="1.00" priority="2" use="optional"/>
    <calculationArc xlink:type="arc" xlink:arcrole="http://www.xbrl.org/2003/arcrole/summation-item" xlink:from="us-gaap_CapitalLeasesFutureMinimumPaymentsDue" xlink:to="us-gaap_CapitalLeasesFutureMinimumPaymentsDueInFiveYears" order="1.1100" weight="1.00" priority="2" use="optional"/>
    <calculationArc xlink:type="arc" xlink:arcrole="http://www.xbrl.org/2003/arcrole/summation-item" xlink:from="us-gaap_CapitalLeasesFutureMinimumPaymentsDue" xlink:to="us-gaap_CapitalLeasesFutureMinimumPaymentsDueThereafter" order="1.1200" weight="1.00" priority="2" use="optional"/>
    <calculationArc xlink:type="arc" xlink:arcrole="http://www.xbrl.org/2003/arcrole/summation-item" xlink:from="us-gaap_OperatingLeasesFutureMinimumPaymentsDue" xlink:to="us-gaap_OperatingLeasesFutureMinimumPaymentsDueCurrent" order="1.0100" weight="1.00" priority="2" use="optional"/>
    <calculationArc xlink:type="arc" xlink:arcrole="http://www.xbrl.org/2003/arcrole/summation-item" xlink:from="us-gaap_OperatingLeasesFutureMinimumPaymentsDue" xlink:to="us-gaap_OperatingLeasesFutureMinimumPaymentsDueInTwoYears" order="1.0200" weight="1.00" priority="2" use="optional"/>
    <calculationArc xlink:type="arc" xlink:arcrole="http://www.xbrl.org/2003/arcrole/summation-item" xlink:from="us-gaap_OperatingLeasesFutureMinimumPaymentsDue" xlink:to="us-gaap_OperatingLeasesFutureMinimumPaymentsDueInThreeYears" order="1.0300" weight="1.00" priority="2" use="optional"/>
    <calculationArc xlink:type="arc" xlink:arcrole="http://www.xbrl.org/2003/arcrole/summation-item" xlink:from="us-gaap_OperatingLeasesFutureMinimumPaymentsDue" xlink:to="us-gaap_OperatingLeasesFutureMinimumPaymentsDueInFourYears" order="1.0400" weight="1.00" priority="2" use="optional"/>
    <calculationArc xlink:type="arc" xlink:arcrole="http://www.xbrl.org/2003/arcrole/summation-item" xlink:from="us-gaap_OperatingLeasesFutureMinimumPaymentsDue" xlink:to="us-gaap_OperatingLeasesFutureMinimumPaymentsDueInFiveYears" order="1.0500" weight="1.00" priority="2" use="optional"/>
    <calculationArc xlink:type="arc" xlink:arcrole="http://www.xbrl.org/2003/arcrole/summation-item" xlink:from="us-gaap_OperatingLeasesFutureMinimumPaymentsDue" xlink:to="us-gaap_OperatingLeasesFutureMinimumPaymentsDueThereafter" order="1.0600" weight="1.00" priority="2" use="optional"/>
  </calculationLink>
  <calculationLink xlink:type="extended" xlink:role="http://www.unitil.com/taxonomy/role/DisclosureEnergySupplyAdditionalInformation">
  </calculationLink>
  <calculationLink xlink:type="extended" xlink:role="http://www.unitil.com/taxonomy/role/DisclosureRegulatoryMattersAdditionalInformation">
  </calculationLink>
  <calculationLink xlink:type="extended" xlink:role="http://www.unitil.com/taxonomy/role/DisclosureCompanysLiabilityForEnvironmentalObligations">
    <loc xlink:type="locator" xlink:href="http://xbrl.fasb.org/us-gaap/2012/elts/us-gaap-2012-01-31.xsd#us-gaap_AccrualForEnvironmentalLossContingencies" xlink:label="us-gaap_AccrualForEnvironmentalLossContingencies"/>
    <loc xlink:type="locator" xlink:href="http://xbrl.fasb.org/us-gaap/2012/elts/us-gaap-2012-01-31.xsd#us-gaap_AccruedEnvironmentalLossContingenciesCurrent" xlink:label="us-gaap_AccruedEnvironmentalLossContingenciesCurrent"/>
    <loc xlink:type="locator" xlink:href="utl-20121231.xsd#utl_AccruedEnvironmentalLossContingenciesNoncurrentEndingBalance" xlink:label="utl_AccruedEnvironmentalLossContingenciesNoncurrentEndingBalance"/>
    <calculationArc xlink:type="arc" xlink:arcrole="http://www.xbrl.org/2003/arcrole/summation-item" xlink:from="utl_AccruedEnvironmentalLossContingenciesNoncurrentEndingBalance" xlink:to="us-gaap_AccrualForEnvironmentalLossContingencies" order="1.0500" weight="1.00" priority="2" use="optional"/>
    <calculationArc xlink:type="arc" xlink:arcrole="http://www.xbrl.org/2003/arcrole/summation-item" xlink:from="utl_AccruedEnvironmentalLossContingenciesNoncurrentEndingBalance" xlink:to="us-gaap_AccruedEnvironmentalLossContingenciesCurrent" order="1.0600" weight="1.00" priority="2" use="optional"/>
  </calculationLink>
  <calculationLink xlink:type="extended" xlink:role="http://www.unitil.com/taxonomy/role/DisclosureBadDebtsAdditionalInformation">
  </calculationLink>
  <calculationLink xlink:type="extended" xlink:role="http://www.unitil.com/taxonomy/role/DisclosureActivityInCompanysAllowanceForDoubtfulAccounts">
  </calculationLink>
  <calculationLink xlink:type="extended" xlink:role="http://www.unitil.com/taxonomy/role/DisclosureProvisionsForFederalAndStateIncomeTaxes">
    <loc xlink:type="locator" xlink:href="http://xbrl.fasb.org/us-gaap/2012/elts/us-gaap-2012-01-31.xsd#us-gaap_CurrentFederalTaxExpenseBenefit" xlink:label="us-gaap_CurrentFederalTaxExpenseBenefit"/>
    <loc xlink:type="locator" xlink:href="http://xbrl.fasb.org/us-gaap/2012/elts/us-gaap-2012-01-31.xsd#us-gaap_CurrentStateAndLocalTaxExpenseBenefit" xlink:label="us-gaap_CurrentStateAndLocalTaxExpenseBenefit"/>
    <loc xlink:type="locator" xlink:href="http://xbrl.fasb.org/us-gaap/2012/elts/us-gaap-2012-01-31.xsd#us-gaap_DeferredFederalIncomeTaxExpenseBenefit" xlink:label="us-gaap_DeferredFederalIncomeTaxExpenseBenefit"/>
    <loc xlink:type="locator" xlink:href="http://xbrl.fasb.org/us-gaap/2012/elts/us-gaap-2012-01-31.xsd#us-gaap_DeferredStateAndLocalIncomeTaxExpenseBenefit" xlink:label="us-gaap_DeferredStateAndLocalIncomeTaxExpenseBenefit"/>
    <loc xlink:type="locator" xlink:href="http://xbrl.fasb.org/us-gaap/2012/elts/us-gaap-2012-01-31.xsd#us-gaap_FederalIncomeTaxExpenseBenefitContinuingOperations" xlink:label="us-gaap_FederalIncomeTaxExpenseBenefitContinuingOperations"/>
    <loc xlink:type="locator" xlink:href="http://xbrl.fasb.org/us-gaap/2012/elts/us-gaap-2012-01-31.xsd#us-gaap_IncomeTaxExpenseBenefit" xlink:label="us-gaap_IncomeTaxExpenseBenefit"/>
    <loc xlink:type="locator" xlink:href="http://xbrl.fasb.org/us-gaap/2012/elts/us-gaap-2012-01-31.xsd#us-gaap_OtherTaxExpenseBenefit" xlink:label="us-gaap_OtherTaxExpenseBenefit"/>
    <loc xlink:type="locator" xlink:href="http://xbrl.fasb.org/us-gaap/2012/elts/us-gaap-2012-01-31.xsd#us-gaap_StateAndLocalIncomeTaxExpenseBenefitContinuingOperations" xlink:label="us-gaap_StateAndLocalIncomeTaxExpenseBenefitContinuingOperations"/>
    <calculationArc xlink:type="arc" xlink:arcrole="http://www.xbrl.org/2003/arcrole/summation-item" xlink:from="us-gaap_CurrentFederalTaxExpenseBenefit" xlink:to="us-gaap_OtherTaxExpenseBenefit" order="1.0100" weight="1.00" priority="2" use="optional"/>
    <calculationArc xlink:type="arc" xlink:arcrole="http://www.xbrl.org/2003/arcrole/summation-item" xlink:from="us-gaap_FederalIncomeTaxExpenseBenefitContinuingOperations" xlink:to="us-gaap_CurrentFederalTaxExpenseBenefit" order="1.0200" weight="1.00" priority="2" use="optional"/>
    <calculationArc xlink:type="arc" xlink:arcrole="http://www.xbrl.org/2003/arcrole/summation-item" xlink:from="us-gaap_FederalIncomeTaxExpenseBenefitContinuingOperations" xlink:to="us-gaap_DeferredFederalIncomeTaxExpenseBenefit" order="1.0700" weight="1.00" priority="2" use="optional"/>
    <calculationArc xlink:type="arc" xlink:arcrole="http://www.xbrl.org/2003/arcrole/summation-item" xlink:from="us-gaap_IncomeTaxExpenseBenefit" xlink:to="us-gaap_FederalIncomeTaxExpenseBenefitContinuingOperations" order="1.0800" weight="1.00" priority="2" use="optional"/>
    <calculationArc xlink:type="arc" xlink:arcrole="http://www.xbrl.org/2003/arcrole/summation-item" xlink:from="us-gaap_IncomeTaxExpenseBenefit" xlink:to="us-gaap_StateAndLocalIncomeTaxExpenseBenefitContinuingOperations" order="1.1100" weight="1.00" priority="2" use="optional"/>
    <calculationArc xlink:type="arc" xlink:arcrole="http://www.xbrl.org/2003/arcrole/summation-item" xlink:from="us-gaap_StateAndLocalIncomeTaxExpenseBenefitContinuingOperations" xlink:to="us-gaap_CurrentStateAndLocalTaxExpenseBenefit" order="1.0900" weight="1.00" priority="2" use="optional"/>
    <calculationArc xlink:type="arc" xlink:arcrole="http://www.xbrl.org/2003/arcrole/summation-item" xlink:from="us-gaap_StateAndLocalIncomeTaxExpenseBenefitContinuingOperations" xlink:to="us-gaap_DeferredStateAndLocalIncomeTaxExpenseBenefit" order="1.1000" weight="1.00" priority="2" use="optional"/>
  </calculationLink>
  <calculationLink xlink:type="extended" xlink:role="http://www.unitil.com/taxonomy/role/DisclosureDifferencesBetweenProvisionsForIncomeTaxesAndProvisionsCalculatedAtStatutoryFederalTaxRate">
    <loc xlink:type="locator" xlink:href="http://xbrl.fasb.org/us-gaap/2012/elts/us-gaap-2012-01-31.xsd#us-gaap_EffectiveIncomeTaxRateContinuingOperations" xlink:label="us-gaap_EffectiveIncomeTaxRateContinuingOperations"/>
    <loc xlink:type="locator" xlink:href="http://xbrl.fasb.org/us-gaap/2012/elts/us-gaap-2012-01-31.xsd#us-gaap_EffectiveIncomeTaxRateReconciliationAtFederalStatutoryIncomeTaxRate" xlink:label="us-gaap_EffectiveIncomeTaxRateReconciliationAtFederalStatutoryIncomeTaxRate"/>
    <loc xlink:type="locator" xlink:href="utl-20121231.xsd#utl_EffectiveIncomeTaxRateReconciliationDomesticIncomeTaxRateDifferential" xlink:label="utl_EffectiveIncomeTaxRateReconciliationDomesticIncomeTaxRateDifferential"/>
    <loc xlink:type="locator" xlink:href="http://xbrl.fasb.org/us-gaap/2012/elts/us-gaap-2012-01-31.xsd#us-gaap_EffectiveIncomeTaxRateReconciliationOtherAdjustments" xlink:label="us-gaap_EffectiveIncomeTaxRateReconciliationOtherAdjustments"/>
    <loc xlink:type="locator" xlink:href="http://xbrl.fasb.org/us-gaap/2012/elts/us-gaap-2012-01-31.xsd#us-gaap_EffectiveIncomeTaxRateReconciliationStateAndLocalIncomeTaxes" xlink:label="us-gaap_EffectiveIncomeTaxRateReconciliationStateAndLocalIncomeTaxes"/>
    <calculationArc xlink:type="arc" xlink:arcrole="http://www.xbrl.org/2003/arcrole/summation-item" xlink:from="us-gaap_EffectiveIncomeTaxRateContinuingOperations" xlink:to="us-gaap_EffectiveIncomeTaxRateReconciliationAtFederalStatutoryIncomeTaxRate" order="1.0100" weight="1.00" priority="2" use="optional"/>
    <calculationArc xlink:type="arc" xlink:arcrole="http://www.xbrl.org/2003/arcrole/summation-item" xlink:from="us-gaap_EffectiveIncomeTaxRateContinuingOperations" xlink:to="us-gaap_EffectiveIncomeTaxRateReconciliationStateAndLocalIncomeTaxes" order="1.0200" weight="1.00" priority="2" use="optional"/>
    <calculationArc xlink:type="arc" xlink:arcrole="http://www.xbrl.org/2003/arcrole/summation-item" xlink:from="us-gaap_EffectiveIncomeTaxRateContinuingOperations" xlink:to="utl_EffectiveIncomeTaxRateReconciliationDomesticIncomeTaxRateDifferential" order="1.0300" weight="1.00" priority="2" use="optional"/>
    <calculationArc xlink:type="arc" xlink:arcrole="http://www.xbrl.org/2003/arcrole/summation-item" xlink:from="us-gaap_EffectiveIncomeTaxRateContinuingOperations" xlink:to="us-gaap_EffectiveIncomeTaxRateReconciliationOtherAdjustments" order="1.0400" weight="1.00" priority="2" use="optional"/>
  </calculationLink>
  <calculationLink xlink:type="extended" xlink:role="http://www.unitil.com/taxonomy/role/DisclosureDeferredTaxAssetsAndLiabilitiesCurrent">
    <loc xlink:type="locator" xlink:href="http://xbrl.fasb.org/us-gaap/2012/elts/us-gaap-2012-01-31.xsd#us-gaap_DeferredTaxAssetsOther" xlink:label="us-gaap_DeferredTaxAssetsOther"/>
    <loc xlink:type="locator" xlink:href="http://xbrl.fasb.org/us-gaap/2012/elts/us-gaap-2012-01-31.xsd#us-gaap_DeferredTaxLiabilitiesCurrent" xlink:label="us-gaap_DeferredTaxLiabilitiesCurrent"/>
    <loc xlink:type="locator" xlink:href="http://xbrl.fasb.org/us-gaap/2012/elts/us-gaap-2012-01-31.xsd#us-gaap_DeferredTaxLiabilitiesTaxDeferredIncome" xlink:label="us-gaap_DeferredTaxLiabilitiesTaxDeferredIncome"/>
    <calculationArc xlink:type="arc" xlink:arcrole="http://www.xbrl.org/2003/arcrole/summation-item" xlink:from="us-gaap_DeferredTaxLiabilitiesCurrent" xlink:to="us-gaap_DeferredTaxLiabilitiesTaxDeferredIncome" order="1.0100" weight="1.00" priority="2" use="optional"/>
    <calculationArc xlink:type="arc" xlink:arcrole="http://www.xbrl.org/2003/arcrole/summation-item" xlink:from="us-gaap_DeferredTaxLiabilitiesCurrent" xlink:to="us-gaap_DeferredTaxAssetsOther" order="1.0200" weight="-1.00" priority="2" use="optional"/>
  </calculationLink>
  <calculationLink xlink:type="extended" xlink:role="http://www.unitil.com/taxonomy/role/DisclosureDeferredTaxAssetsAndLiabilitiesNonCurrent">
    <loc xlink:type="locator" xlink:href="utl-20121231.xsd#utl_DeferredTaxAssetsLiabilitiesOther" xlink:label="utl_DeferredTaxAssetsLiabilitiesOther"/>
    <loc xlink:type="locator" xlink:href="http://xbrl.fasb.org/us-gaap/2012/elts/us-gaap-2012-01-31.xsd#us-gaap_DeferredTaxAssetsNet" xlink:label="us-gaap_DeferredTaxAssetsNet"/>
    <loc xlink:type="locator" xlink:href="http://xbrl.fasb.org/us-gaap/2012/elts/us-gaap-2012-01-31.xsd#us-gaap_DeferredTaxAssetsOperatingLossCarryforwards" xlink:label="us-gaap_DeferredTaxAssetsOperatingLossCarryforwards"/>
    <loc xlink:type="locator" xlink:href="utl-20121231.xsd#utl_DeferredTaxAssetsPensionAndPostretirementBenefits" xlink:label="utl_DeferredTaxAssetsPensionAndPostretirementBenefits"/>
    <loc xlink:type="locator" xlink:href="http://xbrl.fasb.org/us-gaap/2012/elts/us-gaap-2012-01-31.xsd#us-gaap_DeferredTaxAssetsTaxCreditCarryforwardsAlternativeMinimumTax" xlink:label="us-gaap_DeferredTaxAssetsTaxCreditCarryforwardsAlternativeMinimumTax"/>
    <loc xlink:type="locator" xlink:href="http://xbrl.fasb.org/us-gaap/2012/elts/us-gaap-2012-01-31.xsd#us-gaap_DeferredTaxLiabilitiesNoncurrent" xlink:label="us-gaap_DeferredTaxLiabilitiesNoncurrent"/>
    <loc xlink:type="locator" xlink:href="http://xbrl.fasb.org/us-gaap/2012/elts/us-gaap-2012-01-31.xsd#us-gaap_DeferredTaxLiabilitiesPropertyPlantAndEquipment" xlink:label="us-gaap_DeferredTaxLiabilitiesPropertyPlantAndEquipment"/>
    <calculationArc xlink:type="arc" xlink:arcrole="http://www.xbrl.org/2003/arcrole/summation-item" xlink:from="us-gaap_DeferredTaxLiabilitiesNoncurrent" xlink:to="us-gaap_DeferredTaxLiabilitiesPropertyPlantAndEquipment" order="1.0100" weight="1.00" priority="2" use="optional"/>
    <calculationArc xlink:type="arc" xlink:arcrole="http://www.xbrl.org/2003/arcrole/summation-item" xlink:from="us-gaap_DeferredTaxLiabilitiesNoncurrent" xlink:to="us-gaap_DeferredTaxAssetsOperatingLossCarryforwards" order="1.0200" weight="-1.00" priority="2" use="optional"/>
    <calculationArc xlink:type="arc" xlink:arcrole="http://www.xbrl.org/2003/arcrole/summation-item" xlink:from="us-gaap_DeferredTaxLiabilitiesNoncurrent" xlink:to="us-gaap_DeferredTaxAssetsTaxCreditCarryforwardsAlternativeMinimumTax" order="1.0300" weight="-1.00" priority="2" use="optional"/>
    <calculationArc xlink:type="arc" xlink:arcrole="http://www.xbrl.org/2003/arcrole/summation-item" xlink:from="us-gaap_DeferredTaxLiabilitiesNoncurrent" xlink:to="us-gaap_DeferredTaxAssetsNet" order="1.0400" weight="-1.00" priority="2" use="optional"/>
    <calculationArc xlink:type="arc" xlink:arcrole="http://www.xbrl.org/2003/arcrole/summation-item" xlink:from="us-gaap_DeferredTaxLiabilitiesNoncurrent" xlink:to="utl_DeferredTaxAssetsPensionAndPostretirementBenefits" order="1.0500" weight="-1.00" priority="2" use="optional"/>
    <calculationArc xlink:type="arc" xlink:arcrole="http://www.xbrl.org/2003/arcrole/summation-item" xlink:from="us-gaap_DeferredTaxLiabilitiesNoncurrent" xlink:to="utl_DeferredTaxAssetsLiabilitiesOther" order="1.0600" weight="-1.00" priority="2" use="optional"/>
  </calculationLink>
  <calculationLink xlink:type="extended" xlink:role="http://www.unitil.com/taxonomy/role/DisclosureIncomeTaxesAdditionalInformation">
  </calculationLink>
  <calculationLink xlink:type="extended" xlink:role="http://www.unitil.com/taxonomy/role/DisclosureSegmentInformationAdditionalInformation">
  </calculationLink>
  <calculationLink xlink:type="extended" xlink:role="http://www.unitil.com/taxonomy/role/DisclosureSignificantSegmentFinancialData">
  </calculationLink>
  <calculationLink xlink:type="extended" xlink:role="http://www.unitil.com/taxonomy/role/DisclosureKeyAssumptionsUsedInDeterminingBenefitPlanCostsAndObligations">
  </calculationLink>
  <calculationLink xlink:type="extended" xlink:role="http://www.unitil.com/taxonomy/role/DisclosureRetirementBenefitPlansAdditionalInformation">
  </calculationLink>
  <calculationLink xlink:type="extended" xlink:role="http://www.unitil.com/taxonomy/role/DisclosureComponentsOfRetirementPlanCosts">
    <loc xlink:type="locator" xlink:href="http://xbrl.fasb.org/us-gaap/2012/elts/us-gaap-2012-01-31.xsd#us-gaap_DefinedBenefitPlanAmortizationOfGainsLosses" xlink:label="us-gaap_DefinedBenefitPlanAmortizationOfGainsLosses"/>
    <loc xlink:type="locator" xlink:href="http://xbrl.fasb.org/us-gaap/2012/elts/us-gaap-2012-01-31.xsd#us-gaap_DefinedBenefitPlanAmortizationOfPriorServiceCostCredit" xlink:label="us-gaap_DefinedBenefitPlanAmortizationOfPriorServiceCostCredit"/>
    <loc xlink:type="locator" xlink:href="http://xbrl.fasb.org/us-gaap/2012/elts/us-gaap-2012-01-31.xsd#us-gaap_DefinedBenefitPlanAmortizationOfTransitionObligationsAssets" xlink:label="us-gaap_DefinedBenefitPlanAmortizationOfTransitionObligationsAssets"/>
    <loc xlink:type="locator" xlink:href="utl-20121231.xsd#utl_DefinedBenefitPlanCapitalizedAndDeferred" xlink:label="utl_DefinedBenefitPlanCapitalizedAndDeferred"/>
    <loc xlink:type="locator" xlink:href="utl-20121231.xsd#utl_DefinedBenefitPlanCurtailmentGainLoss" xlink:label="utl_DefinedBenefitPlanCurtailmentGainLoss"/>
    <loc xlink:type="locator" xlink:href="http://xbrl.fasb.org/us-gaap/2012/elts/us-gaap-2012-01-31.xsd#us-gaap_DefinedBenefitPlanExpectedReturnOnPlanAssets" xlink:label="us-gaap_DefinedBenefitPlanExpectedReturnOnPlanAssets"/>
    <loc xlink:type="locator" xlink:href="utl-20121231.xsd#utl_DefinedBenefitPlanGrossPeriodicBenefitCost" xlink:label="utl_DefinedBenefitPlanGrossPeriodicBenefitCost"/>
    <loc xlink:type="locator" xlink:href="http://xbrl.fasb.org/us-gaap/2012/elts/us-gaap-2012-01-31.xsd#us-gaap_DefinedBenefitPlanInterestCost" xlink:label="us-gaap_DefinedBenefitPlanInterestCost"/>
    <loc xlink:type="locator" xlink:href="http://xbrl.fasb.org/us-gaap/2012/elts/us-gaap-2012-01-31.xsd#us-gaap_DefinedBenefitPlanNetPeriodicBenefitCost" xlink:label="us-gaap_DefinedBenefitPlanNetPeriodicBenefitCost"/>
    <loc xlink:type="locator" xlink:href="http://xbrl.fasb.org/us-gaap/2012/elts/us-gaap-2012-01-31.xsd#us-gaap_DefinedBenefitPlanServiceCost" xlink:label="us-gaap_DefinedBenefitPlanServiceCost"/>
    <calculationArc xlink:type="arc" xlink:arcrole="http://www.xbrl.org/2003/arcrole/summation-item" xlink:from="utl_DefinedBenefitPlanGrossPeriodicBenefitCost" xlink:to="us-gaap_DefinedBenefitPlanServiceCost" order="1.0100" weight="1.00" priority="2" use="optional"/>
    <calculationArc xlink:type="arc" xlink:arcrole="http://www.xbrl.org/2003/arcrole/summation-item" xlink:from="utl_DefinedBenefitPlanGrossPeriodicBenefitCost" xlink:to="us-gaap_DefinedBenefitPlanInterestCost" order="1.0200" weight="1.00" priority="2" use="optional"/>
    <calculationArc xlink:type="arc" xlink:arcrole="http://www.xbrl.org/2003/arcrole/summation-item" xlink:from="utl_DefinedBenefitPlanGrossPeriodicBenefitCost" xlink:to="us-gaap_DefinedBenefitPlanExpectedReturnOnPlanAssets" order="1.0300" weight="-1.00" priority="2" use="optional"/>
    <calculationArc xlink:type="arc" xlink:arcrole="http://www.xbrl.org/2003/arcrole/summation-item" xlink:from="utl_DefinedBenefitPlanGrossPeriodicBenefitCost" xlink:to="us-gaap_DefinedBenefitPlanAmortizationOfPriorServiceCostCredit" order="1.0400" weight="1.00" priority="2" use="optional"/>
    <calculationArc xlink:type="arc" xlink:arcrole="http://www.xbrl.org/2003/arcrole/summation-item" xlink:from="utl_DefinedBenefitPlanGrossPeriodicBenefitCost" xlink:to="us-gaap_DefinedBenefitPlanAmortizationOfTransitionObligationsAssets" order="1.0500" weight="1.00" priority="2" use="optional"/>
    <calculationArc xlink:type="arc" xlink:arcrole="http://www.xbrl.org/2003/arcrole/summation-item" xlink:from="utl_DefinedBenefitPlanGrossPeriodicBenefitCost" xlink:to="utl_DefinedBenefitPlanCurtailmentGainLoss" order="1.0600" weight="1.00" priority="2" use="optional"/>
    <calculationArc xlink:type="arc" xlink:arcrole="http://www.xbrl.org/2003/arcrole/summation-item" xlink:from="utl_DefinedBenefitPlanGrossPeriodicBenefitCost" xlink:to="us-gaap_DefinedBenefitPlanAmortizationOfGainsLosses" order="1.0700" weight="-1.00" priority="2" use="optional"/>
    <calculationArc xlink:type="arc" xlink:arcrole="http://www.xbrl.org/2003/arcrole/summation-item" xlink:from="us-gaap_DefinedBenefitPlanNetPeriodicBenefitCost" xlink:to="utl_DefinedBenefitPlanGrossPeriodicBenefitCost" order="1.0800" weight="1.00" priority="2" use="optional"/>
    <calculationArc xlink:type="arc" xlink:arcrole="http://www.xbrl.org/2003/arcrole/summation-item" xlink:from="us-gaap_DefinedBenefitPlanNetPeriodicBenefitCost" xlink:to="utl_DefinedBenefitPlanCapitalizedAndDeferred" order="1.0900" weight="1.00" priority="2" use="optional"/>
  </calculationLink>
  <calculationLink xlink:type="extended" xlink:role="http://www.unitil.com/taxonomy/role/DisclosureSummaryOfInformationOnPlansAssetsProjectedBenefitObligationsPBOAndFundedStatus">
  </calculationLink>
  <calculationLink xlink:type="extended" xlink:role="http://www.unitil.com/taxonomy/role/DisclosureEmployerContributionsParticipantContributionsAndBenefitPayments">
  </calculationLink>
  <calculationLink xlink:type="extended" xlink:role="http://www.unitil.com/taxonomy/role/DisclosureEstimatedFutureBenefitPayments">
  </calculationLink>
  <calculationLink xlink:type="extended" xlink:role="http://www.unitil.com/taxonomy/role/DisclosureActualInvestmentAllocations">
  </calculationLink>
  <calculationLink xlink:type="extended" xlink:role="http://www.unitil.com/taxonomy/role/DisclosureAssetsMeasuredAtFairValueOnRecurringBasisForPensionPlan">
  </calculationLink>
  <calculationLink xlink:type="extended" xlink:role="http://www.unitil.com/taxonomy/role/DisclosureAssetsMeasuredAtFairValueOnRecurringBasisForPBOPPlan">
  </calculationLink>
  <calculationLink xlink:type="extended" xlink:role="http://www.unitil.com/taxonomy/role/DisclosureQuarterlyFinancialInformation">
  </calculationLink>
  <calculationLink xlink:type="extended" xlink:role="http://www.unitil.com/taxonomy/role/NotesToFinancialStatementsSignificantAccountingPoliciesTextBlock">
  </calculationLink>
  <calculationLink xlink:type="extended" xlink:role="http://www.unitil.com/taxonomy/role/NotesToFinancialStatementsSignificantAccountingPoliciesTextBlockPolicies">
  </calculationLink>
  <calculationLink xlink:type="extended" xlink:role="http://www.unitil.com/taxonomy/role/NotesToFinancialStatementsSignificantAccountingPoliciesTextBlockTables">
  </calculationLink>
  <calculationLink xlink:type="extended" xlink:role="http://www.unitil.com/taxonomy/role/NotesToFinancialStatementsStockholdersEquityNoteDisclosureTextBlock">
  </calculationLink>
  <calculationLink xlink:type="extended" xlink:role="http://www.unitil.com/taxonomy/role/NotesToFinancialStatementsStockholdersEquityNoteDisclosureTextBlockTables">
  </calculationLink>
  <calculationLink xlink:type="extended" xlink:role="http://www.unitil.com/taxonomy/role/NotesToFinancialStatementsDebtDisclosureTextBlock">
  </calculationLink>
  <calculationLink xlink:type="extended" xlink:role="http://www.unitil.com/taxonomy/role/NotesToFinancialStatementsDebtDisclosureTextBlockTables">
  </calculationLink>
  <calculationLink xlink:type="extended" xlink:role="http://www.unitil.com/taxonomy/role/NotesToFinancialStatementsEnergySupplyTextBlock">
  </calculationLink>
  <calculationLink xlink:type="extended" xlink:role="http://www.unitil.com/taxonomy/role/NotesToFinancialStatementsCommitmentsAndContingenciesDisclosureTextBlock">
  </calculationLink>
  <calculationLink xlink:type="extended" xlink:role="http://www.unitil.com/taxonomy/role/NotesToFinancialStatementsCommitmentsAndContingenciesDisclosureTextBlockTables">
  </calculationLink>
  <calculationLink xlink:type="extended" xlink:role="http://www.unitil.com/taxonomy/role/NotesToFinancialStatementsBadDebtsTextBlock">
  </calculationLink>
  <calculationLink xlink:type="extended" xlink:role="http://www.unitil.com/taxonomy/role/NotesToFinancialStatementsBadDebtsTextBlockTables">
  </calculationLink>
  <calculationLink xlink:type="extended" xlink:role="http://www.unitil.com/taxonomy/role/NotesToFinancialStatementsIncomeTaxDisclosureTextBlock">
  </calculationLink>
  <calculationLink xlink:type="extended" xlink:role="http://www.unitil.com/taxonomy/role/NotesToFinancialStatementsIncomeTaxDisclosureTextBlockTables">
  </calculationLink>
  <calculationLink xlink:type="extended" xlink:role="http://www.unitil.com/taxonomy/role/NotesToFinancialStatementsSegmentReportingDisclosureTextBlock">
  </calculationLink>
  <calculationLink xlink:type="extended" xlink:role="http://www.unitil.com/taxonomy/role/NotesToFinancialStatementsSegmentReportingDisclosureTextBlockTables">
  </calculationLink>
  <calculationLink xlink:type="extended" xlink:role="http://www.unitil.com/taxonomy/role/NotesToFinancialStatementsPensionAndOtherPostretirementBenefitsDisclosureTextBlock">
  </calculationLink>
  <calculationLink xlink:type="extended" xlink:role="http://www.unitil.com/taxonomy/role/NotesToFinancialStatementsPensionAndOtherPostretirementBenefitsDisclosureTextBlockTables">
  </calculationLink>
  <calculationLink xlink:type="extended" xlink:role="http://www.unitil.com/taxonomy/role/NotesToFinancialStatementsQuarterlyFinancialInformationTextBlock">
  </calculationLink>
  <calculationLink xlink:type="extended" xlink:role="http://www.unitil.com/taxonomy/role/NotesToFinancialStatementsQuarterlyFinancialInformationTextBlockTables">
  </calculationLink>
</linkbase>
