<?xml version="1.0" encoding="us-ascii"?>
<!--XBRL document created with Crossfire by Rivet Software version 5.4.121.0 http://www.rivetsoftware.com-->
<!--Based on XBRL 2.1-->
<!--Created on: 1/31/2013 11:22:02 AM-->
<!--Modified on: 1/31/2013 11:22:02 AM-->
<link:linkbase xmlns:xsi="http://www.w3.org/2001/XMLSchema-instance" xsi:schemaLocation="http://www.xbrl.org/2003/linkbase http://www.xbrl.org/2003/xbrl-linkbase-2003-12-31.xsd" xmlns:link="http://www.xbrl.org/2003/linkbase" xmlns:xlink="http://www.w3.org/1999/xlink" xmlns:xbrli="http://www.xbrl.org/2003/instance" xmlns:t1="http://xbrl.org/2005/xbrldt">
  <roleRef xlink:type="simple" xlink:href="mtsc-20121229.xsd#DisclosureCapitalAssetsPropertyAndEquipmentDetails" roleURI="http://mts.com/role/DisclosureCapitalAssetsPropertyAndEquipmentDetails" xmlns="http://www.xbrl.org/2003/linkbase" />
  <roleRef xlink:type="simple" xlink:href="mtsc-20121229.xsd#DisclosureCapitalAssetsOtherCapitalAssetsDetails" roleURI="http://mts.com/role/DisclosureCapitalAssetsOtherCapitalAssetsDetails" xmlns="http://www.xbrl.org/2003/linkbase" />
  <roleRef xlink:type="simple" xlink:href="mtsc-20121229.xsd#DisclosureBusinessSegmentInformationDetails" roleURI="http://mts.com/role/DisclosureBusinessSegmentInformationDetails" xmlns="http://www.xbrl.org/2003/linkbase" />
  <roleRef xlink:type="simple" xlink:href="mtsc-20121229.xsd#DisclosureDerivativeInstrumentsAndHedgingActivitiesNarrativeDetails" roleURI="http://mts.com/role/DisclosureDerivativeInstrumentsAndHedgingActivitiesNarrativeDetails" xmlns="http://www.xbrl.org/2003/linkbase" />
  <roleRef xlink:type="simple" xlink:href="mtsc-20121229.xsd#DisclosureDerivativeInstrumentsAndHedgingActivitiesFairValueOfOutstandingDesignatedAndUndesignatedDerivativeAssetsAndLiabilitiesDetails" roleURI="http://mts.com/role/DisclosureDerivativeInstrumentsAndHedgingActivitiesFairValueOfOutstandingDesignatedAndUndesignatedDerivativeAssetsAndLiabilitiesDetails" xmlns="http://www.xbrl.org/2003/linkbase" />
  <roleRef xlink:type="simple" xlink:href="mtsc-20121229.xsd#DisclosureDerivativeInstrumentsAndHedgingActivitiesPretaxAmountsRecognizedInAccumulatedOtherComprehensiveIncomeOnCurrencyContractsDetails" roleURI="http://mts.com/role/DisclosureDerivativeInstrumentsAndHedgingActivitiesPretaxAmountsRecognizedInAccumulatedOtherComprehensiveIncomeOnCurrencyContractsDetails" xmlns="http://www.xbrl.org/2003/linkbase" />
  <roleRef xlink:type="simple" xlink:href="mtsc-20121229.xsd#DisclosureDerivativeInstrumentsAndHedgingActivitiesPreTaxAmountsRecognizedInAccumulatedOtherComprehensiveIncomeOnInterestRateSwapsDetails" roleURI="http://mts.com/role/DisclosureDerivativeInstrumentsAndHedgingActivitiesPreTaxAmountsRecognizedInAccumulatedOtherComprehensiveIncomeOnInterestRateSwapsDetails" xmlns="http://www.xbrl.org/2003/linkbase" />
  <roleRef xlink:type="simple" xlink:href="mtsc-20121229.xsd#DisclosureFairValueMeasurementsDetails" roleURI="http://mts.com/role/DisclosureFairValueMeasurementsDetails" xmlns="http://www.xbrl.org/2003/linkbase" />
  <link:arcroleRef arcroleURI="http://xbrl.org/int/dim/arcrole/all" xlink:type="simple" xlink:href="http://www.xbrl.org/2005/xbrldt-2005.xsd#all" />
  <link:arcroleRef arcroleURI="http://xbrl.org/int/dim/arcrole/dimension-default" xlink:type="simple" xlink:href="http://www.xbrl.org/2005/xbrldt-2005.xsd#dimension-default" />
  <link:arcroleRef arcroleURI="http://xbrl.org/int/dim/arcrole/dimension-domain" xlink:type="simple" xlink:href="http://www.xbrl.org/2005/xbrldt-2005.xsd#dimension-domain" />
  <link:arcroleRef arcroleURI="http://xbrl.org/int/dim/arcrole/domain-member" xlink:type="simple" xlink:href="http://www.xbrl.org/2005/xbrldt-2005.xsd#domain-member" />
  <link:arcroleRef arcroleURI="http://xbrl.org/int/dim/arcrole/hypercube-dimension" xlink:type="simple" xlink:href="http://www.xbrl.org/2005/xbrldt-2005.xsd#hypercube-dimension" />
  <definitionLink xlink:role="http://mts.com/role/DisclosureCapitalAssetsPropertyAndEquipmentDetails" xlink:type="extended" xlink:title="40301 - Disclosure - Capital Assets (Property and Equipment) (Details)" xmlns="http://www.xbrl.org/2003/linkbase">
    <loc xlink:type="locator" xlink:href="http://xbrl.fasb.org/us-gaap/2012/elts/us-gaap-2012-01-31.xsd#us-gaap_ScheduleOfPropertyPlantAndEquipmentTable" xlink:label="us-gaap_ScheduleOfPropertyPlantAndEquipmentTable" />
    <loc xlink:type="locator" xlink:href="http://xbrl.fasb.org/us-gaap/2012/elts/us-gaap-2012-01-31.xsd#us-gaap_PropertyPlantAndEquipmentByTypeAxis" xlink:label="us-gaap_PropertyPlantAndEquipmentByTypeAxis" />
    <definitionArc xlink:type="arc" xlink:arcrole="http://xbrl.org/int/dim/arcrole/hypercube-dimension" order="1" xlink:from="us-gaap_ScheduleOfPropertyPlantAndEquipmentTable" xlink:to="us-gaap_PropertyPlantAndEquipmentByTypeAxis" use="optional" />
    <loc xlink:type="locator" xlink:href="http://xbrl.fasb.org/us-gaap/2012/elts/us-gaap-2012-01-31.xsd#us-gaap_PropertyPlantAndEquipmentTypeDomain" xlink:label="us-gaap_PropertyPlantAndEquipmentTypeDomain" />
    <definitionArc xlink:type="arc" xlink:arcrole="http://xbrl.org/int/dim/arcrole/dimension-domain" order="1" xlink:from="us-gaap_PropertyPlantAndEquipmentByTypeAxis" xlink:to="us-gaap_PropertyPlantAndEquipmentTypeDomain" use="optional" />
    <loc xlink:type="locator" xlink:href="http://xbrl.fasb.org/us-gaap/2012/elts/us-gaap-2012-01-31.xsd#us-gaap_PropertyPlantAndEquipmentTypeDomain" xlink:label="us-gaap_PropertyPlantAndEquipmentTypeDomain_634952281214634268" />
    <definitionArc xlink:type="arc" xlink:arcrole="http://xbrl.org/int/dim/arcrole/dimension-default" order="1" xlink:from="us-gaap_PropertyPlantAndEquipmentByTypeAxis" xlink:to="us-gaap_PropertyPlantAndEquipmentTypeDomain_634952281214634268" use="optional" />
    <loc xlink:type="locator" xlink:href="http://xbrl.fasb.org/us-gaap/2012/elts/us-gaap-2012-01-31.xsd#us-gaap_LandAndLandImprovementsMember" xlink:label="us-gaap_LandAndLandImprovementsMember" />
    <definitionArc xlink:type="arc" xlink:arcrole="http://xbrl.org/int/dim/arcrole/domain-member" order="1" xlink:from="us-gaap_PropertyPlantAndEquipmentTypeDomain" xlink:to="us-gaap_LandAndLandImprovementsMember" use="optional" />
    <loc xlink:type="locator" xlink:href="http://xbrl.fasb.org/us-gaap/2012/elts/us-gaap-2012-01-31.xsd#us-gaap_BuildingAndBuildingImprovementsMember" xlink:label="us-gaap_BuildingAndBuildingImprovementsMember" />
    <definitionArc xlink:type="arc" xlink:arcrole="http://xbrl.org/int/dim/arcrole/domain-member" order="2" xlink:from="us-gaap_PropertyPlantAndEquipmentTypeDomain" xlink:to="us-gaap_BuildingAndBuildingImprovementsMember" use="optional" />
    <loc xlink:type="locator" xlink:href="http://xbrl.fasb.org/us-gaap/2012/elts/us-gaap-2012-01-31.xsd#us-gaap_MachineryAndEquipmentMember" xlink:label="us-gaap_MachineryAndEquipmentMember" />
    <definitionArc xlink:type="arc" xlink:arcrole="http://xbrl.org/int/dim/arcrole/domain-member" order="3" xlink:from="us-gaap_PropertyPlantAndEquipmentTypeDomain" xlink:to="us-gaap_MachineryAndEquipmentMember" use="optional" />
    <loc xlink:type="locator" xlink:href="http://xbrl.fasb.org/us-gaap/2012/elts/us-gaap-2012-01-31.xsd#us-gaap_PropertyPlantAndEquipmentLineItems" xlink:label="us-gaap_PropertyPlantAndEquipmentLineItems" />
    <definitionArc xlink:type="arc" xlink:arcrole="http://xbrl.org/int/dim/arcrole/all" order="1" xlink:from="us-gaap_PropertyPlantAndEquipmentLineItems" xlink:to="us-gaap_ScheduleOfPropertyPlantAndEquipmentTable" use="optional" xbrldt:contextElement="segment" xbrldt:closed="true" xmlns:xbrldt="http://xbrl.org/2005/xbrldt" />
    <loc xlink:type="locator" xlink:href="http://xbrl.fasb.org/us-gaap/2012/elts/us-gaap-2012-01-31.xsd#us-gaap_PropertyPlantAndEquipmentGross" xlink:label="us-gaap_PropertyPlantAndEquipmentGross" />
    <definitionArc xlink:type="arc" xlink:arcrole="http://xbrl.org/int/dim/arcrole/domain-member" order="2" xlink:from="us-gaap_PropertyPlantAndEquipmentLineItems" xlink:to="us-gaap_PropertyPlantAndEquipmentGross" priority="1" use="optional" />
    <loc xlink:type="locator" xlink:href="http://xbrl.fasb.org/us-gaap/2012/elts/us-gaap-2012-01-31.xsd#us-gaap_AccumulatedDepreciationDepletionAndAmortizationPropertyPlantAndEquipment" xlink:label="us-gaap_AccumulatedDepreciationDepletionAndAmortizationPropertyPlantAndEquipment" />
    <definitionArc xlink:type="arc" xlink:arcrole="http://xbrl.org/int/dim/arcrole/domain-member" order="3" xlink:from="us-gaap_PropertyPlantAndEquipmentLineItems" xlink:to="us-gaap_AccumulatedDepreciationDepletionAndAmortizationPropertyPlantAndEquipment" priority="1" use="optional" />
    <loc xlink:type="locator" xlink:href="http://xbrl.fasb.org/us-gaap/2012/elts/us-gaap-2012-01-31.xsd#us-gaap_PropertyPlantAndEquipmentNet" xlink:label="us-gaap_PropertyPlantAndEquipmentNet" />
    <definitionArc xlink:type="arc" xlink:arcrole="http://xbrl.org/int/dim/arcrole/domain-member" order="4" xlink:from="us-gaap_PropertyPlantAndEquipmentLineItems" xlink:to="us-gaap_PropertyPlantAndEquipmentNet" priority="1" use="optional" />
    <loc xlink:type="locator" xlink:href="http://xbrl.fasb.org/us-gaap/2012/elts/us-gaap-2012-01-31.xsd#us-gaap_Goodwill" xlink:label="us-gaap_Goodwill" />
    <definitionArc xlink:type="arc" xlink:arcrole="http://xbrl.org/int/dim/arcrole/domain-member" order="5" xlink:from="us-gaap_PropertyPlantAndEquipmentLineItems" xlink:to="us-gaap_Goodwill" priority="1" use="optional" />
  </definitionLink>
  <definitionLink xlink:role="http://mts.com/role/DisclosureCapitalAssetsOtherCapitalAssetsDetails" xlink:type="extended" xlink:title="40302 - Disclosure - Capital Assets (Other Capital Assets) (Details)" xmlns="http://www.xbrl.org/2003/linkbase">
    <loc xlink:type="locator" xlink:href="http://xbrl.fasb.org/us-gaap/2012/elts/us-gaap-2012-01-31.xsd#us-gaap_ScheduleOfFiniteLivedIntangibleAssetsTable" xlink:label="us-gaap_ScheduleOfFiniteLivedIntangibleAssetsTable" />
    <loc xlink:type="locator" xlink:href="http://xbrl.fasb.org/us-gaap/2012/elts/us-gaap-2012-01-31.xsd#us-gaap_FiniteLivedIntangibleAssetsByMajorClassAxis" xlink:label="us-gaap_FiniteLivedIntangibleAssetsByMajorClassAxis" />
    <definitionArc xlink:type="arc" xlink:arcrole="http://xbrl.org/int/dim/arcrole/hypercube-dimension" order="1" xlink:from="us-gaap_ScheduleOfFiniteLivedIntangibleAssetsTable" xlink:to="us-gaap_FiniteLivedIntangibleAssetsByMajorClassAxis" use="optional" />
    <loc xlink:type="locator" xlink:href="http://xbrl.fasb.org/us-gaap/2012/elts/us-gaap-2012-01-31.xsd#us-gaap_FiniteLivedIntangibleAssetsMajorClassNameDomain" xlink:label="us-gaap_FiniteLivedIntangibleAssetsMajorClassNameDomain" />
    <definitionArc xlink:type="arc" xlink:arcrole="http://xbrl.org/int/dim/arcrole/dimension-domain" order="1" xlink:from="us-gaap_FiniteLivedIntangibleAssetsByMajorClassAxis" xlink:to="us-gaap_FiniteLivedIntangibleAssetsMajorClassNameDomain" use="optional" />
    <loc xlink:type="locator" xlink:href="http://xbrl.fasb.org/us-gaap/2012/elts/us-gaap-2012-01-31.xsd#us-gaap_FiniteLivedIntangibleAssetsMajorClassNameDomain" xlink:label="us-gaap_FiniteLivedIntangibleAssetsMajorClassNameDomain_634952281214644269" />
    <definitionArc xlink:type="arc" xlink:arcrole="http://xbrl.org/int/dim/arcrole/dimension-default" order="1" xlink:from="us-gaap_FiniteLivedIntangibleAssetsByMajorClassAxis" xlink:to="us-gaap_FiniteLivedIntangibleAssetsMajorClassNameDomain_634952281214644269" use="optional" />
    <loc xlink:type="locator" xlink:href="http://xbrl.fasb.org/us-gaap/2012/elts/us-gaap-2012-01-31.xsd#us-gaap_SoftwareDevelopmentMember" xlink:label="us-gaap_SoftwareDevelopmentMember" />
    <definitionArc xlink:type="arc" xlink:arcrole="http://xbrl.org/int/dim/arcrole/domain-member" order="1" xlink:from="us-gaap_FiniteLivedIntangibleAssetsMajorClassNameDomain" xlink:to="us-gaap_SoftwareDevelopmentMember" use="optional" />
    <loc xlink:type="locator" xlink:href="http://xbrl.fasb.org/us-gaap/2012/elts/us-gaap-2012-01-31.xsd#us-gaap_PatentsMember" xlink:label="us-gaap_PatentsMember" />
    <definitionArc xlink:type="arc" xlink:arcrole="http://xbrl.org/int/dim/arcrole/domain-member" order="2" xlink:from="us-gaap_FiniteLivedIntangibleAssetsMajorClassNameDomain" xlink:to="us-gaap_PatentsMember" use="optional" />
    <loc xlink:type="locator" xlink:href="mtsc-20121229.xsd#mtsc_TrademarksAndTradeNamesMember" xlink:label="mtsc_TrademarksAndTradeNamesMember" />
    <definitionArc xlink:type="arc" xlink:arcrole="http://xbrl.org/int/dim/arcrole/domain-member" order="3" xlink:from="us-gaap_FiniteLivedIntangibleAssetsMajorClassNameDomain" xlink:to="mtsc_TrademarksAndTradeNamesMember" use="optional" />
    <loc xlink:type="locator" xlink:href="http://xbrl.fasb.org/us-gaap/2012/elts/us-gaap-2012-01-31.xsd#us-gaap_UseRightsMember" xlink:label="us-gaap_UseRightsMember" />
    <definitionArc xlink:type="arc" xlink:arcrole="http://xbrl.org/int/dim/arcrole/domain-member" order="4" xlink:from="us-gaap_FiniteLivedIntangibleAssetsMajorClassNameDomain" xlink:to="us-gaap_UseRightsMember" use="optional" />
    <loc xlink:type="locator" xlink:href="http://xbrl.fasb.org/us-gaap/2012/elts/us-gaap-2012-01-31.xsd#us-gaap_FiniteLivedIntangibleAssetsLineItems" xlink:label="us-gaap_FiniteLivedIntangibleAssetsLineItems" />
    <definitionArc xlink:type="arc" xlink:arcrole="http://xbrl.org/int/dim/arcrole/all" order="1" xlink:from="us-gaap_FiniteLivedIntangibleAssetsLineItems" xlink:to="us-gaap_ScheduleOfFiniteLivedIntangibleAssetsTable" use="optional" xbrldt:contextElement="segment" xbrldt:closed="true" xmlns:xbrldt="http://xbrl.org/2005/xbrldt" />
    <loc xlink:type="locator" xlink:href="http://xbrl.fasb.org/us-gaap/2012/elts/us-gaap-2012-01-31.xsd#us-gaap_FiniteLivedIntangibleAssetsGross" xlink:label="us-gaap_FiniteLivedIntangibleAssetsGross" />
    <definitionArc xlink:type="arc" xlink:arcrole="http://xbrl.org/int/dim/arcrole/domain-member" order="2" xlink:from="us-gaap_FiniteLivedIntangibleAssetsLineItems" xlink:to="us-gaap_FiniteLivedIntangibleAssetsGross" priority="1" use="optional" />
    <loc xlink:type="locator" xlink:href="http://xbrl.fasb.org/us-gaap/2012/elts/us-gaap-2012-01-31.xsd#us-gaap_FiniteLivedIntangibleAssetsAccumulatedAmortization" xlink:label="us-gaap_FiniteLivedIntangibleAssetsAccumulatedAmortization" />
    <definitionArc xlink:type="arc" xlink:arcrole="http://xbrl.org/int/dim/arcrole/domain-member" order="3" xlink:from="us-gaap_FiniteLivedIntangibleAssetsLineItems" xlink:to="us-gaap_FiniteLivedIntangibleAssetsAccumulatedAmortization" priority="1" use="optional" />
    <loc xlink:type="locator" xlink:href="http://xbrl.fasb.org/us-gaap/2012/elts/us-gaap-2012-01-31.xsd#us-gaap_FiniteLivedIntangibleAssetsNet" xlink:label="us-gaap_FiniteLivedIntangibleAssetsNet" />
    <definitionArc xlink:type="arc" xlink:arcrole="http://xbrl.org/int/dim/arcrole/domain-member" order="4" xlink:from="us-gaap_FiniteLivedIntangibleAssetsLineItems" xlink:to="us-gaap_FiniteLivedIntangibleAssetsNet" priority="1" use="optional" />
    <loc xlink:type="locator" xlink:href="http://xbrl.fasb.org/us-gaap/2012/elts/us-gaap-2012-01-31.xsd#us-gaap_FiniteLivedIntangibleAssetUsefulLife" xlink:label="us-gaap_FiniteLivedIntangibleAssetUsefulLife" />
    <definitionArc xlink:type="arc" xlink:arcrole="http://xbrl.org/int/dim/arcrole/domain-member" order="5" xlink:from="us-gaap_FiniteLivedIntangibleAssetsLineItems" xlink:to="us-gaap_FiniteLivedIntangibleAssetUsefulLife" priority="1" use="optional" />
    <loc xlink:type="locator" xlink:href="http://xbrl.fasb.org/us-gaap/2012/elts/us-gaap-2012-01-31.xsd#us-gaap_AmortizationOfIntangibleAssets" xlink:label="us-gaap_AmortizationOfIntangibleAssets" />
    <definitionArc xlink:type="arc" xlink:arcrole="http://xbrl.org/int/dim/arcrole/domain-member" order="6" xlink:from="us-gaap_FiniteLivedIntangibleAssetsLineItems" xlink:to="us-gaap_AmortizationOfIntangibleAssets" priority="1" use="optional" />
  </definitionLink>
  <definitionLink xlink:role="http://mts.com/role/DisclosureBusinessSegmentInformationDetails" xlink:type="extended" xlink:title="40601 - Disclosure - Business Segment Information (Details)" xmlns="http://www.xbrl.org/2003/linkbase">
    <loc xlink:type="locator" xlink:href="mtsc-20121229.xsd#mtsc_SegmentReportingReconciliationOfFinancialInformationFromSegmentsToConsolidatedTable" xlink:label="mtsc_SegmentReportingReconciliationOfFinancialInformationFromSegmentsToConsolidatedTable" />
    <loc xlink:type="locator" xlink:href="http://xbrl.fasb.org/us-gaap/2012/elts/us-gaap-2012-01-31.xsd#us-gaap_StatementBusinessSegmentsAxis" xlink:label="us-gaap_StatementBusinessSegmentsAxis" />
    <definitionArc xlink:type="arc" xlink:arcrole="http://xbrl.org/int/dim/arcrole/hypercube-dimension" order="1" xlink:from="mtsc_SegmentReportingReconciliationOfFinancialInformationFromSegmentsToConsolidatedTable" xlink:to="us-gaap_StatementBusinessSegmentsAxis" use="optional" />
    <loc xlink:type="locator" xlink:href="http://xbrl.fasb.org/us-gaap/2012/elts/us-gaap-2012-01-31.xsd#us-gaap_SegmentDomain" xlink:label="us-gaap_SegmentDomain" />
    <definitionArc xlink:type="arc" xlink:arcrole="http://xbrl.org/int/dim/arcrole/dimension-domain" order="1" xlink:from="us-gaap_StatementBusinessSegmentsAxis" xlink:to="us-gaap_SegmentDomain" use="optional" />
    <loc xlink:type="locator" xlink:href="http://xbrl.fasb.org/us-gaap/2012/elts/us-gaap-2012-01-31.xsd#us-gaap_SegmentDomain" xlink:label="us-gaap_SegmentDomain_634952281214664271" />
    <definitionArc xlink:type="arc" xlink:arcrole="http://xbrl.org/int/dim/arcrole/dimension-default" order="1" xlink:from="us-gaap_StatementBusinessSegmentsAxis" xlink:to="us-gaap_SegmentDomain_634952281214664271" use="optional" />
    <loc xlink:type="locator" xlink:href="mtsc-20121229.xsd#mtsc_TestMember" xlink:label="mtsc_TestMember" />
    <definitionArc xlink:type="arc" xlink:arcrole="http://xbrl.org/int/dim/arcrole/domain-member" order="1" xlink:from="us-gaap_SegmentDomain" xlink:to="mtsc_TestMember" use="optional" />
    <loc xlink:type="locator" xlink:href="mtsc-20121229.xsd#mtsc_SensorsMember" xlink:label="mtsc_SensorsMember" />
    <definitionArc xlink:type="arc" xlink:arcrole="http://xbrl.org/int/dim/arcrole/domain-member" order="2" xlink:from="us-gaap_SegmentDomain" xlink:to="mtsc_SensorsMember" use="optional" />
    <loc xlink:type="locator" xlink:href="mtsc-20121229.xsd#mtsc_SegmentReportingReconciliationOfFinancialInformationFromSegmentsToConsolidatedLineItems" xlink:label="mtsc_SegmentReportingReconciliationOfFinancialInformationFromSegmentsToConsolidatedLineItems" />
    <definitionArc xlink:type="arc" xlink:arcrole="http://xbrl.org/int/dim/arcrole/all" order="1" xlink:from="mtsc_SegmentReportingReconciliationOfFinancialInformationFromSegmentsToConsolidatedLineItems" xlink:to="mtsc_SegmentReportingReconciliationOfFinancialInformationFromSegmentsToConsolidatedTable" use="optional" xbrldt:contextElement="segment" xbrldt:closed="true" xmlns:xbrldt="http://xbrl.org/2005/xbrldt" />
    <loc xlink:type="locator" xlink:href="http://xbrl.fasb.org/us-gaap/2012/elts/us-gaap-2012-01-31.xsd#us-gaap_NumberOfOperatingSegments" xlink:label="us-gaap_NumberOfOperatingSegments" />
    <definitionArc xlink:type="arc" xlink:arcrole="http://xbrl.org/int/dim/arcrole/domain-member" order="2" xlink:from="mtsc_SegmentReportingReconciliationOfFinancialInformationFromSegmentsToConsolidatedLineItems" xlink:to="us-gaap_NumberOfOperatingSegments" priority="1" use="optional" />
    <loc xlink:type="locator" xlink:href="http://xbrl.fasb.org/us-gaap/2012/elts/us-gaap-2012-01-31.xsd#us-gaap_Revenues" xlink:label="us-gaap_Revenues" />
    <definitionArc xlink:type="arc" xlink:arcrole="http://xbrl.org/int/dim/arcrole/domain-member" order="3" xlink:from="mtsc_SegmentReportingReconciliationOfFinancialInformationFromSegmentsToConsolidatedLineItems" xlink:to="us-gaap_Revenues" priority="1" use="optional" />
    <loc xlink:type="locator" xlink:href="http://xbrl.fasb.org/us-gaap/2012/elts/us-gaap-2012-01-31.xsd#us-gaap_OperatingIncomeLoss" xlink:label="us-gaap_OperatingIncomeLoss" />
    <definitionArc xlink:type="arc" xlink:arcrole="http://xbrl.org/int/dim/arcrole/domain-member" order="4" xlink:from="mtsc_SegmentReportingReconciliationOfFinancialInformationFromSegmentsToConsolidatedLineItems" xlink:to="us-gaap_OperatingIncomeLoss" priority="1" use="optional" />
  </definitionLink>
  <definitionLink xlink:role="http://mts.com/role/DisclosureDerivativeInstrumentsAndHedgingActivitiesNarrativeDetails" xlink:type="extended" xlink:title="40701 - Disclosure - Derivative Instruments and Hedging Activities (Narrative) (Details)" xmlns="http://www.xbrl.org/2003/linkbase">
    <loc xlink:type="locator" xlink:href="http://xbrl.fasb.org/us-gaap/2012/elts/us-gaap-2012-01-31.xsd#us-gaap_DerivativeTable" xlink:label="us-gaap_DerivativeTable" />
    <loc xlink:type="locator" xlink:href="http://xbrl.fasb.org/us-gaap/2012/elts/us-gaap-2012-01-31.xsd#us-gaap_DerivativeByNatureAxis" xlink:label="us-gaap_DerivativeByNatureAxis" />
    <definitionArc xlink:type="arc" xlink:arcrole="http://xbrl.org/int/dim/arcrole/hypercube-dimension" order="1" xlink:from="us-gaap_DerivativeTable" xlink:to="us-gaap_DerivativeByNatureAxis" use="optional" />
    <loc xlink:type="locator" xlink:href="http://xbrl.fasb.org/us-gaap/2012/elts/us-gaap-2012-01-31.xsd#us-gaap_DerivativeNameDomain" xlink:label="us-gaap_DerivativeNameDomain" />
    <definitionArc xlink:type="arc" xlink:arcrole="http://xbrl.org/int/dim/arcrole/dimension-domain" order="1" xlink:from="us-gaap_DerivativeByNatureAxis" xlink:to="us-gaap_DerivativeNameDomain" use="optional" />
    <loc xlink:type="locator" xlink:href="http://xbrl.fasb.org/us-gaap/2012/elts/us-gaap-2012-01-31.xsd#us-gaap_DerivativeNameDomain" xlink:label="us-gaap_DerivativeNameDomain_634952281214674272" />
    <definitionArc xlink:type="arc" xlink:arcrole="http://xbrl.org/int/dim/arcrole/dimension-default" order="1" xlink:from="us-gaap_DerivativeByNatureAxis" xlink:to="us-gaap_DerivativeNameDomain_634952281214674272" use="optional" />
    <loc xlink:type="locator" xlink:href="mtsc-20121229.xsd#mtsc_ForeignExchangeBalanceSheetDerivativeContractsMember" xlink:label="mtsc_ForeignExchangeBalanceSheetDerivativeContractsMember" />
    <definitionArc xlink:type="arc" xlink:arcrole="http://xbrl.org/int/dim/arcrole/domain-member" order="1" xlink:from="us-gaap_DerivativeNameDomain" xlink:to="mtsc_ForeignExchangeBalanceSheetDerivativeContractsMember" use="optional" />
    <loc xlink:type="locator" xlink:href="http://xbrl.fasb.org/us-gaap/2012/elts/us-gaap-2012-01-31.xsd#us-gaap_DerivativeLineItems" xlink:label="us-gaap_DerivativeLineItems" />
    <definitionArc xlink:type="arc" xlink:arcrole="http://xbrl.org/int/dim/arcrole/all" order="1" xlink:from="us-gaap_DerivativeLineItems" xlink:to="us-gaap_DerivativeTable" use="optional" xbrldt:contextElement="segment" xbrldt:closed="true" xmlns:xbrldt="http://xbrl.org/2005/xbrldt" />
    <loc xlink:type="locator" xlink:href="mtsc-20121229.xsd#mtsc_GrossNotionalAmountOfForeignCurrencyDerivatives" xlink:label="mtsc_GrossNotionalAmountOfForeignCurrencyDerivatives" />
    <definitionArc xlink:type="arc" xlink:arcrole="http://xbrl.org/int/dim/arcrole/domain-member" order="2" xlink:from="us-gaap_DerivativeLineItems" xlink:to="mtsc_GrossNotionalAmountOfForeignCurrencyDerivatives" priority="1" use="optional" />
    <loc xlink:type="locator" xlink:href="mtsc-20121229.xsd#mtsc_NetNotionalAmountOfDerivativesAfterOffsetting" xlink:label="mtsc_NetNotionalAmountOfDerivativesAfterOffsetting" />
    <definitionArc xlink:type="arc" xlink:arcrole="http://xbrl.org/int/dim/arcrole/domain-member" order="3" xlink:from="us-gaap_DerivativeLineItems" xlink:to="mtsc_NetNotionalAmountOfDerivativesAfterOffsetting" priority="1" use="optional" />
    <loc xlink:type="locator" xlink:href="http://xbrl.fasb.org/us-gaap/2012/elts/us-gaap-2012-01-31.xsd#us-gaap_ForeignCurrencyDerivativesAtFairValueNet" xlink:label="us-gaap_ForeignCurrencyDerivativesAtFairValueNet" />
    <definitionArc xlink:type="arc" xlink:arcrole="http://xbrl.org/int/dim/arcrole/domain-member" order="4" xlink:from="us-gaap_DerivativeLineItems" xlink:to="us-gaap_ForeignCurrencyDerivativesAtFairValueNet" priority="1" use="optional" />
    <loc xlink:type="locator" xlink:href="http://xbrl.fasb.org/us-gaap/2012/elts/us-gaap-2012-01-31.xsd#us-gaap_ForeignCurrencyDerivativeAssetsAtFairValue" xlink:label="us-gaap_ForeignCurrencyDerivativeAssetsAtFairValue" />
    <definitionArc xlink:type="arc" xlink:arcrole="http://xbrl.org/int/dim/arcrole/domain-member" order="5" xlink:from="us-gaap_DerivativeLineItems" xlink:to="us-gaap_ForeignCurrencyDerivativeAssetsAtFairValue" priority="1" use="optional" />
    <loc xlink:type="locator" xlink:href="http://xbrl.fasb.org/us-gaap/2012/elts/us-gaap-2012-01-31.xsd#us-gaap_ForeignCurrencyDerivativeLiabilitiesAtFairValue" xlink:label="us-gaap_ForeignCurrencyDerivativeLiabilitiesAtFairValue" />
    <definitionArc xlink:type="arc" xlink:arcrole="http://xbrl.org/int/dim/arcrole/domain-member" order="6" xlink:from="us-gaap_DerivativeLineItems" xlink:to="us-gaap_ForeignCurrencyDerivativeLiabilitiesAtFairValue" priority="1" use="optional" />
    <loc xlink:type="locator" xlink:href="http://xbrl.fasb.org/us-gaap/2012/elts/us-gaap-2012-01-31.xsd#us-gaap_DerivativeInstrumentsGainLossRecognizedInIncomeIneffectivePortionAndAmountExcludedFromEffectivenessTestingNet" xlink:label="us-gaap_DerivativeInstrumentsGainLossRecognizedInIncomeIneffectivePortionAndAmountExcludedFromEffectivenessTestingNet" />
    <definitionArc xlink:type="arc" xlink:arcrole="http://xbrl.org/int/dim/arcrole/domain-member" order="7" xlink:from="us-gaap_DerivativeLineItems" xlink:to="us-gaap_DerivativeInstrumentsGainLossRecognizedInIncomeIneffectivePortionAndAmountExcludedFromEffectivenessTestingNet" priority="1" use="optional" />
    <loc xlink:type="locator" xlink:href="http://xbrl.fasb.org/us-gaap/2012/elts/us-gaap-2012-01-31.xsd#us-gaap_CashFlowHedgeGainLossToBeReclassifiedWithinTwelveMonths" xlink:label="us-gaap_CashFlowHedgeGainLossToBeReclassifiedWithinTwelveMonths" />
    <definitionArc xlink:type="arc" xlink:arcrole="http://xbrl.org/int/dim/arcrole/domain-member" order="8" xlink:from="us-gaap_DerivativeLineItems" xlink:to="us-gaap_CashFlowHedgeGainLossToBeReclassifiedWithinTwelveMonths" priority="1" use="optional" />
    <loc xlink:type="locator" xlink:href="http://xbrl.fasb.org/us-gaap/2012/elts/us-gaap-2012-01-31.xsd#us-gaap_MaximumRemainingMaturityOfForeignCurrencyDerivatives1" xlink:label="us-gaap_MaximumRemainingMaturityOfForeignCurrencyDerivatives1" />
    <definitionArc xlink:type="arc" xlink:arcrole="http://xbrl.org/int/dim/arcrole/domain-member" order="9" xlink:from="us-gaap_DerivativeLineItems" xlink:to="us-gaap_MaximumRemainingMaturityOfForeignCurrencyDerivatives1" priority="1" use="optional" />
    <loc xlink:type="locator" xlink:href="http://xbrl.fasb.org/us-gaap/2012/elts/us-gaap-2012-01-31.xsd#us-gaap_NotionalAmountOfInterestRateDerivatives" xlink:label="us-gaap_NotionalAmountOfInterestRateDerivatives" />
    <definitionArc xlink:type="arc" xlink:arcrole="http://xbrl.org/int/dim/arcrole/domain-member" order="10" xlink:from="us-gaap_DerivativeLineItems" xlink:to="us-gaap_NotionalAmountOfInterestRateDerivatives" priority="1" use="optional" />
    <loc xlink:type="locator" xlink:href="http://xbrl.fasb.org/us-gaap/2012/elts/us-gaap-2012-01-31.xsd#us-gaap_DerivativeBasisSpreadOnVariableRate" xlink:label="us-gaap_DerivativeBasisSpreadOnVariableRate" />
    <definitionArc xlink:type="arc" xlink:arcrole="http://xbrl.org/int/dim/arcrole/domain-member" order="11" xlink:from="us-gaap_DerivativeLineItems" xlink:to="us-gaap_DerivativeBasisSpreadOnVariableRate" priority="1" use="optional" />
    <loc xlink:type="locator" xlink:href="http://xbrl.fasb.org/us-gaap/2012/elts/us-gaap-2012-01-31.xsd#us-gaap_DerivativeAverageVariableInterestRate" xlink:label="us-gaap_DerivativeAverageVariableInterestRate" />
    <definitionArc xlink:type="arc" xlink:arcrole="http://xbrl.org/int/dim/arcrole/domain-member" order="12" xlink:from="us-gaap_DerivativeLineItems" xlink:to="us-gaap_DerivativeAverageVariableInterestRate" priority="1" use="optional" />
    <loc xlink:type="locator" xlink:href="http://xbrl.fasb.org/us-gaap/2012/elts/us-gaap-2012-01-31.xsd#us-gaap_DebtInstrumentInterestRateEffectivePercentage" xlink:label="us-gaap_DebtInstrumentInterestRateEffectivePercentage" />
    <definitionArc xlink:type="arc" xlink:arcrole="http://xbrl.org/int/dim/arcrole/domain-member" order="13" xlink:from="us-gaap_DerivativeLineItems" xlink:to="us-gaap_DebtInstrumentInterestRateEffectivePercentage" priority="1" use="optional" />
    <loc xlink:type="locator" xlink:href="http://xbrl.fasb.org/us-gaap/2012/elts/us-gaap-2012-01-31.xsd#us-gaap_InterestRateFairValueHedgeLiabilityAtFairValue" xlink:label="us-gaap_InterestRateFairValueHedgeLiabilityAtFairValue" />
    <definitionArc xlink:type="arc" xlink:arcrole="http://xbrl.org/int/dim/arcrole/domain-member" order="14" xlink:from="us-gaap_DerivativeLineItems" xlink:to="us-gaap_InterestRateFairValueHedgeLiabilityAtFairValue" priority="1" use="optional" />
  </definitionLink>
  <definitionLink xlink:role="http://mts.com/role/DisclosureDerivativeInstrumentsAndHedgingActivitiesFairValueOfOutstandingDesignatedAndUndesignatedDerivativeAssetsAndLiabilitiesDetails" xlink:type="extended" xlink:title="40702 - Disclosure - Derivative Instruments and Hedging Activities (Fair Value Of Outstanding Designated And Undesignated Derivative Assets And Liabilities) (Details)" xmlns="http://www.xbrl.org/2003/linkbase">
    <loc xlink:type="locator" xlink:href="http://xbrl.fasb.org/us-gaap/2012/elts/us-gaap-2012-01-31.xsd#us-gaap_FairValuesDerivativesBalanceSheetLocationByDerivativeContractTypeByHedgingDesignationTable" xlink:label="us-gaap_FairValuesDerivativesBalanceSheetLocationByDerivativeContractTypeByHedgingDesignationTable" />
    <loc xlink:type="locator" xlink:href="http://xbrl.fasb.org/us-gaap/2012/elts/us-gaap-2012-01-31.xsd#us-gaap_HedgingDesignationAxis" xlink:label="us-gaap_HedgingDesignationAxis" />
    <definitionArc xlink:type="arc" xlink:arcrole="http://xbrl.org/int/dim/arcrole/hypercube-dimension" order="1" xlink:from="us-gaap_FairValuesDerivativesBalanceSheetLocationByDerivativeContractTypeByHedgingDesignationTable" xlink:to="us-gaap_HedgingDesignationAxis" use="optional" />
    <loc xlink:type="locator" xlink:href="http://xbrl.fasb.org/us-gaap/2012/elts/us-gaap-2012-01-31.xsd#us-gaap_HedgingDesignationDomain" xlink:label="us-gaap_HedgingDesignationDomain" />
    <definitionArc xlink:type="arc" xlink:arcrole="http://xbrl.org/int/dim/arcrole/dimension-domain" order="1" xlink:from="us-gaap_HedgingDesignationAxis" xlink:to="us-gaap_HedgingDesignationDomain" use="optional" />
    <loc xlink:type="locator" xlink:href="http://xbrl.fasb.org/us-gaap/2012/elts/us-gaap-2012-01-31.xsd#us-gaap_HedgingDesignationDomain" xlink:label="us-gaap_HedgingDesignationDomain_634952281214694274" />
    <definitionArc xlink:type="arc" xlink:arcrole="http://xbrl.org/int/dim/arcrole/dimension-default" order="1" xlink:from="us-gaap_HedgingDesignationAxis" xlink:to="us-gaap_HedgingDesignationDomain_634952281214694274" use="optional" />
    <loc xlink:type="locator" xlink:href="http://xbrl.fasb.org/us-gaap/2012/elts/us-gaap-2012-01-31.xsd#us-gaap_DesignatedAsHedgingInstrumentMember" xlink:label="us-gaap_DesignatedAsHedgingInstrumentMember" />
    <definitionArc xlink:type="arc" xlink:arcrole="http://xbrl.org/int/dim/arcrole/domain-member" order="1" xlink:from="us-gaap_HedgingDesignationDomain" xlink:to="us-gaap_DesignatedAsHedgingInstrumentMember" use="optional" />
    <loc xlink:type="locator" xlink:href="http://xbrl.fasb.org/us-gaap/2012/elts/us-gaap-2012-01-31.xsd#us-gaap_NondesignatedMember" xlink:label="us-gaap_NondesignatedMember" />
    <definitionArc xlink:type="arc" xlink:arcrole="http://xbrl.org/int/dim/arcrole/domain-member" order="2" xlink:from="us-gaap_HedgingDesignationDomain" xlink:to="us-gaap_NondesignatedMember" use="optional" />
    <loc xlink:type="locator" xlink:href="http://xbrl.fasb.org/us-gaap/2012/elts/us-gaap-2012-01-31.xsd#us-gaap_DerivativeInstrumentRiskAxis" xlink:label="us-gaap_DerivativeInstrumentRiskAxis" />
    <definitionArc xlink:type="arc" xlink:arcrole="http://xbrl.org/int/dim/arcrole/hypercube-dimension" order="2" xlink:from="us-gaap_FairValuesDerivativesBalanceSheetLocationByDerivativeContractTypeByHedgingDesignationTable" xlink:to="us-gaap_DerivativeInstrumentRiskAxis" use="optional" />
    <loc xlink:type="locator" xlink:href="http://xbrl.fasb.org/us-gaap/2012/elts/us-gaap-2012-01-31.xsd#us-gaap_DerivativeContractTypeDomain" xlink:label="us-gaap_DerivativeContractTypeDomain" />
    <definitionArc xlink:type="arc" xlink:arcrole="http://xbrl.org/int/dim/arcrole/dimension-domain" order="1" xlink:from="us-gaap_DerivativeInstrumentRiskAxis" xlink:to="us-gaap_DerivativeContractTypeDomain" use="optional" />
    <loc xlink:type="locator" xlink:href="http://xbrl.fasb.org/us-gaap/2012/elts/us-gaap-2012-01-31.xsd#us-gaap_DerivativeContractTypeDomain" xlink:label="us-gaap_DerivativeContractTypeDomain_634952281214704275" />
    <definitionArc xlink:type="arc" xlink:arcrole="http://xbrl.org/int/dim/arcrole/dimension-default" order="1" xlink:from="us-gaap_DerivativeInstrumentRiskAxis" xlink:to="us-gaap_DerivativeContractTypeDomain_634952281214704275" use="optional" />
    <loc xlink:type="locator" xlink:href="http://xbrl.fasb.org/us-gaap/2012/elts/us-gaap-2012-01-31.xsd#us-gaap_ForeignExchangeContractMember" xlink:label="us-gaap_ForeignExchangeContractMember" />
    <definitionArc xlink:type="arc" xlink:arcrole="http://xbrl.org/int/dim/arcrole/domain-member" order="1" xlink:from="us-gaap_DerivativeContractTypeDomain" xlink:to="us-gaap_ForeignExchangeContractMember" use="optional" />
    <loc xlink:type="locator" xlink:href="mtsc-20121229.xsd#mtsc_ForeignExchangeBalanceSheetDerivativeContractsMember" xlink:label="mtsc_ForeignExchangeBalanceSheetDerivativeContractsMember" />
    <definitionArc xlink:type="arc" xlink:arcrole="http://xbrl.org/int/dim/arcrole/domain-member" order="2" xlink:from="us-gaap_DerivativeContractTypeDomain" xlink:to="mtsc_ForeignExchangeBalanceSheetDerivativeContractsMember" use="optional" />
    <loc xlink:type="locator" xlink:href="http://xbrl.fasb.org/us-gaap/2012/elts/us-gaap-2012-01-31.xsd#us-gaap_DerivativesFairValueLineItems" xlink:label="us-gaap_DerivativesFairValueLineItems" />
    <definitionArc xlink:type="arc" xlink:arcrole="http://xbrl.org/int/dim/arcrole/all" order="1" xlink:from="us-gaap_DerivativesFairValueLineItems" xlink:to="us-gaap_FairValuesDerivativesBalanceSheetLocationByDerivativeContractTypeByHedgingDesignationTable" use="optional" xbrldt:contextElement="segment" xbrldt:closed="true" xmlns:xbrldt="http://xbrl.org/2005/xbrldt" />
    <loc xlink:type="locator" xlink:href="http://xbrl.fasb.org/us-gaap/2012/elts/us-gaap-2012-01-31.xsd#us-gaap_DerivativeFairValueOfDerivativeAsset" xlink:label="us-gaap_DerivativeFairValueOfDerivativeAsset" />
    <definitionArc xlink:type="arc" xlink:arcrole="http://xbrl.org/int/dim/arcrole/domain-member" order="2" xlink:from="us-gaap_DerivativesFairValueLineItems" xlink:to="us-gaap_DerivativeFairValueOfDerivativeAsset" priority="1" use="optional" />
    <loc xlink:type="locator" xlink:href="http://xbrl.fasb.org/us-gaap/2012/elts/us-gaap-2012-01-31.xsd#us-gaap_DerivativeAssetFairValueGrossLiability" xlink:label="us-gaap_DerivativeAssetFairValueGrossLiability" />
    <definitionArc xlink:type="arc" xlink:arcrole="http://xbrl.org/int/dim/arcrole/domain-member" order="3" xlink:from="us-gaap_DerivativesFairValueLineItems" xlink:to="us-gaap_DerivativeAssetFairValueGrossLiability" priority="1" use="optional" />
  </definitionLink>
  <definitionLink xlink:role="http://mts.com/role/DisclosureDerivativeInstrumentsAndHedgingActivitiesPretaxAmountsRecognizedInAccumulatedOtherComprehensiveIncomeOnCurrencyContractsDetails" xlink:type="extended" xlink:title="40703 - Disclosure - Derivative Instruments and Hedging Activities (Pretax Amounts Recognized In Accumulated Other Comprehensive Income On Currency Contracts) (Details)" xmlns="http://www.xbrl.org/2003/linkbase">
    <loc xlink:type="locator" xlink:href="http://xbrl.fasb.org/us-gaap/2012/elts/us-gaap-2012-01-31.xsd#us-gaap_DerivativeTable" xlink:label="us-gaap_DerivativeTable" />
    <loc xlink:type="locator" xlink:href="http://xbrl.fasb.org/us-gaap/2012/elts/us-gaap-2012-01-31.xsd#us-gaap_DerivativeByNatureAxis" xlink:label="us-gaap_DerivativeByNatureAxis" />
    <definitionArc xlink:type="arc" xlink:arcrole="http://xbrl.org/int/dim/arcrole/hypercube-dimension" order="1" xlink:from="us-gaap_DerivativeTable" xlink:to="us-gaap_DerivativeByNatureAxis" use="optional" />
    <loc xlink:type="locator" xlink:href="http://xbrl.fasb.org/us-gaap/2012/elts/us-gaap-2012-01-31.xsd#us-gaap_DerivativeNameDomain" xlink:label="us-gaap_DerivativeNameDomain" />
    <definitionArc xlink:type="arc" xlink:arcrole="http://xbrl.org/int/dim/arcrole/dimension-domain" order="1" xlink:from="us-gaap_DerivativeByNatureAxis" xlink:to="us-gaap_DerivativeNameDomain" use="optional" />
    <loc xlink:type="locator" xlink:href="http://xbrl.fasb.org/us-gaap/2012/elts/us-gaap-2012-01-31.xsd#us-gaap_ForeignExchangeContractMember" xlink:label="us-gaap_ForeignExchangeContractMember" />
    <definitionArc xlink:type="arc" xlink:arcrole="http://xbrl.org/int/dim/arcrole/domain-member" order="1" xlink:from="us-gaap_DerivativeNameDomain" xlink:to="us-gaap_ForeignExchangeContractMember" use="optional" />
    <loc xlink:type="locator" xlink:href="http://xbrl.fasb.org/us-gaap/2012/elts/us-gaap-2012-01-31.xsd#us-gaap_DerivativeLineItems" xlink:label="us-gaap_DerivativeLineItems" />
    <definitionArc xlink:type="arc" xlink:arcrole="http://xbrl.org/int/dim/arcrole/all" order="1" xlink:from="us-gaap_DerivativeLineItems" xlink:to="us-gaap_DerivativeTable" use="optional" xbrldt:contextElement="segment" xbrldt:closed="true" xmlns:xbrldt="http://xbrl.org/2005/xbrldt" />
    <loc xlink:type="locator" xlink:href="mtsc-20121229.xsd#mtsc_UnrealizedNetLossGainInAccumulatedOtherComprehensiveIncomePretax" xlink:label="mtsc_UnrealizedNetLossGainInAccumulatedOtherComprehensiveIncomePretax" />
    <definitionArc xlink:type="arc" xlink:arcrole="http://xbrl.org/int/dim/arcrole/domain-member" order="2" xlink:from="us-gaap_DerivativeLineItems" xlink:to="mtsc_UnrealizedNetLossGainInAccumulatedOtherComprehensiveIncomePretax" priority="1" use="optional" />
    <loc xlink:type="locator" xlink:href="http://xbrl.fasb.org/us-gaap/2012/elts/us-gaap-2012-01-31.xsd#us-gaap_CashFlowHedgeGainLossReclassifiedToRevenueNet" xlink:label="us-gaap_CashFlowHedgeGainLossReclassifiedToRevenueNet" />
    <definitionArc xlink:type="arc" xlink:arcrole="http://xbrl.org/int/dim/arcrole/domain-member" order="3" xlink:from="us-gaap_DerivativeLineItems" xlink:to="us-gaap_CashFlowHedgeGainLossReclassifiedToRevenueNet" priority="1" use="optional" />
    <loc xlink:type="locator" xlink:href="http://xbrl.fasb.org/us-gaap/2012/elts/us-gaap-2012-01-31.xsd#us-gaap_OtherComprehensiveIncomeUnrealizedGainLossOnDerivativesArisingDuringPeriodBeforeTax" xlink:label="us-gaap_OtherComprehensiveIncomeUnrealizedGainLossOnDerivativesArisingDuringPeriodBeforeTax" />
    <definitionArc xlink:type="arc" xlink:arcrole="http://xbrl.org/int/dim/arcrole/domain-member" order="4" xlink:from="us-gaap_DerivativeLineItems" xlink:to="us-gaap_OtherComprehensiveIncomeUnrealizedGainLossOnDerivativesArisingDuringPeriodBeforeTax" priority="1" use="optional" />
  </definitionLink>
  <definitionLink xlink:role="http://mts.com/role/DisclosureDerivativeInstrumentsAndHedgingActivitiesPreTaxAmountsRecognizedInAccumulatedOtherComprehensiveIncomeOnInterestRateSwapsDetails" xlink:type="extended" xlink:title="40705 - Disclosure - Derivative Instruments and Hedging Activities (Pre-tax Amounts Recognized In Accumulated Other Comprehensive Income On Interest Rate Swaps) (Details)" xmlns="http://www.xbrl.org/2003/linkbase">
    <loc xlink:type="locator" xlink:href="http://xbrl.fasb.org/us-gaap/2012/elts/us-gaap-2012-01-31.xsd#us-gaap_DerivativeTable" xlink:label="us-gaap_DerivativeTable" />
    <loc xlink:type="locator" xlink:href="http://xbrl.fasb.org/us-gaap/2012/elts/us-gaap-2012-01-31.xsd#us-gaap_DerivativeByNatureAxis" xlink:label="us-gaap_DerivativeByNatureAxis" />
    <definitionArc xlink:type="arc" xlink:arcrole="http://xbrl.org/int/dim/arcrole/hypercube-dimension" order="1" xlink:from="us-gaap_DerivativeTable" xlink:to="us-gaap_DerivativeByNatureAxis" use="optional" />
    <loc xlink:type="locator" xlink:href="http://xbrl.fasb.org/us-gaap/2012/elts/us-gaap-2012-01-31.xsd#us-gaap_DerivativeNameDomain" xlink:label="us-gaap_DerivativeNameDomain" />
    <definitionArc xlink:type="arc" xlink:arcrole="http://xbrl.org/int/dim/arcrole/dimension-domain" order="1" xlink:from="us-gaap_DerivativeByNatureAxis" xlink:to="us-gaap_DerivativeNameDomain" use="optional" />
    <loc xlink:type="locator" xlink:href="mtsc-20121229.xsd#mtsc_InterestRateSwapsAndForwardInterestRateSwapsMember" xlink:label="mtsc_InterestRateSwapsAndForwardInterestRateSwapsMember" />
    <definitionArc xlink:type="arc" xlink:arcrole="http://xbrl.org/int/dim/arcrole/domain-member" order="1" xlink:from="us-gaap_DerivativeNameDomain" xlink:to="mtsc_InterestRateSwapsAndForwardInterestRateSwapsMember" use="optional" />
    <loc xlink:type="locator" xlink:href="http://xbrl.fasb.org/us-gaap/2012/elts/us-gaap-2012-01-31.xsd#us-gaap_DerivativeLineItems" xlink:label="us-gaap_DerivativeLineItems" />
    <definitionArc xlink:type="arc" xlink:arcrole="http://xbrl.org/int/dim/arcrole/all" order="1" xlink:from="us-gaap_DerivativeLineItems" xlink:to="us-gaap_DerivativeTable" use="optional" xbrldt:contextElement="segment" xbrldt:closed="true" xmlns:xbrldt="http://xbrl.org/2005/xbrldt" />
    <loc xlink:type="locator" xlink:href="mtsc-20121229.xsd#mtsc_UnrealizedNetLossGainInAccumulatedOtherComprehensiveIncomePretax" xlink:label="mtsc_UnrealizedNetLossGainInAccumulatedOtherComprehensiveIncomePretax" />
    <definitionArc xlink:type="arc" xlink:arcrole="http://xbrl.org/int/dim/arcrole/domain-member" order="2" xlink:from="us-gaap_DerivativeLineItems" xlink:to="mtsc_UnrealizedNetLossGainInAccumulatedOtherComprehensiveIncomePretax" priority="1" use="optional" />
    <loc xlink:type="locator" xlink:href="http://xbrl.fasb.org/us-gaap/2012/elts/us-gaap-2012-01-31.xsd#us-gaap_CashFlowHedgeGainLossReclassifiedToInterestExpenseNet" xlink:label="us-gaap_CashFlowHedgeGainLossReclassifiedToInterestExpenseNet" />
    <definitionArc xlink:type="arc" xlink:arcrole="http://xbrl.org/int/dim/arcrole/domain-member" order="3" xlink:from="us-gaap_DerivativeLineItems" xlink:to="us-gaap_CashFlowHedgeGainLossReclassifiedToInterestExpenseNet" priority="1" use="optional" />
    <loc xlink:type="locator" xlink:href="http://xbrl.fasb.org/us-gaap/2012/elts/us-gaap-2012-01-31.xsd#us-gaap_OtherComprehensiveIncomeUnrealizedGainLossOnDerivativesArisingDuringPeriodBeforeTax" xlink:label="us-gaap_OtherComprehensiveIncomeUnrealizedGainLossOnDerivativesArisingDuringPeriodBeforeTax" />
    <definitionArc xlink:type="arc" xlink:arcrole="http://xbrl.org/int/dim/arcrole/domain-member" order="4" xlink:from="us-gaap_DerivativeLineItems" xlink:to="us-gaap_OtherComprehensiveIncomeUnrealizedGainLossOnDerivativesArisingDuringPeriodBeforeTax" priority="1" use="optional" />
  </definitionLink>
  <definitionLink xlink:role="http://mts.com/role/DisclosureFairValueMeasurementsDetails" xlink:type="extended" xlink:title="40801 - Disclosure - Fair Value Measurements (Details)" xmlns="http://www.xbrl.org/2003/linkbase">
    <loc xlink:type="locator" xlink:href="http://xbrl.fasb.org/us-gaap/2012/elts/us-gaap-2012-01-31.xsd#us-gaap_FairValueAssetsAndLiabilitiesMeasuredOnRecurringAndNonrecurringBasisTable" xlink:label="us-gaap_FairValueAssetsAndLiabilitiesMeasuredOnRecurringAndNonrecurringBasisTable" />
    <loc xlink:type="locator" xlink:href="http://xbrl.fasb.org/us-gaap/2012/elts/us-gaap-2012-01-31.xsd#us-gaap_FairValueByFairValueHierarchyLevelAxis" xlink:label="us-gaap_FairValueByFairValueHierarchyLevelAxis" />
    <definitionArc xlink:type="arc" xlink:arcrole="http://xbrl.org/int/dim/arcrole/hypercube-dimension" order="1" xlink:from="us-gaap_FairValueAssetsAndLiabilitiesMeasuredOnRecurringAndNonrecurringBasisTable" xlink:to="us-gaap_FairValueByFairValueHierarchyLevelAxis" use="optional" />
    <loc xlink:type="locator" xlink:href="http://xbrl.fasb.org/us-gaap/2012/elts/us-gaap-2012-01-31.xsd#us-gaap_FairValueMeasurementsFairValueHierarchyDomain" xlink:label="us-gaap_FairValueMeasurementsFairValueHierarchyDomain" />
    <definitionArc xlink:type="arc" xlink:arcrole="http://xbrl.org/int/dim/arcrole/dimension-domain" order="1" xlink:from="us-gaap_FairValueByFairValueHierarchyLevelAxis" xlink:to="us-gaap_FairValueMeasurementsFairValueHierarchyDomain" use="optional" />
    <loc xlink:type="locator" xlink:href="http://xbrl.fasb.org/us-gaap/2012/elts/us-gaap-2012-01-31.xsd#us-gaap_FairValueMeasurementsFairValueHierarchyDomain" xlink:label="us-gaap_FairValueMeasurementsFairValueHierarchyDomain_634952281214744279" />
    <definitionArc xlink:type="arc" xlink:arcrole="http://xbrl.org/int/dim/arcrole/dimension-default" order="1" xlink:from="us-gaap_FairValueByFairValueHierarchyLevelAxis" xlink:to="us-gaap_FairValueMeasurementsFairValueHierarchyDomain_634952281214744279" use="optional" />
    <loc xlink:type="locator" xlink:href="http://xbrl.fasb.org/us-gaap/2012/elts/us-gaap-2012-01-31.xsd#us-gaap_FairValueInputsLevel2Member" xlink:label="us-gaap_FairValueInputsLevel2Member" />
    <definitionArc xlink:type="arc" xlink:arcrole="http://xbrl.org/int/dim/arcrole/domain-member" order="1" xlink:from="us-gaap_FairValueMeasurementsFairValueHierarchyDomain" xlink:to="us-gaap_FairValueInputsLevel2Member" use="optional" />
    <loc xlink:type="locator" xlink:href="http://xbrl.fasb.org/us-gaap/2012/elts/us-gaap-2012-01-31.xsd#us-gaap_FairValueAssetsAndLiabilitiesMeasuredOnRecurringAndNonrecurringBasisLineItems" xlink:label="us-gaap_FairValueAssetsAndLiabilitiesMeasuredOnRecurringAndNonrecurringBasisLineItems" />
    <definitionArc xlink:type="arc" xlink:arcrole="http://xbrl.org/int/dim/arcrole/all" order="1" xlink:from="us-gaap_FairValueAssetsAndLiabilitiesMeasuredOnRecurringAndNonrecurringBasisLineItems" xlink:to="us-gaap_FairValueAssetsAndLiabilitiesMeasuredOnRecurringAndNonrecurringBasisTable" use="optional" xbrldt:contextElement="segment" xbrldt:closed="true" xmlns:xbrldt="http://xbrl.org/2005/xbrldt" />
    <loc xlink:type="locator" xlink:href="http://xbrl.fasb.org/us-gaap/2012/elts/us-gaap-2012-01-31.xsd#us-gaap_AssetsFairValueDisclosureAbstract" xlink:label="us-gaap_AssetsFairValueDisclosureAbstract" />
    <definitionArc xlink:type="arc" xlink:arcrole="http://xbrl.org/int/dim/arcrole/domain-member" order="2" xlink:from="us-gaap_FairValueAssetsAndLiabilitiesMeasuredOnRecurringAndNonrecurringBasisLineItems" xlink:to="us-gaap_AssetsFairValueDisclosureAbstract" priority="1" use="optional" />
    <loc xlink:type="locator" xlink:href="http://xbrl.fasb.org/us-gaap/2012/elts/us-gaap-2012-01-31.xsd#us-gaap_ForeignCurrencyContractAssetFairValueDisclosure" xlink:label="us-gaap_ForeignCurrencyContractAssetFairValueDisclosure" />
    <definitionArc xlink:type="arc" xlink:arcrole="http://xbrl.org/int/dim/arcrole/domain-member" order="1" xlink:from="us-gaap_AssetsFairValueDisclosureAbstract" xlink:to="us-gaap_ForeignCurrencyContractAssetFairValueDisclosure" priority="1" use="optional" />
    <loc xlink:type="locator" xlink:href="http://xbrl.fasb.org/us-gaap/2012/elts/us-gaap-2012-01-31.xsd#us-gaap_AssetsFairValueDisclosure" xlink:label="us-gaap_AssetsFairValueDisclosure" />
    <definitionArc xlink:type="arc" xlink:arcrole="http://xbrl.org/int/dim/arcrole/domain-member" order="2" xlink:from="us-gaap_AssetsFairValueDisclosureAbstract" xlink:to="us-gaap_AssetsFairValueDisclosure" priority="1" use="optional" />
    <loc xlink:type="locator" xlink:href="http://xbrl.fasb.org/us-gaap/2012/elts/us-gaap-2012-01-31.xsd#us-gaap_LiabilitiesFairValueDisclosureAbstract" xlink:label="us-gaap_LiabilitiesFairValueDisclosureAbstract" />
    <definitionArc xlink:type="arc" xlink:arcrole="http://xbrl.org/int/dim/arcrole/domain-member" order="3" xlink:from="us-gaap_FairValueAssetsAndLiabilitiesMeasuredOnRecurringAndNonrecurringBasisLineItems" xlink:to="us-gaap_LiabilitiesFairValueDisclosureAbstract" priority="1" use="optional" />
    <loc xlink:type="locator" xlink:href="http://xbrl.fasb.org/us-gaap/2012/elts/us-gaap-2012-01-31.xsd#us-gaap_ForeignCurrencyContractsLiabilityFairValueDisclosure" xlink:label="us-gaap_ForeignCurrencyContractsLiabilityFairValueDisclosure" />
    <definitionArc xlink:type="arc" xlink:arcrole="http://xbrl.org/int/dim/arcrole/domain-member" order="1" xlink:from="us-gaap_LiabilitiesFairValueDisclosureAbstract" xlink:to="us-gaap_ForeignCurrencyContractsLiabilityFairValueDisclosure" priority="1" use="optional" />
    <loc xlink:type="locator" xlink:href="http://xbrl.fasb.org/us-gaap/2012/elts/us-gaap-2012-01-31.xsd#us-gaap_LiabilitiesFairValueDisclosure" xlink:label="us-gaap_LiabilitiesFairValueDisclosure" />
    <definitionArc xlink:type="arc" xlink:arcrole="http://xbrl.org/int/dim/arcrole/domain-member" order="2" xlink:from="us-gaap_LiabilitiesFairValueDisclosureAbstract" xlink:to="us-gaap_LiabilitiesFairValueDisclosure" priority="1" use="optional" />
  </definitionLink>
</link:linkbase>
