<?xml version="1.0" encoding="us-ascii"?>
<!-- Created by Merrill Corporation -->
<!-- Generated by Fujitsu Interstage XWand B0166_M01 -->
<!--Generated by IRIS XBRL Generation Engine-->
<link:linkbase xsi:schemaLocation="http://www.xbrl.org/2003/linkbase http://www.xbrl.org/2003/xbrl-linkbase-2003-12-31.xsd" xmlns:link="http://www.xbrl.org/2003/linkbase" xmlns:xsi="http://www.w3.org/2001/XMLSchema-instance" xmlns:xbrli="http://www.xbrl.org/2003/instance" xmlns:xlink="http://www.w3.org/1999/xlink">
  <link:roleRef roleURI="http://www.nutraceutical.com/role/StatementOfIncome" xlink:type="simple" xlink:href="nutr-20121231.xsd#StatementOfIncome" />
  <link:roleRef roleURI="http://www.nutraceutical.com/role/CashFlows" xlink:type="simple" xlink:href="nutr-20121231.xsd#CashFlows" />
  <link:roleRef roleURI="http://www.nutraceutical.com/role/DisclosureAccountsReceivableDetails" xlink:type="simple" xlink:href="nutr-20121231.xsd#DisclosureAccountsReceivableDetails" />
  <link:roleRef roleURI="http://www.nutraceutical.com/role/BalanceSheet" xlink:type="simple" xlink:href="nutr-20121231.xsd#BalanceSheet" />
  <link:roleRef roleURI="http://www.nutraceutical.com/role/DisclosureInventoriesDetails" xlink:type="simple" xlink:href="nutr-20121231.xsd#DisclosureInventoriesDetails" />
  <link:roleRef roleURI="http://www.nutraceutical.com/role/DisclosureGoodwillAndIntangibleAssetsDetails" xlink:type="simple" xlink:href="nutr-20121231.xsd#DisclosureGoodwillAndIntangibleAssetsDetails" />
  <link:roleRef roleURI="http://www.nutraceutical.com/role/DisclosureGoodwillAndIntangibleAssetsDetailsCalc2" xlink:type="simple" xlink:href="nutr-20121231.xsd#DisclosureGoodwillAndIntangibleAssetsDetailsCalc2" />
  <link:roleRef roleURI="http://www.nutraceutical.com/role/DisclosureGoodwillAndIntangibleAssetsDetailsCalc3" xlink:type="simple" xlink:href="nutr-20121231.xsd#DisclosureGoodwillAndIntangibleAssetsDetailsCalc3" />
  <link:roleRef roleURI="http://www.nutraceutical.com/role/DisclosureSegmentsDetails" xlink:type="simple" xlink:href="nutr-20121231.xsd#DisclosureSegmentsDetails" />
  <link:calculationLink xlink:type="extended" xlink:role="http://www.nutraceutical.com/role/StatementOfIncome">
    <link:loc xlink:type="locator" xlink:href="http://xbrl.fasb.org/us-gaap/2012/elts/us-gaap-2012-01-31.xsd#us-gaap_WeightedAverageNumberOfDilutedSharesOutstanding" xlink:label="us-gaap_WeightedAverageNumberOfDilutedSharesOutstanding" xlink:title="WeightedAverageNumberOfDilutedSharesOutstanding" />
    <link:loc xlink:type="locator" xlink:href="http://xbrl.fasb.org/us-gaap/2012/elts/us-gaap-2012-01-31.xsd#us-gaap_WeightedAverageNumberOfSharesOutstandingBasic" xlink:label="us-gaap_WeightedAverageNumberOfSharesOutstandingBasic" xlink:title="WeightedAverageNumberOfSharesOutstandingBasic" />
    <link:calculationArc xlink:type="arc" xlink:arcrole="http://www.xbrl.org/2003/arcrole/summation-item" xlink:from="us-gaap_WeightedAverageNumberOfDilutedSharesOutstanding" xlink:to="us-gaap_WeightedAverageNumberOfSharesOutstandingBasic" xlink:title="calculation: us-gaap_WeightedAverageNumberOfDilutedSharesOutstanding to us-gaap_WeightedAverageNumberOfSharesOutstandingBasic" use="optional" order="1.0" weight="1" />
    <link:loc xlink:type="locator" xlink:href="http://xbrl.fasb.org/us-gaap/2012/elts/us-gaap-2012-01-31.xsd#us-gaap_WeightedAverageNumberDilutedSharesOutstandingAdjustment" xlink:label="us-gaap_WeightedAverageNumberDilutedSharesOutstandingAdjustment" xlink:title="WeightedAverageNumberDilutedSharesOutstandingAdjustment" />
    <link:calculationArc xlink:type="arc" xlink:arcrole="http://www.xbrl.org/2003/arcrole/summation-item" xlink:from="us-gaap_WeightedAverageNumberOfDilutedSharesOutstanding" xlink:to="us-gaap_WeightedAverageNumberDilutedSharesOutstandingAdjustment" xlink:title="calculation: us-gaap_WeightedAverageNumberOfDilutedSharesOutstanding to us-gaap_WeightedAverageNumberDilutedSharesOutstandingAdjustment" use="optional" order="2.0" weight="1" />
    <link:loc xlink:type="locator" xlink:href="http://xbrl.fasb.org/us-gaap/2012/elts/us-gaap-2012-01-31.xsd#us-gaap_ComprehensiveIncomeNetOfTax" xlink:label="us-gaap_ComprehensiveIncomeNetOfTax" xlink:title="ComprehensiveIncomeNetOfTax" />
    <link:loc xlink:type="locator" xlink:href="http://xbrl.fasb.org/us-gaap/2012/elts/us-gaap-2012-01-31.xsd#us-gaap_NetIncomeLossAvailableToCommonStockholdersBasic" xlink:label="us-gaap_NetIncomeLossAvailableToCommonStockholdersBasic" xlink:title="NetIncomeLossAvailableToCommonStockholdersBasic" />
    <link:calculationArc xlink:type="arc" xlink:arcrole="http://www.xbrl.org/2003/arcrole/summation-item" xlink:from="us-gaap_ComprehensiveIncomeNetOfTax" xlink:to="us-gaap_NetIncomeLossAvailableToCommonStockholdersBasic" xlink:title="calculation: us-gaap_ComprehensiveIncomeNetOfTax to us-gaap_NetIncomeLossAvailableToCommonStockholdersBasic" use="optional" order="1.0" weight="1" />
    <link:loc xlink:type="locator" xlink:href="http://xbrl.fasb.org/us-gaap/2012/elts/us-gaap-2012-01-31.xsd#us-gaap_IncomeLossFromContinuingOperationsBeforeIncomeTaxesMinorityInterestAndIncomeLossFromEquityMethodInvestments" xlink:label="us-gaap_IncomeLossFromContinuingOperationsBeforeIncomeTaxesMinorityInterestAndIncomeLossFromEquityMethodInvestments" xlink:title="IncomeLossFromContinuingOperationsBeforeIncomeTaxesMinorityInterestAndIncomeLossFromEquityMethodInvestments" />
    <link:calculationArc xlink:type="arc" xlink:arcrole="http://www.xbrl.org/2003/arcrole/summation-item" xlink:from="us-gaap_NetIncomeLossAvailableToCommonStockholdersBasic" xlink:to="us-gaap_IncomeLossFromContinuingOperationsBeforeIncomeTaxesMinorityInterestAndIncomeLossFromEquityMethodInvestments" xlink:title="calculation: us-gaap_NetIncomeLossAvailableToCommonStockholdersBasic to us-gaap_IncomeLossFromContinuingOperationsBeforeIncomeTaxesMinorityInterestAndIncomeLossFromEquityMethodInvestments" order="1.0" weight="1" />
    <link:loc xlink:type="locator" xlink:href="http://xbrl.fasb.org/us-gaap/2012/elts/us-gaap-2012-01-31.xsd#us-gaap_OperatingIncomeLoss" xlink:label="us-gaap_OperatingIncomeLoss" xlink:title="OperatingIncomeLoss" />
    <link:calculationArc xlink:type="arc" xlink:arcrole="http://www.xbrl.org/2003/arcrole/summation-item" xlink:from="us-gaap_IncomeLossFromContinuingOperationsBeforeIncomeTaxesMinorityInterestAndIncomeLossFromEquityMethodInvestments" xlink:to="us-gaap_OperatingIncomeLoss" xlink:title="calculation: us-gaap_IncomeLossFromContinuingOperationsBeforeIncomeTaxesMinorityInterestAndIncomeLossFromEquityMethodInvestments to us-gaap_OperatingIncomeLoss" order="1.0" weight="1" />
    <link:loc xlink:type="locator" xlink:href="http://xbrl.fasb.org/us-gaap/2012/elts/us-gaap-2012-01-31.xsd#us-gaap_GrossProfit" xlink:label="us-gaap_GrossProfit" xlink:title="GrossProfit" />
    <link:calculationArc xlink:type="arc" xlink:arcrole="http://www.xbrl.org/2003/arcrole/summation-item" xlink:from="us-gaap_OperatingIncomeLoss" xlink:to="us-gaap_GrossProfit" xlink:title="calculation: us-gaap_OperatingIncomeLoss to us-gaap_GrossProfit" use="optional" order="1.0" weight="1" />
    <link:loc xlink:type="locator" xlink:href="http://xbrl.fasb.org/us-gaap/2012/elts/us-gaap-2012-01-31.xsd#us-gaap_SalesRevenueNet" xlink:label="us-gaap_SalesRevenueNet" xlink:title="SalesRevenueNet" />
    <link:calculationArc xlink:type="arc" xlink:arcrole="http://www.xbrl.org/2003/arcrole/summation-item" xlink:from="us-gaap_GrossProfit" xlink:to="us-gaap_SalesRevenueNet" xlink:title="calculation: us-gaap_GrossProfit to us-gaap_SalesRevenueNet" order="1.0" weight="1" />
    <link:loc xlink:type="locator" xlink:href="http://xbrl.fasb.org/us-gaap/2012/elts/us-gaap-2012-01-31.xsd#us-gaap_CostOfGoodsAndServicesSold" xlink:label="us-gaap_CostOfGoodsAndServicesSold" xlink:title="CostOfGoodsAndServicesSold" />
    <link:calculationArc xlink:type="arc" xlink:arcrole="http://www.xbrl.org/2003/arcrole/summation-item" xlink:from="us-gaap_GrossProfit" xlink:to="us-gaap_CostOfGoodsAndServicesSold" xlink:title="calculation: us-gaap_GrossProfit to us-gaap_CostOfGoodsAndServicesSold" order="2.0" weight="-1" />
    <link:loc xlink:type="locator" xlink:href="http://xbrl.fasb.org/us-gaap/2012/elts/us-gaap-2012-01-31.xsd#us-gaap_SellingGeneralAndAdministrativeExpense" xlink:label="us-gaap_SellingGeneralAndAdministrativeExpense" xlink:title="SellingGeneralAndAdministrativeExpense" />
    <link:calculationArc xlink:type="arc" xlink:arcrole="http://www.xbrl.org/2003/arcrole/summation-item" xlink:from="us-gaap_OperatingIncomeLoss" xlink:to="us-gaap_SellingGeneralAndAdministrativeExpense" xlink:title="calculation: us-gaap_OperatingIncomeLoss to us-gaap_SellingGeneralAndAdministrativeExpense" use="optional" order="2.0" weight="-1" />
    <link:loc xlink:type="locator" xlink:href="http://xbrl.fasb.org/us-gaap/2012/elts/us-gaap-2012-01-31.xsd#us-gaap_AmortizationOfIntangibleAssets" xlink:label="us-gaap_AmortizationOfIntangibleAssets" xlink:title="AmortizationOfIntangibleAssets" />
    <link:calculationArc xlink:type="arc" xlink:arcrole="http://www.xbrl.org/2003/arcrole/summation-item" xlink:from="us-gaap_OperatingIncomeLoss" xlink:to="us-gaap_AmortizationOfIntangibleAssets" xlink:title="calculation: us-gaap_OperatingIncomeLoss to us-gaap_AmortizationOfIntangibleAssets" use="optional" order="3.0" weight="-1" />
    <link:loc xlink:type="locator" xlink:href="http://xbrl.fasb.org/us-gaap/2012/elts/us-gaap-2012-01-31.xsd#us-gaap_InterestExpenseDebt" xlink:label="us-gaap_InterestExpenseDebt" xlink:title="InterestExpenseDebt" />
    <link:calculationArc xlink:type="arc" xlink:arcrole="http://www.xbrl.org/2003/arcrole/summation-item" xlink:from="us-gaap_IncomeLossFromContinuingOperationsBeforeIncomeTaxesMinorityInterestAndIncomeLossFromEquityMethodInvestments" xlink:to="us-gaap_InterestExpenseDebt" xlink:title="calculation: us-gaap_IncomeLossFromContinuingOperationsBeforeIncomeTaxesMinorityInterestAndIncomeLossFromEquityMethodInvestments to us-gaap_InterestExpenseDebt" order="2.0" weight="-1" />
    <link:loc xlink:type="locator" xlink:href="http://xbrl.fasb.org/us-gaap/2012/elts/us-gaap-2012-01-31.xsd#us-gaap_IncomeTaxExpenseBenefit" xlink:label="us-gaap_IncomeTaxExpenseBenefit" xlink:title="IncomeTaxExpenseBenefit" />
    <link:calculationArc xlink:type="arc" xlink:arcrole="http://www.xbrl.org/2003/arcrole/summation-item" xlink:from="us-gaap_NetIncomeLossAvailableToCommonStockholdersBasic" xlink:to="us-gaap_IncomeTaxExpenseBenefit" xlink:title="calculation: us-gaap_NetIncomeLossAvailableToCommonStockholdersBasic to us-gaap_IncomeTaxExpenseBenefit" order="2.0" weight="-1" />
    <link:loc xlink:type="locator" xlink:href="http://xbrl.fasb.org/us-gaap/2012/elts/us-gaap-2012-01-31.xsd#us-gaap_OtherComprehensiveIncomeForeignCurrencyTransactionAndTranslationAdjustmentNetOfTaxPortionAttributableToParent" xlink:label="us-gaap_OtherComprehensiveIncomeForeignCurrencyTransactionAndTranslationAdjustmentNetOfTaxPortionAttributableToParent" xlink:title="OtherComprehensiveIncomeForeignCurrencyTransactionAndTranslationAdjustmentNetOfTaxPortionAttributableToParent" />
    <link:calculationArc xlink:type="arc" xlink:arcrole="http://www.xbrl.org/2003/arcrole/summation-item" xlink:from="us-gaap_ComprehensiveIncomeNetOfTax" xlink:to="us-gaap_OtherComprehensiveIncomeForeignCurrencyTransactionAndTranslationAdjustmentNetOfTaxPortionAttributableToParent" xlink:title="calculation: us-gaap_ComprehensiveIncomeNetOfTax to us-gaap_OtherComprehensiveIncomeForeignCurrencyTransactionAndTranslationAdjustmentNetOfTaxPortionAttributableToParent" use="optional" order="2.0" weight="1" />
  </link:calculationLink>
  <link:calculationLink xlink:type="extended" xlink:role="http://www.nutraceutical.com/role/CashFlows">
    <link:loc xlink:type="locator" xlink:href="http://xbrl.fasb.org/us-gaap/2012/elts/us-gaap-2012-01-31.xsd#us-gaap_NetCashProvidedByUsedInContinuingOperations" xlink:label="us-gaap_NetCashProvidedByUsedInContinuingOperations" xlink:title="NetCashProvidedByUsedInContinuingOperations" />
    <link:loc xlink:type="locator" xlink:href="http://xbrl.fasb.org/us-gaap/2012/elts/us-gaap-2012-01-31.xsd#us-gaap_NetCashProvidedByUsedInOperatingActivitiesContinuingOperations" xlink:label="us-gaap_NetCashProvidedByUsedInOperatingActivitiesContinuingOperations" xlink:title="NetCashProvidedByUsedInOperatingActivitiesContinuingOperations" />
    <link:calculationArc xlink:type="arc" xlink:arcrole="http://www.xbrl.org/2003/arcrole/summation-item" xlink:from="us-gaap_NetCashProvidedByUsedInContinuingOperations" xlink:to="us-gaap_NetCashProvidedByUsedInOperatingActivitiesContinuingOperations" xlink:title="calculation: us-gaap_NetCashProvidedByUsedInContinuingOperations to us-gaap_NetCashProvidedByUsedInOperatingActivitiesContinuingOperations" use="optional" order="1.0" weight="1" />
    <link:loc xlink:type="locator" xlink:href="http://xbrl.fasb.org/us-gaap/2012/elts/us-gaap-2012-01-31.xsd#us-gaap_NetIncomeLossAvailableToCommonStockholdersBasic" xlink:label="us-gaap_NetIncomeLossAvailableToCommonStockholdersBasic" xlink:title="NetIncomeLossAvailableToCommonStockholdersBasic" />
    <link:calculationArc xlink:type="arc" xlink:arcrole="http://www.xbrl.org/2003/arcrole/summation-item" xlink:from="us-gaap_NetCashProvidedByUsedInOperatingActivitiesContinuingOperations" xlink:to="us-gaap_NetIncomeLossAvailableToCommonStockholdersBasic" xlink:title="calculation: us-gaap_NetCashProvidedByUsedInOperatingActivitiesContinuingOperations to us-gaap_NetIncomeLossAvailableToCommonStockholdersBasic" use="optional" order="1.0" weight="1" />
    <link:loc xlink:type="locator" xlink:href="http://xbrl.fasb.org/us-gaap/2012/elts/us-gaap-2012-01-31.xsd#us-gaap_DepreciationDepletionAndAmortization" xlink:label="us-gaap_DepreciationDepletionAndAmortization" xlink:title="DepreciationDepletionAndAmortization" />
    <link:calculationArc xlink:type="arc" xlink:arcrole="http://www.xbrl.org/2003/arcrole/summation-item" xlink:from="us-gaap_NetCashProvidedByUsedInOperatingActivitiesContinuingOperations" xlink:to="us-gaap_DepreciationDepletionAndAmortization" xlink:title="calculation: us-gaap_NetCashProvidedByUsedInOperatingActivitiesContinuingOperations to us-gaap_DepreciationDepletionAndAmortization" use="optional" order="2.0" weight="1" />
    <link:loc xlink:type="locator" xlink:href="http://xbrl.fasb.org/us-gaap/2012/elts/us-gaap-2012-01-31.xsd#us-gaap_AmortizationOfFinancingCosts" xlink:label="us-gaap_AmortizationOfFinancingCosts" xlink:title="AmortizationOfFinancingCosts" />
    <link:calculationArc xlink:type="arc" xlink:arcrole="http://www.xbrl.org/2003/arcrole/summation-item" xlink:from="us-gaap_NetCashProvidedByUsedInOperatingActivitiesContinuingOperations" xlink:to="us-gaap_AmortizationOfFinancingCosts" xlink:title="calculation: us-gaap_NetCashProvidedByUsedInOperatingActivitiesContinuingOperations to us-gaap_AmortizationOfFinancingCosts" use="optional" order="3.0" weight="1" />
    <link:loc xlink:type="locator" xlink:href="http://xbrl.fasb.org/us-gaap/2012/elts/us-gaap-2012-01-31.xsd#us-gaap_GainLossOnDispositionOfAssets" xlink:label="us-gaap_GainLossOnDispositionOfAssets" xlink:title="GainLossOnDispositionOfAssets" />
    <link:calculationArc xlink:type="arc" xlink:arcrole="http://www.xbrl.org/2003/arcrole/summation-item" xlink:from="us-gaap_NetCashProvidedByUsedInOperatingActivitiesContinuingOperations" xlink:to="us-gaap_GainLossOnDispositionOfAssets" xlink:title="calculation: us-gaap_NetCashProvidedByUsedInOperatingActivitiesContinuingOperations to us-gaap_GainLossOnDispositionOfAssets" use="optional" order="4.0" weight="-1" />
    <link:loc xlink:type="locator" xlink:href="http://xbrl.fasb.org/us-gaap/2012/elts/us-gaap-2012-01-31.xsd#us-gaap_ExcessTaxBenefitFromShareBasedCompensationOperatingActivities" xlink:label="us-gaap_ExcessTaxBenefitFromShareBasedCompensationOperatingActivities" xlink:title="ExcessTaxBenefitFromShareBasedCompensationOperatingActivities" />
    <link:calculationArc xlink:type="arc" xlink:arcrole="http://www.xbrl.org/2003/arcrole/summation-item" xlink:from="us-gaap_NetCashProvidedByUsedInOperatingActivitiesContinuingOperations" xlink:to="us-gaap_ExcessTaxBenefitFromShareBasedCompensationOperatingActivities" xlink:title="calculation: us-gaap_NetCashProvidedByUsedInOperatingActivitiesContinuingOperations to us-gaap_ExcessTaxBenefitFromShareBasedCompensationOperatingActivities" use="optional" order="5.0" weight="-1" />
    <link:loc xlink:type="locator" xlink:href="http://xbrl.fasb.org/us-gaap/2012/elts/us-gaap-2012-01-31.xsd#us-gaap_DeferredIncomeTaxExpenseBenefit" xlink:label="us-gaap_DeferredIncomeTaxExpenseBenefit" xlink:title="DeferredIncomeTaxExpenseBenefit" />
    <link:calculationArc xlink:type="arc" xlink:arcrole="http://www.xbrl.org/2003/arcrole/summation-item" xlink:from="us-gaap_NetCashProvidedByUsedInOperatingActivitiesContinuingOperations" xlink:to="us-gaap_DeferredIncomeTaxExpenseBenefit" xlink:title="calculation: us-gaap_NetCashProvidedByUsedInOperatingActivitiesContinuingOperations to us-gaap_DeferredIncomeTaxExpenseBenefit" use="optional" order="6.0" weight="1" />
    <link:loc xlink:type="locator" xlink:href="http://xbrl.fasb.org/us-gaap/2012/elts/us-gaap-2012-01-31.xsd#us-gaap_IncreaseDecreaseInAccountsReceivable" xlink:label="us-gaap_IncreaseDecreaseInAccountsReceivable" xlink:title="IncreaseDecreaseInAccountsReceivable" />
    <link:calculationArc xlink:type="arc" xlink:arcrole="http://www.xbrl.org/2003/arcrole/summation-item" xlink:from="us-gaap_NetCashProvidedByUsedInOperatingActivitiesContinuingOperations" xlink:to="us-gaap_IncreaseDecreaseInAccountsReceivable" xlink:title="calculation: us-gaap_NetCashProvidedByUsedInOperatingActivitiesContinuingOperations to us-gaap_IncreaseDecreaseInAccountsReceivable" use="optional" order="7.0" weight="-1" />
    <link:loc xlink:type="locator" xlink:href="http://xbrl.fasb.org/us-gaap/2012/elts/us-gaap-2012-01-31.xsd#us-gaap_IncreaseDecreaseInInventories" xlink:label="us-gaap_IncreaseDecreaseInInventories" xlink:title="IncreaseDecreaseInInventories" />
    <link:calculationArc xlink:type="arc" xlink:arcrole="http://www.xbrl.org/2003/arcrole/summation-item" xlink:from="us-gaap_NetCashProvidedByUsedInOperatingActivitiesContinuingOperations" xlink:to="us-gaap_IncreaseDecreaseInInventories" xlink:title="calculation: us-gaap_NetCashProvidedByUsedInOperatingActivitiesContinuingOperations to us-gaap_IncreaseDecreaseInInventories" use="optional" order="8.0" weight="-1" />
    <link:loc xlink:type="locator" xlink:href="http://xbrl.fasb.org/us-gaap/2012/elts/us-gaap-2012-01-31.xsd#us-gaap_IncreaseDecreaseInPrepaidDeferredExpenseAndOtherAssets" xlink:label="us-gaap_IncreaseDecreaseInPrepaidDeferredExpenseAndOtherAssets" xlink:title="IncreaseDecreaseInPrepaidDeferredExpenseAndOtherAssets" />
    <link:calculationArc xlink:type="arc" xlink:arcrole="http://www.xbrl.org/2003/arcrole/summation-item" xlink:from="us-gaap_NetCashProvidedByUsedInOperatingActivitiesContinuingOperations" xlink:to="us-gaap_IncreaseDecreaseInPrepaidDeferredExpenseAndOtherAssets" xlink:title="calculation: us-gaap_NetCashProvidedByUsedInOperatingActivitiesContinuingOperations to us-gaap_IncreaseDecreaseInPrepaidDeferredExpenseAndOtherAssets" use="optional" order="9.0" weight="-1" />
    <link:loc xlink:type="locator" xlink:href="http://xbrl.fasb.org/us-gaap/2012/elts/us-gaap-2012-01-31.xsd#us-gaap_IncreaseDecreaseInOtherNoncurrentAssets" xlink:label="us-gaap_IncreaseDecreaseInOtherNoncurrentAssets" xlink:title="IncreaseDecreaseInOtherNoncurrentAssets" />
    <link:calculationArc xlink:type="arc" xlink:arcrole="http://www.xbrl.org/2003/arcrole/summation-item" xlink:from="us-gaap_NetCashProvidedByUsedInOperatingActivitiesContinuingOperations" xlink:to="us-gaap_IncreaseDecreaseInOtherNoncurrentAssets" xlink:title="calculation: us-gaap_NetCashProvidedByUsedInOperatingActivitiesContinuingOperations to us-gaap_IncreaseDecreaseInOtherNoncurrentAssets" use="optional" order="10.0" weight="-1" />
    <link:loc xlink:type="locator" xlink:href="http://xbrl.fasb.org/us-gaap/2012/elts/us-gaap-2012-01-31.xsd#us-gaap_IncreaseDecreaseInAccountsPayable" xlink:label="us-gaap_IncreaseDecreaseInAccountsPayable" xlink:title="IncreaseDecreaseInAccountsPayable" />
    <link:calculationArc xlink:type="arc" xlink:arcrole="http://www.xbrl.org/2003/arcrole/summation-item" xlink:from="us-gaap_NetCashProvidedByUsedInOperatingActivitiesContinuingOperations" xlink:to="us-gaap_IncreaseDecreaseInAccountsPayable" xlink:title="calculation: us-gaap_NetCashProvidedByUsedInOperatingActivitiesContinuingOperations to us-gaap_IncreaseDecreaseInAccountsPayable" use="optional" order="11.0" weight="1" />
    <link:loc xlink:type="locator" xlink:href="http://xbrl.fasb.org/us-gaap/2012/elts/us-gaap-2012-01-31.xsd#us-gaap_IncreaseDecreaseInAccruedLiabilities" xlink:label="us-gaap_IncreaseDecreaseInAccruedLiabilities" xlink:title="IncreaseDecreaseInAccruedLiabilities" />
    <link:calculationArc xlink:type="arc" xlink:arcrole="http://www.xbrl.org/2003/arcrole/summation-item" xlink:from="us-gaap_NetCashProvidedByUsedInOperatingActivitiesContinuingOperations" xlink:to="us-gaap_IncreaseDecreaseInAccruedLiabilities" xlink:title="calculation: us-gaap_NetCashProvidedByUsedInOperatingActivitiesContinuingOperations to us-gaap_IncreaseDecreaseInAccruedLiabilities" use="optional" order="12.0" weight="1" />
    <link:loc xlink:type="locator" xlink:href="http://xbrl.fasb.org/us-gaap/2012/elts/us-gaap-2012-01-31.xsd#us-gaap_IncreaseDecreaseInOtherNoncurrentLiabilities" xlink:label="us-gaap_IncreaseDecreaseInOtherNoncurrentLiabilities" xlink:title="IncreaseDecreaseInOtherNoncurrentLiabilities" />
    <link:calculationArc xlink:type="arc" xlink:arcrole="http://www.xbrl.org/2003/arcrole/summation-item" xlink:from="us-gaap_NetCashProvidedByUsedInOperatingActivitiesContinuingOperations" xlink:to="us-gaap_IncreaseDecreaseInOtherNoncurrentLiabilities" xlink:title="calculation: us-gaap_NetCashProvidedByUsedInOperatingActivitiesContinuingOperations to us-gaap_IncreaseDecreaseInOtherNoncurrentLiabilities" use="optional" order="13.0" weight="1" />
    <link:loc xlink:type="locator" xlink:href="http://xbrl.fasb.org/us-gaap/2012/elts/us-gaap-2012-01-31.xsd#us-gaap_NetCashProvidedByUsedInInvestingActivitiesContinuingOperations" xlink:label="us-gaap_NetCashProvidedByUsedInInvestingActivitiesContinuingOperations" xlink:title="NetCashProvidedByUsedInInvestingActivitiesContinuingOperations" />
    <link:calculationArc xlink:type="arc" xlink:arcrole="http://www.xbrl.org/2003/arcrole/summation-item" xlink:from="us-gaap_NetCashProvidedByUsedInContinuingOperations" xlink:to="us-gaap_NetCashProvidedByUsedInInvestingActivitiesContinuingOperations" xlink:title="calculation: us-gaap_NetCashProvidedByUsedInContinuingOperations to us-gaap_NetCashProvidedByUsedInInvestingActivitiesContinuingOperations" use="optional" order="2.0" weight="1" />
    <link:loc xlink:type="locator" xlink:href="http://xbrl.fasb.org/us-gaap/2012/elts/us-gaap-2012-01-31.xsd#us-gaap_PaymentsToAcquireBusinessesNetOfCashAcquired" xlink:label="us-gaap_PaymentsToAcquireBusinessesNetOfCashAcquired" xlink:title="PaymentsToAcquireBusinessesNetOfCashAcquired" />
    <link:calculationArc xlink:type="arc" xlink:arcrole="http://www.xbrl.org/2003/arcrole/summation-item" xlink:from="us-gaap_NetCashProvidedByUsedInInvestingActivitiesContinuingOperations" xlink:to="us-gaap_PaymentsToAcquireBusinessesNetOfCashAcquired" xlink:title="calculation: us-gaap_NetCashProvidedByUsedInInvestingActivitiesContinuingOperations to us-gaap_PaymentsToAcquireBusinessesNetOfCashAcquired" use="optional" order="1.0" weight="-1" />
    <link:loc xlink:type="locator" xlink:href="http://xbrl.fasb.org/us-gaap/2012/elts/us-gaap-2012-01-31.xsd#us-gaap_PaymentsToAcquirePropertyPlantAndEquipment" xlink:label="us-gaap_PaymentsToAcquirePropertyPlantAndEquipment" xlink:title="PaymentsToAcquirePropertyPlantAndEquipment" />
    <link:calculationArc xlink:type="arc" xlink:arcrole="http://www.xbrl.org/2003/arcrole/summation-item" xlink:from="us-gaap_NetCashProvidedByUsedInInvestingActivitiesContinuingOperations" xlink:to="us-gaap_PaymentsToAcquirePropertyPlantAndEquipment" xlink:title="calculation: us-gaap_NetCashProvidedByUsedInInvestingActivitiesContinuingOperations to us-gaap_PaymentsToAcquirePropertyPlantAndEquipment" use="optional" order="2.0" weight="-1" />
    <link:loc xlink:type="locator" xlink:href="http://xbrl.fasb.org/us-gaap/2012/elts/us-gaap-2012-01-31.xsd#us-gaap_NetCashProvidedByUsedInFinancingActivitiesContinuingOperations" xlink:label="us-gaap_NetCashProvidedByUsedInFinancingActivitiesContinuingOperations" xlink:title="NetCashProvidedByUsedInFinancingActivitiesContinuingOperations" />
    <link:calculationArc xlink:type="arc" xlink:arcrole="http://www.xbrl.org/2003/arcrole/summation-item" xlink:from="us-gaap_NetCashProvidedByUsedInContinuingOperations" xlink:to="us-gaap_NetCashProvidedByUsedInFinancingActivitiesContinuingOperations" xlink:title="calculation: us-gaap_NetCashProvidedByUsedInContinuingOperations to us-gaap_NetCashProvidedByUsedInFinancingActivitiesContinuingOperations" use="optional" order="3.0" weight="1" />
    <link:loc xlink:type="locator" xlink:href="http://xbrl.fasb.org/us-gaap/2012/elts/us-gaap-2012-01-31.xsd#us-gaap_ProceedsFromLinesOfCredit" xlink:label="us-gaap_ProceedsFromLinesOfCredit" xlink:title="ProceedsFromLinesOfCredit" />
    <link:calculationArc xlink:type="arc" xlink:arcrole="http://www.xbrl.org/2003/arcrole/summation-item" xlink:from="us-gaap_NetCashProvidedByUsedInFinancingActivitiesContinuingOperations" xlink:to="us-gaap_ProceedsFromLinesOfCredit" xlink:title="calculation: us-gaap_NetCashProvidedByUsedInFinancingActivitiesContinuingOperations to us-gaap_ProceedsFromLinesOfCredit" use="optional" order="1.0" weight="1" />
    <link:loc xlink:type="locator" xlink:href="http://xbrl.fasb.org/us-gaap/2012/elts/us-gaap-2012-01-31.xsd#us-gaap_RepaymentsOfLinesOfCredit" xlink:label="us-gaap_RepaymentsOfLinesOfCredit" xlink:title="RepaymentsOfLinesOfCredit" />
    <link:calculationArc xlink:type="arc" xlink:arcrole="http://www.xbrl.org/2003/arcrole/summation-item" xlink:from="us-gaap_NetCashProvidedByUsedInFinancingActivitiesContinuingOperations" xlink:to="us-gaap_RepaymentsOfLinesOfCredit" xlink:title="calculation: us-gaap_NetCashProvidedByUsedInFinancingActivitiesContinuingOperations to us-gaap_RepaymentsOfLinesOfCredit" use="optional" order="2.0" weight="-1" />
    <link:loc xlink:type="locator" xlink:href="http://xbrl.fasb.org/us-gaap/2012/elts/us-gaap-2012-01-31.xsd#us-gaap_ProceedsFromIssuanceOfCommonStock" xlink:label="us-gaap_ProceedsFromIssuanceOfCommonStock" xlink:title="ProceedsFromIssuanceOfCommonStock" />
    <link:calculationArc xlink:type="arc" xlink:arcrole="http://www.xbrl.org/2003/arcrole/summation-item" xlink:from="us-gaap_NetCashProvidedByUsedInFinancingActivitiesContinuingOperations" xlink:to="us-gaap_ProceedsFromIssuanceOfCommonStock" xlink:title="calculation: us-gaap_NetCashProvidedByUsedInFinancingActivitiesContinuingOperations to us-gaap_ProceedsFromIssuanceOfCommonStock" use="optional" order="3.0" weight="1" />
    <link:loc xlink:type="locator" xlink:href="http://xbrl.fasb.org/us-gaap/2012/elts/us-gaap-2012-01-31.xsd#us-gaap_PaymentsForRepurchaseOfCommonStock" xlink:label="us-gaap_PaymentsForRepurchaseOfCommonStock" xlink:title="PaymentsForRepurchaseOfCommonStock" />
    <link:calculationArc xlink:type="arc" xlink:arcrole="http://www.xbrl.org/2003/arcrole/summation-item" xlink:from="us-gaap_NetCashProvidedByUsedInFinancingActivitiesContinuingOperations" xlink:to="us-gaap_PaymentsForRepurchaseOfCommonStock" xlink:title="calculation: us-gaap_NetCashProvidedByUsedInFinancingActivitiesContinuingOperations to us-gaap_PaymentsForRepurchaseOfCommonStock" use="optional" order="4.0" weight="-1" />
    <link:loc xlink:type="locator" xlink:href="nutr-20121231.xsd#nutr_PaymentsOfSpecialCashDividendsCommonStock" xlink:label="nutr_PaymentsOfSpecialCashDividendsCommonStock" xlink:title="PaymentsOfSpecialCashDividendsCommonStock" />
    <link:calculationArc xlink:type="arc" xlink:arcrole="http://www.xbrl.org/2003/arcrole/summation-item" xlink:from="us-gaap_NetCashProvidedByUsedInFinancingActivitiesContinuingOperations" xlink:to="nutr_PaymentsOfSpecialCashDividendsCommonStock" xlink:title="calculation: us-gaap_NetCashProvidedByUsedInFinancingActivitiesContinuingOperations to nutr_PaymentsOfSpecialCashDividendsCommonStock" use="optional" order="5.0" weight="-1" />
    <link:loc xlink:type="locator" xlink:href="http://xbrl.fasb.org/us-gaap/2012/elts/us-gaap-2012-01-31.xsd#us-gaap_ExcessTaxBenefitFromShareBasedCompensationFinancingActivities" xlink:label="us-gaap_ExcessTaxBenefitFromShareBasedCompensationFinancingActivities" xlink:title="ExcessTaxBenefitFromShareBasedCompensationFinancingActivities" />
    <link:calculationArc xlink:type="arc" xlink:arcrole="http://www.xbrl.org/2003/arcrole/summation-item" xlink:from="us-gaap_NetCashProvidedByUsedInFinancingActivitiesContinuingOperations" xlink:to="us-gaap_ExcessTaxBenefitFromShareBasedCompensationFinancingActivities" xlink:title="calculation: us-gaap_NetCashProvidedByUsedInFinancingActivitiesContinuingOperations to us-gaap_ExcessTaxBenefitFromShareBasedCompensationFinancingActivities" order="6.0" weight="1" />
    <link:loc xlink:type="locator" xlink:href="http://xbrl.fasb.org/us-gaap/2012/elts/us-gaap-2012-01-31.xsd#us-gaap_EffectOfExchangeRateOnCashAndCashEquivalentsContinuingOperations" xlink:label="us-gaap_EffectOfExchangeRateOnCashAndCashEquivalentsContinuingOperations" xlink:title="EffectOfExchangeRateOnCashAndCashEquivalentsContinuingOperations" />
    <link:calculationArc xlink:type="arc" xlink:arcrole="http://www.xbrl.org/2003/arcrole/summation-item" xlink:from="us-gaap_NetCashProvidedByUsedInContinuingOperations" xlink:to="us-gaap_EffectOfExchangeRateOnCashAndCashEquivalentsContinuingOperations" xlink:title="calculation: us-gaap_NetCashProvidedByUsedInContinuingOperations to us-gaap_EffectOfExchangeRateOnCashAndCashEquivalentsContinuingOperations" use="optional" order="4.0" weight="1" />
  </link:calculationLink>
  <link:calculationLink xlink:type="extended" xlink:role="http://www.nutraceutical.com/role/DisclosureAccountsReceivableDetails">
    <link:loc xlink:type="locator" xlink:href="http://xbrl.fasb.org/us-gaap/2012/elts/us-gaap-2012-01-31.xsd#us-gaap_AccountsReceivableNetCurrent" xlink:label="us-gaap_AccountsReceivableNetCurrent" xlink:title="AccountsReceivableNetCurrent" />
    <link:loc xlink:type="locator" xlink:href="http://xbrl.fasb.org/us-gaap/2012/elts/us-gaap-2012-01-31.xsd#us-gaap_AccountsReceivableGrossCurrent" xlink:label="us-gaap_AccountsReceivableGrossCurrent" xlink:title="AccountsReceivableGrossCurrent" />
    <link:calculationArc xlink:type="arc" xlink:arcrole="http://www.xbrl.org/2003/arcrole/summation-item" xlink:from="us-gaap_AccountsReceivableNetCurrent" xlink:to="us-gaap_AccountsReceivableGrossCurrent" xlink:title="calculation: us-gaap_AccountsReceivableNetCurrent to us-gaap_AccountsReceivableGrossCurrent" use="optional" order="1.0" weight="1" />
    <link:loc xlink:type="locator" xlink:href="http://xbrl.fasb.org/us-gaap/2012/elts/us-gaap-2012-01-31.xsd#us-gaap_AllowanceForDoubtfulAccountsReceivableCurrent" xlink:label="us-gaap_AllowanceForDoubtfulAccountsReceivableCurrent" xlink:title="AllowanceForDoubtfulAccountsReceivableCurrent" />
    <link:calculationArc xlink:type="arc" xlink:arcrole="http://www.xbrl.org/2003/arcrole/summation-item" xlink:from="us-gaap_AccountsReceivableNetCurrent" xlink:to="us-gaap_AllowanceForDoubtfulAccountsReceivableCurrent" xlink:title="calculation: us-gaap_AccountsReceivableNetCurrent to us-gaap_AllowanceForDoubtfulAccountsReceivableCurrent" use="optional" order="2.0" weight="-1" />
  </link:calculationLink>
  <link:calculationLink xlink:type="extended" xlink:role="http://www.nutraceutical.com/role/BalanceSheet">
    <link:loc xlink:type="locator" xlink:href="http://xbrl.fasb.org/us-gaap/2012/elts/us-gaap-2012-01-31.xsd#us-gaap_Assets" xlink:label="us-gaap_Assets" xlink:title="Assets" />
    <link:loc xlink:type="locator" xlink:href="http://xbrl.fasb.org/us-gaap/2012/elts/us-gaap-2012-01-31.xsd#us-gaap_AssetsCurrent" xlink:label="us-gaap_AssetsCurrent" xlink:title="AssetsCurrent" />
    <link:calculationArc xlink:type="arc" xlink:arcrole="http://www.xbrl.org/2003/arcrole/summation-item" xlink:from="us-gaap_Assets" xlink:to="us-gaap_AssetsCurrent" xlink:title="calculation: us-gaap_Assets to us-gaap_AssetsCurrent" order="1.0" weight="1" />
    <link:loc xlink:type="locator" xlink:href="http://xbrl.fasb.org/us-gaap/2012/elts/us-gaap-2012-01-31.xsd#us-gaap_CashAndCashEquivalentsAtCarryingValue" xlink:label="us-gaap_CashAndCashEquivalentsAtCarryingValue" xlink:title="CashAndCashEquivalentsAtCarryingValue" />
    <link:calculationArc xlink:type="arc" xlink:arcrole="http://www.xbrl.org/2003/arcrole/summation-item" xlink:from="us-gaap_AssetsCurrent" xlink:to="us-gaap_CashAndCashEquivalentsAtCarryingValue" xlink:title="calculation: us-gaap_AssetsCurrent to us-gaap_CashAndCashEquivalentsAtCarryingValue" use="optional" order="1.0" weight="1" />
    <link:loc xlink:type="locator" xlink:href="http://xbrl.fasb.org/us-gaap/2012/elts/us-gaap-2012-01-31.xsd#us-gaap_AccountsReceivableNetCurrent" xlink:label="us-gaap_AccountsReceivableNetCurrent" xlink:title="AccountsReceivableNetCurrent" />
    <link:calculationArc xlink:type="arc" xlink:arcrole="http://www.xbrl.org/2003/arcrole/summation-item" xlink:from="us-gaap_AssetsCurrent" xlink:to="us-gaap_AccountsReceivableNetCurrent" xlink:title="calculation: us-gaap_AssetsCurrent to us-gaap_AccountsReceivableNetCurrent" use="optional" order="2.0" weight="1" />
    <link:loc xlink:type="locator" xlink:href="http://xbrl.fasb.org/us-gaap/2012/elts/us-gaap-2012-01-31.xsd#us-gaap_InventoryNet" xlink:label="us-gaap_InventoryNet" xlink:title="InventoryNet" />
    <link:calculationArc xlink:type="arc" xlink:arcrole="http://www.xbrl.org/2003/arcrole/summation-item" xlink:from="us-gaap_AssetsCurrent" xlink:to="us-gaap_InventoryNet" xlink:title="calculation: us-gaap_AssetsCurrent to us-gaap_InventoryNet" use="optional" order="3.0" weight="1" />
    <link:loc xlink:type="locator" xlink:href="http://xbrl.fasb.org/us-gaap/2012/elts/us-gaap-2012-01-31.xsd#us-gaap_PrepaidExpenseAndOtherAssetsCurrent" xlink:label="us-gaap_PrepaidExpenseAndOtherAssetsCurrent" xlink:title="PrepaidExpenseAndOtherAssetsCurrent" />
    <link:calculationArc xlink:type="arc" xlink:arcrole="http://www.xbrl.org/2003/arcrole/summation-item" xlink:from="us-gaap_AssetsCurrent" xlink:to="us-gaap_PrepaidExpenseAndOtherAssetsCurrent" xlink:title="calculation: us-gaap_AssetsCurrent to us-gaap_PrepaidExpenseAndOtherAssetsCurrent" use="optional" order="4.0" weight="1" />
    <link:loc xlink:type="locator" xlink:href="http://xbrl.fasb.org/us-gaap/2012/elts/us-gaap-2012-01-31.xsd#us-gaap_DeferredTaxAssetsLiabilitiesNetCurrent" xlink:label="us-gaap_DeferredTaxAssetsLiabilitiesNetCurrent" xlink:title="DeferredTaxAssetsLiabilitiesNetCurrent" />
    <link:calculationArc xlink:type="arc" xlink:arcrole="http://www.xbrl.org/2003/arcrole/summation-item" xlink:from="us-gaap_AssetsCurrent" xlink:to="us-gaap_DeferredTaxAssetsLiabilitiesNetCurrent" xlink:title="calculation: us-gaap_AssetsCurrent to us-gaap_DeferredTaxAssetsLiabilitiesNetCurrent" use="optional" order="5.0" weight="1" />
    <link:loc xlink:type="locator" xlink:href="http://xbrl.fasb.org/us-gaap/2012/elts/us-gaap-2012-01-31.xsd#us-gaap_PropertyPlantAndEquipmentNet" xlink:label="us-gaap_PropertyPlantAndEquipmentNet" xlink:title="PropertyPlantAndEquipmentNet" />
    <link:calculationArc xlink:type="arc" xlink:arcrole="http://www.xbrl.org/2003/arcrole/summation-item" xlink:from="us-gaap_Assets" xlink:to="us-gaap_PropertyPlantAndEquipmentNet" xlink:title="calculation: us-gaap_Assets to us-gaap_PropertyPlantAndEquipmentNet" order="2.0" weight="1" />
    <link:loc xlink:type="locator" xlink:href="http://xbrl.fasb.org/us-gaap/2012/elts/us-gaap-2012-01-31.xsd#us-gaap_Goodwill" xlink:label="us-gaap_Goodwill" xlink:title="Goodwill" />
    <link:calculationArc xlink:type="arc" xlink:arcrole="http://www.xbrl.org/2003/arcrole/summation-item" xlink:from="us-gaap_Assets" xlink:to="us-gaap_Goodwill" xlink:title="calculation: us-gaap_Assets to us-gaap_Goodwill" order="3.0" weight="1" />
    <link:loc xlink:type="locator" xlink:href="http://xbrl.fasb.org/us-gaap/2012/elts/us-gaap-2012-01-31.xsd#us-gaap_IntangibleAssetsNetExcludingGoodwill" xlink:label="us-gaap_IntangibleAssetsNetExcludingGoodwill" xlink:title="IntangibleAssetsNetExcludingGoodwill" />
    <link:calculationArc xlink:type="arc" xlink:arcrole="http://www.xbrl.org/2003/arcrole/summation-item" xlink:from="us-gaap_Assets" xlink:to="us-gaap_IntangibleAssetsNetExcludingGoodwill" xlink:title="calculation: us-gaap_Assets to us-gaap_IntangibleAssetsNetExcludingGoodwill" order="4.0" weight="1" />
    <link:loc xlink:type="locator" xlink:href="http://xbrl.fasb.org/us-gaap/2012/elts/us-gaap-2012-01-31.xsd#us-gaap_OtherAssetsNoncurrent" xlink:label="us-gaap_OtherAssetsNoncurrent" xlink:title="OtherAssetsNoncurrent" />
    <link:calculationArc xlink:type="arc" xlink:arcrole="http://www.xbrl.org/2003/arcrole/summation-item" xlink:from="us-gaap_Assets" xlink:to="us-gaap_OtherAssetsNoncurrent" xlink:title="calculation: us-gaap_Assets to us-gaap_OtherAssetsNoncurrent" use="optional" order="5.0" weight="1" />
    <link:loc xlink:type="locator" xlink:href="http://xbrl.fasb.org/us-gaap/2012/elts/us-gaap-2012-01-31.xsd#us-gaap_DeferredTaxAssetsLiabilitiesNetNoncurrent" xlink:label="us-gaap_DeferredTaxAssetsLiabilitiesNetNoncurrent" xlink:title="DeferredTaxAssetsLiabilitiesNetNoncurrent" />
    <link:calculationArc xlink:type="arc" xlink:arcrole="http://www.xbrl.org/2003/arcrole/summation-item" xlink:from="us-gaap_Assets" xlink:to="us-gaap_DeferredTaxAssetsLiabilitiesNetNoncurrent" xlink:title="calculation: us-gaap_Assets to us-gaap_DeferredTaxAssetsLiabilitiesNetNoncurrent" use="optional" order="6.0" weight="1" />
    <link:loc xlink:type="locator" xlink:href="http://xbrl.fasb.org/us-gaap/2012/elts/us-gaap-2012-01-31.xsd#us-gaap_LiabilitiesAndStockholdersEquity" xlink:label="us-gaap_LiabilitiesAndStockholdersEquity" xlink:title="LiabilitiesAndStockholdersEquity" />
    <link:loc xlink:type="locator" xlink:href="http://xbrl.fasb.org/us-gaap/2012/elts/us-gaap-2012-01-31.xsd#us-gaap_Liabilities" xlink:label="us-gaap_Liabilities" xlink:title="Liabilities" />
    <link:calculationArc xlink:type="arc" xlink:arcrole="http://www.xbrl.org/2003/arcrole/summation-item" xlink:from="us-gaap_LiabilitiesAndStockholdersEquity" xlink:to="us-gaap_Liabilities" xlink:title="calculation: us-gaap_LiabilitiesAndStockholdersEquity to us-gaap_Liabilities" order="1.0" weight="1" />
    <link:loc xlink:type="locator" xlink:href="http://xbrl.fasb.org/us-gaap/2012/elts/us-gaap-2012-01-31.xsd#us-gaap_LiabilitiesCurrent" xlink:label="us-gaap_LiabilitiesCurrent" xlink:title="LiabilitiesCurrent" />
    <link:calculationArc xlink:type="arc" xlink:arcrole="http://www.xbrl.org/2003/arcrole/summation-item" xlink:from="us-gaap_Liabilities" xlink:to="us-gaap_LiabilitiesCurrent" xlink:title="calculation: us-gaap_Liabilities to us-gaap_LiabilitiesCurrent" order="1.0" weight="1" />
    <link:loc xlink:type="locator" xlink:href="http://xbrl.fasb.org/us-gaap/2012/elts/us-gaap-2012-01-31.xsd#us-gaap_AccountsPayableCurrent" xlink:label="us-gaap_AccountsPayableCurrent" xlink:title="AccountsPayableCurrent" />
    <link:calculationArc xlink:type="arc" xlink:arcrole="http://www.xbrl.org/2003/arcrole/summation-item" xlink:from="us-gaap_LiabilitiesCurrent" xlink:to="us-gaap_AccountsPayableCurrent" xlink:title="calculation: us-gaap_LiabilitiesCurrent to us-gaap_AccountsPayableCurrent" order="1.0" weight="1" />
    <link:loc xlink:type="locator" xlink:href="http://xbrl.fasb.org/us-gaap/2012/elts/us-gaap-2012-01-31.xsd#us-gaap_AccruedLiabilitiesCurrent" xlink:label="us-gaap_AccruedLiabilitiesCurrent" xlink:title="AccruedLiabilitiesCurrent" />
    <link:calculationArc xlink:type="arc" xlink:arcrole="http://www.xbrl.org/2003/arcrole/summation-item" xlink:from="us-gaap_LiabilitiesCurrent" xlink:to="us-gaap_AccruedLiabilitiesCurrent" xlink:title="calculation: us-gaap_LiabilitiesCurrent to us-gaap_AccruedLiabilitiesCurrent" order="2.0" weight="1" />
    <link:loc xlink:type="locator" xlink:href="http://xbrl.fasb.org/us-gaap/2012/elts/us-gaap-2012-01-31.xsd#us-gaap_LongTermLineOfCredit" xlink:label="us-gaap_LongTermLineOfCredit" xlink:title="LongTermLineOfCredit" />
    <link:calculationArc xlink:type="arc" xlink:arcrole="http://www.xbrl.org/2003/arcrole/summation-item" xlink:from="us-gaap_Liabilities" xlink:to="us-gaap_LongTermLineOfCredit" xlink:title="calculation: us-gaap_Liabilities to us-gaap_LongTermLineOfCredit" order="2.0" weight="1" />
    <link:loc xlink:type="locator" xlink:href="http://xbrl.fasb.org/us-gaap/2012/elts/us-gaap-2012-01-31.xsd#us-gaap_OtherLiabilitiesNoncurrent" xlink:label="us-gaap_OtherLiabilitiesNoncurrent" xlink:title="OtherLiabilitiesNoncurrent" />
    <link:calculationArc xlink:type="arc" xlink:arcrole="http://www.xbrl.org/2003/arcrole/summation-item" xlink:from="us-gaap_Liabilities" xlink:to="us-gaap_OtherLiabilitiesNoncurrent" xlink:title="calculation: us-gaap_Liabilities to us-gaap_OtherLiabilitiesNoncurrent" order="3.0" weight="1" />
    <link:loc xlink:type="locator" xlink:href="http://xbrl.fasb.org/us-gaap/2012/elts/us-gaap-2012-01-31.xsd#us-gaap_StockholdersEquity" xlink:label="us-gaap_StockholdersEquity" xlink:title="StockholdersEquity" />
    <link:calculationArc xlink:type="arc" xlink:arcrole="http://www.xbrl.org/2003/arcrole/summation-item" xlink:from="us-gaap_LiabilitiesAndStockholdersEquity" xlink:to="us-gaap_StockholdersEquity" xlink:title="calculation: us-gaap_LiabilitiesAndStockholdersEquity to us-gaap_StockholdersEquity" use="optional" order="2.0" weight="1" />
    <link:loc xlink:type="locator" xlink:href="http://xbrl.fasb.org/us-gaap/2012/elts/us-gaap-2012-01-31.xsd#us-gaap_CommonStockValue" xlink:label="us-gaap_CommonStockValue" xlink:title="CommonStockValue" />
    <link:calculationArc xlink:type="arc" xlink:arcrole="http://www.xbrl.org/2003/arcrole/summation-item" xlink:from="us-gaap_StockholdersEquity" xlink:to="us-gaap_CommonStockValue" xlink:title="calculation: us-gaap_StockholdersEquity to us-gaap_CommonStockValue" use="optional" order="1.0" weight="1" />
    <link:loc xlink:type="locator" xlink:href="http://xbrl.fasb.org/us-gaap/2012/elts/us-gaap-2012-01-31.xsd#us-gaap_AdditionalPaidInCapitalCommonStock" xlink:label="us-gaap_AdditionalPaidInCapitalCommonStock" xlink:title="AdditionalPaidInCapitalCommonStock" />
    <link:calculationArc xlink:type="arc" xlink:arcrole="http://www.xbrl.org/2003/arcrole/summation-item" xlink:from="us-gaap_StockholdersEquity" xlink:to="us-gaap_AdditionalPaidInCapitalCommonStock" xlink:title="calculation: us-gaap_StockholdersEquity to us-gaap_AdditionalPaidInCapitalCommonStock" use="optional" order="2.0" weight="1" />
    <link:loc xlink:type="locator" xlink:href="http://xbrl.fasb.org/us-gaap/2012/elts/us-gaap-2012-01-31.xsd#us-gaap_RetainedEarningsAccumulatedDeficit" xlink:label="us-gaap_RetainedEarningsAccumulatedDeficit" xlink:title="RetainedEarningsAccumulatedDeficit" />
    <link:calculationArc xlink:type="arc" xlink:arcrole="http://www.xbrl.org/2003/arcrole/summation-item" xlink:from="us-gaap_StockholdersEquity" xlink:to="us-gaap_RetainedEarningsAccumulatedDeficit" xlink:title="calculation: us-gaap_StockholdersEquity to us-gaap_RetainedEarningsAccumulatedDeficit" use="optional" order="3.0" weight="1" />
    <link:loc xlink:type="locator" xlink:href="http://xbrl.fasb.org/us-gaap/2012/elts/us-gaap-2012-01-31.xsd#us-gaap_AccumulatedOtherComprehensiveIncomeLossNetOfTax" xlink:label="us-gaap_AccumulatedOtherComprehensiveIncomeLossNetOfTax" xlink:title="AccumulatedOtherComprehensiveIncomeLossNetOfTax" />
    <link:calculationArc xlink:type="arc" xlink:arcrole="http://www.xbrl.org/2003/arcrole/summation-item" xlink:from="us-gaap_StockholdersEquity" xlink:to="us-gaap_AccumulatedOtherComprehensiveIncomeLossNetOfTax" xlink:title="calculation: us-gaap_StockholdersEquity to us-gaap_AccumulatedOtherComprehensiveIncomeLossNetOfTax" use="optional" order="4.0" weight="1" />
    <link:loc xlink:type="locator" xlink:href="http://xbrl.fasb.org/us-gaap/2012/elts/us-gaap-2012-01-31.xsd#us-gaap_TreasuryStockValue" xlink:label="us-gaap_TreasuryStockValue" xlink:title="TreasuryStockValue" />
    <link:calculationArc xlink:type="arc" xlink:arcrole="http://www.xbrl.org/2003/arcrole/summation-item" xlink:from="us-gaap_StockholdersEquity" xlink:to="us-gaap_TreasuryStockValue" xlink:title="calculation: us-gaap_StockholdersEquity to us-gaap_TreasuryStockValue" use="optional" order="5.0" weight="-1" />
  </link:calculationLink>
  <link:calculationLink xlink:type="extended" xlink:role="http://www.nutraceutical.com/role/DisclosureInventoriesDetails">
    <link:loc xlink:type="locator" xlink:href="http://xbrl.fasb.org/us-gaap/2012/elts/us-gaap-2012-01-31.xsd#us-gaap_InventoryNet" xlink:label="us-gaap_InventoryNet" xlink:title="InventoryNet" />
    <link:loc xlink:type="locator" xlink:href="http://xbrl.fasb.org/us-gaap/2012/elts/us-gaap-2012-01-31.xsd#us-gaap_InventoryRawMaterialsNetOfReserves" xlink:label="us-gaap_InventoryRawMaterialsNetOfReserves" xlink:title="InventoryRawMaterialsNetOfReserves" />
    <link:calculationArc xlink:type="arc" xlink:arcrole="http://www.xbrl.org/2003/arcrole/summation-item" xlink:from="us-gaap_InventoryNet" xlink:to="us-gaap_InventoryRawMaterialsNetOfReserves" xlink:title="calculation: us-gaap_InventoryNet to us-gaap_InventoryRawMaterialsNetOfReserves" use="optional" order="1.0" weight="1" />
    <link:loc xlink:type="locator" xlink:href="http://xbrl.fasb.org/us-gaap/2012/elts/us-gaap-2012-01-31.xsd#us-gaap_InventoryWorkInProcessNetOfReserves" xlink:label="us-gaap_InventoryWorkInProcessNetOfReserves" xlink:title="InventoryWorkInProcessNetOfReserves" />
    <link:calculationArc xlink:type="arc" xlink:arcrole="http://www.xbrl.org/2003/arcrole/summation-item" xlink:from="us-gaap_InventoryNet" xlink:to="us-gaap_InventoryWorkInProcessNetOfReserves" xlink:title="calculation: us-gaap_InventoryNet to us-gaap_InventoryWorkInProcessNetOfReserves" use="optional" order="2.0" weight="1" />
    <link:loc xlink:type="locator" xlink:href="http://xbrl.fasb.org/us-gaap/2012/elts/us-gaap-2012-01-31.xsd#us-gaap_InventoryFinishedGoodsNetOfReserves" xlink:label="us-gaap_InventoryFinishedGoodsNetOfReserves" xlink:title="InventoryFinishedGoodsNetOfReserves" />
    <link:calculationArc xlink:type="arc" xlink:arcrole="http://www.xbrl.org/2003/arcrole/summation-item" xlink:from="us-gaap_InventoryNet" xlink:to="us-gaap_InventoryFinishedGoodsNetOfReserves" xlink:title="calculation: us-gaap_InventoryNet to us-gaap_InventoryFinishedGoodsNetOfReserves" use="optional" order="3.0" weight="1" />
  </link:calculationLink>
  <link:calculationLink xlink:type="extended" xlink:role="http://www.nutraceutical.com/role/DisclosureGoodwillAndIntangibleAssetsDetails">
    <link:loc xlink:type="locator" xlink:href="http://xbrl.fasb.org/us-gaap/2012/elts/us-gaap-2012-01-31.xsd#us-gaap_IntangibleAssetsNetExcludingGoodwill" xlink:label="us-gaap_IntangibleAssetsNetExcludingGoodwill" xlink:title="IntangibleAssetsNetExcludingGoodwill" />
    <link:loc xlink:type="locator" xlink:href="http://xbrl.fasb.org/us-gaap/2012/elts/us-gaap-2012-01-31.xsd#us-gaap_FiniteLivedIntangibleAssetsAccumulatedAmortization" xlink:label="us-gaap_FiniteLivedIntangibleAssetsAccumulatedAmortization" xlink:title="FiniteLivedIntangibleAssetsAccumulatedAmortization" />
    <link:calculationArc xlink:type="arc" xlink:arcrole="http://www.xbrl.org/2003/arcrole/summation-item" xlink:from="us-gaap_IntangibleAssetsNetExcludingGoodwill" xlink:to="us-gaap_FiniteLivedIntangibleAssetsAccumulatedAmortization" xlink:title="calculation: us-gaap_IntangibleAssetsNetExcludingGoodwill to us-gaap_FiniteLivedIntangibleAssetsAccumulatedAmortization" order="1.0" weight="-1" />
    <link:loc xlink:type="locator" xlink:href="nutr-20121231.xsd#nutr_IntangibleAssetsGrossExcludingGoodwill" xlink:label="nutr_IntangibleAssetsGrossExcludingGoodwill" xlink:title="IntangibleAssetsGrossExcludingGoodwill" />
    <link:calculationArc xlink:type="arc" xlink:arcrole="http://www.xbrl.org/2003/arcrole/summation-item" xlink:from="us-gaap_IntangibleAssetsNetExcludingGoodwill" xlink:to="nutr_IntangibleAssetsGrossExcludingGoodwill" xlink:title="calculation: us-gaap_IntangibleAssetsNetExcludingGoodwill to nutr_IntangibleAssetsGrossExcludingGoodwill" order="2.0" weight="1" />
    <link:loc xlink:type="locator" xlink:href="http://xbrl.fasb.org/us-gaap/2012/elts/us-gaap-2012-01-31.xsd#us-gaap_FiniteLivedIntangibleAssetsNet" xlink:label="us-gaap_FiniteLivedIntangibleAssetsNet" xlink:title="FiniteLivedIntangibleAssetsNet" />
    <link:loc xlink:type="locator" xlink:href="http://xbrl.fasb.org/us-gaap/2012/elts/us-gaap-2012-01-31.xsd#us-gaap_FiniteLivedIntangibleAssetsGross" xlink:label="us-gaap_FiniteLivedIntangibleAssetsGross" xlink:title="FiniteLivedIntangibleAssetsGross" />
    <link:calculationArc xlink:type="arc" xlink:arcrole="http://www.xbrl.org/2003/arcrole/summation-item" xlink:from="us-gaap_FiniteLivedIntangibleAssetsNet" xlink:to="us-gaap_FiniteLivedIntangibleAssetsGross" xlink:title="calculation: us-gaap_FiniteLivedIntangibleAssetsNet to us-gaap_FiniteLivedIntangibleAssetsGross" use="optional" order="1.0" weight="1" />
    <link:calculationArc xlink:type="arc" xlink:arcrole="http://www.xbrl.org/2003/arcrole/summation-item" xlink:from="us-gaap_FiniteLivedIntangibleAssetsNet" xlink:to="us-gaap_FiniteLivedIntangibleAssetsAccumulatedAmortization" xlink:title="calculation: us-gaap_FiniteLivedIntangibleAssetsNet to us-gaap_FiniteLivedIntangibleAssetsAccumulatedAmortization" use="optional" order="2.0" weight="-1" />
  </link:calculationLink>
  <link:calculationLink xlink:type="extended" xlink:role="http://www.nutraceutical.com/role/DisclosureGoodwillAndIntangibleAssetsDetailsCalc2">
    <link:loc xlink:type="locator" xlink:href="http://xbrl.fasb.org/us-gaap/2012/elts/us-gaap-2012-01-31.xsd#us-gaap_FiniteLivedIntangibleAssetsNet" xlink:label="us-gaap_FiniteLivedIntangibleAssetsNet" xlink:title="FiniteLivedIntangibleAssetsNet" />
    <link:loc xlink:type="locator" xlink:href="http://xbrl.fasb.org/us-gaap/2012/elts/us-gaap-2012-01-31.xsd#us-gaap_FiniteLivedIntangibleAssetsAmortizationExpenseNextTwelveMonths" xlink:label="us-gaap_FiniteLivedIntangibleAssetsAmortizationExpenseNextTwelveMonths" xlink:title="FiniteLivedIntangibleAssetsAmortizationExpenseNextTwelveMonths" />
    <link:calculationArc xlink:type="arc" xlink:arcrole="http://www.xbrl.org/2003/arcrole/summation-item" xlink:from="us-gaap_FiniteLivedIntangibleAssetsNet" xlink:to="us-gaap_FiniteLivedIntangibleAssetsAmortizationExpenseNextTwelveMonths" xlink:title="calculation: us-gaap_FiniteLivedIntangibleAssetsNet to us-gaap_FiniteLivedIntangibleAssetsAmortizationExpenseNextTwelveMonths" use="optional" order="1.0" weight="1" />
    <link:loc xlink:type="locator" xlink:href="http://xbrl.fasb.org/us-gaap/2012/elts/us-gaap-2012-01-31.xsd#us-gaap_FiniteLivedIntangibleAssetsAmortizationExpenseYearTwo" xlink:label="us-gaap_FiniteLivedIntangibleAssetsAmortizationExpenseYearTwo" xlink:title="FiniteLivedIntangibleAssetsAmortizationExpenseYearTwo" />
    <link:calculationArc xlink:type="arc" xlink:arcrole="http://www.xbrl.org/2003/arcrole/summation-item" xlink:from="us-gaap_FiniteLivedIntangibleAssetsNet" xlink:to="us-gaap_FiniteLivedIntangibleAssetsAmortizationExpenseYearTwo" xlink:title="calculation: us-gaap_FiniteLivedIntangibleAssetsNet to us-gaap_FiniteLivedIntangibleAssetsAmortizationExpenseYearTwo" use="optional" order="2.0" weight="1" />
    <link:loc xlink:type="locator" xlink:href="http://xbrl.fasb.org/us-gaap/2012/elts/us-gaap-2012-01-31.xsd#us-gaap_FiniteLivedIntangibleAssetsAmortizationExpenseYearThree" xlink:label="us-gaap_FiniteLivedIntangibleAssetsAmortizationExpenseYearThree" xlink:title="FiniteLivedIntangibleAssetsAmortizationExpenseYearThree" />
    <link:calculationArc xlink:type="arc" xlink:arcrole="http://www.xbrl.org/2003/arcrole/summation-item" xlink:from="us-gaap_FiniteLivedIntangibleAssetsNet" xlink:to="us-gaap_FiniteLivedIntangibleAssetsAmortizationExpenseYearThree" xlink:title="calculation: us-gaap_FiniteLivedIntangibleAssetsNet to us-gaap_FiniteLivedIntangibleAssetsAmortizationExpenseYearThree" use="optional" order="3.0" weight="1" />
    <link:loc xlink:type="locator" xlink:href="http://xbrl.fasb.org/us-gaap/2012/elts/us-gaap-2012-01-31.xsd#us-gaap_FiniteLivedIntangibleAssetsAmortizationExpenseYearFour" xlink:label="us-gaap_FiniteLivedIntangibleAssetsAmortizationExpenseYearFour" xlink:title="FiniteLivedIntangibleAssetsAmortizationExpenseYearFour" />
    <link:calculationArc xlink:type="arc" xlink:arcrole="http://www.xbrl.org/2003/arcrole/summation-item" xlink:from="us-gaap_FiniteLivedIntangibleAssetsNet" xlink:to="us-gaap_FiniteLivedIntangibleAssetsAmortizationExpenseYearFour" xlink:title="calculation: us-gaap_FiniteLivedIntangibleAssetsNet to us-gaap_FiniteLivedIntangibleAssetsAmortizationExpenseYearFour" use="optional" order="4.0" weight="1" />
    <link:loc xlink:type="locator" xlink:href="http://xbrl.fasb.org/us-gaap/2012/elts/us-gaap-2012-01-31.xsd#us-gaap_FiniteLivedIntangibleAssetsAmortizationExpenseYearFive" xlink:label="us-gaap_FiniteLivedIntangibleAssetsAmortizationExpenseYearFive" xlink:title="FiniteLivedIntangibleAssetsAmortizationExpenseYearFive" />
    <link:calculationArc xlink:type="arc" xlink:arcrole="http://www.xbrl.org/2003/arcrole/summation-item" xlink:from="us-gaap_FiniteLivedIntangibleAssetsNet" xlink:to="us-gaap_FiniteLivedIntangibleAssetsAmortizationExpenseYearFive" xlink:title="calculation: us-gaap_FiniteLivedIntangibleAssetsNet to us-gaap_FiniteLivedIntangibleAssetsAmortizationExpenseYearFive" use="optional" order="5.0" weight="1" />
    <link:loc xlink:type="locator" xlink:href="http://xbrl.fasb.org/us-gaap/2012/elts/us-gaap-2012-01-31.xsd#us-gaap_FiniteLivedIntangibleAssetsAmortizationExpenseAfterYearFive" xlink:label="us-gaap_FiniteLivedIntangibleAssetsAmortizationExpenseAfterYearFive" xlink:title="FiniteLivedIntangibleAssetsAmortizationExpenseAfterYearFive" />
    <link:calculationArc xlink:type="arc" xlink:arcrole="http://www.xbrl.org/2003/arcrole/summation-item" xlink:from="us-gaap_FiniteLivedIntangibleAssetsNet" xlink:to="us-gaap_FiniteLivedIntangibleAssetsAmortizationExpenseAfterYearFive" xlink:title="calculation: us-gaap_FiniteLivedIntangibleAssetsNet to us-gaap_FiniteLivedIntangibleAssetsAmortizationExpenseAfterYearFive" use="optional" order="6.0" weight="1" />
  </link:calculationLink>
  <link:calculationLink xlink:type="extended" xlink:role="http://www.nutraceutical.com/role/DisclosureGoodwillAndIntangibleAssetsDetailsCalc3">
    <link:loc xlink:type="locator" xlink:href="http://xbrl.fasb.org/us-gaap/2012/elts/us-gaap-2012-01-31.xsd#us-gaap_IntangibleAssetsNetExcludingGoodwill" xlink:label="us-gaap_IntangibleAssetsNetExcludingGoodwill" xlink:title="IntangibleAssetsNetExcludingGoodwill" />
    <link:loc xlink:type="locator" xlink:href="http://xbrl.fasb.org/us-gaap/2012/elts/us-gaap-2012-01-31.xsd#us-gaap_IndefiniteLivedIntangibleAssetsExcludingGoodwill" xlink:label="us-gaap_IndefiniteLivedIntangibleAssetsExcludingGoodwill" xlink:title="IndefiniteLivedIntangibleAssetsExcludingGoodwill" />
    <link:calculationArc xlink:type="arc" xlink:arcrole="http://www.xbrl.org/2003/arcrole/summation-item" xlink:from="us-gaap_IntangibleAssetsNetExcludingGoodwill" xlink:to="us-gaap_IndefiniteLivedIntangibleAssetsExcludingGoodwill" xlink:title="calculation: us-gaap_IntangibleAssetsNetExcludingGoodwill to us-gaap_IndefiniteLivedIntangibleAssetsExcludingGoodwill" use="optional" order="1.0" weight="1" />
    <link:loc xlink:type="locator" xlink:href="http://xbrl.fasb.org/us-gaap/2012/elts/us-gaap-2012-01-31.xsd#us-gaap_FiniteLivedIntangibleAssetsNet" xlink:label="us-gaap_FiniteLivedIntangibleAssetsNet" xlink:title="FiniteLivedIntangibleAssetsNet" />
    <link:calculationArc xlink:type="arc" xlink:arcrole="http://www.xbrl.org/2003/arcrole/summation-item" xlink:from="us-gaap_IntangibleAssetsNetExcludingGoodwill" xlink:to="us-gaap_FiniteLivedIntangibleAssetsNet" xlink:title="calculation: us-gaap_IntangibleAssetsNetExcludingGoodwill to us-gaap_FiniteLivedIntangibleAssetsNet" use="optional" order="2.0" weight="1" />
  </link:calculationLink>
  <link:calculationLink xlink:type="extended" xlink:role="http://www.nutraceutical.com/role/DisclosureSegmentsDetails">
    <link:loc xlink:type="locator" xlink:href="http://xbrl.fasb.org/us-gaap/2012/elts/us-gaap-2012-01-31.xsd#us-gaap_SalesRevenueNet" xlink:label="us-gaap_SalesRevenueNet" xlink:title="SalesRevenueNet" />
    <link:loc xlink:type="locator" xlink:href="http://xbrl.fasb.org/us-gaap/2012/elts/us-gaap-2012-01-31.xsd#us-gaap_EntityWideDisclosureOnGeographicAreasRevenueFromExternalCustomersAttributedToEntitysCountryOfDomicile" xlink:label="us-gaap_EntityWideDisclosureOnGeographicAreasRevenueFromExternalCustomersAttributedToEntitysCountryOfDomicile" xlink:title="EntityWideDisclosureOnGeographicAreasRevenueFromExternalCustomersAttributedToEntitysCountryOfDomicile" />
    <link:calculationArc xlink:type="arc" xlink:arcrole="http://www.xbrl.org/2003/arcrole/summation-item" xlink:from="us-gaap_SalesRevenueNet" xlink:to="us-gaap_EntityWideDisclosureOnGeographicAreasRevenueFromExternalCustomersAttributedToEntitysCountryOfDomicile" xlink:title="calculation: us-gaap_SalesRevenueNet to us-gaap_EntityWideDisclosureOnGeographicAreasRevenueFromExternalCustomersAttributedToEntitysCountryOfDomicile" use="optional" order="1.0" weight="1" />
    <link:loc xlink:type="locator" xlink:href="http://xbrl.fasb.org/us-gaap/2012/elts/us-gaap-2012-01-31.xsd#us-gaap_EntityWideDisclosureOnGeographicAreasRevenueFromExternalCustomersAttributedToForeignCountries" xlink:label="us-gaap_EntityWideDisclosureOnGeographicAreasRevenueFromExternalCustomersAttributedToForeignCountries" xlink:title="EntityWideDisclosureOnGeographicAreasRevenueFromExternalCustomersAttributedToForeignCountries" />
    <link:calculationArc xlink:type="arc" xlink:arcrole="http://www.xbrl.org/2003/arcrole/summation-item" xlink:from="us-gaap_SalesRevenueNet" xlink:to="us-gaap_EntityWideDisclosureOnGeographicAreasRevenueFromExternalCustomersAttributedToForeignCountries" xlink:title="calculation: us-gaap_SalesRevenueNet to us-gaap_EntityWideDisclosureOnGeographicAreasRevenueFromExternalCustomersAttributedToForeignCountries" use="optional" order="2.0" weight="1" />
  </link:calculationLink>
</link:linkbase>
