<?xml version="1.0" encoding="us-ascii"?>
<!-- Created by Merrill Corporation -->
<!-- Generated by Fujitsu Interstage XWand B0166_M01 -->
<!--Generated by IRIS XBRL Generation Engine-->
<link:linkbase xsi:schemaLocation="http://www.xbrl.org/2003/linkbase http://www.xbrl.org/2003/xbrl-linkbase-2003-12-31.xsd" xmlns:link="http://www.xbrl.org/2003/linkbase" xmlns:xsi="http://www.w3.org/2001/XMLSchema-instance" xmlns:xlink="http://www.w3.org/1999/xlink" xmlns:xbrli="http://www.xbrl.org/2003/instance">
  <link:roleRef roleURI="http://www.kosmosenergy.com/role/BalanceSheet" xlink:type="simple" xlink:href="kos-20111231.xsd#BalanceSheet" />
  <link:roleRef roleURI="http://www.kosmosenergy.com/role/StatementOfIncome" xlink:type="simple" xlink:href="kos-20111231.xsd#StatementOfIncome" />
  <link:roleRef roleURI="http://www.kosmosenergy.com/role/StatementOfUnitHoldingsEquity" xlink:type="simple" xlink:href="kos-20111231.xsd#StatementOfUnitHoldingsEquity" />
  <link:roleRef roleURI="http://www.kosmosenergy.com/role/CashFlows" xlink:type="simple" xlink:href="kos-20111231.xsd#CashFlows" />
  <link:roleRef roleURI="http://www.kosmosenergy.com/role/StatementOfComprehensiveIncome" xlink:type="simple" xlink:href="kos-20111231.xsd#StatementOfComprehensiveIncome" />
  <link:calculationLink xlink:type="extended" xlink:role="http://www.kosmosenergy.com/role/BalanceSheet">
    <link:loc xlink:type="locator" xlink:href="http://xbrl.fasb.org/us-gaap/2011/elts/us-gaap-2011-01-31.xsd#us-gaap_Assets" xlink:label="us-gaap_Assets" xlink:title="Assets" />
    <link:loc xlink:type="locator" xlink:href="http://xbrl.fasb.org/us-gaap/2011/elts/us-gaap-2011-01-31.xsd#us-gaap_AssetsCurrent" xlink:label="us-gaap_AssetsCurrent" xlink:title="AssetsCurrent" />
    <link:calculationArc xlink:type="arc" xlink:arcrole="http://www.xbrl.org/2003/arcrole/summation-item" xlink:from="us-gaap_Assets" xlink:to="us-gaap_AssetsCurrent" xlink:title="calculation: us-gaap_Assets to us-gaap_AssetsCurrent" order="1.0" weight="1" />
    <link:loc xlink:type="locator" xlink:href="http://xbrl.fasb.org/us-gaap/2011/elts/us-gaap-2011-01-31.xsd#us-gaap_CashAndCashEquivalentsAtCarryingValue" xlink:label="us-gaap_CashAndCashEquivalentsAtCarryingValue" xlink:title="CashAndCashEquivalentsAtCarryingValue" />
    <link:calculationArc xlink:type="arc" xlink:arcrole="http://www.xbrl.org/2003/arcrole/summation-item" xlink:from="us-gaap_AssetsCurrent" xlink:to="us-gaap_CashAndCashEquivalentsAtCarryingValue" xlink:title="calculation: us-gaap_AssetsCurrent to us-gaap_CashAndCashEquivalentsAtCarryingValue" order="1.0" weight="1" />
    <link:loc xlink:type="locator" xlink:href="http://xbrl.fasb.org/us-gaap/2011/elts/us-gaap-2011-01-31.xsd#us-gaap_RestrictedCashAndCashEquivalentsAtCarryingValue" xlink:label="us-gaap_RestrictedCashAndCashEquivalentsAtCarryingValue" xlink:title="RestrictedCashAndCashEquivalentsAtCarryingValue" />
    <link:calculationArc xlink:type="arc" xlink:arcrole="http://www.xbrl.org/2003/arcrole/summation-item" xlink:from="us-gaap_AssetsCurrent" xlink:to="us-gaap_RestrictedCashAndCashEquivalentsAtCarryingValue" xlink:title="calculation: us-gaap_AssetsCurrent to us-gaap_RestrictedCashAndCashEquivalentsAtCarryingValue" order="2.0" weight="1" />
    <link:loc xlink:type="locator" xlink:href="http://xbrl.fasb.org/us-gaap/2011/elts/us-gaap-2011-01-31.xsd#us-gaap_OilAndGasJointInterestBillingReceivablesCurrent" xlink:label="us-gaap_OilAndGasJointInterestBillingReceivablesCurrent" xlink:title="OilAndGasJointInterestBillingReceivablesCurrent" />
    <link:calculationArc xlink:type="arc" xlink:arcrole="http://www.xbrl.org/2003/arcrole/summation-item" xlink:from="us-gaap_AssetsCurrent" xlink:to="us-gaap_OilAndGasJointInterestBillingReceivablesCurrent" xlink:title="calculation: us-gaap_AssetsCurrent to us-gaap_OilAndGasJointInterestBillingReceivablesCurrent" order="3.0" weight="1" />
    <link:loc xlink:type="locator" xlink:href="http://xbrl.fasb.org/us-gaap/2011/elts/us-gaap-2011-01-31.xsd#us-gaap_AccountsReceivableNetCurrent" xlink:label="us-gaap_AccountsReceivableNetCurrent" xlink:title="AccountsReceivableNetCurrent" />
    <link:calculationArc xlink:type="arc" xlink:arcrole="http://www.xbrl.org/2003/arcrole/summation-item" xlink:from="us-gaap_AssetsCurrent" xlink:to="us-gaap_AccountsReceivableNetCurrent" xlink:title="calculation: us-gaap_AssetsCurrent to us-gaap_AccountsReceivableNetCurrent" order="4.0" weight="1" />
    <link:loc xlink:type="locator" xlink:href="http://xbrl.fasb.org/us-gaap/2011/elts/us-gaap-2011-01-31.xsd#us-gaap_NotesAndLoansReceivableNetCurrent" xlink:label="us-gaap_NotesAndLoansReceivableNetCurrent" xlink:title="NotesAndLoansReceivableNetCurrent" />
    <link:calculationArc xlink:type="arc" xlink:arcrole="http://www.xbrl.org/2003/arcrole/summation-item" xlink:from="us-gaap_AssetsCurrent" xlink:to="us-gaap_NotesAndLoansReceivableNetCurrent" xlink:title="calculation: us-gaap_AssetsCurrent to us-gaap_NotesAndLoansReceivableNetCurrent" order="5.0" weight="1" />
    <link:loc xlink:type="locator" xlink:href="http://xbrl.fasb.org/us-gaap/2011/elts/us-gaap-2011-01-31.xsd#us-gaap_OtherReceivablesNetCurrent" xlink:label="us-gaap_OtherReceivablesNetCurrent" xlink:title="OtherReceivablesNetCurrent" />
    <link:calculationArc xlink:type="arc" xlink:arcrole="http://www.xbrl.org/2003/arcrole/summation-item" xlink:from="us-gaap_AssetsCurrent" xlink:to="us-gaap_OtherReceivablesNetCurrent" xlink:title="calculation: us-gaap_AssetsCurrent to us-gaap_OtherReceivablesNetCurrent" order="6.0" weight="1" />
    <link:loc xlink:type="locator" xlink:href="http://xbrl.fasb.org/us-gaap/2011/elts/us-gaap-2011-01-31.xsd#us-gaap_InventoryNet" xlink:label="us-gaap_InventoryNet" xlink:title="InventoryNet" />
    <link:calculationArc xlink:type="arc" xlink:arcrole="http://www.xbrl.org/2003/arcrole/summation-item" xlink:from="us-gaap_AssetsCurrent" xlink:to="us-gaap_InventoryNet" xlink:title="calculation: us-gaap_AssetsCurrent to us-gaap_InventoryNet" order="7.0" weight="1" />
    <link:loc xlink:type="locator" xlink:href="http://xbrl.fasb.org/us-gaap/2011/elts/us-gaap-2011-01-31.xsd#us-gaap_PrepaidExpenseAndOtherAssetsCurrent" xlink:label="us-gaap_PrepaidExpenseAndOtherAssetsCurrent" xlink:title="PrepaidExpenseAndOtherAssetsCurrent" />
    <link:calculationArc xlink:type="arc" xlink:arcrole="http://www.xbrl.org/2003/arcrole/summation-item" xlink:from="us-gaap_AssetsCurrent" xlink:to="us-gaap_PrepaidExpenseAndOtherAssetsCurrent" xlink:title="calculation: us-gaap_AssetsCurrent to us-gaap_PrepaidExpenseAndOtherAssetsCurrent" order="8.0" weight="1" />
    <link:loc xlink:type="locator" xlink:href="http://xbrl.fasb.org/us-gaap/2011/elts/us-gaap-2011-01-31.xsd#us-gaap_DeferredTaxAssetsNetCurrent" xlink:label="us-gaap_DeferredTaxAssetsNetCurrent" xlink:title="DeferredTaxAssetsNetCurrent" />
    <link:calculationArc xlink:type="arc" xlink:arcrole="http://www.xbrl.org/2003/arcrole/summation-item" xlink:from="us-gaap_AssetsCurrent" xlink:to="us-gaap_DeferredTaxAssetsNetCurrent" xlink:title="calculation: us-gaap_AssetsCurrent to us-gaap_DeferredTaxAssetsNetCurrent" order="9.0" weight="1" />
    <link:loc xlink:type="locator" xlink:href="http://xbrl.fasb.org/us-gaap/2011/elts/us-gaap-2011-01-31.xsd#us-gaap_PropertyPlantAndEquipmentNet" xlink:label="us-gaap_PropertyPlantAndEquipmentNet" xlink:title="PropertyPlantAndEquipmentNet" />
    <link:calculationArc xlink:type="arc" xlink:arcrole="http://www.xbrl.org/2003/arcrole/summation-item" xlink:from="us-gaap_Assets" xlink:to="us-gaap_PropertyPlantAndEquipmentNet" xlink:title="calculation: us-gaap_Assets to us-gaap_PropertyPlantAndEquipmentNet" order="2.0" weight="1" />
    <link:loc xlink:type="locator" xlink:href="http://xbrl.fasb.org/us-gaap/2011/elts/us-gaap-2011-01-31.xsd#us-gaap_OilAndGasPropertySuccessfulEffortMethodNet" xlink:label="us-gaap_OilAndGasPropertySuccessfulEffortMethodNet" xlink:title="OilAndGasPropertySuccessfulEffortMethodNet" />
    <link:calculationArc xlink:type="arc" xlink:arcrole="http://www.xbrl.org/2003/arcrole/summation-item" xlink:from="us-gaap_PropertyPlantAndEquipmentNet" xlink:to="us-gaap_OilAndGasPropertySuccessfulEffortMethodNet" xlink:title="calculation: us-gaap_PropertyPlantAndEquipmentNet to us-gaap_OilAndGasPropertySuccessfulEffortMethodNet" order="1.0" weight="1" />
    <link:loc xlink:type="locator" xlink:href="http://xbrl.fasb.org/us-gaap/2011/elts/us-gaap-2011-01-31.xsd#us-gaap_PropertyPlantAndEquipmentOtherNet" xlink:label="us-gaap_PropertyPlantAndEquipmentOtherNet" xlink:title="PropertyPlantAndEquipmentOtherNet" />
    <link:calculationArc xlink:type="arc" xlink:arcrole="http://www.xbrl.org/2003/arcrole/summation-item" xlink:from="us-gaap_PropertyPlantAndEquipmentNet" xlink:to="us-gaap_PropertyPlantAndEquipmentOtherNet" xlink:title="calculation: us-gaap_PropertyPlantAndEquipmentNet to us-gaap_PropertyPlantAndEquipmentOtherNet" order="2.0" weight="1" />
    <link:loc xlink:type="locator" xlink:href="http://xbrl.fasb.org/us-gaap/2011/elts/us-gaap-2011-01-31.xsd#us-gaap_RestrictedCashAndCashEquivalentsNoncurrent" xlink:label="us-gaap_RestrictedCashAndCashEquivalentsNoncurrent" xlink:title="RestrictedCashAndCashEquivalentsNoncurrent" />
    <link:calculationArc xlink:type="arc" xlink:arcrole="http://www.xbrl.org/2003/arcrole/summation-item" xlink:from="us-gaap_Assets" xlink:to="us-gaap_RestrictedCashAndCashEquivalentsNoncurrent" xlink:title="calculation: us-gaap_Assets to us-gaap_RestrictedCashAndCashEquivalentsNoncurrent" order="3.0" weight="1" />
    <link:loc xlink:type="locator" xlink:href="http://xbrl.fasb.org/us-gaap/2011/elts/us-gaap-2011-01-31.xsd#us-gaap_OilAndGasJointInterestBillingReceivablesNoncurrent" xlink:label="us-gaap_OilAndGasJointInterestBillingReceivablesNoncurrent" xlink:title="OilAndGasJointInterestBillingReceivablesNoncurrent" />
    <link:calculationArc xlink:type="arc" xlink:arcrole="http://www.xbrl.org/2003/arcrole/summation-item" xlink:from="us-gaap_Assets" xlink:to="us-gaap_OilAndGasJointInterestBillingReceivablesNoncurrent" xlink:title="calculation: us-gaap_Assets to us-gaap_OilAndGasJointInterestBillingReceivablesNoncurrent" order="4.0" weight="1" />
    <link:loc xlink:type="locator" xlink:href="http://xbrl.fasb.org/us-gaap/2011/elts/us-gaap-2011-01-31.xsd#us-gaap_DeferredFinanceCostsNoncurrentNet" xlink:label="us-gaap_DeferredFinanceCostsNoncurrentNet" xlink:title="DeferredFinanceCostsNoncurrentNet" />
    <link:calculationArc xlink:type="arc" xlink:arcrole="http://www.xbrl.org/2003/arcrole/summation-item" xlink:from="us-gaap_Assets" xlink:to="us-gaap_DeferredFinanceCostsNoncurrentNet" xlink:title="calculation: us-gaap_Assets to us-gaap_DeferredFinanceCostsNoncurrentNet" order="5.0" weight="1" />
    <link:loc xlink:type="locator" xlink:href="http://xbrl.fasb.org/us-gaap/2011/elts/us-gaap-2011-01-31.xsd#us-gaap_DeferredTaxAssetsNetNoncurrent" xlink:label="us-gaap_DeferredTaxAssetsNetNoncurrent" xlink:title="DeferredTaxAssetsNetNoncurrent" />
    <link:calculationArc xlink:type="arc" xlink:arcrole="http://www.xbrl.org/2003/arcrole/summation-item" xlink:from="us-gaap_Assets" xlink:to="us-gaap_DeferredTaxAssetsNetNoncurrent" xlink:title="calculation: us-gaap_Assets to us-gaap_DeferredTaxAssetsNetNoncurrent" order="6.0" weight="1" />
    <link:loc xlink:type="locator" xlink:href="http://xbrl.fasb.org/us-gaap/2011/elts/us-gaap-2011-01-31.xsd#us-gaap_DerivativeAssetsNoncurrent" xlink:label="us-gaap_DerivativeAssetsNoncurrent" xlink:title="DerivativeAssetsNoncurrent" />
    <link:calculationArc xlink:type="arc" xlink:arcrole="http://www.xbrl.org/2003/arcrole/summation-item" xlink:from="us-gaap_Assets" xlink:to="us-gaap_DerivativeAssetsNoncurrent" xlink:title="calculation: us-gaap_Assets to us-gaap_DerivativeAssetsNoncurrent" order="7.0" weight="1" />
    <link:loc xlink:type="locator" xlink:href="http://xbrl.fasb.org/us-gaap/2011/elts/us-gaap-2011-01-31.xsd#us-gaap_LiabilitiesAndStockholdersEquity" xlink:label="us-gaap_LiabilitiesAndStockholdersEquity" xlink:title="LiabilitiesAndStockholdersEquity" />
    <link:loc xlink:type="locator" xlink:href="http://xbrl.fasb.org/us-gaap/2011/elts/us-gaap-2011-01-31.xsd#us-gaap_LiabilitiesCurrent" xlink:label="us-gaap_LiabilitiesCurrent" xlink:title="LiabilitiesCurrent" />
    <link:calculationArc xlink:type="arc" xlink:arcrole="http://www.xbrl.org/2003/arcrole/summation-item" xlink:from="us-gaap_LiabilitiesAndStockholdersEquity" xlink:to="us-gaap_LiabilitiesCurrent" xlink:title="calculation: us-gaap_LiabilitiesAndStockholdersEquity to us-gaap_LiabilitiesCurrent" order="1.0" weight="1" />
    <link:loc xlink:type="locator" xlink:href="http://xbrl.fasb.org/us-gaap/2011/elts/us-gaap-2011-01-31.xsd#us-gaap_LongTermDebtCurrent" xlink:label="us-gaap_LongTermDebtCurrent" xlink:title="LongTermDebtCurrent" />
    <link:calculationArc xlink:type="arc" xlink:arcrole="http://www.xbrl.org/2003/arcrole/summation-item" xlink:from="us-gaap_LiabilitiesCurrent" xlink:to="us-gaap_LongTermDebtCurrent" xlink:title="calculation: us-gaap_LiabilitiesCurrent to us-gaap_LongTermDebtCurrent" order="1.0" weight="1" />
    <link:loc xlink:type="locator" xlink:href="http://xbrl.fasb.org/us-gaap/2011/elts/us-gaap-2011-01-31.xsd#us-gaap_AccountsPayableCurrent" xlink:label="us-gaap_AccountsPayableCurrent" xlink:title="AccountsPayableCurrent" />
    <link:calculationArc xlink:type="arc" xlink:arcrole="http://www.xbrl.org/2003/arcrole/summation-item" xlink:from="us-gaap_LiabilitiesCurrent" xlink:to="us-gaap_AccountsPayableCurrent" xlink:title="calculation: us-gaap_LiabilitiesCurrent to us-gaap_AccountsPayableCurrent" order="2.0" weight="1" />
    <link:loc xlink:type="locator" xlink:href="http://xbrl.fasb.org/us-gaap/2011/elts/us-gaap-2011-01-31.xsd#us-gaap_AccruedLiabilitiesCurrent" xlink:label="us-gaap_AccruedLiabilitiesCurrent" xlink:title="AccruedLiabilitiesCurrent" />
    <link:calculationArc xlink:type="arc" xlink:arcrole="http://www.xbrl.org/2003/arcrole/summation-item" xlink:from="us-gaap_LiabilitiesCurrent" xlink:to="us-gaap_AccruedLiabilitiesCurrent" xlink:title="calculation: us-gaap_LiabilitiesCurrent to us-gaap_AccruedLiabilitiesCurrent" order="3.0" weight="1" />
    <link:loc xlink:type="locator" xlink:href="http://xbrl.fasb.org/us-gaap/2011/elts/us-gaap-2011-01-31.xsd#us-gaap_DerivativeLiabilitiesCurrent" xlink:label="us-gaap_DerivativeLiabilitiesCurrent" xlink:title="DerivativeLiabilitiesCurrent" />
    <link:calculationArc xlink:type="arc" xlink:arcrole="http://www.xbrl.org/2003/arcrole/summation-item" xlink:from="us-gaap_LiabilitiesCurrent" xlink:to="us-gaap_DerivativeLiabilitiesCurrent" xlink:title="calculation: us-gaap_LiabilitiesCurrent to us-gaap_DerivativeLiabilitiesCurrent" order="4.0" weight="1" />
    <link:loc xlink:type="locator" xlink:href="http://xbrl.fasb.org/us-gaap/2011/elts/us-gaap-2011-01-31.xsd#us-gaap_LiabilitiesNoncurrent" xlink:label="us-gaap_LiabilitiesNoncurrent" xlink:title="LiabilitiesNoncurrent" />
    <link:calculationArc xlink:type="arc" xlink:arcrole="http://www.xbrl.org/2003/arcrole/summation-item" xlink:from="us-gaap_LiabilitiesAndStockholdersEquity" xlink:to="us-gaap_LiabilitiesNoncurrent" xlink:title="calculation: us-gaap_LiabilitiesAndStockholdersEquity to us-gaap_LiabilitiesNoncurrent" order="2.0" weight="1" />
    <link:loc xlink:type="locator" xlink:href="http://xbrl.fasb.org/us-gaap/2011/elts/us-gaap-2011-01-31.xsd#us-gaap_LongTermDebtNoncurrent" xlink:label="us-gaap_LongTermDebtNoncurrent" xlink:title="LongTermDebtNoncurrent" />
    <link:calculationArc xlink:type="arc" xlink:arcrole="http://www.xbrl.org/2003/arcrole/summation-item" xlink:from="us-gaap_LiabilitiesNoncurrent" xlink:to="us-gaap_LongTermDebtNoncurrent" xlink:title="calculation: us-gaap_LiabilitiesNoncurrent to us-gaap_LongTermDebtNoncurrent" order="1.0" weight="1" />
    <link:loc xlink:type="locator" xlink:href="http://xbrl.fasb.org/us-gaap/2011/elts/us-gaap-2011-01-31.xsd#us-gaap_DerivativeLiabilitiesNoncurrent" xlink:label="us-gaap_DerivativeLiabilitiesNoncurrent" xlink:title="DerivativeLiabilitiesNoncurrent" />
    <link:calculationArc xlink:type="arc" xlink:arcrole="http://www.xbrl.org/2003/arcrole/summation-item" xlink:from="us-gaap_LiabilitiesNoncurrent" xlink:to="us-gaap_DerivativeLiabilitiesNoncurrent" xlink:title="calculation: us-gaap_LiabilitiesNoncurrent to us-gaap_DerivativeLiabilitiesNoncurrent" order="2.0" weight="1" />
    <link:loc xlink:type="locator" xlink:href="http://xbrl.fasb.org/us-gaap/2011/elts/us-gaap-2011-01-31.xsd#us-gaap_AssetRetirementObligationsNoncurrent" xlink:label="us-gaap_AssetRetirementObligationsNoncurrent" xlink:title="AssetRetirementObligationsNoncurrent" />
    <link:calculationArc xlink:type="arc" xlink:arcrole="http://www.xbrl.org/2003/arcrole/summation-item" xlink:from="us-gaap_LiabilitiesNoncurrent" xlink:to="us-gaap_AssetRetirementObligationsNoncurrent" xlink:title="calculation: us-gaap_LiabilitiesNoncurrent to us-gaap_AssetRetirementObligationsNoncurrent" order="3.0" weight="1" />
    <link:loc xlink:type="locator" xlink:href="http://xbrl.fasb.org/us-gaap/2011/elts/us-gaap-2011-01-31.xsd#us-gaap_DeferredTaxLiabilitiesNoncurrent" xlink:label="us-gaap_DeferredTaxLiabilitiesNoncurrent" xlink:title="DeferredTaxLiabilitiesNoncurrent" />
    <link:calculationArc xlink:type="arc" xlink:arcrole="http://www.xbrl.org/2003/arcrole/summation-item" xlink:from="us-gaap_LiabilitiesNoncurrent" xlink:to="us-gaap_DeferredTaxLiabilitiesNoncurrent" xlink:title="calculation: us-gaap_LiabilitiesNoncurrent to us-gaap_DeferredTaxLiabilitiesNoncurrent" order="4.0" weight="1" />
    <link:loc xlink:type="locator" xlink:href="http://xbrl.fasb.org/us-gaap/2011/elts/us-gaap-2011-01-31.xsd#us-gaap_OtherLiabilitiesNoncurrent" xlink:label="us-gaap_OtherLiabilitiesNoncurrent" xlink:title="OtherLiabilitiesNoncurrent" />
    <link:calculationArc xlink:type="arc" xlink:arcrole="http://www.xbrl.org/2003/arcrole/summation-item" xlink:from="us-gaap_LiabilitiesNoncurrent" xlink:to="us-gaap_OtherLiabilitiesNoncurrent" xlink:title="calculation: us-gaap_LiabilitiesNoncurrent to us-gaap_OtherLiabilitiesNoncurrent" order="5.0" weight="1" />
    <link:loc xlink:type="locator" xlink:href="http://xbrl.fasb.org/us-gaap/2011/elts/us-gaap-2011-01-31.xsd#us-gaap_TemporaryEquityCarryingAmount" xlink:label="us-gaap_TemporaryEquityCarryingAmount" xlink:title="TemporaryEquityCarryingAmount" />
    <link:calculationArc xlink:type="arc" xlink:arcrole="http://www.xbrl.org/2003/arcrole/summation-item" xlink:from="us-gaap_LiabilitiesAndStockholdersEquity" xlink:to="us-gaap_TemporaryEquityCarryingAmount" xlink:title="calculation: us-gaap_LiabilitiesAndStockholdersEquity to us-gaap_TemporaryEquityCarryingAmount" order="3.0" weight="1" />
    <link:loc xlink:type="locator" xlink:href="http://xbrl.fasb.org/us-gaap/2011/elts/us-gaap-2011-01-31.xsd#us-gaap_StockholdersEquity" xlink:label="us-gaap_StockholdersEquity" xlink:title="StockholdersEquity" />
    <link:calculationArc xlink:type="arc" xlink:arcrole="http://www.xbrl.org/2003/arcrole/summation-item" xlink:from="us-gaap_LiabilitiesAndStockholdersEquity" xlink:to="us-gaap_StockholdersEquity" xlink:title="calculation: us-gaap_LiabilitiesAndStockholdersEquity to us-gaap_StockholdersEquity" order="4.0" weight="1" />
    <link:loc xlink:type="locator" xlink:href="http://xbrl.fasb.org/us-gaap/2011/elts/us-gaap-2011-01-31.xsd#us-gaap_PreferredStockValue" xlink:label="us-gaap_PreferredStockValue" xlink:title="PreferredStockValue" />
    <link:calculationArc xlink:type="arc" xlink:arcrole="http://www.xbrl.org/2003/arcrole/summation-item" xlink:from="us-gaap_StockholdersEquity" xlink:to="us-gaap_PreferredStockValue" xlink:title="calculation: us-gaap_StockholdersEquity to us-gaap_PreferredStockValue" order="1.0" weight="1" />
    <link:loc xlink:type="locator" xlink:href="http://xbrl.fasb.org/us-gaap/2011/elts/us-gaap-2011-01-31.xsd#us-gaap_CommonStockValue" xlink:label="us-gaap_CommonStockValue" xlink:title="CommonStockValue" />
    <link:calculationArc xlink:type="arc" xlink:arcrole="http://www.xbrl.org/2003/arcrole/summation-item" xlink:from="us-gaap_StockholdersEquity" xlink:to="us-gaap_CommonStockValue" xlink:title="calculation: us-gaap_StockholdersEquity to us-gaap_CommonStockValue" order="2.0" weight="1" />
    <link:loc xlink:type="locator" xlink:href="kos-20111231.xsd#kos_CommonUnits" xlink:label="kos_CommonUnits" xlink:title="CommonUnits" />
    <link:calculationArc xlink:type="arc" xlink:arcrole="http://www.xbrl.org/2003/arcrole/summation-item" xlink:from="us-gaap_StockholdersEquity" xlink:to="kos_CommonUnits" xlink:title="calculation: us-gaap_StockholdersEquity to kos_CommonUnits" order="3.0" weight="1" />
    <link:loc xlink:type="locator" xlink:href="http://xbrl.fasb.org/us-gaap/2011/elts/us-gaap-2011-01-31.xsd#us-gaap_AdditionalPaidInCapitalCommonStock" xlink:label="us-gaap_AdditionalPaidInCapitalCommonStock" xlink:title="AdditionalPaidInCapitalCommonStock" />
    <link:calculationArc xlink:type="arc" xlink:arcrole="http://www.xbrl.org/2003/arcrole/summation-item" xlink:from="us-gaap_StockholdersEquity" xlink:to="us-gaap_AdditionalPaidInCapitalCommonStock" xlink:title="calculation: us-gaap_StockholdersEquity to us-gaap_AdditionalPaidInCapitalCommonStock" order="4.0" weight="1" />
    <link:loc xlink:type="locator" xlink:href="http://xbrl.fasb.org/us-gaap/2011/elts/us-gaap-2011-01-31.xsd#us-gaap_RetainedEarningsAccumulatedDeficit" xlink:label="us-gaap_RetainedEarningsAccumulatedDeficit" xlink:title="RetainedEarningsAccumulatedDeficit" />
    <link:calculationArc xlink:type="arc" xlink:arcrole="http://www.xbrl.org/2003/arcrole/summation-item" xlink:from="us-gaap_StockholdersEquity" xlink:to="us-gaap_RetainedEarningsAccumulatedDeficit" xlink:title="calculation: us-gaap_StockholdersEquity to us-gaap_RetainedEarningsAccumulatedDeficit" order="5.0" weight="1" />
    <link:loc xlink:type="locator" xlink:href="http://xbrl.fasb.org/us-gaap/2011/elts/us-gaap-2011-01-31.xsd#us-gaap_AccumulatedOtherComprehensiveIncomeLossCumulativeChangesInNetGainLossFromCashFlowHedgesEffectNetOfTax" xlink:label="us-gaap_AccumulatedOtherComprehensiveIncomeLossCumulativeChangesInNetGainLossFromCashFlowHedgesEffectNetOfTax" xlink:title="AccumulatedOtherComprehensiveIncomeLossCumulativeChangesInNetGainLossFromCashFlowHedgesEffectNetOfTax" />
    <link:calculationArc xlink:type="arc" xlink:arcrole="http://www.xbrl.org/2003/arcrole/summation-item" xlink:from="us-gaap_StockholdersEquity" xlink:to="us-gaap_AccumulatedOtherComprehensiveIncomeLossCumulativeChangesInNetGainLossFromCashFlowHedgesEffectNetOfTax" xlink:title="calculation: us-gaap_StockholdersEquity to us-gaap_AccumulatedOtherComprehensiveIncomeLossCumulativeChangesInNetGainLossFromCashFlowHedgesEffectNetOfTax" order="6.0" weight="1" />
    <link:loc xlink:type="locator" xlink:href="http://xbrl.fasb.org/us-gaap/2011/elts/us-gaap-2011-01-31.xsd#us-gaap_TreasuryStockValue" xlink:label="us-gaap_TreasuryStockValue" xlink:title="TreasuryStockValue" />
    <link:calculationArc xlink:type="arc" xlink:arcrole="http://www.xbrl.org/2003/arcrole/summation-item" xlink:from="us-gaap_StockholdersEquity" xlink:to="us-gaap_TreasuryStockValue" xlink:title="calculation: us-gaap_StockholdersEquity to us-gaap_TreasuryStockValue" order="7.0" weight="-1" />
  </link:calculationLink>
  <link:calculationLink xlink:type="extended" xlink:role="http://www.kosmosenergy.com/role/StatementOfIncome">
    <link:loc xlink:type="locator" xlink:href="http://xbrl.fasb.org/us-gaap/2011/elts/us-gaap-2011-01-31.xsd#us-gaap_NetIncomeLossAvailableToCommonStockholdersBasic" xlink:label="us-gaap_NetIncomeLossAvailableToCommonStockholdersBasic" xlink:title="NetIncomeLossAvailableToCommonStockholdersBasic" />
    <link:loc xlink:type="locator" xlink:href="http://xbrl.fasb.org/us-gaap/2011/elts/us-gaap-2011-01-31.xsd#us-gaap_NetIncomeLoss" xlink:label="us-gaap_NetIncomeLoss" xlink:title="NetIncomeLoss" />
    <link:calculationArc xlink:type="arc" xlink:arcrole="http://www.xbrl.org/2003/arcrole/summation-item" xlink:from="us-gaap_NetIncomeLossAvailableToCommonStockholdersBasic" xlink:to="us-gaap_NetIncomeLoss" xlink:title="calculation: us-gaap_NetIncomeLossAvailableToCommonStockholdersBasic to us-gaap_NetIncomeLoss" order="1.0" weight="1" />
    <link:loc xlink:type="locator" xlink:href="http://xbrl.fasb.org/us-gaap/2011/elts/us-gaap-2011-01-31.xsd#us-gaap_IncomeLossFromContinuingOperationsBeforeIncomeTaxesMinorityInterestAndIncomeLossFromEquityMethodInvestments" xlink:label="us-gaap_IncomeLossFromContinuingOperationsBeforeIncomeTaxesMinorityInterestAndIncomeLossFromEquityMethodInvestments" xlink:title="IncomeLossFromContinuingOperationsBeforeIncomeTaxesMinorityInterestAndIncomeLossFromEquityMethodInvestments" />
    <link:calculationArc xlink:type="arc" xlink:arcrole="http://www.xbrl.org/2003/arcrole/summation-item" xlink:from="us-gaap_NetIncomeLoss" xlink:to="us-gaap_IncomeLossFromContinuingOperationsBeforeIncomeTaxesMinorityInterestAndIncomeLossFromEquityMethodInvestments" xlink:title="calculation: us-gaap_NetIncomeLoss to us-gaap_IncomeLossFromContinuingOperationsBeforeIncomeTaxesMinorityInterestAndIncomeLossFromEquityMethodInvestments" order="1.0" weight="1" />
    <link:loc xlink:type="locator" xlink:href="http://xbrl.fasb.org/us-gaap/2011/elts/us-gaap-2011-01-31.xsd#us-gaap_Revenues" xlink:label="us-gaap_Revenues" xlink:title="Revenues" />
    <link:calculationArc xlink:type="arc" xlink:arcrole="http://www.xbrl.org/2003/arcrole/summation-item" xlink:from="us-gaap_IncomeLossFromContinuingOperationsBeforeIncomeTaxesMinorityInterestAndIncomeLossFromEquityMethodInvestments" xlink:to="us-gaap_Revenues" xlink:title="calculation: us-gaap_IncomeLossFromContinuingOperationsBeforeIncomeTaxesMinorityInterestAndIncomeLossFromEquityMethodInvestments to us-gaap_Revenues" order="1.0" weight="1" />
    <link:loc xlink:type="locator" xlink:href="http://xbrl.fasb.org/us-gaap/2011/elts/us-gaap-2011-01-31.xsd#us-gaap_OilAndGasSalesRevenue" xlink:label="us-gaap_OilAndGasSalesRevenue" xlink:title="OilAndGasSalesRevenue" />
    <link:calculationArc xlink:type="arc" xlink:arcrole="http://www.xbrl.org/2003/arcrole/summation-item" xlink:from="us-gaap_Revenues" xlink:to="us-gaap_OilAndGasSalesRevenue" xlink:title="calculation: us-gaap_Revenues to us-gaap_OilAndGasSalesRevenue" order="1.0" weight="1" />
    <link:loc xlink:type="locator" xlink:href="http://xbrl.fasb.org/us-gaap/2011/elts/us-gaap-2011-01-31.xsd#us-gaap_OtherNonoperatingIncome" xlink:label="us-gaap_OtherNonoperatingIncome" xlink:title="OtherNonoperatingIncome" />
    <link:calculationArc xlink:type="arc" xlink:arcrole="http://www.xbrl.org/2003/arcrole/summation-item" xlink:from="us-gaap_Revenues" xlink:to="us-gaap_OtherNonoperatingIncome" xlink:title="calculation: us-gaap_Revenues to us-gaap_OtherNonoperatingIncome" order="2.0" weight="1" />
    <link:loc xlink:type="locator" xlink:href="http://xbrl.fasb.org/us-gaap/2011/elts/us-gaap-2011-01-31.xsd#us-gaap_OtherSalesRevenueNet" xlink:label="us-gaap_OtherSalesRevenueNet" xlink:title="OtherSalesRevenueNet" />
    <link:calculationArc xlink:type="arc" xlink:arcrole="http://www.xbrl.org/2003/arcrole/summation-item" xlink:from="us-gaap_Revenues" xlink:to="us-gaap_OtherSalesRevenueNet" xlink:title="calculation: us-gaap_Revenues to us-gaap_OtherSalesRevenueNet" order="3.0" weight="1" />
    <link:loc xlink:type="locator" xlink:href="http://xbrl.fasb.org/us-gaap/2011/elts/us-gaap-2011-01-31.xsd#us-gaap_CostsAndExpenses" xlink:label="us-gaap_CostsAndExpenses" xlink:title="CostsAndExpenses" />
    <link:calculationArc xlink:type="arc" xlink:arcrole="http://www.xbrl.org/2003/arcrole/summation-item" xlink:from="us-gaap_IncomeLossFromContinuingOperationsBeforeIncomeTaxesMinorityInterestAndIncomeLossFromEquityMethodInvestments" xlink:to="us-gaap_CostsAndExpenses" xlink:title="calculation: us-gaap_IncomeLossFromContinuingOperationsBeforeIncomeTaxesMinorityInterestAndIncomeLossFromEquityMethodInvestments to us-gaap_CostsAndExpenses" order="2.0" weight="-1" />
    <link:loc xlink:type="locator" xlink:href="http://xbrl.fasb.org/us-gaap/2011/elts/us-gaap-2011-01-31.xsd#us-gaap_OilAndGasProductionExpense" xlink:label="us-gaap_OilAndGasProductionExpense" xlink:title="OilAndGasProductionExpense" />
    <link:calculationArc xlink:type="arc" xlink:arcrole="http://www.xbrl.org/2003/arcrole/summation-item" xlink:from="us-gaap_CostsAndExpenses" xlink:to="us-gaap_OilAndGasProductionExpense" xlink:title="calculation: us-gaap_CostsAndExpenses to us-gaap_OilAndGasProductionExpense" order="1.0" weight="1" />
    <link:loc xlink:type="locator" xlink:href="http://xbrl.fasb.org/us-gaap/2011/elts/us-gaap-2011-01-31.xsd#us-gaap_ExplorationExpense" xlink:label="us-gaap_ExplorationExpense" xlink:title="ExplorationExpense" />
    <link:calculationArc xlink:type="arc" xlink:arcrole="http://www.xbrl.org/2003/arcrole/summation-item" xlink:from="us-gaap_CostsAndExpenses" xlink:to="us-gaap_ExplorationExpense" xlink:title="calculation: us-gaap_CostsAndExpenses to us-gaap_ExplorationExpense" order="2.0" weight="1" />
    <link:loc xlink:type="locator" xlink:href="http://xbrl.fasb.org/us-gaap/2011/elts/us-gaap-2011-01-31.xsd#us-gaap_GeneralAndAdministrativeExpense" xlink:label="us-gaap_GeneralAndAdministrativeExpense" xlink:title="GeneralAndAdministrativeExpense" />
    <link:calculationArc xlink:type="arc" xlink:arcrole="http://www.xbrl.org/2003/arcrole/summation-item" xlink:from="us-gaap_CostsAndExpenses" xlink:to="us-gaap_GeneralAndAdministrativeExpense" xlink:title="calculation: us-gaap_CostsAndExpenses to us-gaap_GeneralAndAdministrativeExpense" order="3.0" weight="1" />
    <link:loc xlink:type="locator" xlink:href="http://xbrl.fasb.org/us-gaap/2011/elts/us-gaap-2011-01-31.xsd#us-gaap_Depreciation" xlink:label="us-gaap_Depreciation" xlink:title="Depreciation" />
    <link:calculationArc xlink:type="arc" xlink:arcrole="http://www.xbrl.org/2003/arcrole/summation-item" xlink:from="us-gaap_CostsAndExpenses" xlink:to="us-gaap_Depreciation" xlink:title="calculation: us-gaap_CostsAndExpenses to us-gaap_Depreciation" order="4.0" weight="1" />
    <link:loc xlink:type="locator" xlink:href="http://xbrl.fasb.org/us-gaap/2011/elts/us-gaap-2011-01-31.xsd#us-gaap_AmortizationOfFinancingCosts" xlink:label="us-gaap_AmortizationOfFinancingCosts" xlink:title="AmortizationOfFinancingCosts" />
    <link:calculationArc xlink:type="arc" xlink:arcrole="http://www.xbrl.org/2003/arcrole/summation-item" xlink:from="us-gaap_CostsAndExpenses" xlink:to="us-gaap_AmortizationOfFinancingCosts" xlink:title="calculation: us-gaap_CostsAndExpenses to us-gaap_AmortizationOfFinancingCosts" order="5.0" weight="1" />
    <link:loc xlink:type="locator" xlink:href="http://xbrl.fasb.org/us-gaap/2011/elts/us-gaap-2011-01-31.xsd#us-gaap_InterestExpense" xlink:label="us-gaap_InterestExpense" xlink:title="InterestExpense" />
    <link:calculationArc xlink:type="arc" xlink:arcrole="http://www.xbrl.org/2003/arcrole/summation-item" xlink:from="us-gaap_CostsAndExpenses" xlink:to="us-gaap_InterestExpense" xlink:title="calculation: us-gaap_CostsAndExpenses to us-gaap_InterestExpense" order="6.0" weight="1" />
    <link:loc xlink:type="locator" xlink:href="http://xbrl.fasb.org/us-gaap/2011/elts/us-gaap-2011-01-31.xsd#us-gaap_GainLossOnDerivativeInstrumentsNetPretax" xlink:label="us-gaap_GainLossOnDerivativeInstrumentsNetPretax" xlink:title="GainLossOnDerivativeInstrumentsNetPretax" />
    <link:calculationArc xlink:type="arc" xlink:arcrole="http://www.xbrl.org/2003/arcrole/summation-item" xlink:from="us-gaap_CostsAndExpenses" xlink:to="us-gaap_GainLossOnDerivativeInstrumentsNetPretax" xlink:title="calculation: us-gaap_CostsAndExpenses to us-gaap_GainLossOnDerivativeInstrumentsNetPretax" order="7.0" weight="-1" />
    <link:loc xlink:type="locator" xlink:href="http://xbrl.fasb.org/us-gaap/2011/elts/us-gaap-2011-01-31.xsd#us-gaap_GainsLossesOnExtinguishmentOfDebt" xlink:label="us-gaap_GainsLossesOnExtinguishmentOfDebt" xlink:title="GainsLossesOnExtinguishmentOfDebt" />
    <link:calculationArc xlink:type="arc" xlink:arcrole="http://www.xbrl.org/2003/arcrole/summation-item" xlink:from="us-gaap_CostsAndExpenses" xlink:to="us-gaap_GainsLossesOnExtinguishmentOfDebt" xlink:title="calculation: us-gaap_CostsAndExpenses to us-gaap_GainsLossesOnExtinguishmentOfDebt" order="8.0" weight="-1" />
    <link:loc xlink:type="locator" xlink:href="http://xbrl.fasb.org/us-gaap/2011/elts/us-gaap-2011-01-31.xsd#us-gaap_ProvisionForDoubtfulAccounts" xlink:label="us-gaap_ProvisionForDoubtfulAccounts" xlink:title="ProvisionForDoubtfulAccounts" />
    <link:calculationArc xlink:type="arc" xlink:arcrole="http://www.xbrl.org/2003/arcrole/summation-item" xlink:from="us-gaap_CostsAndExpenses" xlink:to="us-gaap_ProvisionForDoubtfulAccounts" xlink:title="calculation: us-gaap_CostsAndExpenses to us-gaap_ProvisionForDoubtfulAccounts" order="9.0" weight="1" />
    <link:loc xlink:type="locator" xlink:href="http://xbrl.fasb.org/us-gaap/2011/elts/us-gaap-2011-01-31.xsd#us-gaap_NonoperatingIncomeExpense" xlink:label="us-gaap_NonoperatingIncomeExpense" xlink:title="NonoperatingIncomeExpense" />
    <link:calculationArc xlink:type="arc" xlink:arcrole="http://www.xbrl.org/2003/arcrole/summation-item" xlink:from="us-gaap_CostsAndExpenses" xlink:to="us-gaap_NonoperatingIncomeExpense" xlink:title="calculation: us-gaap_CostsAndExpenses to us-gaap_NonoperatingIncomeExpense" order="10.0" weight="-1" />
    <link:loc xlink:type="locator" xlink:href="http://xbrl.fasb.org/us-gaap/2011/elts/us-gaap-2011-01-31.xsd#us-gaap_IncomeTaxExpenseBenefit" xlink:label="us-gaap_IncomeTaxExpenseBenefit" xlink:title="IncomeTaxExpenseBenefit" />
    <link:calculationArc xlink:type="arc" xlink:arcrole="http://www.xbrl.org/2003/arcrole/summation-item" xlink:from="us-gaap_NetIncomeLoss" xlink:to="us-gaap_IncomeTaxExpenseBenefit" xlink:title="calculation: us-gaap_NetIncomeLoss to us-gaap_IncomeTaxExpenseBenefit" order="2.0" weight="-1" />
    <link:loc xlink:type="locator" xlink:href="http://xbrl.fasb.org/us-gaap/2011/elts/us-gaap-2011-01-31.xsd#us-gaap_OtherPreferredStockDividendsAndAdjustments" xlink:label="us-gaap_OtherPreferredStockDividendsAndAdjustments" xlink:title="OtherPreferredStockDividendsAndAdjustments" />
    <link:calculationArc xlink:type="arc" xlink:arcrole="http://www.xbrl.org/2003/arcrole/summation-item" xlink:from="us-gaap_NetIncomeLossAvailableToCommonStockholdersBasic" xlink:to="us-gaap_OtherPreferredStockDividendsAndAdjustments" xlink:title="calculation: us-gaap_NetIncomeLossAvailableToCommonStockholdersBasic to us-gaap_OtherPreferredStockDividendsAndAdjustments" order="2.0" weight="-1" />
  </link:calculationLink>
  <link:calculationLink xlink:type="extended" xlink:role="http://www.kosmosenergy.com/role/StatementOfUnitHoldingsEquity">
    <link:loc xlink:type="locator" xlink:href="http://xbrl.fasb.org/us-gaap/2011/elts/us-gaap-2011-01-31.xsd#us-gaap_StockholdersEquityPeriodIncreaseDecrease" xlink:label="us-gaap_StockholdersEquityPeriodIncreaseDecrease" xlink:title="StockholdersEquityPeriodIncreaseDecrease" />
    <link:loc xlink:type="locator" xlink:href="http://xbrl.fasb.org/us-gaap/2011/elts/us-gaap-2011-01-31.xsd#us-gaap_StockIssuedDuringPeriodValueShareBasedCompensationGross" xlink:label="us-gaap_StockIssuedDuringPeriodValueShareBasedCompensationGross" xlink:title="StockIssuedDuringPeriodValueShareBasedCompensationGross" />
    <link:calculationArc xlink:type="arc" xlink:arcrole="http://www.xbrl.org/2003/arcrole/summation-item" xlink:from="us-gaap_StockholdersEquityPeriodIncreaseDecrease" xlink:to="us-gaap_StockIssuedDuringPeriodValueShareBasedCompensationGross" xlink:title="calculation: us-gaap_StockholdersEquityPeriodIncreaseDecrease to us-gaap_StockIssuedDuringPeriodValueShareBasedCompensationGross" use="optional" order="1.0" weight="1" />
    <link:loc xlink:type="locator" xlink:href="http://xbrl.fasb.org/us-gaap/2011/elts/us-gaap-2011-01-31.xsd#us-gaap_StockIssuedDuringPeriodValueShareBasedCompensationForfeited" xlink:label="us-gaap_StockIssuedDuringPeriodValueShareBasedCompensationForfeited" xlink:title="StockIssuedDuringPeriodValueShareBasedCompensationForfeited" />
    <link:calculationArc xlink:type="arc" xlink:arcrole="http://www.xbrl.org/2003/arcrole/summation-item" xlink:from="us-gaap_StockholdersEquityPeriodIncreaseDecrease" xlink:to="us-gaap_StockIssuedDuringPeriodValueShareBasedCompensationForfeited" xlink:title="calculation: us-gaap_StockholdersEquityPeriodIncreaseDecrease to us-gaap_StockIssuedDuringPeriodValueShareBasedCompensationForfeited" use="optional" order="2.0" weight="-1" />
    <link:loc xlink:type="locator" xlink:href="http://xbrl.fasb.org/us-gaap/2011/elts/us-gaap-2011-01-31.xsd#us-gaap_StockIssuedDuringPeriodValueOther" xlink:label="us-gaap_StockIssuedDuringPeriodValueOther" xlink:title="StockIssuedDuringPeriodValueOther" />
    <link:calculationArc xlink:type="arc" xlink:arcrole="http://www.xbrl.org/2003/arcrole/summation-item" xlink:from="us-gaap_StockholdersEquityPeriodIncreaseDecrease" xlink:to="us-gaap_StockIssuedDuringPeriodValueOther" xlink:title="calculation: us-gaap_StockholdersEquityPeriodIncreaseDecrease to us-gaap_StockIssuedDuringPeriodValueOther" use="optional" order="3.0" weight="1" />
    <link:loc xlink:type="locator" xlink:href="kos-20111231.xsd#kos_AccreteOfPreferredUnitsToRedemption" xlink:label="kos_AccreteOfPreferredUnitsToRedemption" xlink:title="AccreteOfPreferredUnitsToRedemption" />
    <link:calculationArc xlink:type="arc" xlink:arcrole="http://www.xbrl.org/2003/arcrole/summation-item" xlink:from="us-gaap_StockholdersEquityPeriodIncreaseDecrease" xlink:to="kos_AccreteOfPreferredUnitsToRedemption" xlink:title="calculation: us-gaap_StockholdersEquityPeriodIncreaseDecrease to kos_AccreteOfPreferredUnitsToRedemption" use="optional" order="4.0" weight="1" />
    <link:loc xlink:type="locator" xlink:href="http://xbrl.fasb.org/us-gaap/2011/elts/us-gaap-2011-01-31.xsd#us-gaap_OtherPreferredStockDividendsAndAdjustments" xlink:label="us-gaap_OtherPreferredStockDividendsAndAdjustments" xlink:title="OtherPreferredStockDividendsAndAdjustments" />
    <link:calculationArc xlink:type="arc" xlink:arcrole="http://www.xbrl.org/2003/arcrole/summation-item" xlink:from="us-gaap_StockholdersEquityPeriodIncreaseDecrease" xlink:to="us-gaap_OtherPreferredStockDividendsAndAdjustments" xlink:title="calculation: us-gaap_StockholdersEquityPeriodIncreaseDecrease to us-gaap_OtherPreferredStockDividendsAndAdjustments" use="optional" order="5.0" weight="1" />
    <link:loc xlink:type="locator" xlink:href="http://xbrl.fasb.org/us-gaap/2011/elts/us-gaap-2011-01-31.xsd#us-gaap_StockIssuedDuringPeriodValueConversionOfUnits" xlink:label="us-gaap_StockIssuedDuringPeriodValueConversionOfUnits" xlink:title="StockIssuedDuringPeriodValueConversionOfUnits" />
    <link:calculationArc xlink:type="arc" xlink:arcrole="http://www.xbrl.org/2003/arcrole/summation-item" xlink:from="us-gaap_StockholdersEquityPeriodIncreaseDecrease" xlink:to="us-gaap_StockIssuedDuringPeriodValueConversionOfUnits" xlink:title="calculation: us-gaap_StockholdersEquityPeriodIncreaseDecrease to us-gaap_StockIssuedDuringPeriodValueConversionOfUnits" use="optional" order="6.0" weight="1" />
    <link:loc xlink:type="locator" xlink:href="http://xbrl.fasb.org/us-gaap/2011/elts/us-gaap-2011-01-31.xsd#us-gaap_StockIssuedDuringPeriodValueNewIssues" xlink:label="us-gaap_StockIssuedDuringPeriodValueNewIssues" xlink:title="StockIssuedDuringPeriodValueNewIssues" />
    <link:calculationArc xlink:type="arc" xlink:arcrole="http://www.xbrl.org/2003/arcrole/summation-item" xlink:from="us-gaap_StockholdersEquityPeriodIncreaseDecrease" xlink:to="us-gaap_StockIssuedDuringPeriodValueNewIssues" xlink:title="calculation: us-gaap_StockholdersEquityPeriodIncreaseDecrease to us-gaap_StockIssuedDuringPeriodValueNewIssues" use="optional" order="7.0" weight="1" />
    <link:loc xlink:type="locator" xlink:href="http://xbrl.fasb.org/us-gaap/2011/elts/us-gaap-2011-01-31.xsd#us-gaap_AdjustmentsToAdditionalPaidInCapitalSharebasedCompensationRequisiteServicePeriodRecognitionValue" xlink:label="us-gaap_AdjustmentsToAdditionalPaidInCapitalSharebasedCompensationRequisiteServicePeriodRecognitionValue" xlink:title="AdjustmentsToAdditionalPaidInCapitalSharebasedCompensationRequisiteServicePeriodRecognitionValue" />
    <link:calculationArc xlink:type="arc" xlink:arcrole="http://www.xbrl.org/2003/arcrole/summation-item" xlink:from="us-gaap_StockholdersEquityPeriodIncreaseDecrease" xlink:to="us-gaap_AdjustmentsToAdditionalPaidInCapitalSharebasedCompensationRequisiteServicePeriodRecognitionValue" xlink:title="calculation: us-gaap_StockholdersEquityPeriodIncreaseDecrease to us-gaap_AdjustmentsToAdditionalPaidInCapitalSharebasedCompensationRequisiteServicePeriodRecognitionValue" use="optional" order="8.0" weight="1" />
    <link:loc xlink:type="locator" xlink:href="http://xbrl.fasb.org/us-gaap/2011/elts/us-gaap-2011-01-31.xsd#us-gaap_OtherComprehensiveIncomeUnrealizedGainLossOnDerivativesArisingDuringPeriodNetOfTax" xlink:label="us-gaap_OtherComprehensiveIncomeUnrealizedGainLossOnDerivativesArisingDuringPeriodNetOfTax" xlink:title="OtherComprehensiveIncomeUnrealizedGainLossOnDerivativesArisingDuringPeriodNetOfTax" />
    <link:calculationArc xlink:type="arc" xlink:arcrole="http://www.xbrl.org/2003/arcrole/summation-item" xlink:from="us-gaap_StockholdersEquityPeriodIncreaseDecrease" xlink:to="us-gaap_OtherComprehensiveIncomeUnrealizedGainLossOnDerivativesArisingDuringPeriodNetOfTax" xlink:title="calculation: us-gaap_StockholdersEquityPeriodIncreaseDecrease to us-gaap_OtherComprehensiveIncomeUnrealizedGainLossOnDerivativesArisingDuringPeriodNetOfTax" use="optional" order="9.0" weight="1" />
    <link:loc xlink:type="locator" xlink:href="http://xbrl.fasb.org/us-gaap/2011/elts/us-gaap-2011-01-31.xsd#us-gaap_StockIssuedDuringPeriodValueRestrictedStockAwardNetOfForfeitures" xlink:label="us-gaap_StockIssuedDuringPeriodValueRestrictedStockAwardNetOfForfeitures" xlink:title="StockIssuedDuringPeriodValueRestrictedStockAwardNetOfForfeitures" />
    <link:calculationArc xlink:type="arc" xlink:arcrole="http://www.xbrl.org/2003/arcrole/summation-item" xlink:from="us-gaap_StockholdersEquityPeriodIncreaseDecrease" xlink:to="us-gaap_StockIssuedDuringPeriodValueRestrictedStockAwardNetOfForfeitures" xlink:title="calculation: us-gaap_StockholdersEquityPeriodIncreaseDecrease to us-gaap_StockIssuedDuringPeriodValueRestrictedStockAwardNetOfForfeitures" use="optional" order="10.0" weight="1" />
    <link:loc xlink:type="locator" xlink:href="http://xbrl.fasb.org/us-gaap/2011/elts/us-gaap-2011-01-31.xsd#us-gaap_StockIssuedDuringPeriodValueRestrictedStockAwardForfeitures" xlink:label="us-gaap_StockIssuedDuringPeriodValueRestrictedStockAwardForfeitures" xlink:title="StockIssuedDuringPeriodValueRestrictedStockAwardForfeitures" />
    <link:calculationArc xlink:type="arc" xlink:arcrole="http://www.xbrl.org/2003/arcrole/summation-item" xlink:from="us-gaap_StockholdersEquityPeriodIncreaseDecrease" xlink:to="us-gaap_StockIssuedDuringPeriodValueRestrictedStockAwardForfeitures" xlink:title="calculation: us-gaap_StockholdersEquityPeriodIncreaseDecrease to us-gaap_StockIssuedDuringPeriodValueRestrictedStockAwardForfeitures" use="optional" order="11.0" weight="-1" />
    <link:loc xlink:type="locator" xlink:href="http://xbrl.fasb.org/us-gaap/2011/elts/us-gaap-2011-01-31.xsd#us-gaap_NetIncomeLoss" xlink:label="us-gaap_NetIncomeLoss" xlink:title="NetIncomeLoss" />
    <link:calculationArc xlink:type="arc" xlink:arcrole="http://www.xbrl.org/2003/arcrole/summation-item" xlink:from="us-gaap_StockholdersEquityPeriodIncreaseDecrease" xlink:to="us-gaap_NetIncomeLoss" xlink:title="calculation: us-gaap_StockholdersEquityPeriodIncreaseDecrease to us-gaap_NetIncomeLoss" use="optional" order="12.0" weight="1" />
    <link:loc xlink:type="locator" xlink:href="http://xbrl.fasb.org/us-gaap/2011/elts/us-gaap-2011-01-31.xsd#us-gaap_StockIssuedDuringPeriodSharesPeriodIncreaseDecrease" xlink:label="us-gaap_StockIssuedDuringPeriodSharesPeriodIncreaseDecrease" xlink:title="StockIssuedDuringPeriodSharesPeriodIncreaseDecrease" />
    <link:loc xlink:type="locator" xlink:href="http://xbrl.fasb.org/us-gaap/2011/elts/us-gaap-2011-01-31.xsd#us-gaap_StockIssuedDuringPeriodSharesShareBasedCompensationGross" xlink:label="us-gaap_StockIssuedDuringPeriodSharesShareBasedCompensationGross" xlink:title="StockIssuedDuringPeriodSharesShareBasedCompensationGross" />
    <link:calculationArc xlink:type="arc" xlink:arcrole="http://www.xbrl.org/2003/arcrole/summation-item" xlink:from="us-gaap_StockIssuedDuringPeriodSharesPeriodIncreaseDecrease" xlink:to="us-gaap_StockIssuedDuringPeriodSharesShareBasedCompensationGross" xlink:title="calculation: us-gaap_StockIssuedDuringPeriodSharesPeriodIncreaseDecrease to us-gaap_StockIssuedDuringPeriodSharesShareBasedCompensationGross" use="optional" order="1.0" weight="1" />
    <link:loc xlink:type="locator" xlink:href="kos-20111231.xsd#kos_StockIssuedDuringPeriodSharesShareBasedCompensationForfeitedAndCancelled" xlink:label="kos_StockIssuedDuringPeriodSharesShareBasedCompensationForfeitedAndCancelled" xlink:title="StockIssuedDuringPeriodSharesShareBasedCompensationForfeitedAndCancelled" />
    <link:calculationArc xlink:type="arc" xlink:arcrole="http://www.xbrl.org/2003/arcrole/summation-item" xlink:from="us-gaap_StockIssuedDuringPeriodSharesPeriodIncreaseDecrease" xlink:to="kos_StockIssuedDuringPeriodSharesShareBasedCompensationForfeitedAndCancelled" xlink:title="calculation: us-gaap_StockIssuedDuringPeriodSharesPeriodIncreaseDecrease to kos_StockIssuedDuringPeriodSharesShareBasedCompensationForfeitedAndCancelled" use="optional" order="2.0" weight="1" />
    <link:loc xlink:type="locator" xlink:href="http://xbrl.fasb.org/us-gaap/2011/elts/us-gaap-2011-01-31.xsd#us-gaap_StockIssuedDuringPeriodSharesOther" xlink:label="us-gaap_StockIssuedDuringPeriodSharesOther" xlink:title="StockIssuedDuringPeriodSharesOther" />
    <link:calculationArc xlink:type="arc" xlink:arcrole="http://www.xbrl.org/2003/arcrole/summation-item" xlink:from="us-gaap_StockIssuedDuringPeriodSharesPeriodIncreaseDecrease" xlink:to="us-gaap_StockIssuedDuringPeriodSharesOther" xlink:title="calculation: us-gaap_StockIssuedDuringPeriodSharesPeriodIncreaseDecrease to us-gaap_StockIssuedDuringPeriodSharesOther" order="3.0" weight="1" />
    <link:loc xlink:type="locator" xlink:href="http://xbrl.fasb.org/us-gaap/2011/elts/us-gaap-2011-01-31.xsd#us-gaap_StockIssuedDuringPeriodSharesConversionOfUnits" xlink:label="us-gaap_StockIssuedDuringPeriodSharesConversionOfUnits" xlink:title="StockIssuedDuringPeriodSharesConversionOfUnits" />
    <link:calculationArc xlink:type="arc" xlink:arcrole="http://www.xbrl.org/2003/arcrole/summation-item" xlink:from="us-gaap_StockIssuedDuringPeriodSharesPeriodIncreaseDecrease" xlink:to="us-gaap_StockIssuedDuringPeriodSharesConversionOfUnits" xlink:title="calculation: us-gaap_StockIssuedDuringPeriodSharesPeriodIncreaseDecrease to us-gaap_StockIssuedDuringPeriodSharesConversionOfUnits" use="optional" order="4.0" weight="1" />
    <link:loc xlink:type="locator" xlink:href="http://xbrl.fasb.org/us-gaap/2011/elts/us-gaap-2011-01-31.xsd#us-gaap_StockIssuedDuringPeriodSharesNewIssues" xlink:label="us-gaap_StockIssuedDuringPeriodSharesNewIssues" xlink:title="StockIssuedDuringPeriodSharesNewIssues" />
    <link:calculationArc xlink:type="arc" xlink:arcrole="http://www.xbrl.org/2003/arcrole/summation-item" xlink:from="us-gaap_StockIssuedDuringPeriodSharesPeriodIncreaseDecrease" xlink:to="us-gaap_StockIssuedDuringPeriodSharesNewIssues" xlink:title="calculation: us-gaap_StockIssuedDuringPeriodSharesPeriodIncreaseDecrease to us-gaap_StockIssuedDuringPeriodSharesNewIssues" use="optional" order="5.0" weight="1" />
    <link:loc xlink:type="locator" xlink:href="http://xbrl.fasb.org/us-gaap/2011/elts/us-gaap-2011-01-31.xsd#us-gaap_StockIssuedDuringPeriodSharesRestrictedStockAwardNetOfForfeitures" xlink:label="us-gaap_StockIssuedDuringPeriodSharesRestrictedStockAwardNetOfForfeitures" xlink:title="StockIssuedDuringPeriodSharesRestrictedStockAwardNetOfForfeitures" />
    <link:calculationArc xlink:type="arc" xlink:arcrole="http://www.xbrl.org/2003/arcrole/summation-item" xlink:from="us-gaap_StockIssuedDuringPeriodSharesPeriodIncreaseDecrease" xlink:to="us-gaap_StockIssuedDuringPeriodSharesRestrictedStockAwardNetOfForfeitures" xlink:title="calculation: us-gaap_StockIssuedDuringPeriodSharesPeriodIncreaseDecrease to us-gaap_StockIssuedDuringPeriodSharesRestrictedStockAwardNetOfForfeitures" use="optional" order="6.0" weight="1" />
  </link:calculationLink>
  <link:calculationLink xlink:type="extended" xlink:role="http://www.kosmosenergy.com/role/CashFlows">
    <link:loc xlink:type="locator" xlink:href="http://xbrl.fasb.org/us-gaap/2011/elts/us-gaap-2011-01-31.xsd#us-gaap_NetCashProvidedByUsedInContinuingOperations" xlink:label="us-gaap_NetCashProvidedByUsedInContinuingOperations" xlink:title="NetCashProvidedByUsedInContinuingOperations" />
    <link:loc xlink:type="locator" xlink:href="http://xbrl.fasb.org/us-gaap/2011/elts/us-gaap-2011-01-31.xsd#us-gaap_NetCashProvidedByUsedInOperatingActivitiesContinuingOperations" xlink:label="us-gaap_NetCashProvidedByUsedInOperatingActivitiesContinuingOperations" xlink:title="NetCashProvidedByUsedInOperatingActivitiesContinuingOperations" />
    <link:calculationArc xlink:type="arc" xlink:arcrole="http://www.xbrl.org/2003/arcrole/summation-item" xlink:from="us-gaap_NetCashProvidedByUsedInContinuingOperations" xlink:to="us-gaap_NetCashProvidedByUsedInOperatingActivitiesContinuingOperations" xlink:title="calculation: us-gaap_NetCashProvidedByUsedInContinuingOperations to us-gaap_NetCashProvidedByUsedInOperatingActivitiesContinuingOperations" order="1.0" weight="1" />
    <link:loc xlink:type="locator" xlink:href="http://xbrl.fasb.org/us-gaap/2011/elts/us-gaap-2011-01-31.xsd#us-gaap_NetIncomeLoss" xlink:label="us-gaap_NetIncomeLoss" xlink:title="NetIncomeLoss" />
    <link:calculationArc xlink:type="arc" xlink:arcrole="http://www.xbrl.org/2003/arcrole/summation-item" xlink:from="us-gaap_NetCashProvidedByUsedInOperatingActivitiesContinuingOperations" xlink:to="us-gaap_NetIncomeLoss" xlink:title="calculation: us-gaap_NetCashProvidedByUsedInOperatingActivitiesContinuingOperations to us-gaap_NetIncomeLoss" order="1.0" weight="1" />
    <link:loc xlink:type="locator" xlink:href="http://xbrl.fasb.org/us-gaap/2011/elts/us-gaap-2011-01-31.xsd#us-gaap_DepreciationDepletionAndAmortization" xlink:label="us-gaap_DepreciationDepletionAndAmortization" xlink:title="DepreciationDepletionAndAmortization" />
    <link:calculationArc xlink:type="arc" xlink:arcrole="http://www.xbrl.org/2003/arcrole/summation-item" xlink:from="us-gaap_NetCashProvidedByUsedInOperatingActivitiesContinuingOperations" xlink:to="us-gaap_DepreciationDepletionAndAmortization" xlink:title="calculation: us-gaap_NetCashProvidedByUsedInOperatingActivitiesContinuingOperations to us-gaap_DepreciationDepletionAndAmortization" order="2.0" weight="1" />
    <link:loc xlink:type="locator" xlink:href="http://xbrl.fasb.org/us-gaap/2011/elts/us-gaap-2011-01-31.xsd#us-gaap_DeferredIncomeTaxExpenseBenefit" xlink:label="us-gaap_DeferredIncomeTaxExpenseBenefit" xlink:title="DeferredIncomeTaxExpenseBenefit" />
    <link:calculationArc xlink:type="arc" xlink:arcrole="http://www.xbrl.org/2003/arcrole/summation-item" xlink:from="us-gaap_NetCashProvidedByUsedInOperatingActivitiesContinuingOperations" xlink:to="us-gaap_DeferredIncomeTaxExpenseBenefit" xlink:title="calculation: us-gaap_NetCashProvidedByUsedInOperatingActivitiesContinuingOperations to us-gaap_DeferredIncomeTaxExpenseBenefit" order="3.0" weight="1" />
    <link:loc xlink:type="locator" xlink:href="http://xbrl.fasb.org/us-gaap/2011/elts/us-gaap-2011-01-31.xsd#us-gaap_CapitalizedExploratoryWellCostChargedToExpense" xlink:label="us-gaap_CapitalizedExploratoryWellCostChargedToExpense" xlink:title="CapitalizedExploratoryWellCostChargedToExpense" />
    <link:calculationArc xlink:type="arc" xlink:arcrole="http://www.xbrl.org/2003/arcrole/summation-item" xlink:from="us-gaap_NetCashProvidedByUsedInOperatingActivitiesContinuingOperations" xlink:to="us-gaap_CapitalizedExploratoryWellCostChargedToExpense" xlink:title="calculation: us-gaap_NetCashProvidedByUsedInOperatingActivitiesContinuingOperations to us-gaap_CapitalizedExploratoryWellCostChargedToExpense" order="4.0" weight="-1" />
    <link:loc xlink:type="locator" xlink:href="http://xbrl.fasb.org/us-gaap/2011/elts/us-gaap-2011-01-31.xsd#us-gaap_UnrealizedGainLossOnDerivatives" xlink:label="us-gaap_UnrealizedGainLossOnDerivatives" xlink:title="UnrealizedGainLossOnDerivatives" />
    <link:calculationArc xlink:type="arc" xlink:arcrole="http://www.xbrl.org/2003/arcrole/summation-item" xlink:from="us-gaap_NetCashProvidedByUsedInOperatingActivitiesContinuingOperations" xlink:to="us-gaap_UnrealizedGainLossOnDerivatives" xlink:title="calculation: us-gaap_NetCashProvidedByUsedInOperatingActivitiesContinuingOperations to us-gaap_UnrealizedGainLossOnDerivatives" order="5.0" weight="-1" />
    <link:loc xlink:type="locator" xlink:href="http://xbrl.fasb.org/us-gaap/2011/elts/us-gaap-2011-01-31.xsd#us-gaap_ShareBasedCompensation" xlink:label="us-gaap_ShareBasedCompensation" xlink:title="ShareBasedCompensation" />
    <link:calculationArc xlink:type="arc" xlink:arcrole="http://www.xbrl.org/2003/arcrole/summation-item" xlink:from="us-gaap_NetCashProvidedByUsedInOperatingActivitiesContinuingOperations" xlink:to="us-gaap_ShareBasedCompensation" xlink:title="calculation: us-gaap_NetCashProvidedByUsedInOperatingActivitiesContinuingOperations to us-gaap_ShareBasedCompensation" order="6.0" weight="1" />
    <link:loc xlink:type="locator" xlink:href="http://xbrl.fasb.org/us-gaap/2011/elts/us-gaap-2011-01-31.xsd#us-gaap_ProvisionForDoubtfulAccounts" xlink:label="us-gaap_ProvisionForDoubtfulAccounts" xlink:title="ProvisionForDoubtfulAccounts" />
    <link:calculationArc xlink:type="arc" xlink:arcrole="http://www.xbrl.org/2003/arcrole/summation-item" xlink:from="us-gaap_NetCashProvidedByUsedInOperatingActivitiesContinuingOperations" xlink:to="us-gaap_ProvisionForDoubtfulAccounts" xlink:title="calculation: us-gaap_NetCashProvidedByUsedInOperatingActivitiesContinuingOperations to us-gaap_ProvisionForDoubtfulAccounts" order="7.0" weight="1" />
    <link:loc xlink:type="locator" xlink:href="http://xbrl.fasb.org/us-gaap/2011/elts/us-gaap-2011-01-31.xsd#us-gaap_GainsLossesOnExtinguishmentOfDebt" xlink:label="us-gaap_GainsLossesOnExtinguishmentOfDebt" xlink:title="GainsLossesOnExtinguishmentOfDebt" />
    <link:calculationArc xlink:type="arc" xlink:arcrole="http://www.xbrl.org/2003/arcrole/summation-item" xlink:from="us-gaap_NetCashProvidedByUsedInOperatingActivitiesContinuingOperations" xlink:to="us-gaap_GainsLossesOnExtinguishmentOfDebt" xlink:title="calculation: us-gaap_NetCashProvidedByUsedInOperatingActivitiesContinuingOperations to us-gaap_GainsLossesOnExtinguishmentOfDebt" order="8.0" weight="-1" />
    <link:loc xlink:type="locator" xlink:href="http://xbrl.fasb.org/us-gaap/2011/elts/us-gaap-2011-01-31.xsd#us-gaap_OtherNoncashIncomeExpense" xlink:label="us-gaap_OtherNoncashIncomeExpense" xlink:title="OtherNoncashIncomeExpense" />
    <link:calculationArc xlink:type="arc" xlink:arcrole="http://www.xbrl.org/2003/arcrole/summation-item" xlink:from="us-gaap_NetCashProvidedByUsedInOperatingActivitiesContinuingOperations" xlink:to="us-gaap_OtherNoncashIncomeExpense" xlink:title="calculation: us-gaap_NetCashProvidedByUsedInOperatingActivitiesContinuingOperations to us-gaap_OtherNoncashIncomeExpense" order="9.0" weight="-1" />
    <link:loc xlink:type="locator" xlink:href="http://xbrl.fasb.org/us-gaap/2011/elts/us-gaap-2011-01-31.xsd#us-gaap_IncreaseDecreaseInReceivables" xlink:label="us-gaap_IncreaseDecreaseInReceivables" xlink:title="IncreaseDecreaseInReceivables" />
    <link:calculationArc xlink:type="arc" xlink:arcrole="http://www.xbrl.org/2003/arcrole/summation-item" xlink:from="us-gaap_NetCashProvidedByUsedInOperatingActivitiesContinuingOperations" xlink:to="us-gaap_IncreaseDecreaseInReceivables" xlink:title="calculation: us-gaap_NetCashProvidedByUsedInOperatingActivitiesContinuingOperations to us-gaap_IncreaseDecreaseInReceivables" order="10.0" weight="-1" />
    <link:loc xlink:type="locator" xlink:href="http://xbrl.fasb.org/us-gaap/2011/elts/us-gaap-2011-01-31.xsd#us-gaap_IncreaseDecreaseInInventories" xlink:label="us-gaap_IncreaseDecreaseInInventories" xlink:title="IncreaseDecreaseInInventories" />
    <link:calculationArc xlink:type="arc" xlink:arcrole="http://www.xbrl.org/2003/arcrole/summation-item" xlink:from="us-gaap_NetCashProvidedByUsedInOperatingActivitiesContinuingOperations" xlink:to="us-gaap_IncreaseDecreaseInInventories" xlink:title="calculation: us-gaap_NetCashProvidedByUsedInOperatingActivitiesContinuingOperations to us-gaap_IncreaseDecreaseInInventories" order="11.0" weight="-1" />
    <link:loc xlink:type="locator" xlink:href="http://xbrl.fasb.org/us-gaap/2011/elts/us-gaap-2011-01-31.xsd#us-gaap_IncreaseDecreaseInPrepaidDeferredExpenseAndOtherAssets" xlink:label="us-gaap_IncreaseDecreaseInPrepaidDeferredExpenseAndOtherAssets" xlink:title="IncreaseDecreaseInPrepaidDeferredExpenseAndOtherAssets" />
    <link:calculationArc xlink:type="arc" xlink:arcrole="http://www.xbrl.org/2003/arcrole/summation-item" xlink:from="us-gaap_NetCashProvidedByUsedInOperatingActivitiesContinuingOperations" xlink:to="us-gaap_IncreaseDecreaseInPrepaidDeferredExpenseAndOtherAssets" xlink:title="calculation: us-gaap_NetCashProvidedByUsedInOperatingActivitiesContinuingOperations to us-gaap_IncreaseDecreaseInPrepaidDeferredExpenseAndOtherAssets" order="12.0" weight="-1" />
    <link:loc xlink:type="locator" xlink:href="http://xbrl.fasb.org/us-gaap/2011/elts/us-gaap-2011-01-31.xsd#us-gaap_IncreaseDecreaseInAccountsPayable" xlink:label="us-gaap_IncreaseDecreaseInAccountsPayable" xlink:title="IncreaseDecreaseInAccountsPayable" />
    <link:calculationArc xlink:type="arc" xlink:arcrole="http://www.xbrl.org/2003/arcrole/summation-item" xlink:from="us-gaap_NetCashProvidedByUsedInOperatingActivitiesContinuingOperations" xlink:to="us-gaap_IncreaseDecreaseInAccountsPayable" xlink:title="calculation: us-gaap_NetCashProvidedByUsedInOperatingActivitiesContinuingOperations to us-gaap_IncreaseDecreaseInAccountsPayable" order="13.0" weight="1" />
    <link:loc xlink:type="locator" xlink:href="http://xbrl.fasb.org/us-gaap/2011/elts/us-gaap-2011-01-31.xsd#us-gaap_IncreaseDecreaseInAccruedLiabilities" xlink:label="us-gaap_IncreaseDecreaseInAccruedLiabilities" xlink:title="IncreaseDecreaseInAccruedLiabilities" />
    <link:calculationArc xlink:type="arc" xlink:arcrole="http://www.xbrl.org/2003/arcrole/summation-item" xlink:from="us-gaap_NetCashProvidedByUsedInOperatingActivitiesContinuingOperations" xlink:to="us-gaap_IncreaseDecreaseInAccruedLiabilities" xlink:title="calculation: us-gaap_NetCashProvidedByUsedInOperatingActivitiesContinuingOperations to us-gaap_IncreaseDecreaseInAccruedLiabilities" order="14.0" weight="1" />
    <link:loc xlink:type="locator" xlink:href="http://xbrl.fasb.org/us-gaap/2011/elts/us-gaap-2011-01-31.xsd#us-gaap_NetCashProvidedByUsedInInvestingActivitiesContinuingOperations" xlink:label="us-gaap_NetCashProvidedByUsedInInvestingActivitiesContinuingOperations" xlink:title="NetCashProvidedByUsedInInvestingActivitiesContinuingOperations" />
    <link:calculationArc xlink:type="arc" xlink:arcrole="http://www.xbrl.org/2003/arcrole/summation-item" xlink:from="us-gaap_NetCashProvidedByUsedInContinuingOperations" xlink:to="us-gaap_NetCashProvidedByUsedInInvestingActivitiesContinuingOperations" xlink:title="calculation: us-gaap_NetCashProvidedByUsedInContinuingOperations to us-gaap_NetCashProvidedByUsedInInvestingActivitiesContinuingOperations" order="2.0" weight="1" />
    <link:loc xlink:type="locator" xlink:href="http://xbrl.fasb.org/us-gaap/2011/elts/us-gaap-2011-01-31.xsd#us-gaap_PaymentsToAcquireOilAndGasPropertyAndEquipment" xlink:label="us-gaap_PaymentsToAcquireOilAndGasPropertyAndEquipment" xlink:title="PaymentsToAcquireOilAndGasPropertyAndEquipment" />
    <link:calculationArc xlink:type="arc" xlink:arcrole="http://www.xbrl.org/2003/arcrole/summation-item" xlink:from="us-gaap_NetCashProvidedByUsedInInvestingActivitiesContinuingOperations" xlink:to="us-gaap_PaymentsToAcquireOilAndGasPropertyAndEquipment" xlink:title="calculation: us-gaap_NetCashProvidedByUsedInInvestingActivitiesContinuingOperations to us-gaap_PaymentsToAcquireOilAndGasPropertyAndEquipment" order="1.0" weight="-1" />
    <link:loc xlink:type="locator" xlink:href="http://xbrl.fasb.org/us-gaap/2011/elts/us-gaap-2011-01-31.xsd#us-gaap_PaymentsToAcquireOtherPropertyPlantAndEquipment" xlink:label="us-gaap_PaymentsToAcquireOtherPropertyPlantAndEquipment" xlink:title="PaymentsToAcquireOtherPropertyPlantAndEquipment" />
    <link:calculationArc xlink:type="arc" xlink:arcrole="http://www.xbrl.org/2003/arcrole/summation-item" xlink:from="us-gaap_NetCashProvidedByUsedInInvestingActivitiesContinuingOperations" xlink:to="us-gaap_PaymentsToAcquireOtherPropertyPlantAndEquipment" xlink:title="calculation: us-gaap_NetCashProvidedByUsedInInvestingActivitiesContinuingOperations to us-gaap_PaymentsToAcquireOtherPropertyPlantAndEquipment" order="2.0" weight="-1" />
    <link:loc xlink:type="locator" xlink:href="http://xbrl.fasb.org/us-gaap/2011/elts/us-gaap-2011-01-31.xsd#us-gaap_PaymentsForProceedsFromInvestments" xlink:label="us-gaap_PaymentsForProceedsFromInvestments" xlink:title="PaymentsForProceedsFromInvestments" />
    <link:calculationArc xlink:type="arc" xlink:arcrole="http://www.xbrl.org/2003/arcrole/summation-item" xlink:from="us-gaap_NetCashProvidedByUsedInInvestingActivitiesContinuingOperations" xlink:to="us-gaap_PaymentsForProceedsFromInvestments" xlink:title="calculation: us-gaap_NetCashProvidedByUsedInInvestingActivitiesContinuingOperations to us-gaap_PaymentsForProceedsFromInvestments" order="3.0" weight="-1" />
    <link:loc xlink:type="locator" xlink:href="http://xbrl.fasb.org/us-gaap/2011/elts/us-gaap-2011-01-31.xsd#us-gaap_IncreaseDecreaseInRestrictedCash" xlink:label="us-gaap_IncreaseDecreaseInRestrictedCash" xlink:title="IncreaseDecreaseInRestrictedCash" />
    <link:calculationArc xlink:type="arc" xlink:arcrole="http://www.xbrl.org/2003/arcrole/summation-item" xlink:from="us-gaap_NetCashProvidedByUsedInInvestingActivitiesContinuingOperations" xlink:to="us-gaap_IncreaseDecreaseInRestrictedCash" xlink:title="calculation: us-gaap_NetCashProvidedByUsedInInvestingActivitiesContinuingOperations to us-gaap_IncreaseDecreaseInRestrictedCash" order="4.0" weight="-1" />
    <link:loc xlink:type="locator" xlink:href="http://xbrl.fasb.org/us-gaap/2011/elts/us-gaap-2011-01-31.xsd#us-gaap_NetCashProvidedByUsedInFinancingActivitiesContinuingOperations" xlink:label="us-gaap_NetCashProvidedByUsedInFinancingActivitiesContinuingOperations" xlink:title="NetCashProvidedByUsedInFinancingActivitiesContinuingOperations" />
    <link:calculationArc xlink:type="arc" xlink:arcrole="http://www.xbrl.org/2003/arcrole/summation-item" xlink:from="us-gaap_NetCashProvidedByUsedInContinuingOperations" xlink:to="us-gaap_NetCashProvidedByUsedInFinancingActivitiesContinuingOperations" xlink:title="calculation: us-gaap_NetCashProvidedByUsedInContinuingOperations to us-gaap_NetCashProvidedByUsedInFinancingActivitiesContinuingOperations" order="3.0" weight="1" />
    <link:loc xlink:type="locator" xlink:href="http://xbrl.fasb.org/us-gaap/2011/elts/us-gaap-2011-01-31.xsd#us-gaap_ProceedsFromIssuanceOfLongTermDebt" xlink:label="us-gaap_ProceedsFromIssuanceOfLongTermDebt" xlink:title="ProceedsFromIssuanceOfLongTermDebt" />
    <link:calculationArc xlink:type="arc" xlink:arcrole="http://www.xbrl.org/2003/arcrole/summation-item" xlink:from="us-gaap_NetCashProvidedByUsedInFinancingActivitiesContinuingOperations" xlink:to="us-gaap_ProceedsFromIssuanceOfLongTermDebt" xlink:title="calculation: us-gaap_NetCashProvidedByUsedInFinancingActivitiesContinuingOperations to us-gaap_ProceedsFromIssuanceOfLongTermDebt" order="1.0" weight="1" />
    <link:loc xlink:type="locator" xlink:href="http://xbrl.fasb.org/us-gaap/2011/elts/us-gaap-2011-01-31.xsd#us-gaap_RepaymentsOfLongTermDebt" xlink:label="us-gaap_RepaymentsOfLongTermDebt" xlink:title="RepaymentsOfLongTermDebt" />
    <link:calculationArc xlink:type="arc" xlink:arcrole="http://www.xbrl.org/2003/arcrole/summation-item" xlink:from="us-gaap_NetCashProvidedByUsedInFinancingActivitiesContinuingOperations" xlink:to="us-gaap_RepaymentsOfLongTermDebt" xlink:title="calculation: us-gaap_NetCashProvidedByUsedInFinancingActivitiesContinuingOperations to us-gaap_RepaymentsOfLongTermDebt" order="2.0" weight="-1" />
    <link:loc xlink:type="locator" xlink:href="http://xbrl.fasb.org/us-gaap/2011/elts/us-gaap-2011-01-31.xsd#us-gaap_ProceedsFromIssuanceInitialPublicOffering" xlink:label="us-gaap_ProceedsFromIssuanceInitialPublicOffering" xlink:title="ProceedsFromIssuanceInitialPublicOffering" />
    <link:calculationArc xlink:type="arc" xlink:arcrole="http://www.xbrl.org/2003/arcrole/summation-item" xlink:from="us-gaap_NetCashProvidedByUsedInFinancingActivitiesContinuingOperations" xlink:to="us-gaap_ProceedsFromIssuanceInitialPublicOffering" xlink:title="calculation: us-gaap_NetCashProvidedByUsedInFinancingActivitiesContinuingOperations to us-gaap_ProceedsFromIssuanceInitialPublicOffering" order="3.0" weight="1" />
    <link:loc xlink:type="locator" xlink:href="http://xbrl.fasb.org/us-gaap/2011/elts/us-gaap-2011-01-31.xsd#us-gaap_ProceedsFromIssuanceOfConvertiblePreferredStock" xlink:label="us-gaap_ProceedsFromIssuanceOfConvertiblePreferredStock" xlink:title="ProceedsFromIssuanceOfConvertiblePreferredStock" />
    <link:calculationArc xlink:type="arc" xlink:arcrole="http://www.xbrl.org/2003/arcrole/summation-item" xlink:from="us-gaap_NetCashProvidedByUsedInFinancingActivitiesContinuingOperations" xlink:to="us-gaap_ProceedsFromIssuanceOfConvertiblePreferredStock" xlink:title="calculation: us-gaap_NetCashProvidedByUsedInFinancingActivitiesContinuingOperations to us-gaap_ProceedsFromIssuanceOfConvertiblePreferredStock" use="optional" order="4.0" weight="1" />
    <link:loc xlink:type="locator" xlink:href="http://xbrl.fasb.org/us-gaap/2011/elts/us-gaap-2011-01-31.xsd#us-gaap_PaymentsOfFinancingCosts" xlink:label="us-gaap_PaymentsOfFinancingCosts" xlink:title="PaymentsOfFinancingCosts" />
    <link:calculationArc xlink:type="arc" xlink:arcrole="http://www.xbrl.org/2003/arcrole/summation-item" xlink:from="us-gaap_NetCashProvidedByUsedInFinancingActivitiesContinuingOperations" xlink:to="us-gaap_PaymentsOfFinancingCosts" xlink:title="calculation: us-gaap_NetCashProvidedByUsedInFinancingActivitiesContinuingOperations to us-gaap_PaymentsOfFinancingCosts" order="5.0" weight="-1" />
  </link:calculationLink>
  <link:calculationLink xlink:type="extended" xlink:role="http://www.kosmosenergy.com/role/StatementOfComprehensiveIncome">
    <link:loc xlink:type="locator" xlink:href="http://xbrl.fasb.org/us-gaap/2011/elts/us-gaap-2011-01-31.xsd#us-gaap_ComprehensiveIncomeNetOfTax" xlink:label="us-gaap_ComprehensiveIncomeNetOfTax" xlink:title="ComprehensiveIncomeNetOfTax" />
    <link:loc xlink:type="locator" xlink:href="http://xbrl.fasb.org/us-gaap/2011/elts/us-gaap-2011-01-31.xsd#us-gaap_NetIncomeLoss" xlink:label="us-gaap_NetIncomeLoss" xlink:title="NetIncomeLoss" />
    <link:calculationArc xlink:type="arc" xlink:arcrole="http://www.xbrl.org/2003/arcrole/summation-item" xlink:from="us-gaap_ComprehensiveIncomeNetOfTax" xlink:to="us-gaap_NetIncomeLoss" xlink:title="calculation: us-gaap_ComprehensiveIncomeNetOfTax to us-gaap_NetIncomeLoss" order="1.0" weight="1" />
    <link:loc xlink:type="locator" xlink:href="http://xbrl.fasb.org/us-gaap/2011/elts/us-gaap-2011-01-31.xsd#us-gaap_OtherComprehensiveIncomeLossNetOfTaxPortionAttributableToParent" xlink:label="us-gaap_OtherComprehensiveIncomeLossNetOfTaxPortionAttributableToParent" xlink:title="OtherComprehensiveIncomeLossNetOfTaxPortionAttributableToParent" />
    <link:calculationArc xlink:type="arc" xlink:arcrole="http://www.xbrl.org/2003/arcrole/summation-item" xlink:from="us-gaap_ComprehensiveIncomeNetOfTax" xlink:to="us-gaap_OtherComprehensiveIncomeLossNetOfTaxPortionAttributableToParent" xlink:title="calculation: us-gaap_ComprehensiveIncomeNetOfTax to us-gaap_OtherComprehensiveIncomeLossNetOfTaxPortionAttributableToParent" order="2.0" weight="1" />
    <link:loc xlink:type="locator" xlink:href="http://xbrl.fasb.org/us-gaap/2011/elts/us-gaap-2011-01-31.xsd#us-gaap_UnrealizedGainLossOnCashFlowHedgingInstruments" xlink:label="us-gaap_UnrealizedGainLossOnCashFlowHedgingInstruments" xlink:title="UnrealizedGainLossOnCashFlowHedgingInstruments" />
    <link:calculationArc xlink:type="arc" xlink:arcrole="http://www.xbrl.org/2003/arcrole/summation-item" xlink:from="us-gaap_OtherComprehensiveIncomeLossNetOfTaxPortionAttributableToParent" xlink:to="us-gaap_UnrealizedGainLossOnCashFlowHedgingInstruments" xlink:title="calculation: us-gaap_OtherComprehensiveIncomeLossNetOfTaxPortionAttributableToParent to us-gaap_UnrealizedGainLossOnCashFlowHedgingInstruments" order="1.0" weight="1" />
    <link:loc xlink:type="locator" xlink:href="http://xbrl.fasb.org/us-gaap/2011/elts/us-gaap-2011-01-31.xsd#us-gaap_LossOnCashFlowHedgeIneffectiveness" xlink:label="us-gaap_LossOnCashFlowHedgeIneffectiveness" xlink:title="LossOnCashFlowHedgeIneffectiveness" />
    <link:calculationArc xlink:type="arc" xlink:arcrole="http://www.xbrl.org/2003/arcrole/summation-item" xlink:from="us-gaap_OtherComprehensiveIncomeLossNetOfTaxPortionAttributableToParent" xlink:to="us-gaap_LossOnCashFlowHedgeIneffectiveness" xlink:title="calculation: us-gaap_OtherComprehensiveIncomeLossNetOfTaxPortionAttributableToParent to us-gaap_LossOnCashFlowHedgeIneffectiveness" order="2.0" weight="-1" />
    <link:loc xlink:type="locator" xlink:href="http://xbrl.fasb.org/us-gaap/2011/elts/us-gaap-2011-01-31.xsd#us-gaap_OtherComprehensiveIncomeDerivativesQualifyingAsHedgesTaxPortionAttributableToParent" xlink:label="us-gaap_OtherComprehensiveIncomeDerivativesQualifyingAsHedgesTaxPortionAttributableToParent" xlink:title="OtherComprehensiveIncomeDerivativesQualifyingAsHedgesTaxPortionAttributableToParent" />
    <link:calculationArc xlink:type="arc" xlink:arcrole="http://www.xbrl.org/2003/arcrole/summation-item" xlink:from="us-gaap_OtherComprehensiveIncomeLossNetOfTaxPortionAttributableToParent" xlink:to="us-gaap_OtherComprehensiveIncomeDerivativesQualifyingAsHedgesTaxPortionAttributableToParent" xlink:title="calculation: us-gaap_OtherComprehensiveIncomeLossNetOfTaxPortionAttributableToParent to us-gaap_OtherComprehensiveIncomeDerivativesQualifyingAsHedgesTaxPortionAttributableToParent" use="optional" order="3.0" weight="-1" />
  </link:calculationLink>
</link:linkbase>
