<?xml version="1.0" encoding="us-ascii"?>
<!-- Prepared by Clarity FSR  v6.6.0.465 using Fujitsu Interstage XWand -->
<linkbase xmlns:xsi="http://www.w3.org/2001/XMLSchema-instance" xsi:schemaLocation="http://www.xbrl.org/2003/instance http://www.xbrl.org/2003/xbrl-instance-2003-12-31.xsd" xmlns="http://www.xbrl.org/2003/linkbase" xmlns:xlink="http://www.w3.org/1999/xlink" xmlns:xbrli="http://www.xbrl.org/2003/instance">
  <roleRef roleURI="http://www.senecafoods.com/role/StatementCONDENSEDCONSOLIDATEDSTATEMENTSOFEARNINGS" xlink:type="simple" xlink:href="senea-20121229.xsd#senea_ELRID_StatementCONDENSEDCONSOLIDATEDSTATEMENTSOFEARNINGS" />
  <roleRef roleURI="http://www.senecafoods.com/role/StatementCONDENSEDCONSOLIDATEDBALANCESHEETS" xlink:type="simple" xlink:href="senea-20121229.xsd#senea_ELRID_StatementCONDENSEDCONSOLIDATEDBALANCESHEETS" />
  <roleRef roleURI="http://www.senecafoods.com/role/StatementCONDENSEDCONSOLIDATEDSTATEMENTSOFCASHFLOWS" xlink:type="simple" xlink:href="senea-20121229.xsd#senea_ELRID_StatementCONDENSEDCONSOLIDATEDSTATEMENTSOFCASHFLOWS" />
  <roleRef roleURI="http://www.senecafoods.com/role/DisclosurePensiondetail" xlink:type="simple" xlink:href="senea-20121229.xsd#senea_ELRID_Pensiondetail" />
  <roleRef roleURI="http://www.senecafoods.com/role/DisclosureEarningPerShareBasicdetail" xlink:type="simple" xlink:href="senea-20121229.xsd#senea_ELRID_EarningPerShareBasicdetail" />
  <roleRef roleURI="http://www.senecafoods.com/role/EarningPerShareDiluteddetail" xlink:type="simple" xlink:href="senea-20121229.xsd#senea_ELRID_EarningPerShareDiluteddetail" />
  <roleRef roleURI="http://www.senecafoods.com/role/StatementCONDENSEDCONSOLIDATEDSTATEMENTOFCOMPREHENSIVEINCOME" xlink:type="simple" xlink:href="senea-20121229.xsd#senea_ELRID_CONDENSEDCONSOLIDATEDSTATEMENTOFCOMPREHENSIVEINCOME" />
  <calculationLink xlink:type="extended" xlink:role="http://www.senecafoods.com/role/StatementCONDENSEDCONSOLIDATEDSTATEMENTSOFEARNINGS">
    <loc xlink:type="locator" xlink:href="http://xbrl.fasb.org/us-gaap/2011/elts/us-gaap-2011-01-31.xsd#us-gaap_NetIncomeLoss" xlink:label="Locator_us-gaap_NetIncomeLoss_85" />
    <loc xlink:type="locator" xlink:href="http://xbrl.fasb.org/us-gaap/2011/elts/us-gaap-2011-01-31.xsd#us-gaap_IncomeLossFromContinuingOperationsBeforeIncomeTaxesMinorityInterestAndIncomeLossFromEquityMethodInvestments" xlink:label="Locator_us-gaap_IncomeLossFromContinuingOperationsBeforeIncomeTaxesMinorityInterestAndIncomeLossFromEquityMethodInvestments_86" />
    <calculationArc xlink:type="arc" xlink:arcrole="http://www.xbrl.org/2003/arcrole/summation-item" xlink:from="Locator_us-gaap_NetIncomeLoss_85" xlink:to="Locator_us-gaap_IncomeLossFromContinuingOperationsBeforeIncomeTaxesMinorityInterestAndIncomeLossFromEquityMethodInvestments_86" order="1.0" weight="1" />
    <loc xlink:type="locator" xlink:href="http://xbrl.fasb.org/us-gaap/2011/elts/us-gaap-2011-01-31.xsd#us-gaap_IncomeLossFromContinuingOperationsBeforeIncomeTaxesMinorityInterestAndIncomeLossFromEquityMethodInvestments" xlink:label="Locator_us-gaap_IncomeLossFromContinuingOperationsBeforeIncomeTaxesMinorityInterestAndIncomeLossFromEquityMethodInvestments_89" />
    <loc xlink:type="locator" xlink:href="http://xbrl.fasb.org/us-gaap/2011/elts/us-gaap-2011-01-31.xsd#us-gaap_OperatingIncomeLoss" xlink:label="Locator_us-gaap_OperatingIncomeLoss_90" />
    <calculationArc xlink:type="arc" xlink:arcrole="http://www.xbrl.org/2003/arcrole/summation-item" xlink:from="Locator_us-gaap_IncomeLossFromContinuingOperationsBeforeIncomeTaxesMinorityInterestAndIncomeLossFromEquityMethodInvestments_89" xlink:to="Locator_us-gaap_OperatingIncomeLoss_90" order="1.0" weight="1" />
    <loc xlink:type="locator" xlink:href="http://xbrl.fasb.org/us-gaap/2011/elts/us-gaap-2011-01-31.xsd#us-gaap_OperatingIncomeLoss" xlink:label="Locator_us-gaap_OperatingIncomeLoss_93" />
    <loc xlink:type="locator" xlink:href="http://xbrl.fasb.org/us-gaap/2011/elts/us-gaap-2011-01-31.xsd#us-gaap_SalesRevenueNet" xlink:label="Locator_us-gaap_SalesRevenueNet_94" />
    <calculationArc xlink:type="arc" xlink:arcrole="http://www.xbrl.org/2003/arcrole/summation-item" xlink:from="Locator_us-gaap_OperatingIncomeLoss_93" xlink:to="Locator_us-gaap_SalesRevenueNet_94" order="1.0" weight="1" />
    <loc xlink:type="locator" xlink:href="http://xbrl.fasb.org/us-gaap/2011/elts/us-gaap-2011-01-31.xsd#us-gaap_OperatingIncomeLoss" xlink:label="Locator_us-gaap_OperatingIncomeLoss_95" />
    <loc xlink:type="locator" xlink:href="http://xbrl.fasb.org/us-gaap/2011/elts/us-gaap-2011-01-31.xsd#us-gaap_CostsAndExpenses" xlink:label="Locator_us-gaap_CostsAndExpenses_96" />
    <calculationArc xlink:type="arc" xlink:arcrole="http://www.xbrl.org/2003/arcrole/summation-item" xlink:from="Locator_us-gaap_OperatingIncomeLoss_95" xlink:to="Locator_us-gaap_CostsAndExpenses_96" order="2.0" weight="-1" />
    <loc xlink:type="locator" xlink:href="http://xbrl.fasb.org/us-gaap/2011/elts/us-gaap-2011-01-31.xsd#us-gaap_CostsAndExpenses" xlink:label="Locator_us-gaap_CostsAndExpenses_97" />
    <loc xlink:type="locator" xlink:href="http://xbrl.fasb.org/us-gaap/2011/elts/us-gaap-2011-01-31.xsd#us-gaap_OtherOperatingIncome" xlink:label="Locator_us-gaap_OtherOperatingIncome_98" />
    <calculationArc xlink:type="arc" xlink:arcrole="http://www.xbrl.org/2003/arcrole/summation-item" xlink:from="Locator_us-gaap_CostsAndExpenses_97" xlink:to="Locator_us-gaap_OtherOperatingIncome_98" order="1.0" weight="-1" />
    <loc xlink:type="locator" xlink:href="http://xbrl.fasb.org/us-gaap/2011/elts/us-gaap-2011-01-31.xsd#us-gaap_CostsAndExpenses" xlink:label="Locator_us-gaap_CostsAndExpenses_99" />
    <loc xlink:type="locator" xlink:href="http://xbrl.fasb.org/us-gaap/2011/elts/us-gaap-2011-01-31.xsd#us-gaap_CostOfGoodsSold" xlink:label="Locator_us-gaap_CostOfGoodsSold_100" />
    <calculationArc xlink:type="arc" xlink:arcrole="http://www.xbrl.org/2003/arcrole/summation-item" xlink:from="Locator_us-gaap_CostsAndExpenses_99" xlink:to="Locator_us-gaap_CostOfGoodsSold_100" order="2.0" weight="1" />
    <loc xlink:type="locator" xlink:href="http://xbrl.fasb.org/us-gaap/2011/elts/us-gaap-2011-01-31.xsd#us-gaap_CostsAndExpenses" xlink:label="Locator_us-gaap_CostsAndExpenses_101" />
    <loc xlink:type="locator" xlink:href="http://xbrl.fasb.org/us-gaap/2011/elts/us-gaap-2011-01-31.xsd#us-gaap_SellingGeneralAndAdministrativeExpense" xlink:label="Locator_us-gaap_SellingGeneralAndAdministrativeExpense_102" />
    <calculationArc xlink:type="arc" xlink:arcrole="http://www.xbrl.org/2003/arcrole/summation-item" xlink:from="Locator_us-gaap_CostsAndExpenses_101" xlink:to="Locator_us-gaap_SellingGeneralAndAdministrativeExpense_102" order="3.0" weight="1" />
    <loc xlink:type="locator" xlink:href="http://xbrl.fasb.org/us-gaap/2011/elts/us-gaap-2011-01-31.xsd#us-gaap_CostsAndExpenses" xlink:label="Locator_us-gaap_CostsAndExpenses_103" />
    <loc xlink:type="locator" xlink:href="http://xbrl.fasb.org/us-gaap/2011/elts/us-gaap-2011-01-31.xsd#us-gaap_RestructuringCharges" xlink:label="Locator_us-gaap_RestructuringCharges_104" />
    <calculationArc xlink:type="arc" xlink:arcrole="http://www.xbrl.org/2003/arcrole/summation-item" xlink:from="Locator_us-gaap_CostsAndExpenses_103" xlink:to="Locator_us-gaap_RestructuringCharges_104" order="4.0" weight="1" />
    <loc xlink:type="locator" xlink:href="http://xbrl.fasb.org/us-gaap/2011/elts/us-gaap-2011-01-31.xsd#us-gaap_IncomeLossFromContinuingOperationsBeforeIncomeTaxesMinorityInterestAndIncomeLossFromEquityMethodInvestments" xlink:label="Locator_us-gaap_IncomeLossFromContinuingOperationsBeforeIncomeTaxesMinorityInterestAndIncomeLossFromEquityMethodInvestments_91" />
    <loc xlink:type="locator" xlink:href="http://xbrl.fasb.org/us-gaap/2011/elts/us-gaap-2011-01-31.xsd#us-gaap_InterestExpense" xlink:label="Locator_us-gaap_InterestExpense_92" />
    <calculationArc xlink:type="arc" xlink:arcrole="http://www.xbrl.org/2003/arcrole/summation-item" xlink:from="Locator_us-gaap_IncomeLossFromContinuingOperationsBeforeIncomeTaxesMinorityInterestAndIncomeLossFromEquityMethodInvestments_91" xlink:to="Locator_us-gaap_InterestExpense_92" order="2.0" weight="-1" />
    <loc xlink:type="locator" xlink:href="http://xbrl.fasb.org/us-gaap/2011/elts/us-gaap-2011-01-31.xsd#us-gaap_NetIncomeLoss" xlink:label="Locator_us-gaap_NetIncomeLoss_87" />
    <loc xlink:type="locator" xlink:href="http://xbrl.fasb.org/us-gaap/2011/elts/us-gaap-2011-01-31.xsd#us-gaap_IncomeTaxExpenseBenefit" xlink:label="Locator_us-gaap_IncomeTaxExpenseBenefit_88" />
    <calculationArc xlink:type="arc" xlink:arcrole="http://www.xbrl.org/2003/arcrole/summation-item" xlink:from="Locator_us-gaap_NetIncomeLoss_87" xlink:to="Locator_us-gaap_IncomeTaxExpenseBenefit_88" order="2.0" weight="-1" />
  </calculationLink>
  <calculationLink xlink:type="extended" xlink:role="http://www.senecafoods.com/role/StatementCONDENSEDCONSOLIDATEDBALANCESHEETS">
    <loc xlink:type="locator" xlink:href="http://xbrl.fasb.org/us-gaap/2011/elts/us-gaap-2011-01-31.xsd#us-gaap_LiabilitiesAndStockholdersEquity" xlink:label="Locator_us-gaap_LiabilitiesAndStockholdersEquity_195" />
    <loc xlink:type="locator" xlink:href="http://xbrl.fasb.org/us-gaap/2011/elts/us-gaap-2011-01-31.xsd#us-gaap_Liabilities" xlink:label="Locator_us-gaap_Liabilities_196" />
    <calculationArc xlink:type="arc" xlink:arcrole="http://www.xbrl.org/2003/arcrole/summation-item" xlink:from="Locator_us-gaap_LiabilitiesAndStockholdersEquity_195" xlink:to="Locator_us-gaap_Liabilities_196" order="1.0" weight="1" />
    <loc xlink:type="locator" xlink:href="http://xbrl.fasb.org/us-gaap/2011/elts/us-gaap-2011-01-31.xsd#us-gaap_Liabilities" xlink:label="Locator_us-gaap_Liabilities_199" />
    <loc xlink:type="locator" xlink:href="http://xbrl.fasb.org/us-gaap/2011/elts/us-gaap-2011-01-31.xsd#us-gaap_LiabilitiesCurrent" xlink:label="Locator_us-gaap_LiabilitiesCurrent_200" />
    <calculationArc xlink:type="arc" xlink:arcrole="http://www.xbrl.org/2003/arcrole/summation-item" xlink:from="Locator_us-gaap_Liabilities_199" xlink:to="Locator_us-gaap_LiabilitiesCurrent_200" order="1.0" weight="1" />
    <loc xlink:type="locator" xlink:href="http://xbrl.fasb.org/us-gaap/2011/elts/us-gaap-2011-01-31.xsd#us-gaap_LiabilitiesCurrent" xlink:label="Locator_us-gaap_LiabilitiesCurrent_207" />
    <loc xlink:type="locator" xlink:href="http://xbrl.fasb.org/us-gaap/2011/elts/us-gaap-2011-01-31.xsd#us-gaap_NotesPayableToBankCurrent" xlink:label="Locator_us-gaap_NotesPayableToBankCurrent_208" />
    <calculationArc xlink:type="arc" xlink:arcrole="http://www.xbrl.org/2003/arcrole/summation-item" xlink:from="Locator_us-gaap_LiabilitiesCurrent_207" xlink:to="Locator_us-gaap_NotesPayableToBankCurrent_208" order="1.0" weight="1" />
    <loc xlink:type="locator" xlink:href="http://xbrl.fasb.org/us-gaap/2011/elts/us-gaap-2011-01-31.xsd#us-gaap_LiabilitiesCurrent" xlink:label="Locator_us-gaap_LiabilitiesCurrent_209" />
    <loc xlink:type="locator" xlink:href="http://xbrl.fasb.org/us-gaap/2011/elts/us-gaap-2011-01-31.xsd#us-gaap_AccountsPayableCurrent" xlink:label="Locator_us-gaap_AccountsPayableCurrent_210" />
    <calculationArc xlink:type="arc" xlink:arcrole="http://www.xbrl.org/2003/arcrole/summation-item" xlink:from="Locator_us-gaap_LiabilitiesCurrent_209" xlink:to="Locator_us-gaap_AccountsPayableCurrent_210" order="2.0" weight="1" />
    <loc xlink:type="locator" xlink:href="http://xbrl.fasb.org/us-gaap/2011/elts/us-gaap-2011-01-31.xsd#us-gaap_LiabilitiesCurrent" xlink:label="Locator_us-gaap_LiabilitiesCurrent_211" />
    <loc xlink:type="locator" xlink:href="http://xbrl.fasb.org/us-gaap/2011/elts/us-gaap-2011-01-31.xsd#us-gaap_OtherAccruedLiabilitiesCurrent" xlink:label="Locator_us-gaap_OtherAccruedLiabilitiesCurrent_212" />
    <calculationArc xlink:type="arc" xlink:arcrole="http://www.xbrl.org/2003/arcrole/summation-item" xlink:from="Locator_us-gaap_LiabilitiesCurrent_211" xlink:to="Locator_us-gaap_OtherAccruedLiabilitiesCurrent_212" order="3.0" weight="1" />
    <loc xlink:type="locator" xlink:href="http://xbrl.fasb.org/us-gaap/2011/elts/us-gaap-2011-01-31.xsd#us-gaap_LiabilitiesCurrent" xlink:label="Locator_us-gaap_LiabilitiesCurrent_213" />
    <loc xlink:type="locator" xlink:href="http://xbrl.fasb.org/us-gaap/2011/elts/us-gaap-2011-01-31.xsd#us-gaap_AccruedVacationCurrent" xlink:label="Locator_us-gaap_AccruedVacationCurrent_214" />
    <calculationArc xlink:type="arc" xlink:arcrole="http://www.xbrl.org/2003/arcrole/summation-item" xlink:from="Locator_us-gaap_LiabilitiesCurrent_213" xlink:to="Locator_us-gaap_AccruedVacationCurrent_214" order="4.0" weight="1" />
    <loc xlink:type="locator" xlink:href="http://xbrl.fasb.org/us-gaap/2011/elts/us-gaap-2011-01-31.xsd#us-gaap_LiabilitiesCurrent" xlink:label="Locator_us-gaap_LiabilitiesCurrent_215" />
    <loc xlink:type="locator" xlink:href="http://xbrl.fasb.org/us-gaap/2011/elts/us-gaap-2011-01-31.xsd#us-gaap_AccruedSalariesCurrent" xlink:label="Locator_us-gaap_AccruedSalariesCurrent_216" />
    <calculationArc xlink:type="arc" xlink:arcrole="http://www.xbrl.org/2003/arcrole/summation-item" xlink:from="Locator_us-gaap_LiabilitiesCurrent_215" xlink:to="Locator_us-gaap_AccruedSalariesCurrent_216" order="5.0" weight="1" />
    <loc xlink:type="locator" xlink:href="http://xbrl.fasb.org/us-gaap/2011/elts/us-gaap-2011-01-31.xsd#us-gaap_LiabilitiesCurrent" xlink:label="Locator_us-gaap_LiabilitiesCurrent_217" />
    <loc xlink:type="locator" xlink:href="http://xbrl.fasb.org/us-gaap/2011/elts/us-gaap-2011-01-31.xsd#us-gaap_AccruedIncomeTaxesCurrent" xlink:label="Locator_us-gaap_AccruedIncomeTaxesCurrent_218" />
    <calculationArc xlink:type="arc" xlink:arcrole="http://www.xbrl.org/2003/arcrole/summation-item" xlink:from="Locator_us-gaap_LiabilitiesCurrent_217" xlink:to="Locator_us-gaap_AccruedIncomeTaxesCurrent_218" order="6.0" weight="1" />
    <loc xlink:type="locator" xlink:href="http://xbrl.fasb.org/us-gaap/2011/elts/us-gaap-2011-01-31.xsd#us-gaap_LiabilitiesCurrent" xlink:label="Locator_us-gaap_LiabilitiesCurrent_219" />
    <loc xlink:type="locator" xlink:href="http://xbrl.fasb.org/us-gaap/2011/elts/us-gaap-2011-01-31.xsd#us-gaap_LongTermDebtCurrent" xlink:label="Locator_us-gaap_LongTermDebtCurrent_220" />
    <calculationArc xlink:type="arc" xlink:arcrole="http://www.xbrl.org/2003/arcrole/summation-item" xlink:from="Locator_us-gaap_LiabilitiesCurrent_219" xlink:to="Locator_us-gaap_LongTermDebtCurrent_220" order="7.0" weight="1" />
    <loc xlink:type="locator" xlink:href="http://xbrl.fasb.org/us-gaap/2011/elts/us-gaap-2011-01-31.xsd#us-gaap_LiabilitiesCurrent" xlink:label="Locator_us-gaap_LiabilitiesCurrent_221" />
    <loc xlink:type="locator" xlink:href="http://xbrl.fasb.org/us-gaap/2011/elts/us-gaap-2011-01-31.xsd#us-gaap_DeferredRevenueCurrent" xlink:label="Locator_us-gaap_DeferredRevenueCurrent_222" />
    <calculationArc xlink:type="arc" xlink:arcrole="http://www.xbrl.org/2003/arcrole/summation-item" xlink:from="Locator_us-gaap_LiabilitiesCurrent_221" xlink:to="Locator_us-gaap_DeferredRevenueCurrent_222" order="8.0" weight="1" />
    <loc xlink:type="locator" xlink:href="http://xbrl.fasb.org/us-gaap/2011/elts/us-gaap-2011-01-31.xsd#us-gaap_Liabilities" xlink:label="Locator_us-gaap_Liabilities_201" />
    <loc xlink:type="locator" xlink:href="http://xbrl.fasb.org/us-gaap/2011/elts/us-gaap-2011-01-31.xsd#us-gaap_LongTermDebtNoncurrent" xlink:label="Locator_us-gaap_LongTermDebtNoncurrent_202" />
    <calculationArc xlink:type="arc" xlink:arcrole="http://www.xbrl.org/2003/arcrole/summation-item" xlink:from="Locator_us-gaap_Liabilities_201" xlink:to="Locator_us-gaap_LongTermDebtNoncurrent_202" order="2.0" weight="1" />
    <loc xlink:type="locator" xlink:href="http://xbrl.fasb.org/us-gaap/2011/elts/us-gaap-2011-01-31.xsd#us-gaap_Liabilities" xlink:label="Locator_us-gaap_Liabilities_203" />
    <loc xlink:type="locator" xlink:href="http://xbrl.fasb.org/us-gaap/2011/elts/us-gaap-2011-01-31.xsd#us-gaap_DeferredIncomeTaxLiabilities" xlink:label="Locator_us-gaap_DeferredIncomeTaxLiabilities_204" />
    <calculationArc xlink:type="arc" xlink:arcrole="http://www.xbrl.org/2003/arcrole/summation-item" xlink:from="Locator_us-gaap_Liabilities_203" xlink:to="Locator_us-gaap_DeferredIncomeTaxLiabilities_204" order="3.0" weight="1" />
    <loc xlink:type="locator" xlink:href="http://xbrl.fasb.org/us-gaap/2011/elts/us-gaap-2011-01-31.xsd#us-gaap_Liabilities" xlink:label="Locator_us-gaap_Liabilities_205" />
    <loc xlink:type="locator" xlink:href="http://xbrl.fasb.org/us-gaap/2011/elts/us-gaap-2011-01-31.xsd#us-gaap_OtherLiabilitiesNoncurrent" xlink:label="Locator_us-gaap_OtherLiabilitiesNoncurrent_206" />
    <calculationArc xlink:type="arc" xlink:arcrole="http://www.xbrl.org/2003/arcrole/summation-item" xlink:from="Locator_us-gaap_Liabilities_205" xlink:to="Locator_us-gaap_OtherLiabilitiesNoncurrent_206" order="4.0" weight="1" />
    <loc xlink:type="locator" xlink:href="http://xbrl.fasb.org/us-gaap/2011/elts/us-gaap-2011-01-31.xsd#us-gaap_LiabilitiesAndStockholdersEquity" xlink:label="Locator_us-gaap_LiabilitiesAndStockholdersEquity_197" />
    <loc xlink:type="locator" xlink:href="http://xbrl.fasb.org/us-gaap/2011/elts/us-gaap-2011-01-31.xsd#us-gaap_StockholdersEquity" xlink:label="Locator_us-gaap_StockholdersEquity_198" />
    <calculationArc xlink:type="arc" xlink:arcrole="http://www.xbrl.org/2003/arcrole/summation-item" xlink:from="Locator_us-gaap_LiabilitiesAndStockholdersEquity_197" xlink:to="Locator_us-gaap_StockholdersEquity_198" order="2.0" weight="1" />
    <loc xlink:type="locator" xlink:href="http://xbrl.fasb.org/us-gaap/2011/elts/us-gaap-2011-01-31.xsd#us-gaap_StockholdersEquity" xlink:label="Locator_us-gaap_StockholdersEquity_223" />
    <loc xlink:type="locator" xlink:href="http://xbrl.fasb.org/us-gaap/2011/elts/us-gaap-2011-01-31.xsd#us-gaap_PreferredStockValue" xlink:label="Locator_us-gaap_PreferredStockValue_224" />
    <calculationArc xlink:type="arc" xlink:arcrole="http://www.xbrl.org/2003/arcrole/summation-item" xlink:from="Locator_us-gaap_StockholdersEquity_223" xlink:to="Locator_us-gaap_PreferredStockValue_224" order="1.0" weight="1" />
    <loc xlink:type="locator" xlink:href="http://xbrl.fasb.org/us-gaap/2011/elts/us-gaap-2011-01-31.xsd#us-gaap_StockholdersEquity" xlink:label="Locator_us-gaap_StockholdersEquity_225" />
    <loc xlink:type="locator" xlink:href="http://xbrl.fasb.org/us-gaap/2011/elts/us-gaap-2011-01-31.xsd#us-gaap_CommonStockValue" xlink:label="Locator_us-gaap_CommonStockValue_226" />
    <calculationArc xlink:type="arc" xlink:arcrole="http://www.xbrl.org/2003/arcrole/summation-item" xlink:from="Locator_us-gaap_StockholdersEquity_225" xlink:to="Locator_us-gaap_CommonStockValue_226" order="2.0" weight="1" />
    <loc xlink:type="locator" xlink:href="http://xbrl.fasb.org/us-gaap/2011/elts/us-gaap-2011-01-31.xsd#us-gaap_StockholdersEquity" xlink:label="Locator_us-gaap_StockholdersEquity_227" />
    <loc xlink:type="locator" xlink:href="http://xbrl.fasb.org/us-gaap/2011/elts/us-gaap-2011-01-31.xsd#us-gaap_AdditionalPaidInCapital" xlink:label="Locator_us-gaap_AdditionalPaidInCapital_228" />
    <calculationArc xlink:type="arc" xlink:arcrole="http://www.xbrl.org/2003/arcrole/summation-item" xlink:from="Locator_us-gaap_StockholdersEquity_227" xlink:to="Locator_us-gaap_AdditionalPaidInCapital_228" order="3.0" weight="1" />
    <loc xlink:type="locator" xlink:href="http://xbrl.fasb.org/us-gaap/2011/elts/us-gaap-2011-01-31.xsd#us-gaap_StockholdersEquity" xlink:label="Locator_us-gaap_StockholdersEquity_229" />
    <loc xlink:type="locator" xlink:href="http://xbrl.fasb.org/us-gaap/2011/elts/us-gaap-2011-01-31.xsd#us-gaap_AccumulatedOtherComprehensiveIncomeLossNetOfTax" xlink:label="Locator_us-gaap_AccumulatedOtherComprehensiveIncomeLossNetOfTax_230" />
    <calculationArc xlink:type="arc" xlink:arcrole="http://www.xbrl.org/2003/arcrole/summation-item" xlink:from="Locator_us-gaap_StockholdersEquity_229" xlink:to="Locator_us-gaap_AccumulatedOtherComprehensiveIncomeLossNetOfTax_230" order="4.0" weight="1" />
    <loc xlink:type="locator" xlink:href="http://xbrl.fasb.org/us-gaap/2011/elts/us-gaap-2011-01-31.xsd#us-gaap_StockholdersEquity" xlink:label="Locator_us-gaap_StockholdersEquity_231" />
    <loc xlink:type="locator" xlink:href="http://xbrl.fasb.org/us-gaap/2011/elts/us-gaap-2011-01-31.xsd#us-gaap_RetainedEarningsAccumulatedDeficit" xlink:label="Locator_us-gaap_RetainedEarningsAccumulatedDeficit_232" />
    <calculationArc xlink:type="arc" xlink:arcrole="http://www.xbrl.org/2003/arcrole/summation-item" xlink:from="Locator_us-gaap_StockholdersEquity_231" xlink:to="Locator_us-gaap_RetainedEarningsAccumulatedDeficit_232" order="5.0" weight="1" />
    <loc xlink:type="locator" xlink:href="http://xbrl.fasb.org/us-gaap/2011/elts/us-gaap-2011-01-31.xsd#us-gaap_StockholdersEquity" xlink:label="Locator_us-gaap_StockholdersEquity_233" />
    <loc xlink:type="locator" xlink:href="http://xbrl.fasb.org/us-gaap/2011/elts/us-gaap-2011-01-31.xsd#us-gaap_TreasuryStockValue" xlink:label="Locator_us-gaap_TreasuryStockValue_234" />
    <calculationArc xlink:type="arc" xlink:arcrole="http://www.xbrl.org/2003/arcrole/summation-item" xlink:from="Locator_us-gaap_StockholdersEquity_233" xlink:to="Locator_us-gaap_TreasuryStockValue_234" order="6.0" weight="-1" />
    <loc xlink:type="locator" xlink:href="http://xbrl.fasb.org/us-gaap/2011/elts/us-gaap-2011-01-31.xsd#us-gaap_Assets" xlink:label="Locator_us-gaap_Assets_235" />
    <loc xlink:type="locator" xlink:href="http://xbrl.fasb.org/us-gaap/2011/elts/us-gaap-2011-01-31.xsd#us-gaap_AssetsCurrent" xlink:label="Locator_us-gaap_AssetsCurrent_236" />
    <calculationArc xlink:type="arc" xlink:arcrole="http://www.xbrl.org/2003/arcrole/summation-item" xlink:from="Locator_us-gaap_Assets_235" xlink:to="Locator_us-gaap_AssetsCurrent_236" order="1.0" weight="1" />
    <loc xlink:type="locator" xlink:href="http://xbrl.fasb.org/us-gaap/2011/elts/us-gaap-2011-01-31.xsd#us-gaap_AssetsCurrent" xlink:label="Locator_us-gaap_AssetsCurrent_243" />
    <loc xlink:type="locator" xlink:href="http://xbrl.fasb.org/us-gaap/2011/elts/us-gaap-2011-01-31.xsd#us-gaap_CashAndCashEquivalentsAtCarryingValue" xlink:label="Locator_us-gaap_CashAndCashEquivalentsAtCarryingValue_244" />
    <calculationArc xlink:type="arc" xlink:arcrole="http://www.xbrl.org/2003/arcrole/summation-item" xlink:from="Locator_us-gaap_AssetsCurrent_243" xlink:to="Locator_us-gaap_CashAndCashEquivalentsAtCarryingValue_244" order="1.0" weight="1" />
    <loc xlink:type="locator" xlink:href="http://xbrl.fasb.org/us-gaap/2011/elts/us-gaap-2011-01-31.xsd#us-gaap_AssetsCurrent" xlink:label="Locator_us-gaap_AssetsCurrent_245" />
    <loc xlink:type="locator" xlink:href="http://xbrl.fasb.org/us-gaap/2011/elts/us-gaap-2011-01-31.xsd#us-gaap_AccountsReceivableNetCurrent" xlink:label="Locator_us-gaap_AccountsReceivableNetCurrent_246" />
    <calculationArc xlink:type="arc" xlink:arcrole="http://www.xbrl.org/2003/arcrole/summation-item" xlink:from="Locator_us-gaap_AssetsCurrent_245" xlink:to="Locator_us-gaap_AccountsReceivableNetCurrent_246" order="2.0" weight="1" />
    <loc xlink:type="locator" xlink:href="http://xbrl.fasb.org/us-gaap/2011/elts/us-gaap-2011-01-31.xsd#us-gaap_AssetsCurrent" xlink:label="Locator_us-gaap_AssetsCurrent_247" />
    <loc xlink:type="locator" xlink:href="http://xbrl.fasb.org/us-gaap/2011/elts/us-gaap-2011-01-31.xsd#us-gaap_InventoryNet" xlink:label="Locator_us-gaap_InventoryNet_248" />
    <calculationArc xlink:type="arc" xlink:arcrole="http://www.xbrl.org/2003/arcrole/summation-item" xlink:from="Locator_us-gaap_AssetsCurrent_247" xlink:to="Locator_us-gaap_InventoryNet_248" order="3.0" weight="1" />
    <loc xlink:type="locator" xlink:href="http://xbrl.fasb.org/us-gaap/2011/elts/us-gaap-2011-01-31.xsd#us-gaap_InventoryNet" xlink:label="Locator_us-gaap_InventoryNet_257" />
    <loc xlink:type="locator" xlink:href="http://xbrl.fasb.org/us-gaap/2011/elts/us-gaap-2011-01-31.xsd#us-gaap_InventoryFinishedGoods" xlink:label="Locator_us-gaap_InventoryFinishedGoods_258" />
    <calculationArc xlink:type="arc" xlink:arcrole="http://www.xbrl.org/2003/arcrole/summation-item" xlink:from="Locator_us-gaap_InventoryNet_257" xlink:to="Locator_us-gaap_InventoryFinishedGoods_258" order="1.0" weight="1" />
    <loc xlink:type="locator" xlink:href="http://xbrl.fasb.org/us-gaap/2011/elts/us-gaap-2011-01-31.xsd#us-gaap_InventoryNet" xlink:label="Locator_us-gaap_InventoryNet_259" />
    <loc xlink:type="locator" xlink:href="http://xbrl.fasb.org/us-gaap/2011/elts/us-gaap-2011-01-31.xsd#us-gaap_InventoryWorkInProcess" xlink:label="Locator_us-gaap_InventoryWorkInProcess_260" />
    <calculationArc xlink:type="arc" xlink:arcrole="http://www.xbrl.org/2003/arcrole/summation-item" xlink:from="Locator_us-gaap_InventoryNet_259" xlink:to="Locator_us-gaap_InventoryWorkInProcess_260" order="2.0" weight="1" />
    <loc xlink:type="locator" xlink:href="http://xbrl.fasb.org/us-gaap/2011/elts/us-gaap-2011-01-31.xsd#us-gaap_InventoryNet" xlink:label="Locator_us-gaap_InventoryNet_261" />
    <loc xlink:type="locator" xlink:href="http://xbrl.fasb.org/us-gaap/2011/elts/us-gaap-2011-01-31.xsd#us-gaap_InventoryRawMaterialsAndSupplies" xlink:label="Locator_us-gaap_InventoryRawMaterialsAndSupplies_262" />
    <calculationArc xlink:type="arc" xlink:arcrole="http://www.xbrl.org/2003/arcrole/summation-item" xlink:from="Locator_us-gaap_InventoryNet_261" xlink:to="Locator_us-gaap_InventoryRawMaterialsAndSupplies_262" order="3.0" weight="1" />
    <loc xlink:type="locator" xlink:href="http://xbrl.fasb.org/us-gaap/2011/elts/us-gaap-2011-01-31.xsd#us-gaap_InventoryNet" xlink:label="Locator_us-gaap_InventoryNet_263" />
    <loc xlink:type="locator" xlink:href="senea-20121229.xsd#senea_OffSeasonReserve" xlink:label="Locator_senea_OffSeasonReserve_264" />
    <calculationArc xlink:type="arc" xlink:arcrole="http://www.xbrl.org/2003/arcrole/summation-item" xlink:from="Locator_us-gaap_InventoryNet_263" xlink:to="Locator_senea_OffSeasonReserve_264" order="4.0" weight="-1" />
    <loc xlink:type="locator" xlink:href="http://xbrl.fasb.org/us-gaap/2011/elts/us-gaap-2011-01-31.xsd#us-gaap_AssetsCurrent" xlink:label="Locator_us-gaap_AssetsCurrent_249" />
    <loc xlink:type="locator" xlink:href="http://xbrl.fasb.org/us-gaap/2011/elts/us-gaap-2011-01-31.xsd#us-gaap_DeferredTaxAssetsNetCurrent" xlink:label="Locator_us-gaap_DeferredTaxAssetsNetCurrent_250" />
    <calculationArc xlink:type="arc" xlink:arcrole="http://www.xbrl.org/2003/arcrole/summation-item" xlink:from="Locator_us-gaap_AssetsCurrent_249" xlink:to="Locator_us-gaap_DeferredTaxAssetsNetCurrent_250" order="4.0" weight="1" />
    <loc xlink:type="locator" xlink:href="http://xbrl.fasb.org/us-gaap/2011/elts/us-gaap-2011-01-31.xsd#us-gaap_AssetsCurrent" xlink:label="Locator_us-gaap_AssetsCurrent_251" />
    <loc xlink:type="locator" xlink:href="http://xbrl.fasb.org/us-gaap/2011/elts/us-gaap-2011-01-31.xsd#us-gaap_OtherAssetsCurrent" xlink:label="Locator_us-gaap_OtherAssetsCurrent_252" />
    <calculationArc xlink:type="arc" xlink:arcrole="http://www.xbrl.org/2003/arcrole/summation-item" xlink:from="Locator_us-gaap_AssetsCurrent_251" xlink:to="Locator_us-gaap_OtherAssetsCurrent_252" order="5.0" weight="1" />
    <loc xlink:type="locator" xlink:href="http://xbrl.fasb.org/us-gaap/2011/elts/us-gaap-2011-01-31.xsd#us-gaap_AssetsCurrent" xlink:label="Locator_us-gaap_AssetsCurrent_253" />
    <loc xlink:type="locator" xlink:href="http://xbrl.fasb.org/us-gaap/2011/elts/us-gaap-2011-01-31.xsd#us-gaap_IncomeTaxesReceivable" xlink:label="Locator_us-gaap_IncomeTaxesReceivable_254" />
    <calculationArc xlink:type="arc" xlink:arcrole="http://www.xbrl.org/2003/arcrole/summation-item" xlink:from="Locator_us-gaap_AssetsCurrent_253" xlink:to="Locator_us-gaap_IncomeTaxesReceivable_254" order="6.0" weight="1" />
    <loc xlink:type="locator" xlink:href="http://xbrl.fasb.org/us-gaap/2011/elts/us-gaap-2011-01-31.xsd#us-gaap_AssetsCurrent" xlink:label="Locator_us-gaap_AssetsCurrent_255" />
    <loc xlink:type="locator" xlink:href="http://xbrl.fasb.org/us-gaap/2011/elts/us-gaap-2011-01-31.xsd#us-gaap_NotesAndLoansReceivableNetCurrent" xlink:label="Locator_us-gaap_NotesAndLoansReceivableNetCurrent_256" />
    <calculationArc xlink:type="arc" xlink:arcrole="http://www.xbrl.org/2003/arcrole/summation-item" xlink:from="Locator_us-gaap_AssetsCurrent_255" xlink:to="Locator_us-gaap_NotesAndLoansReceivableNetCurrent_256" order="7.0" weight="1" />
    <loc xlink:type="locator" xlink:href="http://xbrl.fasb.org/us-gaap/2011/elts/us-gaap-2011-01-31.xsd#us-gaap_Assets" xlink:label="Locator_us-gaap_Assets_237" />
    <loc xlink:type="locator" xlink:href="http://xbrl.fasb.org/us-gaap/2011/elts/us-gaap-2011-01-31.xsd#us-gaap_PropertyPlantAndEquipmentNet" xlink:label="Locator_us-gaap_PropertyPlantAndEquipmentNet_238" />
    <calculationArc xlink:type="arc" xlink:arcrole="http://www.xbrl.org/2003/arcrole/summation-item" xlink:from="Locator_us-gaap_Assets_237" xlink:to="Locator_us-gaap_PropertyPlantAndEquipmentNet_238" order="2.0" weight="1" />
    <loc xlink:type="locator" xlink:href="http://xbrl.fasb.org/us-gaap/2011/elts/us-gaap-2011-01-31.xsd#us-gaap_Assets" xlink:label="Locator_us-gaap_Assets_239" />
    <loc xlink:type="locator" xlink:href="http://xbrl.fasb.org/us-gaap/2011/elts/us-gaap-2011-01-31.xsd#us-gaap_OtherAssetsNoncurrent" xlink:label="Locator_us-gaap_OtherAssetsNoncurrent_240" />
    <calculationArc xlink:type="arc" xlink:arcrole="http://www.xbrl.org/2003/arcrole/summation-item" xlink:from="Locator_us-gaap_Assets_239" xlink:to="Locator_us-gaap_OtherAssetsNoncurrent_240" order="3.0" weight="1" />
    <loc xlink:type="locator" xlink:href="http://xbrl.fasb.org/us-gaap/2011/elts/us-gaap-2011-01-31.xsd#us-gaap_Assets" xlink:label="Locator_us-gaap_Assets_241" />
    <loc xlink:type="locator" xlink:href="http://xbrl.fasb.org/us-gaap/2011/elts/us-gaap-2011-01-31.xsd#us-gaap_DeferredTaxAssetsNetNoncurrent" xlink:label="Locator_us-gaap_DeferredTaxAssetsNetNoncurrent_242" />
    <calculationArc xlink:type="arc" xlink:arcrole="http://www.xbrl.org/2003/arcrole/summation-item" xlink:from="Locator_us-gaap_Assets_241" xlink:to="Locator_us-gaap_DeferredTaxAssetsNetNoncurrent_242" order="4.0" weight="1" />
  </calculationLink>
  <calculationLink xlink:type="extended" xlink:role="http://www.senecafoods.com/role/StatementCONDENSEDCONSOLIDATEDSTATEMENTSOFCASHFLOWS">
    <loc xlink:type="locator" xlink:href="http://xbrl.fasb.org/us-gaap/2011/elts/us-gaap-2011-01-31.xsd#us-gaap_CashAndCashEquivalentsPeriodIncreaseDecrease" xlink:label="Locator_us-gaap_CashAndCashEquivalentsPeriodIncreaseDecrease_331" />
    <loc xlink:type="locator" xlink:href="http://xbrl.fasb.org/us-gaap/2011/elts/us-gaap-2011-01-31.xsd#us-gaap_NetCashProvidedByUsedInFinancingActivities" xlink:label="Locator_us-gaap_NetCashProvidedByUsedInFinancingActivities_332" />
    <calculationArc xlink:type="arc" xlink:arcrole="http://www.xbrl.org/2003/arcrole/summation-item" xlink:from="Locator_us-gaap_CashAndCashEquivalentsPeriodIncreaseDecrease_331" xlink:to="Locator_us-gaap_NetCashProvidedByUsedInFinancingActivities_332" order="1.0" weight="1" />
    <loc xlink:type="locator" xlink:href="http://xbrl.fasb.org/us-gaap/2011/elts/us-gaap-2011-01-31.xsd#us-gaap_NetCashProvidedByUsedInFinancingActivities" xlink:label="Locator_us-gaap_NetCashProvidedByUsedInFinancingActivities_337" />
    <loc xlink:type="locator" xlink:href="http://xbrl.fasb.org/us-gaap/2011/elts/us-gaap-2011-01-31.xsd#us-gaap_ProceedsFromIssuanceOfLongTermDebt" xlink:label="Locator_us-gaap_ProceedsFromIssuanceOfLongTermDebt_338" />
    <calculationArc xlink:type="arc" xlink:arcrole="http://www.xbrl.org/2003/arcrole/summation-item" xlink:from="Locator_us-gaap_NetCashProvidedByUsedInFinancingActivities_337" xlink:to="Locator_us-gaap_ProceedsFromIssuanceOfLongTermDebt_338" order="1.0" weight="1" />
    <loc xlink:type="locator" xlink:href="http://xbrl.fasb.org/us-gaap/2011/elts/us-gaap-2011-01-31.xsd#us-gaap_NetCashProvidedByUsedInFinancingActivities" xlink:label="Locator_us-gaap_NetCashProvidedByUsedInFinancingActivities_339" />
    <loc xlink:type="locator" xlink:href="http://xbrl.fasb.org/us-gaap/2011/elts/us-gaap-2011-01-31.xsd#us-gaap_RepaymentsOfLongTermDebt" xlink:label="Locator_us-gaap_RepaymentsOfLongTermDebt_340" />
    <calculationArc xlink:type="arc" xlink:arcrole="http://www.xbrl.org/2003/arcrole/summation-item" xlink:from="Locator_us-gaap_NetCashProvidedByUsedInFinancingActivities_339" xlink:to="Locator_us-gaap_RepaymentsOfLongTermDebt_340" order="2.0" weight="-1" />
    <loc xlink:type="locator" xlink:href="http://xbrl.fasb.org/us-gaap/2011/elts/us-gaap-2011-01-31.xsd#us-gaap_NetCashProvidedByUsedInFinancingActivities" xlink:label="Locator_us-gaap_NetCashProvidedByUsedInFinancingActivities_341" />
    <loc xlink:type="locator" xlink:href="http://xbrl.fasb.org/us-gaap/2011/elts/us-gaap-2011-01-31.xsd#us-gaap_ProceedsFromShortTermDebt" xlink:label="Locator_us-gaap_ProceedsFromShortTermDebt_342" />
    <calculationArc xlink:type="arc" xlink:arcrole="http://www.xbrl.org/2003/arcrole/summation-item" xlink:from="Locator_us-gaap_NetCashProvidedByUsedInFinancingActivities_341" xlink:to="Locator_us-gaap_ProceedsFromShortTermDebt_342" order="3.0" weight="1" />
    <loc xlink:type="locator" xlink:href="http://xbrl.fasb.org/us-gaap/2011/elts/us-gaap-2011-01-31.xsd#us-gaap_NetCashProvidedByUsedInFinancingActivities" xlink:label="Locator_us-gaap_NetCashProvidedByUsedInFinancingActivities_343" />
    <loc xlink:type="locator" xlink:href="http://xbrl.fasb.org/us-gaap/2011/elts/us-gaap-2011-01-31.xsd#us-gaap_IncreaseDecreaseInOtherNoncurrentAssets" xlink:label="Locator_us-gaap_IncreaseDecreaseInOtherNoncurrentAssets_344" />
    <calculationArc xlink:type="arc" xlink:arcrole="http://www.xbrl.org/2003/arcrole/summation-item" xlink:from="Locator_us-gaap_NetCashProvidedByUsedInFinancingActivities_343" xlink:to="Locator_us-gaap_IncreaseDecreaseInOtherNoncurrentAssets_344" order="4.0" weight="-1" />
    <loc xlink:type="locator" xlink:href="http://xbrl.fasb.org/us-gaap/2011/elts/us-gaap-2011-01-31.xsd#us-gaap_NetCashProvidedByUsedInFinancingActivities" xlink:label="Locator_us-gaap_NetCashProvidedByUsedInFinancingActivities_345" />
    <loc xlink:type="locator" xlink:href="http://xbrl.fasb.org/us-gaap/2011/elts/us-gaap-2011-01-31.xsd#us-gaap_PaymentsOfDividends" xlink:label="Locator_us-gaap_PaymentsOfDividends_346" />
    <calculationArc xlink:type="arc" xlink:arcrole="http://www.xbrl.org/2003/arcrole/summation-item" xlink:from="Locator_us-gaap_NetCashProvidedByUsedInFinancingActivities_345" xlink:to="Locator_us-gaap_PaymentsOfDividends_346" order="5.0" weight="-1" />
    <loc xlink:type="locator" xlink:href="http://xbrl.fasb.org/us-gaap/2011/elts/us-gaap-2011-01-31.xsd#us-gaap_NetCashProvidedByUsedInFinancingActivities" xlink:label="Locator_us-gaap_NetCashProvidedByUsedInFinancingActivities_347" />
    <loc xlink:type="locator" xlink:href="http://xbrl.fasb.org/us-gaap/2011/elts/us-gaap-2011-01-31.xsd#us-gaap_PaymentsForRepurchaseOfCommonStock" xlink:label="Locator_us-gaap_PaymentsForRepurchaseOfCommonStock_348" />
    <calculationArc xlink:type="arc" xlink:arcrole="http://www.xbrl.org/2003/arcrole/summation-item" xlink:from="Locator_us-gaap_NetCashProvidedByUsedInFinancingActivities_347" xlink:to="Locator_us-gaap_PaymentsForRepurchaseOfCommonStock_348" order="6.0" weight="-1" />
    <loc xlink:type="locator" xlink:href="http://xbrl.fasb.org/us-gaap/2011/elts/us-gaap-2011-01-31.xsd#us-gaap_CashAndCashEquivalentsPeriodIncreaseDecrease" xlink:label="Locator_us-gaap_CashAndCashEquivalentsPeriodIncreaseDecrease_333" />
    <loc xlink:type="locator" xlink:href="http://xbrl.fasb.org/us-gaap/2011/elts/us-gaap-2011-01-31.xsd#us-gaap_NetCashProvidedByUsedInInvestingActivities" xlink:label="Locator_us-gaap_NetCashProvidedByUsedInInvestingActivities_334" />
    <calculationArc xlink:type="arc" xlink:arcrole="http://www.xbrl.org/2003/arcrole/summation-item" xlink:from="Locator_us-gaap_CashAndCashEquivalentsPeriodIncreaseDecrease_333" xlink:to="Locator_us-gaap_NetCashProvidedByUsedInInvestingActivities_334" order="2.0" weight="1" />
    <loc xlink:type="locator" xlink:href="http://xbrl.fasb.org/us-gaap/2011/elts/us-gaap-2011-01-31.xsd#us-gaap_NetCashProvidedByUsedInInvestingActivities" xlink:label="Locator_us-gaap_NetCashProvidedByUsedInInvestingActivities_349" />
    <loc xlink:type="locator" xlink:href="http://xbrl.fasb.org/us-gaap/2011/elts/us-gaap-2011-01-31.xsd#us-gaap_PropertyPlantAndEquipmentAdditions" xlink:label="Locator_us-gaap_PropertyPlantAndEquipmentAdditions_350" />
    <calculationArc xlink:type="arc" xlink:arcrole="http://www.xbrl.org/2003/arcrole/summation-item" xlink:from="Locator_us-gaap_NetCashProvidedByUsedInInvestingActivities_349" xlink:to="Locator_us-gaap_PropertyPlantAndEquipmentAdditions_350" order="1.0" weight="1" />
    <loc xlink:type="locator" xlink:href="http://xbrl.fasb.org/us-gaap/2011/elts/us-gaap-2011-01-31.xsd#us-gaap_NetCashProvidedByUsedInInvestingActivities" xlink:label="Locator_us-gaap_NetCashProvidedByUsedInInvestingActivities_351" />
    <loc xlink:type="locator" xlink:href="http://xbrl.fasb.org/us-gaap/2011/elts/us-gaap-2011-01-31.xsd#us-gaap_ProceedsFromSaleOfPropertyPlantAndEquipment" xlink:label="Locator_us-gaap_ProceedsFromSaleOfPropertyPlantAndEquipment_352" />
    <calculationArc xlink:type="arc" xlink:arcrole="http://www.xbrl.org/2003/arcrole/summation-item" xlink:from="Locator_us-gaap_NetCashProvidedByUsedInInvestingActivities_351" xlink:to="Locator_us-gaap_ProceedsFromSaleOfPropertyPlantAndEquipment_352" order="2.0" weight="1" />
    <loc xlink:type="locator" xlink:href="http://xbrl.fasb.org/us-gaap/2011/elts/us-gaap-2011-01-31.xsd#us-gaap_NetCashProvidedByUsedInInvestingActivities" xlink:label="Locator_us-gaap_NetCashProvidedByUsedInInvestingActivities_353" />
    <loc xlink:type="locator" xlink:href="http://xbrl.fasb.org/us-gaap/2011/elts/us-gaap-2011-01-31.xsd#us-gaap_PaymentsToAcquireBusinessesNetOfCashAcquired" xlink:label="Locator_us-gaap_PaymentsToAcquireBusinessesNetOfCashAcquired_354" />
    <calculationArc xlink:type="arc" xlink:arcrole="http://www.xbrl.org/2003/arcrole/summation-item" xlink:from="Locator_us-gaap_NetCashProvidedByUsedInInvestingActivities_353" xlink:to="Locator_us-gaap_PaymentsToAcquireBusinessesNetOfCashAcquired_354" order="3.0" weight="-1" />
    <loc xlink:type="locator" xlink:href="http://xbrl.fasb.org/us-gaap/2011/elts/us-gaap-2011-01-31.xsd#us-gaap_NetCashProvidedByUsedInInvestingActivities" xlink:label="Locator_us-gaap_NetCashProvidedByUsedInInvestingActivities_355" />
    <loc xlink:type="locator" xlink:href="http://xbrl.fasb.org/us-gaap/2011/elts/us-gaap-2011-01-31.xsd#us-gaap_PaymentsForProceedsFromLoansReceivable" xlink:label="Locator_us-gaap_PaymentsForProceedsFromLoansReceivable_356" />
    <calculationArc xlink:type="arc" xlink:arcrole="http://www.xbrl.org/2003/arcrole/summation-item" xlink:from="Locator_us-gaap_NetCashProvidedByUsedInInvestingActivities_355" xlink:to="Locator_us-gaap_PaymentsForProceedsFromLoansReceivable_356" order="4.0" weight="-1" />
    <loc xlink:type="locator" xlink:href="http://xbrl.fasb.org/us-gaap/2011/elts/us-gaap-2011-01-31.xsd#us-gaap_CashAndCashEquivalentsPeriodIncreaseDecrease" xlink:label="Locator_us-gaap_CashAndCashEquivalentsPeriodIncreaseDecrease_335" />
    <loc xlink:type="locator" xlink:href="http://xbrl.fasb.org/us-gaap/2011/elts/us-gaap-2011-01-31.xsd#us-gaap_NetCashProvidedByUsedInOperatingActivities" xlink:label="Locator_us-gaap_NetCashProvidedByUsedInOperatingActivities_336" />
    <calculationArc xlink:type="arc" xlink:arcrole="http://www.xbrl.org/2003/arcrole/summation-item" xlink:from="Locator_us-gaap_CashAndCashEquivalentsPeriodIncreaseDecrease_335" xlink:to="Locator_us-gaap_NetCashProvidedByUsedInOperatingActivities_336" order="3.0" weight="1" />
    <loc xlink:type="locator" xlink:href="http://xbrl.fasb.org/us-gaap/2011/elts/us-gaap-2011-01-31.xsd#us-gaap_NetCashProvidedByUsedInOperatingActivities" xlink:label="Locator_us-gaap_NetCashProvidedByUsedInOperatingActivities_357" />
    <loc xlink:type="locator" xlink:href="http://xbrl.fasb.org/us-gaap/2011/elts/us-gaap-2011-01-31.xsd#us-gaap_NetIncomeLoss" xlink:label="Locator_us-gaap_NetIncomeLoss_358" />
    <calculationArc xlink:type="arc" xlink:arcrole="http://www.xbrl.org/2003/arcrole/summation-item" xlink:from="Locator_us-gaap_NetCashProvidedByUsedInOperatingActivities_357" xlink:to="Locator_us-gaap_NetIncomeLoss_358" order="1.0" weight="1" />
    <loc xlink:type="locator" xlink:href="http://xbrl.fasb.org/us-gaap/2011/elts/us-gaap-2011-01-31.xsd#us-gaap_NetCashProvidedByUsedInOperatingActivities" xlink:label="Locator_us-gaap_NetCashProvidedByUsedInOperatingActivities_359" />
    <loc xlink:type="locator" xlink:href="http://xbrl.fasb.org/us-gaap/2011/elts/us-gaap-2011-01-31.xsd#us-gaap_DepreciationAndAmortization" xlink:label="Locator_us-gaap_DepreciationAndAmortization_360" />
    <calculationArc xlink:type="arc" xlink:arcrole="http://www.xbrl.org/2003/arcrole/summation-item" xlink:from="Locator_us-gaap_NetCashProvidedByUsedInOperatingActivities_359" xlink:to="Locator_us-gaap_DepreciationAndAmortization_360" order="2.0" weight="1" />
    <loc xlink:type="locator" xlink:href="http://xbrl.fasb.org/us-gaap/2011/elts/us-gaap-2011-01-31.xsd#us-gaap_NetCashProvidedByUsedInOperatingActivities" xlink:label="Locator_us-gaap_NetCashProvidedByUsedInOperatingActivities_361" />
    <loc xlink:type="locator" xlink:href="http://xbrl.fasb.org/us-gaap/2011/elts/us-gaap-2011-01-31.xsd#us-gaap_GainLossOnSaleOfProperty" xlink:label="Locator_us-gaap_GainLossOnSaleOfProperty_362" />
    <calculationArc xlink:type="arc" xlink:arcrole="http://www.xbrl.org/2003/arcrole/summation-item" xlink:from="Locator_us-gaap_NetCashProvidedByUsedInOperatingActivities_361" xlink:to="Locator_us-gaap_GainLossOnSaleOfProperty_362" order="3.0" weight="-1" />
    <loc xlink:type="locator" xlink:href="http://xbrl.fasb.org/us-gaap/2011/elts/us-gaap-2011-01-31.xsd#us-gaap_NetCashProvidedByUsedInOperatingActivities" xlink:label="Locator_us-gaap_NetCashProvidedByUsedInOperatingActivities_363" />
    <loc xlink:type="locator" xlink:href="http://xbrl.fasb.org/us-gaap/2011/elts/us-gaap-2011-01-31.xsd#us-gaap_DeferredIncomeTaxExpenseBenefit" xlink:label="Locator_us-gaap_DeferredIncomeTaxExpenseBenefit_364" />
    <calculationArc xlink:type="arc" xlink:arcrole="http://www.xbrl.org/2003/arcrole/summation-item" xlink:from="Locator_us-gaap_NetCashProvidedByUsedInOperatingActivities_363" xlink:to="Locator_us-gaap_DeferredIncomeTaxExpenseBenefit_364" order="4.0" weight="1" />
    <loc xlink:type="locator" xlink:href="http://xbrl.fasb.org/us-gaap/2011/elts/us-gaap-2011-01-31.xsd#us-gaap_NetCashProvidedByUsedInOperatingActivities" xlink:label="Locator_us-gaap_NetCashProvidedByUsedInOperatingActivities_365" />
    <loc xlink:type="locator" xlink:href="http://xbrl.fasb.org/us-gaap/2011/elts/us-gaap-2011-01-31.xsd#us-gaap_IncreaseDecreaseInAccountsReceivable" xlink:label="Locator_us-gaap_IncreaseDecreaseInAccountsReceivable_366" />
    <calculationArc xlink:type="arc" xlink:arcrole="http://www.xbrl.org/2003/arcrole/summation-item" xlink:from="Locator_us-gaap_NetCashProvidedByUsedInOperatingActivities_365" xlink:to="Locator_us-gaap_IncreaseDecreaseInAccountsReceivable_366" order="5.0" weight="-1" />
    <loc xlink:type="locator" xlink:href="http://xbrl.fasb.org/us-gaap/2011/elts/us-gaap-2011-01-31.xsd#us-gaap_NetCashProvidedByUsedInOperatingActivities" xlink:label="Locator_us-gaap_NetCashProvidedByUsedInOperatingActivities_367" />
    <loc xlink:type="locator" xlink:href="http://xbrl.fasb.org/us-gaap/2011/elts/us-gaap-2011-01-31.xsd#us-gaap_IncreaseDecreaseInInventories" xlink:label="Locator_us-gaap_IncreaseDecreaseInInventories_368" />
    <calculationArc xlink:type="arc" xlink:arcrole="http://www.xbrl.org/2003/arcrole/summation-item" xlink:from="Locator_us-gaap_NetCashProvidedByUsedInOperatingActivities_367" xlink:to="Locator_us-gaap_IncreaseDecreaseInInventories_368" order="6.0" weight="-1" />
    <loc xlink:type="locator" xlink:href="http://xbrl.fasb.org/us-gaap/2011/elts/us-gaap-2011-01-31.xsd#us-gaap_NetCashProvidedByUsedInOperatingActivities" xlink:label="Locator_us-gaap_NetCashProvidedByUsedInOperatingActivities_369" />
    <loc xlink:type="locator" xlink:href="senea-20121229.xsd#senea_IncreaseDecreaseInOffSeasonReserve" xlink:label="Locator_senea_IncreaseDecreaseInOffSeasonReserve_370" />
    <calculationArc xlink:type="arc" xlink:arcrole="http://www.xbrl.org/2003/arcrole/summation-item" xlink:from="Locator_us-gaap_NetCashProvidedByUsedInOperatingActivities_369" xlink:to="Locator_senea_IncreaseDecreaseInOffSeasonReserve_370" order="7.0" weight="1" />
    <loc xlink:type="locator" xlink:href="http://xbrl.fasb.org/us-gaap/2011/elts/us-gaap-2011-01-31.xsd#us-gaap_NetCashProvidedByUsedInOperatingActivities" xlink:label="Locator_us-gaap_NetCashProvidedByUsedInOperatingActivities_371" />
    <loc xlink:type="locator" xlink:href="http://xbrl.fasb.org/us-gaap/2011/elts/us-gaap-2011-01-31.xsd#us-gaap_IncreaseDecreaseInOtherCurrentAssets" xlink:label="Locator_us-gaap_IncreaseDecreaseInOtherCurrentAssets_372" />
    <calculationArc xlink:type="arc" xlink:arcrole="http://www.xbrl.org/2003/arcrole/summation-item" xlink:from="Locator_us-gaap_NetCashProvidedByUsedInOperatingActivities_371" xlink:to="Locator_us-gaap_IncreaseDecreaseInOtherCurrentAssets_372" order="8.0" weight="-1" />
    <loc xlink:type="locator" xlink:href="http://xbrl.fasb.org/us-gaap/2011/elts/us-gaap-2011-01-31.xsd#us-gaap_NetCashProvidedByUsedInOperatingActivities" xlink:label="Locator_us-gaap_NetCashProvidedByUsedInOperatingActivities_373" />
    <loc xlink:type="locator" xlink:href="http://xbrl.fasb.org/us-gaap/2011/elts/us-gaap-2011-01-31.xsd#us-gaap_IncreaseDecreaseInIncomeTaxes" xlink:label="Locator_us-gaap_IncreaseDecreaseInIncomeTaxes_374" />
    <calculationArc xlink:type="arc" xlink:arcrole="http://www.xbrl.org/2003/arcrole/summation-item" xlink:from="Locator_us-gaap_NetCashProvidedByUsedInOperatingActivities_373" xlink:to="Locator_us-gaap_IncreaseDecreaseInIncomeTaxes_374" order="9.0" weight="1" />
    <loc xlink:type="locator" xlink:href="http://xbrl.fasb.org/us-gaap/2011/elts/us-gaap-2011-01-31.xsd#us-gaap_NetCashProvidedByUsedInOperatingActivities" xlink:label="Locator_us-gaap_NetCashProvidedByUsedInOperatingActivities_375" />
    <loc xlink:type="locator" xlink:href="http://xbrl.fasb.org/us-gaap/2011/elts/us-gaap-2011-01-31.xsd#us-gaap_IncreaseDecreaseInAccountsPayableAndAccruedLiabilities" xlink:label="Locator_us-gaap_IncreaseDecreaseInAccountsPayableAndAccruedLiabilities_376" />
    <calculationArc xlink:type="arc" xlink:arcrole="http://www.xbrl.org/2003/arcrole/summation-item" xlink:from="Locator_us-gaap_NetCashProvidedByUsedInOperatingActivities_375" xlink:to="Locator_us-gaap_IncreaseDecreaseInAccountsPayableAndAccruedLiabilities_376" order="10.0" weight="1" />
  </calculationLink>
  <calculationLink xlink:type="extended" xlink:role="http://www.senecafoods.com/role/DisclosurePensiondetail">
    <loc xlink:type="locator" xlink:href="http://xbrl.fasb.org/us-gaap/2011/elts/us-gaap-2011-01-31.xsd#us-gaap_DefinedBenefitPlanNetPeriodicBenefitCost" xlink:label="Locator_us-gaap_DefinedBenefitPlanNetPeriodicBenefitCost_703" />
    <loc xlink:type="locator" xlink:href="http://xbrl.fasb.org/us-gaap/2011/elts/us-gaap-2011-01-31.xsd#us-gaap_DefinedBenefitPlanServiceCost" xlink:label="Locator_us-gaap_DefinedBenefitPlanServiceCost_704" />
    <calculationArc xlink:type="arc" xlink:arcrole="http://www.xbrl.org/2003/arcrole/summation-item" xlink:from="Locator_us-gaap_DefinedBenefitPlanNetPeriodicBenefitCost_703" xlink:to="Locator_us-gaap_DefinedBenefitPlanServiceCost_704" order="1.0" weight="1" />
    <loc xlink:type="locator" xlink:href="http://xbrl.fasb.org/us-gaap/2011/elts/us-gaap-2011-01-31.xsd#us-gaap_DefinedBenefitPlanNetPeriodicBenefitCost" xlink:label="Locator_us-gaap_DefinedBenefitPlanNetPeriodicBenefitCost_705" />
    <loc xlink:type="locator" xlink:href="http://xbrl.fasb.org/us-gaap/2011/elts/us-gaap-2011-01-31.xsd#us-gaap_DefinedBenefitPlanInterestCost" xlink:label="Locator_us-gaap_DefinedBenefitPlanInterestCost_706" />
    <calculationArc xlink:type="arc" xlink:arcrole="http://www.xbrl.org/2003/arcrole/summation-item" xlink:from="Locator_us-gaap_DefinedBenefitPlanNetPeriodicBenefitCost_705" xlink:to="Locator_us-gaap_DefinedBenefitPlanInterestCost_706" order="2.0" weight="1" />
    <loc xlink:type="locator" xlink:href="http://xbrl.fasb.org/us-gaap/2011/elts/us-gaap-2011-01-31.xsd#us-gaap_DefinedBenefitPlanNetPeriodicBenefitCost" xlink:label="Locator_us-gaap_DefinedBenefitPlanNetPeriodicBenefitCost_707" />
    <loc xlink:type="locator" xlink:href="http://xbrl.fasb.org/us-gaap/2011/elts/us-gaap-2011-01-31.xsd#us-gaap_DefinedBenefitPlanActuarialNetGainsLosses" xlink:label="Locator_us-gaap_DefinedBenefitPlanActuarialNetGainsLosses_708" />
    <calculationArc xlink:type="arc" xlink:arcrole="http://www.xbrl.org/2003/arcrole/summation-item" xlink:from="Locator_us-gaap_DefinedBenefitPlanNetPeriodicBenefitCost_707" xlink:to="Locator_us-gaap_DefinedBenefitPlanActuarialNetGainsLosses_708" order="3.0" weight="1" />
    <loc xlink:type="locator" xlink:href="http://xbrl.fasb.org/us-gaap/2011/elts/us-gaap-2011-01-31.xsd#us-gaap_DefinedBenefitPlanNetPeriodicBenefitCost" xlink:label="Locator_us-gaap_DefinedBenefitPlanNetPeriodicBenefitCost_709" />
    <loc xlink:type="locator" xlink:href="http://xbrl.fasb.org/us-gaap/2011/elts/us-gaap-2011-01-31.xsd#us-gaap_DefinedBenefitPlanAmortizationOfTransitionObligationsAssets" xlink:label="Locator_us-gaap_DefinedBenefitPlanAmortizationOfTransitionObligationsAssets_710" />
    <calculationArc xlink:type="arc" xlink:arcrole="http://www.xbrl.org/2003/arcrole/summation-item" xlink:from="Locator_us-gaap_DefinedBenefitPlanNetPeriodicBenefitCost_709" xlink:to="Locator_us-gaap_DefinedBenefitPlanAmortizationOfTransitionObligationsAssets_710" order="4.0" weight="1" />
    <loc xlink:type="locator" xlink:href="http://xbrl.fasb.org/us-gaap/2011/elts/us-gaap-2011-01-31.xsd#us-gaap_DefinedBenefitPlanNetPeriodicBenefitCost" xlink:label="Locator_us-gaap_DefinedBenefitPlanNetPeriodicBenefitCost_711" />
    <loc xlink:type="locator" xlink:href="http://xbrl.fasb.org/us-gaap/2011/elts/us-gaap-2011-01-31.xsd#us-gaap_DefinedBenefitPlanExpectedReturnOnPlanAssets" xlink:label="Locator_us-gaap_DefinedBenefitPlanExpectedReturnOnPlanAssets_712" />
    <calculationArc xlink:type="arc" xlink:arcrole="http://www.xbrl.org/2003/arcrole/summation-item" xlink:from="Locator_us-gaap_DefinedBenefitPlanNetPeriodicBenefitCost_711" xlink:to="Locator_us-gaap_DefinedBenefitPlanExpectedReturnOnPlanAssets_712" order="5.0" weight="-1" />
  </calculationLink>
  <calculationLink xlink:type="extended" xlink:role="http://www.senecafoods.com/role/DisclosureEarningPerShareBasicdetail">
    <loc xlink:type="locator" xlink:href="http://xbrl.fasb.org/us-gaap/2011/elts/us-gaap-2011-01-31.xsd#us-gaap_NetIncomeLossAvailableToCommonStockholdersBasic" xlink:label="Locator_us-gaap_NetIncomeLossAvailableToCommonStockholdersBasic_781" />
    <loc xlink:type="locator" xlink:href="http://xbrl.fasb.org/us-gaap/2011/elts/us-gaap-2011-01-31.xsd#us-gaap_UndistributedEarnings" xlink:label="Locator_us-gaap_UndistributedEarnings_782" />
    <calculationArc xlink:type="arc" xlink:arcrole="http://www.xbrl.org/2003/arcrole/summation-item" xlink:from="Locator_us-gaap_NetIncomeLossAvailableToCommonStockholdersBasic_781" xlink:to="Locator_us-gaap_UndistributedEarnings_782" order="1.0" weight="1" />
    <loc xlink:type="locator" xlink:href="http://xbrl.fasb.org/us-gaap/2011/elts/us-gaap-2011-01-31.xsd#us-gaap_UndistributedEarnings" xlink:label="Locator_us-gaap_UndistributedEarnings_777" />
    <loc xlink:type="locator" xlink:href="http://xbrl.fasb.org/us-gaap/2011/elts/us-gaap-2011-01-31.xsd#us-gaap_NetIncomeLoss" xlink:label="Locator_us-gaap_NetIncomeLoss_778" />
    <calculationArc xlink:type="arc" xlink:arcrole="http://www.xbrl.org/2003/arcrole/summation-item" xlink:from="Locator_us-gaap_UndistributedEarnings_777" xlink:to="Locator_us-gaap_NetIncomeLoss_778" order="1.0" weight="1" />
    <loc xlink:type="locator" xlink:href="http://xbrl.fasb.org/us-gaap/2011/elts/us-gaap-2011-01-31.xsd#us-gaap_UndistributedEarnings" xlink:label="Locator_us-gaap_UndistributedEarnings_779" />
    <loc xlink:type="locator" xlink:href="http://xbrl.fasb.org/us-gaap/2011/elts/us-gaap-2011-01-31.xsd#us-gaap_DividendsCash" xlink:label="Locator_us-gaap_DividendsCash_780" />
    <calculationArc xlink:type="arc" xlink:arcrole="http://www.xbrl.org/2003/arcrole/summation-item" xlink:from="Locator_us-gaap_UndistributedEarnings_779" xlink:to="Locator_us-gaap_DividendsCash_780" order="2.0" weight="-1" />
    <loc xlink:type="locator" xlink:href="http://xbrl.fasb.org/us-gaap/2011/elts/us-gaap-2011-01-31.xsd#us-gaap_NetIncomeLossAvailableToCommonStockholdersBasic" xlink:label="Locator_us-gaap_NetIncomeLossAvailableToCommonStockholdersBasic_783" />
    <loc xlink:type="locator" xlink:href="http://xbrl.fasb.org/us-gaap/2011/elts/us-gaap-2011-01-31.xsd#us-gaap_UndistributedEarningsAllocatedToParticipatingSecurities" xlink:label="Locator_us-gaap_UndistributedEarningsAllocatedToParticipatingSecurities_784" />
    <calculationArc xlink:type="arc" xlink:arcrole="http://www.xbrl.org/2003/arcrole/summation-item" xlink:from="Locator_us-gaap_NetIncomeLossAvailableToCommonStockholdersBasic_783" xlink:to="Locator_us-gaap_UndistributedEarningsAllocatedToParticipatingSecurities_784" order="2.0" weight="-1" />
  </calculationLink>
  <calculationLink xlink:type="extended" xlink:role="http://www.senecafoods.com/role/EarningPerShareDiluteddetail">
    <loc xlink:type="locator" xlink:href="http://xbrl.fasb.org/us-gaap/2011/elts/us-gaap-2011-01-31.xsd#us-gaap_WeightedAverageNumberOfDilutedSharesOutstanding" xlink:label="Locator_us-gaap_WeightedAverageNumberOfDilutedSharesOutstanding_827" />
    <loc xlink:type="locator" xlink:href="http://xbrl.fasb.org/us-gaap/2011/elts/us-gaap-2011-01-31.xsd#us-gaap_WeightedAverageNumberOfSharesOutstandingBasic" xlink:label="Locator_us-gaap_WeightedAverageNumberOfSharesOutstandingBasic_828" />
    <calculationArc xlink:type="arc" xlink:arcrole="http://www.xbrl.org/2003/arcrole/summation-item" xlink:from="Locator_us-gaap_WeightedAverageNumberOfDilutedSharesOutstanding_827" xlink:to="Locator_us-gaap_WeightedAverageNumberOfSharesOutstandingBasic_828" order="1.0" weight="1" />
    <loc xlink:type="locator" xlink:href="http://xbrl.fasb.org/us-gaap/2011/elts/us-gaap-2011-01-31.xsd#us-gaap_WeightedAverageNumberOfDilutedSharesOutstanding" xlink:label="Locator_us-gaap_WeightedAverageNumberOfDilutedSharesOutstanding_829" />
    <loc xlink:type="locator" xlink:href="senea-20121229.xsd#senea_ShareBasedCompensationArrangementByShareBasedPaymentAwardNumberOfAdditionalSharesAuthorized" xlink:label="Locator_senea_ShareBasedCompensationArrangementByShareBasedPaymentAwardNumberOfAdditionalSharesAuthorized_830" />
    <calculationArc xlink:type="arc" xlink:arcrole="http://www.xbrl.org/2003/arcrole/summation-item" xlink:from="Locator_us-gaap_WeightedAverageNumberOfDilutedSharesOutstanding_829" xlink:to="Locator_senea_ShareBasedCompensationArrangementByShareBasedPaymentAwardNumberOfAdditionalSharesAuthorized_830" order="2.0" weight="1" />
    <loc xlink:type="locator" xlink:href="http://xbrl.fasb.org/us-gaap/2011/elts/us-gaap-2011-01-31.xsd#us-gaap_WeightedAverageNumberOfDilutedSharesOutstanding" xlink:label="Locator_us-gaap_WeightedAverageNumberOfDilutedSharesOutstanding_831" />
    <loc xlink:type="locator" xlink:href="http://xbrl.fasb.org/us-gaap/2011/elts/us-gaap-2011-01-31.xsd#us-gaap_IncrementalCommonSharesAttributableToConversionOfPreferredStock" xlink:label="Locator_us-gaap_IncrementalCommonSharesAttributableToConversionOfPreferredStock_832" />
    <calculationArc xlink:type="arc" xlink:arcrole="http://www.xbrl.org/2003/arcrole/summation-item" xlink:from="Locator_us-gaap_WeightedAverageNumberOfDilutedSharesOutstanding_831" xlink:to="Locator_us-gaap_IncrementalCommonSharesAttributableToConversionOfPreferredStock_832" order="3.0" weight="1" />
    <loc xlink:type="locator" xlink:href="http://xbrl.fasb.org/us-gaap/2011/elts/us-gaap-2011-01-31.xsd#us-gaap_NetIncomeLossAvailableToCommonStockholdersDiluted" xlink:label="Locator_us-gaap_NetIncomeLossAvailableToCommonStockholdersDiluted_823" />
    <loc xlink:type="locator" xlink:href="http://xbrl.fasb.org/us-gaap/2011/elts/us-gaap-2011-01-31.xsd#us-gaap_NetIncomeLossAvailableToCommonStockholdersBasic" xlink:label="Locator_us-gaap_NetIncomeLossAvailableToCommonStockholdersBasic_824" />
    <calculationArc xlink:type="arc" xlink:arcrole="http://www.xbrl.org/2003/arcrole/summation-item" xlink:from="Locator_us-gaap_NetIncomeLossAvailableToCommonStockholdersDiluted_823" xlink:to="Locator_us-gaap_NetIncomeLossAvailableToCommonStockholdersBasic_824" order="1.0" weight="1" />
    <loc xlink:type="locator" xlink:href="http://xbrl.fasb.org/us-gaap/2011/elts/us-gaap-2011-01-31.xsd#us-gaap_NetIncomeLossAvailableToCommonStockholdersDiluted" xlink:label="Locator_us-gaap_NetIncomeLossAvailableToCommonStockholdersDiluted_825" />
    <loc xlink:type="locator" xlink:href="senea-20121229.xsd#senea_DividendsConvertiblePreferredStockCash" xlink:label="Locator_senea_DividendsConvertiblePreferredStockCash_826" />
    <calculationArc xlink:type="arc" xlink:arcrole="http://www.xbrl.org/2003/arcrole/summation-item" xlink:from="Locator_us-gaap_NetIncomeLossAvailableToCommonStockholdersDiluted_825" xlink:to="Locator_senea_DividendsConvertiblePreferredStockCash_826" order="2.0" weight="1" />
  </calculationLink>
  <calculationLink xlink:type="extended" xlink:role="http://www.senecafoods.com/role/StatementCONDENSEDCONSOLIDATEDSTATEMENTOFCOMPREHENSIVEINCOME">
    <loc xlink:type="locator" xlink:href="http://xbrl.fasb.org/us-gaap/2011/elts/us-gaap-2011-01-31.xsd#us-gaap_OtherComprehensiveIncomeLossBeforeTaxPeriodIncreaseDecrease" xlink:label="Locator_us-gaap_OtherComprehensiveIncomeLossBeforeTaxPeriodIncreaseDecrease_849" />
    <loc xlink:type="locator" xlink:href="http://xbrl.fasb.org/us-gaap/2011/elts/us-gaap-2011-01-31.xsd#us-gaap_OtherThanTemporaryImpairmentLossesInvestmentsPortionInOtherComprehensiveIncomeLossNetOfTaxIncludingPortionAttributableToNoncontrollingInterestAvailableforsaleSecurities" xlink:label="Locator_us-gaap_OtherThanTemporaryImpairmentLossesInvestmentsPortionInOtherComprehensiveIncomeLossNetOfTaxIncludingPortionAttributableToNoncontrollingInterestAvailableforsaleSecurities_850" />
    <calculationArc xlink:type="arc" xlink:arcrole="http://www.xbrl.org/2003/arcrole/summation-item" xlink:from="Locator_us-gaap_OtherComprehensiveIncomeLossBeforeTaxPeriodIncreaseDecrease_849" xlink:to="Locator_us-gaap_OtherThanTemporaryImpairmentLossesInvestmentsPortionInOtherComprehensiveIncomeLossNetOfTaxIncludingPortionAttributableToNoncontrollingInterestAvailableforsaleSecurities_850" order="1.0" weight="1" />
    <loc xlink:type="locator" xlink:href="http://xbrl.fasb.org/us-gaap/2011/elts/us-gaap-2011-01-31.xsd#us-gaap_OtherComprehensiveIncomeLossBeforeTaxPeriodIncreaseDecrease" xlink:label="Locator_us-gaap_OtherComprehensiveIncomeLossBeforeTaxPeriodIncreaseDecrease_851" />
    <loc xlink:type="locator" xlink:href="http://xbrl.fasb.org/us-gaap/2011/elts/us-gaap-2011-01-31.xsd#us-gaap_NetIncomeLoss" xlink:label="Locator_us-gaap_NetIncomeLoss_852" />
    <calculationArc xlink:type="arc" xlink:arcrole="http://www.xbrl.org/2003/arcrole/summation-item" xlink:from="Locator_us-gaap_OtherComprehensiveIncomeLossBeforeTaxPeriodIncreaseDecrease_851" xlink:to="Locator_us-gaap_NetIncomeLoss_852" order="2.0" weight="1" />
  </calculationLink>
</linkbase>
