<?xml version="1.0" encoding="us-ascii"?>
<!-- Prepared by Clarity FSR  v6.6.0.465 using Fujitsu Interstage XWand -->
<linkbase xmlns:xsi="http://www.w3.org/2001/XMLSchema-instance" xsi:schemaLocation="http://www.xbrl.org/2003/instance http://www.xbrl.org/2003/xbrl-instance-2003-12-31.xsd" xmlns="http://www.xbrl.org/2003/linkbase" xmlns:xlink="http://www.w3.org/1999/xlink" xmlns:xbrli="http://www.xbrl.org/2003/instance" xmlns:xbrldt="http://xbrl.org/2005/xbrldt">
  <roleRef roleURI="http://www.senecafoods.com/role/DocumentDocumentAndEntityInformation" xlink:type="simple" xlink:href="senea-20121229.xsd#senea_ELRID_DocumentDocumentAndEntityInformation" />
  <roleRef roleURI="http://www.senecafoods.com/role/StatementCONDENSEDCONSOLIDATEDBALANCESHEETS" xlink:type="simple" xlink:href="senea-20121229.xsd#senea_ELRID_StatementCONDENSEDCONSOLIDATEDBALANCESHEETS" />
  <roleRef roleURI="http://www.senecafoods.com/role/StatementCONDENSEDCONSOLIDATEDSTATEMENTSOFSHAREHOLDERSEQUITY" xlink:type="simple" xlink:href="senea-20121229.xsd#senea_ELRID_StatementCONDENSEDCONSOLIDATEDSTATEMENTSOFSHAREHOLDERSEQUITY" />
  <roleRef roleURI="http://www.senecafoods.com/role/StatementCONDENSEDCONSOLIDATEDSTATEMENTSOFSHAREHOLDERSEQUITYParentheticals" xlink:type="simple" xlink:href="senea-20121229.xsd#senea_ELRID_StatementCONDENSEDCONSOLIDATEDSTATEMENTSOFSHAREHOLDERSEQUITYParentheticals" />
  <roleRef roleURI="http://www.senecafoods.com/role/BasisOfPresentationdetail" xlink:type="simple" xlink:href="senea-20121229.xsd#senea_ELRID_BasisOfPresentationdetail" />
  <roleRef roleURI="http://www.senecafoods.com/role/DisclosureAquisitiondetail" xlink:type="simple" xlink:href="senea-20121229.xsd#senea_ELRID_Aquisitiondetail" />
  <roleRef roleURI="http://www.senecafoods.com/role/DisclosureDebtInstrumentsdetail" xlink:type="simple" xlink:href="senea-20121229.xsd#senea_ELRID_DebtInstrumentsdetail" />
  <roleRef roleURI="http://www.senecafoods.com/role/DisclosureStockholdersEquitydetail" xlink:type="simple" xlink:href="senea-20121229.xsd#senea_ELRID_StockholdersEquitydetail" />
  <roleRef roleURI="http://www.senecafoods.com/role/DisclosureRestructuringdetail" xlink:type="simple" xlink:href="senea-20121229.xsd#senea_ELRID_Restructuringdetail" />
  <arcroleRef arcroleURI="http://xbrl.org/int/dim/arcrole/hypercube-dimension" xlink:type="simple" xlink:href="http://www.xbrl.org/2005/xbrldt-2005.xsd#hypercube-dimension" />
  <arcroleRef arcroleURI="http://xbrl.org/int/dim/arcrole/dimension-domain" xlink:type="simple" xlink:href="http://www.xbrl.org/2005/xbrldt-2005.xsd#dimension-domain" />
  <arcroleRef arcroleURI="http://xbrl.org/int/dim/arcrole/domain-member" xlink:type="simple" xlink:href="http://www.xbrl.org/2005/xbrldt-2005.xsd#domain-member" />
  <arcroleRef arcroleURI="http://xbrl.org/int/dim/arcrole/all" xlink:type="simple" xlink:href="http://www.xbrl.org/2005/xbrldt-2005.xsd#all" />
  <arcroleRef arcroleURI="http://xbrl.org/int/dim/arcrole/dimension-default" xlink:type="simple" xlink:href="http://www.xbrl.org/2005/xbrldt-2005.xsd#dimension-default" />
  <definitionLink xlink:type="extended" xlink:role="http://www.senecafoods.com/role/DocumentDocumentAndEntityInformation">
    <loc xlink:type="locator" xlink:href="http://xbrl.fasb.org/us-gaap/2011/elts/us-gaap-2011-01-31.xsd#us-gaap_StatementTable" xlink:label="Locator_us-gaap_StatementTable_35" />
    <loc xlink:type="locator" xlink:href="http://xbrl.fasb.org/us-gaap/2011/elts/us-gaap-2011-01-31.xsd#us-gaap_StatementClassOfStockAxis" xlink:label="Locator_us-gaap_StatementClassOfStockAxis_36" />
    <definitionArc xlink:type="arc" xlink:arcrole="http://xbrl.org/int/dim/arcrole/hypercube-dimension" xlink:from="Locator_us-gaap_StatementTable_35" xlink:to="Locator_us-gaap_StatementClassOfStockAxis_36" order="0.0" />
    <loc xlink:type="locator" xlink:href="http://xbrl.fasb.org/us-gaap/2011/elts/us-gaap-2011-01-31.xsd#us-gaap_StatementClassOfStockAxis" xlink:label="Locator_us-gaap_StatementClassOfStockAxis_37" />
    <loc xlink:type="locator" xlink:href="http://xbrl.fasb.org/us-gaap/2011/elts/us-gaap-2011-01-31.xsd#us-gaap_ClassOfStockDomain" xlink:label="Locator_us-gaap_ClassOfStockDomain_38" />
    <definitionArc xlink:type="arc" xlink:arcrole="http://xbrl.org/int/dim/arcrole/dimension-domain" xlink:from="Locator_us-gaap_StatementClassOfStockAxis_37" xlink:to="Locator_us-gaap_ClassOfStockDomain_38" order="0.0" xbrldt:usable="true" />
    <loc xlink:type="locator" xlink:href="http://xbrl.fasb.org/us-gaap/2011/elts/us-gaap-2011-01-31.xsd#us-gaap_ClassOfStockDomain" xlink:label="Locator_us-gaap_ClassOfStockDomain_39" />
    <loc xlink:type="locator" xlink:href="http://xbrl.fasb.org/us-gaap/2011/elts/us-gaap-2011-01-31.xsd#us-gaap_CommonClassAMember" xlink:label="Locator_us-gaap_CommonClassAMember_40" />
    <definitionArc xlink:type="arc" xlink:arcrole="http://xbrl.org/int/dim/arcrole/domain-member" xlink:from="Locator_us-gaap_ClassOfStockDomain_39" xlink:to="Locator_us-gaap_CommonClassAMember_40" order="0.0" xbrldt:usable="true" />
    <loc xlink:type="locator" xlink:href="http://xbrl.fasb.org/us-gaap/2011/elts/us-gaap-2011-01-31.xsd#us-gaap_ClassOfStockDomain" xlink:label="Locator_us-gaap_ClassOfStockDomain_41" />
    <loc xlink:type="locator" xlink:href="http://xbrl.fasb.org/us-gaap/2011/elts/us-gaap-2011-01-31.xsd#us-gaap_CommonClassBMember" xlink:label="Locator_us-gaap_CommonClassBMember_42" />
    <definitionArc xlink:type="arc" xlink:arcrole="http://xbrl.org/int/dim/arcrole/domain-member" xlink:from="Locator_us-gaap_ClassOfStockDomain_41" xlink:to="Locator_us-gaap_CommonClassBMember_42" order="1.0" xbrldt:usable="true" />
    <loc xlink:type="locator" xlink:href="http://xbrl.fasb.org/us-gaap/2011/elts/us-gaap-2011-01-31.xsd#us-gaap_ClassOfStockLineItems" xlink:label="Locator_us-gaap_ClassOfStockLineItems_31" />
    <loc xlink:type="locator" xlink:href="http://xbrl.fasb.org/us-gaap/2011/elts/us-gaap-2011-01-31.xsd#us-gaap_StatementTable" xlink:label="Locator_us-gaap_StatementTable_32" />
    <definitionArc xlink:type="arc" xlink:arcrole="http://xbrl.org/int/dim/arcrole/all" xlink:from="Locator_us-gaap_ClassOfStockLineItems_31" xlink:to="Locator_us-gaap_StatementTable_32" order="0.5" xbrldt:contextElement="segment" xbrldt:closed="true" />
    <loc xlink:type="locator" xlink:href="http://xbrl.fasb.org/us-gaap/2011/elts/us-gaap-2011-01-31.xsd#us-gaap_ClassOfStockLineItems" xlink:label="Locator_us-gaap_ClassOfStockLineItems_43" />
    <loc xlink:type="locator" xlink:href="http://xbrl.sec.gov/dei/2011/dei-2011-01-31.xsd#dei_EntityCommonStockSharesOutstanding" xlink:label="Locator_dei_EntityCommonStockSharesOutstanding_44" />
    <definitionArc xlink:type="arc" xlink:arcrole="http://xbrl.org/int/dim/arcrole/domain-member" xlink:from="Locator_us-gaap_ClassOfStockLineItems_43" xlink:to="Locator_dei_EntityCommonStockSharesOutstanding_44" order="1.0" xbrldt:usable="true" />
  </definitionLink>
  <definitionLink xlink:type="extended" xlink:role="http://www.senecafoods.com/role/StatementCONDENSEDCONSOLIDATEDBALANCESHEETS">
    <loc xlink:type="locator" xlink:href="http://xbrl.fasb.org/us-gaap/2011/elts/us-gaap-2011-01-31.xsd#us-gaap_StatementClassOfStockAxis" xlink:label="Locator_us-gaap_StatementClassOfStockAxis_105" />
    <loc xlink:type="locator" xlink:href="http://xbrl.fasb.org/us-gaap/2011/elts/us-gaap-2011-01-31.xsd#us-gaap_ClassOfStockDomain" xlink:label="Locator_us-gaap_ClassOfStockDomain_106" />
    <definitionArc xlink:type="arc" xlink:arcrole="http://xbrl.org/int/dim/arcrole/dimension-default" xlink:from="Locator_us-gaap_StatementClassOfStockAxis_105" xlink:to="Locator_us-gaap_ClassOfStockDomain_106" order="1.0" />
    <loc xlink:type="locator" xlink:href="http://xbrl.fasb.org/us-gaap/2011/elts/us-gaap-2011-01-31.xsd#us-gaap_ClassOfStockDomain" xlink:label="Locator_us-gaap_ClassOfStockDomain_265" />
    <loc xlink:type="locator" xlink:href="http://xbrl.fasb.org/us-gaap/2011/elts/us-gaap-2011-01-31.xsd#us-gaap_CumulativePreferredStockMember" xlink:label="Locator_us-gaap_CumulativePreferredStockMember_266" />
    <definitionArc xlink:type="arc" xlink:arcrole="http://xbrl.org/int/dim/arcrole/domain-member" xlink:from="Locator_us-gaap_ClassOfStockDomain_265" xlink:to="Locator_us-gaap_CumulativePreferredStockMember_266" order="0.0" xbrldt:usable="true" />
  </definitionLink>
  <definitionLink xlink:type="extended" xlink:role="http://www.senecafoods.com/role/StatementCONDENSEDCONSOLIDATEDSTATEMENTSOFSHAREHOLDERSEQUITY">
    <loc xlink:type="locator" xlink:href="http://xbrl.fasb.org/us-gaap/2011/elts/us-gaap-2011-01-31.xsd#us-gaap_StatementLineItems" xlink:label="Locator_us-gaap_StatementLineItems_419" />
    <loc xlink:type="locator" xlink:href="http://xbrl.fasb.org/us-gaap/2011/elts/us-gaap-2011-01-31.xsd#us-gaap_StockholdersEquity" xlink:label="Locator_us-gaap_StockholdersEquity_420" />
    <definitionArc xlink:type="arc" xlink:arcrole="http://xbrl.org/int/dim/arcrole/domain-member" xlink:from="Locator_us-gaap_StatementLineItems_419" xlink:to="Locator_us-gaap_StockholdersEquity_420" order="0.0" xbrldt:usable="true" />
    <loc xlink:type="locator" xlink:href="http://xbrl.fasb.org/us-gaap/2011/elts/us-gaap-2011-01-31.xsd#us-gaap_StatementLineItems" xlink:label="Locator_us-gaap_StatementLineItems_421" />
    <loc xlink:type="locator" xlink:href="http://xbrl.fasb.org/us-gaap/2011/elts/us-gaap-2011-01-31.xsd#us-gaap_NetIncomeLoss" xlink:label="Locator_us-gaap_NetIncomeLoss_422" />
    <definitionArc xlink:type="arc" xlink:arcrole="http://xbrl.org/int/dim/arcrole/domain-member" xlink:from="Locator_us-gaap_StatementLineItems_421" xlink:to="Locator_us-gaap_NetIncomeLoss_422" order="1.0" xbrldt:usable="true" />
    <loc xlink:type="locator" xlink:href="http://xbrl.fasb.org/us-gaap/2011/elts/us-gaap-2011-01-31.xsd#us-gaap_StatementLineItems" xlink:label="Locator_us-gaap_StatementLineItems_423" />
    <loc xlink:type="locator" xlink:href="http://xbrl.fasb.org/us-gaap/2011/elts/us-gaap-2011-01-31.xsd#us-gaap_DividendsPreferredStockCash" xlink:label="Locator_us-gaap_DividendsPreferredStockCash_424" />
    <definitionArc xlink:type="arc" xlink:arcrole="http://xbrl.org/int/dim/arcrole/domain-member" xlink:from="Locator_us-gaap_StatementLineItems_423" xlink:to="Locator_us-gaap_DividendsPreferredStockCash_424" order="2.0" xbrldt:usable="true" />
    <loc xlink:type="locator" xlink:href="http://xbrl.fasb.org/us-gaap/2011/elts/us-gaap-2011-01-31.xsd#us-gaap_StatementLineItems" xlink:label="Locator_us-gaap_StatementLineItems_425" />
    <loc xlink:type="locator" xlink:href="http://xbrl.fasb.org/us-gaap/2011/elts/us-gaap-2011-01-31.xsd#us-gaap_AdjustmentsToAdditionalPaidInCapitalSharebasedCompensationOtherLongtermIncentivePlansRequisiteServicePeriodRecognition" xlink:label="Locator_us-gaap_AdjustmentsToAdditionalPaidInCapitalSharebasedCompensationOtherLongtermIncentivePlansRequisiteServicePeriodRecognition_426" />
    <definitionArc xlink:type="arc" xlink:arcrole="http://xbrl.org/int/dim/arcrole/domain-member" xlink:from="Locator_us-gaap_StatementLineItems_425" xlink:to="Locator_us-gaap_AdjustmentsToAdditionalPaidInCapitalSharebasedCompensationOtherLongtermIncentivePlansRequisiteServicePeriodRecognition_426" order="3.0" xbrldt:usable="true" />
    <loc xlink:type="locator" xlink:href="http://xbrl.fasb.org/us-gaap/2011/elts/us-gaap-2011-01-31.xsd#us-gaap_StatementLineItems" xlink:label="Locator_us-gaap_StatementLineItems_427" />
    <loc xlink:type="locator" xlink:href="senea-20121229.xsd#senea_CommonStockStatedValueAdjustment" xlink:label="Locator_senea_CommonStockStatedValueAdjustment_428" />
    <definitionArc xlink:type="arc" xlink:arcrole="http://xbrl.org/int/dim/arcrole/domain-member" xlink:from="Locator_us-gaap_StatementLineItems_427" xlink:to="Locator_senea_CommonStockStatedValueAdjustment_428" order="4.0" xbrldt:usable="true" />
    <loc xlink:type="locator" xlink:href="http://xbrl.fasb.org/us-gaap/2011/elts/us-gaap-2011-01-31.xsd#us-gaap_StatementLineItems" xlink:label="Locator_us-gaap_StatementLineItems_433" />
    <loc xlink:type="locator" xlink:href="http://xbrl.fasb.org/us-gaap/2011/elts/us-gaap-2011-01-31.xsd#us-gaap_StockIssuedDuringPeriodValueConversionOfConvertibleSecurities" xlink:label="Locator_us-gaap_StockIssuedDuringPeriodValueConversionOfConvertibleSecurities_434" />
    <definitionArc xlink:type="arc" xlink:arcrole="http://xbrl.org/int/dim/arcrole/domain-member" xlink:from="Locator_us-gaap_StatementLineItems_433" xlink:to="Locator_us-gaap_StockIssuedDuringPeriodValueConversionOfConvertibleSecurities_434" order="7.0" xbrldt:usable="true" />
    <loc xlink:type="locator" xlink:href="http://xbrl.fasb.org/us-gaap/2011/elts/us-gaap-2011-01-31.xsd#us-gaap_StatementLineItems" xlink:label="Locator_us-gaap_StatementLineItems_435" />
    <loc xlink:type="locator" xlink:href="http://xbrl.fasb.org/us-gaap/2011/elts/us-gaap-2011-01-31.xsd#us-gaap_OtherThanTemporaryImpairmentLossesInvestmentsPortionInOtherComprehensiveIncomeLossNetOfTaxIncludingPortionAttributableToNoncontrollingInterestAvailableforsaleSecurities" xlink:label="Locator_us-gaap_OtherThanTemporaryImpairmentLossesInvestmentsPortionInOtherComprehensiveIncomeLossNetOfTaxIncludingPortionAttributableToNoncontrollingInterestAvailableforsaleSecurities_436" />
    <definitionArc xlink:type="arc" xlink:arcrole="http://xbrl.org/int/dim/arcrole/domain-member" xlink:from="Locator_us-gaap_StatementLineItems_435" xlink:to="Locator_us-gaap_OtherThanTemporaryImpairmentLossesInvestmentsPortionInOtherComprehensiveIncomeLossNetOfTaxIncludingPortionAttributableToNoncontrollingInterestAvailableforsaleSecurities_436" order="8.0" xbrldt:usable="true" />
    <loc xlink:type="locator" xlink:href="http://xbrl.fasb.org/us-gaap/2011/elts/us-gaap-2011-01-31.xsd#us-gaap_StatementLineItems" xlink:label="Locator_us-gaap_StatementLineItems_399" />
    <loc xlink:type="locator" xlink:href="http://xbrl.fasb.org/us-gaap/2011/elts/us-gaap-2011-01-31.xsd#us-gaap_StatementTable" xlink:label="Locator_us-gaap_StatementTable_400" />
    <definitionArc xlink:type="arc" xlink:arcrole="http://xbrl.org/int/dim/arcrole/all" xlink:from="Locator_us-gaap_StatementLineItems_399" xlink:to="Locator_us-gaap_StatementTable_400" order="0.5" xbrldt:contextElement="segment" xbrldt:closed="true" />
    <loc xlink:type="locator" xlink:href="http://xbrl.fasb.org/us-gaap/2011/elts/us-gaap-2011-01-31.xsd#us-gaap_StatementTable" xlink:label="Locator_us-gaap_StatementTable_403" />
    <loc xlink:type="locator" xlink:href="http://xbrl.fasb.org/us-gaap/2011/elts/us-gaap-2011-01-31.xsd#us-gaap_StatementEquityComponentsAxis" xlink:label="Locator_us-gaap_StatementEquityComponentsAxis_404" />
    <definitionArc xlink:type="arc" xlink:arcrole="http://xbrl.org/int/dim/arcrole/hypercube-dimension" xlink:from="Locator_us-gaap_StatementTable_403" xlink:to="Locator_us-gaap_StatementEquityComponentsAxis_404" order="0.0" />
    <loc xlink:type="locator" xlink:href="http://xbrl.fasb.org/us-gaap/2011/elts/us-gaap-2011-01-31.xsd#us-gaap_StatementEquityComponentsAxis" xlink:label="Locator_us-gaap_StatementEquityComponentsAxis_377" />
    <loc xlink:type="locator" xlink:href="http://xbrl.fasb.org/us-gaap/2011/elts/us-gaap-2011-01-31.xsd#us-gaap_EquityComponentDomain" xlink:label="Locator_us-gaap_EquityComponentDomain_378" />
    <definitionArc xlink:type="arc" xlink:arcrole="http://xbrl.org/int/dim/arcrole/dimension-default" xlink:from="Locator_us-gaap_StatementEquityComponentsAxis_377" xlink:to="Locator_us-gaap_EquityComponentDomain_378" order="1.0" />
    <loc xlink:type="locator" xlink:href="http://xbrl.fasb.org/us-gaap/2011/elts/us-gaap-2011-01-31.xsd#us-gaap_StatementEquityComponentsAxis" xlink:label="Locator_us-gaap_StatementEquityComponentsAxis_405" />
    <loc xlink:type="locator" xlink:href="http://xbrl.fasb.org/us-gaap/2011/elts/us-gaap-2011-01-31.xsd#us-gaap_EquityComponentDomain" xlink:label="Locator_us-gaap_EquityComponentDomain_406" />
    <definitionArc xlink:type="arc" xlink:arcrole="http://xbrl.org/int/dim/arcrole/dimension-domain" xlink:from="Locator_us-gaap_StatementEquityComponentsAxis_405" xlink:to="Locator_us-gaap_EquityComponentDomain_406" order="0.0" xbrldt:usable="true" />
    <loc xlink:type="locator" xlink:href="http://xbrl.fasb.org/us-gaap/2011/elts/us-gaap-2011-01-31.xsd#us-gaap_EquityComponentDomain" xlink:label="Locator_us-gaap_EquityComponentDomain_407" />
    <loc xlink:type="locator" xlink:href="http://xbrl.fasb.org/us-gaap/2011/elts/us-gaap-2011-01-31.xsd#us-gaap_PreferredStockMember" xlink:label="Locator_us-gaap_PreferredStockMember_408" />
    <definitionArc xlink:type="arc" xlink:arcrole="http://xbrl.org/int/dim/arcrole/domain-member" xlink:from="Locator_us-gaap_EquityComponentDomain_407" xlink:to="Locator_us-gaap_PreferredStockMember_408" order="0.0" xbrldt:usable="true" />
    <loc xlink:type="locator" xlink:href="http://xbrl.fasb.org/us-gaap/2011/elts/us-gaap-2011-01-31.xsd#us-gaap_EquityComponentDomain" xlink:label="Locator_us-gaap_EquityComponentDomain_409" />
    <loc xlink:type="locator" xlink:href="http://xbrl.fasb.org/us-gaap/2011/elts/us-gaap-2011-01-31.xsd#us-gaap_CommonStockMember" xlink:label="Locator_us-gaap_CommonStockMember_410" />
    <definitionArc xlink:type="arc" xlink:arcrole="http://xbrl.org/int/dim/arcrole/domain-member" xlink:from="Locator_us-gaap_EquityComponentDomain_409" xlink:to="Locator_us-gaap_CommonStockMember_410" order="1.0" xbrldt:usable="true" />
    <loc xlink:type="locator" xlink:href="http://xbrl.fasb.org/us-gaap/2011/elts/us-gaap-2011-01-31.xsd#us-gaap_EquityComponentDomain" xlink:label="Locator_us-gaap_EquityComponentDomain_411" />
    <loc xlink:type="locator" xlink:href="http://xbrl.fasb.org/us-gaap/2011/elts/us-gaap-2011-01-31.xsd#us-gaap_AdditionalPaidInCapitalMember" xlink:label="Locator_us-gaap_AdditionalPaidInCapitalMember_412" />
    <definitionArc xlink:type="arc" xlink:arcrole="http://xbrl.org/int/dim/arcrole/domain-member" xlink:from="Locator_us-gaap_EquityComponentDomain_411" xlink:to="Locator_us-gaap_AdditionalPaidInCapitalMember_412" order="2.0" xbrldt:usable="true" />
    <loc xlink:type="locator" xlink:href="http://xbrl.fasb.org/us-gaap/2011/elts/us-gaap-2011-01-31.xsd#us-gaap_EquityComponentDomain" xlink:label="Locator_us-gaap_EquityComponentDomain_413" />
    <loc xlink:type="locator" xlink:href="http://xbrl.fasb.org/us-gaap/2011/elts/us-gaap-2011-01-31.xsd#us-gaap_TreasuryStockMember" xlink:label="Locator_us-gaap_TreasuryStockMember_414" />
    <definitionArc xlink:type="arc" xlink:arcrole="http://xbrl.org/int/dim/arcrole/domain-member" xlink:from="Locator_us-gaap_EquityComponentDomain_413" xlink:to="Locator_us-gaap_TreasuryStockMember_414" order="3.0" xbrldt:usable="true" />
    <loc xlink:type="locator" xlink:href="http://xbrl.fasb.org/us-gaap/2011/elts/us-gaap-2011-01-31.xsd#us-gaap_EquityComponentDomain" xlink:label="Locator_us-gaap_EquityComponentDomain_417" />
    <loc xlink:type="locator" xlink:href="http://xbrl.fasb.org/us-gaap/2011/elts/us-gaap-2011-01-31.xsd#us-gaap_RetainedEarningsMember" xlink:label="Locator_us-gaap_RetainedEarningsMember_418" />
    <definitionArc xlink:type="arc" xlink:arcrole="http://xbrl.org/int/dim/arcrole/domain-member" xlink:from="Locator_us-gaap_EquityComponentDomain_417" xlink:to="Locator_us-gaap_RetainedEarningsMember_418" order="5.0" xbrldt:usable="true" />
    <loc xlink:type="locator" xlink:href="http://xbrl.fasb.org/us-gaap/2011/elts/us-gaap-2011-01-31.xsd#us-gaap_EquityComponentDomain" xlink:label="Locator_us-gaap_EquityComponentDomain_415" />
    <loc xlink:type="locator" xlink:href="http://xbrl.fasb.org/us-gaap/2011/elts/us-gaap-2011-01-31.xsd#us-gaap_AccumulatedOtherComprehensiveIncomeMember" xlink:label="Locator_us-gaap_AccumulatedOtherComprehensiveIncomeMember_416" />
    <definitionArc xlink:type="arc" xlink:arcrole="http://xbrl.org/int/dim/arcrole/domain-member" xlink:from="Locator_us-gaap_EquityComponentDomain_415" xlink:to="Locator_us-gaap_AccumulatedOtherComprehensiveIncomeMember_416" order="4.0" xbrldt:usable="true" />
    <loc xlink:type="locator" xlink:href="http://xbrl.fasb.org/us-gaap/2011/elts/us-gaap-2011-01-31.xsd#us-gaap_StatementLineItems" xlink:label="Locator_us-gaap_StatementLineItems_429" />
    <loc xlink:type="locator" xlink:href="senea-20121229.xsd#senea_StockIssuedForBonusProgramValue" xlink:label="Locator_senea_StockIssuedForBonusProgramValue_430" />
    <definitionArc xlink:type="arc" xlink:arcrole="http://xbrl.org/int/dim/arcrole/domain-member" xlink:from="Locator_us-gaap_StatementLineItems_429" xlink:to="Locator_senea_StockIssuedForBonusProgramValue_430" order="5.0" xbrldt:usable="true" />
    <loc xlink:type="locator" xlink:href="http://xbrl.fasb.org/us-gaap/2011/elts/us-gaap-2011-01-31.xsd#us-gaap_StatementLineItems" xlink:label="Locator_us-gaap_StatementLineItems_431" />
    <loc xlink:type="locator" xlink:href="http://xbrl.fasb.org/us-gaap/2011/elts/us-gaap-2011-01-31.xsd#us-gaap_TreasuryStockValueAcquiredCostMethod" xlink:label="Locator_us-gaap_TreasuryStockValueAcquiredCostMethod_432" />
    <definitionArc xlink:type="arc" xlink:arcrole="http://xbrl.org/int/dim/arcrole/domain-member" xlink:from="Locator_us-gaap_StatementLineItems_431" xlink:to="Locator_us-gaap_TreasuryStockValueAcquiredCostMethod_432" order="6.0" xbrldt:usable="true" />
  </definitionLink>
  <definitionLink xlink:type="extended" xlink:role="http://www.senecafoods.com/role/StatementCONDENSEDCONSOLIDATEDSTATEMENTSOFSHAREHOLDERSEQUITYParentheticals">
    <loc xlink:type="locator" xlink:href="http://xbrl.fasb.org/us-gaap/2011/elts/us-gaap-2011-01-31.xsd#us-gaap_StatementLineItems" xlink:label="Locator_us-gaap_StatementLineItems_457" />
    <loc xlink:type="locator" xlink:href="http://xbrl.fasb.org/us-gaap/2011/elts/us-gaap-2011-01-31.xsd#us-gaap_StatementTable" xlink:label="Locator_us-gaap_StatementTable_458" />
    <definitionArc xlink:type="arc" xlink:arcrole="http://xbrl.org/int/dim/arcrole/all" xlink:from="Locator_us-gaap_StatementLineItems_457" xlink:to="Locator_us-gaap_StatementTable_458" order="0.5" xbrldt:contextElement="segment" xbrldt:closed="true" />
    <loc xlink:type="locator" xlink:href="http://xbrl.fasb.org/us-gaap/2011/elts/us-gaap-2011-01-31.xsd#us-gaap_StatementTable" xlink:label="Locator_us-gaap_StatementTable_461" />
    <loc xlink:type="locator" xlink:href="http://xbrl.fasb.org/us-gaap/2011/elts/us-gaap-2011-01-31.xsd#us-gaap_StatementEquityComponentsAxis" xlink:label="Locator_us-gaap_StatementEquityComponentsAxis_462" />
    <definitionArc xlink:type="arc" xlink:arcrole="http://xbrl.org/int/dim/arcrole/hypercube-dimension" xlink:from="Locator_us-gaap_StatementTable_461" xlink:to="Locator_us-gaap_StatementEquityComponentsAxis_462" order="0.0" />
    <loc xlink:type="locator" xlink:href="http://xbrl.fasb.org/us-gaap/2011/elts/us-gaap-2011-01-31.xsd#us-gaap_StatementEquityComponentsAxis" xlink:label="Locator_us-gaap_StatementEquityComponentsAxis_463" />
    <loc xlink:type="locator" xlink:href="http://xbrl.fasb.org/us-gaap/2011/elts/us-gaap-2011-01-31.xsd#us-gaap_EquityComponentDomain" xlink:label="Locator_us-gaap_EquityComponentDomain_464" />
    <definitionArc xlink:type="arc" xlink:arcrole="http://xbrl.org/int/dim/arcrole/dimension-domain" xlink:from="Locator_us-gaap_StatementEquityComponentsAxis_463" xlink:to="Locator_us-gaap_EquityComponentDomain_464" order="0.0" xbrldt:usable="true" />
    <loc xlink:type="locator" xlink:href="http://xbrl.fasb.org/us-gaap/2011/elts/us-gaap-2011-01-31.xsd#us-gaap_EquityComponentDomain" xlink:label="Locator_us-gaap_EquityComponentDomain_465" />
    <loc xlink:type="locator" xlink:href="http://xbrl.fasb.org/us-gaap/2011/elts/us-gaap-2011-01-31.xsd#us-gaap_AccumulatedOtherComprehensiveIncomeMember" xlink:label="Locator_us-gaap_AccumulatedOtherComprehensiveIncomeMember_466" />
    <definitionArc xlink:type="arc" xlink:arcrole="http://xbrl.org/int/dim/arcrole/domain-member" xlink:from="Locator_us-gaap_EquityComponentDomain_465" xlink:to="Locator_us-gaap_AccumulatedOtherComprehensiveIncomeMember_466" order="0.0" xbrldt:usable="true" />
    <loc xlink:type="locator" xlink:href="http://xbrl.fasb.org/us-gaap/2011/elts/us-gaap-2011-01-31.xsd#us-gaap_StatementLineItems" xlink:label="Locator_us-gaap_StatementLineItems_467" />
    <loc xlink:type="locator" xlink:href="http://xbrl.fasb.org/us-gaap/2011/elts/us-gaap-2011-01-31.xsd#us-gaap_OtherThanTemporaryImpairmentLossesInvestmentsPortionInOtherComprehensiveIncomeLossTaxIncludingPortionAttributableToNoncontrollingInterestAvailableforsaleSecurities" xlink:label="Locator_us-gaap_OtherThanTemporaryImpairmentLossesInvestmentsPortionInOtherComprehensiveIncomeLossTaxIncludingPortionAttributableToNoncontrollingInterestAvailableforsaleSecurities_468" />
    <definitionArc xlink:type="arc" xlink:arcrole="http://xbrl.org/int/dim/arcrole/domain-member" xlink:from="Locator_us-gaap_StatementLineItems_467" xlink:to="Locator_us-gaap_OtherThanTemporaryImpairmentLossesInvestmentsPortionInOtherComprehensiveIncomeLossTaxIncludingPortionAttributableToNoncontrollingInterestAvailableforsaleSecurities_468" order="1.0" xbrldt:usable="true" />
  </definitionLink>
  <definitionLink xlink:type="extended" xlink:role="http://www.senecafoods.com/role/BasisOfPresentationdetail">
    <loc xlink:type="locator" xlink:href="senea-20121229.xsd#senea_SalesRevenueLineItems" xlink:label="Locator_senea_SalesRevenueLineItems_513" />
    <loc xlink:type="locator" xlink:href="senea-20121229.xsd#senea_ScheduleOfRevenueByMajorCustomerTable" xlink:label="Locator_senea_ScheduleOfRevenueByMajorCustomerTable_514" />
    <definitionArc xlink:type="arc" xlink:arcrole="http://xbrl.org/int/dim/arcrole/all" xlink:from="Locator_senea_SalesRevenueLineItems_513" xlink:to="Locator_senea_ScheduleOfRevenueByMajorCustomerTable_514" order="0.5" xbrldt:contextElement="segment" xbrldt:closed="true" />
    <loc xlink:type="locator" xlink:href="senea-20121229.xsd#senea_ScheduleOfRevenueByMajorCustomerTable" xlink:label="Locator_senea_ScheduleOfRevenueByMajorCustomerTable_517" />
    <loc xlink:type="locator" xlink:href="http://xbrl.fasb.org/us-gaap/2011/elts/us-gaap-2011-01-31.xsd#us-gaap_MajorCustomersAxis" xlink:label="Locator_us-gaap_MajorCustomersAxis_518" />
    <definitionArc xlink:type="arc" xlink:arcrole="http://xbrl.org/int/dim/arcrole/hypercube-dimension" xlink:from="Locator_senea_ScheduleOfRevenueByMajorCustomerTable_517" xlink:to="Locator_us-gaap_MajorCustomersAxis_518" order="0.0" />
    <loc xlink:type="locator" xlink:href="http://xbrl.fasb.org/us-gaap/2011/elts/us-gaap-2011-01-31.xsd#us-gaap_MajorCustomersAxis" xlink:label="Locator_us-gaap_MajorCustomersAxis_509" />
    <loc xlink:type="locator" xlink:href="http://xbrl.fasb.org/us-gaap/2011/elts/us-gaap-2011-01-31.xsd#us-gaap_NameOfMajorCustomerDomain" xlink:label="Locator_us-gaap_NameOfMajorCustomerDomain_510" />
    <definitionArc xlink:type="arc" xlink:arcrole="http://xbrl.org/int/dim/arcrole/dimension-default" xlink:from="Locator_us-gaap_MajorCustomersAxis_509" xlink:to="Locator_us-gaap_NameOfMajorCustomerDomain_510" order="1.0" />
    <loc xlink:type="locator" xlink:href="http://xbrl.fasb.org/us-gaap/2011/elts/us-gaap-2011-01-31.xsd#us-gaap_MajorCustomersAxis" xlink:label="Locator_us-gaap_MajorCustomersAxis_519" />
    <loc xlink:type="locator" xlink:href="http://xbrl.fasb.org/us-gaap/2011/elts/us-gaap-2011-01-31.xsd#us-gaap_NameOfMajorCustomerDomain" xlink:label="Locator_us-gaap_NameOfMajorCustomerDomain_520" />
    <definitionArc xlink:type="arc" xlink:arcrole="http://xbrl.org/int/dim/arcrole/dimension-domain" xlink:from="Locator_us-gaap_MajorCustomersAxis_519" xlink:to="Locator_us-gaap_NameOfMajorCustomerDomain_520" order="0.0" xbrldt:usable="true" />
    <loc xlink:type="locator" xlink:href="http://xbrl.fasb.org/us-gaap/2011/elts/us-gaap-2011-01-31.xsd#us-gaap_NameOfMajorCustomerDomain" xlink:label="Locator_us-gaap_NameOfMajorCustomerDomain_521" />
    <loc xlink:type="locator" xlink:href="senea-20121229.xsd#senea_GeneralMillsOperationsLlcMember" xlink:label="Locator_senea_GeneralMillsOperationsLlcMember_522" />
    <definitionArc xlink:type="arc" xlink:arcrole="http://xbrl.org/int/dim/arcrole/domain-member" xlink:from="Locator_us-gaap_NameOfMajorCustomerDomain_521" xlink:to="Locator_senea_GeneralMillsOperationsLlcMember_522" order="0.0" xbrldt:usable="true" />
    <loc xlink:type="locator" xlink:href="senea-20121229.xsd#senea_SalesRevenueLineItems" xlink:label="Locator_senea_SalesRevenueLineItems_523" />
    <loc xlink:type="locator" xlink:href="http://xbrl.fasb.org/us-gaap/2011/elts/us-gaap-2011-01-31.xsd#us-gaap_SalesRevenueNet" xlink:label="Locator_us-gaap_SalesRevenueNet_524" />
    <definitionArc xlink:type="arc" xlink:arcrole="http://xbrl.org/int/dim/arcrole/domain-member" xlink:from="Locator_senea_SalesRevenueLineItems_523" xlink:to="Locator_us-gaap_SalesRevenueNet_524" order="1.0" xbrldt:usable="true" />
  </definitionLink>
  <definitionLink xlink:type="extended" xlink:role="http://www.senecafoods.com/role/DisclosureAquisitiondetail">
    <loc xlink:type="locator" xlink:href="http://xbrl.fasb.org/us-gaap/2011/elts/us-gaap-2011-01-31.xsd#us-gaap_BusinessAcquisitionLineItems" xlink:label="Locator_us-gaap_BusinessAcquisitionLineItems_537" />
    <loc xlink:type="locator" xlink:href="http://xbrl.fasb.org/us-gaap/2011/elts/us-gaap-2011-01-31.xsd#us-gaap_ScheduleOfBusinessAcquisitionsByAcquisitionTable" xlink:label="Locator_us-gaap_ScheduleOfBusinessAcquisitionsByAcquisitionTable_538" />
    <definitionArc xlink:type="arc" xlink:arcrole="http://xbrl.org/int/dim/arcrole/all" xlink:from="Locator_us-gaap_BusinessAcquisitionLineItems_537" xlink:to="Locator_us-gaap_ScheduleOfBusinessAcquisitionsByAcquisitionTable_538" order="0.5" xbrldt:contextElement="segment" xbrldt:closed="true" />
    <loc xlink:type="locator" xlink:href="http://xbrl.fasb.org/us-gaap/2011/elts/us-gaap-2011-01-31.xsd#us-gaap_ScheduleOfBusinessAcquisitionsByAcquisitionTable" xlink:label="Locator_us-gaap_ScheduleOfBusinessAcquisitionsByAcquisitionTable_551" />
    <loc xlink:type="locator" xlink:href="http://xbrl.fasb.org/us-gaap/2011/elts/us-gaap-2011-01-31.xsd#us-gaap_BusinessAcquisitionAxis" xlink:label="Locator_us-gaap_BusinessAcquisitionAxis_552" />
    <definitionArc xlink:type="arc" xlink:arcrole="http://xbrl.org/int/dim/arcrole/hypercube-dimension" xlink:from="Locator_us-gaap_ScheduleOfBusinessAcquisitionsByAcquisitionTable_551" xlink:to="Locator_us-gaap_BusinessAcquisitionAxis_552" order="0.0" />
    <loc xlink:type="locator" xlink:href="http://xbrl.fasb.org/us-gaap/2011/elts/us-gaap-2011-01-31.xsd#us-gaap_BusinessAcquisitionAxis" xlink:label="Locator_us-gaap_BusinessAcquisitionAxis_533" />
    <loc xlink:type="locator" xlink:href="http://xbrl.fasb.org/us-gaap/2011/elts/us-gaap-2011-01-31.xsd#us-gaap_BusinessAcquisitionAcquireeDomain" xlink:label="Locator_us-gaap_BusinessAcquisitionAcquireeDomain_534" />
    <definitionArc xlink:type="arc" xlink:arcrole="http://xbrl.org/int/dim/arcrole/dimension-default" xlink:from="Locator_us-gaap_BusinessAcquisitionAxis_533" xlink:to="Locator_us-gaap_BusinessAcquisitionAcquireeDomain_534" order="1.0" />
    <loc xlink:type="locator" xlink:href="http://xbrl.fasb.org/us-gaap/2011/elts/us-gaap-2011-01-31.xsd#us-gaap_BusinessAcquisitionAxis" xlink:label="Locator_us-gaap_BusinessAcquisitionAxis_553" />
    <loc xlink:type="locator" xlink:href="http://xbrl.fasb.org/us-gaap/2011/elts/us-gaap-2011-01-31.xsd#us-gaap_BusinessAcquisitionAcquireeDomain" xlink:label="Locator_us-gaap_BusinessAcquisitionAcquireeDomain_554" />
    <definitionArc xlink:type="arc" xlink:arcrole="http://xbrl.org/int/dim/arcrole/dimension-domain" xlink:from="Locator_us-gaap_BusinessAcquisitionAxis_553" xlink:to="Locator_us-gaap_BusinessAcquisitionAcquireeDomain_554" order="0.0" xbrldt:usable="true" />
    <loc xlink:type="locator" xlink:href="http://xbrl.fasb.org/us-gaap/2011/elts/us-gaap-2011-01-31.xsd#us-gaap_BusinessAcquisitionAcquireeDomain" xlink:label="Locator_us-gaap_BusinessAcquisitionAcquireeDomain_555" />
    <loc xlink:type="locator" xlink:href="senea-20121229.xsd#senea_IndependentMember" xlink:label="Locator_senea_IndependentMember_556" />
    <definitionArc xlink:type="arc" xlink:arcrole="http://xbrl.org/int/dim/arcrole/domain-member" xlink:from="Locator_us-gaap_BusinessAcquisitionAcquireeDomain_555" xlink:to="Locator_senea_IndependentMember_556" order="0.0" xbrldt:usable="true" />
    <loc xlink:type="locator" xlink:href="http://xbrl.fasb.org/us-gaap/2011/elts/us-gaap-2011-01-31.xsd#us-gaap_BusinessAcquisitionLineItems" xlink:label="Locator_us-gaap_BusinessAcquisitionLineItems_557" />
    <loc xlink:type="locator" xlink:href="http://xbrl.fasb.org/us-gaap/2011/elts/us-gaap-2011-01-31.xsd#us-gaap_BusinessAcquisitionPurchasePriceAllocationCurrentAssets" xlink:label="Locator_us-gaap_BusinessAcquisitionPurchasePriceAllocationCurrentAssets_558" />
    <definitionArc xlink:type="arc" xlink:arcrole="http://xbrl.org/int/dim/arcrole/domain-member" xlink:from="Locator_us-gaap_BusinessAcquisitionLineItems_557" xlink:to="Locator_us-gaap_BusinessAcquisitionPurchasePriceAllocationCurrentAssets_558" order="0.0" xbrldt:usable="true" />
    <loc xlink:type="locator" xlink:href="http://xbrl.fasb.org/us-gaap/2011/elts/us-gaap-2011-01-31.xsd#us-gaap_BusinessAcquisitionLineItems" xlink:label="Locator_us-gaap_BusinessAcquisitionLineItems_559" />
    <loc xlink:type="locator" xlink:href="http://xbrl.fasb.org/us-gaap/2011/elts/us-gaap-2011-01-31.xsd#us-gaap_BusinessAcquisitionPurchasePriceAllocationPropertyPlantAndEquipment" xlink:label="Locator_us-gaap_BusinessAcquisitionPurchasePriceAllocationPropertyPlantAndEquipment_560" />
    <definitionArc xlink:type="arc" xlink:arcrole="http://xbrl.org/int/dim/arcrole/domain-member" xlink:from="Locator_us-gaap_BusinessAcquisitionLineItems_559" xlink:to="Locator_us-gaap_BusinessAcquisitionPurchasePriceAllocationPropertyPlantAndEquipment_560" order="1.0" xbrldt:usable="true" />
    <loc xlink:type="locator" xlink:href="http://xbrl.fasb.org/us-gaap/2011/elts/us-gaap-2011-01-31.xsd#us-gaap_BusinessAcquisitionLineItems" xlink:label="Locator_us-gaap_BusinessAcquisitionLineItems_561" />
    <loc xlink:type="locator" xlink:href="senea-20121229.xsd#senea_GainOnPurchaseOfBusinessFairValueAdjustment" xlink:label="Locator_senea_GainOnPurchaseOfBusinessFairValueAdjustment_562" />
    <definitionArc xlink:type="arc" xlink:arcrole="http://xbrl.org/int/dim/arcrole/domain-member" xlink:from="Locator_us-gaap_BusinessAcquisitionLineItems_561" xlink:to="Locator_senea_GainOnPurchaseOfBusinessFairValueAdjustment_562" order="2.0" xbrldt:usable="true" />
    <loc xlink:type="locator" xlink:href="http://xbrl.fasb.org/us-gaap/2011/elts/us-gaap-2011-01-31.xsd#us-gaap_BusinessAcquisitionLineItems" xlink:label="Locator_us-gaap_BusinessAcquisitionLineItems_563" />
    <loc xlink:type="locator" xlink:href="http://xbrl.fasb.org/us-gaap/2011/elts/us-gaap-2011-01-31.xsd#us-gaap_BusinessAcquisitionPurchasePriceAllocationCurrentLiabilities" xlink:label="Locator_us-gaap_BusinessAcquisitionPurchasePriceAllocationCurrentLiabilities_564" />
    <definitionArc xlink:type="arc" xlink:arcrole="http://xbrl.org/int/dim/arcrole/domain-member" xlink:from="Locator_us-gaap_BusinessAcquisitionLineItems_563" xlink:to="Locator_us-gaap_BusinessAcquisitionPurchasePriceAllocationCurrentLiabilities_564" order="3.0" xbrldt:usable="true" />
    <loc xlink:type="locator" xlink:href="http://xbrl.fasb.org/us-gaap/2011/elts/us-gaap-2011-01-31.xsd#us-gaap_BusinessAcquisitionLineItems" xlink:label="Locator_us-gaap_BusinessAcquisitionLineItems_565" />
    <loc xlink:type="locator" xlink:href="http://xbrl.fasb.org/us-gaap/2011/elts/us-gaap-2011-01-31.xsd#us-gaap_BusinessAcquisitionCostOfAcquiredEntityPurchasePrice" xlink:label="Locator_us-gaap_BusinessAcquisitionCostOfAcquiredEntityPurchasePrice_566" />
    <definitionArc xlink:type="arc" xlink:arcrole="http://xbrl.org/int/dim/arcrole/domain-member" xlink:from="Locator_us-gaap_BusinessAcquisitionLineItems_565" xlink:to="Locator_us-gaap_BusinessAcquisitionCostOfAcquiredEntityPurchasePrice_566" order="4.0" xbrldt:usable="true" />
    <loc xlink:type="locator" xlink:href="http://xbrl.fasb.org/us-gaap/2011/elts/us-gaap-2011-01-31.xsd#us-gaap_BusinessAcquisitionLineItems" xlink:label="Locator_us-gaap_BusinessAcquisitionLineItems_567" />
    <loc xlink:type="locator" xlink:href="senea-20121229.xsd#senea_BusinessAcquisitionPurchaseLiabilities" xlink:label="Locator_senea_BusinessAcquisitionPurchaseLiabilities_568" />
    <definitionArc xlink:type="arc" xlink:arcrole="http://xbrl.org/int/dim/arcrole/domain-member" xlink:from="Locator_us-gaap_BusinessAcquisitionLineItems_567" xlink:to="Locator_senea_BusinessAcquisitionPurchaseLiabilities_568" order="5.0" xbrldt:usable="true" />
  </definitionLink>
  <definitionLink xlink:type="extended" xlink:role="http://www.senecafoods.com/role/DisclosureDebtInstrumentsdetail">
    <loc xlink:type="locator" xlink:href="http://xbrl.fasb.org/us-gaap/2011/elts/us-gaap-2011-01-31.xsd#us-gaap_LineOfCreditFacilityLineItems" xlink:label="Locator_us-gaap_LineOfCreditFacilityLineItems_603" />
    <loc xlink:type="locator" xlink:href="http://xbrl.fasb.org/us-gaap/2011/elts/us-gaap-2011-01-31.xsd#us-gaap_LineOfCreditFacilityTable" xlink:label="Locator_us-gaap_LineOfCreditFacilityTable_604" />
    <definitionArc xlink:type="arc" xlink:arcrole="http://xbrl.org/int/dim/arcrole/all" xlink:from="Locator_us-gaap_LineOfCreditFacilityLineItems_603" xlink:to="Locator_us-gaap_LineOfCreditFacilityTable_604" order="0.5" xbrldt:contextElement="segment" xbrldt:closed="true" />
    <loc xlink:type="locator" xlink:href="http://xbrl.fasb.org/us-gaap/2011/elts/us-gaap-2011-01-31.xsd#us-gaap_LineOfCreditFacilityTable" xlink:label="Locator_us-gaap_LineOfCreditFacilityTable_607" />
    <loc xlink:type="locator" xlink:href="senea-20121229.xsd#senea_RevolverBorrowingPeriodsAxis" xlink:label="Locator_senea_RevolverBorrowingPeriodsAxis_608" />
    <definitionArc xlink:type="arc" xlink:arcrole="http://xbrl.org/int/dim/arcrole/hypercube-dimension" xlink:from="Locator_us-gaap_LineOfCreditFacilityTable_607" xlink:to="Locator_senea_RevolverBorrowingPeriodsAxis_608" order="0.0" />
    <loc xlink:type="locator" xlink:href="senea-20121229.xsd#senea_RevolverBorrowingPeriodsAxis" xlink:label="Locator_senea_RevolverBorrowingPeriodsAxis_589" />
    <loc xlink:type="locator" xlink:href="senea-20121229.xsd#senea_RevolverBorrowingPeriodsDomain" xlink:label="Locator_senea_RevolverBorrowingPeriodsDomain_590" />
    <definitionArc xlink:type="arc" xlink:arcrole="http://xbrl.org/int/dim/arcrole/dimension-default" xlink:from="Locator_senea_RevolverBorrowingPeriodsAxis_589" xlink:to="Locator_senea_RevolverBorrowingPeriodsDomain_590" order="1.0" />
    <loc xlink:type="locator" xlink:href="senea-20121229.xsd#senea_RevolverBorrowingPeriodsAxis" xlink:label="Locator_senea_RevolverBorrowingPeriodsAxis_609" />
    <loc xlink:type="locator" xlink:href="senea-20121229.xsd#senea_RevolverBorrowingPeriodsDomain" xlink:label="Locator_senea_RevolverBorrowingPeriodsDomain_610" />
    <definitionArc xlink:type="arc" xlink:arcrole="http://xbrl.org/int/dim/arcrole/dimension-domain" xlink:from="Locator_senea_RevolverBorrowingPeriodsAxis_609" xlink:to="Locator_senea_RevolverBorrowingPeriodsDomain_610" order="0.0" xbrldt:usable="true" />
    <loc xlink:type="locator" xlink:href="senea-20121229.xsd#senea_RevolverBorrowingPeriodsDomain" xlink:label="Locator_senea_RevolverBorrowingPeriodsDomain_611" />
    <loc xlink:type="locator" xlink:href="senea-20121229.xsd#senea_ProductionPeriodMember" xlink:label="Locator_senea_ProductionPeriodMember_612" />
    <definitionArc xlink:type="arc" xlink:arcrole="http://xbrl.org/int/dim/arcrole/domain-member" xlink:from="Locator_senea_RevolverBorrowingPeriodsDomain_611" xlink:to="Locator_senea_ProductionPeriodMember_612" order="0.0" xbrldt:usable="true" />
    <loc xlink:type="locator" xlink:href="senea-20121229.xsd#senea_RevolverBorrowingPeriodsDomain" xlink:label="Locator_senea_RevolverBorrowingPeriodsDomain_613" />
    <loc xlink:type="locator" xlink:href="senea-20121229.xsd#senea_NonproductionPeriodMember" xlink:label="Locator_senea_NonproductionPeriodMember_614" />
    <definitionArc xlink:type="arc" xlink:arcrole="http://xbrl.org/int/dim/arcrole/domain-member" xlink:from="Locator_senea_RevolverBorrowingPeriodsDomain_613" xlink:to="Locator_senea_NonproductionPeriodMember_614" order="1.0" xbrldt:usable="true" />
    <loc xlink:type="locator" xlink:href="http://xbrl.fasb.org/us-gaap/2011/elts/us-gaap-2011-01-31.xsd#us-gaap_LineOfCreditFacilityLineItems" xlink:label="Locator_us-gaap_LineOfCreditFacilityLineItems_615" />
    <loc xlink:type="locator" xlink:href="http://xbrl.fasb.org/us-gaap/2011/elts/us-gaap-2011-01-31.xsd#us-gaap_LineOfCreditFacilityCurrentBorrowingCapacity" xlink:label="Locator_us-gaap_LineOfCreditFacilityCurrentBorrowingCapacity_616" />
    <definitionArc xlink:type="arc" xlink:arcrole="http://xbrl.org/int/dim/arcrole/domain-member" xlink:from="Locator_us-gaap_LineOfCreditFacilityLineItems_615" xlink:to="Locator_us-gaap_LineOfCreditFacilityCurrentBorrowingCapacity_616" order="1.0" xbrldt:usable="true" />
  </definitionLink>
  <definitionLink xlink:type="extended" xlink:role="http://www.senecafoods.com/role/DisclosureStockholdersEquitydetail">
    <loc xlink:type="locator" xlink:href="http://xbrl.fasb.org/us-gaap/2011/elts/us-gaap-2011-01-31.xsd#us-gaap_StatementClassOfStockAxis" xlink:label="Locator_us-gaap_StatementClassOfStockAxis_649" />
    <loc xlink:type="locator" xlink:href="http://xbrl.fasb.org/us-gaap/2011/elts/us-gaap-2011-01-31.xsd#us-gaap_ClassOfStockDomain" xlink:label="Locator_us-gaap_ClassOfStockDomain_650" />
    <definitionArc xlink:type="arc" xlink:arcrole="http://xbrl.org/int/dim/arcrole/dimension-domain" xlink:from="Locator_us-gaap_StatementClassOfStockAxis_649" xlink:to="Locator_us-gaap_ClassOfStockDomain_650" order="0.0" xbrldt:usable="true" />
    <loc xlink:type="locator" xlink:href="http://xbrl.fasb.org/us-gaap/2011/elts/us-gaap-2011-01-31.xsd#us-gaap_ClassOfStockDomain" xlink:label="Locator_us-gaap_ClassOfStockDomain_651" />
    <loc xlink:type="locator" xlink:href="senea-20121229.xsd#senea_ParticipatingPreferredStockConvertedToClassAaMember" xlink:label="Locator_senea_ParticipatingPreferredStockConvertedToClassAaMember_652" />
    <definitionArc xlink:type="arc" xlink:arcrole="http://xbrl.org/int/dim/arcrole/domain-member" xlink:from="Locator_us-gaap_ClassOfStockDomain_651" xlink:to="Locator_senea_ParticipatingPreferredStockConvertedToClassAaMember_652" order="0.0" xbrldt:usable="true" />
    <loc xlink:type="locator" xlink:href="http://xbrl.fasb.org/us-gaap/2011/elts/us-gaap-2011-01-31.xsd#us-gaap_ClassOfStockDomain" xlink:label="Locator_us-gaap_ClassOfStockDomain_653" />
    <loc xlink:type="locator" xlink:href="senea-20121229.xsd#senea_ClassBCommonStockConvertedToClassAaCommonMember" xlink:label="Locator_senea_ClassBCommonStockConvertedToClassAaCommonMember_654" />
    <definitionArc xlink:type="arc" xlink:arcrole="http://xbrl.org/int/dim/arcrole/domain-member" xlink:from="Locator_us-gaap_ClassOfStockDomain_653" xlink:to="Locator_senea_ClassBCommonStockConvertedToClassAaCommonMember_654" order="1.0" xbrldt:usable="true" />
    <loc xlink:type="locator" xlink:href="http://xbrl.fasb.org/us-gaap/2011/elts/us-gaap-2011-01-31.xsd#us-gaap_ClassOfStockDomain" xlink:label="Locator_us-gaap_ClassOfStockDomain_655" />
    <loc xlink:type="locator" xlink:href="http://xbrl.fasb.org/us-gaap/2011/elts/us-gaap-2011-01-31.xsd#us-gaap_TreasuryStockMember" xlink:label="Locator_us-gaap_TreasuryStockMember_656" />
    <definitionArc xlink:type="arc" xlink:arcrole="http://xbrl.org/int/dim/arcrole/domain-member" xlink:from="Locator_us-gaap_ClassOfStockDomain_655" xlink:to="Locator_us-gaap_TreasuryStockMember_656" order="2.0" xbrldt:usable="true" />
    <loc xlink:type="locator" xlink:href="http://xbrl.fasb.org/us-gaap/2011/elts/us-gaap-2011-01-31.xsd#us-gaap_ClassOfStockDomain" xlink:label="Locator_us-gaap_ClassOfStockDomain_657" />
    <loc xlink:type="locator" xlink:href="http://xbrl.fasb.org/us-gaap/2011/elts/us-gaap-2011-01-31.xsd#us-gaap_CommonStockMember" xlink:label="Locator_us-gaap_CommonStockMember_658" />
    <definitionArc xlink:type="arc" xlink:arcrole="http://xbrl.org/int/dim/arcrole/domain-member" xlink:from="Locator_us-gaap_ClassOfStockDomain_657" xlink:to="Locator_us-gaap_CommonStockMember_658" order="3.0" xbrldt:usable="true" />
    <loc xlink:type="locator" xlink:href="http://xbrl.fasb.org/us-gaap/2011/elts/us-gaap-2011-01-31.xsd#us-gaap_StatementLineItems" xlink:label="Locator_us-gaap_StatementLineItems_629" />
    <loc xlink:type="locator" xlink:href="http://xbrl.fasb.org/us-gaap/2011/elts/us-gaap-2011-01-31.xsd#us-gaap_ScheduleOfStockByClassTable" xlink:label="Locator_us-gaap_ScheduleOfStockByClassTable_630" />
    <definitionArc xlink:type="arc" xlink:arcrole="http://xbrl.org/int/dim/arcrole/all" xlink:from="Locator_us-gaap_StatementLineItems_629" xlink:to="Locator_us-gaap_ScheduleOfStockByClassTable_630" order="0.5" xbrldt:contextElement="segment" xbrldt:closed="true" />
    <loc xlink:type="locator" xlink:href="http://xbrl.fasb.org/us-gaap/2011/elts/us-gaap-2011-01-31.xsd#us-gaap_ScheduleOfStockByClassTable" xlink:label="Locator_us-gaap_ScheduleOfStockByClassTable_647" />
    <loc xlink:type="locator" xlink:href="http://xbrl.fasb.org/us-gaap/2011/elts/us-gaap-2011-01-31.xsd#us-gaap_StatementClassOfStockAxis" xlink:label="Locator_us-gaap_StatementClassOfStockAxis_648" />
    <definitionArc xlink:type="arc" xlink:arcrole="http://xbrl.org/int/dim/arcrole/hypercube-dimension" xlink:from="Locator_us-gaap_ScheduleOfStockByClassTable_647" xlink:to="Locator_us-gaap_StatementClassOfStockAxis_648" order="0.0" />
    <loc xlink:type="locator" xlink:href="http://xbrl.fasb.org/us-gaap/2011/elts/us-gaap-2011-01-31.xsd#us-gaap_StatementLineItems" xlink:label="Locator_us-gaap_StatementLineItems_659" />
    <loc xlink:type="locator" xlink:href="senea-20121229.xsd#senea_StockIssuedForBonusProgramValue" xlink:label="Locator_senea_StockIssuedForBonusProgramValue_660" />
    <definitionArc xlink:type="arc" xlink:arcrole="http://xbrl.org/int/dim/arcrole/domain-member" xlink:from="Locator_us-gaap_StatementLineItems_659" xlink:to="Locator_senea_StockIssuedForBonusProgramValue_660" order="0.0" xbrldt:usable="true" />
    <loc xlink:type="locator" xlink:href="http://xbrl.fasb.org/us-gaap/2011/elts/us-gaap-2011-01-31.xsd#us-gaap_StatementLineItems" xlink:label="Locator_us-gaap_StatementLineItems_661" />
    <loc xlink:type="locator" xlink:href="senea-20121229.xsd#senea_StockIssuedForBonusProgramShares" xlink:label="Locator_senea_StockIssuedForBonusProgramShares_662" />
    <definitionArc xlink:type="arc" xlink:arcrole="http://xbrl.org/int/dim/arcrole/domain-member" xlink:from="Locator_us-gaap_StatementLineItems_661" xlink:to="Locator_senea_StockIssuedForBonusProgramShares_662" order="1.0" xbrldt:usable="true" />
    <loc xlink:type="locator" xlink:href="http://xbrl.fasb.org/us-gaap/2011/elts/us-gaap-2011-01-31.xsd#us-gaap_StatementLineItems" xlink:label="Locator_us-gaap_StatementLineItems_663" />
    <loc xlink:type="locator" xlink:href="http://xbrl.fasb.org/us-gaap/2011/elts/us-gaap-2011-01-31.xsd#us-gaap_TreasuryStockValueAcquiredCostMethod" xlink:label="Locator_us-gaap_TreasuryStockValueAcquiredCostMethod_664" />
    <definitionArc xlink:type="arc" xlink:arcrole="http://xbrl.org/int/dim/arcrole/domain-member" xlink:from="Locator_us-gaap_StatementLineItems_663" xlink:to="Locator_us-gaap_TreasuryStockValueAcquiredCostMethod_664" order="2.0" xbrldt:usable="true" />
    <loc xlink:type="locator" xlink:href="http://xbrl.fasb.org/us-gaap/2011/elts/us-gaap-2011-01-31.xsd#us-gaap_StatementLineItems" xlink:label="Locator_us-gaap_StatementLineItems_665" />
    <loc xlink:type="locator" xlink:href="http://xbrl.fasb.org/us-gaap/2011/elts/us-gaap-2011-01-31.xsd#us-gaap_StockRepurchasedDuringPeriodShares" xlink:label="Locator_us-gaap_StockRepurchasedDuringPeriodShares_666" />
    <definitionArc xlink:type="arc" xlink:arcrole="http://xbrl.org/int/dim/arcrole/domain-member" xlink:from="Locator_us-gaap_StatementLineItems_665" xlink:to="Locator_us-gaap_StockRepurchasedDuringPeriodShares_666" order="3.0" xbrldt:usable="true" />
    <loc xlink:type="locator" xlink:href="http://xbrl.fasb.org/us-gaap/2011/elts/us-gaap-2011-01-31.xsd#us-gaap_StatementLineItems" xlink:label="Locator_us-gaap_StatementLineItems_667" />
    <loc xlink:type="locator" xlink:href="http://xbrl.fasb.org/us-gaap/2011/elts/us-gaap-2011-01-31.xsd#us-gaap_TreasuryStockValue" xlink:label="Locator_us-gaap_TreasuryStockValue_668" />
    <definitionArc xlink:type="arc" xlink:arcrole="http://xbrl.org/int/dim/arcrole/domain-member" xlink:from="Locator_us-gaap_StatementLineItems_667" xlink:to="Locator_us-gaap_TreasuryStockValue_668" order="4.0" xbrldt:usable="true" />
    <loc xlink:type="locator" xlink:href="http://xbrl.fasb.org/us-gaap/2011/elts/us-gaap-2011-01-31.xsd#us-gaap_StatementLineItems" xlink:label="Locator_us-gaap_StatementLineItems_669" />
    <loc xlink:type="locator" xlink:href="http://xbrl.fasb.org/us-gaap/2011/elts/us-gaap-2011-01-31.xsd#us-gaap_SharesIssued" xlink:label="Locator_us-gaap_SharesIssued_670" />
    <definitionArc xlink:type="arc" xlink:arcrole="http://xbrl.org/int/dim/arcrole/domain-member" xlink:from="Locator_us-gaap_StatementLineItems_669" xlink:to="Locator_us-gaap_SharesIssued_670" order="5.0" xbrldt:usable="true" />
    <loc xlink:type="locator" xlink:href="http://xbrl.fasb.org/us-gaap/2011/elts/us-gaap-2011-01-31.xsd#us-gaap_StatementLineItems" xlink:label="Locator_us-gaap_StatementLineItems_671" />
    <loc xlink:type="locator" xlink:href="http://xbrl.fasb.org/us-gaap/2011/elts/us-gaap-2011-01-31.xsd#us-gaap_ConversionOfStockSharesConverted1" xlink:label="Locator_us-gaap_ConversionOfStockSharesConverted1_672" />
    <definitionArc xlink:type="arc" xlink:arcrole="http://xbrl.org/int/dim/arcrole/domain-member" xlink:from="Locator_us-gaap_StatementLineItems_671" xlink:to="Locator_us-gaap_ConversionOfStockSharesConverted1_672" order="6.0" xbrldt:usable="true" />
    <loc xlink:type="locator" xlink:href="http://xbrl.fasb.org/us-gaap/2011/elts/us-gaap-2011-01-31.xsd#us-gaap_StatementLineItems" xlink:label="Locator_us-gaap_StatementLineItems_673" />
    <loc xlink:type="locator" xlink:href="http://xbrl.fasb.org/us-gaap/2011/elts/us-gaap-2011-01-31.xsd#us-gaap_ConversionOfStockAmountConverted1" xlink:label="Locator_us-gaap_ConversionOfStockAmountConverted1_674" />
    <definitionArc xlink:type="arc" xlink:arcrole="http://xbrl.org/int/dim/arcrole/domain-member" xlink:from="Locator_us-gaap_StatementLineItems_673" xlink:to="Locator_us-gaap_ConversionOfStockAmountConverted1_674" order="7.0" xbrldt:usable="true" />
  </definitionLink>
  <definitionLink xlink:type="extended" xlink:role="http://www.senecafoods.com/role/DisclosureRestructuringdetail">
    <loc xlink:type="locator" xlink:href="http://xbrl.fasb.org/us-gaap/2011/elts/us-gaap-2011-01-31.xsd#us-gaap_RestructuringCostAndReserveLineItems" xlink:label="Locator_us-gaap_RestructuringCostAndReserveLineItems_719" />
    <loc xlink:type="locator" xlink:href="http://xbrl.fasb.org/us-gaap/2011/elts/us-gaap-2011-01-31.xsd#us-gaap_ScheduleOfRestructuringAndRelatedCostsTable" xlink:label="Locator_us-gaap_ScheduleOfRestructuringAndRelatedCostsTable_720" />
    <definitionArc xlink:type="arc" xlink:arcrole="http://xbrl.org/int/dim/arcrole/all" xlink:from="Locator_us-gaap_RestructuringCostAndReserveLineItems_719" xlink:to="Locator_us-gaap_ScheduleOfRestructuringAndRelatedCostsTable_720" order="0.5" xbrldt:contextElement="segment" xbrldt:closed="true" />
    <loc xlink:type="locator" xlink:href="http://xbrl.fasb.org/us-gaap/2011/elts/us-gaap-2011-01-31.xsd#us-gaap_ScheduleOfRestructuringAndRelatedCostsTable" xlink:label="Locator_us-gaap_ScheduleOfRestructuringAndRelatedCostsTable_729" />
    <loc xlink:type="locator" xlink:href="http://xbrl.fasb.org/us-gaap/2011/elts/us-gaap-2011-01-31.xsd#us-gaap_RestructuringCostAndReserveAxis" xlink:label="Locator_us-gaap_RestructuringCostAndReserveAxis_730" />
    <definitionArc xlink:type="arc" xlink:arcrole="http://xbrl.org/int/dim/arcrole/hypercube-dimension" xlink:from="Locator_us-gaap_ScheduleOfRestructuringAndRelatedCostsTable_729" xlink:to="Locator_us-gaap_RestructuringCostAndReserveAxis_730" order="0.0" />
    <loc xlink:type="locator" xlink:href="http://xbrl.fasb.org/us-gaap/2011/elts/us-gaap-2011-01-31.xsd#us-gaap_RestructuringCostAndReserveAxis" xlink:label="Locator_us-gaap_RestructuringCostAndReserveAxis_713" />
    <loc xlink:type="locator" xlink:href="http://xbrl.fasb.org/us-gaap/2011/elts/us-gaap-2011-01-31.xsd#us-gaap_TypeOfRestructuringDomain" xlink:label="Locator_us-gaap_TypeOfRestructuringDomain_714" />
    <definitionArc xlink:type="arc" xlink:arcrole="http://xbrl.org/int/dim/arcrole/dimension-default" xlink:from="Locator_us-gaap_RestructuringCostAndReserveAxis_713" xlink:to="Locator_us-gaap_TypeOfRestructuringDomain_714" order="1.0" />
    <loc xlink:type="locator" xlink:href="http://xbrl.fasb.org/us-gaap/2011/elts/us-gaap-2011-01-31.xsd#us-gaap_RestructuringCostAndReserveAxis" xlink:label="Locator_us-gaap_RestructuringCostAndReserveAxis_731" />
    <loc xlink:type="locator" xlink:href="http://xbrl.fasb.org/us-gaap/2011/elts/us-gaap-2011-01-31.xsd#us-gaap_TypeOfRestructuringDomain" xlink:label="Locator_us-gaap_TypeOfRestructuringDomain_732" />
    <definitionArc xlink:type="arc" xlink:arcrole="http://xbrl.org/int/dim/arcrole/dimension-domain" xlink:from="Locator_us-gaap_RestructuringCostAndReserveAxis_731" xlink:to="Locator_us-gaap_TypeOfRestructuringDomain_732" order="0.0" xbrldt:usable="true" />
    <loc xlink:type="locator" xlink:href="http://xbrl.fasb.org/us-gaap/2011/elts/us-gaap-2011-01-31.xsd#us-gaap_TypeOfRestructuringDomain" xlink:label="Locator_us-gaap_TypeOfRestructuringDomain_733" />
    <loc xlink:type="locator" xlink:href="http://xbrl.fasb.org/us-gaap/2011/elts/us-gaap-2011-01-31.xsd#us-gaap_EmployeeSeveranceMember" xlink:label="Locator_us-gaap_EmployeeSeveranceMember_734" />
    <definitionArc xlink:type="arc" xlink:arcrole="http://xbrl.org/int/dim/arcrole/domain-member" xlink:from="Locator_us-gaap_TypeOfRestructuringDomain_733" xlink:to="Locator_us-gaap_EmployeeSeveranceMember_734" order="0.0" xbrldt:usable="true" />
    <loc xlink:type="locator" xlink:href="http://xbrl.fasb.org/us-gaap/2011/elts/us-gaap-2011-01-31.xsd#us-gaap_TypeOfRestructuringDomain" xlink:label="Locator_us-gaap_TypeOfRestructuringDomain_735" />
    <loc xlink:type="locator" xlink:href="senea-20121229.xsd#senea_OtherRestructuringMember" xlink:label="Locator_senea_OtherRestructuringMember_736" />
    <definitionArc xlink:type="arc" xlink:arcrole="http://xbrl.org/int/dim/arcrole/domain-member" xlink:from="Locator_us-gaap_TypeOfRestructuringDomain_735" xlink:to="Locator_senea_OtherRestructuringMember_736" order="1.0" xbrldt:usable="true" />
    <loc xlink:type="locator" xlink:href="http://xbrl.fasb.org/us-gaap/2011/elts/us-gaap-2011-01-31.xsd#us-gaap_TypeOfRestructuringDomain" xlink:label="Locator_us-gaap_TypeOfRestructuringDomain_737" />
    <loc xlink:type="locator" xlink:href="senea-20121229.xsd#senea_LongLivedAssetChargesMember" xlink:label="Locator_senea_LongLivedAssetChargesMember_738" />
    <definitionArc xlink:type="arc" xlink:arcrole="http://xbrl.org/int/dim/arcrole/domain-member" xlink:from="Locator_us-gaap_TypeOfRestructuringDomain_737" xlink:to="Locator_senea_LongLivedAssetChargesMember_738" order="2.0" xbrldt:usable="true" />
    <loc xlink:type="locator" xlink:href="http://xbrl.fasb.org/us-gaap/2011/elts/us-gaap-2011-01-31.xsd#us-gaap_RestructuringCostAndReserveLineItems" xlink:label="Locator_us-gaap_RestructuringCostAndReserveLineItems_739" />
    <loc xlink:type="locator" xlink:href="http://xbrl.fasb.org/us-gaap/2011/elts/us-gaap-2011-01-31.xsd#us-gaap_RestructuringReserve" xlink:label="Locator_us-gaap_RestructuringReserve_740" />
    <definitionArc xlink:type="arc" xlink:arcrole="http://xbrl.org/int/dim/arcrole/domain-member" xlink:from="Locator_us-gaap_RestructuringCostAndReserveLineItems_739" xlink:to="Locator_us-gaap_RestructuringReserve_740" order="0.0" xbrldt:usable="true" />
    <loc xlink:type="locator" xlink:href="http://xbrl.fasb.org/us-gaap/2011/elts/us-gaap-2011-01-31.xsd#us-gaap_RestructuringCostAndReserveLineItems" xlink:label="Locator_us-gaap_RestructuringCostAndReserveLineItems_741" />
    <loc xlink:type="locator" xlink:href="http://xbrl.fasb.org/us-gaap/2011/elts/us-gaap-2011-01-31.xsd#us-gaap_RestructuringReservePeriodExpense" xlink:label="Locator_us-gaap_RestructuringReservePeriodExpense_742" />
    <definitionArc xlink:type="arc" xlink:arcrole="http://xbrl.org/int/dim/arcrole/domain-member" xlink:from="Locator_us-gaap_RestructuringCostAndReserveLineItems_741" xlink:to="Locator_us-gaap_RestructuringReservePeriodExpense_742" order="1.0" xbrldt:usable="true" />
    <loc xlink:type="locator" xlink:href="http://xbrl.fasb.org/us-gaap/2011/elts/us-gaap-2011-01-31.xsd#us-gaap_RestructuringCostAndReserveLineItems" xlink:label="Locator_us-gaap_RestructuringCostAndReserveLineItems_743" />
    <loc xlink:type="locator" xlink:href="http://xbrl.fasb.org/us-gaap/2011/elts/us-gaap-2011-01-31.xsd#us-gaap_RestructuringReserveSettledWithCash" xlink:label="Locator_us-gaap_RestructuringReserveSettledWithCash_744" />
    <definitionArc xlink:type="arc" xlink:arcrole="http://xbrl.org/int/dim/arcrole/domain-member" xlink:from="Locator_us-gaap_RestructuringCostAndReserveLineItems_743" xlink:to="Locator_us-gaap_RestructuringReserveSettledWithCash_744" order="2.0" xbrldt:usable="true" />
  </definitionLink>
</linkbase>
