<?xml version="1.0" encoding="us-ascii"?>
<!--XBRL document created by RR Donnelley IM Processor 6.0.0.0 using Fujitsu Interstage XWand-->
<xbrl xmlns:dgifi2="http://www.dws-investments.com/20130114" xmlns:xsi="http://www.w3.org/2001/XMLSchema-instance" xmlns:dei="http://xbrl.sec.gov/dei/2012-01-31" xmlns:rr="http://xbrl.sec.gov/rr/2012-01-31" xmlns:link="http://www.xbrl.org/2003/linkbase" xmlns:xbrldi="http://xbrl.org/2006/xbrldi" xmlns:iso4217="http://www.xbrl.org/2003/iso4217" xmlns:xlink="http://www.w3.org/1999/xlink" xmlns="http://www.xbrl.org/2003/instance">
  <link:schemaRef xlink:type="simple" xlink:href="dgifi2-20130114.xsd" />
  <context id="Duration_02Dec2011_01Dec2012">
    <entity>
      <identifier scheme="http://www.sec.gov/CIK">0000793597</identifier>
    </entity>
    <period>
      <startDate>2011-12-02</startDate>
      <endDate>2012-12-01</endDate>
    </period>
  </context>
  <context id="Duration_02Dec2011_01Dec2012S000005469_Member">
    <entity>
      <identifier scheme="http://www.sec.gov/CIK">0000793597</identifier>
      <segment>
        <xbrldi:explicitMember dimension="dei:LegalEntityAxis">dgifi2:S000005469Member</xbrldi:explicitMember>
      </segment>
    </entity>
    <period>
      <startDate>2011-12-02</startDate>
      <endDate>2012-12-01</endDate>
    </period>
  </context>
  <dei:EntityRegistrantName contextRef="Duration_02Dec2011_01Dec2012">DWS GLOBAL/INTERNATIONAL FUND, INC.</dei:EntityRegistrantName>
  <dei:EntityCentralIndexKey contextRef="Duration_02Dec2011_01Dec2012">0000793597</dei:EntityCentralIndexKey>
  <dei:DocumentCreationDate contextRef="Duration_02Dec2011_01Dec2012">2013-01-14</dei:DocumentCreationDate>
  <dei:DocumentEffectiveDate contextRef="Duration_02Dec2011_01Dec2012">2013-01-14</dei:DocumentEffectiveDate>
  <dei:AmendmentFlag contextRef="Duration_02Dec2011_01Dec2012">false</dei:AmendmentFlag>
  <dei:DocumentPeriodEndDate contextRef="Duration_02Dec2011_01Dec2012">2013-01-14</dei:DocumentPeriodEndDate>
  <rr:ProspectusDate contextRef="Duration_02Dec2011_01Dec2012">2012-12-01</rr:ProspectusDate>
  <dgifi2:SupplementTextBlock contextRef="Duration_02Dec2011_01Dec2012">&lt;div&gt; &lt;table cellpadding="0" cellspacing="0" width="100%" style="FONT-SIZE: 10pt; FONT-FAMILY: times new roman; FONT-SIZE: 10pt; FONT-FAMILY: times new roman"&gt; &lt;tr&gt; &lt;td colspan="3" valign="top" width="86%"&gt; &lt;div style="DISPLAY: block; MARGIN-LEFT: 0pt; TEXT-INDENT: 0pt; MARGIN-RIGHT: 0pt" align="center"&gt;&lt;font style="DISPLAY: inline; FONT-WEIGHT: bold; FONT-SIZE: 10pt; FONT-FAMILY: times new roman"&gt;SUPPLEMENT TO THE CURRENTLY EFFECTIVE PROSPECTUS&lt;/font&gt;&lt;/div&gt; &lt;/td&gt; &lt;/tr&gt;&lt;tr&gt; &lt;td valign="top" width="38%"&gt;&lt;font style="DISPLAY: inline; FONT-SIZE: 10pt; FONT-FAMILY: times new roman"&gt;&amp;#160; &lt;/font&gt;&lt;/td&gt; &lt;td valign="top" width="9%" style="BORDER-BOTTOM: black 2px solid"&gt;&lt;font style="DISPLAY: inline; FONT-SIZE: 10pt; FONT-FAMILY: times new roman"&gt;&amp;#160; &lt;/font&gt;&lt;/td&gt; &lt;td valign="top" width="39%"&gt;&lt;font style="DISPLAY: inline; FONT-SIZE: 10pt; FONT-FAMILY: times new roman"&gt;&amp;#160; &lt;/font&gt;&lt;/td&gt; &lt;/tr&gt;&lt;tr&gt; &lt;td valign="top" width="38%"&gt;&lt;font style="DISPLAY: inline; FONT-SIZE: 10pt; FONT-FAMILY: times new roman"&gt;&amp;#160; &lt;/font&gt;&lt;/td&gt; &lt;td valign="top" width="9%"&gt;&lt;font style="DISPLAY: inline; FONT-SIZE: 10pt; FONT-FAMILY: times new roman"&gt;&amp;#160; &lt;/font&gt;&lt;/td&gt; &lt;td valign="top" width="39%"&gt;&lt;font style="DISPLAY: inline; FONT-SIZE: 10pt; FONT-FAMILY: times new roman"&gt;&amp;#160; &lt;/font&gt;&lt;/td&gt; &lt;/tr&gt;&lt;tr&gt; &lt;td colspan="3" valign="top" width="86%"&gt; &lt;div style="DISPLAY: block; MARGIN-LEFT: 0pt; TEXT-INDENT: 0pt; MARGIN-RIGHT: 0pt" align="center"&gt;&lt;font style="DISPLAY: inline; FONT-SIZE: 10pt; FONT-FAMILY: times new roman"&gt;DWS Global Thematic Fund&lt;/font&gt;&lt;/div&gt;  &lt;div style="DISPLAY: block; MARGIN-LEFT: 0pt; TEXT-INDENT: 0pt; MARGIN-RIGHT: 0pt" align="center"&gt;&lt;font style="DISPLAY: inline; FONT-SIZE: 10pt; FONT-FAMILY: times new roman"&gt;(Effective on or about January 31, 2013: &lt;font style="DISPLAY: inline; FONT-WEIGHT: bold"&gt;DWS Global Growth Fund&lt;/font&gt;)&lt;/font&gt;&lt;/div&gt; &lt;/td&gt; &lt;/tr&gt;&lt;/table&gt; &lt;/div&gt;  &lt;div style="DISPLAY: block; TEXT-INDENT: 0pt"&gt;&lt;br/&gt; &lt;/div&gt;  &lt;div style="DISPLAY: block; MARGIN-LEFT: 0pt; TEXT-INDENT: 0pt; MARGIN-RIGHT: 0pt" align="justify"&gt;&lt;font style="DISPLAY: inline; FONT-SIZE: 10pt; FONT-FAMILY: Times New Roman"&gt;Effective on or about January 31, 2013, DWS Global Thematic Fund will change its name to DWS Global Growth Fund.&lt;/font&gt;&lt;/div&gt;  &lt;div style="DISPLAY: block; MARGIN-LEFT: 0pt; TEXT-INDENT: 0pt; MARGIN-RIGHT: 0pt" align="justify"&gt;&amp;#160;&lt;/div&gt;  &lt;div style="DISPLAY: block; MARGIN-LEFT: 0pt; TEXT-INDENT: 0pt; MARGIN-RIGHT: 0pt" align="left"&gt;&lt;font style="DISPLAY: inline; FONT-SIZE: 10pt; FONT-FAMILY: Times New Roman"&gt;Effective on or about January 31, 2013, the following sections of the prospectus are supplemented as follows:&lt;/font&gt;&lt;/div&gt;  &lt;div style="DISPLAY: block; MARGIN-LEFT: 0pt; TEXT-INDENT: 0pt; MARGIN-RIGHT: 0pt" align="justify"&gt; &lt;div style="DISPLAY: block; TEXT-INDENT: 0pt"&gt;&amp;#160;&lt;/div&gt; &lt;/div&gt;  &lt;div style="DISPLAY: block; MARGIN-LEFT: 0pt; TEXT-INDENT: 0pt; MARGIN-RIGHT: 0pt" align="left"&gt;&lt;font style="DISPLAY: inline; FONT-SIZE: 10pt;  FONT-FAMILY: Times New Roman"&gt;The following information replaces the existing disclosure contained in the &amp;#8221;PRINCIPAL INVESTMENT STRATEGY&amp;#8221; section of the summary section of the fund&amp;#8217;s prospectus and the &amp;#8221;FUND DETAILS&amp;#8221; section of the fund&amp;#8217;s prospectus:&lt;/font&gt;&lt;/div&gt;  &lt;div style="DISPLAY: block; MARGIN-LEFT: 0pt; TEXT-INDENT: 0pt; MARGIN-RIGHT: 0pt" align="justify"&gt;&amp;#160;&lt;/div&gt;  &lt;div style="DISPLAY: block; MARGIN-LEFT: 0pt; TEXT-INDENT: 0pt; MARGIN-RIGHT: 0pt" align="left"&gt;&lt;font style="DISPLAY: inline; FONT-SIZE: 10pt; FONT-FAMILY: Times New Roman"&gt;&lt;font style="DISPLAY: inline; FONT-WEIGHT: bold"&gt;Main Investments.&lt;/font&gt; The fund invests at least 65% of its total assets in US and foreign equities (equities issued by US and foreign-based companies). The fund can invest in companies of any size and from any country, including countries with emerging economies. The fund seeks to achieve its objective by allocating its assets among a global growth sleeve and a global small cap growth sleeve. The fund&amp;#8217;s global growth sleeve will typically consist of approximately 60 to 80 companies that are diversified across the growth spectrum; including early stage, core growth, and established growth companies. The fund&amp;#8217;s global small cap growth sleeve will&amp;#160;generally invest in small and mid cap global growth companies and will typically consist of approximately 100&amp;#160;to 120 companies. The fund&amp;#8217;s equity investments may&amp;#160;also include preferred stocks and other securities with equity characteristics, such as convertible securities and warrants.&lt;/font&gt;&lt;/div&gt;  &lt;div style="DISPLAY: block; MARGIN-LEFT: 0pt; TEXT-INDENT: 0pt; MARGIN-RIGHT: 0pt" align="justify"&gt;&amp;#160;&lt;/div&gt;  &lt;div style="DISPLAY: block; MARGIN-LEFT: 0pt; TEXT-INDENT: 0pt; MARGIN-RIGHT: 0pt" align="left"&gt;&lt;font style="DISPLAY: inline; FONT-SIZE: 10pt; FONT-FAMILY: Times New Roman"&gt;&lt;font style="DISPLAY: inline; FONT-WEIGHT: bold"&gt;Management process.&lt;/font&gt; Portfolio management allocates the fund&amp;#8217;s assets among a global growth sleeve and a global small cap growth sleeve.&lt;/font&gt;&lt;/div&gt;  &lt;div style="DISPLAY: block; MARGIN-LEFT: 0pt; TEXT-INDENT: 0pt; MARGIN-RIGHT: 0pt" align="justify"&gt;&amp;#160;&lt;/div&gt;  &lt;div style="DISPLAY: block; MARGIN-LEFT: 0pt; TEXT-INDENT: 0pt; MARGIN-RIGHT: 0pt" align="left"&gt;&lt;font style="DISPLAY: inline; FONT-SIZE: 10pt; FONT-FAMILY: Times New Roman"&gt;Portfolio management for the global growth sleeve aims&amp;#160;to add value through stock selection. In choosing securities, portfolio management employs a risk-balanced bottom-up selection process to identify companies it believes are well-positioned. Portfolio management utilizes a proprietary investment process designed to identify attractive investments utilizing proprietary research, including regional and sector research, conducted by in-house analysts. The investment process also takes into consideration various valuation metrics to assess the attractiveness of stocks and assists portfolio management in devising allocations among investable securities.&lt;/font&gt;&lt;/div&gt;  &lt;div style="DISPLAY: block; TEXT-INDENT: 0pt"&gt;&amp;#160;&lt;/div&gt;  &lt;div style="DISPLAY: block; MARGIN-LEFT: 0pt; TEXT-INDENT: 0pt; MARGIN-RIGHT: 0pt" align="left"&gt;&lt;font style="DISPLAY: inline; FONT-SIZE: 10pt; FONT-FAMILY: Times New Roman"&gt;Portfolio management for the global small cap growth sleeve uses a combination of analytical disciplines:&lt;/font&gt;&lt;/div&gt;  &lt;div style="DISPLAY: block; MARGIN-LEFT: 0pt; TEXT-INDENT: 0pt; MARGIN-RIGHT: 0pt" align="justify"&gt;&amp;#160;&lt;/div&gt;  &lt;div&gt; &lt;table align="center" border="0" cellpadding="0" cellspacing="0" width="100%" style="FONT-SIZE: 10pt; FONT-FAMILY: times new roman; FONT-SIZE: 10pt; FONT-FAMILY: times new roman"&gt; &lt;tr valign="top"&gt; &lt;td style="WIDTH: 36pt"&gt; &lt;div style="MARGIN-LEFT: 0pt; TEXT-INDENT: 0pt; MARGIN-RIGHT: 0pt"&gt;&lt;font style="DISPLAY: inline; FONT-SIZE: 10pt; FONT-FAMILY: Times New Roman"&gt;&lt;font style="DISPLAY: inline; FONT-SIZE: 10pt;"&gt;&lt;font style="DISPLAY: inline; FONT-FAMILY: Times New Roman"&gt;&amp;#9632;&lt;/font&gt;&lt;/font&gt;&lt;/font&gt;&lt;/div&gt; &lt;/td&gt; &lt;td&gt; &lt;div align="left"&gt;&lt;font style="DISPLAY: inline; FONT-SIZE: 10pt; FONT-FAMILY: Times New Roman"&gt;&lt;font style="DISPLAY: inline; FONT-WEIGHT: bold"&gt;Bottom-up research.&lt;/font&gt; Portfolio management looks for individual companies that it believes have a history of above-average growth, strong competitive positioning, attractive prices relative to potential growth, sound financial strength and effective management, among other factors.&lt;/font&gt;&lt;/div&gt; &lt;/td&gt; &lt;/tr&gt;&lt;/table&gt; &lt;/div&gt;  &lt;div style="DISPLAY: block; MARGIN-LEFT: 0pt; TEXT-INDENT: 0pt; MARGIN-RIGHT: 0pt" align="justify"&gt;&amp;#160;&lt;/div&gt;  &lt;div&gt; &lt;table align="center" border="0" cellpadding="0" cellspacing="0" width="100%" style="FONT-SIZE: 10pt; FONT-FAMILY: times new roman; FONT-SIZE: 10pt; FONT-FAMILY: times new roman"&gt; &lt;tr valign="top"&gt; &lt;td style="WIDTH: 36pt"&gt; &lt;div style="MARGIN-LEFT: 0pt; TEXT-INDENT: 0pt; MARGIN-RIGHT: 0pt"&gt;&lt;font style="DISPLAY: inline; FONT-SIZE: 10pt; FONT-FAMILY: Times New Roman"&gt;&lt;font style="DISPLAY: inline; FONT-SIZE: 10pt;"&gt;&lt;font style="DISPLAY: inline; FONT-FAMILY: Times New Roman"&gt;&amp;#9632;&lt;/font&gt;&lt;/font&gt;&lt;/font&gt;&lt;/div&gt; &lt;/td&gt; &lt;td&gt; &lt;div align="left"&gt;&lt;font style="DISPLAY: inline; FONT-SIZE: 10pt; FONT-FAMILY: Times New Roman"&gt;&lt;font style="DISPLAY: inline; FONT-WEIGHT: bold"&gt;Growth orientation.&lt;/font&gt; Portfolio management generally looks for companies that it believes have above-average potential for sustainable growth of revenue or earnings and whose market value appears reasonable in light of their business prospects.&lt;/font&gt;&lt;/div&gt; &lt;/td&gt; &lt;/tr&gt;&lt;/table&gt; &lt;/div&gt;  &lt;div style="DISPLAY: block; MARGIN-LEFT: 0pt; TEXT-INDENT: 0pt; MARGIN-RIGHT: 0pt" align="justify"&gt;&amp;#160;&lt;/div&gt;  &lt;div style="DISPLAY: block; MARGIN-LEFT: 0pt; TEXT-INDENT: 0pt; MARGIN-RIGHT: 0pt" align="left"&gt;&lt;font style="DISPLAY: inline; FONT-SIZE: 10pt; FONT-FAMILY: Times New Roman"&gt;Portfolio management uses analytical tools to actively monitor the risk profile of the portfolio as compared to appropriate benchmarks. Portfolio management will normally sell a stock when it believes its price is unlikely to go much higher, its fundamentals have deteriorated, other investments offer better opportunities or in the course of adjusting the fund&amp;#8217;s exposure to a given country.&lt;/font&gt;&lt;/div&gt;  &lt;div style="DISPLAY: block; MARGIN-LEFT: 0pt; TEXT-INDENT: 0pt; MARGIN-RIGHT: 0pt" align="justify"&gt;&amp;#160;&lt;/div&gt;  &lt;div style="DISPLAY: block; MARGIN-LEFT: 0pt; TEXT-INDENT: 0pt; MARGIN-RIGHT: 0pt" align="left"&gt;&lt;font style="DISPLAY: inline; FONT-SIZE: 10pt; FONT-FAMILY: Times New Roman"&gt;&lt;font style="DISPLAY: inline; FONT-WEIGHT: bold"&gt;Derivatives.&lt;/font&gt; Portfolio management generally may use options and futures contracts, which are each a type of derivative (a contract whose value is based on, for example, indices, currencies or securities) as a substitute for direct investment in a particular asset class or to keep cash on hand to meet shareholder redemptions.&lt;/font&gt;&lt;/div&gt;  &lt;div style="DISPLAY: block; MARGIN-LEFT: 0pt; TEXT-INDENT: 0pt; MARGIN-RIGHT: 0pt" align="justify"&gt;&amp;#160;&lt;/div&gt;  &lt;div style="DISPLAY: block; MARGIN-LEFT: 0pt; TEXT-INDENT: 0pt; MARGIN-RIGHT: 0pt" align="left"&gt;&lt;font style="DISPLAY: inline; FONT-SIZE: 10pt; FONT-FAMILY: Times New Roman"&gt;The fund may also use various types of derivatives (i) for hedging purposes; (ii) for risk management; (iii) for non-hedging purposes to seek to enhance potential gains; or (iv) as a substitute for direct investment in a particular asset class or to keep cash on hand to meet shareholder redemptions.&lt;/font&gt;&lt;/div&gt;  &lt;div style="DISPLAY: block; MARGIN-LEFT: 0pt; TEXT-INDENT: 0pt; MARGIN-RIGHT: 0pt" align="justify"&gt;&amp;#160;&lt;/div&gt;  &lt;div style="DISPLAY: block; MARGIN-LEFT: 0pt; TEXT-INDENT: 0pt; MARGIN-RIGHT: 0pt" align="left"&gt;&lt;font style="DISPLAY: inline; FONT-SIZE: 10pt; FONT-FAMILY: Times New Roman"&gt;&lt;font style="DISPLAY: inline; FONT-WEIGHT: bold"&gt;Securities Lending.&lt;/font&gt; The fund may lend securities (up to one-third of total assets) to approved institutions.&lt;/font&gt;&lt;/div&gt;&lt;br/&gt;  &lt;div style="DISPLAY: block; MARGIN-LEFT: 0pt; TEXT-INDENT: 0pt; MARGIN-RIGHT: 0pt" align="left"&gt;&lt;font style="DISPLAY: inline; FONT-SIZE: 10pt;  FONT-FAMILY: Times New Roman"&gt;The following information supplements the existing disclosure under the &amp;#8221;MAIN RISKS&amp;#8221; section of the summary section of the fund&amp;#8217;s prospectus:&lt;/font&gt;&lt;/div&gt;  &lt;div style="DISPLAY: block; MARGIN-LEFT: 0pt; TEXT-INDENT: 0pt; MARGIN-RIGHT: 0pt" align="justify"&gt;&amp;#160;&lt;/div&gt;  &lt;div style="DISPLAY: block; TEXT-INDENT: 0pt"&gt;&lt;font style="DISPLAY: inline; FONT-SIZE: 10pt; FONT-FAMILY: Times New Roman"&gt;&lt;font style="DISPLAY: inline; FONT-WEIGHT: bold"&gt;Growth investing risk.&lt;/font&gt; As a category, growth stocks may underperform value stocks (and the stock market as a whole) over any period of time. Because the prices of growth stocks are based largely on the expectation of future earnings, growth stock prices can decline rapidly and significantly in reaction to negative news about such factors as earnings, the economy, political developments, or other news.&lt;/font&gt;&lt;/div&gt;  &lt;div style="DISPLAY: block; MARGIN-LEFT: 0pt; TEXT-INDENT: 0pt; MARGIN-RIGHT: 0pt" align="justify"&gt;&amp;#160;&lt;/div&gt;  &lt;div style="DISPLAY: block; MARGIN-LEFT: 0pt; TEXT-INDENT: 0pt; MARGIN-RIGHT: 0pt" align="left"&gt;&lt;font style="DISPLAY: inline; FONT-SIZE: 10pt; FONT-FAMILY: Times New Roman"&gt;&lt;font style="DISPLAY: inline; FONT-WEIGHT: bold"&gt;Small company risk.&lt;/font&gt; Small company stocks tend to be more volatile than medium-sized or large company stocks. Small companies are less widely followed by stock analysts and less information about them is available to investors. Industry-wide reversals may have a greater impact on small companies, since they may lack the financial resources of larger companies. Small company stocks are typically less liquid than large company stocks.&lt;/font&gt;&lt;/div&gt;</dgifi2:SupplementTextBlock>
  <dgifi2:SupplementTextBlock contextRef="Duration_02Dec2011_01Dec2012S000005469_Member">&lt;div&gt; &lt;table cellpadding="0" cellspacing="0" width="100%" style="FONT-SIZE: 10pt; FONT-FAMILY: times new roman; FONT-SIZE: 10pt; FONT-FAMILY: times new roman"&gt; &lt;tr&gt; &lt;td colspan="3" valign="top" width="86%"&gt; &lt;div style="DISPLAY: block; MARGIN-LEFT: 0pt; TEXT-INDENT: 0pt; MARGIN-RIGHT: 0pt" align="center"&gt;&lt;font style="DISPLAY: inline; FONT-WEIGHT: bold; FONT-SIZE: 10pt; FONT-FAMILY: times new roman"&gt;SUPPLEMENT TO THE CURRENTLY EFFECTIVE PROSPECTUS&lt;/font&gt;&lt;/div&gt; &lt;/td&gt; &lt;/tr&gt;&lt;tr&gt; &lt;td valign="top" width="38%"&gt;&lt;font style="DISPLAY: inline; FONT-SIZE: 10pt; FONT-FAMILY: times new roman"&gt;&amp;#160; &lt;/font&gt;&lt;/td&gt; &lt;td valign="top" width="9%" style="BORDER-BOTTOM: black 2px solid"&gt;&lt;font style="DISPLAY: inline; FONT-SIZE: 10pt; FONT-FAMILY: times new roman"&gt;&amp;#160; &lt;/font&gt;&lt;/td&gt; &lt;td valign="top" width="39%"&gt;&lt;font style="DISPLAY: inline; FONT-SIZE: 10pt; FONT-FAMILY: times new roman"&gt;&amp;#160; &lt;/font&gt;&lt;/td&gt; &lt;/tr&gt;&lt;tr&gt; &lt;td valign="top" width="38%"&gt;&lt;font style="DISPLAY: inline; FONT-SIZE: 10pt; FONT-FAMILY: times new roman"&gt;&amp;#160; &lt;/font&gt;&lt;/td&gt; &lt;td valign="top" width="9%"&gt;&lt;font style="DISPLAY: inline; FONT-SIZE: 10pt; FONT-FAMILY: times new roman"&gt;&amp;#160; &lt;/font&gt;&lt;/td&gt; &lt;td valign="top" width="39%"&gt;&lt;font style="DISPLAY: inline; FONT-SIZE: 10pt; FONT-FAMILY: times new roman"&gt;&amp;#160; &lt;/font&gt;&lt;/td&gt; &lt;/tr&gt;&lt;tr&gt; &lt;td colspan="3" valign="top" width="86%"&gt; &lt;div style="DISPLAY: block; MARGIN-LEFT: 0pt; TEXT-INDENT: 0pt; MARGIN-RIGHT: 0pt" align="center"&gt;&lt;font style="DISPLAY: inline; FONT-SIZE: 10pt; FONT-FAMILY: times new roman"&gt;DWS Global Thematic Fund&lt;/font&gt;&lt;/div&gt;  &lt;div style="DISPLAY: block; MARGIN-LEFT: 0pt; TEXT-INDENT: 0pt; MARGIN-RIGHT: 0pt" align="center"&gt;&lt;font style="DISPLAY: inline; FONT-SIZE: 10pt; FONT-FAMILY: times new roman"&gt;(Effective on or about January 31, 2013: &lt;font style="DISPLAY: inline; FONT-WEIGHT: bold"&gt;DWS Global Growth Fund&lt;/font&gt;)&lt;/font&gt;&lt;/div&gt; &lt;/td&gt; &lt;/tr&gt;&lt;/table&gt; &lt;/div&gt;  &lt;div style="DISPLAY: block; TEXT-INDENT: 0pt"&gt;&lt;br/&gt; &lt;/div&gt;  &lt;div style="DISPLAY: block; MARGIN-LEFT: 0pt; TEXT-INDENT: 0pt; MARGIN-RIGHT: 0pt" align="justify"&gt;&lt;font style="DISPLAY: inline; FONT-SIZE: 10pt; FONT-FAMILY: Times New Roman"&gt;Effective on or about January 31, 2013, DWS Global Thematic Fund will change its name to DWS Global Growth Fund.&lt;/font&gt;&lt;/div&gt;  &lt;div style="DISPLAY: block; MARGIN-LEFT: 0pt; TEXT-INDENT: 0pt; MARGIN-RIGHT: 0pt" align="justify"&gt;&amp;#160;&lt;/div&gt;  &lt;div style="DISPLAY: block; MARGIN-LEFT: 0pt; TEXT-INDENT: 0pt; MARGIN-RIGHT: 0pt" align="left"&gt;&lt;font style="DISPLAY: inline; FONT-SIZE: 10pt; FONT-FAMILY: Times New Roman"&gt;Effective on or about January 31, 2013, the following sections of the prospectus are supplemented as follows:&lt;/font&gt;&lt;/div&gt;  &lt;div style="DISPLAY: block; MARGIN-LEFT: 0pt; TEXT-INDENT: 0pt; MARGIN-RIGHT: 0pt" align="justify"&gt; &lt;div style="DISPLAY: block; TEXT-INDENT: 0pt"&gt;&amp;#160;&lt;/div&gt; &lt;/div&gt;  &lt;div style="DISPLAY: block; MARGIN-LEFT: 0pt; TEXT-INDENT: 0pt; MARGIN-RIGHT: 0pt" align="left"&gt;&lt;font style="DISPLAY: inline; FONT-SIZE: 10pt;  FONT-FAMILY: Times New Roman"&gt;The following information replaces the existing disclosure contained in the &amp;#8221;PRINCIPAL INVESTMENT STRATEGY&amp;#8221; section of the summary section of the fund&amp;#8217;s prospectus and the &amp;#8221;FUND DETAILS&amp;#8221; section of the fund&amp;#8217;s prospectus:&lt;/font&gt;&lt;/div&gt;  &lt;div style="DISPLAY: block; MARGIN-LEFT: 0pt; TEXT-INDENT: 0pt; MARGIN-RIGHT: 0pt" align="justify"&gt;&amp;#160;&lt;/div&gt;  &lt;div style="DISPLAY: block; MARGIN-LEFT: 0pt; TEXT-INDENT: 0pt; MARGIN-RIGHT: 0pt" align="left"&gt;&lt;font style="DISPLAY: inline; FONT-SIZE: 10pt; FONT-FAMILY: Times New Roman"&gt;&lt;font style="DISPLAY: inline; FONT-WEIGHT: bold"&gt;Main Investments.&lt;/font&gt; The fund invests at least 65% of its total assets in US and foreign equities (equities issued by US and foreign-based companies). The fund can invest in companies of any size and from any country, including countries with emerging economies. The fund seeks to achieve its objective by allocating its assets among a global growth sleeve and a global small cap growth sleeve. The fund&amp;#8217;s global growth sleeve will typically consist of approximately 60 to 80 companies that are diversified across the growth spectrum; including early stage, core growth, and established growth companies. The fund&amp;#8217;s global small cap growth sleeve will&amp;#160;generally invest in small and mid cap global growth companies and will typically consist of approximately 100&amp;#160;to 120 companies. The fund&amp;#8217;s equity investments may&amp;#160;also include preferred stocks and other securities with equity characteristics, such as convertible securities and warrants.&lt;/font&gt;&lt;/div&gt;  &lt;div style="DISPLAY: block; MARGIN-LEFT: 0pt; TEXT-INDENT: 0pt; MARGIN-RIGHT: 0pt" align="justify"&gt;&amp;#160;&lt;/div&gt;  &lt;div style="DISPLAY: block; MARGIN-LEFT: 0pt; TEXT-INDENT: 0pt; MARGIN-RIGHT: 0pt" align="left"&gt;&lt;font style="DISPLAY: inline; FONT-SIZE: 10pt; FONT-FAMILY: Times New Roman"&gt;&lt;font style="DISPLAY: inline; FONT-WEIGHT: bold"&gt;Management process.&lt;/font&gt; Portfolio management allocates the fund&amp;#8217;s assets among a global growth sleeve and a global small cap growth sleeve.&lt;/font&gt;&lt;/div&gt;  &lt;div style="DISPLAY: block; MARGIN-LEFT: 0pt; TEXT-INDENT: 0pt; MARGIN-RIGHT: 0pt" align="justify"&gt;&amp;#160;&lt;/div&gt;  &lt;div style="DISPLAY: block; MARGIN-LEFT: 0pt; TEXT-INDENT: 0pt; MARGIN-RIGHT: 0pt" align="left"&gt;&lt;font style="DISPLAY: inline; FONT-SIZE: 10pt; FONT-FAMILY: Times New Roman"&gt;Portfolio management for the global growth sleeve aims&amp;#160;to add value through stock selection. In choosing securities, portfolio management employs a risk-balanced bottom-up selection process to identify companies it believes are well-positioned. Portfolio management utilizes a proprietary investment process designed to identify attractive investments utilizing proprietary research, including regional and sector research, conducted by in-house analysts. The investment process also takes into consideration various valuation metrics to assess the attractiveness of stocks and assists portfolio management in devising allocations among investable securities.&lt;/font&gt;&lt;/div&gt;  &lt;div style="DISPLAY: block; TEXT-INDENT: 0pt"&gt;&amp;#160;&lt;/div&gt;  &lt;div style="DISPLAY: block; MARGIN-LEFT: 0pt; TEXT-INDENT: 0pt; MARGIN-RIGHT: 0pt" align="left"&gt;&lt;font style="DISPLAY: inline; FONT-SIZE: 10pt; FONT-FAMILY: Times New Roman"&gt;Portfolio management for the global small cap growth sleeve uses a combination of analytical disciplines:&lt;/font&gt;&lt;/div&gt;  &lt;div style="DISPLAY: block; MARGIN-LEFT: 0pt; TEXT-INDENT: 0pt; MARGIN-RIGHT: 0pt" align="justify"&gt;&amp;#160;&lt;/div&gt;  &lt;div&gt; &lt;table align="center" border="0" cellpadding="0" cellspacing="0" width="100%" style="FONT-SIZE: 10pt; FONT-FAMILY: times new roman; FONT-SIZE: 10pt; FONT-FAMILY: times new roman"&gt; &lt;tr valign="top"&gt; &lt;td style="WIDTH: 36pt"&gt; &lt;div style="MARGIN-LEFT: 0pt; TEXT-INDENT: 0pt; MARGIN-RIGHT: 0pt"&gt;&lt;font style="DISPLAY: inline; FONT-SIZE: 10pt; FONT-FAMILY: Times New Roman"&gt;&lt;font style="DISPLAY: inline; FONT-SIZE: 10pt;"&gt;&lt;font style="DISPLAY: inline; FONT-FAMILY: Times New Roman"&gt;&amp;#9632;&lt;/font&gt;&lt;/font&gt;&lt;/font&gt;&lt;/div&gt; &lt;/td&gt; &lt;td&gt; &lt;div align="left"&gt;&lt;font style="DISPLAY: inline; FONT-SIZE: 10pt; FONT-FAMILY: Times New Roman"&gt;&lt;font style="DISPLAY: inline; FONT-WEIGHT: bold"&gt;Bottom-up research.&lt;/font&gt; Portfolio management looks for individual companies that it believes have a history of above-average growth, strong competitive positioning, attractive prices relative to potential growth, sound financial strength and effective management, among other factors.&lt;/font&gt;&lt;/div&gt; &lt;/td&gt; &lt;/tr&gt;&lt;/table&gt; &lt;/div&gt;  &lt;div style="DISPLAY: block; MARGIN-LEFT: 0pt; TEXT-INDENT: 0pt; MARGIN-RIGHT: 0pt" align="justify"&gt;&amp;#160;&lt;/div&gt;  &lt;div&gt; &lt;table align="center" border="0" cellpadding="0" cellspacing="0" width="100%" style="FONT-SIZE: 10pt; FONT-FAMILY: times new roman; FONT-SIZE: 10pt; FONT-FAMILY: times new roman"&gt; &lt;tr valign="top"&gt; &lt;td style="WIDTH: 36pt"&gt; &lt;div style="MARGIN-LEFT: 0pt; TEXT-INDENT: 0pt; MARGIN-RIGHT: 0pt"&gt;&lt;font style="DISPLAY: inline; FONT-SIZE: 10pt; FONT-FAMILY: Times New Roman"&gt;&lt;font style="DISPLAY: inline; FONT-SIZE: 10pt;"&gt;&lt;font style="DISPLAY: inline; FONT-FAMILY: Times New Roman"&gt;&amp;#9632;&lt;/font&gt;&lt;/font&gt;&lt;/font&gt;&lt;/div&gt; &lt;/td&gt; &lt;td&gt; &lt;div align="left"&gt;&lt;font style="DISPLAY: inline; FONT-SIZE: 10pt; FONT-FAMILY: Times New Roman"&gt;&lt;font style="DISPLAY: inline; FONT-WEIGHT: bold"&gt;Growth orientation.&lt;/font&gt; Portfolio management generally looks for companies that it believes have above-average potential for sustainable growth of revenue or earnings and whose market value appears reasonable in light of their business prospects.&lt;/font&gt;&lt;/div&gt; &lt;/td&gt; &lt;/tr&gt;&lt;/table&gt; &lt;/div&gt;  &lt;div style="DISPLAY: block; MARGIN-LEFT: 0pt; TEXT-INDENT: 0pt; MARGIN-RIGHT: 0pt" align="justify"&gt;&amp;#160;&lt;/div&gt;  &lt;div style="DISPLAY: block; MARGIN-LEFT: 0pt; TEXT-INDENT: 0pt; MARGIN-RIGHT: 0pt" align="left"&gt;&lt;font style="DISPLAY: inline; FONT-SIZE: 10pt; FONT-FAMILY: Times New Roman"&gt;Portfolio management uses analytical tools to actively monitor the risk profile of the portfolio as compared to appropriate benchmarks. Portfolio management will normally sell a stock when it believes its price is unlikely to go much higher, its fundamentals have deteriorated, other investments offer better opportunities or in the course of adjusting the fund&amp;#8217;s exposure to a given country.&lt;/font&gt;&lt;/div&gt;  &lt;div style="DISPLAY: block; MARGIN-LEFT: 0pt; TEXT-INDENT: 0pt; MARGIN-RIGHT: 0pt" align="justify"&gt;&amp;#160;&lt;/div&gt;  &lt;div style="DISPLAY: block; MARGIN-LEFT: 0pt; TEXT-INDENT: 0pt; MARGIN-RIGHT: 0pt" align="left"&gt;&lt;font style="DISPLAY: inline; FONT-SIZE: 10pt; FONT-FAMILY: Times New Roman"&gt;&lt;font style="DISPLAY: inline; FONT-WEIGHT: bold"&gt;Derivatives.&lt;/font&gt; Portfolio management generally may use options and futures contracts, which are each a type of derivative (a contract whose value is based on, for example, indices, currencies or securities) as a substitute for direct investment in a particular asset class or to keep cash on hand to meet shareholder redemptions.&lt;/font&gt;&lt;/div&gt;  &lt;div style="DISPLAY: block; MARGIN-LEFT: 0pt; TEXT-INDENT: 0pt; MARGIN-RIGHT: 0pt" align="justify"&gt;&amp;#160;&lt;/div&gt;  &lt;div style="DISPLAY: block; MARGIN-LEFT: 0pt; TEXT-INDENT: 0pt; MARGIN-RIGHT: 0pt" align="left"&gt;&lt;font style="DISPLAY: inline; FONT-SIZE: 10pt; FONT-FAMILY: Times New Roman"&gt;The fund may also use various types of derivatives (i) for hedging purposes; (ii) for risk management; (iii) for non-hedging purposes to seek to enhance potential gains; or (iv) as a substitute for direct investment in a particular asset class or to keep cash on hand to meet shareholder redemptions.&lt;/font&gt;&lt;/div&gt;  &lt;div style="DISPLAY: block; MARGIN-LEFT: 0pt; TEXT-INDENT: 0pt; MARGIN-RIGHT: 0pt" align="justify"&gt;&amp;#160;&lt;/div&gt;  &lt;div style="DISPLAY: block; MARGIN-LEFT: 0pt; TEXT-INDENT: 0pt; MARGIN-RIGHT: 0pt" align="left"&gt;&lt;font style="DISPLAY: inline; FONT-SIZE: 10pt; FONT-FAMILY: Times New Roman"&gt;&lt;font style="DISPLAY: inline; FONT-WEIGHT: bold"&gt;Securities Lending.&lt;/font&gt; The fund may lend securities (up to one-third of total assets) to approved institutions.&lt;/font&gt;&lt;/div&gt;&lt;br/&gt;  &lt;div style="DISPLAY: block; MARGIN-LEFT: 0pt; TEXT-INDENT: 0pt; MARGIN-RIGHT: 0pt" align="left"&gt;&lt;font style="DISPLAY: inline; FONT-SIZE: 10pt;  FONT-FAMILY: Times New Roman"&gt;The following information supplements the existing disclosure under the &amp;#8221;MAIN RISKS&amp;#8221; section of the summary section of the fund&amp;#8217;s prospectus:&lt;/font&gt;&lt;/div&gt;  &lt;div style="DISPLAY: block; MARGIN-LEFT: 0pt; TEXT-INDENT: 0pt; MARGIN-RIGHT: 0pt" align="justify"&gt;&amp;#160;&lt;/div&gt;  &lt;div style="DISPLAY: block; TEXT-INDENT: 0pt"&gt;&lt;font style="DISPLAY: inline; FONT-SIZE: 10pt; FONT-FAMILY: Times New Roman"&gt;&lt;font style="DISPLAY: inline; FONT-WEIGHT: bold"&gt;Growth investing risk.&lt;/font&gt; As a category, growth stocks may underperform value stocks (and the stock market as a whole) over any period of time. Because the prices of growth stocks are based largely on the expectation of future earnings, growth stock prices can decline rapidly and significantly in reaction to negative news about such factors as earnings, the economy, political developments, or other news.&lt;/font&gt;&lt;/div&gt;  &lt;div style="DISPLAY: block; MARGIN-LEFT: 0pt; TEXT-INDENT: 0pt; MARGIN-RIGHT: 0pt" align="justify"&gt;&amp;#160;&lt;/div&gt;  &lt;div style="DISPLAY: block; MARGIN-LEFT: 0pt; TEXT-INDENT: 0pt; MARGIN-RIGHT: 0pt" align="left"&gt;&lt;font style="DISPLAY: inline; FONT-SIZE: 10pt; FONT-FAMILY: Times New Roman"&gt;&lt;font style="DISPLAY: inline; FONT-WEIGHT: bold"&gt;Small company risk.&lt;/font&gt; Small company stocks tend to be more volatile than medium-sized or large company stocks. Small companies are less widely followed by stock analysts and less information about them is available to investors. Industry-wide reversals may have a greater impact on small companies, since they may lack the financial resources of larger companies. Small company stocks are typically less liquid than large company stocks.&lt;/font&gt;&lt;/div&gt;</dgifi2:SupplementTextBlock>
  <dei:DocumentType contextRef="Duration_02Dec2011_01Dec2012">Other</dei:DocumentType>
</xbrl>
