<?xml version="1.0" encoding="us-ascii"?>
<!--XBRL document created with Crossfire by Rivet Software version 5.4.121.0 http://www.rivetsoftware.com-->
<!--Based on XBRL 2.1-->
<!--Created on: 1/31/2013 8:36:16 AM-->
<!--Modified on: 1/31/2013 8:36:16 AM-->
<linkbase xmlns="http://www.xbrl.org/2003/linkbase" xmlns:xsi="http://www.w3.org/2001/XMLSchema-instance" xmlns:xlink="http://www.w3.org/1999/xlink" xsi:schemaLocation="http://www.xbrl.org/2003/linkbase http://www.xbrl.org/2003/xbrl-linkbase-2003-12-31.xsd">
  <roleRef xlink:type="simple" xlink:href="exxi-20121231.xsd#StatementConsolidatedBalanceSheets" roleURI="http://www.energyxxi.com/role/StatementConsolidatedBalanceSheets" />
  <roleRef xlink:type="simple" xlink:href="exxi-20121231.xsd#StatementConsolidatedStatementsOfIncome" roleURI="http://www.energyxxi.com/role/StatementConsolidatedStatementsOfIncome" />
  <roleRef xlink:type="simple" xlink:href="exxi-20121231.xsd#StatementConsolidatedStatementsOfComprehensiveIncome" roleURI="http://www.energyxxi.com/role/StatementConsolidatedStatementsOfComprehensiveIncome" />
  <roleRef xlink:type="simple" xlink:href="exxi-20121231.xsd#StatementConsolidatedStatementsOfCashFlows" roleURI="http://www.energyxxi.com/role/StatementConsolidatedStatementsOfCashFlows" />
  <roleRef xlink:type="simple" xlink:href="exxi-20121231.xsd#DisclosureAcquisitionsPurchasePriceAllocationsToAssetsAcquiredAndLiabilitiesAssumedDetails" roleURI="http://www.energyxxi.com/role/DisclosureAcquisitionsPurchasePriceAllocationsToAssetsAcquiredAndLiabilitiesAssumedDetails" />
  <roleRef xlink:type="simple" xlink:href="exxi-20121231.xsd#DisclosurePropertyAndEquipmentScheduleOfPropertyAndEquipmentDetails" roleURI="http://www.energyxxi.com/role/DisclosurePropertyAndEquipmentScheduleOfPropertyAndEquipmentDetails" />
  <roleRef xlink:type="simple" xlink:href="exxi-20121231.xsd#DisclosureLongTermDebtScheduleOfLongTermDebtDetails" roleURI="http://www.energyxxi.com/role/DisclosureLongTermDebtScheduleOfLongTermDebtDetails" />
  <roleRef xlink:type="simple" xlink:href="exxi-20121231.xsd#DisclosureLongTermDebtMaturitiesOfLongTermDebtDetails" roleURI="http://www.energyxxi.com/role/DisclosureLongTermDebtMaturitiesOfLongTermDebtDetails" />
  <roleRef xlink:type="simple" xlink:href="exxi-20121231.xsd#DisclosureEarningsPerShareCalculationOfBasicAndDilutedEarningsPerShareDetails" roleURI="http://www.energyxxi.com/role/DisclosureEarningsPerShareCalculationOfBasicAndDilutedEarningsPerShareDetails" />
  <roleRef xlink:type="simple" xlink:href="exxi-20121231.xsd#DisclosureCommitmentsAndContingenciesFutureMinimumLeaseCommitmentsUnderOperatingLeaseDetails" roleURI="http://www.energyxxi.com/role/DisclosureCommitmentsAndContingenciesFutureMinimumLeaseCommitmentsUnderOperatingLeaseDetails" />
  <roleRef xlink:type="simple" xlink:href="exxi-20121231.xsd#DisclosurePrepaymentsAndAccruedLiabilitiesComponentsOfPrepaymentsAndAccruedLiabilitiesDetails" roleURI="http://www.energyxxi.com/role/DisclosurePrepaymentsAndAccruedLiabilitiesComponentsOfPrepaymentsAndAccruedLiabilitiesDetails" />
  <calculationLink xlink:role="http://www.energyxxi.com/role/StatementConsolidatedBalanceSheets" xlink:type="extended" xlink:title="00100 - Statement - Consolidated Balance Sheets">
    <loc xlink:type="locator" xlink:href="http://xbrl.fasb.org/us-gaap/2012/elts/us-gaap-2012-01-31.xsd#us-gaap_Assets" xlink:label="us-gaap_Assets" />
    <loc xlink:type="locator" xlink:href="http://xbrl.fasb.org/us-gaap/2012/elts/us-gaap-2012-01-31.xsd#us-gaap_AssetsCurrent" xlink:label="us-gaap_AssetsCurrent_634952181737606274" />
    <calculationArc xlink:type="arc" xlink:arcrole="http://www.xbrl.org/2003/arcrole/summation-item" xlink:from="us-gaap_Assets" xlink:to="us-gaap_AssetsCurrent_634952181737606274" order="1" use="optional" weight="1" priority="2" />
    <loc xlink:type="locator" xlink:href="http://xbrl.fasb.org/us-gaap/2012/elts/us-gaap-2012-01-31.xsd#us-gaap_CashAndCashEquivalentsAtCarryingValue" xlink:label="us-gaap_CashAndCashEquivalentsAtCarryingValue_634952181737606274" />
    <calculationArc xlink:type="arc" xlink:arcrole="http://www.xbrl.org/2003/arcrole/summation-item" xlink:from="us-gaap_AssetsCurrent_634952181737606274" xlink:to="us-gaap_CashAndCashEquivalentsAtCarryingValue_634952181737606274" order="1" use="optional" weight="1" priority="2" />
    <loc xlink:type="locator" xlink:href="http://xbrl.fasb.org/us-gaap/2012/elts/us-gaap-2012-01-31.xsd#us-gaap_AccountsReceivableNetCurrent" xlink:label="us-gaap_AccountsReceivableNetCurrent_634952181737606274" />
    <calculationArc xlink:type="arc" xlink:arcrole="http://www.xbrl.org/2003/arcrole/summation-item" xlink:from="us-gaap_AssetsCurrent_634952181737606274" xlink:to="us-gaap_AccountsReceivableNetCurrent_634952181737606274" order="2" use="optional" weight="1" priority="2" />
    <loc xlink:type="locator" xlink:href="http://xbrl.fasb.org/us-gaap/2012/elts/us-gaap-2012-01-31.xsd#us-gaap_OilAndGasJointInterestBillingReceivablesCurrent" xlink:label="us-gaap_OilAndGasJointInterestBillingReceivablesCurrent_634952181737606274" />
    <calculationArc xlink:type="arc" xlink:arcrole="http://www.xbrl.org/2003/arcrole/summation-item" xlink:from="us-gaap_AssetsCurrent_634952181737606274" xlink:to="us-gaap_OilAndGasJointInterestBillingReceivablesCurrent_634952181737606274" order="3" use="optional" weight="1" priority="2" />
    <loc xlink:type="locator" xlink:href="http://xbrl.fasb.org/us-gaap/2012/elts/us-gaap-2012-01-31.xsd#us-gaap_InsuranceSettlementsReceivableCurrent" xlink:label="us-gaap_InsuranceSettlementsReceivableCurrent_634952181737606274" />
    <calculationArc xlink:type="arc" xlink:arcrole="http://www.xbrl.org/2003/arcrole/summation-item" xlink:from="us-gaap_AssetsCurrent_634952181737606274" xlink:to="us-gaap_InsuranceSettlementsReceivableCurrent_634952181737606274" order="4" use="optional" weight="1" priority="2" />
    <loc xlink:type="locator" xlink:href="http://xbrl.fasb.org/us-gaap/2012/elts/us-gaap-2012-01-31.xsd#us-gaap_PrepaidExpenseAndOtherAssetsCurrent" xlink:label="us-gaap_PrepaidExpenseAndOtherAssetsCurrent_634952181737606274" />
    <calculationArc xlink:type="arc" xlink:arcrole="http://www.xbrl.org/2003/arcrole/summation-item" xlink:from="us-gaap_AssetsCurrent_634952181737606274" xlink:to="us-gaap_PrepaidExpenseAndOtherAssetsCurrent_634952181737606274" order="5" use="optional" weight="1" priority="2" />
    <loc xlink:type="locator" xlink:href="http://xbrl.fasb.org/us-gaap/2012/elts/us-gaap-2012-01-31.xsd#us-gaap_DerivativeAssetsCurrent" xlink:label="us-gaap_DerivativeAssetsCurrent_634952181737606274" />
    <calculationArc xlink:type="arc" xlink:arcrole="http://www.xbrl.org/2003/arcrole/summation-item" xlink:from="us-gaap_AssetsCurrent_634952181737606274" xlink:to="us-gaap_DerivativeAssetsCurrent_634952181737606274" order="6" use="optional" weight="1" priority="2" />
    <loc xlink:type="locator" xlink:href="http://xbrl.fasb.org/us-gaap/2012/elts/us-gaap-2012-01-31.xsd#us-gaap_PropertyPlantAndEquipmentNet" xlink:label="us-gaap_PropertyPlantAndEquipmentNet_634952181737606274" />
    <calculationArc xlink:type="arc" xlink:arcrole="http://www.xbrl.org/2003/arcrole/summation-item" xlink:from="us-gaap_Assets" xlink:to="us-gaap_PropertyPlantAndEquipmentNet_634952181737606274" order="2" use="optional" weight="1" priority="2" />
    <loc xlink:type="locator" xlink:href="http://xbrl.fasb.org/us-gaap/2012/elts/us-gaap-2012-01-31.xsd#us-gaap_OtherAssetsNoncurrent" xlink:label="us-gaap_OtherAssetsNoncurrent_634952181737606274" />
    <calculationArc xlink:type="arc" xlink:arcrole="http://www.xbrl.org/2003/arcrole/summation-item" xlink:from="us-gaap_Assets" xlink:to="us-gaap_OtherAssetsNoncurrent_634952181737606274" order="3" use="optional" weight="1" priority="2" />
    <loc xlink:type="locator" xlink:href="http://xbrl.fasb.org/us-gaap/2012/elts/us-gaap-2012-01-31.xsd#us-gaap_DerivativeAssetsNoncurrent" xlink:label="us-gaap_DerivativeAssetsNoncurrent_634952181737616274" />
    <calculationArc xlink:type="arc" xlink:arcrole="http://www.xbrl.org/2003/arcrole/summation-item" xlink:from="us-gaap_OtherAssetsNoncurrent_634952181737606274" xlink:to="us-gaap_DerivativeAssetsNoncurrent_634952181737616274" order="1" use="optional" weight="1" priority="2" />
    <loc xlink:type="locator" xlink:href="http://xbrl.fasb.org/us-gaap/2012/elts/us-gaap-2012-01-31.xsd#us-gaap_UnamortizedDebtIssuanceExpense" xlink:label="us-gaap_UnamortizedDebtIssuanceExpense_634952181737616274" />
    <calculationArc xlink:type="arc" xlink:arcrole="http://www.xbrl.org/2003/arcrole/summation-item" xlink:from="us-gaap_OtherAssetsNoncurrent_634952181737606274" xlink:to="us-gaap_UnamortizedDebtIssuanceExpense_634952181737616274" order="2" use="optional" weight="1" priority="2" />
    <loc xlink:type="locator" xlink:href="http://xbrl.fasb.org/us-gaap/2012/elts/us-gaap-2012-01-31.xsd#us-gaap_EquityMethodInvestments" xlink:label="us-gaap_EquityMethodInvestments_634952181737616274" />
    <calculationArc xlink:type="arc" xlink:arcrole="http://www.xbrl.org/2003/arcrole/summation-item" xlink:from="us-gaap_OtherAssetsNoncurrent_634952181737606274" xlink:to="us-gaap_EquityMethodInvestments_634952181737616274" order="3" use="optional" weight="1" priority="2" />
    <loc xlink:type="locator" xlink:href="http://xbrl.fasb.org/us-gaap/2012/elts/us-gaap-2012-01-31.xsd#us-gaap_LiabilitiesAndStockholdersEquity" xlink:label="us-gaap_LiabilitiesAndStockholdersEquity" />
    <loc xlink:type="locator" xlink:href="http://xbrl.fasb.org/us-gaap/2012/elts/us-gaap-2012-01-31.xsd#us-gaap_Liabilities" xlink:label="us-gaap_Liabilities_634952181737616274" />
    <calculationArc xlink:type="arc" xlink:arcrole="http://www.xbrl.org/2003/arcrole/summation-item" xlink:from="us-gaap_LiabilitiesAndStockholdersEquity" xlink:to="us-gaap_Liabilities_634952181737616274" order="1" use="optional" weight="1" priority="2" />
    <loc xlink:type="locator" xlink:href="http://xbrl.fasb.org/us-gaap/2012/elts/us-gaap-2012-01-31.xsd#us-gaap_LiabilitiesCurrent" xlink:label="us-gaap_LiabilitiesCurrent_634952181737616274" />
    <calculationArc xlink:type="arc" xlink:arcrole="http://www.xbrl.org/2003/arcrole/summation-item" xlink:from="us-gaap_Liabilities_634952181737616274" xlink:to="us-gaap_LiabilitiesCurrent_634952181737616274" order="1" use="optional" weight="1" priority="2" />
    <loc xlink:type="locator" xlink:href="http://xbrl.fasb.org/us-gaap/2012/elts/us-gaap-2012-01-31.xsd#us-gaap_AccountsPayableCurrent" xlink:label="us-gaap_AccountsPayableCurrent_634952181737616274" />
    <calculationArc xlink:type="arc" xlink:arcrole="http://www.xbrl.org/2003/arcrole/summation-item" xlink:from="us-gaap_LiabilitiesCurrent_634952181737616274" xlink:to="us-gaap_AccountsPayableCurrent_634952181737616274" order="1" use="optional" weight="1" priority="2" />
    <loc xlink:type="locator" xlink:href="http://xbrl.fasb.org/us-gaap/2012/elts/us-gaap-2012-01-31.xsd#us-gaap_AccruedLiabilitiesCurrent" xlink:label="us-gaap_AccruedLiabilitiesCurrent_634952181737616274" />
    <calculationArc xlink:type="arc" xlink:arcrole="http://www.xbrl.org/2003/arcrole/summation-item" xlink:from="us-gaap_LiabilitiesCurrent_634952181737616274" xlink:to="us-gaap_AccruedLiabilitiesCurrent_634952181737616274" order="2" use="optional" weight="1" priority="2" />
    <loc xlink:type="locator" xlink:href="http://xbrl.fasb.org/us-gaap/2012/elts/us-gaap-2012-01-31.xsd#us-gaap_ShortTermBorrowings" xlink:label="us-gaap_ShortTermBorrowings_634952181737616274" />
    <calculationArc xlink:type="arc" xlink:arcrole="http://www.xbrl.org/2003/arcrole/summation-item" xlink:from="us-gaap_LiabilitiesCurrent_634952181737616274" xlink:to="us-gaap_ShortTermBorrowings_634952181737616274" order="3" use="optional" weight="1" priority="2" />
    <loc xlink:type="locator" xlink:href="http://xbrl.fasb.org/us-gaap/2012/elts/us-gaap-2012-01-31.xsd#us-gaap_AssetRetirementObligationCurrent" xlink:label="us-gaap_AssetRetirementObligationCurrent_634952181737616274" />
    <calculationArc xlink:type="arc" xlink:arcrole="http://www.xbrl.org/2003/arcrole/summation-item" xlink:from="us-gaap_LiabilitiesCurrent_634952181737616274" xlink:to="us-gaap_AssetRetirementObligationCurrent_634952181737616274" order="4" use="optional" weight="1" priority="2" />
    <loc xlink:type="locator" xlink:href="http://xbrl.fasb.org/us-gaap/2012/elts/us-gaap-2012-01-31.xsd#us-gaap_DerivativeLiabilitiesCurrent" xlink:label="us-gaap_DerivativeLiabilitiesCurrent_634952181737616274" />
    <calculationArc xlink:type="arc" xlink:arcrole="http://www.xbrl.org/2003/arcrole/summation-item" xlink:from="us-gaap_LiabilitiesCurrent_634952181737616274" xlink:to="us-gaap_DerivativeLiabilitiesCurrent_634952181737616274" order="5" use="optional" weight="1" priority="2" />
    <loc xlink:type="locator" xlink:href="http://xbrl.fasb.org/us-gaap/2012/elts/us-gaap-2012-01-31.xsd#us-gaap_LongTermDebtCurrent" xlink:label="us-gaap_LongTermDebtCurrent_634952181737616274" />
    <calculationArc xlink:type="arc" xlink:arcrole="http://www.xbrl.org/2003/arcrole/summation-item" xlink:from="us-gaap_LiabilitiesCurrent_634952181737616274" xlink:to="us-gaap_LongTermDebtCurrent_634952181737616274" order="6" use="optional" weight="1" priority="2" />
    <loc xlink:type="locator" xlink:href="http://xbrl.fasb.org/us-gaap/2012/elts/us-gaap-2012-01-31.xsd#us-gaap_LongTermDebtNoncurrent" xlink:label="us-gaap_LongTermDebtNoncurrent_634952181737616274" />
    <calculationArc xlink:type="arc" xlink:arcrole="http://www.xbrl.org/2003/arcrole/summation-item" xlink:from="us-gaap_Liabilities_634952181737616274" xlink:to="us-gaap_LongTermDebtNoncurrent_634952181737616274" order="2" use="optional" weight="1" priority="2" />
    <loc xlink:type="locator" xlink:href="http://xbrl.fasb.org/us-gaap/2012/elts/us-gaap-2012-01-31.xsd#us-gaap_DeferredTaxLiabilitiesNoncurrent" xlink:label="us-gaap_DeferredTaxLiabilitiesNoncurrent_634952181737616274" />
    <calculationArc xlink:type="arc" xlink:arcrole="http://www.xbrl.org/2003/arcrole/summation-item" xlink:from="us-gaap_Liabilities_634952181737616274" xlink:to="us-gaap_DeferredTaxLiabilitiesNoncurrent_634952181737616274" order="3" use="optional" weight="1" priority="2" />
    <loc xlink:type="locator" xlink:href="http://xbrl.fasb.org/us-gaap/2012/elts/us-gaap-2012-01-31.xsd#us-gaap_AssetRetirementObligationsNoncurrent" xlink:label="us-gaap_AssetRetirementObligationsNoncurrent_634952181737616274" />
    <calculationArc xlink:type="arc" xlink:arcrole="http://www.xbrl.org/2003/arcrole/summation-item" xlink:from="us-gaap_Liabilities_634952181737616274" xlink:to="us-gaap_AssetRetirementObligationsNoncurrent_634952181737616274" order="4" use="optional" weight="1" priority="2" />
    <loc xlink:type="locator" xlink:href="http://xbrl.fasb.org/us-gaap/2012/elts/us-gaap-2012-01-31.xsd#us-gaap_DerivativeLiabilitiesNoncurrent" xlink:label="us-gaap_DerivativeLiabilitiesNoncurrent_634952181737626274" />
    <calculationArc xlink:type="arc" xlink:arcrole="http://www.xbrl.org/2003/arcrole/summation-item" xlink:from="us-gaap_Liabilities_634952181737616274" xlink:to="us-gaap_DerivativeLiabilitiesNoncurrent_634952181737626274" order="5" use="optional" weight="1" priority="2" />
    <loc xlink:type="locator" xlink:href="http://xbrl.fasb.org/us-gaap/2012/elts/us-gaap-2012-01-31.xsd#us-gaap_OtherLiabilitiesNoncurrent" xlink:label="us-gaap_OtherLiabilitiesNoncurrent_634952181737626274" />
    <calculationArc xlink:type="arc" xlink:arcrole="http://www.xbrl.org/2003/arcrole/summation-item" xlink:from="us-gaap_Liabilities_634952181737616274" xlink:to="us-gaap_OtherLiabilitiesNoncurrent_634952181737626274" order="6" use="optional" weight="1" priority="2" />
    <loc xlink:type="locator" xlink:href="http://xbrl.fasb.org/us-gaap/2012/elts/us-gaap-2012-01-31.xsd#us-gaap_StockholdersEquity" xlink:label="us-gaap_StockholdersEquity_634952181737626274" />
    <calculationArc xlink:type="arc" xlink:arcrole="http://www.xbrl.org/2003/arcrole/summation-item" xlink:from="us-gaap_LiabilitiesAndStockholdersEquity" xlink:to="us-gaap_StockholdersEquity_634952181737626274" order="2" use="optional" weight="1" priority="2" />
  </calculationLink>
  <calculationLink xlink:role="http://www.energyxxi.com/role/StatementConsolidatedStatementsOfIncome" xlink:type="extended" xlink:title="00200 - Statement - Consolidated Statements Of Income">
    <loc xlink:type="locator" xlink:href="http://xbrl.fasb.org/us-gaap/2012/elts/us-gaap-2012-01-31.xsd#us-gaap_NetIncomeLossAvailableToCommonStockholdersBasic" xlink:label="us-gaap_NetIncomeLossAvailableToCommonStockholdersBasic" />
    <loc xlink:type="locator" xlink:href="http://xbrl.fasb.org/us-gaap/2012/elts/us-gaap-2012-01-31.xsd#us-gaap_NetIncomeLoss" xlink:label="us-gaap_NetIncomeLoss_634952181737626274" />
    <calculationArc xlink:type="arc" xlink:arcrole="http://www.xbrl.org/2003/arcrole/summation-item" xlink:from="us-gaap_NetIncomeLossAvailableToCommonStockholdersBasic" xlink:to="us-gaap_NetIncomeLoss_634952181737626274" order="1" use="optional" weight="1" priority="2" />
    <loc xlink:type="locator" xlink:href="http://xbrl.fasb.org/us-gaap/2012/elts/us-gaap-2012-01-31.xsd#us-gaap_IncomeLossFromContinuingOperationsBeforeIncomeTaxesExtraordinaryItemsNoncontrollingInterest" xlink:label="us-gaap_IncomeLossFromContinuingOperationsBeforeIncomeTaxesExtraordinaryItemsNoncontrollingInterest_634952181737626274" />
    <calculationArc xlink:type="arc" xlink:arcrole="http://www.xbrl.org/2003/arcrole/summation-item" xlink:from="us-gaap_NetIncomeLoss_634952181737626274" xlink:to="us-gaap_IncomeLossFromContinuingOperationsBeforeIncomeTaxesExtraordinaryItemsNoncontrollingInterest_634952181737626274" order="1" use="optional" weight="1" priority="2" />
    <loc xlink:type="locator" xlink:href="http://xbrl.fasb.org/us-gaap/2012/elts/us-gaap-2012-01-31.xsd#us-gaap_OperatingIncomeLoss" xlink:label="us-gaap_OperatingIncomeLoss_634952181737626274" />
    <calculationArc xlink:type="arc" xlink:arcrole="http://www.xbrl.org/2003/arcrole/summation-item" xlink:from="us-gaap_IncomeLossFromContinuingOperationsBeforeIncomeTaxesExtraordinaryItemsNoncontrollingInterest_634952181737626274" xlink:to="us-gaap_OperatingIncomeLoss_634952181737626274" order="1" use="optional" weight="1" priority="2" />
    <loc xlink:type="locator" xlink:href="http://xbrl.fasb.org/us-gaap/2012/elts/us-gaap-2012-01-31.xsd#us-gaap_OilAndGasSalesRevenue" xlink:label="us-gaap_OilAndGasSalesRevenue_634952181737626274" />
    <calculationArc xlink:type="arc" xlink:arcrole="http://www.xbrl.org/2003/arcrole/summation-item" xlink:from="us-gaap_OperatingIncomeLoss_634952181737626274" xlink:to="us-gaap_OilAndGasSalesRevenue_634952181737626274" order="1" use="optional" weight="1" priority="2" />
    <loc xlink:type="locator" xlink:href="http://xbrl.fasb.org/us-gaap/2012/elts/us-gaap-2012-01-31.xsd#us-gaap_OilAndCondensateRevenue" xlink:label="us-gaap_OilAndCondensateRevenue_634952181737626274" />
    <calculationArc xlink:type="arc" xlink:arcrole="http://www.xbrl.org/2003/arcrole/summation-item" xlink:from="us-gaap_OilAndGasSalesRevenue_634952181737626274" xlink:to="us-gaap_OilAndCondensateRevenue_634952181737626274" order="1" use="optional" weight="1" priority="2" />
    <loc xlink:type="locator" xlink:href="http://xbrl.fasb.org/us-gaap/2012/elts/us-gaap-2012-01-31.xsd#us-gaap_NaturalGasProductionRevenue" xlink:label="us-gaap_NaturalGasProductionRevenue_634952181737626274" />
    <calculationArc xlink:type="arc" xlink:arcrole="http://www.xbrl.org/2003/arcrole/summation-item" xlink:from="us-gaap_OilAndGasSalesRevenue_634952181737626274" xlink:to="us-gaap_NaturalGasProductionRevenue_634952181737626274" order="2" use="optional" weight="1" priority="2" />
    <loc xlink:type="locator" xlink:href="http://xbrl.fasb.org/us-gaap/2012/elts/us-gaap-2012-01-31.xsd#us-gaap_CostsAndExpenses" xlink:label="us-gaap_CostsAndExpenses_634952181737626274" />
    <calculationArc xlink:type="arc" xlink:arcrole="http://www.xbrl.org/2003/arcrole/summation-item" xlink:from="us-gaap_OperatingIncomeLoss_634952181737626274" xlink:to="us-gaap_CostsAndExpenses_634952181737626274" order="2" use="optional" weight="-1" priority="2" />
    <loc xlink:type="locator" xlink:href="http://xbrl.fasb.org/us-gaap/2012/elts/us-gaap-2012-01-31.xsd#us-gaap_LeaseOperatingExpense" xlink:label="us-gaap_LeaseOperatingExpense_634952181737626274" />
    <calculationArc xlink:type="arc" xlink:arcrole="http://www.xbrl.org/2003/arcrole/summation-item" xlink:from="us-gaap_CostsAndExpenses_634952181737626274" xlink:to="us-gaap_LeaseOperatingExpense_634952181737626274" order="1" use="optional" weight="1" priority="2" />
    <loc xlink:type="locator" xlink:href="http://xbrl.fasb.org/us-gaap/2012/elts/us-gaap-2012-01-31.xsd#us-gaap_ProductionTaxExpense" xlink:label="us-gaap_ProductionTaxExpense_634952181737626274" />
    <calculationArc xlink:type="arc" xlink:arcrole="http://www.xbrl.org/2003/arcrole/summation-item" xlink:from="us-gaap_CostsAndExpenses_634952181737626274" xlink:to="us-gaap_ProductionTaxExpense_634952181737626274" order="2" use="optional" weight="1" priority="2" />
    <loc xlink:type="locator" xlink:href="http://xbrl.fasb.org/us-gaap/2012/elts/us-gaap-2012-01-31.xsd#us-gaap_GasGatheringTransportationMarketingAndProcessingCosts" xlink:label="us-gaap_GasGatheringTransportationMarketingAndProcessingCosts_634952181737626274" />
    <calculationArc xlink:type="arc" xlink:arcrole="http://www.xbrl.org/2003/arcrole/summation-item" xlink:from="us-gaap_CostsAndExpenses_634952181737626274" xlink:to="us-gaap_GasGatheringTransportationMarketingAndProcessingCosts_634952181737626274" order="3" use="optional" weight="1" priority="2" />
    <loc xlink:type="locator" xlink:href="http://xbrl.fasb.org/us-gaap/2012/elts/us-gaap-2012-01-31.xsd#us-gaap_DepreciationDepletionAndAmortization" xlink:label="us-gaap_DepreciationDepletionAndAmortization_634952181737626274" />
    <calculationArc xlink:type="arc" xlink:arcrole="http://www.xbrl.org/2003/arcrole/summation-item" xlink:from="us-gaap_CostsAndExpenses_634952181737626274" xlink:to="us-gaap_DepreciationDepletionAndAmortization_634952181737626274" order="4" use="optional" weight="1" priority="2" />
    <loc xlink:type="locator" xlink:href="http://xbrl.fasb.org/us-gaap/2012/elts/us-gaap-2012-01-31.xsd#us-gaap_ResultsOfOperationsAccretionOfAssetRetirementObligations" xlink:label="us-gaap_ResultsOfOperationsAccretionOfAssetRetirementObligations_634952181737626274" />
    <calculationArc xlink:type="arc" xlink:arcrole="http://www.xbrl.org/2003/arcrole/summation-item" xlink:from="us-gaap_CostsAndExpenses_634952181737626274" xlink:to="us-gaap_ResultsOfOperationsAccretionOfAssetRetirementObligations_634952181737626274" order="5" use="optional" weight="1" priority="2" />
    <loc xlink:type="locator" xlink:href="http://xbrl.fasb.org/us-gaap/2012/elts/us-gaap-2012-01-31.xsd#us-gaap_GeneralAndAdministrativeExpense" xlink:label="us-gaap_GeneralAndAdministrativeExpense_634952181737626274" />
    <calculationArc xlink:type="arc" xlink:arcrole="http://www.xbrl.org/2003/arcrole/summation-item" xlink:from="us-gaap_CostsAndExpenses_634952181737626274" xlink:to="us-gaap_GeneralAndAdministrativeExpense_634952181737626274" order="6" use="optional" weight="1" priority="2" />
    <loc xlink:type="locator" xlink:href="http://xbrl.fasb.org/us-gaap/2012/elts/us-gaap-2012-01-31.xsd#us-gaap_GainLossOnDerivativeInstrumentsNetPretax" xlink:label="us-gaap_GainLossOnDerivativeInstrumentsNetPretax_634952181737636274" />
    <calculationArc xlink:type="arc" xlink:arcrole="http://www.xbrl.org/2003/arcrole/summation-item" xlink:from="us-gaap_CostsAndExpenses_634952181737626274" xlink:to="us-gaap_GainLossOnDerivativeInstrumentsNetPretax_634952181737636274" order="7" use="optional" weight="-1" priority="2" />
    <loc xlink:type="locator" xlink:href="http://xbrl.fasb.org/us-gaap/2012/elts/us-gaap-2012-01-31.xsd#us-gaap_NonoperatingIncomeExpense" xlink:label="us-gaap_NonoperatingIncomeExpense_634952181737636274" />
    <calculationArc xlink:type="arc" xlink:arcrole="http://www.xbrl.org/2003/arcrole/summation-item" xlink:from="us-gaap_IncomeLossFromContinuingOperationsBeforeIncomeTaxesExtraordinaryItemsNoncontrollingInterest_634952181737626274" xlink:to="us-gaap_NonoperatingIncomeExpense_634952181737636274" order="2" use="optional" weight="1" priority="2" />
    <loc xlink:type="locator" xlink:href="http://xbrl.fasb.org/us-gaap/2012/elts/us-gaap-2012-01-31.xsd#us-gaap_IncomeLossFromEquityMethodInvestments" xlink:label="us-gaap_IncomeLossFromEquityMethodInvestments_634952181737636274" />
    <calculationArc xlink:type="arc" xlink:arcrole="http://www.xbrl.org/2003/arcrole/summation-item" xlink:from="us-gaap_NonoperatingIncomeExpense_634952181737636274" xlink:to="us-gaap_IncomeLossFromEquityMethodInvestments_634952181737636274" order="1" use="optional" weight="1" priority="2" />
    <loc xlink:type="locator" xlink:href="http://xbrl.fasb.org/us-gaap/2012/elts/us-gaap-2012-01-31.xsd#us-gaap_OtherNonoperatingIncome" xlink:label="us-gaap_OtherNonoperatingIncome_634952181737636274" />
    <calculationArc xlink:type="arc" xlink:arcrole="http://www.xbrl.org/2003/arcrole/summation-item" xlink:from="us-gaap_NonoperatingIncomeExpense_634952181737636274" xlink:to="us-gaap_OtherNonoperatingIncome_634952181737636274" order="2" use="optional" weight="1" priority="2" />
    <loc xlink:type="locator" xlink:href="http://xbrl.fasb.org/us-gaap/2012/elts/us-gaap-2012-01-31.xsd#us-gaap_InterestExpense" xlink:label="us-gaap_InterestExpense_634952181737636274" />
    <calculationArc xlink:type="arc" xlink:arcrole="http://www.xbrl.org/2003/arcrole/summation-item" xlink:from="us-gaap_NonoperatingIncomeExpense_634952181737636274" xlink:to="us-gaap_InterestExpense_634952181737636274" order="3" use="optional" weight="-1" priority="2" />
    <loc xlink:type="locator" xlink:href="http://xbrl.fasb.org/us-gaap/2012/elts/us-gaap-2012-01-31.xsd#us-gaap_IncomeTaxExpenseBenefit" xlink:label="us-gaap_IncomeTaxExpenseBenefit_634952181737636274" />
    <calculationArc xlink:type="arc" xlink:arcrole="http://www.xbrl.org/2003/arcrole/summation-item" xlink:from="us-gaap_NetIncomeLoss_634952181737626274" xlink:to="us-gaap_IncomeTaxExpenseBenefit_634952181737636274" order="2" use="optional" weight="-1" priority="2" />
    <loc xlink:type="locator" xlink:href="http://xbrl.fasb.org/us-gaap/2012/elts/us-gaap-2012-01-31.xsd#us-gaap_DividendsPreferredStock" xlink:label="us-gaap_DividendsPreferredStock_634952181737636274" />
    <calculationArc xlink:type="arc" xlink:arcrole="http://www.xbrl.org/2003/arcrole/summation-item" xlink:from="us-gaap_NetIncomeLossAvailableToCommonStockholdersBasic" xlink:to="us-gaap_DividendsPreferredStock_634952181737636274" order="2" use="optional" weight="-1" priority="2" />
  </calculationLink>
  <calculationLink xlink:role="http://www.energyxxi.com/role/StatementConsolidatedStatementsOfComprehensiveIncome" xlink:type="extended" xlink:title="00300 - Statement - Consolidated Statements Of Comprehensive Income">
    <loc xlink:type="locator" xlink:href="http://xbrl.fasb.org/us-gaap/2012/elts/us-gaap-2012-01-31.xsd#us-gaap_ComprehensiveIncomeNetOfTax" xlink:label="us-gaap_ComprehensiveIncomeNetOfTax" />
    <loc xlink:type="locator" xlink:href="http://xbrl.fasb.org/us-gaap/2012/elts/us-gaap-2012-01-31.xsd#us-gaap_OtherComprehensiveIncomeLossNetOfTax" xlink:label="us-gaap_OtherComprehensiveIncomeLossNetOfTax_634952181737636274" />
    <calculationArc xlink:type="arc" xlink:arcrole="http://www.xbrl.org/2003/arcrole/summation-item" xlink:from="us-gaap_ComprehensiveIncomeNetOfTax" xlink:to="us-gaap_OtherComprehensiveIncomeLossNetOfTax_634952181737636274" order="1" use="optional" weight="1" priority="2" />
    <loc xlink:type="locator" xlink:href="http://xbrl.fasb.org/us-gaap/2012/elts/us-gaap-2012-01-31.xsd#us-gaap_OtherComprehensiveIncomeLossBeforeTax" xlink:label="us-gaap_OtherComprehensiveIncomeLossBeforeTax_634952181737636274" />
    <calculationArc xlink:type="arc" xlink:arcrole="http://www.xbrl.org/2003/arcrole/summation-item" xlink:from="us-gaap_OtherComprehensiveIncomeLossNetOfTax_634952181737636274" xlink:to="us-gaap_OtherComprehensiveIncomeLossBeforeTax_634952181737636274" order="1" use="optional" weight="1" priority="2" />
    <loc xlink:type="locator" xlink:href="http://xbrl.fasb.org/us-gaap/2012/elts/us-gaap-2012-01-31.xsd#us-gaap_OtherComprehensiveIncomeLossReclassificationAdjustmentOnDerivativesIncludedInNetIncomeBeforeTax" xlink:label="us-gaap_OtherComprehensiveIncomeLossReclassificationAdjustmentOnDerivativesIncludedInNetIncomeBeforeTax_634952181737636274" />
    <calculationArc xlink:type="arc" xlink:arcrole="http://www.xbrl.org/2003/arcrole/summation-item" xlink:from="us-gaap_OtherComprehensiveIncomeLossBeforeTax_634952181737636274" xlink:to="us-gaap_OtherComprehensiveIncomeLossReclassificationAdjustmentOnDerivativesIncludedInNetIncomeBeforeTax_634952181737636274" order="1" use="optional" weight="1" priority="2" />
    <loc xlink:type="locator" xlink:href="http://xbrl.fasb.org/us-gaap/2012/elts/us-gaap-2012-01-31.xsd#us-gaap_OtherComprehensiveIncomeUnrealizedGainLossOnDerivativesArisingDuringPeriodBeforeTax" xlink:label="us-gaap_OtherComprehensiveIncomeUnrealizedGainLossOnDerivativesArisingDuringPeriodBeforeTax_634952181737636274" />
    <calculationArc xlink:type="arc" xlink:arcrole="http://www.xbrl.org/2003/arcrole/summation-item" xlink:from="us-gaap_OtherComprehensiveIncomeLossBeforeTax_634952181737636274" xlink:to="us-gaap_OtherComprehensiveIncomeUnrealizedGainLossOnDerivativesArisingDuringPeriodBeforeTax_634952181737636274" order="2" use="optional" weight="1" priority="2" />
    <loc xlink:type="locator" xlink:href="http://xbrl.fasb.org/us-gaap/2012/elts/us-gaap-2012-01-31.xsd#us-gaap_OtherComprehensiveIncomeLossTax" xlink:label="us-gaap_OtherComprehensiveIncomeLossTax_634952181737636274" />
    <calculationArc xlink:type="arc" xlink:arcrole="http://www.xbrl.org/2003/arcrole/summation-item" xlink:from="us-gaap_OtherComprehensiveIncomeLossNetOfTax_634952181737636274" xlink:to="us-gaap_OtherComprehensiveIncomeLossTax_634952181737636274" order="2" use="optional" weight="-1" priority="2" />
    <loc xlink:type="locator" xlink:href="http://xbrl.fasb.org/us-gaap/2012/elts/us-gaap-2012-01-31.xsd#us-gaap_NetIncomeLoss" xlink:label="us-gaap_NetIncomeLoss_634952181737636274" />
    <calculationArc xlink:type="arc" xlink:arcrole="http://www.xbrl.org/2003/arcrole/summation-item" xlink:from="us-gaap_ComprehensiveIncomeNetOfTax" xlink:to="us-gaap_NetIncomeLoss_634952181737636274" order="2" use="optional" weight="1" priority="2" />
  </calculationLink>
  <calculationLink xlink:role="http://www.energyxxi.com/role/StatementConsolidatedStatementsOfCashFlows" xlink:type="extended" xlink:title="00400 - Statement - Consolidated Statements Of Cash Flows">
    <loc xlink:type="locator" xlink:href="http://xbrl.fasb.org/us-gaap/2012/elts/us-gaap-2012-01-31.xsd#us-gaap_CashAndCashEquivalentsPeriodIncreaseDecrease" xlink:label="us-gaap_CashAndCashEquivalentsPeriodIncreaseDecrease" />
    <loc xlink:type="locator" xlink:href="http://xbrl.fasb.org/us-gaap/2012/elts/us-gaap-2012-01-31.xsd#us-gaap_NetCashProvidedByUsedInOperatingActivities" xlink:label="us-gaap_NetCashProvidedByUsedInOperatingActivities_634952181737636274" />
    <calculationArc xlink:type="arc" xlink:arcrole="http://www.xbrl.org/2003/arcrole/summation-item" xlink:from="us-gaap_CashAndCashEquivalentsPeriodIncreaseDecrease" xlink:to="us-gaap_NetCashProvidedByUsedInOperatingActivities_634952181737636274" order="1" use="optional" weight="1" priority="2" />
    <loc xlink:type="locator" xlink:href="http://xbrl.fasb.org/us-gaap/2012/elts/us-gaap-2012-01-31.xsd#us-gaap_NetIncomeLoss" xlink:label="us-gaap_NetIncomeLoss_634952181737656274" />
    <calculationArc xlink:type="arc" xlink:arcrole="http://www.xbrl.org/2003/arcrole/summation-item" xlink:from="us-gaap_NetCashProvidedByUsedInOperatingActivities_634952181737636274" xlink:to="us-gaap_NetIncomeLoss_634952181737656274" order="1" use="optional" weight="1" priority="2" />
    <loc xlink:type="locator" xlink:href="http://xbrl.fasb.org/us-gaap/2012/elts/us-gaap-2012-01-31.xsd#us-gaap_DepreciationDepletionAndAmortization" xlink:label="us-gaap_DepreciationDepletionAndAmortization_634952181737656274" />
    <calculationArc xlink:type="arc" xlink:arcrole="http://www.xbrl.org/2003/arcrole/summation-item" xlink:from="us-gaap_NetCashProvidedByUsedInOperatingActivities_634952181737636274" xlink:to="us-gaap_DepreciationDepletionAndAmortization_634952181737656274" order="2" use="optional" weight="1" priority="2" />
    <loc xlink:type="locator" xlink:href="http://xbrl.fasb.org/us-gaap/2012/elts/us-gaap-2012-01-31.xsd#us-gaap_DeferredIncomeTaxExpenseBenefit" xlink:label="us-gaap_DeferredIncomeTaxExpenseBenefit_634952181737666274" />
    <calculationArc xlink:type="arc" xlink:arcrole="http://www.xbrl.org/2003/arcrole/summation-item" xlink:from="us-gaap_NetCashProvidedByUsedInOperatingActivities_634952181737636274" xlink:to="us-gaap_DeferredIncomeTaxExpenseBenefit_634952181737666274" order="3" use="optional" weight="1" priority="2" />
    <loc xlink:type="locator" xlink:href="http://xbrl.fasb.org/us-gaap/2012/elts/us-gaap-2012-01-31.xsd#us-gaap_GainLossOnSaleOfDerivatives" xlink:label="us-gaap_GainLossOnSaleOfDerivatives_634952181737666274" />
    <calculationArc xlink:type="arc" xlink:arcrole="http://www.xbrl.org/2003/arcrole/summation-item" xlink:from="us-gaap_NetCashProvidedByUsedInOperatingActivities_634952181737636274" xlink:to="us-gaap_GainLossOnSaleOfDerivatives_634952181737666274" order="4" use="optional" weight="-1" priority="2" />
    <loc xlink:type="locator" xlink:href="http://xbrl.fasb.org/us-gaap/2012/elts/us-gaap-2012-01-31.xsd#us-gaap_DerivativeInstrumentsGainLossRecognizedInIncomeNet" xlink:label="us-gaap_DerivativeInstrumentsGainLossRecognizedInIncomeNet_634952181737666274" />
    <calculationArc xlink:type="arc" xlink:arcrole="http://www.xbrl.org/2003/arcrole/summation-item" xlink:from="us-gaap_NetCashProvidedByUsedInOperatingActivities_634952181737636274" xlink:to="us-gaap_DerivativeInstrumentsGainLossRecognizedInIncomeNet_634952181737666274" order="5" use="optional" weight="-1" priority="2" />
    <loc xlink:type="locator" xlink:href="http://xbrl.fasb.org/us-gaap/2012/elts/us-gaap-2012-01-31.xsd#us-gaap_ResultsOfOperationsAccretionOfAssetRetirementObligations" xlink:label="us-gaap_ResultsOfOperationsAccretionOfAssetRetirementObligations_634952181737666274" />
    <calculationArc xlink:type="arc" xlink:arcrole="http://www.xbrl.org/2003/arcrole/summation-item" xlink:from="us-gaap_NetCashProvidedByUsedInOperatingActivities_634952181737636274" xlink:to="us-gaap_ResultsOfOperationsAccretionOfAssetRetirementObligations_634952181737666274" order="6" use="optional" weight="1" priority="2" />
    <loc xlink:type="locator" xlink:href="http://xbrl.fasb.org/us-gaap/2012/elts/us-gaap-2012-01-31.xsd#us-gaap_IncomeLossFromEquityMethodInvestments" xlink:label="us-gaap_IncomeLossFromEquityMethodInvestments_634952181737666274" />
    <calculationArc xlink:type="arc" xlink:arcrole="http://www.xbrl.org/2003/arcrole/summation-item" xlink:from="us-gaap_NetCashProvidedByUsedInOperatingActivities_634952181737636274" xlink:to="us-gaap_IncomeLossFromEquityMethodInvestments_634952181737666274" order="7" use="optional" weight="-1" priority="2" />
    <loc xlink:type="locator" xlink:href="http://xbrl.fasb.org/us-gaap/2012/elts/us-gaap-2012-01-31.xsd#us-gaap_AmortizationOfFinancingCosts" xlink:label="us-gaap_AmortizationOfFinancingCosts_634952181737666274" />
    <calculationArc xlink:type="arc" xlink:arcrole="http://www.xbrl.org/2003/arcrole/summation-item" xlink:from="us-gaap_NetCashProvidedByUsedInOperatingActivities_634952181737636274" xlink:to="us-gaap_AmortizationOfFinancingCosts_634952181737666274" order="8" use="optional" weight="1" priority="2" />
    <loc xlink:type="locator" xlink:href="http://xbrl.fasb.org/us-gaap/2012/elts/us-gaap-2012-01-31.xsd#us-gaap_ShareBasedCompensation" xlink:label="us-gaap_ShareBasedCompensation_634952181737666274" />
    <calculationArc xlink:type="arc" xlink:arcrole="http://www.xbrl.org/2003/arcrole/summation-item" xlink:from="us-gaap_NetCashProvidedByUsedInOperatingActivities_634952181737636274" xlink:to="us-gaap_ShareBasedCompensation_634952181737666274" order="9" use="optional" weight="1" priority="2" />
    <loc xlink:type="locator" xlink:href="http://xbrl.fasb.org/us-gaap/2012/elts/us-gaap-2012-01-31.xsd#us-gaap_IncreaseDecreaseInAccountsReceivable" xlink:label="us-gaap_IncreaseDecreaseInAccountsReceivable_634952181737666274" />
    <calculationArc xlink:type="arc" xlink:arcrole="http://www.xbrl.org/2003/arcrole/summation-item" xlink:from="us-gaap_NetCashProvidedByUsedInOperatingActivities_634952181737636274" xlink:to="us-gaap_IncreaseDecreaseInAccountsReceivable_634952181737666274" order="10" use="optional" weight="-1" priority="2" />
    <loc xlink:type="locator" xlink:href="http://xbrl.fasb.org/us-gaap/2012/elts/us-gaap-2012-01-31.xsd#us-gaap_IncreaseDecreaseInPrepaidDeferredExpenseAndOtherAssets" xlink:label="us-gaap_IncreaseDecreaseInPrepaidDeferredExpenseAndOtherAssets_634952181737666274" />
    <calculationArc xlink:type="arc" xlink:arcrole="http://www.xbrl.org/2003/arcrole/summation-item" xlink:from="us-gaap_NetCashProvidedByUsedInOperatingActivities_634952181737636274" xlink:to="us-gaap_IncreaseDecreaseInPrepaidDeferredExpenseAndOtherAssets_634952181737666274" order="11" use="optional" weight="-1" priority="2" />
    <loc xlink:type="locator" xlink:href="http://xbrl.fasb.org/us-gaap/2012/elts/us-gaap-2012-01-31.xsd#us-gaap_AssetRetirementObligationCashPaidToSettle" xlink:label="us-gaap_AssetRetirementObligationCashPaidToSettle_634952181737666274" />
    <calculationArc xlink:type="arc" xlink:arcrole="http://www.xbrl.org/2003/arcrole/summation-item" xlink:from="us-gaap_NetCashProvidedByUsedInOperatingActivities_634952181737636274" xlink:to="us-gaap_AssetRetirementObligationCashPaidToSettle_634952181737666274" order="12" use="optional" weight="-1" priority="2" />
    <loc xlink:type="locator" xlink:href="http://xbrl.fasb.org/us-gaap/2012/elts/us-gaap-2012-01-31.xsd#us-gaap_IncreaseDecreaseInAccountsPayableAndAccruedLiabilities" xlink:label="us-gaap_IncreaseDecreaseInAccountsPayableAndAccruedLiabilities_634952181737666274" />
    <calculationArc xlink:type="arc" xlink:arcrole="http://www.xbrl.org/2003/arcrole/summation-item" xlink:from="us-gaap_NetCashProvidedByUsedInOperatingActivities_634952181737636274" xlink:to="us-gaap_IncreaseDecreaseInAccountsPayableAndAccruedLiabilities_634952181737666274" order="13" use="optional" weight="1" priority="2" />
    <loc xlink:type="locator" xlink:href="http://xbrl.fasb.org/us-gaap/2012/elts/us-gaap-2012-01-31.xsd#us-gaap_NetCashProvidedByUsedInInvestingActivities" xlink:label="us-gaap_NetCashProvidedByUsedInInvestingActivities_634952181737666274" />
    <calculationArc xlink:type="arc" xlink:arcrole="http://www.xbrl.org/2003/arcrole/summation-item" xlink:from="us-gaap_CashAndCashEquivalentsPeriodIncreaseDecrease" xlink:to="us-gaap_NetCashProvidedByUsedInInvestingActivities_634952181737666274" order="2" use="optional" weight="1" priority="2" />
    <loc xlink:type="locator" xlink:href="http://xbrl.fasb.org/us-gaap/2012/elts/us-gaap-2012-01-31.xsd#us-gaap_PaymentsToAcquireBusinessesNetOfCashAcquired" xlink:label="us-gaap_PaymentsToAcquireBusinessesNetOfCashAcquired_634952181737666274" />
    <calculationArc xlink:type="arc" xlink:arcrole="http://www.xbrl.org/2003/arcrole/summation-item" xlink:from="us-gaap_NetCashProvidedByUsedInInvestingActivities_634952181737666274" xlink:to="us-gaap_PaymentsToAcquireBusinessesNetOfCashAcquired_634952181737666274" order="1" use="optional" weight="-1" priority="2" />
    <loc xlink:type="locator" xlink:href="http://xbrl.fasb.org/us-gaap/2012/elts/us-gaap-2012-01-31.xsd#us-gaap_PaymentsToExploreAndDevelopOilAndGasProperties" xlink:label="us-gaap_PaymentsToExploreAndDevelopOilAndGasProperties_634952181737666274" />
    <calculationArc xlink:type="arc" xlink:arcrole="http://www.xbrl.org/2003/arcrole/summation-item" xlink:from="us-gaap_NetCashProvidedByUsedInInvestingActivities_634952181737666274" xlink:to="us-gaap_PaymentsToExploreAndDevelopOilAndGasProperties_634952181737666274" order="2" use="optional" weight="-1" priority="2" />
    <loc xlink:type="locator" xlink:href="http://xbrl.fasb.org/us-gaap/2012/elts/us-gaap-2012-01-31.xsd#us-gaap_ProceedsFromInsuranceSettlementInvestingActivities" xlink:label="us-gaap_ProceedsFromInsuranceSettlementInvestingActivities_634952181737666274" />
    <calculationArc xlink:type="arc" xlink:arcrole="http://www.xbrl.org/2003/arcrole/summation-item" xlink:from="us-gaap_NetCashProvidedByUsedInInvestingActivities_634952181737666274" xlink:to="us-gaap_ProceedsFromInsuranceSettlementInvestingActivities_634952181737666274" order="3" use="optional" weight="1" priority="2" />
    <loc xlink:type="locator" xlink:href="http://xbrl.fasb.org/us-gaap/2012/elts/us-gaap-2012-01-31.xsd#us-gaap_PaymentsToAcquireEquityMethodInvestments" xlink:label="us-gaap_PaymentsToAcquireEquityMethodInvestments_634952181737666274" />
    <calculationArc xlink:type="arc" xlink:arcrole="http://www.xbrl.org/2003/arcrole/summation-item" xlink:from="us-gaap_NetCashProvidedByUsedInInvestingActivities_634952181737666274" xlink:to="us-gaap_PaymentsToAcquireEquityMethodInvestments_634952181737666274" order="4" use="optional" weight="-1" priority="2" />
    <loc xlink:type="locator" xlink:href="http://xbrl.fasb.org/us-gaap/2012/elts/us-gaap-2012-01-31.xsd#us-gaap_ProceedsFromSaleOfOilAndGasPropertyAndEquipment" xlink:label="us-gaap_ProceedsFromSaleOfOilAndGasPropertyAndEquipment_634952181737666274" />
    <calculationArc xlink:type="arc" xlink:arcrole="http://www.xbrl.org/2003/arcrole/summation-item" xlink:from="us-gaap_NetCashProvidedByUsedInInvestingActivities_634952181737666274" xlink:to="us-gaap_ProceedsFromSaleOfOilAndGasPropertyAndEquipment_634952181737666274" order="5" use="optional" weight="1" priority="2" />
    <loc xlink:type="locator" xlink:href="http://xbrl.fasb.org/us-gaap/2012/elts/us-gaap-2012-01-31.xsd#us-gaap_PaymentsForProceedsFromOtherInvestingActivities" xlink:label="us-gaap_PaymentsForProceedsFromOtherInvestingActivities_634952181737676274" />
    <calculationArc xlink:type="arc" xlink:arcrole="http://www.xbrl.org/2003/arcrole/summation-item" xlink:from="us-gaap_NetCashProvidedByUsedInInvestingActivities_634952181737666274" xlink:to="us-gaap_PaymentsForProceedsFromOtherInvestingActivities_634952181737676274" order="6" use="optional" weight="-1" priority="2" />
    <loc xlink:type="locator" xlink:href="http://xbrl.fasb.org/us-gaap/2012/elts/us-gaap-2012-01-31.xsd#us-gaap_ProceedsFromDepositsWithOtherInstitutions" xlink:label="us-gaap_ProceedsFromDepositsWithOtherInstitutions_634952181737676274" />
    <calculationArc xlink:type="arc" xlink:arcrole="http://www.xbrl.org/2003/arcrole/summation-item" xlink:from="us-gaap_NetCashProvidedByUsedInInvestingActivities_634952181737666274" xlink:to="us-gaap_ProceedsFromDepositsWithOtherInstitutions_634952181737676274" order="7" use="optional" weight="1" priority="2" />
    <loc xlink:type="locator" xlink:href="http://xbrl.fasb.org/us-gaap/2012/elts/us-gaap-2012-01-31.xsd#us-gaap_NetCashProvidedByUsedInFinancingActivities" xlink:label="us-gaap_NetCashProvidedByUsedInFinancingActivities_634952181737676274" />
    <calculationArc xlink:type="arc" xlink:arcrole="http://www.xbrl.org/2003/arcrole/summation-item" xlink:from="us-gaap_CashAndCashEquivalentsPeriodIncreaseDecrease" xlink:to="us-gaap_NetCashProvidedByUsedInFinancingActivities_634952181737676274" order="3" use="optional" weight="1" priority="2" />
    <loc xlink:type="locator" xlink:href="http://xbrl.fasb.org/us-gaap/2012/elts/us-gaap-2012-01-31.xsd#us-gaap_ProceedsFromIssuanceOrSaleOfEquity" xlink:label="us-gaap_ProceedsFromIssuanceOrSaleOfEquity_634952181737676274" />
    <calculationArc xlink:type="arc" xlink:arcrole="http://www.xbrl.org/2003/arcrole/summation-item" xlink:from="us-gaap_NetCashProvidedByUsedInFinancingActivities_634952181737676274" xlink:to="us-gaap_ProceedsFromIssuanceOrSaleOfEquity_634952181737676274" order="1" use="optional" weight="1" priority="2" />
    <loc xlink:type="locator" xlink:href="http://xbrl.fasb.org/us-gaap/2012/elts/us-gaap-2012-01-31.xsd#us-gaap_ProceedsFromIssuanceOfLongTermDebt" xlink:label="us-gaap_ProceedsFromIssuanceOfLongTermDebt_634952181737676274" />
    <calculationArc xlink:type="arc" xlink:arcrole="http://www.xbrl.org/2003/arcrole/summation-item" xlink:from="us-gaap_NetCashProvidedByUsedInFinancingActivities_634952181737676274" xlink:to="us-gaap_ProceedsFromIssuanceOfLongTermDebt_634952181737676274" order="2" use="optional" weight="1" priority="2" />
    <loc xlink:type="locator" xlink:href="http://xbrl.fasb.org/us-gaap/2012/elts/us-gaap-2012-01-31.xsd#us-gaap_RepaymentsOfLongTermDebt" xlink:label="us-gaap_RepaymentsOfLongTermDebt_634952181737676274" />
    <calculationArc xlink:type="arc" xlink:arcrole="http://www.xbrl.org/2003/arcrole/summation-item" xlink:from="us-gaap_NetCashProvidedByUsedInFinancingActivities_634952181737676274" xlink:to="us-gaap_RepaymentsOfLongTermDebt_634952181737676274" order="3" use="optional" weight="-1" priority="2" />
    <loc xlink:type="locator" xlink:href="http://xbrl.fasb.org/us-gaap/2012/elts/us-gaap-2012-01-31.xsd#us-gaap_ProceedsFromPaymentsForOtherFinancingActivities" xlink:label="us-gaap_ProceedsFromPaymentsForOtherFinancingActivities_634952181737676274" />
    <calculationArc xlink:type="arc" xlink:arcrole="http://www.xbrl.org/2003/arcrole/summation-item" xlink:from="us-gaap_NetCashProvidedByUsedInFinancingActivities_634952181737676274" xlink:to="us-gaap_ProceedsFromPaymentsForOtherFinancingActivities_634952181737676274" order="4" use="optional" weight="1" priority="2" />
    <loc xlink:type="locator" xlink:href="http://xbrl.fasb.org/us-gaap/2012/elts/us-gaap-2012-01-31.xsd#us-gaap_PaymentsOfDividendsPreferredStockAndPreferenceStock" xlink:label="us-gaap_PaymentsOfDividendsPreferredStockAndPreferenceStock_634952181737676274" />
    <calculationArc xlink:type="arc" xlink:arcrole="http://www.xbrl.org/2003/arcrole/summation-item" xlink:from="us-gaap_NetCashProvidedByUsedInFinancingActivities_634952181737676274" xlink:to="us-gaap_PaymentsOfDividendsPreferredStockAndPreferenceStock_634952181737676274" order="5" use="optional" weight="-1" priority="2" />
    <loc xlink:type="locator" xlink:href="http://xbrl.fasb.org/us-gaap/2012/elts/us-gaap-2012-01-31.xsd#us-gaap_PaymentsOfDividendsCommonStock" xlink:label="us-gaap_PaymentsOfDividendsCommonStock_634952181737676274" />
    <calculationArc xlink:type="arc" xlink:arcrole="http://www.xbrl.org/2003/arcrole/summation-item" xlink:from="us-gaap_NetCashProvidedByUsedInFinancingActivities_634952181737676274" xlink:to="us-gaap_PaymentsOfDividendsCommonStock_634952181737676274" order="6" use="optional" weight="-1" priority="2" />
  </calculationLink>
  <calculationLink xlink:role="http://www.energyxxi.com/role/DisclosureAcquisitionsPurchasePriceAllocationsToAssetsAcquiredAndLiabilitiesAssumedDetails" xlink:type="extended" xlink:title="40302 - Disclosure - Acquisitions (Purchase Price Allocations To The Assets Acquired And Liabilities Assumed) (Details)">
    <loc xlink:type="locator" xlink:href="http://xbrl.fasb.org/us-gaap/2012/elts/us-gaap-2012-01-31.xsd#us-gaap_BusinessAcquisitionCostOfAcquiredEntityCashPaid" xlink:label="us-gaap_BusinessAcquisitionCostOfAcquiredEntityCashPaid" />
    <loc xlink:type="locator" xlink:href="exxi-20121231.xsd#exxi_BusinessAcquisitionPurchasePriceAllocationAssetRetirementObligations" xlink:label="exxi_BusinessAcquisitionPurchasePriceAllocationAssetRetirementObligations_634952181737686274" />
    <calculationArc xlink:type="arc" xlink:arcrole="http://www.xbrl.org/2003/arcrole/summation-item" xlink:from="us-gaap_BusinessAcquisitionCostOfAcquiredEntityCashPaid" xlink:to="exxi_BusinessAcquisitionPurchasePriceAllocationAssetRetirementObligations_634952181737686274" order="1" use="optional" weight="-1" priority="2" />
    <loc xlink:type="locator" xlink:href="exxi-20121231.xsd#exxi_BusinessAcquisitionPurchasePriceAllocationOilAndNaturalGasPropertiesEvaluated" xlink:label="exxi_BusinessAcquisitionPurchasePriceAllocationOilAndNaturalGasPropertiesEvaluated_634952181737686274" />
    <calculationArc xlink:type="arc" xlink:arcrole="http://www.xbrl.org/2003/arcrole/summation-item" xlink:from="us-gaap_BusinessAcquisitionCostOfAcquiredEntityCashPaid" xlink:to="exxi_BusinessAcquisitionPurchasePriceAllocationOilAndNaturalGasPropertiesEvaluated_634952181737686274" order="2" use="optional" weight="1" priority="2" />
    <loc xlink:type="locator" xlink:href="exxi-20121231.xsd#exxi_BusinessAcquisitionPurchasePriceAllocationOilAndNaturalGasPropertiesUnevaluated" xlink:label="exxi_BusinessAcquisitionPurchasePriceAllocationOilAndNaturalGasPropertiesUnevaluated_634952181737686274" />
    <calculationArc xlink:type="arc" xlink:arcrole="http://www.xbrl.org/2003/arcrole/summation-item" xlink:from="us-gaap_BusinessAcquisitionCostOfAcquiredEntityCashPaid" xlink:to="exxi_BusinessAcquisitionPurchasePriceAllocationOilAndNaturalGasPropertiesUnevaluated_634952181737686274" order="3" use="optional" weight="1" priority="2" />
  </calculationLink>
  <calculationLink xlink:role="http://www.energyxxi.com/role/DisclosurePropertyAndEquipmentScheduleOfPropertyAndEquipmentDetails" xlink:type="extended" xlink:title="40401 - Disclosure - Property And Equipment (Schedule Of Property And Equipment) (Details)">
    <loc xlink:type="locator" xlink:href="http://xbrl.fasb.org/us-gaap/2012/elts/us-gaap-2012-01-31.xsd#us-gaap_PropertyPlantAndEquipmentNet" xlink:label="us-gaap_PropertyPlantAndEquipmentNet" />
    <loc xlink:type="locator" xlink:href="http://xbrl.fasb.org/us-gaap/2012/elts/us-gaap-2012-01-31.xsd#us-gaap_OilAndGasPropertyFullCostMethodNet" xlink:label="us-gaap_OilAndGasPropertyFullCostMethodNet_634952181737686274" />
    <calculationArc xlink:type="arc" xlink:arcrole="http://www.xbrl.org/2003/arcrole/summation-item" xlink:from="us-gaap_PropertyPlantAndEquipmentNet" xlink:to="us-gaap_OilAndGasPropertyFullCostMethodNet_634952181737686274" order="1" use="optional" weight="1" priority="2" />
    <loc xlink:type="locator" xlink:href="exxi-20121231.xsd#exxi_EvaluatedOilAndGasPropertyFullCostMethodNet" xlink:label="exxi_EvaluatedOilAndGasPropertyFullCostMethodNet_634952181737686274" />
    <calculationArc xlink:type="arc" xlink:arcrole="http://www.xbrl.org/2003/arcrole/summation-item" xlink:from="us-gaap_OilAndGasPropertyFullCostMethodNet_634952181737686274" xlink:to="exxi_EvaluatedOilAndGasPropertyFullCostMethodNet_634952181737686274" order="1" use="optional" weight="1" priority="2" />
    <loc xlink:type="locator" xlink:href="exxi-20121231.xsd#exxi_EvaluatedOilAndGasPropertyFullCostMethodGross" xlink:label="exxi_EvaluatedOilAndGasPropertyFullCostMethodGross_634952181737686274" />
    <calculationArc xlink:type="arc" xlink:arcrole="http://www.xbrl.org/2003/arcrole/summation-item" xlink:from="exxi_EvaluatedOilAndGasPropertyFullCostMethodNet_634952181737686274" xlink:to="exxi_EvaluatedOilAndGasPropertyFullCostMethodGross_634952181737686274" order="1" use="optional" weight="1" priority="2" />
    <loc xlink:type="locator" xlink:href="exxi-20121231.xsd#exxi_OilAndGasPropertyFullCostMethodAccumulatedDepreciationDepletionAmoritizationAndImpairment" xlink:label="exxi_OilAndGasPropertyFullCostMethodAccumulatedDepreciationDepletionAmoritizationAndImpairment_634952181737686274" />
    <calculationArc xlink:type="arc" xlink:arcrole="http://www.xbrl.org/2003/arcrole/summation-item" xlink:from="exxi_EvaluatedOilAndGasPropertyFullCostMethodNet_634952181737686274" xlink:to="exxi_OilAndGasPropertyFullCostMethodAccumulatedDepreciationDepletionAmoritizationAndImpairment_634952181737686274" order="2" use="optional" weight="-1" priority="2" />
    <loc xlink:type="locator" xlink:href="exxi-20121231.xsd#exxi_UnevaluatedOilAndGasPropertyFullCostMethodGross" xlink:label="exxi_UnevaluatedOilAndGasPropertyFullCostMethodGross_634952181737686274" />
    <calculationArc xlink:type="arc" xlink:arcrole="http://www.xbrl.org/2003/arcrole/summation-item" xlink:from="us-gaap_OilAndGasPropertyFullCostMethodNet_634952181737686274" xlink:to="exxi_UnevaluatedOilAndGasPropertyFullCostMethodGross_634952181737686274" order="2" use="optional" weight="1" priority="2" />
    <loc xlink:type="locator" xlink:href="http://xbrl.fasb.org/us-gaap/2012/elts/us-gaap-2012-01-31.xsd#us-gaap_PropertyPlantAndEquipmentOtherNet" xlink:label="us-gaap_PropertyPlantAndEquipmentOtherNet_634952181737686274" />
    <calculationArc xlink:type="arc" xlink:arcrole="http://www.xbrl.org/2003/arcrole/summation-item" xlink:from="us-gaap_PropertyPlantAndEquipmentNet" xlink:to="us-gaap_PropertyPlantAndEquipmentOtherNet_634952181737686274" order="2" use="optional" weight="1" priority="2" />
    <loc xlink:type="locator" xlink:href="http://xbrl.fasb.org/us-gaap/2012/elts/us-gaap-2012-01-31.xsd#us-gaap_PropertyPlantAndEquipmentOther" xlink:label="us-gaap_PropertyPlantAndEquipmentOther_634952181737686274" />
    <calculationArc xlink:type="arc" xlink:arcrole="http://www.xbrl.org/2003/arcrole/summation-item" xlink:from="us-gaap_PropertyPlantAndEquipmentOtherNet_634952181737686274" xlink:to="us-gaap_PropertyPlantAndEquipmentOther_634952181737686274" order="1" use="optional" weight="1" priority="2" />
    <loc xlink:type="locator" xlink:href="http://xbrl.fasb.org/us-gaap/2012/elts/us-gaap-2012-01-31.xsd#us-gaap_PropertyPlantAndEquipmentOtherAccumulatedDepreciation" xlink:label="us-gaap_PropertyPlantAndEquipmentOtherAccumulatedDepreciation_634952181737686274" />
    <calculationArc xlink:type="arc" xlink:arcrole="http://www.xbrl.org/2003/arcrole/summation-item" xlink:from="us-gaap_PropertyPlantAndEquipmentOtherNet_634952181737686274" xlink:to="us-gaap_PropertyPlantAndEquipmentOtherAccumulatedDepreciation_634952181737686274" order="2" use="optional" weight="-1" priority="2" />
  </calculationLink>
  <calculationLink xlink:role="http://www.energyxxi.com/role/DisclosureLongTermDebtScheduleOfLongTermDebtDetails" xlink:type="extended" xlink:title="40602 - Disclosure - Long-Term Debt (Schedule Of Long-Term Debt) (Details)">
    <loc xlink:type="locator" xlink:href="http://xbrl.fasb.org/us-gaap/2012/elts/us-gaap-2012-01-31.xsd#us-gaap_LongTermDebt" xlink:label="us-gaap_LongTermDebt" />
    <loc xlink:type="locator" xlink:href="http://xbrl.fasb.org/us-gaap/2012/elts/us-gaap-2012-01-31.xsd#us-gaap_LongTermDebtCurrent" xlink:label="us-gaap_LongTermDebtCurrent_634952181737686274" />
    <calculationArc xlink:type="arc" xlink:arcrole="http://www.xbrl.org/2003/arcrole/summation-item" xlink:from="us-gaap_LongTermDebt" xlink:to="us-gaap_LongTermDebtCurrent_634952181737686274" order="1" use="optional" weight="1" priority="2" />
    <loc xlink:type="locator" xlink:href="http://xbrl.fasb.org/us-gaap/2012/elts/us-gaap-2012-01-31.xsd#us-gaap_LongTermDebtNoncurrent" xlink:label="us-gaap_LongTermDebtNoncurrent_634952181737686274" />
    <calculationArc xlink:type="arc" xlink:arcrole="http://www.xbrl.org/2003/arcrole/summation-item" xlink:from="us-gaap_LongTermDebt" xlink:to="us-gaap_LongTermDebtNoncurrent_634952181737686274" order="2" use="optional" weight="1" priority="2" />
  </calculationLink>
  <calculationLink xlink:role="http://www.energyxxi.com/role/DisclosureLongTermDebtMaturitiesOfLongTermDebtDetails" xlink:type="extended" xlink:title="40603 - Disclosure - Long-Term Debt (Maturities of Long-Term Debt) (Details)">
    <loc xlink:type="locator" xlink:href="http://xbrl.fasb.org/us-gaap/2012/elts/us-gaap-2012-01-31.xsd#us-gaap_LongTermDebt" xlink:label="us-gaap_LongTermDebt" />
    <loc xlink:type="locator" xlink:href="http://xbrl.fasb.org/us-gaap/2012/elts/us-gaap-2012-01-31.xsd#us-gaap_LongTermDebtMaturitiesRepaymentsOfPrincipalInNextTwelveMonths" xlink:label="us-gaap_LongTermDebtMaturitiesRepaymentsOfPrincipalInNextTwelveMonths_634952181737686274" />
    <calculationArc xlink:type="arc" xlink:arcrole="http://www.xbrl.org/2003/arcrole/summation-item" xlink:from="us-gaap_LongTermDebt" xlink:to="us-gaap_LongTermDebtMaturitiesRepaymentsOfPrincipalInNextTwelveMonths_634952181737686274" order="1" use="optional" weight="1" priority="2" />
    <loc xlink:type="locator" xlink:href="http://xbrl.fasb.org/us-gaap/2012/elts/us-gaap-2012-01-31.xsd#us-gaap_LongTermDebtMaturitiesRepaymentsOfPrincipalInYearTwo" xlink:label="us-gaap_LongTermDebtMaturitiesRepaymentsOfPrincipalInYearTwo_634952181737696274" />
    <calculationArc xlink:type="arc" xlink:arcrole="http://www.xbrl.org/2003/arcrole/summation-item" xlink:from="us-gaap_LongTermDebt" xlink:to="us-gaap_LongTermDebtMaturitiesRepaymentsOfPrincipalInYearTwo_634952181737696274" order="2" use="optional" weight="1" priority="2" />
    <loc xlink:type="locator" xlink:href="http://xbrl.fasb.org/us-gaap/2012/elts/us-gaap-2012-01-31.xsd#us-gaap_LongTermDebtMaturitiesRepaymentsOfPrincipalInYearThree" xlink:label="us-gaap_LongTermDebtMaturitiesRepaymentsOfPrincipalInYearThree_634952181737696274" />
    <calculationArc xlink:type="arc" xlink:arcrole="http://www.xbrl.org/2003/arcrole/summation-item" xlink:from="us-gaap_LongTermDebt" xlink:to="us-gaap_LongTermDebtMaturitiesRepaymentsOfPrincipalInYearThree_634952181737696274" order="3" use="optional" weight="1" priority="2" />
    <loc xlink:type="locator" xlink:href="http://xbrl.fasb.org/us-gaap/2012/elts/us-gaap-2012-01-31.xsd#us-gaap_LongTermDebtMaturitiesRepaymentsOfPrincipalInYearFour" xlink:label="us-gaap_LongTermDebtMaturitiesRepaymentsOfPrincipalInYearFour_634952181737696274" />
    <calculationArc xlink:type="arc" xlink:arcrole="http://www.xbrl.org/2003/arcrole/summation-item" xlink:from="us-gaap_LongTermDebt" xlink:to="us-gaap_LongTermDebtMaturitiesRepaymentsOfPrincipalInYearFour_634952181737696274" order="4" use="optional" weight="1" priority="2" />
    <loc xlink:type="locator" xlink:href="http://xbrl.fasb.org/us-gaap/2012/elts/us-gaap-2012-01-31.xsd#us-gaap_LongTermDebtMaturitiesRepaymentsOfPrincipalInYearFive" xlink:label="us-gaap_LongTermDebtMaturitiesRepaymentsOfPrincipalInYearFive_634952181737696274" />
    <calculationArc xlink:type="arc" xlink:arcrole="http://www.xbrl.org/2003/arcrole/summation-item" xlink:from="us-gaap_LongTermDebt" xlink:to="us-gaap_LongTermDebtMaturitiesRepaymentsOfPrincipalInYearFive_634952181737696274" order="5" use="optional" weight="1" priority="2" />
    <loc xlink:type="locator" xlink:href="http://xbrl.fasb.org/us-gaap/2012/elts/us-gaap-2012-01-31.xsd#us-gaap_LongTermDebtMaturitiesRepaymentsOfPrincipalAfterYearFive" xlink:label="us-gaap_LongTermDebtMaturitiesRepaymentsOfPrincipalAfterYearFive_634952181737696274" />
    <calculationArc xlink:type="arc" xlink:arcrole="http://www.xbrl.org/2003/arcrole/summation-item" xlink:from="us-gaap_LongTermDebt" xlink:to="us-gaap_LongTermDebtMaturitiesRepaymentsOfPrincipalAfterYearFive_634952181737696274" order="6" use="optional" weight="1" priority="2" />
  </calculationLink>
  <calculationLink xlink:role="http://www.energyxxi.com/role/DisclosureEarningsPerShareCalculationOfBasicAndDilutedEarningsPerShareDetails" xlink:type="extended" xlink:title="41502 - Disclosure - Earnings Per Share (Calculation Of Basic And Diluted Earnings Per Share) (Details)">
    <loc xlink:type="locator" xlink:href="http://xbrl.fasb.org/us-gaap/2012/elts/us-gaap-2012-01-31.xsd#us-gaap_WeightedAverageNumberOfDilutedSharesOutstanding" xlink:label="us-gaap_WeightedAverageNumberOfDilutedSharesOutstanding" />
    <loc xlink:type="locator" xlink:href="http://xbrl.fasb.org/us-gaap/2012/elts/us-gaap-2012-01-31.xsd#us-gaap_WeightedAverageNumberOfSharesOutstandingBasic" xlink:label="us-gaap_WeightedAverageNumberOfSharesOutstandingBasic_634952181737696274" />
    <calculationArc xlink:type="arc" xlink:arcrole="http://www.xbrl.org/2003/arcrole/summation-item" xlink:from="us-gaap_WeightedAverageNumberOfDilutedSharesOutstanding" xlink:to="us-gaap_WeightedAverageNumberOfSharesOutstandingBasic_634952181737696274" order="1" use="optional" weight="1" priority="2" />
    <loc xlink:type="locator" xlink:href="http://xbrl.fasb.org/us-gaap/2012/elts/us-gaap-2012-01-31.xsd#us-gaap_WeightedAverageNumberDilutedSharesOutstandingAdjustment" xlink:label="us-gaap_WeightedAverageNumberDilutedSharesOutstandingAdjustment_634952181737696274" />
    <calculationArc xlink:type="arc" xlink:arcrole="http://www.xbrl.org/2003/arcrole/summation-item" xlink:from="us-gaap_WeightedAverageNumberOfDilutedSharesOutstanding" xlink:to="us-gaap_WeightedAverageNumberDilutedSharesOutstandingAdjustment_634952181737696274" order="2" use="optional" weight="1" priority="2" />
  </calculationLink>
  <calculationLink xlink:role="http://www.energyxxi.com/role/DisclosureCommitmentsAndContingenciesFutureMinimumLeaseCommitmentsUnderOperatingLeaseDetails" xlink:type="extended" xlink:title="41602 - Disclosure - Commitments And Contingencies (Future Minimum Lease Commitments Under Operating Lease) (Details)">
    <loc xlink:type="locator" xlink:href="http://xbrl.fasb.org/us-gaap/2012/elts/us-gaap-2012-01-31.xsd#us-gaap_OperatingLeasesFutureMinimumPaymentsDue" xlink:label="us-gaap_OperatingLeasesFutureMinimumPaymentsDue" />
    <loc xlink:type="locator" xlink:href="http://xbrl.fasb.org/us-gaap/2012/elts/us-gaap-2012-01-31.xsd#us-gaap_OperatingLeasesFutureMinimumPaymentsDueCurrent" xlink:label="us-gaap_OperatingLeasesFutureMinimumPaymentsDueCurrent_634952181737696274" />
    <calculationArc xlink:type="arc" xlink:arcrole="http://www.xbrl.org/2003/arcrole/summation-item" xlink:from="us-gaap_OperatingLeasesFutureMinimumPaymentsDue" xlink:to="us-gaap_OperatingLeasesFutureMinimumPaymentsDueCurrent_634952181737696274" order="1" use="optional" weight="1" priority="2" />
    <loc xlink:type="locator" xlink:href="http://xbrl.fasb.org/us-gaap/2012/elts/us-gaap-2012-01-31.xsd#us-gaap_OperatingLeasesFutureMinimumPaymentsDueInTwoYears" xlink:label="us-gaap_OperatingLeasesFutureMinimumPaymentsDueInTwoYears_634952181737696274" />
    <calculationArc xlink:type="arc" xlink:arcrole="http://www.xbrl.org/2003/arcrole/summation-item" xlink:from="us-gaap_OperatingLeasesFutureMinimumPaymentsDue" xlink:to="us-gaap_OperatingLeasesFutureMinimumPaymentsDueInTwoYears_634952181737696274" order="2" use="optional" weight="1" priority="2" />
    <loc xlink:type="locator" xlink:href="http://xbrl.fasb.org/us-gaap/2012/elts/us-gaap-2012-01-31.xsd#us-gaap_OperatingLeasesFutureMinimumPaymentsDueInThreeYears" xlink:label="us-gaap_OperatingLeasesFutureMinimumPaymentsDueInThreeYears_634952181737696274" />
    <calculationArc xlink:type="arc" xlink:arcrole="http://www.xbrl.org/2003/arcrole/summation-item" xlink:from="us-gaap_OperatingLeasesFutureMinimumPaymentsDue" xlink:to="us-gaap_OperatingLeasesFutureMinimumPaymentsDueInThreeYears_634952181737696274" order="3" use="optional" weight="1" priority="2" />
    <loc xlink:type="locator" xlink:href="http://xbrl.fasb.org/us-gaap/2012/elts/us-gaap-2012-01-31.xsd#us-gaap_OperatingLeasesFutureMinimumPaymentsDueInFourYears" xlink:label="us-gaap_OperatingLeasesFutureMinimumPaymentsDueInFourYears_634952181737696274" />
    <calculationArc xlink:type="arc" xlink:arcrole="http://www.xbrl.org/2003/arcrole/summation-item" xlink:from="us-gaap_OperatingLeasesFutureMinimumPaymentsDue" xlink:to="us-gaap_OperatingLeasesFutureMinimumPaymentsDueInFourYears_634952181737696274" order="4" use="optional" weight="1" priority="2" />
    <loc xlink:type="locator" xlink:href="http://xbrl.fasb.org/us-gaap/2012/elts/us-gaap-2012-01-31.xsd#us-gaap_OperatingLeasesFutureMinimumPaymentsDueInFiveYears" xlink:label="us-gaap_OperatingLeasesFutureMinimumPaymentsDueInFiveYears_634952181737696274" />
    <calculationArc xlink:type="arc" xlink:arcrole="http://www.xbrl.org/2003/arcrole/summation-item" xlink:from="us-gaap_OperatingLeasesFutureMinimumPaymentsDue" xlink:to="us-gaap_OperatingLeasesFutureMinimumPaymentsDueInFiveYears_634952181737696274" order="5" use="optional" weight="1" priority="2" />
    <loc xlink:type="locator" xlink:href="http://xbrl.fasb.org/us-gaap/2012/elts/us-gaap-2012-01-31.xsd#us-gaap_OperatingLeasesFutureMinimumPaymentsDueThereafter" xlink:label="us-gaap_OperatingLeasesFutureMinimumPaymentsDueThereafter_634952181737696274" />
    <calculationArc xlink:type="arc" xlink:arcrole="http://www.xbrl.org/2003/arcrole/summation-item" xlink:from="us-gaap_OperatingLeasesFutureMinimumPaymentsDue" xlink:to="us-gaap_OperatingLeasesFutureMinimumPaymentsDueThereafter_634952181737696274" order="6" use="optional" weight="1" priority="2" />
  </calculationLink>
  <calculationLink xlink:role="http://www.energyxxi.com/role/DisclosurePrepaymentsAndAccruedLiabilitiesComponentsOfPrepaymentsAndAccruedLiabilitiesDetails" xlink:type="extended" xlink:title="41801 - Disclosure - Prepayments And Accrued Liabilities (Components of Prepayments And Accrued Liabilities) (Details)">
    <loc xlink:type="locator" xlink:href="http://xbrl.fasb.org/us-gaap/2012/elts/us-gaap-2012-01-31.xsd#us-gaap_AccruedLiabilitiesCurrent" xlink:label="us-gaap_AccruedLiabilitiesCurrent" />
    <loc xlink:type="locator" xlink:href="exxi-20121231.xsd#exxi_AdvancesFromJointInterestPartners" xlink:label="exxi_AdvancesFromJointInterestPartners_634952181737696274" />
    <calculationArc xlink:type="arc" xlink:arcrole="http://www.xbrl.org/2003/arcrole/summation-item" xlink:from="us-gaap_AccruedLiabilitiesCurrent" xlink:to="exxi_AdvancesFromJointInterestPartners_634952181737696274" order="1" use="optional" weight="1" priority="2" />
    <loc xlink:type="locator" xlink:href="http://xbrl.fasb.org/us-gaap/2012/elts/us-gaap-2012-01-31.xsd#us-gaap_EmployeeRelatedLiabilitiesCurrent" xlink:label="us-gaap_EmployeeRelatedLiabilitiesCurrent_634952181737696274" />
    <calculationArc xlink:type="arc" xlink:arcrole="http://www.xbrl.org/2003/arcrole/summation-item" xlink:from="us-gaap_AccruedLiabilitiesCurrent" xlink:to="us-gaap_EmployeeRelatedLiabilitiesCurrent_634952181737696274" order="2" use="optional" weight="1" priority="2" />
    <loc xlink:type="locator" xlink:href="http://xbrl.fasb.org/us-gaap/2012/elts/us-gaap-2012-01-31.xsd#us-gaap_InterestAndDividendsPayableCurrent" xlink:label="us-gaap_InterestAndDividendsPayableCurrent_634952181737696274" />
    <calculationArc xlink:type="arc" xlink:arcrole="http://www.xbrl.org/2003/arcrole/summation-item" xlink:from="us-gaap_AccruedLiabilitiesCurrent" xlink:to="us-gaap_InterestAndDividendsPayableCurrent_634952181737696274" order="3" use="optional" weight="1" priority="2" />
    <loc xlink:type="locator" xlink:href="exxi-20121231.xsd#exxi_AccruedDerivativesCurrent" xlink:label="exxi_AccruedDerivativesCurrent_634952181737706274" />
    <calculationArc xlink:type="arc" xlink:arcrole="http://www.xbrl.org/2003/arcrole/summation-item" xlink:from="us-gaap_AccruedLiabilitiesCurrent" xlink:to="exxi_AccruedDerivativesCurrent_634952181737706274" order="4" use="optional" weight="1" priority="2" />
    <loc xlink:type="locator" xlink:href="exxi-20121231.xsd#exxi_AccruedUndistributedOilAndGasProceedsCurrent" xlink:label="exxi_AccruedUndistributedOilAndGasProceedsCurrent_634952181737706274" />
    <calculationArc xlink:type="arc" xlink:arcrole="http://www.xbrl.org/2003/arcrole/summation-item" xlink:from="us-gaap_AccruedLiabilitiesCurrent" xlink:to="exxi_AccruedUndistributedOilAndGasProceedsCurrent_634952181737706274" order="5" use="optional" weight="1" priority="2" />
    <loc xlink:type="locator" xlink:href="http://xbrl.fasb.org/us-gaap/2012/elts/us-gaap-2012-01-31.xsd#us-gaap_OtherLiabilitiesCurrent" xlink:label="us-gaap_OtherLiabilitiesCurrent_634952181737706274" />
    <calculationArc xlink:type="arc" xlink:arcrole="http://www.xbrl.org/2003/arcrole/summation-item" xlink:from="us-gaap_AccruedLiabilitiesCurrent" xlink:to="us-gaap_OtherLiabilitiesCurrent_634952181737706274" order="6" use="optional" weight="1" priority="2" />
    <loc xlink:type="locator" xlink:href="http://xbrl.fasb.org/us-gaap/2012/elts/us-gaap-2012-01-31.xsd#us-gaap_PrepaidExpenseAndOtherAssetsCurrent" xlink:label="us-gaap_PrepaidExpenseAndOtherAssetsCurrent" />
    <loc xlink:type="locator" xlink:href="exxi-20121231.xsd#exxi_AdvancesToJointInterestPartners" xlink:label="exxi_AdvancesToJointInterestPartners_634952181737706274" />
    <calculationArc xlink:type="arc" xlink:arcrole="http://www.xbrl.org/2003/arcrole/summation-item" xlink:from="us-gaap_PrepaidExpenseAndOtherAssetsCurrent" xlink:to="exxi_AdvancesToJointInterestPartners_634952181737706274" order="1" use="optional" weight="1" priority="2" />
    <loc xlink:type="locator" xlink:href="http://xbrl.fasb.org/us-gaap/2012/elts/us-gaap-2012-01-31.xsd#us-gaap_PrepaidInsurance" xlink:label="us-gaap_PrepaidInsurance_634952181737706274" />
    <calculationArc xlink:type="arc" xlink:arcrole="http://www.xbrl.org/2003/arcrole/summation-item" xlink:from="us-gaap_PrepaidExpenseAndOtherAssetsCurrent" xlink:to="us-gaap_PrepaidInsurance_634952181737706274" order="2" use="optional" weight="1" priority="2" />
    <loc xlink:type="locator" xlink:href="http://xbrl.fasb.org/us-gaap/2012/elts/us-gaap-2012-01-31.xsd#us-gaap_InventoryNet" xlink:label="us-gaap_InventoryNet_634952181737706274" />
    <calculationArc xlink:type="arc" xlink:arcrole="http://www.xbrl.org/2003/arcrole/summation-item" xlink:from="us-gaap_PrepaidExpenseAndOtherAssetsCurrent" xlink:to="us-gaap_InventoryNet_634952181737706274" order="3" use="optional" weight="1" priority="2" />
    <loc xlink:type="locator" xlink:href="http://xbrl.fasb.org/us-gaap/2012/elts/us-gaap-2012-01-31.xsd#us-gaap_PrepaidRoyalties" xlink:label="us-gaap_PrepaidRoyalties_634952181737706274" />
    <calculationArc xlink:type="arc" xlink:arcrole="http://www.xbrl.org/2003/arcrole/summation-item" xlink:from="us-gaap_PrepaidExpenseAndOtherAssetsCurrent" xlink:to="us-gaap_PrepaidRoyalties_634952181737706274" order="4" use="optional" weight="1" priority="2" />
    <loc xlink:type="locator" xlink:href="http://xbrl.fasb.org/us-gaap/2012/elts/us-gaap-2012-01-31.xsd#us-gaap_ShortTermInvestments" xlink:label="us-gaap_ShortTermInvestments_634952181737706274" />
    <calculationArc xlink:type="arc" xlink:arcrole="http://www.xbrl.org/2003/arcrole/summation-item" xlink:from="us-gaap_PrepaidExpenseAndOtherAssetsCurrent" xlink:to="us-gaap_ShortTermInvestments_634952181737706274" order="5" use="optional" weight="1" priority="2" />
    <loc xlink:type="locator" xlink:href="http://xbrl.fasb.org/us-gaap/2012/elts/us-gaap-2012-01-31.xsd#us-gaap_OtherPrepaidExpenseCurrent" xlink:label="us-gaap_OtherPrepaidExpenseCurrent_634952181737706274" />
    <calculationArc xlink:type="arc" xlink:arcrole="http://www.xbrl.org/2003/arcrole/summation-item" xlink:from="us-gaap_PrepaidExpenseAndOtherAssetsCurrent" xlink:to="us-gaap_OtherPrepaidExpenseCurrent_634952181737706274" order="6" use="optional" weight="1" priority="2" />
  </calculationLink>
</linkbase>
