<?xml version="1.0" encoding="US-ASCII" standalone="no"?>
    <!-- Field: Doc-Info; Name: Generator; Value: GoFiler Complete; Version: 3.4b -->
    <!-- Field: Doc-Info; Name: VendorURI; Value: http://www.novaworks.co -->
    <!-- Field: Doc-Info; Name: Source; Value: AFHACQIX%2D20121031 10K FY.xfr; Date: 2013/01/24T23:50:10 -->
    <!-- Field: Doc-Info; Name: Status; Value: 0x80000000 -->
<link:linkbase xmlns:xsi="http://www.w3.org/2001/XMLSchema-instance" xmlns:xlink="http://www.w3.org/1999/xlink" xmlns:link="http://www.xbrl.org/2003/linkbase" xmlns:xbrli="http://www.xbrl.org/2003/instance" xsi:schemaLocation="http://www.xbrl.org/2003/linkbase http://www.xbrl.org/2003/xbrl-linkbase-2003-12-31.xsd">
    <link:roleRef roleURI="http://AFHACQIX/role/DocumentAndEntityInformation" xlink:href="afhacqix-20121031.xsd#DocumentAndEntityInformation" xlink:type="simple" />
    <link:roleRef roleURI="http://AFHACQIX/role/BalanceSheets" xlink:href="afhacqix-20121031.xsd#BalanceSheets" xlink:type="simple" />
    <link:roleRef roleURI="http://AFHACQIX/role/BalanceSheetsParenthetical" xlink:href="afhacqix-20121031.xsd#BalanceSheetsParenthetical" xlink:type="simple" />
    <link:roleRef roleURI="http://AFHACQIX/role/StatementsOfChangesInStockholdersDeficit" xlink:href="afhacqix-20121031.xsd#StatementsOfChangesInStockholdersDeficit" xlink:type="simple" />
    <link:roleRef roleURI="http://AFHACQIX/role/StatementsOfOperations" xlink:href="afhacqix-20121031.xsd#StatementsOfOperations" xlink:type="simple" />
    <link:roleRef roleURI="http://AFHACQIX/role/StatementOfCashFlows" xlink:href="afhacqix-20121031.xsd#StatementOfCashFlows" xlink:type="simple" />
    <link:roleRef roleURI="http://AFHACQIX/role/Company" xlink:href="afhacqix-20121031.xsd#Company" xlink:type="simple" />
    <link:roleRef roleURI="http://AFHACQIX/role/SummaryOfSignificantAccountingPolicies" xlink:href="afhacqix-20121031.xsd#SummaryOfSignificantAccountingPolicies" xlink:type="simple" />
    <link:roleRef roleURI="http://AFHACQIX/role/EquitySecurities" xlink:href="afhacqix-20121031.xsd#EquitySecurities" xlink:type="simple" />
    <link:roleRef roleURI="http://AFHACQIX/role/GoingConcern" xlink:href="afhacqix-20121031.xsd#GoingConcern" xlink:type="simple" />
    <link:roleRef roleURI="http://AFHACQIX/role/DueToParent" xlink:href="afhacqix-20121031.xsd#DueToParent" xlink:type="simple" />
    <link:roleRef roleURI="http://AFHACQIX/role/SummaryOfSignificantAccountingPoliciesPolicies" xlink:href="afhacqix-20121031.xsd#SummaryOfSignificantAccountingPoliciesPolicies" xlink:type="simple" />
    <link:roleRef roleURI="http://AFHACQIX/role/GoingConcernDetailsNarrative" xlink:href="afhacqix-20121031.xsd#GoingConcernDetailsNarrative" xlink:type="simple" />
    <link:presentationLink xlink:type="extended" xlink:role="http://AFHACQIX/role/DocumentAndEntityInformation" xlink:title="0001 - Document - Document and Entity Information">
      <link:loc xlink:type="locator" xlink:href="afhacqix-20121031.xsd#AFHACQIX_DocumentAndEntityInformationAbstract" xlink:label="loc_AFHACQIXDocumentAndEntityInformationAbstract" />
      <link:loc xlink:type="locator" xlink:href="http://xbrl.sec.gov/dei/2012/dei-2012-01-31.xsd#dei_EntityRegistrantName" xlink:label="loc_AFHACQIXEntityRegistrantName" />
      <link:presentationArc order="0" xlink:arcrole="http://www.xbrl.org/2003/arcrole/parent-child" xlink:from="loc_AFHACQIXDocumentAndEntityInformationAbstract" xlink:to="loc_AFHACQIXEntityRegistrantName" xlink:type="arc" />
      <link:loc xlink:type="locator" xlink:href="http://xbrl.sec.gov/dei/2012/dei-2012-01-31.xsd#dei_EntityCentralIndexKey" xlink:label="loc_AFHACQIXEntityCentralIndexKey" />
      <link:presentationArc order="10" xlink:arcrole="http://www.xbrl.org/2003/arcrole/parent-child" xlink:from="loc_AFHACQIXDocumentAndEntityInformationAbstract" xlink:to="loc_AFHACQIXEntityCentralIndexKey" xlink:type="arc" />
      <link:loc xlink:type="locator" xlink:href="http://xbrl.sec.gov/dei/2012/dei-2012-01-31.xsd#dei_DocumentType" xlink:label="loc_AFHACQIXDocumentType" />
      <link:presentationArc order="20" xlink:arcrole="http://www.xbrl.org/2003/arcrole/parent-child" xlink:from="loc_AFHACQIXDocumentAndEntityInformationAbstract" xlink:to="loc_AFHACQIXDocumentType" xlink:type="arc" />
      <link:loc xlink:type="locator" xlink:href="http://xbrl.sec.gov/dei/2012/dei-2012-01-31.xsd#dei_DocumentPeriodEndDate" xlink:label="loc_AFHACQIXDocumentPeriodEndDate" />
      <link:presentationArc order="30" xlink:arcrole="http://www.xbrl.org/2003/arcrole/parent-child" xlink:from="loc_AFHACQIXDocumentAndEntityInformationAbstract" xlink:to="loc_AFHACQIXDocumentPeriodEndDate" xlink:type="arc" />
      <link:loc xlink:type="locator" xlink:href="http://xbrl.sec.gov/dei/2012/dei-2012-01-31.xsd#dei_AmendmentFlag" xlink:label="loc_AFHACQIXAmendmentFlag" />
      <link:presentationArc order="40" xlink:arcrole="http://www.xbrl.org/2003/arcrole/parent-child" xlink:from="loc_AFHACQIXDocumentAndEntityInformationAbstract" xlink:to="loc_AFHACQIXAmendmentFlag" xlink:type="arc" />
      <link:loc xlink:type="locator" xlink:href="http://xbrl.sec.gov/dei/2012/dei-2012-01-31.xsd#dei_CurrentFiscalYearEndDate" xlink:label="loc_AFHACQIXCurrentFiscalYearEndDate" />
      <link:presentationArc order="50" xlink:arcrole="http://www.xbrl.org/2003/arcrole/parent-child" xlink:from="loc_AFHACQIXDocumentAndEntityInformationAbstract" xlink:to="loc_AFHACQIXCurrentFiscalYearEndDate" xlink:type="arc" />
      <link:loc xlink:type="locator" xlink:href="http://xbrl.sec.gov/dei/2012/dei-2012-01-31.xsd#dei_EntityWellKnownSeasonedIssuer" xlink:label="loc_AFHACQIXEntityWellKnownSeasonedIssuer" />
      <link:presentationArc order="60" xlink:arcrole="http://www.xbrl.org/2003/arcrole/parent-child" xlink:from="loc_AFHACQIXDocumentAndEntityInformationAbstract" xlink:to="loc_AFHACQIXEntityWellKnownSeasonedIssuer" xlink:type="arc" />
      <link:loc xlink:type="locator" xlink:href="http://xbrl.sec.gov/dei/2012/dei-2012-01-31.xsd#dei_EntityVoluntaryFilers" xlink:label="loc_AFHACQIXEntityVoluntaryFilers" />
      <link:presentationArc order="70" xlink:arcrole="http://www.xbrl.org/2003/arcrole/parent-child" xlink:from="loc_AFHACQIXDocumentAndEntityInformationAbstract" xlink:to="loc_AFHACQIXEntityVoluntaryFilers" xlink:type="arc" />
      <link:loc xlink:type="locator" xlink:href="http://xbrl.sec.gov/dei/2012/dei-2012-01-31.xsd#dei_EntityCurrentReportingStatus" xlink:label="loc_AFHACQIXEntityCurrentReportingStatus" />
      <link:presentationArc order="80" xlink:arcrole="http://www.xbrl.org/2003/arcrole/parent-child" xlink:from="loc_AFHACQIXDocumentAndEntityInformationAbstract" xlink:to="loc_AFHACQIXEntityCurrentReportingStatus" xlink:type="arc" />
      <link:loc xlink:type="locator" xlink:href="http://xbrl.sec.gov/dei/2012/dei-2012-01-31.xsd#dei_EntityFilerCategory" xlink:label="loc_AFHACQIXEntityFilerCategory" />
      <link:presentationArc order="90" xlink:arcrole="http://www.xbrl.org/2003/arcrole/parent-child" xlink:from="loc_AFHACQIXDocumentAndEntityInformationAbstract" xlink:to="loc_AFHACQIXEntityFilerCategory" xlink:type="arc" />
      <link:loc xlink:type="locator" xlink:href="http://xbrl.sec.gov/dei/2012/dei-2012-01-31.xsd#dei_EntityPublicFloat" xlink:label="loc_AFHACQIXEntityPublicFloat" />
      <link:presentationArc order="100" xlink:arcrole="http://www.xbrl.org/2003/arcrole/parent-child" xlink:from="loc_AFHACQIXDocumentAndEntityInformationAbstract" xlink:to="loc_AFHACQIXEntityPublicFloat" xlink:type="arc" />
      <link:loc xlink:type="locator" xlink:href="http://xbrl.sec.gov/dei/2012/dei-2012-01-31.xsd#dei_EntityCommonStockSharesOutstanding" xlink:label="loc_AFHACQIXEntityCommonStockSharesOutstanding" />
      <link:presentationArc order="110" xlink:arcrole="http://www.xbrl.org/2003/arcrole/parent-child" xlink:from="loc_AFHACQIXDocumentAndEntityInformationAbstract" xlink:to="loc_AFHACQIXEntityCommonStockSharesOutstanding" xlink:type="arc" />
      <link:loc xlink:type="locator" xlink:href="http://xbrl.sec.gov/dei/2012/dei-2012-01-31.xsd#dei_DocumentFiscalPeriodFocus" xlink:label="loc_AFHACQIXDocumentFiscalPeriodFocus" />
      <link:presentationArc order="120" xlink:arcrole="http://www.xbrl.org/2003/arcrole/parent-child" xlink:from="loc_AFHACQIXDocumentAndEntityInformationAbstract" xlink:to="loc_AFHACQIXDocumentFiscalPeriodFocus" xlink:type="arc" />
      <link:loc xlink:type="locator" xlink:href="http://xbrl.sec.gov/dei/2012/dei-2012-01-31.xsd#dei_DocumentFiscalYearFocus" xlink:label="loc_AFHACQIXDocumentFiscalYearFocus" />
      <link:presentationArc order="130" xlink:arcrole="http://www.xbrl.org/2003/arcrole/parent-child" xlink:from="loc_AFHACQIXDocumentAndEntityInformationAbstract" xlink:to="loc_AFHACQIXDocumentFiscalYearFocus" xlink:type="arc" />
    </link:presentationLink>
    <link:presentationLink xlink:type="extended" xlink:role="http://AFHACQIX/role/BalanceSheets" xlink:title="0002 - Statement - Balance Sheets">
      <link:loc xlink:type="locator" xlink:href="http://xbrl.fasb.org/us-gaap/2012/elts/us-gaap-2012-01-31.xsd#us-gaap_StatementOfFinancialPositionAbstract" xlink:label="loc_AFHACQIXStatementOfFinancialPositionAbstract" />
      <link:loc xlink:type="locator" xlink:href="http://xbrl.fasb.org/us-gaap/2012/elts/us-gaap-2012-01-31.xsd#us-gaap_AssetsAbstract" xlink:label="loc_AFHACQIXAssetsAbstract" />
      <link:presentationArc order="0" xlink:arcrole="http://www.xbrl.org/2003/arcrole/parent-child" xlink:from="loc_AFHACQIXStatementOfFinancialPositionAbstract" xlink:to="loc_AFHACQIXAssetsAbstract" xlink:type="arc" />
      <link:loc xlink:type="locator" xlink:href="http://xbrl.fasb.org/us-gaap/2012/elts/us-gaap-2012-01-31.xsd#us-gaap_CashAndCashEquivalentsAtCarryingValue" xlink:label="loc_AFHACQIXCashAndCashEquivalentsAtCarryingValue" />
      <link:presentationArc order="10" xlink:arcrole="http://www.xbrl.org/2003/arcrole/parent-child" xlink:from="loc_AFHACQIXAssetsAbstract" xlink:to="loc_AFHACQIXCashAndCashEquivalentsAtCarryingValue" xlink:type="arc" />
      <link:loc xlink:type="locator" xlink:href="http://xbrl.fasb.org/us-gaap/2012/elts/us-gaap-2012-01-31.xsd#us-gaap_Assets" xlink:label="loc_AFHACQIXAssets" />
      <link:presentationArc order="20" xlink:arcrole="http://www.xbrl.org/2003/arcrole/parent-child" xlink:from="loc_AFHACQIXAssetsAbstract" xlink:to="loc_AFHACQIXAssets" xlink:type="arc" preferredLabel="http://www.xbrl.org/2003/role/totalLabel" />
      <link:loc xlink:type="locator" xlink:href="http://xbrl.fasb.org/us-gaap/2012/elts/us-gaap-2012-01-31.xsd#us-gaap_LiabilitiesAndStockholdersEquityAbstract" xlink:label="loc_AFHACQIXLiabilitiesAndStockholdersEquityAbstract" />
      <link:presentationArc order="40" xlink:arcrole="http://www.xbrl.org/2003/arcrole/parent-child" xlink:from="loc_AFHACQIXStatementOfFinancialPositionAbstract" xlink:to="loc_AFHACQIXLiabilitiesAndStockholdersEquityAbstract" xlink:type="arc" />
      <link:loc xlink:type="locator" xlink:href="http://xbrl.fasb.org/us-gaap/2012/elts/us-gaap-2012-01-31.xsd#us-gaap_LiabilitiesAbstract" xlink:label="loc_AFHACQIXLiabilitiesAbstract" />
      <link:presentationArc order="60" xlink:arcrole="http://www.xbrl.org/2003/arcrole/parent-child" xlink:from="loc_AFHACQIXStatementOfFinancialPositionAbstract" xlink:to="loc_AFHACQIXLiabilitiesAbstract" xlink:type="arc" />
      <link:loc xlink:type="locator" xlink:href="http://xbrl.fasb.org/us-gaap/2012/elts/us-gaap-2012-01-31.xsd#us-gaap_AccruedLiabilitiesCurrentAndNoncurrent" xlink:label="loc_AFHACQIXAccruedLiabilitiesCurrentAndNoncurrent" />
      <link:presentationArc order="70" xlink:arcrole="http://www.xbrl.org/2003/arcrole/parent-child" xlink:from="loc_AFHACQIXLiabilitiesAbstract" xlink:to="loc_AFHACQIXAccruedLiabilitiesCurrentAndNoncurrent" xlink:type="arc" />
      <link:loc xlink:type="locator" xlink:href="http://xbrl.fasb.org/us-gaap/2012/elts/us-gaap-2012-01-31.xsd#us-gaap_DueToRelatedPartiesCurrentAndNoncurrent" xlink:label="loc_AFHACQIXDueToRelatedPartiesCurrentAndNoncurrent" />
      <link:presentationArc order="80" xlink:arcrole="http://www.xbrl.org/2003/arcrole/parent-child" xlink:from="loc_AFHACQIXLiabilitiesAbstract" xlink:to="loc_AFHACQIXDueToRelatedPartiesCurrentAndNoncurrent" xlink:type="arc" />
      <link:loc xlink:type="locator" xlink:href="http://xbrl.fasb.org/us-gaap/2012/elts/us-gaap-2012-01-31.xsd#us-gaap_Liabilities" xlink:label="loc_AFHACQIXLiabilities" />
      <link:presentationArc order="90" xlink:arcrole="http://www.xbrl.org/2003/arcrole/parent-child" xlink:from="loc_AFHACQIXLiabilitiesAbstract" xlink:to="loc_AFHACQIXLiabilities" xlink:type="arc" preferredLabel="http://www.xbrl.org/2003/role/totalLabel" />
      <link:loc xlink:type="locator" xlink:href="http://xbrl.fasb.org/us-gaap/2012/elts/us-gaap-2012-01-31.xsd#us-gaap_StockholdersEquityAbstract" xlink:label="loc_AFHACQIXStockholdersEquityAbstract" />
      <link:presentationArc order="110" xlink:arcrole="http://www.xbrl.org/2003/arcrole/parent-child" xlink:from="loc_AFHACQIXStatementOfFinancialPositionAbstract" xlink:to="loc_AFHACQIXStockholdersEquityAbstract" xlink:type="arc" />
      <link:loc xlink:type="locator" xlink:href="http://xbrl.fasb.org/us-gaap/2012/elts/us-gaap-2012-01-31.xsd#us-gaap_PreferredStockValue" xlink:label="loc_AFHACQIXPreferredStockValue" />
      <link:presentationArc order="120" xlink:arcrole="http://www.xbrl.org/2003/arcrole/parent-child" xlink:from="loc_AFHACQIXStockholdersEquityAbstract" xlink:to="loc_AFHACQIXPreferredStockValue" xlink:type="arc" />
      <link:loc xlink:type="locator" xlink:href="http://xbrl.fasb.org/us-gaap/2012/elts/us-gaap-2012-01-31.xsd#us-gaap_CommonStockValue" xlink:label="loc_AFHACQIXCommonStockValue" />
      <link:presentationArc order="130" xlink:arcrole="http://www.xbrl.org/2003/arcrole/parent-child" xlink:from="loc_AFHACQIXStockholdersEquityAbstract" xlink:to="loc_AFHACQIXCommonStockValue" xlink:type="arc" />
      <link:loc xlink:type="locator" xlink:href="http://xbrl.fasb.org/us-gaap/2012/elts/us-gaap-2012-01-31.xsd#us-gaap_AdditionalPaidInCapital" xlink:label="loc_AFHACQIXAdditionalPaidInCapital" />
      <link:presentationArc order="140" xlink:arcrole="http://www.xbrl.org/2003/arcrole/parent-child" xlink:from="loc_AFHACQIXStockholdersEquityAbstract" xlink:to="loc_AFHACQIXAdditionalPaidInCapital" xlink:type="arc" />
      <link:loc xlink:type="locator" xlink:href="http://xbrl.fasb.org/us-gaap/2012/elts/us-gaap-2012-01-31.xsd#us-gaap_DevelopmentStageEnterpriseDeficitAccumulatedDuringDevelopmentStage" xlink:label="loc_AFHACQIXDevelopmentStageEnterpriseDeficitAccumulatedDuringDevelopmentStage" />
      <link:presentationArc order="150" xlink:arcrole="http://www.xbrl.org/2003/arcrole/parent-child" xlink:from="loc_AFHACQIXStockholdersEquityAbstract" xlink:to="loc_AFHACQIXDevelopmentStageEnterpriseDeficitAccumulatedDuringDevelopmentStage" xlink:type="arc" preferredLabel="http://www.xbrl.org/2009/role/negatedLabel" />
      <link:loc xlink:type="locator" xlink:href="http://xbrl.fasb.org/us-gaap/2012/elts/us-gaap-2012-01-31.xsd#us-gaap_StockholdersEquity" xlink:label="loc_AFHACQIXStockholdersEquity" />
      <link:presentationArc order="160" xlink:arcrole="http://www.xbrl.org/2003/arcrole/parent-child" xlink:from="loc_AFHACQIXStockholdersEquityAbstract" xlink:to="loc_AFHACQIXStockholdersEquity" xlink:type="arc" preferredLabel="http://www.xbrl.org/2003/role/totalLabel" />
      <link:loc xlink:type="locator" xlink:href="http://xbrl.fasb.org/us-gaap/2012/elts/us-gaap-2012-01-31.xsd#us-gaap_LiabilitiesAndStockholdersEquity" xlink:label="loc_AFHACQIXLiabilitiesAndStockholdersEquity" />
      <link:presentationArc order="170" xlink:arcrole="http://www.xbrl.org/2003/arcrole/parent-child" xlink:from="loc_AFHACQIXStockholdersEquityAbstract" xlink:to="loc_AFHACQIXLiabilitiesAndStockholdersEquity" xlink:type="arc" preferredLabel="http://www.xbrl.org/2003/role/totalLabel" />
    </link:presentationLink>
    <link:presentationLink xlink:type="extended" xlink:role="http://AFHACQIX/role/BalanceSheetsParenthetical" xlink:title="0003 - Statement - Balance Sheets (Parenthetical)">
      <link:loc xlink:type="locator" xlink:href="http://xbrl.fasb.org/us-gaap/2012/elts/us-gaap-2012-01-31.xsd#us-gaap_StatementOfFinancialPositionAbstract" xlink:label="loc_AFHACQIXStatementOfFinancialPositionAbstract" />
      <link:loc xlink:type="locator" xlink:href="http://xbrl.fasb.org/us-gaap/2012/elts/us-gaap-2012-01-31.xsd#us-gaap_PreferredStockParOrStatedValuePerShare" xlink:label="loc_AFHACQIXPreferredStockParOrStatedValuePerShare" />
      <link:presentationArc order="0" xlink:arcrole="http://www.xbrl.org/2003/arcrole/parent-child" xlink:from="loc_AFHACQIXStatementOfFinancialPositionAbstract" xlink:to="loc_AFHACQIXPreferredStockParOrStatedValuePerShare" xlink:type="arc" />
      <link:loc xlink:type="locator" xlink:href="http://xbrl.fasb.org/us-gaap/2012/elts/us-gaap-2012-01-31.xsd#us-gaap_PreferredStockSharesAuthorized" xlink:label="loc_AFHACQIXPreferredStockSharesAuthorized" />
      <link:presentationArc order="10" xlink:arcrole="http://www.xbrl.org/2003/arcrole/parent-child" xlink:from="loc_AFHACQIXStatementOfFinancialPositionAbstract" xlink:to="loc_AFHACQIXPreferredStockSharesAuthorized" xlink:type="arc" />
      <link:loc xlink:type="locator" xlink:href="http://xbrl.fasb.org/us-gaap/2012/elts/us-gaap-2012-01-31.xsd#us-gaap_PreferredStockSharesIssued" xlink:label="loc_AFHACQIXPreferredStockSharesIssued" />
      <link:presentationArc order="20" xlink:arcrole="http://www.xbrl.org/2003/arcrole/parent-child" xlink:from="loc_AFHACQIXStatementOfFinancialPositionAbstract" xlink:to="loc_AFHACQIXPreferredStockSharesIssued" xlink:type="arc" />
      <link:loc xlink:type="locator" xlink:href="http://xbrl.fasb.org/us-gaap/2012/elts/us-gaap-2012-01-31.xsd#us-gaap_PreferredStockSharesOutstanding" xlink:label="loc_AFHACQIXPreferredStockSharesOutstanding" />
      <link:presentationArc order="30" xlink:arcrole="http://www.xbrl.org/2003/arcrole/parent-child" xlink:from="loc_AFHACQIXStatementOfFinancialPositionAbstract" xlink:to="loc_AFHACQIXPreferredStockSharesOutstanding" xlink:type="arc" />
      <link:loc xlink:type="locator" xlink:href="http://xbrl.fasb.org/us-gaap/2012/elts/us-gaap-2012-01-31.xsd#us-gaap_CommonStockParOrStatedValuePerShare" xlink:label="loc_AFHACQIXCommonStockParOrStatedValuePerShare" />
      <link:presentationArc order="40" xlink:arcrole="http://www.xbrl.org/2003/arcrole/parent-child" xlink:from="loc_AFHACQIXStatementOfFinancialPositionAbstract" xlink:to="loc_AFHACQIXCommonStockParOrStatedValuePerShare" xlink:type="arc" />
      <link:loc xlink:type="locator" xlink:href="http://xbrl.fasb.org/us-gaap/2012/elts/us-gaap-2012-01-31.xsd#us-gaap_CommonStockSharesAuthorized" xlink:label="loc_AFHACQIXCommonStockSharesAuthorized" />
      <link:presentationArc order="50" xlink:arcrole="http://www.xbrl.org/2003/arcrole/parent-child" xlink:from="loc_AFHACQIXStatementOfFinancialPositionAbstract" xlink:to="loc_AFHACQIXCommonStockSharesAuthorized" xlink:type="arc" />
      <link:loc xlink:type="locator" xlink:href="http://xbrl.fasb.org/us-gaap/2012/elts/us-gaap-2012-01-31.xsd#us-gaap_CommonStockSharesIssued" xlink:label="loc_AFHACQIXCommonStockSharesIssued" />
      <link:presentationArc order="60" xlink:arcrole="http://www.xbrl.org/2003/arcrole/parent-child" xlink:from="loc_AFHACQIXStatementOfFinancialPositionAbstract" xlink:to="loc_AFHACQIXCommonStockSharesIssued" xlink:type="arc" />
      <link:loc xlink:type="locator" xlink:href="http://xbrl.fasb.org/us-gaap/2012/elts/us-gaap-2012-01-31.xsd#us-gaap_CommonStockSharesOutstanding" xlink:label="loc_AFHACQIXCommonStockSharesOutstanding" />
      <link:presentationArc order="70" xlink:arcrole="http://www.xbrl.org/2003/arcrole/parent-child" xlink:from="loc_AFHACQIXStatementOfFinancialPositionAbstract" xlink:to="loc_AFHACQIXCommonStockSharesOutstanding" xlink:type="arc" />
    </link:presentationLink>
    <link:presentationLink xlink:type="extended" xlink:role="http://AFHACQIX/role/StatementsOfChangesInStockholdersDeficit" xlink:title="0004 - Statement - Statements of Changes in Stockholder's Deficit">
      <link:loc xlink:type="locator" xlink:href="http://xbrl.fasb.org/us-gaap/2012/elts/us-gaap-2012-01-31.xsd#us-gaap_StatementOfStockholdersEquityAbstract" xlink:label="loc_AFHACQIXStatementOfStockholdersEquityAbstract" />
      <link:loc xlink:type="locator" xlink:href="http://xbrl.fasb.org/us-gaap/2012/elts/us-gaap-2012-01-31.xsd#us-gaap_StatementTable" xlink:label="loc_AFHACQIXStatementTable" />
      <link:presentationArc xlink:type="arc" xlink:arcrole="http://www.xbrl.org/2003/arcrole/parent-child" xlink:from="loc_AFHACQIXStatementOfStockholdersEquityAbstract" xlink:to="loc_AFHACQIXStatementTable" order="100" />
      <link:loc xlink:type="locator" xlink:href="http://xbrl.fasb.org/us-gaap/2012/elts/us-gaap-2012-01-31.xsd#us-gaap_StatementLineItems" xlink:label="loc_AFHACQIXStatementLineItems" />
      <link:presentationArc xlink:type="arc" xlink:arcrole="http://www.xbrl.org/2003/arcrole/parent-child" xlink:from="loc_AFHACQIXStatementTable" xlink:to="loc_AFHACQIXStatementLineItems" order="200" />
      <link:loc xlink:type="locator" xlink:href="http://xbrl.fasb.org/us-gaap/2012/elts/us-gaap-2012-01-31.xsd#us-gaap_StatementEquityComponentsAxis" xlink:label="loc_AFHACQIXStatementEquityComponentsAxis" />
      <link:presentationArc xlink:type="arc" xlink:arcrole="http://www.xbrl.org/2003/arcrole/parent-child" xlink:from="loc_AFHACQIXStatementTable" xlink:to="loc_AFHACQIXStatementEquityComponentsAxis" order="10" />
      <link:loc xlink:type="locator" xlink:href="http://xbrl.fasb.org/us-gaap/2012/elts/us-gaap-2012-01-31.xsd#us-gaap_EquityComponentDomain" xlink:label="loc_AFHACQIXEquityComponentDomain" />
      <link:presentationArc xlink:type="arc" xlink:arcrole="http://www.xbrl.org/2003/arcrole/parent-child" xlink:from="loc_AFHACQIXStatementEquityComponentsAxis" xlink:to="loc_AFHACQIXEquityComponentDomain" order="410" />
      <link:loc xlink:type="locator" xlink:href="http://xbrl.fasb.org/us-gaap/2012/elts/us-gaap-2012-01-31.xsd#us-gaap_CommonStockMember" xlink:label="loc_AFHACQIXCommonStockMember" />
      <link:presentationArc xlink:type="arc" xlink:arcrole="http://www.xbrl.org/2003/arcrole/parent-child" xlink:from="loc_AFHACQIXStatementEquityComponentsAxis" xlink:to="loc_AFHACQIXCommonStockMember" order="10" />
      <link:loc xlink:type="locator" xlink:href="http://xbrl.fasb.org/us-gaap/2012/elts/us-gaap-2012-01-31.xsd#us-gaap_AdditionalPaidInCapitalMember" xlink:label="loc_AFHACQIXAdditionalPaidInCapitalMember" />
      <link:presentationArc xlink:type="arc" xlink:arcrole="http://www.xbrl.org/2003/arcrole/parent-child" xlink:from="loc_AFHACQIXStatementEquityComponentsAxis" xlink:to="loc_AFHACQIXAdditionalPaidInCapitalMember" order="110" />
      <link:loc xlink:type="locator" xlink:href="http://xbrl.fasb.org/us-gaap/2012/elts/us-gaap-2012-01-31.xsd#us-gaap_AccumulatedOtherComprehensiveIncomeMember" xlink:label="loc_AFHACQIXAccumulatedOtherComprehensiveIncomeMember" />
      <link:presentationArc xlink:type="arc" xlink:arcrole="http://www.xbrl.org/2003/arcrole/parent-child" xlink:from="loc_AFHACQIXStatementEquityComponentsAxis" xlink:to="loc_AFHACQIXAccumulatedOtherComprehensiveIncomeMember" order="210" />
      <link:loc xlink:type="locator" xlink:href="http://xbrl.fasb.org/us-gaap/2012/elts/us-gaap-2012-01-31.xsd#us-gaap_RetainedEarningsMember" xlink:label="loc_AFHACQIXRetainedEarningsMember" />
      <link:presentationArc xlink:type="arc" xlink:arcrole="http://www.xbrl.org/2003/arcrole/parent-child" xlink:from="loc_AFHACQIXStatementEquityComponentsAxis" xlink:to="loc_AFHACQIXRetainedEarningsMember" order="310" />
      <link:loc xlink:type="locator" xlink:href="http://xbrl.fasb.org/us-gaap/2012/elts/us-gaap-2012-01-31.xsd#us-gaap_StockholdersEquity" xlink:label="loc_AFHACQIXStockholdersEquity" />
      <link:presentationArc order="20" xlink:arcrole="http://www.xbrl.org/2003/arcrole/parent-child" xlink:from="loc_AFHACQIXStatementLineItems" xlink:to="loc_AFHACQIXStockholdersEquity" xlink:type="arc" preferredLabel="http://www.xbrl.org/2003/role/periodStartLabel" />
      <link:loc xlink:type="locator" xlink:href="http://xbrl.fasb.org/us-gaap/2012/elts/us-gaap-2012-01-31.xsd#us-gaap_SharesOutstanding" xlink:label="loc_AFHACQIXSharesOutstanding" />
      <link:presentationArc order="30" xlink:arcrole="http://www.xbrl.org/2003/arcrole/parent-child" xlink:from="loc_AFHACQIXStatementLineItems" xlink:to="loc_AFHACQIXSharesOutstanding" xlink:type="arc" preferredLabel="http://www.xbrl.org/2003/role/periodStartLabel" />
      <link:loc xlink:type="locator" xlink:href="http://xbrl.fasb.org/us-gaap/2012/elts/us-gaap-2012-01-31.xsd#us-gaap_StockIssuedDuringPeriodValueNewIssues" xlink:label="loc_AFHACQIXStockIssuedDuringPeriodValueNewIssues" />
      <link:presentationArc order="40" xlink:arcrole="http://www.xbrl.org/2003/arcrole/parent-child" xlink:from="loc_AFHACQIXStatementLineItems" xlink:to="loc_AFHACQIXStockIssuedDuringPeriodValueNewIssues" xlink:type="arc" />
      <link:loc xlink:type="locator" xlink:href="http://xbrl.fasb.org/us-gaap/2012/elts/us-gaap-2012-01-31.xsd#us-gaap_StockIssuedDuringPeriodSharesNewIssues" xlink:label="loc_AFHACQIXStockIssuedDuringPeriodSharesNewIssues" />
      <link:presentationArc order="50" xlink:arcrole="http://www.xbrl.org/2003/arcrole/parent-child" xlink:from="loc_AFHACQIXStatementLineItems" xlink:to="loc_AFHACQIXStockIssuedDuringPeriodSharesNewIssues" xlink:type="arc" />
      <link:loc xlink:type="locator" xlink:href="http://xbrl.fasb.org/us-gaap/2012/elts/us-gaap-2012-01-31.xsd#us-gaap_ProceedsFromStockPlans" xlink:label="loc_AFHACQIXProceedsFromStockPlans" />
      <link:presentationArc order="60" xlink:arcrole="http://www.xbrl.org/2003/arcrole/parent-child" xlink:from="loc_AFHACQIXStatementLineItems" xlink:to="loc_AFHACQIXProceedsFromStockPlans" xlink:type="arc" />
      <link:loc xlink:type="locator" xlink:href="http://xbrl.fasb.org/us-gaap/2012/elts/us-gaap-2012-01-31.xsd#us-gaap_NetIncomeLoss" xlink:label="loc_AFHACQIXNetIncomeLoss" />
      <link:presentationArc order="70" xlink:arcrole="http://www.xbrl.org/2003/arcrole/parent-child" xlink:from="loc_AFHACQIXStatementLineItems" xlink:to="loc_AFHACQIXNetIncomeLoss" xlink:type="arc" />
      <link:loc xlink:type="locator" xlink:href="http://xbrl.fasb.org/us-gaap/2012/elts/us-gaap-2012-01-31.xsd#us-gaap_StockholdersEquity" xlink:label="loc_AFHACQIXStockholdersEquity_2" />
      <link:presentationArc order="80" xlink:arcrole="http://www.xbrl.org/2003/arcrole/parent-child" xlink:from="loc_AFHACQIXStatementLineItems" xlink:to="loc_AFHACQIXStockholdersEquity_2" xlink:type="arc" preferredLabel="http://www.xbrl.org/2003/role/periodEndLabel" />
      <link:loc xlink:type="locator" xlink:href="http://xbrl.fasb.org/us-gaap/2012/elts/us-gaap-2012-01-31.xsd#us-gaap_SharesOutstanding" xlink:label="loc_AFHACQIXSharesOutstanding_2" />
      <link:presentationArc order="90" xlink:arcrole="http://www.xbrl.org/2003/arcrole/parent-child" xlink:from="loc_AFHACQIXStatementLineItems" xlink:to="loc_AFHACQIXSharesOutstanding_2" xlink:type="arc" preferredLabel="http://www.xbrl.org/2003/role/periodEndLabel" />
    </link:presentationLink>
    <link:presentationLink xlink:type="extended" xlink:role="http://AFHACQIX/role/StatementsOfOperations" xlink:title="0005 - Statement - Statements of Operations">
      <link:loc xlink:type="locator" xlink:href="http://xbrl.fasb.org/us-gaap/2012/elts/us-gaap-2012-01-31.xsd#us-gaap_IncomeStatementAbstract" xlink:label="loc_AFHACQIXIncomeStatementAbstract" />
      <link:loc xlink:type="locator" xlink:href="http://xbrl.fasb.org/us-gaap/2012/elts/us-gaap-2012-01-31.xsd#us-gaap_Revenues" xlink:label="loc_AFHACQIXRevenues" />
      <link:presentationArc order="10" xlink:arcrole="http://www.xbrl.org/2003/arcrole/parent-child" xlink:from="loc_AFHACQIXIncomeStatementAbstract" xlink:to="loc_AFHACQIXRevenues" xlink:type="arc" />
      <link:loc xlink:type="locator" xlink:href="http://xbrl.fasb.org/us-gaap/2012/elts/us-gaap-2012-01-31.xsd#us-gaap_OperatingExpensesAbstract" xlink:label="loc_AFHACQIXOperatingExpensesAbstract" />
      <link:presentationArc order="30" xlink:arcrole="http://www.xbrl.org/2003/arcrole/parent-child" xlink:from="loc_AFHACQIXIncomeStatementAbstract" xlink:to="loc_AFHACQIXOperatingExpensesAbstract" xlink:type="arc" />
      <link:loc xlink:type="locator" xlink:href="afhacqix-20121031.xsd#AFHACQIX_ConsultingExpenses" xlink:label="loc_AFHACQIXConsultingExpenses" />
      <link:presentationArc order="40" xlink:arcrole="http://www.xbrl.org/2003/arcrole/parent-child" xlink:from="loc_AFHACQIXOperatingExpensesAbstract" xlink:to="loc_AFHACQIXConsultingExpenses" xlink:type="arc" />
      <link:loc xlink:type="locator" xlink:href="http://xbrl.fasb.org/us-gaap/2012/elts/us-gaap-2012-01-31.xsd#us-gaap_InterestExpense" xlink:label="loc_AFHACQIXInterestExpense" />
      <link:presentationArc order="50" xlink:arcrole="http://www.xbrl.org/2003/arcrole/parent-child" xlink:from="loc_AFHACQIXOperatingExpensesAbstract" xlink:to="loc_AFHACQIXInterestExpense" xlink:type="arc" />
      <link:loc xlink:type="locator" xlink:href="http://xbrl.fasb.org/us-gaap/2012/elts/us-gaap-2012-01-31.xsd#us-gaap_ProfessionalFees" xlink:label="loc_AFHACQIXProfessionalFees" />
      <link:presentationArc order="60" xlink:arcrole="http://www.xbrl.org/2003/arcrole/parent-child" xlink:from="loc_AFHACQIXOperatingExpensesAbstract" xlink:to="loc_AFHACQIXProfessionalFees" xlink:type="arc" />
      <link:loc xlink:type="locator" xlink:href="http://xbrl.fasb.org/us-gaap/2012/elts/us-gaap-2012-01-31.xsd#us-gaap_OtherGeneralAndAdministrativeExpense" xlink:label="loc_AFHACQIXOtherGeneralAndAdministrativeExpense" />
      <link:presentationArc order="70" xlink:arcrole="http://www.xbrl.org/2003/arcrole/parent-child" xlink:from="loc_AFHACQIXOperatingExpensesAbstract" xlink:to="loc_AFHACQIXOtherGeneralAndAdministrativeExpense" xlink:type="arc" />
      <link:loc xlink:type="locator" xlink:href="afhacqix-20121031.xsd#AFHACQIX_OrganizationalCosts" xlink:label="loc_AFHACQIXOrganizationalCosts" />
      <link:presentationArc order="80" xlink:arcrole="http://www.xbrl.org/2003/arcrole/parent-child" xlink:from="loc_AFHACQIXOperatingExpensesAbstract" xlink:to="loc_AFHACQIXOrganizationalCosts" xlink:type="arc" />
      <link:loc xlink:type="locator" xlink:href="http://xbrl.fasb.org/us-gaap/2012/elts/us-gaap-2012-01-31.xsd#us-gaap_LeaseAndRentalExpense" xlink:label="loc_AFHACQIXLeaseAndRentalExpense" />
      <link:presentationArc order="90" xlink:arcrole="http://www.xbrl.org/2003/arcrole/parent-child" xlink:from="loc_AFHACQIXOperatingExpensesAbstract" xlink:to="loc_AFHACQIXLeaseAndRentalExpense" xlink:type="arc" />
      <link:loc xlink:type="locator" xlink:href="http://xbrl.fasb.org/us-gaap/2012/elts/us-gaap-2012-01-31.xsd#us-gaap_OperatingExpenses" xlink:label="loc_AFHACQIXOperatingExpenses" />
      <link:presentationArc order="100" xlink:arcrole="http://www.xbrl.org/2003/arcrole/parent-child" xlink:from="loc_AFHACQIXOperatingExpensesAbstract" xlink:to="loc_AFHACQIXOperatingExpenses" xlink:type="arc" preferredLabel="http://www.xbrl.org/2003/role/totalLabel" />
      <link:loc xlink:type="locator" xlink:href="http://xbrl.fasb.org/us-gaap/2012/elts/us-gaap-2012-01-31.xsd#us-gaap_IncomeLossFromContinuingOperationsBeforeIncomeTaxesExtraordinaryItemsNoncontrollingInterest" xlink:label="loc_AFHACQIXIncomeLossFromContinuingOperationsBeforeIncomeTaxesExtraordinaryItemsNoncontrollingInterest" />
      <link:presentationArc order="110" xlink:arcrole="http://www.xbrl.org/2003/arcrole/parent-child" xlink:from="loc_AFHACQIXOperatingExpensesAbstract" xlink:to="loc_AFHACQIXIncomeLossFromContinuingOperationsBeforeIncomeTaxesExtraordinaryItemsNoncontrollingInterest" xlink:type="arc" preferredLabel="http://www.xbrl.org/2003/role/totalLabel" />
      <link:loc xlink:type="locator" xlink:href="http://xbrl.fasb.org/us-gaap/2012/elts/us-gaap-2012-01-31.xsd#us-gaap_CurrentStateAndLocalTaxExpenseBenefit" xlink:label="loc_AFHACQIXCurrentStateAndLocalTaxExpenseBenefit" />
      <link:presentationArc order="130" xlink:arcrole="http://www.xbrl.org/2003/arcrole/parent-child" xlink:from="loc_AFHACQIXOperatingExpensesAbstract" xlink:to="loc_AFHACQIXCurrentStateAndLocalTaxExpenseBenefit" xlink:type="arc" />
      <link:loc xlink:type="locator" xlink:href="http://xbrl.fasb.org/us-gaap/2012/elts/us-gaap-2012-01-31.xsd#us-gaap_NetIncomeLoss" xlink:label="loc_AFHACQIXNetIncomeLoss" />
      <link:presentationArc order="140" xlink:arcrole="http://www.xbrl.org/2003/arcrole/parent-child" xlink:from="loc_AFHACQIXOperatingExpensesAbstract" xlink:to="loc_AFHACQIXNetIncomeLoss" xlink:type="arc" preferredLabel="http://www.xbrl.org/2003/role/totalLabel" />
      <link:loc xlink:type="locator" xlink:href="http://xbrl.fasb.org/us-gaap/2012/elts/us-gaap-2012-01-31.xsd#us-gaap_EarningsPerShareBasicAndDiluted" xlink:label="loc_AFHACQIXEarningsPerShareBasicAndDiluted" />
      <link:presentationArc order="150" xlink:arcrole="http://www.xbrl.org/2003/arcrole/parent-child" xlink:from="loc_AFHACQIXOperatingExpensesAbstract" xlink:to="loc_AFHACQIXEarningsPerShareBasicAndDiluted" xlink:type="arc" />
      <link:loc xlink:type="locator" xlink:href="http://xbrl.fasb.org/us-gaap/2012/elts/us-gaap-2012-01-31.xsd#us-gaap_WeightedAverageNumberOfShareOutstandingBasicAndDiluted" xlink:label="loc_AFHACQIXWeightedAverageNumberOfShareOutstandingBasicAndDiluted" />
      <link:presentationArc order="160" xlink:arcrole="http://www.xbrl.org/2003/arcrole/parent-child" xlink:from="loc_AFHACQIXOperatingExpensesAbstract" xlink:to="loc_AFHACQIXWeightedAverageNumberOfShareOutstandingBasicAndDiluted" xlink:type="arc" />
    </link:presentationLink>
    <link:presentationLink xlink:type="extended" xlink:role="http://AFHACQIX/role/StatementOfCashFlows" xlink:title="0006 - Statement - Statement of Cash Flows">
      <link:loc xlink:type="locator" xlink:href="http://xbrl.fasb.org/us-gaap/2012/elts/us-gaap-2012-01-31.xsd#us-gaap_StatementOfCashFlowsAbstract" xlink:label="loc_AFHACQIXStatementOfCashFlowsAbstract" />
      <link:loc xlink:type="locator" xlink:href="http://xbrl.fasb.org/us-gaap/2012/elts/us-gaap-2012-01-31.xsd#us-gaap_NetCashProvidedByUsedInOperatingActivitiesAbstract" xlink:label="loc_AFHACQIXNetCashProvidedByUsedInOperatingActivitiesAbstract" />
      <link:presentationArc order="0" xlink:arcrole="http://www.xbrl.org/2003/arcrole/parent-child" xlink:from="loc_AFHACQIXStatementOfCashFlowsAbstract" xlink:to="loc_AFHACQIXNetCashProvidedByUsedInOperatingActivitiesAbstract" xlink:type="arc" />
      <link:loc xlink:type="locator" xlink:href="http://xbrl.fasb.org/us-gaap/2012/elts/us-gaap-2012-01-31.xsd#us-gaap_NetIncomeLoss" xlink:label="loc_AFHACQIXNetIncomeLoss" />
      <link:presentationArc order="10" xlink:arcrole="http://www.xbrl.org/2003/arcrole/parent-child" xlink:from="loc_AFHACQIXNetCashProvidedByUsedInOperatingActivitiesAbstract" xlink:to="loc_AFHACQIXNetIncomeLoss" xlink:type="arc" />
      <link:loc xlink:type="locator" xlink:href="http://xbrl.fasb.org/us-gaap/2012/elts/us-gaap-2012-01-31.xsd#us-gaap_IncreaseDecreaseInOperatingCapitalAbstract" xlink:label="loc_AFHACQIXIncreaseDecreaseInOperatingCapitalAbstract" />
      <link:presentationArc order="20" xlink:arcrole="http://www.xbrl.org/2003/arcrole/parent-child" xlink:from="loc_AFHACQIXNetCashProvidedByUsedInOperatingActivitiesAbstract" xlink:to="loc_AFHACQIXIncreaseDecreaseInOperatingCapitalAbstract" xlink:type="arc" />
      <link:loc xlink:type="locator" xlink:href="http://xbrl.fasb.org/us-gaap/2012/elts/us-gaap-2012-01-31.xsd#us-gaap_IncreaseDecreaseInPrepaidExpense" xlink:label="loc_AFHACQIXIncreaseDecreaseInPrepaidExpense" />
      <link:presentationArc order="30" xlink:arcrole="http://www.xbrl.org/2003/arcrole/parent-child" xlink:from="loc_AFHACQIXIncreaseDecreaseInOperatingCapitalAbstract" xlink:to="loc_AFHACQIXIncreaseDecreaseInPrepaidExpense" xlink:type="arc" />
      <link:loc xlink:type="locator" xlink:href="http://xbrl.fasb.org/us-gaap/2012/elts/us-gaap-2012-01-31.xsd#us-gaap_IncreaseDecreaseInAccruedLiabilities" xlink:label="loc_AFHACQIXIncreaseDecreaseInAccruedLiabilities" />
      <link:presentationArc order="40" xlink:arcrole="http://www.xbrl.org/2003/arcrole/parent-child" xlink:from="loc_AFHACQIXIncreaseDecreaseInOperatingCapitalAbstract" xlink:to="loc_AFHACQIXIncreaseDecreaseInAccruedLiabilities" xlink:type="arc" preferredLabel="http://www.xbrl.org/2003/role/verboseLabel" />
      <link:loc xlink:type="locator" xlink:href="http://xbrl.fasb.org/us-gaap/2012/elts/us-gaap-2012-01-31.xsd#us-gaap_NetCashProvidedByUsedInOperatingActivities" xlink:label="loc_AFHACQIXNetCashProvidedByUsedInOperatingActivities" />
      <link:presentationArc order="50" xlink:arcrole="http://www.xbrl.org/2003/arcrole/parent-child" xlink:from="loc_AFHACQIXIncreaseDecreaseInOperatingCapitalAbstract" xlink:to="loc_AFHACQIXNetCashProvidedByUsedInOperatingActivities" xlink:type="arc" preferredLabel="http://www.xbrl.org/2003/role/totalLabel" />
      <link:loc xlink:type="locator" xlink:href="http://xbrl.fasb.org/us-gaap/2012/elts/us-gaap-2012-01-31.xsd#us-gaap_NetCashProvidedByUsedInInvestingActivities" xlink:label="loc_AFHACQIXNetCashProvidedByUsedInInvestingActivities" />
      <link:presentationArc order="70" xlink:arcrole="http://www.xbrl.org/2003/arcrole/parent-child" xlink:from="loc_AFHACQIXIncreaseDecreaseInOperatingCapitalAbstract" xlink:to="loc_AFHACQIXNetCashProvidedByUsedInInvestingActivities" xlink:type="arc" />
      <link:loc xlink:type="locator" xlink:href="http://xbrl.fasb.org/us-gaap/2012/elts/us-gaap-2012-01-31.xsd#us-gaap_NetCashProvidedByUsedInFinancingActivitiesAbstract" xlink:label="loc_AFHACQIXNetCashProvidedByUsedInFinancingActivitiesAbstract" />
      <link:presentationArc order="90" xlink:arcrole="http://www.xbrl.org/2003/arcrole/parent-child" xlink:from="loc_AFHACQIXStatementOfCashFlowsAbstract" xlink:to="loc_AFHACQIXNetCashProvidedByUsedInFinancingActivitiesAbstract" xlink:type="arc" />
      <link:loc xlink:type="locator" xlink:href="http://xbrl.fasb.org/us-gaap/2012/elts/us-gaap-2012-01-31.xsd#us-gaap_RepaymentsOfRelatedPartyDebt" xlink:label="loc_AFHACQIXRepaymentsOfRelatedPartyDebt" />
      <link:presentationArc order="100" xlink:arcrole="http://www.xbrl.org/2003/arcrole/parent-child" xlink:from="loc_AFHACQIXNetCashProvidedByUsedInFinancingActivitiesAbstract" xlink:to="loc_AFHACQIXRepaymentsOfRelatedPartyDebt" xlink:type="arc" preferredLabel="http://www.xbrl.org/2009/role/negatedLabel" />
      <link:loc xlink:type="locator" xlink:href="http://xbrl.fasb.org/us-gaap/2012/elts/us-gaap-2012-01-31.xsd#us-gaap_ProceedsFromStockPlans" xlink:label="loc_AFHACQIXProceedsFromStockPlans" />
      <link:presentationArc order="110" xlink:arcrole="http://www.xbrl.org/2003/arcrole/parent-child" xlink:from="loc_AFHACQIXNetCashProvidedByUsedInFinancingActivitiesAbstract" xlink:to="loc_AFHACQIXProceedsFromStockPlans" xlink:type="arc" preferredLabel="http://www.xbrl.org/2003/role/verboseLabel" />
      <link:loc xlink:type="locator" xlink:href="http://xbrl.fasb.org/us-gaap/2012/elts/us-gaap-2012-01-31.xsd#us-gaap_ProceedsFromIssuanceOfCommonStock" xlink:label="loc_AFHACQIXProceedsFromIssuanceOfCommonStock" />
      <link:presentationArc order="120" xlink:arcrole="http://www.xbrl.org/2003/arcrole/parent-child" xlink:from="loc_AFHACQIXNetCashProvidedByUsedInFinancingActivitiesAbstract" xlink:to="loc_AFHACQIXProceedsFromIssuanceOfCommonStock" xlink:type="arc" />
      <link:loc xlink:type="locator" xlink:href="http://xbrl.fasb.org/us-gaap/2012/elts/us-gaap-2012-01-31.xsd#us-gaap_NetCashProvidedByUsedInFinancingActivities" xlink:label="loc_AFHACQIXNetCashProvidedByUsedInFinancingActivities" />
      <link:presentationArc order="130" xlink:arcrole="http://www.xbrl.org/2003/arcrole/parent-child" xlink:from="loc_AFHACQIXNetCashProvidedByUsedInFinancingActivitiesAbstract" xlink:to="loc_AFHACQIXNetCashProvidedByUsedInFinancingActivities" xlink:type="arc" preferredLabel="http://www.xbrl.org/2003/role/totalLabel" />
      <link:loc xlink:type="locator" xlink:href="http://xbrl.fasb.org/us-gaap/2012/elts/us-gaap-2012-01-31.xsd#us-gaap_CashAndCashEquivalentsPeriodIncreaseDecrease" xlink:label="loc_AFHACQIXCashAndCashEquivalentsPeriodIncreaseDecrease" />
      <link:presentationArc order="150" xlink:arcrole="http://www.xbrl.org/2003/arcrole/parent-child" xlink:from="loc_AFHACQIXNetCashProvidedByUsedInFinancingActivitiesAbstract" xlink:to="loc_AFHACQIXCashAndCashEquivalentsPeriodIncreaseDecrease" xlink:type="arc" preferredLabel="http://www.xbrl.org/2003/role/totalLabel" />
      <link:loc xlink:type="locator" xlink:href="http://xbrl.fasb.org/us-gaap/2012/elts/us-gaap-2012-01-31.xsd#us-gaap_CashAndCashEquivalentsAtCarryingValue" xlink:label="loc_AFHACQIXCashAndCashEquivalentsAtCarryingValue" />
      <link:presentationArc order="160" xlink:arcrole="http://www.xbrl.org/2003/arcrole/parent-child" xlink:from="loc_AFHACQIXNetCashProvidedByUsedInFinancingActivitiesAbstract" xlink:to="loc_AFHACQIXCashAndCashEquivalentsAtCarryingValue" xlink:type="arc" preferredLabel="http://www.xbrl.org/2003/role/periodStartLabel" />
      <link:loc xlink:type="locator" xlink:href="http://xbrl.fasb.org/us-gaap/2012/elts/us-gaap-2012-01-31.xsd#us-gaap_CashAndCashEquivalentsAtCarryingValue" xlink:label="loc_AFHACQIXCashAndCashEquivalentsAtCarryingValue_2" />
      <link:presentationArc order="170" xlink:arcrole="http://www.xbrl.org/2003/arcrole/parent-child" xlink:from="loc_AFHACQIXNetCashProvidedByUsedInFinancingActivitiesAbstract" xlink:to="loc_AFHACQIXCashAndCashEquivalentsAtCarryingValue_2" xlink:type="arc" preferredLabel="http://www.xbrl.org/2003/role/periodEndLabel" />
      <link:loc xlink:type="locator" xlink:href="http://xbrl.fasb.org/us-gaap/2012/elts/us-gaap-2012-01-31.xsd#us-gaap_SupplementalCashFlowInformationAbstract" xlink:label="loc_AFHACQIXSupplementalCashFlowInformationAbstract" />
      <link:presentationArc order="190" xlink:arcrole="http://www.xbrl.org/2003/arcrole/parent-child" xlink:from="loc_AFHACQIXStatementOfCashFlowsAbstract" xlink:to="loc_AFHACQIXSupplementalCashFlowInformationAbstract" xlink:type="arc" />
      <link:loc xlink:type="locator" xlink:href="http://xbrl.fasb.org/us-gaap/2012/elts/us-gaap-2012-01-31.xsd#us-gaap_InterestPaid" xlink:label="loc_AFHACQIXInterestPaid" />
      <link:presentationArc order="200" xlink:arcrole="http://www.xbrl.org/2003/arcrole/parent-child" xlink:from="loc_AFHACQIXSupplementalCashFlowInformationAbstract" xlink:to="loc_AFHACQIXInterestPaid" xlink:type="arc" preferredLabel="http://www.xbrl.org/2003/role/verboseLabel" />
      <link:loc xlink:type="locator" xlink:href="http://xbrl.fasb.org/us-gaap/2012/elts/us-gaap-2012-01-31.xsd#us-gaap_IncomeTaxesPaidNet" xlink:label="loc_AFHACQIXIncomeTaxesPaidNet" />
      <link:presentationArc order="210" xlink:arcrole="http://www.xbrl.org/2003/arcrole/parent-child" xlink:from="loc_AFHACQIXSupplementalCashFlowInformationAbstract" xlink:to="loc_AFHACQIXIncomeTaxesPaidNet" xlink:type="arc" />
    </link:presentationLink>
    <link:presentationLink xlink:type="extended" xlink:role="http://AFHACQIX/role/Company" xlink:title="0007 - Disclosure - The Company">
      <link:loc xlink:type="locator" xlink:href="afhacqix-20121031.xsd#AFHACQIX_CompanyAbstract" xlink:label="loc_AFHACQIXCompanyAbstract" />
      <link:loc xlink:type="locator" xlink:href="afhacqix-20121031.xsd#AFHACQIX_CompanyDisclosureTextBlock" xlink:label="loc_AFHACQIXCompanyDisclosureTextBlock" />
      <link:presentationArc order="0" xlink:arcrole="http://www.xbrl.org/2003/arcrole/parent-child" xlink:from="loc_AFHACQIXCompanyAbstract" xlink:to="loc_AFHACQIXCompanyDisclosureTextBlock" xlink:type="arc" />
    </link:presentationLink>
    <link:presentationLink xlink:type="extended" xlink:role="http://AFHACQIX/role/SummaryOfSignificantAccountingPolicies" xlink:title="0008 - Disclosure - Summary of Significant Accounting Policies">
      <link:loc xlink:type="locator" xlink:href="http://xbrl.fasb.org/us-gaap/2012/elts/us-gaap-2012-01-31.xsd#us-gaap_AccountingPoliciesAbstract" xlink:label="loc_AFHACQIXAccountingPoliciesAbstract" />
      <link:loc xlink:type="locator" xlink:href="http://xbrl.fasb.org/us-gaap/2012/elts/us-gaap-2012-01-31.xsd#us-gaap_SignificantAccountingPoliciesTextBlock" xlink:label="loc_AFHACQIXSignificantAccountingPoliciesTextBlock" />
      <link:presentationArc order="0" xlink:arcrole="http://www.xbrl.org/2003/arcrole/parent-child" xlink:from="loc_AFHACQIXAccountingPoliciesAbstract" xlink:to="loc_AFHACQIXSignificantAccountingPoliciesTextBlock" xlink:type="arc" />
    </link:presentationLink>
    <link:presentationLink xlink:type="extended" xlink:role="http://AFHACQIX/role/EquitySecurities" xlink:title="0009 - Disclosure - Equity Securities">
      <link:loc xlink:type="locator" xlink:href="http://xbrl.fasb.org/us-gaap/2012/elts/us-gaap-2012-01-31.xsd#us-gaap_EquityAbstract" xlink:label="loc_AFHACQIXEquityAbstract" />
      <link:loc xlink:type="locator" xlink:href="http://xbrl.fasb.org/us-gaap/2012/elts/us-gaap-2012-01-31.xsd#us-gaap_StockholdersEquityNoteDisclosureTextBlock" xlink:label="loc_AFHACQIXStockholdersEquityNoteDisclosureTextBlock" />
      <link:presentationArc order="0" xlink:arcrole="http://www.xbrl.org/2003/arcrole/parent-child" xlink:from="loc_AFHACQIXEquityAbstract" xlink:to="loc_AFHACQIXStockholdersEquityNoteDisclosureTextBlock" xlink:type="arc" />
    </link:presentationLink>
    <link:presentationLink xlink:type="extended" xlink:role="http://AFHACQIX/role/GoingConcern" xlink:title="0010 - Disclosure - Going Concern">
      <link:loc xlink:type="locator" xlink:href="afhacqix-20121031.xsd#AFHACQIX_GoingConcernDisclosureAbstract" xlink:label="loc_AFHACQIXGoingConcernDisclosureAbstract" />
      <link:loc xlink:type="locator" xlink:href="afhacqix-20121031.xsd#AFHACQIX_GoingConcernDisclosureTextBlock" xlink:label="loc_AFHACQIXGoingConcernDisclosureTextBlock" />
      <link:presentationArc order="0" xlink:arcrole="http://www.xbrl.org/2003/arcrole/parent-child" xlink:from="loc_AFHACQIXGoingConcernDisclosureAbstract" xlink:to="loc_AFHACQIXGoingConcernDisclosureTextBlock" xlink:type="arc" preferredLabel="http://www.xbrl.org/2003/role/verboseLabel" />
    </link:presentationLink>
    <link:presentationLink xlink:type="extended" xlink:role="http://AFHACQIX/role/DueToParent" xlink:title="0011 - Disclosure - Due to Parent">
      <link:loc xlink:type="locator" xlink:href="http://xbrl.fasb.org/us-gaap/2012/elts/us-gaap-2012-01-31.xsd#us-gaap_RelatedPartyTransactionsAbstract" xlink:label="loc_AFHACQIXRelatedPartyTransactionsAbstract" />
      <link:loc xlink:type="locator" xlink:href="http://xbrl.fasb.org/us-gaap/2012/elts/us-gaap-2012-01-31.xsd#us-gaap_RelatedPartyTransactionsDisclosureTextBlock" xlink:label="loc_AFHACQIXRelatedPartyTransactionsDisclosureTextBlock" />
      <link:presentationArc order="0" xlink:arcrole="http://www.xbrl.org/2003/arcrole/parent-child" xlink:from="loc_AFHACQIXRelatedPartyTransactionsAbstract" xlink:to="loc_AFHACQIXRelatedPartyTransactionsDisclosureTextBlock" xlink:type="arc" preferredLabel="http://www.xbrl.org/2003/role/verboseLabel" />
    </link:presentationLink>
    <link:presentationLink xlink:type="extended" xlink:role="http://AFHACQIX/role/SummaryOfSignificantAccountingPoliciesPolicies" xlink:title="0012 - Disclosure - Summary of Significant Accounting Policies (Policies)">
      <link:loc xlink:type="locator" xlink:href="http://xbrl.fasb.org/us-gaap/2012/elts/us-gaap-2012-01-31.xsd#us-gaap_AccountingPoliciesAbstract" xlink:label="loc_AFHACQIXAccountingPoliciesAbstract" />
      <link:loc xlink:type="locator" xlink:href="http://xbrl.fasb.org/us-gaap/2012/elts/us-gaap-2012-01-31.xsd#us-gaap_BasisOfAccountingPolicyPolicyTextBlock" xlink:label="loc_AFHACQIXBasisOfAccountingPolicyPolicyTextBlock" />
      <link:presentationArc order="0" xlink:arcrole="http://www.xbrl.org/2003/arcrole/parent-child" xlink:from="loc_AFHACQIXAccountingPoliciesAbstract" xlink:to="loc_AFHACQIXBasisOfAccountingPolicyPolicyTextBlock" xlink:type="arc" />
      <link:loc xlink:type="locator" xlink:href="afhacqix-20121031.xsd#AFHACQIX_DevelopmentStagePolicyPolicyTextBlock" xlink:label="loc_AFHACQIXDevelopmentStagePolicyPolicyTextBlock" />
      <link:presentationArc order="10" xlink:arcrole="http://www.xbrl.org/2003/arcrole/parent-child" xlink:from="loc_AFHACQIXAccountingPoliciesAbstract" xlink:to="loc_AFHACQIXDevelopmentStagePolicyPolicyTextBlock" xlink:type="arc" />
      <link:loc xlink:type="locator" xlink:href="http://xbrl.fasb.org/us-gaap/2012/elts/us-gaap-2012-01-31.xsd#us-gaap_CashAndCashEquivalentsPolicyTextBlock" xlink:label="loc_AFHACQIXCashAndCashEquivalentsPolicyTextBlock" />
      <link:presentationArc order="20" xlink:arcrole="http://www.xbrl.org/2003/arcrole/parent-child" xlink:from="loc_AFHACQIXAccountingPoliciesAbstract" xlink:to="loc_AFHACQIXCashAndCashEquivalentsPolicyTextBlock" xlink:type="arc" preferredLabel="http://www.xbrl.org/2003/role/verboseLabel" />
      <link:loc xlink:type="locator" xlink:href="http://xbrl.fasb.org/us-gaap/2012/elts/us-gaap-2012-01-31.xsd#us-gaap_EarningsPerSharePolicyTextBlock" xlink:label="loc_AFHACQIXEarningsPerSharePolicyTextBlock" />
      <link:presentationArc order="30" xlink:arcrole="http://www.xbrl.org/2003/arcrole/parent-child" xlink:from="loc_AFHACQIXAccountingPoliciesAbstract" xlink:to="loc_AFHACQIXEarningsPerSharePolicyTextBlock" xlink:type="arc" />
      <link:loc xlink:type="locator" xlink:href="http://xbrl.fasb.org/us-gaap/2012/elts/us-gaap-2012-01-31.xsd#us-gaap_UseOfEstimates" xlink:label="loc_AFHACQIXUseOfEstimates" />
      <link:presentationArc order="40" xlink:arcrole="http://www.xbrl.org/2003/arcrole/parent-child" xlink:from="loc_AFHACQIXAccountingPoliciesAbstract" xlink:to="loc_AFHACQIXUseOfEstimates" xlink:type="arc" />
      <link:loc xlink:type="locator" xlink:href="afhacqix-20121031.xsd#AFHACQIX_OrganizationalCostsPolicyPolicyTextBlock" xlink:label="loc_AFHACQIXOrganizationalCostsPolicyPolicyTextBlock" />
      <link:presentationArc order="50" xlink:arcrole="http://www.xbrl.org/2003/arcrole/parent-child" xlink:from="loc_AFHACQIXAccountingPoliciesAbstract" xlink:to="loc_AFHACQIXOrganizationalCostsPolicyPolicyTextBlock" xlink:type="arc" preferredLabel="http://www.xbrl.org/2003/role/verboseLabel" />
      <link:loc xlink:type="locator" xlink:href="http://xbrl.fasb.org/us-gaap/2012/elts/us-gaap-2012-01-31.xsd#us-gaap_IncomeTaxPolicyTextBlock" xlink:label="loc_AFHACQIXIncomeTaxPolicyTextBlock" />
      <link:presentationArc order="60" xlink:arcrole="http://www.xbrl.org/2003/arcrole/parent-child" xlink:from="loc_AFHACQIXAccountingPoliciesAbstract" xlink:to="loc_AFHACQIXIncomeTaxPolicyTextBlock" xlink:type="arc" preferredLabel="http://www.xbrl.org/2003/role/verboseLabel" />
      <link:loc xlink:type="locator" xlink:href="http://xbrl.fasb.org/us-gaap/2012/elts/us-gaap-2012-01-31.xsd#us-gaap_FairValueOfFinancialInstrumentsPolicy" xlink:label="loc_AFHACQIXFairValueOfFinancialInstrumentsPolicy" />
      <link:presentationArc order="70" xlink:arcrole="http://www.xbrl.org/2003/arcrole/parent-child" xlink:from="loc_AFHACQIXAccountingPoliciesAbstract" xlink:to="loc_AFHACQIXFairValueOfFinancialInstrumentsPolicy" xlink:type="arc" />
      <link:loc xlink:type="locator" xlink:href="http://xbrl.fasb.org/us-gaap/2012/elts/us-gaap-2012-01-31.xsd#us-gaap_NewAccountingPronouncementsPolicyPolicyTextBlock" xlink:label="loc_AFHACQIXNewAccountingPronouncementsPolicyPolicyTextBlock" />
      <link:presentationArc order="80" xlink:arcrole="http://www.xbrl.org/2003/arcrole/parent-child" xlink:from="loc_AFHACQIXAccountingPoliciesAbstract" xlink:to="loc_AFHACQIXNewAccountingPronouncementsPolicyPolicyTextBlock" xlink:type="arc" />
    </link:presentationLink>
    <link:presentationLink xlink:type="extended" xlink:role="http://AFHACQIX/role/GoingConcernDetailsNarrative" xlink:title="0013 - Disclosure - Going Concern (Details Narrative)">
      <link:loc xlink:type="locator" xlink:href="afhacqix-20121031.xsd#AFHACQIX_GoingConcernDisclosureAbstract" xlink:label="loc_AFHACQIXGoingConcernDisclosureAbstract" />
      <link:loc xlink:type="locator" xlink:href="http://xbrl.fasb.org/us-gaap/2012/elts/us-gaap-2012-01-31.xsd#us-gaap_RetainedEarningsAccumulatedDeficit" xlink:label="loc_AFHACQIXRetainedEarningsAccumulatedDeficit" />
      <link:presentationArc order="0" xlink:arcrole="http://www.xbrl.org/2003/arcrole/parent-child" xlink:from="loc_AFHACQIXGoingConcernDisclosureAbstract" xlink:to="loc_AFHACQIXRetainedEarningsAccumulatedDeficit" xlink:type="arc" />
    </link:presentationLink>
</link:linkbase>
