<?xml version="1.0" encoding="ASCII"?>
<!-- Prepared by IBM Cognos FSR v6.7.1.47 using Fujitsu Interstage XWand -->
<linkbase xmlns:xsi="http://www.w3.org/2001/XMLSchema-instance" xsi:schemaLocation="http://www.xbrl.org/2003/instance http://www.xbrl.org/2003/xbrl-instance-2003-12-31.xsd" xmlns="http://www.xbrl.org/2003/linkbase" xmlns:xlink="http://www.w3.org/1999/xlink" xmlns:xbrli="http://www.xbrl.org/2003/instance">
    <roleRef roleURI="http://www.viacom.com/role/StatementCONSOLIDATEDSTATEMENTSOFEARNINGS" xlink:type="simple" xlink:href="via-20121201.xsd#via_ELRID_CONSOLIDATEDSTATEMENTSOFEARNINGS" />
    <roleRef roleURI="http://www.viacom.com/role/StatementCONSOLIDATEDBALANCESHEETS" xlink:type="simple" xlink:href="via-20121201.xsd#via_ELRID_CONSOLIDATEDBALANCESHEETS" />
    <roleRef roleURI="http://www.viacom.com/role/StatementCONSOLIDATEDSTATEMENTSOFCASHFLOWS" xlink:type="simple" xlink:href="via-20121201.xsd#via_ELRID_CONSOLIDATEDSTATEMENTSOFCASHFLOWS" />
    <roleRef roleURI="http://www.viacom.com/role/EarningsPerShareDetails" xlink:type="simple" xlink:href="via-20121201.xsd#via_ELRID_EarningsPerShareDetails" />
    <roleRef roleURI="http://www.viacom.com/role/DisclosureDebtDetails" xlink:type="simple" xlink:href="via-20121201.xsd#via_ELRID_DisclosureDebtDetails" />
    <roleRef roleURI="http://www.viacom.com/role/DisclosureInventoryDetails" xlink:type="simple" xlink:href="via-20121201.xsd#via_ELRID_DisclosureInventoryDetails" />
    <roleRef roleURI="http://www.viacom.com/role/FairValueMeasurementsDetails" xlink:type="simple" xlink:href="via-20121201.xsd#via_ELRID_FairValueMeasurementsDetails" />
    <roleRef roleURI="http://www.viacom.com/role/DisclosurePensionDetails" xlink:type="simple" xlink:href="via-20121201.xsd#via_ELRID_PensionDetails" />
    <roleRef roleURI="http://www.viacom.com/role/DisclosureRelatedPartyTransactionsDetails" xlink:type="simple" xlink:href="via-20121201.xsd#via_ELRID_RelatedPartyTransactionsDetails" />
    <roleRef roleURI="http://www.viacom.com/role/ReportingSegmentsDetails" xlink:type="simple" xlink:href="via-20121201.xsd#via_ELRID_ReportingSegmentsDetails" />
    <roleRef roleURI="http://www.viacom.com/role/DiscontinuedOperationsDetails" xlink:type="simple" xlink:href="via-20121201.xsd#via_ELRID_DiscontinuedOperationsDetails" />
    <roleRef roleURI="http://www.viacom.com/role/StatementCONSOLIDATEDSTATEMENTSOFCOMPREHENSIVEINCOME" xlink:type="simple" xlink:href="via-20121201.xsd#via_ELRID_CONSOLIDATEDSTATEMENTSOFCOMPREHENSIVEINCOME" />
    <calculationLink xlink:type="extended" xlink:role="http://www.viacom.com/role/StatementCONSOLIDATEDSTATEMENTSOFEARNINGS">
        <loc xlink:type="locator" xlink:href="http://xbrl.fasb.org/us-gaap/2012/elts/us-gaap-2012-01-31.xsd#us-gaap_IncomeLossFromContinuingOperationsIncludingPortionAttributableToNoncontrollingInterest" xlink:label="Locator_us-gaap_IncomeLossFromContinuingOperationsIncludingPortionAttributableToNoncontrollingInterest_75" />
        <loc xlink:type="locator" xlink:href="http://xbrl.fasb.org/us-gaap/2012/elts/us-gaap-2012-01-31.xsd#us-gaap_IncomeTaxExpenseBenefit" xlink:label="Locator_us-gaap_IncomeTaxExpenseBenefit_76" />
        <calculationArc xlink:type="arc" xlink:arcrole="http://www.xbrl.org/2003/arcrole/summation-item" xlink:from="Locator_us-gaap_IncomeLossFromContinuingOperationsIncludingPortionAttributableToNoncontrollingInterest_75" xlink:to="Locator_us-gaap_IncomeTaxExpenseBenefit_76" order="15.0" weight="-1" />
        <loc xlink:type="locator" xlink:href="http://xbrl.fasb.org/us-gaap/2012/elts/us-gaap-2012-01-31.xsd#us-gaap_IncomeLossFromContinuingOperationsIncludingPortionAttributableToNoncontrollingInterest" xlink:label="Locator_us-gaap_IncomeLossFromContinuingOperationsIncludingPortionAttributableToNoncontrollingInterest_77" />
        <loc xlink:type="locator" xlink:href="http://xbrl.fasb.org/us-gaap/2012/elts/us-gaap-2012-01-31.xsd#us-gaap_IncomeLossFromContinuingOperationsBeforeIncomeTaxesExtraordinaryItemsNoncontrollingInterest" xlink:label="Locator_us-gaap_IncomeLossFromContinuingOperationsBeforeIncomeTaxesExtraordinaryItemsNoncontrollingInterest_78" />
        <calculationArc xlink:type="arc" xlink:arcrole="http://www.xbrl.org/2003/arcrole/summation-item" xlink:from="Locator_us-gaap_IncomeLossFromContinuingOperationsIncludingPortionAttributableToNoncontrollingInterest_77" xlink:to="Locator_us-gaap_IncomeLossFromContinuingOperationsBeforeIncomeTaxesExtraordinaryItemsNoncontrollingInterest_78" order="14.0" weight="1" />
        <loc xlink:type="locator" xlink:href="http://xbrl.fasb.org/us-gaap/2012/elts/us-gaap-2012-01-31.xsd#us-gaap_IncomeLossFromContinuingOperationsBeforeIncomeTaxesExtraordinaryItemsNoncontrollingInterest" xlink:label="Locator_us-gaap_IncomeLossFromContinuingOperationsBeforeIncomeTaxesExtraordinaryItemsNoncontrollingInterest_79" />
        <loc xlink:type="locator" xlink:href="via-20121201.xsd#via_InterestExpenseNet" xlink:label="Locator_via_InterestExpenseNet_80" />
        <calculationArc xlink:type="arc" xlink:arcrole="http://www.xbrl.org/2003/arcrole/summation-item" xlink:from="Locator_us-gaap_IncomeLossFromContinuingOperationsBeforeIncomeTaxesExtraordinaryItemsNoncontrollingInterest_79" xlink:to="Locator_via_InterestExpenseNet_80" order="10.0" weight="-1" />
        <loc xlink:type="locator" xlink:href="http://xbrl.fasb.org/us-gaap/2012/elts/us-gaap-2012-01-31.xsd#us-gaap_IncomeLossFromContinuingOperationsBeforeIncomeTaxesExtraordinaryItemsNoncontrollingInterest" xlink:label="Locator_us-gaap_IncomeLossFromContinuingOperationsBeforeIncomeTaxesExtraordinaryItemsNoncontrollingInterest_81" />
        <loc xlink:type="locator" xlink:href="http://xbrl.fasb.org/us-gaap/2012/elts/us-gaap-2012-01-31.xsd#us-gaap_IncomeLossFromEquityMethodInvestments" xlink:label="Locator_us-gaap_IncomeLossFromEquityMethodInvestments_82" />
        <calculationArc xlink:type="arc" xlink:arcrole="http://www.xbrl.org/2003/arcrole/summation-item" xlink:from="Locator_us-gaap_IncomeLossFromContinuingOperationsBeforeIncomeTaxesExtraordinaryItemsNoncontrollingInterest_81" xlink:to="Locator_us-gaap_IncomeLossFromEquityMethodInvestments_82" order="11.0" weight="1" />
        <loc xlink:type="locator" xlink:href="http://xbrl.fasb.org/us-gaap/2012/elts/us-gaap-2012-01-31.xsd#us-gaap_IncomeLossFromContinuingOperationsBeforeIncomeTaxesExtraordinaryItemsNoncontrollingInterest" xlink:label="Locator_us-gaap_IncomeLossFromContinuingOperationsBeforeIncomeTaxesExtraordinaryItemsNoncontrollingInterest_83" />
        <loc xlink:type="locator" xlink:href="http://xbrl.fasb.org/us-gaap/2012/elts/us-gaap-2012-01-31.xsd#us-gaap_OtherNonoperatingIncomeExpense" xlink:label="Locator_us-gaap_OtherNonoperatingIncomeExpense_84" />
        <calculationArc xlink:type="arc" xlink:arcrole="http://www.xbrl.org/2003/arcrole/summation-item" xlink:from="Locator_us-gaap_IncomeLossFromContinuingOperationsBeforeIncomeTaxesExtraordinaryItemsNoncontrollingInterest_83" xlink:to="Locator_us-gaap_OtherNonoperatingIncomeExpense_84" order="13.0" weight="1" />
        <loc xlink:type="locator" xlink:href="http://xbrl.fasb.org/us-gaap/2012/elts/us-gaap-2012-01-31.xsd#us-gaap_IncomeLossFromContinuingOperationsBeforeIncomeTaxesExtraordinaryItemsNoncontrollingInterest" xlink:label="Locator_us-gaap_IncomeLossFromContinuingOperationsBeforeIncomeTaxesExtraordinaryItemsNoncontrollingInterest_85" />
        <loc xlink:type="locator" xlink:href="http://xbrl.fasb.org/us-gaap/2012/elts/us-gaap-2012-01-31.xsd#us-gaap_OperatingIncomeLoss" xlink:label="Locator_us-gaap_OperatingIncomeLoss_86" />
        <calculationArc xlink:type="arc" xlink:arcrole="http://www.xbrl.org/2003/arcrole/summation-item" xlink:from="Locator_us-gaap_IncomeLossFromContinuingOperationsBeforeIncomeTaxesExtraordinaryItemsNoncontrollingInterest_85" xlink:to="Locator_us-gaap_OperatingIncomeLoss_86" order="9.0" weight="1" />
        <loc xlink:type="locator" xlink:href="http://xbrl.fasb.org/us-gaap/2012/elts/us-gaap-2012-01-31.xsd#us-gaap_OperatingIncomeLoss" xlink:label="Locator_us-gaap_OperatingIncomeLoss_89" />
        <loc xlink:type="locator" xlink:href="http://xbrl.fasb.org/us-gaap/2012/elts/us-gaap-2012-01-31.xsd#us-gaap_CostsAndExpenses" xlink:label="Locator_us-gaap_CostsAndExpenses_90" />
        <calculationArc xlink:type="arc" xlink:arcrole="http://www.xbrl.org/2003/arcrole/summation-item" xlink:from="Locator_us-gaap_OperatingIncomeLoss_89" xlink:to="Locator_us-gaap_CostsAndExpenses_90" order="8.0" weight="-1" />
        <loc xlink:type="locator" xlink:href="http://xbrl.fasb.org/us-gaap/2012/elts/us-gaap-2012-01-31.xsd#us-gaap_CostsAndExpenses" xlink:label="Locator_us-gaap_CostsAndExpenses_93" />
        <loc xlink:type="locator" xlink:href="http://xbrl.fasb.org/us-gaap/2012/elts/us-gaap-2012-01-31.xsd#us-gaap_DepreciationAndAmortization" xlink:label="Locator_us-gaap_DepreciationAndAmortization_94" />
        <calculationArc xlink:type="arc" xlink:arcrole="http://www.xbrl.org/2003/arcrole/summation-item" xlink:from="Locator_us-gaap_CostsAndExpenses_93" xlink:to="Locator_us-gaap_DepreciationAndAmortization_94" order="5.0" weight="1" />
        <loc xlink:type="locator" xlink:href="http://xbrl.fasb.org/us-gaap/2012/elts/us-gaap-2012-01-31.xsd#us-gaap_CostsAndExpenses" xlink:label="Locator_us-gaap_CostsAndExpenses_95" />
        <loc xlink:type="locator" xlink:href="http://xbrl.fasb.org/us-gaap/2012/elts/us-gaap-2012-01-31.xsd#us-gaap_SellingGeneralAndAdministrativeExpense" xlink:label="Locator_us-gaap_SellingGeneralAndAdministrativeExpense_96" />
        <calculationArc xlink:type="arc" xlink:arcrole="http://www.xbrl.org/2003/arcrole/summation-item" xlink:from="Locator_us-gaap_CostsAndExpenses_95" xlink:to="Locator_us-gaap_SellingGeneralAndAdministrativeExpense_96" order="4.0" weight="1" />
        <loc xlink:type="locator" xlink:href="http://xbrl.fasb.org/us-gaap/2012/elts/us-gaap-2012-01-31.xsd#us-gaap_CostsAndExpenses" xlink:label="Locator_us-gaap_CostsAndExpenses_97" />
        <loc xlink:type="locator" xlink:href="http://xbrl.fasb.org/us-gaap/2012/elts/us-gaap-2012-01-31.xsd#us-gaap_CostOfGoodsAndServicesSold" xlink:label="Locator_us-gaap_CostOfGoodsAndServicesSold_98" />
        <calculationArc xlink:type="arc" xlink:arcrole="http://www.xbrl.org/2003/arcrole/summation-item" xlink:from="Locator_us-gaap_CostsAndExpenses_97" xlink:to="Locator_us-gaap_CostOfGoodsAndServicesSold_98" order="3.0" weight="1" />
        <loc xlink:type="locator" xlink:href="http://xbrl.fasb.org/us-gaap/2012/elts/us-gaap-2012-01-31.xsd#us-gaap_CostsAndExpenses" xlink:label="Locator_us-gaap_CostsAndExpenses_99" />
        <loc xlink:type="locator" xlink:href="http://xbrl.fasb.org/us-gaap/2012/elts/us-gaap-2012-01-31.xsd#us-gaap_RestructuringCharges" xlink:label="Locator_us-gaap_RestructuringCharges_100" />
        <calculationArc xlink:type="arc" xlink:arcrole="http://www.xbrl.org/2003/arcrole/summation-item" xlink:from="Locator_us-gaap_CostsAndExpenses_99" xlink:to="Locator_us-gaap_RestructuringCharges_100" order="6.0" weight="1" />
        <loc xlink:type="locator" xlink:href="http://xbrl.fasb.org/us-gaap/2012/elts/us-gaap-2012-01-31.xsd#us-gaap_CostsAndExpenses" xlink:label="Locator_us-gaap_CostsAndExpenses_101" />
        <loc xlink:type="locator" xlink:href="http://xbrl.fasb.org/us-gaap/2012/elts/us-gaap-2012-01-31.xsd#us-gaap_ImpairmentOfIntangibleAssetsIndefinitelivedExcludingGoodwill" xlink:label="Locator_us-gaap_ImpairmentOfIntangibleAssetsIndefinitelivedExcludingGoodwill_102" />
        <calculationArc xlink:type="arc" xlink:arcrole="http://www.xbrl.org/2003/arcrole/summation-item" xlink:from="Locator_us-gaap_CostsAndExpenses_101" xlink:to="Locator_us-gaap_ImpairmentOfIntangibleAssetsIndefinitelivedExcludingGoodwill_102" order="7.0" weight="1" />
        <loc xlink:type="locator" xlink:href="http://xbrl.fasb.org/us-gaap/2012/elts/us-gaap-2012-01-31.xsd#us-gaap_OperatingIncomeLoss" xlink:label="Locator_us-gaap_OperatingIncomeLoss_91" />
        <loc xlink:type="locator" xlink:href="http://xbrl.fasb.org/us-gaap/2012/elts/us-gaap-2012-01-31.xsd#us-gaap_SalesRevenueNet" xlink:label="Locator_us-gaap_SalesRevenueNet_92" />
        <calculationArc xlink:type="arc" xlink:arcrole="http://www.xbrl.org/2003/arcrole/summation-item" xlink:from="Locator_us-gaap_OperatingIncomeLoss_91" xlink:to="Locator_us-gaap_SalesRevenueNet_92" order="1.0" weight="1" />
        <loc xlink:type="locator" xlink:href="http://xbrl.fasb.org/us-gaap/2012/elts/us-gaap-2012-01-31.xsd#us-gaap_IncomeLossFromContinuingOperationsBeforeIncomeTaxesExtraordinaryItemsNoncontrollingInterest" xlink:label="Locator_us-gaap_IncomeLossFromContinuingOperationsBeforeIncomeTaxesExtraordinaryItemsNoncontrollingInterest_87" />
        <loc xlink:type="locator" xlink:href="http://xbrl.fasb.org/us-gaap/2012/elts/us-gaap-2012-01-31.xsd#us-gaap_GainsLossesOnExtinguishmentOfDebt" xlink:label="Locator_us-gaap_GainsLossesOnExtinguishmentOfDebt_88" />
        <calculationArc xlink:type="arc" xlink:arcrole="http://www.xbrl.org/2003/arcrole/summation-item" xlink:from="Locator_us-gaap_IncomeLossFromContinuingOperationsBeforeIncomeTaxesExtraordinaryItemsNoncontrollingInterest_87" xlink:to="Locator_us-gaap_GainsLossesOnExtinguishmentOfDebt_88" order="12.0" weight="1" />
        <loc xlink:type="locator" xlink:href="http://xbrl.fasb.org/us-gaap/2012/elts/us-gaap-2012-01-31.xsd#us-gaap_ProfitLoss" xlink:label="Locator_us-gaap_ProfitLoss_107" />
        <loc xlink:type="locator" xlink:href="http://xbrl.fasb.org/us-gaap/2012/elts/us-gaap-2012-01-31.xsd#us-gaap_IncomeLossFromContinuingOperationsIncludingPortionAttributableToNoncontrollingInterest" xlink:label="Locator_us-gaap_IncomeLossFromContinuingOperationsIncludingPortionAttributableToNoncontrollingInterest_108" />
        <calculationArc xlink:type="arc" xlink:arcrole="http://www.xbrl.org/2003/arcrole/summation-item" xlink:from="Locator_us-gaap_ProfitLoss_107" xlink:to="Locator_us-gaap_IncomeLossFromContinuingOperationsIncludingPortionAttributableToNoncontrollingInterest_108" order="16.0" weight="1" />
        <loc xlink:type="locator" xlink:href="http://xbrl.fasb.org/us-gaap/2012/elts/us-gaap-2012-01-31.xsd#us-gaap_ProfitLoss" xlink:label="Locator_us-gaap_ProfitLoss_109" />
        <loc xlink:type="locator" xlink:href="http://xbrl.fasb.org/us-gaap/2012/elts/us-gaap-2012-01-31.xsd#us-gaap_IncomeLossFromDiscontinuedOperationsNetOfTax" xlink:label="Locator_us-gaap_IncomeLossFromDiscontinuedOperationsNetOfTax_110" />
        <calculationArc xlink:type="arc" xlink:arcrole="http://www.xbrl.org/2003/arcrole/summation-item" xlink:from="Locator_us-gaap_ProfitLoss_109" xlink:to="Locator_us-gaap_IncomeLossFromDiscontinuedOperationsNetOfTax_110" order="17.0" weight="1" />
        <loc xlink:type="locator" xlink:href="http://xbrl.fasb.org/us-gaap/2012/elts/us-gaap-2012-01-31.xsd#us-gaap_NetIncomeLoss" xlink:label="Locator_us-gaap_NetIncomeLoss_103" />
        <loc xlink:type="locator" xlink:href="http://xbrl.fasb.org/us-gaap/2012/elts/us-gaap-2012-01-31.xsd#us-gaap_ProfitLoss" xlink:label="Locator_us-gaap_ProfitLoss_104" />
        <calculationArc xlink:type="arc" xlink:arcrole="http://www.xbrl.org/2003/arcrole/summation-item" xlink:from="Locator_us-gaap_NetIncomeLoss_103" xlink:to="Locator_us-gaap_ProfitLoss_104" order="18.0" weight="1" />
        <loc xlink:type="locator" xlink:href="http://xbrl.fasb.org/us-gaap/2012/elts/us-gaap-2012-01-31.xsd#us-gaap_NetIncomeLoss" xlink:label="Locator_us-gaap_NetIncomeLoss_105" />
        <loc xlink:type="locator" xlink:href="http://xbrl.fasb.org/us-gaap/2012/elts/us-gaap-2012-01-31.xsd#us-gaap_NetIncomeLossAttributableToNoncontrollingInterest" xlink:label="Locator_us-gaap_NetIncomeLossAttributableToNoncontrollingInterest_106" />
        <calculationArc xlink:type="arc" xlink:arcrole="http://www.xbrl.org/2003/arcrole/summation-item" xlink:from="Locator_us-gaap_NetIncomeLoss_105" xlink:to="Locator_us-gaap_NetIncomeLossAttributableToNoncontrollingInterest_106" order="19.0" weight="-1" />
    </calculationLink>
    <calculationLink xlink:type="extended" xlink:role="http://www.viacom.com/role/StatementCONSOLIDATEDBALANCESHEETS">
        <loc xlink:type="locator" xlink:href="http://xbrl.fasb.org/us-gaap/2012/elts/us-gaap-2012-01-31.xsd#us-gaap_Assets" xlink:label="Locator_us-gaap_Assets_215" />
        <loc xlink:type="locator" xlink:href="http://xbrl.fasb.org/us-gaap/2012/elts/us-gaap-2012-01-31.xsd#us-gaap_AssetsCurrent" xlink:label="Locator_us-gaap_AssetsCurrent_216" />
        <calculationArc xlink:type="arc" xlink:arcrole="http://www.xbrl.org/2003/arcrole/summation-item" xlink:from="Locator_us-gaap_Assets_215" xlink:to="Locator_us-gaap_AssetsCurrent_216" order="10.0" weight="1" />
        <loc xlink:type="locator" xlink:href="http://xbrl.fasb.org/us-gaap/2012/elts/us-gaap-2012-01-31.xsd#us-gaap_AssetsCurrent" xlink:label="Locator_us-gaap_AssetsCurrent_231" />
        <loc xlink:type="locator" xlink:href="http://xbrl.fasb.org/us-gaap/2012/elts/us-gaap-2012-01-31.xsd#us-gaap_CashAndCashEquivalentsAtCarryingValue" xlink:label="Locator_us-gaap_CashAndCashEquivalentsAtCarryingValue_232" />
        <calculationArc xlink:type="arc" xlink:arcrole="http://www.xbrl.org/2003/arcrole/summation-item" xlink:from="Locator_us-gaap_AssetsCurrent_231" xlink:to="Locator_us-gaap_CashAndCashEquivalentsAtCarryingValue_232" order="4.0" weight="1" />
        <loc xlink:type="locator" xlink:href="http://xbrl.fasb.org/us-gaap/2012/elts/us-gaap-2012-01-31.xsd#us-gaap_AssetsCurrent" xlink:label="Locator_us-gaap_AssetsCurrent_233" />
        <loc xlink:type="locator" xlink:href="http://xbrl.fasb.org/us-gaap/2012/elts/us-gaap-2012-01-31.xsd#us-gaap_ReceivablesNetCurrent" xlink:label="Locator_us-gaap_ReceivablesNetCurrent_234" />
        <calculationArc xlink:type="arc" xlink:arcrole="http://www.xbrl.org/2003/arcrole/summation-item" xlink:from="Locator_us-gaap_AssetsCurrent_233" xlink:to="Locator_us-gaap_ReceivablesNetCurrent_234" order="5.0" weight="1" />
        <loc xlink:type="locator" xlink:href="http://xbrl.fasb.org/us-gaap/2012/elts/us-gaap-2012-01-31.xsd#us-gaap_AssetsCurrent" xlink:label="Locator_us-gaap_AssetsCurrent_235" />
        <loc xlink:type="locator" xlink:href="http://xbrl.fasb.org/us-gaap/2012/elts/us-gaap-2012-01-31.xsd#us-gaap_InventoryNet" xlink:label="Locator_us-gaap_InventoryNet_236" />
        <calculationArc xlink:type="arc" xlink:arcrole="http://www.xbrl.org/2003/arcrole/summation-item" xlink:from="Locator_us-gaap_AssetsCurrent_235" xlink:to="Locator_us-gaap_InventoryNet_236" order="6.0" weight="1" />
        <loc xlink:type="locator" xlink:href="http://xbrl.fasb.org/us-gaap/2012/elts/us-gaap-2012-01-31.xsd#us-gaap_AssetsCurrent" xlink:label="Locator_us-gaap_AssetsCurrent_237" />
        <loc xlink:type="locator" xlink:href="http://xbrl.fasb.org/us-gaap/2012/elts/us-gaap-2012-01-31.xsd#us-gaap_DeferredTaxAssetsNetCurrent" xlink:label="Locator_us-gaap_DeferredTaxAssetsNetCurrent_238" />
        <calculationArc xlink:type="arc" xlink:arcrole="http://www.xbrl.org/2003/arcrole/summation-item" xlink:from="Locator_us-gaap_AssetsCurrent_237" xlink:to="Locator_us-gaap_DeferredTaxAssetsNetCurrent_238" order="7.0" weight="1" />
        <loc xlink:type="locator" xlink:href="http://xbrl.fasb.org/us-gaap/2012/elts/us-gaap-2012-01-31.xsd#us-gaap_AssetsCurrent" xlink:label="Locator_us-gaap_AssetsCurrent_239" />
        <loc xlink:type="locator" xlink:href="http://xbrl.fasb.org/us-gaap/2012/elts/us-gaap-2012-01-31.xsd#us-gaap_AssetsHeldForSaleCurrent" xlink:label="Locator_us-gaap_AssetsHeldForSaleCurrent_240" />
        <calculationArc xlink:type="arc" xlink:arcrole="http://www.xbrl.org/2003/arcrole/summation-item" xlink:from="Locator_us-gaap_AssetsCurrent_239" xlink:to="Locator_us-gaap_AssetsHeldForSaleCurrent_240" order="9.0" weight="1" />
        <loc xlink:type="locator" xlink:href="http://xbrl.fasb.org/us-gaap/2012/elts/us-gaap-2012-01-31.xsd#us-gaap_AssetsCurrent" xlink:label="Locator_us-gaap_AssetsCurrent_241" />
        <loc xlink:type="locator" xlink:href="http://xbrl.fasb.org/us-gaap/2012/elts/us-gaap-2012-01-31.xsd#us-gaap_PrepaidExpenseAndOtherAssetsCurrent" xlink:label="Locator_us-gaap_PrepaidExpenseAndOtherAssetsCurrent_242" />
        <calculationArc xlink:type="arc" xlink:arcrole="http://www.xbrl.org/2003/arcrole/summation-item" xlink:from="Locator_us-gaap_AssetsCurrent_241" xlink:to="Locator_us-gaap_PrepaidExpenseAndOtherAssetsCurrent_242" order="8.0" weight="1" />
        <loc xlink:type="locator" xlink:href="http://xbrl.fasb.org/us-gaap/2012/elts/us-gaap-2012-01-31.xsd#us-gaap_Assets" xlink:label="Locator_us-gaap_Assets_217" />
        <loc xlink:type="locator" xlink:href="http://xbrl.fasb.org/us-gaap/2012/elts/us-gaap-2012-01-31.xsd#us-gaap_PropertyPlantAndEquipmentNet" xlink:label="Locator_us-gaap_PropertyPlantAndEquipmentNet_218" />
        <calculationArc xlink:type="arc" xlink:arcrole="http://www.xbrl.org/2003/arcrole/summation-item" xlink:from="Locator_us-gaap_Assets_217" xlink:to="Locator_us-gaap_PropertyPlantAndEquipmentNet_218" order="11.0" weight="1" />
        <loc xlink:type="locator" xlink:href="http://xbrl.fasb.org/us-gaap/2012/elts/us-gaap-2012-01-31.xsd#us-gaap_Assets" xlink:label="Locator_us-gaap_Assets_219" />
        <loc xlink:type="locator" xlink:href="http://xbrl.fasb.org/us-gaap/2012/elts/us-gaap-2012-01-31.xsd#us-gaap_InventoryNoncurrent" xlink:label="Locator_us-gaap_InventoryNoncurrent_220" />
        <calculationArc xlink:type="arc" xlink:arcrole="http://www.xbrl.org/2003/arcrole/summation-item" xlink:from="Locator_us-gaap_Assets_219" xlink:to="Locator_us-gaap_InventoryNoncurrent_220" order="12.0" weight="1" />
        <loc xlink:type="locator" xlink:href="http://xbrl.fasb.org/us-gaap/2012/elts/us-gaap-2012-01-31.xsd#us-gaap_Assets" xlink:label="Locator_us-gaap_Assets_221" />
        <loc xlink:type="locator" xlink:href="http://xbrl.fasb.org/us-gaap/2012/elts/us-gaap-2012-01-31.xsd#us-gaap_Goodwill" xlink:label="Locator_us-gaap_Goodwill_222" />
        <calculationArc xlink:type="arc" xlink:arcrole="http://www.xbrl.org/2003/arcrole/summation-item" xlink:from="Locator_us-gaap_Assets_221" xlink:to="Locator_us-gaap_Goodwill_222" order="13.0" weight="1" />
        <loc xlink:type="locator" xlink:href="http://xbrl.fasb.org/us-gaap/2012/elts/us-gaap-2012-01-31.xsd#us-gaap_Assets" xlink:label="Locator_us-gaap_Assets_223" />
        <loc xlink:type="locator" xlink:href="http://xbrl.fasb.org/us-gaap/2012/elts/us-gaap-2012-01-31.xsd#us-gaap_IntangibleAssetsNetExcludingGoodwill" xlink:label="Locator_us-gaap_IntangibleAssetsNetExcludingGoodwill_224" />
        <calculationArc xlink:type="arc" xlink:arcrole="http://www.xbrl.org/2003/arcrole/summation-item" xlink:from="Locator_us-gaap_Assets_223" xlink:to="Locator_us-gaap_IntangibleAssetsNetExcludingGoodwill_224" order="15.0" weight="1" />
        <loc xlink:type="locator" xlink:href="http://xbrl.fasb.org/us-gaap/2012/elts/us-gaap-2012-01-31.xsd#us-gaap_Assets" xlink:label="Locator_us-gaap_Assets_225" />
        <loc xlink:type="locator" xlink:href="http://xbrl.fasb.org/us-gaap/2012/elts/us-gaap-2012-01-31.xsd#us-gaap_OtherAssetsNoncurrent" xlink:label="Locator_us-gaap_OtherAssetsNoncurrent_226" />
        <calculationArc xlink:type="arc" xlink:arcrole="http://www.xbrl.org/2003/arcrole/summation-item" xlink:from="Locator_us-gaap_Assets_225" xlink:to="Locator_us-gaap_OtherAssetsNoncurrent_226" order="16.0" weight="1" />
        <loc xlink:type="locator" xlink:href="http://xbrl.fasb.org/us-gaap/2012/elts/us-gaap-2012-01-31.xsd#us-gaap_Assets" xlink:label="Locator_us-gaap_Assets_227" />
        <loc xlink:type="locator" xlink:href="http://xbrl.fasb.org/us-gaap/2012/elts/us-gaap-2012-01-31.xsd#us-gaap_DeferredTaxAssetsNetNoncurrent" xlink:label="Locator_us-gaap_DeferredTaxAssetsNetNoncurrent_228" />
        <calculationArc xlink:type="arc" xlink:arcrole="http://www.xbrl.org/2003/arcrole/summation-item" xlink:from="Locator_us-gaap_Assets_227" xlink:to="Locator_us-gaap_DeferredTaxAssetsNetNoncurrent_228" order="14.0" weight="1" />
        <loc xlink:type="locator" xlink:href="http://xbrl.fasb.org/us-gaap/2012/elts/us-gaap-2012-01-31.xsd#us-gaap_Assets" xlink:label="Locator_us-gaap_Assets_229" />
        <loc xlink:type="locator" xlink:href="http://xbrl.fasb.org/us-gaap/2012/elts/us-gaap-2012-01-31.xsd#us-gaap_AssetsHeldForSaleLongLived" xlink:label="Locator_us-gaap_AssetsHeldForSaleLongLived_230" />
        <calculationArc xlink:type="arc" xlink:arcrole="http://www.xbrl.org/2003/arcrole/summation-item" xlink:from="Locator_us-gaap_Assets_229" xlink:to="Locator_us-gaap_AssetsHeldForSaleLongLived_230" order="17.0" weight="1" />
        <loc xlink:type="locator" xlink:href="http://xbrl.fasb.org/us-gaap/2012/elts/us-gaap-2012-01-31.xsd#us-gaap_LiabilitiesAndStockholdersEquity" xlink:label="Locator_us-gaap_LiabilitiesAndStockholdersEquity_243" />
        <loc xlink:type="locator" xlink:href="http://xbrl.fasb.org/us-gaap/2012/elts/us-gaap-2012-01-31.xsd#us-gaap_LongTermDebtAndCapitalLeaseObligations" xlink:label="Locator_us-gaap_LongTermDebtAndCapitalLeaseObligations_244" />
        <calculationArc xlink:type="arc" xlink:arcrole="http://www.xbrl.org/2003/arcrole/summation-item" xlink:from="Locator_us-gaap_LiabilitiesAndStockholdersEquity_243" xlink:to="Locator_us-gaap_LongTermDebtAndCapitalLeaseObligations_244" order="30.0" weight="1" />
        <loc xlink:type="locator" xlink:href="http://xbrl.fasb.org/us-gaap/2012/elts/us-gaap-2012-01-31.xsd#us-gaap_LiabilitiesAndStockholdersEquity" xlink:label="Locator_us-gaap_LiabilitiesAndStockholdersEquity_245" />
        <loc xlink:type="locator" xlink:href="via-20121201.xsd#via_ParticipantsShareAndResidualsNoncurrent1" xlink:label="Locator_via_ParticipantsShareAndResidualsNoncurrent1_246" />
        <calculationArc xlink:type="arc" xlink:arcrole="http://www.xbrl.org/2003/arcrole/summation-item" xlink:from="Locator_us-gaap_LiabilitiesAndStockholdersEquity_245" xlink:to="Locator_via_ParticipantsShareAndResidualsNoncurrent1_246" order="31.0" weight="1" />
        <loc xlink:type="locator" xlink:href="http://xbrl.fasb.org/us-gaap/2012/elts/us-gaap-2012-01-31.xsd#us-gaap_LiabilitiesAndStockholdersEquity" xlink:label="Locator_us-gaap_LiabilitiesAndStockholdersEquity_247" />
        <loc xlink:type="locator" xlink:href="via-20121201.xsd#via_ProgramRightsObligationsNoncurrent1" xlink:label="Locator_via_ProgramRightsObligationsNoncurrent1_248" />
        <calculationArc xlink:type="arc" xlink:arcrole="http://www.xbrl.org/2003/arcrole/summation-item" xlink:from="Locator_us-gaap_LiabilitiesAndStockholdersEquity_247" xlink:to="Locator_via_ProgramRightsObligationsNoncurrent1_248" order="32.0" weight="1" />
        <loc xlink:type="locator" xlink:href="http://xbrl.fasb.org/us-gaap/2012/elts/us-gaap-2012-01-31.xsd#us-gaap_LiabilitiesAndStockholdersEquity" xlink:label="Locator_us-gaap_LiabilitiesAndStockholdersEquity_249" />
        <loc xlink:type="locator" xlink:href="http://xbrl.fasb.org/us-gaap/2012/elts/us-gaap-2012-01-31.xsd#us-gaap_DeferredTaxLiabilitiesNoncurrent" xlink:label="Locator_us-gaap_DeferredTaxLiabilitiesNoncurrent_250" />
        <calculationArc xlink:type="arc" xlink:arcrole="http://www.xbrl.org/2003/arcrole/summation-item" xlink:from="Locator_us-gaap_LiabilitiesAndStockholdersEquity_249" xlink:to="Locator_us-gaap_DeferredTaxLiabilitiesNoncurrent_250" order="33.0" weight="1" />
        <loc xlink:type="locator" xlink:href="http://xbrl.fasb.org/us-gaap/2012/elts/us-gaap-2012-01-31.xsd#us-gaap_LiabilitiesAndStockholdersEquity" xlink:label="Locator_us-gaap_LiabilitiesAndStockholdersEquity_251" />
        <loc xlink:type="locator" xlink:href="http://xbrl.fasb.org/us-gaap/2012/elts/us-gaap-2012-01-31.xsd#us-gaap_OtherLiabilitiesNoncurrent" xlink:label="Locator_us-gaap_OtherLiabilitiesNoncurrent_252" />
        <calculationArc xlink:type="arc" xlink:arcrole="http://www.xbrl.org/2003/arcrole/summation-item" xlink:from="Locator_us-gaap_LiabilitiesAndStockholdersEquity_251" xlink:to="Locator_us-gaap_OtherLiabilitiesNoncurrent_252" order="34.0" weight="1" />
        <loc xlink:type="locator" xlink:href="http://xbrl.fasb.org/us-gaap/2012/elts/us-gaap-2012-01-31.xsd#us-gaap_LiabilitiesAndStockholdersEquity" xlink:label="Locator_us-gaap_LiabilitiesAndStockholdersEquity_253" />
        <loc xlink:type="locator" xlink:href="http://xbrl.fasb.org/us-gaap/2012/elts/us-gaap-2012-01-31.xsd#us-gaap_LiabilitiesCurrent" xlink:label="Locator_us-gaap_LiabilitiesCurrent_254" />
        <calculationArc xlink:type="arc" xlink:arcrole="http://www.xbrl.org/2003/arcrole/summation-item" xlink:from="Locator_us-gaap_LiabilitiesAndStockholdersEquity_253" xlink:to="Locator_us-gaap_LiabilitiesCurrent_254" order="29.0" weight="1" />
        <loc xlink:type="locator" xlink:href="http://xbrl.fasb.org/us-gaap/2012/elts/us-gaap-2012-01-31.xsd#us-gaap_LiabilitiesCurrent" xlink:label="Locator_us-gaap_LiabilitiesCurrent_261" />
        <loc xlink:type="locator" xlink:href="via-20121201.xsd#via_ParticipantsShareAndResidualsCurrent" xlink:label="Locator_via_ParticipantsShareAndResidualsCurrent_262" />
        <calculationArc xlink:type="arc" xlink:arcrole="http://www.xbrl.org/2003/arcrole/summation-item" xlink:from="Locator_us-gaap_LiabilitiesCurrent_261" xlink:to="Locator_via_ParticipantsShareAndResidualsCurrent_262" order="23.0" weight="1" />
        <loc xlink:type="locator" xlink:href="http://xbrl.fasb.org/us-gaap/2012/elts/us-gaap-2012-01-31.xsd#us-gaap_LiabilitiesCurrent" xlink:label="Locator_us-gaap_LiabilitiesCurrent_263" />
        <loc xlink:type="locator" xlink:href="via-20121201.xsd#via_ProgramRightsObligationsCurrent1" xlink:label="Locator_via_ProgramRightsObligationsCurrent1_264" />
        <calculationArc xlink:type="arc" xlink:arcrole="http://www.xbrl.org/2003/arcrole/summation-item" xlink:from="Locator_us-gaap_LiabilitiesCurrent_263" xlink:to="Locator_via_ProgramRightsObligationsCurrent1_264" order="24.0" weight="1" />
        <loc xlink:type="locator" xlink:href="http://xbrl.fasb.org/us-gaap/2012/elts/us-gaap-2012-01-31.xsd#us-gaap_LiabilitiesCurrent" xlink:label="Locator_us-gaap_LiabilitiesCurrent_265" />
        <loc xlink:type="locator" xlink:href="http://xbrl.fasb.org/us-gaap/2012/elts/us-gaap-2012-01-31.xsd#us-gaap_DeferredRevenueCurrent" xlink:label="Locator_us-gaap_DeferredRevenueCurrent_266" />
        <calculationArc xlink:type="arc" xlink:arcrole="http://www.xbrl.org/2003/arcrole/summation-item" xlink:from="Locator_us-gaap_LiabilitiesCurrent_265" xlink:to="Locator_us-gaap_DeferredRevenueCurrent_266" order="25.0" weight="1" />
        <loc xlink:type="locator" xlink:href="http://xbrl.fasb.org/us-gaap/2012/elts/us-gaap-2012-01-31.xsd#us-gaap_LiabilitiesCurrent" xlink:label="Locator_us-gaap_LiabilitiesCurrent_267" />
        <loc xlink:type="locator" xlink:href="http://xbrl.fasb.org/us-gaap/2012/elts/us-gaap-2012-01-31.xsd#us-gaap_DebtCurrent" xlink:label="Locator_us-gaap_DebtCurrent_268" />
        <calculationArc xlink:type="arc" xlink:arcrole="http://www.xbrl.org/2003/arcrole/summation-item" xlink:from="Locator_us-gaap_LiabilitiesCurrent_267" xlink:to="Locator_us-gaap_DebtCurrent_268" order="26.0" weight="1" />
        <loc xlink:type="locator" xlink:href="http://xbrl.fasb.org/us-gaap/2012/elts/us-gaap-2012-01-31.xsd#us-gaap_LiabilitiesCurrent" xlink:label="Locator_us-gaap_LiabilitiesCurrent_269" />
        <loc xlink:type="locator" xlink:href="http://xbrl.fasb.org/us-gaap/2012/elts/us-gaap-2012-01-31.xsd#us-gaap_OtherLiabilitiesCurrent" xlink:label="Locator_us-gaap_OtherLiabilitiesCurrent_270" />
        <calculationArc xlink:type="arc" xlink:arcrole="http://www.xbrl.org/2003/arcrole/summation-item" xlink:from="Locator_us-gaap_LiabilitiesCurrent_269" xlink:to="Locator_us-gaap_OtherLiabilitiesCurrent_270" order="27.0" weight="1" />
        <loc xlink:type="locator" xlink:href="http://xbrl.fasb.org/us-gaap/2012/elts/us-gaap-2012-01-31.xsd#us-gaap_LiabilitiesCurrent" xlink:label="Locator_us-gaap_LiabilitiesCurrent_271" />
        <loc xlink:type="locator" xlink:href="http://xbrl.fasb.org/us-gaap/2012/elts/us-gaap-2012-01-31.xsd#us-gaap_AccountsPayableCurrent" xlink:label="Locator_us-gaap_AccountsPayableCurrent_272" />
        <calculationArc xlink:type="arc" xlink:arcrole="http://www.xbrl.org/2003/arcrole/summation-item" xlink:from="Locator_us-gaap_LiabilitiesCurrent_271" xlink:to="Locator_us-gaap_AccountsPayableCurrent_272" order="21.0" weight="1" />
        <loc xlink:type="locator" xlink:href="http://xbrl.fasb.org/us-gaap/2012/elts/us-gaap-2012-01-31.xsd#us-gaap_LiabilitiesCurrent" xlink:label="Locator_us-gaap_LiabilitiesCurrent_273" />
        <loc xlink:type="locator" xlink:href="http://xbrl.fasb.org/us-gaap/2012/elts/us-gaap-2012-01-31.xsd#us-gaap_AccruedLiabilitiesCurrent" xlink:label="Locator_us-gaap_AccruedLiabilitiesCurrent_274" />
        <calculationArc xlink:type="arc" xlink:arcrole="http://www.xbrl.org/2003/arcrole/summation-item" xlink:from="Locator_us-gaap_LiabilitiesCurrent_273" xlink:to="Locator_us-gaap_AccruedLiabilitiesCurrent_274" order="22.0" weight="1" />
        <loc xlink:type="locator" xlink:href="http://xbrl.fasb.org/us-gaap/2012/elts/us-gaap-2012-01-31.xsd#us-gaap_LiabilitiesCurrent" xlink:label="Locator_us-gaap_LiabilitiesCurrent_275" />
        <loc xlink:type="locator" xlink:href="via-20121201.xsd#via_LiabilitiesOfAssetsHeldForSaleCurrent" xlink:label="Locator_via_LiabilitiesOfAssetsHeldForSaleCurrent_276" />
        <calculationArc xlink:type="arc" xlink:arcrole="http://www.xbrl.org/2003/arcrole/summation-item" xlink:from="Locator_us-gaap_LiabilitiesCurrent_275" xlink:to="Locator_via_LiabilitiesOfAssetsHeldForSaleCurrent_276" order="28.0" weight="1" />
        <loc xlink:type="locator" xlink:href="http://xbrl.fasb.org/us-gaap/2012/elts/us-gaap-2012-01-31.xsd#us-gaap_LiabilitiesAndStockholdersEquity" xlink:label="Locator_us-gaap_LiabilitiesAndStockholdersEquity_255" />
        <loc xlink:type="locator" xlink:href="http://xbrl.fasb.org/us-gaap/2012/elts/us-gaap-2012-01-31.xsd#us-gaap_StockholdersEquityIncludingPortionAttributableToNoncontrollingInterest" xlink:label="Locator_us-gaap_StockholdersEquityIncludingPortionAttributableToNoncontrollingInterest_256" />
        <calculationArc xlink:type="arc" xlink:arcrole="http://www.xbrl.org/2003/arcrole/summation-item" xlink:from="Locator_us-gaap_LiabilitiesAndStockholdersEquity_255" xlink:to="Locator_us-gaap_StockholdersEquityIncludingPortionAttributableToNoncontrollingInterest_256" order="50.0" weight="1" />
        <loc xlink:type="locator" xlink:href="http://xbrl.fasb.org/us-gaap/2012/elts/us-gaap-2012-01-31.xsd#us-gaap_StockholdersEquityIncludingPortionAttributableToNoncontrollingInterest" xlink:label="Locator_us-gaap_StockholdersEquityIncludingPortionAttributableToNoncontrollingInterest_277" />
        <loc xlink:type="locator" xlink:href="http://xbrl.fasb.org/us-gaap/2012/elts/us-gaap-2012-01-31.xsd#us-gaap_MinorityInterest" xlink:label="Locator_us-gaap_MinorityInterest_278" />
        <calculationArc xlink:type="arc" xlink:arcrole="http://www.xbrl.org/2003/arcrole/summation-item" xlink:from="Locator_us-gaap_StockholdersEquityIncludingPortionAttributableToNoncontrollingInterest_277" xlink:to="Locator_us-gaap_MinorityInterest_278" order="49.0" weight="1" />
        <loc xlink:type="locator" xlink:href="http://xbrl.fasb.org/us-gaap/2012/elts/us-gaap-2012-01-31.xsd#us-gaap_StockholdersEquityIncludingPortionAttributableToNoncontrollingInterest" xlink:label="Locator_us-gaap_StockholdersEquityIncludingPortionAttributableToNoncontrollingInterest_279" />
        <loc xlink:type="locator" xlink:href="http://xbrl.fasb.org/us-gaap/2012/elts/us-gaap-2012-01-31.xsd#us-gaap_StockholdersEquity" xlink:label="Locator_us-gaap_StockholdersEquity_280" />
        <calculationArc xlink:type="arc" xlink:arcrole="http://www.xbrl.org/2003/arcrole/summation-item" xlink:from="Locator_us-gaap_StockholdersEquityIncludingPortionAttributableToNoncontrollingInterest_279" xlink:to="Locator_us-gaap_StockholdersEquity_280" order="48.0" weight="1" />
        <loc xlink:type="locator" xlink:href="http://xbrl.fasb.org/us-gaap/2012/elts/us-gaap-2012-01-31.xsd#us-gaap_StockholdersEquity" xlink:label="Locator_us-gaap_StockholdersEquity_281" />
        <loc xlink:type="locator" xlink:href="http://xbrl.fasb.org/us-gaap/2012/elts/us-gaap-2012-01-31.xsd#us-gaap_CommonStockValue" xlink:label="Locator_us-gaap_CommonStockValue_282" />
        <calculationArc xlink:type="arc" xlink:arcrole="http://www.xbrl.org/2003/arcrole/summation-item" xlink:from="Locator_us-gaap_StockholdersEquity_281" xlink:to="Locator_us-gaap_CommonStockValue_282" order="39.0" weight="1" />
        <loc xlink:type="locator" xlink:href="http://xbrl.fasb.org/us-gaap/2012/elts/us-gaap-2012-01-31.xsd#us-gaap_StockholdersEquity" xlink:label="Locator_us-gaap_StockholdersEquity_283" />
        <loc xlink:type="locator" xlink:href="http://xbrl.fasb.org/us-gaap/2012/elts/us-gaap-2012-01-31.xsd#us-gaap_AdditionalPaidInCapital" xlink:label="Locator_us-gaap_AdditionalPaidInCapital_284" />
        <calculationArc xlink:type="arc" xlink:arcrole="http://www.xbrl.org/2003/arcrole/summation-item" xlink:from="Locator_us-gaap_StockholdersEquity_283" xlink:to="Locator_us-gaap_AdditionalPaidInCapital_284" order="43.0" weight="1" />
        <loc xlink:type="locator" xlink:href="http://xbrl.fasb.org/us-gaap/2012/elts/us-gaap-2012-01-31.xsd#us-gaap_StockholdersEquity" xlink:label="Locator_us-gaap_StockholdersEquity_285" />
        <loc xlink:type="locator" xlink:href="http://xbrl.fasb.org/us-gaap/2012/elts/us-gaap-2012-01-31.xsd#us-gaap_TreasuryStockValue" xlink:label="Locator_us-gaap_TreasuryStockValue_286" />
        <calculationArc xlink:type="arc" xlink:arcrole="http://www.xbrl.org/2003/arcrole/summation-item" xlink:from="Locator_us-gaap_StockholdersEquity_285" xlink:to="Locator_us-gaap_TreasuryStockValue_286" order="44.0" weight="-1" />
        <loc xlink:type="locator" xlink:href="http://xbrl.fasb.org/us-gaap/2012/elts/us-gaap-2012-01-31.xsd#us-gaap_StockholdersEquity" xlink:label="Locator_us-gaap_StockholdersEquity_287" />
        <loc xlink:type="locator" xlink:href="http://xbrl.fasb.org/us-gaap/2012/elts/us-gaap-2012-01-31.xsd#us-gaap_RetainedEarningsAccumulatedDeficit" xlink:label="Locator_us-gaap_RetainedEarningsAccumulatedDeficit_288" />
        <calculationArc xlink:type="arc" xlink:arcrole="http://www.xbrl.org/2003/arcrole/summation-item" xlink:from="Locator_us-gaap_StockholdersEquity_287" xlink:to="Locator_us-gaap_RetainedEarningsAccumulatedDeficit_288" order="46.0" weight="1" />
        <loc xlink:type="locator" xlink:href="http://xbrl.fasb.org/us-gaap/2012/elts/us-gaap-2012-01-31.xsd#us-gaap_StockholdersEquity" xlink:label="Locator_us-gaap_StockholdersEquity_289" />
        <loc xlink:type="locator" xlink:href="http://xbrl.fasb.org/us-gaap/2012/elts/us-gaap-2012-01-31.xsd#us-gaap_AccumulatedOtherComprehensiveIncomeLossNetOfTax" xlink:label="Locator_us-gaap_AccumulatedOtherComprehensiveIncomeLossNetOfTax_290" />
        <calculationArc xlink:type="arc" xlink:arcrole="http://www.xbrl.org/2003/arcrole/summation-item" xlink:from="Locator_us-gaap_StockholdersEquity_289" xlink:to="Locator_us-gaap_AccumulatedOtherComprehensiveIncomeLossNetOfTax_290" order="47.0" weight="1" />
        <loc xlink:type="locator" xlink:href="http://xbrl.fasb.org/us-gaap/2012/elts/us-gaap-2012-01-31.xsd#us-gaap_LiabilitiesAndStockholdersEquity" xlink:label="Locator_us-gaap_LiabilitiesAndStockholdersEquity_257" />
        <loc xlink:type="locator" xlink:href="http://xbrl.fasb.org/us-gaap/2012/elts/us-gaap-2012-01-31.xsd#us-gaap_TemporaryEquityRedemptionValue" xlink:label="Locator_us-gaap_TemporaryEquityRedemptionValue_258" />
        <calculationArc xlink:type="arc" xlink:arcrole="http://www.xbrl.org/2003/arcrole/summation-item" xlink:from="Locator_us-gaap_LiabilitiesAndStockholdersEquity_257" xlink:to="Locator_us-gaap_TemporaryEquityRedemptionValue_258" order="36.0" weight="1" />
        <loc xlink:type="locator" xlink:href="http://xbrl.fasb.org/us-gaap/2012/elts/us-gaap-2012-01-31.xsd#us-gaap_LiabilitiesAndStockholdersEquity" xlink:label="Locator_us-gaap_LiabilitiesAndStockholdersEquity_259" />
        <loc xlink:type="locator" xlink:href="via-20121201.xsd#via_LiabilitiesOfAssetsHeldForSaleNoncurrent" xlink:label="Locator_via_LiabilitiesOfAssetsHeldForSaleNoncurrent_260" />
        <calculationArc xlink:type="arc" xlink:arcrole="http://www.xbrl.org/2003/arcrole/summation-item" xlink:from="Locator_us-gaap_LiabilitiesAndStockholdersEquity_259" xlink:to="Locator_via_LiabilitiesOfAssetsHeldForSaleNoncurrent_260" order="35.0" weight="1" />
    </calculationLink>
    <calculationLink xlink:type="extended" xlink:role="http://www.viacom.com/role/StatementCONSOLIDATEDSTATEMENTSOFCASHFLOWS">
        <loc xlink:type="locator" xlink:href="http://xbrl.fasb.org/us-gaap/2012/elts/us-gaap-2012-01-31.xsd#us-gaap_CashAndCashEquivalentsPeriodIncreaseDecrease" xlink:label="Locator_us-gaap_CashAndCashEquivalentsPeriodIncreaseDecrease_515" />
        <loc xlink:type="locator" xlink:href="http://xbrl.fasb.org/us-gaap/2012/elts/us-gaap-2012-01-31.xsd#us-gaap_NetCashProvidedByUsedInInvestingActivities" xlink:label="Locator_us-gaap_NetCashProvidedByUsedInInvestingActivities_516" />
        <calculationArc xlink:type="arc" xlink:arcrole="http://www.xbrl.org/2003/arcrole/summation-item" xlink:from="Locator_us-gaap_CashAndCashEquivalentsPeriodIncreaseDecrease_515" xlink:to="Locator_us-gaap_NetCashProvidedByUsedInInvestingActivities_516" order="24.0" weight="1" />
        <loc xlink:type="locator" xlink:href="http://xbrl.fasb.org/us-gaap/2012/elts/us-gaap-2012-01-31.xsd#us-gaap_NetCashProvidedByUsedInInvestingActivities" xlink:label="Locator_us-gaap_NetCashProvidedByUsedInInvestingActivities_523" />
        <loc xlink:type="locator" xlink:href="http://xbrl.fasb.org/us-gaap/2012/elts/us-gaap-2012-01-31.xsd#us-gaap_PaymentsToAcquireProductiveAssets" xlink:label="Locator_us-gaap_PaymentsToAcquireProductiveAssets_524" />
        <calculationArc xlink:type="arc" xlink:arcrole="http://www.xbrl.org/2003/arcrole/summation-item" xlink:from="Locator_us-gaap_NetCashProvidedByUsedInInvestingActivities_523" xlink:to="Locator_us-gaap_PaymentsToAcquireProductiveAssets_524" order="22.0" weight="-1" />
        <loc xlink:type="locator" xlink:href="http://xbrl.fasb.org/us-gaap/2012/elts/us-gaap-2012-01-31.xsd#us-gaap_NetCashProvidedByUsedInInvestingActivities" xlink:label="Locator_us-gaap_NetCashProvidedByUsedInInvestingActivities_525" />
        <loc xlink:type="locator" xlink:href="via-20121201.xsd#via_AcquisitionsAndInvestmentsNetOfCashAcquired" xlink:label="Locator_via_AcquisitionsAndInvestmentsNetOfCashAcquired_526" />
        <calculationArc xlink:type="arc" xlink:arcrole="http://www.xbrl.org/2003/arcrole/summation-item" xlink:from="Locator_us-gaap_NetCashProvidedByUsedInInvestingActivities_525" xlink:to="Locator_via_AcquisitionsAndInvestmentsNetOfCashAcquired_526" order="21.0" weight="-1" />
        <loc xlink:type="locator" xlink:href="http://xbrl.fasb.org/us-gaap/2012/elts/us-gaap-2012-01-31.xsd#us-gaap_NetCashProvidedByUsedInInvestingActivities" xlink:label="Locator_us-gaap_NetCashProvidedByUsedInInvestingActivities_527" />
        <loc xlink:type="locator" xlink:href="http://xbrl.fasb.org/us-gaap/2012/elts/us-gaap-2012-01-31.xsd#us-gaap_CashProvidedByUsedInInvestingActivitiesDiscontinuedOperations" xlink:label="Locator_us-gaap_CashProvidedByUsedInInvestingActivitiesDiscontinuedOperations_528" />
        <calculationArc xlink:type="arc" xlink:arcrole="http://www.xbrl.org/2003/arcrole/summation-item" xlink:from="Locator_us-gaap_NetCashProvidedByUsedInInvestingActivities_527" xlink:to="Locator_us-gaap_CashProvidedByUsedInInvestingActivitiesDiscontinuedOperations_528" order="23.0" weight="1" />
        <loc xlink:type="locator" xlink:href="http://xbrl.fasb.org/us-gaap/2012/elts/us-gaap-2012-01-31.xsd#us-gaap_CashAndCashEquivalentsPeriodIncreaseDecrease" xlink:label="Locator_us-gaap_CashAndCashEquivalentsPeriodIncreaseDecrease_517" />
        <loc xlink:type="locator" xlink:href="http://xbrl.fasb.org/us-gaap/2012/elts/us-gaap-2012-01-31.xsd#us-gaap_NetCashProvidedByUsedInFinancingActivities" xlink:label="Locator_us-gaap_NetCashProvidedByUsedInFinancingActivities_518" />
        <calculationArc xlink:type="arc" xlink:arcrole="http://www.xbrl.org/2003/arcrole/summation-item" xlink:from="Locator_us-gaap_CashAndCashEquivalentsPeriodIncreaseDecrease_517" xlink:to="Locator_us-gaap_NetCashProvidedByUsedInFinancingActivities_518" order="34.0" weight="1" />
        <loc xlink:type="locator" xlink:href="http://xbrl.fasb.org/us-gaap/2012/elts/us-gaap-2012-01-31.xsd#us-gaap_NetCashProvidedByUsedInFinancingActivities" xlink:label="Locator_us-gaap_NetCashProvidedByUsedInFinancingActivities_529" />
        <loc xlink:type="locator" xlink:href="http://xbrl.fasb.org/us-gaap/2012/elts/us-gaap-2012-01-31.xsd#us-gaap_ProceedsFromBankDebt" xlink:label="Locator_us-gaap_ProceedsFromBankDebt_530" />
        <calculationArc xlink:type="arc" xlink:arcrole="http://www.xbrl.org/2003/arcrole/summation-item" xlink:from="Locator_us-gaap_NetCashProvidedByUsedInFinancingActivities_529" xlink:to="Locator_us-gaap_ProceedsFromBankDebt_530" order="26.0" weight="1" />
        <loc xlink:type="locator" xlink:href="http://xbrl.fasb.org/us-gaap/2012/elts/us-gaap-2012-01-31.xsd#us-gaap_NetCashProvidedByUsedInFinancingActivities" xlink:label="Locator_us-gaap_NetCashProvidedByUsedInFinancingActivities_531" />
        <loc xlink:type="locator" xlink:href="http://xbrl.fasb.org/us-gaap/2012/elts/us-gaap-2012-01-31.xsd#us-gaap_RepaymentsOfBankDebt" xlink:label="Locator_us-gaap_RepaymentsOfBankDebt_532" />
        <calculationArc xlink:type="arc" xlink:arcrole="http://www.xbrl.org/2003/arcrole/summation-item" xlink:from="Locator_us-gaap_NetCashProvidedByUsedInFinancingActivities_531" xlink:to="Locator_us-gaap_RepaymentsOfBankDebt_532" order="27.0" weight="-1" />
        <loc xlink:type="locator" xlink:href="http://xbrl.fasb.org/us-gaap/2012/elts/us-gaap-2012-01-31.xsd#us-gaap_NetCashProvidedByUsedInFinancingActivities" xlink:label="Locator_us-gaap_NetCashProvidedByUsedInFinancingActivities_533" />
        <loc xlink:type="locator" xlink:href="via-20121201.xsd#via_NetProceedsFromIssuanceRepaymentsOfCommercialPaper" xlink:label="Locator_via_NetProceedsFromIssuanceRepaymentsOfCommercialPaper_534" />
        <calculationArc xlink:type="arc" xlink:arcrole="http://www.xbrl.org/2003/arcrole/summation-item" xlink:from="Locator_us-gaap_NetCashProvidedByUsedInFinancingActivities_533" xlink:to="Locator_via_NetProceedsFromIssuanceRepaymentsOfCommercialPaper_534" order="28.0" weight="1" />
        <loc xlink:type="locator" xlink:href="http://xbrl.fasb.org/us-gaap/2012/elts/us-gaap-2012-01-31.xsd#us-gaap_NetCashProvidedByUsedInFinancingActivities" xlink:label="Locator_us-gaap_NetCashProvidedByUsedInFinancingActivities_535" />
        <loc xlink:type="locator" xlink:href="via-20121201.xsd#via_OtherFinancingActivitiesNet" xlink:label="Locator_via_OtherFinancingActivitiesNet_536" />
        <calculationArc xlink:type="arc" xlink:arcrole="http://www.xbrl.org/2003/arcrole/summation-item" xlink:from="Locator_us-gaap_NetCashProvidedByUsedInFinancingActivities_535" xlink:to="Locator_via_OtherFinancingActivitiesNet_536" order="33.0" weight="-1" />
        <loc xlink:type="locator" xlink:href="http://xbrl.fasb.org/us-gaap/2012/elts/us-gaap-2012-01-31.xsd#us-gaap_NetCashProvidedByUsedInFinancingActivities" xlink:label="Locator_us-gaap_NetCashProvidedByUsedInFinancingActivities_537" />
        <loc xlink:type="locator" xlink:href="http://xbrl.fasb.org/us-gaap/2012/elts/us-gaap-2012-01-31.xsd#us-gaap_PaymentsForRepurchaseOfCommonStock" xlink:label="Locator_us-gaap_PaymentsForRepurchaseOfCommonStock_538" />
        <calculationArc xlink:type="arc" xlink:arcrole="http://www.xbrl.org/2003/arcrole/summation-item" xlink:from="Locator_us-gaap_NetCashProvidedByUsedInFinancingActivities_537" xlink:to="Locator_us-gaap_PaymentsForRepurchaseOfCommonStock_538" order="29.0" weight="-1" />
        <loc xlink:type="locator" xlink:href="http://xbrl.fasb.org/us-gaap/2012/elts/us-gaap-2012-01-31.xsd#us-gaap_NetCashProvidedByUsedInFinancingActivities" xlink:label="Locator_us-gaap_NetCashProvidedByUsedInFinancingActivities_539" />
        <loc xlink:type="locator" xlink:href="http://xbrl.fasb.org/us-gaap/2012/elts/us-gaap-2012-01-31.xsd#us-gaap_PaymentsOfDividendsCommonStock" xlink:label="Locator_us-gaap_PaymentsOfDividendsCommonStock_540" />
        <calculationArc xlink:type="arc" xlink:arcrole="http://www.xbrl.org/2003/arcrole/summation-item" xlink:from="Locator_us-gaap_NetCashProvidedByUsedInFinancingActivities_539" xlink:to="Locator_us-gaap_PaymentsOfDividendsCommonStock_540" order="30.0" weight="-1" />
        <loc xlink:type="locator" xlink:href="http://xbrl.fasb.org/us-gaap/2012/elts/us-gaap-2012-01-31.xsd#us-gaap_NetCashProvidedByUsedInFinancingActivities" xlink:label="Locator_us-gaap_NetCashProvidedByUsedInFinancingActivities_541" />
        <loc xlink:type="locator" xlink:href="http://xbrl.fasb.org/us-gaap/2012/elts/us-gaap-2012-01-31.xsd#us-gaap_ProceedsFromStockOptionsExercised" xlink:label="Locator_us-gaap_ProceedsFromStockOptionsExercised_542" />
        <calculationArc xlink:type="arc" xlink:arcrole="http://www.xbrl.org/2003/arcrole/summation-item" xlink:from="Locator_us-gaap_NetCashProvidedByUsedInFinancingActivities_541" xlink:to="Locator_us-gaap_ProceedsFromStockOptionsExercised_542" order="32.0" weight="1" />
        <loc xlink:type="locator" xlink:href="http://xbrl.fasb.org/us-gaap/2012/elts/us-gaap-2012-01-31.xsd#us-gaap_NetCashProvidedByUsedInFinancingActivities" xlink:label="Locator_us-gaap_NetCashProvidedByUsedInFinancingActivities_543" />
        <loc xlink:type="locator" xlink:href="http://xbrl.fasb.org/us-gaap/2012/elts/us-gaap-2012-01-31.xsd#us-gaap_ExcessTaxBenefitFromShareBasedCompensationFinancingActivities" xlink:label="Locator_us-gaap_ExcessTaxBenefitFromShareBasedCompensationFinancingActivities_544" />
        <calculationArc xlink:type="arc" xlink:arcrole="http://www.xbrl.org/2003/arcrole/summation-item" xlink:from="Locator_us-gaap_NetCashProvidedByUsedInFinancingActivities_543" xlink:to="Locator_us-gaap_ExcessTaxBenefitFromShareBasedCompensationFinancingActivities_544" order="31.0" weight="1" />
        <loc xlink:type="locator" xlink:href="http://xbrl.fasb.org/us-gaap/2012/elts/us-gaap-2012-01-31.xsd#us-gaap_CashAndCashEquivalentsPeriodIncreaseDecrease" xlink:label="Locator_us-gaap_CashAndCashEquivalentsPeriodIncreaseDecrease_519" />
        <loc xlink:type="locator" xlink:href="http://xbrl.fasb.org/us-gaap/2012/elts/us-gaap-2012-01-31.xsd#us-gaap_EffectOfExchangeRateOnCashAndCashEquivalents" xlink:label="Locator_us-gaap_EffectOfExchangeRateOnCashAndCashEquivalents_520" />
        <calculationArc xlink:type="arc" xlink:arcrole="http://www.xbrl.org/2003/arcrole/summation-item" xlink:from="Locator_us-gaap_CashAndCashEquivalentsPeriodIncreaseDecrease_519" xlink:to="Locator_us-gaap_EffectOfExchangeRateOnCashAndCashEquivalents_520" order="35.0" weight="1" />
        <loc xlink:type="locator" xlink:href="http://xbrl.fasb.org/us-gaap/2012/elts/us-gaap-2012-01-31.xsd#us-gaap_CashAndCashEquivalentsPeriodIncreaseDecrease" xlink:label="Locator_us-gaap_CashAndCashEquivalentsPeriodIncreaseDecrease_521" />
        <loc xlink:type="locator" xlink:href="http://xbrl.fasb.org/us-gaap/2012/elts/us-gaap-2012-01-31.xsd#us-gaap_NetCashProvidedByUsedInOperatingActivities" xlink:label="Locator_us-gaap_NetCashProvidedByUsedInOperatingActivities_522" />
        <calculationArc xlink:type="arc" xlink:arcrole="http://www.xbrl.org/2003/arcrole/summation-item" xlink:from="Locator_us-gaap_CashAndCashEquivalentsPeriodIncreaseDecrease_521" xlink:to="Locator_us-gaap_NetCashProvidedByUsedInOperatingActivities_522" order="19.0" weight="1" />
        <loc xlink:type="locator" xlink:href="http://xbrl.fasb.org/us-gaap/2012/elts/us-gaap-2012-01-31.xsd#us-gaap_NetCashProvidedByUsedInOperatingActivities" xlink:label="Locator_us-gaap_NetCashProvidedByUsedInOperatingActivities_545" />
        <loc xlink:type="locator" xlink:href="http://xbrl.fasb.org/us-gaap/2012/elts/us-gaap-2012-01-31.xsd#us-gaap_DepreciationAndAmortization" xlink:label="Locator_us-gaap_DepreciationAndAmortization_546" />
        <calculationArc xlink:type="arc" xlink:arcrole="http://www.xbrl.org/2003/arcrole/summation-item" xlink:from="Locator_us-gaap_NetCashProvidedByUsedInOperatingActivities_545" xlink:to="Locator_us-gaap_DepreciationAndAmortization_546" order="6.0" weight="1" />
        <loc xlink:type="locator" xlink:href="http://xbrl.fasb.org/us-gaap/2012/elts/us-gaap-2012-01-31.xsd#us-gaap_NetCashProvidedByUsedInOperatingActivities" xlink:label="Locator_us-gaap_NetCashProvidedByUsedInOperatingActivities_547" />
        <loc xlink:type="locator" xlink:href="via-20121201.xsd#via_FeatureFilmAndProgramAmortization" xlink:label="Locator_via_FeatureFilmAndProgramAmortization_548" />
        <calculationArc xlink:type="arc" xlink:arcrole="http://www.xbrl.org/2003/arcrole/summation-item" xlink:from="Locator_us-gaap_NetCashProvidedByUsedInOperatingActivities_547" xlink:to="Locator_via_FeatureFilmAndProgramAmortization_548" order="8.0" weight="1" />
        <loc xlink:type="locator" xlink:href="http://xbrl.fasb.org/us-gaap/2012/elts/us-gaap-2012-01-31.xsd#us-gaap_NetCashProvidedByUsedInOperatingActivities" xlink:label="Locator_us-gaap_NetCashProvidedByUsedInOperatingActivities_549" />
        <loc xlink:type="locator" xlink:href="http://xbrl.fasb.org/us-gaap/2012/elts/us-gaap-2012-01-31.xsd#us-gaap_ShareBasedCompensation" xlink:label="Locator_us-gaap_ShareBasedCompensation_550" />
        <calculationArc xlink:type="arc" xlink:arcrole="http://www.xbrl.org/2003/arcrole/summation-item" xlink:from="Locator_us-gaap_NetCashProvidedByUsedInOperatingActivities_549" xlink:to="Locator_us-gaap_ShareBasedCompensation_550" order="9.0" weight="1" />
        <loc xlink:type="locator" xlink:href="http://xbrl.fasb.org/us-gaap/2012/elts/us-gaap-2012-01-31.xsd#us-gaap_NetCashProvidedByUsedInOperatingActivities" xlink:label="Locator_us-gaap_NetCashProvidedByUsedInOperatingActivities_551" />
        <loc xlink:type="locator" xlink:href="http://xbrl.fasb.org/us-gaap/2012/elts/us-gaap-2012-01-31.xsd#us-gaap_DeferredIncomeTaxExpenseBenefit" xlink:label="Locator_us-gaap_DeferredIncomeTaxExpenseBenefit_552" />
        <calculationArc xlink:type="arc" xlink:arcrole="http://www.xbrl.org/2003/arcrole/summation-item" xlink:from="Locator_us-gaap_NetCashProvidedByUsedInOperatingActivities_551" xlink:to="Locator_us-gaap_DeferredIncomeTaxExpenseBenefit_552" order="11.0" weight="1" />
        <loc xlink:type="locator" xlink:href="http://xbrl.fasb.org/us-gaap/2012/elts/us-gaap-2012-01-31.xsd#us-gaap_NetCashProvidedByUsedInOperatingActivities" xlink:label="Locator_us-gaap_NetCashProvidedByUsedInOperatingActivities_553" />
        <loc xlink:type="locator" xlink:href="http://xbrl.fasb.org/us-gaap/2012/elts/us-gaap-2012-01-31.xsd#us-gaap_IncreaseDecreaseInAccountsAndOtherReceivables" xlink:label="Locator_us-gaap_IncreaseDecreaseInAccountsAndOtherReceivables_554" />
        <calculationArc xlink:type="arc" xlink:arcrole="http://www.xbrl.org/2003/arcrole/summation-item" xlink:from="Locator_us-gaap_NetCashProvidedByUsedInOperatingActivities_553" xlink:to="Locator_us-gaap_IncreaseDecreaseInAccountsAndOtherReceivables_554" order="14.0" weight="-1" />
        <loc xlink:type="locator" xlink:href="http://xbrl.fasb.org/us-gaap/2012/elts/us-gaap-2012-01-31.xsd#us-gaap_NetCashProvidedByUsedInOperatingActivities" xlink:label="Locator_us-gaap_NetCashProvidedByUsedInOperatingActivities_555" />
        <loc xlink:type="locator" xlink:href="http://xbrl.fasb.org/us-gaap/2012/elts/us-gaap-2012-01-31.xsd#us-gaap_IncreaseDecreaseInOtherOperatingCapitalNet" xlink:label="Locator_us-gaap_IncreaseDecreaseInOtherOperatingCapitalNet_556" />
        <calculationArc xlink:type="arc" xlink:arcrole="http://www.xbrl.org/2003/arcrole/summation-item" xlink:from="Locator_us-gaap_NetCashProvidedByUsedInOperatingActivities_555" xlink:to="Locator_us-gaap_IncreaseDecreaseInOtherOperatingCapitalNet_556" order="17.0" weight="-1" />
        <loc xlink:type="locator" xlink:href="http://xbrl.fasb.org/us-gaap/2012/elts/us-gaap-2012-01-31.xsd#us-gaap_NetCashProvidedByUsedInOperatingActivities" xlink:label="Locator_us-gaap_NetCashProvidedByUsedInOperatingActivities_557" />
        <loc xlink:type="locator" xlink:href="http://xbrl.fasb.org/us-gaap/2012/elts/us-gaap-2012-01-31.xsd#us-gaap_IncomeLossFromContinuingOperationsIncludingPortionAttributableToNoncontrollingInterest" xlink:label="Locator_us-gaap_IncomeLossFromContinuingOperationsIncludingPortionAttributableToNoncontrollingInterest_558" />
        <calculationArc xlink:type="arc" xlink:arcrole="http://www.xbrl.org/2003/arcrole/summation-item" xlink:from="Locator_us-gaap_NetCashProvidedByUsedInOperatingActivities_557" xlink:to="Locator_us-gaap_IncomeLossFromContinuingOperationsIncludingPortionAttributableToNoncontrollingInterest_558" order="4.0" weight="1" />
        <loc xlink:type="locator" xlink:href="http://xbrl.fasb.org/us-gaap/2012/elts/us-gaap-2012-01-31.xsd#us-gaap_NetCashProvidedByUsedInOperatingActivities" xlink:label="Locator_us-gaap_NetCashProvidedByUsedInOperatingActivities_559" />
        <loc xlink:type="locator" xlink:href="http://xbrl.fasb.org/us-gaap/2012/elts/us-gaap-2012-01-31.xsd#us-gaap_IncreaseDecreaseInAccountsReceivableFromSecuritization" xlink:label="Locator_us-gaap_IncreaseDecreaseInAccountsReceivableFromSecuritization_560" />
        <calculationArc xlink:type="arc" xlink:arcrole="http://www.xbrl.org/2003/arcrole/summation-item" xlink:from="Locator_us-gaap_NetCashProvidedByUsedInOperatingActivities_559" xlink:to="Locator_us-gaap_IncreaseDecreaseInAccountsReceivableFromSecuritization_560" order="12.0" weight="-1" />
        <loc xlink:type="locator" xlink:href="http://xbrl.fasb.org/us-gaap/2012/elts/us-gaap-2012-01-31.xsd#us-gaap_NetCashProvidedByUsedInOperatingActivities" xlink:label="Locator_us-gaap_NetCashProvidedByUsedInOperatingActivities_561" />
        <loc xlink:type="locator" xlink:href="via-20121201.xsd#via_InventoryProgramRightsAndParticipations" xlink:label="Locator_via_InventoryProgramRightsAndParticipations_562" />
        <calculationArc xlink:type="arc" xlink:arcrole="http://www.xbrl.org/2003/arcrole/summation-item" xlink:from="Locator_us-gaap_NetCashProvidedByUsedInOperatingActivities_561" xlink:to="Locator_via_InventoryProgramRightsAndParticipations_562" order="15.0" weight="-1" />
        <loc xlink:type="locator" xlink:href="http://xbrl.fasb.org/us-gaap/2012/elts/us-gaap-2012-01-31.xsd#us-gaap_NetCashProvidedByUsedInOperatingActivities" xlink:label="Locator_us-gaap_NetCashProvidedByUsedInOperatingActivities_563" />
        <loc xlink:type="locator" xlink:href="http://xbrl.fasb.org/us-gaap/2012/elts/us-gaap-2012-01-31.xsd#us-gaap_IncreaseDecreaseInAccountsPayableAndAccruedLiabilities" xlink:label="Locator_us-gaap_IncreaseDecreaseInAccountsPayableAndAccruedLiabilities_564" />
        <calculationArc xlink:type="arc" xlink:arcrole="http://www.xbrl.org/2003/arcrole/summation-item" xlink:from="Locator_us-gaap_NetCashProvidedByUsedInOperatingActivities_563" xlink:to="Locator_us-gaap_IncreaseDecreaseInAccountsPayableAndAccruedLiabilities_564" order="16.0" weight="1" />
        <loc xlink:type="locator" xlink:href="http://xbrl.fasb.org/us-gaap/2012/elts/us-gaap-2012-01-31.xsd#us-gaap_NetCashProvidedByUsedInOperatingActivities" xlink:label="Locator_us-gaap_NetCashProvidedByUsedInOperatingActivities_565" />
        <loc xlink:type="locator" xlink:href="http://xbrl.fasb.org/us-gaap/2012/elts/us-gaap-2012-01-31.xsd#us-gaap_CashProvidedByUsedInOperatingActivitiesDiscontinuedOperations" xlink:label="Locator_us-gaap_CashProvidedByUsedInOperatingActivitiesDiscontinuedOperations_566" />
        <calculationArc xlink:type="arc" xlink:arcrole="http://www.xbrl.org/2003/arcrole/summation-item" xlink:from="Locator_us-gaap_NetCashProvidedByUsedInOperatingActivities_565" xlink:to="Locator_us-gaap_CashProvidedByUsedInOperatingActivitiesDiscontinuedOperations_566" order="18.0" weight="1" />
        <loc xlink:type="locator" xlink:href="http://xbrl.fasb.org/us-gaap/2012/elts/us-gaap-2012-01-31.xsd#us-gaap_NetCashProvidedByUsedInOperatingActivities" xlink:label="Locator_us-gaap_NetCashProvidedByUsedInOperatingActivities_567" />
        <loc xlink:type="locator" xlink:href="http://xbrl.fasb.org/us-gaap/2012/elts/us-gaap-2012-01-31.xsd#us-gaap_ImpairmentOfIntangibleAssetsIndefinitelivedExcludingGoodwill" xlink:label="Locator_us-gaap_ImpairmentOfIntangibleAssetsIndefinitelivedExcludingGoodwill_568" />
        <calculationArc xlink:type="arc" xlink:arcrole="http://www.xbrl.org/2003/arcrole/summation-item" xlink:from="Locator_us-gaap_NetCashProvidedByUsedInOperatingActivities_567" xlink:to="Locator_us-gaap_ImpairmentOfIntangibleAssetsIndefinitelivedExcludingGoodwill_568" order="7.0" weight="1" />
        <loc xlink:type="locator" xlink:href="http://xbrl.fasb.org/us-gaap/2012/elts/us-gaap-2012-01-31.xsd#us-gaap_NetCashProvidedByUsedInOperatingActivities" xlink:label="Locator_us-gaap_NetCashProvidedByUsedInOperatingActivities_569" />
        <loc xlink:type="locator" xlink:href="http://xbrl.fasb.org/us-gaap/2012/elts/us-gaap-2012-01-31.xsd#us-gaap_IncomeLossFromEquityMethodInvestmentsNetOfDividendsOrDistributions" xlink:label="Locator_us-gaap_IncomeLossFromEquityMethodInvestmentsNetOfDividendsOrDistributions_570" />
        <calculationArc xlink:type="arc" xlink:arcrole="http://www.xbrl.org/2003/arcrole/summation-item" xlink:from="Locator_us-gaap_NetCashProvidedByUsedInOperatingActivities_569" xlink:to="Locator_us-gaap_IncomeLossFromEquityMethodInvestmentsNetOfDividendsOrDistributions_570" order="10.0" weight="1" />
    </calculationLink>
    <calculationLink xlink:type="extended" xlink:role="http://www.viacom.com/role/EarningsPerShareDetails">
        <loc xlink:type="locator" xlink:href="http://xbrl.fasb.org/us-gaap/2012/elts/us-gaap-2012-01-31.xsd#us-gaap_WeightedAverageNumberOfDilutedSharesOutstanding" xlink:label="Locator_us-gaap_WeightedAverageNumberOfDilutedSharesOutstanding_857" />
        <loc xlink:type="locator" xlink:href="http://xbrl.fasb.org/us-gaap/2012/elts/us-gaap-2012-01-31.xsd#us-gaap_IncrementalCommonSharesAttributableToShareBasedPaymentArrangements" xlink:label="Locator_us-gaap_IncrementalCommonSharesAttributableToShareBasedPaymentArrangements_858" />
        <calculationArc xlink:type="arc" xlink:arcrole="http://www.xbrl.org/2003/arcrole/summation-item" xlink:from="Locator_us-gaap_WeightedAverageNumberOfDilutedSharesOutstanding_857" xlink:to="Locator_us-gaap_IncrementalCommonSharesAttributableToShareBasedPaymentArrangements_858" order="3.0" weight="1" />
        <loc xlink:type="locator" xlink:href="http://xbrl.fasb.org/us-gaap/2012/elts/us-gaap-2012-01-31.xsd#us-gaap_WeightedAverageNumberOfDilutedSharesOutstanding" xlink:label="Locator_us-gaap_WeightedAverageNumberOfDilutedSharesOutstanding_859" />
        <loc xlink:type="locator" xlink:href="http://xbrl.fasb.org/us-gaap/2012/elts/us-gaap-2012-01-31.xsd#us-gaap_WeightedAverageNumberOfSharesOutstandingBasic" xlink:label="Locator_us-gaap_WeightedAverageNumberOfSharesOutstandingBasic_860" />
        <calculationArc xlink:type="arc" xlink:arcrole="http://www.xbrl.org/2003/arcrole/summation-item" xlink:from="Locator_us-gaap_WeightedAverageNumberOfDilutedSharesOutstanding_859" xlink:to="Locator_us-gaap_WeightedAverageNumberOfSharesOutstandingBasic_860" order="2.0" weight="1" />
    </calculationLink>
    <calculationLink xlink:type="extended" xlink:role="http://www.viacom.com/role/DisclosureDebtDetails">
        <loc xlink:type="locator" xlink:href="http://xbrl.fasb.org/us-gaap/2012/elts/us-gaap-2012-01-31.xsd#us-gaap_LongTermDebt" xlink:label="Locator_us-gaap_LongTermDebt_941" />
        <loc xlink:type="locator" xlink:href="http://xbrl.fasb.org/us-gaap/2012/elts/us-gaap-2012-01-31.xsd#us-gaap_DebtCurrent" xlink:label="Locator_us-gaap_DebtCurrent_942" />
        <calculationArc xlink:type="arc" xlink:arcrole="http://www.xbrl.org/2003/arcrole/summation-item" xlink:from="Locator_us-gaap_LongTermDebt_941" xlink:to="Locator_us-gaap_DebtCurrent_942" order="8.0" weight="1" />
        <loc xlink:type="locator" xlink:href="http://xbrl.fasb.org/us-gaap/2012/elts/us-gaap-2012-01-31.xsd#us-gaap_LongTermDebt" xlink:label="Locator_us-gaap_LongTermDebt_943" />
        <loc xlink:type="locator" xlink:href="http://xbrl.fasb.org/us-gaap/2012/elts/us-gaap-2012-01-31.xsd#us-gaap_LongTermDebtAndCapitalLeaseObligations" xlink:label="Locator_us-gaap_LongTermDebtAndCapitalLeaseObligations_944" />
        <calculationArc xlink:type="arc" xlink:arcrole="http://www.xbrl.org/2003/arcrole/summation-item" xlink:from="Locator_us-gaap_LongTermDebt_943" xlink:to="Locator_us-gaap_LongTermDebtAndCapitalLeaseObligations_944" order="9.0" weight="1" />
    </calculationLink>
    <calculationLink xlink:type="extended" xlink:role="http://www.viacom.com/role/DisclosureInventoryDetails">
        <loc xlink:type="locator" xlink:href="http://xbrl.fasb.org/us-gaap/2012/elts/us-gaap-2012-01-31.xsd#us-gaap_TheatricalFilmCosts" xlink:label="Locator_us-gaap_TheatricalFilmCosts_1139" />
        <loc xlink:type="locator" xlink:href="http://xbrl.fasb.org/us-gaap/2012/elts/us-gaap-2012-01-31.xsd#us-gaap_TheatricalFilmCostsProduction" xlink:label="Locator_us-gaap_TheatricalFilmCostsProduction_1140" />
        <calculationArc xlink:type="arc" xlink:arcrole="http://www.xbrl.org/2003/arcrole/summation-item" xlink:from="Locator_us-gaap_TheatricalFilmCosts_1139" xlink:to="Locator_us-gaap_TheatricalFilmCostsProduction_1140" order="6.0" weight="1" />
        <loc xlink:type="locator" xlink:href="http://xbrl.fasb.org/us-gaap/2012/elts/us-gaap-2012-01-31.xsd#us-gaap_TheatricalFilmCosts" xlink:label="Locator_us-gaap_TheatricalFilmCosts_1141" />
        <loc xlink:type="locator" xlink:href="http://xbrl.fasb.org/us-gaap/2012/elts/us-gaap-2012-01-31.xsd#us-gaap_TheatricalFilmCostsCompletedAndNotReleased" xlink:label="Locator_us-gaap_TheatricalFilmCostsCompletedAndNotReleased_1142" />
        <calculationArc xlink:type="arc" xlink:arcrole="http://www.xbrl.org/2003/arcrole/summation-item" xlink:from="Locator_us-gaap_TheatricalFilmCosts_1141" xlink:to="Locator_us-gaap_TheatricalFilmCostsCompletedAndNotReleased_1142" order="5.0" weight="1" />
        <loc xlink:type="locator" xlink:href="http://xbrl.fasb.org/us-gaap/2012/elts/us-gaap-2012-01-31.xsd#us-gaap_TheatricalFilmCosts" xlink:label="Locator_us-gaap_TheatricalFilmCosts_1143" />
        <loc xlink:type="locator" xlink:href="http://xbrl.fasb.org/us-gaap/2012/elts/us-gaap-2012-01-31.xsd#us-gaap_TheatricalFilmCostsReleased" xlink:label="Locator_us-gaap_TheatricalFilmCostsReleased_1144" />
        <calculationArc xlink:type="arc" xlink:arcrole="http://www.xbrl.org/2003/arcrole/summation-item" xlink:from="Locator_us-gaap_TheatricalFilmCosts_1143" xlink:to="Locator_us-gaap_TheatricalFilmCostsReleased_1144" order="4.0" weight="1" />
        <loc xlink:type="locator" xlink:href="via-20121201.xsd#via_TotalOriginalProgrammingInventoryNetOfAmortization" xlink:label="Locator_via_TotalOriginalProgrammingInventoryNetOfAmortization_1145" />
        <loc xlink:type="locator" xlink:href="via-20121201.xsd#via_OriginalProgrammingReleasedNetOfAmortization" xlink:label="Locator_via_OriginalProgrammingReleasedNetOfAmortization_1146" />
        <calculationArc xlink:type="arc" xlink:arcrole="http://www.xbrl.org/2003/arcrole/summation-item" xlink:from="Locator_via_TotalOriginalProgrammingInventoryNetOfAmortization_1145" xlink:to="Locator_via_OriginalProgrammingReleasedNetOfAmortization_1146" order="1.0" weight="1" />
        <loc xlink:type="locator" xlink:href="via-20121201.xsd#via_TotalOriginalProgrammingInventoryNetOfAmortization" xlink:label="Locator_via_TotalOriginalProgrammingInventoryNetOfAmortization_1147" />
        <loc xlink:type="locator" xlink:href="via-20121201.xsd#via_OriginalProgrammingInProcessAndOther" xlink:label="Locator_via_OriginalProgrammingInProcessAndOther_1148" />
        <calculationArc xlink:type="arc" xlink:arcrole="http://www.xbrl.org/2003/arcrole/summation-item" xlink:from="Locator_via_TotalOriginalProgrammingInventoryNetOfAmortization_1147" xlink:to="Locator_via_OriginalProgrammingInProcessAndOther_1148" order="2.0" weight="1" />
        <loc xlink:type="locator" xlink:href="via-20121201.xsd#via_TotalInventoryNet" xlink:label="Locator_via_TotalInventoryNet_1149" />
        <loc xlink:type="locator" xlink:href="http://xbrl.fasb.org/us-gaap/2012/elts/us-gaap-2012-01-31.xsd#us-gaap_InventoryNet" xlink:label="Locator_us-gaap_InventoryNet_1150" />
        <calculationArc xlink:type="arc" xlink:arcrole="http://www.xbrl.org/2003/arcrole/summation-item" xlink:from="Locator_via_TotalInventoryNet_1149" xlink:to="Locator_us-gaap_InventoryNet_1150" order="11.0" weight="1" />
        <loc xlink:type="locator" xlink:href="via-20121201.xsd#via_TotalInventoryNet" xlink:label="Locator_via_TotalInventoryNet_1151" />
        <loc xlink:type="locator" xlink:href="http://xbrl.fasb.org/us-gaap/2012/elts/us-gaap-2012-01-31.xsd#us-gaap_InventoryNoncurrent" xlink:label="Locator_us-gaap_InventoryNoncurrent_1152" />
        <calculationArc xlink:type="arc" xlink:arcrole="http://www.xbrl.org/2003/arcrole/summation-item" xlink:from="Locator_via_TotalInventoryNet_1151" xlink:to="Locator_us-gaap_InventoryNoncurrent_1152" order="12.0" weight="1" />
    </calculationLink>
    <calculationLink xlink:type="extended" xlink:role="http://www.viacom.com/role/FairValueMeasurementsDetails">
        <loc xlink:type="locator" xlink:href="via-20121201.xsd#via_TotalFinancialAssetLiability" xlink:label="Locator_via_TotalFinancialAssetLiability_1213" />
        <loc xlink:type="locator" xlink:href="http://xbrl.fasb.org/us-gaap/2012/elts/us-gaap-2012-01-31.xsd#us-gaap_AvailableForSaleSecuritiesFairValueDisclosure" xlink:label="Locator_us-gaap_AvailableForSaleSecuritiesFairValueDisclosure_1214" />
        <calculationArc xlink:type="arc" xlink:arcrole="http://www.xbrl.org/2003/arcrole/summation-item" xlink:from="Locator_via_TotalFinancialAssetLiability_1213" xlink:to="Locator_us-gaap_AvailableForSaleSecuritiesFairValueDisclosure_1214" order="2.0" weight="1" />
        <loc xlink:type="locator" xlink:href="via-20121201.xsd#via_TotalFinancialAssetLiability" xlink:label="Locator_via_TotalFinancialAssetLiability_1215" />
        <loc xlink:type="locator" xlink:href="http://xbrl.fasb.org/us-gaap/2012/elts/us-gaap-2012-01-31.xsd#us-gaap_DerivativeFairValueOfDerivativeNet" xlink:label="Locator_us-gaap_DerivativeFairValueOfDerivativeNet_1216" />
        <calculationArc xlink:type="arc" xlink:arcrole="http://www.xbrl.org/2003/arcrole/summation-item" xlink:from="Locator_via_TotalFinancialAssetLiability_1215" xlink:to="Locator_us-gaap_DerivativeFairValueOfDerivativeNet_1216" order="3.0" weight="1" />
    </calculationLink>
    <calculationLink xlink:type="extended" xlink:role="http://www.viacom.com/role/DisclosurePensionDetails">
        <loc xlink:type="locator" xlink:href="http://xbrl.fasb.org/us-gaap/2012/elts/us-gaap-2012-01-31.xsd#us-gaap_DefinedBenefitPlanNetPeriodicBenefitCost" xlink:label="Locator_us-gaap_DefinedBenefitPlanNetPeriodicBenefitCost_1313" />
        <loc xlink:type="locator" xlink:href="http://xbrl.fasb.org/us-gaap/2012/elts/us-gaap-2012-01-31.xsd#us-gaap_DefinedBenefitPlanServiceCost" xlink:label="Locator_us-gaap_DefinedBenefitPlanServiceCost_1314" />
        <calculationArc xlink:type="arc" xlink:arcrole="http://www.xbrl.org/2003/arcrole/summation-item" xlink:from="Locator_us-gaap_DefinedBenefitPlanNetPeriodicBenefitCost_1313" xlink:to="Locator_us-gaap_DefinedBenefitPlanServiceCost_1314" order="5.0" weight="1" />
        <loc xlink:type="locator" xlink:href="http://xbrl.fasb.org/us-gaap/2012/elts/us-gaap-2012-01-31.xsd#us-gaap_DefinedBenefitPlanNetPeriodicBenefitCost" xlink:label="Locator_us-gaap_DefinedBenefitPlanNetPeriodicBenefitCost_1315" />
        <loc xlink:type="locator" xlink:href="http://xbrl.fasb.org/us-gaap/2012/elts/us-gaap-2012-01-31.xsd#us-gaap_DefinedBenefitPlanInterestCost" xlink:label="Locator_us-gaap_DefinedBenefitPlanInterestCost_1316" />
        <calculationArc xlink:type="arc" xlink:arcrole="http://www.xbrl.org/2003/arcrole/summation-item" xlink:from="Locator_us-gaap_DefinedBenefitPlanNetPeriodicBenefitCost_1315" xlink:to="Locator_us-gaap_DefinedBenefitPlanInterestCost_1316" order="6.0" weight="1" />
        <loc xlink:type="locator" xlink:href="http://xbrl.fasb.org/us-gaap/2012/elts/us-gaap-2012-01-31.xsd#us-gaap_DefinedBenefitPlanNetPeriodicBenefitCost" xlink:label="Locator_us-gaap_DefinedBenefitPlanNetPeriodicBenefitCost_1317" />
        <loc xlink:type="locator" xlink:href="http://xbrl.fasb.org/us-gaap/2012/elts/us-gaap-2012-01-31.xsd#us-gaap_DefinedBenefitPlanExpectedReturnOnPlanAssets" xlink:label="Locator_us-gaap_DefinedBenefitPlanExpectedReturnOnPlanAssets_1318" />
        <calculationArc xlink:type="arc" xlink:arcrole="http://www.xbrl.org/2003/arcrole/summation-item" xlink:from="Locator_us-gaap_DefinedBenefitPlanNetPeriodicBenefitCost_1317" xlink:to="Locator_us-gaap_DefinedBenefitPlanExpectedReturnOnPlanAssets_1318" order="7.0" weight="-1" />
        <loc xlink:type="locator" xlink:href="http://xbrl.fasb.org/us-gaap/2012/elts/us-gaap-2012-01-31.xsd#us-gaap_DefinedBenefitPlanNetPeriodicBenefitCost" xlink:label="Locator_us-gaap_DefinedBenefitPlanNetPeriodicBenefitCost_1319" />
        <loc xlink:type="locator" xlink:href="http://xbrl.fasb.org/us-gaap/2012/elts/us-gaap-2012-01-31.xsd#us-gaap_DefinedBenefitPlanAmortizationOfPriorServiceCostCredit" xlink:label="Locator_us-gaap_DefinedBenefitPlanAmortizationOfPriorServiceCostCredit_1320" />
        <calculationArc xlink:type="arc" xlink:arcrole="http://www.xbrl.org/2003/arcrole/summation-item" xlink:from="Locator_us-gaap_DefinedBenefitPlanNetPeriodicBenefitCost_1319" xlink:to="Locator_us-gaap_DefinedBenefitPlanAmortizationOfPriorServiceCostCredit_1320" order="8.0" weight="1" />
        <loc xlink:type="locator" xlink:href="http://xbrl.fasb.org/us-gaap/2012/elts/us-gaap-2012-01-31.xsd#us-gaap_DefinedBenefitPlanNetPeriodicBenefitCost" xlink:label="Locator_us-gaap_DefinedBenefitPlanNetPeriodicBenefitCost_1321" />
        <loc xlink:type="locator" xlink:href="http://xbrl.fasb.org/us-gaap/2012/elts/us-gaap-2012-01-31.xsd#us-gaap_DefinedBenefitPlanAmortizationOfGainsLosses" xlink:label="Locator_us-gaap_DefinedBenefitPlanAmortizationOfGainsLosses_1322" />
        <calculationArc xlink:type="arc" xlink:arcrole="http://www.xbrl.org/2003/arcrole/summation-item" xlink:from="Locator_us-gaap_DefinedBenefitPlanNetPeriodicBenefitCost_1321" xlink:to="Locator_us-gaap_DefinedBenefitPlanAmortizationOfGainsLosses_1322" order="9.0" weight="-1" />
        <loc xlink:type="locator" xlink:href="http://xbrl.fasb.org/us-gaap/2012/elts/us-gaap-2012-01-31.xsd#us-gaap_DefinedBenefitPlanNetPeriodicBenefitCost" xlink:label="Locator_us-gaap_DefinedBenefitPlanNetPeriodicBenefitCost_1323" />
        <loc xlink:type="locator" xlink:href="http://xbrl.fasb.org/us-gaap/2012/elts/us-gaap-2012-01-31.xsd#us-gaap_DefinedBenefitPlanRecognizedNetGainLossDueToSettlementsAndCurtailments1" xlink:label="Locator_us-gaap_DefinedBenefitPlanRecognizedNetGainLossDueToSettlementsAndCurtailments1_1324" />
        <calculationArc xlink:type="arc" xlink:arcrole="http://www.xbrl.org/2003/arcrole/summation-item" xlink:from="Locator_us-gaap_DefinedBenefitPlanNetPeriodicBenefitCost_1323" xlink:to="Locator_us-gaap_DefinedBenefitPlanRecognizedNetGainLossDueToSettlementsAndCurtailments1_1324" order="10.0" weight="-1" />
    </calculationLink>
    <calculationLink xlink:type="extended" xlink:role="http://www.viacom.com/role/DisclosureRelatedPartyTransactionsDetails">
        <loc xlink:type="locator" xlink:href="http://xbrl.fasb.org/us-gaap/2012/elts/us-gaap-2012-01-31.xsd#us-gaap_DueToRelatedPartiesCurrentAndNoncurrent" xlink:label="Locator_us-gaap_DueToRelatedPartiesCurrentAndNoncurrent_1401" />
        <loc xlink:type="locator" xlink:href="http://xbrl.fasb.org/us-gaap/2012/elts/us-gaap-2012-01-31.xsd#us-gaap_DueToRelatedPartiesNoncurrent" xlink:label="Locator_us-gaap_DueToRelatedPartiesNoncurrent_1402" />
        <calculationArc xlink:type="arc" xlink:arcrole="http://www.xbrl.org/2003/arcrole/summation-item" xlink:from="Locator_us-gaap_DueToRelatedPartiesCurrentAndNoncurrent_1401" xlink:to="Locator_us-gaap_DueToRelatedPartiesNoncurrent_1402" order="15.0" weight="1" />
        <loc xlink:type="locator" xlink:href="http://xbrl.fasb.org/us-gaap/2012/elts/us-gaap-2012-01-31.xsd#us-gaap_DueToRelatedPartiesCurrentAndNoncurrent" xlink:label="Locator_us-gaap_DueToRelatedPartiesCurrentAndNoncurrent_1403" />
        <loc xlink:type="locator" xlink:href="via-20121201.xsd#via_DueToRelatedPartiesCurrentDebt" xlink:label="Locator_via_DueToRelatedPartiesCurrentDebt_1404" />
        <calculationArc xlink:type="arc" xlink:arcrole="http://www.xbrl.org/2003/arcrole/summation-item" xlink:from="Locator_us-gaap_DueToRelatedPartiesCurrentAndNoncurrent_1403" xlink:to="Locator_via_DueToRelatedPartiesCurrentDebt_1404" order="14.0" weight="1" />
        <loc xlink:type="locator" xlink:href="http://xbrl.fasb.org/us-gaap/2012/elts/us-gaap-2012-01-31.xsd#us-gaap_DueToRelatedPartiesCurrentAndNoncurrent" xlink:label="Locator_us-gaap_DueToRelatedPartiesCurrentAndNoncurrent_1405" />
        <loc xlink:type="locator" xlink:href="via-20121201.xsd#via_DueToRelatedPartiesOtherLiabilities" xlink:label="Locator_via_DueToRelatedPartiesOtherLiabilities_1406" />
        <calculationArc xlink:type="arc" xlink:arcrole="http://www.xbrl.org/2003/arcrole/summation-item" xlink:from="Locator_us-gaap_DueToRelatedPartiesCurrentAndNoncurrent_1405" xlink:to="Locator_via_DueToRelatedPartiesOtherLiabilities_1406" order="13.0" weight="1" />
        <loc xlink:type="locator" xlink:href="http://xbrl.fasb.org/us-gaap/2012/elts/us-gaap-2012-01-31.xsd#us-gaap_DueToRelatedPartiesCurrentAndNoncurrent" xlink:label="Locator_us-gaap_DueToRelatedPartiesCurrentAndNoncurrent_1407" />
        <loc xlink:type="locator" xlink:href="via-20121201.xsd#via_DueToRelatedPartiesParticipantsShareAndResidualsCurrent" xlink:label="Locator_via_DueToRelatedPartiesParticipantsShareAndResidualsCurrent_1408" />
        <calculationArc xlink:type="arc" xlink:arcrole="http://www.xbrl.org/2003/arcrole/summation-item" xlink:from="Locator_us-gaap_DueToRelatedPartiesCurrentAndNoncurrent_1407" xlink:to="Locator_via_DueToRelatedPartiesParticipantsShareAndResidualsCurrent_1408" order="10.0" weight="1" />
        <loc xlink:type="locator" xlink:href="http://xbrl.fasb.org/us-gaap/2012/elts/us-gaap-2012-01-31.xsd#us-gaap_DueToRelatedPartiesCurrentAndNoncurrent" xlink:label="Locator_us-gaap_DueToRelatedPartiesCurrentAndNoncurrent_1409" />
        <loc xlink:type="locator" xlink:href="http://xbrl.fasb.org/us-gaap/2012/elts/us-gaap-2012-01-31.xsd#us-gaap_DueToRelatedPartiesCurrent" xlink:label="Locator_us-gaap_DueToRelatedPartiesCurrent_1410" />
        <calculationArc xlink:type="arc" xlink:arcrole="http://www.xbrl.org/2003/arcrole/summation-item" xlink:from="Locator_us-gaap_DueToRelatedPartiesCurrentAndNoncurrent_1409" xlink:to="Locator_us-gaap_DueToRelatedPartiesCurrent_1410" order="9.0" weight="1" />
        <loc xlink:type="locator" xlink:href="http://xbrl.fasb.org/us-gaap/2012/elts/us-gaap-2012-01-31.xsd#us-gaap_DueToRelatedPartiesCurrentAndNoncurrent" xlink:label="Locator_us-gaap_DueToRelatedPartiesCurrentAndNoncurrent_1411" />
        <loc xlink:type="locator" xlink:href="via-20121201.xsd#via_DueToRelatedPartiesProgramRightsObligationsCurrent" xlink:label="Locator_via_DueToRelatedPartiesProgramRightsObligationsCurrent_1412" />
        <calculationArc xlink:type="arc" xlink:arcrole="http://www.xbrl.org/2003/arcrole/summation-item" xlink:from="Locator_us-gaap_DueToRelatedPartiesCurrentAndNoncurrent_1411" xlink:to="Locator_via_DueToRelatedPartiesProgramRightsObligationsCurrent_1412" order="11.0" weight="1" />
        <loc xlink:type="locator" xlink:href="http://xbrl.fasb.org/us-gaap/2012/elts/us-gaap-2012-01-31.xsd#us-gaap_DueToRelatedPartiesCurrentAndNoncurrent" xlink:label="Locator_us-gaap_DueToRelatedPartiesCurrentAndNoncurrent_1413" />
        <loc xlink:type="locator" xlink:href="via-20121201.xsd#via_DueToRelatedPartiesProgramRightsObligationsNoncurrent" xlink:label="Locator_via_DueToRelatedPartiesProgramRightsObligationsNoncurrent_1414" />
        <calculationArc xlink:type="arc" xlink:arcrole="http://www.xbrl.org/2003/arcrole/summation-item" xlink:from="Locator_us-gaap_DueToRelatedPartiesCurrentAndNoncurrent_1413" xlink:to="Locator_via_DueToRelatedPartiesProgramRightsObligationsNoncurrent_1414" order="12.0" weight="1" />
        <loc xlink:type="locator" xlink:href="via-20121201.xsd#via_TotalDueFromRelatedParties" xlink:label="Locator_via_TotalDueFromRelatedParties_1415" />
        <loc xlink:type="locator" xlink:href="via-20121201.xsd#via_DueFromRelatedPartyOtherAssetsCurrent" xlink:label="Locator_via_DueFromRelatedPartyOtherAssetsCurrent_1416" />
        <calculationArc xlink:type="arc" xlink:arcrole="http://www.xbrl.org/2003/arcrole/summation-item" xlink:from="Locator_via_TotalDueFromRelatedParties_1415" xlink:to="Locator_via_DueFromRelatedPartyOtherAssetsCurrent_1416" order="7.0" weight="1" />
        <loc xlink:type="locator" xlink:href="via-20121201.xsd#via_TotalDueFromRelatedParties" xlink:label="Locator_via_TotalDueFromRelatedParties_1417" />
        <loc xlink:type="locator" xlink:href="http://xbrl.fasb.org/us-gaap/2012/elts/us-gaap-2012-01-31.xsd#us-gaap_DueFromRelatedPartiesCurrent" xlink:label="Locator_us-gaap_DueFromRelatedPartiesCurrent_1418" />
        <calculationArc xlink:type="arc" xlink:arcrole="http://www.xbrl.org/2003/arcrole/summation-item" xlink:from="Locator_via_TotalDueFromRelatedParties_1417" xlink:to="Locator_us-gaap_DueFromRelatedPartiesCurrent_1418" order="6.0" weight="1" />
    </calculationLink>
    <calculationLink xlink:type="extended" xlink:role="http://www.viacom.com/role/ReportingSegmentsDetails">
        <loc xlink:type="locator" xlink:href="http://xbrl.fasb.org/us-gaap/2012/elts/us-gaap-2012-01-31.xsd#us-gaap_SalesRevenueNet" xlink:label="Locator_us-gaap_SalesRevenueNet_1617" />
        <loc xlink:type="locator" xlink:href="http://xbrl.fasb.org/us-gaap/2012/elts/us-gaap-2012-01-31.xsd#us-gaap_AdvertisingRevenue" xlink:label="Locator_us-gaap_AdvertisingRevenue_1618" />
        <calculationArc xlink:type="arc" xlink:arcrole="http://www.xbrl.org/2003/arcrole/summation-item" xlink:from="Locator_us-gaap_SalesRevenueNet_1617" xlink:to="Locator_us-gaap_AdvertisingRevenue_1618" order="21.0" weight="1" />
        <loc xlink:type="locator" xlink:href="http://xbrl.fasb.org/us-gaap/2012/elts/us-gaap-2012-01-31.xsd#us-gaap_SalesRevenueNet" xlink:label="Locator_us-gaap_SalesRevenueNet_1619" />
        <loc xlink:type="locator" xlink:href="via-20121201.xsd#via_FeatureFilmRevenue" xlink:label="Locator_via_FeatureFilmRevenue_1620" />
        <calculationArc xlink:type="arc" xlink:arcrole="http://www.xbrl.org/2003/arcrole/summation-item" xlink:from="Locator_us-gaap_SalesRevenueNet_1619" xlink:to="Locator_via_FeatureFilmRevenue_1620" order="22.0" weight="1" />
        <loc xlink:type="locator" xlink:href="http://xbrl.fasb.org/us-gaap/2012/elts/us-gaap-2012-01-31.xsd#us-gaap_SalesRevenueNet" xlink:label="Locator_us-gaap_SalesRevenueNet_1621" />
        <loc xlink:type="locator" xlink:href="via-20121201.xsd#via_AffiliateFeesRevenue" xlink:label="Locator_via_AffiliateFeesRevenue_1622" />
        <calculationArc xlink:type="arc" xlink:arcrole="http://www.xbrl.org/2003/arcrole/summation-item" xlink:from="Locator_us-gaap_SalesRevenueNet_1621" xlink:to="Locator_via_AffiliateFeesRevenue_1622" order="23.0" weight="1" />
        <loc xlink:type="locator" xlink:href="http://xbrl.fasb.org/us-gaap/2012/elts/us-gaap-2012-01-31.xsd#us-gaap_SalesRevenueNet" xlink:label="Locator_us-gaap_SalesRevenueNet_1623" />
        <loc xlink:type="locator" xlink:href="http://xbrl.fasb.org/us-gaap/2012/elts/us-gaap-2012-01-31.xsd#us-gaap_OtherSalesRevenueNet" xlink:label="Locator_us-gaap_OtherSalesRevenueNet_1624" />
        <calculationArc xlink:type="arc" xlink:arcrole="http://www.xbrl.org/2003/arcrole/summation-item" xlink:from="Locator_us-gaap_SalesRevenueNet_1623" xlink:to="Locator_us-gaap_OtherSalesRevenueNet_1624" order="24.0" weight="1" />
        <loc xlink:type="locator" xlink:href="http://xbrl.fasb.org/us-gaap/2012/elts/us-gaap-2012-01-31.xsd#us-gaap_SalesRevenueNet" xlink:label="Locator_us-gaap_SalesRevenueNet_1625" />
        <loc xlink:type="locator" xlink:href="via-20121201.xsd#via_ReconcilingItemsRevenue" xlink:label="Locator_via_ReconcilingItemsRevenue_1626" />
        <calculationArc xlink:type="arc" xlink:arcrole="http://www.xbrl.org/2003/arcrole/summation-item" xlink:from="Locator_us-gaap_SalesRevenueNet_1625" xlink:to="Locator_via_ReconcilingItemsRevenue_1626" order="25.0" weight="-1" />
        <loc xlink:type="locator" xlink:href="http://xbrl.fasb.org/us-gaap/2012/elts/us-gaap-2012-01-31.xsd#us-gaap_OperatingIncomeLoss" xlink:label="Locator_us-gaap_OperatingIncomeLoss_1627" />
        <loc xlink:type="locator" xlink:href="via-20121201.xsd#via_SegmentReportingOperatingIncomeLoss" xlink:label="Locator_via_SegmentReportingOperatingIncomeLoss_1628" />
        <calculationArc xlink:type="arc" xlink:arcrole="http://www.xbrl.org/2003/arcrole/summation-item" xlink:from="Locator_us-gaap_OperatingIncomeLoss_1627" xlink:to="Locator_via_SegmentReportingOperatingIncomeLoss_1628" order="5.0" weight="1" />
        <loc xlink:type="locator" xlink:href="http://xbrl.fasb.org/us-gaap/2012/elts/us-gaap-2012-01-31.xsd#us-gaap_OperatingIncomeLoss" xlink:label="Locator_us-gaap_OperatingIncomeLoss_1629" />
        <loc xlink:type="locator" xlink:href="via-20121201.xsd#via_ReconcilingItemForOperatingProfitLossFromSegmentToConsolidatedAmount" xlink:label="Locator_via_ReconcilingItemForOperatingProfitLossFromSegmentToConsolidatedAmount_1630" />
        <calculationArc xlink:type="arc" xlink:arcrole="http://www.xbrl.org/2003/arcrole/summation-item" xlink:from="Locator_us-gaap_OperatingIncomeLoss_1629" xlink:to="Locator_via_ReconcilingItemForOperatingProfitLossFromSegmentToConsolidatedAmount_1630" order="6.0" weight="1" />
        <loc xlink:type="locator" xlink:href="http://xbrl.fasb.org/us-gaap/2012/elts/us-gaap-2012-01-31.xsd#us-gaap_OperatingIncomeLoss" xlink:label="Locator_us-gaap_OperatingIncomeLoss_1631" />
        <loc xlink:type="locator" xlink:href="http://xbrl.fasb.org/us-gaap/2012/elts/us-gaap-2012-01-31.xsd#us-gaap_AllocatedShareBasedCompensationExpense" xlink:label="Locator_us-gaap_AllocatedShareBasedCompensationExpense_1632" />
        <calculationArc xlink:type="arc" xlink:arcrole="http://www.xbrl.org/2003/arcrole/summation-item" xlink:from="Locator_us-gaap_OperatingIncomeLoss_1631" xlink:to="Locator_us-gaap_AllocatedShareBasedCompensationExpense_1632" order="7.0" weight="-1" />
        <loc xlink:type="locator" xlink:href="http://xbrl.fasb.org/us-gaap/2012/elts/us-gaap-2012-01-31.xsd#us-gaap_OperatingIncomeLoss" xlink:label="Locator_us-gaap_OperatingIncomeLoss_1633" />
        <loc xlink:type="locator" xlink:href="http://xbrl.fasb.org/us-gaap/2012/elts/us-gaap-2012-01-31.xsd#us-gaap_RestructuringCharges" xlink:label="Locator_us-gaap_RestructuringCharges_1634" />
        <calculationArc xlink:type="arc" xlink:arcrole="http://www.xbrl.org/2003/arcrole/summation-item" xlink:from="Locator_us-gaap_OperatingIncomeLoss_1633" xlink:to="Locator_us-gaap_RestructuringCharges_1634" order="9.0" weight="-1" />
        <loc xlink:type="locator" xlink:href="http://xbrl.fasb.org/us-gaap/2012/elts/us-gaap-2012-01-31.xsd#us-gaap_OperatingIncomeLoss" xlink:label="Locator_us-gaap_OperatingIncomeLoss_1635" />
        <loc xlink:type="locator" xlink:href="via-20121201.xsd#via_SegmentReportingReconcilingItemsOperatingIncome" xlink:label="Locator_via_SegmentReportingReconcilingItemsOperatingIncome_1636" />
        <calculationArc xlink:type="arc" xlink:arcrole="http://www.xbrl.org/2003/arcrole/summation-item" xlink:from="Locator_us-gaap_OperatingIncomeLoss_1635" xlink:to="Locator_via_SegmentReportingReconcilingItemsOperatingIncome_1636" order="8.0" weight="1" />
    </calculationLink>
    <calculationLink xlink:type="extended" xlink:role="http://www.viacom.com/role/DiscontinuedOperationsDetails">
        <loc xlink:type="locator" xlink:href="http://xbrl.fasb.org/us-gaap/2012/elts/us-gaap-2012-01-31.xsd#us-gaap_IncomeLossFromDiscontinuedOperationsNetOfTax" xlink:label="Locator_us-gaap_IncomeLossFromDiscontinuedOperationsNetOfTax_1765" />
        <loc xlink:type="locator" xlink:href="http://xbrl.fasb.org/us-gaap/2012/elts/us-gaap-2012-01-31.xsd#us-gaap_DiscontinuedOperationIncomeLossFromDiscontinuedOperationBeforeIncomeTax" xlink:label="Locator_us-gaap_DiscontinuedOperationIncomeLossFromDiscontinuedOperationBeforeIncomeTax_1766" />
        <calculationArc xlink:type="arc" xlink:arcrole="http://www.xbrl.org/2003/arcrole/summation-item" xlink:from="Locator_us-gaap_IncomeLossFromDiscontinuedOperationsNetOfTax_1765" xlink:to="Locator_us-gaap_DiscontinuedOperationIncomeLossFromDiscontinuedOperationBeforeIncomeTax_1766" order="6.0" weight="1" />
        <loc xlink:type="locator" xlink:href="http://xbrl.fasb.org/us-gaap/2012/elts/us-gaap-2012-01-31.xsd#us-gaap_IncomeLossFromDiscontinuedOperationsNetOfTax" xlink:label="Locator_us-gaap_IncomeLossFromDiscontinuedOperationsNetOfTax_1767" />
        <loc xlink:type="locator" xlink:href="http://xbrl.fasb.org/us-gaap/2012/elts/us-gaap-2012-01-31.xsd#us-gaap_DiscontinuedOperationTaxEffectOfDiscontinuedOperation" xlink:label="Locator_us-gaap_DiscontinuedOperationTaxEffectOfDiscontinuedOperation_1768" />
        <calculationArc xlink:type="arc" xlink:arcrole="http://www.xbrl.org/2003/arcrole/summation-item" xlink:from="Locator_us-gaap_IncomeLossFromDiscontinuedOperationsNetOfTax_1767" xlink:to="Locator_us-gaap_DiscontinuedOperationTaxEffectOfDiscontinuedOperation_1768" order="7.0" weight="-1" />
    </calculationLink>
    <calculationLink xlink:type="extended" xlink:role="http://www.viacom.com/role/StatementCONSOLIDATEDSTATEMENTSOFCOMPREHENSIVEINCOME">
        <loc xlink:type="locator" xlink:href="http://xbrl.fasb.org/us-gaap/2012/elts/us-gaap-2012-01-31.xsd#us-gaap_ComprehensiveIncomeNetOfTax" xlink:label="Locator_us-gaap_ComprehensiveIncomeNetOfTax_1891" />
        <loc xlink:type="locator" xlink:href="http://xbrl.fasb.org/us-gaap/2012/elts/us-gaap-2012-01-31.xsd#us-gaap_ComprehensiveIncomeNetOfTaxIncludingPortionAttributableToNoncontrollingInterest" xlink:label="Locator_us-gaap_ComprehensiveIncomeNetOfTaxIncludingPortionAttributableToNoncontrollingInterest_1892" />
        <calculationArc xlink:type="arc" xlink:arcrole="http://www.xbrl.org/2003/arcrole/summation-item" xlink:from="Locator_us-gaap_ComprehensiveIncomeNetOfTax_1891" xlink:to="Locator_us-gaap_ComprehensiveIncomeNetOfTaxIncludingPortionAttributableToNoncontrollingInterest_1892" order="7.0" weight="1" />
        <loc xlink:type="locator" xlink:href="http://xbrl.fasb.org/us-gaap/2012/elts/us-gaap-2012-01-31.xsd#us-gaap_ComprehensiveIncomeNetOfTaxIncludingPortionAttributableToNoncontrollingInterest" xlink:label="Locator_us-gaap_ComprehensiveIncomeNetOfTaxIncludingPortionAttributableToNoncontrollingInterest_1887" />
        <loc xlink:type="locator" xlink:href="http://xbrl.fasb.org/us-gaap/2012/elts/us-gaap-2012-01-31.xsd#us-gaap_ProfitLoss" xlink:label="Locator_us-gaap_ProfitLoss_1888" />
        <calculationArc xlink:type="arc" xlink:arcrole="http://www.xbrl.org/2003/arcrole/summation-item" xlink:from="Locator_us-gaap_ComprehensiveIncomeNetOfTaxIncludingPortionAttributableToNoncontrollingInterest_1887" xlink:to="Locator_us-gaap_ProfitLoss_1888" order="1.0" weight="1" />
        <loc xlink:type="locator" xlink:href="http://xbrl.fasb.org/us-gaap/2012/elts/us-gaap-2012-01-31.xsd#us-gaap_ComprehensiveIncomeNetOfTaxIncludingPortionAttributableToNoncontrollingInterest" xlink:label="Locator_us-gaap_ComprehensiveIncomeNetOfTaxIncludingPortionAttributableToNoncontrollingInterest_1889" />
        <loc xlink:type="locator" xlink:href="http://xbrl.fasb.org/us-gaap/2012/elts/us-gaap-2012-01-31.xsd#us-gaap_OtherComprehensiveIncomeLossNetOfTax" xlink:label="Locator_us-gaap_OtherComprehensiveIncomeLossNetOfTax_1890" />
        <calculationArc xlink:type="arc" xlink:arcrole="http://www.xbrl.org/2003/arcrole/summation-item" xlink:from="Locator_us-gaap_ComprehensiveIncomeNetOfTaxIncludingPortionAttributableToNoncontrollingInterest_1889" xlink:to="Locator_us-gaap_OtherComprehensiveIncomeLossNetOfTax_1890" order="6.0" weight="1" />
        <loc xlink:type="locator" xlink:href="http://xbrl.fasb.org/us-gaap/2012/elts/us-gaap-2012-01-31.xsd#us-gaap_OtherComprehensiveIncomeLossNetOfTax" xlink:label="Locator_us-gaap_OtherComprehensiveIncomeLossNetOfTax_1879" />
        <loc xlink:type="locator" xlink:href="http://xbrl.fasb.org/us-gaap/2012/elts/us-gaap-2012-01-31.xsd#us-gaap_OtherComprehensiveIncomeLossForeignCurrencyTransactionAndTranslationAdjustmentNetOfTax" xlink:label="Locator_us-gaap_OtherComprehensiveIncomeLossForeignCurrencyTransactionAndTranslationAdjustmentNetOfTax_1880" />
        <calculationArc xlink:type="arc" xlink:arcrole="http://www.xbrl.org/2003/arcrole/summation-item" xlink:from="Locator_us-gaap_OtherComprehensiveIncomeLossNetOfTax_1879" xlink:to="Locator_us-gaap_OtherComprehensiveIncomeLossForeignCurrencyTransactionAndTranslationAdjustmentNetOfTax_1880" order="2.0" weight="1" />
        <loc xlink:type="locator" xlink:href="http://xbrl.fasb.org/us-gaap/2012/elts/us-gaap-2012-01-31.xsd#us-gaap_OtherComprehensiveIncomeLossNetOfTax" xlink:label="Locator_us-gaap_OtherComprehensiveIncomeLossNetOfTax_1881" />
        <loc xlink:type="locator" xlink:href="http://xbrl.fasb.org/us-gaap/2012/elts/us-gaap-2012-01-31.xsd#us-gaap_OtherComprehensiveIncomeLossPensionAndOtherPostretirementBenefitPlansAdjustmentNetOfTax" xlink:label="Locator_us-gaap_OtherComprehensiveIncomeLossPensionAndOtherPostretirementBenefitPlansAdjustmentNetOfTax_1882" />
        <calculationArc xlink:type="arc" xlink:arcrole="http://www.xbrl.org/2003/arcrole/summation-item" xlink:from="Locator_us-gaap_OtherComprehensiveIncomeLossNetOfTax_1881" xlink:to="Locator_us-gaap_OtherComprehensiveIncomeLossPensionAndOtherPostretirementBenefitPlansAdjustmentNetOfTax_1882" order="3.0" weight="-1" />
        <loc xlink:type="locator" xlink:href="http://xbrl.fasb.org/us-gaap/2012/elts/us-gaap-2012-01-31.xsd#us-gaap_OtherComprehensiveIncomeLossNetOfTax" xlink:label="Locator_us-gaap_OtherComprehensiveIncomeLossNetOfTax_1883" />
        <loc xlink:type="locator" xlink:href="http://xbrl.fasb.org/us-gaap/2012/elts/us-gaap-2012-01-31.xsd#us-gaap_OtherComprehensiveIncomeLossDerivativesQualifyingAsHedgesNetOfTax" xlink:label="Locator_us-gaap_OtherComprehensiveIncomeLossDerivativesQualifyingAsHedgesNetOfTax_1884" />
        <calculationArc xlink:type="arc" xlink:arcrole="http://www.xbrl.org/2003/arcrole/summation-item" xlink:from="Locator_us-gaap_OtherComprehensiveIncomeLossNetOfTax_1883" xlink:to="Locator_us-gaap_OtherComprehensiveIncomeLossDerivativesQualifyingAsHedgesNetOfTax_1884" order="4.0" weight="1" />
        <loc xlink:type="locator" xlink:href="http://xbrl.fasb.org/us-gaap/2012/elts/us-gaap-2012-01-31.xsd#us-gaap_OtherComprehensiveIncomeLossNetOfTax" xlink:label="Locator_us-gaap_OtherComprehensiveIncomeLossNetOfTax_1885" />
        <loc xlink:type="locator" xlink:href="http://xbrl.fasb.org/us-gaap/2012/elts/us-gaap-2012-01-31.xsd#us-gaap_OtherComprehensiveIncomeLossAvailableForSaleSecuritiesAdjustmentNetOfTax" xlink:label="Locator_us-gaap_OtherComprehensiveIncomeLossAvailableForSaleSecuritiesAdjustmentNetOfTax_1886" />
        <calculationArc xlink:type="arc" xlink:arcrole="http://www.xbrl.org/2003/arcrole/summation-item" xlink:from="Locator_us-gaap_OtherComprehensiveIncomeLossNetOfTax_1885" xlink:to="Locator_us-gaap_OtherComprehensiveIncomeLossAvailableForSaleSecuritiesAdjustmentNetOfTax_1886" order="5.0" weight="1" />
        <loc xlink:type="locator" xlink:href="http://xbrl.fasb.org/us-gaap/2012/elts/us-gaap-2012-01-31.xsd#us-gaap_ComprehensiveIncomeNetOfTax" xlink:label="Locator_us-gaap_ComprehensiveIncomeNetOfTax_1893" />
        <loc xlink:type="locator" xlink:href="http://xbrl.fasb.org/us-gaap/2012/elts/us-gaap-2012-01-31.xsd#us-gaap_ComprehensiveIncomeNetOfTaxAttributableToNoncontrollingInterest" xlink:label="Locator_us-gaap_ComprehensiveIncomeNetOfTaxAttributableToNoncontrollingInterest_1894" />
        <calculationArc xlink:type="arc" xlink:arcrole="http://www.xbrl.org/2003/arcrole/summation-item" xlink:from="Locator_us-gaap_ComprehensiveIncomeNetOfTax_1893" xlink:to="Locator_us-gaap_ComprehensiveIncomeNetOfTaxAttributableToNoncontrollingInterest_1894" order="8.0" weight="-1" />
    </calculationLink>
</linkbase>
