<?xml version="1.0" encoding="UTF-8"?>
<!--XBRL Document Modified with Ez-Viewer Version 1.0.5.8 on Thursday, January 31, 2013 03:07:32 AM -->
<linkbase xmlns="http://www.xbrl.org/2003/linkbase" xmlns:xsi="http://www.w3.org/2001/XMLSchema-instance" xmlns:xlink="http://www.w3.org/1999/xlink" xsi:schemaLocation="http://www.xbrl.org/2003/linkbase http://www.xbrl.org/2003/xbrl-linkbase-2003-12-31.xsd">
<roleRef xlink:type="simple" xlink:href="bnxr-20121031.xsd#BalanceSheets" roleURI="http://www.brinxresources.com/role/BalanceSheets"/>
<calculationLink xlink:type="extended" xlink:role="http://www.brinxresources.com/role/BalanceSheets">
<loc xlink:type="locator" xlink:href="http://xbrl.fasb.org/us-gaap/2012/elts/us-gaap-2012-01-31.xsd#us-gaap_AssetsCurrent" xlink:label="loc_us-gaap_AssetsCurrent"/>
<loc xlink:type="locator" xlink:href="http://xbrl.fasb.org/us-gaap/2012/elts/us-gaap-2012-01-31.xsd#us-gaap_CashAndCashEquivalentsAtCarryingValue" xlink:label="loc_us-gaap_CashAndCashEquivalentsAtCarryingValue"/>
<calculationArc xlink:type="arc" xlink:arcrole="http://www.xbrl.org/2003/arcrole/summation-item" xlink:from="loc_us-gaap_AssetsCurrent" xlink:to="loc_us-gaap_CashAndCashEquivalentsAtCarryingValue" order="10" use="optional" weight="1"/>
<loc xlink:type="locator" xlink:href="http://xbrl.fasb.org/us-gaap/2012/elts/us-gaap-2012-01-31.xsd#us-gaap_ShortTermInvestments" xlink:label="loc_us-gaap_ShortTermInvestments"/>
<calculationArc xlink:type="arc" xlink:arcrole="http://www.xbrl.org/2003/arcrole/summation-item" xlink:from="loc_us-gaap_AssetsCurrent" xlink:to="loc_us-gaap_ShortTermInvestments" order="20" use="optional" weight="1"/>
<loc xlink:type="locator" xlink:href="http://xbrl.fasb.org/us-gaap/2012/elts/us-gaap-2012-01-31.xsd#us-gaap_MarketableSecuritiesCurrent" xlink:label="loc_us-gaap_MarketableSecuritiesCurrent"/>
<calculationArc xlink:type="arc" xlink:arcrole="http://www.xbrl.org/2003/arcrole/summation-item" xlink:from="loc_us-gaap_AssetsCurrent" xlink:to="loc_us-gaap_MarketableSecuritiesCurrent" order="30" use="optional" weight="1"/>
<loc xlink:type="locator" xlink:href="http://xbrl.fasb.org/us-gaap/2012/elts/us-gaap-2012-01-31.xsd#us-gaap_AccountsReceivableNetCurrent" xlink:label="loc_us-gaap_AccountsReceivableNetCurrent"/>
<calculationArc xlink:type="arc" xlink:arcrole="http://www.xbrl.org/2003/arcrole/summation-item" xlink:from="loc_us-gaap_AssetsCurrent" xlink:to="loc_us-gaap_AccountsReceivableNetCurrent" order="40" use="optional" weight="1"/>
<loc xlink:type="locator" xlink:href="bnxr-20121031.xsd#bnxr_PrepaidExpensesAndDeposit" xlink:label="loc_bnxr_PrepaidExpensesAndDeposit"/>
<calculationArc xlink:type="arc" xlink:arcrole="http://www.xbrl.org/2003/arcrole/summation-item" xlink:from="loc_us-gaap_AssetsCurrent" xlink:to="loc_bnxr_PrepaidExpensesAndDeposit" order="50" use="optional" weight="1"/>
<loc xlink:type="locator" xlink:href="http://xbrl.fasb.org/us-gaap/2012/elts/us-gaap-2012-01-31.xsd#us-gaap_Assets" xlink:label="loc_us-gaap_Assets"/><calculationArc xlink:type="arc" xlink:arcrole="http://www.xbrl.org/2003/arcrole/summation-item" xlink:from="loc_us-gaap_Assets" xlink:to="loc_us-gaap_AssetsCurrent" order="10" use="optional" weight="1"/><loc xlink:type="locator" xlink:href="bnxr-20121031.xsd#bnxr_UndevelopedMineralInterest" xlink:label="loc_bnxr_UndevelopedMineralInterest"/><calculationArc xlink:type="arc" xlink:arcrole="http://www.xbrl.org/2003/arcrole/summation-item" xlink:from="loc_us-gaap_Assets" xlink:to="loc_bnxr_UndevelopedMineralInterest" order="20" use="optional" weight="1"/><loc xlink:type="locator" xlink:href="http://xbrl.fasb.org/us-gaap/2012/elts/us-gaap-2012-01-31.xsd#us-gaap_OilAndGasPropertyFullCostMethodNet" xlink:label="loc_us-gaap_OilAndGasPropertyFullCostMethodNet"/><calculationArc xlink:type="arc" xlink:arcrole="http://www.xbrl.org/2003/arcrole/summation-item" xlink:from="loc_us-gaap_Assets" xlink:to="loc_us-gaap_OilAndGasPropertyFullCostMethodNet" order="30" use="optional" weight="1"/><loc xlink:type="locator" xlink:href="http://xbrl.fasb.org/us-gaap/2012/elts/us-gaap-2012-01-31.xsd#us-gaap_LiabilitiesCurrent" xlink:label="loc_us-gaap_LiabilitiesCurrent"/><loc xlink:type="locator" xlink:href="http://xbrl.fasb.org/us-gaap/2012/elts/us-gaap-2012-01-31.xsd#us-gaap_AccountsPayableAndAccruedLiabilitiesCurrent" xlink:label="loc_us-gaap_AccountsPayableAndAccruedLiabilitiesCurrent"/><calculationArc xlink:type="arc" xlink:arcrole="http://www.xbrl.org/2003/arcrole/summation-item" xlink:from="loc_us-gaap_LiabilitiesCurrent" xlink:to="loc_us-gaap_AccountsPayableAndAccruedLiabilitiesCurrent" order="10" use="optional" weight="1"/><loc xlink:type="locator" xlink:href="http://xbrl.fasb.org/us-gaap/2012/elts/us-gaap-2012-01-31.xsd#us-gaap_Liabilities" xlink:label="loc_us-gaap_Liabilities"/><calculationArc xlink:type="arc" xlink:arcrole="http://www.xbrl.org/2003/arcrole/summation-item" xlink:from="loc_us-gaap_Liabilities" xlink:to="loc_us-gaap_LiabilitiesCurrent" order="10" use="optional" weight="1"/><loc xlink:type="locator" xlink:href="http://xbrl.fasb.org/us-gaap/2012/elts/us-gaap-2012-01-31.xsd#us-gaap_AssetRetirementObligationsNoncurrent" xlink:label="loc_us-gaap_AssetRetirementObligationsNoncurrent"/><calculationArc xlink:type="arc" xlink:arcrole="http://www.xbrl.org/2003/arcrole/summation-item" xlink:from="loc_us-gaap_Liabilities" xlink:to="loc_us-gaap_AssetRetirementObligationsNoncurrent" order="20" use="optional" weight="1"/><loc xlink:type="locator" xlink:href="http://xbrl.fasb.org/us-gaap/2012/elts/us-gaap-2012-01-31.xsd#us-gaap_LiabilitiesAndStockholdersEquity" xlink:label="loc_us-gaap_LiabilitiesAndStockholdersEquity"/><calculationArc xlink:type="arc" xlink:arcrole="http://www.xbrl.org/2003/arcrole/summation-item" xlink:from="loc_us-gaap_LiabilitiesAndStockholdersEquity" xlink:to="loc_us-gaap_Liabilities" order="10" use="optional" weight="1"/><loc xlink:type="locator" xlink:href="http://xbrl.fasb.org/us-gaap/2012/elts/us-gaap-2012-01-31.xsd#us-gaap_StockholdersEquity" xlink:label="loc_us-gaap_StockholdersEquity"/><calculationArc xlink:type="arc" xlink:arcrole="http://www.xbrl.org/2003/arcrole/summation-item" xlink:from="loc_us-gaap_LiabilitiesAndStockholdersEquity" xlink:to="loc_us-gaap_StockholdersEquity" order="20" use="optional" weight="1"/></calculationLink>




<roleRef xlink:type="simple" xlink:href="bnxr-20121031.xsd#STATEMENTSOFCOMPREHENSIVEINCOMELOSS" roleURI="http://www.brinxresources.com/role/STATEMENTSOFCOMPREHENSIVEINCOMELOSS"/>
<calculationLink xlink:type="extended" xlink:role="http://www.brinxresources.com/role/STATEMENTSOFCOMPREHENSIVEINCOMELOSS">
<loc xlink:type="locator" xlink:href="http://xbrl.fasb.org/us-gaap/2012/elts/us-gaap-2012-01-31.xsd#us-gaap_CostsAndExpenses" xlink:label="loc_us-gaap_CostsAndExpenses"/>
<loc xlink:type="locator" xlink:href="http://xbrl.fasb.org/us-gaap/2012/elts/us-gaap-2012-01-31.xsd#us-gaap_ExplorationAndProductionCosts" xlink:label="loc_us-gaap_ExplorationAndProductionCosts"/>
<calculationArc xlink:type="arc" xlink:arcrole="http://www.xbrl.org/2003/arcrole/summation-item" xlink:from="loc_us-gaap_CostsAndExpenses" xlink:to="loc_us-gaap_ExplorationAndProductionCosts" order="10" use="optional" weight="1"/>
<loc xlink:type="locator" xlink:href="http://xbrl.fasb.org/us-gaap/2012/elts/us-gaap-2012-01-31.xsd#us-gaap_DepletionOfOilAndGasProperties" xlink:label="loc_us-gaap_DepletionOfOilAndGasProperties"/>
<calculationArc xlink:type="arc" xlink:arcrole="http://www.xbrl.org/2003/arcrole/summation-item" xlink:from="loc_us-gaap_CostsAndExpenses" xlink:to="loc_us-gaap_DepletionOfOilAndGasProperties" order="20" use="optional" weight="1"/>
<loc xlink:type="locator" xlink:href="http://xbrl.fasb.org/us-gaap/2012/elts/us-gaap-2012-01-31.xsd#us-gaap_GeneralAndAdministrativeExpense" xlink:label="loc_us-gaap_GeneralAndAdministrativeExpense"/>
<calculationArc xlink:type="arc" xlink:arcrole="http://www.xbrl.org/2003/arcrole/summation-item" xlink:from="loc_us-gaap_CostsAndExpenses" xlink:to="loc_us-gaap_GeneralAndAdministrativeExpense" order="30" use="optional" weight="1"/>
<loc xlink:type="locator" xlink:href="http://xbrl.fasb.org/us-gaap/2012/elts/us-gaap-2012-01-31.xsd#us-gaap_GainLossOnSaleOfOilAndGasProperty" xlink:label="loc_us-gaap_GainLossOnSaleOfOilAndGasProperty"/>
<calculationArc xlink:type="arc" xlink:arcrole="http://www.xbrl.org/2003/arcrole/summation-item" xlink:from="loc_us-gaap_CostsAndExpenses" xlink:to="loc_us-gaap_GainLossOnSaleOfOilAndGasProperty" order="40" use="optional" weight="-1"/>
<loc xlink:type="locator" xlink:href="bnxr-20121031.xsd#bnxr_WriteDownOfOilAndGasProperty" xlink:label="loc_bnxr_WriteDownOfOilAndGasProperty"/>
<calculationArc xlink:type="arc" xlink:arcrole="http://www.xbrl.org/2003/arcrole/summation-item" xlink:from="loc_us-gaap_CostsAndExpenses" xlink:to="loc_bnxr_WriteDownOfOilAndGasProperty" order="50" use="optional" weight="1"/>
<loc xlink:type="locator" xlink:href="http://xbrl.fasb.org/us-gaap/2012/elts/us-gaap-2012-01-31.xsd#us-gaap_NetIncomeLoss" xlink:label="loc_us-gaap_NetIncomeLoss"/><loc xlink:type="locator" xlink:href="http://xbrl.fasb.org/us-gaap/2012/elts/us-gaap-2012-01-31.xsd#us-gaap_OperatingIncomeLoss" xlink:label="loc_us-gaap_OperatingIncomeLoss"/><calculationArc xlink:type="arc" xlink:arcrole="http://www.xbrl.org/2003/arcrole/summation-item" xlink:from="loc_us-gaap_NetIncomeLoss" xlink:to="loc_us-gaap_OperatingIncomeLoss" order="10" use="optional" weight="1"/><loc xlink:type="locator" xlink:href="http://xbrl.fasb.org/us-gaap/2012/elts/us-gaap-2012-01-31.xsd#us-gaap_InvestmentIncomeInterest" xlink:label="loc_us-gaap_InvestmentIncomeInterest"/><calculationArc xlink:type="arc" xlink:arcrole="http://www.xbrl.org/2003/arcrole/summation-item" xlink:from="loc_us-gaap_NetIncomeLoss" xlink:to="loc_us-gaap_InvestmentIncomeInterest" order="20" use="optional" weight="1"/><loc xlink:type="locator" xlink:href="http://xbrl.fasb.org/us-gaap/2012/elts/us-gaap-2012-01-31.xsd#us-gaap_OtherNonoperatingIncome" xlink:label="loc_us-gaap_OtherNonoperatingIncome"/><calculationArc xlink:type="arc" xlink:arcrole="http://www.xbrl.org/2003/arcrole/summation-item" xlink:from="loc_us-gaap_NetIncomeLoss" xlink:to="loc_us-gaap_OtherNonoperatingIncome" order="30" use="optional" weight="1"/><loc xlink:type="locator" xlink:href="http://xbrl.fasb.org/us-gaap/2012/elts/us-gaap-2012-01-31.xsd#us-gaap_ComprehensiveIncomeNetOfTax" xlink:label="loc_us-gaap_ComprehensiveIncomeNetOfTax"/><calculationArc xlink:type="arc" xlink:arcrole="http://www.xbrl.org/2003/arcrole/summation-item" xlink:from="loc_us-gaap_ComprehensiveIncomeNetOfTax" xlink:to="loc_us-gaap_NetIncomeLoss" order="10" use="optional" weight="1"/><loc xlink:type="locator" xlink:href="http://xbrl.fasb.org/us-gaap/2012/elts/us-gaap-2012-01-31.xsd#us-gaap_MarketableSecuritiesUnrealizedGainLossExcludingOtherThanTemporaryImpairments" xlink:label="loc_us-gaap_MarketableSecuritiesUnrealizedGainLossExcludingOtherThanTemporaryImpairments"/><calculationArc xlink:type="arc" xlink:arcrole="http://www.xbrl.org/2003/arcrole/summation-item" xlink:from="loc_us-gaap_ComprehensiveIncomeNetOfTax" xlink:to="loc_us-gaap_MarketableSecuritiesUnrealizedGainLossExcludingOtherThanTemporaryImpairments" order="20" use="optional" weight="1"/></calculationLink>


<roleRef xlink:type="simple" xlink:href="bnxr-20121031.xsd#Statementsofcashflows" roleURI="http://www.brinxresources.com/role/Statementsofcashflows"/>
<calculationLink xlink:type="extended" xlink:role="http://www.brinxresources.com/role/Statementsofcashflows">
<loc xlink:type="locator" xlink:href="http://xbrl.fasb.org/us-gaap/2012/elts/us-gaap-2012-01-31.xsd#us-gaap_NetCashProvidedByUsedInOperatingActivities" xlink:label="loc_us-gaap_NetCashProvidedByUsedInOperatingActivities"/>
<loc xlink:type="locator" xlink:href="http://xbrl.fasb.org/us-gaap/2012/elts/us-gaap-2012-01-31.xsd#us-gaap_NetIncomeLoss" xlink:label="loc_us-gaap_NetIncomeLoss"/>
<calculationArc xlink:type="arc" xlink:arcrole="http://www.xbrl.org/2003/arcrole/summation-item" xlink:from="loc_us-gaap_NetCashProvidedByUsedInOperatingActivities" xlink:to="loc_us-gaap_NetIncomeLoss" order="10" use="optional" weight="1"/>
<loc xlink:type="locator" xlink:href="http://xbrl.fasb.org/us-gaap/2012/elts/us-gaap-2012-01-31.xsd#us-gaap_DepletionOfOilAndGasProperties" xlink:label="loc_us-gaap_DepletionOfOilAndGasProperties"/>
<calculationArc xlink:type="arc" xlink:arcrole="http://www.xbrl.org/2003/arcrole/summation-item" xlink:from="loc_us-gaap_NetCashProvidedByUsedInOperatingActivities" xlink:to="loc_us-gaap_DepletionOfOilAndGasProperties" order="20" use="optional" weight="1"/>
<loc xlink:type="locator" xlink:href="http://xbrl.fasb.org/us-gaap/2012/elts/us-gaap-2012-01-31.xsd#us-gaap_GainLossOnSaleOfOilAndGasProperty" xlink:label="loc_us-gaap_GainLossOnSaleOfOilAndGasProperty"/>
<calculationArc xlink:type="arc" xlink:arcrole="http://www.xbrl.org/2003/arcrole/summation-item" xlink:from="loc_us-gaap_NetCashProvidedByUsedInOperatingActivities" xlink:to="loc_us-gaap_GainLossOnSaleOfOilAndGasProperty" order="30" use="optional" weight="-1"/>
<loc xlink:type="locator" xlink:href="bnxr-20121031.xsd#bnxr_WriteDownOfOilAndGasProperty" xlink:label="loc_bnxr_WriteDownOfOilAndGasProperty"/>
<calculationArc xlink:type="arc" xlink:arcrole="http://www.xbrl.org/2003/arcrole/summation-item" xlink:from="loc_us-gaap_NetCashProvidedByUsedInOperatingActivities" xlink:to="loc_bnxr_WriteDownOfOilAndGasProperty" order="40" use="optional" weight="1"/>
<loc xlink:type="locator" xlink:href="http://xbrl.fasb.org/us-gaap/2012/elts/us-gaap-2012-01-31.xsd#us-gaap_IncreaseDecreaseInAccountsReceivable" xlink:label="loc_us-gaap_IncreaseDecreaseInAccountsReceivable"/>
<calculationArc xlink:type="arc" xlink:arcrole="http://www.xbrl.org/2003/arcrole/summation-item" xlink:from="loc_us-gaap_NetCashProvidedByUsedInOperatingActivities" xlink:to="loc_us-gaap_IncreaseDecreaseInAccountsReceivable" order="50" use="optional" weight="-1"/>
<loc xlink:type="locator" xlink:href="http://xbrl.fasb.org/us-gaap/2012/elts/us-gaap-2012-01-31.xsd#us-gaap_IncreaseDecreaseInPrepaidDeferredExpenseAndOtherAssets" xlink:label="loc_us-gaap_IncreaseDecreaseInPrepaidDeferredExpenseAndOtherAssets"/>
<calculationArc xlink:type="arc" xlink:arcrole="http://www.xbrl.org/2003/arcrole/summation-item" xlink:from="loc_us-gaap_NetCashProvidedByUsedInOperatingActivities" xlink:to="loc_us-gaap_IncreaseDecreaseInPrepaidDeferredExpenseAndOtherAssets" order="60" use="optional" weight="-1"/>
<loc xlink:type="locator" xlink:href="http://xbrl.fasb.org/us-gaap/2012/elts/us-gaap-2012-01-31.xsd#us-gaap_IncreaseDecreaseInAccountsPayableAndAccruedLiabilities" xlink:label="loc_us-gaap_IncreaseDecreaseInAccountsPayableAndAccruedLiabilities"/>
<calculationArc xlink:type="arc" xlink:arcrole="http://www.xbrl.org/2003/arcrole/summation-item" xlink:from="loc_us-gaap_NetCashProvidedByUsedInOperatingActivities" xlink:to="loc_us-gaap_IncreaseDecreaseInAccountsPayableAndAccruedLiabilities" order="70" use="optional" weight="1"/>
<loc xlink:type="locator" xlink:href="http://xbrl.fasb.org/us-gaap/2012/elts/us-gaap-2012-01-31.xsd#us-gaap_NetCashProvidedByUsedInInvestingActivities" xlink:label="loc_us-gaap_NetCashProvidedByUsedInInvestingActivities"/><loc xlink:type="locator" xlink:href="http://xbrl.fasb.org/us-gaap/2012/elts/us-gaap-2012-01-31.xsd#us-gaap_PaymentsToAcquireShortTermInvestments" xlink:label="loc_us-gaap_PaymentsToAcquireShortTermInvestments"/><calculationArc xlink:type="arc" xlink:arcrole="http://www.xbrl.org/2003/arcrole/summation-item" xlink:from="loc_us-gaap_NetCashProvidedByUsedInInvestingActivities" xlink:to="loc_us-gaap_PaymentsToAcquireShortTermInvestments" order="10" use="optional" weight="-1"/><loc xlink:type="locator" xlink:href="http://xbrl.fasb.org/us-gaap/2012/elts/us-gaap-2012-01-31.xsd#us-gaap_ProceedsFromSaleOfOilAndGasPropertyAndEquipment" xlink:label="loc_us-gaap_ProceedsFromSaleOfOilAndGasPropertyAndEquipment"/><calculationArc xlink:type="arc" xlink:arcrole="http://www.xbrl.org/2003/arcrole/summation-item" xlink:from="loc_us-gaap_NetCashProvidedByUsedInInvestingActivities" xlink:to="loc_us-gaap_ProceedsFromSaleOfOilAndGasPropertyAndEquipment" order="20" use="optional" weight="1"/><loc xlink:type="locator" xlink:href="http://xbrl.fasb.org/us-gaap/2012/elts/us-gaap-2012-01-31.xsd#us-gaap_PaymentsToAcquireMineralRights" xlink:label="loc_us-gaap_PaymentsToAcquireMineralRights"/><calculationArc xlink:type="arc" xlink:arcrole="http://www.xbrl.org/2003/arcrole/summation-item" xlink:from="loc_us-gaap_NetCashProvidedByUsedInInvestingActivities" xlink:to="loc_us-gaap_PaymentsToAcquireMineralRights" order="30" use="optional" weight="-1"/><loc xlink:type="locator" xlink:href="http://xbrl.fasb.org/us-gaap/2012/elts/us-gaap-2012-01-31.xsd#us-gaap_PaymentsToAcquireOilAndGasProperty" xlink:label="loc_us-gaap_PaymentsToAcquireOilAndGasProperty"/><calculationArc xlink:type="arc" xlink:arcrole="http://www.xbrl.org/2003/arcrole/summation-item" xlink:from="loc_us-gaap_NetCashProvidedByUsedInInvestingActivities" xlink:to="loc_us-gaap_PaymentsToAcquireOilAndGasProperty" order="40" use="optional" weight="-1"/><loc xlink:type="locator" xlink:href="http://xbrl.fasb.org/us-gaap/2012/elts/us-gaap-2012-01-31.xsd#us-gaap_CashAndCashEquivalentsPeriodIncreaseDecrease" xlink:label="loc_us-gaap_CashAndCashEquivalentsPeriodIncreaseDecrease"/><calculationArc xlink:type="arc" xlink:arcrole="http://www.xbrl.org/2003/arcrole/summation-item" xlink:from="loc_us-gaap_CashAndCashEquivalentsPeriodIncreaseDecrease" xlink:to="loc_us-gaap_NetCashProvidedByUsedInOperatingActivities" order="10" use="optional" weight="1"/><calculationArc xlink:type="arc" xlink:arcrole="http://www.xbrl.org/2003/arcrole/summation-item" xlink:from="loc_us-gaap_CashAndCashEquivalentsPeriodIncreaseDecrease" xlink:to="loc_us-gaap_NetCashProvidedByUsedInInvestingActivities" order="20" use="optional" weight="1"/><loc xlink:type="locator" xlink:href="http://xbrl.fasb.org/us-gaap/2012/elts/us-gaap-2012-01-31.xsd#us-gaap_NetCashProvidedByUsedInFinancingActivities" xlink:label="loc_us-gaap_NetCashProvidedByUsedInFinancingActivities"/><calculationArc xlink:type="arc" xlink:arcrole="http://www.xbrl.org/2003/arcrole/summation-item" xlink:from="loc_us-gaap_CashAndCashEquivalentsPeriodIncreaseDecrease" xlink:to="loc_us-gaap_NetCashProvidedByUsedInFinancingActivities" order="30" use="optional" weight="1"/></calculationLink>


<roleRef xlink:type="simple" xlink:href="bnxr-20121031.xsd#AccountsReceivableDetails" roleURI="http://www.brinxresources.com/role/AccountsReceivableDetails"/>
<calculationLink xlink:type="extended" xlink:role="http://www.brinxresources.com/role/AccountsReceivableDetails">
<loc xlink:type="locator" xlink:href="http://xbrl.fasb.org/us-gaap/2012/elts/us-gaap-2012-01-31.xsd#us-gaap_AccountsReceivableNetCurrent" xlink:label="loc_us-gaap_AccountsReceivableNetCurrent"/>
<loc xlink:type="locator" xlink:href="http://xbrl.fasb.org/us-gaap/2012/elts/us-gaap-2012-01-31.xsd#us-gaap_AccountsReceivableGrossCurrent" xlink:label="loc_us-gaap_AccountsReceivableGrossCurrent"/>
<calculationArc xlink:type="arc" xlink:arcrole="http://www.xbrl.org/2003/arcrole/summation-item" xlink:from="loc_us-gaap_AccountsReceivableNetCurrent" xlink:to="loc_us-gaap_AccountsReceivableGrossCurrent" order="10" use="optional" weight="1"/>
<loc xlink:type="locator" xlink:href="http://xbrl.fasb.org/us-gaap/2012/elts/us-gaap-2012-01-31.xsd#us-gaap_AllowanceForDoubtfulAccountsReceivableCurrent" xlink:label="loc_us-gaap_AllowanceForDoubtfulAccountsReceivableCurrent"/>
<calculationArc xlink:type="arc" xlink:arcrole="http://www.xbrl.org/2003/arcrole/summation-item" xlink:from="loc_us-gaap_AccountsReceivableNetCurrent" xlink:to="loc_us-gaap_AllowanceForDoubtfulAccountsReceivableCurrent" order="20" use="optional" weight="-1"/>
</calculationLink>
<roleRef xlink:type="simple" xlink:href="bnxr-20121031.xsd#OilAndGasInterestsDetails1" roleURI="http://www.brinxresources.com/role/OilAndGasInterestsDetails1"/>
<calculationLink xlink:type="extended" xlink:role="http://www.brinxresources.com/role/OilAndGasInterestsDetails1">
<loc xlink:type="locator" xlink:href="http://xbrl.fasb.org/us-gaap/2012/elts/us-gaap-2012-01-31.xsd#us-gaap_CapitalizedCostsOilAndGasProducingActivitiesGross" xlink:label="loc_us-gaap_CapitalizedCostsOilAndGasProducingActivitiesGross"/>
<loc xlink:type="locator" xlink:href="http://xbrl.fasb.org/us-gaap/2012/elts/us-gaap-2012-01-31.xsd#us-gaap_CapitalizedCostsProvedProperties" xlink:label="loc_us-gaap_CapitalizedCostsProvedProperties"/>
<calculationArc xlink:type="arc" xlink:arcrole="http://www.xbrl.org/2003/arcrole/summation-item" xlink:from="loc_us-gaap_CapitalizedCostsOilAndGasProducingActivitiesGross" xlink:to="loc_us-gaap_CapitalizedCostsProvedProperties" order="10" use="optional" weight="1"/>
<loc xlink:type="locator" xlink:href="http://xbrl.fasb.org/us-gaap/2012/elts/us-gaap-2012-01-31.xsd#us-gaap_CapitalizedCostsUnprovedProperties" xlink:label="loc_us-gaap_CapitalizedCostsUnprovedProperties"/>
<calculationArc xlink:type="arc" xlink:arcrole="http://www.xbrl.org/2003/arcrole/summation-item" xlink:from="loc_us-gaap_CapitalizedCostsOilAndGasProducingActivitiesGross" xlink:to="loc_us-gaap_CapitalizedCostsUnprovedProperties" order="20" use="optional" weight="1"/>
<loc xlink:type="locator" xlink:href="http://xbrl.fasb.org/us-gaap/2012/elts/us-gaap-2012-01-31.xsd#us-gaap_OilAndGasPropertyFullCostMethodNet" xlink:label="loc_us-gaap_OilAndGasPropertyFullCostMethodNet"/><loc xlink:type="locator" xlink:href="http://xbrl.fasb.org/us-gaap/2012/elts/us-gaap-2012-01-31.xsd#us-gaap_OilAndGasPropertyFullCostMethodDepletion" xlink:label="loc_us-gaap_OilAndGasPropertyFullCostMethodDepletion"/><calculationArc xlink:type="arc" xlink:arcrole="http://www.xbrl.org/2003/arcrole/summation-item" xlink:from="loc_us-gaap_OilAndGasPropertyFullCostMethodNet" xlink:to="loc_us-gaap_OilAndGasPropertyFullCostMethodDepletion" order="10" use="optional" weight="-1"/><loc xlink:type="locator" xlink:href="bnxr-20121031.xsd#bnxr_CapitalizedCostsOilAndGasProducingActivitiesAccumulatedImpairment" xlink:label="loc_bnxr_CapitalizedCostsOilAndGasProducingActivitiesAccumulatedImpairment"/><calculationArc xlink:type="arc" xlink:arcrole="http://www.xbrl.org/2003/arcrole/summation-item" xlink:from="loc_us-gaap_OilAndGasPropertyFullCostMethodNet" xlink:to="loc_bnxr_CapitalizedCostsOilAndGasProducingActivitiesAccumulatedImpairment" order="20" use="optional" weight="-1"/><calculationArc xlink:type="arc" xlink:arcrole="http://www.xbrl.org/2003/arcrole/summation-item" xlink:from="loc_us-gaap_OilAndGasPropertyFullCostMethodNet" xlink:to="loc_us-gaap_CapitalizedCostsProvedProperties" order="30" use="optional" weight="1"/><calculationArc xlink:type="arc" xlink:arcrole="http://www.xbrl.org/2003/arcrole/summation-item" xlink:from="loc_us-gaap_OilAndGasPropertyFullCostMethodNet" xlink:to="loc_us-gaap_CapitalizedCostsUnprovedProperties" order="40" use="optional" weight="1"/></calculationLink>

<roleRef xlink:type="simple" xlink:href="bnxr-20121031.xsd#OilAndGasInterestsDetails2" roleURI="http://www.brinxresources.com/role/OilAndGasInterestsDetails2"/>
<calculationLink xlink:type="extended" xlink:role="http://www.brinxresources.com/role/OilAndGasInterestsDetails2">
<loc xlink:type="locator" xlink:href="http://xbrl.fasb.org/us-gaap/2012/elts/us-gaap-2012-01-31.xsd#us-gaap_ResultsOfOperationsRevenueFromOilAndGasProducingActivities" xlink:label="loc_us-gaap_ResultsOfOperationsRevenueFromOilAndGasProducingActivities"/>
<loc xlink:type="locator" xlink:href="http://xbrl.fasb.org/us-gaap/2012/elts/us-gaap-2012-01-31.xsd#us-gaap_OilAndGasRevenue" xlink:label="loc_us-gaap_OilAndGasRevenue"/>
<calculationArc xlink:type="arc" xlink:arcrole="http://www.xbrl.org/2003/arcrole/summation-item" xlink:from="loc_us-gaap_ResultsOfOperationsRevenueFromOilAndGasProducingActivities" xlink:to="loc_us-gaap_OilAndGasRevenue" order="10" use="optional" weight="1"/>
<loc xlink:type="locator" xlink:href="http://xbrl.fasb.org/us-gaap/2012/elts/us-gaap-2012-01-31.xsd#us-gaap_ExplorationAndProductionCosts" xlink:label="loc_us-gaap_ExplorationAndProductionCosts"/>
<calculationArc xlink:type="arc" xlink:arcrole="http://www.xbrl.org/2003/arcrole/summation-item" xlink:from="loc_us-gaap_ResultsOfOperationsRevenueFromOilAndGasProducingActivities" xlink:to="loc_us-gaap_ExplorationAndProductionCosts" order="20" use="optional" weight="-1"/>
<loc xlink:type="locator" xlink:href="http://xbrl.fasb.org/us-gaap/2012/elts/us-gaap-2012-01-31.xsd#us-gaap_DepletionOfOilAndGasProperties" xlink:label="loc_us-gaap_DepletionOfOilAndGasProperties"/>
<calculationArc xlink:type="arc" xlink:arcrole="http://www.xbrl.org/2003/arcrole/summation-item" xlink:from="loc_us-gaap_ResultsOfOperationsRevenueFromOilAndGasProducingActivities" xlink:to="loc_us-gaap_DepletionOfOilAndGasProperties" order="30" use="optional" weight="-1"/>
</calculationLink>
<roleRef xlink:type="simple" xlink:href="bnxr-20121031.xsd#INCOMETAXESDetails" roleURI="http://www.brinxresources.com/role/INCOMETAXESDetails"/>
<calculationLink xlink:type="extended" xlink:role="http://www.brinxresources.com/role/INCOMETAXESDetails">
<loc xlink:type="locator" xlink:href="http://xbrl.fasb.org/us-gaap/2012/elts/us-gaap-2012-01-31.xsd#us-gaap_IncomeTaxExpenseBenefit" xlink:label="loc_us-gaap_IncomeTaxExpenseBenefit"/>
<loc xlink:type="locator" xlink:href="http://xbrl.fasb.org/us-gaap/2012/elts/us-gaap-2012-01-31.xsd#us-gaap_CurrentIncomeTaxExpenseBenefit" xlink:label="loc_us-gaap_CurrentIncomeTaxExpenseBenefit"/>
<calculationArc xlink:type="arc" xlink:arcrole="http://www.xbrl.org/2003/arcrole/summation-item" xlink:from="loc_us-gaap_IncomeTaxExpenseBenefit" xlink:to="loc_us-gaap_CurrentIncomeTaxExpenseBenefit" order="10" use="optional" weight="1"/>
<loc xlink:type="locator" xlink:href="http://xbrl.fasb.org/us-gaap/2012/elts/us-gaap-2012-01-31.xsd#us-gaap_DeferredIncomeTaxExpenseBenefit" xlink:label="loc_us-gaap_DeferredIncomeTaxExpenseBenefit"/>
<calculationArc xlink:type="arc" xlink:arcrole="http://www.xbrl.org/2003/arcrole/summation-item" xlink:from="loc_us-gaap_IncomeTaxExpenseBenefit" xlink:to="loc_us-gaap_DeferredIncomeTaxExpenseBenefit" order="20" use="optional" weight="1"/>
</calculationLink>



<roleRef xlink:type="simple" xlink:href="bnxr-20121031.xsd#UnauditedOilAndGasReserveQuantitiesDetails2" roleURI="http://www.brinxresources.com/role/UnauditedOilAndGasReserveQuantitiesDetails2"/>
<calculationLink xlink:type="extended" xlink:role="http://www.brinxresources.com/role/UnauditedOilAndGasReserveQuantitiesDetails2">
<loc xlink:type="locator" xlink:href="http://xbrl.fasb.org/us-gaap/2012/elts/us-gaap-2012-01-31.xsd#us-gaap_DiscountedFutureNetCashFlowsRelatingToProvedOilAndGasReservesFutureNetCashFlows" xlink:label="loc_us-gaap_DiscountedFutureNetCashFlowsRelatingToProvedOilAndGasReservesFutureNetCashFlows"/>
<loc xlink:type="locator" xlink:href="http://xbrl.fasb.org/us-gaap/2012/elts/us-gaap-2012-01-31.xsd#us-gaap_DiscountedFutureNetCashFlowsRelatingToProvedOilAndGasReservesFutureCashInflows" xlink:label="loc_us-gaap_DiscountedFutureNetCashFlowsRelatingToProvedOilAndGasReservesFutureCashInflows"/>
<calculationArc xlink:type="arc" xlink:arcrole="http://www.xbrl.org/2003/arcrole/summation-item" xlink:from="loc_us-gaap_DiscountedFutureNetCashFlowsRelatingToProvedOilAndGasReservesFutureNetCashFlows" xlink:to="loc_us-gaap_DiscountedFutureNetCashFlowsRelatingToProvedOilAndGasReservesFutureCashInflows" order="10" use="optional" weight="1"/>
<loc xlink:type="locator" xlink:href="http://xbrl.fasb.org/us-gaap/2012/elts/us-gaap-2012-01-31.xsd#us-gaap_DiscountedFutureNetCashFlowsRelatingToProvedOilAndGasReservesFutureProductionCosts" xlink:label="loc_us-gaap_DiscountedFutureNetCashFlowsRelatingToProvedOilAndGasReservesFutureProductionCosts"/>
<calculationArc xlink:type="arc" xlink:arcrole="http://www.xbrl.org/2003/arcrole/summation-item" xlink:from="loc_us-gaap_DiscountedFutureNetCashFlowsRelatingToProvedOilAndGasReservesFutureNetCashFlows" xlink:to="loc_us-gaap_DiscountedFutureNetCashFlowsRelatingToProvedOilAndGasReservesFutureProductionCosts" order="20" use="optional" weight="-1"/>
<loc xlink:type="locator" xlink:href="http://xbrl.fasb.org/us-gaap/2012/elts/us-gaap-2012-01-31.xsd#us-gaap_DiscountedFutureNetCashFlowsRelatingToProvedOilAndGasReservesFutureDevelopmentCosts" xlink:label="loc_us-gaap_DiscountedFutureNetCashFlowsRelatingToProvedOilAndGasReservesFutureDevelopmentCosts"/>
<calculationArc xlink:type="arc" xlink:arcrole="http://www.xbrl.org/2003/arcrole/summation-item" xlink:from="loc_us-gaap_DiscountedFutureNetCashFlowsRelatingToProvedOilAndGasReservesFutureNetCashFlows" xlink:to="loc_us-gaap_DiscountedFutureNetCashFlowsRelatingToProvedOilAndGasReservesFutureDevelopmentCosts" order="30" use="optional" weight="-1"/>
<loc xlink:type="locator" xlink:href="http://xbrl.fasb.org/us-gaap/2012/elts/us-gaap-2012-01-31.xsd#us-gaap_DiscountedFutureNetCashFlowsRelatingToProvedOilAndGasReservesFutureIncomeTaxExpense" xlink:label="loc_us-gaap_DiscountedFutureNetCashFlowsRelatingToProvedOilAndGasReservesFutureIncomeTaxExpense"/>
<calculationArc xlink:type="arc" xlink:arcrole="http://www.xbrl.org/2003/arcrole/summation-item" xlink:from="loc_us-gaap_DiscountedFutureNetCashFlowsRelatingToProvedOilAndGasReservesFutureNetCashFlows" xlink:to="loc_us-gaap_DiscountedFutureNetCashFlowsRelatingToProvedOilAndGasReservesFutureIncomeTaxExpense" order="40" use="optional" weight="-1"/>
<loc xlink:type="locator" xlink:href="http://xbrl.fasb.org/us-gaap/2012/elts/us-gaap-2012-01-31.xsd#us-gaap_DiscountedFutureNetCashFlowsRelatingToProvedOilAndGasReservesStandardizedMeasure" xlink:label="loc_us-gaap_DiscountedFutureNetCashFlowsRelatingToProvedOilAndGasReservesStandardizedMeasure"/><calculationArc xlink:type="arc" xlink:arcrole="http://www.xbrl.org/2003/arcrole/summation-item" xlink:from="loc_us-gaap_DiscountedFutureNetCashFlowsRelatingToProvedOilAndGasReservesStandardizedMeasure" xlink:to="loc_us-gaap_DiscountedFutureNetCashFlowsRelatingToProvedOilAndGasReservesFutureNetCashFlows" order="10" use="optional" weight="1"/><loc xlink:type="locator" xlink:href="http://xbrl.fasb.org/us-gaap/2012/elts/us-gaap-2012-01-31.xsd#us-gaap_DiscountedFutureNetCashFlowsRelatingToProvedOilAndGasReserves10PercentAnnualDiscountForEstimatedTimingOfCashFlows" xlink:label="loc_us-gaap_DiscountedFutureNetCashFlowsRelatingToProvedOilAndGasReserves10PercentAnnualDiscountForEstimatedTimingOfCashFlows"/><calculationArc xlink:type="arc" xlink:arcrole="http://www.xbrl.org/2003/arcrole/summation-item" xlink:from="loc_us-gaap_DiscountedFutureNetCashFlowsRelatingToProvedOilAndGasReservesStandardizedMeasure" xlink:to="loc_us-gaap_DiscountedFutureNetCashFlowsRelatingToProvedOilAndGasReserves10PercentAnnualDiscountForEstimatedTimingOfCashFlows" order="20" use="optional" weight="-1"/></calculationLink>





<roleRef xlink:type="simple" xlink:href="bnxr-20121031.xsd#INCOMETAXESDetails2" roleURI="http://www.brinxresources.com/role/INCOMETAXESDetails2"/>
<calculationLink xlink:type="extended" xlink:role="http://www.brinxresources.com/role/INCOMETAXESDetails2"><loc xlink:type="locator" xlink:href="http://xbrl.fasb.org/us-gaap/2012/elts/us-gaap-2012-01-31.xsd#us-gaap_DeferredTaxAssetsGross" xlink:label="loc_us-gaap_DeferredTaxAssetsGross"/>
<loc xlink:type="locator" xlink:href="http://xbrl.fasb.org/us-gaap/2012/elts/us-gaap-2012-01-31.xsd#us-gaap_DeferredTaxAssetsOperatingLossCarryforwards" xlink:label="loc_us-gaap_DeferredTaxAssetsOperatingLossCarryforwards"/>
<calculationArc xlink:type="arc" xlink:arcrole="http://www.xbrl.org/2003/arcrole/summation-item" xlink:from="loc_us-gaap_DeferredTaxAssetsGross" xlink:to="loc_us-gaap_DeferredTaxAssetsOperatingLossCarryforwards" order="0" use="optional" weight="1"/>
<loc xlink:type="locator" xlink:href="http://xbrl.fasb.org/us-gaap/2012/elts/us-gaap-2012-01-31.xsd#us-gaap_DeferredTaxAssetsTaxDeferredExpenseReservesAndAccrualsAssetRetirementObligations" xlink:label="loc_us-gaap_DeferredTaxAssetsTaxDeferredExpenseReservesAndAccrualsAssetRetirementObligations"/>
<calculationArc xlink:type="arc" xlink:arcrole="http://www.xbrl.org/2003/arcrole/summation-item" xlink:from="loc_us-gaap_DeferredTaxAssetsGross" xlink:to="loc_us-gaap_DeferredTaxAssetsTaxDeferredExpenseReservesAndAccrualsAssetRetirementObligations" order="1" use="optional" weight="1"/>
<loc xlink:type="locator" xlink:href="http://xbrl.fasb.org/us-gaap/2012/elts/us-gaap-2012-01-31.xsd#us-gaap_DeferredTaxAssetsTaxDeferredExpenseCompensationAndBenefitsShareBasedCompensationCost" xlink:label="loc_us-gaap_DeferredTaxAssetsTaxDeferredExpenseCompensationAndBenefitsShareBasedCompensationCost"/>
<calculationArc xlink:type="arc" xlink:arcrole="http://www.xbrl.org/2003/arcrole/summation-item" xlink:from="loc_us-gaap_DeferredTaxAssetsGross" xlink:to="loc_us-gaap_DeferredTaxAssetsTaxDeferredExpenseCompensationAndBenefitsShareBasedCompensationCost" order="2" use="optional" weight="1"/>
<loc xlink:type="locator" xlink:href="http://xbrl.fasb.org/us-gaap/2012/elts/us-gaap-2012-01-31.xsd#us-gaap_DeferredTaxAssetsPropertyPlantAndEquipment" xlink:label="loc_us-gaap_DeferredTaxAssetsPropertyPlantAndEquipment"/>
<calculationArc xlink:type="arc" xlink:arcrole="http://www.xbrl.org/2003/arcrole/summation-item" xlink:from="loc_us-gaap_DeferredTaxAssetsGross" xlink:to="loc_us-gaap_DeferredTaxAssetsPropertyPlantAndEquipment" order="3" use="optional" weight="1"/>
</calculationLink>
</linkbase>
