<?xml version="1.0" encoding="utf-8" ?>
<!-- Generated using SmartXBRL by BCL Technologies -->
<link:linkbase xmlns:xsi="http://www.w3.org/2001/XMLSchema-instance" xsi:schemaLocation="http://www.xbrl.org/2003/linkbase http://www.xbrl.org/2003/xbrl-linkbase-2003-12-31.xsd" xmlns:none="http://www.meditech.com/20121231" xmlns:link="http://www.xbrl.org/2003/linkbase" xmlns:xlink="http://www.w3.org/1999/xlink" xmlns:xbrli="http://www.xbrl.org/2003/instance" xmlns:xbrldt="http://xbrl.org/2005/xbrldt">
  <link:roleRef roleURI="http://www.meditech.com/role/DocumentAndEntityInformation1" xlink:type="simple" xlink:href="none-20121231.xsd#DocumentAndEntityInformation1" />
  <link:roleRef roleURI="http://www.meditech.com/role/BalanceSheet2" xlink:type="simple" xlink:href="none-20121231.xsd#BalanceSheet2" />
  <link:roleRef roleURI="http://www.meditech.com/role/BalanceSheetParenthetical3" xlink:type="simple" xlink:href="none-20121231.xsd#BalanceSheetParenthetical3" />
  <link:roleRef roleURI="http://www.meditech.com/role/IncomeStatement4" xlink:type="simple" xlink:href="none-20121231.xsd#IncomeStatement4" />
  <link:roleRef roleURI="http://www.meditech.com/role/StatementOfEquity5" xlink:type="simple" xlink:href="none-20121231.xsd#StatementOfEquity5" />
  <link:roleRef roleURI="http://www.meditech.com/role/StatementOfCashFlows6" xlink:type="simple" xlink:href="none-20121231.xsd#StatementOfCashFlows6" />
  <link:roleRef roleURI="http://www.meditech.com/role/Notes7" xlink:type="simple" xlink:href="none-20121231.xsd#Notes7" />
  <link:roleRef roleURI="http://www.meditech.com/role/Notes8" xlink:type="simple" xlink:href="none-20121231.xsd#Notes8" />
  <link:roleRef roleURI="http://www.meditech.com/role/Notes9" xlink:type="simple" xlink:href="none-20121231.xsd#Notes9" />
  <link:roleRef roleURI="http://www.meditech.com/role/Notes10" xlink:type="simple" xlink:href="none-20121231.xsd#Notes10" />
  <link:roleRef roleURI="http://www.meditech.com/role/Notes11" xlink:type="simple" xlink:href="none-20121231.xsd#Notes11" />
  <link:roleRef roleURI="http://www.meditech.com/role/Notes12" xlink:type="simple" xlink:href="none-20121231.xsd#Notes12" />
  <link:roleRef roleURI="http://www.meditech.com/role/Notes13" xlink:type="simple" xlink:href="none-20121231.xsd#Notes13" />
  <link:roleRef roleURI="http://www.meditech.com/role/Notes14" xlink:type="simple" xlink:href="none-20121231.xsd#Notes14" />
  <link:roleRef roleURI="http://www.meditech.com/role/Notes15" xlink:type="simple" xlink:href="none-20121231.xsd#Notes15" />
  <link:roleRef roleURI="http://www.meditech.com/role/Notes16" xlink:type="simple" xlink:href="none-20121231.xsd#Notes16" />
  <link:roleRef roleURI="http://www.meditech.com/role/Notes17" xlink:type="simple" xlink:href="none-20121231.xsd#Notes17" />
  <link:roleRef roleURI="http://www.meditech.com/role/Notes18" xlink:type="simple" xlink:href="none-20121231.xsd#Notes18" />
  <link:roleRef roleURI="http://www.meditech.com/role/Notes19" xlink:type="simple" xlink:href="none-20121231.xsd#Notes19" />
  <link:roleRef roleURI="http://www.meditech.com/role/Notes20" xlink:type="simple" xlink:href="none-20121231.xsd#Notes20" />
  <link:roleRef roleURI="http://www.meditech.com/role/Notes21" xlink:type="simple" xlink:href="none-20121231.xsd#Notes21" />
  <link:roleRef roleURI="http://www.meditech.com/role/Notes22" xlink:type="simple" xlink:href="none-20121231.xsd#Notes22" />
  <link:roleRef roleURI="http://www.meditech.com/role/Notes23" xlink:type="simple" xlink:href="none-20121231.xsd#Notes23" />
  <link:roleRef roleURI="http://www.meditech.com/role/Notes24" xlink:type="simple" xlink:href="none-20121231.xsd#Notes24" />
  <link:roleRef roleURI="http://www.meditech.com/role/Notes25" xlink:type="simple" xlink:href="none-20121231.xsd#Notes25" />
  <link:roleRef roleURI="http://www.meditech.com/role/NotesTables26" xlink:type="simple" xlink:href="none-20121231.xsd#NotesTables26" />
  <link:roleRef roleURI="http://www.meditech.com/role/NotesTables27" xlink:type="simple" xlink:href="none-20121231.xsd#NotesTables27" />
  <link:roleRef roleURI="http://www.meditech.com/role/NotesTables28" xlink:type="simple" xlink:href="none-20121231.xsd#NotesTables28" />
  <link:roleRef roleURI="http://www.meditech.com/role/NotesTables29" xlink:type="simple" xlink:href="none-20121231.xsd#NotesTables29" />
  <link:roleRef roleURI="http://www.meditech.com/role/NotesTables30" xlink:type="simple" xlink:href="none-20121231.xsd#NotesTables30" />
  <link:roleRef roleURI="http://www.meditech.com/role/NotesTables31" xlink:type="simple" xlink:href="none-20121231.xsd#NotesTables31" />
  <link:roleRef roleURI="http://www.meditech.com/role/NotesTables32" xlink:type="simple" xlink:href="none-20121231.xsd#NotesTables32" />
  <link:roleRef roleURI="http://www.meditech.com/role/NotesTables33" xlink:type="simple" xlink:href="none-20121231.xsd#NotesTables33" />
  <link:roleRef roleURI="http://www.meditech.com/role/NotesTables34" xlink:type="simple" xlink:href="none-20121231.xsd#NotesTables34" />
  <link:roleRef roleURI="http://www.meditech.com/role/NotesTables35" xlink:type="simple" xlink:href="none-20121231.xsd#NotesTables35" />
  <link:roleRef roleURI="http://www.meditech.com/role/NotesTables36" xlink:type="simple" xlink:href="none-20121231.xsd#NotesTables36" />
  <link:roleRef roleURI="http://www.meditech.com/role/NotesTables37" xlink:type="simple" xlink:href="none-20121231.xsd#NotesTables37" />
  <link:roleRef roleURI="http://www.meditech.com/role/NotesTables38" xlink:type="simple" xlink:href="none-20121231.xsd#NotesTables38" />
  <link:roleRef roleURI="http://www.meditech.com/role/NotesTables39" xlink:type="simple" xlink:href="none-20121231.xsd#NotesTables39" />
  <link:roleRef roleURI="http://www.meditech.com/role/NotesTables40" xlink:type="simple" xlink:href="none-20121231.xsd#NotesTables40" />
  <link:roleRef roleURI="http://www.meditech.com/role/NotesTables41" xlink:type="simple" xlink:href="none-20121231.xsd#NotesTables41" />
  <link:roleRef roleURI="http://www.meditech.com/role/NotesDetails42" xlink:type="simple" xlink:href="none-20121231.xsd#NotesDetails42" />
  <link:roleRef roleURI="http://www.meditech.com/role/NotesDetails43" xlink:type="simple" xlink:href="none-20121231.xsd#NotesDetails43" />
  <link:roleRef roleURI="http://www.meditech.com/role/NotesDetails44" xlink:type="simple" xlink:href="none-20121231.xsd#NotesDetails44" />
  <link:roleRef roleURI="http://www.meditech.com/role/NotesDetails45" xlink:type="simple" xlink:href="none-20121231.xsd#NotesDetails45" />
  <link:roleRef roleURI="http://www.meditech.com/role/NotesDetails46" xlink:type="simple" xlink:href="none-20121231.xsd#NotesDetails46" />
  <link:roleRef roleURI="http://www.meditech.com/role/NotesDetails47" xlink:type="simple" xlink:href="none-20121231.xsd#NotesDetails47" />
  <link:roleRef roleURI="http://www.meditech.com/role/NotesDetails48" xlink:type="simple" xlink:href="none-20121231.xsd#NotesDetails48" />
  <link:roleRef roleURI="http://www.meditech.com/role/NotesDetails49" xlink:type="simple" xlink:href="none-20121231.xsd#NotesDetails49" />
  <link:roleRef roleURI="http://www.meditech.com/role/NotesDetails50" xlink:type="simple" xlink:href="none-20121231.xsd#NotesDetails50" />
  <link:roleRef roleURI="http://www.meditech.com/role/NotesDetails51" xlink:type="simple" xlink:href="none-20121231.xsd#NotesDetails51" />
  <link:roleRef roleURI="http://www.meditech.com/role/NotesDetails52" xlink:type="simple" xlink:href="none-20121231.xsd#NotesDetails52" />
  <link:roleRef roleURI="http://www.meditech.com/role/NotesDetails53" xlink:type="simple" xlink:href="none-20121231.xsd#NotesDetails53" />
  <link:roleRef roleURI="http://www.meditech.com/role/NotesDetails54" xlink:type="simple" xlink:href="none-20121231.xsd#NotesDetails54" />
  <link:roleRef roleURI="http://www.meditech.com/role/NotesDetails55" xlink:type="simple" xlink:href="none-20121231.xsd#NotesDetails55" />
  <link:arcroleRef arcroleURI="http://xbrl.org/int/dim/arcrole/dimension-default" xlink:type="simple" xlink:href="http://www.xbrl.org/2005/xbrldt-2005.xsd#dimension-default" />
  <link:arcroleRef arcroleURI="http://xbrl.org/int/dim/arcrole/dimension-domain" xlink:type="simple" xlink:href="http://www.xbrl.org/2005/xbrldt-2005.xsd#dimension-domain" />
  <link:arcroleRef arcroleURI="http://xbrl.org/int/dim/arcrole/domain-member" xlink:type="simple" xlink:href="http://www.xbrl.org/2005/xbrldt-2005.xsd#domain-member" />
  <link:arcroleRef arcroleURI="http://xbrl.org/int/dim/arcrole/all" xlink:type="simple" xlink:href="http://www.xbrl.org/2005/xbrldt-2005.xsd#all" />
  <link:arcroleRef arcroleURI="http://xbrl.org/int/dim/arcrole/hypercube-dimension" xlink:type="simple" xlink:href="http://www.xbrl.org/2005/xbrldt-2005.xsd#hypercube-dimension" />
  <link:definitionLink xlink:type="extended" xlink:role="http://www.meditech.com/role/DocumentAndEntityInformation1" />
  <link:definitionLink xlink:type="extended" xlink:role="http://www.meditech.com/role/BalanceSheet2">
    <link:loc xlink:type="locator" xlink:href="http://xbrl.fasb.org/us-gaap/2012/elts/us-gaap-2012-01-31.xsd#us-gaap_StatementOfFinancialPositionAbstract" xlink:label="us-gaap_StatementOfFinancialPositionAbstract_lbl" />
    <link:loc xlink:type="locator" xlink:href="http://xbrl.fasb.org/us-gaap/2012/elts/us-gaap-2012-01-31.xsd#us-gaap_StatementLineItems" xlink:label="us-gaap_StatementLineItems_lbl" />
    <link:definitionArc xlink:type="arc" xlink:arcrole="http://xbrl.org/int/dim/arcrole/domain-member" xlink:from="us-gaap_StatementOfFinancialPositionAbstract_lbl" xlink:to="us-gaap_StatementLineItems_lbl" order="1.0" />
    <link:loc xlink:type="locator" xlink:href="http://xbrl.fasb.org/us-gaap/2012/elts/us-gaap-2012-01-31.xsd#us-gaap_StatementTable" xlink:label="us-gaap_StatementTable_lbl" />
    <link:definitionArc xlink:type="arc" xlink:arcrole="http://xbrl.org/int/dim/arcrole/all" xlink:from="us-gaap_StatementLineItems_lbl" xlink:to="us-gaap_StatementTable_lbl" order="0.5" xbrldt:contextElement="segment" xbrldt:closed="true" />
    <link:loc xlink:type="locator" xlink:href="http://xbrl.fasb.org/us-gaap/2012/elts/us-gaap-2012-01-31.xsd#us-gaap_CashAndCashEquivalentsAtCarryingValue" xlink:label="us-gaap_CashAndCashEquivalentsAtCarryingValue_lbl" />
    <link:definitionArc xlink:type="arc" xlink:arcrole="http://xbrl.org/int/dim/arcrole/domain-member" xlink:from="us-gaap_StatementLineItems_lbl" xlink:to="us-gaap_CashAndCashEquivalentsAtCarryingValue_lbl" order="1.0" />
    <link:loc xlink:type="locator" xlink:href="http://xbrl.fasb.org/us-gaap/2012/elts/us-gaap-2012-01-31.xsd#us-gaap_MarketableSecuritiesCurrent" xlink:label="us-gaap_MarketableSecuritiesCurrent_lbl" />
    <link:definitionArc xlink:type="arc" xlink:arcrole="http://xbrl.org/int/dim/arcrole/domain-member" xlink:from="us-gaap_StatementLineItems_lbl" xlink:to="us-gaap_MarketableSecuritiesCurrent_lbl" order="2.0" />
    <link:loc xlink:type="locator" xlink:href="http://xbrl.fasb.org/us-gaap/2012/elts/us-gaap-2012-01-31.xsd#us-gaap_AccountsReceivableNetCurrent" xlink:label="us-gaap_AccountsReceivableNetCurrent_lbl" />
    <link:definitionArc xlink:type="arc" xlink:arcrole="http://xbrl.org/int/dim/arcrole/domain-member" xlink:from="us-gaap_StatementLineItems_lbl" xlink:to="us-gaap_AccountsReceivableNetCurrent_lbl" order="3.0" />
    <link:loc xlink:type="locator" xlink:href="http://xbrl.fasb.org/us-gaap/2012/elts/us-gaap-2012-01-31.xsd#us-gaap_DeferredTaxAssetsOther" xlink:label="us-gaap_DeferredTaxAssetsOther_lbl" />
    <link:definitionArc xlink:type="arc" xlink:arcrole="http://xbrl.org/int/dim/arcrole/domain-member" xlink:from="us-gaap_StatementLineItems_lbl" xlink:to="us-gaap_DeferredTaxAssetsOther_lbl" order="4.0" />
    <link:loc xlink:type="locator" xlink:href="http://xbrl.fasb.org/us-gaap/2012/elts/us-gaap-2012-01-31.xsd#us-gaap_AssetsCurrent" xlink:label="us-gaap_AssetsCurrent_lbl" />
    <link:definitionArc xlink:type="arc" xlink:arcrole="http://xbrl.org/int/dim/arcrole/domain-member" xlink:from="us-gaap_StatementLineItems_lbl" xlink:to="us-gaap_AssetsCurrent_lbl" order="5.0" />
    <link:loc xlink:type="locator" xlink:href="http://xbrl.fasb.org/us-gaap/2012/elts/us-gaap-2012-01-31.xsd#us-gaap_MachineryAndEquipmentGross" xlink:label="us-gaap_MachineryAndEquipmentGross_lbl" />
    <link:definitionArc xlink:type="arc" xlink:arcrole="http://xbrl.org/int/dim/arcrole/domain-member" xlink:from="us-gaap_StatementLineItems_lbl" xlink:to="us-gaap_MachineryAndEquipmentGross_lbl" order="6.0" />
    <link:loc xlink:type="locator" xlink:href="http://xbrl.fasb.org/us-gaap/2012/elts/us-gaap-2012-01-31.xsd#us-gaap_FurnitureAndFixturesGross" xlink:label="us-gaap_FurnitureAndFixturesGross_lbl" />
    <link:definitionArc xlink:type="arc" xlink:arcrole="http://xbrl.org/int/dim/arcrole/domain-member" xlink:from="us-gaap_StatementLineItems_lbl" xlink:to="us-gaap_FurnitureAndFixturesGross_lbl" order="7.0" />
    <link:loc xlink:type="locator" xlink:href="http://xbrl.fasb.org/us-gaap/2012/elts/us-gaap-2012-01-31.xsd#us-gaap_BuildingsAndImprovementsGross" xlink:label="us-gaap_BuildingsAndImprovementsGross_lbl" />
    <link:definitionArc xlink:type="arc" xlink:arcrole="http://xbrl.org/int/dim/arcrole/domain-member" xlink:from="us-gaap_StatementLineItems_lbl" xlink:to="us-gaap_BuildingsAndImprovementsGross_lbl" order="8.0" />
    <link:loc xlink:type="locator" xlink:href="http://xbrl.fasb.org/us-gaap/2012/elts/us-gaap-2012-01-31.xsd#us-gaap_Land" xlink:label="us-gaap_Land_lbl" />
    <link:definitionArc xlink:type="arc" xlink:arcrole="http://xbrl.org/int/dim/arcrole/domain-member" xlink:from="us-gaap_StatementLineItems_lbl" xlink:to="us-gaap_Land_lbl" order="9.0" />
    <link:loc xlink:type="locator" xlink:href="http://xbrl.fasb.org/us-gaap/2012/elts/us-gaap-2012-01-31.xsd#us-gaap_AccumulatedDepreciationDepletionAndAmortizationPropertyPlantAndEquipment" xlink:label="us-gaap_AccumulatedDepreciationDepletionAndAmortizationPropertyPlantAndEquipment_lbl" />
    <link:definitionArc xlink:type="arc" xlink:arcrole="http://xbrl.org/int/dim/arcrole/domain-member" xlink:from="us-gaap_StatementLineItems_lbl" xlink:to="us-gaap_AccumulatedDepreciationDepletionAndAmortizationPropertyPlantAndEquipment_lbl" order="10.0" />
    <link:loc xlink:type="locator" xlink:href="http://xbrl.fasb.org/us-gaap/2012/elts/us-gaap-2012-01-31.xsd#us-gaap_OtherBorrowings" xlink:label="us-gaap_OtherBorrowings_lbl" />
    <link:definitionArc xlink:type="arc" xlink:arcrole="http://xbrl.org/int/dim/arcrole/domain-member" xlink:from="us-gaap_StatementLineItems_lbl" xlink:to="us-gaap_OtherBorrowings_lbl" order="11.0" />
    <link:loc xlink:type="locator" xlink:href="http://xbrl.fasb.org/us-gaap/2012/elts/us-gaap-2012-01-31.xsd#us-gaap_OtherAssetsNoncurrent" xlink:label="us-gaap_OtherAssetsNoncurrent_lbl" />
    <link:definitionArc xlink:type="arc" xlink:arcrole="http://xbrl.org/int/dim/arcrole/domain-member" xlink:from="us-gaap_StatementLineItems_lbl" xlink:to="us-gaap_OtherAssetsNoncurrent_lbl" order="12.0" />
    <link:loc xlink:type="locator" xlink:href="http://xbrl.fasb.org/us-gaap/2012/elts/us-gaap-2012-01-31.xsd#us-gaap_Assets" xlink:label="us-gaap_Assets_lbl" />
    <link:definitionArc xlink:type="arc" xlink:arcrole="http://xbrl.org/int/dim/arcrole/domain-member" xlink:from="us-gaap_StatementLineItems_lbl" xlink:to="us-gaap_Assets_lbl" order="13.0" />
    <link:loc xlink:type="locator" xlink:href="http://xbrl.fasb.org/us-gaap/2012/elts/us-gaap-2012-01-31.xsd#us-gaap_AccountsPayableCurrent" xlink:label="us-gaap_AccountsPayableCurrent_lbl" />
    <link:definitionArc xlink:type="arc" xlink:arcrole="http://xbrl.org/int/dim/arcrole/domain-member" xlink:from="us-gaap_StatementLineItems_lbl" xlink:to="us-gaap_AccountsPayableCurrent_lbl" order="14.0" />
    <link:loc xlink:type="locator" xlink:href="http://xbrl.fasb.org/us-gaap/2012/elts/us-gaap-2012-01-31.xsd#us-gaap_TaxesPayableCurrent" xlink:label="us-gaap_TaxesPayableCurrent_lbl" />
    <link:definitionArc xlink:type="arc" xlink:arcrole="http://xbrl.org/int/dim/arcrole/domain-member" xlink:from="us-gaap_StatementLineItems_lbl" xlink:to="us-gaap_TaxesPayableCurrent_lbl" order="15.0" />
    <link:loc xlink:type="locator" xlink:href="http://xbrl.fasb.org/us-gaap/2012/elts/us-gaap-2012-01-31.xsd#us-gaap_AccruedLiabilitiesCurrentAndNoncurrent" xlink:label="us-gaap_AccruedLiabilitiesCurrentAndNoncurrent_lbl" />
    <link:definitionArc xlink:type="arc" xlink:arcrole="http://xbrl.org/int/dim/arcrole/domain-member" xlink:from="us-gaap_StatementLineItems_lbl" xlink:to="us-gaap_AccruedLiabilitiesCurrentAndNoncurrent_lbl" order="16.0" />
    <link:loc xlink:type="locator" xlink:href="http://xbrl.fasb.org/us-gaap/2012/elts/us-gaap-2012-01-31.xsd#us-gaap_DeferredRevenueCurrent" xlink:label="us-gaap_DeferredRevenueCurrent_lbl" />
    <link:definitionArc xlink:type="arc" xlink:arcrole="http://xbrl.org/int/dim/arcrole/domain-member" xlink:from="us-gaap_StatementLineItems_lbl" xlink:to="us-gaap_DeferredRevenueCurrent_lbl" order="17.0" />
    <link:loc xlink:type="locator" xlink:href="http://xbrl.fasb.org/us-gaap/2012/elts/us-gaap-2012-01-31.xsd#us-gaap_LiabilitiesCurrent" xlink:label="us-gaap_LiabilitiesCurrent_lbl" />
    <link:definitionArc xlink:type="arc" xlink:arcrole="http://xbrl.org/int/dim/arcrole/domain-member" xlink:from="us-gaap_StatementLineItems_lbl" xlink:to="us-gaap_LiabilitiesCurrent_lbl" order="18.0" />
    <link:loc xlink:type="locator" xlink:href="http://xbrl.fasb.org/us-gaap/2012/elts/us-gaap-2012-01-31.xsd#us-gaap_LiabilityForClaimsAndClaimsAdjustmentExpense" xlink:label="us-gaap_LiabilityForClaimsAndClaimsAdjustmentExpense_lbl" />
    <link:definitionArc xlink:type="arc" xlink:arcrole="http://xbrl.org/int/dim/arcrole/domain-member" xlink:from="us-gaap_StatementLineItems_lbl" xlink:to="us-gaap_LiabilityForClaimsAndClaimsAdjustmentExpense_lbl" order="19.0" />
    <link:loc xlink:type="locator" xlink:href="http://xbrl.fasb.org/us-gaap/2012/elts/us-gaap-2012-01-31.xsd#us-gaap_LiabilitiesNoncurrent" xlink:label="us-gaap_LiabilitiesNoncurrent_lbl" />
    <link:definitionArc xlink:type="arc" xlink:arcrole="http://xbrl.org/int/dim/arcrole/domain-member" xlink:from="us-gaap_StatementLineItems_lbl" xlink:to="us-gaap_LiabilitiesNoncurrent_lbl" order="20.0" />
    <link:loc xlink:type="locator" xlink:href="http://xbrl.fasb.org/us-gaap/2012/elts/us-gaap-2012-01-31.xsd#us-gaap_CommonStockSharesOutstanding" xlink:label="us-gaap_CommonStockSharesOutstanding_lbl" />
    <link:definitionArc xlink:type="arc" xlink:arcrole="http://xbrl.org/int/dim/arcrole/domain-member" xlink:from="us-gaap_StatementLineItems_lbl" xlink:to="us-gaap_CommonStockSharesOutstanding_lbl" order="21.0" />
    <link:loc xlink:type="locator" xlink:href="http://xbrl.fasb.org/us-gaap/2012/elts/us-gaap-2012-01-31.xsd#us-gaap_AdditionalPaidInCapitalCommonStock" xlink:label="us-gaap_AdditionalPaidInCapitalCommonStock_lbl" />
    <link:definitionArc xlink:type="arc" xlink:arcrole="http://xbrl.org/int/dim/arcrole/domain-member" xlink:from="us-gaap_StatementLineItems_lbl" xlink:to="us-gaap_AdditionalPaidInCapitalCommonStock_lbl" order="22.0" />
    <link:loc xlink:type="locator" xlink:href="http://xbrl.fasb.org/us-gaap/2012/elts/us-gaap-2012-01-31.xsd#us-gaap_AccruedIncomeTaxes" xlink:label="us-gaap_AccruedIncomeTaxes_lbl" />
    <link:definitionArc xlink:type="arc" xlink:arcrole="http://xbrl.org/int/dim/arcrole/domain-member" xlink:from="us-gaap_StatementLineItems_lbl" xlink:to="us-gaap_AccruedIncomeTaxes_lbl" order="23.0" />
    <link:loc xlink:type="locator" xlink:href="http://xbrl.fasb.org/us-gaap/2012/elts/us-gaap-2012-01-31.xsd#us-gaap_DeferredTaxAssetsNet" xlink:label="us-gaap_DeferredTaxAssetsNet_lbl" />
    <link:definitionArc xlink:type="arc" xlink:arcrole="http://xbrl.org/int/dim/arcrole/domain-member" xlink:from="us-gaap_StatementLineItems_lbl" xlink:to="us-gaap_DeferredTaxAssetsNet_lbl" order="24.0" />
    <link:loc xlink:type="locator" xlink:href="http://xbrl.fasb.org/us-gaap/2012/elts/us-gaap-2012-01-31.xsd#us-gaap_OtherAdditionalCapital" xlink:label="us-gaap_OtherAdditionalCapital_lbl" />
    <link:definitionArc xlink:type="arc" xlink:arcrole="http://xbrl.org/int/dim/arcrole/domain-member" xlink:from="us-gaap_StatementLineItems_lbl" xlink:to="us-gaap_OtherAdditionalCapital_lbl" order="25.0" />
    <link:loc xlink:type="locator" xlink:href="http://xbrl.fasb.org/us-gaap/2012/elts/us-gaap-2012-01-31.xsd#us-gaap_Liabilities" xlink:label="us-gaap_Liabilities_lbl" />
    <link:definitionArc xlink:type="arc" xlink:arcrole="http://xbrl.org/int/dim/arcrole/domain-member" xlink:from="us-gaap_StatementLineItems_lbl" xlink:to="us-gaap_Liabilities_lbl" order="26.0" />
  </link:definitionLink>
  <link:definitionLink xlink:type="extended" xlink:role="http://www.meditech.com/role/BalanceSheetParenthetical3">
    <link:loc xlink:type="locator" xlink:href="http://xbrl.fasb.org/us-gaap/2012/elts/us-gaap-2012-01-31.xsd#us-gaap_StatementOfFinancialPositionAbstract" xlink:label="us-gaap_StatementOfFinancialPositionAbstract_lbl" />
    <link:loc xlink:type="locator" xlink:href="http://xbrl.fasb.org/us-gaap/2012/elts/us-gaap-2012-01-31.xsd#us-gaap_StatementLineItems" xlink:label="us-gaap_StatementLineItems_lbl" />
    <link:definitionArc xlink:type="arc" xlink:arcrole="http://xbrl.org/int/dim/arcrole/domain-member" xlink:from="us-gaap_StatementOfFinancialPositionAbstract_lbl" xlink:to="us-gaap_StatementLineItems_lbl" order="1.0" />
    <link:loc xlink:type="locator" xlink:href="http://xbrl.fasb.org/us-gaap/2012/elts/us-gaap-2012-01-31.xsd#us-gaap_StatementTable" xlink:label="us-gaap_StatementTable_lbl" />
    <link:definitionArc xlink:type="arc" xlink:arcrole="http://xbrl.org/int/dim/arcrole/all" xlink:from="us-gaap_StatementLineItems_lbl" xlink:to="us-gaap_StatementTable_lbl" order="0.5" xbrldt:contextElement="segment" xbrldt:closed="true" />
    <link:loc xlink:type="locator" xlink:href="http://xbrl.fasb.org/us-gaap/2012/elts/us-gaap-2012-01-31.xsd#us-gaap_CommonStockParOrStatedValuePerShare" xlink:label="us-gaap_CommonStockParOrStatedValuePerShare_lbl" />
    <link:definitionArc xlink:type="arc" xlink:arcrole="http://xbrl.org/int/dim/arcrole/domain-member" xlink:from="us-gaap_StatementLineItems_lbl" xlink:to="us-gaap_CommonStockParOrStatedValuePerShare_lbl" order="1.0" />
    <link:loc xlink:type="locator" xlink:href="http://xbrl.fasb.org/us-gaap/2012/elts/us-gaap-2012-01-31.xsd#us-gaap_CommonStockSharesAuthorized" xlink:label="us-gaap_CommonStockSharesAuthorized_lbl" />
    <link:definitionArc xlink:type="arc" xlink:arcrole="http://xbrl.org/int/dim/arcrole/domain-member" xlink:from="us-gaap_StatementLineItems_lbl" xlink:to="us-gaap_CommonStockSharesAuthorized_lbl" order="2.0" />
    <link:loc xlink:type="locator" xlink:href="http://xbrl.fasb.org/us-gaap/2012/elts/us-gaap-2012-01-31.xsd#us-gaap_CommonStockSharesIssued" xlink:label="us-gaap_CommonStockSharesIssued_lbl" />
    <link:definitionArc xlink:type="arc" xlink:arcrole="http://xbrl.org/int/dim/arcrole/domain-member" xlink:from="us-gaap_StatementLineItems_lbl" xlink:to="us-gaap_CommonStockSharesIssued_lbl" order="3.0" />
    <link:loc xlink:type="locator" xlink:href="http://xbrl.fasb.org/us-gaap/2012/elts/us-gaap-2012-01-31.xsd#us-gaap_CommonStockSharesOutstanding" xlink:label="us-gaap_CommonStockSharesOutstanding_lbl" />
    <link:definitionArc xlink:type="arc" xlink:arcrole="http://xbrl.org/int/dim/arcrole/domain-member" xlink:from="us-gaap_StatementLineItems_lbl" xlink:to="us-gaap_CommonStockSharesOutstanding_lbl" order="4.0" />
  </link:definitionLink>
  <link:definitionLink xlink:type="extended" xlink:role="http://www.meditech.com/role/IncomeStatement4">
    <link:loc xlink:type="locator" xlink:href="http://xbrl.fasb.org/us-gaap/2012/elts/us-gaap-2012-01-31.xsd#us-gaap_IncomeStatementAbstract" xlink:label="us-gaap_IncomeStatementAbstract_lbl" />
    <link:loc xlink:type="locator" xlink:href="http://xbrl.fasb.org/us-gaap/2012/elts/us-gaap-2012-01-31.xsd#us-gaap_StatementLineItems" xlink:label="us-gaap_StatementLineItems_lbl" />
    <link:definitionArc xlink:type="arc" xlink:arcrole="http://xbrl.org/int/dim/arcrole/domain-member" xlink:from="us-gaap_IncomeStatementAbstract_lbl" xlink:to="us-gaap_StatementLineItems_lbl" order="1.0" />
    <link:loc xlink:type="locator" xlink:href="http://xbrl.fasb.org/us-gaap/2012/elts/us-gaap-2012-01-31.xsd#us-gaap_StatementTable" xlink:label="us-gaap_StatementTable_lbl" />
    <link:definitionArc xlink:type="arc" xlink:arcrole="http://xbrl.org/int/dim/arcrole/all" xlink:from="us-gaap_StatementLineItems_lbl" xlink:to="us-gaap_StatementTable_lbl" order="0.5" xbrldt:contextElement="segment" xbrldt:closed="true" />
    <link:loc xlink:type="locator" xlink:href="http://xbrl.fasb.org/us-gaap/2012/elts/us-gaap-2012-01-31.xsd#us-gaap_SalesRevenueGoodsNet" xlink:label="us-gaap_SalesRevenueGoodsNet_lbl" />
    <link:definitionArc xlink:type="arc" xlink:arcrole="http://xbrl.org/int/dim/arcrole/domain-member" xlink:from="us-gaap_StatementLineItems_lbl" xlink:to="us-gaap_SalesRevenueGoodsNet_lbl" order="1.0" />
    <link:loc xlink:type="locator" xlink:href="http://xbrl.fasb.org/us-gaap/2012/elts/us-gaap-2012-01-31.xsd#us-gaap_SalesRevenueServicesNet" xlink:label="us-gaap_SalesRevenueServicesNet_lbl" />
    <link:definitionArc xlink:type="arc" xlink:arcrole="http://xbrl.org/int/dim/arcrole/domain-member" xlink:from="us-gaap_StatementLineItems_lbl" xlink:to="us-gaap_SalesRevenueServicesNet_lbl" order="2.0" />
    <link:loc xlink:type="locator" xlink:href="http://xbrl.fasb.org/us-gaap/2012/elts/us-gaap-2012-01-31.xsd#us-gaap_Revenues" xlink:label="us-gaap_Revenues_lbl" />
    <link:definitionArc xlink:type="arc" xlink:arcrole="http://xbrl.org/int/dim/arcrole/domain-member" xlink:from="us-gaap_StatementLineItems_lbl" xlink:to="us-gaap_Revenues_lbl" order="3.0" />
    <link:loc xlink:type="locator" xlink:href="http://xbrl.fasb.org/us-gaap/2012/elts/us-gaap-2012-01-31.xsd#us-gaap_UtilitiesOperatingExpenseOperations" xlink:label="us-gaap_UtilitiesOperatingExpenseOperations_lbl" />
    <link:definitionArc xlink:type="arc" xlink:arcrole="http://xbrl.org/int/dim/arcrole/domain-member" xlink:from="us-gaap_StatementLineItems_lbl" xlink:to="us-gaap_UtilitiesOperatingExpenseOperations_lbl" order="4.0" />
    <link:loc xlink:type="locator" xlink:href="http://xbrl.fasb.org/us-gaap/2012/elts/us-gaap-2012-01-31.xsd#us-gaap_ReorganizationItems" xlink:label="us-gaap_ReorganizationItems_lbl" />
    <link:definitionArc xlink:type="arc" xlink:arcrole="http://xbrl.org/int/dim/arcrole/domain-member" xlink:from="us-gaap_StatementLineItems_lbl" xlink:to="us-gaap_ReorganizationItems_lbl" order="5.0" />
    <link:loc xlink:type="locator" xlink:href="http://xbrl.fasb.org/us-gaap/2012/elts/us-gaap-2012-01-31.xsd#us-gaap_OperatingExpenses" xlink:label="us-gaap_OperatingExpenses_lbl" />
    <link:definitionArc xlink:type="arc" xlink:arcrole="http://xbrl.org/int/dim/arcrole/domain-member" xlink:from="us-gaap_StatementLineItems_lbl" xlink:to="us-gaap_OperatingExpenses_lbl" order="6.0" />
    <link:loc xlink:type="locator" xlink:href="http://xbrl.fasb.org/us-gaap/2012/elts/us-gaap-2012-01-31.xsd#us-gaap_OperatingIncomeLoss" xlink:label="us-gaap_OperatingIncomeLoss_lbl" />
    <link:definitionArc xlink:type="arc" xlink:arcrole="http://xbrl.org/int/dim/arcrole/domain-member" xlink:from="us-gaap_StatementLineItems_lbl" xlink:to="us-gaap_OperatingIncomeLoss_lbl" order="7.0" />
    <link:loc xlink:type="locator" xlink:href="http://xbrl.fasb.org/us-gaap/2012/elts/us-gaap-2012-01-31.xsd#us-gaap_OtherNonoperatingIncomeExpense" xlink:label="us-gaap_OtherNonoperatingIncomeExpense_lbl" />
    <link:definitionArc xlink:type="arc" xlink:arcrole="http://xbrl.org/int/dim/arcrole/domain-member" xlink:from="us-gaap_StatementLineItems_lbl" xlink:to="us-gaap_OtherNonoperatingIncomeExpense_lbl" order="8.0" />
    <link:loc xlink:type="locator" xlink:href="http://xbrl.fasb.org/us-gaap/2012/elts/us-gaap-2012-01-31.xsd#us-gaap_OtherCostAndExpenseOperating" xlink:label="us-gaap_OtherCostAndExpenseOperating_lbl" />
    <link:definitionArc xlink:type="arc" xlink:arcrole="http://xbrl.org/int/dim/arcrole/domain-member" xlink:from="us-gaap_StatementLineItems_lbl" xlink:to="us-gaap_OtherCostAndExpenseOperating_lbl" order="9.0" />
    <link:loc xlink:type="locator" xlink:href="http://xbrl.fasb.org/us-gaap/2012/elts/us-gaap-2012-01-31.xsd#us-gaap_InvestmentIncomeNet" xlink:label="us-gaap_InvestmentIncomeNet_lbl" />
    <link:definitionArc xlink:type="arc" xlink:arcrole="http://xbrl.org/int/dim/arcrole/domain-member" xlink:from="us-gaap_StatementLineItems_lbl" xlink:to="us-gaap_InvestmentIncomeNet_lbl" order="10.0" />
    <link:loc xlink:type="locator" xlink:href="http://xbrl.fasb.org/us-gaap/2012/elts/us-gaap-2012-01-31.xsd#us-gaap_IncomeTaxExpenseBenefit" xlink:label="us-gaap_IncomeTaxExpenseBenefit_lbl" />
    <link:definitionArc xlink:type="arc" xlink:arcrole="http://xbrl.org/int/dim/arcrole/domain-member" xlink:from="us-gaap_StatementLineItems_lbl" xlink:to="us-gaap_IncomeTaxExpenseBenefit_lbl" order="11.0" />
    <link:loc xlink:type="locator" xlink:href="http://xbrl.fasb.org/us-gaap/2012/elts/us-gaap-2012-01-31.xsd#us-gaap_IncomeLossFromContinuingOperationsBeforeIncomeTaxesDomestic" xlink:label="us-gaap_IncomeLossFromContinuingOperationsBeforeIncomeTaxesDomestic_lbl" />
    <link:definitionArc xlink:type="arc" xlink:arcrole="http://xbrl.org/int/dim/arcrole/domain-member" xlink:from="us-gaap_StatementLineItems_lbl" xlink:to="us-gaap_IncomeLossFromContinuingOperationsBeforeIncomeTaxesDomestic_lbl" order="12.0" />
    <link:loc xlink:type="locator" xlink:href="http://xbrl.fasb.org/us-gaap/2012/elts/us-gaap-2012-01-31.xsd#us-gaap_OtherComprehensiveIncomeLossTax" xlink:label="us-gaap_OtherComprehensiveIncomeLossTax_lbl" />
    <link:definitionArc xlink:type="arc" xlink:arcrole="http://xbrl.org/int/dim/arcrole/domain-member" xlink:from="us-gaap_StatementLineItems_lbl" xlink:to="us-gaap_OtherComprehensiveIncomeLossTax_lbl" order="13.0" />
    <link:loc xlink:type="locator" xlink:href="http://xbrl.fasb.org/us-gaap/2012/elts/us-gaap-2012-01-31.xsd#us-gaap_NetIncomeLoss" xlink:label="us-gaap_NetIncomeLoss_lbl" />
    <link:definitionArc xlink:type="arc" xlink:arcrole="http://xbrl.org/int/dim/arcrole/domain-member" xlink:from="us-gaap_StatementLineItems_lbl" xlink:to="us-gaap_NetIncomeLoss_lbl" order="14.0" />
    <link:loc xlink:type="locator" xlink:href="http://xbrl.fasb.org/us-gaap/2012/elts/us-gaap-2012-01-31.xsd#us-gaap_OtherComprehensiveIncomeUnrealizedHoldingGainLossOnSecuritiesArisingDuringPeriodNetOfTax" xlink:label="us-gaap_OtherComprehensiveIncomeUnrealizedHoldingGainLossOnSecuritiesArisingDuringPeriodNetOfTax_lbl" />
    <link:definitionArc xlink:type="arc" xlink:arcrole="http://xbrl.org/int/dim/arcrole/domain-member" xlink:from="us-gaap_StatementLineItems_lbl" xlink:to="us-gaap_OtherComprehensiveIncomeUnrealizedHoldingGainLossOnSecuritiesArisingDuringPeriodNetOfTax_lbl" order="15.0" />
    <link:loc xlink:type="locator" xlink:href="http://xbrl.fasb.org/us-gaap/2012/elts/us-gaap-2012-01-31.xsd#us-gaap_ComprehensiveIncomeNetOfTax" xlink:label="us-gaap_ComprehensiveIncomeNetOfTax_lbl" />
    <link:definitionArc xlink:type="arc" xlink:arcrole="http://xbrl.org/int/dim/arcrole/domain-member" xlink:from="us-gaap_StatementLineItems_lbl" xlink:to="us-gaap_ComprehensiveIncomeNetOfTax_lbl" order="16.0" />
  </link:definitionLink>
  <link:definitionLink xlink:type="extended" xlink:role="http://www.meditech.com/role/StatementOfEquity5">
    <link:loc xlink:type="locator" xlink:href="http://xbrl.fasb.org/us-gaap/2012/elts/us-gaap-2012-01-31.xsd#us-gaap_StatementOfStockholdersEquityAbstract" xlink:label="us-gaap_StatementOfStockholdersEquityAbstract_lbl" />
    <link:loc xlink:type="locator" xlink:href="http://xbrl.fasb.org/us-gaap/2012/elts/us-gaap-2012-01-31.xsd#us-gaap_StatementLineItems" xlink:label="us-gaap_StatementLineItems_lbl" />
    <link:definitionArc xlink:type="arc" xlink:arcrole="http://xbrl.org/int/dim/arcrole/domain-member" xlink:from="us-gaap_StatementOfStockholdersEquityAbstract_lbl" xlink:to="us-gaap_StatementLineItems_lbl" order="1.0" />
    <link:loc xlink:type="locator" xlink:href="http://xbrl.fasb.org/us-gaap/2012/elts/us-gaap-2012-01-31.xsd#us-gaap_StatementTable" xlink:label="us-gaap_StatementTable_lbl" />
    <link:definitionArc xlink:type="arc" xlink:arcrole="http://xbrl.org/int/dim/arcrole/all" xlink:from="us-gaap_StatementLineItems_lbl" xlink:to="us-gaap_StatementTable_lbl" order="0.5" xbrldt:contextElement="segment" xbrldt:closed="true" />
    <link:loc xlink:type="locator" xlink:href="http://xbrl.fasb.org/us-gaap/2012/elts/us-gaap-2012-01-31.xsd#us-gaap_StatementEquityComponentsAxis" xlink:label="us-gaap_StatementEquityComponentsAxis_lbl" />
    <link:definitionArc xlink:type="arc" xlink:arcrole="http://xbrl.org/int/dim/arcrole/hypercube-dimension" xlink:from="us-gaap_StatementTable_lbl" xlink:to="us-gaap_StatementEquityComponentsAxis_lbl" order="1.0" />
    <link:loc xlink:type="locator" xlink:href="http://xbrl.fasb.org/us-gaap/2012/elts/us-gaap-2012-01-31.xsd#us-gaap_EquityComponentDomain" xlink:label="us-gaap_EquityComponentDomain_lbl" />
    <link:definitionArc xlink:type="arc" xlink:arcrole="http://xbrl.org/int/dim/arcrole/dimension-domain" xlink:from="us-gaap_StatementEquityComponentsAxis_lbl" xlink:to="us-gaap_EquityComponentDomain_lbl" order="1.0" />
    <link:loc xlink:type="locator" xlink:href="none-20121231.xsd#none_NumberOfSharesMember" xlink:label="none_NumberOfSharesMember_lbl" />
    <link:definitionArc xlink:type="arc" xlink:arcrole="http://xbrl.org/int/dim/arcrole/domain-member" xlink:from="us-gaap_EquityComponentDomain_lbl" xlink:to="none_NumberOfSharesMember_lbl" order="1.0" />
    <link:loc xlink:type="locator" xlink:href="none-20121231.xsd#none_PaidinCapitalMember" xlink:label="none_PaidinCapitalMember_lbl" />
    <link:definitionArc xlink:type="arc" xlink:arcrole="http://xbrl.org/int/dim/arcrole/domain-member" xlink:from="us-gaap_EquityComponentDomain_lbl" xlink:to="none_PaidinCapitalMember_lbl" order="2.0" />
    <link:loc xlink:type="locator" xlink:href="none-20121231.xsd#none_RetainedIncomeMember" xlink:label="none_RetainedIncomeMember_lbl" />
    <link:definitionArc xlink:type="arc" xlink:arcrole="http://xbrl.org/int/dim/arcrole/domain-member" xlink:from="us-gaap_EquityComponentDomain_lbl" xlink:to="none_RetainedIncomeMember_lbl" order="3.0" />
    <link:loc xlink:type="locator" xlink:href="http://xbrl.fasb.org/us-gaap/2012/elts/us-gaap-2012-01-31.xsd#us-gaap_EquityComponentDomain" xlink:label="us-gaap_EquityComponentDomain_lbl1" />
    <link:definitionArc xlink:type="arc" xlink:arcrole="http://xbrl.org/int/dim/arcrole/dimension-default" xlink:from="us-gaap_StatementEquityComponentsAxis_lbl" xlink:to="us-gaap_EquityComponentDomain_lbl1" order="1.0" />
    <link:loc xlink:type="locator" xlink:href="http://xbrl.fasb.org/us-gaap/2012/elts/us-gaap-2012-01-31.xsd#us-gaap_StockholdersEquity" xlink:label="us-gaap_StockholdersEquity_lbl" />
    <link:definitionArc xlink:type="arc" xlink:arcrole="http://xbrl.org/int/dim/arcrole/domain-member" xlink:from="us-gaap_StatementLineItems_lbl" xlink:to="us-gaap_StockholdersEquity_lbl" order="1.0" />
    <link:loc xlink:type="locator" xlink:href="http://xbrl.fasb.org/us-gaap/2012/elts/us-gaap-2012-01-31.xsd#us-gaap_SharesOutstanding" xlink:label="us-gaap_SharesOutstanding_lbl" />
    <link:definitionArc xlink:type="arc" xlink:arcrole="http://xbrl.org/int/dim/arcrole/domain-member" xlink:from="us-gaap_StatementLineItems_lbl" xlink:to="us-gaap_SharesOutstanding_lbl" order="2.0" />
    <link:loc xlink:type="locator" xlink:href="none-20121231.xsd#none_IssuanceOfCommonStockToStaff" xlink:label="none_IssuanceOfCommonStockToStaff_lbl" />
    <link:definitionArc xlink:type="arc" xlink:arcrole="http://xbrl.org/int/dim/arcrole/domain-member" xlink:from="us-gaap_StatementLineItems_lbl" xlink:to="none_IssuanceOfCommonStockToStaff_lbl" order="3.0" />
    <link:loc xlink:type="locator" xlink:href="none-20121231.xsd#none_IssuanceOfCommonStockToStaffInShares" xlink:label="none_IssuanceOfCommonStockToStaffInShares_lbl" />
    <link:definitionArc xlink:type="arc" xlink:arcrole="http://xbrl.org/int/dim/arcrole/domain-member" xlink:from="us-gaap_StatementLineItems_lbl" xlink:to="none_IssuanceOfCommonStockToStaffInShares_lbl" order="4.0" />
    <link:loc xlink:type="locator" xlink:href="none-20121231.xsd#none_IssuanceOfCommonStockToTrust" xlink:label="none_IssuanceOfCommonStockToTrust_lbl" />
    <link:definitionArc xlink:type="arc" xlink:arcrole="http://xbrl.org/int/dim/arcrole/domain-member" xlink:from="us-gaap_StatementLineItems_lbl" xlink:to="none_IssuanceOfCommonStockToTrust_lbl" order="5.0" />
    <link:loc xlink:type="locator" xlink:href="none-20121231.xsd#none_IssuanceOfCommonStockToTrustInShares" xlink:label="none_IssuanceOfCommonStockToTrustInShares_lbl" />
    <link:definitionArc xlink:type="arc" xlink:arcrole="http://xbrl.org/int/dim/arcrole/domain-member" xlink:from="us-gaap_StatementLineItems_lbl" xlink:to="none_IssuanceOfCommonStockToTrustInShares_lbl" order="6.0" />
    <link:loc xlink:type="locator" xlink:href="http://xbrl.fasb.org/us-gaap/2012/elts/us-gaap-2012-01-31.xsd#us-gaap_NetIncomeLoss" xlink:label="us-gaap_NetIncomeLoss_lbl" />
    <link:definitionArc xlink:type="arc" xlink:arcrole="http://xbrl.org/int/dim/arcrole/domain-member" xlink:from="us-gaap_StatementLineItems_lbl" xlink:to="us-gaap_NetIncomeLoss_lbl" order="7.0" />
    <link:loc xlink:type="locator" xlink:href="http://xbrl.fasb.org/us-gaap/2012/elts/us-gaap-2012-01-31.xsd#us-gaap_OtherComprehensiveIncomeUnrealizedGainLossOnDerivativesArisingDuringPeriodNetOfTax" xlink:label="us-gaap_OtherComprehensiveIncomeUnrealizedGainLossOnDerivativesArisingDuringPeriodNetOfTax_lbl" />
    <link:definitionArc xlink:type="arc" xlink:arcrole="http://xbrl.org/int/dim/arcrole/domain-member" xlink:from="us-gaap_StatementLineItems_lbl" xlink:to="us-gaap_OtherComprehensiveIncomeUnrealizedGainLossOnDerivativesArisingDuringPeriodNetOfTax_lbl" order="8.0" />
    <link:loc xlink:type="locator" xlink:href="http://xbrl.fasb.org/us-gaap/2012/elts/us-gaap-2012-01-31.xsd#us-gaap_PaymentsOfDividends" xlink:label="us-gaap_PaymentsOfDividends_lbl" />
    <link:definitionArc xlink:type="arc" xlink:arcrole="http://xbrl.org/int/dim/arcrole/domain-member" xlink:from="us-gaap_StatementLineItems_lbl" xlink:to="us-gaap_PaymentsOfDividends_lbl" order="9.0" />
  </link:definitionLink>
  <link:definitionLink xlink:type="extended" xlink:role="http://www.meditech.com/role/StatementOfCashFlows6">
    <link:loc xlink:type="locator" xlink:href="http://xbrl.fasb.org/us-gaap/2012/elts/us-gaap-2012-01-31.xsd#us-gaap_StatementOfCashFlowsAbstract" xlink:label="us-gaap_StatementOfCashFlowsAbstract_lbl" />
    <link:loc xlink:type="locator" xlink:href="http://xbrl.fasb.org/us-gaap/2012/elts/us-gaap-2012-01-31.xsd#us-gaap_StatementLineItems" xlink:label="us-gaap_StatementLineItems_lbl" />
    <link:definitionArc xlink:type="arc" xlink:arcrole="http://xbrl.org/int/dim/arcrole/domain-member" xlink:from="us-gaap_StatementOfCashFlowsAbstract_lbl" xlink:to="us-gaap_StatementLineItems_lbl" order="1.0" />
    <link:loc xlink:type="locator" xlink:href="http://xbrl.fasb.org/us-gaap/2012/elts/us-gaap-2012-01-31.xsd#us-gaap_StatementTable" xlink:label="us-gaap_StatementTable_lbl" />
    <link:definitionArc xlink:type="arc" xlink:arcrole="http://xbrl.org/int/dim/arcrole/all" xlink:from="us-gaap_StatementLineItems_lbl" xlink:to="us-gaap_StatementTable_lbl" order="0.5" xbrldt:contextElement="segment" xbrldt:closed="true" />
    <link:loc xlink:type="locator" xlink:href="http://xbrl.fasb.org/us-gaap/2012/elts/us-gaap-2012-01-31.xsd#us-gaap_NetIncomeLoss" xlink:label="us-gaap_NetIncomeLoss_lbl" />
    <link:definitionArc xlink:type="arc" xlink:arcrole="http://xbrl.org/int/dim/arcrole/domain-member" xlink:from="us-gaap_StatementLineItems_lbl" xlink:to="us-gaap_NetIncomeLoss_lbl" order="1.0" />
    <link:loc xlink:type="locator" xlink:href="http://xbrl.fasb.org/us-gaap/2012/elts/us-gaap-2012-01-31.xsd#us-gaap_UtilitiesOperatingExpenseDepreciationAndAmortization" xlink:label="us-gaap_UtilitiesOperatingExpenseDepreciationAndAmortization_lbl" />
    <link:definitionArc xlink:type="arc" xlink:arcrole="http://xbrl.org/int/dim/arcrole/domain-member" xlink:from="us-gaap_StatementLineItems_lbl" xlink:to="us-gaap_UtilitiesOperatingExpenseDepreciationAndAmortization_lbl" order="2.0" />
    <link:loc xlink:type="locator" xlink:href="http://xbrl.fasb.org/us-gaap/2012/elts/us-gaap-2012-01-31.xsd#us-gaap_ProceedsFromIssuanceOfSharesUnderIncentiveAndShareBasedCompensationPlansIncludingStockOptions" xlink:label="us-gaap_ProceedsFromIssuanceOfSharesUnderIncentiveAndShareBasedCompensationPlansIncludingStockOptions_lbl" />
    <link:definitionArc xlink:type="arc" xlink:arcrole="http://xbrl.org/int/dim/arcrole/domain-member" xlink:from="us-gaap_StatementLineItems_lbl" xlink:to="us-gaap_ProceedsFromIssuanceOfSharesUnderIncentiveAndShareBasedCompensationPlansIncludingStockOptions_lbl" order="3.0" />
    <link:loc xlink:type="locator" xlink:href="http://xbrl.fasb.org/us-gaap/2012/elts/us-gaap-2012-01-31.xsd#us-gaap_InventoryWriteDown" xlink:label="us-gaap_InventoryWriteDown_lbl" />
    <link:definitionArc xlink:type="arc" xlink:arcrole="http://xbrl.org/int/dim/arcrole/domain-member" xlink:from="us-gaap_StatementLineItems_lbl" xlink:to="us-gaap_InventoryWriteDown_lbl" order="4.0" />
    <link:loc xlink:type="locator" xlink:href="http://xbrl.fasb.org/us-gaap/2012/elts/us-gaap-2012-01-31.xsd#us-gaap_MarketableSecuritiesGainLoss" xlink:label="us-gaap_MarketableSecuritiesGainLoss_lbl" />
    <link:definitionArc xlink:type="arc" xlink:arcrole="http://xbrl.org/int/dim/arcrole/domain-member" xlink:from="us-gaap_StatementLineItems_lbl" xlink:to="us-gaap_MarketableSecuritiesGainLoss_lbl" order="5.0" />
    <link:loc xlink:type="locator" xlink:href="http://xbrl.fasb.org/us-gaap/2012/elts/us-gaap-2012-01-31.xsd#us-gaap_UnrealizedGainLossOnSecurities" xlink:label="us-gaap_UnrealizedGainLossOnSecurities_lbl" />
    <link:definitionArc xlink:type="arc" xlink:arcrole="http://xbrl.org/int/dim/arcrole/domain-member" xlink:from="us-gaap_StatementLineItems_lbl" xlink:to="us-gaap_UnrealizedGainLossOnSecurities_lbl" order="6.0" />
    <link:loc xlink:type="locator" xlink:href="http://xbrl.fasb.org/us-gaap/2012/elts/us-gaap-2012-01-31.xsd#us-gaap_IncreaseDecreaseInAccountsReceivable" xlink:label="us-gaap_IncreaseDecreaseInAccountsReceivable_lbl" />
    <link:definitionArc xlink:type="arc" xlink:arcrole="http://xbrl.org/int/dim/arcrole/domain-member" xlink:from="us-gaap_StatementLineItems_lbl" xlink:to="us-gaap_IncreaseDecreaseInAccountsReceivable_lbl" order="7.0" />
    <link:loc xlink:type="locator" xlink:href="http://xbrl.fasb.org/us-gaap/2012/elts/us-gaap-2012-01-31.xsd#us-gaap_IncreaseDecreaseInAccountsPayable" xlink:label="us-gaap_IncreaseDecreaseInAccountsPayable_lbl" />
    <link:definitionArc xlink:type="arc" xlink:arcrole="http://xbrl.org/int/dim/arcrole/domain-member" xlink:from="us-gaap_StatementLineItems_lbl" xlink:to="us-gaap_IncreaseDecreaseInAccountsPayable_lbl" order="8.0" />
    <link:loc xlink:type="locator" xlink:href="http://xbrl.fasb.org/us-gaap/2012/elts/us-gaap-2012-01-31.xsd#us-gaap_IncreaseDecreaseInAccruedIncomeTaxesPayable" xlink:label="us-gaap_IncreaseDecreaseInAccruedIncomeTaxesPayable_lbl" />
    <link:definitionArc xlink:type="arc" xlink:arcrole="http://xbrl.org/int/dim/arcrole/domain-member" xlink:from="us-gaap_StatementLineItems_lbl" xlink:to="us-gaap_IncreaseDecreaseInAccruedIncomeTaxesPayable_lbl" order="9.0" />
    <link:loc xlink:type="locator" xlink:href="http://xbrl.fasb.org/us-gaap/2012/elts/us-gaap-2012-01-31.xsd#us-gaap_IncreaseDecreaseInDeferredPensionCosts" xlink:label="us-gaap_IncreaseDecreaseInDeferredPensionCosts_lbl" />
    <link:definitionArc xlink:type="arc" xlink:arcrole="http://xbrl.org/int/dim/arcrole/domain-member" xlink:from="us-gaap_StatementLineItems_lbl" xlink:to="us-gaap_IncreaseDecreaseInDeferredPensionCosts_lbl" order="10.0" />
    <link:loc xlink:type="locator" xlink:href="http://xbrl.fasb.org/us-gaap/2012/elts/us-gaap-2012-01-31.xsd#us-gaap_IncreaseDecreaseInDeferredRevenue" xlink:label="us-gaap_IncreaseDecreaseInDeferredRevenue_lbl" />
    <link:definitionArc xlink:type="arc" xlink:arcrole="http://xbrl.org/int/dim/arcrole/domain-member" xlink:from="us-gaap_StatementLineItems_lbl" xlink:to="us-gaap_IncreaseDecreaseInDeferredRevenue_lbl" order="11.0" />
    <link:loc xlink:type="locator" xlink:href="http://xbrl.fasb.org/us-gaap/2012/elts/us-gaap-2012-01-31.xsd#us-gaap_DeferredIncomeTaxExpenseBenefit" xlink:label="us-gaap_DeferredIncomeTaxExpenseBenefit_lbl" />
    <link:definitionArc xlink:type="arc" xlink:arcrole="http://xbrl.org/int/dim/arcrole/domain-member" xlink:from="us-gaap_StatementLineItems_lbl" xlink:to="us-gaap_DeferredIncomeTaxExpenseBenefit_lbl" order="12.0" />
    <link:loc xlink:type="locator" xlink:href="http://xbrl.fasb.org/us-gaap/2012/elts/us-gaap-2012-01-31.xsd#us-gaap_NetCashProvidedByUsedInOperatingActivities" xlink:label="us-gaap_NetCashProvidedByUsedInOperatingActivities_lbl" />
    <link:definitionArc xlink:type="arc" xlink:arcrole="http://xbrl.org/int/dim/arcrole/domain-member" xlink:from="us-gaap_StatementLineItems_lbl" xlink:to="us-gaap_NetCashProvidedByUsedInOperatingActivities_lbl" order="13.0" />
    <link:loc xlink:type="locator" xlink:href="http://xbrl.fasb.org/us-gaap/2012/elts/us-gaap-2012-01-31.xsd#us-gaap_PaymentsToAcquireMarketableSecurities" xlink:label="us-gaap_PaymentsToAcquireMarketableSecurities_lbl" />
    <link:definitionArc xlink:type="arc" xlink:arcrole="http://xbrl.org/int/dim/arcrole/domain-member" xlink:from="us-gaap_StatementLineItems_lbl" xlink:to="us-gaap_PaymentsToAcquireMarketableSecurities_lbl" order="14.0" />
    <link:loc xlink:type="locator" xlink:href="http://xbrl.fasb.org/us-gaap/2012/elts/us-gaap-2012-01-31.xsd#us-gaap_ProceedsFromSaleAndMaturityOfMarketableSecurities" xlink:label="us-gaap_ProceedsFromSaleAndMaturityOfMarketableSecurities_lbl" />
    <link:definitionArc xlink:type="arc" xlink:arcrole="http://xbrl.org/int/dim/arcrole/domain-member" xlink:from="us-gaap_StatementLineItems_lbl" xlink:to="us-gaap_ProceedsFromSaleAndMaturityOfMarketableSecurities_lbl" order="15.0" />
    <link:loc xlink:type="locator" xlink:href="http://xbrl.fasb.org/us-gaap/2012/elts/us-gaap-2012-01-31.xsd#us-gaap_PaymentsToAcquireOtherProductiveAssets" xlink:label="us-gaap_PaymentsToAcquireOtherProductiveAssets_lbl" />
    <link:definitionArc xlink:type="arc" xlink:arcrole="http://xbrl.org/int/dim/arcrole/domain-member" xlink:from="us-gaap_StatementLineItems_lbl" xlink:to="us-gaap_PaymentsToAcquireOtherProductiveAssets_lbl" order="16.0" />
    <link:loc xlink:type="locator" xlink:href="http://xbrl.fasb.org/us-gaap/2012/elts/us-gaap-2012-01-31.xsd#us-gaap_IncreaseDecreaseInOtherNoncurrentAssets" xlink:label="us-gaap_IncreaseDecreaseInOtherNoncurrentAssets_lbl" />
    <link:definitionArc xlink:type="arc" xlink:arcrole="http://xbrl.org/int/dim/arcrole/domain-member" xlink:from="us-gaap_StatementLineItems_lbl" xlink:to="us-gaap_IncreaseDecreaseInOtherNoncurrentAssets_lbl" order="17.0" />
    <link:loc xlink:type="locator" xlink:href="http://xbrl.fasb.org/us-gaap/2012/elts/us-gaap-2012-01-31.xsd#us-gaap_PaymentsToAcquireBusinessesNetOfCashAcquired" xlink:label="us-gaap_PaymentsToAcquireBusinessesNetOfCashAcquired_lbl" />
    <link:definitionArc xlink:type="arc" xlink:arcrole="http://xbrl.org/int/dim/arcrole/domain-member" xlink:from="us-gaap_StatementLineItems_lbl" xlink:to="us-gaap_PaymentsToAcquireBusinessesNetOfCashAcquired_lbl" order="18.0" />
    <link:loc xlink:type="locator" xlink:href="http://xbrl.fasb.org/us-gaap/2012/elts/us-gaap-2012-01-31.xsd#us-gaap_NetCashProvidedByUsedInInvestingActivities" xlink:label="us-gaap_NetCashProvidedByUsedInInvestingActivities_lbl" />
    <link:definitionArc xlink:type="arc" xlink:arcrole="http://xbrl.org/int/dim/arcrole/domain-member" xlink:from="us-gaap_StatementLineItems_lbl" xlink:to="us-gaap_NetCashProvidedByUsedInInvestingActivities_lbl" order="19.0" />
    <link:loc xlink:type="locator" xlink:href="http://xbrl.fasb.org/us-gaap/2012/elts/us-gaap-2012-01-31.xsd#us-gaap_PaymentsForRepurchaseOfCommonStock" xlink:label="us-gaap_PaymentsForRepurchaseOfCommonStock_lbl" />
    <link:definitionArc xlink:type="arc" xlink:arcrole="http://xbrl.org/int/dim/arcrole/domain-member" xlink:from="us-gaap_StatementLineItems_lbl" xlink:to="us-gaap_PaymentsForRepurchaseOfCommonStock_lbl" order="20.0" />
    <link:loc xlink:type="locator" xlink:href="http://xbrl.fasb.org/us-gaap/2012/elts/us-gaap-2012-01-31.xsd#us-gaap_PaymentsOfDividends" xlink:label="us-gaap_PaymentsOfDividends_lbl" />
    <link:definitionArc xlink:type="arc" xlink:arcrole="http://xbrl.org/int/dim/arcrole/domain-member" xlink:from="us-gaap_StatementLineItems_lbl" xlink:to="us-gaap_PaymentsOfDividends_lbl" order="21.0" />
    <link:loc xlink:type="locator" xlink:href="http://xbrl.fasb.org/us-gaap/2012/elts/us-gaap-2012-01-31.xsd#us-gaap_NetCashProvidedByUsedInFinancingActivities" xlink:label="us-gaap_NetCashProvidedByUsedInFinancingActivities_lbl" />
    <link:definitionArc xlink:type="arc" xlink:arcrole="http://xbrl.org/int/dim/arcrole/domain-member" xlink:from="us-gaap_StatementLineItems_lbl" xlink:to="us-gaap_NetCashProvidedByUsedInFinancingActivities_lbl" order="22.0" />
    <link:loc xlink:type="locator" xlink:href="http://xbrl.fasb.org/us-gaap/2012/elts/us-gaap-2012-01-31.xsd#us-gaap_CashAndCashEquivalentsPeriodIncreaseDecrease" xlink:label="us-gaap_CashAndCashEquivalentsPeriodIncreaseDecrease_lbl" />
    <link:definitionArc xlink:type="arc" xlink:arcrole="http://xbrl.org/int/dim/arcrole/domain-member" xlink:from="us-gaap_StatementLineItems_lbl" xlink:to="us-gaap_CashAndCashEquivalentsPeriodIncreaseDecrease_lbl" order="23.0" />
    <link:loc xlink:type="locator" xlink:href="http://xbrl.fasb.org/us-gaap/2012/elts/us-gaap-2012-01-31.xsd#us-gaap_PreconfirmationCashAndCashEquivalents" xlink:label="us-gaap_PreconfirmationCashAndCashEquivalents_lbl" />
    <link:definitionArc xlink:type="arc" xlink:arcrole="http://xbrl.org/int/dim/arcrole/domain-member" xlink:from="us-gaap_StatementLineItems_lbl" xlink:to="us-gaap_PreconfirmationCashAndCashEquivalents_lbl" order="24.0" />
    <link:loc xlink:type="locator" xlink:href="http://xbrl.fasb.org/us-gaap/2012/elts/us-gaap-2012-01-31.xsd#us-gaap_PostconfirmationCashAndCashEquivalents" xlink:label="us-gaap_PostconfirmationCashAndCashEquivalents_lbl" />
    <link:definitionArc xlink:type="arc" xlink:arcrole="http://xbrl.org/int/dim/arcrole/domain-member" xlink:from="us-gaap_StatementLineItems_lbl" xlink:to="us-gaap_PostconfirmationCashAndCashEquivalents_lbl" order="25.0" />
    <link:loc xlink:type="locator" xlink:href="http://xbrl.fasb.org/us-gaap/2012/elts/us-gaap-2012-01-31.xsd#us-gaap_IncomeTaxesPaidNet" xlink:label="us-gaap_IncomeTaxesPaidNet_lbl" />
    <link:definitionArc xlink:type="arc" xlink:arcrole="http://xbrl.org/int/dim/arcrole/domain-member" xlink:from="us-gaap_StatementLineItems_lbl" xlink:to="us-gaap_IncomeTaxesPaidNet_lbl" order="26.0" />
  </link:definitionLink>
  <link:definitionLink xlink:type="extended" xlink:role="http://www.meditech.com/role/Notes7" />
  <link:definitionLink xlink:type="extended" xlink:role="http://www.meditech.com/role/Notes8" />
  <link:definitionLink xlink:type="extended" xlink:role="http://www.meditech.com/role/Notes9" />
  <link:definitionLink xlink:type="extended" xlink:role="http://www.meditech.com/role/Notes10" />
  <link:definitionLink xlink:type="extended" xlink:role="http://www.meditech.com/role/Notes11" />
  <link:definitionLink xlink:type="extended" xlink:role="http://www.meditech.com/role/Notes12" />
  <link:definitionLink xlink:type="extended" xlink:role="http://www.meditech.com/role/Notes13" />
  <link:definitionLink xlink:type="extended" xlink:role="http://www.meditech.com/role/Notes14" />
  <link:definitionLink xlink:type="extended" xlink:role="http://www.meditech.com/role/Notes15" />
  <link:definitionLink xlink:type="extended" xlink:role="http://www.meditech.com/role/Notes16" />
  <link:definitionLink xlink:type="extended" xlink:role="http://www.meditech.com/role/Notes17" />
  <link:definitionLink xlink:type="extended" xlink:role="http://www.meditech.com/role/Notes18" />
  <link:definitionLink xlink:type="extended" xlink:role="http://www.meditech.com/role/Notes19" />
  <link:definitionLink xlink:type="extended" xlink:role="http://www.meditech.com/role/Notes20" />
  <link:definitionLink xlink:type="extended" xlink:role="http://www.meditech.com/role/Notes21" />
  <link:definitionLink xlink:type="extended" xlink:role="http://www.meditech.com/role/Notes22" />
  <link:definitionLink xlink:type="extended" xlink:role="http://www.meditech.com/role/Notes23" />
  <link:definitionLink xlink:type="extended" xlink:role="http://www.meditech.com/role/Notes24" />
  <link:definitionLink xlink:type="extended" xlink:role="http://www.meditech.com/role/Notes25" />
  <link:definitionLink xlink:type="extended" xlink:role="http://www.meditech.com/role/NotesTables26" />
  <link:definitionLink xlink:type="extended" xlink:role="http://www.meditech.com/role/NotesTables27" />
  <link:definitionLink xlink:type="extended" xlink:role="http://www.meditech.com/role/NotesTables28" />
  <link:definitionLink xlink:type="extended" xlink:role="http://www.meditech.com/role/NotesTables29" />
  <link:definitionLink xlink:type="extended" xlink:role="http://www.meditech.com/role/NotesTables30" />
  <link:definitionLink xlink:type="extended" xlink:role="http://www.meditech.com/role/NotesTables31" />
  <link:definitionLink xlink:type="extended" xlink:role="http://www.meditech.com/role/NotesTables32" />
  <link:definitionLink xlink:type="extended" xlink:role="http://www.meditech.com/role/NotesTables33" />
  <link:definitionLink xlink:type="extended" xlink:role="http://www.meditech.com/role/NotesTables34" />
  <link:definitionLink xlink:type="extended" xlink:role="http://www.meditech.com/role/NotesTables35" />
  <link:definitionLink xlink:type="extended" xlink:role="http://www.meditech.com/role/NotesTables36" />
  <link:definitionLink xlink:type="extended" xlink:role="http://www.meditech.com/role/NotesTables37" />
  <link:definitionLink xlink:type="extended" xlink:role="http://www.meditech.com/role/NotesTables38" />
  <link:definitionLink xlink:type="extended" xlink:role="http://www.meditech.com/role/NotesTables39" />
  <link:definitionLink xlink:type="extended" xlink:role="http://www.meditech.com/role/NotesTables40" />
  <link:definitionLink xlink:type="extended" xlink:role="http://www.meditech.com/role/NotesTables41" />
  <link:definitionLink xlink:type="extended" xlink:role="http://www.meditech.com/role/NotesDetails42">
    <link:loc xlink:type="locator" xlink:href="http://xbrl.fasb.org/us-gaap/2012/elts/us-gaap-2012-01-31.xsd#us-gaap_StatementLineItems" xlink:label="us-gaap_StatementLineItems_lbl" />
    <link:loc xlink:type="locator" xlink:href="http://xbrl.fasb.org/us-gaap/2012/elts/us-gaap-2012-01-31.xsd#us-gaap_StatementTable" xlink:label="us-gaap_StatementTable_lbl" />
    <link:definitionArc xlink:type="arc" xlink:arcrole="http://xbrl.org/int/dim/arcrole/all" xlink:from="us-gaap_StatementLineItems_lbl" xlink:to="us-gaap_StatementTable_lbl" order="0.5" xbrldt:contextElement="segment" xbrldt:closed="true" />
    <link:loc xlink:type="locator" xlink:href="none-20121231.xsd#none_NetCostOfEquitiesAFSS" xlink:label="none_NetCostOfEquitiesAFSS_lbl" />
    <link:definitionArc xlink:type="arc" xlink:arcrole="http://xbrl.org/int/dim/arcrole/domain-member" xlink:from="us-gaap_StatementLineItems_lbl" xlink:to="none_NetCostOfEquitiesAFSS_lbl" order="1.0" />
    <link:loc xlink:type="locator" xlink:href="none-20121231.xsd#none_UnrealizedGainsAFSS" xlink:label="none_UnrealizedGainsAFSS_lbl" />
    <link:definitionArc xlink:type="arc" xlink:arcrole="http://xbrl.org/int/dim/arcrole/domain-member" xlink:from="us-gaap_StatementLineItems_lbl" xlink:to="none_UnrealizedGainsAFSS_lbl" order="2.0" />
    <link:loc xlink:type="locator" xlink:href="none-20121231.xsd#none_UnrealizedLossesAFSS" xlink:label="none_UnrealizedLossesAFSS_lbl" />
    <link:definitionArc xlink:type="arc" xlink:arcrole="http://xbrl.org/int/dim/arcrole/domain-member" xlink:from="us-gaap_StatementLineItems_lbl" xlink:to="none_UnrealizedLossesAFSS_lbl" order="3.0" />
    <link:loc xlink:type="locator" xlink:href="none-20121231.xsd#none_FairMarketValueAFSS" xlink:label="none_FairMarketValueAFSS_lbl" />
    <link:definitionArc xlink:type="arc" xlink:arcrole="http://xbrl.org/int/dim/arcrole/domain-member" xlink:from="us-gaap_StatementLineItems_lbl" xlink:to="none_FairMarketValueAFSS_lbl" order="4.0" />
  </link:definitionLink>
  <link:definitionLink xlink:type="extended" xlink:role="http://www.meditech.com/role/NotesDetails43">
    <link:loc xlink:type="locator" xlink:href="http://xbrl.fasb.org/us-gaap/2012/elts/us-gaap-2012-01-31.xsd#us-gaap_StatementLineItems" xlink:label="us-gaap_StatementLineItems_lbl" />
    <link:loc xlink:type="locator" xlink:href="http://xbrl.fasb.org/us-gaap/2012/elts/us-gaap-2012-01-31.xsd#us-gaap_StatementTable" xlink:label="us-gaap_StatementTable_lbl" />
    <link:definitionArc xlink:type="arc" xlink:arcrole="http://xbrl.org/int/dim/arcrole/all" xlink:from="us-gaap_StatementLineItems_lbl" xlink:to="us-gaap_StatementTable_lbl" order="0.5" xbrldt:contextElement="segment" xbrldt:closed="true" />
    <link:loc xlink:type="locator" xlink:href="none-20121231.xsd#none_ReserveAtBeginningOfYearRFDA" xlink:label="none_ReserveAtBeginningOfYearRFDA_lbl" />
    <link:definitionArc xlink:type="arc" xlink:arcrole="http://xbrl.org/int/dim/arcrole/domain-member" xlink:from="us-gaap_StatementLineItems_lbl" xlink:to="none_ReserveAtBeginningOfYearRFDA_lbl" order="1.0" />
    <link:loc xlink:type="locator" xlink:href="none-20121231.xsd#none_AmountsChargedToExpenseRFDA" xlink:label="none_AmountsChargedToExpenseRFDA_lbl" />
    <link:definitionArc xlink:type="arc" xlink:arcrole="http://xbrl.org/int/dim/arcrole/domain-member" xlink:from="us-gaap_StatementLineItems_lbl" xlink:to="none_AmountsChargedToExpenseRFDA_lbl" order="2.0" />
    <link:loc xlink:type="locator" xlink:href="none-20121231.xsd#none_AmountsWrittenOffRFDA" xlink:label="none_AmountsWrittenOffRFDA_lbl" />
    <link:definitionArc xlink:type="arc" xlink:arcrole="http://xbrl.org/int/dim/arcrole/domain-member" xlink:from="us-gaap_StatementLineItems_lbl" xlink:to="none_AmountsWrittenOffRFDA_lbl" order="3.0" />
    <link:loc xlink:type="locator" xlink:href="none-20121231.xsd#none_ReserveAtEndOfYearRFDA" xlink:label="none_ReserveAtEndOfYearRFDA_lbl" />
    <link:definitionArc xlink:type="arc" xlink:arcrole="http://xbrl.org/int/dim/arcrole/domain-member" xlink:from="us-gaap_StatementLineItems_lbl" xlink:to="none_ReserveAtEndOfYearRFDA_lbl" order="4.0" />
  </link:definitionLink>
  <link:definitionLink xlink:type="extended" xlink:role="http://www.meditech.com/role/NotesDetails44">
    <link:loc xlink:type="locator" xlink:href="http://xbrl.fasb.org/us-gaap/2012/elts/us-gaap-2012-01-31.xsd#us-gaap_StatementLineItems" xlink:label="us-gaap_StatementLineItems_lbl" />
    <link:loc xlink:type="locator" xlink:href="http://xbrl.fasb.org/us-gaap/2012/elts/us-gaap-2012-01-31.xsd#us-gaap_StatementTable" xlink:label="us-gaap_StatementTable_lbl" />
    <link:definitionArc xlink:type="arc" xlink:arcrole="http://xbrl.org/int/dim/arcrole/all" xlink:from="us-gaap_StatementLineItems_lbl" xlink:to="us-gaap_StatementTable_lbl" order="0.5" xbrldt:contextElement="segment" xbrldt:closed="true" />
    <link:loc xlink:type="locator" xlink:href="none-20121231.xsd#none_PrepaidTaxOnDepositsOverYearDT" xlink:label="none_PrepaidTaxOnDepositsOverYearDT_lbl" />
    <link:definitionArc xlink:type="arc" xlink:arcrole="http://xbrl.org/int/dim/arcrole/domain-member" xlink:from="us-gaap_StatementLineItems_lbl" xlink:to="none_PrepaidTaxOnDepositsOverYearDT_lbl" order="1.0" />
    <link:loc xlink:type="locator" xlink:href="none-20121231.xsd#none_PrepaidTaxOnAccruedExpensesDT" xlink:label="none_PrepaidTaxOnAccruedExpensesDT_lbl" />
    <link:definitionArc xlink:type="arc" xlink:arcrole="http://xbrl.org/int/dim/arcrole/domain-member" xlink:from="us-gaap_StatementLineItems_lbl" xlink:to="none_PrepaidTaxOnAccruedExpensesDT_lbl" order="2.0" />
    <link:loc xlink:type="locator" xlink:href="none-20121231.xsd#none_DeferredTaxOnUnrealizedGainsNetDT" xlink:label="none_DeferredTaxOnUnrealizedGainsNetDT_lbl" />
    <link:definitionArc xlink:type="arc" xlink:arcrole="http://xbrl.org/int/dim/arcrole/domain-member" xlink:from="us-gaap_StatementLineItems_lbl" xlink:to="none_DeferredTaxOnUnrealizedGainsNetDT_lbl" order="3.0" />
    <link:loc xlink:type="locator" xlink:href="none-20121231.xsd#none_OtherDT" xlink:label="none_OtherDT_lbl" />
    <link:definitionArc xlink:type="arc" xlink:arcrole="http://xbrl.org/int/dim/arcrole/domain-member" xlink:from="us-gaap_StatementLineItems_lbl" xlink:to="none_OtherDT_lbl" order="4.0" />
    <link:loc xlink:type="locator" xlink:href="none-20121231.xsd#none_DeferredTaxesDT" xlink:label="none_DeferredTaxesDT_lbl" />
    <link:definitionArc xlink:type="arc" xlink:arcrole="http://xbrl.org/int/dim/arcrole/domain-member" xlink:from="us-gaap_StatementLineItems_lbl" xlink:to="none_DeferredTaxesDT_lbl" order="5.0" />
  </link:definitionLink>
  <link:definitionLink xlink:type="extended" xlink:role="http://www.meditech.com/role/NotesDetails45">
    <link:loc xlink:type="locator" xlink:href="http://xbrl.fasb.org/us-gaap/2012/elts/us-gaap-2012-01-31.xsd#us-gaap_StatementLineItems" xlink:label="us-gaap_StatementLineItems_lbl" />
    <link:loc xlink:type="locator" xlink:href="http://xbrl.fasb.org/us-gaap/2012/elts/us-gaap-2012-01-31.xsd#us-gaap_StatementTable" xlink:label="us-gaap_StatementTable_lbl" />
    <link:definitionArc xlink:type="arc" xlink:arcrole="http://xbrl.org/int/dim/arcrole/all" xlink:from="us-gaap_StatementLineItems_lbl" xlink:to="us-gaap_StatementTable_lbl" order="0.5" xbrldt:contextElement="segment" xbrldt:closed="true" />
    <link:loc xlink:type="locator" xlink:href="http://xbrl.fasb.org/us-gaap/2012/elts/us-gaap-2012-01-31.xsd#us-gaap_LongTermInvestments" xlink:label="us-gaap_LongTermInvestments_lbl" />
    <link:definitionArc xlink:type="arc" xlink:arcrole="http://xbrl.org/int/dim/arcrole/domain-member" xlink:from="us-gaap_StatementLineItems_lbl" xlink:to="us-gaap_LongTermInvestments_lbl" order="1.0" />
    <link:loc xlink:type="locator" xlink:href="http://xbrl.fasb.org/us-gaap/2012/elts/us-gaap-2012-01-31.xsd#us-gaap_NotesPayable" xlink:label="us-gaap_NotesPayable_lbl" />
    <link:definitionArc xlink:type="arc" xlink:arcrole="http://xbrl.org/int/dim/arcrole/domain-member" xlink:from="us-gaap_StatementLineItems_lbl" xlink:to="us-gaap_NotesPayable_lbl" order="2.0" />
    <link:loc xlink:type="locator" xlink:href="http://xbrl.fasb.org/us-gaap/2012/elts/us-gaap-2012-01-31.xsd#us-gaap_AcquiredFiniteLivedIntangibleAssetAmount" xlink:label="us-gaap_AcquiredFiniteLivedIntangibleAssetAmount_lbl" />
    <link:definitionArc xlink:type="arc" xlink:arcrole="http://xbrl.org/int/dim/arcrole/domain-member" xlink:from="us-gaap_StatementLineItems_lbl" xlink:to="us-gaap_AcquiredFiniteLivedIntangibleAssetAmount_lbl" order="3.0" />
    <link:loc xlink:type="locator" xlink:href="none-20121231.xsd#none_OtherEMI" xlink:label="none_OtherEMI_lbl" />
    <link:definitionArc xlink:type="arc" xlink:arcrole="http://xbrl.org/int/dim/arcrole/domain-member" xlink:from="us-gaap_StatementLineItems_lbl" xlink:to="none_OtherEMI_lbl" order="4.0" />
    <link:loc xlink:type="locator" xlink:href="http://xbrl.fasb.org/us-gaap/2012/elts/us-gaap-2012-01-31.xsd#us-gaap_OtherAssetsNoncurrent" xlink:label="us-gaap_OtherAssetsNoncurrent_lbl" />
    <link:definitionArc xlink:type="arc" xlink:arcrole="http://xbrl.org/int/dim/arcrole/domain-member" xlink:from="us-gaap_StatementLineItems_lbl" xlink:to="us-gaap_OtherAssetsNoncurrent_lbl" order="5.0" />
  </link:definitionLink>
  <link:definitionLink xlink:type="extended" xlink:role="http://www.meditech.com/role/NotesDetails46">
    <link:loc xlink:type="locator" xlink:href="http://xbrl.fasb.org/us-gaap/2012/elts/us-gaap-2012-01-31.xsd#us-gaap_StatementLineItems" xlink:label="us-gaap_StatementLineItems_lbl" />
    <link:loc xlink:type="locator" xlink:href="http://xbrl.fasb.org/us-gaap/2012/elts/us-gaap-2012-01-31.xsd#us-gaap_StatementTable" xlink:label="us-gaap_StatementTable_lbl" />
    <link:definitionArc xlink:type="arc" xlink:arcrole="http://xbrl.org/int/dim/arcrole/all" xlink:from="us-gaap_StatementLineItems_lbl" xlink:to="us-gaap_StatementTable_lbl" order="0.5" xbrldt:contextElement="segment" xbrldt:closed="true" />
    <link:loc xlink:type="locator" xlink:href="http://xbrl.fasb.org/us-gaap/2012/elts/us-gaap-2012-01-31.xsd#us-gaap_EmployeeRelatedLiabilitiesCurrentAndNoncurrent" xlink:label="us-gaap_EmployeeRelatedLiabilitiesCurrentAndNoncurrent_lbl" />
    <link:definitionArc xlink:type="arc" xlink:arcrole="http://xbrl.org/int/dim/arcrole/domain-member" xlink:from="us-gaap_StatementLineItems_lbl" xlink:to="us-gaap_EmployeeRelatedLiabilitiesCurrentAndNoncurrent_lbl" order="1.0" />
    <link:loc xlink:type="locator" xlink:href="http://xbrl.fasb.org/us-gaap/2012/elts/us-gaap-2012-01-31.xsd#us-gaap_AccruedVacationCurrent" xlink:label="us-gaap_AccruedVacationCurrent_lbl" />
    <link:definitionArc xlink:type="arc" xlink:arcrole="http://xbrl.org/int/dim/arcrole/domain-member" xlink:from="us-gaap_StatementLineItems_lbl" xlink:to="us-gaap_AccruedVacationCurrent_lbl" order="2.0" />
    <link:loc xlink:type="locator" xlink:href="none-20121231.xsd#none_OtherAE" xlink:label="none_OtherAE_lbl" />
    <link:definitionArc xlink:type="arc" xlink:arcrole="http://xbrl.org/int/dim/arcrole/domain-member" xlink:from="us-gaap_StatementLineItems_lbl" xlink:to="none_OtherAE_lbl" order="3.0" />
    <link:loc xlink:type="locator" xlink:href="http://xbrl.fasb.org/us-gaap/2012/elts/us-gaap-2012-01-31.xsd#us-gaap_AccruedLiabilitiesCurrentAndNoncurrent" xlink:label="us-gaap_AccruedLiabilitiesCurrentAndNoncurrent_lbl" />
    <link:definitionArc xlink:type="arc" xlink:arcrole="http://xbrl.org/int/dim/arcrole/domain-member" xlink:from="us-gaap_StatementLineItems_lbl" xlink:to="us-gaap_AccruedLiabilitiesCurrentAndNoncurrent_lbl" order="4.0" />
  </link:definitionLink>
  <link:definitionLink xlink:type="extended" xlink:role="http://www.meditech.com/role/NotesDetails47">
    <link:loc xlink:type="locator" xlink:href="http://xbrl.fasb.org/us-gaap/2012/elts/us-gaap-2012-01-31.xsd#us-gaap_StatementLineItems" xlink:label="us-gaap_StatementLineItems_lbl" />
    <link:loc xlink:type="locator" xlink:href="http://xbrl.fasb.org/us-gaap/2012/elts/us-gaap-2012-01-31.xsd#us-gaap_StatementTable" xlink:label="us-gaap_StatementTable_lbl" />
    <link:definitionArc xlink:type="arc" xlink:arcrole="http://xbrl.org/int/dim/arcrole/all" xlink:from="us-gaap_StatementLineItems_lbl" xlink:to="us-gaap_StatementTable_lbl" order="0.5" xbrldt:contextElement="segment" xbrldt:closed="true" />
    <link:loc xlink:type="locator" xlink:href="none-20121231.xsd#none_PotentialTaxAssessmentTR" xlink:label="none_PotentialTaxAssessmentTR_lbl" />
    <link:definitionArc xlink:type="arc" xlink:arcrole="http://xbrl.org/int/dim/arcrole/domain-member" xlink:from="us-gaap_StatementLineItems_lbl" xlink:to="none_PotentialTaxAssessmentTR_lbl" order="1.0" />
    <link:loc xlink:type="locator" xlink:href="http://xbrl.fasb.org/us-gaap/2012/elts/us-gaap-2012-01-31.xsd#us-gaap_MinorityInterest" xlink:label="us-gaap_MinorityInterest_lbl" />
    <link:definitionArc xlink:type="arc" xlink:arcrole="http://xbrl.org/int/dim/arcrole/domain-member" xlink:from="us-gaap_StatementLineItems_lbl" xlink:to="us-gaap_MinorityInterest_lbl" order="2.0" />
    <link:loc xlink:type="locator" xlink:href="none-20121231.xsd#none_TaxReservesTR" xlink:label="none_TaxReservesTR_lbl" />
    <link:definitionArc xlink:type="arc" xlink:arcrole="http://xbrl.org/int/dim/arcrole/domain-member" xlink:from="us-gaap_StatementLineItems_lbl" xlink:to="none_TaxReservesTR_lbl" order="3.0" />
  </link:definitionLink>
  <link:definitionLink xlink:type="extended" xlink:role="http://www.meditech.com/role/NotesDetails48">
    <link:loc xlink:type="locator" xlink:href="http://xbrl.fasb.org/us-gaap/2012/elts/us-gaap-2012-01-31.xsd#us-gaap_StatementLineItems" xlink:label="us-gaap_StatementLineItems_lbl" />
    <link:loc xlink:type="locator" xlink:href="http://xbrl.fasb.org/us-gaap/2012/elts/us-gaap-2012-01-31.xsd#us-gaap_StatementTable" xlink:label="us-gaap_StatementTable_lbl" />
    <link:definitionArc xlink:type="arc" xlink:arcrole="http://xbrl.org/int/dim/arcrole/all" xlink:from="us-gaap_StatementLineItems_lbl" xlink:to="us-gaap_StatementTable_lbl" order="0.5" xbrldt:contextElement="segment" xbrldt:closed="true" />
    <link:loc xlink:type="locator" xlink:href="http://xbrl.fasb.org/us-gaap/2012/elts/us-gaap-2012-01-31.xsd#us-gaap_Revenues" xlink:label="us-gaap_Revenues_lbl" />
    <link:definitionArc xlink:type="arc" xlink:arcrole="http://xbrl.org/int/dim/arcrole/domain-member" xlink:from="us-gaap_StatementLineItems_lbl" xlink:to="us-gaap_Revenues_lbl" order="1.0" />
    <link:loc xlink:type="locator" xlink:href="none-20121231.xsd#none_UnitedStatesSR" xlink:label="none_UnitedStatesSR_lbl" />
    <link:definitionArc xlink:type="arc" xlink:arcrole="http://xbrl.org/int/dim/arcrole/domain-member" xlink:from="us-gaap_StatementLineItems_lbl" xlink:to="none_UnitedStatesSR_lbl" order="2.0" />
    <link:loc xlink:type="locator" xlink:href="none-20121231.xsd#none_CanadaSR" xlink:label="none_CanadaSR_lbl" />
    <link:definitionArc xlink:type="arc" xlink:arcrole="http://xbrl.org/int/dim/arcrole/domain-member" xlink:from="us-gaap_StatementLineItems_lbl" xlink:to="none_CanadaSR_lbl" order="3.0" />
    <link:loc xlink:type="locator" xlink:href="none-20121231.xsd#none_AllOthersSR" xlink:label="none_AllOthersSR_lbl" />
    <link:definitionArc xlink:type="arc" xlink:arcrole="http://xbrl.org/int/dim/arcrole/domain-member" xlink:from="us-gaap_StatementLineItems_lbl" xlink:to="none_AllOthersSR_lbl" order="4.0" />
    <link:loc xlink:type="locator" xlink:href="none-20121231.xsd#none_LargestCustomerSR" xlink:label="none_LargestCustomerSR_lbl" />
    <link:definitionArc xlink:type="arc" xlink:arcrole="http://xbrl.org/int/dim/arcrole/domain-member" xlink:from="us-gaap_StatementLineItems_lbl" xlink:to="none_LargestCustomerSR_lbl" order="5.0" />
  </link:definitionLink>
  <link:definitionLink xlink:type="extended" xlink:role="http://www.meditech.com/role/NotesDetails49">
    <link:loc xlink:type="locator" xlink:href="http://xbrl.fasb.org/us-gaap/2012/elts/us-gaap-2012-01-31.xsd#us-gaap_StatementLineItems" xlink:label="us-gaap_StatementLineItems_lbl" />
    <link:loc xlink:type="locator" xlink:href="http://xbrl.fasb.org/us-gaap/2012/elts/us-gaap-2012-01-31.xsd#us-gaap_StatementTable" xlink:label="us-gaap_StatementTable_lbl" />
    <link:definitionArc xlink:type="arc" xlink:arcrole="http://xbrl.org/int/dim/arcrole/all" xlink:from="us-gaap_StatementLineItems_lbl" xlink:to="us-gaap_StatementTable_lbl" order="0.5" xbrldt:contextElement="segment" xbrldt:closed="true" />
    <link:loc xlink:type="locator" xlink:href="none-20121231.xsd#none_Rents" xlink:label="none_Rents_lbl" />
    <link:definitionArc xlink:type="arc" xlink:arcrole="http://xbrl.org/int/dim/arcrole/domain-member" xlink:from="us-gaap_StatementLineItems_lbl" xlink:to="none_Rents_lbl" order="1.0" />
    <link:loc xlink:type="locator" xlink:href="http://xbrl.fasb.org/us-gaap/2012/elts/us-gaap-2012-01-31.xsd#us-gaap_PaymentsOfDividendsCommonStock" xlink:label="us-gaap_PaymentsOfDividendsCommonStock_lbl" />
    <link:definitionArc xlink:type="arc" xlink:arcrole="http://xbrl.org/int/dim/arcrole/domain-member" xlink:from="us-gaap_StatementLineItems_lbl" xlink:to="us-gaap_PaymentsOfDividendsCommonStock_lbl" order="2.0" />
    <link:loc xlink:type="locator" xlink:href="none-20121231.xsd#none_InterestOI" xlink:label="none_InterestOI_lbl" />
    <link:definitionArc xlink:type="arc" xlink:arcrole="http://xbrl.org/int/dim/arcrole/domain-member" xlink:from="us-gaap_StatementLineItems_lbl" xlink:to="none_InterestOI_lbl" order="3.0" />
    <link:loc xlink:type="locator" xlink:href="http://xbrl.fasb.org/us-gaap/2012/elts/us-gaap-2012-01-31.xsd#us-gaap_GainLossOnSaleOfDebtInvestments" xlink:label="us-gaap_GainLossOnSaleOfDebtInvestments_lbl" />
    <link:definitionArc xlink:type="arc" xlink:arcrole="http://xbrl.org/int/dim/arcrole/domain-member" xlink:from="us-gaap_StatementLineItems_lbl" xlink:to="us-gaap_GainLossOnSaleOfDebtInvestments_lbl" order="4.0" />
    <link:loc xlink:type="locator" xlink:href="http://xbrl.fasb.org/us-gaap/2012/elts/us-gaap-2012-01-31.xsd#us-gaap_StockholdersEquityOther" xlink:label="us-gaap_StockholdersEquityOther_lbl" />
    <link:definitionArc xlink:type="arc" xlink:arcrole="http://xbrl.org/int/dim/arcrole/domain-member" xlink:from="us-gaap_StatementLineItems_lbl" xlink:to="us-gaap_StockholdersEquityOther_lbl" order="5.0" />
    <link:loc xlink:type="locator" xlink:href="http://xbrl.fasb.org/us-gaap/2012/elts/us-gaap-2012-01-31.xsd#us-gaap_OtherNonoperatingIncomeExpense" xlink:label="us-gaap_OtherNonoperatingIncomeExpense_lbl" />
    <link:definitionArc xlink:type="arc" xlink:arcrole="http://xbrl.org/int/dim/arcrole/domain-member" xlink:from="us-gaap_StatementLineItems_lbl" xlink:to="us-gaap_OtherNonoperatingIncomeExpense_lbl" order="6.0" />
  </link:definitionLink>
  <link:definitionLink xlink:type="extended" xlink:role="http://www.meditech.com/role/NotesDetails50">
    <link:loc xlink:type="locator" xlink:href="http://xbrl.fasb.org/us-gaap/2012/elts/us-gaap-2012-01-31.xsd#us-gaap_StatementLineItems" xlink:label="us-gaap_StatementLineItems_lbl" />
    <link:loc xlink:type="locator" xlink:href="http://xbrl.fasb.org/us-gaap/2012/elts/us-gaap-2012-01-31.xsd#us-gaap_StatementTable" xlink:label="us-gaap_StatementTable_lbl" />
    <link:definitionArc xlink:type="arc" xlink:arcrole="http://xbrl.org/int/dim/arcrole/all" xlink:from="us-gaap_StatementLineItems_lbl" xlink:to="us-gaap_StatementTable_lbl" order="0.5" xbrldt:contextElement="segment" xbrldt:closed="true" />
    <link:loc xlink:type="locator" xlink:href="none-20121231.xsd#none_RentalCostsOE" xlink:label="none_RentalCostsOE_lbl" />
    <link:definitionArc xlink:type="arc" xlink:arcrole="http://xbrl.org/int/dim/arcrole/domain-member" xlink:from="us-gaap_StatementLineItems_lbl" xlink:to="none_RentalCostsOE_lbl" order="1.0" />
    <link:loc xlink:type="locator" xlink:href="none-20121231.xsd#none_CharitableContributionsOE" xlink:label="none_CharitableContributionsOE_lbl" />
    <link:definitionArc xlink:type="arc" xlink:arcrole="http://xbrl.org/int/dim/arcrole/domain-member" xlink:from="us-gaap_StatementLineItems_lbl" xlink:to="none_CharitableContributionsOE_lbl" order="2.0" />
    <link:loc xlink:type="locator" xlink:href="none-20121231.xsd#none_OtherOE" xlink:label="none_OtherOE_lbl" />
    <link:definitionArc xlink:type="arc" xlink:arcrole="http://xbrl.org/int/dim/arcrole/domain-member" xlink:from="us-gaap_StatementLineItems_lbl" xlink:to="none_OtherOE_lbl" order="3.0" />
    <link:loc xlink:type="locator" xlink:href="none-20121231.xsd#none_OtherExpenseOE" xlink:label="none_OtherExpenseOE_lbl" />
    <link:definitionArc xlink:type="arc" xlink:arcrole="http://xbrl.org/int/dim/arcrole/domain-member" xlink:from="us-gaap_StatementLineItems_lbl" xlink:to="none_OtherExpenseOE_lbl" order="4.0" />
  </link:definitionLink>
  <link:definitionLink xlink:type="extended" xlink:role="http://www.meditech.com/role/NotesDetails51">
    <link:loc xlink:type="locator" xlink:href="http://xbrl.fasb.org/us-gaap/2012/elts/us-gaap-2012-01-31.xsd#us-gaap_StatementLineItems" xlink:label="us-gaap_StatementLineItems_lbl" />
    <link:loc xlink:type="locator" xlink:href="http://xbrl.fasb.org/us-gaap/2012/elts/us-gaap-2012-01-31.xsd#us-gaap_StatementTable" xlink:label="us-gaap_StatementTable_lbl" />
    <link:definitionArc xlink:type="arc" xlink:arcrole="http://xbrl.org/int/dim/arcrole/all" xlink:from="us-gaap_StatementLineItems_lbl" xlink:to="us-gaap_StatementTable_lbl" order="0.5" xbrldt:contextElement="segment" xbrldt:closed="true" />
    <link:loc xlink:type="locator" xlink:href="none-20121231.xsd#none_StateCurrentITA" xlink:label="none_StateCurrentITA_lbl" />
    <link:definitionArc xlink:type="arc" xlink:arcrole="http://xbrl.org/int/dim/arcrole/domain-member" xlink:from="us-gaap_StatementLineItems_lbl" xlink:to="none_StateCurrentITA_lbl" order="1.0" />
    <link:loc xlink:type="locator" xlink:href="none-20121231.xsd#none_StateDeferredITA" xlink:label="none_StateDeferredITA_lbl" />
    <link:definitionArc xlink:type="arc" xlink:arcrole="http://xbrl.org/int/dim/arcrole/domain-member" xlink:from="us-gaap_StatementLineItems_lbl" xlink:to="none_StateDeferredITA_lbl" order="2.0" />
    <link:loc xlink:type="locator" xlink:href="none-20121231.xsd#none_StateIncomeTaxITA" xlink:label="none_StateIncomeTaxITA_lbl" />
    <link:definitionArc xlink:type="arc" xlink:arcrole="http://xbrl.org/int/dim/arcrole/domain-member" xlink:from="us-gaap_StatementLineItems_lbl" xlink:to="none_StateIncomeTaxITA_lbl" order="3.0" />
    <link:loc xlink:type="locator" xlink:href="none-20121231.xsd#none_FederalCurrentITA" xlink:label="none_FederalCurrentITA_lbl" />
    <link:definitionArc xlink:type="arc" xlink:arcrole="http://xbrl.org/int/dim/arcrole/domain-member" xlink:from="us-gaap_StatementLineItems_lbl" xlink:to="none_FederalCurrentITA_lbl" order="4.0" />
    <link:loc xlink:type="locator" xlink:href="none-20121231.xsd#none_FederalDeferredITA" xlink:label="none_FederalDeferredITA_lbl" />
    <link:definitionArc xlink:type="arc" xlink:arcrole="http://xbrl.org/int/dim/arcrole/domain-member" xlink:from="us-gaap_StatementLineItems_lbl" xlink:to="none_FederalDeferredITA_lbl" order="5.0" />
    <link:loc xlink:type="locator" xlink:href="none-20121231.xsd#none_FederalIncomeTaxITA" xlink:label="none_FederalIncomeTaxITA_lbl" />
    <link:definitionArc xlink:type="arc" xlink:arcrole="http://xbrl.org/int/dim/arcrole/domain-member" xlink:from="us-gaap_StatementLineItems_lbl" xlink:to="none_FederalIncomeTaxITA_lbl" order="6.0" />
  </link:definitionLink>
  <link:definitionLink xlink:type="extended" xlink:role="http://www.meditech.com/role/NotesDetails52">
    <link:loc xlink:type="locator" xlink:href="http://xbrl.fasb.org/us-gaap/2012/elts/us-gaap-2012-01-31.xsd#us-gaap_StatementLineItems" xlink:label="us-gaap_StatementLineItems_lbl" />
    <link:loc xlink:type="locator" xlink:href="http://xbrl.fasb.org/us-gaap/2012/elts/us-gaap-2012-01-31.xsd#us-gaap_StatementTable" xlink:label="us-gaap_StatementTable_lbl" />
    <link:definitionArc xlink:type="arc" xlink:arcrole="http://xbrl.org/int/dim/arcrole/all" xlink:from="us-gaap_StatementLineItems_lbl" xlink:to="us-gaap_StatementTable_lbl" order="0.5" xbrldt:contextElement="segment" xbrldt:closed="true" />
    <link:loc xlink:type="locator" xlink:href="none-20121231.xsd#none_StatutoryUsIncomeTaxRateITR" xlink:label="none_StatutoryUsIncomeTaxRateITR_lbl" />
    <link:definitionArc xlink:type="arc" xlink:arcrole="http://xbrl.org/int/dim/arcrole/domain-member" xlink:from="us-gaap_StatementLineItems_lbl" xlink:to="none_StatutoryUsIncomeTaxRateITR_lbl" order="1.0" />
    <link:loc xlink:type="locator" xlink:href="none-20121231.xsd#none_StateIncomeTaxesNetOfFederalBenefitITR" xlink:label="none_StateIncomeTaxesNetOfFederalBenefitITR_lbl" />
    <link:definitionArc xlink:type="arc" xlink:arcrole="http://xbrl.org/int/dim/arcrole/domain-member" xlink:from="us-gaap_StatementLineItems_lbl" xlink:to="none_StateIncomeTaxesNetOfFederalBenefitITR_lbl" order="2.0" />
    <link:loc xlink:type="locator" xlink:href="none-20121231.xsd#none_DividendIncomeExclusionITR" xlink:label="none_DividendIncomeExclusionITR_lbl" />
    <link:definitionArc xlink:type="arc" xlink:arcrole="http://xbrl.org/int/dim/arcrole/domain-member" xlink:from="us-gaap_StatementLineItems_lbl" xlink:to="none_DividendIncomeExclusionITR_lbl" order="3.0" />
    <link:loc xlink:type="locator" xlink:href="none-20121231.xsd#none_OtherTaxesOrBenefitsITR" xlink:label="none_OtherTaxesOrBenefitsITR_lbl" />
    <link:definitionArc xlink:type="arc" xlink:arcrole="http://xbrl.org/int/dim/arcrole/domain-member" xlink:from="us-gaap_StatementLineItems_lbl" xlink:to="none_OtherTaxesOrBenefitsITR_lbl" order="4.0" />
    <link:loc xlink:type="locator" xlink:href="none-20121231.xsd#none_EffectiveTaxRateITR" xlink:label="none_EffectiveTaxRateITR_lbl" />
    <link:definitionArc xlink:type="arc" xlink:arcrole="http://xbrl.org/int/dim/arcrole/domain-member" xlink:from="us-gaap_StatementLineItems_lbl" xlink:to="none_EffectiveTaxRateITR_lbl" order="5.0" />
  </link:definitionLink>
  <link:definitionLink xlink:type="extended" xlink:role="http://www.meditech.com/role/NotesDetails53">
    <link:loc xlink:type="locator" xlink:href="http://xbrl.fasb.org/us-gaap/2012/elts/us-gaap-2012-01-31.xsd#us-gaap_StatementLineItems" xlink:label="us-gaap_StatementLineItems_lbl" />
    <link:loc xlink:type="locator" xlink:href="http://xbrl.fasb.org/us-gaap/2012/elts/us-gaap-2012-01-31.xsd#us-gaap_StatementTable" xlink:label="us-gaap_StatementTable_lbl" />
    <link:definitionArc xlink:type="arc" xlink:arcrole="http://xbrl.org/int/dim/arcrole/all" xlink:from="us-gaap_StatementLineItems_lbl" xlink:to="us-gaap_StatementTable_lbl" order="0.5" xbrldt:contextElement="segment" xbrldt:closed="true" />
    <link:loc xlink:type="locator" xlink:href="http://xbrl.fasb.org/us-gaap/2012/elts/us-gaap-2012-01-31.xsd#us-gaap_NetIncomeLoss" xlink:label="us-gaap_NetIncomeLoss_lbl" />
    <link:definitionArc xlink:type="arc" xlink:arcrole="http://xbrl.org/int/dim/arcrole/domain-member" xlink:from="us-gaap_StatementLineItems_lbl" xlink:to="us-gaap_NetIncomeLoss_lbl" order="1.0" />
    <link:loc xlink:type="locator" xlink:href="http://xbrl.fasb.org/us-gaap/2012/elts/us-gaap-2012-01-31.xsd#us-gaap_WeightedAverageNumberOfSharesIssuedBasic" xlink:label="us-gaap_WeightedAverageNumberOfSharesIssuedBasic_lbl" />
    <link:definitionArc xlink:type="arc" xlink:arcrole="http://xbrl.org/int/dim/arcrole/domain-member" xlink:from="us-gaap_StatementLineItems_lbl" xlink:to="us-gaap_WeightedAverageNumberOfSharesIssuedBasic_lbl" order="2.0" />
    <link:loc xlink:type="locator" xlink:href="http://xbrl.fasb.org/us-gaap/2012/elts/us-gaap-2012-01-31.xsd#us-gaap_EarningsPerShareBasic" xlink:label="us-gaap_EarningsPerShareBasic_lbl" />
    <link:definitionArc xlink:type="arc" xlink:arcrole="http://xbrl.org/int/dim/arcrole/domain-member" xlink:from="us-gaap_StatementLineItems_lbl" xlink:to="us-gaap_EarningsPerShareBasic_lbl" order="3.0" />
  </link:definitionLink>
  <link:definitionLink xlink:type="extended" xlink:role="http://www.meditech.com/role/NotesDetails54">
    <link:loc xlink:type="locator" xlink:href="http://xbrl.fasb.org/us-gaap/2012/elts/us-gaap-2012-01-31.xsd#us-gaap_StatementLineItems" xlink:label="us-gaap_StatementLineItems_lbl" />
    <link:loc xlink:type="locator" xlink:href="http://xbrl.fasb.org/us-gaap/2012/elts/us-gaap-2012-01-31.xsd#us-gaap_StatementTable" xlink:label="us-gaap_StatementTable_lbl" />
    <link:definitionArc xlink:type="arc" xlink:arcrole="http://xbrl.org/int/dim/arcrole/all" xlink:from="us-gaap_StatementLineItems_lbl" xlink:to="us-gaap_StatementTable_lbl" order="0.5" xbrldt:contextElement="segment" xbrldt:closed="true" />
    <link:loc xlink:type="locator" xlink:href="http://xbrl.fasb.org/us-gaap/2012/elts/us-gaap-2012-01-31.xsd#us-gaap_OtherComprehensiveIncomeUnrealizedHoldingGainLossOnSecuritiesArisingDuringPeriodTax" xlink:label="us-gaap_OtherComprehensiveIncomeUnrealizedHoldingGainLossOnSecuritiesArisingDuringPeriodTax_lbl" />
    <link:definitionArc xlink:type="arc" xlink:arcrole="http://xbrl.org/int/dim/arcrole/domain-member" xlink:from="us-gaap_StatementLineItems_lbl" xlink:to="us-gaap_OtherComprehensiveIncomeUnrealizedHoldingGainLossOnSecuritiesArisingDuringPeriodTax_lbl" order="1.0" />
    <link:loc xlink:type="locator" xlink:href="http://xbrl.fasb.org/us-gaap/2012/elts/us-gaap-2012-01-31.xsd#us-gaap_RealizedInvestmentGainsLosses" xlink:label="us-gaap_RealizedInvestmentGainsLosses_lbl" />
    <link:definitionArc xlink:type="arc" xlink:arcrole="http://xbrl.org/int/dim/arcrole/domain-member" xlink:from="us-gaap_StatementLineItems_lbl" xlink:to="us-gaap_RealizedInvestmentGainsLosses_lbl" order="2.0" />
    <link:loc xlink:type="locator" xlink:href="http://xbrl.fasb.org/us-gaap/2012/elts/us-gaap-2012-01-31.xsd#us-gaap_OtherComprehensiveIncomeUnrealizedGainLossOnDerivativesArisingDuringPeriodNetOfTax" xlink:label="us-gaap_OtherComprehensiveIncomeUnrealizedGainLossOnDerivativesArisingDuringPeriodNetOfTax_lbl" />
    <link:definitionArc xlink:type="arc" xlink:arcrole="http://xbrl.org/int/dim/arcrole/domain-member" xlink:from="us-gaap_StatementLineItems_lbl" xlink:to="us-gaap_OtherComprehensiveIncomeUnrealizedGainLossOnDerivativesArisingDuringPeriodNetOfTax_lbl" order="3.0" />
  </link:definitionLink>
  <link:definitionLink xlink:type="extended" xlink:role="http://www.meditech.com/role/NotesDetails55">
    <link:loc xlink:type="locator" xlink:href="http://xbrl.fasb.org/us-gaap/2012/elts/us-gaap-2012-01-31.xsd#us-gaap_StatementLineItems" xlink:label="us-gaap_StatementLineItems_lbl" />
    <link:loc xlink:type="locator" xlink:href="http://xbrl.fasb.org/us-gaap/2012/elts/us-gaap-2012-01-31.xsd#us-gaap_StatementTable" xlink:label="us-gaap_StatementTable_lbl" />
    <link:definitionArc xlink:type="arc" xlink:arcrole="http://xbrl.org/int/dim/arcrole/all" xlink:from="us-gaap_StatementLineItems_lbl" xlink:to="us-gaap_StatementTable_lbl" order="0.5" xbrldt:contextElement="segment" xbrldt:closed="true" />
    <link:loc xlink:type="locator" xlink:href="none-20121231.xsd#none_CashQPSP" xlink:label="none_CashQPSP_lbl" />
    <link:definitionArc xlink:type="arc" xlink:arcrole="http://xbrl.org/int/dim/arcrole/domain-member" xlink:from="us-gaap_StatementLineItems_lbl" xlink:to="none_CashQPSP_lbl" order="1.0" />
    <link:loc xlink:type="locator" xlink:href="none-20121231.xsd#none_SharesAtPerShareQPSP2010" xlink:label="none_SharesAtPerShareQPSP2010_lbl" />
    <link:definitionArc xlink:type="arc" xlink:arcrole="http://xbrl.org/int/dim/arcrole/domain-member" xlink:from="us-gaap_StatementLineItems_lbl" xlink:to="none_SharesAtPerShareQPSP2010_lbl" order="2.0" />
    <link:loc xlink:type="locator" xlink:href="none-20121231.xsd#none_SharesAtPerShareQPSP2011" xlink:label="none_SharesAtPerShareQPSP2011_lbl" />
    <link:definitionArc xlink:type="arc" xlink:arcrole="http://xbrl.org/int/dim/arcrole/domain-member" xlink:from="us-gaap_StatementLineItems_lbl" xlink:to="none_SharesAtPerShareQPSP2011_lbl" order="3.0" />
    <link:loc xlink:type="locator" xlink:href="none-20121231.xsd#none_SharesAtPerShareQPSP2012" xlink:label="none_SharesAtPerShareQPSP2012_lbl" />
    <link:definitionArc xlink:type="arc" xlink:arcrole="http://xbrl.org/int/dim/arcrole/domain-member" xlink:from="us-gaap_StatementLineItems_lbl" xlink:to="none_SharesAtPerShareQPSP2012_lbl" order="4.0" />
    <link:loc xlink:type="locator" xlink:href="none-20121231.xsd#none_TotalQPSP" xlink:label="none_TotalQPSP_lbl" />
    <link:definitionArc xlink:type="arc" xlink:arcrole="http://xbrl.org/int/dim/arcrole/domain-member" xlink:from="us-gaap_StatementLineItems_lbl" xlink:to="none_TotalQPSP_lbl" order="5.0" />
  </link:definitionLink>
</link:linkbase>
