<?xml version="1.0" encoding="US-ASCII"?>
<!--XBRL Document Created with WebFilings-->
<!-- -->
<linkbase xsi:schemaLocation="http://www.xbrl.org/2003/linkbase http://www.xbrl.org/2003/xbrl-linkbase-2003-12-31.xsd" xmlns="http://www.xbrl.org/2003/linkbase" xmlns:xlink="http://www.w3.org/1999/xlink" xmlns:xsi="http://www.w3.org/2001/XMLSchema-instance">
  <roleRef roleURI="http://www.seagate.com/role/Acquisitions" xlink:href="stx-20120928.xsd#Acquisitions" xlink:type="simple" />
  <roleRef roleURI="http://www.seagate.com/role/AcquisitionsDetails" xlink:href="stx-20120928.xsd#AcquisitionsDetails" xlink:type="simple" />
  <roleRef roleURI="http://www.seagate.com/role/AcquisitionsDetails2" xlink:href="stx-20120928.xsd#AcquisitionsDetails2" xlink:type="simple" />
  <roleRef roleURI="http://www.seagate.com/role/AcquisitionsDetails3" xlink:href="stx-20120928.xsd#AcquisitionsDetails3" xlink:type="simple" />
  <roleRef roleURI="http://www.seagate.com/role/AcquisitionsTables" xlink:href="stx-20120928.xsd#AcquisitionsTables" xlink:type="simple" />
  <roleRef roleURI="http://www.seagate.com/role/BalanceSheetInformation" xlink:href="stx-20120928.xsd#BalanceSheetInformation" xlink:type="simple" />
  <roleRef roleURI="http://www.seagate.com/role/BalanceSheetInformationDetails" xlink:href="stx-20120928.xsd#BalanceSheetInformationDetails" xlink:type="simple" />
  <roleRef roleURI="http://www.seagate.com/role/BalanceSheetInformationDetails2" xlink:href="stx-20120928.xsd#BalanceSheetInformationDetails2" xlink:type="simple" />
  <roleRef roleURI="http://www.seagate.com/role/BalanceSheetInformationDetails3" xlink:href="stx-20120928.xsd#BalanceSheetInformationDetails3" xlink:type="simple" />
  <roleRef roleURI="http://www.seagate.com/role/BalanceSheetInformationDetails4" xlink:href="stx-20120928.xsd#BalanceSheetInformationDetails4" xlink:type="simple" />
  <roleRef roleURI="http://www.seagate.com/role/BalanceSheetInformationTables" xlink:href="stx-20120928.xsd#BalanceSheetInformationTables" xlink:type="simple" />
  <roleRef roleURI="http://www.seagate.com/role/BasisOfPresentationAndSummaryOfSignificantAccountingPolicies" xlink:href="stx-20120928.xsd#BasisOfPresentationAndSummaryOfSignificantAccountingPolicies" xlink:type="simple" />
  <roleRef roleURI="http://www.seagate.com/role/BasisOfPresentationAndSummaryOfSignificantAccountingPoliciesDetails" xlink:href="stx-20120928.xsd#BasisOfPresentationAndSummaryOfSignificantAccountingPoliciesDetails" xlink:type="simple" />
  <roleRef roleURI="http://www.seagate.com/role/Compensation" xlink:href="stx-20120928.xsd#Compensation" xlink:type="simple" />
  <roleRef roleURI="http://www.seagate.com/role/CompensationDetails" xlink:href="stx-20120928.xsd#CompensationDetails" xlink:type="simple" />
  <roleRef roleURI="http://www.seagate.com/role/CondensedConsolidatedBalanceSheets" xlink:href="stx-20120928.xsd#CondensedConsolidatedBalanceSheets" xlink:type="simple" />
  <roleRef roleURI="http://www.seagate.com/role/CondensedConsolidatedBalanceSheetsParenthetical" xlink:href="stx-20120928.xsd#CondensedConsolidatedBalanceSheetsParenthetical" xlink:type="simple" />
  <roleRef roleURI="http://www.seagate.com/role/CondensedConsolidatedStatementOfShareholdersEquity" xlink:href="stx-20120928.xsd#CondensedConsolidatedStatementOfShareholdersEquity" xlink:type="simple" />
  <roleRef roleURI="http://www.seagate.com/role/CondensedConsolidatedStatementsOfCashFlows" xlink:href="stx-20120928.xsd#CondensedConsolidatedStatementsOfCashFlows" xlink:type="simple" />
  <roleRef roleURI="http://www.seagate.com/role/CondensedConsolidatedStatementsOfComprehensiveIncome" xlink:href="stx-20120928.xsd#CondensedConsolidatedStatementsOfComprehensiveIncome" xlink:type="simple" />
  <roleRef roleURI="http://www.seagate.com/role/CondensedConsolidatedStatementsOfOperations" xlink:href="stx-20120928.xsd#CondensedConsolidatedStatementsOfOperations" xlink:type="simple" />
  <roleRef roleURI="http://www.seagate.com/role/Debt" xlink:href="stx-20120928.xsd#Debt" xlink:type="simple" />
  <roleRef roleURI="http://www.seagate.com/role/DebtDetails" xlink:href="stx-20120928.xsd#DebtDetails" xlink:type="simple" />
  <roleRef roleURI="http://www.seagate.com/role/DebtDetails2" xlink:href="stx-20120928.xsd#DebtDetails2" xlink:type="simple" />
  <roleRef roleURI="http://www.seagate.com/role/DebtTables" xlink:href="stx-20120928.xsd#DebtTables" xlink:type="simple" />
  <roleRef roleURI="http://www.seagate.com/role/DerivativeFinancialInstruments" xlink:href="stx-20120928.xsd#DerivativeFinancialInstruments" xlink:type="simple" />
  <roleRef roleURI="http://www.seagate.com/role/DerivativeFinancialInstrumentsDetails" xlink:href="stx-20120928.xsd#DerivativeFinancialInstrumentsDetails" xlink:type="simple" />
  <roleRef roleURI="http://www.seagate.com/role/DerivativeFinancialInstrumentsDetails2" xlink:href="stx-20120928.xsd#DerivativeFinancialInstrumentsDetails2" xlink:type="simple" />
  <roleRef roleURI="http://www.seagate.com/role/DerivativeFinancialInstrumentsDetails3" xlink:href="stx-20120928.xsd#DerivativeFinancialInstrumentsDetails3" xlink:type="simple" />
  <roleRef roleURI="http://www.seagate.com/role/DerivativeFinancialInstrumentsTables" xlink:href="stx-20120928.xsd#DerivativeFinancialInstrumentsTables" xlink:type="simple" />
  <roleRef roleURI="http://www.seagate.com/role/DocumentAndEntityInformation" xlink:href="stx-20120928.xsd#DocumentAndEntityInformation" xlink:type="simple" />
  <roleRef roleURI="http://www.seagate.com/role/EarningsPerShare" xlink:href="stx-20120928.xsd#EarningsPerShare" xlink:type="simple" />
  <roleRef roleURI="http://www.seagate.com/role/EarningsPerShareDetails" xlink:href="stx-20120928.xsd#EarningsPerShareDetails" xlink:type="simple" />
  <roleRef roleURI="http://www.seagate.com/role/EarningsPerShareDetails2" xlink:href="stx-20120928.xsd#EarningsPerShareDetails2" xlink:type="simple" />
  <roleRef roleURI="http://www.seagate.com/role/EarningsPerShareTables" xlink:href="stx-20120928.xsd#EarningsPerShareTables" xlink:type="simple" />
  <roleRef roleURI="http://www.seagate.com/role/FairValue" xlink:href="stx-20120928.xsd#FairValue" xlink:type="simple" />
  <roleRef roleURI="http://www.seagate.com/role/FairValueDetails" xlink:href="stx-20120928.xsd#FairValueDetails" xlink:type="simple" />
  <roleRef roleURI="http://www.seagate.com/role/FairValueDetails2" xlink:href="stx-20120928.xsd#FairValueDetails2" xlink:type="simple" />
  <roleRef roleURI="http://www.seagate.com/role/FairValueDetails3" xlink:href="stx-20120928.xsd#FairValueDetails3" xlink:type="simple" />
  <roleRef roleURI="http://www.seagate.com/role/FairValueDetails4" xlink:href="stx-20120928.xsd#FairValueDetails4" xlink:type="simple" />
  <roleRef roleURI="http://www.seagate.com/role/FairValueDetails5" xlink:href="stx-20120928.xsd#FairValueDetails5" xlink:type="simple" />
  <roleRef roleURI="http://www.seagate.com/role/FairValueTables" xlink:href="stx-20120928.xsd#FairValueTables" xlink:type="simple" />
  <roleRef roleURI="http://www.seagate.com/role/GoodwillAndOtherIntangibleAssets" xlink:href="stx-20120928.xsd#GoodwillAndOtherIntangibleAssets" xlink:type="simple" />
  <roleRef roleURI="http://www.seagate.com/role/GoodwillAndOtherIntangibleAssetsDetails" xlink:href="stx-20120928.xsd#GoodwillAndOtherIntangibleAssetsDetails" xlink:type="simple" />
  <roleRef roleURI="http://www.seagate.com/role/GoodwillAndOtherIntangibleAssetsDetails2" xlink:href="stx-20120928.xsd#GoodwillAndOtherIntangibleAssetsDetails2" xlink:type="simple" />
  <roleRef roleURI="http://www.seagate.com/role/GoodwillAndOtherIntangibleAssetsTables" xlink:href="stx-20120928.xsd#GoodwillAndOtherIntangibleAssetsTables" xlink:type="simple" />
  <roleRef roleURI="http://www.seagate.com/role/Guarantees" xlink:href="stx-20120928.xsd#Guarantees" xlink:type="simple" />
  <roleRef roleURI="http://www.seagate.com/role/GuaranteesDetails" xlink:href="stx-20120928.xsd#GuaranteesDetails" xlink:type="simple" />
  <roleRef roleURI="http://www.seagate.com/role/GuaranteesTables" xlink:href="stx-20120928.xsd#GuaranteesTables" xlink:type="simple" />
  <roleRef roleURI="http://www.seagate.com/role/IncomeTaxes" xlink:href="stx-20120928.xsd#IncomeTaxes" xlink:type="simple" />
  <roleRef roleURI="http://www.seagate.com/role/IncomeTaxesDetails" xlink:href="stx-20120928.xsd#IncomeTaxesDetails" xlink:type="simple" />
  <roleRef roleURI="http://www.seagate.com/role/LegalEnvironmentalAndOtherContingencies" xlink:href="stx-20120928.xsd#LegalEnvironmentalAndOtherContingencies" xlink:type="simple" />
  <roleRef roleURI="http://www.seagate.com/role/LegalEnvironmentalAndOtherContingenciesDetails" xlink:href="stx-20120928.xsd#LegalEnvironmentalAndOtherContingenciesDetails" xlink:type="simple" />
  <roleRef roleURI="http://www.seagate.com/role/ShareholdersEquity" xlink:href="stx-20120928.xsd#ShareholdersEquity" xlink:type="simple" />
  <roleRef roleURI="http://www.seagate.com/role/ShareholdersEquityDetails" xlink:href="stx-20120928.xsd#ShareholdersEquityDetails" xlink:type="simple" />
  <roleRef roleURI="http://www.seagate.com/role/ShareholdersEquityDetails2" xlink:href="stx-20120928.xsd#ShareholdersEquityDetails2" xlink:type="simple" />
  <roleRef roleURI="http://www.seagate.com/role/ShareholdersEquityTables" xlink:href="stx-20120928.xsd#ShareholdersEquityTables" xlink:type="simple" />
  <roleRef roleURI="http://www.seagate.com/role/SubsequentEvents" xlink:href="stx-20120928.xsd#SubsequentEvents" xlink:type="simple" />
  <roleRef roleURI="http://www.seagate.com/role/SubsequentEventsDetails" xlink:href="stx-20120928.xsd#SubsequentEventsDetails" xlink:type="simple" />
  <calculationLink xlink:role="http://www.seagate.com/role/Acquisitions" xlink:type="extended" />
  <calculationLink xlink:role="http://www.seagate.com/role/AcquisitionsDetails" xlink:type="extended">
    <loc xlink:href="http://xbrl.fasb.org/us-gaap/2011/elts/us-gaap-2011-01-31.xsd#us-gaap_BusinessCombinationConsiderationTransferred" xlink:label="loc_us-gaap_BusinessCombinationConsiderationTransferred_05327bce-2586-11e0-bc05-7b821c07cce9" xlink:type="locator" />
    <loc xlink:href="http://xbrl.fasb.org/us-gaap/2011/elts/us-gaap-2011-01-31.xsd#us-gaap_BusinessCombinationRecognizedIdentifiableAssetsAcquiredAndLiabilitiesAssumedNet" xlink:label="loc_us-gaap_BusinessCombinationRecognizedIdentifiableAssetsAcquiredAndLiabilitiesAssumedNet_057948d8-2586-11e0-bc05-7b821c07cce9" xlink:type="locator" />
    <calculationArc order="1" weight="1" xlink:arcrole="http://www.xbrl.org/2003/arcrole/summation-item" xlink:from="loc_us-gaap_BusinessCombinationConsiderationTransferred_05327bce-2586-11e0-bc05-7b821c07cce9" xlink:to="loc_us-gaap_BusinessCombinationRecognizedIdentifiableAssetsAcquiredAndLiabilitiesAssumedNet_057948d8-2586-11e0-bc05-7b821c07cce9" xlink:type="arc" />
    <loc xlink:href="http://xbrl.fasb.org/us-gaap/2011/elts/us-gaap-2011-01-31.xsd#us-gaap_BusinessAcquisitionPurchasePriceAllocationGoodwillAmount" xlink:label="loc_us-gaap_BusinessAcquisitionPurchasePriceAllocationGoodwillAmount_e4dd194c-2585-11e0-bc05-7b821c07cce9" xlink:type="locator" />
    <calculationArc order="2" weight="1" xlink:arcrole="http://www.xbrl.org/2003/arcrole/summation-item" xlink:from="loc_us-gaap_BusinessCombinationConsiderationTransferred_05327bce-2586-11e0-bc05-7b821c07cce9" xlink:to="loc_us-gaap_BusinessAcquisitionPurchasePriceAllocationGoodwillAmount_e4dd194c-2585-11e0-bc05-7b821c07cce9" xlink:type="arc" />
  </calculationLink>
  <calculationLink xlink:role="http://www.seagate.com/role/AcquisitionsDetails2" xlink:type="extended" />
  <calculationLink xlink:role="http://www.seagate.com/role/AcquisitionsDetails3" xlink:type="extended" />
  <calculationLink xlink:role="http://www.seagate.com/role/AcquisitionsTables" xlink:type="extended" />
  <calculationLink xlink:role="http://www.seagate.com/role/BalanceSheetInformation" xlink:type="extended" />
  <calculationLink xlink:role="http://www.seagate.com/role/BalanceSheetInformationDetails" xlink:type="extended">
    <loc xlink:href="stx-20120928.xsd#stx_AvailableForSaleSecuritiesGrossUnrealizedGainLossAndTradingSecuritiesTotalHoldingGainLoss" xlink:label="loc_stx_AvailableForSaleSecuritiesGrossUnrealizedGainLossAndTradingSecuritiesTotalHoldingGainLoss_c4092b8a-b3e5-11e1-ba93-1231380dc193" xlink:type="locator" />
    <loc xlink:href="http://xbrl.fasb.org/us-gaap/2011/elts/us-gaap-2011-01-31.xsd#us-gaap_AvailableForSaleSecuritiesGrossUnrealizedGainLoss" xlink:label="loc_us-gaap_AvailableForSaleSecuritiesGrossUnrealizedGainLoss_0e2efa72-2586-11e0-bc05-7b821c07cce9" xlink:type="locator" />
    <calculationArc order="1" weight="1" xlink:arcrole="http://www.xbrl.org/2003/arcrole/summation-item" xlink:from="loc_stx_AvailableForSaleSecuritiesGrossUnrealizedGainLossAndTradingSecuritiesTotalHoldingGainLoss_c4092b8a-b3e5-11e1-ba93-1231380dc193" xlink:to="loc_us-gaap_AvailableForSaleSecuritiesGrossUnrealizedGainLoss_0e2efa72-2586-11e0-bc05-7b821c07cce9" xlink:type="arc" />
    <loc xlink:href="stx-20120928.xsd#stx_TradingSecuritiesUnrealizedHoldingGainsLosses" xlink:label="loc_stx_TradingSecuritiesUnrealizedHoldingGainsLosses_c49672e2-b3e5-11e1-ba93-1231380dc193" xlink:type="locator" />
    <calculationArc order="2" weight="1" xlink:arcrole="http://www.xbrl.org/2003/arcrole/summation-item" xlink:from="loc_stx_AvailableForSaleSecuritiesGrossUnrealizedGainLossAndTradingSecuritiesTotalHoldingGainLoss_c4092b8a-b3e5-11e1-ba93-1231380dc193" xlink:to="loc_stx_TradingSecuritiesUnrealizedHoldingGainsLosses_c49672e2-b3e5-11e1-ba93-1231380dc193" xlink:type="arc" />
    <loc xlink:href="stx-20120928.xsd#stx_AvailableForSaleSecuritiesAmortizedCostAndTradingSecuritiesCost" xlink:label="loc_stx_AvailableForSaleSecuritiesAmortizedCostAndTradingSecuritiesCost_c49760bc-b3e5-11e1-ba93-1231380dc193" xlink:type="locator" />
    <loc xlink:href="http://xbrl.fasb.org/us-gaap/2011/elts/us-gaap-2011-01-31.xsd#us-gaap_AvailableForSaleSecuritiesAmortizedCost" xlink:label="loc_us-gaap_AvailableForSaleSecuritiesAmortizedCost_fa11281c-2585-11e0-bc05-7b821c07cce9" xlink:type="locator" />
    <calculationArc order="1" weight="1" xlink:arcrole="http://www.xbrl.org/2003/arcrole/summation-item" xlink:from="loc_stx_AvailableForSaleSecuritiesAmortizedCostAndTradingSecuritiesCost_c49760bc-b3e5-11e1-ba93-1231380dc193" xlink:to="loc_us-gaap_AvailableForSaleSecuritiesAmortizedCost_fa11281c-2585-11e0-bc05-7b821c07cce9" xlink:type="arc" />
    <loc xlink:href="http://xbrl.fasb.org/us-gaap/2011/elts/us-gaap-2011-01-31.xsd#us-gaap_TradingSecuritiesCost" xlink:label="loc_us-gaap_TradingSecuritiesCost_0c7c1e6c-2586-11e0-bc05-7b821c07cce9" xlink:type="locator" />
    <calculationArc order="2" weight="1" xlink:arcrole="http://www.xbrl.org/2003/arcrole/summation-item" xlink:from="loc_stx_AvailableForSaleSecuritiesAmortizedCostAndTradingSecuritiesCost_c49760bc-b3e5-11e1-ba93-1231380dc193" xlink:to="loc_us-gaap_TradingSecuritiesCost_0c7c1e6c-2586-11e0-bc05-7b821c07cce9" xlink:type="arc" />
    <loc xlink:href="http://xbrl.fasb.org/us-gaap/2011/elts/us-gaap-2011-01-31.xsd#us-gaap_InvestmentsFairValueDisclosure" xlink:label="loc_us-gaap_InvestmentsFairValueDisclosure_fbc93a00-2585-11e0-bc05-7b821c07cce9" xlink:type="locator" />
    <loc xlink:href="http://xbrl.fasb.org/us-gaap/2011/elts/us-gaap-2011-01-31.xsd#us-gaap_AvailableForSaleSecuritiesFairValueDisclosure" xlink:label="loc_us-gaap_AvailableForSaleSecuritiesFairValueDisclosure_049c1c6a-2586-11e0-bc05-7b821c07cce9" xlink:type="locator" />
    <calculationArc order="1" weight="1" xlink:arcrole="http://www.xbrl.org/2003/arcrole/summation-item" xlink:from="loc_us-gaap_InvestmentsFairValueDisclosure_fbc93a00-2585-11e0-bc05-7b821c07cce9" xlink:to="loc_us-gaap_AvailableForSaleSecuritiesFairValueDisclosure_049c1c6a-2586-11e0-bc05-7b821c07cce9" xlink:type="arc" />
    <loc xlink:href="http://xbrl.fasb.org/us-gaap/2011/elts/us-gaap-2011-01-31.xsd#us-gaap_TradingSecuritiesFairValueDisclosure" xlink:label="loc_us-gaap_TradingSecuritiesFairValueDisclosure_049ba7bc-2586-11e0-bc05-7b821c07cce9" xlink:type="locator" />
    <calculationArc order="2" weight="1" xlink:arcrole="http://www.xbrl.org/2003/arcrole/summation-item" xlink:from="loc_us-gaap_InvestmentsFairValueDisclosure_fbc93a00-2585-11e0-bc05-7b821c07cce9" xlink:to="loc_us-gaap_TradingSecuritiesFairValueDisclosure_049ba7bc-2586-11e0-bc05-7b821c07cce9" xlink:type="arc" />
  </calculationLink>
  <calculationLink xlink:role="http://www.seagate.com/role/BalanceSheetInformationDetails2" xlink:type="extended">
    <loc xlink:href="stx-20120928.xsd#stx_AvailableForSaleSecuritiesNotIncludingEquityInvestmentsFairVauleDisclosure" xlink:label="loc_stx_AvailableForSaleSecuritiesNotIncludingEquityInvestmentsFairVauleDisclosure_96b39fee-1fb5-11e2-b3ab-22000a1cf22c" xlink:type="locator" />
    <loc xlink:href="http://xbrl.fasb.org/us-gaap/2011/elts/us-gaap-2011-01-31.xsd#us-gaap_AvailableForSaleSecuritiesDebtMaturitiesWithinOneYearFairValue" xlink:label="loc_us-gaap_AvailableForSaleSecuritiesDebtMaturitiesWithinOneYearFairValue_fa17753c-2585-11e0-bc05-7b821c07cce9" xlink:type="locator" />
    <calculationArc order="1" weight="1" xlink:arcrole="http://www.xbrl.org/2003/arcrole/summation-item" xlink:from="loc_stx_AvailableForSaleSecuritiesNotIncludingEquityInvestmentsFairVauleDisclosure_96b39fee-1fb5-11e2-b3ab-22000a1cf22c" xlink:to="loc_us-gaap_AvailableForSaleSecuritiesDebtMaturitiesWithinOneYearFairValue_fa17753c-2585-11e0-bc05-7b821c07cce9" xlink:type="arc" />
    <loc xlink:href="stx-20120928.xsd#stx_AvailableForSaleSecuritiesDebtMaturitiesAfterOneThroughThreeYearsFairValue" xlink:label="loc_stx_AvailableForSaleSecuritiesDebtMaturitiesAfterOneThroughThreeYearsFairValue_c55214ca-b3e5-11e1-ba93-1231380dc193" xlink:type="locator" />
    <calculationArc order="2" weight="1" xlink:arcrole="http://www.xbrl.org/2003/arcrole/summation-item" xlink:from="loc_stx_AvailableForSaleSecuritiesNotIncludingEquityInvestmentsFairVauleDisclosure_96b39fee-1fb5-11e2-b3ab-22000a1cf22c" xlink:to="loc_stx_AvailableForSaleSecuritiesDebtMaturitiesAfterOneThroughThreeYearsFairValue_c55214ca-b3e5-11e1-ba93-1231380dc193" xlink:type="arc" />
    <loc xlink:href="stx-20120928.xsd#stx_AvailableForSaleSecuritiesDebtMaturitiesAfterThreeYearsFairValue" xlink:label="loc_stx_AvailableForSaleSecuritiesDebtMaturitiesAfterThreeYearsFairValue_3f95ab04-e7fb-11e1-9a29-22000a1cf22c" xlink:type="locator" />
    <calculationArc order="3" weight="1" xlink:arcrole="http://www.xbrl.org/2003/arcrole/summation-item" xlink:from="loc_stx_AvailableForSaleSecuritiesNotIncludingEquityInvestmentsFairVauleDisclosure_96b39fee-1fb5-11e2-b3ab-22000a1cf22c" xlink:to="loc_stx_AvailableForSaleSecuritiesDebtMaturitiesAfterThreeYearsFairValue_3f95ab04-e7fb-11e1-9a29-22000a1cf22c" xlink:type="arc" />
    <loc xlink:href="http://xbrl.fasb.org/us-gaap/2011/elts/us-gaap-2011-01-31.xsd#us-gaap_AvailableForSaleSecuritiesDebtMaturitiesAmortizedCost" xlink:label="loc_us-gaap_AvailableForSaleSecuritiesDebtMaturitiesAmortizedCost_fa161b88-2585-11e0-bc05-7b821c07cce9" xlink:type="locator" />
    <loc xlink:href="http://xbrl.fasb.org/us-gaap/2011/elts/us-gaap-2011-01-31.xsd#us-gaap_AvailableForSaleSecuritiesDebtMaturitiesWithinOneYearAmortizedCost" xlink:label="loc_us-gaap_AvailableForSaleSecuritiesDebtMaturitiesWithinOneYearAmortizedCost_fa13c702-2585-11e0-bc05-7b821c07cce9" xlink:type="locator" />
    <calculationArc order="1" weight="1" xlink:arcrole="http://www.xbrl.org/2003/arcrole/summation-item" xlink:from="loc_us-gaap_AvailableForSaleSecuritiesDebtMaturitiesAmortizedCost_fa161b88-2585-11e0-bc05-7b821c07cce9" xlink:to="loc_us-gaap_AvailableForSaleSecuritiesDebtMaturitiesWithinOneYearAmortizedCost_fa13c702-2585-11e0-bc05-7b821c07cce9" xlink:type="arc" />
    <loc xlink:href="stx-20120928.xsd#stx_AvailableForSaleSecuritiesDebtMaturitiesAfterOneThroughThreeYearsAmortizedCost" xlink:label="loc_stx_AvailableForSaleSecuritiesDebtMaturitiesAfterOneThroughThreeYearsAmortizedCost_c51c3134-b3e5-11e1-ba93-1231380dc193" xlink:type="locator" />
    <calculationArc order="2" weight="1" xlink:arcrole="http://www.xbrl.org/2003/arcrole/summation-item" xlink:from="loc_us-gaap_AvailableForSaleSecuritiesDebtMaturitiesAmortizedCost_fa161b88-2585-11e0-bc05-7b821c07cce9" xlink:to="loc_stx_AvailableForSaleSecuritiesDebtMaturitiesAfterOneThroughThreeYearsAmortizedCost_c51c3134-b3e5-11e1-ba93-1231380dc193" xlink:type="arc" />
    <loc xlink:href="stx-20120928.xsd#stx_AvailableForSaleSecuritiesDebtMaturitiesAfterThreeYearsAmortizedCost" xlink:label="loc_stx_AvailableForSaleSecuritiesDebtMaturitiesAfterThreeYearsAmortizedCost_3dbc7024-e7fb-11e1-9a29-22000a1cf22c" xlink:type="locator" />
    <calculationArc order="3" weight="1" xlink:arcrole="http://www.xbrl.org/2003/arcrole/summation-item" xlink:from="loc_us-gaap_AvailableForSaleSecuritiesDebtMaturitiesAmortizedCost_fa161b88-2585-11e0-bc05-7b821c07cce9" xlink:to="loc_stx_AvailableForSaleSecuritiesDebtMaturitiesAfterThreeYearsAmortizedCost_3dbc7024-e7fb-11e1-9a29-22000a1cf22c" xlink:type="arc" />
  </calculationLink>
  <calculationLink xlink:role="http://www.seagate.com/role/BalanceSheetInformationDetails3" xlink:type="extended">
    <loc xlink:href="http://xbrl.fasb.org/us-gaap/2011/elts/us-gaap-2011-01-31.xsd#us-gaap_InventoryNet" xlink:label="loc_us-gaap_InventoryNet_ee7eb460-2585-11e0-bc05-7b821c07cce9" xlink:type="locator" />
    <loc xlink:href="http://xbrl.fasb.org/us-gaap/2011/elts/us-gaap-2011-01-31.xsd#us-gaap_InventoryRawMaterialsNetOfReserves" xlink:label="loc_us-gaap_InventoryRawMaterialsNetOfReserves_04189ae8-2586-11e0-bc05-7b821c07cce9" xlink:type="locator" />
    <calculationArc order="1" weight="1" xlink:arcrole="http://www.xbrl.org/2003/arcrole/summation-item" xlink:from="loc_us-gaap_InventoryNet_ee7eb460-2585-11e0-bc05-7b821c07cce9" xlink:to="loc_us-gaap_InventoryRawMaterialsNetOfReserves_04189ae8-2586-11e0-bc05-7b821c07cce9" xlink:type="arc" />
    <loc xlink:href="http://xbrl.fasb.org/us-gaap/2011/elts/us-gaap-2011-01-31.xsd#us-gaap_InventoryWorkInProcessNetOfReserves" xlink:label="loc_us-gaap_InventoryWorkInProcessNetOfReserves_04175d68-2586-11e0-bc05-7b821c07cce9" xlink:type="locator" />
    <calculationArc order="2" weight="1" xlink:arcrole="http://www.xbrl.org/2003/arcrole/summation-item" xlink:from="loc_us-gaap_InventoryNet_ee7eb460-2585-11e0-bc05-7b821c07cce9" xlink:to="loc_us-gaap_InventoryWorkInProcessNetOfReserves_04175d68-2586-11e0-bc05-7b821c07cce9" xlink:type="arc" />
    <loc xlink:href="http://xbrl.fasb.org/us-gaap/2011/elts/us-gaap-2011-01-31.xsd#us-gaap_InventoryFinishedGoodsNetOfReserves" xlink:label="loc_us-gaap_InventoryFinishedGoodsNetOfReserves_0416e95a-2586-11e0-bc05-7b821c07cce9" xlink:type="locator" />
    <calculationArc order="3" weight="1" xlink:arcrole="http://www.xbrl.org/2003/arcrole/summation-item" xlink:from="loc_us-gaap_InventoryNet_ee7eb460-2585-11e0-bc05-7b821c07cce9" xlink:to="loc_us-gaap_InventoryFinishedGoodsNetOfReserves_0416e95a-2586-11e0-bc05-7b821c07cce9" xlink:type="arc" />
    <loc xlink:href="http://xbrl.fasb.org/us-gaap/2011/elts/us-gaap-2011-01-31.xsd#us-gaap_OtherAssetsCurrent" xlink:label="loc_us-gaap_OtherAssetsCurrent_f1e63100-2585-11e0-bc05-7b821c07cce9" xlink:type="locator" />
    <loc xlink:href="stx-20120928.xsd#stx_VendorNontradeReceivablesCurrent" xlink:label="loc_stx_VendorNontradeReceivablesCurrent_c44505ec-b3e5-11e1-ba93-1231380dc193" xlink:type="locator" />
    <calculationArc order="1" weight="1" xlink:arcrole="http://www.xbrl.org/2003/arcrole/summation-item" xlink:from="loc_us-gaap_OtherAssetsCurrent_f1e63100-2585-11e0-bc05-7b821c07cce9" xlink:to="loc_stx_VendorNontradeReceivablesCurrent_c44505ec-b3e5-11e1-ba93-1231380dc193" xlink:type="arc" />
    <loc xlink:href="stx-20120928.xsd#stx_OtherCurrentAssetsExcludingVendorNontradeReceivables" xlink:label="loc_stx_OtherCurrentAssetsExcludingVendorNontradeReceivables_c4587d66-b3e5-11e1-ba93-1231380dc193" xlink:type="locator" />
    <calculationArc order="2" weight="1" xlink:arcrole="http://www.xbrl.org/2003/arcrole/summation-item" xlink:from="loc_us-gaap_OtherAssetsCurrent_f1e63100-2585-11e0-bc05-7b821c07cce9" xlink:to="loc_stx_OtherCurrentAssetsExcludingVendorNontradeReceivables_c4587d66-b3e5-11e1-ba93-1231380dc193" xlink:type="arc" />
  </calculationLink>
  <calculationLink xlink:role="http://www.seagate.com/role/BalanceSheetInformationDetails4" xlink:type="extended">
    <loc xlink:href="http://xbrl.fasb.org/us-gaap/2011/elts/us-gaap-2011-01-31.xsd#us-gaap_PropertyPlantAndEquipmentNet" xlink:label="loc_us-gaap_PropertyPlantAndEquipmentNet_f43e00ea-2585-11e0-bc05-7b821c07cce9" xlink:type="locator" />
    <loc xlink:href="http://xbrl.fasb.org/us-gaap/2011/elts/us-gaap-2011-01-31.xsd#us-gaap_PropertyPlantAndEquipmentGross" xlink:label="loc_us-gaap_PropertyPlantAndEquipmentGross_f43d4286-2585-11e0-bc05-7b821c07cce9" xlink:type="locator" />
    <calculationArc order="1" weight="1" xlink:arcrole="http://www.xbrl.org/2003/arcrole/summation-item" xlink:from="loc_us-gaap_PropertyPlantAndEquipmentNet_f43e00ea-2585-11e0-bc05-7b821c07cce9" xlink:to="loc_us-gaap_PropertyPlantAndEquipmentGross_f43d4286-2585-11e0-bc05-7b821c07cce9" xlink:type="arc" />
    <loc xlink:href="http://xbrl.fasb.org/us-gaap/2011/elts/us-gaap-2011-01-31.xsd#us-gaap_AccumulatedDepreciationDepletionAndAmortizationPropertyPlantAndEquipment" xlink:label="loc_us-gaap_AccumulatedDepreciationDepletionAndAmortizationPropertyPlantAndEquipment_e2d13566-2585-11e0-bc05-7b821c07cce9" xlink:type="locator" />
    <calculationArc order="2" weight="-1" xlink:arcrole="http://www.xbrl.org/2003/arcrole/summation-item" xlink:from="loc_us-gaap_PropertyPlantAndEquipmentNet_f43e00ea-2585-11e0-bc05-7b821c07cce9" xlink:to="loc_us-gaap_AccumulatedDepreciationDepletionAndAmortizationPropertyPlantAndEquipment_e2d13566-2585-11e0-bc05-7b821c07cce9" xlink:type="arc" />
  </calculationLink>
  <calculationLink xlink:role="http://www.seagate.com/role/BalanceSheetInformationTables" xlink:type="extended" />
  <calculationLink xlink:role="http://www.seagate.com/role/BasisOfPresentationAndSummaryOfSignificantAccountingPolicies" xlink:type="extended" />
  <calculationLink xlink:role="http://www.seagate.com/role/BasisOfPresentationAndSummaryOfSignificantAccountingPoliciesDetails" xlink:type="extended" />
  <calculationLink xlink:role="http://www.seagate.com/role/Compensation" xlink:type="extended" />
  <calculationLink xlink:role="http://www.seagate.com/role/CompensationDetails" xlink:type="extended" />
  <calculationLink xlink:role="http://www.seagate.com/role/CondensedConsolidatedBalanceSheets" xlink:type="extended">
    <loc xlink:href="http://xbrl.fasb.org/us-gaap/2011/elts/us-gaap-2011-01-31.xsd#us-gaap_LiabilitiesAndStockholdersEquity" xlink:label="loc_us-gaap_LiabilitiesAndStockholdersEquity_eed459d8-2585-11e0-bc05-7b821c07cce9" xlink:type="locator" />
    <loc xlink:href="http://xbrl.fasb.org/us-gaap/2011/elts/us-gaap-2011-01-31.xsd#us-gaap_Liabilities" xlink:label="loc_us-gaap_Liabilities_eec8615a-2585-11e0-bc05-7b821c07cce9" xlink:type="locator" />
    <calculationArc order="1" weight="1" xlink:arcrole="http://www.xbrl.org/2003/arcrole/summation-item" xlink:from="loc_us-gaap_LiabilitiesAndStockholdersEquity_eed459d8-2585-11e0-bc05-7b821c07cce9" xlink:to="loc_us-gaap_Liabilities_eec8615a-2585-11e0-bc05-7b821c07cce9" xlink:type="arc" />
    <loc xlink:href="http://xbrl.fasb.org/us-gaap/2011/elts/us-gaap-2011-01-31.xsd#us-gaap_LiabilitiesCurrent" xlink:label="loc_us-gaap_LiabilitiesCurrent_e70775a0-2585-11e0-bc05-7b821c07cce9" xlink:type="locator" />
    <calculationArc order="1" weight="1" xlink:arcrole="http://www.xbrl.org/2003/arcrole/summation-item" xlink:from="loc_us-gaap_Liabilities_eec8615a-2585-11e0-bc05-7b821c07cce9" xlink:to="loc_us-gaap_LiabilitiesCurrent_e70775a0-2585-11e0-bc05-7b821c07cce9" xlink:type="arc" />
    <loc xlink:href="http://xbrl.fasb.org/us-gaap/2011/elts/us-gaap-2011-01-31.xsd#us-gaap_AccountsPayableCurrent" xlink:label="loc_us-gaap_AccountsPayableCurrent_07c49f2a-2586-11e0-bc05-7b821c07cce9" xlink:type="locator" />
    <calculationArc order="1" weight="1" xlink:arcrole="http://www.xbrl.org/2003/arcrole/summation-item" xlink:from="loc_us-gaap_LiabilitiesCurrent_e70775a0-2585-11e0-bc05-7b821c07cce9" xlink:to="loc_us-gaap_AccountsPayableCurrent_07c49f2a-2586-11e0-bc05-7b821c07cce9" xlink:type="arc" />
    <loc xlink:href="http://xbrl.fasb.org/us-gaap/2011/elts/us-gaap-2011-01-31.xsd#us-gaap_EmployeeRelatedLiabilitiesCurrent" xlink:label="loc_us-gaap_EmployeeRelatedLiabilitiesCurrent_080122b0-2586-11e0-bc05-7b821c07cce9" xlink:type="locator" />
    <calculationArc order="2" weight="1" xlink:arcrole="http://www.xbrl.org/2003/arcrole/summation-item" xlink:from="loc_us-gaap_LiabilitiesCurrent_e70775a0-2585-11e0-bc05-7b821c07cce9" xlink:to="loc_us-gaap_EmployeeRelatedLiabilitiesCurrent_080122b0-2586-11e0-bc05-7b821c07cce9" xlink:type="arc" />
    <loc xlink:href="http://xbrl.fasb.org/us-gaap/2011/elts/us-gaap-2011-01-31.xsd#us-gaap_ProductWarrantyAccrualClassifiedCurrent" xlink:label="loc_us-gaap_ProductWarrantyAccrualClassifiedCurrent_0805b7f8-2586-11e0-bc05-7b821c07cce9" xlink:type="locator" />
    <calculationArc order="3" weight="1" xlink:arcrole="http://www.xbrl.org/2003/arcrole/summation-item" xlink:from="loc_us-gaap_LiabilitiesCurrent_e70775a0-2585-11e0-bc05-7b821c07cce9" xlink:to="loc_us-gaap_ProductWarrantyAccrualClassifiedCurrent_0805b7f8-2586-11e0-bc05-7b821c07cce9" xlink:type="arc" />
    <loc xlink:href="http://xbrl.fasb.org/us-gaap/2011/elts/us-gaap-2011-01-31.xsd#us-gaap_AccruedLiabilitiesCurrent" xlink:label="loc_us-gaap_AccruedLiabilitiesCurrent_07f9742a-2586-11e0-bc05-7b821c07cce9" xlink:type="locator" />
    <calculationArc order="4" weight="1" xlink:arcrole="http://www.xbrl.org/2003/arcrole/summation-item" xlink:from="loc_us-gaap_LiabilitiesCurrent_e70775a0-2585-11e0-bc05-7b821c07cce9" xlink:to="loc_us-gaap_AccruedLiabilitiesCurrent_07f9742a-2586-11e0-bc05-7b821c07cce9" xlink:type="arc" />
    <loc xlink:href="http://xbrl.fasb.org/us-gaap/2011/elts/us-gaap-2011-01-31.xsd#us-gaap_LongTermDebtCurrent" xlink:label="loc_us-gaap_LongTermDebtCurrent_efc3d2ec-2585-11e0-bc05-7b821c07cce9" xlink:type="locator" />
    <calculationArc order="5" weight="1" xlink:arcrole="http://www.xbrl.org/2003/arcrole/summation-item" xlink:from="loc_us-gaap_LiabilitiesCurrent_e70775a0-2585-11e0-bc05-7b821c07cce9" xlink:to="loc_us-gaap_LongTermDebtCurrent_efc3d2ec-2585-11e0-bc05-7b821c07cce9" xlink:type="arc" />
    <loc xlink:href="http://xbrl.fasb.org/us-gaap/2011/elts/us-gaap-2011-01-31.xsd#us-gaap_ProductWarrantyAccrualNoncurrent" xlink:label="loc_us-gaap_ProductWarrantyAccrualNoncurrent_f979c44a-2585-11e0-bc05-7b821c07cce9" xlink:type="locator" />
    <calculationArc order="2" weight="1" xlink:arcrole="http://www.xbrl.org/2003/arcrole/summation-item" xlink:from="loc_us-gaap_Liabilities_eec8615a-2585-11e0-bc05-7b821c07cce9" xlink:to="loc_us-gaap_ProductWarrantyAccrualNoncurrent_f979c44a-2585-11e0-bc05-7b821c07cce9" xlink:type="arc" />
    <loc xlink:href="http://xbrl.fasb.org/us-gaap/2011/elts/us-gaap-2011-01-31.xsd#us-gaap_AccruedIncomeTaxesNoncurrent" xlink:label="loc_us-gaap_AccruedIncomeTaxesNoncurrent_05bcacae-2586-11e0-bc05-7b821c07cce9" xlink:type="locator" />
    <calculationArc order="3" weight="1" xlink:arcrole="http://www.xbrl.org/2003/arcrole/summation-item" xlink:from="loc_us-gaap_Liabilities_eec8615a-2585-11e0-bc05-7b821c07cce9" xlink:to="loc_us-gaap_AccruedIncomeTaxesNoncurrent_05bcacae-2586-11e0-bc05-7b821c07cce9" xlink:type="arc" />
    <loc xlink:href="http://xbrl.fasb.org/us-gaap/2011/elts/us-gaap-2011-01-31.xsd#us-gaap_OtherLiabilitiesNoncurrent" xlink:label="loc_us-gaap_OtherLiabilitiesNoncurrent_faebbfcc-2585-11e0-bc05-7b821c07cce9" xlink:type="locator" />
    <calculationArc order="4" weight="1" xlink:arcrole="http://www.xbrl.org/2003/arcrole/summation-item" xlink:from="loc_us-gaap_Liabilities_eec8615a-2585-11e0-bc05-7b821c07cce9" xlink:to="loc_us-gaap_OtherLiabilitiesNoncurrent_faebbfcc-2585-11e0-bc05-7b821c07cce9" xlink:type="arc" />
    <loc xlink:href="http://xbrl.fasb.org/us-gaap/2011/elts/us-gaap-2011-01-31.xsd#us-gaap_LongTermDebtNoncurrent" xlink:label="loc_us-gaap_LongTermDebtNoncurrent_efc6161a-2585-11e0-bc05-7b821c07cce9" xlink:type="locator" />
    <calculationArc order="5" weight="1" xlink:arcrole="http://www.xbrl.org/2003/arcrole/summation-item" xlink:from="loc_us-gaap_Liabilities_eec8615a-2585-11e0-bc05-7b821c07cce9" xlink:to="loc_us-gaap_LongTermDebtNoncurrent_efc6161a-2585-11e0-bc05-7b821c07cce9" xlink:type="arc" />
    <loc xlink:href="http://xbrl.fasb.org/us-gaap/2011/elts/us-gaap-2011-01-31.xsd#us-gaap_StockholdersEquityIncludingPortionAttributableToNoncontrollingInterest" xlink:label="loc_us-gaap_StockholdersEquityIncludingPortionAttributableToNoncontrollingInterest_06160e84-2586-11e0-bc05-7b821c07cce9" xlink:type="locator" />
    <calculationArc order="2" weight="1" xlink:arcrole="http://www.xbrl.org/2003/arcrole/summation-item" xlink:from="loc_us-gaap_LiabilitiesAndStockholdersEquity_eed459d8-2585-11e0-bc05-7b821c07cce9" xlink:to="loc_us-gaap_StockholdersEquityIncludingPortionAttributableToNoncontrollingInterest_06160e84-2586-11e0-bc05-7b821c07cce9" xlink:type="arc" />
    <loc xlink:href="http://xbrl.fasb.org/us-gaap/2011/elts/us-gaap-2011-01-31.xsd#us-gaap_Assets" xlink:label="loc_us-gaap_Assets_fa7db8f6-2585-11e0-bc05-7b821c07cce9" xlink:type="locator" />
    <loc xlink:href="http://xbrl.fasb.org/us-gaap/2011/elts/us-gaap-2011-01-31.xsd#us-gaap_AssetsCurrent" xlink:label="loc_us-gaap_AssetsCurrent_f8ae30dc-2585-11e0-bc05-7b821c07cce9" xlink:type="locator" />
    <calculationArc order="1" weight="1" xlink:arcrole="http://www.xbrl.org/2003/arcrole/summation-item" xlink:from="loc_us-gaap_Assets_fa7db8f6-2585-11e0-bc05-7b821c07cce9" xlink:to="loc_us-gaap_AssetsCurrent_f8ae30dc-2585-11e0-bc05-7b821c07cce9" xlink:type="arc" />
    <loc xlink:href="http://xbrl.fasb.org/us-gaap/2011/elts/us-gaap-2011-01-31.xsd#us-gaap_CashAndCashEquivalentsAtCarryingValue" xlink:label="loc_us-gaap_CashAndCashEquivalentsAtCarryingValue_e5378c74-2585-11e0-bc05-7b821c07cce9" xlink:type="locator" />
    <calculationArc order="1" weight="1" xlink:arcrole="http://www.xbrl.org/2003/arcrole/summation-item" xlink:from="loc_us-gaap_AssetsCurrent_f8ae30dc-2585-11e0-bc05-7b821c07cce9" xlink:to="loc_us-gaap_CashAndCashEquivalentsAtCarryingValue_e5378c74-2585-11e0-bc05-7b821c07cce9" xlink:type="arc" />
    <loc xlink:href="http://xbrl.fasb.org/us-gaap/2011/elts/us-gaap-2011-01-31.xsd#us-gaap_AvailableForSaleSecurities" xlink:label="loc_us-gaap_AvailableForSaleSecurities_f01b38fc-2585-11e0-bc05-7b821c07cce9" xlink:type="locator" />
    <calculationArc order="2" weight="1" xlink:arcrole="http://www.xbrl.org/2003/arcrole/summation-item" xlink:from="loc_us-gaap_AssetsCurrent_f8ae30dc-2585-11e0-bc05-7b821c07cce9" xlink:to="loc_us-gaap_AvailableForSaleSecurities_f01b38fc-2585-11e0-bc05-7b821c07cce9" xlink:type="arc" />
    <loc xlink:href="http://xbrl.fasb.org/us-gaap/2011/elts/us-gaap-2011-01-31.xsd#us-gaap_RestrictedCashAndInvestmentsCurrent" xlink:label="loc_us-gaap_RestrictedCashAndInvestmentsCurrent_f5cd3138-2585-11e0-bc05-7b821c07cce9" xlink:type="locator" />
    <calculationArc order="3" weight="1" xlink:arcrole="http://www.xbrl.org/2003/arcrole/summation-item" xlink:from="loc_us-gaap_AssetsCurrent_f8ae30dc-2585-11e0-bc05-7b821c07cce9" xlink:to="loc_us-gaap_RestrictedCashAndInvestmentsCurrent_f5cd3138-2585-11e0-bc05-7b821c07cce9" xlink:type="arc" />
    <loc xlink:href="http://xbrl.fasb.org/us-gaap/2011/elts/us-gaap-2011-01-31.xsd#us-gaap_AccountsReceivableNetCurrent" xlink:label="loc_us-gaap_AccountsReceivableNetCurrent_e2791aa2-2585-11e0-bc05-7b821c07cce9" xlink:type="locator" />
    <calculationArc order="4" weight="1" xlink:arcrole="http://www.xbrl.org/2003/arcrole/summation-item" xlink:from="loc_us-gaap_AssetsCurrent_f8ae30dc-2585-11e0-bc05-7b821c07cce9" xlink:to="loc_us-gaap_AccountsReceivableNetCurrent_e2791aa2-2585-11e0-bc05-7b821c07cce9" xlink:type="arc" />
    <loc xlink:href="http://xbrl.fasb.org/us-gaap/2011/elts/us-gaap-2011-01-31.xsd#us-gaap_InventoryNet" xlink:label="loc_us-gaap_InventoryNet_ee7eb460-2585-11e0-bc05-7b821c07cce9" xlink:type="locator" />
    <calculationArc order="5" weight="1" xlink:arcrole="http://www.xbrl.org/2003/arcrole/summation-item" xlink:from="loc_us-gaap_AssetsCurrent_f8ae30dc-2585-11e0-bc05-7b821c07cce9" xlink:to="loc_us-gaap_InventoryNet_ee7eb460-2585-11e0-bc05-7b821c07cce9" xlink:type="arc" />
    <loc xlink:href="http://xbrl.fasb.org/us-gaap/2011/elts/us-gaap-2011-01-31.xsd#us-gaap_DeferredTaxAssetsNetCurrent" xlink:label="loc_us-gaap_DeferredTaxAssetsNetCurrent_e77ca6c2-2585-11e0-bc05-7b821c07cce9" xlink:type="locator" />
    <calculationArc order="6" weight="1" xlink:arcrole="http://www.xbrl.org/2003/arcrole/summation-item" xlink:from="loc_us-gaap_AssetsCurrent_f8ae30dc-2585-11e0-bc05-7b821c07cce9" xlink:to="loc_us-gaap_DeferredTaxAssetsNetCurrent_e77ca6c2-2585-11e0-bc05-7b821c07cce9" xlink:type="arc" />
    <loc xlink:href="http://xbrl.fasb.org/us-gaap/2011/elts/us-gaap-2011-01-31.xsd#us-gaap_OtherAssetsCurrent" xlink:label="loc_us-gaap_OtherAssetsCurrent_f1e63100-2585-11e0-bc05-7b821c07cce9" xlink:type="locator" />
    <calculationArc order="7" weight="1" xlink:arcrole="http://www.xbrl.org/2003/arcrole/summation-item" xlink:from="loc_us-gaap_AssetsCurrent_f8ae30dc-2585-11e0-bc05-7b821c07cce9" xlink:to="loc_us-gaap_OtherAssetsCurrent_f1e63100-2585-11e0-bc05-7b821c07cce9" xlink:type="arc" />
    <loc xlink:href="http://xbrl.fasb.org/us-gaap/2011/elts/us-gaap-2011-01-31.xsd#us-gaap_PropertyPlantAndEquipmentNet" xlink:label="loc_us-gaap_PropertyPlantAndEquipmentNet_f43e00ea-2585-11e0-bc05-7b821c07cce9" xlink:type="locator" />
    <calculationArc order="2" weight="1" xlink:arcrole="http://www.xbrl.org/2003/arcrole/summation-item" xlink:from="loc_us-gaap_Assets_fa7db8f6-2585-11e0-bc05-7b821c07cce9" xlink:to="loc_us-gaap_PropertyPlantAndEquipmentNet_f43e00ea-2585-11e0-bc05-7b821c07cce9" xlink:type="arc" />
    <loc xlink:href="http://xbrl.fasb.org/us-gaap/2011/elts/us-gaap-2011-01-31.xsd#us-gaap_Goodwill" xlink:label="loc_us-gaap_Goodwill_edd3f2e6-2585-11e0-bc05-7b821c07cce9" xlink:type="locator" />
    <calculationArc order="3" weight="1" xlink:arcrole="http://www.xbrl.org/2003/arcrole/summation-item" xlink:from="loc_us-gaap_Assets_fa7db8f6-2585-11e0-bc05-7b821c07cce9" xlink:to="loc_us-gaap_Goodwill_edd3f2e6-2585-11e0-bc05-7b821c07cce9" xlink:type="arc" />
    <loc xlink:href="http://xbrl.fasb.org/us-gaap/2011/elts/us-gaap-2011-01-31.xsd#us-gaap_IntangibleAssetsNetExcludingGoodwill" xlink:label="loc_us-gaap_IntangibleAssetsNetExcludingGoodwill_edcf1a64-2585-11e0-bc05-7b821c07cce9" xlink:type="locator" />
    <calculationArc order="4" weight="1" xlink:arcrole="http://www.xbrl.org/2003/arcrole/summation-item" xlink:from="loc_us-gaap_Assets_fa7db8f6-2585-11e0-bc05-7b821c07cce9" xlink:to="loc_us-gaap_IntangibleAssetsNetExcludingGoodwill_edcf1a64-2585-11e0-bc05-7b821c07cce9" xlink:type="arc" />
    <loc xlink:href="http://xbrl.fasb.org/us-gaap/2011/elts/us-gaap-2011-01-31.xsd#us-gaap_DeferredTaxAssetsNetNoncurrent" xlink:label="loc_us-gaap_DeferredTaxAssetsNetNoncurrent_fb6cb6a4-2585-11e0-bc05-7b821c07cce9" xlink:type="locator" />
    <calculationArc order="5" weight="1" xlink:arcrole="http://www.xbrl.org/2003/arcrole/summation-item" xlink:from="loc_us-gaap_Assets_fa7db8f6-2585-11e0-bc05-7b821c07cce9" xlink:to="loc_us-gaap_DeferredTaxAssetsNetNoncurrent_fb6cb6a4-2585-11e0-bc05-7b821c07cce9" xlink:type="arc" />
    <loc xlink:href="http://xbrl.fasb.org/us-gaap/2011/elts/us-gaap-2011-01-31.xsd#us-gaap_OtherAssetsNoncurrent" xlink:label="loc_us-gaap_OtherAssetsNoncurrent_ff39e37e-2585-11e0-bc05-7b821c07cce9" xlink:type="locator" />
    <calculationArc order="6" weight="1" xlink:arcrole="http://www.xbrl.org/2003/arcrole/summation-item" xlink:from="loc_us-gaap_Assets_fa7db8f6-2585-11e0-bc05-7b821c07cce9" xlink:to="loc_us-gaap_OtherAssetsNoncurrent_ff39e37e-2585-11e0-bc05-7b821c07cce9" xlink:type="arc" />
  </calculationLink>
  <calculationLink xlink:role="http://www.seagate.com/role/CondensedConsolidatedBalanceSheetsParenthetical" xlink:type="extended" />
  <calculationLink xlink:role="http://www.seagate.com/role/CondensedConsolidatedStatementOfShareholdersEquity" xlink:type="extended" />
  <calculationLink xlink:role="http://www.seagate.com/role/CondensedConsolidatedStatementsOfCashFlows" xlink:type="extended">
    <loc xlink:href="http://xbrl.fasb.org/us-gaap/2011/elts/us-gaap-2011-01-31.xsd#us-gaap_CashAndCashEquivalentsPeriodIncreaseDecrease" xlink:label="loc_us-gaap_CashAndCashEquivalentsPeriodIncreaseDecrease_f0b133d4-2585-11e0-bc05-7b821c07cce9" xlink:type="locator" />
    <loc xlink:href="http://xbrl.fasb.org/us-gaap/2011/elts/us-gaap-2011-01-31.xsd#us-gaap_NetCashProvidedByUsedInOperatingActivities" xlink:label="loc_us-gaap_NetCashProvidedByUsedInOperatingActivities_f0868ac6-2585-11e0-bc05-7b821c07cce9" xlink:type="locator" />
    <calculationArc order="1" weight="1" xlink:arcrole="http://www.xbrl.org/2003/arcrole/summation-item" xlink:from="loc_us-gaap_CashAndCashEquivalentsPeriodIncreaseDecrease_f0b133d4-2585-11e0-bc05-7b821c07cce9" xlink:to="loc_us-gaap_NetCashProvidedByUsedInOperatingActivities_f0868ac6-2585-11e0-bc05-7b821c07cce9" xlink:type="arc" />
    <loc xlink:href="http://xbrl.fasb.org/us-gaap/2011/elts/us-gaap-2011-01-31.xsd#us-gaap_ProfitLoss" xlink:label="loc_us-gaap_ProfitLoss_05aaf4d2-2586-11e0-bc05-7b821c07cce9" xlink:type="locator" />
    <calculationArc order="1" weight="1" xlink:arcrole="http://www.xbrl.org/2003/arcrole/summation-item" xlink:from="loc_us-gaap_NetCashProvidedByUsedInOperatingActivities_f0868ac6-2585-11e0-bc05-7b821c07cce9" xlink:to="loc_us-gaap_ProfitLoss_05aaf4d2-2586-11e0-bc05-7b821c07cce9" xlink:type="arc" />
    <loc xlink:href="http://xbrl.fasb.org/us-gaap/2011/elts/us-gaap-2011-01-31.xsd#us-gaap_DepreciationDepletionAndAmortization" xlink:label="loc_us-gaap_DepreciationDepletionAndAmortization_05f0f9dc-2586-11e0-bc05-7b821c07cce9" xlink:type="locator" />
    <calculationArc order="2" weight="1" xlink:arcrole="http://www.xbrl.org/2003/arcrole/summation-item" xlink:from="loc_us-gaap_NetCashProvidedByUsedInOperatingActivities_f0868ac6-2585-11e0-bc05-7b821c07cce9" xlink:to="loc_us-gaap_DepreciationDepletionAndAmortization_05f0f9dc-2586-11e0-bc05-7b821c07cce9" xlink:type="arc" />
    <loc xlink:href="http://xbrl.fasb.org/us-gaap/2011/elts/us-gaap-2011-01-31.xsd#us-gaap_ShareBasedCompensation" xlink:label="loc_us-gaap_ShareBasedCompensation_eaf41c9a-2585-11e0-bc05-7b821c07cce9" xlink:type="locator" />
    <calculationArc order="3" weight="1" xlink:arcrole="http://www.xbrl.org/2003/arcrole/summation-item" xlink:from="loc_us-gaap_NetCashProvidedByUsedInOperatingActivities_f0868ac6-2585-11e0-bc05-7b821c07cce9" xlink:to="loc_us-gaap_ShareBasedCompensation_eaf41c9a-2585-11e0-bc05-7b821c07cce9" xlink:type="arc" />
    <loc xlink:href="http://xbrl.fasb.org/us-gaap/2011/elts/us-gaap-2011-01-31.xsd#us-gaap_GainsLossesOnExtinguishmentOfDebt" xlink:label="loc_us-gaap_GainsLossesOnExtinguishmentOfDebt_ec62243c-2585-11e0-bc05-7b821c07cce9" xlink:type="locator" />
    <calculationArc order="4" weight="-1" xlink:arcrole="http://www.xbrl.org/2003/arcrole/summation-item" xlink:from="loc_us-gaap_NetCashProvidedByUsedInOperatingActivities_f0868ac6-2585-11e0-bc05-7b821c07cce9" xlink:to="loc_us-gaap_GainsLossesOnExtinguishmentOfDebt_ec62243c-2585-11e0-bc05-7b821c07cce9" xlink:type="arc" />
    <loc xlink:href="http://xbrl.fasb.org/us-gaap/2011/elts/us-gaap-2011-01-31.xsd#us-gaap_GainLossOnSaleOfPropertyPlantEquipment" xlink:label="loc_us-gaap_GainLossOnSaleOfPropertyPlantEquipment_ec5e7e4a-2585-11e0-bc05-7b821c07cce9" xlink:type="locator" />
    <calculationArc order="5" weight="-1" xlink:arcrole="http://www.xbrl.org/2003/arcrole/summation-item" xlink:from="loc_us-gaap_NetCashProvidedByUsedInOperatingActivities_f0868ac6-2585-11e0-bc05-7b821c07cce9" xlink:to="loc_us-gaap_GainLossOnSaleOfPropertyPlantEquipment_ec5e7e4a-2585-11e0-bc05-7b821c07cce9" xlink:type="arc" />
    <loc xlink:href="http://xbrl.fasb.org/us-gaap/2011/elts/us-gaap-2011-01-31.xsd#us-gaap_CostmethodInvestmentsRealizedGainLossExcludingOtherThanTemporaryImpairments" xlink:label="loc_us-gaap_CostmethodInvestmentsRealizedGainLossExcludingOtherThanTemporaryImpairments_1033223a-2586-11e0-bc05-7b821c07cce9" xlink:type="locator" />
    <calculationArc order="6" weight="-1" xlink:arcrole="http://www.xbrl.org/2003/arcrole/summation-item" xlink:from="loc_us-gaap_NetCashProvidedByUsedInOperatingActivities_f0868ac6-2585-11e0-bc05-7b821c07cce9" xlink:to="loc_us-gaap_CostmethodInvestmentsRealizedGainLossExcludingOtherThanTemporaryImpairments_1033223a-2586-11e0-bc05-7b821c07cce9" xlink:type="arc" />
    <loc xlink:href="http://xbrl.fasb.org/us-gaap/2011/elts/us-gaap-2011-01-31.xsd#us-gaap_DeferredIncomeTaxExpenseBenefit" xlink:label="loc_us-gaap_DeferredIncomeTaxExpenseBenefit_e77bd6fc-2585-11e0-bc05-7b821c07cce9" xlink:type="locator" />
    <calculationArc order="7" weight="1" xlink:arcrole="http://www.xbrl.org/2003/arcrole/summation-item" xlink:from="loc_us-gaap_NetCashProvidedByUsedInOperatingActivities_f0868ac6-2585-11e0-bc05-7b821c07cce9" xlink:to="loc_us-gaap_DeferredIncomeTaxExpenseBenefit_e77bd6fc-2585-11e0-bc05-7b821c07cce9" xlink:type="arc" />
    <loc xlink:href="http://xbrl.fasb.org/us-gaap/2011/elts/us-gaap-2011-01-31.xsd#us-gaap_OtherNoncashIncomeExpense" xlink:label="loc_us-gaap_OtherNoncashIncomeExpense_0d51972c-2586-11e0-bc05-7b821c07cce9" xlink:type="locator" />
    <calculationArc order="8" weight="-1" xlink:arcrole="http://www.xbrl.org/2003/arcrole/summation-item" xlink:from="loc_us-gaap_NetCashProvidedByUsedInOperatingActivities_f0868ac6-2585-11e0-bc05-7b821c07cce9" xlink:to="loc_us-gaap_OtherNoncashIncomeExpense_0d51972c-2586-11e0-bc05-7b821c07cce9" xlink:type="arc" />
    <loc xlink:href="http://xbrl.fasb.org/us-gaap/2011/elts/us-gaap-2011-01-31.xsd#us-gaap_IncreaseDecreaseInAccountsReceivable" xlink:label="loc_us-gaap_IncreaseDecreaseInAccountsReceivable_e5a3a9a4-2585-11e0-bc05-7b821c07cce9" xlink:type="locator" />
    <calculationArc order="9" weight="-1" xlink:arcrole="http://www.xbrl.org/2003/arcrole/summation-item" xlink:from="loc_us-gaap_NetCashProvidedByUsedInOperatingActivities_f0868ac6-2585-11e0-bc05-7b821c07cce9" xlink:to="loc_us-gaap_IncreaseDecreaseInAccountsReceivable_e5a3a9a4-2585-11e0-bc05-7b821c07cce9" xlink:type="arc" />
    <loc xlink:href="http://xbrl.fasb.org/us-gaap/2011/elts/us-gaap-2011-01-31.xsd#us-gaap_IncreaseDecreaseInInventories" xlink:label="loc_us-gaap_IncreaseDecreaseInInventories_e5ba7986-2585-11e0-bc05-7b821c07cce9" xlink:type="locator" />
    <calculationArc order="10" weight="-1" xlink:arcrole="http://www.xbrl.org/2003/arcrole/summation-item" xlink:from="loc_us-gaap_NetCashProvidedByUsedInOperatingActivities_f0868ac6-2585-11e0-bc05-7b821c07cce9" xlink:to="loc_us-gaap_IncreaseDecreaseInInventories_e5ba7986-2585-11e0-bc05-7b821c07cce9" xlink:type="arc" />
    <loc xlink:href="http://xbrl.fasb.org/us-gaap/2011/elts/us-gaap-2011-01-31.xsd#us-gaap_IncreaseDecreaseInAccountsPayable" xlink:label="loc_us-gaap_IncreaseDecreaseInAccountsPayable_e5df5b16-2585-11e0-bc05-7b821c07cce9" xlink:type="locator" />
    <calculationArc order="11" weight="1" xlink:arcrole="http://www.xbrl.org/2003/arcrole/summation-item" xlink:from="loc_us-gaap_NetCashProvidedByUsedInOperatingActivities_f0868ac6-2585-11e0-bc05-7b821c07cce9" xlink:to="loc_us-gaap_IncreaseDecreaseInAccountsPayable_e5df5b16-2585-11e0-bc05-7b821c07cce9" xlink:type="arc" />
    <loc xlink:href="http://xbrl.fasb.org/us-gaap/2011/elts/us-gaap-2011-01-31.xsd#us-gaap_IncreaseDecreaseInEmployeeRelatedLiabilities" xlink:label="loc_us-gaap_IncreaseDecreaseInEmployeeRelatedLiabilities_e5ac2e76-2585-11e0-bc05-7b821c07cce9" xlink:type="locator" />
    <calculationArc order="12" weight="1" xlink:arcrole="http://www.xbrl.org/2003/arcrole/summation-item" xlink:from="loc_us-gaap_NetCashProvidedByUsedInOperatingActivities_f0868ac6-2585-11e0-bc05-7b821c07cce9" xlink:to="loc_us-gaap_IncreaseDecreaseInEmployeeRelatedLiabilities_e5ac2e76-2585-11e0-bc05-7b821c07cce9" xlink:type="arc" />
    <loc xlink:href="stx-20120928.xsd#stx_IncreaseDecreaseInAccruedLiabilitiesIncomeTaxesAndProductWarranty" xlink:label="loc_stx_IncreaseDecreaseInAccruedLiabilitiesIncomeTaxesAndProductWarranty_c496c198-b3e5-11e1-ba93-1231380dc193" xlink:type="locator" />
    <calculationArc order="13" weight="1" xlink:arcrole="http://www.xbrl.org/2003/arcrole/summation-item" xlink:from="loc_us-gaap_NetCashProvidedByUsedInOperatingActivities_f0868ac6-2585-11e0-bc05-7b821c07cce9" xlink:to="loc_stx_IncreaseDecreaseInAccruedLiabilitiesIncomeTaxesAndProductWarranty_c496c198-b3e5-11e1-ba93-1231380dc193" xlink:type="arc" />
    <loc xlink:href="http://xbrl.fasb.org/us-gaap/2011/elts/us-gaap-2011-01-31.xsd#us-gaap_IncreaseDecreaseInOtherOperatingCapitalNet" xlink:label="loc_us-gaap_IncreaseDecreaseInOtherOperatingCapitalNet_f1a5bf8a-2585-11e0-bc05-7b821c07cce9" xlink:type="locator" />
    <calculationArc order="14" weight="-1" xlink:arcrole="http://www.xbrl.org/2003/arcrole/summation-item" xlink:from="loc_us-gaap_NetCashProvidedByUsedInOperatingActivities_f0868ac6-2585-11e0-bc05-7b821c07cce9" xlink:to="loc_us-gaap_IncreaseDecreaseInOtherOperatingCapitalNet_f1a5bf8a-2585-11e0-bc05-7b821c07cce9" xlink:type="arc" />
    <loc xlink:href="http://xbrl.fasb.org/us-gaap/2011/elts/us-gaap-2011-01-31.xsd#us-gaap_NetCashProvidedByUsedInInvestingActivities" xlink:label="loc_us-gaap_NetCashProvidedByUsedInInvestingActivities_f085995e-2585-11e0-bc05-7b821c07cce9" xlink:type="locator" />
    <calculationArc order="2" weight="1" xlink:arcrole="http://www.xbrl.org/2003/arcrole/summation-item" xlink:from="loc_us-gaap_CashAndCashEquivalentsPeriodIncreaseDecrease_f0b133d4-2585-11e0-bc05-7b821c07cce9" xlink:to="loc_us-gaap_NetCashProvidedByUsedInInvestingActivities_f085995e-2585-11e0-bc05-7b821c07cce9" xlink:type="arc" />
    <loc xlink:href="http://xbrl.fasb.org/us-gaap/2011/elts/us-gaap-2011-01-31.xsd#us-gaap_PaymentsToAcquirePropertyPlantAndEquipment" xlink:label="loc_us-gaap_PaymentsToAcquirePropertyPlantAndEquipment_f4a4611e-2585-11e0-bc05-7b821c07cce9" xlink:type="locator" />
    <calculationArc order="1" weight="-1" xlink:arcrole="http://www.xbrl.org/2003/arcrole/summation-item" xlink:from="loc_us-gaap_NetCashProvidedByUsedInInvestingActivities_f085995e-2585-11e0-bc05-7b821c07cce9" xlink:to="loc_us-gaap_PaymentsToAcquirePropertyPlantAndEquipment_f4a4611e-2585-11e0-bc05-7b821c07cce9" xlink:type="arc" />
    <loc xlink:href="http://xbrl.fasb.org/us-gaap/2011/elts/us-gaap-2011-01-31.xsd#us-gaap_ProceedsFromSaleOfProductiveAssets" xlink:label="loc_us-gaap_ProceedsFromSaleOfProductiveAssets_f3fe97ca-2585-11e0-bc05-7b821c07cce9" xlink:type="locator" />
    <calculationArc order="2" weight="1" xlink:arcrole="http://www.xbrl.org/2003/arcrole/summation-item" xlink:from="loc_us-gaap_NetCashProvidedByUsedInInvestingActivities_f085995e-2585-11e0-bc05-7b821c07cce9" xlink:to="loc_us-gaap_ProceedsFromSaleOfProductiveAssets_f3fe97ca-2585-11e0-bc05-7b821c07cce9" xlink:type="arc" />
    <loc xlink:href="http://xbrl.fasb.org/us-gaap/2011/elts/us-gaap-2011-01-31.xsd#us-gaap_ProceedsFromSaleOfOtherInvestments" xlink:label="loc_us-gaap_ProceedsFromSaleOfOtherInvestments_f4090890-2585-11e0-bc05-7b821c07cce9" xlink:type="locator" />
    <calculationArc order="3" weight="1" xlink:arcrole="http://www.xbrl.org/2003/arcrole/summation-item" xlink:from="loc_us-gaap_NetCashProvidedByUsedInInvestingActivities_f085995e-2585-11e0-bc05-7b821c07cce9" xlink:to="loc_us-gaap_ProceedsFromSaleOfOtherInvestments_f4090890-2585-11e0-bc05-7b821c07cce9" xlink:type="arc" />
    <loc xlink:href="http://xbrl.fasb.org/us-gaap/2011/elts/us-gaap-2011-01-31.xsd#us-gaap_PaymentsToAcquireAvailableForSaleSecurities" xlink:label="loc_us-gaap_PaymentsToAcquireAvailableForSaleSecurities_f4846ddc-2585-11e0-bc05-7b821c07cce9" xlink:type="locator" />
    <calculationArc order="4" weight="-1" xlink:arcrole="http://www.xbrl.org/2003/arcrole/summation-item" xlink:from="loc_us-gaap_NetCashProvidedByUsedInInvestingActivities_f085995e-2585-11e0-bc05-7b821c07cce9" xlink:to="loc_us-gaap_PaymentsToAcquireAvailableForSaleSecurities_f4846ddc-2585-11e0-bc05-7b821c07cce9" xlink:type="arc" />
    <loc xlink:href="http://xbrl.fasb.org/us-gaap/2011/elts/us-gaap-2011-01-31.xsd#us-gaap_ProceedsFromSaleOfAvailableForSaleSecuritiesDebt" xlink:label="loc_us-gaap_ProceedsFromSaleOfAvailableForSaleSecuritiesDebt_fe3213e8-2585-11e0-bc05-7b821c07cce9" xlink:type="locator" />
    <calculationArc order="5" weight="1" xlink:arcrole="http://www.xbrl.org/2003/arcrole/summation-item" xlink:from="loc_us-gaap_NetCashProvidedByUsedInInvestingActivities_f085995e-2585-11e0-bc05-7b821c07cce9" xlink:to="loc_us-gaap_ProceedsFromSaleOfAvailableForSaleSecuritiesDebt_fe3213e8-2585-11e0-bc05-7b821c07cce9" xlink:type="arc" />
    <loc xlink:href="http://xbrl.fasb.org/us-gaap/2011/elts/us-gaap-2011-01-31.xsd#us-gaap_ProceedsFromMaturitiesPrepaymentsAndCallsOfAvailableForSaleSecurities" xlink:label="loc_us-gaap_ProceedsFromMaturitiesPrepaymentsAndCallsOfAvailableForSaleSecurities_f3f1ab00-2585-11e0-bc05-7b821c07cce9" xlink:type="locator" />
    <calculationArc order="6" weight="1" xlink:arcrole="http://www.xbrl.org/2003/arcrole/summation-item" xlink:from="loc_us-gaap_NetCashProvidedByUsedInInvestingActivities_f085995e-2585-11e0-bc05-7b821c07cce9" xlink:to="loc_us-gaap_ProceedsFromMaturitiesPrepaymentsAndCallsOfAvailableForSaleSecurities_f3f1ab00-2585-11e0-bc05-7b821c07cce9" xlink:type="arc" />
    <loc xlink:href="http://xbrl.fasb.org/us-gaap/2011/elts/us-gaap-2011-01-31.xsd#us-gaap_PaymentsToAcquireBusinessesGross" xlink:label="loc_us-gaap_PaymentsToAcquireBusinessesGross_e54bc64e-2585-11e0-bc05-7b821c07cce9" xlink:type="locator" />
    <calculationArc order="7" weight="-1" xlink:arcrole="http://www.xbrl.org/2003/arcrole/summation-item" xlink:from="loc_us-gaap_NetCashProvidedByUsedInInvestingActivities_f085995e-2585-11e0-bc05-7b821c07cce9" xlink:to="loc_us-gaap_PaymentsToAcquireBusinessesGross_e54bc64e-2585-11e0-bc05-7b821c07cce9" xlink:type="arc" />
    <loc xlink:href="http://xbrl.fasb.org/us-gaap/2011/elts/us-gaap-2011-01-31.xsd#us-gaap_PaymentsToAcquireBusinessesNetOfCashAcquired" xlink:label="loc_us-gaap_PaymentsToAcquireBusinessesNetOfCashAcquired_e2e2e6ee-2585-11e0-bc05-7b821c07cce9" xlink:type="locator" />
    <calculationArc order="8" weight="-1" xlink:arcrole="http://www.xbrl.org/2003/arcrole/summation-item" xlink:from="loc_us-gaap_NetCashProvidedByUsedInInvestingActivities_f085995e-2585-11e0-bc05-7b821c07cce9" xlink:to="loc_us-gaap_PaymentsToAcquireBusinessesNetOfCashAcquired_e2e2e6ee-2585-11e0-bc05-7b821c07cce9" xlink:type="arc" />
    <loc xlink:href="http://xbrl.fasb.org/us-gaap/2011/elts/us-gaap-2011-01-31.xsd#us-gaap_IncreaseDecreaseInRestrictedCashAndInvestments" xlink:label="loc_us-gaap_IncreaseDecreaseInRestrictedCashAndInvestments_0a2abe02-2586-11e0-bc05-7b821c07cce9" xlink:type="locator" />
    <calculationArc order="9" weight="-1" xlink:arcrole="http://www.xbrl.org/2003/arcrole/summation-item" xlink:from="loc_us-gaap_NetCashProvidedByUsedInInvestingActivities_f085995e-2585-11e0-bc05-7b821c07cce9" xlink:to="loc_us-gaap_IncreaseDecreaseInRestrictedCashAndInvestments_0a2abe02-2586-11e0-bc05-7b821c07cce9" xlink:type="arc" />
    <loc xlink:href="http://xbrl.fasb.org/us-gaap/2011/elts/us-gaap-2011-01-31.xsd#us-gaap_NetCashProvidedByUsedInFinancingActivities" xlink:label="loc_us-gaap_NetCashProvidedByUsedInFinancingActivities_f0848d20-2585-11e0-bc05-7b821c07cce9" xlink:type="locator" />
    <calculationArc order="3" weight="1" xlink:arcrole="http://www.xbrl.org/2003/arcrole/summation-item" xlink:from="loc_us-gaap_CashAndCashEquivalentsPeriodIncreaseDecrease_f0b133d4-2585-11e0-bc05-7b821c07cce9" xlink:to="loc_us-gaap_NetCashProvidedByUsedInFinancingActivities_f0848d20-2585-11e0-bc05-7b821c07cce9" xlink:type="arc" />
    <loc xlink:href="http://xbrl.fasb.org/us-gaap/2011/elts/us-gaap-2011-01-31.xsd#us-gaap_RepaymentsOfLongTermDebtAndCapitalSecurities" xlink:label="loc_us-gaap_RepaymentsOfLongTermDebtAndCapitalSecurities_f5706412-2585-11e0-bc05-7b821c07cce9" xlink:type="locator" />
    <calculationArc order="1" weight="-1" xlink:arcrole="http://www.xbrl.org/2003/arcrole/summation-item" xlink:from="loc_us-gaap_NetCashProvidedByUsedInFinancingActivities_f0848d20-2585-11e0-bc05-7b821c07cce9" xlink:to="loc_us-gaap_RepaymentsOfLongTermDebtAndCapitalSecurities_f5706412-2585-11e0-bc05-7b821c07cce9" xlink:type="arc" />
    <loc xlink:href="http://xbrl.fasb.org/us-gaap/2011/elts/us-gaap-2011-01-31.xsd#us-gaap_PaymentsForRepurchaseOfCommonStock" xlink:label="loc_us-gaap_PaymentsForRepurchaseOfCommonStock_f5a72484-2585-11e0-bc05-7b821c07cce9" xlink:type="locator" />
    <calculationArc order="2" weight="-1" xlink:arcrole="http://www.xbrl.org/2003/arcrole/summation-item" xlink:from="loc_us-gaap_NetCashProvidedByUsedInFinancingActivities_f0848d20-2585-11e0-bc05-7b821c07cce9" xlink:to="loc_us-gaap_PaymentsForRepurchaseOfCommonStock_f5a72484-2585-11e0-bc05-7b821c07cce9" xlink:type="arc" />
    <loc xlink:href="http://xbrl.fasb.org/us-gaap/2011/elts/us-gaap-2011-01-31.xsd#us-gaap_PaymentsOfDividendsCommonStock" xlink:label="loc_us-gaap_PaymentsOfDividendsCommonStock_f281d326-2585-11e0-bc05-7b821c07cce9" xlink:type="locator" />
    <calculationArc order="3" weight="-1" xlink:arcrole="http://www.xbrl.org/2003/arcrole/summation-item" xlink:from="loc_us-gaap_NetCashProvidedByUsedInFinancingActivities_f0848d20-2585-11e0-bc05-7b821c07cce9" xlink:to="loc_us-gaap_PaymentsOfDividendsCommonStock_f281d326-2585-11e0-bc05-7b821c07cce9" xlink:type="arc" />
    <loc xlink:href="http://xbrl.fasb.org/us-gaap/2011/elts/us-gaap-2011-01-31.xsd#us-gaap_ProceedsFromIssuanceOfSharesUnderIncentiveAndShareBasedCompensationPlansIncludingStockOptions" xlink:label="loc_us-gaap_ProceedsFromIssuanceOfSharesUnderIncentiveAndShareBasedCompensationPlansIncludingStockOptions_08663b96-2586-11e0-bc05-7b821c07cce9" xlink:type="locator" />
    <calculationArc order="4" weight="1" xlink:arcrole="http://www.xbrl.org/2003/arcrole/summation-item" xlink:from="loc_us-gaap_NetCashProvidedByUsedInFinancingActivities_f0848d20-2585-11e0-bc05-7b821c07cce9" xlink:to="loc_us-gaap_ProceedsFromIssuanceOfSharesUnderIncentiveAndShareBasedCompensationPlansIncludingStockOptions_08663b96-2586-11e0-bc05-7b821c07cce9" xlink:type="arc" />
    <loc xlink:href="stx-20120928.xsd#stx_NoncontrollingInterestPaymentForDepositToAcquireNoncontrollingShares" xlink:label="loc_stx_NoncontrollingInterestPaymentForDepositToAcquireNoncontrollingShares_0353059e-1ed1-11e2-b3ab-22000a1cf22c" xlink:type="locator" />
    <calculationArc order="5" weight="-1" xlink:arcrole="http://www.xbrl.org/2003/arcrole/summation-item" xlink:from="loc_us-gaap_NetCashProvidedByUsedInFinancingActivities_f0848d20-2585-11e0-bc05-7b821c07cce9" xlink:to="loc_stx_NoncontrollingInterestPaymentForDepositToAcquireNoncontrollingShares_0353059e-1ed1-11e2-b3ab-22000a1cf22c" xlink:type="arc" />
    <loc xlink:href="http://xbrl.fasb.org/us-gaap/2011/elts/us-gaap-2011-01-31.xsd#us-gaap_EffectOfExchangeRateOnCashAndCashEquivalents" xlink:label="loc_us-gaap_EffectOfExchangeRateOnCashAndCashEquivalents_ea0f1514-2585-11e0-bc05-7b821c07cce9" xlink:type="locator" />
    <calculationArc order="4" weight="1" xlink:arcrole="http://www.xbrl.org/2003/arcrole/summation-item" xlink:from="loc_us-gaap_CashAndCashEquivalentsPeriodIncreaseDecrease_f0b133d4-2585-11e0-bc05-7b821c07cce9" xlink:to="loc_us-gaap_EffectOfExchangeRateOnCashAndCashEquivalents_ea0f1514-2585-11e0-bc05-7b821c07cce9" xlink:type="arc" />
  </calculationLink>
  <calculationLink xlink:role="http://www.seagate.com/role/CondensedConsolidatedStatementsOfComprehensiveIncome" xlink:type="extended" />
  <calculationLink xlink:role="http://www.seagate.com/role/CondensedConsolidatedStatementsOfOperations" xlink:type="extended" />
  <calculationLink xlink:role="http://www.seagate.com/role/Debt" xlink:type="extended" />
  <calculationLink xlink:role="http://www.seagate.com/role/DebtDetails" xlink:type="extended" />
  <calculationLink xlink:role="http://www.seagate.com/role/DebtDetails2" xlink:type="extended">
    <loc xlink:href="http://xbrl.fasb.org/us-gaap/2011/elts/us-gaap-2011-01-31.xsd#us-gaap_LongTermDebt" xlink:label="loc_us-gaap_LongTermDebt_efc8f358-2585-11e0-bc05-7b821c07cce9" xlink:type="locator" />
    <loc xlink:href="stx-20120928.xsd#stx_LongTermDebtMaturitiesRepaymentsOfPrincipalRemainderOfFiscalYear" xlink:label="loc_stx_LongTermDebtMaturitiesRepaymentsOfPrincipalRemainderOfFiscalYear_c386c92e-b3e5-11e1-ba93-1231380dc193" xlink:type="locator" />
    <calculationArc order="1" weight="1" xlink:arcrole="http://www.xbrl.org/2003/arcrole/summation-item" xlink:from="loc_us-gaap_LongTermDebt_efc8f358-2585-11e0-bc05-7b821c07cce9" xlink:to="loc_stx_LongTermDebtMaturitiesRepaymentsOfPrincipalRemainderOfFiscalYear_c386c92e-b3e5-11e1-ba93-1231380dc193" xlink:type="arc" />
    <loc xlink:href="stx-20120928.xsd#stx_LongTermDebtMaturitiesRepaymentsOfPrincipalFirstFullFiscalYear" xlink:label="loc_stx_LongTermDebtMaturitiesRepaymentsOfPrincipalFirstFullFiscalYear_c537499c-b3e5-11e1-ba93-1231380dc193" xlink:type="locator" />
    <calculationArc order="2" weight="1" xlink:arcrole="http://www.xbrl.org/2003/arcrole/summation-item" xlink:from="loc_us-gaap_LongTermDebt_efc8f358-2585-11e0-bc05-7b821c07cce9" xlink:to="loc_stx_LongTermDebtMaturitiesRepaymentsOfPrincipalFirstFullFiscalYear_c537499c-b3e5-11e1-ba93-1231380dc193" xlink:type="arc" />
    <loc xlink:href="stx-20120928.xsd#stx_LongTermDebtMaturitiesRepaymentsOfPrincipalSecondFullFiscalYear" xlink:label="loc_stx_LongTermDebtMaturitiesRepaymentsOfPrincipalSecondFullFiscalYear_c3ebceaa-b3e5-11e1-ba93-1231380dc193" xlink:type="locator" />
    <calculationArc order="3" weight="1" xlink:arcrole="http://www.xbrl.org/2003/arcrole/summation-item" xlink:from="loc_us-gaap_LongTermDebt_efc8f358-2585-11e0-bc05-7b821c07cce9" xlink:to="loc_stx_LongTermDebtMaturitiesRepaymentsOfPrincipalSecondFullFiscalYear_c3ebceaa-b3e5-11e1-ba93-1231380dc193" xlink:type="arc" />
    <loc xlink:href="stx-20120928.xsd#stx_LongTermDebtMaturitiesRepaymentsOfPrincipalThirdFullFiscalYear" xlink:label="loc_stx_LongTermDebtMaturitiesRepaymentsOfPrincipalThirdFullFiscalYear_c41a1a80-b3e5-11e1-ba93-1231380dc193" xlink:type="locator" />
    <calculationArc order="4" weight="1" xlink:arcrole="http://www.xbrl.org/2003/arcrole/summation-item" xlink:from="loc_us-gaap_LongTermDebt_efc8f358-2585-11e0-bc05-7b821c07cce9" xlink:to="loc_stx_LongTermDebtMaturitiesRepaymentsOfPrincipalThirdFullFiscalYear_c41a1a80-b3e5-11e1-ba93-1231380dc193" xlink:type="arc" />
    <loc xlink:href="stx-20120928.xsd#stx_LongTermDebtMaturitiesRepaymentsOfPrincipalFourthFullFiscalYear" xlink:label="loc_stx_LongTermDebtMaturitiesRepaymentsOfPrincipalFourthFullFiscalYear_c1e11c6e-b3e5-11e1-ba93-1231380dc193" xlink:type="locator" />
    <calculationArc order="5" weight="1" xlink:arcrole="http://www.xbrl.org/2003/arcrole/summation-item" xlink:from="loc_us-gaap_LongTermDebt_efc8f358-2585-11e0-bc05-7b821c07cce9" xlink:to="loc_stx_LongTermDebtMaturitiesRepaymentsOfPrincipalFourthFullFiscalYear_c1e11c6e-b3e5-11e1-ba93-1231380dc193" xlink:type="arc" />
    <loc xlink:href="stx-20120928.xsd#stx_LongTermDebtMaturitiesRepaymentsOfPrincipalAfterFourthFullFiscalYear" xlink:label="loc_stx_LongTermDebtMaturitiesRepaymentsOfPrincipalAfterFourthFullFiscalYear_c50ef29e-b3e5-11e1-ba93-1231380dc193" xlink:type="locator" />
    <calculationArc order="6" weight="1" xlink:arcrole="http://www.xbrl.org/2003/arcrole/summation-item" xlink:from="loc_us-gaap_LongTermDebt_efc8f358-2585-11e0-bc05-7b821c07cce9" xlink:to="loc_stx_LongTermDebtMaturitiesRepaymentsOfPrincipalAfterFourthFullFiscalYear_c50ef29e-b3e5-11e1-ba93-1231380dc193" xlink:type="arc" />
  </calculationLink>
  <calculationLink xlink:role="http://www.seagate.com/role/DebtTables" xlink:type="extended" />
  <calculationLink xlink:role="http://www.seagate.com/role/DerivativeFinancialInstruments" xlink:type="extended" />
  <calculationLink xlink:role="http://www.seagate.com/role/DerivativeFinancialInstrumentsDetails" xlink:type="extended" />
  <calculationLink xlink:role="http://www.seagate.com/role/DerivativeFinancialInstrumentsDetails2" xlink:type="extended" />
  <calculationLink xlink:role="http://www.seagate.com/role/DerivativeFinancialInstrumentsDetails3" xlink:type="extended" />
  <calculationLink xlink:role="http://www.seagate.com/role/DerivativeFinancialInstrumentsTables" xlink:type="extended" />
  <calculationLink xlink:role="http://www.seagate.com/role/DocumentAndEntityInformation" xlink:type="extended" />
  <calculationLink xlink:role="http://www.seagate.com/role/EarningsPerShare" xlink:type="extended" />
  <calculationLink xlink:role="http://www.seagate.com/role/EarningsPerShareDetails" xlink:type="extended">
    <loc xlink:href="http://xbrl.fasb.org/us-gaap/2011/elts/us-gaap-2011-01-31.xsd#us-gaap_WeightedAverageNumberOfDilutedSharesOutstanding" xlink:label="loc_us-gaap_WeightedAverageNumberOfDilutedSharesOutstanding_f986d78e-2585-11e0-bc05-7b821c07cce9" xlink:type="locator" />
    <loc xlink:href="http://xbrl.fasb.org/us-gaap/2011/elts/us-gaap-2011-01-31.xsd#us-gaap_WeightedAverageNumberOfSharesOutstandingBasic" xlink:label="loc_us-gaap_WeightedAverageNumberOfSharesOutstandingBasic_f9898fce-2585-11e0-bc05-7b821c07cce9" xlink:type="locator" />
    <calculationArc order="1" weight="1" xlink:arcrole="http://www.xbrl.org/2003/arcrole/summation-item" xlink:from="loc_us-gaap_WeightedAverageNumberOfDilutedSharesOutstanding_f986d78e-2585-11e0-bc05-7b821c07cce9" xlink:to="loc_us-gaap_WeightedAverageNumberOfSharesOutstandingBasic_f9898fce-2585-11e0-bc05-7b821c07cce9" xlink:type="arc" />
    <loc xlink:href="http://xbrl.fasb.org/us-gaap/2011/elts/us-gaap-2011-01-31.xsd#us-gaap_IncrementalCommonSharesAttributableToShareBasedPaymentArrangements" xlink:label="loc_us-gaap_IncrementalCommonSharesAttributableToShareBasedPaymentArrangements_edb1d10c-2585-11e0-bc05-7b821c07cce9" xlink:type="locator" />
    <calculationArc order="2" weight="1" xlink:arcrole="http://www.xbrl.org/2003/arcrole/summation-item" xlink:from="loc_us-gaap_WeightedAverageNumberOfDilutedSharesOutstanding_f986d78e-2585-11e0-bc05-7b821c07cce9" xlink:to="loc_us-gaap_IncrementalCommonSharesAttributableToShareBasedPaymentArrangements_edb1d10c-2585-11e0-bc05-7b821c07cce9" xlink:type="arc" />
  </calculationLink>
  <calculationLink xlink:role="http://www.seagate.com/role/EarningsPerShareDetails2" xlink:type="extended" />
  <calculationLink xlink:role="http://www.seagate.com/role/EarningsPerShareTables" xlink:type="extended" />
  <calculationLink xlink:role="http://www.seagate.com/role/FairValue" xlink:type="extended" />
  <calculationLink xlink:role="http://www.seagate.com/role/FairValueDetails" xlink:type="extended" />
  <calculationLink xlink:role="http://www.seagate.com/role/FairValueDetails2" xlink:type="extended" />
  <calculationLink xlink:role="http://www.seagate.com/role/FairValueDetails3" xlink:type="extended" />
  <calculationLink xlink:role="http://www.seagate.com/role/FairValueDetails4" xlink:type="extended" />
  <calculationLink xlink:role="http://www.seagate.com/role/FairValueDetails5" xlink:type="extended" />
  <calculationLink xlink:role="http://www.seagate.com/role/FairValueTables" xlink:type="extended" />
  <calculationLink xlink:role="http://www.seagate.com/role/GoodwillAndOtherIntangibleAssets" xlink:type="extended" />
  <calculationLink xlink:role="http://www.seagate.com/role/GoodwillAndOtherIntangibleAssetsDetails" xlink:type="extended" />
  <calculationLink xlink:role="http://www.seagate.com/role/GoodwillAndOtherIntangibleAssetsDetails2" xlink:type="extended">
    <loc xlink:href="http://xbrl.fasb.org/us-gaap/2011/elts/us-gaap-2011-01-31.xsd#us-gaap_FiniteLivedIntangibleAssetsNet" xlink:label="loc_us-gaap_FiniteLivedIntangibleAssetsNet_edd1cd86-2585-11e0-bc05-7b821c07cce9" xlink:type="locator" />
    <loc xlink:href="http://xbrl.fasb.org/us-gaap/2011/elts/us-gaap-2011-01-31.xsd#us-gaap_AcquiredFiniteLivedIntangibleAssetAmount" xlink:label="loc_us-gaap_AcquiredFiniteLivedIntangibleAssetAmount_e2d5b0e6-2585-11e0-bc05-7b821c07cce9" xlink:type="locator" />
    <calculationArc order="1" weight="1" xlink:arcrole="http://www.xbrl.org/2003/arcrole/summation-item" xlink:from="loc_us-gaap_FiniteLivedIntangibleAssetsNet_edd1cd86-2585-11e0-bc05-7b821c07cce9" xlink:to="loc_us-gaap_AcquiredFiniteLivedIntangibleAssetAmount_e2d5b0e6-2585-11e0-bc05-7b821c07cce9" xlink:type="arc" />
    <loc xlink:href="http://xbrl.fasb.org/us-gaap/2011/elts/us-gaap-2011-01-31.xsd#us-gaap_FiniteLivedIntangibleAssetsAccumulatedAmortization" xlink:label="loc_us-gaap_FiniteLivedIntangibleAssetsAccumulatedAmortization_e2cbd8dc-2585-11e0-bc05-7b821c07cce9" xlink:type="locator" />
    <calculationArc order="2" weight="-1" xlink:arcrole="http://www.xbrl.org/2003/arcrole/summation-item" xlink:from="loc_us-gaap_FiniteLivedIntangibleAssetsNet_edd1cd86-2585-11e0-bc05-7b821c07cce9" xlink:to="loc_us-gaap_FiniteLivedIntangibleAssetsAccumulatedAmortization_e2cbd8dc-2585-11e0-bc05-7b821c07cce9" xlink:type="arc" />
    <loc xlink:href="http://xbrl.fasb.org/us-gaap/2011/elts/us-gaap-2011-01-31.xsd#us-gaap_FiniteLivedIntangibleAssetsFutureAmortizationExpense" xlink:label="loc_us-gaap_FiniteLivedIntangibleAssetsFutureAmortizationExpense_eba7bac0-2585-11e0-bc05-7b821c07cce9" xlink:type="locator" />
    <loc xlink:href="http://xbrl.fasb.org/us-gaap/2011/elts/us-gaap-2011-01-31.xsd#us-gaap_FutureAmortizationExpenseRemainderOfFiscalYear" xlink:label="loc_us-gaap_FutureAmortizationExpenseRemainderOfFiscalYear_08faad26-2586-11e0-bc05-7b821c07cce9" xlink:type="locator" />
    <calculationArc order="1" weight="1" xlink:arcrole="http://www.xbrl.org/2003/arcrole/summation-item" xlink:from="loc_us-gaap_FiniteLivedIntangibleAssetsFutureAmortizationExpense_eba7bac0-2585-11e0-bc05-7b821c07cce9" xlink:to="loc_us-gaap_FutureAmortizationExpenseRemainderOfFiscalYear_08faad26-2586-11e0-bc05-7b821c07cce9" xlink:type="arc" />
    <loc xlink:href="stx-20120928.xsd#stx_FutureAmortizationExpenseFirstFullFiscalYear" xlink:label="loc_stx_FutureAmortizationExpenseFirstFullFiscalYear_c3893a7e-b3e5-11e1-ba93-1231380dc193" xlink:type="locator" />
    <calculationArc order="2" weight="1" xlink:arcrole="http://www.xbrl.org/2003/arcrole/summation-item" xlink:from="loc_us-gaap_FiniteLivedIntangibleAssetsFutureAmortizationExpense_eba7bac0-2585-11e0-bc05-7b821c07cce9" xlink:to="loc_stx_FutureAmortizationExpenseFirstFullFiscalYear_c3893a7e-b3e5-11e1-ba93-1231380dc193" xlink:type="arc" />
    <loc xlink:href="stx-20120928.xsd#stx_FutureAmortizationExpenseSecondFullFiscalYear" xlink:label="loc_stx_FutureAmortizationExpenseSecondFullFiscalYear_c426dfe0-b3e5-11e1-ba93-1231380dc193" xlink:type="locator" />
    <calculationArc order="3" weight="1" xlink:arcrole="http://www.xbrl.org/2003/arcrole/summation-item" xlink:from="loc_us-gaap_FiniteLivedIntangibleAssetsFutureAmortizationExpense_eba7bac0-2585-11e0-bc05-7b821c07cce9" xlink:to="loc_stx_FutureAmortizationExpenseSecondFullFiscalYear_c426dfe0-b3e5-11e1-ba93-1231380dc193" xlink:type="arc" />
    <loc xlink:href="stx-20120928.xsd#stx_FutureAmortizationExpenseThirdFullFiscalYear" xlink:label="loc_stx_FutureAmortizationExpenseThirdFullFiscalYear_c4326c2a-b3e5-11e1-ba93-1231380dc193" xlink:type="locator" />
    <calculationArc order="4" weight="1" xlink:arcrole="http://www.xbrl.org/2003/arcrole/summation-item" xlink:from="loc_us-gaap_FiniteLivedIntangibleAssetsFutureAmortizationExpense_eba7bac0-2585-11e0-bc05-7b821c07cce9" xlink:to="loc_stx_FutureAmortizationExpenseThirdFullFiscalYear_c4326c2a-b3e5-11e1-ba93-1231380dc193" xlink:type="arc" />
    <loc xlink:href="stx-20120928.xsd#stx_FutureAmortizationExpenseFourthFullFiscalYear" xlink:label="loc_stx_FutureAmortizationExpenseFourthFullFiscalYear_c3f0d0e4-b3e5-11e1-ba93-1231380dc193" xlink:type="locator" />
    <calculationArc order="5" weight="1" xlink:arcrole="http://www.xbrl.org/2003/arcrole/summation-item" xlink:from="loc_us-gaap_FiniteLivedIntangibleAssetsFutureAmortizationExpense_eba7bac0-2585-11e0-bc05-7b821c07cce9" xlink:to="loc_stx_FutureAmortizationExpenseFourthFullFiscalYear_c3f0d0e4-b3e5-11e1-ba93-1231380dc193" xlink:type="arc" />
    <loc xlink:href="stx-20120928.xsd#stx_FutureAmortizationExpenseAfterFourthFullFiscalYear" xlink:label="loc_stx_FutureAmortizationExpenseAfterFourthFullFiscalYear_c2e458f6-b3e5-11e1-ba93-1231380dc193" xlink:type="locator" />
    <calculationArc order="6" weight="1" xlink:arcrole="http://www.xbrl.org/2003/arcrole/summation-item" xlink:from="loc_us-gaap_FiniteLivedIntangibleAssetsFutureAmortizationExpense_eba7bac0-2585-11e0-bc05-7b821c07cce9" xlink:to="loc_stx_FutureAmortizationExpenseAfterFourthFullFiscalYear_c2e458f6-b3e5-11e1-ba93-1231380dc193" xlink:type="arc" />
  </calculationLink>
  <calculationLink xlink:role="http://www.seagate.com/role/GoodwillAndOtherIntangibleAssetsTables" xlink:type="extended" />
  <calculationLink xlink:role="http://www.seagate.com/role/Guarantees" xlink:type="extended" />
  <calculationLink xlink:role="http://www.seagate.com/role/GuaranteesDetails" xlink:type="extended" />
  <calculationLink xlink:role="http://www.seagate.com/role/GuaranteesTables" xlink:type="extended" />
  <calculationLink xlink:role="http://www.seagate.com/role/IncomeTaxes" xlink:type="extended" />
  <calculationLink xlink:role="http://www.seagate.com/role/IncomeTaxesDetails" xlink:type="extended" />
  <calculationLink xlink:role="http://www.seagate.com/role/LegalEnvironmentalAndOtherContingencies" xlink:type="extended" />
  <calculationLink xlink:role="http://www.seagate.com/role/LegalEnvironmentalAndOtherContingenciesDetails" xlink:type="extended" />
  <calculationLink xlink:role="http://www.seagate.com/role/ShareholdersEquity" xlink:type="extended" />
  <calculationLink xlink:role="http://www.seagate.com/role/ShareholdersEquityDetails" xlink:type="extended" />
  <calculationLink xlink:role="http://www.seagate.com/role/ShareholdersEquityDetails2" xlink:type="extended" />
  <calculationLink xlink:role="http://www.seagate.com/role/ShareholdersEquityTables" xlink:type="extended" />
  <calculationLink xlink:role="http://www.seagate.com/role/SubsequentEvents" xlink:type="extended" />
  <calculationLink xlink:role="http://www.seagate.com/role/SubsequentEventsDetails" xlink:type="extended" />
</linkbase>
