<?xml version="1.0" encoding="us-ascii"?>
<!-- Created by Merrill Corporation -->
<!-- Generated by Fujitsu Interstage XWand B0166_M01 -->
<!--Generated by IRIS XBRL Generation Engine-->
<link:linkbase xsi:schemaLocation="http://www.xbrl.org/2003/linkbase http://www.xbrl.org/2003/xbrl-linkbase-2003-12-31.xsd" xmlns:link="http://www.xbrl.org/2003/linkbase" xmlns:xsi="http://www.w3.org/2001/XMLSchema-instance" xmlns:xlink="http://www.w3.org/1999/xlink" xmlns:xbrli="http://www.xbrl.org/2003/instance">
  <link:roleRef roleURI="http://www.aspentech.com/role/DisclosureSegmentAndGeographicInformationDetails" xlink:type="simple" xlink:href="azpn-20121231.xsd#DisclosureSegmentAndGeographicInformationDetails" />
  <link:roleRef roleURI="http://www.aspentech.com/role/DisclosureSignificantAccountingPoliciesDetails" xlink:type="simple" xlink:href="azpn-20121231.xsd#DisclosureSignificantAccountingPoliciesDetails" />
  <link:roleRef roleURI="http://www.aspentech.com/role/BalanceSheet" xlink:type="simple" xlink:href="azpn-20121231.xsd#BalanceSheet" />
  <link:roleRef roleURI="http://www.aspentech.com/role/CashFlows" xlink:type="simple" xlink:href="azpn-20121231.xsd#CashFlows" />
  <link:roleRef roleURI="http://www.aspentech.com/role/StatementOfIncome" xlink:type="simple" xlink:href="azpn-20121231.xsd#StatementOfIncome" />
  <link:roleRef roleURI="http://www.aspentech.com/role/DisclosureSupplementaryBalanceSheetInformationDetails" xlink:type="simple" xlink:href="azpn-20121231.xsd#DisclosureSupplementaryBalanceSheetInformationDetails" />
  <link:roleRef roleURI="http://www.aspentech.com/role/StatementOfComprehensiveIncomeLoss" xlink:type="simple" xlink:href="azpn-20121231.xsd#StatementOfComprehensiveIncomeLoss" />
  <link:roleRef roleURI="http://www.aspentech.com/role/DisclosureGoodwillDetails" xlink:type="simple" xlink:href="azpn-20121231.xsd#DisclosureGoodwillDetails" />
  <link:roleRef roleURI="http://www.aspentech.com/role/DisclosureSupplementaryBalanceSheetInformationDetailsCalc2" xlink:type="simple" xlink:href="azpn-20121231.xsd#DisclosureSupplementaryBalanceSheetInformationDetailsCalc2" />
  <link:calculationLink xlink:type="extended" xlink:role="http://www.aspentech.com/role/DisclosureSegmentAndGeographicInformationDetails">
    <link:loc xlink:type="locator" xlink:href="http://xbrl.fasb.org/us-gaap/2012/elts/us-gaap-2012-01-31.xsd#us-gaap_IncomeLossFromContinuingOperationsBeforeIncomeTaxesExtraordinaryItemsNoncontrollingInterest" xlink:label="IncomeLossFromContinuingOperationsBeforeIncomeTaxesExtraordinaryItemsNoncontrollingInterest" xlink:title="IncomeLossFromContinuingOperationsBeforeIncomeTaxesExtraordinaryItemsNoncontrollingInterest" />
    <link:loc xlink:type="locator" xlink:href="azpn-20121231.xsd#azpn_SegmentReportingInformationOperatingProfitForReportableSegment" xlink:label="SegmentReportingInformationOperatingProfitForReportableSegment" xlink:title="SegmentReportingInformationOperatingProfitForReportableSegment" />
    <link:calculationArc xlink:type="arc" xlink:arcrole="http://www.xbrl.org/2003/arcrole/summation-item" xlink:from="IncomeLossFromContinuingOperationsBeforeIncomeTaxesExtraordinaryItemsNoncontrollingInterest" xlink:to="SegmentReportingInformationOperatingProfitForReportableSegment" xlink:title="calculation: IncomeLossFromContinuingOperationsBeforeIncomeTaxesExtraordinaryItemsNoncontrollingInterest to SegmentReportingInformationOperatingProfitForReportableSegment" use="optional" order="1.0" weight="1" />
    <link:loc xlink:type="locator" xlink:href="http://xbrl.fasb.org/us-gaap/2012/elts/us-gaap-2012-01-31.xsd#us-gaap_SegmentReportingInformationRevenue" xlink:label="SegmentReportingInformationRevenue" xlink:title="SegmentReportingInformationRevenue" />
    <link:calculationArc xlink:type="arc" xlink:arcrole="http://www.xbrl.org/2003/arcrole/summation-item" xlink:from="SegmentReportingInformationOperatingProfitForReportableSegment" xlink:to="SegmentReportingInformationRevenue" xlink:title="calculation: SegmentReportingInformationOperatingProfitForReportableSegment to SegmentReportingInformationRevenue" use="optional" order="1.0" weight="1" />
    <link:loc xlink:type="locator" xlink:href="azpn-20121231.xsd#azpn_SegmentReportingInformationExpensesForReportableSegment" xlink:label="SegmentReportingInformationExpensesForReportableSegment" xlink:title="SegmentReportingInformationExpensesForReportableSegment" />
    <link:calculationArc xlink:type="arc" xlink:arcrole="http://www.xbrl.org/2003/arcrole/summation-item" xlink:from="SegmentReportingInformationOperatingProfitForReportableSegment" xlink:to="SegmentReportingInformationExpensesForReportableSegment" xlink:title="calculation: SegmentReportingInformationOperatingProfitForReportableSegment to SegmentReportingInformationExpensesForReportableSegment" use="optional" order="2.0" weight="-1" />
    <link:loc xlink:type="locator" xlink:href="azpn-20121231.xsd#azpn_SubscriptionAndSoftwareCostOfRevenue" xlink:label="SubscriptionAndSoftwareCostOfRevenue" xlink:title="SubscriptionAndSoftwareCostOfRevenue" />
    <link:calculationArc xlink:type="arc" xlink:arcrole="http://www.xbrl.org/2003/arcrole/summation-item" xlink:from="IncomeLossFromContinuingOperationsBeforeIncomeTaxesExtraordinaryItemsNoncontrollingInterest" xlink:to="SubscriptionAndSoftwareCostOfRevenue" xlink:title="calculation: IncomeLossFromContinuingOperationsBeforeIncomeTaxesExtraordinaryItemsNoncontrollingInterest to SubscriptionAndSoftwareCostOfRevenue" use="optional" order="2.0" weight="-1" />
    <link:loc xlink:type="locator" xlink:href="http://xbrl.fasb.org/us-gaap/2012/elts/us-gaap-2012-01-31.xsd#us-gaap_SellingAndMarketingExpense" xlink:label="SellingAndMarketingExpense" xlink:title="SellingAndMarketingExpense" />
    <link:calculationArc xlink:type="arc" xlink:arcrole="http://www.xbrl.org/2003/arcrole/summation-item" xlink:from="IncomeLossFromContinuingOperationsBeforeIncomeTaxesExtraordinaryItemsNoncontrollingInterest" xlink:to="SellingAndMarketingExpense" xlink:title="calculation: IncomeLossFromContinuingOperationsBeforeIncomeTaxesExtraordinaryItemsNoncontrollingInterest to SellingAndMarketingExpense" use="optional" order="3.0" weight="-1" />
    <link:loc xlink:type="locator" xlink:href="http://xbrl.fasb.org/us-gaap/2012/elts/us-gaap-2012-01-31.xsd#us-gaap_ResearchAndDevelopmentExpenseSoftwareExcludingAcquiredInProcessCost" xlink:label="ResearchAndDevelopmentExpenseSoftwareExcludingAcquiredInProcessCost" xlink:title="ResearchAndDevelopmentExpenseSoftwareExcludingAcquiredInProcessCost" />
    <link:calculationArc xlink:type="arc" xlink:arcrole="http://www.xbrl.org/2003/arcrole/summation-item" xlink:from="IncomeLossFromContinuingOperationsBeforeIncomeTaxesExtraordinaryItemsNoncontrollingInterest" xlink:to="ResearchAndDevelopmentExpenseSoftwareExcludingAcquiredInProcessCost" xlink:title="calculation: IncomeLossFromContinuingOperationsBeforeIncomeTaxesExtraordinaryItemsNoncontrollingInterest to ResearchAndDevelopmentExpenseSoftwareExcludingAcquiredInProcessCost" use="optional" order="4.0" weight="-1" />
    <link:loc xlink:type="locator" xlink:href="http://xbrl.fasb.org/us-gaap/2012/elts/us-gaap-2012-01-31.xsd#us-gaap_GeneralAndAdministrativeExpense" xlink:label="GeneralAndAdministrativeExpense" xlink:title="GeneralAndAdministrativeExpense" />
    <link:calculationArc xlink:type="arc" xlink:arcrole="http://www.xbrl.org/2003/arcrole/summation-item" xlink:from="IncomeLossFromContinuingOperationsBeforeIncomeTaxesExtraordinaryItemsNoncontrollingInterest" xlink:to="GeneralAndAdministrativeExpense" xlink:title="calculation: IncomeLossFromContinuingOperationsBeforeIncomeTaxesExtraordinaryItemsNoncontrollingInterest to GeneralAndAdministrativeExpense" use="optional" order="5.0" weight="-1" />
    <link:loc xlink:type="locator" xlink:href="azpn-20121231.xsd#azpn_InformationTechnologyAndOverhead" xlink:label="InformationTechnologyAndOverhead" xlink:title="InformationTechnologyAndOverhead" />
    <link:calculationArc xlink:type="arc" xlink:arcrole="http://www.xbrl.org/2003/arcrole/summation-item" xlink:from="IncomeLossFromContinuingOperationsBeforeIncomeTaxesExtraordinaryItemsNoncontrollingInterest" xlink:to="InformationTechnologyAndOverhead" xlink:title="calculation: IncomeLossFromContinuingOperationsBeforeIncomeTaxesExtraordinaryItemsNoncontrollingInterest to InformationTechnologyAndOverhead" use="optional" order="6.0" weight="-1" />
    <link:loc xlink:type="locator" xlink:href="http://xbrl.fasb.org/us-gaap/2012/elts/us-gaap-2012-01-31.xsd#us-gaap_AllocatedShareBasedCompensationExpense" xlink:label="AllocatedShareBasedCompensationExpense" xlink:title="AllocatedShareBasedCompensationExpense" />
    <link:calculationArc xlink:type="arc" xlink:arcrole="http://www.xbrl.org/2003/arcrole/summation-item" xlink:from="IncomeLossFromContinuingOperationsBeforeIncomeTaxesExtraordinaryItemsNoncontrollingInterest" xlink:to="AllocatedShareBasedCompensationExpense" xlink:title="calculation: IncomeLossFromContinuingOperationsBeforeIncomeTaxesExtraordinaryItemsNoncontrollingInterest to AllocatedShareBasedCompensationExpense" use="optional" order="7.0" weight="-1" />
    <link:loc xlink:type="locator" xlink:href="http://xbrl.fasb.org/us-gaap/2012/elts/us-gaap-2012-01-31.xsd#us-gaap_RestructuringCharges" xlink:label="RestructuringCharges" xlink:title="RestructuringCharges" />
    <link:calculationArc xlink:type="arc" xlink:arcrole="http://www.xbrl.org/2003/arcrole/summation-item" xlink:from="IncomeLossFromContinuingOperationsBeforeIncomeTaxesExtraordinaryItemsNoncontrollingInterest" xlink:to="RestructuringCharges" xlink:title="calculation: IncomeLossFromContinuingOperationsBeforeIncomeTaxesExtraordinaryItemsNoncontrollingInterest to RestructuringCharges" use="optional" order="8.0" weight="-1" />
    <link:loc xlink:type="locator" xlink:href="http://xbrl.fasb.org/us-gaap/2012/elts/us-gaap-2012-01-31.xsd#us-gaap_OtherNonoperatingIncomeExpense" xlink:label="OtherNonoperatingIncomeExpense" xlink:title="OtherNonoperatingIncomeExpense" />
    <link:calculationArc xlink:type="arc" xlink:arcrole="http://www.xbrl.org/2003/arcrole/summation-item" xlink:from="IncomeLossFromContinuingOperationsBeforeIncomeTaxesExtraordinaryItemsNoncontrollingInterest" xlink:to="OtherNonoperatingIncomeExpense" xlink:title="calculation: IncomeLossFromContinuingOperationsBeforeIncomeTaxesExtraordinaryItemsNoncontrollingInterest to OtherNonoperatingIncomeExpense" use="optional" order="9.0" weight="1" />
    <link:loc xlink:type="locator" xlink:href="http://xbrl.fasb.org/us-gaap/2012/elts/us-gaap-2012-01-31.xsd#us-gaap_InterestIncomeExpenseNonoperatingNet" xlink:label="InterestIncomeExpenseNonoperatingNet" xlink:title="InterestIncomeExpenseNonoperatingNet" />
    <link:calculationArc xlink:type="arc" xlink:arcrole="http://www.xbrl.org/2003/arcrole/summation-item" xlink:from="IncomeLossFromContinuingOperationsBeforeIncomeTaxesExtraordinaryItemsNoncontrollingInterest" xlink:to="InterestIncomeExpenseNonoperatingNet" xlink:title="calculation: IncomeLossFromContinuingOperationsBeforeIncomeTaxesExtraordinaryItemsNoncontrollingInterest to InterestIncomeExpenseNonoperatingNet" use="optional" order="10.0" weight="1" />
  </link:calculationLink>
  <link:calculationLink xlink:type="extended" xlink:role="http://www.aspentech.com/role/DisclosureSignificantAccountingPoliciesDetails">
    <link:loc xlink:type="locator" xlink:href="azpn-20121231.xsd#azpn_TotalSubscriptionAndSoftwareRevenuePercentOfTotal" xlink:label="TotalSubscriptionAndSoftwareRevenuePercentOfTotal" xlink:title="TotalSubscriptionAndSoftwareRevenuePercentOfTotal" />
    <link:loc xlink:type="locator" xlink:href="azpn-20121231.xsd#azpn_RatablePercentOfTotal" xlink:label="RatablePercentOfTotal" xlink:title="RatablePercentOfTotal" />
    <link:calculationArc xlink:type="arc" xlink:arcrole="http://www.xbrl.org/2003/arcrole/summation-item" xlink:from="TotalSubscriptionAndSoftwareRevenuePercentOfTotal" xlink:to="RatablePercentOfTotal" xlink:title="calculation: TotalSubscriptionAndSoftwareRevenuePercentOfTotal to RatablePercentOfTotal" use="optional" order="1.0" weight="1" />
    <link:loc xlink:type="locator" xlink:href="azpn-20121231.xsd#azpn_ResidualMethodPercentOfTotal" xlink:label="ResidualMethodPercentOfTotal" xlink:title="ResidualMethodPercentOfTotal" />
    <link:calculationArc xlink:type="arc" xlink:arcrole="http://www.xbrl.org/2003/arcrole/summation-item" xlink:from="TotalSubscriptionAndSoftwareRevenuePercentOfTotal" xlink:to="ResidualMethodPercentOfTotal" xlink:title="calculation: TotalSubscriptionAndSoftwareRevenuePercentOfTotal to ResidualMethodPercentOfTotal" use="optional" order="2.0" weight="1" />
    <link:loc xlink:type="locator" xlink:href="azpn-20121231.xsd#azpn_SubscriptionAndSoftwareRevenue" xlink:label="SubscriptionAndSoftwareRevenue" xlink:title="SubscriptionAndSoftwareRevenue" />
    <link:loc xlink:type="locator" xlink:href="azpn-20121231.xsd#azpn_RatableSubscriptionAndSoftwareRevenue" xlink:label="RatableSubscriptionAndSoftwareRevenue" xlink:title="RatableSubscriptionAndSoftwareRevenue" />
    <link:calculationArc xlink:type="arc" xlink:arcrole="http://www.xbrl.org/2003/arcrole/summation-item" xlink:from="SubscriptionAndSoftwareRevenue" xlink:to="RatableSubscriptionAndSoftwareRevenue" xlink:title="calculation: SubscriptionAndSoftwareRevenue to RatableSubscriptionAndSoftwareRevenue" use="optional" order="1.0" weight="1" />
    <link:loc xlink:type="locator" xlink:href="azpn-20121231.xsd#azpn_ResidualMethodSubscriptionAndSoftwareRevenue" xlink:label="ResidualMethodSubscriptionAndSoftwareRevenue" xlink:title="ResidualMethodSubscriptionAndSoftwareRevenue" />
    <link:calculationArc xlink:type="arc" xlink:arcrole="http://www.xbrl.org/2003/arcrole/summation-item" xlink:from="SubscriptionAndSoftwareRevenue" xlink:to="ResidualMethodSubscriptionAndSoftwareRevenue" xlink:title="calculation: SubscriptionAndSoftwareRevenue to ResidualMethodSubscriptionAndSoftwareRevenue" use="optional" order="2.0" weight="1" />
  </link:calculationLink>
  <link:calculationLink xlink:type="extended" xlink:role="http://www.aspentech.com/role/BalanceSheet">
    <link:loc xlink:type="locator" xlink:href="http://xbrl.fasb.org/us-gaap/2012/elts/us-gaap-2012-01-31.xsd#us-gaap_Assets" xlink:label="Assets" xlink:title="Assets" />
    <link:loc xlink:type="locator" xlink:href="http://xbrl.fasb.org/us-gaap/2012/elts/us-gaap-2012-01-31.xsd#us-gaap_AssetsCurrent" xlink:label="AssetsCurrent" xlink:title="AssetsCurrent" />
    <link:calculationArc xlink:type="arc" xlink:arcrole="http://www.xbrl.org/2003/arcrole/summation-item" xlink:from="Assets" xlink:to="AssetsCurrent" xlink:title="calculation: Assets to AssetsCurrent" use="optional" order="1.0" weight="1" />
    <link:loc xlink:type="locator" xlink:href="http://xbrl.fasb.org/us-gaap/2012/elts/us-gaap-2012-01-31.xsd#us-gaap_CashAndCashEquivalentsAtCarryingValue" xlink:label="CashAndCashEquivalentsAtCarryingValue" xlink:title="CashAndCashEquivalentsAtCarryingValue" />
    <link:calculationArc xlink:type="arc" xlink:arcrole="http://www.xbrl.org/2003/arcrole/summation-item" xlink:from="AssetsCurrent" xlink:to="CashAndCashEquivalentsAtCarryingValue" xlink:title="calculation: AssetsCurrent to CashAndCashEquivalentsAtCarryingValue" use="optional" order="1.0" weight="1" />
    <link:loc xlink:type="locator" xlink:href="http://xbrl.fasb.org/us-gaap/2012/elts/us-gaap-2012-01-31.xsd#us-gaap_AccountsReceivableNetCurrent" xlink:label="AccountsReceivableNetCurrent" xlink:title="AccountsReceivableNetCurrent" />
    <link:calculationArc xlink:type="arc" xlink:arcrole="http://www.xbrl.org/2003/arcrole/summation-item" xlink:from="AssetsCurrent" xlink:to="AccountsReceivableNetCurrent" xlink:title="calculation: AssetsCurrent to AccountsReceivableNetCurrent" use="optional" order="2.0" weight="1" />
    <link:loc xlink:type="locator" xlink:href="http://xbrl.fasb.org/us-gaap/2012/elts/us-gaap-2012-01-31.xsd#us-gaap_NotesAndLoansReceivableNetCurrent" xlink:label="NotesAndLoansReceivableNetCurrent" xlink:title="NotesAndLoansReceivableNetCurrent" />
    <link:calculationArc xlink:type="arc" xlink:arcrole="http://www.xbrl.org/2003/arcrole/summation-item" xlink:from="AssetsCurrent" xlink:to="NotesAndLoansReceivableNetCurrent" xlink:title="calculation: AssetsCurrent to NotesAndLoansReceivableNetCurrent" use="optional" order="3.0" weight="1" />
    <link:loc xlink:type="locator" xlink:href="http://xbrl.fasb.org/us-gaap/2012/elts/us-gaap-2012-01-31.xsd#us-gaap_AccountsReceivableFromSecuritization" xlink:label="AccountsReceivableFromSecuritization" xlink:title="AccountsReceivableFromSecuritization" />
    <link:calculationArc xlink:type="arc" xlink:arcrole="http://www.xbrl.org/2003/arcrole/summation-item" xlink:from="AssetsCurrent" xlink:to="AccountsReceivableFromSecuritization" xlink:title="calculation: AssetsCurrent to AccountsReceivableFromSecuritization" use="optional" order="4.0" weight="1" />
    <link:loc xlink:type="locator" xlink:href="http://xbrl.fasb.org/us-gaap/2012/elts/us-gaap-2012-01-31.xsd#us-gaap_UnbilledContractsReceivable" xlink:label="UnbilledContractsReceivable" xlink:title="UnbilledContractsReceivable" />
    <link:calculationArc xlink:type="arc" xlink:arcrole="http://www.xbrl.org/2003/arcrole/summation-item" xlink:from="AssetsCurrent" xlink:to="UnbilledContractsReceivable" xlink:title="calculation: AssetsCurrent to UnbilledContractsReceivable" use="optional" order="5.0" weight="1" />
    <link:loc xlink:type="locator" xlink:href="http://xbrl.fasb.org/us-gaap/2012/elts/us-gaap-2012-01-31.xsd#us-gaap_PrepaidExpenseAndOtherAssetsCurrent" xlink:label="PrepaidExpenseAndOtherAssetsCurrent" xlink:title="PrepaidExpenseAndOtherAssetsCurrent" />
    <link:calculationArc xlink:type="arc" xlink:arcrole="http://www.xbrl.org/2003/arcrole/summation-item" xlink:from="AssetsCurrent" xlink:to="PrepaidExpenseAndOtherAssetsCurrent" xlink:title="calculation: AssetsCurrent to PrepaidExpenseAndOtherAssetsCurrent" use="optional" order="6.0" weight="1" />
    <link:loc xlink:type="locator" xlink:href="http://xbrl.fasb.org/us-gaap/2012/elts/us-gaap-2012-01-31.xsd#us-gaap_PrepaidTaxes" xlink:label="PrepaidTaxes" xlink:title="PrepaidTaxes" />
    <link:calculationArc xlink:type="arc" xlink:arcrole="http://www.xbrl.org/2003/arcrole/summation-item" xlink:from="AssetsCurrent" xlink:to="PrepaidTaxes" xlink:title="calculation: AssetsCurrent to PrepaidTaxes" use="optional" order="7.0" weight="1" />
    <link:loc xlink:type="locator" xlink:href="http://xbrl.fasb.org/us-gaap/2012/elts/us-gaap-2012-01-31.xsd#us-gaap_DeferredTaxAssetsLiabilitiesNetCurrent" xlink:label="DeferredTaxAssetsLiabilitiesNetCurrent" xlink:title="DeferredTaxAssetsLiabilitiesNetCurrent" />
    <link:calculationArc xlink:type="arc" xlink:arcrole="http://www.xbrl.org/2003/arcrole/summation-item" xlink:from="AssetsCurrent" xlink:to="DeferredTaxAssetsLiabilitiesNetCurrent" xlink:title="calculation: AssetsCurrent to DeferredTaxAssetsLiabilitiesNetCurrent" use="optional" order="8.0" weight="1" />
    <link:loc xlink:type="locator" xlink:href="http://xbrl.fasb.org/us-gaap/2012/elts/us-gaap-2012-01-31.xsd#us-gaap_NotesAndLoansReceivableNetNoncurrent" xlink:label="NotesAndLoansReceivableNetNoncurrent" xlink:title="NotesAndLoansReceivableNetNoncurrent" />
    <link:calculationArc xlink:type="arc" xlink:arcrole="http://www.xbrl.org/2003/arcrole/summation-item" xlink:from="Assets" xlink:to="NotesAndLoansReceivableNetNoncurrent" xlink:title="calculation: Assets to NotesAndLoansReceivableNetNoncurrent" use="optional" order="2.0" weight="1" />
    <link:loc xlink:type="locator" xlink:href="http://xbrl.fasb.org/us-gaap/2012/elts/us-gaap-2012-01-31.xsd#us-gaap_PropertyPlantAndEquipmentNet" xlink:label="PropertyPlantAndEquipmentNet" xlink:title="PropertyPlantAndEquipmentNet" />
    <link:calculationArc xlink:type="arc" xlink:arcrole="http://www.xbrl.org/2003/arcrole/summation-item" xlink:from="Assets" xlink:to="PropertyPlantAndEquipmentNet" xlink:title="calculation: Assets to PropertyPlantAndEquipmentNet" use="optional" order="3.0" weight="1" />
    <link:loc xlink:type="locator" xlink:href="http://xbrl.fasb.org/us-gaap/2012/elts/us-gaap-2012-01-31.xsd#us-gaap_CapitalizedSoftwareDevelopmentCostsForSoftwareSoldToCustomers" xlink:label="CapitalizedSoftwareDevelopmentCostsForSoftwareSoldToCustomers" xlink:title="CapitalizedSoftwareDevelopmentCostsForSoftwareSoldToCustomers" />
    <link:calculationArc xlink:type="arc" xlink:arcrole="http://www.xbrl.org/2003/arcrole/summation-item" xlink:from="Assets" xlink:to="CapitalizedSoftwareDevelopmentCostsForSoftwareSoldToCustomers" xlink:title="calculation: Assets to CapitalizedSoftwareDevelopmentCostsForSoftwareSoldToCustomers" use="optional" order="4.0" weight="1" />
    <link:loc xlink:type="locator" xlink:href="http://xbrl.fasb.org/us-gaap/2012/elts/us-gaap-2012-01-31.xsd#us-gaap_Goodwill" xlink:label="Goodwill" xlink:title="Goodwill" />
    <link:calculationArc xlink:type="arc" xlink:arcrole="http://www.xbrl.org/2003/arcrole/summation-item" xlink:from="Assets" xlink:to="Goodwill" xlink:title="calculation: Assets to Goodwill" use="optional" order="5.0" weight="1" />
    <link:loc xlink:type="locator" xlink:href="http://xbrl.fasb.org/us-gaap/2012/elts/us-gaap-2012-01-31.xsd#us-gaap_DeferredTaxAssetsNetNoncurrent" xlink:label="DeferredTaxAssetsNetNoncurrent" xlink:title="DeferredTaxAssetsNetNoncurrent" />
    <link:calculationArc xlink:type="arc" xlink:arcrole="http://www.xbrl.org/2003/arcrole/summation-item" xlink:from="Assets" xlink:to="DeferredTaxAssetsNetNoncurrent" xlink:title="calculation: Assets to DeferredTaxAssetsNetNoncurrent" use="optional" order="6.0" weight="1" />
    <link:loc xlink:type="locator" xlink:href="http://xbrl.fasb.org/us-gaap/2012/elts/us-gaap-2012-01-31.xsd#us-gaap_OtherAssetsNoncurrent" xlink:label="OtherAssetsNoncurrent" xlink:title="OtherAssetsNoncurrent" />
    <link:calculationArc xlink:type="arc" xlink:arcrole="http://www.xbrl.org/2003/arcrole/summation-item" xlink:from="Assets" xlink:to="OtherAssetsNoncurrent" xlink:title="calculation: Assets to OtherAssetsNoncurrent" use="optional" order="7.0" weight="1" />
    <link:loc xlink:type="locator" xlink:href="http://xbrl.fasb.org/us-gaap/2012/elts/us-gaap-2012-01-31.xsd#us-gaap_LiabilitiesAndStockholdersEquity" xlink:label="LiabilitiesAndStockholdersEquity" xlink:title="LiabilitiesAndStockholdersEquity" />
    <link:loc xlink:type="locator" xlink:href="http://xbrl.fasb.org/us-gaap/2012/elts/us-gaap-2012-01-31.xsd#us-gaap_LiabilitiesCurrent" xlink:label="LiabilitiesCurrent" xlink:title="LiabilitiesCurrent" />
    <link:calculationArc xlink:type="arc" xlink:arcrole="http://www.xbrl.org/2003/arcrole/summation-item" xlink:from="LiabilitiesAndStockholdersEquity" xlink:to="LiabilitiesCurrent" xlink:title="calculation: LiabilitiesAndStockholdersEquity to LiabilitiesCurrent" use="optional" order="1.0" weight="1" />
    <link:loc xlink:type="locator" xlink:href="http://xbrl.fasb.org/us-gaap/2012/elts/us-gaap-2012-01-31.xsd#us-gaap_SecuredDebtCurrent" xlink:label="SecuredDebtCurrent" xlink:title="SecuredDebtCurrent" />
    <link:calculationArc xlink:type="arc" xlink:arcrole="http://www.xbrl.org/2003/arcrole/summation-item" xlink:from="LiabilitiesCurrent" xlink:to="SecuredDebtCurrent" xlink:title="calculation: LiabilitiesCurrent to SecuredDebtCurrent" use="optional" order="1.0" weight="1" />
    <link:loc xlink:type="locator" xlink:href="http://xbrl.fasb.org/us-gaap/2012/elts/us-gaap-2012-01-31.xsd#us-gaap_AccountsPayableCurrent" xlink:label="AccountsPayableCurrent" xlink:title="AccountsPayableCurrent" />
    <link:calculationArc xlink:type="arc" xlink:arcrole="http://www.xbrl.org/2003/arcrole/summation-item" xlink:from="LiabilitiesCurrent" xlink:to="AccountsPayableCurrent" xlink:title="calculation: LiabilitiesCurrent to AccountsPayableCurrent" use="optional" order="2.0" weight="1" />
    <link:loc xlink:type="locator" xlink:href="http://xbrl.fasb.org/us-gaap/2012/elts/us-gaap-2012-01-31.xsd#us-gaap_AccruedLiabilitiesCurrent" xlink:label="AccruedLiabilitiesCurrent" xlink:title="AccruedLiabilitiesCurrent" />
    <link:calculationArc xlink:type="arc" xlink:arcrole="http://www.xbrl.org/2003/arcrole/summation-item" xlink:from="LiabilitiesCurrent" xlink:to="AccruedLiabilitiesCurrent" xlink:title="calculation: LiabilitiesCurrent to AccruedLiabilitiesCurrent" use="optional" order="3.0" weight="1" />
    <link:loc xlink:type="locator" xlink:href="http://xbrl.fasb.org/us-gaap/2012/elts/us-gaap-2012-01-31.xsd#us-gaap_AccruedIncomeTaxesCurrent" xlink:label="AccruedIncomeTaxesCurrent" xlink:title="AccruedIncomeTaxesCurrent" />
    <link:calculationArc xlink:type="arc" xlink:arcrole="http://www.xbrl.org/2003/arcrole/summation-item" xlink:from="LiabilitiesCurrent" xlink:to="AccruedIncomeTaxesCurrent" xlink:title="calculation: LiabilitiesCurrent to AccruedIncomeTaxesCurrent" use="optional" order="4.0" weight="1" />
    <link:loc xlink:type="locator" xlink:href="http://xbrl.fasb.org/us-gaap/2012/elts/us-gaap-2012-01-31.xsd#us-gaap_DeferredRevenueCurrent" xlink:label="DeferredRevenueCurrent" xlink:title="DeferredRevenueCurrent" />
    <link:calculationArc xlink:type="arc" xlink:arcrole="http://www.xbrl.org/2003/arcrole/summation-item" xlink:from="LiabilitiesCurrent" xlink:to="DeferredRevenueCurrent" xlink:title="calculation: LiabilitiesCurrent to DeferredRevenueCurrent" use="optional" order="5.0" weight="1" />
    <link:loc xlink:type="locator" xlink:href="http://xbrl.fasb.org/us-gaap/2012/elts/us-gaap-2012-01-31.xsd#us-gaap_DeferredTaxLiabilitiesCurrent" xlink:label="DeferredTaxLiabilitiesCurrent" xlink:title="DeferredTaxLiabilitiesCurrent" />
    <link:calculationArc xlink:type="arc" xlink:arcrole="http://www.xbrl.org/2003/arcrole/summation-item" xlink:from="LiabilitiesCurrent" xlink:to="DeferredTaxLiabilitiesCurrent" xlink:title="calculation: LiabilitiesCurrent to DeferredTaxLiabilitiesCurrent" use="optional" order="6.0" weight="1" />
    <link:loc xlink:type="locator" xlink:href="http://xbrl.fasb.org/us-gaap/2012/elts/us-gaap-2012-01-31.xsd#us-gaap_DeferredRevenueNoncurrent" xlink:label="DeferredRevenueNoncurrent" xlink:title="DeferredRevenueNoncurrent" />
    <link:calculationArc xlink:type="arc" xlink:arcrole="http://www.xbrl.org/2003/arcrole/summation-item" xlink:from="LiabilitiesAndStockholdersEquity" xlink:to="DeferredRevenueNoncurrent" xlink:title="calculation: LiabilitiesAndStockholdersEquity to DeferredRevenueNoncurrent" use="optional" order="2.0" weight="1" />
    <link:loc xlink:type="locator" xlink:href="http://xbrl.fasb.org/us-gaap/2012/elts/us-gaap-2012-01-31.xsd#us-gaap_OtherLiabilitiesNoncurrent" xlink:label="OtherLiabilitiesNoncurrent" xlink:title="OtherLiabilitiesNoncurrent" />
    <link:calculationArc xlink:type="arc" xlink:arcrole="http://www.xbrl.org/2003/arcrole/summation-item" xlink:from="LiabilitiesAndStockholdersEquity" xlink:to="OtherLiabilitiesNoncurrent" xlink:title="calculation: LiabilitiesAndStockholdersEquity to OtherLiabilitiesNoncurrent" use="optional" order="3.0" weight="1" />
    <link:loc xlink:type="locator" xlink:href="http://xbrl.fasb.org/us-gaap/2012/elts/us-gaap-2012-01-31.xsd#us-gaap_TemporaryEquityCarryingAmountAttributableToParent" xlink:label="TemporaryEquityCarryingAmountAttributableToParent" xlink:title="TemporaryEquityCarryingAmountAttributableToParent" />
    <link:calculationArc xlink:type="arc" xlink:arcrole="http://www.xbrl.org/2003/arcrole/summation-item" xlink:from="LiabilitiesAndStockholdersEquity" xlink:to="TemporaryEquityCarryingAmountAttributableToParent" xlink:title="calculation: LiabilitiesAndStockholdersEquity to TemporaryEquityCarryingAmountAttributableToParent" use="optional" order="4.0" weight="1" />
    <link:loc xlink:type="locator" xlink:href="http://xbrl.fasb.org/us-gaap/2012/elts/us-gaap-2012-01-31.xsd#us-gaap_StockholdersEquity" xlink:label="StockholdersEquity" xlink:title="StockholdersEquity" />
    <link:calculationArc xlink:type="arc" xlink:arcrole="http://www.xbrl.org/2003/arcrole/summation-item" xlink:from="LiabilitiesAndStockholdersEquity" xlink:to="StockholdersEquity" xlink:title="calculation: LiabilitiesAndStockholdersEquity to StockholdersEquity" use="optional" order="5.0" weight="1" />
    <link:loc xlink:type="locator" xlink:href="http://xbrl.fasb.org/us-gaap/2012/elts/us-gaap-2012-01-31.xsd#us-gaap_CommonStockValue" xlink:label="CommonStockValue" xlink:title="CommonStockValue" />
    <link:calculationArc xlink:type="arc" xlink:arcrole="http://www.xbrl.org/2003/arcrole/summation-item" xlink:from="StockholdersEquity" xlink:to="CommonStockValue" xlink:title="calculation: StockholdersEquity to CommonStockValue" use="optional" order="1.0" weight="1" />
    <link:loc xlink:type="locator" xlink:href="http://xbrl.fasb.org/us-gaap/2012/elts/us-gaap-2012-01-31.xsd#us-gaap_AdditionalPaidInCapitalCommonStock" xlink:label="AdditionalPaidInCapitalCommonStock" xlink:title="AdditionalPaidInCapitalCommonStock" />
    <link:calculationArc xlink:type="arc" xlink:arcrole="http://www.xbrl.org/2003/arcrole/summation-item" xlink:from="StockholdersEquity" xlink:to="AdditionalPaidInCapitalCommonStock" xlink:title="calculation: StockholdersEquity to AdditionalPaidInCapitalCommonStock" use="optional" order="2.0" weight="1" />
    <link:loc xlink:type="locator" xlink:href="http://xbrl.fasb.org/us-gaap/2012/elts/us-gaap-2012-01-31.xsd#us-gaap_RetainedEarningsAccumulatedDeficit" xlink:label="RetainedEarningsAccumulatedDeficit" xlink:title="RetainedEarningsAccumulatedDeficit" />
    <link:calculationArc xlink:type="arc" xlink:arcrole="http://www.xbrl.org/2003/arcrole/summation-item" xlink:from="StockholdersEquity" xlink:to="RetainedEarningsAccumulatedDeficit" xlink:title="calculation: StockholdersEquity to RetainedEarningsAccumulatedDeficit" use="optional" order="3.0" weight="1" />
    <link:loc xlink:type="locator" xlink:href="http://xbrl.fasb.org/us-gaap/2012/elts/us-gaap-2012-01-31.xsd#us-gaap_AccumulatedOtherComprehensiveIncomeLossNetOfTax" xlink:label="AccumulatedOtherComprehensiveIncomeLossNetOfTax" xlink:title="AccumulatedOtherComprehensiveIncomeLossNetOfTax" />
    <link:calculationArc xlink:type="arc" xlink:arcrole="http://www.xbrl.org/2003/arcrole/summation-item" xlink:from="StockholdersEquity" xlink:to="AccumulatedOtherComprehensiveIncomeLossNetOfTax" xlink:title="calculation: StockholdersEquity to AccumulatedOtherComprehensiveIncomeLossNetOfTax" use="optional" order="4.0" weight="1" />
    <link:loc xlink:type="locator" xlink:href="http://xbrl.fasb.org/us-gaap/2012/elts/us-gaap-2012-01-31.xsd#us-gaap_TreasuryStockValue" xlink:label="TreasuryStockValue" xlink:title="TreasuryStockValue" />
    <link:calculationArc xlink:type="arc" xlink:arcrole="http://www.xbrl.org/2003/arcrole/summation-item" xlink:from="StockholdersEquity" xlink:to="TreasuryStockValue" xlink:title="calculation: StockholdersEquity to TreasuryStockValue" use="optional" order="5.0" weight="-1" />
  </link:calculationLink>
  <link:calculationLink xlink:type="extended" xlink:role="http://www.aspentech.com/role/CashFlows">
    <link:loc xlink:type="locator" xlink:href="http://xbrl.fasb.org/us-gaap/2012/elts/us-gaap-2012-01-31.xsd#us-gaap_CashAndCashEquivalentsPeriodIncreaseDecrease" xlink:label="CashAndCashEquivalentsPeriodIncreaseDecrease" xlink:title="CashAndCashEquivalentsPeriodIncreaseDecrease" />
    <link:loc xlink:type="locator" xlink:href="http://xbrl.fasb.org/us-gaap/2012/elts/us-gaap-2012-01-31.xsd#us-gaap_NetCashProvidedByUsedInOperatingActivitiesContinuingOperations" xlink:label="NetCashProvidedByUsedInOperatingActivitiesContinuingOperations" xlink:title="NetCashProvidedByUsedInOperatingActivitiesContinuingOperations" />
    <link:calculationArc xlink:type="arc" xlink:arcrole="http://www.xbrl.org/2003/arcrole/summation-item" xlink:from="CashAndCashEquivalentsPeriodIncreaseDecrease" xlink:to="NetCashProvidedByUsedInOperatingActivitiesContinuingOperations" xlink:title="calculation: CashAndCashEquivalentsPeriodIncreaseDecrease to NetCashProvidedByUsedInOperatingActivitiesContinuingOperations" order="1.0" weight="1" />
    <link:loc xlink:type="locator" xlink:href="http://xbrl.fasb.org/us-gaap/2012/elts/us-gaap-2012-01-31.xsd#us-gaap_NetIncomeLoss" xlink:label="NetIncomeLoss" xlink:title="NetIncomeLoss" />
    <link:calculationArc xlink:type="arc" xlink:arcrole="http://www.xbrl.org/2003/arcrole/summation-item" xlink:from="NetCashProvidedByUsedInOperatingActivitiesContinuingOperations" xlink:to="NetIncomeLoss" xlink:title="calculation: NetCashProvidedByUsedInOperatingActivitiesContinuingOperations to NetIncomeLoss" use="optional" order="1.0" weight="1" />
    <link:loc xlink:type="locator" xlink:href="http://xbrl.fasb.org/us-gaap/2012/elts/us-gaap-2012-01-31.xsd#us-gaap_DepreciationDepletionAndAmortization" xlink:label="DepreciationDepletionAndAmortization" xlink:title="DepreciationDepletionAndAmortization" />
    <link:calculationArc xlink:type="arc" xlink:arcrole="http://www.xbrl.org/2003/arcrole/summation-item" xlink:from="NetCashProvidedByUsedInOperatingActivitiesContinuingOperations" xlink:to="DepreciationDepletionAndAmortization" xlink:title="calculation: NetCashProvidedByUsedInOperatingActivitiesContinuingOperations to DepreciationDepletionAndAmortization" use="optional" order="2.0" weight="1" />
    <link:loc xlink:type="locator" xlink:href="azpn-20121231.xsd#azpn_NetForeignCurrencyLossGainDueToRevaluation" xlink:label="NetForeignCurrencyLossGainDueToRevaluation" xlink:title="NetForeignCurrencyLossGainDueToRevaluation" />
    <link:calculationArc xlink:type="arc" xlink:arcrole="http://www.xbrl.org/2003/arcrole/summation-item" xlink:from="NetCashProvidedByUsedInOperatingActivitiesContinuingOperations" xlink:to="NetForeignCurrencyLossGainDueToRevaluation" xlink:title="calculation: NetCashProvidedByUsedInOperatingActivitiesContinuingOperations to NetForeignCurrencyLossGainDueToRevaluation" use="optional" order="3.0" weight="-1" />
    <link:loc xlink:type="locator" xlink:href="http://xbrl.fasb.org/us-gaap/2012/elts/us-gaap-2012-01-31.xsd#us-gaap_ShareBasedCompensation" xlink:label="ShareBasedCompensation" xlink:title="ShareBasedCompensation" />
    <link:calculationArc xlink:type="arc" xlink:arcrole="http://www.xbrl.org/2003/arcrole/summation-item" xlink:from="NetCashProvidedByUsedInOperatingActivitiesContinuingOperations" xlink:to="ShareBasedCompensation" xlink:title="calculation: NetCashProvidedByUsedInOperatingActivitiesContinuingOperations to ShareBasedCompensation" use="optional" order="4.0" weight="1" />
    <link:loc xlink:type="locator" xlink:href="http://xbrl.fasb.org/us-gaap/2012/elts/us-gaap-2012-01-31.xsd#us-gaap_DeferredIncomeTaxExpenseBenefit" xlink:label="DeferredIncomeTaxExpenseBenefit" xlink:title="DeferredIncomeTaxExpenseBenefit" />
    <link:calculationArc xlink:type="arc" xlink:arcrole="http://www.xbrl.org/2003/arcrole/summation-item" xlink:from="NetCashProvidedByUsedInOperatingActivitiesContinuingOperations" xlink:to="DeferredIncomeTaxExpenseBenefit" xlink:title="calculation: NetCashProvidedByUsedInOperatingActivitiesContinuingOperations to DeferredIncomeTaxExpenseBenefit" use="optional" order="5.0" weight="1" />
    <link:loc xlink:type="locator" xlink:href="http://xbrl.fasb.org/us-gaap/2012/elts/us-gaap-2012-01-31.xsd#us-gaap_ProvisionForDoubtfulAccounts" xlink:label="ProvisionForDoubtfulAccounts" xlink:title="ProvisionForDoubtfulAccounts" />
    <link:calculationArc xlink:type="arc" xlink:arcrole="http://www.xbrl.org/2003/arcrole/summation-item" xlink:from="NetCashProvidedByUsedInOperatingActivitiesContinuingOperations" xlink:to="ProvisionForDoubtfulAccounts" xlink:title="calculation: NetCashProvidedByUsedInOperatingActivitiesContinuingOperations to ProvisionForDoubtfulAccounts" use="optional" order="6.0" weight="1" />
    <link:loc xlink:type="locator" xlink:href="http://xbrl.fasb.org/us-gaap/2012/elts/us-gaap-2012-01-31.xsd#us-gaap_OtherNoncashIncomeExpense" xlink:label="OtherNoncashIncomeExpense" xlink:title="OtherNoncashIncomeExpense" />
    <link:calculationArc xlink:type="arc" xlink:arcrole="http://www.xbrl.org/2003/arcrole/summation-item" xlink:from="NetCashProvidedByUsedInOperatingActivitiesContinuingOperations" xlink:to="OtherNoncashIncomeExpense" xlink:title="calculation: NetCashProvidedByUsedInOperatingActivitiesContinuingOperations to OtherNoncashIncomeExpense" use="optional" order="7.0" weight="-1" />
    <link:loc xlink:type="locator" xlink:href="http://xbrl.fasb.org/us-gaap/2012/elts/us-gaap-2012-01-31.xsd#us-gaap_IncreaseDecreaseInAccountsReceivable" xlink:label="IncreaseDecreaseInAccountsReceivable" xlink:title="IncreaseDecreaseInAccountsReceivable" />
    <link:calculationArc xlink:type="arc" xlink:arcrole="http://www.xbrl.org/2003/arcrole/summation-item" xlink:from="NetCashProvidedByUsedInOperatingActivitiesContinuingOperations" xlink:to="IncreaseDecreaseInAccountsReceivable" xlink:title="calculation: NetCashProvidedByUsedInOperatingActivitiesContinuingOperations to IncreaseDecreaseInAccountsReceivable" use="optional" order="8.0" weight="-1" />
    <link:loc xlink:type="locator" xlink:href="http://xbrl.fasb.org/us-gaap/2012/elts/us-gaap-2012-01-31.xsd#us-gaap_IncreaseDecreaseInUnbilledReceivables" xlink:label="IncreaseDecreaseInUnbilledReceivables" xlink:title="IncreaseDecreaseInUnbilledReceivables" />
    <link:calculationArc xlink:type="arc" xlink:arcrole="http://www.xbrl.org/2003/arcrole/summation-item" xlink:from="NetCashProvidedByUsedInOperatingActivitiesContinuingOperations" xlink:to="IncreaseDecreaseInUnbilledReceivables" xlink:title="calculation: NetCashProvidedByUsedInOperatingActivitiesContinuingOperations to IncreaseDecreaseInUnbilledReceivables" use="optional" order="9.0" weight="-1" />
    <link:loc xlink:type="locator" xlink:href="http://xbrl.fasb.org/us-gaap/2012/elts/us-gaap-2012-01-31.xsd#us-gaap_IncreaseDecreaseInPrepaidDeferredExpenseAndOtherAssets" xlink:label="IncreaseDecreaseInPrepaidDeferredExpenseAndOtherAssets" xlink:title="IncreaseDecreaseInPrepaidDeferredExpenseAndOtherAssets" />
    <link:calculationArc xlink:type="arc" xlink:arcrole="http://www.xbrl.org/2003/arcrole/summation-item" xlink:from="NetCashProvidedByUsedInOperatingActivitiesContinuingOperations" xlink:to="IncreaseDecreaseInPrepaidDeferredExpenseAndOtherAssets" xlink:title="calculation: NetCashProvidedByUsedInOperatingActivitiesContinuingOperations to IncreaseDecreaseInPrepaidDeferredExpenseAndOtherAssets" use="optional" order="10.0" weight="-1" />
    <link:loc xlink:type="locator" xlink:href="azpn-20121231.xsd#azpn_IncreaseDecreaseInInstallmentsAndCollateralizedReceivables" xlink:label="IncreaseDecreaseInInstallmentsAndCollateralizedReceivables" xlink:title="IncreaseDecreaseInInstallmentsAndCollateralizedReceivables" />
    <link:calculationArc xlink:type="arc" xlink:arcrole="http://www.xbrl.org/2003/arcrole/summation-item" xlink:from="NetCashProvidedByUsedInOperatingActivitiesContinuingOperations" xlink:to="IncreaseDecreaseInInstallmentsAndCollateralizedReceivables" xlink:title="calculation: NetCashProvidedByUsedInOperatingActivitiesContinuingOperations to IncreaseDecreaseInInstallmentsAndCollateralizedReceivables" use="optional" order="11.0" weight="-1" />
    <link:loc xlink:type="locator" xlink:href="http://xbrl.fasb.org/us-gaap/2012/elts/us-gaap-2012-01-31.xsd#us-gaap_IncreaseDecreaseInAccountsPayableAndAccruedLiabilities" xlink:label="IncreaseDecreaseInAccountsPayableAndAccruedLiabilities" xlink:title="IncreaseDecreaseInAccountsPayableAndAccruedLiabilities" />
    <link:calculationArc xlink:type="arc" xlink:arcrole="http://www.xbrl.org/2003/arcrole/summation-item" xlink:from="NetCashProvidedByUsedInOperatingActivitiesContinuingOperations" xlink:to="IncreaseDecreaseInAccountsPayableAndAccruedLiabilities" xlink:title="calculation: NetCashProvidedByUsedInOperatingActivitiesContinuingOperations to IncreaseDecreaseInAccountsPayableAndAccruedLiabilities" use="optional" order="12.0" weight="1" />
    <link:loc xlink:type="locator" xlink:href="http://xbrl.fasb.org/us-gaap/2012/elts/us-gaap-2012-01-31.xsd#us-gaap_IncreaseDecreaseInDeferredRevenue" xlink:label="IncreaseDecreaseInDeferredRevenue" xlink:title="IncreaseDecreaseInDeferredRevenue" />
    <link:calculationArc xlink:type="arc" xlink:arcrole="http://www.xbrl.org/2003/arcrole/summation-item" xlink:from="NetCashProvidedByUsedInOperatingActivitiesContinuingOperations" xlink:to="IncreaseDecreaseInDeferredRevenue" xlink:title="calculation: NetCashProvidedByUsedInOperatingActivitiesContinuingOperations to IncreaseDecreaseInDeferredRevenue" use="optional" order="13.0" weight="1" />
    <link:loc xlink:type="locator" xlink:href="http://xbrl.fasb.org/us-gaap/2012/elts/us-gaap-2012-01-31.xsd#us-gaap_NetCashProvidedByUsedInInvestingActivitiesContinuingOperations" xlink:label="NetCashProvidedByUsedInInvestingActivitiesContinuingOperations" xlink:title="NetCashProvidedByUsedInInvestingActivitiesContinuingOperations" />
    <link:calculationArc xlink:type="arc" xlink:arcrole="http://www.xbrl.org/2003/arcrole/summation-item" xlink:from="CashAndCashEquivalentsPeriodIncreaseDecrease" xlink:to="NetCashProvidedByUsedInInvestingActivitiesContinuingOperations" xlink:title="calculation: CashAndCashEquivalentsPeriodIncreaseDecrease to NetCashProvidedByUsedInInvestingActivitiesContinuingOperations" order="2.0" weight="1" />
    <link:loc xlink:type="locator" xlink:href="http://xbrl.fasb.org/us-gaap/2012/elts/us-gaap-2012-01-31.xsd#us-gaap_PaymentsToAcquirePropertyPlantAndEquipment" xlink:label="PaymentsToAcquirePropertyPlantAndEquipment" xlink:title="PaymentsToAcquirePropertyPlantAndEquipment" />
    <link:calculationArc xlink:type="arc" xlink:arcrole="http://www.xbrl.org/2003/arcrole/summation-item" xlink:from="NetCashProvidedByUsedInInvestingActivitiesContinuingOperations" xlink:to="PaymentsToAcquirePropertyPlantAndEquipment" xlink:title="calculation: NetCashProvidedByUsedInInvestingActivitiesContinuingOperations to PaymentsToAcquirePropertyPlantAndEquipment" use="optional" order="1.0" weight="-1" />
    <link:loc xlink:type="locator" xlink:href="http://xbrl.fasb.org/us-gaap/2012/elts/us-gaap-2012-01-31.xsd#us-gaap_ProceedsFromInsuranceSettlementInvestingActivities" xlink:label="ProceedsFromInsuranceSettlementInvestingActivities" xlink:title="ProceedsFromInsuranceSettlementInvestingActivities" />
    <link:calculationArc xlink:type="arc" xlink:arcrole="http://www.xbrl.org/2003/arcrole/summation-item" xlink:from="NetCashProvidedByUsedInInvestingActivitiesContinuingOperations" xlink:to="ProceedsFromInsuranceSettlementInvestingActivities" xlink:title="calculation: NetCashProvidedByUsedInInvestingActivitiesContinuingOperations to ProceedsFromInsuranceSettlementInvestingActivities" use="optional" order="2.0" weight="1" />
    <link:loc xlink:type="locator" xlink:href="http://xbrl.fasb.org/us-gaap/2012/elts/us-gaap-2012-01-31.xsd#us-gaap_PaymentsToAcquireIntangibleAssets" xlink:label="PaymentsToAcquireIntangibleAssets" xlink:title="PaymentsToAcquireIntangibleAssets" />
    <link:calculationArc xlink:type="arc" xlink:arcrole="http://www.xbrl.org/2003/arcrole/summation-item" xlink:from="NetCashProvidedByUsedInInvestingActivitiesContinuingOperations" xlink:to="PaymentsToAcquireIntangibleAssets" xlink:title="calculation: NetCashProvidedByUsedInInvestingActivitiesContinuingOperations to PaymentsToAcquireIntangibleAssets" use="optional" order="3.0" weight="-1" />
    <link:loc xlink:type="locator" xlink:href="azpn-20121231.xsd#azpn_PaymentsForSoftwareToBeSold" xlink:label="PaymentsForSoftwareToBeSold" xlink:title="PaymentsForSoftwareToBeSold" />
    <link:calculationArc xlink:type="arc" xlink:arcrole="http://www.xbrl.org/2003/arcrole/summation-item" xlink:from="NetCashProvidedByUsedInInvestingActivitiesContinuingOperations" xlink:to="PaymentsForSoftwareToBeSold" xlink:title="calculation: NetCashProvidedByUsedInInvestingActivitiesContinuingOperations to PaymentsForSoftwareToBeSold" use="optional" order="4.0" weight="-1" />
    <link:loc xlink:type="locator" xlink:href="http://xbrl.fasb.org/us-gaap/2012/elts/us-gaap-2012-01-31.xsd#us-gaap_NetCashProvidedByUsedInFinancingActivitiesContinuingOperations" xlink:label="NetCashProvidedByUsedInFinancingActivitiesContinuingOperations" xlink:title="NetCashProvidedByUsedInFinancingActivitiesContinuingOperations" />
    <link:calculationArc xlink:type="arc" xlink:arcrole="http://www.xbrl.org/2003/arcrole/summation-item" xlink:from="CashAndCashEquivalentsPeriodIncreaseDecrease" xlink:to="NetCashProvidedByUsedInFinancingActivitiesContinuingOperations" xlink:title="calculation: CashAndCashEquivalentsPeriodIncreaseDecrease to NetCashProvidedByUsedInFinancingActivitiesContinuingOperations" order="3.0" weight="1" />
    <link:loc xlink:type="locator" xlink:href="http://xbrl.fasb.org/us-gaap/2012/elts/us-gaap-2012-01-31.xsd#us-gaap_ProceedsFromStockOptionsExercised" xlink:label="ProceedsFromStockOptionsExercised" xlink:title="ProceedsFromStockOptionsExercised" />
    <link:calculationArc xlink:type="arc" xlink:arcrole="http://www.xbrl.org/2003/arcrole/summation-item" xlink:from="NetCashProvidedByUsedInFinancingActivitiesContinuingOperations" xlink:to="ProceedsFromStockOptionsExercised" xlink:title="calculation: NetCashProvidedByUsedInFinancingActivitiesContinuingOperations to ProceedsFromStockOptionsExercised" use="optional" order="1.0" weight="1" />
    <link:loc xlink:type="locator" xlink:href="http://xbrl.fasb.org/us-gaap/2012/elts/us-gaap-2012-01-31.xsd#us-gaap_ProceedsFromIssuanceOfSecuredDebt" xlink:label="ProceedsFromIssuanceOfSecuredDebt" xlink:title="ProceedsFromIssuanceOfSecuredDebt" />
    <link:calculationArc xlink:type="arc" xlink:arcrole="http://www.xbrl.org/2003/arcrole/summation-item" xlink:from="NetCashProvidedByUsedInFinancingActivitiesContinuingOperations" xlink:to="ProceedsFromIssuanceOfSecuredDebt" xlink:title="calculation: NetCashProvidedByUsedInFinancingActivitiesContinuingOperations to ProceedsFromIssuanceOfSecuredDebt" use="optional" order="2.0" weight="1" />
    <link:loc xlink:type="locator" xlink:href="http://xbrl.fasb.org/us-gaap/2012/elts/us-gaap-2012-01-31.xsd#us-gaap_RepaymentsOfSecuredDebt" xlink:label="RepaymentsOfSecuredDebt" xlink:title="RepaymentsOfSecuredDebt" />
    <link:calculationArc xlink:type="arc" xlink:arcrole="http://www.xbrl.org/2003/arcrole/summation-item" xlink:from="NetCashProvidedByUsedInFinancingActivitiesContinuingOperations" xlink:to="RepaymentsOfSecuredDebt" xlink:title="calculation: NetCashProvidedByUsedInFinancingActivitiesContinuingOperations to RepaymentsOfSecuredDebt" use="optional" order="3.0" weight="-1" />
    <link:loc xlink:type="locator" xlink:href="http://xbrl.fasb.org/us-gaap/2012/elts/us-gaap-2012-01-31.xsd#us-gaap_PaymentsForRepurchaseOfCommonStock" xlink:label="PaymentsForRepurchaseOfCommonStock" xlink:title="PaymentsForRepurchaseOfCommonStock" />
    <link:calculationArc xlink:type="arc" xlink:arcrole="http://www.xbrl.org/2003/arcrole/summation-item" xlink:from="NetCashProvidedByUsedInFinancingActivitiesContinuingOperations" xlink:to="PaymentsForRepurchaseOfCommonStock" xlink:title="calculation: NetCashProvidedByUsedInFinancingActivitiesContinuingOperations to PaymentsForRepurchaseOfCommonStock" use="optional" order="4.0" weight="-1" />
    <link:loc xlink:type="locator" xlink:href="http://xbrl.fasb.org/us-gaap/2012/elts/us-gaap-2012-01-31.xsd#us-gaap_PaymentsRelatedToTaxWithholdingForShareBasedCompensation" xlink:label="PaymentsRelatedToTaxWithholdingForShareBasedCompensation" xlink:title="PaymentsRelatedToTaxWithholdingForShareBasedCompensation" />
    <link:calculationArc xlink:type="arc" xlink:arcrole="http://www.xbrl.org/2003/arcrole/summation-item" xlink:from="NetCashProvidedByUsedInFinancingActivitiesContinuingOperations" xlink:to="PaymentsRelatedToTaxWithholdingForShareBasedCompensation" xlink:title="calculation: NetCashProvidedByUsedInFinancingActivitiesContinuingOperations to PaymentsRelatedToTaxWithholdingForShareBasedCompensation" use="optional" order="5.0" weight="-1" />
    <link:loc xlink:type="locator" xlink:href="http://xbrl.fasb.org/us-gaap/2012/elts/us-gaap-2012-01-31.xsd#us-gaap_EffectOfExchangeRateOnCashAndCashEquivalentsContinuingOperations" xlink:label="EffectOfExchangeRateOnCashAndCashEquivalentsContinuingOperations" xlink:title="EffectOfExchangeRateOnCashAndCashEquivalentsContinuingOperations" />
    <link:calculationArc xlink:type="arc" xlink:arcrole="http://www.xbrl.org/2003/arcrole/summation-item" xlink:from="CashAndCashEquivalentsPeriodIncreaseDecrease" xlink:to="EffectOfExchangeRateOnCashAndCashEquivalentsContinuingOperations" xlink:title="calculation: CashAndCashEquivalentsPeriodIncreaseDecrease to EffectOfExchangeRateOnCashAndCashEquivalentsContinuingOperations" order="4.0" weight="1" />
  </link:calculationLink>
  <link:calculationLink xlink:type="extended" xlink:role="http://www.aspentech.com/role/StatementOfIncome">
    <link:loc xlink:type="locator" xlink:href="http://xbrl.fasb.org/us-gaap/2012/elts/us-gaap-2012-01-31.xsd#us-gaap_NetIncomeLoss" xlink:label="NetIncomeLoss" xlink:title="NetIncomeLoss" />
    <link:loc xlink:type="locator" xlink:href="http://xbrl.fasb.org/us-gaap/2012/elts/us-gaap-2012-01-31.xsd#us-gaap_IncomeLossFromContinuingOperationsBeforeIncomeTaxesExtraordinaryItemsNoncontrollingInterest" xlink:label="IncomeLossFromContinuingOperationsBeforeIncomeTaxesExtraordinaryItemsNoncontrollingInterest" xlink:title="IncomeLossFromContinuingOperationsBeforeIncomeTaxesExtraordinaryItemsNoncontrollingInterest" />
    <link:calculationArc xlink:type="arc" xlink:arcrole="http://www.xbrl.org/2003/arcrole/summation-item" xlink:from="NetIncomeLoss" xlink:to="IncomeLossFromContinuingOperationsBeforeIncomeTaxesExtraordinaryItemsNoncontrollingInterest" xlink:title="calculation: NetIncomeLoss to IncomeLossFromContinuingOperationsBeforeIncomeTaxesExtraordinaryItemsNoncontrollingInterest" use="optional" order="1.0" weight="1" />
    <link:loc xlink:type="locator" xlink:href="http://xbrl.fasb.org/us-gaap/2012/elts/us-gaap-2012-01-31.xsd#us-gaap_OtherNonoperatingIncomeExpense" xlink:label="OtherNonoperatingIncomeExpense" xlink:title="OtherNonoperatingIncomeExpense" />
    <link:calculationArc xlink:type="arc" xlink:arcrole="http://www.xbrl.org/2003/arcrole/summation-item" xlink:from="IncomeLossFromContinuingOperationsBeforeIncomeTaxesExtraordinaryItemsNoncontrollingInterest" xlink:to="OtherNonoperatingIncomeExpense" xlink:title="calculation: IncomeLossFromContinuingOperationsBeforeIncomeTaxesExtraordinaryItemsNoncontrollingInterest to OtherNonoperatingIncomeExpense" use="optional" order="4.0" weight="1" />
    <link:loc xlink:type="locator" xlink:href="http://xbrl.fasb.org/us-gaap/2012/elts/us-gaap-2012-01-31.xsd#us-gaap_OperatingIncomeLoss" xlink:label="OperatingIncomeLoss" xlink:title="OperatingIncomeLoss" />
    <link:calculationArc xlink:type="arc" xlink:arcrole="http://www.xbrl.org/2003/arcrole/summation-item" xlink:from="IncomeLossFromContinuingOperationsBeforeIncomeTaxesExtraordinaryItemsNoncontrollingInterest" xlink:to="OperatingIncomeLoss" xlink:title="calculation: IncomeLossFromContinuingOperationsBeforeIncomeTaxesExtraordinaryItemsNoncontrollingInterest to OperatingIncomeLoss" use="optional" order="1.0" weight="1" />
    <link:loc xlink:type="locator" xlink:href="http://xbrl.fasb.org/us-gaap/2012/elts/us-gaap-2012-01-31.xsd#us-gaap_GrossProfit" xlink:label="GrossProfit" xlink:title="GrossProfit" />
    <link:calculationArc xlink:type="arc" xlink:arcrole="http://www.xbrl.org/2003/arcrole/summation-item" xlink:from="OperatingIncomeLoss" xlink:to="GrossProfit" xlink:title="calculation: OperatingIncomeLoss to GrossProfit" use="optional" order="1.0" weight="1" />
    <link:loc xlink:type="locator" xlink:href="http://xbrl.fasb.org/us-gaap/2012/elts/us-gaap-2012-01-31.xsd#us-gaap_Revenues" xlink:label="Revenues" xlink:title="Revenues" />
    <link:calculationArc xlink:type="arc" xlink:arcrole="http://www.xbrl.org/2003/arcrole/summation-item" xlink:from="GrossProfit" xlink:to="Revenues" xlink:title="calculation: GrossProfit to Revenues" use="optional" order="1.0" weight="1" />
    <link:loc xlink:type="locator" xlink:href="azpn-20121231.xsd#azpn_SubscriptionAndSoftwareRevenue" xlink:label="SubscriptionAndSoftwareRevenue" xlink:title="SubscriptionAndSoftwareRevenue" />
    <link:calculationArc xlink:type="arc" xlink:arcrole="http://www.xbrl.org/2003/arcrole/summation-item" xlink:from="Revenues" xlink:to="SubscriptionAndSoftwareRevenue" xlink:title="calculation: Revenues to SubscriptionAndSoftwareRevenue" use="optional" order="1.0" weight="1" />
    <link:loc xlink:type="locator" xlink:href="azpn-20121231.xsd#azpn_ServicesAndOtherRevenue" xlink:label="ServicesAndOtherRevenue" xlink:title="ServicesAndOtherRevenue" />
    <link:calculationArc xlink:type="arc" xlink:arcrole="http://www.xbrl.org/2003/arcrole/summation-item" xlink:from="Revenues" xlink:to="ServicesAndOtherRevenue" xlink:title="calculation: Revenues to ServicesAndOtherRevenue" use="optional" order="2.0" weight="1" />
    <link:loc xlink:type="locator" xlink:href="http://xbrl.fasb.org/us-gaap/2012/elts/us-gaap-2012-01-31.xsd#us-gaap_CostOfRevenue" xlink:label="CostOfRevenue" xlink:title="CostOfRevenue" />
    <link:calculationArc xlink:type="arc" xlink:arcrole="http://www.xbrl.org/2003/arcrole/summation-item" xlink:from="GrossProfit" xlink:to="CostOfRevenue" xlink:title="calculation: GrossProfit to CostOfRevenue" use="optional" order="2.0" weight="-1" />
    <link:loc xlink:type="locator" xlink:href="azpn-20121231.xsd#azpn_SubscriptionAndSoftwareCostOfRevenue" xlink:label="SubscriptionAndSoftwareCostOfRevenue" xlink:title="SubscriptionAndSoftwareCostOfRevenue" />
    <link:calculationArc xlink:type="arc" xlink:arcrole="http://www.xbrl.org/2003/arcrole/summation-item" xlink:from="CostOfRevenue" xlink:to="SubscriptionAndSoftwareCostOfRevenue" xlink:title="calculation: CostOfRevenue to SubscriptionAndSoftwareCostOfRevenue" use="optional" order="1.0" weight="1" />
    <link:loc xlink:type="locator" xlink:href="azpn-20121231.xsd#azpn_CostOfServicesAndOther" xlink:label="CostOfServicesAndOther" xlink:title="CostOfServicesAndOther" />
    <link:calculationArc xlink:type="arc" xlink:arcrole="http://www.xbrl.org/2003/arcrole/summation-item" xlink:from="CostOfRevenue" xlink:to="CostOfServicesAndOther" xlink:title="calculation: CostOfRevenue to CostOfServicesAndOther" use="optional" order="2.0" weight="1" />
    <link:loc xlink:type="locator" xlink:href="http://xbrl.fasb.org/us-gaap/2012/elts/us-gaap-2012-01-31.xsd#us-gaap_OperatingExpenses" xlink:label="OperatingExpenses" xlink:title="OperatingExpenses" />
    <link:calculationArc xlink:type="arc" xlink:arcrole="http://www.xbrl.org/2003/arcrole/summation-item" xlink:from="OperatingIncomeLoss" xlink:to="OperatingExpenses" xlink:title="calculation: OperatingIncomeLoss to OperatingExpenses" use="optional" order="2.0" weight="-1" />
    <link:loc xlink:type="locator" xlink:href="http://xbrl.fasb.org/us-gaap/2012/elts/us-gaap-2012-01-31.xsd#us-gaap_SellingAndMarketingExpense" xlink:label="SellingAndMarketingExpense" xlink:title="SellingAndMarketingExpense" />
    <link:calculationArc xlink:type="arc" xlink:arcrole="http://www.xbrl.org/2003/arcrole/summation-item" xlink:from="OperatingExpenses" xlink:to="SellingAndMarketingExpense" xlink:title="calculation: OperatingExpenses to SellingAndMarketingExpense" use="optional" order="1.0" weight="1" />
    <link:loc xlink:type="locator" xlink:href="http://xbrl.fasb.org/us-gaap/2012/elts/us-gaap-2012-01-31.xsd#us-gaap_ResearchAndDevelopmentExpenseSoftwareExcludingAcquiredInProcessCost" xlink:label="ResearchAndDevelopmentExpenseSoftwareExcludingAcquiredInProcessCost" xlink:title="ResearchAndDevelopmentExpenseSoftwareExcludingAcquiredInProcessCost" />
    <link:calculationArc xlink:type="arc" xlink:arcrole="http://www.xbrl.org/2003/arcrole/summation-item" xlink:from="OperatingExpenses" xlink:to="ResearchAndDevelopmentExpenseSoftwareExcludingAcquiredInProcessCost" xlink:title="calculation: OperatingExpenses to ResearchAndDevelopmentExpenseSoftwareExcludingAcquiredInProcessCost" use="optional" order="2.0" weight="1" />
    <link:loc xlink:type="locator" xlink:href="http://xbrl.fasb.org/us-gaap/2012/elts/us-gaap-2012-01-31.xsd#us-gaap_GeneralAndAdministrativeExpense" xlink:label="GeneralAndAdministrativeExpense" xlink:title="GeneralAndAdministrativeExpense" />
    <link:calculationArc xlink:type="arc" xlink:arcrole="http://www.xbrl.org/2003/arcrole/summation-item" xlink:from="OperatingExpenses" xlink:to="GeneralAndAdministrativeExpense" xlink:title="calculation: OperatingExpenses to GeneralAndAdministrativeExpense" use="optional" order="3.0" weight="1" />
    <link:loc xlink:type="locator" xlink:href="http://xbrl.fasb.org/us-gaap/2012/elts/us-gaap-2012-01-31.xsd#us-gaap_RestructuringCharges" xlink:label="RestructuringCharges" xlink:title="RestructuringCharges" />
    <link:calculationArc xlink:type="arc" xlink:arcrole="http://www.xbrl.org/2003/arcrole/summation-item" xlink:from="OperatingExpenses" xlink:to="RestructuringCharges" xlink:title="calculation: OperatingExpenses to RestructuringCharges" use="optional" order="4.0" weight="1" />
    <link:loc xlink:type="locator" xlink:href="http://xbrl.fasb.org/us-gaap/2012/elts/us-gaap-2012-01-31.xsd#us-gaap_InvestmentIncomeInterest" xlink:label="InvestmentIncomeInterest" xlink:title="InvestmentIncomeInterest" />
    <link:calculationArc xlink:type="arc" xlink:arcrole="http://www.xbrl.org/2003/arcrole/summation-item" xlink:from="IncomeLossFromContinuingOperationsBeforeIncomeTaxesExtraordinaryItemsNoncontrollingInterest" xlink:to="InvestmentIncomeInterest" xlink:title="calculation: IncomeLossFromContinuingOperationsBeforeIncomeTaxesExtraordinaryItemsNoncontrollingInterest to InvestmentIncomeInterest" use="optional" order="2.0" weight="1" />
    <link:loc xlink:type="locator" xlink:href="http://xbrl.fasb.org/us-gaap/2012/elts/us-gaap-2012-01-31.xsd#us-gaap_InterestExpense" xlink:label="InterestExpense" xlink:title="InterestExpense" />
    <link:calculationArc xlink:type="arc" xlink:arcrole="http://www.xbrl.org/2003/arcrole/summation-item" xlink:from="IncomeLossFromContinuingOperationsBeforeIncomeTaxesExtraordinaryItemsNoncontrollingInterest" xlink:to="InterestExpense" xlink:title="calculation: IncomeLossFromContinuingOperationsBeforeIncomeTaxesExtraordinaryItemsNoncontrollingInterest to InterestExpense" use="optional" order="3.0" weight="-1" />
    <link:loc xlink:type="locator" xlink:href="http://xbrl.fasb.org/us-gaap/2012/elts/us-gaap-2012-01-31.xsd#us-gaap_IncomeTaxExpenseBenefit" xlink:label="IncomeTaxExpenseBenefit" xlink:title="IncomeTaxExpenseBenefit" />
    <link:calculationArc xlink:type="arc" xlink:arcrole="http://www.xbrl.org/2003/arcrole/summation-item" xlink:from="NetIncomeLoss" xlink:to="IncomeTaxExpenseBenefit" xlink:title="calculation: NetIncomeLoss to IncomeTaxExpenseBenefit" use="optional" order="2.0" weight="-1" />
  </link:calculationLink>
  <link:calculationLink xlink:type="extended" xlink:role="http://www.aspentech.com/role/DisclosureSupplementaryBalanceSheetInformationDetails">
    <link:loc xlink:type="locator" xlink:href="http://xbrl.fasb.org/us-gaap/2012/elts/us-gaap-2012-01-31.xsd#us-gaap_AccountsReceivableNetCurrent" xlink:label="AccountsReceivableNetCurrent" xlink:title="AccountsReceivableNetCurrent" />
    <link:loc xlink:type="locator" xlink:href="http://xbrl.fasb.org/us-gaap/2012/elts/us-gaap-2012-01-31.xsd#us-gaap_AccountsReceivableGrossCurrent" xlink:label="AccountsReceivableGrossCurrent" xlink:title="AccountsReceivableGrossCurrent" />
    <link:calculationArc xlink:type="arc" xlink:arcrole="http://www.xbrl.org/2003/arcrole/summation-item" xlink:from="AccountsReceivableNetCurrent" xlink:to="AccountsReceivableGrossCurrent" xlink:title="calculation: AccountsReceivableNetCurrent to AccountsReceivableGrossCurrent" use="optional" order="1.0" weight="1" />
    <link:loc xlink:type="locator" xlink:href="http://xbrl.fasb.org/us-gaap/2012/elts/us-gaap-2012-01-31.xsd#us-gaap_AllowanceForDoubtfulAccountsReceivableCurrent" xlink:label="AllowanceForDoubtfulAccountsReceivableCurrent" xlink:title="AllowanceForDoubtfulAccountsReceivableCurrent" />
    <link:calculationArc xlink:type="arc" xlink:arcrole="http://www.xbrl.org/2003/arcrole/summation-item" xlink:from="AccountsReceivableNetCurrent" xlink:to="AllowanceForDoubtfulAccountsReceivableCurrent" xlink:title="calculation: AccountsReceivableNetCurrent to AllowanceForDoubtfulAccountsReceivableCurrent" use="optional" order="3.0" weight="-1" />
    <link:loc xlink:type="locator" xlink:href="azpn-20121231.xsd#azpn_AccountsReceivableUnamortizedDiscounts" xlink:label="AccountsReceivableUnamortizedDiscounts" xlink:title="AccountsReceivableUnamortizedDiscounts" />
    <link:calculationArc xlink:type="arc" xlink:arcrole="http://www.xbrl.org/2003/arcrole/summation-item" xlink:from="AccountsReceivableNetCurrent" xlink:to="AccountsReceivableUnamortizedDiscounts" xlink:title="calculation: AccountsReceivableNetCurrent to AccountsReceivableUnamortizedDiscounts" use="optional" order="2.0" weight="-1" />
    <link:loc xlink:type="locator" xlink:href="http://xbrl.fasb.org/us-gaap/2012/elts/us-gaap-2012-01-31.xsd#us-gaap_AccountsReceivableFromSecuritization" xlink:label="AccountsReceivableFromSecuritization" xlink:title="AccountsReceivableFromSecuritization" />
    <link:loc xlink:type="locator" xlink:href="azpn-20121231.xsd#azpn_CurrentAccountsReceivableFromSecuritizationGross" xlink:label="CurrentAccountsReceivableFromSecuritizationGross" xlink:title="CurrentAccountsReceivableFromSecuritizationGross" />
    <link:calculationArc xlink:type="arc" xlink:arcrole="http://www.xbrl.org/2003/arcrole/summation-item" xlink:from="AccountsReceivableFromSecuritization" xlink:to="CurrentAccountsReceivableFromSecuritizationGross" xlink:title="calculation: AccountsReceivableFromSecuritization to CurrentAccountsReceivableFromSecuritizationGross" use="optional" order="1.0" weight="1" />
    <link:loc xlink:type="locator" xlink:href="azpn-20121231.xsd#azpn_CurrentAccountsReceivableFromSecuritizationUnamortizedDiscounts" xlink:label="CurrentAccountsReceivableFromSecuritizationUnamortizedDiscounts" xlink:title="CurrentAccountsReceivableFromSecuritizationUnamortizedDiscounts" />
    <link:calculationArc xlink:type="arc" xlink:arcrole="http://www.xbrl.org/2003/arcrole/summation-item" xlink:from="AccountsReceivableFromSecuritization" xlink:to="CurrentAccountsReceivableFromSecuritizationUnamortizedDiscounts" xlink:title="calculation: AccountsReceivableFromSecuritization to CurrentAccountsReceivableFromSecuritizationUnamortizedDiscounts" use="optional" order="2.0" weight="-1" />
    <link:loc xlink:type="locator" xlink:href="azpn-20121231.xsd#azpn_CurrentAccountsReceivableFromSecuritizationAllowance" xlink:label="CurrentAccountsReceivableFromSecuritizationAllowance" xlink:title="CurrentAccountsReceivableFromSecuritizationAllowance" />
    <link:calculationArc xlink:type="arc" xlink:arcrole="http://www.xbrl.org/2003/arcrole/summation-item" xlink:from="AccountsReceivableFromSecuritization" xlink:to="CurrentAccountsReceivableFromSecuritizationAllowance" xlink:title="calculation: AccountsReceivableFromSecuritization to CurrentAccountsReceivableFromSecuritizationAllowance" use="optional" order="3.0" weight="-1" />
    <link:loc xlink:type="locator" xlink:href="http://xbrl.fasb.org/us-gaap/2012/elts/us-gaap-2012-01-31.xsd#us-gaap_AccruedLiabilitiesCurrent" xlink:label="AccruedLiabilitiesCurrent" xlink:title="AccruedLiabilitiesCurrent" />
    <link:loc xlink:type="locator" xlink:href="azpn-20121231.xsd#azpn_AccruedRoyaltiesAndOutsideCommissionsCurrent" xlink:label="AccruedRoyaltiesAndOutsideCommissionsCurrent" xlink:title="AccruedRoyaltiesAndOutsideCommissionsCurrent" />
    <link:calculationArc xlink:type="arc" xlink:arcrole="http://www.xbrl.org/2003/arcrole/summation-item" xlink:from="AccruedLiabilitiesCurrent" xlink:to="AccruedRoyaltiesAndOutsideCommissionsCurrent" xlink:title="calculation: AccruedLiabilitiesCurrent to AccruedRoyaltiesAndOutsideCommissionsCurrent" use="optional" order="1.0" weight="1" />
    <link:loc xlink:type="locator" xlink:href="http://xbrl.fasb.org/us-gaap/2012/elts/us-gaap-2012-01-31.xsd#us-gaap_EmployeeRelatedLiabilitiesCurrent" xlink:label="EmployeeRelatedLiabilitiesCurrent" xlink:title="EmployeeRelatedLiabilitiesCurrent" />
    <link:calculationArc xlink:type="arc" xlink:arcrole="http://www.xbrl.org/2003/arcrole/summation-item" xlink:from="AccruedLiabilitiesCurrent" xlink:to="EmployeeRelatedLiabilitiesCurrent" xlink:title="calculation: AccruedLiabilitiesCurrent to EmployeeRelatedLiabilitiesCurrent" use="optional" order="2.0" weight="1" />
    <link:loc xlink:type="locator" xlink:href="http://xbrl.fasb.org/us-gaap/2012/elts/us-gaap-2012-01-31.xsd#us-gaap_OtherAccruedLiabilitiesCurrent" xlink:label="OtherAccruedLiabilitiesCurrent" xlink:title="OtherAccruedLiabilitiesCurrent" />
    <link:calculationArc xlink:type="arc" xlink:arcrole="http://www.xbrl.org/2003/arcrole/summation-item" xlink:from="AccruedLiabilitiesCurrent" xlink:to="OtherAccruedLiabilitiesCurrent" xlink:title="calculation: AccruedLiabilitiesCurrent to OtherAccruedLiabilitiesCurrent" use="optional" order="3.0" weight="1" />
    <link:loc xlink:type="locator" xlink:href="http://xbrl.fasb.org/us-gaap/2012/elts/us-gaap-2012-01-31.xsd#us-gaap_OtherLiabilitiesNoncurrent" xlink:label="OtherLiabilitiesNoncurrent" xlink:title="OtherLiabilitiesNoncurrent" />
    <link:loc xlink:type="locator" xlink:href="http://xbrl.fasb.org/us-gaap/2012/elts/us-gaap-2012-01-31.xsd#us-gaap_DeferredRentCreditNoncurrent" xlink:label="DeferredRentCreditNoncurrent" xlink:title="DeferredRentCreditNoncurrent" />
    <link:calculationArc xlink:type="arc" xlink:arcrole="http://www.xbrl.org/2003/arcrole/summation-item" xlink:from="OtherLiabilitiesNoncurrent" xlink:to="DeferredRentCreditNoncurrent" xlink:title="calculation: OtherLiabilitiesNoncurrent to DeferredRentCreditNoncurrent" use="optional" order="1.0" weight="1" />
    <link:loc xlink:type="locator" xlink:href="http://xbrl.fasb.org/us-gaap/2012/elts/us-gaap-2012-01-31.xsd#us-gaap_OtherAccruedLiabilitiesNoncurrent" xlink:label="OtherAccruedLiabilitiesNoncurrent" xlink:title="OtherAccruedLiabilitiesNoncurrent" />
    <link:calculationArc xlink:type="arc" xlink:arcrole="http://www.xbrl.org/2003/arcrole/summation-item" xlink:from="OtherLiabilitiesNoncurrent" xlink:to="OtherAccruedLiabilitiesNoncurrent" xlink:title="calculation: OtherLiabilitiesNoncurrent to OtherAccruedLiabilitiesNoncurrent" use="optional" order="2.0" weight="1" />
    <link:loc xlink:type="locator" xlink:href="azpn-20121231.xsd#azpn_AccountsReceivableAndCollateralizedReceivablesNet" xlink:label="AccountsReceivableAndCollateralizedReceivablesNet" xlink:title="AccountsReceivableAndCollateralizedReceivablesNet" />
    <link:loc xlink:type="locator" xlink:href="azpn-20121231.xsd#azpn_AccountsReceivableAndCollateralizedReceivablesGross" xlink:label="AccountsReceivableAndCollateralizedReceivablesGross" xlink:title="AccountsReceivableAndCollateralizedReceivablesGross" />
    <link:calculationArc xlink:type="arc" xlink:arcrole="http://www.xbrl.org/2003/arcrole/summation-item" xlink:from="AccountsReceivableAndCollateralizedReceivablesNet" xlink:to="AccountsReceivableAndCollateralizedReceivablesGross" xlink:title="calculation: AccountsReceivableAndCollateralizedReceivablesNet to AccountsReceivableAndCollateralizedReceivablesGross" use="optional" order="1.0" weight="1" />
    <link:loc xlink:type="locator" xlink:href="azpn-20121231.xsd#azpn_AccountsReceivableAndCollateralizedReceivablesUnamortizedDiscounts" xlink:label="AccountsReceivableAndCollateralizedReceivablesUnamortizedDiscounts" xlink:title="AccountsReceivableAndCollateralizedReceivablesUnamortizedDiscounts" />
    <link:calculationArc xlink:type="arc" xlink:arcrole="http://www.xbrl.org/2003/arcrole/summation-item" xlink:from="AccountsReceivableAndCollateralizedReceivablesNet" xlink:to="AccountsReceivableAndCollateralizedReceivablesUnamortizedDiscounts" xlink:title="calculation: AccountsReceivableAndCollateralizedReceivablesNet to AccountsReceivableAndCollateralizedReceivablesUnamortizedDiscounts" use="optional" order="2.0" weight="-1" />
    <link:loc xlink:type="locator" xlink:href="azpn-20121231.xsd#azpn_AccountsReceivableAndCollateralizedReceivablesAllowance" xlink:label="AccountsReceivableAndCollateralizedReceivablesAllowance" xlink:title="AccountsReceivableAndCollateralizedReceivablesAllowance" />
    <link:calculationArc xlink:type="arc" xlink:arcrole="http://www.xbrl.org/2003/arcrole/summation-item" xlink:from="AccountsReceivableAndCollateralizedReceivablesNet" xlink:to="AccountsReceivableAndCollateralizedReceivablesAllowance" xlink:title="calculation: AccountsReceivableAndCollateralizedReceivablesNet to AccountsReceivableAndCollateralizedReceivablesAllowance" use="optional" order="3.0" weight="-1" />
  </link:calculationLink>
  <link:calculationLink xlink:type="extended" xlink:role="http://www.aspentech.com/role/StatementOfComprehensiveIncomeLoss">
    <link:loc xlink:type="locator" xlink:href="http://xbrl.fasb.org/us-gaap/2012/elts/us-gaap-2012-01-31.xsd#us-gaap_ComprehensiveIncomeNetOfTax" xlink:label="ComprehensiveIncomeNetOfTax" xlink:title="ComprehensiveIncomeNetOfTax" />
    <link:loc xlink:type="locator" xlink:href="http://xbrl.fasb.org/us-gaap/2012/elts/us-gaap-2012-01-31.xsd#us-gaap_NetIncomeLoss" xlink:label="NetIncomeLoss" xlink:title="NetIncomeLoss" />
    <link:calculationArc xlink:type="arc" xlink:arcrole="http://www.xbrl.org/2003/arcrole/summation-item" xlink:from="ComprehensiveIncomeNetOfTax" xlink:to="NetIncomeLoss" xlink:title="calculation: ComprehensiveIncomeNetOfTax to NetIncomeLoss" use="optional" order="1.0" weight="1" />
    <link:loc xlink:type="locator" xlink:href="http://xbrl.fasb.org/us-gaap/2012/elts/us-gaap-2012-01-31.xsd#us-gaap_OtherComprehensiveIncomeLossNetOfTaxPortionAttributableToParent" xlink:label="OtherComprehensiveIncomeLossNetOfTaxPortionAttributableToParent" xlink:title="OtherComprehensiveIncomeLossNetOfTaxPortionAttributableToParent" />
    <link:calculationArc xlink:type="arc" xlink:arcrole="http://www.xbrl.org/2003/arcrole/summation-item" xlink:from="ComprehensiveIncomeNetOfTax" xlink:to="OtherComprehensiveIncomeLossNetOfTaxPortionAttributableToParent" xlink:title="calculation: ComprehensiveIncomeNetOfTax to OtherComprehensiveIncomeLossNetOfTaxPortionAttributableToParent" use="optional" order="2.0" weight="1" />
    <link:loc xlink:type="locator" xlink:href="http://xbrl.fasb.org/us-gaap/2012/elts/us-gaap-2012-01-31.xsd#us-gaap_OtherComprehensiveIncomeForeignCurrencyTransactionAndTranslationAdjustmentNetOfTaxPortionAttributableToParent" xlink:label="OtherComprehensiveIncomeForeignCurrencyTransactionAndTranslationAdjustmentNetOfTaxPortionAttributableToParent" xlink:title="OtherComprehensiveIncomeForeignCurrencyTransactionAndTranslationAdjustmentNetOfTaxPortionAttributableToParent" />
    <link:calculationArc xlink:type="arc" xlink:arcrole="http://www.xbrl.org/2003/arcrole/summation-item" xlink:from="OtherComprehensiveIncomeLossNetOfTaxPortionAttributableToParent" xlink:to="OtherComprehensiveIncomeForeignCurrencyTransactionAndTranslationAdjustmentNetOfTaxPortionAttributableToParent" xlink:title="calculation: OtherComprehensiveIncomeLossNetOfTaxPortionAttributableToParent to OtherComprehensiveIncomeForeignCurrencyTransactionAndTranslationAdjustmentNetOfTaxPortionAttributableToParent" use="optional" order="1.0" weight="1" />
  </link:calculationLink>
  <link:calculationLink xlink:type="extended" xlink:role="http://www.aspentech.com/role/DisclosureGoodwillDetails">
    <link:loc xlink:type="locator" xlink:href="http://xbrl.fasb.org/us-gaap/2012/elts/us-gaap-2012-01-31.xsd#us-gaap_Goodwill" xlink:label="Goodwill" xlink:title="Goodwill" />
    <link:loc xlink:type="locator" xlink:href="http://xbrl.fasb.org/us-gaap/2012/elts/us-gaap-2012-01-31.xsd#us-gaap_GoodwillGross" xlink:label="GoodwillGross" xlink:title="GoodwillGross" />
    <link:calculationArc xlink:type="arc" xlink:arcrole="http://www.xbrl.org/2003/arcrole/summation-item" xlink:from="Goodwill" xlink:to="GoodwillGross" xlink:title="calculation: Goodwill to GoodwillGross" order="1.0" weight="1" />
    <link:loc xlink:type="locator" xlink:href="http://xbrl.fasb.org/us-gaap/2012/elts/us-gaap-2012-01-31.xsd#us-gaap_GoodwillImpairedAccumulatedImpairmentLoss" xlink:label="GoodwillImpairedAccumulatedImpairmentLoss" xlink:title="GoodwillImpairedAccumulatedImpairmentLoss" />
    <link:calculationArc xlink:type="arc" xlink:arcrole="http://www.xbrl.org/2003/arcrole/summation-item" xlink:from="Goodwill" xlink:to="GoodwillImpairedAccumulatedImpairmentLoss" xlink:title="calculation: Goodwill to GoodwillImpairedAccumulatedImpairmentLoss" order="2.0" weight="-1" />
  </link:calculationLink>
  <link:calculationLink xlink:type="extended" xlink:role="http://www.aspentech.com/role/DisclosureSupplementaryBalanceSheetInformationDetailsCalc2">
    <link:loc xlink:type="locator" xlink:href="azpn-20121231.xsd#azpn_AccountsReceivableAndCollateralizedReceivablesGross" xlink:label="AccountsReceivableAndCollateralizedReceivablesGross" xlink:title="AccountsReceivableAndCollateralizedReceivablesGross" />
    <link:loc xlink:type="locator" xlink:href="http://xbrl.fasb.org/us-gaap/2012/elts/us-gaap-2012-01-31.xsd#us-gaap_AccountsReceivableGrossCurrent" xlink:label="AccountsReceivableGrossCurrent" xlink:title="AccountsReceivableGrossCurrent" />
    <link:calculationArc xlink:type="arc" xlink:arcrole="http://www.xbrl.org/2003/arcrole/summation-item" xlink:from="AccountsReceivableAndCollateralizedReceivablesGross" xlink:to="AccountsReceivableGrossCurrent" xlink:title="calculation: AccountsReceivableAndCollateralizedReceivablesGross to AccountsReceivableGrossCurrent" use="optional" order="1.0" weight="1" />
    <link:loc xlink:type="locator" xlink:href="azpn-20121231.xsd#azpn_CurrentAccountsReceivableFromSecuritizationGross" xlink:label="CurrentAccountsReceivableFromSecuritizationGross" xlink:title="CurrentAccountsReceivableFromSecuritizationGross" />
    <link:calculationArc xlink:type="arc" xlink:arcrole="http://www.xbrl.org/2003/arcrole/summation-item" xlink:from="AccountsReceivableAndCollateralizedReceivablesGross" xlink:to="CurrentAccountsReceivableFromSecuritizationGross" xlink:title="calculation: AccountsReceivableAndCollateralizedReceivablesGross to CurrentAccountsReceivableFromSecuritizationGross" use="optional" order="2.0" weight="1" />
    <link:loc xlink:type="locator" xlink:href="azpn-20121231.xsd#azpn_AccountsReceivableAndCollateralizedReceivablesUnamortizedDiscounts" xlink:label="AccountsReceivableAndCollateralizedReceivablesUnamortizedDiscounts" xlink:title="AccountsReceivableAndCollateralizedReceivablesUnamortizedDiscounts" />
    <link:loc xlink:type="locator" xlink:href="azpn-20121231.xsd#azpn_AccountsReceivableUnamortizedDiscounts" xlink:label="AccountsReceivableUnamortizedDiscounts" xlink:title="AccountsReceivableUnamortizedDiscounts" />
    <link:calculationArc xlink:type="arc" xlink:arcrole="http://www.xbrl.org/2003/arcrole/summation-item" xlink:from="AccountsReceivableAndCollateralizedReceivablesUnamortizedDiscounts" xlink:to="AccountsReceivableUnamortizedDiscounts" xlink:title="calculation: AccountsReceivableAndCollateralizedReceivablesUnamortizedDiscounts to AccountsReceivableUnamortizedDiscounts" use="optional" order="1.0" weight="1" />
    <link:loc xlink:type="locator" xlink:href="azpn-20121231.xsd#azpn_CurrentAccountsReceivableFromSecuritizationUnamortizedDiscounts" xlink:label="CurrentAccountsReceivableFromSecuritizationUnamortizedDiscounts" xlink:title="CurrentAccountsReceivableFromSecuritizationUnamortizedDiscounts" />
    <link:calculationArc xlink:type="arc" xlink:arcrole="http://www.xbrl.org/2003/arcrole/summation-item" xlink:from="AccountsReceivableAndCollateralizedReceivablesUnamortizedDiscounts" xlink:to="CurrentAccountsReceivableFromSecuritizationUnamortizedDiscounts" xlink:title="calculation: AccountsReceivableAndCollateralizedReceivablesUnamortizedDiscounts to CurrentAccountsReceivableFromSecuritizationUnamortizedDiscounts" use="optional" order="2.0" weight="1" />
    <link:loc xlink:type="locator" xlink:href="azpn-20121231.xsd#azpn_AccountsReceivableAndCollateralizedReceivablesAllowance" xlink:label="AccountsReceivableAndCollateralizedReceivablesAllowance" xlink:title="AccountsReceivableAndCollateralizedReceivablesAllowance" />
    <link:loc xlink:type="locator" xlink:href="http://xbrl.fasb.org/us-gaap/2012/elts/us-gaap-2012-01-31.xsd#us-gaap_AllowanceForDoubtfulAccountsReceivableCurrent" xlink:label="AllowanceForDoubtfulAccountsReceivableCurrent" xlink:title="AllowanceForDoubtfulAccountsReceivableCurrent" />
    <link:calculationArc xlink:type="arc" xlink:arcrole="http://www.xbrl.org/2003/arcrole/summation-item" xlink:from="AccountsReceivableAndCollateralizedReceivablesAllowance" xlink:to="AllowanceForDoubtfulAccountsReceivableCurrent" xlink:title="calculation: AccountsReceivableAndCollateralizedReceivablesAllowance to AllowanceForDoubtfulAccountsReceivableCurrent" use="optional" order="1.0" weight="1" />
    <link:loc xlink:type="locator" xlink:href="azpn-20121231.xsd#azpn_CurrentAccountsReceivableFromSecuritizationAllowance" xlink:label="CurrentAccountsReceivableFromSecuritizationAllowance" xlink:title="CurrentAccountsReceivableFromSecuritizationAllowance" />
    <link:calculationArc xlink:type="arc" xlink:arcrole="http://www.xbrl.org/2003/arcrole/summation-item" xlink:from="AccountsReceivableAndCollateralizedReceivablesAllowance" xlink:to="CurrentAccountsReceivableFromSecuritizationAllowance" xlink:title="calculation: AccountsReceivableAndCollateralizedReceivablesAllowance to CurrentAccountsReceivableFromSecuritizationAllowance" use="optional" order="2.0" weight="1" />
    <link:loc xlink:type="locator" xlink:href="azpn-20121231.xsd#azpn_AccountsReceivableAndCollateralizedReceivablesNet" xlink:label="AccountsReceivableAndCollateralizedReceivablesNet" xlink:title="AccountsReceivableAndCollateralizedReceivablesNet" />
    <link:loc xlink:type="locator" xlink:href="http://xbrl.fasb.org/us-gaap/2012/elts/us-gaap-2012-01-31.xsd#us-gaap_AccountsReceivableNetCurrent" xlink:label="AccountsReceivableNetCurrent" xlink:title="AccountsReceivableNetCurrent" />
    <link:calculationArc xlink:type="arc" xlink:arcrole="http://www.xbrl.org/2003/arcrole/summation-item" xlink:from="AccountsReceivableAndCollateralizedReceivablesNet" xlink:to="AccountsReceivableNetCurrent" xlink:title="calculation: AccountsReceivableAndCollateralizedReceivablesNet to AccountsReceivableNetCurrent" use="optional" order="1.0" weight="1" />
    <link:loc xlink:type="locator" xlink:href="http://xbrl.fasb.org/us-gaap/2012/elts/us-gaap-2012-01-31.xsd#us-gaap_AccountsReceivableFromSecuritization" xlink:label="AccountsReceivableFromSecuritization" xlink:title="AccountsReceivableFromSecuritization" />
    <link:calculationArc xlink:type="arc" xlink:arcrole="http://www.xbrl.org/2003/arcrole/summation-item" xlink:from="AccountsReceivableAndCollateralizedReceivablesNet" xlink:to="AccountsReceivableFromSecuritization" xlink:title="calculation: AccountsReceivableAndCollateralizedReceivablesNet to AccountsReceivableFromSecuritization" use="optional" order="2.0" weight="1" />
  </link:calculationLink>
</link:linkbase>
