<?xml version="1.0" encoding="UTF-8"?>
<!--XBRL Document Modified with Ez-Viewer Version 1.0.5.8 on Wednesday, January 30, 2013 05:55:11 AM -->
<linkbase xmlns="http://www.xbrl.org/2003/linkbase" xmlns:xsi="http://www.w3.org/2001/XMLSchema-instance" xmlns:xlink="http://www.w3.org/1999/xlink" xsi:schemaLocation="http://www.xbrl.org/2003/linkbase http://www.xbrl.org/2003/xbrl-linkbase-2003-12-31.xsd">
<roleRef xlink:type="simple" xlink:href="trkp-20121130.xsd#ConsolidatedBalanceSheets" roleURI="http://turkpowercorp.com/role/ConsolidatedBalanceSheets"/>
<calculationLink xlink:type="extended" xlink:role="http://turkpowercorp.com/role/ConsolidatedBalanceSheets">
<loc xlink:type="locator" xlink:href="http://xbrl.fasb.org/us-gaap/2012/elts/us-gaap-2012-01-31.xsd#us-gaap_AssetsCurrent" xlink:label="loc_us-gaap_AssetsCurrent"/>
<loc xlink:type="locator" xlink:href="http://xbrl.fasb.org/us-gaap/2012/elts/us-gaap-2012-01-31.xsd#us-gaap_Cash" xlink:label="loc_us-gaap_Cash"/>
<calculationArc xlink:type="arc" xlink:arcrole="http://www.xbrl.org/2003/arcrole/summation-item" xlink:from="loc_us-gaap_AssetsCurrent" xlink:to="loc_us-gaap_Cash" order="10" use="optional" weight="1"/>
<loc xlink:type="locator" xlink:href="http://xbrl.fasb.org/us-gaap/2012/elts/us-gaap-2012-01-31.xsd#us-gaap_Assets" xlink:label="loc_us-gaap_Assets"/><calculationArc xlink:type="arc" xlink:arcrole="http://www.xbrl.org/2003/arcrole/summation-item" xlink:from="loc_us-gaap_Assets" xlink:to="loc_us-gaap_AssetsCurrent" order="10" use="optional" weight="1"/><loc xlink:type="locator" xlink:href="trkp-20121130.xsd#trkp_DepositOnAcquisitionOfZincoDoBrasilMineracaoLtda." xlink:label="loc_trkp_DepositOnAcquisitionOfZincoDoBrasilMineracaoLtda."/><calculationArc xlink:type="arc" xlink:arcrole="http://www.xbrl.org/2003/arcrole/summation-item" xlink:from="loc_us-gaap_Assets" xlink:to="loc_trkp_DepositOnAcquisitionOfZincoDoBrasilMineracaoLtda." order="20" use="optional" weight="1"/><loc xlink:type="locator" xlink:href="http://xbrl.fasb.org/us-gaap/2012/elts/us-gaap-2012-01-31.xsd#us-gaap_LiabilitiesCurrent" xlink:label="loc_us-gaap_LiabilitiesCurrent"/><loc xlink:type="locator" xlink:href="http://xbrl.fasb.org/us-gaap/2012/elts/us-gaap-2012-01-31.xsd#us-gaap_AccountsPayableAndAccruedLiabilitiesCurrent" xlink:label="loc_us-gaap_AccountsPayableAndAccruedLiabilitiesCurrent"/><calculationArc xlink:type="arc" xlink:arcrole="http://www.xbrl.org/2003/arcrole/summation-item" xlink:from="loc_us-gaap_LiabilitiesCurrent" xlink:to="loc_us-gaap_AccountsPayableAndAccruedLiabilitiesCurrent" order="10" use="optional" weight="1"/><loc xlink:type="locator" xlink:href="http://xbrl.fasb.org/us-gaap/2012/elts/us-gaap-2012-01-31.xsd#us-gaap_InterestPayableCurrent" xlink:label="loc_us-gaap_InterestPayableCurrent"/><calculationArc xlink:type="arc" xlink:arcrole="http://www.xbrl.org/2003/arcrole/summation-item" xlink:from="loc_us-gaap_LiabilitiesCurrent" xlink:to="loc_us-gaap_InterestPayableCurrent" order="20" use="optional" weight="1"/><loc xlink:type="locator" xlink:href="http://xbrl.fasb.org/us-gaap/2012/elts/us-gaap-2012-01-31.xsd#us-gaap_DueToRelatedPartiesCurrent" xlink:label="loc_us-gaap_DueToRelatedPartiesCurrent"/><calculationArc xlink:type="arc" xlink:arcrole="http://www.xbrl.org/2003/arcrole/summation-item" xlink:from="loc_us-gaap_LiabilitiesCurrent" xlink:to="loc_us-gaap_DueToRelatedPartiesCurrent" order="30" use="optional" weight="1"/><loc xlink:type="locator" xlink:href="http://xbrl.fasb.org/us-gaap/2012/elts/us-gaap-2012-01-31.xsd#us-gaap_DerivativeLiabilitiesCurrent" xlink:label="loc_us-gaap_DerivativeLiabilitiesCurrent"/><calculationArc xlink:type="arc" xlink:arcrole="http://www.xbrl.org/2003/arcrole/summation-item" xlink:from="loc_us-gaap_LiabilitiesCurrent" xlink:to="loc_us-gaap_DerivativeLiabilitiesCurrent" order="40" use="optional" weight="1"/><loc xlink:type="locator" xlink:href="trkp-20121130.xsd#trkp_ConvertibleDebtRelatedPartyNetOfUnamortizedDiscountOf1953AndAsOfAugust312012AndMay312012Respectively" xlink:label="loc_trkp_ConvertibleDebtRelatedPartyNetOfUnamortizedDiscountOf1953AndAsOfAugust312012AndMay312012Respectively"/><calculationArc xlink:type="arc" xlink:arcrole="http://www.xbrl.org/2003/arcrole/summation-item" xlink:from="loc_us-gaap_LiabilitiesCurrent" xlink:to="loc_trkp_ConvertibleDebtRelatedPartyNetOfUnamortizedDiscountOf1953AndAsOfAugust312012AndMay312012Respectively" order="50" use="optional" weight="1"/><loc xlink:type="locator" xlink:href="http://xbrl.fasb.org/us-gaap/2012/elts/us-gaap-2012-01-31.xsd#us-gaap_ConvertibleDebtCurrent" xlink:label="loc_us-gaap_ConvertibleDebtCurrent"/><calculationArc xlink:type="arc" xlink:arcrole="http://www.xbrl.org/2003/arcrole/summation-item" xlink:from="loc_us-gaap_LiabilitiesCurrent" xlink:to="loc_us-gaap_ConvertibleDebtCurrent" order="60" use="optional" weight="1"/><loc xlink:type="locator" xlink:href="http://xbrl.fasb.org/us-gaap/2012/elts/us-gaap-2012-01-31.xsd#us-gaap_LiabilitiesOfDisposalGroupIncludingDiscontinuedOperationCurrent" xlink:label="loc_us-gaap_LiabilitiesOfDisposalGroupIncludingDiscontinuedOperationCurrent"/><calculationArc xlink:type="arc" xlink:arcrole="http://www.xbrl.org/2003/arcrole/summation-item" xlink:from="loc_us-gaap_LiabilitiesCurrent" xlink:to="loc_us-gaap_LiabilitiesOfDisposalGroupIncludingDiscontinuedOperationCurrent" order="70" use="optional" weight="1"/><loc xlink:type="locator" xlink:href="http://xbrl.fasb.org/us-gaap/2012/elts/us-gaap-2012-01-31.xsd#us-gaap_Liabilities" xlink:label="loc_us-gaap_Liabilities"/><calculationArc xlink:type="arc" xlink:arcrole="http://www.xbrl.org/2003/arcrole/summation-item" xlink:from="loc_us-gaap_Liabilities" xlink:to="loc_us-gaap_LiabilitiesCurrent" order="10" use="optional" weight="1"/><loc xlink:type="locator" xlink:href="http://xbrl.fasb.org/us-gaap/2012/elts/us-gaap-2012-01-31.xsd#us-gaap_StockholdersEquity" xlink:label="loc_us-gaap_StockholdersEquity"/><loc xlink:type="locator" xlink:href="http://xbrl.fasb.org/us-gaap/2012/elts/us-gaap-2012-01-31.xsd#us-gaap_StockholdersEquityIncludingPortionAttributableToNoncontrollingInterest" xlink:label="loc_us-gaap_StockholdersEquityIncludingPortionAttributableToNoncontrollingInterest"/><calculationArc xlink:type="arc" xlink:arcrole="http://www.xbrl.org/2003/arcrole/summation-item" xlink:from="loc_us-gaap_StockholdersEquityIncludingPortionAttributableToNoncontrollingInterest" xlink:to="loc_us-gaap_StockholdersEquity" order="10" use="optional" weight="1"/><loc xlink:type="locator" xlink:href="http://xbrl.fasb.org/us-gaap/2012/elts/us-gaap-2012-01-31.xsd#us-gaap_MinorityInterest" xlink:label="loc_us-gaap_MinorityInterest"/><calculationArc xlink:type="arc" xlink:arcrole="http://www.xbrl.org/2003/arcrole/summation-item" xlink:from="loc_us-gaap_StockholdersEquityIncludingPortionAttributableToNoncontrollingInterest" xlink:to="loc_us-gaap_MinorityInterest" order="20" use="optional" weight="1"/><loc xlink:type="locator" xlink:href="http://xbrl.fasb.org/us-gaap/2012/elts/us-gaap-2012-01-31.xsd#us-gaap_LiabilitiesAndStockholdersEquity" xlink:label="loc_us-gaap_LiabilitiesAndStockholdersEquity"/><calculationArc xlink:type="arc" xlink:arcrole="http://www.xbrl.org/2003/arcrole/summation-item" xlink:from="loc_us-gaap_LiabilitiesAndStockholdersEquity" xlink:to="loc_us-gaap_Liabilities" order="10" use="optional" weight="1"/><calculationArc xlink:type="arc" xlink:arcrole="http://www.xbrl.org/2003/arcrole/summation-item" xlink:from="loc_us-gaap_LiabilitiesAndStockholdersEquity" xlink:to="loc_us-gaap_StockholdersEquityIncludingPortionAttributableToNoncontrollingInterest" order="20" use="optional" weight="1"/></calculationLink>






<roleRef xlink:type="simple" xlink:href="trkp-20121130.xsd#ConsolidatedStatementsOfOperationsAndComprehensiveIncomeLoss" roleURI="http://turkpowercorp.com/role/ConsolidatedStatementsOfOperationsAndComprehensiveIncomeLoss"/>
<calculationLink xlink:type="extended" xlink:role="http://turkpowercorp.com/role/ConsolidatedStatementsOfOperationsAndComprehensiveIncomeLoss">
<loc xlink:type="locator" xlink:href="http://xbrl.fasb.org/us-gaap/2012/elts/us-gaap-2012-01-31.xsd#us-gaap_OperatingExpenses" xlink:label="loc_us-gaap_OperatingExpenses"/>
<loc xlink:type="locator" xlink:href="http://xbrl.fasb.org/us-gaap/2012/elts/us-gaap-2012-01-31.xsd#us-gaap_ProfessionalFees" xlink:label="loc_us-gaap_ProfessionalFees"/>
<calculationArc xlink:type="arc" xlink:arcrole="http://www.xbrl.org/2003/arcrole/summation-item" xlink:from="loc_us-gaap_OperatingExpenses" xlink:to="loc_us-gaap_ProfessionalFees" order="10" use="optional" weight="1"/>
<loc xlink:type="locator" xlink:href="http://xbrl.fasb.org/us-gaap/2012/elts/us-gaap-2012-01-31.xsd#us-gaap_SellingGeneralAndAdministrativeExpense" xlink:label="loc_us-gaap_SellingGeneralAndAdministrativeExpense"/>
<calculationArc xlink:type="arc" xlink:arcrole="http://www.xbrl.org/2003/arcrole/summation-item" xlink:from="loc_us-gaap_OperatingExpenses" xlink:to="loc_us-gaap_SellingGeneralAndAdministrativeExpense" order="20" use="optional" weight="1"/>
<loc xlink:type="locator" xlink:href="http://xbrl.fasb.org/us-gaap/2012/elts/us-gaap-2012-01-31.xsd#us-gaap_NonoperatingIncomeExpense" xlink:label="loc_us-gaap_NonoperatingIncomeExpense"/><loc xlink:type="locator" xlink:href="http://xbrl.fasb.org/us-gaap/2012/elts/us-gaap-2012-01-31.xsd#us-gaap_GainLossOnDerivativeInstrumentsNetPretax" xlink:label="loc_us-gaap_GainLossOnDerivativeInstrumentsNetPretax"/><calculationArc xlink:type="arc" xlink:arcrole="http://www.xbrl.org/2003/arcrole/summation-item" xlink:from="loc_us-gaap_NonoperatingIncomeExpense" xlink:to="loc_us-gaap_GainLossOnDerivativeInstrumentsNetPretax" order="10" use="optional" weight="1"/><loc xlink:type="locator" xlink:href="http://xbrl.fasb.org/us-gaap/2012/elts/us-gaap-2012-01-31.xsd#us-gaap_InterestExpense" xlink:label="loc_us-gaap_InterestExpense"/><calculationArc xlink:type="arc" xlink:arcrole="http://www.xbrl.org/2003/arcrole/summation-item" xlink:from="loc_us-gaap_NonoperatingIncomeExpense" xlink:to="loc_us-gaap_InterestExpense" order="20" use="optional" weight="-1"/><loc xlink:type="locator" xlink:href="http://xbrl.fasb.org/us-gaap/2012/elts/us-gaap-2012-01-31.xsd#us-gaap_ExtinguishmentOfDebtGainLossNetOfTax" xlink:label="loc_us-gaap_ExtinguishmentOfDebtGainLossNetOfTax"/><calculationArc xlink:type="arc" xlink:arcrole="http://www.xbrl.org/2003/arcrole/summation-item" xlink:from="loc_us-gaap_NonoperatingIncomeExpense" xlink:to="loc_us-gaap_ExtinguishmentOfDebtGainLossNetOfTax" order="30" use="optional" weight="1"/><loc xlink:type="locator" xlink:href="http://xbrl.fasb.org/us-gaap/2012/elts/us-gaap-2012-01-31.xsd#us-gaap_InducedConversionOfConvertibleDebtExpense" xlink:label="loc_us-gaap_InducedConversionOfConvertibleDebtExpense"/><calculationArc xlink:type="arc" xlink:arcrole="http://www.xbrl.org/2003/arcrole/summation-item" xlink:from="loc_us-gaap_NonoperatingIncomeExpense" xlink:to="loc_us-gaap_InducedConversionOfConvertibleDebtExpense" order="40" use="optional" weight="-1"/><loc xlink:type="locator" xlink:href="http://xbrl.fasb.org/us-gaap/2012/elts/us-gaap-2012-01-31.xsd#us-gaap_ProfitLoss" xlink:label="loc_us-gaap_ProfitLoss"/><loc xlink:type="locator" xlink:href="http://xbrl.fasb.org/us-gaap/2012/elts/us-gaap-2012-01-31.xsd#us-gaap_IncomeLossFromContinuingOperationsIncludingPortionAttributableToNoncontrollingInterest" xlink:label="loc_us-gaap_IncomeLossFromContinuingOperationsIncludingPortionAttributableToNoncontrollingInterest"/><calculationArc xlink:type="arc" xlink:arcrole="http://www.xbrl.org/2003/arcrole/summation-item" xlink:from="loc_us-gaap_ProfitLoss" xlink:to="loc_us-gaap_IncomeLossFromContinuingOperationsIncludingPortionAttributableToNoncontrollingInterest" order="10" use="optional" weight="1"/><loc xlink:type="locator" xlink:href="http://xbrl.fasb.org/us-gaap/2012/elts/us-gaap-2012-01-31.xsd#us-gaap_IncomeLossFromDiscontinuedOperationsNetOfTax" xlink:label="loc_us-gaap_IncomeLossFromDiscontinuedOperationsNetOfTax"/><calculationArc xlink:type="arc" xlink:arcrole="http://www.xbrl.org/2003/arcrole/summation-item" xlink:from="loc_us-gaap_ProfitLoss" xlink:to="loc_us-gaap_IncomeLossFromDiscontinuedOperationsNetOfTax" order="20" use="optional" weight="1"/><calculationArc xlink:type="arc" xlink:arcrole="http://www.xbrl.org/2003/arcrole/summation-item" xlink:to="loc_us-gaap_ProfitLoss" order="10" use="optional" weight="1" xlink:from="loc_us-gaap_ComprehensiveIncomeNetOfTaxIncludingPortionAttributableToNoncontrollingInterest"/><loc xlink:type="locator" xlink:href="http://xbrl.fasb.org/us-gaap/2012/elts/us-gaap-2012-01-31.xsd#us-gaap_ComprehensiveIncomeNetOfTaxIncludingPortionAttributableToNoncontrollingInterest" xlink:label="loc_us-gaap_ComprehensiveIncomeNetOfTaxIncludingPortionAttributableToNoncontrollingInterest"/><loc xlink:type="locator" xlink:href="http://xbrl.fasb.org/us-gaap/2012/elts/us-gaap-2012-01-31.xsd#us-gaap_OtherComprehensiveIncomeLossForeignCurrencyTransactionAndTranslationAdjustmentNetOfTax" xlink:label="loc_us-gaap_OtherComprehensiveIncomeLossForeignCurrencyTransactionAndTranslationAdjustmentNetOfTax"/><calculationArc xlink:type="arc" xlink:arcrole="http://www.xbrl.org/2003/arcrole/summation-item" xlink:from="loc_us-gaap_ComprehensiveIncomeNetOfTaxIncludingPortionAttributableToNoncontrollingInterest" xlink:to="loc_us-gaap_OtherComprehensiveIncomeLossForeignCurrencyTransactionAndTranslationAdjustmentNetOfTax" order="20" use="optional" weight="1"/><loc xlink:type="locator" xlink:href="http://xbrl.fasb.org/us-gaap/2012/elts/us-gaap-2012-01-31.xsd#us-gaap_ComprehensiveIncomeNetOfTax" xlink:label="loc_us-gaap_ComprehensiveIncomeNetOfTax"/><calculationArc xlink:type="arc" xlink:arcrole="http://www.xbrl.org/2003/arcrole/summation-item" xlink:from="loc_us-gaap_ComprehensiveIncomeNetOfTax" xlink:to="loc_us-gaap_ComprehensiveIncomeNetOfTaxIncludingPortionAttributableToNoncontrollingInterest" order="10" use="optional" weight="1"/><loc xlink:type="locator" xlink:href="http://xbrl.fasb.org/us-gaap/2012/elts/us-gaap-2012-01-31.xsd#us-gaap_ComprehensiveIncomeNetOfTaxAttributableToNoncontrollingInterest" xlink:label="loc_us-gaap_ComprehensiveIncomeNetOfTaxAttributableToNoncontrollingInterest"/><calculationArc xlink:type="arc" xlink:arcrole="http://www.xbrl.org/2003/arcrole/summation-item" xlink:from="loc_us-gaap_ComprehensiveIncomeNetOfTax" xlink:to="loc_us-gaap_ComprehensiveIncomeNetOfTaxAttributableToNoncontrollingInterest" order="20" use="optional" weight="-1"/></calculationLink>





<roleRef xlink:type="simple" xlink:href="trkp-20121130.xsd#ConsolidatedStatementsOfCashFlows" roleURI="http://turkpowercorp.com/role/ConsolidatedStatementsOfCashFlows"/>
<calculationLink xlink:type="extended" xlink:role="http://turkpowercorp.com/role/ConsolidatedStatementsOfCashFlows">
<loc xlink:type="locator" xlink:href="http://xbrl.fasb.org/us-gaap/2012/elts/us-gaap-2012-01-31.xsd#us-gaap_NetCashProvidedByUsedInOperatingActivitiesContinuingOperations" xlink:label="loc_us-gaap_NetCashProvidedByUsedInOperatingActivitiesContinuingOperations"/>
<loc xlink:type="locator" xlink:href="http://xbrl.fasb.org/us-gaap/2012/elts/us-gaap-2012-01-31.xsd#us-gaap_AmortizationOfFinancingCosts" xlink:label="loc_us-gaap_AmortizationOfFinancingCosts"/>
<calculationArc xlink:type="arc" xlink:arcrole="http://www.xbrl.org/2003/arcrole/summation-item" xlink:to="loc_us-gaap_AmortizationOfFinancingCosts" order="10" use="optional" weight="1" xlink:from="loc_us-gaap_NetCashProvidedByUsedInOperatingActivitiesContinuingOperations"/>
<loc xlink:type="locator" xlink:href="http://xbrl.fasb.org/us-gaap/2012/elts/us-gaap-2012-01-31.xsd#us-gaap_IncreaseDecreaseInAccountsPayableAndAccruedLiabilities" xlink:label="loc_us-gaap_IncreaseDecreaseInAccountsPayableAndAccruedLiabilities"/>
<calculationArc xlink:type="arc" xlink:arcrole="http://www.xbrl.org/2003/arcrole/summation-item" xlink:to="loc_us-gaap_IncreaseDecreaseInAccountsPayableAndAccruedLiabilities" order="20" use="optional" weight="1" xlink:from="loc_us-gaap_NetCashProvidedByUsedInOperatingActivitiesContinuingOperations"/>
<loc xlink:type="locator" xlink:href="http://xbrl.fasb.org/us-gaap/2012/elts/us-gaap-2012-01-31.xsd#us-gaap_IncreaseDecreaseInPrepaidExpense" xlink:label="loc_us-gaap_IncreaseDecreaseInPrepaidExpense"/>
<calculationArc xlink:type="arc" xlink:arcrole="http://www.xbrl.org/2003/arcrole/summation-item" xlink:to="loc_us-gaap_IncreaseDecreaseInPrepaidExpense" order="30" use="optional" weight="-1" xlink:from="loc_us-gaap_NetCashProvidedByUsedInOperatingActivitiesContinuingOperations"/>
<loc xlink:type="locator" xlink:href="http://xbrl.fasb.org/us-gaap/2012/elts/us-gaap-2012-01-31.xsd#us-gaap_DebtConversionConvertedInstrumentAmount1" xlink:label="loc_us-gaap_DebtConversionConvertedInstrumentAmount1"/>
<calculationArc xlink:type="arc" xlink:arcrole="http://www.xbrl.org/2003/arcrole/summation-item" xlink:to="loc_us-gaap_DebtConversionConvertedInstrumentAmount1" order="40" use="optional" weight="1" xlink:from="loc_us-gaap_NetCashProvidedByUsedInOperatingActivitiesContinuingOperations"/>
<loc xlink:type="locator" xlink:href="http://xbrl.fasb.org/us-gaap/2012/elts/us-gaap-2012-01-31.xsd#us-gaap_GainsLossesOnExtinguishmentOfDebt" xlink:label="loc_us-gaap_GainsLossesOnExtinguishmentOfDebt"/>
<calculationArc xlink:type="arc" xlink:arcrole="http://www.xbrl.org/2003/arcrole/summation-item" xlink:to="loc_us-gaap_GainsLossesOnExtinguishmentOfDebt" order="50" use="optional" weight="-1" xlink:from="loc_us-gaap_NetCashProvidedByUsedInOperatingActivitiesContinuingOperations"/>
<loc xlink:type="locator" xlink:href="http://xbrl.fasb.org/us-gaap/2012/elts/us-gaap-2012-01-31.xsd#us-gaap_AmortizationOfDebtDiscountPremium" xlink:label="loc_us-gaap_AmortizationOfDebtDiscountPremium"/>
<calculationArc xlink:type="arc" xlink:arcrole="http://www.xbrl.org/2003/arcrole/summation-item" xlink:from="loc_us-gaap_NetCashProvidedByUsedInOperatingActivitiesContinuingOperations" xlink:to="loc_us-gaap_AmortizationOfDebtDiscountPremium" order="60" use="optional" weight="1"/>
<loc xlink:type="locator" xlink:href="http://xbrl.fasb.org/us-gaap/2012/elts/us-gaap-2012-01-31.xsd#us-gaap_ShareBasedCompensation" xlink:label="loc_us-gaap_ShareBasedCompensation"/>
<calculationArc xlink:type="arc" xlink:arcrole="http://www.xbrl.org/2003/arcrole/summation-item" xlink:to="loc_us-gaap_ShareBasedCompensation" order="70" use="optional" weight="1" xlink:from="loc_us-gaap_NetCashProvidedByUsedInOperatingActivitiesContinuingOperations"/>
<loc xlink:type="locator" xlink:href="http://xbrl.fasb.org/us-gaap/2012/elts/us-gaap-2012-01-31.xsd#us-gaap_UnrealizedGainLossOnDerivatives" xlink:label="loc_us-gaap_UnrealizedGainLossOnDerivatives"/>
<calculationArc xlink:type="arc" xlink:arcrole="http://www.xbrl.org/2003/arcrole/summation-item" xlink:to="loc_us-gaap_UnrealizedGainLossOnDerivatives" order="80" use="optional" weight="-1" xlink:from="loc_us-gaap_NetCashProvidedByUsedInOperatingActivitiesContinuingOperations"/>
<loc xlink:type="locator" xlink:href="http://xbrl.fasb.org/us-gaap/2012/elts/us-gaap-2012-01-31.xsd#us-gaap_IncomeLossFromDiscontinuedOperationsNetOfTaxAttributableToNoncontrollingInterest" xlink:label="loc_us-gaap_IncomeLossFromDiscontinuedOperationsNetOfTaxAttributableToNoncontrollingInterest"/>
<calculationArc xlink:type="arc" xlink:arcrole="http://www.xbrl.org/2003/arcrole/summation-item" xlink:to="loc_us-gaap_IncomeLossFromDiscontinuedOperationsNetOfTaxAttributableToNoncontrollingInterest" order="90" use="optional" weight="1" xlink:from="loc_us-gaap_NetCashProvidedByUsedInOperatingActivitiesContinuingOperations"/>
<loc xlink:type="locator" xlink:href="http://xbrl.fasb.org/us-gaap/2012/elts/us-gaap-2012-01-31.xsd#us-gaap_ProfitLoss" xlink:label="loc_us-gaap_ProfitLoss"/>
<calculationArc xlink:type="arc" xlink:arcrole="http://www.xbrl.org/2003/arcrole/summation-item" xlink:to="loc_us-gaap_ProfitLoss" order="100" use="optional" weight="1" xlink:from="loc_us-gaap_NetCashProvidedByUsedInOperatingActivitiesContinuingOperations"/>
<loc xlink:type="locator" xlink:href="trkp-20121130.xsd#trkp_GainOnSettlementOfAccruedExpenses" xlink:label="loc_trkp_GainOnSettlementOfAccruedExpenses"/>
<calculationArc xlink:type="arc" xlink:arcrole="http://www.xbrl.org/2003/arcrole/summation-item" xlink:to="loc_trkp_GainOnSettlementOfAccruedExpenses" order="110" use="optional" weight="-1" xlink:from="loc_us-gaap_NetCashProvidedByUsedInOperatingActivitiesContinuingOperations"/>
<loc xlink:type="locator" xlink:href="http://xbrl.fasb.org/us-gaap/2012/elts/us-gaap-2012-01-31.xsd#us-gaap_NetCashProvidedByUsedInOperatingActivities" xlink:label="loc_us-gaap_NetCashProvidedByUsedInOperatingActivities"/><calculationArc xlink:type="arc" xlink:arcrole="http://www.xbrl.org/2003/arcrole/summation-item" xlink:from="loc_us-gaap_NetCashProvidedByUsedInOperatingActivities" xlink:to="loc_us-gaap_NetCashProvidedByUsedInOperatingActivitiesContinuingOperations" order="10" use="optional" weight="1"/><loc xlink:type="locator" xlink:href="http://xbrl.fasb.org/us-gaap/2012/elts/us-gaap-2012-01-31.xsd#us-gaap_CashProvidedByUsedInOperatingActivitiesDiscontinuedOperations" xlink:label="loc_us-gaap_CashProvidedByUsedInOperatingActivitiesDiscontinuedOperations"/><calculationArc xlink:type="arc" xlink:arcrole="http://www.xbrl.org/2003/arcrole/summation-item" xlink:from="loc_us-gaap_NetCashProvidedByUsedInOperatingActivities" xlink:to="loc_us-gaap_CashProvidedByUsedInOperatingActivitiesDiscontinuedOperations" order="20" use="optional" weight="1"/><loc xlink:type="locator" xlink:href="http://xbrl.fasb.org/us-gaap/2012/elts/us-gaap-2012-01-31.xsd#us-gaap_NetCashProvidedByUsedInInvestingActivities" xlink:label="loc_us-gaap_NetCashProvidedByUsedInInvestingActivities"/><loc xlink:type="locator" xlink:href="http://xbrl.fasb.org/us-gaap/2012/elts/us-gaap-2012-01-31.xsd#us-gaap_CashProvidedByUsedInInvestingActivitiesDiscontinuedOperations" xlink:label="loc_us-gaap_CashProvidedByUsedInInvestingActivitiesDiscontinuedOperations"/><calculationArc xlink:type="arc" xlink:arcrole="http://www.xbrl.org/2003/arcrole/summation-item" xlink:from="loc_us-gaap_NetCashProvidedByUsedInInvestingActivities" xlink:to="loc_us-gaap_CashProvidedByUsedInInvestingActivitiesDiscontinuedOperations" order="10" use="optional" weight="1"/><loc xlink:type="locator" xlink:href="http://xbrl.fasb.org/us-gaap/2012/elts/us-gaap-2012-01-31.xsd#us-gaap_NetCashProvidedByUsedInFinancingActivitiesContinuingOperations" xlink:label="loc_us-gaap_NetCashProvidedByUsedInFinancingActivitiesContinuingOperations"/><loc xlink:type="locator" xlink:href="http://xbrl.fasb.org/us-gaap/2012/elts/us-gaap-2012-01-31.xsd#us-gaap_ProceedsFromConvertibleDebt" xlink:label="loc_us-gaap_ProceedsFromConvertibleDebt"/><calculationArc xlink:type="arc" xlink:arcrole="http://www.xbrl.org/2003/arcrole/summation-item" xlink:from="loc_us-gaap_NetCashProvidedByUsedInFinancingActivitiesContinuingOperations" xlink:to="loc_us-gaap_ProceedsFromConvertibleDebt" order="10" use="optional" weight="1"/><loc xlink:type="locator" xlink:href="http://xbrl.fasb.org/us-gaap/2012/elts/us-gaap-2012-01-31.xsd#us-gaap_ProceedsFromRelatedPartyDebt" xlink:label="loc_us-gaap_ProceedsFromRelatedPartyDebt"/><calculationArc xlink:type="arc" xlink:arcrole="http://www.xbrl.org/2003/arcrole/summation-item" xlink:from="loc_us-gaap_NetCashProvidedByUsedInFinancingActivitiesContinuingOperations" xlink:to="loc_us-gaap_ProceedsFromRelatedPartyDebt" order="20" use="optional" weight="1"/><loc xlink:type="locator" xlink:href="http://xbrl.fasb.org/us-gaap/2012/elts/us-gaap-2012-01-31.xsd#us-gaap_RepaymentsOfRelatedPartyDebt" xlink:label="loc_us-gaap_RepaymentsOfRelatedPartyDebt"/><calculationArc xlink:type="arc" xlink:arcrole="http://www.xbrl.org/2003/arcrole/summation-item" xlink:from="loc_us-gaap_NetCashProvidedByUsedInFinancingActivitiesContinuingOperations" xlink:to="loc_us-gaap_RepaymentsOfRelatedPartyDebt" order="30" use="optional" weight="-1"/><loc xlink:type="locator" xlink:href="http://xbrl.fasb.org/us-gaap/2012/elts/us-gaap-2012-01-31.xsd#us-gaap_PaymentsOfFinancingCosts" xlink:label="loc_us-gaap_PaymentsOfFinancingCosts"/><calculationArc xlink:type="arc" xlink:arcrole="http://www.xbrl.org/2003/arcrole/summation-item" xlink:from="loc_us-gaap_NetCashProvidedByUsedInFinancingActivitiesContinuingOperations" xlink:to="loc_us-gaap_PaymentsOfFinancingCosts" order="40" use="optional" weight="-1"/><loc xlink:type="locator" xlink:href="http://xbrl.fasb.org/us-gaap/2012/elts/us-gaap-2012-01-31.xsd#us-gaap_OriginationOfNotesReceivableFromRelatedParties" xlink:label="loc_us-gaap_OriginationOfNotesReceivableFromRelatedParties"/><calculationArc xlink:type="arc" xlink:arcrole="http://www.xbrl.org/2003/arcrole/summation-item" xlink:from="loc_us-gaap_NetCashProvidedByUsedInFinancingActivitiesContinuingOperations" xlink:to="loc_us-gaap_OriginationOfNotesReceivableFromRelatedParties" order="50" use="optional" weight="-1"/><loc xlink:type="locator" xlink:href="http://xbrl.fasb.org/us-gaap/2012/elts/us-gaap-2012-01-31.xsd#us-gaap_RepaymentOfNotesReceivableFromRelatedParties" xlink:label="loc_us-gaap_RepaymentOfNotesReceivableFromRelatedParties"/><calculationArc xlink:type="arc" xlink:arcrole="http://www.xbrl.org/2003/arcrole/summation-item" xlink:from="loc_us-gaap_NetCashProvidedByUsedInFinancingActivitiesContinuingOperations" xlink:to="loc_us-gaap_RepaymentOfNotesReceivableFromRelatedParties" order="60" use="optional" weight="1"/><loc xlink:type="locator" xlink:href="http://xbrl.fasb.org/us-gaap/2012/elts/us-gaap-2012-01-31.xsd#us-gaap_ProceedsFromIssuanceOfCommonStock" xlink:label="loc_us-gaap_ProceedsFromIssuanceOfCommonStock"/><calculationArc xlink:type="arc" xlink:arcrole="http://www.xbrl.org/2003/arcrole/summation-item" xlink:from="loc_us-gaap_NetCashProvidedByUsedInFinancingActivitiesContinuingOperations" xlink:to="loc_us-gaap_ProceedsFromIssuanceOfCommonStock" order="70" use="optional" weight="1"/></calculationLink>




<roleRef xlink:type="simple" xlink:href="trkp-20121130.xsd#DiscontinuedOperationsDetails1" roleURI="http://turkpowercorp.com/role/DiscontinuedOperationsDetails1"/>
<calculationLink xlink:type="extended" xlink:role="http://turkpowercorp.com/role/DiscontinuedOperationsDetails1">
<loc xlink:type="locator" xlink:href="http://xbrl.fasb.org/us-gaap/2012/elts/us-gaap-2012-01-31.xsd#us-gaap_LiabilitiesOfDisposalGroupIncludingDiscontinuedOperationCurrent" xlink:label="loc_us-gaap_LiabilitiesOfDisposalGroupIncludingDiscontinuedOperationCurrent"/>
<loc xlink:type="locator" xlink:href="trkp-20121130.xsd#trkp_DisposalGroupIncludingDiscontinuedOperationAccountsPayableAndAccuredExpenses" xlink:label="loc_trkp_DisposalGroupIncludingDiscontinuedOperationAccountsPayableAndAccuredExpenses"/>
<calculationArc xlink:type="arc" xlink:arcrole="http://www.xbrl.org/2003/arcrole/summation-item" xlink:from="loc_us-gaap_LiabilitiesOfDisposalGroupIncludingDiscontinuedOperationCurrent" xlink:to="loc_trkp_DisposalGroupIncludingDiscontinuedOperationAccountsPayableAndAccuredExpenses" order="10" use="optional" weight="1"/>
<loc xlink:type="locator" xlink:href="trkp-20121130.xsd#trkp_DisposalGroupIncludingDiscontinuedOperationAccuredInterest" xlink:label="loc_trkp_DisposalGroupIncludingDiscontinuedOperationAccuredInterest"/>
<calculationArc xlink:type="arc" xlink:arcrole="http://www.xbrl.org/2003/arcrole/summation-item" xlink:from="loc_us-gaap_LiabilitiesOfDisposalGroupIncludingDiscontinuedOperationCurrent" xlink:to="loc_trkp_DisposalGroupIncludingDiscontinuedOperationAccuredInterest" order="20" use="optional" weight="1"/>
<loc xlink:type="locator" xlink:href="trkp-20121130.xsd#trkp_DisposalGroupIncludingDiscontinuedOperationShortTermDebt" xlink:label="loc_trkp_DisposalGroupIncludingDiscontinuedOperationShortTermDebt"/>
<calculationArc xlink:type="arc" xlink:arcrole="http://www.xbrl.org/2003/arcrole/summation-item" xlink:from="loc_us-gaap_LiabilitiesOfDisposalGroupIncludingDiscontinuedOperationCurrent" xlink:to="loc_trkp_DisposalGroupIncludingDiscontinuedOperationShortTermDebt" order="30" use="optional" weight="1"/>
</calculationLink>

</linkbase>
