<?xml version="1.0" encoding="us-ascii"?>
<!-- Created by Merrill Corporation -->
<!-- Generated by Fujitsu Interstage XWand B0166_M01 -->
<!--Generated by IRIS XBRL Generation Engine-->
<link:linkbase xsi:schemaLocation="http://www.xbrl.org/2003/linkbase http://www.xbrl.org/2003/xbrl-linkbase-2003-12-31.xsd" xmlns:link="http://www.xbrl.org/2003/linkbase" xmlns:xsi="http://www.w3.org/2001/XMLSchema-instance" xmlns:xlink="http://www.w3.org/1999/xlink" xmlns:xbrli="http://www.xbrl.org/2003/instance">
  <link:roleRef roleURI="http://www.naturalgrocers.com/role/BalanceSheet" xlink:type="simple" xlink:href="ngvc-20121231.xsd#BalanceSheet" />
  <link:roleRef roleURI="http://www.naturalgrocers.com/role/StatementOfIncome" xlink:type="simple" xlink:href="ngvc-20121231.xsd#StatementOfIncome" />
  <link:roleRef roleURI="http://www.naturalgrocers.com/role/CashFlows" xlink:type="simple" xlink:href="ngvc-20121231.xsd#CashFlows" />
  <link:roleRef roleURI="http://www.naturalgrocers.com/role/DisclosurePropertyAndEquipmentDetails" xlink:type="simple" xlink:href="ngvc-20121231.xsd#DisclosurePropertyAndEquipmentDetails" />
  <link:roleRef roleURI="http://www.naturalgrocers.com/role/DisclosureLongTermDebtDetails" xlink:type="simple" xlink:href="ngvc-20121231.xsd#DisclosureLongTermDebtDetails" />
  <link:roleRef roleURI="http://www.naturalgrocers.com/role/DisclosureSupplementaryBalanceSheetInformationDetails" xlink:type="simple" xlink:href="ngvc-20121231.xsd#DisclosureSupplementaryBalanceSheetInformationDetails" />
  <link:roleRef roleURI="http://www.naturalgrocers.com/role/DisclosureEarningsPerShareDetails" xlink:type="simple" xlink:href="ngvc-20121231.xsd#DisclosureEarningsPerShareDetails" />
  <link:roleRef roleURI="http://www.naturalgrocers.com/role/StatementConsolidatedStatementsOfComprehensiveIncome" xlink:type="simple" xlink:href="ngvc-20121231.xsd#StatementConsolidatedStatementsOfComprehensiveIncome" />
  <link:calculationLink xlink:type="extended" xlink:role="http://www.naturalgrocers.com/role/BalanceSheet">
    <link:loc xlink:type="locator" xlink:href="http://xbrl.fasb.org/us-gaap/2012/elts/us-gaap-2012-01-31.xsd#us-gaap_Assets" xlink:label="us-gaap_Assets" xlink:title="Assets" />
    <link:loc xlink:type="locator" xlink:href="http://xbrl.fasb.org/us-gaap/2012/elts/us-gaap-2012-01-31.xsd#us-gaap_AssetsCurrent" xlink:label="us-gaap_AssetsCurrent" xlink:title="AssetsCurrent" />
    <link:calculationArc xlink:type="arc" xlink:arcrole="http://www.xbrl.org/2003/arcrole/summation-item" xlink:from="us-gaap_Assets" xlink:to="us-gaap_AssetsCurrent" xlink:title="calculation: us-gaap_Assets to us-gaap_AssetsCurrent" order="1.0" weight="1" />
    <link:loc xlink:type="locator" xlink:href="http://xbrl.fasb.org/us-gaap/2012/elts/us-gaap-2012-01-31.xsd#us-gaap_CashAndCashEquivalentsAtCarryingValue" xlink:label="us-gaap_CashAndCashEquivalentsAtCarryingValue" xlink:title="CashAndCashEquivalentsAtCarryingValue" />
    <link:calculationArc xlink:type="arc" xlink:arcrole="http://www.xbrl.org/2003/arcrole/summation-item" xlink:from="us-gaap_AssetsCurrent" xlink:to="us-gaap_CashAndCashEquivalentsAtCarryingValue" xlink:title="calculation: us-gaap_AssetsCurrent to us-gaap_CashAndCashEquivalentsAtCarryingValue" use="optional" order="1.0" weight="1" />
    <link:loc xlink:type="locator" xlink:href="http://xbrl.fasb.org/us-gaap/2012/elts/us-gaap-2012-01-31.xsd#us-gaap_AvailableForSaleSecuritiesCurrent" xlink:label="us-gaap_AvailableForSaleSecuritiesCurrent" xlink:title="AvailableForSaleSecuritiesCurrent" />
    <link:calculationArc xlink:type="arc" xlink:arcrole="http://www.xbrl.org/2003/arcrole/summation-item" xlink:from="us-gaap_AssetsCurrent" xlink:to="us-gaap_AvailableForSaleSecuritiesCurrent" xlink:title="calculation: us-gaap_AssetsCurrent to us-gaap_AvailableForSaleSecuritiesCurrent" use="optional" order="2.0" weight="1" />
    <link:loc xlink:type="locator" xlink:href="http://xbrl.fasb.org/us-gaap/2012/elts/us-gaap-2012-01-31.xsd#us-gaap_AccountsReceivableNetCurrent" xlink:label="us-gaap_AccountsReceivableNetCurrent" xlink:title="AccountsReceivableNetCurrent" />
    <link:calculationArc xlink:type="arc" xlink:arcrole="http://www.xbrl.org/2003/arcrole/summation-item" xlink:from="us-gaap_AssetsCurrent" xlink:to="us-gaap_AccountsReceivableNetCurrent" xlink:title="calculation: us-gaap_AssetsCurrent to us-gaap_AccountsReceivableNetCurrent" use="optional" order="3.0" weight="1" />
    <link:loc xlink:type="locator" xlink:href="http://xbrl.fasb.org/us-gaap/2012/elts/us-gaap-2012-01-31.xsd#us-gaap_LeaseIncentiveReceivableCurrent" xlink:label="us-gaap_LeaseIncentiveReceivableCurrent" xlink:title="LeaseIncentiveReceivableCurrent" />
    <link:calculationArc xlink:type="arc" xlink:arcrole="http://www.xbrl.org/2003/arcrole/summation-item" xlink:from="us-gaap_AssetsCurrent" xlink:to="us-gaap_LeaseIncentiveReceivableCurrent" xlink:title="calculation: us-gaap_AssetsCurrent to us-gaap_LeaseIncentiveReceivableCurrent" use="optional" order="4.0" weight="1" />
    <link:loc xlink:type="locator" xlink:href="http://xbrl.fasb.org/us-gaap/2012/elts/us-gaap-2012-01-31.xsd#us-gaap_RetailRelatedInventoryMerchandise" xlink:label="us-gaap_RetailRelatedInventoryMerchandise" xlink:title="RetailRelatedInventoryMerchandise" />
    <link:calculationArc xlink:type="arc" xlink:arcrole="http://www.xbrl.org/2003/arcrole/summation-item" xlink:from="us-gaap_AssetsCurrent" xlink:to="us-gaap_RetailRelatedInventoryMerchandise" xlink:title="calculation: us-gaap_AssetsCurrent to us-gaap_RetailRelatedInventoryMerchandise" use="optional" order="5.0" weight="1" />
    <link:loc xlink:type="locator" xlink:href="http://xbrl.fasb.org/us-gaap/2012/elts/us-gaap-2012-01-31.xsd#us-gaap_PrepaidExpenseAndOtherAssetsCurrent" xlink:label="us-gaap_PrepaidExpenseAndOtherAssetsCurrent" xlink:title="PrepaidExpenseAndOtherAssetsCurrent" />
    <link:calculationArc xlink:type="arc" xlink:arcrole="http://www.xbrl.org/2003/arcrole/summation-item" xlink:from="us-gaap_AssetsCurrent" xlink:to="us-gaap_PrepaidExpenseAndOtherAssetsCurrent" xlink:title="calculation: us-gaap_AssetsCurrent to us-gaap_PrepaidExpenseAndOtherAssetsCurrent" use="optional" order="6.0" weight="1" />
    <link:loc xlink:type="locator" xlink:href="http://xbrl.fasb.org/us-gaap/2012/elts/us-gaap-2012-01-31.xsd#us-gaap_DeferredTaxAssetsLiabilitiesNetCurrent" xlink:label="us-gaap_DeferredTaxAssetsLiabilitiesNetCurrent" xlink:title="DeferredTaxAssetsLiabilitiesNetCurrent" />
    <link:calculationArc xlink:type="arc" xlink:arcrole="http://www.xbrl.org/2003/arcrole/summation-item" xlink:from="us-gaap_AssetsCurrent" xlink:to="us-gaap_DeferredTaxAssetsLiabilitiesNetCurrent" xlink:title="calculation: us-gaap_AssetsCurrent to us-gaap_DeferredTaxAssetsLiabilitiesNetCurrent" use="optional" order="7.0" weight="1" />
    <link:loc xlink:type="locator" xlink:href="http://xbrl.fasb.org/us-gaap/2012/elts/us-gaap-2012-01-31.xsd#us-gaap_PropertyPlantAndEquipmentNet" xlink:label="us-gaap_PropertyPlantAndEquipmentNet" xlink:title="PropertyPlantAndEquipmentNet" />
    <link:calculationArc xlink:type="arc" xlink:arcrole="http://www.xbrl.org/2003/arcrole/summation-item" xlink:from="us-gaap_Assets" xlink:to="us-gaap_PropertyPlantAndEquipmentNet" xlink:title="calculation: us-gaap_Assets to us-gaap_PropertyPlantAndEquipmentNet" order="2.0" weight="1" />
    <link:loc xlink:type="locator" xlink:href="http://xbrl.fasb.org/us-gaap/2012/elts/us-gaap-2012-01-31.xsd#us-gaap_OtherAssets" xlink:label="us-gaap_OtherAssets" xlink:title="OtherAssets" />
    <link:calculationArc xlink:type="arc" xlink:arcrole="http://www.xbrl.org/2003/arcrole/summation-item" xlink:from="us-gaap_Assets" xlink:to="us-gaap_OtherAssets" xlink:title="calculation: us-gaap_Assets to us-gaap_OtherAssets" order="3.0" weight="1" />
    <link:loc xlink:type="locator" xlink:href="http://xbrl.fasb.org/us-gaap/2012/elts/us-gaap-2012-01-31.xsd#us-gaap_AvailableForSaleSecuritiesNoncurrent" xlink:label="us-gaap_AvailableForSaleSecuritiesNoncurrent" xlink:title="AvailableForSaleSecuritiesNoncurrent" />
    <link:calculationArc xlink:type="arc" xlink:arcrole="http://www.xbrl.org/2003/arcrole/summation-item" xlink:from="us-gaap_OtherAssets" xlink:to="us-gaap_AvailableForSaleSecuritiesNoncurrent" xlink:title="calculation: us-gaap_OtherAssets to us-gaap_AvailableForSaleSecuritiesNoncurrent" use="optional" order="1.0" weight="1" />
    <link:loc xlink:type="locator" xlink:href="ngvc-20121231.xsd#ngvc_DepositsAndOtherAssetsNoncurrent" xlink:label="ngvc_DepositsAndOtherAssetsNoncurrent" xlink:title="DepositsAndOtherAssetsNoncurrent" />
    <link:calculationArc xlink:type="arc" xlink:arcrole="http://www.xbrl.org/2003/arcrole/summation-item" xlink:from="us-gaap_OtherAssets" xlink:to="ngvc_DepositsAndOtherAssetsNoncurrent" xlink:title="calculation: us-gaap_OtherAssets to ngvc_DepositsAndOtherAssetsNoncurrent" use="optional" order="2.0" weight="1" />
    <link:loc xlink:type="locator" xlink:href="http://xbrl.fasb.org/us-gaap/2012/elts/us-gaap-2012-01-31.xsd#us-gaap_Goodwill" xlink:label="us-gaap_Goodwill" xlink:title="Goodwill" />
    <link:calculationArc xlink:type="arc" xlink:arcrole="http://www.xbrl.org/2003/arcrole/summation-item" xlink:from="us-gaap_OtherAssets" xlink:to="us-gaap_Goodwill" xlink:title="calculation: us-gaap_OtherAssets to us-gaap_Goodwill" use="optional" order="3.0" weight="1" />
    <link:loc xlink:type="locator" xlink:href="http://xbrl.fasb.org/us-gaap/2012/elts/us-gaap-2012-01-31.xsd#us-gaap_DeferredFinanceCostsNoncurrentNet" xlink:label="us-gaap_DeferredFinanceCostsNoncurrentNet" xlink:title="DeferredFinanceCostsNoncurrentNet" />
    <link:calculationArc xlink:type="arc" xlink:arcrole="http://www.xbrl.org/2003/arcrole/summation-item" xlink:from="us-gaap_OtherAssets" xlink:to="us-gaap_DeferredFinanceCostsNoncurrentNet" xlink:title="calculation: us-gaap_OtherAssets to us-gaap_DeferredFinanceCostsNoncurrentNet" use="optional" order="4.0" weight="1" />
    <link:loc xlink:type="locator" xlink:href="http://xbrl.fasb.org/us-gaap/2012/elts/us-gaap-2012-01-31.xsd#us-gaap_IntangibleAssetsNetExcludingGoodwill" xlink:label="us-gaap_IntangibleAssetsNetExcludingGoodwill" xlink:title="IntangibleAssetsNetExcludingGoodwill" />
    <link:calculationArc xlink:type="arc" xlink:arcrole="http://www.xbrl.org/2003/arcrole/summation-item" xlink:from="us-gaap_OtherAssets" xlink:to="us-gaap_IntangibleAssetsNetExcludingGoodwill" xlink:title="calculation: us-gaap_OtherAssets to us-gaap_IntangibleAssetsNetExcludingGoodwill" use="optional" order="5.0" weight="1" />
    <link:loc xlink:type="locator" xlink:href="http://xbrl.fasb.org/us-gaap/2012/elts/us-gaap-2012-01-31.xsd#us-gaap_LiabilitiesAndStockholdersEquity" xlink:label="us-gaap_LiabilitiesAndStockholdersEquity" xlink:title="LiabilitiesAndStockholdersEquity" />
    <link:loc xlink:type="locator" xlink:href="http://xbrl.fasb.org/us-gaap/2012/elts/us-gaap-2012-01-31.xsd#us-gaap_Liabilities" xlink:label="us-gaap_Liabilities" xlink:title="Liabilities" />
    <link:calculationArc xlink:type="arc" xlink:arcrole="http://www.xbrl.org/2003/arcrole/summation-item" xlink:from="us-gaap_LiabilitiesAndStockholdersEquity" xlink:to="us-gaap_Liabilities" xlink:title="calculation: us-gaap_LiabilitiesAndStockholdersEquity to us-gaap_Liabilities" use="optional" order="1.0" weight="1" />
    <link:loc xlink:type="locator" xlink:href="http://xbrl.fasb.org/us-gaap/2012/elts/us-gaap-2012-01-31.xsd#us-gaap_LiabilitiesCurrent" xlink:label="us-gaap_LiabilitiesCurrent" xlink:title="LiabilitiesCurrent" />
    <link:calculationArc xlink:type="arc" xlink:arcrole="http://www.xbrl.org/2003/arcrole/summation-item" xlink:from="us-gaap_Liabilities" xlink:to="us-gaap_LiabilitiesCurrent" xlink:title="calculation: us-gaap_Liabilities to us-gaap_LiabilitiesCurrent" use="optional" order="1.0" weight="1" />
    <link:loc xlink:type="locator" xlink:href="http://xbrl.fasb.org/us-gaap/2012/elts/us-gaap-2012-01-31.xsd#us-gaap_AccountsPayableCurrent" xlink:label="us-gaap_AccountsPayableCurrent" xlink:title="AccountsPayableCurrent" />
    <link:calculationArc xlink:type="arc" xlink:arcrole="http://www.xbrl.org/2003/arcrole/summation-item" xlink:from="us-gaap_LiabilitiesCurrent" xlink:to="us-gaap_AccountsPayableCurrent" xlink:title="calculation: us-gaap_LiabilitiesCurrent to us-gaap_AccountsPayableCurrent" use="optional" order="1.0" weight="1" />
    <link:loc xlink:type="locator" xlink:href="http://xbrl.fasb.org/us-gaap/2012/elts/us-gaap-2012-01-31.xsd#us-gaap_AccruedLiabilitiesCurrent" xlink:label="us-gaap_AccruedLiabilitiesCurrent" xlink:title="AccruedLiabilitiesCurrent" />
    <link:calculationArc xlink:type="arc" xlink:arcrole="http://www.xbrl.org/2003/arcrole/summation-item" xlink:from="us-gaap_LiabilitiesCurrent" xlink:to="us-gaap_AccruedLiabilitiesCurrent" xlink:title="calculation: us-gaap_LiabilitiesCurrent to us-gaap_AccruedLiabilitiesCurrent" use="optional" order="2.0" weight="1" />
    <link:loc xlink:type="locator" xlink:href="http://xbrl.fasb.org/us-gaap/2012/elts/us-gaap-2012-01-31.xsd#us-gaap_NotesPayableRelatedPartiesClassifiedCurrent" xlink:label="us-gaap_NotesPayableRelatedPartiesClassifiedCurrent" xlink:title="NotesPayableRelatedPartiesClassifiedCurrent" />
    <link:calculationArc xlink:type="arc" xlink:arcrole="http://www.xbrl.org/2003/arcrole/summation-item" xlink:from="us-gaap_LiabilitiesCurrent" xlink:to="us-gaap_NotesPayableRelatedPartiesClassifiedCurrent" xlink:title="calculation: us-gaap_LiabilitiesCurrent to us-gaap_NotesPayableRelatedPartiesClassifiedCurrent" use="optional" order="3.0" weight="1" />
    <link:loc xlink:type="locator" xlink:href="http://xbrl.fasb.org/us-gaap/2012/elts/us-gaap-2012-01-31.xsd#us-gaap_LongTermDebtAndCapitalLeaseObligationsCurrent" xlink:label="us-gaap_LongTermDebtAndCapitalLeaseObligationsCurrent" xlink:title="LongTermDebtAndCapitalLeaseObligationsCurrent" />
    <link:calculationArc xlink:type="arc" xlink:arcrole="http://www.xbrl.org/2003/arcrole/summation-item" xlink:from="us-gaap_LiabilitiesCurrent" xlink:to="us-gaap_LongTermDebtAndCapitalLeaseObligationsCurrent" xlink:title="calculation: us-gaap_LiabilitiesCurrent to us-gaap_LongTermDebtAndCapitalLeaseObligationsCurrent" use="optional" order="4.0" weight="1" />
    <link:loc xlink:type="locator" xlink:href="ngvc-20121231.xsd#ngvc_LongTermDebtAndCapitalLeaseFinanceObligationsCurrent" xlink:label="LongTermDebtAndCapitalLeaseFinanceObligationsCurrent" xlink:title="LongTermDebtAndCapitalLeaseFinanceObligationsCurrent" />
    <link:calculationArc xlink:type="arc" xlink:arcrole="http://www.xbrl.org/2003/arcrole/summation-item" xlink:from="us-gaap_LiabilitiesCurrent" xlink:to="LongTermDebtAndCapitalLeaseFinanceObligationsCurrent" xlink:title="calculation: LiabilitiesCurrent to LongTermDebtAndCapitalLeaseFinanceObligationsCurrent" use="optional" order="5.0" weight="1" />
    <link:loc xlink:type="locator" xlink:href="http://xbrl.fasb.org/us-gaap/2012/elts/us-gaap-2012-01-31.xsd#us-gaap_LiabilitiesNoncurrent" xlink:label="us-gaap_LiabilitiesNoncurrent" xlink:title="LiabilitiesNoncurrent" />
    <link:calculationArc xlink:type="arc" xlink:arcrole="http://www.xbrl.org/2003/arcrole/summation-item" xlink:from="us-gaap_Liabilities" xlink:to="us-gaap_LiabilitiesNoncurrent" xlink:title="calculation: us-gaap_Liabilities to us-gaap_LiabilitiesNoncurrent" use="optional" order="2.0" weight="1" />
    <link:loc xlink:type="locator" xlink:href="ngvc-20121231.xsd#ngvc_CapitalLeaseFinanceObligationsCurrent" xlink:label="ngvc_CapitalLeaseFinanceObligationsCurrent" xlink:title="CapitalLeaseFinanceObligationsCurrent" />
    <link:calculationArc xlink:type="arc" xlink:arcrole="http://www.xbrl.org/2003/arcrole/summation-item" xlink:from="us-gaap_LiabilitiesNoncurrent" xlink:to="ngvc_CapitalLeaseFinanceObligationsCurrent" xlink:title="calculation: us-gaap_LiabilitiesNoncurrent to ngvc_CapitalLeaseFinanceObligationsCurrent" use="optional" order="1.0" weight="1" />
    <link:loc xlink:type="locator" xlink:href="ngvc-20121231.xsd#ngvc_CapitalLeaseFinanceObligationsForAssetUnderConstructionCurrent" xlink:label="ngvc_CapitalLeaseFinanceObligationsForAssetUnderConstructionCurrent" xlink:title="CapitalLeaseFinanceObligationsForAssetUnderConstructionCurrent" />
    <link:calculationArc xlink:type="arc" xlink:arcrole="http://www.xbrl.org/2003/arcrole/summation-item" xlink:from="us-gaap_LiabilitiesNoncurrent" xlink:to="ngvc_CapitalLeaseFinanceObligationsForAssetUnderConstructionCurrent" xlink:title="calculation: us-gaap_LiabilitiesNoncurrent to ngvc_CapitalLeaseFinanceObligationsForAssetUnderConstructionCurrent" use="optional" order="2.0" weight="1" />
    <link:loc xlink:type="locator" xlink:href="http://xbrl.fasb.org/us-gaap/2012/elts/us-gaap-2012-01-31.xsd#us-gaap_CapitalLeaseObligationsNoncurrent" xlink:label="us-gaap_CapitalLeaseObligationsNoncurrent" xlink:title="CapitalLeaseObligationsNoncurrent" />
    <link:calculationArc xlink:type="arc" xlink:arcrole="http://www.xbrl.org/2003/arcrole/summation-item" xlink:from="us-gaap_LiabilitiesNoncurrent" xlink:to="us-gaap_CapitalLeaseObligationsNoncurrent" xlink:title="calculation: us-gaap_LiabilitiesNoncurrent to us-gaap_CapitalLeaseObligationsNoncurrent" use="optional" order="3.0" weight="1" />
    <link:loc xlink:type="locator" xlink:href="http://xbrl.fasb.org/us-gaap/2012/elts/us-gaap-2012-01-31.xsd#us-gaap_DeferredTaxLiabilitiesNoncurrent" xlink:label="us-gaap_DeferredTaxLiabilitiesNoncurrent" xlink:title="DeferredTaxLiabilitiesNoncurrent" />
    <link:calculationArc xlink:type="arc" xlink:arcrole="http://www.xbrl.org/2003/arcrole/summation-item" xlink:from="us-gaap_LiabilitiesNoncurrent" xlink:to="us-gaap_DeferredTaxLiabilitiesNoncurrent" xlink:title="calculation: us-gaap_LiabilitiesNoncurrent to us-gaap_DeferredTaxLiabilitiesNoncurrent" use="optional" order="4.0" weight="1" />
    <link:loc xlink:type="locator" xlink:href="http://xbrl.fasb.org/us-gaap/2012/elts/us-gaap-2012-01-31.xsd#us-gaap_DeferredRentCreditNoncurrent" xlink:label="us-gaap_DeferredRentCreditNoncurrent" xlink:title="DeferredRentCreditNoncurrent" />
    <link:calculationArc xlink:type="arc" xlink:arcrole="http://www.xbrl.org/2003/arcrole/summation-item" xlink:from="us-gaap_LiabilitiesNoncurrent" xlink:to="us-gaap_DeferredRentCreditNoncurrent" xlink:title="calculation: us-gaap_LiabilitiesNoncurrent to us-gaap_DeferredRentCreditNoncurrent" use="optional" order="5.0" weight="1" />
    <link:loc xlink:type="locator" xlink:href="http://xbrl.fasb.org/us-gaap/2012/elts/us-gaap-2012-01-31.xsd#us-gaap_IncentiveFromLessor" xlink:label="us-gaap_IncentiveFromLessor" xlink:title="IncentiveFromLessor" />
    <link:calculationArc xlink:type="arc" xlink:arcrole="http://www.xbrl.org/2003/arcrole/summation-item" xlink:from="us-gaap_LiabilitiesNoncurrent" xlink:to="us-gaap_IncentiveFromLessor" xlink:title="calculation: us-gaap_LiabilitiesNoncurrent to us-gaap_IncentiveFromLessor" use="optional" order="6.0" weight="1" />
    <link:loc xlink:type="locator" xlink:href="http://xbrl.fasb.org/us-gaap/2012/elts/us-gaap-2012-01-31.xsd#us-gaap_NotesPayableRelatedPartiesNoncurrent" xlink:label="us-gaap_NotesPayableRelatedPartiesNoncurrent" xlink:title="NotesPayableRelatedPartiesNoncurrent" />
    <link:calculationArc xlink:type="arc" xlink:arcrole="http://www.xbrl.org/2003/arcrole/summation-item" xlink:from="us-gaap_LiabilitiesNoncurrent" xlink:to="us-gaap_NotesPayableRelatedPartiesNoncurrent" xlink:title="calculation: us-gaap_LiabilitiesNoncurrent to us-gaap_NotesPayableRelatedPartiesNoncurrent" use="optional" order="7.0" weight="1" />
    <link:loc xlink:type="locator" xlink:href="http://xbrl.fasb.org/us-gaap/2012/elts/us-gaap-2012-01-31.xsd#us-gaap_StockholdersEquity" xlink:label="us-gaap_StockholdersEquity" xlink:title="StockholdersEquity" />
    <link:calculationArc xlink:type="arc" xlink:arcrole="http://www.xbrl.org/2003/arcrole/summation-item" xlink:from="us-gaap_LiabilitiesAndStockholdersEquity" xlink:to="us-gaap_StockholdersEquity" xlink:title="calculation: us-gaap_LiabilitiesAndStockholdersEquity to us-gaap_StockholdersEquity" use="optional" order="2.0" weight="1" />
    <link:loc xlink:type="locator" xlink:href="http://xbrl.fasb.org/us-gaap/2012/elts/us-gaap-2012-01-31.xsd#us-gaap_CommonStockValue" xlink:label="us-gaap_CommonStockValue" xlink:title="CommonStockValue" />
    <link:calculationArc xlink:type="arc" xlink:arcrole="http://www.xbrl.org/2003/arcrole/summation-item" xlink:from="us-gaap_StockholdersEquity" xlink:to="us-gaap_CommonStockValue" xlink:title="calculation: us-gaap_StockholdersEquity to us-gaap_CommonStockValue" use="optional" order="1.0" weight="1" />
    <link:loc xlink:type="locator" xlink:href="http://xbrl.fasb.org/us-gaap/2012/elts/us-gaap-2012-01-31.xsd#us-gaap_AdditionalPaidInCapitalCommonStock" xlink:label="us-gaap_AdditionalPaidInCapitalCommonStock" xlink:title="AdditionalPaidInCapitalCommonStock" />
    <link:calculationArc xlink:type="arc" xlink:arcrole="http://www.xbrl.org/2003/arcrole/summation-item" xlink:from="us-gaap_StockholdersEquity" xlink:to="us-gaap_AdditionalPaidInCapitalCommonStock" xlink:title="calculation: us-gaap_StockholdersEquity to us-gaap_AdditionalPaidInCapitalCommonStock" use="optional" order="2.0" weight="1" />
    <link:loc xlink:type="locator" xlink:href="ngvc-20121231.xsd#ngvc_AccumulatedOtherComprehensiveIncomeLossBeforeOfTaxes" xlink:label="ngvc_AccumulatedOtherComprehensiveIncomeLossBeforeOfTaxes" xlink:title="AccumulatedOtherComprehensiveIncomeLossBeforeOfTaxes" />
    <link:calculationArc xlink:type="arc" xlink:arcrole="http://www.xbrl.org/2003/arcrole/summation-item" xlink:from="us-gaap_StockholdersEquity" xlink:to="ngvc_AccumulatedOtherComprehensiveIncomeLossBeforeOfTaxes" xlink:title="calculation: us-gaap_StockholdersEquity to ngvc_AccumulatedOtherComprehensiveIncomeLossBeforeOfTaxes" order="3.0" weight="1" />
    <link:loc xlink:type="locator" xlink:href="http://xbrl.fasb.org/us-gaap/2012/elts/us-gaap-2012-01-31.xsd#us-gaap_RetainedEarningsAccumulatedDeficit" xlink:label="us-gaap_RetainedEarningsAccumulatedDeficit" xlink:title="RetainedEarningsAccumulatedDeficit" />
    <link:calculationArc xlink:type="arc" xlink:arcrole="http://www.xbrl.org/2003/arcrole/summation-item" xlink:from="us-gaap_StockholdersEquity" xlink:to="us-gaap_RetainedEarningsAccumulatedDeficit" xlink:title="calculation: us-gaap_StockholdersEquity to us-gaap_RetainedEarningsAccumulatedDeficit" use="optional" order="4.0" weight="1" />
  </link:calculationLink>
  <link:calculationLink xlink:type="extended" xlink:role="http://www.naturalgrocers.com/role/StatementOfIncome">
    <link:loc xlink:type="locator" xlink:href="http://xbrl.fasb.org/us-gaap/2012/elts/us-gaap-2012-01-31.xsd#us-gaap_ProfitLoss" xlink:label="us-gaap_ProfitLoss" xlink:title="ProfitLoss" />
    <link:loc xlink:type="locator" xlink:href="http://xbrl.fasb.org/us-gaap/2012/elts/us-gaap-2012-01-31.xsd#us-gaap_IncomeLossFromContinuingOperationsBeforeIncomeTaxesMinorityInterestAndIncomeLossFromEquityMethodInvestments" xlink:label="us-gaap_IncomeLossFromContinuingOperationsBeforeIncomeTaxesMinorityInterestAndIncomeLossFromEquityMethodInvestments" xlink:title="IncomeLossFromContinuingOperationsBeforeIncomeTaxesMinorityInterestAndIncomeLossFromEquityMethodInvestments" />
    <link:calculationArc xlink:type="arc" xlink:arcrole="http://www.xbrl.org/2003/arcrole/summation-item" xlink:from="us-gaap_ProfitLoss" xlink:to="us-gaap_IncomeLossFromContinuingOperationsBeforeIncomeTaxesMinorityInterestAndIncomeLossFromEquityMethodInvestments" xlink:title="calculation: us-gaap_ProfitLoss to us-gaap_IncomeLossFromContinuingOperationsBeforeIncomeTaxesMinorityInterestAndIncomeLossFromEquityMethodInvestments" use="optional" order="1.0" weight="1" />
    <link:loc xlink:type="locator" xlink:href="http://xbrl.fasb.org/us-gaap/2012/elts/us-gaap-2012-01-31.xsd#us-gaap_OperatingIncomeLoss" xlink:label="us-gaap_OperatingIncomeLoss" xlink:title="OperatingIncomeLoss" />
    <link:calculationArc xlink:type="arc" xlink:arcrole="http://www.xbrl.org/2003/arcrole/summation-item" xlink:from="us-gaap_IncomeLossFromContinuingOperationsBeforeIncomeTaxesMinorityInterestAndIncomeLossFromEquityMethodInvestments" xlink:to="us-gaap_OperatingIncomeLoss" xlink:title="calculation: us-gaap_IncomeLossFromContinuingOperationsBeforeIncomeTaxesMinorityInterestAndIncomeLossFromEquityMethodInvestments to us-gaap_OperatingIncomeLoss" order="1.0" weight="1" />
    <link:loc xlink:type="locator" xlink:href="http://xbrl.fasb.org/us-gaap/2012/elts/us-gaap-2012-01-31.xsd#us-gaap_GrossProfit" xlink:label="us-gaap_GrossProfit" xlink:title="GrossProfit" />
    <link:calculationArc xlink:type="arc" xlink:arcrole="http://www.xbrl.org/2003/arcrole/summation-item" xlink:from="us-gaap_OperatingIncomeLoss" xlink:to="us-gaap_GrossProfit" xlink:title="calculation: us-gaap_OperatingIncomeLoss to us-gaap_GrossProfit" use="optional" order="1.0" weight="1" />
    <link:loc xlink:type="locator" xlink:href="http://xbrl.fasb.org/us-gaap/2012/elts/us-gaap-2012-01-31.xsd#us-gaap_SalesRevenueGoodsNet" xlink:label="us-gaap_SalesRevenueGoodsNet" xlink:title="SalesRevenueGoodsNet" />
    <link:calculationArc xlink:type="arc" xlink:arcrole="http://www.xbrl.org/2003/arcrole/summation-item" xlink:from="us-gaap_GrossProfit" xlink:to="us-gaap_SalesRevenueGoodsNet" xlink:title="calculation: us-gaap_GrossProfit to us-gaap_SalesRevenueGoodsNet" order="1.0" weight="1" />
    <link:loc xlink:type="locator" xlink:href="ngvc-20121231.xsd#ngvc_CostOfGoodsSoldAndOccupancyCosts" xlink:label="ngvc_CostOfGoodsSoldAndOccupancyCosts" xlink:title="CostOfGoodsSoldAndOccupancyCosts" />
    <link:calculationArc xlink:type="arc" xlink:arcrole="http://www.xbrl.org/2003/arcrole/summation-item" xlink:from="us-gaap_GrossProfit" xlink:to="ngvc_CostOfGoodsSoldAndOccupancyCosts" xlink:title="calculation: us-gaap_GrossProfit to ngvc_CostOfGoodsSoldAndOccupancyCosts" order="2.0" weight="-1" />
    <link:loc xlink:type="locator" xlink:href="http://xbrl.fasb.org/us-gaap/2012/elts/us-gaap-2012-01-31.xsd#us-gaap_OperatingExpenses" xlink:label="us-gaap_OperatingExpenses" xlink:title="OperatingExpenses" />
    <link:calculationArc xlink:type="arc" xlink:arcrole="http://www.xbrl.org/2003/arcrole/summation-item" xlink:from="us-gaap_OperatingIncomeLoss" xlink:to="us-gaap_OperatingExpenses" xlink:title="calculation: us-gaap_OperatingIncomeLoss to us-gaap_OperatingExpenses" use="optional" order="2.0" weight="-1" />
    <link:loc xlink:type="locator" xlink:href="ngvc-20121231.xsd#ngvc_StoreExpenses" xlink:label="ngvc_StoreExpenses" xlink:title="StoreExpenses" />
    <link:calculationArc xlink:type="arc" xlink:arcrole="http://www.xbrl.org/2003/arcrole/summation-item" xlink:from="us-gaap_OperatingExpenses" xlink:to="ngvc_StoreExpenses" xlink:title="calculation: us-gaap_OperatingExpenses to ngvc_StoreExpenses" use="optional" order="1.0" weight="1" />
    <link:loc xlink:type="locator" xlink:href="http://xbrl.fasb.org/us-gaap/2012/elts/us-gaap-2012-01-31.xsd#us-gaap_GeneralAndAdministrativeExpense" xlink:label="us-gaap_GeneralAndAdministrativeExpense" xlink:title="GeneralAndAdministrativeExpense" />
    <link:calculationArc xlink:type="arc" xlink:arcrole="http://www.xbrl.org/2003/arcrole/summation-item" xlink:from="us-gaap_OperatingExpenses" xlink:to="us-gaap_GeneralAndAdministrativeExpense" xlink:title="calculation: us-gaap_OperatingExpenses to us-gaap_GeneralAndAdministrativeExpense" order="2.0" weight="1" />
    <link:loc xlink:type="locator" xlink:href="ngvc-20121231.xsd#ngvc_PreOpeningCostsAndRelocationExpenses" xlink:label="ngvc_PreOpeningCostsAndRelocationExpenses" xlink:title="PreOpeningCostsAndRelocationExpenses" />
    <link:calculationArc xlink:type="arc" xlink:arcrole="http://www.xbrl.org/2003/arcrole/summation-item" xlink:from="us-gaap_OperatingExpenses" xlink:to="ngvc_PreOpeningCostsAndRelocationExpenses" xlink:title="calculation: us-gaap_OperatingExpenses to ngvc_PreOpeningCostsAndRelocationExpenses" use="optional" order="3.0" weight="1" />
    <link:loc xlink:type="locator" xlink:href="http://xbrl.fasb.org/us-gaap/2012/elts/us-gaap-2012-01-31.xsd#us-gaap_OtherNonoperatingExpense" xlink:label="us-gaap_OtherNonoperatingExpense" xlink:title="OtherNonoperatingExpense" />
    <link:calculationArc xlink:type="arc" xlink:arcrole="http://www.xbrl.org/2003/arcrole/summation-item" xlink:from="us-gaap_IncomeLossFromContinuingOperationsBeforeIncomeTaxesMinorityInterestAndIncomeLossFromEquityMethodInvestments" xlink:to="us-gaap_OtherNonoperatingExpense" xlink:title="calculation: us-gaap_IncomeLossFromContinuingOperationsBeforeIncomeTaxesMinorityInterestAndIncomeLossFromEquityMethodInvestments to us-gaap_OtherNonoperatingExpense" order="2.0" weight="-1" />
    <link:loc xlink:type="locator" xlink:href="http://xbrl.fasb.org/us-gaap/2012/elts/us-gaap-2012-01-31.xsd#us-gaap_InvestmentIncomeInterestAndDividend" xlink:label="us-gaap_InvestmentIncomeInterestAndDividend" xlink:title="InvestmentIncomeInterestAndDividend" />
    <link:calculationArc xlink:type="arc" xlink:arcrole="http://www.xbrl.org/2003/arcrole/summation-item" xlink:from="us-gaap_OtherNonoperatingExpense" xlink:to="us-gaap_InvestmentIncomeInterestAndDividend" xlink:title="calculation: us-gaap_OtherNonoperatingExpense to us-gaap_InvestmentIncomeInterestAndDividend" use="optional" order="1.0" weight="-1" />
    <link:loc xlink:type="locator" xlink:href="http://xbrl.fasb.org/us-gaap/2012/elts/us-gaap-2012-01-31.xsd#us-gaap_InterestExpense" xlink:label="us-gaap_InterestExpense" xlink:title="InterestExpense" />
    <link:calculationArc xlink:type="arc" xlink:arcrole="http://www.xbrl.org/2003/arcrole/summation-item" xlink:from="us-gaap_OtherNonoperatingExpense" xlink:to="us-gaap_InterestExpense" xlink:title="calculation: us-gaap_OtherNonoperatingExpense to us-gaap_InterestExpense" order="2.0" weight="1" />
    <link:loc xlink:type="locator" xlink:href="http://xbrl.fasb.org/us-gaap/2012/elts/us-gaap-2012-01-31.xsd#us-gaap_OtherOperatingIncomeExpenseNet" xlink:label="us-gaap_OtherOperatingIncomeExpenseNet" xlink:title="OtherOperatingIncomeExpenseNet" />
    <link:calculationArc xlink:type="arc" xlink:arcrole="http://www.xbrl.org/2003/arcrole/summation-item" xlink:from="us-gaap_OtherNonoperatingExpense" xlink:to="us-gaap_OtherOperatingIncomeExpenseNet" xlink:title="calculation: us-gaap_OtherNonoperatingExpense to us-gaap_OtherOperatingIncomeExpenseNet" order="3.0" weight="-1" />
    <link:loc xlink:type="locator" xlink:href="http://xbrl.fasb.org/us-gaap/2012/elts/us-gaap-2012-01-31.xsd#us-gaap_IncomeTaxExpenseBenefit" xlink:label="us-gaap_IncomeTaxExpenseBenefit" xlink:title="IncomeTaxExpenseBenefit" />
    <link:calculationArc xlink:type="arc" xlink:arcrole="http://www.xbrl.org/2003/arcrole/summation-item" xlink:from="us-gaap_ProfitLoss" xlink:to="us-gaap_IncomeTaxExpenseBenefit" xlink:title="calculation: us-gaap_ProfitLoss to us-gaap_IncomeTaxExpenseBenefit" use="optional" order="2.0" weight="-1" />
    <link:loc xlink:type="locator" xlink:href="http://xbrl.fasb.org/us-gaap/2012/elts/us-gaap-2012-01-31.xsd#us-gaap_NetIncomeLossAvailableToCommonStockholdersBasic" xlink:label="us-gaap_NetIncomeLossAvailableToCommonStockholdersBasic" xlink:title="NetIncomeLossAvailableToCommonStockholdersBasic" />
    <link:calculationArc xlink:type="arc" xlink:arcrole="http://www.xbrl.org/2003/arcrole/summation-item" xlink:from="us-gaap_NetIncomeLossAvailableToCommonStockholdersBasic" xlink:to="us-gaap_ProfitLoss" xlink:title="calculation: us-gaap_NetIncomeLossAvailableToCommonStockholdersBasic to us-gaap_ProfitLoss" order="1.0" weight="1" />
    <link:loc xlink:type="locator" xlink:href="http://xbrl.fasb.org/us-gaap/2012/elts/us-gaap-2012-01-31.xsd#us-gaap_NetIncomeLossAttributableToNoncontrollingInterest" xlink:label="us-gaap_NetIncomeLossAttributableToNoncontrollingInterest" xlink:title="NetIncomeLossAttributableToNoncontrollingInterest" />
    <link:calculationArc xlink:type="arc" xlink:arcrole="http://www.xbrl.org/2003/arcrole/summation-item" xlink:from="us-gaap_NetIncomeLossAvailableToCommonStockholdersBasic" xlink:to="us-gaap_NetIncomeLossAttributableToNoncontrollingInterest" xlink:title="calculation: us-gaap_NetIncomeLossAvailableToCommonStockholdersBasic to us-gaap_NetIncomeLossAttributableToNoncontrollingInterest" order="2.0" weight="-1" />
  </link:calculationLink>
  <link:calculationLink xlink:type="extended" xlink:role="http://www.naturalgrocers.com/role/CashFlows">
    <link:loc xlink:type="locator" xlink:href="http://xbrl.fasb.org/us-gaap/2012/elts/us-gaap-2012-01-31.xsd#us-gaap_NetCashProvidedByUsedInContinuingOperations" xlink:label="us-gaap_NetCashProvidedByUsedInContinuingOperations" xlink:title="NetCashProvidedByUsedInContinuingOperations" />
    <link:loc xlink:type="locator" xlink:href="http://xbrl.fasb.org/us-gaap/2012/elts/us-gaap-2012-01-31.xsd#us-gaap_NetCashProvidedByUsedInOperatingActivitiesContinuingOperations" xlink:label="us-gaap_NetCashProvidedByUsedInOperatingActivitiesContinuingOperations" xlink:title="NetCashProvidedByUsedInOperatingActivitiesContinuingOperations" />
    <link:calculationArc xlink:type="arc" xlink:arcrole="http://www.xbrl.org/2003/arcrole/summation-item" xlink:from="us-gaap_NetCashProvidedByUsedInContinuingOperations" xlink:to="us-gaap_NetCashProvidedByUsedInOperatingActivitiesContinuingOperations" xlink:title="calculation: us-gaap_NetCashProvidedByUsedInContinuingOperations to us-gaap_NetCashProvidedByUsedInOperatingActivitiesContinuingOperations" use="optional" order="1.0" weight="1" />
    <link:loc xlink:type="locator" xlink:href="http://xbrl.fasb.org/us-gaap/2012/elts/us-gaap-2012-01-31.xsd#us-gaap_ProfitLoss" xlink:label="us-gaap_ProfitLoss" xlink:title="ProfitLoss" />
    <link:calculationArc xlink:type="arc" xlink:arcrole="http://www.xbrl.org/2003/arcrole/summation-item" xlink:from="us-gaap_NetCashProvidedByUsedInOperatingActivitiesContinuingOperations" xlink:to="us-gaap_ProfitLoss" xlink:title="calculation: us-gaap_NetCashProvidedByUsedInOperatingActivitiesContinuingOperations to us-gaap_ProfitLoss" use="optional" order="1.0" weight="1" />
    <link:loc xlink:type="locator" xlink:href="http://xbrl.fasb.org/us-gaap/2012/elts/us-gaap-2012-01-31.xsd#us-gaap_DepreciationDepletionAndAmortization" xlink:label="us-gaap_DepreciationDepletionAndAmortization" xlink:title="DepreciationDepletionAndAmortization" />
    <link:calculationArc xlink:type="arc" xlink:arcrole="http://www.xbrl.org/2003/arcrole/summation-item" xlink:from="us-gaap_NetCashProvidedByUsedInOperatingActivitiesContinuingOperations" xlink:to="us-gaap_DepreciationDepletionAndAmortization" xlink:title="calculation: us-gaap_NetCashProvidedByUsedInOperatingActivitiesContinuingOperations to us-gaap_DepreciationDepletionAndAmortization" use="optional" order="2.0" weight="1" />
    <link:loc xlink:type="locator" xlink:href="http://xbrl.fasb.org/us-gaap/2012/elts/us-gaap-2012-01-31.xsd#us-gaap_ShareBasedCompensation" xlink:label="us-gaap_ShareBasedCompensation" xlink:title="ShareBasedCompensation" />
    <link:calculationArc xlink:type="arc" xlink:arcrole="http://www.xbrl.org/2003/arcrole/summation-item" xlink:from="us-gaap_NetCashProvidedByUsedInOperatingActivitiesContinuingOperations" xlink:to="us-gaap_ShareBasedCompensation" xlink:title="calculation: us-gaap_NetCashProvidedByUsedInOperatingActivitiesContinuingOperations to us-gaap_ShareBasedCompensation" use="optional" order="3.0" weight="1" />
    <link:loc xlink:type="locator" xlink:href="http://xbrl.fasb.org/us-gaap/2012/elts/us-gaap-2012-01-31.xsd#us-gaap_DeferredIncomeTaxExpenseBenefit" xlink:label="us-gaap_DeferredIncomeTaxExpenseBenefit" xlink:title="DeferredIncomeTaxExpenseBenefit" />
    <link:calculationArc xlink:type="arc" xlink:arcrole="http://www.xbrl.org/2003/arcrole/summation-item" xlink:from="us-gaap_NetCashProvidedByUsedInOperatingActivitiesContinuingOperations" xlink:to="us-gaap_DeferredIncomeTaxExpenseBenefit" xlink:title="calculation: us-gaap_NetCashProvidedByUsedInOperatingActivitiesContinuingOperations to us-gaap_DeferredIncomeTaxExpenseBenefit" use="optional" order="4.0" weight="1" />
    <link:loc xlink:type="locator" xlink:href="http://xbrl.fasb.org/us-gaap/2012/elts/us-gaap-2012-01-31.xsd#us-gaap_AmortizationOfFinancingCosts" xlink:label="us-gaap_AmortizationOfFinancingCosts" xlink:title="AmortizationOfFinancingCosts" />
    <link:calculationArc xlink:type="arc" xlink:arcrole="http://www.xbrl.org/2003/arcrole/summation-item" xlink:from="us-gaap_NetCashProvidedByUsedInOperatingActivitiesContinuingOperations" xlink:to="us-gaap_AmortizationOfFinancingCosts" xlink:title="calculation: us-gaap_NetCashProvidedByUsedInOperatingActivitiesContinuingOperations to us-gaap_AmortizationOfFinancingCosts" use="optional" order="5.0" weight="1" />
    <link:loc xlink:type="locator" xlink:href="http://xbrl.fasb.org/us-gaap/2012/elts/us-gaap-2012-01-31.xsd#us-gaap_AmortizationOfAboveAndBelowMarketLeases" xlink:label="us-gaap_AmortizationOfAboveAndBelowMarketLeases" xlink:title="AmortizationOfAboveAndBelowMarketLeases" />
    <link:calculationArc xlink:type="arc" xlink:arcrole="http://www.xbrl.org/2003/arcrole/summation-item" xlink:from="us-gaap_NetCashProvidedByUsedInOperatingActivitiesContinuingOperations" xlink:to="us-gaap_AmortizationOfAboveAndBelowMarketLeases" xlink:title="calculation: us-gaap_NetCashProvidedByUsedInOperatingActivitiesContinuingOperations to us-gaap_AmortizationOfAboveAndBelowMarketLeases" use="optional" order="6.0" weight="1" />
    <link:loc xlink:type="locator" xlink:href="http://xbrl.fasb.org/us-gaap/2012/elts/us-gaap-2012-01-31.xsd#us-gaap_OtherNoncashIncomeExpense" xlink:label="us-gaap_OtherNoncashIncomeExpense" xlink:title="OtherNoncashIncomeExpense" />
    <link:calculationArc xlink:type="arc" xlink:arcrole="http://www.xbrl.org/2003/arcrole/summation-item" xlink:from="us-gaap_NetCashProvidedByUsedInOperatingActivitiesContinuingOperations" xlink:to="us-gaap_OtherNoncashIncomeExpense" xlink:title="calculation: us-gaap_NetCashProvidedByUsedInOperatingActivitiesContinuingOperations to us-gaap_OtherNoncashIncomeExpense" use="optional" order="7.0" weight="-1" />
    <link:loc xlink:type="locator" xlink:href="http://xbrl.fasb.org/us-gaap/2012/elts/us-gaap-2012-01-31.xsd#us-gaap_GainLossOnSaleOfPropertyPlantEquipment" xlink:label="us-gaap_GainLossOnSaleOfPropertyPlantEquipment" xlink:title="GainLossOnSaleOfPropertyPlantEquipment" />
    <link:calculationArc xlink:type="arc" xlink:arcrole="http://www.xbrl.org/2003/arcrole/summation-item" xlink:from="us-gaap_NetCashProvidedByUsedInOperatingActivitiesContinuingOperations" xlink:to="us-gaap_GainLossOnSaleOfPropertyPlantEquipment" xlink:title="calculation: us-gaap_NetCashProvidedByUsedInOperatingActivitiesContinuingOperations to us-gaap_GainLossOnSaleOfPropertyPlantEquipment" use="optional" order="8.0" weight="-1" />
    <link:loc xlink:type="locator" xlink:href="http://xbrl.fasb.org/us-gaap/2012/elts/us-gaap-2012-01-31.xsd#us-gaap_IncreaseDecreaseInAccountsReceivable" xlink:label="us-gaap_IncreaseDecreaseInAccountsReceivable" xlink:title="IncreaseDecreaseInAccountsReceivable" />
    <link:calculationArc xlink:type="arc" xlink:arcrole="http://www.xbrl.org/2003/arcrole/summation-item" xlink:from="us-gaap_NetCashProvidedByUsedInOperatingActivitiesContinuingOperations" xlink:to="us-gaap_IncreaseDecreaseInAccountsReceivable" xlink:title="calculation: us-gaap_NetCashProvidedByUsedInOperatingActivitiesContinuingOperations to us-gaap_IncreaseDecreaseInAccountsReceivable" use="optional" order="9.0" weight="-1" />
    <link:loc xlink:type="locator" xlink:href="http://xbrl.fasb.org/us-gaap/2012/elts/us-gaap-2012-01-31.xsd#us-gaap_PaymentsForProceedsFromTenantAllowance" xlink:label="us-gaap_PaymentsForProceedsFromTenantAllowance" xlink:title="PaymentsForProceedsFromTenantAllowance" />
    <link:calculationArc xlink:type="arc" xlink:arcrole="http://www.xbrl.org/2003/arcrole/summation-item" xlink:from="us-gaap_NetCashProvidedByUsedInOperatingActivitiesContinuingOperations" xlink:to="us-gaap_PaymentsForProceedsFromTenantAllowance" xlink:title="calculation: us-gaap_NetCashProvidedByUsedInOperatingActivitiesContinuingOperations to us-gaap_PaymentsForProceedsFromTenantAllowance" use="optional" order="10.0" weight="-1" />
    <link:loc xlink:type="locator" xlink:href="http://xbrl.fasb.org/us-gaap/2012/elts/us-gaap-2012-01-31.xsd#us-gaap_IncreaseDecreaseInIncomeTaxesReceivable" xlink:label="us-gaap_IncreaseDecreaseInIncomeTaxesReceivable" xlink:title="IncreaseDecreaseInIncomeTaxesReceivable" />
    <link:calculationArc xlink:type="arc" xlink:arcrole="http://www.xbrl.org/2003/arcrole/summation-item" xlink:from="us-gaap_NetCashProvidedByUsedInOperatingActivitiesContinuingOperations" xlink:to="us-gaap_IncreaseDecreaseInIncomeTaxesReceivable" xlink:title="calculation: us-gaap_NetCashProvidedByUsedInOperatingActivitiesContinuingOperations to us-gaap_IncreaseDecreaseInIncomeTaxesReceivable" use="optional" order="11.0" weight="-1" />
    <link:loc xlink:type="locator" xlink:href="http://xbrl.fasb.org/us-gaap/2012/elts/us-gaap-2012-01-31.xsd#us-gaap_IncreaseDecreaseInInventories" xlink:label="us-gaap_IncreaseDecreaseInInventories" xlink:title="IncreaseDecreaseInInventories" />
    <link:calculationArc xlink:type="arc" xlink:arcrole="http://www.xbrl.org/2003/arcrole/summation-item" xlink:from="us-gaap_NetCashProvidedByUsedInOperatingActivitiesContinuingOperations" xlink:to="us-gaap_IncreaseDecreaseInInventories" xlink:title="calculation: us-gaap_NetCashProvidedByUsedInOperatingActivitiesContinuingOperations to us-gaap_IncreaseDecreaseInInventories" use="optional" order="12.0" weight="-1" />
    <link:loc xlink:type="locator" xlink:href="http://xbrl.fasb.org/us-gaap/2012/elts/us-gaap-2012-01-31.xsd#us-gaap_IncreaseDecreaseInPrepaidDeferredExpenseAndOtherAssets" xlink:label="us-gaap_IncreaseDecreaseInPrepaidDeferredExpenseAndOtherAssets" xlink:title="IncreaseDecreaseInPrepaidDeferredExpenseAndOtherAssets" />
    <link:calculationArc xlink:type="arc" xlink:arcrole="http://www.xbrl.org/2003/arcrole/summation-item" xlink:from="us-gaap_NetCashProvidedByUsedInOperatingActivitiesContinuingOperations" xlink:to="us-gaap_IncreaseDecreaseInPrepaidDeferredExpenseAndOtherAssets" xlink:title="calculation: us-gaap_NetCashProvidedByUsedInOperatingActivitiesContinuingOperations to us-gaap_IncreaseDecreaseInPrepaidDeferredExpenseAndOtherAssets" use="optional" order="13.0" weight="-1" />
    <link:loc xlink:type="locator" xlink:href="http://xbrl.fasb.org/us-gaap/2012/elts/us-gaap-2012-01-31.xsd#us-gaap_IncreaseDecreaseInAccountsPayableTrade" xlink:label="us-gaap_IncreaseDecreaseInAccountsPayableTrade" xlink:title="IncreaseDecreaseInAccountsPayableTrade" />
    <link:calculationArc xlink:type="arc" xlink:arcrole="http://www.xbrl.org/2003/arcrole/summation-item" xlink:from="us-gaap_NetCashProvidedByUsedInOperatingActivitiesContinuingOperations" xlink:to="us-gaap_IncreaseDecreaseInAccountsPayableTrade" xlink:title="calculation: us-gaap_NetCashProvidedByUsedInOperatingActivitiesContinuingOperations to us-gaap_IncreaseDecreaseInAccountsPayableTrade" use="optional" order="14.0" weight="1" />
    <link:loc xlink:type="locator" xlink:href="http://xbrl.fasb.org/us-gaap/2012/elts/us-gaap-2012-01-31.xsd#us-gaap_IncreaseDecreaseInAccruedLiabilities" xlink:label="us-gaap_IncreaseDecreaseInAccruedLiabilities" xlink:title="IncreaseDecreaseInAccruedLiabilities" />
    <link:calculationArc xlink:type="arc" xlink:arcrole="http://www.xbrl.org/2003/arcrole/summation-item" xlink:from="us-gaap_NetCashProvidedByUsedInOperatingActivitiesContinuingOperations" xlink:to="us-gaap_IncreaseDecreaseInAccruedLiabilities" xlink:title="calculation: us-gaap_NetCashProvidedByUsedInOperatingActivitiesContinuingOperations to us-gaap_IncreaseDecreaseInAccruedLiabilities" use="optional" order="15.0" weight="1" />
    <link:loc xlink:type="locator" xlink:href="ngvc-20121231.xsd#ngvc_IncreaseDecreaseInDeferredRentAndLeaseIncentives" xlink:label="ngvc_IncreaseDecreaseInDeferredRentAndLeaseIncentives" xlink:title="IncreaseDecreaseInDeferredRentAndLeaseIncentives" />
    <link:calculationArc xlink:type="arc" xlink:arcrole="http://www.xbrl.org/2003/arcrole/summation-item" xlink:from="us-gaap_NetCashProvidedByUsedInOperatingActivitiesContinuingOperations" xlink:to="ngvc_IncreaseDecreaseInDeferredRentAndLeaseIncentives" xlink:title="calculation: us-gaap_NetCashProvidedByUsedInOperatingActivitiesContinuingOperations to ngvc_IncreaseDecreaseInDeferredRentAndLeaseIncentives" use="optional" order="16.0" weight="1" />
    <link:loc xlink:type="locator" xlink:href="http://xbrl.fasb.org/us-gaap/2012/elts/us-gaap-2012-01-31.xsd#us-gaap_NetCashProvidedByUsedInInvestingActivitiesContinuingOperations" xlink:label="us-gaap_NetCashProvidedByUsedInInvestingActivitiesContinuingOperations" xlink:title="NetCashProvidedByUsedInInvestingActivitiesContinuingOperations" />
    <link:calculationArc xlink:type="arc" xlink:arcrole="http://www.xbrl.org/2003/arcrole/summation-item" xlink:from="us-gaap_NetCashProvidedByUsedInContinuingOperations" xlink:to="us-gaap_NetCashProvidedByUsedInInvestingActivitiesContinuingOperations" xlink:title="calculation: us-gaap_NetCashProvidedByUsedInContinuingOperations to us-gaap_NetCashProvidedByUsedInInvestingActivitiesContinuingOperations" use="optional" order="2.0" weight="1" />
    <link:loc xlink:type="locator" xlink:href="http://xbrl.fasb.org/us-gaap/2012/elts/us-gaap-2012-01-31.xsd#us-gaap_PaymentsToAcquirePropertyPlantAndEquipment" xlink:label="us-gaap_PaymentsToAcquirePropertyPlantAndEquipment" xlink:title="PaymentsToAcquirePropertyPlantAndEquipment" />
    <link:calculationArc xlink:type="arc" xlink:arcrole="http://www.xbrl.org/2003/arcrole/summation-item" xlink:from="us-gaap_NetCashProvidedByUsedInInvestingActivitiesContinuingOperations" xlink:to="us-gaap_PaymentsToAcquirePropertyPlantAndEquipment" xlink:title="calculation: us-gaap_NetCashProvidedByUsedInInvestingActivitiesContinuingOperations to us-gaap_PaymentsToAcquirePropertyPlantAndEquipment" use="optional" order="1.0" weight="-1" />
    <link:loc xlink:type="locator" xlink:href="http://xbrl.fasb.org/us-gaap/2012/elts/us-gaap-2012-01-31.xsd#us-gaap_ProceedsFromSaleOfPropertyPlantAndEquipment" xlink:label="us-gaap_ProceedsFromSaleOfPropertyPlantAndEquipment" xlink:title="ProceedsFromSaleOfPropertyPlantAndEquipment" />
    <link:calculationArc xlink:type="arc" xlink:arcrole="http://www.xbrl.org/2003/arcrole/summation-item" xlink:from="us-gaap_NetCashProvidedByUsedInInvestingActivitiesContinuingOperations" xlink:to="us-gaap_ProceedsFromSaleOfPropertyPlantAndEquipment" xlink:title="calculation: us-gaap_NetCashProvidedByUsedInInvestingActivitiesContinuingOperations to us-gaap_ProceedsFromSaleOfPropertyPlantAndEquipment" use="optional" order="2.0" weight="1" />
    <link:loc xlink:type="locator" xlink:href="http://xbrl.fasb.org/us-gaap/2012/elts/us-gaap-2012-01-31.xsd#us-gaap_PaymentsToAcquireAvailableForSaleSecurities" xlink:label="us-gaap_PaymentsToAcquireAvailableForSaleSecurities" xlink:title="PaymentsToAcquireAvailableForSaleSecurities" />
    <link:calculationArc xlink:type="arc" xlink:arcrole="http://www.xbrl.org/2003/arcrole/summation-item" xlink:from="us-gaap_NetCashProvidedByUsedInInvestingActivitiesContinuingOperations" xlink:to="us-gaap_PaymentsToAcquireAvailableForSaleSecurities" xlink:title="calculation: us-gaap_NetCashProvidedByUsedInInvestingActivitiesContinuingOperations to us-gaap_PaymentsToAcquireAvailableForSaleSecurities" use="optional" order="3.0" weight="-1" />
    <link:loc xlink:type="locator" xlink:href="ngvc-20121231.xsd#ngvc_IncreaseDecreaseInSplitDollarLifeInsurancePremiums" xlink:label="ngvc_IncreaseDecreaseInSplitDollarLifeInsurancePremiums" xlink:title="IncreaseDecreaseInSplitDollarLifeInsurancePremiums" />
    <link:calculationArc xlink:type="arc" xlink:arcrole="http://www.xbrl.org/2003/arcrole/summation-item" xlink:from="us-gaap_NetCashProvidedByUsedInInvestingActivitiesContinuingOperations" xlink:to="ngvc_IncreaseDecreaseInSplitDollarLifeInsurancePremiums" xlink:title="calculation: us-gaap_NetCashProvidedByUsedInInvestingActivitiesContinuingOperations to ngvc_IncreaseDecreaseInSplitDollarLifeInsurancePremiums" use="optional" order="4.0" weight="-1" />
    <link:loc xlink:type="locator" xlink:href="http://xbrl.fasb.org/us-gaap/2012/elts/us-gaap-2012-01-31.xsd#us-gaap_NetCashProvidedByUsedInFinancingActivitiesContinuingOperations" xlink:label="us-gaap_NetCashProvidedByUsedInFinancingActivitiesContinuingOperations" xlink:title="NetCashProvidedByUsedInFinancingActivitiesContinuingOperations" />
    <link:calculationArc xlink:type="arc" xlink:arcrole="http://www.xbrl.org/2003/arcrole/summation-item" xlink:from="us-gaap_NetCashProvidedByUsedInContinuingOperations" xlink:to="us-gaap_NetCashProvidedByUsedInFinancingActivitiesContinuingOperations" xlink:title="calculation: us-gaap_NetCashProvidedByUsedInContinuingOperations to us-gaap_NetCashProvidedByUsedInFinancingActivitiesContinuingOperations" use="optional" order="3.0" weight="1" />
    <link:loc xlink:type="locator" xlink:href="http://xbrl.fasb.org/us-gaap/2012/elts/us-gaap-2012-01-31.xsd#us-gaap_ProceedsFromLinesOfCredit" xlink:label="us-gaap_ProceedsFromLinesOfCredit" xlink:title="ProceedsFromLinesOfCredit" />
    <link:calculationArc xlink:type="arc" xlink:arcrole="http://www.xbrl.org/2003/arcrole/summation-item" xlink:from="us-gaap_NetCashProvidedByUsedInFinancingActivitiesContinuingOperations" xlink:to="us-gaap_ProceedsFromLinesOfCredit" xlink:title="calculation: us-gaap_NetCashProvidedByUsedInFinancingActivitiesContinuingOperations to us-gaap_ProceedsFromLinesOfCredit" use="optional" order="1.0" weight="1" />
    <link:loc xlink:type="locator" xlink:href="http://xbrl.fasb.org/us-gaap/2012/elts/us-gaap-2012-01-31.xsd#us-gaap_RepaymentsOfLinesOfCredit" xlink:label="us-gaap_RepaymentsOfLinesOfCredit" xlink:title="RepaymentsOfLinesOfCredit" />
    <link:calculationArc xlink:type="arc" xlink:arcrole="http://www.xbrl.org/2003/arcrole/summation-item" xlink:from="us-gaap_NetCashProvidedByUsedInFinancingActivitiesContinuingOperations" xlink:to="us-gaap_RepaymentsOfLinesOfCredit" xlink:title="calculation: us-gaap_NetCashProvidedByUsedInFinancingActivitiesContinuingOperations to us-gaap_RepaymentsOfLinesOfCredit" use="optional" order="2.0" weight="-1" />
    <link:loc xlink:type="locator" xlink:href="http://xbrl.fasb.org/us-gaap/2012/elts/us-gaap-2012-01-31.xsd#us-gaap_RepaymentsOfRelatedPartyDebt" xlink:label="us-gaap_RepaymentsOfRelatedPartyDebt" xlink:title="RepaymentsOfRelatedPartyDebt" />
    <link:calculationArc xlink:type="arc" xlink:arcrole="http://www.xbrl.org/2003/arcrole/summation-item" xlink:from="us-gaap_NetCashProvidedByUsedInFinancingActivitiesContinuingOperations" xlink:to="us-gaap_RepaymentsOfRelatedPartyDebt" xlink:title="calculation: us-gaap_NetCashProvidedByUsedInFinancingActivitiesContinuingOperations to us-gaap_RepaymentsOfRelatedPartyDebt" use="optional" order="3.0" weight="-1" />
    <link:loc xlink:type="locator" xlink:href="http://xbrl.fasb.org/us-gaap/2012/elts/us-gaap-2012-01-31.xsd#us-gaap_RepaymentsOfLongTermCapitalLeaseObligations" xlink:label="us-gaap_RepaymentsOfLongTermCapitalLeaseObligations" xlink:title="RepaymentsOfLongTermCapitalLeaseObligations" />
    <link:calculationArc xlink:type="arc" xlink:arcrole="http://www.xbrl.org/2003/arcrole/summation-item" xlink:from="us-gaap_NetCashProvidedByUsedInFinancingActivitiesContinuingOperations" xlink:to="us-gaap_RepaymentsOfLongTermCapitalLeaseObligations" xlink:title="calculation: us-gaap_NetCashProvidedByUsedInFinancingActivitiesContinuingOperations to us-gaap_RepaymentsOfLongTermCapitalLeaseObligations" use="optional" order="4.0" weight="-1" />
    <link:loc xlink:type="locator" xlink:href="http://xbrl.fasb.org/us-gaap/2012/elts/us-gaap-2012-01-31.xsd#us-gaap_PaymentsOfStockIssuanceCosts" xlink:label="us-gaap_PaymentsOfStockIssuanceCosts" xlink:title="PaymentsOfStockIssuanceCosts" />
    <link:calculationArc xlink:type="arc" xlink:arcrole="http://www.xbrl.org/2003/arcrole/summation-item" xlink:from="us-gaap_NetCashProvidedByUsedInFinancingActivitiesContinuingOperations" xlink:to="us-gaap_PaymentsOfStockIssuanceCosts" xlink:title="calculation: us-gaap_NetCashProvidedByUsedInFinancingActivitiesContinuingOperations to us-gaap_PaymentsOfStockIssuanceCosts" use="optional" order="5.0" weight="-1" />
    <link:loc xlink:type="locator" xlink:href="http://xbrl.fasb.org/us-gaap/2012/elts/us-gaap-2012-01-31.xsd#us-gaap_PaymentsOfLoanCosts" xlink:label="us-gaap_PaymentsOfLoanCosts" xlink:title="PaymentsOfLoanCosts" />
    <link:calculationArc xlink:type="arc" xlink:arcrole="http://www.xbrl.org/2003/arcrole/summation-item" xlink:from="us-gaap_NetCashProvidedByUsedInFinancingActivitiesContinuingOperations" xlink:to="us-gaap_PaymentsOfLoanCosts" xlink:title="calculation: us-gaap_NetCashProvidedByUsedInFinancingActivitiesContinuingOperations to us-gaap_PaymentsOfLoanCosts" use="optional" order="6.0" weight="-1" />
  </link:calculationLink>
  <link:calculationLink xlink:type="extended" xlink:role="http://www.naturalgrocers.com/role/DisclosurePropertyAndEquipmentDetails">
    <link:loc xlink:type="locator" xlink:href="http://xbrl.fasb.org/us-gaap/2012/elts/us-gaap-2012-01-31.xsd#us-gaap_PropertyPlantAndEquipmentNet" xlink:label="us-gaap_PropertyPlantAndEquipmentNet" xlink:title="PropertyPlantAndEquipmentNet" />
    <link:loc xlink:type="locator" xlink:href="http://xbrl.fasb.org/us-gaap/2012/elts/us-gaap-2012-01-31.xsd#us-gaap_PropertyPlantAndEquipmentGross" xlink:label="us-gaap_PropertyPlantAndEquipmentGross" xlink:title="PropertyPlantAndEquipmentGross" />
    <link:calculationArc xlink:type="arc" xlink:arcrole="http://www.xbrl.org/2003/arcrole/summation-item" xlink:from="us-gaap_PropertyPlantAndEquipmentNet" xlink:to="us-gaap_PropertyPlantAndEquipmentGross" xlink:title="calculation: us-gaap_PropertyPlantAndEquipmentNet to us-gaap_PropertyPlantAndEquipmentGross" use="optional" order="1.0" weight="1" />
    <link:loc xlink:type="locator" xlink:href="http://xbrl.fasb.org/us-gaap/2012/elts/us-gaap-2012-01-31.xsd#us-gaap_AccumulatedDepreciationDepletionAndAmortizationPropertyPlantAndEquipment" xlink:label="us-gaap_AccumulatedDepreciationDepletionAndAmortizationPropertyPlantAndEquipment" xlink:title="AccumulatedDepreciationDepletionAndAmortizationPropertyPlantAndEquipment" />
    <link:calculationArc xlink:type="arc" xlink:arcrole="http://www.xbrl.org/2003/arcrole/summation-item" xlink:from="us-gaap_PropertyPlantAndEquipmentNet" xlink:to="us-gaap_AccumulatedDepreciationDepletionAndAmortizationPropertyPlantAndEquipment" xlink:title="calculation: us-gaap_PropertyPlantAndEquipmentNet to us-gaap_AccumulatedDepreciationDepletionAndAmortizationPropertyPlantAndEquipment" use="optional" order="2.0" weight="-1" />
  </link:calculationLink>
  <link:calculationLink xlink:type="extended" xlink:role="http://www.naturalgrocers.com/role/DisclosureLongTermDebtDetails">
    <link:loc xlink:type="locator" xlink:href="http://xbrl.fasb.org/us-gaap/2012/elts/us-gaap-2012-01-31.xsd#us-gaap_DebtAndCapitalLeaseObligations" xlink:label="us-gaap_DebtAndCapitalLeaseObligations" xlink:title="DebtAndCapitalLeaseObligations" />
    <link:loc xlink:type="locator" xlink:href="http://xbrl.fasb.org/us-gaap/2012/elts/us-gaap-2012-01-31.xsd#us-gaap_LongTermDebtAndCapitalLeaseObligationsCurrent" xlink:label="us-gaap_LongTermDebtAndCapitalLeaseObligationsCurrent" xlink:title="LongTermDebtAndCapitalLeaseObligationsCurrent" />
    <link:calculationArc xlink:type="arc" xlink:arcrole="http://www.xbrl.org/2003/arcrole/summation-item" xlink:from="us-gaap_DebtAndCapitalLeaseObligations" xlink:to="us-gaap_LongTermDebtAndCapitalLeaseObligationsCurrent" xlink:title="calculation: us-gaap_DebtAndCapitalLeaseObligations to us-gaap_LongTermDebtAndCapitalLeaseObligationsCurrent" use="optional" order="1.0" weight="1" />
    <link:loc xlink:type="locator" xlink:href="http://xbrl.fasb.org/us-gaap/2012/elts/us-gaap-2012-01-31.xsd#us-gaap_LongTermDebtAndCapitalLeaseObligations" xlink:label="us-gaap_LongTermDebtAndCapitalLeaseObligations" xlink:title="LongTermDebtAndCapitalLeaseObligations" />
    <link:calculationArc xlink:type="arc" xlink:arcrole="http://www.xbrl.org/2003/arcrole/summation-item" xlink:from="us-gaap_DebtAndCapitalLeaseObligations" xlink:to="us-gaap_LongTermDebtAndCapitalLeaseObligations" xlink:title="calculation: us-gaap_DebtAndCapitalLeaseObligations to us-gaap_LongTermDebtAndCapitalLeaseObligations" use="optional" order="2.0" weight="1" />
  </link:calculationLink>
  <link:calculationLink xlink:type="extended" xlink:role="http://www.naturalgrocers.com/role/DisclosureSupplementaryBalanceSheetInformationDetails">
    <link:loc xlink:type="locator" xlink:href="http://xbrl.fasb.org/us-gaap/2012/elts/us-gaap-2012-01-31.xsd#us-gaap_AccruedLiabilitiesCurrent" xlink:label="us-gaap_AccruedLiabilitiesCurrent" xlink:title="AccruedLiabilitiesCurrent" />
    <link:loc xlink:type="locator" xlink:href="http://xbrl.fasb.org/us-gaap/2012/elts/us-gaap-2012-01-31.xsd#us-gaap_EmployeeRelatedLiabilitiesCurrent" xlink:label="us-gaap_EmployeeRelatedLiabilitiesCurrent" xlink:title="EmployeeRelatedLiabilitiesCurrent" />
    <link:calculationArc xlink:type="arc" xlink:arcrole="http://www.xbrl.org/2003/arcrole/summation-item" xlink:from="us-gaap_AccruedLiabilitiesCurrent" xlink:to="us-gaap_EmployeeRelatedLiabilitiesCurrent" xlink:title="calculation: us-gaap_AccruedLiabilitiesCurrent to us-gaap_EmployeeRelatedLiabilitiesCurrent" use="optional" order="1.0" weight="1" />
    <link:loc xlink:type="locator" xlink:href="ngvc-20121231.xsd#ngvc_AccruedIncomePropertySalesAndUseTaxPayable" xlink:label="ngvc_AccruedIncomePropertySalesAndUseTaxPayable" xlink:title="AccruedIncomePropertySalesAndUseTaxPayable" />
    <link:calculationArc xlink:type="arc" xlink:arcrole="http://www.xbrl.org/2003/arcrole/summation-item" xlink:from="us-gaap_AccruedLiabilitiesCurrent" xlink:to="ngvc_AccruedIncomePropertySalesAndUseTaxPayable" xlink:title="calculation: us-gaap_AccruedLiabilitiesCurrent to ngvc_AccruedIncomePropertySalesAndUseTaxPayable" use="optional" order="2.0" weight="1" />
    <link:loc xlink:type="locator" xlink:href="http://xbrl.fasb.org/us-gaap/2012/elts/us-gaap-2012-01-31.xsd#us-gaap_AccruedIncomeTaxesCurrent" xlink:label="us-gaap_AccruedIncomeTaxesCurrent" xlink:title="AccruedIncomeTaxesCurrent" />
    <link:calculationArc xlink:type="arc" xlink:arcrole="http://www.xbrl.org/2003/arcrole/summation-item" xlink:from="us-gaap_AccruedLiabilitiesCurrent" xlink:to="us-gaap_AccruedIncomeTaxesCurrent" xlink:title="calculation: us-gaap_AccruedLiabilitiesCurrent to us-gaap_AccruedIncomeTaxesCurrent" use="optional" order="3.0" weight="1" />
    <link:loc xlink:type="locator" xlink:href="http://xbrl.fasb.org/us-gaap/2012/elts/us-gaap-2012-01-31.xsd#us-gaap_OtherAccruedLiabilitiesCurrent" xlink:label="us-gaap_OtherAccruedLiabilitiesCurrent" xlink:title="OtherAccruedLiabilitiesCurrent" />
    <link:calculationArc xlink:type="arc" xlink:arcrole="http://www.xbrl.org/2003/arcrole/summation-item" xlink:from="us-gaap_AccruedLiabilitiesCurrent" xlink:to="us-gaap_OtherAccruedLiabilitiesCurrent" xlink:title="calculation: us-gaap_AccruedLiabilitiesCurrent to us-gaap_OtherAccruedLiabilitiesCurrent" use="optional" order="4.0" weight="1" />
    <link:loc xlink:type="locator" xlink:href="http://xbrl.fasb.org/us-gaap/2012/elts/us-gaap-2012-01-31.xsd#us-gaap_AccruedLiabilitiesForUnredeeemedGiftCards" xlink:label="us-gaap_AccruedLiabilitiesForUnredeeemedGiftCards" xlink:title="AccruedLiabilitiesForUnredeeemedGiftCards" />
    <link:calculationArc xlink:type="arc" xlink:arcrole="http://www.xbrl.org/2003/arcrole/summation-item" xlink:from="us-gaap_AccruedLiabilitiesCurrent" xlink:to="us-gaap_AccruedLiabilitiesForUnredeeemedGiftCards" xlink:title="calculation: us-gaap_AccruedLiabilitiesCurrent to us-gaap_AccruedLiabilitiesForUnredeeemedGiftCards" use="optional" order="5.0" weight="1" />
  </link:calculationLink>
  <link:calculationLink xlink:type="extended" xlink:role="http://www.naturalgrocers.com/role/DisclosureEarningsPerShareDetails">
    <link:loc xlink:type="locator" xlink:href="http://xbrl.fasb.org/us-gaap/2012/elts/us-gaap-2012-01-31.xsd#us-gaap_WeightedAverageNumberOfShareOutstandingBasicAndDiluted" xlink:label="us-gaap_WeightedAverageNumberOfShareOutstandingBasicAndDiluted" xlink:title="WeightedAverageNumberOfShareOutstandingBasicAndDiluted" />
    <link:loc xlink:type="locator" xlink:href="http://xbrl.fasb.org/us-gaap/2012/elts/us-gaap-2012-01-31.xsd#us-gaap_WeightedAverageNumberOfSharesOutstandingBasic" xlink:label="us-gaap_WeightedAverageNumberOfSharesOutstandingBasic" xlink:title="WeightedAverageNumberOfSharesOutstandingBasic" />
    <link:calculationArc xlink:type="arc" xlink:arcrole="http://www.xbrl.org/2003/arcrole/summation-item" xlink:from="us-gaap_WeightedAverageNumberOfShareOutstandingBasicAndDiluted" xlink:to="us-gaap_WeightedAverageNumberOfSharesOutstandingBasic" xlink:title="calculation: us-gaap_WeightedAverageNumberOfShareOutstandingBasicAndDiluted to us-gaap_WeightedAverageNumberOfSharesOutstandingBasic" use="optional" order="1.0" weight="1" />
    <link:loc xlink:type="locator" xlink:href="http://xbrl.fasb.org/us-gaap/2012/elts/us-gaap-2012-01-31.xsd#us-gaap_WeightedAverageNumberDilutedSharesOutstandingAdjustment" xlink:label="us-gaap_WeightedAverageNumberDilutedSharesOutstandingAdjustment" xlink:title="WeightedAverageNumberDilutedSharesOutstandingAdjustment" />
    <link:calculationArc xlink:type="arc" xlink:arcrole="http://www.xbrl.org/2003/arcrole/summation-item" xlink:from="us-gaap_WeightedAverageNumberOfShareOutstandingBasicAndDiluted" xlink:to="us-gaap_WeightedAverageNumberDilutedSharesOutstandingAdjustment" xlink:title="calculation: us-gaap_WeightedAverageNumberOfShareOutstandingBasicAndDiluted to us-gaap_WeightedAverageNumberDilutedSharesOutstandingAdjustment" use="optional" order="2.0" weight="1" />
  </link:calculationLink>
  <link:calculationLink xlink:type="extended" xlink:role="http://www.naturalgrocers.com/role/StatementConsolidatedStatementsOfComprehensiveIncome">
    <link:loc xlink:type="locator" xlink:href="http://xbrl.fasb.org/us-gaap/2012/elts/us-gaap-2012-01-31.xsd#us-gaap_ComprehensiveIncomeNetOfTax" xlink:label="us-gaap_ComprehensiveIncomeNetOfTax" xlink:title="ComprehensiveIncomeNetOfTax" />
    <link:loc xlink:type="locator" xlink:href="http://xbrl.fasb.org/us-gaap/2012/elts/us-gaap-2012-01-31.xsd#us-gaap_OtherComprehensiveIncomeLossNetOfTax" xlink:label="us-gaap_OtherComprehensiveIncomeLossNetOfTax" xlink:title="OtherComprehensiveIncomeLossNetOfTax" />
    <link:calculationArc xlink:type="arc" xlink:arcrole="http://www.xbrl.org/2003/arcrole/summation-item" xlink:from="us-gaap_ComprehensiveIncomeNetOfTax" xlink:to="us-gaap_OtherComprehensiveIncomeLossNetOfTax" xlink:title="calculation: us-gaap_ComprehensiveIncomeNetOfTax to us-gaap_OtherComprehensiveIncomeLossNetOfTax" use="optional" order="1.0" weight="1" />
    <link:loc xlink:type="locator" xlink:href="http://xbrl.fasb.org/us-gaap/2012/elts/us-gaap-2012-01-31.xsd#us-gaap_OtherComprehensiveIncomeUnrealizedHoldingGainLossOnSecuritiesArisingDuringPeriodNetOfTax" xlink:label="us-gaap_OtherComprehensiveIncomeUnrealizedHoldingGainLossOnSecuritiesArisingDuringPeriodNetOfTax" xlink:title="OtherComprehensiveIncomeUnrealizedHoldingGainLossOnSecuritiesArisingDuringPeriodNetOfTax" />
    <link:calculationArc xlink:type="arc" xlink:arcrole="http://www.xbrl.org/2003/arcrole/summation-item" xlink:from="us-gaap_OtherComprehensiveIncomeLossNetOfTax" xlink:to="us-gaap_OtherComprehensiveIncomeUnrealizedHoldingGainLossOnSecuritiesArisingDuringPeriodNetOfTax" xlink:title="calculation: us-gaap_OtherComprehensiveIncomeLossNetOfTax to us-gaap_OtherComprehensiveIncomeUnrealizedHoldingGainLossOnSecuritiesArisingDuringPeriodNetOfTax" use="optional" order="1.0" weight="1" />
    <link:loc xlink:type="locator" xlink:href="http://xbrl.fasb.org/us-gaap/2012/elts/us-gaap-2012-01-31.xsd#us-gaap_NetIncomeLossAvailableToCommonStockholdersBasic" xlink:label="us-gaap_NetIncomeLossAvailableToCommonStockholdersBasic" xlink:title="NetIncomeLossAvailableToCommonStockholdersBasic" />
    <link:calculationArc xlink:type="arc" xlink:arcrole="http://www.xbrl.org/2003/arcrole/summation-item" xlink:from="us-gaap_ComprehensiveIncomeNetOfTax" xlink:to="us-gaap_NetIncomeLossAvailableToCommonStockholdersBasic" xlink:title="calculation: us-gaap_ComprehensiveIncomeNetOfTax to us-gaap_NetIncomeLossAvailableToCommonStockholdersBasic" use="optional" order="2.0" weight="1" />
  </link:calculationLink>
</link:linkbase>
