<?xml version="1.0" encoding="us-ascii"?>
<!--XBRL document created by RR Donnelley Tagger version 10.0.0.218; Copyright (C) RR Donnelley-->
<!--Based on XBRL 2.1-->
<link:linkbase xmlns:xbrldt="http://xbrl.org/2005/xbrldt" xmlns:xlink="http://www.w3.org/1999/xlink" xmlns:xsi="http://www.w3.org/2001/XMLSchema-instance" xmlns="http://www.xbrl.org/2003/linkbase" xmlns:link="http://www.xbrl.org/2003/linkbase" xsi:schemaLocation="http://www.xbrl.org/2003/linkbase http://www.xbrl.org/2003/xbrl-linkbase-2003-12-31.xsd">
  <link:roleRef xlink:type="simple" xlink:href="hwkn-20121230.xsd#StockBasedCompensationTables" roleURI="http://hawkinsinc.com/role/StockBasedCompensationTables" />
  <link:roleRef xlink:type="simple" xlink:href="hwkn-20121230.xsd#CashAndCashEquivalentsAndInvestmentsDetails" roleURI="http://hawkinsinc.com/role/CashAndCashEquivalentsAndInvestmentsDetails" />
  <link:roleRef xlink:type="simple" xlink:href="hwkn-20121230.xsd#CashAndCashEquivalentsAndInvestmentsDetailsTextual" roleURI="http://hawkinsinc.com/role/CashAndCashEquivalentsAndInvestmentsDetailsTextual" />
  <link:roleRef xlink:type="simple" xlink:href="hwkn-20121230.xsd#GoodwillAndIntangibleAssetsDetails" roleURI="http://hawkinsinc.com/role/GoodwillAndIntangibleAssetsDetails" />
  <link:roleRef xlink:type="simple" xlink:href="hwkn-20121230.xsd#StockBasedCompensationDetails1" roleURI="http://hawkinsinc.com/role/StockBasedCompensationDetails1" />
  <link:roleRef xlink:type="simple" xlink:href="hwkn-20121230.xsd#StockBasedCompensationDetailsTextual" roleURI="http://hawkinsinc.com/role/StockBasedCompensationDetailsTextual" />
  <link:roleRef xlink:type="simple" xlink:href="hwkn-20121230.xsd#SegmentInformationDetails" roleURI="http://hawkinsinc.com/role/SegmentInformationDetails" />
  <link:arcroleRef xlink:type="simple" xlink:href="http://www.xbrl.org/2005/xbrldt-2005.xsd#hypercube-dimension" arcroleURI="http://xbrl.org/int/dim/arcrole/hypercube-dimension" />
  <link:arcroleRef xlink:type="simple" xlink:href="http://www.xbrl.org/2005/xbrldt-2005.xsd#dimension-domain" arcroleURI="http://xbrl.org/int/dim/arcrole/dimension-domain" />
  <link:arcroleRef xlink:type="simple" xlink:href="http://www.xbrl.org/2005/xbrldt-2005.xsd#dimension-default" arcroleURI="http://xbrl.org/int/dim/arcrole/dimension-default" />
  <link:arcroleRef xlink:type="simple" xlink:href="http://www.xbrl.org/2005/xbrldt-2005.xsd#domain-member" arcroleURI="http://xbrl.org/int/dim/arcrole/domain-member" />
  <link:arcroleRef xlink:type="simple" xlink:href="http://www.xbrl.org/2005/xbrldt-2005.xsd#all" arcroleURI="http://xbrl.org/int/dim/arcrole/all" />
  <!-- Hypercube Definition (Line Items to Hypercube)-->
  <link:definitionLink xlink:type="extended" xlink:role="http://hawkinsinc.com/role/StockBasedCompensationTables" xlink:title="0509 - Disclosure - Share Based Compensation (Tables)">
    <link:loc xlink:type="locator" xlink:href="http://xbrl.fasb.org/us-gaap/2012/elts/us-gaap-2012-01-31.xsd#us-gaap_ScheduleOfShareBasedCompensationArrangementsByShareBasedPaymentAwardTable" xlink:label="us-gaap_ScheduleOfShareBasedCompensationArrangementsByShareBasedPaymentAwardTable" />
    <link:loc xlink:type="locator" xlink:href="http://xbrl.fasb.org/us-gaap/2012/elts/us-gaap-2012-01-31.xsd#us-gaap_AwardTypeAxis" xlink:label="us-gaap_AwardTypeAxis" />
    <link:definitionArc xlink:type="arc" xlink:arcrole="http://xbrl.org/int/dim/arcrole/hypercube-dimension" xlink:from="us-gaap_ScheduleOfShareBasedCompensationArrangementsByShareBasedPaymentAwardTable" xlink:to="us-gaap_AwardTypeAxis" order="1" />
  </link:definitionLink>
  <!-- Domain Members -->
  <link:definitionLink xlink:type="extended" xlink:role="http://hawkinsinc.com/role/StockBasedCompensationTables" xlink:title="0509 - Disclosure - Share Based Compensation (Tables)">
    <link:loc xlink:type="locator" xlink:href="http://xbrl.fasb.org/us-gaap/2012/elts/us-gaap-2012-01-31.xsd#us-gaap_AwardTypeAxis" xlink:label="us-gaap_AwardTypeAxis" />
    <link:loc xlink:type="locator" xlink:href="http://xbrl.fasb.org/us-gaap/2012/elts/us-gaap-2012-01-31.xsd#us-gaap_ShareBasedCompensationArrangementsByShareBasedPaymentAwardAwardTypeAndPlanNameDomain" xlink:label="us-gaap_ShareBasedCompensationArrangementsByShareBasedPaymentAwardAwardTypeAndPlanNameDomain" />
    <link:loc xlink:type="locator" xlink:href="http://xbrl.fasb.org/us-gaap/2012/elts/us-gaap-2012-01-31.xsd#us-gaap_StockOptionMember" xlink:label="us-gaap_StockOptionMember" />
    <link:loc xlink:type="locator" xlink:href="http://xbrl.fasb.org/us-gaap/2012/elts/us-gaap-2012-01-31.xsd#us-gaap_PerformanceSharesMember" xlink:label="us-gaap_PerformanceSharesMember" />
    <link:loc xlink:type="locator" xlink:href="http://xbrl.fasb.org/us-gaap/2012/elts/us-gaap-2012-01-31.xsd#us-gaap_RestrictedStockMember" xlink:label="us-gaap_RestrictedStockMember" />
    <link:definitionArc xlink:type="arc" xlink:arcrole="http://xbrl.org/int/dim/arcrole/dimension-domain" xlink:from="us-gaap_AwardTypeAxis" xlink:to="us-gaap_ShareBasedCompensationArrangementsByShareBasedPaymentAwardAwardTypeAndPlanNameDomain" order="1" />
    <link:definitionArc xlink:type="arc" xlink:arcrole="http://xbrl.org/int/dim/arcrole/domain-member" xlink:from="us-gaap_ShareBasedCompensationArrangementsByShareBasedPaymentAwardAwardTypeAndPlanNameDomain" xlink:to="us-gaap_StockOptionMember" order="1" />
    <link:definitionArc xlink:type="arc" xlink:arcrole="http://xbrl.org/int/dim/arcrole/domain-member" xlink:from="us-gaap_ShareBasedCompensationArrangementsByShareBasedPaymentAwardAwardTypeAndPlanNameDomain" xlink:to="us-gaap_PerformanceSharesMember" order="2" />
    <link:definitionArc xlink:type="arc" xlink:arcrole="http://xbrl.org/int/dim/arcrole/domain-member" xlink:from="us-gaap_ShareBasedCompensationArrangementsByShareBasedPaymentAwardAwardTypeAndPlanNameDomain" xlink:to="us-gaap_RestrictedStockMember" order="3" />
  </link:definitionLink>
  <!-- Hypercube Definition (All)-->
  <link:definitionLink xlink:type="extended" xlink:role="http://hawkinsinc.com/role/StockBasedCompensationTables" xlink:title="0509 - Disclosure - Share Based Compensation (Tables)">
    <link:loc xlink:type="locator" xlink:href="http://xbrl.fasb.org/us-gaap/2012/elts/us-gaap-2012-01-31.xsd#us-gaap_ScheduleOfShareBasedCompensationArrangementsByShareBasedPaymentAwardTable" xlink:label="us-gaap_ScheduleOfShareBasedCompensationArrangementsByShareBasedPaymentAwardTable" />
    <link:loc xlink:type="locator" xlink:href="http://xbrl.fasb.org/us-gaap/2012/elts/us-gaap-2012-01-31.xsd#us-gaap_ShareBasedCompensationArrangementByShareBasedPaymentAwardLineItems" xlink:label="us-gaap_ShareBasedCompensationArrangementByShareBasedPaymentAwardLineItems" />
    <link:definitionArc xlink:type="arc" xlink:arcrole="http://xbrl.org/int/dim/arcrole/all" xlink:from="us-gaap_ShareBasedCompensationArrangementByShareBasedPaymentAwardLineItems" xlink:to="us-gaap_ScheduleOfShareBasedCompensationArrangementsByShareBasedPaymentAwardTable" order="2" xbrldt:closed="true" xbrldt:contextElement="segment" />
  </link:definitionLink>
  <!-- Inheritance for Line Items:  us-gaap:ShareBasedCompensationArrangementByShareBasedPaymentAwardLineItems-->
  <link:definitionLink xlink:type="extended" xlink:role="http://hawkinsinc.com/role/StockBasedCompensationTables" xlink:title="0509 - Disclosure - Share Based Compensation (Tables)">
    <link:loc xlink:type="locator" xlink:href="http://xbrl.fasb.org/us-gaap/2012/elts/us-gaap-2012-01-31.xsd#us-gaap_ShareBasedCompensationArrangementByShareBasedPaymentAwardLineItems" xlink:label="us-gaap_ShareBasedCompensationArrangementByShareBasedPaymentAwardLineItems" />
    <link:loc xlink:type="locator" xlink:href="http://xbrl.fasb.org/us-gaap/2012/elts/us-gaap-2012-01-31.xsd#us-gaap_ScheduleOfShareBasedCompensationStockOptionsActivityTableTextBlock" xlink:label="us-gaap_ScheduleOfShareBasedCompensationStockOptionsActivityTableTextBlock" />
    <link:loc xlink:type="locator" xlink:href="http://xbrl.fasb.org/us-gaap/2012/elts/us-gaap-2012-01-31.xsd#us-gaap_ScheduleOfSharebasedCompensationRestrictedStockAndRestrictedStockUnitsActivityTableTextBlock" xlink:label="us-gaap_ScheduleOfSharebasedCompensationRestrictedStockAndRestrictedStockUnitsActivityTableTextBlock" />
    <link:loc xlink:type="locator" xlink:href="http://xbrl.fasb.org/us-gaap/2012/elts/us-gaap-2012-01-31.xsd#us-gaap_ScheduleOfShareBasedCompensationNonemployeeDirectorStockAwardPlanActivityTableTextBlock" xlink:label="us-gaap_ScheduleOfShareBasedCompensationNonemployeeDirectorStockAwardPlanActivityTableTextBlock" />
    <link:definitionArc xlink:type="arc" xlink:arcrole="http://xbrl.org/int/dim/arcrole/domain-member" xlink:from="us-gaap_ShareBasedCompensationArrangementByShareBasedPaymentAwardLineItems" xlink:to="us-gaap_ScheduleOfShareBasedCompensationStockOptionsActivityTableTextBlock" order="1" />
    <link:definitionArc xlink:type="arc" xlink:arcrole="http://xbrl.org/int/dim/arcrole/domain-member" xlink:from="us-gaap_ShareBasedCompensationArrangementByShareBasedPaymentAwardLineItems" xlink:to="us-gaap_ScheduleOfSharebasedCompensationRestrictedStockAndRestrictedStockUnitsActivityTableTextBlock" order="2" />
    <link:definitionArc xlink:type="arc" xlink:arcrole="http://xbrl.org/int/dim/arcrole/domain-member" xlink:from="us-gaap_ShareBasedCompensationArrangementByShareBasedPaymentAwardLineItems" xlink:to="us-gaap_ScheduleOfShareBasedCompensationNonemployeeDirectorStockAwardPlanActivityTableTextBlock" order="3" />
  </link:definitionLink>
  <!-- Dimension Defaults -->
  <link:definitionLink xlink:type="extended" xlink:role="http://hawkinsinc.com/role/StockBasedCompensationTables" xlink:title="0509 - Disclosure - Share Based Compensation (Tables)">
    <link:loc xlink:type="locator" xlink:href="http://xbrl.fasb.org/us-gaap/2012/elts/us-gaap-2012-01-31.xsd#us-gaap_AwardTypeAxis" xlink:label="us-gaap_AwardTypeAxis" />
    <link:loc xlink:type="locator" xlink:href="http://xbrl.fasb.org/us-gaap/2012/elts/us-gaap-2012-01-31.xsd#us-gaap_ShareBasedCompensationArrangementsByShareBasedPaymentAwardAwardTypeAndPlanNameDomain" xlink:label="us-gaap_ShareBasedCompensationArrangementsByShareBasedPaymentAwardAwardTypeAndPlanNameDomain" />
    <link:definitionArc xlink:type="arc" xlink:arcrole="http://xbrl.org/int/dim/arcrole/dimension-default" xlink:from="us-gaap_AwardTypeAxis" xlink:to="us-gaap_ShareBasedCompensationArrangementsByShareBasedPaymentAwardAwardTypeAndPlanNameDomain" order="1" />
  </link:definitionLink>
  <!-- Hypercube Definition (Line Items to Hypercube)-->
  <link:definitionLink xlink:type="extended" xlink:role="http://hawkinsinc.com/role/CashAndCashEquivalentsAndInvestmentsDetails" xlink:title="0604 - Disclosure - Cash and Cash Equivalents and Investments (Details)">
    <link:loc xlink:type="locator" xlink:href="http://xbrl.fasb.org/us-gaap/2012/elts/us-gaap-2012-01-31.xsd#us-gaap_ScheduleOfCashAndCashEquivalentsTable" xlink:label="us-gaap_ScheduleOfCashAndCashEquivalentsTable" />
    <link:loc xlink:type="locator" xlink:href="http://xbrl.fasb.org/us-gaap/2012/elts/us-gaap-2012-01-31.xsd#us-gaap_FairValueByFairValueHierarchyLevelAxis" xlink:label="us-gaap_FairValueByFairValueHierarchyLevelAxis" />
    <link:definitionArc xlink:type="arc" xlink:arcrole="http://xbrl.org/int/dim/arcrole/hypercube-dimension" xlink:from="us-gaap_ScheduleOfCashAndCashEquivalentsTable" xlink:to="us-gaap_FairValueByFairValueHierarchyLevelAxis" order="1" />
  </link:definitionLink>
  <!-- Domain Members -->
  <link:definitionLink xlink:type="extended" xlink:role="http://hawkinsinc.com/role/CashAndCashEquivalentsAndInvestmentsDetails" xlink:title="0604 - Disclosure - Cash and Cash Equivalents and Investments (Details)">
    <link:loc xlink:type="locator" xlink:href="http://xbrl.fasb.org/us-gaap/2012/elts/us-gaap-2012-01-31.xsd#us-gaap_FairValueByFairValueHierarchyLevelAxis" xlink:label="us-gaap_FairValueByFairValueHierarchyLevelAxis" />
    <link:loc xlink:type="locator" xlink:href="http://xbrl.fasb.org/us-gaap/2012/elts/us-gaap-2012-01-31.xsd#us-gaap_FairValueMeasurementsFairValueHierarchyDomain" xlink:label="us-gaap_FairValueMeasurementsFairValueHierarchyDomain" />
    <link:loc xlink:type="locator" xlink:href="http://xbrl.fasb.org/us-gaap/2012/elts/us-gaap-2012-01-31.xsd#us-gaap_FairValueInputsLevel1Member" xlink:label="us-gaap_FairValueInputsLevel1Member" />
    <link:loc xlink:type="locator" xlink:href="http://xbrl.fasb.org/us-gaap/2012/elts/us-gaap-2012-01-31.xsd#us-gaap_FairValueInputsLevel2Member" xlink:label="us-gaap_FairValueInputsLevel2Member" />
    <link:loc xlink:type="locator" xlink:href="http://xbrl.fasb.org/us-gaap/2012/elts/us-gaap-2012-01-31.xsd#us-gaap_FairValueInputsLevel3Member" xlink:label="us-gaap_FairValueInputsLevel3Member" />
    <link:definitionArc xlink:type="arc" xlink:arcrole="http://xbrl.org/int/dim/arcrole/dimension-domain" xlink:from="us-gaap_FairValueByFairValueHierarchyLevelAxis" xlink:to="us-gaap_FairValueMeasurementsFairValueHierarchyDomain" order="1" />
    <link:definitionArc xlink:type="arc" xlink:arcrole="http://xbrl.org/int/dim/arcrole/domain-member" xlink:from="us-gaap_FairValueMeasurementsFairValueHierarchyDomain" xlink:to="us-gaap_FairValueInputsLevel1Member" order="1" />
    <link:definitionArc xlink:type="arc" xlink:arcrole="http://xbrl.org/int/dim/arcrole/domain-member" xlink:from="us-gaap_FairValueMeasurementsFairValueHierarchyDomain" xlink:to="us-gaap_FairValueInputsLevel2Member" order="2" />
    <link:definitionArc xlink:type="arc" xlink:arcrole="http://xbrl.org/int/dim/arcrole/domain-member" xlink:from="us-gaap_FairValueMeasurementsFairValueHierarchyDomain" xlink:to="us-gaap_FairValueInputsLevel3Member" order="3" />
  </link:definitionLink>
  <!-- Hypercube Definition (Line Items to Hypercube)-->
  <link:definitionLink xlink:type="extended" xlink:role="http://hawkinsinc.com/role/CashAndCashEquivalentsAndInvestmentsDetails" xlink:title="0604 - Disclosure - Cash and Cash Equivalents and Investments (Details)">
    <link:loc xlink:type="locator" xlink:href="http://xbrl.fasb.org/us-gaap/2012/elts/us-gaap-2012-01-31.xsd#us-gaap_ScheduleOfCashAndCashEquivalentsTable" xlink:label="us-gaap_ScheduleOfCashAndCashEquivalentsTable" />
    <link:loc xlink:type="locator" xlink:href="http://xbrl.fasb.org/us-gaap/2012/elts/us-gaap-2012-01-31.xsd#us-gaap_CashAndCashEquivalentsAxis" xlink:label="us-gaap_CashAndCashEquivalentsAxis" />
    <link:definitionArc xlink:type="arc" xlink:arcrole="http://xbrl.org/int/dim/arcrole/hypercube-dimension" xlink:from="us-gaap_ScheduleOfCashAndCashEquivalentsTable" xlink:to="us-gaap_CashAndCashEquivalentsAxis" order="2" />
  </link:definitionLink>
  <!-- Domain Members -->
  <link:definitionLink xlink:type="extended" xlink:role="http://hawkinsinc.com/role/CashAndCashEquivalentsAndInvestmentsDetails" xlink:title="0604 - Disclosure - Cash and Cash Equivalents and Investments (Details)">
    <link:loc xlink:type="locator" xlink:href="http://xbrl.fasb.org/us-gaap/2012/elts/us-gaap-2012-01-31.xsd#us-gaap_CashAndCashEquivalentsAxis" xlink:label="us-gaap_CashAndCashEquivalentsAxis" />
    <link:loc xlink:type="locator" xlink:href="http://xbrl.fasb.org/us-gaap/2012/elts/us-gaap-2012-01-31.xsd#us-gaap_RestrictedCashAndCashEquivalentsCashAndCashEquivalentsMember" xlink:label="us-gaap_RestrictedCashAndCashEquivalentsCashAndCashEquivalentsMember" />
    <link:loc xlink:type="locator" xlink:href="http://xbrl.fasb.org/us-gaap/2012/elts/us-gaap-2012-01-31.xsd#us-gaap_CashMember" xlink:label="us-gaap_CashMember" />
    <link:loc xlink:type="locator" xlink:href="http://xbrl.fasb.org/us-gaap/2012/elts/us-gaap-2012-01-31.xsd#us-gaap_CertificatesOfDepositMember" xlink:label="us-gaap_CertificatesOfDepositMember" />
    <link:loc xlink:type="locator" xlink:href="http://xbrl.fasb.org/us-gaap/2012/elts/us-gaap-2012-01-31.xsd#us-gaap_MoneyMarketFundsMember" xlink:label="us-gaap_MoneyMarketFundsMember" />
    <link:definitionArc xlink:type="arc" xlink:arcrole="http://xbrl.org/int/dim/arcrole/dimension-domain" xlink:from="us-gaap_CashAndCashEquivalentsAxis" xlink:to="us-gaap_RestrictedCashAndCashEquivalentsCashAndCashEquivalentsMember" order="1" />
    <link:definitionArc xlink:type="arc" xlink:arcrole="http://xbrl.org/int/dim/arcrole/domain-member" xlink:from="us-gaap_RestrictedCashAndCashEquivalentsCashAndCashEquivalentsMember" xlink:to="us-gaap_CashMember" order="1" />
    <link:definitionArc xlink:type="arc" xlink:arcrole="http://xbrl.org/int/dim/arcrole/domain-member" xlink:from="us-gaap_RestrictedCashAndCashEquivalentsCashAndCashEquivalentsMember" xlink:to="us-gaap_CertificatesOfDepositMember" order="2" />
    <link:definitionArc xlink:type="arc" xlink:arcrole="http://xbrl.org/int/dim/arcrole/domain-member" xlink:from="us-gaap_RestrictedCashAndCashEquivalentsCashAndCashEquivalentsMember" xlink:to="us-gaap_MoneyMarketFundsMember" order="3" />
  </link:definitionLink>
  <!-- Hypercube Definition (All)-->
  <link:definitionLink xlink:type="extended" xlink:role="http://hawkinsinc.com/role/CashAndCashEquivalentsAndInvestmentsDetails" xlink:title="0604 - Disclosure - Cash and Cash Equivalents and Investments (Details)">
    <link:loc xlink:type="locator" xlink:href="http://xbrl.fasb.org/us-gaap/2012/elts/us-gaap-2012-01-31.xsd#us-gaap_ScheduleOfCashAndCashEquivalentsTable" xlink:label="us-gaap_ScheduleOfCashAndCashEquivalentsTable" />
    <link:loc xlink:type="locator" xlink:href="http://xbrl.fasb.org/us-gaap/2012/elts/us-gaap-2012-01-31.xsd#us-gaap_CashAndCashEquivalentsLineItems" xlink:label="us-gaap_CashAndCashEquivalentsLineItems" />
    <link:definitionArc xlink:type="arc" xlink:arcrole="http://xbrl.org/int/dim/arcrole/all" xlink:from="us-gaap_CashAndCashEquivalentsLineItems" xlink:to="us-gaap_ScheduleOfCashAndCashEquivalentsTable" order="3" xbrldt:closed="true" xbrldt:contextElement="segment" />
  </link:definitionLink>
  <!-- Inheritance for Line Items:  us-gaap:CashAndCashEquivalentsLineItems-->
  <link:definitionLink xlink:type="extended" xlink:role="http://hawkinsinc.com/role/CashAndCashEquivalentsAndInvestmentsDetails" xlink:title="0604 - Disclosure - Cash and Cash Equivalents and Investments (Details)">
    <link:loc xlink:type="locator" xlink:href="http://xbrl.fasb.org/us-gaap/2012/elts/us-gaap-2012-01-31.xsd#us-gaap_CashAndCashEquivalentsLineItems" xlink:label="us-gaap_CashAndCashEquivalentsLineItems" />
    <link:loc xlink:type="locator" xlink:href="http://xbrl.fasb.org/us-gaap/2012/elts/us-gaap-2012-01-31.xsd#us-gaap_CashCashEquivalentsAndShortTermInvestmentsAbstract" xlink:label="us-gaap_CashCashEquivalentsAndShortTermInvestmentsAbstract" />
    <link:loc xlink:type="locator" xlink:href="http://xbrl.fasb.org/us-gaap/2012/elts/us-gaap-2012-01-31.xsd#us-gaap_FinancialInstrumentsFinancialAssetsBalanceSheetGroupingsAbstract" xlink:label="us-gaap_FinancialInstrumentsFinancialAssetsBalanceSheetGroupingsAbstract" />
    <link:loc xlink:type="locator" xlink:href="http://xbrl.fasb.org/us-gaap/2012/elts/us-gaap-2012-01-31.xsd#us-gaap_CashAndCashEquivalentsFairValueDisclosure" xlink:label="us-gaap_CashAndCashEquivalentsFairValueDisclosure" />
    <link:definitionArc xlink:type="arc" xlink:arcrole="http://xbrl.org/int/dim/arcrole/domain-member" xlink:from="us-gaap_CashAndCashEquivalentsLineItems" xlink:to="us-gaap_CashAndCashEquivalentsFairValueDisclosure" order="3" />
  </link:definitionLink>
  <!-- Dimension Defaults -->
  <link:definitionLink xlink:type="extended" xlink:role="http://hawkinsinc.com/role/CashAndCashEquivalentsAndInvestmentsDetails" xlink:title="0604 - Disclosure - Cash and Cash Equivalents and Investments (Details)">
    <link:loc xlink:type="locator" xlink:href="http://xbrl.fasb.org/us-gaap/2012/elts/us-gaap-2012-01-31.xsd#us-gaap_FairValueByFairValueHierarchyLevelAxis" xlink:label="us-gaap_FairValueByFairValueHierarchyLevelAxis" />
    <link:loc xlink:type="locator" xlink:href="http://xbrl.fasb.org/us-gaap/2012/elts/us-gaap-2012-01-31.xsd#us-gaap_FairValueMeasurementsFairValueHierarchyDomain" xlink:label="us-gaap_FairValueMeasurementsFairValueHierarchyDomain" />
    <link:definitionArc xlink:type="arc" xlink:arcrole="http://xbrl.org/int/dim/arcrole/dimension-default" xlink:from="us-gaap_FairValueByFairValueHierarchyLevelAxis" xlink:to="us-gaap_FairValueMeasurementsFairValueHierarchyDomain" order="1" />
  </link:definitionLink>
  <!-- Dimension Defaults -->
  <link:definitionLink xlink:type="extended" xlink:role="http://hawkinsinc.com/role/CashAndCashEquivalentsAndInvestmentsDetails" xlink:title="0604 - Disclosure - Cash and Cash Equivalents and Investments (Details)">
    <link:loc xlink:type="locator" xlink:href="http://xbrl.fasb.org/us-gaap/2012/elts/us-gaap-2012-01-31.xsd#us-gaap_CashAndCashEquivalentsAxis" xlink:label="us-gaap_CashAndCashEquivalentsAxis" />
    <link:loc xlink:type="locator" xlink:href="http://xbrl.fasb.org/us-gaap/2012/elts/us-gaap-2012-01-31.xsd#us-gaap_RestrictedCashAndCashEquivalentsCashAndCashEquivalentsMember" xlink:label="us-gaap_RestrictedCashAndCashEquivalentsCashAndCashEquivalentsMember" />
    <link:definitionArc xlink:type="arc" xlink:arcrole="http://xbrl.org/int/dim/arcrole/dimension-default" xlink:from="us-gaap_CashAndCashEquivalentsAxis" xlink:to="us-gaap_RestrictedCashAndCashEquivalentsCashAndCashEquivalentsMember" order="2" />
  </link:definitionLink>
  <!-- Hypercube Definition (Line Items to Hypercube)-->
  <link:definitionLink xlink:type="extended" xlink:role="http://hawkinsinc.com/role/CashAndCashEquivalentsAndInvestmentsDetailsTextual" xlink:title="06041 - Disclosure - Cash and Cash Equivalents and Investments (Details Textual)">
    <link:loc xlink:type="locator" xlink:href="http://xbrl.fasb.org/us-gaap/2012/elts/us-gaap-2012-01-31.xsd#us-gaap_ScheduleOfCashAndCashEquivalentsTable" xlink:label="us-gaap_ScheduleOfCashAndCashEquivalentsTable" />
    <link:loc xlink:type="locator" xlink:href="http://xbrl.fasb.org/us-gaap/2012/elts/us-gaap-2012-01-31.xsd#us-gaap_FairValueByFairValueHierarchyLevelAxis" xlink:label="us-gaap_FairValueByFairValueHierarchyLevelAxis" />
    <link:definitionArc xlink:type="arc" xlink:arcrole="http://xbrl.org/int/dim/arcrole/hypercube-dimension" xlink:from="us-gaap_ScheduleOfCashAndCashEquivalentsTable" xlink:to="us-gaap_FairValueByFairValueHierarchyLevelAxis" order="1" />
  </link:definitionLink>
  <!-- Domain Members -->
  <link:definitionLink xlink:type="extended" xlink:role="http://hawkinsinc.com/role/CashAndCashEquivalentsAndInvestmentsDetailsTextual" xlink:title="06041 - Disclosure - Cash and Cash Equivalents and Investments (Details Textual)">
    <link:loc xlink:type="locator" xlink:href="http://xbrl.fasb.org/us-gaap/2012/elts/us-gaap-2012-01-31.xsd#us-gaap_FairValueByFairValueHierarchyLevelAxis" xlink:label="us-gaap_FairValueByFairValueHierarchyLevelAxis" />
    <link:loc xlink:type="locator" xlink:href="http://xbrl.fasb.org/us-gaap/2012/elts/us-gaap-2012-01-31.xsd#us-gaap_FairValueMeasurementsFairValueHierarchyDomain" xlink:label="us-gaap_FairValueMeasurementsFairValueHierarchyDomain" />
    <link:loc xlink:type="locator" xlink:href="http://xbrl.fasb.org/us-gaap/2012/elts/us-gaap-2012-01-31.xsd#us-gaap_FairValueInputsLevel2Member" xlink:label="us-gaap_FairValueInputsLevel2Member" />
    <link:definitionArc xlink:type="arc" xlink:arcrole="http://xbrl.org/int/dim/arcrole/dimension-domain" xlink:from="us-gaap_FairValueByFairValueHierarchyLevelAxis" xlink:to="us-gaap_FairValueMeasurementsFairValueHierarchyDomain" order="1" />
    <link:definitionArc xlink:type="arc" xlink:arcrole="http://xbrl.org/int/dim/arcrole/domain-member" xlink:from="us-gaap_FairValueMeasurementsFairValueHierarchyDomain" xlink:to="us-gaap_FairValueInputsLevel2Member" order="1" />
  </link:definitionLink>
  <!-- Hypercube Definition (Line Items to Hypercube)-->
  <link:definitionLink xlink:type="extended" xlink:role="http://hawkinsinc.com/role/CashAndCashEquivalentsAndInvestmentsDetailsTextual" xlink:title="06041 - Disclosure - Cash and Cash Equivalents and Investments (Details Textual)">
    <link:loc xlink:type="locator" xlink:href="http://xbrl.fasb.org/us-gaap/2012/elts/us-gaap-2012-01-31.xsd#us-gaap_ScheduleOfCashAndCashEquivalentsTable" xlink:label="us-gaap_ScheduleOfCashAndCashEquivalentsTable" />
    <link:loc xlink:type="locator" xlink:href="http://xbrl.fasb.org/us-gaap/2012/elts/us-gaap-2012-01-31.xsd#us-gaap_CashAndCashEquivalentsAxis" xlink:label="us-gaap_CashAndCashEquivalentsAxis" />
    <link:definitionArc xlink:type="arc" xlink:arcrole="http://xbrl.org/int/dim/arcrole/hypercube-dimension" xlink:from="us-gaap_ScheduleOfCashAndCashEquivalentsTable" xlink:to="us-gaap_CashAndCashEquivalentsAxis" order="2" />
  </link:definitionLink>
  <!-- Domain Members -->
  <link:definitionLink xlink:type="extended" xlink:role="http://hawkinsinc.com/role/CashAndCashEquivalentsAndInvestmentsDetailsTextual" xlink:title="06041 - Disclosure - Cash and Cash Equivalents and Investments (Details Textual)">
    <link:loc xlink:type="locator" xlink:href="http://xbrl.fasb.org/us-gaap/2012/elts/us-gaap-2012-01-31.xsd#us-gaap_CashAndCashEquivalentsAxis" xlink:label="us-gaap_CashAndCashEquivalentsAxis" />
    <link:loc xlink:type="locator" xlink:href="http://xbrl.fasb.org/us-gaap/2012/elts/us-gaap-2012-01-31.xsd#us-gaap_RestrictedCashAndCashEquivalentsCashAndCashEquivalentsMember" xlink:label="us-gaap_RestrictedCashAndCashEquivalentsCashAndCashEquivalentsMember" />
    <link:loc xlink:type="locator" xlink:href="http://xbrl.fasb.org/us-gaap/2012/elts/us-gaap-2012-01-31.xsd#us-gaap_CertificatesOfDepositMember" xlink:label="us-gaap_CertificatesOfDepositMember" />
    <link:definitionArc xlink:type="arc" xlink:arcrole="http://xbrl.org/int/dim/arcrole/dimension-domain" xlink:from="us-gaap_CashAndCashEquivalentsAxis" xlink:to="us-gaap_RestrictedCashAndCashEquivalentsCashAndCashEquivalentsMember" order="1" />
    <link:definitionArc xlink:type="arc" xlink:arcrole="http://xbrl.org/int/dim/arcrole/domain-member" xlink:from="us-gaap_RestrictedCashAndCashEquivalentsCashAndCashEquivalentsMember" xlink:to="us-gaap_CertificatesOfDepositMember" order="1" />
  </link:definitionLink>
  <!-- Hypercube Definition (All)-->
  <link:definitionLink xlink:type="extended" xlink:role="http://hawkinsinc.com/role/CashAndCashEquivalentsAndInvestmentsDetailsTextual" xlink:title="06041 - Disclosure - Cash and Cash Equivalents and Investments (Details Textual)">
    <link:loc xlink:type="locator" xlink:href="http://xbrl.fasb.org/us-gaap/2012/elts/us-gaap-2012-01-31.xsd#us-gaap_ScheduleOfCashAndCashEquivalentsTable" xlink:label="us-gaap_ScheduleOfCashAndCashEquivalentsTable" />
    <link:loc xlink:type="locator" xlink:href="http://xbrl.fasb.org/us-gaap/2012/elts/us-gaap-2012-01-31.xsd#us-gaap_CashAndCashEquivalentsLineItems" xlink:label="us-gaap_CashAndCashEquivalentsLineItems" />
    <link:definitionArc xlink:type="arc" xlink:arcrole="http://xbrl.org/int/dim/arcrole/all" xlink:from="us-gaap_CashAndCashEquivalentsLineItems" xlink:to="us-gaap_ScheduleOfCashAndCashEquivalentsTable" order="3" xbrldt:closed="true" xbrldt:contextElement="segment" />
  </link:definitionLink>
  <!-- Inheritance for Line Items:  us-gaap:CashAndCashEquivalentsLineItems-->
  <link:definitionLink xlink:type="extended" xlink:role="http://hawkinsinc.com/role/CashAndCashEquivalentsAndInvestmentsDetailsTextual" xlink:title="06041 - Disclosure - Cash and Cash Equivalents and Investments (Details Textual)">
    <link:loc xlink:type="locator" xlink:href="http://xbrl.fasb.org/us-gaap/2012/elts/us-gaap-2012-01-31.xsd#us-gaap_CashAndCashEquivalentsLineItems" xlink:label="us-gaap_CashAndCashEquivalentsLineItems" />
    <link:loc xlink:type="locator" xlink:href="hwkn-20121230.xsd#hwkn_CashAndCashEquivalentsAndInvestmentsAdditionalTextualAbstract" xlink:label="hwkn_CashAndCashEquivalentsAndInvestmentsAdditionalTextualAbstract" />
    <link:loc xlink:type="locator" xlink:href="hwkn-20121230.xsd#hwkn_MaturitiesPeriodOfCertificatesOfDepositMaximum" xlink:label="hwkn_MaturitiesPeriodOfCertificatesOfDepositMaximum" />
    <link:loc xlink:type="locator" xlink:href="hwkn-20121230.xsd#hwkn_MaturitiesPeriodOfCertificatesOfDepositMinimum" xlink:label="hwkn_MaturitiesPeriodOfCertificatesOfDepositMinimum" />
    <link:loc xlink:type="locator" xlink:href="http://xbrl.fasb.org/us-gaap/2012/elts/us-gaap-2012-01-31.xsd#us-gaap_AvailableForSaleSecuritiesFairValueDisclosure" xlink:label="us-gaap_AvailableForSaleSecuritiesFairValueDisclosure" />
    <link:loc xlink:type="locator" xlink:href="hwkn-20121230.xsd#hwkn_LongTermInvestmentsFairValueDisclosure" xlink:label="hwkn_LongTermInvestmentsFairValueDisclosure" />
    <link:definitionArc xlink:type="arc" xlink:arcrole="http://xbrl.org/int/dim/arcrole/domain-member" xlink:from="us-gaap_CashAndCashEquivalentsLineItems" xlink:to="hwkn_MaturitiesPeriodOfCertificatesOfDepositMaximum" order="2" />
    <link:definitionArc xlink:type="arc" xlink:arcrole="http://xbrl.org/int/dim/arcrole/domain-member" xlink:from="us-gaap_CashAndCashEquivalentsLineItems" xlink:to="hwkn_MaturitiesPeriodOfCertificatesOfDepositMinimum" order="3" />
    <link:definitionArc xlink:type="arc" xlink:arcrole="http://xbrl.org/int/dim/arcrole/domain-member" xlink:from="us-gaap_CashAndCashEquivalentsLineItems" xlink:to="us-gaap_AvailableForSaleSecuritiesFairValueDisclosure" order="4" />
    <link:definitionArc xlink:type="arc" xlink:arcrole="http://xbrl.org/int/dim/arcrole/domain-member" xlink:from="us-gaap_CashAndCashEquivalentsLineItems" xlink:to="hwkn_LongTermInvestmentsFairValueDisclosure" order="5" />
  </link:definitionLink>
  <!-- Dimension Defaults -->
  <link:definitionLink xlink:type="extended" xlink:role="http://hawkinsinc.com/role/CashAndCashEquivalentsAndInvestmentsDetailsTextual" xlink:title="06041 - Disclosure - Cash and Cash Equivalents and Investments (Details Textual)">
    <link:loc xlink:type="locator" xlink:href="http://xbrl.fasb.org/us-gaap/2012/elts/us-gaap-2012-01-31.xsd#us-gaap_FairValueByFairValueHierarchyLevelAxis" xlink:label="us-gaap_FairValueByFairValueHierarchyLevelAxis" />
    <link:loc xlink:type="locator" xlink:href="http://xbrl.fasb.org/us-gaap/2012/elts/us-gaap-2012-01-31.xsd#us-gaap_FairValueMeasurementsFairValueHierarchyDomain" xlink:label="us-gaap_FairValueMeasurementsFairValueHierarchyDomain" />
    <link:definitionArc xlink:type="arc" xlink:arcrole="http://xbrl.org/int/dim/arcrole/dimension-default" xlink:from="us-gaap_FairValueByFairValueHierarchyLevelAxis" xlink:to="us-gaap_FairValueMeasurementsFairValueHierarchyDomain" order="1" />
  </link:definitionLink>
  <!-- Dimension Defaults -->
  <link:definitionLink xlink:type="extended" xlink:role="http://hawkinsinc.com/role/CashAndCashEquivalentsAndInvestmentsDetailsTextual" xlink:title="06041 - Disclosure - Cash and Cash Equivalents and Investments (Details Textual)">
    <link:loc xlink:type="locator" xlink:href="http://xbrl.fasb.org/us-gaap/2012/elts/us-gaap-2012-01-31.xsd#us-gaap_CashAndCashEquivalentsAxis" xlink:label="us-gaap_CashAndCashEquivalentsAxis" />
    <link:loc xlink:type="locator" xlink:href="http://xbrl.fasb.org/us-gaap/2012/elts/us-gaap-2012-01-31.xsd#us-gaap_RestrictedCashAndCashEquivalentsCashAndCashEquivalentsMember" xlink:label="us-gaap_RestrictedCashAndCashEquivalentsCashAndCashEquivalentsMember" />
    <link:definitionArc xlink:type="arc" xlink:arcrole="http://xbrl.org/int/dim/arcrole/dimension-default" xlink:from="us-gaap_CashAndCashEquivalentsAxis" xlink:to="us-gaap_RestrictedCashAndCashEquivalentsCashAndCashEquivalentsMember" order="2" />
  </link:definitionLink>
  <!-- Hypercube Definition (Line Items to Hypercube)-->
  <link:definitionLink xlink:type="extended" xlink:role="http://hawkinsinc.com/role/GoodwillAndIntangibleAssetsDetails" xlink:title="0606 - Disclosure - Goodwill and Intangible Assets (Details)">
    <link:loc xlink:type="locator" xlink:href="http://xbrl.fasb.org/us-gaap/2012/elts/us-gaap-2012-01-31.xsd#us-gaap_ScheduleOfFiniteLivedIntangibleAssetsTable" xlink:label="us-gaap_ScheduleOfFiniteLivedIntangibleAssetsTable" />
    <link:loc xlink:type="locator" xlink:href="http://xbrl.fasb.org/us-gaap/2012/elts/us-gaap-2012-01-31.xsd#us-gaap_FiniteLivedIntangibleAssetsByMajorClassAxis" xlink:label="us-gaap_FiniteLivedIntangibleAssetsByMajorClassAxis" />
    <link:definitionArc xlink:type="arc" xlink:arcrole="http://xbrl.org/int/dim/arcrole/hypercube-dimension" xlink:from="us-gaap_ScheduleOfFiniteLivedIntangibleAssetsTable" xlink:to="us-gaap_FiniteLivedIntangibleAssetsByMajorClassAxis" order="1" />
  </link:definitionLink>
  <!-- Domain Members -->
  <link:definitionLink xlink:type="extended" xlink:role="http://hawkinsinc.com/role/GoodwillAndIntangibleAssetsDetails" xlink:title="0606 - Disclosure - Goodwill and Intangible Assets (Details)">
    <link:loc xlink:type="locator" xlink:href="http://xbrl.fasb.org/us-gaap/2012/elts/us-gaap-2012-01-31.xsd#us-gaap_FiniteLivedIntangibleAssetsByMajorClassAxis" xlink:label="us-gaap_FiniteLivedIntangibleAssetsByMajorClassAxis" />
    <link:loc xlink:type="locator" xlink:href="http://xbrl.fasb.org/us-gaap/2012/elts/us-gaap-2012-01-31.xsd#us-gaap_FiniteLivedIntangibleAssetsMajorClassNameDomain" xlink:label="us-gaap_FiniteLivedIntangibleAssetsMajorClassNameDomain" />
    <link:loc xlink:type="locator" xlink:href="http://xbrl.fasb.org/us-gaap/2012/elts/us-gaap-2012-01-31.xsd#us-gaap_CustomerRelationshipsMember" xlink:label="us-gaap_CustomerRelationshipsMember" />
    <link:loc xlink:type="locator" xlink:href="http://xbrl.fasb.org/us-gaap/2012/elts/us-gaap-2012-01-31.xsd#us-gaap_TrademarksMember" xlink:label="us-gaap_TrademarksMember" />
    <link:loc xlink:type="locator" xlink:href="http://xbrl.fasb.org/us-gaap/2012/elts/us-gaap-2012-01-31.xsd#us-gaap_TradeSecretsMember" xlink:label="us-gaap_TradeSecretsMember" />
    <link:loc xlink:type="locator" xlink:href="hwkn-20121230.xsd#hwkn_CarrierRelationshipsMember" xlink:label="hwkn_CarrierRelationshipsMember" />
    <link:loc xlink:type="locator" xlink:href="hwkn-20121230.xsd#hwkn_OtherFiniteLifeIntangibleAssetsMember" xlink:label="hwkn_OtherFiniteLifeIntangibleAssetsMember" />
    <link:definitionArc xlink:type="arc" xlink:arcrole="http://xbrl.org/int/dim/arcrole/dimension-domain" xlink:from="us-gaap_FiniteLivedIntangibleAssetsByMajorClassAxis" xlink:to="us-gaap_FiniteLivedIntangibleAssetsMajorClassNameDomain" order="1" />
    <link:definitionArc xlink:type="arc" xlink:arcrole="http://xbrl.org/int/dim/arcrole/domain-member" xlink:from="us-gaap_FiniteLivedIntangibleAssetsMajorClassNameDomain" xlink:to="us-gaap_CustomerRelationshipsMember" order="1" />
    <link:definitionArc xlink:type="arc" xlink:arcrole="http://xbrl.org/int/dim/arcrole/domain-member" xlink:from="us-gaap_FiniteLivedIntangibleAssetsMajorClassNameDomain" xlink:to="us-gaap_TrademarksMember" order="2" />
    <link:definitionArc xlink:type="arc" xlink:arcrole="http://xbrl.org/int/dim/arcrole/domain-member" xlink:from="us-gaap_FiniteLivedIntangibleAssetsMajorClassNameDomain" xlink:to="us-gaap_TradeSecretsMember" order="3" />
    <link:definitionArc xlink:type="arc" xlink:arcrole="http://xbrl.org/int/dim/arcrole/domain-member" xlink:from="us-gaap_FiniteLivedIntangibleAssetsMajorClassNameDomain" xlink:to="hwkn_CarrierRelationshipsMember" order="4" />
    <link:definitionArc xlink:type="arc" xlink:arcrole="http://xbrl.org/int/dim/arcrole/domain-member" xlink:from="us-gaap_FiniteLivedIntangibleAssetsMajorClassNameDomain" xlink:to="hwkn_OtherFiniteLifeIntangibleAssetsMember" order="5" />
  </link:definitionLink>
  <!-- Hypercube Definition (All)-->
  <link:definitionLink xlink:type="extended" xlink:role="http://hawkinsinc.com/role/GoodwillAndIntangibleAssetsDetails" xlink:title="0606 - Disclosure - Goodwill and Intangible Assets (Details)">
    <link:loc xlink:type="locator" xlink:href="http://xbrl.fasb.org/us-gaap/2012/elts/us-gaap-2012-01-31.xsd#us-gaap_ScheduleOfFiniteLivedIntangibleAssetsTable" xlink:label="us-gaap_ScheduleOfFiniteLivedIntangibleAssetsTable" />
    <link:loc xlink:type="locator" xlink:href="http://xbrl.fasb.org/us-gaap/2012/elts/us-gaap-2012-01-31.xsd#us-gaap_FiniteLivedIntangibleAssetsLineItems" xlink:label="us-gaap_FiniteLivedIntangibleAssetsLineItems" />
    <link:definitionArc xlink:type="arc" xlink:arcrole="http://xbrl.org/int/dim/arcrole/all" xlink:from="us-gaap_FiniteLivedIntangibleAssetsLineItems" xlink:to="us-gaap_ScheduleOfFiniteLivedIntangibleAssetsTable" order="2" xbrldt:closed="true" xbrldt:contextElement="segment" />
  </link:definitionLink>
  <!-- Inheritance for Line Items:  us-gaap:FiniteLivedIntangibleAssetsLineItems-->
  <link:definitionLink xlink:type="extended" xlink:role="http://hawkinsinc.com/role/GoodwillAndIntangibleAssetsDetails" xlink:title="0606 - Disclosure - Goodwill and Intangible Assets (Details)">
    <link:loc xlink:type="locator" xlink:href="http://xbrl.fasb.org/us-gaap/2012/elts/us-gaap-2012-01-31.xsd#us-gaap_FiniteLivedIntangibleAssetsLineItems" xlink:label="us-gaap_FiniteLivedIntangibleAssetsLineItems" />
    <link:loc xlink:type="locator" xlink:href="http://xbrl.fasb.org/us-gaap/2012/elts/us-gaap-2012-01-31.xsd#us-gaap_IntangibleAssetsNetExcludingGoodwillAbstract" xlink:label="us-gaap_IntangibleAssetsNetExcludingGoodwillAbstract" />
    <link:loc xlink:type="locator" xlink:href="http://xbrl.fasb.org/us-gaap/2012/elts/us-gaap-2012-01-31.xsd#us-gaap_FiniteLivedIntangibleAssetsNetAbstract" xlink:label="us-gaap_FiniteLivedIntangibleAssetsNetAbstract" />
    <link:loc xlink:type="locator" xlink:href="http://xbrl.fasb.org/us-gaap/2012/elts/us-gaap-2012-01-31.xsd#us-gaap_FiniteLivedIntangibleAssetsGross" xlink:label="us-gaap_FiniteLivedIntangibleAssetsGross" />
    <link:loc xlink:type="locator" xlink:href="http://xbrl.fasb.org/us-gaap/2012/elts/us-gaap-2012-01-31.xsd#us-gaap_FiniteLivedIntangibleAssetsAccumulatedAmortization" xlink:label="us-gaap_FiniteLivedIntangibleAssetsAccumulatedAmortization" />
    <link:loc xlink:type="locator" xlink:href="http://xbrl.fasb.org/us-gaap/2012/elts/us-gaap-2012-01-31.xsd#us-gaap_FiniteLivedIntangibleAssetsNet" xlink:label="us-gaap_FiniteLivedIntangibleAssetsNet" />
    <link:loc xlink:type="locator" xlink:href="hwkn-20121230.xsd#hwkn_IndefiniteLivedIntangibleAssetsExcludingGoodwillGross" xlink:label="hwkn_IndefiniteLivedIntangibleAssetsExcludingGoodwillGross" />
    <link:loc xlink:type="locator" xlink:href="hwkn-20121230.xsd#hwkn_IndefiniteIntangibleAssetsAccumulatedAmortization" xlink:label="hwkn_IndefiniteIntangibleAssetsAccumulatedAmortization" />
    <link:loc xlink:type="locator" xlink:href="http://xbrl.fasb.org/us-gaap/2012/elts/us-gaap-2012-01-31.xsd#us-gaap_IndefiniteLivedIntangibleAssetsExcludingGoodwill" xlink:label="us-gaap_IndefiniteLivedIntangibleAssetsExcludingGoodwill" />
    <link:loc xlink:type="locator" xlink:href="hwkn-20121230.xsd#hwkn_IntangibleAssetsGrossCarryingAmount" xlink:label="hwkn_IntangibleAssetsGrossCarryingAmount" />
    <link:loc xlink:type="locator" xlink:href="hwkn-20121230.xsd#hwkn_IntangibleAssetsAccumulatedAmortization" xlink:label="hwkn_IntangibleAssetsAccumulatedAmortization" />
    <link:loc xlink:type="locator" xlink:href="http://xbrl.fasb.org/us-gaap/2012/elts/us-gaap-2012-01-31.xsd#us-gaap_IntangibleAssetsNetExcludingGoodwill" xlink:label="us-gaap_IntangibleAssetsNetExcludingGoodwill" />
    <link:definitionArc xlink:type="arc" xlink:arcrole="http://xbrl.org/int/dim/arcrole/domain-member" xlink:from="us-gaap_FiniteLivedIntangibleAssetsLineItems" xlink:to="us-gaap_FiniteLivedIntangibleAssetsGross" order="3" />
    <link:definitionArc xlink:type="arc" xlink:arcrole="http://xbrl.org/int/dim/arcrole/domain-member" xlink:from="us-gaap_FiniteLivedIntangibleAssetsLineItems" xlink:to="us-gaap_FiniteLivedIntangibleAssetsAccumulatedAmortization" order="4" />
    <link:definitionArc xlink:type="arc" xlink:arcrole="http://xbrl.org/int/dim/arcrole/domain-member" xlink:from="us-gaap_FiniteLivedIntangibleAssetsLineItems" xlink:to="us-gaap_FiniteLivedIntangibleAssetsNet" order="5" />
    <link:definitionArc xlink:type="arc" xlink:arcrole="http://xbrl.org/int/dim/arcrole/domain-member" xlink:from="us-gaap_FiniteLivedIntangibleAssetsLineItems" xlink:to="hwkn_IndefiniteLivedIntangibleAssetsExcludingGoodwillGross" order="6" />
    <link:definitionArc xlink:type="arc" xlink:arcrole="http://xbrl.org/int/dim/arcrole/domain-member" xlink:from="us-gaap_FiniteLivedIntangibleAssetsLineItems" xlink:to="hwkn_IndefiniteIntangibleAssetsAccumulatedAmortization" order="7" />
    <link:definitionArc xlink:type="arc" xlink:arcrole="http://xbrl.org/int/dim/arcrole/domain-member" xlink:from="us-gaap_FiniteLivedIntangibleAssetsLineItems" xlink:to="us-gaap_IndefiniteLivedIntangibleAssetsExcludingGoodwill" order="8" />
    <link:definitionArc xlink:type="arc" xlink:arcrole="http://xbrl.org/int/dim/arcrole/domain-member" xlink:from="us-gaap_FiniteLivedIntangibleAssetsLineItems" xlink:to="hwkn_IntangibleAssetsGrossCarryingAmount" order="9" />
    <link:definitionArc xlink:type="arc" xlink:arcrole="http://xbrl.org/int/dim/arcrole/domain-member" xlink:from="us-gaap_FiniteLivedIntangibleAssetsLineItems" xlink:to="hwkn_IntangibleAssetsAccumulatedAmortization" order="10" />
    <link:definitionArc xlink:type="arc" xlink:arcrole="http://xbrl.org/int/dim/arcrole/domain-member" xlink:from="us-gaap_FiniteLivedIntangibleAssetsLineItems" xlink:to="us-gaap_IntangibleAssetsNetExcludingGoodwill" order="11" />
  </link:definitionLink>
  <!-- Dimension Defaults -->
  <link:definitionLink xlink:type="extended" xlink:role="http://hawkinsinc.com/role/GoodwillAndIntangibleAssetsDetails" xlink:title="0606 - Disclosure - Goodwill and Intangible Assets (Details)">
    <link:loc xlink:type="locator" xlink:href="http://xbrl.fasb.org/us-gaap/2012/elts/us-gaap-2012-01-31.xsd#us-gaap_FiniteLivedIntangibleAssetsByMajorClassAxis" xlink:label="us-gaap_FiniteLivedIntangibleAssetsByMajorClassAxis" />
    <link:loc xlink:type="locator" xlink:href="http://xbrl.fasb.org/us-gaap/2012/elts/us-gaap-2012-01-31.xsd#us-gaap_FiniteLivedIntangibleAssetsMajorClassNameDomain" xlink:label="us-gaap_FiniteLivedIntangibleAssetsMajorClassNameDomain" />
    <link:definitionArc xlink:type="arc" xlink:arcrole="http://xbrl.org/int/dim/arcrole/dimension-default" xlink:from="us-gaap_FiniteLivedIntangibleAssetsByMajorClassAxis" xlink:to="us-gaap_FiniteLivedIntangibleAssetsMajorClassNameDomain" order="1" />
  </link:definitionLink>
  <!-- Hypercube Definition (Line Items to Hypercube)-->
  <link:definitionLink xlink:type="extended" xlink:role="http://hawkinsinc.com/role/StockBasedCompensationDetails1" xlink:title="06091 - Disclosure - Share Based Compensation (Details 1)">
    <link:loc xlink:type="locator" xlink:href="http://xbrl.fasb.org/us-gaap/2012/elts/us-gaap-2012-01-31.xsd#us-gaap_ScheduleOfShareBasedCompensationArrangementsByShareBasedPaymentAwardTable" xlink:label="us-gaap_ScheduleOfShareBasedCompensationArrangementsByShareBasedPaymentAwardTable" />
    <link:loc xlink:type="locator" xlink:href="http://xbrl.fasb.org/us-gaap/2012/elts/us-gaap-2012-01-31.xsd#us-gaap_AwardTypeAxis" xlink:label="us-gaap_AwardTypeAxis" />
    <link:definitionArc xlink:type="arc" xlink:arcrole="http://xbrl.org/int/dim/arcrole/hypercube-dimension" xlink:from="us-gaap_ScheduleOfShareBasedCompensationArrangementsByShareBasedPaymentAwardTable" xlink:to="us-gaap_AwardTypeAxis" order="1" />
  </link:definitionLink>
  <!-- Domain Members -->
  <link:definitionLink xlink:type="extended" xlink:role="http://hawkinsinc.com/role/StockBasedCompensationDetails1" xlink:title="06091 - Disclosure - Share Based Compensation (Details 1)">
    <link:loc xlink:type="locator" xlink:href="http://xbrl.fasb.org/us-gaap/2012/elts/us-gaap-2012-01-31.xsd#us-gaap_AwardTypeAxis" xlink:label="us-gaap_AwardTypeAxis" />
    <link:loc xlink:type="locator" xlink:href="http://xbrl.fasb.org/us-gaap/2012/elts/us-gaap-2012-01-31.xsd#us-gaap_ShareBasedCompensationArrangementsByShareBasedPaymentAwardAwardTypeAndPlanNameDomain" xlink:label="us-gaap_ShareBasedCompensationArrangementsByShareBasedPaymentAwardAwardTypeAndPlanNameDomain" />
    <link:loc xlink:type="locator" xlink:href="http://xbrl.fasb.org/us-gaap/2012/elts/us-gaap-2012-01-31.xsd#us-gaap_PerformanceSharesMember" xlink:label="us-gaap_PerformanceSharesMember" />
    <link:loc xlink:type="locator" xlink:href="http://xbrl.fasb.org/us-gaap/2012/elts/us-gaap-2012-01-31.xsd#us-gaap_RestrictedStockMember" xlink:label="us-gaap_RestrictedStockMember" />
    <link:definitionArc xlink:type="arc" xlink:arcrole="http://xbrl.org/int/dim/arcrole/dimension-domain" xlink:from="us-gaap_AwardTypeAxis" xlink:to="us-gaap_ShareBasedCompensationArrangementsByShareBasedPaymentAwardAwardTypeAndPlanNameDomain" order="1" />
    <link:definitionArc xlink:type="arc" xlink:arcrole="http://xbrl.org/int/dim/arcrole/domain-member" xlink:from="us-gaap_ShareBasedCompensationArrangementsByShareBasedPaymentAwardAwardTypeAndPlanNameDomain" xlink:to="us-gaap_PerformanceSharesMember" order="1" />
    <link:definitionArc xlink:type="arc" xlink:arcrole="http://xbrl.org/int/dim/arcrole/domain-member" xlink:from="us-gaap_ShareBasedCompensationArrangementsByShareBasedPaymentAwardAwardTypeAndPlanNameDomain" xlink:to="us-gaap_RestrictedStockMember" order="2" />
  </link:definitionLink>
  <!-- Hypercube Definition (All)-->
  <link:definitionLink xlink:type="extended" xlink:role="http://hawkinsinc.com/role/StockBasedCompensationDetails1" xlink:title="06091 - Disclosure - Share Based Compensation (Details 1)">
    <link:loc xlink:type="locator" xlink:href="http://xbrl.fasb.org/us-gaap/2012/elts/us-gaap-2012-01-31.xsd#us-gaap_ScheduleOfShareBasedCompensationArrangementsByShareBasedPaymentAwardTable" xlink:label="us-gaap_ScheduleOfShareBasedCompensationArrangementsByShareBasedPaymentAwardTable" />
    <link:loc xlink:type="locator" xlink:href="http://xbrl.fasb.org/us-gaap/2012/elts/us-gaap-2012-01-31.xsd#us-gaap_ShareBasedCompensationArrangementByShareBasedPaymentAwardLineItems" xlink:label="us-gaap_ShareBasedCompensationArrangementByShareBasedPaymentAwardLineItems" />
    <link:definitionArc xlink:type="arc" xlink:arcrole="http://xbrl.org/int/dim/arcrole/all" xlink:from="us-gaap_ShareBasedCompensationArrangementByShareBasedPaymentAwardLineItems" xlink:to="us-gaap_ScheduleOfShareBasedCompensationArrangementsByShareBasedPaymentAwardTable" order="2" xbrldt:closed="true" xbrldt:contextElement="segment" />
  </link:definitionLink>
  <!-- Inheritance for Line Items:  us-gaap:ShareBasedCompensationArrangementByShareBasedPaymentAwardLineItems-->
  <link:definitionLink xlink:type="extended" xlink:role="http://hawkinsinc.com/role/StockBasedCompensationDetails1" xlink:title="06091 - Disclosure - Share Based Compensation (Details 1)">
    <link:loc xlink:type="locator" xlink:href="http://xbrl.fasb.org/us-gaap/2012/elts/us-gaap-2012-01-31.xsd#us-gaap_ShareBasedCompensationArrangementByShareBasedPaymentAwardLineItems" xlink:label="us-gaap_ShareBasedCompensationArrangementByShareBasedPaymentAwardLineItems" />
    <link:loc xlink:type="locator" xlink:href="hwkn-20121230.xsd#hwkn_RestrictedStockActivityAbstract" xlink:label="hwkn_RestrictedStockActivityAbstract" />
    <link:loc xlink:type="locator" xlink:href="http://xbrl.fasb.org/us-gaap/2012/elts/us-gaap-2012-01-31.xsd#us-gaap_ShareBasedCompensationArrangementByShareBasedPaymentAwardEquityInstrumentsOtherThanOptionsNonvestedNumber" xlink:label="us-gaap_ShareBasedCompensationArrangementByShareBasedPaymentAwardEquityInstrumentsOtherThanOptionsNonvestedNumber" />
    <link:loc xlink:type="locator" xlink:href="http://xbrl.fasb.org/us-gaap/2012/elts/us-gaap-2012-01-31.xsd#us-gaap_ShareBasedCompensationArrangementByShareBasedPaymentAwardEquityInstrumentsOtherThanOptionsNonvestedWeightedAverageGrantDateFairValue" xlink:label="us-gaap_ShareBasedCompensationArrangementByShareBasedPaymentAwardEquityInstrumentsOtherThanOptionsNonvestedWeightedAverageGrantDateFairValue" />
    <link:loc xlink:type="locator" xlink:href="http://xbrl.fasb.org/us-gaap/2012/elts/us-gaap-2012-01-31.xsd#us-gaap_ShareBasedCompensationArrangementByShareBasedPaymentAwardEquityInstrumentsOtherThanOptionsGrantsInPeriod" xlink:label="us-gaap_ShareBasedCompensationArrangementByShareBasedPaymentAwardEquityInstrumentsOtherThanOptionsGrantsInPeriod" />
    <link:loc xlink:type="locator" xlink:href="http://xbrl.fasb.org/us-gaap/2012/elts/us-gaap-2012-01-31.xsd#us-gaap_ShareBasedCompensationArrangementByShareBasedPaymentAwardEquityInstrumentsOtherThanOptionsGrantsInPeriodWeightedAverageGrantDateFairValue" xlink:label="us-gaap_ShareBasedCompensationArrangementByShareBasedPaymentAwardEquityInstrumentsOtherThanOptionsGrantsInPeriodWeightedAverageGrantDateFairValue" />
    <link:loc xlink:type="locator" xlink:href="http://xbrl.fasb.org/us-gaap/2012/elts/us-gaap-2012-01-31.xsd#us-gaap_ShareBasedCompensationArrangementByShareBasedPaymentAwardEquityInstrumentsOtherThanOptionsVestedInPeriod" xlink:label="us-gaap_ShareBasedCompensationArrangementByShareBasedPaymentAwardEquityInstrumentsOtherThanOptionsVestedInPeriod" />
    <link:loc xlink:type="locator" xlink:href="http://xbrl.fasb.org/us-gaap/2012/elts/us-gaap-2012-01-31.xsd#us-gaap_ShareBasedCompensationArrangementByShareBasedPaymentAwardEquityInstrumentsOtherThanOptionsVestedInPeriodWeightedAverageGrantDateFairValue" xlink:label="us-gaap_ShareBasedCompensationArrangementByShareBasedPaymentAwardEquityInstrumentsOtherThanOptionsVestedInPeriodWeightedAverageGrantDateFairValue" />
    <link:loc xlink:type="locator" xlink:href="http://xbrl.fasb.org/us-gaap/2012/elts/us-gaap-2012-01-31.xsd#us-gaap_ShareBasedCompensationArrangementByShareBasedPaymentAwardOptionsForfeituresInPeriod" xlink:label="us-gaap_ShareBasedCompensationArrangementByShareBasedPaymentAwardOptionsForfeituresInPeriod" />
    <link:loc xlink:type="locator" xlink:href="http://xbrl.fasb.org/us-gaap/2012/elts/us-gaap-2012-01-31.xsd#us-gaap_ShareBasedCompensationArrangementByShareBasedPaymentAwardOptionsForfeituresAndExpirationsInPeriodWeightedAverageExercisePrice" xlink:label="us-gaap_ShareBasedCompensationArrangementByShareBasedPaymentAwardOptionsForfeituresAndExpirationsInPeriodWeightedAverageExercisePrice" />
    <link:definitionArc xlink:type="arc" xlink:arcrole="http://xbrl.org/int/dim/arcrole/domain-member" xlink:from="us-gaap_ShareBasedCompensationArrangementByShareBasedPaymentAwardLineItems" xlink:to="us-gaap_ShareBasedCompensationArrangementByShareBasedPaymentAwardEquityInstrumentsOtherThanOptionsNonvestedNumber" order="2" />
    <link:definitionArc xlink:type="arc" xlink:arcrole="http://xbrl.org/int/dim/arcrole/domain-member" xlink:from="us-gaap_ShareBasedCompensationArrangementByShareBasedPaymentAwardLineItems" xlink:to="us-gaap_ShareBasedCompensationArrangementByShareBasedPaymentAwardEquityInstrumentsOtherThanOptionsNonvestedWeightedAverageGrantDateFairValue" order="3" />
    <link:definitionArc xlink:type="arc" xlink:arcrole="http://xbrl.org/int/dim/arcrole/domain-member" xlink:from="us-gaap_ShareBasedCompensationArrangementByShareBasedPaymentAwardLineItems" xlink:to="us-gaap_ShareBasedCompensationArrangementByShareBasedPaymentAwardEquityInstrumentsOtherThanOptionsGrantsInPeriod" order="4" />
    <link:definitionArc xlink:type="arc" xlink:arcrole="http://xbrl.org/int/dim/arcrole/domain-member" xlink:from="us-gaap_ShareBasedCompensationArrangementByShareBasedPaymentAwardLineItems" xlink:to="us-gaap_ShareBasedCompensationArrangementByShareBasedPaymentAwardEquityInstrumentsOtherThanOptionsGrantsInPeriodWeightedAverageGrantDateFairValue" order="5" />
    <link:definitionArc xlink:type="arc" xlink:arcrole="http://xbrl.org/int/dim/arcrole/domain-member" xlink:from="us-gaap_ShareBasedCompensationArrangementByShareBasedPaymentAwardLineItems" xlink:to="us-gaap_ShareBasedCompensationArrangementByShareBasedPaymentAwardEquityInstrumentsOtherThanOptionsVestedInPeriod" order="6" />
    <link:definitionArc xlink:type="arc" xlink:arcrole="http://xbrl.org/int/dim/arcrole/domain-member" xlink:from="us-gaap_ShareBasedCompensationArrangementByShareBasedPaymentAwardLineItems" xlink:to="us-gaap_ShareBasedCompensationArrangementByShareBasedPaymentAwardEquityInstrumentsOtherThanOptionsVestedInPeriodWeightedAverageGrantDateFairValue" order="7" />
    <link:definitionArc xlink:type="arc" xlink:arcrole="http://xbrl.org/int/dim/arcrole/domain-member" xlink:from="us-gaap_ShareBasedCompensationArrangementByShareBasedPaymentAwardLineItems" xlink:to="us-gaap_ShareBasedCompensationArrangementByShareBasedPaymentAwardOptionsForfeituresInPeriod" order="8" />
    <link:definitionArc xlink:type="arc" xlink:arcrole="http://xbrl.org/int/dim/arcrole/domain-member" xlink:from="us-gaap_ShareBasedCompensationArrangementByShareBasedPaymentAwardLineItems" xlink:to="us-gaap_ShareBasedCompensationArrangementByShareBasedPaymentAwardOptionsForfeituresAndExpirationsInPeriodWeightedAverageExercisePrice" order="9" />
  </link:definitionLink>
  <!-- Dimension Defaults -->
  <link:definitionLink xlink:type="extended" xlink:role="http://hawkinsinc.com/role/StockBasedCompensationDetails1" xlink:title="06091 - Disclosure - Share Based Compensation (Details 1)">
    <link:loc xlink:type="locator" xlink:href="http://xbrl.fasb.org/us-gaap/2012/elts/us-gaap-2012-01-31.xsd#us-gaap_AwardTypeAxis" xlink:label="us-gaap_AwardTypeAxis" />
    <link:loc xlink:type="locator" xlink:href="http://xbrl.fasb.org/us-gaap/2012/elts/us-gaap-2012-01-31.xsd#us-gaap_ShareBasedCompensationArrangementsByShareBasedPaymentAwardAwardTypeAndPlanNameDomain" xlink:label="us-gaap_ShareBasedCompensationArrangementsByShareBasedPaymentAwardAwardTypeAndPlanNameDomain" />
    <link:definitionArc xlink:type="arc" xlink:arcrole="http://xbrl.org/int/dim/arcrole/dimension-default" xlink:from="us-gaap_AwardTypeAxis" xlink:to="us-gaap_ShareBasedCompensationArrangementsByShareBasedPaymentAwardAwardTypeAndPlanNameDomain" order="1" />
  </link:definitionLink>
  <!-- Hypercube Definition (Line Items to Hypercube)-->
  <link:definitionLink xlink:type="extended" xlink:role="http://hawkinsinc.com/role/StockBasedCompensationDetailsTextual" xlink:title="06092 - Disclosure - Share Based Compensation (Details Textual)">
    <link:loc xlink:type="locator" xlink:href="http://xbrl.fasb.org/us-gaap/2012/elts/us-gaap-2012-01-31.xsd#us-gaap_ScheduleOfShareBasedCompensationArrangementsByShareBasedPaymentAwardTable" xlink:label="us-gaap_ScheduleOfShareBasedCompensationArrangementsByShareBasedPaymentAwardTable" />
    <link:loc xlink:type="locator" xlink:href="http://xbrl.fasb.org/us-gaap/2012/elts/us-gaap-2012-01-31.xsd#us-gaap_AwardTypeAxis" xlink:label="us-gaap_AwardTypeAxis" />
    <link:definitionArc xlink:type="arc" xlink:arcrole="http://xbrl.org/int/dim/arcrole/hypercube-dimension" xlink:from="us-gaap_ScheduleOfShareBasedCompensationArrangementsByShareBasedPaymentAwardTable" xlink:to="us-gaap_AwardTypeAxis" order="1" />
  </link:definitionLink>
  <!-- Domain Members -->
  <link:definitionLink xlink:type="extended" xlink:role="http://hawkinsinc.com/role/StockBasedCompensationDetailsTextual" xlink:title="06092 - Disclosure - Share Based Compensation (Details Textual)">
    <link:loc xlink:type="locator" xlink:href="http://xbrl.fasb.org/us-gaap/2012/elts/us-gaap-2012-01-31.xsd#us-gaap_AwardTypeAxis" xlink:label="us-gaap_AwardTypeAxis" />
    <link:loc xlink:type="locator" xlink:href="http://xbrl.fasb.org/us-gaap/2012/elts/us-gaap-2012-01-31.xsd#us-gaap_ShareBasedCompensationArrangementsByShareBasedPaymentAwardAwardTypeAndPlanNameDomain" xlink:label="us-gaap_ShareBasedCompensationArrangementsByShareBasedPaymentAwardAwardTypeAndPlanNameDomain" />
    <link:loc xlink:type="locator" xlink:href="http://xbrl.fasb.org/us-gaap/2012/elts/us-gaap-2012-01-31.xsd#us-gaap_RestrictedStockUnitsRSUMember" xlink:label="us-gaap_RestrictedStockUnitsRSUMember" />
    <link:loc xlink:type="locator" xlink:href="http://xbrl.fasb.org/us-gaap/2012/elts/us-gaap-2012-01-31.xsd#us-gaap_PerformanceSharesMember" xlink:label="us-gaap_PerformanceSharesMember" />
    <link:loc xlink:type="locator" xlink:href="http://xbrl.fasb.org/us-gaap/2012/elts/us-gaap-2012-01-31.xsd#us-gaap_RestrictedStockMember" xlink:label="us-gaap_RestrictedStockMember" />
    <link:definitionArc xlink:type="arc" xlink:arcrole="http://xbrl.org/int/dim/arcrole/dimension-domain" xlink:from="us-gaap_AwardTypeAxis" xlink:to="us-gaap_ShareBasedCompensationArrangementsByShareBasedPaymentAwardAwardTypeAndPlanNameDomain" order="1" />
    <link:definitionArc xlink:type="arc" xlink:arcrole="http://xbrl.org/int/dim/arcrole/domain-member" xlink:from="us-gaap_ShareBasedCompensationArrangementsByShareBasedPaymentAwardAwardTypeAndPlanNameDomain" xlink:to="us-gaap_RestrictedStockUnitsRSUMember" order="1" />
    <link:definitionArc xlink:type="arc" xlink:arcrole="http://xbrl.org/int/dim/arcrole/domain-member" xlink:from="us-gaap_ShareBasedCompensationArrangementsByShareBasedPaymentAwardAwardTypeAndPlanNameDomain" xlink:to="us-gaap_PerformanceSharesMember" order="2" />
    <link:definitionArc xlink:type="arc" xlink:arcrole="http://xbrl.org/int/dim/arcrole/domain-member" xlink:from="us-gaap_ShareBasedCompensationArrangementsByShareBasedPaymentAwardAwardTypeAndPlanNameDomain" xlink:to="us-gaap_RestrictedStockMember" order="3" />
  </link:definitionLink>
  <!-- Hypercube Definition (All)-->
  <link:definitionLink xlink:type="extended" xlink:role="http://hawkinsinc.com/role/StockBasedCompensationDetailsTextual" xlink:title="06092 - Disclosure - Share Based Compensation (Details Textual)">
    <link:loc xlink:type="locator" xlink:href="http://xbrl.fasb.org/us-gaap/2012/elts/us-gaap-2012-01-31.xsd#us-gaap_ScheduleOfShareBasedCompensationArrangementsByShareBasedPaymentAwardTable" xlink:label="us-gaap_ScheduleOfShareBasedCompensationArrangementsByShareBasedPaymentAwardTable" />
    <link:loc xlink:type="locator" xlink:href="http://xbrl.fasb.org/us-gaap/2012/elts/us-gaap-2012-01-31.xsd#us-gaap_ShareBasedCompensationArrangementByShareBasedPaymentAwardLineItems" xlink:label="us-gaap_ShareBasedCompensationArrangementByShareBasedPaymentAwardLineItems" />
    <link:definitionArc xlink:type="arc" xlink:arcrole="http://xbrl.org/int/dim/arcrole/all" xlink:from="us-gaap_ShareBasedCompensationArrangementByShareBasedPaymentAwardLineItems" xlink:to="us-gaap_ScheduleOfShareBasedCompensationArrangementsByShareBasedPaymentAwardTable" order="2" xbrldt:closed="true" xbrldt:contextElement="segment" />
  </link:definitionLink>
  <!-- Inheritance for Line Items:  us-gaap:ShareBasedCompensationArrangementByShareBasedPaymentAwardLineItems-->
  <link:definitionLink xlink:type="extended" xlink:role="http://hawkinsinc.com/role/StockBasedCompensationDetailsTextual" xlink:title="06092 - Disclosure - Share Based Compensation (Details Textual)">
    <link:loc xlink:type="locator" xlink:href="http://xbrl.fasb.org/us-gaap/2012/elts/us-gaap-2012-01-31.xsd#us-gaap_ShareBasedCompensationArrangementByShareBasedPaymentAwardLineItems" xlink:label="us-gaap_ShareBasedCompensationArrangementByShareBasedPaymentAwardLineItems" />
    <link:loc xlink:type="locator" xlink:href="hwkn-20121230.xsd#hwkn_StockBasedCompensationTextualAbstract" xlink:label="hwkn_StockBasedCompensationTextualAbstract" />
    <link:loc xlink:type="locator" xlink:href="hwkn-20121230.xsd#hwkn_RangeOfRestrictedStockToBeIssuedMinimum" xlink:label="hwkn_RangeOfRestrictedStockToBeIssuedMinimum" />
    <link:loc xlink:type="locator" xlink:href="hwkn-20121230.xsd#hwkn_RangeOfRestrictedStockToBeIssuedMaximum" xlink:label="hwkn_RangeOfRestrictedStockToBeIssuedMaximum" />
    <link:loc xlink:type="locator" xlink:href="http://xbrl.fasb.org/us-gaap/2012/elts/us-gaap-2012-01-31.xsd#us-gaap_AllocatedShareBasedCompensationExpense" xlink:label="us-gaap_AllocatedShareBasedCompensationExpense" />
    <link:loc xlink:type="locator" xlink:href="http://xbrl.fasb.org/us-gaap/2012/elts/us-gaap-2012-01-31.xsd#us-gaap_ShareBasedCompensationArrangementByShareBasedPaymentAwardAwardVestingPeriod1" xlink:label="us-gaap_ShareBasedCompensationArrangementByShareBasedPaymentAwardAwardVestingPeriod1" />
    <link:definitionArc xlink:type="arc" xlink:arcrole="http://xbrl.org/int/dim/arcrole/domain-member" xlink:from="us-gaap_ShareBasedCompensationArrangementByShareBasedPaymentAwardLineItems" xlink:to="hwkn_RangeOfRestrictedStockToBeIssuedMinimum" order="2" />
    <link:definitionArc xlink:type="arc" xlink:arcrole="http://xbrl.org/int/dim/arcrole/domain-member" xlink:from="us-gaap_ShareBasedCompensationArrangementByShareBasedPaymentAwardLineItems" xlink:to="hwkn_RangeOfRestrictedStockToBeIssuedMaximum" order="3" />
    <link:definitionArc xlink:type="arc" xlink:arcrole="http://xbrl.org/int/dim/arcrole/domain-member" xlink:from="us-gaap_ShareBasedCompensationArrangementByShareBasedPaymentAwardLineItems" xlink:to="us-gaap_AllocatedShareBasedCompensationExpense" order="4" />
    <link:definitionArc xlink:type="arc" xlink:arcrole="http://xbrl.org/int/dim/arcrole/domain-member" xlink:from="us-gaap_ShareBasedCompensationArrangementByShareBasedPaymentAwardLineItems" xlink:to="us-gaap_ShareBasedCompensationArrangementByShareBasedPaymentAwardAwardVestingPeriod1" order="5" />
  </link:definitionLink>
  <!-- Dimension Defaults -->
  <link:definitionLink xlink:type="extended" xlink:role="http://hawkinsinc.com/role/StockBasedCompensationDetailsTextual" xlink:title="06092 - Disclosure - Share Based Compensation (Details Textual)">
    <link:loc xlink:type="locator" xlink:href="http://xbrl.fasb.org/us-gaap/2012/elts/us-gaap-2012-01-31.xsd#us-gaap_AwardTypeAxis" xlink:label="us-gaap_AwardTypeAxis" />
    <link:loc xlink:type="locator" xlink:href="http://xbrl.fasb.org/us-gaap/2012/elts/us-gaap-2012-01-31.xsd#us-gaap_ShareBasedCompensationArrangementsByShareBasedPaymentAwardAwardTypeAndPlanNameDomain" xlink:label="us-gaap_ShareBasedCompensationArrangementsByShareBasedPaymentAwardAwardTypeAndPlanNameDomain" />
    <link:definitionArc xlink:type="arc" xlink:arcrole="http://xbrl.org/int/dim/arcrole/dimension-default" xlink:from="us-gaap_AwardTypeAxis" xlink:to="us-gaap_ShareBasedCompensationArrangementsByShareBasedPaymentAwardAwardTypeAndPlanNameDomain" order="1" />
  </link:definitionLink>
  <!-- Hypercube Definition (Line Items to Hypercube)-->
  <link:definitionLink xlink:type="extended" xlink:role="http://hawkinsinc.com/role/SegmentInformationDetails" xlink:title="0612 - Disclosure - Segment Information (Details)">
    <link:loc xlink:type="locator" xlink:href="http://xbrl.fasb.org/us-gaap/2012/elts/us-gaap-2012-01-31.xsd#us-gaap_ScheduleOfSegmentReportingInformationBySegmentTable" xlink:label="us-gaap_ScheduleOfSegmentReportingInformationBySegmentTable" />
    <link:loc xlink:type="locator" xlink:href="http://xbrl.fasb.org/us-gaap/2012/elts/us-gaap-2012-01-31.xsd#us-gaap_StatementBusinessSegmentsAxis" xlink:label="us-gaap_StatementBusinessSegmentsAxis" />
    <link:definitionArc xlink:type="arc" xlink:arcrole="http://xbrl.org/int/dim/arcrole/hypercube-dimension" xlink:from="us-gaap_ScheduleOfSegmentReportingInformationBySegmentTable" xlink:to="us-gaap_StatementBusinessSegmentsAxis" order="1" />
  </link:definitionLink>
  <!-- Domain Members -->
  <link:definitionLink xlink:type="extended" xlink:role="http://hawkinsinc.com/role/SegmentInformationDetails" xlink:title="0612 - Disclosure - Segment Information (Details)">
    <link:loc xlink:type="locator" xlink:href="http://xbrl.fasb.org/us-gaap/2012/elts/us-gaap-2012-01-31.xsd#us-gaap_StatementBusinessSegmentsAxis" xlink:label="us-gaap_StatementBusinessSegmentsAxis" />
    <link:loc xlink:type="locator" xlink:href="http://xbrl.fasb.org/us-gaap/2012/elts/us-gaap-2012-01-31.xsd#us-gaap_SegmentDomain" xlink:label="us-gaap_SegmentDomain" />
    <link:loc xlink:type="locator" xlink:href="hwkn-20121230.xsd#hwkn_IndustrialMember" xlink:label="hwkn_IndustrialMember" />
    <link:loc xlink:type="locator" xlink:href="hwkn-20121230.xsd#hwkn_WaterTreatmentMember" xlink:label="hwkn_WaterTreatmentMember" />
    <link:definitionArc xlink:type="arc" xlink:arcrole="http://xbrl.org/int/dim/arcrole/dimension-domain" xlink:from="us-gaap_StatementBusinessSegmentsAxis" xlink:to="us-gaap_SegmentDomain" order="1" />
    <link:definitionArc xlink:type="arc" xlink:arcrole="http://xbrl.org/int/dim/arcrole/domain-member" xlink:from="us-gaap_SegmentDomain" xlink:to="hwkn_IndustrialMember" order="1" />
    <link:definitionArc xlink:type="arc" xlink:arcrole="http://xbrl.org/int/dim/arcrole/domain-member" xlink:from="us-gaap_SegmentDomain" xlink:to="hwkn_WaterTreatmentMember" order="2" />
  </link:definitionLink>
  <!-- Hypercube Definition (All)-->
  <link:definitionLink xlink:type="extended" xlink:role="http://hawkinsinc.com/role/SegmentInformationDetails" xlink:title="0612 - Disclosure - Segment Information (Details)">
    <link:loc xlink:type="locator" xlink:href="http://xbrl.fasb.org/us-gaap/2012/elts/us-gaap-2012-01-31.xsd#us-gaap_ScheduleOfSegmentReportingInformationBySegmentTable" xlink:label="us-gaap_ScheduleOfSegmentReportingInformationBySegmentTable" />
    <link:loc xlink:type="locator" xlink:href="http://xbrl.fasb.org/us-gaap/2012/elts/us-gaap-2012-01-31.xsd#us-gaap_SegmentReportingInformationLineItems" xlink:label="us-gaap_SegmentReportingInformationLineItems" />
    <link:definitionArc xlink:type="arc" xlink:arcrole="http://xbrl.org/int/dim/arcrole/all" xlink:from="us-gaap_SegmentReportingInformationLineItems" xlink:to="us-gaap_ScheduleOfSegmentReportingInformationBySegmentTable" order="2" xbrldt:closed="true" xbrldt:contextElement="segment" />
  </link:definitionLink>
  <!-- Inheritance for Line Items:  us-gaap:SegmentReportingInformationLineItems-->
  <link:definitionLink xlink:type="extended" xlink:role="http://hawkinsinc.com/role/SegmentInformationDetails" xlink:title="0612 - Disclosure - Segment Information (Details)">
    <link:loc xlink:type="locator" xlink:href="http://xbrl.fasb.org/us-gaap/2012/elts/us-gaap-2012-01-31.xsd#us-gaap_SegmentReportingInformationLineItems" xlink:label="us-gaap_SegmentReportingInformationLineItems" />
    <link:loc xlink:type="locator" xlink:href="http://xbrl.fasb.org/us-gaap/2012/elts/us-gaap-2012-01-31.xsd#us-gaap_SegmentReportingInformationAdditionalInformationAbstract" xlink:label="us-gaap_SegmentReportingInformationAdditionalInformationAbstract" />
    <link:loc xlink:type="locator" xlink:href="http://xbrl.fasb.org/us-gaap/2012/elts/us-gaap-2012-01-31.xsd#us-gaap_SalesRevenueNet" xlink:label="us-gaap_SalesRevenueNet" />
    <link:loc xlink:type="locator" xlink:href="http://xbrl.fasb.org/us-gaap/2012/elts/us-gaap-2012-01-31.xsd#us-gaap_GrossProfit" xlink:label="us-gaap_GrossProfit" />
    <link:loc xlink:type="locator" xlink:href="http://xbrl.fasb.org/us-gaap/2012/elts/us-gaap-2012-01-31.xsd#us-gaap_OperatingIncomeLoss" xlink:label="us-gaap_OperatingIncomeLoss" />
    <link:definitionArc xlink:type="arc" xlink:arcrole="http://xbrl.org/int/dim/arcrole/domain-member" xlink:from="us-gaap_SegmentReportingInformationLineItems" xlink:to="us-gaap_SalesRevenueNet" order="2" />
    <link:definitionArc xlink:type="arc" xlink:arcrole="http://xbrl.org/int/dim/arcrole/domain-member" xlink:from="us-gaap_SegmentReportingInformationLineItems" xlink:to="us-gaap_GrossProfit" order="3" />
    <link:definitionArc xlink:type="arc" xlink:arcrole="http://xbrl.org/int/dim/arcrole/domain-member" xlink:from="us-gaap_SegmentReportingInformationLineItems" xlink:to="us-gaap_OperatingIncomeLoss" order="4" />
  </link:definitionLink>
  <!-- Dimension Defaults -->
  <link:definitionLink xlink:type="extended" xlink:role="http://hawkinsinc.com/role/SegmentInformationDetails" xlink:title="0612 - Disclosure - Segment Information (Details)">
    <link:loc xlink:type="locator" xlink:href="http://xbrl.fasb.org/us-gaap/2012/elts/us-gaap-2012-01-31.xsd#us-gaap_StatementBusinessSegmentsAxis" xlink:label="us-gaap_StatementBusinessSegmentsAxis" />
    <link:loc xlink:type="locator" xlink:href="http://xbrl.fasb.org/us-gaap/2012/elts/us-gaap-2012-01-31.xsd#us-gaap_SegmentDomain" xlink:label="us-gaap_SegmentDomain" />
    <link:definitionArc xlink:type="arc" xlink:arcrole="http://xbrl.org/int/dim/arcrole/dimension-default" xlink:from="us-gaap_StatementBusinessSegmentsAxis" xlink:to="us-gaap_SegmentDomain" order="1" />
  </link:definitionLink>
</link:linkbase>
