<?xml version="1.0" encoding="us-ascii"?>
<!-- XBRL Generated with XBRLMark Copyright (C) by RR Donnelley -->
<!-- Based on XBRL 2.1 -->
<linkbase xmlns="http://www.xbrl.org/2003/linkbase" xmlns:xsi="http://www.w3.org/2001/XMLSchema-instance" xmlns:xlink="http://www.w3.org/1999/xlink" xsi:schemaLocation="http://www.xbrl.org/2003/linkbase http://www.xbrl.org/2003/xbrl-linkbase-2003-12-31.xsd">
  <roleRef xlink:type="simple" xlink:href="hwkn-20121230.xsd#DocumentAndEntityInformation" roleURI="http://hawkinsinc.com/role/DocumentAndEntityInformation" />
  <roleRef xlink:type="simple" xlink:href="hwkn-20121230.xsd#EarningsPerShareTables" roleURI="http://hawkinsinc.com/role/EarningsPerShareTables" />
  <roleRef xlink:type="simple" xlink:href="hwkn-20121230.xsd#EarningPerShareDetails" roleURI="http://hawkinsinc.com/role/EarningPerShareDetails" />
  <roleRef xlink:type="simple" xlink:href="hwkn-20121230.xsd#EarningsPerShareDetailsTextual" roleURI="http://hawkinsinc.com/role/EarningsPerShareDetailsTextual" />
  <roleRef xlink:type="simple" xlink:href="hwkn-20121230.xsd#CashAndCashEquivalentsAndInvestmentsTables" roleURI="http://hawkinsinc.com/role/CashAndCashEquivalentsAndInvestmentsTables" />
  <roleRef xlink:type="simple" xlink:href="hwkn-20121230.xsd#CashAndCashEquivalentsAndInvestmentsDetails" roleURI="http://hawkinsinc.com/role/CashAndCashEquivalentsAndInvestmentsDetails" />
  <roleRef xlink:type="simple" xlink:href="hwkn-20121230.xsd#CashAndCashEquivalentsAndInvestmentsDetailsTextual" roleURI="http://hawkinsinc.com/role/CashAndCashEquivalentsAndInvestmentsDetailsTextual" />
  <roleRef xlink:type="simple" xlink:href="hwkn-20121230.xsd#InventoriesTables" roleURI="http://hawkinsinc.com/role/InventoriesTables" />
  <roleRef xlink:type="simple" xlink:href="hwkn-20121230.xsd#InventoriesDetails" roleURI="http://hawkinsinc.com/role/InventoriesDetails" />
  <roleRef xlink:type="simple" xlink:href="hwkn-20121230.xsd#InventoriesDetailsTextual" roleURI="http://hawkinsinc.com/role/InventoriesDetailsTextual" />
  <roleRef xlink:type="simple" xlink:href="hwkn-20121230.xsd#GoodwillAndIntangibleAssetsDetails" roleURI="http://hawkinsinc.com/role/GoodwillAndIntangibleAssetsDetails" />
  <roleRef xlink:type="simple" xlink:href="hwkn-20121230.xsd#GoodwillAndIntangibleAssetsTables" roleURI="http://hawkinsinc.com/role/GoodwillAndIntangibleAssetsTables" />
  <roleRef xlink:type="simple" xlink:href="hwkn-20121230.xsd#GoodwillAndIntangibleAssetsDetailsTextual" roleURI="http://hawkinsinc.com/role/GoodwillAndIntangibleAssetsDetailsTextual" />
  <roleRef xlink:type="simple" xlink:href="hwkn-20121230.xsd#AccumulatedOtherComprehensiveIncomeLossTables" roleURI="http://hawkinsinc.com/role/AccumulatedOtherComprehensiveIncomeLossTables" />
  <roleRef xlink:type="simple" xlink:href="hwkn-20121230.xsd#AccumulatedOtherComprehensiveLossDetails" roleURI="http://hawkinsinc.com/role/AccumulatedOtherComprehensiveLossDetails" />
  <roleRef xlink:type="simple" xlink:href="hwkn-20121230.xsd#StockBasedCompensationTables" roleURI="http://hawkinsinc.com/role/StockBasedCompensationTables" />
  <roleRef xlink:type="simple" xlink:href="hwkn-20121230.xsd#StockBasedCompensationDetails" roleURI="http://hawkinsinc.com/role/StockBasedCompensationDetails" />
  <roleRef xlink:type="simple" xlink:href="hwkn-20121230.xsd#StockBasedCompensationDetails1" roleURI="http://hawkinsinc.com/role/StockBasedCompensationDetails1" />
  <roleRef xlink:type="simple" xlink:href="hwkn-20121230.xsd#StockBasedCompensationDetailsTextual" roleURI="http://hawkinsinc.com/role/StockBasedCompensationDetailsTextual" />
  <roleRef xlink:type="simple" xlink:href="hwkn-20121230.xsd#SegmentInformationTables" roleURI="http://hawkinsinc.com/role/SegmentInformationTables" />
  <roleRef xlink:type="simple" xlink:href="hwkn-20121230.xsd#SegmentInformationDetails" roleURI="http://hawkinsinc.com/role/SegmentInformationDetails" />
  <roleRef xlink:type="simple" xlink:href="hwkn-20121230.xsd#SegmentInformationDetailsTextual" roleURI="http://hawkinsinc.com/role/SegmentInformationDetailsTextual" />
  <roleRef xlink:type="simple" xlink:href="hwkn-20121230.xsd#EmployeePensionPlans" roleURI="http://hawkinsinc.com/role/EmployeePensionPlans" />
  <roleRef xlink:type="simple" xlink:href="hwkn-20121230.xsd#StatementsOfComprehensiveIncome" roleURI="http://hawkinsinc.com/role/StatementsOfComprehensiveIncome" />
  <roleRef xlink:type="simple" xlink:href="hwkn-20121230.xsd#LitigationCommitmentsAndContingencies" roleURI="http://hawkinsinc.com/role/LitigationCommitmentsAndContingencies" />
  <roleRef xlink:type="simple" xlink:href="hwkn-20121230.xsd#DiscontinuedOperationsDetails" roleURI="http://hawkinsinc.com/role/DiscontinuedOperationsDetails" />
  <roleRef xlink:type="simple" xlink:href="hwkn-20121230.xsd#EmployeePensionPlansDetails" roleURI="http://hawkinsinc.com/role/EmployeePensionPlansDetails" />
  <roleRef xlink:type="simple" xlink:href="hwkn-20121230.xsd#LitigationCommitmentsAndContingenciesDetails" roleURI="http://hawkinsinc.com/role/LitigationCommitmentsAndContingenciesDetails" />
  <roleRef xlink:type="simple" xlink:href="hwkn-20121230.xsd#GoodwillAndIntangibleAssetsDetailsAlternative" roleURI="http://hawkinsinc.com/role/GoodwillAndIntangibleAssetsDetailsAlternative" />
  <calculationLink xlink:type="extended" xlink:role="http://hawkinsinc.com/role/DocumentAndEntityInformation" xlink:title="00 - Document - Document and Entity Information" />
  <roleRef roleURI="http://hawkinsinc.com/role/BalanceSheets" xlink:href="hwkn-20121230.xsd#BalanceSheets" xlink:type="simple" />
  <roleRef roleURI="http://hawkinsinc.com/role/BalanceSheetsParenthetical" xlink:href="hwkn-20121230.xsd#BalanceSheetsParenthetical" xlink:type="simple" />
  <roleRef roleURI="http://hawkinsinc.com/role/StatementsOfIncome" xlink:href="hwkn-20121230.xsd#StatementsOfIncome" xlink:type="simple" />
  <roleRef roleURI="http://hawkinsinc.com/role/StatementsOfCashFlows" xlink:href="hwkn-20121230.xsd#StatementsOfCashFlows" xlink:type="simple" />
  <calculationLink xlink:role="http://hawkinsinc.com/role/BalanceSheets" xlink:title="0110 - Statement - Condensed Consolidated Balance Sheets (Unaudited)" xlink:type="extended">
    <loc xlink:type="locator" xlink:href="http://xbrl.fasb.org/us-gaap/2012/elts/us-gaap-2012-01-31.xsd#us-gaap_AssetsCurrent" xlink:label="loc_AssetsCurrent" />
    <loc xlink:type="locator" xlink:href="http://xbrl.fasb.org/us-gaap/2012/elts/us-gaap-2012-01-31.xsd#us-gaap_CashAndCashEquivalentsAtCarryingValue" xlink:label="loc_CashAndCashEquivalentsAtCarryingValue" />
    <calculationArc xlink:type="arc" xlink:arcrole="http://www.xbrl.org/2003/arcrole/summation-item" xlink:from="loc_AssetsCurrent" xlink:to="loc_CashAndCashEquivalentsAtCarryingValue" order="20" use="optional" weight="1" />
    <loc xlink:type="locator" xlink:href="http://xbrl.fasb.org/us-gaap/2012/elts/us-gaap-2012-01-31.xsd#us-gaap_MarketableSecurities" xlink:label="loc_MarketableSecurities" />
    <calculationArc xlink:type="arc" xlink:arcrole="http://www.xbrl.org/2003/arcrole/summation-item" xlink:from="loc_AssetsCurrent" xlink:to="loc_MarketableSecurities" order="40" use="optional" weight="1" />
    <loc xlink:type="locator" xlink:href="http://xbrl.fasb.org/us-gaap/2012/elts/us-gaap-2012-01-31.xsd#us-gaap_AccountsReceivableNetCurrent" xlink:label="loc_AccountsReceivableNetCurrent" />
    <calculationArc xlink:type="arc" xlink:arcrole="http://www.xbrl.org/2003/arcrole/summation-item" xlink:from="loc_AssetsCurrent" xlink:to="loc_AccountsReceivableNetCurrent" order="60" use="optional" weight="1" />
    <loc xlink:type="locator" xlink:href="http://xbrl.fasb.org/us-gaap/2012/elts/us-gaap-2012-01-31.xsd#us-gaap_InventoryNet" xlink:label="loc_InventoryNet" />
    <calculationArc xlink:type="arc" xlink:arcrole="http://www.xbrl.org/2003/arcrole/summation-item" xlink:from="loc_AssetsCurrent" xlink:to="loc_InventoryNet" order="80" use="optional" weight="1" />
    <loc xlink:type="locator" xlink:href="http://xbrl.fasb.org/us-gaap/2012/elts/us-gaap-2012-01-31.xsd#us-gaap_IncomeTaxesReceivable" xlink:label="loc_IncomeTaxesReceivable" />
    <calculationArc xlink:type="arc" xlink:arcrole="http://www.xbrl.org/2003/arcrole/summation-item" xlink:from="loc_AssetsCurrent" xlink:to="loc_IncomeTaxesReceivable" order="100" use="optional" weight="1" />
    <loc xlink:type="locator" xlink:href="http://xbrl.fasb.org/us-gaap/2012/elts/us-gaap-2012-01-31.xsd#us-gaap_PrepaidExpenseAndOtherAssetsCurrent" xlink:label="loc_PrepaidExpenseAndOtherAssetsCurrent" />
    <calculationArc xlink:type="arc" xlink:arcrole="http://www.xbrl.org/2003/arcrole/summation-item" xlink:from="loc_AssetsCurrent" xlink:to="loc_PrepaidExpenseAndOtherAssetsCurrent" order="120" use="optional" weight="1" />
    <loc xlink:type="locator" xlink:href="http://xbrl.fasb.org/us-gaap/2012/elts/us-gaap-2012-01-31.xsd#us-gaap_Assets" xlink:label="loc_Assets" />
    <calculationArc xlink:type="arc" xlink:arcrole="http://www.xbrl.org/2003/arcrole/summation-item" xlink:from="loc_Assets" xlink:to="loc_AssetsCurrent" order="20" use="optional" weight="1" />
    <loc xlink:type="locator" xlink:href="http://xbrl.fasb.org/us-gaap/2012/elts/us-gaap-2012-01-31.xsd#us-gaap_PropertyPlantAndEquipmentNet" xlink:label="loc_PropertyPlantAndEquipmentNet" />
    <calculationArc xlink:type="arc" xlink:arcrole="http://www.xbrl.org/2003/arcrole/summation-item" xlink:from="loc_Assets" xlink:to="loc_PropertyPlantAndEquipmentNet" order="40" use="optional" weight="1" />
    <loc xlink:type="locator" xlink:href="http://xbrl.fasb.org/us-gaap/2012/elts/us-gaap-2012-01-31.xsd#us-gaap_Goodwill" xlink:label="loc_Goodwill" />
    <calculationArc xlink:type="arc" xlink:arcrole="http://www.xbrl.org/2003/arcrole/summation-item" xlink:from="loc_Assets" xlink:to="loc_Goodwill" order="60" use="optional" weight="1" />
    <loc xlink:type="locator" xlink:href="http://xbrl.fasb.org/us-gaap/2012/elts/us-gaap-2012-01-31.xsd#us-gaap_IntangibleAssetsNetExcludingGoodwill" xlink:label="loc_IntangibleAssetsNetExcludingGoodwill" />
    <calculationArc xlink:type="arc" xlink:arcrole="http://www.xbrl.org/2003/arcrole/summation-item" xlink:from="loc_Assets" xlink:to="loc_IntangibleAssetsNetExcludingGoodwill" order="80" use="optional" weight="1" />
    <loc xlink:type="locator" xlink:href="http://xbrl.fasb.org/us-gaap/2012/elts/us-gaap-2012-01-31.xsd#us-gaap_LongTermInvestments" xlink:label="loc_LongTermInvestments" />
    <calculationArc xlink:type="arc" xlink:arcrole="http://www.xbrl.org/2003/arcrole/summation-item" xlink:from="loc_Assets" xlink:to="loc_LongTermInvestments" order="100" use="optional" weight="1" />
    <loc xlink:type="locator" xlink:href="http://xbrl.fasb.org/us-gaap/2012/elts/us-gaap-2012-01-31.xsd#us-gaap_OtherAssetsNoncurrent" xlink:label="loc_OtherAssetsNoncurrent" />
    <calculationArc xlink:type="arc" xlink:arcrole="http://www.xbrl.org/2003/arcrole/summation-item" xlink:from="loc_Assets" xlink:to="loc_OtherAssetsNoncurrent" order="120" use="optional" weight="1" />
    <loc xlink:type="locator" xlink:href="http://xbrl.fasb.org/us-gaap/2012/elts/us-gaap-2012-01-31.xsd#us-gaap_LiabilitiesCurrent" xlink:label="loc_LiabilitiesCurrent" />
    <loc xlink:type="locator" xlink:href="http://xbrl.fasb.org/us-gaap/2012/elts/us-gaap-2012-01-31.xsd#us-gaap_AccountsPayableCurrent" xlink:label="loc_AccountsPayableCurrent" />
    <calculationArc xlink:type="arc" xlink:arcrole="http://www.xbrl.org/2003/arcrole/summation-item" xlink:from="loc_LiabilitiesCurrent" xlink:to="loc_AccountsPayableCurrent" order="20" use="optional" weight="1" />
    <loc xlink:type="locator" xlink:href="http://xbrl.fasb.org/us-gaap/2012/elts/us-gaap-2012-01-31.xsd#us-gaap_DividendsPayableCurrent" xlink:label="loc_DividendsPayableCurrent" />
    <calculationArc xlink:type="arc" xlink:arcrole="http://www.xbrl.org/2003/arcrole/summation-item" xlink:from="loc_LiabilitiesCurrent" xlink:to="loc_DividendsPayableCurrent" order="40" use="optional" weight="1" />
    <loc xlink:type="locator" xlink:href="http://xbrl.fasb.org/us-gaap/2012/elts/us-gaap-2012-01-31.xsd#us-gaap_EmployeeRelatedLiabilitiesCurrent" xlink:label="loc_EmployeeRelatedLiabilitiesCurrent" />
    <calculationArc xlink:type="arc" xlink:arcrole="http://www.xbrl.org/2003/arcrole/summation-item" xlink:from="loc_LiabilitiesCurrent" xlink:to="loc_EmployeeRelatedLiabilitiesCurrent" order="60" use="optional" weight="1" />
    <loc xlink:type="locator" xlink:href="http://xbrl.fasb.org/us-gaap/2012/elts/us-gaap-2012-01-31.xsd#us-gaap_DeferredTaxLiabilitiesCurrent" xlink:label="loc_DeferredTaxLiabilitiesCurrent" />
    <calculationArc xlink:type="arc" xlink:arcrole="http://www.xbrl.org/2003/arcrole/summation-item" xlink:from="loc_LiabilitiesCurrent" xlink:to="loc_DeferredTaxLiabilitiesCurrent" order="80" use="optional" weight="1" />
    <loc xlink:type="locator" xlink:href="http://xbrl.fasb.org/us-gaap/2012/elts/us-gaap-2012-01-31.xsd#us-gaap_Liabilities" xlink:label="loc_Liabilities" />
    <calculationArc xlink:type="arc" xlink:arcrole="http://www.xbrl.org/2003/arcrole/summation-item" xlink:from="loc_Liabilities" xlink:to="loc_LiabilitiesCurrent" order="20" use="optional" weight="1" />
    <loc xlink:type="locator" xlink:href="http://xbrl.fasb.org/us-gaap/2012/elts/us-gaap-2012-01-31.xsd#us-gaap_OtherLiabilitiesNoncurrent" xlink:label="loc_OtherLiabilitiesNoncurrent" />
    <calculationArc xlink:type="arc" xlink:arcrole="http://www.xbrl.org/2003/arcrole/summation-item" xlink:from="loc_Liabilities" xlink:to="loc_OtherLiabilitiesNoncurrent" order="40" use="optional" weight="1" />
    <loc xlink:type="locator" xlink:href="http://xbrl.fasb.org/us-gaap/2012/elts/us-gaap-2012-01-31.xsd#us-gaap_DeferredTaxLiabilitiesNoncurrent" xlink:label="loc_DeferredTaxLiabilitiesNoncurrent" />
    <calculationArc xlink:type="arc" xlink:arcrole="http://www.xbrl.org/2003/arcrole/summation-item" xlink:from="loc_Liabilities" xlink:to="loc_DeferredTaxLiabilitiesNoncurrent" order="60" use="optional" weight="1" />
    <loc xlink:type="locator" xlink:href="http://xbrl.fasb.org/us-gaap/2012/elts/us-gaap-2012-01-31.xsd#us-gaap_LiabilitiesAndStockholdersEquity" xlink:label="loc_LiabilitiesAndStockholdersEquity" />
    <calculationArc xlink:type="arc" xlink:arcrole="http://www.xbrl.org/2003/arcrole/summation-item" xlink:from="loc_LiabilitiesAndStockholdersEquity" xlink:to="loc_Liabilities" order="20" use="optional" weight="1" />
    <loc xlink:type="locator" xlink:href="http://xbrl.fasb.org/us-gaap/2012/elts/us-gaap-2012-01-31.xsd#us-gaap_StockholdersEquity" xlink:label="loc_StockholdersEquity" />
    <loc xlink:type="locator" xlink:href="http://xbrl.fasb.org/us-gaap/2012/elts/us-gaap-2012-01-31.xsd#us-gaap_CommonStockValue" xlink:label="loc_CommonStockValue" />
    <calculationArc xlink:type="arc" xlink:arcrole="http://www.xbrl.org/2003/arcrole/summation-item" xlink:from="loc_StockholdersEquity" xlink:to="loc_CommonStockValue" order="20" use="optional" weight="1" />
    <loc xlink:type="locator" xlink:href="http://xbrl.fasb.org/us-gaap/2012/elts/us-gaap-2012-01-31.xsd#us-gaap_AdditionalPaidInCapitalCommonStock" xlink:label="loc_AdditionalPaidInCapitalCommonStock" />
    <calculationArc xlink:type="arc" xlink:arcrole="http://www.xbrl.org/2003/arcrole/summation-item" xlink:from="loc_StockholdersEquity" xlink:to="loc_AdditionalPaidInCapitalCommonStock" order="40" use="optional" weight="1" />
    <loc xlink:type="locator" xlink:href="http://xbrl.fasb.org/us-gaap/2012/elts/us-gaap-2012-01-31.xsd#us-gaap_RetainedEarningsAccumulatedDeficit" xlink:label="loc_RetainedEarningsAccumulatedDeficit" />
    <calculationArc xlink:type="arc" xlink:arcrole="http://www.xbrl.org/2003/arcrole/summation-item" xlink:from="loc_StockholdersEquity" xlink:to="loc_RetainedEarningsAccumulatedDeficit" order="60" use="optional" weight="1" />
    <loc xlink:type="locator" xlink:href="http://xbrl.fasb.org/us-gaap/2012/elts/us-gaap-2012-01-31.xsd#us-gaap_AccumulatedOtherComprehensiveIncomeLossNetOfTax" xlink:label="loc_AccumulatedOtherComprehensiveIncomeLossNetOfTax" />
    <calculationArc xlink:type="arc" xlink:arcrole="http://www.xbrl.org/2003/arcrole/summation-item" xlink:from="loc_StockholdersEquity" xlink:to="loc_AccumulatedOtherComprehensiveIncomeLossNetOfTax" order="80" use="optional" weight="1" />
    <calculationArc xlink:type="arc" xlink:arcrole="http://www.xbrl.org/2003/arcrole/summation-item" xlink:from="loc_LiabilitiesAndStockholdersEquity" xlink:to="loc_StockholdersEquity" order="40" use="optional" weight="1" />
    <loc xlink:type="locator" xlink:href="http://xbrl.fasb.org/us-gaap/2012/elts/us-gaap-2012-01-31.xsd#us-gaap_OtherLiabilitiesCurrent" xlink:label="us-gaap_OtherLiabilitiesCurrent" />
    <calculationArc xlink:type="arc" xlink:arcrole="http://www.xbrl.org/2003/arcrole/summation-item" xlink:from="loc_LiabilitiesCurrent" xlink:to="us-gaap_OtherLiabilitiesCurrent" order="90" use="optional" weight="1" priority="1" />
    <loc xlink:type="locator" xlink:href="http://xbrl.fasb.org/us-gaap/2012/elts/us-gaap-2012-01-31.xsd#us-gaap_AccumulatedDepreciationDepletionAndAmortizationPropertyPlantAndEquipment" xlink:label="us-gaap_AccumulatedDepreciationDepletionAndAmortizationPropertyPlantAndEquipment" />
    <calculationArc xlink:type="arc" xlink:arcrole="http://www.xbrl.org/2003/arcrole/summation-item" xlink:from="loc_PropertyPlantAndEquipmentNet" xlink:to="us-gaap_AccumulatedDepreciationDepletionAndAmortizationPropertyPlantAndEquipment" order="20" use="optional" weight="-1" priority="1" />
    <loc xlink:type="locator" xlink:href="http://xbrl.fasb.org/us-gaap/2012/elts/us-gaap-2012-01-31.xsd#us-gaap_PropertyPlantAndEquipmentGross" xlink:label="us-gaap_PropertyPlantAndEquipmentGross" />
    <calculationArc xlink:type="arc" xlink:arcrole="http://www.xbrl.org/2003/arcrole/summation-item" xlink:from="loc_PropertyPlantAndEquipmentNet" xlink:to="us-gaap_PropertyPlantAndEquipmentGross" order="10" use="optional" weight="1" priority="1" />
    <loc xlink:type="locator" xlink:href="http://xbrl.fasb.org/us-gaap/2012/elts/us-gaap-2012-01-31.xsd#us-gaap_DefinedBenefitPensionPlanLiabilitiesNoncurrent" xlink:label="us-gaap_DefinedBenefitPensionPlanLiabilitiesNoncurrent" />
    <calculationArc xlink:type="arc" xlink:arcrole="http://www.xbrl.org/2003/arcrole/summation-item" xlink:from="loc_Liabilities" xlink:to="us-gaap_DefinedBenefitPensionPlanLiabilitiesNoncurrent" order="50" use="optional" weight="1" priority="1" />
  </calculationLink>
  <calculationLink xlink:role="http://hawkinsinc.com/role/StatementsOfIncome" xlink:title="0120 - Statement - Condensed Consolidated Statements of Income (Unaudited)" xlink:type="extended">
    <loc xlink:type="locator" xlink:href="http://xbrl.fasb.org/us-gaap/2012/elts/us-gaap-2012-01-31.xsd#us-gaap_GrossProfit" xlink:label="loc_GrossProfit" />
    <loc xlink:type="locator" xlink:href="http://xbrl.fasb.org/us-gaap/2012/elts/us-gaap-2012-01-31.xsd#us-gaap_SalesRevenueNet" xlink:label="loc_SalesRevenueNet" />
    <calculationArc xlink:type="arc" xlink:arcrole="http://www.xbrl.org/2003/arcrole/summation-item" xlink:from="loc_GrossProfit" xlink:to="loc_SalesRevenueNet" order="20" use="optional" weight="1" />
    <loc xlink:type="locator" xlink:href="http://xbrl.fasb.org/us-gaap/2012/elts/us-gaap-2012-01-31.xsd#us-gaap_CostOfGoodsAndServicesSold" xlink:label="loc_CostOfGoodsAndServicesSold" />
    <calculationArc xlink:type="arc" xlink:arcrole="http://www.xbrl.org/2003/arcrole/summation-item" xlink:from="loc_GrossProfit" xlink:to="loc_CostOfGoodsAndServicesSold" order="40" use="optional" weight="-1" />
    <loc xlink:type="locator" xlink:href="http://xbrl.fasb.org/us-gaap/2012/elts/us-gaap-2012-01-31.xsd#us-gaap_OperatingIncomeLoss" xlink:label="loc_OperatingIncomeLoss" />
    <calculationArc xlink:type="arc" xlink:arcrole="http://www.xbrl.org/2003/arcrole/summation-item" xlink:from="loc_OperatingIncomeLoss" xlink:to="loc_GrossProfit" order="20" use="optional" weight="1" />
    <loc xlink:type="locator" xlink:href="http://xbrl.fasb.org/us-gaap/2012/elts/us-gaap-2012-01-31.xsd#us-gaap_SellingGeneralAndAdministrativeExpense" xlink:label="loc_SellingGeneralAndAdministrativeExpense" />
    <calculationArc xlink:type="arc" xlink:arcrole="http://www.xbrl.org/2003/arcrole/summation-item" xlink:from="loc_OperatingIncomeLoss" xlink:to="loc_SellingGeneralAndAdministrativeExpense" order="40" use="optional" weight="-1" />
    <loc xlink:type="locator" xlink:href="http://xbrl.fasb.org/us-gaap/2012/elts/us-gaap-2012-01-31.xsd#us-gaap_IncomeLossFromContinuingOperationsBeforeIncomeTaxesMinorityInterestAndIncomeLossFromEquityMethodInvestments" xlink:label="loc_IncomeLossFromContinuingOperationsBeforeIncomeTaxesMinorityInterestAndIncomeLossFromEquityMethodInvestments" />
    <calculationArc xlink:type="arc" xlink:arcrole="http://www.xbrl.org/2003/arcrole/summation-item" xlink:from="loc_IncomeLossFromContinuingOperationsBeforeIncomeTaxesMinorityInterestAndIncomeLossFromEquityMethodInvestments" xlink:to="loc_OperatingIncomeLoss" order="20" use="optional" weight="1" />
    <loc xlink:type="locator" xlink:href="http://xbrl.fasb.org/us-gaap/2012/elts/us-gaap-2012-01-31.xsd#us-gaap_InvestmentIncomeInterest" xlink:label="loc_InvestmentIncomeInterest" />
    <calculationArc xlink:type="arc" xlink:arcrole="http://www.xbrl.org/2003/arcrole/summation-item" xlink:from="loc_IncomeLossFromContinuingOperationsBeforeIncomeTaxesMinorityInterestAndIncomeLossFromEquityMethodInvestments" xlink:to="loc_InvestmentIncomeInterest" order="40" use="optional" weight="1" />
    <loc xlink:type="locator" xlink:href="http://xbrl.fasb.org/us-gaap/2012/elts/us-gaap-2012-01-31.xsd#us-gaap_IncomeLossFromContinuingOperations" xlink:label="loc_IncomeLossFromContinuingOperations" />
    <calculationArc xlink:type="arc" xlink:arcrole="http://www.xbrl.org/2003/arcrole/summation-item" xlink:from="loc_IncomeLossFromContinuingOperations" xlink:to="loc_IncomeLossFromContinuingOperationsBeforeIncomeTaxesMinorityInterestAndIncomeLossFromEquityMethodInvestments" order="20" use="optional" weight="1" />
    <loc xlink:type="locator" xlink:href="http://xbrl.fasb.org/us-gaap/2012/elts/us-gaap-2012-01-31.xsd#us-gaap_IncomeTaxExpenseBenefit" xlink:label="loc_IncomeTaxExpenseBenefit" />
    <calculationArc xlink:type="arc" xlink:arcrole="http://www.xbrl.org/2003/arcrole/summation-item" xlink:from="loc_IncomeLossFromContinuingOperations" xlink:to="loc_IncomeTaxExpenseBenefit" order="40" use="optional" weight="-1" />
    <loc xlink:type="locator" xlink:href="http://xbrl.fasb.org/us-gaap/2012/elts/us-gaap-2012-01-31.xsd#us-gaap_NetIncomeLoss" xlink:label="loc_NetIncomeLoss" />
    <calculationArc xlink:type="arc" xlink:arcrole="http://www.xbrl.org/2003/arcrole/summation-item" xlink:from="loc_NetIncomeLoss" xlink:to="loc_IncomeLossFromContinuingOperations" order="20" use="optional" weight="1" />
    <loc xlink:type="locator" xlink:href="http://xbrl.fasb.org/us-gaap/2012/elts/us-gaap-2012-01-31.xsd#us-gaap_IncomeLossFromDiscontinuedOperationsNetOfTaxAttributableToReportingEntity" xlink:label="loc_IncomeLossFromDiscontinuedOperationsNetOfTaxAttributableToReportingEntity" />
    <calculationArc xlink:type="arc" xlink:arcrole="http://www.xbrl.org/2003/arcrole/summation-item" xlink:from="loc_NetIncomeLoss" xlink:to="loc_IncomeLossFromDiscontinuedOperationsNetOfTaxAttributableToReportingEntity" order="40" use="optional" weight="1" />
    <loc xlink:type="locator" xlink:href="http://xbrl.fasb.org/us-gaap/2012/elts/us-gaap-2012-01-31.xsd#us-gaap_EarningsPerShareBasic" xlink:label="loc_EarningsPerShareBasic" />
    <loc xlink:type="locator" xlink:href="http://xbrl.fasb.org/us-gaap/2012/elts/us-gaap-2012-01-31.xsd#us-gaap_IncomeLossFromDiscontinuedOperationsNetOfTaxPerBasicShare" xlink:label="loc_IncomeLossFromDiscontinuedOperationsNetOfTaxPerBasicShare" />
    <calculationArc xlink:type="arc" xlink:arcrole="http://www.xbrl.org/2003/arcrole/summation-item" xlink:from="loc_EarningsPerShareBasic" xlink:to="loc_IncomeLossFromDiscontinuedOperationsNetOfTaxPerBasicShare" order="20" use="optional" weight="1" priority="1" />
    <loc xlink:type="locator" xlink:href="http://xbrl.fasb.org/us-gaap/2012/elts/us-gaap-2012-01-31.xsd#us-gaap_IncomeLossFromContinuingOperationsPerBasicShare" xlink:label="loc_IncomeLossFromContinuingOperationsPerBasicShare" />
    <calculationArc xlink:type="arc" xlink:arcrole="http://www.xbrl.org/2003/arcrole/summation-item" xlink:from="loc_EarningsPerShareBasic" xlink:to="loc_IncomeLossFromContinuingOperationsPerBasicShare" order="40" use="optional" weight="1" priority="1" />
    <loc xlink:type="locator" xlink:href="http://xbrl.fasb.org/us-gaap/2012/elts/us-gaap-2012-01-31.xsd#us-gaap_EarningsPerShareDiluted" xlink:label="loc_EarningsPerShareDiluted" />
    <loc xlink:type="locator" xlink:href="http://xbrl.fasb.org/us-gaap/2012/elts/us-gaap-2012-01-31.xsd#us-gaap_IncomeLossFromDiscontinuedOperationsNetOfTaxPerDilutedShare" xlink:label="loc_IncomeLossFromDiscontinuedOperationsNetOfTaxPerDilutedShare" />
    <calculationArc xlink:type="arc" xlink:arcrole="http://www.xbrl.org/2003/arcrole/summation-item" xlink:from="loc_EarningsPerShareDiluted" xlink:to="loc_IncomeLossFromDiscontinuedOperationsNetOfTaxPerDilutedShare" order="20" use="optional" weight="1" priority="1" />
    <loc xlink:type="locator" xlink:href="http://xbrl.fasb.org/us-gaap/2012/elts/us-gaap-2012-01-31.xsd#us-gaap_IncomeLossFromContinuingOperationsPerDilutedShare" xlink:label="loc_IncomeLossFromContinuingOperationsPerDilutedShare" />
    <calculationArc xlink:type="arc" xlink:arcrole="http://www.xbrl.org/2003/arcrole/summation-item" xlink:from="loc_EarningsPerShareDiluted" xlink:to="loc_IncomeLossFromContinuingOperationsPerDilutedShare" order="10" use="optional" weight="1" priority="1" />
    <loc xlink:type="locator" xlink:href="hwkn-20121230.xsd#hwkn_MultiemployerPensionPlanWithdrawalCharge" xlink:label="hwkn_MultiemployerPensionPlanWithdrawalCharge" />
    <calculationArc xlink:type="arc" xlink:arcrole="http://www.xbrl.org/2003/arcrole/summation-item" xlink:from="loc_GrossProfit" xlink:to="hwkn_MultiemployerPensionPlanWithdrawalCharge" order="50" use="optional" weight="-1" priority="1" />
  </calculationLink>
  <calculationLink xlink:role="http://hawkinsinc.com/role/StatementsOfCashFlows" xlink:title="0140 - Statement - Condensed Consolidated Statements of Cash Flows (Unaudited)" xlink:type="extended">
    <loc xlink:type="locator" xlink:href="http://xbrl.fasb.org/us-gaap/2012/elts/us-gaap-2012-01-31.xsd#us-gaap_NetCashProvidedByUsedInOperatingActivities" xlink:label="loc_NetCashProvidedByUsedInOperatingActivities" />
    <loc xlink:type="locator" xlink:href="http://xbrl.fasb.org/us-gaap/2012/elts/us-gaap-2012-01-31.xsd#us-gaap_NetIncomeLoss" xlink:label="loc_NetIncomeLoss" />
    <calculationArc xlink:type="arc" xlink:arcrole="http://www.xbrl.org/2003/arcrole/summation-item" xlink:from="loc_NetCashProvidedByUsedInOperatingActivities" xlink:to="loc_NetIncomeLoss" order="20" use="optional" weight="1" />
    <loc xlink:type="locator" xlink:href="http://xbrl.fasb.org/us-gaap/2012/elts/us-gaap-2012-01-31.xsd#us-gaap_DepreciationDepletionAndAmortization" xlink:label="loc_DepreciationDepletionAndAmortization" />
    <calculationArc xlink:type="arc" xlink:arcrole="http://www.xbrl.org/2003/arcrole/summation-item" xlink:from="loc_NetCashProvidedByUsedInOperatingActivities" xlink:to="loc_DepreciationDepletionAndAmortization" order="40" use="optional" weight="1" />
    <loc xlink:type="locator" xlink:href="http://xbrl.fasb.org/us-gaap/2012/elts/us-gaap-2012-01-31.xsd#us-gaap_ShareBasedCompensation" xlink:label="loc_ShareBasedCompensation" />
    <calculationArc xlink:type="arc" xlink:arcrole="http://www.xbrl.org/2003/arcrole/summation-item" xlink:from="loc_NetCashProvidedByUsedInOperatingActivities" xlink:to="loc_ShareBasedCompensation" order="80" use="optional" weight="1" />
    <loc xlink:type="locator" xlink:href="http://xbrl.fasb.org/us-gaap/2012/elts/us-gaap-2012-01-31.xsd#us-gaap_GainLossOnDispositionOfProperty" xlink:label="loc_GainLossOnDispositionOfProperty" />
    <calculationArc xlink:type="arc" xlink:arcrole="http://www.xbrl.org/2003/arcrole/summation-item" xlink:from="loc_NetCashProvidedByUsedInOperatingActivities" xlink:to="loc_GainLossOnDispositionOfProperty" order="100" use="optional" weight="-1" />
    <loc xlink:type="locator" xlink:href="http://xbrl.fasb.org/us-gaap/2012/elts/us-gaap-2012-01-31.xsd#us-gaap_IncreaseDecreaseInAccountsReceivable" xlink:label="loc_IncreaseDecreaseInAccountsReceivable" />
    <calculationArc xlink:type="arc" xlink:arcrole="http://www.xbrl.org/2003/arcrole/summation-item" xlink:from="loc_NetCashProvidedByUsedInOperatingActivities" xlink:to="loc_IncreaseDecreaseInAccountsReceivable" order="120" use="optional" weight="-1" />
    <loc xlink:type="locator" xlink:href="http://xbrl.fasb.org/us-gaap/2012/elts/us-gaap-2012-01-31.xsd#us-gaap_IncreaseDecreaseInInventories" xlink:label="loc_IncreaseDecreaseInInventories" />
    <calculationArc xlink:type="arc" xlink:arcrole="http://www.xbrl.org/2003/arcrole/summation-item" xlink:from="loc_NetCashProvidedByUsedInOperatingActivities" xlink:to="loc_IncreaseDecreaseInInventories" order="140" use="optional" weight="-1" />
    <loc xlink:type="locator" xlink:href="http://xbrl.fasb.org/us-gaap/2012/elts/us-gaap-2012-01-31.xsd#us-gaap_IncreaseDecreaseInAccountsPayable" xlink:label="loc_IncreaseDecreaseInAccountsPayable" />
    <calculationArc xlink:type="arc" xlink:arcrole="http://www.xbrl.org/2003/arcrole/summation-item" xlink:from="loc_NetCashProvidedByUsedInOperatingActivities" xlink:to="loc_IncreaseDecreaseInAccountsPayable" order="160" use="optional" weight="1" />
    <loc xlink:type="locator" xlink:href="http://xbrl.fasb.org/us-gaap/2012/elts/us-gaap-2012-01-31.xsd#us-gaap_IncreaseDecreaseInAccruedLiabilities" xlink:label="loc_IncreaseDecreaseInAccruedLiabilities" />
    <calculationArc xlink:type="arc" xlink:arcrole="http://www.xbrl.org/2003/arcrole/summation-item" xlink:from="loc_NetCashProvidedByUsedInOperatingActivities" xlink:to="loc_IncreaseDecreaseInAccruedLiabilities" order="180" use="optional" weight="1" />
    <loc xlink:type="locator" xlink:href="http://xbrl.fasb.org/us-gaap/2012/elts/us-gaap-2012-01-31.xsd#us-gaap_IncreaseDecreaseInAccruedIncomeTaxesPayable" xlink:label="loc_IncreaseDecreaseInAccruedIncomeTaxesPayable" />
    <calculationArc xlink:type="arc" xlink:arcrole="http://www.xbrl.org/2003/arcrole/summation-item" xlink:from="loc_NetCashProvidedByUsedInOperatingActivities" xlink:to="loc_IncreaseDecreaseInAccruedIncomeTaxesPayable" order="200" use="optional" weight="1" />
    <loc xlink:type="locator" xlink:href="http://xbrl.fasb.org/us-gaap/2012/elts/us-gaap-2012-01-31.xsd#us-gaap_IncreaseDecreaseInOtherOperatingCapitalNet" xlink:label="loc_IncreaseDecreaseInOtherOperatingCapitalNet" />
    <calculationArc xlink:type="arc" xlink:arcrole="http://www.xbrl.org/2003/arcrole/summation-item" xlink:from="loc_NetCashProvidedByUsedInOperatingActivities" xlink:to="loc_IncreaseDecreaseInOtherOperatingCapitalNet" order="220" use="optional" weight="-1" />
    <loc xlink:type="locator" xlink:href="http://xbrl.fasb.org/us-gaap/2012/elts/us-gaap-2012-01-31.xsd#us-gaap_CashAndCashEquivalentsPeriodIncreaseDecrease" xlink:label="loc_CashAndCashEquivalentsPeriodIncreaseDecrease" />
    <calculationArc xlink:type="arc" xlink:arcrole="http://www.xbrl.org/2003/arcrole/summation-item" xlink:from="loc_CashAndCashEquivalentsPeriodIncreaseDecrease" xlink:to="loc_NetCashProvidedByUsedInOperatingActivities" order="20" use="optional" weight="1" />
    <loc xlink:type="locator" xlink:href="http://xbrl.fasb.org/us-gaap/2012/elts/us-gaap-2012-01-31.xsd#us-gaap_NetCashProvidedByUsedInInvestingActivities" xlink:label="loc_NetCashProvidedByUsedInInvestingActivities" />
    <loc xlink:type="locator" xlink:href="http://xbrl.fasb.org/us-gaap/2012/elts/us-gaap-2012-01-31.xsd#us-gaap_PaymentsToAcquirePropertyPlantAndEquipment" xlink:label="loc_PaymentsToAcquirePropertyPlantAndEquipment" />
    <calculationArc xlink:type="arc" xlink:arcrole="http://www.xbrl.org/2003/arcrole/summation-item" xlink:from="loc_NetCashProvidedByUsedInInvestingActivities" xlink:to="loc_PaymentsToAcquirePropertyPlantAndEquipment" order="20" use="optional" weight="-1" />
    <loc xlink:type="locator" xlink:href="http://xbrl.fasb.org/us-gaap/2012/elts/us-gaap-2012-01-31.xsd#us-gaap_PaymentsToAcquireInvestments" xlink:label="loc_PaymentsToAcquireInvestments" />
    <calculationArc xlink:type="arc" xlink:arcrole="http://www.xbrl.org/2003/arcrole/summation-item" xlink:from="loc_NetCashProvidedByUsedInInvestingActivities" xlink:to="loc_PaymentsToAcquireInvestments" order="40" use="optional" weight="-1" />
    <loc xlink:type="locator" xlink:href="http://xbrl.fasb.org/us-gaap/2012/elts/us-gaap-2012-01-31.xsd#us-gaap_ProceedsFromSaleAndMaturityOfMarketableSecurities" xlink:label="loc_ProceedsFromSaleAndMaturityOfMarketableSecurities" />
    <calculationArc xlink:type="arc" xlink:arcrole="http://www.xbrl.org/2003/arcrole/summation-item" xlink:from="loc_NetCashProvidedByUsedInInvestingActivities" xlink:to="loc_ProceedsFromSaleAndMaturityOfMarketableSecurities" order="60" use="optional" weight="1" />
    <loc xlink:type="locator" xlink:href="http://xbrl.fasb.org/us-gaap/2012/elts/us-gaap-2012-01-31.xsd#us-gaap_PaymentsToAcquireBusinessesNetOfCashAcquired" xlink:label="loc_PaymentsToAcquireBusinessesNetOfCashAcquired" />
    <calculationArc xlink:type="arc" xlink:arcrole="http://www.xbrl.org/2003/arcrole/summation-item" xlink:from="loc_NetCashProvidedByUsedInInvestingActivities" xlink:to="loc_PaymentsToAcquireBusinessesNetOfCashAcquired" order="80" use="optional" weight="-1" />
    <loc xlink:type="locator" xlink:href="http://xbrl.fasb.org/us-gaap/2012/elts/us-gaap-2012-01-31.xsd#us-gaap_ProceedsFromSaleOfPropertyPlantAndEquipment" xlink:label="loc_ProceedsFromSaleOfPropertyPlantAndEquipment" />
    <calculationArc xlink:type="arc" xlink:arcrole="http://www.xbrl.org/2003/arcrole/summation-item" xlink:from="loc_NetCashProvidedByUsedInInvestingActivities" xlink:to="loc_ProceedsFromSaleOfPropertyPlantAndEquipment" order="100" use="optional" weight="1" />
    <calculationArc xlink:type="arc" xlink:arcrole="http://www.xbrl.org/2003/arcrole/summation-item" xlink:from="loc_CashAndCashEquivalentsPeriodIncreaseDecrease" xlink:to="loc_NetCashProvidedByUsedInInvestingActivities" order="40" use="optional" weight="1" />
    <loc xlink:type="locator" xlink:href="http://xbrl.fasb.org/us-gaap/2012/elts/us-gaap-2012-01-31.xsd#us-gaap_NetCashProvidedByUsedInFinancingActivities" xlink:label="loc_NetCashProvidedByUsedInFinancingActivities" />
    <loc xlink:type="locator" xlink:href="http://xbrl.fasb.org/us-gaap/2012/elts/us-gaap-2012-01-31.xsd#us-gaap_PaymentsOfDividendsCommonStock" xlink:label="loc_PaymentsOfDividendsCommonStock" />
    <calculationArc xlink:type="arc" xlink:arcrole="http://www.xbrl.org/2003/arcrole/summation-item" xlink:from="loc_NetCashProvidedByUsedInFinancingActivities" xlink:to="loc_PaymentsOfDividendsCommonStock" order="20" use="optional" weight="-1" />
    <calculationArc xlink:type="arc" xlink:arcrole="http://www.xbrl.org/2003/arcrole/summation-item" xlink:from="loc_CashAndCashEquivalentsPeriodIncreaseDecrease" xlink:to="loc_NetCashProvidedByUsedInFinancingActivities" order="60" use="optional" weight="1" />
    <loc xlink:type="locator" xlink:href="http://xbrl.fasb.org/us-gaap/2012/elts/us-gaap-2012-01-31.xsd#us-gaap_ProceedsFromStockOptionsExercised" xlink:label="us-gaap_ProceedsFromStockOptionsExercised" />
    <calculationArc xlink:type="arc" xlink:arcrole="http://www.xbrl.org/2003/arcrole/summation-item" xlink:from="loc_NetCashProvidedByUsedInFinancingActivities" xlink:to="us-gaap_ProceedsFromStockOptionsExercised" order="40" use="optional" weight="1" priority="1" />
    <loc xlink:type="locator" xlink:href="http://xbrl.fasb.org/us-gaap/2012/elts/us-gaap-2012-01-31.xsd#us-gaap_StockIssued1" xlink:label="us-gaap_StockIssued1" />
    <calculationArc xlink:type="arc" xlink:arcrole="http://www.xbrl.org/2003/arcrole/summation-item" xlink:from="loc_NetCashProvidedByUsedInFinancingActivities" xlink:to="us-gaap_StockIssued1" order="10" use="optional" weight="-1" priority="1" />
    <loc xlink:type="locator" xlink:href="http://xbrl.fasb.org/us-gaap/2012/elts/us-gaap-2012-01-31.xsd#us-gaap_ExcessTaxBenefitFromShareBasedCompensationFinancingActivities" xlink:label="us-gaap_ExcessTaxBenefitFromShareBasedCompensationFinancingActivities" />
    <calculationArc xlink:type="arc" xlink:arcrole="http://www.xbrl.org/2003/arcrole/summation-item" xlink:from="loc_NetCashProvidedByUsedInFinancingActivities" xlink:to="us-gaap_ExcessTaxBenefitFromShareBasedCompensationFinancingActivities" order="5" use="optional" weight="1" priority="1" />
    <loc xlink:type="locator" xlink:href="http://xbrl.fasb.org/us-gaap/2012/elts/us-gaap-2012-01-31.xsd#us-gaap_DeferredIncomeTaxExpenseBenefit" xlink:label="us-gaap_DeferredIncomeTaxExpenseBenefit" />
    <calculationArc xlink:type="arc" xlink:arcrole="http://www.xbrl.org/2003/arcrole/summation-item" xlink:from="loc_NetCashProvidedByUsedInOperatingActivities" xlink:to="us-gaap_DeferredIncomeTaxExpenseBenefit" order="60" use="optional" weight="1" priority="1" />
    <loc xlink:type="locator" xlink:href="hwkn-20121230.xsd#hwkn_MultiemployerPensionPlanWithdrawal" xlink:label="hwkn_MultiemployerPensionPlanWithdrawal" />
    <calculationArc xlink:type="arc" xlink:arcrole="http://www.xbrl.org/2003/arcrole/summation-item" xlink:from="loc_NetCashProvidedByUsedInOperatingActivities" xlink:to="hwkn_MultiemployerPensionPlanWithdrawal" order="82.5" use="optional" weight="1" priority="1" />
  </calculationLink>
  <roleRef xlink:type="simple" xlink:href="hwkn-20121230.xsd#BasisOfPresentation" roleURI="http://hawkinsinc.com/role/BasisOfPresentation" />
  <calculationLink xlink:type="extended" xlink:role="http://hawkinsinc.com/role/BasisOfPresentation" xlink:title="0201 - Disclosure - Basis of Presentation" />
  <roleRef xlink:type="simple" xlink:href="hwkn-20121230.xsd#EarningsPerShare" roleURI="http://hawkinsinc.com/role/EarningsPerShare" />
  <calculationLink xlink:type="extended" xlink:role="http://hawkinsinc.com/role/EarningsPerShare" xlink:title="0202 - Disclosure - Earnings per Share" />
  <roleRef xlink:type="simple" xlink:href="hwkn-20121230.xsd#DiscontinuedOperations" roleURI="http://hawkinsinc.com/role/DiscontinuedOperations" />
  <calculationLink xlink:type="extended" xlink:role="http://hawkinsinc.com/role/DiscontinuedOperations" xlink:title="0203 - Disclosure - Discontinued Operations" />
  <roleRef xlink:type="simple" xlink:href="hwkn-20121230.xsd#CashAndCashEquivalentsAndInvestments" roleURI="http://hawkinsinc.com/role/CashAndCashEquivalentsAndInvestments" />
  <calculationLink xlink:type="extended" xlink:role="http://hawkinsinc.com/role/CashAndCashEquivalentsAndInvestments" xlink:title="0204 - Disclosure - Cash and Cash Equivalents and Investments" />
  <roleRef xlink:type="simple" xlink:href="hwkn-20121230.xsd#Inventories" roleURI="http://hawkinsinc.com/role/Inventories" />
  <calculationLink xlink:type="extended" xlink:role="http://hawkinsinc.com/role/Inventories" xlink:title="0205 - Disclosure - Inventories" />
  <roleRef xlink:type="simple" xlink:href="hwkn-20121230.xsd#GoodwillAndIntangibleAssets" roleURI="http://hawkinsinc.com/role/GoodwillAndIntangibleAssets" />
  <calculationLink xlink:type="extended" xlink:role="http://hawkinsinc.com/role/GoodwillAndIntangibleAssets" xlink:title="0206 - Disclosure - Goodwill and Intangible Assets" />
  <roleRef xlink:type="simple" xlink:href="hwkn-20121230.xsd#IncomeTaxes" roleURI="http://hawkinsinc.com/role/IncomeTaxes" />
  <calculationLink xlink:type="extended" xlink:role="http://hawkinsinc.com/role/IncomeTaxes" xlink:title="0207 - Disclosure - Income Taxes" />
  <roleRef xlink:type="simple" xlink:href="hwkn-20121230.xsd#AccumulatedOtherComprehensiveIncomeLoss" roleURI="http://hawkinsinc.com/role/AccumulatedOtherComprehensiveIncomeLoss" />
  <calculationLink xlink:type="extended" xlink:role="http://hawkinsinc.com/role/AccumulatedOtherComprehensiveIncomeLoss" xlink:title="0208 - Disclosure - Accumulated Other Comprehensive Loss" />
  <roleRef xlink:type="simple" xlink:href="hwkn-20121230.xsd#StockBasedCompensation" roleURI="http://hawkinsinc.com/role/StockBasedCompensation" />
  <calculationLink xlink:type="extended" xlink:role="http://hawkinsinc.com/role/StockBasedCompensation" xlink:title="0209 - Disclosure - Share Based Compensation" />
  <roleRef xlink:type="simple" xlink:href="hwkn-20121230.xsd#SegmentInformation" roleURI="http://hawkinsinc.com/role/SegmentInformation" />
  <calculationLink xlink:type="extended" xlink:role="http://hawkinsinc.com/role/SegmentInformation" xlink:title="0212 - Disclosure - Segment Information" />
  <calculationLink xlink:type="extended" xlink:role="http://hawkinsinc.com/role/EarningsPerShareTables" xlink:title="0502 - Disclosure - Earnings per Share (Tables)" />
  <calculationLink xlink:type="extended" xlink:role="http://hawkinsinc.com/role/EarningPerShareDetails" xlink:title="0602 - Disclosure - Earning per Share (Details)">
    <loc xlink:type="locator" xlink:href="http://xbrl.fasb.org/us-gaap/2012/elts/us-gaap-2012-01-31.xsd#us-gaap_WeightedAverageNumberOfDilutedSharesOutstanding" xlink:label="loc_WeightedAverageNumberOfDilutedSharesOutstanding" />
    <loc xlink:type="locator" xlink:href="http://xbrl.fasb.org/us-gaap/2012/elts/us-gaap-2012-01-31.xsd#us-gaap_WeightedAverageNumberOfSharesOutstandingBasic" xlink:label="loc_WeightedAverageNumberOfSharesOutstandingBasic" />
    <calculationArc xlink:type="arc" xlink:arcrole="http://www.xbrl.org/2003/arcrole/summation-item" xlink:from="loc_WeightedAverageNumberOfDilutedSharesOutstanding" xlink:to="loc_WeightedAverageNumberOfSharesOutstandingBasic" order="20" use="optional" weight="1" priority="1" />
    <loc xlink:type="locator" xlink:href="http://xbrl.fasb.org/us-gaap/2012/elts/us-gaap-2012-01-31.xsd#us-gaap_WeightedAverageNumberDilutedSharesOutstandingAdjustment" xlink:label="us-gaap_WeightedAverageNumberDilutedSharesOutstandingAdjustment" />
    <calculationArc xlink:type="arc" xlink:arcrole="http://www.xbrl.org/2003/arcrole/summation-item" xlink:from="loc_WeightedAverageNumberOfDilutedSharesOutstanding" xlink:to="us-gaap_WeightedAverageNumberDilutedSharesOutstandingAdjustment" order="10" use="optional" weight="1" priority="1" />
  </calculationLink>
  <calculationLink xlink:type="extended" xlink:role="http://hawkinsinc.com/role/EarningsPerShareDetailsTextual" xlink:title="06021 - Disclosure - Earnings per Share (Details Textual)" />
  <calculationLink xlink:type="extended" xlink:role="http://hawkinsinc.com/role/CashAndCashEquivalentsAndInvestmentsTables" xlink:title="0504 - Disclosure - Cash and Cash Equivalents and Investments (Tables)" />
  <calculationLink xlink:type="extended" xlink:role="http://hawkinsinc.com/role/CashAndCashEquivalentsAndInvestmentsDetails" xlink:title="0604 - Disclosure - Cash and Cash Equivalents and Investments (Details)" />
  <calculationLink xlink:type="extended" xlink:role="http://hawkinsinc.com/role/CashAndCashEquivalentsAndInvestmentsDetailsTextual" xlink:title="06041 - Disclosure - Cash and Cash Equivalents and Investments (Details Textual)" />
  <calculationLink xlink:type="extended" xlink:role="http://hawkinsinc.com/role/InventoriesTables" xlink:title="0505 - Disclosure - Inventories (Tables)" />
  <calculationLink xlink:type="extended" xlink:role="http://hawkinsinc.com/role/InventoriesDetails" xlink:title="0605 - Disclosure - Inventories (Details)">
    <loc xlink:type="locator" xlink:href="http://xbrl.fasb.org/us-gaap/2012/elts/us-gaap-2012-01-31.xsd#us-gaap_InventoryNet" xlink:label="loc_InventoryNet" />
    <loc xlink:type="locator" xlink:href="http://xbrl.fasb.org/us-gaap/2012/elts/us-gaap-2012-01-31.xsd#us-gaap_InventoryLIFOReserve" xlink:label="loc_InventoryLIFOReserve" />
    <calculationArc xlink:type="arc" xlink:arcrole="http://www.xbrl.org/2003/arcrole/summation-item" xlink:from="loc_InventoryNet" xlink:to="loc_InventoryLIFOReserve" order="40" use="optional" weight="-1" priority="1" />
    <loc xlink:type="locator" xlink:href="http://xbrl.fasb.org/us-gaap/2012/elts/us-gaap-2012-01-31.xsd#us-gaap_InventoryFinishedGoods" xlink:label="loc_InventoryFinishedGoods" />
    <calculationArc xlink:type="arc" xlink:arcrole="http://www.xbrl.org/2003/arcrole/summation-item" xlink:from="loc_InventoryNet" xlink:to="loc_InventoryFinishedGoods" order="20" use="optional" weight="1" priority="1" />
  </calculationLink>
  <calculationLink xlink:type="extended" xlink:role="http://hawkinsinc.com/role/InventoriesDetailsTextual" xlink:title="06051 - Disclosure - Inventories (Details Textual)" />
  <calculationLink xlink:type="extended" xlink:role="http://hawkinsinc.com/role/GoodwillAndIntangibleAssetsDetails" xlink:title="0606 - Disclosure - Goodwill and Intangible Assets (Details)">
    <loc xlink:type="locator" xlink:href="http://xbrl.fasb.org/us-gaap/2012/elts/us-gaap-2012-01-31.xsd#us-gaap_IndefiniteLivedIntangibleAssetsExcludingGoodwill" xlink:label="us-gaap_IndefiniteLivedIntangibleAssetsExcludingGoodwill" />
    <loc xlink:type="locator" xlink:href="hwkn-20121230.xsd#hwkn_IndefiniteIntangibleAssetsAccumulatedAmortization" xlink:label="hwkn_IndefiniteIntangibleAssetsAccumulatedAmortization_2" />
    <calculationArc xlink:type="arc" xlink:arcrole="http://www.xbrl.org/2003/arcrole/summation-item" xlink:from="us-gaap_IndefiniteLivedIntangibleAssetsExcludingGoodwill" xlink:to="hwkn_IndefiniteIntangibleAssetsAccumulatedAmortization_2" order="20" use="optional" weight="-1" priority="1" />
    <loc xlink:type="locator" xlink:href="hwkn-20121230.xsd#hwkn_IndefiniteLivedIntangibleAssetsExcludingGoodwillGross" xlink:label="hwkn_IndefiniteLivedIntangibleAssetsExcludingGoodwillGross_2" />
    <calculationArc xlink:type="arc" xlink:arcrole="http://www.xbrl.org/2003/arcrole/summation-item" xlink:from="us-gaap_IndefiniteLivedIntangibleAssetsExcludingGoodwill" xlink:to="hwkn_IndefiniteLivedIntangibleAssetsExcludingGoodwillGross_2" order="40" use="optional" weight="1" priority="1" />
    <loc xlink:type="locator" xlink:href="http://xbrl.fasb.org/us-gaap/2012/elts/us-gaap-2012-01-31.xsd#us-gaap_IntangibleAssetsNetExcludingGoodwill" xlink:label="loc_IntangibleAssetsNetExcludingGoodwill" />
    <loc xlink:type="locator" xlink:href="hwkn-20121230.xsd#hwkn_IntangibleAssetsAccumulatedAmortization" xlink:label="hwkn_IntangibleAssetsAccumulatedAmortization" />
    <calculationArc xlink:type="arc" xlink:arcrole="http://www.xbrl.org/2003/arcrole/summation-item" xlink:from="loc_IntangibleAssetsNetExcludingGoodwill" xlink:to="hwkn_IntangibleAssetsAccumulatedAmortization" order="20" use="optional" weight="-1" />
    <loc xlink:type="locator" xlink:href="hwkn-20121230.xsd#hwkn_IntangibleAssetsGrossCarryingAmount" xlink:label="hwkn_IntangibleAssetsGrossCarryingAmount" />
    <calculationArc xlink:type="arc" xlink:arcrole="http://www.xbrl.org/2003/arcrole/summation-item" xlink:from="loc_IntangibleAssetsNetExcludingGoodwill" xlink:to="hwkn_IntangibleAssetsGrossCarryingAmount" order="40" use="optional" weight="1" priority="1" />
    <loc xlink:type="locator" xlink:href="http://xbrl.fasb.org/us-gaap/2012/elts/us-gaap-2012-01-31.xsd#us-gaap_FiniteLivedIntangibleAssetsNet" xlink:label="loc_FiniteLivedIntangibleAssetsNet" />
    <loc xlink:type="locator" xlink:href="http://xbrl.fasb.org/us-gaap/2012/elts/us-gaap-2012-01-31.xsd#us-gaap_FiniteLivedIntangibleAssetsAccumulatedAmortization" xlink:label="us-gaap_FiniteLivedIntangibleAssetsAccumulatedAmortization_2" />
    <calculationArc xlink:type="arc" xlink:arcrole="http://www.xbrl.org/2003/arcrole/summation-item" xlink:from="loc_FiniteLivedIntangibleAssetsNet" xlink:to="us-gaap_FiniteLivedIntangibleAssetsAccumulatedAmortization_2" order="20" use="optional" weight="-1" priority="1" />
    <loc xlink:type="locator" xlink:href="http://xbrl.fasb.org/us-gaap/2012/elts/us-gaap-2012-01-31.xsd#us-gaap_FiniteLivedIntangibleAssetsGross" xlink:label="us-gaap_FiniteLivedIntangibleAssetsGross_2" />
    <calculationArc xlink:type="arc" xlink:arcrole="http://www.xbrl.org/2003/arcrole/summation-item" xlink:from="loc_FiniteLivedIntangibleAssetsNet" xlink:to="us-gaap_FiniteLivedIntangibleAssetsGross_2" order="10" use="optional" weight="1" priority="1" />
  </calculationLink>
  <calculationLink xlink:type="extended" xlink:role="http://hawkinsinc.com/role/GoodwillAndIntangibleAssetsTables" xlink:title="0506 - Disclosure - Goodwill and Intangible Assets (Tables)" />
  <calculationLink xlink:type="extended" xlink:role="http://hawkinsinc.com/role/GoodwillAndIntangibleAssetsDetailsTextual" xlink:title="06061 - Disclosure - Goodwill and Intangible Assets (Details Textual)" />
  <calculationLink xlink:type="extended" xlink:role="http://hawkinsinc.com/role/AccumulatedOtherComprehensiveIncomeLossTables" xlink:title="0508 - Disclosure - Accumulated Other Comprehensive Loss (Tables)" />
  <calculationLink xlink:type="extended" xlink:role="http://hawkinsinc.com/role/AccumulatedOtherComprehensiveLossDetails" xlink:title="0608 - Disclosure - Accumulated Other Comprehensive Loss (Details)">
    <loc xlink:type="locator" xlink:href="http://xbrl.fasb.org/us-gaap/2012/elts/us-gaap-2012-01-31.xsd#us-gaap_AccumulatedOtherComprehensiveIncomeLossNetOfTax" xlink:label="loc_AccumulatedOtherComprehensiveIncomeLossNetOfTax" />
    <loc xlink:type="locator" xlink:href="http://xbrl.fasb.org/us-gaap/2012/elts/us-gaap-2012-01-31.xsd#us-gaap_AccumulatedOtherComprehensiveIncomeLossDefinedBenefitPensionAndOtherPostretirementPlansNetOfTax" xlink:label="loc_AccumulatedOtherComprehensiveIncomeLossDefinedBenefitPensionAndOtherPostretirementPlansNetOfTax" />
    <calculationArc xlink:type="arc" xlink:arcrole="http://www.xbrl.org/2003/arcrole/summation-item" xlink:from="loc_AccumulatedOtherComprehensiveIncomeLossNetOfTax" xlink:to="loc_AccumulatedOtherComprehensiveIncomeLossDefinedBenefitPensionAndOtherPostretirementPlansNetOfTax" order="40" use="optional" weight="-1" priority="1" />
    <loc xlink:type="locator" xlink:href="http://xbrl.fasb.org/us-gaap/2012/elts/us-gaap-2012-01-31.xsd#us-gaap_AccumulatedOtherComprehensiveIncomeLossAvailableForSaleSecuritiesAdjustmentNetOfTax" xlink:label="loc_AccumulatedOtherComprehensiveIncomeLossAvailableForSaleSecuritiesAdjustmentNetOfTax" />
    <calculationArc xlink:type="arc" xlink:arcrole="http://www.xbrl.org/2003/arcrole/summation-item" xlink:from="loc_AccumulatedOtherComprehensiveIncomeLossNetOfTax" xlink:to="loc_AccumulatedOtherComprehensiveIncomeLossAvailableForSaleSecuritiesAdjustmentNetOfTax" order="20" use="optional" weight="1" priority="1" />
  </calculationLink>
  <calculationLink xlink:type="extended" xlink:role="http://hawkinsinc.com/role/StockBasedCompensationTables" xlink:title="0509 - Disclosure - Share Based Compensation (Tables)" />
  <calculationLink xlink:type="extended" xlink:role="http://hawkinsinc.com/role/StockBasedCompensationDetails" xlink:title="0609 - Disclosure - Share Based Compensation (Details)" />
  <calculationLink xlink:type="extended" xlink:role="http://hawkinsinc.com/role/StockBasedCompensationDetails1" xlink:title="06091 - Disclosure - Share Based Compensation (Details 1)" />
  <calculationLink xlink:type="extended" xlink:role="http://hawkinsinc.com/role/StockBasedCompensationDetailsTextual" xlink:title="06092 - Disclosure - Share Based Compensation (Details Textual)" />
  <calculationLink xlink:type="extended" xlink:role="http://hawkinsinc.com/role/SegmentInformationTables" xlink:title="0512 - Disclosure - Segment Information (Tables)" />
  <calculationLink xlink:type="extended" xlink:role="http://hawkinsinc.com/role/SegmentInformationDetails" xlink:title="0612 - Disclosure - Segment Information (Details)" />
  <calculationLink xlink:type="extended" xlink:role="http://hawkinsinc.com/role/SegmentInformationDetailsTextual" xlink:title="06121 - Disclosure - Segment Information (Details Textual)" />
  <calculationLink xlink:type="extended" xlink:role="http://hawkinsinc.com/role/BalanceSheetsParenthetical" xlink:title="0111 - Statement - Condensed Consolidated Balance Sheets (Parenthetical) (Unaudited)" />
  <calculationLink xlink:type="extended" xlink:role="http://hawkinsinc.com/role/EmployeePensionPlans" xlink:title="0210 - Disclosure - Employee Pension Plans" />
  <calculationLink xlink:type="extended" xlink:role="http://hawkinsinc.com/role/StatementsOfComprehensiveIncome" xlink:title="0130 - Statement - Condensed Consolidated Statements of Comprehensive Income (Unaudited)">
    <loc xlink:type="locator" xlink:href="http://xbrl.fasb.org/us-gaap/2012/elts/us-gaap-2012-01-31.xsd#us-gaap_ComprehensiveIncomeNetOfTax" xlink:label="us-gaap_ComprehensiveIncomeNetOfTax" />
    <loc xlink:type="locator" xlink:href="http://xbrl.fasb.org/us-gaap/2012/elts/us-gaap-2012-01-31.xsd#us-gaap_OtherComprehensiveIncomeLossNetOfTaxPortionAttributableToParent" xlink:label="us-gaap_OtherComprehensiveIncomeLossNetOfTaxPortionAttributableToParent" />
    <calculationArc xlink:type="arc" xlink:arcrole="http://www.xbrl.org/2003/arcrole/summation-item" xlink:from="us-gaap_ComprehensiveIncomeNetOfTax" xlink:to="us-gaap_OtherComprehensiveIncomeLossNetOfTaxPortionAttributableToParent" order="20" use="optional" weight="1" priority="1" />
    <loc xlink:type="locator" xlink:href="http://xbrl.fasb.org/us-gaap/2012/elts/us-gaap-2012-01-31.xsd#us-gaap_NetIncomeLoss" xlink:label="loc_NetIncomeLoss" />
    <calculationArc xlink:type="arc" xlink:arcrole="http://www.xbrl.org/2003/arcrole/summation-item" xlink:from="us-gaap_ComprehensiveIncomeNetOfTax" xlink:to="loc_NetIncomeLoss" order="10" use="optional" weight="1" priority="1" />
    <loc xlink:type="locator" xlink:href="http://xbrl.fasb.org/us-gaap/2012/elts/us-gaap-2012-01-31.xsd#us-gaap_OtherComprehensiveIncomeAvailableforsaleSecuritiesAdjustmentNetOfTaxPortionAttributableToParent" xlink:label="us-gaap_OtherComprehensiveIncomeAvailableforsaleSecuritiesAdjustmentNetOfTaxPortionAttributableToParent" />
    <calculationArc xlink:type="arc" xlink:arcrole="http://www.xbrl.org/2003/arcrole/summation-item" xlink:from="us-gaap_OtherComprehensiveIncomeLossNetOfTaxPortionAttributableToParent" xlink:to="us-gaap_OtherComprehensiveIncomeAvailableforsaleSecuritiesAdjustmentNetOfTaxPortionAttributableToParent" order="20" use="optional" weight="1" priority="1" />
    <loc xlink:type="locator" xlink:href="http://xbrl.fasb.org/us-gaap/2012/elts/us-gaap-2012-01-31.xsd#us-gaap_OtherComprehensiveIncomeDefinedBenefitPlansNetUnamortizedGainLossArisingDuringPeriodNetOfTax" xlink:label="us-gaap_OtherComprehensiveIncomeDefinedBenefitPlansNetUnamortizedGainLossArisingDuringPeriodNetOfTax" />
    <calculationArc xlink:type="arc" xlink:arcrole="http://www.xbrl.org/2003/arcrole/summation-item" xlink:from="us-gaap_OtherComprehensiveIncomeLossNetOfTaxPortionAttributableToParent" xlink:to="us-gaap_OtherComprehensiveIncomeDefinedBenefitPlansNetUnamortizedGainLossArisingDuringPeriodNetOfTax" order="40" use="optional" weight="1" priority="1" />
  </calculationLink>
  <calculationLink xlink:type="extended" xlink:role="http://hawkinsinc.com/role/LitigationCommitmentsAndContingencies" xlink:title="0211 - Disclosure - Litigation, Commitments and Contingencies" />
  <calculationLink xlink:type="extended" xlink:role="http://hawkinsinc.com/role/DiscontinuedOperationsDetails" xlink:title="0603 - Disclosure - Discontinued Operations (Details)" />
  <calculationLink xlink:type="extended" xlink:role="http://hawkinsinc.com/role/EmployeePensionPlansDetails" xlink:title="0610 - Disclosure - Employee Pension Plans (Details)" />
  <calculationLink xlink:type="extended" xlink:role="http://hawkinsinc.com/role/LitigationCommitmentsAndContingenciesDetails" xlink:title="0611 - Disclosure - Litigation, Commitments and Contingencies (Details)" />
  <calculationLink xlink:type="extended" xlink:role="http://hawkinsinc.com/role/GoodwillAndIntangibleAssetsDetailsAlternative" xlink:title="06062 - Disclosure - Goodwill and Intangible Assets (Details Alternative)">
    <loc xlink:type="locator" xlink:href="http://xbrl.fasb.org/us-gaap/2012/elts/us-gaap-2012-01-31.xsd#us-gaap_IntangibleAssetsNetExcludingGoodwill" xlink:label="us-gaap_IntangibleAssetsNetExcludingGoodwill_2" />
    <loc xlink:type="locator" xlink:href="http://xbrl.fasb.org/us-gaap/2012/elts/us-gaap-2012-01-31.xsd#us-gaap_IndefiniteLivedIntangibleAssetsExcludingGoodwill" xlink:label="us-gaap_IndefiniteLivedIntangibleAssetsExcludingGoodwill_2" />
    <calculationArc xlink:type="arc" xlink:arcrole="http://www.xbrl.org/2003/arcrole/summation-item" xlink:from="us-gaap_IntangibleAssetsNetExcludingGoodwill_2" xlink:to="us-gaap_IndefiniteLivedIntangibleAssetsExcludingGoodwill_2" order="20" use="optional" weight="1" priority="1" />
    <loc xlink:type="locator" xlink:href="http://xbrl.fasb.org/us-gaap/2012/elts/us-gaap-2012-01-31.xsd#us-gaap_FiniteLivedIntangibleAssetsNet" xlink:label="loc_FiniteLivedIntangibleAssetsNet" />
    <calculationArc xlink:type="arc" xlink:arcrole="http://www.xbrl.org/2003/arcrole/summation-item" xlink:from="us-gaap_IntangibleAssetsNetExcludingGoodwill_2" xlink:to="loc_FiniteLivedIntangibleAssetsNet" order="40" use="optional" weight="1" priority="1" />
    <loc xlink:type="locator" xlink:href="hwkn-20121230.xsd#hwkn_IntangibleAssetsAccumulatedAmortization" xlink:label="hwkn_IntangibleAssetsAccumulatedAmortization_2" />
    <loc xlink:type="locator" xlink:href="hwkn-20121230.xsd#hwkn_IndefiniteIntangibleAssetsAccumulatedAmortization" xlink:label="hwkn_IndefiniteIntangibleAssetsAccumulatedAmortization_2" />
    <calculationArc xlink:type="arc" xlink:arcrole="http://www.xbrl.org/2003/arcrole/summation-item" xlink:from="hwkn_IntangibleAssetsAccumulatedAmortization_2" xlink:to="hwkn_IndefiniteIntangibleAssetsAccumulatedAmortization_2" order="20" use="optional" weight="1" priority="1" />
    <loc xlink:type="locator" xlink:href="http://xbrl.fasb.org/us-gaap/2012/elts/us-gaap-2012-01-31.xsd#us-gaap_FiniteLivedIntangibleAssetsAccumulatedAmortization" xlink:label="loc_FiniteLivedIntangibleAssetsAccumulatedAmortization" />
    <calculationArc xlink:type="arc" xlink:arcrole="http://www.xbrl.org/2003/arcrole/summation-item" xlink:from="hwkn_IntangibleAssetsAccumulatedAmortization_2" xlink:to="loc_FiniteLivedIntangibleAssetsAccumulatedAmortization" order="40" use="optional" weight="1" priority="1" />
    <loc xlink:type="locator" xlink:href="hwkn-20121230.xsd#hwkn_IntangibleAssetsGrossCarryingAmount" xlink:label="hwkn_IntangibleAssetsGrossCarryingAmount_2" />
    <loc xlink:type="locator" xlink:href="hwkn-20121230.xsd#hwkn_IndefiniteLivedIntangibleAssetsExcludingGoodwillGross" xlink:label="hwkn_IndefiniteLivedIntangibleAssetsExcludingGoodwillGross_3" />
    <calculationArc xlink:type="arc" xlink:arcrole="http://www.xbrl.org/2003/arcrole/summation-item" xlink:from="hwkn_IntangibleAssetsGrossCarryingAmount_2" xlink:to="hwkn_IndefiniteLivedIntangibleAssetsExcludingGoodwillGross_3" order="20" use="optional" weight="1" priority="1" />
    <loc xlink:type="locator" xlink:href="http://xbrl.fasb.org/us-gaap/2012/elts/us-gaap-2012-01-31.xsd#us-gaap_FiniteLivedIntangibleAssetsGross" xlink:label="loc_FiniteLivedIntangibleAssetsGross" />
    <calculationArc xlink:type="arc" xlink:arcrole="http://www.xbrl.org/2003/arcrole/summation-item" xlink:from="hwkn_IntangibleAssetsGrossCarryingAmount_2" xlink:to="loc_FiniteLivedIntangibleAssetsGross" order="40" use="optional" weight="1" priority="1" />
  </calculationLink>
</linkbase>
